replicate,program,dtype,n,regime,plan,rep,order_pos,k,ns_per_call,minflt_per_call,majflt_per_call,utime_ns_per_call,stime_ns_per_call,result_allocs_per_call,result_alloc_bytes_per_call,arena_allocs_per_call,arena_fallbacks,table_overflows,peak_live_bytes_interval,fresh,in_place,fused,copies,moves,correct
2,single,f32,64,glibc_t2,P5,0,0,1000,1340.30,0.0020,0.0000,1364.0,0.0,1.000,256.0,0.000,0,0,256000,1,0,0,0,1,1
2,single,f32,64,glibc_t2,FIXED_TWIN,0,1,1000,1336.96,0.0000,0.0000,1338.0,0.0,1.000,256.0,0.000,0,0,256000,1,0,0,0,1,1
2,single,f32,64,glibc_t2,FIXED_TWIN,1,0,1000,1424.07,0.0000,0.0000,1425.0,0.0,1.000,256.0,0.000,0,0,256000,1,0,0,0,1,1
2,single,f32,64,glibc_t2,P5,1,1,1000,1339.63,0.0000,0.0000,1341.0,0.0,1.000,256.0,0.000,0,0,256000,1,0,0,0,1,1
2,single,f32,64,glibc_t2,P5,2,0,1000,1319.83,0.0000,0.0000,1321.0,0.0,1.000,256.0,0.000,0,0,256000,1,0,0,0,1,1
2,single,f32,64,glibc_t2,FIXED_TWIN,2,1,1000,1332.60,0.0000,0.0000,1333.0,0.0,1.000,256.0,0.000,0,0,256000,1,0,0,0,1,1
2,single,f32,64,glibc_t2,FIXED_TWIN,3,0,1000,1309.32,0.0000,0.0000,1270.0,40.0,1.000,256.0,0.000,0,0,256000,1,0,0,0,1,1
2,single,f32,64,glibc_t2,P5,3,1,1000,1306.89,0.0000,0.0000,1307.0,0.0,1.000,256.0,0.000,0,0,256000,1,0,0,0,1,1
2,single,f32,64,glibc_t2,P5,4,0,1000,1295.61,0.0000,0.0000,1296.0,0.0,1.000,256.0,0.000,0,0,256000,1,0,0,0,1,1
2,single,f32,64,glibc_t2,FIXED_TWIN,4,1,1000,1292.06,0.0000,0.0000,1294.0,0.0,1.000,256.0,0.000,0,0,256000,1,0,0,0,1,1
2,single,f32,64,glibc_t2,FIXED_TWIN,5,0,1000,1292.43,0.0000,0.0000,1293.0,0.0,1.000,256.0,0.000,0,0,256000,1,0,0,0,1,1
2,single,f32,64,glibc_t2,P5,5,1,1000,1308.90,0.0000,0.0000,1310.0,0.0,1.000,256.0,0.000,0,0,256000,1,0,0,0,1,1
2,single,f32,64,glibc_t2,P5,6,0,1000,1312.46,0.0000,0.0000,1313.0,0.0,1.000,256.0,0.000,0,0,256000,1,0,0,0,1,1
2,single,f32,64,glibc_t2,FIXED_TWIN,6,1,1000,1296.86,0.0000,0.0000,1298.0,0.0,1.000,256.0,0.000,0,0,256000,1,0,0,0,1,1
2,single,f32,64,glibc_t2,FIXED_TWIN,7,0,1000,1308.98,0.0000,0.0000,1309.0,0.0,1.000,256.0,0.000,0,0,256000,1,0,0,0,1,1
2,single,f32,64,glibc_t2,P5,7,1,1000,1423.27,0.0000,0.0000,1424.0,0.0,1.000,256.0,0.000,0,0,256000,1,0,0,0,1,1
2,single,f32,64,glibc_t2,P5,8,0,1000,1314.01,0.0000,0.0000,1315.0,0.0,1.000,256.0,0.000,0,0,256000,1,0,0,0,1,1
2,single,f32,64,glibc_t2,FIXED_TWIN,8,1,1000,1289.63,0.0000,0.0000,1291.0,0.0,1.000,256.0,0.000,0,0,256000,1,0,0,0,1,1
2,single,f32,64,glibc_t2,FIXED_TWIN,9,0,1000,1352.47,0.0000,0.0000,1354.0,0.0,1.000,256.0,0.000,0,0,256000,1,0,0,0,1,1
2,single,f32,64,glibc_t2,P5,9,1,1000,1301.44,0.0000,0.0000,1303.0,0.0,1.000,256.0,0.000,0,0,256000,1,0,0,0,1,1
2,single,f32,64,glibc_t2,P5,10,0,1000,1321.03,0.0000,0.0000,1323.0,0.0,1.000,256.0,0.000,0,0,256000,1,0,0,0,1,1
2,single,f32,64,glibc_t2,FIXED_TWIN,10,1,1000,1306.86,0.0000,0.0000,1308.0,0.0,1.000,256.0,0.000,0,0,256000,1,0,0,0,1,1
2,single,f32,64,glibc_t2,FIXED_TWIN,11,0,1000,1325.61,0.0000,0.0000,1327.0,0.0,1.000,256.0,0.000,0,0,256000,1,0,0,0,1,1
2,single,f32,64,glibc_t2,P5,11,1,1000,1291.44,0.0000,0.0000,1292.0,0.0,1.000,256.0,0.000,0,0,256000,1,0,0,0,1,1
2,single,f32,64,glibc_t2,P5,12,0,1000,1537.21,0.0000,0.0000,1542.0,0.0,1.000,256.0,0.000,0,0,256000,1,0,0,0,1,1
2,single,f32,64,glibc_t2,FIXED_TWIN,12,1,1000,1596.93,0.0000,0.0000,1600.0,0.0,1.000,256.0,0.000,0,0,256000,1,0,0,0,1,1
2,single,f32,64,glibc_t2,FIXED_TWIN,13,0,1000,1369.96,0.0000,0.0000,1371.0,0.0,1.000,256.0,0.000,0,0,256000,1,0,0,0,1,1
2,single,f32,64,glibc_t2,P5,13,1,1000,1679.88,0.0000,0.0000,1685.0,0.0,1.000,256.0,0.000,0,0,256000,1,0,0,0,1,1
2,single,f32,64,glibc_t2,P5,14,0,1000,1355.98,0.0000,0.0000,1359.0,0.0,1.000,256.0,0.000,0,0,256000,1,0,0,0,1,1
2,single,f32,64,glibc_t2,FIXED_TWIN,14,1,1000,1354.81,0.0000,0.0000,1356.0,0.0,1.000,256.0,0.000,0,0,256000,1,0,0,0,1,1
2,single,f32,1024,glibc_t2,P5,0,0,1000,1506.53,0.0000,0.0000,1510.0,0.0,1.000,4096.0,0.000,0,0,4096000,1,0,0,0,1,1
2,single,f32,1024,glibc_t2,FIXED_TWIN,0,1,1000,1481.77,0.0000,0.0000,1485.0,0.0,1.000,4096.0,0.000,0,0,4096000,1,0,0,0,1,1
2,single,f32,1024,glibc_t2,FIXED_TWIN,1,0,1000,1439.07,0.0000,0.0000,1442.0,0.0,1.000,4096.0,0.000,0,0,4096000,1,0,0,0,1,1
2,single,f32,1024,glibc_t2,P5,1,1,1000,1550.42,0.0000,0.0000,1553.0,0.0,1.000,4096.0,0.000,0,0,4096000,1,0,0,0,1,1
2,single,f32,1024,glibc_t2,P5,2,0,1000,1453.46,0.0000,0.0000,1456.0,0.0,1.000,4096.0,0.000,0,0,4096000,1,0,0,0,1,1
2,single,f32,1024,glibc_t2,FIXED_TWIN,2,1,1000,1498.28,0.0000,0.0000,1503.0,0.0,1.000,4096.0,0.000,0,0,4096000,1,0,0,0,1,1
2,single,f32,1024,glibc_t2,FIXED_TWIN,3,0,1000,1461.30,0.0000,0.0000,1465.0,0.0,1.000,4096.0,0.000,0,0,4096000,1,0,0,0,1,1
2,single,f32,1024,glibc_t2,P5,3,1,1000,1480.73,0.0000,0.0000,1485.0,0.0,1.000,4096.0,0.000,0,0,4096000,1,0,0,0,1,1
2,single,f32,1024,glibc_t2,P5,4,0,1000,1506.04,0.0000,0.0000,1509.0,0.0,1.000,4096.0,0.000,0,0,4096000,1,0,0,0,1,1
2,single,f32,1024,glibc_t2,FIXED_TWIN,4,1,1000,1428.57,0.0000,0.0000,1430.0,0.0,1.000,4096.0,0.000,0,0,4096000,1,0,0,0,1,1
2,single,f32,1024,glibc_t2,FIXED_TWIN,5,0,1000,1475.74,0.0000,0.0000,1478.0,0.0,1.000,4096.0,0.000,0,0,4096000,1,0,0,0,1,1
2,single,f32,1024,glibc_t2,P5,5,1,1000,1512.96,0.0000,0.0000,1517.0,0.0,1.000,4096.0,0.000,0,0,4096000,1,0,0,0,1,1
2,single,f32,1024,glibc_t2,P5,6,0,1000,1523.07,0.0000,0.0000,1526.0,0.0,1.000,4096.0,0.000,0,0,4096000,1,0,0,0,1,1
2,single,f32,1024,glibc_t2,FIXED_TWIN,6,1,1000,1473.00,0.0000,0.0000,1476.0,0.0,1.000,4096.0,0.000,0,0,4096000,1,0,0,0,1,1
2,single,f32,1024,glibc_t2,FIXED_TWIN,7,0,1000,1472.00,0.0000,0.0000,1474.0,0.0,1.000,4096.0,0.000,0,0,4096000,1,0,0,0,1,1
2,single,f32,1024,glibc_t2,P5,7,1,1000,1486.11,0.0000,0.0000,1489.0,0.0,1.000,4096.0,0.000,0,0,4096000,1,0,0,0,1,1
2,single,f32,1024,glibc_t2,P5,8,0,1000,1435.37,0.0000,0.0000,1438.0,0.0,1.000,4096.0,0.000,0,0,4096000,1,0,0,0,1,1
2,single,f32,1024,glibc_t2,FIXED_TWIN,8,1,1000,1509.57,0.0000,0.0000,1512.0,0.0,1.000,4096.0,0.000,0,0,4096000,1,0,0,0,1,1
2,single,f32,1024,glibc_t2,FIXED_TWIN,9,0,1000,1437.86,0.0000,0.0000,1440.0,0.0,1.000,4096.0,0.000,0,0,4096000,1,0,0,0,1,1
2,single,f32,1024,glibc_t2,P5,9,1,1000,1464.73,0.0000,0.0000,1466.0,0.0,1.000,4096.0,0.000,0,0,4096000,1,0,0,0,1,1
2,single,f32,1024,glibc_t2,P5,10,0,1000,1557.76,0.0000,0.0000,1560.0,0.0,1.000,4096.0,0.000,0,0,4096000,1,0,0,0,1,1
2,single,f32,1024,glibc_t2,FIXED_TWIN,10,1,1000,1441.90,0.0000,0.0000,1444.0,0.0,1.000,4096.0,0.000,0,0,4096000,1,0,0,0,1,1
2,single,f32,1024,glibc_t2,FIXED_TWIN,11,0,1000,1501.47,0.0000,0.0000,1504.0,0.0,1.000,4096.0,0.000,0,0,4096000,1,0,0,0,1,1
2,single,f32,1024,glibc_t2,P5,11,1,1000,1469.82,0.0000,0.0000,1472.0,0.0,1.000,4096.0,0.000,0,0,4096000,1,0,0,0,1,1
2,single,f32,1024,glibc_t2,P5,12,0,1000,1546.16,0.0000,0.0000,1550.0,0.0,1.000,4096.0,0.000,0,0,4096000,1,0,0,0,1,1
2,single,f32,1024,glibc_t2,FIXED_TWIN,12,1,1000,1539.21,0.0000,0.0000,1542.0,0.0,1.000,4096.0,0.000,0,0,4096000,1,0,0,0,1,1
2,single,f32,1024,glibc_t2,FIXED_TWIN,13,0,1000,1486.19,0.0000,0.0000,1488.0,0.0,1.000,4096.0,0.000,0,0,4096000,1,0,0,0,1,1
2,single,f32,1024,glibc_t2,P5,13,1,1000,1456.10,0.0000,0.0000,1457.0,0.0,1.000,4096.0,0.000,0,0,4096000,1,0,0,0,1,1
2,single,f32,1024,glibc_t2,P5,14,0,1000,1719.48,0.0000,0.0000,1723.0,0.0,1.000,4096.0,0.000,0,0,4096000,1,0,0,0,1,1
2,single,f32,1024,glibc_t2,FIXED_TWIN,14,1,1000,1567.95,0.0000,0.0000,1570.0,0.0,1.000,4096.0,0.000,0,0,4096000,1,0,0,0,1,1
2,single,f32,4096,glibc_t2,P5,0,0,1,928.00,0.0000,0.0000,3000.0,0.0,1.000,16384.0,0.000,0,0,16384,1,0,0,0,1,1
2,single,f32,4096,glibc_t2,FIXED_TWIN,0,1,1,813.00,0.0000,0.0000,1000.0,0.0,1.000,16384.0,0.000,0,0,16384,1,0,0,0,1,1
2,single,f32,4096,glibc_t2,FIXED_TWIN,1,0,1,810.00,0.0000,0.0000,1000.0,0.0,1.000,16384.0,0.000,0,0,16384,1,0,0,0,1,1
2,single,f32,4096,glibc_t2,P5,1,1,1,805.00,0.0000,0.0000,1000.0,0.0,1.000,16384.0,0.000,0,0,16384,1,0,0,0,1,1
2,single,f32,4096,glibc_t2,P5,2,0,1,846.00,0.0000,0.0000,2000.0,0.0,1.000,16384.0,0.000,0,0,16384,1,0,0,0,1,1
2,single,f32,4096,glibc_t2,FIXED_TWIN,2,1,1,775.00,0.0000,0.0000,1000.0,0.0,1.000,16384.0,0.000,0,0,16384,1,0,0,0,1,1
2,single,f32,4096,glibc_t2,FIXED_TWIN,3,0,1,765.00,0.0000,0.0000,2000.0,0.0,1.000,16384.0,0.000,0,0,16384,1,0,0,0,1,1
2,single,f32,4096,glibc_t2,P5,3,1,1,953.00,0.0000,0.0000,1000.0,0.0,1.000,16384.0,0.000,0,0,16384,1,0,0,0,1,1
2,single,f32,4096,glibc_t2,P5,4,0,1,989.00,0.0000,0.0000,2000.0,0.0,1.000,16384.0,0.000,0,0,16384,1,0,0,0,1,1
2,single,f32,4096,glibc_t2,FIXED_TWIN,4,1,1,1024.00,0.0000,0.0000,1000.0,0.0,1.000,16384.0,0.000,0,0,16384,1,0,0,0,1,1
2,single,f32,4096,glibc_t2,FIXED_TWIN,5,0,1,1010.00,0.0000,0.0000,5000.0,0.0,1.000,16384.0,0.000,0,0,16384,1,0,0,0,1,1
2,single,f32,4096,glibc_t2,P5,5,1,1,797.00,0.0000,0.0000,1000.0,0.0,1.000,16384.0,0.000,0,0,16384,1,0,0,0,1,1
2,single,f32,4096,glibc_t2,P5,6,0,1,813.00,0.0000,0.0000,1000.0,0.0,1.000,16384.0,0.000,0,0,16384,1,0,0,0,1,1
2,single,f32,4096,glibc_t2,FIXED_TWIN,6,1,1,803.00,0.0000,0.0000,2000.0,0.0,1.000,16384.0,0.000,0,0,16384,1,0,0,0,1,1
2,single,f32,4096,glibc_t2,FIXED_TWIN,7,0,1,800.00,0.0000,0.0000,1000.0,0.0,1.000,16384.0,0.000,0,0,16384,1,0,0,0,1,1
2,single,f32,4096,glibc_t2,P5,7,1,1,817.00,0.0000,0.0000,1000.0,0.0,1.000,16384.0,0.000,0,0,16384,1,0,0,0,1,1
2,single,f32,4096,glibc_t2,P5,8,0,1,769.00,0.0000,0.0000,1000.0,0.0,1.000,16384.0,0.000,0,0,16384,1,0,0,0,1,1
2,single,f32,4096,glibc_t2,FIXED_TWIN,8,1,1,811.00,0.0000,0.0000,1000.0,0.0,1.000,16384.0,0.000,0,0,16384,1,0,0,0,1,1
2,single,f32,4096,glibc_t2,FIXED_TWIN,9,0,1,807.00,0.0000,0.0000,1000.0,0.0,1.000,16384.0,0.000,0,0,16384,1,0,0,0,1,1
2,single,f32,4096,glibc_t2,P5,9,1,1,800.00,0.0000,0.0000,1000.0,0.0,1.000,16384.0,0.000,0,0,16384,1,0,0,0,1,1
2,single,f32,4096,glibc_t2,P5,10,0,1,838.00,0.0000,0.0000,2000.0,0.0,1.000,16384.0,0.000,0,0,16384,1,0,0,0,1,1
2,single,f32,4096,glibc_t2,FIXED_TWIN,10,1,1,776.00,0.0000,0.0000,2000.0,0.0,1.000,16384.0,0.000,0,0,16384,1,0,0,0,1,1
2,single,f32,4096,glibc_t2,FIXED_TWIN,11,0,1,809.00,0.0000,0.0000,2000.0,0.0,1.000,16384.0,0.000,0,0,16384,1,0,0,0,1,1
2,single,f32,4096,glibc_t2,P5,11,1,1,801.00,0.0000,0.0000,2000.0,0.0,1.000,16384.0,0.000,0,0,16384,1,0,0,0,1,1
2,single,f32,4096,glibc_t2,P5,12,0,1,813.00,0.0000,0.0000,2000.0,0.0,1.000,16384.0,0.000,0,0,16384,1,0,0,0,1,1
2,single,f32,4096,glibc_t2,FIXED_TWIN,12,1,1,813.00,0.0000,0.0000,2000.0,0.0,1.000,16384.0,0.000,0,0,16384,1,0,0,0,1,1
2,single,f32,4096,glibc_t2,FIXED_TWIN,13,0,1,796.00,0.0000,0.0000,1000.0,0.0,1.000,16384.0,0.000,0,0,16384,1,0,0,0,1,1
2,single,f32,4096,glibc_t2,P5,13,1,1,782.00,0.0000,0.0000,1000.0,0.0,1.000,16384.0,0.000,0,0,16384,1,0,0,0,1,1
2,single,f32,4096,glibc_t2,P5,14,0,1,835.00,0.0000,0.0000,1000.0,0.0,1.000,16384.0,0.000,0,0,16384,1,0,0,0,1,1
2,single,f32,4096,glibc_t2,FIXED_TWIN,14,1,1,781.00,0.0000,0.0000,1000.0,0.0,1.000,16384.0,0.000,0,0,16384,1,0,0,0,1,1
2,single,f32,16384,glibc_t2,P5,0,0,1,2484.00,0.0000,0.0000,3000.0,0.0,1.000,65536.0,0.000,0,0,65536,1,0,0,0,1,1
2,single,f32,16384,glibc_t2,FIXED_TWIN,0,1,1,2481.00,0.0000,0.0000,3000.0,0.0,1.000,65536.0,0.000,0,0,65536,1,0,0,0,1,1
2,single,f32,16384,glibc_t2,FIXED_TWIN,1,0,1,2519.00,0.0000,0.0000,3000.0,0.0,1.000,65536.0,0.000,0,0,65536,1,0,0,0,1,1
2,single,f32,16384,glibc_t2,P5,1,1,1,2466.00,0.0000,0.0000,3000.0,0.0,1.000,65536.0,0.000,0,0,65536,1,0,0,0,1,1
2,single,f32,16384,glibc_t2,P5,2,0,1,2511.00,0.0000,0.0000,3000.0,0.0,1.000,65536.0,0.000,0,0,65536,1,0,0,0,1,1
2,single,f32,16384,glibc_t2,FIXED_TWIN,2,1,1,3002.00,0.0000,0.0000,3000.0,0.0,1.000,65536.0,0.000,0,0,65536,1,0,0,0,1,1
2,single,f32,16384,glibc_t2,FIXED_TWIN,3,0,1,2409.00,0.0000,0.0000,3000.0,0.0,1.000,65536.0,0.000,0,0,65536,1,0,0,0,1,1
2,single,f32,16384,glibc_t2,P5,3,1,1,2417.00,0.0000,0.0000,3000.0,0.0,1.000,65536.0,0.000,0,0,65536,1,0,0,0,1,1
2,single,f32,16384,glibc_t2,P5,4,0,1,2466.00,0.0000,0.0000,3000.0,0.0,1.000,65536.0,0.000,0,0,65536,1,0,0,0,1,1
2,single,f32,16384,glibc_t2,FIXED_TWIN,4,1,1,2446.00,0.0000,0.0000,3000.0,0.0,1.000,65536.0,0.000,0,0,65536,1,0,0,0,1,1
2,single,f32,16384,glibc_t2,FIXED_TWIN,5,0,1,2523.00,0.0000,0.0000,3000.0,0.0,1.000,65536.0,0.000,0,0,65536,1,0,0,0,1,1
2,single,f32,16384,glibc_t2,P5,5,1,1,2434.00,0.0000,0.0000,3000.0,0.0,1.000,65536.0,0.000,0,0,65536,1,0,0,0,1,1
2,single,f32,16384,glibc_t2,P5,6,0,1,2470.00,0.0000,0.0000,3000.0,0.0,1.000,65536.0,0.000,0,0,65536,1,0,0,0,1,1
2,single,f32,16384,glibc_t2,FIXED_TWIN,6,1,1,2558.00,0.0000,0.0000,4000.0,0.0,1.000,65536.0,0.000,0,0,65536,1,0,0,0,1,1
2,single,f32,16384,glibc_t2,FIXED_TWIN,7,0,1,2526.00,0.0000,0.0000,2000.0,0.0,1.000,65536.0,0.000,0,0,65536,1,0,0,0,1,1
2,single,f32,16384,glibc_t2,P5,7,1,1,2503.00,0.0000,0.0000,3000.0,0.0,1.000,65536.0,0.000,0,0,65536,1,0,0,0,1,1
2,single,f32,16384,glibc_t2,P5,8,0,1,2438.00,0.0000,0.0000,3000.0,0.0,1.000,65536.0,0.000,0,0,65536,1,0,0,0,1,1
2,single,f32,16384,glibc_t2,FIXED_TWIN,8,1,1,2432.00,0.0000,0.0000,3000.0,0.0,1.000,65536.0,0.000,0,0,65536,1,0,0,0,1,1
2,single,f32,16384,glibc_t2,FIXED_TWIN,9,0,1,2442.00,0.0000,0.0000,3000.0,0.0,1.000,65536.0,0.000,0,0,65536,1,0,0,0,1,1
2,single,f32,16384,glibc_t2,P5,9,1,1,2591.00,0.0000,0.0000,3000.0,0.0,1.000,65536.0,0.000,0,0,65536,1,0,0,0,1,1
2,single,f32,16384,glibc_t2,P5,10,0,1,2516.00,0.0000,0.0000,3000.0,0.0,1.000,65536.0,0.000,0,0,65536,1,0,0,0,1,1
2,single,f32,16384,glibc_t2,FIXED_TWIN,10,1,1,2472.00,0.0000,0.0000,3000.0,0.0,1.000,65536.0,0.000,0,0,65536,1,0,0,0,1,1
2,single,f32,16384,glibc_t2,FIXED_TWIN,11,0,1,2512.00,0.0000,0.0000,3000.0,0.0,1.000,65536.0,0.000,0,0,65536,1,0,0,0,1,1
2,single,f32,16384,glibc_t2,P5,11,1,1,2443.00,0.0000,0.0000,2000.0,0.0,1.000,65536.0,0.000,0,0,65536,1,0,0,0,1,1
2,single,f32,16384,glibc_t2,P5,12,0,1,2442.00,0.0000,0.0000,3000.0,0.0,1.000,65536.0,0.000,0,0,65536,1,0,0,0,1,1
2,single,f32,16384,glibc_t2,FIXED_TWIN,12,1,1,2456.00,0.0000,0.0000,3000.0,0.0,1.000,65536.0,0.000,0,0,65536,1,0,0,0,1,1
2,single,f32,16384,glibc_t2,FIXED_TWIN,13,0,1,7575.00,0.0000,0.0000,8000.0,0.0,1.000,65536.0,0.000,0,0,65536,1,0,0,0,1,1
2,single,f32,16384,glibc_t2,P5,13,1,1,2439.00,0.0000,0.0000,3000.0,0.0,1.000,65536.0,0.000,0,0,65536,1,0,0,0,1,1
2,single,f32,16384,glibc_t2,P5,14,0,1,2479.00,0.0000,0.0000,3000.0,0.0,1.000,65536.0,0.000,0,0,65536,1,0,0,0,1,1
2,single,f32,16384,glibc_t2,FIXED_TWIN,14,1,1,2451.00,0.0000,0.0000,2000.0,0.0,1.000,65536.0,0.000,0,0,65536,1,0,0,0,1,1
2,single,f32,65536,glibc_t2,P5,0,0,1,75799.00,65.0000,0.0000,78000.0,0.0,1.000,262144.0,0.000,0,0,262144,1,0,0,0,1,1
2,single,f32,65536,glibc_t2,FIXED_TWIN,0,1,1,70053.00,65.0000,0.0000,71000.0,0.0,1.000,262144.0,0.000,0,0,262144,1,0,0,0,1,1
2,single,f32,65536,glibc_t2,FIXED_TWIN,1,0,1,75960.00,65.0000,0.0000,77000.0,0.0,1.000,262144.0,0.000,0,0,262144,1,0,0,0,1,1
2,single,f32,65536,glibc_t2,P5,1,1,1,71521.00,65.0000,0.0000,72000.0,0.0,1.000,262144.0,0.000,0,0,262144,1,0,0,0,1,1
2,single,f32,65536,glibc_t2,P5,2,0,1,72429.00,65.0000,0.0000,73000.0,0.0,1.000,262144.0,0.000,0,0,262144,1,0,0,0,1,1
2,single,f32,65536,glibc_t2,FIXED_TWIN,2,1,1,74085.00,65.0000,0.0000,75000.0,0.0,1.000,262144.0,0.000,0,0,262144,1,0,0,0,1,1
2,single,f32,65536,glibc_t2,FIXED_TWIN,3,0,1,106523.00,65.0000,0.0000,0.0,107000.0,1.000,262144.0,0.000,0,0,262144,1,0,0,0,1,1
2,single,f32,65536,glibc_t2,P5,3,1,1,71212.00,65.0000,0.0000,0.0,72000.0,1.000,262144.0,0.000,0,0,262144,1,0,0,0,1,1
2,single,f32,65536,glibc_t2,P5,4,0,1,71048.00,65.0000,0.0000,0.0,72000.0,1.000,262144.0,0.000,0,0,262144,1,0,0,0,1,1
2,single,f32,65536,glibc_t2,FIXED_TWIN,4,1,1,87080.00,65.0000,0.0000,0.0,88000.0,1.000,262144.0,0.000,0,0,262144,1,0,0,0,1,1
2,single,f32,65536,glibc_t2,FIXED_TWIN,5,0,1,73296.00,65.0000,0.0000,0.0,74000.0,1.000,262144.0,0.000,0,0,262144,1,0,0,0,1,1
2,single,f32,65536,glibc_t2,P5,5,1,1,73837.00,65.0000,0.0000,0.0,74000.0,1.000,262144.0,0.000,0,0,262144,1,0,0,0,1,1
2,single,f32,65536,glibc_t2,P5,6,0,1,74228.00,65.0000,0.0000,0.0,75000.0,1.000,262144.0,0.000,0,0,262144,1,0,0,0,1,1
2,single,f32,65536,glibc_t2,FIXED_TWIN,6,1,1,73256.00,65.0000,0.0000,0.0,75000.0,1.000,262144.0,0.000,0,0,262144,1,0,0,0,1,1
2,single,f32,65536,glibc_t2,FIXED_TWIN,7,0,1,73184.00,65.0000,0.0000,0.0,74000.0,1.000,262144.0,0.000,0,0,262144,1,0,0,0,1,1
2,single,f32,65536,glibc_t2,P5,7,1,1,75163.00,65.0000,0.0000,0.0,76000.0,1.000,262144.0,0.000,0,0,262144,1,0,0,0,1,1
2,single,f32,65536,glibc_t2,P5,8,0,1,73483.00,65.0000,0.0000,0.0,74000.0,1.000,262144.0,0.000,0,0,262144,1,0,0,0,1,1
2,single,f32,65536,glibc_t2,FIXED_TWIN,8,1,1,76145.00,65.0000,0.0000,0.0,77000.0,1.000,262144.0,0.000,0,0,262144,1,0,0,0,1,1
2,single,f32,65536,glibc_t2,FIXED_TWIN,9,0,1,72678.00,65.0000,0.0000,0.0,74000.0,1.000,262144.0,0.000,0,0,262144,1,0,0,0,1,1
2,single,f32,65536,glibc_t2,P5,9,1,1,73960.00,65.0000,0.0000,0.0,74000.0,1.000,262144.0,0.000,0,0,262144,1,0,0,0,1,1
2,single,f32,65536,glibc_t2,P5,10,0,1,71522.00,65.0000,0.0000,0.0,72000.0,1.000,262144.0,0.000,0,0,262144,1,0,0,0,1,1
2,single,f32,65536,glibc_t2,FIXED_TWIN,10,1,1,72069.00,65.0000,0.0000,71000.0,1000.0,1.000,262144.0,0.000,0,0,262144,1,0,0,0,1,1
2,single,f32,65536,glibc_t2,FIXED_TWIN,11,0,1,73704.00,65.0000,0.0000,75000.0,0.0,1.000,262144.0,0.000,0,0,262144,1,0,0,0,1,1
2,single,f32,65536,glibc_t2,P5,11,1,1,71528.00,65.0000,0.0000,72000.0,0.0,1.000,262144.0,0.000,0,0,262144,1,0,0,0,1,1
2,single,f32,65536,glibc_t2,P5,12,0,1,70947.00,65.0000,0.0000,72000.0,0.0,1.000,262144.0,0.000,0,0,262144,1,0,0,0,1,1
2,single,f32,65536,glibc_t2,FIXED_TWIN,12,1,1,71715.00,65.0000,0.0000,73000.0,0.0,1.000,262144.0,0.000,0,0,262144,1,0,0,0,1,1
2,single,f32,65536,glibc_t2,FIXED_TWIN,13,0,1,73715.00,65.0000,0.0000,75000.0,0.0,1.000,262144.0,0.000,0,0,262144,1,0,0,0,1,1
2,single,f32,65536,glibc_t2,P5,13,1,1,74277.00,65.0000,0.0000,75000.0,0.0,1.000,262144.0,0.000,0,0,262144,1,0,0,0,1,1
2,single,f32,65536,glibc_t2,P5,14,0,1,86012.00,65.0000,0.0000,86000.0,0.0,1.000,262144.0,0.000,0,0,262144,1,0,0,0,1,1
2,single,f32,65536,glibc_t2,FIXED_TWIN,14,1,1,73959.00,65.0000,0.0000,75000.0,0.0,1.000,262144.0,0.000,0,0,262144,1,0,0,0,1,1
2,single,f32,262144,glibc_t2,P5,0,0,1,374549.00,257.0000,0.0000,364000.0,14000.0,1.000,1048576.0,0.000,0,0,1048576,1,0,0,0,1,1
2,single,f32,262144,glibc_t2,FIXED_TWIN,0,1,1,398297.00,257.0000,0.0000,0.0,402000.0,1.000,1048576.0,0.000,0,0,1048576,1,0,0,0,1,1
2,single,f32,262144,glibc_t2,FIXED_TWIN,1,0,1,396213.00,257.0000,0.0000,0.0,399000.0,1.000,1048576.0,0.000,0,0,1048576,1,0,0,0,1,1
2,single,f32,262144,glibc_t2,P5,1,1,1,337402.00,257.0000,0.0000,0.0,339000.0,1.000,1048576.0,0.000,0,0,1048576,1,0,0,0,1,1
2,single,f32,262144,glibc_t2,P5,2,0,1,342056.00,257.0000,0.0000,0.0,344000.0,1.000,1048576.0,0.000,0,0,1048576,1,0,0,0,1,1
2,single,f32,262144,glibc_t2,FIXED_TWIN,2,1,1,339168.00,257.0000,0.0000,0.0,342000.0,1.000,1048576.0,0.000,0,0,1048576,1,0,0,0,1,1
2,single,f32,262144,glibc_t2,FIXED_TWIN,3,0,1,332421.00,257.0000,0.0000,0.0,335000.0,1.000,1048576.0,0.000,0,0,1048576,1,0,0,0,1,1
2,single,f32,262144,glibc_t2,P5,3,1,1,367361.00,257.0000,0.0000,348000.0,21000.0,1.000,1048576.0,0.000,0,0,1048576,1,0,0,0,1,1
2,single,f32,262144,glibc_t2,P5,4,0,1,366189.00,257.0000,0.0000,368000.0,0.0,1.000,1048576.0,0.000,0,0,1048576,1,0,0,0,1,1
2,single,f32,262144,glibc_t2,FIXED_TWIN,4,1,1,334773.00,257.0000,0.0000,337000.0,0.0,1.000,1048576.0,0.000,0,0,1048576,1,0,0,0,1,1
2,single,f32,262144,glibc_t2,FIXED_TWIN,5,0,1,331646.00,257.0000,0.0000,333000.0,0.0,1.000,1048576.0,0.000,0,0,1048576,1,0,0,0,1,1
2,single,f32,262144,glibc_t2,P5,5,1,1,333765.00,257.0000,0.0000,336000.0,0.0,1.000,1048576.0,0.000,0,0,1048576,1,0,0,0,1,1
2,single,f32,262144,glibc_t2,P5,6,0,1,333335.00,257.0000,0.0000,335000.0,0.0,1.000,1048576.0,0.000,0,0,1048576,1,0,0,0,1,1
2,single,f32,262144,glibc_t2,FIXED_TWIN,6,1,1,352988.00,257.0000,0.0000,356000.0,0.0,1.000,1048576.0,0.000,0,0,1048576,1,0,0,0,1,1
2,single,f32,262144,glibc_t2,FIXED_TWIN,7,0,1,362298.00,257.0000,0.0000,0.0,400000.0,1.000,1048576.0,0.000,0,0,1048576,1,0,0,0,1,1
2,single,f32,262144,glibc_t2,P5,7,1,1,338596.00,257.0000,0.0000,0.0,341000.0,1.000,1048576.0,0.000,0,0,1048576,1,0,0,0,1,1
2,single,f32,262144,glibc_t2,P5,8,0,1,362861.00,257.0000,0.0000,0.0,365000.0,1.000,1048576.0,0.000,0,0,1048576,1,0,0,0,1,1
2,single,f32,262144,glibc_t2,FIXED_TWIN,8,1,1,335393.00,257.0000,0.0000,0.0,337000.0,1.000,1048576.0,0.000,0,0,1048576,1,0,0,0,1,1
2,single,f32,262144,glibc_t2,FIXED_TWIN,9,0,1,333716.00,257.0000,0.0000,0.0,336000.0,1.000,1048576.0,0.000,0,0,1048576,1,0,0,0,1,1
2,single,f32,262144,glibc_t2,P5,9,1,1,378086.00,257.0000,0.0000,0.0,380000.0,1.000,1048576.0,0.000,0,0,1048576,1,0,0,0,1,1
2,single,f32,262144,glibc_t2,P5,10,0,1,360925.00,257.0000,0.0000,0.0,363000.0,1.000,1048576.0,0.000,0,0,1048576,1,0,0,0,1,1
2,single,f32,262144,glibc_t2,FIXED_TWIN,10,1,1,372951.00,257.0000,0.0000,0.0,374000.0,1.000,1048576.0,0.000,0,0,1048576,1,0,0,0,1,1
2,single,f32,262144,glibc_t2,FIXED_TWIN,11,0,1,340814.00,257.0000,0.0000,0.0,343000.0,1.000,1048576.0,0.000,0,0,1048576,1,0,0,0,1,1
2,single,f32,262144,glibc_t2,P5,11,1,1,339033.00,257.0000,0.0000,0.0,341000.0,1.000,1048576.0,0.000,0,0,1048576,1,0,0,0,1,1
2,single,f32,262144,glibc_t2,P5,12,0,1,360269.00,257.0000,0.0000,0.0,362000.0,1.000,1048576.0,0.000,0,0,1048576,1,0,0,0,1,1
2,single,f32,262144,glibc_t2,FIXED_TWIN,12,1,1,430825.00,257.0000,0.0000,433000.0,0.0,1.000,1048576.0,0.000,0,0,1048576,1,0,0,0,1,1
2,single,f32,262144,glibc_t2,FIXED_TWIN,13,0,1,340128.00,257.0000,0.0000,343000.0,0.0,1.000,1048576.0,0.000,0,0,1048576,1,0,0,0,1,1
2,single,f32,262144,glibc_t2,P5,13,1,1,333528.00,257.0000,0.0000,306000.0,29000.0,1.000,1048576.0,0.000,0,0,1048576,1,0,0,0,1,1
2,single,f32,262144,glibc_t2,P5,14,0,1,339404.00,257.0000,0.0000,0.0,341000.0,1.000,1048576.0,0.000,0,0,1048576,1,0,0,0,1,1
2,single,f32,262144,glibc_t2,FIXED_TWIN,14,1,1,336384.00,257.0000,0.0000,0.0,338000.0,1.000,1048576.0,0.000,0,0,1048576,1,0,0,0,1,1
2,single,f32,1048576,glibc_t2,P5,0,0,1,1495996.00,1025.0000,0.0000,0.0,1501000.0,1.000,4194304.0,0.000,0,0,4194304,1,0,0,0,1,1
2,single,f32,1048576,glibc_t2,FIXED_TWIN,0,1,1,1478972.00,1025.0000,0.0000,1482000.0,0.0,1.000,4194304.0,0.000,0,0,4194304,1,0,0,0,1,1
2,single,f32,1048576,glibc_t2,FIXED_TWIN,1,0,1,1441525.00,1025.0000,0.0000,1046000.0,397000.0,1.000,4194304.0,0.000,0,0,4194304,1,0,0,0,1,1
2,single,f32,1048576,glibc_t2,P5,1,1,1,1448152.00,1025.0000,0.0000,692000.0,759000.0,1.000,4194304.0,0.000,0,0,4194304,1,0,0,0,1,1
2,single,f32,1048576,glibc_t2,P5,2,0,1,1474060.00,1025.0000,0.0000,1359000.0,123000.0,1.000,4194304.0,0.000,0,0,4194304,1,0,0,0,1,1
2,single,f32,1048576,glibc_t2,FIXED_TWIN,2,1,1,1474955.00,1025.0000,0.0000,1477000.0,0.0,1.000,4194304.0,0.000,0,0,4194304,1,0,0,0,1,1
2,single,f32,1048576,glibc_t2,FIXED_TWIN,3,0,1,1531514.00,1025.0000,0.0000,0.0,1535000.0,1.000,4194304.0,0.000,0,0,4194304,1,0,0,0,1,1
2,single,f32,1048576,glibc_t2,P5,3,1,1,1421379.00,1025.0000,0.0000,0.0,1424000.0,1.000,4194304.0,0.000,0,0,4194304,1,0,0,0,1,1
2,single,f32,1048576,glibc_t2,P5,4,0,1,1509441.00,1025.0000,0.0000,0.0,1512000.0,1.000,4194304.0,0.000,0,0,4194304,1,0,0,0,1,1
2,single,f32,1048576,glibc_t2,FIXED_TWIN,4,1,1,1412411.00,1025.0000,0.0000,1167000.0,248000.0,1.000,4194304.0,0.000,0,0,4194304,1,0,0,0,1,1
2,single,f32,1048576,glibc_t2,FIXED_TWIN,5,0,1,1501136.00,1025.0000,0.0000,0.0,1505000.0,1.000,4194304.0,0.000,0,0,4194304,1,0,0,0,1,1
2,single,f32,1048576,glibc_t2,P5,5,1,1,1708031.00,1025.0000,0.0000,1712000.0,0.0,1.000,4194304.0,0.000,0,0,4194304,1,0,0,0,1,1
2,single,f32,1048576,glibc_t2,P5,6,0,1,1443952.00,1025.0000,0.0000,1101000.0,345000.0,1.000,4194304.0,0.000,0,0,4194304,1,0,0,0,1,1
2,single,f32,1048576,glibc_t2,FIXED_TWIN,6,1,1,1480375.00,1025.0000,0.0000,1342000.0,142000.0,1.000,4194304.0,0.000,0,0,4194304,1,0,0,0,1,1
2,single,f32,1048576,glibc_t2,FIXED_TWIN,7,0,1,1486770.00,1025.0000,0.0000,0.0,1489000.0,1.000,4194304.0,0.000,0,0,4194304,1,0,0,0,1,1
2,single,f32,1048576,glibc_t2,P5,7,1,1,1502556.00,1025.0000,0.0000,0.0,1506000.0,1.000,4194304.0,0.000,0,0,4194304,1,0,0,0,1,1
2,single,f32,1048576,glibc_t2,P5,8,0,1,1416451.00,1025.0000,0.0000,0.0,1419000.0,1.000,4194304.0,0.000,0,0,4194304,1,0,0,0,1,1
2,single,f32,1048576,glibc_t2,FIXED_TWIN,8,1,1,1396417.00,1025.0000,0.0000,0.0,1399000.0,1.000,4194304.0,0.000,0,0,4194304,1,0,0,0,1,1
2,single,f32,1048576,glibc_t2,FIXED_TWIN,9,0,1,1452790.00,1025.0000,0.0000,1152000.0,303000.0,1.000,4194304.0,0.000,0,0,4194304,1,0,0,0,1,1
2,single,f32,1048576,glibc_t2,P5,9,1,1,1488941.00,1025.0000,0.0000,1341000.0,151000.0,1.000,4194304.0,0.000,0,0,4194304,1,0,0,0,1,1
2,single,f32,1048576,glibc_t2,P5,10,0,1,1462334.00,1025.0000,0.0000,0.0,1465000.0,1.000,4194304.0,0.000,0,0,4194304,1,0,0,0,1,1
2,single,f32,1048576,glibc_t2,FIXED_TWIN,10,1,1,1452163.00,1025.0000,0.0000,0.0,1456000.0,1.000,4194304.0,0.000,0,0,4194304,1,0,0,0,1,1
2,single,f32,1048576,glibc_t2,FIXED_TWIN,11,0,1,1429815.00,1025.0000,0.0000,1123000.0,308000.0,1.000,4194304.0,0.000,0,0,4194304,1,0,0,0,1,1
2,single,f32,1048576,glibc_t2,P5,11,1,1,1399958.00,1025.0000,0.0000,1261000.0,141000.0,1.000,4194304.0,0.000,0,0,4194304,1,0,0,0,1,1
2,single,f32,1048576,glibc_t2,P5,12,0,1,1449372.00,1025.0000,0.0000,1286000.0,167000.0,1.000,4194304.0,0.000,0,0,4194304,1,0,0,0,1,1
2,single,f32,1048576,glibc_t2,FIXED_TWIN,12,1,1,1484469.00,1025.0000,0.0000,0.0,1487000.0,1.000,4194304.0,0.000,0,0,4194304,1,0,0,0,1,1
2,single,f32,1048576,glibc_t2,FIXED_TWIN,13,0,1,1413097.00,1025.0000,0.0000,1416000.0,0.0,1.000,4194304.0,0.000,0,0,4194304,1,0,0,0,1,1
2,single,f32,1048576,glibc_t2,P5,13,1,1,1408783.00,1025.0000,0.0000,0.0,1411000.0,1.000,4194304.0,0.000,0,0,4194304,1,0,0,0,1,1
2,single,f32,1048576,glibc_t2,P5,14,0,1,1416901.00,1025.0000,0.0000,0.0,1419000.0,1.000,4194304.0,0.000,0,0,4194304,1,0,0,0,1,1
2,single,f32,1048576,glibc_t2,FIXED_TWIN,14,1,1,1410084.00,1025.0000,0.0000,0.0,1412000.0,1.000,4194304.0,0.000,0,0,4194304,1,0,0,0,1,1
2,single,f32,4194304,glibc_t2,P5,0,0,1,8343735.00,4097.0000,0.0000,249000.0,8100000.0,1.000,16777216.0,0.000,0,0,16777216,1,0,0,0,1,1
2,single,f32,4194304,glibc_t2,FIXED_TWIN,0,1,1,10178097.00,4097.0000,0.0000,2769000.0,7416000.0,1.000,16777216.0,0.000,0,0,16777216,1,0,0,0,1,1
2,single,f32,4194304,glibc_t2,FIXED_TWIN,1,0,1,10715094.00,4097.0000,0.0000,3147000.0,7575000.0,1.000,16777216.0,0.000,0,0,16777216,1,0,0,0,1,1
2,single,f32,4194304,glibc_t2,P5,1,1,1,10989817.00,4097.0000,0.0000,7335000.0,3663000.0,1.000,16777216.0,0.000,0,0,16777216,1,0,0,0,1,1
2,single,f32,4194304,glibc_t2,P5,2,0,1,8810905.00,4097.0000,0.0000,4544000.0,4273000.0,1.000,16777216.0,0.000,0,0,16777216,1,0,0,0,1,1
2,single,f32,4194304,glibc_t2,FIXED_TWIN,2,1,1,8309719.00,4097.0000,0.0000,205000.0,8110000.0,1.000,16777216.0,0.000,0,0,16777216,1,0,0,0,1,1
2,single,f32,4194304,glibc_t2,FIXED_TWIN,3,0,1,8374171.00,4097.0000,0.0000,1634000.0,6745000.0,1.000,16777216.0,0.000,0,0,16777216,1,0,0,0,1,1
2,single,f32,4194304,glibc_t2,P5,3,1,1,8211226.00,4097.0000,0.0000,8133000.0,83000.0,1.000,16777216.0,0.000,0,0,16777216,1,0,0,0,1,1
2,single,f32,4194304,glibc_t2,P5,4,0,1,7827903.00,4097.0000,0.0000,3894000.0,3938000.0,1.000,16777216.0,0.000,0,0,16777216,1,0,0,0,1,1
2,single,f32,4194304,glibc_t2,FIXED_TWIN,4,1,1,7615562.00,4097.0000,0.0000,3752000.0,3867000.0,1.000,16777216.0,0.000,0,0,16777216,1,0,0,0,1,1
2,single,f32,4194304,glibc_t2,FIXED_TWIN,5,0,1,7493197.00,4097.0000,0.0000,3676000.0,3822000.0,1.000,16777216.0,0.000,0,0,16777216,1,0,0,0,1,1
2,single,f32,4194304,glibc_t2,P5,5,1,1,7479958.00,4097.0000,0.0000,0.0,7483000.0,1.000,16777216.0,0.000,0,0,16777216,1,0,0,0,1,1
2,single,f32,4194304,glibc_t2,P5,6,0,1,7410107.00,4097.0000,0.0000,3631000.0,3783000.0,1.000,16777216.0,0.000,0,0,16777216,1,0,0,0,1,1
2,single,f32,4194304,glibc_t2,FIXED_TWIN,6,1,1,7641744.00,4097.0000,0.0000,0.0,7645000.0,1.000,16777216.0,0.000,0,0,16777216,1,0,0,0,1,1
2,single,f32,4194304,glibc_t2,FIXED_TWIN,7,0,1,7661958.00,4097.0000,0.0000,3792000.0,3876000.0,1.000,16777216.0,0.000,0,0,16777216,1,0,0,0,1,1
2,single,f32,4194304,glibc_t2,P5,7,1,1,7810508.00,4097.0000,0.0000,0.0,7814000.0,1.000,16777216.0,0.000,0,0,16777216,1,0,0,0,1,1
2,single,f32,4194304,glibc_t2,P5,8,0,1,8178028.00,4097.0000,0.0000,4115000.0,4070000.0,1.000,16777216.0,0.000,0,0,16777216,1,0,0,0,1,1
2,single,f32,4194304,glibc_t2,FIXED_TWIN,8,1,1,8277474.00,4097.0000,0.0000,4176000.0,4106000.0,1.000,16777216.0,0.000,0,0,16777216,1,0,0,0,1,1
2,single,f32,4194304,glibc_t2,FIXED_TWIN,9,0,1,8191400.00,4097.0000,0.0000,4123000.0,4074000.0,1.000,16777216.0,0.000,0,0,16777216,1,0,0,0,1,1
2,single,f32,4194304,glibc_t2,P5,9,1,1,7693078.00,4097.0000,0.0000,7698000.0,0.0,1.000,16777216.0,0.000,0,0,16777216,1,0,0,0,1,1
2,single,f32,4194304,glibc_t2,P5,10,0,1,7471463.00,4097.0000,0.0000,3669000.0,3806000.0,1.000,16777216.0,0.000,0,0,16777216,1,0,0,0,1,1
2,single,f32,4194304,glibc_t2,FIXED_TWIN,10,1,1,8305442.00,4097.0000,0.0000,4196000.0,4114000.0,1.000,16777216.0,0.000,0,0,16777216,1,0,0,0,1,1
2,single,f32,4194304,glibc_t2,FIXED_TWIN,11,0,1,8464656.00,4097.0000,0.0000,8296000.0,174000.0,1.000,16777216.0,0.000,0,0,16777216,1,0,0,0,1,1
2,single,f32,4194304,glibc_t2,P5,11,1,1,8173381.00,4097.0000,0.0000,111000.0,8068000.0,1.000,16777216.0,0.000,0,0,16777216,1,0,0,0,1,1
2,single,f32,4194304,glibc_t2,P5,12,0,1,8401730.00,4097.0000,0.0000,1738000.0,6668000.0,1.000,16777216.0,0.000,0,0,16777216,1,0,0,0,1,1
2,single,f32,4194304,glibc_t2,FIXED_TWIN,12,1,1,8838080.00,4097.0000,0.0000,8528000.0,316000.0,1.000,16777216.0,0.000,0,0,16777216,1,0,0,0,1,1
2,single,f32,4194304,glibc_t2,FIXED_TWIN,13,0,1,8371500.00,4097.0000,0.0000,8238000.0,139000.0,1.000,16777216.0,0.000,0,0,16777216,1,0,0,0,1,1
2,single,f32,4194304,glibc_t2,P5,13,1,1,8346625.00,4097.0000,0.0000,4219000.0,4131000.0,1.000,16777216.0,0.000,0,0,16777216,1,0,0,0,1,1
2,single,f32,4194304,glibc_t2,P5,14,0,1,7825383.00,4097.0000,0.0000,7829000.0,0.0,1.000,16777216.0,0.000,0,0,16777216,1,0,0,0,1,1
2,single,f32,4194304,glibc_t2,FIXED_TWIN,14,1,1,8442869.00,4097.0000,0.0000,4281000.0,4165000.0,1.000,16777216.0,0.000,0,0,16777216,1,0,0,0,1,1
2,single,f32,16777216,glibc_t2,P5,0,0,1,38660231.00,16385.0000,0.0000,7248000.0,31420000.0,1.000,67108864.0,0.000,0,0,67108864,1,0,0,0,1,1
2,single,f32,16777216,glibc_t2,FIXED_TWIN,0,1,1,37602005.00,16385.0000,0.0000,14652000.0,22956000.0,1.000,67108864.0,0.000,0,0,67108864,1,0,0,0,1,1
2,single,f32,16777216,glibc_t2,FIXED_TWIN,1,0,1,37969917.00,16385.0000,0.0000,14866000.0,23110000.0,1.000,67108864.0,0.000,0,0,67108864,1,0,0,0,1,1
2,single,f32,16777216,glibc_t2,P5,1,1,1,37387839.00,16385.0000,0.0000,8781000.0,28614000.0,1.000,67108864.0,0.000,0,0,67108864,1,0,0,0,1,1
2,single,f32,16777216,glibc_t2,P5,2,0,1,37292444.00,16385.0000,0.0000,12727000.0,24572000.0,1.000,67108864.0,0.000,0,0,67108864,1,0,0,0,1,1
2,single,f32,16777216,glibc_t2,FIXED_TWIN,2,1,1,37945860.00,16385.0000,0.0000,17087000.0,20864000.0,1.000,67108864.0,0.000,0,0,67108864,1,0,0,0,1,1
2,single,f32,16777216,glibc_t2,FIXED_TWIN,3,0,1,38731621.00,16385.0000,0.0000,7311000.0,31427000.0,1.000,67108864.0,0.000,0,0,67108864,1,0,0,0,1,1
2,single,f32,16777216,glibc_t2,P5,3,1,1,37385518.00,16385.0000,0.0000,8769000.0,28623000.0,1.000,67108864.0,0.000,0,0,67108864,1,0,0,0,1,1
2,single,f32,16777216,glibc_t2,P5,4,0,1,38084593.00,16385.0000,0.0000,21142000.0,16949000.0,1.000,67108864.0,0.000,0,0,67108864,1,0,0,0,1,1
2,single,f32,16777216,glibc_t2,FIXED_TWIN,4,1,1,36442113.00,16385.0000,0.0000,12248000.0,24200000.0,1.000,67108864.0,0.000,0,0,67108864,1,0,0,0,1,1
2,single,f32,16777216,glibc_t2,FIXED_TWIN,5,0,1,37408649.00,16385.0000,0.0000,6626000.0,30812000.0,1.000,67108864.0,0.000,0,0,67108864,1,0,0,0,1,1
2,single,f32,16777216,glibc_t2,P5,5,1,1,37199445.00,16385.0000,0.0000,12647000.0,24559000.0,1.000,67108864.0,0.000,0,0,67108864,1,0,0,0,1,1
2,single,f32,16777216,glibc_t2,P5,6,0,1,39148381.00,16385.0000,0.0000,7561000.0,31594000.0,1.000,67108864.0,0.000,0,0,67108864,1,0,0,0,1,1
2,single,f32,16777216,glibc_t2,FIXED_TWIN,6,1,1,38303323.00,16385.0000,0.0000,11105000.0,27205000.0,1.000,67108864.0,0.000,0,0,67108864,1,0,0,0,1,1
2,single,f32,16777216,glibc_t2,FIXED_TWIN,7,0,1,37576753.00,16385.0000,0.0000,16837000.0,20745000.0,1.000,67108864.0,0.000,0,0,67108864,1,0,0,0,1,1
2,single,f32,16777216,glibc_t2,P5,7,1,1,39590720.00,16385.0000,0.0000,11789000.0,27808000.0,1.000,67108864.0,0.000,0,0,67108864,1,0,0,0,1,1
2,single,f32,16777216,glibc_t2,P5,8,0,1,38777670.00,16385.0000,0.0000,9472000.0,29312000.0,1.000,67108864.0,0.000,0,0,67108864,1,0,0,0,1,1
2,single,f32,16777216,glibc_t2,FIXED_TWIN,8,1,1,38116883.00,16385.0000,0.0000,15016000.0,23108000.0,1.000,67108864.0,0.000,0,0,67108864,1,0,0,0,1,1
2,single,f32,16777216,glibc_t2,FIXED_TWIN,9,0,1,37669751.00,16385.0000,0.0000,2793000.0,34883000.0,1.000,67108864.0,0.000,0,0,67108864,1,0,0,0,1,1
2,single,f32,16777216,glibc_t2,P5,9,1,1,37615176.00,16385.0000,0.0000,8846000.0,28775000.0,1.000,67108864.0,0.000,0,0,67108864,1,0,0,0,1,1
2,single,f32,16777216,glibc_t2,P5,10,0,1,38191195.00,16385.0000,0.0000,1146000.0,37050000.0,1.000,67108864.0,0.000,0,0,67108864,1,0,0,0,1,1
2,single,f32,16777216,glibc_t2,FIXED_TWIN,10,1,1,40096366.00,16385.0000,0.0000,16056000.0,24046000.0,1.000,67108864.0,0.000,0,0,67108864,1,0,0,0,1,1
2,single,f32,16777216,glibc_t2,FIXED_TWIN,11,0,1,39562068.00,16385.0000,0.0000,15777000.0,23780000.0,1.000,67108864.0,0.000,0,0,67108864,1,0,0,0,1,1
2,single,f32,16777216,glibc_t2,P5,11,1,1,38694473.00,16385.0000,0.0000,3330000.0,35369000.0,1.000,67108864.0,0.000,0,0,67108864,1,0,0,0,1,1
2,single,f32,16777216,glibc_t2,P5,12,0,1,51593148.00,16385.0000,0.0000,23795000.0,27805000.0,1.000,67108864.0,0.000,0,0,67108864,1,0,0,0,1,1
2,single,f32,16777216,glibc_t2,FIXED_TWIN,12,1,1,48003704.00,16385.0000,0.0000,23980000.0,23968000.0,1.000,67108864.0,0.000,0,0,67108864,1,0,0,0,1,1
2,single,f32,16777216,glibc_t2,FIXED_TWIN,13,0,1,41058772.00,16385.0000,0.0000,16541000.0,24496000.0,1.000,67108864.0,0.000,0,0,67108864,1,0,0,0,1,1
2,single,f32,16777216,glibc_t2,P5,13,1,1,40393448.00,16385.0000,0.0000,16209000.0,24192000.0,1.000,67108864.0,0.000,0,0,67108864,1,0,0,0,1,1
2,single,f32,16777216,glibc_t2,P5,14,0,1,39342580.00,16385.0000,0.0000,9733000.0,29616000.0,1.000,67108864.0,0.000,0,0,67108864,1,0,0,0,1,1
2,single,f32,16777216,glibc_t2,FIXED_TWIN,14,1,1,44428531.00,16385.0000,0.0000,16226000.0,28210000.0,1.000,67108864.0,0.000,0,0,67108864,1,0,0,0,1,1
2,final_left,f32,64,glibc_t2,P5,0,0,1000,1396.25,0.0000,0.0000,729.0,672.0,2.000,512.0,0.000,0,0,256256,2,0,0,0,1,1
2,final_left,f32,64,glibc_t2,P6,0,1,1000,1369.34,0.0000,0.0000,1340.0,30.0,1.000,256.0,0.000,0,0,256000,1,1,0,0,1,1
2,final_left,f32,64,glibc_t2,P7,0,2,1000,1369.32,0.0000,0.0000,1337.0,35.0,1.000,256.0,0.000,0,0,256000,1,0,1,0,1,1
2,final_left,f32,64,glibc_t2,FIXED_TWIN,0,3,1000,1474.67,0.0000,0.0000,1371.0,106.0,1.000,256.0,0.000,0,0,256000,1,0,1,0,1,1
2,final_left,f32,64,glibc_t2,P6,1,0,1000,1436.36,0.0000,0.0000,1269.0,170.0,1.000,256.0,0.000,0,0,256000,1,1,0,0,1,1
2,final_left,f32,64,glibc_t2,P7,1,1,1000,1466.18,0.0000,0.0000,1204.0,266.0,1.000,256.0,0.000,0,0,256000,1,0,1,0,1,1
2,final_left,f32,64,glibc_t2,FIXED_TWIN,1,2,1000,1687.32,0.0000,0.0000,1689.0,0.0,1.000,256.0,0.000,0,0,256000,1,0,1,0,1,1
2,final_left,f32,64,glibc_t2,P5,1,3,1000,1848.78,0.0000,0.0000,1854.0,0.0,2.000,512.0,0.000,0,0,256256,2,0,0,0,1,1
2,final_left,f32,64,glibc_t2,P7,2,0,1000,1812.59,0.0000,0.0000,1816.0,0.0,1.000,256.0,0.000,0,0,256000,1,0,1,0,1,1
2,final_left,f32,64,glibc_t2,FIXED_TWIN,2,1,1000,1832.68,0.0000,0.0000,1837.0,0.0,1.000,256.0,0.000,0,0,256000,1,0,1,0,1,1
2,final_left,f32,64,glibc_t2,P5,2,2,1000,1986.39,0.0000,0.0000,1989.0,0.0,2.000,512.0,0.000,0,0,256256,2,0,0,0,1,1
2,final_left,f32,64,glibc_t2,P6,2,3,1000,1803.53,0.0000,0.0000,1808.0,0.0,1.000,256.0,0.000,0,0,256000,1,1,0,0,1,1
2,final_left,f32,64,glibc_t2,FIXED_TWIN,3,0,1000,1992.85,0.0000,0.0000,1999.0,0.0,1.000,256.0,0.000,0,0,256000,1,0,1,0,1,1
2,final_left,f32,64,glibc_t2,P5,3,1,1000,1854.39,0.0000,0.0000,1858.0,0.0,2.000,512.0,0.000,0,0,256256,2,0,0,0,1,1
2,final_left,f32,64,glibc_t2,P6,3,2,1000,2007.66,0.0000,0.0000,2015.0,0.0,1.000,256.0,0.000,0,0,256000,1,1,0,0,1,1
2,final_left,f32,64,glibc_t2,P7,3,3,1000,1939.51,0.0000,0.0000,1944.0,0.0,1.000,256.0,0.000,0,0,256000,1,0,1,0,1,1
2,final_left,f32,64,glibc_t2,P5,4,0,1000,2088.13,0.0000,0.0000,2093.0,0.0,2.000,512.0,0.000,0,0,256256,2,0,0,0,1,1
2,final_left,f32,64,glibc_t2,P6,4,1,1000,1982.95,0.0000,0.0000,1986.0,0.0,1.000,256.0,0.000,0,0,256000,1,1,0,0,1,1
2,final_left,f32,64,glibc_t2,P7,4,2,1000,1952.05,0.0000,0.0000,1956.0,0.0,1.000,256.0,0.000,0,0,256000,1,0,1,0,1,1
2,final_left,f32,64,glibc_t2,FIXED_TWIN,4,3,1000,1953.81,0.0000,0.0000,1948.0,10.0,1.000,256.0,0.000,0,0,256000,1,0,1,0,1,1
2,final_left,f32,64,glibc_t2,P6,5,0,1000,2030.80,0.0000,0.0000,2035.0,0.0,1.000,256.0,0.000,0,0,256000,1,1,0,0,1,1
2,final_left,f32,64,glibc_t2,P7,5,1,1000,1998.40,0.0000,0.0000,2002.0,0.0,1.000,256.0,0.000,0,0,256000,1,0,1,0,1,1
2,final_left,f32,64,glibc_t2,FIXED_TWIN,5,2,1000,2082.90,0.0000,0.0000,2087.0,0.0,1.000,256.0,0.000,0,0,256000,1,0,1,0,1,1
2,final_left,f32,64,glibc_t2,P5,5,3,1000,1406.68,0.0000,0.0000,1409.0,0.0,2.000,512.0,0.000,0,0,256256,2,0,0,0,1,1
2,final_left,f32,64,glibc_t2,P7,6,0,1000,1365.01,0.0000,0.0000,1366.0,0.0,1.000,256.0,0.000,0,0,256000,1,0,1,0,1,1
2,final_left,f32,64,glibc_t2,FIXED_TWIN,6,1,1000,1457.90,0.0000,0.0000,1461.0,0.0,1.000,256.0,0.000,0,0,256000,1,0,1,0,1,1
2,final_left,f32,64,glibc_t2,P5,6,2,1000,1435.42,0.0000,0.0000,1437.0,0.0,2.000,512.0,0.000,0,0,256256,2,0,0,0,1,1
2,final_left,f32,64,glibc_t2,P6,6,3,1000,1540.16,0.0000,0.0000,1544.0,0.0,1.000,256.0,0.000,0,0,256000,1,1,0,0,1,1
2,final_left,f32,64,glibc_t2,FIXED_TWIN,7,0,1000,1412.77,0.0000,0.0000,1416.0,0.0,1.000,256.0,0.000,0,0,256000,1,0,1,0,1,1
2,final_left,f32,64,glibc_t2,P5,7,1,1000,1416.94,0.0000,0.0000,1418.0,0.0,2.000,512.0,0.000,0,0,256256,2,0,0,0,1,1
2,final_left,f32,64,glibc_t2,P6,7,2,1000,1410.34,0.0000,0.0000,1411.0,0.0,1.000,256.0,0.000,0,0,256000,1,1,0,0,1,1
2,final_left,f32,64,glibc_t2,P7,7,3,1000,1472.96,0.0000,0.0000,1475.0,0.0,1.000,256.0,0.000,0,0,256000,1,0,1,0,1,1
2,final_left,f32,64,glibc_t2,P5,8,0,1000,1448.52,0.0000,0.0000,1452.0,0.0,2.000,512.0,0.000,0,0,256256,2,0,0,0,1,1
2,final_left,f32,64,glibc_t2,P6,8,1,1000,1476.27,0.0000,0.0000,1478.0,0.0,1.000,256.0,0.000,0,0,256000,1,1,0,0,1,1
2,final_left,f32,64,glibc_t2,P7,8,2,1000,1456.12,0.0000,0.0000,1459.0,0.0,1.000,256.0,0.000,0,0,256000,1,0,1,0,1,1
2,final_left,f32,64,glibc_t2,FIXED_TWIN,8,3,1000,1394.41,0.0000,0.0000,1397.0,0.0,1.000,256.0,0.000,0,0,256000,1,0,1,0,1,1
2,final_left,f32,64,glibc_t2,P6,9,0,1000,1475.84,0.0000,0.0000,1478.0,0.0,1.000,256.0,0.000,0,0,256000,1,1,0,0,1,1
2,final_left,f32,64,glibc_t2,P7,9,1,1000,1370.27,0.0000,0.0000,1372.0,0.0,1.000,256.0,0.000,0,0,256000,1,0,1,0,1,1
2,final_left,f32,64,glibc_t2,FIXED_TWIN,9,2,1000,1469.44,0.0000,0.0000,1473.0,0.0,1.000,256.0,0.000,0,0,256000,1,0,1,0,1,1
2,final_left,f32,64,glibc_t2,P5,9,3,1000,1457.80,0.0000,0.0000,1460.0,0.0,2.000,512.0,0.000,0,0,256256,2,0,0,0,1,1
2,final_left,f32,64,glibc_t2,P7,10,0,1000,1384.66,0.0000,0.0000,1386.0,0.0,1.000,256.0,0.000,0,0,256000,1,0,1,0,1,1
2,final_left,f32,64,glibc_t2,FIXED_TWIN,10,1,1000,1366.87,0.0000,0.0000,1368.0,0.0,1.000,256.0,0.000,0,0,256000,1,0,1,0,1,1
2,final_left,f32,64,glibc_t2,P5,10,2,1000,1407.28,0.0000,0.0000,1409.0,0.0,2.000,512.0,0.000,0,0,256256,2,0,0,0,1,1
2,final_left,f32,64,glibc_t2,P6,10,3,1000,1380.34,0.0000,0.0000,1381.0,0.0,1.000,256.0,0.000,0,0,256000,1,1,0,0,1,1
2,final_left,f32,64,glibc_t2,FIXED_TWIN,11,0,1000,1419.59,0.0000,0.0000,1421.0,0.0,1.000,256.0,0.000,0,0,256000,1,0,1,0,1,1
2,final_left,f32,64,glibc_t2,P5,11,1,1000,1934.61,0.0000,0.0000,1941.0,0.0,2.000,512.0,0.000,0,0,256256,2,0,0,0,1,1
2,final_left,f32,64,glibc_t2,P6,11,2,1000,1546.61,0.0000,0.0000,1550.0,0.0,1.000,256.0,0.000,0,0,256000,1,1,0,0,1,1
2,final_left,f32,64,glibc_t2,P7,11,3,1000,1388.78,0.0000,0.0000,1391.0,0.0,1.000,256.0,0.000,0,0,256000,1,0,1,0,1,1
2,final_left,f32,64,glibc_t2,P5,12,0,1000,1459.64,0.0000,0.0000,1465.0,0.0,2.000,512.0,0.000,0,0,256256,2,0,0,0,1,1
2,final_left,f32,64,glibc_t2,P6,12,1,1000,1585.32,0.0000,0.0000,1589.0,0.0,1.000,256.0,0.000,0,0,256000,1,1,0,0,1,1
2,final_left,f32,64,glibc_t2,P7,12,2,1000,1432.00,0.0000,0.0000,1434.0,0.0,1.000,256.0,0.000,0,0,256000,1,0,1,0,1,1
2,final_left,f32,64,glibc_t2,FIXED_TWIN,12,3,1000,1466.79,0.0000,0.0000,1471.0,0.0,1.000,256.0,0.000,0,0,256000,1,0,1,0,1,1
2,final_left,f32,64,glibc_t2,P6,13,0,1000,1441.13,0.0000,0.0000,1443.0,0.0,1.000,256.0,0.000,0,0,256000,1,1,0,0,1,1
2,final_left,f32,64,glibc_t2,P7,13,1,1000,1387.59,0.0000,0.0000,1388.0,0.0,1.000,256.0,0.000,0,0,256000,1,0,1,0,1,1
2,final_left,f32,64,glibc_t2,FIXED_TWIN,13,2,1000,1737.87,0.0000,0.0000,1744.0,0.0,1.000,256.0,0.000,0,0,256000,1,0,1,0,1,1
2,final_left,f32,64,glibc_t2,P5,13,3,1000,1528.73,0.0000,0.0000,1532.0,0.0,2.000,512.0,0.000,0,0,256256,2,0,0,0,1,1
2,final_left,f32,64,glibc_t2,P7,14,0,1000,1481.50,0.0000,0.0000,1482.0,0.0,1.000,256.0,0.000,0,0,256000,1,0,1,0,1,1
2,final_left,f32,64,glibc_t2,FIXED_TWIN,14,1,1000,1548.98,0.0000,0.0000,1551.0,0.0,1.000,256.0,0.000,0,0,256000,1,0,1,0,1,1
2,final_left,f32,64,glibc_t2,P5,14,2,1000,2369.78,0.0000,0.0000,2376.0,0.0,2.000,512.0,0.000,0,0,256256,2,0,0,0,1,1
2,final_left,f32,64,glibc_t2,P6,14,3,1000,1478.14,0.0000,0.0000,1482.0,0.0,1.000,256.0,0.000,0,0,256000,1,1,0,0,1,1
2,final_left,f32,1024,glibc_t2,P5,0,0,1000,1885.01,0.0000,0.0000,1891.0,0.0,2.000,8192.0,0.000,0,0,4100096,2,0,0,0,1,1
2,final_left,f32,1024,glibc_t2,P6,0,1,1000,1719.98,0.0000,0.0000,1525.0,199.0,1.000,4096.0,0.000,0,0,4096000,1,1,0,0,1,1
2,final_left,f32,1024,glibc_t2,P7,0,2,1000,1570.12,0.0000,0.0000,1574.0,0.0,1.000,4096.0,0.000,0,0,4096000,1,0,1,0,1,1
2,final_left,f32,1024,glibc_t2,FIXED_TWIN,0,3,1000,1819.66,0.0000,0.0000,1826.0,0.0,1.000,4096.0,0.000,0,0,4096000,1,0,1,0,1,1
2,final_left,f32,1024,glibc_t2,P6,1,0,1000,1982.81,0.0000,0.0000,1989.0,0.0,1.000,4096.0,0.000,0,0,4096000,1,1,0,0,1,1
2,final_left,f32,1024,glibc_t2,P7,1,1,1000,1615.73,0.0000,0.0000,1618.0,0.0,1.000,4096.0,0.000,0,0,4096000,1,0,1,0,1,1
2,final_left,f32,1024,glibc_t2,FIXED_TWIN,1,2,1000,1577.47,0.0000,0.0000,1581.0,0.0,1.000,4096.0,0.000,0,0,4096000,1,0,1,0,1,1
2,final_left,f32,1024,glibc_t2,P5,1,3,1000,1711.64,0.0000,0.0000,1714.0,0.0,2.000,8192.0,0.000,0,0,4100096,2,0,0,0,1,1
2,final_left,f32,1024,glibc_t2,P7,2,0,1000,1649.01,0.0000,0.0000,1654.0,0.0,1.000,4096.0,0.000,0,0,4096000,1,0,1,0,1,1
2,final_left,f32,1024,glibc_t2,FIXED_TWIN,2,1,1000,1994.25,0.0000,0.0000,2000.0,0.0,1.000,4096.0,0.000,0,0,4096000,1,0,1,0,1,1
2,final_left,f32,1024,glibc_t2,P5,2,2,1000,1961.04,0.0000,0.0000,1967.0,0.0,2.000,8192.0,0.000,0,0,4100096,2,0,0,0,1,1
2,final_left,f32,1024,glibc_t2,P6,2,3,1000,1722.90,0.0000,0.0000,1726.0,0.0,1.000,4096.0,0.000,0,0,4096000,1,1,0,0,1,1
2,final_left,f32,1024,glibc_t2,FIXED_TWIN,3,0,1000,2061.61,0.0000,0.0000,2067.0,0.0,1.000,4096.0,0.000,0,0,4096000,1,0,1,0,1,1
2,final_left,f32,1024,glibc_t2,P5,3,1,1000,1858.14,0.0000,0.0000,1862.0,0.0,2.000,8192.0,0.000,0,0,4100096,2,0,0,0,1,1
2,final_left,f32,1024,glibc_t2,P6,3,2,1000,1892.73,0.0000,0.0000,1899.0,0.0,1.000,4096.0,0.000,0,0,4096000,1,1,0,0,1,1
2,final_left,f32,1024,glibc_t2,P7,3,3,1000,1660.84,0.0000,0.0000,1664.0,0.0,1.000,4096.0,0.000,0,0,4096000,1,0,1,0,1,1
2,final_left,f32,1024,glibc_t2,P5,4,0,1000,1852.94,0.0000,0.0000,1857.0,0.0,2.000,8192.0,0.000,0,0,4100096,2,0,0,0,1,1
2,final_left,f32,1024,glibc_t2,P6,4,1,1000,2043.97,0.0000,0.0000,2048.0,0.0,1.000,4096.0,0.000,0,0,4096000,1,1,0,0,1,1
2,final_left,f32,1024,glibc_t2,P7,4,2,1000,1577.19,0.0000,0.0000,1583.0,0.0,1.000,4096.0,0.000,0,0,4096000,1,0,1,0,1,1
2,final_left,f32,1024,glibc_t2,FIXED_TWIN,4,3,1000,1777.71,0.0000,0.0000,1783.0,0.0,1.000,4096.0,0.000,0,0,4096000,1,0,1,0,1,1
2,final_left,f32,1024,glibc_t2,P6,5,0,1000,1917.21,0.0000,0.0000,1923.0,0.0,1.000,4096.0,0.000,0,0,4096000,1,1,0,0,1,1
2,final_left,f32,1024,glibc_t2,P7,5,1,1000,2022.71,0.0000,0.0000,2027.0,0.0,1.000,4096.0,0.000,0,0,4096000,1,0,1,0,1,1
2,final_left,f32,1024,glibc_t2,FIXED_TWIN,5,2,1000,1623.94,0.0000,0.0000,1628.0,0.0,1.000,4096.0,0.000,0,0,4096000,1,0,1,0,1,1
2,final_left,f32,1024,glibc_t2,P5,5,3,1000,1800.48,0.0000,0.0000,1805.0,0.0,2.000,8192.0,0.000,0,0,4100096,2,0,0,0,1,1
2,final_left,f32,1024,glibc_t2,P7,6,0,1000,1830.72,0.0000,0.0000,1836.0,0.0,1.000,4096.0,0.000,0,0,4096000,1,0,1,0,1,1
2,final_left,f32,1024,glibc_t2,FIXED_TWIN,6,1,1000,1810.39,0.0000,0.0000,1816.0,0.0,1.000,4096.0,0.000,0,0,4096000,1,0,1,0,1,1
2,final_left,f32,1024,glibc_t2,P5,6,2,1000,2110.81,0.0000,0.0000,2117.0,0.0,2.000,8192.0,0.000,0,0,4100096,2,0,0,0,1,1
2,final_left,f32,1024,glibc_t2,P6,6,3,1000,1751.42,0.0000,0.0000,1758.0,0.0,1.000,4096.0,0.000,0,0,4096000,1,1,0,0,1,1
2,final_left,f32,1024,glibc_t2,FIXED_TWIN,7,0,1000,1829.78,0.0000,0.0000,1835.0,0.0,1.000,4096.0,0.000,0,0,4096000,1,0,1,0,1,1
2,final_left,f32,1024,glibc_t2,P5,7,1,1000,1770.80,0.0000,0.0000,1775.0,0.0,2.000,8192.0,0.000,0,0,4100096,2,0,0,0,1,1
2,final_left,f32,1024,glibc_t2,P6,7,2,1000,2007.75,0.0000,0.0000,2012.0,0.0,1.000,4096.0,0.000,0,0,4096000,1,1,0,0,1,1
2,final_left,f32,1024,glibc_t2,P7,7,3,1000,1577.53,0.0000,0.0000,1581.0,0.0,1.000,4096.0,0.000,0,0,4096000,1,0,1,0,1,1
2,final_left,f32,1024,glibc_t2,P5,8,0,1000,1759.72,0.0000,0.0000,1763.0,0.0,2.000,8192.0,0.000,0,0,4100096,2,0,0,0,1,1
2,final_left,f32,1024,glibc_t2,P6,8,1,1000,1689.76,0.0000,0.0000,1693.0,0.0,1.000,4096.0,0.000,0,0,4096000,1,1,0,0,1,1
2,final_left,f32,1024,glibc_t2,P7,8,2,1000,1551.25,0.0000,0.0000,1554.0,0.0,1.000,4096.0,0.000,0,0,4096000,1,0,1,0,1,1
2,final_left,f32,1024,glibc_t2,FIXED_TWIN,8,3,1000,1528.34,0.0000,0.0000,1531.0,0.0,1.000,4096.0,0.000,0,0,4096000,1,0,1,0,1,1
2,final_left,f32,1024,glibc_t2,P6,9,0,1000,1689.69,0.0000,0.0000,1692.0,0.0,1.000,4096.0,0.000,0,0,4096000,1,1,0,0,1,1
2,final_left,f32,1024,glibc_t2,P7,9,1,1000,1544.88,0.0000,0.0000,1549.0,0.0,1.000,4096.0,0.000,0,0,4096000,1,0,1,0,1,1
2,final_left,f32,1024,glibc_t2,FIXED_TWIN,9,2,1000,1760.27,0.0000,0.0000,1765.0,0.0,1.000,4096.0,0.000,0,0,4096000,1,0,1,0,1,1
2,final_left,f32,1024,glibc_t2,P5,9,3,1000,1894.48,0.0000,0.0000,1900.0,0.0,2.000,8192.0,0.000,0,0,4100096,2,0,0,0,1,1
2,final_left,f32,1024,glibc_t2,P7,10,0,1000,1734.99,0.0000,0.0000,1739.0,0.0,1.000,4096.0,0.000,0,0,4096000,1,0,1,0,1,1
2,final_left,f32,1024,glibc_t2,FIXED_TWIN,10,1,1000,1603.55,0.0000,0.0000,1605.0,0.0,1.000,4096.0,0.000,0,0,4096000,1,0,1,0,1,1
2,final_left,f32,1024,glibc_t2,P5,10,2,1000,1896.17,0.0000,0.0000,1904.0,0.0,2.000,8192.0,0.000,0,0,4100096,2,0,0,0,1,1
2,final_left,f32,1024,glibc_t2,P6,10,3,1000,1731.14,0.0000,0.0000,1734.0,0.0,1.000,4096.0,0.000,0,0,4096000,1,1,0,0,1,1
2,final_left,f32,1024,glibc_t2,FIXED_TWIN,11,0,1000,1681.08,0.0000,0.0000,1684.0,0.0,1.000,4096.0,0.000,0,0,4096000,1,0,1,0,1,1
2,final_left,f32,1024,glibc_t2,P5,11,1,1000,1896.32,0.0000,0.0000,1901.0,0.0,2.000,8192.0,0.000,0,0,4100096,2,0,0,0,1,1
2,final_left,f32,1024,glibc_t2,P6,11,2,1000,1833.41,0.0000,0.0000,1839.0,0.0,1.000,4096.0,0.000,0,0,4096000,1,1,0,0,1,1
2,final_left,f32,1024,glibc_t2,P7,11,3,1000,1829.41,0.0000,0.0000,1835.0,0.0,1.000,4096.0,0.000,0,0,4096000,1,0,1,0,1,1
2,final_left,f32,1024,glibc_t2,P5,12,0,1000,1824.38,0.0000,0.0000,1828.0,0.0,2.000,8192.0,0.000,0,0,4100096,2,0,0,0,1,1
2,final_left,f32,1024,glibc_t2,P6,12,1,1000,1733.42,0.0000,0.0000,1737.0,0.0,1.000,4096.0,0.000,0,0,4096000,1,1,0,0,1,1
2,final_left,f32,1024,glibc_t2,P7,12,2,1000,1745.68,0.0000,0.0000,1751.0,0.0,1.000,4096.0,0.000,0,0,4096000,1,0,1,0,1,1
2,final_left,f32,1024,glibc_t2,FIXED_TWIN,12,3,1000,1603.15,0.0000,0.0000,1606.0,0.0,1.000,4096.0,0.000,0,0,4096000,1,0,1,0,1,1
2,final_left,f32,1024,glibc_t2,P6,13,0,1000,1705.41,0.0000,0.0000,1749.0,0.0,1.000,4096.0,0.000,0,0,4096000,1,1,0,0,1,1
2,final_left,f32,1024,glibc_t2,P7,13,1,1000,1514.21,0.0000,0.0000,1516.0,0.0,1.000,4096.0,0.000,0,0,4096000,1,0,1,0,1,1
2,final_left,f32,1024,glibc_t2,FIXED_TWIN,13,2,1000,1748.72,0.0000,0.0000,1754.0,0.0,1.000,4096.0,0.000,0,0,4096000,1,0,1,0,1,1
2,final_left,f32,1024,glibc_t2,P5,13,3,1000,2033.22,0.0000,0.0000,2037.0,0.0,2.000,8192.0,0.000,0,0,4100096,2,0,0,0,1,1
2,final_left,f32,1024,glibc_t2,P7,14,0,1000,2375.48,0.0000,0.0000,2381.0,0.0,1.000,4096.0,0.000,0,0,4096000,1,0,1,0,1,1
2,final_left,f32,1024,glibc_t2,FIXED_TWIN,14,1,1000,1707.49,0.0000,0.0000,1712.0,0.0,1.000,4096.0,0.000,0,0,4096000,1,0,1,0,1,1
2,final_left,f32,1024,glibc_t2,P5,14,2,1000,1907.50,0.0000,0.0000,1913.0,0.0,2.000,8192.0,0.000,0,0,4100096,2,0,0,0,1,1
2,final_left,f32,1024,glibc_t2,P6,14,3,1000,1738.43,0.0000,0.0000,1743.0,0.0,1.000,4096.0,0.000,0,0,4096000,1,1,0,0,1,1
2,final_left,f32,4096,glibc_t2,P5,0,0,1,1649.00,0.0000,0.0000,4000.0,0.0,2.000,32768.0,0.000,0,0,32768,2,0,0,0,1,1
2,final_left,f32,4096,glibc_t2,P6,0,1,1,1336.00,0.0000,0.0000,2000.0,0.0,1.000,16384.0,0.000,0,0,16384,1,1,0,0,1,1
2,final_left,f32,4096,glibc_t2,P7,0,2,1,1221.00,0.0000,0.0000,1000.0,0.0,1.000,16384.0,0.000,0,0,16384,1,0,1,0,1,1
2,final_left,f32,4096,glibc_t2,FIXED_TWIN,0,3,1,1201.00,0.0000,0.0000,1000.0,0.0,1.000,16384.0,0.000,0,0,16384,1,0,1,0,1,1
2,final_left,f32,4096,glibc_t2,P6,1,0,1,1349.00,0.0000,0.0000,2000.0,0.0,1.000,16384.0,0.000,0,0,16384,1,1,0,0,1,1
2,final_left,f32,4096,glibc_t2,P7,1,1,1,1194.00,0.0000,0.0000,2000.0,0.0,1.000,16384.0,0.000,0,0,16384,1,0,1,0,1,1
2,final_left,f32,4096,glibc_t2,FIXED_TWIN,1,2,1,1188.00,0.0000,0.0000,2000.0,0.0,1.000,16384.0,0.000,0,0,16384,1,0,1,0,1,1
2,final_left,f32,4096,glibc_t2,P5,1,3,1,1507.00,0.0000,0.0000,2000.0,0.0,2.000,32768.0,0.000,0,0,32768,2,0,0,0,1,1
2,final_left,f32,4096,glibc_t2,P7,2,0,1,1201.00,0.0000,0.0000,2000.0,0.0,1.000,16384.0,0.000,0,0,16384,1,0,1,0,1,1
2,final_left,f32,4096,glibc_t2,FIXED_TWIN,2,1,1,1195.00,0.0000,0.0000,2000.0,0.0,1.000,16384.0,0.000,0,0,16384,1,0,1,0,1,1
2,final_left,f32,4096,glibc_t2,P5,2,2,1,1531.00,0.0000,0.0000,2000.0,0.0,2.000,32768.0,0.000,0,0,32768,2,0,0,0,1,1
2,final_left,f32,4096,glibc_t2,P6,2,3,1,1346.00,0.0000,0.0000,2000.0,0.0,1.000,16384.0,0.000,0,0,16384,1,1,0,0,1,1
2,final_left,f32,4096,glibc_t2,FIXED_TWIN,3,0,1,1193.00,0.0000,0.0000,2000.0,0.0,1.000,16384.0,0.000,0,0,16384,1,0,1,0,1,1
2,final_left,f32,4096,glibc_t2,P5,3,1,1,1465.00,0.0000,0.0000,2000.0,0.0,2.000,32768.0,0.000,0,0,32768,2,0,0,0,1,1
2,final_left,f32,4096,glibc_t2,P6,3,2,1,1334.00,0.0000,0.0000,2000.0,0.0,1.000,16384.0,0.000,0,0,16384,1,1,0,0,1,1
2,final_left,f32,4096,glibc_t2,P7,3,3,1,1224.00,0.0000,0.0000,2000.0,0.0,1.000,16384.0,0.000,0,0,16384,1,0,1,0,1,1
2,final_left,f32,4096,glibc_t2,P5,4,0,1,1426.00,0.0000,0.0000,2000.0,0.0,2.000,32768.0,0.000,0,0,32768,2,0,0,0,1,1
2,final_left,f32,4096,glibc_t2,P6,4,1,1,1317.00,0.0000,0.0000,2000.0,0.0,1.000,16384.0,0.000,0,0,16384,1,1,0,0,1,1
2,final_left,f32,4096,glibc_t2,P7,4,2,1,1206.00,0.0000,0.0000,2000.0,0.0,1.000,16384.0,0.000,0,0,16384,1,0,1,0,1,1
2,final_left,f32,4096,glibc_t2,FIXED_TWIN,4,3,1,1204.00,0.0000,0.0000,2000.0,0.0,1.000,16384.0,0.000,0,0,16384,1,0,1,0,1,1
2,final_left,f32,4096,glibc_t2,P6,5,0,1,1857.00,0.0000,0.0000,3000.0,0.0,1.000,16384.0,0.000,0,0,16384,1,1,0,0,1,1
2,final_left,f32,4096,glibc_t2,P7,5,1,1,1206.00,0.0000,0.0000,2000.0,0.0,1.000,16384.0,0.000,0,0,16384,1,0,1,0,1,1
2,final_left,f32,4096,glibc_t2,FIXED_TWIN,5,2,1,1211.00,0.0000,0.0000,2000.0,0.0,1.000,16384.0,0.000,0,0,16384,1,0,1,0,1,1
2,final_left,f32,4096,glibc_t2,P5,5,3,1,1479.00,0.0000,0.0000,2000.0,0.0,2.000,32768.0,0.000,0,0,32768,2,0,0,0,1,1
2,final_left,f32,4096,glibc_t2,P7,6,0,1,1205.00,0.0000,0.0000,1000.0,0.0,1.000,16384.0,0.000,0,0,16384,1,0,1,0,1,1
2,final_left,f32,4096,glibc_t2,FIXED_TWIN,6,1,1,1234.00,0.0000,0.0000,1000.0,0.0,1.000,16384.0,0.000,0,0,16384,1,0,1,0,1,1
2,final_left,f32,4096,glibc_t2,P5,6,2,1,1476.00,0.0000,0.0000,2000.0,0.0,2.000,32768.0,0.000,0,0,32768,2,0,0,0,1,1
2,final_left,f32,4096,glibc_t2,P6,6,3,1,1364.00,0.0000,0.0000,2000.0,0.0,1.000,16384.0,0.000,0,0,16384,1,1,0,0,1,1
2,final_left,f32,4096,glibc_t2,FIXED_TWIN,7,0,1,1191.00,0.0000,0.0000,1000.0,0.0,1.000,16384.0,0.000,0,0,16384,1,0,1,0,1,1
2,final_left,f32,4096,glibc_t2,P5,7,1,1,1461.00,0.0000,0.0000,1000.0,0.0,2.000,32768.0,0.000,0,0,32768,2,0,0,0,1,1
2,final_left,f32,4096,glibc_t2,P6,7,2,1,1316.00,0.0000,0.0000,2000.0,0.0,1.000,16384.0,0.000,0,0,16384,1,1,0,0,1,1
2,final_left,f32,4096,glibc_t2,P7,7,3,1,1219.00,0.0000,0.0000,1000.0,0.0,1.000,16384.0,0.000,0,0,16384,1,0,1,0,1,1
2,final_left,f32,4096,glibc_t2,P5,8,0,1,1425.00,0.0000,0.0000,2000.0,0.0,2.000,32768.0,0.000,0,0,32768,2,0,0,0,1,1
2,final_left,f32,4096,glibc_t2,P6,8,1,1,1325.00,0.0000,0.0000,2000.0,0.0,1.000,16384.0,0.000,0,0,16384,1,1,0,0,1,1
2,final_left,f32,4096,glibc_t2,P7,8,2,1,1227.00,0.0000,0.0000,1000.0,0.0,1.000,16384.0,0.000,0,0,16384,1,0,1,0,1,1
2,final_left,f32,4096,glibc_t2,FIXED_TWIN,8,3,1,1203.00,0.0000,0.0000,2000.0,0.0,1.000,16384.0,0.000,0,0,16384,1,0,1,0,1,1
2,final_left,f32,4096,glibc_t2,P6,9,0,1,1339.00,0.0000,0.0000,2000.0,0.0,1.000,16384.0,0.000,0,0,16384,1,1,0,0,1,1
2,final_left,f32,4096,glibc_t2,P7,9,1,1,1224.00,0.0000,0.0000,1000.0,0.0,1.000,16384.0,0.000,0,0,16384,1,0,1,0,1,1
2,final_left,f32,4096,glibc_t2,FIXED_TWIN,9,2,1,1227.00,0.0000,0.0000,1000.0,0.0,1.000,16384.0,0.000,0,0,16384,1,0,1,0,1,1
2,final_left,f32,4096,glibc_t2,P5,9,3,1,1501.00,0.0000,0.0000,2000.0,0.0,2.000,32768.0,0.000,0,0,32768,2,0,0,0,1,1
2,final_left,f32,4096,glibc_t2,P7,10,0,1,1191.00,0.0000,0.0000,1000.0,0.0,1.000,16384.0,0.000,0,0,16384,1,0,1,0,1,1
2,final_left,f32,4096,glibc_t2,FIXED_TWIN,10,1,1,1220.00,0.0000,0.0000,2000.0,0.0,1.000,16384.0,0.000,0,0,16384,1,0,1,0,1,1
2,final_left,f32,4096,glibc_t2,P5,10,2,1,1446.00,0.0000,0.0000,2000.0,0.0,2.000,32768.0,0.000,0,0,32768,2,0,0,0,1,1
2,final_left,f32,4096,glibc_t2,P6,10,3,1,1333.00,0.0000,0.0000,1000.0,0.0,1.000,16384.0,0.000,0,0,16384,1,1,0,0,1,1
2,final_left,f32,4096,glibc_t2,FIXED_TWIN,11,0,1,1188.00,0.0000,0.0000,2000.0,0.0,1.000,16384.0,0.000,0,0,16384,1,0,1,0,1,1
2,final_left,f32,4096,glibc_t2,P5,11,1,1,1454.00,0.0000,0.0000,2000.0,0.0,2.000,32768.0,0.000,0,0,32768,2,0,0,0,1,1
2,final_left,f32,4096,glibc_t2,P6,11,2,1,1392.00,0.0000,0.0000,2000.0,0.0,1.000,16384.0,0.000,0,0,16384,1,1,0,0,1,1
2,final_left,f32,4096,glibc_t2,P7,11,3,1,1304.00,0.0000,0.0000,2000.0,0.0,1.000,16384.0,0.000,0,0,16384,1,0,1,0,1,1
2,final_left,f32,4096,glibc_t2,P5,12,0,1,1583.00,0.0000,0.0000,2000.0,0.0,2.000,32768.0,0.000,0,0,32768,2,0,0,0,1,1
2,final_left,f32,4096,glibc_t2,P6,12,1,1,1516.00,0.0000,0.0000,2000.0,0.0,1.000,16384.0,0.000,0,0,16384,1,1,0,0,1,1
2,final_left,f32,4096,glibc_t2,P7,12,2,1,1278.00,0.0000,0.0000,2000.0,0.0,1.000,16384.0,0.000,0,0,16384,1,0,1,0,1,1
2,final_left,f32,4096,glibc_t2,FIXED_TWIN,12,3,1,1212.00,0.0000,0.0000,2000.0,0.0,1.000,16384.0,0.000,0,0,16384,1,0,1,0,1,1
2,final_left,f32,4096,glibc_t2,P6,13,0,1,1388.00,0.0000,0.0000,2000.0,0.0,1.000,16384.0,0.000,0,0,16384,1,1,0,0,1,1
2,final_left,f32,4096,glibc_t2,P7,13,1,1,1194.00,0.0000,0.0000,2000.0,0.0,1.000,16384.0,0.000,0,0,16384,1,0,1,0,1,1
2,final_left,f32,4096,glibc_t2,FIXED_TWIN,13,2,1,1189.00,0.0000,0.0000,2000.0,0.0,1.000,16384.0,0.000,0,0,16384,1,0,1,0,1,1
2,final_left,f32,4096,glibc_t2,P5,13,3,1,1558.00,0.0000,0.0000,2000.0,0.0,2.000,32768.0,0.000,0,0,32768,2,0,0,0,1,1
2,final_left,f32,4096,glibc_t2,P7,14,0,1,1187.00,0.0000,0.0000,1000.0,0.0,1.000,16384.0,0.000,0,0,16384,1,0,1,0,1,1
2,final_left,f32,4096,glibc_t2,FIXED_TWIN,14,1,1,1193.00,0.0000,0.0000,2000.0,0.0,1.000,16384.0,0.000,0,0,16384,1,0,1,0,1,1
2,final_left,f32,4096,glibc_t2,P5,14,2,1,1596.00,0.0000,0.0000,2000.0,0.0,2.000,32768.0,0.000,0,0,32768,2,0,0,0,1,1
2,final_left,f32,4096,glibc_t2,P6,14,3,1,1355.00,0.0000,0.0000,2000.0,0.0,1.000,16384.0,0.000,0,0,16384,1,1,0,0,1,1
2,final_left,f32,16384,glibc_t2,P5,0,0,1,4729.00,0.0000,0.0000,5000.0,0.0,2.000,131072.0,0.000,0,0,131072,2,0,0,0,1,1
2,final_left,f32,16384,glibc_t2,P6,0,1,1,4577.00,0.0000,0.0000,6000.0,0.0,1.000,65536.0,0.000,0,0,65536,1,1,0,0,1,1
2,final_left,f32,16384,glibc_t2,P7,0,2,1,3812.00,0.0000,0.0000,5000.0,0.0,1.000,65536.0,0.000,0,0,65536,1,0,1,0,1,1
2,final_left,f32,16384,glibc_t2,FIXED_TWIN,0,3,1,3767.00,0.0000,0.0000,5000.0,0.0,1.000,65536.0,0.000,0,0,65536,1,0,1,0,1,1
2,final_left,f32,16384,glibc_t2,P6,1,0,1,4578.00,0.0000,0.0000,5000.0,0.0,1.000,65536.0,0.000,0,0,65536,1,1,0,0,1,1
2,final_left,f32,16384,glibc_t2,P7,1,1,1,3779.00,0.0000,0.0000,4000.0,0.0,1.000,65536.0,0.000,0,0,65536,1,0,1,0,1,1
2,final_left,f32,16384,glibc_t2,FIXED_TWIN,1,2,1,3793.00,0.0000,0.0000,4000.0,0.0,1.000,65536.0,0.000,0,0,65536,1,0,1,0,1,1
2,final_left,f32,16384,glibc_t2,P5,1,3,1,4720.00,0.0000,0.0000,5000.0,0.0,2.000,131072.0,0.000,0,0,131072,2,0,0,0,1,1
2,final_left,f32,16384,glibc_t2,P7,2,0,1,3834.00,0.0000,0.0000,4000.0,0.0,1.000,65536.0,0.000,0,0,65536,1,0,1,0,1,1
2,final_left,f32,16384,glibc_t2,FIXED_TWIN,2,1,1,3796.00,0.0000,0.0000,4000.0,0.0,1.000,65536.0,0.000,0,0,65536,1,0,1,0,1,1
2,final_left,f32,16384,glibc_t2,P5,2,2,1,4759.00,0.0000,0.0000,6000.0,0.0,2.000,131072.0,0.000,0,0,131072,2,0,0,0,1,1
2,final_left,f32,16384,glibc_t2,P6,2,3,1,4797.00,0.0000,0.0000,5000.0,0.0,1.000,65536.0,0.000,0,0,65536,1,1,0,0,1,1
2,final_left,f32,16384,glibc_t2,FIXED_TWIN,3,0,1,3923.00,0.0000,0.0000,4000.0,0.0,1.000,65536.0,0.000,0,0,65536,1,0,1,0,1,1
2,final_left,f32,16384,glibc_t2,P5,3,1,1,4810.00,0.0000,0.0000,5000.0,0.0,2.000,131072.0,0.000,0,0,131072,2,0,0,0,1,1
2,final_left,f32,16384,glibc_t2,P6,3,2,1,4716.00,0.0000,0.0000,5000.0,0.0,1.000,65536.0,0.000,0,0,65536,1,1,0,0,1,1
2,final_left,f32,16384,glibc_t2,P7,3,3,1,3930.00,0.0000,0.0000,4000.0,0.0,1.000,65536.0,0.000,0,0,65536,1,0,1,0,1,1
2,final_left,f32,16384,glibc_t2,P5,4,0,1,5036.00,0.0000,0.0000,5000.0,0.0,2.000,131072.0,0.000,0,0,131072,2,0,0,0,1,1
2,final_left,f32,16384,glibc_t2,P6,4,1,1,4958.00,0.0000,0.0000,5000.0,0.0,1.000,65536.0,0.000,0,0,65536,1,1,0,0,1,1
2,final_left,f32,16384,glibc_t2,P7,4,2,1,4143.00,0.0000,0.0000,5000.0,0.0,1.000,65536.0,0.000,0,0,65536,1,0,1,0,1,1
2,final_left,f32,16384,glibc_t2,FIXED_TWIN,4,3,1,4060.00,0.0000,0.0000,5000.0,0.0,1.000,65536.0,0.000,0,0,65536,1,0,1,0,1,1
2,final_left,f32,16384,glibc_t2,P6,5,0,1,4856.00,0.0000,0.0000,5000.0,0.0,1.000,65536.0,0.000,0,0,65536,1,1,0,0,1,1
2,final_left,f32,16384,glibc_t2,P7,5,1,1,4006.00,0.0000,0.0000,4000.0,0.0,1.000,65536.0,0.000,0,0,65536,1,0,1,0,1,1
2,final_left,f32,16384,glibc_t2,FIXED_TWIN,5,2,1,4086.00,0.0000,0.0000,4000.0,0.0,1.000,65536.0,0.000,0,0,65536,1,0,1,0,1,1
2,final_left,f32,16384,glibc_t2,P5,5,3,1,5007.00,0.0000,0.0000,5000.0,0.0,2.000,131072.0,0.000,0,0,131072,2,0,0,0,1,1
2,final_left,f32,16384,glibc_t2,P7,6,0,1,4058.00,0.0000,0.0000,4000.0,0.0,1.000,65536.0,0.000,0,0,65536,1,0,1,0,1,1
2,final_left,f32,16384,glibc_t2,FIXED_TWIN,6,1,1,3967.00,0.0000,0.0000,5000.0,0.0,1.000,65536.0,0.000,0,0,65536,1,0,1,0,1,1
2,final_left,f32,16384,glibc_t2,P5,6,2,1,4921.00,0.0000,0.0000,6000.0,0.0,2.000,131072.0,0.000,0,0,131072,2,0,0,0,1,1
2,final_left,f32,16384,glibc_t2,P6,6,3,1,4776.00,0.0000,0.0000,6000.0,0.0,1.000,65536.0,0.000,0,0,65536,1,1,0,0,1,1
2,final_left,f32,16384,glibc_t2,FIXED_TWIN,7,0,1,3959.00,0.0000,0.0000,5000.0,0.0,1.000,65536.0,0.000,0,0,65536,1,0,1,0,1,1
2,final_left,f32,16384,glibc_t2,P5,7,1,1,4913.00,0.0000,0.0000,6000.0,0.0,2.000,131072.0,0.000,0,0,131072,2,0,0,0,1,1
2,final_left,f32,16384,glibc_t2,P6,7,2,1,4781.00,0.0000,0.0000,6000.0,0.0,1.000,65536.0,0.000,0,0,65536,1,1,0,0,1,1
2,final_left,f32,16384,glibc_t2,P7,7,3,1,3931.00,0.0000,0.0000,4000.0,0.0,1.000,65536.0,0.000,0,0,65536,1,0,1,0,1,1
2,final_left,f32,16384,glibc_t2,P5,8,0,1,4842.00,0.0000,0.0000,5000.0,0.0,2.000,131072.0,0.000,0,0,131072,2,0,0,0,1,1
2,final_left,f32,16384,glibc_t2,P6,8,1,1,4819.00,0.0000,0.0000,6000.0,0.0,1.000,65536.0,0.000,0,0,65536,1,1,0,0,1,1
2,final_left,f32,16384,glibc_t2,P7,8,2,1,3969.00,0.0000,0.0000,5000.0,0.0,1.000,65536.0,0.000,0,0,65536,1,0,1,0,1,1
2,final_left,f32,16384,glibc_t2,FIXED_TWIN,8,3,1,4110.00,0.0000,0.0000,5000.0,0.0,1.000,65536.0,0.000,0,0,65536,1,0,1,0,1,1
2,final_left,f32,16384,glibc_t2,P6,9,0,1,4822.00,0.0000,0.0000,5000.0,0.0,1.000,65536.0,0.000,0,0,65536,1,1,0,0,1,1
2,final_left,f32,16384,glibc_t2,P7,9,1,1,3950.00,0.0000,0.0000,5000.0,0.0,1.000,65536.0,0.000,0,0,65536,1,0,1,0,1,1
2,final_left,f32,16384,glibc_t2,FIXED_TWIN,9,2,1,3947.00,0.0000,0.0000,5000.0,0.0,1.000,65536.0,0.000,0,0,65536,1,0,1,0,1,1
2,final_left,f32,16384,glibc_t2,P5,9,3,1,5019.00,0.0000,0.0000,5000.0,0.0,2.000,131072.0,0.000,0,0,131072,2,0,0,0,1,1
2,final_left,f32,16384,glibc_t2,P7,10,0,1,4140.00,0.0000,0.0000,4000.0,0.0,1.000,65536.0,0.000,0,0,65536,1,0,1,0,1,1
2,final_left,f32,16384,glibc_t2,FIXED_TWIN,10,1,1,4005.00,0.0000,0.0000,5000.0,0.0,1.000,65536.0,0.000,0,0,65536,1,0,1,0,1,1
2,final_left,f32,16384,glibc_t2,P5,10,2,1,5531.00,0.0000,0.0000,10000.0,0.0,2.000,131072.0,0.000,0,0,131072,2,0,0,0,1,1
2,final_left,f32,16384,glibc_t2,P6,10,3,1,4929.00,0.0000,0.0000,6000.0,0.0,1.000,65536.0,0.000,0,0,65536,1,1,0,0,1,1
2,final_left,f32,16384,glibc_t2,FIXED_TWIN,11,0,1,4582.00,0.0000,0.0000,5000.0,0.0,1.000,65536.0,0.000,0,0,65536,1,0,1,0,1,1
2,final_left,f32,16384,glibc_t2,P5,11,1,1,6018.00,0.0000,0.0000,6000.0,0.0,2.000,131072.0,0.000,0,0,131072,2,0,0,0,1,1
2,final_left,f32,16384,glibc_t2,P6,11,2,1,4777.00,0.0000,0.0000,6000.0,0.0,1.000,65536.0,0.000,0,0,65536,1,1,0,0,1,1
2,final_left,f32,16384,glibc_t2,P7,11,3,1,4019.00,0.0000,0.0000,5000.0,0.0,1.000,65536.0,0.000,0,0,65536,1,0,1,0,1,1
2,final_left,f32,16384,glibc_t2,P5,12,0,1,4919.00,0.0000,0.0000,5000.0,0.0,2.000,131072.0,0.000,0,0,131072,2,0,0,0,1,1
2,final_left,f32,16384,glibc_t2,P6,12,1,1,4836.00,0.0000,0.0000,5000.0,0.0,1.000,65536.0,0.000,0,0,65536,1,1,0,0,1,1
2,final_left,f32,16384,glibc_t2,P7,12,2,1,4766.00,0.0000,0.0000,6000.0,0.0,1.000,65536.0,0.000,0,0,65536,1,0,1,0,1,1
2,final_left,f32,16384,glibc_t2,FIXED_TWIN,12,3,1,4067.00,0.0000,0.0000,4000.0,0.0,1.000,65536.0,0.000,0,0,65536,1,0,1,0,1,1
2,final_left,f32,16384,glibc_t2,P6,13,0,1,5064.00,0.0000,0.0000,6000.0,0.0,1.000,65536.0,0.000,0,0,65536,1,1,0,0,1,1
2,final_left,f32,16384,glibc_t2,P7,13,1,1,3991.00,0.0000,0.0000,4000.0,0.0,1.000,65536.0,0.000,0,0,65536,1,0,1,0,1,1
2,final_left,f32,16384,glibc_t2,FIXED_TWIN,13,2,1,3986.00,0.0000,0.0000,5000.0,0.0,1.000,65536.0,0.000,0,0,65536,1,0,1,0,1,1
2,final_left,f32,16384,glibc_t2,P5,13,3,1,4955.00,0.0000,0.0000,6000.0,0.0,2.000,131072.0,0.000,0,0,131072,2,0,0,0,1,1
2,final_left,f32,16384,glibc_t2,P7,14,0,1,3982.00,0.0000,0.0000,4000.0,0.0,1.000,65536.0,0.000,0,0,65536,1,0,1,0,1,1
2,final_left,f32,16384,glibc_t2,FIXED_TWIN,14,1,1,3940.00,0.0000,0.0000,4000.0,0.0,1.000,65536.0,0.000,0,0,65536,1,0,1,0,1,1
2,final_left,f32,16384,glibc_t2,P5,14,2,1,5253.00,0.0000,0.0000,6000.0,0.0,2.000,131072.0,0.000,0,0,131072,2,0,0,0,1,1
2,final_left,f32,16384,glibc_t2,P6,14,3,1,4815.00,0.0000,0.0000,6000.0,0.0,1.000,65536.0,0.000,0,0,65536,1,1,0,0,1,1
2,final_left,f32,65536,glibc_t2,P5,0,0,1,159846.00,130.0000,0.0000,94000.0,70000.0,2.000,524288.0,0.000,0,0,524288,2,0,0,0,1,1
2,final_left,f32,65536,glibc_t2,P6,0,1,1,79862.00,65.0000,0.0000,46000.0,34000.0,1.000,262144.0,0.000,0,0,262144,1,1,0,0,1,1
2,final_left,f32,65536,glibc_t2,P7,0,2,1,76324.00,65.0000,0.0000,44000.0,33000.0,1.000,262144.0,0.000,0,0,262144,1,0,1,0,1,1
2,final_left,f32,65536,glibc_t2,FIXED_TWIN,0,3,1,107841.00,65.0000,0.0000,63000.0,47000.0,1.000,262144.0,0.000,0,0,262144,1,0,1,0,1,1
2,final_left,f32,65536,glibc_t2,P6,1,0,1,82380.00,65.0000,0.0000,48000.0,35000.0,1.000,262144.0,0.000,0,0,262144,1,1,0,0,1,1
2,final_left,f32,65536,glibc_t2,P7,1,1,1,157945.00,65.0000,0.0000,92000.0,68000.0,1.000,262144.0,0.000,0,0,262144,1,0,1,0,1,1
2,final_left,f32,65536,glibc_t2,FIXED_TWIN,1,2,1,91753.00,65.0000,0.0000,0.0,94000.0,1.000,262144.0,0.000,0,0,262144,1,0,1,0,1,1
2,final_left,f32,65536,glibc_t2,P5,1,3,1,223383.00,130.0000,0.0000,0.0,225000.0,2.000,524288.0,0.000,0,0,524288,2,0,0,0,1,1
2,final_left,f32,65536,glibc_t2,P7,2,0,1,77956.00,65.0000,0.0000,0.0,79000.0,1.000,262144.0,0.000,0,0,262144,1,0,1,0,1,1
2,final_left,f32,65536,glibc_t2,FIXED_TWIN,2,1,1,78295.00,65.0000,0.0000,0.0,79000.0,1.000,262144.0,0.000,0,0,262144,1,0,1,0,1,1
2,final_left,f32,65536,glibc_t2,P5,2,2,1,199188.00,130.0000,0.0000,0.0,200000.0,2.000,524288.0,0.000,0,0,524288,2,0,0,0,1,1
2,final_left,f32,65536,glibc_t2,P6,2,3,1,80987.00,65.0000,0.0000,0.0,82000.0,1.000,262144.0,0.000,0,0,262144,1,1,0,0,1,1
2,final_left,f32,65536,glibc_t2,FIXED_TWIN,3,0,1,76280.00,65.0000,0.0000,0.0,77000.0,1.000,262144.0,0.000,0,0,262144,1,0,1,0,1,1
2,final_left,f32,65536,glibc_t2,P5,3,1,1,181122.00,130.0000,0.0000,0.0,182000.0,2.000,524288.0,0.000,0,0,524288,2,0,0,0,1,1
2,final_left,f32,65536,glibc_t2,P6,3,2,1,90939.00,65.0000,0.0000,0.0,92000.0,1.000,262144.0,0.000,0,0,262144,1,1,0,0,1,1
2,final_left,f32,65536,glibc_t2,P7,3,3,1,76799.00,65.0000,0.0000,0.0,77000.0,1.000,262144.0,0.000,0,0,262144,1,0,1,0,1,1
2,final_left,f32,65536,glibc_t2,P5,4,0,1,185669.00,130.0000,0.0000,107000.0,80000.0,2.000,524288.0,0.000,0,0,524288,2,0,0,0,1,1
2,final_left,f32,65536,glibc_t2,P6,4,1,1,81076.00,65.0000,0.0000,0.0,82000.0,1.000,262144.0,0.000,0,0,262144,1,1,0,0,1,1
2,final_left,f32,65536,glibc_t2,P7,4,2,1,77930.00,65.0000,0.0000,0.0,79000.0,1.000,262144.0,0.000,0,0,262144,1,0,1,0,1,1
2,final_left,f32,65536,glibc_t2,FIXED_TWIN,4,3,1,97474.00,65.0000,0.0000,0.0,98000.0,1.000,262144.0,0.000,0,0,262144,1,0,1,0,1,1
2,final_left,f32,65536,glibc_t2,P6,5,0,1,94621.00,65.0000,0.0000,0.0,96000.0,1.000,262144.0,0.000,0,0,262144,1,1,0,0,1,1
2,final_left,f32,65536,glibc_t2,P7,5,1,1,82118.00,65.0000,0.0000,0.0,83000.0,1.000,262144.0,0.000,0,0,262144,1,0,1,0,1,1
2,final_left,f32,65536,glibc_t2,FIXED_TWIN,5,2,1,76320.00,65.0000,0.0000,0.0,77000.0,1.000,262144.0,0.000,0,0,262144,1,0,1,0,1,1
2,final_left,f32,65536,glibc_t2,P5,5,3,1,157673.00,130.0000,0.0000,0.0,159000.0,2.000,524288.0,0.000,0,0,524288,2,0,0,0,1,1
2,final_left,f32,65536,glibc_t2,P7,6,0,1,81647.00,65.0000,0.0000,0.0,83000.0,1.000,262144.0,0.000,0,0,262144,1,0,1,0,1,1
2,final_left,f32,65536,glibc_t2,FIXED_TWIN,6,1,1,78328.00,65.0000,0.0000,0.0,79000.0,1.000,262144.0,0.000,0,0,262144,1,0,1,0,1,1
2,final_left,f32,65536,glibc_t2,P5,6,2,1,157072.00,130.0000,0.0000,0.0,158000.0,2.000,524288.0,0.000,0,0,524288,2,0,0,0,1,1
2,final_left,f32,65536,glibc_t2,P6,6,3,1,82507.00,65.0000,0.0000,0.0,83000.0,1.000,262144.0,0.000,0,0,262144,1,1,0,0,1,1
2,final_left,f32,65536,glibc_t2,FIXED_TWIN,7,0,1,253909.00,65.0000,0.0000,52000.0,206000.0,1.000,262144.0,0.000,0,0,262144,1,0,1,0,1,1
2,final_left,f32,65536,glibc_t2,P5,7,1,1,171129.00,130.0000,0.0000,173000.0,0.0,2.000,524288.0,0.000,0,0,524288,2,0,0,0,1,1
2,final_left,f32,65536,glibc_t2,P6,7,2,1,82439.00,65.0000,0.0000,84000.0,0.0,1.000,262144.0,0.000,0,0,262144,1,1,0,0,1,1
2,final_left,f32,65536,glibc_t2,P7,7,3,1,76032.00,65.0000,0.0000,77000.0,0.0,1.000,262144.0,0.000,0,0,262144,1,0,1,0,1,1
2,final_left,f32,65536,glibc_t2,P5,8,0,1,158220.00,130.0000,0.0000,159000.0,0.0,2.000,524288.0,0.000,0,0,524288,2,0,0,0,1,1
2,final_left,f32,65536,glibc_t2,P6,8,1,1,88695.00,65.0000,0.0000,90000.0,0.0,1.000,262144.0,0.000,0,0,262144,1,1,0,0,1,1
2,final_left,f32,65536,glibc_t2,P7,8,2,1,75806.00,65.0000,0.0000,77000.0,0.0,1.000,262144.0,0.000,0,0,262144,1,0,1,0,1,1
2,final_left,f32,65536,glibc_t2,FIXED_TWIN,8,3,1,78132.00,65.0000,0.0000,79000.0,0.0,1.000,262144.0,0.000,0,0,262144,1,0,1,0,1,1
2,final_left,f32,65536,glibc_t2,P6,9,0,1,104611.00,65.0000,0.0000,106000.0,0.0,1.000,262144.0,0.000,0,0,262144,1,1,0,0,1,1
2,final_left,f32,65536,glibc_t2,P7,9,1,1,81103.00,65.0000,0.0000,82000.0,0.0,1.000,262144.0,0.000,0,0,262144,1,0,1,0,1,1
2,final_left,f32,65536,glibc_t2,FIXED_TWIN,9,2,1,82213.00,65.0000,0.0000,83000.0,0.0,1.000,262144.0,0.000,0,0,262144,1,0,1,0,1,1
2,final_left,f32,65536,glibc_t2,P5,9,3,1,183948.00,130.0000,0.0000,184000.0,0.0,2.000,524288.0,0.000,0,0,524288,2,0,0,0,1,1
2,final_left,f32,65536,glibc_t2,P7,10,0,1,81243.00,65.0000,0.0000,0.0,82000.0,1.000,262144.0,0.000,0,0,262144,1,0,1,0,1,1
2,final_left,f32,65536,glibc_t2,FIXED_TWIN,10,1,1,83320.00,65.0000,0.0000,0.0,84000.0,1.000,262144.0,0.000,0,0,262144,1,0,1,0,1,1
2,final_left,f32,65536,glibc_t2,P5,10,2,1,174419.00,130.0000,0.0000,0.0,176000.0,2.000,524288.0,0.000,0,0,524288,2,0,0,0,1,1
2,final_left,f32,65536,glibc_t2,P6,10,3,1,85486.00,65.0000,0.0000,0.0,87000.0,1.000,262144.0,0.000,0,0,262144,1,1,0,0,1,1
2,final_left,f32,65536,glibc_t2,FIXED_TWIN,11,0,1,80596.00,65.0000,0.0000,0.0,81000.0,1.000,262144.0,0.000,0,0,262144,1,0,1,0,1,1
2,final_left,f32,65536,glibc_t2,P5,11,1,1,178649.00,130.0000,0.0000,0.0,179000.0,2.000,524288.0,0.000,0,0,524288,2,0,0,0,1,1
2,final_left,f32,65536,glibc_t2,P6,11,2,1,218992.00,65.0000,0.0000,0.0,222000.0,1.000,262144.0,0.000,0,0,262144,1,1,0,0,1,1
2,final_left,f32,65536,glibc_t2,P7,11,3,1,625721.00,65.0000,0.0000,0.0,628000.0,1.000,262144.0,0.000,0,0,262144,1,0,1,0,1,1
2,final_left,f32,65536,glibc_t2,P5,12,0,1,391320.00,130.0000,0.0000,0.0,394000.0,2.000,524288.0,0.000,0,0,524288,2,0,0,0,1,1
2,final_left,f32,65536,glibc_t2,P6,12,1,1,86993.00,65.0000,0.0000,0.0,90000.0,1.000,262144.0,0.000,0,0,262144,1,1,0,0,1,1
2,final_left,f32,65536,glibc_t2,P7,12,2,1,81360.00,65.0000,0.0000,0.0,82000.0,1.000,262144.0,0.000,0,0,262144,1,0,1,0,1,1
2,final_left,f32,65536,glibc_t2,FIXED_TWIN,12,3,1,121796.00,65.0000,0.0000,0.0,122000.0,1.000,262144.0,0.000,0,0,262144,1,0,1,0,1,1
2,final_left,f32,65536,glibc_t2,P6,13,0,1,90630.00,65.0000,0.0000,0.0,92000.0,1.000,262144.0,0.000,0,0,262144,1,1,0,0,1,1
2,final_left,f32,65536,glibc_t2,P7,13,1,1,82594.00,65.0000,0.0000,0.0,84000.0,1.000,262144.0,0.000,0,0,262144,1,0,1,0,1,1
2,final_left,f32,65536,glibc_t2,FIXED_TWIN,13,2,1,80957.00,65.0000,0.0000,0.0,82000.0,1.000,262144.0,0.000,0,0,262144,1,0,1,0,1,1
2,final_left,f32,65536,glibc_t2,P5,13,3,1,215625.00,130.0000,0.0000,0.0,217000.0,2.000,524288.0,0.000,0,0,524288,2,0,0,0,1,1
2,final_left,f32,65536,glibc_t2,P7,14,0,1,231306.00,65.0000,0.0000,0.0,234000.0,1.000,262144.0,0.000,0,0,262144,1,0,1,0,1,1
2,final_left,f32,65536,glibc_t2,FIXED_TWIN,14,1,1,85732.00,65.0000,0.0000,0.0,87000.0,1.000,262144.0,0.000,0,0,262144,1,0,1,0,1,1
2,final_left,f32,65536,glibc_t2,P5,14,2,1,153726.00,130.0000,0.0000,0.0,155000.0,2.000,524288.0,0.000,0,0,524288,2,0,0,0,1,1
2,final_left,f32,65536,glibc_t2,P6,14,3,1,124796.00,65.0000,0.0000,0.0,128000.0,1.000,262144.0,0.000,0,0,262144,1,1,0,0,1,1
2,final_left,f32,262144,glibc_t2,P5,0,0,1,827999.00,514.0000,0.0000,475000.0,357000.0,2.000,2097152.0,0.000,0,0,2097152,2,0,0,0,1,1
2,final_left,f32,262144,glibc_t2,P6,0,1,1,402796.00,257.0000,0.0000,232000.0,175000.0,1.000,1048576.0,0.000,0,0,1048576,1,1,0,0,1,1
2,final_left,f32,262144,glibc_t2,P7,0,2,1,408188.00,257.0000,0.0000,411000.0,0.0,1.000,1048576.0,0.000,0,0,1048576,1,0,1,0,1,1
2,final_left,f32,262144,glibc_t2,FIXED_TWIN,0,3,1,381151.00,257.0000,0.0000,384000.0,0.0,1.000,1048576.0,0.000,0,0,1048576,1,0,1,0,1,1
2,final_left,f32,262144,glibc_t2,P6,1,0,1,458848.00,257.0000,0.0000,461000.0,0.0,1.000,1048576.0,0.000,0,0,1048576,1,1,0,0,1,1
2,final_left,f32,262144,glibc_t2,P7,1,1,1,362784.00,257.0000,0.0000,0.0,365000.0,1.000,1048576.0,0.000,0,0,1048576,1,0,1,0,1,1
2,final_left,f32,262144,glibc_t2,FIXED_TWIN,1,2,1,356511.00,257.0000,0.0000,0.0,359000.0,1.000,1048576.0,0.000,0,0,1048576,1,0,1,0,1,1
2,final_left,f32,262144,glibc_t2,P5,1,3,1,893017.00,514.0000,0.0000,0.0,897000.0,2.000,2097152.0,0.000,0,0,2097152,2,0,0,0,1,1
2,final_left,f32,262144,glibc_t2,P7,2,0,1,416754.00,257.0000,0.0000,0.0,419000.0,1.000,1048576.0,0.000,0,0,1048576,1,0,1,0,1,1
2,final_left,f32,262144,glibc_t2,FIXED_TWIN,2,1,1,395972.00,257.0000,0.0000,0.0,399000.0,1.000,1048576.0,0.000,0,0,1048576,1,0,1,0,1,1
2,final_left,f32,262144,glibc_t2,P5,2,2,1,922921.00,514.0000,0.0000,925000.0,0.0,2.000,2097152.0,0.000,0,0,2097152,2,0,0,0,1,1
2,final_left,f32,262144,glibc_t2,P6,2,3,1,495532.00,257.0000,0.0000,499000.0,0.0,1.000,1048576.0,0.000,0,0,1048576,1,1,0,0,1,1
2,final_left,f32,262144,glibc_t2,FIXED_TWIN,3,0,1,408681.00,257.0000,0.0000,234000.0,177000.0,1.000,1048576.0,0.000,0,0,1048576,1,0,1,0,1,1
2,final_left,f32,262144,glibc_t2,P5,3,1,1,725383.00,514.0000,0.0000,727000.0,0.0,2.000,2097152.0,0.000,0,0,2097152,2,0,0,0,1,1
2,final_left,f32,262144,glibc_t2,P6,3,2,1,417557.00,257.0000,0.0000,451000.0,0.0,1.000,1048576.0,0.000,0,0,1048576,1,1,0,0,1,1
2,final_left,f32,262144,glibc_t2,P7,3,3,1,362381.00,257.0000,0.0000,0.0,364000.0,1.000,1048576.0,0.000,0,0,1048576,1,0,1,0,1,1
2,final_left,f32,262144,glibc_t2,P5,4,0,1,733153.00,514.0000,0.0000,0.0,735000.0,2.000,2097152.0,0.000,0,0,2097152,2,0,0,0,1,1
2,final_left,f32,262144,glibc_t2,P6,4,1,1,390756.00,257.0000,0.0000,225000.0,169000.0,1.000,1048576.0,0.000,0,0,1048576,1,1,0,0,1,1
2,final_left,f32,262144,glibc_t2,P7,4,2,1,500996.00,257.0000,0.0000,504000.0,0.0,1.000,1048576.0,0.000,0,0,1048576,1,0,1,0,1,1
2,final_left,f32,262144,glibc_t2,FIXED_TWIN,4,3,1,375155.00,257.0000,0.0000,378000.0,0.0,1.000,1048576.0,0.000,0,0,1048576,1,0,1,0,1,1
2,final_left,f32,262144,glibc_t2,P6,5,0,1,411107.00,257.0000,0.0000,398000.0,15000.0,1.000,1048576.0,0.000,0,0,1048576,1,1,0,0,1,1
2,final_left,f32,262144,glibc_t2,P7,5,1,1,426027.00,257.0000,0.0000,428000.0,0.0,1.000,1048576.0,0.000,0,0,1048576,1,0,1,0,1,1
2,final_left,f32,262144,glibc_t2,FIXED_TWIN,5,2,1,382333.00,257.0000,0.0000,385000.0,0.0,1.000,1048576.0,0.000,0,0,1048576,1,0,1,0,1,1
2,final_left,f32,262144,glibc_t2,P5,5,3,1,901998.00,514.0000,0.0000,905000.0,0.0,2.000,2097152.0,0.000,0,0,2097152,2,0,0,0,1,1
2,final_left,f32,262144,glibc_t2,P7,6,0,1,354930.00,257.0000,0.0000,357000.0,0.0,1.000,1048576.0,0.000,0,0,1048576,1,0,1,0,1,1
2,final_left,f32,262144,glibc_t2,FIXED_TWIN,6,1,1,400709.00,257.0000,0.0000,405000.0,0.0,1.000,1048576.0,0.000,0,0,1048576,1,0,1,0,1,1
2,final_left,f32,262144,glibc_t2,P5,6,2,1,891309.00,514.0000,0.0000,0.0,894000.0,2.000,2097152.0,0.000,0,0,2097152,2,0,0,0,1,1
2,final_left,f32,262144,glibc_t2,P6,6,3,1,535567.00,257.0000,0.0000,308000.0,231000.0,1.000,1048576.0,0.000,0,0,1048576,1,1,0,0,1,1
2,final_left,f32,262144,glibc_t2,FIXED_TWIN,7,0,1,425322.00,257.0000,0.0000,0.0,428000.0,1.000,1048576.0,0.000,0,0,1048576,1,0,1,0,1,1
2,final_left,f32,262144,glibc_t2,P5,7,1,1,765322.00,514.0000,0.0000,0.0,769000.0,2.000,2097152.0,0.000,0,0,2097152,2,0,0,0,1,1
2,final_left,f32,262144,glibc_t2,P6,7,2,1,451829.00,257.0000,0.0000,455000.0,0.0,1.000,1048576.0,0.000,0,0,1048576,1,1,0,0,1,1
2,final_left,f32,262144,glibc_t2,P7,7,3,1,363616.00,257.0000,0.0000,366000.0,0.0,1.000,1048576.0,0.000,0,0,1048576,1,0,1,0,1,1
2,final_left,f32,262144,glibc_t2,P5,8,0,1,729592.00,514.0000,0.0000,732000.0,0.0,2.000,2097152.0,0.000,0,0,2097152,2,0,0,0,1,1
2,final_left,f32,262144,glibc_t2,P6,8,1,1,544440.00,257.0000,0.0000,0.0,548000.0,1.000,1048576.0,0.000,0,0,1048576,1,1,0,0,1,1
2,final_left,f32,262144,glibc_t2,P7,8,2,1,512468.00,257.0000,0.0000,0.0,516000.0,1.000,1048576.0,0.000,0,0,1048576,1,0,1,0,1,1
2,final_left,f32,262144,glibc_t2,FIXED_TWIN,8,3,1,708058.00,257.0000,0.0000,0.0,712000.0,1.000,1048576.0,0.000,0,0,1048576,1,0,1,0,1,1
2,final_left,f32,262144,glibc_t2,P6,9,0,1,587895.00,257.0000,0.0000,0.0,594000.0,1.000,1048576.0,0.000,0,0,1048576,1,1,0,0,1,1
2,final_left,f32,262144,glibc_t2,P7,9,1,1,385637.00,257.0000,0.0000,0.0,388000.0,1.000,1048576.0,0.000,0,0,1048576,1,0,1,0,1,1
2,final_left,f32,262144,glibc_t2,FIXED_TWIN,9,2,1,416537.00,257.0000,0.0000,0.0,419000.0,1.000,1048576.0,0.000,0,0,1048576,1,0,1,0,1,1
2,final_left,f32,262144,glibc_t2,P5,9,3,1,752719.00,514.0000,0.0000,431000.0,325000.0,2.000,2097152.0,0.000,0,0,2097152,2,0,0,0,1,1
2,final_left,f32,262144,glibc_t2,P7,10,0,1,423568.00,257.0000,0.0000,427000.0,0.0,1.000,1048576.0,0.000,0,0,1048576,1,0,1,0,1,1
2,final_left,f32,262144,glibc_t2,FIXED_TWIN,10,1,1,355399.00,257.0000,0.0000,358000.0,0.0,1.000,1048576.0,0.000,0,0,1048576,1,0,1,0,1,1
2,final_left,f32,262144,glibc_t2,P5,10,2,1,758626.00,514.0000,0.0000,0.0,760000.0,2.000,2097152.0,0.000,0,0,2097152,2,0,0,0,1,1
2,final_left,f32,262144,glibc_t2,P6,10,3,1,401724.00,257.0000,0.0000,0.0,406000.0,1.000,1048576.0,0.000,0,0,1048576,1,1,0,0,1,1
2,final_left,f32,262144,glibc_t2,FIXED_TWIN,11,0,1,644017.00,257.0000,0.0000,21000.0,628000.0,1.000,1048576.0,0.000,0,0,1048576,1,0,1,0,1,1
2,final_left,f32,262144,glibc_t2,P5,11,1,1,772796.00,514.0000,0.0000,0.0,775000.0,2.000,2097152.0,0.000,0,0,2097152,2,0,0,0,1,1
2,final_left,f32,262144,glibc_t2,P6,11,2,1,561186.00,257.0000,0.0000,0.0,565000.0,1.000,1048576.0,0.000,0,0,1048576,1,1,0,0,1,1
2,final_left,f32,262144,glibc_t2,P7,11,3,1,422090.00,257.0000,0.0000,0.0,425000.0,1.000,1048576.0,0.000,0,0,1048576,1,0,1,0,1,1
2,final_left,f32,262144,glibc_t2,P5,12,0,1,753180.00,514.0000,0.0000,0.0,756000.0,2.000,2097152.0,0.000,0,0,2097152,2,0,0,0,1,1
2,final_left,f32,262144,glibc_t2,P6,12,1,1,395546.00,257.0000,0.0000,0.0,399000.0,1.000,1048576.0,0.000,0,0,1048576,1,1,0,0,1,1
2,final_left,f32,262144,glibc_t2,P7,12,2,1,385112.00,257.0000,0.0000,388000.0,0.0,1.000,1048576.0,0.000,0,0,1048576,1,0,1,0,1,1
2,final_left,f32,262144,glibc_t2,FIXED_TWIN,12,3,1,363428.00,257.0000,0.0000,366000.0,0.0,1.000,1048576.0,0.000,0,0,1048576,1,0,1,0,1,1
2,final_left,f32,262144,glibc_t2,P6,13,0,1,404934.00,257.0000,0.0000,394000.0,13000.0,1.000,1048576.0,0.000,0,0,1048576,1,1,0,0,1,1
2,final_left,f32,262144,glibc_t2,P7,13,1,1,462912.00,257.0000,0.0000,466000.0,0.0,1.000,1048576.0,0.000,0,0,1048576,1,0,1,0,1,1
2,final_left,f32,262144,glibc_t2,FIXED_TWIN,13,2,1,446561.00,257.0000,0.0000,449000.0,0.0,1.000,1048576.0,0.000,0,0,1048576,1,0,1,0,1,1
2,final_left,f32,262144,glibc_t2,P5,13,3,1,803542.00,514.0000,0.0000,0.0,806000.0,2.000,2097152.0,0.000,0,0,2097152,2,0,0,0,1,1
2,final_left,f32,262144,glibc_t2,P7,14,0,1,374130.00,257.0000,0.0000,0.0,377000.0,1.000,1048576.0,0.000,0,0,1048576,1,0,1,0,1,1
2,final_left,f32,262144,glibc_t2,FIXED_TWIN,14,1,1,461656.00,257.0000,0.0000,0.0,466000.0,1.000,1048576.0,0.000,0,0,1048576,1,0,1,0,1,1
2,final_left,f32,262144,glibc_t2,P5,14,2,1,717413.00,514.0000,0.0000,0.0,720000.0,2.000,2097152.0,0.000,0,0,2097152,2,0,0,0,1,1
2,final_left,f32,262144,glibc_t2,P6,14,3,1,419069.00,257.0000,0.0000,0.0,423000.0,1.000,1048576.0,0.000,0,0,1048576,1,1,0,0,1,1
2,final_left,f32,1048576,glibc_t2,P5,0,0,1,3676428.00,2050.0000,0.0000,0.0,3682000.0,2.000,8388608.0,0.000,0,0,8388608,2,0,0,0,1,1
2,final_left,f32,1048576,glibc_t2,P6,0,1,1,1789504.00,1025.0000,0.0000,999000.0,796000.0,1.000,4194304.0,0.000,0,0,4194304,1,1,0,0,1,1
2,final_left,f32,1048576,glibc_t2,P7,0,2,1,1623533.00,1025.0000,0.0000,1627000.0,0.0,1.000,4194304.0,0.000,0,0,4194304,1,0,1,0,1,1
2,final_left,f32,1048576,glibc_t2,FIXED_TWIN,0,3,1,2000113.00,1025.0000,0.0000,0.0,2007000.0,1.000,4194304.0,0.000,0,0,4194304,1,0,1,0,1,1
2,final_left,f32,1048576,glibc_t2,P6,1,0,1,1765228.00,1025.0000,0.0000,1003000.0,767000.0,1.000,4194304.0,0.000,0,0,4194304,1,1,0,0,1,1
2,final_left,f32,1048576,glibc_t2,P7,1,1,1,1833002.00,1025.0000,0.0000,1838000.0,0.0,1.000,4194304.0,0.000,0,0,4194304,1,0,1,0,1,1
2,final_left,f32,1048576,glibc_t2,FIXED_TWIN,1,2,1,1752485.00,1025.0000,0.0000,995000.0,761000.0,1.000,4194304.0,0.000,0,0,4194304,1,0,1,0,1,1
2,final_left,f32,1048576,glibc_t2,P5,1,3,1,4149020.00,2050.0000,0.0000,4085000.0,67000.0,2.000,8388608.0,0.000,0,0,8388608,2,0,0,0,1,1
2,final_left,f32,1048576,glibc_t2,P7,2,0,1,1659701.00,1025.0000,0.0000,942000.0,720000.0,1.000,4194304.0,0.000,0,0,4194304,1,0,1,0,1,1
2,final_left,f32,1048576,glibc_t2,FIXED_TWIN,2,1,1,1738592.00,1025.0000,0.0000,1129000.0,614000.0,1.000,4194304.0,0.000,0,0,4194304,1,0,1,0,1,1
2,final_left,f32,1048576,glibc_t2,P5,2,2,1,4285104.00,2050.0000,0.0000,4162000.0,126000.0,2.000,8388608.0,0.000,0,0,8388608,2,0,0,0,1,1
2,final_left,f32,1048576,glibc_t2,P6,2,3,1,1912644.00,1025.0000,0.0000,1088000.0,831000.0,1.000,4194304.0,0.000,0,0,4194304,1,1,0,0,1,1
2,final_left,f32,1048576,glibc_t2,FIXED_TWIN,3,0,1,1790770.00,1025.0000,0.0000,1795000.0,0.0,1.000,4194304.0,0.000,0,0,4194304,1,0,1,0,1,1
2,final_left,f32,1048576,glibc_t2,P5,3,1,1,4299226.00,2050.0000,0.0000,578000.0,3725000.0,2.000,8388608.0,0.000,0,0,8388608,2,0,0,0,1,1
2,final_left,f32,1048576,glibc_t2,P6,3,2,1,1779881.00,1025.0000,0.0000,1784000.0,0.0,1.000,4194304.0,0.000,0,0,4194304,1,1,0,0,1,1
2,final_left,f32,1048576,glibc_t2,P7,3,3,1,1921195.00,1025.0000,0.0000,1093000.0,832000.0,1.000,4194304.0,0.000,0,0,4194304,1,0,1,0,1,1
2,final_left,f32,1048576,glibc_t2,P5,4,0,1,3558157.00,2050.0000,0.0000,2021000.0,1540000.0,2.000,8388608.0,0.000,0,0,8388608,2,0,0,0,1,1
2,final_left,f32,1048576,glibc_t2,P6,4,1,1,2081689.00,1025.0000,0.0000,0.0,2087000.0,1.000,4194304.0,0.000,0,0,4194304,1,1,0,0,1,1
2,final_left,f32,1048576,glibc_t2,P7,4,2,1,2067982.00,1025.0000,0.0000,0.0,2072000.0,1.000,4194304.0,0.000,0,0,4194304,1,0,1,0,1,1
2,final_left,f32,1048576,glibc_t2,FIXED_TWIN,4,3,1,2069362.00,1025.0000,0.0000,0.0,2073000.0,1.000,4194304.0,0.000,0,0,4194304,1,0,1,0,1,1
2,final_left,f32,1048576,glibc_t2,P6,5,0,1,1930353.00,1025.0000,0.0000,0.0,1935000.0,1.000,4194304.0,0.000,0,0,4194304,1,1,0,0,1,1
2,final_left,f32,1048576,glibc_t2,P7,5,1,1,1652048.00,1025.0000,0.0000,0.0,1655000.0,1.000,4194304.0,0.000,0,0,4194304,1,0,1,0,1,1
2,final_left,f32,1048576,glibc_t2,FIXED_TWIN,5,2,1,1577587.00,1025.0000,0.0000,243000.0,1337000.0,1.000,4194304.0,0.000,0,0,4194304,1,0,1,0,1,1
2,final_left,f32,1048576,glibc_t2,P5,5,3,1,3681412.00,2050.0000,0.0000,0.0,3684000.0,2.000,8388608.0,0.000,0,0,8388608,2,0,0,0,1,1
2,final_left,f32,1048576,glibc_t2,P7,6,0,1,1570832.00,1025.0000,0.0000,402000.0,1172000.0,1.000,4194304.0,0.000,0,0,4194304,1,0,1,0,1,1
2,final_left,f32,1048576,glibc_t2,FIXED_TWIN,6,1,1,1959108.00,1025.0000,0.0000,836000.0,1115000.0,1.000,4194304.0,0.000,0,0,4194304,1,0,1,0,1,1
2,final_left,f32,1048576,glibc_t2,P5,6,2,1,4035468.00,2050.0000,0.0000,841000.0,3198000.0,2.000,8388608.0,0.000,0,0,8388608,2,0,0,0,1,1
2,final_left,f32,1048576,glibc_t2,P6,6,3,1,2035503.00,1025.0000,0.0000,0.0,2040000.0,1.000,4194304.0,0.000,0,0,4194304,1,1,0,0,1,1
2,final_left,f32,1048576,glibc_t2,FIXED_TWIN,7,0,1,1823609.00,1025.0000,0.0000,0.0,1828000.0,1.000,4194304.0,0.000,0,0,4194304,1,0,1,0,1,1
2,final_left,f32,1048576,glibc_t2,P5,7,1,1,4310261.00,2050.0000,0.0000,178000.0,4137000.0,2.000,8388608.0,0.000,0,0,8388608,2,0,0,0,1,1
2,final_left,f32,1048576,glibc_t2,P6,7,2,1,2107829.00,1025.0000,0.0000,0.0,2112000.0,1.000,4194304.0,0.000,0,0,4194304,1,1,0,0,1,1
2,final_left,f32,1048576,glibc_t2,P7,7,3,1,1686134.00,1025.0000,0.0000,953000.0,737000.0,1.000,4194304.0,0.000,0,0,4194304,1,0,1,0,1,1
2,final_left,f32,1048576,glibc_t2,P5,8,0,1,4451318.00,2050.0000,0.0000,3325000.0,1131000.0,2.000,8388608.0,0.000,0,0,8388608,2,0,0,0,1,1
2,final_left,f32,1048576,glibc_t2,P6,8,1,1,1944431.00,1025.0000,0.0000,1098000.0,851000.0,1.000,4194304.0,0.000,0,0,4194304,1,1,0,0,1,1
2,final_left,f32,1048576,glibc_t2,P7,8,2,1,1900278.00,1025.0000,0.0000,0.0,1904000.0,1.000,4194304.0,0.000,0,0,4194304,1,0,1,0,1,1
2,final_left,f32,1048576,glibc_t2,FIXED_TWIN,8,3,1,1648241.00,1025.0000,0.0000,0.0,1652000.0,1.000,4194304.0,0.000,0,0,4194304,1,0,1,0,1,1
2,final_left,f32,1048576,glibc_t2,P6,9,0,1,1819972.00,1025.0000,0.0000,1824000.0,0.0,1.000,4194304.0,0.000,0,0,4194304,1,1,0,0,1,1
2,final_left,f32,1048576,glibc_t2,P7,9,1,1,1706510.00,1025.0000,0.0000,0.0,1712000.0,1.000,4194304.0,0.000,0,0,4194304,1,0,1,0,1,1
2,final_left,f32,1048576,glibc_t2,FIXED_TWIN,9,2,1,1663246.00,1025.0000,0.0000,939000.0,728000.0,1.000,4194304.0,0.000,0,0,4194304,1,0,1,0,1,1
2,final_left,f32,1048576,glibc_t2,P5,9,3,1,3755788.00,2050.0000,0.0000,0.0,3759000.0,2.000,8388608.0,0.000,0,0,8388608,2,0,0,0,1,1
2,final_left,f32,1048576,glibc_t2,P7,10,0,1,1587105.00,1025.0000,0.0000,593000.0,997000.0,1.000,4194304.0,0.000,0,0,4194304,1,0,1,0,1,1
2,final_left,f32,1048576,glibc_t2,FIXED_TWIN,10,1,1,2135370.00,1025.0000,0.0000,988000.0,1152000.0,1.000,4194304.0,0.000,0,0,4194304,1,0,1,0,1,1
2,final_left,f32,1048576,glibc_t2,P5,10,2,1,3507711.00,2050.0000,0.0000,0.0,3511000.0,2.000,8388608.0,0.000,0,0,8388608,2,0,0,0,1,1
2,final_left,f32,1048576,glibc_t2,P6,10,3,1,1861269.00,1025.0000,0.0000,798000.0,1067000.0,1.000,4194304.0,0.000,0,0,4194304,1,1,0,0,1,1
2,final_left,f32,1048576,glibc_t2,FIXED_TWIN,11,0,1,1816709.00,1025.0000,0.0000,0.0,1821000.0,1.000,4194304.0,0.000,0,0,4194304,1,0,1,0,1,1
2,final_left,f32,1048576,glibc_t2,P5,11,1,1,4177126.00,2050.0000,0.0000,3912000.0,269000.0,2.000,8388608.0,0.000,0,0,8388608,2,0,0,0,1,1
2,final_left,f32,1048576,glibc_t2,P6,11,2,1,2228793.00,1025.0000,0.0000,0.0,2234000.0,1.000,4194304.0,0.000,0,0,4194304,1,1,0,0,1,1
2,final_left,f32,1048576,glibc_t2,P7,11,3,1,1641628.00,1025.0000,0.0000,0.0,1645000.0,1.000,4194304.0,0.000,0,0,4194304,1,0,1,0,1,1
2,final_left,f32,1048576,glibc_t2,P5,12,0,1,4418339.00,2050.0000,0.0000,238000.0,4185000.0,2.000,8388608.0,0.000,0,0,8388608,2,0,0,0,1,1
2,final_left,f32,1048576,glibc_t2,P6,12,1,1,2057200.00,1025.0000,0.0000,0.0,2062000.0,1.000,4194304.0,0.000,0,0,4194304,1,1,0,0,1,1
2,final_left,f32,1048576,glibc_t2,P7,12,2,1,1664261.00,1025.0000,0.0000,934000.0,733000.0,1.000,4194304.0,0.000,0,0,4194304,1,0,1,0,1,1
2,final_left,f32,1048576,glibc_t2,FIXED_TWIN,12,3,1,1789975.00,1025.0000,0.0000,824000.0,970000.0,1.000,4194304.0,0.000,0,0,4194304,1,0,1,0,1,1
2,final_left,f32,1048576,glibc_t2,P6,13,0,1,1914150.00,1025.0000,0.0000,0.0,1918000.0,1.000,4194304.0,0.000,0,0,4194304,1,1,0,0,1,1
2,final_left,f32,1048576,glibc_t2,P7,13,1,1,2025534.00,1025.0000,0.0000,1137000.0,892000.0,1.000,4194304.0,0.000,0,0,4194304,1,0,1,0,1,1
2,final_left,f32,1048576,glibc_t2,FIXED_TWIN,13,2,1,2208896.00,1025.0000,0.0000,0.0,2214000.0,1.000,4194304.0,0.000,0,0,4194304,1,0,1,0,1,1
2,final_left,f32,1048576,glibc_t2,P5,13,3,1,5163996.00,2050.0000,0.0000,4654000.0,514000.0,2.000,8388608.0,0.000,0,0,8388608,2,0,0,0,1,1
2,final_left,f32,1048576,glibc_t2,P7,14,0,1,2217385.00,1025.0000,0.0000,2222000.0,0.0,1.000,4194304.0,0.000,0,0,4194304,1,0,1,0,1,1
2,final_left,f32,1048576,glibc_t2,FIXED_TWIN,14,1,1,2187530.00,1025.0000,0.0000,0.0,2192000.0,1.000,4194304.0,0.000,0,0,4194304,1,0,1,0,1,1
2,final_left,f32,1048576,glibc_t2,P5,14,2,1,5036023.00,2050.0000,0.0000,0.0,5041000.0,2.000,8388608.0,0.000,0,0,8388608,2,0,0,0,1,1
2,final_left,f32,1048576,glibc_t2,P6,14,3,1,2699940.00,1025.0000,0.0000,0.0,2705000.0,1.000,4194304.0,0.000,0,0,4194304,1,1,0,0,1,1
2,final_left,f32,4194304,glibc_t2,P5,0,0,1,26985424.00,8194.0000,0.0000,7447000.0,19546000.0,2.000,33554432.0,0.000,0,0,33554432,2,0,0,0,1,1
2,final_left,f32,4194304,glibc_t2,P6,0,1,1,14483777.00,4097.0000,0.0000,11167000.0,3324000.0,1.000,16777216.0,0.000,0,0,16777216,1,1,0,0,1,1
2,final_left,f32,4194304,glibc_t2,P7,0,2,1,11622528.00,4097.0000,0.0000,7794000.0,3835000.0,1.000,16777216.0,0.000,0,0,16777216,1,0,1,0,1,1
2,final_left,f32,4194304,glibc_t2,FIXED_TWIN,0,3,1,11245866.00,4097.0000,0.0000,7586000.0,3666000.0,1.000,16777216.0,0.000,0,0,16777216,1,0,1,0,1,1
2,final_left,f32,4194304,glibc_t2,P6,1,0,1,13317923.00,4097.0000,0.0000,6517000.0,6807000.0,1.000,16777216.0,0.000,0,0,16777216,1,1,0,0,1,1
2,final_left,f32,4194304,glibc_t2,P7,1,1,1,10666422.00,4097.0000,0.0000,1481000.0,9192000.0,1.000,16777216.0,0.000,0,0,16777216,1,0,1,0,1,1
2,final_left,f32,4194304,glibc_t2,FIXED_TWIN,1,2,1,10628583.00,4097.0000,0.0000,3245000.0,7389000.0,1.000,16777216.0,0.000,0,0,16777216,1,0,1,0,1,1
2,final_left,f32,4194304,glibc_t2,P5,1,3,1,22271289.00,8194.0000,0.0000,1260000.0,21017000.0,2.000,33554432.0,0.000,0,0,33554432,2,0,0,0,1,1
2,final_left,f32,4194304,glibc_t2,P7,2,0,1,11240502.00,4097.0000,0.0000,7584000.0,3664000.0,1.000,16777216.0,0.000,0,0,16777216,1,0,1,0,1,1
2,final_left,f32,4194304,glibc_t2,FIXED_TWIN,2,1,1,10869725.00,4097.0000,0.0000,0.0,10876000.0,1.000,16777216.0,0.000,0,0,16777216,1,0,1,0,1,1
2,final_left,f32,4194304,glibc_t2,P5,2,2,1,21100946.00,8194.0000,0.0000,8472000.0,12497000.0,2.000,33554432.0,0.000,0,0,33554432,2,0,0,0,1,1
2,final_left,f32,4194304,glibc_t2,P6,2,3,1,11564962.00,4097.0000,0.0000,0.0,11572000.0,1.000,16777216.0,0.000,0,0,16777216,1,1,0,0,1,1
2,final_left,f32,4194304,glibc_t2,FIXED_TWIN,3,0,1,10394635.00,4097.0000,0.0000,9235000.0,1080000.0,1.000,16777216.0,0.000,0,0,16777216,1,0,1,0,1,1
2,final_left,f32,4194304,glibc_t2,P5,3,1,1,20978239.00,8194.0000,0.0000,4545000.0,16441000.0,2.000,33554432.0,0.000,0,0,33554432,2,0,0,0,1,1
2,final_left,f32,4194304,glibc_t2,P6,3,2,1,12345704.00,4097.0000,0.0000,4194000.0,8160000.0,1.000,16777216.0,0.000,0,0,16777216,1,1,0,0,1,1
2,final_left,f32,4194304,glibc_t2,P7,3,3,1,10696252.00,4097.0000,0.0000,10704000.0,0.0,1.000,16777216.0,0.000,0,0,16777216,1,0,1,0,1,1
2,final_left,f32,4194304,glibc_t2,P5,4,0,1,19294125.00,8194.0000,0.0000,15613000.0,3686000.0,2.000,33554432.0,0.000,0,0,33554432,2,0,0,0,1,1
2,final_left,f32,4194304,glibc_t2,P6,4,1,1,11674013.00,4097.0000,0.0000,7786000.0,3859000.0,1.000,16777216.0,0.000,0,0,16777216,1,1,0,0,1,1
2,final_left,f32,4194304,glibc_t2,P7,4,2,1,10741889.00,4097.0000,0.0000,3312000.0,7437000.0,1.000,16777216.0,0.000,0,0,16777216,1,0,1,0,1,1
2,final_left,f32,4194304,glibc_t2,FIXED_TWIN,4,3,1,10766415.00,4097.0000,0.0000,3475000.0,7298000.0,1.000,16777216.0,0.000,0,0,16777216,1,0,1,0,1,1
2,final_left,f32,4194304,glibc_t2,P6,5,0,1,11608658.00,4097.0000,0.0000,7788000.0,3828000.0,1.000,16777216.0,0.000,0,0,16777216,1,1,0,0,1,1
2,final_left,f32,4194304,glibc_t2,P7,5,1,1,10380853.00,4097.0000,0.0000,7108000.0,3279000.0,1.000,16777216.0,0.000,0,0,16777216,1,0,1,0,1,1
2,final_left,f32,4194304,glibc_t2,FIXED_TWIN,5,2,1,10451635.00,4097.0000,0.0000,0.0,10458000.0,1.000,16777216.0,0.000,0,0,16777216,1,0,1,0,1,1
2,final_left,f32,4194304,glibc_t2,P5,5,3,1,20630633.00,8194.0000,0.0000,4353000.0,16284000.0,2.000,33554432.0,0.000,0,0,33554432,2,0,0,0,1,1
2,final_left,f32,4194304,glibc_t2,P7,6,0,1,10856036.00,4097.0000,0.0000,5844000.0,5018000.0,1.000,16777216.0,0.000,0,0,16777216,1,0,1,0,1,1
2,final_left,f32,4194304,glibc_t2,FIXED_TWIN,6,1,1,11679017.00,4097.0000,0.0000,3827000.0,7859000.0,1.000,16777216.0,0.000,0,0,16777216,1,0,1,0,1,1
2,final_left,f32,4194304,glibc_t2,P5,6,2,1,20058224.00,8194.0000,0.0000,7996000.0,11997000.0,2.000,33554432.0,0.000,0,0,33554432,2,0,0,0,1,1
2,final_left,f32,4194304,glibc_t2,P6,6,3,1,11675488.00,4097.0000,0.0000,3826000.0,7856000.0,1.000,16777216.0,0.000,0,0,16777216,1,1,0,0,1,1
2,final_left,f32,4194304,glibc_t2,FIXED_TWIN,7,0,1,9922809.00,4097.0000,0.0000,6858000.0,3071000.0,1.000,16777216.0,0.000,0,0,16777216,1,0,1,0,1,1
2,final_left,f32,4194304,glibc_t2,P5,7,1,1,19436269.00,8194.0000,0.0000,11691000.0,7750000.0,2.000,33554432.0,0.000,0,0,33554432,2,0,0,0,1,1
2,final_left,f32,4194304,glibc_t2,P6,7,2,1,12718737.00,4097.0000,0.0000,8401000.0,4325000.0,1.000,16777216.0,0.000,0,0,16777216,1,1,0,0,1,1
2,final_left,f32,4194304,glibc_t2,P7,7,3,1,10809664.00,4097.0000,0.0000,7346000.0,3471000.0,1.000,16777216.0,0.000,0,0,16777216,1,0,1,0,1,1
2,final_left,f32,4194304,glibc_t2,P5,8,0,1,20264240.00,8194.0000,0.0000,4152000.0,16119000.0,2.000,33554432.0,0.000,0,0,33554432,2,0,0,0,1,1
2,final_left,f32,4194304,glibc_t2,P6,8,1,1,12161955.00,4097.0000,0.0000,8093000.0,4076000.0,1.000,16777216.0,0.000,0,0,16777216,1,1,0,0,1,1
2,final_left,f32,4194304,glibc_t2,P7,8,2,1,10543484.00,4097.0000,0.0000,5902000.0,4647000.0,1.000,16777216.0,0.000,0,0,16777216,1,0,1,0,1,1
2,final_left,f32,4194304,glibc_t2,FIXED_TWIN,8,3,1,10276462.00,4097.0000,0.0000,3050000.0,7231000.0,1.000,16777216.0,0.000,0,0,16777216,1,0,1,0,1,1
2,final_left,f32,4194304,glibc_t2,P6,9,0,1,11826044.00,4097.0000,0.0000,7950000.0,3883000.0,1.000,16777216.0,0.000,0,0,16777216,1,1,0,0,1,1
2,final_left,f32,4194304,glibc_t2,P7,9,1,1,10324155.00,4097.0000,0.0000,3076000.0,7254000.0,1.000,16777216.0,0.000,0,0,16777216,1,0,1,0,1,1
2,final_left,f32,4194304,glibc_t2,FIXED_TWIN,9,2,1,9928753.00,4097.0000,0.0000,2856000.0,7078000.0,1.000,16777216.0,0.000,0,0,16777216,1,0,1,0,1,1
2,final_left,f32,4194304,glibc_t2,P5,9,3,1,19236702.00,8194.0000,0.0000,3582000.0,15623000.0,2.000,33554432.0,0.000,0,0,33554432,2,0,0,0,1,1
2,final_left,f32,4194304,glibc_t2,P7,10,0,1,10291009.00,4097.0000,0.0000,5272000.0,5025000.0,1.000,16777216.0,0.000,0,0,16777216,1,0,1,0,1,1
2,final_left,f32,4194304,glibc_t2,FIXED_TWIN,10,1,1,10500764.00,4097.0000,0.0000,5389000.0,5118000.0,1.000,16777216.0,0.000,0,0,16777216,1,0,1,0,1,1
2,final_left,f32,4194304,glibc_t2,P5,10,2,1,21045939.00,8194.0000,0.0000,12575000.0,8464000.0,2.000,33554432.0,0.000,0,0,33554432,2,0,0,0,1,1
2,final_left,f32,4194304,glibc_t2,P6,10,3,1,11728561.00,4097.0000,0.0000,3853000.0,7882000.0,1.000,16777216.0,0.000,0,0,16777216,1,1,0,0,1,1
2,final_left,f32,4194304,glibc_t2,FIXED_TWIN,11,0,1,10691152.00,4097.0000,0.0000,3279000.0,7419000.0,1.000,16777216.0,0.000,0,0,16777216,1,0,1,0,1,1
2,final_left,f32,4194304,glibc_t2,P5,11,1,1,20493714.00,8194.0000,0.0000,8277000.0,12222000.0,2.000,33554432.0,0.000,0,0,33554432,2,0,0,0,1,1
2,final_left,f32,4194304,glibc_t2,P6,11,2,1,11131757.00,4097.0000,0.0000,3525000.0,7612000.0,1.000,16777216.0,0.000,0,0,16777216,1,1,0,0,1,1
2,final_left,f32,4194304,glibc_t2,P7,11,3,1,10251812.00,4097.0000,0.0000,3040000.0,7218000.0,1.000,16777216.0,0.000,0,0,16777216,1,0,1,0,1,1
2,final_left,f32,4194304,glibc_t2,P5,12,0,1,19795324.00,8194.0000,0.0000,0.0,19800000.0,2.000,33554432.0,0.000,0,0,33554432,2,0,0,0,1,1
2,final_left,f32,4194304,glibc_t2,P6,12,1,1,10746159.00,4097.0000,0.0000,1512000.0,9241000.0,1.000,16777216.0,0.000,0,0,16777216,1,1,0,0,1,1
2,final_left,f32,4194304,glibc_t2,P7,12,2,1,9592086.00,4097.0000,0.0000,8744000.0,722000.0,1.000,16777216.0,0.000,0,0,16777216,1,0,1,0,1,1
2,final_left,f32,4194304,glibc_t2,FIXED_TWIN,12,3,1,9846724.00,4097.0000,0.0000,9852000.0,0.0,1.000,16777216.0,0.000,0,0,16777216,1,0,1,0,1,1
2,final_left,f32,4194304,glibc_t2,P6,13,0,1,11634707.00,4097.0000,0.0000,3732000.0,7838000.0,1.000,16777216.0,0.000,0,0,16777216,1,1,0,0,1,1
2,final_left,f32,4194304,glibc_t2,P7,13,1,1,10420546.00,4097.0000,0.0000,0.0,10384000.0,1.000,16777216.0,0.000,0,0,16777216,1,0,1,0,1,1
2,final_left,f32,4194304,glibc_t2,FIXED_TWIN,13,2,1,10327422.00,4097.0000,0.0000,9281000.0,1052000.0,1.000,16777216.0,0.000,0,0,16777216,1,0,1,0,1,1
2,final_left,f32,4194304,glibc_t2,P5,13,3,1,20788326.00,8194.0000,0.0000,4437000.0,16357000.0,2.000,33554432.0,0.000,0,0,33554432,2,0,0,0,1,1
2,final_left,f32,4194304,glibc_t2,P7,14,0,1,9978939.00,4097.0000,0.0000,5089000.0,4895000.0,1.000,16777216.0,0.000,0,0,16777216,1,0,1,0,1,1
2,final_left,f32,4194304,glibc_t2,FIXED_TWIN,14,1,1,10420911.00,4097.0000,0.0000,3138000.0,7289000.0,1.000,16777216.0,0.000,0,0,16777216,1,0,1,0,1,1
2,final_left,f32,4194304,glibc_t2,P5,14,2,1,20827557.00,8194.0000,0.0000,10264000.0,10568000.0,2.000,33554432.0,0.000,0,0,33554432,2,0,0,0,1,1
2,final_left,f32,4194304,glibc_t2,P6,14,3,1,11283092.00,4097.0000,0.0000,7610000.0,3679000.0,1.000,16777216.0,0.000,0,0,16777216,1,1,0,0,1,1
2,final_left,f32,16777216,glibc_t2,P5,0,0,1,83753790.00,32770.0000,0.0000,31867000.0,51877000.0,2.000,134217728.0,0.000,0,0,134217728,2,0,0,0,1,1
2,final_left,f32,16777216,glibc_t2,P6,0,1,1,53375484.00,16385.0000,0.0000,30598000.0,22689000.0,1.000,67108864.0,0.000,0,0,67108864,1,1,0,0,1,1
2,final_left,f32,16777216,glibc_t2,P7,0,2,1,46333230.00,16385.0000,0.0000,19112000.0,27228000.0,1.000,67108864.0,0.000,0,0,67108864,1,0,1,0,1,1
2,final_left,f32,16777216,glibc_t2,FIXED_TWIN,0,3,1,45731586.00,16385.0000,0.0000,20930000.0,24809000.0,1.000,67108864.0,0.000,0,0,67108864,1,0,1,0,1,1
2,final_left,f32,16777216,glibc_t2,P6,1,0,1,56068044.00,16385.0000,0.0000,36041000.0,20035000.0,1.000,67108864.0,0.000,0,0,67108864,1,1,0,0,1,1
2,final_left,f32,16777216,glibc_t2,P7,1,1,1,46538129.00,16385.0000,0.0000,13367000.0,33179000.0,1.000,67108864.0,0.000,0,0,67108864,1,0,1,0,1,1
2,final_left,f32,16777216,glibc_t2,FIXED_TWIN,1,2,1,48545136.00,16385.0000,0.0000,20298000.0,28255000.0,1.000,67108864.0,0.000,0,0,67108864,1,0,1,0,1,1
2,final_left,f32,16777216,glibc_t2,P5,1,3,1,87532907.00,32770.0000,0.0000,23748000.0,63729000.0,2.000,134217728.0,0.000,0,0,134217728,2,0,0,0,1,1
2,final_left,f32,16777216,glibc_t2,P7,2,0,1,49901782.00,16385.0000,0.0000,18812000.0,31024000.0,1.000,67108864.0,0.000,0,0,67108864,1,0,1,0,1,1
2,final_left,f32,16777216,glibc_t2,FIXED_TWIN,2,1,1,44894716.00,16385.0000,0.0000,18345000.0,26557000.0,1.000,67108864.0,0.000,0,0,67108864,1,0,1,0,1,1
2,final_left,f32,16777216,glibc_t2,P5,2,2,1,82917708.00,32770.0000,0.0000,35426000.0,47446000.0,2.000,134217728.0,0.000,0,0,134217728,2,0,0,0,1,1
2,final_left,f32,16777216,glibc_t2,P6,2,3,1,54007398.00,16385.0000,0.0000,33079000.0,20938000.0,1.000,67108864.0,0.000,0,0,67108864,1,1,0,0,1,1
2,final_left,f32,16777216,glibc_t2,FIXED_TWIN,3,0,1,46429619.00,16385.0000,0.0000,15164000.0,31274000.0,1.000,67108864.0,0.000,0,0,67108864,1,0,1,0,1,1
2,final_left,f32,16777216,glibc_t2,P5,3,1,1,82721946.00,32770.0000,0.0000,19325000.0,63405000.0,2.000,134217728.0,0.000,0,0,134217728,2,0,0,0,1,1
2,final_left,f32,16777216,glibc_t2,P6,3,2,1,53801486.00,16385.0000,0.0000,24965000.0,28845000.0,1.000,67108864.0,0.000,0,0,67108864,1,1,0,0,1,1
2,final_left,f32,16777216,glibc_t2,P7,3,3,1,43959904.00,16385.0000,0.0000,15982000.0,27984000.0,1.000,67108864.0,0.000,0,0,67108864,1,0,1,0,1,1
2,final_left,f32,16777216,glibc_t2,P5,4,0,1,81636560.00,32770.0000,0.0000,24876000.0,56767000.0,2.000,134217728.0,0.000,0,0,134217728,2,0,0,0,1,1
2,final_left,f32,16777216,glibc_t2,P6,4,1,1,58199986.00,16385.0000,0.0000,39025000.0,19162000.0,1.000,67108864.0,0.000,0,0,67108864,1,1,0,0,1,1
2,final_left,f32,16777216,glibc_t2,P7,4,2,1,50366436.00,16385.0000,0.0000,25264000.0,25108000.0,1.000,67108864.0,0.000,0,0,67108864,1,0,1,0,1,1
2,final_left,f32,16777216,glibc_t2,FIXED_TWIN,4,3,1,46743754.00,16385.0000,0.0000,31335000.0,15417000.0,1.000,67108864.0,0.000,0,0,67108864,1,0,1,0,1,1
2,final_left,f32,16777216,glibc_t2,P6,5,0,1,56618354.00,16385.0000,0.0000,26188000.0,30412000.0,1.000,67108864.0,0.000,0,0,67108864,1,1,0,0,1,1
2,final_left,f32,16777216,glibc_t2,P7,5,1,1,46694331.00,16385.0000,0.0000,23308000.0,23394000.0,1.000,67108864.0,0.000,0,0,67108864,1,0,1,0,1,1
2,final_left,f32,16777216,glibc_t2,FIXED_TWIN,5,2,1,47535960.00,16385.0000,0.0000,19569000.0,27620000.0,1.000,67108864.0,0.000,0,0,67108864,1,0,1,0,1,1
2,final_left,f32,16777216,glibc_t2,P5,5,3,1,82997826.00,32770.0000,0.0000,23473000.0,59532000.0,2.000,134217728.0,0.000,0,0,134217728,2,0,0,0,1,1
2,final_left,f32,16777216,glibc_t2,P7,6,0,1,51312298.00,16385.0000,0.0000,15641000.0,35679000.0,1.000,67108864.0,0.000,0,0,67108864,1,0,1,0,1,1
2,final_left,f32,16777216,glibc_t2,FIXED_TWIN,6,1,1,58946514.00,16385.0000,0.0000,15450000.0,43510000.0,1.000,67108864.0,0.000,0,0,67108864,1,0,1,0,1,1
2,final_left,f32,16777216,glibc_t2,P5,6,2,1,83630464.00,32770.0000,0.0000,27798000.0,55772000.0,2.000,134217728.0,0.000,0,0,134217728,2,0,0,0,1,1
2,final_left,f32,16777216,glibc_t2,P6,6,3,1,53757625.00,16385.0000,0.0000,38811000.0,14955000.0,1.000,67108864.0,0.000,0,0,67108864,1,1,0,0,1,1
2,final_left,f32,16777216,glibc_t2,FIXED_TWIN,7,0,1,47818940.00,16385.0000,0.0000,27907000.0,19920000.0,1.000,67108864.0,0.000,0,0,67108864,1,0,1,0,1,1
2,final_left,f32,16777216,glibc_t2,P5,7,1,1,87869599.00,32770.0000,0.0000,31934000.0,55942000.0,2.000,134217728.0,0.000,0,0,134217728,2,0,0,0,1,1
2,final_left,f32,16777216,glibc_t2,P6,7,2,1,57520354.00,16385.0000,0.0000,22681000.0,34839000.0,1.000,67108864.0,0.000,0,0,67108864,1,1,0,0,1,1
2,final_left,f32,16777216,glibc_t2,P7,7,3,1,53704044.00,16385.0000,0.0000,32910000.0,20800000.0,1.000,67108864.0,0.000,0,0,67108864,1,0,1,0,1,1
2,final_left,f32,16777216,glibc_t2,P5,8,0,1,91308315.00,32770.0000,0.0000,15628000.0,75656000.0,2.000,134217728.0,0.000,0,0,134217728,2,0,0,0,1,1
2,final_left,f32,16777216,glibc_t2,P6,8,1,1,55105447.00,16385.0000,0.0000,35530000.0,19582000.0,1.000,67108864.0,0.000,0,0,67108864,1,1,0,0,1,1
2,final_left,f32,16777216,glibc_t2,P7,8,2,1,45108297.00,16385.0000,0.0000,20573000.0,24507000.0,1.000,67108864.0,0.000,0,0,67108864,1,0,1,0,1,1
2,final_left,f32,16777216,glibc_t2,FIXED_TWIN,8,3,1,46685599.00,16385.0000,0.0000,25428000.0,21264000.0,1.000,67108864.0,0.000,0,0,67108864,1,0,1,0,1,1
2,final_left,f32,16777216,glibc_t2,P6,9,0,1,55156638.00,16385.0000,0.0000,31556000.0,23608000.0,1.000,67108864.0,0.000,0,0,67108864,1,1,0,0,1,1
2,final_left,f32,16777216,glibc_t2,P7,9,1,1,50087259.00,16385.0000,0.0000,6986000.0,43111000.0,1.000,67108864.0,0.000,0,0,67108864,1,0,1,0,1,1
2,final_left,f32,16777216,glibc_t2,FIXED_TWIN,9,2,1,50357798.00,16385.0000,0.0000,31132000.0,19234000.0,1.000,67108864.0,0.000,0,0,67108864,1,0,1,0,1,1
2,final_left,f32,16777216,glibc_t2,P5,9,3,1,93965176.00,32770.0000,0.0000,34890000.0,59016000.0,2.000,134217728.0,0.000,0,0,134217728,2,0,0,0,1,1
2,final_left,f32,16777216,glibc_t2,P7,10,0,1,54420566.00,16385.0000,0.0000,25265000.0,29127000.0,1.000,67108864.0,0.000,0,0,67108864,1,0,1,0,1,1
2,final_left,f32,16777216,glibc_t2,FIXED_TWIN,10,1,1,51159411.00,16385.0000,0.0000,23558000.0,27608000.0,1.000,67108864.0,0.000,0,0,67108864,1,0,1,0,1,1
2,final_left,f32,16777216,glibc_t2,P5,10,2,1,86729719.00,32770.0000,0.0000,19326000.0,67398000.0,2.000,134217728.0,0.000,0,0,134217728,2,0,0,0,1,1
2,final_left,f32,16777216,glibc_t2,P6,10,3,1,55427489.00,16385.0000,0.0000,25812000.0,29627000.0,1.000,67108864.0,0.000,0,0,67108864,1,1,0,0,1,1
2,final_left,f32,16777216,glibc_t2,FIXED_TWIN,11,0,1,48072550.00,16385.0000,0.0000,24043000.0,24038000.0,1.000,67108864.0,0.000,0,0,67108864,1,0,1,0,1,1
2,final_left,f32,16777216,glibc_t2,P5,11,1,1,85455252.00,32770.0000,0.0000,24765000.0,60698000.0,2.000,134217728.0,0.000,0,0,134217728,2,0,0,0,1,1
2,final_left,f32,16777216,glibc_t2,P6,11,2,1,57705533.00,16385.0000,0.0000,20900000.0,36813000.0,1.000,67108864.0,0.000,0,0,67108864,1,1,0,0,1,1
2,final_left,f32,16777216,glibc_t2,P7,11,3,1,48024692.00,16385.0000,0.0000,32018000.0,16014000.0,1.000,67108864.0,0.000,0,0,67108864,1,0,1,0,1,1
2,final_left,f32,16777216,glibc_t2,P5,12,0,1,89405139.00,32770.0000,0.0000,44731000.0,44670000.0,2.000,134217728.0,0.000,0,0,134217728,2,0,0,0,1,1
2,final_left,f32,16777216,glibc_t2,P6,12,1,1,55656842.00,16385.0000,0.0000,25930000.0,29734000.0,1.000,67108864.0,0.000,0,0,67108864,1,1,0,0,1,1
2,final_left,f32,16777216,glibc_t2,P7,12,2,1,48970864.00,16385.0000,0.0000,16515000.0,32464000.0,1.000,67108864.0,0.000,0,0,67108864,1,0,1,0,1,1
2,final_left,f32,16777216,glibc_t2,FIXED_TWIN,12,3,1,51862131.00,16385.0000,0.0000,15882000.0,35860000.0,1.000,67108864.0,0.000,0,0,67108864,1,0,1,0,1,1
2,final_left,f32,16777216,glibc_t2,P6,13,0,1,55797368.00,16385.0000,0.0000,27897000.0,27908000.0,1.000,67108864.0,0.000,0,0,67108864,1,1,0,0,1,1
2,final_left,f32,16777216,glibc_t2,P7,13,1,1,47704263.00,16385.0000,0.0000,15846000.0,31865000.0,1.000,67108864.0,0.000,0,0,67108864,1,0,1,0,1,1
2,final_left,f32,16777216,glibc_t2,FIXED_TWIN,13,2,1,53508104.00,16385.0000,0.0000,24797000.0,28719000.0,1.000,67108864.0,0.000,0,0,67108864,1,0,1,0,1,1
2,final_left,f32,16777216,glibc_t2,P5,13,3,1,95477230.00,32770.0000,0.0000,19723000.0,75763000.0,2.000,134217728.0,0.000,0,0,134217728,2,0,0,0,1,1
2,final_left,f32,16777216,glibc_t2,P7,14,0,1,51065018.00,16385.0000,0.0000,11508000.0,39564000.0,1.000,67108864.0,0.000,0,0,67108864,1,0,1,0,1,1
2,final_left,f32,16777216,glibc_t2,FIXED_TWIN,14,1,1,47152496.00,16385.0000,0.0000,27560000.0,19600000.0,1.000,67108864.0,0.000,0,0,67108864,1,0,1,0,1,1
2,final_left,f32,16777216,glibc_t2,P5,14,2,1,89031771.00,32770.0000,0.0000,26445000.0,62595000.0,2.000,134217728.0,0.000,0,0,134217728,2,0,0,0,1,1
2,final_left,f32,16777216,glibc_t2,P6,14,3,1,57479688.00,16385.0000,0.0000,32780000.0,24707000.0,1.000,67108864.0,0.000,0,0,67108864,1,1,0,0,1,1
2,final_left,f32,67108864,glibc_t2,P5,0,0,1,312424966.00,131074.0000,0.0000,102325000.0,210063000.0,2.000,536870912.0,0.000,0,0,536870912,2,0,0,0,1,1
2,final_left,f32,67108864,glibc_t2,P6,0,1,1,218074123.00,65537.0000,0.0000,111051000.0,106920000.0,1.000,268435456.0,0.000,0,0,268435456,1,1,0,0,1,1
2,final_left,f32,67108864,glibc_t2,P7,0,2,1,194225489.00,65537.0000,0.0000,93043000.0,101149000.0,1.000,268435456.0,0.000,0,0,268435456,1,0,1,0,1,1
2,final_left,f32,67108864,glibc_t2,FIXED_TWIN,0,3,1,185477799.00,65537.0000,0.0000,44688000.0,140782000.0,1.000,268435456.0,0.000,0,0,268435456,1,0,1,0,1,1
2,final_left,f32,67108864,glibc_t2,P6,1,0,1,215684342.00,65537.0000,0.0000,119855000.0,95837000.0,1.000,268435456.0,0.000,0,0,268435456,1,1,0,0,1,1
2,final_left,f32,67108864,glibc_t2,P7,1,1,1,181685486.00,65537.0000,0.0000,68777000.0,112870000.0,1.000,268435456.0,0.000,0,0,268435456,1,0,1,0,1,1
2,final_left,f32,67108864,glibc_t2,FIXED_TWIN,1,2,1,175472517.00,65537.0000,0.0000,79713000.0,95725000.0,1.000,268435456.0,0.000,0,0,268435456,1,0,1,0,1,1
2,final_left,f32,67108864,glibc_t2,P5,1,3,1,317797029.00,131074.0000,0.0000,78955000.0,238777000.0,2.000,536870912.0,0.000,0,0,536870912,2,0,0,0,1,1
2,final_left,f32,67108864,glibc_t2,P7,2,0,1,207507800.00,65537.0000,0.0000,67765000.0,139737000.0,1.000,268435456.0,0.000,0,0,268435456,1,0,1,0,1,1
2,final_left,f32,67108864,glibc_t2,FIXED_TWIN,2,1,1,171700384.00,65537.0000,0.0000,67857000.0,103831000.0,1.000,268435456.0,0.000,0,0,268435456,1,0,1,0,1,1
2,final_left,f32,67108864,glibc_t2,P5,2,2,1,641279603.00,131074.0000,0.0000,80350000.0,560349000.0,2.000,536870912.0,0.000,0,0,536870912,2,0,0,0,1,1
2,final_left,f32,67108864,glibc_t2,P6,2,3,1,190381839.00,65537.0000,0.0000,77052000.0,113297000.0,1.000,268435456.0,0.000,0,0,268435456,1,1,0,0,1,1
2,final_left,f32,67108864,glibc_t2,FIXED_TWIN,3,0,1,166952889.00,65537.0000,0.0000,51509000.0,115414000.0,1.000,268435456.0,0.000,0,0,268435456,1,0,1,0,1,1
2,final_left,f32,67108864,glibc_t2,P5,3,1,1,300220687.00,131074.0000,0.0000,112105000.0,188018000.0,2.000,536870912.0,0.000,0,0,536870912,2,0,0,0,1,1
2,final_left,f32,67108864,glibc_t2,P6,3,2,1,201279093.00,65537.0000,0.0000,118617000.0,82374000.0,1.000,268435456.0,0.000,0,0,268435456,1,1,0,0,1,1
2,final_left,f32,67108864,glibc_t2,P7,3,3,1,171104213.00,65537.0000,0.0000,79586000.0,91478000.0,1.000,268435456.0,0.000,0,0,268435456,1,0,1,0,1,1
2,final_left,f32,67108864,glibc_t2,P5,4,0,1,384562698.00,131074.0000,0.0000,134055000.0,250453000.0,2.000,536870912.0,0.000,0,0,536870912,2,0,0,0,1,1
2,final_left,f32,67108864,glibc_t2,P6,4,1,1,198814911.00,65537.0000,0.0000,111435000.0,87319000.0,1.000,268435456.0,0.000,0,0,268435456,1,1,0,0,1,1
2,final_left,f32,67108864,glibc_t2,P7,4,2,1,167942306.00,65537.0000,0.0000,75954000.0,91959000.0,1.000,268435456.0,0.000,0,0,268435456,1,0,1,0,1,1
2,final_left,f32,67108864,glibc_t2,FIXED_TWIN,4,3,1,175554628.00,65537.0000,0.0000,79759000.0,95686000.0,1.000,268435456.0,0.000,0,0,268435456,1,0,1,0,1,1
2,final_left,f32,67108864,glibc_t2,P6,5,0,1,200407553.00,65537.0000,0.0000,88175000.0,112224000.0,1.000,268435456.0,0.000,0,0,268435456,1,1,0,0,1,1
2,final_left,f32,67108864,glibc_t2,P7,5,1,1,170660238.00,65537.0000,0.0000,51386000.0,119243000.0,1.000,268435456.0,0.000,0,0,268435456,1,0,1,0,1,1
2,final_left,f32,67108864,glibc_t2,FIXED_TWIN,5,2,1,176629245.00,65537.0000,0.0000,84289000.0,92338000.0,1.000,268435456.0,0.000,0,0,268435456,1,0,1,0,1,1
2,final_left,f32,67108864,glibc_t2,P5,5,3,1,314849503.00,131074.0000,0.0000,91480000.0,223342000.0,2.000,536870912.0,0.000,0,0,536870912,2,0,0,0,1,1
2,final_left,f32,67108864,glibc_t2,P7,6,0,1,188497021.00,65537.0000,0.0000,76205000.0,112249000.0,1.000,268435456.0,0.000,0,0,268435456,1,0,1,0,1,1
2,final_left,f32,67108864,glibc_t2,FIXED_TWIN,6,1,1,184802020.00,65537.0000,0.0000,92357000.0,92440000.0,1.000,268435456.0,0.000,0,0,268435456,1,0,1,0,1,1
2,final_left,f32,67108864,glibc_t2,P5,6,2,1,629385094.00,131074.0000,0.0000,80398000.0,548428000.0,2.000,536870912.0,0.000,0,0,536870912,2,0,0,0,1,1
2,final_left,f32,67108864,glibc_t2,P6,6,3,1,205780541.00,65537.0000,0.0000,96807000.0,108981000.0,1.000,268435456.0,0.000,0,0,268435456,1,1,0,0,1,1
2,final_left,f32,67108864,glibc_t2,FIXED_TWIN,7,0,1,174464715.00,65537.0000,0.0000,67308000.0,107151000.0,1.000,268435456.0,0.000,0,0,268435456,1,0,1,0,1,1
2,final_left,f32,67108864,glibc_t2,P5,7,1,1,337114661.00,131074.0000,0.0000,92506000.0,244589000.0,2.000,536870912.0,0.000,0,0,536870912,2,0,0,0,1,1
2,final_left,f32,67108864,glibc_t2,P6,7,2,1,210370391.00,65537.0000,0.0000,115261000.0,95105000.0,1.000,268435456.0,0.000,0,0,268435456,1,1,0,0,1,1
2,final_left,f32,67108864,glibc_t2,P7,7,3,1,182625611.00,65537.0000,0.0000,69193000.0,113420000.0,1.000,268435456.0,0.000,0,0,268435456,1,0,1,0,1,1
2,final_left,f32,67108864,glibc_t2,P5,8,0,1,309994978.00,131074.0000,0.0000,67102000.0,242884000.0,2.000,536870912.0,0.000,0,0,536870912,2,0,0,0,1,1
2,final_left,f32,67108864,glibc_t2,P6,8,1,1,198562496.00,65537.0000,0.0000,97156000.0,101414000.0,1.000,268435456.0,0.000,0,0,268435456,1,1,0,0,1,1
2,final_left,f32,67108864,glibc_t2,P7,8,2,1,174433297.00,65537.0000,0.0000,65100000.0,109340000.0,1.000,268435456.0,0.000,0,0,268435456,1,0,1,0,1,1
2,final_left,f32,67108864,glibc_t2,FIXED_TWIN,8,3,1,168524374.00,65537.0000,0.0000,72240000.0,96291000.0,1.000,268435456.0,0.000,0,0,268435456,1,0,1,0,1,1
2,final_left,f32,67108864,glibc_t2,P6,9,0,1,196969545.00,65537.0000,0.0000,96378000.0,100535000.0,1.000,268435456.0,0.000,0,0,268435456,1,1,0,0,1,1
2,final_left,f32,67108864,glibc_t2,P7,9,1,1,175706880.00,65537.0000,0.0000,59651000.0,115568000.0,1.000,268435456.0,0.000,0,0,268435456,1,0,1,0,1,1
2,final_left,f32,67108864,glibc_t2,FIXED_TWIN,9,2,1,162875604.00,65537.0000,0.0000,69308000.0,93562000.0,1.000,268435456.0,0.000,0,0,268435456,1,0,1,0,1,1
2,final_left,f32,67108864,glibc_t2,P5,9,3,1,313565733.00,131074.0000,0.0000,106895000.0,206561000.0,2.000,536870912.0,0.000,0,0,536870912,2,0,0,0,1,1
2,final_left,f32,67108864,glibc_t2,P7,10,0,1,179458045.00,65537.0000,0.0000,75760000.0,103667000.0,1.000,268435456.0,0.000,0,0,268435456,1,0,1,0,1,1
2,final_left,f32,67108864,glibc_t2,FIXED_TWIN,10,1,1,180412038.00,65537.0000,0.0000,60165000.0,120222000.0,1.000,268435456.0,0.000,0,0,268435456,1,0,1,0,1,1
2,final_left,f32,67108864,glibc_t2,P5,10,2,1,462268634.00,131074.0000,0.0000,87053000.0,374802000.0,2.000,536870912.0,0.000,0,0,536870912,2,0,0,0,1,1
2,final_left,f32,67108864,glibc_t2,P6,10,3,1,201453982.00,65537.0000,0.0000,86861000.0,114601000.0,1.000,268435456.0,0.000,0,0,268435456,1,1,0,0,1,1
2,final_left,f32,67108864,glibc_t2,FIXED_TWIN,11,0,1,180045554.00,65537.0000,0.0000,68012000.0,112012000.0,1.000,268435456.0,0.000,0,0,268435456,1,0,1,0,1,1
2,final_left,f32,67108864,glibc_t2,P5,11,1,1,310568087.00,131074.0000,0.0000,109146000.0,201380000.0,2.000,536870912.0,0.000,0,0,536870912,2,0,0,0,1,1
2,final_left,f32,67108864,glibc_t2,P6,11,2,1,204715735.00,65537.0000,0.0000,108305000.0,96398000.0,1.000,268435456.0,0.000,0,0,268435456,1,1,0,0,1,1
2,final_left,f32,67108864,glibc_t2,P7,11,3,1,205197644.00,65537.0000,0.0000,82739000.0,122403000.0,1.000,268435456.0,0.000,0,0,268435456,1,0,1,0,1,1
2,final_left,f32,67108864,glibc_t2,P5,12,0,1,318700653.00,131074.0000,0.0000,97163000.0,221466000.0,2.000,536870912.0,0.000,0,0,536870912,2,0,0,0,1,1
2,final_left,f32,67108864,glibc_t2,P6,12,1,1,219721447.00,65537.0000,0.0000,137603000.0,82054000.0,1.000,268435456.0,0.000,0,0,268435456,1,1,0,0,1,1
2,final_left,f32,67108864,glibc_t2,P7,12,2,1,176877154.00,65537.0000,0.0000,88399000.0,88475000.0,1.000,268435456.0,0.000,0,0,268435456,1,0,1,0,1,1
2,final_left,f32,67108864,glibc_t2,FIXED_TWIN,12,3,1,173031447.00,65537.0000,0.0000,112361000.0,60571000.0,1.000,268435456.0,0.000,0,0,268435456,1,0,1,0,1,1
2,final_left,f32,67108864,glibc_t2,P6,13,0,1,194851737.00,65537.0000,0.0000,107481000.0,87342000.0,1.000,268435456.0,0.000,0,0,268435456,1,1,0,0,1,1
2,final_left,f32,67108864,glibc_t2,P7,13,1,1,184310178.00,65537.0000,0.0000,83903000.0,99874000.0,1.000,268435456.0,0.000,0,0,268435456,1,0,1,0,1,1
2,final_left,f32,67108864,glibc_t2,FIXED_TWIN,13,2,1,167183390.00,65537.0000,0.0000,75616000.0,91539000.0,1.000,268435456.0,0.000,0,0,268435456,1,0,1,0,1,1
2,final_left,f32,67108864,glibc_t2,P5,13,3,1,311760107.00,131074.0000,0.0000,51903000.0,259839000.0,2.000,536870912.0,0.000,0,0,536870912,2,0,0,0,1,1
2,final_left,f32,67108864,glibc_t2,P7,14,0,1,175800672.00,65537.0000,0.0000,67879000.0,107850000.0,1.000,268435456.0,0.000,0,0,268435456,1,0,1,0,1,1
2,final_left,f32,67108864,glibc_t2,FIXED_TWIN,14,1,1,167218947.00,65537.0000,0.0000,81450000.0,85774000.0,1.000,268435456.0,0.000,0,0,268435456,1,0,1,0,1,1
2,final_left,f32,67108864,glibc_t2,P5,14,2,1,309179964.00,131074.0000,0.0000,114704000.0,194437000.0,2.000,536870912.0,0.000,0,0,536870912,2,0,0,0,1,1
2,final_left,f32,67108864,glibc_t2,P6,14,3,1,221508084.00,65537.0000,0.0000,118844000.0,102626000.0,1.000,268435456.0,0.000,0,0,268435456,1,1,0,0,1,1
2,final_right,f32,64,glibc_t2,P5,0,0,1000,1407.46,0.0000,0.0000,638.0,774.0,2.000,512.0,0.000,0,0,256256,2,0,0,0,1,1
2,final_right,f32,64,glibc_t2,P6,0,1,1000,1382.59,0.0000,0.0000,1272.0,112.0,1.000,256.0,0.000,0,0,256000,1,1,0,0,1,1
2,final_right,f32,64,glibc_t2,P7,0,2,1000,1390.19,0.0000,0.0000,1377.0,14.0,1.000,256.0,0.000,0,0,256000,1,0,1,0,1,1
2,final_right,f32,64,glibc_t2,FIXED_TWIN,0,3,1000,1339.03,0.0000,0.0000,1296.0,44.0,1.000,256.0,0.000,0,0,256000,1,0,1,0,1,1
2,final_right,f32,64,glibc_t2,P6,1,0,1000,1442.80,0.0000,0.0000,1374.0,70.0,1.000,256.0,0.000,0,0,256000,1,1,0,0,1,1
2,final_right,f32,64,glibc_t2,P7,1,1,1000,1346.90,0.0000,0.0000,1297.0,52.0,1.000,256.0,0.000,0,0,256000,1,0,1,0,1,1
2,final_right,f32,64,glibc_t2,FIXED_TWIN,1,2,1000,1337.85,0.0000,0.0000,1339.0,0.0,1.000,256.0,0.000,0,0,256000,1,0,1,0,1,1
2,final_right,f32,64,glibc_t2,P5,1,3,1000,1391.79,0.0000,0.0000,1374.0,18.0,2.000,512.0,0.000,0,0,256256,2,0,0,0,1,1
2,final_right,f32,64,glibc_t2,P7,2,0,1000,1364.70,0.0000,0.0000,1365.0,0.0,1.000,256.0,0.000,0,0,256000,1,0,1,0,1,1
2,final_right,f32,64,glibc_t2,FIXED_TWIN,2,1,1000,1356.93,0.0000,0.0000,1358.0,0.0,1.000,256.0,0.000,0,0,256000,1,0,1,0,1,1
2,final_right,f32,64,glibc_t2,P5,2,2,1000,1401.97,0.0000,0.0000,1393.0,10.0,2.000,512.0,0.000,0,0,256256,2,0,0,0,1,1
2,final_right,f32,64,glibc_t2,P6,2,3,1000,1405.90,0.0000,0.0000,1342.0,67.0,1.000,256.0,0.000,0,0,256000,1,1,0,0,1,1
2,final_right,f32,64,glibc_t2,FIXED_TWIN,3,0,1000,1397.75,0.0000,0.0000,1364.0,36.0,1.000,256.0,0.000,0,0,256000,1,0,1,0,1,1
2,final_right,f32,64,glibc_t2,P5,3,1,1000,1397.99,0.0000,0.0000,1338.0,62.0,2.000,512.0,0.000,0,0,256256,2,0,0,0,1,1
2,final_right,f32,64,glibc_t2,P6,3,2,1000,1478.09,0.0000,0.0000,1423.0,56.0,1.000,256.0,0.000,0,0,256000,1,1,0,0,1,1
2,final_right,f32,64,glibc_t2,P7,3,3,1000,1408.58,0.0000,0.0000,1360.0,49.0,1.000,256.0,0.000,0,0,256000,1,0,1,0,1,1
2,final_right,f32,64,glibc_t2,P5,4,0,1000,1385.31,0.0000,0.0000,1359.0,27.0,2.000,512.0,0.000,0,0,256256,2,0,0,0,1,1
2,final_right,f32,64,glibc_t2,P6,4,1,1000,1384.87,0.0000,0.0000,1324.0,64.0,1.000,256.0,0.000,0,0,256000,1,1,0,0,1,1
2,final_right,f32,64,glibc_t2,P7,4,2,1000,1350.81,0.0000,0.0000,1317.0,36.0,1.000,256.0,0.000,0,0,256000,1,0,1,0,1,1
2,final_right,f32,64,glibc_t2,FIXED_TWIN,4,3,1000,1358.28,0.0000,0.0000,1359.0,0.0,1.000,256.0,0.000,0,0,256000,1,0,1,0,1,1
2,final_right,f32,64,glibc_t2,P6,5,0,1000,1375.45,0.0000,0.0000,1377.0,0.0,1.000,256.0,0.000,0,0,256000,1,1,0,0,1,1
2,final_right,f32,64,glibc_t2,P7,5,1,1000,1342.65,0.0000,0.0000,1343.0,0.0,1.000,256.0,0.000,0,0,256000,1,0,1,0,1,1
2,final_right,f32,64,glibc_t2,FIXED_TWIN,5,2,1000,1341.71,0.0000,0.0000,1343.0,0.0,1.000,256.0,0.000,0,0,256000,1,0,1,0,1,1
2,final_right,f32,64,glibc_t2,P5,5,3,1000,1424.82,0.0000,0.0000,1427.0,0.0,2.000,512.0,0.000,0,0,256256,2,0,0,0,1,1
2,final_right,f32,64,glibc_t2,P7,6,0,1000,1432.84,0.0000,0.0000,1312.0,122.0,1.000,256.0,0.000,0,0,256000,1,0,1,0,1,1
2,final_right,f32,64,glibc_t2,FIXED_TWIN,6,1,1000,1385.10,0.0000,0.0000,1362.0,24.0,1.000,256.0,0.000,0,0,256000,1,0,1,0,1,1
2,final_right,f32,64,glibc_t2,P5,6,2,1000,1392.45,0.0000,0.0000,1363.0,31.0,2.000,512.0,0.000,0,0,256256,2,0,0,0,1,1
2,final_right,f32,64,glibc_t2,P6,6,3,1000,1396.81,0.0000,0.0000,1370.0,28.0,1.000,256.0,0.000,0,0,256000,1,1,0,0,1,1
2,final_right,f32,64,glibc_t2,FIXED_TWIN,7,0,1000,1414.67,0.0000,0.0000,1370.0,46.0,1.000,256.0,0.000,0,0,256000,1,0,1,0,1,1
2,final_right,f32,64,glibc_t2,P5,7,1,1000,1546.79,0.0000,0.0000,1549.0,0.0,2.000,512.0,0.000,0,0,256256,2,0,0,0,1,1
2,final_right,f32,64,glibc_t2,P6,7,2,1000,1427.24,0.0000,0.0000,1429.0,0.0,1.000,256.0,0.000,0,0,256000,1,1,0,0,1,1
2,final_right,f32,64,glibc_t2,P7,7,3,1000,1381.29,0.0000,0.0000,1382.0,0.0,1.000,256.0,0.000,0,0,256000,1,0,1,0,1,1
2,final_right,f32,64,glibc_t2,P5,8,0,1000,1888.18,0.0000,0.0000,1895.0,0.0,2.000,512.0,0.000,0,0,256256,2,0,0,0,1,1
2,final_right,f32,64,glibc_t2,P6,8,1,1000,1402.63,0.0000,0.0000,1406.0,0.0,1.000,256.0,0.000,0,0,256000,1,1,0,0,1,1
2,final_right,f32,64,glibc_t2,P7,8,2,1000,1406.54,0.0000,0.0000,1408.0,0.0,1.000,256.0,0.000,0,0,256000,1,0,1,0,1,1
2,final_right,f32,64,glibc_t2,FIXED_TWIN,8,3,1000,1360.63,0.0000,0.0000,1362.0,0.0,1.000,256.0,0.000,0,0,256000,1,0,1,0,1,1
2,final_right,f32,64,glibc_t2,P6,9,0,1000,1436.96,0.0000,0.0000,1439.0,0.0,1.000,256.0,0.000,0,0,256000,1,1,0,0,1,1
2,final_right,f32,64,glibc_t2,P7,9,1,1000,1448.22,0.0000,0.0000,1450.0,0.0,1.000,256.0,0.000,0,0,256000,1,0,1,0,1,1
2,final_right,f32,64,glibc_t2,FIXED_TWIN,9,2,1000,1468.86,0.0000,0.0000,1471.0,0.0,1.000,256.0,0.000,0,0,256000,1,0,1,0,1,1
2,final_right,f32,64,glibc_t2,P5,9,3,1000,1443.55,0.0000,0.0000,1445.0,0.0,2.000,512.0,0.000,0,0,256256,2,0,0,0,1,1
2,final_right,f32,64,glibc_t2,P7,10,0,1000,1398.13,0.0000,0.0000,1400.0,0.0,1.000,256.0,0.000,0,0,256000,1,0,1,0,1,1
2,final_right,f32,64,glibc_t2,FIXED_TWIN,10,1,1000,1343.02,0.0000,0.0000,1344.0,0.0,1.000,256.0,0.000,0,0,256000,1,0,1,0,1,1
2,final_right,f32,64,glibc_t2,P5,10,2,1000,1398.23,0.0000,0.0000,1400.0,0.0,2.000,512.0,0.000,0,0,256256,2,0,0,0,1,1
2,final_right,f32,64,glibc_t2,P6,10,3,1000,1438.80,0.0000,0.0000,1440.0,0.0,1.000,256.0,0.000,0,0,256000,1,1,0,0,1,1
2,final_right,f32,64,glibc_t2,FIXED_TWIN,11,0,1000,1416.28,0.0000,0.0000,1417.0,0.0,1.000,256.0,0.000,0,0,256000,1,0,1,0,1,1
2,final_right,f32,64,glibc_t2,P5,11,1,1000,1492.24,0.0000,0.0000,1494.0,0.0,2.000,512.0,0.000,0,0,256256,2,0,0,0,1,1
2,final_right,f32,64,glibc_t2,P6,11,2,1000,1409.11,0.0000,0.0000,1410.0,0.0,1.000,256.0,0.000,0,0,256000,1,1,0,0,1,1
2,final_right,f32,64,glibc_t2,P7,11,3,1000,1383.14,0.0000,0.0000,1385.0,0.0,1.000,256.0,0.000,0,0,256000,1,0,1,0,1,1
2,final_right,f32,64,glibc_t2,P5,12,0,1000,1529.14,0.0000,0.0000,1532.0,0.0,2.000,512.0,0.000,0,0,256256,2,0,0,0,1,1
2,final_right,f32,64,glibc_t2,P6,12,1,1000,1943.49,0.0000,0.0000,1947.0,0.0,1.000,256.0,0.000,0,0,256000,1,1,0,0,1,1
2,final_right,f32,64,glibc_t2,P7,12,2,1000,1370.77,0.0000,0.0000,1374.0,0.0,1.000,256.0,0.000,0,0,256000,1,0,1,0,1,1
2,final_right,f32,64,glibc_t2,FIXED_TWIN,12,3,1000,1348.93,0.0000,0.0000,1350.0,0.0,1.000,256.0,0.000,0,0,256000,1,0,1,0,1,1
2,final_right,f32,64,glibc_t2,P6,13,0,1000,1448.24,0.0000,0.0000,1450.0,0.0,1.000,256.0,0.000,0,0,256000,1,1,0,0,1,1
2,final_right,f32,64,glibc_t2,P7,13,1,1000,1340.92,0.0000,0.0000,1342.0,0.0,1.000,256.0,0.000,0,0,256000,1,0,1,0,1,1
2,final_right,f32,64,glibc_t2,FIXED_TWIN,13,2,1000,1355.73,0.0000,0.0000,1356.0,0.0,1.000,256.0,0.000,0,0,256000,1,0,1,0,1,1
2,final_right,f32,64,glibc_t2,P5,13,3,1000,1433.93,0.0000,0.0000,1436.0,0.0,2.000,512.0,0.000,0,0,256256,2,0,0,0,1,1
2,final_right,f32,64,glibc_t2,P7,14,0,1000,1372.30,0.0000,0.0000,1373.0,0.0,1.000,256.0,0.000,0,0,256000,1,0,1,0,1,1
2,final_right,f32,64,glibc_t2,FIXED_TWIN,14,1,1000,1398.40,0.0000,0.0000,1400.0,0.0,1.000,256.0,0.000,0,0,256000,1,0,1,0,1,1
2,final_right,f32,64,glibc_t2,P5,14,2,1000,1447.46,0.0000,0.0000,1450.0,0.0,2.000,512.0,0.000,0,0,256256,2,0,0,0,1,1
2,final_right,f32,64,glibc_t2,P6,14,3,1000,1417.36,0.0000,0.0000,1418.0,0.0,1.000,256.0,0.000,0,0,256000,1,1,0,0,1,1
2,final_right,f32,1024,glibc_t2,P5,0,0,1000,1725.40,0.0000,0.0000,786.0,945.0,2.000,8192.0,0.000,0,0,4100096,2,0,0,0,1,1
2,final_right,f32,1024,glibc_t2,P6,0,1,1000,1803.82,0.0000,0.0000,1808.0,0.0,1.000,4096.0,0.000,0,0,4096000,1,1,0,0,1,1
2,final_right,f32,1024,glibc_t2,P7,0,2,1000,1569.59,0.0000,0.0000,1574.0,0.0,1.000,4096.0,0.000,0,0,4096000,1,0,1,0,1,1
2,final_right,f32,1024,glibc_t2,FIXED_TWIN,0,3,1000,1572.60,0.0000,0.0000,1576.0,0.0,1.000,4096.0,0.000,0,0,4096000,1,0,1,0,1,1
2,final_right,f32,1024,glibc_t2,P6,1,0,1000,1636.62,0.0000,0.0000,1640.0,0.0,1.000,4096.0,0.000,0,0,4096000,1,1,0,0,1,1
2,final_right,f32,1024,glibc_t2,P7,1,1,1000,1549.20,0.0000,0.0000,1553.0,0.0,1.000,4096.0,0.000,0,0,4096000,1,0,1,0,1,1
2,final_right,f32,1024,glibc_t2,FIXED_TWIN,1,2,1000,1585.62,0.0000,0.0000,1589.0,0.0,1.000,4096.0,0.000,0,0,4096000,1,0,1,0,1,1
2,final_right,f32,1024,glibc_t2,P5,1,3,1000,1692.30,0.0000,0.0000,1694.0,0.0,2.000,8192.0,0.000,0,0,4100096,2,0,0,0,1,1
2,final_right,f32,1024,glibc_t2,P7,2,0,1000,1532.32,0.0000,0.0000,1534.0,0.0,1.000,4096.0,0.000,0,0,4096000,1,0,1,0,1,1
2,final_right,f32,1024,glibc_t2,FIXED_TWIN,2,1,1000,1591.17,0.0000,0.0000,1594.0,0.0,1.000,4096.0,0.000,0,0,4096000,1,0,1,0,1,1
2,final_right,f32,1024,glibc_t2,P5,2,2,1000,1752.82,0.0000,0.0000,1756.0,0.0,2.000,8192.0,0.000,0,0,4100096,2,0,0,0,1,1
2,final_right,f32,1024,glibc_t2,P6,2,3,1000,1730.42,0.0000,0.0000,1733.0,0.0,1.000,4096.0,0.000,0,0,4096000,1,1,0,0,1,1
2,final_right,f32,1024,glibc_t2,FIXED_TWIN,3,0,1000,1564.01,0.0000,0.0000,1567.0,0.0,1.000,4096.0,0.000,0,0,4096000,1,0,1,0,1,1
2,final_right,f32,1024,glibc_t2,P5,3,1,1000,1991.39,0.0000,0.0000,1994.0,0.0,2.000,8192.0,0.000,0,0,4100096,2,0,0,0,1,1
2,final_right,f32,1024,glibc_t2,P6,3,2,1000,1721.83,0.0000,0.0000,1588.0,138.0,1.000,4096.0,0.000,0,0,4096000,1,1,0,0,1,1
2,final_right,f32,1024,glibc_t2,P7,3,3,1000,1618.09,0.0000,0.0000,1622.0,0.0,1.000,4096.0,0.000,0,0,4096000,1,0,1,0,1,1
2,final_right,f32,1024,glibc_t2,P5,4,0,1000,1751.03,0.0000,0.0000,1755.0,0.0,2.000,8192.0,0.000,0,0,4100096,2,0,0,0,1,1
2,final_right,f32,1024,glibc_t2,P6,4,1,1000,1700.54,0.0000,0.0000,1706.0,0.0,1.000,4096.0,0.000,0,0,4096000,1,1,0,0,1,1
2,final_right,f32,1024,glibc_t2,P7,4,2,1000,1538.14,0.0000,0.0000,1542.0,0.0,1.000,4096.0,0.000,0,0,4096000,1,0,1,0,1,1
2,final_right,f32,1024,glibc_t2,FIXED_TWIN,4,3,1000,1752.79,0.0000,0.0000,1795.0,0.0,1.000,4096.0,0.000,0,0,4096000,1,0,1,0,1,1
2,final_right,f32,1024,glibc_t2,P6,5,0,1000,1743.24,0.0000,0.0000,1747.0,0.0,1.000,4096.0,0.000,0,0,4096000,1,1,0,0,1,1
2,final_right,f32,1024,glibc_t2,P7,5,1,1000,1579.68,0.0000,0.0000,1583.0,0.0,1.000,4096.0,0.000,0,0,4096000,1,0,1,0,1,1
2,final_right,f32,1024,glibc_t2,FIXED_TWIN,5,2,1000,1679.12,0.0000,0.0000,1683.0,0.0,1.000,4096.0,0.000,0,0,4096000,1,0,1,0,1,1
2,final_right,f32,1024,glibc_t2,P5,5,3,1000,1745.06,0.0000,0.0000,1749.0,0.0,2.000,8192.0,0.000,0,0,4100096,2,0,0,0,1,1
2,final_right,f32,1024,glibc_t2,P7,6,0,1000,1550.70,0.0000,0.0000,1553.0,0.0,1.000,4096.0,0.000,0,0,4096000,1,0,1,0,1,1
2,final_right,f32,1024,glibc_t2,FIXED_TWIN,6,1,1000,1535.75,0.0000,0.0000,1538.0,0.0,1.000,4096.0,0.000,0,0,4096000,1,0,1,0,1,1
2,final_right,f32,1024,glibc_t2,P5,6,2,1000,1725.99,0.0000,0.0000,1728.0,0.0,2.000,8192.0,0.000,0,0,4100096,2,0,0,0,1,1
2,final_right,f32,1024,glibc_t2,P6,6,3,1000,1685.32,0.0000,0.0000,1688.0,0.0,1.000,4096.0,0.000,0,0,4096000,1,1,0,0,1,1
2,final_right,f32,1024,glibc_t2,FIXED_TWIN,7,0,1000,1538.34,0.0000,0.0000,1540.0,0.0,1.000,4096.0,0.000,0,0,4096000,1,0,1,0,1,1
2,final_right,f32,1024,glibc_t2,P5,7,1,1000,1676.83,0.0000,0.0000,1679.0,0.0,2.000,8192.0,0.000,0,0,4100096,2,0,0,0,1,1
2,final_right,f32,1024,glibc_t2,P6,7,2,1000,1712.80,0.0000,0.0000,1715.0,0.0,1.000,4096.0,0.000,0,0,4096000,1,1,0,0,1,1
2,final_right,f32,1024,glibc_t2,P7,7,3,1000,1530.37,0.0000,0.0000,1533.0,0.0,1.000,4096.0,0.000,0,0,4096000,1,0,1,0,1,1
2,final_right,f32,1024,glibc_t2,P5,8,0,1000,1665.62,0.0000,0.0000,1669.0,0.0,2.000,8192.0,0.000,0,0,4100096,2,0,0,0,1,1
2,final_right,f32,1024,glibc_t2,P6,8,1,1000,1638.86,0.0000,0.0000,1641.0,0.0,1.000,4096.0,0.000,0,0,4096000,1,1,0,0,1,1
2,final_right,f32,1024,glibc_t2,P7,8,2,1000,1659.71,0.0000,0.0000,1664.0,0.0,1.000,4096.0,0.000,0,0,4096000,1,0,1,0,1,1
2,final_right,f32,1024,glibc_t2,FIXED_TWIN,8,3,1000,1517.88,0.0000,0.0000,1520.0,0.0,1.000,4096.0,0.000,0,0,4096000,1,0,1,0,1,1
2,final_right,f32,1024,glibc_t2,P6,9,0,1000,1732.42,0.0000,0.0000,1736.0,0.0,1.000,4096.0,0.000,0,0,4096000,1,1,0,0,1,1
2,final_right,f32,1024,glibc_t2,P7,9,1,1000,1543.78,0.0000,0.0000,1547.0,0.0,1.000,4096.0,0.000,0,0,4096000,1,0,1,0,1,1
2,final_right,f32,1024,glibc_t2,FIXED_TWIN,9,2,1000,1534.82,0.0000,0.0000,1537.0,0.0,1.000,4096.0,0.000,0,0,4096000,1,0,1,0,1,1
2,final_right,f32,1024,glibc_t2,P5,9,3,1000,1741.72,0.0000,0.0000,1744.0,0.0,2.000,8192.0,0.000,0,0,4100096,2,0,0,0,1,1
2,final_right,f32,1024,glibc_t2,P7,10,0,1000,1525.90,0.0000,0.0000,1528.0,0.0,1.000,4096.0,0.000,0,0,4096000,1,0,1,0,1,1
2,final_right,f32,1024,glibc_t2,FIXED_TWIN,10,1,1000,1566.00,0.0000,0.0000,1567.0,0.0,1.000,4096.0,0.000,0,0,4096000,1,0,1,0,1,1
2,final_right,f32,1024,glibc_t2,P5,10,2,1000,1690.08,0.0000,0.0000,1692.0,0.0,2.000,8192.0,0.000,0,0,4100096,2,0,0,0,1,1
2,final_right,f32,1024,glibc_t2,P6,10,3,1000,1681.91,0.0000,0.0000,1674.0,0.0,1.000,4096.0,0.000,0,0,4096000,1,1,0,0,1,1
2,final_right,f32,1024,glibc_t2,FIXED_TWIN,11,0,1000,1512.71,0.0000,0.0000,1514.0,0.0,1.000,4096.0,0.000,0,0,4096000,1,0,1,0,1,1
2,final_right,f32,1024,glibc_t2,P5,11,1,1000,1696.95,0.0000,0.0000,1700.0,0.0,2.000,8192.0,0.000,0,0,4100096,2,0,0,0,1,1
2,final_right,f32,1024,glibc_t2,P6,11,2,1000,1694.86,0.0000,0.0000,1698.0,0.0,1.000,4096.0,0.000,0,0,4096000,1,1,0,0,1,1
2,final_right,f32,1024,glibc_t2,P7,11,3,1000,1569.29,0.0000,0.0000,1572.0,0.0,1.000,4096.0,0.000,0,0,4096000,1,0,1,0,1,1
2,final_right,f32,1024,glibc_t2,P5,12,0,1000,1735.61,0.0000,0.0000,1739.0,0.0,2.000,8192.0,0.000,0,0,4100096,2,0,0,0,1,1
2,final_right,f32,1024,glibc_t2,P6,12,1,1000,1658.85,0.0000,0.0000,1661.0,0.0,1.000,4096.0,0.000,0,0,4096000,1,1,0,0,1,1
2,final_right,f32,1024,glibc_t2,P7,12,2,1000,1516.69,0.0000,0.0000,1519.0,0.0,1.000,4096.0,0.000,0,0,4096000,1,0,1,0,1,1
2,final_right,f32,1024,glibc_t2,FIXED_TWIN,12,3,1000,1587.80,0.0000,0.0000,1591.0,0.0,1.000,4096.0,0.000,0,0,4096000,1,0,1,0,1,1
2,final_right,f32,1024,glibc_t2,P6,13,0,1000,1623.66,0.0000,0.0000,1626.0,0.0,1.000,4096.0,0.000,0,0,4096000,1,1,0,0,1,1
2,final_right,f32,1024,glibc_t2,P7,13,1,1000,1536.08,0.0000,0.0000,1538.0,0.0,1.000,4096.0,0.000,0,0,4096000,1,0,1,0,1,1
2,final_right,f32,1024,glibc_t2,FIXED_TWIN,13,2,1000,1555.01,0.0000,0.0000,1558.0,0.0,1.000,4096.0,0.000,0,0,4096000,1,0,1,0,1,1
2,final_right,f32,1024,glibc_t2,P5,13,3,1000,1730.68,0.0000,0.0000,1734.0,0.0,2.000,8192.0,0.000,0,0,4100096,2,0,0,0,1,1
2,final_right,f32,1024,glibc_t2,P7,14,0,1000,1525.81,0.0000,0.0000,1528.0,0.0,1.000,4096.0,0.000,0,0,4096000,1,0,1,0,1,1
2,final_right,f32,1024,glibc_t2,FIXED_TWIN,14,1,1000,1566.78,0.0000,0.0000,1571.0,0.0,1.000,4096.0,0.000,0,0,4096000,1,0,1,0,1,1
2,final_right,f32,1024,glibc_t2,P5,14,2,1000,1686.55,0.0000,0.0000,1689.0,0.0,2.000,8192.0,0.000,0,0,4100096,2,0,0,0,1,1
2,final_right,f32,1024,glibc_t2,P6,14,3,1000,1677.37,0.0000,0.0000,1681.0,0.0,1.000,4096.0,0.000,0,0,4096000,1,1,0,0,1,1
2,final_right,f32,4096,glibc_t2,P5,0,0,1,1646.00,0.0000,0.0000,4000.0,0.0,2.000,32768.0,0.000,0,0,32768,2,0,0,0,1,1
2,final_right,f32,4096,glibc_t2,P6,0,1,1,1446.00,0.0000,0.0000,2000.0,0.0,1.000,16384.0,0.000,0,0,16384,1,1,0,0,1,1
2,final_right,f32,4096,glibc_t2,P7,0,2,1,1235.00,0.0000,0.0000,1000.0,0.0,1.000,16384.0,0.000,0,0,16384,1,0,1,0,1,1
2,final_right,f32,4096,glibc_t2,FIXED_TWIN,0,3,1,1257.00,0.0000,0.0000,1000.0,0.0,1.000,16384.0,0.000,0,0,16384,1,0,1,0,1,1
2,final_right,f32,4096,glibc_t2,P6,1,0,1,1340.00,0.0000,0.0000,2000.0,0.0,1.000,16384.0,0.000,0,0,16384,1,1,0,0,1,1
2,final_right,f32,4096,glibc_t2,P7,1,1,1,1230.00,0.0000,0.0000,2000.0,0.0,1.000,16384.0,0.000,0,0,16384,1,0,1,0,1,1
2,final_right,f32,4096,glibc_t2,FIXED_TWIN,1,2,1,1204.00,0.0000,0.0000,1000.0,0.0,1.000,16384.0,0.000,0,0,16384,1,0,1,0,1,1
2,final_right,f32,4096,glibc_t2,P5,1,3,1,1533.00,0.0000,0.0000,2000.0,0.0,2.000,32768.0,0.000,0,0,32768,2,0,0,0,1,1
2,final_right,f32,4096,glibc_t2,P7,2,0,1,1265.00,0.0000,0.0000,2000.0,0.0,1.000,16384.0,0.000,0,0,16384,1,0,1,0,1,1
2,final_right,f32,4096,glibc_t2,FIXED_TWIN,2,1,1,1245.00,0.0000,0.0000,2000.0,0.0,1.000,16384.0,0.000,0,0,16384,1,0,1,0,1,1
2,final_right,f32,4096,glibc_t2,P5,2,2,1,1494.00,0.0000,0.0000,2000.0,0.0,2.000,32768.0,0.000,0,0,32768,2,0,0,0,1,1
2,final_right,f32,4096,glibc_t2,P6,2,3,1,1343.00,0.0000,0.0000,2000.0,0.0,1.000,16384.0,0.000,0,0,16384,1,1,0,0,1,1
2,final_right,f32,4096,glibc_t2,FIXED_TWIN,3,0,1,1245.00,0.0000,0.0000,2000.0,0.0,1.000,16384.0,0.000,0,0,16384,1,0,1,0,1,1
2,final_right,f32,4096,glibc_t2,P5,3,1,1,1498.00,0.0000,0.0000,2000.0,0.0,2.000,32768.0,0.000,0,0,32768,2,0,0,0,1,1
2,final_right,f32,4096,glibc_t2,P6,3,2,1,1349.00,0.0000,0.0000,1000.0,0.0,1.000,16384.0,0.000,0,0,16384,1,1,0,0,1,1
2,final_right,f32,4096,glibc_t2,P7,3,3,1,1231.00,0.0000,0.0000,2000.0,0.0,1.000,16384.0,0.000,0,0,16384,1,0,1,0,1,1
2,final_right,f32,4096,glibc_t2,P5,4,0,1,1509.00,0.0000,0.0000,2000.0,0.0,2.000,32768.0,0.000,0,0,32768,2,0,0,0,1,1
2,final_right,f32,4096,glibc_t2,P6,4,1,1,1378.00,0.0000,0.0000,2000.0,0.0,1.000,16384.0,0.000,0,0,16384,1,1,0,0,1,1
2,final_right,f32,4096,glibc_t2,P7,4,2,1,1245.00,0.0000,0.0000,1000.0,0.0,1.000,16384.0,0.000,0,0,16384,1,0,1,0,1,1
2,final_right,f32,4096,glibc_t2,FIXED_TWIN,4,3,1,1273.00,0.0000,0.0000,1000.0,0.0,1.000,16384.0,0.000,0,0,16384,1,0,1,0,1,1
2,final_right,f32,4096,glibc_t2,P6,5,0,1,1317.00,0.0000,0.0000,1000.0,0.0,1.000,16384.0,0.000,0,0,16384,1,1,0,0,1,1
2,final_right,f32,4096,glibc_t2,P7,5,1,1,1220.00,0.0000,0.0000,1000.0,0.0,1.000,16384.0,0.000,0,0,16384,1,0,1,0,1,1
2,final_right,f32,4096,glibc_t2,FIXED_TWIN,5,2,1,1204.00,0.0000,0.0000,2000.0,0.0,1.000,16384.0,0.000,0,0,16384,1,0,1,0,1,1
2,final_right,f32,4096,glibc_t2,P5,5,3,1,1539.00,0.0000,0.0000,2000.0,0.0,2.000,32768.0,0.000,0,0,32768,2,0,0,0,1,1
2,final_right,f32,4096,glibc_t2,P7,6,0,1,1216.00,0.0000,0.0000,2000.0,0.0,1.000,16384.0,0.000,0,0,16384,1,0,1,0,1,1
2,final_right,f32,4096,glibc_t2,FIXED_TWIN,6,1,1,1204.00,0.0000,0.0000,2000.0,0.0,1.000,16384.0,0.000,0,0,16384,1,0,1,0,1,1
2,final_right,f32,4096,glibc_t2,P5,6,2,1,1488.00,0.0000,0.0000,2000.0,0.0,2.000,32768.0,0.000,0,0,32768,2,0,0,0,1,1
2,final_right,f32,4096,glibc_t2,P6,6,3,1,1354.00,0.0000,0.0000,2000.0,0.0,1.000,16384.0,0.000,0,0,16384,1,1,0,0,1,1
2,final_right,f32,4096,glibc_t2,FIXED_TWIN,7,0,1,1247.00,0.0000,0.0000,2000.0,0.0,1.000,16384.0,0.000,0,0,16384,1,0,1,0,1,1
2,final_right,f32,4096,glibc_t2,P5,7,1,1,1511.00,0.0000,0.0000,2000.0,0.0,2.000,32768.0,0.000,0,0,32768,2,0,0,0,1,1
2,final_right,f32,4096,glibc_t2,P6,7,2,1,1323.00,0.0000,0.0000,2000.0,0.0,1.000,16384.0,0.000,0,0,16384,1,1,0,0,1,1
2,final_right,f32,4096,glibc_t2,P7,7,3,1,1233.00,0.0000,0.0000,2000.0,0.0,1.000,16384.0,0.000,0,0,16384,1,0,1,0,1,1
2,final_right,f32,4096,glibc_t2,P5,8,0,1,1520.00,0.0000,0.0000,2000.0,0.0,2.000,32768.0,0.000,0,0,32768,2,0,0,0,1,1
2,final_right,f32,4096,glibc_t2,P6,8,1,1,1333.00,0.0000,0.0000,2000.0,0.0,1.000,16384.0,0.000,0,0,16384,1,1,0,0,1,1
2,final_right,f32,4096,glibc_t2,P7,8,2,1,1246.00,0.0000,0.0000,2000.0,0.0,1.000,16384.0,0.000,0,0,16384,1,0,1,0,1,1
2,final_right,f32,4096,glibc_t2,FIXED_TWIN,8,3,1,1257.00,0.0000,0.0000,2000.0,0.0,1.000,16384.0,0.000,0,0,16384,1,0,1,0,1,1
2,final_right,f32,4096,glibc_t2,P6,9,0,1,1348.00,0.0000,0.0000,2000.0,0.0,1.000,16384.0,0.000,0,0,16384,1,1,0,0,1,1
2,final_right,f32,4096,glibc_t2,P7,9,1,1,1247.00,0.0000,0.0000,2000.0,0.0,1.000,16384.0,0.000,0,0,16384,1,0,1,0,1,1
2,final_right,f32,4096,glibc_t2,FIXED_TWIN,9,2,1,1212.00,0.0000,0.0000,1000.0,0.0,1.000,16384.0,0.000,0,0,16384,1,0,1,0,1,1
2,final_right,f32,4096,glibc_t2,P5,9,3,1,1522.00,0.0000,0.0000,2000.0,0.0,2.000,32768.0,0.000,0,0,32768,2,0,0,0,1,1
2,final_right,f32,4096,glibc_t2,P7,10,0,1,1232.00,0.0000,0.0000,1000.0,0.0,1.000,16384.0,0.000,0,0,16384,1,0,1,0,1,1
2,final_right,f32,4096,glibc_t2,FIXED_TWIN,10,1,1,1219.00,0.0000,0.0000,2000.0,0.0,1.000,16384.0,0.000,0,0,16384,1,0,1,0,1,1
2,final_right,f32,4096,glibc_t2,P5,10,2,1,1483.00,0.0000,0.0000,2000.0,0.0,2.000,32768.0,0.000,0,0,32768,2,0,0,0,1,1
2,final_right,f32,4096,glibc_t2,P6,10,3,1,1482.00,0.0000,0.0000,2000.0,0.0,1.000,16384.0,0.000,0,0,16384,1,1,0,0,1,1
2,final_right,f32,4096,glibc_t2,FIXED_TWIN,11,0,1,1361.00,0.0000,0.0000,1000.0,0.0,1.000,16384.0,0.000,0,0,16384,1,0,1,0,1,1
2,final_right,f32,4096,glibc_t2,P5,11,1,1,1601.00,0.0000,0.0000,2000.0,0.0,2.000,32768.0,0.000,0,0,32768,2,0,0,0,1,1
2,final_right,f32,4096,glibc_t2,P6,11,2,1,1406.00,0.0000,0.0000,2000.0,0.0,1.000,16384.0,0.000,0,0,16384,1,1,0,0,1,1
2,final_right,f32,4096,glibc_t2,P7,11,3,1,1247.00,0.0000,0.0000,2000.0,0.0,1.000,16384.0,0.000,0,0,16384,1,0,1,0,1,1
2,final_right,f32,4096,glibc_t2,P5,12,0,1,1498.00,0.0000,0.0000,2000.0,0.0,2.000,32768.0,0.000,0,0,32768,2,0,0,0,1,1
2,final_right,f32,4096,glibc_t2,P6,12,1,1,1391.00,0.0000,0.0000,2000.0,0.0,1.000,16384.0,0.000,0,0,16384,1,1,0,0,1,1
2,final_right,f32,4096,glibc_t2,P7,12,2,1,1232.00,0.0000,0.0000,2000.0,0.0,1.000,16384.0,0.000,0,0,16384,1,0,1,0,1,1
2,final_right,f32,4096,glibc_t2,FIXED_TWIN,12,3,1,1233.00,0.0000,0.0000,2000.0,0.0,1.000,16384.0,0.000,0,0,16384,1,0,1,0,1,1
2,final_right,f32,4096,glibc_t2,P6,13,0,1,1442.00,0.0000,0.0000,1000.0,0.0,1.000,16384.0,0.000,0,0,16384,1,1,0,0,1,1
2,final_right,f32,4096,glibc_t2,P7,13,1,1,1192.00,0.0000,0.0000,2000.0,0.0,1.000,16384.0,0.000,0,0,16384,1,0,1,0,1,1
2,final_right,f32,4096,glibc_t2,FIXED_TWIN,13,2,1,1212.00,0.0000,0.0000,1000.0,0.0,1.000,16384.0,0.000,0,0,16384,1,0,1,0,1,1
2,final_right,f32,4096,glibc_t2,P5,13,3,1,1575.00,0.0000,0.0000,2000.0,0.0,2.000,32768.0,0.000,0,0,32768,2,0,0,0,1,1
2,final_right,f32,4096,glibc_t2,P7,14,0,1,1220.00,0.0000,0.0000,2000.0,0.0,1.000,16384.0,0.000,0,0,16384,1,0,1,0,1,1
2,final_right,f32,4096,glibc_t2,FIXED_TWIN,14,1,1,1213.00,0.0000,0.0000,1000.0,0.0,1.000,16384.0,0.000,0,0,16384,1,0,1,0,1,1
2,final_right,f32,4096,glibc_t2,P5,14,2,1,1513.00,0.0000,0.0000,2000.0,0.0,2.000,32768.0,0.000,0,0,32768,2,0,0,0,1,1
2,final_right,f32,4096,glibc_t2,P6,14,3,1,1345.00,0.0000,0.0000,2000.0,0.0,1.000,16384.0,0.000,0,0,16384,1,1,0,0,1,1
2,final_right,f32,16384,glibc_t2,P5,0,0,1,4700.00,0.0000,0.0000,5000.0,0.0,2.000,131072.0,0.000,0,0,131072,2,0,0,0,1,1
2,final_right,f32,16384,glibc_t2,P6,0,1,1,4605.00,0.0000,0.0000,5000.0,0.0,1.000,65536.0,0.000,0,0,65536,1,1,0,0,1,1
2,final_right,f32,16384,glibc_t2,P7,0,2,1,3784.00,0.0000,0.0000,4000.0,0.0,1.000,65536.0,0.000,0,0,65536,1,0,1,0,1,1
2,final_right,f32,16384,glibc_t2,FIXED_TWIN,0,3,1,3855.00,0.0000,0.0000,4000.0,0.0,1.000,65536.0,0.000,0,0,65536,1,0,1,0,1,1
2,final_right,f32,16384,glibc_t2,P6,1,0,1,4584.00,0.0000,0.0000,5000.0,0.0,1.000,65536.0,0.000,0,0,65536,1,1,0,0,1,1
2,final_right,f32,16384,glibc_t2,P7,1,1,1,3804.00,0.0000,0.0000,4000.0,0.0,1.000,65536.0,0.000,0,0,65536,1,0,1,0,1,1
2,final_right,f32,16384,glibc_t2,FIXED_TWIN,1,2,1,3746.00,0.0000,0.0000,4000.0,0.0,1.000,65536.0,0.000,0,0,65536,1,0,1,0,1,1
2,final_right,f32,16384,glibc_t2,P5,1,3,1,4681.00,0.0000,0.0000,5000.0,0.0,2.000,131072.0,0.000,0,0,131072,2,0,0,0,1,1
2,final_right,f32,16384,glibc_t2,P7,2,0,1,3809.00,0.0000,0.0000,5000.0,0.0,1.000,65536.0,0.000,0,0,65536,1,0,1,0,1,1
2,final_right,f32,16384,glibc_t2,FIXED_TWIN,2,1,1,4042.00,0.0000,0.0000,5000.0,0.0,1.000,65536.0,0.000,0,0,65536,1,0,1,0,1,1
2,final_right,f32,16384,glibc_t2,P5,2,2,1,4693.00,0.0000,0.0000,5000.0,0.0,2.000,131072.0,0.000,0,0,131072,2,0,0,0,1,1
2,final_right,f32,16384,glibc_t2,P6,2,3,1,4645.00,0.0000,0.0000,5000.0,0.0,1.000,65536.0,0.000,0,0,65536,1,1,0,0,1,1
2,final_right,f32,16384,glibc_t2,FIXED_TWIN,3,0,1,3772.00,0.0000,0.0000,5000.0,0.0,1.000,65536.0,0.000,0,0,65536,1,0,1,0,1,1
2,final_right,f32,16384,glibc_t2,P5,3,1,1,4728.00,0.0000,0.0000,5000.0,0.0,2.000,131072.0,0.000,0,0,131072,2,0,0,0,1,1
2,final_right,f32,16384,glibc_t2,P6,3,2,1,4550.00,0.0000,0.0000,5000.0,0.0,1.000,65536.0,0.000,0,0,65536,1,1,0,0,1,1
2,final_right,f32,16384,glibc_t2,P7,3,3,1,3964.00,0.0000,0.0000,4000.0,0.0,1.000,65536.0,0.000,0,0,65536,1,0,1,0,1,1
2,final_right,f32,16384,glibc_t2,P5,4,0,1,4799.00,0.0000,0.0000,5000.0,0.0,2.000,131072.0,0.000,0,0,131072,2,0,0,0,1,1
2,final_right,f32,16384,glibc_t2,P6,4,1,1,4682.00,0.0000,0.0000,5000.0,0.0,1.000,65536.0,0.000,0,0,65536,1,1,0,0,1,1
2,final_right,f32,16384,glibc_t2,P7,4,2,1,7307.00,0.0000,0.0000,8000.0,0.0,1.000,65536.0,0.000,0,0,65536,1,0,1,0,1,1
2,final_right,f32,16384,glibc_t2,FIXED_TWIN,4,3,1,3865.00,0.0000,0.0000,5000.0,0.0,1.000,65536.0,0.000,0,0,65536,1,0,1,0,1,1
2,final_right,f32,16384,glibc_t2,P6,5,0,1,4592.00,0.0000,0.0000,5000.0,0.0,1.000,65536.0,0.000,0,0,65536,1,1,0,0,1,1
2,final_right,f32,16384,glibc_t2,P7,5,1,1,39243.00,0.0000,0.0000,39000.0,0.0,1.000,65536.0,0.000,0,0,65536,1,0,1,0,1,1
2,final_right,f32,16384,glibc_t2,FIXED_TWIN,5,2,1,3877.00,0.0000,0.0000,5000.0,0.0,1.000,65536.0,0.000,0,0,65536,1,0,1,0,1,1
2,final_right,f32,16384,glibc_t2,P5,5,3,1,4866.00,0.0000,0.0000,6000.0,0.0,2.000,131072.0,0.000,0,0,131072,2,0,0,0,1,1
2,final_right,f32,16384,glibc_t2,P7,6,0,1,3854.00,0.0000,0.0000,5000.0,0.0,1.000,65536.0,0.000,0,0,65536,1,0,1,0,1,1
2,final_right,f32,16384,glibc_t2,FIXED_TWIN,6,1,1,3810.00,0.0000,0.0000,5000.0,0.0,1.000,65536.0,0.000,0,0,65536,1,0,1,0,1,1
2,final_right,f32,16384,glibc_t2,P5,6,2,1,4689.00,0.0000,0.0000,5000.0,0.0,2.000,131072.0,0.000,0,0,131072,2,0,0,0,1,1
2,final_right,f32,16384,glibc_t2,P6,6,3,1,4607.00,0.0000,0.0000,5000.0,0.0,1.000,65536.0,0.000,0,0,65536,1,1,0,0,1,1
2,final_right,f32,16384,glibc_t2,FIXED_TWIN,7,0,1,3787.00,0.0000,0.0000,4000.0,0.0,1.000,65536.0,0.000,0,0,65536,1,0,1,0,1,1
2,final_right,f32,16384,glibc_t2,P5,7,1,1,4682.00,0.0000,0.0000,6000.0,0.0,2.000,131072.0,0.000,0,0,131072,2,0,0,0,1,1
2,final_right,f32,16384,glibc_t2,P6,7,2,1,4578.00,0.0000,0.0000,5000.0,0.0,1.000,65536.0,0.000,0,0,65536,1,1,0,0,1,1
2,final_right,f32,16384,glibc_t2,P7,7,3,1,4098.00,0.0000,0.0000,5000.0,0.0,1.000,65536.0,0.000,0,0,65536,1,0,1,0,1,1
2,final_right,f32,16384,glibc_t2,P5,8,0,1,4688.00,0.0000,0.0000,5000.0,0.0,2.000,131072.0,0.000,0,0,131072,2,0,0,0,1,1
2,final_right,f32,16384,glibc_t2,P6,8,1,1,5894.00,0.0000,0.0000,7000.0,0.0,1.000,65536.0,0.000,0,0,65536,1,1,0,0,1,1
2,final_right,f32,16384,glibc_t2,P7,8,2,1,3792.00,0.0000,0.0000,4000.0,0.0,1.000,65536.0,0.000,0,0,65536,1,0,1,0,1,1
2,final_right,f32,16384,glibc_t2,FIXED_TWIN,8,3,1,3804.00,0.0000,0.0000,4000.0,0.0,1.000,65536.0,0.000,0,0,65536,1,0,1,0,1,1
2,final_right,f32,16384,glibc_t2,P6,9,0,1,4605.00,0.0000,0.0000,5000.0,0.0,1.000,65536.0,0.000,0,0,65536,1,1,0,0,1,1
2,final_right,f32,16384,glibc_t2,P7,9,1,1,3736.00,0.0000,0.0000,4000.0,0.0,1.000,65536.0,0.000,0,0,65536,1,0,1,0,1,1
2,final_right,f32,16384,glibc_t2,FIXED_TWIN,9,2,1,3740.00,0.0000,0.0000,4000.0,0.0,1.000,65536.0,0.000,0,0,65536,1,0,1,0,1,1
2,final_right,f32,16384,glibc_t2,P5,9,3,1,4696.00,0.0000,0.0000,6000.0,0.0,2.000,131072.0,0.000,0,0,131072,2,0,0,0,1,1
2,final_right,f32,16384,glibc_t2,P7,10,0,1,3795.00,0.0000,0.0000,4000.0,0.0,1.000,65536.0,0.000,0,0,65536,1,0,1,0,1,1
2,final_right,f32,16384,glibc_t2,FIXED_TWIN,10,1,1,3745.00,0.0000,0.0000,4000.0,0.0,1.000,65536.0,0.000,0,0,65536,1,0,1,0,1,1
2,final_right,f32,16384,glibc_t2,P5,10,2,1,4725.00,0.0000,0.0000,5000.0,0.0,2.000,131072.0,0.000,0,0,131072,2,0,0,0,1,1
2,final_right,f32,16384,glibc_t2,P6,10,3,1,4741.00,0.0000,0.0000,5000.0,0.0,1.000,65536.0,0.000,0,0,65536,1,1,0,0,1,1
2,final_right,f32,16384,glibc_t2,FIXED_TWIN,11,0,1,3925.00,0.0000,0.0000,5000.0,0.0,1.000,65536.0,0.000,0,0,65536,1,0,1,0,1,1
2,final_right,f32,16384,glibc_t2,P5,11,1,1,4863.00,0.0000,0.0000,5000.0,0.0,2.000,131072.0,0.000,0,0,131072,2,0,0,0,1,1
2,final_right,f32,16384,glibc_t2,P6,11,2,1,4624.00,0.0000,0.0000,5000.0,0.0,1.000,65536.0,0.000,0,0,65536,1,1,0,0,1,1
2,final_right,f32,16384,glibc_t2,P7,11,3,1,3819.00,0.0000,0.0000,5000.0,0.0,1.000,65536.0,0.000,0,0,65536,1,0,1,0,1,1
2,final_right,f32,16384,glibc_t2,P5,12,0,1,4704.00,0.0000,0.0000,6000.0,0.0,2.000,131072.0,0.000,0,0,131072,2,0,0,0,1,1
2,final_right,f32,16384,glibc_t2,P6,12,1,1,4658.00,0.0000,0.0000,5000.0,0.0,1.000,65536.0,0.000,0,0,65536,1,1,0,0,1,1
2,final_right,f32,16384,glibc_t2,P7,12,2,1,3775.00,0.0000,0.0000,4000.0,0.0,1.000,65536.0,0.000,0,0,65536,1,0,1,0,1,1
2,final_right,f32,16384,glibc_t2,FIXED_TWIN,12,3,1,3776.00,0.0000,0.0000,4000.0,0.0,1.000,65536.0,0.000,0,0,65536,1,0,1,0,1,1
2,final_right,f32,16384,glibc_t2,P6,13,0,1,4596.00,0.0000,0.0000,5000.0,0.0,1.000,65536.0,0.000,0,0,65536,1,1,0,0,1,1
2,final_right,f32,16384,glibc_t2,P7,13,1,1,3772.00,0.0000,0.0000,4000.0,0.0,1.000,65536.0,0.000,0,0,65536,1,0,1,0,1,1
2,final_right,f32,16384,glibc_t2,FIXED_TWIN,13,2,1,3791.00,0.0000,0.0000,4000.0,0.0,1.000,65536.0,0.000,0,0,65536,1,0,1,0,1,1
2,final_right,f32,16384,glibc_t2,P5,13,3,1,4721.00,0.0000,0.0000,6000.0,0.0,2.000,131072.0,0.000,0,0,131072,2,0,0,0,1,1
2,final_right,f32,16384,glibc_t2,P7,14,0,1,3794.00,0.0000,0.0000,4000.0,0.0,1.000,65536.0,0.000,0,0,65536,1,0,1,0,1,1
2,final_right,f32,16384,glibc_t2,FIXED_TWIN,14,1,1,3740.00,0.0000,0.0000,4000.0,0.0,1.000,65536.0,0.000,0,0,65536,1,0,1,0,1,1
2,final_right,f32,16384,glibc_t2,P5,14,2,1,4693.00,0.0000,0.0000,5000.0,0.0,2.000,131072.0,0.000,0,0,131072,2,0,0,0,1,1
2,final_right,f32,16384,glibc_t2,P6,14,3,1,4651.00,0.0000,0.0000,5000.0,0.0,1.000,65536.0,0.000,0,0,65536,1,1,0,0,1,1
2,final_right,f32,65536,glibc_t2,P5,0,0,1,183859.00,130.0000,0.0000,85000.0,101000.0,2.000,524288.0,0.000,0,0,524288,2,0,0,0,1,1
2,final_right,f32,65536,glibc_t2,P6,0,1,1,92815.00,65.0000,0.0000,43000.0,51000.0,1.000,262144.0,0.000,0,0,262144,1,1,0,0,1,1
2,final_right,f32,65536,glibc_t2,P7,0,2,1,76564.00,65.0000,0.0000,35000.0,42000.0,1.000,262144.0,0.000,0,0,262144,1,0,1,0,1,1
2,final_right,f32,65536,glibc_t2,FIXED_TWIN,0,3,1,78820.00,65.0000,0.0000,36000.0,43000.0,1.000,262144.0,0.000,0,0,262144,1,0,1,0,1,1
2,final_right,f32,65536,glibc_t2,P6,1,0,1,79433.00,65.0000,0.0000,37000.0,44000.0,1.000,262144.0,0.000,0,0,262144,1,1,0,0,1,1
2,final_right,f32,65536,glibc_t2,P7,1,1,1,75468.00,65.0000,0.0000,35000.0,41000.0,1.000,262144.0,0.000,0,0,262144,1,0,1,0,1,1
2,final_right,f32,65536,glibc_t2,FIXED_TWIN,1,2,1,75494.00,65.0000,0.0000,35000.0,42000.0,1.000,262144.0,0.000,0,0,262144,1,0,1,0,1,1
2,final_right,f32,65536,glibc_t2,P5,1,3,1,161797.00,130.0000,0.0000,75000.0,88000.0,2.000,524288.0,0.000,0,0,524288,2,0,0,0,1,1
2,final_right,f32,65536,glibc_t2,P7,2,0,1,76656.00,65.0000,0.0000,36000.0,43000.0,1.000,262144.0,0.000,0,0,262144,1,0,1,0,1,1
2,final_right,f32,65536,glibc_t2,FIXED_TWIN,2,1,1,75757.00,65.0000,0.0000,35000.0,42000.0,1.000,262144.0,0.000,0,0,262144,1,0,1,0,1,1
2,final_right,f32,65536,glibc_t2,P5,2,2,1,196538.00,130.0000,0.0000,0.0,197000.0,2.000,524288.0,0.000,0,0,524288,2,0,0,0,1,1
2,final_right,f32,65536,glibc_t2,P6,2,3,1,88043.00,65.0000,0.0000,0.0,89000.0,1.000,262144.0,0.000,0,0,262144,1,1,0,0,1,1
2,final_right,f32,65536,glibc_t2,FIXED_TWIN,3,0,1,75011.00,65.0000,0.0000,0.0,75000.0,1.000,262144.0,0.000,0,0,262144,1,0,1,0,1,1
2,final_right,f32,65536,glibc_t2,P5,3,1,1,152761.00,130.0000,0.0000,0.0,154000.0,2.000,524288.0,0.000,0,0,524288,2,0,0,0,1,1
2,final_right,f32,65536,glibc_t2,P6,3,2,1,79470.00,65.0000,0.0000,0.0,80000.0,1.000,262144.0,0.000,0,0,262144,1,1,0,0,1,1
2,final_right,f32,65536,glibc_t2,P7,3,3,1,75891.00,65.0000,0.0000,0.0,77000.0,1.000,262144.0,0.000,0,0,262144,1,0,1,0,1,1
2,final_right,f32,65536,glibc_t2,P5,4,0,1,153200.00,130.0000,0.0000,0.0,155000.0,2.000,524288.0,0.000,0,0,524288,2,0,0,0,1,1
2,final_right,f32,65536,glibc_t2,P6,4,1,1,78789.00,65.0000,0.0000,0.0,80000.0,1.000,262144.0,0.000,0,0,262144,1,1,0,0,1,1
2,final_right,f32,65536,glibc_t2,P7,4,2,1,75769.00,65.0000,0.0000,0.0,77000.0,1.000,262144.0,0.000,0,0,262144,1,0,1,0,1,1
2,final_right,f32,65536,glibc_t2,FIXED_TWIN,4,3,1,108196.00,65.0000,0.0000,0.0,109000.0,1.000,262144.0,0.000,0,0,262144,1,0,1,0,1,1
2,final_right,f32,65536,glibc_t2,P6,5,0,1,100435.00,65.0000,0.0000,0.0,102000.0,1.000,262144.0,0.000,0,0,262144,1,1,0,0,1,1
2,final_right,f32,65536,glibc_t2,P7,5,1,1,76478.00,65.0000,0.0000,0.0,78000.0,1.000,262144.0,0.000,0,0,262144,1,0,1,0,1,1
2,final_right,f32,65536,glibc_t2,FIXED_TWIN,5,2,1,83956.00,65.0000,0.0000,38000.0,48000.0,1.000,262144.0,0.000,0,0,262144,1,0,1,0,1,1
2,final_right,f32,65536,glibc_t2,P5,5,3,1,152052.00,130.0000,0.0000,154000.0,0.0,2.000,524288.0,0.000,0,0,524288,2,0,0,0,1,1
2,final_right,f32,65536,glibc_t2,P7,6,0,1,79575.00,65.0000,0.0000,81000.0,0.0,1.000,262144.0,0.000,0,0,262144,1,0,1,0,1,1
2,final_right,f32,65536,glibc_t2,FIXED_TWIN,6,1,1,80776.00,65.0000,0.0000,81000.0,0.0,1.000,262144.0,0.000,0,0,262144,1,0,1,0,1,1
2,final_right,f32,65536,glibc_t2,P5,6,2,1,151463.00,130.0000,0.0000,152000.0,0.0,2.000,524288.0,0.000,0,0,524288,2,0,0,0,1,1
2,final_right,f32,65536,glibc_t2,P6,6,3,1,78964.00,65.0000,0.0000,80000.0,0.0,1.000,262144.0,0.000,0,0,262144,1,1,0,0,1,1
2,final_right,f32,65536,glibc_t2,FIXED_TWIN,7,0,1,83568.00,65.0000,0.0000,84000.0,0.0,1.000,262144.0,0.000,0,0,262144,1,0,1,0,1,1
2,final_right,f32,65536,glibc_t2,P5,7,1,1,152156.00,130.0000,0.0000,153000.0,0.0,2.000,524288.0,0.000,0,0,524288,2,0,0,0,1,1
2,final_right,f32,65536,glibc_t2,P6,7,2,1,78991.00,65.0000,0.0000,80000.0,0.0,1.000,262144.0,0.000,0,0,262144,1,1,0,0,1,1
2,final_right,f32,65536,glibc_t2,P7,7,3,1,81700.00,65.0000,0.0000,83000.0,0.0,1.000,262144.0,0.000,0,0,262144,1,0,1,0,1,1
2,final_right,f32,65536,glibc_t2,P5,8,0,1,179012.00,130.0000,0.0000,180000.0,0.0,2.000,524288.0,0.000,0,0,524288,2,0,0,0,1,1
2,final_right,f32,65536,glibc_t2,P6,8,1,1,79028.00,65.0000,0.0000,80000.0,0.0,1.000,262144.0,0.000,0,0,262144,1,1,0,0,1,1
2,final_right,f32,65536,glibc_t2,P7,8,2,1,82334.00,65.0000,0.0000,67000.0,16000.0,1.000,262144.0,0.000,0,0,262144,1,0,1,0,1,1
2,final_right,f32,65536,glibc_t2,FIXED_TWIN,8,3,1,76517.00,65.0000,0.0000,78000.0,0.0,1.000,262144.0,0.000,0,0,262144,1,0,1,0,1,1
2,final_right,f32,65536,glibc_t2,P6,9,0,1,81336.00,65.0000,0.0000,82000.0,0.0,1.000,262144.0,0.000,0,0,262144,1,1,0,0,1,1
2,final_right,f32,65536,glibc_t2,P7,9,1,1,92732.00,65.0000,0.0000,94000.0,0.0,1.000,262144.0,0.000,0,0,262144,1,0,1,0,1,1
2,final_right,f32,65536,glibc_t2,FIXED_TWIN,9,2,1,76145.00,65.0000,0.0000,77000.0,0.0,1.000,262144.0,0.000,0,0,262144,1,0,1,0,1,1
2,final_right,f32,65536,glibc_t2,P5,9,3,1,154106.00,130.0000,0.0000,155000.0,0.0,2.000,524288.0,0.000,0,0,524288,2,0,0,0,1,1
2,final_right,f32,65536,glibc_t2,P7,10,0,1,106056.00,65.0000,0.0000,107000.0,0.0,1.000,262144.0,0.000,0,0,262144,1,0,1,0,1,1
2,final_right,f32,65536,glibc_t2,FIXED_TWIN,10,1,1,76067.00,65.0000,0.0000,77000.0,0.0,1.000,262144.0,0.000,0,0,262144,1,0,1,0,1,1
2,final_right,f32,65536,glibc_t2,P5,10,2,1,152195.00,130.0000,0.0000,153000.0,0.0,2.000,524288.0,0.000,0,0,524288,2,0,0,0,1,1
2,final_right,f32,65536,glibc_t2,P6,10,3,1,115164.00,65.0000,0.0000,116000.0,0.0,1.000,262144.0,0.000,0,0,262144,1,1,0,0,1,1
2,final_right,f32,65536,glibc_t2,FIXED_TWIN,11,0,1,93352.00,65.0000,0.0000,95000.0,0.0,1.000,262144.0,0.000,0,0,262144,1,0,1,0,1,1
2,final_right,f32,65536,glibc_t2,P5,11,1,1,150948.00,130.0000,0.0000,152000.0,0.0,2.000,524288.0,0.000,0,0,524288,2,0,0,0,1,1
2,final_right,f32,65536,glibc_t2,P6,11,2,1,87106.00,65.0000,0.0000,88000.0,0.0,1.000,262144.0,0.000,0,0,262144,1,1,0,0,1,1
2,final_right,f32,65536,glibc_t2,P7,11,3,1,76797.00,65.0000,0.0000,77000.0,0.0,1.000,262144.0,0.000,0,0,262144,1,0,1,0,1,1
2,final_right,f32,65536,glibc_t2,P5,12,0,1,163770.00,130.0000,0.0000,165000.0,0.0,2.000,524288.0,0.000,0,0,524288,2,0,0,0,1,1
2,final_right,f32,65536,glibc_t2,P6,12,1,1,79996.00,65.0000,0.0000,81000.0,0.0,1.000,262144.0,0.000,0,0,262144,1,1,0,0,1,1
2,final_right,f32,65536,glibc_t2,P7,12,2,1,76178.00,65.0000,0.0000,77000.0,0.0,1.000,262144.0,0.000,0,0,262144,1,0,1,0,1,1
2,final_right,f32,65536,glibc_t2,FIXED_TWIN,12,3,1,75648.00,65.0000,0.0000,77000.0,0.0,1.000,262144.0,0.000,0,0,262144,1,0,1,0,1,1
2,final_right,f32,65536,glibc_t2,P6,13,0,1,96551.00,65.0000,0.0000,97000.0,0.0,1.000,262144.0,0.000,0,0,262144,1,1,0,0,1,1
2,final_right,f32,65536,glibc_t2,P7,13,1,1,78171.00,65.0000,0.0000,80000.0,0.0,1.000,262144.0,0.000,0,0,262144,1,0,1,0,1,1
2,final_right,f32,65536,glibc_t2,FIXED_TWIN,13,2,1,90973.00,65.0000,0.0000,92000.0,0.0,1.000,262144.0,0.000,0,0,262144,1,0,1,0,1,1
2,final_right,f32,65536,glibc_t2,P5,13,3,1,235141.00,130.0000,0.0000,237000.0,0.0,2.000,524288.0,0.000,0,0,524288,2,0,0,0,1,1
2,final_right,f32,65536,glibc_t2,P7,14,0,1,76390.00,65.0000,0.0000,77000.0,0.0,1.000,262144.0,0.000,0,0,262144,1,0,1,0,1,1
2,final_right,f32,65536,glibc_t2,FIXED_TWIN,14,1,1,104657.00,65.0000,0.0000,106000.0,0.0,1.000,262144.0,0.000,0,0,262144,1,0,1,0,1,1
2,final_right,f32,65536,glibc_t2,P5,14,2,1,243009.00,130.0000,0.0000,0.0,245000.0,2.000,524288.0,0.000,0,0,524288,2,0,0,0,1,1
2,final_right,f32,65536,glibc_t2,P6,14,3,1,80208.00,65.0000,0.0000,0.0,81000.0,1.000,262144.0,0.000,0,0,262144,1,1,0,0,1,1
2,final_right,f32,262144,glibc_t2,P5,0,0,1,711694.00,514.0000,0.0000,116000.0,599000.0,2.000,2097152.0,0.000,0,0,2097152,2,0,0,0,1,1
2,final_right,f32,262144,glibc_t2,P6,0,1,1,457960.00,257.0000,0.0000,461000.0,0.0,1.000,1048576.0,0.000,0,0,1048576,1,1,0,0,1,1
2,final_right,f32,262144,glibc_t2,P7,0,2,1,361851.00,257.0000,0.0000,364000.0,0.0,1.000,1048576.0,0.000,0,0,1048576,1,0,1,0,1,1
2,final_right,f32,262144,glibc_t2,FIXED_TWIN,0,3,1,352516.00,257.0000,0.0000,355000.0,0.0,1.000,1048576.0,0.000,0,0,1048576,1,0,1,0,1,1
2,final_right,f32,262144,glibc_t2,P6,1,0,1,449054.00,257.0000,0.0000,452000.0,0.0,1.000,1048576.0,0.000,0,0,1048576,1,1,0,0,1,1
2,final_right,f32,262144,glibc_t2,P7,1,1,1,371533.00,257.0000,0.0000,374000.0,0.0,1.000,1048576.0,0.000,0,0,1048576,1,0,1,0,1,1
2,final_right,f32,262144,glibc_t2,FIXED_TWIN,1,2,1,361676.00,257.0000,0.0000,365000.0,0.0,1.000,1048576.0,0.000,0,0,1048576,1,0,1,0,1,1
2,final_right,f32,262144,glibc_t2,P5,1,3,1,764910.00,514.0000,0.0000,0.0,767000.0,2.000,2097152.0,0.000,0,0,2097152,2,0,0,0,1,1
2,final_right,f32,262144,glibc_t2,P7,2,0,1,351090.00,257.0000,0.0000,0.0,354000.0,1.000,1048576.0,0.000,0,0,1048576,1,0,1,0,1,1
2,final_right,f32,262144,glibc_t2,FIXED_TWIN,2,1,1,377472.00,257.0000,0.0000,173000.0,206000.0,1.000,1048576.0,0.000,0,0,1048576,1,0,1,0,1,1
2,final_right,f32,262144,glibc_t2,P5,2,2,1,666786.00,514.0000,0.0000,669000.0,0.0,2.000,2097152.0,0.000,0,0,2097152,2,0,0,0,1,1
2,final_right,f32,262144,glibc_t2,P6,2,3,1,407899.00,257.0000,0.0000,410000.0,0.0,1.000,1048576.0,0.000,0,0,1048576,1,1,0,0,1,1
2,final_right,f32,262144,glibc_t2,FIXED_TWIN,3,0,1,401337.00,257.0000,0.0000,403000.0,0.0,1.000,1048576.0,0.000,0,0,1048576,1,0,1,0,1,1
2,final_right,f32,262144,glibc_t2,P5,3,1,1,711616.00,514.0000,0.0000,714000.0,0.0,2.000,2097152.0,0.000,0,0,2097152,2,0,0,0,1,1
2,final_right,f32,262144,glibc_t2,P6,3,2,1,417195.00,257.0000,0.0000,419000.0,0.0,1.000,1048576.0,0.000,0,0,1048576,1,1,0,0,1,1
2,final_right,f32,262144,glibc_t2,P7,3,3,1,350868.00,257.0000,0.0000,0.0,353000.0,1.000,1048576.0,0.000,0,0,1048576,1,0,1,0,1,1
2,final_right,f32,262144,glibc_t2,P5,4,0,1,699473.00,514.0000,0.0000,0.0,702000.0,2.000,2097152.0,0.000,0,0,2097152,2,0,0,0,1,1
2,final_right,f32,262144,glibc_t2,P6,4,1,1,384824.00,257.0000,0.0000,177000.0,210000.0,1.000,1048576.0,0.000,0,0,1048576,1,1,0,0,1,1
2,final_right,f32,262144,glibc_t2,P7,4,2,1,396773.00,257.0000,0.0000,399000.0,0.0,1.000,1048576.0,0.000,0,0,1048576,1,0,1,0,1,1
2,final_right,f32,262144,glibc_t2,FIXED_TWIN,4,3,1,381317.00,257.0000,0.0000,383000.0,0.0,1.000,1048576.0,0.000,0,0,1048576,1,0,1,0,1,1
2,final_right,f32,262144,glibc_t2,P6,5,0,1,383746.00,257.0000,0.0000,386000.0,0.0,1.000,1048576.0,0.000,0,0,1048576,1,1,0,0,1,1
2,final_right,f32,262144,glibc_t2,P7,5,1,1,378526.00,257.0000,0.0000,381000.0,0.0,1.000,1048576.0,0.000,0,0,1048576,1,0,1,0,1,1
2,final_right,f32,262144,glibc_t2,FIXED_TWIN,5,2,1,351939.00,257.0000,0.0000,354000.0,0.0,1.000,1048576.0,0.000,0,0,1048576,1,0,1,0,1,1
2,final_right,f32,262144,glibc_t2,P5,5,3,1,673826.00,514.0000,0.0000,675000.0,0.0,2.000,2097152.0,0.000,0,0,2097152,2,0,0,0,1,1
2,final_right,f32,262144,glibc_t2,P7,6,0,1,347196.00,257.0000,0.0000,349000.0,0.0,1.000,1048576.0,0.000,0,0,1048576,1,0,1,0,1,1
2,final_right,f32,262144,glibc_t2,FIXED_TWIN,6,1,1,378969.00,257.0000,0.0000,381000.0,0.0,1.000,1048576.0,0.000,0,0,1048576,1,0,1,0,1,1
2,final_right,f32,262144,glibc_t2,P5,6,2,1,669723.00,514.0000,0.0000,636000.0,35000.0,2.000,2097152.0,0.000,0,0,2097152,2,0,0,0,1,1
2,final_right,f32,262144,glibc_t2,P6,6,3,1,411598.00,257.0000,0.0000,413000.0,0.0,1.000,1048576.0,0.000,0,0,1048576,1,1,0,0,1,1
2,final_right,f32,262144,glibc_t2,FIXED_TWIN,7,0,1,351970.00,257.0000,0.0000,354000.0,0.0,1.000,1048576.0,0.000,0,0,1048576,1,0,1,0,1,1
2,final_right,f32,262144,glibc_t2,P5,7,1,1,874965.00,514.0000,0.0000,0.0,877000.0,2.000,2097152.0,0.000,0,0,2097152,2,0,0,0,1,1
2,final_right,f32,262144,glibc_t2,P6,7,2,1,616205.00,257.0000,0.0000,0.0,619000.0,1.000,1048576.0,0.000,0,0,1048576,1,1,0,0,1,1
2,final_right,f32,262144,glibc_t2,P7,7,3,1,355302.00,257.0000,0.0000,163000.0,194000.0,1.000,1048576.0,0.000,0,0,1048576,1,0,1,0,1,1
2,final_right,f32,262144,glibc_t2,P5,8,0,1,736855.00,514.0000,0.0000,739000.0,0.0,2.000,2097152.0,0.000,0,0,2097152,2,0,0,0,1,1
2,final_right,f32,262144,glibc_t2,P6,8,1,1,377752.00,257.0000,0.0000,380000.0,0.0,1.000,1048576.0,0.000,0,0,1048576,1,1,0,0,1,1
2,final_right,f32,262144,glibc_t2,P7,8,2,1,408958.00,257.0000,0.0000,203000.0,208000.0,1.000,1048576.0,0.000,0,0,1048576,1,0,1,0,1,1
2,final_right,f32,262144,glibc_t2,FIXED_TWIN,8,3,1,374032.00,257.0000,0.0000,0.0,376000.0,1.000,1048576.0,0.000,0,0,1048576,1,0,1,0,1,1
2,final_right,f32,262144,glibc_t2,P6,9,0,1,405390.00,257.0000,0.0000,0.0,408000.0,1.000,1048576.0,0.000,0,0,1048576,1,1,0,0,1,1
2,final_right,f32,262144,glibc_t2,P7,9,1,1,356724.00,257.0000,0.0000,0.0,359000.0,1.000,1048576.0,0.000,0,0,1048576,1,0,1,0,1,1
2,final_right,f32,262144,glibc_t2,FIXED_TWIN,9,2,1,368999.00,257.0000,0.0000,0.0,371000.0,1.000,1048576.0,0.000,0,0,1048576,1,0,1,0,1,1
2,final_right,f32,262144,glibc_t2,P5,9,3,1,745053.00,514.0000,0.0000,0.0,748000.0,2.000,2097152.0,0.000,0,0,2097152,2,0,0,0,1,1
2,final_right,f32,262144,glibc_t2,P7,10,0,1,387236.00,257.0000,0.0000,179000.0,212000.0,1.000,1048576.0,0.000,0,0,1048576,1,0,1,0,1,1
2,final_right,f32,262144,glibc_t2,FIXED_TWIN,10,1,1,357315.00,257.0000,0.0000,359000.0,0.0,1.000,1048576.0,0.000,0,0,1048576,1,0,1,0,1,1
2,final_right,f32,262144,glibc_t2,P5,10,2,1,719553.00,514.0000,0.0000,722000.0,0.0,2.000,2097152.0,0.000,0,0,2097152,2,0,0,0,1,1
2,final_right,f32,262144,glibc_t2,P6,10,3,1,447420.00,257.0000,0.0000,450000.0,0.0,1.000,1048576.0,0.000,0,0,1048576,1,1,0,0,1,1
2,final_right,f32,262144,glibc_t2,FIXED_TWIN,11,0,1,375669.00,257.0000,0.0000,377000.0,0.0,1.000,1048576.0,0.000,0,0,1048576,1,0,1,0,1,1
2,final_right,f32,262144,glibc_t2,P5,11,1,1,669938.00,514.0000,0.0000,672000.0,0.0,2.000,2097152.0,0.000,0,0,2097152,2,0,0,0,1,1
2,final_right,f32,262144,glibc_t2,P6,11,2,1,411446.00,257.0000,0.0000,414000.0,0.0,1.000,1048576.0,0.000,0,0,1048576,1,1,0,0,1,1
2,final_right,f32,262144,glibc_t2,P7,11,3,1,374177.00,257.0000,0.0000,376000.0,0.0,1.000,1048576.0,0.000,0,0,1048576,1,0,1,0,1,1
2,final_right,f32,262144,glibc_t2,P5,12,0,1,693664.00,514.0000,0.0000,695000.0,0.0,2.000,2097152.0,0.000,0,0,2097152,2,0,0,0,1,1
2,final_right,f32,262144,glibc_t2,P6,12,1,1,406925.00,257.0000,0.0000,408000.0,0.0,1.000,1048576.0,0.000,0,0,1048576,1,1,0,0,1,1
2,final_right,f32,262144,glibc_t2,P7,12,2,1,358416.00,257.0000,0.0000,360000.0,0.0,1.000,1048576.0,0.000,0,0,1048576,1,0,1,0,1,1
2,final_right,f32,262144,glibc_t2,FIXED_TWIN,12,3,1,357418.00,257.0000,0.0000,359000.0,0.0,1.000,1048576.0,0.000,0,0,1048576,1,0,1,0,1,1
2,final_right,f32,262144,glibc_t2,P6,13,0,1,415218.00,257.0000,0.0000,0.0,418000.0,1.000,1048576.0,0.000,0,0,1048576,1,1,0,0,1,1
2,final_right,f32,262144,glibc_t2,P7,13,1,1,377934.00,257.0000,0.0000,0.0,379000.0,1.000,1048576.0,0.000,0,0,1048576,1,0,1,0,1,1
2,final_right,f32,262144,glibc_t2,FIXED_TWIN,13,2,1,369059.00,257.0000,0.0000,133000.0,239000.0,1.000,1048576.0,0.000,0,0,1048576,1,0,1,0,1,1
2,final_right,f32,262144,glibc_t2,P5,13,3,1,746028.00,514.0000,0.0000,0.0,748000.0,2.000,2097152.0,0.000,0,0,2097152,2,0,0,0,1,1
2,final_right,f32,262144,glibc_t2,P7,14,0,1,371736.00,257.0000,0.0000,0.0,374000.0,1.000,1048576.0,0.000,0,0,1048576,1,0,1,0,1,1
2,final_right,f32,262144,glibc_t2,FIXED_TWIN,14,1,1,358547.00,257.0000,0.0000,132000.0,228000.0,1.000,1048576.0,0.000,0,0,1048576,1,0,1,0,1,1
2,final_right,f32,262144,glibc_t2,P5,14,2,1,713876.00,514.0000,0.0000,716000.0,0.0,2.000,2097152.0,0.000,0,0,2097152,2,0,0,0,1,1
2,final_right,f32,262144,glibc_t2,P6,14,3,1,380314.00,257.0000,0.0000,382000.0,0.0,1.000,1048576.0,0.000,0,0,1048576,1,1,0,0,1,1
2,final_right,f32,1048576,glibc_t2,P5,0,0,1,3062833.00,2050.0000,0.0000,0.0,3069000.0,2.000,8388608.0,0.000,0,0,8388608,2,0,0,0,1,1
2,final_right,f32,1048576,glibc_t2,P6,0,1,1,1867503.00,1025.0000,0.0000,323000.0,1550000.0,1.000,4194304.0,0.000,0,0,4194304,1,1,0,0,1,1
2,final_right,f32,1048576,glibc_t2,P7,0,2,1,1664726.00,1025.0000,0.0000,0.0,1669000.0,1.000,4194304.0,0.000,0,0,4194304,1,0,1,0,1,1
2,final_right,f32,1048576,glibc_t2,FIXED_TWIN,0,3,1,1944044.00,1025.0000,0.0000,0.0,1947000.0,1.000,4194304.0,0.000,0,0,4194304,1,0,1,0,1,1
2,final_right,f32,1048576,glibc_t2,P6,1,0,1,1747100.00,1025.0000,0.0000,481000.0,1270000.0,1.000,4194304.0,0.000,0,0,4194304,1,1,0,0,1,1
2,final_right,f32,1048576,glibc_t2,P7,1,1,1,1637925.00,1025.0000,0.0000,0.0,1642000.0,1.000,4194304.0,0.000,0,0,4194304,1,0,1,0,1,1
2,final_right,f32,1048576,glibc_t2,FIXED_TWIN,1,2,1,1630471.00,1025.0000,0.0000,0.0,1633000.0,1.000,4194304.0,0.000,0,0,4194304,1,0,1,0,1,1
2,final_right,f32,1048576,glibc_t2,P5,1,3,1,3338873.00,2050.0000,0.0000,0.0,3315000.0,2.000,8388608.0,0.000,0,0,8388608,2,0,0,0,1,1
2,final_right,f32,1048576,glibc_t2,P7,2,0,1,1519261.00,1025.0000,0.0000,696000.0,827000.0,1.000,4194304.0,0.000,0,0,4194304,1,0,1,0,1,1
2,final_right,f32,1048576,glibc_t2,FIXED_TWIN,2,1,1,1545374.00,1025.0000,0.0000,0.0,1548000.0,1.000,4194304.0,0.000,0,0,4194304,1,0,1,0,1,1
2,final_right,f32,1048576,glibc_t2,P5,2,2,1,3032818.00,2050.0000,0.0000,0.0,3035000.0,2.000,8388608.0,0.000,0,0,8388608,2,0,0,0,1,1
2,final_right,f32,1048576,glibc_t2,P6,2,3,1,1743487.00,1025.0000,0.0000,799000.0,949000.0,1.000,4194304.0,0.000,0,0,4194304,1,1,0,0,1,1
2,final_right,f32,1048576,glibc_t2,FIXED_TWIN,3,0,1,1716411.00,1025.0000,0.0000,1169000.0,550000.0,1.000,4194304.0,0.000,0,0,4194304,1,0,1,0,1,1
2,final_right,f32,1048576,glibc_t2,P5,3,1,1,3017432.00,2050.0000,0.0000,0.0,3020000.0,2.000,8388608.0,0.000,0,0,8388608,2,0,0,0,1,1
2,final_right,f32,1048576,glibc_t2,P6,3,2,1,1692263.00,1025.0000,0.0000,1695000.0,0.0,1.000,4194304.0,0.000,0,0,4194304,1,1,0,0,1,1
2,final_right,f32,1048576,glibc_t2,P7,3,3,1,1633285.00,1025.0000,0.0000,0.0,1636000.0,1.000,4194304.0,0.000,0,0,4194304,1,0,1,0,1,1
2,final_right,f32,1048576,glibc_t2,P5,4,0,1,2914535.00,2050.0000,0.0000,0.0,2917000.0,2.000,8388608.0,0.000,0,0,8388608,2,0,0,0,1,1
2,final_right,f32,1048576,glibc_t2,P6,4,1,1,1709453.00,1025.0000,0.0000,0.0,1712000.0,1.000,4194304.0,0.000,0,0,4194304,1,1,0,0,1,1
2,final_right,f32,1048576,glibc_t2,P7,4,2,1,1559788.00,1025.0000,0.0000,0.0,1563000.0,1.000,4194304.0,0.000,0,0,4194304,1,0,1,0,1,1
2,final_right,f32,1048576,glibc_t2,FIXED_TWIN,4,3,1,1550258.00,1025.0000,0.0000,710000.0,844000.0,1.000,4194304.0,0.000,0,0,4194304,1,0,1,0,1,1
2,final_right,f32,1048576,glibc_t2,P6,5,0,1,1764872.00,1025.0000,0.0000,1768000.0,0.0,1.000,4194304.0,0.000,0,0,4194304,1,1,0,0,1,1
2,final_right,f32,1048576,glibc_t2,P7,5,1,1,1565330.00,1025.0000,0.0000,717000.0,851000.0,1.000,4194304.0,0.000,0,0,4194304,1,0,1,0,1,1
2,final_right,f32,1048576,glibc_t2,FIXED_TWIN,5,2,1,1605389.00,1025.0000,0.0000,484000.0,1125000.0,1.000,4194304.0,0.000,0,0,4194304,1,0,1,0,1,1
2,final_right,f32,1048576,glibc_t2,P5,5,3,1,3548125.00,2050.0000,0.0000,0.0,3550000.0,2.000,8388608.0,0.000,0,0,8388608,2,0,0,0,1,1
2,final_right,f32,1048576,glibc_t2,P7,6,0,1,1589192.00,1025.0000,0.0000,0.0,1592000.0,1.000,4194304.0,0.000,0,0,4194304,1,0,1,0,1,1
2,final_right,f32,1048576,glibc_t2,FIXED_TWIN,6,1,1,1827255.00,1025.0000,0.0000,0.0,1831000.0,1.000,4194304.0,0.000,0,0,4194304,1,0,1,0,1,1
2,final_right,f32,1048576,glibc_t2,P5,6,2,1,3028767.00,2050.0000,0.0000,3032000.0,0.0,2.000,8388608.0,0.000,0,0,8388608,2,0,0,0,1,1
2,final_right,f32,1048576,glibc_t2,P6,6,3,1,1801861.00,1025.0000,0.0000,0.0,1807000.0,1.000,4194304.0,0.000,0,0,4194304,1,1,0,0,1,1
2,final_right,f32,1048576,glibc_t2,FIXED_TWIN,7,0,1,1549050.00,1025.0000,0.0000,0.0,1551000.0,1.000,4194304.0,0.000,0,0,4194304,1,0,1,0,1,1
2,final_right,f32,1048576,glibc_t2,P5,7,1,1,3227663.00,2050.0000,0.0000,0.0,3231000.0,2.000,8388608.0,0.000,0,0,8388608,2,0,0,0,1,1
2,final_right,f32,1048576,glibc_t2,P6,7,2,1,1794400.00,1025.0000,0.0000,822000.0,976000.0,1.000,4194304.0,0.000,0,0,4194304,1,1,0,0,1,1
2,final_right,f32,1048576,glibc_t2,P7,7,3,1,1623544.00,1025.0000,0.0000,1627000.0,0.0,1.000,4194304.0,0.000,0,0,4194304,1,0,1,0,1,1
2,final_right,f32,1048576,glibc_t2,P5,8,0,1,3053973.00,2050.0000,0.0000,3057000.0,0.0,2.000,8388608.0,0.000,0,0,8388608,2,0,0,0,1,1
2,final_right,f32,1048576,glibc_t2,P6,8,1,1,1694158.00,1025.0000,0.0000,776000.0,921000.0,1.000,4194304.0,0.000,0,0,4194304,1,1,0,0,1,1
2,final_right,f32,1048576,glibc_t2,P7,8,2,1,1622654.00,1025.0000,0.0000,1059000.0,568000.0,1.000,4194304.0,0.000,0,0,4194304,1,0,1,0,1,1
2,final_right,f32,1048576,glibc_t2,FIXED_TWIN,8,3,1,1585822.00,1025.0000,0.0000,1589000.0,0.0,1.000,4194304.0,0.000,0,0,4194304,1,0,1,0,1,1
2,final_right,f32,1048576,glibc_t2,P6,9,0,1,1763854.00,1025.0000,0.0000,808000.0,959000.0,1.000,4194304.0,0.000,0,0,4194304,1,1,0,0,1,1
2,final_right,f32,1048576,glibc_t2,P7,9,1,1,1525628.00,1025.0000,0.0000,818000.0,710000.0,1.000,4194304.0,0.000,0,0,4194304,1,0,1,0,1,1
2,final_right,f32,1048576,glibc_t2,FIXED_TWIN,9,2,1,1637745.00,1025.0000,0.0000,1641000.0,0.0,1.000,4194304.0,0.000,0,0,4194304,1,0,1,0,1,1
2,final_right,f32,1048576,glibc_t2,P5,9,3,1,3345246.00,2050.0000,0.0000,3353000.0,0.0,2.000,8388608.0,0.000,0,0,8388608,2,0,0,0,1,1
2,final_right,f32,1048576,glibc_t2,P7,10,0,1,1505249.00,1025.0000,0.0000,690000.0,818000.0,1.000,4194304.0,0.000,0,0,4194304,1,0,1,0,1,1
2,final_right,f32,1048576,glibc_t2,FIXED_TWIN,10,1,1,1490053.00,1025.0000,0.0000,1041000.0,452000.0,1.000,4194304.0,0.000,0,0,4194304,1,0,1,0,1,1
2,final_right,f32,1048576,glibc_t2,P5,10,2,1,3278161.00,2050.0000,0.0000,0.0,3281000.0,2.000,8388608.0,0.000,0,0,8388608,2,0,0,0,1,1
2,final_right,f32,1048576,glibc_t2,P6,10,3,1,1839043.00,1025.0000,0.0000,843000.0,1000000.0,1.000,4194304.0,0.000,0,0,4194304,1,1,0,0,1,1
2,final_right,f32,1048576,glibc_t2,FIXED_TWIN,11,0,1,1510550.00,1025.0000,0.0000,408000.0,1106000.0,1.000,4194304.0,0.000,0,0,4194304,1,0,1,0,1,1
2,final_right,f32,1048576,glibc_t2,P5,11,1,1,3022336.00,2050.0000,0.0000,1384000.0,1641000.0,2.000,8388608.0,0.000,0,0,8388608,2,0,0,0,1,1
2,final_right,f32,1048576,glibc_t2,P6,11,2,1,1831369.00,1025.0000,0.0000,0.0,1835000.0,1.000,4194304.0,0.000,0,0,4194304,1,1,0,0,1,1
2,final_right,f32,1048576,glibc_t2,P7,11,3,1,1503867.00,1025.0000,0.0000,0.0,1506000.0,1.000,4194304.0,0.000,0,0,4194304,1,0,1,0,1,1
2,final_right,f32,1048576,glibc_t2,P5,12,0,1,2949270.00,2050.0000,0.0000,0.0,2951000.0,2.000,8388608.0,0.000,0,0,8388608,2,0,0,0,1,1
2,final_right,f32,1048576,glibc_t2,P6,12,1,1,1648010.00,1025.0000,0.0000,36000.0,1615000.0,1.000,4194304.0,0.000,0,0,4194304,1,1,0,0,1,1
2,final_right,f32,1048576,glibc_t2,P7,12,2,1,1544634.00,1025.0000,0.0000,1119000.0,427000.0,1.000,4194304.0,0.000,0,0,4194304,1,0,1,0,1,1
2,final_right,f32,1048576,glibc_t2,FIXED_TWIN,12,3,1,1517892.00,1025.0000,0.0000,1520000.0,0.0,1.000,4194304.0,0.000,0,0,4194304,1,0,1,0,1,1
2,final_right,f32,1048576,glibc_t2,P6,13,0,1,1694993.00,1025.0000,0.0000,0.0,1699000.0,1.000,4194304.0,0.000,0,0,4194304,1,1,0,0,1,1
2,final_right,f32,1048576,glibc_t2,P7,13,1,1,1637083.00,1025.0000,0.0000,0.0,1640000.0,1.000,4194304.0,0.000,0,0,4194304,1,0,1,0,1,1
2,final_right,f32,1048576,glibc_t2,FIXED_TWIN,13,2,1,1562634.00,1025.0000,0.0000,716000.0,849000.0,1.000,4194304.0,0.000,0,0,4194304,1,0,1,0,1,1
2,final_right,f32,1048576,glibc_t2,P5,13,3,1,3281431.00,2050.0000,0.0000,1502000.0,1782000.0,2.000,8388608.0,0.000,0,0,8388608,2,0,0,0,1,1
2,final_right,f32,1048576,glibc_t2,P7,14,0,1,1567883.00,1025.0000,0.0000,0.0,1570000.0,1.000,4194304.0,0.000,0,0,4194304,1,0,1,0,1,1
2,final_right,f32,1048576,glibc_t2,FIXED_TWIN,14,1,1,1689418.00,1025.0000,0.0000,178000.0,1515000.0,1.000,4194304.0,0.000,0,0,4194304,1,0,1,0,1,1
2,final_right,f32,1048576,glibc_t2,P5,14,2,1,3453876.00,2050.0000,0.0000,0.0,3457000.0,2.000,8388608.0,0.000,0,0,8388608,2,0,0,0,1,1
2,final_right,f32,1048576,glibc_t2,P6,14,3,1,1715139.00,1025.0000,0.0000,0.0,1719000.0,1.000,4194304.0,0.000,0,0,4194304,1,1,0,0,1,1
2,final_right,f32,4194304,glibc_t2,P5,0,0,1,19164418.00,8194.0000,0.0000,7621000.0,11534000.0,2.000,33554432.0,0.000,0,0,33554432,2,0,0,0,1,1
2,final_right,f32,4194304,glibc_t2,P6,0,1,1,10099773.00,4097.0000,0.0000,4964000.0,5143000.0,1.000,16777216.0,0.000,0,0,16777216,1,1,0,0,1,1
2,final_right,f32,4194304,glibc_t2,P7,0,2,1,14594289.00,4097.0000,0.0000,7240000.0,7116000.0,1.000,16777216.0,0.000,0,0,16777216,1,0,1,0,1,1
2,final_right,f32,4194304,glibc_t2,FIXED_TWIN,0,3,1,14436765.00,4097.0000,0.0000,5118000.0,9324000.0,1.000,16777216.0,0.000,0,0,16777216,1,0,1,0,1,1
2,final_right,f32,4194304,glibc_t2,P6,1,0,1,10710335.00,4097.0000,0.0000,1243000.0,9473000.0,1.000,16777216.0,0.000,0,0,16777216,1,1,0,0,1,1
2,final_right,f32,4194304,glibc_t2,P7,1,1,1,9956720.00,4097.0000,0.0000,898000.0,9064000.0,1.000,16777216.0,0.000,0,0,16777216,1,0,1,0,1,1
2,final_right,f32,4194304,glibc_t2,FIXED_TWIN,1,2,1,9833485.00,4097.0000,0.0000,8845000.0,1002000.0,1.000,16777216.0,0.000,0,0,16777216,1,0,1,0,1,1
2,final_right,f32,4194304,glibc_t2,P5,1,3,1,18891489.00,8194.0000,0.0000,7495000.0,11402000.0,2.000,33554432.0,0.000,0,0,33554432,2,0,0,0,1,1
2,final_right,f32,4194304,glibc_t2,P7,2,0,1,11073906.00,4097.0000,0.0000,0.0,11080000.0,1.000,16777216.0,0.000,0,0,16777216,1,0,1,0,1,1
2,final_right,f32,4194304,glibc_t2,FIXED_TWIN,2,1,1,9677773.00,4097.0000,0.0000,4771000.0,4913000.0,1.000,16777216.0,0.000,0,0,16777216,1,0,1,0,1,1
2,final_right,f32,4194304,glibc_t2,P5,2,2,1,18371580.00,8194.0000,0.0000,5088000.0,13257000.0,2.000,33554432.0,0.000,0,0,33554432,2,0,0,0,1,1
2,final_right,f32,4194304,glibc_t2,P6,2,3,1,9882249.00,4097.0000,0.0000,4864000.0,5024000.0,1.000,16777216.0,0.000,0,0,16777216,1,1,0,0,1,1
2,final_right,f32,4194304,glibc_t2,FIXED_TWIN,3,0,1,8329633.00,4097.0000,0.0000,4153000.0,4181000.0,1.000,16777216.0,0.000,0,0,16777216,1,0,1,0,1,1
2,final_right,f32,4194304,glibc_t2,P5,3,1,1,19741163.00,8194.0000,0.0000,3884000.0,15862000.0,2.000,33554432.0,0.000,0,0,33554432,2,0,0,0,1,1
2,final_right,f32,4194304,glibc_t2,P6,3,2,1,11780865.00,4097.0000,0.0000,7902000.0,3885000.0,1.000,16777216.0,0.000,0,0,16777216,1,1,0,0,1,1
2,final_right,f32,4194304,glibc_t2,P7,3,3,1,9489170.00,4097.0000,0.0000,2853000.0,6642000.0,1.000,16777216.0,0.000,0,0,16777216,1,0,1,0,1,1
2,final_right,f32,4194304,glibc_t2,P5,4,0,1,17937501.00,8194.0000,0.0000,3058000.0,14883000.0,2.000,33554432.0,0.000,0,0,33554432,2,0,0,0,1,1
2,final_right,f32,4194304,glibc_t2,P6,4,1,1,10085005.00,4097.0000,0.0000,3126000.0,6965000.0,1.000,16777216.0,0.000,0,0,16777216,1,1,0,0,1,1
2,final_right,f32,4194304,glibc_t2,P7,4,2,1,8537359.00,4097.0000,0.0000,248000.0,8293000.0,1.000,16777216.0,0.000,0,0,16777216,1,0,1,0,1,1
2,final_right,f32,4194304,glibc_t2,FIXED_TWIN,4,3,1,8935670.00,4097.0000,0.0000,4431000.0,4510000.0,1.000,16777216.0,0.000,0,0,16777216,1,0,1,0,1,1
2,final_right,f32,4194304,glibc_t2,P6,5,0,1,11599513.00,4097.0000,0.0000,3820000.0,7786000.0,1.000,16777216.0,0.000,0,0,16777216,1,1,0,0,1,1
2,final_right,f32,4194304,glibc_t2,P7,5,1,1,9293296.00,4097.0000,0.0000,0.0,9297000.0,1.000,16777216.0,0.000,0,0,16777216,1,0,1,0,1,1
2,final_right,f32,4194304,glibc_t2,FIXED_TWIN,5,2,1,9002141.00,4097.0000,0.0000,4462000.0,4546000.0,1.000,16777216.0,0.000,0,0,16777216,1,0,1,0,1,1
2,final_right,f32,4194304,glibc_t2,P5,5,3,1,18280536.00,8194.0000,0.0000,0.0,18286000.0,2.000,33554432.0,0.000,0,0,33554432,2,0,0,0,1,1
2,final_right,f32,4194304,glibc_t2,P7,6,0,1,10516768.00,4097.0000,0.0000,7323000.0,3199000.0,1.000,16777216.0,0.000,0,0,16777216,1,0,1,0,1,1
2,final_right,f32,4194304,glibc_t2,FIXED_TWIN,6,1,1,11185422.00,4097.0000,0.0000,5461000.0,5730000.0,1.000,16777216.0,0.000,0,0,16777216,1,0,1,0,1,1
2,final_right,f32,4194304,glibc_t2,P5,6,2,1,20657813.00,8194.0000,0.0000,12304000.0,8360000.0,2.000,33554432.0,0.000,0,0,33554432,2,0,0,0,1,1
2,final_right,f32,4194304,glibc_t2,P6,6,3,1,11062907.00,4097.0000,0.0000,3560000.0,7480000.0,1.000,16777216.0,0.000,0,0,16777216,1,1,0,0,1,1
2,final_right,f32,4194304,glibc_t2,FIXED_TWIN,7,0,1,8927577.00,4097.0000,0.0000,2594000.0,6337000.0,1.000,16777216.0,0.000,0,0,16777216,1,0,1,0,1,1
2,final_right,f32,4194304,glibc_t2,P5,7,1,1,19021682.00,8194.0000,0.0000,0.0,19028000.0,2.000,33554432.0,0.000,0,0,33554432,2,0,0,0,1,1
2,final_right,f32,4194304,glibc_t2,P6,7,2,1,10724233.00,4097.0000,0.0000,1250000.0,9479000.0,1.000,16777216.0,0.000,0,0,16777216,1,1,0,0,1,1
2,final_right,f32,4194304,glibc_t2,P7,7,3,1,9495317.00,4097.0000,0.0000,688000.0,8812000.0,1.000,16777216.0,0.000,0,0,16777216,1,0,1,0,1,1
2,final_right,f32,4194304,glibc_t2,P5,8,0,1,18110002.00,8194.0000,0.0000,4969000.0,13146000.0,2.000,33554432.0,0.000,0,0,33554432,2,0,0,0,1,1
2,final_right,f32,4194304,glibc_t2,P6,8,1,1,10252316.00,4097.0000,0.0000,5035000.0,5224000.0,1.000,16777216.0,0.000,0,0,16777216,1,1,0,0,1,1
2,final_right,f32,4194304,glibc_t2,P7,8,2,1,8805544.00,4097.0000,0.0000,4370000.0,4439000.0,1.000,16777216.0,0.000,0,0,16777216,1,0,1,0,1,1
2,final_right,f32,4194304,glibc_t2,FIXED_TWIN,8,3,1,9392407.00,4097.0000,0.0000,4647000.0,4750000.0,1.000,16777216.0,0.000,0,0,16777216,1,0,1,0,1,1
2,final_right,f32,4194304,glibc_t2,P6,9,0,1,10412097.00,4097.0000,0.0000,3275000.0,7142000.0,1.000,16777216.0,0.000,0,0,16777216,1,1,0,0,1,1
2,final_right,f32,4194304,glibc_t2,P7,9,1,1,10252153.00,4097.0000,0.0000,7201000.0,3057000.0,1.000,16777216.0,0.000,0,0,16777216,1,0,1,0,1,1
2,final_right,f32,4194304,glibc_t2,FIXED_TWIN,9,2,1,9404464.00,4097.0000,0.0000,2813000.0,6597000.0,1.000,16777216.0,0.000,0,0,16777216,1,0,1,0,1,1
2,final_right,f32,4194304,glibc_t2,P5,9,3,1,21185189.00,8194.0000,0.0000,4546000.0,16644000.0,2.000,33554432.0,0.000,0,0,33554432,2,0,0,0,1,1
2,final_right,f32,4194304,glibc_t2,P7,10,0,1,10273970.00,4097.0000,0.0000,3208000.0,7063000.0,1.000,16777216.0,0.000,0,0,16777216,1,0,1,0,1,1
2,final_right,f32,4194304,glibc_t2,FIXED_TWIN,10,1,1,9712439.00,4097.0000,0.0000,2954000.0,6764000.0,1.000,16777216.0,0.000,0,0,16777216,1,0,1,0,1,1
2,final_right,f32,4194304,glibc_t2,P5,10,2,1,18028626.00,8194.0000,0.0000,4932000.0,13101000.0,2.000,33554432.0,0.000,0,0,33554432,2,0,0,0,1,1
2,final_right,f32,4194304,glibc_t2,P6,10,3,1,10535355.00,4097.0000,0.0000,1165000.0,9376000.0,1.000,16777216.0,0.000,0,0,16777216,1,1,0,0,1,1
2,final_right,f32,4194304,glibc_t2,FIXED_TWIN,11,0,1,8676872.00,4097.0000,0.0000,4312000.0,4369000.0,1.000,16777216.0,0.000,0,0,16777216,1,0,1,0,1,1
2,final_right,f32,4194304,glibc_t2,P5,11,1,1,18788388.00,8194.0000,0.0000,15446000.0,3347000.0,2.000,33554432.0,0.000,0,0,33554432,2,0,0,0,1,1
2,final_right,f32,4194304,glibc_t2,P6,11,2,1,10300351.00,4097.0000,0.0000,7223000.0,3083000.0,1.000,16777216.0,0.000,0,0,16777216,1,1,0,0,1,1
2,final_right,f32,4194304,glibc_t2,P7,11,3,1,9094585.00,4097.0000,0.0000,504000.0,8595000.0,1.000,16777216.0,0.000,0,0,16777216,1,0,1,0,1,1
2,final_right,f32,4194304,glibc_t2,P5,12,0,1,17584971.00,8194.0000,0.0000,8729000.0,8860000.0,2.000,33554432.0,0.000,0,0,33554432,2,0,0,0,1,1
2,final_right,f32,4194304,glibc_t2,P6,12,1,1,10835360.00,4097.0000,0.0000,4217000.0,6623000.0,1.000,16777216.0,0.000,0,0,16777216,1,1,0,0,1,1
2,final_right,f32,4194304,glibc_t2,P7,12,2,1,9565985.00,4097.0000,0.0000,8721000.0,851000.0,1.000,16777216.0,0.000,0,0,16777216,1,0,1,0,1,1
2,final_right,f32,4194304,glibc_t2,FIXED_TWIN,12,3,1,8937252.00,4097.0000,0.0000,1864000.0,7078000.0,1.000,16777216.0,0.000,0,0,16777216,1,0,1,0,1,1
2,final_right,f32,4194304,glibc_t2,P6,13,0,1,9948224.00,4097.0000,0.0000,8896000.0,1056000.0,1.000,16777216.0,0.000,0,0,16777216,1,1,0,0,1,1
2,final_right,f32,4194304,glibc_t2,P7,13,1,1,8702274.00,4097.0000,0.0000,4305000.0,4382000.0,1.000,16777216.0,0.000,0,0,16777216,1,0,1,0,1,1
2,final_right,f32,4194304,glibc_t2,FIXED_TWIN,13,2,1,8406796.00,4097.0000,0.0000,4188000.0,4223000.0,1.000,16777216.0,0.000,0,0,16777216,1,0,1,0,1,1
2,final_right,f32,4194304,glibc_t2,P5,13,3,1,17991663.00,8194.0000,0.0000,12916000.0,5080000.0,2.000,33554432.0,0.000,0,0,33554432,2,0,0,0,1,1
2,final_right,f32,4194304,glibc_t2,P7,14,0,1,10095884.00,4097.0000,0.0000,965000.0,9136000.0,1.000,16777216.0,0.000,0,0,16777216,1,0,1,0,1,1
2,final_right,f32,4194304,glibc_t2,FIXED_TWIN,14,1,1,9931569.00,4097.0000,0.0000,0.0,9936000.0,1.000,16777216.0,0.000,0,0,16777216,1,0,1,0,1,1
2,final_right,f32,4194304,glibc_t2,P5,14,2,1,20116036.00,8194.0000,0.0000,4056000.0,16065000.0,2.000,33554432.0,0.000,0,0,33554432,2,0,0,0,1,1
2,final_right,f32,4194304,glibc_t2,P6,14,3,1,10650709.00,4097.0000,0.0000,3383000.0,7273000.0,1.000,16777216.0,0.000,0,0,16777216,1,1,0,0,1,1
2,final_right,f32,16777216,glibc_t2,P5,0,0,1,81750317.00,32770.0000,0.0000,14874000.0,66631000.0,2.000,134217728.0,0.000,0,0,134217728,2,0,0,0,1,1
2,final_right,f32,16777216,glibc_t2,P6,0,1,1,54271223.00,16385.0000,0.0000,23194000.0,31046000.0,1.000,67108864.0,0.000,0,0,67108864,1,1,0,0,1,1
2,final_right,f32,16777216,glibc_t2,P7,0,2,1,42918767.00,16385.0000,0.0000,11508000.0,31417000.0,1.000,67108864.0,0.000,0,0,67108864,1,0,1,0,1,1
2,final_right,f32,16777216,glibc_t2,FIXED_TWIN,0,3,1,41903654.00,16385.0000,0.0000,8877000.0,33033000.0,1.000,67108864.0,0.000,0,0,67108864,1,0,1,0,1,1
2,final_right,f32,16777216,glibc_t2,P6,1,0,1,51198115.00,16385.0000,0.0000,23485000.0,27391000.0,1.000,67108864.0,0.000,0,0,67108864,1,1,0,0,1,1
2,final_right,f32,16777216,glibc_t2,P7,1,1,1,42424795.00,16385.0000,0.0000,9117000.0,33315000.0,1.000,67108864.0,0.000,0,0,67108864,1,0,1,0,1,1
2,final_right,f32,16777216,glibc_t2,FIXED_TWIN,1,2,1,42661657.00,16385.0000,0.0000,11390000.0,31278000.0,1.000,67108864.0,0.000,0,0,67108864,1,0,1,0,1,1
2,final_right,f32,16777216,glibc_t2,P5,1,3,1,78452202.00,32770.0000,0.0000,27284000.0,51153000.0,2.000,134217728.0,0.000,0,0,134217728,2,0,0,0,1,1
2,final_right,f32,16777216,glibc_t2,P7,2,0,1,42233101.00,16385.0000,0.0000,21026000.0,21212000.0,1.000,67108864.0,0.000,0,0,67108864,1,0,1,0,1,1
2,final_right,f32,16777216,glibc_t2,FIXED_TWIN,2,1,1,42995680.00,16385.0000,0.0000,13378000.0,29616000.0,1.000,67108864.0,0.000,0,0,67108864,1,0,1,0,1,1
2,final_right,f32,16777216,glibc_t2,P5,2,2,1,78376752.00,32770.0000,0.0000,23260000.0,55123000.0,2.000,134217728.0,0.000,0,0,134217728,2,0,0,0,1,1
2,final_right,f32,16777216,glibc_t2,P6,2,3,1,50794860.00,16385.0000,0.0000,31450000.0,19352000.0,1.000,67108864.0,0.000,0,0,67108864,1,1,0,0,1,1
2,final_right,f32,16777216,glibc_t2,FIXED_TWIN,3,0,1,43104667.00,16385.0000,0.0000,19592000.0,23519000.0,1.000,67108864.0,0.000,0,0,67108864,1,0,1,0,1,1
2,final_right,f32,16777216,glibc_t2,P5,3,1,1,79493283.00,32770.0000,0.0000,27771000.0,51728000.0,2.000,134217728.0,0.000,0,0,134217728,2,0,0,0,1,1
2,final_right,f32,16777216,glibc_t2,P6,3,2,1,48918534.00,16385.0000,0.0000,32424000.0,16467000.0,1.000,67108864.0,0.000,0,0,67108864,1,1,0,0,1,1
2,final_right,f32,16777216,glibc_t2,P7,3,3,1,42572040.00,16385.0000,0.0000,17145000.0,25394000.0,1.000,67108864.0,0.000,0,0,67108864,1,0,1,0,1,1
2,final_right,f32,16777216,glibc_t2,P5,4,0,1,92689806.00,32770.0000,0.0000,22488000.0,70110000.0,2.000,134217728.0,0.000,0,0,134217728,2,0,0,0,1,1
2,final_right,f32,16777216,glibc_t2,P6,4,1,1,50690369.00,16385.0000,0.0000,23402000.0,27295000.0,1.000,67108864.0,0.000,0,0,67108864,1,1,0,0,1,1
2,final_right,f32,16777216,glibc_t2,P7,4,2,1,45998440.00,16385.0000,0.0000,8920000.0,37065000.0,1.000,67108864.0,0.000,0,0,67108864,1,0,1,0,1,1
2,final_right,f32,16777216,glibc_t2,FIXED_TWIN,4,3,1,43272275.00,16385.0000,0.0000,13505000.0,29773000.0,1.000,67108864.0,0.000,0,0,67108864,1,0,1,0,1,1
2,final_right,f32,16777216,glibc_t2,P6,5,0,1,54593103.00,16385.0000,0.0000,15360000.0,39244000.0,1.000,67108864.0,0.000,0,0,67108864,1,1,0,0,1,1
2,final_right,f32,16777216,glibc_t2,P7,5,1,1,44884500.00,16385.0000,0.0000,28396000.0,16467000.0,1.000,67108864.0,0.000,0,0,67108864,1,0,1,0,1,1
2,final_right,f32,16777216,glibc_t2,FIXED_TWIN,5,2,1,45658071.00,16385.0000,0.0000,12765000.0,32899000.0,1.000,67108864.0,0.000,0,0,67108864,1,0,1,0,1,1
2,final_right,f32,16777216,glibc_t2,P5,5,3,1,81770944.00,32770.0000,0.0000,12818000.0,68959000.0,2.000,134217728.0,0.000,0,0,134217728,2,0,0,0,1,1
2,final_right,f32,16777216,glibc_t2,P7,6,0,1,45906883.00,16385.0000,0.0000,16879000.0,29033000.0,1.000,67108864.0,0.000,0,0,67108864,1,0,1,0,1,1
2,final_right,f32,16777216,glibc_t2,FIXED_TWIN,6,1,1,44392304.00,16385.0000,0.0000,16184000.0,28198000.0,1.000,67108864.0,0.000,0,0,67108864,1,0,1,0,1,1
2,final_right,f32,16777216,glibc_t2,P5,6,2,1,81758111.00,32770.0000,0.0000,20812000.0,60940000.0,2.000,134217728.0,0.000,0,0,134217728,2,0,0,0,1,1
2,final_right,f32,16777216,glibc_t2,P6,6,3,1,55483578.00,16385.0000,0.0000,19762000.0,35719000.0,1.000,67108864.0,0.000,0,0,67108864,1,1,0,0,1,1
2,final_right,f32,16777216,glibc_t2,FIXED_TWIN,7,0,1,44321660.00,16385.0000,0.0000,16152000.0,28177000.0,1.000,67108864.0,0.000,0,0,67108864,1,0,1,0,1,1
2,final_right,f32,16777216,glibc_t2,P5,7,1,1,79022373.00,32770.0000,0.0000,35554000.0,43371000.0,2.000,134217728.0,0.000,0,0,134217728,2,0,0,0,1,1
2,final_right,f32,16777216,glibc_t2,P6,7,2,1,52727890.00,16385.0000,0.0000,16339000.0,36397000.0,1.000,67108864.0,0.000,0,0,67108864,1,1,0,0,1,1
2,final_right,f32,16777216,glibc_t2,P7,7,3,1,43902165.00,16385.0000,0.0000,27956000.0,15952000.0,1.000,67108864.0,0.000,0,0,67108864,1,0,1,0,1,1
2,final_right,f32,16777216,glibc_t2,P5,8,0,1,79451942.00,32770.0000,0.0000,35750000.0,43707000.0,2.000,134217728.0,0.000,0,0,134217728,2,0,0,0,1,1
2,final_right,f32,16777216,glibc_t2,P6,8,1,1,57042522.00,16385.0000,0.0000,22642000.0,34407000.0,1.000,67108864.0,0.000,0,0,67108864,1,1,0,0,1,1
2,final_right,f32,16777216,glibc_t2,P7,8,2,1,47250346.00,16385.0000,0.0000,31623000.0,15585000.0,1.000,67108864.0,0.000,0,0,67108864,1,0,1,0,1,1
2,final_right,f32,16777216,glibc_t2,FIXED_TWIN,8,3,1,44457372.00,16385.0000,0.0000,16214000.0,28250000.0,1.000,67108864.0,0.000,0,0,67108864,1,0,1,0,1,1
2,final_right,f32,16777216,glibc_t2,P6,9,0,1,52818091.00,16385.0000,0.0000,28379000.0,24446000.0,1.000,67108864.0,0.000,0,0,67108864,1,1,0,0,1,1
2,final_right,f32,16777216,glibc_t2,P7,9,1,1,42772332.00,16385.0000,0.0000,11438000.0,31341000.0,1.000,67108864.0,0.000,0,0,67108864,1,0,1,0,1,1
2,final_right,f32,16777216,glibc_t2,FIXED_TWIN,9,2,1,43770511.00,16385.0000,0.0000,19898000.0,23880000.0,1.000,67108864.0,0.000,0,0,67108864,1,0,1,0,1,1
2,final_right,f32,16777216,glibc_t2,P5,9,3,1,80756468.00,32770.0000,0.0000,18512000.0,62234000.0,2.000,134217728.0,0.000,0,0,134217728,2,0,0,0,1,1
2,final_right,f32,16777216,glibc_t2,P7,10,0,1,44024350.00,16385.0000,0.0000,24016000.0,20019000.0,1.000,67108864.0,0.000,0,0,67108864,1,0,1,0,1,1
2,final_right,f32,16777216,glibc_t2,FIXED_TWIN,10,1,1,44650066.00,16385.0000,0.0000,8304000.0,36353000.0,1.000,67108864.0,0.000,0,0,67108864,1,0,1,0,1,1
2,final_right,f32,16777216,glibc_t2,P5,10,2,1,76723353.00,32770.0000,0.0000,28336000.0,48393000.0,2.000,134217728.0,0.000,0,0,134217728,2,0,0,0,1,1
2,final_right,f32,16777216,glibc_t2,P6,10,3,1,49944747.00,16385.0000,0.0000,19057000.0,30894000.0,1.000,67108864.0,0.000,0,0,67108864,1,1,0,0,1,1
2,final_right,f32,16777216,glibc_t2,FIXED_TWIN,11,0,1,42045982.00,16385.0000,0.0000,11104000.0,30949000.0,1.000,67108864.0,0.000,0,0,67108864,1,0,1,0,1,1
2,final_right,f32,16777216,glibc_t2,P5,11,1,1,78376467.00,32770.0000,0.0000,15258000.0,63125000.0,2.000,134217728.0,0.000,0,0,134217728,2,0,0,0,1,1
2,final_right,f32,16777216,glibc_t2,P6,11,2,1,49408969.00,16385.0000,0.0000,16653000.0,32764000.0,1.000,67108864.0,0.000,0,0,67108864,1,1,0,0,1,1
2,final_right,f32,16777216,glibc_t2,P7,11,3,1,43848449.00,16385.0000,0.0000,15933000.0,27921000.0,1.000,67108864.0,0.000,0,0,67108864,1,0,1,0,1,1
2,final_right,f32,16777216,glibc_t2,P5,12,0,1,79508832.00,32770.0000,0.0000,23760000.0,55716000.0,2.000,134217728.0,0.000,0,0,134217728,2,0,0,0,1,1
2,final_right,f32,16777216,glibc_t2,P6,12,1,1,49995456.00,16385.0000,0.0000,16921000.0,33081000.0,1.000,67108864.0,0.000,0,0,67108864,1,1,0,0,1,1
2,final_right,f32,16777216,glibc_t2,P7,12,2,1,43990608.00,16385.0000,0.0000,23999000.0,19999000.0,1.000,67108864.0,0.000,0,0,67108864,1,0,1,0,1,1
2,final_right,f32,16777216,glibc_t2,FIXED_TWIN,12,3,1,43461826.00,16385.0000,0.0000,23755000.0,19713000.0,1.000,67108864.0,0.000,0,0,67108864,1,0,1,0,1,1
2,final_right,f32,16777216,glibc_t2,P6,13,0,1,49161886.00,16385.0000,0.0000,28537000.0,20632000.0,1.000,67108864.0,0.000,0,0,67108864,1,1,0,0,1,1
2,final_right,f32,16777216,glibc_t2,P7,13,1,1,43337513.00,16385.0000,0.0000,15698000.0,27646000.0,1.000,67108864.0,0.000,0,0,67108864,1,0,1,0,1,1
2,final_right,f32,16777216,glibc_t2,FIXED_TWIN,13,2,1,44416830.00,16385.0000,0.0000,197000.0,44226000.0,1.000,67108864.0,0.000,0,0,67108864,1,0,1,0,1,1
2,final_right,f32,16777216,glibc_t2,P5,13,3,1,78278085.00,32770.0000,0.0000,29049000.0,49227000.0,2.000,134217728.0,0.000,0,0,134217728,2,0,0,0,1,1
2,final_right,f32,16777216,glibc_t2,P7,14,0,1,43466576.00,16385.0000,0.0000,13599000.0,29874000.0,1.000,67108864.0,0.000,0,0,67108864,1,0,1,0,1,1
2,final_right,f32,16777216,glibc_t2,FIXED_TWIN,14,1,1,41693483.00,16385.0000,0.0000,14929000.0,26744000.0,1.000,67108864.0,0.000,0,0,67108864,1,0,1,0,1,1
2,final_right,f32,16777216,glibc_t2,P5,14,2,1,83137487.00,32770.0000,0.0000,25448000.0,57696000.0,2.000,134217728.0,0.000,0,0,134217728,2,0,0,0,1,1
2,final_right,f32,16777216,glibc_t2,P6,14,3,1,48554777.00,16385.0000,0.0000,20258000.0,28303000.0,1.000,67108864.0,0.000,0,0,67108864,1,1,0,0,1,1
2,inter_out,f32,64,glibc_t2,P5,0,0,1000,4193.09,0.0000,0.0000,4092.0,107.0,3.000,768.0,0.000,0,0,512256,2,0,0,1,1,1
2,inter_out,f32,64,glibc_t2,P6,0,1,1000,3317.61,0.0000,0.0000,2316.0,1004.0,2.000,512.0,0.000,0,0,512000,1,1,0,1,1,1
2,inter_out,f32,64,glibc_t2,FIXED_TWIN,0,2,1000,5268.60,0.0000,0.0000,5272.0,0.0,2.000,512.0,0.000,0,0,512000,1,1,0,1,1,1
2,inter_out,f32,64,glibc_t2,P6,1,0,1000,9953.89,0.0000,0.0000,9956.0,0.0,2.000,512.0,0.000,0,0,512000,1,1,0,1,1,1
2,inter_out,f32,64,glibc_t2,FIXED_TWIN,1,1,1000,3525.46,0.0000,0.0000,3530.0,0.0,2.000,512.0,0.000,0,0,512000,1,1,0,1,1,1
2,inter_out,f32,64,glibc_t2,P5,1,2,1000,3542.84,0.0000,0.0000,3546.0,0.0,3.000,768.0,0.000,0,0,512256,2,0,0,1,1,1
2,inter_out,f32,64,glibc_t2,FIXED_TWIN,2,0,1000,3349.87,0.0000,0.0000,3356.0,0.0,2.000,512.0,0.000,0,0,512000,1,1,0,1,1,1
2,inter_out,f32,64,glibc_t2,P5,2,1,1000,3388.25,0.0000,0.0000,3353.0,0.0,3.000,768.0,0.000,0,0,512256,2,0,0,1,1,1
2,inter_out,f32,64,glibc_t2,P6,2,2,1000,3298.87,0.0000,0.0000,3300.0,0.0,2.000,512.0,0.000,0,0,512000,1,1,0,1,1,1
2,inter_out,f32,64,glibc_t2,P5,3,0,1000,3293.62,0.0000,0.0000,3295.0,0.0,3.000,768.0,0.000,0,0,512256,2,0,0,1,1,1
2,inter_out,f32,64,glibc_t2,P6,3,1,1000,3370.72,0.0000,0.0000,3374.0,0.0,2.000,512.0,0.000,0,0,512000,1,1,0,1,1,1
2,inter_out,f32,64,glibc_t2,FIXED_TWIN,3,2,1000,3306.62,0.0000,0.0000,3312.0,0.0,2.000,512.0,0.000,0,0,512000,1,1,0,1,1,1
2,inter_out,f32,64,glibc_t2,P6,4,0,1000,3257.05,0.0000,0.0000,3259.0,0.0,2.000,512.0,0.000,0,0,512000,1,1,0,1,1,1
2,inter_out,f32,64,glibc_t2,FIXED_TWIN,4,1,1000,3280.52,0.0000,0.0000,3282.0,0.0,2.000,512.0,0.000,0,0,512000,1,1,0,1,1,1
2,inter_out,f32,64,glibc_t2,P5,4,2,1000,3542.32,0.0000,0.0000,3546.0,0.0,3.000,768.0,0.000,0,0,512256,2,0,0,1,1,1
2,inter_out,f32,64,glibc_t2,FIXED_TWIN,5,0,1000,3469.62,0.0000,0.0000,3448.0,25.0,2.000,512.0,0.000,0,0,512000,1,1,0,1,1,1
2,inter_out,f32,64,glibc_t2,P5,5,1,1000,3781.88,0.0000,0.0000,3787.0,0.0,3.000,768.0,0.000,0,0,512256,2,0,0,1,1,1
2,inter_out,f32,64,glibc_t2,P6,5,2,1000,3392.62,0.0000,0.0000,3396.0,0.0,2.000,512.0,0.000,0,0,512000,1,1,0,1,1,1
2,inter_out,f32,64,glibc_t2,P5,6,0,1000,3371.65,0.0000,0.0000,3374.0,0.0,3.000,768.0,0.000,0,0,512256,2,0,0,1,1,1
2,inter_out,f32,64,glibc_t2,P6,6,1,1000,3681.70,0.0000,0.0000,3686.0,0.0,2.000,512.0,0.000,0,0,512000,1,1,0,1,1,1
2,inter_out,f32,64,glibc_t2,FIXED_TWIN,6,2,1000,3399.01,0.0000,0.0000,3404.0,0.0,2.000,512.0,0.000,0,0,512000,1,1,0,1,1,1
2,inter_out,f32,64,glibc_t2,P6,7,0,1000,3299.61,0.0000,0.0000,3302.0,0.0,2.000,512.0,0.000,0,0,512000,1,1,0,1,1,1
2,inter_out,f32,64,glibc_t2,FIXED_TWIN,7,1,1000,3404.31,0.0000,0.0000,3409.0,0.0,2.000,512.0,0.000,0,0,512000,1,1,0,1,1,1
2,inter_out,f32,64,glibc_t2,P5,7,2,1000,3316.92,0.0000,0.0000,3321.0,0.0,3.000,768.0,0.000,0,0,512256,2,0,0,1,1,1
2,inter_out,f32,64,glibc_t2,FIXED_TWIN,8,0,1000,3335.90,0.0000,0.0000,3338.0,0.0,2.000,512.0,0.000,0,0,512000,1,1,0,1,1,1
2,inter_out,f32,64,glibc_t2,P5,8,1,1000,3266.86,0.0000,0.0000,3268.0,0.0,3.000,768.0,0.000,0,0,512256,2,0,0,1,1,1
2,inter_out,f32,64,glibc_t2,P6,8,2,1000,3787.63,0.0000,0.0000,3790.0,0.0,2.000,512.0,0.000,0,0,512000,1,1,0,1,1,1
2,inter_out,f32,64,glibc_t2,P5,9,0,1000,3307.41,0.0000,0.0000,3310.0,0.0,3.000,768.0,0.000,0,0,512256,2,0,0,1,1,1
2,inter_out,f32,64,glibc_t2,P6,9,1,1000,3318.55,0.0000,0.0000,3321.0,0.0,2.000,512.0,0.000,0,0,512000,1,1,0,1,1,1
2,inter_out,f32,64,glibc_t2,FIXED_TWIN,9,2,1000,3308.82,0.0000,0.0000,3312.0,0.0,2.000,512.0,0.000,0,0,512000,1,1,0,1,1,1
2,inter_out,f32,64,glibc_t2,P6,10,0,1000,3444.78,0.0000,0.0000,3448.0,0.0,2.000,512.0,0.000,0,0,512000,1,1,0,1,1,1
2,inter_out,f32,64,glibc_t2,FIXED_TWIN,10,1,1000,3339.32,0.0000,0.0000,3341.0,0.0,2.000,512.0,0.000,0,0,512000,1,1,0,1,1,1
2,inter_out,f32,64,glibc_t2,P5,10,2,1000,3535.08,0.0000,0.0000,3537.0,0.0,3.000,768.0,0.000,0,0,512256,2,0,0,1,1,1
2,inter_out,f32,64,glibc_t2,FIXED_TWIN,11,0,1000,3298.65,0.0000,0.0000,3300.0,0.0,2.000,512.0,0.000,0,0,512000,1,1,0,1,1,1
2,inter_out,f32,64,glibc_t2,P5,11,1,1000,3486.72,0.0000,0.0000,3490.0,0.0,3.000,768.0,0.000,0,0,512256,2,0,0,1,1,1
2,inter_out,f32,64,glibc_t2,P6,11,2,1000,3292.94,0.0000,0.0000,3294.0,0.0,2.000,512.0,0.000,0,0,512000,1,1,0,1,1,1
2,inter_out,f32,64,glibc_t2,P5,12,0,1000,3440.21,0.0000,0.0000,3443.0,0.0,3.000,768.0,0.000,0,0,512256,2,0,0,1,1,1
2,inter_out,f32,64,glibc_t2,P6,12,1,1000,3328.68,0.0000,0.0000,3330.0,0.0,2.000,512.0,0.000,0,0,512000,1,1,0,1,1,1
2,inter_out,f32,64,glibc_t2,FIXED_TWIN,12,2,1000,3307.38,0.0000,0.0000,3310.0,0.0,2.000,512.0,0.000,0,0,512000,1,1,0,1,1,1
2,inter_out,f32,64,glibc_t2,P6,13,0,1000,3524.56,0.0000,0.0000,3528.0,0.0,2.000,512.0,0.000,0,0,512000,1,1,0,1,1,1
2,inter_out,f32,64,glibc_t2,FIXED_TWIN,13,1,1000,3401.74,0.0000,0.0000,3406.0,0.0,2.000,512.0,0.000,0,0,512000,1,1,0,1,1,1
2,inter_out,f32,64,glibc_t2,P5,13,2,1000,3583.84,0.0000,0.0000,3587.0,0.0,3.000,768.0,0.000,0,0,512256,2,0,0,1,1,1
2,inter_out,f32,64,glibc_t2,FIXED_TWIN,14,0,1000,3326.57,0.0000,0.0000,3330.0,0.0,2.000,512.0,0.000,0,0,512000,1,1,0,1,1,1
2,inter_out,f32,64,glibc_t2,P5,14,1,1000,3448.95,0.0000,0.0000,3452.0,0.0,3.000,768.0,0.000,0,0,512256,2,0,0,1,1,1
2,inter_out,f32,64,glibc_t2,P6,14,2,1000,3490.33,0.0000,0.0000,3494.0,0.0,2.000,512.0,0.000,0,0,512000,1,1,0,1,1,1
2,inter_out,f32,1024,glibc_t2,P5,0,0,1000,4097.37,0.0000,0.0000,4048.0,55.0,3.000,12288.0,0.000,0,0,8196096,2,0,0,1,1,1
2,inter_out,f32,1024,glibc_t2,P6,0,1,1000,3998.31,0.0000,0.0000,4004.0,0.0,2.000,8192.0,0.000,0,0,8192000,1,1,0,1,1,1
2,inter_out,f32,1024,glibc_t2,FIXED_TWIN,0,2,1000,3996.46,0.0000,0.0000,4000.0,0.0,2.000,8192.0,0.000,0,0,8192000,1,1,0,1,1,1
2,inter_out,f32,1024,glibc_t2,P6,1,0,1000,3933.10,0.0000,0.0000,3938.0,0.0,2.000,8192.0,0.000,0,0,8192000,1,1,0,1,1,1
2,inter_out,f32,1024,glibc_t2,FIXED_TWIN,1,1,1000,4195.46,0.0000,0.0000,4200.0,0.0,2.000,8192.0,0.000,0,0,8192000,1,1,0,1,1,1
2,inter_out,f32,1024,glibc_t2,P5,1,2,1000,4202.50,0.0000,0.0000,4096.0,111.0,3.000,12288.0,0.000,0,0,8196096,2,0,0,1,1,1
2,inter_out,f32,1024,glibc_t2,FIXED_TWIN,2,0,1000,4020.45,0.0000,0.0000,4026.0,0.0,2.000,8192.0,0.000,0,0,8192000,1,1,0,1,1,1
2,inter_out,f32,1024,glibc_t2,P5,2,1,1000,4123.47,0.0000,0.0000,4127.0,0.0,3.000,12288.0,0.000,0,0,8196096,2,0,0,1,1,1
2,inter_out,f32,1024,glibc_t2,P6,2,2,1000,3992.72,0.0000,0.0000,3997.0,0.0,2.000,8192.0,0.000,0,0,8192000,1,1,0,1,1,1
2,inter_out,f32,1024,glibc_t2,P5,3,0,1000,4134.82,0.0000,0.0000,4143.0,0.0,3.000,12288.0,0.000,0,0,8196096,2,0,0,1,1,1
2,inter_out,f32,1024,glibc_t2,P6,3,1,1000,3988.61,0.0000,0.0000,3992.0,0.0,2.000,8192.0,0.000,0,0,8192000,1,1,0,1,1,1
2,inter_out,f32,1024,glibc_t2,FIXED_TWIN,3,2,1000,3929.86,0.0000,0.0000,3935.0,0.0,2.000,8192.0,0.000,0,0,8192000,1,1,0,1,1,1
2,inter_out,f32,1024,glibc_t2,P6,4,0,1000,4009.33,0.0000,0.0000,4013.0,0.0,2.000,8192.0,0.000,0,0,8192000,1,1,0,1,1,1
2,inter_out,f32,1024,glibc_t2,FIXED_TWIN,4,1,1000,4515.69,0.0000,0.0000,4520.0,0.0,2.000,8192.0,0.000,0,0,8192000,1,1,0,1,1,1
2,inter_out,f32,1024,glibc_t2,P5,4,2,1000,4059.67,0.0000,0.0000,4064.0,0.0,3.000,12288.0,0.000,0,0,8196096,2,0,0,1,1,1
2,inter_out,f32,1024,glibc_t2,FIXED_TWIN,5,0,1000,4082.20,0.0000,0.0000,4086.0,0.0,2.000,8192.0,0.000,0,0,8192000,1,1,0,1,1,1
2,inter_out,f32,1024,glibc_t2,P5,5,1,1000,3985.19,0.0000,0.0000,3988.0,0.0,3.000,12288.0,0.000,0,0,8196096,2,0,0,1,1,1
2,inter_out,f32,1024,glibc_t2,P6,5,2,1000,3946.51,0.0000,0.0000,3951.0,0.0,2.000,8192.0,0.000,0,0,8192000,1,1,0,1,1,1
2,inter_out,f32,1024,glibc_t2,P5,6,0,1000,4120.88,0.0000,0.0000,4124.0,0.0,3.000,12288.0,0.000,0,0,8196096,2,0,0,1,1,1
2,inter_out,f32,1024,glibc_t2,P6,6,1,1000,3965.46,0.0000,0.0000,3969.0,0.0,2.000,8192.0,0.000,0,0,8192000,1,1,0,1,1,1
2,inter_out,f32,1024,glibc_t2,FIXED_TWIN,6,2,1000,4074.02,0.0000,0.0000,4078.0,0.0,2.000,8192.0,0.000,0,0,8192000,1,1,0,1,1,1
2,inter_out,f32,1024,glibc_t2,P6,7,0,1000,3872.46,0.0000,0.0000,3876.0,0.0,2.000,8192.0,0.000,0,0,8192000,1,1,0,1,1,1
2,inter_out,f32,1024,glibc_t2,FIXED_TWIN,7,1,1000,3991.77,0.0000,0.0000,3996.0,0.0,2.000,8192.0,0.000,0,0,8192000,1,1,0,1,1,1
2,inter_out,f32,1024,glibc_t2,P5,7,2,1000,4091.59,0.0000,0.0000,4095.0,0.0,3.000,12288.0,0.000,0,0,8196096,2,0,0,1,1,1
2,inter_out,f32,1024,glibc_t2,FIXED_TWIN,8,0,1000,3903.64,0.0000,0.0000,3907.0,0.0,2.000,8192.0,0.000,0,0,8192000,1,1,0,1,1,1
2,inter_out,f32,1024,glibc_t2,P5,8,1,1000,3999.20,0.0000,0.0000,4001.0,0.0,3.000,12288.0,0.000,0,0,8196096,2,0,0,1,1,1
2,inter_out,f32,1024,glibc_t2,P6,8,2,1000,3910.55,0.0000,0.0000,3914.0,0.0,2.000,8192.0,0.000,0,0,8192000,1,1,0,1,1,1
2,inter_out,f32,1024,glibc_t2,P5,9,0,1000,4205.47,0.0000,0.0000,4035.0,0.0,3.000,12288.0,0.000,0,0,8196096,2,0,0,1,1,1
2,inter_out,f32,1024,glibc_t2,P6,9,1,1000,4244.34,0.0000,0.0000,4248.0,0.0,2.000,8192.0,0.000,0,0,8192000,1,1,0,1,1,1
2,inter_out,f32,1024,glibc_t2,FIXED_TWIN,9,2,1000,3909.01,0.0000,0.0000,3913.0,0.0,2.000,8192.0,0.000,0,0,8192000,1,1,0,1,1,1
2,inter_out,f32,1024,glibc_t2,P6,10,0,1000,3907.15,0.0000,0.0000,3911.0,0.0,2.000,8192.0,0.000,0,0,8192000,1,1,0,1,1,1
2,inter_out,f32,1024,glibc_t2,FIXED_TWIN,10,1,1000,3974.24,0.0000,0.0000,3979.0,0.0,2.000,8192.0,0.000,0,0,8192000,1,1,0,1,1,1
2,inter_out,f32,1024,glibc_t2,P5,10,2,1000,4039.34,0.0000,0.0000,4044.0,0.0,3.000,12288.0,0.000,0,0,8196096,2,0,0,1,1,1
2,inter_out,f32,1024,glibc_t2,FIXED_TWIN,11,0,1000,3950.81,0.0000,0.0000,3955.0,0.0,2.000,8192.0,0.000,0,0,8192000,1,1,0,1,1,1
2,inter_out,f32,1024,glibc_t2,P5,11,1,1000,4030.30,0.0000,0.0000,4033.0,0.0,3.000,12288.0,0.000,0,0,8196096,2,0,0,1,1,1
2,inter_out,f32,1024,glibc_t2,P6,11,2,1000,3924.95,0.0000,0.0000,3928.0,0.0,2.000,8192.0,0.000,0,0,8192000,1,1,0,1,1,1
2,inter_out,f32,1024,glibc_t2,P5,12,0,1000,3979.32,0.0000,0.0000,3981.0,0.0,3.000,12288.0,0.000,0,0,8196096,2,0,0,1,1,1
2,inter_out,f32,1024,glibc_t2,P6,12,1,1000,3862.97,0.0000,0.0000,3867.0,0.0,2.000,8192.0,0.000,0,0,8192000,1,1,0,1,1,1
2,inter_out,f32,1024,glibc_t2,FIXED_TWIN,12,2,1000,3900.63,0.0000,0.0000,3903.0,0.0,2.000,8192.0,0.000,0,0,8192000,1,1,0,1,1,1
2,inter_out,f32,1024,glibc_t2,P6,13,0,1000,3989.08,0.0000,0.0000,3994.0,0.0,2.000,8192.0,0.000,0,0,8192000,1,1,0,1,1,1
2,inter_out,f32,1024,glibc_t2,FIXED_TWIN,13,1,1000,3833.74,0.0000,0.0000,3836.0,0.0,2.000,8192.0,0.000,0,0,8192000,1,1,0,1,1,1
2,inter_out,f32,1024,glibc_t2,P5,13,2,1000,3965.40,0.0000,0.0000,3970.0,0.0,3.000,12288.0,0.000,0,0,8196096,2,0,0,1,1,1
2,inter_out,f32,1024,glibc_t2,FIXED_TWIN,14,0,1000,3822.33,0.0000,0.0000,3825.0,0.0,2.000,8192.0,0.000,0,0,8192000,1,1,0,1,1,1
2,inter_out,f32,1024,glibc_t2,P5,14,1,1000,4060.26,0.0000,0.0000,4064.0,0.0,3.000,12288.0,0.000,0,0,8196096,2,0,0,1,1,1
2,inter_out,f32,1024,glibc_t2,P6,14,2,1000,3838.38,0.0000,0.0000,3842.0,0.0,2.000,8192.0,0.000,0,0,8192000,1,1,0,1,1,1
2,inter_out,f32,4096,glibc_t2,P5,0,0,1,2185.00,0.0000,0.0000,4000.0,0.0,3.000,49152.0,0.000,0,0,49152,2,0,0,1,1,1
2,inter_out,f32,4096,glibc_t2,P6,0,1,1,1702.00,0.0000,0.0000,2000.0,0.0,2.000,32768.0,0.000,0,0,32768,1,1,0,1,1,1
2,inter_out,f32,4096,glibc_t2,FIXED_TWIN,0,2,1,1741.00,0.0000,0.0000,3000.0,0.0,2.000,32768.0,0.000,0,0,32768,1,1,0,1,1,1
2,inter_out,f32,4096,glibc_t2,P6,1,0,1,1643.00,0.0000,0.0000,2000.0,0.0,2.000,32768.0,0.000,0,0,32768,1,1,0,1,1,1
2,inter_out,f32,4096,glibc_t2,FIXED_TWIN,1,1,1,1634.00,0.0000,0.0000,2000.0,0.0,2.000,32768.0,0.000,0,0,32768,1,1,0,1,1,1
2,inter_out,f32,4096,glibc_t2,P5,1,2,1,1965.00,0.0000,0.0000,2000.0,0.0,3.000,49152.0,0.000,0,0,49152,2,0,0,1,1,1
2,inter_out,f32,4096,glibc_t2,FIXED_TWIN,2,0,1,1648.00,0.0000,0.0000,2000.0,0.0,2.000,32768.0,0.000,0,0,32768,1,1,0,1,1,1
2,inter_out,f32,4096,glibc_t2,P5,2,1,1,1949.00,0.0000,0.0000,2000.0,0.0,3.000,49152.0,0.000,0,0,49152,2,0,0,1,1,1
2,inter_out,f32,4096,glibc_t2,P6,2,2,1,1688.00,0.0000,0.0000,2000.0,0.0,2.000,32768.0,0.000,0,0,32768,1,1,0,1,1,1
2,inter_out,f32,4096,glibc_t2,P5,3,0,1,1958.00,0.0000,0.0000,3000.0,0.0,3.000,49152.0,0.000,0,0,49152,2,0,0,1,1,1
2,inter_out,f32,4096,glibc_t2,P6,3,1,1,1650.00,0.0000,0.0000,2000.0,0.0,2.000,32768.0,0.000,0,0,32768,1,1,0,1,1,1
2,inter_out,f32,4096,glibc_t2,FIXED_TWIN,3,2,1,1628.00,0.0000,0.0000,2000.0,0.0,2.000,32768.0,0.000,0,0,32768,1,1,0,1,1,1
2,inter_out,f32,4096,glibc_t2,P6,4,0,1,1626.00,0.0000,0.0000,2000.0,0.0,2.000,32768.0,0.000,0,0,32768,1,1,0,1,1,1
2,inter_out,f32,4096,glibc_t2,FIXED_TWIN,4,1,1,1624.00,0.0000,0.0000,2000.0,0.0,2.000,32768.0,0.000,0,0,32768,1,1,0,1,1,1
2,inter_out,f32,4096,glibc_t2,P5,4,2,1,1945.00,0.0000,0.0000,2000.0,0.0,3.000,49152.0,0.000,0,0,49152,2,0,0,1,1,1
2,inter_out,f32,4096,glibc_t2,FIXED_TWIN,5,0,1,1631.00,0.0000,0.0000,2000.0,0.0,2.000,32768.0,0.000,0,0,32768,1,1,0,1,1,1
2,inter_out,f32,4096,glibc_t2,P5,5,1,1,1958.00,0.0000,0.0000,2000.0,0.0,3.000,49152.0,0.000,0,0,49152,2,0,0,1,1,1
2,inter_out,f32,4096,glibc_t2,P6,5,2,1,1676.00,0.0000,0.0000,2000.0,0.0,2.000,32768.0,0.000,0,0,32768,1,1,0,1,1,1
2,inter_out,f32,4096,glibc_t2,P5,6,0,1,1943.00,0.0000,0.0000,3000.0,0.0,3.000,49152.0,0.000,0,0,49152,2,0,0,1,1,1
2,inter_out,f32,4096,glibc_t2,P6,6,1,1,1665.00,0.0000,0.0000,2000.0,0.0,2.000,32768.0,0.000,0,0,32768,1,1,0,1,1,1
2,inter_out,f32,4096,glibc_t2,FIXED_TWIN,6,2,1,1614.00,0.0000,0.0000,2000.0,0.0,2.000,32768.0,0.000,0,0,32768,1,1,0,1,1,1
2,inter_out,f32,4096,glibc_t2,P6,7,0,1,1648.00,0.0000,0.0000,3000.0,0.0,2.000,32768.0,0.000,0,0,32768,1,1,0,1,1,1
2,inter_out,f32,4096,glibc_t2,FIXED_TWIN,7,1,1,1628.00,0.0000,0.0000,2000.0,0.0,2.000,32768.0,0.000,0,0,32768,1,1,0,1,1,1
2,inter_out,f32,4096,glibc_t2,P5,7,2,1,1978.00,0.0000,0.0000,3000.0,0.0,3.000,49152.0,0.000,0,0,49152,2,0,0,1,1,1
2,inter_out,f32,4096,glibc_t2,FIXED_TWIN,8,0,1,1672.00,0.0000,0.0000,2000.0,0.0,2.000,32768.0,0.000,0,0,32768,1,1,0,1,1,1
2,inter_out,f32,4096,glibc_t2,P5,8,1,1,2086.00,0.0000,0.0000,2000.0,0.0,3.000,49152.0,0.000,0,0,49152,2,0,0,1,1,1
2,inter_out,f32,4096,glibc_t2,P6,8,2,1,1798.00,0.0000,0.0000,2000.0,0.0,2.000,32768.0,0.000,0,0,32768,1,1,0,1,1,1
2,inter_out,f32,4096,glibc_t2,P5,9,0,1,2040.00,0.0000,0.0000,2000.0,0.0,3.000,49152.0,0.000,0,0,49152,2,0,0,1,1,1
2,inter_out,f32,4096,glibc_t2,P6,9,1,1,1703.00,0.0000,0.0000,2000.0,0.0,2.000,32768.0,0.000,0,0,32768,1,1,0,1,1,1
2,inter_out,f32,4096,glibc_t2,FIXED_TWIN,9,2,1,1631.00,0.0000,0.0000,2000.0,0.0,2.000,32768.0,0.000,0,0,32768,1,1,0,1,1,1
2,inter_out,f32,4096,glibc_t2,P6,10,0,1,1641.00,0.0000,0.0000,2000.0,0.0,2.000,32768.0,0.000,0,0,32768,1,1,0,1,1,1
2,inter_out,f32,4096,glibc_t2,FIXED_TWIN,10,1,1,2198.00,0.0000,0.0000,3000.0,0.0,2.000,32768.0,0.000,0,0,32768,1,1,0,1,1,1
2,inter_out,f32,4096,glibc_t2,P5,10,2,1,2097.00,0.0000,0.0000,2000.0,0.0,3.000,49152.0,0.000,0,0,49152,2,0,0,1,1,1
2,inter_out,f32,4096,glibc_t2,FIXED_TWIN,11,0,1,1693.00,0.0000,0.0000,1000.0,1000.0,2.000,32768.0,0.000,0,0,32768,1,1,0,1,1,1
2,inter_out,f32,4096,glibc_t2,P5,11,1,1,1920.00,0.0000,0.0000,1000.0,1000.0,3.000,49152.0,0.000,0,0,49152,2,0,0,1,1,1
2,inter_out,f32,4096,glibc_t2,P6,11,2,1,1645.00,0.0000,0.0000,1000.0,1000.0,2.000,32768.0,0.000,0,0,32768,1,1,0,1,1,1
2,inter_out,f32,4096,glibc_t2,P5,12,0,1,1969.00,0.0000,0.0000,1000.0,2000.0,3.000,49152.0,0.000,0,0,49152,2,0,0,1,1,1
2,inter_out,f32,4096,glibc_t2,P6,12,1,1,1835.00,0.0000,0.0000,2000.0,0.0,2.000,32768.0,0.000,0,0,32768,1,1,0,1,1,1
2,inter_out,f32,4096,glibc_t2,FIXED_TWIN,12,2,1,1742.00,0.0000,0.0000,2000.0,0.0,2.000,32768.0,0.000,0,0,32768,1,1,0,1,1,1
2,inter_out,f32,4096,glibc_t2,P6,13,0,1,1720.00,0.0000,0.0000,3000.0,0.0,2.000,32768.0,0.000,0,0,32768,1,1,0,1,1,1
2,inter_out,f32,4096,glibc_t2,FIXED_TWIN,13,1,1,1715.00,0.0000,0.0000,2000.0,0.0,2.000,32768.0,0.000,0,0,32768,1,1,0,1,1,1
2,inter_out,f32,4096,glibc_t2,P5,13,2,1,2103.00,0.0000,0.0000,3000.0,0.0,3.000,49152.0,0.000,0,0,49152,2,0,0,1,1,1
2,inter_out,f32,4096,glibc_t2,FIXED_TWIN,14,0,1,1661.00,0.0000,0.0000,2000.0,0.0,2.000,32768.0,0.000,0,0,32768,1,1,0,1,1,1
2,inter_out,f32,4096,glibc_t2,P5,14,1,1,2001.00,0.0000,0.0000,3000.0,0.0,3.000,49152.0,0.000,0,0,49152,2,0,0,1,1,1
2,inter_out,f32,4096,glibc_t2,P6,14,2,1,1674.00,0.0000,0.0000,2000.0,0.0,2.000,32768.0,0.000,0,0,32768,1,1,0,1,1,1
2,inter_out,f32,16384,glibc_t2,P5,0,0,1,6440.00,0.0000,0.0000,7000.0,0.0,3.000,196608.0,0.000,0,0,196608,2,0,0,1,1,1
2,inter_out,f32,16384,glibc_t2,P6,0,1,1,6395.00,0.0000,0.0000,7000.0,0.0,2.000,131072.0,0.000,0,0,131072,1,1,0,1,1,1
2,inter_out,f32,16384,glibc_t2,FIXED_TWIN,0,2,1,6194.00,0.0000,0.0000,7000.0,0.0,2.000,131072.0,0.000,0,0,131072,1,1,0,1,1,1
2,inter_out,f32,16384,glibc_t2,P6,1,0,1,6378.00,0.0000,0.0000,7000.0,0.0,2.000,131072.0,0.000,0,0,131072,1,1,0,1,1,1
2,inter_out,f32,16384,glibc_t2,FIXED_TWIN,1,1,1,6440.00,0.0000,0.0000,7000.0,0.0,2.000,131072.0,0.000,0,0,131072,1,1,0,1,1,1
2,inter_out,f32,16384,glibc_t2,P5,1,2,1,7255.00,0.0000,0.0000,8000.0,0.0,3.000,196608.0,0.000,0,0,196608,2,0,0,1,1,1
2,inter_out,f32,16384,glibc_t2,FIXED_TWIN,2,0,1,6289.00,0.0000,0.0000,6000.0,0.0,2.000,131072.0,0.000,0,0,131072,1,1,0,1,1,1
2,inter_out,f32,16384,glibc_t2,P5,2,1,1,6509.00,0.0000,0.0000,7000.0,0.0,3.000,196608.0,0.000,0,0,196608,2,0,0,1,1,1
2,inter_out,f32,16384,glibc_t2,P6,2,2,1,6288.00,0.0000,0.0000,6000.0,0.0,2.000,131072.0,0.000,0,0,131072,1,1,0,1,1,1
2,inter_out,f32,16384,glibc_t2,P5,3,0,1,6457.00,0.0000,0.0000,7000.0,0.0,3.000,196608.0,0.000,0,0,196608,2,0,0,1,1,1
2,inter_out,f32,16384,glibc_t2,P6,3,1,1,6294.00,0.0000,0.0000,7000.0,0.0,2.000,131072.0,0.000,0,0,131072,1,1,0,1,1,1
2,inter_out,f32,16384,glibc_t2,FIXED_TWIN,3,2,1,6207.00,0.0000,0.0000,6000.0,0.0,2.000,131072.0,0.000,0,0,131072,1,1,0,1,1,1
2,inter_out,f32,16384,glibc_t2,P6,4,0,1,6280.00,0.0000,0.0000,7000.0,0.0,2.000,131072.0,0.000,0,0,131072,1,1,0,1,1,1
2,inter_out,f32,16384,glibc_t2,FIXED_TWIN,4,1,1,6270.00,0.0000,0.0000,7000.0,0.0,2.000,131072.0,0.000,0,0,131072,1,1,0,1,1,1
2,inter_out,f32,16384,glibc_t2,P5,4,2,1,8077.00,0.0000,0.0000,9000.0,0.0,3.000,196608.0,0.000,0,0,196608,2,0,0,1,1,1
2,inter_out,f32,16384,glibc_t2,FIXED_TWIN,5,0,1,8144.00,0.0000,0.0000,9000.0,0.0,2.000,131072.0,0.000,0,0,131072,1,1,0,1,1,1
2,inter_out,f32,16384,glibc_t2,P5,5,1,1,8072.00,0.0000,0.0000,9000.0,0.0,3.000,196608.0,0.000,0,0,196608,2,0,0,1,1,1
2,inter_out,f32,16384,glibc_t2,P6,5,2,1,7932.00,0.0000,0.0000,8000.0,0.0,2.000,131072.0,0.000,0,0,131072,1,1,0,1,1,1
2,inter_out,f32,16384,glibc_t2,P5,6,0,1,8027.00,0.0000,0.0000,9000.0,0.0,3.000,196608.0,0.000,0,0,196608,2,0,0,1,1,1
2,inter_out,f32,16384,glibc_t2,P6,6,1,1,8128.00,0.0000,0.0000,9000.0,0.0,2.000,131072.0,0.000,0,0,131072,1,1,0,1,1,1
2,inter_out,f32,16384,glibc_t2,FIXED_TWIN,6,2,1,8135.00,0.0000,0.0000,9000.0,0.0,2.000,131072.0,0.000,0,0,131072,1,1,0,1,1,1
2,inter_out,f32,16384,glibc_t2,P6,7,0,1,8179.00,0.0000,0.0000,9000.0,0.0,2.000,131072.0,0.000,0,0,131072,1,1,0,1,1,1
2,inter_out,f32,16384,glibc_t2,FIXED_TWIN,7,1,1,7572.00,0.0000,0.0000,9000.0,0.0,2.000,131072.0,0.000,0,0,131072,1,1,0,1,1,1
2,inter_out,f32,16384,glibc_t2,P5,7,2,1,8667.00,0.0000,0.0000,9000.0,0.0,3.000,196608.0,0.000,0,0,196608,2,0,0,1,1,1
2,inter_out,f32,16384,glibc_t2,FIXED_TWIN,8,0,1,8294.00,0.0000,0.0000,9000.0,0.0,2.000,131072.0,0.000,0,0,131072,1,1,0,1,1,1
2,inter_out,f32,16384,glibc_t2,P5,8,1,1,8073.00,0.0000,0.0000,9000.0,0.0,3.000,196608.0,0.000,0,0,196608,2,0,0,1,1,1
2,inter_out,f32,16384,glibc_t2,P6,8,2,1,8267.00,0.0000,0.0000,9000.0,0.0,2.000,131072.0,0.000,0,0,131072,1,1,0,1,1,1
2,inter_out,f32,16384,glibc_t2,P5,9,0,1,6623.00,0.0000,0.0000,7000.0,0.0,3.000,196608.0,0.000,0,0,196608,2,0,0,1,1,1
2,inter_out,f32,16384,glibc_t2,P6,9,1,1,6275.00,0.0000,0.0000,7000.0,0.0,2.000,131072.0,0.000,0,0,131072,1,1,0,1,1,1
2,inter_out,f32,16384,glibc_t2,FIXED_TWIN,9,2,1,6275.00,0.0000,0.0000,7000.0,0.0,2.000,131072.0,0.000,0,0,131072,1,1,0,1,1,1
2,inter_out,f32,16384,glibc_t2,P6,10,0,1,6234.00,0.0000,0.0000,6000.0,0.0,2.000,131072.0,0.000,0,0,131072,1,1,0,1,1,1
2,inter_out,f32,16384,glibc_t2,FIXED_TWIN,10,1,1,6253.00,0.0000,0.0000,7000.0,0.0,2.000,131072.0,0.000,0,0,131072,1,1,0,1,1,1
2,inter_out,f32,16384,glibc_t2,P5,10,2,1,6461.00,0.0000,0.0000,27000.0,0.0,3.000,196608.0,0.000,0,0,196608,2,0,0,1,1,1
2,inter_out,f32,16384,glibc_t2,FIXED_TWIN,11,0,1,6394.00,0.0000,0.0000,7000.0,0.0,2.000,131072.0,0.000,0,0,131072,1,1,0,1,1,1
2,inter_out,f32,16384,glibc_t2,P5,11,1,1,6601.00,0.0000,0.0000,7000.0,0.0,3.000,196608.0,0.000,0,0,196608,2,0,0,1,1,1
2,inter_out,f32,16384,glibc_t2,P6,11,2,1,6341.00,0.0000,0.0000,6000.0,0.0,2.000,131072.0,0.000,0,0,131072,1,1,0,1,1,1
2,inter_out,f32,16384,glibc_t2,P5,12,0,1,6473.00,0.0000,0.0000,7000.0,0.0,3.000,196608.0,0.000,0,0,196608,2,0,0,1,1,1
2,inter_out,f32,16384,glibc_t2,P6,12,1,1,6327.00,0.0000,0.0000,7000.0,0.0,2.000,131072.0,0.000,0,0,131072,1,1,0,1,1,1
2,inter_out,f32,16384,glibc_t2,FIXED_TWIN,12,2,1,6223.00,0.0000,0.0000,7000.0,0.0,2.000,131072.0,0.000,0,0,131072,1,1,0,1,1,1
2,inter_out,f32,16384,glibc_t2,P6,13,0,1,6211.00,0.0000,0.0000,7000.0,0.0,2.000,131072.0,0.000,0,0,131072,1,1,0,1,1,1
2,inter_out,f32,16384,glibc_t2,FIXED_TWIN,13,1,1,6269.00,0.0000,0.0000,7000.0,0.0,2.000,131072.0,0.000,0,0,131072,1,1,0,1,1,1
2,inter_out,f32,16384,glibc_t2,P5,13,2,1,6496.00,0.0000,0.0000,7000.0,0.0,3.000,196608.0,0.000,0,0,196608,2,0,0,1,1,1
2,inter_out,f32,16384,glibc_t2,FIXED_TWIN,14,0,1,6277.00,0.0000,0.0000,7000.0,0.0,2.000,131072.0,0.000,0,0,131072,1,1,0,1,1,1
2,inter_out,f32,16384,glibc_t2,P5,14,1,1,6445.00,0.0000,0.0000,7000.0,0.0,3.000,196608.0,0.000,0,0,196608,2,0,0,1,1,1
2,inter_out,f32,16384,glibc_t2,P6,14,2,1,6233.00,0.0000,0.0000,6000.0,0.0,2.000,131072.0,0.000,0,0,131072,1,1,0,1,1,1
2,inter_out,f32,65536,glibc_t2,P5,0,0,1,249955.00,195.0000,0.0000,118000.0,134000.0,3.000,786432.0,0.000,0,0,786432,2,0,0,1,1,1
2,inter_out,f32,65536,glibc_t2,P6,0,1,1,166220.00,130.0000,0.0000,79000.0,89000.0,2.000,524288.0,0.000,0,0,524288,1,1,0,1,1,1
2,inter_out,f32,65536,glibc_t2,FIXED_TWIN,0,2,1,199093.00,130.0000,0.0000,94000.0,107000.0,2.000,524288.0,0.000,0,0,524288,1,1,0,1,1,1
2,inter_out,f32,65536,glibc_t2,P6,1,0,1,173639.00,130.0000,0.0000,83000.0,94000.0,2.000,524288.0,0.000,0,0,524288,1,1,0,1,1,1
2,inter_out,f32,65536,glibc_t2,FIXED_TWIN,1,1,1,165713.00,130.0000,0.0000,78000.0,88000.0,2.000,524288.0,0.000,0,0,524288,1,1,0,1,1,1
2,inter_out,f32,65536,glibc_t2,P5,1,2,1,241430.00,195.0000,0.0000,114000.0,129000.0,3.000,786432.0,0.000,0,0,786432,2,0,0,1,1,1
2,inter_out,f32,65536,glibc_t2,FIXED_TWIN,2,0,1,169614.00,130.0000,0.0000,0.0,170000.0,2.000,524288.0,0.000,0,0,524288,1,1,0,1,1,1
2,inter_out,f32,65536,glibc_t2,P5,2,1,1,244316.00,195.0000,0.0000,0.0,249000.0,3.000,786432.0,0.000,0,0,786432,2,0,0,1,1,1
2,inter_out,f32,65536,glibc_t2,P6,2,2,1,163840.00,130.0000,0.0000,0.0,165000.0,2.000,524288.0,0.000,0,0,524288,1,1,0,1,1,1
2,inter_out,f32,65536,glibc_t2,P5,3,0,1,240378.00,195.0000,0.0000,0.0,242000.0,3.000,786432.0,0.000,0,0,786432,2,0,0,1,1,1
2,inter_out,f32,65536,glibc_t2,P6,3,1,1,183427.00,130.0000,0.0000,0.0,185000.0,2.000,524288.0,0.000,0,0,524288,1,1,0,1,1,1
2,inter_out,f32,65536,glibc_t2,FIXED_TWIN,3,2,1,172675.00,130.0000,0.0000,0.0,174000.0,2.000,524288.0,0.000,0,0,524288,1,1,0,1,1,1
2,inter_out,f32,65536,glibc_t2,P6,4,0,1,232914.00,130.0000,0.0000,0.0,235000.0,2.000,524288.0,0.000,0,0,524288,1,1,0,1,1,1
2,inter_out,f32,65536,glibc_t2,FIXED_TWIN,4,1,1,285360.00,130.0000,0.0000,0.0,288000.0,2.000,524288.0,0.000,0,0,524288,1,1,0,1,1,1
2,inter_out,f32,65536,glibc_t2,P5,4,2,1,317758.00,195.0000,0.0000,0.0,320000.0,3.000,786432.0,0.000,0,0,786432,2,0,0,1,1,1
2,inter_out,f32,65536,glibc_t2,FIXED_TWIN,5,0,1,164663.00,130.0000,0.0000,0.0,166000.0,2.000,524288.0,0.000,0,0,524288,1,1,0,1,1,1
2,inter_out,f32,65536,glibc_t2,P5,5,1,1,264204.00,195.0000,0.0000,0.0,266000.0,3.000,786432.0,0.000,0,0,786432,2,0,0,1,1,1
2,inter_out,f32,65536,glibc_t2,P6,5,2,1,179135.00,130.0000,0.0000,0.0,181000.0,2.000,524288.0,0.000,0,0,524288,1,1,0,1,1,1
2,inter_out,f32,65536,glibc_t2,P5,6,0,1,242224.00,195.0000,0.0000,243000.0,0.0,3.000,786432.0,0.000,0,0,786432,2,0,0,1,1,1
2,inter_out,f32,65536,glibc_t2,P6,6,1,1,164864.00,130.0000,0.0000,166000.0,0.0,2.000,524288.0,0.000,0,0,524288,1,1,0,1,1,1
2,inter_out,f32,65536,glibc_t2,FIXED_TWIN,6,2,1,187067.00,130.0000,0.0000,189000.0,0.0,2.000,524288.0,0.000,0,0,524288,1,1,0,1,1,1
2,inter_out,f32,65536,glibc_t2,P6,7,0,1,172260.00,130.0000,0.0000,173000.0,0.0,2.000,524288.0,0.000,0,0,524288,1,1,0,1,1,1
2,inter_out,f32,65536,glibc_t2,FIXED_TWIN,7,1,1,171975.00,130.0000,0.0000,173000.0,0.0,2.000,524288.0,0.000,0,0,524288,1,1,0,1,1,1
2,inter_out,f32,65536,glibc_t2,P5,7,2,1,267032.00,195.0000,0.0000,268000.0,0.0,3.000,786432.0,0.000,0,0,786432,2,0,0,1,1,1
2,inter_out,f32,65536,glibc_t2,FIXED_TWIN,8,0,1,170722.00,130.0000,0.0000,171000.0,0.0,2.000,524288.0,0.000,0,0,524288,1,1,0,1,1,1
2,inter_out,f32,65536,glibc_t2,P5,8,1,1,240717.00,195.0000,0.0000,242000.0,0.0,3.000,786432.0,0.000,0,0,786432,2,0,0,1,1,1
2,inter_out,f32,65536,glibc_t2,P6,8,2,1,169998.00,130.0000,0.0000,171000.0,0.0,2.000,524288.0,0.000,0,0,524288,1,1,0,1,1,1
2,inter_out,f32,65536,glibc_t2,P5,9,0,1,249219.00,195.0000,0.0000,251000.0,0.0,3.000,786432.0,0.000,0,0,786432,2,0,0,1,1,1
2,inter_out,f32,65536,glibc_t2,P6,9,1,1,165576.00,130.0000,0.0000,167000.0,0.0,2.000,524288.0,0.000,0,0,524288,1,1,0,1,1,1
2,inter_out,f32,65536,glibc_t2,FIXED_TWIN,9,2,1,164702.00,130.0000,0.0000,166000.0,0.0,2.000,524288.0,0.000,0,0,524288,1,1,0,1,1,1
2,inter_out,f32,65536,glibc_t2,P6,10,0,1,169322.00,130.0000,0.0000,0.0,170000.0,2.000,524288.0,0.000,0,0,524288,1,1,0,1,1,1
2,inter_out,f32,65536,glibc_t2,FIXED_TWIN,10,1,1,187664.00,130.0000,0.0000,0.0,189000.0,2.000,524288.0,0.000,0,0,524288,1,1,0,1,1,1
2,inter_out,f32,65536,glibc_t2,P5,10,2,1,255408.00,195.0000,0.0000,0.0,257000.0,3.000,786432.0,0.000,0,0,786432,2,0,0,1,1,1
2,inter_out,f32,65536,glibc_t2,FIXED_TWIN,11,0,1,170367.00,130.0000,0.0000,0.0,172000.0,2.000,524288.0,0.000,0,0,524288,1,1,0,1,1,1
2,inter_out,f32,65536,glibc_t2,P5,11,1,1,309048.00,195.0000,0.0000,0.0,311000.0,3.000,786432.0,0.000,0,0,786432,2,0,0,1,1,1
2,inter_out,f32,65536,glibc_t2,P6,11,2,1,226142.00,130.0000,0.0000,106000.0,121000.0,2.000,524288.0,0.000,0,0,524288,1,1,0,1,1,1
2,inter_out,f32,65536,glibc_t2,P5,12,0,1,364318.00,195.0000,0.0000,0.0,367000.0,3.000,786432.0,0.000,0,0,786432,2,0,0,1,1,1
2,inter_out,f32,65536,glibc_t2,P6,12,1,1,166144.00,130.0000,0.0000,0.0,168000.0,2.000,524288.0,0.000,0,0,524288,1,1,0,1,1,1
2,inter_out,f32,65536,glibc_t2,FIXED_TWIN,12,2,1,216933.00,130.0000,0.0000,0.0,219000.0,2.000,524288.0,0.000,0,0,524288,1,1,0,1,1,1
2,inter_out,f32,65536,glibc_t2,P6,13,0,1,170704.00,130.0000,0.0000,0.0,172000.0,2.000,524288.0,0.000,0,0,524288,1,1,0,1,1,1
2,inter_out,f32,65536,glibc_t2,FIXED_TWIN,13,1,1,164243.00,130.0000,0.0000,0.0,166000.0,2.000,524288.0,0.000,0,0,524288,1,1,0,1,1,1
2,inter_out,f32,65536,glibc_t2,P5,13,2,1,267909.00,195.0000,0.0000,126000.0,144000.0,3.000,786432.0,0.000,0,0,786432,2,0,0,1,1,1
2,inter_out,f32,65536,glibc_t2,FIXED_TWIN,14,0,1,170522.00,130.0000,0.0000,172000.0,0.0,2.000,524288.0,0.000,0,0,524288,1,1,0,1,1,1
2,inter_out,f32,65536,glibc_t2,P5,14,1,1,254245.00,195.0000,0.0000,256000.0,0.0,3.000,786432.0,0.000,0,0,786432,2,0,0,1,1,1
2,inter_out,f32,65536,glibc_t2,P6,14,2,1,185158.00,130.0000,0.0000,187000.0,0.0,2.000,524288.0,0.000,0,0,524288,1,1,0,1,1,1
2,inter_out,f32,262144,glibc_t2,P5,0,0,1,1123673.00,771.0000,0.0000,0.0,1127000.0,3.000,3145728.0,0.000,0,0,3145728,2,0,0,1,1,1
2,inter_out,f32,262144,glibc_t2,P6,0,1,1,754831.00,514.0000,0.0000,0.0,757000.0,2.000,2097152.0,0.000,0,0,2097152,1,1,0,1,1,1
2,inter_out,f32,262144,glibc_t2,FIXED_TWIN,0,2,1,765310.00,514.0000,0.0000,767000.0,0.0,2.000,2097152.0,0.000,0,0,2097152,1,1,0,1,1,1
2,inter_out,f32,262144,glibc_t2,P6,1,0,1,746285.00,514.0000,0.0000,351000.0,398000.0,2.000,2097152.0,0.000,0,0,2097152,1,1,0,1,1,1
2,inter_out,f32,262144,glibc_t2,FIXED_TWIN,1,1,1,779522.00,514.0000,0.0000,782000.0,0.0,2.000,2097152.0,0.000,0,0,2097152,1,1,0,1,1,1
2,inter_out,f32,262144,glibc_t2,P5,1,2,1,1110020.00,771.0000,0.0000,0.0,1112000.0,3.000,3145728.0,0.000,0,0,3145728,2,0,0,1,1,1
2,inter_out,f32,262144,glibc_t2,FIXED_TWIN,2,0,1,773171.00,514.0000,0.0000,0.0,776000.0,2.000,2097152.0,0.000,0,0,2097152,1,1,0,1,1,1
2,inter_out,f32,262144,glibc_t2,P5,2,1,1,1099188.00,771.0000,0.0000,1102000.0,0.0,3.000,3145728.0,0.000,0,0,3145728,2,0,0,1,1,1
2,inter_out,f32,262144,glibc_t2,P6,2,2,1,770504.00,514.0000,0.0000,0.0,773000.0,2.000,2097152.0,0.000,0,0,2097152,1,1,0,1,1,1
2,inter_out,f32,262144,glibc_t2,P5,3,0,1,1108513.00,771.0000,0.0000,0.0,1110000.0,3.000,3145728.0,0.000,0,0,3145728,2,0,0,1,1,1
2,inter_out,f32,262144,glibc_t2,P6,3,1,1,768116.00,514.0000,0.0000,0.0,771000.0,2.000,2097152.0,0.000,0,0,2097152,1,1,0,1,1,1
2,inter_out,f32,262144,glibc_t2,FIXED_TWIN,3,2,1,769631.00,514.0000,0.0000,771000.0,0.0,2.000,2097152.0,0.000,0,0,2097152,1,1,0,1,1,1
2,inter_out,f32,262144,glibc_t2,P6,4,0,1,765785.00,514.0000,0.0000,359000.0,408000.0,2.000,2097152.0,0.000,0,0,2097152,1,1,0,1,1,1
2,inter_out,f32,262144,glibc_t2,FIXED_TWIN,4,1,1,785473.00,514.0000,0.0000,787000.0,0.0,2.000,2097152.0,0.000,0,0,2097152,1,1,0,1,1,1
2,inter_out,f32,262144,glibc_t2,P5,4,2,1,1082680.00,771.0000,0.0000,382000.0,702000.0,3.000,3145728.0,0.000,0,0,3145728,2,0,0,1,1,1
2,inter_out,f32,262144,glibc_t2,FIXED_TWIN,5,0,1,749879.00,514.0000,0.0000,352000.0,400000.0,2.000,2097152.0,0.000,0,0,2097152,1,1,0,1,1,1
2,inter_out,f32,262144,glibc_t2,P5,5,1,1,1068655.00,771.0000,0.0000,1072000.0,0.0,3.000,3145728.0,0.000,0,0,3145728,2,0,0,1,1,1
2,inter_out,f32,262144,glibc_t2,P6,5,2,1,803108.00,514.0000,0.0000,0.0,805000.0,2.000,2097152.0,0.000,0,0,2097152,1,1,0,1,1,1
2,inter_out,f32,262144,glibc_t2,P5,6,0,1,1150009.00,771.0000,0.0000,0.0,1153000.0,3.000,3145728.0,0.000,0,0,3145728,2,0,0,1,1,1
2,inter_out,f32,262144,glibc_t2,P6,6,1,1,770396.00,514.0000,0.0000,0.0,773000.0,2.000,2097152.0,0.000,0,0,2097152,1,1,0,1,1,1
2,inter_out,f32,262144,glibc_t2,FIXED_TWIN,6,2,1,761180.00,514.0000,0.0000,0.0,763000.0,2.000,2097152.0,0.000,0,0,2097152,1,1,0,1,1,1
2,inter_out,f32,262144,glibc_t2,P6,7,0,1,748313.00,514.0000,0.0000,197000.0,553000.0,2.000,2097152.0,0.000,0,0,2097152,1,1,0,1,1,1
2,inter_out,f32,262144,glibc_t2,FIXED_TWIN,7,1,1,773041.00,514.0000,0.0000,776000.0,0.0,2.000,2097152.0,0.000,0,0,2097152,1,1,0,1,1,1
2,inter_out,f32,262144,glibc_t2,P5,7,2,1,1113568.00,771.0000,0.0000,423000.0,693000.0,3.000,3145728.0,0.000,0,0,3145728,2,0,0,1,1,1
2,inter_out,f32,262144,glibc_t2,FIXED_TWIN,8,0,1,778243.00,514.0000,0.0000,366000.0,415000.0,2.000,2097152.0,0.000,0,0,2097152,1,1,0,1,1,1
2,inter_out,f32,262144,glibc_t2,P5,8,1,1,1098336.00,771.0000,0.0000,1100000.0,0.0,3.000,3145728.0,0.000,0,0,3145728,2,0,0,1,1,1
2,inter_out,f32,262144,glibc_t2,P6,8,2,1,783846.00,514.0000,0.0000,786000.0,0.0,2.000,2097152.0,0.000,0,0,2097152,1,1,0,1,1,1
2,inter_out,f32,262144,glibc_t2,P5,9,0,1,1123708.00,771.0000,0.0000,0.0,1125000.0,3.000,3145728.0,0.000,0,0,3145728,2,0,0,1,1,1
2,inter_out,f32,262144,glibc_t2,P6,9,1,1,778214.00,514.0000,0.0000,45000.0,735000.0,2.000,2097152.0,0.000,0,0,2097152,1,1,0,1,1,1
2,inter_out,f32,262144,glibc_t2,FIXED_TWIN,9,2,1,765318.00,514.0000,0.0000,768000.0,0.0,2.000,2097152.0,0.000,0,0,2097152,1,1,0,1,1,1
2,inter_out,f32,262144,glibc_t2,P6,10,0,1,766796.00,514.0000,0.0000,360000.0,409000.0,2.000,2097152.0,0.000,0,0,2097152,1,1,0,1,1,1
2,inter_out,f32,262144,glibc_t2,FIXED_TWIN,10,1,1,783250.00,514.0000,0.0000,785000.0,0.0,2.000,2097152.0,0.000,0,0,2097152,1,1,0,1,1,1
2,inter_out,f32,262144,glibc_t2,P5,10,2,1,1127403.00,771.0000,0.0000,469000.0,661000.0,3.000,3145728.0,0.000,0,0,3145728,2,0,0,1,1,1
2,inter_out,f32,262144,glibc_t2,FIXED_TWIN,11,0,1,774741.00,514.0000,0.0000,364000.0,413000.0,2.000,2097152.0,0.000,0,0,2097152,1,1,0,1,1,1
2,inter_out,f32,262144,glibc_t2,P5,11,1,1,1080852.00,771.0000,0.0000,1083000.0,0.0,3.000,3145728.0,0.000,0,0,3145728,2,0,0,1,1,1
2,inter_out,f32,262144,glibc_t2,P6,11,2,1,775372.00,514.0000,0.0000,0.0,777000.0,2.000,2097152.0,0.000,0,0,2097152,1,1,0,1,1,1
2,inter_out,f32,262144,glibc_t2,P5,12,0,1,1121174.00,771.0000,0.0000,0.0,1124000.0,3.000,3145728.0,0.000,0,0,3145728,2,0,0,1,1,1
2,inter_out,f32,262144,glibc_t2,P6,12,1,1,789911.00,514.0000,0.0000,0.0,792000.0,2.000,2097152.0,0.000,0,0,2097152,1,1,0,1,1,1
2,inter_out,f32,262144,glibc_t2,FIXED_TWIN,12,2,1,778694.00,514.0000,0.0000,780000.0,0.0,2.000,2097152.0,0.000,0,0,2097152,1,1,0,1,1,1
2,inter_out,f32,262144,glibc_t2,P6,13,0,1,795079.00,514.0000,0.0000,374000.0,424000.0,2.000,2097152.0,0.000,0,0,2097152,1,1,0,1,1,1
2,inter_out,f32,262144,glibc_t2,FIXED_TWIN,13,1,1,776984.00,514.0000,0.0000,780000.0,0.0,2.000,2097152.0,0.000,0,0,2097152,1,1,0,1,1,1
2,inter_out,f32,262144,glibc_t2,P5,13,2,1,1160580.00,771.0000,0.0000,419000.0,743000.0,3.000,3145728.0,0.000,0,0,3145728,2,0,0,1,1,1
2,inter_out,f32,262144,glibc_t2,FIXED_TWIN,14,0,1,809431.00,514.0000,0.0000,812000.0,0.0,2.000,2097152.0,0.000,0,0,2097152,1,1,0,1,1,1
2,inter_out,f32,262144,glibc_t2,P5,14,1,1,1077404.00,771.0000,0.0000,1080000.0,0.0,3.000,3145728.0,0.000,0,0,3145728,2,0,0,1,1,1
2,inter_out,f32,262144,glibc_t2,P6,14,2,1,772198.00,514.0000,0.0000,0.0,775000.0,2.000,2097152.0,0.000,0,0,2097152,1,1,0,1,1,1
2,inter_out,f32,1048576,glibc_t2,P5,0,0,1,4744123.00,3075.0000,0.0000,0.0,4749000.0,3.000,12582912.0,0.000,0,0,12582912,2,0,0,1,1,1
2,inter_out,f32,1048576,glibc_t2,P6,0,1,1,3589857.00,2050.0000,0.0000,0.0,3594000.0,2.000,8388608.0,0.000,0,0,8388608,1,1,0,1,1,1
2,inter_out,f32,1048576,glibc_t2,FIXED_TWIN,0,2,1,3421132.00,2050.0000,0.0000,0.0,3425000.0,2.000,8388608.0,0.000,0,0,8388608,1,1,0,1,1,1
2,inter_out,f32,1048576,glibc_t2,P6,1,0,1,3323609.00,2050.0000,0.0000,3326000.0,0.0,2.000,8388608.0,0.000,0,0,8388608,1,1,0,1,1,1
2,inter_out,f32,1048576,glibc_t2,FIXED_TWIN,1,1,1,3377354.00,2050.0000,0.0000,3382000.0,0.0,2.000,8388608.0,0.000,0,0,8388608,1,1,0,1,1,1
2,inter_out,f32,1048576,glibc_t2,P5,1,2,1,5168940.00,3075.0000,0.0000,2676000.0,2496000.0,3.000,12582912.0,0.000,0,0,12582912,2,0,0,1,1,1
2,inter_out,f32,1048576,glibc_t2,FIXED_TWIN,2,0,1,3332300.00,2050.0000,0.0000,1561000.0,1774000.0,2.000,8388608.0,0.000,0,0,8388608,1,1,0,1,1,1
2,inter_out,f32,1048576,glibc_t2,P5,2,1,1,4675883.00,3075.0000,0.0000,318000.0,4361000.0,3.000,12582912.0,0.000,0,0,12582912,2,0,0,1,1,1
2,inter_out,f32,1048576,glibc_t2,P6,2,2,1,3329708.00,2050.0000,0.0000,3333000.0,0.0,2.000,8388608.0,0.000,0,0,8388608,1,1,0,1,1,1
2,inter_out,f32,1048576,glibc_t2,P5,3,0,1,4738772.00,3075.0000,0.0000,2474000.0,2266000.0,3.000,12582912.0,0.000,0,0,12582912,2,0,0,1,1,1
2,inter_out,f32,1048576,glibc_t2,P6,3,1,1,3298530.00,2050.0000,0.0000,0.0,3302000.0,2.000,8388608.0,0.000,0,0,8388608,1,1,0,1,1,1
2,inter_out,f32,1048576,glibc_t2,FIXED_TWIN,3,2,1,3314383.00,2050.0000,0.0000,0.0,3318000.0,2.000,8388608.0,0.000,0,0,8388608,1,1,0,1,1,1
2,inter_out,f32,1048576,glibc_t2,P6,4,0,1,3320422.00,2050.0000,0.0000,0.0,3323000.0,2.000,8388608.0,0.000,0,0,8388608,1,1,0,1,1,1
2,inter_out,f32,1048576,glibc_t2,FIXED_TWIN,4,1,1,3378584.00,2050.0000,0.0000,0.0,3383000.0,2.000,8388608.0,0.000,0,0,8388608,1,1,0,1,1,1
2,inter_out,f32,1048576,glibc_t2,P5,4,2,1,5042165.00,3075.0000,0.0000,489000.0,4556000.0,3.000,12582912.0,0.000,0,0,12582912,2,0,0,1,1,1
2,inter_out,f32,1048576,glibc_t2,FIXED_TWIN,5,0,1,3290130.00,2050.0000,0.0000,235000.0,3058000.0,2.000,8388608.0,0.000,0,0,8388608,1,1,0,1,1,1
2,inter_out,f32,1048576,glibc_t2,P5,5,1,1,4748047.00,3075.0000,0.0000,352000.0,4399000.0,3.000,12582912.0,0.000,0,0,12582912,2,0,0,1,1,1
2,inter_out,f32,1048576,glibc_t2,P6,5,2,1,3295646.00,2050.0000,0.0000,0.0,3299000.0,2.000,8388608.0,0.000,0,0,8388608,1,1,0,1,1,1
2,inter_out,f32,1048576,glibc_t2,P5,6,0,1,4676019.00,3075.0000,0.0000,318000.0,4361000.0,3.000,12582912.0,0.000,0,0,12582912,2,0,0,1,1,1
2,inter_out,f32,1048576,glibc_t2,P6,6,1,1,3353446.00,2050.0000,0.0000,0.0,3357000.0,2.000,8388608.0,0.000,0,0,8388608,1,1,0,1,1,1
2,inter_out,f32,1048576,glibc_t2,FIXED_TWIN,6,2,1,3310608.00,2050.0000,0.0000,1760000.0,1553000.0,2.000,8388608.0,0.000,0,0,8388608,1,1,0,1,1,1
2,inter_out,f32,1048576,glibc_t2,P6,7,0,1,3450085.00,2050.0000,0.0000,3454000.0,0.0,2.000,8388608.0,0.000,0,0,8388608,1,1,0,1,1,1
2,inter_out,f32,1048576,glibc_t2,FIXED_TWIN,7,1,1,3551534.00,2050.0000,0.0000,0.0,3513000.0,2.000,8388608.0,0.000,0,0,8388608,1,1,0,1,1,1
2,inter_out,f32,1048576,glibc_t2,P5,7,2,1,5237151.00,3075.0000,0.0000,4580000.0,660000.0,3.000,12582912.0,0.000,0,0,12582912,2,0,0,1,1,1
2,inter_out,f32,1048576,glibc_t2,FIXED_TWIN,8,0,1,3428945.00,2050.0000,0.0000,0.0,3432000.0,2.000,8388608.0,0.000,0,0,8388608,1,1,0,1,1,1
2,inter_out,f32,1048576,glibc_t2,P5,8,1,1,5567233.00,3075.0000,0.0000,0.0,5570000.0,3.000,12582912.0,0.000,0,0,12582912,2,0,0,1,1,1
2,inter_out,f32,1048576,glibc_t2,P6,8,2,1,3340633.00,2050.0000,0.0000,0.0,3344000.0,2.000,8388608.0,0.000,0,0,8388608,1,1,0,1,1,1
2,inter_out,f32,1048576,glibc_t2,P5,9,0,1,4838675.00,3075.0000,0.0000,4841000.0,0.0,3.000,12582912.0,0.000,0,0,12582912,2,0,0,1,1,1
2,inter_out,f32,1048576,glibc_t2,P6,9,1,1,3354830.00,2050.0000,0.0000,0.0,3358000.0,2.000,8388608.0,0.000,0,0,8388608,1,1,0,1,1,1
2,inter_out,f32,1048576,glibc_t2,FIXED_TWIN,9,2,1,3353383.00,2050.0000,0.0000,0.0,3357000.0,2.000,8388608.0,0.000,0,0,8388608,1,1,0,1,1,1
2,inter_out,f32,1048576,glibc_t2,P6,10,0,1,3448326.00,2050.0000,0.0000,3451000.0,0.0,2.000,8388608.0,0.000,0,0,8388608,1,1,0,1,1,1
2,inter_out,f32,1048576,glibc_t2,FIXED_TWIN,10,1,1,3526623.00,2050.0000,0.0000,0.0,3530000.0,2.000,8388608.0,0.000,0,0,8388608,1,1,0,1,1,1
2,inter_out,f32,1048576,glibc_t2,P5,10,2,1,5682030.00,3075.0000,0.0000,2916000.0,2768000.0,3.000,12582912.0,0.000,0,0,12582912,2,0,0,1,1,1
2,inter_out,f32,1048576,glibc_t2,FIXED_TWIN,11,0,1,3498783.00,2050.0000,0.0000,0.0,3502000.0,2.000,8388608.0,0.000,0,0,8388608,1,1,0,1,1,1
2,inter_out,f32,1048576,glibc_t2,P5,11,1,1,5246086.00,3075.0000,0.0000,584000.0,4664000.0,3.000,12582912.0,0.000,0,0,12582912,2,0,0,1,1,1
2,inter_out,f32,1048576,glibc_t2,P6,11,2,1,3421181.00,2050.0000,0.0000,3424000.0,0.0,2.000,8388608.0,0.000,0,0,8388608,1,1,0,1,1,1
2,inter_out,f32,1048576,glibc_t2,P5,12,0,1,4704470.00,3075.0000,0.0000,331000.0,4376000.0,3.000,12582912.0,0.000,0,0,12582912,2,0,0,1,1,1
2,inter_out,f32,1048576,glibc_t2,P6,12,1,1,3398863.00,2050.0000,0.0000,3402000.0,0.0,2.000,8388608.0,0.000,0,0,8388608,1,1,0,1,1,1
2,inter_out,f32,1048576,glibc_t2,FIXED_TWIN,12,2,1,3294920.00,2050.0000,0.0000,2339000.0,960000.0,2.000,8388608.0,0.000,0,0,8388608,1,1,0,1,1,1
2,inter_out,f32,1048576,glibc_t2,P6,13,0,1,3296804.00,2050.0000,0.0000,0.0,3299000.0,2.000,8388608.0,0.000,0,0,8388608,1,1,0,1,1,1
2,inter_out,f32,1048576,glibc_t2,FIXED_TWIN,13,1,1,3284482.00,2050.0000,0.0000,3287000.0,0.0,2.000,8388608.0,0.000,0,0,8388608,1,1,0,1,1,1
2,inter_out,f32,1048576,glibc_t2,P5,13,2,1,5317554.00,3075.0000,0.0000,618000.0,4702000.0,3.000,12582912.0,0.000,0,0,12582912,2,0,0,1,1,1
2,inter_out,f32,1048576,glibc_t2,FIXED_TWIN,14,0,1,3346316.00,2050.0000,0.0000,0.0,3350000.0,2.000,8388608.0,0.000,0,0,8388608,1,1,0,1,1,1
2,inter_out,f32,1048576,glibc_t2,P5,14,1,1,4693032.00,3075.0000,0.0000,325000.0,4370000.0,3.000,12582912.0,0.000,0,0,12582912,2,0,0,1,1,1
2,inter_out,f32,1048576,glibc_t2,P6,14,2,1,3302077.00,2050.0000,0.0000,189000.0,3116000.0,2.000,8388608.0,0.000,0,0,8388608,1,1,0,1,1,1
2,inter_out,f32,4194304,glibc_t2,P5,0,0,1,29804475.00,12291.0000,0.0000,847000.0,28963000.0,3.000,50331648.0,0.000,0,0,50331648,2,0,0,1,1,1
2,inter_out,f32,4194304,glibc_t2,P6,0,1,1,20704019.00,8194.0000,0.0000,8332000.0,12342000.0,2.000,33554432.0,0.000,0,0,33554432,1,1,0,1,1,1
2,inter_out,f32,4194304,glibc_t2,FIXED_TWIN,0,2,1,20349080.00,8194.0000,0.0000,4167000.0,16154000.0,2.000,33554432.0,0.000,0,0,33554432,1,1,0,1,1,1
2,inter_out,f32,4194304,glibc_t2,P6,1,0,1,19699885.00,8194.0000,0.0000,0.0,19705000.0,2.000,33554432.0,0.000,0,0,33554432,1,1,0,1,1,1
2,inter_out,f32,4194304,glibc_t2,FIXED_TWIN,1,1,1,19502438.00,8194.0000,0.0000,15770000.0,3739000.0,2.000,33554432.0,0.000,0,0,33554432,1,1,0,1,1,1
2,inter_out,f32,4194304,glibc_t2,P5,1,2,1,28962773.00,12291.0000,0.0000,8452000.0,20515000.0,3.000,50331648.0,0.000,0,0,50331648,2,0,0,1,1,1
2,inter_out,f32,4194304,glibc_t2,FIXED_TWIN,2,0,1,20969318.00,8194.0000,0.0000,8456000.0,12520000.0,2.000,33554432.0,0.000,0,0,33554432,1,1,0,1,1,1
2,inter_out,f32,4194304,glibc_t2,P5,2,1,1,29649273.00,12291.0000,0.0000,777000.0,28883000.0,3.000,50331648.0,0.000,0,0,50331648,2,0,0,1,1,1
2,inter_out,f32,4194304,glibc_t2,P6,2,2,1,20392040.00,8194.0000,0.0000,8186000.0,12212000.0,2.000,33554432.0,0.000,0,0,33554432,1,1,0,1,1,1
2,inter_out,f32,4194304,glibc_t2,P5,3,0,1,29002651.00,12291.0000,0.0000,8471000.0,20536000.0,3.000,50331648.0,0.000,0,0,50331648,2,0,0,1,1,1
2,inter_out,f32,4194304,glibc_t2,P6,3,1,1,21209175.00,8194.0000,0.0000,8568000.0,12647000.0,2.000,33554432.0,0.000,0,0,33554432,1,1,0,1,1,1
2,inter_out,f32,4194304,glibc_t2,FIXED_TWIN,3,2,1,20559450.00,8194.0000,0.0000,4265000.0,16301000.0,2.000,33554432.0,0.000,0,0,33554432,1,1,0,1,1,1
2,inter_out,f32,4194304,glibc_t2,P6,4,0,1,19583131.00,8194.0000,0.0000,11808000.0,7782000.0,2.000,33554432.0,0.000,0,0,33554432,1,1,0,1,1,1
2,inter_out,f32,4194304,glibc_t2,FIXED_TWIN,4,1,1,21212910.00,8194.0000,0.0000,4571000.0,16649000.0,2.000,33554432.0,0.000,0,0,33554432,1,1,0,1,1,1
2,inter_out,f32,4194304,glibc_t2,P5,4,2,1,29869162.00,12291.0000,0.0000,867000.0,28986000.0,3.000,50331648.0,0.000,0,0,50331648,2,0,0,1,1,1
2,inter_out,f32,4194304,glibc_t2,FIXED_TWIN,5,0,1,20953006.00,8194.0000,0.0000,8449000.0,12511000.0,2.000,33554432.0,0.000,0,0,33554432,1,1,0,1,1,1
2,inter_out,f32,4194304,glibc_t2,P5,5,1,1,30239968.00,12291.0000,0.0000,11181000.0,19066000.0,3.000,50331648.0,0.000,0,0,50331648,2,0,0,1,1,1
2,inter_out,f32,4194304,glibc_t2,P6,5,2,1,21887874.00,8194.0000,0.0000,15006000.0,6868000.0,2.000,33554432.0,0.000,0,0,33554432,1,1,0,1,1,1
2,inter_out,f32,4194304,glibc_t2,P5,6,0,1,28671438.00,12291.0000,0.0000,2448000.0,26228000.0,3.000,50331648.0,0.000,0,0,50331648,2,0,0,1,1,1
2,inter_out,f32,4194304,glibc_t2,P6,6,1,1,20770829.00,8194.0000,0.0000,4363000.0,16378000.0,2.000,33554432.0,0.000,0,0,33554432,1,1,0,1,1,1
2,inter_out,f32,4194304,glibc_t2,FIXED_TWIN,6,2,1,20346952.00,8194.0000,0.0000,8165000.0,12188000.0,2.000,33554432.0,0.000,0,0,33554432,1,1,0,1,1,1
2,inter_out,f32,4194304,glibc_t2,P6,7,0,1,20250383.00,8194.0000,0.0000,6251000.0,14006000.0,2.000,33554432.0,0.000,0,0,33554432,1,1,0,1,1,1
2,inter_out,f32,4194304,glibc_t2,FIXED_TWIN,7,1,1,19626927.00,8194.0000,0.0000,11828000.0,7804000.0,2.000,33554432.0,0.000,0,0,33554432,1,1,0,1,1,1
2,inter_out,f32,4194304,glibc_t2,P5,7,2,1,29501900.00,12291.0000,0.0000,4705000.0,24802000.0,3.000,50331648.0,0.000,0,0,50331648,2,0,0,1,1,1
2,inter_out,f32,4194304,glibc_t2,FIXED_TWIN,8,0,1,20423773.00,8194.0000,0.0000,14331000.0,6098000.0,2.000,33554432.0,0.000,0,0,33554432,1,1,0,1,1,1
2,inter_out,f32,4194304,glibc_t2,P5,8,1,1,28785486.00,12291.0000,0.0000,16369000.0,12421000.0,3.000,50331648.0,0.000,0,0,50331648,2,0,0,1,1,1
2,inter_out,f32,4194304,glibc_t2,P6,8,2,1,20320464.00,8194.0000,0.0000,8152000.0,12174000.0,2.000,33554432.0,0.000,0,0,33554432,1,1,0,1,1,1
2,inter_out,f32,4194304,glibc_t2,P5,9,0,1,29162430.00,12291.0000,0.0000,2677000.0,26490000.0,3.000,50331648.0,0.000,0,0,50331648,2,0,0,1,1,1
2,inter_out,f32,4194304,glibc_t2,P6,9,1,1,21066155.00,8194.0000,0.0000,4501000.0,16571000.0,2.000,33554432.0,0.000,0,0,33554432,1,1,0,1,1,1
2,inter_out,f32,4194304,glibc_t2,FIXED_TWIN,9,2,1,20728020.00,8194.0000,0.0000,8344000.0,12391000.0,2.000,33554432.0,0.000,0,0,33554432,1,1,0,1,1,1
2,inter_out,f32,4194304,glibc_t2,P6,10,0,1,20568766.00,8194.0000,0.0000,254000.0,20288000.0,2.000,33554432.0,0.000,0,0,33554432,1,1,0,1,1,1
2,inter_out,f32,4194304,glibc_t2,FIXED_TWIN,10,1,1,20287462.00,8194.0000,0.0000,8139000.0,12158000.0,2.000,33554432.0,0.000,0,0,33554432,1,1,0,1,1,1
2,inter_out,f32,4194304,glibc_t2,P5,10,2,1,28870701.00,12291.0000,0.0000,8410000.0,20466000.0,3.000,50331648.0,0.000,0,0,50331648,2,0,0,1,1,1
2,inter_out,f32,4194304,glibc_t2,FIXED_TWIN,11,0,1,21523854.00,8194.0000,0.0000,10846000.0,10685000.0,2.000,33554432.0,0.000,0,0,33554432,1,1,0,1,1,1
2,inter_out,f32,4194304,glibc_t2,P5,11,1,1,29851595.00,12291.0000,0.0000,6999000.0,22844000.0,3.000,50331648.0,0.000,0,0,50331648,2,0,0,1,1,1
2,inter_out,f32,4194304,glibc_t2,P6,11,2,1,21817661.00,8194.0000,0.0000,2985000.0,18840000.0,2.000,33554432.0,0.000,0,0,33554432,1,1,0,1,1,1
2,inter_out,f32,4194304,glibc_t2,P5,12,0,1,29522118.00,12291.0000,0.0000,8714000.0,20813000.0,3.000,50331648.0,0.000,0,0,50331648,2,0,0,1,1,1
2,inter_out,f32,4194304,glibc_t2,P6,12,1,1,21138024.00,8194.0000,0.0000,14676000.0,6491000.0,2.000,33554432.0,0.000,0,0,33554432,1,1,0,1,1,1
2,inter_out,f32,4194304,glibc_t2,FIXED_TWIN,12,2,1,20224942.00,8194.0000,0.0000,8108000.0,12123000.0,2.000,33554432.0,0.000,0,0,33554432,1,1,0,1,1,1
2,inter_out,f32,4194304,glibc_t2,P6,13,0,1,20054927.00,8194.0000,0.0000,12030000.0,8034000.0,2.000,33554432.0,0.000,0,0,33554432,1,1,0,1,1,1
2,inter_out,f32,4194304,glibc_t2,FIXED_TWIN,13,1,1,19855109.00,8194.0000,0.0000,7935000.0,11926000.0,2.000,33554432.0,0.000,0,0,33554432,1,1,0,1,1,1
2,inter_out,f32,4194304,glibc_t2,P5,13,2,1,32572264.00,12291.0000,0.0000,8272000.0,24308000.0,3.000,50331648.0,0.000,0,0,50331648,2,0,0,1,1,1
2,inter_out,f32,4194304,glibc_t2,FIXED_TWIN,14,0,1,21118733.00,8194.0000,0.0000,6658000.0,14468000.0,2.000,33554432.0,0.000,0,0,33554432,1,1,0,1,1,1
2,inter_out,f32,4194304,glibc_t2,P5,14,1,1,30424701.00,12291.0000,0.0000,1136000.0,29295000.0,3.000,50331648.0,0.000,0,0,50331648,2,0,0,1,1,1
2,inter_out,f32,4194304,glibc_t2,P6,14,2,1,21942117.00,8194.0000,0.0000,3042000.0,18906000.0,2.000,33554432.0,0.000,0,0,33554432,1,1,0,1,1,1
2,inter_out,f32,16777216,glibc_t2,P5,0,0,1,117358272.00,49155.0000,0.0000,26619000.0,90401000.0,3.000,201326592.0,0.000,0,0,201326592,2,0,0,1,1,1
2,inter_out,f32,16777216,glibc_t2,P6,0,1,1,88209965.00,32770.0000,0.0000,28090000.0,60101000.0,2.000,134217728.0,0.000,0,0,134217728,1,1,0,1,1,1
2,inter_out,f32,16777216,glibc_t2,FIXED_TWIN,0,2,1,89350610.00,32770.0000,0.0000,40630000.0,48726000.0,2.000,134217728.0,0.000,0,0,134217728,1,1,0,1,1,1
2,inter_out,f32,16777216,glibc_t2,P6,1,0,1,92620496.00,32770.0000,0.0000,32293000.0,60335000.0,2.000,134217728.0,0.000,0,0,134217728,1,1,0,1,1,1
2,inter_out,f32,16777216,glibc_t2,FIXED_TWIN,1,1,1,91502123.00,32770.0000,0.0000,39755000.0,51718000.0,2.000,134217728.0,0.000,0,0,134217728,1,1,0,1,1,1
2,inter_out,f32,16777216,glibc_t2,P5,1,2,1,117545934.00,49155.0000,0.0000,46864000.0,70687000.0,3.000,201326592.0,0.000,0,0,201326592,2,0,0,1,1,1
2,inter_out,f32,16777216,glibc_t2,FIXED_TWIN,2,0,1,88191739.00,32770.0000,0.0000,28016000.0,60104000.0,2.000,134217728.0,0.000,0,0,134217728,1,1,0,1,1,1
2,inter_out,f32,16777216,glibc_t2,P5,2,1,1,116729357.00,49155.0000,0.0000,20304000.0,96390000.0,3.000,201326592.0,0.000,0,0,201326592,2,0,0,1,1,1
2,inter_out,f32,16777216,glibc_t2,P6,2,2,1,87258683.00,32770.0000,0.0000,27660000.0,59605000.0,2.000,134217728.0,0.000,0,0,134217728,1,1,0,1,1,1
2,inter_out,f32,16777216,glibc_t2,P5,3,0,1,118374169.00,49155.0000,0.0000,35250000.0,83129000.0,3.000,201326592.0,0.000,0,0,201326592,2,0,0,1,1,1
2,inter_out,f32,16777216,glibc_t2,P6,3,1,1,88120707.00,32770.0000,0.0000,20054000.0,68024000.0,2.000,134217728.0,0.000,0,0,134217728,1,1,0,1,1,1
2,inter_out,f32,16777216,glibc_t2,FIXED_TWIN,3,2,1,89981014.00,32770.0000,0.0000,31068000.0,58920000.0,2.000,134217728.0,0.000,0,0,134217728,1,1,0,1,1,1
2,inter_out,f32,16777216,glibc_t2,P6,4,0,1,89554258.00,32770.0000,0.0000,28725000.0,60795000.0,2.000,134217728.0,0.000,0,0,134217728,1,1,0,1,1,1
2,inter_out,f32,16777216,glibc_t2,FIXED_TWIN,4,1,1,88044995.00,32770.0000,0.0000,36024000.0,52027000.0,2.000,134217728.0,0.000,0,0,134217728,1,1,0,1,1,1
2,inter_out,f32,16777216,glibc_t2,P5,4,2,1,113661389.00,49155.0000,0.0000,30919000.0,82746000.0,3.000,201326592.0,0.000,0,0,201326592,2,0,0,1,1,1
2,inter_out,f32,16777216,glibc_t2,FIXED_TWIN,5,0,1,87790704.00,32770.0000,0.0000,23909000.0,63857000.0,2.000,134217728.0,0.000,0,0,134217728,1,1,0,1,1,1
2,inter_out,f32,16777216,glibc_t2,P5,5,1,1,113162124.00,49155.0000,0.0000,28533000.0,84612000.0,3.000,201326592.0,0.000,0,0,201326592,2,0,0,1,1,1
2,inter_out,f32,16777216,glibc_t2,P6,5,2,1,88770147.00,32770.0000,0.0000,36361000.0,52416000.0,2.000,134217728.0,0.000,0,0,134217728,1,1,0,1,1,1
2,inter_out,f32,16777216,glibc_t2,P5,6,0,1,113811661.00,49155.0000,0.0000,30991000.0,82827000.0,3.000,201326592.0,0.000,0,0,201326592,2,0,0,1,1,1
2,inter_out,f32,16777216,glibc_t2,P6,6,1,1,87438418.00,32770.0000,0.0000,23707000.0,63658000.0,2.000,134217728.0,0.000,0,0,134217728,1,1,0,1,1,1
2,inter_out,f32,16777216,glibc_t2,FIXED_TWIN,6,2,1,88119867.00,32770.0000,0.0000,28060000.0,60065000.0,2.000,134217728.0,0.000,0,0,134217728,1,1,0,1,1,1
2,inter_out,f32,16777216,glibc_t2,P6,7,0,1,93010071.00,32770.0000,0.0000,22621000.0,70377000.0,2.000,134217728.0,0.000,0,0,134217728,1,1,0,1,1,1
2,inter_out,f32,16777216,glibc_t2,FIXED_TWIN,7,1,1,93909182.00,32770.0000,0.0000,24889000.0,69028000.0,2.000,134217728.0,0.000,0,0,134217728,1,1,0,1,1,1
2,inter_out,f32,16777216,glibc_t2,P5,7,2,1,117452329.00,49155.0000,0.0000,28671000.0,88772000.0,3.000,201326592.0,0.000,0,0,201326592,2,0,0,1,1,1
2,inter_out,f32,16777216,glibc_t2,FIXED_TWIN,8,0,1,90799088.00,32770.0000,0.0000,19450000.0,71356000.0,2.000,134217728.0,0.000,0,0,134217728,1,1,0,1,1,1
2,inter_out,f32,16777216,glibc_t2,P5,8,1,1,117801664.00,49155.0000,0.0000,20839000.0,96968000.0,3.000,201326592.0,0.000,0,0,201326592,2,0,0,1,1,1
2,inter_out,f32,16777216,glibc_t2,P6,8,2,1,93053666.00,32770.0000,0.0000,18644000.0,74416000.0,2.000,134217728.0,0.000,0,0,134217728,1,1,0,1,1,1
2,inter_out,f32,16777216,glibc_t2,P5,9,0,1,117781448.00,49155.0000,0.0000,26981000.0,90806000.0,3.000,201326592.0,0.000,0,0,201326592,2,0,0,1,1,1
2,inter_out,f32,16777216,glibc_t2,P6,9,1,1,92541766.00,32770.0000,0.0000,36242000.0,56295000.0,2.000,134217728.0,0.000,0,0,134217728,1,1,0,1,1,1
2,inter_out,f32,16777216,glibc_t2,FIXED_TWIN,9,2,1,91594813.00,32770.0000,0.0000,27818000.0,63774000.0,2.000,134217728.0,0.000,0,0,134217728,1,1,0,1,1,1
2,inter_out,f32,16777216,glibc_t2,P6,10,0,1,93288468.00,32770.0000,0.0000,24601000.0,68696000.0,2.000,134217728.0,0.000,0,0,134217728,1,1,0,1,1,1
2,inter_out,f32,16777216,glibc_t2,FIXED_TWIN,10,1,1,94720153.00,32770.0000,0.0000,19411000.0,75308000.0,2.000,134217728.0,0.000,0,0,134217728,1,1,0,1,1,1
2,inter_out,f32,16777216,glibc_t2,P5,10,2,1,122137987.00,49155.0000,0.0000,47106000.0,74999000.0,3.000,201326592.0,0.000,0,0,201326592,2,0,0,1,1,1
2,inter_out,f32,16777216,glibc_t2,FIXED_TWIN,11,0,1,89709539.00,32770.0000,0.0000,28794000.0,60923000.0,2.000,134217728.0,0.000,0,0,134217728,1,1,0,1,1,1
2,inter_out,f32,16777216,glibc_t2,P5,11,1,1,122528497.00,49155.0000,0.0000,39311000.0,83093000.0,3.000,201326592.0,0.000,0,0,201326592,2,0,0,1,1,1
2,inter_out,f32,16777216,glibc_t2,P6,11,2,1,90815462.00,32770.0000,0.0000,37302000.0,53521000.0,2.000,134217728.0,0.000,0,0,134217728,1,1,0,1,1,1
2,inter_out,f32,16777216,glibc_t2,P5,12,0,1,121275141.00,49155.0000,0.0000,28582000.0,92678000.0,3.000,201326592.0,0.000,0,0,201326592,2,0,0,1,1,1
2,inter_out,f32,16777216,glibc_t2,P6,12,1,1,91727157.00,32770.0000,0.0000,29722000.0,62012000.0,2.000,134217728.0,0.000,0,0,134217728,1,1,0,1,1,1
2,inter_out,f32,16777216,glibc_t2,FIXED_TWIN,12,2,1,92171825.00,32770.0000,0.0000,40083000.0,52059000.0,2.000,134217728.0,0.000,0,0,134217728,1,1,0,1,1,1
2,inter_out,f32,16777216,glibc_t2,P6,13,0,1,94490929.00,32770.0000,0.0000,31279000.0,63154000.0,2.000,134217728.0,0.000,0,0,134217728,1,1,0,1,1,1
2,inter_out,f32,16777216,glibc_t2,FIXED_TWIN,13,1,1,91531405.00,32770.0000,0.0000,35788000.0,55750000.0,2.000,134217728.0,0.000,0,0,134217728,1,1,0,1,1,1
2,inter_out,f32,16777216,glibc_t2,P5,13,2,1,119040015.00,49155.0000,0.0000,27554000.0,91471000.0,3.000,201326592.0,0.000,0,0,201326592,2,0,0,1,1,1
2,inter_out,f32,16777216,glibc_t2,FIXED_TWIN,14,0,1,93041244.00,32770.0000,0.0000,34641000.0,58407000.0,2.000,134217728.0,0.000,0,0,134217728,1,1,0,1,1,1
2,inter_out,f32,16777216,glibc_t2,P5,14,1,1,123222283.00,49155.0000,0.0000,19649000.0,103578000.0,3.000,201326592.0,0.000,0,0,201326592,2,0,0,1,1,1
2,inter_out,f32,16777216,glibc_t2,P6,14,2,1,92231216.00,32770.0000,0.0000,16113000.0,76125000.0,2.000,134217728.0,0.000,0,0,134217728,1,1,0,1,1,1
2,after_use,f32,64,glibc_t2,P5,0,0,1000,3329.06,0.0000,0.0000,3333.0,0.0,2.000,512.0,0.000,0,0,512000,2,0,0,0,2,1
2,after_use,f32,64,glibc_t2,FIXED_TWIN,0,1,1000,3302.50,0.0000,0.0000,2658.0,646.0,2.000,512.0,0.000,0,0,512000,2,0,0,0,2,1
2,after_use,f32,64,glibc_t2,FIXED_TWIN,1,0,1000,3298.12,0.0000,0.0000,3300.0,0.0,2.000,512.0,0.000,0,0,512000,2,0,0,0,2,1
2,after_use,f32,64,glibc_t2,P5,1,1,1000,3324.03,0.0000,0.0000,3329.0,0.0,2.000,512.0,0.000,0,0,512000,2,0,0,0,2,1
2,after_use,f32,64,glibc_t2,P5,2,0,1000,3248.65,0.0000,0.0000,3251.0,0.0,2.000,512.0,0.000,0,0,512000,2,0,0,0,2,1
2,after_use,f32,64,glibc_t2,FIXED_TWIN,2,1,1000,3275.62,0.0000,0.0000,3277.0,0.0,2.000,512.0,0.000,0,0,512000,2,0,0,0,2,1
2,after_use,f32,64,glibc_t2,FIXED_TWIN,3,0,1000,3293.42,0.0000,0.0000,3295.0,0.0,2.000,512.0,0.000,0,0,512000,2,0,0,0,2,1
2,after_use,f32,64,glibc_t2,P5,3,1,1000,3396.13,0.0000,0.0000,3399.0,0.0,2.000,512.0,0.000,0,0,512000,2,0,0,0,2,1
2,after_use,f32,64,glibc_t2,P5,4,0,1000,3461.94,0.0000,0.0000,3464.0,0.0,2.000,512.0,0.000,0,0,512000,2,0,0,0,2,1
2,after_use,f32,64,glibc_t2,FIXED_TWIN,4,1,1000,3367.28,0.0000,0.0000,3370.0,0.0,2.000,512.0,0.000,0,0,512000,2,0,0,0,2,1
2,after_use,f32,64,glibc_t2,FIXED_TWIN,5,0,1000,3352.78,0.0000,0.0000,3354.0,0.0,2.000,512.0,0.000,0,0,512000,2,0,0,0,2,1
2,after_use,f32,64,glibc_t2,P5,5,1,1000,3389.47,0.0000,0.0000,3391.0,0.0,2.000,512.0,0.000,0,0,512000,2,0,0,0,2,1
2,after_use,f32,64,glibc_t2,P5,6,0,1000,3311.47,0.0000,0.0000,3314.0,0.0,2.000,512.0,0.000,0,0,512000,2,0,0,0,2,1
2,after_use,f32,64,glibc_t2,FIXED_TWIN,6,1,1000,3290.49,0.0000,0.0000,3292.0,0.0,2.000,512.0,0.000,0,0,512000,2,0,0,0,2,1
2,after_use,f32,64,glibc_t2,FIXED_TWIN,7,0,1000,3321.02,0.0000,0.0000,3326.0,0.0,2.000,512.0,0.000,0,0,512000,2,0,0,0,2,1
2,after_use,f32,64,glibc_t2,P5,7,1,1000,3430.99,0.0000,0.0000,3435.0,0.0,2.000,512.0,0.000,0,0,512000,2,0,0,0,2,1
2,after_use,f32,64,glibc_t2,P5,8,0,1000,3354.04,0.0000,0.0000,3358.0,0.0,2.000,512.0,0.000,0,0,512000,2,0,0,0,2,1
2,after_use,f32,64,glibc_t2,FIXED_TWIN,8,1,1000,3248.50,0.0000,0.0000,3249.0,0.0,2.000,512.0,0.000,0,0,512000,2,0,0,0,2,1
2,after_use,f32,64,glibc_t2,FIXED_TWIN,9,0,1000,3241.50,0.0000,0.0000,3243.0,0.0,2.000,512.0,0.000,0,0,512000,2,0,0,0,2,1
2,after_use,f32,64,glibc_t2,P5,9,1,1000,3264.85,0.0000,0.0000,3269.0,0.0,2.000,512.0,0.000,0,0,512000,2,0,0,0,2,1
2,after_use,f32,64,glibc_t2,P5,10,0,1000,3310.94,0.0000,0.0000,3312.0,0.0,2.000,512.0,0.000,0,0,512000,2,0,0,0,2,1
2,after_use,f32,64,glibc_t2,FIXED_TWIN,10,1,1000,3278.70,0.0000,0.0000,3280.0,0.0,2.000,512.0,0.000,0,0,512000,2,0,0,0,2,1
2,after_use,f32,64,glibc_t2,FIXED_TWIN,11,0,1000,3234.68,0.0000,0.0000,3235.0,0.0,2.000,512.0,0.000,0,0,512000,2,0,0,0,2,1
2,after_use,f32,64,glibc_t2,P5,11,1,1000,3220.17,0.0000,0.0000,3221.0,0.0,2.000,512.0,0.000,0,0,512000,2,0,0,0,2,1
2,after_use,f32,64,glibc_t2,P5,12,0,1000,3219.10,0.0000,0.0000,3220.0,0.0,2.000,512.0,0.000,0,0,512000,2,0,0,0,2,1
2,after_use,f32,64,glibc_t2,FIXED_TWIN,12,1,1000,3223.34,0.0000,0.0000,3225.0,0.0,2.000,512.0,0.000,0,0,512000,2,0,0,0,2,1
2,after_use,f32,64,glibc_t2,FIXED_TWIN,13,0,1000,3196.13,0.0000,0.0000,1479.0,1725.0,2.000,512.0,0.000,0,0,512000,2,0,0,0,2,1
2,after_use,f32,64,glibc_t2,P5,13,1,1000,3267.34,0.0000,0.0000,3269.0,0.0,2.000,512.0,0.000,0,0,512000,2,0,0,0,2,1
2,after_use,f32,64,glibc_t2,P5,14,0,1000,3214.88,0.0000,0.0000,3217.0,0.0,2.000,512.0,0.000,0,0,512000,2,0,0,0,2,1
2,after_use,f32,64,glibc_t2,FIXED_TWIN,14,1,1000,3254.92,0.0000,0.0000,3256.0,0.0,2.000,512.0,0.000,0,0,512000,2,0,0,0,2,1
2,after_use,f32,1024,glibc_t2,P5,0,0,1000,3673.99,0.0000,0.0000,1699.0,1979.0,2.000,8192.0,0.000,0,0,8192000,2,0,0,0,2,1
2,after_use,f32,1024,glibc_t2,FIXED_TWIN,0,1,1000,3724.36,0.0000,0.0000,3727.0,0.0,2.000,8192.0,0.000,0,0,8192000,2,0,0,0,2,1
2,after_use,f32,1024,glibc_t2,FIXED_TWIN,1,0,1000,3717.65,0.0000,0.0000,3721.0,0.0,2.000,8192.0,0.000,0,0,8192000,2,0,0,0,2,1
2,after_use,f32,1024,glibc_t2,P5,1,1,1000,3728.55,0.0000,0.0000,3730.0,0.0,2.000,8192.0,0.000,0,0,8192000,2,0,0,0,2,1
2,after_use,f32,1024,glibc_t2,P5,2,0,1000,3740.29,0.0000,0.0000,3744.0,0.0,2.000,8192.0,0.000,0,0,8192000,2,0,0,0,2,1
2,after_use,f32,1024,glibc_t2,FIXED_TWIN,2,1,1000,3715.94,0.0000,0.0000,3719.0,0.0,2.000,8192.0,0.000,0,0,8192000,2,0,0,0,2,1
2,after_use,f32,1024,glibc_t2,FIXED_TWIN,3,0,1000,3822.66,0.0000,0.0000,3825.0,0.0,2.000,8192.0,0.000,0,0,8192000,2,0,0,0,2,1
2,after_use,f32,1024,glibc_t2,P5,3,1,1000,3775.97,0.0000,0.0000,3781.0,0.0,2.000,8192.0,0.000,0,0,8192000,2,0,0,0,2,1
2,after_use,f32,1024,glibc_t2,P5,4,0,1000,3765.37,0.0000,0.0000,3768.0,0.0,2.000,8192.0,0.000,0,0,8192000,2,0,0,0,2,1
2,after_use,f32,1024,glibc_t2,FIXED_TWIN,4,1,1000,3715.31,0.0000,0.0000,3719.0,0.0,2.000,8192.0,0.000,0,0,8192000,2,0,0,0,2,1
2,after_use,f32,1024,glibc_t2,FIXED_TWIN,5,0,1000,3776.64,0.0000,0.0000,3739.0,41.0,2.000,8192.0,0.000,0,0,8192000,2,0,0,0,2,1
2,after_use,f32,1024,glibc_t2,P5,5,1,1000,3774.89,0.0000,0.0000,3778.0,0.0,2.000,8192.0,0.000,0,0,8192000,2,0,0,0,2,1
2,after_use,f32,1024,glibc_t2,P5,6,0,1000,4126.16,0.0000,0.0000,4057.0,0.0,2.000,8192.0,0.000,0,0,8192000,2,0,0,0,2,1
2,after_use,f32,1024,glibc_t2,FIXED_TWIN,6,1,1000,3808.18,0.0000,0.0000,3812.0,0.0,2.000,8192.0,0.000,0,0,8192000,2,0,0,0,2,1
2,after_use,f32,1024,glibc_t2,FIXED_TWIN,7,0,1000,3759.44,0.0000,0.0000,3763.0,0.0,2.000,8192.0,0.000,0,0,8192000,2,0,0,0,2,1
2,after_use,f32,1024,glibc_t2,P5,7,1,1000,3822.93,0.0000,0.0000,3826.0,0.0,2.000,8192.0,0.000,0,0,8192000,2,0,0,0,2,1
2,after_use,f32,1024,glibc_t2,P5,8,0,1000,3978.32,0.0000,0.0000,3983.0,0.0,2.000,8192.0,0.000,0,0,8192000,2,0,0,0,2,1
2,after_use,f32,1024,glibc_t2,FIXED_TWIN,8,1,1000,3911.14,0.0000,0.0000,3915.0,0.0,2.000,8192.0,0.000,0,0,8192000,2,0,0,0,2,1
2,after_use,f32,1024,glibc_t2,FIXED_TWIN,9,0,1000,3813.38,0.0000,0.0000,3817.0,0.0,2.000,8192.0,0.000,0,0,8192000,2,0,0,0,2,1
2,after_use,f32,1024,glibc_t2,P5,9,1,1000,3814.83,0.0000,0.0000,3818.0,0.0,2.000,8192.0,0.000,0,0,8192000,2,0,0,0,2,1
2,after_use,f32,1024,glibc_t2,P5,10,0,1000,3822.42,0.0000,0.0000,3827.0,0.0,2.000,8192.0,0.000,0,0,8192000,2,0,0,0,2,1
2,after_use,f32,1024,glibc_t2,FIXED_TWIN,10,1,1000,3870.33,0.0000,0.0000,3835.0,0.0,2.000,8192.0,0.000,0,0,8192000,2,0,0,0,2,1
2,after_use,f32,1024,glibc_t2,FIXED_TWIN,11,0,1000,3785.62,0.0000,0.0000,3790.0,0.0,2.000,8192.0,0.000,0,0,8192000,2,0,0,0,2,1
2,after_use,f32,1024,glibc_t2,P5,11,1,1000,3706.81,0.0000,0.0000,3709.0,0.0,2.000,8192.0,0.000,0,0,8192000,2,0,0,0,2,1
2,after_use,f32,1024,glibc_t2,P5,12,0,1000,4054.59,0.0000,0.0000,4060.0,0.0,2.000,8192.0,0.000,0,0,8192000,2,0,0,0,2,1
2,after_use,f32,1024,glibc_t2,FIXED_TWIN,12,1,1000,3873.59,0.0000,0.0000,3877.0,0.0,2.000,8192.0,0.000,0,0,8192000,2,0,0,0,2,1
2,after_use,f32,1024,glibc_t2,FIXED_TWIN,13,0,1000,3814.29,0.0000,0.0000,3818.0,0.0,2.000,8192.0,0.000,0,0,8192000,2,0,0,0,2,1
2,after_use,f32,1024,glibc_t2,P5,13,1,1000,3846.29,0.0000,0.0000,3849.0,0.0,2.000,8192.0,0.000,0,0,8192000,2,0,0,0,2,1
2,after_use,f32,1024,glibc_t2,P5,14,0,1000,3838.74,0.0000,0.0000,3843.0,0.0,2.000,8192.0,0.000,0,0,8192000,2,0,0,0,2,1
2,after_use,f32,1024,glibc_t2,FIXED_TWIN,14,1,1000,3943.55,0.0000,0.0000,3947.0,0.0,2.000,8192.0,0.000,0,0,8192000,2,0,0,0,2,1
2,after_use,f32,4096,glibc_t2,P5,0,0,1,1635.00,0.0000,0.0000,4000.0,0.0,2.000,32768.0,0.000,0,0,32768,2,0,0,0,2,1
2,after_use,f32,4096,glibc_t2,FIXED_TWIN,0,1,1,1454.00,0.0000,0.0000,2000.0,0.0,2.000,32768.0,0.000,0,0,32768,2,0,0,0,2,1
2,after_use,f32,4096,glibc_t2,FIXED_TWIN,1,0,1,1440.00,0.0000,0.0000,2000.0,0.0,2.000,32768.0,0.000,0,0,32768,2,0,0,0,2,1
2,after_use,f32,4096,glibc_t2,P5,1,1,1,1432.00,0.0000,0.0000,2000.0,0.0,2.000,32768.0,0.000,0,0,32768,2,0,0,0,2,1
2,after_use,f32,4096,glibc_t2,P5,2,0,1,1473.00,0.0000,0.0000,2000.0,0.0,2.000,32768.0,0.000,0,0,32768,2,0,0,0,2,1
2,after_use,f32,4096,glibc_t2,FIXED_TWIN,2,1,1,1435.00,0.0000,0.0000,1000.0,0.0,2.000,32768.0,0.000,0,0,32768,2,0,0,0,2,1
2,after_use,f32,4096,glibc_t2,FIXED_TWIN,3,0,1,1471.00,0.0000,0.0000,2000.0,0.0,2.000,32768.0,0.000,0,0,32768,2,0,0,0,2,1
2,after_use,f32,4096,glibc_t2,P5,3,1,1,1411.00,0.0000,0.0000,2000.0,0.0,2.000,32768.0,0.000,0,0,32768,2,0,0,0,2,1
2,after_use,f32,4096,glibc_t2,P5,4,0,1,1430.00,0.0000,0.0000,1000.0,0.0,2.000,32768.0,0.000,0,0,32768,2,0,0,0,2,1
2,after_use,f32,4096,glibc_t2,FIXED_TWIN,4,1,1,1462.00,0.0000,0.0000,2000.0,0.0,2.000,32768.0,0.000,0,0,32768,2,0,0,0,2,1
2,after_use,f32,4096,glibc_t2,FIXED_TWIN,5,0,1,1409.00,0.0000,0.0000,2000.0,0.0,2.000,32768.0,0.000,0,0,32768,2,0,0,0,2,1
2,after_use,f32,4096,glibc_t2,P5,5,1,1,1448.00,0.0000,0.0000,2000.0,0.0,2.000,32768.0,0.000,0,0,32768,2,0,0,0,2,1
2,after_use,f32,4096,glibc_t2,P5,6,0,1,1442.00,0.0000,0.0000,2000.0,0.0,2.000,32768.0,0.000,0,0,32768,2,0,0,0,2,1
2,after_use,f32,4096,glibc_t2,FIXED_TWIN,6,1,1,1444.00,0.0000,0.0000,2000.0,0.0,2.000,32768.0,0.000,0,0,32768,2,0,0,0,2,1
2,after_use,f32,4096,glibc_t2,FIXED_TWIN,7,0,1,1426.00,0.0000,0.0000,2000.0,0.0,2.000,32768.0,0.000,0,0,32768,2,0,0,0,2,1
2,after_use,f32,4096,glibc_t2,P5,7,1,1,1476.00,0.0000,0.0000,2000.0,0.0,2.000,32768.0,0.000,0,0,32768,2,0,0,0,2,1
2,after_use,f32,4096,glibc_t2,P5,8,0,1,1437.00,0.0000,0.0000,2000.0,0.0,2.000,32768.0,0.000,0,0,32768,2,0,0,0,2,1
2,after_use,f32,4096,glibc_t2,FIXED_TWIN,8,1,1,1452.00,0.0000,0.0000,2000.0,0.0,2.000,32768.0,0.000,0,0,32768,2,0,0,0,2,1
2,after_use,f32,4096,glibc_t2,FIXED_TWIN,9,0,1,1553.00,0.0000,0.0000,3000.0,0.0,2.000,32768.0,0.000,0,0,32768,2,0,0,0,2,1
2,after_use,f32,4096,glibc_t2,P5,9,1,1,1475.00,0.0000,0.0000,2000.0,0.0,2.000,32768.0,0.000,0,0,32768,2,0,0,0,2,1
2,after_use,f32,4096,glibc_t2,P5,10,0,1,1527.00,0.0000,0.0000,2000.0,0.0,2.000,32768.0,0.000,0,0,32768,2,0,0,0,2,1
2,after_use,f32,4096,glibc_t2,FIXED_TWIN,10,1,1,1443.00,0.0000,0.0000,2000.0,0.0,2.000,32768.0,0.000,0,0,32768,2,0,0,0,2,1
2,after_use,f32,4096,glibc_t2,FIXED_TWIN,11,0,1,1485.00,0.0000,0.0000,2000.0,0.0,2.000,32768.0,0.000,0,0,32768,2,0,0,0,2,1
2,after_use,f32,4096,glibc_t2,P5,11,1,1,1449.00,0.0000,0.0000,2000.0,0.0,2.000,32768.0,0.000,0,0,32768,2,0,0,0,2,1
2,after_use,f32,4096,glibc_t2,P5,12,0,1,1448.00,0.0000,0.0000,2000.0,0.0,2.000,32768.0,0.000,0,0,32768,2,0,0,0,2,1
2,after_use,f32,4096,glibc_t2,FIXED_TWIN,12,1,1,1464.00,0.0000,0.0000,2000.0,0.0,2.000,32768.0,0.000,0,0,32768,2,0,0,0,2,1
2,after_use,f32,4096,glibc_t2,FIXED_TWIN,13,0,1,1453.00,0.0000,0.0000,2000.0,0.0,2.000,32768.0,0.000,0,0,32768,2,0,0,0,2,1
2,after_use,f32,4096,glibc_t2,P5,13,1,1,1440.00,0.0000,0.0000,2000.0,0.0,2.000,32768.0,0.000,0,0,32768,2,0,0,0,2,1
2,after_use,f32,4096,glibc_t2,P5,14,0,1,1436.00,0.0000,0.0000,2000.0,0.0,2.000,32768.0,0.000,0,0,32768,2,0,0,0,2,1
2,after_use,f32,4096,glibc_t2,FIXED_TWIN,14,1,1,1497.00,0.0000,0.0000,2000.0,0.0,2.000,32768.0,0.000,0,0,32768,2,0,0,0,2,1
2,after_use,f32,16384,glibc_t2,P5,0,0,1,4887.00,0.0000,0.0000,8000.0,0.0,2.000,131072.0,0.000,0,0,131072,2,0,0,0,2,1
2,after_use,f32,16384,glibc_t2,FIXED_TWIN,0,1,1,4762.00,0.0000,0.0000,5000.0,0.0,2.000,131072.0,0.000,0,0,131072,2,0,0,0,2,1
2,after_use,f32,16384,glibc_t2,FIXED_TWIN,1,0,1,4738.00,0.0000,0.0000,5000.0,0.0,2.000,131072.0,0.000,0,0,131072,2,0,0,0,2,1
2,after_use,f32,16384,glibc_t2,P5,1,1,1,4665.00,0.0000,0.0000,5000.0,0.0,2.000,131072.0,0.000,0,0,131072,2,0,0,0,2,1
2,after_use,f32,16384,glibc_t2,P5,2,0,1,4656.00,0.0000,0.0000,5000.0,0.0,2.000,131072.0,0.000,0,0,131072,2,0,0,0,2,1
2,after_use,f32,16384,glibc_t2,FIXED_TWIN,2,1,1,4658.00,0.0000,0.0000,5000.0,0.0,2.000,131072.0,0.000,0,0,131072,2,0,0,0,2,1
2,after_use,f32,16384,glibc_t2,FIXED_TWIN,3,0,1,4648.00,0.0000,0.0000,5000.0,0.0,2.000,131072.0,0.000,0,0,131072,2,0,0,0,2,1
2,after_use,f32,16384,glibc_t2,P5,3,1,1,4667.00,0.0000,0.0000,5000.0,0.0,2.000,131072.0,0.000,0,0,131072,2,0,0,0,2,1
2,after_use,f32,16384,glibc_t2,P5,4,0,1,4643.00,0.0000,0.0000,6000.0,0.0,2.000,131072.0,0.000,0,0,131072,2,0,0,0,2,1
2,after_use,f32,16384,glibc_t2,FIXED_TWIN,4,1,1,4680.00,0.0000,0.0000,5000.0,0.0,2.000,131072.0,0.000,0,0,131072,2,0,0,0,2,1
2,after_use,f32,16384,glibc_t2,FIXED_TWIN,5,0,1,4675.00,0.0000,0.0000,6000.0,0.0,2.000,131072.0,0.000,0,0,131072,2,0,0,0,2,1
2,after_use,f32,16384,glibc_t2,P5,5,1,1,4700.00,0.0000,0.0000,5000.0,0.0,2.000,131072.0,0.000,0,0,131072,2,0,0,0,2,1
2,after_use,f32,16384,glibc_t2,P5,6,0,1,4653.00,0.0000,0.0000,6000.0,0.0,2.000,131072.0,0.000,0,0,131072,2,0,0,0,2,1
2,after_use,f32,16384,glibc_t2,FIXED_TWIN,6,1,1,4607.00,0.0000,0.0000,5000.0,0.0,2.000,131072.0,0.000,0,0,131072,2,0,0,0,2,1
2,after_use,f32,16384,glibc_t2,FIXED_TWIN,7,0,1,12283.00,0.0000,0.0000,13000.0,0.0,2.000,131072.0,0.000,0,0,131072,2,0,0,0,2,1
2,after_use,f32,16384,glibc_t2,P5,7,1,1,4779.00,0.0000,0.0000,5000.0,0.0,2.000,131072.0,0.000,0,0,131072,2,0,0,0,2,1
2,after_use,f32,16384,glibc_t2,P5,8,0,1,4677.00,0.0000,0.0000,5000.0,0.0,2.000,131072.0,0.000,0,0,131072,2,0,0,0,2,1
2,after_use,f32,16384,glibc_t2,FIXED_TWIN,8,1,1,51710.00,0.0000,0.0000,52000.0,0.0,2.000,131072.0,0.000,0,0,131072,2,0,0,0,2,1
2,after_use,f32,16384,glibc_t2,FIXED_TWIN,9,0,1,4870.00,0.0000,0.0000,6000.0,0.0,2.000,131072.0,0.000,0,0,131072,2,0,0,0,2,1
2,after_use,f32,16384,glibc_t2,P5,9,1,1,4858.00,0.0000,0.0000,5000.0,0.0,2.000,131072.0,0.000,0,0,131072,2,0,0,0,2,1
2,after_use,f32,16384,glibc_t2,P5,10,0,1,4928.00,0.0000,0.0000,6000.0,0.0,2.000,131072.0,0.000,0,0,131072,2,0,0,0,2,1
2,after_use,f32,16384,glibc_t2,FIXED_TWIN,10,1,1,5625.00,0.0000,0.0000,7000.0,0.0,2.000,131072.0,0.000,0,0,131072,2,0,0,0,2,1
2,after_use,f32,16384,glibc_t2,FIXED_TWIN,11,0,1,6602.00,0.0000,0.0000,8000.0,0.0,2.000,131072.0,0.000,0,0,131072,2,0,0,0,2,1
2,after_use,f32,16384,glibc_t2,P5,11,1,1,13124.00,0.0000,0.0000,14000.0,0.0,2.000,131072.0,0.000,0,0,131072,2,0,0,0,2,1
2,after_use,f32,16384,glibc_t2,P5,12,0,1,6685.00,0.0000,0.0000,7000.0,0.0,2.000,131072.0,0.000,0,0,131072,2,0,0,0,2,1
2,after_use,f32,16384,glibc_t2,FIXED_TWIN,12,1,1,6763.00,0.0000,0.0000,8000.0,0.0,2.000,131072.0,0.000,0,0,131072,2,0,0,0,2,1
2,after_use,f32,16384,glibc_t2,FIXED_TWIN,13,0,1,6717.00,0.0000,0.0000,7000.0,0.0,2.000,131072.0,0.000,0,0,131072,2,0,0,0,2,1
2,after_use,f32,16384,glibc_t2,P5,13,1,1,4873.00,0.0000,0.0000,5000.0,0.0,2.000,131072.0,0.000,0,0,131072,2,0,0,0,2,1
2,after_use,f32,16384,glibc_t2,P5,14,0,1,5003.00,0.0000,0.0000,6000.0,0.0,2.000,131072.0,0.000,0,0,131072,2,0,0,0,2,1
2,after_use,f32,16384,glibc_t2,FIXED_TWIN,14,1,1,5069.00,0.0000,0.0000,6000.0,0.0,2.000,131072.0,0.000,0,0,131072,2,0,0,0,2,1
2,after_use,f32,65536,glibc_t2,P5,0,0,1,145898.00,130.0000,0.0000,68000.0,79000.0,2.000,524288.0,0.000,0,0,524288,2,0,0,0,2,1
2,after_use,f32,65536,glibc_t2,FIXED_TWIN,0,1,1,152849.00,130.0000,0.0000,71000.0,83000.0,2.000,524288.0,0.000,0,0,524288,2,0,0,0,2,1
2,after_use,f32,65536,glibc_t2,FIXED_TWIN,1,0,1,170379.00,130.0000,0.0000,79000.0,92000.0,2.000,524288.0,0.000,0,0,524288,2,0,0,0,2,1
2,after_use,f32,65536,glibc_t2,P5,1,1,1,162356.00,130.0000,0.0000,76000.0,89000.0,2.000,524288.0,0.000,0,0,524288,2,0,0,0,2,1
2,after_use,f32,65536,glibc_t2,P5,2,0,1,184966.00,130.0000,0.0000,87000.0,100000.0,2.000,524288.0,0.000,0,0,524288,2,0,0,0,2,1
2,after_use,f32,65536,glibc_t2,FIXED_TWIN,2,1,1,148545.00,130.0000,0.0000,70000.0,80000.0,2.000,524288.0,0.000,0,0,524288,2,0,0,0,2,1
2,after_use,f32,65536,glibc_t2,FIXED_TWIN,3,0,1,148955.00,130.0000,0.0000,0.0,150000.0,2.000,524288.0,0.000,0,0,524288,2,0,0,0,2,1
2,after_use,f32,65536,glibc_t2,P5,3,1,1,168705.00,130.0000,0.0000,0.0,170000.0,2.000,524288.0,0.000,0,0,524288,2,0,0,0,2,1
2,after_use,f32,65536,glibc_t2,P5,4,0,1,157136.00,130.0000,0.0000,0.0,158000.0,2.000,524288.0,0.000,0,0,524288,2,0,0,0,2,1
2,after_use,f32,65536,glibc_t2,FIXED_TWIN,4,1,1,166068.00,130.0000,0.0000,0.0,168000.0,2.000,524288.0,0.000,0,0,524288,2,0,0,0,2,1
2,after_use,f32,65536,glibc_t2,FIXED_TWIN,5,0,1,143806.00,130.0000,0.0000,0.0,145000.0,2.000,524288.0,0.000,0,0,524288,2,0,0,0,2,1
2,after_use,f32,65536,glibc_t2,P5,5,1,1,153752.00,130.0000,0.0000,0.0,156000.0,2.000,524288.0,0.000,0,0,524288,2,0,0,0,2,1
2,after_use,f32,65536,glibc_t2,P5,6,0,1,166453.00,130.0000,0.0000,0.0,168000.0,2.000,524288.0,0.000,0,0,524288,2,0,0,0,2,1
2,after_use,f32,65536,glibc_t2,FIXED_TWIN,6,1,1,189586.00,130.0000,0.0000,191000.0,0.0,2.000,524288.0,0.000,0,0,524288,2,0,0,0,2,1
2,after_use,f32,65536,glibc_t2,FIXED_TWIN,7,0,1,153877.00,130.0000,0.0000,155000.0,0.0,2.000,524288.0,0.000,0,0,524288,2,0,0,0,2,1
2,after_use,f32,65536,glibc_t2,P5,7,1,1,144385.00,130.0000,0.0000,146000.0,0.0,2.000,524288.0,0.000,0,0,524288,2,0,0,0,2,1
2,after_use,f32,65536,glibc_t2,P5,8,0,1,161149.00,130.0000,0.0000,162000.0,0.0,2.000,524288.0,0.000,0,0,524288,2,0,0,0,2,1
2,after_use,f32,65536,glibc_t2,FIXED_TWIN,8,1,1,153985.00,130.0000,0.0000,155000.0,0.0,2.000,524288.0,0.000,0,0,524288,2,0,0,0,2,1
2,after_use,f32,65536,glibc_t2,FIXED_TWIN,9,0,1,167632.00,130.0000,0.0000,169000.0,0.0,2.000,524288.0,0.000,0,0,524288,2,0,0,0,2,1
2,after_use,f32,65536,glibc_t2,P5,9,1,1,145507.00,130.0000,0.0000,146000.0,0.0,2.000,524288.0,0.000,0,0,524288,2,0,0,0,2,1
2,after_use,f32,65536,glibc_t2,P5,10,0,1,190026.00,130.0000,0.0000,191000.0,0.0,2.000,524288.0,0.000,0,0,524288,2,0,0,0,2,1
2,after_use,f32,65536,glibc_t2,FIXED_TWIN,10,1,1,151959.00,130.0000,0.0000,153000.0,0.0,2.000,524288.0,0.000,0,0,524288,2,0,0,0,2,1
2,after_use,f32,65536,glibc_t2,FIXED_TWIN,11,0,1,149564.00,130.0000,0.0000,151000.0,0.0,2.000,524288.0,0.000,0,0,524288,2,0,0,0,2,1
2,after_use,f32,65536,glibc_t2,P5,11,1,1,154068.00,130.0000,0.0000,155000.0,0.0,2.000,524288.0,0.000,0,0,524288,2,0,0,0,2,1
2,after_use,f32,65536,glibc_t2,P5,12,0,1,142942.00,130.0000,0.0000,145000.0,0.0,2.000,524288.0,0.000,0,0,524288,2,0,0,0,2,1
2,after_use,f32,65536,glibc_t2,FIXED_TWIN,12,1,1,172190.00,130.0000,0.0000,174000.0,0.0,2.000,524288.0,0.000,0,0,524288,2,0,0,0,2,1
2,after_use,f32,65536,glibc_t2,FIXED_TWIN,13,0,1,146293.00,130.0000,0.0000,147000.0,0.0,2.000,524288.0,0.000,0,0,524288,2,0,0,0,2,1
2,after_use,f32,65536,glibc_t2,P5,13,1,1,180968.00,130.0000,0.0000,182000.0,0.0,2.000,524288.0,0.000,0,0,524288,2,0,0,0,2,1
2,after_use,f32,65536,glibc_t2,P5,14,0,1,158516.00,130.0000,0.0000,160000.0,0.0,2.000,524288.0,0.000,0,0,524288,2,0,0,0,2,1
2,after_use,f32,65536,glibc_t2,FIXED_TWIN,14,1,1,152225.00,130.0000,0.0000,154000.0,0.0,2.000,524288.0,0.000,0,0,524288,2,0,0,0,2,1
2,after_use,f32,262144,glibc_t2,P5,0,0,1,852368.00,514.0000,0.0000,398000.0,459000.0,2.000,2097152.0,0.000,0,0,2097152,2,0,0,0,2,1
2,after_use,f32,262144,glibc_t2,FIXED_TWIN,0,1,1,683403.00,514.0000,0.0000,0.0,686000.0,2.000,2097152.0,0.000,0,0,2097152,2,0,0,0,2,1
2,after_use,f32,262144,glibc_t2,FIXED_TWIN,1,0,1,711554.00,514.0000,0.0000,326000.0,388000.0,2.000,2097152.0,0.000,0,0,2097152,2,0,0,0,2,1
2,after_use,f32,262144,glibc_t2,P5,1,1,1,687258.00,514.0000,0.0000,689000.0,0.0,2.000,2097152.0,0.000,0,0,2097152,2,0,0,0,2,1
2,after_use,f32,262144,glibc_t2,P5,2,0,1,770099.00,514.0000,0.0000,0.0,774000.0,2.000,2097152.0,0.000,0,0,2097152,2,0,0,0,2,1
2,after_use,f32,262144,glibc_t2,FIXED_TWIN,2,1,1,674578.00,514.0000,0.0000,0.0,677000.0,2.000,2097152.0,0.000,0,0,2097152,2,0,0,0,2,1
2,after_use,f32,262144,glibc_t2,FIXED_TWIN,3,0,1,672082.00,514.0000,0.0000,674000.0,0.0,2.000,2097152.0,0.000,0,0,2097152,2,0,0,0,2,1
2,after_use,f32,262144,glibc_t2,P5,3,1,1,677883.00,514.0000,0.0000,316000.0,365000.0,2.000,2097152.0,0.000,0,0,2097152,2,0,0,0,2,1
2,after_use,f32,262144,glibc_t2,P5,4,0,1,719857.00,514.0000,0.0000,723000.0,0.0,2.000,2097152.0,0.000,0,0,2097152,2,0,0,0,2,1
2,after_use,f32,262144,glibc_t2,FIXED_TWIN,4,1,1,651084.00,514.0000,0.0000,361000.0,292000.0,2.000,2097152.0,0.000,0,0,2097152,2,0,0,0,2,1
2,after_use,f32,262144,glibc_t2,FIXED_TWIN,5,0,1,685380.00,514.0000,0.0000,688000.0,0.0,2.000,2097152.0,0.000,0,0,2097152,2,0,0,0,2,1
2,after_use,f32,262144,glibc_t2,P5,5,1,1,953988.00,514.0000,0.0000,957000.0,0.0,2.000,2097152.0,0.000,0,0,2097152,2,0,0,0,2,1
2,after_use,f32,262144,glibc_t2,P5,6,0,1,775546.00,514.0000,0.0000,779000.0,0.0,2.000,2097152.0,0.000,0,0,2097152,2,0,0,0,2,1
2,after_use,f32,262144,glibc_t2,FIXED_TWIN,6,1,1,713633.00,514.0000,0.0000,0.0,717000.0,2.000,2097152.0,0.000,0,0,2097152,2,0,0,0,2,1
2,after_use,f32,262144,glibc_t2,FIXED_TWIN,7,0,1,768122.00,514.0000,0.0000,358000.0,413000.0,2.000,2097152.0,0.000,0,0,2097152,2,0,0,0,2,1
2,after_use,f32,262144,glibc_t2,P5,7,1,1,736605.00,514.0000,0.0000,739000.0,0.0,2.000,2097152.0,0.000,0,0,2097152,2,0,0,0,2,1
2,after_use,f32,262144,glibc_t2,P5,8,0,1,694712.00,514.0000,0.0000,111000.0,586000.0,2.000,2097152.0,0.000,0,0,2097152,2,0,0,0,2,1
2,after_use,f32,262144,glibc_t2,FIXED_TWIN,8,1,1,729373.00,514.0000,0.0000,340000.0,392000.0,2.000,2097152.0,0.000,0,0,2097152,2,0,0,0,2,1
2,after_use,f32,262144,glibc_t2,FIXED_TWIN,9,0,1,707042.00,514.0000,0.0000,0.0,709000.0,2.000,2097152.0,0.000,0,0,2097152,2,0,0,0,2,1
2,after_use,f32,262144,glibc_t2,P5,9,1,1,655678.00,514.0000,0.0000,276000.0,382000.0,2.000,2097152.0,0.000,0,0,2097152,2,0,0,0,2,1
2,after_use,f32,262144,glibc_t2,P5,10,0,1,697690.00,514.0000,0.0000,700000.0,0.0,2.000,2097152.0,0.000,0,0,2097152,2,0,0,0,2,1
2,after_use,f32,262144,glibc_t2,FIXED_TWIN,10,1,1,738331.00,514.0000,0.0000,0.0,741000.0,2.000,2097152.0,0.000,0,0,2097152,2,0,0,0,2,1
2,after_use,f32,262144,glibc_t2,FIXED_TWIN,11,0,1,658722.00,514.0000,0.0000,0.0,661000.0,2.000,2097152.0,0.000,0,0,2097152,2,0,0,0,2,1
2,after_use,f32,262144,glibc_t2,P5,11,1,1,693223.00,514.0000,0.0000,0.0,695000.0,2.000,2097152.0,0.000,0,0,2097152,2,0,0,0,2,1
2,after_use,f32,262144,glibc_t2,P5,12,0,1,694455.00,514.0000,0.0000,0.0,697000.0,2.000,2097152.0,0.000,0,0,2097152,2,0,0,0,2,1
2,after_use,f32,262144,glibc_t2,FIXED_TWIN,12,1,1,718859.00,514.0000,0.0000,722000.0,0.0,2.000,2097152.0,0.000,0,0,2097152,2,0,0,0,2,1
2,after_use,f32,262144,glibc_t2,FIXED_TWIN,13,0,1,775282.00,514.0000,0.0000,0.0,778000.0,2.000,2097152.0,0.000,0,0,2097152,2,0,0,0,2,1
2,after_use,f32,262144,glibc_t2,P5,13,1,1,673981.00,514.0000,0.0000,0.0,677000.0,2.000,2097152.0,0.000,0,0,2097152,2,0,0,0,2,1
2,after_use,f32,262144,glibc_t2,P5,14,0,1,834543.00,514.0000,0.0000,0.0,837000.0,2.000,2097152.0,0.000,0,0,2097152,2,0,0,0,2,1
2,after_use,f32,262144,glibc_t2,FIXED_TWIN,14,1,1,681932.00,514.0000,0.0000,0.0,684000.0,2.000,2097152.0,0.000,0,0,2097152,2,0,0,0,2,1
2,after_use,f32,1048576,glibc_t2,P5,0,0,1,2809234.00,2050.0000,0.0000,0.0,2815000.0,2.000,8388608.0,0.000,0,0,8388608,2,0,0,0,2,1
2,after_use,f32,1048576,glibc_t2,FIXED_TWIN,0,1,1,2864635.00,2050.0000,0.0000,1332000.0,1537000.0,2.000,8388608.0,0.000,0,0,8388608,2,0,0,0,2,1
2,after_use,f32,1048576,glibc_t2,FIXED_TWIN,1,0,1,2926578.00,2050.0000,0.0000,102000.0,2829000.0,2.000,8388608.0,0.000,0,0,8388608,2,0,0,0,2,1
2,after_use,f32,1048576,glibc_t2,P5,1,1,1,3859484.00,2050.0000,0.0000,206000.0,3658000.0,2.000,8388608.0,0.000,0,0,8388608,2,0,0,0,2,1
2,after_use,f32,1048576,glibc_t2,P5,2,0,1,3868565.00,2050.0000,0.0000,3872000.0,0.0,2.000,8388608.0,0.000,0,0,8388608,2,0,0,0,2,1
2,after_use,f32,1048576,glibc_t2,FIXED_TWIN,2,1,1,2841159.00,2050.0000,0.0000,0.0,2845000.0,2.000,8388608.0,0.000,0,0,8388608,2,0,0,0,2,1
2,after_use,f32,1048576,glibc_t2,FIXED_TWIN,3,0,1,2953775.00,2050.0000,0.0000,0.0,2957000.0,2.000,8388608.0,0.000,0,0,8388608,2,0,0,0,2,1
2,after_use,f32,1048576,glibc_t2,P5,3,1,1,3138726.00,2050.0000,0.0000,0.0,3144000.0,2.000,8388608.0,0.000,0,0,8388608,2,0,0,0,2,1
2,after_use,f32,1048576,glibc_t2,P5,4,0,1,3167916.00,2050.0000,0.0000,0.0,3171000.0,2.000,8388608.0,0.000,0,0,8388608,2,0,0,0,2,1
2,after_use,f32,1048576,glibc_t2,FIXED_TWIN,4,1,1,2839250.00,2050.0000,0.0000,2842000.0,0.0,2.000,8388608.0,0.000,0,0,8388608,2,0,0,0,2,1
2,after_use,f32,1048576,glibc_t2,FIXED_TWIN,5,0,1,3271276.00,2050.0000,0.0000,792000.0,2483000.0,2.000,8388608.0,0.000,0,0,8388608,2,0,0,0,2,1
2,after_use,f32,1048576,glibc_t2,P5,5,1,1,2859848.00,2050.0000,0.0000,0.0,2862000.0,2.000,8388608.0,0.000,0,0,8388608,2,0,0,0,2,1
2,after_use,f32,1048576,glibc_t2,P5,6,0,1,3452857.00,2050.0000,0.0000,0.0,3430000.0,2.000,8388608.0,0.000,0,0,8388608,2,0,0,0,2,1
2,after_use,f32,1048576,glibc_t2,FIXED_TWIN,6,1,1,2816899.00,2050.0000,0.0000,1309000.0,1511000.0,2.000,8388608.0,0.000,0,0,8388608,2,0,0,0,2,1
2,after_use,f32,1048576,glibc_t2,FIXED_TWIN,7,0,1,2939023.00,2050.0000,0.0000,266000.0,2675000.0,2.000,8388608.0,0.000,0,0,8388608,2,0,0,0,2,1
2,after_use,f32,1048576,glibc_t2,P5,7,1,1,2808723.00,2050.0000,0.0000,0.0,2811000.0,2.000,8388608.0,0.000,0,0,8388608,2,0,0,0,2,1
2,after_use,f32,1048576,glibc_t2,P5,8,0,1,2821638.00,2050.0000,0.0000,1311000.0,1512000.0,2.000,8388608.0,0.000,0,0,8388608,2,0,0,0,2,1
2,after_use,f32,1048576,glibc_t2,FIXED_TWIN,8,1,1,2910549.00,2050.0000,0.0000,0.0,2913000.0,2.000,8388608.0,0.000,0,0,8388608,2,0,0,0,2,1
2,after_use,f32,1048576,glibc_t2,FIXED_TWIN,9,0,1,3228100.00,2050.0000,0.0000,0.0,3232000.0,2.000,8388608.0,0.000,0,0,8388608,2,0,0,0,2,1
2,after_use,f32,1048576,glibc_t2,P5,9,1,1,3636045.00,2050.0000,0.0000,0.0,3640000.0,2.000,8388608.0,0.000,0,0,8388608,2,0,0,0,2,1
2,after_use,f32,1048576,glibc_t2,P5,10,0,1,2914716.00,2050.0000,0.0000,1754000.0,1163000.0,2.000,8388608.0,0.000,0,0,8388608,2,0,0,0,2,1
2,after_use,f32,1048576,glibc_t2,FIXED_TWIN,10,1,1,2907136.00,2050.0000,0.0000,43000.0,2868000.0,2.000,8388608.0,0.000,0,0,8388608,2,0,0,0,2,1
2,after_use,f32,1048576,glibc_t2,FIXED_TWIN,11,0,1,2766666.00,2050.0000,0.0000,0.0,2770000.0,2.000,8388608.0,0.000,0,0,8388608,2,0,0,0,2,1
2,after_use,f32,1048576,glibc_t2,P5,11,1,1,2760688.00,2050.0000,0.0000,1375000.0,1389000.0,2.000,8388608.0,0.000,0,0,8388608,2,0,0,0,2,1
2,after_use,f32,1048576,glibc_t2,P5,12,0,1,2852848.00,2050.0000,0.0000,2856000.0,0.0,2.000,8388608.0,0.000,0,0,8388608,2,0,0,0,2,1
2,after_use,f32,1048576,glibc_t2,FIXED_TWIN,12,1,1,3140928.00,2050.0000,0.0000,0.0,3145000.0,2.000,8388608.0,0.000,0,0,8388608,2,0,0,0,2,1
2,after_use,f32,1048576,glibc_t2,FIXED_TWIN,13,0,1,2781331.00,2050.0000,0.0000,0.0,2784000.0,2.000,8388608.0,0.000,0,0,8388608,2,0,0,0,2,1
2,after_use,f32,1048576,glibc_t2,P5,13,1,1,2786289.00,2050.0000,0.0000,1295000.0,1494000.0,2.000,8388608.0,0.000,0,0,8388608,2,0,0,0,2,1
2,after_use,f32,1048576,glibc_t2,P5,14,0,1,2892090.00,2050.0000,0.0000,0.0,2896000.0,2.000,8388608.0,0.000,0,0,8388608,2,0,0,0,2,1
2,after_use,f32,1048576,glibc_t2,FIXED_TWIN,14,1,1,2836587.00,2050.0000,0.0000,1587000.0,1252000.0,2.000,8388608.0,0.000,0,0,8388608,2,0,0,0,2,1
2,after_use,f32,4194304,glibc_t2,P5,0,0,1,18080353.00,8194.0000,0.0000,3112000.0,14975000.0,2.000,33554432.0,0.000,0,0,33554432,2,0,0,0,2,1
2,after_use,f32,4194304,glibc_t2,FIXED_TWIN,0,1,1,17737266.00,8194.0000,0.0000,8809000.0,8933000.0,2.000,33554432.0,0.000,0,0,33554432,2,0,0,0,2,1
2,after_use,f32,4194304,glibc_t2,FIXED_TWIN,1,0,1,17179137.00,8194.0000,0.0000,4550000.0,12634000.0,2.000,33554432.0,0.000,0,0,33554432,2,0,0,0,2,1
2,after_use,f32,4194304,glibc_t2,P5,1,1,1,16690070.00,8194.0000,0.0000,4323000.0,12372000.0,2.000,33554432.0,0.000,0,0,33554432,2,0,0,0,2,1
2,after_use,f32,4194304,glibc_t2,P5,2,0,1,17202886.00,8194.0000,0.0000,4562000.0,12646000.0,2.000,33554432.0,0.000,0,0,33554432,2,0,0,0,2,1
2,after_use,f32,4194304,glibc_t2,FIXED_TWIN,2,1,1,17828861.00,8194.0000,0.0000,2995000.0,14840000.0,2.000,33554432.0,0.000,0,0,33554432,2,0,0,0,2,1
2,after_use,f32,4194304,glibc_t2,FIXED_TWIN,3,0,1,18099054.00,8194.0000,0.0000,3120000.0,14985000.0,2.000,33554432.0,0.000,0,0,33554432,2,0,0,0,2,1
2,after_use,f32,4194304,glibc_t2,P5,3,1,1,17782263.00,8194.0000,0.0000,16829000.0,958000.0,2.000,33554432.0,0.000,0,0,33554432,2,0,0,0,2,1
2,after_use,f32,4194304,glibc_t2,P5,4,0,1,17932141.00,8194.0000,0.0000,8900000.0,9038000.0,2.000,33554432.0,0.000,0,0,33554432,2,0,0,0,2,1
2,after_use,f32,4194304,glibc_t2,FIXED_TWIN,4,1,1,18540780.00,8194.0000,0.0000,7306000.0,11201000.0,2.000,33554432.0,0.000,0,0,33554432,2,0,0,0,2,1
2,after_use,f32,4194304,glibc_t2,FIXED_TWIN,5,0,1,17828270.00,8194.0000,0.0000,8853000.0,8969000.0,2.000,33554432.0,0.000,0,0,33554432,2,0,0,0,2,1
2,after_use,f32,4194304,glibc_t2,P5,5,1,1,18735831.00,8194.0000,0.0000,7415000.0,11326000.0,2.000,33554432.0,0.000,0,0,33554432,2,0,0,0,2,1
2,after_use,f32,4194304,glibc_t2,P5,6,0,1,18942778.00,8194.0000,0.0000,9370000.0,9578000.0,2.000,33554432.0,0.000,0,0,33554432,2,0,0,0,2,1
2,after_use,f32,4194304,glibc_t2,FIXED_TWIN,6,1,1,18908877.00,8194.0000,0.0000,3496000.0,15419000.0,2.000,33554432.0,0.000,0,0,33554432,2,0,0,0,2,1
2,after_use,f32,4194304,glibc_t2,FIXED_TWIN,7,0,1,17762835.00,8194.0000,0.0000,10963000.0,6806000.0,2.000,33554432.0,0.000,0,0,33554432,2,0,0,0,2,1
2,after_use,f32,4194304,glibc_t2,P5,7,1,1,18286812.00,8194.0000,0.0000,1066000.0,17227000.0,2.000,33554432.0,0.000,0,0,33554432,2,0,0,0,2,1
2,after_use,f32,4194304,glibc_t2,P5,8,0,1,18791125.00,8194.0000,0.0000,9282000.0,9497000.0,2.000,33554432.0,0.000,0,0,33554432,2,0,0,0,2,1
2,after_use,f32,4194304,glibc_t2,FIXED_TWIN,8,1,1,17774970.00,8194.0000,0.0000,2968000.0,14811000.0,2.000,33554432.0,0.000,0,0,33554432,2,0,0,0,2,1
2,after_use,f32,4194304,glibc_t2,FIXED_TWIN,9,0,1,18104467.00,8194.0000,0.0000,7121000.0,10988000.0,2.000,33554432.0,0.000,0,0,33554432,2,0,0,0,2,1
2,after_use,f32,4194304,glibc_t2,P5,9,1,1,17907799.00,8194.0000,0.0000,3031000.0,14883000.0,2.000,33554432.0,0.000,0,0,33554432,2,0,0,0,2,1
2,after_use,f32,4194304,glibc_t2,P5,10,0,1,18232104.00,8194.0000,0.0000,0.0,18237000.0,2.000,33554432.0,0.000,0,0,33554432,2,0,0,0,2,1
2,after_use,f32,4194304,glibc_t2,FIXED_TWIN,10,1,1,18396572.00,8194.0000,0.0000,1117000.0,17285000.0,2.000,33554432.0,0.000,0,0,33554432,2,0,0,0,2,1
2,after_use,f32,4194304,glibc_t2,FIXED_TWIN,11,0,1,17968703.00,8194.0000,0.0000,4906000.0,13057000.0,2.000,33554432.0,0.000,0,0,33554432,2,0,0,0,2,1
2,after_use,f32,4194304,glibc_t2,P5,11,1,1,18538079.00,8194.0000,0.0000,11323000.0,7222000.0,2.000,33554432.0,0.000,0,0,33554432,2,0,0,0,2,1
2,after_use,f32,4194304,glibc_t2,P5,12,0,1,19030203.00,8194.0000,0.0000,5412000.0,13625000.0,2.000,33554432.0,0.000,0,0,33554432,2,0,0,0,2,1
2,after_use,f32,4194304,glibc_t2,FIXED_TWIN,12,1,1,17701462.00,8194.0000,0.0000,8793000.0,8913000.0,2.000,33554432.0,0.000,0,0,33554432,2,0,0,0,2,1
2,after_use,f32,4194304,glibc_t2,FIXED_TWIN,13,0,1,17706319.00,8194.0000,0.0000,4796000.0,12916000.0,2.000,33554432.0,0.000,0,0,33554432,2,0,0,0,2,1
2,after_use,f32,4194304,glibc_t2,P5,13,1,1,17524252.00,8194.0000,0.0000,8711000.0,8819000.0,2.000,33554432.0,0.000,0,0,33554432,2,0,0,0,2,1
2,after_use,f32,4194304,glibc_t2,P5,14,0,1,17523777.00,8194.0000,0.0000,4711000.0,12817000.0,2.000,33554432.0,0.000,0,0,33554432,2,0,0,0,2,1
2,after_use,f32,4194304,glibc_t2,FIXED_TWIN,14,1,1,18447465.00,8194.0000,0.0000,7281000.0,11172000.0,2.000,33554432.0,0.000,0,0,33554432,2,0,0,0,2,1
2,after_use,f32,16777216,glibc_t2,P5,0,0,1,79565490.00,32770.0000,0.0000,17662000.0,61909000.0,2.000,134217728.0,0.000,0,0,134217728,2,0,0,0,2,1
2,after_use,f32,16777216,glibc_t2,FIXED_TWIN,0,1,1,76189901.00,32770.0000,0.0000,28092000.0,48105000.0,2.000,134217728.0,0.000,0,0,134217728,2,0,0,0,2,1
2,after_use,f32,16777216,glibc_t2,FIXED_TWIN,1,0,1,77072101.00,32770.0000,0.0000,20403000.0,56569000.0,2.000,134217728.0,0.000,0,0,134217728,2,0,0,0,2,1
2,after_use,f32,16777216,glibc_t2,P5,1,1,1,77547679.00,32770.0000,0.0000,34864000.0,42692000.0,2.000,134217728.0,0.000,0,0,134217728,2,0,0,0,2,1
2,after_use,f32,16777216,glibc_t2,P5,2,0,1,79421622.00,32770.0000,0.0000,23736000.0,55693000.0,2.000,134217728.0,0.000,0,0,134217728,2,0,0,0,2,1
2,after_use,f32,16777216,glibc_t2,FIXED_TWIN,2,1,1,76124344.00,32770.0000,0.0000,28061000.0,47999000.0,2.000,134217728.0,0.000,0,0,134217728,2,0,0,0,2,1
2,after_use,f32,16777216,glibc_t2,FIXED_TWIN,3,0,1,78432100.00,32770.0000,0.0000,21135000.0,57304000.0,2.000,134217728.0,0.000,0,0,134217728,2,0,0,0,2,1
2,after_use,f32,16777216,glibc_t2,P5,3,1,1,74163196.00,32770.0000,0.0000,23151000.0,51019000.0,2.000,134217728.0,0.000,0,0,134217728,2,0,0,0,2,1
2,after_use,f32,16777216,glibc_t2,P5,4,0,1,73390633.00,32770.0000,0.0000,26791000.0,46606000.0,2.000,134217728.0,0.000,0,0,134217728,2,0,0,0,2,1
2,after_use,f32,16777216,glibc_t2,FIXED_TWIN,4,1,1,77390411.00,32770.0000,0.0000,20650000.0,56746000.0,2.000,134217728.0,0.000,0,0,134217728,2,0,0,0,2,1
2,after_use,f32,16777216,glibc_t2,FIXED_TWIN,5,0,1,78952108.00,32770.0000,0.0000,11519000.0,67440000.0,2.000,134217728.0,0.000,0,0,134217728,2,0,0,0,2,1
2,after_use,f32,16777216,glibc_t2,P5,5,1,1,77621286.00,32770.0000,0.0000,18900000.0,58728000.0,2.000,134217728.0,0.000,0,0,134217728,2,0,0,0,2,1
2,after_use,f32,16777216,glibc_t2,P5,6,0,1,75970761.00,32770.0000,0.0000,23990000.0,51950000.0,2.000,134217728.0,0.000,0,0,134217728,2,0,0,0,2,1
2,after_use,f32,16777216,glibc_t2,FIXED_TWIN,6,1,1,82414819.00,32770.0000,0.0000,27268000.0,55154000.0,2.000,134217728.0,0.000,0,0,134217728,2,0,0,0,2,1
2,after_use,f32,16777216,glibc_t2,FIXED_TWIN,7,0,1,75850995.00,32770.0000,0.0000,13794000.0,62063000.0,2.000,134217728.0,0.000,0,0,134217728,2,0,0,0,2,1
2,after_use,f32,16777216,glibc_t2,P5,7,1,1,74485365.00,32770.0000,0.0000,35300000.0,39193000.0,2.000,134217728.0,0.000,0,0,134217728,2,0,0,0,2,1
2,after_use,f32,16777216,glibc_t2,P5,8,0,1,75769459.00,32770.0000,0.0000,31852000.0,43880000.0,2.000,134217728.0,0.000,0,0,134217728,2,0,0,0,2,1
2,after_use,f32,16777216,glibc_t2,FIXED_TWIN,8,1,1,75500795.00,32770.0000,0.0000,19773000.0,55735000.0,2.000,134217728.0,0.000,0,0,134217728,2,0,0,0,2,1
2,after_use,f32,16777216,glibc_t2,FIXED_TWIN,9,0,1,75122818.00,32770.0000,0.0000,27596000.0,47532000.0,2.000,134217728.0,0.000,0,0,134217728,2,0,0,0,2,1
2,after_use,f32,16777216,glibc_t2,P5,9,1,1,80401473.00,32770.0000,0.0000,38329000.0,42078000.0,2.000,134217728.0,0.000,0,0,134217728,2,0,0,0,2,1
2,after_use,f32,16777216,glibc_t2,P5,10,0,1,75640322.00,32770.0000,0.0000,23819000.0,51772000.0,2.000,134217728.0,0.000,0,0,134217728,2,0,0,0,2,1
2,after_use,f32,16777216,glibc_t2,FIXED_TWIN,10,1,1,80272584.00,32770.0000,0.0000,28073000.0,52131000.0,2.000,134217728.0,0.000,0,0,134217728,2,0,0,0,2,1
2,after_use,f32,16777216,glibc_t2,FIXED_TWIN,11,0,1,86480603.00,32770.0000,0.0000,35300000.0,51075000.0,2.000,134217728.0,0.000,0,0,134217728,2,0,0,0,2,1
2,after_use,f32,16777216,glibc_t2,P5,11,1,1,89953722.00,32770.0000,0.0000,20901000.0,69046000.0,2.000,134217728.0,0.000,0,0,134217728,2,0,0,0,2,1
2,after_use,f32,16777216,glibc_t2,P5,12,0,1,81272420.00,32770.0000,0.0000,18737000.0,62543000.0,2.000,134217728.0,0.000,0,0,134217728,2,0,0,0,2,1
2,after_use,f32,16777216,glibc_t2,FIXED_TWIN,12,1,1,80660073.00,32770.0000,0.0000,20312000.0,60355000.0,2.000,134217728.0,0.000,0,0,134217728,2,0,0,0,2,1
2,after_use,f32,16777216,glibc_t2,FIXED_TWIN,13,0,1,88594946.00,32770.0000,0.0000,28281000.0,60320000.0,2.000,134217728.0,0.000,0,0,134217728,2,0,0,0,2,1
2,after_use,f32,16777216,glibc_t2,P5,13,1,1,82468661.00,32770.0000,0.0000,27292000.0,55172000.0,2.000,134217728.0,0.000,0,0,134217728,2,0,0,0,2,1
2,after_use,f32,16777216,glibc_t2,P5,14,0,1,109743145.00,32770.0000,0.0000,46116000.0,63635000.0,2.000,134217728.0,0.000,0,0,134217728,2,0,0,0,2,1
2,after_use,f32,16777216,glibc_t2,FIXED_TWIN,14,1,1,84118452.00,32770.0000,0.0000,28057000.0,56068000.0,2.000,134217728.0,0.000,0,0,134217728,2,0,0,0,2,1
2,chain3,f32,64,glibc_t2,P5,0,0,1000,1619.84,0.0000,0.0000,755.0,868.0,3.000,768.0,0.000,0,0,256512,3,0,0,0,1,1
2,chain3,f32,64,glibc_t2,P6,0,1,1000,1554.22,0.0000,0.0000,1560.0,0.0,1.000,256.0,0.000,0,0,256000,1,2,0,0,1,1
2,chain3,f32,64,glibc_t2,P7,0,2,1000,1612.22,0.0000,0.0000,1617.0,0.0,1.000,256.0,0.000,0,0,256000,1,1,1,0,1,1
2,chain3,f32,64,glibc_t2,FIXED_TWIN,0,3,1000,1455.81,0.0000,0.0000,1457.0,0.0,1.000,256.0,0.000,0,0,256000,1,1,1,0,1,1
2,chain3,f32,64,glibc_t2,P6,1,0,1000,1731.30,0.0000,0.0000,1735.0,0.0,1.000,256.0,0.000,0,0,256000,1,2,0,0,1,1
2,chain3,f32,64,glibc_t2,P7,1,1,1000,1512.03,0.0000,0.0000,1513.0,0.0,1.000,256.0,0.000,0,0,256000,1,1,1,0,1,1
2,chain3,f32,64,glibc_t2,FIXED_TWIN,1,2,1000,1583.26,0.0000,0.0000,1584.0,0.0,1.000,256.0,0.000,0,0,256000,1,1,1,0,1,1
2,chain3,f32,64,glibc_t2,P5,1,3,1000,1555.39,0.0000,0.0000,1557.0,0.0,3.000,768.0,0.000,0,0,256512,3,0,0,0,1,1
2,chain3,f32,64,glibc_t2,P7,2,0,1000,1529.08,0.0000,0.0000,1530.0,0.0,1.000,256.0,0.000,0,0,256000,1,1,1,0,1,1
2,chain3,f32,64,glibc_t2,FIXED_TWIN,2,1,1000,1442.26,0.0000,0.0000,1444.0,0.0,1.000,256.0,0.000,0,0,256000,1,1,1,0,1,1
2,chain3,f32,64,glibc_t2,P5,2,2,1000,1536.58,0.0000,0.0000,1486.0,51.0,3.000,768.0,0.000,0,0,256512,3,0,0,0,1,1
2,chain3,f32,64,glibc_t2,P6,2,3,1000,1570.84,0.0000,0.0000,1573.0,0.0,1.000,256.0,0.000,0,0,256000,1,2,0,0,1,1
2,chain3,f32,64,glibc_t2,FIXED_TWIN,3,0,1000,1523.67,0.0000,0.0000,1525.0,0.0,1.000,256.0,0.000,0,0,256000,1,1,1,0,1,1
2,chain3,f32,64,glibc_t2,P5,3,1,1000,1534.16,0.0000,0.0000,1537.0,0.0,3.000,768.0,0.000,0,0,256512,3,0,0,0,1,1
2,chain3,f32,64,glibc_t2,P6,3,2,1000,1519.88,0.0000,0.0000,1521.0,0.0,1.000,256.0,0.000,0,0,256000,1,2,0,0,1,1
2,chain3,f32,64,glibc_t2,P7,3,3,1000,1562.78,0.0000,0.0000,1566.0,0.0,1.000,256.0,0.000,0,0,256000,1,1,1,0,1,1
2,chain3,f32,64,glibc_t2,P5,4,0,1000,1586.27,0.0000,0.0000,1589.0,0.0,3.000,768.0,0.000,0,0,256512,3,0,0,0,1,1
2,chain3,f32,64,glibc_t2,P6,4,1,1000,1496.77,0.0000,0.0000,1498.0,0.0,1.000,256.0,0.000,0,0,256000,1,2,0,0,1,1
2,chain3,f32,64,glibc_t2,P7,4,2,1000,1817.95,0.0000,0.0000,1823.0,0.0,1.000,256.0,0.000,0,0,256000,1,1,1,0,1,1
2,chain3,f32,64,glibc_t2,FIXED_TWIN,4,3,1000,1506.97,0.0000,0.0000,1509.0,0.0,1.000,256.0,0.000,0,0,256000,1,1,1,0,1,1
2,chain3,f32,64,glibc_t2,P6,5,0,1000,1660.13,0.0000,0.0000,1493.0,171.0,1.000,256.0,0.000,0,0,256000,1,2,0,0,1,1
2,chain3,f32,64,glibc_t2,P7,5,1,1000,1564.22,0.0000,0.0000,1566.0,0.0,1.000,256.0,0.000,0,0,256000,1,1,1,0,1,1
2,chain3,f32,64,glibc_t2,FIXED_TWIN,5,2,1000,1474.01,0.0000,0.0000,1475.0,0.0,1.000,256.0,0.000,0,0,256000,1,1,1,0,1,1
2,chain3,f32,64,glibc_t2,P5,5,3,1000,1923.71,0.0000,0.0000,1929.0,0.0,3.000,768.0,0.000,0,0,256512,3,0,0,0,1,1
2,chain3,f32,64,glibc_t2,P7,6,0,1000,1544.84,0.0000,0.0000,1547.0,0.0,1.000,256.0,0.000,0,0,256000,1,1,1,0,1,1
2,chain3,f32,64,glibc_t2,FIXED_TWIN,6,1,1000,1494.82,0.0000,0.0000,1498.0,0.0,1.000,256.0,0.000,0,0,256000,1,1,1,0,1,1
2,chain3,f32,64,glibc_t2,P5,6,2,1000,1548.03,0.0000,0.0000,1550.0,0.0,3.000,768.0,0.000,0,0,256512,3,0,0,0,1,1
2,chain3,f32,64,glibc_t2,P6,6,3,1000,1763.56,0.0000,0.0000,1767.0,0.0,1.000,256.0,0.000,0,0,256000,1,2,0,0,1,1
2,chain3,f32,64,glibc_t2,FIXED_TWIN,7,0,1000,1514.16,0.0000,0.0000,1515.0,0.0,1.000,256.0,0.000,0,0,256000,1,1,1,0,1,1
2,chain3,f32,64,glibc_t2,P5,7,1,1000,1561.90,0.0000,0.0000,1565.0,0.0,3.000,768.0,0.000,0,0,256512,3,0,0,0,1,1
2,chain3,f32,64,glibc_t2,P6,7,2,1000,1578.73,0.0000,0.0000,1580.0,0.0,1.000,256.0,0.000,0,0,256000,1,2,0,0,1,1
2,chain3,f32,64,glibc_t2,P7,7,3,1000,1630.25,0.0000,0.0000,1634.0,0.0,1.000,256.0,0.000,0,0,256000,1,1,1,0,1,1
2,chain3,f32,64,glibc_t2,P5,8,0,1000,1552.05,0.0000,0.0000,1554.0,0.0,3.000,768.0,0.000,0,0,256512,3,0,0,0,1,1
2,chain3,f32,64,glibc_t2,P6,8,1,1000,1553.16,0.0000,0.0000,1554.0,0.0,1.000,256.0,0.000,0,0,256000,1,2,0,0,1,1
2,chain3,f32,64,glibc_t2,P7,8,2,1000,1463.42,0.0000,0.0000,1466.0,0.0,1.000,256.0,0.000,0,0,256000,1,1,1,0,1,1
2,chain3,f32,64,glibc_t2,FIXED_TWIN,8,3,1000,1470.30,0.0000,0.0000,1471.0,0.0,1.000,256.0,0.000,0,0,256000,1,1,1,0,1,1
2,chain3,f32,64,glibc_t2,P6,9,0,1000,1487.81,0.0000,0.0000,1489.0,0.0,1.000,256.0,0.000,0,0,256000,1,2,0,0,1,1
2,chain3,f32,64,glibc_t2,P7,9,1,1000,1477.00,0.0000,0.0000,1480.0,0.0,1.000,256.0,0.000,0,0,256000,1,1,1,0,1,1
2,chain3,f32,64,glibc_t2,FIXED_TWIN,9,2,1000,1709.24,0.0000,0.0000,1712.0,0.0,1.000,256.0,0.000,0,0,256000,1,1,1,0,1,1
2,chain3,f32,64,glibc_t2,P5,9,3,1000,1547.31,0.0000,0.0000,1548.0,0.0,3.000,768.0,0.000,0,0,256512,3,0,0,0,1,1
2,chain3,f32,64,glibc_t2,P7,10,0,1000,1490.88,0.0000,0.0000,1491.0,0.0,1.000,256.0,0.000,0,0,256000,1,1,1,0,1,1
2,chain3,f32,64,glibc_t2,FIXED_TWIN,10,1,1000,1485.68,0.0000,0.0000,1486.0,0.0,1.000,256.0,0.000,0,0,256000,1,1,1,0,1,1
2,chain3,f32,64,glibc_t2,P5,10,2,1000,1525.42,0.0000,0.0000,1526.0,0.0,3.000,768.0,0.000,0,0,256512,3,0,0,0,1,1
2,chain3,f32,64,glibc_t2,P6,10,3,1000,1496.39,0.0000,0.0000,1498.0,0.0,1.000,256.0,0.000,0,0,256000,1,2,0,0,1,1
2,chain3,f32,64,glibc_t2,FIXED_TWIN,11,0,1000,1781.61,0.0000,0.0000,1784.0,0.0,1.000,256.0,0.000,0,0,256000,1,1,1,0,1,1
2,chain3,f32,64,glibc_t2,P5,11,1,1000,1844.38,0.0000,0.0000,1849.0,0.0,3.000,768.0,0.000,0,0,256512,3,0,0,0,1,1
2,chain3,f32,64,glibc_t2,P6,11,2,1000,1993.25,0.0000,0.0000,1997.0,0.0,1.000,256.0,0.000,0,0,256000,1,2,0,0,1,1
2,chain3,f32,64,glibc_t2,P7,11,3,1000,1603.12,0.0000,0.0000,1606.0,0.0,1.000,256.0,0.000,0,0,256000,1,1,1,0,1,1
2,chain3,f32,64,glibc_t2,P5,12,0,1000,1513.89,0.0000,0.0000,1516.0,0.0,3.000,768.0,0.000,0,0,256512,3,0,0,0,1,1
2,chain3,f32,64,glibc_t2,P6,12,1,1000,1942.19,0.0000,0.0000,1944.0,0.0,1.000,256.0,0.000,0,0,256000,1,2,0,0,1,1
2,chain3,f32,64,glibc_t2,P7,12,2,1000,1594.04,0.0000,0.0000,1595.0,0.0,1.000,256.0,0.000,0,0,256000,1,1,1,0,1,1
2,chain3,f32,64,glibc_t2,FIXED_TWIN,12,3,1000,1574.57,0.0000,0.0000,1577.0,0.0,1.000,256.0,0.000,0,0,256000,1,1,1,0,1,1
2,chain3,f32,64,glibc_t2,P6,13,0,1000,1568.55,0.0000,0.0000,1574.0,0.0,1.000,256.0,0.000,0,0,256000,1,2,0,0,1,1
2,chain3,f32,64,glibc_t2,P7,13,1,1000,1497.39,0.0000,0.0000,1499.0,0.0,1.000,256.0,0.000,0,0,256000,1,1,1,0,1,1
2,chain3,f32,64,glibc_t2,FIXED_TWIN,13,2,1000,1502.42,0.0000,0.0000,1503.0,0.0,1.000,256.0,0.000,0,0,256000,1,1,1,0,1,1
2,chain3,f32,64,glibc_t2,P5,13,3,1000,1555.54,0.0000,0.0000,1557.0,0.0,3.000,768.0,0.000,0,0,256512,3,0,0,0,1,1
2,chain3,f32,64,glibc_t2,P7,14,0,1000,1463.24,0.0000,0.0000,1464.0,0.0,1.000,256.0,0.000,0,0,256000,1,1,1,0,1,1
2,chain3,f32,64,glibc_t2,FIXED_TWIN,14,1,1000,1549.34,0.0000,0.0000,1551.0,0.0,1.000,256.0,0.000,0,0,256000,1,1,1,0,1,1
2,chain3,f32,64,glibc_t2,P5,14,2,1000,1614.50,0.0000,0.0000,1618.0,0.0,3.000,768.0,0.000,0,0,256512,3,0,0,0,1,1
2,chain3,f32,64,glibc_t2,P6,14,3,1000,1649.50,0.0000,0.0000,1655.0,0.0,1.000,256.0,0.000,0,0,256000,1,2,0,0,1,1
2,chain3,f32,1024,glibc_t2,P5,0,0,1000,2010.09,0.0000,0.0000,2015.0,0.0,3.000,12288.0,0.000,0,0,4104192,3,0,0,0,1,1
2,chain3,f32,1024,glibc_t2,P6,0,1,1000,1972.56,0.0000,0.0000,1972.0,6.0,1.000,4096.0,0.000,0,0,4096000,1,2,0,0,1,1
2,chain3,f32,1024,glibc_t2,P7,0,2,1000,1759.95,0.0000,0.0000,1763.0,0.0,1.000,4096.0,0.000,0,0,4096000,1,1,1,0,1,1
2,chain3,f32,1024,glibc_t2,FIXED_TWIN,0,3,1000,1745.94,0.0000,0.0000,1748.0,0.0,1.000,4096.0,0.000,0,0,4096000,1,1,1,0,1,1
2,chain3,f32,1024,glibc_t2,P6,1,0,1000,1912.01,0.0000,0.0000,1915.0,0.0,1.000,4096.0,0.000,0,0,4096000,1,2,0,0,1,1
2,chain3,f32,1024,glibc_t2,P7,1,1,1000,1756.48,0.0000,0.0000,1760.0,0.0,1.000,4096.0,0.000,0,0,4096000,1,1,1,0,1,1
2,chain3,f32,1024,glibc_t2,FIXED_TWIN,1,2,1000,1730.26,0.0000,0.0000,1732.0,0.0,1.000,4096.0,0.000,0,0,4096000,1,1,1,0,1,1
2,chain3,f32,1024,glibc_t2,P5,1,3,1000,1954.84,0.0000,0.0000,1957.0,0.0,3.000,12288.0,0.000,0,0,4104192,3,0,0,0,1,1
2,chain3,f32,1024,glibc_t2,P7,2,0,1000,1762.93,0.0000,0.0000,1765.0,0.0,1.000,4096.0,0.000,0,0,4096000,1,1,1,0,1,1
2,chain3,f32,1024,glibc_t2,FIXED_TWIN,2,1,1000,2087.17,0.0000,0.0000,2092.0,0.0,1.000,4096.0,0.000,0,0,4096000,1,1,1,0,1,1
2,chain3,f32,1024,glibc_t2,P5,2,2,1000,2070.94,0.0000,0.0000,2074.0,0.0,3.000,12288.0,0.000,0,0,4104192,3,0,0,0,1,1
2,chain3,f32,1024,glibc_t2,P6,2,3,1000,1936.51,0.0000,0.0000,1939.0,0.0,1.000,4096.0,0.000,0,0,4096000,1,2,0,0,1,1
2,chain3,f32,1024,glibc_t2,FIXED_TWIN,3,0,1000,1742.76,0.0000,0.0000,1746.0,0.0,1.000,4096.0,0.000,0,0,4096000,1,1,1,0,1,1
2,chain3,f32,1024,glibc_t2,P5,3,1,1000,1976.11,0.0000,0.0000,1979.0,0.0,3.000,12288.0,0.000,0,0,4104192,3,0,0,0,1,1
2,chain3,f32,1024,glibc_t2,P6,3,2,1000,1946.40,0.0000,0.0000,1950.0,0.0,1.000,4096.0,0.000,0,0,4096000,1,2,0,0,1,1
2,chain3,f32,1024,glibc_t2,P7,3,3,1000,1743.70,0.0000,0.0000,1746.0,0.0,1.000,4096.0,0.000,0,0,4096000,1,1,1,0,1,1
2,chain3,f32,1024,glibc_t2,P5,4,0,1000,2013.14,0.0000,0.0000,2016.0,0.0,3.000,12288.0,0.000,0,0,4104192,3,0,0,0,1,1
2,chain3,f32,1024,glibc_t2,P6,4,1,1000,1990.57,0.0000,0.0000,1994.0,0.0,1.000,4096.0,0.000,0,0,4096000,1,2,0,0,1,1
2,chain3,f32,1024,glibc_t2,P7,4,2,1000,1747.36,0.0000,0.0000,1751.0,0.0,1.000,4096.0,0.000,0,0,4096000,1,1,1,0,1,1
2,chain3,f32,1024,glibc_t2,FIXED_TWIN,4,3,1000,1809.05,0.0000,0.0000,1812.0,0.0,1.000,4096.0,0.000,0,0,4096000,1,1,1,0,1,1
2,chain3,f32,1024,glibc_t2,P6,5,0,1000,1899.61,0.0000,0.0000,1903.0,0.0,1.000,4096.0,0.000,0,0,4096000,1,2,0,0,1,1
2,chain3,f32,1024,glibc_t2,P7,5,1,1000,1893.65,0.0000,0.0000,1897.0,0.0,1.000,4096.0,0.000,0,0,4096000,1,1,1,0,1,1
2,chain3,f32,1024,glibc_t2,FIXED_TWIN,5,2,1000,2002.77,0.0000,0.0000,2008.0,0.0,1.000,4096.0,0.000,0,0,4096000,1,1,1,0,1,1
2,chain3,f32,1024,glibc_t2,P5,5,3,1000,2075.16,0.0000,0.0000,2081.0,0.0,3.000,12288.0,0.000,0,0,4104192,3,0,0,0,1,1
2,chain3,f32,1024,glibc_t2,P7,6,0,1000,1882.47,0.0000,0.0000,1887.0,0.0,1.000,4096.0,0.000,0,0,4096000,1,1,1,0,1,1
2,chain3,f32,1024,glibc_t2,FIXED_TWIN,6,1,1000,1854.79,0.0000,0.0000,1859.0,0.0,1.000,4096.0,0.000,0,0,4096000,1,1,1,0,1,1
2,chain3,f32,1024,glibc_t2,P5,6,2,1000,2019.36,0.0000,0.0000,2023.0,0.0,3.000,12288.0,0.000,0,0,4104192,3,0,0,0,1,1
2,chain3,f32,1024,glibc_t2,P6,6,3,1000,2042.71,0.0000,0.0000,2046.0,0.0,1.000,4096.0,0.000,0,0,4096000,1,2,0,0,1,1
2,chain3,f32,1024,glibc_t2,FIXED_TWIN,7,0,1000,2131.03,0.0000,0.0000,2136.0,0.0,1.000,4096.0,0.000,0,0,4096000,1,1,1,0,1,1
2,chain3,f32,1024,glibc_t2,P5,7,1,1000,2294.09,0.0000,0.0000,2298.0,0.0,3.000,12288.0,0.000,0,0,4104192,3,0,0,0,1,1
2,chain3,f32,1024,glibc_t2,P6,7,2,1000,2004.77,0.0000,0.0000,2008.0,0.0,1.000,4096.0,0.000,0,0,4096000,1,2,0,0,1,1
2,chain3,f32,1024,glibc_t2,P7,7,3,1000,2054.97,0.0000,0.0000,2058.0,0.0,1.000,4096.0,0.000,0,0,4096000,1,1,1,0,1,1
2,chain3,f32,1024,glibc_t2,P5,8,0,1000,2639.22,0.0000,0.0000,2645.0,0.0,3.000,12288.0,0.000,0,0,4104192,3,0,0,0,1,1
2,chain3,f32,1024,glibc_t2,P6,8,1,1000,2131.26,0.0000,0.0000,2137.0,0.0,1.000,4096.0,0.000,0,0,4096000,1,2,0,0,1,1
2,chain3,f32,1024,glibc_t2,P7,8,2,1000,1735.22,0.0000,0.0000,1739.0,0.0,1.000,4096.0,0.000,0,0,4096000,1,1,1,0,1,1
2,chain3,f32,1024,glibc_t2,FIXED_TWIN,8,3,1000,1836.22,0.0000,0.0000,1839.0,0.0,1.000,4096.0,0.000,0,0,4096000,1,1,1,0,1,1
2,chain3,f32,1024,glibc_t2,P6,9,0,1000,1925.20,0.0000,0.0000,1927.0,0.0,1.000,4096.0,0.000,0,0,4096000,1,2,0,0,1,1
2,chain3,f32,1024,glibc_t2,P7,9,1,1000,1781.00,0.0000,0.0000,1783.0,0.0,1.000,4096.0,0.000,0,0,4096000,1,1,1,0,1,1
2,chain3,f32,1024,glibc_t2,FIXED_TWIN,9,2,1000,1793.60,0.0000,0.0000,1797.0,0.0,1.000,4096.0,0.000,0,0,4096000,1,1,1,0,1,1
2,chain3,f32,1024,glibc_t2,P5,9,3,1000,2108.22,0.0000,0.0000,2112.0,0.0,3.000,12288.0,0.000,0,0,4104192,3,0,0,0,1,1
2,chain3,f32,1024,glibc_t2,P7,10,0,1000,1956.53,0.0000,0.0000,1961.0,0.0,1.000,4096.0,0.000,0,0,4096000,1,1,1,0,1,1
2,chain3,f32,1024,glibc_t2,FIXED_TWIN,10,1,1000,1775.26,0.0000,0.0000,1779.0,0.0,1.000,4096.0,0.000,0,0,4096000,1,1,1,0,1,1
2,chain3,f32,1024,glibc_t2,P5,10,2,1000,2068.77,0.0000,0.0000,970.0,1101.0,3.000,12288.0,0.000,0,0,4104192,3,0,0,0,1,1
2,chain3,f32,1024,glibc_t2,P6,10,3,1000,2094.43,0.0000,0.0000,2099.0,0.0,1.000,4096.0,0.000,0,0,4096000,1,2,0,0,1,1
2,chain3,f32,1024,glibc_t2,FIXED_TWIN,11,0,1000,1925.43,0.0000,0.0000,1562.0,369.0,1.000,4096.0,0.000,0,0,4096000,1,1,1,0,1,1
2,chain3,f32,1024,glibc_t2,P5,11,1,1000,2071.67,0.0000,0.0000,2077.0,0.0,3.000,12288.0,0.000,0,0,4104192,3,0,0,0,1,1
2,chain3,f32,1024,glibc_t2,P6,11,2,1000,2057.07,0.0000,0.0000,2062.0,0.0,1.000,4096.0,0.000,0,0,4096000,1,2,0,0,1,1
2,chain3,f32,1024,glibc_t2,P7,11,3,1000,1943.43,0.0000,0.0000,1948.0,0.0,1.000,4096.0,0.000,0,0,4096000,1,1,1,0,1,1
2,chain3,f32,1024,glibc_t2,P5,12,0,1000,1985.59,0.0000,0.0000,1989.0,0.0,3.000,12288.0,0.000,0,0,4104192,3,0,0,0,1,1
2,chain3,f32,1024,glibc_t2,P6,12,1,1000,1957.98,0.0000,0.0000,1961.0,0.0,1.000,4096.0,0.000,0,0,4096000,1,2,0,0,1,1
2,chain3,f32,1024,glibc_t2,P7,12,2,1000,1941.05,0.0000,0.0000,1944.0,0.0,1.000,4096.0,0.000,0,0,4096000,1,1,1,0,1,1
2,chain3,f32,1024,glibc_t2,FIXED_TWIN,12,3,1000,2050.47,0.0000,0.0000,2055.0,0.0,1.000,4096.0,0.000,0,0,4096000,1,1,1,0,1,1
2,chain3,f32,1024,glibc_t2,P6,13,0,1000,1963.91,0.0000,0.0000,1967.0,0.0,1.000,4096.0,0.000,0,0,4096000,1,2,0,0,1,1
2,chain3,f32,1024,glibc_t2,P7,13,1,1000,1856.07,0.0000,0.0000,1860.0,0.0,1.000,4096.0,0.000,0,0,4096000,1,1,1,0,1,1
2,chain3,f32,1024,glibc_t2,FIXED_TWIN,13,2,1000,1841.55,0.0000,0.0000,1846.0,0.0,1.000,4096.0,0.000,0,0,4096000,1,1,1,0,1,1
2,chain3,f32,1024,glibc_t2,P5,13,3,1000,1971.07,0.0000,0.0000,1975.0,0.0,3.000,12288.0,0.000,0,0,4104192,3,0,0,0,1,1
2,chain3,f32,1024,glibc_t2,P7,14,0,1000,1914.54,0.0000,0.0000,1918.0,0.0,1.000,4096.0,0.000,0,0,4096000,1,1,1,0,1,1
2,chain3,f32,1024,glibc_t2,FIXED_TWIN,14,1,1000,1923.18,0.0000,0.0000,1929.0,0.0,1.000,4096.0,0.000,0,0,4096000,1,1,1,0,1,1
2,chain3,f32,1024,glibc_t2,P5,14,2,1000,2012.39,0.0000,0.0000,2016.0,0.0,3.000,12288.0,0.000,0,0,4104192,3,0,0,0,1,1
2,chain3,f32,1024,glibc_t2,P6,14,3,1000,2268.96,0.0000,0.0000,2274.0,0.0,1.000,4096.0,0.000,0,0,4096000,1,2,0,0,1,1
2,chain3,f32,4096,glibc_t2,P5,0,0,1,2288.00,0.0000,0.0000,5000.0,0.0,3.000,49152.0,0.000,0,0,49152,3,0,0,0,1,1
2,chain3,f32,4096,glibc_t2,P6,0,1,1,1930.00,0.0000,0.0000,2000.0,0.0,1.000,16384.0,0.000,0,0,16384,1,2,0,0,1,1
2,chain3,f32,4096,glibc_t2,P7,0,2,1,2625.00,0.0000,0.0000,3000.0,0.0,1.000,16384.0,0.000,0,0,16384,1,1,1,0,1,1
2,chain3,f32,4096,glibc_t2,FIXED_TWIN,0,3,1,1767.00,0.0000,0.0000,2000.0,0.0,1.000,16384.0,0.000,0,0,16384,1,1,1,0,1,1
2,chain3,f32,4096,glibc_t2,P6,1,0,1,1925.00,0.0000,0.0000,3000.0,0.0,1.000,16384.0,0.000,0,0,16384,1,2,0,0,1,1
2,chain3,f32,4096,glibc_t2,P7,1,1,1,1791.00,0.0000,0.0000,3000.0,0.0,1.000,16384.0,0.000,0,0,16384,1,1,1,0,1,1
2,chain3,f32,4096,glibc_t2,FIXED_TWIN,1,2,1,1759.00,0.0000,0.0000,3000.0,0.0,1.000,16384.0,0.000,0,0,16384,1,1,1,0,1,1
2,chain3,f32,4096,glibc_t2,P5,1,3,1,2206.00,0.0000,0.0000,2000.0,0.0,3.000,49152.0,0.000,0,0,49152,3,0,0,0,1,1
2,chain3,f32,4096,glibc_t2,P7,2,0,1,1753.00,0.0000,0.0000,2000.0,0.0,1.000,16384.0,0.000,0,0,16384,1,1,1,0,1,1
2,chain3,f32,4096,glibc_t2,FIXED_TWIN,2,1,1,1746.00,0.0000,0.0000,3000.0,0.0,1.000,16384.0,0.000,0,0,16384,1,1,1,0,1,1
2,chain3,f32,4096,glibc_t2,P5,2,2,1,2212.00,0.0000,0.0000,3000.0,0.0,3.000,49152.0,0.000,0,0,49152,3,0,0,0,1,1
2,chain3,f32,4096,glibc_t2,P6,2,3,1,1894.00,0.0000,0.0000,3000.0,0.0,1.000,16384.0,0.000,0,0,16384,1,2,0,0,1,1
2,chain3,f32,4096,glibc_t2,FIXED_TWIN,3,0,1,1775.00,0.0000,0.0000,3000.0,0.0,1.000,16384.0,0.000,0,0,16384,1,1,1,0,1,1
2,chain3,f32,4096,glibc_t2,P5,3,1,1,2246.00,0.0000,0.0000,2000.0,0.0,3.000,49152.0,0.000,0,0,49152,3,0,0,0,1,1
2,chain3,f32,4096,glibc_t2,P6,3,2,1,1903.00,0.0000,0.0000,3000.0,0.0,1.000,16384.0,0.000,0,0,16384,1,2,0,0,1,1
2,chain3,f32,4096,glibc_t2,P7,3,3,1,1772.00,0.0000,0.0000,2000.0,0.0,1.000,16384.0,0.000,0,0,16384,1,1,1,0,1,1
2,chain3,f32,4096,glibc_t2,P5,4,0,1,2211.00,0.0000,0.0000,3000.0,0.0,3.000,49152.0,0.000,0,0,49152,3,0,0,0,1,1
2,chain3,f32,4096,glibc_t2,P6,4,1,1,1901.00,0.0000,0.0000,2000.0,0.0,1.000,16384.0,0.000,0,0,16384,1,2,0,0,1,1
2,chain3,f32,4096,glibc_t2,P7,4,2,1,1773.00,0.0000,0.0000,2000.0,0.0,1.000,16384.0,0.000,0,0,16384,1,1,1,0,1,1
2,chain3,f32,4096,glibc_t2,FIXED_TWIN,4,3,1,1781.00,0.0000,0.0000,2000.0,0.0,1.000,16384.0,0.000,0,0,16384,1,1,1,0,1,1
2,chain3,f32,4096,glibc_t2,P6,5,0,1,1903.00,0.0000,0.0000,2000.0,0.0,1.000,16384.0,0.000,0,0,16384,1,2,0,0,1,1
2,chain3,f32,4096,glibc_t2,P7,5,1,1,1775.00,0.0000,0.0000,2000.0,0.0,1.000,16384.0,0.000,0,0,16384,1,1,1,0,1,1
2,chain3,f32,4096,glibc_t2,FIXED_TWIN,5,2,1,1744.00,0.0000,0.0000,2000.0,0.0,1.000,16384.0,0.000,0,0,16384,1,1,1,0,1,1
2,chain3,f32,4096,glibc_t2,P5,5,3,1,2213.00,0.0000,0.0000,2000.0,0.0,3.000,49152.0,0.000,0,0,49152,3,0,0,0,1,1
2,chain3,f32,4096,glibc_t2,P7,6,0,1,1759.00,0.0000,0.0000,2000.0,0.0,1.000,16384.0,0.000,0,0,16384,1,1,1,0,1,1
2,chain3,f32,4096,glibc_t2,FIXED_TWIN,6,1,1,1763.00,0.0000,0.0000,2000.0,0.0,1.000,16384.0,0.000,0,0,16384,1,1,1,0,1,1
2,chain3,f32,4096,glibc_t2,P5,6,2,1,2237.00,0.0000,0.0000,3000.0,0.0,3.000,49152.0,0.000,0,0,49152,3,0,0,0,1,1
2,chain3,f32,4096,glibc_t2,P6,6,3,1,1899.00,0.0000,0.0000,2000.0,0.0,1.000,16384.0,0.000,0,0,16384,1,2,0,0,1,1
2,chain3,f32,4096,glibc_t2,FIXED_TWIN,7,0,1,1758.00,0.0000,0.0000,2000.0,0.0,1.000,16384.0,0.000,0,0,16384,1,1,1,0,1,1
2,chain3,f32,4096,glibc_t2,P5,7,1,1,2180.00,0.0000,0.0000,3000.0,0.0,3.000,49152.0,0.000,0,0,49152,3,0,0,0,1,1
2,chain3,f32,4096,glibc_t2,P6,7,2,1,1900.00,0.0000,0.0000,3000.0,0.0,1.000,16384.0,0.000,0,0,16384,1,2,0,0,1,1
2,chain3,f32,4096,glibc_t2,P7,7,3,1,2255.00,0.0000,0.0000,3000.0,0.0,1.000,16384.0,0.000,0,0,16384,1,1,1,0,1,1
2,chain3,f32,4096,glibc_t2,P5,8,0,1,2253.00,0.0000,0.0000,3000.0,0.0,3.000,49152.0,0.000,0,0,49152,3,0,0,0,1,1
2,chain3,f32,4096,glibc_t2,P6,8,1,1,1862.00,0.0000,0.0000,2000.0,0.0,1.000,16384.0,0.000,0,0,16384,1,2,0,0,1,1
2,chain3,f32,4096,glibc_t2,P7,8,2,1,2594.00,0.0000,0.0000,3000.0,0.0,1.000,16384.0,0.000,0,0,16384,1,1,1,0,1,1
2,chain3,f32,4096,glibc_t2,FIXED_TWIN,8,3,1,1828.00,0.0000,0.0000,2000.0,0.0,1.000,16384.0,0.000,0,0,16384,1,1,1,0,1,1
2,chain3,f32,4096,glibc_t2,P6,9,0,1,1918.00,0.0000,0.0000,2000.0,0.0,1.000,16384.0,0.000,0,0,16384,1,2,0,0,1,1
2,chain3,f32,4096,glibc_t2,P7,9,1,1,1822.00,0.0000,0.0000,2000.0,0.0,1.000,16384.0,0.000,0,0,16384,1,1,1,0,1,1
2,chain3,f32,4096,glibc_t2,FIXED_TWIN,9,2,1,1748.00,0.0000,0.0000,2000.0,0.0,1.000,16384.0,0.000,0,0,16384,1,1,1,0,1,1
2,chain3,f32,4096,glibc_t2,P5,9,3,1,2320.00,0.0000,0.0000,3000.0,0.0,3.000,49152.0,0.000,0,0,49152,3,0,0,0,1,1
2,chain3,f32,4096,glibc_t2,P7,10,0,1,1732.00,0.0000,0.0000,3000.0,0.0,1.000,16384.0,0.000,0,0,16384,1,1,1,0,1,1
2,chain3,f32,4096,glibc_t2,FIXED_TWIN,10,1,1,1761.00,0.0000,0.0000,2000.0,0.0,1.000,16384.0,0.000,0,0,16384,1,1,1,0,1,1
2,chain3,f32,4096,glibc_t2,P5,10,2,1,2293.00,0.0000,0.0000,3000.0,0.0,3.000,49152.0,0.000,0,0,49152,3,0,0,0,1,1
2,chain3,f32,4096,glibc_t2,P6,10,3,1,1866.00,0.0000,0.0000,3000.0,0.0,1.000,16384.0,0.000,0,0,16384,1,2,0,0,1,1
2,chain3,f32,4096,glibc_t2,FIXED_TWIN,11,0,1,2255.00,0.0000,0.0000,3000.0,0.0,1.000,16384.0,0.000,0,0,16384,1,1,1,0,1,1
2,chain3,f32,4096,glibc_t2,P5,11,1,1,2281.00,0.0000,0.0000,3000.0,0.0,3.000,49152.0,0.000,0,0,49152,3,0,0,0,1,1
2,chain3,f32,4096,glibc_t2,P6,11,2,1,1919.00,0.0000,0.0000,3000.0,0.0,1.000,16384.0,0.000,0,0,16384,1,2,0,0,1,1
2,chain3,f32,4096,glibc_t2,P7,11,3,1,4513.00,0.0000,0.0000,5000.0,0.0,1.000,16384.0,0.000,0,0,16384,1,1,1,0,1,1
2,chain3,f32,4096,glibc_t2,P5,12,0,1,2194.00,0.0000,0.0000,2000.0,0.0,3.000,49152.0,0.000,0,0,49152,3,0,0,0,1,1
2,chain3,f32,4096,glibc_t2,P6,12,1,1,1861.00,0.0000,0.0000,3000.0,0.0,1.000,16384.0,0.000,0,0,16384,1,2,0,0,1,1
2,chain3,f32,4096,glibc_t2,P7,12,2,1,1798.00,0.0000,0.0000,3000.0,0.0,1.000,16384.0,0.000,0,0,16384,1,1,1,0,1,1
2,chain3,f32,4096,glibc_t2,FIXED_TWIN,12,3,1,1798.00,0.0000,0.0000,2000.0,0.0,1.000,16384.0,0.000,0,0,16384,1,1,1,0,1,1
2,chain3,f32,4096,glibc_t2,P6,13,0,1,1875.00,0.0000,0.0000,2000.0,0.0,1.000,16384.0,0.000,0,0,16384,1,2,0,0,1,1
2,chain3,f32,4096,glibc_t2,P7,13,1,1,1776.00,0.0000,0.0000,2000.0,0.0,1.000,16384.0,0.000,0,0,16384,1,1,1,0,1,1
2,chain3,f32,4096,glibc_t2,FIXED_TWIN,13,2,1,1778.00,0.0000,0.0000,2000.0,0.0,1.000,16384.0,0.000,0,0,16384,1,1,1,0,1,1
2,chain3,f32,4096,glibc_t2,P5,13,3,1,2229.00,0.0000,0.0000,3000.0,0.0,3.000,49152.0,0.000,0,0,49152,3,0,0,0,1,1
2,chain3,f32,4096,glibc_t2,P7,14,0,1,1740.00,0.0000,0.0000,2000.0,0.0,1.000,16384.0,0.000,0,0,16384,1,1,1,0,1,1
2,chain3,f32,4096,glibc_t2,FIXED_TWIN,14,1,1,1740.00,0.0000,0.0000,2000.0,0.0,1.000,16384.0,0.000,0,0,16384,1,1,1,0,1,1
2,chain3,f32,4096,glibc_t2,P5,14,2,1,2211.00,0.0000,0.0000,2000.0,0.0,3.000,49152.0,0.000,0,0,49152,3,0,0,0,1,1
2,chain3,f32,4096,glibc_t2,P6,14,3,1,1923.00,0.0000,0.0000,3000.0,0.0,1.000,16384.0,0.000,0,0,16384,1,2,0,0,1,1
2,chain3,f32,16384,glibc_t2,P5,0,0,1,7008.00,0.0000,0.0000,8000.0,0.0,3.000,196608.0,0.000,0,0,196608,3,0,0,0,1,1
2,chain3,f32,16384,glibc_t2,P6,0,1,1,6629.00,0.0000,0.0000,7000.0,0.0,1.000,65536.0,0.000,0,0,65536,1,2,0,0,1,1
2,chain3,f32,16384,glibc_t2,P7,0,2,1,5919.00,0.0000,0.0000,6000.0,0.0,1.000,65536.0,0.000,0,0,65536,1,1,1,0,1,1
2,chain3,f32,16384,glibc_t2,FIXED_TWIN,0,3,1,5882.00,0.0000,0.0000,6000.0,0.0,1.000,65536.0,0.000,0,0,65536,1,1,1,0,1,1
2,chain3,f32,16384,glibc_t2,P6,1,0,1,7407.00,0.0000,0.0000,8000.0,0.0,1.000,65536.0,0.000,0,0,65536,1,2,0,0,1,1
2,chain3,f32,16384,glibc_t2,P7,1,1,1,6530.00,0.0000,0.0000,7000.0,0.0,1.000,65536.0,0.000,0,0,65536,1,1,1,0,1,1
2,chain3,f32,16384,glibc_t2,FIXED_TWIN,1,2,1,5941.00,0.0000,0.0000,6000.0,0.0,1.000,65536.0,0.000,0,0,65536,1,1,1,0,1,1
2,chain3,f32,16384,glibc_t2,P5,1,3,1,7117.00,0.0000,0.0000,8000.0,0.0,3.000,196608.0,0.000,0,0,196608,3,0,0,0,1,1
2,chain3,f32,16384,glibc_t2,P7,2,0,1,6053.00,0.0000,0.0000,7000.0,0.0,1.000,65536.0,0.000,0,0,65536,1,1,1,0,1,1
2,chain3,f32,16384,glibc_t2,FIXED_TWIN,2,1,1,5914.00,0.0000,0.0000,7000.0,0.0,1.000,65536.0,0.000,0,0,65536,1,1,1,0,1,1
2,chain3,f32,16384,glibc_t2,P5,2,2,1,6982.00,0.0000,0.0000,7000.0,0.0,3.000,196608.0,0.000,0,0,196608,3,0,0,0,1,1
2,chain3,f32,16384,glibc_t2,P6,2,3,1,6723.00,0.0000,0.0000,7000.0,0.0,1.000,65536.0,0.000,0,0,65536,1,2,0,0,1,1
2,chain3,f32,16384,glibc_t2,FIXED_TWIN,3,0,1,5908.00,0.0000,0.0000,6000.0,0.0,1.000,65536.0,0.000,0,0,65536,1,1,1,0,1,1
2,chain3,f32,16384,glibc_t2,P5,3,1,1,6923.00,0.0000,0.0000,7000.0,0.0,3.000,196608.0,0.000,0,0,196608,3,0,0,0,1,1
2,chain3,f32,16384,glibc_t2,P6,3,2,1,6647.00,0.0000,0.0000,7000.0,0.0,1.000,65536.0,0.000,0,0,65536,1,2,0,0,1,1
2,chain3,f32,16384,glibc_t2,P7,3,3,1,5902.00,0.0000,0.0000,6000.0,0.0,1.000,65536.0,0.000,0,0,65536,1,1,1,0,1,1
2,chain3,f32,16384,glibc_t2,P5,4,0,1,6915.00,0.0000,0.0000,7000.0,0.0,3.000,196608.0,0.000,0,0,196608,3,0,0,0,1,1
2,chain3,f32,16384,glibc_t2,P6,4,1,1,6616.00,0.0000,0.0000,7000.0,0.0,1.000,65536.0,0.000,0,0,65536,1,2,0,0,1,1
2,chain3,f32,16384,glibc_t2,P7,4,2,1,5956.00,0.0000,0.0000,7000.0,0.0,1.000,65536.0,0.000,0,0,65536,1,1,1,0,1,1
2,chain3,f32,16384,glibc_t2,FIXED_TWIN,4,3,1,6029.00,0.0000,0.0000,7000.0,0.0,1.000,65536.0,0.000,0,0,65536,1,1,1,0,1,1
2,chain3,f32,16384,glibc_t2,P6,5,0,1,6629.00,0.0000,0.0000,7000.0,0.0,1.000,65536.0,0.000,0,0,65536,1,2,0,0,1,1
2,chain3,f32,16384,glibc_t2,P7,5,1,1,5891.00,0.0000,0.0000,6000.0,0.0,1.000,65536.0,0.000,0,0,65536,1,1,1,0,1,1
2,chain3,f32,16384,glibc_t2,FIXED_TWIN,5,2,1,5940.00,0.0000,0.0000,7000.0,0.0,1.000,65536.0,0.000,0,0,65536,1,1,1,0,1,1
2,chain3,f32,16384,glibc_t2,P5,5,3,1,6954.00,0.0000,0.0000,8000.0,0.0,3.000,196608.0,0.000,0,0,196608,3,0,0,0,1,1
2,chain3,f32,16384,glibc_t2,P7,6,0,1,5934.00,0.0000,0.0000,6000.0,0.0,1.000,65536.0,0.000,0,0,65536,1,1,1,0,1,1
2,chain3,f32,16384,glibc_t2,FIXED_TWIN,6,1,1,7480.00,0.0000,0.0000,8000.0,0.0,1.000,65536.0,0.000,0,0,65536,1,1,1,0,1,1
2,chain3,f32,16384,glibc_t2,P5,6,2,1,6965.00,0.0000,0.0000,8000.0,0.0,3.000,196608.0,0.000,0,0,196608,3,0,0,0,1,1
2,chain3,f32,16384,glibc_t2,P6,6,3,1,8561.00,0.0000,0.0000,9000.0,0.0,1.000,65536.0,0.000,0,0,65536,1,2,0,0,1,1
2,chain3,f32,16384,glibc_t2,FIXED_TWIN,7,0,1,7563.00,0.0000,0.0000,8000.0,0.0,1.000,65536.0,0.000,0,0,65536,1,1,1,0,1,1
2,chain3,f32,16384,glibc_t2,P5,7,1,1,6966.00,0.0000,0.0000,7000.0,0.0,3.000,196608.0,0.000,0,0,196608,3,0,0,0,1,1
2,chain3,f32,16384,glibc_t2,P6,7,2,1,6632.00,0.0000,0.0000,7000.0,0.0,1.000,65536.0,0.000,0,0,65536,1,2,0,0,1,1
2,chain3,f32,16384,glibc_t2,P7,7,3,1,7690.00,0.0000,0.0000,8000.0,0.0,1.000,65536.0,0.000,0,0,65536,1,1,1,0,1,1
2,chain3,f32,16384,glibc_t2,P5,8,0,1,10175.00,0.0000,0.0000,11000.0,0.0,3.000,196608.0,0.000,0,0,196608,3,0,0,0,1,1
2,chain3,f32,16384,glibc_t2,P6,8,1,1,6750.00,0.0000,0.0000,8000.0,0.0,1.000,65536.0,0.000,0,0,65536,1,2,0,0,1,1
2,chain3,f32,16384,glibc_t2,P7,8,2,1,5985.00,0.0000,0.0000,6000.0,0.0,1.000,65536.0,0.000,0,0,65536,1,1,1,0,1,1
2,chain3,f32,16384,glibc_t2,FIXED_TWIN,8,3,1,5965.00,0.0000,0.0000,7000.0,0.0,1.000,65536.0,0.000,0,0,65536,1,1,1,0,1,1
2,chain3,f32,16384,glibc_t2,P6,9,0,1,6754.00,0.0000,0.0000,0.0,7000.0,1.000,65536.0,0.000,0,0,65536,1,2,0,0,1,1
2,chain3,f32,16384,glibc_t2,P7,9,1,1,5997.00,0.0000,0.0000,0.0,7000.0,1.000,65536.0,0.000,0,0,65536,1,1,1,0,1,1
2,chain3,f32,16384,glibc_t2,FIXED_TWIN,9,2,1,5939.00,0.0000,0.0000,0.0,6000.0,1.000,65536.0,0.000,0,0,65536,1,1,1,0,1,1
2,chain3,f32,16384,glibc_t2,P5,9,3,1,7045.00,0.0000,0.0000,0.0,8000.0,3.000,196608.0,0.000,0,0,196608,3,0,0,0,1,1
2,chain3,f32,16384,glibc_t2,P7,10,0,1,5891.00,0.0000,0.0000,0.0,6000.0,1.000,65536.0,0.000,0,0,65536,1,1,1,0,1,1
2,chain3,f32,16384,glibc_t2,FIXED_TWIN,10,1,1,5957.00,0.0000,0.0000,0.0,7000.0,1.000,65536.0,0.000,0,0,65536,1,1,1,0,1,1
2,chain3,f32,16384,glibc_t2,P5,10,2,1,7026.00,0.0000,0.0000,0.0,8000.0,3.000,196608.0,0.000,0,0,196608,3,0,0,0,1,1
2,chain3,f32,16384,glibc_t2,P6,10,3,1,6610.00,0.0000,0.0000,0.0,7000.0,1.000,65536.0,0.000,0,0,65536,1,2,0,0,1,1
2,chain3,f32,16384,glibc_t2,FIXED_TWIN,11,0,1,5923.00,0.0000,0.0000,0.0,6000.0,1.000,65536.0,0.000,0,0,65536,1,1,1,0,1,1
2,chain3,f32,16384,glibc_t2,P5,11,1,1,7054.00,0.0000,0.0000,0.0,7000.0,3.000,196608.0,0.000,0,0,196608,3,0,0,0,1,1
2,chain3,f32,16384,glibc_t2,P6,11,2,1,28524.00,0.0000,0.0000,0.0,33000.0,1.000,65536.0,0.000,0,0,65536,1,2,0,0,1,1
2,chain3,f32,16384,glibc_t2,P7,11,3,1,6069.00,0.0000,0.0000,0.0,7000.0,1.000,65536.0,0.000,0,0,65536,1,1,1,0,1,1
2,chain3,f32,16384,glibc_t2,P5,12,0,1,7206.00,0.0000,0.0000,0.0,7000.0,3.000,196608.0,0.000,0,0,196608,3,0,0,0,1,1
2,chain3,f32,16384,glibc_t2,P6,12,1,1,6732.00,0.0000,0.0000,0.0,7000.0,1.000,65536.0,0.000,0,0,65536,1,2,0,0,1,1
2,chain3,f32,16384,glibc_t2,P7,12,2,1,5955.00,0.0000,0.0000,0.0,6000.0,1.000,65536.0,0.000,0,0,65536,1,1,1,0,1,1
2,chain3,f32,16384,glibc_t2,FIXED_TWIN,12,3,1,5982.00,0.0000,0.0000,0.0,7000.0,1.000,65536.0,0.000,0,0,65536,1,1,1,0,1,1
2,chain3,f32,16384,glibc_t2,P6,13,0,1,6780.00,0.0000,0.0000,0.0,7000.0,1.000,65536.0,0.000,0,0,65536,1,2,0,0,1,1
2,chain3,f32,16384,glibc_t2,P7,13,1,1,5924.00,0.0000,0.0000,0.0,7000.0,1.000,65536.0,0.000,0,0,65536,1,1,1,0,1,1
2,chain3,f32,16384,glibc_t2,FIXED_TWIN,13,2,1,5896.00,0.0000,0.0000,0.0,6000.0,1.000,65536.0,0.000,0,0,65536,1,1,1,0,1,1
2,chain3,f32,16384,glibc_t2,P5,13,3,1,6967.00,0.0000,0.0000,0.0,7000.0,3.000,196608.0,0.000,0,0,196608,3,0,0,0,1,1
2,chain3,f32,16384,glibc_t2,P7,14,0,1,5955.00,0.0000,0.0000,0.0,6000.0,1.000,65536.0,0.000,0,0,65536,1,1,1,0,1,1
2,chain3,f32,16384,glibc_t2,FIXED_TWIN,14,1,1,5908.00,0.0000,0.0000,0.0,6000.0,1.000,65536.0,0.000,0,0,65536,1,1,1,0,1,1
2,chain3,f32,16384,glibc_t2,P5,14,2,1,6913.00,0.0000,0.0000,0.0,7000.0,3.000,196608.0,0.000,0,0,196608,3,0,0,0,1,1
2,chain3,f32,16384,glibc_t2,P6,14,3,1,6685.00,0.0000,0.0000,0.0,7000.0,1.000,65536.0,0.000,0,0,65536,1,2,0,0,1,1
2,chain3,f32,65536,glibc_t2,P5,0,0,1,311607.00,195.0000,0.0000,147000.0,167000.0,3.000,786432.0,0.000,0,0,786432,3,0,0,0,1,1
2,chain3,f32,65536,glibc_t2,P6,0,1,1,94649.00,65.0000,0.0000,45000.0,51000.0,1.000,262144.0,0.000,0,0,262144,1,2,0,0,1,1
2,chain3,f32,65536,glibc_t2,P7,0,2,1,90621.00,65.0000,0.0000,43000.0,48000.0,1.000,262144.0,0.000,0,0,262144,1,1,1,0,1,1
2,chain3,f32,65536,glibc_t2,FIXED_TWIN,0,3,1,95192.00,65.0000,0.0000,45000.0,52000.0,1.000,262144.0,0.000,0,0,262144,1,1,1,0,1,1
2,chain3,f32,65536,glibc_t2,P6,1,0,1,101995.00,65.0000,0.0000,48000.0,55000.0,1.000,262144.0,0.000,0,0,262144,1,2,0,0,1,1
2,chain3,f32,65536,glibc_t2,P7,1,1,1,89973.00,65.0000,0.0000,43000.0,48000.0,1.000,262144.0,0.000,0,0,262144,1,1,1,0,1,1
2,chain3,f32,65536,glibc_t2,FIXED_TWIN,1,2,1,141200.00,65.0000,0.0000,143000.0,0.0,1.000,262144.0,0.000,0,0,262144,1,1,1,0,1,1
2,chain3,f32,65536,glibc_t2,P5,1,3,1,256706.00,195.0000,0.0000,258000.0,0.0,3.000,786432.0,0.000,0,0,786432,3,0,0,0,1,1
2,chain3,f32,65536,glibc_t2,P7,2,0,1,92086.00,65.0000,0.0000,94000.0,0.0,1.000,262144.0,0.000,0,0,262144,1,1,1,0,1,1
2,chain3,f32,65536,glibc_t2,FIXED_TWIN,2,1,1,90340.00,65.0000,0.0000,91000.0,0.0,1.000,262144.0,0.000,0,0,262144,1,1,1,0,1,1
2,chain3,f32,65536,glibc_t2,P5,2,2,1,420294.00,195.0000,0.0000,424000.0,0.0,3.000,786432.0,0.000,0,0,786432,3,0,0,0,1,1
2,chain3,f32,65536,glibc_t2,P6,2,3,1,93096.00,65.0000,0.0000,95000.0,0.0,1.000,262144.0,0.000,0,0,262144,1,2,0,0,1,1
2,chain3,f32,65536,glibc_t2,FIXED_TWIN,3,0,1,160833.00,65.0000,0.0000,164000.0,0.0,1.000,262144.0,0.000,0,0,262144,1,1,1,0,1,1
2,chain3,f32,65536,glibc_t2,P5,3,1,1,309472.00,195.0000,0.0000,311000.0,0.0,3.000,786432.0,0.000,0,0,786432,3,0,0,0,1,1
2,chain3,f32,65536,glibc_t2,P6,3,2,1,92720.00,65.0000,0.0000,0.0,94000.0,1.000,262144.0,0.000,0,0,262144,1,2,0,0,1,1
2,chain3,f32,65536,glibc_t2,P7,3,3,1,89068.00,65.0000,0.0000,0.0,90000.0,1.000,262144.0,0.000,0,0,262144,1,1,1,0,1,1
2,chain3,f32,65536,glibc_t2,P5,4,0,1,268271.00,195.0000,0.0000,0.0,270000.0,3.000,786432.0,0.000,0,0,786432,3,0,0,0,1,1
2,chain3,f32,65536,glibc_t2,P6,4,1,1,92835.00,65.0000,0.0000,0.0,94000.0,1.000,262144.0,0.000,0,0,262144,1,2,0,0,1,1
2,chain3,f32,65536,glibc_t2,P7,4,2,1,85492.00,65.0000,0.0000,0.0,86000.0,1.000,262144.0,0.000,0,0,262144,1,1,1,0,1,1
2,chain3,f32,65536,glibc_t2,FIXED_TWIN,4,3,1,103173.00,65.0000,0.0000,0.0,105000.0,1.000,262144.0,0.000,0,0,262144,1,1,1,0,1,1
2,chain3,f32,65536,glibc_t2,P6,5,0,1,91439.00,65.0000,0.0000,0.0,92000.0,1.000,262144.0,0.000,0,0,262144,1,2,0,0,1,1
2,chain3,f32,65536,glibc_t2,P7,5,1,1,84983.00,65.0000,0.0000,0.0,85000.0,1.000,262144.0,0.000,0,0,262144,1,1,1,0,1,1
2,chain3,f32,65536,glibc_t2,FIXED_TWIN,5,2,1,89184.00,65.0000,0.0000,0.0,90000.0,1.000,262144.0,0.000,0,0,262144,1,1,1,0,1,1
2,chain3,f32,65536,glibc_t2,P5,5,3,1,266097.00,195.0000,0.0000,0.0,268000.0,3.000,786432.0,0.000,0,0,786432,3,0,0,0,1,1
2,chain3,f32,65536,glibc_t2,P7,6,0,1,179230.00,65.0000,0.0000,180000.0,0.0,1.000,262144.0,0.000,0,0,262144,1,1,1,0,1,1
2,chain3,f32,65536,glibc_t2,FIXED_TWIN,6,1,1,85855.00,65.0000,0.0000,87000.0,0.0,1.000,262144.0,0.000,0,0,262144,1,1,1,0,1,1
2,chain3,f32,65536,glibc_t2,P5,6,2,1,275409.00,195.0000,0.0000,276000.0,0.0,3.000,786432.0,0.000,0,0,786432,3,0,0,0,1,1
2,chain3,f32,65536,glibc_t2,P6,6,3,1,89810.00,65.0000,0.0000,91000.0,0.0,1.000,262144.0,0.000,0,0,262144,1,2,0,0,1,1
2,chain3,f32,65536,glibc_t2,FIXED_TWIN,7,0,1,85234.00,65.0000,0.0000,86000.0,0.0,1.000,262144.0,0.000,0,0,262144,1,1,1,0,1,1
2,chain3,f32,65536,glibc_t2,P5,7,1,1,245339.00,195.0000,0.0000,247000.0,0.0,3.000,786432.0,0.000,0,0,786432,3,0,0,0,1,1
2,chain3,f32,65536,glibc_t2,P6,7,2,1,93354.00,65.0000,0.0000,95000.0,0.0,1.000,262144.0,0.000,0,0,262144,1,2,0,0,1,1
2,chain3,f32,65536,glibc_t2,P7,7,3,1,249097.00,65.0000,0.0000,252000.0,0.0,1.000,262144.0,0.000,0,0,262144,1,1,1,0,1,1
2,chain3,f32,65536,glibc_t2,P5,8,0,1,245903.00,195.0000,0.0000,247000.0,0.0,3.000,786432.0,0.000,0,0,786432,3,0,0,0,1,1
2,chain3,f32,65536,glibc_t2,P6,8,1,1,143693.00,65.0000,0.0000,0.0,145000.0,1.000,262144.0,0.000,0,0,262144,1,2,0,0,1,1
2,chain3,f32,65536,glibc_t2,P7,8,2,1,87325.00,65.0000,0.0000,0.0,89000.0,1.000,262144.0,0.000,0,0,262144,1,1,1,0,1,1
2,chain3,f32,65536,glibc_t2,FIXED_TWIN,8,3,1,140421.00,65.0000,0.0000,0.0,142000.0,1.000,262144.0,0.000,0,0,262144,1,1,1,0,1,1
2,chain3,f32,65536,glibc_t2,P6,9,0,1,91978.00,65.0000,0.0000,0.0,93000.0,1.000,262144.0,0.000,0,0,262144,1,2,0,0,1,1
2,chain3,f32,65536,glibc_t2,P7,9,1,1,93512.00,65.0000,0.0000,0.0,95000.0,1.000,262144.0,0.000,0,0,262144,1,1,1,0,1,1
2,chain3,f32,65536,glibc_t2,FIXED_TWIN,9,2,1,131151.00,65.0000,0.0000,0.0,132000.0,1.000,262144.0,0.000,0,0,262144,1,1,1,0,1,1
2,chain3,f32,65536,glibc_t2,P5,9,3,1,251580.00,195.0000,0.0000,0.0,253000.0,3.000,786432.0,0.000,0,0,786432,3,0,0,0,1,1
2,chain3,f32,65536,glibc_t2,P7,10,0,1,108777.00,65.0000,0.0000,0.0,110000.0,1.000,262144.0,0.000,0,0,262144,1,1,1,0,1,1
2,chain3,f32,65536,glibc_t2,FIXED_TWIN,10,1,1,87999.00,65.0000,0.0000,0.0,89000.0,1.000,262144.0,0.000,0,0,262144,1,1,1,0,1,1
2,chain3,f32,65536,glibc_t2,P5,10,2,1,244765.00,195.0000,0.0000,0.0,246000.0,3.000,786432.0,0.000,0,0,786432,3,0,0,0,1,1
2,chain3,f32,65536,glibc_t2,P6,10,3,1,126177.00,65.0000,0.0000,0.0,128000.0,1.000,262144.0,0.000,0,0,262144,1,2,0,0,1,1
2,chain3,f32,65536,glibc_t2,FIXED_TWIN,11,0,1,86223.00,65.0000,0.0000,0.0,88000.0,1.000,262144.0,0.000,0,0,262144,1,1,1,0,1,1
2,chain3,f32,65536,glibc_t2,P5,11,1,1,292022.00,195.0000,0.0000,0.0,294000.0,3.000,786432.0,0.000,0,0,786432,3,0,0,0,1,1
2,chain3,f32,65536,glibc_t2,P6,11,2,1,96559.00,65.0000,0.0000,0.0,98000.0,1.000,262144.0,0.000,0,0,262144,1,2,0,0,1,1
2,chain3,f32,65536,glibc_t2,P7,11,3,1,85818.00,65.0000,0.0000,0.0,87000.0,1.000,262144.0,0.000,0,0,262144,1,1,1,0,1,1
2,chain3,f32,65536,glibc_t2,P5,12,0,1,238849.00,195.0000,0.0000,0.0,241000.0,3.000,786432.0,0.000,0,0,786432,3,0,0,0,1,1
2,chain3,f32,65536,glibc_t2,P6,12,1,1,90490.00,65.0000,0.0000,0.0,91000.0,1.000,262144.0,0.000,0,0,262144,1,2,0,0,1,1
2,chain3,f32,65536,glibc_t2,P7,12,2,1,93618.00,65.0000,0.0000,0.0,94000.0,1.000,262144.0,0.000,0,0,262144,1,1,1,0,1,1
2,chain3,f32,65536,glibc_t2,FIXED_TWIN,12,3,1,84084.00,65.0000,0.0000,0.0,85000.0,1.000,262144.0,0.000,0,0,262144,1,1,1,0,1,1
2,chain3,f32,65536,glibc_t2,P6,13,0,1,90322.00,65.0000,0.0000,0.0,91000.0,1.000,262144.0,0.000,0,0,262144,1,2,0,0,1,1
2,chain3,f32,65536,glibc_t2,P7,13,1,1,103775.00,65.0000,0.0000,0.0,104000.0,1.000,262144.0,0.000,0,0,262144,1,1,1,0,1,1
2,chain3,f32,65536,glibc_t2,FIXED_TWIN,13,2,1,97059.00,65.0000,0.0000,0.0,98000.0,1.000,262144.0,0.000,0,0,262144,1,1,1,0,1,1
2,chain3,f32,65536,glibc_t2,P5,13,3,1,331196.00,195.0000,0.0000,0.0,333000.0,3.000,786432.0,0.000,0,0,786432,3,0,0,0,1,1
2,chain3,f32,65536,glibc_t2,P7,14,0,1,104431.00,65.0000,0.0000,0.0,106000.0,1.000,262144.0,0.000,0,0,262144,1,1,1,0,1,1
2,chain3,f32,65536,glibc_t2,FIXED_TWIN,14,1,1,88413.00,65.0000,0.0000,0.0,89000.0,1.000,262144.0,0.000,0,0,262144,1,1,1,0,1,1
2,chain3,f32,65536,glibc_t2,P5,14,2,1,249706.00,195.0000,0.0000,0.0,256000.0,3.000,786432.0,0.000,0,0,786432,3,0,0,0,1,1
2,chain3,f32,65536,glibc_t2,P6,14,3,1,92272.00,65.0000,0.0000,0.0,94000.0,1.000,262144.0,0.000,0,0,262144,1,2,0,0,1,1
2,chain3,f32,262144,glibc_t2,P5,0,0,1,1148704.00,771.0000,0.0000,0.0,1153000.0,3.000,3145728.0,0.000,0,0,3145728,3,0,0,0,1,1
2,chain3,f32,262144,glibc_t2,P6,0,1,1,506768.00,257.0000,0.0000,0.0,510000.0,1.000,1048576.0,0.000,0,0,1048576,1,2,0,0,1,1
2,chain3,f32,262144,glibc_t2,P7,0,2,1,654379.00,257.0000,0.0000,0.0,659000.0,1.000,1048576.0,0.000,0,0,1048576,1,1,1,0,1,1
2,chain3,f32,262144,glibc_t2,FIXED_TWIN,0,3,1,457201.00,257.0000,0.0000,0.0,460000.0,1.000,1048576.0,0.000,0,0,1048576,1,1,1,0,1,1
2,chain3,f32,262144,glibc_t2,P6,1,0,1,508338.00,257.0000,0.0000,0.0,512000.0,1.000,1048576.0,0.000,0,0,1048576,1,2,0,0,1,1
2,chain3,f32,262144,glibc_t2,P7,1,1,1,514979.00,257.0000,0.0000,0.0,519000.0,1.000,1048576.0,0.000,0,0,1048576,1,1,1,0,1,1
2,chain3,f32,262144,glibc_t2,FIXED_TWIN,1,2,1,448254.00,257.0000,0.0000,0.0,458000.0,1.000,1048576.0,0.000,0,0,1048576,1,1,1,0,1,1
2,chain3,f32,262144,glibc_t2,P5,1,3,1,1159891.00,771.0000,0.0000,0.0,1162000.0,3.000,3145728.0,0.000,0,0,3145728,3,0,0,0,1,1
2,chain3,f32,262144,glibc_t2,P7,2,0,1,462940.00,257.0000,0.0000,0.0,466000.0,1.000,1048576.0,0.000,0,0,1048576,1,1,1,0,1,1
2,chain3,f32,262144,glibc_t2,FIXED_TWIN,2,1,1,516942.00,257.0000,0.0000,519000.0,0.0,1.000,1048576.0,0.000,0,0,1048576,1,1,1,0,1,1
2,chain3,f32,262144,glibc_t2,P5,2,2,1,1291410.00,771.0000,0.0000,1295000.0,0.0,3.000,3145728.0,0.000,0,0,3145728,3,0,0,0,1,1
2,chain3,f32,262144,glibc_t2,P6,2,3,1,471875.00,257.0000,0.0000,475000.0,0.0,1.000,1048576.0,0.000,0,0,1048576,1,2,0,0,1,1
2,chain3,f32,262144,glibc_t2,FIXED_TWIN,3,0,1,596223.00,257.0000,0.0000,601000.0,0.0,1.000,1048576.0,0.000,0,0,1048576,1,1,1,0,1,1
2,chain3,f32,262144,glibc_t2,P5,3,1,1,1187840.00,771.0000,0.0000,71000.0,1142000.0,3.000,3145728.0,0.000,0,0,3145728,3,0,0,0,1,1
2,chain3,f32,262144,glibc_t2,P6,3,2,1,509980.00,257.0000,0.0000,241000.0,272000.0,1.000,1048576.0,0.000,0,0,1048576,1,2,0,0,1,1
2,chain3,f32,262144,glibc_t2,P7,3,3,1,522425.00,257.0000,0.0000,0.0,527000.0,1.000,1048576.0,0.000,0,0,1048576,1,1,1,0,1,1
2,chain3,f32,262144,glibc_t2,P5,4,0,1,1189617.00,771.0000,0.0000,0.0,1192000.0,3.000,3145728.0,0.000,0,0,3145728,3,0,0,0,1,1
2,chain3,f32,262144,glibc_t2,P6,4,1,1,462961.00,257.0000,0.0000,466000.0,0.0,1.000,1048576.0,0.000,0,0,1048576,1,2,0,0,1,1
2,chain3,f32,262144,glibc_t2,P7,4,2,1,472742.00,257.0000,0.0000,475000.0,0.0,1.000,1048576.0,0.000,0,0,1048576,1,1,1,0,1,1
2,chain3,f32,262144,glibc_t2,FIXED_TWIN,4,3,1,435906.00,257.0000,0.0000,206000.0,233000.0,1.000,1048576.0,0.000,0,0,1048576,1,1,1,0,1,1
2,chain3,f32,262144,glibc_t2,P6,5,0,1,659691.00,257.0000,0.0000,0.0,650000.0,1.000,1048576.0,0.000,0,0,1048576,1,2,0,0,1,1
2,chain3,f32,262144,glibc_t2,P7,5,1,1,462445.00,257.0000,0.0000,0.0,466000.0,1.000,1048576.0,0.000,0,0,1048576,1,1,1,0,1,1
2,chain3,f32,262144,glibc_t2,FIXED_TWIN,5,2,1,699321.00,257.0000,0.0000,0.0,704000.0,1.000,1048576.0,0.000,0,0,1048576,1,1,1,0,1,1
2,chain3,f32,262144,glibc_t2,P5,5,3,1,1173464.00,771.0000,0.0000,0.0,1176000.0,3.000,3145728.0,0.000,0,0,3145728,3,0,0,0,1,1
2,chain3,f32,262144,glibc_t2,P7,6,0,1,464934.00,257.0000,0.0000,0.0,467000.0,1.000,1048576.0,0.000,0,0,1048576,1,1,1,0,1,1
2,chain3,f32,262144,glibc_t2,FIXED_TWIN,6,1,1,496355.00,257.0000,0.0000,0.0,504000.0,1.000,1048576.0,0.000,0,0,1048576,1,1,1,0,1,1
2,chain3,f32,262144,glibc_t2,P5,6,2,1,1261495.00,771.0000,0.0000,1265000.0,0.0,3.000,3145728.0,0.000,0,0,3145728,3,0,0,0,1,1
2,chain3,f32,262144,glibc_t2,P6,6,3,1,458350.00,257.0000,0.0000,462000.0,0.0,1.000,1048576.0,0.000,0,0,1048576,1,2,0,0,1,1
2,chain3,f32,262144,glibc_t2,FIXED_TWIN,7,0,1,520262.00,257.0000,0.0000,523000.0,0.0,1.000,1048576.0,0.000,0,0,1048576,1,1,1,0,1,1
2,chain3,f32,262144,glibc_t2,P5,7,1,1,1112672.00,771.0000,0.0000,1115000.0,0.0,3.000,3145728.0,0.000,0,0,3145728,3,0,0,0,1,1
2,chain3,f32,262144,glibc_t2,P6,7,2,1,584902.00,257.0000,0.0000,588000.0,0.0,1.000,1048576.0,0.000,0,0,1048576,1,2,0,0,1,1
2,chain3,f32,262144,glibc_t2,P7,7,3,1,450288.00,257.0000,0.0000,453000.0,0.0,1.000,1048576.0,0.000,0,0,1048576,1,1,1,0,1,1
2,chain3,f32,262144,glibc_t2,P5,8,0,1,1123522.00,771.0000,0.0000,1126000.0,0.0,3.000,3145728.0,0.000,0,0,3145728,3,0,0,0,1,1
2,chain3,f32,262144,glibc_t2,P6,8,1,1,492328.00,257.0000,0.0000,495000.0,0.0,1.000,1048576.0,0.000,0,0,1048576,1,2,0,0,1,1
2,chain3,f32,262144,glibc_t2,P7,8,2,1,446259.00,257.0000,0.0000,449000.0,0.0,1.000,1048576.0,0.000,0,0,1048576,1,1,1,0,1,1
2,chain3,f32,262144,glibc_t2,FIXED_TWIN,8,3,1,465355.00,257.0000,0.0000,0.0,468000.0,1.000,1048576.0,0.000,0,0,1048576,1,1,1,0,1,1
2,chain3,f32,262144,glibc_t2,P6,9,0,1,493484.00,257.0000,0.0000,0.0,497000.0,1.000,1048576.0,0.000,0,0,1048576,1,2,0,0,1,1
2,chain3,f32,262144,glibc_t2,P7,9,1,1,436030.00,257.0000,0.0000,206000.0,233000.0,1.000,1048576.0,0.000,0,0,1048576,1,1,1,0,1,1
2,chain3,f32,262144,glibc_t2,FIXED_TWIN,9,2,1,500073.00,257.0000,0.0000,0.0,503000.0,1.000,1048576.0,0.000,0,0,1048576,1,1,1,0,1,1
2,chain3,f32,262144,glibc_t2,P5,9,3,1,1219706.00,771.0000,0.0000,114000.0,1108000.0,3.000,3145728.0,0.000,0,0,3145728,3,0,0,0,1,1
2,chain3,f32,262144,glibc_t2,P7,10,0,1,442411.00,257.0000,0.0000,445000.0,0.0,1.000,1048576.0,0.000,0,0,1048576,1,1,1,0,1,1
2,chain3,f32,262144,glibc_t2,FIXED_TWIN,10,1,1,441388.00,257.0000,0.0000,443000.0,0.0,1.000,1048576.0,0.000,0,0,1048576,1,1,1,0,1,1
2,chain3,f32,262144,glibc_t2,P5,10,2,1,1153508.00,771.0000,0.0000,1156000.0,0.0,3.000,3145728.0,0.000,0,0,3145728,3,0,0,0,1,1
2,chain3,f32,262144,glibc_t2,P6,10,3,1,502514.00,257.0000,0.0000,505000.0,0.0,1.000,1048576.0,0.000,0,0,1048576,1,2,0,0,1,1
2,chain3,f32,262144,glibc_t2,FIXED_TWIN,11,0,1,496833.00,257.0000,0.0000,500000.0,0.0,1.000,1048576.0,0.000,0,0,1048576,1,1,1,0,1,1
2,chain3,f32,262144,glibc_t2,P5,11,1,1,1128005.00,771.0000,0.0000,1131000.0,0.0,3.000,3145728.0,0.000,0,0,3145728,3,0,0,0,1,1
2,chain3,f32,262144,glibc_t2,P6,11,2,1,542673.00,257.0000,0.0000,0.0,546000.0,1.000,1048576.0,0.000,0,0,1048576,1,2,0,0,1,1
2,chain3,f32,262144,glibc_t2,P7,11,3,1,448598.00,257.0000,0.0000,0.0,451000.0,1.000,1048576.0,0.000,0,0,1048576,1,1,1,0,1,1
2,chain3,f32,262144,glibc_t2,P5,12,0,1,1261603.00,771.0000,0.0000,0.0,1265000.0,3.000,3145728.0,0.000,0,0,3145728,3,0,0,0,1,1
2,chain3,f32,262144,glibc_t2,P6,12,1,1,487425.00,257.0000,0.0000,0.0,491000.0,1.000,1048576.0,0.000,0,0,1048576,1,2,0,0,1,1
2,chain3,f32,262144,glibc_t2,P7,12,2,1,520481.00,257.0000,0.0000,0.0,523000.0,1.000,1048576.0,0.000,0,0,1048576,1,1,1,0,1,1
2,chain3,f32,262144,glibc_t2,FIXED_TWIN,12,3,1,425447.00,257.0000,0.0000,0.0,428000.0,1.000,1048576.0,0.000,0,0,1048576,1,1,1,0,1,1
2,chain3,f32,262144,glibc_t2,P6,13,0,1,500512.00,257.0000,0.0000,0.0,503000.0,1.000,1048576.0,0.000,0,0,1048576,1,2,0,0,1,1
2,chain3,f32,262144,glibc_t2,P7,13,1,1,486676.00,257.0000,0.0000,0.0,489000.0,1.000,1048576.0,0.000,0,0,1048576,1,1,1,0,1,1
2,chain3,f32,262144,glibc_t2,FIXED_TWIN,13,2,1,468646.00,257.0000,0.0000,0.0,472000.0,1.000,1048576.0,0.000,0,0,1048576,1,1,1,0,1,1
2,chain3,f32,262144,glibc_t2,P5,13,3,1,1091529.00,771.0000,0.0000,0.0,1094000.0,3.000,3145728.0,0.000,0,0,3145728,3,0,0,0,1,1
2,chain3,f32,262144,glibc_t2,P7,14,0,1,461921.00,257.0000,0.0000,0.0,465000.0,1.000,1048576.0,0.000,0,0,1048576,1,1,1,0,1,1
2,chain3,f32,262144,glibc_t2,FIXED_TWIN,14,1,1,485649.00,257.0000,0.0000,0.0,488000.0,1.000,1048576.0,0.000,0,0,1048576,1,1,1,0,1,1
2,chain3,f32,262144,glibc_t2,P5,14,2,1,1083970.00,771.0000,0.0000,1086000.0,0.0,3.000,3145728.0,0.000,0,0,3145728,3,0,0,0,1,1
2,chain3,f32,262144,glibc_t2,P6,14,3,1,442718.00,257.0000,0.0000,208000.0,237000.0,1.000,1048576.0,0.000,0,0,1048576,1,2,0,0,1,1
2,chain3,f32,1048576,glibc_t2,P5,0,0,1,4801790.00,3075.0000,0.0000,378000.0,4429000.0,3.000,12582912.0,0.000,0,0,12582912,3,0,0,0,1,1
2,chain3,f32,1048576,glibc_t2,P6,0,1,1,2008730.00,1025.0000,0.0000,969000.0,1044000.0,1.000,4194304.0,0.000,0,0,4194304,1,2,0,0,1,1
2,chain3,f32,1048576,glibc_t2,P7,0,2,1,1851502.00,1025.0000,0.0000,1855000.0,0.0,1.000,4194304.0,0.000,0,0,4194304,1,1,1,0,1,1
2,chain3,f32,1048576,glibc_t2,FIXED_TWIN,0,3,1,1859715.00,1025.0000,0.0000,873000.0,990000.0,1.000,4194304.0,0.000,0,0,4194304,1,1,1,0,1,1
2,chain3,f32,1048576,glibc_t2,P6,1,0,1,2057288.00,1025.0000,0.0000,2061000.0,0.0,1.000,4194304.0,0.000,0,0,4194304,1,2,0,0,1,1
2,chain3,f32,1048576,glibc_t2,P7,1,1,1,1817673.00,1025.0000,0.0000,853000.0,967000.0,1.000,4194304.0,0.000,0,0,4194304,1,1,1,0,1,1
2,chain3,f32,1048576,glibc_t2,FIXED_TWIN,1,2,1,1974868.00,1025.0000,0.0000,815000.0,1164000.0,1.000,4194304.0,0.000,0,0,4194304,1,1,1,0,1,1
2,chain3,f32,1048576,glibc_t2,P5,1,3,1,5647538.00,3075.0000,0.0000,0.0,5651000.0,3.000,12582912.0,0.000,0,0,12582912,3,0,0,0,1,1
2,chain3,f32,1048576,glibc_t2,P7,2,0,1,1896311.00,1025.0000,0.0000,890000.0,1009000.0,1.000,4194304.0,0.000,0,0,4194304,1,1,1,0,1,1
2,chain3,f32,1048576,glibc_t2,FIXED_TWIN,2,1,1,1999262.00,1025.0000,0.0000,0.0,2004000.0,1.000,4194304.0,0.000,0,0,4194304,1,1,1,0,1,1
2,chain3,f32,1048576,glibc_t2,P5,2,2,1,5127007.00,3075.0000,0.0000,3461000.0,1670000.0,3.000,12582912.0,0.000,0,0,12582912,3,0,0,0,1,1
2,chain3,f32,1048576,glibc_t2,P6,2,3,1,2278197.00,1025.0000,0.0000,2283000.0,0.0,1.000,4194304.0,0.000,0,0,4194304,1,2,0,0,1,1
2,chain3,f32,1048576,glibc_t2,FIXED_TWIN,3,0,1,2070808.00,1025.0000,0.0000,1878000.0,197000.0,1.000,4194304.0,0.000,0,0,4194304,1,1,1,0,1,1
2,chain3,f32,1048576,glibc_t2,P5,3,1,1,6056585.00,3075.0000,0.0000,0.0,6061000.0,3.000,12582912.0,0.000,0,0,12582912,3,0,0,0,1,1
2,chain3,f32,1048576,glibc_t2,P6,3,2,1,2382161.00,1025.0000,0.0000,1119000.0,1268000.0,1.000,4194304.0,0.000,0,0,4194304,1,2,0,0,1,1
2,chain3,f32,1048576,glibc_t2,P7,3,3,1,2032647.00,1025.0000,0.0000,2037000.0,0.0,1.000,4194304.0,0.000,0,0,4194304,1,1,1,0,1,1
2,chain3,f32,1048576,glibc_t2,P5,4,0,1,5474441.00,3075.0000,0.0000,693000.0,4785000.0,3.000,12582912.0,0.000,0,0,12582912,3,0,0,0,1,1
2,chain3,f32,1048576,glibc_t2,P6,4,1,1,2095098.00,1025.0000,0.0000,2099000.0,0.0,1.000,4194304.0,0.000,0,0,4194304,1,2,0,0,1,1
2,chain3,f32,1048576,glibc_t2,P7,4,2,1,1902829.00,1025.0000,0.0000,893000.0,1012000.0,1.000,4194304.0,0.000,0,0,4194304,1,1,1,0,1,1
2,chain3,f32,1048576,glibc_t2,FIXED_TWIN,4,3,1,2116832.00,1025.0000,0.0000,882000.0,1203000.0,1.000,4194304.0,0.000,0,0,4194304,1,1,1,0,1,1
2,chain3,f32,1048576,glibc_t2,P6,5,0,1,2128517.00,1025.0000,0.0000,999000.0,1133000.0,1.000,4194304.0,0.000,0,0,4194304,1,2,0,0,1,1
2,chain3,f32,1048576,glibc_t2,P7,5,1,1,1906493.00,1025.0000,0.0000,763000.0,1148000.0,1.000,4194304.0,0.000,0,0,4194304,1,1,1,0,1,1
2,chain3,f32,1048576,glibc_t2,FIXED_TWIN,5,2,1,1998356.00,1025.0000,0.0000,2002000.0,0.0,1.000,4194304.0,0.000,0,0,4194304,1,1,1,0,1,1
2,chain3,f32,1048576,glibc_t2,P5,5,3,1,5684777.00,3075.0000,0.0000,791000.0,4897000.0,3.000,12582912.0,0.000,0,0,12582912,3,0,0,0,1,1
2,chain3,f32,1048576,glibc_t2,P7,6,0,1,2014210.00,1025.0000,0.0000,0.0,2019000.0,1.000,4194304.0,0.000,0,0,4194304,1,1,1,0,1,1
2,chain3,f32,1048576,glibc_t2,FIXED_TWIN,6,1,1,2007932.00,1025.0000,0.0000,943000.0,1069000.0,1.000,4194304.0,0.000,0,0,4194304,1,1,1,0,1,1
2,chain3,f32,1048576,glibc_t2,P5,6,2,1,5761070.00,3075.0000,0.0000,2952000.0,2812000.0,3.000,12582912.0,0.000,0,0,12582912,3,0,0,0,1,1
2,chain3,f32,1048576,glibc_t2,P6,6,3,1,2130861.00,1025.0000,0.0000,1001000.0,1134000.0,1.000,4194304.0,0.000,0,0,4194304,1,2,0,0,1,1
2,chain3,f32,1048576,glibc_t2,FIXED_TWIN,7,0,1,1935733.00,1025.0000,0.0000,0.0,1939000.0,1.000,4194304.0,0.000,0,0,4194304,1,1,1,0,1,1
2,chain3,f32,1048576,glibc_t2,P5,7,1,1,5680831.00,3075.0000,0.0000,0.0,5684000.0,3.000,12582912.0,0.000,0,0,12582912,3,0,0,0,1,1
2,chain3,f32,1048576,glibc_t2,P6,7,2,1,2076901.00,1025.0000,0.0000,975000.0,1105000.0,1.000,4194304.0,0.000,0,0,4194304,1,2,0,0,1,1
2,chain3,f32,1048576,glibc_t2,P7,7,3,1,2097100.00,1025.0000,0.0000,2102000.0,0.0,1.000,4194304.0,0.000,0,0,4194304,1,1,1,0,1,1
2,chain3,f32,1048576,glibc_t2,P5,8,0,1,5189279.00,3075.0000,0.0000,4559000.0,634000.0,3.000,12582912.0,0.000,0,0,12582912,3,0,0,0,1,1
2,chain3,f32,1048576,glibc_t2,P6,8,1,1,2430040.00,1025.0000,0.0000,0.0,2435000.0,1.000,4194304.0,0.000,0,0,4194304,1,2,0,0,1,1
2,chain3,f32,1048576,glibc_t2,P7,8,2,1,1909775.00,1025.0000,0.0000,45000.0,1868000.0,1.000,4194304.0,0.000,0,0,4194304,1,1,1,0,1,1
2,chain3,f32,1048576,glibc_t2,FIXED_TWIN,8,3,1,2082756.00,1025.0000,0.0000,0.0,2088000.0,1.000,4194304.0,0.000,0,0,4194304,1,1,1,0,1,1
2,chain3,f32,1048576,glibc_t2,P6,9,0,1,2015601.00,1025.0000,0.0000,946000.0,1073000.0,1.000,4194304.0,0.000,0,0,4194304,1,2,0,0,1,1
2,chain3,f32,1048576,glibc_t2,P7,9,1,1,1833054.00,1025.0000,0.0000,1835000.0,0.0,1.000,4194304.0,0.000,0,0,4194304,1,1,1,0,1,1
2,chain3,f32,1048576,glibc_t2,FIXED_TWIN,9,2,1,1806665.00,1025.0000,0.0000,851000.0,964000.0,1.000,4194304.0,0.000,0,0,4194304,1,1,1,0,1,1
2,chain3,f32,1048576,glibc_t2,P5,9,3,1,5019344.00,3075.0000,0.0000,478000.0,4543000.0,3.000,12582912.0,0.000,0,0,12582912,3,0,0,0,1,1
2,chain3,f32,1048576,glibc_t2,P7,10,0,1,1916340.00,1025.0000,0.0000,1919000.0,0.0,1.000,4194304.0,0.000,0,0,4194304,1,1,1,0,1,1
2,chain3,f32,1048576,glibc_t2,FIXED_TWIN,10,1,1,1957381.00,1025.0000,0.0000,1961000.0,0.0,1.000,4194304.0,0.000,0,0,4194304,1,1,1,0,1,1
2,chain3,f32,1048576,glibc_t2,P5,10,2,1,4842704.00,3075.0000,0.0000,4000.0,4842000.0,3.000,12582912.0,0.000,0,0,12582912,3,0,0,0,1,1
2,chain3,f32,1048576,glibc_t2,P6,10,3,1,2055075.00,1025.0000,0.0000,2058000.0,0.0,1.000,4194304.0,0.000,0,0,4194304,1,2,0,0,1,1
2,chain3,f32,1048576,glibc_t2,FIXED_TWIN,11,0,1,1866321.00,1025.0000,0.0000,0.0,1869000.0,1.000,4194304.0,0.000,0,0,4194304,1,1,1,0,1,1
2,chain3,f32,1048576,glibc_t2,P5,11,1,1,4791640.00,3075.0000,0.0000,0.0,4793000.0,3.000,12582912.0,0.000,0,0,12582912,3,0,0,0,1,1
2,chain3,f32,1048576,glibc_t2,P6,11,2,1,2501120.00,1025.0000,0.0000,108000.0,2399000.0,1.000,4194304.0,0.000,0,0,4194304,1,2,0,0,1,1
2,chain3,f32,1048576,glibc_t2,P7,11,3,1,2070188.00,1025.0000,0.0000,0.0,2075000.0,1.000,4194304.0,0.000,0,0,4194304,1,1,1,0,1,1
2,chain3,f32,1048576,glibc_t2,P5,12,0,1,5505318.00,3075.0000,0.0000,4707000.0,802000.0,3.000,12582912.0,0.000,0,0,12582912,3,0,0,0,1,1
2,chain3,f32,1048576,glibc_t2,P6,12,1,1,2184216.00,1025.0000,0.0000,2187000.0,0.0,1.000,4194304.0,0.000,0,0,4194304,1,2,0,0,1,1
2,chain3,f32,1048576,glibc_t2,P7,12,2,1,2033688.00,1025.0000,0.0000,955000.0,1082000.0,1.000,4194304.0,0.000,0,0,4194304,1,1,1,0,1,1
2,chain3,f32,1048576,glibc_t2,FIXED_TWIN,12,3,1,2039008.00,1025.0000,0.0000,0.0,2043000.0,1.000,4194304.0,0.000,0,0,4194304,1,1,1,0,1,1
2,chain3,f32,1048576,glibc_t2,P6,13,0,1,2208164.00,1025.0000,0.0000,1037000.0,1175000.0,1.000,4194304.0,0.000,0,0,4194304,1,2,0,0,1,1
2,chain3,f32,1048576,glibc_t2,P7,13,1,1,2219679.00,1025.0000,0.0000,0.0,2225000.0,1.000,4194304.0,0.000,0,0,4194304,1,1,1,0,1,1
2,chain3,f32,1048576,glibc_t2,FIXED_TWIN,13,2,1,2068219.00,1025.0000,0.0000,2072000.0,0.0,1.000,4194304.0,0.000,0,0,4194304,1,1,1,0,1,1
2,chain3,f32,1048576,glibc_t2,P5,13,3,1,5501318.00,3075.0000,0.0000,705000.0,4799000.0,3.000,12582912.0,0.000,0,0,12582912,3,0,0,0,1,1
2,chain3,f32,1048576,glibc_t2,P7,14,0,1,1934341.00,1025.0000,0.0000,860000.0,1078000.0,1.000,4194304.0,0.000,0,0,4194304,1,1,1,0,1,1
2,chain3,f32,1048576,glibc_t2,FIXED_TWIN,14,1,1,2012481.00,1025.0000,0.0000,0.0,2016000.0,1.000,4194304.0,0.000,0,0,4194304,1,1,1,0,1,1
2,chain3,f32,1048576,glibc_t2,P5,14,2,1,5827131.00,3075.0000,0.0000,858000.0,4973000.0,3.000,12582912.0,0.000,0,0,12582912,3,0,0,0,1,1
2,chain3,f32,1048576,glibc_t2,P6,14,3,1,2901975.00,1025.0000,0.0000,0.0,2906000.0,1.000,4194304.0,0.000,0,0,4194304,1,2,0,0,1,1
2,chain3,f32,4194304,glibc_t2,P5,0,0,1,31570343.00,12291.0000,0.0000,3801000.0,27775000.0,3.000,50331648.0,0.000,0,0,50331648,3,0,0,0,1,1
2,chain3,f32,4194304,glibc_t2,P6,0,1,1,14636375.00,4097.0000,0.0000,5240000.0,9403000.0,1.000,16777216.0,0.000,0,0,16777216,1,2,0,0,1,1
2,chain3,f32,4194304,glibc_t2,P7,0,2,1,13654601.00,4097.0000,0.0000,2904000.0,10759000.0,1.000,16777216.0,0.000,0,0,16777216,1,1,1,0,1,1
2,chain3,f32,4194304,glibc_t2,FIXED_TWIN,0,3,1,13414726.00,4097.0000,0.0000,6791000.0,6631000.0,1.000,16777216.0,0.000,0,0,16777216,1,1,1,0,1,1
2,chain3,f32,4194304,glibc_t2,P6,1,0,1,14789308.00,4097.0000,0.0000,5311000.0,9485000.0,1.000,16777216.0,0.000,0,0,16777216,1,2,0,0,1,1
2,chain3,f32,4194304,glibc_t2,P7,1,1,1,11840136.00,4097.0000,0.0000,11847000.0,0.0,1.000,16777216.0,0.000,0,0,16777216,1,1,1,0,1,1
2,chain3,f32,4194304,glibc_t2,FIXED_TWIN,1,2,1,12143825.00,4097.0000,0.0000,8071000.0,4079000.0,1.000,16777216.0,0.000,0,0,16777216,1,1,1,0,1,1
2,chain3,f32,4194304,glibc_t2,P5,1,3,1,32299546.00,12291.0000,0.0000,12142000.0,20161000.0,3.000,50331648.0,0.000,0,0,50331648,3,0,0,0,1,1
2,chain3,f32,4194304,glibc_t2,P7,2,0,1,13215202.00,4097.0000,0.0000,8562000.0,4648000.0,1.000,16777216.0,0.000,0,0,16777216,1,1,1,0,1,1
2,chain3,f32,4194304,glibc_t2,FIXED_TWIN,2,1,1,13578407.00,4097.0000,0.0000,2867000.0,10719000.0,1.000,16777216.0,0.000,0,0,16777216,1,1,1,0,1,1
2,chain3,f32,4194304,glibc_t2,P5,2,2,1,31871138.00,12291.0000,0.0000,11942000.0,19935000.0,3.000,50331648.0,0.000,0,0,50331648,3,0,0,0,1,1
2,chain3,f32,4194304,glibc_t2,P6,2,3,1,15587044.00,4097.0000,0.0000,11810000.0,3784000.0,1.000,16777216.0,0.000,0,0,16777216,1,2,0,0,1,1
2,chain3,f32,4194304,glibc_t2,FIXED_TWIN,3,0,1,13385153.00,4097.0000,0.0000,2776000.0,10616000.0,1.000,16777216.0,0.000,0,0,16777216,1,1,1,0,1,1
2,chain3,f32,4194304,glibc_t2,P5,3,1,1,33165092.00,12291.0000,0.0000,4548000.0,28622000.0,3.000,50331648.0,0.000,0,0,50331648,3,0,0,0,1,1
2,chain3,f32,4194304,glibc_t2,P6,3,2,1,13620108.00,4097.0000,0.0000,4762000.0,8863000.0,1.000,16777216.0,0.000,0,0,16777216,1,2,0,0,1,1
2,chain3,f32,4194304,glibc_t2,P7,3,3,1,12599352.00,4097.0000,0.0000,8285000.0,4322000.0,1.000,16777216.0,0.000,0,0,16777216,1,1,1,0,1,1
2,chain3,f32,4194304,glibc_t2,P5,4,0,1,30863168.00,12291.0000,0.0000,7469000.0,23400000.0,3.000,50331648.0,0.000,0,0,50331648,3,0,0,0,1,1
2,chain3,f32,4194304,glibc_t2,P6,4,1,1,13772344.00,4097.0000,0.0000,6959000.0,6821000.0,1.000,16777216.0,0.000,0,0,16777216,1,2,0,0,1,1
2,chain3,f32,4194304,glibc_t2,P7,4,2,1,11607214.00,4097.0000,0.0000,5695000.0,5918000.0,1.000,16777216.0,0.000,0,0,16777216,1,1,1,0,1,1
2,chain3,f32,4194304,glibc_t2,FIXED_TWIN,4,3,1,11406222.00,4097.0000,0.0000,3724000.0,7689000.0,1.000,16777216.0,0.000,0,0,16777216,1,1,1,0,1,1
2,chain3,f32,4194304,glibc_t2,P6,5,0,1,13354352.00,4097.0000,0.0000,12638000.0,721000.0,1.000,16777216.0,0.000,0,0,16777216,1,2,0,0,1,1
2,chain3,f32,4194304,glibc_t2,P7,5,1,1,12141464.00,4097.0000,0.0000,12071000.0,79000.0,1.000,16777216.0,0.000,0,0,16777216,1,1,1,0,1,1
2,chain3,f32,4194304,glibc_t2,FIXED_TWIN,5,2,1,12012762.00,4097.0000,0.0000,8010000.0,4010000.0,1.000,16777216.0,0.000,0,0,16777216,1,1,1,0,1,1
2,chain3,f32,4194304,glibc_t2,P5,5,3,1,30927411.00,12291.0000,0.0000,9376000.0,21556000.0,3.000,50331648.0,0.000,0,0,50331648,3,0,0,0,1,1
2,chain3,f32,4194304,glibc_t2,P7,6,0,1,14083662.00,4097.0000,0.0000,3102000.0,10942000.0,1.000,16777216.0,0.000,0,0,16777216,1,1,1,0,1,1
2,chain3,f32,4194304,glibc_t2,FIXED_TWIN,6,1,1,15159783.00,4097.0000,0.0000,15166000.0,0.0,1.000,16777216.0,0.000,0,0,16777216,1,1,1,0,1,1
2,chain3,f32,4194304,glibc_t2,P5,6,2,1,32251605.00,12291.0000,0.0000,12120000.0,20138000.0,3.000,50331648.0,0.000,0,0,50331648,3,0,0,0,1,1
2,chain3,f32,4194304,glibc_t2,P6,6,3,1,14971550.00,4097.0000,0.0000,9398000.0,5579000.0,1.000,16777216.0,0.000,0,0,16777216,1,2,0,0,1,1
2,chain3,f32,4194304,glibc_t2,FIXED_TWIN,7,0,1,11820288.00,4097.0000,0.0000,11826000.0,0.0,1.000,16777216.0,0.000,0,0,16777216,1,1,1,0,1,1
2,chain3,f32,4194304,glibc_t2,P5,7,1,1,32329367.00,12291.0000,0.0000,12164000.0,20149000.0,3.000,50331648.0,0.000,0,0,50331648,3,0,0,0,1,1
2,chain3,f32,4194304,glibc_t2,P6,7,2,1,15771242.00,4097.0000,0.0000,9774000.0,6004000.0,1.000,16777216.0,0.000,0,0,16777216,1,2,0,0,1,1
2,chain3,f32,4194304,glibc_t2,P7,7,3,1,13095495.00,4097.0000,0.0000,4517000.0,8585000.0,1.000,16777216.0,0.000,0,0,16777216,1,1,1,0,1,1
2,chain3,f32,4194304,glibc_t2,P5,8,0,1,30919321.00,12291.0000,0.0000,7495000.0,23430000.0,3.000,50331648.0,0.000,0,0,50331648,3,0,0,0,1,1
2,chain3,f32,4194304,glibc_t2,P6,8,1,1,13267731.00,4097.0000,0.0000,4599000.0,8677000.0,1.000,16777216.0,0.000,0,0,16777216,1,2,0,0,1,1
2,chain3,f32,4194304,glibc_t2,P7,8,2,1,11480802.00,4097.0000,0.0000,3759000.0,7728000.0,1.000,16777216.0,0.000,0,0,16777216,1,1,1,0,1,1
2,chain3,f32,4194304,glibc_t2,FIXED_TWIN,8,3,1,12375683.00,4097.0000,0.0000,8180000.0,4203000.0,1.000,16777216.0,0.000,0,0,16777216,1,1,1,0,1,1
2,chain3,f32,4194304,glibc_t2,P6,9,0,1,12684178.00,4097.0000,0.0000,10445000.0,2245000.0,1.000,16777216.0,0.000,0,0,16777216,1,2,0,0,1,1
2,chain3,f32,4194304,glibc_t2,P7,9,1,1,11830448.00,4097.0000,0.0000,7923000.0,3912000.0,1.000,16777216.0,0.000,0,0,16777216,1,1,1,0,1,1
2,chain3,f32,4194304,glibc_t2,FIXED_TWIN,9,2,1,11698086.00,4097.0000,0.0000,3878000.0,7862000.0,1.000,16777216.0,0.000,0,0,16777216,1,1,1,0,1,1
2,chain3,f32,4194304,glibc_t2,P5,9,3,1,30245033.00,12291.0000,0.0000,9057000.0,21194000.0,3.000,50331648.0,0.000,0,0,50331648,3,0,0,0,1,1
2,chain3,f32,4194304,glibc_t2,P7,10,0,1,12669662.00,4097.0000,0.0000,12282000.0,358000.0,1.000,16777216.0,0.000,0,0,16777216,1,1,1,0,1,1
2,chain3,f32,4194304,glibc_t2,FIXED_TWIN,10,1,1,11807684.00,4097.0000,0.0000,11814000.0,0.0,1.000,16777216.0,0.000,0,0,16777216,1,1,1,0,1,1
2,chain3,f32,4194304,glibc_t2,P5,10,2,1,30774492.00,12291.0000,0.0000,3426000.0,27354000.0,3.000,50331648.0,0.000,0,0,50331648,3,0,0,0,1,1
2,chain3,f32,4194304,glibc_t2,P6,10,3,1,12853559.00,4097.0000,0.0000,4404000.0,8456000.0,1.000,16777216.0,0.000,0,0,16777216,1,2,0,0,1,1
2,chain3,f32,4194304,glibc_t2,FIXED_TWIN,11,0,1,11327536.00,4097.0000,0.0000,11334000.0,0.0,1.000,16777216.0,0.000,0,0,16777216,1,1,1,0,1,1
2,chain3,f32,4194304,glibc_t2,P5,11,1,1,32065668.00,12291.0000,0.0000,8033000.0,24038000.0,3.000,50331648.0,0.000,0,0,50331648,3,0,0,0,1,1
2,chain3,f32,4194304,glibc_t2,P6,11,2,1,13392378.00,4097.0000,0.0000,8658000.0,4742000.0,1.000,16777216.0,0.000,0,0,16777216,1,2,0,0,1,1
2,chain3,f32,4194304,glibc_t2,P7,11,3,1,11160102.00,4097.0000,0.0000,7608000.0,3558000.0,1.000,16777216.0,0.000,0,0,16777216,1,1,1,0,1,1
2,chain3,f32,4194304,glibc_t2,P5,12,0,1,31076402.00,12291.0000,0.0000,11568000.0,19514000.0,3.000,50331648.0,0.000,0,0,50331648,3,0,0,0,1,1
2,chain3,f32,4194304,glibc_t2,P6,12,1,1,13702145.00,4097.0000,0.0000,4804000.0,8906000.0,1.000,16777216.0,0.000,0,0,16777216,1,2,0,0,1,1
2,chain3,f32,4194304,glibc_t2,P7,12,2,1,12704121.00,4097.0000,0.0000,4291000.0,8377000.0,1.000,16777216.0,0.000,0,0,16777216,1,1,1,0,1,1
2,chain3,f32,4194304,glibc_t2,FIXED_TWIN,12,3,1,12810203.00,4097.0000,0.0000,4384000.0,8433000.0,1.000,16777216.0,0.000,0,0,16777216,1,1,1,0,1,1
2,chain3,f32,4194304,glibc_t2,P6,13,0,1,12685050.00,4097.0000,0.0000,8325000.0,4366000.0,1.000,16777216.0,0.000,0,0,16777216,1,2,0,0,1,1
2,chain3,f32,4194304,glibc_t2,P7,13,1,1,12002724.00,4097.0000,0.0000,8005000.0,4005000.0,1.000,16777216.0,0.000,0,0,16777216,1,1,1,0,1,1
2,chain3,f32,4194304,glibc_t2,FIXED_TWIN,13,2,1,11676960.00,4097.0000,0.0000,7840000.0,3832000.0,1.000,16777216.0,0.000,0,0,16777216,1,1,1,0,1,1
2,chain3,f32,4194304,glibc_t2,P5,13,3,1,30994031.00,12291.0000,0.0000,11529000.0,19407000.0,3.000,50331648.0,0.000,0,0,50331648,3,0,0,0,1,1
2,chain3,f32,4194304,glibc_t2,P7,14,0,1,13751531.00,4097.0000,0.0000,2945000.0,10813000.0,1.000,16777216.0,0.000,0,0,16777216,1,1,1,0,1,1
2,chain3,f32,4194304,glibc_t2,FIXED_TWIN,14,1,1,12870668.00,4097.0000,0.0000,8413000.0,4465000.0,1.000,16777216.0,0.000,0,0,16777216,1,1,1,0,1,1
2,chain3,f32,4194304,glibc_t2,P5,14,2,1,30363661.00,12291.0000,0.0000,11232000.0,19136000.0,3.000,50331648.0,0.000,0,0,50331648,3,0,0,0,1,1
2,chain3,f32,4194304,glibc_t2,P6,14,3,1,12404180.00,4097.0000,0.0000,12193000.0,217000.0,1.000,16777216.0,0.000,0,0,16777216,1,2,0,0,1,1
2,chain3,f32,16777216,glibc_t2,P5,0,0,1,122422953.00,49155.0000,0.0000,37140000.0,85289000.0,3.000,201326592.0,0.000,0,0,201326592,3,0,0,0,1,1
2,chain3,f32,16777216,glibc_t2,P6,0,1,1,63939773.00,16385.0000,0.0000,31915000.0,31932000.0,1.000,67108864.0,0.000,0,0,67108864,1,2,0,0,1,1
2,chain3,f32,16777216,glibc_t2,P7,0,2,1,54758750.00,16385.0000,0.0000,33301000.0,21465000.0,1.000,67108864.0,0.000,0,0,67108864,1,1,1,0,1,1
2,chain3,f32,16777216,glibc_t2,FIXED_TWIN,0,3,1,55567845.00,16385.0000,0.0000,39802000.0,15774000.0,1.000,67108864.0,0.000,0,0,67108864,1,1,1,0,1,1
2,chain3,f32,16777216,glibc_t2,P6,1,0,1,64709764.00,16385.0000,0.0000,40338000.0,24379000.0,1.000,67108864.0,0.000,0,0,67108864,1,2,0,0,1,1
2,chain3,f32,16777216,glibc_t2,P7,1,1,1,56305843.00,16385.0000,0.0000,40117000.0,16165000.0,1.000,67108864.0,0.000,0,0,67108864,1,1,1,0,1,1
2,chain3,f32,16777216,glibc_t2,FIXED_TWIN,1,2,1,54762067.00,16385.0000,0.0000,31420000.0,23348000.0,1.000,67108864.0,0.000,0,0,67108864,1,1,1,0,1,1
2,chain3,f32,16777216,glibc_t2,P5,1,3,1,119796424.00,49155.0000,0.0000,39850000.0,79789000.0,3.000,201326592.0,0.000,0,0,201326592,3,0,0,0,1,1
2,chain3,f32,16777216,glibc_t2,P7,2,0,1,53297897.00,16385.0000,0.0000,28614000.0,24689000.0,1.000,67108864.0,0.000,0,0,67108864,1,1,1,0,1,1
2,chain3,f32,16777216,glibc_t2,FIXED_TWIN,2,1,1,55256951.00,16385.0000,0.0000,31654000.0,23610000.0,1.000,67108864.0,0.000,0,0,67108864,1,1,1,0,1,1
2,chain3,f32,16777216,glibc_t2,P5,2,2,1,117054807.00,49155.0000,0.0000,28498000.0,88553000.0,3.000,201326592.0,0.000,0,0,201326592,3,0,0,0,1,1
2,chain3,f32,16777216,glibc_t2,P6,2,3,1,60065369.00,16385.0000,0.0000,48035000.0,12036000.0,1.000,67108864.0,0.000,0,0,67108864,1,2,0,0,1,1
2,chain3,f32,16777216,glibc_t2,FIXED_TWIN,3,0,1,54991300.00,16385.0000,0.0000,27528000.0,27471000.0,1.000,67108864.0,0.000,0,0,67108864,1,1,1,0,1,1
2,chain3,f32,16777216,glibc_t2,P5,3,1,1,118534360.00,49155.0000,0.0000,35310000.0,83229000.0,3.000,201326592.0,0.000,0,0,201326592,3,0,0,0,1,1
2,chain3,f32,16777216,glibc_t2,P6,3,2,1,62073596.00,16385.0000,0.0000,32981000.0,29099000.0,1.000,67108864.0,0.000,0,0,67108864,1,2,0,0,1,1
2,chain3,f32,16777216,glibc_t2,P7,3,3,1,55527518.00,16385.0000,0.0000,35781000.0,19754000.0,1.000,67108864.0,0.000,0,0,67108864,1,1,1,0,1,1
2,chain3,f32,16777216,glibc_t2,P5,4,0,1,119491138.00,49155.0000,0.0000,23761000.0,95715000.0,3.000,201326592.0,0.000,0,0,201326592,3,0,0,0,1,1
2,chain3,f32,16777216,glibc_t2,P6,4,1,1,62227517.00,16385.0000,0.0000,43168000.0,19066000.0,1.000,67108864.0,0.000,0,0,67108864,1,2,0,0,1,1
2,chain3,f32,16777216,glibc_t2,P7,4,2,1,55550857.00,16385.0000,0.0000,27792000.0,27766000.0,1.000,67108864.0,0.000,0,0,67108864,1,1,1,0,1,1
2,chain3,f32,16777216,glibc_t2,FIXED_TWIN,4,3,1,59175676.00,16385.0000,0.0000,23614000.0,35569000.0,1.000,67108864.0,0.000,0,0,67108864,1,1,1,0,1,1
2,chain3,f32,16777216,glibc_t2,P6,5,0,1,62061093.00,16385.0000,0.0000,40978000.0,21092000.0,1.000,67108864.0,0.000,0,0,67108864,1,2,0,0,1,1
2,chain3,f32,16777216,glibc_t2,P7,5,1,1,56520210.00,16385.0000,0.0000,28240000.0,28278000.0,1.000,67108864.0,0.000,0,0,67108864,1,1,1,0,1,1
2,chain3,f32,16777216,glibc_t2,FIXED_TWIN,5,2,1,55200278.00,16385.0000,0.0000,27625000.0,27582000.0,1.000,67108864.0,0.000,0,0,67108864,1,1,1,0,1,1
2,chain3,f32,16777216,glibc_t2,P5,5,3,1,118431864.00,49155.0000,0.0000,49151000.0,69286000.0,3.000,201326592.0,0.000,0,0,201326592,3,0,0,0,1,1
2,chain3,f32,16777216,glibc_t2,P7,6,0,1,57340272.00,16385.0000,0.0000,40634000.0,16705000.0,1.000,67108864.0,0.000,0,0,67108864,1,1,1,0,1,1
2,chain3,f32,16777216,glibc_t2,FIXED_TWIN,6,1,1,56116574.00,16385.0000,0.0000,40060000.0,16065000.0,1.000,67108864.0,0.000,0,0,67108864,1,1,1,0,1,1
2,chain3,f32,16777216,glibc_t2,P5,6,2,1,119864537.00,49155.0000,0.0000,23937000.0,95934000.0,3.000,201326592.0,0.000,0,0,201326592,3,0,0,0,1,1
2,chain3,f32,16777216,glibc_t2,P6,6,3,1,64328704.00,16385.0000,0.0000,40160000.0,24177000.0,1.000,67108864.0,0.000,0,0,67108864,1,2,0,0,1,1
2,chain3,f32,16777216,glibc_t2,FIXED_TWIN,7,0,1,56159596.00,16385.0000,0.0000,20079000.0,36089000.0,1.000,67108864.0,0.000,0,0,67108864,1,1,1,0,1,1
2,chain3,f32,16777216,glibc_t2,P5,7,1,1,124939868.00,49155.0000,0.0000,32428000.0,92433000.0,3.000,201326592.0,0.000,0,0,201326592,3,0,0,0,1,1
2,chain3,f32,16777216,glibc_t2,P6,7,2,1,67018980.00,16385.0000,0.0000,31540000.0,35487000.0,1.000,67108864.0,0.000,0,0,67108864,1,2,0,0,1,1
2,chain3,f32,16777216,glibc_t2,P7,7,3,1,56063118.00,16385.0000,0.0000,20033000.0,36037000.0,1.000,67108864.0,0.000,0,0,67108864,1,1,1,0,1,1
2,chain3,f32,16777216,glibc_t2,P5,8,0,1,120124697.00,49155.0000,0.0000,40061000.0,80060000.0,3.000,201326592.0,0.000,0,0,201326592,3,0,0,0,1,1
2,chain3,f32,16777216,glibc_t2,P6,8,1,1,66342424.00,16385.0000,0.0000,33073000.0,33239000.0,1.000,67108864.0,0.000,0,0,67108864,1,2,0,0,1,1
2,chain3,f32,16777216,glibc_t2,P7,8,2,1,57050226.00,16385.0000,0.0000,24495000.0,32553000.0,1.000,67108864.0,0.000,0,0,67108864,1,1,1,0,1,1
2,chain3,f32,16777216,glibc_t2,FIXED_TWIN,8,3,1,55459782.00,16385.0000,0.0000,27743000.0,27727000.0,1.000,67108864.0,0.000,0,0,67108864,1,1,1,0,1,1
2,chain3,f32,16777216,glibc_t2,P6,9,0,1,62411307.00,16385.0000,0.0000,31252000.0,31166000.0,1.000,67108864.0,0.000,0,0,67108864,1,2,0,0,1,1
2,chain3,f32,16777216,glibc_t2,P7,9,1,1,56023352.00,16385.0000,0.0000,20014000.0,36016000.0,1.000,67108864.0,0.000,0,0,67108864,1,1,1,0,1,1
2,chain3,f32,16777216,glibc_t2,FIXED_TWIN,9,2,1,53768581.00,16385.0000,0.0000,34948000.0,18818000.0,1.000,67108864.0,0.000,0,0,67108864,1,1,1,0,1,1
2,chain3,f32,16777216,glibc_t2,P5,9,3,1,116813028.00,49155.0000,0.0000,52388000.0,64432000.0,3.000,201326592.0,0.000,0,0,201326592,3,0,0,0,1,1
2,chain3,f32,16777216,glibc_t2,P7,10,0,1,54616513.00,16385.0000,0.0000,17198000.0,37382000.0,1.000,67108864.0,0.000,0,0,67108864,1,1,1,0,1,1
2,chain3,f32,16777216,glibc_t2,FIXED_TWIN,10,1,1,53736482.00,16385.0000,0.0000,38933000.0,14812000.0,1.000,67108864.0,0.000,0,0,67108864,1,1,1,0,1,1
2,chain3,f32,16777216,glibc_t2,P5,10,2,1,118756364.00,49155.0000,0.0000,47413000.0,71349000.0,3.000,201326592.0,0.000,0,0,201326592,3,0,0,0,1,1
2,chain3,f32,16777216,glibc_t2,P6,10,3,1,60287472.00,16385.0000,0.0000,44140000.0,16153000.0,1.000,67108864.0,0.000,0,0,67108864,1,2,0,0,1,1
2,chain3,f32,16777216,glibc_t2,FIXED_TWIN,11,0,1,54709654.00,16385.0000,0.0000,25287000.0,29430000.0,1.000,67108864.0,0.000,0,0,67108864,1,1,1,0,1,1
2,chain3,f32,16777216,glibc_t2,P5,11,1,1,118221236.00,49155.0000,0.0000,35122000.0,83068000.0,3.000,201326592.0,0.000,0,0,201326592,3,0,0,0,1,1
2,chain3,f32,16777216,glibc_t2,P6,11,2,1,66312613.00,16385.0000,0.0000,37072000.0,29189000.0,1.000,67108864.0,0.000,0,0,67108864,1,2,0,0,1,1
2,chain3,f32,16777216,glibc_t2,P7,11,3,1,52732324.00,16385.0000,0.0000,32350000.0,20388000.0,1.000,67108864.0,0.000,0,0,67108864,1,1,1,0,1,1
2,chain3,f32,16777216,glibc_t2,P5,12,0,1,116046417.00,49155.0000,0.0000,28023000.0,88029000.0,3.000,201326592.0,0.000,0,0,201326592,3,0,0,0,1,1
2,chain3,f32,16777216,glibc_t2,P6,12,1,1,61488188.00,16385.0000,0.0000,32709000.0,28787000.0,1.000,67108864.0,0.000,0,0,67108864,1,2,0,0,1,1
2,chain3,f32,16777216,glibc_t2,P7,12,2,1,53625856.00,16385.0000,0.0000,26878000.0,26755000.0,1.000,67108864.0,0.000,0,0,67108864,1,1,1,0,1,1
2,chain3,f32,16777216,glibc_t2,FIXED_TWIN,12,3,1,53041067.00,16385.0000,0.0000,20496000.0,32527000.0,1.000,67108864.0,0.000,0,0,67108864,1,1,1,0,1,1
2,chain3,f32,16777216,glibc_t2,P6,13,0,1,58901105.00,16385.0000,0.0000,43482000.0,15425000.0,1.000,67108864.0,0.000,0,0,67108864,1,2,0,0,1,1
2,chain3,f32,16777216,glibc_t2,P7,13,1,1,53000084.00,16385.0000,0.0000,28477000.0,24528000.0,1.000,67108864.0,0.000,0,0,67108864,1,1,1,0,1,1
2,chain3,f32,16777216,glibc_t2,FIXED_TWIN,13,2,1,53639194.00,16385.0000,0.0000,26883000.0,26763000.0,1.000,67108864.0,0.000,0,0,67108864,1,1,1,0,1,1
2,chain3,f32,16777216,glibc_t2,P5,13,3,1,114515373.00,49155.0000,0.0000,23297000.0,91225000.0,3.000,201326592.0,0.000,0,0,201326592,3,0,0,0,1,1
2,chain3,f32,16777216,glibc_t2,P7,14,0,1,52562984.00,16385.0000,0.0000,18371000.0,34196000.0,1.000,67108864.0,0.000,0,0,67108864,1,1,1,0,1,1
2,chain3,f32,16777216,glibc_t2,FIXED_TWIN,14,1,1,52877684.00,16385.0000,0.0000,40420000.0,12464000.0,1.000,67108864.0,0.000,0,0,67108864,1,1,1,0,1,1
2,chain3,f32,16777216,glibc_t2,P5,14,2,1,114104077.00,49155.0000,0.0000,33000000.0,81067000.0,3.000,201326592.0,0.000,0,0,201326592,3,0,0,0,1,1
2,chain3,f32,16777216,glibc_t2,P6,14,3,1,59158675.00,16385.0000,0.0000,35586000.0,23531000.0,1.000,67108864.0,0.000,0,0,67108864,1,2,0,0,1,1
2,chain3,f32,67108864,glibc_t2,P5,0,0,1,491774088.00,196611.0000,0.0000,115896000.0,375872000.0,3.000,805306368.0,0.000,0,0,805306368,3,0,0,0,1,1
2,chain3,f32,67108864,glibc_t2,P6,0,1,1,586585088.00,65537.0000,0.0000,155332000.0,431193000.0,1.000,268435456.0,0.000,0,0,268435456,1,2,0,0,1,1
2,chain3,f32,67108864,glibc_t2,P7,0,2,1,218884600.00,65537.0000,0.0000,107482000.0,111376000.0,1.000,268435456.0,0.000,0,0,268435456,1,1,1,0,1,1
2,chain3,f32,67108864,glibc_t2,FIXED_TWIN,0,3,1,216727603.00,65537.0000,0.0000,116335000.0,100368000.0,1.000,268435456.0,0.000,0,0,268435456,1,1,1,0,1,1
2,chain3,f32,67108864,glibc_t2,P6,1,0,1,261124630.00,65537.0000,0.0000,132515000.0,128605000.0,1.000,268435456.0,0.000,0,0,268435456,1,2,0,0,1,1
2,chain3,f32,67108864,glibc_t2,P7,1,1,1,222737907.00,65537.0000,0.0000,139431000.0,83316000.0,1.000,268435456.0,0.000,0,0,268435456,1,1,1,0,1,1
2,chain3,f32,67108864,glibc_t2,FIXED_TWIN,1,2,1,220671132.00,65537.0000,0.0000,120289000.0,100368000.0,1.000,268435456.0,0.000,0,0,268435456,1,1,1,0,1,1
2,chain3,f32,67108864,glibc_t2,P5,1,3,1,494120373.00,196611.0000,0.0000,164872000.0,329124000.0,3.000,805306368.0,0.000,0,0,805306368,3,0,0,0,1,1
2,chain3,f32,67108864,glibc_t2,P7,2,0,1,235339230.00,65537.0000,0.0000,97462000.0,137791000.0,1.000,268435456.0,0.000,0,0,268435456,1,1,1,0,1,1
2,chain3,f32,67108864,glibc_t2,FIXED_TWIN,2,1,1,224601212.00,65537.0000,0.0000,120263000.0,104319000.0,1.000,268435456.0,0.000,0,0,268435456,1,1,1,0,1,1
2,chain3,f32,67108864,glibc_t2,P5,2,2,1,541461043.00,196611.0000,0.0000,172633000.0,368752000.0,3.000,805306368.0,0.000,0,0,805306368,3,0,0,0,1,1
2,chain3,f32,67108864,glibc_t2,P6,2,3,1,651394762.00,65537.0000,0.0000,155623000.0,495579000.0,1.000,268435456.0,0.000,0,0,268435456,1,2,0,0,1,1
2,chain3,f32,67108864,glibc_t2,FIXED_TWIN,3,0,1,237873941.00,65537.0000,0.0000,140877000.0,97004000.0,1.000,268435456.0,0.000,0,0,268435456,1,1,1,0,1,1
2,chain3,f32,67108864,glibc_t2,P5,3,1,1,512395384.00,196611.0000,0.0000,127987000.0,384017000.0,3.000,805306368.0,0.000,0,0,805306368,3,0,0,0,1,1
2,chain3,f32,67108864,glibc_t2,P6,3,2,1,263593689.00,65537.0000,0.0000,163856000.0,99729000.0,1.000,268435456.0,0.000,0,0,268435456,1,2,0,0,1,1
2,chain3,f32,67108864,glibc_t2,P7,3,3,1,227938665.00,65537.0000,0.0000,132002000.0,95933000.0,1.000,268435456.0,0.000,0,0,268435456,1,1,1,0,1,1
2,chain3,f32,67108864,glibc_t2,P5,4,0,1,959765725.00,196611.0000,0.0000,171328000.0,787750000.0,3.000,805306368.0,0.000,0,0,805306368,3,0,0,0,1,1
2,chain3,f32,67108864,glibc_t2,P6,4,1,1,255936313.00,65537.0000,0.0000,172012000.0,83899000.0,1.000,268435456.0,0.000,0,0,268435456,1,2,0,0,1,1
2,chain3,f32,67108864,glibc_t2,P7,4,2,1,235266325.00,65537.0000,0.0000,115676000.0,119558000.0,1.000,268435456.0,0.000,0,0,268435456,1,1,1,0,1,1
2,chain3,f32,67108864,glibc_t2,FIXED_TWIN,4,3,1,221942099.00,65537.0000,0.0000,131058000.0,90819000.0,1.000,268435456.0,0.000,0,0,268435456,1,1,1,0,1,1
2,chain3,f32,67108864,glibc_t2,P6,5,0,1,244520670.00,65537.0000,0.0000,132253000.0,112196000.0,1.000,268435456.0,0.000,0,0,268435456,1,2,0,0,1,1
2,chain3,f32,67108864,glibc_t2,P7,5,1,1,215503979.00,65537.0000,0.0000,131791000.0,83690000.0,1.000,268435456.0,0.000,0,0,268435456,1,1,1,0,1,1
2,chain3,f32,67108864,glibc_t2,FIXED_TWIN,5,2,1,225045846.00,65537.0000,0.0000,140422000.0,84549000.0,1.000,268435456.0,0.000,0,0,268435456,1,1,1,0,1,1
2,chain3,f32,67108864,glibc_t2,P5,5,3,1,482293968.00,196611.0000,0.0000,167186000.0,315032000.0,3.000,805306368.0,0.000,0,0,805306368,3,0,0,0,1,1
2,chain3,f32,67108864,glibc_t2,P7,6,0,1,225538583.00,65537.0000,0.0000,132667000.0,92831000.0,1.000,268435456.0,0.000,0,0,268435456,1,1,1,0,1,1
2,chain3,f32,67108864,glibc_t2,FIXED_TWIN,6,1,1,231940262.00,65537.0000,0.0000,123998000.0,107949000.0,1.000,268435456.0,0.000,0,0,268435456,1,1,1,0,1,1
2,chain3,f32,67108864,glibc_t2,P5,6,2,1,529155400.00,196611.0000,0.0000,184358000.0,344579000.0,3.000,805306368.0,0.000,0,0,805306368,3,0,0,0,1,1
2,chain3,f32,67108864,glibc_t2,P6,6,3,1,601978873.00,65537.0000,0.0000,168761000.0,433183000.0,1.000,268435456.0,0.000,0,0,268435456,1,2,0,0,1,1
2,chain3,f32,67108864,glibc_t2,FIXED_TWIN,7,0,1,225308693.00,65537.0000,0.0000,120514000.0,104681000.0,1.000,268435456.0,0.000,0,0,268435456,1,1,1,0,1,1
2,chain3,f32,67108864,glibc_t2,P5,7,1,1,464106429.00,196611.0000,0.0000,164011000.0,300088000.0,3.000,805306368.0,0.000,0,0,805306368,3,0,0,0,1,1
2,chain3,f32,67108864,glibc_t2,P6,7,2,1,253122037.00,65537.0000,0.0000,148507000.0,104588000.0,1.000,268435456.0,0.000,0,0,268435456,1,2,0,0,1,1
2,chain3,f32,67108864,glibc_t2,P7,7,3,1,217879472.00,65537.0000,0.0000,124843000.0,93034000.0,1.000,268435456.0,0.000,0,0,268435456,1,1,1,0,1,1
2,chain3,f32,67108864,glibc_t2,P5,8,0,1,492063266.00,196611.0000,0.0000,111936000.0,380105000.0,3.000,805306368.0,0.000,0,0,805306368,3,0,0,0,1,1
2,chain3,f32,67108864,glibc_t2,P6,8,1,1,582277890.00,65537.0000,0.0000,175198000.0,406961000.0,1.000,268435456.0,0.000,0,0,268435456,1,2,0,0,1,1
2,chain3,f32,67108864,glibc_t2,P7,8,2,1,225385629.00,65537.0000,0.0000,110891000.0,114502000.0,1.000,268435456.0,0.000,0,0,268435456,1,1,1,0,1,1
2,chain3,f32,67108864,glibc_t2,FIXED_TWIN,8,3,1,240410518.00,65537.0000,0.0000,136207000.0,104210000.0,1.000,268435456.0,0.000,0,0,268435456,1,1,1,0,1,1
2,chain3,f32,67108864,glibc_t2,P6,9,0,1,273949901.00,65537.0000,0.0000,164838000.0,109076000.0,1.000,268435456.0,0.000,0,0,268435456,1,2,0,0,1,1
2,chain3,f32,67108864,glibc_t2,P7,9,1,1,219048457.00,65537.0000,0.0000,105315000.0,113728000.0,1.000,268435456.0,0.000,0,0,268435456,1,1,1,0,1,1
2,chain3,f32,67108864,glibc_t2,FIXED_TWIN,9,2,1,219437463.00,65537.0000,0.0000,127777000.0,91642000.0,1.000,268435456.0,0.000,0,0,268435456,1,1,1,0,1,1
2,chain3,f32,67108864,glibc_t2,P5,9,3,1,482460655.00,196611.0000,0.0000,179292000.0,303103000.0,3.000,805306368.0,0.000,0,0,805306368,3,0,0,0,1,1
2,chain3,f32,67108864,glibc_t2,P7,10,0,1,235256705.00,65537.0000,0.0000,131259000.0,103510000.0,1.000,268435456.0,0.000,0,0,268435456,1,1,1,0,1,1
2,chain3,f32,67108864,glibc_t2,FIXED_TWIN,10,1,1,238398165.00,65537.0000,0.0000,127338000.0,111069000.0,1.000,268435456.0,0.000,0,0,268435456,1,1,1,0,1,1
2,chain3,f32,67108864,glibc_t2,P5,10,2,1,472567879.00,196611.0000,0.0000,116121000.0,356386000.0,3.000,805306368.0,0.000,0,0,805306368,3,0,0,0,1,1
2,chain3,f32,67108864,glibc_t2,P6,10,3,1,585917151.00,65537.0000,0.0000,144696000.0,441110000.0,1.000,268435456.0,0.000,0,0,268435456,1,2,0,0,1,1
2,chain3,f32,67108864,glibc_t2,FIXED_TWIN,11,0,1,222907971.00,65537.0000,0.0000,139572000.0,83343000.0,1.000,268435456.0,0.000,0,0,268435456,1,1,1,0,1,1
2,chain3,f32,67108864,glibc_t2,P5,11,1,1,470393675.00,196611.0000,0.0000,139200000.0,331043000.0,3.000,805306368.0,0.000,0,0,805306368,3,0,0,0,1,1
2,chain3,f32,67108864,glibc_t2,P6,11,2,1,239406829.00,65537.0000,0.0000,131729000.0,107582000.0,1.000,268435456.0,0.000,0,0,268435456,1,2,0,0,1,1
2,chain3,f32,67108864,glibc_t2,P7,11,3,1,222407339.00,65537.0000,0.0000,121047000.0,101368000.0,1.000,268435456.0,0.000,0,0,268435456,1,1,1,0,1,1
2,chain3,f32,67108864,glibc_t2,P5,12,0,1,472390721.00,196611.0000,0.0000,132118000.0,340246000.0,3.000,805306368.0,0.000,0,0,805306368,3,0,0,0,1,1
2,chain3,f32,67108864,glibc_t2,P6,12,1,1,238217179.00,65537.0000,0.0000,155275000.0,82935000.0,1.000,268435456.0,0.000,0,0,268435456,1,2,0,0,1,1
2,chain3,f32,67108864,glibc_t2,P7,12,2,1,217356538.00,65537.0000,0.0000,124597000.0,92754000.0,1.000,268435456.0,0.000,0,0,268435456,1,1,1,0,1,1
2,chain3,f32,67108864,glibc_t2,FIXED_TWIN,12,3,1,233706875.00,65537.0000,0.0000,151022000.0,82585000.0,1.000,268435456.0,0.000,0,0,268435456,1,1,1,0,1,1
2,chain3,f32,67108864,glibc_t2,P6,13,0,1,260438942.00,65537.0000,0.0000,160227000.0,100220000.0,1.000,268435456.0,0.000,0,0,268435456,1,2,0,0,1,1
2,chain3,f32,67108864,glibc_t2,P7,13,1,1,219968819.00,65537.0000,0.0000,140019000.0,79873000.0,1.000,268435456.0,0.000,0,0,268435456,1,1,1,0,1,1
2,chain3,f32,67108864,glibc_t2,FIXED_TWIN,13,2,1,216594618.00,65537.0000,0.0000,116265000.0,100327000.0,1.000,268435456.0,0.000,0,0,268435456,1,1,1,0,1,1
2,chain3,f32,67108864,glibc_t2,P5,13,3,1,472384903.00,196611.0000,0.0000,120069000.0,352272000.0,3.000,805306368.0,0.000,0,0,805306368,3,0,0,0,1,1
2,chain3,f32,67108864,glibc_t2,P7,14,0,1,226016312.00,65537.0000,0.0000,127138000.0,98817000.0,1.000,268435456.0,0.000,0,0,268435456,1,1,1,0,1,1
2,chain3,f32,67108864,glibc_t2,FIXED_TWIN,14,1,1,224174489.00,65537.0000,0.0000,132103000.0,92078000.0,1.000,268435456.0,0.000,0,0,268435456,1,1,1,0,1,1
2,chain3,f32,67108864,glibc_t2,P5,14,2,1,472746154.00,196611.0000,0.0000,144278000.0,328421000.0,3.000,805306368.0,0.000,0,0,805306368,3,0,0,0,1,1
2,chain3,f32,67108864,glibc_t2,P6,14,3,1,604523465.00,65537.0000,0.0000,132890000.0,469369000.0,1.000,268435456.0,0.000,0,0,268435456,1,2,0,0,1,1
2,chain4,f32,64,glibc_t2,P5,0,0,1000,1620.02,0.0000,0.0000,684.0,939.0,4.000,1024.0,0.000,0,0,256768,4,0,0,0,1,1
2,chain4,f32,64,glibc_t2,P6,0,1,1000,1538.79,0.0000,0.0000,1358.0,183.0,1.000,256.0,0.000,0,0,256000,1,3,0,0,1,1
2,chain4,f32,64,glibc_t2,P7,0,2,1000,1529.78,0.0000,0.0000,1329.0,201.0,1.000,256.0,0.000,0,0,256000,1,2,1,0,1,1
2,chain4,f32,64,glibc_t2,FIXED_TWIN,0,3,1000,1615.66,0.0000,0.0000,1369.0,247.0,1.000,256.0,0.000,0,0,256000,1,2,1,0,1,1
2,chain4,f32,64,glibc_t2,P6,1,0,1000,1547.96,0.0000,0.0000,1549.0,0.0,1.000,256.0,0.000,0,0,256000,1,3,0,0,1,1
2,chain4,f32,64,glibc_t2,P7,1,1,1000,1590.20,0.0000,0.0000,1594.0,0.0,1.000,256.0,0.000,0,0,256000,1,2,1,0,1,1
2,chain4,f32,64,glibc_t2,FIXED_TWIN,1,2,1000,1557.97,0.0000,0.0000,1558.0,0.0,1.000,256.0,0.000,0,0,256000,1,2,1,0,1,1
2,chain4,f32,64,glibc_t2,P5,1,3,1000,1605.44,0.0000,0.0000,1606.0,0.0,4.000,1024.0,0.000,0,0,256768,4,0,0,0,1,1
2,chain4,f32,64,glibc_t2,P7,2,0,1000,1498.87,0.0000,0.0000,1501.0,0.0,1.000,256.0,0.000,0,0,256000,1,2,1,0,1,1
2,chain4,f32,64,glibc_t2,FIXED_TWIN,2,1,1000,1517.21,0.0000,0.0000,1518.0,0.0,1.000,256.0,0.000,0,0,256000,1,2,1,0,1,1
2,chain4,f32,64,glibc_t2,P5,2,2,1000,1609.36,0.0000,0.0000,1611.0,0.0,4.000,1024.0,0.000,0,0,256768,4,0,0,0,1,1
2,chain4,f32,64,glibc_t2,P6,2,3,1000,1544.54,0.0000,0.0000,1545.0,0.0,1.000,256.0,0.000,0,0,256000,1,3,0,0,1,1
2,chain4,f32,64,glibc_t2,FIXED_TWIN,3,0,1000,1527.33,0.0000,0.0000,1528.0,0.0,1.000,256.0,0.000,0,0,256000,1,2,1,0,1,1
2,chain4,f32,64,glibc_t2,P5,3,1,1000,1605.50,0.0000,0.0000,1607.0,0.0,4.000,1024.0,0.000,0,0,256768,4,0,0,0,1,1
2,chain4,f32,64,glibc_t2,P6,3,2,1000,1536.69,0.0000,0.0000,1538.0,0.0,1.000,256.0,0.000,0,0,256000,1,3,0,0,1,1
2,chain4,f32,64,glibc_t2,P7,3,3,1000,1520.76,0.0000,0.0000,1522.0,0.0,1.000,256.0,0.000,0,0,256000,1,2,1,0,1,1
2,chain4,f32,64,glibc_t2,P5,4,0,1000,1631.12,0.0000,0.0000,1632.0,0.0,4.000,1024.0,0.000,0,0,256768,4,0,0,0,1,1
2,chain4,f32,64,glibc_t2,P6,4,1,1000,1549.89,0.0000,0.0000,1551.0,0.0,1.000,256.0,0.000,0,0,256000,1,3,0,0,1,1
2,chain4,f32,64,glibc_t2,P7,4,2,1000,1518.09,0.0000,0.0000,1519.0,0.0,1.000,256.0,0.000,0,0,256000,1,2,1,0,1,1
2,chain4,f32,64,glibc_t2,FIXED_TWIN,4,3,1000,1786.12,0.0000,0.0000,1791.0,0.0,1.000,256.0,0.000,0,0,256000,1,2,1,0,1,1
2,chain4,f32,64,glibc_t2,P6,5,0,1000,1521.52,0.0000,0.0000,1522.0,0.0,1.000,256.0,0.000,0,0,256000,1,3,0,0,1,1
2,chain4,f32,64,glibc_t2,P7,5,1,1000,1517.51,0.0000,0.0000,1520.0,0.0,1.000,256.0,0.000,0,0,256000,1,2,1,0,1,1
2,chain4,f32,64,glibc_t2,FIXED_TWIN,5,2,1000,1528.97,0.0000,0.0000,1531.0,0.0,1.000,256.0,0.000,0,0,256000,1,2,1,0,1,1
2,chain4,f32,64,glibc_t2,P5,5,3,1000,1652.92,0.0000,0.0000,1654.0,0.0,4.000,1024.0,0.000,0,0,256768,4,0,0,0,1,1
2,chain4,f32,64,glibc_t2,P7,6,0,1000,1586.02,0.0000,0.0000,1587.0,0.0,1.000,256.0,0.000,0,0,256000,1,2,1,0,1,1
2,chain4,f32,64,glibc_t2,FIXED_TWIN,6,1,1000,1550.64,0.0000,0.0000,1553.0,0.0,1.000,256.0,0.000,0,0,256000,1,2,1,0,1,1
2,chain4,f32,64,glibc_t2,P5,6,2,1000,1625.55,0.0000,0.0000,1627.0,0.0,4.000,1024.0,0.000,0,0,256768,4,0,0,0,1,1
2,chain4,f32,64,glibc_t2,P6,6,3,1000,1716.46,0.0000,0.0000,1722.0,0.0,1.000,256.0,0.000,0,0,256000,1,3,0,0,1,1
2,chain4,f32,64,glibc_t2,FIXED_TWIN,7,0,1000,1512.47,0.0000,0.0000,1514.0,0.0,1.000,256.0,0.000,0,0,256000,1,2,1,0,1,1
2,chain4,f32,64,glibc_t2,P5,7,1,1000,1628.30,0.0000,0.0000,1631.0,0.0,4.000,1024.0,0.000,0,0,256768,4,0,0,0,1,1
2,chain4,f32,64,glibc_t2,P6,7,2,1000,1540.71,0.0000,0.0000,1542.0,0.0,1.000,256.0,0.000,0,0,256000,1,3,0,0,1,1
2,chain4,f32,64,glibc_t2,P7,7,3,1000,1575.96,0.0000,0.0000,1579.0,0.0,1.000,256.0,0.000,0,0,256000,1,2,1,0,1,1
2,chain4,f32,64,glibc_t2,P5,8,0,1000,1660.33,0.0000,0.0000,1662.0,0.0,4.000,1024.0,0.000,0,0,256768,4,0,0,0,1,1
2,chain4,f32,64,glibc_t2,P6,8,1,1000,1612.76,0.0000,0.0000,1615.0,0.0,1.000,256.0,0.000,0,0,256000,1,3,0,0,1,1
2,chain4,f32,64,glibc_t2,P7,8,2,1000,1632.04,0.0000,0.0000,1624.0,0.0,1.000,256.0,0.000,0,0,256000,1,2,1,0,1,1
2,chain4,f32,64,glibc_t2,FIXED_TWIN,8,3,1000,1706.32,0.0000,0.0000,1708.0,0.0,1.000,256.0,0.000,0,0,256000,1,2,1,0,1,1
2,chain4,f32,64,glibc_t2,P6,9,0,1000,1569.84,0.0000,0.0000,1571.0,0.0,1.000,256.0,0.000,0,0,256000,1,3,0,0,1,1
2,chain4,f32,64,glibc_t2,P7,9,1,1000,1586.89,0.0000,0.0000,1589.0,0.0,1.000,256.0,0.000,0,0,256000,1,2,1,0,1,1
2,chain4,f32,64,glibc_t2,FIXED_TWIN,9,2,1000,1707.37,0.0000,0.0000,1712.0,0.0,1.000,256.0,0.000,0,0,256000,1,2,1,0,1,1
2,chain4,f32,64,glibc_t2,P5,9,3,1000,1827.18,0.0000,0.0000,1828.0,0.0,4.000,1024.0,0.000,0,0,256768,4,0,0,0,1,1
2,chain4,f32,64,glibc_t2,P7,10,0,1000,1541.41,0.0000,0.0000,1542.0,0.0,1.000,256.0,0.000,0,0,256000,1,2,1,0,1,1
2,chain4,f32,64,glibc_t2,FIXED_TWIN,10,1,1000,1750.02,0.0000,0.0000,1751.0,0.0,1.000,256.0,0.000,0,0,256000,1,2,1,0,1,1
2,chain4,f32,64,glibc_t2,P5,10,2,1000,1616.98,0.0000,0.0000,1618.0,0.0,4.000,1024.0,0.000,0,0,256768,4,0,0,0,1,1
2,chain4,f32,64,glibc_t2,P6,10,3,1000,1533.61,0.0000,0.0000,1535.0,0.0,1.000,256.0,0.000,0,0,256000,1,3,0,0,1,1
2,chain4,f32,64,glibc_t2,FIXED_TWIN,11,0,1000,1567.65,0.0000,0.0000,1571.0,0.0,1.000,256.0,0.000,0,0,256000,1,2,1,0,1,1
2,chain4,f32,64,glibc_t2,P5,11,1,1000,1697.14,0.0000,0.0000,1700.0,0.0,4.000,1024.0,0.000,0,0,256768,4,0,0,0,1,1
2,chain4,f32,64,glibc_t2,P6,11,2,1000,1598.70,0.0000,0.0000,1600.0,0.0,1.000,256.0,0.000,0,0,256000,1,3,0,0,1,1
2,chain4,f32,64,glibc_t2,P7,11,3,1000,1539.74,0.0000,0.0000,1541.0,0.0,1.000,256.0,0.000,0,0,256000,1,2,1,0,1,1
2,chain4,f32,64,glibc_t2,P5,12,0,1000,1612.96,0.0000,0.0000,1614.0,0.0,4.000,1024.0,0.000,0,0,256768,4,0,0,0,1,1
2,chain4,f32,64,glibc_t2,P6,12,1,1000,1565.08,0.0000,0.0000,1566.0,0.0,1.000,256.0,0.000,0,0,256000,1,3,0,0,1,1
2,chain4,f32,64,glibc_t2,P7,12,2,1000,1537.46,0.0000,0.0000,1538.0,0.0,1.000,256.0,0.000,0,0,256000,1,2,1,0,1,1
2,chain4,f32,64,glibc_t2,FIXED_TWIN,12,3,1000,1503.04,0.0000,0.0000,1504.0,0.0,1.000,256.0,0.000,0,0,256000,1,2,1,0,1,1
2,chain4,f32,64,glibc_t2,P6,13,0,1000,1526.98,0.0000,0.0000,1529.0,0.0,1.000,256.0,0.000,0,0,256000,1,3,0,0,1,1
2,chain4,f32,64,glibc_t2,P7,13,1,1000,1549.97,0.0000,0.0000,1551.0,0.0,1.000,256.0,0.000,0,0,256000,1,2,1,0,1,1
2,chain4,f32,64,glibc_t2,FIXED_TWIN,13,2,1000,1524.61,0.0000,0.0000,1526.0,0.0,1.000,256.0,0.000,0,0,256000,1,2,1,0,1,1
2,chain4,f32,64,glibc_t2,P5,13,3,1000,1623.06,0.0000,0.0000,1625.0,0.0,4.000,1024.0,0.000,0,0,256768,4,0,0,0,1,1
2,chain4,f32,64,glibc_t2,P7,14,0,1000,1539.71,0.0000,0.0000,1541.0,0.0,1.000,256.0,0.000,0,0,256000,1,2,1,0,1,1
2,chain4,f32,64,glibc_t2,FIXED_TWIN,14,1,1000,1538.70,0.0000,0.0000,1540.0,0.0,1.000,256.0,0.000,0,0,256000,1,2,1,0,1,1
2,chain4,f32,64,glibc_t2,P5,14,2,1000,1630.45,0.0000,0.0000,1632.0,0.0,4.000,1024.0,0.000,0,0,256768,4,0,0,0,1,1
2,chain4,f32,64,glibc_t2,P6,14,3,1000,1567.99,0.0000,0.0000,1569.0,0.0,1.000,256.0,0.000,0,0,256000,1,3,0,0,1,1
2,chain4,f32,1024,glibc_t2,P5,0,0,1000,2250.00,0.0000,0.0000,2254.0,0.0,4.000,16384.0,0.000,0,0,4108288,4,0,0,0,1,1
2,chain4,f32,1024,glibc_t2,P6,0,1,1000,2075.24,0.0000,0.0000,2077.0,0.0,1.000,4096.0,0.000,0,0,4096000,1,3,0,0,1,1
2,chain4,f32,1024,glibc_t2,P7,0,2,1000,1944.72,0.0000,0.0000,1946.0,0.0,1.000,4096.0,0.000,0,0,4096000,1,2,1,0,1,1
2,chain4,f32,1024,glibc_t2,FIXED_TWIN,0,3,1000,1963.12,0.0000,0.0000,1966.0,0.0,1.000,4096.0,0.000,0,0,4096000,1,2,1,0,1,1
2,chain4,f32,1024,glibc_t2,P6,1,0,1000,2078.26,0.0000,0.0000,2081.0,0.0,1.000,4096.0,0.000,0,0,4096000,1,3,0,0,1,1
2,chain4,f32,1024,glibc_t2,P7,1,1,1000,1940.41,0.0000,0.0000,1943.0,0.0,1.000,4096.0,0.000,0,0,4096000,1,2,1,0,1,1
2,chain4,f32,1024,glibc_t2,FIXED_TWIN,1,2,1000,2315.15,0.0000,0.0000,2320.0,0.0,1.000,4096.0,0.000,0,0,4096000,1,2,1,0,1,1
2,chain4,f32,1024,glibc_t2,P5,1,3,1000,2389.00,0.0000,0.0000,2394.0,0.0,4.000,16384.0,0.000,0,0,4108288,4,0,0,0,1,1
2,chain4,f32,1024,glibc_t2,P7,2,0,1000,2023.62,0.0000,0.0000,2027.0,0.0,1.000,4096.0,0.000,0,0,4096000,1,2,1,0,1,1
2,chain4,f32,1024,glibc_t2,FIXED_TWIN,2,1,1000,1946.31,0.0000,0.0000,1949.0,0.0,1.000,4096.0,0.000,0,0,4096000,1,2,1,0,1,1
2,chain4,f32,1024,glibc_t2,P5,2,2,1000,2318.49,0.0000,0.0000,2323.0,0.0,4.000,16384.0,0.000,0,0,4108288,4,0,0,0,1,1
2,chain4,f32,1024,glibc_t2,P6,2,3,1000,2124.72,0.0000,0.0000,2128.0,0.0,1.000,4096.0,0.000,0,0,4096000,1,3,0,0,1,1
2,chain4,f32,1024,glibc_t2,FIXED_TWIN,3,0,1000,1992.33,0.0000,0.0000,1994.0,0.0,1.000,4096.0,0.000,0,0,4096000,1,2,1,0,1,1
2,chain4,f32,1024,glibc_t2,P5,3,1,1000,2294.20,0.0000,0.0000,2296.0,0.0,4.000,16384.0,0.000,0,0,4108288,4,0,0,0,1,1
2,chain4,f32,1024,glibc_t2,P6,3,2,1000,2024.79,0.0000,0.0000,2028.0,0.0,1.000,4096.0,0.000,0,0,4096000,1,3,0,0,1,1
2,chain4,f32,1024,glibc_t2,P7,3,3,1000,1964.66,0.0000,0.0000,1967.0,0.0,1.000,4096.0,0.000,0,0,4096000,1,2,1,0,1,1
2,chain4,f32,1024,glibc_t2,P5,4,0,1000,2264.03,0.0000,0.0000,2265.0,0.0,4.000,16384.0,0.000,0,0,4108288,4,0,0,0,1,1
2,chain4,f32,1024,glibc_t2,P6,4,1,1000,2056.29,0.0000,0.0000,2058.0,0.0,1.000,4096.0,0.000,0,0,4096000,1,3,0,0,1,1
2,chain4,f32,1024,glibc_t2,P7,4,2,1000,1958.91,0.0000,0.0000,1961.0,0.0,1.000,4096.0,0.000,0,0,4096000,1,2,1,0,1,1
2,chain4,f32,1024,glibc_t2,FIXED_TWIN,4,3,1000,1998.28,0.0000,0.0000,2002.0,0.0,1.000,4096.0,0.000,0,0,4096000,1,2,1,0,1,1
2,chain4,f32,1024,glibc_t2,P6,5,0,1000,2083.71,0.0000,0.0000,2086.0,0.0,1.000,4096.0,0.000,0,0,4096000,1,3,0,0,1,1
2,chain4,f32,1024,glibc_t2,P7,5,1,1000,1948.24,0.0000,0.0000,1950.0,0.0,1.000,4096.0,0.000,0,0,4096000,1,2,1,0,1,1
2,chain4,f32,1024,glibc_t2,FIXED_TWIN,5,2,1000,1963.67,0.0000,0.0000,1965.0,0.0,1.000,4096.0,0.000,0,0,4096000,1,2,1,0,1,1
2,chain4,f32,1024,glibc_t2,P5,5,3,1000,2306.43,0.0000,0.0000,2298.0,0.0,4.000,16384.0,0.000,0,0,4108288,4,0,0,0,1,1
2,chain4,f32,1024,glibc_t2,P7,6,0,1000,2008.12,0.0000,0.0000,2010.0,0.0,1.000,4096.0,0.000,0,0,4096000,1,2,1,0,1,1
2,chain4,f32,1024,glibc_t2,FIXED_TWIN,6,1,1000,1920.92,0.0000,0.0000,1926.0,0.0,1.000,4096.0,0.000,0,0,4096000,1,2,1,0,1,1
2,chain4,f32,1024,glibc_t2,P5,6,2,1000,2403.34,0.0000,0.0000,2410.0,0.0,4.000,16384.0,0.000,0,0,4108288,4,0,0,0,1,1
2,chain4,f32,1024,glibc_t2,P6,6,3,1000,2200.29,0.0000,0.0000,2206.0,0.0,1.000,4096.0,0.000,0,0,4096000,1,3,0,0,1,1
2,chain4,f32,1024,glibc_t2,FIXED_TWIN,7,0,1000,1928.54,0.0000,0.0000,1930.0,0.0,1.000,4096.0,0.000,0,0,4096000,1,2,1,0,1,1
2,chain4,f32,1024,glibc_t2,P5,7,1,1000,2260.37,0.0000,0.0000,2261.0,0.0,4.000,16384.0,0.000,0,0,4108288,4,0,0,0,1,1
2,chain4,f32,1024,glibc_t2,P6,7,2,1000,2048.26,0.0000,0.0000,2052.0,0.0,1.000,4096.0,0.000,0,0,4096000,1,3,0,0,1,1
2,chain4,f32,1024,glibc_t2,P7,7,3,1000,1960.18,0.0000,0.0000,1963.0,0.0,1.000,4096.0,0.000,0,0,4096000,1,2,1,0,1,1
2,chain4,f32,1024,glibc_t2,P5,8,0,1000,2254.43,0.0000,0.0000,2256.0,0.0,4.000,16384.0,0.000,0,0,4108288,4,0,0,0,1,1
2,chain4,f32,1024,glibc_t2,P6,8,1,1000,2064.09,0.0000,0.0000,2068.0,0.0,1.000,4096.0,0.000,0,0,4096000,1,3,0,0,1,1
2,chain4,f32,1024,glibc_t2,P7,8,2,1000,1966.34,0.0000,0.0000,1968.0,0.0,1.000,4096.0,0.000,0,0,4096000,1,2,1,0,1,1
2,chain4,f32,1024,glibc_t2,FIXED_TWIN,8,3,1000,1923.73,0.0000,0.0000,1925.0,0.0,1.000,4096.0,0.000,0,0,4096000,1,2,1,0,1,1
2,chain4,f32,1024,glibc_t2,P6,9,0,1000,2028.07,0.0000,0.0000,2029.0,0.0,1.000,4096.0,0.000,0,0,4096000,1,3,0,0,1,1
2,chain4,f32,1024,glibc_t2,P7,9,1,1000,1982.25,0.0000,0.0000,1985.0,0.0,1.000,4096.0,0.000,0,0,4096000,1,2,1,0,1,1
2,chain4,f32,1024,glibc_t2,FIXED_TWIN,9,2,1000,1977.12,0.0000,0.0000,1978.0,0.0,1.000,4096.0,0.000,0,0,4096000,1,2,1,0,1,1
2,chain4,f32,1024,glibc_t2,P5,9,3,1000,2264.37,0.0000,0.0000,2267.0,0.0,4.000,16384.0,0.000,0,0,4108288,4,0,0,0,1,1
2,chain4,f32,1024,glibc_t2,P7,10,0,1000,1967.12,0.0000,0.0000,1970.0,0.0,1.000,4096.0,0.000,0,0,4096000,1,2,1,0,1,1
2,chain4,f32,1024,glibc_t2,FIXED_TWIN,10,1,1000,1953.02,0.0000,0.0000,1955.0,0.0,1.000,4096.0,0.000,0,0,4096000,1,2,1,0,1,1
2,chain4,f32,1024,glibc_t2,P5,10,2,1000,2219.38,0.0000,0.0000,2222.0,0.0,4.000,16384.0,0.000,0,0,4108288,4,0,0,0,1,1
2,chain4,f32,1024,glibc_t2,P6,10,3,1000,2034.37,0.0000,0.0000,2036.0,0.0,1.000,4096.0,0.000,0,0,4096000,1,3,0,0,1,1
2,chain4,f32,1024,glibc_t2,FIXED_TWIN,11,0,1000,2001.72,0.0000,0.0000,2004.0,0.0,1.000,4096.0,0.000,0,0,4096000,1,2,1,0,1,1
2,chain4,f32,1024,glibc_t2,P5,11,1,1000,2270.26,0.0000,0.0000,2272.0,0.0,4.000,16384.0,0.000,0,0,4108288,4,0,0,0,1,1
2,chain4,f32,1024,glibc_t2,P6,11,2,1000,2170.51,0.0000,0.0000,2175.0,0.0,1.000,4096.0,0.000,0,0,4096000,1,3,0,0,1,1
2,chain4,f32,1024,glibc_t2,P7,11,3,1000,1929.88,0.0000,0.0000,1933.0,0.0,1.000,4096.0,0.000,0,0,4096000,1,2,1,0,1,1
2,chain4,f32,1024,glibc_t2,P5,12,0,1000,2275.62,0.0000,0.0000,2279.0,0.0,4.000,16384.0,0.000,0,0,4108288,4,0,0,0,1,1
2,chain4,f32,1024,glibc_t2,P6,12,1,1000,2171.39,0.0000,0.0000,2174.0,0.0,1.000,4096.0,0.000,0,0,4096000,1,3,0,0,1,1
2,chain4,f32,1024,glibc_t2,P7,12,2,1000,1993.56,0.0000,0.0000,1995.0,0.0,1.000,4096.0,0.000,0,0,4096000,1,2,1,0,1,1
2,chain4,f32,1024,glibc_t2,FIXED_TWIN,12,3,1000,1975.60,0.0000,0.0000,1978.0,0.0,1.000,4096.0,0.000,0,0,4096000,1,2,1,0,1,1
2,chain4,f32,1024,glibc_t2,P6,13,0,1000,2077.20,0.0000,0.0000,2079.0,0.0,1.000,4096.0,0.000,0,0,4096000,1,3,0,0,1,1
2,chain4,f32,1024,glibc_t2,P7,13,1,1000,1976.13,0.0000,0.0000,1978.0,0.0,1.000,4096.0,0.000,0,0,4096000,1,2,1,0,1,1
2,chain4,f32,1024,glibc_t2,FIXED_TWIN,13,2,1000,1954.40,0.0000,0.0000,1956.0,0.0,1.000,4096.0,0.000,0,0,4096000,1,2,1,0,1,1
2,chain4,f32,1024,glibc_t2,P5,13,3,1000,2602.65,0.0000,0.0000,2606.0,0.0,4.000,16384.0,0.000,0,0,4108288,4,0,0,0,1,1
2,chain4,f32,1024,glibc_t2,P7,14,0,1000,2031.31,0.0000,0.0000,2036.0,0.0,1.000,4096.0,0.000,0,0,4096000,1,2,1,0,1,1
2,chain4,f32,1024,glibc_t2,FIXED_TWIN,14,1,1000,1939.54,0.0000,0.0000,1941.0,0.0,1.000,4096.0,0.000,0,0,4096000,1,2,1,0,1,1
2,chain4,f32,1024,glibc_t2,P5,14,2,1000,2285.34,0.0000,0.0000,2287.0,0.0,4.000,16384.0,0.000,0,0,4108288,4,0,0,0,1,1
2,chain4,f32,1024,glibc_t2,P6,14,3,1000,2150.33,0.0000,0.0000,2152.0,0.0,1.000,4096.0,0.000,0,0,4096000,1,3,0,0,1,1
2,chain4,f32,4096,glibc_t2,P5,0,0,1,2908.00,0.0000,0.0000,5000.0,0.0,4.000,65536.0,0.000,0,0,65536,4,0,0,0,1,1
2,chain4,f32,4096,glibc_t2,P6,0,1,1,2525.00,0.0000,0.0000,3000.0,0.0,1.000,16384.0,0.000,0,0,16384,1,3,0,0,1,1
2,chain4,f32,4096,glibc_t2,P7,0,2,1,5485.00,0.0000,0.0000,6000.0,0.0,1.000,16384.0,0.000,0,0,16384,1,2,1,0,1,1
2,chain4,f32,4096,glibc_t2,FIXED_TWIN,0,3,1,2338.00,0.0000,0.0000,3000.0,0.0,1.000,16384.0,0.000,0,0,16384,1,2,1,0,1,1
2,chain4,f32,4096,glibc_t2,P6,1,0,1,2480.00,0.0000,0.0000,2000.0,0.0,1.000,16384.0,0.000,0,0,16384,1,3,0,0,1,1
2,chain4,f32,4096,glibc_t2,P7,1,1,1,2285.00,0.0000,0.0000,3000.0,0.0,1.000,16384.0,0.000,0,0,16384,1,2,1,0,1,1
2,chain4,f32,4096,glibc_t2,FIXED_TWIN,1,2,1,2290.00,0.0000,0.0000,2000.0,0.0,1.000,16384.0,0.000,0,0,16384,1,2,1,0,1,1
2,chain4,f32,4096,glibc_t2,P5,1,3,1,2784.00,0.0000,0.0000,3000.0,0.0,4.000,65536.0,0.000,0,0,65536,4,0,0,0,1,1
2,chain4,f32,4096,glibc_t2,P7,2,0,1,2282.00,0.0000,0.0000,3000.0,0.0,1.000,16384.0,0.000,0,0,16384,1,2,1,0,1,1
2,chain4,f32,4096,glibc_t2,FIXED_TWIN,2,1,1,2262.00,0.0000,0.0000,3000.0,0.0,1.000,16384.0,0.000,0,0,16384,1,2,1,0,1,1
2,chain4,f32,4096,glibc_t2,P5,2,2,1,2799.00,0.0000,0.0000,3000.0,0.0,4.000,65536.0,0.000,0,0,65536,4,0,0,0,1,1
2,chain4,f32,4096,glibc_t2,P6,2,3,1,2457.00,0.0000,0.0000,3000.0,0.0,1.000,16384.0,0.000,0,0,16384,1,3,0,0,1,1
2,chain4,f32,4096,glibc_t2,FIXED_TWIN,3,0,1,2288.00,0.0000,0.0000,3000.0,0.0,1.000,16384.0,0.000,0,0,16384,1,2,1,0,1,1
2,chain4,f32,4096,glibc_t2,P5,3,1,1,2815.00,0.0000,0.0000,3000.0,0.0,4.000,65536.0,0.000,0,0,65536,4,0,0,0,1,1
2,chain4,f32,4096,glibc_t2,P6,3,2,1,2501.00,0.0000,0.0000,3000.0,0.0,1.000,16384.0,0.000,0,0,16384,1,3,0,0,1,1
2,chain4,f32,4096,glibc_t2,P7,3,3,1,2295.00,0.0000,0.0000,3000.0,0.0,1.000,16384.0,0.000,0,0,16384,1,2,1,0,1,1
2,chain4,f32,4096,glibc_t2,P5,4,0,1,2783.00,0.0000,0.0000,3000.0,0.0,4.000,65536.0,0.000,0,0,65536,4,0,0,0,1,1
2,chain4,f32,4096,glibc_t2,P6,4,1,1,2443.00,0.0000,0.0000,3000.0,0.0,1.000,16384.0,0.000,0,0,16384,1,3,0,0,1,1
2,chain4,f32,4096,glibc_t2,P7,4,2,1,2299.00,0.0000,0.0000,2000.0,0.0,1.000,16384.0,0.000,0,0,16384,1,2,1,0,1,1
2,chain4,f32,4096,glibc_t2,FIXED_TWIN,4,3,1,2286.00,0.0000,0.0000,2000.0,0.0,1.000,16384.0,0.000,0,0,16384,1,2,1,0,1,1
2,chain4,f32,4096,glibc_t2,P6,5,0,1,2443.00,0.0000,0.0000,3000.0,0.0,1.000,16384.0,0.000,0,0,16384,1,3,0,0,1,1
2,chain4,f32,4096,glibc_t2,P7,5,1,1,2261.00,0.0000,0.0000,3000.0,0.0,1.000,16384.0,0.000,0,0,16384,1,2,1,0,1,1
2,chain4,f32,4096,glibc_t2,FIXED_TWIN,5,2,1,2272.00,0.0000,0.0000,3000.0,0.0,1.000,16384.0,0.000,0,0,16384,1,2,1,0,1,1
2,chain4,f32,4096,glibc_t2,P5,5,3,1,2842.00,0.0000,0.0000,4000.0,0.0,4.000,65536.0,0.000,0,0,65536,4,0,0,0,1,1
2,chain4,f32,4096,glibc_t2,P7,6,0,1,2363.00,0.0000,0.0000,3000.0,0.0,1.000,16384.0,0.000,0,0,16384,1,2,1,0,1,1
2,chain4,f32,4096,glibc_t2,FIXED_TWIN,6,1,1,2281.00,0.0000,0.0000,3000.0,0.0,1.000,16384.0,0.000,0,0,16384,1,2,1,0,1,1
2,chain4,f32,4096,glibc_t2,P5,6,2,1,2815.00,0.0000,0.0000,4000.0,0.0,4.000,65536.0,0.000,0,0,65536,4,0,0,0,1,1
2,chain4,f32,4096,glibc_t2,P6,6,3,1,2525.00,0.0000,0.0000,3000.0,0.0,1.000,16384.0,0.000,0,0,16384,1,3,0,0,1,1
2,chain4,f32,4096,glibc_t2,FIXED_TWIN,7,0,1,2272.00,0.0000,0.0000,3000.0,0.0,1.000,16384.0,0.000,0,0,16384,1,2,1,0,1,1
2,chain4,f32,4096,glibc_t2,P5,7,1,1,2797.00,0.0000,0.0000,4000.0,0.0,4.000,65536.0,0.000,0,0,65536,4,0,0,0,1,1
2,chain4,f32,4096,glibc_t2,P6,7,2,1,2458.00,0.0000,0.0000,3000.0,0.0,1.000,16384.0,0.000,0,0,16384,1,3,0,0,1,1
2,chain4,f32,4096,glibc_t2,P7,7,3,1,2280.00,0.0000,0.0000,3000.0,0.0,1.000,16384.0,0.000,0,0,16384,1,2,1,0,1,1
2,chain4,f32,4096,glibc_t2,P5,8,0,1,2765.00,0.0000,0.0000,3000.0,0.0,4.000,65536.0,0.000,0,0,65536,4,0,0,0,1,1
2,chain4,f32,4096,glibc_t2,P6,8,1,1,2412.00,0.0000,0.0000,3000.0,0.0,1.000,16384.0,0.000,0,0,16384,1,3,0,0,1,1
2,chain4,f32,4096,glibc_t2,P7,8,2,1,2281.00,0.0000,0.0000,3000.0,0.0,1.000,16384.0,0.000,0,0,16384,1,2,1,0,1,1
2,chain4,f32,4096,glibc_t2,FIXED_TWIN,8,3,1,2332.00,0.0000,0.0000,2000.0,0.0,1.000,16384.0,0.000,0,0,16384,1,2,1,0,1,1
2,chain4,f32,4096,glibc_t2,P6,9,0,1,2385.00,0.0000,0.0000,3000.0,0.0,1.000,16384.0,0.000,0,0,16384,1,3,0,0,1,1
2,chain4,f32,4096,glibc_t2,P7,9,1,1,2276.00,0.0000,0.0000,2000.0,0.0,1.000,16384.0,0.000,0,0,16384,1,2,1,0,1,1
2,chain4,f32,4096,glibc_t2,FIXED_TWIN,9,2,1,2305.00,0.0000,0.0000,3000.0,0.0,1.000,16384.0,0.000,0,0,16384,1,2,1,0,1,1
2,chain4,f32,4096,glibc_t2,P5,9,3,1,2806.00,0.0000,0.0000,3000.0,0.0,4.000,65536.0,0.000,0,0,65536,4,0,0,0,1,1
2,chain4,f32,4096,glibc_t2,P7,10,0,1,2271.00,0.0000,0.0000,3000.0,0.0,1.000,16384.0,0.000,0,0,16384,1,2,1,0,1,1
2,chain4,f32,4096,glibc_t2,FIXED_TWIN,10,1,1,2287.00,0.0000,0.0000,3000.0,0.0,1.000,16384.0,0.000,0,0,16384,1,2,1,0,1,1
2,chain4,f32,4096,glibc_t2,P5,10,2,1,2795.00,0.0000,0.0000,4000.0,0.0,4.000,65536.0,0.000,0,0,65536,4,0,0,0,1,1
2,chain4,f32,4096,glibc_t2,P6,10,3,1,2516.00,0.0000,0.0000,3000.0,0.0,1.000,16384.0,0.000,0,0,16384,1,3,0,0,1,1
2,chain4,f32,4096,glibc_t2,FIXED_TWIN,11,0,1,2270.00,0.0000,0.0000,3000.0,0.0,1.000,16384.0,0.000,0,0,16384,1,2,1,0,1,1
2,chain4,f32,4096,glibc_t2,P5,11,1,1,2785.00,0.0000,0.0000,3000.0,0.0,4.000,65536.0,0.000,0,0,65536,4,0,0,0,1,1
2,chain4,f32,4096,glibc_t2,P6,11,2,1,2446.00,0.0000,0.0000,3000.0,0.0,1.000,16384.0,0.000,0,0,16384,1,3,0,0,1,1
2,chain4,f32,4096,glibc_t2,P7,11,3,1,2313.00,0.0000,0.0000,3000.0,0.0,1.000,16384.0,0.000,0,0,16384,1,2,1,0,1,1
2,chain4,f32,4096,glibc_t2,P5,12,0,1,2768.00,0.0000,0.0000,4000.0,0.0,4.000,65536.0,0.000,0,0,65536,4,0,0,0,1,1
2,chain4,f32,4096,glibc_t2,P6,12,1,1,2447.00,0.0000,0.0000,3000.0,0.0,1.000,16384.0,0.000,0,0,16384,1,3,0,0,1,1
2,chain4,f32,4096,glibc_t2,P7,12,2,1,2315.00,0.0000,0.0000,3000.0,0.0,1.000,16384.0,0.000,0,0,16384,1,2,1,0,1,1
2,chain4,f32,4096,glibc_t2,FIXED_TWIN,12,3,1,2268.00,0.0000,0.0000,2000.0,0.0,1.000,16384.0,0.000,0,0,16384,1,2,1,0,1,1
2,chain4,f32,4096,glibc_t2,P6,13,0,1,2415.00,0.0000,0.0000,3000.0,0.0,1.000,16384.0,0.000,0,0,16384,1,3,0,0,1,1
2,chain4,f32,4096,glibc_t2,P7,13,1,1,2301.00,0.0000,0.0000,3000.0,0.0,1.000,16384.0,0.000,0,0,16384,1,2,1,0,1,1
2,chain4,f32,4096,glibc_t2,FIXED_TWIN,13,2,1,2294.00,0.0000,0.0000,2000.0,0.0,1.000,16384.0,0.000,0,0,16384,1,2,1,0,1,1
2,chain4,f32,4096,glibc_t2,P5,13,3,1,2795.00,0.0000,0.0000,3000.0,0.0,4.000,65536.0,0.000,0,0,65536,4,0,0,0,1,1
2,chain4,f32,4096,glibc_t2,P7,14,0,1,2293.00,0.0000,0.0000,3000.0,0.0,1.000,16384.0,0.000,0,0,16384,1,2,1,0,1,1
2,chain4,f32,4096,glibc_t2,FIXED_TWIN,14,1,1,2321.00,0.0000,0.0000,3000.0,0.0,1.000,16384.0,0.000,0,0,16384,1,2,1,0,1,1
2,chain4,f32,4096,glibc_t2,P5,14,2,1,2758.00,0.0000,0.0000,3000.0,0.0,4.000,65536.0,0.000,0,0,65536,4,0,0,0,1,1
2,chain4,f32,4096,glibc_t2,P6,14,3,1,2445.00,0.0000,0.0000,3000.0,0.0,1.000,16384.0,0.000,0,0,16384,1,3,0,0,1,1
2,chain4,f32,16384,glibc_t2,P5,0,0,1,9213.00,0.0000,0.0000,10000.0,0.0,4.000,262144.0,0.000,0,0,262144,4,0,0,0,1,1
2,chain4,f32,16384,glibc_t2,P6,0,1,1,8694.00,0.0000,0.0000,9000.0,0.0,1.000,65536.0,0.000,0,0,65536,1,3,0,0,1,1
2,chain4,f32,16384,glibc_t2,P7,0,2,1,7978.00,0.0000,0.0000,8000.0,0.0,1.000,65536.0,0.000,0,0,65536,1,2,1,0,1,1
2,chain4,f32,16384,glibc_t2,FIXED_TWIN,0,3,1,8024.00,0.0000,0.0000,9000.0,0.0,1.000,65536.0,0.000,0,0,65536,1,2,1,0,1,1
2,chain4,f32,16384,glibc_t2,P6,1,0,1,14128.00,0.0000,0.0000,15000.0,0.0,1.000,65536.0,0.000,0,0,65536,1,3,0,0,1,1
2,chain4,f32,16384,glibc_t2,P7,1,1,1,7932.00,0.0000,0.0000,8000.0,0.0,1.000,65536.0,0.000,0,0,65536,1,2,1,0,1,1
2,chain4,f32,16384,glibc_t2,FIXED_TWIN,1,2,1,7985.00,0.0000,0.0000,9000.0,0.0,1.000,65536.0,0.000,0,0,65536,1,2,1,0,1,1
2,chain4,f32,16384,glibc_t2,P5,1,3,1,9121.00,0.0000,0.0000,9000.0,0.0,4.000,262144.0,0.000,0,0,262144,4,0,0,0,1,1
2,chain4,f32,16384,glibc_t2,P7,2,0,1,8006.00,0.0000,0.0000,9000.0,0.0,1.000,65536.0,0.000,0,0,65536,1,2,1,0,1,1
2,chain4,f32,16384,glibc_t2,FIXED_TWIN,2,1,1,7920.00,0.0000,0.0000,8000.0,0.0,1.000,65536.0,0.000,0,0,65536,1,2,1,0,1,1
2,chain4,f32,16384,glibc_t2,P5,2,2,1,9205.00,0.0000,0.0000,10000.0,0.0,4.000,262144.0,0.000,0,0,262144,4,0,0,0,1,1
2,chain4,f32,16384,glibc_t2,P6,2,3,1,8691.00,0.0000,0.0000,9000.0,0.0,1.000,65536.0,0.000,0,0,65536,1,3,0,0,1,1
2,chain4,f32,16384,glibc_t2,FIXED_TWIN,3,0,1,8068.00,0.0000,0.0000,8000.0,0.0,1.000,65536.0,0.000,0,0,65536,1,2,1,0,1,1
2,chain4,f32,16384,glibc_t2,P5,3,1,1,9197.00,0.0000,0.0000,10000.0,0.0,4.000,262144.0,0.000,0,0,262144,4,0,0,0,1,1
2,chain4,f32,16384,glibc_t2,P6,3,2,1,8833.00,0.0000,0.0000,10000.0,0.0,1.000,65536.0,0.000,0,0,65536,1,3,0,0,1,1
2,chain4,f32,16384,glibc_t2,P7,3,3,1,8124.00,0.0000,0.0000,9000.0,0.0,1.000,65536.0,0.000,0,0,65536,1,2,1,0,1,1
2,chain4,f32,16384,glibc_t2,P5,4,0,1,9280.00,0.0000,0.0000,10000.0,0.0,4.000,262144.0,0.000,0,0,262144,4,0,0,0,1,1
2,chain4,f32,16384,glibc_t2,P6,4,1,1,8720.00,0.0000,0.0000,9000.0,0.0,1.000,65536.0,0.000,0,0,65536,1,3,0,0,1,1
2,chain4,f32,16384,glibc_t2,P7,4,2,1,8065.00,0.0000,0.0000,9000.0,0.0,1.000,65536.0,0.000,0,0,65536,1,2,1,0,1,1
2,chain4,f32,16384,glibc_t2,FIXED_TWIN,4,3,1,7991.00,0.0000,0.0000,9000.0,0.0,1.000,65536.0,0.000,0,0,65536,1,2,1,0,1,1
2,chain4,f32,16384,glibc_t2,P6,5,0,1,8778.00,0.0000,0.0000,10000.0,0.0,1.000,65536.0,0.000,0,0,65536,1,3,0,0,1,1
2,chain4,f32,16384,glibc_t2,P7,5,1,1,8041.00,0.0000,0.0000,8000.0,0.0,1.000,65536.0,0.000,0,0,65536,1,2,1,0,1,1
2,chain4,f32,16384,glibc_t2,FIXED_TWIN,5,2,1,7994.00,0.0000,0.0000,9000.0,0.0,1.000,65536.0,0.000,0,0,65536,1,2,1,0,1,1
2,chain4,f32,16384,glibc_t2,P5,5,3,1,9209.00,0.0000,0.0000,10000.0,0.0,4.000,262144.0,0.000,0,0,262144,4,0,0,0,1,1
2,chain4,f32,16384,glibc_t2,P7,6,0,1,7986.00,0.0000,0.0000,8000.0,0.0,1.000,65536.0,0.000,0,0,65536,1,2,1,0,1,1
2,chain4,f32,16384,glibc_t2,FIXED_TWIN,6,1,1,7969.00,0.0000,0.0000,8000.0,0.0,1.000,65536.0,0.000,0,0,65536,1,2,1,0,1,1
2,chain4,f32,16384,glibc_t2,P5,6,2,1,11948.00,0.0000,0.0000,13000.0,0.0,4.000,262144.0,0.000,0,0,262144,4,0,0,0,1,1
2,chain4,f32,16384,glibc_t2,P6,6,3,1,11261.00,0.0000,0.0000,12000.0,0.0,1.000,65536.0,0.000,0,0,65536,1,3,0,0,1,1
2,chain4,f32,16384,glibc_t2,FIXED_TWIN,7,0,1,8001.00,0.0000,0.0000,9000.0,0.0,1.000,65536.0,0.000,0,0,65536,1,2,1,0,1,1
2,chain4,f32,16384,glibc_t2,P5,7,1,1,9169.00,0.0000,0.0000,10000.0,0.0,4.000,262144.0,0.000,0,0,262144,4,0,0,0,1,1
2,chain4,f32,16384,glibc_t2,P6,7,2,1,8811.00,0.0000,0.0000,9000.0,0.0,1.000,65536.0,0.000,0,0,65536,1,3,0,0,1,1
2,chain4,f32,16384,glibc_t2,P7,7,3,1,8043.00,0.0000,0.0000,9000.0,0.0,1.000,65536.0,0.000,0,0,65536,1,2,1,0,1,1
2,chain4,f32,16384,glibc_t2,P5,8,0,1,9232.00,0.0000,0.0000,10000.0,0.0,4.000,262144.0,0.000,0,0,262144,4,0,0,0,1,1
2,chain4,f32,16384,glibc_t2,P6,8,1,1,8730.00,0.0000,0.0000,9000.0,0.0,1.000,65536.0,0.000,0,0,65536,1,3,0,0,1,1
2,chain4,f32,16384,glibc_t2,P7,8,2,1,8009.00,0.0000,0.0000,9000.0,0.0,1.000,65536.0,0.000,0,0,65536,1,2,1,0,1,1
2,chain4,f32,16384,glibc_t2,FIXED_TWIN,8,3,1,8057.00,0.0000,0.0000,8000.0,0.0,1.000,65536.0,0.000,0,0,65536,1,2,1,0,1,1
2,chain4,f32,16384,glibc_t2,P6,9,0,1,8815.00,0.0000,0.0000,9000.0,0.0,1.000,65536.0,0.000,0,0,65536,1,3,0,0,1,1
2,chain4,f32,16384,glibc_t2,P7,9,1,1,8055.00,0.0000,0.0000,9000.0,0.0,1.000,65536.0,0.000,0,0,65536,1,2,1,0,1,1
2,chain4,f32,16384,glibc_t2,FIXED_TWIN,9,2,1,8039.00,0.0000,0.0000,9000.0,0.0,1.000,65536.0,0.000,0,0,65536,1,2,1,0,1,1
2,chain4,f32,16384,glibc_t2,P5,9,3,1,9250.00,0.0000,0.0000,10000.0,0.0,4.000,262144.0,0.000,0,0,262144,4,0,0,0,1,1
2,chain4,f32,16384,glibc_t2,P7,10,0,1,8093.00,0.0000,0.0000,8000.0,0.0,1.000,65536.0,0.000,0,0,65536,1,2,1,0,1,1
2,chain4,f32,16384,glibc_t2,FIXED_TWIN,10,1,1,8074.00,0.0000,0.0000,9000.0,0.0,1.000,65536.0,0.000,0,0,65536,1,2,1,0,1,1
2,chain4,f32,16384,glibc_t2,P5,10,2,1,9217.00,0.0000,0.0000,10000.0,0.0,4.000,262144.0,0.000,0,0,262144,4,0,0,0,1,1
2,chain4,f32,16384,glibc_t2,P6,10,3,1,8747.00,0.0000,0.0000,9000.0,0.0,1.000,65536.0,0.000,0,0,65536,1,3,0,0,1,1
2,chain4,f32,16384,glibc_t2,FIXED_TWIN,11,0,1,8016.00,0.0000,0.0000,9000.0,0.0,1.000,65536.0,0.000,0,0,65536,1,2,1,0,1,1
2,chain4,f32,16384,glibc_t2,P5,11,1,1,9584.00,0.0000,0.0000,10000.0,0.0,4.000,262144.0,0.000,0,0,262144,4,0,0,0,1,1
2,chain4,f32,16384,glibc_t2,P6,11,2,1,8767.00,0.0000,0.0000,10000.0,0.0,1.000,65536.0,0.000,0,0,65536,1,3,0,0,1,1
2,chain4,f32,16384,glibc_t2,P7,11,3,1,11872.00,0.0000,0.0000,12000.0,0.0,1.000,65536.0,0.000,0,0,65536,1,2,1,0,1,1
2,chain4,f32,16384,glibc_t2,P5,12,0,1,9193.00,0.0000,0.0000,9000.0,0.0,4.000,262144.0,0.000,0,0,262144,4,0,0,0,1,1
2,chain4,f32,16384,glibc_t2,P6,12,1,1,8655.00,0.0000,0.0000,9000.0,0.0,1.000,65536.0,0.000,0,0,65536,1,3,0,0,1,1
2,chain4,f32,16384,glibc_t2,P7,12,2,1,8014.00,0.0000,0.0000,8000.0,0.0,1.000,65536.0,0.000,0,0,65536,1,2,1,0,1,1
2,chain4,f32,16384,glibc_t2,FIXED_TWIN,12,3,1,8011.00,0.0000,0.0000,9000.0,0.0,1.000,65536.0,0.000,0,0,65536,1,2,1,0,1,1
2,chain4,f32,16384,glibc_t2,P6,13,0,1,8727.00,0.0000,0.0000,9000.0,0.0,1.000,65536.0,0.000,0,0,65536,1,3,0,0,1,1
2,chain4,f32,16384,glibc_t2,P7,13,1,1,7980.00,0.0000,0.0000,8000.0,0.0,1.000,65536.0,0.000,0,0,65536,1,2,1,0,1,1
2,chain4,f32,16384,glibc_t2,FIXED_TWIN,13,2,1,7984.00,0.0000,0.0000,9000.0,0.0,1.000,65536.0,0.000,0,0,65536,1,2,1,0,1,1
2,chain4,f32,16384,glibc_t2,P5,13,3,1,9143.00,0.0000,0.0000,9000.0,0.0,4.000,262144.0,0.000,0,0,262144,4,0,0,0,1,1
2,chain4,f32,16384,glibc_t2,P7,14,0,1,7965.00,0.0000,0.0000,9000.0,0.0,1.000,65536.0,0.000,0,0,65536,1,2,1,0,1,1
2,chain4,f32,16384,glibc_t2,FIXED_TWIN,14,1,1,8007.00,0.0000,0.0000,9000.0,0.0,1.000,65536.0,0.000,0,0,65536,1,2,1,0,1,1
2,chain4,f32,16384,glibc_t2,P5,14,2,1,9188.00,0.0000,0.0000,10000.0,0.0,4.000,262144.0,0.000,0,0,262144,4,0,0,0,1,1
2,chain4,f32,16384,glibc_t2,P6,14,3,1,8714.00,0.0000,0.0000,10000.0,0.0,1.000,65536.0,0.000,0,0,65536,1,3,0,0,1,1
2,chain4,f32,65536,glibc_t2,P5,0,0,1,335628.00,260.0000,0.0000,143000.0,194000.0,4.000,1048576.0,0.000,0,0,1048576,4,0,0,0,1,1
2,chain4,f32,65536,glibc_t2,P6,0,1,1,120332.00,65.0000,0.0000,52000.0,71000.0,1.000,262144.0,0.000,0,0,262144,1,3,0,0,1,1
2,chain4,f32,65536,glibc_t2,P7,0,2,1,97731.00,65.0000,0.0000,42000.0,57000.0,1.000,262144.0,0.000,0,0,262144,1,2,1,0,1,1
2,chain4,f32,65536,glibc_t2,FIXED_TWIN,0,3,1,100582.00,65.0000,0.0000,43000.0,58000.0,1.000,262144.0,0.000,0,0,262144,1,2,1,0,1,1
2,chain4,f32,65536,glibc_t2,P6,1,0,1,102272.00,65.0000,0.0000,44000.0,59000.0,1.000,262144.0,0.000,0,0,262144,1,3,0,0,1,1
2,chain4,f32,65536,glibc_t2,P7,1,1,1,130128.00,65.0000,0.0000,131000.0,0.0,1.000,262144.0,0.000,0,0,262144,1,2,1,0,1,1
2,chain4,f32,65536,glibc_t2,FIXED_TWIN,1,2,1,100152.00,65.0000,0.0000,101000.0,0.0,1.000,262144.0,0.000,0,0,262144,1,2,1,0,1,1
2,chain4,f32,65536,glibc_t2,P5,1,3,1,369681.00,260.0000,0.0000,371000.0,0.0,4.000,1048576.0,0.000,0,0,1048576,4,0,0,0,1,1
2,chain4,f32,65536,glibc_t2,P7,2,0,1,94760.00,65.0000,0.0000,96000.0,0.0,1.000,262144.0,0.000,0,0,262144,1,2,1,0,1,1
2,chain4,f32,65536,glibc_t2,FIXED_TWIN,2,1,1,96949.00,65.0000,0.0000,98000.0,0.0,1.000,262144.0,0.000,0,0,262144,1,2,1,0,1,1
2,chain4,f32,65536,glibc_t2,P5,2,2,1,472249.00,260.0000,0.0000,475000.0,0.0,4.000,1048576.0,0.000,0,0,1048576,4,0,0,0,1,1
2,chain4,f32,65536,glibc_t2,P6,2,3,1,136971.00,65.0000,0.0000,139000.0,0.0,1.000,262144.0,0.000,0,0,262144,1,3,0,0,1,1
2,chain4,f32,65536,glibc_t2,FIXED_TWIN,3,0,1,95279.00,65.0000,0.0000,97000.0,0.0,1.000,262144.0,0.000,0,0,262144,1,2,1,0,1,1
2,chain4,f32,65536,glibc_t2,P5,3,1,1,349975.00,260.0000,0.0000,352000.0,0.0,4.000,1048576.0,0.000,0,0,1048576,4,0,0,0,1,1
2,chain4,f32,65536,glibc_t2,P6,3,2,1,101606.00,65.0000,0.0000,103000.0,0.0,1.000,262144.0,0.000,0,0,262144,1,3,0,0,1,1
2,chain4,f32,65536,glibc_t2,P7,3,3,1,94585.00,65.0000,0.0000,96000.0,0.0,1.000,262144.0,0.000,0,0,262144,1,2,1,0,1,1
2,chain4,f32,65536,glibc_t2,P5,4,0,1,351686.00,260.0000,0.0000,353000.0,0.0,4.000,1048576.0,0.000,0,0,1048576,4,0,0,0,1,1
2,chain4,f32,65536,glibc_t2,P6,4,1,1,111534.00,65.0000,0.0000,113000.0,0.0,1.000,262144.0,0.000,0,0,262144,1,3,0,0,1,1
2,chain4,f32,65536,glibc_t2,P7,4,2,1,95128.00,65.0000,0.0000,96000.0,0.0,1.000,262144.0,0.000,0,0,262144,1,2,1,0,1,1
2,chain4,f32,65536,glibc_t2,FIXED_TWIN,4,3,1,95315.00,65.0000,0.0000,97000.0,0.0,1.000,262144.0,0.000,0,0,262144,1,2,1,0,1,1
2,chain4,f32,65536,glibc_t2,P6,5,0,1,111661.00,65.0000,0.0000,113000.0,0.0,1.000,262144.0,0.000,0,0,262144,1,3,0,0,1,1
2,chain4,f32,65536,glibc_t2,P7,5,1,1,94609.00,65.0000,0.0000,95000.0,0.0,1.000,262144.0,0.000,0,0,262144,1,2,1,0,1,1
2,chain4,f32,65536,glibc_t2,FIXED_TWIN,5,2,1,129938.00,65.0000,0.0000,0.0,131000.0,1.000,262144.0,0.000,0,0,262144,1,2,1,0,1,1
2,chain4,f32,65536,glibc_t2,P5,5,3,1,373793.00,260.0000,0.0000,0.0,362000.0,4.000,1048576.0,0.000,0,0,1048576,4,0,0,0,1,1
2,chain4,f32,65536,glibc_t2,P7,6,0,1,94873.00,65.0000,0.0000,0.0,96000.0,1.000,262144.0,0.000,0,0,262144,1,2,1,0,1,1
2,chain4,f32,65536,glibc_t2,FIXED_TWIN,6,1,1,127373.00,65.0000,0.0000,0.0,130000.0,1.000,262144.0,0.000,0,0,262144,1,2,1,0,1,1
2,chain4,f32,65536,glibc_t2,P5,6,2,1,505690.00,260.0000,0.0000,0.0,510000.0,4.000,1048576.0,0.000,0,0,1048576,4,0,0,0,1,1
2,chain4,f32,65536,glibc_t2,P6,6,3,1,106803.00,65.0000,0.0000,0.0,109000.0,1.000,262144.0,0.000,0,0,262144,1,3,0,0,1,1
2,chain4,f32,65536,glibc_t2,FIXED_TWIN,7,0,1,95583.00,65.0000,0.0000,0.0,97000.0,1.000,262144.0,0.000,0,0,262144,1,2,1,0,1,1
2,chain4,f32,65536,glibc_t2,P5,7,1,1,346006.00,260.0000,0.0000,0.0,348000.0,4.000,1048576.0,0.000,0,0,1048576,4,0,0,0,1,1
2,chain4,f32,65536,glibc_t2,P6,7,2,1,124669.00,65.0000,0.0000,0.0,126000.0,1.000,262144.0,0.000,0,0,262144,1,3,0,0,1,1
2,chain4,f32,65536,glibc_t2,P7,7,3,1,101148.00,65.0000,0.0000,0.0,103000.0,1.000,262144.0,0.000,0,0,262144,1,2,1,0,1,1
2,chain4,f32,65536,glibc_t2,P5,8,0,1,353299.00,260.0000,0.0000,0.0,355000.0,4.000,1048576.0,0.000,0,0,1048576,4,0,0,0,1,1
2,chain4,f32,65536,glibc_t2,P6,8,1,1,101773.00,65.0000,0.0000,0.0,104000.0,1.000,262144.0,0.000,0,0,262144,1,3,0,0,1,1
2,chain4,f32,65536,glibc_t2,P7,8,2,1,94299.00,65.0000,0.0000,0.0,96000.0,1.000,262144.0,0.000,0,0,262144,1,2,1,0,1,1
2,chain4,f32,65536,glibc_t2,FIXED_TWIN,8,3,1,100706.00,65.0000,0.0000,0.0,102000.0,1.000,262144.0,0.000,0,0,262144,1,2,1,0,1,1
2,chain4,f32,65536,glibc_t2,P6,9,0,1,98777.00,65.0000,0.0000,0.0,100000.0,1.000,262144.0,0.000,0,0,262144,1,3,0,0,1,1
2,chain4,f32,65536,glibc_t2,P7,9,1,1,95194.00,65.0000,0.0000,0.0,96000.0,1.000,262144.0,0.000,0,0,262144,1,2,1,0,1,1
2,chain4,f32,65536,glibc_t2,FIXED_TWIN,9,2,1,97482.00,65.0000,0.0000,0.0,99000.0,1.000,262144.0,0.000,0,0,262144,1,2,1,0,1,1
2,chain4,f32,65536,glibc_t2,P5,9,3,1,397484.00,260.0000,0.0000,400000.0,0.0,4.000,1048576.0,0.000,0,0,1048576,4,0,0,0,1,1
2,chain4,f32,65536,glibc_t2,P7,10,0,1,98189.00,65.0000,0.0000,100000.0,0.0,1.000,262144.0,0.000,0,0,262144,1,2,1,0,1,1
2,chain4,f32,65536,glibc_t2,FIXED_TWIN,10,1,1,95126.00,65.0000,0.0000,96000.0,0.0,1.000,262144.0,0.000,0,0,262144,1,2,1,0,1,1
2,chain4,f32,65536,glibc_t2,P5,10,2,1,327569.00,260.0000,0.0000,329000.0,0.0,4.000,1048576.0,0.000,0,0,1048576,4,0,0,0,1,1
2,chain4,f32,65536,glibc_t2,P6,10,3,1,110856.00,65.0000,0.0000,112000.0,0.0,1.000,262144.0,0.000,0,0,262144,1,3,0,0,1,1
2,chain4,f32,65536,glibc_t2,FIXED_TWIN,11,0,1,135367.00,65.0000,0.0000,137000.0,0.0,1.000,262144.0,0.000,0,0,262144,1,2,1,0,1,1
2,chain4,f32,65536,glibc_t2,P5,11,1,1,429335.00,260.0000,0.0000,432000.0,0.0,4.000,1048576.0,0.000,0,0,1048576,4,0,0,0,1,1
2,chain4,f32,65536,glibc_t2,P6,11,2,1,106789.00,65.0000,0.0000,108000.0,0.0,1.000,262144.0,0.000,0,0,262144,1,3,0,0,1,1
2,chain4,f32,65536,glibc_t2,P7,11,3,1,116948.00,65.0000,0.0000,118000.0,0.0,1.000,262144.0,0.000,0,0,262144,1,2,1,0,1,1
2,chain4,f32,65536,glibc_t2,P5,12,0,1,356591.00,260.0000,0.0000,359000.0,0.0,4.000,1048576.0,0.000,0,0,1048576,4,0,0,0,1,1
2,chain4,f32,65536,glibc_t2,P6,12,1,1,100788.00,65.0000,0.0000,102000.0,0.0,1.000,262144.0,0.000,0,0,262144,1,3,0,0,1,1
2,chain4,f32,65536,glibc_t2,P7,12,2,1,116955.00,65.0000,0.0000,118000.0,0.0,1.000,262144.0,0.000,0,0,262144,1,2,1,0,1,1
2,chain4,f32,65536,glibc_t2,FIXED_TWIN,12,3,1,95051.00,65.0000,0.0000,96000.0,0.0,1.000,262144.0,0.000,0,0,262144,1,2,1,0,1,1
2,chain4,f32,65536,glibc_t2,P6,13,0,1,104940.00,65.0000,0.0000,106000.0,0.0,1.000,262144.0,0.000,0,0,262144,1,3,0,0,1,1
2,chain4,f32,65536,glibc_t2,P7,13,1,1,94025.00,65.0000,0.0000,95000.0,0.0,1.000,262144.0,0.000,0,0,262144,1,2,1,0,1,1
2,chain4,f32,65536,glibc_t2,FIXED_TWIN,13,2,1,97920.00,65.0000,0.0000,99000.0,0.0,1.000,262144.0,0.000,0,0,262144,1,2,1,0,1,1
2,chain4,f32,65536,glibc_t2,P5,13,3,1,340648.00,260.0000,0.0000,0.0,342000.0,4.000,1048576.0,0.000,0,0,1048576,4,0,0,0,1,1
2,chain4,f32,65536,glibc_t2,P7,14,0,1,117453.00,65.0000,0.0000,0.0,118000.0,1.000,262144.0,0.000,0,0,262144,1,2,1,0,1,1
2,chain4,f32,65536,glibc_t2,FIXED_TWIN,14,1,1,98812.00,65.0000,0.0000,0.0,100000.0,1.000,262144.0,0.000,0,0,262144,1,2,1,0,1,1
2,chain4,f32,65536,glibc_t2,P5,14,2,1,347855.00,260.0000,0.0000,0.0,350000.0,4.000,1048576.0,0.000,0,0,1048576,4,0,0,0,1,1
2,chain4,f32,65536,glibc_t2,P6,14,3,1,104848.00,65.0000,0.0000,0.0,106000.0,1.000,262144.0,0.000,0,0,262144,1,3,0,0,1,1
2,chain4,f32,262144,glibc_t2,P5,0,0,1,1521988.00,1028.0000,0.0000,0.0,1525000.0,4.000,4194304.0,0.000,0,0,4194304,4,0,0,0,1,1
2,chain4,f32,262144,glibc_t2,P6,0,1,1,628351.00,257.0000,0.0000,0.0,599000.0,1.000,1048576.0,0.000,0,0,1048576,1,3,0,0,1,1
2,chain4,f32,262144,glibc_t2,P7,0,2,1,545896.00,257.0000,0.0000,552000.0,0.0,1.000,1048576.0,0.000,0,0,1048576,1,2,1,0,1,1
2,chain4,f32,262144,glibc_t2,FIXED_TWIN,0,3,1,528018.00,257.0000,0.0000,530000.0,0.0,1.000,1048576.0,0.000,0,0,1048576,1,2,1,0,1,1
2,chain4,f32,262144,glibc_t2,P6,1,0,1,515404.00,257.0000,0.0000,518000.0,0.0,1.000,1048576.0,0.000,0,0,1048576,1,3,0,0,1,1
2,chain4,f32,262144,glibc_t2,P7,1,1,1,520370.00,257.0000,0.0000,0.0,524000.0,1.000,1048576.0,0.000,0,0,1048576,1,2,1,0,1,1
2,chain4,f32,262144,glibc_t2,FIXED_TWIN,1,2,1,531163.00,257.0000,0.0000,0.0,534000.0,1.000,1048576.0,0.000,0,0,1048576,1,2,1,0,1,1
2,chain4,f32,262144,glibc_t2,P5,1,3,1,1438764.00,1028.0000,0.0000,0.0,1441000.0,4.000,4194304.0,0.000,0,0,4194304,4,0,0,0,1,1
2,chain4,f32,262144,glibc_t2,P7,2,0,1,508896.00,257.0000,0.0000,196000.0,315000.0,1.000,1048576.0,0.000,0,0,1048576,1,2,1,0,1,1
2,chain4,f32,262144,glibc_t2,FIXED_TWIN,2,1,1,521534.00,257.0000,0.0000,524000.0,0.0,1.000,1048576.0,0.000,0,0,1048576,1,2,1,0,1,1
2,chain4,f32,262144,glibc_t2,P5,2,2,1,1450373.00,1028.0000,0.0000,0.0,1453000.0,4.000,4194304.0,0.000,0,0,4194304,4,0,0,0,1,1
2,chain4,f32,262144,glibc_t2,P6,2,3,1,538536.00,257.0000,0.0000,0.0,541000.0,1.000,1048576.0,0.000,0,0,1048576,1,3,0,0,1,1
2,chain4,f32,262144,glibc_t2,FIXED_TWIN,3,0,1,527135.00,257.0000,0.0000,224000.0,305000.0,1.000,1048576.0,0.000,0,0,1048576,1,2,1,0,1,1
2,chain4,f32,262144,glibc_t2,P5,3,1,1,1460641.00,1028.0000,0.0000,0.0,1463000.0,4.000,4194304.0,0.000,0,0,4194304,4,0,0,0,1,1
2,chain4,f32,262144,glibc_t2,P6,3,2,1,537205.00,257.0000,0.0000,540000.0,0.0,1.000,1048576.0,0.000,0,0,1048576,1,3,0,0,1,1
2,chain4,f32,262144,glibc_t2,P7,3,3,1,544596.00,257.0000,0.0000,548000.0,0.0,1.000,1048576.0,0.000,0,0,1048576,1,2,1,0,1,1
2,chain4,f32,262144,glibc_t2,P5,4,0,1,1508721.00,1028.0000,0.0000,0.0,1511000.0,4.000,4194304.0,0.000,0,0,4194304,4,0,0,0,1,1
2,chain4,f32,262144,glibc_t2,P6,4,1,1,560269.00,257.0000,0.0000,0.0,563000.0,1.000,1048576.0,0.000,0,0,1048576,1,3,0,0,1,1
2,chain4,f32,262144,glibc_t2,P7,4,2,1,555971.00,257.0000,0.0000,558000.0,0.0,1.000,1048576.0,0.000,0,0,1048576,1,2,1,0,1,1
2,chain4,f32,262144,glibc_t2,FIXED_TWIN,4,3,1,517007.00,257.0000,0.0000,520000.0,0.0,1.000,1048576.0,0.000,0,0,1048576,1,2,1,0,1,1
2,chain4,f32,262144,glibc_t2,P6,5,0,1,513252.00,257.0000,0.0000,515000.0,0.0,1.000,1048576.0,0.000,0,0,1048576,1,3,0,0,1,1
2,chain4,f32,262144,glibc_t2,P7,5,1,1,696332.00,257.0000,0.0000,700000.0,0.0,1.000,1048576.0,0.000,0,0,1048576,1,2,1,0,1,1
2,chain4,f32,262144,glibc_t2,FIXED_TWIN,5,2,1,510824.00,257.0000,0.0000,514000.0,0.0,1.000,1048576.0,0.000,0,0,1048576,1,2,1,0,1,1
2,chain4,f32,262144,glibc_t2,P5,5,3,1,1442070.00,1028.0000,0.0000,469000.0,976000.0,4.000,4194304.0,0.000,0,0,4194304,4,0,0,0,1,1
2,chain4,f32,262144,glibc_t2,P7,6,0,1,505947.00,257.0000,0.0000,216000.0,293000.0,1.000,1048576.0,0.000,0,0,1048576,1,2,1,0,1,1
2,chain4,f32,262144,glibc_t2,FIXED_TWIN,6,1,1,520130.00,257.0000,0.0000,523000.0,0.0,1.000,1048576.0,0.000,0,0,1048576,1,2,1,0,1,1
2,chain4,f32,262144,glibc_t2,P5,6,2,1,1487885.00,1028.0000,0.0000,0.0,1490000.0,4.000,4194304.0,0.000,0,0,4194304,4,0,0,0,1,1
2,chain4,f32,262144,glibc_t2,P6,6,3,1,528786.00,257.0000,0.0000,0.0,531000.0,1.000,1048576.0,0.000,0,0,1048576,1,3,0,0,1,1
2,chain4,f32,262144,glibc_t2,FIXED_TWIN,7,0,1,505067.00,257.0000,0.0000,215000.0,293000.0,1.000,1048576.0,0.000,0,0,1048576,1,2,1,0,1,1
2,chain4,f32,262144,glibc_t2,P5,7,1,1,1437506.00,1028.0000,0.0000,1439000.0,0.0,4.000,4194304.0,0.000,0,0,4194304,4,0,0,0,1,1
2,chain4,f32,262144,glibc_t2,P6,7,2,1,512642.00,257.0000,0.0000,515000.0,0.0,1.000,1048576.0,0.000,0,0,1048576,1,3,0,0,1,1
2,chain4,f32,262144,glibc_t2,P7,7,3,1,516371.00,257.0000,0.0000,519000.0,0.0,1.000,1048576.0,0.000,0,0,1048576,1,2,1,0,1,1
2,chain4,f32,262144,glibc_t2,P5,8,0,1,1440187.00,1028.0000,0.0000,611000.0,831000.0,4.000,4194304.0,0.000,0,0,4194304,4,0,0,0,1,1
2,chain4,f32,262144,glibc_t2,P6,8,1,1,524588.00,257.0000,0.0000,224000.0,303000.0,1.000,1048576.0,0.000,0,0,1048576,1,3,0,0,1,1
2,chain4,f32,262144,glibc_t2,P7,8,2,1,518693.00,257.0000,0.0000,521000.0,0.0,1.000,1048576.0,0.000,0,0,1048576,1,2,1,0,1,1
2,chain4,f32,262144,glibc_t2,FIXED_TWIN,8,3,1,578118.00,257.0000,0.0000,582000.0,0.0,1.000,1048576.0,0.000,0,0,1048576,1,2,1,0,1,1
2,chain4,f32,262144,glibc_t2,P6,9,0,1,596847.00,257.0000,0.0000,0.0,600000.0,1.000,1048576.0,0.000,0,0,1048576,1,3,0,0,1,1
2,chain4,f32,262144,glibc_t2,P7,9,1,1,542985.00,257.0000,0.0000,0.0,546000.0,1.000,1048576.0,0.000,0,0,1048576,1,2,1,0,1,1
2,chain4,f32,262144,glibc_t2,FIXED_TWIN,9,2,1,550414.00,257.0000,0.0000,0.0,553000.0,1.000,1048576.0,0.000,0,0,1048576,1,2,1,0,1,1
2,chain4,f32,262144,glibc_t2,P5,9,3,1,1619175.00,1028.0000,0.0000,0.0,1623000.0,4.000,4194304.0,0.000,0,0,4194304,4,0,0,0,1,1
2,chain4,f32,262144,glibc_t2,P7,10,0,1,537406.00,257.0000,0.0000,540000.0,0.0,1.000,1048576.0,0.000,0,0,1048576,1,2,1,0,1,1
2,chain4,f32,262144,glibc_t2,FIXED_TWIN,10,1,1,501502.00,257.0000,0.0000,503000.0,0.0,1.000,1048576.0,0.000,0,0,1048576,1,2,1,0,1,1
2,chain4,f32,262144,glibc_t2,P5,10,2,1,1473013.00,1028.0000,0.0000,0.0,1475000.0,4.000,4194304.0,0.000,0,0,4194304,4,0,0,0,1,1
2,chain4,f32,262144,glibc_t2,P6,10,3,1,545522.00,257.0000,0.0000,0.0,549000.0,1.000,1048576.0,0.000,0,0,1048576,1,3,0,0,1,1
2,chain4,f32,262144,glibc_t2,FIXED_TWIN,11,0,1,504069.00,257.0000,0.0000,0.0,506000.0,1.000,1048576.0,0.000,0,0,1048576,1,2,1,0,1,1
2,chain4,f32,262144,glibc_t2,P5,11,1,1,1418745.00,1028.0000,0.0000,0.0,1421000.0,4.000,4194304.0,0.000,0,0,4194304,4,0,0,0,1,1
2,chain4,f32,262144,glibc_t2,P6,11,2,1,519926.00,257.0000,0.0000,522000.0,0.0,1.000,1048576.0,0.000,0,0,1048576,1,3,0,0,1,1
2,chain4,f32,262144,glibc_t2,P7,11,3,1,487650.00,257.0000,0.0000,490000.0,0.0,1.000,1048576.0,0.000,0,0,1048576,1,2,1,0,1,1
2,chain4,f32,262144,glibc_t2,P5,12,0,1,1450473.00,1028.0000,0.0000,218000.0,1235000.0,4.000,4194304.0,0.000,0,0,4194304,4,0,0,0,1,1
2,chain4,f32,262144,glibc_t2,P6,12,1,1,511252.00,257.0000,0.0000,217000.0,296000.0,1.000,1048576.0,0.000,0,0,1048576,1,3,0,0,1,1
2,chain4,f32,262144,glibc_t2,P7,12,2,1,508636.00,257.0000,0.0000,511000.0,0.0,1.000,1048576.0,0.000,0,0,1048576,1,2,1,0,1,1
2,chain4,f32,262144,glibc_t2,FIXED_TWIN,12,3,1,491809.00,257.0000,0.0000,494000.0,0.0,1.000,1048576.0,0.000,0,0,1048576,1,2,1,0,1,1
2,chain4,f32,262144,glibc_t2,P6,13,0,1,545731.00,257.0000,0.0000,290000.0,258000.0,1.000,1048576.0,0.000,0,0,1048576,1,3,0,0,1,1
2,chain4,f32,262144,glibc_t2,P7,13,1,1,507443.00,257.0000,0.0000,509000.0,0.0,1.000,1048576.0,0.000,0,0,1048576,1,2,1,0,1,1
2,chain4,f32,262144,glibc_t2,FIXED_TWIN,13,2,1,505400.00,257.0000,0.0000,507000.0,0.0,1.000,1048576.0,0.000,0,0,1048576,1,2,1,0,1,1
2,chain4,f32,262144,glibc_t2,P5,13,3,1,1415006.00,1028.0000,0.0000,367000.0,1050000.0,4.000,4194304.0,0.000,0,0,4194304,4,0,0,0,1,1
2,chain4,f32,262144,glibc_t2,P7,14,0,1,502886.00,257.0000,0.0000,214000.0,291000.0,1.000,1048576.0,0.000,0,0,1048576,1,2,1,0,1,1
2,chain4,f32,262144,glibc_t2,FIXED_TWIN,14,1,1,508205.00,257.0000,0.0000,511000.0,0.0,1.000,1048576.0,0.000,0,0,1048576,1,2,1,0,1,1
2,chain4,f32,262144,glibc_t2,P5,14,2,1,1462303.00,1028.0000,0.0000,0.0,1465000.0,4.000,4194304.0,0.000,0,0,4194304,4,0,0,0,1,1
2,chain4,f32,262144,glibc_t2,P6,14,3,1,529545.00,257.0000,0.0000,0.0,532000.0,1.000,1048576.0,0.000,0,0,1048576,1,3,0,0,1,1
2,chain4,f32,1048576,glibc_t2,P5,0,0,1,6405960.00,4100.0000,0.0000,1020000.0,5391000.0,4.000,16777216.0,0.000,0,0,16777216,4,0,0,0,1,1
2,chain4,f32,1048576,glibc_t2,P6,0,1,1,2431512.00,1025.0000,0.0000,0.0,2435000.0,1.000,4194304.0,0.000,0,0,4194304,1,3,0,0,1,1
2,chain4,f32,1048576,glibc_t2,P7,0,2,1,2250136.00,1025.0000,0.0000,343000.0,1910000.0,1.000,4194304.0,0.000,0,0,4194304,1,2,1,0,1,1
2,chain4,f32,1048576,glibc_t2,FIXED_TWIN,0,3,1,2177311.00,1025.0000,0.0000,923000.0,1257000.0,1.000,4194304.0,0.000,0,0,4194304,1,2,1,0,1,1
2,chain4,f32,1048576,glibc_t2,P6,1,0,1,2390849.00,1025.0000,0.0000,2394000.0,0.0,1.000,4194304.0,0.000,0,0,4194304,1,3,0,0,1,1
2,chain4,f32,1048576,glibc_t2,P7,1,1,1,2194445.00,1025.0000,0.0000,931000.0,1267000.0,1.000,4194304.0,0.000,0,0,4194304,1,2,1,0,1,1
2,chain4,f32,1048576,glibc_t2,FIXED_TWIN,1,2,1,2276239.00,1025.0000,0.0000,2280000.0,0.0,1.000,4194304.0,0.000,0,0,4194304,1,2,1,0,1,1
2,chain4,f32,1048576,glibc_t2,P5,1,3,1,7071103.00,4100.0000,0.0000,0.0,7073000.0,4.000,16777216.0,0.000,0,0,16777216,4,0,0,0,1,1
2,chain4,f32,1048576,glibc_t2,P7,2,0,1,2327540.00,1025.0000,0.0000,2330000.0,0.0,1.000,4194304.0,0.000,0,0,4194304,1,2,1,0,1,1
2,chain4,f32,1048576,glibc_t2,FIXED_TWIN,2,1,1,2204305.00,1025.0000,0.0000,1538000.0,669000.0,1.000,4194304.0,0.000,0,0,4194304,1,2,1,0,1,1
2,chain4,f32,1048576,glibc_t2,P5,2,2,1,6599438.00,4100.0000,0.0000,0.0,6601000.0,4.000,16777216.0,0.000,0,0,16777216,4,0,0,0,1,1
2,chain4,f32,1048576,glibc_t2,P6,2,3,1,2426254.00,1025.0000,0.0000,0.0,2430000.0,1.000,4194304.0,0.000,0,0,4194304,1,3,0,0,1,1
2,chain4,f32,1048576,glibc_t2,FIXED_TWIN,3,0,1,2128500.00,1025.0000,0.0000,903000.0,1229000.0,1.000,4194304.0,0.000,0,0,4194304,1,2,1,0,1,1
2,chain4,f32,1048576,glibc_t2,P5,3,1,1,7000811.00,4100.0000,0.0000,1271000.0,5733000.0,4.000,16777216.0,0.000,0,0,16777216,4,0,0,0,1,1
2,chain4,f32,1048576,glibc_t2,P6,3,2,1,2835710.00,1025.0000,0.0000,2840000.0,0.0,1.000,4194304.0,0.000,0,0,4194304,1,3,0,0,1,1
2,chain4,f32,1048576,glibc_t2,P7,3,3,1,2412943.00,1025.0000,0.0000,2417000.0,0.0,1.000,4194304.0,0.000,0,0,4194304,1,2,1,0,1,1
2,chain4,f32,1048576,glibc_t2,P5,4,0,1,7319761.00,4100.0000,0.0000,0.0,7324000.0,4.000,16777216.0,0.000,0,0,16777216,4,0,0,0,1,1
2,chain4,f32,1048576,glibc_t2,P6,4,1,1,2562951.00,1025.0000,0.0000,2567000.0,0.0,1.000,4194304.0,0.000,0,0,4194304,1,3,0,0,1,1
2,chain4,f32,1048576,glibc_t2,P7,4,2,1,2259961.00,1025.0000,0.0000,0.0,2263000.0,1.000,4194304.0,0.000,0,0,4194304,1,2,1,0,1,1
2,chain4,f32,1048576,glibc_t2,FIXED_TWIN,4,3,1,2174861.00,1025.0000,0.0000,923000.0,1255000.0,1.000,4194304.0,0.000,0,0,4194304,1,2,1,0,1,1
2,chain4,f32,1048576,glibc_t2,P6,5,0,1,2475784.00,1025.0000,0.0000,0.0,2479000.0,1.000,4194304.0,0.000,0,0,4194304,1,3,0,0,1,1
2,chain4,f32,1048576,glibc_t2,P7,5,1,1,2233837.00,1025.0000,0.0000,2238000.0,0.0,1.000,4194304.0,0.000,0,0,4194304,1,2,1,0,1,1
2,chain4,f32,1048576,glibc_t2,FIXED_TWIN,5,2,1,2187640.00,1025.0000,0.0000,1954000.0,236000.0,1.000,4194304.0,0.000,0,0,4194304,1,2,1,0,1,1
2,chain4,f32,1048576,glibc_t2,P5,5,3,1,6885404.00,4100.0000,0.0000,0.0,6889000.0,4.000,16777216.0,0.000,0,0,16777216,4,0,0,0,1,1
2,chain4,f32,1048576,glibc_t2,P7,6,0,1,2264420.00,1025.0000,0.0000,2267000.0,0.0,1.000,4194304.0,0.000,0,0,4194304,1,2,1,0,1,1
2,chain4,f32,1048576,glibc_t2,FIXED_TWIN,6,1,1,2360066.00,1025.0000,0.0000,1981000.0,383000.0,1.000,4194304.0,0.000,0,0,4194304,1,2,1,0,1,1
2,chain4,f32,1048576,glibc_t2,P5,6,2,1,7236549.00,4100.0000,0.0000,0.0,7240000.0,4.000,16777216.0,0.000,0,0,16777216,4,0,0,0,1,1
2,chain4,f32,1048576,glibc_t2,P6,6,3,1,2463000.00,1025.0000,0.0000,1045000.0,1422000.0,1.000,4194304.0,0.000,0,0,4194304,1,3,0,0,1,1
2,chain4,f32,1048576,glibc_t2,FIXED_TWIN,7,0,1,2240691.00,1025.0000,0.0000,0.0,2245000.0,1.000,4194304.0,0.000,0,0,4194304,1,2,1,0,1,1
2,chain4,f32,1048576,glibc_t2,P5,7,1,1,6670418.00,4100.0000,0.0000,0.0,6674000.0,4.000,16777216.0,0.000,0,0,16777216,4,0,0,0,1,1
2,chain4,f32,1048576,glibc_t2,P6,7,2,1,2434853.00,1025.0000,0.0000,2437000.0,0.0,1.000,4194304.0,0.000,0,0,4194304,1,3,0,0,1,1
2,chain4,f32,1048576,glibc_t2,P7,7,3,1,2191229.00,1025.0000,0.0000,930000.0,1265000.0,1.000,4194304.0,0.000,0,0,4194304,1,2,1,0,1,1
2,chain4,f32,1048576,glibc_t2,P5,8,0,1,6432717.00,4100.0000,0.0000,0.0,6435000.0,4.000,16777216.0,0.000,0,0,16777216,4,0,0,0,1,1
2,chain4,f32,1048576,glibc_t2,P6,8,1,1,2393368.00,1025.0000,0.0000,2396000.0,0.0,1.000,4194304.0,0.000,0,0,4194304,1,3,0,0,1,1
2,chain4,f32,1048576,glibc_t2,P7,8,2,1,2162684.00,1025.0000,0.0000,917000.0,1248000.0,1.000,4194304.0,0.000,0,0,4194304,1,2,1,0,1,1
2,chain4,f32,1048576,glibc_t2,FIXED_TWIN,8,3,1,2193681.00,1025.0000,0.0000,2197000.0,0.0,1.000,4194304.0,0.000,0,0,4194304,1,2,1,0,1,1
2,chain4,f32,1048576,glibc_t2,P6,9,0,1,2319148.00,1025.0000,0.0000,1930000.0,391000.0,1.000,4194304.0,0.000,0,0,4194304,1,3,0,0,1,1
2,chain4,f32,1048576,glibc_t2,P7,9,1,1,2203497.00,1025.0000,0.0000,2206000.0,0.0,1.000,4194304.0,0.000,0,0,4194304,1,2,1,0,1,1
2,chain4,f32,1048576,glibc_t2,FIXED_TWIN,9,2,1,2184686.00,1025.0000,0.0000,927000.0,1261000.0,1.000,4194304.0,0.000,0,0,4194304,1,2,1,0,1,1
2,chain4,f32,1048576,glibc_t2,P5,9,3,1,12181521.00,4100.0000,0.0000,7947000.0,4011000.0,4.000,16777216.0,0.000,0,0,16777216,4,0,0,0,1,1
2,chain4,f32,1048576,glibc_t2,P7,10,0,1,4090742.00,1025.0000,0.0000,460000.0,3634000.0,1.000,4194304.0,0.000,0,0,4194304,1,2,1,0,1,1
2,chain4,f32,1048576,glibc_t2,FIXED_TWIN,10,1,1,3706021.00,1025.0000,0.0000,3464000.0,0.0,1.000,4194304.0,0.000,0,0,4194304,1,2,1,0,1,1
2,chain4,f32,1048576,glibc_t2,P5,10,2,1,10356298.00,4100.0000,0.0000,996000.0,9362000.0,4.000,16777216.0,0.000,0,0,16777216,4,0,0,0,1,1
2,chain4,f32,1048576,glibc_t2,P6,10,3,1,3538484.00,1025.0000,0.0000,0.0,3542000.0,1.000,4194304.0,0.000,0,0,4194304,1,3,0,0,1,1
2,chain4,f32,1048576,glibc_t2,FIXED_TWIN,11,0,1,3204294.00,1025.0000,0.0000,3208000.0,0.0,1.000,4194304.0,0.000,0,0,4194304,1,2,1,0,1,1
2,chain4,f32,1048576,glibc_t2,P5,11,1,1,10820940.00,4100.0000,0.0000,3501000.0,7323000.0,4.000,16777216.0,0.000,0,0,16777216,4,0,0,0,1,1
2,chain4,f32,1048576,glibc_t2,P6,11,2,1,3647475.00,1025.0000,0.0000,3601000.0,0.0,1.000,4194304.0,0.000,0,0,4194304,1,3,0,0,1,1
2,chain4,f32,1048576,glibc_t2,P7,11,3,1,2303061.00,1025.0000,0.0000,1494000.0,813000.0,1.000,4194304.0,0.000,0,0,4194304,1,2,1,0,1,1
2,chain4,f32,1048576,glibc_t2,P5,12,0,1,6867747.00,4100.0000,0.0000,0.0,6870000.0,4.000,16777216.0,0.000,0,0,16777216,4,0,0,0,1,1
2,chain4,f32,1048576,glibc_t2,P6,12,1,1,2504406.00,1025.0000,0.0000,1062000.0,1444000.0,1.000,4194304.0,0.000,0,0,4194304,1,3,0,0,1,1
2,chain4,f32,1048576,glibc_t2,P7,12,2,1,2304959.00,1025.0000,0.0000,2309000.0,0.0,1.000,4194304.0,0.000,0,0,4194304,1,2,1,0,1,1
2,chain4,f32,1048576,glibc_t2,FIXED_TWIN,12,3,1,2220776.00,1025.0000,0.0000,2224000.0,0.0,1.000,4194304.0,0.000,0,0,4194304,1,2,1,0,1,1
2,chain4,f32,1048576,glibc_t2,P6,13,0,1,2432877.00,1025.0000,0.0000,2436000.0,0.0,1.000,4194304.0,0.000,0,0,4194304,1,3,0,0,1,1
2,chain4,f32,1048576,glibc_t2,P7,13,1,1,2201823.00,1025.0000,0.0000,0.0,2205000.0,1.000,4194304.0,0.000,0,0,4194304,1,2,1,0,1,1
2,chain4,f32,1048576,glibc_t2,FIXED_TWIN,13,2,1,2224043.00,1025.0000,0.0000,548000.0,1680000.0,1.000,4194304.0,0.000,0,0,4194304,1,2,1,0,1,1
2,chain4,f32,1048576,glibc_t2,P5,13,3,1,6748097.00,4100.0000,0.0000,1165000.0,5586000.0,4.000,16777216.0,0.000,0,0,16777216,4,0,0,0,1,1
2,chain4,f32,1048576,glibc_t2,P7,14,0,1,2193929.00,1025.0000,0.0000,2196000.0,0.0,1.000,4194304.0,0.000,0,0,4194304,1,2,1,0,1,1
2,chain4,f32,1048576,glibc_t2,FIXED_TWIN,14,1,1,2161654.00,1025.0000,0.0000,1968000.0,196000.0,1.000,4194304.0,0.000,0,0,4194304,1,2,1,0,1,1
2,chain4,f32,1048576,glibc_t2,P5,14,2,1,6861392.00,4100.0000,0.0000,1212000.0,5652000.0,4.000,16777216.0,0.000,0,0,16777216,4,0,0,0,1,1
2,chain4,f32,1048576,glibc_t2,P6,14,3,1,2529968.00,1025.0000,0.0000,2533000.0,0.0,1.000,4194304.0,0.000,0,0,4194304,1,3,0,0,1,1
2,chain4,f32,4194304,glibc_t2,P5,0,0,1,40655066.00,16388.0000,0.0000,263000.0,40385000.0,4.000,67108864.0,0.000,0,0,67108864,4,0,0,0,1,1
2,chain4,f32,4194304,glibc_t2,P6,0,1,1,15847926.00,4097.0000,0.0000,11941000.0,3912000.0,1.000,16777216.0,0.000,0,0,16777216,1,3,0,0,1,1
2,chain4,f32,4194304,glibc_t2,P7,0,2,1,14098264.00,4097.0000,0.0000,14104000.0,0.0,1.000,16777216.0,0.000,0,0,16777216,1,2,1,0,1,1
2,chain4,f32,4194304,glibc_t2,FIXED_TWIN,0,3,1,13384710.00,4097.0000,0.0000,10896000.0,2493000.0,1.000,16777216.0,0.000,0,0,16777216,1,2,1,0,1,1
2,chain4,f32,4194304,glibc_t2,P6,1,0,1,14886264.00,4097.0000,0.0000,14891000.0,0.0,1.000,16777216.0,0.000,0,0,16777216,1,3,0,0,1,1
2,chain4,f32,4194304,glibc_t2,P7,1,1,1,14399848.00,4097.0000,0.0000,13025000.0,1380000.0,1.000,16777216.0,0.000,0,0,16777216,1,2,1,0,1,1
2,chain4,f32,4194304,glibc_t2,FIXED_TWIN,1,2,1,14258887.00,4097.0000,0.0000,14264000.0,0.0,1.000,16777216.0,0.000,0,0,16777216,1,2,1,0,1,1
2,chain4,f32,4194304,glibc_t2,P5,1,3,1,43586107.00,16388.0000,0.0000,15825000.0,27767000.0,4.000,67108864.0,0.000,0,0,67108864,4,0,0,0,1,1
2,chain4,f32,4194304,glibc_t2,P7,2,0,1,15244298.00,4097.0000,0.0000,7683000.0,7568000.0,1.000,16777216.0,0.000,0,0,16777216,1,2,1,0,1,1
2,chain4,f32,4194304,glibc_t2,FIXED_TWIN,2,1,1,14384472.00,4097.0000,0.0000,14389000.0,0.0,1.000,16777216.0,0.000,0,0,16777216,1,2,1,0,1,1
2,chain4,f32,4194304,glibc_t2,P5,2,2,1,42539288.00,16388.0000,0.0000,19383000.0,23163000.0,4.000,67108864.0,0.000,0,0,67108864,4,0,0,0,1,1
2,chain4,f32,4194304,glibc_t2,P6,2,3,1,16139114.00,4097.0000,0.0000,14369000.0,1777000.0,1.000,16777216.0,0.000,0,0,16777216,1,3,0,0,1,1
2,chain4,f32,4194304,glibc_t2,FIXED_TWIN,3,0,1,15146238.00,4097.0000,0.0000,11583000.0,3511000.0,1.000,16777216.0,0.000,0,0,16777216,1,2,1,0,1,1
2,chain4,f32,4194304,glibc_t2,P5,3,1,1,42864358.00,16388.0000,0.0000,7513000.0,35357000.0,4.000,67108864.0,0.000,0,0,67108864,4,0,0,0,1,1
2,chain4,f32,4194304,glibc_t2,P6,3,2,1,15374670.00,4097.0000,0.0000,9437000.0,5943000.0,1.000,16777216.0,0.000,0,0,16777216,1,3,0,0,1,1
2,chain4,f32,4194304,glibc_t2,P7,3,3,1,15577324.00,4097.0000,0.0000,11821000.0,3748000.0,1.000,16777216.0,0.000,0,0,16777216,1,2,1,0,1,1
2,chain4,f32,4194304,glibc_t2,P5,4,0,1,42144340.00,16388.0000,0.0000,12909000.0,29241000.0,4.000,67108864.0,0.000,0,0,67108864,4,0,0,0,1,1
2,chain4,f32,4194304,glibc_t2,P6,4,1,1,16587379.00,4097.0000,0.0000,16259000.0,336000.0,1.000,16777216.0,0.000,0,0,16777216,1,3,0,0,1,1
2,chain4,f32,4194304,glibc_t2,P7,4,2,1,15767469.00,4097.0000,0.0000,13608000.0,2166000.0,1.000,16777216.0,0.000,0,0,16777216,1,2,1,0,1,1
2,chain4,f32,4194304,glibc_t2,FIXED_TWIN,4,3,1,14876146.00,4097.0000,0.0000,7526000.0,7357000.0,1.000,16777216.0,0.000,0,0,16777216,1,2,1,0,1,1
2,chain4,f32,4194304,glibc_t2,P6,5,0,1,15837579.00,4097.0000,0.0000,7934000.0,7910000.0,1.000,16777216.0,0.000,0,0,16777216,1,3,0,0,1,1
2,chain4,f32,4194304,glibc_t2,P7,5,1,1,17884474.00,4097.0000,0.0000,11106000.0,6784000.0,1.000,16777216.0,0.000,0,0,16777216,1,2,1,0,1,1
2,chain4,f32,4194304,glibc_t2,FIXED_TWIN,5,2,1,16297502.00,4097.0000,0.0000,4129000.0,12178000.0,1.000,16777216.0,0.000,0,0,16777216,1,2,1,0,1,1
2,chain4,f32,4194304,glibc_t2,P5,5,3,1,45739150.00,16388.0000,0.0000,11036000.0,34668000.0,4.000,67108864.0,0.000,0,0,67108864,4,0,0,0,1,1
2,chain4,f32,4194304,glibc_t2,P7,6,0,1,17042577.00,4097.0000,0.0000,12450000.0,4600000.0,1.000,16777216.0,0.000,0,0,16777216,1,2,1,0,1,1
2,chain4,f32,4194304,glibc_t2,FIXED_TWIN,6,1,1,16250194.00,4097.0000,0.0000,8110000.0,8147000.0,1.000,16777216.0,0.000,0,0,16777216,1,2,1,0,1,1
2,chain4,f32,4194304,glibc_t2,P5,6,2,1,45472360.00,16388.0000,0.0000,8594000.0,36822000.0,4.000,67108864.0,0.000,0,0,67108864,4,0,0,0,1,1
2,chain4,f32,4194304,glibc_t2,P6,6,3,1,16374805.00,4097.0000,0.0000,12166000.0,4216000.0,1.000,16777216.0,0.000,0,0,16777216,1,3,0,0,1,1
2,chain4,f32,4194304,glibc_t2,FIXED_TWIN,7,0,1,14594101.00,4097.0000,0.0000,11693000.0,2907000.0,1.000,16777216.0,0.000,0,0,16777216,1,2,1,0,1,1
2,chain4,f32,4194304,glibc_t2,P5,7,1,1,42733278.00,16388.0000,0.0000,17163000.0,25576000.0,4.000,67108864.0,0.000,0,0,67108864,4,0,0,0,1,1
2,chain4,f32,4194304,glibc_t2,P6,7,2,1,15426064.00,4097.0000,0.0000,7760000.0,7673000.0,1.000,16777216.0,0.000,0,0,16777216,1,3,0,0,1,1
2,chain4,f32,4194304,glibc_t2,P7,7,3,1,14332222.00,4097.0000,0.0000,4993000.0,9346000.0,1.000,16777216.0,0.000,0,0,16777216,1,2,1,0,1,1
2,chain4,f32,4194304,glibc_t2,P5,8,0,1,41490951.00,16388.0000,0.0000,8614000.0,32846000.0,4.000,67108864.0,0.000,0,0,67108864,4,0,0,0,1,1
2,chain4,f32,4194304,glibc_t2,P6,8,1,1,14285818.00,4097.0000,0.0000,4972000.0,9318000.0,1.000,16777216.0,0.000,0,0,16777216,1,3,0,0,1,1
2,chain4,f32,4194304,glibc_t2,P7,8,2,1,12940225.00,4097.0000,0.0000,4400000.0,8544000.0,1.000,16777216.0,0.000,0,0,16777216,1,2,1,0,1,1
2,chain4,f32,4194304,glibc_t2,FIXED_TWIN,8,3,1,13013528.00,4097.0000,0.0000,12438000.0,581000.0,1.000,16777216.0,0.000,0,0,16777216,1,2,1,0,1,1
2,chain4,f32,4194304,glibc_t2,P6,9,0,1,14161343.00,4097.0000,0.0000,8922000.0,5243000.0,1.000,16777216.0,0.000,0,0,16777216,1,3,0,0,1,1
2,chain4,f32,4194304,glibc_t2,P7,9,1,1,13334099.00,4097.0000,0.0000,12575000.0,767000.0,1.000,16777216.0,0.000,0,0,16777216,1,2,1,0,1,1
2,chain4,f32,4194304,glibc_t2,FIXED_TWIN,9,2,1,13470242.00,4097.0000,0.0000,6927000.0,6547000.0,1.000,16777216.0,0.000,0,0,16777216,1,2,1,0,1,1
2,chain4,f32,4194304,glibc_t2,P5,9,3,1,41290711.00,16388.0000,0.0000,16558000.0,24738000.0,4.000,67108864.0,0.000,0,0,67108864,4,0,0,0,1,1
2,chain4,f32,4194304,glibc_t2,P7,10,0,1,14422467.00,4097.0000,0.0000,9034000.0,5394000.0,1.000,16777216.0,0.000,0,0,16777216,1,2,1,0,1,1
2,chain4,f32,4194304,glibc_t2,FIXED_TWIN,10,1,1,13541901.00,4097.0000,0.0000,9743000.0,3764000.0,1.000,16777216.0,0.000,0,0,16777216,1,2,1,0,1,1
2,chain4,f32,4194304,glibc_t2,P5,10,2,1,41405557.00,16388.0000,0.0000,12597000.0,28815000.0,4.000,67108864.0,0.000,0,0,67108864,4,0,0,0,1,1
2,chain4,f32,4194304,glibc_t2,P6,10,3,1,15762077.00,4097.0000,0.0000,7903000.0,7867000.0,1.000,16777216.0,0.000,0,0,16777216,1,3,0,0,1,1
2,chain4,f32,4194304,glibc_t2,FIXED_TWIN,11,0,1,14320362.00,4097.0000,0.0000,14327000.0,0.0,1.000,16777216.0,0.000,0,0,16777216,1,2,1,0,1,1
2,chain4,f32,4194304,glibc_t2,P5,11,1,1,40870481.00,16388.0000,0.0000,8366000.0,32466000.0,4.000,67108864.0,0.000,0,0,67108864,4,0,0,0,1,1
2,chain4,f32,4194304,glibc_t2,P6,11,2,1,15829351.00,4097.0000,0.0000,7930000.0,7905000.0,1.000,16777216.0,0.000,0,0,16777216,1,3,0,0,1,1
2,chain4,f32,4194304,glibc_t2,P7,11,3,1,14267300.00,4097.0000,0.0000,8968000.0,5304000.0,1.000,16777216.0,0.000,0,0,16777216,1,2,1,0,1,1
2,chain4,f32,4194304,glibc_t2,P5,12,0,1,43003690.00,16388.0000,0.0000,15569000.0,27434000.0,4.000,67108864.0,0.000,0,0,67108864,4,0,0,0,1,1
2,chain4,f32,4194304,glibc_t2,P6,12,1,1,15249364.00,4097.0000,0.0000,11687000.0,3568000.0,1.000,16777216.0,0.000,0,0,16777216,1,3,0,0,1,1
2,chain4,f32,4194304,glibc_t2,P7,12,2,1,15550673.00,4097.0000,0.0000,7812000.0,7744000.0,1.000,16777216.0,0.000,0,0,16777216,1,2,1,0,1,1
2,chain4,f32,4194304,glibc_t2,FIXED_TWIN,12,3,1,14166523.00,4097.0000,0.0000,11225000.0,2945000.0,1.000,16777216.0,0.000,0,0,16777216,1,2,1,0,1,1
2,chain4,f32,4194304,glibc_t2,P6,13,0,1,14781816.00,4097.0000,0.0000,13190000.0,1597000.0,1.000,16777216.0,0.000,0,0,16777216,1,3,0,0,1,1
2,chain4,f32,4194304,glibc_t2,P7,13,1,1,14964662.00,4097.0000,0.0000,8233000.0,6738000.0,1.000,16777216.0,0.000,0,0,16777216,1,2,1,0,1,1
2,chain4,f32,4194304,glibc_t2,FIXED_TWIN,13,2,1,15295162.00,4097.0000,0.0000,11706000.0,3596000.0,1.000,16777216.0,0.000,0,0,16777216,1,2,1,0,1,1
2,chain4,f32,4194304,glibc_t2,P5,13,3,1,43195409.00,16388.0000,0.0000,15658000.0,27527000.0,4.000,67108864.0,0.000,0,0,67108864,4,0,0,0,1,1
2,chain4,f32,4194304,glibc_t2,P7,14,0,1,16460572.00,4097.0000,0.0000,12202000.0,4264000.0,1.000,16777216.0,0.000,0,0,16777216,1,2,1,0,1,1
2,chain4,f32,4194304,glibc_t2,FIXED_TWIN,14,1,1,14872820.00,4097.0000,0.0000,7523000.0,7355000.0,1.000,16777216.0,0.000,0,0,16777216,1,2,1,0,1,1
2,chain4,f32,4194304,glibc_t2,P5,14,2,1,40808707.00,16388.0000,0.0000,8340000.0,32474000.0,4.000,67108864.0,0.000,0,0,67108864,4,0,0,0,1,1
2,chain4,f32,4194304,glibc_t2,P6,14,3,1,15352717.00,4097.0000,0.0000,5428000.0,9929000.0,1.000,16777216.0,0.000,0,0,16777216,1,3,0,0,1,1
2,chain4,f32,16777216,glibc_t2,P5,0,0,1,162173065.00,65540.0000,0.0000,35201000.0,126978000.0,4.000,268435456.0,0.000,0,0,268435456,4,0,0,0,1,1
2,chain4,f32,16777216,glibc_t2,P6,0,1,1,73300318.00,16385.0000,0.0000,50865000.0,22442000.0,1.000,67108864.0,0.000,0,0,67108864,1,3,0,0,1,1
2,chain4,f32,16777216,glibc_t2,P7,0,2,1,66959660.00,16385.0000,0.0000,25253000.0,41692000.0,1.000,67108864.0,0.000,0,0,67108864,1,2,1,0,1,1
2,chain4,f32,16777216,glibc_t2,FIXED_TWIN,0,3,1,69416581.00,16385.0000,0.0000,30903000.0,38523000.0,1.000,67108864.0,0.000,0,0,67108864,1,2,1,0,1,1
2,chain4,f32,16777216,glibc_t2,P6,1,0,1,76562610.00,16385.0000,0.0000,40248000.0,36321000.0,1.000,67108864.0,0.000,0,0,67108864,1,3,0,0,1,1
2,chain4,f32,16777216,glibc_t2,P7,1,1,1,65472471.00,16385.0000,0.0000,36613000.0,28842000.0,1.000,67108864.0,0.000,0,0,67108864,1,2,1,0,1,1
2,chain4,f32,16777216,glibc_t2,FIXED_TWIN,1,2,1,68983312.00,16385.0000,0.0000,44433000.0,24532000.0,1.000,67108864.0,0.000,0,0,67108864,1,2,1,0,1,1
2,chain4,f32,16777216,glibc_t2,P5,1,3,1,162202616.00,65540.0000,0.0000,47221000.0,114865000.0,4.000,268435456.0,0.000,0,0,268435456,4,0,0,0,1,1
2,chain4,f32,16777216,glibc_t2,P7,2,0,1,68909602.00,16385.0000,0.0000,48394000.0,20513000.0,1.000,67108864.0,0.000,0,0,67108864,1,2,1,0,1,1
2,chain4,f32,16777216,glibc_t2,FIXED_TWIN,2,1,1,67340552.00,16385.0000,0.0000,43730000.0,23615000.0,1.000,67108864.0,0.000,0,0,67108864,1,2,1,0,1,1
2,chain4,f32,16777216,glibc_t2,P5,2,2,1,156905587.00,65540.0000,0.0000,56307000.0,100428000.0,4.000,268435456.0,0.000,0,0,268435456,4,0,0,0,1,1
2,chain4,f32,16777216,glibc_t2,P6,2,3,1,75707185.00,16385.0000,0.0000,51881000.0,23809000.0,1.000,67108864.0,0.000,0,0,67108864,1,3,0,0,1,1
2,chain4,f32,16777216,glibc_t2,FIXED_TWIN,3,0,1,70462707.00,16385.0000,0.0000,37060000.0,33409000.0,1.000,67108864.0,0.000,0,0,67108864,1,2,1,0,1,1
2,chain4,f32,16777216,glibc_t2,P5,3,1,1,159081056.00,65540.0000,0.0000,69320000.0,89767000.0,4.000,268435456.0,0.000,0,0,268435456,4,0,0,0,1,1
2,chain4,f32,16777216,glibc_t2,P6,3,2,1,73856449.00,16385.0000,0.0000,56813000.0,17050000.0,1.000,67108864.0,0.000,0,0,67108864,1,3,0,0,1,1
2,chain4,f32,16777216,glibc_t2,P7,3,3,1,69656513.00,16385.0000,0.0000,59019000.0,10644000.0,1.000,67108864.0,0.000,0,0,67108864,1,2,1,0,1,1
2,chain4,f32,16777216,glibc_t2,P5,4,0,1,160550920.00,65540.0000,0.0000,80184000.0,80311000.0,4.000,268435456.0,0.000,0,0,268435456,4,0,0,0,1,1
2,chain4,f32,16777216,glibc_t2,P6,4,1,1,75521624.00,16385.0000,0.0000,51811000.0,23717000.0,1.000,67108864.0,0.000,0,0,67108864,1,3,0,0,1,1
2,chain4,f32,16777216,glibc_t2,P7,4,2,1,71629696.00,16385.0000,0.0000,43854000.0,27784000.0,1.000,67108864.0,0.000,0,0,67108864,1,2,1,0,1,1
2,chain4,f32,16777216,glibc_t2,FIXED_TWIN,4,3,1,67841234.00,16385.0000,0.0000,51949000.0,15898000.0,1.000,67108864.0,0.000,0,0,67108864,1,2,1,0,1,1
2,chain4,f32,16777216,glibc_t2,P6,5,0,1,73980640.00,16385.0000,0.0000,48864000.0,25123000.0,1.000,67108864.0,0.000,0,0,67108864,1,3,0,0,1,1
2,chain4,f32,16777216,glibc_t2,P7,5,1,1,64657543.00,16385.0000,0.0000,44292000.0,20363000.0,1.000,67108864.0,0.000,0,0,67108864,1,2,1,0,1,1
2,chain4,f32,16777216,glibc_t2,FIXED_TWIN,5,2,1,64184199.00,16385.0000,0.0000,44093000.0,20061000.0,1.000,67108864.0,0.000,0,0,67108864,1,2,1,0,1,1
2,chain4,f32,16777216,glibc_t2,P5,5,3,1,154965368.00,65540.0000,0.0000,39541000.0,115392000.0,4.000,268435456.0,0.000,0,0,268435456,4,0,0,0,1,1
2,chain4,f32,16777216,glibc_t2,P7,6,0,1,65968122.00,16385.0000,0.0000,32851000.0,33124000.0,1.000,67108864.0,0.000,0,0,67108864,1,2,1,0,1,1
2,chain4,f32,16777216,glibc_t2,FIXED_TWIN,6,1,1,67341252.00,16385.0000,0.0000,43694000.0,23618000.0,1.000,67108864.0,0.000,0,0,67108864,1,2,1,0,1,1
2,chain4,f32,16777216,glibc_t2,P5,6,2,1,160752272.00,65540.0000,0.0000,44309000.0,116406000.0,4.000,268435456.0,0.000,0,0,268435456,4,0,0,0,1,1
2,chain4,f32,16777216,glibc_t2,P6,6,3,1,74182033.00,16385.0000,0.0000,51197000.0,22955000.0,1.000,67108864.0,0.000,0,0,67108864,1,3,0,0,1,1
2,chain4,f32,16777216,glibc_t2,FIXED_TWIN,7,0,1,69065176.00,16385.0000,0.0000,48474000.0,20600000.0,1.000,67108864.0,0.000,0,0,67108864,1,2,1,0,1,1
2,chain4,f32,16777216,glibc_t2,P5,7,1,1,160784504.00,65540.0000,0.0000,48313000.0,112410000.0,4.000,268435456.0,0.000,0,0,268435456,4,0,0,0,1,1
2,chain4,f32,16777216,glibc_t2,P6,7,2,1,73195456.00,16385.0000,0.0000,50810000.0,22392000.0,1.000,67108864.0,0.000,0,0,67108864,1,3,0,0,1,1
2,chain4,f32,16777216,glibc_t2,P7,7,3,1,65772480.00,16385.0000,0.0000,32768000.0,33012000.0,1.000,67108864.0,0.000,0,0,67108864,1,2,1,0,1,1
2,chain4,f32,16777216,glibc_t2,P5,8,0,1,160569577.00,65540.0000,0.0000,44166000.0,116287000.0,4.000,268435456.0,0.000,0,0,268435456,4,0,0,0,1,1
2,chain4,f32,16777216,glibc_t2,P6,8,1,1,70836578.00,16385.0000,0.0000,47420000.0,23300000.0,1.000,67108864.0,0.000,0,0,67108864,1,3,0,0,1,1
2,chain4,f32,16777216,glibc_t2,P7,8,2,1,63860369.00,16385.0000,0.0000,43954000.0,19879000.0,1.000,67108864.0,0.000,0,0,67108864,1,2,1,0,1,1
2,chain4,f32,16777216,glibc_t2,FIXED_TWIN,8,3,1,66010266.00,16385.0000,0.0000,51162000.0,14855000.0,1.000,67108864.0,0.000,0,0,67108864,1,2,1,0,1,1
2,chain4,f32,16777216,glibc_t2,P6,9,0,1,70977919.00,16385.0000,0.0000,59514000.0,11403000.0,1.000,67108864.0,0.000,0,0,67108864,1,3,0,0,1,1
2,chain4,f32,16777216,glibc_t2,P7,9,1,1,66473592.00,16385.0000,0.0000,55363000.0,11083000.0,1.000,67108864.0,0.000,0,0,67108864,1,2,1,0,1,1
2,chain4,f32,16777216,glibc_t2,FIXED_TWIN,9,2,1,65589010.00,16385.0000,0.0000,40696000.0,24900000.0,1.000,67108864.0,0.000,0,0,67108864,1,2,1,0,1,1
2,chain4,f32,16777216,glibc_t2,P5,9,3,1,157127020.00,65540.0000,0.0000,48473000.0,108653000.0,4.000,268435456.0,0.000,0,0,268435456,4,0,0,0,1,1
2,chain4,f32,16777216,glibc_t2,P7,10,0,1,64761600.00,16385.0000,0.0000,30588000.0,34132000.0,1.000,67108864.0,0.000,0,0,67108864,1,2,1,0,1,1
2,chain4,f32,16777216,glibc_t2,FIXED_TWIN,10,1,1,65975490.00,16385.0000,0.0000,39136000.0,26845000.0,1.000,67108864.0,0.000,0,0,67108864,1,2,1,0,1,1
2,chain4,f32,16777216,glibc_t2,P5,10,2,1,161423151.00,65540.0000,0.0000,50882000.0,110553000.0,4.000,268435456.0,0.000,0,0,268435456,4,0,0,0,1,1
2,chain4,f32,16777216,glibc_t2,P6,10,3,1,75282015.00,16385.0000,0.0000,51706000.0,23584000.0,1.000,67108864.0,0.000,0,0,67108864,1,3,0,0,1,1
2,chain4,f32,16777216,glibc_t2,FIXED_TWIN,11,0,1,66293803.00,16385.0000,0.0000,35271000.0,30944000.0,1.000,67108864.0,0.000,0,0,67108864,1,2,1,0,1,1
2,chain4,f32,16777216,glibc_t2,P5,11,1,1,156101226.00,65540.0000,0.0000,44032000.0,112075000.0,4.000,268435456.0,0.000,0,0,268435456,4,0,0,0,1,1
2,chain4,f32,16777216,glibc_t2,P6,11,2,1,74660463.00,16385.0000,0.0000,49162000.0,25506000.0,1.000,67108864.0,0.000,0,0,67108864,1,3,0,0,1,1
2,chain4,f32,16777216,glibc_t2,P7,11,3,1,65812692.00,16385.0000,0.0000,40794000.0,25026000.0,1.000,67108864.0,0.000,0,0,67108864,1,2,1,0,1,1
2,chain4,f32,16777216,glibc_t2,P5,12,0,1,156685652.00,65540.0000,0.0000,48270000.0,108384000.0,4.000,268435456.0,0.000,0,0,268435456,4,0,0,0,1,1
2,chain4,f32,16777216,glibc_t2,P6,12,1,1,71452751.00,16385.0000,0.0000,41500000.0,29960000.0,1.000,67108864.0,0.000,0,0,67108864,1,3,0,0,1,1
2,chain4,f32,16777216,glibc_t2,P7,12,2,1,71693919.00,16385.0000,0.0000,37602000.0,34088000.0,1.000,67108864.0,0.000,0,0,67108864,1,2,1,0,1,1
2,chain4,f32,16777216,glibc_t2,FIXED_TWIN,12,3,1,71394341.00,16385.0000,0.0000,43736000.0,27676000.0,1.000,67108864.0,0.000,0,0,67108864,1,2,1,0,1,1
2,chain4,f32,16777216,glibc_t2,P6,13,0,1,74143521.00,16385.0000,0.0000,40919000.0,33153000.0,1.000,67108864.0,0.000,0,0,67108864,1,3,0,0,1,1
2,chain4,f32,16777216,glibc_t2,P7,13,1,1,67311659.00,16385.0000,0.0000,31708000.0,35588000.0,1.000,67108864.0,0.000,0,0,67108864,1,2,1,0,1,1
2,chain4,f32,16777216,glibc_t2,FIXED_TWIN,13,2,1,70530561.00,16385.0000,0.0000,45107000.0,25431000.0,1.000,67108864.0,0.000,0,0,67108864,1,2,1,0,1,1
2,chain4,f32,16777216,glibc_t2,P5,13,3,1,169422401.00,65540.0000,0.0000,38867000.0,130529000.0,4.000,268435456.0,0.000,0,0,268435456,4,0,0,0,1,1
2,chain4,f32,16777216,glibc_t2,P7,14,0,1,70912060.00,16385.0000,0.0000,47544000.0,23376000.0,1.000,67108864.0,0.000,0,0,67108864,1,2,1,0,1,1
2,chain4,f32,16777216,glibc_t2,FIXED_TWIN,14,1,1,74580079.00,16385.0000,0.0000,43396000.0,31192000.0,1.000,67108864.0,0.000,0,0,67108864,1,2,1,0,1,1
2,chain4,f32,16777216,glibc_t2,P5,14,2,1,171121192.00,65540.0000,0.0000,53340000.0,117754000.0,4.000,268435456.0,0.000,0,0,268435456,4,0,0,0,1,1
2,chain4,f32,16777216,glibc_t2,P6,14,3,1,76223991.00,16385.0000,0.0000,54382000.0,21847000.0,1.000,67108864.0,0.000,0,0,67108864,1,3,0,0,1,1
2,final_left_i32,i32,64,glibc_t2,P5,0,0,1000,1571.21,0.0000,0.0000,683.0,895.0,2.000,512.0,0.000,0,0,256256,2,0,0,0,1,1
2,final_left_i32,i32,64,glibc_t2,P6,0,1,1000,1624.31,0.0000,0.0000,1628.0,0.0,1.000,256.0,0.000,0,0,256000,1,1,0,0,1,1
2,final_left_i32,i32,64,glibc_t2,P7,0,2,1000,1381.12,0.0000,0.0000,1383.0,0.0,1.000,256.0,0.000,0,0,256000,1,0,1,0,1,1
2,final_left_i32,i32,64,glibc_t2,FIXED_TWIN,0,3,1000,1606.11,0.0000,0.0000,1608.0,0.0,1.000,256.0,0.000,0,0,256000,1,0,1,0,1,1
2,final_left_i32,i32,64,glibc_t2,P6,1,0,1000,1432.33,0.0000,0.0000,1433.0,0.0,1.000,256.0,0.000,0,0,256000,1,1,0,0,1,1
2,final_left_i32,i32,64,glibc_t2,P7,1,1,1000,1463.97,0.0000,0.0000,1467.0,0.0,1.000,256.0,0.000,0,0,256000,1,0,1,0,1,1
2,final_left_i32,i32,64,glibc_t2,FIXED_TWIN,1,2,1000,1482.38,0.0000,0.0000,1484.0,0.0,1.000,256.0,0.000,0,0,256000,1,0,1,0,1,1
2,final_left_i32,i32,64,glibc_t2,P5,1,3,1000,1456.28,0.0000,0.0000,1460.0,0.0,2.000,512.0,0.000,0,0,256256,2,0,0,0,1,1
2,final_left_i32,i32,64,glibc_t2,P7,2,0,1000,1781.46,0.0000,0.0000,1786.0,0.0,1.000,256.0,0.000,0,0,256000,1,0,1,0,1,1
2,final_left_i32,i32,64,glibc_t2,FIXED_TWIN,2,1,1000,1358.90,0.0000,0.0000,1361.0,0.0,1.000,256.0,0.000,0,0,256000,1,0,1,0,1,1
2,final_left_i32,i32,64,glibc_t2,P5,2,2,1000,1747.92,0.0000,0.0000,1755.0,0.0,2.000,512.0,0.000,0,0,256256,2,0,0,0,1,1
2,final_left_i32,i32,64,glibc_t2,P6,2,3,1000,1435.76,0.0000,0.0000,1438.0,0.0,1.000,256.0,0.000,0,0,256000,1,1,0,0,1,1
2,final_left_i32,i32,64,glibc_t2,FIXED_TWIN,3,0,1000,1384.55,0.0000,0.0000,1387.0,0.0,1.000,256.0,0.000,0,0,256000,1,0,1,0,1,1
2,final_left_i32,i32,64,glibc_t2,P5,3,1,1000,1469.59,0.0000,0.0000,1473.0,0.0,2.000,512.0,0.000,0,0,256256,2,0,0,0,1,1
2,final_left_i32,i32,64,glibc_t2,P6,3,2,1000,1417.90,0.0000,0.0000,1420.0,0.0,1.000,256.0,0.000,0,0,256000,1,1,0,0,1,1
2,final_left_i32,i32,64,glibc_t2,P7,3,3,1000,1621.46,0.0000,0.0000,1625.0,0.0,1.000,256.0,0.000,0,0,256000,1,0,1,0,1,1
2,final_left_i32,i32,64,glibc_t2,P5,4,0,1000,1464.23,0.0000,0.0000,1468.0,0.0,2.000,512.0,0.000,0,0,256256,2,0,0,0,1,1
2,final_left_i32,i32,64,glibc_t2,P6,4,1,1000,1468.76,0.0000,0.0000,1473.0,0.0,1.000,256.0,0.000,0,0,256000,1,1,0,0,1,1
2,final_left_i32,i32,64,glibc_t2,P7,4,2,1000,1378.04,0.0000,0.0000,1379.0,0.0,1.000,256.0,0.000,0,0,256000,1,0,1,0,1,1
2,final_left_i32,i32,64,glibc_t2,FIXED_TWIN,4,3,1000,1395.73,0.0000,0.0000,1396.0,0.0,1.000,256.0,0.000,0,0,256000,1,0,1,0,1,1
2,final_left_i32,i32,64,glibc_t2,P6,5,0,1000,1398.30,0.0000,0.0000,1399.0,0.0,1.000,256.0,0.000,0,0,256000,1,1,0,0,1,1
2,final_left_i32,i32,64,glibc_t2,P7,5,1,1000,1418.93,0.0000,0.0000,1420.0,0.0,1.000,256.0,0.000,0,0,256000,1,0,1,0,1,1
2,final_left_i32,i32,64,glibc_t2,FIXED_TWIN,5,2,1000,1366.61,0.0000,0.0000,1368.0,0.0,1.000,256.0,0.000,0,0,256000,1,0,1,0,1,1
2,final_left_i32,i32,64,glibc_t2,P5,5,3,1000,1409.21,0.0000,0.0000,1410.0,0.0,2.000,512.0,0.000,0,0,256256,2,0,0,0,1,1
2,final_left_i32,i32,64,glibc_t2,P7,6,0,1000,1367.37,0.0000,0.0000,1369.0,0.0,1.000,256.0,0.000,0,0,256000,1,0,1,0,1,1
2,final_left_i32,i32,64,glibc_t2,FIXED_TWIN,6,1,1000,1369.66,0.0000,0.0000,1371.0,0.0,1.000,256.0,0.000,0,0,256000,1,0,1,0,1,1
2,final_left_i32,i32,64,glibc_t2,P5,6,2,1000,1416.57,0.0000,0.0000,1417.0,0.0,2.000,512.0,0.000,0,0,256256,2,0,0,0,1,1
2,final_left_i32,i32,64,glibc_t2,P6,6,3,1000,1386.44,0.0000,0.0000,1387.0,0.0,1.000,256.0,0.000,0,0,256000,1,1,0,0,1,1
2,final_left_i32,i32,64,glibc_t2,FIXED_TWIN,7,0,1000,1373.38,0.0000,0.0000,1374.0,0.0,1.000,256.0,0.000,0,0,256000,1,0,1,0,1,1
2,final_left_i32,i32,64,glibc_t2,P5,7,1,1000,1418.03,0.0000,0.0000,1419.0,0.0,2.000,512.0,0.000,0,0,256256,2,0,0,0,1,1
2,final_left_i32,i32,64,glibc_t2,P6,7,2,1000,1400.91,0.0000,0.0000,1403.0,0.0,1.000,256.0,0.000,0,0,256000,1,1,0,0,1,1
2,final_left_i32,i32,64,glibc_t2,P7,7,3,1000,1359.69,0.0000,0.0000,1361.0,0.0,1.000,256.0,0.000,0,0,256000,1,0,1,0,1,1
2,final_left_i32,i32,64,glibc_t2,P5,8,0,1000,1397.36,0.0000,0.0000,1398.0,0.0,2.000,512.0,0.000,0,0,256256,2,0,0,0,1,1
2,final_left_i32,i32,64,glibc_t2,P6,8,1,1000,1414.23,0.0000,0.0000,1387.0,0.0,1.000,256.0,0.000,0,0,256000,1,1,0,0,1,1
2,final_left_i32,i32,64,glibc_t2,P7,8,2,1000,1362.61,0.0000,0.0000,1363.0,0.0,1.000,256.0,0.000,0,0,256000,1,0,1,0,1,1
2,final_left_i32,i32,64,glibc_t2,FIXED_TWIN,8,3,1000,1338.66,0.0000,0.0000,1339.0,0.0,1.000,256.0,0.000,0,0,256000,1,0,1,0,1,1
2,final_left_i32,i32,64,glibc_t2,P6,9,0,1000,1366.10,0.0000,0.0000,1367.0,0.0,1.000,256.0,0.000,0,0,256000,1,1,0,0,1,1
2,final_left_i32,i32,64,glibc_t2,P7,9,1,1000,1361.22,0.0000,0.0000,1362.0,0.0,1.000,256.0,0.000,0,0,256000,1,0,1,0,1,1
2,final_left_i32,i32,64,glibc_t2,FIXED_TWIN,9,2,1000,1338.82,0.0000,0.0000,1339.0,0.0,1.000,256.0,0.000,0,0,256000,1,0,1,0,1,1
2,final_left_i32,i32,64,glibc_t2,P5,9,3,1000,1426.00,0.0000,0.0000,1427.0,0.0,2.000,512.0,0.000,0,0,256256,2,0,0,0,1,1
2,final_left_i32,i32,64,glibc_t2,P7,10,0,1000,1367.97,0.0000,0.0000,1369.0,0.0,1.000,256.0,0.000,0,0,256000,1,0,1,0,1,1
2,final_left_i32,i32,64,glibc_t2,FIXED_TWIN,10,1,1000,1340.87,0.0000,0.0000,1342.0,0.0,1.000,256.0,0.000,0,0,256000,1,0,1,0,1,1
2,final_left_i32,i32,64,glibc_t2,P5,10,2,1000,1413.19,0.0000,0.0000,1414.0,0.0,2.000,512.0,0.000,0,0,256256,2,0,0,0,1,1
2,final_left_i32,i32,64,glibc_t2,P6,10,3,1000,1376.54,0.0000,0.0000,1378.0,0.0,1.000,256.0,0.000,0,0,256000,1,1,0,0,1,1
2,final_left_i32,i32,64,glibc_t2,FIXED_TWIN,11,0,1000,1352.54,0.0000,0.0000,1353.0,0.0,1.000,256.0,0.000,0,0,256000,1,0,1,0,1,1
2,final_left_i32,i32,64,glibc_t2,P5,11,1,1000,1407.24,0.0000,0.0000,1408.0,0.0,2.000,512.0,0.000,0,0,256256,2,0,0,0,1,1
2,final_left_i32,i32,64,glibc_t2,P6,11,2,1000,1593.19,0.0000,0.0000,1600.0,0.0,1.000,256.0,0.000,0,0,256000,1,1,0,0,1,1
2,final_left_i32,i32,64,glibc_t2,P7,11,3,1000,1542.15,0.0000,0.0000,1548.0,0.0,1.000,256.0,0.000,0,0,256000,1,0,1,0,1,1
2,final_left_i32,i32,64,glibc_t2,P5,12,0,1000,1433.54,0.0000,0.0000,1435.0,0.0,2.000,512.0,0.000,0,0,256256,2,0,0,0,1,1
2,final_left_i32,i32,64,glibc_t2,P6,12,1,1000,1398.55,0.0000,0.0000,1400.0,0.0,1.000,256.0,0.000,0,0,256000,1,1,0,0,1,1
2,final_left_i32,i32,64,glibc_t2,P7,12,2,1000,1342.46,0.0000,0.0000,1343.0,0.0,1.000,256.0,0.000,0,0,256000,1,0,1,0,1,1
2,final_left_i32,i32,64,glibc_t2,FIXED_TWIN,12,3,1000,1350.62,0.0000,0.0000,1352.0,0.0,1.000,256.0,0.000,0,0,256000,1,0,1,0,1,1
2,final_left_i32,i32,64,glibc_t2,P6,13,0,1000,1415.30,0.0000,0.0000,1416.0,0.0,1.000,256.0,0.000,0,0,256000,1,1,0,0,1,1
2,final_left_i32,i32,64,glibc_t2,P7,13,1,1000,1422.53,0.0000,0.0000,1424.0,0.0,1.000,256.0,0.000,0,0,256000,1,0,1,0,1,1
2,final_left_i32,i32,64,glibc_t2,FIXED_TWIN,13,2,1000,1345.52,0.0000,0.0000,1346.0,0.0,1.000,256.0,0.000,0,0,256000,1,0,1,0,1,1
2,final_left_i32,i32,64,glibc_t2,P5,13,3,1000,1438.57,0.0000,0.0000,1440.0,0.0,2.000,512.0,0.000,0,0,256256,2,0,0,0,1,1
2,final_left_i32,i32,64,glibc_t2,P7,14,0,1000,1352.55,0.0000,0.0000,1353.0,0.0,1.000,256.0,0.000,0,0,256000,1,0,1,0,1,1
2,final_left_i32,i32,64,glibc_t2,FIXED_TWIN,14,1,1000,1385.99,0.0000,0.0000,1391.0,0.0,1.000,256.0,0.000,0,0,256000,1,0,1,0,1,1
2,final_left_i32,i32,64,glibc_t2,P5,14,2,1000,1550.77,0.0000,0.0000,1557.0,0.0,2.000,512.0,0.000,0,0,256256,2,0,0,0,1,1
2,final_left_i32,i32,64,glibc_t2,P6,14,3,1000,1422.23,0.0000,0.0000,1424.0,0.0,1.000,256.0,0.000,0,0,256000,1,1,0,0,1,1
2,final_left_i32,i32,1024,glibc_t2,P5,0,0,1000,2086.43,0.0000,0.0000,2092.0,0.0,2.000,8192.0,0.000,0,0,4100096,2,0,0,0,1,1
2,final_left_i32,i32,1024,glibc_t2,P6,0,1,1000,1733.50,0.0000,0.0000,1736.0,0.0,1.000,4096.0,0.000,0,0,4096000,1,1,0,0,1,1
2,final_left_i32,i32,1024,glibc_t2,P7,0,2,1000,1616.14,0.0000,0.0000,1620.0,0.0,1.000,4096.0,0.000,0,0,4096000,1,0,1,0,1,1
2,final_left_i32,i32,1024,glibc_t2,FIXED_TWIN,0,3,1000,1738.45,0.0000,0.0000,1741.0,0.0,1.000,4096.0,0.000,0,0,4096000,1,0,1,0,1,1
2,final_left_i32,i32,1024,glibc_t2,P6,1,0,1000,1652.70,0.0000,0.0000,1655.0,0.0,1.000,4096.0,0.000,0,0,4096000,1,1,0,0,1,1
2,final_left_i32,i32,1024,glibc_t2,P7,1,1,1000,1666.24,0.0000,0.0000,1669.0,0.0,1.000,4096.0,0.000,0,0,4096000,1,0,1,0,1,1
2,final_left_i32,i32,1024,glibc_t2,FIXED_TWIN,1,2,1000,1546.53,0.0000,0.0000,1549.0,0.0,1.000,4096.0,0.000,0,0,4096000,1,0,1,0,1,1
2,final_left_i32,i32,1024,glibc_t2,P5,1,3,1000,1706.08,0.0000,0.0000,1708.0,0.0,2.000,8192.0,0.000,0,0,4100096,2,0,0,0,1,1
2,final_left_i32,i32,1024,glibc_t2,P7,2,0,1000,1562.52,0.0000,0.0000,1565.0,0.0,1.000,4096.0,0.000,0,0,4096000,1,0,1,0,1,1
2,final_left_i32,i32,1024,glibc_t2,FIXED_TWIN,2,1,1000,1575.60,0.0000,0.0000,1577.0,0.0,1.000,4096.0,0.000,0,0,4096000,1,0,1,0,1,1
2,final_left_i32,i32,1024,glibc_t2,P5,2,2,1000,1848.81,0.0000,0.0000,1854.0,0.0,2.000,8192.0,0.000,0,0,4100096,2,0,0,0,1,1
2,final_left_i32,i32,1024,glibc_t2,P6,2,3,1000,1932.10,0.0000,0.0000,1848.0,0.0,1.000,4096.0,0.000,0,0,4096000,1,1,0,0,1,1
2,final_left_i32,i32,1024,glibc_t2,FIXED_TWIN,3,0,1000,1862.29,0.0000,0.0000,1867.0,0.0,1.000,4096.0,0.000,0,0,4096000,1,0,1,0,1,1
2,final_left_i32,i32,1024,glibc_t2,P5,3,1,1000,1754.10,0.0000,0.0000,1757.0,0.0,2.000,8192.0,0.000,0,0,4100096,2,0,0,0,1,1
2,final_left_i32,i32,1024,glibc_t2,P6,3,2,1000,1722.97,0.0000,0.0000,1727.0,0.0,1.000,4096.0,0.000,0,0,4096000,1,1,0,0,1,1
2,final_left_i32,i32,1024,glibc_t2,P7,3,3,1000,1612.40,0.0000,0.0000,1617.0,0.0,1.000,4096.0,0.000,0,0,4096000,1,0,1,0,1,1
2,final_left_i32,i32,1024,glibc_t2,P5,4,0,1000,1810.06,0.0000,0.0000,1813.0,0.0,2.000,8192.0,0.000,0,0,4100096,2,0,0,0,1,1
2,final_left_i32,i32,1024,glibc_t2,P6,4,1,1000,1737.79,0.0000,0.0000,1741.0,0.0,1.000,4096.0,0.000,0,0,4096000,1,1,0,0,1,1
2,final_left_i32,i32,1024,glibc_t2,P7,4,2,1000,1696.90,0.0000,0.0000,1700.0,0.0,1.000,4096.0,0.000,0,0,4096000,1,0,1,0,1,1
2,final_left_i32,i32,1024,glibc_t2,FIXED_TWIN,4,3,1000,1570.91,0.0000,0.0000,1575.0,0.0,1.000,4096.0,0.000,0,0,4096000,1,0,1,0,1,1
2,final_left_i32,i32,1024,glibc_t2,P6,5,0,1000,1780.85,0.0000,0.0000,1785.0,0.0,1.000,4096.0,0.000,0,0,4096000,1,1,0,0,1,1
2,final_left_i32,i32,1024,glibc_t2,P7,5,1,1000,1690.86,0.0000,0.0000,1695.0,0.0,1.000,4096.0,0.000,0,0,4096000,1,0,1,0,1,1
2,final_left_i32,i32,1024,glibc_t2,FIXED_TWIN,5,2,1000,1624.48,0.0000,0.0000,1628.0,0.0,1.000,4096.0,0.000,0,0,4096000,1,0,1,0,1,1
2,final_left_i32,i32,1024,glibc_t2,P5,5,3,1000,1871.02,0.0000,0.0000,1875.0,0.0,2.000,8192.0,0.000,0,0,4100096,2,0,0,0,1,1
2,final_left_i32,i32,1024,glibc_t2,P7,6,0,1000,1591.29,0.0000,0.0000,1595.0,0.0,1.000,4096.0,0.000,0,0,4096000,1,0,1,0,1,1
2,final_left_i32,i32,1024,glibc_t2,FIXED_TWIN,6,1,1000,1563.06,0.0000,0.0000,1567.0,0.0,1.000,4096.0,0.000,0,0,4096000,1,0,1,0,1,1
2,final_left_i32,i32,1024,glibc_t2,P5,6,2,1000,1718.52,0.0000,0.0000,1721.0,0.0,2.000,8192.0,0.000,0,0,4100096,2,0,0,0,1,1
2,final_left_i32,i32,1024,glibc_t2,P6,6,3,1000,1764.49,0.0000,0.0000,1767.0,0.0,1.000,4096.0,0.000,0,0,4096000,1,1,0,0,1,1
2,final_left_i32,i32,1024,glibc_t2,FIXED_TWIN,7,0,1000,1558.25,0.0000,0.0000,1561.0,0.0,1.000,4096.0,0.000,0,0,4096000,1,0,1,0,1,1
2,final_left_i32,i32,1024,glibc_t2,P5,7,1,1000,1680.32,0.0000,0.0000,1682.0,0.0,2.000,8192.0,0.000,0,0,4100096,2,0,0,0,1,1
2,final_left_i32,i32,1024,glibc_t2,P6,7,2,1000,1716.41,0.0000,0.0000,1720.0,0.0,1.000,4096.0,0.000,0,0,4096000,1,1,0,0,1,1
2,final_left_i32,i32,1024,glibc_t2,P7,7,3,1000,1582.05,0.0000,0.0000,1585.0,0.0,1.000,4096.0,0.000,0,0,4096000,1,0,1,0,1,1
2,final_left_i32,i32,1024,glibc_t2,P5,8,0,1000,1756.43,0.0000,0.0000,1759.0,0.0,2.000,8192.0,0.000,0,0,4100096,2,0,0,0,1,1
2,final_left_i32,i32,1024,glibc_t2,P6,8,1,1000,1678.64,0.0000,0.0000,1681.0,0.0,1.000,4096.0,0.000,0,0,4096000,1,1,0,0,1,1
2,final_left_i32,i32,1024,glibc_t2,P7,8,2,1000,1529.36,0.0000,0.0000,1532.0,0.0,1.000,4096.0,0.000,0,0,4096000,1,0,1,0,1,1
2,final_left_i32,i32,1024,glibc_t2,FIXED_TWIN,8,3,1000,1633.21,0.0000,0.0000,1638.0,0.0,1.000,4096.0,0.000,0,0,4096000,1,0,1,0,1,1
2,final_left_i32,i32,1024,glibc_t2,P6,9,0,1000,1699.77,0.0000,0.0000,1701.0,0.0,1.000,4096.0,0.000,0,0,4096000,1,1,0,0,1,1
2,final_left_i32,i32,1024,glibc_t2,P7,9,1,1000,2059.99,0.0000,0.0000,2066.0,0.0,1.000,4096.0,0.000,0,0,4096000,1,0,1,0,1,1
2,final_left_i32,i32,1024,glibc_t2,FIXED_TWIN,9,2,1000,1596.78,0.0000,0.0000,1600.0,0.0,1.000,4096.0,0.000,0,0,4096000,1,0,1,0,1,1
2,final_left_i32,i32,1024,glibc_t2,P5,9,3,1000,2299.09,0.0000,0.0000,2304.0,0.0,2.000,8192.0,0.000,0,0,4100096,2,0,0,0,1,1
2,final_left_i32,i32,1024,glibc_t2,P7,10,0,1000,1839.82,0.0000,0.0000,1845.0,0.0,1.000,4096.0,0.000,0,0,4096000,1,0,1,0,1,1
2,final_left_i32,i32,1024,glibc_t2,FIXED_TWIN,10,1,1000,1577.14,0.0000,0.0000,1580.0,0.0,1.000,4096.0,0.000,0,0,4096000,1,0,1,0,1,1
2,final_left_i32,i32,1024,glibc_t2,P5,10,2,1000,1753.77,0.0000,0.0000,1757.0,0.0,2.000,8192.0,0.000,0,0,4100096,2,0,0,0,1,1
2,final_left_i32,i32,1024,glibc_t2,P6,10,3,1000,1693.76,0.0000,0.0000,1695.0,0.0,1.000,4096.0,0.000,0,0,4096000,1,1,0,0,1,1
2,final_left_i32,i32,1024,glibc_t2,FIXED_TWIN,11,0,1000,1674.23,0.0000,0.0000,1680.0,0.0,1.000,4096.0,0.000,0,0,4096000,1,0,1,0,1,1
2,final_left_i32,i32,1024,glibc_t2,P5,11,1,1000,1692.24,0.0000,0.0000,1695.0,0.0,2.000,8192.0,0.000,0,0,4100096,2,0,0,0,1,1
2,final_left_i32,i32,1024,glibc_t2,P6,11,2,1000,1662.50,0.0000,0.0000,1665.0,0.0,1.000,4096.0,0.000,0,0,4096000,1,1,0,0,1,1
2,final_left_i32,i32,1024,glibc_t2,P7,11,3,1000,1532.39,0.0000,0.0000,1535.0,0.0,1.000,4096.0,0.000,0,0,4096000,1,0,1,0,1,1
2,final_left_i32,i32,1024,glibc_t2,P5,12,0,1000,1745.11,0.0000,0.0000,1747.0,0.0,2.000,8192.0,0.000,0,0,4100096,2,0,0,0,1,1
2,final_left_i32,i32,1024,glibc_t2,P6,12,1,1000,1734.72,0.0000,0.0000,1738.0,0.0,1.000,4096.0,0.000,0,0,4096000,1,1,0,0,1,1
2,final_left_i32,i32,1024,glibc_t2,P7,12,2,1000,1622.80,0.0000,0.0000,1625.0,0.0,1.000,4096.0,0.000,0,0,4096000,1,0,1,0,1,1
2,final_left_i32,i32,1024,glibc_t2,FIXED_TWIN,12,3,1000,1573.38,0.0000,0.0000,1575.0,0.0,1.000,4096.0,0.000,0,0,4096000,1,0,1,0,1,1
2,final_left_i32,i32,1024,glibc_t2,P6,13,0,1000,1655.29,0.0000,0.0000,1658.0,0.0,1.000,4096.0,0.000,0,0,4096000,1,1,0,0,1,1
2,final_left_i32,i32,1024,glibc_t2,P7,13,1,1000,1585.49,0.0000,0.0000,1589.0,0.0,1.000,4096.0,0.000,0,0,4096000,1,0,1,0,1,1
2,final_left_i32,i32,1024,glibc_t2,FIXED_TWIN,13,2,1000,1777.97,0.0000,0.0000,1782.0,0.0,1.000,4096.0,0.000,0,0,4096000,1,0,1,0,1,1
2,final_left_i32,i32,1024,glibc_t2,P5,13,3,1000,1730.24,0.0000,0.0000,1733.0,0.0,2.000,8192.0,0.000,0,0,4100096,2,0,0,0,1,1
2,final_left_i32,i32,1024,glibc_t2,P7,14,0,1000,1564.88,0.0000,0.0000,1567.0,0.0,1.000,4096.0,0.000,0,0,4096000,1,0,1,0,1,1
2,final_left_i32,i32,1024,glibc_t2,FIXED_TWIN,14,1,1000,1570.36,0.0000,0.0000,1573.0,0.0,1.000,4096.0,0.000,0,0,4096000,1,0,1,0,1,1
2,final_left_i32,i32,1024,glibc_t2,P5,14,2,1000,1729.65,0.0000,0.0000,1732.0,0.0,2.000,8192.0,0.000,0,0,4100096,2,0,0,0,1,1
2,final_left_i32,i32,1024,glibc_t2,P6,14,3,1000,1715.38,0.0000,0.0000,1718.0,0.0,1.000,4096.0,0.000,0,0,4096000,1,1,0,0,1,1
2,final_left_i32,i32,4096,glibc_t2,P5,0,0,1,1710.00,0.0000,0.0000,4000.0,0.0,2.000,32768.0,0.000,0,0,32768,2,0,0,0,1,1
2,final_left_i32,i32,4096,glibc_t2,P6,0,1,1,1366.00,0.0000,0.0000,2000.0,0.0,1.000,16384.0,0.000,0,0,16384,1,1,0,0,1,1
2,final_left_i32,i32,4096,glibc_t2,P7,0,2,1,1199.00,0.0000,0.0000,1000.0,0.0,1.000,16384.0,0.000,0,0,16384,1,0,1,0,1,1
2,final_left_i32,i32,4096,glibc_t2,FIXED_TWIN,0,3,1,1173.00,0.0000,0.0000,2000.0,0.0,1.000,16384.0,0.000,0,0,16384,1,0,1,0,1,1
2,final_left_i32,i32,4096,glibc_t2,P6,1,0,1,1388.00,0.0000,0.0000,2000.0,0.0,1.000,16384.0,0.000,0,0,16384,1,1,0,0,1,1
2,final_left_i32,i32,4096,glibc_t2,P7,1,1,1,1168.00,0.0000,0.0000,2000.0,0.0,1.000,16384.0,0.000,0,0,16384,1,0,1,0,1,1
2,final_left_i32,i32,4096,glibc_t2,FIXED_TWIN,1,2,1,1165.00,0.0000,0.0000,2000.0,0.0,1.000,16384.0,0.000,0,0,16384,1,0,1,0,1,1
2,final_left_i32,i32,4096,glibc_t2,P5,1,3,1,1547.00,0.0000,0.0000,2000.0,0.0,2.000,32768.0,0.000,0,0,32768,2,0,0,0,1,1
2,final_left_i32,i32,4096,glibc_t2,P7,2,0,1,1214.00,0.0000,0.0000,2000.0,0.0,1.000,16384.0,0.000,0,0,16384,1,0,1,0,1,1
2,final_left_i32,i32,4096,glibc_t2,FIXED_TWIN,2,1,1,1153.00,0.0000,0.0000,2000.0,0.0,1.000,16384.0,0.000,0,0,16384,1,0,1,0,1,1
2,final_left_i32,i32,4096,glibc_t2,P5,2,2,1,1541.00,0.0000,0.0000,2000.0,0.0,2.000,32768.0,0.000,0,0,32768,2,0,0,0,1,1
2,final_left_i32,i32,4096,glibc_t2,P6,2,3,1,1374.00,0.0000,0.0000,2000.0,0.0,1.000,16384.0,0.000,0,0,16384,1,1,0,0,1,1
2,final_left_i32,i32,4096,glibc_t2,FIXED_TWIN,3,0,1,1195.00,0.0000,0.0000,1000.0,0.0,1.000,16384.0,0.000,0,0,16384,1,0,1,0,1,1
2,final_left_i32,i32,4096,glibc_t2,P5,3,1,1,1511.00,0.0000,0.0000,2000.0,0.0,2.000,32768.0,0.000,0,0,32768,2,0,0,0,1,1
2,final_left_i32,i32,4096,glibc_t2,P6,3,2,1,1368.00,0.0000,0.0000,2000.0,0.0,1.000,16384.0,0.000,0,0,16384,1,1,0,0,1,1
2,final_left_i32,i32,4096,glibc_t2,P7,3,3,1,1196.00,0.0000,0.0000,2000.0,0.0,1.000,16384.0,0.000,0,0,16384,1,0,1,0,1,1
2,final_left_i32,i32,4096,glibc_t2,P5,4,0,1,1536.00,0.0000,0.0000,2000.0,0.0,2.000,32768.0,0.000,0,0,32768,2,0,0,0,1,1
2,final_left_i32,i32,4096,glibc_t2,P6,4,1,1,1374.00,0.0000,0.0000,2000.0,0.0,1.000,16384.0,0.000,0,0,16384,1,1,0,0,1,1
2,final_left_i32,i32,4096,glibc_t2,P7,4,2,1,1206.00,0.0000,0.0000,2000.0,0.0,1.000,16384.0,0.000,0,0,16384,1,0,1,0,1,1
2,final_left_i32,i32,4096,glibc_t2,FIXED_TWIN,4,3,1,1157.00,0.0000,0.0000,1000.0,0.0,1.000,16384.0,0.000,0,0,16384,1,0,1,0,1,1
2,final_left_i32,i32,4096,glibc_t2,P6,5,0,1,1364.00,0.0000,0.0000,2000.0,0.0,1.000,16384.0,0.000,0,0,16384,1,1,0,0,1,1
2,final_left_i32,i32,4096,glibc_t2,P7,5,1,1,1177.00,0.0000,0.0000,2000.0,0.0,1.000,16384.0,0.000,0,0,16384,1,0,1,0,1,1
2,final_left_i32,i32,4096,glibc_t2,FIXED_TWIN,5,2,1,1160.00,0.0000,0.0000,1000.0,0.0,1.000,16384.0,0.000,0,0,16384,1,0,1,0,1,1
2,final_left_i32,i32,4096,glibc_t2,P5,5,3,1,1589.00,0.0000,0.0000,2000.0,0.0,2.000,32768.0,0.000,0,0,32768,2,0,0,0,1,1
2,final_left_i32,i32,4096,glibc_t2,P7,6,0,1,1226.00,0.0000,0.0000,2000.0,0.0,1.000,16384.0,0.000,0,0,16384,1,0,1,0,1,1
2,final_left_i32,i32,4096,glibc_t2,FIXED_TWIN,6,1,1,1186.00,0.0000,0.0000,2000.0,0.0,1.000,16384.0,0.000,0,0,16384,1,0,1,0,1,1
2,final_left_i32,i32,4096,glibc_t2,P5,6,2,1,1555.00,0.0000,0.0000,2000.0,0.0,2.000,32768.0,0.000,0,0,32768,2,0,0,0,1,1
2,final_left_i32,i32,4096,glibc_t2,P6,6,3,1,1372.00,0.0000,0.0000,1000.0,0.0,1.000,16384.0,0.000,0,0,16384,1,1,0,0,1,1
2,final_left_i32,i32,4096,glibc_t2,FIXED_TWIN,7,0,1,1192.00,0.0000,0.0000,2000.0,0.0,1.000,16384.0,0.000,0,0,16384,1,0,1,0,1,1
2,final_left_i32,i32,4096,glibc_t2,P5,7,1,1,1546.00,0.0000,0.0000,2000.0,0.0,2.000,32768.0,0.000,0,0,32768,2,0,0,0,1,1
2,final_left_i32,i32,4096,glibc_t2,P6,7,2,1,1630.00,0.0000,0.0000,2000.0,0.0,1.000,16384.0,0.000,0,0,16384,1,1,0,0,1,1
2,final_left_i32,i32,4096,glibc_t2,P7,7,3,1,1271.00,0.0000,0.0000,1000.0,0.0,1.000,16384.0,0.000,0,0,16384,1,0,1,0,1,1
2,final_left_i32,i32,4096,glibc_t2,P5,8,0,1,1697.00,0.0000,0.0000,2000.0,0.0,2.000,32768.0,0.000,0,0,32768,2,0,0,0,1,1
2,final_left_i32,i32,4096,glibc_t2,P6,8,1,1,1433.00,0.0000,0.0000,2000.0,0.0,1.000,16384.0,0.000,0,0,16384,1,1,0,0,1,1
2,final_left_i32,i32,4096,glibc_t2,P7,8,2,1,1260.00,0.0000,0.0000,1000.0,0.0,1.000,16384.0,0.000,0,0,16384,1,0,1,0,1,1
2,final_left_i32,i32,4096,glibc_t2,FIXED_TWIN,8,3,1,1160.00,0.0000,0.0000,2000.0,0.0,1.000,16384.0,0.000,0,0,16384,1,0,1,0,1,1
2,final_left_i32,i32,4096,glibc_t2,P6,9,0,1,1428.00,0.0000,0.0000,2000.0,0.0,1.000,16384.0,0.000,0,0,16384,1,1,0,0,1,1
2,final_left_i32,i32,4096,glibc_t2,P7,9,1,1,1184.00,0.0000,0.0000,1000.0,0.0,1.000,16384.0,0.000,0,0,16384,1,0,1,0,1,1
2,final_left_i32,i32,4096,glibc_t2,FIXED_TWIN,9,2,1,1153.00,0.0000,0.0000,2000.0,0.0,1.000,16384.0,0.000,0,0,16384,1,0,1,0,1,1
2,final_left_i32,i32,4096,glibc_t2,P5,9,3,1,1633.00,0.0000,0.0000,2000.0,0.0,2.000,32768.0,0.000,0,0,32768,2,0,0,0,1,1
2,final_left_i32,i32,4096,glibc_t2,P7,10,0,1,1215.00,0.0000,0.0000,2000.0,0.0,1.000,16384.0,0.000,0,0,16384,1,0,1,0,1,1
2,final_left_i32,i32,4096,glibc_t2,FIXED_TWIN,10,1,1,1166.00,0.0000,0.0000,2000.0,0.0,1.000,16384.0,0.000,0,0,16384,1,0,1,0,1,1
2,final_left_i32,i32,4096,glibc_t2,P5,10,2,1,1588.00,0.0000,0.0000,2000.0,0.0,2.000,32768.0,0.000,0,0,32768,2,0,0,0,1,1
2,final_left_i32,i32,4096,glibc_t2,P6,10,3,1,1413.00,0.0000,0.0000,2000.0,0.0,1.000,16384.0,0.000,0,0,16384,1,1,0,0,1,1
2,final_left_i32,i32,4096,glibc_t2,FIXED_TWIN,11,0,1,1169.00,0.0000,0.0000,1000.0,0.0,1.000,16384.0,0.000,0,0,16384,1,0,1,0,1,1
2,final_left_i32,i32,4096,glibc_t2,P5,11,1,1,1578.00,0.0000,0.0000,2000.0,0.0,2.000,32768.0,0.000,0,0,32768,2,0,0,0,1,1
2,final_left_i32,i32,4096,glibc_t2,P6,11,2,1,1362.00,0.0000,0.0000,2000.0,0.0,1.000,16384.0,0.000,0,0,16384,1,1,0,0,1,1
2,final_left_i32,i32,4096,glibc_t2,P7,11,3,1,1208.00,0.0000,0.0000,1000.0,0.0,1.000,16384.0,0.000,0,0,16384,1,0,1,0,1,1
2,final_left_i32,i32,4096,glibc_t2,P5,12,0,1,1590.00,0.0000,0.0000,2000.0,0.0,2.000,32768.0,0.000,0,0,32768,2,0,0,0,1,1
2,final_left_i32,i32,4096,glibc_t2,P6,12,1,1,1369.00,0.0000,0.0000,2000.0,0.0,1.000,16384.0,0.000,0,0,16384,1,1,0,0,1,1
2,final_left_i32,i32,4096,glibc_t2,P7,12,2,1,1215.00,0.0000,0.0000,1000.0,0.0,1.000,16384.0,0.000,0,0,16384,1,0,1,0,1,1
2,final_left_i32,i32,4096,glibc_t2,FIXED_TWIN,12,3,1,1194.00,0.0000,0.0000,2000.0,0.0,1.000,16384.0,0.000,0,0,16384,1,0,1,0,1,1
2,final_left_i32,i32,4096,glibc_t2,P6,13,0,1,1348.00,0.0000,0.0000,2000.0,0.0,1.000,16384.0,0.000,0,0,16384,1,1,0,0,1,1
2,final_left_i32,i32,4096,glibc_t2,P7,13,1,1,1175.00,0.0000,0.0000,2000.0,0.0,1.000,16384.0,0.000,0,0,16384,1,0,1,0,1,1
2,final_left_i32,i32,4096,glibc_t2,FIXED_TWIN,13,2,1,1160.00,0.0000,0.0000,2000.0,0.0,1.000,16384.0,0.000,0,0,16384,1,0,1,0,1,1
2,final_left_i32,i32,4096,glibc_t2,P5,13,3,1,1575.00,0.0000,0.0000,2000.0,0.0,2.000,32768.0,0.000,0,0,32768,2,0,0,0,1,1
2,final_left_i32,i32,4096,glibc_t2,P7,14,0,1,1208.00,0.0000,0.0000,2000.0,0.0,1.000,16384.0,0.000,0,0,16384,1,0,1,0,1,1
2,final_left_i32,i32,4096,glibc_t2,FIXED_TWIN,14,1,1,1159.00,0.0000,0.0000,1000.0,0.0,1.000,16384.0,0.000,0,0,16384,1,0,1,0,1,1
2,final_left_i32,i32,4096,glibc_t2,P5,14,2,1,1591.00,0.0000,0.0000,2000.0,0.0,2.000,32768.0,0.000,0,0,32768,2,0,0,0,1,1
2,final_left_i32,i32,4096,glibc_t2,P6,14,3,1,1399.00,0.0000,0.0000,2000.0,0.0,1.000,16384.0,0.000,0,0,16384,1,1,0,0,1,1
2,final_left_i32,i32,16384,glibc_t2,P5,0,0,1,4683.00,0.0000,0.0000,5000.0,0.0,2.000,131072.0,0.000,0,0,131072,2,0,0,0,1,1
2,final_left_i32,i32,16384,glibc_t2,P6,0,1,1,4657.00,0.0000,0.0000,5000.0,0.0,1.000,65536.0,0.000,0,0,65536,1,1,0,0,1,1
2,final_left_i32,i32,16384,glibc_t2,P7,0,2,1,3775.00,0.0000,0.0000,4000.0,0.0,1.000,65536.0,0.000,0,0,65536,1,0,1,0,1,1
2,final_left_i32,i32,16384,glibc_t2,FIXED_TWIN,0,3,1,3807.00,0.0000,0.0000,5000.0,0.0,1.000,65536.0,0.000,0,0,65536,1,0,1,0,1,1
2,final_left_i32,i32,16384,glibc_t2,P6,1,0,1,4596.00,0.0000,0.0000,5000.0,0.0,1.000,65536.0,0.000,0,0,65536,1,1,0,0,1,1
2,final_left_i32,i32,16384,glibc_t2,P7,1,1,1,3797.00,0.0000,0.0000,4000.0,0.0,1.000,65536.0,0.000,0,0,65536,1,0,1,0,1,1
2,final_left_i32,i32,16384,glibc_t2,FIXED_TWIN,1,2,1,3758.00,0.0000,0.0000,4000.0,0.0,1.000,65536.0,0.000,0,0,65536,1,0,1,0,1,1
2,final_left_i32,i32,16384,glibc_t2,P5,1,3,1,4682.00,0.0000,0.0000,6000.0,0.0,2.000,131072.0,0.000,0,0,131072,2,0,0,0,1,1
2,final_left_i32,i32,16384,glibc_t2,P7,2,0,1,3778.00,0.0000,0.0000,4000.0,0.0,1.000,65536.0,0.000,0,0,65536,1,0,1,0,1,1
2,final_left_i32,i32,16384,glibc_t2,FIXED_TWIN,2,1,1,3766.00,0.0000,0.0000,5000.0,0.0,1.000,65536.0,0.000,0,0,65536,1,0,1,0,1,1
2,final_left_i32,i32,16384,glibc_t2,P5,2,2,1,4688.00,0.0000,0.0000,5000.0,0.0,2.000,131072.0,0.000,0,0,131072,2,0,0,0,1,1
2,final_left_i32,i32,16384,glibc_t2,P6,2,3,1,4676.00,0.0000,0.0000,5000.0,0.0,1.000,65536.0,0.000,0,0,65536,1,1,0,0,1,1
2,final_left_i32,i32,16384,glibc_t2,FIXED_TWIN,3,0,1,3811.00,0.0000,0.0000,4000.0,0.0,1.000,65536.0,0.000,0,0,65536,1,0,1,0,1,1
2,final_left_i32,i32,16384,glibc_t2,P5,3,1,1,4650.00,0.0000,0.0000,5000.0,0.0,2.000,131072.0,0.000,0,0,131072,2,0,0,0,1,1
2,final_left_i32,i32,16384,glibc_t2,P6,3,2,1,4624.00,0.0000,0.0000,5000.0,0.0,1.000,65536.0,0.000,0,0,65536,1,1,0,0,1,1
2,final_left_i32,i32,16384,glibc_t2,P7,3,3,1,3755.00,0.0000,0.0000,5000.0,0.0,1.000,65536.0,0.000,0,0,65536,1,0,1,0,1,1
2,final_left_i32,i32,16384,glibc_t2,P5,4,0,1,4660.00,0.0000,0.0000,5000.0,0.0,2.000,131072.0,0.000,0,0,131072,2,0,0,0,1,1
2,final_left_i32,i32,16384,glibc_t2,P6,4,1,1,4683.00,0.0000,0.0000,5000.0,0.0,1.000,65536.0,0.000,0,0,65536,1,1,0,0,1,1
2,final_left_i32,i32,16384,glibc_t2,P7,4,2,1,3885.00,0.0000,0.0000,5000.0,0.0,1.000,65536.0,0.000,0,0,65536,1,0,1,0,1,1
2,final_left_i32,i32,16384,glibc_t2,FIXED_TWIN,4,3,1,3787.00,0.0000,0.0000,4000.0,0.0,1.000,65536.0,0.000,0,0,65536,1,0,1,0,1,1
2,final_left_i32,i32,16384,glibc_t2,P6,5,0,1,4695.00,0.0000,0.0000,5000.0,0.0,1.000,65536.0,0.000,0,0,65536,1,1,0,0,1,1
2,final_left_i32,i32,16384,glibc_t2,P7,5,1,1,3790.00,0.0000,0.0000,5000.0,0.0,1.000,65536.0,0.000,0,0,65536,1,0,1,0,1,1
2,final_left_i32,i32,16384,glibc_t2,FIXED_TWIN,5,2,1,3774.00,0.0000,0.0000,4000.0,0.0,1.000,65536.0,0.000,0,0,65536,1,0,1,0,1,1
2,final_left_i32,i32,16384,glibc_t2,P5,5,3,1,4687.00,0.0000,0.0000,5000.0,0.0,2.000,131072.0,0.000,0,0,131072,2,0,0,0,1,1
2,final_left_i32,i32,16384,glibc_t2,P7,6,0,1,3719.00,0.0000,0.0000,4000.0,0.0,1.000,65536.0,0.000,0,0,65536,1,0,1,0,1,1
2,final_left_i32,i32,16384,glibc_t2,FIXED_TWIN,6,1,1,3733.00,0.0000,0.0000,4000.0,0.0,1.000,65536.0,0.000,0,0,65536,1,0,1,0,1,1
2,final_left_i32,i32,16384,glibc_t2,P5,6,2,1,4697.00,0.0000,0.0000,5000.0,0.0,2.000,131072.0,0.000,0,0,131072,2,0,0,0,1,1
2,final_left_i32,i32,16384,glibc_t2,P6,6,3,1,4685.00,0.0000,0.0000,5000.0,0.0,1.000,65536.0,0.000,0,0,65536,1,1,0,0,1,1
2,final_left_i32,i32,16384,glibc_t2,FIXED_TWIN,7,0,1,3791.00,0.0000,0.0000,5000.0,0.0,1.000,65536.0,0.000,0,0,65536,1,0,1,0,1,1
2,final_left_i32,i32,16384,glibc_t2,P5,7,1,1,4641.00,0.0000,0.0000,5000.0,0.0,2.000,131072.0,0.000,0,0,131072,2,0,0,0,1,1
2,final_left_i32,i32,16384,glibc_t2,P6,7,2,1,4656.00,0.0000,0.0000,5000.0,0.0,1.000,65536.0,0.000,0,0,65536,1,1,0,0,1,1
2,final_left_i32,i32,16384,glibc_t2,P7,7,3,1,3852.00,0.0000,0.0000,4000.0,0.0,1.000,65536.0,0.000,0,0,65536,1,0,1,0,1,1
2,final_left_i32,i32,16384,glibc_t2,P5,8,0,1,4661.00,0.0000,0.0000,5000.0,0.0,2.000,131072.0,0.000,0,0,131072,2,0,0,0,1,1
2,final_left_i32,i32,16384,glibc_t2,P6,8,1,1,4641.00,0.0000,0.0000,5000.0,0.0,1.000,65536.0,0.000,0,0,65536,1,1,0,0,1,1
2,final_left_i32,i32,16384,glibc_t2,P7,8,2,1,3748.00,0.0000,0.0000,4000.0,0.0,1.000,65536.0,0.000,0,0,65536,1,0,1,0,1,1
2,final_left_i32,i32,16384,glibc_t2,FIXED_TWIN,8,3,1,3753.00,0.0000,0.0000,4000.0,0.0,1.000,65536.0,0.000,0,0,65536,1,0,1,0,1,1
2,final_left_i32,i32,16384,glibc_t2,P6,9,0,1,4689.00,0.0000,0.0000,5000.0,0.0,1.000,65536.0,0.000,0,0,65536,1,1,0,0,1,1
2,final_left_i32,i32,16384,glibc_t2,P7,9,1,1,3768.00,0.0000,0.0000,4000.0,0.0,1.000,65536.0,0.000,0,0,65536,1,0,1,0,1,1
2,final_left_i32,i32,16384,glibc_t2,FIXED_TWIN,9,2,1,3725.00,0.0000,0.0000,4000.0,0.0,1.000,65536.0,0.000,0,0,65536,1,0,1,0,1,1
2,final_left_i32,i32,16384,glibc_t2,P5,9,3,1,4659.00,0.0000,0.0000,5000.0,0.0,2.000,131072.0,0.000,0,0,131072,2,0,0,0,1,1
2,final_left_i32,i32,16384,glibc_t2,P7,10,0,1,3698.00,0.0000,0.0000,5000.0,0.0,1.000,65536.0,0.000,0,0,65536,1,0,1,0,1,1
2,final_left_i32,i32,16384,glibc_t2,FIXED_TWIN,10,1,1,3726.00,0.0000,0.0000,4000.0,0.0,1.000,65536.0,0.000,0,0,65536,1,0,1,0,1,1
2,final_left_i32,i32,16384,glibc_t2,P5,10,2,1,4672.00,0.0000,0.0000,5000.0,0.0,2.000,131072.0,0.000,0,0,131072,2,0,0,0,1,1
2,final_left_i32,i32,16384,glibc_t2,P6,10,3,1,4640.00,0.0000,0.0000,5000.0,0.0,1.000,65536.0,0.000,0,0,65536,1,1,0,0,1,1
2,final_left_i32,i32,16384,glibc_t2,FIXED_TWIN,11,0,1,3792.00,0.0000,0.0000,5000.0,0.0,1.000,65536.0,0.000,0,0,65536,1,0,1,0,1,1
2,final_left_i32,i32,16384,glibc_t2,P5,11,1,1,4719.00,0.0000,0.0000,5000.0,0.0,2.000,131072.0,0.000,0,0,131072,2,0,0,0,1,1
2,final_left_i32,i32,16384,glibc_t2,P6,11,2,1,4654.00,0.0000,0.0000,5000.0,0.0,1.000,65536.0,0.000,0,0,65536,1,1,0,0,1,1
2,final_left_i32,i32,16384,glibc_t2,P7,11,3,1,6584.00,0.0000,0.0000,7000.0,0.0,1.000,65536.0,0.000,0,0,65536,1,0,1,0,1,1
2,final_left_i32,i32,16384,glibc_t2,P5,12,0,1,17872.00,0.0000,0.0000,18000.0,0.0,2.000,131072.0,0.000,0,0,131072,2,0,0,0,1,1
2,final_left_i32,i32,16384,glibc_t2,P6,12,1,1,4768.00,0.0000,0.0000,5000.0,0.0,1.000,65536.0,0.000,0,0,65536,1,1,0,0,1,1
2,final_left_i32,i32,16384,glibc_t2,P7,12,2,1,3883.00,0.0000,0.0000,5000.0,0.0,1.000,65536.0,0.000,0,0,65536,1,0,1,0,1,1
2,final_left_i32,i32,16384,glibc_t2,FIXED_TWIN,12,3,1,3815.00,0.0000,0.0000,4000.0,0.0,1.000,65536.0,0.000,0,0,65536,1,0,1,0,1,1
2,final_left_i32,i32,16384,glibc_t2,P6,13,0,1,4744.00,0.0000,0.0000,5000.0,0.0,1.000,65536.0,0.000,0,0,65536,1,1,0,0,1,1
2,final_left_i32,i32,16384,glibc_t2,P7,13,1,1,3804.00,0.0000,0.0000,5000.0,0.0,1.000,65536.0,0.000,0,0,65536,1,0,1,0,1,1
2,final_left_i32,i32,16384,glibc_t2,FIXED_TWIN,13,2,1,3798.00,0.0000,0.0000,4000.0,0.0,1.000,65536.0,0.000,0,0,65536,1,0,1,0,1,1
2,final_left_i32,i32,16384,glibc_t2,P5,13,3,1,4762.00,0.0000,0.0000,5000.0,0.0,2.000,131072.0,0.000,0,0,131072,2,0,0,0,1,1
2,final_left_i32,i32,16384,glibc_t2,P7,14,0,1,3786.00,0.0000,0.0000,4000.0,0.0,1.000,65536.0,0.000,0,0,65536,1,0,1,0,1,1
2,final_left_i32,i32,16384,glibc_t2,FIXED_TWIN,14,1,1,3820.00,0.0000,0.0000,5000.0,0.0,1.000,65536.0,0.000,0,0,65536,1,0,1,0,1,1
2,final_left_i32,i32,16384,glibc_t2,P5,14,2,1,4666.00,0.0000,0.0000,5000.0,0.0,2.000,131072.0,0.000,0,0,131072,2,0,0,0,1,1
2,final_left_i32,i32,16384,glibc_t2,P6,14,3,1,4630.00,0.0000,0.0000,6000.0,0.0,1.000,65536.0,0.000,0,0,65536,1,1,0,0,1,1
2,final_left_i32,i32,65536,glibc_t2,P5,0,0,1,167343.00,130.0000,0.0000,168000.0,0.0,2.000,524288.0,0.000,0,0,524288,2,0,0,0,1,1
2,final_left_i32,i32,65536,glibc_t2,P6,0,1,1,79726.00,65.0000,0.0000,81000.0,0.0,1.000,262144.0,0.000,0,0,262144,1,1,0,0,1,1
2,final_left_i32,i32,65536,glibc_t2,P7,0,2,1,73838.00,65.0000,0.0000,75000.0,0.0,1.000,262144.0,0.000,0,0,262144,1,0,1,0,1,1
2,final_left_i32,i32,65536,glibc_t2,FIXED_TWIN,0,3,1,74654.00,65.0000,0.0000,75000.0,0.0,1.000,262144.0,0.000,0,0,262144,1,0,1,0,1,1
2,final_left_i32,i32,65536,glibc_t2,P6,1,0,1,78345.00,65.0000,0.0000,79000.0,0.0,1.000,262144.0,0.000,0,0,262144,1,1,0,0,1,1
2,final_left_i32,i32,65536,glibc_t2,P7,1,1,1,90153.00,65.0000,0.0000,91000.0,0.0,1.000,262144.0,0.000,0,0,262144,1,0,1,0,1,1
2,final_left_i32,i32,65536,glibc_t2,FIXED_TWIN,1,2,1,74991.00,65.0000,0.0000,76000.0,0.0,1.000,262144.0,0.000,0,0,262144,1,0,1,0,1,1
2,final_left_i32,i32,65536,glibc_t2,P5,1,3,1,155760.00,130.0000,0.0000,156000.0,0.0,2.000,524288.0,0.000,0,0,524288,2,0,0,0,1,1
2,final_left_i32,i32,65536,glibc_t2,P7,2,0,1,74598.00,65.0000,0.0000,75000.0,0.0,1.000,262144.0,0.000,0,0,262144,1,0,1,0,1,1
2,final_left_i32,i32,65536,glibc_t2,FIXED_TWIN,2,1,1,74656.00,65.0000,0.0000,76000.0,0.0,1.000,262144.0,0.000,0,0,262144,1,0,1,0,1,1
2,final_left_i32,i32,65536,glibc_t2,P5,2,2,1,177000.00,130.0000,0.0000,178000.0,0.0,2.000,524288.0,0.000,0,0,524288,2,0,0,0,1,1
2,final_left_i32,i32,65536,glibc_t2,P6,2,3,1,78511.00,65.0000,0.0000,80000.0,0.0,1.000,262144.0,0.000,0,0,262144,1,1,0,0,1,1
2,final_left_i32,i32,65536,glibc_t2,FIXED_TWIN,3,0,1,74560.00,65.0000,0.0000,76000.0,0.0,1.000,262144.0,0.000,0,0,262144,1,0,1,0,1,1
2,final_left_i32,i32,65536,glibc_t2,P5,3,1,1,171368.00,130.0000,0.0000,172000.0,0.0,2.000,524288.0,0.000,0,0,524288,2,0,0,0,1,1
2,final_left_i32,i32,65536,glibc_t2,P6,3,2,1,81029.00,65.0000,0.0000,82000.0,0.0,1.000,262144.0,0.000,0,0,262144,1,1,0,0,1,1
2,final_left_i32,i32,65536,glibc_t2,P7,3,3,1,74406.00,65.0000,0.0000,75000.0,0.0,1.000,262144.0,0.000,0,0,262144,1,0,1,0,1,1
2,final_left_i32,i32,65536,glibc_t2,P5,4,0,1,151250.00,130.0000,0.0000,152000.0,0.0,2.000,524288.0,0.000,0,0,524288,2,0,0,0,1,1
2,final_left_i32,i32,65536,glibc_t2,P6,4,1,1,78654.00,65.0000,0.0000,79000.0,0.0,1.000,262144.0,0.000,0,0,262144,1,1,0,0,1,1
2,final_left_i32,i32,65536,glibc_t2,P7,4,2,1,76284.00,65.0000,0.0000,77000.0,0.0,1.000,262144.0,0.000,0,0,262144,1,0,1,0,1,1
2,final_left_i32,i32,65536,glibc_t2,FIXED_TWIN,4,3,1,78404.00,65.0000,0.0000,80000.0,0.0,1.000,262144.0,0.000,0,0,262144,1,0,1,0,1,1
2,final_left_i32,i32,65536,glibc_t2,P6,5,0,1,78399.00,65.0000,0.0000,79000.0,0.0,1.000,262144.0,0.000,0,0,262144,1,1,0,0,1,1
2,final_left_i32,i32,65536,glibc_t2,P7,5,1,1,79876.00,65.0000,0.0000,81000.0,0.0,1.000,262144.0,0.000,0,0,262144,1,0,1,0,1,1
2,final_left_i32,i32,65536,glibc_t2,FIXED_TWIN,5,2,1,75109.00,65.0000,0.0000,76000.0,0.0,1.000,262144.0,0.000,0,0,262144,1,0,1,0,1,1
2,final_left_i32,i32,65536,glibc_t2,P5,5,3,1,161388.00,130.0000,0.0000,162000.0,0.0,2.000,524288.0,0.000,0,0,524288,2,0,0,0,1,1
2,final_left_i32,i32,65536,glibc_t2,P7,6,0,1,77556.00,65.0000,0.0000,78000.0,0.0,1.000,262144.0,0.000,0,0,262144,1,0,1,0,1,1
2,final_left_i32,i32,65536,glibc_t2,FIXED_TWIN,6,1,1,75035.00,65.0000,0.0000,76000.0,0.0,1.000,262144.0,0.000,0,0,262144,1,0,1,0,1,1
2,final_left_i32,i32,65536,glibc_t2,P5,6,2,1,152273.00,130.0000,0.0000,153000.0,0.0,2.000,524288.0,0.000,0,0,524288,2,0,0,0,1,1
2,final_left_i32,i32,65536,glibc_t2,P6,6,3,1,83971.00,65.0000,0.0000,85000.0,0.0,1.000,262144.0,0.000,0,0,262144,1,1,0,0,1,1
2,final_left_i32,i32,65536,glibc_t2,FIXED_TWIN,7,0,1,78361.00,65.0000,0.0000,0.0,79000.0,1.000,262144.0,0.000,0,0,262144,1,0,1,0,1,1
2,final_left_i32,i32,65536,glibc_t2,P5,7,1,1,155162.00,130.0000,0.0000,0.0,156000.0,2.000,524288.0,0.000,0,0,524288,2,0,0,0,1,1
2,final_left_i32,i32,65536,glibc_t2,P6,7,2,1,78875.00,65.0000,0.0000,0.0,80000.0,1.000,262144.0,0.000,0,0,262144,1,1,0,0,1,1
2,final_left_i32,i32,65536,glibc_t2,P7,7,3,1,78202.00,65.0000,0.0000,0.0,80000.0,1.000,262144.0,0.000,0,0,262144,1,0,1,0,1,1
2,final_left_i32,i32,65536,glibc_t2,P5,8,0,1,152001.00,130.0000,0.0000,0.0,153000.0,2.000,524288.0,0.000,0,0,524288,2,0,0,0,1,1
2,final_left_i32,i32,65536,glibc_t2,P6,8,1,1,79096.00,65.0000,0.0000,0.0,81000.0,1.000,262144.0,0.000,0,0,262144,1,1,0,0,1,1
2,final_left_i32,i32,65536,glibc_t2,P7,8,2,1,75175.00,65.0000,0.0000,0.0,76000.0,1.000,262144.0,0.000,0,0,262144,1,0,1,0,1,1
2,final_left_i32,i32,65536,glibc_t2,FIXED_TWIN,8,3,1,94609.00,65.0000,0.0000,0.0,96000.0,1.000,262144.0,0.000,0,0,262144,1,0,1,0,1,1
2,final_left_i32,i32,65536,glibc_t2,P6,9,0,1,78352.00,65.0000,0.0000,0.0,79000.0,1.000,262144.0,0.000,0,0,262144,1,1,0,0,1,1
2,final_left_i32,i32,65536,glibc_t2,P7,9,1,1,74824.00,65.0000,0.0000,0.0,76000.0,1.000,262144.0,0.000,0,0,262144,1,0,1,0,1,1
2,final_left_i32,i32,65536,glibc_t2,FIXED_TWIN,9,2,1,80134.00,65.0000,0.0000,0.0,81000.0,1.000,262144.0,0.000,0,0,262144,1,0,1,0,1,1
2,final_left_i32,i32,65536,glibc_t2,P5,9,3,1,153373.00,130.0000,0.0000,0.0,155000.0,2.000,524288.0,0.000,0,0,524288,2,0,0,0,1,1
2,final_left_i32,i32,65536,glibc_t2,P7,10,0,1,74641.00,65.0000,0.0000,0.0,76000.0,1.000,262144.0,0.000,0,0,262144,1,0,1,0,1,1
2,final_left_i32,i32,65536,glibc_t2,FIXED_TWIN,10,1,1,75273.00,65.0000,0.0000,0.0,76000.0,1.000,262144.0,0.000,0,0,262144,1,0,1,0,1,1
2,final_left_i32,i32,65536,glibc_t2,P5,10,2,1,157448.00,130.0000,0.0000,23000.0,135000.0,2.000,524288.0,0.000,0,0,524288,2,0,0,0,1,1
2,final_left_i32,i32,65536,glibc_t2,P6,10,3,1,80786.00,65.0000,0.0000,36000.0,46000.0,1.000,262144.0,0.000,0,0,262144,1,1,0,0,1,1
2,final_left_i32,i32,65536,glibc_t2,FIXED_TWIN,11,0,1,89617.00,65.0000,0.0000,39000.0,51000.0,1.000,262144.0,0.000,0,0,262144,1,0,1,0,1,1
2,final_left_i32,i32,65536,glibc_t2,P5,11,1,1,179675.00,130.0000,0.0000,0.0,181000.0,2.000,524288.0,0.000,0,0,524288,2,0,0,0,1,1
2,final_left_i32,i32,65536,glibc_t2,P6,11,2,1,83906.00,65.0000,0.0000,0.0,84000.0,1.000,262144.0,0.000,0,0,262144,1,1,0,0,1,1
2,final_left_i32,i32,65536,glibc_t2,P7,11,3,1,75341.00,65.0000,0.0000,0.0,76000.0,1.000,262144.0,0.000,0,0,262144,1,0,1,0,1,1
2,final_left_i32,i32,65536,glibc_t2,P5,12,0,1,169010.00,130.0000,0.0000,0.0,170000.0,2.000,524288.0,0.000,0,0,524288,2,0,0,0,1,1
2,final_left_i32,i32,65536,glibc_t2,P6,12,1,1,78866.00,65.0000,0.0000,0.0,79000.0,1.000,262144.0,0.000,0,0,262144,1,1,0,0,1,1
2,final_left_i32,i32,65536,glibc_t2,P7,12,2,1,75174.00,65.0000,0.0000,0.0,76000.0,1.000,262144.0,0.000,0,0,262144,1,0,1,0,1,1
2,final_left_i32,i32,65536,glibc_t2,FIXED_TWIN,12,3,1,75253.00,65.0000,0.0000,0.0,76000.0,1.000,262144.0,0.000,0,0,262144,1,0,1,0,1,1
2,final_left_i32,i32,65536,glibc_t2,P6,13,0,1,84854.00,65.0000,0.0000,0.0,86000.0,1.000,262144.0,0.000,0,0,262144,1,1,0,0,1,1
2,final_left_i32,i32,65536,glibc_t2,P7,13,1,1,90056.00,65.0000,0.0000,0.0,90000.0,1.000,262144.0,0.000,0,0,262144,1,0,1,0,1,1
2,final_left_i32,i32,65536,glibc_t2,FIXED_TWIN,13,2,1,75036.00,65.0000,0.0000,0.0,76000.0,1.000,262144.0,0.000,0,0,262144,1,0,1,0,1,1
2,final_left_i32,i32,65536,glibc_t2,P5,13,3,1,158098.00,130.0000,0.0000,0.0,160000.0,2.000,524288.0,0.000,0,0,524288,2,0,0,0,1,1
2,final_left_i32,i32,65536,glibc_t2,P7,14,0,1,73701.00,65.0000,0.0000,0.0,74000.0,1.000,262144.0,0.000,0,0,262144,1,0,1,0,1,1
2,final_left_i32,i32,65536,glibc_t2,FIXED_TWIN,14,1,1,74887.00,65.0000,0.0000,0.0,76000.0,1.000,262144.0,0.000,0,0,262144,1,0,1,0,1,1
2,final_left_i32,i32,65536,glibc_t2,P5,14,2,1,164428.00,130.0000,0.0000,0.0,166000.0,2.000,524288.0,0.000,0,0,524288,2,0,0,0,1,1
2,final_left_i32,i32,65536,glibc_t2,P6,14,3,1,78634.00,65.0000,0.0000,0.0,80000.0,1.000,262144.0,0.000,0,0,262144,1,1,0,0,1,1
2,final_left_i32,i32,262144,glibc_t2,P5,0,0,1,716932.00,514.0000,0.0000,313000.0,408000.0,2.000,2097152.0,0.000,0,0,2097152,2,0,0,0,1,1
2,final_left_i32,i32,262144,glibc_t2,P6,0,1,1,401837.00,257.0000,0.0000,176000.0,229000.0,1.000,1048576.0,0.000,0,0,1048576,1,1,0,0,1,1
2,final_left_i32,i32,262144,glibc_t2,P7,0,2,1,352003.00,257.0000,0.0000,154000.0,200000.0,1.000,1048576.0,0.000,0,0,1048576,1,0,1,0,1,1
2,final_left_i32,i32,262144,glibc_t2,FIXED_TWIN,0,3,1,353210.00,257.0000,0.0000,355000.0,0.0,1.000,1048576.0,0.000,0,0,1048576,1,0,1,0,1,1
2,final_left_i32,i32,262144,glibc_t2,P6,1,0,1,381295.00,257.0000,0.0000,383000.0,0.0,1.000,1048576.0,0.000,0,0,1048576,1,1,0,0,1,1
2,final_left_i32,i32,262144,glibc_t2,P7,1,1,1,353897.00,257.0000,0.0000,356000.0,0.0,1.000,1048576.0,0.000,0,0,1048576,1,0,1,0,1,1
2,final_left_i32,i32,262144,glibc_t2,FIXED_TWIN,1,2,1,344043.00,257.0000,0.0000,346000.0,0.0,1.000,1048576.0,0.000,0,0,1048576,1,0,1,0,1,1
2,final_left_i32,i32,262144,glibc_t2,P5,1,3,1,698600.00,514.0000,0.0000,0.0,700000.0,2.000,2097152.0,0.000,0,0,2097152,2,0,0,0,1,1
2,final_left_i32,i32,262144,glibc_t2,P7,2,0,1,350165.00,257.0000,0.0000,0.0,352000.0,1.000,1048576.0,0.000,0,0,1048576,1,0,1,0,1,1
2,final_left_i32,i32,262144,glibc_t2,FIXED_TWIN,2,1,1,360288.00,257.0000,0.0000,0.0,363000.0,1.000,1048576.0,0.000,0,0,1048576,1,0,1,0,1,1
2,final_left_i32,i32,262144,glibc_t2,P5,2,2,1,685457.00,514.0000,0.0000,0.0,688000.0,2.000,2097152.0,0.000,0,0,2097152,2,0,0,0,1,1
2,final_left_i32,i32,262144,glibc_t2,P6,2,3,1,395585.00,257.0000,0.0000,0.0,398000.0,1.000,1048576.0,0.000,0,0,1048576,1,1,0,0,1,1
2,final_left_i32,i32,262144,glibc_t2,FIXED_TWIN,3,0,1,342022.00,257.0000,0.0000,0.0,344000.0,1.000,1048576.0,0.000,0,0,1048576,1,0,1,0,1,1
2,final_left_i32,i32,262144,glibc_t2,P5,3,1,1,674158.00,514.0000,0.0000,0.0,676000.0,2.000,2097152.0,0.000,0,0,2097152,2,0,0,0,1,1
2,final_left_i32,i32,262144,glibc_t2,P6,3,2,1,451782.00,257.0000,0.0000,0.0,454000.0,1.000,1048576.0,0.000,0,0,1048576,1,1,0,0,1,1
2,final_left_i32,i32,262144,glibc_t2,P7,3,3,1,368669.00,257.0000,0.0000,0.0,370000.0,1.000,1048576.0,0.000,0,0,1048576,1,0,1,0,1,1
2,final_left_i32,i32,262144,glibc_t2,P5,4,0,1,687623.00,514.0000,0.0000,0.0,690000.0,2.000,2097152.0,0.000,0,0,2097152,2,0,0,0,1,1
2,final_left_i32,i32,262144,glibc_t2,P6,4,1,1,382184.00,257.0000,0.0000,0.0,384000.0,1.000,1048576.0,0.000,0,0,1048576,1,1,0,0,1,1
2,final_left_i32,i32,262144,glibc_t2,P7,4,2,1,401319.00,257.0000,0.0000,403000.0,0.0,1.000,1048576.0,0.000,0,0,1048576,1,0,1,0,1,1
2,final_left_i32,i32,262144,glibc_t2,FIXED_TWIN,4,3,1,342388.00,257.0000,0.0000,344000.0,0.0,1.000,1048576.0,0.000,0,0,1048576,1,0,1,0,1,1
2,final_left_i32,i32,262144,glibc_t2,P6,5,0,1,399181.00,257.0000,0.0000,401000.0,0.0,1.000,1048576.0,0.000,0,0,1048576,1,1,0,0,1,1
2,final_left_i32,i32,262144,glibc_t2,P7,5,1,1,370705.00,257.0000,0.0000,372000.0,0.0,1.000,1048576.0,0.000,0,0,1048576,1,0,1,0,1,1
2,final_left_i32,i32,262144,glibc_t2,FIXED_TWIN,5,2,1,365140.00,257.0000,0.0000,367000.0,0.0,1.000,1048576.0,0.000,0,0,1048576,1,0,1,0,1,1
2,final_left_i32,i32,262144,glibc_t2,P5,5,3,1,684707.00,514.0000,0.0000,0.0,686000.0,2.000,2097152.0,0.000,0,0,2097152,2,0,0,0,1,1
2,final_left_i32,i32,262144,glibc_t2,P7,6,0,1,345245.00,257.0000,0.0000,0.0,347000.0,1.000,1048576.0,0.000,0,0,1048576,1,0,1,0,1,1
2,final_left_i32,i32,262144,glibc_t2,FIXED_TWIN,6,1,1,363115.00,257.0000,0.0000,0.0,365000.0,1.000,1048576.0,0.000,0,0,1048576,1,0,1,0,1,1
2,final_left_i32,i32,262144,glibc_t2,P5,6,2,1,710164.00,514.0000,0.0000,0.0,712000.0,2.000,2097152.0,0.000,0,0,2097152,2,0,0,0,1,1
2,final_left_i32,i32,262144,glibc_t2,P6,6,3,1,381286.00,257.0000,0.0000,0.0,383000.0,1.000,1048576.0,0.000,0,0,1048576,1,1,0,0,1,1
2,final_left_i32,i32,262144,glibc_t2,FIXED_TWIN,7,0,1,408592.00,257.0000,0.0000,0.0,411000.0,1.000,1048576.0,0.000,0,0,1048576,1,0,1,0,1,1
2,final_left_i32,i32,262144,glibc_t2,P5,7,1,1,738710.00,514.0000,0.0000,0.0,741000.0,2.000,2097152.0,0.000,0,0,2097152,2,0,0,0,1,1
2,final_left_i32,i32,262144,glibc_t2,P6,7,2,1,401158.00,257.0000,0.0000,0.0,403000.0,1.000,1048576.0,0.000,0,0,1048576,1,1,0,0,1,1
2,final_left_i32,i32,262144,glibc_t2,P7,7,3,1,370220.00,257.0000,0.0000,0.0,372000.0,1.000,1048576.0,0.000,0,0,1048576,1,0,1,0,1,1
2,final_left_i32,i32,262144,glibc_t2,P5,8,0,1,693498.00,514.0000,0.0000,0.0,695000.0,2.000,2097152.0,0.000,0,0,2097152,2,0,0,0,1,1
2,final_left_i32,i32,262144,glibc_t2,P6,8,1,1,436264.00,257.0000,0.0000,0.0,438000.0,1.000,1048576.0,0.000,0,0,1048576,1,1,0,0,1,1
2,final_left_i32,i32,262144,glibc_t2,P7,8,2,1,403794.00,257.0000,0.0000,0.0,407000.0,1.000,1048576.0,0.000,0,0,1048576,1,0,1,0,1,1
2,final_left_i32,i32,262144,glibc_t2,FIXED_TWIN,8,3,1,349875.00,257.0000,0.0000,0.0,352000.0,1.000,1048576.0,0.000,0,0,1048576,1,0,1,0,1,1
2,final_left_i32,i32,262144,glibc_t2,P6,9,0,1,395427.00,257.0000,0.0000,0.0,397000.0,1.000,1048576.0,0.000,0,0,1048576,1,1,0,0,1,1
2,final_left_i32,i32,262144,glibc_t2,P7,9,1,1,420790.00,257.0000,0.0000,423000.0,0.0,1.000,1048576.0,0.000,0,0,1048576,1,0,1,0,1,1
2,final_left_i32,i32,262144,glibc_t2,FIXED_TWIN,9,2,1,369999.00,257.0000,0.0000,372000.0,0.0,1.000,1048576.0,0.000,0,0,1048576,1,0,1,0,1,1
2,final_left_i32,i32,262144,glibc_t2,P5,9,3,1,735262.00,514.0000,0.0000,738000.0,0.0,2.000,2097152.0,0.000,0,0,2097152,2,0,0,0,1,1
2,final_left_i32,i32,262144,glibc_t2,P7,10,0,1,463076.00,257.0000,0.0000,348000.0,119000.0,1.000,1048576.0,0.000,0,0,1048576,1,0,1,0,1,1
2,final_left_i32,i32,262144,glibc_t2,FIXED_TWIN,10,1,1,394615.00,257.0000,0.0000,397000.0,0.0,1.000,1048576.0,0.000,0,0,1048576,1,0,1,0,1,1
2,final_left_i32,i32,262144,glibc_t2,P5,10,2,1,709385.00,514.0000,0.0000,712000.0,0.0,2.000,2097152.0,0.000,0,0,2097152,2,0,0,0,1,1
2,final_left_i32,i32,262144,glibc_t2,P6,10,3,1,430332.00,257.0000,0.0000,433000.0,0.0,1.000,1048576.0,0.000,0,0,1048576,1,1,0,0,1,1
2,final_left_i32,i32,262144,glibc_t2,FIXED_TWIN,11,0,1,385355.00,257.0000,0.0000,387000.0,0.0,1.000,1048576.0,0.000,0,0,1048576,1,0,1,0,1,1
2,final_left_i32,i32,262144,glibc_t2,P5,11,1,1,705130.00,514.0000,0.0000,707000.0,0.0,2.000,2097152.0,0.000,0,0,2097152,2,0,0,0,1,1
2,final_left_i32,i32,262144,glibc_t2,P6,11,2,1,381083.00,257.0000,0.0000,383000.0,0.0,1.000,1048576.0,0.000,0,0,1048576,1,1,0,0,1,1
2,final_left_i32,i32,262144,glibc_t2,P7,11,3,1,375884.00,257.0000,0.0000,378000.0,0.0,1.000,1048576.0,0.000,0,0,1048576,1,0,1,0,1,1
2,final_left_i32,i32,262144,glibc_t2,P5,12,0,1,710227.00,514.0000,0.0000,0.0,713000.0,2.000,2097152.0,0.000,0,0,2097152,2,0,0,0,1,1
2,final_left_i32,i32,262144,glibc_t2,P6,12,1,1,407645.00,257.0000,0.0000,0.0,410000.0,1.000,1048576.0,0.000,0,0,1048576,1,1,0,0,1,1
2,final_left_i32,i32,262144,glibc_t2,P7,12,2,1,387590.00,257.0000,0.0000,0.0,390000.0,1.000,1048576.0,0.000,0,0,1048576,1,0,1,0,1,1
2,final_left_i32,i32,262144,glibc_t2,FIXED_TWIN,12,3,1,376154.00,257.0000,0.0000,165000.0,214000.0,1.000,1048576.0,0.000,0,0,1048576,1,0,1,0,1,1
2,final_left_i32,i32,262144,glibc_t2,P6,13,0,1,404488.00,257.0000,0.0000,0.0,407000.0,1.000,1048576.0,0.000,0,0,1048576,1,1,0,0,1,1
2,final_left_i32,i32,262144,glibc_t2,P7,13,1,1,349385.00,257.0000,0.0000,0.0,351000.0,1.000,1048576.0,0.000,0,0,1048576,1,0,1,0,1,1
2,final_left_i32,i32,262144,glibc_t2,FIXED_TWIN,13,2,1,371709.00,257.0000,0.0000,0.0,374000.0,1.000,1048576.0,0.000,0,0,1048576,1,0,1,0,1,1
2,final_left_i32,i32,262144,glibc_t2,P5,13,3,1,734637.00,514.0000,0.0000,736000.0,0.0,2.000,2097152.0,0.000,0,0,2097152,2,0,0,0,1,1
2,final_left_i32,i32,262144,glibc_t2,P7,14,0,1,386004.00,257.0000,0.0000,389000.0,0.0,1.000,1048576.0,0.000,0,0,1048576,1,0,1,0,1,1
2,final_left_i32,i32,262144,glibc_t2,FIXED_TWIN,14,1,1,376725.00,257.0000,0.0000,379000.0,0.0,1.000,1048576.0,0.000,0,0,1048576,1,0,1,0,1,1
2,final_left_i32,i32,262144,glibc_t2,P5,14,2,1,682472.00,514.0000,0.0000,440000.0,245000.0,2.000,2097152.0,0.000,0,0,2097152,2,0,0,0,1,1
2,final_left_i32,i32,262144,glibc_t2,P6,14,3,1,398305.00,257.0000,0.0000,0.0,401000.0,1.000,1048576.0,0.000,0,0,1048576,1,1,0,0,1,1
2,final_left_i32,i32,1048576,glibc_t2,P5,0,0,1,2915089.00,2050.0000,0.0000,0.0,2919000.0,2.000,8388608.0,0.000,0,0,8388608,2,0,0,0,1,1
2,final_left_i32,i32,1048576,glibc_t2,P6,0,1,1,1720556.00,1025.0000,0.0000,0.0,1724000.0,1.000,4194304.0,0.000,0,0,4194304,1,1,0,0,1,1
2,final_left_i32,i32,1048576,glibc_t2,P7,0,2,1,2169251.00,1025.0000,0.0000,1467000.0,706000.0,1.000,4194304.0,0.000,0,0,4194304,1,0,1,0,1,1
2,final_left_i32,i32,1048576,glibc_t2,FIXED_TWIN,0,3,1,1653082.00,1025.0000,0.0000,123000.0,1535000.0,1.000,4194304.0,0.000,0,0,4194304,1,0,1,0,1,1
2,final_left_i32,i32,1048576,glibc_t2,P6,1,0,1,1778845.00,1025.0000,0.0000,80000.0,1702000.0,1.000,4194304.0,0.000,0,0,4194304,1,1,0,0,1,1
2,final_left_i32,i32,1048576,glibc_t2,P7,1,1,1,1519395.00,1025.0000,0.0000,1523000.0,0.0,1.000,4194304.0,0.000,0,0,4194304,1,0,1,0,1,1
2,final_left_i32,i32,1048576,glibc_t2,FIXED_TWIN,1,2,1,1547835.00,1025.0000,0.0000,0.0,1551000.0,1.000,4194304.0,0.000,0,0,4194304,1,0,1,0,1,1
2,final_left_i32,i32,1048576,glibc_t2,P5,1,3,1,3392860.00,2050.0000,0.0000,3395000.0,0.0,2.000,8388608.0,0.000,0,0,8388608,2,0,0,0,1,1
2,final_left_i32,i32,1048576,glibc_t2,P7,2,0,1,1557612.00,1025.0000,0.0000,1560000.0,0.0,1.000,4194304.0,0.000,0,0,4194304,1,0,1,0,1,1
2,final_left_i32,i32,1048576,glibc_t2,FIXED_TWIN,2,1,1,1541359.00,1025.0000,0.0000,256000.0,1287000.0,1.000,4194304.0,0.000,0,0,4194304,1,0,1,0,1,1
2,final_left_i32,i32,1048576,glibc_t2,P5,2,2,1,3046477.00,2050.0000,0.0000,0.0,3048000.0,2.000,8388608.0,0.000,0,0,8388608,2,0,0,0,1,1
2,final_left_i32,i32,1048576,glibc_t2,P6,2,3,1,1735303.00,1025.0000,0.0000,0.0,1739000.0,1.000,4194304.0,0.000,0,0,4194304,1,1,0,0,1,1
2,final_left_i32,i32,1048576,glibc_t2,FIXED_TWIN,3,0,1,1671215.00,1025.0000,0.0000,0.0,1676000.0,1.000,4194304.0,0.000,0,0,4194304,1,0,1,0,1,1
2,final_left_i32,i32,1048576,glibc_t2,P5,3,1,1,3067344.00,2050.0000,0.0000,1333000.0,1737000.0,2.000,8388608.0,0.000,0,0,8388608,2,0,0,0,1,1
2,final_left_i32,i32,1048576,glibc_t2,P6,3,2,1,1741969.00,1025.0000,0.0000,1645000.0,102000.0,1.000,4194304.0,0.000,0,0,4194304,1,1,0,0,1,1
2,final_left_i32,i32,1048576,glibc_t2,P7,3,3,1,1521710.00,1025.0000,0.0000,1524000.0,0.0,1.000,4194304.0,0.000,0,0,4194304,1,0,1,0,1,1
2,final_left_i32,i32,1048576,glibc_t2,P5,4,0,1,3080574.00,2050.0000,0.0000,3083000.0,0.0,2.000,8388608.0,0.000,0,0,8388608,2,0,0,0,1,1
2,final_left_i32,i32,1048576,glibc_t2,P6,4,1,1,1699508.00,1025.0000,0.0000,547000.0,1155000.0,1.000,4194304.0,0.000,0,0,4194304,1,1,0,0,1,1
2,final_left_i32,i32,1048576,glibc_t2,P7,4,2,1,1569143.00,1025.0000,0.0000,1572000.0,0.0,1.000,4194304.0,0.000,0,0,4194304,1,0,1,0,1,1
2,final_left_i32,i32,1048576,glibc_t2,FIXED_TWIN,4,3,1,1524532.00,1025.0000,0.0000,92000.0,1436000.0,1.000,4194304.0,0.000,0,0,4194304,1,0,1,0,1,1
2,final_left_i32,i32,1048576,glibc_t2,P6,5,0,1,1646155.00,1025.0000,0.0000,7000.0,1642000.0,1.000,4194304.0,0.000,0,0,4194304,1,1,0,0,1,1
2,final_left_i32,i32,1048576,glibc_t2,P7,5,1,1,1585683.00,1025.0000,0.0000,1589000.0,0.0,1.000,4194304.0,0.000,0,0,4194304,1,0,1,0,1,1
2,final_left_i32,i32,1048576,glibc_t2,FIXED_TWIN,5,2,1,1542908.00,1025.0000,0.0000,0.0,1545000.0,1.000,4194304.0,0.000,0,0,4194304,1,0,1,0,1,1
2,final_left_i32,i32,1048576,glibc_t2,P5,5,3,1,3188117.00,2050.0000,0.0000,410000.0,2781000.0,2.000,8388608.0,0.000,0,0,8388608,2,0,0,0,1,1
2,final_left_i32,i32,1048576,glibc_t2,P7,6,0,1,1496208.00,1025.0000,0.0000,1499000.0,0.0,1.000,4194304.0,0.000,0,0,4194304,1,0,1,0,1,1
2,final_left_i32,i32,1048576,glibc_t2,FIXED_TWIN,6,1,1,1495615.00,1025.0000,0.0000,1498000.0,0.0,1.000,4194304.0,0.000,0,0,4194304,1,0,1,0,1,1
2,final_left_i32,i32,1048576,glibc_t2,P5,6,2,1,2899950.00,2050.0000,0.0000,0.0,2903000.0,2.000,8388608.0,0.000,0,0,8388608,2,0,0,0,1,1
2,final_left_i32,i32,1048576,glibc_t2,P6,6,3,1,1726705.00,1025.0000,0.0000,0.0,1730000.0,1.000,4194304.0,0.000,0,0,4194304,1,1,0,0,1,1
2,final_left_i32,i32,1048576,glibc_t2,FIXED_TWIN,7,0,1,1529760.00,1025.0000,0.0000,1532000.0,0.0,1.000,4194304.0,0.000,0,0,4194304,1,0,1,0,1,1
2,final_left_i32,i32,1048576,glibc_t2,P5,7,1,1,2925854.00,2050.0000,0.0000,1271000.0,1657000.0,2.000,8388608.0,0.000,0,0,8388608,2,0,0,0,1,1
2,final_left_i32,i32,1048576,glibc_t2,P6,7,2,1,1767364.00,1025.0000,0.0000,155000.0,1617000.0,1.000,4194304.0,0.000,0,0,4194304,1,1,0,0,1,1
2,final_left_i32,i32,1048576,glibc_t2,P7,7,3,1,1669634.00,1025.0000,0.0000,1674000.0,0.0,1.000,4194304.0,0.000,0,0,4194304,1,0,1,0,1,1
2,final_left_i32,i32,1048576,glibc_t2,P5,8,0,1,2961305.00,2050.0000,0.0000,0.0,2964000.0,2.000,8388608.0,0.000,0,0,8388608,2,0,0,0,1,1
2,final_left_i32,i32,1048576,glibc_t2,P6,8,1,1,1703862.00,1025.0000,0.0000,0.0,1707000.0,1.000,4194304.0,0.000,0,0,4194304,1,1,0,0,1,1
2,final_left_i32,i32,1048576,glibc_t2,P7,8,2,1,1560425.00,1025.0000,0.0000,0.0,1563000.0,1.000,4194304.0,0.000,0,0,4194304,1,0,1,0,1,1
2,final_left_i32,i32,1048576,glibc_t2,FIXED_TWIN,8,3,1,1596381.00,1025.0000,0.0000,0.0,1599000.0,1.000,4194304.0,0.000,0,0,4194304,1,0,1,0,1,1
2,final_left_i32,i32,1048576,glibc_t2,P6,9,0,1,1770603.00,1025.0000,0.0000,0.0,1774000.0,1.000,4194304.0,0.000,0,0,4194304,1,1,0,0,1,1
2,final_left_i32,i32,1048576,glibc_t2,P7,9,1,1,1534553.00,1025.0000,0.0000,0.0,1537000.0,1.000,4194304.0,0.000,0,0,4194304,1,0,1,0,1,1
2,final_left_i32,i32,1048576,glibc_t2,FIXED_TWIN,9,2,1,1577769.00,1025.0000,0.0000,0.0,1581000.0,1.000,4194304.0,0.000,0,0,4194304,1,0,1,0,1,1
2,final_left_i32,i32,1048576,glibc_t2,P5,9,3,1,3275848.00,2050.0000,0.0000,0.0,3279000.0,2.000,8388608.0,0.000,0,0,8388608,2,0,0,0,1,1
2,final_left_i32,i32,1048576,glibc_t2,P7,10,0,1,1575626.00,1025.0000,0.0000,1579000.0,0.0,1.000,4194304.0,0.000,0,0,4194304,1,0,1,0,1,1
2,final_left_i32,i32,1048576,glibc_t2,FIXED_TWIN,10,1,1,1519892.00,1025.0000,0.0000,876000.0,646000.0,1.000,4194304.0,0.000,0,0,4194304,1,0,1,0,1,1
2,final_left_i32,i32,1048576,glibc_t2,P5,10,2,1,3201194.00,2050.0000,0.0000,0.0,3205000.0,2.000,8388608.0,0.000,0,0,8388608,2,0,0,0,1,1
2,final_left_i32,i32,1048576,glibc_t2,P6,10,3,1,1787772.00,1025.0000,0.0000,0.0,1791000.0,1.000,4194304.0,0.000,0,0,4194304,1,1,0,0,1,1
2,final_left_i32,i32,1048576,glibc_t2,FIXED_TWIN,11,0,1,1588171.00,1025.0000,0.0000,0.0,1590000.0,1.000,4194304.0,0.000,0,0,4194304,1,0,1,0,1,1
2,final_left_i32,i32,1048576,glibc_t2,P5,11,1,1,3797958.00,2050.0000,0.0000,0.0,3802000.0,2.000,8388608.0,0.000,0,0,8388608,2,0,0,0,1,1
2,final_left_i32,i32,1048576,glibc_t2,P6,11,2,1,1841135.00,1025.0000,0.0000,103000.0,1743000.0,1.000,4194304.0,0.000,0,0,4194304,1,1,0,0,1,1
2,final_left_i32,i32,1048576,glibc_t2,P7,11,3,1,1610461.00,1025.0000,0.0000,22000.0,1593000.0,1.000,4194304.0,0.000,0,0,4194304,1,0,1,0,1,1
2,final_left_i32,i32,1048576,glibc_t2,P5,12,0,1,3118764.00,2050.0000,0.0000,0.0,3122000.0,2.000,8388608.0,0.000,0,0,8388608,2,0,0,0,1,1
2,final_left_i32,i32,1048576,glibc_t2,P6,12,1,1,1857181.00,1025.0000,0.0000,0.0,1862000.0,1.000,4194304.0,0.000,0,0,4194304,1,1,0,0,1,1
2,final_left_i32,i32,1048576,glibc_t2,P7,12,2,1,1571297.00,1025.0000,0.0000,1474000.0,101000.0,1.000,4194304.0,0.000,0,0,4194304,1,0,1,0,1,1
2,final_left_i32,i32,1048576,glibc_t2,FIXED_TWIN,12,3,1,1506505.00,1025.0000,0.0000,0.0,1509000.0,1.000,4194304.0,0.000,0,0,4194304,1,0,1,0,1,1
2,final_left_i32,i32,1048576,glibc_t2,P6,13,0,1,1812653.00,1025.0000,0.0000,1563000.0,254000.0,1.000,4194304.0,0.000,0,0,4194304,1,1,0,0,1,1
2,final_left_i32,i32,1048576,glibc_t2,P7,13,1,1,1647258.00,1025.0000,0.0000,0.0,1650000.0,1.000,4194304.0,0.000,0,0,4194304,1,0,1,0,1,1
2,final_left_i32,i32,1048576,glibc_t2,FIXED_TWIN,13,2,1,1469872.00,1025.0000,0.0000,0.0,1473000.0,1.000,4194304.0,0.000,0,0,4194304,1,0,1,0,1,1
2,final_left_i32,i32,1048576,glibc_t2,P5,13,3,1,3108241.00,2050.0000,0.0000,0.0,3111000.0,2.000,8388608.0,0.000,0,0,8388608,2,0,0,0,1,1
2,final_left_i32,i32,1048576,glibc_t2,P7,14,0,1,1714710.00,1025.0000,0.0000,0.0,1717000.0,1.000,4194304.0,0.000,0,0,4194304,1,0,1,0,1,1
2,final_left_i32,i32,1048576,glibc_t2,FIXED_TWIN,14,1,1,1532438.00,1025.0000,0.0000,0.0,1535000.0,1.000,4194304.0,0.000,0,0,4194304,1,0,1,0,1,1
2,final_left_i32,i32,1048576,glibc_t2,P5,14,2,1,3112242.00,2050.0000,0.0000,27000.0,3088000.0,2.000,8388608.0,0.000,0,0,8388608,2,0,0,0,1,1
2,final_left_i32,i32,1048576,glibc_t2,P6,14,3,1,1741538.00,1025.0000,0.0000,73000.0,1672000.0,1.000,4194304.0,0.000,0,0,4194304,1,1,0,0,1,1
2,final_left_i32,i32,4194304,glibc_t2,P5,0,0,1,16825232.00,8194.0000,0.0000,8352000.0,8469000.0,2.000,33554432.0,0.000,0,0,33554432,2,0,0,0,1,1
2,final_left_i32,i32,4194304,glibc_t2,P6,0,1,1,9823492.00,4097.0000,0.0000,4795000.0,5036000.0,1.000,16777216.0,0.000,0,0,16777216,1,1,0,0,1,1
2,final_left_i32,i32,4194304,glibc_t2,P7,0,2,1,8067409.00,4097.0000,0.0000,8034000.0,39000.0,1.000,16777216.0,0.000,0,0,16777216,1,0,1,0,1,1
2,final_left_i32,i32,4194304,glibc_t2,FIXED_TWIN,0,3,1,8090157.00,4097.0000,0.0000,4042000.0,4054000.0,1.000,16777216.0,0.000,0,0,16777216,1,0,1,0,1,1
2,final_left_i32,i32,4194304,glibc_t2,P6,1,0,1,8466009.00,4097.0000,0.0000,4061000.0,4410000.0,1.000,16777216.0,0.000,0,0,16777216,1,1,0,0,1,1
2,final_left_i32,i32,4194304,glibc_t2,P7,1,1,1,7447869.00,4097.0000,0.0000,7452000.0,0.0,1.000,16777216.0,0.000,0,0,16777216,1,0,1,0,1,1
2,final_left_i32,i32,4194304,glibc_t2,FIXED_TWIN,1,2,1,7750363.00,4097.0000,0.0000,0.0,7753000.0,1.000,16777216.0,0.000,0,0,16777216,1,0,1,0,1,1
2,final_left_i32,i32,4194304,glibc_t2,P5,1,3,1,16610833.00,8194.0000,0.0000,12257000.0,4327000.0,2.000,33554432.0,0.000,0,0,33554432,2,0,0,0,1,1
2,final_left_i32,i32,4194304,glibc_t2,P7,2,0,1,8283392.00,4097.0000,0.0000,4126000.0,4163000.0,1.000,16777216.0,0.000,0,0,16777216,1,0,1,0,1,1
2,final_left_i32,i32,4194304,glibc_t2,FIXED_TWIN,2,1,1,8142579.00,4097.0000,0.0000,4064000.0,4083000.0,1.000,16777216.0,0.000,0,0,16777216,1,0,1,0,1,1
2,final_left_i32,i32,4194304,glibc_t2,P5,2,2,1,17083678.00,8194.0000,0.0000,464000.0,16615000.0,2.000,33554432.0,0.000,0,0,33554432,2,0,0,0,1,1
2,final_left_i32,i32,4194304,glibc_t2,P6,2,3,1,9064510.00,4097.0000,0.0000,6730000.0,2340000.0,1.000,16777216.0,0.000,0,0,16777216,1,1,0,0,1,1
2,final_left_i32,i32,4194304,glibc_t2,FIXED_TWIN,3,0,1,7433151.00,4097.0000,0.0000,7436000.0,0.0,1.000,16777216.0,0.000,0,0,16777216,1,0,1,0,1,1
2,final_left_i32,i32,4194304,glibc_t2,P5,3,1,1,15832191.00,8194.0000,0.0000,0.0,15836000.0,2.000,33554432.0,0.000,0,0,33554432,2,0,0,0,1,1
2,final_left_i32,i32,4194304,glibc_t2,P6,3,2,1,8522022.00,4097.0000,0.0000,227000.0,8300000.0,1.000,16777216.0,0.000,0,0,16777216,1,1,0,0,1,1
2,final_left_i32,i32,4194304,glibc_t2,P7,3,3,1,7439061.00,4097.0000,0.0000,4731000.0,2711000.0,1.000,16777216.0,0.000,0,0,16777216,1,0,1,0,1,1
2,final_left_i32,i32,4194304,glibc_t2,P5,4,0,1,15884724.00,8194.0000,0.0000,11955000.0,3934000.0,2.000,33554432.0,0.000,0,0,33554432,2,0,0,0,1,1
2,final_left_i32,i32,4194304,glibc_t2,P6,4,1,1,8333209.00,4097.0000,0.0000,144000.0,8193000.0,1.000,16777216.0,0.000,0,0,16777216,1,1,0,0,1,1
2,final_left_i32,i32,4194304,glibc_t2,P7,4,2,1,7166245.00,4097.0000,0.0000,5378000.0,1792000.0,1.000,16777216.0,0.000,0,0,16777216,1,0,1,0,1,1
2,final_left_i32,i32,4194304,glibc_t2,FIXED_TWIN,4,3,1,7329697.00,4097.0000,0.0000,0.0,7333000.0,1.000,16777216.0,0.000,0,0,16777216,1,0,1,0,1,1
2,final_left_i32,i32,4194304,glibc_t2,P6,5,0,1,8650904.00,4097.0000,0.0000,4285000.0,4370000.0,1.000,16777216.0,0.000,0,0,16777216,1,1,0,0,1,1
2,final_left_i32,i32,4194304,glibc_t2,P7,5,1,1,7877768.00,4097.0000,0.0000,3949000.0,3933000.0,1.000,16777216.0,0.000,0,0,16777216,1,0,1,0,1,1
2,final_left_i32,i32,4194304,glibc_t2,FIXED_TWIN,5,2,1,7911139.00,4097.0000,0.0000,0.0,7915000.0,1.000,16777216.0,0.000,0,0,16777216,1,0,1,0,1,1
2,final_left_i32,i32,4194304,glibc_t2,P5,5,3,1,16164739.00,8194.0000,0.0000,4071000.0,12053000.0,2.000,33554432.0,0.000,0,0,33554432,2,0,0,0,1,1
2,final_left_i32,i32,4194304,glibc_t2,P7,6,0,1,7873589.00,4097.0000,0.0000,0.0,7877000.0,1.000,16777216.0,0.000,0,0,16777216,1,0,1,0,1,1
2,final_left_i32,i32,4194304,glibc_t2,FIXED_TWIN,6,1,1,8824140.00,4097.0000,0.0000,928000.0,7900000.0,1.000,16777216.0,0.000,0,0,16777216,1,0,1,0,1,1
2,final_left_i32,i32,4194304,glibc_t2,P5,6,2,1,18236226.00,8194.0000,0.0000,7237000.0,11006000.0,2.000,33554432.0,0.000,0,0,33554432,2,0,0,0,1,1
2,final_left_i32,i32,4194304,glibc_t2,P6,6,3,1,9567127.00,4097.0000,0.0000,6948000.0,2624000.0,1.000,16777216.0,0.000,0,0,16777216,1,1,0,0,1,1
2,final_left_i32,i32,4194304,glibc_t2,FIXED_TWIN,7,0,1,7828176.00,4097.0000,0.0000,3928000.0,3905000.0,1.000,16777216.0,0.000,0,0,16777216,1,0,1,0,1,1
2,final_left_i32,i32,4194304,glibc_t2,P5,7,1,1,16862366.00,8194.0000,0.0000,372000.0,16494000.0,2.000,33554432.0,0.000,0,0,33554432,2,0,0,0,1,1
2,final_left_i32,i32,4194304,glibc_t2,P6,7,2,1,9101448.00,4097.0000,0.0000,478000.0,8628000.0,1.000,16777216.0,0.000,0,0,16777216,1,1,0,0,1,1
2,final_left_i32,i32,4194304,glibc_t2,P7,7,3,1,8006941.00,4097.0000,0.0000,2000.0,8008000.0,1.000,16777216.0,0.000,0,0,16777216,1,0,1,0,1,1
2,final_left_i32,i32,4194304,glibc_t2,P5,8,0,1,18043744.00,8194.0000,0.0000,8890000.0,9159000.0,2.000,33554432.0,0.000,0,0,33554432,2,0,0,0,1,1
2,final_left_i32,i32,4194304,glibc_t2,P6,8,1,1,10706172.00,4097.0000,0.0000,9180000.0,1532000.0,1.000,16777216.0,0.000,0,0,16777216,1,1,0,0,1,1
2,final_left_i32,i32,4194304,glibc_t2,P7,8,2,1,8326151.00,4097.0000,0.0000,431000.0,7900000.0,1.000,16777216.0,0.000,0,0,16777216,1,0,1,0,1,1
2,final_left_i32,i32,4194304,glibc_t2,FIXED_TWIN,8,3,1,7943688.00,4097.0000,0.0000,0.0,7947000.0,1.000,16777216.0,0.000,0,0,16777216,1,0,1,0,1,1
2,final_left_i32,i32,4194304,glibc_t2,P6,9,0,1,8776178.00,4097.0000,0.0000,523000.0,8258000.0,1.000,16777216.0,0.000,0,0,16777216,1,1,0,0,1,1
2,final_left_i32,i32,4194304,glibc_t2,P7,9,1,1,7880740.00,4097.0000,0.0000,0.0,7884000.0,1.000,16777216.0,0.000,0,0,16777216,1,0,1,0,1,1
2,final_left_i32,i32,4194304,glibc_t2,FIXED_TWIN,9,2,1,8206197.00,4097.0000,0.0000,4092000.0,4118000.0,1.000,16777216.0,0.000,0,0,16777216,1,0,1,0,1,1
2,final_left_i32,i32,4194304,glibc_t2,P5,9,3,1,16383292.00,8194.0000,0.0000,4166000.0,12221000.0,2.000,33554432.0,0.000,0,0,33554432,2,0,0,0,1,1
2,final_left_i32,i32,4194304,glibc_t2,P7,10,0,1,8001351.00,4097.0000,0.0000,0.0,8005000.0,1.000,16777216.0,0.000,0,0,16777216,1,0,1,0,1,1
2,final_left_i32,i32,4194304,glibc_t2,FIXED_TWIN,10,1,1,9006654.00,4097.0000,0.0000,437000.0,8574000.0,1.000,16777216.0,0.000,0,0,16777216,1,0,1,0,1,1
2,final_left_i32,i32,4194304,glibc_t2,P5,10,2,1,18076239.00,8194.0000,0.0000,3164000.0,14917000.0,2.000,33554432.0,0.000,0,0,33554432,2,0,0,0,1,1
2,final_left_i32,i32,4194304,glibc_t2,P6,10,3,1,10173968.00,4097.0000,0.0000,7211000.0,2968000.0,1.000,16777216.0,0.000,0,0,16777216,1,1,0,0,1,1
2,final_left_i32,i32,4194304,glibc_t2,FIXED_TWIN,11,0,1,8578202.00,4097.0000,0.0000,0.0,8583000.0,1.000,16777216.0,0.000,0,0,16777216,1,0,1,0,1,1
2,final_left_i32,i32,4194304,glibc_t2,P5,11,1,1,17455197.00,8194.0000,0.0000,8634000.0,8826000.0,2.000,33554432.0,0.000,0,0,33554432,2,0,0,0,1,1
2,final_left_i32,i32,4194304,glibc_t2,P6,11,2,1,9529639.00,4097.0000,0.0000,9535000.0,0.0,1.000,16777216.0,0.000,0,0,16777216,1,1,0,0,1,1
2,final_left_i32,i32,4194304,glibc_t2,P7,11,3,1,8214739.00,4097.0000,0.0000,2358000.0,5861000.0,1.000,16777216.0,0.000,0,0,16777216,1,0,1,0,1,1
2,final_left_i32,i32,4194304,glibc_t2,P5,12,0,1,17845035.00,8194.0000,0.0000,7066000.0,10783000.0,2.000,33554432.0,0.000,0,0,33554432,2,0,0,0,1,1
2,final_left_i32,i32,4194304,glibc_t2,P6,12,1,1,11494884.00,4097.0000,0.0000,3783000.0,7719000.0,1.000,16777216.0,0.000,0,0,16777216,1,1,0,0,1,1
2,final_left_i32,i32,4194304,glibc_t2,P7,12,2,1,8780402.00,4097.0000,0.0000,4341000.0,4444000.0,1.000,16777216.0,0.000,0,0,16777216,1,0,1,0,1,1
2,final_left_i32,i32,4194304,glibc_t2,FIXED_TWIN,12,3,1,8748612.00,4097.0000,0.0000,585000.0,8169000.0,1.000,16777216.0,0.000,0,0,16777216,1,0,1,0,1,1
2,final_left_i32,i32,4194304,glibc_t2,P6,13,0,1,9907567.00,4097.0000,0.0000,3093000.0,6820000.0,1.000,16777216.0,0.000,0,0,16777216,1,1,0,0,1,1
2,final_left_i32,i32,4194304,glibc_t2,P7,13,1,1,8429282.00,4097.0000,0.0000,186000.0,8249000.0,1.000,16777216.0,0.000,0,0,16777216,1,0,1,0,1,1
2,final_left_i32,i32,4194304,glibc_t2,FIXED_TWIN,13,2,1,8453326.00,4097.0000,0.0000,3944000.0,4513000.0,1.000,16777216.0,0.000,0,0,16777216,1,0,1,0,1,1
2,final_left_i32,i32,4194304,glibc_t2,P5,13,3,1,17453516.00,8194.0000,0.0000,4631000.0,12827000.0,2.000,33554432.0,0.000,0,0,33554432,2,0,0,0,1,1
2,final_left_i32,i32,4194304,glibc_t2,P7,14,0,1,9339916.00,4097.0000,0.0000,8587000.0,758000.0,1.000,16777216.0,0.000,0,0,16777216,1,0,1,0,1,1
2,final_left_i32,i32,4194304,glibc_t2,FIXED_TWIN,14,1,1,9132152.00,4097.0000,0.0000,4494000.0,4643000.0,1.000,16777216.0,0.000,0,0,16777216,1,0,1,0,1,1
2,final_left_i32,i32,4194304,glibc_t2,P5,14,2,1,18028175.00,8194.0000,0.0000,11148000.0,6885000.0,2.000,33554432.0,0.000,0,0,33554432,2,0,0,0,1,1
2,final_left_i32,i32,4194304,glibc_t2,P6,14,3,1,10095750.00,4097.0000,0.0000,4913000.0,5190000.0,1.000,16777216.0,0.000,0,0,16777216,1,1,0,0,1,1
2,final_left_i32,i32,16777216,glibc_t2,P5,0,0,1,78950853.00,32770.0000,0.0000,33283000.0,45675000.0,2.000,134217728.0,0.000,0,0,134217728,2,0,0,0,1,1
2,final_left_i32,i32,16777216,glibc_t2,P6,0,1,1,51460509.00,16385.0000,0.0000,27761000.0,23681000.0,1.000,67108864.0,0.000,0,0,67108864,1,1,0,0,1,1
2,final_left_i32,i32,16777216,glibc_t2,P7,0,2,1,43467747.00,16385.0000,0.0000,23776000.0,19699000.0,1.000,67108864.0,0.000,0,0,67108864,1,0,1,0,1,1
2,final_left_i32,i32,16777216,glibc_t2,FIXED_TWIN,0,3,1,44832351.00,16385.0000,0.0000,16362000.0,28449000.0,1.000,67108864.0,0.000,0,0,67108864,1,0,1,0,1,1
2,final_left_i32,i32,16777216,glibc_t2,P6,1,0,1,48118942.00,16385.0000,0.0000,28059000.0,20067000.0,1.000,67108864.0,0.000,0,0,67108864,1,1,0,0,1,1
2,final_left_i32,i32,16777216,glibc_t2,P7,1,1,1,42592794.00,16385.0000,0.0000,23395000.0,19204000.0,1.000,67108864.0,0.000,0,0,67108864,1,0,1,0,1,1
2,final_left_i32,i32,16777216,glibc_t2,FIXED_TWIN,1,2,1,42991859.00,16385.0000,0.0000,19427000.0,23433000.0,1.000,67108864.0,0.000,0,0,67108864,1,0,1,0,1,1
2,final_left_i32,i32,16777216,glibc_t2,P5,1,3,1,78654069.00,32770.0000,0.0000,37144000.0,41462000.0,2.000,134217728.0,0.000,0,0,134217728,2,0,0,0,1,1
2,final_left_i32,i32,16777216,glibc_t2,P7,2,0,1,43166732.00,16385.0000,0.0000,11636000.0,31475000.0,1.000,67108864.0,0.000,0,0,67108864,1,0,1,0,1,1
2,final_left_i32,i32,16777216,glibc_t2,FIXED_TWIN,2,1,1,43681950.00,16385.0000,0.0000,11861000.0,31828000.0,1.000,67108864.0,0.000,0,0,67108864,1,0,1,0,1,1
2,final_left_i32,i32,16777216,glibc_t2,P5,2,2,1,80751506.00,32770.0000,0.0000,28325000.0,52434000.0,2.000,134217728.0,0.000,0,0,134217728,2,0,0,0,1,1
2,final_left_i32,i32,16777216,glibc_t2,P6,2,3,1,53553223.00,16385.0000,0.0000,28681000.0,24880000.0,1.000,67108864.0,0.000,0,0,67108864,1,1,0,0,1,1
2,final_left_i32,i32,16777216,glibc_t2,FIXED_TWIN,3,0,1,47135432.00,16385.0000,0.0000,19628000.0,27514000.0,1.000,67108864.0,0.000,0,0,67108864,1,0,1,0,1,1
2,final_left_i32,i32,16777216,glibc_t2,P5,3,1,1,84285341.00,32770.0000,0.0000,24118000.0,60121000.0,2.000,134217728.0,0.000,0,0,134217728,2,0,0,0,1,1
2,final_left_i32,i32,16777216,glibc_t2,P6,3,2,1,52241307.00,16385.0000,0.0000,32114000.0,20125000.0,1.000,67108864.0,0.000,0,0,67108864,1,1,0,0,1,1
2,final_left_i32,i32,16777216,glibc_t2,P7,3,3,1,45053993.00,16385.0000,0.0000,14722000.0,30294000.0,1.000,67108864.0,0.000,0,0,67108864,1,0,1,0,1,1
2,final_left_i32,i32,16777216,glibc_t2,P5,4,0,1,84918990.00,32770.0000,0.0000,26660000.0,58228000.0,2.000,134217728.0,0.000,0,0,134217728,2,0,0,0,1,1
2,final_left_i32,i32,16777216,glibc_t2,P6,4,1,1,53690195.00,16385.0000,0.0000,35009000.0,18690000.0,1.000,67108864.0,0.000,0,0,67108864,1,1,0,0,1,1
2,final_left_i32,i32,16777216,glibc_t2,P7,4,2,1,44968793.00,16385.0000,0.0000,8417000.0,36473000.0,1.000,67108864.0,0.000,0,0,67108864,1,0,1,0,1,1
2,final_left_i32,i32,16777216,glibc_t2,FIXED_TWIN,4,3,1,43788058.00,16385.0000,0.0000,17586000.0,26148000.0,1.000,67108864.0,0.000,0,0,67108864,1,0,1,0,1,1
2,final_left_i32,i32,16777216,glibc_t2,P6,5,0,1,50465167.00,16385.0000,0.0000,23296000.0,27134000.0,1.000,67108864.0,0.000,0,0,67108864,1,1,0,0,1,1
2,final_left_i32,i32,16777216,glibc_t2,P7,5,1,1,46422682.00,16385.0000,0.0000,17052000.0,29376000.0,1.000,67108864.0,0.000,0,0,67108864,1,0,1,0,1,1
2,final_left_i32,i32,16777216,glibc_t2,FIXED_TWIN,5,2,1,44990622.00,16385.0000,0.0000,20434000.0,24564000.0,1.000,67108864.0,0.000,0,0,67108864,1,0,1,0,1,1
2,final_left_i32,i32,16777216,glibc_t2,P5,5,3,1,81198331.00,32770.0000,0.0000,26782000.0,54423000.0,2.000,134217728.0,0.000,0,0,134217728,2,0,0,0,1,1
2,final_left_i32,i32,16777216,glibc_t2,P7,6,0,1,45844663.00,16385.0000,0.0000,36814000.0,9038000.0,1.000,67108864.0,0.000,0,0,67108864,1,0,1,0,1,1
2,final_left_i32,i32,16777216,glibc_t2,FIXED_TWIN,6,1,1,44645937.00,16385.0000,0.0000,16262000.0,28347000.0,1.000,67108864.0,0.000,0,0,67108864,1,0,1,0,1,1
2,final_left_i32,i32,16777216,glibc_t2,P5,6,2,1,81990284.00,32770.0000,0.0000,28864000.0,53137000.0,2.000,134217728.0,0.000,0,0,134217728,2,0,0,0,1,1
2,final_left_i32,i32,16777216,glibc_t2,P6,6,3,1,51987970.00,16385.0000,0.0000,27996000.0,23987000.0,1.000,67108864.0,0.000,0,0,67108864,1,1,0,0,1,1
2,final_left_i32,i32,16777216,glibc_t2,FIXED_TWIN,7,0,1,44872653.00,16385.0000,0.0000,20382000.0,24497000.0,1.000,67108864.0,0.000,0,0,67108864,1,0,1,0,1,1
2,final_left_i32,i32,16777216,glibc_t2,P5,7,1,1,81300797.00,32770.0000,0.0000,38833000.0,42473000.0,2.000,134217728.0,0.000,0,0,134217728,2,0,0,0,1,1
2,final_left_i32,i32,16777216,glibc_t2,P6,7,2,1,55454406.00,16385.0000,0.0000,31771000.0,23656000.0,1.000,67108864.0,0.000,0,0,67108864,1,1,0,0,1,1
2,final_left_i32,i32,16777216,glibc_t2,P7,7,3,1,48588285.00,16385.0000,0.0000,12255000.0,36346000.0,1.000,67108864.0,0.000,0,0,67108864,1,0,1,0,1,1
2,final_left_i32,i32,16777216,glibc_t2,P5,8,0,1,83789455.00,32770.0000,0.0000,27907000.0,55890000.0,2.000,134217728.0,0.000,0,0,134217728,2,0,0,0,1,1
2,final_left_i32,i32,16777216,glibc_t2,P6,8,1,1,54709826.00,16385.0000,0.0000,25179000.0,29538000.0,1.000,67108864.0,0.000,0,0,67108864,1,1,0,0,1,1
2,final_left_i32,i32,16777216,glibc_t2,P7,8,2,1,46232774.00,16385.0000,0.0000,19236000.0,27004000.0,1.000,67108864.0,0.000,0,0,67108864,1,0,1,0,1,1
2,final_left_i32,i32,16777216,glibc_t2,FIXED_TWIN,8,3,1,47160930.00,16385.0000,0.0000,15636000.0,31532000.0,1.000,67108864.0,0.000,0,0,67108864,1,0,1,0,1,1
2,final_left_i32,i32,16777216,glibc_t2,P6,9,0,1,54348441.00,16385.0000,0.0000,23287000.0,31070000.0,1.000,67108864.0,0.000,0,0,67108864,1,1,0,0,1,1
2,final_left_i32,i32,16777216,glibc_t2,P7,9,1,1,46196717.00,16385.0000,0.0000,12951000.0,33219000.0,1.000,67108864.0,0.000,0,0,67108864,1,0,1,0,1,1
2,final_left_i32,i32,16777216,glibc_t2,FIXED_TWIN,9,2,1,45101150.00,16385.0000,0.0000,20481000.0,24627000.0,1.000,67108864.0,0.000,0,0,67108864,1,0,1,0,1,1
2,final_left_i32,i32,16777216,glibc_t2,P5,9,3,1,81663682.00,32770.0000,0.0000,30987000.0,50683000.0,2.000,134217728.0,0.000,0,0,134217728,2,0,0,0,1,1
2,final_left_i32,i32,16777216,glibc_t2,P7,10,0,1,46754893.00,16385.0000,0.0000,19463000.0,27283000.0,1.000,67108864.0,0.000,0,0,67108864,1,0,1,0,1,1
2,final_left_i32,i32,16777216,glibc_t2,FIXED_TWIN,10,1,1,44270197.00,16385.0000,0.0000,20120000.0,24157000.0,1.000,67108864.0,0.000,0,0,67108864,1,0,1,0,1,1
2,final_left_i32,i32,16777216,glibc_t2,P5,10,2,1,95192013.00,32770.0000,0.0000,15632000.0,79554000.0,2.000,134217728.0,0.000,0,0,134217728,2,0,0,0,1,1
2,final_left_i32,i32,16777216,glibc_t2,P6,10,3,1,59781611.00,16385.0000,0.0000,27909000.0,31860000.0,1.000,67108864.0,0.000,0,0,67108864,1,1,0,0,1,1
2,final_left_i32,i32,16777216,glibc_t2,FIXED_TWIN,11,0,1,44367765.00,16385.0000,0.0000,20162000.0,24212000.0,1.000,67108864.0,0.000,0,0,67108864,1,0,1,0,1,1
2,final_left_i32,i32,16777216,glibc_t2,P5,11,1,1,81427715.00,32770.0000,0.0000,20613000.0,60809000.0,2.000,134217728.0,0.000,0,0,134217728,2,0,0,0,1,1
2,final_left_i32,i32,16777216,glibc_t2,P6,11,2,1,54135275.00,16385.0000,0.0000,35202000.0,18941000.0,1.000,67108864.0,0.000,0,0,67108864,1,1,0,0,1,1
2,final_left_i32,i32,16777216,glibc_t2,P7,11,3,1,48198749.00,16385.0000,0.0000,24091000.0,24115000.0,1.000,67108864.0,0.000,0,0,67108864,1,0,1,0,1,1
2,final_left_i32,i32,16777216,glibc_t2,P5,12,0,1,92469490.00,32770.0000,0.0000,32202000.0,60274000.0,2.000,134217728.0,0.000,0,0,134217728,2,0,0,0,1,1
2,final_left_i32,i32,16777216,glibc_t2,P6,12,1,1,55031142.00,16385.0000,0.0000,17313000.0,37725000.0,1.000,67108864.0,0.000,0,0,67108864,1,1,0,0,1,1
2,final_left_i32,i32,16777216,glibc_t2,P7,12,2,1,56574934.00,16385.0000,0.0000,22517000.0,34065000.0,1.000,67108864.0,0.000,0,0,67108864,1,0,1,0,1,1
2,final_left_i32,i32,16777216,glibc_t2,FIXED_TWIN,12,3,1,52111008.00,16385.0000,0.0000,8042000.0,44074000.0,1.000,67108864.0,0.000,0,0,67108864,1,0,1,0,1,1
2,final_left_i32,i32,16777216,glibc_t2,P6,13,0,1,59675856.00,16385.0000,0.0000,19859000.0,39811000.0,1.000,67108864.0,0.000,0,0,67108864,1,1,0,0,1,1
2,final_left_i32,i32,16777216,glibc_t2,P7,13,1,1,55639318.00,16385.0000,0.0000,19845000.0,35802000.0,1.000,67108864.0,0.000,0,0,67108864,1,0,1,0,1,1
2,final_left_i32,i32,16777216,glibc_t2,FIXED_TWIN,13,2,1,47415077.00,16385.0000,0.0000,11745000.0,35678000.0,1.000,67108864.0,0.000,0,0,67108864,1,0,1,0,1,1
2,final_left_i32,i32,16777216,glibc_t2,P5,13,3,1,94437569.00,32770.0000,0.0000,23315000.0,71128000.0,2.000,134217728.0,0.000,0,0,134217728,2,0,0,0,1,1
2,final_left_i32,i32,16777216,glibc_t2,P7,14,0,1,46640531.00,16385.0000,0.0000,17146000.0,29502000.0,1.000,67108864.0,0.000,0,0,67108864,1,0,1,0,1,1
2,final_left_i32,i32,16777216,glibc_t2,FIXED_TWIN,14,1,1,47902140.00,16385.0000,0.0000,23963000.0,23948000.0,1.000,67108864.0,0.000,0,0,67108864,1,0,1,0,1,1
2,final_left_i32,i32,16777216,glibc_t2,P5,14,2,1,90306993.00,32770.0000,0.0000,27262000.0,63051000.0,2.000,134217728.0,0.000,0,0,134217728,2,0,0,0,1,1
2,final_left_i32,i32,16777216,glibc_t2,P6,14,3,1,58844708.00,16385.0000,0.0000,33229000.0,25612000.0,1.000,67108864.0,0.000,0,0,67108864,1,1,0,0,1,1
2,chain3_i32,i32,64,glibc_t2,P5,0,0,1000,1564.60,0.0000,0.0000,1569.0,0.0,3.000,768.0,0.000,0,0,256512,3,0,0,0,1,1
2,chain3_i32,i32,64,glibc_t2,P6,0,1,1000,1669.17,0.0000,0.0000,1674.0,0.0,1.000,256.0,0.000,0,0,256000,1,2,0,0,1,1
2,chain3_i32,i32,64,glibc_t2,P7,0,2,1000,1506.35,0.0000,0.0000,1509.0,0.0,1.000,256.0,0.000,0,0,256000,1,1,1,0,1,1
2,chain3_i32,i32,64,glibc_t2,FIXED_TWIN,0,3,1000,1489.28,0.0000,0.0000,1490.0,0.0,1.000,256.0,0.000,0,0,256000,1,1,1,0,1,1
2,chain3_i32,i32,64,glibc_t2,P6,1,0,1000,1534.29,0.0000,0.0000,1537.0,0.0,1.000,256.0,0.000,0,0,256000,1,2,0,0,1,1
2,chain3_i32,i32,64,glibc_t2,P7,1,1,1000,2194.45,0.0000,0.0000,2200.0,0.0,1.000,256.0,0.000,0,0,256000,1,1,1,0,1,1
2,chain3_i32,i32,64,glibc_t2,FIXED_TWIN,1,2,1000,1488.75,0.0000,0.0000,1490.0,0.0,1.000,256.0,0.000,0,0,256000,1,1,1,0,1,1
2,chain3_i32,i32,64,glibc_t2,P5,1,3,1000,1883.55,0.0000,0.0000,1886.0,0.0,3.000,768.0,0.000,0,0,256512,3,0,0,0,1,1
2,chain3_i32,i32,64,glibc_t2,P7,2,0,1000,1794.57,0.0000,0.0000,1801.0,0.0,1.000,256.0,0.000,0,0,256000,1,1,1,0,1,1
2,chain3_i32,i32,64,glibc_t2,FIXED_TWIN,2,1,1000,1458.79,0.0000,0.0000,1461.0,0.0,1.000,256.0,0.000,0,0,256000,1,1,1,0,1,1
2,chain3_i32,i32,64,glibc_t2,P5,2,2,1000,1642.34,0.0000,0.0000,1644.0,0.0,3.000,768.0,0.000,0,0,256512,3,0,0,0,1,1
2,chain3_i32,i32,64,glibc_t2,P6,2,3,1000,1631.12,0.0000,0.0000,1636.0,0.0,1.000,256.0,0.000,0,0,256000,1,2,0,0,1,1
2,chain3_i32,i32,64,glibc_t2,FIXED_TWIN,3,0,1000,1764.94,0.0000,0.0000,1770.0,0.0,1.000,256.0,0.000,0,0,256000,1,1,1,0,1,1
2,chain3_i32,i32,64,glibc_t2,P5,3,1,1000,1630.56,0.0000,0.0000,1632.0,0.0,3.000,768.0,0.000,0,0,256512,3,0,0,0,1,1
2,chain3_i32,i32,64,glibc_t2,P6,3,2,1000,1537.38,0.0000,0.0000,1541.0,0.0,1.000,256.0,0.000,0,0,256000,1,2,0,0,1,1
2,chain3_i32,i32,64,glibc_t2,P7,3,3,1000,1772.01,0.0000,0.0000,1779.0,0.0,1.000,256.0,0.000,0,0,256000,1,1,1,0,1,1
2,chain3_i32,i32,64,glibc_t2,P5,4,0,1000,2495.74,0.0000,0.0000,2501.0,0.0,3.000,768.0,0.000,0,0,256512,3,0,0,0,1,1
2,chain3_i32,i32,64,glibc_t2,P6,4,1,1000,2314.49,0.0000,0.0000,2320.0,0.0,1.000,256.0,0.000,0,0,256000,1,2,0,0,1,1
2,chain3_i32,i32,64,glibc_t2,P7,4,2,1000,1594.52,0.0000,0.0000,1584.0,16.0,1.000,256.0,0.000,0,0,256000,1,1,1,0,1,1
2,chain3_i32,i32,64,glibc_t2,FIXED_TWIN,4,3,1000,1529.20,0.0000,0.0000,1530.0,0.0,1.000,256.0,0.000,0,0,256000,1,1,1,0,1,1
2,chain3_i32,i32,64,glibc_t2,P6,5,0,1000,3243.16,0.0000,0.0000,3251.0,0.0,1.000,256.0,0.000,0,0,256000,1,2,0,0,1,1
2,chain3_i32,i32,64,glibc_t2,P7,5,1,1000,1465.44,0.0000,0.0000,1468.0,0.0,1.000,256.0,0.000,0,0,256000,1,1,1,0,1,1
2,chain3_i32,i32,64,glibc_t2,FIXED_TWIN,5,2,1000,1480.12,0.0000,0.0000,1481.0,0.0,1.000,256.0,0.000,0,0,256000,1,1,1,0,1,1
2,chain3_i32,i32,64,glibc_t2,P5,5,3,1000,2023.41,0.0000,0.0000,2027.0,0.0,3.000,768.0,0.000,0,0,256512,3,0,0,0,1,1
2,chain3_i32,i32,64,glibc_t2,P7,6,0,1000,1564.25,0.0000,0.0000,1568.0,0.0,1.000,256.0,0.000,0,0,256000,1,1,1,0,1,1
2,chain3_i32,i32,64,glibc_t2,FIXED_TWIN,6,1,1000,1559.82,0.0000,0.0000,1561.0,0.0,1.000,256.0,0.000,0,0,256000,1,1,1,0,1,1
2,chain3_i32,i32,64,glibc_t2,P5,6,2,1000,1709.72,0.0000,0.0000,1715.0,0.0,3.000,768.0,0.000,0,0,256512,3,0,0,0,1,1
2,chain3_i32,i32,64,glibc_t2,P6,6,3,1000,1726.23,0.0000,0.0000,1731.0,0.0,1.000,256.0,0.000,0,0,256000,1,2,0,0,1,1
2,chain3_i32,i32,64,glibc_t2,FIXED_TWIN,7,0,1000,1490.30,0.0000,0.0000,1491.0,0.0,1.000,256.0,0.000,0,0,256000,1,1,1,0,1,1
2,chain3_i32,i32,64,glibc_t2,P5,7,1,1000,1707.39,0.0000,0.0000,1711.0,0.0,3.000,768.0,0.000,0,0,256512,3,0,0,0,1,1
2,chain3_i32,i32,64,glibc_t2,P6,7,2,1000,1651.38,0.0000,0.0000,1657.0,0.0,1.000,256.0,0.000,0,0,256000,1,2,0,0,1,1
2,chain3_i32,i32,64,glibc_t2,P7,7,3,1000,1450.23,0.0000,0.0000,1452.0,0.0,1.000,256.0,0.000,0,0,256000,1,1,1,0,1,1
2,chain3_i32,i32,64,glibc_t2,P5,8,0,1000,2085.34,0.0000,0.0000,2089.0,0.0,3.000,768.0,0.000,0,0,256512,3,0,0,0,1,1
2,chain3_i32,i32,64,glibc_t2,P6,8,1,1000,1793.58,0.0000,0.0000,1797.0,0.0,1.000,256.0,0.000,0,0,256000,1,2,0,0,1,1
2,chain3_i32,i32,64,glibc_t2,P7,8,2,1000,1480.57,0.0000,0.0000,1484.0,0.0,1.000,256.0,0.000,0,0,256000,1,1,1,0,1,1
2,chain3_i32,i32,64,glibc_t2,FIXED_TWIN,8,3,1000,1446.25,0.0000,0.0000,1447.0,0.0,1.000,256.0,0.000,0,0,256000,1,1,1,0,1,1
2,chain3_i32,i32,64,glibc_t2,P6,9,0,1000,1525.53,0.0000,0.0000,1529.0,0.0,1.000,256.0,0.000,0,0,256000,1,2,0,0,1,1
2,chain3_i32,i32,64,glibc_t2,P7,9,1,1000,1431.73,0.0000,0.0000,1434.0,0.0,1.000,256.0,0.000,0,0,256000,1,1,1,0,1,1
2,chain3_i32,i32,64,glibc_t2,FIXED_TWIN,9,2,1000,1495.81,0.0000,0.0000,1498.0,0.0,1.000,256.0,0.000,0,0,256000,1,1,1,0,1,1
2,chain3_i32,i32,64,glibc_t2,P5,9,3,1000,2152.36,0.0000,0.0000,2157.0,0.0,3.000,768.0,0.000,0,0,256512,3,0,0,0,1,1
2,chain3_i32,i32,64,glibc_t2,P7,10,0,1000,1518.04,0.0000,0.0000,1520.0,0.0,1.000,256.0,0.000,0,0,256000,1,1,1,0,1,1
2,chain3_i32,i32,64,glibc_t2,FIXED_TWIN,10,1,1000,2914.27,0.0000,0.0000,2916.0,0.0,1.000,256.0,0.000,0,0,256000,1,1,1,0,1,1
2,chain3_i32,i32,64,glibc_t2,P5,10,2,1000,1586.13,0.0000,0.0000,1590.0,0.0,3.000,768.0,0.000,0,0,256512,3,0,0,0,1,1
2,chain3_i32,i32,64,glibc_t2,P6,10,3,1000,1595.43,0.0000,0.0000,1598.0,0.0,1.000,256.0,0.000,0,0,256000,1,2,0,0,1,1
2,chain3_i32,i32,64,glibc_t2,FIXED_TWIN,11,0,1000,1682.87,0.0000,0.0000,1687.0,0.0,1.000,256.0,0.000,0,0,256000,1,1,1,0,1,1
2,chain3_i32,i32,64,glibc_t2,P5,11,1,1000,1869.78,0.0000,0.0000,1873.0,0.0,3.000,768.0,0.000,0,0,256512,3,0,0,0,1,1
2,chain3_i32,i32,64,glibc_t2,P6,11,2,1000,1522.14,0.0000,0.0000,1525.0,0.0,1.000,256.0,0.000,0,0,256000,1,2,0,0,1,1
2,chain3_i32,i32,64,glibc_t2,P7,11,3,1000,1482.77,0.0000,0.0000,1483.0,0.0,1.000,256.0,0.000,0,0,256000,1,1,1,0,1,1
2,chain3_i32,i32,64,glibc_t2,P5,12,0,1000,2185.71,0.0000,0.0000,2191.0,0.0,3.000,768.0,0.000,0,0,256512,3,0,0,0,1,1
2,chain3_i32,i32,64,glibc_t2,P6,12,1,1000,1610.14,0.0000,0.0000,1614.0,0.0,1.000,256.0,0.000,0,0,256000,1,2,0,0,1,1
2,chain3_i32,i32,64,glibc_t2,P7,12,2,1000,1601.09,0.0000,0.0000,1604.0,0.0,1.000,256.0,0.000,0,0,256000,1,1,1,0,1,1
2,chain3_i32,i32,64,glibc_t2,FIXED_TWIN,12,3,1000,1461.50,0.0000,0.0000,1465.0,0.0,1.000,256.0,0.000,0,0,256000,1,1,1,0,1,1
2,chain3_i32,i32,64,glibc_t2,P6,13,0,1000,1538.40,0.0000,0.0000,1541.0,0.0,1.000,256.0,0.000,0,0,256000,1,2,0,0,1,1
2,chain3_i32,i32,64,glibc_t2,P7,13,1,1000,1531.75,0.0000,0.0000,1537.0,0.0,1.000,256.0,0.000,0,0,256000,1,1,1,0,1,1
2,chain3_i32,i32,64,glibc_t2,FIXED_TWIN,13,2,1000,2092.98,0.0000,0.0000,2097.0,0.0,1.000,256.0,0.000,0,0,256000,1,1,1,0,1,1
2,chain3_i32,i32,64,glibc_t2,P5,13,3,1000,1871.52,0.0000,0.0000,1876.0,0.0,3.000,768.0,0.000,0,0,256512,3,0,0,0,1,1
2,chain3_i32,i32,64,glibc_t2,P7,14,0,1000,1700.69,0.0000,0.0000,1704.0,0.0,1.000,256.0,0.000,0,0,256000,1,1,1,0,1,1
2,chain3_i32,i32,64,glibc_t2,FIXED_TWIN,14,1,1000,3517.82,0.0000,0.0000,3524.0,0.0,1.000,256.0,0.000,0,0,256000,1,1,1,0,1,1
2,chain3_i32,i32,64,glibc_t2,P5,14,2,1000,1552.30,0.0000,0.0000,1555.0,0.0,3.000,768.0,0.000,0,0,256512,3,0,0,0,1,1
2,chain3_i32,i32,64,glibc_t2,P6,14,3,1000,1520.37,0.0000,0.0000,1521.0,0.0,1.000,256.0,0.000,0,0,256000,1,2,0,0,1,1
2,chain3_i32,i32,1024,glibc_t2,P5,0,0,1000,4718.50,0.0000,0.0000,4728.0,0.0,3.000,12288.0,0.000,0,0,4104192,3,0,0,0,1,1
2,chain3_i32,i32,1024,glibc_t2,P6,0,1,1000,2001.81,0.0000,0.0000,2005.0,0.0,1.000,4096.0,0.000,0,0,4096000,1,2,0,0,1,1
2,chain3_i32,i32,1024,glibc_t2,P7,0,2,1000,2241.13,0.0000,0.0000,2246.0,0.0,1.000,4096.0,0.000,0,0,4096000,1,1,1,0,1,1
2,chain3_i32,i32,1024,glibc_t2,FIXED_TWIN,0,3,1000,2179.44,0.0000,0.0000,2185.0,0.0,1.000,4096.0,0.000,0,0,4096000,1,1,1,0,1,1
2,chain3_i32,i32,1024,glibc_t2,P6,1,0,1000,1961.46,0.0000,0.0000,1965.0,0.0,1.000,4096.0,0.000,0,0,4096000,1,2,0,0,1,1
2,chain3_i32,i32,1024,glibc_t2,P7,1,1,1000,2245.20,0.0000,0.0000,2251.0,0.0,1.000,4096.0,0.000,0,0,4096000,1,1,1,0,1,1
2,chain3_i32,i32,1024,glibc_t2,FIXED_TWIN,1,2,1000,1925.97,0.0000,0.0000,1931.0,0.0,1.000,4096.0,0.000,0,0,4096000,1,1,1,0,1,1
2,chain3_i32,i32,1024,glibc_t2,P5,1,3,1000,1968.29,0.0000,0.0000,1971.0,0.0,3.000,12288.0,0.000,0,0,4104192,3,0,0,0,1,1
2,chain3_i32,i32,1024,glibc_t2,P7,2,0,1000,2149.76,0.0000,0.0000,2156.0,0.0,1.000,4096.0,0.000,0,0,4096000,1,1,1,0,1,1
2,chain3_i32,i32,1024,glibc_t2,FIXED_TWIN,2,1,1000,1788.91,0.0000,0.0000,1791.0,0.0,1.000,4096.0,0.000,0,0,4096000,1,1,1,0,1,1
2,chain3_i32,i32,1024,glibc_t2,P5,2,2,1000,2689.10,0.0000,0.0000,2695.0,0.0,3.000,12288.0,0.000,0,0,4104192,3,0,0,0,1,1
2,chain3_i32,i32,1024,glibc_t2,P6,2,3,1000,1996.66,0.0000,0.0000,2001.0,0.0,1.000,4096.0,0.000,0,0,4096000,1,2,0,0,1,1
2,chain3_i32,i32,1024,glibc_t2,FIXED_TWIN,3,0,1000,1989.82,0.0000,0.0000,1995.0,0.0,1.000,4096.0,0.000,0,0,4096000,1,1,1,0,1,1
2,chain3_i32,i32,1024,glibc_t2,P5,3,1,1000,2391.11,0.0000,0.0000,2397.0,0.0,3.000,12288.0,0.000,0,0,4104192,3,0,0,0,1,1
2,chain3_i32,i32,1024,glibc_t2,P6,3,2,1000,1894.41,0.0000,0.0000,1899.0,0.0,1.000,4096.0,0.000,0,0,4096000,1,2,0,0,1,1
2,chain3_i32,i32,1024,glibc_t2,P7,3,3,1000,2205.49,0.0000,0.0000,2210.0,0.0,1.000,4096.0,0.000,0,0,4096000,1,1,1,0,1,1
2,chain3_i32,i32,1024,glibc_t2,P5,4,0,1000,2355.64,0.0000,0.0000,2361.0,0.0,3.000,12288.0,0.000,0,0,4104192,3,0,0,0,1,1
2,chain3_i32,i32,1024,glibc_t2,P6,4,1,1000,1916.12,0.0000,0.0000,1919.0,0.0,1.000,4096.0,0.000,0,0,4096000,1,2,0,0,1,1
2,chain3_i32,i32,1024,glibc_t2,P7,4,2,1000,1853.43,0.0000,0.0000,1858.0,0.0,1.000,4096.0,0.000,0,0,4096000,1,1,1,0,1,1
2,chain3_i32,i32,1024,glibc_t2,FIXED_TWIN,4,3,1000,1869.92,0.0000,0.0000,1871.0,0.0,1.000,4096.0,0.000,0,0,4096000,1,1,1,0,1,1
2,chain3_i32,i32,1024,glibc_t2,P6,5,0,1000,3407.24,0.0000,0.0000,3413.0,0.0,1.000,4096.0,0.000,0,0,4096000,1,2,0,0,1,1
2,chain3_i32,i32,1024,glibc_t2,P7,5,1,1000,1855.47,0.0000,0.0000,1860.0,0.0,1.000,4096.0,0.000,0,0,4096000,1,1,1,0,1,1
2,chain3_i32,i32,1024,glibc_t2,FIXED_TWIN,5,2,1000,1851.27,0.0000,0.0000,1856.0,0.0,1.000,4096.0,0.000,0,0,4096000,1,1,1,0,1,1
2,chain3_i32,i32,1024,glibc_t2,P5,5,3,1000,2104.60,0.0000,0.0000,2110.0,0.0,3.000,12288.0,0.000,0,0,4104192,3,0,0,0,1,1
2,chain3_i32,i32,1024,glibc_t2,P7,6,0,1000,1903.30,0.0000,0.0000,1907.0,0.0,1.000,4096.0,0.000,0,0,4096000,1,1,1,0,1,1
2,chain3_i32,i32,1024,glibc_t2,FIXED_TWIN,6,1,1000,2096.47,0.0000,0.0000,2102.0,0.0,1.000,4096.0,0.000,0,0,4096000,1,1,1,0,1,1
2,chain3_i32,i32,1024,glibc_t2,P5,6,2,1000,2104.08,0.0000,0.0000,2108.0,0.0,3.000,12288.0,0.000,0,0,4104192,3,0,0,0,1,1
2,chain3_i32,i32,1024,glibc_t2,P6,6,3,1000,3554.93,0.0000,0.0000,3560.0,0.0,1.000,4096.0,0.000,0,0,4096000,1,2,0,0,1,1
2,chain3_i32,i32,1024,glibc_t2,FIXED_TWIN,7,0,1000,1872.83,0.0000,0.0000,1877.0,0.0,1.000,4096.0,0.000,0,0,4096000,1,1,1,0,1,1
2,chain3_i32,i32,1024,glibc_t2,P5,7,1,1000,2148.36,0.0000,0.0000,2154.0,0.0,3.000,12288.0,0.000,0,0,4104192,3,0,0,0,1,1
2,chain3_i32,i32,1024,glibc_t2,P6,7,2,1000,1988.74,0.0000,0.0000,1993.0,0.0,1.000,4096.0,0.000,0,0,4096000,1,2,0,0,1,1
2,chain3_i32,i32,1024,glibc_t2,P7,7,3,1000,1821.34,0.0000,0.0000,1824.0,0.0,1.000,4096.0,0.000,0,0,4096000,1,1,1,0,1,1
2,chain3_i32,i32,1024,glibc_t2,P5,8,0,1000,2198.69,0.0000,0.0000,2203.0,0.0,3.000,12288.0,0.000,0,0,4104192,3,0,0,0,1,1
2,chain3_i32,i32,1024,glibc_t2,P6,8,1,1000,1914.96,0.0000,0.0000,1919.0,0.0,1.000,4096.0,0.000,0,0,4096000,1,2,0,0,1,1
2,chain3_i32,i32,1024,glibc_t2,P7,8,2,1000,1796.04,0.0000,0.0000,1800.0,0.0,1.000,4096.0,0.000,0,0,4096000,1,1,1,0,1,1
2,chain3_i32,i32,1024,glibc_t2,FIXED_TWIN,8,3,1000,1859.39,0.0000,0.0000,1863.0,0.0,1.000,4096.0,0.000,0,0,4096000,1,1,1,0,1,1
2,chain3_i32,i32,1024,glibc_t2,P6,9,0,1000,1995.96,0.0000,0.0000,2001.0,0.0,1.000,4096.0,0.000,0,0,4096000,1,2,0,0,1,1
2,chain3_i32,i32,1024,glibc_t2,P7,9,1,1000,2444.84,0.0000,0.0000,2449.0,0.0,1.000,4096.0,0.000,0,0,4096000,1,1,1,0,1,1
2,chain3_i32,i32,1024,glibc_t2,FIXED_TWIN,9,2,1000,2020.53,0.0000,0.0000,2026.0,0.0,1.000,4096.0,0.000,0,0,4096000,1,1,1,0,1,1
2,chain3_i32,i32,1024,glibc_t2,P5,9,3,1000,1967.94,0.0000,0.0000,1970.0,0.0,3.000,12288.0,0.000,0,0,4104192,3,0,0,0,1,1
2,chain3_i32,i32,1024,glibc_t2,P7,10,0,1000,1959.38,0.0000,0.0000,1966.0,0.0,1.000,4096.0,0.000,0,0,4096000,1,1,1,0,1,1
2,chain3_i32,i32,1024,glibc_t2,FIXED_TWIN,10,1,1000,1821.00,0.0000,0.0000,1825.0,0.0,1.000,4096.0,0.000,0,0,4096000,1,1,1,0,1,1
2,chain3_i32,i32,1024,glibc_t2,P5,10,2,1000,2704.04,0.0000,0.0000,2709.0,0.0,3.000,12288.0,0.000,0,0,4104192,3,0,0,0,1,1
2,chain3_i32,i32,1024,glibc_t2,P6,10,3,1000,2053.87,0.0000,0.0000,2042.0,0.0,1.000,4096.0,0.000,0,0,4096000,1,2,0,0,1,1
2,chain3_i32,i32,1024,glibc_t2,FIXED_TWIN,11,0,1000,2260.46,0.0000,0.0000,2264.0,0.0,1.000,4096.0,0.000,0,0,4096000,1,1,1,0,1,1
2,chain3_i32,i32,1024,glibc_t2,P5,11,1,1000,2169.66,0.0000,0.0000,2173.0,0.0,3.000,12288.0,0.000,0,0,4104192,3,0,0,0,1,1
2,chain3_i32,i32,1024,glibc_t2,P6,11,2,1000,2096.87,0.0000,0.0000,2101.0,0.0,1.000,4096.0,0.000,0,0,4096000,1,2,0,0,1,1
2,chain3_i32,i32,1024,glibc_t2,P7,11,3,1000,3047.95,0.0000,0.0000,3053.0,0.0,1.000,4096.0,0.000,0,0,4096000,1,1,1,0,1,1
2,chain3_i32,i32,1024,glibc_t2,P5,12,0,1000,2345.17,0.0000,0.0000,2351.0,0.0,3.000,12288.0,0.000,0,0,4104192,3,0,0,0,1,1
2,chain3_i32,i32,1024,glibc_t2,P6,12,1,1000,2669.80,0.0000,0.0000,2673.0,0.0,1.000,4096.0,0.000,0,0,4096000,1,2,0,0,1,1
2,chain3_i32,i32,1024,glibc_t2,P7,12,2,1000,1845.19,0.0000,0.0000,1849.0,0.0,1.000,4096.0,0.000,0,0,4096000,1,1,1,0,1,1
2,chain3_i32,i32,1024,glibc_t2,FIXED_TWIN,12,3,1000,1999.12,0.0000,0.0000,2005.0,0.0,1.000,4096.0,0.000,0,0,4096000,1,1,1,0,1,1
2,chain3_i32,i32,1024,glibc_t2,P6,13,0,1000,2030.01,0.0000,0.0000,2034.0,0.0,1.000,4096.0,0.000,0,0,4096000,1,2,0,0,1,1
2,chain3_i32,i32,1024,glibc_t2,P7,13,1,1000,1854.00,0.0000,0.0000,1857.0,0.0,1.000,4096.0,0.000,0,0,4096000,1,1,1,0,1,1
2,chain3_i32,i32,1024,glibc_t2,FIXED_TWIN,13,2,1000,1831.10,0.0000,0.0000,1837.0,0.0,1.000,4096.0,0.000,0,0,4096000,1,1,1,0,1,1
2,chain3_i32,i32,1024,glibc_t2,P5,13,3,1000,2088.20,0.0000,0.0000,2093.0,0.0,3.000,12288.0,0.000,0,0,4104192,3,0,0,0,1,1
2,chain3_i32,i32,1024,glibc_t2,P7,14,0,1000,2143.77,0.0000,0.0000,2149.0,0.0,1.000,4096.0,0.000,0,0,4096000,1,1,1,0,1,1
2,chain3_i32,i32,1024,glibc_t2,FIXED_TWIN,14,1,1000,2302.54,0.0000,0.0000,2309.0,0.0,1.000,4096.0,0.000,0,0,4096000,1,1,1,0,1,1
2,chain3_i32,i32,1024,glibc_t2,P5,14,2,1000,2123.72,0.0000,0.0000,2128.0,0.0,3.000,12288.0,0.000,0,0,4104192,3,0,0,0,1,1
2,chain3_i32,i32,1024,glibc_t2,P6,14,3,1000,2073.31,0.0000,0.0000,2078.0,0.0,1.000,4096.0,0.000,0,0,4096000,1,2,0,0,1,1
2,chain3_i32,i32,4096,glibc_t2,P5,0,0,1,2241.00,0.0000,0.0000,4000.0,0.0,3.000,49152.0,0.000,0,0,49152,3,0,0,0,1,1
2,chain3_i32,i32,4096,glibc_t2,P6,0,1,1,1947.00,0.0000,0.0000,3000.0,0.0,1.000,16384.0,0.000,0,0,16384,1,2,0,0,1,1
2,chain3_i32,i32,4096,glibc_t2,P7,0,2,1,1802.00,0.0000,0.0000,2000.0,0.0,1.000,16384.0,0.000,0,0,16384,1,1,1,0,1,1
2,chain3_i32,i32,4096,glibc_t2,FIXED_TWIN,0,3,1,1795.00,0.0000,0.0000,2000.0,0.0,1.000,16384.0,0.000,0,0,16384,1,1,1,0,1,1
2,chain3_i32,i32,4096,glibc_t2,P6,1,0,1,1921.00,0.0000,0.0000,2000.0,0.0,1.000,16384.0,0.000,0,0,16384,1,2,0,0,1,1
2,chain3_i32,i32,4096,glibc_t2,P7,1,1,1,1790.00,0.0000,0.0000,3000.0,0.0,1.000,16384.0,0.000,0,0,16384,1,1,1,0,1,1
2,chain3_i32,i32,4096,glibc_t2,FIXED_TWIN,1,2,1,1760.00,0.0000,0.0000,2000.0,0.0,1.000,16384.0,0.000,0,0,16384,1,1,1,0,1,1
2,chain3_i32,i32,4096,glibc_t2,P5,1,3,1,2248.00,0.0000,0.0000,2000.0,0.0,3.000,49152.0,0.000,0,0,49152,3,0,0,0,1,1
2,chain3_i32,i32,4096,glibc_t2,P7,2,0,1,1762.00,0.0000,0.0000,2000.0,0.0,1.000,16384.0,0.000,0,0,16384,1,1,1,0,1,1
2,chain3_i32,i32,4096,glibc_t2,FIXED_TWIN,2,1,1,2444.00,0.0000,0.0000,3000.0,0.0,1.000,16384.0,0.000,0,0,16384,1,1,1,0,1,1
2,chain3_i32,i32,4096,glibc_t2,P5,2,2,1,2305.00,0.0000,0.0000,3000.0,0.0,3.000,49152.0,0.000,0,0,49152,3,0,0,0,1,1
2,chain3_i32,i32,4096,glibc_t2,P6,2,3,1,1943.00,0.0000,0.0000,2000.0,0.0,1.000,16384.0,0.000,0,0,16384,1,2,0,0,1,1
2,chain3_i32,i32,4096,glibc_t2,FIXED_TWIN,3,0,1,1825.00,0.0000,0.0000,3000.0,0.0,1.000,16384.0,0.000,0,0,16384,1,1,1,0,1,1
2,chain3_i32,i32,4096,glibc_t2,P5,3,1,1,2191.00,0.0000,0.0000,3000.0,0.0,3.000,49152.0,0.000,0,0,49152,3,0,0,0,1,1
2,chain3_i32,i32,4096,glibc_t2,P6,3,2,1,2774.00,0.0000,0.0000,3000.0,0.0,1.000,16384.0,0.000,0,0,16384,1,2,0,0,1,1
2,chain3_i32,i32,4096,glibc_t2,P7,3,3,1,1822.00,0.0000,0.0000,3000.0,0.0,1.000,16384.0,0.000,0,0,16384,1,1,1,0,1,1
2,chain3_i32,i32,4096,glibc_t2,P5,4,0,1,2124.00,0.0000,0.0000,3000.0,0.0,3.000,49152.0,0.000,0,0,49152,3,0,0,0,1,1
2,chain3_i32,i32,4096,glibc_t2,P6,4,1,1,1940.00,0.0000,0.0000,2000.0,0.0,1.000,16384.0,0.000,0,0,16384,1,2,0,0,1,1
2,chain3_i32,i32,4096,glibc_t2,P7,4,2,1,1776.00,0.0000,0.0000,2000.0,0.0,1.000,16384.0,0.000,0,0,16384,1,1,1,0,1,1
2,chain3_i32,i32,4096,glibc_t2,FIXED_TWIN,4,3,1,1782.00,0.0000,0.0000,2000.0,0.0,1.000,16384.0,0.000,0,0,16384,1,1,1,0,1,1
2,chain3_i32,i32,4096,glibc_t2,P6,5,0,1,1864.00,0.0000,0.0000,3000.0,0.0,1.000,16384.0,0.000,0,0,16384,1,2,0,0,1,1
2,chain3_i32,i32,4096,glibc_t2,P7,5,1,1,1782.00,0.0000,0.0000,2000.0,0.0,1.000,16384.0,0.000,0,0,16384,1,1,1,0,1,1
2,chain3_i32,i32,4096,glibc_t2,FIXED_TWIN,5,2,1,1797.00,0.0000,0.0000,2000.0,0.0,1.000,16384.0,0.000,0,0,16384,1,1,1,0,1,1
2,chain3_i32,i32,4096,glibc_t2,P5,5,3,1,2174.00,0.0000,0.0000,2000.0,0.0,3.000,49152.0,0.000,0,0,49152,3,0,0,0,1,1
2,chain3_i32,i32,4096,glibc_t2,P7,6,0,1,1751.00,0.0000,0.0000,2000.0,0.0,1.000,16384.0,0.000,0,0,16384,1,1,1,0,1,1
2,chain3_i32,i32,4096,glibc_t2,FIXED_TWIN,6,1,1,1767.00,0.0000,0.0000,2000.0,0.0,1.000,16384.0,0.000,0,0,16384,1,1,1,0,1,1
2,chain3_i32,i32,4096,glibc_t2,P5,6,2,1,2150.00,0.0000,0.0000,3000.0,0.0,3.000,49152.0,0.000,0,0,49152,3,0,0,0,1,1
2,chain3_i32,i32,4096,glibc_t2,P6,6,3,1,1921.00,0.0000,0.0000,2000.0,0.0,1.000,16384.0,0.000,0,0,16384,1,2,0,0,1,1
2,chain3_i32,i32,4096,glibc_t2,FIXED_TWIN,7,0,1,1790.00,0.0000,0.0000,2000.0,0.0,1.000,16384.0,0.000,0,0,16384,1,1,1,0,1,1
2,chain3_i32,i32,4096,glibc_t2,P5,7,1,1,2201.00,0.0000,0.0000,2000.0,0.0,3.000,49152.0,0.000,0,0,49152,3,0,0,0,1,1
2,chain3_i32,i32,4096,glibc_t2,P6,7,2,1,1934.00,0.0000,0.0000,2000.0,0.0,1.000,16384.0,0.000,0,0,16384,1,2,0,0,1,1
2,chain3_i32,i32,4096,glibc_t2,P7,7,3,1,1791.00,0.0000,0.0000,3000.0,0.0,1.000,16384.0,0.000,0,0,16384,1,1,1,0,1,1
2,chain3_i32,i32,4096,glibc_t2,P5,8,0,1,2196.00,0.0000,0.0000,3000.0,0.0,3.000,49152.0,0.000,0,0,49152,3,0,0,0,1,1
2,chain3_i32,i32,4096,glibc_t2,P6,8,1,1,1930.00,0.0000,0.0000,2000.0,0.0,1.000,16384.0,0.000,0,0,16384,1,2,0,0,1,1
2,chain3_i32,i32,4096,glibc_t2,P7,8,2,1,1789.00,0.0000,0.0000,3000.0,0.0,1.000,16384.0,0.000,0,0,16384,1,1,1,0,1,1
2,chain3_i32,i32,4096,glibc_t2,FIXED_TWIN,8,3,1,1780.00,0.0000,0.0000,2000.0,0.0,1.000,16384.0,0.000,0,0,16384,1,1,1,0,1,1
2,chain3_i32,i32,4096,glibc_t2,P6,9,0,1,1939.00,0.0000,0.0000,3000.0,0.0,1.000,16384.0,0.000,0,0,16384,1,2,0,0,1,1
2,chain3_i32,i32,4096,glibc_t2,P7,9,1,1,1789.00,0.0000,0.0000,2000.0,0.0,1.000,16384.0,0.000,0,0,16384,1,1,1,0,1,1
2,chain3_i32,i32,4096,glibc_t2,FIXED_TWIN,9,2,1,1789.00,0.0000,0.0000,2000.0,0.0,1.000,16384.0,0.000,0,0,16384,1,1,1,0,1,1
2,chain3_i32,i32,4096,glibc_t2,P5,9,3,1,2211.00,0.0000,0.0000,3000.0,0.0,3.000,49152.0,0.000,0,0,49152,3,0,0,0,1,1
2,chain3_i32,i32,4096,glibc_t2,P7,10,0,1,1760.00,0.0000,0.0000,2000.0,0.0,1.000,16384.0,0.000,0,0,16384,1,1,1,0,1,1
2,chain3_i32,i32,4096,glibc_t2,FIXED_TWIN,10,1,1,1744.00,0.0000,0.0000,3000.0,0.0,1.000,16384.0,0.000,0,0,16384,1,1,1,0,1,1
2,chain3_i32,i32,4096,glibc_t2,P5,10,2,1,2241.00,0.0000,0.0000,3000.0,0.0,3.000,49152.0,0.000,0,0,49152,3,0,0,0,1,1
2,chain3_i32,i32,4096,glibc_t2,P6,10,3,1,1922.00,0.0000,0.0000,2000.0,0.0,1.000,16384.0,0.000,0,0,16384,1,2,0,0,1,1
2,chain3_i32,i32,4096,glibc_t2,FIXED_TWIN,11,0,1,1798.00,0.0000,0.0000,34000.0,0.0,1.000,16384.0,0.000,0,0,16384,1,1,1,0,1,1
2,chain3_i32,i32,4096,glibc_t2,P5,11,1,1,2249.00,0.0000,0.0000,3000.0,0.0,3.000,49152.0,0.000,0,0,49152,3,0,0,0,1,1
2,chain3_i32,i32,4096,glibc_t2,P6,11,2,1,2015.00,0.0000,0.0000,3000.0,0.0,1.000,16384.0,0.000,0,0,16384,1,2,0,0,1,1
2,chain3_i32,i32,4096,glibc_t2,P7,11,3,1,1796.00,0.0000,0.0000,2000.0,0.0,1.000,16384.0,0.000,0,0,16384,1,1,1,0,1,1
2,chain3_i32,i32,4096,glibc_t2,P5,12,0,1,2198.00,0.0000,0.0000,2000.0,0.0,3.000,49152.0,0.000,0,0,49152,3,0,0,0,1,1
2,chain3_i32,i32,4096,glibc_t2,P6,12,1,1,1988.00,0.0000,0.0000,3000.0,0.0,1.000,16384.0,0.000,0,0,16384,1,2,0,0,1,1
2,chain3_i32,i32,4096,glibc_t2,P7,12,2,1,1782.00,0.0000,0.0000,2000.0,0.0,1.000,16384.0,0.000,0,0,16384,1,1,1,0,1,1
2,chain3_i32,i32,4096,glibc_t2,FIXED_TWIN,12,3,1,1788.00,0.0000,0.0000,2000.0,0.0,1.000,16384.0,0.000,0,0,16384,1,1,1,0,1,1
2,chain3_i32,i32,4096,glibc_t2,P6,13,0,1,1877.00,0.0000,0.0000,3000.0,0.0,1.000,16384.0,0.000,0,0,16384,1,2,0,0,1,1
2,chain3_i32,i32,4096,glibc_t2,P7,13,1,1,1773.00,0.0000,0.0000,2000.0,0.0,1.000,16384.0,0.000,0,0,16384,1,1,1,0,1,1
2,chain3_i32,i32,4096,glibc_t2,FIXED_TWIN,13,2,1,1768.00,0.0000,0.0000,2000.0,0.0,1.000,16384.0,0.000,0,0,16384,1,1,1,0,1,1
2,chain3_i32,i32,4096,glibc_t2,P5,13,3,1,2145.00,0.0000,0.0000,3000.0,0.0,3.000,49152.0,0.000,0,0,49152,3,0,0,0,1,1
2,chain3_i32,i32,4096,glibc_t2,P7,14,0,1,1793.00,0.0000,0.0000,2000.0,0.0,1.000,16384.0,0.000,0,0,16384,1,1,1,0,1,1
2,chain3_i32,i32,4096,glibc_t2,FIXED_TWIN,14,1,1,1761.00,0.0000,0.0000,2000.0,0.0,1.000,16384.0,0.000,0,0,16384,1,1,1,0,1,1
2,chain3_i32,i32,4096,glibc_t2,P5,14,2,1,2229.00,0.0000,0.0000,3000.0,0.0,3.000,49152.0,0.000,0,0,49152,3,0,0,0,1,1
2,chain3_i32,i32,4096,glibc_t2,P6,14,3,1,1927.00,0.0000,0.0000,2000.0,0.0,1.000,16384.0,0.000,0,0,16384,1,2,0,0,1,1
2,chain3_i32,i32,16384,glibc_t2,P5,0,0,1,7046.00,0.0000,0.0000,8000.0,0.0,3.000,196608.0,0.000,0,0,196608,3,0,0,0,1,1
2,chain3_i32,i32,16384,glibc_t2,P6,0,1,1,6710.00,0.0000,0.0000,8000.0,0.0,1.000,65536.0,0.000,0,0,65536,1,2,0,0,1,1
2,chain3_i32,i32,16384,glibc_t2,P7,0,2,1,5935.00,0.0000,0.0000,6000.0,0.0,1.000,65536.0,0.000,0,0,65536,1,1,1,0,1,1
2,chain3_i32,i32,16384,glibc_t2,FIXED_TWIN,0,3,1,5864.00,0.0000,0.0000,6000.0,0.0,1.000,65536.0,0.000,0,0,65536,1,1,1,0,1,1
2,chain3_i32,i32,16384,glibc_t2,P6,1,0,1,6693.00,0.0000,0.0000,7000.0,0.0,1.000,65536.0,0.000,0,0,65536,1,2,0,0,1,1
2,chain3_i32,i32,16384,glibc_t2,P7,1,1,1,5887.00,0.0000,0.0000,6000.0,0.0,1.000,65536.0,0.000,0,0,65536,1,1,1,0,1,1
2,chain3_i32,i32,16384,glibc_t2,FIXED_TWIN,1,2,1,5840.00,0.0000,0.0000,7000.0,0.0,1.000,65536.0,0.000,0,0,65536,1,1,1,0,1,1
2,chain3_i32,i32,16384,glibc_t2,P5,1,3,1,6969.00,0.0000,0.0000,7000.0,0.0,3.000,196608.0,0.000,0,0,196608,3,0,0,0,1,1
2,chain3_i32,i32,16384,glibc_t2,P7,2,0,1,5969.00,0.0000,0.0000,6000.0,0.0,1.000,65536.0,0.000,0,0,65536,1,1,1,0,1,1
2,chain3_i32,i32,16384,glibc_t2,FIXED_TWIN,2,1,1,5895.00,0.0000,0.0000,6000.0,0.0,1.000,65536.0,0.000,0,0,65536,1,1,1,0,1,1
2,chain3_i32,i32,16384,glibc_t2,P5,2,2,1,6939.00,0.0000,0.0000,7000.0,0.0,3.000,196608.0,0.000,0,0,196608,3,0,0,0,1,1
2,chain3_i32,i32,16384,glibc_t2,P6,2,3,1,6707.00,0.0000,0.0000,7000.0,0.0,1.000,65536.0,0.000,0,0,65536,1,2,0,0,1,1
2,chain3_i32,i32,16384,glibc_t2,FIXED_TWIN,3,0,1,5934.00,0.0000,0.0000,6000.0,0.0,1.000,65536.0,0.000,0,0,65536,1,1,1,0,1,1
2,chain3_i32,i32,16384,glibc_t2,P5,3,1,1,6897.00,0.0000,0.0000,7000.0,0.0,3.000,196608.0,0.000,0,0,196608,3,0,0,0,1,1
2,chain3_i32,i32,16384,glibc_t2,P6,3,2,1,6718.00,0.0000,0.0000,7000.0,0.0,1.000,65536.0,0.000,0,0,65536,1,2,0,0,1,1
2,chain3_i32,i32,16384,glibc_t2,P7,3,3,1,5890.00,0.0000,0.0000,7000.0,0.0,1.000,65536.0,0.000,0,0,65536,1,1,1,0,1,1
2,chain3_i32,i32,16384,glibc_t2,P5,4,0,1,6909.00,0.0000,0.0000,8000.0,0.0,3.000,196608.0,0.000,0,0,196608,3,0,0,0,1,1
2,chain3_i32,i32,16384,glibc_t2,P6,4,1,1,6707.00,0.0000,0.0000,7000.0,0.0,1.000,65536.0,0.000,0,0,65536,1,2,0,0,1,1
2,chain3_i32,i32,16384,glibc_t2,P7,4,2,1,5887.00,0.0000,0.0000,6000.0,0.0,1.000,65536.0,0.000,0,0,65536,1,1,1,0,1,1
2,chain3_i32,i32,16384,glibc_t2,FIXED_TWIN,4,3,1,10515.00,0.0000,0.0000,15000.0,0.0,1.000,65536.0,0.000,0,0,65536,1,1,1,0,1,1
2,chain3_i32,i32,16384,glibc_t2,P6,5,0,1,6819.00,0.0000,0.0000,7000.0,0.0,1.000,65536.0,0.000,0,0,65536,1,2,0,0,1,1
2,chain3_i32,i32,16384,glibc_t2,P7,5,1,1,5883.00,0.0000,0.0000,6000.0,0.0,1.000,65536.0,0.000,0,0,65536,1,1,1,0,1,1
2,chain3_i32,i32,16384,glibc_t2,FIXED_TWIN,5,2,1,5853.00,0.0000,0.0000,6000.0,0.0,1.000,65536.0,0.000,0,0,65536,1,1,1,0,1,1
2,chain3_i32,i32,16384,glibc_t2,P5,5,3,1,7086.00,0.0000,0.0000,8000.0,0.0,3.000,196608.0,0.000,0,0,196608,3,0,0,0,1,1
2,chain3_i32,i32,16384,glibc_t2,P7,6,0,1,5964.00,0.0000,0.0000,6000.0,0.0,1.000,65536.0,0.000,0,0,65536,1,1,1,0,1,1
2,chain3_i32,i32,16384,glibc_t2,FIXED_TWIN,6,1,1,50461.00,0.0000,0.0000,52000.0,0.0,1.000,65536.0,0.000,0,0,65536,1,1,1,0,1,1
2,chain3_i32,i32,16384,glibc_t2,P5,6,2,1,7011.00,0.0000,0.0000,7000.0,0.0,3.000,196608.0,0.000,0,0,196608,3,0,0,0,1,1
2,chain3_i32,i32,16384,glibc_t2,P6,6,3,1,6790.00,0.0000,0.0000,8000.0,0.0,1.000,65536.0,0.000,0,0,65536,1,2,0,0,1,1
2,chain3_i32,i32,16384,glibc_t2,FIXED_TWIN,7,0,1,6711.00,0.0000,0.0000,7000.0,0.0,1.000,65536.0,0.000,0,0,65536,1,1,1,0,1,1
2,chain3_i32,i32,16384,glibc_t2,P5,7,1,1,13059.00,0.0000,0.0000,14000.0,0.0,3.000,196608.0,0.000,0,0,196608,3,0,0,0,1,1
2,chain3_i32,i32,16384,glibc_t2,P6,7,2,1,6725.00,0.0000,0.0000,7000.0,0.0,1.000,65536.0,0.000,0,0,65536,1,2,0,0,1,1
2,chain3_i32,i32,16384,glibc_t2,P7,7,3,1,5906.00,0.0000,0.0000,6000.0,0.0,1.000,65536.0,0.000,0,0,65536,1,1,1,0,1,1
2,chain3_i32,i32,16384,glibc_t2,P5,8,0,1,7090.00,0.0000,0.0000,8000.0,0.0,3.000,196608.0,0.000,0,0,196608,3,0,0,0,1,1
2,chain3_i32,i32,16384,glibc_t2,P6,8,1,1,6697.00,0.0000,0.0000,7000.0,0.0,1.000,65536.0,0.000,0,0,65536,1,2,0,0,1,1
2,chain3_i32,i32,16384,glibc_t2,P7,8,2,1,5902.00,0.0000,0.0000,6000.0,0.0,1.000,65536.0,0.000,0,0,65536,1,1,1,0,1,1
2,chain3_i32,i32,16384,glibc_t2,FIXED_TWIN,8,3,1,5846.00,0.0000,0.0000,6000.0,0.0,1.000,65536.0,0.000,0,0,65536,1,1,1,0,1,1
2,chain3_i32,i32,16384,glibc_t2,P6,9,0,1,7645.00,0.0000,0.0000,8000.0,0.0,1.000,65536.0,0.000,0,0,65536,1,2,0,0,1,1
2,chain3_i32,i32,16384,glibc_t2,P7,9,1,1,5897.00,0.0000,0.0000,6000.0,0.0,1.000,65536.0,0.000,0,0,65536,1,1,1,0,1,1
2,chain3_i32,i32,16384,glibc_t2,FIXED_TWIN,9,2,1,6055.00,0.0000,0.0000,6000.0,0.0,1.000,65536.0,0.000,0,0,65536,1,1,1,0,1,1
2,chain3_i32,i32,16384,glibc_t2,P5,9,3,1,7123.00,0.0000,0.0000,8000.0,0.0,3.000,196608.0,0.000,0,0,196608,3,0,0,0,1,1
2,chain3_i32,i32,16384,glibc_t2,P7,10,0,1,6054.00,0.0000,0.0000,6000.0,0.0,1.000,65536.0,0.000,0,0,65536,1,1,1,0,1,1
2,chain3_i32,i32,16384,glibc_t2,FIXED_TWIN,10,1,1,5899.00,0.0000,0.0000,7000.0,0.0,1.000,65536.0,0.000,0,0,65536,1,1,1,0,1,1
2,chain3_i32,i32,16384,glibc_t2,P5,10,2,1,6922.00,0.0000,0.0000,7000.0,0.0,3.000,196608.0,0.000,0,0,196608,3,0,0,0,1,1
2,chain3_i32,i32,16384,glibc_t2,P6,10,3,1,6746.00,0.0000,0.0000,7000.0,0.0,1.000,65536.0,0.000,0,0,65536,1,2,0,0,1,1
2,chain3_i32,i32,16384,glibc_t2,FIXED_TWIN,11,0,1,5949.00,0.0000,0.0000,7000.0,0.0,1.000,65536.0,0.000,0,0,65536,1,1,1,0,1,1
2,chain3_i32,i32,16384,glibc_t2,P5,11,1,1,7056.00,0.0000,0.0000,8000.0,0.0,3.000,196608.0,0.000,0,0,196608,3,0,0,0,1,1
2,chain3_i32,i32,16384,glibc_t2,P6,11,2,1,6733.00,0.0000,0.0000,7000.0,0.0,1.000,65536.0,0.000,0,0,65536,1,2,0,0,1,1
2,chain3_i32,i32,16384,glibc_t2,P7,11,3,1,5877.00,0.0000,0.0000,6000.0,0.0,1.000,65536.0,0.000,0,0,65536,1,1,1,0,1,1
2,chain3_i32,i32,16384,glibc_t2,P5,12,0,1,6974.00,0.0000,0.0000,8000.0,0.0,3.000,196608.0,0.000,0,0,196608,3,0,0,0,1,1
2,chain3_i32,i32,16384,glibc_t2,P6,12,1,1,6678.00,0.0000,0.0000,7000.0,0.0,1.000,65536.0,0.000,0,0,65536,1,2,0,0,1,1
2,chain3_i32,i32,16384,glibc_t2,P7,12,2,1,5868.00,0.0000,0.0000,6000.0,0.0,1.000,65536.0,0.000,0,0,65536,1,1,1,0,1,1
2,chain3_i32,i32,16384,glibc_t2,FIXED_TWIN,12,3,1,6039.00,0.0000,0.0000,6000.0,0.0,1.000,65536.0,0.000,0,0,65536,1,1,1,0,1,1
2,chain3_i32,i32,16384,glibc_t2,P6,13,0,1,6686.00,0.0000,0.0000,8000.0,0.0,1.000,65536.0,0.000,0,0,65536,1,2,0,0,1,1
2,chain3_i32,i32,16384,glibc_t2,P7,13,1,1,5914.00,0.0000,0.0000,6000.0,0.0,1.000,65536.0,0.000,0,0,65536,1,1,1,0,1,1
2,chain3_i32,i32,16384,glibc_t2,FIXED_TWIN,13,2,1,5834.00,0.0000,0.0000,6000.0,0.0,1.000,65536.0,0.000,0,0,65536,1,1,1,0,1,1
2,chain3_i32,i32,16384,glibc_t2,P5,13,3,1,7094.00,0.0000,0.0000,8000.0,0.0,3.000,196608.0,0.000,0,0,196608,3,0,0,0,1,1
2,chain3_i32,i32,16384,glibc_t2,P7,14,0,1,6033.00,0.0000,0.0000,7000.0,0.0,1.000,65536.0,0.000,0,0,65536,1,1,1,0,1,1
2,chain3_i32,i32,16384,glibc_t2,FIXED_TWIN,14,1,1,6437.00,0.0000,0.0000,7000.0,0.0,1.000,65536.0,0.000,0,0,65536,1,1,1,0,1,1
2,chain3_i32,i32,16384,glibc_t2,P5,14,2,1,7006.00,0.0000,0.0000,7000.0,0.0,3.000,196608.0,0.000,0,0,196608,3,0,0,0,1,1
2,chain3_i32,i32,16384,glibc_t2,P6,14,3,1,6738.00,0.0000,0.0000,8000.0,0.0,1.000,65536.0,0.000,0,0,65536,1,2,0,0,1,1
2,chain3_i32,i32,65536,glibc_t2,P5,0,0,1,258471.00,195.0000,0.0000,114000.0,148000.0,3.000,786432.0,0.000,0,0,786432,3,0,0,0,1,1
2,chain3_i32,i32,65536,glibc_t2,P6,0,1,1,91438.00,65.0000,0.0000,40000.0,52000.0,1.000,262144.0,0.000,0,0,262144,1,2,0,0,1,1
2,chain3_i32,i32,65536,glibc_t2,P7,0,2,1,88322.00,65.0000,0.0000,39000.0,50000.0,1.000,262144.0,0.000,0,0,262144,1,1,1,0,1,1
2,chain3_i32,i32,65536,glibc_t2,FIXED_TWIN,0,3,1,160668.00,65.0000,0.0000,71000.0,92000.0,1.000,262144.0,0.000,0,0,262144,1,1,1,0,1,1
2,chain3_i32,i32,65536,glibc_t2,P6,1,0,1,94748.00,65.0000,0.0000,42000.0,54000.0,1.000,262144.0,0.000,0,0,262144,1,2,0,0,1,1
2,chain3_i32,i32,65536,glibc_t2,P7,1,1,1,87302.00,65.0000,0.0000,38000.0,50000.0,1.000,262144.0,0.000,0,0,262144,1,1,1,0,1,1
2,chain3_i32,i32,65536,glibc_t2,FIXED_TWIN,1,2,1,86039.00,65.0000,0.0000,38000.0,49000.0,1.000,262144.0,0.000,0,0,262144,1,1,1,0,1,1
2,chain3_i32,i32,65536,glibc_t2,P5,1,3,1,299380.00,195.0000,0.0000,301000.0,0.0,3.000,786432.0,0.000,0,0,786432,3,0,0,0,1,1
2,chain3_i32,i32,65536,glibc_t2,P7,2,0,1,98660.00,65.0000,0.0000,100000.0,0.0,1.000,262144.0,0.000,0,0,262144,1,1,1,0,1,1
2,chain3_i32,i32,65536,glibc_t2,FIXED_TWIN,2,1,1,86789.00,65.0000,0.0000,88000.0,0.0,1.000,262144.0,0.000,0,0,262144,1,1,1,0,1,1
2,chain3_i32,i32,65536,glibc_t2,P5,2,2,1,248736.00,195.0000,0.0000,251000.0,0.0,3.000,786432.0,0.000,0,0,786432,3,0,0,0,1,1
2,chain3_i32,i32,65536,glibc_t2,P6,2,3,1,89615.00,65.0000,0.0000,91000.0,0.0,1.000,262144.0,0.000,0,0,262144,1,2,0,0,1,1
2,chain3_i32,i32,65536,glibc_t2,FIXED_TWIN,3,0,1,105754.00,65.0000,0.0000,106000.0,0.0,1.000,262144.0,0.000,0,0,262144,1,1,1,0,1,1
2,chain3_i32,i32,65536,glibc_t2,P5,3,1,1,248030.00,195.0000,0.0000,249000.0,0.0,3.000,786432.0,0.000,0,0,786432,3,0,0,0,1,1
2,chain3_i32,i32,65536,glibc_t2,P6,3,2,1,89218.00,65.0000,0.0000,90000.0,0.0,1.000,262144.0,0.000,0,0,262144,1,2,0,0,1,1
2,chain3_i32,i32,65536,glibc_t2,P7,3,3,1,85303.00,65.0000,0.0000,86000.0,0.0,1.000,262144.0,0.000,0,0,262144,1,1,1,0,1,1
2,chain3_i32,i32,65536,glibc_t2,P5,4,0,1,246502.00,195.0000,0.0000,248000.0,0.0,3.000,786432.0,0.000,0,0,786432,3,0,0,0,1,1
2,chain3_i32,i32,65536,glibc_t2,P6,4,1,1,89124.00,65.0000,0.0000,90000.0,0.0,1.000,262144.0,0.000,0,0,262144,1,2,0,0,1,1
2,chain3_i32,i32,65536,glibc_t2,P7,4,2,1,85478.00,65.0000,0.0000,86000.0,0.0,1.000,262144.0,0.000,0,0,262144,1,1,1,0,1,1
2,chain3_i32,i32,65536,glibc_t2,FIXED_TWIN,4,3,1,89790.00,65.0000,0.0000,64000.0,28000.0,1.000,262144.0,0.000,0,0,262144,1,1,1,0,1,1
2,chain3_i32,i32,65536,glibc_t2,P6,5,0,1,93366.00,65.0000,0.0000,0.0,94000.0,1.000,262144.0,0.000,0,0,262144,1,2,0,0,1,1
2,chain3_i32,i32,65536,glibc_t2,P7,5,1,1,87516.00,65.0000,0.0000,0.0,88000.0,1.000,262144.0,0.000,0,0,262144,1,1,1,0,1,1
2,chain3_i32,i32,65536,glibc_t2,FIXED_TWIN,5,2,1,88413.00,65.0000,0.0000,0.0,89000.0,1.000,262144.0,0.000,0,0,262144,1,1,1,0,1,1
2,chain3_i32,i32,65536,glibc_t2,P5,5,3,1,246571.00,195.0000,0.0000,0.0,248000.0,3.000,786432.0,0.000,0,0,786432,3,0,0,0,1,1
2,chain3_i32,i32,65536,glibc_t2,P7,6,0,1,89045.00,65.0000,0.0000,0.0,90000.0,1.000,262144.0,0.000,0,0,262144,1,1,1,0,1,1
2,chain3_i32,i32,65536,glibc_t2,FIXED_TWIN,6,1,1,88028.00,65.0000,0.0000,0.0,89000.0,1.000,262144.0,0.000,0,0,262144,1,1,1,0,1,1
2,chain3_i32,i32,65536,glibc_t2,P5,6,2,1,307660.00,195.0000,0.0000,0.0,311000.0,3.000,786432.0,0.000,0,0,786432,3,0,0,0,1,1
2,chain3_i32,i32,65536,glibc_t2,P6,6,3,1,94125.00,65.0000,0.0000,0.0,95000.0,1.000,262144.0,0.000,0,0,262144,1,2,0,0,1,1
2,chain3_i32,i32,65536,glibc_t2,FIXED_TWIN,7,0,1,180436.00,65.0000,0.0000,0.0,182000.0,1.000,262144.0,0.000,0,0,262144,1,1,1,0,1,1
2,chain3_i32,i32,65536,glibc_t2,P5,7,1,1,254064.00,195.0000,0.0000,0.0,256000.0,3.000,786432.0,0.000,0,0,786432,3,0,0,0,1,1
2,chain3_i32,i32,65536,glibc_t2,P6,7,2,1,89078.00,65.0000,0.0000,0.0,90000.0,1.000,262144.0,0.000,0,0,262144,1,2,0,0,1,1
2,chain3_i32,i32,65536,glibc_t2,P7,7,3,1,117975.00,65.0000,0.0000,24000.0,96000.0,1.000,262144.0,0.000,0,0,262144,1,1,1,0,1,1
2,chain3_i32,i32,65536,glibc_t2,P5,8,0,1,244128.00,195.0000,0.0000,245000.0,0.0,3.000,786432.0,0.000,0,0,786432,3,0,0,0,1,1
2,chain3_i32,i32,65536,glibc_t2,P6,8,1,1,120490.00,65.0000,0.0000,122000.0,0.0,1.000,262144.0,0.000,0,0,262144,1,2,0,0,1,1
2,chain3_i32,i32,65536,glibc_t2,P7,8,2,1,85759.00,65.0000,0.0000,88000.0,0.0,1.000,262144.0,0.000,0,0,262144,1,1,1,0,1,1
2,chain3_i32,i32,65536,glibc_t2,FIXED_TWIN,8,3,1,88053.00,65.0000,0.0000,89000.0,0.0,1.000,262144.0,0.000,0,0,262144,1,1,1,0,1,1
2,chain3_i32,i32,65536,glibc_t2,P6,9,0,1,89537.00,65.0000,0.0000,90000.0,0.0,1.000,262144.0,0.000,0,0,262144,1,2,0,0,1,1
2,chain3_i32,i32,65536,glibc_t2,P7,9,1,1,144523.00,65.0000,0.0000,146000.0,0.0,1.000,262144.0,0.000,0,0,262144,1,1,1,0,1,1
2,chain3_i32,i32,65536,glibc_t2,FIXED_TWIN,9,2,1,120689.00,65.0000,0.0000,123000.0,0.0,1.000,262144.0,0.000,0,0,262144,1,1,1,0,1,1
2,chain3_i32,i32,65536,glibc_t2,P5,9,3,1,454424.00,195.0000,0.0000,466000.0,0.0,3.000,786432.0,0.000,0,0,786432,3,0,0,0,1,1
2,chain3_i32,i32,65536,glibc_t2,P7,10,0,1,89501.00,65.0000,0.0000,91000.0,0.0,1.000,262144.0,0.000,0,0,262144,1,1,1,0,1,1
2,chain3_i32,i32,65536,glibc_t2,FIXED_TWIN,10,1,1,85462.00,65.0000,0.0000,86000.0,0.0,1.000,262144.0,0.000,0,0,262144,1,1,1,0,1,1
2,chain3_i32,i32,65536,glibc_t2,P5,10,2,1,319426.00,195.0000,0.0000,321000.0,0.0,3.000,786432.0,0.000,0,0,786432,3,0,0,0,1,1
2,chain3_i32,i32,65536,glibc_t2,P6,10,3,1,121199.00,65.0000,0.0000,123000.0,0.0,1.000,262144.0,0.000,0,0,262144,1,2,0,0,1,1
2,chain3_i32,i32,65536,glibc_t2,FIXED_TWIN,11,0,1,87017.00,65.0000,0.0000,88000.0,0.0,1.000,262144.0,0.000,0,0,262144,1,1,1,0,1,1
2,chain3_i32,i32,65536,glibc_t2,P5,11,1,1,253122.00,195.0000,0.0000,255000.0,0.0,3.000,786432.0,0.000,0,0,786432,3,0,0,0,1,1
2,chain3_i32,i32,65536,glibc_t2,P6,11,2,1,88920.00,65.0000,0.0000,90000.0,0.0,1.000,262144.0,0.000,0,0,262144,1,2,0,0,1,1
2,chain3_i32,i32,65536,glibc_t2,P7,11,3,1,89071.00,65.0000,0.0000,90000.0,0.0,1.000,262144.0,0.000,0,0,262144,1,1,1,0,1,1
2,chain3_i32,i32,65536,glibc_t2,P5,12,0,1,254601.00,195.0000,0.0000,256000.0,0.0,3.000,786432.0,0.000,0,0,786432,3,0,0,0,1,1
2,chain3_i32,i32,65536,glibc_t2,P6,12,1,1,89173.00,65.0000,0.0000,90000.0,0.0,1.000,262144.0,0.000,0,0,262144,1,2,0,0,1,1
2,chain3_i32,i32,65536,glibc_t2,P7,12,2,1,85223.00,65.0000,0.0000,86000.0,0.0,1.000,262144.0,0.000,0,0,262144,1,1,1,0,1,1
2,chain3_i32,i32,65536,glibc_t2,FIXED_TWIN,12,3,1,87869.00,65.0000,0.0000,89000.0,0.0,1.000,262144.0,0.000,0,0,262144,1,1,1,0,1,1
2,chain3_i32,i32,65536,glibc_t2,P6,13,0,1,93287.00,65.0000,0.0000,95000.0,0.0,1.000,262144.0,0.000,0,0,262144,1,2,0,0,1,1
2,chain3_i32,i32,65536,glibc_t2,P7,13,1,1,86774.00,65.0000,0.0000,88000.0,0.0,1.000,262144.0,0.000,0,0,262144,1,1,1,0,1,1
2,chain3_i32,i32,65536,glibc_t2,FIXED_TWIN,13,2,1,86959.00,65.0000,0.0000,88000.0,0.0,1.000,262144.0,0.000,0,0,262144,1,1,1,0,1,1
2,chain3_i32,i32,65536,glibc_t2,P5,13,3,1,324418.00,195.0000,0.0000,0.0,327000.0,3.000,786432.0,0.000,0,0,786432,3,0,0,0,1,1
2,chain3_i32,i32,65536,glibc_t2,P7,14,0,1,84762.00,65.0000,0.0000,0.0,86000.0,1.000,262144.0,0.000,0,0,262144,1,1,1,0,1,1
2,chain3_i32,i32,65536,glibc_t2,FIXED_TWIN,14,1,1,85018.00,65.0000,0.0000,0.0,86000.0,1.000,262144.0,0.000,0,0,262144,1,1,1,0,1,1
2,chain3_i32,i32,65536,glibc_t2,P5,14,2,1,272543.00,195.0000,0.0000,0.0,276000.0,3.000,786432.0,0.000,0,0,786432,3,0,0,0,1,1
2,chain3_i32,i32,65536,glibc_t2,P6,14,3,1,90486.00,65.0000,0.0000,0.0,92000.0,1.000,262144.0,0.000,0,0,262144,1,2,0,0,1,1
2,chain3_i32,i32,262144,glibc_t2,P5,0,0,1,1152913.00,771.0000,0.0000,503000.0,654000.0,3.000,3145728.0,0.000,0,0,3145728,3,0,0,0,1,1
2,chain3_i32,i32,262144,glibc_t2,P6,0,1,1,509238.00,257.0000,0.0000,223000.0,290000.0,1.000,1048576.0,0.000,0,0,1048576,1,2,0,0,1,1
2,chain3_i32,i32,262144,glibc_t2,P7,0,2,1,493361.00,257.0000,0.0000,496000.0,0.0,1.000,1048576.0,0.000,0,0,1048576,1,1,1,0,1,1
2,chain3_i32,i32,262144,glibc_t2,FIXED_TWIN,0,3,1,453828.00,257.0000,0.0000,457000.0,0.0,1.000,1048576.0,0.000,0,0,1048576,1,1,1,0,1,1
2,chain3_i32,i32,262144,glibc_t2,P6,1,0,1,476230.00,257.0000,0.0000,479000.0,0.0,1.000,1048576.0,0.000,0,0,1048576,1,2,0,0,1,1
2,chain3_i32,i32,262144,glibc_t2,P7,1,1,1,447999.00,257.0000,0.0000,451000.0,0.0,1.000,1048576.0,0.000,0,0,1048576,1,1,1,0,1,1
2,chain3_i32,i32,262144,glibc_t2,FIXED_TWIN,1,2,1,511827.00,257.0000,0.0000,0.0,515000.0,1.000,1048576.0,0.000,0,0,1048576,1,1,1,0,1,1
2,chain3_i32,i32,262144,glibc_t2,P5,1,3,1,2953874.00,771.0000,0.0000,0.0,2958000.0,3.000,3145728.0,0.000,0,0,3145728,3,0,0,0,1,1
2,chain3_i32,i32,262144,glibc_t2,P7,2,0,1,1064140.00,257.0000,0.0000,86000.0,983000.0,1.000,1048576.0,0.000,0,0,1048576,1,1,1,0,1,1
2,chain3_i32,i32,262144,glibc_t2,FIXED_TWIN,2,1,1,535101.00,257.0000,0.0000,0.0,540000.0,1.000,1048576.0,0.000,0,0,1048576,1,1,1,0,1,1
2,chain3_i32,i32,262144,glibc_t2,P5,2,2,1,1209444.00,771.0000,0.0000,31000.0,1183000.0,3.000,3145728.0,0.000,0,0,3145728,3,0,0,0,1,1
2,chain3_i32,i32,262144,glibc_t2,P6,2,3,1,521183.00,257.0000,0.0000,525000.0,0.0,1.000,1048576.0,0.000,0,0,1048576,1,2,0,0,1,1
2,chain3_i32,i32,262144,glibc_t2,FIXED_TWIN,3,0,1,491287.00,257.0000,0.0000,494000.0,0.0,1.000,1048576.0,0.000,0,0,1048576,1,1,1,0,1,1
2,chain3_i32,i32,262144,glibc_t2,P5,3,1,1,1182609.00,771.0000,0.0000,0.0,1185000.0,3.000,3145728.0,0.000,0,0,3145728,3,0,0,0,1,1
2,chain3_i32,i32,262144,glibc_t2,P6,3,2,1,558688.00,257.0000,0.0000,0.0,563000.0,1.000,1048576.0,0.000,0,0,1048576,1,2,0,0,1,1
2,chain3_i32,i32,262144,glibc_t2,P7,3,3,1,589113.00,257.0000,0.0000,102000.0,491000.0,1.000,1048576.0,0.000,0,0,1048576,1,1,1,0,1,1
2,chain3_i32,i32,262144,glibc_t2,P5,4,0,1,1939775.00,771.0000,0.0000,1943000.0,0.0,3.000,3145728.0,0.000,0,0,3145728,3,0,0,0,1,1
2,chain3_i32,i32,262144,glibc_t2,P6,4,1,1,596607.00,257.0000,0.0000,601000.0,0.0,1.000,1048576.0,0.000,0,0,1048576,1,2,0,0,1,1
2,chain3_i32,i32,262144,glibc_t2,P7,4,2,1,505646.00,257.0000,0.0000,509000.0,0.0,1.000,1048576.0,0.000,0,0,1048576,1,1,1,0,1,1
2,chain3_i32,i32,262144,glibc_t2,FIXED_TWIN,4,3,1,461025.00,257.0000,0.0000,464000.0,0.0,1.000,1048576.0,0.000,0,0,1048576,1,1,1,0,1,1
2,chain3_i32,i32,262144,glibc_t2,P6,5,0,1,478361.00,257.0000,0.0000,449000.0,32000.0,1.000,1048576.0,0.000,0,0,1048576,1,2,0,0,1,1
2,chain3_i32,i32,262144,glibc_t2,P7,5,1,1,496913.00,257.0000,0.0000,0.0,500000.0,1.000,1048576.0,0.000,0,0,1048576,1,1,1,0,1,1
2,chain3_i32,i32,262144,glibc_t2,FIXED_TWIN,5,2,1,484301.00,257.0000,0.0000,0.0,487000.0,1.000,1048576.0,0.000,0,0,1048576,1,1,1,0,1,1
2,chain3_i32,i32,262144,glibc_t2,P5,5,3,1,1651486.00,771.0000,0.0000,0.0,1655000.0,3.000,3145728.0,0.000,0,0,3145728,3,0,0,0,1,1
2,chain3_i32,i32,262144,glibc_t2,P7,6,0,1,495327.00,257.0000,0.0000,0.0,499000.0,1.000,1048576.0,0.000,0,0,1048576,1,1,1,0,1,1
2,chain3_i32,i32,262144,glibc_t2,FIXED_TWIN,6,1,1,498163.00,257.0000,0.0000,0.0,500000.0,1.000,1048576.0,0.000,0,0,1048576,1,1,1,0,1,1
2,chain3_i32,i32,262144,glibc_t2,P5,6,2,1,1116653.00,771.0000,0.0000,0.0,1120000.0,3.000,3145728.0,0.000,0,0,3145728,3,0,0,0,1,1
2,chain3_i32,i32,262144,glibc_t2,P6,6,3,1,622820.00,257.0000,0.0000,0.0,628000.0,1.000,1048576.0,0.000,0,0,1048576,1,2,0,0,1,1
2,chain3_i32,i32,262144,glibc_t2,FIXED_TWIN,7,0,1,529588.00,257.0000,0.0000,533000.0,0.0,1.000,1048576.0,0.000,0,0,1048576,1,1,1,0,1,1
2,chain3_i32,i32,262144,glibc_t2,P5,7,1,1,1192624.00,771.0000,0.0000,1195000.0,0.0,3.000,3145728.0,0.000,0,0,3145728,3,0,0,0,1,1
2,chain3_i32,i32,262144,glibc_t2,P6,7,2,1,548672.00,257.0000,0.0000,0.0,551000.0,1.000,1048576.0,0.000,0,0,1048576,1,2,0,0,1,1
2,chain3_i32,i32,262144,glibc_t2,P7,7,3,1,603125.00,257.0000,0.0000,0.0,607000.0,1.000,1048576.0,0.000,0,0,1048576,1,1,1,0,1,1
2,chain3_i32,i32,262144,glibc_t2,P5,8,0,1,1212837.00,771.0000,0.0000,1216000.0,0.0,3.000,3145728.0,0.000,0,0,3145728,3,0,0,0,1,1
2,chain3_i32,i32,262144,glibc_t2,P6,8,1,1,550678.00,257.0000,0.0000,556000.0,0.0,1.000,1048576.0,0.000,0,0,1048576,1,2,0,0,1,1
2,chain3_i32,i32,262144,glibc_t2,P7,8,2,1,793254.00,257.0000,0.0000,533000.0,266000.0,1.000,1048576.0,0.000,0,0,1048576,1,1,1,0,1,1
2,chain3_i32,i32,262144,glibc_t2,FIXED_TWIN,8,3,1,525040.00,257.0000,0.0000,529000.0,0.0,1.000,1048576.0,0.000,0,0,1048576,1,1,1,0,1,1
2,chain3_i32,i32,262144,glibc_t2,P6,9,0,1,536149.00,257.0000,0.0000,538000.0,0.0,1.000,1048576.0,0.000,0,0,1048576,1,2,0,0,1,1
2,chain3_i32,i32,262144,glibc_t2,P7,9,1,1,585016.00,257.0000,0.0000,589000.0,0.0,1.000,1048576.0,0.000,0,0,1048576,1,1,1,0,1,1
2,chain3_i32,i32,262144,glibc_t2,FIXED_TWIN,9,2,1,519492.00,257.0000,0.0000,0.0,524000.0,1.000,1048576.0,0.000,0,0,1048576,1,1,1,0,1,1
2,chain3_i32,i32,262144,glibc_t2,P5,9,3,1,1181269.00,771.0000,0.0000,0.0,1185000.0,3.000,3145728.0,0.000,0,0,3145728,3,0,0,0,1,1
2,chain3_i32,i32,262144,glibc_t2,P7,10,0,1,537202.00,257.0000,0.0000,541000.0,0.0,1.000,1048576.0,0.000,0,0,1048576,1,1,1,0,1,1
2,chain3_i32,i32,262144,glibc_t2,FIXED_TWIN,10,1,1,458895.00,257.0000,0.0000,463000.0,0.0,1.000,1048576.0,0.000,0,0,1048576,1,1,1,0,1,1
2,chain3_i32,i32,262144,glibc_t2,P5,10,2,1,4412847.00,771.0000,0.0000,0.0,4416000.0,3.000,3145728.0,0.000,0,0,3145728,3,0,0,0,1,1
2,chain3_i32,i32,262144,glibc_t2,P6,10,3,1,498652.00,257.0000,0.0000,0.0,503000.0,1.000,1048576.0,0.000,0,0,1048576,1,2,0,0,1,1
2,chain3_i32,i32,262144,glibc_t2,FIXED_TWIN,11,0,1,445773.00,257.0000,0.0000,0.0,449000.0,1.000,1048576.0,0.000,0,0,1048576,1,1,1,0,1,1
2,chain3_i32,i32,262144,glibc_t2,P5,11,1,1,1253977.00,771.0000,0.0000,1256000.0,0.0,3.000,3145728.0,0.000,0,0,3145728,3,0,0,0,1,1
2,chain3_i32,i32,262144,glibc_t2,P6,11,2,1,503776.00,257.0000,0.0000,507000.0,0.0,1.000,1048576.0,0.000,0,0,1048576,1,2,0,0,1,1
2,chain3_i32,i32,262144,glibc_t2,P7,11,3,1,490055.00,257.0000,0.0000,493000.0,0.0,1.000,1048576.0,0.000,0,0,1048576,1,1,1,0,1,1
2,chain3_i32,i32,262144,glibc_t2,P5,12,0,1,1151346.00,771.0000,0.0000,0.0,1154000.0,3.000,3145728.0,0.000,0,0,3145728,3,0,0,0,1,1
2,chain3_i32,i32,262144,glibc_t2,P6,12,1,1,540745.00,257.0000,0.0000,227000.0,319000.0,1.000,1048576.0,0.000,0,0,1048576,1,2,0,0,1,1
2,chain3_i32,i32,262144,glibc_t2,P7,12,2,1,512876.00,257.0000,0.0000,516000.0,0.0,1.000,1048576.0,0.000,0,0,1048576,1,1,1,0,1,1
2,chain3_i32,i32,262144,glibc_t2,FIXED_TWIN,12,3,1,475290.00,257.0000,0.0000,478000.0,0.0,1.000,1048576.0,0.000,0,0,1048576,1,1,1,0,1,1
2,chain3_i32,i32,262144,glibc_t2,P6,13,0,1,498533.00,257.0000,0.0000,501000.0,0.0,1.000,1048576.0,0.000,0,0,1048576,1,2,0,0,1,1
2,chain3_i32,i32,262144,glibc_t2,P7,13,1,1,446326.00,257.0000,0.0000,449000.0,0.0,1.000,1048576.0,0.000,0,0,1048576,1,1,1,0,1,1
2,chain3_i32,i32,262144,glibc_t2,FIXED_TWIN,13,2,1,505996.00,257.0000,0.0000,509000.0,0.0,1.000,1048576.0,0.000,0,0,1048576,1,1,1,0,1,1
2,chain3_i32,i32,262144,glibc_t2,P5,13,3,1,1144469.00,771.0000,0.0000,1147000.0,0.0,3.000,3145728.0,0.000,0,0,3145728,3,0,0,0,1,1
2,chain3_i32,i32,262144,glibc_t2,P7,14,0,1,500278.00,257.0000,0.0000,0.0,503000.0,1.000,1048576.0,0.000,0,0,1048576,1,1,1,0,1,1
2,chain3_i32,i32,262144,glibc_t2,FIXED_TWIN,14,1,1,448060.00,257.0000,0.0000,0.0,450000.0,1.000,1048576.0,0.000,0,0,1048576,1,1,1,0,1,1
2,chain3_i32,i32,262144,glibc_t2,P5,14,2,1,1144071.00,771.0000,0.0000,0.0,1147000.0,3.000,3145728.0,0.000,0,0,3145728,3,0,0,0,1,1
2,chain3_i32,i32,262144,glibc_t2,P6,14,3,1,602962.00,257.0000,0.0000,607000.0,0.0,1.000,1048576.0,0.000,0,0,1048576,1,2,0,0,1,1
2,chain3_i32,i32,1048576,glibc_t2,P5,0,0,1,5211014.00,3075.0000,0.0000,2789000.0,2427000.0,3.000,12582912.0,0.000,0,0,12582912,3,0,0,0,1,1
2,chain3_i32,i32,1048576,glibc_t2,P6,0,1,1,2177339.00,1025.0000,0.0000,0.0,2182000.0,1.000,4194304.0,0.000,0,0,4194304,1,2,0,0,1,1
2,chain3_i32,i32,1048576,glibc_t2,P7,0,2,1,2004284.00,1025.0000,0.0000,874000.0,1134000.0,1.000,4194304.0,0.000,0,0,4194304,1,1,1,0,1,1
2,chain3_i32,i32,1048576,glibc_t2,FIXED_TWIN,0,3,1,2002224.00,1025.0000,0.0000,313000.0,1692000.0,1.000,4194304.0,0.000,0,0,4194304,1,1,1,0,1,1
2,chain3_i32,i32,1048576,glibc_t2,P6,1,0,1,2211511.00,1025.0000,0.0000,2218000.0,0.0,1.000,4194304.0,0.000,0,0,4194304,1,2,0,0,1,1
2,chain3_i32,i32,1048576,glibc_t2,P7,1,1,1,1940354.00,1025.0000,0.0000,0.0,1944000.0,1.000,4194304.0,0.000,0,0,4194304,1,1,1,0,1,1
2,chain3_i32,i32,1048576,glibc_t2,FIXED_TWIN,1,2,1,2038364.00,1025.0000,0.0000,2043000.0,0.0,1.000,4194304.0,0.000,0,0,4194304,1,1,1,0,1,1
2,chain3_i32,i32,1048576,glibc_t2,P5,1,3,1,5555946.00,3075.0000,0.0000,4679000.0,879000.0,3.000,12582912.0,0.000,0,0,12582912,3,0,0,0,1,1
2,chain3_i32,i32,1048576,glibc_t2,P7,2,0,1,2630103.00,1025.0000,0.0000,0.0,2635000.0,1.000,4194304.0,0.000,0,0,4194304,1,1,1,0,1,1
2,chain3_i32,i32,1048576,glibc_t2,FIXED_TWIN,2,1,1,2210077.00,1025.0000,0.0000,964000.0,1252000.0,1.000,4194304.0,0.000,0,0,4194304,1,1,1,0,1,1
2,chain3_i32,i32,1048576,glibc_t2,P5,2,2,1,6891735.00,3075.0000,0.0000,0.0,6895000.0,3.000,12582912.0,0.000,0,0,12582912,3,0,0,0,1,1
2,chain3_i32,i32,1048576,glibc_t2,P6,2,3,1,2269725.00,1025.0000,0.0000,0.0,2274000.0,1.000,4194304.0,0.000,0,0,4194304,1,2,0,0,1,1
2,chain3_i32,i32,1048576,glibc_t2,FIXED_TWIN,3,0,1,2087968.00,1025.0000,0.0000,2092000.0,0.0,1.000,4194304.0,0.000,0,0,4194304,1,1,1,0,1,1
2,chain3_i32,i32,1048576,glibc_t2,P5,3,1,1,6090112.00,3075.0000,0.0000,0.0,6095000.0,3.000,12582912.0,0.000,0,0,12582912,3,0,0,0,1,1
2,chain3_i32,i32,1048576,glibc_t2,P6,3,2,1,2227829.00,1025.0000,0.0000,245000.0,1987000.0,1.000,4194304.0,0.000,0,0,4194304,1,2,0,0,1,1
2,chain3_i32,i32,1048576,glibc_t2,P7,3,3,1,2386059.00,1025.0000,0.0000,0.0,2392000.0,1.000,4194304.0,0.000,0,0,4194304,1,1,1,0,1,1
2,chain3_i32,i32,1048576,glibc_t2,P5,4,0,1,5590097.00,3075.0000,0.0000,126000.0,5468000.0,3.000,12582912.0,0.000,0,0,12582912,3,0,0,0,1,1
2,chain3_i32,i32,1048576,glibc_t2,P6,4,1,1,2146464.00,1025.0000,0.0000,451000.0,1699000.0,1.000,4194304.0,0.000,0,0,4194304,1,2,0,0,1,1
2,chain3_i32,i32,1048576,glibc_t2,P7,4,2,1,2265531.00,1025.0000,0.0000,0.0,2270000.0,1.000,4194304.0,0.000,0,0,4194304,1,1,1,0,1,1
2,chain3_i32,i32,1048576,glibc_t2,FIXED_TWIN,4,3,1,2092185.00,1025.0000,0.0000,0.0,2097000.0,1.000,4194304.0,0.000,0,0,4194304,1,1,1,0,1,1
2,chain3_i32,i32,1048576,glibc_t2,P6,5,0,1,2174591.00,1025.0000,0.0000,948000.0,1231000.0,1.000,4194304.0,0.000,0,0,4194304,1,2,0,0,1,1
2,chain3_i32,i32,1048576,glibc_t2,P7,5,1,1,1919175.00,1025.0000,0.0000,1593000.0,330000.0,1.000,4194304.0,0.000,0,0,4194304,1,1,1,0,1,1
2,chain3_i32,i32,1048576,glibc_t2,FIXED_TWIN,5,2,1,1979038.00,1025.0000,0.0000,1982000.0,0.0,1.000,4194304.0,0.000,0,0,4194304,1,1,1,0,1,1
2,chain3_i32,i32,1048576,glibc_t2,P5,5,3,1,6456732.00,3075.0000,0.0000,1070000.0,5391000.0,3.000,12582912.0,0.000,0,0,12582912,3,0,0,0,1,1
2,chain3_i32,i32,1048576,glibc_t2,P7,6,0,1,2399269.00,1025.0000,0.0000,0.0,2404000.0,1.000,4194304.0,0.000,0,0,4194304,1,1,1,0,1,1
2,chain3_i32,i32,1048576,glibc_t2,FIXED_TWIN,6,1,1,2295204.00,1025.0000,0.0000,0.0,2300000.0,1.000,4194304.0,0.000,0,0,4194304,1,1,1,0,1,1
2,chain3_i32,i32,1048576,glibc_t2,P5,6,2,1,5297154.00,3075.0000,0.0000,0.0,5300000.0,3.000,12582912.0,0.000,0,0,12582912,3,0,0,0,1,1
2,chain3_i32,i32,1048576,glibc_t2,P6,6,3,1,2234523.00,1025.0000,0.0000,974000.0,1265000.0,1.000,4194304.0,0.000,0,0,4194304,1,2,0,0,1,1
2,chain3_i32,i32,1048576,glibc_t2,FIXED_TWIN,7,0,1,2042546.00,1025.0000,0.0000,1614000.0,431000.0,1.000,4194304.0,0.000,0,0,4194304,1,1,1,0,1,1
2,chain3_i32,i32,1048576,glibc_t2,P5,7,1,1,5484026.00,3075.0000,0.0000,1410000.0,4077000.0,3.000,12582912.0,0.000,0,0,12582912,3,0,0,0,1,1
2,chain3_i32,i32,1048576,glibc_t2,P6,7,2,1,3432852.00,1025.0000,0.0000,496000.0,2942000.0,1.000,4194304.0,0.000,0,0,4194304,1,2,0,0,1,1
2,chain3_i32,i32,1048576,glibc_t2,P7,7,3,1,1939371.00,1025.0000,0.0000,1535000.0,408000.0,1.000,4194304.0,0.000,0,0,4194304,1,1,1,0,1,1
2,chain3_i32,i32,1048576,glibc_t2,P5,8,0,1,6641605.00,3075.0000,0.0000,3175000.0,3471000.0,3.000,12582912.0,0.000,0,0,12582912,3,0,0,0,1,1
2,chain3_i32,i32,1048576,glibc_t2,P6,8,1,1,2486714.00,1025.0000,0.0000,2491000.0,0.0,1.000,4194304.0,0.000,0,0,4194304,1,2,0,0,1,1
2,chain3_i32,i32,1048576,glibc_t2,P7,8,2,1,2127551.00,1025.0000,0.0000,2133000.0,0.0,1.000,4194304.0,0.000,0,0,4194304,1,1,1,0,1,1
2,chain3_i32,i32,1048576,glibc_t2,FIXED_TWIN,8,3,1,1987017.00,1025.0000,0.0000,697000.0,1294000.0,1.000,4194304.0,0.000,0,0,4194304,1,1,1,0,1,1
2,chain3_i32,i32,1048576,glibc_t2,P6,9,0,1,2279545.00,1025.0000,0.0000,0.0,2283000.0,1.000,4194304.0,0.000,0,0,4194304,1,2,0,0,1,1
2,chain3_i32,i32,1048576,glibc_t2,P7,9,1,1,2062443.00,1025.0000,0.0000,0.0,2067000.0,1.000,4194304.0,0.000,0,0,4194304,1,1,1,0,1,1
2,chain3_i32,i32,1048576,glibc_t2,FIXED_TWIN,9,2,1,2094654.00,1025.0000,0.0000,913000.0,1186000.0,1.000,4194304.0,0.000,0,0,4194304,1,1,1,0,1,1
2,chain3_i32,i32,1048576,glibc_t2,P5,9,3,1,6720245.00,3075.0000,0.0000,1184000.0,5540000.0,3.000,12582912.0,0.000,0,0,12582912,3,0,0,0,1,1
2,chain3_i32,i32,1048576,glibc_t2,P7,10,0,1,2333553.00,1025.0000,0.0000,2344000.0,0.0,1.000,4194304.0,0.000,0,0,4194304,1,1,1,0,1,1
2,chain3_i32,i32,1048576,glibc_t2,FIXED_TWIN,10,1,1,2145402.00,1025.0000,0.0000,935000.0,1214000.0,1.000,4194304.0,0.000,0,0,4194304,1,1,1,0,1,1
2,chain3_i32,i32,1048576,glibc_t2,P5,10,2,1,5846107.00,3075.0000,0.0000,230000.0,5622000.0,3.000,12582912.0,0.000,0,0,12582912,3,0,0,0,1,1
2,chain3_i32,i32,1048576,glibc_t2,P6,10,3,1,2344671.00,1025.0000,0.0000,0.0,2349000.0,1.000,4194304.0,0.000,0,0,4194304,1,2,0,0,1,1
2,chain3_i32,i32,1048576,glibc_t2,FIXED_TWIN,11,0,1,2022135.00,1025.0000,0.0000,1299000.0,726000.0,1.000,4194304.0,0.000,0,0,4194304,1,1,1,0,1,1
2,chain3_i32,i32,1048576,glibc_t2,P5,11,1,1,5439311.00,3075.0000,0.0000,3987000.0,1457000.0,3.000,12582912.0,0.000,0,0,12582912,3,0,0,0,1,1
2,chain3_i32,i32,1048576,glibc_t2,P6,11,2,1,2276444.00,1025.0000,0.0000,573000.0,1707000.0,1.000,4194304.0,0.000,0,0,4194304,1,2,0,0,1,1
2,chain3_i32,i32,1048576,glibc_t2,P7,11,3,1,1963247.00,1025.0000,0.0000,0.0,1967000.0,1.000,4194304.0,0.000,0,0,4194304,1,1,1,0,1,1
2,chain3_i32,i32,1048576,glibc_t2,P5,12,0,1,7684095.00,3075.0000,0.0000,3865000.0,3824000.0,3.000,12582912.0,0.000,0,0,12582912,3,0,0,0,1,1
2,chain3_i32,i32,1048576,glibc_t2,P6,12,1,1,2363254.00,1025.0000,0.0000,2368000.0,0.0,1.000,4194304.0,0.000,0,0,4194304,1,2,0,0,1,1
2,chain3_i32,i32,1048576,glibc_t2,P7,12,2,1,2396428.00,1025.0000,0.0000,1044000.0,1356000.0,1.000,4194304.0,0.000,0,0,4194304,1,1,1,0,1,1
2,chain3_i32,i32,1048576,glibc_t2,FIXED_TWIN,12,3,1,2124727.00,1025.0000,0.0000,407000.0,1722000.0,1.000,4194304.0,0.000,0,0,4194304,1,1,1,0,1,1
2,chain3_i32,i32,1048576,glibc_t2,P6,13,0,1,2239515.00,1025.0000,0.0000,2245000.0,0.0,1.000,4194304.0,0.000,0,0,4194304,1,2,0,0,1,1
2,chain3_i32,i32,1048576,glibc_t2,P7,13,1,1,2392359.00,1025.0000,0.0000,0.0,2397000.0,1.000,4194304.0,0.000,0,0,4194304,1,1,1,0,1,1
2,chain3_i32,i32,1048576,glibc_t2,FIXED_TWIN,13,2,1,2008889.00,1025.0000,0.0000,0.0,2012000.0,1.000,4194304.0,0.000,0,0,4194304,1,1,1,0,1,1
2,chain3_i32,i32,1048576,glibc_t2,P5,13,3,1,6286910.00,3075.0000,0.0000,995000.0,5284000.0,3.000,12582912.0,0.000,0,0,12582912,3,0,0,0,1,1
2,chain3_i32,i32,1048576,glibc_t2,P7,14,0,1,2405130.00,1025.0000,0.0000,2410000.0,0.0,1.000,4194304.0,0.000,0,0,4194304,1,1,1,0,1,1
2,chain3_i32,i32,1048576,glibc_t2,FIXED_TWIN,14,1,1,2052331.00,1025.0000,0.0000,1308000.0,748000.0,1.000,4194304.0,0.000,0,0,4194304,1,1,1,0,1,1
2,chain3_i32,i32,1048576,glibc_t2,P5,14,2,1,5287076.00,3075.0000,0.0000,0.0,5290000.0,3.000,12582912.0,0.000,0,0,12582912,3,0,0,0,1,1
2,chain3_i32,i32,1048576,glibc_t2,P6,14,3,1,2151621.00,1025.0000,0.0000,1254000.0,902000.0,1.000,4194304.0,0.000,0,0,4194304,1,2,0,0,1,1
2,chain3_i32,i32,4194304,glibc_t2,P5,0,0,1,33117049.00,12291.0000,0.0000,16490000.0,16634000.0,3.000,50331648.0,0.000,0,0,50331648,3,0,0,0,1,1
2,chain3_i32,i32,4194304,glibc_t2,P6,0,1,1,16146628.00,4097.0000,0.0000,8068000.0,8075000.0,1.000,16777216.0,0.000,0,0,16777216,1,2,0,0,1,1
2,chain3_i32,i32,4194304,glibc_t2,P7,0,2,1,14668963.00,4097.0000,0.0000,9030000.0,5334000.0,1.000,16777216.0,0.000,0,0,16777216,1,1,1,0,1,1
2,chain3_i32,i32,4194304,glibc_t2,FIXED_TWIN,0,3,1,13383735.00,4097.0000,0.0000,12609000.0,782000.0,1.000,16777216.0,0.000,0,0,16777216,1,1,1,0,1,1
2,chain3_i32,i32,4194304,glibc_t2,P6,1,0,1,13923643.00,4097.0000,0.0000,4839000.0,9090000.0,1.000,16777216.0,0.000,0,0,16777216,1,2,0,0,1,1
2,chain3_i32,i32,4194304,glibc_t2,P7,1,1,1,14351005.00,4097.0000,0.0000,11288000.0,3069000.0,1.000,16777216.0,0.000,0,0,16777216,1,1,1,0,1,1
2,chain3_i32,i32,4194304,glibc_t2,FIXED_TWIN,1,2,1,13082097.00,4097.0000,0.0000,4474000.0,8617000.0,1.000,16777216.0,0.000,0,0,16777216,1,1,1,0,1,1
2,chain3_i32,i32,4194304,glibc_t2,P5,1,3,1,32893702.00,12291.0000,0.0000,8388000.0,24511000.0,3.000,50331648.0,0.000,0,0,50331648,3,0,0,0,1,1
2,chain3_i32,i32,4194304,glibc_t2,P7,2,0,1,14864980.00,4097.0000,0.0000,5249000.0,9624000.0,1.000,16777216.0,0.000,0,0,16777216,1,1,1,0,1,1
2,chain3_i32,i32,4194304,glibc_t2,FIXED_TWIN,2,1,1,14710821.00,4097.0000,0.0000,11427000.0,3251000.0,1.000,16777216.0,0.000,0,0,16777216,1,1,1,0,1,1
2,chain3_i32,i32,4194304,glibc_t2,P5,2,2,1,33104601.00,12291.0000,0.0000,6739000.0,26373000.0,3.000,50331648.0,0.000,0,0,50331648,3,0,0,0,1,1
2,chain3_i32,i32,4194304,glibc_t2,P6,2,3,1,15201198.00,4097.0000,0.0000,11658000.0,3550000.0,1.000,16777216.0,0.000,0,0,16777216,1,2,0,0,1,1
2,chain3_i32,i32,4194304,glibc_t2,FIXED_TWIN,3,0,1,12290002.00,4097.0000,0.0000,8131000.0,4165000.0,1.000,16777216.0,0.000,0,0,16777216,1,1,1,0,1,1
2,chain3_i32,i32,4194304,glibc_t2,P5,3,1,1,30890028.00,12291.0000,0.0000,9258000.0,21639000.0,3.000,50331648.0,0.000,0,0,50331648,3,0,0,0,1,1
2,chain3_i32,i32,4194304,glibc_t2,P6,3,2,1,17909495.00,4097.0000,0.0000,11095000.0,6820000.0,1.000,16777216.0,0.000,0,0,16777216,1,2,0,0,1,1
2,chain3_i32,i32,4194304,glibc_t2,P7,3,3,1,14944884.00,4097.0000,0.0000,7545000.0,7408000.0,1.000,16777216.0,0.000,0,0,16777216,1,1,1,0,1,1
2,chain3_i32,i32,4194304,glibc_t2,P5,4,0,1,32267458.00,12291.0000,0.0000,16120000.0,16153000.0,3.000,50331648.0,0.000,0,0,50331648,3,0,0,0,1,1
2,chain3_i32,i32,4194304,glibc_t2,P6,4,1,1,13796018.00,4097.0000,0.0000,8786000.0,5016000.0,1.000,16777216.0,0.000,0,0,16777216,1,2,0,0,1,1
2,chain3_i32,i32,4194304,glibc_t2,P7,4,2,1,12296718.00,4097.0000,0.0000,8134000.0,4170000.0,1.000,16777216.0,0.000,0,0,16777216,1,1,1,0,1,1
2,chain3_i32,i32,4194304,glibc_t2,FIXED_TWIN,4,3,1,14097136.00,4097.0000,0.0000,11178000.0,2927000.0,1.000,16777216.0,0.000,0,0,16777216,1,1,1,0,1,1
2,chain3_i32,i32,4194304,glibc_t2,P6,5,0,1,14227987.00,4097.0000,0.0000,11234000.0,3000000.0,1.000,16777216.0,0.000,0,0,16777216,1,2,0,0,1,1
2,chain3_i32,i32,4194304,glibc_t2,P7,5,1,1,13776143.00,4097.0000,0.0000,7036000.0,6748000.0,1.000,16777216.0,0.000,0,0,16777216,1,1,1,0,1,1
2,chain3_i32,i32,4194304,glibc_t2,FIXED_TWIN,5,2,1,12651091.00,4097.0000,0.0000,8305000.0,4393000.0,1.000,16777216.0,0.000,0,0,16777216,1,1,1,0,1,1
2,chain3_i32,i32,4194304,glibc_t2,P5,5,3,1,35182904.00,12291.0000,0.0000,3640000.0,31548000.0,3.000,50331648.0,0.000,0,0,50331648,3,0,0,0,1,1
2,chain3_i32,i32,4194304,glibc_t2,P7,6,0,1,14241912.00,4097.0000,0.0000,4978000.0,9271000.0,1.000,16777216.0,0.000,0,0,16777216,1,1,1,0,1,1
2,chain3_i32,i32,4194304,glibc_t2,FIXED_TWIN,6,1,1,12983669.00,4097.0000,0.0000,8390000.0,4557000.0,1.000,16777216.0,0.000,0,0,16777216,1,1,1,0,1,1
2,chain3_i32,i32,4194304,glibc_t2,P5,6,2,1,33417185.00,12291.0000,0.0000,8616000.0,24807000.0,3.000,50331648.0,0.000,0,0,50331648,3,0,0,0,1,1
2,chain3_i32,i32,4194304,glibc_t2,P6,6,3,1,14257767.00,4097.0000,0.0000,7245000.0,7020000.0,1.000,16777216.0,0.000,0,0,16777216,1,2,0,0,1,1
2,chain3_i32,i32,4194304,glibc_t2,FIXED_TWIN,7,0,1,12205841.00,4097.0000,0.0000,8094000.0,4119000.0,1.000,16777216.0,0.000,0,0,16777216,1,1,1,0,1,1
2,chain3_i32,i32,4194304,glibc_t2,P5,7,1,1,32449285.00,12291.0000,0.0000,4192000.0,28262000.0,3.000,50331648.0,0.000,0,0,50331648,3,0,0,0,1,1
2,chain3_i32,i32,4194304,glibc_t2,P6,7,2,1,13617825.00,4097.0000,0.0000,4706000.0,8918000.0,1.000,16777216.0,0.000,0,0,16777216,1,2,0,0,1,1
2,chain3_i32,i32,4194304,glibc_t2,P7,7,3,1,11786089.00,4097.0000,0.0000,7911000.0,3881000.0,1.000,16777216.0,0.000,0,0,16777216,1,1,1,0,1,1
2,chain3_i32,i32,4194304,glibc_t2,P5,8,0,1,33277204.00,12291.0000,0.0000,2803000.0,30463000.0,3.000,50331648.0,0.000,0,0,50331648,3,0,0,0,1,1
2,chain3_i32,i32,4194304,glibc_t2,P6,8,1,1,15780195.00,4097.0000,0.0000,11910000.0,3877000.0,1.000,16777216.0,0.000,0,0,16777216,1,2,0,0,1,1
2,chain3_i32,i32,4194304,glibc_t2,P7,8,2,1,13093350.00,4097.0000,0.0000,8481000.0,4620000.0,1.000,16777216.0,0.000,0,0,16777216,1,1,1,0,1,1
2,chain3_i32,i32,4194304,glibc_t2,FIXED_TWIN,8,3,1,13044304.00,4097.0000,0.0000,10719000.0,2333000.0,1.000,16777216.0,0.000,0,0,16777216,1,1,1,0,1,1
2,chain3_i32,i32,4194304,glibc_t2,P6,9,0,1,12871154.00,4097.0000,0.0000,4382000.0,8496000.0,1.000,16777216.0,0.000,0,0,16777216,1,2,0,0,1,1
2,chain3_i32,i32,4194304,glibc_t2,P7,9,1,1,12625347.00,4097.0000,0.0000,4275000.0,8358000.0,1.000,16777216.0,0.000,0,0,16777216,1,1,1,0,1,1
2,chain3_i32,i32,4194304,glibc_t2,FIXED_TWIN,9,2,1,12629528.00,4097.0000,0.0000,8279000.0,4358000.0,1.000,16777216.0,0.000,0,0,16777216,1,1,1,0,1,1
2,chain3_i32,i32,4194304,glibc_t2,P5,9,3,1,33908119.00,12291.0000,0.0000,8830000.0,25014000.0,3.000,50331648.0,0.000,0,0,50331648,3,0,0,0,1,1
2,chain3_i32,i32,4194304,glibc_t2,P7,10,0,1,14881949.00,4097.0000,0.0000,3514000.0,11374000.0,1.000,16777216.0,0.000,0,0,16777216,1,1,1,0,1,1
2,chain3_i32,i32,4194304,glibc_t2,FIXED_TWIN,10,1,1,16315682.00,4097.0000,0.0000,8141000.0,8181000.0,1.000,16777216.0,0.000,0,0,16777216,1,1,1,0,1,1
2,chain3_i32,i32,4194304,glibc_t2,P5,10,2,1,33480941.00,12291.0000,0.0000,12646000.0,20841000.0,3.000,50331648.0,0.000,0,0,50331648,3,0,0,0,1,1
2,chain3_i32,i32,4194304,glibc_t2,P6,10,3,1,15989000.00,4097.0000,0.0000,15996000.0,0.0,1.000,16777216.0,0.000,0,0,16777216,1,2,0,0,1,1
2,chain3_i32,i32,4194304,glibc_t2,FIXED_TWIN,11,0,1,13054530.00,4097.0000,0.0000,8464000.0,4598000.0,1.000,16777216.0,0.000,0,0,16777216,1,1,1,0,1,1
2,chain3_i32,i32,4194304,glibc_t2,P5,11,1,1,32686443.00,12291.0000,0.0000,20305000.0,12387000.0,3.000,50331648.0,0.000,0,0,50331648,3,0,0,0,1,1
2,chain3_i32,i32,4194304,glibc_t2,P6,11,2,1,15765975.00,4097.0000,0.0000,3919000.0,11855000.0,1.000,16777216.0,0.000,0,0,16777216,1,2,0,0,1,1
2,chain3_i32,i32,4194304,glibc_t2,P7,11,3,1,12495904.00,4097.0000,0.0000,216000.0,12287000.0,1.000,16777216.0,0.000,0,0,16777216,1,1,1,0,1,1
2,chain3_i32,i32,4194304,glibc_t2,P5,12,0,1,33080441.00,12291.0000,0.0000,10729000.0,22357000.0,3.000,50331648.0,0.000,0,0,50331648,3,0,0,0,1,1
2,chain3_i32,i32,4194304,glibc_t2,P6,12,1,1,14571803.00,4097.0000,0.0000,9124000.0,5455000.0,1.000,16777216.0,0.000,0,0,16777216,1,2,0,0,1,1
2,chain3_i32,i32,4194304,glibc_t2,P7,12,2,1,12458087.00,4097.0000,0.0000,8205000.0,4262000.0,1.000,16777216.0,0.000,0,0,16777216,1,1,1,0,1,1
2,chain3_i32,i32,4194304,glibc_t2,FIXED_TWIN,12,3,1,12787143.00,4097.0000,0.0000,343000.0,12451000.0,1.000,16777216.0,0.000,0,0,16777216,1,1,1,0,1,1
2,chain3_i32,i32,4194304,glibc_t2,P6,13,0,1,13693323.00,4097.0000,0.0000,4739000.0,8960000.0,1.000,16777216.0,0.000,0,0,16777216,1,2,0,0,1,1
2,chain3_i32,i32,4194304,glibc_t2,P7,13,1,1,12904702.00,4097.0000,0.0000,8398000.0,4512000.0,1.000,16777216.0,0.000,0,0,16777216,1,1,1,0,1,1
2,chain3_i32,i32,4194304,glibc_t2,FIXED_TWIN,13,2,1,12153831.00,4097.0000,0.0000,4070000.0,8091000.0,1.000,16777216.0,0.000,0,0,16777216,1,1,1,0,1,1
2,chain3_i32,i32,4194304,glibc_t2,P5,13,3,1,33223907.00,12291.0000,0.0000,8533000.0,24698000.0,3.000,50331648.0,0.000,0,0,50331648,3,0,0,0,1,1
2,chain3_i32,i32,4194304,glibc_t2,P7,14,0,1,14344087.00,4097.0000,0.0000,7283000.0,7068000.0,1.000,16777216.0,0.000,0,0,16777216,1,1,1,0,1,1
2,chain3_i32,i32,4194304,glibc_t2,FIXED_TWIN,14,1,1,13440042.00,4097.0000,0.0000,2887000.0,10560000.0,1.000,16777216.0,0.000,0,0,16777216,1,1,1,0,1,1
2,chain3_i32,i32,4194304,glibc_t2,P5,14,2,1,35412741.00,12291.0000,0.0000,0.0,35419000.0,3.000,50331648.0,0.000,0,0,50331648,3,0,0,0,1,1
2,chain3_i32,i32,4194304,glibc_t2,P6,14,3,1,15918006.00,4097.0000,0.0000,11970000.0,3955000.0,1.000,16777216.0,0.000,0,0,16777216,1,2,0,0,1,1
2,chain3_i32,i32,16777216,glibc_t2,P5,0,0,1,134026746.00,49155.0000,0.0000,35131000.0,98903000.0,3.000,201326592.0,0.000,0,0,201326592,3,0,0,0,1,1
2,chain3_i32,i32,16777216,glibc_t2,P6,0,1,1,75658770.00,16385.0000,0.0000,37600000.0,38067000.0,1.000,67108864.0,0.000,0,0,67108864,1,2,0,0,1,1
2,chain3_i32,i32,16777216,glibc_t2,P7,0,2,1,59862892.00,16385.0000,0.0000,43912000.0,15916000.0,1.000,67108864.0,0.000,0,0,67108864,1,1,1,0,1,1
2,chain3_i32,i32,16777216,glibc_t2,FIXED_TWIN,0,3,1,61645496.00,16385.0000,0.0000,34982000.0,26671000.0,1.000,67108864.0,0.000,0,0,67108864,1,1,1,0,1,1
2,chain3_i32,i32,16777216,glibc_t2,P6,1,0,1,72493127.00,16385.0000,0.0000,46445000.0,26016000.0,1.000,67108864.0,0.000,0,0,67108864,1,2,0,0,1,1
2,chain3_i32,i32,16777216,glibc_t2,P7,1,1,1,64239183.00,16385.0000,0.0000,48113000.0,16121000.0,1.000,67108864.0,0.000,0,0,67108864,1,1,1,0,1,1
2,chain3_i32,i32,16777216,glibc_t2,FIXED_TWIN,1,2,1,61732873.00,16385.0000,0.0000,36765000.0,24976000.0,1.000,67108864.0,0.000,0,0,67108864,1,1,1,0,1,1
2,chain3_i32,i32,16777216,glibc_t2,P5,1,3,1,140039969.00,49155.0000,0.0000,36006000.0,104002000.0,3.000,201326592.0,0.000,0,0,201326592,3,0,0,0,1,1
2,chain3_i32,i32,16777216,glibc_t2,P7,2,0,1,67556101.00,16385.0000,0.0000,31764000.0,35717000.0,1.000,67108864.0,0.000,0,0,67108864,1,1,1,0,1,1
2,chain3_i32,i32,16777216,glibc_t2,FIXED_TWIN,2,1,1,59563677.00,16385.0000,0.0000,35818000.0,23752000.0,1.000,67108864.0,0.000,0,0,67108864,1,1,1,0,1,1
2,chain3_i32,i32,16777216,glibc_t2,P5,2,2,1,132530358.00,49155.0000,0.0000,28198000.0,104295000.0,3.000,201326592.0,0.000,0,0,201326592,3,0,0,0,1,1
2,chain3_i32,i32,16777216,glibc_t2,P6,2,3,1,73597824.00,16385.0000,0.0000,50967000.0,22639000.0,1.000,67108864.0,0.000,0,0,67108864,1,2,0,0,1,1
2,chain3_i32,i32,16777216,glibc_t2,FIXED_TWIN,3,0,1,60906860.00,16385.0000,0.0000,28400000.0,32515000.0,1.000,67108864.0,0.000,0,0,67108864,1,1,1,0,1,1
2,chain3_i32,i32,16777216,glibc_t2,P5,3,1,1,132257744.00,49155.0000,0.0000,28053000.0,104167000.0,3.000,201326592.0,0.000,0,0,201326592,3,0,0,0,1,1
2,chain3_i32,i32,16777216,glibc_t2,P6,3,2,1,72432397.00,16385.0000,0.0000,32192000.0,40247000.0,1.000,67108864.0,0.000,0,0,67108864,1,2,0,0,1,1
2,chain3_i32,i32,16777216,glibc_t2,P7,3,3,1,60134169.00,16385.0000,0.0000,40070000.0,20072000.0,1.000,67108864.0,0.000,0,0,67108864,1,1,1,0,1,1
2,chain3_i32,i32,16777216,glibc_t2,P5,4,0,1,162871180.00,49155.0000,0.0000,47483000.0,115281000.0,3.000,201326592.0,0.000,0,0,201326592,3,0,0,0,1,1
2,chain3_i32,i32,16777216,glibc_t2,P6,4,1,1,71924886.00,16385.0000,0.0000,35974000.0,35960000.0,1.000,67108864.0,0.000,0,0,67108864,1,2,0,0,1,1
2,chain3_i32,i32,16777216,glibc_t2,P7,4,2,1,62377069.00,16385.0000,0.0000,35300000.0,27084000.0,1.000,67108864.0,0.000,0,0,67108864,1,1,1,0,1,1
2,chain3_i32,i32,16777216,glibc_t2,FIXED_TWIN,4,3,1,62390783.00,16385.0000,0.0000,35306000.0,27092000.0,1.000,67108864.0,0.000,0,0,67108864,1,1,1,0,1,1
2,chain3_i32,i32,16777216,glibc_t2,P6,5,0,1,76919612.00,16385.0000,0.0000,58624000.0,18253000.0,1.000,67108864.0,0.000,0,0,67108864,1,2,0,0,1,1
2,chain3_i32,i32,16777216,glibc_t2,P7,5,1,1,74834579.00,16385.0000,0.0000,45170000.0,29558000.0,1.000,67108864.0,0.000,0,0,67108864,1,1,1,0,1,1
2,chain3_i32,i32,16777216,glibc_t2,FIXED_TWIN,5,2,1,60615483.00,16385.0000,0.0000,30528000.0,30095000.0,1.000,67108864.0,0.000,0,0,67108864,1,1,1,0,1,1
2,chain3_i32,i32,16777216,glibc_t2,P5,5,3,1,137076862.00,49155.0000,0.0000,24453000.0,112630000.0,3.000,201326592.0,0.000,0,0,201326592,3,0,0,0,1,1
2,chain3_i32,i32,16777216,glibc_t2,P7,6,0,1,62945293.00,16385.0000,0.0000,49300000.0,13652000.0,1.000,67108864.0,0.000,0,0,67108864,1,1,1,0,1,1
2,chain3_i32,i32,16777216,glibc_t2,FIXED_TWIN,6,1,1,60474094.00,16385.0000,0.0000,36215000.0,24266000.0,1.000,67108864.0,0.000,0,0,67108864,1,1,1,0,1,1
2,chain3_i32,i32,16777216,glibc_t2,P5,6,2,1,129650371.00,49155.0000,0.0000,42964000.0,86679000.0,3.000,201326592.0,0.000,0,0,201326592,3,0,0,0,1,1
2,chain3_i32,i32,16777216,glibc_t2,P6,6,3,1,67172380.00,16385.0000,0.0000,43651000.0,23531000.0,1.000,67108864.0,0.000,0,0,67108864,1,2,0,0,1,1
2,chain3_i32,i32,16777216,glibc_t2,FIXED_TWIN,7,0,1,58748197.00,16385.0000,0.0000,35458000.0,23287000.0,1.000,67108864.0,0.000,0,0,67108864,1,1,1,0,1,1
2,chain3_i32,i32,16777216,glibc_t2,P5,7,1,1,125589677.00,49155.0000,0.0000,24680000.0,100901000.0,3.000,201326592.0,0.000,0,0,201326592,3,0,0,0,1,1
2,chain3_i32,i32,16777216,glibc_t2,P6,7,2,1,67562953.00,16385.0000,0.0000,31814000.0,35757000.0,1.000,67108864.0,0.000,0,0,67108864,1,2,0,0,1,1
2,chain3_i32,i32,16777216,glibc_t2,P7,7,3,1,59153053.00,16385.0000,0.0000,33384000.0,25777000.0,1.000,67108864.0,0.000,0,0,67108864,1,1,1,0,1,1
2,chain3_i32,i32,16777216,glibc_t2,P5,8,0,1,122088074.00,49155.0000,0.0000,44910000.0,77186000.0,3.000,201326592.0,0.000,0,0,201326592,3,0,0,0,1,1
2,chain3_i32,i32,16777216,glibc_t2,P6,8,1,1,70486403.00,16385.0000,0.0000,33090000.0,37405000.0,1.000,67108864.0,0.000,0,0,67108864,1,2,0,0,1,1
2,chain3_i32,i32,16777216,glibc_t2,P7,8,2,1,62053677.00,16385.0000,0.0000,28901000.0,33161000.0,1.000,67108864.0,0.000,0,0,67108864,1,1,1,0,1,1
2,chain3_i32,i32,16777216,glibc_t2,FIXED_TWIN,8,3,1,60457036.00,16385.0000,0.0000,28204000.0,32260000.0,1.000,67108864.0,0.000,0,0,67108864,1,1,1,0,1,1
2,chain3_i32,i32,16777216,glibc_t2,P6,9,0,1,81590681.00,16385.0000,0.0000,42956000.0,38643000.0,1.000,67108864.0,0.000,0,0,67108864,1,2,0,0,1,1
2,chain3_i32,i32,16777216,glibc_t2,P7,9,1,1,61690446.00,16385.0000,0.0000,51008000.0,10689000.0,1.000,67108864.0,0.000,0,0,67108864,1,1,1,0,1,1
2,chain3_i32,i32,16777216,glibc_t2,FIXED_TWIN,9,2,1,66181396.00,16385.0000,0.0000,39199000.0,26953000.0,1.000,67108864.0,0.000,0,0,67108864,1,1,1,0,1,1
2,chain3_i32,i32,16777216,glibc_t2,P5,9,3,1,130048142.00,49155.0000,0.0000,55142000.0,74895000.0,3.000,201326592.0,0.000,0,0,201326592,3,0,0,0,1,1
2,chain3_i32,i32,16777216,glibc_t2,P7,10,0,1,56629918.00,16385.0000,0.0000,20276000.0,36361000.0,1.000,67108864.0,0.000,0,0,67108864,1,1,1,0,1,1
2,chain3_i32,i32,16777216,glibc_t2,FIXED_TWIN,10,1,1,56365716.00,16385.0000,0.0000,28165000.0,28197000.0,1.000,67108864.0,0.000,0,0,67108864,1,1,1,0,1,1
2,chain3_i32,i32,16777216,glibc_t2,P5,10,2,1,125865473.00,49155.0000,0.0000,56818000.0,69053000.0,3.000,201326592.0,0.000,0,0,201326592,3,0,0,0,1,1
2,chain3_i32,i32,16777216,glibc_t2,P6,10,3,1,66194884.00,16385.0000,0.0000,47205000.0,18952000.0,1.000,67108864.0,0.000,0,0,67108864,1,2,0,0,1,1
2,chain3_i32,i32,16777216,glibc_t2,FIXED_TWIN,11,0,1,59961204.00,16385.0000,0.0000,31985000.0,27974000.0,1.000,67108864.0,0.000,0,0,67108864,1,1,1,0,1,1
2,chain3_i32,i32,16777216,glibc_t2,P5,11,1,1,119834803.00,49155.0000,0.0000,43926000.0,75915000.0,3.000,201326592.0,0.000,0,0,201326592,3,0,0,0,1,1
2,chain3_i32,i32,16777216,glibc_t2,P6,11,2,1,64878204.00,16385.0000,0.0000,36391000.0,28495000.0,1.000,67108864.0,0.000,0,0,67108864,1,2,0,0,1,1
2,chain3_i32,i32,16777216,glibc_t2,P7,11,3,1,56784075.00,16385.0000,0.0000,24345000.0,32445000.0,1.000,67108864.0,0.000,0,0,67108864,1,1,1,0,1,1
2,chain3_i32,i32,16777216,glibc_t2,P5,12,0,1,127365711.00,49155.0000,0.0000,29458000.0,97914000.0,3.000,201326592.0,0.000,0,0,201326592,3,0,0,0,1,1
2,chain3_i32,i32,16777216,glibc_t2,P6,12,1,1,64858605.00,16385.0000,0.0000,44388000.0,20479000.0,1.000,67108864.0,0.000,0,0,67108864,1,2,0,0,1,1
2,chain3_i32,i32,16777216,glibc_t2,P7,12,2,1,56906042.00,16385.0000,0.0000,28385000.0,28512000.0,1.000,67108864.0,0.000,0,0,67108864,1,1,1,0,1,1
2,chain3_i32,i32,16777216,glibc_t2,FIXED_TWIN,12,3,1,56947741.00,16385.0000,0.0000,28415000.0,28531000.0,1.000,67108864.0,0.000,0,0,67108864,1,1,1,0,1,1
2,chain3_i32,i32,16777216,glibc_t2,P6,13,0,1,65646172.00,16385.0000,0.0000,36728000.0,28927000.0,1.000,67108864.0,0.000,0,0,67108864,1,2,0,0,1,1
2,chain3_i32,i32,16777216,glibc_t2,P7,13,1,1,57892151.00,16385.0000,0.0000,36837000.0,21062000.0,1.000,67108864.0,0.000,0,0,67108864,1,1,1,0,1,1
2,chain3_i32,i32,16777216,glibc_t2,FIXED_TWIN,13,2,1,58878800.00,16385.0000,0.0000,35481000.0,23368000.0,1.000,67108864.0,0.000,0,0,67108864,1,1,1,0,1,1
2,chain3_i32,i32,16777216,glibc_t2,P5,13,3,1,125395557.00,49155.0000,0.0000,46860000.0,78542000.0,3.000,201326592.0,0.000,0,0,201326592,3,0,0,0,1,1
2,chain3_i32,i32,16777216,glibc_t2,P7,14,0,1,57358650.00,16385.0000,0.0000,28599000.0,28767000.0,1.000,67108864.0,0.000,0,0,67108864,1,1,1,0,1,1
2,chain3_i32,i32,16777216,glibc_t2,FIXED_TWIN,14,1,1,59385803.00,16385.0000,0.0000,39742000.0,19651000.0,1.000,67108864.0,0.000,0,0,67108864,1,1,1,0,1,1
2,chain3_i32,i32,16777216,glibc_t2,P5,14,2,1,125247053.00,49155.0000,0.0000,28533000.0,96719000.0,3.000,201326592.0,0.000,0,0,201326592,3,0,0,0,1,1
2,chain3_i32,i32,16777216,glibc_t2,P6,14,3,1,65574283.00,16385.0000,0.0000,40700000.0,24885000.0,1.000,67108864.0,0.000,0,0,67108864,1,2,0,0,1,1
