replicate,program,dtype,n,regime,plan,rep,order_pos,k,ns_per_call,minflt_per_call,majflt_per_call,utime_ns_per_call,stime_ns_per_call,result_allocs_per_call,result_alloc_bytes_per_call,arena_allocs_per_call,arena_fallbacks,table_overflows,peak_live_bytes_interval,fresh,in_place,fused,copies,moves,correct
3,single,f32,64,glibc_t1,P5,0,0,1000,210.68,0.0020,0.0000,222.0,0.0,1.000,256.0,0.000,0,0,256000,1,0,0,0,1,1
3,single,f32,64,glibc_t1,FIXED_TWIN,0,1,1000,210.52,0.0000,0.0000,212.0,0.0,1.000,256.0,0.000,0,0,256000,1,0,0,0,1,1
3,single,f32,64,glibc_t1,FIXED_TWIN,1,0,1000,210.69,0.0000,0.0000,211.0,0.0,1.000,256.0,0.000,0,0,256000,1,0,0,0,1,1
3,single,f32,64,glibc_t1,P5,1,1,1000,238.98,0.0000,0.0000,240.0,0.0,1.000,256.0,0.000,0,0,256000,1,0,0,0,1,1
3,single,f32,64,glibc_t1,P5,2,0,1000,214.31,0.0000,0.0000,215.0,0.0,1.000,256.0,0.000,0,0,256000,1,0,0,0,1,1
3,single,f32,64,glibc_t1,FIXED_TWIN,2,1,1000,209.19,0.0000,0.0000,210.0,0.0,1.000,256.0,0.000,0,0,256000,1,0,0,0,1,1
3,single,f32,64,glibc_t1,FIXED_TWIN,3,0,1000,209.64,0.0000,0.0000,210.0,0.0,1.000,256.0,0.000,0,0,256000,1,0,0,0,1,1
3,single,f32,64,glibc_t1,P5,3,1,1000,208.23,0.0000,0.0000,209.0,0.0,1.000,256.0,0.000,0,0,256000,1,0,0,0,1,1
3,single,f32,64,glibc_t1,P5,4,0,1000,266.11,0.0000,0.0000,235.0,0.0,1.000,256.0,0.000,0,0,256000,1,0,0,0,1,1
3,single,f32,64,glibc_t1,FIXED_TWIN,4,1,1000,253.38,0.0000,0.0000,254.0,0.0,1.000,256.0,0.000,0,0,256000,1,0,0,0,1,1
3,single,f32,64,glibc_t1,FIXED_TWIN,5,0,1000,211.58,0.0000,0.0000,212.0,0.0,1.000,256.0,0.000,0,0,256000,1,0,0,0,1,1
3,single,f32,64,glibc_t1,P5,5,1,1000,211.81,0.0000,0.0000,212.0,0.0,1.000,256.0,0.000,0,0,256000,1,0,0,0,1,1
3,single,f32,64,glibc_t1,P5,6,0,1000,208.47,0.0000,0.0000,209.0,0.0,1.000,256.0,0.000,0,0,256000,1,0,0,0,1,1
3,single,f32,64,glibc_t1,FIXED_TWIN,6,1,1000,224.30,0.0000,0.0000,225.0,0.0,1.000,256.0,0.000,0,0,256000,1,0,0,0,1,1
3,single,f32,64,glibc_t1,FIXED_TWIN,7,0,1000,214.32,0.0000,0.0000,215.0,0.0,1.000,256.0,0.000,0,0,256000,1,0,0,0,1,1
3,single,f32,64,glibc_t1,P5,7,1,1000,220.13,0.0000,0.0000,220.0,0.0,1.000,256.0,0.000,0,0,256000,1,0,0,0,1,1
3,single,f32,64,glibc_t1,P5,8,0,1000,229.38,0.0000,0.0000,230.0,0.0,1.000,256.0,0.000,0,0,256000,1,0,0,0,1,1
3,single,f32,64,glibc_t1,FIXED_TWIN,8,1,1000,209.42,0.0000,0.0000,210.0,0.0,1.000,256.0,0.000,0,0,256000,1,0,0,0,1,1
3,single,f32,64,glibc_t1,FIXED_TWIN,9,0,1000,224.31,0.0000,0.0000,225.0,0.0,1.000,256.0,0.000,0,0,256000,1,0,0,0,1,1
3,single,f32,64,glibc_t1,P5,9,1,1000,213.22,0.0000,0.0000,214.0,0.0,1.000,256.0,0.000,0,0,256000,1,0,0,0,1,1
3,single,f32,64,glibc_t1,P5,10,0,1000,221.44,0.0000,0.0000,222.0,0.0,1.000,256.0,0.000,0,0,256000,1,0,0,0,1,1
3,single,f32,64,glibc_t1,FIXED_TWIN,10,1,1000,213.92,0.0000,0.0000,214.0,0.0,1.000,256.0,0.000,0,0,256000,1,0,0,0,1,1
3,single,f32,64,glibc_t1,FIXED_TWIN,11,0,1000,210.36,0.0000,0.0000,211.0,0.0,1.000,256.0,0.000,0,0,256000,1,0,0,0,1,1
3,single,f32,64,glibc_t1,P5,11,1,1000,281.76,0.0000,0.0000,282.0,0.0,1.000,256.0,0.000,0,0,256000,1,0,0,0,1,1
3,single,f32,64,glibc_t1,P5,12,0,1000,214.79,0.0000,0.0000,215.0,0.0,1.000,256.0,0.000,0,0,256000,1,0,0,0,1,1
3,single,f32,64,glibc_t1,FIXED_TWIN,12,1,1000,213.65,0.0000,0.0000,214.0,0.0,1.000,256.0,0.000,0,0,256000,1,0,0,0,1,1
3,single,f32,64,glibc_t1,FIXED_TWIN,13,0,1000,209.75,0.0000,0.0000,211.0,0.0,1.000,256.0,0.000,0,0,256000,1,0,0,0,1,1
3,single,f32,64,glibc_t1,P5,13,1,1000,210.02,0.0000,0.0000,210.0,0.0,1.000,256.0,0.000,0,0,256000,1,0,0,0,1,1
3,single,f32,64,glibc_t1,P5,14,0,1000,210.71,0.0000,0.0000,211.0,0.0,1.000,256.0,0.000,0,0,256000,1,0,0,0,1,1
3,single,f32,64,glibc_t1,FIXED_TWIN,14,1,1000,215.45,0.0000,0.0000,216.0,0.0,1.000,256.0,0.000,0,0,256000,1,0,0,0,1,1
3,single,f32,1024,glibc_t1,P5,0,0,1000,363.35,0.0000,0.0000,367.0,0.0,1.000,4096.0,0.000,0,0,4096000,1,0,0,0,1,1
3,single,f32,1024,glibc_t1,FIXED_TWIN,0,1,1000,471.47,0.0000,0.0000,475.0,0.0,1.000,4096.0,0.000,0,0,4096000,1,0,0,0,1,1
3,single,f32,1024,glibc_t1,FIXED_TWIN,1,0,1000,353.02,0.0000,0.0000,355.0,0.0,1.000,4096.0,0.000,0,0,4096000,1,0,0,0,1,1
3,single,f32,1024,glibc_t1,P5,1,1,1000,373.74,0.0000,0.0000,376.0,0.0,1.000,4096.0,0.000,0,0,4096000,1,0,0,0,1,1
3,single,f32,1024,glibc_t1,P5,2,0,1000,373.35,0.0000,0.0000,376.0,0.0,1.000,4096.0,0.000,0,0,4096000,1,0,0,0,1,1
3,single,f32,1024,glibc_t1,FIXED_TWIN,2,1,1000,355.58,0.0000,0.0000,357.0,0.0,1.000,4096.0,0.000,0,0,4096000,1,0,0,0,1,1
3,single,f32,1024,glibc_t1,FIXED_TWIN,3,0,1000,417.69,0.0000,0.0000,421.0,0.0,1.000,4096.0,0.000,0,0,4096000,1,0,0,0,1,1
3,single,f32,1024,glibc_t1,P5,3,1,1000,483.01,0.0000,0.0000,487.0,0.0,1.000,4096.0,0.000,0,0,4096000,1,0,0,0,1,1
3,single,f32,1024,glibc_t1,P5,4,0,1000,364.27,0.0000,0.0000,367.0,0.0,1.000,4096.0,0.000,0,0,4096000,1,0,0,0,1,1
3,single,f32,1024,glibc_t1,FIXED_TWIN,4,1,1000,377.64,0.0000,0.0000,380.0,0.0,1.000,4096.0,0.000,0,0,4096000,1,0,0,0,1,1
3,single,f32,1024,glibc_t1,FIXED_TWIN,5,0,1000,481.46,0.0000,0.0000,484.0,0.0,1.000,4096.0,0.000,0,0,4096000,1,0,0,0,1,1
3,single,f32,1024,glibc_t1,P5,5,1,1000,539.39,0.0000,0.0000,543.0,0.0,1.000,4096.0,0.000,0,0,4096000,1,0,0,0,1,1
3,single,f32,1024,glibc_t1,P5,6,0,1000,389.53,0.0000,0.0000,392.0,0.0,1.000,4096.0,0.000,0,0,4096000,1,0,0,0,1,1
3,single,f32,1024,glibc_t1,FIXED_TWIN,6,1,1000,363.54,0.0000,0.0000,366.0,0.0,1.000,4096.0,0.000,0,0,4096000,1,0,0,0,1,1
3,single,f32,1024,glibc_t1,FIXED_TWIN,7,0,1000,369.98,0.0000,0.0000,372.0,0.0,1.000,4096.0,0.000,0,0,4096000,1,0,0,0,1,1
3,single,f32,1024,glibc_t1,P5,7,1,1000,355.76,0.0000,0.0000,357.0,0.0,1.000,4096.0,0.000,0,0,4096000,1,0,0,0,1,1
3,single,f32,1024,glibc_t1,P5,8,0,1000,475.00,0.0000,0.0000,477.0,0.0,1.000,4096.0,0.000,0,0,4096000,1,0,0,0,1,1
3,single,f32,1024,glibc_t1,FIXED_TWIN,8,1,1000,553.84,0.0000,0.0000,558.0,0.0,1.000,4096.0,0.000,0,0,4096000,1,0,0,0,1,1
3,single,f32,1024,glibc_t1,FIXED_TWIN,9,0,1000,382.64,0.0000,0.0000,386.0,0.0,1.000,4096.0,0.000,0,0,4096000,1,0,0,0,1,1
3,single,f32,1024,glibc_t1,P5,9,1,1000,354.63,0.0000,0.0000,356.0,0.0,1.000,4096.0,0.000,0,0,4096000,1,0,0,0,1,1
3,single,f32,1024,glibc_t1,P5,10,0,1000,360.96,0.0000,0.0000,363.0,0.0,1.000,4096.0,0.000,0,0,4096000,1,0,0,0,1,1
3,single,f32,1024,glibc_t1,FIXED_TWIN,10,1,1000,403.63,0.0000,0.0000,405.0,0.0,1.000,4096.0,0.000,0,0,4096000,1,0,0,0,1,1
3,single,f32,1024,glibc_t1,FIXED_TWIN,11,0,1000,375.21,0.0000,0.0000,377.0,0.0,1.000,4096.0,0.000,0,0,4096000,1,0,0,0,1,1
3,single,f32,1024,glibc_t1,P5,11,1,1000,365.15,0.0000,0.0000,368.0,0.0,1.000,4096.0,0.000,0,0,4096000,1,0,0,0,1,1
3,single,f32,1024,glibc_t1,P5,12,0,1000,353.54,0.0000,0.0000,355.0,0.0,1.000,4096.0,0.000,0,0,4096000,1,0,0,0,1,1
3,single,f32,1024,glibc_t1,FIXED_TWIN,12,1,1000,373.38,0.0000,0.0000,374.0,0.0,1.000,4096.0,0.000,0,0,4096000,1,0,0,0,1,1
3,single,f32,1024,glibc_t1,FIXED_TWIN,13,0,1000,371.02,0.0000,0.0000,374.0,0.0,1.000,4096.0,0.000,0,0,4096000,1,0,0,0,1,1
3,single,f32,1024,glibc_t1,P5,13,1,1000,352.41,0.0000,0.0000,355.0,0.0,1.000,4096.0,0.000,0,0,4096000,1,0,0,0,1,1
3,single,f32,1024,glibc_t1,P5,14,0,1000,374.45,0.0000,0.0000,377.0,0.0,1.000,4096.0,0.000,0,0,4096000,1,0,0,0,1,1
3,single,f32,1024,glibc_t1,FIXED_TWIN,14,1,1000,362.21,0.0000,0.0000,363.0,0.0,1.000,4096.0,0.000,0,0,4096000,1,0,0,0,1,1
3,single,f32,4096,glibc_t1,P5,0,0,1,854.00,0.0000,0.0000,2000.0,0.0,1.000,16384.0,0.000,0,0,16384,1,0,0,0,1,1
3,single,f32,4096,glibc_t1,FIXED_TWIN,0,1,1,811.00,0.0000,0.0000,1000.0,0.0,1.000,16384.0,0.000,0,0,16384,1,0,0,0,1,1
3,single,f32,4096,glibc_t1,FIXED_TWIN,1,0,1,825.00,0.0000,0.0000,1000.0,0.0,1.000,16384.0,0.000,0,0,16384,1,0,0,0,1,1
3,single,f32,4096,glibc_t1,P5,1,1,1,784.00,0.0000,0.0000,1000.0,0.0,1.000,16384.0,0.000,0,0,16384,1,0,0,0,1,1
3,single,f32,4096,glibc_t1,P5,2,0,1,777.00,0.0000,0.0000,1000.0,0.0,1.000,16384.0,0.000,0,0,16384,1,0,0,0,1,1
3,single,f32,4096,glibc_t1,FIXED_TWIN,2,1,1,821.00,0.0000,0.0000,1000.0,0.0,1.000,16384.0,0.000,0,0,16384,1,0,0,0,1,1
3,single,f32,4096,glibc_t1,FIXED_TWIN,3,0,1,803.00,0.0000,0.0000,1000.0,0.0,1.000,16384.0,0.000,0,0,16384,1,0,0,0,1,1
3,single,f32,4096,glibc_t1,P5,3,1,1,805.00,0.0000,0.0000,1000.0,0.0,1.000,16384.0,0.000,0,0,16384,1,0,0,0,1,1
3,single,f32,4096,glibc_t1,P5,4,0,1,771.00,0.0000,0.0000,1000.0,0.0,1.000,16384.0,0.000,0,0,16384,1,0,0,0,1,1
3,single,f32,4096,glibc_t1,FIXED_TWIN,4,1,1,796.00,0.0000,0.0000,1000.0,0.0,1.000,16384.0,0.000,0,0,16384,1,0,0,0,1,1
3,single,f32,4096,glibc_t1,FIXED_TWIN,5,0,1,791.00,0.0000,0.0000,1000.0,0.0,1.000,16384.0,0.000,0,0,16384,1,0,0,0,1,1
3,single,f32,4096,glibc_t1,P5,5,1,1,782.00,0.0000,0.0000,1000.0,0.0,1.000,16384.0,0.000,0,0,16384,1,0,0,0,1,1
3,single,f32,4096,glibc_t1,P5,6,0,1,789.00,0.0000,0.0000,2000.0,0.0,1.000,16384.0,0.000,0,0,16384,1,0,0,0,1,1
3,single,f32,4096,glibc_t1,FIXED_TWIN,6,1,1,788.00,0.0000,0.0000,2000.0,0.0,1.000,16384.0,0.000,0,0,16384,1,0,0,0,1,1
3,single,f32,4096,glibc_t1,FIXED_TWIN,7,0,1,755.00,0.0000,0.0000,1000.0,0.0,1.000,16384.0,0.000,0,0,16384,1,0,0,0,1,1
3,single,f32,4096,glibc_t1,P5,7,1,1,799.00,0.0000,0.0000,1000.0,0.0,1.000,16384.0,0.000,0,0,16384,1,0,0,0,1,1
3,single,f32,4096,glibc_t1,P5,8,0,1,770.00,0.0000,0.0000,1000.0,0.0,1.000,16384.0,0.000,0,0,16384,1,0,0,0,1,1
3,single,f32,4096,glibc_t1,FIXED_TWIN,8,1,1,835.00,0.0000,0.0000,1000.0,0.0,1.000,16384.0,0.000,0,0,16384,1,0,0,0,1,1
3,single,f32,4096,glibc_t1,FIXED_TWIN,9,0,1,810.00,0.0000,0.0000,1000.0,0.0,1.000,16384.0,0.000,0,0,16384,1,0,0,0,1,1
3,single,f32,4096,glibc_t1,P5,9,1,1,791.00,0.0000,0.0000,1000.0,0.0,1.000,16384.0,0.000,0,0,16384,1,0,0,0,1,1
3,single,f32,4096,glibc_t1,P5,10,0,1,802.00,0.0000,0.0000,1000.0,0.0,1.000,16384.0,0.000,0,0,16384,1,0,0,0,1,1
3,single,f32,4096,glibc_t1,FIXED_TWIN,10,1,1,795.00,0.0000,0.0000,1000.0,0.0,1.000,16384.0,0.000,0,0,16384,1,0,0,0,1,1
3,single,f32,4096,glibc_t1,FIXED_TWIN,11,0,1,757.00,0.0000,0.0000,2000.0,0.0,1.000,16384.0,0.000,0,0,16384,1,0,0,0,1,1
3,single,f32,4096,glibc_t1,P5,11,1,1,766.00,0.0000,0.0000,1000.0,0.0,1.000,16384.0,0.000,0,0,16384,1,0,0,0,1,1
3,single,f32,4096,glibc_t1,P5,12,0,1,791.00,0.0000,0.0000,1000.0,0.0,1.000,16384.0,0.000,0,0,16384,1,0,0,0,1,1
3,single,f32,4096,glibc_t1,FIXED_TWIN,12,1,1,779.00,0.0000,0.0000,1000.0,0.0,1.000,16384.0,0.000,0,0,16384,1,0,0,0,1,1
3,single,f32,4096,glibc_t1,FIXED_TWIN,13,0,1,767.00,0.0000,0.0000,1000.0,0.0,1.000,16384.0,0.000,0,0,16384,1,0,0,0,1,1
3,single,f32,4096,glibc_t1,P5,13,1,1,815.00,0.0000,0.0000,1000.0,0.0,1.000,16384.0,0.000,0,0,16384,1,0,0,0,1,1
3,single,f32,4096,glibc_t1,P5,14,0,1,777.00,0.0000,0.0000,2000.0,0.0,1.000,16384.0,0.000,0,0,16384,1,0,0,0,1,1
3,single,f32,4096,glibc_t1,FIXED_TWIN,14,1,1,807.00,0.0000,0.0000,2000.0,0.0,1.000,16384.0,0.000,0,0,16384,1,0,0,0,1,1
3,single,f32,16384,glibc_t1,P5,0,0,1,2457.00,0.0000,0.0000,3000.0,0.0,1.000,65536.0,0.000,0,0,65536,1,0,0,0,1,1
3,single,f32,16384,glibc_t1,FIXED_TWIN,0,1,1,2465.00,0.0000,0.0000,3000.0,0.0,1.000,65536.0,0.000,0,0,65536,1,0,0,0,1,1
3,single,f32,16384,glibc_t1,FIXED_TWIN,1,0,1,2404.00,0.0000,0.0000,3000.0,0.0,1.000,65536.0,0.000,0,0,65536,1,0,0,0,1,1
3,single,f32,16384,glibc_t1,P5,1,1,1,2428.00,0.0000,0.0000,3000.0,0.0,1.000,65536.0,0.000,0,0,65536,1,0,0,0,1,1
3,single,f32,16384,glibc_t1,P5,2,0,1,2436.00,0.0000,0.0000,2000.0,0.0,1.000,65536.0,0.000,0,0,65536,1,0,0,0,1,1
3,single,f32,16384,glibc_t1,FIXED_TWIN,2,1,1,2418.00,0.0000,0.0000,3000.0,0.0,1.000,65536.0,0.000,0,0,65536,1,0,0,0,1,1
3,single,f32,16384,glibc_t1,FIXED_TWIN,3,0,1,2453.00,0.0000,0.0000,3000.0,0.0,1.000,65536.0,0.000,0,0,65536,1,0,0,0,1,1
3,single,f32,16384,glibc_t1,P5,3,1,1,2430.00,0.0000,0.0000,3000.0,0.0,1.000,65536.0,0.000,0,0,65536,1,0,0,0,1,1
3,single,f32,16384,glibc_t1,P5,4,0,1,2454.00,0.0000,0.0000,3000.0,0.0,1.000,65536.0,0.000,0,0,65536,1,0,0,0,1,1
3,single,f32,16384,glibc_t1,FIXED_TWIN,4,1,1,2409.00,0.0000,0.0000,3000.0,0.0,1.000,65536.0,0.000,0,0,65536,1,0,0,0,1,1
3,single,f32,16384,glibc_t1,FIXED_TWIN,5,0,1,2594.00,0.0000,0.0000,3000.0,0.0,1.000,65536.0,0.000,0,0,65536,1,0,0,0,1,1
3,single,f32,16384,glibc_t1,P5,5,1,1,2545.00,0.0000,0.0000,3000.0,0.0,1.000,65536.0,0.000,0,0,65536,1,0,0,0,1,1
3,single,f32,16384,glibc_t1,P5,6,0,1,2465.00,0.0000,0.0000,3000.0,0.0,1.000,65536.0,0.000,0,0,65536,1,0,0,0,1,1
3,single,f32,16384,glibc_t1,FIXED_TWIN,6,1,1,2432.00,0.0000,0.0000,3000.0,0.0,1.000,65536.0,0.000,0,0,65536,1,0,0,0,1,1
3,single,f32,16384,glibc_t1,FIXED_TWIN,7,0,1,2433.00,0.0000,0.0000,3000.0,0.0,1.000,65536.0,0.000,0,0,65536,1,0,0,0,1,1
3,single,f32,16384,glibc_t1,P5,7,1,1,2401.00,0.0000,0.0000,3000.0,0.0,1.000,65536.0,0.000,0,0,65536,1,0,0,0,1,1
3,single,f32,16384,glibc_t1,P5,8,0,1,2414.00,0.0000,0.0000,3000.0,0.0,1.000,65536.0,0.000,0,0,65536,1,0,0,0,1,1
3,single,f32,16384,glibc_t1,FIXED_TWIN,8,1,1,2431.00,0.0000,0.0000,3000.0,0.0,1.000,65536.0,0.000,0,0,65536,1,0,0,0,1,1
3,single,f32,16384,glibc_t1,FIXED_TWIN,9,0,1,2412.00,0.0000,0.0000,3000.0,0.0,1.000,65536.0,0.000,0,0,65536,1,0,0,0,1,1
3,single,f32,16384,glibc_t1,P5,9,1,1,2462.00,0.0000,0.0000,3000.0,0.0,1.000,65536.0,0.000,0,0,65536,1,0,0,0,1,1
3,single,f32,16384,glibc_t1,P5,10,0,1,2448.00,0.0000,0.0000,3000.0,0.0,1.000,65536.0,0.000,0,0,65536,1,0,0,0,1,1
3,single,f32,16384,glibc_t1,FIXED_TWIN,10,1,1,2422.00,0.0000,0.0000,3000.0,0.0,1.000,65536.0,0.000,0,0,65536,1,0,0,0,1,1
3,single,f32,16384,glibc_t1,FIXED_TWIN,11,0,1,2473.00,0.0000,0.0000,3000.0,0.0,1.000,65536.0,0.000,0,0,65536,1,0,0,0,1,1
3,single,f32,16384,glibc_t1,P5,11,1,1,2458.00,0.0000,0.0000,3000.0,0.0,1.000,65536.0,0.000,0,0,65536,1,0,0,0,1,1
3,single,f32,16384,glibc_t1,P5,12,0,1,2426.00,0.0000,0.0000,3000.0,0.0,1.000,65536.0,0.000,0,0,65536,1,0,0,0,1,1
3,single,f32,16384,glibc_t1,FIXED_TWIN,12,1,1,2382.00,0.0000,0.0000,3000.0,0.0,1.000,65536.0,0.000,0,0,65536,1,0,0,0,1,1
3,single,f32,16384,glibc_t1,FIXED_TWIN,13,0,1,2391.00,0.0000,0.0000,3000.0,0.0,1.000,65536.0,0.000,0,0,65536,1,0,0,0,1,1
3,single,f32,16384,glibc_t1,P5,13,1,1,2408.00,0.0000,0.0000,3000.0,0.0,1.000,65536.0,0.000,0,0,65536,1,0,0,0,1,1
3,single,f32,16384,glibc_t1,P5,14,0,1,2448.00,0.0000,0.0000,3000.0,0.0,1.000,65536.0,0.000,0,0,65536,1,0,0,0,1,1
3,single,f32,16384,glibc_t1,FIXED_TWIN,14,1,1,2441.00,0.0000,0.0000,3000.0,0.0,1.000,65536.0,0.000,0,0,65536,1,0,0,0,1,1
3,single,f32,65536,glibc_t1,P5,0,0,1,9575.00,0.0000,0.0000,11000.0,0.0,1.000,262144.0,0.000,0,0,262144,1,0,0,0,1,1
3,single,f32,65536,glibc_t1,FIXED_TWIN,0,1,1,9544.00,0.0000,0.0000,10000.0,0.0,1.000,262144.0,0.000,0,0,262144,1,0,0,0,1,1
3,single,f32,65536,glibc_t1,FIXED_TWIN,1,0,1,9527.00,0.0000,0.0000,10000.0,0.0,1.000,262144.0,0.000,0,0,262144,1,0,0,0,1,1
3,single,f32,65536,glibc_t1,P5,1,1,1,9580.00,0.0000,0.0000,10000.0,0.0,1.000,262144.0,0.000,0,0,262144,1,0,0,0,1,1
3,single,f32,65536,glibc_t1,P5,2,0,1,9561.00,0.0000,0.0000,10000.0,0.0,1.000,262144.0,0.000,0,0,262144,1,0,0,0,1,1
3,single,f32,65536,glibc_t1,FIXED_TWIN,2,1,1,9550.00,0.0000,0.0000,10000.0,0.0,1.000,262144.0,0.000,0,0,262144,1,0,0,0,1,1
3,single,f32,65536,glibc_t1,FIXED_TWIN,3,0,1,9642.00,0.0000,0.0000,10000.0,0.0,1.000,262144.0,0.000,0,0,262144,1,0,0,0,1,1
3,single,f32,65536,glibc_t1,P5,3,1,1,9600.00,0.0000,0.0000,10000.0,0.0,1.000,262144.0,0.000,0,0,262144,1,0,0,0,1,1
3,single,f32,65536,glibc_t1,P5,4,0,1,9525.00,0.0000,0.0000,10000.0,0.0,1.000,262144.0,0.000,0,0,262144,1,0,0,0,1,1
3,single,f32,65536,glibc_t1,FIXED_TWIN,4,1,1,9533.00,0.0000,0.0000,10000.0,0.0,1.000,262144.0,0.000,0,0,262144,1,0,0,0,1,1
3,single,f32,65536,glibc_t1,FIXED_TWIN,5,0,1,9464.00,0.0000,0.0000,10000.0,0.0,1.000,262144.0,0.000,0,0,262144,1,0,0,0,1,1
3,single,f32,65536,glibc_t1,P5,5,1,1,9524.00,0.0000,0.0000,10000.0,0.0,1.000,262144.0,0.000,0,0,262144,1,0,0,0,1,1
3,single,f32,65536,glibc_t1,P5,6,0,1,9611.00,0.0000,0.0000,10000.0,0.0,1.000,262144.0,0.000,0,0,262144,1,0,0,0,1,1
3,single,f32,65536,glibc_t1,FIXED_TWIN,6,1,1,9659.00,0.0000,0.0000,10000.0,0.0,1.000,262144.0,0.000,0,0,262144,1,0,0,0,1,1
3,single,f32,65536,glibc_t1,FIXED_TWIN,7,0,1,22361.00,0.0000,0.0000,23000.0,0.0,1.000,262144.0,0.000,0,0,262144,1,0,0,0,1,1
3,single,f32,65536,glibc_t1,P5,7,1,1,9536.00,0.0000,0.0000,10000.0,0.0,1.000,262144.0,0.000,0,0,262144,1,0,0,0,1,1
3,single,f32,65536,glibc_t1,P5,8,0,1,9538.00,0.0000,0.0000,10000.0,0.0,1.000,262144.0,0.000,0,0,262144,1,0,0,0,1,1
3,single,f32,65536,glibc_t1,FIXED_TWIN,8,1,1,9571.00,0.0000,0.0000,10000.0,0.0,1.000,262144.0,0.000,0,0,262144,1,0,0,0,1,1
3,single,f32,65536,glibc_t1,FIXED_TWIN,9,0,1,9542.00,0.0000,0.0000,10000.0,0.0,1.000,262144.0,0.000,0,0,262144,1,0,0,0,1,1
3,single,f32,65536,glibc_t1,P5,9,1,1,9544.00,0.0000,0.0000,10000.0,0.0,1.000,262144.0,0.000,0,0,262144,1,0,0,0,1,1
3,single,f32,65536,glibc_t1,P5,10,0,1,9479.00,0.0000,0.0000,10000.0,0.0,1.000,262144.0,0.000,0,0,262144,1,0,0,0,1,1
3,single,f32,65536,glibc_t1,FIXED_TWIN,10,1,1,9593.00,0.0000,0.0000,10000.0,0.0,1.000,262144.0,0.000,0,0,262144,1,0,0,0,1,1
3,single,f32,65536,glibc_t1,FIXED_TWIN,11,0,1,9554.00,0.0000,0.0000,10000.0,0.0,1.000,262144.0,0.000,0,0,262144,1,0,0,0,1,1
3,single,f32,65536,glibc_t1,P5,11,1,1,9536.00,0.0000,0.0000,10000.0,0.0,1.000,262144.0,0.000,0,0,262144,1,0,0,0,1,1
3,single,f32,65536,glibc_t1,P5,12,0,1,9587.00,0.0000,0.0000,10000.0,0.0,1.000,262144.0,0.000,0,0,262144,1,0,0,0,1,1
3,single,f32,65536,glibc_t1,FIXED_TWIN,12,1,1,9515.00,0.0000,0.0000,10000.0,0.0,1.000,262144.0,0.000,0,0,262144,1,0,0,0,1,1
3,single,f32,65536,glibc_t1,FIXED_TWIN,13,0,1,9462.00,0.0000,0.0000,10000.0,0.0,1.000,262144.0,0.000,0,0,262144,1,0,0,0,1,1
3,single,f32,65536,glibc_t1,P5,13,1,1,9462.00,0.0000,0.0000,10000.0,0.0,1.000,262144.0,0.000,0,0,262144,1,0,0,0,1,1
3,single,f32,65536,glibc_t1,P5,14,0,1,9503.00,0.0000,0.0000,10000.0,0.0,1.000,262144.0,0.000,0,0,262144,1,0,0,0,1,1
3,single,f32,65536,glibc_t1,FIXED_TWIN,14,1,1,9480.00,0.0000,0.0000,10000.0,0.0,1.000,262144.0,0.000,0,0,262144,1,0,0,0,1,1
3,single,f32,262144,glibc_t1,P5,0,0,1,109165.00,0.0000,0.0000,111000.0,0.0,1.000,1048576.0,0.000,0,0,1048576,1,0,0,0,1,1
3,single,f32,262144,glibc_t1,FIXED_TWIN,0,1,1,110131.00,0.0000,0.0000,112000.0,0.0,1.000,1048576.0,0.000,0,0,1048576,1,0,0,0,1,1
3,single,f32,262144,glibc_t1,FIXED_TWIN,1,0,1,108503.00,0.0000,0.0000,109000.0,0.0,1.000,1048576.0,0.000,0,0,1048576,1,0,0,0,1,1
3,single,f32,262144,glibc_t1,P5,1,1,1,134119.00,0.0000,0.0000,137000.0,0.0,1.000,1048576.0,0.000,0,0,1048576,1,0,0,0,1,1
3,single,f32,262144,glibc_t1,P5,2,0,1,120169.00,0.0000,0.0000,123000.0,0.0,1.000,1048576.0,0.000,0,0,1048576,1,0,0,0,1,1
3,single,f32,262144,glibc_t1,FIXED_TWIN,2,1,1,109143.00,0.0000,0.0000,111000.0,0.0,1.000,1048576.0,0.000,0,0,1048576,1,0,0,0,1,1
3,single,f32,262144,glibc_t1,FIXED_TWIN,3,0,1,117895.00,0.0000,0.0000,120000.0,0.0,1.000,1048576.0,0.000,0,0,1048576,1,0,0,0,1,1
3,single,f32,262144,glibc_t1,P5,3,1,1,267471.00,0.0000,0.0000,248000.0,0.0,1.000,1048576.0,0.000,0,0,1048576,1,0,0,0,1,1
3,single,f32,262144,glibc_t1,P5,4,0,1,159495.00,0.0000,0.0000,161000.0,0.0,1.000,1048576.0,0.000,0,0,1048576,1,0,0,0,1,1
3,single,f32,262144,glibc_t1,FIXED_TWIN,4,1,1,109396.00,0.0000,0.0000,111000.0,0.0,1.000,1048576.0,0.000,0,0,1048576,1,0,0,0,1,1
3,single,f32,262144,glibc_t1,FIXED_TWIN,5,0,1,109473.00,0.0000,0.0000,111000.0,0.0,1.000,1048576.0,0.000,0,0,1048576,1,0,0,0,1,1
3,single,f32,262144,glibc_t1,P5,5,1,1,109143.00,0.0000,0.0000,110000.0,0.0,1.000,1048576.0,0.000,0,0,1048576,1,0,0,0,1,1
3,single,f32,262144,glibc_t1,P5,6,0,1,109412.00,0.0000,0.0000,111000.0,0.0,1.000,1048576.0,0.000,0,0,1048576,1,0,0,0,1,1
3,single,f32,262144,glibc_t1,FIXED_TWIN,6,1,1,115985.00,0.0000,0.0000,117000.0,0.0,1.000,1048576.0,0.000,0,0,1048576,1,0,0,0,1,1
3,single,f32,262144,glibc_t1,FIXED_TWIN,7,0,1,114393.00,0.0000,0.0000,116000.0,0.0,1.000,1048576.0,0.000,0,0,1048576,1,0,0,0,1,1
3,single,f32,262144,glibc_t1,P5,7,1,1,116835.00,0.0000,0.0000,118000.0,0.0,1.000,1048576.0,0.000,0,0,1048576,1,0,0,0,1,1
3,single,f32,262144,glibc_t1,P5,8,0,1,153653.00,0.0000,0.0000,156000.0,0.0,1.000,1048576.0,0.000,0,0,1048576,1,0,0,0,1,1
3,single,f32,262144,glibc_t1,FIXED_TWIN,8,1,1,116758.00,0.0000,0.0000,119000.0,0.0,1.000,1048576.0,0.000,0,0,1048576,1,0,0,0,1,1
3,single,f32,262144,glibc_t1,FIXED_TWIN,9,0,1,110706.00,0.0000,0.0000,112000.0,0.0,1.000,1048576.0,0.000,0,0,1048576,1,0,0,0,1,1
3,single,f32,262144,glibc_t1,P5,9,1,1,109482.00,0.0000,0.0000,111000.0,0.0,1.000,1048576.0,0.000,0,0,1048576,1,0,0,0,1,1
3,single,f32,262144,glibc_t1,P5,10,0,1,117161.00,0.0000,0.0000,119000.0,0.0,1.000,1048576.0,0.000,0,0,1048576,1,0,0,0,1,1
3,single,f32,262144,glibc_t1,FIXED_TWIN,10,1,1,114505.00,0.0000,0.0000,116000.0,0.0,1.000,1048576.0,0.000,0,0,1048576,1,0,0,0,1,1
3,single,f32,262144,glibc_t1,FIXED_TWIN,11,0,1,113530.00,0.0000,0.0000,114000.0,0.0,1.000,1048576.0,0.000,0,0,1048576,1,0,0,0,1,1
3,single,f32,262144,glibc_t1,P5,11,1,1,125792.00,0.0000,0.0000,127000.0,0.0,1.000,1048576.0,0.000,0,0,1048576,1,0,0,0,1,1
3,single,f32,262144,glibc_t1,P5,12,0,1,132298.00,0.0000,0.0000,134000.0,0.0,1.000,1048576.0,0.000,0,0,1048576,1,0,0,0,1,1
3,single,f32,262144,glibc_t1,FIXED_TWIN,12,1,1,109708.00,0.0000,0.0000,111000.0,0.0,1.000,1048576.0,0.000,0,0,1048576,1,0,0,0,1,1
3,single,f32,262144,glibc_t1,FIXED_TWIN,13,0,1,110801.00,0.0000,0.0000,113000.0,0.0,1.000,1048576.0,0.000,0,0,1048576,1,0,0,0,1,1
3,single,f32,262144,glibc_t1,P5,13,1,1,116890.00,0.0000,0.0000,118000.0,0.0,1.000,1048576.0,0.000,0,0,1048576,1,0,0,0,1,1
3,single,f32,262144,glibc_t1,P5,14,0,1,114312.00,0.0000,0.0000,116000.0,0.0,1.000,1048576.0,0.000,0,0,1048576,1,0,0,0,1,1
3,single,f32,262144,glibc_t1,FIXED_TWIN,14,1,1,117987.00,0.0000,0.0000,119000.0,0.0,1.000,1048576.0,0.000,0,0,1048576,1,0,0,0,1,1
3,single,f32,1048576,glibc_t1,P5,0,0,1,528538.00,0.0000,0.0000,520000.0,14000.0,1.000,4194304.0,0.000,0,0,4194304,1,0,0,0,1,1
3,single,f32,1048576,glibc_t1,FIXED_TWIN,0,1,1,478483.00,0.0000,0.0000,469000.0,13000.0,1.000,4194304.0,0.000,0,0,4194304,1,0,0,0,1,1
3,single,f32,1048576,glibc_t1,FIXED_TWIN,1,0,1,469946.00,0.0000,0.0000,474000.0,0.0,1.000,4194304.0,0.000,0,0,4194304,1,0,0,0,1,1
3,single,f32,1048576,glibc_t1,P5,1,1,1,535463.00,0.0000,0.0000,539000.0,0.0,1.000,4194304.0,0.000,0,0,4194304,1,0,0,0,1,1
3,single,f32,1048576,glibc_t1,P5,2,0,1,468724.00,0.0000,0.0000,472000.0,0.0,1.000,4194304.0,0.000,0,0,4194304,1,0,0,0,1,1
3,single,f32,1048576,glibc_t1,FIXED_TWIN,2,1,1,533112.00,0.0000,0.0000,536000.0,0.0,1.000,4194304.0,0.000,0,0,4194304,1,0,0,0,1,1
3,single,f32,1048576,glibc_t1,FIXED_TWIN,3,0,1,472399.00,0.0000,0.0000,475000.0,0.0,1.000,4194304.0,0.000,0,0,4194304,1,0,0,0,1,1
3,single,f32,1048576,glibc_t1,P5,3,1,1,494561.00,0.0000,0.0000,498000.0,0.0,1.000,4194304.0,0.000,0,0,4194304,1,0,0,0,1,1
3,single,f32,1048576,glibc_t1,P5,4,0,1,477589.00,0.0000,0.0000,481000.0,0.0,1.000,4194304.0,0.000,0,0,4194304,1,0,0,0,1,1
3,single,f32,1048576,glibc_t1,FIXED_TWIN,4,1,1,524867.00,0.0000,0.0000,528000.0,0.0,1.000,4194304.0,0.000,0,0,4194304,1,0,0,0,1,1
3,single,f32,1048576,glibc_t1,FIXED_TWIN,5,0,1,508856.00,0.0000,0.0000,513000.0,0.0,1.000,4194304.0,0.000,0,0,4194304,1,0,0,0,1,1
3,single,f32,1048576,glibc_t1,P5,5,1,1,469012.00,0.0000,0.0000,473000.0,0.0,1.000,4194304.0,0.000,0,0,4194304,1,0,0,0,1,1
3,single,f32,1048576,glibc_t1,P5,6,0,1,503985.00,0.0000,0.0000,509000.0,0.0,1.000,4194304.0,0.000,0,0,4194304,1,0,0,0,1,1
3,single,f32,1048576,glibc_t1,FIXED_TWIN,6,1,1,492256.00,0.0000,0.0000,496000.0,0.0,1.000,4194304.0,0.000,0,0,4194304,1,0,0,0,1,1
3,single,f32,1048576,glibc_t1,FIXED_TWIN,7,0,1,487792.00,0.0000,0.0000,490000.0,0.0,1.000,4194304.0,0.000,0,0,4194304,1,0,0,0,1,1
3,single,f32,1048576,glibc_t1,P5,7,1,1,477426.00,0.0000,0.0000,481000.0,0.0,1.000,4194304.0,0.000,0,0,4194304,1,0,0,0,1,1
3,single,f32,1048576,glibc_t1,P5,8,0,1,513568.00,0.0000,0.0000,518000.0,0.0,1.000,4194304.0,0.000,0,0,4194304,1,0,0,0,1,1
3,single,f32,1048576,glibc_t1,FIXED_TWIN,8,1,1,517944.00,0.0000,0.0000,521000.0,0.0,1.000,4194304.0,0.000,0,0,4194304,1,0,0,0,1,1
3,single,f32,1048576,glibc_t1,FIXED_TWIN,9,0,1,463060.00,0.0000,0.0000,466000.0,0.0,1.000,4194304.0,0.000,0,0,4194304,1,0,0,0,1,1
3,single,f32,1048576,glibc_t1,P5,9,1,1,516821.00,0.0000,0.0000,520000.0,0.0,1.000,4194304.0,0.000,0,0,4194304,1,0,0,0,1,1
3,single,f32,1048576,glibc_t1,P5,10,0,1,484071.00,0.0000,0.0000,488000.0,0.0,1.000,4194304.0,0.000,0,0,4194304,1,0,0,0,1,1
3,single,f32,1048576,glibc_t1,FIXED_TWIN,10,1,1,493211.00,0.0000,0.0000,496000.0,0.0,1.000,4194304.0,0.000,0,0,4194304,1,0,0,0,1,1
3,single,f32,1048576,glibc_t1,FIXED_TWIN,11,0,1,477113.00,0.0000,0.0000,480000.0,0.0,1.000,4194304.0,0.000,0,0,4194304,1,0,0,0,1,1
3,single,f32,1048576,glibc_t1,P5,11,1,1,499762.00,0.0000,0.0000,503000.0,0.0,1.000,4194304.0,0.000,0,0,4194304,1,0,0,0,1,1
3,single,f32,1048576,glibc_t1,P5,12,0,1,485479.00,0.0000,0.0000,488000.0,0.0,1.000,4194304.0,0.000,0,0,4194304,1,0,0,0,1,1
3,single,f32,1048576,glibc_t1,FIXED_TWIN,12,1,1,527446.00,0.0000,0.0000,531000.0,0.0,1.000,4194304.0,0.000,0,0,4194304,1,0,0,0,1,1
3,single,f32,1048576,glibc_t1,FIXED_TWIN,13,0,1,499270.00,0.0000,0.0000,503000.0,0.0,1.000,4194304.0,0.000,0,0,4194304,1,0,0,0,1,1
3,single,f32,1048576,glibc_t1,P5,13,1,1,523636.00,0.0000,0.0000,527000.0,0.0,1.000,4194304.0,0.000,0,0,4194304,1,0,0,0,1,1
3,single,f32,1048576,glibc_t1,P5,14,0,1,537394.00,0.0000,0.0000,541000.0,0.0,1.000,4194304.0,0.000,0,0,4194304,1,0,0,0,1,1
3,single,f32,1048576,glibc_t1,FIXED_TWIN,14,1,1,462805.00,0.0000,0.0000,465000.0,0.0,1.000,4194304.0,0.000,0,0,4194304,1,0,0,0,1,1
3,single,f32,4194304,glibc_t1,P5,0,0,1,1966019.00,0.0000,0.0000,1752000.0,219000.0,1.000,16777216.0,0.000,0,0,16777216,1,0,0,0,1,1
3,single,f32,4194304,glibc_t1,FIXED_TWIN,0,1,1,2069292.00,0.0000,0.0000,2073000.0,0.0,1.000,16777216.0,0.000,0,0,16777216,1,0,0,0,1,1
3,single,f32,4194304,glibc_t1,FIXED_TWIN,1,0,1,2142998.00,0.0000,0.0000,2147000.0,0.0,1.000,16777216.0,0.000,0,0,16777216,1,0,0,0,1,1
3,single,f32,4194304,glibc_t1,P5,1,1,1,2028124.00,0.0000,0.0000,2031000.0,0.0,1.000,16777216.0,0.000,0,0,16777216,1,0,0,0,1,1
3,single,f32,4194304,glibc_t1,P5,2,0,1,2101062.00,0.0000,0.0000,2103000.0,0.0,1.000,16777216.0,0.000,0,0,16777216,1,0,0,0,1,1
3,single,f32,4194304,glibc_t1,FIXED_TWIN,2,1,1,2022419.00,0.0000,0.0000,2023000.0,3000.0,1.000,16777216.0,0.000,0,0,16777216,1,0,0,0,1,1
3,single,f32,4194304,glibc_t1,FIXED_TWIN,3,0,1,2203382.00,0.0000,0.0000,2208000.0,0.0,1.000,16777216.0,0.000,0,0,16777216,1,0,0,0,1,1
3,single,f32,4194304,glibc_t1,P5,3,1,1,2202798.00,0.0000,0.0000,2207000.0,0.0,1.000,16777216.0,0.000,0,0,16777216,1,0,0,0,1,1
3,single,f32,4194304,glibc_t1,P5,4,0,1,2347002.00,0.0000,0.0000,2351000.0,0.0,1.000,16777216.0,0.000,0,0,16777216,1,0,0,0,1,1
3,single,f32,4194304,glibc_t1,FIXED_TWIN,4,1,1,2315357.00,0.0000,0.0000,2321000.0,0.0,1.000,16777216.0,0.000,0,0,16777216,1,0,0,0,1,1
3,single,f32,4194304,glibc_t1,FIXED_TWIN,5,0,1,2462223.00,0.0000,0.0000,2467000.0,0.0,1.000,16777216.0,0.000,0,0,16777216,1,0,0,0,1,1
3,single,f32,4194304,glibc_t1,P5,5,1,1,2585931.00,0.0000,0.0000,2591000.0,0.0,1.000,16777216.0,0.000,0,0,16777216,1,0,0,0,1,1
3,single,f32,4194304,glibc_t1,P5,6,0,1,2716137.00,0.0000,0.0000,2722000.0,0.0,1.000,16777216.0,0.000,0,0,16777216,1,0,0,0,1,1
3,single,f32,4194304,glibc_t1,FIXED_TWIN,6,1,1,2429676.00,0.0000,0.0000,2435000.0,0.0,1.000,16777216.0,0.000,0,0,16777216,1,0,0,0,1,1
3,single,f32,4194304,glibc_t1,FIXED_TWIN,7,0,1,2642098.00,0.0000,0.0000,2646000.0,0.0,1.000,16777216.0,0.000,0,0,16777216,1,0,0,0,1,1
3,single,f32,4194304,glibc_t1,P5,7,1,1,2493784.00,0.0000,0.0000,2498000.0,0.0,1.000,16777216.0,0.000,0,0,16777216,1,0,0,0,1,1
3,single,f32,4194304,glibc_t1,P5,8,0,1,3029664.00,0.0000,0.0000,3035000.0,0.0,1.000,16777216.0,0.000,0,0,16777216,1,0,0,0,1,1
3,single,f32,4194304,glibc_t1,FIXED_TWIN,8,1,1,2556793.00,0.0000,0.0000,2561000.0,0.0,1.000,16777216.0,0.000,0,0,16777216,1,0,0,0,1,1
3,single,f32,4194304,glibc_t1,FIXED_TWIN,9,0,1,2567308.00,0.0000,0.0000,2572000.0,0.0,1.000,16777216.0,0.000,0,0,16777216,1,0,0,0,1,1
3,single,f32,4194304,glibc_t1,P5,9,1,1,2407035.00,0.0000,0.0000,2393000.0,0.0,1.000,16777216.0,0.000,0,0,16777216,1,0,0,0,1,1
3,single,f32,4194304,glibc_t1,P5,10,0,1,2133955.00,0.0000,0.0000,2141000.0,0.0,1.000,16777216.0,0.000,0,0,16777216,1,0,0,0,1,1
3,single,f32,4194304,glibc_t1,FIXED_TWIN,10,1,1,2070126.00,0.0000,0.0000,2075000.0,0.0,1.000,16777216.0,0.000,0,0,16777216,1,0,0,0,1,1
3,single,f32,4194304,glibc_t1,FIXED_TWIN,11,0,1,2067241.00,0.0000,0.0000,2070000.0,0.0,1.000,16777216.0,0.000,0,0,16777216,1,0,0,0,1,1
3,single,f32,4194304,glibc_t1,P5,11,1,1,2210123.00,0.0000,0.0000,2216000.0,0.0,1.000,16777216.0,0.000,0,0,16777216,1,0,0,0,1,1
3,single,f32,4194304,glibc_t1,P5,12,0,1,2349831.00,0.0000,0.0000,2354000.0,0.0,1.000,16777216.0,0.000,0,0,16777216,1,0,0,0,1,1
3,single,f32,4194304,glibc_t1,FIXED_TWIN,12,1,1,2111570.00,0.0000,0.0000,2116000.0,0.0,1.000,16777216.0,0.000,0,0,16777216,1,0,0,0,1,1
3,single,f32,4194304,glibc_t1,FIXED_TWIN,13,0,1,2063432.00,0.0000,0.0000,2067000.0,0.0,1.000,16777216.0,0.000,0,0,16777216,1,0,0,0,1,1
3,single,f32,4194304,glibc_t1,P5,13,1,1,2101720.00,0.0000,0.0000,2105000.0,0.0,1.000,16777216.0,0.000,0,0,16777216,1,0,0,0,1,1
3,single,f32,4194304,glibc_t1,P5,14,0,1,2268666.00,0.0000,0.0000,2274000.0,0.0,1.000,16777216.0,0.000,0,0,16777216,1,0,0,0,1,1
3,single,f32,4194304,glibc_t1,FIXED_TWIN,14,1,1,2205967.00,0.0000,0.0000,2211000.0,0.0,1.000,16777216.0,0.000,0,0,16777216,1,0,0,0,1,1
3,single,f32,16777216,glibc_t1,P5,0,0,1,37832964.00,16385.0000,0.0000,5274000.0,32566000.0,1.000,67108864.0,0.000,0,0,67108864,1,0,0,0,1,1
3,single,f32,16777216,glibc_t1,FIXED_TWIN,0,1,1,37638232.00,16385.0000,0.0000,10406000.0,27243000.0,1.000,67108864.0,0.000,0,0,67108864,1,0,0,0,1,1
3,single,f32,16777216,glibc_t1,FIXED_TWIN,1,0,1,38114065.00,16385.0000,0.0000,14721000.0,23368000.0,1.000,67108864.0,0.000,0,0,67108864,1,0,0,0,1,1
3,single,f32,16777216,glibc_t1,P5,1,1,1,38257977.00,16385.0000,0.0000,6860000.0,31405000.0,1.000,67108864.0,0.000,0,0,67108864,1,0,0,0,1,1
3,single,f32,16777216,glibc_t1,P5,2,0,1,44093630.00,16385.0000,0.0000,12056000.0,32025000.0,1.000,67108864.0,0.000,0,0,67108864,1,0,0,0,1,1
3,single,f32,16777216,glibc_t1,FIXED_TWIN,2,1,1,39562031.00,16385.0000,0.0000,7717000.0,31850000.0,1.000,67108864.0,0.000,0,0,67108864,1,0,0,0,1,1
3,single,f32,16777216,glibc_t1,FIXED_TWIN,3,0,1,37813599.00,16385.0000,0.0000,25145000.0,12675000.0,1.000,67108864.0,0.000,0,0,67108864,1,0,0,0,1,1
3,single,f32,16777216,glibc_t1,P5,3,1,1,37567845.00,16385.0000,0.0000,2492000.0,35065000.0,1.000,67108864.0,0.000,0,0,67108864,1,0,0,0,1,1
3,single,f32,16777216,glibc_t1,P5,4,0,1,37282551.00,16385.0000,0.0000,12782000.0,24507000.0,1.000,67108864.0,0.000,0,0,67108864,1,0,0,0,1,1
3,single,f32,16777216,glibc_t1,FIXED_TWIN,4,1,1,37244925.00,16385.0000,0.0000,16756000.0,20495000.0,1.000,67108864.0,0.000,0,0,67108864,1,0,0,0,1,1
3,single,f32,16777216,glibc_t1,FIXED_TWIN,5,0,1,36792711.00,16385.0000,0.0000,18083000.0,18716000.0,1.000,67108864.0,0.000,0,0,67108864,1,0,0,0,1,1
3,single,f32,16777216,glibc_t1,P5,5,1,1,37701864.00,16385.0000,0.0000,9014000.0,28694000.0,1.000,67108864.0,0.000,0,0,67108864,1,0,0,0,1,1
3,single,f32,16777216,glibc_t1,P5,6,0,1,38200999.00,16385.0000,0.0000,17305000.0,20901000.0,1.000,67108864.0,0.000,0,0,67108864,1,0,0,0,1,1
3,single,f32,16777216,glibc_t1,FIXED_TWIN,6,1,1,37412433.00,16385.0000,0.0000,12836000.0,24583000.0,1.000,67108864.0,0.000,0,0,67108864,1,0,0,0,1,1
3,single,f32,16777216,glibc_t1,FIXED_TWIN,7,0,1,39419035.00,16385.0000,0.0000,3658000.0,35767000.0,1.000,67108864.0,0.000,0,0,67108864,1,0,0,0,1,1
3,single,f32,16777216,glibc_t1,P5,7,1,1,40519775.00,16385.0000,0.0000,8287000.0,32212000.0,1.000,67108864.0,0.000,0,0,67108864,1,0,0,0,1,1
3,single,f32,16777216,glibc_t1,P5,8,0,1,37247723.00,16385.0000,0.0000,16718000.0,20535000.0,1.000,67108864.0,0.000,0,0,67108864,1,0,0,0,1,1
3,single,f32,16777216,glibc_t1,FIXED_TWIN,8,1,1,37662061.00,16385.0000,0.0000,12955000.0,24713000.0,1.000,67108864.0,0.000,0,0,67108864,1,0,0,0,1,1
3,single,f32,16777216,glibc_t1,FIXED_TWIN,9,0,1,39116383.00,16385.0000,0.0000,7499000.0,31623000.0,1.000,67108864.0,0.000,0,0,67108864,1,0,0,0,1,1
3,single,f32,16777216,glibc_t1,P5,9,1,1,37365999.00,16385.0000,0.0000,8775000.0,28597000.0,1.000,67108864.0,0.000,0,0,67108864,1,0,0,0,1,1
3,single,f32,16777216,glibc_t1,P5,10,0,1,37591816.00,16385.0000,0.0000,10651000.0,26947000.0,1.000,67108864.0,0.000,0,0,67108864,1,0,0,0,1,1
3,single,f32,16777216,glibc_t1,FIXED_TWIN,10,1,1,37552546.00,16385.0000,0.0000,6633000.0,30925000.0,1.000,67108864.0,0.000,0,0,67108864,1,0,0,0,1,1
3,single,f32,16777216,glibc_t1,FIXED_TWIN,11,0,1,37173231.00,16385.0000,0.0000,12658000.0,24522000.0,1.000,67108864.0,0.000,0,0,67108864,1,0,0,0,1,1
3,single,f32,16777216,glibc_t1,P5,11,1,1,37065828.00,16385.0000,0.0000,4597000.0,32474000.0,1.000,67108864.0,0.000,0,0,67108864,1,0,0,0,1,1
3,single,f32,16777216,glibc_t1,P5,12,0,1,37585546.00,16385.0000,0.0000,10666000.0,26925000.0,1.000,67108864.0,0.000,0,0,67108864,1,0,0,0,1,1
3,single,f32,16777216,glibc_t1,FIXED_TWIN,12,1,1,37478925.00,16385.0000,0.0000,8818000.0,28667000.0,1.000,67108864.0,0.000,0,0,67108864,1,0,0,0,1,1
3,single,f32,16777216,glibc_t1,FIXED_TWIN,13,0,1,37176057.00,16385.0000,0.0000,4647000.0,32535000.0,1.000,67108864.0,0.000,0,0,67108864,1,0,0,0,1,1
3,single,f32,16777216,glibc_t1,P5,13,1,1,37842880.00,16385.0000,0.0000,13005000.0,24844000.0,1.000,67108864.0,0.000,0,0,67108864,1,0,0,0,1,1
3,single,f32,16777216,glibc_t1,P5,14,0,1,38033052.00,16385.0000,0.0000,9037000.0,28939000.0,1.000,67108864.0,0.000,0,0,67108864,1,0,0,0,1,1
3,single,f32,16777216,glibc_t1,FIXED_TWIN,14,1,1,37563951.00,16385.0000,0.0000,20847000.0,16723000.0,1.000,67108864.0,0.000,0,0,67108864,1,0,0,0,1,1
3,final_left,f32,64,glibc_t1,P5,0,0,1000,304.39,0.0000,0.0000,167.0,141.0,2.000,512.0,0.000,0,0,256256,2,0,0,0,1,1
3,final_left,f32,64,glibc_t1,P6,0,1,1000,301.78,0.0000,0.0000,164.0,139.0,1.000,256.0,0.000,0,0,256000,1,1,0,0,1,1
3,final_left,f32,64,glibc_t1,P7,0,2,1000,263.28,0.0000,0.0000,143.0,121.0,1.000,256.0,0.000,0,0,256000,1,0,1,0,1,1
3,final_left,f32,64,glibc_t1,FIXED_TWIN,0,3,1000,256.67,0.0000,0.0000,139.0,118.0,1.000,256.0,0.000,0,0,256000,1,0,1,0,1,1
3,final_left,f32,64,glibc_t1,P6,1,0,1000,287.06,0.0000,0.0000,288.0,0.0,1.000,256.0,0.000,0,0,256000,1,1,0,0,1,1
3,final_left,f32,64,glibc_t1,P7,1,1,1000,265.93,0.0000,0.0000,267.0,0.0,1.000,256.0,0.000,0,0,256000,1,0,1,0,1,1
3,final_left,f32,64,glibc_t1,FIXED_TWIN,1,2,1000,274.23,0.0000,0.0000,275.0,0.0,1.000,256.0,0.000,0,0,256000,1,0,1,0,1,1
3,final_left,f32,64,glibc_t1,P5,1,3,1000,294.03,0.0000,0.0000,295.0,0.0,2.000,512.0,0.000,0,0,256256,2,0,0,0,1,1
3,final_left,f32,64,glibc_t1,P7,2,0,1000,271.99,0.0000,0.0000,273.0,0.0,1.000,256.0,0.000,0,0,256000,1,0,1,0,1,1
3,final_left,f32,64,glibc_t1,FIXED_TWIN,2,1,1000,281.91,0.0000,0.0000,282.0,0.0,1.000,256.0,0.000,0,0,256000,1,0,1,0,1,1
3,final_left,f32,64,glibc_t1,P5,2,2,1000,292.98,0.0000,0.0000,294.0,0.0,2.000,512.0,0.000,0,0,256256,2,0,0,0,1,1
3,final_left,f32,64,glibc_t1,P6,2,3,1000,285.08,0.0000,0.0000,285.0,0.0,1.000,256.0,0.000,0,0,256000,1,1,0,0,1,1
3,final_left,f32,64,glibc_t1,FIXED_TWIN,3,0,1000,261.64,0.0000,0.0000,262.0,0.0,1.000,256.0,0.000,0,0,256000,1,0,1,0,1,1
3,final_left,f32,64,glibc_t1,P5,3,1,1000,296.59,0.0000,0.0000,297.0,0.0,2.000,512.0,0.000,0,0,256256,2,0,0,0,1,1
3,final_left,f32,64,glibc_t1,P6,3,2,1000,289.52,0.0000,0.0000,290.0,0.0,1.000,256.0,0.000,0,0,256000,1,1,0,0,1,1
3,final_left,f32,64,glibc_t1,P7,3,3,1000,276.01,0.0000,0.0000,277.0,0.0,1.000,256.0,0.000,0,0,256000,1,0,1,0,1,1
3,final_left,f32,64,glibc_t1,P5,4,0,1000,306.72,0.0000,0.0000,308.0,0.0,2.000,512.0,0.000,0,0,256256,2,0,0,0,1,1
3,final_left,f32,64,glibc_t1,P6,4,1,1000,278.76,0.0000,0.0000,279.0,0.0,1.000,256.0,0.000,0,0,256000,1,1,0,0,1,1
3,final_left,f32,64,glibc_t1,P7,4,2,1000,275.65,0.0000,0.0000,277.0,0.0,1.000,256.0,0.000,0,0,256000,1,0,1,0,1,1
3,final_left,f32,64,glibc_t1,FIXED_TWIN,4,3,1000,271.93,0.0000,0.0000,273.0,0.0,1.000,256.0,0.000,0,0,256000,1,0,1,0,1,1
3,final_left,f32,64,glibc_t1,P6,5,0,1000,277.20,0.0000,0.0000,216.0,62.0,1.000,256.0,0.000,0,0,256000,1,1,0,0,1,1
3,final_left,f32,64,glibc_t1,P7,5,1,1000,257.51,0.0000,0.0000,258.0,0.0,1.000,256.0,0.000,0,0,256000,1,0,1,0,1,1
3,final_left,f32,64,glibc_t1,FIXED_TWIN,5,2,1000,262.74,0.0000,0.0000,264.0,0.0,1.000,256.0,0.000,0,0,256000,1,0,1,0,1,1
3,final_left,f32,64,glibc_t1,P5,5,3,1000,307.03,0.0000,0.0000,308.0,0.0,2.000,512.0,0.000,0,0,256256,2,0,0,0,1,1
3,final_left,f32,64,glibc_t1,P7,6,0,1000,267.51,0.0000,0.0000,268.0,0.0,1.000,256.0,0.000,0,0,256000,1,0,1,0,1,1
3,final_left,f32,64,glibc_t1,FIXED_TWIN,6,1,1000,276.98,0.0000,0.0000,278.0,0.0,1.000,256.0,0.000,0,0,256000,1,0,1,0,1,1
3,final_left,f32,64,glibc_t1,P5,6,2,1000,350.61,0.0000,0.0000,352.0,0.0,2.000,512.0,0.000,0,0,256256,2,0,0,0,1,1
3,final_left,f32,64,glibc_t1,P6,6,3,1000,277.44,0.0000,0.0000,278.0,0.0,1.000,256.0,0.000,0,0,256000,1,1,0,0,1,1
3,final_left,f32,64,glibc_t1,FIXED_TWIN,7,0,1000,262.51,0.0000,0.0000,263.0,0.0,1.000,256.0,0.000,0,0,256000,1,0,1,0,1,1
3,final_left,f32,64,glibc_t1,P5,7,1,1000,310.57,0.0000,0.0000,311.0,0.0,2.000,512.0,0.000,0,0,256256,2,0,0,0,1,1
3,final_left,f32,64,glibc_t1,P6,7,2,1000,297.16,0.0000,0.0000,298.0,0.0,1.000,256.0,0.000,0,0,256000,1,1,0,0,1,1
3,final_left,f32,64,glibc_t1,P7,7,3,1000,258.05,0.0000,0.0000,259.0,0.0,1.000,256.0,0.000,0,0,256000,1,0,1,0,1,1
3,final_left,f32,64,glibc_t1,P5,8,0,1000,294.45,0.0000,0.0000,295.0,0.0,2.000,512.0,0.000,0,0,256256,2,0,0,0,1,1
3,final_left,f32,64,glibc_t1,P6,8,1,1000,287.06,0.0000,0.0000,287.0,0.0,1.000,256.0,0.000,0,0,256000,1,1,0,0,1,1
3,final_left,f32,64,glibc_t1,P7,8,2,1000,272.34,0.0000,0.0000,273.0,0.0,1.000,256.0,0.000,0,0,256000,1,0,1,0,1,1
3,final_left,f32,64,glibc_t1,FIXED_TWIN,8,3,1000,257.62,0.0000,0.0000,258.0,0.0,1.000,256.0,0.000,0,0,256000,1,0,1,0,1,1
3,final_left,f32,64,glibc_t1,P6,9,0,1000,286.32,0.0000,0.0000,287.0,0.0,1.000,256.0,0.000,0,0,256000,1,1,0,0,1,1
3,final_left,f32,64,glibc_t1,P7,9,1,1000,287.69,0.0000,0.0000,288.0,0.0,1.000,256.0,0.000,0,0,256000,1,0,1,0,1,1
3,final_left,f32,64,glibc_t1,FIXED_TWIN,9,2,1000,269.61,0.0000,0.0000,270.0,0.0,1.000,256.0,0.000,0,0,256000,1,0,1,0,1,1
3,final_left,f32,64,glibc_t1,P5,9,3,1000,308.58,0.0000,0.0000,309.0,0.0,2.000,512.0,0.000,0,0,256256,2,0,0,0,1,1
3,final_left,f32,64,glibc_t1,P7,10,0,1000,285.39,0.0000,0.0000,286.0,0.0,1.000,256.0,0.000,0,0,256000,1,0,1,0,1,1
3,final_left,f32,64,glibc_t1,FIXED_TWIN,10,1,1000,264.39,0.0000,0.0000,265.0,0.0,1.000,256.0,0.000,0,0,256000,1,0,1,0,1,1
3,final_left,f32,64,glibc_t1,P5,10,2,1000,294.10,0.0000,0.0000,295.0,0.0,2.000,512.0,0.000,0,0,256256,2,0,0,0,1,1
3,final_left,f32,64,glibc_t1,P6,10,3,1000,286.40,0.0000,0.0000,287.0,0.0,1.000,256.0,0.000,0,0,256000,1,1,0,0,1,1
3,final_left,f32,64,glibc_t1,FIXED_TWIN,11,0,1000,265.01,0.0000,0.0000,266.0,0.0,1.000,256.0,0.000,0,0,256000,1,0,1,0,1,1
3,final_left,f32,64,glibc_t1,P5,11,1,1000,295.18,0.0000,0.0000,296.0,0.0,2.000,512.0,0.000,0,0,256256,2,0,0,0,1,1
3,final_left,f32,64,glibc_t1,P6,11,2,1000,271.91,0.0000,0.0000,273.0,0.0,1.000,256.0,0.000,0,0,256000,1,1,0,0,1,1
3,final_left,f32,64,glibc_t1,P7,11,3,1000,276.53,0.0000,0.0000,277.0,0.0,1.000,256.0,0.000,0,0,256000,1,0,1,0,1,1
3,final_left,f32,64,glibc_t1,P5,12,0,1000,327.70,0.0000,0.0000,328.0,0.0,2.000,512.0,0.000,0,0,256256,2,0,0,0,1,1
3,final_left,f32,64,glibc_t1,P6,12,1,1000,321.48,0.0000,0.0000,322.0,0.0,1.000,256.0,0.000,0,0,256000,1,1,0,0,1,1
3,final_left,f32,64,glibc_t1,P7,12,2,1000,256.96,0.0000,0.0000,258.0,0.0,1.000,256.0,0.000,0,0,256000,1,0,1,0,1,1
3,final_left,f32,64,glibc_t1,FIXED_TWIN,12,3,1000,275.21,0.0000,0.0000,276.0,0.0,1.000,256.0,0.000,0,0,256000,1,0,1,0,1,1
3,final_left,f32,64,glibc_t1,P6,13,0,1000,279.57,0.0000,0.0000,280.0,0.0,1.000,256.0,0.000,0,0,256000,1,1,0,0,1,1
3,final_left,f32,64,glibc_t1,P7,13,1,1000,258.51,0.0000,0.0000,259.0,0.0,1.000,256.0,0.000,0,0,256000,1,0,1,0,1,1
3,final_left,f32,64,glibc_t1,FIXED_TWIN,13,2,1000,281.10,0.0000,0.0000,282.0,0.0,1.000,256.0,0.000,0,0,256000,1,0,1,0,1,1
3,final_left,f32,64,glibc_t1,P5,13,3,1000,297.96,0.0000,0.0000,299.0,0.0,2.000,512.0,0.000,0,0,256256,2,0,0,0,1,1
3,final_left,f32,64,glibc_t1,P7,14,0,1000,299.88,0.0000,0.0000,300.0,0.0,1.000,256.0,0.000,0,0,256000,1,0,1,0,1,1
3,final_left,f32,64,glibc_t1,FIXED_TWIN,14,1,1000,260.24,0.0000,0.0000,261.0,0.0,1.000,256.0,0.000,0,0,256000,1,0,1,0,1,1
3,final_left,f32,64,glibc_t1,P5,14,2,1000,321.55,0.0000,0.0000,322.0,0.0,2.000,512.0,0.000,0,0,256256,2,0,0,0,1,1
3,final_left,f32,64,glibc_t1,P6,14,3,1000,301.52,0.0000,0.0000,302.0,0.0,1.000,256.0,0.000,0,0,256000,1,1,0,0,1,1
3,final_left,f32,1024,glibc_t1,P5,0,0,1000,629.59,0.0000,0.0000,638.0,0.0,2.000,8192.0,0.000,0,0,4100096,2,0,0,0,1,1
3,final_left,f32,1024,glibc_t1,P6,0,1,1000,567.42,0.0000,0.0000,570.0,0.0,1.000,4096.0,0.000,0,0,4096000,1,1,0,0,1,1
3,final_left,f32,1024,glibc_t1,P7,0,2,1000,458.30,0.0000,0.0000,460.0,0.0,1.000,4096.0,0.000,0,0,4096000,1,0,1,0,1,1
3,final_left,f32,1024,glibc_t1,FIXED_TWIN,0,3,1000,467.56,0.0000,0.0000,469.0,0.0,1.000,4096.0,0.000,0,0,4096000,1,0,1,0,1,1
3,final_left,f32,1024,glibc_t1,P6,1,0,1000,545.22,0.0000,0.0000,548.0,0.0,1.000,4096.0,0.000,0,0,4096000,1,1,0,0,1,1
3,final_left,f32,1024,glibc_t1,P7,1,1,1000,451.65,0.0000,0.0000,454.0,0.0,1.000,4096.0,0.000,0,0,4096000,1,0,1,0,1,1
3,final_left,f32,1024,glibc_t1,FIXED_TWIN,1,2,1000,430.06,0.0000,0.0000,432.0,0.0,1.000,4096.0,0.000,0,0,4096000,1,0,1,0,1,1
3,final_left,f32,1024,glibc_t1,P5,1,3,1000,576.37,0.0000,0.0000,577.0,0.0,2.000,8192.0,0.000,0,0,4100096,2,0,0,0,1,1
3,final_left,f32,1024,glibc_t1,P7,2,0,1000,419.27,0.0000,0.0000,420.0,0.0,1.000,4096.0,0.000,0,0,4096000,1,0,1,0,1,1
3,final_left,f32,1024,glibc_t1,FIXED_TWIN,2,1,1000,478.44,0.0000,0.0000,481.0,0.0,1.000,4096.0,0.000,0,0,4096000,1,0,1,0,1,1
3,final_left,f32,1024,glibc_t1,P5,2,2,1000,546.13,0.0000,0.0000,547.0,0.0,2.000,8192.0,0.000,0,0,4100096,2,0,0,0,1,1
3,final_left,f32,1024,glibc_t1,P6,2,3,1000,651.47,0.0000,0.0000,654.0,0.0,1.000,4096.0,0.000,0,0,4096000,1,1,0,0,1,1
3,final_left,f32,1024,glibc_t1,FIXED_TWIN,3,0,1000,516.73,0.0000,0.0000,520.0,0.0,1.000,4096.0,0.000,0,0,4096000,1,0,1,0,1,1
3,final_left,f32,1024,glibc_t1,P5,3,1,1000,557.47,0.0000,0.0000,559.0,0.0,2.000,8192.0,0.000,0,0,4100096,2,0,0,0,1,1
3,final_left,f32,1024,glibc_t1,P6,3,2,1000,736.09,0.0000,0.0000,739.0,0.0,1.000,4096.0,0.000,0,0,4096000,1,1,0,0,1,1
3,final_left,f32,1024,glibc_t1,P7,3,3,1000,459.12,0.0000,0.0000,461.0,0.0,1.000,4096.0,0.000,0,0,4096000,1,0,1,0,1,1
3,final_left,f32,1024,glibc_t1,P5,4,0,1000,582.56,0.0000,0.0000,585.0,0.0,2.000,8192.0,0.000,0,0,4100096,2,0,0,0,1,1
3,final_left,f32,1024,glibc_t1,P6,4,1,1000,534.99,0.0000,0.0000,537.0,0.0,1.000,4096.0,0.000,0,0,4096000,1,1,0,0,1,1
3,final_left,f32,1024,glibc_t1,P7,4,2,1000,423.46,0.0000,0.0000,426.0,0.0,1.000,4096.0,0.000,0,0,4096000,1,0,1,0,1,1
3,final_left,f32,1024,glibc_t1,FIXED_TWIN,4,3,1000,448.62,0.0000,0.0000,452.0,0.0,1.000,4096.0,0.000,0,0,4096000,1,0,1,0,1,1
3,final_left,f32,1024,glibc_t1,P6,5,0,1000,545.08,0.0000,0.0000,547.0,0.0,1.000,4096.0,0.000,0,0,4096000,1,1,0,0,1,1
3,final_left,f32,1024,glibc_t1,P7,5,1,1000,451.07,0.0000,0.0000,453.0,0.0,1.000,4096.0,0.000,0,0,4096000,1,0,1,0,1,1
3,final_left,f32,1024,glibc_t1,FIXED_TWIN,5,2,1000,437.72,0.0000,0.0000,441.0,0.0,1.000,4096.0,0.000,0,0,4096000,1,0,1,0,1,1
3,final_left,f32,1024,glibc_t1,P5,5,3,1000,587.00,0.0000,0.0000,589.0,0.0,2.000,8192.0,0.000,0,0,4100096,2,0,0,0,1,1
3,final_left,f32,1024,glibc_t1,P7,6,0,1000,564.67,0.0000,0.0000,568.0,0.0,1.000,4096.0,0.000,0,0,4096000,1,0,1,0,1,1
3,final_left,f32,1024,glibc_t1,FIXED_TWIN,6,1,1000,436.24,0.0000,0.0000,438.0,0.0,1.000,4096.0,0.000,0,0,4096000,1,0,1,0,1,1
3,final_left,f32,1024,glibc_t1,P5,6,2,1000,581.58,0.0000,0.0000,583.0,0.0,2.000,8192.0,0.000,0,0,4100096,2,0,0,0,1,1
3,final_left,f32,1024,glibc_t1,P6,6,3,1000,565.10,0.0000,0.0000,567.0,0.0,1.000,4096.0,0.000,0,0,4096000,1,1,0,0,1,1
3,final_left,f32,1024,glibc_t1,FIXED_TWIN,7,0,1000,444.27,0.0000,0.0000,445.0,0.0,1.000,4096.0,0.000,0,0,4096000,1,0,1,0,1,1
3,final_left,f32,1024,glibc_t1,P5,7,1,1000,573.53,0.0000,0.0000,575.0,0.0,2.000,8192.0,0.000,0,0,4100096,2,0,0,0,1,1
3,final_left,f32,1024,glibc_t1,P6,7,2,1000,528.85,0.0000,0.0000,530.0,0.0,1.000,4096.0,0.000,0,0,4096000,1,1,0,0,1,1
3,final_left,f32,1024,glibc_t1,P7,7,3,1000,439.56,0.0000,0.0000,441.0,0.0,1.000,4096.0,0.000,0,0,4096000,1,0,1,0,1,1
3,final_left,f32,1024,glibc_t1,P5,8,0,1000,682.99,0.0000,0.0000,686.0,0.0,2.000,8192.0,0.000,0,0,4100096,2,0,0,0,1,1
3,final_left,f32,1024,glibc_t1,P6,8,1,1000,573.20,0.0000,0.0000,576.0,0.0,1.000,4096.0,0.000,0,0,4096000,1,1,0,0,1,1
3,final_left,f32,1024,glibc_t1,P7,8,2,1000,468.76,0.0000,0.0000,471.0,0.0,1.000,4096.0,0.000,0,0,4096000,1,0,1,0,1,1
3,final_left,f32,1024,glibc_t1,FIXED_TWIN,8,3,1000,484.02,0.0000,0.0000,488.0,0.0,1.000,4096.0,0.000,0,0,4096000,1,0,1,0,1,1
3,final_left,f32,1024,glibc_t1,P6,9,0,1000,580.60,0.0000,0.0000,582.0,0.0,1.000,4096.0,0.000,0,0,4096000,1,1,0,0,1,1
3,final_left,f32,1024,glibc_t1,P7,9,1,1000,459.14,0.0000,0.0000,462.0,0.0,1.000,4096.0,0.000,0,0,4096000,1,0,1,0,1,1
3,final_left,f32,1024,glibc_t1,FIXED_TWIN,9,2,1000,429.72,0.0000,0.0000,432.0,0.0,1.000,4096.0,0.000,0,0,4096000,1,0,1,0,1,1
3,final_left,f32,1024,glibc_t1,P5,9,3,1000,581.94,0.0000,0.0000,583.0,0.0,2.000,8192.0,0.000,0,0,4100096,2,0,0,0,1,1
3,final_left,f32,1024,glibc_t1,P7,10,0,1000,444.83,0.0000,0.0000,447.0,0.0,1.000,4096.0,0.000,0,0,4096000,1,0,1,0,1,1
3,final_left,f32,1024,glibc_t1,FIXED_TWIN,10,1,1000,433.18,0.0000,0.0000,435.0,0.0,1.000,4096.0,0.000,0,0,4096000,1,0,1,0,1,1
3,final_left,f32,1024,glibc_t1,P5,10,2,1000,584.61,0.0000,0.0000,586.0,0.0,2.000,8192.0,0.000,0,0,4100096,2,0,0,0,1,1
3,final_left,f32,1024,glibc_t1,P6,10,3,1000,595.41,0.0000,0.0000,598.0,0.0,1.000,4096.0,0.000,0,0,4096000,1,1,0,0,1,1
3,final_left,f32,1024,glibc_t1,FIXED_TWIN,11,0,1000,423.83,0.0000,0.0000,426.0,0.0,1.000,4096.0,0.000,0,0,4096000,1,0,1,0,1,1
3,final_left,f32,1024,glibc_t1,P5,11,1,1000,589.61,0.0000,0.0000,591.0,0.0,2.000,8192.0,0.000,0,0,4100096,2,0,0,0,1,1
3,final_left,f32,1024,glibc_t1,P6,11,2,1000,576.92,0.0000,0.0000,580.0,0.0,1.000,4096.0,0.000,0,0,4096000,1,1,0,0,1,1
3,final_left,f32,1024,glibc_t1,P7,11,3,1000,437.51,0.0000,0.0000,440.0,0.0,1.000,4096.0,0.000,0,0,4096000,1,0,1,0,1,1
3,final_left,f32,1024,glibc_t1,P5,12,0,1000,711.48,0.0000,0.0000,716.0,0.0,2.000,8192.0,0.000,0,0,4100096,2,0,0,0,1,1
3,final_left,f32,1024,glibc_t1,P6,12,1,1000,611.02,0.0000,0.0000,614.0,0.0,1.000,4096.0,0.000,0,0,4096000,1,1,0,0,1,1
3,final_left,f32,1024,glibc_t1,P7,12,2,1000,454.53,0.0000,0.0000,456.0,0.0,1.000,4096.0,0.000,0,0,4096000,1,0,1,0,1,1
3,final_left,f32,1024,glibc_t1,FIXED_TWIN,12,3,1000,425.98,0.0000,0.0000,429.0,0.0,1.000,4096.0,0.000,0,0,4096000,1,0,1,0,1,1
3,final_left,f32,1024,glibc_t1,P6,13,0,1000,611.88,0.0000,0.0000,615.0,0.0,1.000,4096.0,0.000,0,0,4096000,1,1,0,0,1,1
3,final_left,f32,1024,glibc_t1,P7,13,1,1000,463.79,0.0000,0.0000,466.0,0.0,1.000,4096.0,0.000,0,0,4096000,1,0,1,0,1,1
3,final_left,f32,1024,glibc_t1,FIXED_TWIN,13,2,1000,435.88,0.0000,0.0000,438.0,0.0,1.000,4096.0,0.000,0,0,4096000,1,0,1,0,1,1
3,final_left,f32,1024,glibc_t1,P5,13,3,1000,631.86,0.0000,0.0000,636.0,0.0,2.000,8192.0,0.000,0,0,4100096,2,0,0,0,1,1
3,final_left,f32,1024,glibc_t1,P7,14,0,1000,469.44,0.0000,0.0000,472.0,0.0,1.000,4096.0,0.000,0,0,4096000,1,0,1,0,1,1
3,final_left,f32,1024,glibc_t1,FIXED_TWIN,14,1,1000,435.38,0.0000,0.0000,439.0,0.0,1.000,4096.0,0.000,0,0,4096000,1,0,1,0,1,1
3,final_left,f32,1024,glibc_t1,P5,14,2,1000,641.41,0.0000,0.0000,644.0,0.0,2.000,8192.0,0.000,0,0,4100096,2,0,0,0,1,1
3,final_left,f32,1024,glibc_t1,P6,14,3,1000,557.51,0.0000,0.0000,560.0,0.0,1.000,4096.0,0.000,0,0,4096000,1,1,0,0,1,1
3,final_left,f32,4096,glibc_t1,P5,0,0,1,1610.00,0.0000,0.0000,3000.0,0.0,2.000,32768.0,0.000,0,0,32768,2,0,0,0,1,1
3,final_left,f32,4096,glibc_t1,P6,0,1,1,1411.00,0.0000,0.0000,2000.0,0.0,1.000,16384.0,0.000,0,0,16384,1,1,0,0,1,1
3,final_left,f32,4096,glibc_t1,P7,0,2,1,1223.00,0.0000,0.0000,1000.0,0.0,1.000,16384.0,0.000,0,0,16384,1,0,1,0,1,1
3,final_left,f32,4096,glibc_t1,FIXED_TWIN,0,3,1,1188.00,0.0000,0.0000,1000.0,0.0,1.000,16384.0,0.000,0,0,16384,1,0,1,0,1,1
3,final_left,f32,4096,glibc_t1,P6,1,0,1,1369.00,0.0000,0.0000,2000.0,0.0,1.000,16384.0,0.000,0,0,16384,1,1,0,0,1,1
3,final_left,f32,4096,glibc_t1,P7,1,1,1,1258.00,0.0000,0.0000,2000.0,0.0,1.000,16384.0,0.000,0,0,16384,1,0,1,0,1,1
3,final_left,f32,4096,glibc_t1,FIXED_TWIN,1,2,1,1227.00,0.0000,0.0000,2000.0,0.0,1.000,16384.0,0.000,0,0,16384,1,0,1,0,1,1
3,final_left,f32,4096,glibc_t1,P5,1,3,1,1460.00,0.0000,0.0000,2000.0,0.0,2.000,32768.0,0.000,0,0,32768,2,0,0,0,1,1
3,final_left,f32,4096,glibc_t1,P7,2,0,1,1210.00,0.0000,0.0000,2000.0,0.0,1.000,16384.0,0.000,0,0,16384,1,0,1,0,1,1
3,final_left,f32,4096,glibc_t1,FIXED_TWIN,2,1,1,1182.00,0.0000,0.0000,1000.0,0.0,1.000,16384.0,0.000,0,0,16384,1,0,1,0,1,1
3,final_left,f32,4096,glibc_t1,P5,2,2,1,1453.00,0.0000,0.0000,2000.0,0.0,2.000,32768.0,0.000,0,0,32768,2,0,0,0,1,1
3,final_left,f32,4096,glibc_t1,P6,2,3,1,1387.00,0.0000,0.0000,2000.0,0.0,1.000,16384.0,0.000,0,0,16384,1,1,0,0,1,1
3,final_left,f32,4096,glibc_t1,FIXED_TWIN,3,0,1,1188.00,0.0000,0.0000,2000.0,0.0,1.000,16384.0,0.000,0,0,16384,1,0,1,0,1,1
3,final_left,f32,4096,glibc_t1,P5,3,1,1,1463.00,0.0000,0.0000,2000.0,0.0,2.000,32768.0,0.000,0,0,32768,2,0,0,0,1,1
3,final_left,f32,4096,glibc_t1,P6,3,2,1,1377.00,0.0000,0.0000,2000.0,0.0,1.000,16384.0,0.000,0,0,16384,1,1,0,0,1,1
3,final_left,f32,4096,glibc_t1,P7,3,3,1,1197.00,0.0000,0.0000,2000.0,0.0,1.000,16384.0,0.000,0,0,16384,1,0,1,0,1,1
3,final_left,f32,4096,glibc_t1,P5,4,0,1,1450.00,0.0000,0.0000,2000.0,0.0,2.000,32768.0,0.000,0,0,32768,2,0,0,0,1,1
3,final_left,f32,4096,glibc_t1,P6,4,1,1,1353.00,0.0000,0.0000,2000.0,0.0,1.000,16384.0,0.000,0,0,16384,1,1,0,0,1,1
3,final_left,f32,4096,glibc_t1,P7,4,2,1,1213.00,0.0000,0.0000,2000.0,0.0,1.000,16384.0,0.000,0,0,16384,1,0,1,0,1,1
3,final_left,f32,4096,glibc_t1,FIXED_TWIN,4,3,1,1197.00,0.0000,0.0000,1000.0,0.0,1.000,16384.0,0.000,0,0,16384,1,0,1,0,1,1
3,final_left,f32,4096,glibc_t1,P6,5,0,1,1319.00,0.0000,0.0000,1000.0,0.0,1.000,16384.0,0.000,0,0,16384,1,1,0,0,1,1
3,final_left,f32,4096,glibc_t1,P7,5,1,1,1385.00,0.0000,0.0000,2000.0,0.0,1.000,16384.0,0.000,0,0,16384,1,0,1,0,1,1
3,final_left,f32,4096,glibc_t1,FIXED_TWIN,5,2,1,1260.00,0.0000,0.0000,2000.0,0.0,1.000,16384.0,0.000,0,0,16384,1,0,1,0,1,1
3,final_left,f32,4096,glibc_t1,P5,5,3,1,1592.00,0.0000,0.0000,2000.0,0.0,2.000,32768.0,0.000,0,0,32768,2,0,0,0,1,1
3,final_left,f32,4096,glibc_t1,P7,6,0,1,1212.00,0.0000,0.0000,2000.0,0.0,1.000,16384.0,0.000,0,0,16384,1,0,1,0,1,1
3,final_left,f32,4096,glibc_t1,FIXED_TWIN,6,1,1,1205.00,0.0000,0.0000,2000.0,0.0,1.000,16384.0,0.000,0,0,16384,1,0,1,0,1,1
3,final_left,f32,4096,glibc_t1,P5,6,2,1,1479.00,0.0000,0.0000,2000.0,0.0,2.000,32768.0,0.000,0,0,32768,2,0,0,0,1,1
3,final_left,f32,4096,glibc_t1,P6,6,3,1,1468.00,0.0000,0.0000,1000.0,0.0,1.000,16384.0,0.000,0,0,16384,1,1,0,0,1,1
3,final_left,f32,4096,glibc_t1,FIXED_TWIN,7,0,1,1182.00,0.0000,0.0000,1000.0,0.0,1.000,16384.0,0.000,0,0,16384,1,0,1,0,1,1
3,final_left,f32,4096,glibc_t1,P5,7,1,1,1513.00,0.0000,0.0000,2000.0,0.0,2.000,32768.0,0.000,0,0,32768,2,0,0,0,1,1
3,final_left,f32,4096,glibc_t1,P6,7,2,1,1434.00,0.0000,0.0000,2000.0,0.0,1.000,16384.0,0.000,0,0,16384,1,1,0,0,1,1
3,final_left,f32,4096,glibc_t1,P7,7,3,1,1212.00,0.0000,0.0000,2000.0,0.0,1.000,16384.0,0.000,0,0,16384,1,0,1,0,1,1
3,final_left,f32,4096,glibc_t1,P5,8,0,1,1476.00,0.0000,0.0000,2000.0,0.0,2.000,32768.0,0.000,0,0,32768,2,0,0,0,1,1
3,final_left,f32,4096,glibc_t1,P6,8,1,1,1363.00,0.0000,0.0000,1000.0,0.0,1.000,16384.0,0.000,0,0,16384,1,1,0,0,1,1
3,final_left,f32,4096,glibc_t1,P7,8,2,1,1205.00,0.0000,0.0000,1000.0,0.0,1.000,16384.0,0.000,0,0,16384,1,0,1,0,1,1
3,final_left,f32,4096,glibc_t1,FIXED_TWIN,8,3,1,1196.00,0.0000,0.0000,2000.0,0.0,1.000,16384.0,0.000,0,0,16384,1,0,1,0,1,1
3,final_left,f32,4096,glibc_t1,P6,9,0,1,1359.00,0.0000,0.0000,2000.0,0.0,1.000,16384.0,0.000,0,0,16384,1,1,0,0,1,1
3,final_left,f32,4096,glibc_t1,P7,9,1,1,1201.00,0.0000,0.0000,2000.0,0.0,1.000,16384.0,0.000,0,0,16384,1,0,1,0,1,1
3,final_left,f32,4096,glibc_t1,FIXED_TWIN,9,2,1,1210.00,0.0000,0.0000,2000.0,0.0,1.000,16384.0,0.000,0,0,16384,1,0,1,0,1,1
3,final_left,f32,4096,glibc_t1,P5,9,3,1,1460.00,0.0000,0.0000,2000.0,0.0,2.000,32768.0,0.000,0,0,32768,2,0,0,0,1,1
3,final_left,f32,4096,glibc_t1,P7,10,0,1,1198.00,0.0000,0.0000,2000.0,0.0,1.000,16384.0,0.000,0,0,16384,1,0,1,0,1,1
3,final_left,f32,4096,glibc_t1,FIXED_TWIN,10,1,1,1199.00,0.0000,0.0000,1000.0,0.0,1.000,16384.0,0.000,0,0,16384,1,0,1,0,1,1
3,final_left,f32,4096,glibc_t1,P5,10,2,1,1449.00,0.0000,0.0000,2000.0,0.0,2.000,32768.0,0.000,0,0,32768,2,0,0,0,1,1
3,final_left,f32,4096,glibc_t1,P6,10,3,1,2141.00,0.0000,0.0000,3000.0,0.0,1.000,16384.0,0.000,0,0,16384,1,1,0,0,1,1
3,final_left,f32,4096,glibc_t1,FIXED_TWIN,11,0,1,1651.00,0.0000,0.0000,2000.0,0.0,1.000,16384.0,0.000,0,0,16384,1,0,1,0,1,1
3,final_left,f32,4096,glibc_t1,P5,11,1,1,1918.00,0.0000,0.0000,2000.0,0.0,2.000,32768.0,0.000,0,0,32768,2,0,0,0,1,1
3,final_left,f32,4096,glibc_t1,P6,11,2,1,2003.00,0.0000,0.0000,2000.0,0.0,1.000,16384.0,0.000,0,0,16384,1,1,0,0,1,1
3,final_left,f32,4096,glibc_t1,P7,11,3,1,1419.00,0.0000,0.0000,2000.0,0.0,1.000,16384.0,0.000,0,0,16384,1,0,1,0,1,1
3,final_left,f32,4096,glibc_t1,P5,12,0,1,1818.00,0.0000,0.0000,2000.0,0.0,2.000,32768.0,0.000,0,0,32768,2,0,0,0,1,1
3,final_left,f32,4096,glibc_t1,P6,12,1,1,2107.00,0.0000,0.0000,3000.0,0.0,1.000,16384.0,0.000,0,0,16384,1,1,0,0,1,1
3,final_left,f32,4096,glibc_t1,P7,12,2,1,1388.00,0.0000,0.0000,2000.0,0.0,1.000,16384.0,0.000,0,0,16384,1,0,1,0,1,1
3,final_left,f32,4096,glibc_t1,FIXED_TWIN,12,3,1,1317.00,0.0000,0.0000,1000.0,0.0,1.000,16384.0,0.000,0,0,16384,1,0,1,0,1,1
3,final_left,f32,4096,glibc_t1,P6,13,0,1,1539.00,0.0000,0.0000,2000.0,0.0,1.000,16384.0,0.000,0,0,16384,1,1,0,0,1,1
3,final_left,f32,4096,glibc_t1,P7,13,1,1,1613.00,0.0000,0.0000,2000.0,0.0,1.000,16384.0,0.000,0,0,16384,1,0,1,0,1,1
3,final_left,f32,4096,glibc_t1,FIXED_TWIN,13,2,1,1626.00,0.0000,0.0000,3000.0,0.0,1.000,16384.0,0.000,0,0,16384,1,0,1,0,1,1
3,final_left,f32,4096,glibc_t1,P5,13,3,1,1836.00,0.0000,0.0000,3000.0,0.0,2.000,32768.0,0.000,0,0,32768,2,0,0,0,1,1
3,final_left,f32,4096,glibc_t1,P7,14,0,1,1500.00,0.0000,0.0000,2000.0,0.0,1.000,16384.0,0.000,0,0,16384,1,0,1,0,1,1
3,final_left,f32,4096,glibc_t1,FIXED_TWIN,14,1,1,1700.00,0.0000,0.0000,2000.0,0.0,1.000,16384.0,0.000,0,0,16384,1,0,1,0,1,1
3,final_left,f32,4096,glibc_t1,P5,14,2,1,1804.00,0.0000,0.0000,2000.0,0.0,2.000,32768.0,0.000,0,0,32768,2,0,0,0,1,1
3,final_left,f32,4096,glibc_t1,P6,14,3,1,2049.00,0.0000,0.0000,2000.0,0.0,1.000,16384.0,0.000,0,0,16384,1,1,0,0,1,1
3,final_left,f32,16384,glibc_t1,P5,0,0,1,6419.00,0.0000,0.0000,7000.0,0.0,2.000,131072.0,0.000,0,0,131072,2,0,0,0,1,1
3,final_left,f32,16384,glibc_t1,P6,0,1,1,4621.00,0.0000,0.0000,5000.0,0.0,1.000,65536.0,0.000,0,0,65536,1,1,0,0,1,1
3,final_left,f32,16384,glibc_t1,P7,0,2,1,3863.00,0.0000,0.0000,4000.0,0.0,1.000,65536.0,0.000,0,0,65536,1,0,1,0,1,1
3,final_left,f32,16384,glibc_t1,FIXED_TWIN,0,3,1,3869.00,0.0000,0.0000,5000.0,0.0,1.000,65536.0,0.000,0,0,65536,1,0,1,0,1,1
3,final_left,f32,16384,glibc_t1,P6,1,0,1,5637.00,0.0000,0.0000,7000.0,0.0,1.000,65536.0,0.000,0,0,65536,1,1,0,0,1,1
3,final_left,f32,16384,glibc_t1,P7,1,1,1,3889.00,0.0000,0.0000,4000.0,0.0,1.000,65536.0,0.000,0,0,65536,1,0,1,0,1,1
3,final_left,f32,16384,glibc_t1,FIXED_TWIN,1,2,1,3861.00,0.0000,0.0000,5000.0,0.0,1.000,65536.0,0.000,0,0,65536,1,0,1,0,1,1
3,final_left,f32,16384,glibc_t1,P5,1,3,1,6433.00,0.0000,0.0000,7000.0,0.0,2.000,131072.0,0.000,0,0,131072,2,0,0,0,1,1
3,final_left,f32,16384,glibc_t1,P7,2,0,1,3938.00,0.0000,0.0000,5000.0,0.0,1.000,65536.0,0.000,0,0,65536,1,0,1,0,1,1
3,final_left,f32,16384,glibc_t1,FIXED_TWIN,2,1,1,3770.00,0.0000,0.0000,4000.0,0.0,1.000,65536.0,0.000,0,0,65536,1,0,1,0,1,1
3,final_left,f32,16384,glibc_t1,P5,2,2,1,6361.00,0.0000,0.0000,7000.0,0.0,2.000,131072.0,0.000,0,0,131072,2,0,0,0,1,1
3,final_left,f32,16384,glibc_t1,P6,2,3,1,4661.00,0.0000,0.0000,5000.0,0.0,1.000,65536.0,0.000,0,0,65536,1,1,0,0,1,1
3,final_left,f32,16384,glibc_t1,FIXED_TWIN,3,0,1,3795.00,0.0000,0.0000,4000.0,0.0,1.000,65536.0,0.000,0,0,65536,1,0,1,0,1,1
3,final_left,f32,16384,glibc_t1,P5,3,1,1,6318.00,0.0000,0.0000,7000.0,0.0,2.000,131072.0,0.000,0,0,131072,2,0,0,0,1,1
3,final_left,f32,16384,glibc_t1,P6,3,2,1,4633.00,0.0000,0.0000,5000.0,0.0,1.000,65536.0,0.000,0,0,65536,1,1,0,0,1,1
3,final_left,f32,16384,glibc_t1,P7,3,3,1,3827.00,0.0000,0.0000,5000.0,0.0,1.000,65536.0,0.000,0,0,65536,1,0,1,0,1,1
3,final_left,f32,16384,glibc_t1,P5,4,0,1,6341.00,0.0000,0.0000,7000.0,0.0,2.000,131072.0,0.000,0,0,131072,2,0,0,0,1,1
3,final_left,f32,16384,glibc_t1,P6,4,1,1,4635.00,0.0000,0.0000,5000.0,0.0,1.000,65536.0,0.000,0,0,65536,1,1,0,0,1,1
3,final_left,f32,16384,glibc_t1,P7,4,2,1,3846.00,0.0000,0.0000,4000.0,0.0,1.000,65536.0,0.000,0,0,65536,1,0,1,0,1,1
3,final_left,f32,16384,glibc_t1,FIXED_TWIN,4,3,1,3775.00,0.0000,0.0000,4000.0,0.0,1.000,65536.0,0.000,0,0,65536,1,0,1,0,1,1
3,final_left,f32,16384,glibc_t1,P6,5,0,1,4577.00,0.0000,0.0000,5000.0,0.0,1.000,65536.0,0.000,0,0,65536,1,1,0,0,1,1
3,final_left,f32,16384,glibc_t1,P7,5,1,1,3810.00,0.0000,0.0000,4000.0,0.0,1.000,65536.0,0.000,0,0,65536,1,0,1,0,1,1
3,final_left,f32,16384,glibc_t1,FIXED_TWIN,5,2,1,3774.00,0.0000,0.0000,5000.0,0.0,1.000,65536.0,0.000,0,0,65536,1,0,1,0,1,1
3,final_left,f32,16384,glibc_t1,P5,5,3,1,6353.00,0.0000,0.0000,7000.0,0.0,2.000,131072.0,0.000,0,0,131072,2,0,0,0,1,1
3,final_left,f32,16384,glibc_t1,P7,6,0,1,3881.00,0.0000,0.0000,4000.0,0.0,1.000,65536.0,0.000,0,0,65536,1,0,1,0,1,1
3,final_left,f32,16384,glibc_t1,FIXED_TWIN,6,1,1,3805.00,0.0000,0.0000,4000.0,0.0,1.000,65536.0,0.000,0,0,65536,1,0,1,0,1,1
3,final_left,f32,16384,glibc_t1,P5,6,2,1,6317.00,0.0000,0.0000,7000.0,0.0,2.000,131072.0,0.000,0,0,131072,2,0,0,0,1,1
3,final_left,f32,16384,glibc_t1,P6,6,3,1,4534.00,0.0000,0.0000,5000.0,0.0,1.000,65536.0,0.000,0,0,65536,1,1,0,0,1,1
3,final_left,f32,16384,glibc_t1,FIXED_TWIN,7,0,1,3828.00,0.0000,0.0000,5000.0,0.0,1.000,65536.0,0.000,0,0,65536,1,0,1,0,1,1
3,final_left,f32,16384,glibc_t1,P5,7,1,1,6288.00,0.0000,0.0000,6000.0,0.0,2.000,131072.0,0.000,0,0,131072,2,0,0,0,1,1
3,final_left,f32,16384,glibc_t1,P6,7,2,1,4595.00,0.0000,0.0000,5000.0,0.0,1.000,65536.0,0.000,0,0,65536,1,1,0,0,1,1
3,final_left,f32,16384,glibc_t1,P7,7,3,1,3794.00,0.0000,0.0000,4000.0,0.0,1.000,65536.0,0.000,0,0,65536,1,0,1,0,1,1
3,final_left,f32,16384,glibc_t1,P5,8,0,1,6410.00,0.0000,0.0000,7000.0,0.0,2.000,131072.0,0.000,0,0,131072,2,0,0,0,1,1
3,final_left,f32,16384,glibc_t1,P6,8,1,1,4731.00,0.0000,0.0000,6000.0,0.0,1.000,65536.0,0.000,0,0,65536,1,1,0,0,1,1
3,final_left,f32,16384,glibc_t1,P7,8,2,1,3965.00,0.0000,0.0000,5000.0,0.0,1.000,65536.0,0.000,0,0,65536,1,0,1,0,1,1
3,final_left,f32,16384,glibc_t1,FIXED_TWIN,8,3,1,3951.00,0.0000,0.0000,4000.0,0.0,1.000,65536.0,0.000,0,0,65536,1,0,1,0,1,1
3,final_left,f32,16384,glibc_t1,P6,9,0,1,4571.00,0.0000,0.0000,5000.0,0.0,1.000,65536.0,0.000,0,0,65536,1,1,0,0,1,1
3,final_left,f32,16384,glibc_t1,P7,9,1,1,3908.00,0.0000,0.0000,4000.0,0.0,1.000,65536.0,0.000,0,0,65536,1,0,1,0,1,1
3,final_left,f32,16384,glibc_t1,FIXED_TWIN,9,2,1,3843.00,0.0000,0.0000,4000.0,0.0,1.000,65536.0,0.000,0,0,65536,1,0,1,0,1,1
3,final_left,f32,16384,glibc_t1,P5,9,3,1,6359.00,0.0000,0.0000,6000.0,0.0,2.000,131072.0,0.000,0,0,131072,2,0,0,0,1,1
3,final_left,f32,16384,glibc_t1,P7,10,0,1,3841.00,0.0000,0.0000,4000.0,0.0,1.000,65536.0,0.000,0,0,65536,1,0,1,0,1,1
3,final_left,f32,16384,glibc_t1,FIXED_TWIN,10,1,1,3795.00,0.0000,0.0000,4000.0,0.0,1.000,65536.0,0.000,0,0,65536,1,0,1,0,1,1
3,final_left,f32,16384,glibc_t1,P5,10,2,1,6340.00,0.0000,0.0000,7000.0,0.0,2.000,131072.0,0.000,0,0,131072,2,0,0,0,1,1
3,final_left,f32,16384,glibc_t1,P6,10,3,1,4659.00,0.0000,0.0000,5000.0,0.0,1.000,65536.0,0.000,0,0,65536,1,1,0,0,1,1
3,final_left,f32,16384,glibc_t1,FIXED_TWIN,11,0,1,3804.00,0.0000,0.0000,4000.0,0.0,1.000,65536.0,0.000,0,0,65536,1,0,1,0,1,1
3,final_left,f32,16384,glibc_t1,P5,11,1,1,6303.00,0.0000,0.0000,6000.0,0.0,2.000,131072.0,0.000,0,0,131072,2,0,0,0,1,1
3,final_left,f32,16384,glibc_t1,P6,11,2,1,4693.00,0.0000,0.0000,5000.0,0.0,1.000,65536.0,0.000,0,0,65536,1,1,0,0,1,1
3,final_left,f32,16384,glibc_t1,P7,11,3,1,3849.00,0.0000,0.0000,5000.0,0.0,1.000,65536.0,0.000,0,0,65536,1,0,1,0,1,1
3,final_left,f32,16384,glibc_t1,P5,12,0,1,6315.00,0.0000,0.0000,7000.0,0.0,2.000,131072.0,0.000,0,0,131072,2,0,0,0,1,1
3,final_left,f32,16384,glibc_t1,P6,12,1,1,4588.00,0.0000,0.0000,5000.0,0.0,1.000,65536.0,0.000,0,0,65536,1,1,0,0,1,1
3,final_left,f32,16384,glibc_t1,P7,12,2,1,3831.00,0.0000,0.0000,4000.0,0.0,1.000,65536.0,0.000,0,0,65536,1,0,1,0,1,1
3,final_left,f32,16384,glibc_t1,FIXED_TWIN,12,3,1,3805.00,0.0000,0.0000,5000.0,0.0,1.000,65536.0,0.000,0,0,65536,1,0,1,0,1,1
3,final_left,f32,16384,glibc_t1,P6,13,0,1,4597.00,0.0000,0.0000,5000.0,0.0,1.000,65536.0,0.000,0,0,65536,1,1,0,0,1,1
3,final_left,f32,16384,glibc_t1,P7,13,1,1,3841.00,0.0000,0.0000,4000.0,0.0,1.000,65536.0,0.000,0,0,65536,1,0,1,0,1,1
3,final_left,f32,16384,glibc_t1,FIXED_TWIN,13,2,1,3788.00,0.0000,0.0000,4000.0,0.0,1.000,65536.0,0.000,0,0,65536,1,0,1,0,1,1
3,final_left,f32,16384,glibc_t1,P5,13,3,1,6320.00,0.0000,0.0000,7000.0,0.0,2.000,131072.0,0.000,0,0,131072,2,0,0,0,1,1
3,final_left,f32,16384,glibc_t1,P7,14,0,1,3861.00,0.0000,0.0000,4000.0,0.0,1.000,65536.0,0.000,0,0,65536,1,0,1,0,1,1
3,final_left,f32,16384,glibc_t1,FIXED_TWIN,14,1,1,3749.00,0.0000,0.0000,4000.0,0.0,1.000,65536.0,0.000,0,0,65536,1,0,1,0,1,1
3,final_left,f32,16384,glibc_t1,P5,14,2,1,6302.00,0.0000,0.0000,7000.0,0.0,2.000,131072.0,0.000,0,0,131072,2,0,0,0,1,1
3,final_left,f32,16384,glibc_t1,P6,14,3,1,4591.00,0.0000,0.0000,5000.0,0.0,1.000,65536.0,0.000,0,0,65536,1,1,0,0,1,1
3,final_left,f32,65536,glibc_t1,P5,0,0,1,18220.00,0.0000,0.0000,19000.0,0.0,2.000,524288.0,0.000,0,0,524288,2,0,0,0,1,1
3,final_left,f32,65536,glibc_t1,P6,0,1,1,19994.00,0.0000,0.0000,21000.0,0.0,1.000,262144.0,0.000,0,0,262144,1,1,0,0,1,1
3,final_left,f32,65536,glibc_t1,P7,0,2,1,14161.00,0.0000,0.0000,15000.0,0.0,1.000,262144.0,0.000,0,0,262144,1,0,1,0,1,1
3,final_left,f32,65536,glibc_t1,FIXED_TWIN,0,3,1,18726.00,0.0000,0.0000,19000.0,0.0,1.000,262144.0,0.000,0,0,262144,1,0,1,0,1,1
3,final_left,f32,65536,glibc_t1,P6,1,0,1,47840.00,0.0000,0.0000,48000.0,0.0,1.000,262144.0,0.000,0,0,262144,1,1,0,0,1,1
3,final_left,f32,65536,glibc_t1,P7,1,1,1,14118.00,0.0000,0.0000,14000.0,0.0,1.000,262144.0,0.000,0,0,262144,1,0,1,0,1,1
3,final_left,f32,65536,glibc_t1,FIXED_TWIN,1,2,1,14149.00,0.0000,0.0000,15000.0,0.0,1.000,262144.0,0.000,0,0,262144,1,0,1,0,1,1
3,final_left,f32,65536,glibc_t1,P5,1,3,1,18997.00,0.0000,0.0000,20000.0,0.0,2.000,524288.0,0.000,0,0,524288,2,0,0,0,1,1
3,final_left,f32,65536,glibc_t1,P7,2,0,1,14267.00,0.0000,0.0000,15000.0,0.0,1.000,262144.0,0.000,0,0,262144,1,0,1,0,1,1
3,final_left,f32,65536,glibc_t1,FIXED_TWIN,2,1,1,17000.00,0.0000,0.0000,17000.0,0.0,1.000,262144.0,0.000,0,0,262144,1,0,1,0,1,1
3,final_left,f32,65536,glibc_t1,P5,2,2,1,19023.00,0.0000,0.0000,20000.0,0.0,2.000,524288.0,0.000,0,0,524288,2,0,0,0,1,1
3,final_left,f32,65536,glibc_t1,P6,2,3,1,17064.00,0.0000,0.0000,18000.0,0.0,1.000,262144.0,0.000,0,0,262144,1,1,0,0,1,1
3,final_left,f32,65536,glibc_t1,FIXED_TWIN,3,0,1,14046.00,0.0000,0.0000,15000.0,0.0,1.000,262144.0,0.000,0,0,262144,1,0,1,0,1,1
3,final_left,f32,65536,glibc_t1,P5,3,1,1,19036.00,0.0000,0.0000,20000.0,0.0,2.000,524288.0,0.000,0,0,524288,2,0,0,0,1,1
3,final_left,f32,65536,glibc_t1,P6,3,2,1,17120.00,0.0000,0.0000,18000.0,0.0,1.000,262144.0,0.000,0,0,262144,1,1,0,0,1,1
3,final_left,f32,65536,glibc_t1,P7,3,3,1,14089.00,0.0000,0.0000,14000.0,0.0,1.000,262144.0,0.000,0,0,262144,1,0,1,0,1,1
3,final_left,f32,65536,glibc_t1,P5,4,0,1,19279.00,0.0000,0.0000,20000.0,0.0,2.000,524288.0,0.000,0,0,524288,2,0,0,0,1,1
3,final_left,f32,65536,glibc_t1,P6,4,1,1,17125.00,0.0000,0.0000,18000.0,0.0,1.000,262144.0,0.000,0,0,262144,1,1,0,0,1,1
3,final_left,f32,65536,glibc_t1,P7,4,2,1,14162.00,0.0000,0.0000,15000.0,0.0,1.000,262144.0,0.000,0,0,262144,1,0,1,0,1,1
3,final_left,f32,65536,glibc_t1,FIXED_TWIN,4,3,1,14180.00,0.0000,0.0000,15000.0,0.0,1.000,262144.0,0.000,0,0,262144,1,0,1,0,1,1
3,final_left,f32,65536,glibc_t1,P6,5,0,1,16789.00,0.0000,0.0000,18000.0,0.0,1.000,262144.0,0.000,0,0,262144,1,1,0,0,1,1
3,final_left,f32,65536,glibc_t1,P7,5,1,1,14185.00,0.0000,0.0000,15000.0,0.0,1.000,262144.0,0.000,0,0,262144,1,0,1,0,1,1
3,final_left,f32,65536,glibc_t1,FIXED_TWIN,5,2,1,20692.00,0.0000,0.0000,22000.0,0.0,1.000,262144.0,0.000,0,0,262144,1,0,1,0,1,1
3,final_left,f32,65536,glibc_t1,P5,5,3,1,19008.00,0.0000,0.0000,19000.0,0.0,2.000,524288.0,0.000,0,0,524288,2,0,0,0,1,1
3,final_left,f32,65536,glibc_t1,P7,6,0,1,14185.00,0.0000,0.0000,15000.0,0.0,1.000,262144.0,0.000,0,0,262144,1,0,1,0,1,1
3,final_left,f32,65536,glibc_t1,FIXED_TWIN,6,1,1,17215.00,0.0000,0.0000,18000.0,0.0,1.000,262144.0,0.000,0,0,262144,1,0,1,0,1,1
3,final_left,f32,65536,glibc_t1,P5,6,2,1,19090.00,0.0000,0.0000,20000.0,0.0,2.000,524288.0,0.000,0,0,524288,2,0,0,0,1,1
3,final_left,f32,65536,glibc_t1,P6,6,3,1,17109.00,0.0000,0.0000,17000.0,0.0,1.000,262144.0,0.000,0,0,262144,1,1,0,0,1,1
3,final_left,f32,65536,glibc_t1,FIXED_TWIN,7,0,1,14178.00,0.0000,0.0000,15000.0,0.0,1.000,262144.0,0.000,0,0,262144,1,0,1,0,1,1
3,final_left,f32,65536,glibc_t1,P5,7,1,1,18871.00,0.0000,0.0000,20000.0,0.0,2.000,524288.0,0.000,0,0,524288,2,0,0,0,1,1
3,final_left,f32,65536,glibc_t1,P6,7,2,1,17057.00,0.0000,0.0000,17000.0,0.0,1.000,262144.0,0.000,0,0,262144,1,1,0,0,1,1
3,final_left,f32,65536,glibc_t1,P7,7,3,1,14229.00,0.0000,0.0000,15000.0,0.0,1.000,262144.0,0.000,0,0,262144,1,0,1,0,1,1
3,final_left,f32,65536,glibc_t1,P5,8,0,1,18949.00,0.0000,0.0000,20000.0,0.0,2.000,524288.0,0.000,0,0,524288,2,0,0,0,1,1
3,final_left,f32,65536,glibc_t1,P6,8,1,1,17036.00,0.0000,0.0000,18000.0,0.0,1.000,262144.0,0.000,0,0,262144,1,1,0,0,1,1
3,final_left,f32,65536,glibc_t1,P7,8,2,1,14176.00,0.0000,0.0000,15000.0,0.0,1.000,262144.0,0.000,0,0,262144,1,0,1,0,1,1
3,final_left,f32,65536,glibc_t1,FIXED_TWIN,8,3,1,14076.00,0.0000,0.0000,14000.0,0.0,1.000,262144.0,0.000,0,0,262144,1,0,1,0,1,1
3,final_left,f32,65536,glibc_t1,P6,9,0,1,30279.00,0.0000,0.0000,31000.0,0.0,1.000,262144.0,0.000,0,0,262144,1,1,0,0,1,1
3,final_left,f32,65536,glibc_t1,P7,9,1,1,14251.00,0.0000,0.0000,15000.0,0.0,1.000,262144.0,0.000,0,0,262144,1,0,1,0,1,1
3,final_left,f32,65536,glibc_t1,FIXED_TWIN,9,2,1,14096.00,0.0000,0.0000,15000.0,0.0,1.000,262144.0,0.000,0,0,262144,1,0,1,0,1,1
3,final_left,f32,65536,glibc_t1,P5,9,3,1,18886.00,0.0000,0.0000,20000.0,0.0,2.000,524288.0,0.000,0,0,524288,2,0,0,0,1,1
3,final_left,f32,65536,glibc_t1,P7,10,0,1,17471.00,0.0000,0.0000,18000.0,0.0,1.000,262144.0,0.000,0,0,262144,1,0,1,0,1,1
3,final_left,f32,65536,glibc_t1,FIXED_TWIN,10,1,1,14113.00,0.0000,0.0000,15000.0,0.0,1.000,262144.0,0.000,0,0,262144,1,0,1,0,1,1
3,final_left,f32,65536,glibc_t1,P5,10,2,1,19031.00,0.0000,0.0000,20000.0,0.0,2.000,524288.0,0.000,0,0,524288,2,0,0,0,1,1
3,final_left,f32,65536,glibc_t1,P6,10,3,1,17018.00,0.0000,0.0000,17000.0,0.0,1.000,262144.0,0.000,0,0,262144,1,1,0,0,1,1
3,final_left,f32,65536,glibc_t1,FIXED_TWIN,11,0,1,14253.00,0.0000,0.0000,15000.0,0.0,1.000,262144.0,0.000,0,0,262144,1,0,1,0,1,1
3,final_left,f32,65536,glibc_t1,P5,11,1,1,18963.00,0.0000,0.0000,20000.0,0.0,2.000,524288.0,0.000,0,0,524288,2,0,0,0,1,1
3,final_left,f32,65536,glibc_t1,P6,11,2,1,16974.00,0.0000,0.0000,17000.0,0.0,1.000,262144.0,0.000,0,0,262144,1,1,0,0,1,1
3,final_left,f32,65536,glibc_t1,P7,11,3,1,14022.00,0.0000,0.0000,15000.0,0.0,1.000,262144.0,0.000,0,0,262144,1,0,1,0,1,1
3,final_left,f32,65536,glibc_t1,P5,12,0,1,18806.00,0.0000,0.0000,20000.0,0.0,2.000,524288.0,0.000,0,0,524288,2,0,0,0,1,1
3,final_left,f32,65536,glibc_t1,P6,12,1,1,17020.00,0.0000,0.0000,18000.0,0.0,1.000,262144.0,0.000,0,0,262144,1,1,0,0,1,1
3,final_left,f32,65536,glibc_t1,P7,12,2,1,17413.00,0.0000,0.0000,18000.0,0.0,1.000,262144.0,0.000,0,0,262144,1,0,1,0,1,1
3,final_left,f32,65536,glibc_t1,FIXED_TWIN,12,3,1,14073.00,0.0000,0.0000,15000.0,0.0,1.000,262144.0,0.000,0,0,262144,1,0,1,0,1,1
3,final_left,f32,65536,glibc_t1,P6,13,0,1,16952.00,0.0000,0.0000,18000.0,0.0,1.000,262144.0,0.000,0,0,262144,1,1,0,0,1,1
3,final_left,f32,65536,glibc_t1,P7,13,1,1,14074.00,0.0000,0.0000,15000.0,0.0,1.000,262144.0,0.000,0,0,262144,1,0,1,0,1,1
3,final_left,f32,65536,glibc_t1,FIXED_TWIN,13,2,1,14003.00,0.0000,0.0000,14000.0,0.0,1.000,262144.0,0.000,0,0,262144,1,0,1,0,1,1
3,final_left,f32,65536,glibc_t1,P5,13,3,1,18918.00,0.0000,0.0000,19000.0,0.0,2.000,524288.0,0.000,0,0,524288,2,0,0,0,1,1
3,final_left,f32,65536,glibc_t1,P7,14,0,1,14167.00,0.0000,0.0000,15000.0,0.0,1.000,262144.0,0.000,0,0,262144,1,0,1,0,1,1
3,final_left,f32,65536,glibc_t1,FIXED_TWIN,14,1,1,14178.00,0.0000,0.0000,15000.0,0.0,1.000,262144.0,0.000,0,0,262144,1,0,1,0,1,1
3,final_left,f32,65536,glibc_t1,P5,14,2,1,19110.00,0.0000,0.0000,20000.0,0.0,2.000,524288.0,0.000,0,0,524288,2,0,0,0,1,1
3,final_left,f32,65536,glibc_t1,P6,14,3,1,17065.00,0.0000,0.0000,18000.0,0.0,1.000,262144.0,0.000,0,0,262144,1,1,0,0,1,1
3,final_left,f32,262144,glibc_t1,P5,0,0,1,226079.00,0.0000,0.0000,230000.0,0.0,2.000,2097152.0,0.000,0,0,2097152,2,0,0,0,1,1
3,final_left,f32,262144,glibc_t1,P6,0,1,1,212466.00,0.0000,0.0000,215000.0,0.0,1.000,1048576.0,0.000,0,0,1048576,1,1,0,0,1,1
3,final_left,f32,262144,glibc_t1,P7,0,2,1,183198.00,0.0000,0.0000,184000.0,0.0,1.000,1048576.0,0.000,0,0,1048576,1,0,1,0,1,1
3,final_left,f32,262144,glibc_t1,FIXED_TWIN,0,3,1,152335.00,0.0000,0.0000,154000.0,0.0,1.000,1048576.0,0.000,0,0,1048576,1,0,1,0,1,1
3,final_left,f32,262144,glibc_t1,P6,1,0,1,183579.00,0.0000,0.0000,185000.0,0.0,1.000,1048576.0,0.000,0,0,1048576,1,1,0,0,1,1
3,final_left,f32,262144,glibc_t1,P7,1,1,1,151899.00,0.0000,0.0000,154000.0,0.0,1.000,1048576.0,0.000,0,0,1048576,1,0,1,0,1,1
3,final_left,f32,262144,glibc_t1,FIXED_TWIN,1,2,1,151748.00,0.0000,0.0000,153000.0,0.0,1.000,1048576.0,0.000,0,0,1048576,1,0,1,0,1,1
3,final_left,f32,262144,glibc_t1,P5,1,3,1,224878.00,0.0000,0.0000,227000.0,0.0,2.000,2097152.0,0.000,0,0,2097152,2,0,0,0,1,1
3,final_left,f32,262144,glibc_t1,P7,2,0,1,150842.00,0.0000,0.0000,152000.0,0.0,1.000,1048576.0,0.000,0,0,1048576,1,0,1,0,1,1
3,final_left,f32,262144,glibc_t1,FIXED_TWIN,2,1,1,151378.00,0.0000,0.0000,152000.0,0.0,1.000,1048576.0,0.000,0,0,1048576,1,0,1,0,1,1
3,final_left,f32,262144,glibc_t1,P5,2,2,1,230479.00,0.0000,0.0000,232000.0,0.0,2.000,2097152.0,0.000,0,0,2097152,2,0,0,0,1,1
3,final_left,f32,262144,glibc_t1,P6,2,3,1,177179.00,0.0000,0.0000,179000.0,0.0,1.000,1048576.0,0.000,0,0,1048576,1,1,0,0,1,1
3,final_left,f32,262144,glibc_t1,FIXED_TWIN,3,0,1,167948.00,0.0000,0.0000,170000.0,0.0,1.000,1048576.0,0.000,0,0,1048576,1,0,1,0,1,1
3,final_left,f32,262144,glibc_t1,P5,3,1,1,272440.00,0.0000,0.0000,275000.0,0.0,2.000,2097152.0,0.000,0,0,2097152,2,0,0,0,1,1
3,final_left,f32,262144,glibc_t1,P6,3,2,1,198476.00,0.0000,0.0000,201000.0,0.0,1.000,1048576.0,0.000,0,0,1048576,1,1,0,0,1,1
3,final_left,f32,262144,glibc_t1,P7,3,3,1,151557.00,0.0000,0.0000,154000.0,0.0,1.000,1048576.0,0.000,0,0,1048576,1,0,1,0,1,1
3,final_left,f32,262144,glibc_t1,P5,4,0,1,224476.00,0.0000,0.0000,227000.0,0.0,2.000,2097152.0,0.000,0,0,2097152,2,0,0,0,1,1
3,final_left,f32,262144,glibc_t1,P6,4,1,1,186619.00,0.0000,0.0000,189000.0,0.0,1.000,1048576.0,0.000,0,0,1048576,1,1,0,0,1,1
3,final_left,f32,262144,glibc_t1,P7,4,2,1,181404.00,0.0000,0.0000,184000.0,0.0,1.000,1048576.0,0.000,0,0,1048576,1,0,1,0,1,1
3,final_left,f32,262144,glibc_t1,FIXED_TWIN,4,3,1,159165.00,0.0000,0.0000,161000.0,0.0,1.000,1048576.0,0.000,0,0,1048576,1,0,1,0,1,1
3,final_left,f32,262144,glibc_t1,P6,5,0,1,176581.00,0.0000,0.0000,178000.0,0.0,1.000,1048576.0,0.000,0,0,1048576,1,1,0,0,1,1
3,final_left,f32,262144,glibc_t1,P7,5,1,1,153578.00,0.0000,0.0000,156000.0,0.0,1.000,1048576.0,0.000,0,0,1048576,1,0,1,0,1,1
3,final_left,f32,262144,glibc_t1,FIXED_TWIN,5,2,1,151379.00,0.0000,0.0000,153000.0,0.0,1.000,1048576.0,0.000,0,0,1048576,1,0,1,0,1,1
3,final_left,f32,262144,glibc_t1,P5,5,3,1,257543.00,0.0000,0.0000,259000.0,0.0,2.000,2097152.0,0.000,0,0,2097152,2,0,0,0,1,1
3,final_left,f32,262144,glibc_t1,P7,6,0,1,151962.00,0.0000,0.0000,154000.0,0.0,1.000,1048576.0,0.000,0,0,1048576,1,0,1,0,1,1
3,final_left,f32,262144,glibc_t1,FIXED_TWIN,6,1,1,155668.00,0.0000,0.0000,157000.0,0.0,1.000,1048576.0,0.000,0,0,1048576,1,0,1,0,1,1
3,final_left,f32,262144,glibc_t1,P5,6,2,1,254363.00,0.0000,0.0000,257000.0,0.0,2.000,2097152.0,0.000,0,0,2097152,2,0,0,0,1,1
3,final_left,f32,262144,glibc_t1,P6,6,3,1,183326.00,0.0000,0.0000,185000.0,0.0,1.000,1048576.0,0.000,0,0,1048576,1,1,0,0,1,1
3,final_left,f32,262144,glibc_t1,FIXED_TWIN,7,0,1,152743.00,0.0000,0.0000,154000.0,0.0,1.000,1048576.0,0.000,0,0,1048576,1,0,1,0,1,1
3,final_left,f32,262144,glibc_t1,P5,7,1,1,238878.00,0.0000,0.0000,241000.0,0.0,2.000,2097152.0,0.000,0,0,2097152,2,0,0,0,1,1
3,final_left,f32,262144,glibc_t1,P6,7,2,1,213132.00,0.0000,0.0000,217000.0,0.0,1.000,1048576.0,0.000,0,0,1048576,1,1,0,0,1,1
3,final_left,f32,262144,glibc_t1,P7,7,3,1,152694.00,0.0000,0.0000,155000.0,0.0,1.000,1048576.0,0.000,0,0,1048576,1,0,1,0,1,1
3,final_left,f32,262144,glibc_t1,P5,8,0,1,231605.00,0.0000,0.0000,235000.0,0.0,2.000,2097152.0,0.000,0,0,2097152,2,0,0,0,1,1
3,final_left,f32,262144,glibc_t1,P6,8,1,1,177084.00,0.0000,0.0000,179000.0,0.0,1.000,1048576.0,0.000,0,0,1048576,1,1,0,0,1,1
3,final_left,f32,262144,glibc_t1,P7,8,2,1,164204.00,0.0000,0.0000,167000.0,0.0,1.000,1048576.0,0.000,0,0,1048576,1,0,1,0,1,1
3,final_left,f32,262144,glibc_t1,FIXED_TWIN,8,3,1,152082.00,0.0000,0.0000,154000.0,0.0,1.000,1048576.0,0.000,0,0,1048576,1,0,1,0,1,1
3,final_left,f32,262144,glibc_t1,P6,9,0,1,176500.00,0.0000,0.0000,178000.0,0.0,1.000,1048576.0,0.000,0,0,1048576,1,1,0,0,1,1
3,final_left,f32,262144,glibc_t1,P7,9,1,1,158338.00,0.0000,0.0000,160000.0,0.0,1.000,1048576.0,0.000,0,0,1048576,1,0,1,0,1,1
3,final_left,f32,262144,glibc_t1,FIXED_TWIN,9,2,1,173993.00,0.0000,0.0000,175000.0,0.0,1.000,1048576.0,0.000,0,0,1048576,1,0,1,0,1,1
3,final_left,f32,262144,glibc_t1,P5,9,3,1,254670.00,0.0000,0.0000,256000.0,0.0,2.000,2097152.0,0.000,0,0,2097152,2,0,0,0,1,1
3,final_left,f32,262144,glibc_t1,P7,10,0,1,152359.00,0.0000,0.0000,154000.0,0.0,1.000,1048576.0,0.000,0,0,1048576,1,0,1,0,1,1
3,final_left,f32,262144,glibc_t1,FIXED_TWIN,10,1,1,154878.00,0.0000,0.0000,156000.0,0.0,1.000,1048576.0,0.000,0,0,1048576,1,0,1,0,1,1
3,final_left,f32,262144,glibc_t1,P5,10,2,1,243372.00,0.0000,0.0000,245000.0,0.0,2.000,2097152.0,0.000,0,0,2097152,2,0,0,0,1,1
3,final_left,f32,262144,glibc_t1,P6,10,3,1,180130.00,0.0000,0.0000,182000.0,0.0,1.000,1048576.0,0.000,0,0,1048576,1,1,0,0,1,1
3,final_left,f32,262144,glibc_t1,FIXED_TWIN,11,0,1,161887.00,0.0000,0.0000,164000.0,0.0,1.000,1048576.0,0.000,0,0,1048576,1,0,1,0,1,1
3,final_left,f32,262144,glibc_t1,P5,11,1,1,225074.00,0.0000,0.0000,227000.0,0.0,2.000,2097152.0,0.000,0,0,2097152,2,0,0,0,1,1
3,final_left,f32,262144,glibc_t1,P6,11,2,1,177253.00,0.0000,0.0000,179000.0,0.0,1.000,1048576.0,0.000,0,0,1048576,1,1,0,0,1,1
3,final_left,f32,262144,glibc_t1,P7,11,3,1,152004.00,0.0000,0.0000,154000.0,0.0,1.000,1048576.0,0.000,0,0,1048576,1,0,1,0,1,1
3,final_left,f32,262144,glibc_t1,P5,12,0,1,230077.00,0.0000,0.0000,232000.0,0.0,2.000,2097152.0,0.000,0,0,2097152,2,0,0,0,1,1
3,final_left,f32,262144,glibc_t1,P6,12,1,1,176849.00,0.0000,0.0000,178000.0,0.0,1.000,1048576.0,0.000,0,0,1048576,1,1,0,0,1,1
3,final_left,f32,262144,glibc_t1,P7,12,2,1,151669.00,0.0000,0.0000,153000.0,0.0,1.000,1048576.0,0.000,0,0,1048576,1,0,1,0,1,1
3,final_left,f32,262144,glibc_t1,FIXED_TWIN,12,3,1,151641.00,0.0000,0.0000,153000.0,0.0,1.000,1048576.0,0.000,0,0,1048576,1,0,1,0,1,1
3,final_left,f32,262144,glibc_t1,P6,13,0,1,176796.00,0.0000,0.0000,178000.0,0.0,1.000,1048576.0,0.000,0,0,1048576,1,1,0,0,1,1
3,final_left,f32,262144,glibc_t1,P7,13,1,1,152029.00,0.0000,0.0000,153000.0,0.0,1.000,1048576.0,0.000,0,0,1048576,1,0,1,0,1,1
3,final_left,f32,262144,glibc_t1,FIXED_TWIN,13,2,1,168516.00,0.0000,0.0000,169000.0,0.0,1.000,1048576.0,0.000,0,0,1048576,1,0,1,0,1,1
3,final_left,f32,262144,glibc_t1,P5,13,3,1,264815.00,0.0000,0.0000,267000.0,0.0,2.000,2097152.0,0.000,0,0,2097152,2,0,0,0,1,1
3,final_left,f32,262144,glibc_t1,P7,14,0,1,151835.00,0.0000,0.0000,153000.0,0.0,1.000,1048576.0,0.000,0,0,1048576,1,0,1,0,1,1
3,final_left,f32,262144,glibc_t1,FIXED_TWIN,14,1,1,151985.00,0.0000,0.0000,153000.0,0.0,1.000,1048576.0,0.000,0,0,1048576,1,0,1,0,1,1
3,final_left,f32,262144,glibc_t1,P5,14,2,1,250832.00,0.0000,0.0000,252000.0,0.0,2.000,2097152.0,0.000,0,0,2097152,2,0,0,0,1,1
3,final_left,f32,262144,glibc_t1,P6,14,3,1,181796.00,0.0000,0.0000,183000.0,0.0,1.000,1048576.0,0.000,0,0,1048576,1,1,0,0,1,1
3,final_left,f32,1048576,glibc_t1,P5,0,0,1,992917.00,0.0000,0.0000,998000.0,0.0,2.000,8388608.0,0.000,0,0,8388608,2,0,0,0,1,1
3,final_left,f32,1048576,glibc_t1,P6,0,1,1,807595.00,0.0000,0.0000,810000.0,0.0,1.000,4194304.0,0.000,0,0,4194304,1,1,0,0,1,1
3,final_left,f32,1048576,glibc_t1,P7,0,2,1,644731.00,0.0000,0.0000,647000.0,0.0,1.000,4194304.0,0.000,0,0,4194304,1,0,1,0,1,1
3,final_left,f32,1048576,glibc_t1,FIXED_TWIN,0,3,1,665582.00,0.0000,0.0000,669000.0,0.0,1.000,4194304.0,0.000,0,0,4194304,1,0,1,0,1,1
3,final_left,f32,1048576,glibc_t1,P6,1,0,1,823121.00,0.0000,0.0000,827000.0,0.0,1.000,4194304.0,0.000,0,0,4194304,1,1,0,0,1,1
3,final_left,f32,1048576,glibc_t1,P7,1,1,1,645643.00,0.0000,0.0000,649000.0,0.0,1.000,4194304.0,0.000,0,0,4194304,1,0,1,0,1,1
3,final_left,f32,1048576,glibc_t1,FIXED_TWIN,1,2,1,641749.00,0.0000,0.0000,645000.0,0.0,1.000,4194304.0,0.000,0,0,4194304,1,0,1,0,1,1
3,final_left,f32,1048576,glibc_t1,P5,1,3,1,989159.00,0.0000,0.0000,993000.0,0.0,2.000,8388608.0,0.000,0,0,8388608,2,0,0,0,1,1
3,final_left,f32,1048576,glibc_t1,P7,2,0,1,642183.00,0.0000,0.0000,644000.0,0.0,1.000,4194304.0,0.000,0,0,4194304,1,0,1,0,1,1
3,final_left,f32,1048576,glibc_t1,FIXED_TWIN,2,1,1,653425.00,0.0000,0.0000,657000.0,0.0,1.000,4194304.0,0.000,0,0,4194304,1,0,1,0,1,1
3,final_left,f32,1048576,glibc_t1,P5,2,2,1,1002794.00,0.0000,0.0000,1006000.0,0.0,2.000,8388608.0,0.000,0,0,8388608,2,0,0,0,1,1
3,final_left,f32,1048576,glibc_t1,P6,2,3,1,810673.00,0.0000,0.0000,814000.0,0.0,1.000,4194304.0,0.000,0,0,4194304,1,1,0,0,1,1
3,final_left,f32,1048576,glibc_t1,FIXED_TWIN,3,0,1,626972.00,0.0000,0.0000,630000.0,0.0,1.000,4194304.0,0.000,0,0,4194304,1,0,1,0,1,1
3,final_left,f32,1048576,glibc_t1,P5,3,1,1,974814.00,0.0000,0.0000,978000.0,0.0,2.000,8388608.0,0.000,0,0,8388608,2,0,0,0,1,1
3,final_left,f32,1048576,glibc_t1,P6,3,2,1,808892.00,0.0000,0.0000,812000.0,0.0,1.000,4194304.0,0.000,0,0,4194304,1,1,0,0,1,1
3,final_left,f32,1048576,glibc_t1,P7,3,3,1,637055.00,0.0000,0.0000,641000.0,0.0,1.000,4194304.0,0.000,0,0,4194304,1,0,1,0,1,1
3,final_left,f32,1048576,glibc_t1,P5,4,0,1,960441.00,0.0000,0.0000,964000.0,0.0,2.000,8388608.0,0.000,0,0,8388608,2,0,0,0,1,1
3,final_left,f32,1048576,glibc_t1,P6,4,1,1,811621.00,0.0000,0.0000,816000.0,0.0,1.000,4194304.0,0.000,0,0,4194304,1,1,0,0,1,1
3,final_left,f32,1048576,glibc_t1,P7,4,2,1,622082.00,0.0000,0.0000,625000.0,0.0,1.000,4194304.0,0.000,0,0,4194304,1,0,1,0,1,1
3,final_left,f32,1048576,glibc_t1,FIXED_TWIN,4,3,1,620229.00,0.0000,0.0000,623000.0,0.0,1.000,4194304.0,0.000,0,0,4194304,1,0,1,0,1,1
3,final_left,f32,1048576,glibc_t1,P6,5,0,1,835379.00,0.0000,0.0000,840000.0,0.0,1.000,4194304.0,0.000,0,0,4194304,1,1,0,0,1,1
3,final_left,f32,1048576,glibc_t1,P7,5,1,1,614074.00,0.0000,0.0000,617000.0,0.0,1.000,4194304.0,0.000,0,0,4194304,1,0,1,0,1,1
3,final_left,f32,1048576,glibc_t1,FIXED_TWIN,5,2,1,653410.00,0.0000,0.0000,657000.0,0.0,1.000,4194304.0,0.000,0,0,4194304,1,0,1,0,1,1
3,final_left,f32,1048576,glibc_t1,P5,5,3,1,1038492.00,0.0000,0.0000,1041000.0,0.0,2.000,8388608.0,0.000,0,0,8388608,2,0,0,0,1,1
3,final_left,f32,1048576,glibc_t1,P7,6,0,1,622808.00,0.0000,0.0000,625000.0,0.0,1.000,4194304.0,0.000,0,0,4194304,1,0,1,0,1,1
3,final_left,f32,1048576,glibc_t1,FIXED_TWIN,6,1,1,636392.00,0.0000,0.0000,639000.0,0.0,1.000,4194304.0,0.000,0,0,4194304,1,0,1,0,1,1
3,final_left,f32,1048576,glibc_t1,P5,6,2,1,1043180.00,0.0000,0.0000,1046000.0,0.0,2.000,8388608.0,0.000,0,0,8388608,2,0,0,0,1,1
3,final_left,f32,1048576,glibc_t1,P6,6,3,1,845082.00,0.0000,0.0000,848000.0,0.0,1.000,4194304.0,0.000,0,0,4194304,1,1,0,0,1,1
3,final_left,f32,1048576,glibc_t1,FIXED_TWIN,7,0,1,663018.00,0.0000,0.0000,666000.0,0.0,1.000,4194304.0,0.000,0,0,4194304,1,0,1,0,1,1
3,final_left,f32,1048576,glibc_t1,P5,7,1,1,997057.00,0.0000,0.0000,1000000.0,0.0,2.000,8388608.0,0.000,0,0,8388608,2,0,0,0,1,1
3,final_left,f32,1048576,glibc_t1,P6,7,2,1,790049.00,0.0000,0.0000,793000.0,0.0,1.000,4194304.0,0.000,0,0,4194304,1,1,0,0,1,1
3,final_left,f32,1048576,glibc_t1,P7,7,3,1,622623.00,0.0000,0.0000,625000.0,0.0,1.000,4194304.0,0.000,0,0,4194304,1,0,1,0,1,1
3,final_left,f32,1048576,glibc_t1,P5,8,0,1,1033966.00,0.0000,0.0000,1037000.0,0.0,2.000,8388608.0,0.000,0,0,8388608,2,0,0,0,1,1
3,final_left,f32,1048576,glibc_t1,P6,8,1,1,849011.00,0.0000,0.0000,853000.0,0.0,1.000,4194304.0,0.000,0,0,4194304,1,1,0,0,1,1
3,final_left,f32,1048576,glibc_t1,P7,8,2,1,654650.00,0.0000,0.0000,658000.0,0.0,1.000,4194304.0,0.000,0,0,4194304,1,0,1,0,1,1
3,final_left,f32,1048576,glibc_t1,FIXED_TWIN,8,3,1,699971.00,0.0000,0.0000,704000.0,0.0,1.000,4194304.0,0.000,0,0,4194304,1,0,1,0,1,1
3,final_left,f32,1048576,glibc_t1,P6,9,0,1,827013.00,0.0000,0.0000,829000.0,0.0,1.000,4194304.0,0.000,0,0,4194304,1,1,0,0,1,1
3,final_left,f32,1048576,glibc_t1,P7,9,1,1,644974.00,0.0000,0.0000,649000.0,0.0,1.000,4194304.0,0.000,0,0,4194304,1,0,1,0,1,1
3,final_left,f32,1048576,glibc_t1,FIXED_TWIN,9,2,1,645980.00,0.0000,0.0000,650000.0,0.0,1.000,4194304.0,0.000,0,0,4194304,1,0,1,0,1,1
3,final_left,f32,1048576,glibc_t1,P5,9,3,1,1019800.00,0.0000,0.0000,1024000.0,0.0,2.000,8388608.0,0.000,0,0,8388608,2,0,0,0,1,1
3,final_left,f32,1048576,glibc_t1,P7,10,0,1,613248.00,0.0000,0.0000,615000.0,0.0,1.000,4194304.0,0.000,0,0,4194304,1,0,1,0,1,1
3,final_left,f32,1048576,glibc_t1,FIXED_TWIN,10,1,1,637424.00,0.0000,0.0000,640000.0,0.0,1.000,4194304.0,0.000,0,0,4194304,1,0,1,0,1,1
3,final_left,f32,1048576,glibc_t1,P5,10,2,1,1001659.00,0.0000,0.0000,1005000.0,0.0,2.000,8388608.0,0.000,0,0,8388608,2,0,0,0,1,1
3,final_left,f32,1048576,glibc_t1,P6,10,3,1,820473.00,0.0000,0.0000,823000.0,0.0,1.000,4194304.0,0.000,0,0,4194304,1,1,0,0,1,1
3,final_left,f32,1048576,glibc_t1,FIXED_TWIN,11,0,1,681601.00,0.0000,0.0000,684000.0,0.0,1.000,4194304.0,0.000,0,0,4194304,1,0,1,0,1,1
3,final_left,f32,1048576,glibc_t1,P5,11,1,1,995010.00,0.0000,0.0000,998000.0,0.0,2.000,8388608.0,0.000,0,0,8388608,2,0,0,0,1,1
3,final_left,f32,1048576,glibc_t1,P6,11,2,1,859852.00,0.0000,0.0000,863000.0,0.0,1.000,4194304.0,0.000,0,0,4194304,1,1,0,0,1,1
3,final_left,f32,1048576,glibc_t1,P7,11,3,1,647313.00,0.0000,0.0000,650000.0,0.0,1.000,4194304.0,0.000,0,0,4194304,1,0,1,0,1,1
3,final_left,f32,1048576,glibc_t1,P5,12,0,1,959862.00,0.0000,0.0000,962000.0,0.0,2.000,8388608.0,0.000,0,0,8388608,2,0,0,0,1,1
3,final_left,f32,1048576,glibc_t1,P6,12,1,1,828077.00,0.0000,0.0000,831000.0,0.0,1.000,4194304.0,0.000,0,0,4194304,1,1,0,0,1,1
3,final_left,f32,1048576,glibc_t1,P7,12,2,1,673146.00,0.0000,0.0000,676000.0,0.0,1.000,4194304.0,0.000,0,0,4194304,1,0,1,0,1,1
3,final_left,f32,1048576,glibc_t1,FIXED_TWIN,12,3,1,643857.00,0.0000,0.0000,648000.0,0.0,1.000,4194304.0,0.000,0,0,4194304,1,0,1,0,1,1
3,final_left,f32,1048576,glibc_t1,P6,13,0,1,870318.00,0.0000,0.0000,874000.0,0.0,1.000,4194304.0,0.000,0,0,4194304,1,1,0,0,1,1
3,final_left,f32,1048576,glibc_t1,P7,13,1,1,666868.00,0.0000,0.0000,670000.0,0.0,1.000,4194304.0,0.000,0,0,4194304,1,0,1,0,1,1
3,final_left,f32,1048576,glibc_t1,FIXED_TWIN,13,2,1,690952.00,0.0000,0.0000,694000.0,0.0,1.000,4194304.0,0.000,0,0,4194304,1,0,1,0,1,1
3,final_left,f32,1048576,glibc_t1,P5,13,3,1,1013594.00,0.0000,0.0000,1017000.0,0.0,2.000,8388608.0,0.000,0,0,8388608,2,0,0,0,1,1
3,final_left,f32,1048576,glibc_t1,P7,14,0,1,647188.00,0.0000,0.0000,649000.0,0.0,1.000,4194304.0,0.000,0,0,4194304,1,0,1,0,1,1
3,final_left,f32,1048576,glibc_t1,FIXED_TWIN,14,1,1,642481.00,0.0000,0.0000,645000.0,0.0,1.000,4194304.0,0.000,0,0,4194304,1,0,1,0,1,1
3,final_left,f32,1048576,glibc_t1,P5,14,2,1,1006941.00,0.0000,0.0000,1009000.0,0.0,2.000,8388608.0,0.000,0,0,8388608,2,0,0,0,1,1
3,final_left,f32,1048576,glibc_t1,P6,14,3,1,875053.00,0.0000,0.0000,879000.0,0.0,1.000,4194304.0,0.000,0,0,4194304,1,1,0,0,1,1
3,final_left,f32,4194304,glibc_t1,P5,0,0,1,5161736.00,0.0000,0.0000,5168000.0,0.0,2.000,33554432.0,0.000,0,0,33554432,2,0,0,0,1,1
3,final_left,f32,4194304,glibc_t1,P6,0,1,1,3469541.00,0.0000,0.0000,3474000.0,0.0,1.000,16777216.0,0.000,0,0,16777216,1,1,0,0,1,1
3,final_left,f32,4194304,glibc_t1,P7,0,2,1,2654481.00,0.0000,0.0000,2659000.0,0.0,1.000,16777216.0,0.000,0,0,16777216,1,0,1,0,1,1
3,final_left,f32,4194304,glibc_t1,FIXED_TWIN,0,3,1,2677237.00,0.0000,0.0000,2680000.0,0.0,1.000,16777216.0,0.000,0,0,16777216,1,0,1,0,1,1
3,final_left,f32,4194304,glibc_t1,P6,1,0,1,3351306.00,0.0000,0.0000,3355000.0,0.0,1.000,16777216.0,0.000,0,0,16777216,1,1,0,0,1,1
3,final_left,f32,4194304,glibc_t1,P7,1,1,1,2635767.00,0.0000,0.0000,2639000.0,0.0,1.000,16777216.0,0.000,0,0,16777216,1,0,1,0,1,1
3,final_left,f32,4194304,glibc_t1,FIXED_TWIN,1,2,1,2667784.00,0.0000,0.0000,2671000.0,0.0,1.000,16777216.0,0.000,0,0,16777216,1,0,1,0,1,1
3,final_left,f32,4194304,glibc_t1,P5,1,3,1,5303062.00,0.0000,0.0000,5306000.0,0.0,2.000,33554432.0,0.000,0,0,33554432,2,0,0,0,1,1
3,final_left,f32,4194304,glibc_t1,P7,2,0,1,3164895.00,0.0000,0.0000,3168000.0,0.0,1.000,16777216.0,0.000,0,0,16777216,1,0,1,0,1,1
3,final_left,f32,4194304,glibc_t1,FIXED_TWIN,2,1,1,2945184.00,0.0000,0.0000,2874000.0,74000.0,1.000,16777216.0,0.000,0,0,16777216,1,0,1,0,1,1
3,final_left,f32,4194304,glibc_t1,P5,2,2,1,5368402.00,0.0000,0.0000,5373000.0,0.0,2.000,33554432.0,0.000,0,0,33554432,2,0,0,0,1,1
3,final_left,f32,4194304,glibc_t1,P6,2,3,1,3779088.00,0.0000,0.0000,3784000.0,0.0,1.000,16777216.0,0.000,0,0,16777216,1,1,0,0,1,1
3,final_left,f32,4194304,glibc_t1,FIXED_TWIN,3,0,1,2950114.00,0.0000,0.0000,2954000.0,0.0,1.000,16777216.0,0.000,0,0,16777216,1,0,1,0,1,1
3,final_left,f32,4194304,glibc_t1,P5,3,1,1,5044558.00,0.0000,0.0000,5048000.0,0.0,2.000,33554432.0,0.000,0,0,33554432,2,0,0,0,1,1
3,final_left,f32,4194304,glibc_t1,P6,3,2,1,3539685.00,0.0000,0.0000,3542000.0,0.0,1.000,16777216.0,0.000,0,0,16777216,1,1,0,0,1,1
3,final_left,f32,4194304,glibc_t1,P7,3,3,1,2674948.00,0.0000,0.0000,2679000.0,0.0,1.000,16777216.0,0.000,0,0,16777216,1,0,1,0,1,1
3,final_left,f32,4194304,glibc_t1,P5,4,0,1,5113673.00,0.0000,0.0000,5117000.0,0.0,2.000,33554432.0,0.000,0,0,33554432,2,0,0,0,1,1
3,final_left,f32,4194304,glibc_t1,P6,4,1,1,3876196.00,0.0000,0.0000,3881000.0,0.0,1.000,16777216.0,0.000,0,0,16777216,1,1,0,0,1,1
3,final_left,f32,4194304,glibc_t1,P7,4,2,1,2982622.00,0.0000,0.0000,2987000.0,0.0,1.000,16777216.0,0.000,0,0,16777216,1,0,1,0,1,1
3,final_left,f32,4194304,glibc_t1,FIXED_TWIN,4,3,1,2862962.00,0.0000,0.0000,2866000.0,0.0,1.000,16777216.0,0.000,0,0,16777216,1,0,1,0,1,1
3,final_left,f32,4194304,glibc_t1,P6,5,0,1,3528833.00,0.0000,0.0000,3534000.0,0.0,1.000,16777216.0,0.000,0,0,16777216,1,1,0,0,1,1
3,final_left,f32,4194304,glibc_t1,P7,5,1,1,2714504.00,0.0000,0.0000,2720000.0,0.0,1.000,16777216.0,0.000,0,0,16777216,1,0,1,0,1,1
3,final_left,f32,4194304,glibc_t1,FIXED_TWIN,5,2,1,2679655.00,0.0000,0.0000,2683000.0,0.0,1.000,16777216.0,0.000,0,0,16777216,1,0,1,0,1,1
3,final_left,f32,4194304,glibc_t1,P5,5,3,1,5226407.00,0.0000,0.0000,5230000.0,0.0,2.000,33554432.0,0.000,0,0,33554432,2,0,0,0,1,1
3,final_left,f32,4194304,glibc_t1,P7,6,0,1,2701358.00,0.0000,0.0000,2705000.0,0.0,1.000,16777216.0,0.000,0,0,16777216,1,0,1,0,1,1
3,final_left,f32,4194304,glibc_t1,FIXED_TWIN,6,1,1,2775100.00,0.0000,0.0000,2779000.0,0.0,1.000,16777216.0,0.000,0,0,16777216,1,0,1,0,1,1
3,final_left,f32,4194304,glibc_t1,P5,6,2,1,5009978.00,0.0000,0.0000,4984000.0,0.0,2.000,33554432.0,0.000,0,0,33554432,2,0,0,0,1,1
3,final_left,f32,4194304,glibc_t1,P6,6,3,1,3575993.00,0.0000,0.0000,3580000.0,0.0,1.000,16777216.0,0.000,0,0,16777216,1,1,0,0,1,1
3,final_left,f32,4194304,glibc_t1,FIXED_TWIN,7,0,1,2724961.00,0.0000,0.0000,2728000.0,0.0,1.000,16777216.0,0.000,0,0,16777216,1,0,1,0,1,1
3,final_left,f32,4194304,glibc_t1,P5,7,1,1,4832118.00,0.0000,0.0000,4825000.0,0.0,2.000,33554432.0,0.000,0,0,33554432,2,0,0,0,1,1
3,final_left,f32,4194304,glibc_t1,P6,7,2,1,3568019.00,0.0000,0.0000,3571000.0,0.0,1.000,16777216.0,0.000,0,0,16777216,1,1,0,0,1,1
3,final_left,f32,4194304,glibc_t1,P7,7,3,1,2698732.00,0.0000,0.0000,2692000.0,11000.0,1.000,16777216.0,0.000,0,0,16777216,1,0,1,0,1,1
3,final_left,f32,4194304,glibc_t1,P5,8,0,1,4797625.00,0.0000,0.0000,4801000.0,0.0,2.000,33554432.0,0.000,0,0,33554432,2,0,0,0,1,1
3,final_left,f32,4194304,glibc_t1,P6,8,1,1,3475799.00,0.0000,0.0000,3479000.0,0.0,1.000,16777216.0,0.000,0,0,16777216,1,1,0,0,1,1
3,final_left,f32,4194304,glibc_t1,P7,8,2,1,2935250.00,0.0000,0.0000,2939000.0,0.0,1.000,16777216.0,0.000,0,0,16777216,1,0,1,0,1,1
3,final_left,f32,4194304,glibc_t1,FIXED_TWIN,8,3,1,2730371.00,0.0000,0.0000,2734000.0,0.0,1.000,16777216.0,0.000,0,0,16777216,1,0,1,0,1,1
3,final_left,f32,4194304,glibc_t1,P6,9,0,1,3518574.00,0.0000,0.0000,3522000.0,0.0,1.000,16777216.0,0.000,0,0,16777216,1,1,0,0,1,1
3,final_left,f32,4194304,glibc_t1,P7,9,1,1,2724361.00,0.0000,0.0000,2729000.0,0.0,1.000,16777216.0,0.000,0,0,16777216,1,0,1,0,1,1
3,final_left,f32,4194304,glibc_t1,FIXED_TWIN,9,2,1,2706583.00,0.0000,0.0000,2710000.0,0.0,1.000,16777216.0,0.000,0,0,16777216,1,0,1,0,1,1
3,final_left,f32,4194304,glibc_t1,P5,9,3,1,5575388.00,0.0000,0.0000,5579000.0,0.0,2.000,33554432.0,0.000,0,0,33554432,2,0,0,0,1,1
3,final_left,f32,4194304,glibc_t1,P7,10,0,1,2796880.00,0.0000,0.0000,2800000.0,0.0,1.000,16777216.0,0.000,0,0,16777216,1,0,1,0,1,1
3,final_left,f32,4194304,glibc_t1,FIXED_TWIN,10,1,1,2676608.00,0.0000,0.0000,2680000.0,0.0,1.000,16777216.0,0.000,0,0,16777216,1,0,1,0,1,1
3,final_left,f32,4194304,glibc_t1,P5,10,2,1,4990674.00,0.0000,0.0000,4994000.0,0.0,2.000,33554432.0,0.000,0,0,33554432,2,0,0,0,1,1
3,final_left,f32,4194304,glibc_t1,P6,10,3,1,3948077.00,0.0000,0.0000,3952000.0,0.0,1.000,16777216.0,0.000,0,0,16777216,1,1,0,0,1,1
3,final_left,f32,4194304,glibc_t1,FIXED_TWIN,11,0,1,3097789.00,0.0000,0.0000,3101000.0,0.0,1.000,16777216.0,0.000,0,0,16777216,1,0,1,0,1,1
3,final_left,f32,4194304,glibc_t1,P5,11,1,1,5412981.00,0.0000,0.0000,5375000.0,0.0,2.000,33554432.0,0.000,0,0,33554432,2,0,0,0,1,1
3,final_left,f32,4194304,glibc_t1,P6,11,2,1,3826739.00,0.0000,0.0000,3829000.0,0.0,1.000,16777216.0,0.000,0,0,16777216,1,1,0,0,1,1
3,final_left,f32,4194304,glibc_t1,P7,11,3,1,2770514.00,0.0000,0.0000,2774000.0,0.0,1.000,16777216.0,0.000,0,0,16777216,1,0,1,0,1,1
3,final_left,f32,4194304,glibc_t1,P5,12,0,1,5103720.00,0.0000,0.0000,5108000.0,0.0,2.000,33554432.0,0.000,0,0,33554432,2,0,0,0,1,1
3,final_left,f32,4194304,glibc_t1,P6,12,1,1,3514737.00,0.0000,0.0000,3518000.0,0.0,1.000,16777216.0,0.000,0,0,16777216,1,1,0,0,1,1
3,final_left,f32,4194304,glibc_t1,P7,12,2,1,2698249.00,0.0000,0.0000,2702000.0,0.0,1.000,16777216.0,0.000,0,0,16777216,1,0,1,0,1,1
3,final_left,f32,4194304,glibc_t1,FIXED_TWIN,12,3,1,2681510.00,0.0000,0.0000,2685000.0,0.0,1.000,16777216.0,0.000,0,0,16777216,1,0,1,0,1,1
3,final_left,f32,4194304,glibc_t1,P6,13,0,1,3554846.00,0.0000,0.0000,3560000.0,0.0,1.000,16777216.0,0.000,0,0,16777216,1,1,0,0,1,1
3,final_left,f32,4194304,glibc_t1,P7,13,1,1,2863167.00,0.0000,0.0000,2867000.0,0.0,1.000,16777216.0,0.000,0,0,16777216,1,0,1,0,1,1
3,final_left,f32,4194304,glibc_t1,FIXED_TWIN,13,2,1,2861195.00,0.0000,0.0000,2865000.0,0.0,1.000,16777216.0,0.000,0,0,16777216,1,0,1,0,1,1
3,final_left,f32,4194304,glibc_t1,P5,13,3,1,5310256.00,0.0000,0.0000,5313000.0,0.0,2.000,33554432.0,0.000,0,0,33554432,2,0,0,0,1,1
3,final_left,f32,4194304,glibc_t1,P7,14,0,1,2860515.00,0.0000,0.0000,2864000.0,0.0,1.000,16777216.0,0.000,0,0,16777216,1,0,1,0,1,1
3,final_left,f32,4194304,glibc_t1,FIXED_TWIN,14,1,1,2733770.00,0.0000,0.0000,2738000.0,0.0,1.000,16777216.0,0.000,0,0,16777216,1,0,1,0,1,1
3,final_left,f32,4194304,glibc_t1,P5,14,2,1,5004892.00,0.0000,0.0000,5008000.0,0.0,2.000,33554432.0,0.000,0,0,33554432,2,0,0,0,1,1
3,final_left,f32,4194304,glibc_t1,P6,14,3,1,3527250.00,0.0000,0.0000,3530000.0,0.0,1.000,16777216.0,0.000,0,0,16777216,1,1,0,0,1,1
3,final_left,f32,16777216,glibc_t1,P5,0,0,1,75530977.00,32770.0000,0.0000,27720000.0,47817000.0,2.000,134217728.0,0.000,0,0,134217728,2,0,0,0,1,1
3,final_left,f32,16777216,glibc_t1,P6,0,1,1,49849463.00,16385.0000,0.0000,22690000.0,27166000.0,1.000,67108864.0,0.000,0,0,67108864,1,1,0,0,1,1
3,final_left,f32,16777216,glibc_t1,P7,0,2,1,42176334.00,16385.0000,0.0000,17317000.0,24842000.0,1.000,67108864.0,0.000,0,0,67108864,1,0,1,0,1,1
3,final_left,f32,16777216,glibc_t1,FIXED_TWIN,0,3,1,41915983.00,16385.0000,0.0000,9170000.0,32751000.0,1.000,67108864.0,0.000,0,0,67108864,1,0,1,0,1,1
3,final_left,f32,16777216,glibc_t1,P6,1,0,1,51048855.00,16385.0000,0.0000,31412000.0,19623000.0,1.000,67108864.0,0.000,0,0,67108864,1,1,0,0,1,1
3,final_left,f32,16777216,glibc_t1,P7,1,1,1,42248733.00,16385.0000,0.0000,13371000.0,28852000.0,1.000,67108864.0,0.000,0,0,67108864,1,0,1,0,1,1
3,final_left,f32,16777216,glibc_t1,FIXED_TWIN,1,2,1,41383957.00,16385.0000,0.0000,16844000.0,24547000.0,1.000,67108864.0,0.000,0,0,67108864,1,0,1,0,1,1
3,final_left,f32,16777216,glibc_t1,P5,1,3,1,76887887.00,32770.0000,0.0000,20543000.0,56350000.0,2.000,134217728.0,0.000,0,0,134217728,2,0,0,0,1,1
3,final_left,f32,16777216,glibc_t1,P7,2,0,1,42674257.00,16385.0000,0.0000,5607000.0,37074000.0,1.000,67108864.0,0.000,0,0,67108864,1,0,1,0,1,1
3,final_left,f32,16777216,glibc_t1,FIXED_TWIN,2,1,1,44336512.00,16385.0000,0.0000,28205000.0,16138000.0,1.000,67108864.0,0.000,0,0,67108864,1,0,1,0,1,1
3,final_left,f32,16777216,glibc_t1,P5,2,2,1,78289023.00,32770.0000,0.0000,14985000.0,63310000.0,2.000,134217728.0,0.000,0,0,134217728,2,0,0,0,1,1
3,final_left,f32,16777216,glibc_t1,P6,2,3,1,52368069.00,16385.0000,0.0000,25850000.0,26525000.0,1.000,67108864.0,0.000,0,0,67108864,1,1,0,0,1,1
3,final_left,f32,16777216,glibc_t1,FIXED_TWIN,3,0,1,42722659.00,16385.0000,0.0000,19248000.0,23481000.0,1.000,67108864.0,0.000,0,0,67108864,1,0,1,0,1,1
3,final_left,f32,16777216,glibc_t1,P5,3,1,1,80130990.00,32770.0000,0.0000,24059000.0,56059000.0,2.000,134217728.0,0.000,0,0,134217728,2,0,0,0,1,1
3,final_left,f32,16777216,glibc_t1,P6,3,2,1,50504497.00,16385.0000,0.0000,25477000.0,25034000.0,1.000,67108864.0,0.000,0,0,67108864,1,1,0,0,1,1
3,final_left,f32,16777216,glibc_t1,P7,3,3,1,47040115.00,16385.0000,0.0000,15424000.0,31607000.0,1.000,67108864.0,0.000,0,0,67108864,1,0,1,0,1,1
3,final_left,f32,16777216,glibc_t1,P5,4,0,1,78564973.00,32770.0000,0.0000,21465000.0,57045000.0,2.000,134217728.0,0.000,0,0,134217728,2,0,0,0,1,1
3,final_left,f32,16777216,glibc_t1,P6,4,1,1,51883576.00,16385.0000,0.0000,31936000.0,19955000.0,1.000,67108864.0,0.000,0,0,67108864,1,1,0,0,1,1
3,final_left,f32,16777216,glibc_t1,P7,4,2,1,43099087.00,16385.0000,0.0000,11478000.0,31627000.0,1.000,67108864.0,0.000,0,0,67108864,1,0,1,0,1,1
3,final_left,f32,16777216,glibc_t1,FIXED_TWIN,4,3,1,42937118.00,16385.0000,0.0000,19387000.0,23540000.0,1.000,67108864.0,0.000,0,0,67108864,1,0,1,0,1,1
3,final_left,f32,16777216,glibc_t1,P6,5,0,1,49647149.00,16385.0000,0.0000,32959000.0,16693000.0,1.000,67108864.0,0.000,0,0,67108864,1,1,0,0,1,1
3,final_left,f32,16777216,glibc_t1,P7,5,1,1,44166623.00,16385.0000,0.0000,20089000.0,24072000.0,1.000,67108864.0,0.000,0,0,67108864,1,0,1,0,1,1
3,final_left,f32,16777216,glibc_t1,FIXED_TWIN,5,2,1,43319889.00,16385.0000,0.0000,19609000.0,23717000.0,1.000,67108864.0,0.000,0,0,67108864,1,0,1,0,1,1
3,final_left,f32,16777216,glibc_t1,P5,5,3,1,78183561.00,32770.0000,0.0000,22955000.0,55234000.0,2.000,134217728.0,0.000,0,0,134217728,2,0,0,0,1,1
3,final_left,f32,16777216,glibc_t1,P7,6,0,1,43427880.00,16385.0000,0.0000,19673000.0,23761000.0,1.000,67108864.0,0.000,0,0,67108864,1,0,1,0,1,1
3,final_left,f32,16777216,glibc_t1,FIXED_TWIN,6,1,1,44882852.00,16385.0000,0.0000,10207000.0,34683000.0,1.000,67108864.0,0.000,0,0,67108864,1,0,1,0,1,1
3,final_left,f32,16777216,glibc_t1,P5,6,2,1,77433416.00,32770.0000,0.0000,28829000.0,48610000.0,2.000,134217728.0,0.000,0,0,134217728,2,0,0,0,1,1
3,final_left,f32,16777216,glibc_t1,P6,6,3,1,52870417.00,16385.0000,0.0000,24505000.0,28373000.0,1.000,67108864.0,0.000,0,0,67108864,1,1,0,0,1,1
3,final_left,f32,16777216,glibc_t1,FIXED_TWIN,7,0,1,43093016.00,16385.0000,0.0000,31483000.0,11617000.0,1.000,67108864.0,0.000,0,0,67108864,1,0,1,0,1,1
3,final_left,f32,16777216,glibc_t1,P5,7,1,1,79607251.00,32770.0000,0.0000,19782000.0,59832000.0,2.000,134217728.0,0.000,0,0,134217728,2,0,0,0,1,1
3,final_left,f32,16777216,glibc_t1,P6,7,2,1,50234053.00,16385.0000,0.0000,21283000.0,28958000.0,1.000,67108864.0,0.000,0,0,67108864,1,1,0,0,1,1
3,final_left,f32,16777216,glibc_t1,P7,7,3,1,42958201.00,16385.0000,0.0000,21695000.0,21269000.0,1.000,67108864.0,0.000,0,0,67108864,1,0,1,0,1,1
3,final_left,f32,16777216,glibc_t1,P5,8,0,1,79567581.00,32770.0000,0.0000,7758000.0,71814000.0,2.000,134217728.0,0.000,0,0,134217728,2,0,0,0,1,1
3,final_left,f32,16777216,glibc_t1,P6,8,1,1,50374216.00,16385.0000,0.0000,31080000.0,19301000.0,1.000,67108864.0,0.000,0,0,67108864,1,1,0,0,1,1
3,final_left,f32,16777216,glibc_t1,P7,8,2,1,44002270.00,16385.0000,0.0000,7996000.0,35985000.0,1.000,67108864.0,0.000,0,0,67108864,1,0,1,0,1,1
3,final_left,f32,16777216,glibc_t1,FIXED_TWIN,8,3,1,43444779.00,16385.0000,0.0000,15650000.0,27763000.0,1.000,67108864.0,0.000,0,0,67108864,1,0,1,0,1,1
3,final_left,f32,16777216,glibc_t1,P6,9,0,1,49253171.00,16385.0000,0.0000,28713000.0,20547000.0,1.000,67108864.0,0.000,0,0,67108864,1,1,0,0,1,1
3,final_left,f32,16777216,glibc_t1,P7,9,1,1,42077766.00,16385.0000,0.0000,14884000.0,27167000.0,1.000,67108864.0,0.000,0,0,67108864,1,0,1,0,1,1
3,final_left,f32,16777216,glibc_t1,FIXED_TWIN,9,2,1,41960511.00,16385.0000,0.0000,13114000.0,28852000.0,1.000,67108864.0,0.000,0,0,67108864,1,0,1,0,1,1
3,final_left,f32,16777216,glibc_t1,P5,9,3,1,76635105.00,32770.0000,0.0000,32363000.0,44232000.0,2.000,134217728.0,0.000,0,0,134217728,2,0,0,0,1,1
3,final_left,f32,16777216,glibc_t1,P7,10,0,1,43046676.00,16385.0000,0.0000,27466000.0,15586000.0,1.000,67108864.0,0.000,0,0,67108864,1,0,1,0,1,1
3,final_left,f32,16777216,glibc_t1,FIXED_TWIN,10,1,1,41954720.00,16385.0000,0.0000,14852000.0,27109000.0,1.000,67108864.0,0.000,0,0,67108864,1,0,1,0,1,1
3,final_left,f32,16777216,glibc_t1,P5,10,2,1,79240782.00,32770.0000,0.0000,19583000.0,59666000.0,2.000,134217728.0,0.000,0,0,134217728,2,0,0,0,1,1
3,final_left,f32,16777216,glibc_t1,P6,10,3,1,50671669.00,16385.0000,0.0000,15260000.0,35419000.0,1.000,67108864.0,0.000,0,0,67108864,1,1,0,0,1,1
3,final_left,f32,16777216,glibc_t1,FIXED_TWIN,11,0,1,43801018.00,16385.0000,0.0000,15892000.0,27916000.0,1.000,67108864.0,0.000,0,0,67108864,1,0,1,0,1,1
3,final_left,f32,16777216,glibc_t1,P5,11,1,1,77729878.00,32770.0000,0.0000,18736000.0,59000000.0,2.000,134217728.0,0.000,0,0,134217728,2,0,0,0,1,1
3,final_left,f32,16777216,glibc_t1,P6,11,2,1,50939806.00,16385.0000,0.0000,35412000.0,15534000.0,1.000,67108864.0,0.000,0,0,67108864,1,1,0,0,1,1
3,final_left,f32,16777216,glibc_t1,P7,11,3,1,51629875.00,16385.0000,0.0000,23797000.0,27840000.0,1.000,67108864.0,0.000,0,0,67108864,1,0,1,0,1,1
3,final_left,f32,16777216,glibc_t1,P5,12,0,1,78333573.00,32770.0000,0.0000,9302000.0,69025000.0,2.000,134217728.0,0.000,0,0,134217728,2,0,0,0,1,1
3,final_left,f32,16777216,glibc_t1,P6,12,1,1,50852174.00,16385.0000,0.0000,27367000.0,23492000.0,1.000,67108864.0,0.000,0,0,67108864,1,1,0,0,1,1
3,final_left,f32,16777216,glibc_t1,P7,12,2,1,43351158.00,16385.0000,0.0000,11647000.0,31710000.0,1.000,67108864.0,0.000,0,0,67108864,1,0,1,0,1,1
3,final_left,f32,16777216,glibc_t1,FIXED_TWIN,12,3,1,42722388.00,16385.0000,0.0000,19295000.0,23433000.0,1.000,67108864.0,0.000,0,0,67108864,1,0,1,0,1,1
3,final_left,f32,16777216,glibc_t1,P6,13,0,1,49660459.00,16385.0000,0.0000,18708000.0,30959000.0,1.000,67108864.0,0.000,0,0,67108864,1,1,0,0,1,1
3,final_left,f32,16777216,glibc_t1,P7,13,1,1,43059356.00,16385.0000,0.0000,21701000.0,21364000.0,1.000,67108864.0,0.000,0,0,67108864,1,0,1,0,1,1
3,final_left,f32,16777216,glibc_t1,FIXED_TWIN,13,2,1,43248195.00,16385.0000,0.0000,9808000.0,33363000.0,1.000,67108864.0,0.000,0,0,67108864,1,0,1,0,1,1
3,final_left,f32,16777216,glibc_t1,P5,13,3,1,78371984.00,32770.0000,0.0000,15107000.0,63213000.0,2.000,134217728.0,0.000,0,0,134217728,2,0,0,0,1,1
3,final_left,f32,16777216,glibc_t1,P7,14,0,1,44032582.00,16385.0000,0.0000,20022000.0,24017000.0,1.000,67108864.0,0.000,0,0,67108864,1,0,1,0,1,1
3,final_left,f32,16777216,glibc_t1,FIXED_TWIN,14,1,1,42515076.00,16385.0000,0.0000,23184000.0,19336000.0,1.000,67108864.0,0.000,0,0,67108864,1,0,1,0,1,1
3,final_left,f32,16777216,glibc_t1,P5,14,2,1,77820648.00,32770.0000,0.0000,30812000.0,47029000.0,2.000,134217728.0,0.000,0,0,134217728,2,0,0,0,1,1
3,final_left,f32,16777216,glibc_t1,P6,14,3,1,50346023.00,16385.0000,0.0000,21296000.0,29057000.0,1.000,67108864.0,0.000,0,0,67108864,1,1,0,0,1,1
3,final_left,f32,67108864,glibc_t1,P5,0,0,1,302816465.00,131074.0000,0.0000,119393000.0,183387000.0,2.000,536870912.0,0.000,0,0,536870912,2,0,0,0,1,1
3,final_left,f32,67108864,glibc_t1,P6,0,1,1,188480952.00,65537.0000,0.0000,108251000.0,80225000.0,1.000,268435456.0,0.000,0,0,268435456,1,1,0,0,1,1
3,final_left,f32,67108864,glibc_t1,P7,0,2,1,162840802.00,65537.0000,0.0000,81437000.0,81365000.0,1.000,268435456.0,0.000,0,0,268435456,1,0,1,0,1,1
3,final_left,f32,67108864,glibc_t1,FIXED_TWIN,0,3,1,163101207.00,65537.0000,0.0000,63540000.0,99569000.0,1.000,268435456.0,0.000,0,0,268435456,1,0,1,0,1,1
3,final_left,f32,67108864,glibc_t1,P6,1,0,1,187306037.00,65537.0000,0.0000,119601000.0,67669000.0,1.000,268435456.0,0.000,0,0,268435456,1,1,0,0,1,1
3,final_left,f32,67108864,glibc_t1,P7,1,1,1,164291815.00,65537.0000,0.0000,66071000.0,98227000.0,1.000,268435456.0,0.000,0,0,268435456,1,0,1,0,1,1
3,final_left,f32,67108864,glibc_t1,FIXED_TWIN,1,2,1,168223972.00,65537.0000,0.0000,56099000.0,112067000.0,1.000,268435456.0,0.000,0,0,268435456,1,0,1,0,1,1
3,final_left,f32,67108864,glibc_t1,P5,1,3,1,295917276.00,131074.0000,0.0000,103926000.0,191957000.0,2.000,536870912.0,0.000,0,0,536870912,2,0,0,0,1,1
3,final_left,f32,67108864,glibc_t1,P7,2,0,1,162604449.00,65537.0000,0.0000,87273000.0,75328000.0,1.000,268435456.0,0.000,0,0,268435456,1,0,1,0,1,1
3,final_left,f32,67108864,glibc_t1,FIXED_TWIN,2,1,1,161111362.00,65537.0000,0.0000,46505000.0,114612000.0,1.000,268435456.0,0.000,0,0,268435456,1,0,1,0,1,1
3,final_left,f32,67108864,glibc_t1,P5,2,2,1,296454985.00,131074.0000,0.0000,100201000.0,196166000.0,2.000,536870912.0,0.000,0,0,536870912,2,0,0,0,1,1
3,final_left,f32,67108864,glibc_t1,P6,2,3,1,190082701.00,65537.0000,0.0000,106980000.0,83081000.0,1.000,268435456.0,0.000,0,0,268435456,1,1,0,0,1,1
3,final_left,f32,67108864,glibc_t1,FIXED_TWIN,3,0,1,162775280.00,65537.0000,0.0000,55352000.0,107405000.0,1.000,268435456.0,0.000,0,0,268435456,1,0,1,0,1,1
3,final_left,f32,67108864,glibc_t1,P5,3,1,1,290083881.00,131074.0000,0.0000,86973000.0,203068000.0,2.000,536870912.0,0.000,0,0,536870912,2,0,0,0,1,1
3,final_left,f32,67108864,glibc_t1,P6,3,2,1,188503421.00,65537.0000,0.0000,88260000.0,100210000.0,1.000,268435456.0,0.000,0,0,268435456,1,1,0,0,1,1
3,final_left,f32,67108864,glibc_t1,P7,3,3,1,161803641.00,65537.0000,0.0000,52940000.0,108870000.0,1.000,268435456.0,0.000,0,0,268435456,1,0,1,0,1,1
3,final_left,f32,67108864,glibc_t1,P5,4,0,1,295329603.00,131074.0000,0.0000,87667000.0,207635000.0,2.000,536870912.0,0.000,0,0,536870912,2,0,0,0,1,1
3,final_left,f32,67108864,glibc_t1,P6,4,1,1,187717310.00,65537.0000,0.0000,91755000.0,95859000.0,1.000,268435456.0,0.000,0,0,268435456,1,1,0,0,1,1
3,final_left,f32,67108864,glibc_t1,P7,4,2,1,163301300.00,65537.0000,0.0000,55605000.0,107635000.0,1.000,268435456.0,0.000,0,0,268435456,1,0,1,0,1,1
3,final_left,f32,67108864,glibc_t1,FIXED_TWIN,4,3,1,162513195.00,65537.0000,0.0000,51237000.0,111271000.0,1.000,268435456.0,0.000,0,0,268435456,1,0,1,0,1,1
3,final_left,f32,67108864,glibc_t1,P6,5,0,1,186082259.00,65537.0000,0.0000,103011000.0,83011000.0,1.000,268435456.0,0.000,0,0,268435456,1,1,0,0,1,1
3,final_left,f32,67108864,glibc_t1,P7,5,1,1,174400247.00,65537.0000,0.0000,83113000.0,91108000.0,1.000,268435456.0,0.000,0,0,268435456,1,0,1,0,1,1
3,final_left,f32,67108864,glibc_t1,FIXED_TWIN,5,2,1,162271577.00,65537.0000,0.0000,75103000.0,87166000.0,1.000,268435456.0,0.000,0,0,268435456,1,0,1,0,1,1
3,final_left,f32,67108864,glibc_t1,P5,5,3,1,294651062.00,131074.0000,0.0000,95190000.0,199289000.0,2.000,536870912.0,0.000,0,0,536870912,2,0,0,0,1,1
3,final_left,f32,67108864,glibc_t1,P7,6,0,1,164440776.00,65537.0000,0.0000,52235000.0,112098000.0,1.000,268435456.0,0.000,0,0,268435456,1,0,1,0,1,1
3,final_left,f32,67108864,glibc_t1,FIXED_TWIN,6,1,1,165687144.00,65537.0000,0.0000,56809000.0,108794000.0,1.000,268435456.0,0.000,0,0,268435456,1,0,1,0,1,1
3,final_left,f32,67108864,glibc_t1,P5,6,2,1,298085883.00,131074.0000,0.0000,110988000.0,187067000.0,2.000,536870912.0,0.000,0,0,536870912,2,0,0,0,1,1
3,final_left,f32,67108864,glibc_t1,P6,6,3,1,190842066.00,65537.0000,0.0000,65455000.0,125370000.0,1.000,268435456.0,0.000,0,0,268435456,1,1,0,0,1,1
3,final_left,f32,67108864,glibc_t1,FIXED_TWIN,7,0,1,162426370.00,65537.0000,0.0000,63198000.0,99157000.0,1.000,268435456.0,0.000,0,0,268435456,1,0,1,0,1,1
3,final_left,f32,67108864,glibc_t1,P5,7,1,1,298776582.00,131074.0000,0.0000,99374000.0,199344000.0,2.000,536870912.0,0.000,0,0,536870912,2,0,0,0,1,1
3,final_left,f32,67108864,glibc_t1,P6,7,2,1,195202453.00,65537.0000,0.0000,111565000.0,83593000.0,1.000,268435456.0,0.000,0,0,268435456,1,1,0,0,1,1
3,final_left,f32,67108864,glibc_t1,P7,7,3,1,167033728.00,65537.0000,0.0000,55494000.0,111530000.0,1.000,268435456.0,0.000,0,0,268435456,1,0,1,0,1,1
3,final_left,f32,67108864,glibc_t1,P5,8,0,1,288632699.00,131074.0000,0.0000,112325000.0,176302000.0,2.000,536870912.0,0.000,0,0,536870912,2,0,0,0,1,1
3,final_left,f32,67108864,glibc_t1,P6,8,1,1,186143815.00,65537.0000,0.0000,75054000.0,111087000.0,1.000,268435456.0,0.000,0,0,268435456,1,1,0,0,1,1
3,final_left,f32,67108864,glibc_t1,P7,8,2,1,160093170.00,65537.0000,0.0000,64041000.0,96046000.0,1.000,268435456.0,0.000,0,0,268435456,1,0,1,0,1,1
3,final_left,f32,67108864,glibc_t1,FIXED_TWIN,8,3,1,160500479.00,65537.0000,0.0000,60263000.0,100133000.0,1.000,268435456.0,0.000,0,0,268435456,1,0,1,0,1,1
3,final_left,f32,67108864,glibc_t1,P6,9,0,1,184312545.00,65537.0000,0.0000,100158000.0,84152000.0,1.000,268435456.0,0.000,0,0,268435456,1,1,0,0,1,1
3,final_left,f32,67108864,glibc_t1,P7,9,1,1,163035510.00,65537.0000,0.0000,39459000.0,123528000.0,1.000,268435456.0,0.000,0,0,268435456,1,0,1,0,1,1
3,final_left,f32,67108864,glibc_t1,FIXED_TWIN,9,2,1,161477476.00,65537.0000,0.0000,52767000.0,108719000.0,1.000,268435456.0,0.000,0,0,268435456,1,0,1,0,1,1
3,final_left,f32,67108864,glibc_t1,P5,9,3,1,291107872.00,131074.0000,0.0000,75557000.0,215556000.0,2.000,536870912.0,0.000,0,0,536870912,2,0,0,0,1,1
3,final_left,f32,67108864,glibc_t1,P7,10,0,1,161756716.00,65537.0000,0.0000,40877000.0,120827000.0,1.000,268435456.0,0.000,0,0,268435456,1,0,1,0,1,1
3,final_left,f32,67108864,glibc_t1,FIXED_TWIN,10,1,1,159643400.00,65537.0000,0.0000,55825000.0,103766000.0,1.000,268435456.0,0.000,0,0,268435456,1,0,1,0,1,1
3,final_left,f32,67108864,glibc_t1,P5,10,2,1,292249942.00,131074.0000,0.0000,100125000.0,192110000.0,2.000,536870912.0,0.000,0,0,536870912,2,0,0,0,1,1
3,final_left,f32,67108864,glibc_t1,P6,10,3,1,184309965.00,65537.0000,0.0000,80163000.0,104154000.0,1.000,268435456.0,0.000,0,0,268435456,1,1,0,0,1,1
3,final_left,f32,67108864,glibc_t1,FIXED_TWIN,11,0,1,158955582.00,65537.0000,0.0000,51474000.0,107488000.0,1.000,268435456.0,0.000,0,0,268435456,1,0,1,0,1,1
3,final_left,f32,67108864,glibc_t1,P5,11,1,1,289118253.00,131074.0000,0.0000,100580000.0,188510000.0,2.000,536870912.0,0.000,0,0,536870912,2,0,0,0,1,1
3,final_left,f32,67108864,glibc_t1,P6,11,2,1,185485177.00,65537.0000,0.0000,76730000.0,108728000.0,1.000,268435456.0,0.000,0,0,268435456,1,1,0,0,1,1
3,final_left,f32,67108864,glibc_t1,P7,11,3,1,162693493.00,65537.0000,0.0000,87273000.0,75364000.0,1.000,268435456.0,0.000,0,0,268435456,1,0,1,0,1,1
3,final_left,f32,67108864,glibc_t1,P5,12,0,1,289649536.00,131074.0000,0.0000,98804000.0,190751000.0,2.000,536870912.0,0.000,0,0,536870912,2,0,0,0,1,1
3,final_left,f32,67108864,glibc_t1,P6,12,1,1,195489708.00,65537.0000,0.0000,83610000.0,111638000.0,1.000,268435456.0,0.000,0,0,268435456,1,1,0,0,1,1
3,final_left,f32,67108864,glibc_t1,P7,12,2,1,172998647.00,65537.0000,0.0000,70461000.0,102493000.0,1.000,268435456.0,0.000,0,0,268435456,1,0,1,0,1,1
3,final_left,f32,67108864,glibc_t1,FIXED_TWIN,12,3,1,165109261.00,65537.0000,0.0000,72564000.0,92538000.0,1.000,268435456.0,0.000,0,0,268435456,1,0,1,0,1,1
3,final_left,f32,67108864,glibc_t1,P6,13,0,1,188743775.00,65537.0000,0.0000,80376000.0,108365000.0,1.000,268435456.0,0.000,0,0,268435456,1,1,0,0,1,1
3,final_left,f32,67108864,glibc_t1,P7,13,1,1,165466747.00,65537.0000,0.0000,76708000.0,88715000.0,1.000,268435456.0,0.000,0,0,268435456,1,0,1,0,1,1
3,final_left,f32,67108864,glibc_t1,FIXED_TWIN,13,2,1,161585065.00,65537.0000,0.0000,80825000.0,80787000.0,1.000,268435456.0,0.000,0,0,268435456,1,0,1,0,1,1
3,final_left,f32,67108864,glibc_t1,P5,13,3,1,291972653.00,131074.0000,0.0000,75992000.0,215974000.0,2.000,536870912.0,0.000,0,0,536870912,2,0,0,0,1,1
3,final_left,f32,67108864,glibc_t1,P7,14,0,1,163618655.00,65537.0000,0.0000,79799000.0,83807000.0,1.000,268435456.0,0.000,0,0,268435456,1,0,1,0,1,1
3,final_left,f32,67108864,glibc_t1,FIXED_TWIN,14,1,1,162175605.00,65537.0000,0.0000,67026000.0,95100000.0,1.000,268435456.0,0.000,0,0,268435456,1,0,1,0,1,1
3,final_left,f32,67108864,glibc_t1,P5,14,2,1,299207390.00,131074.0000,0.0000,95606000.0,203608000.0,2.000,536870912.0,0.000,0,0,536870912,2,0,0,0,1,1
3,final_left,f32,67108864,glibc_t1,P6,14,3,1,187819593.00,65537.0000,0.0000,103797000.0,83808000.0,1.000,268435456.0,0.000,0,0,268435456,1,1,0,0,1,1
3,final_right,f32,64,glibc_t1,P5,0,0,1000,298.21,0.0000,0.0000,154.0,148.0,2.000,512.0,0.000,0,0,256256,2,0,0,0,1,1
3,final_right,f32,64,glibc_t1,P6,0,1,1000,275.53,0.0000,0.0000,141.0,135.0,1.000,256.0,0.000,0,0,256000,1,1,0,0,1,1
3,final_right,f32,64,glibc_t1,P7,0,2,1000,267.12,0.0000,0.0000,137.0,131.0,1.000,256.0,0.000,0,0,256000,1,0,1,0,1,1
3,final_right,f32,64,glibc_t1,FIXED_TWIN,0,3,1000,269.01,0.0000,0.0000,138.0,132.0,1.000,256.0,0.000,0,0,256000,1,0,1,0,1,1
3,final_right,f32,64,glibc_t1,P6,1,0,1000,319.15,0.0000,0.0000,320.0,0.0,1.000,256.0,0.000,0,0,256000,1,1,0,0,1,1
3,final_right,f32,64,glibc_t1,P7,1,1,1000,262.65,0.0000,0.0000,263.0,0.0,1.000,256.0,0.000,0,0,256000,1,0,1,0,1,1
3,final_right,f32,64,glibc_t1,FIXED_TWIN,1,2,1000,293.56,0.0000,0.0000,294.0,0.0,1.000,256.0,0.000,0,0,256000,1,0,1,0,1,1
3,final_right,f32,64,glibc_t1,P5,1,3,1000,296.31,0.0000,0.0000,297.0,0.0,2.000,512.0,0.000,0,0,256256,2,0,0,0,1,1
3,final_right,f32,64,glibc_t1,P7,2,0,1000,262.16,0.0000,0.0000,263.0,0.0,1.000,256.0,0.000,0,0,256000,1,0,1,0,1,1
3,final_right,f32,64,glibc_t1,FIXED_TWIN,2,1,1000,268.10,0.0000,0.0000,268.0,0.0,1.000,256.0,0.000,0,0,256000,1,0,1,0,1,1
3,final_right,f32,64,glibc_t1,P5,2,2,1000,312.00,0.0000,0.0000,313.0,0.0,2.000,512.0,0.000,0,0,256256,2,0,0,0,1,1
3,final_right,f32,64,glibc_t1,P6,2,3,1000,277.67,0.0000,0.0000,278.0,0.0,1.000,256.0,0.000,0,0,256000,1,1,0,0,1,1
3,final_right,f32,64,glibc_t1,FIXED_TWIN,3,0,1000,262.33,0.0000,0.0000,262.0,0.0,1.000,256.0,0.000,0,0,256000,1,0,1,0,1,1
3,final_right,f32,64,glibc_t1,P5,3,1,1000,303.74,0.0000,0.0000,305.0,0.0,2.000,512.0,0.000,0,0,256256,2,0,0,0,1,1
3,final_right,f32,64,glibc_t1,P6,3,2,1000,286.48,0.0000,0.0000,287.0,0.0,1.000,256.0,0.000,0,0,256000,1,1,0,0,1,1
3,final_right,f32,64,glibc_t1,P7,3,3,1000,278.20,0.0000,0.0000,279.0,0.0,1.000,256.0,0.000,0,0,256000,1,0,1,0,1,1
3,final_right,f32,64,glibc_t1,P5,4,0,1000,300.37,0.0000,0.0000,301.0,0.0,2.000,512.0,0.000,0,0,256256,2,0,0,0,1,1
3,final_right,f32,64,glibc_t1,P6,4,1,1000,289.91,0.0000,0.0000,290.0,0.0,1.000,256.0,0.000,0,0,256000,1,1,0,0,1,1
3,final_right,f32,64,glibc_t1,P7,4,2,1000,258.24,0.0000,0.0000,259.0,0.0,1.000,256.0,0.000,0,0,256000,1,0,1,0,1,1
3,final_right,f32,64,glibc_t1,FIXED_TWIN,4,3,1000,261.51,0.0000,0.0000,262.0,0.0,1.000,256.0,0.000,0,0,256000,1,0,1,0,1,1
3,final_right,f32,64,glibc_t1,P6,5,0,1000,295.23,0.0000,0.0000,296.0,0.0,1.000,256.0,0.000,0,0,256000,1,1,0,0,1,1
3,final_right,f32,64,glibc_t1,P7,5,1,1000,274.57,0.0000,0.0000,276.0,0.0,1.000,256.0,0.000,0,0,256000,1,0,1,0,1,1
3,final_right,f32,64,glibc_t1,FIXED_TWIN,5,2,1000,266.64,0.0000,0.0000,267.0,0.0,1.000,256.0,0.000,0,0,256000,1,0,1,0,1,1
3,final_right,f32,64,glibc_t1,P5,5,3,1000,304.13,0.0000,0.0000,305.0,0.0,2.000,512.0,0.000,0,0,256256,2,0,0,0,1,1
3,final_right,f32,64,glibc_t1,P7,6,0,1000,276.29,0.0000,0.0000,277.0,0.0,1.000,256.0,0.000,0,0,256000,1,0,1,0,1,1
3,final_right,f32,64,glibc_t1,FIXED_TWIN,6,1,1000,258.92,0.0000,0.0000,259.0,0.0,1.000,256.0,0.000,0,0,256000,1,0,1,0,1,1
3,final_right,f32,64,glibc_t1,P5,6,2,1000,290.82,0.0000,0.0000,200.0,91.0,2.000,512.0,0.000,0,0,256256,2,0,0,0,1,1
3,final_right,f32,64,glibc_t1,P6,6,3,1000,277.38,0.0000,0.0000,278.0,0.0,1.000,256.0,0.000,0,0,256000,1,1,0,0,1,1
3,final_right,f32,64,glibc_t1,FIXED_TWIN,7,0,1000,271.69,0.0000,0.0000,273.0,0.0,1.000,256.0,0.000,0,0,256000,1,0,1,0,1,1
3,final_right,f32,64,glibc_t1,P5,7,1,1000,294.49,0.0000,0.0000,295.0,0.0,2.000,512.0,0.000,0,0,256256,2,0,0,0,1,1
3,final_right,f32,64,glibc_t1,P6,7,2,1000,294.54,0.0000,0.0000,296.0,0.0,1.000,256.0,0.000,0,0,256000,1,1,0,0,1,1
3,final_right,f32,64,glibc_t1,P7,7,3,1000,284.27,0.0000,0.0000,285.0,0.0,1.000,256.0,0.000,0,0,256000,1,0,1,0,1,1
3,final_right,f32,64,glibc_t1,P5,8,0,1000,309.69,0.0000,0.0000,310.0,0.0,2.000,512.0,0.000,0,0,256256,2,0,0,0,1,1
3,final_right,f32,64,glibc_t1,P6,8,1,1000,272.30,0.0000,0.0000,272.0,0.0,1.000,256.0,0.000,0,0,256000,1,1,0,0,1,1
3,final_right,f32,64,glibc_t1,P7,8,2,1000,264.48,0.0000,0.0000,265.0,0.0,1.000,256.0,0.000,0,0,256000,1,0,1,0,1,1
3,final_right,f32,64,glibc_t1,FIXED_TWIN,8,3,1000,273.57,0.0000,0.0000,275.0,0.0,1.000,256.0,0.000,0,0,256000,1,0,1,0,1,1
3,final_right,f32,64,glibc_t1,P6,9,0,1000,275.84,0.0000,0.0000,277.0,0.0,1.000,256.0,0.000,0,0,256000,1,1,0,0,1,1
3,final_right,f32,64,glibc_t1,P7,9,1,1000,263.74,0.0000,0.0000,265.0,0.0,1.000,256.0,0.000,0,0,256000,1,0,1,0,1,1
3,final_right,f32,64,glibc_t1,FIXED_TWIN,9,2,1000,276.91,0.0000,0.0000,278.0,0.0,1.000,256.0,0.000,0,0,256000,1,0,1,0,1,1
3,final_right,f32,64,glibc_t1,P5,9,3,1000,306.35,0.0000,0.0000,307.0,0.0,2.000,512.0,0.000,0,0,256256,2,0,0,0,1,1
3,final_right,f32,64,glibc_t1,P7,10,0,1000,255.53,0.0000,0.0000,256.0,0.0,1.000,256.0,0.000,0,0,256000,1,0,1,0,1,1
3,final_right,f32,64,glibc_t1,FIXED_TWIN,10,1,1000,265.97,0.0000,0.0000,267.0,0.0,1.000,256.0,0.000,0,0,256000,1,0,1,0,1,1
3,final_right,f32,64,glibc_t1,P5,10,2,1000,311.82,0.0000,0.0000,312.0,0.0,2.000,512.0,0.000,0,0,256256,2,0,0,0,1,1
3,final_right,f32,64,glibc_t1,P6,10,3,1000,297.09,0.0000,0.0000,298.0,0.0,1.000,256.0,0.000,0,0,256000,1,1,0,0,1,1
3,final_right,f32,64,glibc_t1,FIXED_TWIN,11,0,1000,260.29,0.0000,0.0000,261.0,0.0,1.000,256.0,0.000,0,0,256000,1,0,1,0,1,1
3,final_right,f32,64,glibc_t1,P5,11,1,1000,302.79,0.0000,0.0000,303.0,0.0,2.000,512.0,0.000,0,0,256256,2,0,0,0,1,1
3,final_right,f32,64,glibc_t1,P6,11,2,1000,286.53,0.0000,0.0000,288.0,0.0,1.000,256.0,0.000,0,0,256000,1,1,0,0,1,1
3,final_right,f32,64,glibc_t1,P7,11,3,1000,261.11,0.0000,0.0000,262.0,0.0,1.000,256.0,0.000,0,0,256000,1,0,1,0,1,1
3,final_right,f32,64,glibc_t1,P5,12,0,1000,299.06,0.0000,0.0000,300.0,0.0,2.000,512.0,0.000,0,0,256256,2,0,0,0,1,1
3,final_right,f32,64,glibc_t1,P6,12,1,1000,303.65,0.0000,0.0000,304.0,0.0,1.000,256.0,0.000,0,0,256000,1,1,0,0,1,1
3,final_right,f32,64,glibc_t1,P7,12,2,1000,258.74,0.0000,0.0000,259.0,0.0,1.000,256.0,0.000,0,0,256000,1,0,1,0,1,1
3,final_right,f32,64,glibc_t1,FIXED_TWIN,12,3,1000,257.06,0.0000,0.0000,258.0,0.0,1.000,256.0,0.000,0,0,256000,1,0,1,0,1,1
3,final_right,f32,64,glibc_t1,P6,13,0,1000,279.66,0.0000,0.0000,280.0,0.0,1.000,256.0,0.000,0,0,256000,1,1,0,0,1,1
3,final_right,f32,64,glibc_t1,P7,13,1,1000,269.71,0.0000,0.0000,271.0,0.0,1.000,256.0,0.000,0,0,256000,1,0,1,0,1,1
3,final_right,f32,64,glibc_t1,FIXED_TWIN,13,2,1000,291.06,0.0000,0.0000,292.0,0.0,1.000,256.0,0.000,0,0,256000,1,0,1,0,1,1
3,final_right,f32,64,glibc_t1,P5,13,3,1000,297.91,0.0000,0.0000,299.0,0.0,2.000,512.0,0.000,0,0,256256,2,0,0,0,1,1
3,final_right,f32,64,glibc_t1,P7,14,0,1000,269.20,0.0000,0.0000,270.0,0.0,1.000,256.0,0.000,0,0,256000,1,0,1,0,1,1
3,final_right,f32,64,glibc_t1,FIXED_TWIN,14,1,1000,264.35,0.0000,0.0000,265.0,0.0,1.000,256.0,0.000,0,0,256000,1,0,1,0,1,1
3,final_right,f32,64,glibc_t1,P5,14,2,1000,299.74,0.0000,0.0000,301.0,0.0,2.000,512.0,0.000,0,0,256256,2,0,0,0,1,1
3,final_right,f32,64,glibc_t1,P6,14,3,1000,282.53,0.0000,0.0000,283.0,0.0,1.000,256.0,0.000,0,0,256000,1,1,0,0,1,1
3,final_right,f32,1024,glibc_t1,P5,0,0,1000,584.19,0.0000,0.0000,588.0,0.0,2.000,8192.0,0.000,0,0,4100096,2,0,0,0,1,1
3,final_right,f32,1024,glibc_t1,P6,0,1,1000,566.12,0.0000,0.0000,569.0,0.0,1.000,4096.0,0.000,0,0,4096000,1,1,0,0,1,1
3,final_right,f32,1024,glibc_t1,P7,0,2,1000,452.83,0.0000,0.0000,455.0,0.0,1.000,4096.0,0.000,0,0,4096000,1,0,1,0,1,1
3,final_right,f32,1024,glibc_t1,FIXED_TWIN,0,3,1000,453.90,0.0000,0.0000,455.0,0.0,1.000,4096.0,0.000,0,0,4096000,1,0,1,0,1,1
3,final_right,f32,1024,glibc_t1,P6,1,0,1000,550.25,0.0000,0.0000,553.0,0.0,1.000,4096.0,0.000,0,0,4096000,1,1,0,0,1,1
3,final_right,f32,1024,glibc_t1,P7,1,1,1000,462.99,0.0000,0.0000,465.0,0.0,1.000,4096.0,0.000,0,0,4096000,1,0,1,0,1,1
3,final_right,f32,1024,glibc_t1,FIXED_TWIN,1,2,1000,497.12,0.0000,0.0000,500.0,0.0,1.000,4096.0,0.000,0,0,4096000,1,0,1,0,1,1
3,final_right,f32,1024,glibc_t1,P5,1,3,1000,565.90,0.0000,0.0000,569.0,0.0,2.000,8192.0,0.000,0,0,4100096,2,0,0,0,1,1
3,final_right,f32,1024,glibc_t1,P7,2,0,1000,461.39,0.0000,0.0000,463.0,0.0,1.000,4096.0,0.000,0,0,4096000,1,0,1,0,1,1
3,final_right,f32,1024,glibc_t1,FIXED_TWIN,2,1,1000,471.45,0.0000,0.0000,473.0,0.0,1.000,4096.0,0.000,0,0,4096000,1,0,1,0,1,1
3,final_right,f32,1024,glibc_t1,P5,2,2,1000,571.89,0.0000,0.0000,574.0,0.0,2.000,8192.0,0.000,0,0,4100096,2,0,0,0,1,1
3,final_right,f32,1024,glibc_t1,P6,2,3,1000,564.64,0.0000,0.0000,566.0,0.0,1.000,4096.0,0.000,0,0,4096000,1,1,0,0,1,1
3,final_right,f32,1024,glibc_t1,FIXED_TWIN,3,0,1000,468.84,0.0000,0.0000,472.0,0.0,1.000,4096.0,0.000,0,0,4096000,1,0,1,0,1,1
3,final_right,f32,1024,glibc_t1,P5,3,1,1000,568.37,0.0000,0.0000,571.0,0.0,2.000,8192.0,0.000,0,0,4100096,2,0,0,0,1,1
3,final_right,f32,1024,glibc_t1,P6,3,2,1000,571.30,0.0000,0.0000,574.0,0.0,1.000,4096.0,0.000,0,0,4096000,1,1,0,0,1,1
3,final_right,f32,1024,glibc_t1,P7,3,3,1000,460.19,0.0000,0.0000,462.0,0.0,1.000,4096.0,0.000,0,0,4096000,1,0,1,0,1,1
3,final_right,f32,1024,glibc_t1,P5,4,0,1000,578.17,0.0000,0.0000,581.0,0.0,2.000,8192.0,0.000,0,0,4100096,2,0,0,0,1,1
3,final_right,f32,1024,glibc_t1,P6,4,1,1000,563.82,0.0000,0.0000,566.0,0.0,1.000,4096.0,0.000,0,0,4096000,1,1,0,0,1,1
3,final_right,f32,1024,glibc_t1,P7,4,2,1000,460.67,0.0000,0.0000,462.0,0.0,1.000,4096.0,0.000,0,0,4096000,1,0,1,0,1,1
3,final_right,f32,1024,glibc_t1,FIXED_TWIN,4,3,1000,452.27,0.0000,0.0000,454.0,0.0,1.000,4096.0,0.000,0,0,4096000,1,0,1,0,1,1
3,final_right,f32,1024,glibc_t1,P6,5,0,1000,545.32,0.0000,0.0000,547.0,0.0,1.000,4096.0,0.000,0,0,4096000,1,1,0,0,1,1
3,final_right,f32,1024,glibc_t1,P7,5,1,1000,462.43,0.0000,0.0000,465.0,0.0,1.000,4096.0,0.000,0,0,4096000,1,0,1,0,1,1
3,final_right,f32,1024,glibc_t1,FIXED_TWIN,5,2,1000,440.06,0.0000,0.0000,441.0,0.0,1.000,4096.0,0.000,0,0,4096000,1,0,1,0,1,1
3,final_right,f32,1024,glibc_t1,P5,5,3,1000,562.47,0.0000,0.0000,564.0,0.0,2.000,8192.0,0.000,0,0,4100096,2,0,0,0,1,1
3,final_right,f32,1024,glibc_t1,P7,6,0,1000,454.57,0.0000,0.0000,456.0,0.0,1.000,4096.0,0.000,0,0,4096000,1,0,1,0,1,1
3,final_right,f32,1024,glibc_t1,FIXED_TWIN,6,1,1000,431.10,0.0000,0.0000,433.0,0.0,1.000,4096.0,0.000,0,0,4096000,1,0,1,0,1,1
3,final_right,f32,1024,glibc_t1,P5,6,2,1000,589.52,0.0000,0.0000,591.0,0.0,2.000,8192.0,0.000,0,0,4100096,2,0,0,0,1,1
3,final_right,f32,1024,glibc_t1,P6,6,3,1000,557.80,0.0000,0.0000,560.0,0.0,1.000,4096.0,0.000,0,0,4096000,1,1,0,0,1,1
3,final_right,f32,1024,glibc_t1,FIXED_TWIN,7,0,1000,466.85,0.0000,0.0000,468.0,0.0,1.000,4096.0,0.000,0,0,4096000,1,0,1,0,1,1
3,final_right,f32,1024,glibc_t1,P5,7,1,1000,582.09,0.0000,0.0000,583.0,0.0,2.000,8192.0,0.000,0,0,4100096,2,0,0,0,1,1
3,final_right,f32,1024,glibc_t1,P6,7,2,1000,558.84,0.0000,0.0000,562.0,0.0,1.000,4096.0,0.000,0,0,4096000,1,1,0,0,1,1
3,final_right,f32,1024,glibc_t1,P7,7,3,1000,431.64,0.0000,0.0000,434.0,0.0,1.000,4096.0,0.000,0,0,4096000,1,0,1,0,1,1
3,final_right,f32,1024,glibc_t1,P5,8,0,1000,594.32,0.0000,0.0000,597.0,0.0,2.000,8192.0,0.000,0,0,4100096,2,0,0,0,1,1
3,final_right,f32,1024,glibc_t1,P6,8,1,1000,558.30,0.0000,0.0000,560.0,0.0,1.000,4096.0,0.000,0,0,4096000,1,1,0,0,1,1
3,final_right,f32,1024,glibc_t1,P7,8,2,1000,433.66,0.0000,0.0000,436.0,0.0,1.000,4096.0,0.000,0,0,4096000,1,0,1,0,1,1
3,final_right,f32,1024,glibc_t1,FIXED_TWIN,8,3,1000,449.17,0.0000,0.0000,452.0,0.0,1.000,4096.0,0.000,0,0,4096000,1,0,1,0,1,1
3,final_right,f32,1024,glibc_t1,P6,9,0,1000,564.11,0.0000,0.0000,566.0,0.0,1.000,4096.0,0.000,0,0,4096000,1,1,0,0,1,1
3,final_right,f32,1024,glibc_t1,P7,9,1,1000,443.43,0.0000,0.0000,445.0,0.0,1.000,4096.0,0.000,0,0,4096000,1,0,1,0,1,1
3,final_right,f32,1024,glibc_t1,FIXED_TWIN,9,2,1000,492.56,0.0000,0.0000,494.0,0.0,1.000,4096.0,0.000,0,0,4096000,1,0,1,0,1,1
3,final_right,f32,1024,glibc_t1,P5,9,3,1000,586.52,0.0000,0.0000,588.0,0.0,2.000,8192.0,0.000,0,0,4100096,2,0,0,0,1,1
3,final_right,f32,1024,glibc_t1,P7,10,0,1000,447.26,0.0000,0.0000,449.0,0.0,1.000,4096.0,0.000,0,0,4096000,1,0,1,0,1,1
3,final_right,f32,1024,glibc_t1,FIXED_TWIN,10,1,1000,489.10,0.0000,0.0000,491.0,0.0,1.000,4096.0,0.000,0,0,4096000,1,0,1,0,1,1
3,final_right,f32,1024,glibc_t1,P5,10,2,1000,560.28,0.0000,0.0000,561.0,0.0,2.000,8192.0,0.000,0,0,4100096,2,0,0,0,1,1
3,final_right,f32,1024,glibc_t1,P6,10,3,1000,555.56,0.0000,0.0000,557.0,0.0,1.000,4096.0,0.000,0,0,4096000,1,1,0,0,1,1
3,final_right,f32,1024,glibc_t1,FIXED_TWIN,11,0,1000,479.76,0.0000,0.0000,497.0,0.0,1.000,4096.0,0.000,0,0,4096000,1,0,1,0,1,1
3,final_right,f32,1024,glibc_t1,P5,11,1,1000,561.05,0.0000,0.0000,563.0,0.0,2.000,8192.0,0.000,0,0,4100096,2,0,0,0,1,1
3,final_right,f32,1024,glibc_t1,P6,11,2,1000,551.58,0.0000,0.0000,553.0,0.0,1.000,4096.0,0.000,0,0,4096000,1,1,0,0,1,1
3,final_right,f32,1024,glibc_t1,P7,11,3,1000,468.47,0.0000,0.0000,470.0,0.0,1.000,4096.0,0.000,0,0,4096000,1,0,1,0,1,1
3,final_right,f32,1024,glibc_t1,P5,12,0,1000,566.53,0.0000,0.0000,569.0,0.0,2.000,8192.0,0.000,0,0,4100096,2,0,0,0,1,1
3,final_right,f32,1024,glibc_t1,P6,12,1,1000,567.28,0.0000,0.0000,569.0,0.0,1.000,4096.0,0.000,0,0,4096000,1,1,0,0,1,1
3,final_right,f32,1024,glibc_t1,P7,12,2,1000,453.03,0.0000,0.0000,455.0,0.0,1.000,4096.0,0.000,0,0,4096000,1,0,1,0,1,1
3,final_right,f32,1024,glibc_t1,FIXED_TWIN,12,3,1000,449.44,0.0000,0.0000,451.0,0.0,1.000,4096.0,0.000,0,0,4096000,1,0,1,0,1,1
3,final_right,f32,1024,glibc_t1,P6,13,0,1000,564.80,0.0000,0.0000,566.0,0.0,1.000,4096.0,0.000,0,0,4096000,1,1,0,0,1,1
3,final_right,f32,1024,glibc_t1,P7,13,1,1000,448.74,0.0000,0.0000,450.0,0.0,1.000,4096.0,0.000,0,0,4096000,1,0,1,0,1,1
3,final_right,f32,1024,glibc_t1,FIXED_TWIN,13,2,1000,537.07,0.0000,0.0000,541.0,0.0,1.000,4096.0,0.000,0,0,4096000,1,0,1,0,1,1
3,final_right,f32,1024,glibc_t1,P5,13,3,1000,559.49,0.0000,0.0000,562.0,0.0,2.000,8192.0,0.000,0,0,4100096,2,0,0,0,1,1
3,final_right,f32,1024,glibc_t1,P7,14,0,1000,457.25,0.0000,0.0000,459.0,0.0,1.000,4096.0,0.000,0,0,4096000,1,0,1,0,1,1
3,final_right,f32,1024,glibc_t1,FIXED_TWIN,14,1,1000,422.49,0.0000,0.0000,424.0,0.0,1.000,4096.0,0.000,0,0,4096000,1,0,1,0,1,1
3,final_right,f32,1024,glibc_t1,P5,14,2,1000,558.57,0.0000,0.0000,560.0,0.0,2.000,8192.0,0.000,0,0,4100096,2,0,0,0,1,1
3,final_right,f32,1024,glibc_t1,P6,14,3,1000,558.04,0.0000,0.0000,561.0,0.0,1.000,4096.0,0.000,0,0,4096000,1,1,0,0,1,1
3,final_right,f32,4096,glibc_t1,P5,0,0,1,1801.00,0.0000,0.0000,21000.0,0.0,2.000,32768.0,0.000,0,0,32768,2,0,0,0,1,1
3,final_right,f32,4096,glibc_t1,P6,0,1,1,1428.00,0.0000,0.0000,2000.0,0.0,1.000,16384.0,0.000,0,0,16384,1,1,0,0,1,1
3,final_right,f32,4096,glibc_t1,P7,0,2,1,1252.00,0.0000,0.0000,2000.0,0.0,1.000,16384.0,0.000,0,0,16384,1,0,1,0,1,1
3,final_right,f32,4096,glibc_t1,FIXED_TWIN,0,3,1,1273.00,0.0000,0.0000,2000.0,0.0,1.000,16384.0,0.000,0,0,16384,1,0,1,0,1,1
3,final_right,f32,4096,glibc_t1,P6,1,0,1,1369.00,0.0000,0.0000,2000.0,0.0,1.000,16384.0,0.000,0,0,16384,1,1,0,0,1,1
3,final_right,f32,4096,glibc_t1,P7,1,1,1,1220.00,0.0000,0.0000,2000.0,0.0,1.000,16384.0,0.000,0,0,16384,1,0,1,0,1,1
3,final_right,f32,4096,glibc_t1,FIXED_TWIN,1,2,1,1247.00,0.0000,0.0000,2000.0,0.0,1.000,16384.0,0.000,0,0,16384,1,0,1,0,1,1
3,final_right,f32,4096,glibc_t1,P5,1,3,1,1577.00,0.0000,0.0000,2000.0,0.0,2.000,32768.0,0.000,0,0,32768,2,0,0,0,1,1
3,final_right,f32,4096,glibc_t1,P7,2,0,1,1205.00,0.0000,0.0000,2000.0,0.0,1.000,16384.0,0.000,0,0,16384,1,0,1,0,1,1
3,final_right,f32,4096,glibc_t1,FIXED_TWIN,2,1,1,1232.00,0.0000,0.0000,1000.0,0.0,1.000,16384.0,0.000,0,0,16384,1,0,1,0,1,1
3,final_right,f32,4096,glibc_t1,P5,2,2,1,1521.00,0.0000,0.0000,2000.0,0.0,2.000,32768.0,0.000,0,0,32768,2,0,0,0,1,1
3,final_right,f32,4096,glibc_t1,P6,2,3,1,1348.00,0.0000,0.0000,2000.0,0.0,1.000,16384.0,0.000,0,0,16384,1,1,0,0,1,1
3,final_right,f32,4096,glibc_t1,FIXED_TWIN,3,0,1,1256.00,0.0000,0.0000,2000.0,0.0,1.000,16384.0,0.000,0,0,16384,1,0,1,0,1,1
3,final_right,f32,4096,glibc_t1,P5,3,1,1,1517.00,0.0000,0.0000,2000.0,0.0,2.000,32768.0,0.000,0,0,32768,2,0,0,0,1,1
3,final_right,f32,4096,glibc_t1,P6,3,2,1,1315.00,0.0000,0.0000,1000.0,0.0,1.000,16384.0,0.000,0,0,16384,1,1,0,0,1,1
3,final_right,f32,4096,glibc_t1,P7,3,3,1,1243.00,0.0000,0.0000,2000.0,0.0,1.000,16384.0,0.000,0,0,16384,1,0,1,0,1,1
3,final_right,f32,4096,glibc_t1,P5,4,0,1,6495.00,0.0000,0.0000,7000.0,0.0,2.000,32768.0,0.000,0,0,32768,2,0,0,0,1,1
3,final_right,f32,4096,glibc_t1,P6,4,1,1,1324.00,0.0000,0.0000,2000.0,0.0,1.000,16384.0,0.000,0,0,16384,1,1,0,0,1,1
3,final_right,f32,4096,glibc_t1,P7,4,2,1,1237.00,0.0000,0.0000,2000.0,0.0,1.000,16384.0,0.000,0,0,16384,1,0,1,0,1,1
3,final_right,f32,4096,glibc_t1,FIXED_TWIN,4,3,1,1224.00,0.0000,0.0000,1000.0,0.0,1.000,16384.0,0.000,0,0,16384,1,0,1,0,1,1
3,final_right,f32,4096,glibc_t1,P6,5,0,1,1351.00,0.0000,0.0000,2000.0,0.0,1.000,16384.0,0.000,0,0,16384,1,1,0,0,1,1
3,final_right,f32,4096,glibc_t1,P7,5,1,1,1191.00,0.0000,0.0000,1000.0,0.0,1.000,16384.0,0.000,0,0,16384,1,0,1,0,1,1
3,final_right,f32,4096,glibc_t1,FIXED_TWIN,5,2,1,1214.00,0.0000,0.0000,2000.0,0.0,1.000,16384.0,0.000,0,0,16384,1,0,1,0,1,1
3,final_right,f32,4096,glibc_t1,P5,5,3,1,1528.00,0.0000,0.0000,2000.0,0.0,2.000,32768.0,0.000,0,0,32768,2,0,0,0,1,1
3,final_right,f32,4096,glibc_t1,P7,6,0,1,1195.00,0.0000,0.0000,2000.0,0.0,1.000,16384.0,0.000,0,0,16384,1,0,1,0,1,1
3,final_right,f32,4096,glibc_t1,FIXED_TWIN,6,1,1,1190.00,0.0000,0.0000,2000.0,0.0,1.000,16384.0,0.000,0,0,16384,1,0,1,0,1,1
3,final_right,f32,4096,glibc_t1,P5,6,2,1,1556.00,0.0000,0.0000,2000.0,0.0,2.000,32768.0,0.000,0,0,32768,2,0,0,0,1,1
3,final_right,f32,4096,glibc_t1,P6,6,3,1,1410.00,0.0000,0.0000,2000.0,0.0,1.000,16384.0,0.000,0,0,16384,1,1,0,0,1,1
3,final_right,f32,4096,glibc_t1,FIXED_TWIN,7,0,1,1211.00,0.0000,0.0000,2000.0,0.0,1.000,16384.0,0.000,0,0,16384,1,0,1,0,1,1
3,final_right,f32,4096,glibc_t1,P5,7,1,1,1530.00,0.0000,0.0000,2000.0,0.0,2.000,32768.0,0.000,0,0,32768,2,0,0,0,1,1
3,final_right,f32,4096,glibc_t1,P6,7,2,1,1340.00,0.0000,0.0000,2000.0,0.0,1.000,16384.0,0.000,0,0,16384,1,1,0,0,1,1
3,final_right,f32,4096,glibc_t1,P7,7,3,1,1274.00,0.0000,0.0000,2000.0,0.0,1.000,16384.0,0.000,0,0,16384,1,0,1,0,1,1
3,final_right,f32,4096,glibc_t1,P5,8,0,1,1533.00,0.0000,0.0000,2000.0,0.0,2.000,32768.0,0.000,0,0,32768,2,0,0,0,1,1
3,final_right,f32,4096,glibc_t1,P6,8,1,1,1324.00,0.0000,0.0000,2000.0,0.0,1.000,16384.0,0.000,0,0,16384,1,1,0,0,1,1
3,final_right,f32,4096,glibc_t1,P7,8,2,1,1221.00,0.0000,0.0000,2000.0,0.0,1.000,16384.0,0.000,0,0,16384,1,0,1,0,1,1
3,final_right,f32,4096,glibc_t1,FIXED_TWIN,8,3,1,1224.00,0.0000,0.0000,1000.0,0.0,1.000,16384.0,0.000,0,0,16384,1,0,1,0,1,1
3,final_right,f32,4096,glibc_t1,P6,9,0,1,1305.00,0.0000,0.0000,1000.0,0.0,1.000,16384.0,0.000,0,0,16384,1,1,0,0,1,1
3,final_right,f32,4096,glibc_t1,P7,9,1,1,1198.00,0.0000,0.0000,1000.0,0.0,1.000,16384.0,0.000,0,0,16384,1,0,1,0,1,1
3,final_right,f32,4096,glibc_t1,FIXED_TWIN,9,2,1,1195.00,0.0000,0.0000,2000.0,0.0,1.000,16384.0,0.000,0,0,16384,1,0,1,0,1,1
3,final_right,f32,4096,glibc_t1,P5,9,3,1,1549.00,0.0000,0.0000,2000.0,0.0,2.000,32768.0,0.000,0,0,32768,2,0,0,0,1,1
3,final_right,f32,4096,glibc_t1,P7,10,0,1,1207.00,0.0000,0.0000,1000.0,0.0,1.000,16384.0,0.000,0,0,16384,1,0,1,0,1,1
3,final_right,f32,4096,glibc_t1,FIXED_TWIN,10,1,1,1350.00,0.0000,0.0000,2000.0,0.0,1.000,16384.0,0.000,0,0,16384,1,0,1,0,1,1
3,final_right,f32,4096,glibc_t1,P5,10,2,1,1530.00,0.0000,0.0000,2000.0,0.0,2.000,32768.0,0.000,0,0,32768,2,0,0,0,1,1
3,final_right,f32,4096,glibc_t1,P6,10,3,1,1385.00,0.0000,0.0000,1000.0,0.0,1.000,16384.0,0.000,0,0,16384,1,1,0,0,1,1
3,final_right,f32,4096,glibc_t1,FIXED_TWIN,11,0,1,1197.00,0.0000,0.0000,1000.0,0.0,1.000,16384.0,0.000,0,0,16384,1,0,1,0,1,1
3,final_right,f32,4096,glibc_t1,P5,11,1,1,1554.00,0.0000,0.0000,2000.0,0.0,2.000,32768.0,0.000,0,0,32768,2,0,0,0,1,1
3,final_right,f32,4096,glibc_t1,P6,11,2,1,1365.00,0.0000,0.0000,2000.0,0.0,1.000,16384.0,0.000,0,0,16384,1,1,0,0,1,1
3,final_right,f32,4096,glibc_t1,P7,11,3,1,1221.00,0.0000,0.0000,1000.0,0.0,1.000,16384.0,0.000,0,0,16384,1,0,1,0,1,1
3,final_right,f32,4096,glibc_t1,P5,12,0,1,1506.00,0.0000,0.0000,2000.0,0.0,2.000,32768.0,0.000,0,0,32768,2,0,0,0,1,1
3,final_right,f32,4096,glibc_t1,P6,12,1,1,1346.00,0.0000,0.0000,2000.0,0.0,1.000,16384.0,0.000,0,0,16384,1,1,0,0,1,1
3,final_right,f32,4096,glibc_t1,P7,12,2,1,1216.00,0.0000,0.0000,1000.0,0.0,1.000,16384.0,0.000,0,0,16384,1,0,1,0,1,1
3,final_right,f32,4096,glibc_t1,FIXED_TWIN,12,3,1,1241.00,0.0000,0.0000,2000.0,0.0,1.000,16384.0,0.000,0,0,16384,1,0,1,0,1,1
3,final_right,f32,4096,glibc_t1,P6,13,0,1,1305.00,0.0000,0.0000,2000.0,0.0,1.000,16384.0,0.000,0,0,16384,1,1,0,0,1,1
3,final_right,f32,4096,glibc_t1,P7,13,1,1,1204.00,0.0000,0.0000,2000.0,0.0,1.000,16384.0,0.000,0,0,16384,1,0,1,0,1,1
3,final_right,f32,4096,glibc_t1,FIXED_TWIN,13,2,1,1196.00,0.0000,0.0000,1000.0,0.0,1.000,16384.0,0.000,0,0,16384,1,0,1,0,1,1
3,final_right,f32,4096,glibc_t1,P5,13,3,1,1621.00,0.0000,0.0000,2000.0,0.0,2.000,32768.0,0.000,0,0,32768,2,0,0,0,1,1
3,final_right,f32,4096,glibc_t1,P7,14,0,1,1199.00,0.0000,0.0000,2000.0,0.0,1.000,16384.0,0.000,0,0,16384,1,0,1,0,1,1
3,final_right,f32,4096,glibc_t1,FIXED_TWIN,14,1,1,1208.00,0.0000,0.0000,1000.0,0.0,1.000,16384.0,0.000,0,0,16384,1,0,1,0,1,1
3,final_right,f32,4096,glibc_t1,P5,14,2,1,1502.00,0.0000,0.0000,2000.0,0.0,2.000,32768.0,0.000,0,0,32768,2,0,0,0,1,1
3,final_right,f32,4096,glibc_t1,P6,14,3,1,1368.00,0.0000,0.0000,1000.0,0.0,1.000,16384.0,0.000,0,0,16384,1,1,0,0,1,1
3,final_right,f32,16384,glibc_t1,P5,0,0,1,6378.00,0.0000,0.0000,7000.0,0.0,2.000,131072.0,0.000,0,0,131072,2,0,0,0,1,1
3,final_right,f32,16384,glibc_t1,P6,0,1,1,4745.00,0.0000,0.0000,6000.0,0.0,1.000,65536.0,0.000,0,0,65536,1,1,0,0,1,1
3,final_right,f32,16384,glibc_t1,P7,0,2,1,3923.00,0.0000,0.0000,4000.0,0.0,1.000,65536.0,0.000,0,0,65536,1,0,1,0,1,1
3,final_right,f32,16384,glibc_t1,FIXED_TWIN,0,3,1,3847.00,0.0000,0.0000,4000.0,0.0,1.000,65536.0,0.000,0,0,65536,1,0,1,0,1,1
3,final_right,f32,16384,glibc_t1,P6,1,0,1,4652.00,0.0000,0.0000,5000.0,0.0,1.000,65536.0,0.000,0,0,65536,1,1,0,0,1,1
3,final_right,f32,16384,glibc_t1,P7,1,1,1,3827.00,0.0000,0.0000,4000.0,0.0,1.000,65536.0,0.000,0,0,65536,1,0,1,0,1,1
3,final_right,f32,16384,glibc_t1,FIXED_TWIN,1,2,1,3861.00,0.0000,0.0000,4000.0,0.0,1.000,65536.0,0.000,0,0,65536,1,0,1,0,1,1
3,final_right,f32,16384,glibc_t1,P5,1,3,1,6531.00,0.0000,0.0000,7000.0,0.0,2.000,131072.0,0.000,0,0,131072,2,0,0,0,1,1
3,final_right,f32,16384,glibc_t1,P7,2,0,1,4142.00,0.0000,0.0000,5000.0,0.0,1.000,65536.0,0.000,0,0,65536,1,0,1,0,1,1
3,final_right,f32,16384,glibc_t1,FIXED_TWIN,2,1,1,3810.00,0.0000,0.0000,5000.0,0.0,1.000,65536.0,0.000,0,0,65536,1,0,1,0,1,1
3,final_right,f32,16384,glibc_t1,P5,2,2,1,6334.00,0.0000,0.0000,7000.0,0.0,2.000,131072.0,0.000,0,0,131072,2,0,0,0,1,1
3,final_right,f32,16384,glibc_t1,P6,2,3,1,4610.00,0.0000,0.0000,5000.0,0.0,1.000,65536.0,0.000,0,0,65536,1,1,0,0,1,1
3,final_right,f32,16384,glibc_t1,FIXED_TWIN,3,0,1,3845.00,0.0000,0.0000,4000.0,0.0,1.000,65536.0,0.000,0,0,65536,1,0,1,0,1,1
3,final_right,f32,16384,glibc_t1,P5,3,1,1,6319.00,0.0000,0.0000,7000.0,0.0,2.000,131072.0,0.000,0,0,131072,2,0,0,0,1,1
3,final_right,f32,16384,glibc_t1,P6,3,2,1,4654.00,0.0000,0.0000,6000.0,0.0,1.000,65536.0,0.000,0,0,65536,1,1,0,0,1,1
3,final_right,f32,16384,glibc_t1,P7,3,3,1,4164.00,0.0000,0.0000,5000.0,0.0,1.000,65536.0,0.000,0,0,65536,1,0,1,0,1,1
3,final_right,f32,16384,glibc_t1,P5,4,0,1,6398.00,0.0000,0.0000,7000.0,0.0,2.000,131072.0,0.000,0,0,131072,2,0,0,0,1,1
3,final_right,f32,16384,glibc_t1,P6,4,1,1,4602.00,0.0000,0.0000,5000.0,0.0,1.000,65536.0,0.000,0,0,65536,1,1,0,0,1,1
3,final_right,f32,16384,glibc_t1,P7,4,2,1,3800.00,0.0000,0.0000,4000.0,0.0,1.000,65536.0,0.000,0,0,65536,1,0,1,0,1,1
3,final_right,f32,16384,glibc_t1,FIXED_TWIN,4,3,1,3817.00,0.0000,0.0000,4000.0,0.0,1.000,65536.0,0.000,0,0,65536,1,0,1,0,1,1
3,final_right,f32,16384,glibc_t1,P6,5,0,1,4597.00,0.0000,0.0000,5000.0,0.0,1.000,65536.0,0.000,0,0,65536,1,1,0,0,1,1
3,final_right,f32,16384,glibc_t1,P7,5,1,1,3811.00,0.0000,0.0000,5000.0,0.0,1.000,65536.0,0.000,0,0,65536,1,0,1,0,1,1
3,final_right,f32,16384,glibc_t1,FIXED_TWIN,5,2,1,3790.00,0.0000,0.0000,4000.0,0.0,1.000,65536.0,0.000,0,0,65536,1,0,1,0,1,1
3,final_right,f32,16384,glibc_t1,P5,5,3,1,6988.00,0.0000,0.0000,7000.0,0.0,2.000,131072.0,0.000,0,0,131072,2,0,0,0,1,1
3,final_right,f32,16384,glibc_t1,P7,6,0,1,3876.00,0.0000,0.0000,5000.0,0.0,1.000,65536.0,0.000,0,0,65536,1,0,1,0,1,1
3,final_right,f32,16384,glibc_t1,FIXED_TWIN,6,1,1,3800.00,0.0000,0.0000,4000.0,0.0,1.000,65536.0,0.000,0,0,65536,1,0,1,0,1,1
3,final_right,f32,16384,glibc_t1,P5,6,2,1,6322.00,0.0000,0.0000,7000.0,0.0,2.000,131072.0,0.000,0,0,131072,2,0,0,0,1,1
3,final_right,f32,16384,glibc_t1,P6,6,3,1,4683.00,0.0000,0.0000,5000.0,0.0,1.000,65536.0,0.000,0,0,65536,1,1,0,0,1,1
3,final_right,f32,16384,glibc_t1,FIXED_TWIN,7,0,1,3942.00,0.0000,0.0000,4000.0,0.0,1.000,65536.0,0.000,0,0,65536,1,0,1,0,1,1
3,final_right,f32,16384,glibc_t1,P5,7,1,1,6492.00,0.0000,0.0000,7000.0,0.0,2.000,131072.0,0.000,0,0,131072,2,0,0,0,1,1
3,final_right,f32,16384,glibc_t1,P6,7,2,1,4666.00,0.0000,0.0000,5000.0,0.0,1.000,65536.0,0.000,0,0,65536,1,1,0,0,1,1
3,final_right,f32,16384,glibc_t1,P7,7,3,1,3932.00,0.0000,0.0000,5000.0,0.0,1.000,65536.0,0.000,0,0,65536,1,0,1,0,1,1
3,final_right,f32,16384,glibc_t1,P5,8,0,1,6451.00,0.0000,0.0000,7000.0,0.0,2.000,131072.0,0.000,0,0,131072,2,0,0,0,1,1
3,final_right,f32,16384,glibc_t1,P6,8,1,1,4685.00,0.0000,0.0000,5000.0,0.0,1.000,65536.0,0.000,0,0,65536,1,1,0,0,1,1
3,final_right,f32,16384,glibc_t1,P7,8,2,1,3889.00,0.0000,0.0000,4000.0,0.0,1.000,65536.0,0.000,0,0,65536,1,0,1,0,1,1
3,final_right,f32,16384,glibc_t1,FIXED_TWIN,8,3,1,3849.00,0.0000,0.0000,4000.0,0.0,1.000,65536.0,0.000,0,0,65536,1,0,1,0,1,1
3,final_right,f32,16384,glibc_t1,P6,9,0,1,4611.00,0.0000,0.0000,5000.0,0.0,1.000,65536.0,0.000,0,0,65536,1,1,0,0,1,1
3,final_right,f32,16384,glibc_t1,P7,9,1,1,3878.00,0.0000,0.0000,5000.0,0.0,1.000,65536.0,0.000,0,0,65536,1,0,1,0,1,1
3,final_right,f32,16384,glibc_t1,FIXED_TWIN,9,2,1,3737.00,0.0000,0.0000,5000.0,0.0,1.000,65536.0,0.000,0,0,65536,1,0,1,0,1,1
3,final_right,f32,16384,glibc_t1,P5,9,3,1,6360.00,0.0000,0.0000,7000.0,0.0,2.000,131072.0,0.000,0,0,131072,2,0,0,0,1,1
3,final_right,f32,16384,glibc_t1,P7,10,0,1,3833.00,0.0000,0.0000,4000.0,0.0,1.000,65536.0,0.000,0,0,65536,1,0,1,0,1,1
3,final_right,f32,16384,glibc_t1,FIXED_TWIN,10,1,1,3812.00,0.0000,0.0000,4000.0,0.0,1.000,65536.0,0.000,0,0,65536,1,0,1,0,1,1
3,final_right,f32,16384,glibc_t1,P5,10,2,1,6301.00,0.0000,0.0000,7000.0,0.0,2.000,131072.0,0.000,0,0,131072,2,0,0,0,1,1
3,final_right,f32,16384,glibc_t1,P6,10,3,1,4670.00,0.0000,0.0000,5000.0,0.0,1.000,65536.0,0.000,0,0,65536,1,1,0,0,1,1
3,final_right,f32,16384,glibc_t1,FIXED_TWIN,11,0,1,3806.00,0.0000,0.0000,4000.0,0.0,1.000,65536.0,0.000,0,0,65536,1,0,1,0,1,1
3,final_right,f32,16384,glibc_t1,P5,11,1,1,6297.00,0.0000,0.0000,6000.0,1000.0,2.000,131072.0,0.000,0,0,131072,2,0,0,0,1,1
3,final_right,f32,16384,glibc_t1,P6,11,2,1,4639.00,0.0000,0.0000,3000.0,3000.0,1.000,65536.0,0.000,0,0,65536,1,1,0,0,1,1
3,final_right,f32,16384,glibc_t1,P7,11,3,1,4491.00,0.0000,0.0000,5000.0,0.0,1.000,65536.0,0.000,0,0,65536,1,0,1,0,1,1
3,final_right,f32,16384,glibc_t1,P5,12,0,1,6465.00,0.0000,0.0000,7000.0,0.0,2.000,131072.0,0.000,0,0,131072,2,0,0,0,1,1
3,final_right,f32,16384,glibc_t1,P6,12,1,1,4751.00,0.0000,0.0000,5000.0,0.0,1.000,65536.0,0.000,0,0,65536,1,1,0,0,1,1
3,final_right,f32,16384,glibc_t1,P7,12,2,1,3858.00,0.0000,0.0000,4000.0,0.0,1.000,65536.0,0.000,0,0,65536,1,0,1,0,1,1
3,final_right,f32,16384,glibc_t1,FIXED_TWIN,12,3,1,3807.00,0.0000,0.0000,4000.0,0.0,1.000,65536.0,0.000,0,0,65536,1,0,1,0,1,1
3,final_right,f32,16384,glibc_t1,P6,13,0,1,4655.00,0.0000,0.0000,5000.0,0.0,1.000,65536.0,0.000,0,0,65536,1,1,0,0,1,1
3,final_right,f32,16384,glibc_t1,P7,13,1,1,3773.00,0.0000,0.0000,4000.0,0.0,1.000,65536.0,0.000,0,0,65536,1,0,1,0,1,1
3,final_right,f32,16384,glibc_t1,FIXED_TWIN,13,2,1,3779.00,0.0000,0.0000,4000.0,0.0,1.000,65536.0,0.000,0,0,65536,1,0,1,0,1,1
3,final_right,f32,16384,glibc_t1,P5,13,3,1,6481.00,0.0000,0.0000,7000.0,0.0,2.000,131072.0,0.000,0,0,131072,2,0,0,0,1,1
3,final_right,f32,16384,glibc_t1,P7,14,0,1,3976.00,0.0000,0.0000,5000.0,0.0,1.000,65536.0,0.000,0,0,65536,1,0,1,0,1,1
3,final_right,f32,16384,glibc_t1,FIXED_TWIN,14,1,1,3879.00,0.0000,0.0000,5000.0,0.0,1.000,65536.0,0.000,0,0,65536,1,0,1,0,1,1
3,final_right,f32,16384,glibc_t1,P5,14,2,1,6388.00,0.0000,0.0000,7000.0,0.0,2.000,131072.0,0.000,0,0,131072,2,0,0,0,1,1
3,final_right,f32,16384,glibc_t1,P6,14,3,1,5793.00,0.0000,0.0000,6000.0,0.0,1.000,65536.0,0.000,0,0,65536,1,1,0,0,1,1
3,final_right,f32,65536,glibc_t1,P5,0,0,1,21561.00,0.0000,0.0000,24000.0,0.0,2.000,524288.0,0.000,0,0,524288,2,0,0,0,1,1
3,final_right,f32,65536,glibc_t1,P6,0,1,1,17376.00,0.0000,0.0000,18000.0,0.0,1.000,262144.0,0.000,0,0,262144,1,1,0,0,1,1
3,final_right,f32,65536,glibc_t1,P7,0,2,1,14488.00,0.0000,0.0000,15000.0,0.0,1.000,262144.0,0.000,0,0,262144,1,0,1,0,1,1
3,final_right,f32,65536,glibc_t1,FIXED_TWIN,0,3,1,14380.00,0.0000,0.0000,15000.0,0.0,1.000,262144.0,0.000,0,0,262144,1,0,1,0,1,1
3,final_right,f32,65536,glibc_t1,P6,1,0,1,17150.00,0.0000,0.0000,18000.0,0.0,1.000,262144.0,0.000,0,0,262144,1,1,0,0,1,1
3,final_right,f32,65536,glibc_t1,P7,1,1,1,14560.00,0.0000,0.0000,16000.0,0.0,1.000,262144.0,0.000,0,0,262144,1,0,1,0,1,1
3,final_right,f32,65536,glibc_t1,FIXED_TWIN,1,2,1,14617.00,0.0000,0.0000,15000.0,0.0,1.000,262144.0,0.000,0,0,262144,1,0,1,0,1,1
3,final_right,f32,65536,glibc_t1,P5,1,3,1,22793.00,0.0000,0.0000,24000.0,0.0,2.000,524288.0,0.000,0,0,524288,2,0,0,0,1,1
3,final_right,f32,65536,glibc_t1,P7,2,0,1,14446.00,0.0000,0.0000,15000.0,0.0,1.000,262144.0,0.000,0,0,262144,1,0,1,0,1,1
3,final_right,f32,65536,glibc_t1,FIXED_TWIN,2,1,1,14554.00,0.0000,0.0000,15000.0,0.0,1.000,262144.0,0.000,0,0,262144,1,0,1,0,1,1
3,final_right,f32,65536,glibc_t1,P5,2,2,1,24289.00,0.0000,0.0000,25000.0,0.0,2.000,524288.0,0.000,0,0,524288,2,0,0,0,1,1
3,final_right,f32,65536,glibc_t1,P6,2,3,1,17524.00,0.0000,0.0000,18000.0,0.0,1.000,262144.0,0.000,0,0,262144,1,1,0,0,1,1
3,final_right,f32,65536,glibc_t1,FIXED_TWIN,3,0,1,14542.00,0.0000,0.0000,15000.0,0.0,1.000,262144.0,0.000,0,0,262144,1,0,1,0,1,1
3,final_right,f32,65536,glibc_t1,P5,3,1,1,22608.00,0.0000,0.0000,24000.0,0.0,2.000,524288.0,0.000,0,0,524288,2,0,0,0,1,1
3,final_right,f32,65536,glibc_t1,P6,3,2,1,17380.00,0.0000,0.0000,18000.0,0.0,1.000,262144.0,0.000,0,0,262144,1,1,0,0,1,1
3,final_right,f32,65536,glibc_t1,P7,3,3,1,15269.00,0.0000,0.0000,16000.0,0.0,1.000,262144.0,0.000,0,0,262144,1,0,1,0,1,1
3,final_right,f32,65536,glibc_t1,P5,4,0,1,23497.00,0.0000,0.0000,24000.0,0.0,2.000,524288.0,0.000,0,0,524288,2,0,0,0,1,1
3,final_right,f32,65536,glibc_t1,P6,4,1,1,17496.00,0.0000,0.0000,19000.0,0.0,1.000,262144.0,0.000,0,0,262144,1,1,0,0,1,1
3,final_right,f32,65536,glibc_t1,P7,4,2,1,14508.00,0.0000,0.0000,15000.0,0.0,1.000,262144.0,0.000,0,0,262144,1,0,1,0,1,1
3,final_right,f32,65536,glibc_t1,FIXED_TWIN,4,3,1,14732.00,0.0000,0.0000,15000.0,0.0,1.000,262144.0,0.000,0,0,262144,1,0,1,0,1,1
3,final_right,f32,65536,glibc_t1,P6,5,0,1,17198.00,0.0000,0.0000,18000.0,0.0,1.000,262144.0,0.000,0,0,262144,1,1,0,0,1,1
3,final_right,f32,65536,glibc_t1,P7,5,1,1,14646.00,0.0000,0.0000,15000.0,0.0,1.000,262144.0,0.000,0,0,262144,1,0,1,0,1,1
3,final_right,f32,65536,glibc_t1,FIXED_TWIN,5,2,1,14662.00,0.0000,0.0000,15000.0,0.0,1.000,262144.0,0.000,0,0,262144,1,0,1,0,1,1
3,final_right,f32,65536,glibc_t1,P5,5,3,1,22672.00,0.0000,0.0000,23000.0,0.0,2.000,524288.0,0.000,0,0,524288,2,0,0,0,1,1
3,final_right,f32,65536,glibc_t1,P7,6,0,1,14464.00,0.0000,0.0000,15000.0,0.0,1.000,262144.0,0.000,0,0,262144,1,0,1,0,1,1
3,final_right,f32,65536,glibc_t1,FIXED_TWIN,6,1,1,14409.00,0.0000,0.0000,15000.0,0.0,1.000,262144.0,0.000,0,0,262144,1,0,1,0,1,1
3,final_right,f32,65536,glibc_t1,P5,6,2,1,22578.00,0.0000,0.0000,23000.0,0.0,2.000,524288.0,0.000,0,0,524288,2,0,0,0,1,1
3,final_right,f32,65536,glibc_t1,P6,6,3,1,31853.00,0.0000,0.0000,32000.0,0.0,1.000,262144.0,0.000,0,0,262144,1,1,0,0,1,1
3,final_right,f32,65536,glibc_t1,FIXED_TWIN,7,0,1,14604.00,0.0000,0.0000,15000.0,0.0,1.000,262144.0,0.000,0,0,262144,1,0,1,0,1,1
3,final_right,f32,65536,glibc_t1,P5,7,1,1,22514.00,0.0000,0.0000,23000.0,0.0,2.000,524288.0,0.000,0,0,524288,2,0,0,0,1,1
3,final_right,f32,65536,glibc_t1,P6,7,2,1,17398.00,0.0000,0.0000,18000.0,0.0,1.000,262144.0,0.000,0,0,262144,1,1,0,0,1,1
3,final_right,f32,65536,glibc_t1,P7,7,3,1,14557.00,0.0000,0.0000,15000.0,0.0,1.000,262144.0,0.000,0,0,262144,1,0,1,0,1,1
3,final_right,f32,65536,glibc_t1,P5,8,0,1,23191.00,0.0000,0.0000,24000.0,0.0,2.000,524288.0,0.000,0,0,524288,2,0,0,0,1,1
3,final_right,f32,65536,glibc_t1,P6,8,1,1,17446.00,0.0000,0.0000,18000.0,0.0,1.000,262144.0,0.000,0,0,262144,1,1,0,0,1,1
3,final_right,f32,65536,glibc_t1,P7,8,2,1,18294.00,0.0000,0.0000,19000.0,0.0,1.000,262144.0,0.000,0,0,262144,1,0,1,0,1,1
3,final_right,f32,65536,glibc_t1,FIXED_TWIN,8,3,1,14743.00,0.0000,0.0000,15000.0,0.0,1.000,262144.0,0.000,0,0,262144,1,0,1,0,1,1
3,final_right,f32,65536,glibc_t1,P6,9,0,1,17248.00,0.0000,0.0000,18000.0,0.0,1.000,262144.0,0.000,0,0,262144,1,1,0,0,1,1
3,final_right,f32,65536,glibc_t1,P7,9,1,1,14502.00,0.0000,0.0000,17000.0,0.0,1.000,262144.0,0.000,0,0,262144,1,0,1,0,1,1
3,final_right,f32,65536,glibc_t1,FIXED_TWIN,9,2,1,14464.00,0.0000,0.0000,15000.0,0.0,1.000,262144.0,0.000,0,0,262144,1,0,1,0,1,1
3,final_right,f32,65536,glibc_t1,P5,9,3,1,22352.00,0.0000,0.0000,23000.0,0.0,2.000,524288.0,0.000,0,0,524288,2,0,0,0,1,1
3,final_right,f32,65536,glibc_t1,P7,10,0,1,14435.00,0.0000,0.0000,15000.0,0.0,1.000,262144.0,0.000,0,0,262144,1,0,1,0,1,1
3,final_right,f32,65536,glibc_t1,FIXED_TWIN,10,1,1,14566.00,0.0000,0.0000,16000.0,0.0,1.000,262144.0,0.000,0,0,262144,1,0,1,0,1,1
3,final_right,f32,65536,glibc_t1,P5,10,2,1,22529.00,0.0000,0.0000,23000.0,0.0,2.000,524288.0,0.000,0,0,524288,2,0,0,0,1,1
3,final_right,f32,65536,glibc_t1,P6,10,3,1,25642.00,0.0000,0.0000,26000.0,0.0,1.000,262144.0,0.000,0,0,262144,1,1,0,0,1,1
3,final_right,f32,65536,glibc_t1,FIXED_TWIN,11,0,1,14544.00,0.0000,0.0000,15000.0,0.0,1.000,262144.0,0.000,0,0,262144,1,0,1,0,1,1
3,final_right,f32,65536,glibc_t1,P5,11,1,1,22398.00,0.0000,0.0000,23000.0,0.0,2.000,524288.0,0.000,0,0,524288,2,0,0,0,1,1
3,final_right,f32,65536,glibc_t1,P6,11,2,1,17450.00,0.0000,0.0000,18000.0,0.0,1.000,262144.0,0.000,0,0,262144,1,1,0,0,1,1
3,final_right,f32,65536,glibc_t1,P7,11,3,1,14535.00,0.0000,0.0000,15000.0,0.0,1.000,262144.0,0.000,0,0,262144,1,0,1,0,1,1
3,final_right,f32,65536,glibc_t1,P5,12,0,1,22569.00,0.0000,0.0000,23000.0,0.0,2.000,524288.0,0.000,0,0,524288,2,0,0,0,1,1
3,final_right,f32,65536,glibc_t1,P6,12,1,1,18522.00,0.0000,0.0000,20000.0,0.0,1.000,262144.0,0.000,0,0,262144,1,1,0,0,1,1
3,final_right,f32,65536,glibc_t1,P7,12,2,1,14588.00,0.0000,0.0000,15000.0,0.0,1.000,262144.0,0.000,0,0,262144,1,0,1,0,1,1
3,final_right,f32,65536,glibc_t1,FIXED_TWIN,12,3,1,14530.00,0.0000,0.0000,16000.0,0.0,1.000,262144.0,0.000,0,0,262144,1,0,1,0,1,1
3,final_right,f32,65536,glibc_t1,P6,13,0,1,17074.00,0.0000,0.0000,18000.0,0.0,1.000,262144.0,0.000,0,0,262144,1,1,0,0,1,1
3,final_right,f32,65536,glibc_t1,P7,13,1,1,14387.00,0.0000,0.0000,16000.0,0.0,1.000,262144.0,0.000,0,0,262144,1,0,1,0,1,1
3,final_right,f32,65536,glibc_t1,FIXED_TWIN,13,2,1,14628.00,0.0000,0.0000,15000.0,0.0,1.000,262144.0,0.000,0,0,262144,1,0,1,0,1,1
3,final_right,f32,65536,glibc_t1,P5,13,3,1,24291.00,0.0000,0.0000,29000.0,0.0,2.000,524288.0,0.000,0,0,524288,2,0,0,0,1,1
3,final_right,f32,65536,glibc_t1,P7,14,0,1,14664.00,0.0000,0.0000,16000.0,0.0,1.000,262144.0,0.000,0,0,262144,1,0,1,0,1,1
3,final_right,f32,65536,glibc_t1,FIXED_TWIN,14,1,1,14535.00,0.0000,0.0000,15000.0,0.0,1.000,262144.0,0.000,0,0,262144,1,0,1,0,1,1
3,final_right,f32,65536,glibc_t1,P5,14,2,1,22607.00,0.0000,0.0000,23000.0,0.0,2.000,524288.0,0.000,0,0,524288,2,0,0,0,1,1
3,final_right,f32,65536,glibc_t1,P6,14,3,1,17458.00,0.0000,0.0000,18000.0,0.0,1.000,262144.0,0.000,0,0,262144,1,1,0,0,1,1
3,final_right,f32,262144,glibc_t1,P5,0,0,1,224168.00,0.0000,0.0000,227000.0,0.0,2.000,2097152.0,0.000,0,0,2097152,2,0,0,0,1,1
3,final_right,f32,262144,glibc_t1,P6,0,1,1,175987.00,0.0000,0.0000,179000.0,0.0,1.000,1048576.0,0.000,0,0,1048576,1,1,0,0,1,1
3,final_right,f32,262144,glibc_t1,P7,0,2,1,155548.00,0.0000,0.0000,157000.0,0.0,1.000,1048576.0,0.000,0,0,1048576,1,0,1,0,1,1
3,final_right,f32,262144,glibc_t1,FIXED_TWIN,0,3,1,149227.00,0.0000,0.0000,150000.0,0.0,1.000,1048576.0,0.000,0,0,1048576,1,0,1,0,1,1
3,final_right,f32,262144,glibc_t1,P6,1,0,1,175668.00,0.0000,0.0000,177000.0,0.0,1.000,1048576.0,0.000,0,0,1048576,1,1,0,0,1,1
3,final_right,f32,262144,glibc_t1,P7,1,1,1,150474.00,0.0000,0.0000,153000.0,0.0,1.000,1048576.0,0.000,0,0,1048576,1,0,1,0,1,1
3,final_right,f32,262144,glibc_t1,FIXED_TWIN,1,2,1,169152.00,0.0000,0.0000,171000.0,0.0,1.000,1048576.0,0.000,0,0,1048576,1,0,1,0,1,1
3,final_right,f32,262144,glibc_t1,P5,1,3,1,222847.00,0.0000,0.0000,225000.0,0.0,2.000,2097152.0,0.000,0,0,2097152,2,0,0,0,1,1
3,final_right,f32,262144,glibc_t1,P7,2,0,1,150062.00,0.0000,0.0000,153000.0,0.0,1.000,1048576.0,0.000,0,0,1048576,1,0,1,0,1,1
3,final_right,f32,262144,glibc_t1,FIXED_TWIN,2,1,1,155649.00,0.0000,0.0000,157000.0,0.0,1.000,1048576.0,0.000,0,0,1048576,1,0,1,0,1,1
3,final_right,f32,262144,glibc_t1,P5,2,2,1,242798.00,0.0000,0.0000,245000.0,0.0,2.000,2097152.0,0.000,0,0,2097152,2,0,0,0,1,1
3,final_right,f32,262144,glibc_t1,P6,2,3,1,175883.00,0.0000,0.0000,179000.0,0.0,1.000,1048576.0,0.000,0,0,1048576,1,1,0,0,1,1
3,final_right,f32,262144,glibc_t1,FIXED_TWIN,3,0,1,149582.00,0.0000,0.0000,151000.0,0.0,1.000,1048576.0,0.000,0,0,1048576,1,0,1,0,1,1
3,final_right,f32,262144,glibc_t1,P5,3,1,1,232024.00,0.0000,0.0000,235000.0,0.0,2.000,2097152.0,0.000,0,0,2097152,2,0,0,0,1,1
3,final_right,f32,262144,glibc_t1,P6,3,2,1,200521.00,0.0000,0.0000,203000.0,0.0,1.000,1048576.0,0.000,0,0,1048576,1,1,0,0,1,1
3,final_right,f32,262144,glibc_t1,P7,3,3,1,147778.00,0.0000,0.0000,150000.0,0.0,1.000,1048576.0,0.000,0,0,1048576,1,0,1,0,1,1
3,final_right,f32,262144,glibc_t1,P5,4,0,1,223844.00,0.0000,0.0000,227000.0,0.0,2.000,2097152.0,0.000,0,0,2097152,2,0,0,0,1,1
3,final_right,f32,262144,glibc_t1,P6,4,1,1,175563.00,0.0000,0.0000,178000.0,0.0,1.000,1048576.0,0.000,0,0,1048576,1,1,0,0,1,1
3,final_right,f32,262144,glibc_t1,P7,4,2,1,156549.00,0.0000,0.0000,158000.0,0.0,1.000,1048576.0,0.000,0,0,1048576,1,0,1,0,1,1
3,final_right,f32,262144,glibc_t1,FIXED_TWIN,4,3,1,149257.00,0.0000,0.0000,151000.0,0.0,1.000,1048576.0,0.000,0,0,1048576,1,0,1,0,1,1
3,final_right,f32,262144,glibc_t1,P6,5,0,1,174774.00,0.0000,0.0000,177000.0,0.0,1.000,1048576.0,0.000,0,0,1048576,1,1,0,0,1,1
3,final_right,f32,262144,glibc_t1,P7,5,1,1,149483.00,0.0000,0.0000,151000.0,0.0,1.000,1048576.0,0.000,0,0,1048576,1,0,1,0,1,1
3,final_right,f32,262144,glibc_t1,FIXED_TWIN,5,2,1,168172.00,0.0000,0.0000,170000.0,0.0,1.000,1048576.0,0.000,0,0,1048576,1,0,1,0,1,1
3,final_right,f32,262144,glibc_t1,P5,5,3,1,223280.00,0.0000,0.0000,225000.0,0.0,2.000,2097152.0,0.000,0,0,2097152,2,0,0,0,1,1
3,final_right,f32,262144,glibc_t1,P7,6,0,1,149748.00,0.0000,0.0000,151000.0,0.0,1.000,1048576.0,0.000,0,0,1048576,1,0,1,0,1,1
3,final_right,f32,262144,glibc_t1,FIXED_TWIN,6,1,1,158383.00,0.0000,0.0000,160000.0,0.0,1.000,1048576.0,0.000,0,0,1048576,1,0,1,0,1,1
3,final_right,f32,262144,glibc_t1,P5,6,2,1,242747.00,0.0000,0.0000,245000.0,0.0,2.000,2097152.0,0.000,0,0,2097152,2,0,0,0,1,1
3,final_right,f32,262144,glibc_t1,P6,6,3,1,176963.00,0.0000,0.0000,179000.0,0.0,1.000,1048576.0,0.000,0,0,1048576,1,1,0,0,1,1
3,final_right,f32,262144,glibc_t1,FIXED_TWIN,7,0,1,149611.00,0.0000,0.0000,151000.0,0.0,1.000,1048576.0,0.000,0,0,1048576,1,0,1,0,1,1
3,final_right,f32,262144,glibc_t1,P5,7,1,1,230048.00,0.0000,0.0000,232000.0,0.0,2.000,2097152.0,0.000,0,0,2097152,2,0,0,0,1,1
3,final_right,f32,262144,glibc_t1,P6,7,2,1,198275.00,0.0000,0.0000,199000.0,0.0,1.000,1048576.0,0.000,0,0,1048576,1,1,0,0,1,1
3,final_right,f32,262144,glibc_t1,P7,7,3,1,174223.00,0.0000,0.0000,176000.0,0.0,1.000,1048576.0,0.000,0,0,1048576,1,0,1,0,1,1
3,final_right,f32,262144,glibc_t1,P5,8,0,1,222814.00,0.0000,0.0000,225000.0,0.0,2.000,2097152.0,0.000,0,0,2097152,2,0,0,0,1,1
3,final_right,f32,262144,glibc_t1,P6,8,1,1,199490.00,0.0000,0.0000,202000.0,0.0,1.000,1048576.0,0.000,0,0,1048576,1,1,0,0,1,1
3,final_right,f32,262144,glibc_t1,P7,8,2,1,154927.00,0.0000,0.0000,157000.0,0.0,1.000,1048576.0,0.000,0,0,1048576,1,0,1,0,1,1
3,final_right,f32,262144,glibc_t1,FIXED_TWIN,8,3,1,149419.00,0.0000,0.0000,151000.0,0.0,1.000,1048576.0,0.000,0,0,1048576,1,0,1,0,1,1
3,final_right,f32,262144,glibc_t1,P6,9,0,1,185663.00,0.0000,0.0000,187000.0,0.0,1.000,1048576.0,0.000,0,0,1048576,1,1,0,0,1,1
3,final_right,f32,262144,glibc_t1,P7,9,1,1,150041.00,0.0000,0.0000,151000.0,0.0,1.000,1048576.0,0.000,0,0,1048576,1,0,1,0,1,1
3,final_right,f32,262144,glibc_t1,FIXED_TWIN,9,2,1,168495.00,0.0000,0.0000,170000.0,0.0,1.000,1048576.0,0.000,0,0,1048576,1,0,1,0,1,1
3,final_right,f32,262144,glibc_t1,P5,9,3,1,223575.00,0.0000,0.0000,225000.0,0.0,2.000,2097152.0,0.000,0,0,2097152,2,0,0,0,1,1
3,final_right,f32,262144,glibc_t1,P7,10,0,1,159600.00,0.0000,0.0000,162000.0,0.0,1.000,1048576.0,0.000,0,0,1048576,1,0,1,0,1,1
3,final_right,f32,262144,glibc_t1,FIXED_TWIN,10,1,1,155663.00,0.0000,0.0000,158000.0,0.0,1.000,1048576.0,0.000,0,0,1048576,1,0,1,0,1,1
3,final_right,f32,262144,glibc_t1,P5,10,2,1,241507.00,0.0000,0.0000,244000.0,0.0,2.000,2097152.0,0.000,0,0,2097152,2,0,0,0,1,1
3,final_right,f32,262144,glibc_t1,P6,10,3,1,175837.00,0.0000,0.0000,178000.0,0.0,1.000,1048576.0,0.000,0,0,1048576,1,1,0,0,1,1
3,final_right,f32,262144,glibc_t1,FIXED_TWIN,11,0,1,149635.00,0.0000,0.0000,151000.0,0.0,1.000,1048576.0,0.000,0,0,1048576,1,0,1,0,1,1
3,final_right,f32,262144,glibc_t1,P5,11,1,1,230865.00,0.0000,0.0000,233000.0,0.0,2.000,2097152.0,0.000,0,0,2097152,2,0,0,0,1,1
3,final_right,f32,262144,glibc_t1,P6,11,2,1,195622.00,0.0000,0.0000,197000.0,0.0,1.000,1048576.0,0.000,0,0,1048576,1,1,0,0,1,1
3,final_right,f32,262144,glibc_t1,P7,11,3,1,186025.00,0.0000,0.0000,188000.0,0.0,1.000,1048576.0,0.000,0,0,1048576,1,0,1,0,1,1
3,final_right,f32,262144,glibc_t1,P5,12,0,1,221820.00,0.0000,0.0000,224000.0,0.0,2.000,2097152.0,0.000,0,0,2097152,2,0,0,0,1,1
3,final_right,f32,262144,glibc_t1,P6,12,1,1,175318.00,0.0000,0.0000,176000.0,0.0,1.000,1048576.0,0.000,0,0,1048576,1,1,0,0,1,1
3,final_right,f32,262144,glibc_t1,P7,12,2,1,168997.00,0.0000,0.0000,171000.0,0.0,1.000,1048576.0,0.000,0,0,1048576,1,0,1,0,1,1
3,final_right,f32,262144,glibc_t1,FIXED_TWIN,12,3,1,150823.00,0.0000,0.0000,152000.0,0.0,1.000,1048576.0,0.000,0,0,1048576,1,0,1,0,1,1
3,final_right,f32,262144,glibc_t1,P6,13,0,1,175186.00,0.0000,0.0000,177000.0,0.0,1.000,1048576.0,0.000,0,0,1048576,1,1,0,0,1,1
3,final_right,f32,262144,glibc_t1,P7,13,1,1,155249.00,0.0000,0.0000,157000.0,0.0,1.000,1048576.0,0.000,0,0,1048576,1,0,1,0,1,1
3,final_right,f32,262144,glibc_t1,FIXED_TWIN,13,2,1,150277.00,0.0000,0.0000,152000.0,0.0,1.000,1048576.0,0.000,0,0,1048576,1,0,1,0,1,1
3,final_right,f32,262144,glibc_t1,P5,13,3,1,222605.00,0.0000,0.0000,225000.0,0.0,2.000,2097152.0,0.000,0,0,2097152,2,0,0,0,1,1
3,final_right,f32,262144,glibc_t1,P7,14,0,1,150112.00,0.0000,0.0000,152000.0,0.0,1.000,1048576.0,0.000,0,0,1048576,1,0,1,0,1,1
3,final_right,f32,262144,glibc_t1,FIXED_TWIN,14,1,1,161983.00,0.0000,0.0000,165000.0,0.0,1.000,1048576.0,0.000,0,0,1048576,1,0,1,0,1,1
3,final_right,f32,262144,glibc_t1,P5,14,2,1,252655.00,0.0000,0.0000,255000.0,0.0,2.000,2097152.0,0.000,0,0,2097152,2,0,0,0,1,1
3,final_right,f32,262144,glibc_t1,P6,14,3,1,174211.00,0.0000,0.0000,176000.0,0.0,1.000,1048576.0,0.000,0,0,1048576,1,1,0,0,1,1
3,final_right,f32,1048576,glibc_t1,P5,0,0,1,976363.00,0.0000,0.0000,982000.0,0.0,2.000,8388608.0,0.000,0,0,8388608,2,0,0,0,1,1
3,final_right,f32,1048576,glibc_t1,P6,0,1,1,831559.00,0.0000,0.0000,836000.0,0.0,1.000,4194304.0,0.000,0,0,4194304,1,1,0,0,1,1
3,final_right,f32,1048576,glibc_t1,P7,0,2,1,648845.00,0.0000,0.0000,653000.0,0.0,1.000,4194304.0,0.000,0,0,4194304,1,0,1,0,1,1
3,final_right,f32,1048576,glibc_t1,FIXED_TWIN,0,3,1,634475.00,0.0000,0.0000,638000.0,0.0,1.000,4194304.0,0.000,0,0,4194304,1,0,1,0,1,1
3,final_right,f32,1048576,glibc_t1,P6,1,0,1,878362.00,0.0000,0.0000,882000.0,0.0,1.000,4194304.0,0.000,0,0,4194304,1,1,0,0,1,1
3,final_right,f32,1048576,glibc_t1,P7,1,1,1,704718.00,0.0000,0.0000,709000.0,0.0,1.000,4194304.0,0.000,0,0,4194304,1,0,1,0,1,1
3,final_right,f32,1048576,glibc_t1,FIXED_TWIN,1,2,1,669361.00,0.0000,0.0000,674000.0,0.0,1.000,4194304.0,0.000,0,0,4194304,1,0,1,0,1,1
3,final_right,f32,1048576,glibc_t1,P5,1,3,1,1159793.00,0.0000,0.0000,1164000.0,0.0,2.000,8388608.0,0.000,0,0,8388608,2,0,0,0,1,1
3,final_right,f32,1048576,glibc_t1,P7,2,0,1,625675.00,0.0000,0.0000,629000.0,0.0,1.000,4194304.0,0.000,0,0,4194304,1,0,1,0,1,1
3,final_right,f32,1048576,glibc_t1,FIXED_TWIN,2,1,1,693405.00,0.0000,0.0000,696000.0,0.0,1.000,4194304.0,0.000,0,0,4194304,1,0,1,0,1,1
3,final_right,f32,1048576,glibc_t1,P5,2,2,1,1030369.00,0.0000,0.0000,1034000.0,0.0,2.000,8388608.0,0.000,0,0,8388608,2,0,0,0,1,1
3,final_right,f32,1048576,glibc_t1,P6,2,3,1,904580.00,0.0000,0.0000,910000.0,0.0,1.000,4194304.0,0.000,0,0,4194304,1,1,0,0,1,1
3,final_right,f32,1048576,glibc_t1,FIXED_TWIN,3,0,1,687846.00,0.0000,0.0000,691000.0,0.0,1.000,4194304.0,0.000,0,0,4194304,1,0,1,0,1,1
3,final_right,f32,1048576,glibc_t1,P5,3,1,1,1038287.00,0.0000,0.0000,1042000.0,0.0,2.000,8388608.0,0.000,0,0,8388608,2,0,0,0,1,1
3,final_right,f32,1048576,glibc_t1,P6,3,2,1,903106.00,0.0000,0.0000,906000.0,0.0,1.000,4194304.0,0.000,0,0,4194304,1,1,0,0,1,1
3,final_right,f32,1048576,glibc_t1,P7,3,3,1,717257.00,0.0000,0.0000,721000.0,0.0,1.000,4194304.0,0.000,0,0,4194304,1,0,1,0,1,1
3,final_right,f32,1048576,glibc_t1,P5,4,0,1,1067390.00,0.0000,0.0000,1072000.0,0.0,2.000,8388608.0,0.000,0,0,8388608,2,0,0,0,1,1
3,final_right,f32,1048576,glibc_t1,P6,4,1,1,884068.00,0.0000,0.0000,888000.0,0.0,1.000,4194304.0,0.000,0,0,4194304,1,1,0,0,1,1
3,final_right,f32,1048576,glibc_t1,P7,4,2,1,683598.00,0.0000,0.0000,687000.0,0.0,1.000,4194304.0,0.000,0,0,4194304,1,0,1,0,1,1
3,final_right,f32,1048576,glibc_t1,FIXED_TWIN,4,3,1,720771.00,0.0000,0.0000,724000.0,0.0,1.000,4194304.0,0.000,0,0,4194304,1,0,1,0,1,1
3,final_right,f32,1048576,glibc_t1,P6,5,0,1,968932.00,0.0000,0.0000,973000.0,0.0,1.000,4194304.0,0.000,0,0,4194304,1,1,0,0,1,1
3,final_right,f32,1048576,glibc_t1,P7,5,1,1,672074.00,0.0000,0.0000,676000.0,0.0,1.000,4194304.0,0.000,0,0,4194304,1,0,1,0,1,1
3,final_right,f32,1048576,glibc_t1,FIXED_TWIN,5,2,1,664103.00,0.0000,0.0000,668000.0,0.0,1.000,4194304.0,0.000,0,0,4194304,1,0,1,0,1,1
3,final_right,f32,1048576,glibc_t1,P5,5,3,1,1158108.00,0.0000,0.0000,1162000.0,0.0,2.000,8388608.0,0.000,0,0,8388608,2,0,0,0,1,1
3,final_right,f32,1048576,glibc_t1,P7,6,0,1,686591.00,0.0000,0.0000,689000.0,0.0,1.000,4194304.0,0.000,0,0,4194304,1,0,1,0,1,1
3,final_right,f32,1048576,glibc_t1,FIXED_TWIN,6,1,1,666746.00,0.0000,0.0000,670000.0,0.0,1.000,4194304.0,0.000,0,0,4194304,1,0,1,0,1,1
3,final_right,f32,1048576,glibc_t1,P5,6,2,1,1007538.00,0.0000,0.0000,1012000.0,0.0,2.000,8388608.0,0.000,0,0,8388608,2,0,0,0,1,1
3,final_right,f32,1048576,glibc_t1,P6,6,3,1,830475.00,0.0000,0.0000,835000.0,0.0,1.000,4194304.0,0.000,0,0,4194304,1,1,0,0,1,1
3,final_right,f32,1048576,glibc_t1,FIXED_TWIN,7,0,1,682485.00,0.0000,0.0000,686000.0,0.0,1.000,4194304.0,0.000,0,0,4194304,1,0,1,0,1,1
3,final_right,f32,1048576,glibc_t1,P5,7,1,1,1027067.00,0.0000,0.0000,1030000.0,0.0,2.000,8388608.0,0.000,0,0,8388608,2,0,0,0,1,1
3,final_right,f32,1048576,glibc_t1,P6,7,2,1,866745.00,0.0000,0.0000,870000.0,0.0,1.000,4194304.0,0.000,0,0,4194304,1,1,0,0,1,1
3,final_right,f32,1048576,glibc_t1,P7,7,3,1,660345.00,0.0000,0.0000,664000.0,0.0,1.000,4194304.0,0.000,0,0,4194304,1,0,1,0,1,1
3,final_right,f32,1048576,glibc_t1,P5,8,0,1,1026315.00,0.0000,0.0000,1030000.0,0.0,2.000,8388608.0,0.000,0,0,8388608,2,0,0,0,1,1
3,final_right,f32,1048576,glibc_t1,P6,8,1,1,820952.00,0.0000,0.0000,824000.0,0.0,1.000,4194304.0,0.000,0,0,4194304,1,1,0,0,1,1
3,final_right,f32,1048576,glibc_t1,P7,8,2,1,688210.00,0.0000,0.0000,692000.0,0.0,1.000,4194304.0,0.000,0,0,4194304,1,0,1,0,1,1
3,final_right,f32,1048576,glibc_t1,FIXED_TWIN,8,3,1,653086.00,0.0000,0.0000,657000.0,0.0,1.000,4194304.0,0.000,0,0,4194304,1,0,1,0,1,1
3,final_right,f32,1048576,glibc_t1,P6,9,0,1,835781.00,0.0000,0.0000,840000.0,0.0,1.000,4194304.0,0.000,0,0,4194304,1,1,0,0,1,1
3,final_right,f32,1048576,glibc_t1,P7,9,1,1,653627.00,0.0000,0.0000,657000.0,0.0,1.000,4194304.0,0.000,0,0,4194304,1,0,1,0,1,1
3,final_right,f32,1048576,glibc_t1,FIXED_TWIN,9,2,1,661693.00,0.0000,0.0000,665000.0,0.0,1.000,4194304.0,0.000,0,0,4194304,1,0,1,0,1,1
3,final_right,f32,1048576,glibc_t1,P5,9,3,1,1088344.00,0.0000,0.0000,1083000.0,9000.0,2.000,8388608.0,0.000,0,0,8388608,2,0,0,0,1,1
3,final_right,f32,1048576,glibc_t1,P7,10,0,1,856113.00,0.0000,0.0000,847000.0,0.0,1.000,4194304.0,0.000,0,0,4194304,1,0,1,0,1,1
3,final_right,f32,1048576,glibc_t1,FIXED_TWIN,10,1,1,700505.00,0.0000,0.0000,688000.0,0.0,1.000,4194304.0,0.000,0,0,4194304,1,0,1,0,1,1
3,final_right,f32,1048576,glibc_t1,P5,10,2,1,1003862.00,0.0000,0.0000,1007000.0,0.0,2.000,8388608.0,0.000,0,0,8388608,2,0,0,0,1,1
3,final_right,f32,1048576,glibc_t1,P6,10,3,1,851325.00,0.0000,0.0000,856000.0,0.0,1.000,4194304.0,0.000,0,0,4194304,1,1,0,0,1,1
3,final_right,f32,1048576,glibc_t1,FIXED_TWIN,11,0,1,680673.00,0.0000,0.0000,684000.0,0.0,1.000,4194304.0,0.000,0,0,4194304,1,0,1,0,1,1
3,final_right,f32,1048576,glibc_t1,P5,11,1,1,1006061.00,0.0000,0.0000,1009000.0,0.0,2.000,8388608.0,0.000,0,0,8388608,2,0,0,0,1,1
3,final_right,f32,1048576,glibc_t1,P6,11,2,1,847828.00,0.0000,0.0000,850000.0,0.0,1.000,4194304.0,0.000,0,0,4194304,1,1,0,0,1,1
3,final_right,f32,1048576,glibc_t1,P7,11,3,1,703445.00,0.0000,0.0000,706000.0,0.0,1.000,4194304.0,0.000,0,0,4194304,1,0,1,0,1,1
3,final_right,f32,1048576,glibc_t1,P5,12,0,1,1010398.00,0.0000,0.0000,1013000.0,0.0,2.000,8388608.0,0.000,0,0,8388608,2,0,0,0,1,1
3,final_right,f32,1048576,glibc_t1,P6,12,1,1,856007.00,0.0000,0.0000,858000.0,0.0,1.000,4194304.0,0.000,0,0,4194304,1,1,0,0,1,1
3,final_right,f32,1048576,glibc_t1,P7,12,2,1,660115.00,0.0000,0.0000,663000.0,0.0,1.000,4194304.0,0.000,0,0,4194304,1,0,1,0,1,1
3,final_right,f32,1048576,glibc_t1,FIXED_TWIN,12,3,1,661220.00,0.0000,0.0000,663000.0,0.0,1.000,4194304.0,0.000,0,0,4194304,1,0,1,0,1,1
3,final_right,f32,1048576,glibc_t1,P6,13,0,1,818545.00,0.0000,0.0000,821000.0,0.0,1.000,4194304.0,0.000,0,0,4194304,1,1,0,0,1,1
3,final_right,f32,1048576,glibc_t1,P7,13,1,1,651657.00,0.0000,0.0000,654000.0,0.0,1.000,4194304.0,0.000,0,0,4194304,1,0,1,0,1,1
3,final_right,f32,1048576,glibc_t1,FIXED_TWIN,13,2,1,655665.00,0.0000,0.0000,658000.0,0.0,1.000,4194304.0,0.000,0,0,4194304,1,0,1,0,1,1
3,final_right,f32,1048576,glibc_t1,P5,13,3,1,1082968.00,0.0000,0.0000,1086000.0,0.0,2.000,8388608.0,0.000,0,0,8388608,2,0,0,0,1,1
3,final_right,f32,1048576,glibc_t1,P7,14,0,1,634772.00,0.0000,0.0000,638000.0,0.0,1.000,4194304.0,0.000,0,0,4194304,1,0,1,0,1,1
3,final_right,f32,1048576,glibc_t1,FIXED_TWIN,14,1,1,641780.00,0.0000,0.0000,645000.0,0.0,1.000,4194304.0,0.000,0,0,4194304,1,0,1,0,1,1
3,final_right,f32,1048576,glibc_t1,P5,14,2,1,979044.00,0.0000,0.0000,982000.0,0.0,2.000,8388608.0,0.000,0,0,8388608,2,0,0,0,1,1
3,final_right,f32,1048576,glibc_t1,P6,14,3,1,815797.00,0.0000,0.0000,819000.0,0.0,1.000,4194304.0,0.000,0,0,4194304,1,1,0,0,1,1
3,final_right,f32,4194304,glibc_t1,P5,0,0,1,5379915.00,0.0000,0.0000,5385000.0,0.0,2.000,33554432.0,0.000,0,0,33554432,2,0,0,0,1,1
3,final_right,f32,4194304,glibc_t1,P6,0,1,1,3702204.00,0.0000,0.0000,3707000.0,0.0,1.000,16777216.0,0.000,0,0,16777216,1,1,0,0,1,1
3,final_right,f32,4194304,glibc_t1,P7,0,2,1,2947620.00,0.0000,0.0000,2951000.0,0.0,1.000,16777216.0,0.000,0,0,16777216,1,0,1,0,1,1
3,final_right,f32,4194304,glibc_t1,FIXED_TWIN,0,3,1,3049236.00,0.0000,0.0000,3053000.0,0.0,1.000,16777216.0,0.000,0,0,16777216,1,0,1,0,1,1
3,final_right,f32,4194304,glibc_t1,P6,1,0,1,3786838.00,0.0000,0.0000,3790000.0,0.0,1.000,16777216.0,0.000,0,0,16777216,1,1,0,0,1,1
3,final_right,f32,4194304,glibc_t1,P7,1,1,1,2861700.00,0.0000,0.0000,2865000.0,0.0,1.000,16777216.0,0.000,0,0,16777216,1,0,1,0,1,1
3,final_right,f32,4194304,glibc_t1,FIXED_TWIN,1,2,1,2870387.00,0.0000,0.0000,2873000.0,0.0,1.000,16777216.0,0.000,0,0,16777216,1,0,1,0,1,1
3,final_right,f32,4194304,glibc_t1,P5,1,3,1,5376621.00,0.0000,0.0000,5381000.0,0.0,2.000,33554432.0,0.000,0,0,33554432,2,0,0,0,1,1
3,final_right,f32,4194304,glibc_t1,P7,2,0,1,3254513.00,0.0000,0.0000,3259000.0,0.0,1.000,16777216.0,0.000,0,0,16777216,1,0,1,0,1,1
3,final_right,f32,4194304,glibc_t1,FIXED_TWIN,2,1,1,3258877.00,0.0000,0.0000,3264000.0,0.0,1.000,16777216.0,0.000,0,0,16777216,1,0,1,0,1,1
3,final_right,f32,4194304,glibc_t1,P5,2,2,1,5203638.00,0.0000,0.0000,5207000.0,0.0,2.000,33554432.0,0.000,0,0,33554432,2,0,0,0,1,1
3,final_right,f32,4194304,glibc_t1,P6,2,3,1,3945997.00,0.0000,0.0000,3950000.0,0.0,1.000,16777216.0,0.000,0,0,16777216,1,1,0,0,1,1
3,final_right,f32,4194304,glibc_t1,FIXED_TWIN,3,0,1,3021033.00,0.0000,0.0000,3026000.0,0.0,1.000,16777216.0,0.000,0,0,16777216,1,0,1,0,1,1
3,final_right,f32,4194304,glibc_t1,P5,3,1,1,5117215.00,0.0000,0.0000,5122000.0,0.0,2.000,33554432.0,0.000,0,0,33554432,2,0,0,0,1,1
3,final_right,f32,4194304,glibc_t1,P6,3,2,1,3950014.00,0.0000,0.0000,3954000.0,0.0,1.000,16777216.0,0.000,0,0,16777216,1,1,0,0,1,1
3,final_right,f32,4194304,glibc_t1,P7,3,3,1,3096568.00,0.0000,0.0000,3099000.0,0.0,1.000,16777216.0,0.000,0,0,16777216,1,0,1,0,1,1
3,final_right,f32,4194304,glibc_t1,P5,4,0,1,5429441.00,0.0000,0.0000,5433000.0,0.0,2.000,33554432.0,0.000,0,0,33554432,2,0,0,0,1,1
3,final_right,f32,4194304,glibc_t1,P6,4,1,1,4006265.00,0.0000,0.0000,4010000.0,0.0,1.000,16777216.0,0.000,0,0,16777216,1,1,0,0,1,1
3,final_right,f32,4194304,glibc_t1,P7,4,2,1,2986376.00,0.0000,0.0000,2989000.0,0.0,1.000,16777216.0,0.000,0,0,16777216,1,0,1,0,1,1
3,final_right,f32,4194304,glibc_t1,FIXED_TWIN,4,3,1,2905012.00,0.0000,0.0000,2908000.0,0.0,1.000,16777216.0,0.000,0,0,16777216,1,0,1,0,1,1
3,final_right,f32,4194304,glibc_t1,P6,5,0,1,3637443.00,0.0000,0.0000,3640000.0,0.0,1.000,16777216.0,0.000,0,0,16777216,1,1,0,0,1,1
3,final_right,f32,4194304,glibc_t1,P7,5,1,1,2756328.00,0.0000,0.0000,2759000.0,0.0,1.000,16777216.0,0.000,0,0,16777216,1,0,1,0,1,1
3,final_right,f32,4194304,glibc_t1,FIXED_TWIN,5,2,1,2655164.00,0.0000,0.0000,2658000.0,0.0,1.000,16777216.0,0.000,0,0,16777216,1,0,1,0,1,1
3,final_right,f32,4194304,glibc_t1,P5,5,3,1,5200920.00,0.0000,0.0000,5204000.0,0.0,2.000,33554432.0,0.000,0,0,33554432,2,0,0,0,1,1
3,final_right,f32,4194304,glibc_t1,P7,6,0,1,2821815.00,0.0000,0.0000,2826000.0,0.0,1.000,16777216.0,0.000,0,0,16777216,1,0,1,0,1,1
3,final_right,f32,4194304,glibc_t1,FIXED_TWIN,6,1,1,2730936.00,0.0000,0.0000,2733000.0,0.0,1.000,16777216.0,0.000,0,0,16777216,1,0,1,0,1,1
3,final_right,f32,4194304,glibc_t1,P5,6,2,1,5141506.00,0.0000,0.0000,5144000.0,0.0,2.000,33554432.0,0.000,0,0,33554432,2,0,0,0,1,1
3,final_right,f32,4194304,glibc_t1,P6,6,3,1,3667274.00,0.0000,0.0000,3671000.0,0.0,1.000,16777216.0,0.000,0,0,16777216,1,1,0,0,1,1
3,final_right,f32,4194304,glibc_t1,FIXED_TWIN,7,0,1,2942862.00,0.0000,0.0000,2946000.0,0.0,1.000,16777216.0,0.000,0,0,16777216,1,0,1,0,1,1
3,final_right,f32,4194304,glibc_t1,P5,7,1,1,5415459.00,0.0000,0.0000,5418000.0,0.0,2.000,33554432.0,0.000,0,0,33554432,2,0,0,0,1,1
3,final_right,f32,4194304,glibc_t1,P6,7,2,1,4379034.00,0.0000,0.0000,4383000.0,0.0,1.000,16777216.0,0.000,0,0,16777216,1,1,0,0,1,1
3,final_right,f32,4194304,glibc_t1,P7,7,3,1,3343290.00,0.0000,0.0000,3336000.0,0.0,1.000,16777216.0,0.000,0,0,16777216,1,0,1,0,1,1
3,final_right,f32,4194304,glibc_t1,P5,8,0,1,5679348.00,0.0000,0.0000,5683000.0,0.0,2.000,33554432.0,0.000,0,0,33554432,2,0,0,0,1,1
3,final_right,f32,4194304,glibc_t1,P6,8,1,1,4298876.00,0.0000,0.0000,4303000.0,0.0,1.000,16777216.0,0.000,0,0,16777216,1,1,0,0,1,1
3,final_right,f32,4194304,glibc_t1,P7,8,2,1,3414634.00,0.0000,0.0000,3419000.0,0.0,1.000,16777216.0,0.000,0,0,16777216,1,0,1,0,1,1
3,final_right,f32,4194304,glibc_t1,FIXED_TWIN,8,3,1,3296230.00,0.0000,0.0000,3300000.0,0.0,1.000,16777216.0,0.000,0,0,16777216,1,0,1,0,1,1
3,final_right,f32,4194304,glibc_t1,P6,9,0,1,4124708.00,0.0000,0.0000,4128000.0,0.0,1.000,16777216.0,0.000,0,0,16777216,1,1,0,0,1,1
3,final_right,f32,4194304,glibc_t1,P7,9,1,1,3139308.00,0.0000,0.0000,3143000.0,0.0,1.000,16777216.0,0.000,0,0,16777216,1,0,1,0,1,1
3,final_right,f32,4194304,glibc_t1,FIXED_TWIN,9,2,1,2941757.00,0.0000,0.0000,2946000.0,0.0,1.000,16777216.0,0.000,0,0,16777216,1,0,1,0,1,1
3,final_right,f32,4194304,glibc_t1,P5,9,3,1,5296160.00,0.0000,0.0000,5300000.0,0.0,2.000,33554432.0,0.000,0,0,33554432,2,0,0,0,1,1
3,final_right,f32,4194304,glibc_t1,P7,10,0,1,2871283.00,0.0000,0.0000,2874000.0,0.0,1.000,16777216.0,0.000,0,0,16777216,1,0,1,0,1,1
3,final_right,f32,4194304,glibc_t1,FIXED_TWIN,10,1,1,2758620.00,0.0000,0.0000,2761000.0,0.0,1.000,16777216.0,0.000,0,0,16777216,1,0,1,0,1,1
3,final_right,f32,4194304,glibc_t1,P5,10,2,1,4928169.00,0.0000,0.0000,4932000.0,0.0,2.000,33554432.0,0.000,0,0,33554432,2,0,0,0,1,1
3,final_right,f32,4194304,glibc_t1,P6,10,3,1,3497759.00,0.0000,0.0000,3501000.0,0.0,1.000,16777216.0,0.000,0,0,16777216,1,1,0,0,1,1
3,final_right,f32,4194304,glibc_t1,FIXED_TWIN,11,0,1,2797180.00,0.0000,0.0000,2800000.0,0.0,1.000,16777216.0,0.000,0,0,16777216,1,0,1,0,1,1
3,final_right,f32,4194304,glibc_t1,P5,11,1,1,5046111.00,0.0000,0.0000,5049000.0,0.0,2.000,33554432.0,0.000,0,0,33554432,2,0,0,0,1,1
3,final_right,f32,4194304,glibc_t1,P6,11,2,1,3667196.00,0.0000,0.0000,3671000.0,0.0,1.000,16777216.0,0.000,0,0,16777216,1,1,0,0,1,1
3,final_right,f32,4194304,glibc_t1,P7,11,3,1,2840489.00,0.0000,0.0000,2844000.0,0.0,1.000,16777216.0,0.000,0,0,16777216,1,0,1,0,1,1
3,final_right,f32,4194304,glibc_t1,P5,12,0,1,5190218.00,0.0000,0.0000,5194000.0,0.0,2.000,33554432.0,0.000,0,0,33554432,2,0,0,0,1,1
3,final_right,f32,4194304,glibc_t1,P6,12,1,1,3678516.00,0.0000,0.0000,3682000.0,0.0,1.000,16777216.0,0.000,0,0,16777216,1,1,0,0,1,1
3,final_right,f32,4194304,glibc_t1,P7,12,2,1,2822148.00,0.0000,0.0000,2825000.0,0.0,1.000,16777216.0,0.000,0,0,16777216,1,0,1,0,1,1
3,final_right,f32,4194304,glibc_t1,FIXED_TWIN,12,3,1,2721513.00,0.0000,0.0000,2725000.0,0.0,1.000,16777216.0,0.000,0,0,16777216,1,0,1,0,1,1
3,final_right,f32,4194304,glibc_t1,P6,13,0,1,3459049.00,0.0000,0.0000,3462000.0,0.0,1.000,16777216.0,0.000,0,0,16777216,1,1,0,0,1,1
3,final_right,f32,4194304,glibc_t1,P7,13,1,1,2693797.00,0.0000,0.0000,2696000.0,0.0,1.000,16777216.0,0.000,0,0,16777216,1,0,1,0,1,1
3,final_right,f32,4194304,glibc_t1,FIXED_TWIN,13,2,1,2676075.00,0.0000,0.0000,2679000.0,0.0,1.000,16777216.0,0.000,0,0,16777216,1,0,1,0,1,1
3,final_right,f32,4194304,glibc_t1,P5,13,3,1,5167137.00,0.0000,0.0000,5171000.0,0.0,2.000,33554432.0,0.000,0,0,33554432,2,0,0,0,1,1
3,final_right,f32,4194304,glibc_t1,P7,14,0,1,2815246.00,0.0000,0.0000,2819000.0,0.0,1.000,16777216.0,0.000,0,0,16777216,1,0,1,0,1,1
3,final_right,f32,4194304,glibc_t1,FIXED_TWIN,14,1,1,2744352.00,0.0000,0.0000,2747000.0,0.0,1.000,16777216.0,0.000,0,0,16777216,1,0,1,0,1,1
3,final_right,f32,4194304,glibc_t1,P5,14,2,1,5345481.00,0.0000,0.0000,5349000.0,0.0,2.000,33554432.0,0.000,0,0,33554432,2,0,0,0,1,1
3,final_right,f32,4194304,glibc_t1,P6,14,3,1,4079103.00,0.0000,0.0000,4083000.0,0.0,1.000,16777216.0,0.000,0,0,16777216,1,1,0,0,1,1
3,final_right,f32,16777216,glibc_t1,P5,0,0,1,79403294.00,32770.0000,0.0000,19695000.0,59664000.0,2.000,134217728.0,0.000,0,0,134217728,2,0,0,0,1,1
3,final_right,f32,16777216,glibc_t1,P6,0,1,1,49740997.00,16385.0000,0.0000,18826000.0,30920000.0,1.000,67108864.0,0.000,0,0,67108864,1,1,0,0,1,1
3,final_right,f32,16777216,glibc_t1,P7,0,2,1,42524905.00,16385.0000,0.0000,9320000.0,33210000.0,1.000,67108864.0,0.000,0,0,67108864,1,0,1,0,1,1
3,final_right,f32,16777216,glibc_t1,FIXED_TWIN,0,3,1,42829311.00,16385.0000,0.0000,11394000.0,31440000.0,1.000,67108864.0,0.000,0,0,67108864,1,0,1,0,1,1
3,final_right,f32,16777216,glibc_t1,P6,1,0,1,49581479.00,16385.0000,0.0000,24827000.0,24760000.0,1.000,67108864.0,0.000,0,0,67108864,1,1,0,0,1,1
3,final_right,f32,16777216,glibc_t1,P7,1,1,1,42433666.00,16385.0000,0.0000,23187000.0,19254000.0,1.000,67108864.0,0.000,0,0,67108864,1,0,1,0,1,1
3,final_right,f32,16777216,glibc_t1,FIXED_TWIN,1,2,1,43450631.00,16385.0000,0.0000,11717000.0,31738000.0,1.000,67108864.0,0.000,0,0,67108864,1,0,1,0,1,1
3,final_right,f32,16777216,glibc_t1,P5,1,3,1,77984625.00,32770.0000,0.0000,25038000.0,52951000.0,2.000,134217728.0,0.000,0,0,134217728,2,0,0,0,1,1
3,final_right,f32,16777216,glibc_t1,P7,2,0,1,42550221.00,16385.0000,0.0000,11250000.0,31307000.0,1.000,67108864.0,0.000,0,0,67108864,1,0,1,0,1,1
3,final_right,f32,16777216,glibc_t1,FIXED_TWIN,2,1,1,42505859.00,16385.0000,0.0000,9308000.0,33203000.0,1.000,67108864.0,0.000,0,0,67108864,1,0,1,0,1,1
3,final_right,f32,16777216,glibc_t1,P5,2,2,1,78458043.00,32770.0000,0.0000,7205000.0,71259000.0,2.000,134217728.0,0.000,0,0,134217728,2,0,0,0,1,1
3,final_right,f32,16777216,glibc_t1,P6,2,3,1,48671674.00,16385.0000,0.0000,22272000.0,26405000.0,1.000,67108864.0,0.000,0,0,67108864,1,1,0,0,1,1
3,final_right,f32,16777216,glibc_t1,FIXED_TWIN,3,0,1,43141698.00,16385.0000,0.0000,11552000.0,31541000.0,1.000,67108864.0,0.000,0,0,67108864,1,0,1,0,1,1
3,final_right,f32,16777216,glibc_t1,P5,3,1,1,78506556.00,32770.0000,0.0000,23228000.0,55245000.0,2.000,134217728.0,0.000,0,0,134217728,2,0,0,0,1,1
3,final_right,f32,16777216,glibc_t1,P6,3,2,1,49534037.00,16385.0000,0.0000,26720000.0,22819000.0,1.000,67108864.0,0.000,0,0,67108864,1,1,0,0,1,1
3,final_right,f32,16777216,glibc_t1,P7,3,3,1,42516885.00,16385.0000,0.0000,27230000.0,15292000.0,1.000,67108864.0,0.000,0,0,67108864,1,0,1,0,1,1
3,final_right,f32,16777216,glibc_t1,P5,4,0,1,78102947.00,32770.0000,0.0000,41064000.0,37020000.0,2.000,134217728.0,0.000,0,0,134217728,2,0,0,0,1,1
3,final_right,f32,16777216,glibc_t1,P6,4,1,1,48516244.00,16385.0000,0.0000,16272000.0,32249000.0,1.000,67108864.0,0.000,0,0,67108864,1,1,0,0,1,1
3,final_right,f32,16777216,glibc_t1,P7,4,2,1,42757725.00,16385.0000,0.0000,11359000.0,31405000.0,1.000,67108864.0,0.000,0,0,67108864,1,0,1,0,1,1
3,final_right,f32,16777216,glibc_t1,FIXED_TWIN,4,3,1,42352322.00,16385.0000,0.0000,9203000.0,33109000.0,1.000,67108864.0,0.000,0,0,67108864,1,0,1,0,1,1
3,final_right,f32,16777216,glibc_t1,P6,5,0,1,49890973.00,16385.0000,0.0000,16987000.0,32909000.0,1.000,67108864.0,0.000,0,0,67108864,1,1,0,0,1,1
3,final_right,f32,16777216,glibc_t1,P7,5,1,1,42627916.00,16385.0000,0.0000,15291000.0,27302000.0,1.000,67108864.0,0.000,0,0,67108864,1,0,1,0,1,1
3,final_right,f32,16777216,glibc_t1,FIXED_TWIN,5,2,1,42514282.00,16385.0000,0.0000,17310000.0,25209000.0,1.000,67108864.0,0.000,0,0,67108864,1,0,1,0,1,1
3,final_right,f32,16777216,glibc_t1,P5,5,3,1,77586791.00,32770.0000,0.0000,38749000.0,38802000.0,2.000,134217728.0,0.000,0,0,134217728,2,0,0,0,1,1
3,final_right,f32,16777216,glibc_t1,P7,6,0,1,42321232.00,16385.0000,0.0000,15130000.0,27196000.0,1.000,67108864.0,0.000,0,0,67108864,1,0,1,0,1,1
3,final_right,f32,16777216,glibc_t1,FIXED_TWIN,6,1,1,42239179.00,16385.0000,0.0000,31085000.0,11159000.0,1.000,67108864.0,0.000,0,0,67108864,1,0,1,0,1,1
3,final_right,f32,16777216,glibc_t1,P5,6,2,1,77600636.00,32770.0000,0.0000,26752000.0,50796000.0,2.000,134217728.0,0.000,0,0,134217728,2,0,0,0,1,1
3,final_right,f32,16777216,glibc_t1,P6,6,3,1,49411937.00,16385.0000,0.0000,18659000.0,30728000.0,1.000,67108864.0,0.000,0,0,67108864,1,1,0,0,1,1
3,final_right,f32,16777216,glibc_t1,FIXED_TWIN,7,0,1,42771624.00,16385.0000,0.0000,13407000.0,29333000.0,1.000,67108864.0,0.000,0,0,67108864,1,0,1,0,1,1
3,final_right,f32,16777216,glibc_t1,P5,7,1,1,78347756.00,32770.0000,0.0000,27146000.0,51207000.0,2.000,134217728.0,0.000,0,0,134217728,2,0,0,0,1,1
3,final_right,f32,16777216,glibc_t1,P6,7,2,1,50092903.00,16385.0000,0.0000,25050000.0,25008000.0,1.000,67108864.0,0.000,0,0,67108864,1,1,0,0,1,1
3,final_right,f32,16777216,glibc_t1,P7,7,3,1,42177592.00,16385.0000,0.0000,23064000.0,19133000.0,1.000,67108864.0,0.000,0,0,67108864,1,0,1,0,1,1
3,final_right,f32,16777216,glibc_t1,P5,8,0,1,78372580.00,32770.0000,0.0000,25236000.0,53105000.0,2.000,134217728.0,0.000,0,0,134217728,2,0,0,0,1,1
3,final_right,f32,16777216,glibc_t1,P6,8,1,1,48659728.00,16385.0000,0.0000,20346000.0,28320000.0,1.000,67108864.0,0.000,0,0,67108864,1,1,0,0,1,1
3,final_right,f32,16777216,glibc_t1,P7,8,2,1,43131118.00,16385.0000,0.0000,11553000.0,31584000.0,1.000,67108864.0,0.000,0,0,67108864,1,0,1,0,1,1
3,final_right,f32,16777216,glibc_t1,FIXED_TWIN,8,3,1,42036465.00,16385.0000,0.0000,9061000.0,32980000.0,1.000,67108864.0,0.000,0,0,67108864,1,0,1,0,1,1
3,final_right,f32,16777216,glibc_t1,P6,9,0,1,48457358.00,16385.0000,0.0000,24235000.0,24217000.0,1.000,67108864.0,0.000,0,0,67108864,1,1,0,0,1,1
3,final_right,f32,16777216,glibc_t1,P7,9,1,1,42843734.00,16385.0000,0.0000,19403000.0,23402000.0,1.000,67108864.0,0.000,0,0,67108864,1,0,1,0,1,1
3,final_right,f32,16777216,glibc_t1,FIXED_TWIN,9,2,1,42495029.00,16385.0000,0.0000,11223000.0,31278000.0,1.000,67108864.0,0.000,0,0,67108864,1,0,1,0,1,1
3,final_right,f32,16777216,glibc_t1,P5,9,3,1,77556660.00,32770.0000,0.0000,22737000.0,54792000.0,2.000,134217728.0,0.000,0,0,134217728,2,0,0,0,1,1
3,final_right,f32,16777216,glibc_t1,P7,10,0,1,42715490.00,16385.0000,0.0000,3338000.0,39350000.0,1.000,67108864.0,0.000,0,0,67108864,1,0,1,0,1,1
3,final_right,f32,16777216,glibc_t1,FIXED_TWIN,10,1,1,41859358.00,16385.0000,0.0000,18893000.0,22971000.0,1.000,67108864.0,0.000,0,0,67108864,1,0,1,0,1,1
3,final_right,f32,16777216,glibc_t1,P5,10,2,1,77555524.00,32770.0000,0.0000,14738000.0,62779000.0,2.000,134217728.0,0.000,0,0,134217728,2,0,0,0,1,1
3,final_right,f32,16777216,glibc_t1,P6,10,3,1,48373751.00,16385.0000,0.0000,28196000.0,20183000.0,1.000,67108864.0,0.000,0,0,67108864,1,1,0,0,1,1
3,final_right,f32,16777216,glibc_t1,FIXED_TWIN,11,0,1,42124895.00,16385.0000,0.0000,9104000.0,33026000.0,1.000,67108864.0,0.000,0,0,67108864,1,0,1,0,1,1
3,final_right,f32,16777216,glibc_t1,P5,11,1,1,77843908.00,32770.0000,0.0000,24959000.0,52889000.0,2.000,134217728.0,0.000,0,0,134217728,2,0,0,0,1,1
3,final_right,f32,16777216,glibc_t1,P6,11,2,1,48501133.00,16385.0000,0.0000,24262000.0,24245000.0,1.000,67108864.0,0.000,0,0,67108864,1,1,0,0,1,1
3,final_right,f32,16777216,glibc_t1,P7,11,3,1,42494267.00,16385.0000,0.0000,13296000.0,29204000.0,1.000,67108864.0,0.000,0,0,67108864,1,0,1,0,1,1
3,final_right,f32,16777216,glibc_t1,P5,12,0,1,77707731.00,32770.0000,0.0000,26818000.0,50895000.0,2.000,134217728.0,0.000,0,0,134217728,2,0,0,0,1,1
3,final_right,f32,16777216,glibc_t1,P6,12,1,1,50065609.00,16385.0000,0.0000,29071000.0,20999000.0,1.000,67108864.0,0.000,0,0,67108864,1,1,0,0,1,1
3,final_right,f32,16777216,glibc_t1,P7,12,2,1,43562807.00,16385.0000,0.0000,15777000.0,27791000.0,1.000,67108864.0,0.000,0,0,67108864,1,0,1,0,1,1
3,final_right,f32,16777216,glibc_t1,FIXED_TWIN,12,3,1,43112367.00,16385.0000,0.0000,31541000.0,11546000.0,1.000,67108864.0,0.000,0,0,67108864,1,0,1,0,1,1
3,final_right,f32,16777216,glibc_t1,P6,13,0,1,49960168.00,16385.0000,0.0000,34944000.0,15022000.0,1.000,67108864.0,0.000,0,0,67108864,1,1,0,0,1,1
3,final_right,f32,16777216,glibc_t1,P7,13,1,1,42840402.00,16385.0000,0.0000,9477000.0,33369000.0,1.000,67108864.0,0.000,0,0,67108864,1,0,1,0,1,1
3,final_right,f32,16777216,glibc_t1,FIXED_TWIN,13,2,1,42579739.00,16385.0000,0.0000,23266000.0,19319000.0,1.000,67108864.0,0.000,0,0,67108864,1,0,1,0,1,1
3,final_right,f32,16777216,glibc_t1,P5,13,3,1,78048517.00,32770.0000,0.0000,13056000.0,64866000.0,2.000,134217728.0,0.000,0,0,134217728,2,0,0,0,1,1
3,final_right,f32,16777216,glibc_t1,P7,14,0,1,43051655.00,16385.0000,0.0000,23512000.0,19546000.0,1.000,67108864.0,0.000,0,0,67108864,1,0,1,0,1,1
3,final_right,f32,16777216,glibc_t1,FIXED_TWIN,14,1,1,42611418.00,16385.0000,0.0000,7285000.0,35331000.0,1.000,67108864.0,0.000,0,0,67108864,1,0,1,0,1,1
3,final_right,f32,16777216,glibc_t1,P5,14,2,1,76940732.00,32770.0000,0.0000,28491000.0,48455000.0,2.000,134217728.0,0.000,0,0,134217728,2,0,0,0,1,1
3,final_right,f32,16777216,glibc_t1,P6,14,3,1,49025104.00,16385.0000,0.0000,20534000.0,28496000.0,1.000,67108864.0,0.000,0,0,67108864,1,1,0,0,1,1
3,inter_out,f32,64,glibc_t1,P5,0,0,1000,355.66,0.0000,0.0000,185.0,173.0,3.000,768.0,0.000,0,0,512256,2,0,0,1,1,1
3,inter_out,f32,64,glibc_t1,P6,0,1,1000,341.41,0.0000,0.0000,177.0,165.0,2.000,512.0,0.000,0,0,512000,1,1,0,1,1,1
3,inter_out,f32,64,glibc_t1,FIXED_TWIN,0,2,1000,381.09,0.0000,0.0000,382.0,0.0,2.000,512.0,0.000,0,0,512000,1,1,0,1,1,1
3,inter_out,f32,64,glibc_t1,P6,1,0,1000,335.44,0.0000,0.0000,336.0,0.0,2.000,512.0,0.000,0,0,512000,1,1,0,1,1,1
3,inter_out,f32,64,glibc_t1,FIXED_TWIN,1,1,1000,341.71,0.0000,0.0000,343.0,0.0,2.000,512.0,0.000,0,0,512000,1,1,0,1,1,1
3,inter_out,f32,64,glibc_t1,P5,1,2,1000,347.00,0.0000,0.0000,348.0,0.0,3.000,768.0,0.000,0,0,512256,2,0,0,1,1,1
3,inter_out,f32,64,glibc_t1,FIXED_TWIN,2,0,1000,366.59,0.0000,0.0000,368.0,0.0,2.000,512.0,0.000,0,0,512000,1,1,0,1,1,1
3,inter_out,f32,64,glibc_t1,P5,2,1,1000,348.28,0.0000,0.0000,349.0,0.0,3.000,768.0,0.000,0,0,512256,2,0,0,1,1,1
3,inter_out,f32,64,glibc_t1,P6,2,2,1000,333.56,0.0000,0.0000,335.0,0.0,2.000,512.0,0.000,0,0,512000,1,1,0,1,1,1
3,inter_out,f32,64,glibc_t1,P5,3,0,1000,358.01,0.0000,0.0000,358.0,0.0,3.000,768.0,0.000,0,0,512256,2,0,0,1,1,1
3,inter_out,f32,64,glibc_t1,P6,3,1,1000,405.36,0.0000,0.0000,406.0,0.0,2.000,512.0,0.000,0,0,512000,1,1,0,1,1,1
3,inter_out,f32,64,glibc_t1,FIXED_TWIN,3,2,1000,346.31,0.0000,0.0000,347.0,0.0,2.000,512.0,0.000,0,0,512000,1,1,0,1,1,1
3,inter_out,f32,64,glibc_t1,P6,4,0,1000,343.69,0.0000,0.0000,344.0,0.0,2.000,512.0,0.000,0,0,512000,1,1,0,1,1,1
3,inter_out,f32,64,glibc_t1,FIXED_TWIN,4,1,1000,336.47,0.0000,0.0000,338.0,0.0,2.000,512.0,0.000,0,0,512000,1,1,0,1,1,1
3,inter_out,f32,64,glibc_t1,P5,4,2,1000,394.38,0.0000,0.0000,395.0,0.0,3.000,768.0,0.000,0,0,512256,2,0,0,1,1,1
3,inter_out,f32,64,glibc_t1,FIXED_TWIN,5,0,1000,348.80,0.0000,0.0000,350.0,0.0,2.000,512.0,0.000,0,0,512000,1,1,0,1,1,1
3,inter_out,f32,64,glibc_t1,P5,5,1,1000,364.27,0.0000,0.0000,365.0,0.0,3.000,768.0,0.000,0,0,512256,2,0,0,1,1,1
3,inter_out,f32,64,glibc_t1,P6,5,2,1000,347.35,0.0000,0.0000,348.0,0.0,2.000,512.0,0.000,0,0,512000,1,1,0,1,1,1
3,inter_out,f32,64,glibc_t1,P5,6,0,1000,376.33,0.0000,0.0000,377.0,0.0,3.000,768.0,0.000,0,0,512256,2,0,0,1,1,1
3,inter_out,f32,64,glibc_t1,P6,6,1,1000,346.91,0.0000,0.0000,348.0,0.0,2.000,512.0,0.000,0,0,512000,1,1,0,1,1,1
3,inter_out,f32,64,glibc_t1,FIXED_TWIN,6,2,1000,344.70,0.0000,0.0000,345.0,0.0,2.000,512.0,0.000,0,0,512000,1,1,0,1,1,1
3,inter_out,f32,64,glibc_t1,P6,7,0,1000,349.08,0.0000,0.0000,350.0,0.0,2.000,512.0,0.000,0,0,512000,1,1,0,1,1,1
3,inter_out,f32,64,glibc_t1,FIXED_TWIN,7,1,1000,349.58,0.0000,0.0000,350.0,0.0,2.000,512.0,0.000,0,0,512000,1,1,0,1,1,1
3,inter_out,f32,64,glibc_t1,P5,7,2,1000,364.19,0.0000,0.0000,364.0,0.0,3.000,768.0,0.000,0,0,512256,2,0,0,1,1,1
3,inter_out,f32,64,glibc_t1,FIXED_TWIN,8,0,1000,346.96,0.0000,0.0000,347.0,0.0,2.000,512.0,0.000,0,0,512000,1,1,0,1,1,1
3,inter_out,f32,64,glibc_t1,P5,8,1,1000,367.77,0.0000,0.0000,368.0,0.0,3.000,768.0,0.000,0,0,512256,2,0,0,1,1,1
3,inter_out,f32,64,glibc_t1,P6,8,2,1000,352.56,0.0000,0.0000,353.0,0.0,2.000,512.0,0.000,0,0,512000,1,1,0,1,1,1
3,inter_out,f32,64,glibc_t1,P5,9,0,1000,366.65,0.0000,0.0000,367.0,0.0,3.000,768.0,0.000,0,0,512256,2,0,0,1,1,1
3,inter_out,f32,64,glibc_t1,P6,9,1,1000,347.82,0.0000,0.0000,349.0,0.0,2.000,512.0,0.000,0,0,512000,1,1,0,1,1,1
3,inter_out,f32,64,glibc_t1,FIXED_TWIN,9,2,1000,348.72,0.0000,0.0000,350.0,0.0,2.000,512.0,0.000,0,0,512000,1,1,0,1,1,1
3,inter_out,f32,64,glibc_t1,P6,10,0,1000,349.59,0.0000,0.0000,351.0,0.0,2.000,512.0,0.000,0,0,512000,1,1,0,1,1,1
3,inter_out,f32,64,glibc_t1,FIXED_TWIN,10,1,1000,350.33,0.0000,0.0000,351.0,0.0,2.000,512.0,0.000,0,0,512000,1,1,0,1,1,1
3,inter_out,f32,64,glibc_t1,P5,10,2,1000,362.37,0.0000,0.0000,363.0,0.0,3.000,768.0,0.000,0,0,512256,2,0,0,1,1,1
3,inter_out,f32,64,glibc_t1,FIXED_TWIN,11,0,1000,345.53,0.0000,0.0000,346.0,0.0,2.000,512.0,0.000,0,0,512000,1,1,0,1,1,1
3,inter_out,f32,64,glibc_t1,P5,11,1,1000,368.64,0.0000,0.0000,369.0,0.0,3.000,768.0,0.000,0,0,512256,2,0,0,1,1,1
3,inter_out,f32,64,glibc_t1,P6,11,2,1000,346.69,0.0000,0.0000,347.0,0.0,2.000,512.0,0.000,0,0,512000,1,1,0,1,1,1
3,inter_out,f32,64,glibc_t1,P5,12,0,1000,371.56,0.0000,0.0000,373.0,0.0,3.000,768.0,0.000,0,0,512256,2,0,0,1,1,1
3,inter_out,f32,64,glibc_t1,P6,12,1,1000,348.58,0.0000,0.0000,349.0,0.0,2.000,512.0,0.000,0,0,512000,1,1,0,1,1,1
3,inter_out,f32,64,glibc_t1,FIXED_TWIN,12,2,1000,353.50,0.0000,0.0000,354.0,0.0,2.000,512.0,0.000,0,0,512000,1,1,0,1,1,1
3,inter_out,f32,64,glibc_t1,P6,13,0,1000,352.19,0.0000,0.0000,353.0,0.0,2.000,512.0,0.000,0,0,512000,1,1,0,1,1,1
3,inter_out,f32,64,glibc_t1,FIXED_TWIN,13,1,1000,346.46,0.0000,0.0000,347.0,0.0,2.000,512.0,0.000,0,0,512000,1,1,0,1,1,1
3,inter_out,f32,64,glibc_t1,P5,13,2,1000,360.60,0.0000,0.0000,361.0,0.0,3.000,768.0,0.000,0,0,512256,2,0,0,1,1,1
3,inter_out,f32,64,glibc_t1,FIXED_TWIN,14,0,1000,412.68,0.0000,0.0000,419.0,0.0,2.000,512.0,0.000,0,0,512000,1,1,0,1,1,1
3,inter_out,f32,64,glibc_t1,P5,14,1,1000,370.50,0.0000,0.0000,372.0,0.0,3.000,768.0,0.000,0,0,512256,2,0,0,1,1,1
3,inter_out,f32,64,glibc_t1,P6,14,2,1000,344.40,0.0000,0.0000,345.0,0.0,2.000,512.0,0.000,0,0,512000,1,1,0,1,1,1
3,inter_out,f32,1024,glibc_t1,P5,0,0,1000,832.92,0.0000,0.0000,837.0,0.0,3.000,12288.0,0.000,0,0,8196096,2,0,0,1,1,1
3,inter_out,f32,1024,glibc_t1,P6,0,1,1000,811.28,0.0000,0.0000,815.0,0.0,2.000,8192.0,0.000,0,0,8192000,1,1,0,1,1,1
3,inter_out,f32,1024,glibc_t1,FIXED_TWIN,0,2,1000,823.50,0.0000,0.0000,826.0,0.0,2.000,8192.0,0.000,0,0,8192000,1,1,0,1,1,1
3,inter_out,f32,1024,glibc_t1,P6,1,0,1000,769.30,0.0000,0.0000,772.0,0.0,2.000,8192.0,0.000,0,0,8192000,1,1,0,1,1,1
3,inter_out,f32,1024,glibc_t1,FIXED_TWIN,1,1,1000,811.15,0.0000,0.0000,815.0,0.0,2.000,8192.0,0.000,0,0,8192000,1,1,0,1,1,1
3,inter_out,f32,1024,glibc_t1,P5,1,2,1000,823.54,0.0000,0.0000,827.0,0.0,3.000,12288.0,0.000,0,0,8196096,2,0,0,1,1,1
3,inter_out,f32,1024,glibc_t1,FIXED_TWIN,2,0,1000,799.93,0.0000,0.0000,803.0,0.0,2.000,8192.0,0.000,0,0,8192000,1,1,0,1,1,1
3,inter_out,f32,1024,glibc_t1,P5,2,1,1000,860.85,0.0000,0.0000,864.0,0.0,3.000,12288.0,0.000,0,0,8196096,2,0,0,1,1,1
3,inter_out,f32,1024,glibc_t1,P6,2,2,1000,779.15,0.0000,0.0000,783.0,0.0,2.000,8192.0,0.000,0,0,8192000,1,1,0,1,1,1
3,inter_out,f32,1024,glibc_t1,P5,3,0,1000,788.44,0.0000,0.0000,791.0,0.0,3.000,12288.0,0.000,0,0,8196096,2,0,0,1,1,1
3,inter_out,f32,1024,glibc_t1,P6,3,1,1000,790.63,0.0000,0.0000,796.0,0.0,2.000,8192.0,0.000,0,0,8192000,1,1,0,1,1,1
3,inter_out,f32,1024,glibc_t1,FIXED_TWIN,3,2,1000,807.17,0.0000,0.0000,811.0,0.0,2.000,8192.0,0.000,0,0,8192000,1,1,0,1,1,1
3,inter_out,f32,1024,glibc_t1,P6,4,0,1000,828.91,0.0000,0.0000,832.0,0.0,2.000,8192.0,0.000,0,0,8192000,1,1,0,1,1,1
3,inter_out,f32,1024,glibc_t1,FIXED_TWIN,4,1,1000,778.78,0.0000,0.0000,783.0,0.0,2.000,8192.0,0.000,0,0,8192000,1,1,0,1,1,1
3,inter_out,f32,1024,glibc_t1,P5,4,2,1000,796.26,0.0000,0.0000,800.0,0.0,3.000,12288.0,0.000,0,0,8196096,2,0,0,1,1,1
3,inter_out,f32,1024,glibc_t1,FIXED_TWIN,5,0,1000,820.27,0.0000,0.0000,823.0,0.0,2.000,8192.0,0.000,0,0,8192000,1,1,0,1,1,1
3,inter_out,f32,1024,glibc_t1,P5,5,1,1000,817.35,0.0000,0.0000,820.0,0.0,3.000,12288.0,0.000,0,0,8196096,2,0,0,1,1,1
3,inter_out,f32,1024,glibc_t1,P6,5,2,1000,824.73,0.0000,0.0000,828.0,0.0,2.000,8192.0,0.000,0,0,8192000,1,1,0,1,1,1
3,inter_out,f32,1024,glibc_t1,P5,6,0,1000,823.52,0.0000,0.0000,827.0,0.0,3.000,12288.0,0.000,0,0,8196096,2,0,0,1,1,1
3,inter_out,f32,1024,glibc_t1,P6,6,1,1000,765.83,0.0000,0.0000,769.0,0.0,2.000,8192.0,0.000,0,0,8192000,1,1,0,1,1,1
3,inter_out,f32,1024,glibc_t1,FIXED_TWIN,6,2,1000,798.05,0.0000,0.0000,802.0,0.0,2.000,8192.0,0.000,0,0,8192000,1,1,0,1,1,1
3,inter_out,f32,1024,glibc_t1,P6,7,0,1000,804.30,0.0000,0.0000,809.0,0.0,2.000,8192.0,0.000,0,0,8192000,1,1,0,1,1,1
3,inter_out,f32,1024,glibc_t1,FIXED_TWIN,7,1,1000,814.63,0.0000,0.0000,818.0,0.0,2.000,8192.0,0.000,0,0,8192000,1,1,0,1,1,1
3,inter_out,f32,1024,glibc_t1,P5,7,2,1000,863.11,0.0000,0.0000,867.0,0.0,3.000,12288.0,0.000,0,0,8196096,2,0,0,1,1,1
3,inter_out,f32,1024,glibc_t1,FIXED_TWIN,8,0,1000,778.41,0.0000,0.0000,781.0,0.0,2.000,8192.0,0.000,0,0,8192000,1,1,0,1,1,1
3,inter_out,f32,1024,glibc_t1,P5,8,1,1000,786.25,0.0000,0.0000,790.0,0.0,3.000,12288.0,0.000,0,0,8196096,2,0,0,1,1,1
3,inter_out,f32,1024,glibc_t1,P6,8,2,1000,791.87,0.0000,0.0000,789.0,7.0,2.000,8192.0,0.000,0,0,8192000,1,1,0,1,1,1
3,inter_out,f32,1024,glibc_t1,P5,9,0,1000,836.62,0.0000,0.0000,840.0,0.0,3.000,12288.0,0.000,0,0,8196096,2,0,0,1,1,1
3,inter_out,f32,1024,glibc_t1,P6,9,1,1000,817.96,0.0000,0.0000,821.0,0.0,2.000,8192.0,0.000,0,0,8192000,1,1,0,1,1,1
3,inter_out,f32,1024,glibc_t1,FIXED_TWIN,9,2,1000,822.23,0.0000,0.0000,826.0,0.0,2.000,8192.0,0.000,0,0,8192000,1,1,0,1,1,1
3,inter_out,f32,1024,glibc_t1,P6,10,0,1000,783.09,0.0000,0.0000,786.0,0.0,2.000,8192.0,0.000,0,0,8192000,1,1,0,1,1,1
3,inter_out,f32,1024,glibc_t1,FIXED_TWIN,10,1,1000,813.13,0.0000,0.0000,816.0,0.0,2.000,8192.0,0.000,0,0,8192000,1,1,0,1,1,1
3,inter_out,f32,1024,glibc_t1,P5,10,2,1000,824.21,0.0000,0.0000,828.0,0.0,3.000,12288.0,0.000,0,0,8196096,2,0,0,1,1,1
3,inter_out,f32,1024,glibc_t1,FIXED_TWIN,11,0,1000,803.12,0.0000,0.0000,807.0,0.0,2.000,8192.0,0.000,0,0,8192000,1,1,0,1,1,1
3,inter_out,f32,1024,glibc_t1,P5,11,1,1000,853.13,0.0000,0.0000,856.0,0.0,3.000,12288.0,0.000,0,0,8196096,2,0,0,1,1,1
3,inter_out,f32,1024,glibc_t1,P6,11,2,1000,812.49,0.0000,0.0000,816.0,0.0,2.000,8192.0,0.000,0,0,8192000,1,1,0,1,1,1
3,inter_out,f32,1024,glibc_t1,P5,12,0,1000,856.29,0.0000,0.0000,860.0,0.0,3.000,12288.0,0.000,0,0,8196096,2,0,0,1,1,1
3,inter_out,f32,1024,glibc_t1,P6,12,1,1000,768.07,0.0000,0.0000,777.0,0.0,2.000,8192.0,0.000,0,0,8192000,1,1,0,1,1,1
3,inter_out,f32,1024,glibc_t1,FIXED_TWIN,12,2,1000,802.73,0.0000,0.0000,806.0,0.0,2.000,8192.0,0.000,0,0,8192000,1,1,0,1,1,1
3,inter_out,f32,1024,glibc_t1,P6,13,0,1000,797.37,0.0000,0.0000,801.0,0.0,2.000,8192.0,0.000,0,0,8192000,1,1,0,1,1,1
3,inter_out,f32,1024,glibc_t1,FIXED_TWIN,13,1,1000,807.12,0.0000,0.0000,810.0,0.0,2.000,8192.0,0.000,0,0,8192000,1,1,0,1,1,1
3,inter_out,f32,1024,glibc_t1,P5,13,2,1000,854.69,0.0000,0.0000,858.0,0.0,3.000,12288.0,0.000,0,0,8196096,2,0,0,1,1,1
3,inter_out,f32,1024,glibc_t1,FIXED_TWIN,14,0,1000,787.35,0.0000,0.0000,791.0,0.0,2.000,8192.0,0.000,0,0,8192000,1,1,0,1,1,1
3,inter_out,f32,1024,glibc_t1,P5,14,1,1000,800.68,0.0000,0.0000,804.0,0.0,3.000,12288.0,0.000,0,0,8196096,2,0,0,1,1,1
3,inter_out,f32,1024,glibc_t1,P6,14,2,1000,796.97,0.0000,0.0000,801.0,0.0,2.000,8192.0,0.000,0,0,8192000,1,1,0,1,1,1
3,inter_out,f32,4096,glibc_t1,P5,0,0,1,2007.00,0.0000,0.0000,4000.0,0.0,3.000,49152.0,0.000,0,0,49152,2,0,0,1,1,1
3,inter_out,f32,4096,glibc_t1,P6,0,1,1,1683.00,0.0000,0.0000,2000.0,0.0,2.000,32768.0,0.000,0,0,32768,1,1,0,1,1,1
3,inter_out,f32,4096,glibc_t1,FIXED_TWIN,0,2,1,1638.00,0.0000,0.0000,2000.0,0.0,2.000,32768.0,0.000,0,0,32768,1,1,0,1,1,1
3,inter_out,f32,4096,glibc_t1,P6,1,0,1,1682.00,0.0000,0.0000,2000.0,0.0,2.000,32768.0,0.000,0,0,32768,1,1,0,1,1,1
3,inter_out,f32,4096,glibc_t1,FIXED_TWIN,1,1,1,1644.00,0.0000,0.0000,2000.0,0.0,2.000,32768.0,0.000,0,0,32768,1,1,0,1,1,1
3,inter_out,f32,4096,glibc_t1,P5,1,2,1,2144.00,0.0000,0.0000,3000.0,0.0,3.000,49152.0,0.000,0,0,49152,2,0,0,1,1,1
3,inter_out,f32,4096,glibc_t1,FIXED_TWIN,2,0,1,1785.00,0.0000,0.0000,2000.0,0.0,2.000,32768.0,0.000,0,0,32768,1,1,0,1,1,1
3,inter_out,f32,4096,glibc_t1,P5,2,1,1,1958.00,0.0000,0.0000,2000.0,0.0,3.000,49152.0,0.000,0,0,49152,2,0,0,1,1,1
3,inter_out,f32,4096,glibc_t1,P6,2,2,1,1648.00,0.0000,0.0000,2000.0,0.0,2.000,32768.0,0.000,0,0,32768,1,1,0,1,1,1
3,inter_out,f32,4096,glibc_t1,P5,3,0,1,1903.00,0.0000,0.0000,2000.0,0.0,3.000,49152.0,0.000,0,0,49152,2,0,0,1,1,1
3,inter_out,f32,4096,glibc_t1,P6,3,1,1,1656.00,0.0000,0.0000,2000.0,0.0,2.000,32768.0,0.000,0,0,32768,1,1,0,1,1,1
3,inter_out,f32,4096,glibc_t1,FIXED_TWIN,3,2,1,1656.00,0.0000,0.0000,2000.0,0.0,2.000,32768.0,0.000,0,0,32768,1,1,0,1,1,1
3,inter_out,f32,4096,glibc_t1,P6,4,0,1,1616.00,0.0000,0.0000,2000.0,0.0,2.000,32768.0,0.000,0,0,32768,1,1,0,1,1,1
3,inter_out,f32,4096,glibc_t1,FIXED_TWIN,4,1,1,1679.00,0.0000,0.0000,2000.0,0.0,2.000,32768.0,0.000,0,0,32768,1,1,0,1,1,1
3,inter_out,f32,4096,glibc_t1,P5,4,2,1,1901.00,0.0000,0.0000,3000.0,0.0,3.000,49152.0,0.000,0,0,49152,2,0,0,1,1,1
3,inter_out,f32,4096,glibc_t1,FIXED_TWIN,5,0,1,1627.00,0.0000,0.0000,3000.0,0.0,2.000,32768.0,0.000,0,0,32768,1,1,0,1,1,1
3,inter_out,f32,4096,glibc_t1,P5,5,1,1,1947.00,0.0000,0.0000,2000.0,0.0,3.000,49152.0,0.000,0,0,49152,2,0,0,1,1,1
3,inter_out,f32,4096,glibc_t1,P6,5,2,1,1672.00,0.0000,0.0000,2000.0,0.0,2.000,32768.0,0.000,0,0,32768,1,1,0,1,1,1
3,inter_out,f32,4096,glibc_t1,P5,6,0,1,1911.00,0.0000,0.0000,3000.0,0.0,3.000,49152.0,0.000,0,0,49152,2,0,0,1,1,1
3,inter_out,f32,4096,glibc_t1,P6,6,1,1,1641.00,0.0000,0.0000,2000.0,0.0,2.000,32768.0,0.000,0,0,32768,1,1,0,1,1,1
3,inter_out,f32,4096,glibc_t1,FIXED_TWIN,6,2,1,1696.00,0.0000,0.0000,2000.0,0.0,2.000,32768.0,0.000,0,0,32768,1,1,0,1,1,1
3,inter_out,f32,4096,glibc_t1,P6,7,0,1,1615.00,0.0000,0.0000,2000.0,0.0,2.000,32768.0,0.000,0,0,32768,1,1,0,1,1,1
3,inter_out,f32,4096,glibc_t1,FIXED_TWIN,7,1,1,1612.00,0.0000,0.0000,2000.0,0.0,2.000,32768.0,0.000,0,0,32768,1,1,0,1,1,1
3,inter_out,f32,4096,glibc_t1,P5,7,2,1,1942.00,0.0000,0.0000,3000.0,0.0,3.000,49152.0,0.000,0,0,49152,2,0,0,1,1,1
3,inter_out,f32,4096,glibc_t1,FIXED_TWIN,8,0,1,1637.00,0.0000,0.0000,2000.0,0.0,2.000,32768.0,0.000,0,0,32768,1,1,0,1,1,1
3,inter_out,f32,4096,glibc_t1,P5,8,1,1,1997.00,0.0000,0.0000,3000.0,0.0,3.000,49152.0,0.000,0,0,49152,2,0,0,1,1,1
3,inter_out,f32,4096,glibc_t1,P6,8,2,1,1627.00,0.0000,0.0000,2000.0,0.0,2.000,32768.0,0.000,0,0,32768,1,1,0,1,1,1
3,inter_out,f32,4096,glibc_t1,P5,9,0,1,1915.00,0.0000,0.0000,2000.0,0.0,3.000,49152.0,0.000,0,0,49152,2,0,0,1,1,1
3,inter_out,f32,4096,glibc_t1,P6,9,1,1,1689.00,0.0000,0.0000,2000.0,0.0,2.000,32768.0,0.000,0,0,32768,1,1,0,1,1,1
3,inter_out,f32,4096,glibc_t1,FIXED_TWIN,9,2,1,1701.00,0.0000,0.0000,3000.0,0.0,2.000,32768.0,0.000,0,0,32768,1,1,0,1,1,1
3,inter_out,f32,4096,glibc_t1,P6,10,0,1,1605.00,0.0000,0.0000,2000.0,0.0,2.000,32768.0,0.000,0,0,32768,1,1,0,1,1,1
3,inter_out,f32,4096,glibc_t1,FIXED_TWIN,10,1,1,1651.00,0.0000,0.0000,2000.0,0.0,2.000,32768.0,0.000,0,0,32768,1,1,0,1,1,1
3,inter_out,f32,4096,glibc_t1,P5,10,2,1,1922.00,0.0000,0.0000,2000.0,0.0,3.000,49152.0,0.000,0,0,49152,2,0,0,1,1,1
3,inter_out,f32,4096,glibc_t1,FIXED_TWIN,11,0,1,1638.00,0.0000,0.0000,2000.0,0.0,2.000,32768.0,0.000,0,0,32768,1,1,0,1,1,1
3,inter_out,f32,4096,glibc_t1,P5,11,1,1,1930.00,0.0000,0.0000,2000.0,0.0,3.000,49152.0,0.000,0,0,49152,2,0,0,1,1,1
3,inter_out,f32,4096,glibc_t1,P6,11,2,1,1703.00,0.0000,0.0000,3000.0,0.0,2.000,32768.0,0.000,0,0,32768,1,1,0,1,1,1
3,inter_out,f32,4096,glibc_t1,P5,12,0,1,1941.00,0.0000,0.0000,3000.0,0.0,3.000,49152.0,0.000,0,0,49152,2,0,0,1,1,1
3,inter_out,f32,4096,glibc_t1,P6,12,1,1,1620.00,0.0000,0.0000,2000.0,0.0,2.000,32768.0,0.000,0,0,32768,1,1,0,1,1,1
3,inter_out,f32,4096,glibc_t1,FIXED_TWIN,12,2,1,1630.00,0.0000,0.0000,2000.0,0.0,2.000,32768.0,0.000,0,0,32768,1,1,0,1,1,1
3,inter_out,f32,4096,glibc_t1,P6,13,0,1,1621.00,0.0000,0.0000,2000.0,0.0,2.000,32768.0,0.000,0,0,32768,1,1,0,1,1,1
3,inter_out,f32,4096,glibc_t1,FIXED_TWIN,13,1,1,1708.00,0.0000,0.0000,2000.0,0.0,2.000,32768.0,0.000,0,0,32768,1,1,0,1,1,1
3,inter_out,f32,4096,glibc_t1,P5,13,2,1,1922.00,0.0000,0.0000,2000.0,0.0,3.000,49152.0,0.000,0,0,49152,2,0,0,1,1,1
3,inter_out,f32,4096,glibc_t1,FIXED_TWIN,14,0,1,1650.00,0.0000,0.0000,2000.0,0.0,2.000,32768.0,0.000,0,0,32768,1,1,0,1,1,1
3,inter_out,f32,4096,glibc_t1,P5,14,1,1,1889.00,0.0000,0.0000,2000.0,0.0,3.000,49152.0,0.000,0,0,49152,2,0,0,1,1,1
3,inter_out,f32,4096,glibc_t1,P6,14,2,1,1623.00,0.0000,0.0000,2000.0,0.0,2.000,32768.0,0.000,0,0,32768,1,1,0,1,1,1
3,inter_out,f32,16384,glibc_t1,P5,0,0,1,9905.00,0.0000,0.0000,11000.0,0.0,3.000,196608.0,0.000,0,0,196608,2,0,0,1,1,1
3,inter_out,f32,16384,glibc_t1,P6,0,1,1,6273.00,0.0000,0.0000,7000.0,0.0,2.000,131072.0,0.000,0,0,131072,1,1,0,1,1,1
3,inter_out,f32,16384,glibc_t1,FIXED_TWIN,0,2,1,6214.00,0.0000,0.0000,7000.0,0.0,2.000,131072.0,0.000,0,0,131072,1,1,0,1,1,1
3,inter_out,f32,16384,glibc_t1,P6,1,0,1,6214.00,0.0000,0.0000,7000.0,0.0,2.000,131072.0,0.000,0,0,131072,1,1,0,1,1,1
3,inter_out,f32,16384,glibc_t1,FIXED_TWIN,1,1,1,6290.00,0.0000,0.0000,6000.0,0.0,2.000,131072.0,0.000,0,0,131072,1,1,0,1,1,1
3,inter_out,f32,16384,glibc_t1,P5,1,2,1,6570.00,0.0000,0.0000,7000.0,0.0,3.000,196608.0,0.000,0,0,196608,2,0,0,1,1,1
3,inter_out,f32,16384,glibc_t1,FIXED_TWIN,2,0,1,6155.00,0.0000,0.0000,6000.0,0.0,2.000,131072.0,0.000,0,0,131072,1,1,0,1,1,1
3,inter_out,f32,16384,glibc_t1,P5,2,1,1,6387.00,0.0000,0.0000,7000.0,0.0,3.000,196608.0,0.000,0,0,196608,2,0,0,1,1,1
3,inter_out,f32,16384,glibc_t1,P6,2,2,1,6157.00,0.0000,0.0000,7000.0,0.0,2.000,131072.0,0.000,0,0,131072,1,1,0,1,1,1
3,inter_out,f32,16384,glibc_t1,P5,3,0,1,6397.00,0.0000,0.0000,4000.0,2000.0,3.000,196608.0,0.000,0,0,196608,2,0,0,1,1,1
3,inter_out,f32,16384,glibc_t1,P6,3,1,1,6406.00,0.0000,0.0000,7000.0,0.0,2.000,131072.0,0.000,0,0,131072,1,1,0,1,1,1
3,inter_out,f32,16384,glibc_t1,FIXED_TWIN,3,2,1,6313.00,0.0000,0.0000,7000.0,0.0,2.000,131072.0,0.000,0,0,131072,1,1,0,1,1,1
3,inter_out,f32,16384,glibc_t1,P6,4,0,1,6238.00,0.0000,0.0000,7000.0,0.0,2.000,131072.0,0.000,0,0,131072,1,1,0,1,1,1
3,inter_out,f32,16384,glibc_t1,FIXED_TWIN,4,1,1,6191.00,0.0000,0.0000,6000.0,0.0,2.000,131072.0,0.000,0,0,131072,1,1,0,1,1,1
3,inter_out,f32,16384,glibc_t1,P5,4,2,1,17807.00,0.0000,0.0000,18000.0,0.0,3.000,196608.0,0.000,0,0,196608,2,0,0,1,1,1
3,inter_out,f32,16384,glibc_t1,FIXED_TWIN,5,0,1,6380.00,0.0000,0.0000,7000.0,0.0,2.000,131072.0,0.000,0,0,131072,1,1,0,1,1,1
3,inter_out,f32,16384,glibc_t1,P5,5,1,1,6523.00,0.0000,0.0000,7000.0,0.0,3.000,196608.0,0.000,0,0,196608,2,0,0,1,1,1
3,inter_out,f32,16384,glibc_t1,P6,5,2,1,6290.00,0.0000,0.0000,7000.0,0.0,2.000,131072.0,0.000,0,0,131072,1,1,0,1,1,1
3,inter_out,f32,16384,glibc_t1,P5,6,0,1,6446.00,0.0000,0.0000,7000.0,0.0,3.000,196608.0,0.000,0,0,196608,2,0,0,1,1,1
3,inter_out,f32,16384,glibc_t1,P6,6,1,1,6280.00,0.0000,0.0000,7000.0,0.0,2.000,131072.0,0.000,0,0,131072,1,1,0,1,1,1
3,inter_out,f32,16384,glibc_t1,FIXED_TWIN,6,2,1,6248.00,0.0000,0.0000,6000.0,0.0,2.000,131072.0,0.000,0,0,131072,1,1,0,1,1,1
3,inter_out,f32,16384,glibc_t1,P6,7,0,1,6236.00,0.0000,0.0000,7000.0,0.0,2.000,131072.0,0.000,0,0,131072,1,1,0,1,1,1
3,inter_out,f32,16384,glibc_t1,FIXED_TWIN,7,1,1,6161.00,0.0000,0.0000,6000.0,0.0,2.000,131072.0,0.000,0,0,131072,1,1,0,1,1,1
3,inter_out,f32,16384,glibc_t1,P5,7,2,1,6521.00,0.0000,0.0000,7000.0,0.0,3.000,196608.0,0.000,0,0,196608,2,0,0,1,1,1
3,inter_out,f32,16384,glibc_t1,FIXED_TWIN,8,0,1,6156.00,0.0000,0.0000,6000.0,0.0,2.000,131072.0,0.000,0,0,131072,1,1,0,1,1,1
3,inter_out,f32,16384,glibc_t1,P5,8,1,1,6470.00,0.0000,0.0000,7000.0,0.0,3.000,196608.0,0.000,0,0,196608,2,0,0,1,1,1
3,inter_out,f32,16384,glibc_t1,P6,8,2,1,6166.00,0.0000,0.0000,7000.0,0.0,2.000,131072.0,0.000,0,0,131072,1,1,0,1,1,1
3,inter_out,f32,16384,glibc_t1,P5,9,0,1,6451.00,0.0000,0.0000,7000.0,0.0,3.000,196608.0,0.000,0,0,196608,2,0,0,1,1,1
3,inter_out,f32,16384,glibc_t1,P6,9,1,1,6203.00,0.0000,0.0000,7000.0,0.0,2.000,131072.0,0.000,0,0,131072,1,1,0,1,1,1
3,inter_out,f32,16384,glibc_t1,FIXED_TWIN,9,2,1,6134.00,0.0000,0.0000,7000.0,0.0,2.000,131072.0,0.000,0,0,131072,1,1,0,1,1,1
3,inter_out,f32,16384,glibc_t1,P6,10,0,1,6140.00,0.0000,0.0000,7000.0,0.0,2.000,131072.0,0.000,0,0,131072,1,1,0,1,1,1
3,inter_out,f32,16384,glibc_t1,FIXED_TWIN,10,1,1,7786.00,0.0000,0.0000,8000.0,0.0,2.000,131072.0,0.000,0,0,131072,1,1,0,1,1,1
3,inter_out,f32,16384,glibc_t1,P5,10,2,1,6620.00,0.0000,0.0000,7000.0,0.0,3.000,196608.0,0.000,0,0,196608,2,0,0,1,1,1
3,inter_out,f32,16384,glibc_t1,FIXED_TWIN,11,0,1,6181.00,0.0000,0.0000,7000.0,0.0,2.000,131072.0,0.000,0,0,131072,1,1,0,1,1,1
3,inter_out,f32,16384,glibc_t1,P5,11,1,1,7811.00,0.0000,0.0000,8000.0,0.0,3.000,196608.0,0.000,0,0,196608,2,0,0,1,1,1
3,inter_out,f32,16384,glibc_t1,P6,11,2,1,6262.00,0.0000,0.0000,7000.0,0.0,2.000,131072.0,0.000,0,0,131072,1,1,0,1,1,1
3,inter_out,f32,16384,glibc_t1,P5,12,0,1,6383.00,0.0000,0.0000,7000.0,0.0,3.000,196608.0,0.000,0,0,196608,2,0,0,1,1,1
3,inter_out,f32,16384,glibc_t1,P6,12,1,1,6172.00,0.0000,0.0000,7000.0,0.0,2.000,131072.0,0.000,0,0,131072,1,1,0,1,1,1
3,inter_out,f32,16384,glibc_t1,FIXED_TWIN,12,2,1,6174.00,0.0000,0.0000,6000.0,0.0,2.000,131072.0,0.000,0,0,131072,1,1,0,1,1,1
3,inter_out,f32,16384,glibc_t1,P6,13,0,1,6152.00,0.0000,0.0000,7000.0,0.0,2.000,131072.0,0.000,0,0,131072,1,1,0,1,1,1
3,inter_out,f32,16384,glibc_t1,FIXED_TWIN,13,1,1,6140.00,0.0000,0.0000,6000.0,0.0,2.000,131072.0,0.000,0,0,131072,1,1,0,1,1,1
3,inter_out,f32,16384,glibc_t1,P5,13,2,1,6400.00,0.0000,0.0000,7000.0,0.0,3.000,196608.0,0.000,0,0,196608,2,0,0,1,1,1
3,inter_out,f32,16384,glibc_t1,FIXED_TWIN,14,0,1,6172.00,0.0000,0.0000,6000.0,0.0,2.000,131072.0,0.000,0,0,131072,1,1,0,1,1,1
3,inter_out,f32,16384,glibc_t1,P5,14,1,1,7504.00,0.0000,0.0000,8000.0,0.0,3.000,196608.0,0.000,0,0,196608,2,0,0,1,1,1
3,inter_out,f32,16384,glibc_t1,P6,14,2,1,6178.00,0.0000,0.0000,7000.0,0.0,2.000,131072.0,0.000,0,0,131072,1,1,0,1,1,1
3,inter_out,f32,65536,glibc_t1,P5,0,0,1,29957.00,0.0000,0.0000,32000.0,0.0,3.000,786432.0,0.000,0,0,786432,2,0,0,1,1,1
3,inter_out,f32,65536,glibc_t1,P6,0,1,1,27832.00,0.0000,0.0000,28000.0,0.0,2.000,524288.0,0.000,0,0,524288,1,1,0,1,1,1
3,inter_out,f32,65536,glibc_t1,FIXED_TWIN,0,2,1,45130.00,0.0000,0.0000,46000.0,0.0,2.000,524288.0,0.000,0,0,524288,1,1,0,1,1,1
3,inter_out,f32,65536,glibc_t1,P6,1,0,1,26823.00,0.0000,0.0000,28000.0,0.0,2.000,524288.0,0.000,0,0,524288,1,1,0,1,1,1
3,inter_out,f32,65536,glibc_t1,FIXED_TWIN,1,1,1,26583.00,0.0000,0.0000,28000.0,0.0,2.000,524288.0,0.000,0,0,524288,1,1,0,1,1,1
3,inter_out,f32,65536,glibc_t1,P5,1,2,1,29973.00,0.0000,0.0000,31000.0,0.0,3.000,786432.0,0.000,0,0,786432,2,0,0,1,1,1
3,inter_out,f32,65536,glibc_t1,FIXED_TWIN,2,0,1,42872.00,0.0000,0.0000,44000.0,0.0,2.000,524288.0,0.000,0,0,524288,1,1,0,1,1,1
3,inter_out,f32,65536,glibc_t1,P5,2,1,1,29506.00,0.0000,0.0000,31000.0,0.0,3.000,786432.0,0.000,0,0,786432,2,0,0,1,1,1
3,inter_out,f32,65536,glibc_t1,P6,2,2,1,27093.00,0.0000,0.0000,28000.0,0.0,2.000,524288.0,0.000,0,0,524288,1,1,0,1,1,1
3,inter_out,f32,65536,glibc_t1,P5,3,0,1,29584.00,0.0000,0.0000,31000.0,0.0,3.000,786432.0,0.000,0,0,786432,2,0,0,1,1,1
3,inter_out,f32,65536,glibc_t1,P6,3,1,1,45149.00,0.0000,0.0000,46000.0,0.0,2.000,524288.0,0.000,0,0,524288,1,1,0,1,1,1
3,inter_out,f32,65536,glibc_t1,FIXED_TWIN,3,2,1,28482.00,0.0000,0.0000,29000.0,0.0,2.000,524288.0,0.000,0,0,524288,1,1,0,1,1,1
3,inter_out,f32,65536,glibc_t1,P6,4,0,1,27278.00,0.0000,0.0000,28000.0,0.0,2.000,524288.0,0.000,0,0,524288,1,1,0,1,1,1
3,inter_out,f32,65536,glibc_t1,FIXED_TWIN,4,1,1,26577.00,0.0000,0.0000,28000.0,0.0,2.000,524288.0,0.000,0,0,524288,1,1,0,1,1,1
3,inter_out,f32,65536,glibc_t1,P5,4,2,1,46362.00,0.0000,0.0000,47000.0,0.0,3.000,786432.0,0.000,0,0,786432,2,0,0,1,1,1
3,inter_out,f32,65536,glibc_t1,FIXED_TWIN,5,0,1,29329.00,0.0000,0.0000,31000.0,0.0,2.000,524288.0,0.000,0,0,524288,1,1,0,1,1,1
3,inter_out,f32,65536,glibc_t1,P5,5,1,1,29723.00,0.0000,0.0000,30000.0,0.0,3.000,786432.0,0.000,0,0,786432,2,0,0,1,1,1
3,inter_out,f32,65536,glibc_t1,P6,5,2,1,28137.00,0.0000,0.0000,29000.0,0.0,2.000,524288.0,0.000,0,0,524288,1,1,0,1,1,1
3,inter_out,f32,65536,glibc_t1,P5,6,0,1,29650.00,0.0000,0.0000,31000.0,0.0,3.000,786432.0,0.000,0,0,786432,2,0,0,1,1,1
3,inter_out,f32,65536,glibc_t1,P6,6,1,1,27047.00,0.0000,0.0000,28000.0,0.0,2.000,524288.0,0.000,0,0,524288,1,1,0,1,1,1
3,inter_out,f32,65536,glibc_t1,FIXED_TWIN,6,2,1,26479.00,0.0000,0.0000,27000.0,0.0,2.000,524288.0,0.000,0,0,524288,1,1,0,1,1,1
3,inter_out,f32,65536,glibc_t1,P6,7,0,1,26678.00,0.0000,0.0000,27000.0,0.0,2.000,524288.0,0.000,0,0,524288,1,1,0,1,1,1
3,inter_out,f32,65536,glibc_t1,FIXED_TWIN,7,1,1,27070.00,0.0000,0.0000,28000.0,0.0,2.000,524288.0,0.000,0,0,524288,1,1,0,1,1,1
3,inter_out,f32,65536,glibc_t1,P5,7,2,1,29474.00,0.0000,0.0000,30000.0,0.0,3.000,786432.0,0.000,0,0,786432,2,0,0,1,1,1
3,inter_out,f32,65536,glibc_t1,FIXED_TWIN,8,0,1,27081.00,0.0000,0.0000,28000.0,0.0,2.000,524288.0,0.000,0,0,524288,1,1,0,1,1,1
3,inter_out,f32,65536,glibc_t1,P5,8,1,1,29886.00,0.0000,0.0000,31000.0,0.0,3.000,786432.0,0.000,0,0,786432,2,0,0,1,1,1
3,inter_out,f32,65536,glibc_t1,P6,8,2,1,26971.00,0.0000,0.0000,28000.0,0.0,2.000,524288.0,0.000,0,0,524288,1,1,0,1,1,1
3,inter_out,f32,65536,glibc_t1,P5,9,0,1,29913.00,0.0000,0.0000,31000.0,0.0,3.000,786432.0,0.000,0,0,786432,2,0,0,1,1,1
3,inter_out,f32,65536,glibc_t1,P6,9,1,1,27272.00,0.0000,0.0000,28000.0,0.0,2.000,524288.0,0.000,0,0,524288,1,1,0,1,1,1
3,inter_out,f32,65536,glibc_t1,FIXED_TWIN,9,2,1,26612.00,0.0000,0.0000,27000.0,0.0,2.000,524288.0,0.000,0,0,524288,1,1,0,1,1,1
3,inter_out,f32,65536,glibc_t1,P6,10,0,1,26927.00,0.0000,0.0000,28000.0,0.0,2.000,524288.0,0.000,0,0,524288,1,1,0,1,1,1
3,inter_out,f32,65536,glibc_t1,FIXED_TWIN,10,1,1,29639.00,0.0000,0.0000,31000.0,0.0,2.000,524288.0,0.000,0,0,524288,1,1,0,1,1,1
3,inter_out,f32,65536,glibc_t1,P5,10,2,1,31718.00,0.0000,0.0000,33000.0,0.0,3.000,786432.0,0.000,0,0,786432,2,0,0,1,1,1
3,inter_out,f32,65536,glibc_t1,FIXED_TWIN,11,0,1,29314.00,0.0000,0.0000,30000.0,0.0,2.000,524288.0,0.000,0,0,524288,1,1,0,1,1,1
3,inter_out,f32,65536,glibc_t1,P5,11,1,1,30265.00,0.0000,0.0000,31000.0,0.0,3.000,786432.0,0.000,0,0,786432,2,0,0,1,1,1
3,inter_out,f32,65536,glibc_t1,P6,11,2,1,27175.00,0.0000,0.0000,28000.0,0.0,2.000,524288.0,0.000,0,0,524288,1,1,0,1,1,1
3,inter_out,f32,65536,glibc_t1,P5,12,0,1,29920.00,0.0000,0.0000,31000.0,0.0,3.000,786432.0,0.000,0,0,786432,2,0,0,1,1,1
3,inter_out,f32,65536,glibc_t1,P6,12,1,1,27161.00,0.0000,0.0000,28000.0,0.0,2.000,524288.0,0.000,0,0,524288,1,1,0,1,1,1
3,inter_out,f32,65536,glibc_t1,FIXED_TWIN,12,2,1,27473.00,0.0000,0.0000,28000.0,0.0,2.000,524288.0,0.000,0,0,524288,1,1,0,1,1,1
3,inter_out,f32,65536,glibc_t1,P6,13,0,1,26648.00,0.0000,0.0000,28000.0,0.0,2.000,524288.0,0.000,0,0,524288,1,1,0,1,1,1
3,inter_out,f32,65536,glibc_t1,FIXED_TWIN,13,1,1,26491.00,0.0000,0.0000,28000.0,0.0,2.000,524288.0,0.000,0,0,524288,1,1,0,1,1,1
3,inter_out,f32,65536,glibc_t1,P5,13,2,1,29500.00,0.0000,0.0000,30000.0,0.0,3.000,786432.0,0.000,0,0,786432,2,0,0,1,1,1
3,inter_out,f32,65536,glibc_t1,FIXED_TWIN,14,0,1,27540.00,0.0000,0.0000,28000.0,0.0,2.000,524288.0,0.000,0,0,524288,1,1,0,1,1,1
3,inter_out,f32,65536,glibc_t1,P5,14,1,1,29806.00,0.0000,0.0000,30000.0,0.0,3.000,786432.0,0.000,0,0,786432,2,0,0,1,1,1
3,inter_out,f32,65536,glibc_t1,P6,14,2,1,27068.00,0.0000,0.0000,28000.0,0.0,2.000,524288.0,0.000,0,0,524288,1,1,0,1,1,1
3,inter_out,f32,262144,glibc_t1,P5,0,0,1,283459.00,0.0000,0.0000,286000.0,0.0,3.000,3145728.0,0.000,0,0,3145728,2,0,0,1,1,1
3,inter_out,f32,262144,glibc_t1,P6,0,1,1,235716.00,0.0000,0.0000,238000.0,0.0,2.000,2097152.0,0.000,0,0,2097152,1,1,0,1,1,1
3,inter_out,f32,262144,glibc_t1,FIXED_TWIN,0,2,1,256642.00,0.0000,0.0000,259000.0,0.0,2.000,2097152.0,0.000,0,0,2097152,1,1,0,1,1,1
3,inter_out,f32,262144,glibc_t1,P6,1,0,1,245139.00,0.0000,0.0000,247000.0,0.0,2.000,2097152.0,0.000,0,0,2097152,1,1,0,1,1,1
3,inter_out,f32,262144,glibc_t1,FIXED_TWIN,1,1,1,234923.00,0.0000,0.0000,237000.0,0.0,2.000,2097152.0,0.000,0,0,2097152,1,1,0,1,1,1
3,inter_out,f32,262144,glibc_t1,P5,1,2,1,285561.00,0.0000,0.0000,288000.0,0.0,3.000,3145728.0,0.000,0,0,3145728,2,0,0,1,1,1
3,inter_out,f32,262144,glibc_t1,FIXED_TWIN,2,0,1,263511.00,0.0000,0.0000,266000.0,0.0,2.000,2097152.0,0.000,0,0,2097152,1,1,0,1,1,1
3,inter_out,f32,262144,glibc_t1,P5,2,1,1,283227.00,0.0000,0.0000,286000.0,0.0,3.000,3145728.0,0.000,0,0,3145728,2,0,0,1,1,1
3,inter_out,f32,262144,glibc_t1,P6,2,2,1,235262.00,0.0000,0.0000,237000.0,0.0,2.000,2097152.0,0.000,0,0,2097152,1,1,0,1,1,1
3,inter_out,f32,262144,glibc_t1,P5,3,0,1,310518.00,0.0000,0.0000,313000.0,0.0,3.000,3145728.0,0.000,0,0,3145728,2,0,0,1,1,1
3,inter_out,f32,262144,glibc_t1,P6,3,1,1,235477.00,0.0000,0.0000,237000.0,0.0,2.000,2097152.0,0.000,0,0,2097152,1,1,0,1,1,1
3,inter_out,f32,262144,glibc_t1,FIXED_TWIN,3,2,1,235576.00,0.0000,0.0000,238000.0,0.0,2.000,2097152.0,0.000,0,0,2097152,1,1,0,1,1,1
3,inter_out,f32,262144,glibc_t1,P6,4,0,1,235430.00,0.0000,0.0000,239000.0,0.0,2.000,2097152.0,0.000,0,0,2097152,1,1,0,1,1,1
3,inter_out,f32,262144,glibc_t1,FIXED_TWIN,4,1,1,259664.00,0.0000,0.0000,262000.0,0.0,2.000,2097152.0,0.000,0,0,2097152,1,1,0,1,1,1
3,inter_out,f32,262144,glibc_t1,P5,4,2,1,303257.00,0.0000,0.0000,306000.0,0.0,3.000,3145728.0,0.000,0,0,3145728,2,0,0,1,1,1
3,inter_out,f32,262144,glibc_t1,FIXED_TWIN,5,0,1,238444.00,0.0000,0.0000,241000.0,0.0,2.000,2097152.0,0.000,0,0,2097152,1,1,0,1,1,1
3,inter_out,f32,262144,glibc_t1,P5,5,1,1,312264.00,0.0000,0.0000,315000.0,0.0,3.000,3145728.0,0.000,0,0,3145728,2,0,0,1,1,1
3,inter_out,f32,262144,glibc_t1,P6,5,2,1,237385.00,0.0000,0.0000,239000.0,0.0,2.000,2097152.0,0.000,0,0,2097152,1,1,0,1,1,1
3,inter_out,f32,262144,glibc_t1,P5,6,0,1,287341.00,0.0000,0.0000,290000.0,0.0,3.000,3145728.0,0.000,0,0,3145728,2,0,0,1,1,1
3,inter_out,f32,262144,glibc_t1,P6,6,1,1,255183.00,0.0000,0.0000,257000.0,0.0,2.000,2097152.0,0.000,0,0,2097152,1,1,0,1,1,1
3,inter_out,f32,262144,glibc_t1,FIXED_TWIN,6,2,1,241943.00,0.0000,0.0000,244000.0,0.0,2.000,2097152.0,0.000,0,0,2097152,1,1,0,1,1,1
3,inter_out,f32,262144,glibc_t1,P6,7,0,1,234925.00,0.0000,0.0000,237000.0,0.0,2.000,2097152.0,0.000,0,0,2097152,1,1,0,1,1,1
3,inter_out,f32,262144,glibc_t1,FIXED_TWIN,7,1,1,261432.00,0.0000,0.0000,264000.0,0.0,2.000,2097152.0,0.000,0,0,2097152,1,1,0,1,1,1
3,inter_out,f32,262144,glibc_t1,P5,7,2,1,310454.00,0.0000,0.0000,313000.0,0.0,3.000,3145728.0,0.000,0,0,3145728,2,0,0,1,1,1
3,inter_out,f32,262144,glibc_t1,FIXED_TWIN,8,0,1,236889.00,0.0000,0.0000,239000.0,0.0,2.000,2097152.0,0.000,0,0,2097152,1,1,0,1,1,1
3,inter_out,f32,262144,glibc_t1,P5,8,1,1,594757.00,0.0000,0.0000,345000.0,0.0,3.000,3145728.0,0.000,0,0,3145728,2,0,0,1,1,1
3,inter_out,f32,262144,glibc_t1,P6,8,2,1,239329.00,0.0000,0.0000,250000.0,0.0,2.000,2097152.0,0.000,0,0,2097152,1,1,0,1,1,1
3,inter_out,f32,262144,glibc_t1,P5,9,0,1,282930.00,0.0000,0.0000,285000.0,0.0,3.000,3145728.0,0.000,0,0,3145728,2,0,0,1,1,1
3,inter_out,f32,262144,glibc_t1,P6,9,1,1,235981.00,0.0000,0.0000,238000.0,0.0,2.000,2097152.0,0.000,0,0,2097152,1,1,0,1,1,1
3,inter_out,f32,262144,glibc_t1,FIXED_TWIN,9,2,1,259665.00,0.0000,0.0000,262000.0,0.0,2.000,2097152.0,0.000,0,0,2097152,1,1,0,1,1,1
3,inter_out,f32,262144,glibc_t1,P6,10,0,1,236649.00,0.0000,0.0000,239000.0,0.0,2.000,2097152.0,0.000,0,0,2097152,1,1,0,1,1,1
3,inter_out,f32,262144,glibc_t1,FIXED_TWIN,10,1,1,265553.00,0.0000,0.0000,267000.0,0.0,2.000,2097152.0,0.000,0,0,2097152,1,1,0,1,1,1
3,inter_out,f32,262144,glibc_t1,P5,10,2,1,314855.00,0.0000,0.0000,318000.0,0.0,3.000,3145728.0,0.000,0,0,3145728,2,0,0,1,1,1
3,inter_out,f32,262144,glibc_t1,FIXED_TWIN,11,0,1,239891.00,0.0000,0.0000,243000.0,0.0,2.000,2097152.0,0.000,0,0,2097152,1,1,0,1,1,1
3,inter_out,f32,262144,glibc_t1,P5,11,1,1,316360.00,0.0000,0.0000,319000.0,0.0,3.000,3145728.0,0.000,0,0,3145728,2,0,0,1,1,1
3,inter_out,f32,262144,glibc_t1,P6,11,2,1,257185.00,0.0000,0.0000,259000.0,0.0,2.000,2097152.0,0.000,0,0,2097152,1,1,0,1,1,1
3,inter_out,f32,262144,glibc_t1,P5,12,0,1,292818.00,0.0000,0.0000,295000.0,0.0,3.000,3145728.0,0.000,0,0,3145728,2,0,0,1,1,1
3,inter_out,f32,262144,glibc_t1,P6,12,1,1,242630.00,0.0000,0.0000,246000.0,0.0,2.000,2097152.0,0.000,0,0,2097152,1,1,0,1,1,1
3,inter_out,f32,262144,glibc_t1,FIXED_TWIN,12,2,1,236987.00,0.0000,0.0000,240000.0,0.0,2.000,2097152.0,0.000,0,0,2097152,1,1,0,1,1,1
3,inter_out,f32,262144,glibc_t1,P6,13,0,1,265485.00,0.0000,0.0000,269000.0,0.0,2.000,2097152.0,0.000,0,0,2097152,1,1,0,1,1,1
3,inter_out,f32,262144,glibc_t1,FIXED_TWIN,13,1,1,239366.00,0.0000,0.0000,241000.0,0.0,2.000,2097152.0,0.000,0,0,2097152,1,1,0,1,1,1
3,inter_out,f32,262144,glibc_t1,P5,13,2,1,286535.00,0.0000,0.0000,289000.0,0.0,3.000,3145728.0,0.000,0,0,3145728,2,0,0,1,1,1
3,inter_out,f32,262144,glibc_t1,FIXED_TWIN,14,0,1,262042.00,0.0000,0.0000,265000.0,0.0,2.000,2097152.0,0.000,0,0,2097152,1,1,0,1,1,1
3,inter_out,f32,262144,glibc_t1,P5,14,1,1,291349.00,0.0000,0.0000,294000.0,0.0,3.000,3145728.0,0.000,0,0,3145728,2,0,0,1,1,1
3,inter_out,f32,262144,glibc_t1,P6,14,2,1,235200.00,0.0000,0.0000,237000.0,0.0,2.000,2097152.0,0.000,0,0,2097152,1,1,0,1,1,1
3,inter_out,f32,1048576,glibc_t1,P5,0,0,1,1373707.00,0.0000,0.0000,1379000.0,0.0,3.000,12582912.0,0.000,0,0,12582912,2,0,0,1,1,1
3,inter_out,f32,1048576,glibc_t1,P6,0,1,1,1122669.00,0.0000,0.0000,1127000.0,0.0,2.000,8388608.0,0.000,0,0,8388608,1,1,0,1,1,1
3,inter_out,f32,1048576,glibc_t1,FIXED_TWIN,0,2,1,1122563.00,0.0000,0.0000,1126000.0,0.0,2.000,8388608.0,0.000,0,0,8388608,1,1,0,1,1,1
3,inter_out,f32,1048576,glibc_t1,P6,1,0,1,1155918.00,0.0000,0.0000,1160000.0,0.0,2.000,8388608.0,0.000,0,0,8388608,1,1,0,1,1,1
3,inter_out,f32,1048576,glibc_t1,FIXED_TWIN,1,1,1,1120560.00,0.0000,0.0000,1124000.0,0.0,2.000,8388608.0,0.000,0,0,8388608,1,1,0,1,1,1
3,inter_out,f32,1048576,glibc_t1,P5,1,2,1,1288628.00,0.0000,0.0000,1292000.0,0.0,3.000,12582912.0,0.000,0,0,12582912,2,0,0,1,1,1
3,inter_out,f32,1048576,glibc_t1,FIXED_TWIN,2,0,1,1180017.00,0.0000,0.0000,1184000.0,0.0,2.000,8388608.0,0.000,0,0,8388608,1,1,0,1,1,1
3,inter_out,f32,1048576,glibc_t1,P5,2,1,1,1267590.00,0.0000,0.0000,1271000.0,0.0,3.000,12582912.0,0.000,0,0,12582912,2,0,0,1,1,1
3,inter_out,f32,1048576,glibc_t1,P6,2,2,1,1139568.00,0.0000,0.0000,1143000.0,0.0,2.000,8388608.0,0.000,0,0,8388608,1,1,0,1,1,1
3,inter_out,f32,1048576,glibc_t1,P5,3,0,1,1281115.00,0.0000,0.0000,1284000.0,0.0,3.000,12582912.0,0.000,0,0,12582912,2,0,0,1,1,1
3,inter_out,f32,1048576,glibc_t1,P6,3,1,1,1118148.00,0.0000,0.0000,1122000.0,0.0,2.000,8388608.0,0.000,0,0,8388608,1,1,0,1,1,1
3,inter_out,f32,1048576,glibc_t1,FIXED_TWIN,3,2,1,1119328.00,0.0000,0.0000,1123000.0,0.0,2.000,8388608.0,0.000,0,0,8388608,1,1,0,1,1,1
3,inter_out,f32,1048576,glibc_t1,P6,4,0,1,1147880.00,0.0000,0.0000,1151000.0,0.0,2.000,8388608.0,0.000,0,0,8388608,1,1,0,1,1,1
3,inter_out,f32,1048576,glibc_t1,FIXED_TWIN,4,1,1,1115224.00,0.0000,0.0000,1119000.0,0.0,2.000,8388608.0,0.000,0,0,8388608,1,1,0,1,1,1
3,inter_out,f32,1048576,glibc_t1,P5,4,2,1,1311244.00,0.0000,0.0000,1315000.0,0.0,3.000,12582912.0,0.000,0,0,12582912,2,0,0,1,1,1
3,inter_out,f32,1048576,glibc_t1,FIXED_TWIN,5,0,1,1145587.00,0.0000,0.0000,1149000.0,0.0,2.000,8388608.0,0.000,0,0,8388608,1,1,0,1,1,1
3,inter_out,f32,1048576,glibc_t1,P5,5,1,1,1335885.00,0.0000,0.0000,1299000.0,0.0,3.000,12582912.0,0.000,0,0,12582912,2,0,0,1,1,1
3,inter_out,f32,1048576,glibc_t1,P6,5,2,1,1120787.00,0.0000,0.0000,1124000.0,0.0,2.000,8388608.0,0.000,0,0,8388608,1,1,0,1,1,1
3,inter_out,f32,1048576,glibc_t1,P5,6,0,1,1291860.00,0.0000,0.0000,1295000.0,0.0,3.000,12582912.0,0.000,0,0,12582912,2,0,0,1,1,1
3,inter_out,f32,1048576,glibc_t1,P6,6,1,1,1133897.00,0.0000,0.0000,1138000.0,0.0,2.000,8388608.0,0.000,0,0,8388608,1,1,0,1,1,1
3,inter_out,f32,1048576,glibc_t1,FIXED_TWIN,6,2,1,1144889.00,0.0000,0.0000,1148000.0,0.0,2.000,8388608.0,0.000,0,0,8388608,1,1,0,1,1,1
3,inter_out,f32,1048576,glibc_t1,P6,7,0,1,1143423.00,0.0000,0.0000,1147000.0,0.0,2.000,8388608.0,0.000,0,0,8388608,1,1,0,1,1,1
3,inter_out,f32,1048576,glibc_t1,FIXED_TWIN,7,1,1,1119492.00,0.0000,0.0000,1123000.0,0.0,2.000,8388608.0,0.000,0,0,8388608,1,1,0,1,1,1
3,inter_out,f32,1048576,glibc_t1,P5,7,2,1,1356228.00,0.0000,0.0000,1359000.0,0.0,3.000,12582912.0,0.000,0,0,12582912,2,0,0,1,1,1
3,inter_out,f32,1048576,glibc_t1,FIXED_TWIN,8,0,1,1168045.00,0.0000,0.0000,1171000.0,0.0,2.000,8388608.0,0.000,0,0,8388608,1,1,0,1,1,1
3,inter_out,f32,1048576,glibc_t1,P5,8,1,1,1261277.00,0.0000,0.0000,1265000.0,0.0,3.000,12582912.0,0.000,0,0,12582912,2,0,0,1,1,1
3,inter_out,f32,1048576,glibc_t1,P6,8,2,1,1148184.00,0.0000,0.0000,1151000.0,0.0,2.000,8388608.0,0.000,0,0,8388608,1,1,0,1,1,1
3,inter_out,f32,1048576,glibc_t1,P5,9,0,1,1261025.00,0.0000,0.0000,1264000.0,0.0,3.000,12582912.0,0.000,0,0,12582912,2,0,0,1,1,1
3,inter_out,f32,1048576,glibc_t1,P6,9,1,1,1142933.00,0.0000,0.0000,1147000.0,0.0,2.000,8388608.0,0.000,0,0,8388608,1,1,0,1,1,1
3,inter_out,f32,1048576,glibc_t1,FIXED_TWIN,9,2,1,1147289.00,0.0000,0.0000,1150000.0,0.0,2.000,8388608.0,0.000,0,0,8388608,1,1,0,1,1,1
3,inter_out,f32,1048576,glibc_t1,P6,10,0,1,1132208.00,0.0000,0.0000,1136000.0,0.0,2.000,8388608.0,0.000,0,0,8388608,1,1,0,1,1,1
3,inter_out,f32,1048576,glibc_t1,FIXED_TWIN,10,1,1,1213060.00,0.0000,0.0000,1218000.0,0.0,2.000,8388608.0,0.000,0,0,8388608,1,1,0,1,1,1
3,inter_out,f32,1048576,glibc_t1,P5,10,2,1,1441612.00,0.0000,0.0000,1446000.0,0.0,3.000,12582912.0,0.000,0,0,12582912,2,0,0,1,1,1
3,inter_out,f32,1048576,glibc_t1,FIXED_TWIN,11,0,1,1151702.00,0.0000,0.0000,1156000.0,0.0,2.000,8388608.0,0.000,0,0,8388608,1,1,0,1,1,1
3,inter_out,f32,1048576,glibc_t1,P5,11,1,1,1335943.00,0.0000,0.0000,1339000.0,0.0,3.000,12582912.0,0.000,0,0,12582912,2,0,0,1,1,1
3,inter_out,f32,1048576,glibc_t1,P6,11,2,1,1150452.00,0.0000,0.0000,1154000.0,0.0,2.000,8388608.0,0.000,0,0,8388608,1,1,0,1,1,1
3,inter_out,f32,1048576,glibc_t1,P5,12,0,1,1293870.00,0.0000,0.0000,1297000.0,0.0,3.000,12582912.0,0.000,0,0,12582912,2,0,0,1,1,1
3,inter_out,f32,1048576,glibc_t1,P6,12,1,1,1186425.00,0.0000,0.0000,1190000.0,0.0,2.000,8388608.0,0.000,0,0,8388608,1,1,0,1,1,1
3,inter_out,f32,1048576,glibc_t1,FIXED_TWIN,12,2,1,1140266.00,0.0000,0.0000,1144000.0,0.0,2.000,8388608.0,0.000,0,0,8388608,1,1,0,1,1,1
3,inter_out,f32,1048576,glibc_t1,P6,13,0,1,1142536.00,0.0000,0.0000,1146000.0,0.0,2.000,8388608.0,0.000,0,0,8388608,1,1,0,1,1,1
3,inter_out,f32,1048576,glibc_t1,FIXED_TWIN,13,1,1,1175145.00,0.0000,0.0000,1179000.0,0.0,2.000,8388608.0,0.000,0,0,8388608,1,1,0,1,1,1
3,inter_out,f32,1048576,glibc_t1,P5,13,2,1,1452680.00,0.0000,0.0000,1457000.0,0.0,3.000,12582912.0,0.000,0,0,12582912,2,0,0,1,1,1
3,inter_out,f32,1048576,glibc_t1,FIXED_TWIN,14,0,1,1142637.00,0.0000,0.0000,1147000.0,0.0,2.000,8388608.0,0.000,0,0,8388608,1,1,0,1,1,1
3,inter_out,f32,1048576,glibc_t1,P5,14,1,1,1333331.00,0.0000,0.0000,1337000.0,0.0,3.000,12582912.0,0.000,0,0,12582912,2,0,0,1,1,1
3,inter_out,f32,1048576,glibc_t1,P6,14,2,1,1143023.00,0.0000,0.0000,1147000.0,0.0,2.000,8388608.0,0.000,0,0,8388608,1,1,0,1,1,1
3,inter_out,f32,4194304,glibc_t1,P5,0,0,1,6540968.00,0.0000,0.0000,5333000.0,1215000.0,3.000,50331648.0,0.000,0,0,50331648,2,0,0,1,1,1
3,inter_out,f32,4194304,glibc_t1,P6,0,1,1,6029984.00,0.0000,0.0000,6035000.0,0.0,2.000,33554432.0,0.000,0,0,33554432,1,1,0,1,1,1
3,inter_out,f32,4194304,glibc_t1,FIXED_TWIN,0,2,1,5807253.00,0.0000,0.0000,5811000.0,0.0,2.000,33554432.0,0.000,0,0,33554432,1,1,0,1,1,1
3,inter_out,f32,4194304,glibc_t1,P6,1,0,1,5677565.00,0.0000,0.0000,5682000.0,0.0,2.000,33554432.0,0.000,0,0,33554432,1,1,0,1,1,1
3,inter_out,f32,4194304,glibc_t1,FIXED_TWIN,1,1,1,5572283.00,0.0000,0.0000,5576000.0,0.0,2.000,33554432.0,0.000,0,0,33554432,1,1,0,1,1,1
3,inter_out,f32,4194304,glibc_t1,P5,1,2,1,7012603.00,0.0000,0.0000,7016000.0,0.0,3.000,50331648.0,0.000,0,0,50331648,2,0,0,1,1,1
3,inter_out,f32,4194304,glibc_t1,FIXED_TWIN,2,0,1,6377139.00,0.0000,0.0000,6382000.0,0.0,2.000,33554432.0,0.000,0,0,33554432,1,1,0,1,1,1
3,inter_out,f32,4194304,glibc_t1,P5,2,1,1,7621758.00,0.0000,0.0000,7628000.0,0.0,3.000,50331648.0,0.000,0,0,50331648,2,0,0,1,1,1
3,inter_out,f32,4194304,glibc_t1,P6,2,2,1,6064336.00,0.0000,0.0000,6068000.0,0.0,2.000,33554432.0,0.000,0,0,33554432,1,1,0,1,1,1
3,inter_out,f32,4194304,glibc_t1,P5,3,0,1,7425858.00,0.0000,0.0000,7357000.0,0.0,3.000,50331648.0,0.000,0,0,50331648,2,0,0,1,1,1
3,inter_out,f32,4194304,glibc_t1,P6,3,1,1,6137379.00,0.0000,0.0000,6141000.0,0.0,2.000,33554432.0,0.000,0,0,33554432,1,1,0,1,1,1
3,inter_out,f32,4194304,glibc_t1,FIXED_TWIN,3,2,1,5909423.00,0.0000,0.0000,5912000.0,0.0,2.000,33554432.0,0.000,0,0,33554432,1,1,0,1,1,1
3,inter_out,f32,4194304,glibc_t1,P6,4,0,1,5769095.00,0.0000,0.0000,5772000.0,0.0,2.000,33554432.0,0.000,0,0,33554432,1,1,0,1,1,1
3,inter_out,f32,4194304,glibc_t1,FIXED_TWIN,4,1,1,5648760.00,0.0000,0.0000,5652000.0,0.0,2.000,33554432.0,0.000,0,0,33554432,1,1,0,1,1,1
3,inter_out,f32,4194304,glibc_t1,P5,4,2,1,7017646.00,0.0000,0.0000,7022000.0,0.0,3.000,50331648.0,0.000,0,0,50331648,2,0,0,1,1,1
3,inter_out,f32,4194304,glibc_t1,FIXED_TWIN,5,0,1,5977997.00,0.0000,0.0000,5981000.0,0.0,2.000,33554432.0,0.000,0,0,33554432,1,1,0,1,1,1
3,inter_out,f32,4194304,glibc_t1,P5,5,1,1,7240332.00,0.0000,0.0000,7243000.0,0.0,3.000,50331648.0,0.000,0,0,50331648,2,0,0,1,1,1
3,inter_out,f32,4194304,glibc_t1,P6,5,2,1,5968600.00,0.0000,0.0000,5973000.0,0.0,2.000,33554432.0,0.000,0,0,33554432,1,1,0,1,1,1
3,inter_out,f32,4194304,glibc_t1,P5,6,0,1,7065523.00,0.0000,0.0000,7061000.0,9000.0,3.000,50331648.0,0.000,0,0,50331648,2,0,0,1,1,1
3,inter_out,f32,4194304,glibc_t1,P6,6,1,1,5932794.00,0.0000,0.0000,5938000.0,0.0,2.000,33554432.0,0.000,0,0,33554432,1,1,0,1,1,1
3,inter_out,f32,4194304,glibc_t1,FIXED_TWIN,6,2,1,5798217.00,0.0000,0.0000,5802000.0,0.0,2.000,33554432.0,0.000,0,0,33554432,1,1,0,1,1,1
3,inter_out,f32,4194304,glibc_t1,P6,7,0,1,5849054.00,0.0000,0.0000,5842000.0,0.0,2.000,33554432.0,0.000,0,0,33554432,1,1,0,1,1,1
3,inter_out,f32,4194304,glibc_t1,FIXED_TWIN,7,1,1,5835182.00,0.0000,0.0000,5839000.0,0.0,2.000,33554432.0,0.000,0,0,33554432,1,1,0,1,1,1
3,inter_out,f32,4194304,glibc_t1,P5,7,2,1,7102645.00,0.0000,0.0000,7107000.0,0.0,3.000,50331648.0,0.000,0,0,50331648,2,0,0,1,1,1
3,inter_out,f32,4194304,glibc_t1,FIXED_TWIN,8,0,1,5776887.00,0.0000,0.0000,5781000.0,0.0,2.000,33554432.0,0.000,0,0,33554432,1,1,0,1,1,1
3,inter_out,f32,4194304,glibc_t1,P5,8,1,1,7549779.00,0.0000,0.0000,7555000.0,0.0,3.000,50331648.0,0.000,0,0,50331648,2,0,0,1,1,1
3,inter_out,f32,4194304,glibc_t1,P6,8,2,1,6590835.00,0.0000,0.0000,6595000.0,0.0,2.000,33554432.0,0.000,0,0,33554432,1,1,0,1,1,1
3,inter_out,f32,4194304,glibc_t1,P5,9,0,1,7622872.00,0.0000,0.0000,7627000.0,0.0,3.000,50331648.0,0.000,0,0,50331648,2,0,0,1,1,1
3,inter_out,f32,4194304,glibc_t1,P6,9,1,1,6155993.00,0.0000,0.0000,6159000.0,0.0,2.000,33554432.0,0.000,0,0,33554432,1,1,0,1,1,1
3,inter_out,f32,4194304,glibc_t1,FIXED_TWIN,9,2,1,5860000.00,0.0000,0.0000,5863000.0,0.0,2.000,33554432.0,0.000,0,0,33554432,1,1,0,1,1,1
3,inter_out,f32,4194304,glibc_t1,P6,10,0,1,5611060.00,0.0000,0.0000,5615000.0,0.0,2.000,33554432.0,0.000,0,0,33554432,1,1,0,1,1,1
3,inter_out,f32,4194304,glibc_t1,FIXED_TWIN,10,1,1,5535712.00,0.0000,0.0000,5540000.0,0.0,2.000,33554432.0,0.000,0,0,33554432,1,1,0,1,1,1
3,inter_out,f32,4194304,glibc_t1,P5,10,2,1,7069423.00,0.0000,0.0000,7074000.0,0.0,3.000,50331648.0,0.000,0,0,50331648,2,0,0,1,1,1
3,inter_out,f32,4194304,glibc_t1,FIXED_TWIN,11,0,1,5693160.00,0.0000,0.0000,5697000.0,0.0,2.000,33554432.0,0.000,0,0,33554432,1,1,0,1,1,1
3,inter_out,f32,4194304,glibc_t1,P5,11,1,1,6847072.00,0.0000,0.0000,6850000.0,0.0,3.000,50331648.0,0.000,0,0,50331648,2,0,0,1,1,1
3,inter_out,f32,4194304,glibc_t1,P6,11,2,1,5527704.00,0.0000,0.0000,5532000.0,0.0,2.000,33554432.0,0.000,0,0,33554432,1,1,0,1,1,1
3,inter_out,f32,4194304,glibc_t1,P5,12,0,1,7020357.00,0.0000,0.0000,7025000.0,0.0,3.000,50331648.0,0.000,0,0,50331648,2,0,0,1,1,1
3,inter_out,f32,4194304,glibc_t1,P6,12,1,1,6097090.00,0.0000,0.0000,6102000.0,0.0,2.000,33554432.0,0.000,0,0,33554432,1,1,0,1,1,1
3,inter_out,f32,4194304,glibc_t1,FIXED_TWIN,12,2,1,5924937.00,0.0000,0.0000,5929000.0,0.0,2.000,33554432.0,0.000,0,0,33554432,1,1,0,1,1,1
3,inter_out,f32,4194304,glibc_t1,P6,13,0,1,5863050.00,0.0000,0.0000,5867000.0,0.0,2.000,33554432.0,0.000,0,0,33554432,1,1,0,1,1,1
3,inter_out,f32,4194304,glibc_t1,FIXED_TWIN,13,1,1,5758140.00,0.0000,0.0000,5761000.0,0.0,2.000,33554432.0,0.000,0,0,33554432,1,1,0,1,1,1
3,inter_out,f32,4194304,glibc_t1,P5,13,2,1,7117915.00,0.0000,0.0000,7122000.0,0.0,3.000,50331648.0,0.000,0,0,50331648,2,0,0,1,1,1
3,inter_out,f32,4194304,glibc_t1,FIXED_TWIN,14,0,1,6096733.00,0.0000,0.0000,6101000.0,0.0,2.000,33554432.0,0.000,0,0,33554432,1,1,0,1,1,1
3,inter_out,f32,4194304,glibc_t1,P5,14,1,1,7383244.00,0.0000,0.0000,7387000.0,0.0,3.000,50331648.0,0.000,0,0,50331648,2,0,0,1,1,1
3,inter_out,f32,4194304,glibc_t1,P6,14,2,1,6159942.00,0.0000,0.0000,6164000.0,0.0,2.000,33554432.0,0.000,0,0,33554432,1,1,0,1,1,1
3,inter_out,f32,16777216,glibc_t1,P5,0,0,1,118270285.00,49155.0000,0.0000,39093000.0,79175000.0,3.000,201326592.0,0.000,0,0,201326592,2,0,0,1,1,1
3,inter_out,f32,16777216,glibc_t1,P6,0,1,1,92489774.00,32770.0000,0.0000,32265000.0,60232000.0,2.000,134217728.0,0.000,0,0,134217728,1,1,0,1,1,1
3,inter_out,f32,16777216,glibc_t1,FIXED_TWIN,0,2,1,90331778.00,32770.0000,0.0000,29234000.0,61103000.0,2.000,134217728.0,0.000,0,0,134217728,1,1,0,1,1,1
3,inter_out,f32,16777216,glibc_t1,P6,1,0,1,90774927.00,32770.0000,0.0000,39358000.0,51422000.0,2.000,134217728.0,0.000,0,0,134217728,1,1,0,1,1,1
3,inter_out,f32,16777216,glibc_t1,FIXED_TWIN,1,1,1,90710061.00,32770.0000,0.0000,35324000.0,55382000.0,2.000,134217728.0,0.000,0,0,134217728,1,1,0,1,1,1
3,inter_out,f32,16777216,glibc_t1,P5,1,2,1,116742900.00,49155.0000,0.0000,24398000.0,92350000.0,3.000,201326592.0,0.000,0,0,201326592,2,0,0,1,1,1
3,inter_out,f32,16777216,glibc_t1,FIXED_TWIN,2,0,1,89847630.00,32770.0000,0.0000,42871000.0,46946000.0,2.000,134217728.0,0.000,0,0,134217728,1,1,0,1,1,1
3,inter_out,f32,16777216,glibc_t1,P5,2,1,1,118286249.00,49155.0000,0.0000,27106000.0,91185000.0,3.000,201326592.0,0.000,0,0,201326592,2,0,0,1,1,1
3,inter_out,f32,16777216,glibc_t1,P6,2,2,1,90838138.00,32770.0000,0.0000,23395000.0,67448000.0,2.000,134217728.0,0.000,0,0,134217728,1,1,0,1,1,1
3,inter_out,f32,16777216,glibc_t1,P5,3,0,1,117051974.00,49155.0000,0.0000,32551000.0,84495000.0,3.000,201326592.0,0.000,0,0,201326592,2,0,0,1,1,1
3,inter_out,f32,16777216,glibc_t1,P6,3,1,1,89331697.00,32770.0000,0.0000,26607000.0,62730000.0,2.000,134217728.0,0.000,0,0,134217728,1,1,0,1,1,1
3,inter_out,f32,16777216,glibc_t1,FIXED_TWIN,3,2,1,89419365.00,32770.0000,0.0000,26656000.0,62773000.0,2.000,134217728.0,0.000,0,0,134217728,1,1,0,1,1,1
3,inter_out,f32,16777216,glibc_t1,P6,4,0,1,88881235.00,32770.0000,0.0000,22373000.0,66514000.0,2.000,134217728.0,0.000,0,0,134217728,1,1,0,1,1,1
3,inter_out,f32,16777216,glibc_t1,FIXED_TWIN,4,1,1,90015819.00,32770.0000,0.0000,29045000.0,60949000.0,2.000,134217728.0,0.000,0,0,134217728,1,1,0,1,1,1
3,inter_out,f32,16777216,glibc_t1,P5,4,2,1,116837926.00,49155.0000,0.0000,14355000.0,102488000.0,3.000,201326592.0,0.000,0,0,201326592,2,0,0,1,1,1
3,inter_out,f32,16777216,glibc_t1,FIXED_TWIN,5,0,1,89324156.00,32770.0000,0.0000,40694000.0,48635000.0,2.000,134217728.0,0.000,0,0,134217728,1,1,0,1,1,1
3,inter_out,f32,16777216,glibc_t1,P5,5,1,1,116784826.00,49155.0000,0.0000,36358000.0,80376000.0,3.000,201326592.0,0.000,0,0,201326592,2,0,0,1,1,1
3,inter_out,f32,16777216,glibc_t1,P6,5,2,1,89279453.00,32770.0000,0.0000,28672000.0,60613000.0,2.000,134217728.0,0.000,0,0,134217728,1,1,0,1,1,1
3,inter_out,f32,16777216,glibc_t1,P5,6,0,1,117365342.00,49155.0000,0.0000,26642000.0,90743000.0,3.000,201326592.0,0.000,0,0,201326592,2,0,0,1,1,1
3,inter_out,f32,16777216,glibc_t1,P6,6,1,1,90749076.00,32770.0000,0.0000,31355000.0,59402000.0,2.000,134217728.0,0.000,0,0,134217728,1,1,0,1,1,1
3,inter_out,f32,16777216,glibc_t1,FIXED_TWIN,6,2,1,90523438.00,32770.0000,0.0000,23238000.0,67257000.0,2.000,134217728.0,0.000,0,0,134217728,1,1,0,1,1,1
3,inter_out,f32,16777216,glibc_t1,P6,7,0,1,90380287.00,32770.0000,0.0000,23164000.0,67188000.0,2.000,134217728.0,0.000,0,0,134217728,1,1,0,1,1,1
3,inter_out,f32,16777216,glibc_t1,FIXED_TWIN,7,1,1,91952252.00,32770.0000,0.0000,23954000.0,67978000.0,2.000,134217728.0,0.000,0,0,134217728,1,1,0,1,1,1
3,inter_out,f32,16777216,glibc_t1,P5,7,2,1,117712533.00,49155.0000,0.0000,34817000.0,82900000.0,3.000,201326592.0,0.000,0,0,201326592,2,0,0,1,1,1
3,inter_out,f32,16777216,glibc_t1,FIXED_TWIN,8,0,1,91323257.00,32770.0000,0.0000,15650000.0,75631000.0,2.000,134217728.0,0.000,0,0,134217728,1,1,0,1,1,1
3,inter_out,f32,16777216,glibc_t1,P5,8,1,1,118216186.00,49155.0000,0.0000,29154000.0,89034000.0,3.000,201326592.0,0.000,0,0,201326592,2,0,0,1,1,1
3,inter_out,f32,16777216,glibc_t1,P6,8,2,1,90712821.00,32770.0000,0.0000,31281000.0,59381000.0,2.000,134217728.0,0.000,0,0,134217728,1,1,0,1,1,1
3,inter_out,f32,16777216,glibc_t1,P5,9,0,1,134080261.00,49155.0000,0.0000,31013000.0,102969000.0,3.000,201326592.0,0.000,0,0,201326592,2,0,0,1,1,1
3,inter_out,f32,16777216,glibc_t1,P6,9,1,1,91849860.00,32770.0000,0.0000,27167000.0,63239000.0,2.000,134217728.0,0.000,0,0,134217728,1,1,0,1,1,1
3,inter_out,f32,16777216,glibc_t1,FIXED_TWIN,9,2,1,89664172.00,32770.0000,0.0000,26798000.0,62873000.0,2.000,134217728.0,0.000,0,0,134217728,1,1,0,1,1,1
3,inter_out,f32,16777216,glibc_t1,P6,10,0,1,90282112.00,32770.0000,0.0000,29185000.0,61046000.0,2.000,134217728.0,0.000,0,0,134217728,1,1,0,1,1,1
3,inter_out,f32,16777216,glibc_t1,FIXED_TWIN,10,1,1,93895516.00,32770.0000,0.0000,26920000.0,66985000.0,2.000,134217728.0,0.000,0,0,134217728,1,1,0,1,1,1
3,inter_out,f32,16777216,glibc_t1,P5,10,2,1,115159108.00,49155.0000,0.0000,15576000.0,99593000.0,3.000,201326592.0,0.000,0,0,201326592,2,0,0,1,1,1
3,inter_out,f32,16777216,glibc_t1,FIXED_TWIN,11,0,1,90481777.00,32770.0000,0.0000,27188000.0,63261000.0,2.000,134217728.0,0.000,0,0,134217728,1,1,0,1,1,1
3,inter_out,f32,16777216,glibc_t1,P5,11,1,1,119743971.00,49155.0000,0.0000,35874000.0,83868000.0,3.000,201326592.0,0.000,0,0,201326592,2,0,0,1,1,1
3,inter_out,f32,16777216,glibc_t1,P6,11,2,1,92285863.00,32770.0000,0.0000,28147000.0,64134000.0,2.000,134217728.0,0.000,0,0,134217728,1,1,0,1,1,1
3,inter_out,f32,16777216,glibc_t1,P5,12,0,1,121781321.00,49155.0000,0.0000,34864000.0,86922000.0,3.000,201326592.0,0.000,0,0,201326592,2,0,0,1,1,1
3,inter_out,f32,16777216,glibc_t1,P6,12,1,1,91740541.00,32770.0000,0.0000,27872000.0,63865000.0,2.000,134217728.0,0.000,0,0,134217728,1,1,0,1,1,1
3,inter_out,f32,16777216,glibc_t1,FIXED_TWIN,12,2,1,91263483.00,32770.0000,0.0000,23628000.0,67643000.0,2.000,134217728.0,0.000,0,0,134217728,1,1,0,1,1,1
3,inter_out,f32,16777216,glibc_t1,P6,13,0,1,91496009.00,32770.0000,0.0000,35740000.0,55751000.0,2.000,134217728.0,0.000,0,0,134217728,1,1,0,1,1,1
3,inter_out,f32,16777216,glibc_t1,FIXED_TWIN,13,1,1,91469799.00,32770.0000,0.0000,27733000.0,63743000.0,2.000,134217728.0,0.000,0,0,134217728,1,1,0,1,1,1
3,inter_out,f32,16777216,glibc_t1,P5,13,2,1,115957470.00,49155.0000,0.0000,27985000.0,87977000.0,3.000,201326592.0,0.000,0,0,201326592,2,0,0,1,1,1
3,inter_out,f32,16777216,glibc_t1,FIXED_TWIN,14,0,1,90170968.00,32770.0000,0.0000,39067000.0,51111000.0,2.000,134217728.0,0.000,0,0,134217728,1,1,0,1,1,1
3,inter_out,f32,16777216,glibc_t1,P5,14,1,1,115353431.00,49155.0000,0.0000,23675000.0,91683000.0,3.000,201326592.0,0.000,0,0,201326592,2,0,0,1,1,1
3,inter_out,f32,16777216,glibc_t1,P6,14,2,1,89490650.00,32770.0000,0.0000,22723000.0,66776000.0,2.000,134217728.0,0.000,0,0,134217728,1,1,0,1,1,1
3,after_use,f32,64,glibc_t1,P5,0,0,1000,331.32,0.0000,0.0000,172.0,164.0,2.000,512.0,0.000,0,0,512000,2,0,0,0,2,1
3,after_use,f32,64,glibc_t1,FIXED_TWIN,0,1,1000,367.10,0.0000,0.0000,368.0,0.0,2.000,512.0,0.000,0,0,512000,2,0,0,0,2,1
3,after_use,f32,64,glibc_t1,FIXED_TWIN,1,0,1000,329.16,0.0000,0.0000,331.0,0.0,2.000,512.0,0.000,0,0,512000,2,0,0,0,2,1
3,after_use,f32,64,glibc_t1,P5,1,1,1000,331.47,0.0000,0.0000,332.0,0.0,2.000,512.0,0.000,0,0,512000,2,0,0,0,2,1
3,after_use,f32,64,glibc_t1,P5,2,0,1000,326.99,0.0000,0.0000,328.0,0.0,2.000,512.0,0.000,0,0,512000,2,0,0,0,2,1
3,after_use,f32,64,glibc_t1,FIXED_TWIN,2,1,1000,364.27,0.0000,0.0000,366.0,0.0,2.000,512.0,0.000,0,0,512000,2,0,0,0,2,1
3,after_use,f32,64,glibc_t1,FIXED_TWIN,3,0,1000,333.79,0.0000,0.0000,335.0,0.0,2.000,512.0,0.000,0,0,512000,2,0,0,0,2,1
3,after_use,f32,64,glibc_t1,P5,3,1,1000,387.99,0.0000,0.0000,390.0,0.0,2.000,512.0,0.000,0,0,512000,2,0,0,0,2,1
3,after_use,f32,64,glibc_t1,P5,4,0,1000,327.84,0.0000,0.0000,329.0,0.0,2.000,512.0,0.000,0,0,512000,2,0,0,0,2,1
3,after_use,f32,64,glibc_t1,FIXED_TWIN,4,1,1000,389.21,0.0000,0.0000,390.0,0.0,2.000,512.0,0.000,0,0,512000,2,0,0,0,2,1
3,after_use,f32,64,glibc_t1,FIXED_TWIN,5,0,1000,405.67,0.0000,0.0000,407.0,0.0,2.000,512.0,0.000,0,0,512000,2,0,0,0,2,1
3,after_use,f32,64,glibc_t1,P5,5,1,1000,349.86,0.0000,0.0000,351.0,0.0,2.000,512.0,0.000,0,0,512000,2,0,0,0,2,1
3,after_use,f32,64,glibc_t1,P5,6,0,1000,513.77,0.0000,0.0000,515.0,0.0,2.000,512.0,0.000,0,0,512000,2,0,0,0,2,1
3,after_use,f32,64,glibc_t1,FIXED_TWIN,6,1,1000,376.03,0.0000,0.0000,377.0,0.0,2.000,512.0,0.000,0,0,512000,2,0,0,0,2,1
3,after_use,f32,64,glibc_t1,FIXED_TWIN,7,0,1000,345.76,0.0000,0.0000,347.0,0.0,2.000,512.0,0.000,0,0,512000,2,0,0,0,2,1
3,after_use,f32,64,glibc_t1,P5,7,1,1000,353.64,0.0000,0.0000,354.0,0.0,2.000,512.0,0.000,0,0,512000,2,0,0,0,2,1
3,after_use,f32,64,glibc_t1,P5,8,0,1000,350.38,0.0000,0.0000,351.0,0.0,2.000,512.0,0.000,0,0,512000,2,0,0,0,2,1
3,after_use,f32,64,glibc_t1,FIXED_TWIN,8,1,1000,346.64,0.0000,0.0000,347.0,0.0,2.000,512.0,0.000,0,0,512000,2,0,0,0,2,1
3,after_use,f32,64,glibc_t1,FIXED_TWIN,9,0,1000,351.04,0.0000,0.0000,352.0,0.0,2.000,512.0,0.000,0,0,512000,2,0,0,0,2,1
3,after_use,f32,64,glibc_t1,P5,9,1,1000,348.64,0.0000,0.0000,349.0,0.0,2.000,512.0,0.000,0,0,512000,2,0,0,0,2,1
3,after_use,f32,64,glibc_t1,P5,10,0,1000,376.32,0.0000,0.0000,377.0,0.0,2.000,512.0,0.000,0,0,512000,2,0,0,0,2,1
3,after_use,f32,64,glibc_t1,FIXED_TWIN,10,1,1000,351.71,0.0000,0.0000,352.0,0.0,2.000,512.0,0.000,0,0,512000,2,0,0,0,2,1
3,after_use,f32,64,glibc_t1,FIXED_TWIN,11,0,1000,353.26,0.0000,0.0000,353.0,0.0,2.000,512.0,0.000,0,0,512000,2,0,0,0,2,1
3,after_use,f32,64,glibc_t1,P5,11,1,1000,348.61,0.0000,0.0000,349.0,0.0,2.000,512.0,0.000,0,0,512000,2,0,0,0,2,1
3,after_use,f32,64,glibc_t1,P5,12,0,1000,348.86,0.0000,0.0000,350.0,0.0,2.000,512.0,0.000,0,0,512000,2,0,0,0,2,1
3,after_use,f32,64,glibc_t1,FIXED_TWIN,12,1,1000,350.21,0.0000,0.0000,351.0,0.0,2.000,512.0,0.000,0,0,512000,2,0,0,0,2,1
3,after_use,f32,64,glibc_t1,FIXED_TWIN,13,0,1000,349.77,0.0000,0.0000,351.0,0.0,2.000,512.0,0.000,0,0,512000,2,0,0,0,2,1
3,after_use,f32,64,glibc_t1,P5,13,1,1000,349.02,0.0000,0.0000,349.0,0.0,2.000,512.0,0.000,0,0,512000,2,0,0,0,2,1
3,after_use,f32,64,glibc_t1,P5,14,0,1000,347.40,0.0000,0.0000,348.0,0.0,2.000,512.0,0.000,0,0,512000,2,0,0,0,2,1
3,after_use,f32,64,glibc_t1,FIXED_TWIN,14,1,1000,351.40,0.0000,0.0000,352.0,0.0,2.000,512.0,0.000,0,0,512000,2,0,0,0,2,1
3,after_use,f32,1024,glibc_t1,P5,0,0,1000,672.21,0.0000,0.0000,676.0,0.0,2.000,8192.0,0.000,0,0,8192000,2,0,0,0,2,1
3,after_use,f32,1024,glibc_t1,FIXED_TWIN,0,1,1000,703.03,0.0000,0.0000,707.0,0.0,2.000,8192.0,0.000,0,0,8192000,2,0,0,0,2,1
3,after_use,f32,1024,glibc_t1,FIXED_TWIN,1,0,1000,659.53,0.0000,0.0000,663.0,0.0,2.000,8192.0,0.000,0,0,8192000,2,0,0,0,2,1
3,after_use,f32,1024,glibc_t1,P5,1,1,1000,705.25,0.0000,0.0000,708.0,0.0,2.000,8192.0,0.000,0,0,8192000,2,0,0,0,2,1
3,after_use,f32,1024,glibc_t1,P5,2,0,1000,704.35,0.0000,0.0000,708.0,0.0,2.000,8192.0,0.000,0,0,8192000,2,0,0,0,2,1
3,after_use,f32,1024,glibc_t1,FIXED_TWIN,2,1,1000,799.42,0.0000,0.0000,804.0,0.0,2.000,8192.0,0.000,0,0,8192000,2,0,0,0,2,1
3,after_use,f32,1024,glibc_t1,FIXED_TWIN,3,0,1000,733.84,0.0000,0.0000,737.0,0.0,2.000,8192.0,0.000,0,0,8192000,2,0,0,0,2,1
3,after_use,f32,1024,glibc_t1,P5,3,1,1000,666.60,0.0000,0.0000,670.0,0.0,2.000,8192.0,0.000,0,0,8192000,2,0,0,0,2,1
3,after_use,f32,1024,glibc_t1,P5,4,0,1000,699.04,0.0000,0.0000,703.0,0.0,2.000,8192.0,0.000,0,0,8192000,2,0,0,0,2,1
3,after_use,f32,1024,glibc_t1,FIXED_TWIN,4,1,1000,724.35,0.0000,0.0000,728.0,0.0,2.000,8192.0,0.000,0,0,8192000,2,0,0,0,2,1
3,after_use,f32,1024,glibc_t1,FIXED_TWIN,5,0,1000,726.39,0.0000,0.0000,730.0,0.0,2.000,8192.0,0.000,0,0,8192000,2,0,0,0,2,1
3,after_use,f32,1024,glibc_t1,P5,5,1,1000,710.68,0.0000,0.0000,715.0,0.0,2.000,8192.0,0.000,0,0,8192000,2,0,0,0,2,1
3,after_use,f32,1024,glibc_t1,P5,6,0,1000,704.13,0.0000,0.0000,707.0,0.0,2.000,8192.0,0.000,0,0,8192000,2,0,0,0,2,1
3,after_use,f32,1024,glibc_t1,FIXED_TWIN,6,1,1000,786.17,0.0000,0.0000,790.0,0.0,2.000,8192.0,0.000,0,0,8192000,2,0,0,0,2,1
3,after_use,f32,1024,glibc_t1,FIXED_TWIN,7,0,1000,722.67,0.0000,0.0000,727.0,0.0,2.000,8192.0,0.000,0,0,8192000,2,0,0,0,2,1
3,after_use,f32,1024,glibc_t1,P5,7,1,1000,671.12,0.0000,0.0000,675.0,0.0,2.000,8192.0,0.000,0,0,8192000,2,0,0,0,2,1
3,after_use,f32,1024,glibc_t1,P5,8,0,1000,705.34,0.0000,0.0000,710.0,0.0,2.000,8192.0,0.000,0,0,8192000,2,0,0,0,2,1
3,after_use,f32,1024,glibc_t1,FIXED_TWIN,8,1,1000,720.51,0.0000,0.0000,724.0,0.0,2.000,8192.0,0.000,0,0,8192000,2,0,0,0,2,1
3,after_use,f32,1024,glibc_t1,FIXED_TWIN,9,0,1000,708.43,0.0000,0.0000,711.0,0.0,2.000,8192.0,0.000,0,0,8192000,2,0,0,0,2,1
3,after_use,f32,1024,glibc_t1,P5,9,1,1000,691.02,0.0000,0.0000,694.0,0.0,2.000,8192.0,0.000,0,0,8192000,2,0,0,0,2,1
3,after_use,f32,1024,glibc_t1,P5,10,0,1000,668.79,0.0000,0.0000,672.0,0.0,2.000,8192.0,0.000,0,0,8192000,2,0,0,0,2,1
3,after_use,f32,1024,glibc_t1,FIXED_TWIN,10,1,1000,712.93,0.0000,0.0000,716.0,0.0,2.000,8192.0,0.000,0,0,8192000,2,0,0,0,2,1
3,after_use,f32,1024,glibc_t1,FIXED_TWIN,11,0,1000,670.60,0.0000,0.0000,680.0,0.0,2.000,8192.0,0.000,0,0,8192000,2,0,0,0,2,1
3,after_use,f32,1024,glibc_t1,P5,11,1,1000,713.63,0.0000,0.0000,718.0,0.0,2.000,8192.0,0.000,0,0,8192000,2,0,0,0,2,1
3,after_use,f32,1024,glibc_t1,P5,12,0,1000,734.21,0.0000,0.0000,737.0,0.0,2.000,8192.0,0.000,0,0,8192000,2,0,0,0,2,1
3,after_use,f32,1024,glibc_t1,FIXED_TWIN,12,1,1000,698.74,0.0000,0.0000,702.0,0.0,2.000,8192.0,0.000,0,0,8192000,2,0,0,0,2,1
3,after_use,f32,1024,glibc_t1,FIXED_TWIN,13,0,1000,710.47,0.0000,0.0000,713.0,0.0,2.000,8192.0,0.000,0,0,8192000,2,0,0,0,2,1
3,after_use,f32,1024,glibc_t1,P5,13,1,1000,675.62,0.0000,0.0000,680.0,0.0,2.000,8192.0,0.000,0,0,8192000,2,0,0,0,2,1
3,after_use,f32,1024,glibc_t1,P5,14,0,1000,759.98,0.0000,0.0000,763.0,0.0,2.000,8192.0,0.000,0,0,8192000,2,0,0,0,2,1
3,after_use,f32,1024,glibc_t1,FIXED_TWIN,14,1,1000,696.45,0.0000,0.0000,700.0,0.0,2.000,8192.0,0.000,0,0,8192000,2,0,0,0,2,1
3,after_use,f32,4096,glibc_t1,P5,0,0,1,1602.00,0.0000,0.0000,3000.0,0.0,2.000,32768.0,0.000,0,0,32768,2,0,0,0,2,1
3,after_use,f32,4096,glibc_t1,FIXED_TWIN,0,1,1,1468.00,0.0000,0.0000,2000.0,0.0,2.000,32768.0,0.000,0,0,32768,2,0,0,0,2,1
3,after_use,f32,4096,glibc_t1,FIXED_TWIN,1,0,1,1531.00,0.0000,0.0000,2000.0,0.0,2.000,32768.0,0.000,0,0,32768,2,0,0,0,2,1
3,after_use,f32,4096,glibc_t1,P5,1,1,1,1486.00,0.0000,0.0000,1000.0,0.0,2.000,32768.0,0.000,0,0,32768,2,0,0,0,2,1
3,after_use,f32,4096,glibc_t1,P5,2,0,1,1469.00,0.0000,0.0000,2000.0,0.0,2.000,32768.0,0.000,0,0,32768,2,0,0,0,2,1
3,after_use,f32,4096,glibc_t1,FIXED_TWIN,2,1,1,1440.00,0.0000,0.0000,2000.0,0.0,2.000,32768.0,0.000,0,0,32768,2,0,0,0,2,1
3,after_use,f32,4096,glibc_t1,FIXED_TWIN,3,0,1,1431.00,0.0000,0.0000,1000.0,0.0,2.000,32768.0,0.000,0,0,32768,2,0,0,0,2,1
3,after_use,f32,4096,glibc_t1,P5,3,1,1,1442.00,0.0000,0.0000,2000.0,0.0,2.000,32768.0,0.000,0,0,32768,2,0,0,0,2,1
3,after_use,f32,4096,glibc_t1,P5,4,0,1,1445.00,0.0000,0.0000,2000.0,0.0,2.000,32768.0,0.000,0,0,32768,2,0,0,0,2,1
3,after_use,f32,4096,glibc_t1,FIXED_TWIN,4,1,1,1462.00,0.0000,0.0000,2000.0,0.0,2.000,32768.0,0.000,0,0,32768,2,0,0,0,2,1
3,after_use,f32,4096,glibc_t1,FIXED_TWIN,5,0,1,1455.00,0.0000,0.0000,2000.0,0.0,2.000,32768.0,0.000,0,0,32768,2,0,0,0,2,1
3,after_use,f32,4096,glibc_t1,P5,5,1,1,1489.00,0.0000,0.0000,2000.0,0.0,2.000,32768.0,0.000,0,0,32768,2,0,0,0,2,1
3,after_use,f32,4096,glibc_t1,P5,6,0,1,1500.00,0.0000,0.0000,2000.0,0.0,2.000,32768.0,0.000,0,0,32768,2,0,0,0,2,1
3,after_use,f32,4096,glibc_t1,FIXED_TWIN,6,1,1,1476.00,0.0000,0.0000,2000.0,0.0,2.000,32768.0,0.000,0,0,32768,2,0,0,0,2,1
3,after_use,f32,4096,glibc_t1,FIXED_TWIN,7,0,1,1487.00,0.0000,0.0000,2000.0,0.0,2.000,32768.0,0.000,0,0,32768,2,0,0,0,2,1
3,after_use,f32,4096,glibc_t1,P5,7,1,1,1499.00,0.0000,0.0000,2000.0,0.0,2.000,32768.0,0.000,0,0,32768,2,0,0,0,2,1
3,after_use,f32,4096,glibc_t1,P5,8,0,1,1446.00,0.0000,0.0000,2000.0,0.0,2.000,32768.0,0.000,0,0,32768,2,0,0,0,2,1
3,after_use,f32,4096,glibc_t1,FIXED_TWIN,8,1,1,4339.00,0.0000,0.0000,4000.0,0.0,2.000,32768.0,0.000,0,0,32768,2,0,0,0,2,1
3,after_use,f32,4096,glibc_t1,FIXED_TWIN,9,0,1,1447.00,0.0000,0.0000,2000.0,0.0,2.000,32768.0,0.000,0,0,32768,2,0,0,0,2,1
3,after_use,f32,4096,glibc_t1,P5,9,1,1,1492.00,0.0000,0.0000,2000.0,0.0,2.000,32768.0,0.000,0,0,32768,2,0,0,0,2,1
3,after_use,f32,4096,glibc_t1,P5,10,0,1,1454.00,0.0000,0.0000,1000.0,0.0,2.000,32768.0,0.000,0,0,32768,2,0,0,0,2,1
3,after_use,f32,4096,glibc_t1,FIXED_TWIN,10,1,1,1459.00,0.0000,0.0000,2000.0,0.0,2.000,32768.0,0.000,0,0,32768,2,0,0,0,2,1
3,after_use,f32,4096,glibc_t1,FIXED_TWIN,11,0,1,1495.00,0.0000,0.0000,2000.0,0.0,2.000,32768.0,0.000,0,0,32768,2,0,0,0,2,1
3,after_use,f32,4096,glibc_t1,P5,11,1,1,1463.00,0.0000,0.0000,2000.0,0.0,2.000,32768.0,0.000,0,0,32768,2,0,0,0,2,1
3,after_use,f32,4096,glibc_t1,P5,12,0,1,1461.00,0.0000,0.0000,2000.0,0.0,2.000,32768.0,0.000,0,0,32768,2,0,0,0,2,1
3,after_use,f32,4096,glibc_t1,FIXED_TWIN,12,1,1,1453.00,0.0000,0.0000,2000.0,0.0,2.000,32768.0,0.000,0,0,32768,2,0,0,0,2,1
3,after_use,f32,4096,glibc_t1,FIXED_TWIN,13,0,1,1452.00,0.0000,0.0000,2000.0,0.0,2.000,32768.0,0.000,0,0,32768,2,0,0,0,2,1
3,after_use,f32,4096,glibc_t1,P5,13,1,1,1421.00,0.0000,0.0000,2000.0,0.0,2.000,32768.0,0.000,0,0,32768,2,0,0,0,2,1
3,after_use,f32,4096,glibc_t1,P5,14,0,1,1451.00,0.0000,0.0000,2000.0,0.0,2.000,32768.0,0.000,0,0,32768,2,0,0,0,2,1
3,after_use,f32,4096,glibc_t1,FIXED_TWIN,14,1,1,1456.00,0.0000,0.0000,1000.0,0.0,2.000,32768.0,0.000,0,0,32768,2,0,0,0,2,1
3,after_use,f32,16384,glibc_t1,P5,0,0,1,6373.00,0.0000,0.0000,7000.0,0.0,2.000,131072.0,0.000,0,0,131072,2,0,0,0,2,1
3,after_use,f32,16384,glibc_t1,FIXED_TWIN,0,1,1,6392.00,0.0000,0.0000,6000.0,0.0,2.000,131072.0,0.000,0,0,131072,2,0,0,0,2,1
3,after_use,f32,16384,glibc_t1,FIXED_TWIN,1,0,1,6329.00,0.0000,0.0000,6000.0,0.0,2.000,131072.0,0.000,0,0,131072,2,0,0,0,2,1
3,after_use,f32,16384,glibc_t1,P5,1,1,1,6331.00,0.0000,0.0000,7000.0,0.0,2.000,131072.0,0.000,0,0,131072,2,0,0,0,2,1
3,after_use,f32,16384,glibc_t1,P5,2,0,1,11103.00,0.0000,0.0000,11000.0,0.0,2.000,131072.0,0.000,0,0,131072,2,0,0,0,2,1
3,after_use,f32,16384,glibc_t1,FIXED_TWIN,2,1,1,6263.00,0.0000,0.0000,6000.0,0.0,2.000,131072.0,0.000,0,0,131072,2,0,0,0,2,1
3,after_use,f32,16384,glibc_t1,FIXED_TWIN,3,0,1,6270.00,0.0000,0.0000,7000.0,0.0,2.000,131072.0,0.000,0,0,131072,2,0,0,0,2,1
3,after_use,f32,16384,glibc_t1,P5,3,1,1,6307.00,0.0000,0.0000,7000.0,0.0,2.000,131072.0,0.000,0,0,131072,2,0,0,0,2,1
3,after_use,f32,16384,glibc_t1,P5,4,0,1,6285.00,0.0000,0.0000,4000.0,3000.0,2.000,131072.0,0.000,0,0,131072,2,0,0,0,2,1
3,after_use,f32,16384,glibc_t1,FIXED_TWIN,4,1,1,6480.00,0.0000,0.0000,7000.0,0.0,2.000,131072.0,0.000,0,0,131072,2,0,0,0,2,1
3,after_use,f32,16384,glibc_t1,FIXED_TWIN,5,0,1,6430.00,0.0000,0.0000,7000.0,0.0,2.000,131072.0,0.000,0,0,131072,2,0,0,0,2,1
3,after_use,f32,16384,glibc_t1,P5,5,1,1,6321.00,0.0000,0.0000,7000.0,0.0,2.000,131072.0,0.000,0,0,131072,2,0,0,0,2,1
3,after_use,f32,16384,glibc_t1,P5,6,0,1,6303.00,0.0000,0.0000,7000.0,0.0,2.000,131072.0,0.000,0,0,131072,2,0,0,0,2,1
3,after_use,f32,16384,glibc_t1,FIXED_TWIN,6,1,1,18392.00,0.0000,0.0000,19000.0,0.0,2.000,131072.0,0.000,0,0,131072,2,0,0,0,2,1
3,after_use,f32,16384,glibc_t1,FIXED_TWIN,7,0,1,6494.00,0.0000,0.0000,7000.0,0.0,2.000,131072.0,0.000,0,0,131072,2,0,0,0,2,1
3,after_use,f32,16384,glibc_t1,P5,7,1,1,6317.00,0.0000,0.0000,7000.0,0.0,2.000,131072.0,0.000,0,0,131072,2,0,0,0,2,1
3,after_use,f32,16384,glibc_t1,P5,8,0,1,6362.00,0.0000,0.0000,7000.0,0.0,2.000,131072.0,0.000,0,0,131072,2,0,0,0,2,1
3,after_use,f32,16384,glibc_t1,FIXED_TWIN,8,1,1,6316.00,0.0000,0.0000,7000.0,0.0,2.000,131072.0,0.000,0,0,131072,2,0,0,0,2,1
3,after_use,f32,16384,glibc_t1,FIXED_TWIN,9,0,1,6352.00,0.0000,0.0000,6000.0,0.0,2.000,131072.0,0.000,0,0,131072,2,0,0,0,2,1
3,after_use,f32,16384,glibc_t1,P5,9,1,1,6370.00,0.0000,0.0000,7000.0,0.0,2.000,131072.0,0.000,0,0,131072,2,0,0,0,2,1
3,after_use,f32,16384,glibc_t1,P5,10,0,1,6280.00,0.0000,0.0000,7000.0,0.0,2.000,131072.0,0.000,0,0,131072,2,0,0,0,2,1
3,after_use,f32,16384,glibc_t1,FIXED_TWIN,10,1,1,6245.00,0.0000,0.0000,6000.0,0.0,2.000,131072.0,0.000,0,0,131072,2,0,0,0,2,1
3,after_use,f32,16384,glibc_t1,FIXED_TWIN,11,0,1,6325.00,0.0000,0.0000,7000.0,0.0,2.000,131072.0,0.000,0,0,131072,2,0,0,0,2,1
3,after_use,f32,16384,glibc_t1,P5,11,1,1,6251.00,0.0000,0.0000,6000.0,0.0,2.000,131072.0,0.000,0,0,131072,2,0,0,0,2,1
3,after_use,f32,16384,glibc_t1,P5,12,0,1,6319.00,0.0000,0.0000,7000.0,0.0,2.000,131072.0,0.000,0,0,131072,2,0,0,0,2,1
3,after_use,f32,16384,glibc_t1,FIXED_TWIN,12,1,1,6276.00,0.0000,0.0000,7000.0,0.0,2.000,131072.0,0.000,0,0,131072,2,0,0,0,2,1
3,after_use,f32,16384,glibc_t1,FIXED_TWIN,13,0,1,6247.00,0.0000,0.0000,7000.0,0.0,2.000,131072.0,0.000,0,0,131072,2,0,0,0,2,1
3,after_use,f32,16384,glibc_t1,P5,13,1,1,6253.00,0.0000,0.0000,7000.0,0.0,2.000,131072.0,0.000,0,0,131072,2,0,0,0,2,1
3,after_use,f32,16384,glibc_t1,P5,14,0,1,6267.00,0.0000,0.0000,7000.0,0.0,2.000,131072.0,0.000,0,0,131072,2,0,0,0,2,1
3,after_use,f32,16384,glibc_t1,FIXED_TWIN,14,1,1,6269.00,0.0000,0.0000,7000.0,0.0,2.000,131072.0,0.000,0,0,131072,2,0,0,0,2,1
3,after_use,f32,65536,glibc_t1,P5,0,0,1,22704.00,0.0000,0.0000,27000.0,0.0,2.000,524288.0,0.000,0,0,524288,2,0,0,0,2,1
3,after_use,f32,65536,glibc_t1,FIXED_TWIN,0,1,1,22439.00,0.0000,0.0000,23000.0,0.0,2.000,524288.0,0.000,0,0,524288,2,0,0,0,2,1
3,after_use,f32,65536,glibc_t1,FIXED_TWIN,1,0,1,22925.00,0.0000,0.0000,25000.0,0.0,2.000,524288.0,0.000,0,0,524288,2,0,0,0,2,1
3,after_use,f32,65536,glibc_t1,P5,1,1,1,22635.00,0.0000,0.0000,24000.0,0.0,2.000,524288.0,0.000,0,0,524288,2,0,0,0,2,1
3,after_use,f32,65536,glibc_t1,P5,2,0,1,22682.00,0.0000,0.0000,23000.0,0.0,2.000,524288.0,0.000,0,0,524288,2,0,0,0,2,1
3,after_use,f32,65536,glibc_t1,FIXED_TWIN,2,1,1,22475.00,0.0000,0.0000,23000.0,0.0,2.000,524288.0,0.000,0,0,524288,2,0,0,0,2,1
3,after_use,f32,65536,glibc_t1,FIXED_TWIN,3,0,1,22598.00,0.0000,0.0000,24000.0,0.0,2.000,524288.0,0.000,0,0,524288,2,0,0,0,2,1
3,after_use,f32,65536,glibc_t1,P5,3,1,1,22777.00,0.0000,0.0000,24000.0,0.0,2.000,524288.0,0.000,0,0,524288,2,0,0,0,2,1
3,after_use,f32,65536,glibc_t1,P5,4,0,1,22294.00,0.0000,0.0000,23000.0,0.0,2.000,524288.0,0.000,0,0,524288,2,0,0,0,2,1
3,after_use,f32,65536,glibc_t1,FIXED_TWIN,4,1,1,23131.00,0.0000,0.0000,24000.0,0.0,2.000,524288.0,0.000,0,0,524288,2,0,0,0,2,1
3,after_use,f32,65536,glibc_t1,FIXED_TWIN,5,0,1,22629.00,0.0000,0.0000,24000.0,0.0,2.000,524288.0,0.000,0,0,524288,2,0,0,0,2,1
3,after_use,f32,65536,glibc_t1,P5,5,1,1,23016.00,0.0000,0.0000,24000.0,0.0,2.000,524288.0,0.000,0,0,524288,2,0,0,0,2,1
3,after_use,f32,65536,glibc_t1,P5,6,0,1,22593.00,0.0000,0.0000,24000.0,0.0,2.000,524288.0,0.000,0,0,524288,2,0,0,0,2,1
3,after_use,f32,65536,glibc_t1,FIXED_TWIN,6,1,1,22341.00,0.0000,0.0000,23000.0,0.0,2.000,524288.0,0.000,0,0,524288,2,0,0,0,2,1
3,after_use,f32,65536,glibc_t1,FIXED_TWIN,7,0,1,22859.00,0.0000,0.0000,24000.0,0.0,2.000,524288.0,0.000,0,0,524288,2,0,0,0,2,1
3,after_use,f32,65536,glibc_t1,P5,7,1,1,22637.00,0.0000,0.0000,24000.0,0.0,2.000,524288.0,0.000,0,0,524288,2,0,0,0,2,1
3,after_use,f32,65536,glibc_t1,P5,8,0,1,22841.00,0.0000,0.0000,23000.0,0.0,2.000,524288.0,0.000,0,0,524288,2,0,0,0,2,1
3,after_use,f32,65536,glibc_t1,FIXED_TWIN,8,1,1,22593.00,0.0000,0.0000,23000.0,0.0,2.000,524288.0,0.000,0,0,524288,2,0,0,0,2,1
3,after_use,f32,65536,glibc_t1,FIXED_TWIN,9,0,1,23453.00,0.0000,0.0000,24000.0,0.0,2.000,524288.0,0.000,0,0,524288,2,0,0,0,2,1
3,after_use,f32,65536,glibc_t1,P5,9,1,1,22906.00,0.0000,0.0000,24000.0,0.0,2.000,524288.0,0.000,0,0,524288,2,0,0,0,2,1
3,after_use,f32,65536,glibc_t1,P5,10,0,1,22402.00,0.0000,0.0000,24000.0,0.0,2.000,524288.0,0.000,0,0,524288,2,0,0,0,2,1
3,after_use,f32,65536,glibc_t1,FIXED_TWIN,10,1,1,22882.00,0.0000,0.0000,24000.0,0.0,2.000,524288.0,0.000,0,0,524288,2,0,0,0,2,1
3,after_use,f32,65536,glibc_t1,FIXED_TWIN,11,0,1,28693.00,0.0000,0.0000,30000.0,0.0,2.000,524288.0,0.000,0,0,524288,2,0,0,0,2,1
3,after_use,f32,65536,glibc_t1,P5,11,1,1,23528.00,0.0000,0.0000,30000.0,0.0,2.000,524288.0,0.000,0,0,524288,2,0,0,0,2,1
3,after_use,f32,65536,glibc_t1,P5,12,0,1,22861.00,0.0000,0.0000,23000.0,0.0,2.000,524288.0,0.000,0,0,524288,2,0,0,0,2,1
3,after_use,f32,65536,glibc_t1,FIXED_TWIN,12,1,1,22442.00,0.0000,0.0000,23000.0,0.0,2.000,524288.0,0.000,0,0,524288,2,0,0,0,2,1
3,after_use,f32,65536,glibc_t1,FIXED_TWIN,13,0,1,38371.00,0.0000,0.0000,39000.0,0.0,2.000,524288.0,0.000,0,0,524288,2,0,0,0,2,1
3,after_use,f32,65536,glibc_t1,P5,13,1,1,23028.00,0.0000,0.0000,24000.0,0.0,2.000,524288.0,0.000,0,0,524288,2,0,0,0,2,1
3,after_use,f32,65536,glibc_t1,P5,14,0,1,22406.00,0.0000,0.0000,23000.0,0.0,2.000,524288.0,0.000,0,0,524288,2,0,0,0,2,1
3,after_use,f32,65536,glibc_t1,FIXED_TWIN,14,1,1,22200.00,0.0000,0.0000,23000.0,0.0,2.000,524288.0,0.000,0,0,524288,2,0,0,0,2,1
3,after_use,f32,262144,glibc_t1,P5,0,0,1,230170.00,0.0000,0.0000,233000.0,0.0,2.000,2097152.0,0.000,0,0,2097152,2,0,0,0,2,1
3,after_use,f32,262144,glibc_t1,FIXED_TWIN,0,1,1,235388.00,0.0000,0.0000,238000.0,0.0,2.000,2097152.0,0.000,0,0,2097152,2,0,0,0,2,1
3,after_use,f32,262144,glibc_t1,FIXED_TWIN,1,0,1,225067.00,0.0000,0.0000,227000.0,0.0,2.000,2097152.0,0.000,0,0,2097152,2,0,0,0,2,1
3,after_use,f32,262144,glibc_t1,P5,1,1,1,260730.00,0.0000,0.0000,264000.0,0.0,2.000,2097152.0,0.000,0,0,2097152,2,0,0,0,2,1
3,after_use,f32,262144,glibc_t1,P5,2,0,1,231943.00,0.0000,0.0000,235000.0,0.0,2.000,2097152.0,0.000,0,0,2097152,2,0,0,0,2,1
3,after_use,f32,262144,glibc_t1,FIXED_TWIN,2,1,1,265657.00,0.0000,0.0000,268000.0,0.0,2.000,2097152.0,0.000,0,0,2097152,2,0,0,0,2,1
3,after_use,f32,262144,glibc_t1,FIXED_TWIN,3,0,1,225020.00,0.0000,0.0000,227000.0,0.0,2.000,2097152.0,0.000,0,0,2097152,2,0,0,0,2,1
3,after_use,f32,262144,glibc_t1,P5,3,1,1,245391.00,0.0000,0.0000,249000.0,0.0,2.000,2097152.0,0.000,0,0,2097152,2,0,0,0,2,1
3,after_use,f32,262144,glibc_t1,P5,4,0,1,224214.00,0.0000,0.0000,226000.0,0.0,2.000,2097152.0,0.000,0,0,2097152,2,0,0,0,2,1
3,after_use,f32,262144,glibc_t1,FIXED_TWIN,4,1,1,225893.00,0.0000,0.0000,228000.0,0.0,2.000,2097152.0,0.000,0,0,2097152,2,0,0,0,2,1
3,after_use,f32,262144,glibc_t1,FIXED_TWIN,5,0,1,329337.00,0.0000,0.0000,333000.0,0.0,2.000,2097152.0,0.000,0,0,2097152,2,0,0,0,2,1
3,after_use,f32,262144,glibc_t1,P5,5,1,1,246466.00,0.0000,0.0000,251000.0,0.0,2.000,2097152.0,0.000,0,0,2097152,2,0,0,0,2,1
3,after_use,f32,262144,glibc_t1,P5,6,0,1,225126.00,0.0000,0.0000,227000.0,0.0,2.000,2097152.0,0.000,0,0,2097152,2,0,0,0,2,1
3,after_use,f32,262144,glibc_t1,FIXED_TWIN,6,1,1,225393.00,0.0000,0.0000,228000.0,0.0,2.000,2097152.0,0.000,0,0,2097152,2,0,0,0,2,1
3,after_use,f32,262144,glibc_t1,FIXED_TWIN,7,0,1,249765.00,0.0000,0.0000,253000.0,0.0,2.000,2097152.0,0.000,0,0,2097152,2,0,0,0,2,1
3,after_use,f32,262144,glibc_t1,P5,7,1,1,242772.00,0.0000,0.0000,245000.0,0.0,2.000,2097152.0,0.000,0,0,2097152,2,0,0,0,2,1
3,after_use,f32,262144,glibc_t1,P5,8,0,1,224476.00,0.0000,0.0000,226000.0,0.0,2.000,2097152.0,0.000,0,0,2097152,2,0,0,0,2,1
3,after_use,f32,262144,glibc_t1,FIXED_TWIN,8,1,1,224572.00,0.0000,0.0000,227000.0,0.0,2.000,2097152.0,0.000,0,0,2097152,2,0,0,0,2,1
3,after_use,f32,262144,glibc_t1,FIXED_TWIN,9,0,1,244841.00,0.0000,0.0000,246000.0,0.0,2.000,2097152.0,0.000,0,0,2097152,2,0,0,0,2,1
3,after_use,f32,262144,glibc_t1,P5,9,1,1,231995.00,0.0000,0.0000,235000.0,0.0,2.000,2097152.0,0.000,0,0,2097152,2,0,0,0,2,1
3,after_use,f32,262144,glibc_t1,P5,10,0,1,225019.00,0.0000,0.0000,227000.0,0.0,2.000,2097152.0,0.000,0,0,2097152,2,0,0,0,2,1
3,after_use,f32,262144,glibc_t1,FIXED_TWIN,10,1,1,253026.00,0.0000,0.0000,256000.0,0.0,2.000,2097152.0,0.000,0,0,2097152,2,0,0,0,2,1
3,after_use,f32,262144,glibc_t1,FIXED_TWIN,11,0,1,245100.00,0.0000,0.0000,247000.0,0.0,2.000,2097152.0,0.000,0,0,2097152,2,0,0,0,2,1
3,after_use,f32,262144,glibc_t1,P5,11,1,1,290967.00,0.0000,0.0000,293000.0,0.0,2.000,2097152.0,0.000,0,0,2097152,2,0,0,0,2,1
3,after_use,f32,262144,glibc_t1,P5,12,0,1,225371.00,0.0000,0.0000,227000.0,0.0,2.000,2097152.0,0.000,0,0,2097152,2,0,0,0,2,1
3,after_use,f32,262144,glibc_t1,FIXED_TWIN,12,1,1,224852.00,0.0000,0.0000,226000.0,0.0,2.000,2097152.0,0.000,0,0,2097152,2,0,0,0,2,1
3,after_use,f32,262144,glibc_t1,FIXED_TWIN,13,0,1,245650.00,0.0000,0.0000,247000.0,0.0,2.000,2097152.0,0.000,0,0,2097152,2,0,0,0,2,1
3,after_use,f32,262144,glibc_t1,P5,13,1,1,230687.00,0.0000,0.0000,232000.0,0.0,2.000,2097152.0,0.000,0,0,2097152,2,0,0,0,2,1
3,after_use,f32,262144,glibc_t1,P5,14,0,1,259028.00,0.0000,0.0000,263000.0,0.0,2.000,2097152.0,0.000,0,0,2097152,2,0,0,0,2,1
3,after_use,f32,262144,glibc_t1,FIXED_TWIN,14,1,1,227020.00,0.0000,0.0000,230000.0,0.0,2.000,2097152.0,0.000,0,0,2097152,2,0,0,0,2,1
3,after_use,f32,1048576,glibc_t1,P5,0,0,1,999486.00,0.0000,0.0000,1004000.0,0.0,2.000,8388608.0,0.000,0,0,8388608,2,0,0,0,2,1
3,after_use,f32,1048576,glibc_t1,FIXED_TWIN,0,1,1,978739.00,0.0000,0.0000,981000.0,0.0,2.000,8388608.0,0.000,0,0,8388608,2,0,0,0,2,1
3,after_use,f32,1048576,glibc_t1,FIXED_TWIN,1,0,1,972572.00,0.0000,0.0000,976000.0,0.0,2.000,8388608.0,0.000,0,0,8388608,2,0,0,0,2,1
3,after_use,f32,1048576,glibc_t1,P5,1,1,1,971876.00,0.0000,0.0000,975000.0,0.0,2.000,8388608.0,0.000,0,0,8388608,2,0,0,0,2,1
3,after_use,f32,1048576,glibc_t1,P5,2,0,1,1015695.00,0.0000,0.0000,1018000.0,0.0,2.000,8388608.0,0.000,0,0,8388608,2,0,0,0,2,1
3,after_use,f32,1048576,glibc_t1,FIXED_TWIN,2,1,1,997179.00,0.0000,0.0000,1000000.0,0.0,2.000,8388608.0,0.000,0,0,8388608,2,0,0,0,2,1
3,after_use,f32,1048576,glibc_t1,FIXED_TWIN,3,0,1,983741.00,0.0000,0.0000,987000.0,0.0,2.000,8388608.0,0.000,0,0,8388608,2,0,0,0,2,1
3,after_use,f32,1048576,glibc_t1,P5,3,1,1,1072205.00,0.0000,0.0000,1077000.0,0.0,2.000,8388608.0,0.000,0,0,8388608,2,0,0,0,2,1
3,after_use,f32,1048576,glibc_t1,P5,4,0,1,1022825.00,0.0000,0.0000,1026000.0,0.0,2.000,8388608.0,0.000,0,0,8388608,2,0,0,0,2,1
3,after_use,f32,1048576,glibc_t1,FIXED_TWIN,4,1,1,982557.00,0.0000,0.0000,987000.0,0.0,2.000,8388608.0,0.000,0,0,8388608,2,0,0,0,2,1
3,after_use,f32,1048576,glibc_t1,FIXED_TWIN,5,0,1,971113.00,0.0000,0.0000,977000.0,0.0,2.000,8388608.0,0.000,0,0,8388608,2,0,0,0,2,1
3,after_use,f32,1048576,glibc_t1,P5,5,1,1,983726.00,0.0000,0.0000,988000.0,0.0,2.000,8388608.0,0.000,0,0,8388608,2,0,0,0,2,1
3,after_use,f32,1048576,glibc_t1,P5,6,0,1,1007620.00,0.0000,0.0000,1011000.0,0.0,2.000,8388608.0,0.000,0,0,8388608,2,0,0,0,2,1
3,after_use,f32,1048576,glibc_t1,FIXED_TWIN,6,1,1,986197.00,0.0000,0.0000,989000.0,0.0,2.000,8388608.0,0.000,0,0,8388608,2,0,0,0,2,1
3,after_use,f32,1048576,glibc_t1,FIXED_TWIN,7,0,1,972722.00,0.0000,0.0000,975000.0,0.0,2.000,8388608.0,0.000,0,0,8388608,2,0,0,0,2,1
3,after_use,f32,1048576,glibc_t1,P5,7,1,1,971025.00,0.0000,0.0000,975000.0,0.0,2.000,8388608.0,0.000,0,0,8388608,2,0,0,0,2,1
3,after_use,f32,1048576,glibc_t1,P5,8,0,1,985293.00,0.0000,0.0000,989000.0,0.0,2.000,8388608.0,0.000,0,0,8388608,2,0,0,0,2,1
3,after_use,f32,1048576,glibc_t1,FIXED_TWIN,8,1,1,983891.00,0.0000,0.0000,988000.0,0.0,2.000,8388608.0,0.000,0,0,8388608,2,0,0,0,2,1
3,after_use,f32,1048576,glibc_t1,FIXED_TWIN,9,0,1,967749.00,0.0000,0.0000,972000.0,0.0,2.000,8388608.0,0.000,0,0,8388608,2,0,0,0,2,1
3,after_use,f32,1048576,glibc_t1,P5,9,1,1,972503.00,0.0000,0.0000,963000.0,13000.0,2.000,8388608.0,0.000,0,0,8388608,2,0,0,0,2,1
3,after_use,f32,1048576,glibc_t1,P5,10,0,1,993386.00,0.0000,0.0000,998000.0,0.0,2.000,8388608.0,0.000,0,0,8388608,2,0,0,0,2,1
3,after_use,f32,1048576,glibc_t1,FIXED_TWIN,10,1,1,979402.00,0.0000,0.0000,982000.0,0.0,2.000,8388608.0,0.000,0,0,8388608,2,0,0,0,2,1
3,after_use,f32,1048576,glibc_t1,FIXED_TWIN,11,0,1,965067.00,0.0000,0.0000,968000.0,0.0,2.000,8388608.0,0.000,0,0,8388608,2,0,0,0,2,1
3,after_use,f32,1048576,glibc_t1,P5,11,1,1,979025.00,0.0000,0.0000,983000.0,0.0,2.000,8388608.0,0.000,0,0,8388608,2,0,0,0,2,1
3,after_use,f32,1048576,glibc_t1,P5,12,0,1,995846.00,0.0000,0.0000,999000.0,0.0,2.000,8388608.0,0.000,0,0,8388608,2,0,0,0,2,1
3,after_use,f32,1048576,glibc_t1,FIXED_TWIN,12,1,1,965216.00,0.0000,0.0000,969000.0,0.0,2.000,8388608.0,0.000,0,0,8388608,2,0,0,0,2,1
3,after_use,f32,1048576,glibc_t1,FIXED_TWIN,13,0,1,964694.00,0.0000,0.0000,968000.0,0.0,2.000,8388608.0,0.000,0,0,8388608,2,0,0,0,2,1
3,after_use,f32,1048576,glibc_t1,P5,13,1,1,967900.00,0.0000,0.0000,972000.0,0.0,2.000,8388608.0,0.000,0,0,8388608,2,0,0,0,2,1
3,after_use,f32,1048576,glibc_t1,P5,14,0,1,1015141.00,0.0000,0.0000,1019000.0,0.0,2.000,8388608.0,0.000,0,0,8388608,2,0,0,0,2,1
3,after_use,f32,1048576,glibc_t1,FIXED_TWIN,14,1,1,976459.00,0.0000,0.0000,980000.0,0.0,2.000,8388608.0,0.000,0,0,8388608,2,0,0,0,2,1
3,after_use,f32,4194304,glibc_t1,P5,0,0,1,3949052.00,0.0000,0.0000,3955000.0,0.0,2.000,33554432.0,0.000,0,0,33554432,2,0,0,0,2,1
3,after_use,f32,4194304,glibc_t1,FIXED_TWIN,0,1,1,4270674.00,0.0000,0.0000,4276000.0,0.0,2.000,33554432.0,0.000,0,0,33554432,2,0,0,0,2,1
3,after_use,f32,4194304,glibc_t1,FIXED_TWIN,1,0,1,4510350.00,0.0000,0.0000,4515000.0,0.0,2.000,33554432.0,0.000,0,0,33554432,2,0,0,0,2,1
3,after_use,f32,4194304,glibc_t1,P5,1,1,1,4711731.00,0.0000,0.0000,4715000.0,0.0,2.000,33554432.0,0.000,0,0,33554432,2,0,0,0,2,1
3,after_use,f32,4194304,glibc_t1,P5,2,0,1,4698425.00,0.0000,0.0000,4702000.0,0.0,2.000,33554432.0,0.000,0,0,33554432,2,0,0,0,2,1
3,after_use,f32,4194304,glibc_t1,FIXED_TWIN,2,1,1,5202373.00,0.0000,0.0000,5207000.0,0.0,2.000,33554432.0,0.000,0,0,33554432,2,0,0,0,2,1
3,after_use,f32,4194304,glibc_t1,FIXED_TWIN,3,0,1,5824398.00,0.0000,0.0000,5831000.0,0.0,2.000,33554432.0,0.000,0,0,33554432,2,0,0,0,2,1
3,after_use,f32,4194304,glibc_t1,P5,3,1,1,5351097.00,0.0000,0.0000,5356000.0,0.0,2.000,33554432.0,0.000,0,0,33554432,2,0,0,0,2,1
3,after_use,f32,4194304,glibc_t1,P5,4,0,1,5006736.00,0.0000,0.0000,5012000.0,0.0,2.000,33554432.0,0.000,0,0,33554432,2,0,0,0,2,1
3,after_use,f32,4194304,glibc_t1,FIXED_TWIN,4,1,1,4867060.00,0.0000,0.0000,4871000.0,0.0,2.000,33554432.0,0.000,0,0,33554432,2,0,0,0,2,1
3,after_use,f32,4194304,glibc_t1,FIXED_TWIN,5,0,1,4923414.00,0.0000,0.0000,4928000.0,0.0,2.000,33554432.0,0.000,0,0,33554432,2,0,0,0,2,1
3,after_use,f32,4194304,glibc_t1,P5,5,1,1,4961296.00,0.0000,0.0000,4964000.0,0.0,2.000,33554432.0,0.000,0,0,33554432,2,0,0,0,2,1
3,after_use,f32,4194304,glibc_t1,P5,6,0,1,5271420.00,0.0000,0.0000,5277000.0,0.0,2.000,33554432.0,0.000,0,0,33554432,2,0,0,0,2,1
3,after_use,f32,4194304,glibc_t1,FIXED_TWIN,6,1,1,4878660.00,0.0000,0.0000,4883000.0,0.0,2.000,33554432.0,0.000,0,0,33554432,2,0,0,0,2,1
3,after_use,f32,4194304,glibc_t1,FIXED_TWIN,7,0,1,5130176.00,0.0000,0.0000,5135000.0,0.0,2.000,33554432.0,0.000,0,0,33554432,2,0,0,0,2,1
3,after_use,f32,4194304,glibc_t1,P5,7,1,1,4668847.00,0.0000,0.0000,4673000.0,0.0,2.000,33554432.0,0.000,0,0,33554432,2,0,0,0,2,1
3,after_use,f32,4194304,glibc_t1,P5,8,0,1,4478845.00,0.0000,0.0000,4483000.0,0.0,2.000,33554432.0,0.000,0,0,33554432,2,0,0,0,2,1
3,after_use,f32,4194304,glibc_t1,FIXED_TWIN,8,1,1,4461423.00,0.0000,0.0000,4488000.0,0.0,2.000,33554432.0,0.000,0,0,33554432,2,0,0,0,2,1
3,after_use,f32,4194304,glibc_t1,FIXED_TWIN,9,0,1,4256858.00,0.0000,0.0000,4260000.0,0.0,2.000,33554432.0,0.000,0,0,33554432,2,0,0,0,2,1
3,after_use,f32,4194304,glibc_t1,P5,9,1,1,4429395.00,0.0000,0.0000,4434000.0,0.0,2.000,33554432.0,0.000,0,0,33554432,2,0,0,0,2,1
3,after_use,f32,4194304,glibc_t1,P5,10,0,1,4242610.00,0.0000,0.0000,4246000.0,0.0,2.000,33554432.0,0.000,0,0,33554432,2,0,0,0,2,1
3,after_use,f32,4194304,glibc_t1,FIXED_TWIN,10,1,1,4224263.00,0.0000,0.0000,4228000.0,0.0,2.000,33554432.0,0.000,0,0,33554432,2,0,0,0,2,1
3,after_use,f32,4194304,glibc_t1,FIXED_TWIN,11,0,1,4420323.00,0.0000,0.0000,4424000.0,0.0,2.000,33554432.0,0.000,0,0,33554432,2,0,0,0,2,1
3,after_use,f32,4194304,glibc_t1,P5,11,1,1,4567482.00,0.0000,0.0000,4572000.0,0.0,2.000,33554432.0,0.000,0,0,33554432,2,0,0,0,2,1
3,after_use,f32,4194304,glibc_t1,P5,12,0,1,4523932.00,0.0000,0.0000,4491000.0,0.0,2.000,33554432.0,0.000,0,0,33554432,2,0,0,0,2,1
3,after_use,f32,4194304,glibc_t1,FIXED_TWIN,12,1,1,4717284.00,0.0000,0.0000,4721000.0,0.0,2.000,33554432.0,0.000,0,0,33554432,2,0,0,0,2,1
3,after_use,f32,4194304,glibc_t1,FIXED_TWIN,13,0,1,4574192.00,0.0000,0.0000,4578000.0,0.0,2.000,33554432.0,0.000,0,0,33554432,2,0,0,0,2,1
3,after_use,f32,4194304,glibc_t1,P5,13,1,1,4546728.00,0.0000,0.0000,4550000.0,0.0,2.000,33554432.0,0.000,0,0,33554432,2,0,0,0,2,1
3,after_use,f32,4194304,glibc_t1,P5,14,0,1,4573414.00,0.0000,0.0000,4578000.0,0.0,2.000,33554432.0,0.000,0,0,33554432,2,0,0,0,2,1
3,after_use,f32,4194304,glibc_t1,FIXED_TWIN,14,1,1,4693826.00,0.0000,0.0000,4700000.0,0.0,2.000,33554432.0,0.000,0,0,33554432,2,0,0,0,2,1
3,after_use,f32,16777216,glibc_t1,P5,0,0,1,85499688.00,32770.0000,0.0000,32781000.0,52724000.0,2.000,134217728.0,0.000,0,0,134217728,2,0,0,0,2,1
3,after_use,f32,16777216,glibc_t1,FIXED_TWIN,0,1,1,76782332.00,32770.0000,0.0000,44408000.0,32380000.0,2.000,134217728.0,0.000,0,0,134217728,2,0,0,0,2,1
3,after_use,f32,16777216,glibc_t1,FIXED_TWIN,1,0,1,75752403.00,32770.0000,0.0000,19885000.0,55861000.0,2.000,134217728.0,0.000,0,0,134217728,2,0,0,0,2,1
3,after_use,f32,16777216,glibc_t1,P5,1,1,1,76200326.00,32770.0000,0.0000,32108000.0,44099000.0,2.000,134217728.0,0.000,0,0,134217728,2,0,0,0,2,1
3,after_use,f32,16777216,glibc_t1,P5,2,0,1,74911494.00,32770.0000,0.0000,19432000.0,55468000.0,2.000,134217728.0,0.000,0,0,134217728,2,0,0,0,2,1
3,after_use,f32,16777216,glibc_t1,FIXED_TWIN,2,1,1,80200983.00,32770.0000,0.0000,16104000.0,64059000.0,2.000,134217728.0,0.000,0,0,134217728,2,0,0,0,2,1
3,after_use,f32,16777216,glibc_t1,FIXED_TWIN,3,0,1,76711938.00,32770.0000,0.0000,20374000.0,56256000.0,2.000,134217728.0,0.000,0,0,134217728,2,0,0,0,2,1
3,after_use,f32,16777216,glibc_t1,P5,3,1,1,76967207.00,32770.0000,0.0000,36504000.0,40469000.0,2.000,134217728.0,0.000,0,0,134217728,2,0,0,0,2,1
3,after_use,f32,16777216,glibc_t1,P5,4,0,1,76176536.00,32770.0000,0.0000,24097000.0,52086000.0,2.000,134217728.0,0.000,0,0,134217728,2,0,0,0,2,1
3,after_use,f32,16777216,glibc_t1,FIXED_TWIN,4,1,1,77155943.00,32770.0000,0.0000,8604000.0,68557000.0,2.000,134217728.0,0.000,0,0,134217728,2,0,0,0,2,1
3,after_use,f32,16777216,glibc_t1,FIXED_TWIN,5,0,1,74485980.00,32770.0000,0.0000,13291000.0,61201000.0,2.000,134217728.0,0.000,0,0,134217728,2,0,0,0,2,1
3,after_use,f32,16777216,glibc_t1,P5,5,1,1,74252230.00,32770.0000,0.0000,21168000.0,53089000.0,2.000,134217728.0,0.000,0,0,134217728,2,0,0,0,2,1
3,after_use,f32,16777216,glibc_t1,P5,6,0,1,74592974.00,32770.0000,0.0000,29343000.0,45255000.0,2.000,134217728.0,0.000,0,0,134217728,2,0,0,0,2,1
3,after_use,f32,16777216,glibc_t1,FIXED_TWIN,6,1,1,74364963.00,32770.0000,0.0000,29219000.0,45139000.0,2.000,134217728.0,0.000,0,0,134217728,2,0,0,0,2,1
3,after_use,f32,16777216,glibc_t1,FIXED_TWIN,7,0,1,74759281.00,32770.0000,0.0000,7366000.0,67398000.0,2.000,134217728.0,0.000,0,0,134217728,2,0,0,0,2,1
3,after_use,f32,16777216,glibc_t1,P5,7,1,1,74701471.00,32770.0000,0.0000,21399000.0,53308000.0,2.000,134217728.0,0.000,0,0,134217728,2,0,0,0,2,1
3,after_use,f32,16777216,glibc_t1,P5,8,0,1,72844771.00,32770.0000,0.0000,36439000.0,36411000.0,2.000,134217728.0,0.000,0,0,134217728,2,0,0,0,2,1
3,after_use,f32,16777216,glibc_t1,FIXED_TWIN,8,1,1,85906677.00,32770.0000,0.0000,30924000.0,54989000.0,2.000,134217728.0,0.000,0,0,134217728,2,0,0,0,2,1
3,after_use,f32,16777216,glibc_t1,FIXED_TWIN,9,0,1,75576441.00,32770.0000,0.0000,15788000.0,59796000.0,2.000,134217728.0,0.000,0,0,134217728,2,0,0,0,2,1
3,after_use,f32,16777216,glibc_t1,P5,9,1,1,74888982.00,32770.0000,0.0000,19432000.0,55462000.0,2.000,134217728.0,0.000,0,0,134217728,2,0,0,0,2,1
3,after_use,f32,16777216,glibc_t1,P5,10,0,1,75422827.00,32770.0000,0.0000,31706000.0,43723000.0,2.000,134217728.0,0.000,0,0,134217728,2,0,0,0,2,1
3,after_use,f32,16777216,glibc_t1,FIXED_TWIN,10,1,1,75383304.00,32770.0000,0.0000,35685000.0,39704000.0,2.000,134217728.0,0.000,0,0,134217728,2,0,0,0,2,1
3,after_use,f32,16777216,glibc_t1,FIXED_TWIN,11,0,1,75413007.00,32770.0000,0.0000,23661000.0,51701000.0,2.000,134217728.0,0.000,0,0,134217728,2,0,0,0,2,1
3,after_use,f32,16777216,glibc_t1,P5,11,1,1,75361518.00,32770.0000,0.0000,15665000.0,59680000.0,2.000,134217728.0,0.000,0,0,134217728,2,0,0,0,2,1
3,after_use,f32,16777216,glibc_t1,P5,12,0,1,74707307.00,32770.0000,0.0000,15340000.0,59373000.0,2.000,134217728.0,0.000,0,0,134217728,2,0,0,0,2,1
3,after_use,f32,16777216,glibc_t1,FIXED_TWIN,12,1,1,74762538.00,32770.0000,0.0000,19368000.0,55400000.0,2.000,134217728.0,0.000,0,0,134217728,2,0,0,0,2,1
3,after_use,f32,16777216,glibc_t1,FIXED_TWIN,13,0,1,75984113.00,32770.0000,0.0000,39995000.0,35995000.0,2.000,134217728.0,0.000,0,0,134217728,2,0,0,0,2,1
3,after_use,f32,16777216,glibc_t1,P5,13,1,1,74706514.00,32770.0000,0.0000,19342000.0,55376000.0,2.000,134217728.0,0.000,0,0,134217728,2,0,0,0,2,1
3,after_use,f32,16777216,glibc_t1,P5,14,0,1,77655504.00,32770.0000,0.0000,32855000.0,44804000.0,2.000,134217728.0,0.000,0,0,134217728,2,0,0,0,2,1
3,after_use,f32,16777216,glibc_t1,FIXED_TWIN,14,1,1,75764052.00,32770.0000,0.0000,27837000.0,47843000.0,2.000,134217728.0,0.000,0,0,134217728,2,0,0,0,2,1
3,chain3,f32,64,glibc_t1,P5,0,0,1000,438.70,0.0000,0.0000,229.0,216.0,3.000,768.0,0.000,0,0,256512,3,0,0,0,1,1
3,chain3,f32,64,glibc_t1,P6,0,1,1000,370.20,0.0000,0.0000,191.0,180.0,1.000,256.0,0.000,0,0,256000,1,2,0,0,1,1
3,chain3,f32,64,glibc_t1,P7,0,2,1000,363.93,0.0000,0.0000,188.0,177.0,1.000,256.0,0.000,0,0,256000,1,1,1,0,1,1
3,chain3,f32,64,glibc_t1,FIXED_TWIN,0,3,1000,376.88,0.0000,0.0000,378.0,0.0,1.000,256.0,0.000,0,0,256000,1,1,1,0,1,1
3,chain3,f32,64,glibc_t1,P6,1,0,1000,380.48,0.0000,0.0000,382.0,0.0,1.000,256.0,0.000,0,0,256000,1,2,0,0,1,1
3,chain3,f32,64,glibc_t1,P7,1,1,1000,368.56,0.0000,0.0000,370.0,0.0,1.000,256.0,0.000,0,0,256000,1,1,1,0,1,1
3,chain3,f32,64,glibc_t1,FIXED_TWIN,1,2,1000,341.14,0.0000,0.0000,343.0,0.0,1.000,256.0,0.000,0,0,256000,1,1,1,0,1,1
3,chain3,f32,64,glibc_t1,P5,1,3,1000,424.66,0.0000,0.0000,388.0,38.0,3.000,768.0,0.000,0,0,256512,3,0,0,0,1,1
3,chain3,f32,64,glibc_t1,P7,2,0,1000,339.23,0.0000,0.0000,341.0,0.0,1.000,256.0,0.000,0,0,256000,1,1,1,0,1,1
3,chain3,f32,64,glibc_t1,FIXED_TWIN,2,1,1000,350.73,0.0000,0.0000,352.0,0.0,1.000,256.0,0.000,0,0,256000,1,1,1,0,1,1
3,chain3,f32,64,glibc_t1,P5,2,2,1000,419.79,0.0000,0.0000,421.0,0.0,3.000,768.0,0.000,0,0,256512,3,0,0,0,1,1
3,chain3,f32,64,glibc_t1,P6,2,3,1000,352.92,0.0000,0.0000,354.0,0.0,1.000,256.0,0.000,0,0,256000,1,2,0,0,1,1
3,chain3,f32,64,glibc_t1,FIXED_TWIN,3,0,1000,364.41,0.0000,0.0000,366.0,0.0,1.000,256.0,0.000,0,0,256000,1,1,1,0,1,1
3,chain3,f32,64,glibc_t1,P5,3,1,1000,424.59,0.0000,0.0000,426.0,0.0,3.000,768.0,0.000,0,0,256512,3,0,0,0,1,1
3,chain3,f32,64,glibc_t1,P6,3,2,1000,365.85,0.0000,0.0000,367.0,0.0,1.000,256.0,0.000,0,0,256000,1,2,0,0,1,1
3,chain3,f32,64,glibc_t1,P7,3,3,1000,350.74,0.0000,0.0000,352.0,0.0,1.000,256.0,0.000,0,0,256000,1,1,1,0,1,1
3,chain3,f32,64,glibc_t1,P5,4,0,1000,455.99,0.0000,0.0000,457.0,0.0,3.000,768.0,0.000,0,0,256512,3,0,0,0,1,1
3,chain3,f32,64,glibc_t1,P6,4,1,1000,355.43,0.0000,0.0000,357.0,0.0,1.000,256.0,0.000,0,0,256000,1,2,0,0,1,1
3,chain3,f32,64,glibc_t1,P7,4,2,1000,353.15,0.0000,0.0000,355.0,0.0,1.000,256.0,0.000,0,0,256000,1,1,1,0,1,1
3,chain3,f32,64,glibc_t1,FIXED_TWIN,4,3,1000,342.88,0.0000,0.0000,344.0,0.0,1.000,256.0,0.000,0,0,256000,1,1,1,0,1,1
3,chain3,f32,64,glibc_t1,P6,5,0,1000,350.64,0.0000,0.0000,351.0,0.0,1.000,256.0,0.000,0,0,256000,1,2,0,0,1,1
3,chain3,f32,64,glibc_t1,P7,5,1,1000,340.09,0.0000,0.0000,341.0,0.0,1.000,256.0,0.000,0,0,256000,1,1,1,0,1,1
3,chain3,f32,64,glibc_t1,FIXED_TWIN,5,2,1000,351.96,0.0000,0.0000,353.0,0.0,1.000,256.0,0.000,0,0,256000,1,1,1,0,1,1
3,chain3,f32,64,glibc_t1,P5,5,3,1000,407.83,0.0000,0.0000,409.0,0.0,3.000,768.0,0.000,0,0,256512,3,0,0,0,1,1
3,chain3,f32,64,glibc_t1,P7,6,0,1000,352.48,0.0000,0.0000,353.0,0.0,1.000,256.0,0.000,0,0,256000,1,1,1,0,1,1
3,chain3,f32,64,glibc_t1,FIXED_TWIN,6,1,1000,363.66,0.0000,0.0000,364.0,0.0,1.000,256.0,0.000,0,0,256000,1,1,1,0,1,1
3,chain3,f32,64,glibc_t1,P5,6,2,1000,415.40,0.0000,0.0000,417.0,0.0,3.000,768.0,0.000,0,0,256512,3,0,0,0,1,1
3,chain3,f32,64,glibc_t1,P6,6,3,1000,350.21,0.0000,0.0000,351.0,0.0,1.000,256.0,0.000,0,0,256000,1,2,0,0,1,1
3,chain3,f32,64,glibc_t1,FIXED_TWIN,7,0,1000,337.94,0.0000,0.0000,339.0,0.0,1.000,256.0,0.000,0,0,256000,1,1,1,0,1,1
3,chain3,f32,64,glibc_t1,P5,7,1,1000,410.29,0.0000,0.0000,412.0,0.0,3.000,768.0,0.000,0,0,256512,3,0,0,0,1,1
3,chain3,f32,64,glibc_t1,P6,7,2,1000,347.35,0.0000,0.0000,348.0,0.0,1.000,256.0,0.000,0,0,256000,1,2,0,0,1,1
3,chain3,f32,64,glibc_t1,P7,7,3,1000,356.23,0.0000,0.0000,357.0,0.0,1.000,256.0,0.000,0,0,256000,1,1,1,0,1,1
3,chain3,f32,64,glibc_t1,P5,8,0,1000,407.84,0.0000,0.0000,408.0,0.0,3.000,768.0,0.000,0,0,256512,3,0,0,0,1,1
3,chain3,f32,64,glibc_t1,P6,8,1,1000,378.44,0.0000,0.0000,379.0,0.0,1.000,256.0,0.000,0,0,256000,1,2,0,0,1,1
3,chain3,f32,64,glibc_t1,P7,8,2,1000,384.37,0.0000,0.0000,386.0,0.0,1.000,256.0,0.000,0,0,256000,1,1,1,0,1,1
3,chain3,f32,64,glibc_t1,FIXED_TWIN,8,3,1000,337.48,0.0000,0.0000,338.0,0.0,1.000,256.0,0.000,0,0,256000,1,1,1,0,1,1
3,chain3,f32,64,glibc_t1,P6,9,0,1000,360.23,0.0000,0.0000,362.0,0.0,1.000,256.0,0.000,0,0,256000,1,2,0,0,1,1
3,chain3,f32,64,glibc_t1,P7,9,1,1000,340.45,0.0000,0.0000,343.0,0.0,1.000,256.0,0.000,0,0,256000,1,1,1,0,1,1
3,chain3,f32,64,glibc_t1,FIXED_TWIN,9,2,1000,346.61,0.0000,0.0000,348.0,0.0,1.000,256.0,0.000,0,0,256000,1,1,1,0,1,1
3,chain3,f32,64,glibc_t1,P5,9,3,1000,406.13,0.0000,0.0000,407.0,0.0,3.000,768.0,0.000,0,0,256512,3,0,0,0,1,1
3,chain3,f32,64,glibc_t1,P7,10,0,1000,359.08,0.0000,0.0000,360.0,0.0,1.000,256.0,0.000,0,0,256000,1,1,1,0,1,1
3,chain3,f32,64,glibc_t1,FIXED_TWIN,10,1,1000,345.34,0.0000,0.0000,346.0,0.0,1.000,256.0,0.000,0,0,256000,1,1,1,0,1,1
3,chain3,f32,64,glibc_t1,P5,10,2,1000,413.37,0.0000,0.0000,414.0,0.0,3.000,768.0,0.000,0,0,256512,3,0,0,0,1,1
3,chain3,f32,64,glibc_t1,P6,10,3,1000,394.83,0.0000,0.0000,397.0,0.0,1.000,256.0,0.000,0,0,256000,1,2,0,0,1,1
3,chain3,f32,64,glibc_t1,FIXED_TWIN,11,0,1000,341.19,0.0000,0.0000,342.0,0.0,1.000,256.0,0.000,0,0,256000,1,1,1,0,1,1
3,chain3,f32,64,glibc_t1,P5,11,1,1000,398.81,0.0000,0.0000,400.0,0.0,3.000,768.0,0.000,0,0,256512,3,0,0,0,1,1
3,chain3,f32,64,glibc_t1,P6,11,2,1000,345.92,0.0000,0.0000,347.0,0.0,1.000,256.0,0.000,0,0,256000,1,2,0,0,1,1
3,chain3,f32,64,glibc_t1,P7,11,3,1000,336.71,0.0000,0.0000,338.0,0.0,1.000,256.0,0.000,0,0,256000,1,1,1,0,1,1
3,chain3,f32,64,glibc_t1,P5,12,0,1000,399.10,0.0000,0.0000,400.0,0.0,3.000,768.0,0.000,0,0,256512,3,0,0,0,1,1
3,chain3,f32,64,glibc_t1,P6,12,1,1000,363.25,0.0000,0.0000,364.0,0.0,1.000,256.0,0.000,0,0,256000,1,2,0,0,1,1
3,chain3,f32,64,glibc_t1,P7,12,2,1000,346.72,0.0000,0.0000,347.0,0.0,1.000,256.0,0.000,0,0,256000,1,1,1,0,1,1
3,chain3,f32,64,glibc_t1,FIXED_TWIN,12,3,1000,348.16,0.0000,0.0000,349.0,0.0,1.000,256.0,0.000,0,0,256000,1,1,1,0,1,1
3,chain3,f32,64,glibc_t1,P6,13,0,1000,373.18,0.0000,0.0000,374.0,0.0,1.000,256.0,0.000,0,0,256000,1,2,0,0,1,1
3,chain3,f32,64,glibc_t1,P7,13,1,1000,342.15,0.0000,0.0000,343.0,0.0,1.000,256.0,0.000,0,0,256000,1,1,1,0,1,1
3,chain3,f32,64,glibc_t1,FIXED_TWIN,13,2,1000,333.38,0.0000,0.0000,334.0,0.0,1.000,256.0,0.000,0,0,256000,1,1,1,0,1,1
3,chain3,f32,64,glibc_t1,P5,13,3,1000,395.68,0.0000,0.0000,396.0,0.0,3.000,768.0,0.000,0,0,256512,3,0,0,0,1,1
3,chain3,f32,64,glibc_t1,P7,14,0,1000,337.21,0.0000,0.0000,338.0,0.0,1.000,256.0,0.000,0,0,256000,1,1,1,0,1,1
3,chain3,f32,64,glibc_t1,FIXED_TWIN,14,1,1000,346.29,0.0000,0.0000,347.0,0.0,1.000,256.0,0.000,0,0,256000,1,1,1,0,1,1
3,chain3,f32,64,glibc_t1,P5,14,2,1000,414.03,0.0000,0.0000,415.0,0.0,3.000,768.0,0.000,0,0,256512,3,0,0,0,1,1
3,chain3,f32,64,glibc_t1,P6,14,3,1000,362.86,0.0000,0.0000,363.0,0.0,1.000,256.0,0.000,0,0,256000,1,2,0,0,1,1
3,chain3,f32,1024,glibc_t1,P5,0,0,1000,812.03,0.0000,0.0000,816.0,0.0,3.000,12288.0,0.000,0,0,4104192,3,0,0,0,1,1
3,chain3,f32,1024,glibc_t1,P6,0,1,1000,756.70,0.0000,0.0000,759.0,0.0,1.000,4096.0,0.000,0,0,4096000,1,2,0,0,1,1
3,chain3,f32,1024,glibc_t1,P7,0,2,1000,728.97,0.0000,0.0000,732.0,0.0,1.000,4096.0,0.000,0,0,4096000,1,1,1,0,1,1
3,chain3,f32,1024,glibc_t1,FIXED_TWIN,0,3,1000,635.66,0.0000,0.0000,637.0,0.0,1.000,4096.0,0.000,0,0,4096000,1,1,1,0,1,1
3,chain3,f32,1024,glibc_t1,P6,1,0,1000,737.54,0.0000,0.0000,739.0,0.0,1.000,4096.0,0.000,0,0,4096000,1,2,0,0,1,1
3,chain3,f32,1024,glibc_t1,P7,1,1,1000,657.63,0.0000,0.0000,661.0,0.0,1.000,4096.0,0.000,0,0,4096000,1,1,1,0,1,1
3,chain3,f32,1024,glibc_t1,FIXED_TWIN,1,2,1000,664.96,0.0000,0.0000,668.0,0.0,1.000,4096.0,0.000,0,0,4096000,1,1,1,0,1,1
3,chain3,f32,1024,glibc_t1,P5,1,3,1000,814.83,0.0000,0.0000,817.0,0.0,3.000,12288.0,0.000,0,0,4104192,3,0,0,0,1,1
3,chain3,f32,1024,glibc_t1,P7,2,0,1000,652.16,0.0000,0.0000,654.0,0.0,1.000,4096.0,0.000,0,0,4096000,1,1,1,0,1,1
3,chain3,f32,1024,glibc_t1,FIXED_TWIN,2,1,1000,636.74,0.0000,0.0000,638.0,0.0,1.000,4096.0,0.000,0,0,4096000,1,1,1,0,1,1
3,chain3,f32,1024,glibc_t1,P5,2,2,1000,811.22,0.0000,0.0000,812.0,0.0,3.000,12288.0,0.000,0,0,4104192,3,0,0,0,1,1
3,chain3,f32,1024,glibc_t1,P6,2,3,1000,757.28,0.0000,0.0000,760.0,0.0,1.000,4096.0,0.000,0,0,4096000,1,2,0,0,1,1
3,chain3,f32,1024,glibc_t1,FIXED_TWIN,3,0,1000,628.27,0.0000,0.0000,630.0,0.0,1.000,4096.0,0.000,0,0,4096000,1,1,1,0,1,1
3,chain3,f32,1024,glibc_t1,P5,3,1,1000,812.11,0.0000,0.0000,815.0,0.0,3.000,12288.0,0.000,0,0,4104192,3,0,0,0,1,1
3,chain3,f32,1024,glibc_t1,P6,3,2,1000,803.97,0.0000,0.0000,807.0,0.0,1.000,4096.0,0.000,0,0,4096000,1,2,0,0,1,1
3,chain3,f32,1024,glibc_t1,P7,3,3,1000,710.03,0.0000,0.0000,714.0,0.0,1.000,4096.0,0.000,0,0,4096000,1,1,1,0,1,1
3,chain3,f32,1024,glibc_t1,P5,4,0,1000,803.62,0.0000,0.0000,806.0,0.0,3.000,12288.0,0.000,0,0,4104192,3,0,0,0,1,1
3,chain3,f32,1024,glibc_t1,P6,4,1,1000,734.88,0.0000,0.0000,737.0,0.0,1.000,4096.0,0.000,0,0,4096000,1,2,0,0,1,1
3,chain3,f32,1024,glibc_t1,P7,4,2,1000,642.12,0.0000,0.0000,645.0,0.0,1.000,4096.0,0.000,0,0,4096000,1,1,1,0,1,1
3,chain3,f32,1024,glibc_t1,FIXED_TWIN,4,3,1000,660.81,0.0000,0.0000,662.0,0.0,1.000,4096.0,0.000,0,0,4096000,1,1,1,0,1,1
3,chain3,f32,1024,glibc_t1,P6,5,0,1000,741.23,0.0000,0.0000,743.0,0.0,1.000,4096.0,0.000,0,0,4096000,1,2,0,0,1,1
3,chain3,f32,1024,glibc_t1,P7,5,1,1000,648.76,0.0000,0.0000,651.0,0.0,1.000,4096.0,0.000,0,0,4096000,1,1,1,0,1,1
3,chain3,f32,1024,glibc_t1,FIXED_TWIN,5,2,1000,652.12,0.0000,0.0000,654.0,0.0,1.000,4096.0,0.000,0,0,4096000,1,1,1,0,1,1
3,chain3,f32,1024,glibc_t1,P5,5,3,1000,809.24,0.0000,0.0000,811.0,0.0,3.000,12288.0,0.000,0,0,4104192,3,0,0,0,1,1
3,chain3,f32,1024,glibc_t1,P7,6,0,1000,672.17,0.0000,0.0000,676.0,0.0,1.000,4096.0,0.000,0,0,4096000,1,1,1,0,1,1
3,chain3,f32,1024,glibc_t1,FIXED_TWIN,6,1,1000,652.78,0.0000,0.0000,656.0,0.0,1.000,4096.0,0.000,0,0,4096000,1,1,1,0,1,1
3,chain3,f32,1024,glibc_t1,P5,6,2,1000,827.42,0.0000,0.0000,831.0,0.0,3.000,12288.0,0.000,0,0,4104192,3,0,0,0,1,1
3,chain3,f32,1024,glibc_t1,P6,6,3,1000,755.88,0.0000,0.0000,759.0,0.0,1.000,4096.0,0.000,0,0,4096000,1,2,0,0,1,1
3,chain3,f32,1024,glibc_t1,FIXED_TWIN,7,0,1000,697.41,0.0000,0.0000,702.0,0.0,1.000,4096.0,0.000,0,0,4096000,1,1,1,0,1,1
3,chain3,f32,1024,glibc_t1,P5,7,1,1000,806.24,0.0000,0.0000,809.0,0.0,3.000,12288.0,0.000,0,0,4104192,3,0,0,0,1,1
3,chain3,f32,1024,glibc_t1,P6,7,2,1000,775.59,0.0000,0.0000,780.0,0.0,1.000,4096.0,0.000,0,0,4096000,1,2,0,0,1,1
3,chain3,f32,1024,glibc_t1,P7,7,3,1000,630.38,0.0000,0.0000,632.0,0.0,1.000,4096.0,0.000,0,0,4096000,1,1,1,0,1,1
3,chain3,f32,1024,glibc_t1,P5,8,0,1000,785.14,0.0000,0.0000,787.0,0.0,3.000,12288.0,0.000,0,0,4104192,3,0,0,0,1,1
3,chain3,f32,1024,glibc_t1,P6,8,1,1000,820.92,0.0000,0.0000,824.0,0.0,1.000,4096.0,0.000,0,0,4096000,1,2,0,0,1,1
3,chain3,f32,1024,glibc_t1,P7,8,2,1000,617.93,0.0000,0.0000,621.0,0.0,1.000,4096.0,0.000,0,0,4096000,1,1,1,0,1,1
3,chain3,f32,1024,glibc_t1,FIXED_TWIN,8,3,1000,637.09,0.0000,0.0000,641.0,0.0,1.000,4096.0,0.000,0,0,4096000,1,1,1,0,1,1
3,chain3,f32,1024,glibc_t1,P6,9,0,1000,734.78,0.0000,0.0000,736.0,0.0,1.000,4096.0,0.000,0,0,4096000,1,2,0,0,1,1
3,chain3,f32,1024,glibc_t1,P7,9,1,1000,683.21,0.0000,0.0000,686.0,0.0,1.000,4096.0,0.000,0,0,4096000,1,1,1,0,1,1
3,chain3,f32,1024,glibc_t1,FIXED_TWIN,9,2,1000,643.30,0.0000,0.0000,646.0,0.0,1.000,4096.0,0.000,0,0,4096000,1,1,1,0,1,1
3,chain3,f32,1024,glibc_t1,P5,9,3,1000,820.54,0.0000,0.0000,824.0,0.0,3.000,12288.0,0.000,0,0,4104192,3,0,0,0,1,1
3,chain3,f32,1024,glibc_t1,P7,10,0,1000,644.57,0.0000,0.0000,648.0,0.0,1.000,4096.0,0.000,0,0,4096000,1,1,1,0,1,1
3,chain3,f32,1024,glibc_t1,FIXED_TWIN,10,1,1000,680.04,0.0000,0.0000,682.0,0.0,1.000,4096.0,0.000,0,0,4096000,1,1,1,0,1,1
3,chain3,f32,1024,glibc_t1,P5,10,2,1000,840.87,0.0000,0.0000,843.0,0.0,3.000,12288.0,0.000,0,0,4104192,3,0,0,0,1,1
3,chain3,f32,1024,glibc_t1,P6,10,3,1000,775.85,0.0000,0.0000,779.0,0.0,1.000,4096.0,0.000,0,0,4096000,1,2,0,0,1,1
3,chain3,f32,1024,glibc_t1,FIXED_TWIN,11,0,1000,647.10,0.0000,0.0000,658.0,0.0,1.000,4096.0,0.000,0,0,4096000,1,1,1,0,1,1
3,chain3,f32,1024,glibc_t1,P5,11,1,1000,817.05,0.0000,0.0000,819.0,0.0,3.000,12288.0,0.000,0,0,4104192,3,0,0,0,1,1
3,chain3,f32,1024,glibc_t1,P6,11,2,1000,815.38,0.0000,0.0000,817.0,0.0,1.000,4096.0,0.000,0,0,4096000,1,2,0,0,1,1
3,chain3,f32,1024,glibc_t1,P7,11,3,1000,651.40,0.0000,0.0000,655.0,0.0,1.000,4096.0,0.000,0,0,4096000,1,1,1,0,1,1
3,chain3,f32,1024,glibc_t1,P5,12,0,1000,818.00,0.0000,0.0000,821.0,0.0,3.000,12288.0,0.000,0,0,4104192,3,0,0,0,1,1
3,chain3,f32,1024,glibc_t1,P6,12,1,1000,757.27,0.0000,0.0000,760.0,0.0,1.000,4096.0,0.000,0,0,4096000,1,2,0,0,1,1
3,chain3,f32,1024,glibc_t1,P7,12,2,1000,658.03,0.0000,0.0000,661.0,0.0,1.000,4096.0,0.000,0,0,4096000,1,1,1,0,1,1
3,chain3,f32,1024,glibc_t1,FIXED_TWIN,12,3,1000,642.89,0.0000,0.0000,647.0,0.0,1.000,4096.0,0.000,0,0,4096000,1,1,1,0,1,1
3,chain3,f32,1024,glibc_t1,P6,13,0,1000,744.45,0.0000,0.0000,748.0,0.0,1.000,4096.0,0.000,0,0,4096000,1,2,0,0,1,1
3,chain3,f32,1024,glibc_t1,P7,13,1,1000,652.88,0.0000,0.0000,656.0,0.0,1.000,4096.0,0.000,0,0,4096000,1,1,1,0,1,1
3,chain3,f32,1024,glibc_t1,FIXED_TWIN,13,2,1000,629.63,0.0000,0.0000,632.0,0.0,1.000,4096.0,0.000,0,0,4096000,1,1,1,0,1,1
3,chain3,f32,1024,glibc_t1,P5,13,3,1000,849.09,0.0000,0.0000,851.0,0.0,3.000,12288.0,0.000,0,0,4104192,3,0,0,0,1,1
3,chain3,f32,1024,glibc_t1,P7,14,0,1000,610.56,0.0000,0.0000,614.0,0.0,1.000,4096.0,0.000,0,0,4096000,1,1,1,0,1,1
3,chain3,f32,1024,glibc_t1,FIXED_TWIN,14,1,1000,614.88,0.0000,0.0000,618.0,0.0,1.000,4096.0,0.000,0,0,4096000,1,1,1,0,1,1
3,chain3,f32,1024,glibc_t1,P5,14,2,1000,813.19,0.0000,0.0000,817.0,0.0,3.000,12288.0,0.000,0,0,4104192,3,0,0,0,1,1
3,chain3,f32,1024,glibc_t1,P6,14,3,1000,808.67,0.0000,0.0000,812.0,0.0,1.000,4096.0,0.000,0,0,4096000,1,2,0,0,1,1
3,chain3,f32,4096,glibc_t1,P5,0,0,1,2311.00,0.0000,0.0000,4000.0,0.0,3.000,49152.0,0.000,0,0,49152,3,0,0,0,1,1
3,chain3,f32,4096,glibc_t1,P6,0,1,1,1965.00,0.0000,0.0000,3000.0,0.0,1.000,16384.0,0.000,0,0,16384,1,2,0,0,1,1
3,chain3,f32,4096,glibc_t1,P7,0,2,1,1815.00,0.0000,0.0000,2000.0,0.0,1.000,16384.0,0.000,0,0,16384,1,1,1,0,1,1
3,chain3,f32,4096,glibc_t1,FIXED_TWIN,0,3,1,1767.00,0.0000,0.0000,2000.0,0.0,1.000,16384.0,0.000,0,0,16384,1,1,1,0,1,1
3,chain3,f32,4096,glibc_t1,P6,1,0,1,1917.00,0.0000,0.0000,3000.0,0.0,1.000,16384.0,0.000,0,0,16384,1,2,0,0,1,1
3,chain3,f32,4096,glibc_t1,P7,1,1,1,1745.00,0.0000,0.0000,3000.0,0.0,1.000,16384.0,0.000,0,0,16384,1,1,1,0,1,1
3,chain3,f32,4096,glibc_t1,FIXED_TWIN,1,2,1,1766.00,0.0000,0.0000,2000.0,0.0,1.000,16384.0,0.000,0,0,16384,1,1,1,0,1,1
3,chain3,f32,4096,glibc_t1,P5,1,3,1,2373.00,0.0000,0.0000,3000.0,0.0,3.000,49152.0,0.000,0,0,49152,3,0,0,0,1,1
3,chain3,f32,4096,glibc_t1,P7,2,0,1,1919.00,0.0000,0.0000,2000.0,0.0,1.000,16384.0,0.000,0,0,16384,1,1,1,0,1,1
3,chain3,f32,4096,glibc_t1,FIXED_TWIN,2,1,1,1819.00,0.0000,0.0000,2000.0,0.0,1.000,16384.0,0.000,0,0,16384,1,1,1,0,1,1
3,chain3,f32,4096,glibc_t1,P5,2,2,1,2277.00,0.0000,0.0000,2000.0,0.0,3.000,49152.0,0.000,0,0,49152,3,0,0,0,1,1
3,chain3,f32,4096,glibc_t1,P6,2,3,1,1949.00,0.0000,0.0000,3000.0,0.0,1.000,16384.0,0.000,0,0,16384,1,2,0,0,1,1
3,chain3,f32,4096,glibc_t1,FIXED_TWIN,3,0,1,1742.00,0.0000,0.0000,3000.0,0.0,1.000,16384.0,0.000,0,0,16384,1,1,1,0,1,1
3,chain3,f32,4096,glibc_t1,P5,3,1,1,2219.00,0.0000,0.0000,2000.0,0.0,3.000,49152.0,0.000,0,0,49152,3,0,0,0,1,1
3,chain3,f32,4096,glibc_t1,P6,3,2,1,1899.00,0.0000,0.0000,2000.0,0.0,1.000,16384.0,0.000,0,0,16384,1,2,0,0,1,1
3,chain3,f32,4096,glibc_t1,P7,3,3,1,1785.00,0.0000,0.0000,2000.0,0.0,1.000,16384.0,0.000,0,0,16384,1,1,1,0,1,1
3,chain3,f32,4096,glibc_t1,P5,4,0,1,2177.00,0.0000,0.0000,3000.0,0.0,3.000,49152.0,0.000,0,0,49152,3,0,0,0,1,1
3,chain3,f32,4096,glibc_t1,P6,4,1,1,2393.00,0.0000,0.0000,3000.0,0.0,1.000,16384.0,0.000,0,0,16384,1,2,0,0,1,1
3,chain3,f32,4096,glibc_t1,P7,4,2,1,1768.00,0.0000,0.0000,2000.0,0.0,1.000,16384.0,0.000,0,0,16384,1,1,1,0,1,1
3,chain3,f32,4096,glibc_t1,FIXED_TWIN,4,3,1,1779.00,0.0000,0.0000,2000.0,0.0,1.000,16384.0,0.000,0,0,16384,1,1,1,0,1,1
3,chain3,f32,4096,glibc_t1,P6,5,0,1,1930.00,0.0000,0.0000,2000.0,0.0,1.000,16384.0,0.000,0,0,16384,1,2,0,0,1,1
3,chain3,f32,4096,glibc_t1,P7,5,1,1,1938.00,0.0000,0.0000,3000.0,0.0,1.000,16384.0,0.000,0,0,16384,1,1,1,0,1,1
3,chain3,f32,4096,glibc_t1,FIXED_TWIN,5,2,1,1763.00,0.0000,0.0000,2000.0,0.0,1.000,16384.0,0.000,0,0,16384,1,1,1,0,1,1
3,chain3,f32,4096,glibc_t1,P5,5,3,1,2235.00,0.0000,0.0000,3000.0,0.0,3.000,49152.0,0.000,0,0,49152,3,0,0,0,1,1
3,chain3,f32,4096,glibc_t1,P7,6,0,1,1764.00,0.0000,0.0000,2000.0,0.0,1.000,16384.0,0.000,0,0,16384,1,1,1,0,1,1
3,chain3,f32,4096,glibc_t1,FIXED_TWIN,6,1,1,1784.00,0.0000,0.0000,3000.0,0.0,1.000,16384.0,0.000,0,0,16384,1,1,1,0,1,1
3,chain3,f32,4096,glibc_t1,P5,6,2,1,2200.00,0.0000,0.0000,3000.0,0.0,3.000,49152.0,0.000,0,0,49152,3,0,0,0,1,1
3,chain3,f32,4096,glibc_t1,P6,6,3,1,1879.00,0.0000,0.0000,2000.0,0.0,1.000,16384.0,0.000,0,0,16384,1,2,0,0,1,1
3,chain3,f32,4096,glibc_t1,FIXED_TWIN,7,0,1,1783.00,0.0000,0.0000,2000.0,0.0,1.000,16384.0,0.000,0,0,16384,1,1,1,0,1,1
3,chain3,f32,4096,glibc_t1,P5,7,1,1,2197.00,0.0000,0.0000,3000.0,0.0,3.000,49152.0,0.000,0,0,49152,3,0,0,0,1,1
3,chain3,f32,4096,glibc_t1,P6,7,2,1,1902.00,0.0000,0.0000,3000.0,0.0,1.000,16384.0,0.000,0,0,16384,1,2,0,0,1,1
3,chain3,f32,4096,glibc_t1,P7,7,3,1,1769.00,0.0000,0.0000,3000.0,0.0,1.000,16384.0,0.000,0,0,16384,1,1,1,0,1,1
3,chain3,f32,4096,glibc_t1,P5,8,0,1,2225.00,0.0000,0.0000,3000.0,0.0,3.000,49152.0,0.000,0,0,49152,3,0,0,0,1,1
3,chain3,f32,4096,glibc_t1,P6,8,1,1,1920.00,0.0000,0.0000,2000.0,0.0,1.000,16384.0,0.000,0,0,16384,1,2,0,0,1,1
3,chain3,f32,4096,glibc_t1,P7,8,2,1,1740.00,0.0000,0.0000,2000.0,0.0,1.000,16384.0,0.000,0,0,16384,1,1,1,0,1,1
3,chain3,f32,4096,glibc_t1,FIXED_TWIN,8,3,1,1748.00,0.0000,0.0000,2000.0,0.0,1.000,16384.0,0.000,0,0,16384,1,1,1,0,1,1
3,chain3,f32,4096,glibc_t1,P6,9,0,1,1926.00,0.0000,0.0000,2000.0,0.0,1.000,16384.0,0.000,0,0,16384,1,2,0,0,1,1
3,chain3,f32,4096,glibc_t1,P7,9,1,1,1798.00,0.0000,0.0000,2000.0,0.0,1.000,16384.0,0.000,0,0,16384,1,1,1,0,1,1
3,chain3,f32,4096,glibc_t1,FIXED_TWIN,9,2,1,1749.00,0.0000,0.0000,2000.0,0.0,1.000,16384.0,0.000,0,0,16384,1,1,1,0,1,1
3,chain3,f32,4096,glibc_t1,P5,9,3,1,2285.00,0.0000,0.0000,3000.0,0.0,3.000,49152.0,0.000,0,0,49152,3,0,0,0,1,1
3,chain3,f32,4096,glibc_t1,P7,10,0,1,1738.00,0.0000,0.0000,3000.0,0.0,1.000,16384.0,0.000,0,0,16384,1,1,1,0,1,1
3,chain3,f32,4096,glibc_t1,FIXED_TWIN,10,1,1,1804.00,0.0000,0.0000,3000.0,0.0,1.000,16384.0,0.000,0,0,16384,1,1,1,0,1,1
3,chain3,f32,4096,glibc_t1,P5,10,2,1,2229.00,0.0000,0.0000,2000.0,0.0,3.000,49152.0,0.000,0,0,49152,3,0,0,0,1,1
3,chain3,f32,4096,glibc_t1,P6,10,3,1,1969.00,0.0000,0.0000,3000.0,0.0,1.000,16384.0,0.000,0,0,16384,1,2,0,0,1,1
3,chain3,f32,4096,glibc_t1,FIXED_TWIN,11,0,1,1769.00,0.0000,0.0000,2000.0,0.0,1.000,16384.0,0.000,0,0,16384,1,1,1,0,1,1
3,chain3,f32,4096,glibc_t1,P5,11,1,1,2214.00,0.0000,0.0000,3000.0,0.0,3.000,49152.0,0.000,0,0,49152,3,0,0,0,1,1
3,chain3,f32,4096,glibc_t1,P6,11,2,1,1892.00,0.0000,0.0000,2000.0,0.0,1.000,16384.0,0.000,0,0,16384,1,2,0,0,1,1
3,chain3,f32,4096,glibc_t1,P7,11,3,1,1768.00,0.0000,0.0000,2000.0,0.0,1.000,16384.0,0.000,0,0,16384,1,1,1,0,1,1
3,chain3,f32,4096,glibc_t1,P5,12,0,1,2187.00,0.0000,0.0000,3000.0,0.0,3.000,49152.0,0.000,0,0,49152,3,0,0,0,1,1
3,chain3,f32,4096,glibc_t1,P6,12,1,1,1902.00,0.0000,0.0000,3000.0,0.0,1.000,16384.0,0.000,0,0,16384,1,2,0,0,1,1
3,chain3,f32,4096,glibc_t1,P7,12,2,1,1770.00,0.0000,0.0000,3000.0,0.0,1.000,16384.0,0.000,0,0,16384,1,1,1,0,1,1
3,chain3,f32,4096,glibc_t1,FIXED_TWIN,12,3,1,1776.00,0.0000,0.0000,3000.0,0.0,1.000,16384.0,0.000,0,0,16384,1,1,1,0,1,1
3,chain3,f32,4096,glibc_t1,P6,13,0,1,1903.00,0.0000,0.0000,3000.0,0.0,1.000,16384.0,0.000,0,0,16384,1,2,0,0,1,1
3,chain3,f32,4096,glibc_t1,P7,13,1,1,1763.00,0.0000,0.0000,2000.0,0.0,1.000,16384.0,0.000,0,0,16384,1,1,1,0,1,1
3,chain3,f32,4096,glibc_t1,FIXED_TWIN,13,2,1,1741.00,0.0000,0.0000,2000.0,0.0,1.000,16384.0,0.000,0,0,16384,1,1,1,0,1,1
3,chain3,f32,4096,glibc_t1,P5,13,3,1,2222.00,0.0000,0.0000,3000.0,0.0,3.000,49152.0,0.000,0,0,49152,3,0,0,0,1,1
3,chain3,f32,4096,glibc_t1,P7,14,0,1,1767.00,0.0000,0.0000,2000.0,0.0,1.000,16384.0,0.000,0,0,16384,1,1,1,0,1,1
3,chain3,f32,4096,glibc_t1,FIXED_TWIN,14,1,1,1740.00,0.0000,0.0000,3000.0,0.0,1.000,16384.0,0.000,0,0,16384,1,1,1,0,1,1
3,chain3,f32,4096,glibc_t1,P5,14,2,1,2211.00,0.0000,0.0000,2000.0,0.0,3.000,49152.0,0.000,0,0,49152,3,0,0,0,1,1
3,chain3,f32,4096,glibc_t1,P6,14,3,1,1909.00,0.0000,0.0000,2000.0,0.0,1.000,16384.0,0.000,0,0,16384,1,2,0,0,1,1
3,chain3,f32,16384,glibc_t1,P5,0,0,1,6999.00,0.0000,0.0000,8000.0,0.0,3.000,196608.0,0.000,0,0,196608,3,0,0,0,1,1
3,chain3,f32,16384,glibc_t1,P6,0,1,1,8266.00,0.0000,0.0000,9000.0,0.0,1.000,65536.0,0.000,0,0,65536,1,2,0,0,1,1
3,chain3,f32,16384,glibc_t1,P7,0,2,1,7515.00,0.0000,0.0000,8000.0,0.0,1.000,65536.0,0.000,0,0,65536,1,1,1,0,1,1
3,chain3,f32,16384,glibc_t1,FIXED_TWIN,0,3,1,7583.00,0.0000,0.0000,8000.0,0.0,1.000,65536.0,0.000,0,0,65536,1,1,1,0,1,1
3,chain3,f32,16384,glibc_t1,P6,1,0,1,8959.00,0.0000,0.0000,9000.0,0.0,1.000,65536.0,0.000,0,0,65536,1,2,0,0,1,1
3,chain3,f32,16384,glibc_t1,P7,1,1,1,7531.00,0.0000,0.0000,8000.0,0.0,1.000,65536.0,0.000,0,0,65536,1,1,1,0,1,1
3,chain3,f32,16384,glibc_t1,FIXED_TWIN,1,2,1,7514.00,0.0000,0.0000,8000.0,0.0,1.000,65536.0,0.000,0,0,65536,1,1,1,0,1,1
3,chain3,f32,16384,glibc_t1,P5,1,3,1,7749.00,0.0000,0.0000,9000.0,0.0,3.000,196608.0,0.000,0,0,196608,3,0,0,0,1,1
3,chain3,f32,16384,glibc_t1,P7,2,0,1,7546.00,0.0000,0.0000,8000.0,0.0,1.000,65536.0,0.000,0,0,65536,1,1,1,0,1,1
3,chain3,f32,16384,glibc_t1,FIXED_TWIN,2,1,1,7530.00,0.0000,0.0000,8000.0,0.0,1.000,65536.0,0.000,0,0,65536,1,1,1,0,1,1
3,chain3,f32,16384,glibc_t1,P5,2,2,1,6877.00,0.0000,0.0000,7000.0,0.0,3.000,196608.0,0.000,0,0,196608,3,0,0,0,1,1
3,chain3,f32,16384,glibc_t1,P6,2,3,1,8238.00,0.0000,0.0000,9000.0,0.0,1.000,65536.0,0.000,0,0,65536,1,2,0,0,1,1
3,chain3,f32,16384,glibc_t1,FIXED_TWIN,3,0,1,7538.00,0.0000,0.0000,8000.0,0.0,1.000,65536.0,0.000,0,0,65536,1,1,1,0,1,1
3,chain3,f32,16384,glibc_t1,P5,3,1,1,8555.00,0.0000,0.0000,9000.0,0.0,3.000,196608.0,0.000,0,0,196608,3,0,0,0,1,1
3,chain3,f32,16384,glibc_t1,P6,3,2,1,8205.00,0.0000,0.0000,6000.0,2000.0,1.000,65536.0,0.000,0,0,65536,1,2,0,0,1,1
3,chain3,f32,16384,glibc_t1,P7,3,3,1,7635.00,0.0000,0.0000,8000.0,0.0,1.000,65536.0,0.000,0,0,65536,1,1,1,0,1,1
3,chain3,f32,16384,glibc_t1,P5,4,0,1,7068.00,0.0000,0.0000,8000.0,0.0,3.000,196608.0,0.000,0,0,196608,3,0,0,0,1,1
3,chain3,f32,16384,glibc_t1,P6,4,1,1,8323.00,0.0000,0.0000,8000.0,0.0,1.000,65536.0,0.000,0,0,65536,1,2,0,0,1,1
3,chain3,f32,16384,glibc_t1,P7,4,2,1,7532.00,0.0000,0.0000,8000.0,0.0,1.000,65536.0,0.000,0,0,65536,1,1,1,0,1,1
3,chain3,f32,16384,glibc_t1,FIXED_TWIN,4,3,1,7513.00,0.0000,0.0000,8000.0,0.0,1.000,65536.0,0.000,0,0,65536,1,1,1,0,1,1
3,chain3,f32,16384,glibc_t1,P6,5,0,1,8285.00,0.0000,0.0000,9000.0,0.0,1.000,65536.0,0.000,0,0,65536,1,2,0,0,1,1
3,chain3,f32,16384,glibc_t1,P7,5,1,1,7540.00,0.0000,0.0000,8000.0,0.0,1.000,65536.0,0.000,0,0,65536,1,1,1,0,1,1
3,chain3,f32,16384,glibc_t1,FIXED_TWIN,5,2,1,7687.00,0.0000,0.0000,8000.0,0.0,1.000,65536.0,0.000,0,0,65536,1,1,1,0,1,1
3,chain3,f32,16384,glibc_t1,P5,5,3,1,6951.00,0.0000,0.0000,7000.0,0.0,3.000,196608.0,0.000,0,0,196608,3,0,0,0,1,1
3,chain3,f32,16384,glibc_t1,P7,6,0,1,7529.00,0.0000,0.0000,8000.0,0.0,1.000,65536.0,0.000,0,0,65536,1,1,1,0,1,1
3,chain3,f32,16384,glibc_t1,FIXED_TWIN,6,1,1,7527.00,0.0000,0.0000,8000.0,0.0,1.000,65536.0,0.000,0,0,65536,1,1,1,0,1,1
3,chain3,f32,16384,glibc_t1,P5,6,2,1,6868.00,0.0000,0.0000,8000.0,0.0,3.000,196608.0,0.000,0,0,196608,3,0,0,0,1,1
3,chain3,f32,16384,glibc_t1,P6,6,3,1,8239.00,0.0000,0.0000,9000.0,0.0,1.000,65536.0,0.000,0,0,65536,1,2,0,0,1,1
3,chain3,f32,16384,glibc_t1,FIXED_TWIN,7,0,1,7544.00,0.0000,0.0000,8000.0,0.0,1.000,65536.0,0.000,0,0,65536,1,1,1,0,1,1
3,chain3,f32,16384,glibc_t1,P5,7,1,1,6980.00,0.0000,0.0000,7000.0,0.0,3.000,196608.0,0.000,0,0,196608,3,0,0,0,1,1
3,chain3,f32,16384,glibc_t1,P6,7,2,1,8256.00,0.0000,0.0000,9000.0,0.0,1.000,65536.0,0.000,0,0,65536,1,2,0,0,1,1
3,chain3,f32,16384,glibc_t1,P7,7,3,1,7586.00,0.0000,0.0000,9000.0,0.0,1.000,65536.0,0.000,0,0,65536,1,1,1,0,1,1
3,chain3,f32,16384,glibc_t1,P5,8,0,1,6877.00,0.0000,0.0000,8000.0,0.0,3.000,196608.0,0.000,0,0,196608,3,0,0,0,1,1
3,chain3,f32,16384,glibc_t1,P6,8,1,1,8231.00,0.0000,0.0000,8000.0,0.0,1.000,65536.0,0.000,0,0,65536,1,2,0,0,1,1
3,chain3,f32,16384,glibc_t1,P7,8,2,1,7509.00,0.0000,0.0000,8000.0,0.0,1.000,65536.0,0.000,0,0,65536,1,1,1,0,1,1
3,chain3,f32,16384,glibc_t1,FIXED_TWIN,8,3,1,7529.00,0.0000,0.0000,8000.0,0.0,1.000,65536.0,0.000,0,0,65536,1,1,1,0,1,1
3,chain3,f32,16384,glibc_t1,P6,9,0,1,8285.00,0.0000,0.0000,9000.0,0.0,1.000,65536.0,0.000,0,0,65536,1,2,0,0,1,1
3,chain3,f32,16384,glibc_t1,P7,9,1,1,7557.00,0.0000,0.0000,8000.0,0.0,1.000,65536.0,0.000,0,0,65536,1,1,1,0,1,1
3,chain3,f32,16384,glibc_t1,FIXED_TWIN,9,2,1,7565.00,0.0000,0.0000,8000.0,0.0,1.000,65536.0,0.000,0,0,65536,1,1,1,0,1,1
3,chain3,f32,16384,glibc_t1,P5,9,3,1,6889.00,0.0000,0.0000,7000.0,0.0,3.000,196608.0,0.000,0,0,196608,3,0,0,0,1,1
3,chain3,f32,16384,glibc_t1,P7,10,0,1,7562.00,0.0000,0.0000,8000.0,0.0,1.000,65536.0,0.000,0,0,65536,1,1,1,0,1,1
3,chain3,f32,16384,glibc_t1,FIXED_TWIN,10,1,1,7563.00,0.0000,0.0000,8000.0,0.0,1.000,65536.0,0.000,0,0,65536,1,1,1,0,1,1
3,chain3,f32,16384,glibc_t1,P5,10,2,1,6887.00,0.0000,0.0000,8000.0,0.0,3.000,196608.0,0.000,0,0,196608,3,0,0,0,1,1
3,chain3,f32,16384,glibc_t1,P6,10,3,1,8260.00,0.0000,0.0000,8000.0,0.0,1.000,65536.0,0.000,0,0,65536,1,2,0,0,1,1
3,chain3,f32,16384,glibc_t1,FIXED_TWIN,11,0,1,7599.00,0.0000,0.0000,8000.0,0.0,1.000,65536.0,0.000,0,0,65536,1,1,1,0,1,1
3,chain3,f32,16384,glibc_t1,P5,11,1,1,6920.00,0.0000,0.0000,8000.0,0.0,3.000,196608.0,0.000,0,0,196608,3,0,0,0,1,1
3,chain3,f32,16384,glibc_t1,P6,11,2,1,8315.00,0.0000,0.0000,9000.0,0.0,1.000,65536.0,0.000,0,0,65536,1,2,0,0,1,1
3,chain3,f32,16384,glibc_t1,P7,11,3,1,7544.00,0.0000,0.0000,8000.0,0.0,1.000,65536.0,0.000,0,0,65536,1,1,1,0,1,1
3,chain3,f32,16384,glibc_t1,P5,12,0,1,7008.00,0.0000,0.0000,8000.0,0.0,3.000,196608.0,0.000,0,0,196608,3,0,0,0,1,1
3,chain3,f32,16384,glibc_t1,P6,12,1,1,8214.00,0.0000,0.0000,9000.0,0.0,1.000,65536.0,0.000,0,0,65536,1,2,0,0,1,1
3,chain3,f32,16384,glibc_t1,P7,12,2,1,7530.00,0.0000,0.0000,8000.0,0.0,1.000,65536.0,0.000,0,0,65536,1,1,1,0,1,1
3,chain3,f32,16384,glibc_t1,FIXED_TWIN,12,3,1,7563.00,0.0000,0.0000,8000.0,0.0,1.000,65536.0,0.000,0,0,65536,1,1,1,0,1,1
3,chain3,f32,16384,glibc_t1,P6,13,0,1,8240.00,0.0000,0.0000,9000.0,0.0,1.000,65536.0,0.000,0,0,65536,1,2,0,0,1,1
3,chain3,f32,16384,glibc_t1,P7,13,1,1,7539.00,0.0000,0.0000,8000.0,0.0,1.000,65536.0,0.000,0,0,65536,1,1,1,0,1,1
3,chain3,f32,16384,glibc_t1,FIXED_TWIN,13,2,1,7522.00,0.0000,0.0000,8000.0,0.0,1.000,65536.0,0.000,0,0,65536,1,1,1,0,1,1
3,chain3,f32,16384,glibc_t1,P5,13,3,1,6983.00,0.0000,0.0000,7000.0,0.0,3.000,196608.0,0.000,0,0,196608,3,0,0,0,1,1
3,chain3,f32,16384,glibc_t1,P7,14,0,1,7535.00,0.0000,0.0000,8000.0,0.0,1.000,65536.0,0.000,0,0,65536,1,1,1,0,1,1
3,chain3,f32,16384,glibc_t1,FIXED_TWIN,14,1,1,7498.00,0.0000,0.0000,8000.0,0.0,1.000,65536.0,0.000,0,0,65536,1,1,1,0,1,1
3,chain3,f32,16384,glibc_t1,P5,14,2,1,6935.00,0.0000,0.0000,7000.0,0.0,3.000,196608.0,0.000,0,0,196608,3,0,0,0,1,1
3,chain3,f32,16384,glibc_t1,P6,14,3,1,8226.00,0.0000,0.0000,9000.0,0.0,1.000,65536.0,0.000,0,0,65536,1,2,0,0,1,1
3,chain3,f32,65536,glibc_t1,P5,0,0,1,36816.00,0.0000,0.0000,38000.0,0.0,3.000,786432.0,0.000,0,0,786432,3,0,0,0,1,1
3,chain3,f32,65536,glibc_t1,P6,0,1,1,34231.00,0.0000,0.0000,35000.0,0.0,1.000,262144.0,0.000,0,0,262144,1,2,0,0,1,1
3,chain3,f32,65536,glibc_t1,P7,0,2,1,27033.00,0.0000,0.0000,28000.0,0.0,1.000,262144.0,0.000,0,0,262144,1,1,1,0,1,1
3,chain3,f32,65536,glibc_t1,FIXED_TWIN,0,3,1,25429.00,0.0000,0.0000,27000.0,0.0,1.000,262144.0,0.000,0,0,262144,1,1,1,0,1,1
3,chain3,f32,65536,glibc_t1,P6,1,0,1,29303.00,0.0000,0.0000,30000.0,0.0,1.000,262144.0,0.000,0,0,262144,1,2,0,0,1,1
3,chain3,f32,65536,glibc_t1,P7,1,1,1,25434.00,0.0000,0.0000,26000.0,0.0,1.000,262144.0,0.000,0,0,262144,1,1,1,0,1,1
3,chain3,f32,65536,glibc_t1,FIXED_TWIN,1,2,1,25614.00,0.0000,0.0000,28000.0,0.0,1.000,262144.0,0.000,0,0,262144,1,1,1,0,1,1
3,chain3,f32,65536,glibc_t1,P5,1,3,1,36363.00,0.0000,0.0000,37000.0,0.0,3.000,786432.0,0.000,0,0,786432,3,0,0,0,1,1
3,chain3,f32,65536,glibc_t1,P7,2,0,1,25718.00,0.0000,0.0000,27000.0,0.0,1.000,262144.0,0.000,0,0,262144,1,1,1,0,1,1
3,chain3,f32,65536,glibc_t1,FIXED_TWIN,2,1,1,25400.00,0.0000,0.0000,26000.0,0.0,1.000,262144.0,0.000,0,0,262144,1,1,1,0,1,1
3,chain3,f32,65536,glibc_t1,P5,2,2,1,42991.00,0.0000,0.0000,44000.0,0.0,3.000,786432.0,0.000,0,0,786432,3,0,0,0,1,1
3,chain3,f32,65536,glibc_t1,P6,2,3,1,29705.00,0.0000,0.0000,31000.0,0.0,1.000,262144.0,0.000,0,0,262144,1,2,0,0,1,1
3,chain3,f32,65536,glibc_t1,FIXED_TWIN,3,0,1,25498.00,0.0000,0.0000,26000.0,0.0,1.000,262144.0,0.000,0,0,262144,1,1,1,0,1,1
3,chain3,f32,65536,glibc_t1,P5,3,1,1,37767.00,0.0000,0.0000,39000.0,0.0,3.000,786432.0,0.000,0,0,786432,3,0,0,0,1,1
3,chain3,f32,65536,glibc_t1,P6,3,2,1,29578.00,0.0000,0.0000,31000.0,0.0,1.000,262144.0,0.000,0,0,262144,1,2,0,0,1,1
3,chain3,f32,65536,glibc_t1,P7,3,3,1,25252.00,0.0000,0.0000,26000.0,0.0,1.000,262144.0,0.000,0,0,262144,1,1,1,0,1,1
3,chain3,f32,65536,glibc_t1,P5,4,0,1,41717.00,0.0000,0.0000,43000.0,0.0,3.000,786432.0,0.000,0,0,786432,3,0,0,0,1,1
3,chain3,f32,65536,glibc_t1,P6,4,1,1,29749.00,0.0000,0.0000,31000.0,0.0,1.000,262144.0,0.000,0,0,262144,1,2,0,0,1,1
3,chain3,f32,65536,glibc_t1,P7,4,2,1,25671.00,0.0000,0.0000,27000.0,0.0,1.000,262144.0,0.000,0,0,262144,1,1,1,0,1,1
3,chain3,f32,65536,glibc_t1,FIXED_TWIN,4,3,1,25486.00,0.0000,0.0000,26000.0,0.0,1.000,262144.0,0.000,0,0,262144,1,1,1,0,1,1
3,chain3,f32,65536,glibc_t1,P6,5,0,1,30951.00,0.0000,0.0000,32000.0,0.0,1.000,262144.0,0.000,0,0,262144,1,2,0,0,1,1
3,chain3,f32,65536,glibc_t1,P7,5,1,1,25370.00,0.0000,0.0000,26000.0,0.0,1.000,262144.0,0.000,0,0,262144,1,1,1,0,1,1
3,chain3,f32,65536,glibc_t1,FIXED_TWIN,5,2,1,25352.00,0.0000,0.0000,26000.0,0.0,1.000,262144.0,0.000,0,0,262144,1,1,1,0,1,1
3,chain3,f32,65536,glibc_t1,P5,5,3,1,36320.00,0.0000,0.0000,37000.0,0.0,3.000,786432.0,0.000,0,0,786432,3,0,0,0,1,1
3,chain3,f32,65536,glibc_t1,P7,6,0,1,44185.00,0.0000,0.0000,45000.0,0.0,1.000,262144.0,0.000,0,0,262144,1,1,1,0,1,1
3,chain3,f32,65536,glibc_t1,FIXED_TWIN,6,1,1,25370.00,0.0000,0.0000,26000.0,0.0,1.000,262144.0,0.000,0,0,262144,1,1,1,0,1,1
3,chain3,f32,65536,glibc_t1,P5,6,2,1,42527.00,0.0000,0.0000,45000.0,0.0,3.000,786432.0,0.000,0,0,786432,3,0,0,0,1,1
3,chain3,f32,65536,glibc_t1,P6,6,3,1,35983.00,0.0000,0.0000,37000.0,0.0,1.000,262144.0,0.000,0,0,262144,1,2,0,0,1,1
3,chain3,f32,65536,glibc_t1,FIXED_TWIN,7,0,1,25535.00,0.0000,0.0000,24000.0,3000.0,1.000,262144.0,0.000,0,0,262144,1,1,1,0,1,1
3,chain3,f32,65536,glibc_t1,P5,7,1,1,36433.00,0.0000,0.0000,37000.0,0.0,3.000,786432.0,0.000,0,0,786432,3,0,0,0,1,1
3,chain3,f32,65536,glibc_t1,P6,7,2,1,30049.00,0.0000,0.0000,32000.0,0.0,1.000,262144.0,0.000,0,0,262144,1,2,0,0,1,1
3,chain3,f32,65536,glibc_t1,P7,7,3,1,25436.00,0.0000,0.0000,26000.0,0.0,1.000,262144.0,0.000,0,0,262144,1,1,1,0,1,1
3,chain3,f32,65536,glibc_t1,P5,8,0,1,36060.00,0.0000,0.0000,36000.0,0.0,3.000,786432.0,0.000,0,0,786432,3,0,0,0,1,1
3,chain3,f32,65536,glibc_t1,P6,8,1,1,29491.00,0.0000,0.0000,30000.0,0.0,1.000,262144.0,0.000,0,0,262144,1,2,0,0,1,1
3,chain3,f32,65536,glibc_t1,P7,8,2,1,25404.00,0.0000,0.0000,26000.0,0.0,1.000,262144.0,0.000,0,0,262144,1,1,1,0,1,1
3,chain3,f32,65536,glibc_t1,FIXED_TWIN,8,3,1,25466.00,0.0000,0.0000,26000.0,0.0,1.000,262144.0,0.000,0,0,262144,1,1,1,0,1,1
3,chain3,f32,65536,glibc_t1,P6,9,0,1,46095.00,0.0000,0.0000,47000.0,0.0,1.000,262144.0,0.000,0,0,262144,1,2,0,0,1,1
3,chain3,f32,65536,glibc_t1,P7,9,1,1,25284.00,0.0000,0.0000,26000.0,0.0,1.000,262144.0,0.000,0,0,262144,1,1,1,0,1,1
3,chain3,f32,65536,glibc_t1,FIXED_TWIN,9,2,1,26148.00,0.0000,0.0000,28000.0,0.0,1.000,262144.0,0.000,0,0,262144,1,1,1,0,1,1
3,chain3,f32,65536,glibc_t1,P5,9,3,1,38082.00,0.0000,0.0000,39000.0,0.0,3.000,786432.0,0.000,0,0,786432,3,0,0,0,1,1
3,chain3,f32,65536,glibc_t1,P7,10,0,1,26221.00,0.0000,0.0000,29000.0,0.0,1.000,262144.0,0.000,0,0,262144,1,1,1,0,1,1
3,chain3,f32,65536,glibc_t1,FIXED_TWIN,10,1,1,25590.00,0.0000,0.0000,27000.0,0.0,1.000,262144.0,0.000,0,0,262144,1,1,1,0,1,1
3,chain3,f32,65536,glibc_t1,P5,10,2,1,57942.00,0.0000,0.0000,59000.0,0.0,3.000,786432.0,0.000,0,0,786432,3,0,0,0,1,1
3,chain3,f32,65536,glibc_t1,P6,10,3,1,29612.00,0.0000,0.0000,31000.0,0.0,1.000,262144.0,0.000,0,0,262144,1,2,0,0,1,1
3,chain3,f32,65536,glibc_t1,FIXED_TWIN,11,0,1,26122.00,0.0000,0.0000,28000.0,0.0,1.000,262144.0,0.000,0,0,262144,1,1,1,0,1,1
3,chain3,f32,65536,glibc_t1,P5,11,1,1,36071.00,0.0000,0.0000,37000.0,0.0,3.000,786432.0,0.000,0,0,786432,3,0,0,0,1,1
3,chain3,f32,65536,glibc_t1,P6,11,2,1,29621.00,0.0000,0.0000,30000.0,0.0,1.000,262144.0,0.000,0,0,262144,1,2,0,0,1,1
3,chain3,f32,65536,glibc_t1,P7,11,3,1,25488.00,0.0000,0.0000,26000.0,0.0,1.000,262144.0,0.000,0,0,262144,1,1,1,0,1,1
3,chain3,f32,65536,glibc_t1,P5,12,0,1,36104.00,0.0000,0.0000,37000.0,0.0,3.000,786432.0,0.000,0,0,786432,3,0,0,0,1,1
3,chain3,f32,65536,glibc_t1,P6,12,1,1,29783.00,0.0000,0.0000,30000.0,0.0,1.000,262144.0,0.000,0,0,262144,1,2,0,0,1,1
3,chain3,f32,65536,glibc_t1,P7,12,2,1,25371.00,0.0000,0.0000,26000.0,0.0,1.000,262144.0,0.000,0,0,262144,1,1,1,0,1,1
3,chain3,f32,65536,glibc_t1,FIXED_TWIN,12,3,1,25192.00,0.0000,0.0000,26000.0,0.0,1.000,262144.0,0.000,0,0,262144,1,1,1,0,1,1
3,chain3,f32,65536,glibc_t1,P6,13,0,1,29156.00,0.0000,0.0000,30000.0,0.0,1.000,262144.0,0.000,0,0,262144,1,2,0,0,1,1
3,chain3,f32,65536,glibc_t1,P7,13,1,1,30631.00,0.0000,0.0000,32000.0,0.0,1.000,262144.0,0.000,0,0,262144,1,1,1,0,1,1
3,chain3,f32,65536,glibc_t1,FIXED_TWIN,13,2,1,25583.00,0.0000,0.0000,27000.0,0.0,1.000,262144.0,0.000,0,0,262144,1,1,1,0,1,1
3,chain3,f32,65536,glibc_t1,P5,13,3,1,37302.00,0.0000,0.0000,38000.0,0.0,3.000,786432.0,0.000,0,0,786432,3,0,0,0,1,1
3,chain3,f32,65536,glibc_t1,P7,14,0,1,25681.00,0.0000,0.0000,27000.0,0.0,1.000,262144.0,0.000,0,0,262144,1,1,1,0,1,1
3,chain3,f32,65536,glibc_t1,FIXED_TWIN,14,1,1,25385.00,0.0000,0.0000,26000.0,0.0,1.000,262144.0,0.000,0,0,262144,1,1,1,0,1,1
3,chain3,f32,65536,glibc_t1,P5,14,2,1,36057.00,0.0000,0.0000,36000.0,0.0,3.000,786432.0,0.000,0,0,786432,3,0,0,0,1,1
3,chain3,f32,65536,glibc_t1,P6,14,3,1,29606.00,0.0000,0.0000,31000.0,0.0,1.000,262144.0,0.000,0,0,262144,1,2,0,0,1,1
3,chain3,f32,262144,glibc_t1,P5,0,0,1,363185.00,0.0000,0.0000,366000.0,0.0,3.000,3145728.0,0.000,0,0,3145728,3,0,0,0,1,1
3,chain3,f32,262144,glibc_t1,P6,0,1,1,261154.00,0.0000,0.0000,264000.0,0.0,1.000,1048576.0,0.000,0,0,1048576,1,2,0,0,1,1
3,chain3,f32,262144,glibc_t1,P7,0,2,1,242046.00,0.0000,0.0000,245000.0,0.0,1.000,1048576.0,0.000,0,0,1048576,1,1,1,0,1,1
3,chain3,f32,262144,glibc_t1,FIXED_TWIN,0,3,1,227132.00,0.0000,0.0000,229000.0,0.0,1.000,1048576.0,0.000,0,0,1048576,1,1,1,0,1,1
3,chain3,f32,262144,glibc_t1,P6,1,0,1,256565.00,0.0000,0.0000,259000.0,0.0,1.000,1048576.0,0.000,0,0,1048576,1,2,0,0,1,1
3,chain3,f32,262144,glibc_t1,P7,1,1,1,223187.00,0.0000,0.0000,226000.0,0.0,1.000,1048576.0,0.000,0,0,1048576,1,1,1,0,1,1
3,chain3,f32,262144,glibc_t1,FIXED_TWIN,1,2,1,222732.00,0.0000,0.0000,225000.0,0.0,1.000,1048576.0,0.000,0,0,1048576,1,1,1,0,1,1
3,chain3,f32,262144,glibc_t1,P5,1,3,1,344894.00,0.0000,0.0000,348000.0,0.0,3.000,3145728.0,0.000,0,0,3145728,3,0,0,0,1,1
3,chain3,f32,262144,glibc_t1,P7,2,0,1,224943.00,0.0000,0.0000,227000.0,0.0,1.000,1048576.0,0.000,0,0,1048576,1,1,1,0,1,1
3,chain3,f32,262144,glibc_t1,FIXED_TWIN,2,1,1,221377.00,0.0000,0.0000,223000.0,0.0,1.000,1048576.0,0.000,0,0,1048576,1,1,1,0,1,1
3,chain3,f32,262144,glibc_t1,P5,2,2,1,371582.00,0.0000,0.0000,374000.0,0.0,3.000,3145728.0,0.000,0,0,3145728,3,0,0,0,1,1
3,chain3,f32,262144,glibc_t1,P6,2,3,1,254667.00,0.0000,0.0000,258000.0,0.0,1.000,1048576.0,0.000,0,0,1048576,1,2,0,0,1,1
3,chain3,f32,262144,glibc_t1,FIXED_TWIN,3,0,1,244043.00,0.0000,0.0000,247000.0,0.0,1.000,1048576.0,0.000,0,0,1048576,1,1,1,0,1,1
3,chain3,f32,262144,glibc_t1,P5,3,1,1,379067.00,0.0000,0.0000,383000.0,0.0,3.000,3145728.0,0.000,0,0,3145728,3,0,0,0,1,1
3,chain3,f32,262144,glibc_t1,P6,3,2,1,260540.00,0.0000,0.0000,263000.0,0.0,1.000,1048576.0,0.000,0,0,1048576,1,2,0,0,1,1
3,chain3,f32,262144,glibc_t1,P7,3,3,1,246447.00,0.0000,0.0000,249000.0,0.0,1.000,1048576.0,0.000,0,0,1048576,1,1,1,0,1,1
3,chain3,f32,262144,glibc_t1,P5,4,0,1,368912.00,0.0000,0.0000,381000.0,0.0,3.000,3145728.0,0.000,0,0,3145728,3,0,0,0,1,1
3,chain3,f32,262144,glibc_t1,P6,4,1,1,280516.00,0.0000,0.0000,284000.0,0.0,1.000,1048576.0,0.000,0,0,1048576,1,2,0,0,1,1
3,chain3,f32,262144,glibc_t1,P7,4,2,1,239351.00,0.0000,0.0000,243000.0,0.0,1.000,1048576.0,0.000,0,0,1048576,1,1,1,0,1,1
3,chain3,f32,262144,glibc_t1,FIXED_TWIN,4,3,1,259521.00,0.0000,0.0000,262000.0,0.0,1.000,1048576.0,0.000,0,0,1048576,1,1,1,0,1,1
3,chain3,f32,262144,glibc_t1,P6,5,0,1,238707.00,0.0000,0.0000,240000.0,0.0,1.000,1048576.0,0.000,0,0,1048576,1,2,0,0,1,1
3,chain3,f32,262144,glibc_t1,P7,5,1,1,222922.00,0.0000,0.0000,225000.0,0.0,1.000,1048576.0,0.000,0,0,1048576,1,1,1,0,1,1
3,chain3,f32,262144,glibc_t1,FIXED_TWIN,5,2,1,221544.00,0.0000,0.0000,224000.0,0.0,1.000,1048576.0,0.000,0,0,1048576,1,1,1,0,1,1
3,chain3,f32,262144,glibc_t1,P5,5,3,1,344397.00,0.0000,0.0000,347000.0,0.0,3.000,3145728.0,0.000,0,0,3145728,3,0,0,0,1,1
3,chain3,f32,262144,glibc_t1,P7,6,0,1,221742.00,0.0000,0.0000,224000.0,0.0,1.000,1048576.0,0.000,0,0,1048576,1,1,1,0,1,1
3,chain3,f32,262144,glibc_t1,FIXED_TWIN,6,1,1,240572.00,0.0000,0.0000,242000.0,0.0,1.000,1048576.0,0.000,0,0,1048576,1,1,1,0,1,1
3,chain3,f32,262144,glibc_t1,P5,6,2,1,364562.00,0.0000,0.0000,366000.0,0.0,3.000,3145728.0,0.000,0,0,3145728,3,0,0,0,1,1
3,chain3,f32,262144,glibc_t1,P6,6,3,1,260775.00,0.0000,0.0000,263000.0,0.0,1.000,1048576.0,0.000,0,0,1048576,1,2,0,0,1,1
3,chain3,f32,262144,glibc_t1,FIXED_TWIN,7,0,1,255726.00,0.0000,0.0000,259000.0,0.0,1.000,1048576.0,0.000,0,0,1048576,1,1,1,0,1,1
3,chain3,f32,262144,glibc_t1,P5,7,1,1,378684.00,0.0000,0.0000,382000.0,0.0,3.000,3145728.0,0.000,0,0,3145728,3,0,0,0,1,1
3,chain3,f32,262144,glibc_t1,P6,7,2,1,260393.00,0.0000,0.0000,263000.0,0.0,1.000,1048576.0,0.000,0,0,1048576,1,2,0,0,1,1
3,chain3,f32,262144,glibc_t1,P7,7,3,1,237604.00,0.0000,0.0000,241000.0,0.0,1.000,1048576.0,0.000,0,0,1048576,1,1,1,0,1,1
3,chain3,f32,262144,glibc_t1,P5,8,0,1,399229.00,0.0000,0.0000,402000.0,0.0,3.000,3145728.0,0.000,0,0,3145728,3,0,0,0,1,1
3,chain3,f32,262144,glibc_t1,P6,8,1,1,243149.00,0.0000,0.0000,245000.0,0.0,1.000,1048576.0,0.000,0,0,1048576,1,2,0,0,1,1
3,chain3,f32,262144,glibc_t1,P7,8,2,1,228555.00,0.0000,0.0000,231000.0,0.0,1.000,1048576.0,0.000,0,0,1048576,1,1,1,0,1,1
3,chain3,f32,262144,glibc_t1,FIXED_TWIN,8,3,1,224363.00,0.0000,0.0000,227000.0,0.0,1.000,1048576.0,0.000,0,0,1048576,1,1,1,0,1,1
3,chain3,f32,262144,glibc_t1,P6,9,0,1,236909.00,0.0000,0.0000,239000.0,0.0,1.000,1048576.0,0.000,0,0,1048576,1,2,0,0,1,1
3,chain3,f32,262144,glibc_t1,P7,9,1,1,221518.00,0.0000,0.0000,224000.0,0.0,1.000,1048576.0,0.000,0,0,1048576,1,1,1,0,1,1
3,chain3,f32,262144,glibc_t1,FIXED_TWIN,9,2,1,243032.00,0.0000,0.0000,244000.0,0.0,1.000,1048576.0,0.000,0,0,1048576,1,1,1,0,1,1
3,chain3,f32,262144,glibc_t1,P5,9,3,1,367966.00,0.0000,0.0000,372000.0,0.0,3.000,3145728.0,0.000,0,0,3145728,3,0,0,0,1,1
3,chain3,f32,262144,glibc_t1,P7,10,0,1,245337.00,0.0000,0.0000,248000.0,0.0,1.000,1048576.0,0.000,0,0,1048576,1,1,1,0,1,1
3,chain3,f32,262144,glibc_t1,FIXED_TWIN,10,1,1,241579.00,0.0000,0.0000,243000.0,0.0,1.000,1048576.0,0.000,0,0,1048576,1,1,1,0,1,1
3,chain3,f32,262144,glibc_t1,P5,10,2,1,369511.00,0.0000,0.0000,380000.0,0.0,3.000,3145728.0,0.000,0,0,3145728,3,0,0,0,1,1
3,chain3,f32,262144,glibc_t1,P6,10,3,1,262239.00,0.0000,0.0000,265000.0,0.0,1.000,1048576.0,0.000,0,0,1048576,1,2,0,0,1,1
3,chain3,f32,262144,glibc_t1,FIXED_TWIN,11,0,1,228178.00,0.0000,0.0000,230000.0,0.0,1.000,1048576.0,0.000,0,0,1048576,1,1,1,0,1,1
3,chain3,f32,262144,glibc_t1,P5,11,1,1,376520.00,0.0000,0.0000,379000.0,0.0,3.000,3145728.0,0.000,0,0,3145728,3,0,0,0,1,1
3,chain3,f32,262144,glibc_t1,P6,11,2,1,243507.00,0.0000,0.0000,247000.0,0.0,1.000,1048576.0,0.000,0,0,1048576,1,2,0,0,1,1
3,chain3,f32,262144,glibc_t1,P7,11,3,1,241316.00,0.0000,0.0000,243000.0,0.0,1.000,1048576.0,0.000,0,0,1048576,1,1,1,0,1,1
3,chain3,f32,262144,glibc_t1,P5,12,0,1,351236.00,0.0000,0.0000,353000.0,0.0,3.000,3145728.0,0.000,0,0,3145728,3,0,0,0,1,1
3,chain3,f32,262144,glibc_t1,P6,12,1,1,236275.00,0.0000,0.0000,237000.0,2000.0,1.000,1048576.0,0.000,0,0,1048576,1,2,0,0,1,1
3,chain3,f32,262144,glibc_t1,P7,12,2,1,221133.00,0.0000,0.0000,223000.0,0.0,1.000,1048576.0,0.000,0,0,1048576,1,1,1,0,1,1
3,chain3,f32,262144,glibc_t1,FIXED_TWIN,12,3,1,223415.00,0.0000,0.0000,225000.0,0.0,1.000,1048576.0,0.000,0,0,1048576,1,1,1,0,1,1
3,chain3,f32,262144,glibc_t1,P6,13,0,1,241293.00,0.0000,0.0000,244000.0,0.0,1.000,1048576.0,0.000,0,0,1048576,1,2,0,0,1,1
3,chain3,f32,262144,glibc_t1,P7,13,1,1,244942.00,0.0000,0.0000,247000.0,0.0,1.000,1048576.0,0.000,0,0,1048576,1,1,1,0,1,1
3,chain3,f32,262144,glibc_t1,FIXED_TWIN,13,2,1,229557.00,0.0000,0.0000,232000.0,0.0,1.000,1048576.0,0.000,0,0,1048576,1,1,1,0,1,1
3,chain3,f32,262144,glibc_t1,P5,13,3,1,384556.00,0.0000,0.0000,388000.0,0.0,3.000,3145728.0,0.000,0,0,3145728,3,0,0,0,1,1
3,chain3,f32,262144,glibc_t1,P7,14,0,1,230682.00,0.0000,0.0000,234000.0,0.0,1.000,1048576.0,0.000,0,0,1048576,1,1,1,0,1,1
3,chain3,f32,262144,glibc_t1,FIXED_TWIN,14,1,1,229585.00,0.0000,0.0000,232000.0,0.0,1.000,1048576.0,0.000,0,0,1048576,1,1,1,0,1,1
3,chain3,f32,262144,glibc_t1,P5,14,2,1,388661.00,0.0000,0.0000,391000.0,0.0,3.000,3145728.0,0.000,0,0,3145728,3,0,0,0,1,1
3,chain3,f32,262144,glibc_t1,P6,14,3,1,247831.00,0.0000,0.0000,251000.0,0.0,1.000,1048576.0,0.000,0,0,1048576,1,2,0,0,1,1
3,chain3,f32,1048576,glibc_t1,P5,0,0,1,1475448.00,0.0000,0.0000,1480000.0,0.0,3.000,12582912.0,0.000,0,0,12582912,3,0,0,0,1,1
3,chain3,f32,1048576,glibc_t1,P6,0,1,1,1141792.00,0.0000,0.0000,1146000.0,0.0,1.000,4194304.0,0.000,0,0,4194304,1,2,0,0,1,1
3,chain3,f32,1048576,glibc_t1,P7,0,2,1,968803.00,0.0000,0.0000,971000.0,0.0,1.000,4194304.0,0.000,0,0,4194304,1,1,1,0,1,1
3,chain3,f32,1048576,glibc_t1,FIXED_TWIN,0,3,1,1000027.00,0.0000,0.0000,1004000.0,0.0,1.000,4194304.0,0.000,0,0,4194304,1,1,1,0,1,1
3,chain3,f32,1048576,glibc_t1,P6,1,0,1,1189335.00,0.0000,0.0000,1193000.0,0.0,1.000,4194304.0,0.000,0,0,4194304,1,2,0,0,1,1
3,chain3,f32,1048576,glibc_t1,P7,1,1,1,972527.00,0.0000,0.0000,977000.0,0.0,1.000,4194304.0,0.000,0,0,4194304,1,1,1,0,1,1
3,chain3,f32,1048576,glibc_t1,FIXED_TWIN,1,2,1,950909.00,0.0000,0.0000,956000.0,0.0,1.000,4194304.0,0.000,0,0,4194304,1,1,1,0,1,1
3,chain3,f32,1048576,glibc_t1,P5,1,3,1,1813678.00,0.0000,0.0000,1630000.0,0.0,3.000,12582912.0,0.000,0,0,12582912,3,0,0,0,1,1
3,chain3,f32,1048576,glibc_t1,P7,2,0,1,971495.00,0.0000,0.0000,975000.0,0.0,1.000,4194304.0,0.000,0,0,4194304,1,1,1,0,1,1
3,chain3,f32,1048576,glibc_t1,FIXED_TWIN,2,1,1,1004497.00,0.0000,0.0000,1009000.0,0.0,1.000,4194304.0,0.000,0,0,4194304,1,1,1,0,1,1
3,chain3,f32,1048576,glibc_t1,P5,2,2,1,1492595.00,0.0000,0.0000,1496000.0,0.0,3.000,12582912.0,0.000,0,0,12582912,3,0,0,0,1,1
3,chain3,f32,1048576,glibc_t1,P6,2,3,1,1124481.00,0.0000,0.0000,1127000.0,0.0,1.000,4194304.0,0.000,0,0,4194304,1,2,0,0,1,1
3,chain3,f32,1048576,glibc_t1,FIXED_TWIN,3,0,1,947784.00,0.0000,0.0000,951000.0,0.0,1.000,4194304.0,0.000,0,0,4194304,1,1,1,0,1,1
3,chain3,f32,1048576,glibc_t1,P5,3,1,1,1426999.00,0.0000,0.0000,1430000.0,0.0,3.000,12582912.0,0.000,0,0,12582912,3,0,0,0,1,1
3,chain3,f32,1048576,glibc_t1,P6,3,2,1,1121407.00,0.0000,0.0000,1124000.0,0.0,1.000,4194304.0,0.000,0,0,4194304,1,2,0,0,1,1
3,chain3,f32,1048576,glibc_t1,P7,3,3,1,973201.00,0.0000,0.0000,976000.0,0.0,1.000,4194304.0,0.000,0,0,4194304,1,1,1,0,1,1
3,chain3,f32,1048576,glibc_t1,P5,4,0,1,1499205.00,0.0000,0.0000,1504000.0,0.0,3.000,12582912.0,0.000,0,0,12582912,3,0,0,0,1,1
3,chain3,f32,1048576,glibc_t1,P6,4,1,1,1209441.00,0.0000,0.0000,1214000.0,0.0,1.000,4194304.0,0.000,0,0,4194304,1,2,0,0,1,1
3,chain3,f32,1048576,glibc_t1,P7,4,2,1,976085.00,0.0000,0.0000,979000.0,0.0,1.000,4194304.0,0.000,0,0,4194304,1,1,1,0,1,1
3,chain3,f32,1048576,glibc_t1,FIXED_TWIN,4,3,1,976538.00,0.0000,0.0000,981000.0,0.0,1.000,4194304.0,0.000,0,0,4194304,1,1,1,0,1,1
3,chain3,f32,1048576,glibc_t1,P6,5,0,1,1148360.00,0.0000,0.0000,1151000.0,0.0,1.000,4194304.0,0.000,0,0,4194304,1,2,0,0,1,1
3,chain3,f32,1048576,glibc_t1,P7,5,1,1,972546.00,0.0000,0.0000,975000.0,0.0,1.000,4194304.0,0.000,0,0,4194304,1,1,1,0,1,1
3,chain3,f32,1048576,glibc_t1,FIXED_TWIN,5,2,1,1213834.00,0.0000,0.0000,1217000.0,0.0,1.000,4194304.0,0.000,0,0,4194304,1,1,1,0,1,1
3,chain3,f32,1048576,glibc_t1,P5,5,3,1,1540497.00,0.0000,0.0000,1544000.0,0.0,3.000,12582912.0,0.000,0,0,12582912,3,0,0,0,1,1
3,chain3,f32,1048576,glibc_t1,P7,6,0,1,981071.00,0.0000,0.0000,984000.0,0.0,1.000,4194304.0,0.000,0,0,4194304,1,1,1,0,1,1
3,chain3,f32,1048576,glibc_t1,FIXED_TWIN,6,1,1,978075.00,0.0000,0.0000,981000.0,0.0,1.000,4194304.0,0.000,0,0,4194304,1,1,1,0,1,1
3,chain3,f32,1048576,glibc_t1,P5,6,2,1,1472486.00,0.0000,0.0000,1476000.0,0.0,3.000,12582912.0,0.000,0,0,12582912,3,0,0,0,1,1
3,chain3,f32,1048576,glibc_t1,P6,6,3,1,1137333.00,0.0000,0.0000,1140000.0,0.0,1.000,4194304.0,0.000,0,0,4194304,1,2,0,0,1,1
3,chain3,f32,1048576,glibc_t1,FIXED_TWIN,7,0,1,985379.00,0.0000,0.0000,988000.0,0.0,1.000,4194304.0,0.000,0,0,4194304,1,1,1,0,1,1
3,chain3,f32,1048576,glibc_t1,P5,7,1,1,1484904.00,0.0000,0.0000,1489000.0,0.0,3.000,12582912.0,0.000,0,0,12582912,3,0,0,0,1,1
3,chain3,f32,1048576,glibc_t1,P6,7,2,1,1144470.00,0.0000,0.0000,1147000.0,0.0,1.000,4194304.0,0.000,0,0,4194304,1,2,0,0,1,1
3,chain3,f32,1048576,glibc_t1,P7,7,3,1,991189.00,0.0000,0.0000,994000.0,0.0,1.000,4194304.0,0.000,0,0,4194304,1,1,1,0,1,1
3,chain3,f32,1048576,glibc_t1,P5,8,0,1,1495200.00,0.0000,0.0000,1499000.0,0.0,3.000,12582912.0,0.000,0,0,12582912,3,0,0,0,1,1
3,chain3,f32,1048576,glibc_t1,P6,8,1,1,1194304.00,0.0000,0.0000,1198000.0,0.0,1.000,4194304.0,0.000,0,0,4194304,1,2,0,0,1,1
3,chain3,f32,1048576,glibc_t1,P7,8,2,1,989854.00,0.0000,0.0000,993000.0,0.0,1.000,4194304.0,0.000,0,0,4194304,1,1,1,0,1,1
3,chain3,f32,1048576,glibc_t1,FIXED_TWIN,8,3,1,1007975.00,0.0000,0.0000,1011000.0,0.0,1.000,4194304.0,0.000,0,0,4194304,1,1,1,0,1,1
3,chain3,f32,1048576,glibc_t1,P6,9,0,1,1176991.00,0.0000,0.0000,1180000.0,0.0,1.000,4194304.0,0.000,0,0,4194304,1,2,0,0,1,1
3,chain3,f32,1048576,glibc_t1,P7,9,1,1,1002066.00,0.0000,0.0000,1005000.0,0.0,1.000,4194304.0,0.000,0,0,4194304,1,1,1,0,1,1
3,chain3,f32,1048576,glibc_t1,FIXED_TWIN,9,2,1,991250.00,0.0000,0.0000,994000.0,0.0,1.000,4194304.0,0.000,0,0,4194304,1,1,1,0,1,1
3,chain3,f32,1048576,glibc_t1,P5,9,3,1,1573035.00,0.0000,0.0000,1576000.0,0.0,3.000,12582912.0,0.000,0,0,12582912,3,0,0,0,1,1
3,chain3,f32,1048576,glibc_t1,P7,10,0,1,995413.00,0.0000,0.0000,997000.0,0.0,1.000,4194304.0,0.000,0,0,4194304,1,1,1,0,1,1
3,chain3,f32,1048576,glibc_t1,FIXED_TWIN,10,1,1,981537.00,0.0000,0.0000,984000.0,0.0,1.000,4194304.0,0.000,0,0,4194304,1,1,1,0,1,1
3,chain3,f32,1048576,glibc_t1,P5,10,2,1,1507253.00,0.0000,0.0000,1510000.0,0.0,3.000,12582912.0,0.000,0,0,12582912,3,0,0,0,1,1
3,chain3,f32,1048576,glibc_t1,P6,10,3,1,1206961.00,0.0000,0.0000,1209000.0,0.0,1.000,4194304.0,0.000,0,0,4194304,1,2,0,0,1,1
3,chain3,f32,1048576,glibc_t1,FIXED_TWIN,11,0,1,977580.00,0.0000,0.0000,980000.0,0.0,1.000,4194304.0,0.000,0,0,4194304,1,1,1,0,1,1
3,chain3,f32,1048576,glibc_t1,P5,11,1,1,1500199.00,0.0000,0.0000,1503000.0,0.0,3.000,12582912.0,0.000,0,0,12582912,3,0,0,0,1,1
3,chain3,f32,1048576,glibc_t1,P6,11,2,1,1183014.00,0.0000,0.0000,1187000.0,0.0,1.000,4194304.0,0.000,0,0,4194304,1,2,0,0,1,1
3,chain3,f32,1048576,glibc_t1,P7,11,3,1,987178.00,0.0000,0.0000,992000.0,0.0,1.000,4194304.0,0.000,0,0,4194304,1,1,1,0,1,1
3,chain3,f32,1048576,glibc_t1,P5,12,0,1,1455706.00,0.0000,0.0000,1458000.0,0.0,3.000,12582912.0,0.000,0,0,12582912,3,0,0,0,1,1
3,chain3,f32,1048576,glibc_t1,P6,12,1,1,1149453.00,0.0000,0.0000,1153000.0,0.0,1.000,4194304.0,0.000,0,0,4194304,1,2,0,0,1,1
3,chain3,f32,1048576,glibc_t1,P7,12,2,1,991429.00,0.0000,0.0000,994000.0,0.0,1.000,4194304.0,0.000,0,0,4194304,1,1,1,0,1,1
3,chain3,f32,1048576,glibc_t1,FIXED_TWIN,12,3,1,991534.00,0.0000,0.0000,994000.0,0.0,1.000,4194304.0,0.000,0,0,4194304,1,1,1,0,1,1
3,chain3,f32,1048576,glibc_t1,P6,13,0,1,1164554.00,0.0000,0.0000,1168000.0,0.0,1.000,4194304.0,0.000,0,0,4194304,1,2,0,0,1,1
3,chain3,f32,1048576,glibc_t1,P7,13,1,1,949567.00,0.0000,0.0000,952000.0,0.0,1.000,4194304.0,0.000,0,0,4194304,1,1,1,0,1,1
3,chain3,f32,1048576,glibc_t1,FIXED_TWIN,13,2,1,1012872.00,0.0000,0.0000,1017000.0,0.0,1.000,4194304.0,0.000,0,0,4194304,1,1,1,0,1,1
3,chain3,f32,1048576,glibc_t1,P5,13,3,1,1627315.00,0.0000,0.0000,1631000.0,0.0,3.000,12582912.0,0.000,0,0,12582912,3,0,0,0,1,1
3,chain3,f32,1048576,glibc_t1,P7,14,0,1,1064042.00,0.0000,0.0000,1067000.0,0.0,1.000,4194304.0,0.000,0,0,4194304,1,1,1,0,1,1
3,chain3,f32,1048576,glibc_t1,FIXED_TWIN,14,1,1,980865.00,0.0000,0.0000,984000.0,0.0,1.000,4194304.0,0.000,0,0,4194304,1,1,1,0,1,1
3,chain3,f32,1048576,glibc_t1,P5,14,2,1,1517587.00,0.0000,0.0000,1521000.0,0.0,3.000,12582912.0,0.000,0,0,12582912,3,0,0,0,1,1
3,chain3,f32,1048576,glibc_t1,P6,14,3,1,1164237.00,0.0000,0.0000,1167000.0,0.0,1.000,4194304.0,0.000,0,0,4194304,1,2,0,0,1,1
3,chain3,f32,4194304,glibc_t1,P5,0,0,1,7909570.00,0.0000,0.0000,7916000.0,0.0,3.000,50331648.0,0.000,0,0,50331648,3,0,0,0,1,1
3,chain3,f32,4194304,glibc_t1,P6,0,1,1,5378447.00,0.0000,0.0000,5383000.0,0.0,1.000,16777216.0,0.000,0,0,16777216,1,2,0,0,1,1
3,chain3,f32,4194304,glibc_t1,P7,0,2,1,4208819.00,0.0000,0.0000,4212000.0,0.0,1.000,16777216.0,0.000,0,0,16777216,1,1,1,0,1,1
3,chain3,f32,4194304,glibc_t1,FIXED_TWIN,0,3,1,4106934.00,0.0000,0.0000,4111000.0,0.0,1.000,16777216.0,0.000,0,0,16777216,1,1,1,0,1,1
3,chain3,f32,4194304,glibc_t1,P6,1,0,1,4877954.00,0.0000,0.0000,4881000.0,0.0,1.000,16777216.0,0.000,0,0,16777216,1,2,0,0,1,1
3,chain3,f32,4194304,glibc_t1,P7,1,1,1,4204820.00,0.0000,0.0000,4208000.0,0.0,1.000,16777216.0,0.000,0,0,16777216,1,1,1,0,1,1
3,chain3,f32,4194304,glibc_t1,FIXED_TWIN,1,2,1,4400940.00,0.0000,0.0000,4405000.0,0.0,1.000,16777216.0,0.000,0,0,16777216,1,1,1,0,1,1
3,chain3,f32,4194304,glibc_t1,P5,1,3,1,8414750.00,0.0000,0.0000,8418000.0,0.0,3.000,50331648.0,0.000,0,0,50331648,3,0,0,0,1,1
3,chain3,f32,4194304,glibc_t1,P7,2,0,1,5082889.00,0.0000,0.0000,5086000.0,0.0,1.000,16777216.0,0.000,0,0,16777216,1,1,1,0,1,1
3,chain3,f32,4194304,glibc_t1,FIXED_TWIN,2,1,1,4992391.00,0.0000,0.0000,4996000.0,0.0,1.000,16777216.0,0.000,0,0,16777216,1,1,1,0,1,1
3,chain3,f32,4194304,glibc_t1,P5,2,2,1,9362566.00,0.0000,0.0000,9367000.0,0.0,3.000,50331648.0,0.000,0,0,50331648,3,0,0,0,1,1
3,chain3,f32,4194304,glibc_t1,P6,2,3,1,6317151.00,0.0000,0.0000,6312000.0,0.0,1.000,16777216.0,0.000,0,0,16777216,1,2,0,0,1,1
3,chain3,f32,4194304,glibc_t1,FIXED_TWIN,3,0,1,5197925.00,0.0000,0.0000,5202000.0,0.0,1.000,16777216.0,0.000,0,0,16777216,1,1,1,0,1,1
3,chain3,f32,4194304,glibc_t1,P5,3,1,1,8743167.00,0.0000,0.0000,8747000.0,0.0,3.000,50331648.0,0.000,0,0,50331648,3,0,0,0,1,1
3,chain3,f32,4194304,glibc_t1,P6,3,2,1,6091596.00,0.0000,0.0000,6096000.0,0.0,1.000,16777216.0,0.000,0,0,16777216,1,2,0,0,1,1
3,chain3,f32,4194304,glibc_t1,P7,3,3,1,5197298.00,0.0000,0.0000,5201000.0,0.0,1.000,16777216.0,0.000,0,0,16777216,1,1,1,0,1,1
3,chain3,f32,4194304,glibc_t1,P5,4,0,1,9221690.00,0.0000,0.0000,9226000.0,0.0,3.000,50331648.0,0.000,0,0,50331648,3,0,0,0,1,1
3,chain3,f32,4194304,glibc_t1,P6,4,1,1,6620618.00,0.0000,0.0000,6625000.0,0.0,1.000,16777216.0,0.000,0,0,16777216,1,2,0,0,1,1
3,chain3,f32,4194304,glibc_t1,P7,4,2,1,5584539.00,0.0000,0.0000,5588000.0,0.0,1.000,16777216.0,0.000,0,0,16777216,1,1,1,0,1,1
3,chain3,f32,4194304,glibc_t1,FIXED_TWIN,4,3,1,5456133.00,0.0000,0.0000,5461000.0,0.0,1.000,16777216.0,0.000,0,0,16777216,1,1,1,0,1,1
3,chain3,f32,4194304,glibc_t1,P6,5,0,1,6200625.00,0.0000,0.0000,6205000.0,0.0,1.000,16777216.0,0.000,0,0,16777216,1,2,0,0,1,1
3,chain3,f32,4194304,glibc_t1,P7,5,1,1,5136861.00,0.0000,0.0000,5140000.0,0.0,1.000,16777216.0,0.000,0,0,16777216,1,1,1,0,1,1
3,chain3,f32,4194304,glibc_t1,FIXED_TWIN,5,2,1,4959386.00,0.0000,0.0000,4963000.0,0.0,1.000,16777216.0,0.000,0,0,16777216,1,1,1,0,1,1
3,chain3,f32,4194304,glibc_t1,P5,5,3,1,8743793.00,0.0000,0.0000,8747000.0,0.0,3.000,50331648.0,0.000,0,0,50331648,3,0,0,0,1,1
3,chain3,f32,4194304,glibc_t1,P7,6,0,1,5059421.00,0.0000,0.0000,5063000.0,0.0,1.000,16777216.0,0.000,0,0,16777216,1,1,1,0,1,1
3,chain3,f32,4194304,glibc_t1,FIXED_TWIN,6,1,1,4872620.00,0.0000,0.0000,4876000.0,0.0,1.000,16777216.0,0.000,0,0,16777216,1,1,1,0,1,1
3,chain3,f32,4194304,glibc_t1,P5,6,2,1,8969042.00,0.0000,0.0000,8974000.0,0.0,3.000,50331648.0,0.000,0,0,50331648,3,0,0,0,1,1
3,chain3,f32,4194304,glibc_t1,P6,6,3,1,5953217.00,0.0000,0.0000,5958000.0,0.0,1.000,16777216.0,0.000,0,0,16777216,1,2,0,0,1,1
3,chain3,f32,4194304,glibc_t1,FIXED_TWIN,7,0,1,4326443.00,0.0000,0.0000,4330000.0,0.0,1.000,16777216.0,0.000,0,0,16777216,1,1,1,0,1,1
3,chain3,f32,4194304,glibc_t1,P5,7,1,1,8006331.00,0.0000,0.0000,8010000.0,0.0,3.000,50331648.0,0.000,0,0,50331648,3,0,0,0,1,1
3,chain3,f32,4194304,glibc_t1,P6,7,2,1,5268788.00,0.0000,0.0000,5273000.0,0.0,1.000,16777216.0,0.000,0,0,16777216,1,2,0,0,1,1
3,chain3,f32,4194304,glibc_t1,P7,7,3,1,4462839.00,0.0000,0.0000,4467000.0,0.0,1.000,16777216.0,0.000,0,0,16777216,1,1,1,0,1,1
3,chain3,f32,4194304,glibc_t1,P5,8,0,1,8114124.00,0.0000,0.0000,8118000.0,0.0,3.000,50331648.0,0.000,0,0,50331648,3,0,0,0,1,1
3,chain3,f32,4194304,glibc_t1,P6,8,1,1,5473455.00,0.0000,0.0000,4771000.0,706000.0,1.000,16777216.0,0.000,0,0,16777216,1,2,0,0,1,1
3,chain3,f32,4194304,glibc_t1,P7,8,2,1,4575898.00,0.0000,0.0000,4581000.0,0.0,1.000,16777216.0,0.000,0,0,16777216,1,1,1,0,1,1
3,chain3,f32,4194304,glibc_t1,FIXED_TWIN,8,3,1,5314449.00,0.0000,0.0000,5300000.0,0.0,1.000,16777216.0,0.000,0,0,16777216,1,1,1,0,1,1
3,chain3,f32,4194304,glibc_t1,P6,9,0,1,6019330.00,0.0000,0.0000,6025000.0,0.0,1.000,16777216.0,0.000,0,0,16777216,1,2,0,0,1,1
3,chain3,f32,4194304,glibc_t1,P7,9,1,1,4955343.00,0.0000,0.0000,4960000.0,0.0,1.000,16777216.0,0.000,0,0,16777216,1,1,1,0,1,1
3,chain3,f32,4194304,glibc_t1,FIXED_TWIN,9,2,1,4780647.00,0.0000,0.0000,4784000.0,0.0,1.000,16777216.0,0.000,0,0,16777216,1,1,1,0,1,1
3,chain3,f32,4194304,glibc_t1,P5,9,3,1,9052358.00,0.0000,0.0000,9057000.0,0.0,3.000,50331648.0,0.000,0,0,50331648,3,0,0,0,1,1
3,chain3,f32,4194304,glibc_t1,P7,10,0,1,5787799.00,0.0000,0.0000,5793000.0,0.0,1.000,16777216.0,0.000,0,0,16777216,1,1,1,0,1,1
3,chain3,f32,4194304,glibc_t1,FIXED_TWIN,10,1,1,5370205.00,0.0000,0.0000,5375000.0,0.0,1.000,16777216.0,0.000,0,0,16777216,1,1,1,0,1,1
3,chain3,f32,4194304,glibc_t1,P5,10,2,1,9213003.00,0.0000,0.0000,9218000.0,0.0,3.000,50331648.0,0.000,0,0,50331648,3,0,0,0,1,1
3,chain3,f32,4194304,glibc_t1,P6,10,3,1,6305395.00,0.0000,0.0000,6290000.0,0.0,1.000,16777216.0,0.000,0,0,16777216,1,2,0,0,1,1
3,chain3,f32,4194304,glibc_t1,FIXED_TWIN,11,0,1,6334372.00,0.0000,0.0000,6340000.0,0.0,1.000,16777216.0,0.000,0,0,16777216,1,1,1,0,1,1
3,chain3,f32,4194304,glibc_t1,P5,11,1,1,10067625.00,0.0000,0.0000,10073000.0,0.0,3.000,50331648.0,0.000,0,0,50331648,3,0,0,0,1,1
3,chain3,f32,4194304,glibc_t1,P6,11,2,1,8281158.00,0.0000,0.0000,8287000.0,0.0,1.000,16777216.0,0.000,0,0,16777216,1,2,0,0,1,1
3,chain3,f32,4194304,glibc_t1,P7,11,3,1,6838577.00,0.0000,0.0000,6845000.0,0.0,1.000,16777216.0,0.000,0,0,16777216,1,1,1,0,1,1
3,chain3,f32,4194304,glibc_t1,P5,12,0,1,10761332.00,0.0000,0.0000,10770000.0,0.0,3.000,50331648.0,0.000,0,0,50331648,3,0,0,0,1,1
3,chain3,f32,4194304,glibc_t1,P6,12,1,1,6409955.00,0.0000,0.0000,6415000.0,0.0,1.000,16777216.0,0.000,0,0,16777216,1,2,0,0,1,1
3,chain3,f32,4194304,glibc_t1,P7,12,2,1,5076659.00,0.0000,0.0000,5083000.0,0.0,1.000,16777216.0,0.000,0,0,16777216,1,1,1,0,1,1
3,chain3,f32,4194304,glibc_t1,FIXED_TWIN,12,3,1,4417021.00,0.0000,0.0000,4421000.0,0.0,1.000,16777216.0,0.000,0,0,16777216,1,1,1,0,1,1
3,chain3,f32,4194304,glibc_t1,P6,13,0,1,5732317.00,0.0000,0.0000,5739000.0,0.0,1.000,16777216.0,0.000,0,0,16777216,1,2,0,0,1,1
3,chain3,f32,4194304,glibc_t1,P7,13,1,1,5627509.00,0.0000,0.0000,5633000.0,0.0,1.000,16777216.0,0.000,0,0,16777216,1,1,1,0,1,1
3,chain3,f32,4194304,glibc_t1,FIXED_TWIN,13,2,1,5376752.00,0.0000,0.0000,5365000.0,0.0,1.000,16777216.0,0.000,0,0,16777216,1,1,1,0,1,1
3,chain3,f32,4194304,glibc_t1,P5,13,3,1,8719202.00,0.0000,0.0000,8724000.0,0.0,3.000,50331648.0,0.000,0,0,50331648,3,0,0,0,1,1
3,chain3,f32,4194304,glibc_t1,P7,14,0,1,4951091.00,0.0000,0.0000,4955000.0,0.0,1.000,16777216.0,0.000,0,0,16777216,1,1,1,0,1,1
3,chain3,f32,4194304,glibc_t1,FIXED_TWIN,14,1,1,4551477.00,0.0000,0.0000,4557000.0,0.0,1.000,16777216.0,0.000,0,0,16777216,1,1,1,0,1,1
3,chain3,f32,4194304,glibc_t1,P5,14,2,1,8388066.00,0.0000,0.0000,8393000.0,0.0,3.000,50331648.0,0.000,0,0,50331648,3,0,0,0,1,1
3,chain3,f32,4194304,glibc_t1,P6,14,3,1,6193817.00,0.0000,0.0000,6199000.0,0.0,1.000,16777216.0,0.000,0,0,16777216,1,2,0,0,1,1
3,chain3,f32,16777216,glibc_t1,P5,0,0,1,120502878.00,49155.0000,0.0000,20266000.0,100207000.0,3.000,201326592.0,0.000,0,0,201326592,3,0,0,0,1,1
3,chain3,f32,16777216,glibc_t1,P6,0,1,1,61130684.00,16385.0000,0.0000,44595000.0,16543000.0,1.000,67108864.0,0.000,0,0,67108864,1,2,0,0,1,1
3,chain3,f32,16777216,glibc_t1,P7,0,2,1,53603044.00,16385.0000,0.0000,20844000.0,32765000.0,1.000,67108864.0,0.000,0,0,67108864,1,1,1,0,1,1
3,chain3,f32,16777216,glibc_t1,FIXED_TWIN,0,3,1,53032702.00,16385.0000,0.0000,24546000.0,28494000.0,1.000,67108864.0,0.000,0,0,67108864,1,1,1,0,1,1
3,chain3,f32,16777216,glibc_t1,P6,1,0,1,61161880.00,16385.0000,0.0000,24613000.0,36554000.0,1.000,67108864.0,0.000,0,0,67108864,1,2,0,0,1,1
3,chain3,f32,16777216,glibc_t1,P7,1,1,1,53160917.00,16385.0000,0.0000,32611000.0,20555000.0,1.000,67108864.0,0.000,0,0,67108864,1,1,1,0,1,1
3,chain3,f32,16777216,glibc_t1,FIXED_TWIN,1,2,1,54524705.00,16385.0000,0.0000,35229000.0,19303000.0,1.000,67108864.0,0.000,0,0,67108864,1,1,1,0,1,1
3,chain3,f32,16777216,glibc_t1,P5,1,3,1,117205706.00,49155.0000,0.0000,20639000.0,96417000.0,3.000,201326592.0,0.000,0,0,201326592,3,0,0,0,1,1
3,chain3,f32,16777216,glibc_t1,P7,2,0,1,52412898.00,16385.0000,0.0000,40218000.0,12201000.0,1.000,67108864.0,0.000,0,0,67108864,1,1,1,0,1,1
3,chain3,f32,16777216,glibc_t1,FIXED_TWIN,2,1,1,52456448.00,16385.0000,0.0000,28242000.0,24220000.0,1.000,67108864.0,0.000,0,0,67108864,1,1,1,0,1,1
3,chain3,f32,16777216,glibc_t1,P5,2,2,1,117430289.00,49155.0000,0.0000,24757000.0,92679000.0,3.000,201326592.0,0.000,0,0,201326592,3,0,0,0,1,1
3,chain3,f32,16777216,glibc_t1,P6,2,3,1,59704963.00,16385.0000,0.0000,31849000.0,27863000.0,1.000,67108864.0,0.000,0,0,67108864,1,2,0,0,1,1
3,chain3,f32,16777216,glibc_t1,FIXED_TWIN,3,0,1,53412470.00,16385.0000,0.0000,24739000.0,28670000.0,1.000,67108864.0,0.000,0,0,67108864,1,1,1,0,1,1
3,chain3,f32,16777216,glibc_t1,P5,3,1,1,117113191.00,49155.0000,0.0000,36588000.0,80497000.0,3.000,201326592.0,0.000,0,0,201326592,3,0,0,0,1,1
3,chain3,f32,16777216,glibc_t1,P6,3,2,1,60524104.00,16385.0000,0.0000,36277000.0,24192000.0,1.000,67108864.0,0.000,0,0,67108864,1,2,0,0,1,1
3,chain3,f32,16777216,glibc_t1,P7,3,3,1,53696292.00,16385.0000,0.0000,34742000.0,18907000.0,1.000,67108864.0,0.000,0,0,67108864,1,1,1,0,1,1
3,chain3,f32,16777216,glibc_t1,P5,4,0,1,116534812.00,49155.0000,0.0000,32279000.0,84213000.0,3.000,201326592.0,0.000,0,0,201326592,3,0,0,0,1,1
3,chain3,f32,16777216,glibc_t1,P6,4,1,1,57523479.00,16385.0000,0.0000,38669000.0,18825000.0,1.000,67108864.0,0.000,0,0,67108864,1,2,0,0,1,1
3,chain3,f32,16777216,glibc_t1,P7,4,2,1,52927353.00,16385.0000,0.0000,28489000.0,24344000.0,1.000,67108864.0,0.000,0,0,67108864,1,1,1,0,1,1
3,chain3,f32,16777216,glibc_t1,FIXED_TWIN,4,3,1,52526967.00,16385.0000,0.0000,20280000.0,32253000.0,1.000,67108864.0,0.000,0,0,67108864,1,1,1,0,1,1
3,chain3,f32,16777216,glibc_t1,P6,5,0,1,59848600.00,16385.0000,0.0000,27925000.0,31931000.0,1.000,67108864.0,0.000,0,0,67108864,1,2,0,0,1,1
3,chain3,f32,16777216,glibc_t1,P7,5,1,1,54634909.00,16385.0000,0.0000,39227000.0,15301000.0,1.000,67108864.0,0.000,0,0,67108864,1,1,1,0,1,1
3,chain3,f32,16777216,glibc_t1,FIXED_TWIN,5,2,1,54815699.00,16385.0000,0.0000,23407000.0,31461000.0,1.000,67108864.0,0.000,0,0,67108864,1,1,1,0,1,1
3,chain3,f32,16777216,glibc_t1,P5,5,3,1,118588667.00,49155.0000,0.0000,31266000.0,87328000.0,3.000,201326592.0,0.000,0,0,201326592,3,0,0,0,1,1
3,chain3,f32,16777216,glibc_t1,P7,6,0,1,53269806.00,16385.0000,0.0000,22573000.0,30702000.0,1.000,67108864.0,0.000,0,0,67108864,1,1,1,0,1,1
3,chain3,f32,16777216,glibc_t1,FIXED_TWIN,6,1,1,52654234.00,16385.0000,0.0000,28346000.0,24315000.0,1.000,67108864.0,0.000,0,0,67108864,1,1,1,0,1,1
3,chain3,f32,16777216,glibc_t1,P5,6,2,1,118939840.00,49155.0000,0.0000,41545000.0,77401000.0,3.000,201326592.0,0.000,0,0,201326592,3,0,0,0,1,1
3,chain3,f32,16777216,glibc_t1,P6,6,3,1,60952576.00,16385.0000,0.0000,36502000.0,24457000.0,1.000,67108864.0,0.000,0,0,67108864,1,2,0,0,1,1
3,chain3,f32,16777216,glibc_t1,FIXED_TWIN,7,0,1,55498700.00,16385.0000,0.0000,39739000.0,15766000.0,1.000,67108864.0,0.000,0,0,67108864,1,1,1,0,1,1
3,chain3,f32,16777216,glibc_t1,P5,7,1,1,120228951.00,49155.0000,0.0000,36126000.0,84109000.0,3.000,201326592.0,0.000,0,0,201326592,3,0,0,0,1,1
3,chain3,f32,16777216,glibc_t1,P6,7,2,1,59070026.00,16385.0000,0.0000,35515000.0,23560000.0,1.000,67108864.0,0.000,0,0,67108864,1,2,0,0,1,1
3,chain3,f32,16777216,glibc_t1,P7,7,3,1,53891098.00,16385.0000,0.0000,30898000.0,22999000.0,1.000,67108864.0,0.000,0,0,67108864,1,1,1,0,1,1
3,chain3,f32,16777216,glibc_t1,P5,8,0,1,119237064.00,49155.0000,0.0000,55604000.0,63639000.0,3.000,201326592.0,0.000,0,0,201326592,3,0,0,0,1,1
3,chain3,f32,16777216,glibc_t1,P6,8,1,1,61550415.00,16385.0000,0.0000,32816000.0,28741000.0,1.000,67108864.0,0.000,0,0,67108864,1,2,0,0,1,1
3,chain3,f32,16777216,glibc_t1,P7,8,2,1,55413161.00,16385.0000,0.0000,27638000.0,27724000.0,1.000,67108864.0,0.000,0,0,67108864,1,1,1,0,1,1
3,chain3,f32,16777216,glibc_t1,FIXED_TWIN,8,3,1,53571040.00,16385.0000,0.0000,34728000.0,18848000.0,1.000,67108864.0,0.000,0,0,67108864,1,1,1,0,1,1
3,chain3,f32,16777216,glibc_t1,P6,9,0,1,62708328.00,16385.0000,0.0000,43325000.0,19390000.0,1.000,67108864.0,0.000,0,0,67108864,1,2,0,0,1,1
3,chain3,f32,16777216,glibc_t1,P7,9,1,1,54652395.00,16385.0000,0.0000,29395000.0,25263000.0,1.000,67108864.0,0.000,0,0,67108864,1,1,1,0,1,1
3,chain3,f32,16777216,glibc_t1,FIXED_TWIN,9,2,1,53670445.00,16385.0000,0.0000,24875000.0,28792000.0,1.000,67108864.0,0.000,0,0,67108864,1,1,1,0,1,1
3,chain3,f32,16777216,glibc_t1,P5,9,3,1,122880180.00,49155.0000,0.0000,29506000.0,93358000.0,3.000,201326592.0,0.000,0,0,201326592,3,0,0,0,1,1
3,chain3,f32,16777216,glibc_t1,P7,10,0,1,55175578.00,16385.0000,0.0000,43570000.0,11612000.0,1.000,67108864.0,0.000,0,0,67108864,1,1,1,0,1,1
3,chain3,f32,16777216,glibc_t1,FIXED_TWIN,10,1,1,54470649.00,16385.0000,0.0000,23202000.0,31275000.0,1.000,67108864.0,0.000,0,0,67108864,1,1,1,0,1,1
3,chain3,f32,16777216,glibc_t1,P5,10,2,1,118294722.00,49155.0000,0.0000,27113000.0,91187000.0,3.000,201326592.0,0.000,0,0,201326592,3,0,0,0,1,1
3,chain3,f32,16777216,glibc_t1,P6,10,3,1,59741949.00,16385.0000,0.0000,39862000.0,19876000.0,1.000,67108864.0,0.000,0,0,67108864,1,2,0,0,1,1
3,chain3,f32,16777216,glibc_t1,FIXED_TWIN,11,0,1,54103184.00,16385.0000,0.0000,31009000.0,23101000.0,1.000,67108864.0,0.000,0,0,67108864,1,1,1,0,1,1
3,chain3,f32,16777216,glibc_t1,P5,11,1,1,130652274.00,49155.0000,0.0000,49395000.0,81263000.0,3.000,201326592.0,0.000,0,0,201326592,3,0,0,0,1,1
3,chain3,f32,16777216,glibc_t1,P6,11,2,1,60304954.00,16385.0000,0.0000,44162000.0,16149000.0,1.000,67108864.0,0.000,0,0,67108864,1,2,0,0,1,1
3,chain3,f32,16777216,glibc_t1,P7,11,3,1,54587494.00,16385.0000,0.0000,23253000.0,31330000.0,1.000,67108864.0,0.000,0,0,67108864,1,1,1,0,1,1
3,chain3,f32,16777216,glibc_t1,P5,12,0,1,118121655.00,49155.0000,0.0000,37112000.0,80989000.0,3.000,201326592.0,0.000,0,0,201326592,3,0,0,0,1,1
3,chain3,f32,16777216,glibc_t1,P6,12,1,1,64127840.00,16385.0000,0.0000,40070000.0,24065000.0,1.000,67108864.0,0.000,0,0,67108864,1,2,0,0,1,1
3,chain3,f32,16777216,glibc_t1,P7,12,2,1,56392391.00,16385.0000,0.0000,34111000.0,22287000.0,1.000,67108864.0,0.000,0,0,67108864,1,1,1,0,1,1
3,chain3,f32,16777216,glibc_t1,FIXED_TWIN,12,3,1,54475304.00,16385.0000,0.0000,39203000.0,15279000.0,1.000,67108864.0,0.000,0,0,67108864,1,1,1,0,1,1
3,chain3,f32,16777216,glibc_t1,P6,13,0,1,62742773.00,16385.0000,0.0000,27345000.0,35405000.0,1.000,67108864.0,0.000,0,0,67108864,1,2,0,0,1,1
3,chain3,f32,16777216,glibc_t1,P7,13,1,1,55110095.00,16385.0000,0.0000,35536000.0,19581000.0,1.000,67108864.0,0.000,0,0,67108864,1,1,1,0,1,1
3,chain3,f32,16777216,glibc_t1,FIXED_TWIN,13,2,1,55098820.00,16385.0000,0.0000,15532000.0,39575000.0,1.000,67108864.0,0.000,0,0,67108864,1,1,1,0,1,1
3,chain3,f32,16777216,glibc_t1,P5,13,3,1,119551300.00,49155.0000,0.0000,51768000.0,67788000.0,3.000,201326592.0,0.000,0,0,201326592,3,0,0,0,1,1
3,chain3,f32,16777216,glibc_t1,P7,14,0,1,55693461.00,16385.0000,0.0000,27843000.0,27858000.0,1.000,67108864.0,0.000,0,0,67108864,1,1,1,0,1,1
3,chain3,f32,16777216,glibc_t1,FIXED_TWIN,14,1,1,54853901.00,16385.0000,0.0000,29489000.0,25347000.0,1.000,67108864.0,0.000,0,0,67108864,1,1,1,0,1,1
3,chain3,f32,16777216,glibc_t1,P5,14,2,1,120196525.00,49155.0000,0.0000,48075000.0,72094000.0,3.000,201326592.0,0.000,0,0,201326592,3,0,0,0,1,1
3,chain3,f32,16777216,glibc_t1,P6,14,3,1,59980571.00,16385.0000,0.0000,31993000.0,27994000.0,1.000,67108864.0,0.000,0,0,67108864,1,2,0,0,1,1
3,chain3,f32,67108864,glibc_t1,P5,0,0,1,483320916.00,196611.0000,0.0000,155653000.0,327635000.0,3.000,805306368.0,0.000,0,0,805306368,3,0,0,0,1,1
3,chain3,f32,67108864,glibc_t1,P6,0,1,1,237612637.00,65537.0000,0.0000,146802000.0,90817000.0,1.000,268435456.0,0.000,0,0,268435456,1,2,0,0,1,1
3,chain3,f32,67108864,glibc_t1,P7,0,2,1,209336538.00,65537.0000,0.0000,108665000.0,100670000.0,1.000,268435456.0,0.000,0,0,268435456,1,1,1,0,1,1
3,chain3,f32,67108864,glibc_t1,FIXED_TWIN,0,3,1,205764910.00,65537.0000,0.0000,120855000.0,84879000.0,1.000,268435456.0,0.000,0,0,268435456,1,1,1,0,1,1
3,chain3,f32,67108864,glibc_t1,P6,1,0,1,242050035.00,65537.0000,0.0000,130813000.0,110830000.0,1.000,268435456.0,0.000,0,0,268435456,1,2,0,0,1,1
3,chain3,f32,67108864,glibc_t1,P7,1,1,1,203604680.00,65537.0000,0.0000,113755000.0,89770000.0,1.000,268435456.0,0.000,0,0,268435456,1,1,1,0,1,1
3,chain3,f32,67108864,glibc_t1,FIXED_TWIN,1,2,1,206452671.00,65537.0000,0.0000,125163000.0,81215000.0,1.000,268435456.0,0.000,0,0,268435456,1,1,1,0,1,1
3,chain3,f32,67108864,glibc_t1,P5,1,3,1,441783620.00,196611.0000,0.0000,144888000.0,296863000.0,3.000,805306368.0,0.000,0,0,805306368,3,0,0,0,1,1
3,chain3,f32,67108864,glibc_t1,P7,2,0,1,205936306.00,65537.0000,0.0000,124969000.0,80974000.0,1.000,268435456.0,0.000,0,0,268435456,1,1,1,0,1,1
3,chain3,f32,67108864,glibc_t1,FIXED_TWIN,2,1,1,221127271.00,65537.0000,0.0000,108541000.0,112524000.0,1.000,268435456.0,0.000,0,0,268435456,1,1,1,0,1,1
3,chain3,f32,67108864,glibc_t1,P5,2,2,1,458151516.00,196611.0000,0.0000,159092000.0,299003000.0,3.000,805306368.0,0.000,0,0,805306368,3,0,0,0,1,1
3,chain3,f32,67108864,glibc_t1,P6,2,3,1,234113843.00,65537.0000,0.0000,141002000.0,93069000.0,1.000,268435456.0,0.000,0,0,268435456,1,2,0,0,1,1
3,chain3,f32,67108864,glibc_t1,FIXED_TWIN,3,0,1,212898642.00,65537.0000,0.0000,124383000.0,88457000.0,1.000,268435456.0,0.000,0,0,268435456,1,1,1,0,1,1
3,chain3,f32,67108864,glibc_t1,P5,3,1,1,447984664.00,196611.0000,0.0000,135965000.0,311905000.0,3.000,805306368.0,0.000,0,0,805306368,3,0,0,0,1,1
3,chain3,f32,67108864,glibc_t1,P6,3,2,1,244429453.00,65537.0000,0.0000,164070000.0,80083000.0,1.000,268435456.0,0.000,0,0,268435456,1,2,0,0,1,1
3,chain3,f32,67108864,glibc_t1,P7,3,3,1,211772588.00,65537.0000,0.0000,119884000.0,91855000.0,1.000,268435456.0,0.000,0,0,268435456,1,1,1,0,1,1
3,chain3,f32,67108864,glibc_t1,P5,4,0,1,952206606.00,196611.0000,0.0000,187936000.0,763717000.0,3.000,805306368.0,0.000,0,0,805306368,3,0,0,0,1,1
3,chain3,f32,67108864,glibc_t1,P6,4,1,1,233104106.00,65537.0000,0.0000,112545000.0,120566000.0,1.000,268435456.0,0.000,0,0,268435456,1,2,0,0,1,1
3,chain3,f32,67108864,glibc_t1,P7,4,2,1,207240789.00,65537.0000,0.0000,125590000.0,81656000.0,1.000,268435456.0,0.000,0,0,268435456,1,1,1,0,1,1
3,chain3,f32,67108864,glibc_t1,FIXED_TWIN,4,3,1,208714394.00,65537.0000,0.0000,104349000.0,104362000.0,1.000,268435456.0,0.000,0,0,268435456,1,1,1,0,1,1
3,chain3,f32,67108864,glibc_t1,P6,5,0,1,234039397.00,65537.0000,0.0000,152987000.0,81030000.0,1.000,268435456.0,0.000,0,0,268435456,1,2,0,0,1,1
3,chain3,f32,67108864,glibc_t1,P7,5,1,1,207616305.00,65537.0000,0.0000,111773000.0,95805000.0,1.000,268435456.0,0.000,0,0,268435456,1,1,1,0,1,1
3,chain3,f32,67108864,glibc_t1,FIXED_TWIN,5,2,1,221996040.00,65537.0000,0.0000,126805000.0,94788000.0,1.000,268435456.0,0.000,0,0,268435456,1,1,1,0,1,1
3,chain3,f32,67108864,glibc_t1,P5,5,3,1,446698671.00,196611.0000,0.0000,173291000.0,273367000.0,3.000,805306368.0,0.000,0,0,805306368,3,0,0,0,1,1
3,chain3,f32,67108864,glibc_t1,P7,6,0,1,213675842.00,65537.0000,0.0000,100085000.0,112088000.0,1.000,268435456.0,0.000,0,0,268435456,1,1,1,0,1,1
3,chain3,f32,67108864,glibc_t1,FIXED_TWIN,6,1,1,204683144.00,65537.0000,0.0000,92325000.0,112304000.0,1.000,268435456.0,0.000,0,0,268435456,1,1,1,0,1,1
3,chain3,f32,67108864,glibc_t1,P5,6,2,1,446462892.00,196611.0000,0.0000,105212000.0,341119000.0,3.000,805306368.0,0.000,0,0,805306368,3,0,0,0,1,1
3,chain3,f32,67108864,glibc_t1,P6,6,3,1,235760783.00,65537.0000,0.0000,147814000.0,87880000.0,1.000,268435456.0,0.000,0,0,268435456,1,2,0,0,1,1
3,chain3,f32,67108864,glibc_t1,FIXED_TWIN,7,0,1,211968957.00,65537.0000,0.0000,127983000.0,83991000.0,1.000,268435456.0,0.000,0,0,268435456,1,1,1,0,1,1
3,chain3,f32,67108864,glibc_t1,P5,7,1,1,457121013.00,196611.0000,0.0000,116560000.0,340455000.0,3.000,805306368.0,0.000,0,0,805306368,3,0,0,0,1,1
3,chain3,f32,67108864,glibc_t1,P6,7,2,1,235467382.00,65537.0000,0.0000,135702000.0,99714000.0,1.000,268435456.0,0.000,0,0,268435456,1,2,0,0,1,1
3,chain3,f32,67108864,glibc_t1,P7,7,3,1,209530136.00,65537.0000,0.0000,124737000.0,84780000.0,1.000,268435456.0,0.000,0,0,268435456,1,1,1,0,1,1
3,chain3,f32,67108864,glibc_t1,P5,8,0,1,451881910.00,196611.0000,0.0000,111953000.0,339868000.0,3.000,805306368.0,0.000,0,0,805306368,3,0,0,0,1,1
3,chain3,f32,67108864,glibc_t1,P6,8,1,1,237303318.00,65537.0000,0.0000,134573000.0,102536000.0,1.000,268435456.0,0.000,0,0,268435456,1,2,0,0,1,1
3,chain3,f32,67108864,glibc_t1,P7,8,2,1,210322589.00,65537.0000,0.0000,97123000.0,113164000.0,1.000,268435456.0,0.000,0,0,268435456,1,1,1,0,1,1
3,chain3,f32,67108864,glibc_t1,FIXED_TWIN,8,3,1,235264404.00,65537.0000,0.0000,127323000.0,107326000.0,1.000,268435456.0,0.000,0,0,268435456,1,1,1,0,1,1
3,chain3,f32,67108864,glibc_t1,P6,9,0,1,238421171.00,65537.0000,0.0000,149170000.0,89257000.0,1.000,268435456.0,0.000,0,0,268435456,1,2,0,0,1,1
3,chain3,f32,67108864,glibc_t1,P7,9,1,1,211512321.00,65537.0000,0.0000,107766000.0,103752000.0,1.000,268435456.0,0.000,0,0,268435456,1,1,1,0,1,1
3,chain3,f32,67108864,glibc_t1,FIXED_TWIN,9,2,1,210983424.00,65537.0000,0.0000,123503000.0,87443000.0,1.000,268435456.0,0.000,0,0,268435456,1,1,1,0,1,1
3,chain3,f32,67108864,glibc_t1,P5,9,3,1,443601234.00,196611.0000,0.0000,143722000.0,299781000.0,3.000,805306368.0,0.000,0,0,805306368,3,0,0,0,1,1
3,chain3,f32,67108864,glibc_t1,P7,10,0,1,205650429.00,65537.0000,0.0000,120755000.0,84862000.0,1.000,268435456.0,0.000,0,0,268435456,1,1,1,0,1,1
3,chain3,f32,67108864,glibc_t1,FIXED_TWIN,10,1,1,203511717.00,65537.0000,0.0000,103700000.0,99738000.0,1.000,268435456.0,0.000,0,0,268435456,1,1,1,0,1,1
3,chain3,f32,67108864,glibc_t1,P5,10,2,1,450231650.00,196611.0000,0.0000,159129000.0,291043000.0,3.000,805306368.0,0.000,0,0,805306368,3,0,0,0,1,1
3,chain3,f32,67108864,glibc_t1,P6,10,3,1,232963256.00,65537.0000,0.0000,144421000.0,88528000.0,1.000,268435456.0,0.000,0,0,268435456,1,2,0,0,1,1
3,chain3,f32,67108864,glibc_t1,FIXED_TWIN,11,0,1,204123425.00,65537.0000,0.0000,104044000.0,100049000.0,1.000,268435456.0,0.000,0,0,268435456,1,1,1,0,1,1
3,chain3,f32,67108864,glibc_t1,P5,11,1,1,450862527.00,196611.0000,0.0000,159454000.0,291267000.0,3.000,805306368.0,0.000,0,0,805306368,3,0,0,0,1,1
3,chain3,f32,67108864,glibc_t1,P6,11,2,1,236343511.00,65537.0000,0.0000,156121000.0,80182000.0,1.000,268435456.0,0.000,0,0,268435456,1,2,0,0,1,1
3,chain3,f32,67108864,glibc_t1,P7,11,3,1,211151653.00,65537.0000,0.0000,115588000.0,95507000.0,1.000,268435456.0,0.000,0,0,268435456,1,1,1,0,1,1
3,chain3,f32,67108864,glibc_t1,P5,12,0,1,463013015.00,196611.0000,0.0000,155500000.0,307411000.0,3.000,805306368.0,0.000,0,0,805306368,3,0,0,0,1,1
3,chain3,f32,67108864,glibc_t1,P6,12,1,1,282194953.00,65537.0000,0.0000,202795000.0,78570000.0,1.000,268435456.0,0.000,0,0,268435456,1,2,0,0,1,1
3,chain3,f32,67108864,glibc_t1,P7,12,2,1,209638423.00,65537.0000,0.0000,110840000.0,98738000.0,1.000,268435456.0,0.000,0,0,268435456,1,1,1,0,1,1
3,chain3,f32,67108864,glibc_t1,FIXED_TWIN,12,3,1,211429354.00,65537.0000,0.0000,111729000.0,99707000.0,1.000,268435456.0,0.000,0,0,268435456,1,1,1,0,1,1
3,chain3,f32,67108864,glibc_t1,P6,13,0,1,240365607.00,65537.0000,0.0000,156097000.0,84199000.0,1.000,268435456.0,0.000,0,0,268435456,1,2,0,0,1,1
3,chain3,f32,67108864,glibc_t1,P7,13,1,1,212585161.00,65537.0000,0.0000,116281000.0,96309000.0,1.000,268435456.0,0.000,0,0,268435456,1,1,1,0,1,1
3,chain3,f32,67108864,glibc_t1,FIXED_TWIN,13,2,1,213924161.00,65537.0000,0.0000,96910000.0,116997000.0,1.000,268435456.0,0.000,0,0,268435456,1,1,1,0,1,1
3,chain3,f32,67108864,glibc_t1,P5,13,3,1,450918753.00,196611.0000,0.0000,125359000.0,325456000.0,3.000,805306368.0,0.000,0,0,805306368,3,0,0,0,1,1
3,chain3,f32,67108864,glibc_t1,P7,14,0,1,209874624.00,65537.0000,0.0000,102930000.0,106816000.0,1.000,268435456.0,0.000,0,0,268435456,1,1,1,0,1,1
3,chain3,f32,67108864,glibc_t1,FIXED_TWIN,14,1,1,211320137.00,65537.0000,0.0000,115634000.0,95636000.0,1.000,268435456.0,0.000,0,0,268435456,1,1,1,0,1,1
3,chain3,f32,67108864,glibc_t1,P5,14,2,1,455667590.00,196611.0000,0.0000,119846000.0,335741000.0,3.000,805306368.0,0.000,0,0,805306368,3,0,0,0,1,1
3,chain3,f32,67108864,glibc_t1,P6,14,3,1,237113349.00,65537.0000,0.0000,126631000.0,110480000.0,1.000,268435456.0,0.000,0,0,268435456,1,2,0,0,1,1
3,chain4,f32,64,glibc_t1,P5,0,0,1000,499.48,0.0000,0.0000,238.0,264.0,4.000,1024.0,0.000,0,0,256768,4,0,0,0,1,1
3,chain4,f32,64,glibc_t1,P6,0,1,1000,433.86,0.0000,0.0000,207.0,228.0,1.000,256.0,0.000,0,0,256000,1,3,0,0,1,1
3,chain4,f32,64,glibc_t1,P7,0,2,1000,424.99,0.0000,0.0000,202.0,223.0,1.000,256.0,0.000,0,0,256000,1,2,1,0,1,1
3,chain4,f32,64,glibc_t1,FIXED_TWIN,0,3,1000,460.38,0.0000,0.0000,461.0,0.0,1.000,256.0,0.000,0,0,256000,1,2,1,0,1,1
3,chain4,f32,64,glibc_t1,P6,1,0,1000,422.15,0.0000,0.0000,423.0,0.0,1.000,256.0,0.000,0,0,256000,1,3,0,0,1,1
3,chain4,f32,64,glibc_t1,P7,1,1,1000,418.59,0.0000,0.0000,419.0,0.0,1.000,256.0,0.000,0,0,256000,1,2,1,0,1,1
3,chain4,f32,64,glibc_t1,FIXED_TWIN,1,2,1000,404.93,0.0000,0.0000,406.0,0.0,1.000,256.0,0.000,0,0,256000,1,2,1,0,1,1
3,chain4,f32,64,glibc_t1,P5,1,3,1000,602.49,0.0000,0.0000,603.0,0.0,4.000,1024.0,0.000,0,0,256768,4,0,0,0,1,1
3,chain4,f32,64,glibc_t1,P7,2,0,1000,422.23,0.0000,0.0000,423.0,0.0,1.000,256.0,0.000,0,0,256000,1,2,1,0,1,1
3,chain4,f32,64,glibc_t1,FIXED_TWIN,2,1,1000,417.44,0.0000,0.0000,418.0,0.0,1.000,256.0,0.000,0,0,256000,1,2,1,0,1,1
3,chain4,f32,64,glibc_t1,P5,2,2,1000,516.08,0.0000,0.0000,517.0,0.0,4.000,1024.0,0.000,0,0,256768,4,0,0,0,1,1
3,chain4,f32,64,glibc_t1,P6,2,3,1000,425.24,0.0000,0.0000,426.0,0.0,1.000,256.0,0.000,0,0,256000,1,3,0,0,1,1
3,chain4,f32,64,glibc_t1,FIXED_TWIN,3,0,1000,416.02,0.0000,0.0000,417.0,0.0,1.000,256.0,0.000,0,0,256000,1,2,1,0,1,1
3,chain4,f32,64,glibc_t1,P5,3,1,1000,495.96,0.0000,0.0000,496.0,0.0,4.000,1024.0,0.000,0,0,256768,4,0,0,0,1,1
3,chain4,f32,64,glibc_t1,P6,3,2,1000,407.95,0.0000,0.0000,408.0,0.0,1.000,256.0,0.000,0,0,256000,1,3,0,0,1,1
3,chain4,f32,64,glibc_t1,P7,3,3,1000,405.18,0.0000,0.0000,406.0,0.0,1.000,256.0,0.000,0,0,256000,1,2,1,0,1,1
3,chain4,f32,64,glibc_t1,P5,4,0,1000,491.34,0.0000,0.0000,492.0,0.0,4.000,1024.0,0.000,0,0,256768,4,0,0,0,1,1
3,chain4,f32,64,glibc_t1,P6,4,1,1000,418.48,0.0000,0.0000,419.0,0.0,1.000,256.0,0.000,0,0,256000,1,3,0,0,1,1
3,chain4,f32,64,glibc_t1,P7,4,2,1000,402.47,0.0000,0.0000,403.0,0.0,1.000,256.0,0.000,0,0,256000,1,2,1,0,1,1
3,chain4,f32,64,glibc_t1,FIXED_TWIN,4,3,1000,419.24,0.0000,0.0000,420.0,0.0,1.000,256.0,0.000,0,0,256000,1,2,1,0,1,1
3,chain4,f32,64,glibc_t1,P6,5,0,1000,423.08,0.0000,0.0000,423.0,0.0,1.000,256.0,0.000,0,0,256000,1,3,0,0,1,1
3,chain4,f32,64,glibc_t1,P7,5,1,1000,407.84,0.0000,0.0000,409.0,0.0,1.000,256.0,0.000,0,0,256000,1,2,1,0,1,1
3,chain4,f32,64,glibc_t1,FIXED_TWIN,5,2,1000,405.94,0.0000,0.0000,407.0,0.0,1.000,256.0,0.000,0,0,256000,1,2,1,0,1,1
3,chain4,f32,64,glibc_t1,P5,5,3,1000,482.23,0.0000,0.0000,483.0,0.0,4.000,1024.0,0.000,0,0,256768,4,0,0,0,1,1
3,chain4,f32,64,glibc_t1,P7,6,0,1000,410.00,0.0000,0.0000,410.0,0.0,1.000,256.0,0.000,0,0,256000,1,2,1,0,1,1
3,chain4,f32,64,glibc_t1,FIXED_TWIN,6,1,1000,401.02,0.0000,0.0000,402.0,0.0,1.000,256.0,0.000,0,0,256000,1,2,1,0,1,1
3,chain4,f32,64,glibc_t1,P5,6,2,1000,507.95,0.0000,0.0000,508.0,0.0,4.000,1024.0,0.000,0,0,256768,4,0,0,0,1,1
3,chain4,f32,64,glibc_t1,P6,6,3,1000,403.13,0.0000,0.0000,404.0,0.0,1.000,256.0,0.000,0,0,256000,1,3,0,0,1,1
3,chain4,f32,64,glibc_t1,FIXED_TWIN,7,0,1000,400.82,0.0000,0.0000,401.0,0.0,1.000,256.0,0.000,0,0,256000,1,2,1,0,1,1
3,chain4,f32,64,glibc_t1,P5,7,1,1000,498.55,0.0000,0.0000,499.0,0.0,4.000,1024.0,0.000,0,0,256768,4,0,0,0,1,1
3,chain4,f32,64,glibc_t1,P6,7,2,1000,452.50,0.0000,0.0000,453.0,0.0,1.000,256.0,0.000,0,0,256000,1,3,0,0,1,1
3,chain4,f32,64,glibc_t1,P7,7,3,1000,414.34,0.0000,0.0000,415.0,0.0,1.000,256.0,0.000,0,0,256000,1,2,1,0,1,1
3,chain4,f32,64,glibc_t1,P5,8,0,1000,506.61,0.0000,0.0000,507.0,0.0,4.000,1024.0,0.000,0,0,256768,4,0,0,0,1,1
3,chain4,f32,64,glibc_t1,P6,8,1,1000,429.14,0.0000,0.0000,430.0,0.0,1.000,256.0,0.000,0,0,256000,1,3,0,0,1,1
3,chain4,f32,64,glibc_t1,P7,8,2,1000,419.23,0.0000,0.0000,420.0,0.0,1.000,256.0,0.000,0,0,256000,1,2,1,0,1,1
3,chain4,f32,64,glibc_t1,FIXED_TWIN,8,3,1000,414.24,0.0000,0.0000,415.0,0.0,1.000,256.0,0.000,0,0,256000,1,2,1,0,1,1
3,chain4,f32,64,glibc_t1,P6,9,0,1000,427.70,0.0000,0.0000,428.0,0.0,1.000,256.0,0.000,0,0,256000,1,3,0,0,1,1
3,chain4,f32,64,glibc_t1,P7,9,1,1000,414.77,0.0000,0.0000,416.0,0.0,1.000,256.0,0.000,0,0,256000,1,2,1,0,1,1
3,chain4,f32,64,glibc_t1,FIXED_TWIN,9,2,1000,445.38,0.0000,0.0000,446.0,0.0,1.000,256.0,0.000,0,0,256000,1,2,1,0,1,1
3,chain4,f32,64,glibc_t1,P5,9,3,1000,512.76,0.0000,0.0000,513.0,0.0,4.000,1024.0,0.000,0,0,256768,4,0,0,0,1,1
3,chain4,f32,64,glibc_t1,P7,10,0,1000,419.70,0.0000,0.0000,420.0,0.0,1.000,256.0,0.000,0,0,256000,1,2,1,0,1,1
3,chain4,f32,64,glibc_t1,FIXED_TWIN,10,1,1000,420.15,0.0000,0.0000,420.0,0.0,1.000,256.0,0.000,0,0,256000,1,2,1,0,1,1
3,chain4,f32,64,glibc_t1,P5,10,2,1000,509.64,0.0000,0.0000,511.0,0.0,4.000,1024.0,0.000,0,0,256768,4,0,0,0,1,1
3,chain4,f32,64,glibc_t1,P6,10,3,1000,435.12,0.0000,0.0000,435.0,0.0,1.000,256.0,0.000,0,0,256000,1,3,0,0,1,1
3,chain4,f32,64,glibc_t1,FIXED_TWIN,11,0,1000,409.88,0.0000,0.0000,410.0,0.0,1.000,256.0,0.000,0,0,256000,1,2,1,0,1,1
3,chain4,f32,64,glibc_t1,P5,11,1,1000,487.15,0.0000,0.0000,488.0,0.0,4.000,1024.0,0.000,0,0,256768,4,0,0,0,1,1
3,chain4,f32,64,glibc_t1,P6,11,2,1000,411.96,0.0000,0.0000,412.0,0.0,1.000,256.0,0.000,0,0,256000,1,3,0,0,1,1
3,chain4,f32,64,glibc_t1,P7,11,3,1000,406.47,0.0000,0.0000,407.0,0.0,1.000,256.0,0.000,0,0,256000,1,2,1,0,1,1
3,chain4,f32,64,glibc_t1,P5,12,0,1000,489.04,0.0000,0.0000,490.0,0.0,4.000,1024.0,0.000,0,0,256768,4,0,0,0,1,1
3,chain4,f32,64,glibc_t1,P6,12,1,1000,431.88,0.0000,0.0000,432.0,0.0,1.000,256.0,0.000,0,0,256000,1,3,0,0,1,1
3,chain4,f32,64,glibc_t1,P7,12,2,1000,403.26,0.0000,0.0000,405.0,0.0,1.000,256.0,0.000,0,0,256000,1,2,1,0,1,1
3,chain4,f32,64,glibc_t1,FIXED_TWIN,12,3,1000,401.92,0.0000,0.0000,403.0,0.0,1.000,256.0,0.000,0,0,256000,1,2,1,0,1,1
3,chain4,f32,64,glibc_t1,P6,13,0,1000,412.47,0.0000,0.0000,413.0,0.0,1.000,256.0,0.000,0,0,256000,1,3,0,0,1,1
3,chain4,f32,64,glibc_t1,P7,13,1,1000,401.62,0.0000,0.0000,402.0,0.0,1.000,256.0,0.000,0,0,256000,1,2,1,0,1,1
3,chain4,f32,64,glibc_t1,FIXED_TWIN,13,2,1000,397.25,0.0000,0.0000,397.0,0.0,1.000,256.0,0.000,0,0,256000,1,2,1,0,1,1
3,chain4,f32,64,glibc_t1,P5,13,3,1000,484.10,0.0000,0.0000,485.0,0.0,4.000,1024.0,0.000,0,0,256768,4,0,0,0,1,1
3,chain4,f32,64,glibc_t1,P7,14,0,1000,400.78,0.0000,0.0000,401.0,0.0,1.000,256.0,0.000,0,0,256000,1,2,1,0,1,1
3,chain4,f32,64,glibc_t1,FIXED_TWIN,14,1,1000,417.94,0.0000,0.0000,418.0,0.0,1.000,256.0,0.000,0,0,256000,1,2,1,0,1,1
3,chain4,f32,64,glibc_t1,P5,14,2,1000,481.59,0.0000,0.0000,482.0,0.0,4.000,1024.0,0.000,0,0,256768,4,0,0,0,1,1
3,chain4,f32,64,glibc_t1,P6,14,3,1000,431.94,0.0000,0.0000,433.0,0.0,1.000,256.0,0.000,0,0,256000,1,3,0,0,1,1
3,chain4,f32,1024,glibc_t1,P5,0,0,1000,1057.49,0.0000,0.0000,1062.0,0.0,4.000,16384.0,0.000,0,0,4108288,4,0,0,0,1,1
3,chain4,f32,1024,glibc_t1,P6,0,1,1000,910.72,0.0000,0.0000,913.0,0.0,1.000,4096.0,0.000,0,0,4096000,1,3,0,0,1,1
3,chain4,f32,1024,glibc_t1,P7,0,2,1000,859.82,0.0000,0.0000,862.0,0.0,1.000,4096.0,0.000,0,0,4096000,1,2,1,0,1,1
3,chain4,f32,1024,glibc_t1,FIXED_TWIN,0,3,1000,825.92,0.0000,0.0000,830.0,0.0,1.000,4096.0,0.000,0,0,4096000,1,2,1,0,1,1
3,chain4,f32,1024,glibc_t1,P6,1,0,1000,935.23,0.0000,0.0000,939.0,0.0,1.000,4096.0,0.000,0,0,4096000,1,3,0,0,1,1
3,chain4,f32,1024,glibc_t1,P7,1,1,1000,836.09,0.0000,0.0000,839.0,0.0,1.000,4096.0,0.000,0,0,4096000,1,2,1,0,1,1
3,chain4,f32,1024,glibc_t1,FIXED_TWIN,1,2,1000,837.01,0.0000,0.0000,839.0,0.0,1.000,4096.0,0.000,0,0,4096000,1,2,1,0,1,1
3,chain4,f32,1024,glibc_t1,P5,1,3,1000,1050.61,0.0000,0.0000,1053.0,0.0,4.000,16384.0,0.000,0,0,4108288,4,0,0,0,1,1
3,chain4,f32,1024,glibc_t1,P7,2,0,1000,829.67,0.0000,0.0000,832.0,0.0,1.000,4096.0,0.000,0,0,4096000,1,2,1,0,1,1
3,chain4,f32,1024,glibc_t1,FIXED_TWIN,2,1,1000,836.90,0.0000,0.0000,839.0,0.0,1.000,4096.0,0.000,0,0,4096000,1,2,1,0,1,1
3,chain4,f32,1024,glibc_t1,P5,2,2,1000,1064.30,0.0000,0.0000,1066.0,0.0,4.000,16384.0,0.000,0,0,4108288,4,0,0,0,1,1
3,chain4,f32,1024,glibc_t1,P6,2,3,1000,906.70,0.0000,0.0000,910.0,0.0,1.000,4096.0,0.000,0,0,4096000,1,3,0,0,1,1
3,chain4,f32,1024,glibc_t1,FIXED_TWIN,3,0,1000,811.71,0.0000,0.0000,814.0,0.0,1.000,4096.0,0.000,0,0,4096000,1,2,1,0,1,1
3,chain4,f32,1024,glibc_t1,P5,3,1,1000,1045.89,0.0000,0.0000,1049.0,0.0,4.000,16384.0,0.000,0,0,4108288,4,0,0,0,1,1
3,chain4,f32,1024,glibc_t1,P6,3,2,1000,897.32,0.0000,0.0000,899.0,0.0,1.000,4096.0,0.000,0,0,4096000,1,3,0,0,1,1
3,chain4,f32,1024,glibc_t1,P7,3,3,1000,781.97,0.0000,0.0000,784.0,0.0,1.000,4096.0,0.000,0,0,4096000,1,2,1,0,1,1
3,chain4,f32,1024,glibc_t1,P5,4,0,1000,1052.03,0.0000,0.0000,1055.0,0.0,4.000,16384.0,0.000,0,0,4108288,4,0,0,0,1,1
3,chain4,f32,1024,glibc_t1,P6,4,1,1000,927.80,0.0000,0.0000,930.0,0.0,1.000,4096.0,0.000,0,0,4096000,1,3,0,0,1,1
3,chain4,f32,1024,glibc_t1,P7,4,2,1000,806.01,0.0000,0.0000,808.0,0.0,1.000,4096.0,0.000,0,0,4096000,1,2,1,0,1,1
3,chain4,f32,1024,glibc_t1,FIXED_TWIN,4,3,1000,824.83,0.0000,0.0000,827.0,0.0,1.000,4096.0,0.000,0,0,4096000,1,2,1,0,1,1
3,chain4,f32,1024,glibc_t1,P6,5,0,1000,910.83,0.0000,0.0000,913.0,0.0,1.000,4096.0,0.000,0,0,4096000,1,3,0,0,1,1
3,chain4,f32,1024,glibc_t1,P7,5,1,1000,832.98,0.0000,0.0000,836.0,0.0,1.000,4096.0,0.000,0,0,4096000,1,2,1,0,1,1
3,chain4,f32,1024,glibc_t1,FIXED_TWIN,5,2,1000,793.73,0.0000,0.0000,796.0,0.0,1.000,4096.0,0.000,0,0,4096000,1,2,1,0,1,1
3,chain4,f32,1024,glibc_t1,P5,5,3,1000,1045.69,0.0000,0.0000,1049.0,0.0,4.000,16384.0,0.000,0,0,4108288,4,0,0,0,1,1
3,chain4,f32,1024,glibc_t1,P7,6,0,1000,950.67,0.0000,0.0000,953.0,0.0,1.000,4096.0,0.000,0,0,4096000,1,2,1,0,1,1
3,chain4,f32,1024,glibc_t1,FIXED_TWIN,6,1,1000,825.39,0.0000,0.0000,828.0,0.0,1.000,4096.0,0.000,0,0,4096000,1,2,1,0,1,1
3,chain4,f32,1024,glibc_t1,P5,6,2,1000,1030.38,0.0000,0.0000,1033.0,0.0,4.000,16384.0,0.000,0,0,4108288,4,0,0,0,1,1
3,chain4,f32,1024,glibc_t1,P6,6,3,1000,901.54,0.0000,0.0000,903.0,0.0,1.000,4096.0,0.000,0,0,4096000,1,3,0,0,1,1
3,chain4,f32,1024,glibc_t1,FIXED_TWIN,7,0,1000,811.19,0.0000,0.0000,815.0,0.0,1.000,4096.0,0.000,0,0,4096000,1,2,1,0,1,1
3,chain4,f32,1024,glibc_t1,P5,7,1,1000,1032.71,0.0000,0.0000,1034.0,0.0,4.000,16384.0,0.000,0,0,4108288,4,0,0,0,1,1
3,chain4,f32,1024,glibc_t1,P6,7,2,1000,908.26,0.0000,0.0000,910.0,0.0,1.000,4096.0,0.000,0,0,4096000,1,3,0,0,1,1
3,chain4,f32,1024,glibc_t1,P7,7,3,1000,892.14,0.0000,0.0000,894.0,0.0,1.000,4096.0,0.000,0,0,4096000,1,2,1,0,1,1
3,chain4,f32,1024,glibc_t1,P5,8,0,1000,1120.17,0.0000,0.0000,1124.0,0.0,4.000,16384.0,0.000,0,0,4108288,4,0,0,0,1,1
3,chain4,f32,1024,glibc_t1,P6,8,1,1000,1003.81,0.0000,0.0000,1007.0,0.0,1.000,4096.0,0.000,0,0,4096000,1,3,0,0,1,1
3,chain4,f32,1024,glibc_t1,P7,8,2,1000,791.48,0.0000,0.0000,793.0,0.0,1.000,4096.0,0.000,0,0,4096000,1,2,1,0,1,1
3,chain4,f32,1024,glibc_t1,FIXED_TWIN,8,3,1000,841.89,0.0000,0.0000,843.0,0.0,1.000,4096.0,0.000,0,0,4096000,1,2,1,0,1,1
3,chain4,f32,1024,glibc_t1,P6,9,0,1000,928.99,0.0000,0.0000,931.0,0.0,1.000,4096.0,0.000,0,0,4096000,1,3,0,0,1,1
3,chain4,f32,1024,glibc_t1,P7,9,1,1000,806.95,0.0000,0.0000,808.0,0.0,1.000,4096.0,0.000,0,0,4096000,1,2,1,0,1,1
3,chain4,f32,1024,glibc_t1,FIXED_TWIN,9,2,1000,843.52,0.0000,0.0000,846.0,0.0,1.000,4096.0,0.000,0,0,4096000,1,2,1,0,1,1
3,chain4,f32,1024,glibc_t1,P5,9,3,1000,1072.87,0.0000,0.0000,1074.0,0.0,4.000,16384.0,0.000,0,0,4108288,4,0,0,0,1,1
3,chain4,f32,1024,glibc_t1,P7,10,0,1000,816.61,0.0000,0.0000,818.0,0.0,1.000,4096.0,0.000,0,0,4096000,1,2,1,0,1,1
3,chain4,f32,1024,glibc_t1,FIXED_TWIN,10,1,1000,873.32,0.0000,0.0000,876.0,0.0,1.000,4096.0,0.000,0,0,4096000,1,2,1,0,1,1
3,chain4,f32,1024,glibc_t1,P5,10,2,1000,1039.26,0.0000,0.0000,1041.0,0.0,4.000,16384.0,0.000,0,0,4108288,4,0,0,0,1,1
3,chain4,f32,1024,glibc_t1,P6,10,3,1000,911.34,0.0000,0.0000,913.0,0.0,1.000,4096.0,0.000,0,0,4096000,1,3,0,0,1,1
3,chain4,f32,1024,glibc_t1,FIXED_TWIN,11,0,1000,826.87,0.0000,0.0000,829.0,0.0,1.000,4096.0,0.000,0,0,4096000,1,2,1,0,1,1
3,chain4,f32,1024,glibc_t1,P5,11,1,1000,1023.61,0.0000,0.0000,1025.0,0.0,4.000,16384.0,0.000,0,0,4108288,4,0,0,0,1,1
3,chain4,f32,1024,glibc_t1,P6,11,2,1000,924.39,0.0000,0.0000,926.0,0.0,1.000,4096.0,0.000,0,0,4096000,1,3,0,0,1,1
3,chain4,f32,1024,glibc_t1,P7,11,3,1000,807.46,0.0000,0.0000,809.0,0.0,1.000,4096.0,0.000,0,0,4096000,1,2,1,0,1,1
3,chain4,f32,1024,glibc_t1,P5,12,0,1000,1012.56,0.0000,0.0000,1015.0,0.0,4.000,16384.0,0.000,0,0,4108288,4,0,0,0,1,1
3,chain4,f32,1024,glibc_t1,P6,12,1,1000,901.17,0.0000,0.0000,902.0,0.0,1.000,4096.0,0.000,0,0,4096000,1,3,0,0,1,1
3,chain4,f32,1024,glibc_t1,P7,12,2,1000,818.01,0.0000,0.0000,820.0,0.0,1.000,4096.0,0.000,0,0,4096000,1,2,1,0,1,1
3,chain4,f32,1024,glibc_t1,FIXED_TWIN,12,3,1000,856.78,0.0000,0.0000,859.0,0.0,1.000,4096.0,0.000,0,0,4096000,1,2,1,0,1,1
3,chain4,f32,1024,glibc_t1,P6,13,0,1000,922.11,0.0000,0.0000,925.0,0.0,1.000,4096.0,0.000,0,0,4096000,1,3,0,0,1,1
3,chain4,f32,1024,glibc_t1,P7,13,1,1000,863.32,0.0000,0.0000,867.0,0.0,1.000,4096.0,0.000,0,0,4096000,1,2,1,0,1,1
3,chain4,f32,1024,glibc_t1,FIXED_TWIN,13,2,1000,817.77,0.0000,0.0000,819.0,0.0,1.000,4096.0,0.000,0,0,4096000,1,2,1,0,1,1
3,chain4,f32,1024,glibc_t1,P5,13,3,1000,1020.86,0.0000,0.0000,1022.0,0.0,4.000,16384.0,0.000,0,0,4108288,4,0,0,0,1,1
3,chain4,f32,1024,glibc_t1,P7,14,0,1000,808.75,0.0000,0.0000,811.0,0.0,1.000,4096.0,0.000,0,0,4096000,1,2,1,0,1,1
3,chain4,f32,1024,glibc_t1,FIXED_TWIN,14,1,1000,810.60,0.0000,0.0000,813.0,0.0,1.000,4096.0,0.000,0,0,4096000,1,2,1,0,1,1
3,chain4,f32,1024,glibc_t1,P5,14,2,1000,1031.11,0.0000,0.0000,1032.0,0.0,4.000,16384.0,0.000,0,0,4108288,4,0,0,0,1,1
3,chain4,f32,1024,glibc_t1,P6,14,3,1000,903.84,0.0000,0.0000,905.0,0.0,1.000,4096.0,0.000,0,0,4096000,1,3,0,0,1,1
3,chain4,f32,4096,glibc_t1,P5,0,0,1,2915.00,0.0000,0.0000,4000.0,0.0,4.000,65536.0,0.000,0,0,65536,4,0,0,0,1,1
3,chain4,f32,4096,glibc_t1,P6,0,1,1,3107.00,0.0000,0.0000,4000.0,0.0,1.000,16384.0,0.000,0,0,16384,1,3,0,0,1,1
3,chain4,f32,4096,glibc_t1,P7,0,2,1,2306.00,0.0000,0.0000,3000.0,0.0,1.000,16384.0,0.000,0,0,16384,1,2,1,0,1,1
3,chain4,f32,4096,glibc_t1,FIXED_TWIN,0,3,1,2333.00,0.0000,0.0000,2000.0,0.0,1.000,16384.0,0.000,0,0,16384,1,2,1,0,1,1
3,chain4,f32,4096,glibc_t1,P6,1,0,1,2463.00,0.0000,0.0000,3000.0,0.0,1.000,16384.0,0.000,0,0,16384,1,3,0,0,1,1
3,chain4,f32,4096,glibc_t1,P7,1,1,1,2658.00,0.0000,0.0000,3000.0,0.0,1.000,16384.0,0.000,0,0,16384,1,2,1,0,1,1
3,chain4,f32,4096,glibc_t1,FIXED_TWIN,1,2,1,2263.00,0.0000,0.0000,3000.0,0.0,1.000,16384.0,0.000,0,0,16384,1,2,1,0,1,1
3,chain4,f32,4096,glibc_t1,P5,1,3,1,2822.00,0.0000,0.0000,3000.0,0.0,4.000,65536.0,0.000,0,0,65536,4,0,0,0,1,1
3,chain4,f32,4096,glibc_t1,P7,2,0,1,2298.00,0.0000,0.0000,3000.0,0.0,1.000,16384.0,0.000,0,0,16384,1,2,1,0,1,1
3,chain4,f32,4096,glibc_t1,FIXED_TWIN,2,1,1,2360.00,0.0000,0.0000,3000.0,0.0,1.000,16384.0,0.000,0,0,16384,1,2,1,0,1,1
3,chain4,f32,4096,glibc_t1,P5,2,2,1,2783.00,0.0000,0.0000,4000.0,0.0,4.000,65536.0,0.000,0,0,65536,4,0,0,0,1,1
3,chain4,f32,4096,glibc_t1,P6,2,3,1,2452.00,0.0000,0.0000,3000.0,0.0,1.000,16384.0,0.000,0,0,16384,1,3,0,0,1,1
3,chain4,f32,4096,glibc_t1,FIXED_TWIN,3,0,1,2282.00,0.0000,0.0000,3000.0,0.0,1.000,16384.0,0.000,0,0,16384,1,2,1,0,1,1
3,chain4,f32,4096,glibc_t1,P5,3,1,1,2837.00,0.0000,0.0000,3000.0,0.0,4.000,65536.0,0.000,0,0,65536,4,0,0,0,1,1
3,chain4,f32,4096,glibc_t1,P6,3,2,1,2514.00,0.0000,0.0000,3000.0,0.0,1.000,16384.0,0.000,0,0,16384,1,3,0,0,1,1
3,chain4,f32,4096,glibc_t1,P7,3,3,1,2295.00,0.0000,0.0000,3000.0,0.0,1.000,16384.0,0.000,0,0,16384,1,2,1,0,1,1
3,chain4,f32,4096,glibc_t1,P5,4,0,1,2871.00,0.0000,0.0000,4000.0,0.0,4.000,65536.0,0.000,0,0,65536,4,0,0,0,1,1
3,chain4,f32,4096,glibc_t1,P6,4,1,1,2393.00,0.0000,0.0000,3000.0,0.0,1.000,16384.0,0.000,0,0,16384,1,3,0,0,1,1
3,chain4,f32,4096,glibc_t1,P7,4,2,1,2257.00,0.0000,0.0000,3000.0,0.0,1.000,16384.0,0.000,0,0,16384,1,2,1,0,1,1
3,chain4,f32,4096,glibc_t1,FIXED_TWIN,4,3,1,2330.00,0.0000,0.0000,2000.0,0.0,1.000,16384.0,0.000,0,0,16384,1,2,1,0,1,1
3,chain4,f32,4096,glibc_t1,P6,5,0,1,2421.00,0.0000,0.0000,3000.0,0.0,1.000,16384.0,0.000,0,0,16384,1,3,0,0,1,1
3,chain4,f32,4096,glibc_t1,P7,5,1,1,2287.00,0.0000,0.0000,2000.0,0.0,1.000,16384.0,0.000,0,0,16384,1,2,1,0,1,1
3,chain4,f32,4096,glibc_t1,FIXED_TWIN,5,2,1,2290.00,0.0000,0.0000,2000.0,0.0,1.000,16384.0,0.000,0,0,16384,1,2,1,0,1,1
3,chain4,f32,4096,glibc_t1,P5,5,3,1,2780.00,0.0000,0.0000,3000.0,0.0,4.000,65536.0,0.000,0,0,65536,4,0,0,0,1,1
3,chain4,f32,4096,glibc_t1,P7,6,0,1,2272.00,0.0000,0.0000,3000.0,0.0,1.000,16384.0,0.000,0,0,16384,1,2,1,0,1,1
3,chain4,f32,4096,glibc_t1,FIXED_TWIN,6,1,1,2244.00,0.0000,0.0000,3000.0,0.0,1.000,16384.0,0.000,0,0,16384,1,2,1,0,1,1
3,chain4,f32,4096,glibc_t1,P5,6,2,1,2828.00,0.0000,0.0000,4000.0,0.0,4.000,65536.0,0.000,0,0,65536,4,0,0,0,1,1
3,chain4,f32,4096,glibc_t1,P6,6,3,1,2428.00,0.0000,0.0000,3000.0,0.0,1.000,16384.0,0.000,0,0,16384,1,3,0,0,1,1
3,chain4,f32,4096,glibc_t1,FIXED_TWIN,7,0,1,2296.00,0.0000,0.0000,3000.0,0.0,1.000,16384.0,0.000,0,0,16384,1,2,1,0,1,1
3,chain4,f32,4096,glibc_t1,P5,7,1,1,2795.00,0.0000,0.0000,3000.0,0.0,4.000,65536.0,0.000,0,0,65536,4,0,0,0,1,1
3,chain4,f32,4096,glibc_t1,P6,7,2,1,2457.00,0.0000,0.0000,3000.0,0.0,1.000,16384.0,0.000,0,0,16384,1,3,0,0,1,1
3,chain4,f32,4096,glibc_t1,P7,7,3,1,2267.00,0.0000,0.0000,2000.0,0.0,1.000,16384.0,0.000,0,0,16384,1,2,1,0,1,1
3,chain4,f32,4096,glibc_t1,P5,8,0,1,2811.00,0.0000,0.0000,3000.0,0.0,4.000,65536.0,0.000,0,0,65536,4,0,0,0,1,1
3,chain4,f32,4096,glibc_t1,P6,8,1,1,2390.00,0.0000,0.0000,2000.0,0.0,1.000,16384.0,0.000,0,0,16384,1,3,0,0,1,1
3,chain4,f32,4096,glibc_t1,P7,8,2,1,2291.00,0.0000,0.0000,2000.0,0.0,1.000,16384.0,0.000,0,0,16384,1,2,1,0,1,1
3,chain4,f32,4096,glibc_t1,FIXED_TWIN,8,3,1,2362.00,0.0000,0.0000,3000.0,0.0,1.000,16384.0,0.000,0,0,16384,1,2,1,0,1,1
3,chain4,f32,4096,glibc_t1,P6,9,0,1,2582.00,0.0000,0.0000,3000.0,0.0,1.000,16384.0,0.000,0,0,16384,1,3,0,0,1,1
3,chain4,f32,4096,glibc_t1,P7,9,1,1,2320.00,0.0000,0.0000,3000.0,0.0,1.000,16384.0,0.000,0,0,16384,1,2,1,0,1,1
3,chain4,f32,4096,glibc_t1,FIXED_TWIN,9,2,1,2291.00,0.0000,0.0000,3000.0,0.0,1.000,16384.0,0.000,0,0,16384,1,2,1,0,1,1
3,chain4,f32,4096,glibc_t1,P5,9,3,1,2975.00,0.0000,0.0000,4000.0,0.0,4.000,65536.0,0.000,0,0,65536,4,0,0,0,1,1
3,chain4,f32,4096,glibc_t1,P7,10,0,1,2312.00,0.0000,0.0000,3000.0,0.0,1.000,16384.0,0.000,0,0,16384,1,2,1,0,1,1
3,chain4,f32,4096,glibc_t1,FIXED_TWIN,10,1,1,2347.00,0.0000,0.0000,3000.0,0.0,1.000,16384.0,0.000,0,0,16384,1,2,1,0,1,1
3,chain4,f32,4096,glibc_t1,P5,10,2,1,2857.00,0.0000,0.0000,3000.0,0.0,4.000,65536.0,0.000,0,0,65536,4,0,0,0,1,1
3,chain4,f32,4096,glibc_t1,P6,10,3,1,2470.00,0.0000,0.0000,3000.0,0.0,1.000,16384.0,0.000,0,0,16384,1,3,0,0,1,1
3,chain4,f32,4096,glibc_t1,FIXED_TWIN,11,0,1,2279.00,0.0000,0.0000,3000.0,0.0,1.000,16384.0,0.000,0,0,16384,1,2,1,0,1,1
3,chain4,f32,4096,glibc_t1,P5,11,1,1,2839.00,0.0000,0.0000,3000.0,0.0,4.000,65536.0,0.000,0,0,65536,4,0,0,0,1,1
3,chain4,f32,4096,glibc_t1,P6,11,2,1,2400.00,0.0000,0.0000,3000.0,0.0,1.000,16384.0,0.000,0,0,16384,1,3,0,0,1,1
3,chain4,f32,4096,glibc_t1,P7,11,3,1,2345.00,0.0000,0.0000,3000.0,0.0,1.000,16384.0,0.000,0,0,16384,1,2,1,0,1,1
3,chain4,f32,4096,glibc_t1,P5,12,0,1,2788.00,0.0000,0.0000,3000.0,0.0,4.000,65536.0,0.000,0,0,65536,4,0,0,0,1,1
3,chain4,f32,4096,glibc_t1,P6,12,1,1,2367.00,0.0000,0.0000,2000.0,0.0,1.000,16384.0,0.000,0,0,16384,1,3,0,0,1,1
3,chain4,f32,4096,glibc_t1,P7,12,2,1,2272.00,0.0000,0.0000,3000.0,0.0,1.000,16384.0,0.000,0,0,16384,1,2,1,0,1,1
3,chain4,f32,4096,glibc_t1,FIXED_TWIN,12,3,1,2316.00,0.0000,0.0000,3000.0,0.0,1.000,16384.0,0.000,0,0,16384,1,2,1,0,1,1
3,chain4,f32,4096,glibc_t1,P6,13,0,1,2423.00,0.0000,0.0000,3000.0,0.0,1.000,16384.0,0.000,0,0,16384,1,3,0,0,1,1
3,chain4,f32,4096,glibc_t1,P7,13,1,1,2337.00,0.0000,0.0000,3000.0,0.0,1.000,16384.0,0.000,0,0,16384,1,2,1,0,1,1
3,chain4,f32,4096,glibc_t1,FIXED_TWIN,13,2,1,2248.00,0.0000,0.0000,3000.0,0.0,1.000,16384.0,0.000,0,0,16384,1,2,1,0,1,1
3,chain4,f32,4096,glibc_t1,P5,13,3,1,2800.00,0.0000,0.0000,3000.0,0.0,4.000,65536.0,0.000,0,0,65536,4,0,0,0,1,1
3,chain4,f32,4096,glibc_t1,P7,14,0,1,2331.00,0.0000,0.0000,2000.0,0.0,1.000,16384.0,0.000,0,0,16384,1,2,1,0,1,1
3,chain4,f32,4096,glibc_t1,FIXED_TWIN,14,1,1,2331.00,0.0000,0.0000,3000.0,0.0,1.000,16384.0,0.000,0,0,16384,1,2,1,0,1,1
3,chain4,f32,4096,glibc_t1,P5,14,2,1,2854.00,0.0000,0.0000,3000.0,0.0,4.000,65536.0,0.000,0,0,65536,4,0,0,0,1,1
3,chain4,f32,4096,glibc_t1,P6,14,3,1,2485.00,0.0000,0.0000,3000.0,0.0,1.000,16384.0,0.000,0,0,16384,1,3,0,0,1,1
3,chain4,f32,16384,glibc_t1,P5,0,0,1,9198.00,0.0000,0.0000,10000.0,0.0,4.000,262144.0,0.000,0,0,262144,4,0,0,0,1,1
3,chain4,f32,16384,glibc_t1,P6,0,1,1,8683.00,0.0000,0.0000,9000.0,0.0,1.000,65536.0,0.000,0,0,65536,1,3,0,0,1,1
3,chain4,f32,16384,glibc_t1,P7,0,2,1,8076.00,0.0000,0.0000,9000.0,0.0,1.000,65536.0,0.000,0,0,65536,1,2,1,0,1,1
3,chain4,f32,16384,glibc_t1,FIXED_TWIN,0,3,1,8001.00,0.0000,0.0000,9000.0,0.0,1.000,65536.0,0.000,0,0,65536,1,2,1,0,1,1
3,chain4,f32,16384,glibc_t1,P6,1,0,1,8842.00,0.0000,0.0000,9000.0,0.0,1.000,65536.0,0.000,0,0,65536,1,3,0,0,1,1
3,chain4,f32,16384,glibc_t1,P7,1,1,1,8076.00,0.0000,0.0000,9000.0,0.0,1.000,65536.0,0.000,0,0,65536,1,2,1,0,1,1
3,chain4,f32,16384,glibc_t1,FIXED_TWIN,1,2,1,7961.00,0.0000,0.0000,8000.0,0.0,1.000,65536.0,0.000,0,0,65536,1,2,1,0,1,1
3,chain4,f32,16384,glibc_t1,P5,1,3,1,9139.00,0.0000,0.0000,10000.0,0.0,4.000,262144.0,0.000,0,0,262144,4,0,0,0,1,1
3,chain4,f32,16384,glibc_t1,P7,2,0,1,7988.00,0.0000,0.0000,8000.0,0.0,1.000,65536.0,0.000,0,0,65536,1,2,1,0,1,1
3,chain4,f32,16384,glibc_t1,FIXED_TWIN,2,1,1,7937.00,0.0000,0.0000,8000.0,0.0,1.000,65536.0,0.000,0,0,65536,1,2,1,0,1,1
3,chain4,f32,16384,glibc_t1,P5,2,2,1,9127.00,0.0000,0.0000,10000.0,0.0,4.000,262144.0,0.000,0,0,262144,4,0,0,0,1,1
3,chain4,f32,16384,glibc_t1,P6,2,3,1,8705.00,0.0000,0.0000,9000.0,0.0,1.000,65536.0,0.000,0,0,65536,1,3,0,0,1,1
3,chain4,f32,16384,glibc_t1,FIXED_TWIN,3,0,1,7946.00,0.0000,0.0000,8000.0,0.0,1.000,65536.0,0.000,0,0,65536,1,2,1,0,1,1
3,chain4,f32,16384,glibc_t1,P5,3,1,1,9098.00,0.0000,0.0000,10000.0,0.0,4.000,262144.0,0.000,0,0,262144,4,0,0,0,1,1
3,chain4,f32,16384,glibc_t1,P6,3,2,1,8688.00,0.0000,0.0000,10000.0,0.0,1.000,65536.0,0.000,0,0,65536,1,3,0,0,1,1
3,chain4,f32,16384,glibc_t1,P7,3,3,1,7974.00,0.0000,0.0000,9000.0,0.0,1.000,65536.0,0.000,0,0,65536,1,2,1,0,1,1
3,chain4,f32,16384,glibc_t1,P5,4,0,1,9059.00,0.0000,0.0000,9000.0,0.0,4.000,262144.0,0.000,0,0,262144,4,0,0,0,1,1
3,chain4,f32,16384,glibc_t1,P6,4,1,1,8621.00,0.0000,0.0000,9000.0,0.0,1.000,65536.0,0.000,0,0,65536,1,3,0,0,1,1
3,chain4,f32,16384,glibc_t1,P7,4,2,1,8001.00,0.0000,0.0000,8000.0,0.0,1.000,65536.0,0.000,0,0,65536,1,2,1,0,1,1
3,chain4,f32,16384,glibc_t1,FIXED_TWIN,4,3,1,7998.00,0.0000,0.0000,8000.0,0.0,1.000,65536.0,0.000,0,0,65536,1,2,1,0,1,1
3,chain4,f32,16384,glibc_t1,P6,5,0,1,8641.00,0.0000,0.0000,9000.0,0.0,1.000,65536.0,0.000,0,0,65536,1,3,0,0,1,1
3,chain4,f32,16384,glibc_t1,P7,5,1,1,7994.00,0.0000,0.0000,8000.0,0.0,1.000,65536.0,0.000,0,0,65536,1,2,1,0,1,1
3,chain4,f32,16384,glibc_t1,FIXED_TWIN,5,2,1,8025.00,0.0000,0.0000,9000.0,0.0,1.000,65536.0,0.000,0,0,65536,1,2,1,0,1,1
3,chain4,f32,16384,glibc_t1,P5,5,3,1,9120.00,0.0000,0.0000,9000.0,0.0,4.000,262144.0,0.000,0,0,262144,4,0,0,0,1,1
3,chain4,f32,16384,glibc_t1,P7,6,0,1,7984.00,0.0000,0.0000,9000.0,0.0,1.000,65536.0,0.000,0,0,65536,1,2,1,0,1,1
3,chain4,f32,16384,glibc_t1,FIXED_TWIN,6,1,1,7952.00,0.0000,0.0000,9000.0,0.0,1.000,65536.0,0.000,0,0,65536,1,2,1,0,1,1
3,chain4,f32,16384,glibc_t1,P5,6,2,1,9211.00,0.0000,0.0000,10000.0,0.0,4.000,262144.0,0.000,0,0,262144,4,0,0,0,1,1
3,chain4,f32,16384,glibc_t1,P6,6,3,1,8948.00,0.0000,0.0000,21000.0,0.0,1.000,65536.0,0.000,0,0,65536,1,3,0,0,1,1
3,chain4,f32,16384,glibc_t1,FIXED_TWIN,7,0,1,8101.00,0.0000,0.0000,8000.0,0.0,1.000,65536.0,0.000,0,0,65536,1,2,1,0,1,1
3,chain4,f32,16384,glibc_t1,P5,7,1,1,9189.00,0.0000,0.0000,10000.0,0.0,4.000,262144.0,0.000,0,0,262144,4,0,0,0,1,1
3,chain4,f32,16384,glibc_t1,P6,7,2,1,8680.00,0.0000,0.0000,9000.0,0.0,1.000,65536.0,0.000,0,0,65536,1,3,0,0,1,1
3,chain4,f32,16384,glibc_t1,P7,7,3,1,8008.00,0.0000,0.0000,9000.0,0.0,1.000,65536.0,0.000,0,0,65536,1,2,1,0,1,1
3,chain4,f32,16384,glibc_t1,P5,8,0,1,9199.00,0.0000,0.0000,10000.0,0.0,4.000,262144.0,0.000,0,0,262144,4,0,0,0,1,1
3,chain4,f32,16384,glibc_t1,P6,8,1,1,8637.00,0.0000,0.0000,10000.0,0.0,1.000,65536.0,0.000,0,0,65536,1,3,0,0,1,1
3,chain4,f32,16384,glibc_t1,P7,8,2,1,7978.00,0.0000,0.0000,9000.0,0.0,1.000,65536.0,0.000,0,0,65536,1,2,1,0,1,1
3,chain4,f32,16384,glibc_t1,FIXED_TWIN,8,3,1,7970.00,0.0000,0.0000,8000.0,0.0,1.000,65536.0,0.000,0,0,65536,1,2,1,0,1,1
3,chain4,f32,16384,glibc_t1,P6,9,0,1,8692.00,0.0000,0.0000,9000.0,0.0,1.000,65536.0,0.000,0,0,65536,1,3,0,0,1,1
3,chain4,f32,16384,glibc_t1,P7,9,1,1,7973.00,0.0000,0.0000,9000.0,0.0,1.000,65536.0,0.000,0,0,65536,1,2,1,0,1,1
3,chain4,f32,16384,glibc_t1,FIXED_TWIN,9,2,1,7941.00,0.0000,0.0000,9000.0,0.0,1.000,65536.0,0.000,0,0,65536,1,2,1,0,1,1
3,chain4,f32,16384,glibc_t1,P5,9,3,1,9078.00,0.0000,0.0000,9000.0,0.0,4.000,262144.0,0.000,0,0,262144,4,0,0,0,1,1
3,chain4,f32,16384,glibc_t1,P7,10,0,1,7946.00,0.0000,0.0000,9000.0,0.0,1.000,65536.0,0.000,0,0,65536,1,2,1,0,1,1
3,chain4,f32,16384,glibc_t1,FIXED_TWIN,10,1,1,7937.00,0.0000,0.0000,8000.0,0.0,1.000,65536.0,0.000,0,0,65536,1,2,1,0,1,1
3,chain4,f32,16384,glibc_t1,P5,10,2,1,9178.00,0.0000,0.0000,10000.0,0.0,4.000,262144.0,0.000,0,0,262144,4,0,0,0,1,1
3,chain4,f32,16384,glibc_t1,P6,10,3,1,8711.00,0.0000,0.0000,9000.0,0.0,1.000,65536.0,0.000,0,0,65536,1,3,0,0,1,1
3,chain4,f32,16384,glibc_t1,FIXED_TWIN,11,0,1,7977.00,0.0000,0.0000,9000.0,0.0,1.000,65536.0,0.000,0,0,65536,1,2,1,0,1,1
3,chain4,f32,16384,glibc_t1,P5,11,1,1,9108.00,0.0000,0.0000,9000.0,0.0,4.000,262144.0,0.000,0,0,262144,4,0,0,0,1,1
3,chain4,f32,16384,glibc_t1,P6,11,2,1,8698.00,0.0000,0.0000,9000.0,0.0,1.000,65536.0,0.000,0,0,65536,1,3,0,0,1,1
3,chain4,f32,16384,glibc_t1,P7,11,3,1,9306.00,0.0000,0.0000,9000.0,0.0,1.000,65536.0,0.000,0,0,65536,1,2,1,0,1,1
3,chain4,f32,16384,glibc_t1,P5,12,0,1,9065.00,0.0000,0.0000,10000.0,0.0,4.000,262144.0,0.000,0,0,262144,4,0,0,0,1,1
3,chain4,f32,16384,glibc_t1,P6,12,1,1,8694.00,0.0000,0.0000,9000.0,0.0,1.000,65536.0,0.000,0,0,65536,1,3,0,0,1,1
3,chain4,f32,16384,glibc_t1,P7,12,2,1,20533.00,0.0000,0.0000,21000.0,0.0,1.000,65536.0,0.000,0,0,65536,1,2,1,0,1,1
3,chain4,f32,16384,glibc_t1,FIXED_TWIN,12,3,1,8086.00,0.0000,0.0000,9000.0,0.0,1.000,65536.0,0.000,0,0,65536,1,2,1,0,1,1
3,chain4,f32,16384,glibc_t1,P6,13,0,1,10245.00,0.0000,0.0000,11000.0,0.0,1.000,65536.0,0.000,0,0,65536,1,3,0,0,1,1
3,chain4,f32,16384,glibc_t1,P7,13,1,1,7970.00,0.0000,0.0000,8000.0,0.0,1.000,65536.0,0.000,0,0,65536,1,2,1,0,1,1
3,chain4,f32,16384,glibc_t1,FIXED_TWIN,13,2,1,9243.00,0.0000,0.0000,9000.0,0.0,1.000,65536.0,0.000,0,0,65536,1,2,1,0,1,1
3,chain4,f32,16384,glibc_t1,P5,13,3,1,9254.00,0.0000,0.0000,10000.0,0.0,4.000,262144.0,0.000,0,0,262144,4,0,0,0,1,1
3,chain4,f32,16384,glibc_t1,P7,14,0,1,7942.00,0.0000,0.0000,8000.0,0.0,1.000,65536.0,0.000,0,0,65536,1,2,1,0,1,1
3,chain4,f32,16384,glibc_t1,FIXED_TWIN,14,1,1,7979.00,0.0000,0.0000,9000.0,0.0,1.000,65536.0,0.000,0,0,65536,1,2,1,0,1,1
3,chain4,f32,16384,glibc_t1,P5,14,2,1,9183.00,0.0000,0.0000,9000.0,0.0,4.000,262144.0,0.000,0,0,262144,4,0,0,0,1,1
3,chain4,f32,16384,glibc_t1,P6,14,3,1,8721.00,0.0000,0.0000,9000.0,0.0,1.000,65536.0,0.000,0,0,65536,1,3,0,0,1,1
3,chain4,f32,65536,glibc_t1,P5,0,0,1,60508.00,0.0000,0.0000,63000.0,0.0,4.000,1048576.0,0.000,0,0,1048576,4,0,0,0,1,1
3,chain4,f32,65536,glibc_t1,P6,0,1,1,38631.00,0.0000,0.0000,39000.0,0.0,1.000,262144.0,0.000,0,0,262144,1,3,0,0,1,1
3,chain4,f32,65536,glibc_t1,P7,0,2,1,33697.00,0.0000,0.0000,34000.0,0.0,1.000,262144.0,0.000,0,0,262144,1,2,1,0,1,1
3,chain4,f32,65536,glibc_t1,FIXED_TWIN,0,3,1,34540.00,0.0000,0.0000,36000.0,0.0,1.000,262144.0,0.000,0,0,262144,1,2,1,0,1,1
3,chain4,f32,65536,glibc_t1,P6,1,0,1,37621.00,0.0000,0.0000,38000.0,0.0,1.000,262144.0,0.000,0,0,262144,1,3,0,0,1,1
3,chain4,f32,65536,glibc_t1,P7,1,1,1,33444.00,0.0000,0.0000,34000.0,0.0,1.000,262144.0,0.000,0,0,262144,1,2,1,0,1,1
3,chain4,f32,65536,glibc_t1,FIXED_TWIN,1,2,1,33332.00,0.0000,0.0000,34000.0,0.0,1.000,262144.0,0.000,0,0,262144,1,2,1,0,1,1
3,chain4,f32,65536,glibc_t1,P5,1,3,1,65009.00,0.0000,0.0000,65000.0,0.0,4.000,1048576.0,0.000,0,0,1048576,4,0,0,0,1,1
3,chain4,f32,65536,glibc_t1,P7,2,0,1,34120.00,0.0000,0.0000,35000.0,0.0,1.000,262144.0,0.000,0,0,262144,1,2,1,0,1,1
3,chain4,f32,65536,glibc_t1,FIXED_TWIN,2,1,1,39294.00,0.0000,0.0000,40000.0,0.0,1.000,262144.0,0.000,0,0,262144,1,2,1,0,1,1
3,chain4,f32,65536,glibc_t1,P5,2,2,1,66333.00,0.0000,0.0000,68000.0,0.0,4.000,1048576.0,0.000,0,0,1048576,4,0,0,0,1,1
3,chain4,f32,65536,glibc_t1,P6,2,3,1,38360.00,0.0000,0.0000,39000.0,0.0,1.000,262144.0,0.000,0,0,262144,1,3,0,0,1,1
3,chain4,f32,65536,glibc_t1,FIXED_TWIN,3,0,1,34861.00,0.0000,0.0000,36000.0,0.0,1.000,262144.0,0.000,0,0,262144,1,2,1,0,1,1
3,chain4,f32,65536,glibc_t1,P5,3,1,1,64634.00,0.0000,0.0000,65000.0,0.0,4.000,1048576.0,0.000,0,0,1048576,4,0,0,0,1,1
3,chain4,f32,65536,glibc_t1,P6,3,2,1,39125.00,0.0000,0.0000,40000.0,0.0,1.000,262144.0,0.000,0,0,262144,1,3,0,0,1,1
3,chain4,f32,65536,glibc_t1,P7,3,3,1,33497.00,0.0000,0.0000,34000.0,0.0,1.000,262144.0,0.000,0,0,262144,1,2,1,0,1,1
3,chain4,f32,65536,glibc_t1,P5,4,0,1,70010.00,0.0000,0.0000,71000.0,0.0,4.000,1048576.0,0.000,0,0,1048576,4,0,0,0,1,1
3,chain4,f32,65536,glibc_t1,P6,4,1,1,40411.00,0.0000,0.0000,42000.0,0.0,1.000,262144.0,0.000,0,0,262144,1,3,0,0,1,1
3,chain4,f32,65536,glibc_t1,P7,4,2,1,33567.00,0.0000,0.0000,34000.0,0.0,1.000,262144.0,0.000,0,0,262144,1,2,1,0,1,1
3,chain4,f32,65536,glibc_t1,FIXED_TWIN,4,3,1,39310.00,0.0000,0.0000,40000.0,0.0,1.000,262144.0,0.000,0,0,262144,1,2,1,0,1,1
3,chain4,f32,65536,glibc_t1,P6,5,0,1,37784.00,0.0000,0.0000,39000.0,0.0,1.000,262144.0,0.000,0,0,262144,1,3,0,0,1,1
3,chain4,f32,65536,glibc_t1,P7,5,1,1,33228.00,0.0000,0.0000,34000.0,0.0,1.000,262144.0,0.000,0,0,262144,1,2,1,0,1,1
3,chain4,f32,65536,glibc_t1,FIXED_TWIN,5,2,1,34783.00,0.0000,0.0000,36000.0,0.0,1.000,262144.0,0.000,0,0,262144,1,2,1,0,1,1
3,chain4,f32,65536,glibc_t1,P5,5,3,1,65457.00,0.0000,0.0000,66000.0,0.0,4.000,1048576.0,0.000,0,0,1048576,4,0,0,0,1,1
3,chain4,f32,65536,glibc_t1,P7,6,0,1,35382.00,0.0000,0.0000,36000.0,0.0,1.000,262144.0,0.000,0,0,262144,1,2,1,0,1,1
3,chain4,f32,65536,glibc_t1,FIXED_TWIN,6,1,1,34743.00,0.0000,0.0000,36000.0,0.0,1.000,262144.0,0.000,0,0,262144,1,2,1,0,1,1
3,chain4,f32,65536,glibc_t1,P5,6,2,1,64840.00,0.0000,0.0000,66000.0,0.0,4.000,1048576.0,0.000,0,0,1048576,4,0,0,0,1,1
3,chain4,f32,65536,glibc_t1,P6,6,3,1,40236.00,0.0000,0.0000,41000.0,0.0,1.000,262144.0,0.000,0,0,262144,1,3,0,0,1,1
3,chain4,f32,65536,glibc_t1,FIXED_TWIN,7,0,1,33570.00,0.0000,0.0000,35000.0,0.0,1.000,262144.0,0.000,0,0,262144,1,2,1,0,1,1
3,chain4,f32,65536,glibc_t1,P5,7,1,1,83510.00,0.0000,0.0000,85000.0,0.0,4.000,1048576.0,0.000,0,0,1048576,4,0,0,0,1,1
3,chain4,f32,65536,glibc_t1,P6,7,2,1,38524.00,0.0000,0.0000,40000.0,0.0,1.000,262144.0,0.000,0,0,262144,1,3,0,0,1,1
3,chain4,f32,65536,glibc_t1,P7,7,3,1,34640.00,0.0000,0.0000,36000.0,0.0,1.000,262144.0,0.000,0,0,262144,1,2,1,0,1,1
3,chain4,f32,65536,glibc_t1,P5,8,0,1,68054.00,0.0000,0.0000,69000.0,0.0,4.000,1048576.0,0.000,0,0,1048576,4,0,0,0,1,1
3,chain4,f32,65536,glibc_t1,P6,8,1,1,38524.00,0.0000,0.0000,39000.0,0.0,1.000,262144.0,0.000,0,0,262144,1,3,0,0,1,1
3,chain4,f32,65536,glibc_t1,P7,8,2,1,33618.00,0.0000,0.0000,35000.0,0.0,1.000,262144.0,0.000,0,0,262144,1,2,1,0,1,1
3,chain4,f32,65536,glibc_t1,FIXED_TWIN,8,3,1,33960.00,0.0000,0.0000,35000.0,0.0,1.000,262144.0,0.000,0,0,262144,1,2,1,0,1,1
3,chain4,f32,65536,glibc_t1,P6,9,0,1,37749.00,0.0000,0.0000,39000.0,0.0,1.000,262144.0,0.000,0,0,262144,1,3,0,0,1,1
3,chain4,f32,65536,glibc_t1,P7,9,1,1,33329.00,0.0000,0.0000,34000.0,0.0,1.000,262144.0,0.000,0,0,262144,1,2,1,0,1,1
3,chain4,f32,65536,glibc_t1,FIXED_TWIN,9,2,1,33523.00,0.0000,0.0000,35000.0,0.0,1.000,262144.0,0.000,0,0,262144,1,2,1,0,1,1
3,chain4,f32,65536,glibc_t1,P5,9,3,1,65191.00,0.0000,0.0000,66000.0,0.0,4.000,1048576.0,0.000,0,0,1048576,4,0,0,0,1,1
3,chain4,f32,65536,glibc_t1,P7,10,0,1,39744.00,0.0000,0.0000,40000.0,0.0,1.000,262144.0,0.000,0,0,262144,1,2,1,0,1,1
3,chain4,f32,65536,glibc_t1,FIXED_TWIN,10,1,1,34569.00,0.0000,0.0000,36000.0,0.0,1.000,262144.0,0.000,0,0,262144,1,2,1,0,1,1
3,chain4,f32,65536,glibc_t1,P5,10,2,1,65111.00,0.0000,0.0000,66000.0,0.0,4.000,1048576.0,0.000,0,0,1048576,4,0,0,0,1,1
3,chain4,f32,65536,glibc_t1,P6,10,3,1,38663.00,0.0000,0.0000,40000.0,0.0,1.000,262144.0,0.000,0,0,262144,1,3,0,0,1,1
3,chain4,f32,65536,glibc_t1,FIXED_TWIN,11,0,1,33409.00,0.0000,0.0000,34000.0,0.0,1.000,262144.0,0.000,0,0,262144,1,2,1,0,1,1
3,chain4,f32,65536,glibc_t1,P5,11,1,1,66827.00,0.0000,0.0000,68000.0,0.0,4.000,1048576.0,0.000,0,0,1048576,4,0,0,0,1,1
3,chain4,f32,65536,glibc_t1,P6,11,2,1,38446.00,0.0000,0.0000,39000.0,0.0,1.000,262144.0,0.000,0,0,262144,1,3,0,0,1,1
3,chain4,f32,65536,glibc_t1,P7,11,3,1,33360.00,0.0000,0.0000,34000.0,0.0,1.000,262144.0,0.000,0,0,262144,1,2,1,0,1,1
3,chain4,f32,65536,glibc_t1,P5,12,0,1,67738.00,0.0000,0.0000,68000.0,0.0,4.000,1048576.0,0.000,0,0,1048576,4,0,0,0,1,1
3,chain4,f32,65536,glibc_t1,P6,12,1,1,38492.00,0.0000,0.0000,40000.0,0.0,1.000,262144.0,0.000,0,0,262144,1,3,0,0,1,1
3,chain4,f32,65536,glibc_t1,P7,12,2,1,34645.00,0.0000,0.0000,35000.0,0.0,1.000,262144.0,0.000,0,0,262144,1,2,1,0,1,1
3,chain4,f32,65536,glibc_t1,FIXED_TWIN,12,3,1,33568.00,0.0000,0.0000,34000.0,0.0,1.000,262144.0,0.000,0,0,262144,1,2,1,0,1,1
3,chain4,f32,65536,glibc_t1,P6,13,0,1,37598.00,0.0000,0.0000,39000.0,0.0,1.000,262144.0,0.000,0,0,262144,1,3,0,0,1,1
3,chain4,f32,65536,glibc_t1,P7,13,1,1,33477.00,0.0000,0.0000,34000.0,0.0,1.000,262144.0,0.000,0,0,262144,1,2,1,0,1,1
3,chain4,f32,65536,glibc_t1,FIXED_TWIN,13,2,1,33345.00,0.0000,0.0000,34000.0,0.0,1.000,262144.0,0.000,0,0,262144,1,2,1,0,1,1
3,chain4,f32,65536,glibc_t1,P5,13,3,1,66978.00,0.0000,0.0000,69000.0,0.0,4.000,1048576.0,0.000,0,0,1048576,4,0,0,0,1,1
3,chain4,f32,65536,glibc_t1,P7,14,0,1,39573.00,0.0000,0.0000,40000.0,0.0,1.000,262144.0,0.000,0,0,262144,1,2,1,0,1,1
3,chain4,f32,65536,glibc_t1,FIXED_TWIN,14,1,1,33518.00,0.0000,0.0000,35000.0,0.0,1.000,262144.0,0.000,0,0,262144,1,2,1,0,1,1
3,chain4,f32,65536,glibc_t1,P5,14,2,1,65028.00,0.0000,0.0000,66000.0,0.0,4.000,1048576.0,0.000,0,0,1048576,4,0,0,0,1,1
3,chain4,f32,65536,glibc_t1,P6,14,3,1,60913.00,0.0000,0.0000,62000.0,0.0,1.000,262144.0,0.000,0,0,262144,1,3,0,0,1,1
3,chain4,f32,262144,glibc_t1,P5,0,0,1,455230.00,0.0000,0.0000,459000.0,0.0,4.000,4194304.0,0.000,0,0,4194304,4,0,0,0,1,1
3,chain4,f32,262144,glibc_t1,P6,0,1,1,298772.00,0.0000,0.0000,301000.0,0.0,1.000,1048576.0,0.000,0,0,1048576,1,3,0,0,1,1
3,chain4,f32,262144,glibc_t1,P7,0,2,1,283071.00,0.0000,0.0000,285000.0,0.0,1.000,1048576.0,0.000,0,0,1048576,1,2,1,0,1,1
3,chain4,f32,262144,glibc_t1,FIXED_TWIN,0,3,1,280674.00,0.0000,0.0000,282000.0,0.0,1.000,1048576.0,0.000,0,0,1048576,1,2,1,0,1,1
3,chain4,f32,262144,glibc_t1,P6,1,0,1,297631.00,0.0000,0.0000,300000.0,0.0,1.000,1048576.0,0.000,0,0,1048576,1,3,0,0,1,1
3,chain4,f32,262144,glibc_t1,P7,1,1,1,280410.00,0.0000,0.0000,282000.0,0.0,1.000,1048576.0,0.000,0,0,1048576,1,2,1,0,1,1
3,chain4,f32,262144,glibc_t1,FIXED_TWIN,1,2,1,281091.00,0.0000,0.0000,284000.0,0.0,1.000,1048576.0,0.000,0,0,1048576,1,2,1,0,1,1
3,chain4,f32,262144,glibc_t1,P5,1,3,1,495477.00,0.0000,0.0000,499000.0,0.0,4.000,4194304.0,0.000,0,0,4194304,4,0,0,0,1,1
3,chain4,f32,262144,glibc_t1,P7,2,0,1,285283.00,0.0000,0.0000,288000.0,0.0,1.000,1048576.0,0.000,0,0,1048576,1,2,1,0,1,1
3,chain4,f32,262144,glibc_t1,FIXED_TWIN,2,1,1,282920.00,0.0000,0.0000,285000.0,0.0,1.000,1048576.0,0.000,0,0,1048576,1,2,1,0,1,1
3,chain4,f32,262144,glibc_t1,P5,2,2,1,481372.00,0.0000,0.0000,485000.0,0.0,4.000,4194304.0,0.000,0,0,4194304,4,0,0,0,1,1
3,chain4,f32,262144,glibc_t1,P6,2,3,1,338047.00,0.0000,0.0000,341000.0,0.0,1.000,1048576.0,0.000,0,0,1048576,1,3,0,0,1,1
3,chain4,f32,262144,glibc_t1,FIXED_TWIN,3,0,1,312616.00,0.0000,0.0000,315000.0,0.0,1.000,1048576.0,0.000,0,0,1048576,1,2,1,0,1,1
3,chain4,f32,262144,glibc_t1,P5,3,1,1,454417.00,0.0000,0.0000,457000.0,0.0,4.000,4194304.0,0.000,0,0,4194304,4,0,0,0,1,1
3,chain4,f32,262144,glibc_t1,P6,3,2,1,296540.00,0.0000,0.0000,299000.0,0.0,1.000,1048576.0,0.000,0,0,1048576,1,3,0,0,1,1
3,chain4,f32,262144,glibc_t1,P7,3,3,1,280643.00,0.0000,0.0000,283000.0,0.0,1.000,1048576.0,0.000,0,0,1048576,1,2,1,0,1,1
3,chain4,f32,262144,glibc_t1,P5,4,0,1,452400.00,0.0000,0.0000,455000.0,0.0,4.000,4194304.0,0.000,0,0,4194304,4,0,0,0,1,1
3,chain4,f32,262144,glibc_t1,P6,4,1,1,298674.00,0.0000,0.0000,301000.0,0.0,1.000,1048576.0,0.000,0,0,1048576,1,3,0,0,1,1
3,chain4,f32,262144,glibc_t1,P7,4,2,1,310489.00,0.0000,0.0000,313000.0,0.0,1.000,1048576.0,0.000,0,0,1048576,1,2,1,0,1,1
3,chain4,f32,262144,glibc_t1,FIXED_TWIN,4,3,1,282525.00,0.0000,0.0000,285000.0,0.0,1.000,1048576.0,0.000,0,0,1048576,1,2,1,0,1,1
3,chain4,f32,262144,glibc_t1,P6,5,0,1,297595.00,0.0000,0.0000,300000.0,0.0,1.000,1048576.0,0.000,0,0,1048576,1,3,0,0,1,1
3,chain4,f32,262144,glibc_t1,P7,5,1,1,282365.00,0.0000,0.0000,285000.0,0.0,1.000,1048576.0,0.000,0,0,1048576,1,2,1,0,1,1
3,chain4,f32,262144,glibc_t1,FIXED_TWIN,5,2,1,310373.00,0.0000,0.0000,312000.0,0.0,1.000,1048576.0,0.000,0,0,1048576,1,2,1,0,1,1
3,chain4,f32,262144,glibc_t1,P5,5,3,1,478734.00,0.0000,0.0000,482000.0,0.0,4.000,4194304.0,0.000,0,0,4194304,4,0,0,0,1,1
3,chain4,f32,262144,glibc_t1,P7,6,0,1,311759.00,0.0000,0.0000,314000.0,0.0,1.000,1048576.0,0.000,0,0,1048576,1,2,1,0,1,1
3,chain4,f32,262144,glibc_t1,FIXED_TWIN,6,1,1,309326.00,0.0000,0.0000,311000.0,0.0,1.000,1048576.0,0.000,0,0,1048576,1,2,1,0,1,1
3,chain4,f32,262144,glibc_t1,P5,6,2,1,481820.00,0.0000,0.0000,484000.0,0.0,4.000,4194304.0,0.000,0,0,4194304,4,0,0,0,1,1
3,chain4,f32,262144,glibc_t1,P6,6,3,1,296375.00,0.0000,0.0000,299000.0,0.0,1.000,1048576.0,0.000,0,0,1048576,1,3,0,0,1,1
3,chain4,f32,262144,glibc_t1,FIXED_TWIN,7,0,1,281269.00,0.0000,0.0000,283000.0,0.0,1.000,1048576.0,0.000,0,0,1048576,1,2,1,0,1,1
3,chain4,f32,262144,glibc_t1,P5,7,1,1,480879.00,0.0000,0.0000,484000.0,0.0,4.000,4194304.0,0.000,0,0,4194304,4,0,0,0,1,1
3,chain4,f32,262144,glibc_t1,P6,7,2,1,302679.00,0.0000,0.0000,305000.0,0.0,1.000,1048576.0,0.000,0,0,1048576,1,3,0,0,1,1
3,chain4,f32,262144,glibc_t1,P7,7,3,1,280972.00,0.0000,0.0000,283000.0,0.0,1.000,1048576.0,0.000,0,0,1048576,1,2,1,0,1,1
3,chain4,f32,262144,glibc_t1,P5,8,0,1,475066.00,0.0000,0.0000,478000.0,0.0,4.000,4194304.0,0.000,0,0,4194304,4,0,0,0,1,1
3,chain4,f32,262144,glibc_t1,P6,8,1,1,319875.00,0.0000,0.0000,322000.0,0.0,1.000,1048576.0,0.000,0,0,1048576,1,3,0,0,1,1
3,chain4,f32,262144,glibc_t1,P7,8,2,1,304524.00,0.0000,0.0000,306000.0,0.0,1.000,1048576.0,0.000,0,0,1048576,1,2,1,0,1,1
3,chain4,f32,262144,glibc_t1,FIXED_TWIN,8,3,1,304705.00,0.0000,0.0000,307000.0,0.0,1.000,1048576.0,0.000,0,0,1048576,1,2,1,0,1,1
3,chain4,f32,262144,glibc_t1,P6,9,0,1,321060.00,0.0000,0.0000,323000.0,0.0,1.000,1048576.0,0.000,0,0,1048576,1,3,0,0,1,1
3,chain4,f32,262144,glibc_t1,P7,9,1,1,306225.00,0.0000,0.0000,309000.0,0.0,1.000,1048576.0,0.000,0,0,1048576,1,2,1,0,1,1
3,chain4,f32,262144,glibc_t1,FIXED_TWIN,9,2,1,305129.00,0.0000,0.0000,308000.0,0.0,1.000,1048576.0,0.000,0,0,1048576,1,2,1,0,1,1
3,chain4,f32,262144,glibc_t1,P5,9,3,1,482733.00,0.0000,0.0000,487000.0,0.0,4.000,4194304.0,0.000,0,0,4194304,4,0,0,0,1,1
3,chain4,f32,262144,glibc_t1,P7,10,0,1,292457.00,0.0000,0.0000,296000.0,0.0,1.000,1048576.0,0.000,0,0,1048576,1,2,1,0,1,1
3,chain4,f32,262144,glibc_t1,FIXED_TWIN,10,1,1,289705.00,0.0000,0.0000,293000.0,0.0,1.000,1048576.0,0.000,0,0,1048576,1,2,1,0,1,1
3,chain4,f32,262144,glibc_t1,P5,10,2,1,455421.00,0.0000,0.0000,458000.0,0.0,4.000,4194304.0,0.000,0,0,4194304,4,0,0,0,1,1
3,chain4,f32,262144,glibc_t1,P6,10,3,1,295118.00,0.0000,0.0000,297000.0,0.0,1.000,1048576.0,0.000,0,0,1048576,1,3,0,0,1,1
3,chain4,f32,262144,glibc_t1,FIXED_TWIN,11,0,1,280944.00,0.0000,0.0000,283000.0,0.0,1.000,1048576.0,0.000,0,0,1048576,1,2,1,0,1,1
3,chain4,f32,262144,glibc_t1,P5,11,1,1,456059.00,0.0000,0.0000,459000.0,0.0,4.000,4194304.0,0.000,0,0,4194304,4,0,0,0,1,1
3,chain4,f32,262144,glibc_t1,P6,11,2,1,298474.00,0.0000,0.0000,301000.0,0.0,1.000,1048576.0,0.000,0,0,1048576,1,3,0,0,1,1
3,chain4,f32,262144,glibc_t1,P7,11,3,1,286841.00,0.0000,0.0000,289000.0,0.0,1.000,1048576.0,0.000,0,0,1048576,1,2,1,0,1,1
3,chain4,f32,262144,glibc_t1,P5,12,0,1,482812.00,0.0000,0.0000,486000.0,0.0,4.000,4194304.0,0.000,0,0,4194304,4,0,0,0,1,1
3,chain4,f32,262144,glibc_t1,P6,12,1,1,340313.00,0.0000,0.0000,344000.0,0.0,1.000,1048576.0,0.000,0,0,1048576,1,3,0,0,1,1
3,chain4,f32,262144,glibc_t1,P7,12,2,1,293172.00,0.0000,0.0000,296000.0,0.0,1.000,1048576.0,0.000,0,0,1048576,1,2,1,0,1,1
3,chain4,f32,262144,glibc_t1,FIXED_TWIN,12,3,1,292246.00,0.0000,0.0000,295000.0,0.0,1.000,1048576.0,0.000,0,0,1048576,1,2,1,0,1,1
3,chain4,f32,262144,glibc_t1,P6,13,0,1,305441.00,0.0000,0.0000,308000.0,0.0,1.000,1048576.0,0.000,0,0,1048576,1,3,0,0,1,1
3,chain4,f32,262144,glibc_t1,P7,13,1,1,288398.00,0.0000,0.0000,290000.0,0.0,1.000,1048576.0,0.000,0,0,1048576,1,2,1,0,1,1
3,chain4,f32,262144,glibc_t1,FIXED_TWIN,13,2,1,288862.00,0.0000,0.0000,291000.0,0.0,1.000,1048576.0,0.000,0,0,1048576,1,2,1,0,1,1
3,chain4,f32,262144,glibc_t1,P5,13,3,1,455703.00,0.0000,0.0000,459000.0,0.0,4.000,4194304.0,0.000,0,0,4194304,4,0,0,0,1,1
3,chain4,f32,262144,glibc_t1,P7,14,0,1,285305.00,0.0000,0.0000,288000.0,0.0,1.000,1048576.0,0.000,0,0,1048576,1,2,1,0,1,1
3,chain4,f32,262144,glibc_t1,FIXED_TWIN,14,1,1,282615.00,0.0000,0.0000,284000.0,0.0,1.000,1048576.0,0.000,0,0,1048576,1,2,1,0,1,1
3,chain4,f32,262144,glibc_t1,P5,14,2,1,452652.00,0.0000,0.0000,456000.0,0.0,4.000,4194304.0,0.000,0,0,4194304,4,0,0,0,1,1
3,chain4,f32,262144,glibc_t1,P6,14,3,1,325305.00,0.0000,0.0000,328000.0,0.0,1.000,1048576.0,0.000,0,0,1048576,1,3,0,0,1,1
3,chain4,f32,1048576,glibc_t1,P5,0,0,1,1910777.00,0.0000,0.0000,1916000.0,0.0,4.000,16777216.0,0.000,0,0,16777216,4,0,0,0,1,1
3,chain4,f32,1048576,glibc_t1,P6,0,1,1,1457543.00,0.0000,0.0000,1462000.0,0.0,1.000,4194304.0,0.000,0,0,4194304,1,3,0,0,1,1
3,chain4,f32,1048576,glibc_t1,P7,0,2,1,1289178.00,0.0000,0.0000,1293000.0,0.0,1.000,4194304.0,0.000,0,0,4194304,1,2,1,0,1,1
3,chain4,f32,1048576,glibc_t1,FIXED_TWIN,0,3,1,1293990.00,0.0000,0.0000,1297000.0,0.0,1.000,4194304.0,0.000,0,0,4194304,1,2,1,0,1,1
3,chain4,f32,1048576,glibc_t1,P6,1,0,1,1534684.00,0.0000,0.0000,1540000.0,0.0,1.000,4194304.0,0.000,0,0,4194304,1,3,0,0,1,1
3,chain4,f32,1048576,glibc_t1,P7,1,1,1,1312870.00,0.0000,0.0000,1316000.0,0.0,1.000,4194304.0,0.000,0,0,4194304,1,2,1,0,1,1
3,chain4,f32,1048576,glibc_t1,FIXED_TWIN,1,2,1,1301602.00,0.0000,0.0000,1305000.0,0.0,1.000,4194304.0,0.000,0,0,4194304,1,2,1,0,1,1
3,chain4,f32,1048576,glibc_t1,P5,1,3,1,2116553.00,0.0000,0.0000,2120000.0,0.0,4.000,16777216.0,0.000,0,0,16777216,4,0,0,0,1,1
3,chain4,f32,1048576,glibc_t1,P7,2,0,1,1275053.00,0.0000,0.0000,1278000.0,0.0,1.000,4194304.0,0.000,0,0,4194304,1,2,1,0,1,1
3,chain4,f32,1048576,glibc_t1,FIXED_TWIN,2,1,1,1270002.00,0.0000,0.0000,1274000.0,0.0,1.000,4194304.0,0.000,0,0,4194304,1,2,1,0,1,1
3,chain4,f32,1048576,glibc_t1,P5,2,2,1,1922859.00,0.0000,0.0000,1927000.0,0.0,4.000,16777216.0,0.000,0,0,16777216,4,0,0,0,1,1
3,chain4,f32,1048576,glibc_t1,P6,2,3,1,1448976.00,0.0000,0.0000,1453000.0,0.0,1.000,4194304.0,0.000,0,0,4194304,1,3,0,0,1,1
3,chain4,f32,1048576,glibc_t1,FIXED_TWIN,3,0,1,1310336.00,0.0000,0.0000,1313000.0,0.0,1.000,4194304.0,0.000,0,0,4194304,1,2,1,0,1,1
3,chain4,f32,1048576,glibc_t1,P5,3,1,1,1944339.00,0.0000,0.0000,1947000.0,0.0,4.000,16777216.0,0.000,0,0,16777216,4,0,0,0,1,1
3,chain4,f32,1048576,glibc_t1,P6,3,2,1,1441591.00,0.0000,0.0000,1446000.0,0.0,1.000,4194304.0,0.000,0,0,4194304,1,3,0,0,1,1
3,chain4,f32,1048576,glibc_t1,P7,3,3,1,1273236.00,0.0000,0.0000,1277000.0,0.0,1.000,4194304.0,0.000,0,0,4194304,1,2,1,0,1,1
3,chain4,f32,1048576,glibc_t1,P5,4,0,1,1952505.00,0.0000,0.0000,1957000.0,0.0,4.000,16777216.0,0.000,0,0,16777216,4,0,0,0,1,1
3,chain4,f32,1048576,glibc_t1,P6,4,1,1,1539966.00,0.0000,0.0000,1543000.0,0.0,1.000,4194304.0,0.000,0,0,4194304,1,3,0,0,1,1
3,chain4,f32,1048576,glibc_t1,P7,4,2,1,1452367.00,0.0000,0.0000,1458000.0,0.0,1.000,4194304.0,0.000,0,0,4194304,1,2,1,0,1,1
3,chain4,f32,1048576,glibc_t1,FIXED_TWIN,4,3,1,1399778.00,0.0000,0.0000,1405000.0,0.0,1.000,4194304.0,0.000,0,0,4194304,1,2,1,0,1,1
3,chain4,f32,1048576,glibc_t1,P6,5,0,1,1539976.00,0.0000,0.0000,1543000.0,0.0,1.000,4194304.0,0.000,0,0,4194304,1,3,0,0,1,1
3,chain4,f32,1048576,glibc_t1,P7,5,1,1,1323576.00,0.0000,0.0000,1328000.0,0.0,1.000,4194304.0,0.000,0,0,4194304,1,2,1,0,1,1
3,chain4,f32,1048576,glibc_t1,FIXED_TWIN,5,2,1,1353759.00,0.0000,0.0000,1359000.0,0.0,1.000,4194304.0,0.000,0,0,4194304,1,2,1,0,1,1
3,chain4,f32,1048576,glibc_t1,P5,5,3,1,2131014.00,0.0000,0.0000,2135000.0,0.0,4.000,16777216.0,0.000,0,0,16777216,4,0,0,0,1,1
3,chain4,f32,1048576,glibc_t1,P7,6,0,1,1320785.00,0.0000,0.0000,1324000.0,0.0,1.000,4194304.0,0.000,0,0,4194304,1,2,1,0,1,1
3,chain4,f32,1048576,glibc_t1,FIXED_TWIN,6,1,1,1318641.00,0.0000,0.0000,1323000.0,0.0,1.000,4194304.0,0.000,0,0,4194304,1,2,1,0,1,1
3,chain4,f32,1048576,glibc_t1,P5,6,2,1,1996291.00,0.0000,0.0000,2000000.0,0.0,4.000,16777216.0,0.000,0,0,16777216,4,0,0,0,1,1
3,chain4,f32,1048576,glibc_t1,P6,6,3,1,1473482.00,0.0000,0.0000,1477000.0,0.0,1.000,4194304.0,0.000,0,0,4194304,1,3,0,0,1,1
3,chain4,f32,1048576,glibc_t1,FIXED_TWIN,7,0,1,1293187.00,0.0000,0.0000,1297000.0,0.0,1.000,4194304.0,0.000,0,0,4194304,1,2,1,0,1,1
3,chain4,f32,1048576,glibc_t1,P5,7,1,1,1993640.00,0.0000,0.0000,1998000.0,0.0,4.000,16777216.0,0.000,0,0,16777216,4,0,0,0,1,1
3,chain4,f32,1048576,glibc_t1,P6,7,2,1,1644178.00,0.0000,0.0000,1650000.0,0.0,1.000,4194304.0,0.000,0,0,4194304,1,3,0,0,1,1
3,chain4,f32,1048576,glibc_t1,P7,7,3,1,1325622.00,0.0000,0.0000,1331000.0,0.0,1.000,4194304.0,0.000,0,0,4194304,1,2,1,0,1,1
3,chain4,f32,1048576,glibc_t1,P5,8,0,1,2018855.00,0.0000,0.0000,2022000.0,0.0,4.000,16777216.0,0.000,0,0,16777216,4,0,0,0,1,1
3,chain4,f32,1048576,glibc_t1,P6,8,1,1,1517528.00,0.0000,0.0000,1521000.0,0.0,1.000,4194304.0,0.000,0,0,4194304,1,3,0,0,1,1
3,chain4,f32,1048576,glibc_t1,P7,8,2,1,1339430.00,0.0000,0.0000,1366000.0,0.0,1.000,4194304.0,0.000,0,0,4194304,1,2,1,0,1,1
3,chain4,f32,1048576,glibc_t1,FIXED_TWIN,8,3,1,1399112.00,0.0000,0.0000,1404000.0,0.0,1.000,4194304.0,0.000,0,0,4194304,1,2,1,0,1,1
3,chain4,f32,1048576,glibc_t1,P6,9,0,1,1508287.00,0.0000,0.0000,1512000.0,0.0,1.000,4194304.0,0.000,0,0,4194304,1,3,0,0,1,1
3,chain4,f32,1048576,glibc_t1,P7,9,1,1,1381356.00,0.0000,0.0000,1386000.0,0.0,1.000,4194304.0,0.000,0,0,4194304,1,2,1,0,1,1
3,chain4,f32,1048576,glibc_t1,FIXED_TWIN,9,2,1,1400443.00,0.0000,0.0000,1404000.0,0.0,1.000,4194304.0,0.000,0,0,4194304,1,2,1,0,1,1
3,chain4,f32,1048576,glibc_t1,P5,9,3,1,2260064.00,0.0000,0.0000,2264000.0,0.0,4.000,16777216.0,0.000,0,0,16777216,4,0,0,0,1,1
3,chain4,f32,1048576,glibc_t1,P7,10,0,1,1354975.00,0.0000,0.0000,1358000.0,0.0,1.000,4194304.0,0.000,0,0,4194304,1,2,1,0,1,1
3,chain4,f32,1048576,glibc_t1,FIXED_TWIN,10,1,1,1365908.00,0.0000,0.0000,1370000.0,0.0,1.000,4194304.0,0.000,0,0,4194304,1,2,1,0,1,1
3,chain4,f32,1048576,glibc_t1,P5,10,2,1,2006502.00,0.0000,0.0000,2010000.0,0.0,4.000,16777216.0,0.000,0,0,16777216,4,0,0,0,1,1
3,chain4,f32,1048576,glibc_t1,P6,10,3,1,1508731.00,0.0000,0.0000,1512000.0,0.0,1.000,4194304.0,0.000,0,0,4194304,1,3,0,0,1,1
3,chain4,f32,1048576,glibc_t1,FIXED_TWIN,11,0,1,1316640.00,0.0000,0.0000,1321000.0,0.0,1.000,4194304.0,0.000,0,0,4194304,1,2,1,0,1,1
3,chain4,f32,1048576,glibc_t1,P5,11,1,1,1998469.00,0.0000,0.0000,2002000.0,0.0,4.000,16777216.0,0.000,0,0,16777216,4,0,0,0,1,1
3,chain4,f32,1048576,glibc_t1,P6,11,2,1,1519817.00,0.0000,0.0000,1524000.0,0.0,1.000,4194304.0,0.000,0,0,4194304,1,3,0,0,1,1
3,chain4,f32,1048576,glibc_t1,P7,11,3,1,1332002.00,0.0000,0.0000,1336000.0,0.0,1.000,4194304.0,0.000,0,0,4194304,1,2,1,0,1,1
3,chain4,f32,1048576,glibc_t1,P5,12,0,1,1999238.00,0.0000,0.0000,2003000.0,0.0,4.000,16777216.0,0.000,0,0,16777216,4,0,0,0,1,1
3,chain4,f32,1048576,glibc_t1,P6,12,1,1,1492638.00,0.0000,0.0000,1497000.0,0.0,1.000,4194304.0,0.000,0,0,4194304,1,3,0,0,1,1
3,chain4,f32,1048576,glibc_t1,P7,12,2,1,1340784.00,0.0000,0.0000,1345000.0,0.0,1.000,4194304.0,0.000,0,0,4194304,1,2,1,0,1,1
3,chain4,f32,1048576,glibc_t1,FIXED_TWIN,12,3,1,1314312.00,0.0000,0.0000,1317000.0,0.0,1.000,4194304.0,0.000,0,0,4194304,1,2,1,0,1,1
3,chain4,f32,1048576,glibc_t1,P6,13,0,1,1510396.00,0.0000,0.0000,1513000.0,0.0,1.000,4194304.0,0.000,0,0,4194304,1,3,0,0,1,1
3,chain4,f32,1048576,glibc_t1,P7,13,1,1,1349640.00,0.0000,0.0000,1355000.0,0.0,1.000,4194304.0,0.000,0,0,4194304,1,2,1,0,1,1
3,chain4,f32,1048576,glibc_t1,FIXED_TWIN,13,2,1,1354015.00,0.0000,0.0000,1357000.0,0.0,1.000,4194304.0,0.000,0,0,4194304,1,2,1,0,1,1
3,chain4,f32,1048576,glibc_t1,P5,13,3,1,2115876.00,0.0000,0.0000,2119000.0,0.0,4.000,16777216.0,0.000,0,0,16777216,4,0,0,0,1,1
3,chain4,f32,1048576,glibc_t1,P7,14,0,1,1316302.00,0.0000,0.0000,1320000.0,0.0,1.000,4194304.0,0.000,0,0,4194304,1,2,1,0,1,1
3,chain4,f32,1048576,glibc_t1,FIXED_TWIN,14,1,1,1313120.00,0.0000,0.0000,1317000.0,0.0,1.000,4194304.0,0.000,0,0,4194304,1,2,1,0,1,1
3,chain4,f32,1048576,glibc_t1,P5,14,2,1,2024651.00,0.0000,0.0000,2028000.0,0.0,4.000,16777216.0,0.000,0,0,16777216,4,0,0,0,1,1
3,chain4,f32,1048576,glibc_t1,P6,14,3,1,1512296.00,0.0000,0.0000,1516000.0,0.0,1.000,4194304.0,0.000,0,0,4194304,1,3,0,0,1,1
3,chain4,f32,4194304,glibc_t1,P5,0,0,1,11034412.00,0.0000,0.0000,11041000.0,0.0,4.000,67108864.0,0.000,0,0,67108864,4,0,0,0,1,1
3,chain4,f32,4194304,glibc_t1,P6,0,1,1,8185775.00,0.0000,0.0000,8190000.0,0.0,1.000,16777216.0,0.000,0,0,16777216,1,3,0,0,1,1
3,chain4,f32,4194304,glibc_t1,P7,0,2,1,6647812.00,0.0000,0.0000,6652000.0,0.0,1.000,16777216.0,0.000,0,0,16777216,1,2,1,0,1,1
3,chain4,f32,4194304,glibc_t1,FIXED_TWIN,0,3,1,6175355.00,0.0000,0.0000,5891000.0,287000.0,1.000,16777216.0,0.000,0,0,16777216,1,2,1,0,1,1
3,chain4,f32,4194304,glibc_t1,P6,1,0,1,7063336.00,0.0000,0.0000,6836000.0,231000.0,1.000,16777216.0,0.000,0,0,16777216,1,3,0,0,1,1
3,chain4,f32,4194304,glibc_t1,P7,1,1,1,6414023.00,0.0000,0.0000,6417000.0,0.0,1.000,16777216.0,0.000,0,0,16777216,1,2,1,0,1,1
3,chain4,f32,4194304,glibc_t1,FIXED_TWIN,1,2,1,6310657.00,0.0000,0.0000,6314000.0,0.0,1.000,16777216.0,0.000,0,0,16777216,1,2,1,0,1,1
3,chain4,f32,4194304,glibc_t1,P5,1,3,1,11103407.00,0.0000,0.0000,11108000.0,0.0,4.000,67108864.0,0.000,0,0,67108864,4,0,0,0,1,1
3,chain4,f32,4194304,glibc_t1,P7,2,0,1,7480262.00,0.0000,0.0000,7485000.0,0.0,1.000,16777216.0,0.000,0,0,16777216,1,2,1,0,1,1
3,chain4,f32,4194304,glibc_t1,FIXED_TWIN,2,1,1,7391786.00,0.0000,0.0000,7397000.0,0.0,1.000,16777216.0,0.000,0,0,16777216,1,2,1,0,1,1
3,chain4,f32,4194304,glibc_t1,P5,2,2,1,11753255.00,0.0000,0.0000,11759000.0,0.0,4.000,67108864.0,0.000,0,0,67108864,4,0,0,0,1,1
3,chain4,f32,4194304,glibc_t1,P6,2,3,1,9190836.00,0.0000,0.0000,9119000.0,77000.0,1.000,16777216.0,0.000,0,0,16777216,1,3,0,0,1,1
3,chain4,f32,4194304,glibc_t1,FIXED_TWIN,3,0,1,8158118.00,0.0000,0.0000,8163000.0,0.0,1.000,16777216.0,0.000,0,0,16777216,1,2,1,0,1,1
3,chain4,f32,4194304,glibc_t1,P5,3,1,1,11616324.00,0.0000,0.0000,11620000.0,0.0,4.000,67108864.0,0.000,0,0,67108864,4,0,0,0,1,1
3,chain4,f32,4194304,glibc_t1,P6,3,2,1,8739390.00,0.0000,0.0000,8743000.0,0.0,1.000,16777216.0,0.000,0,0,16777216,1,3,0,0,1,1
3,chain4,f32,4194304,glibc_t1,P7,3,3,1,7816888.00,0.0000,0.0000,7822000.0,0.0,1.000,16777216.0,0.000,0,0,16777216,1,2,1,0,1,1
3,chain4,f32,4194304,glibc_t1,P5,4,0,1,12061652.00,0.0000,0.0000,12067000.0,0.0,4.000,67108864.0,0.000,0,0,67108864,4,0,0,0,1,1
3,chain4,f32,4194304,glibc_t1,P6,4,1,1,9224182.00,0.0000,0.0000,9229000.0,0.0,1.000,16777216.0,0.000,0,0,16777216,1,3,0,0,1,1
3,chain4,f32,4194304,glibc_t1,P7,4,2,1,7520289.00,0.0000,0.0000,7524000.0,0.0,1.000,16777216.0,0.000,0,0,16777216,1,2,1,0,1,1
3,chain4,f32,4194304,glibc_t1,FIXED_TWIN,4,3,1,7344001.00,0.0000,0.0000,7348000.0,0.0,1.000,16777216.0,0.000,0,0,16777216,1,2,1,0,1,1
3,chain4,f32,4194304,glibc_t1,P6,5,0,1,8217630.00,0.0000,0.0000,8222000.0,0.0,1.000,16777216.0,0.000,0,0,16777216,1,3,0,0,1,1
3,chain4,f32,4194304,glibc_t1,P7,5,1,1,7304799.00,0.0000,0.0000,7283000.0,26000.0,1.000,16777216.0,0.000,0,0,16777216,1,2,1,0,1,1
3,chain4,f32,4194304,glibc_t1,FIXED_TWIN,5,2,1,6992320.00,0.0000,0.0000,6855000.0,141000.0,1.000,16777216.0,0.000,0,0,16777216,1,2,1,0,1,1
3,chain4,f32,4194304,glibc_t1,P5,5,3,1,12057307.00,0.0000,0.0000,12063000.0,0.0,4.000,67108864.0,0.000,0,0,67108864,4,0,0,0,1,1
3,chain4,f32,4194304,glibc_t1,P7,6,0,1,8165221.00,0.0000,0.0000,8159000.0,0.0,1.000,16777216.0,0.000,0,0,16777216,1,2,1,0,1,1
3,chain4,f32,4194304,glibc_t1,FIXED_TWIN,6,1,1,7985252.00,0.0000,0.0000,7990000.0,0.0,1.000,16777216.0,0.000,0,0,16777216,1,2,1,0,1,1
3,chain4,f32,4194304,glibc_t1,P5,6,2,1,11540732.00,0.0000,0.0000,11545000.0,0.0,4.000,67108864.0,0.000,0,0,67108864,4,0,0,0,1,1
3,chain4,f32,4194304,glibc_t1,P6,6,3,1,8908933.00,0.0000,0.0000,8914000.0,0.0,1.000,16777216.0,0.000,0,0,16777216,1,3,0,0,1,1
3,chain4,f32,4194304,glibc_t1,FIXED_TWIN,7,0,1,7950963.00,0.0000,0.0000,7957000.0,0.0,1.000,16777216.0,0.000,0,0,16777216,1,2,1,0,1,1
3,chain4,f32,4194304,glibc_t1,P5,7,1,1,11982625.00,0.0000,0.0000,11987000.0,0.0,4.000,67108864.0,0.000,0,0,67108864,4,0,0,0,1,1
3,chain4,f32,4194304,glibc_t1,P6,7,2,1,9093601.00,0.0000,0.0000,9098000.0,0.0,1.000,16777216.0,0.000,0,0,16777216,1,3,0,0,1,1
3,chain4,f32,4194304,glibc_t1,P7,7,3,1,8060736.00,0.0000,0.0000,8065000.0,0.0,1.000,16777216.0,0.000,0,0,16777216,1,2,1,0,1,1
3,chain4,f32,4194304,glibc_t1,P5,8,0,1,11718753.00,0.0000,0.0000,11722000.0,0.0,4.000,67108864.0,0.000,0,0,67108864,4,0,0,0,1,1
3,chain4,f32,4194304,glibc_t1,P6,8,1,1,8620403.00,0.0000,0.0000,8625000.0,0.0,1.000,16777216.0,0.000,0,0,16777216,1,3,0,0,1,1
3,chain4,f32,4194304,glibc_t1,P7,8,2,1,7305631.00,0.0000,0.0000,7311000.0,0.0,1.000,16777216.0,0.000,0,0,16777216,1,2,1,0,1,1
3,chain4,f32,4194304,glibc_t1,FIXED_TWIN,8,3,1,6984219.00,0.0000,0.0000,6988000.0,0.0,1.000,16777216.0,0.000,0,0,16777216,1,2,1,0,1,1
3,chain4,f32,4194304,glibc_t1,P6,9,0,1,7922336.00,0.0000,0.0000,7926000.0,0.0,1.000,16777216.0,0.000,0,0,16777216,1,3,0,0,1,1
3,chain4,f32,4194304,glibc_t1,P7,9,1,1,6979482.00,0.0000,0.0000,6984000.0,0.0,1.000,16777216.0,0.000,0,0,16777216,1,2,1,0,1,1
3,chain4,f32,4194304,glibc_t1,FIXED_TWIN,9,2,1,7020106.00,0.0000,0.0000,7024000.0,0.0,1.000,16777216.0,0.000,0,0,16777216,1,2,1,0,1,1
3,chain4,f32,4194304,glibc_t1,P5,9,3,1,11899060.00,0.0000,0.0000,11905000.0,0.0,4.000,67108864.0,0.000,0,0,67108864,4,0,0,0,1,1
3,chain4,f32,4194304,glibc_t1,P7,10,0,1,7803824.00,0.0000,0.0000,7809000.0,0.0,1.000,16777216.0,0.000,0,0,16777216,1,2,1,0,1,1
3,chain4,f32,4194304,glibc_t1,FIXED_TWIN,10,1,1,7137841.00,0.0000,0.0000,7142000.0,0.0,1.000,16777216.0,0.000,0,0,16777216,1,2,1,0,1,1
3,chain4,f32,4194304,glibc_t1,P5,10,2,1,12505011.00,0.0000,0.0000,12510000.0,0.0,4.000,67108864.0,0.000,0,0,67108864,4,0,0,0,1,1
3,chain4,f32,4194304,glibc_t1,P6,10,3,1,9392910.00,0.0000,0.0000,9398000.0,0.0,1.000,16777216.0,0.000,0,0,16777216,1,3,0,0,1,1
3,chain4,f32,4194304,glibc_t1,FIXED_TWIN,11,0,1,8246820.00,0.0000,0.0000,8252000.0,0.0,1.000,16777216.0,0.000,0,0,16777216,1,2,1,0,1,1
3,chain4,f32,4194304,glibc_t1,P5,11,1,1,12777381.00,0.0000,0.0000,12769000.0,15000.0,4.000,67108864.0,0.000,0,0,67108864,4,0,0,0,1,1
3,chain4,f32,4194304,glibc_t1,P6,11,2,1,9443668.00,0.0000,0.0000,9449000.0,0.0,1.000,16777216.0,0.000,0,0,16777216,1,3,0,0,1,1
3,chain4,f32,4194304,glibc_t1,P7,11,3,1,8124636.00,0.0000,0.0000,8129000.0,0.0,1.000,16777216.0,0.000,0,0,16777216,1,2,1,0,1,1
3,chain4,f32,4194304,glibc_t1,P5,12,0,1,12924638.00,0.0000,0.0000,12930000.0,0.0,4.000,67108864.0,0.000,0,0,67108864,4,0,0,0,1,1
3,chain4,f32,4194304,glibc_t1,P6,12,1,1,9835964.00,0.0000,0.0000,9814000.0,0.0,1.000,16777216.0,0.000,0,0,16777216,1,3,0,0,1,1
3,chain4,f32,4194304,glibc_t1,P7,12,2,1,8865081.00,0.0000,0.0000,8871000.0,0.0,1.000,16777216.0,0.000,0,0,16777216,1,2,1,0,1,1
3,chain4,f32,4194304,glibc_t1,FIXED_TWIN,12,3,1,8685456.00,0.0000,0.0000,8690000.0,0.0,1.000,16777216.0,0.000,0,0,16777216,1,2,1,0,1,1
3,chain4,f32,4194304,glibc_t1,P6,13,0,1,9461415.00,0.0000,0.0000,9466000.0,0.0,1.000,16777216.0,0.000,0,0,16777216,1,3,0,0,1,1
3,chain4,f32,4194304,glibc_t1,P7,13,1,1,8384961.00,0.0000,0.0000,8388000.0,0.0,1.000,16777216.0,0.000,0,0,16777216,1,2,1,0,1,1
3,chain4,f32,4194304,glibc_t1,FIXED_TWIN,13,2,1,8165410.00,0.0000,0.0000,8171000.0,0.0,1.000,16777216.0,0.000,0,0,16777216,1,2,1,0,1,1
3,chain4,f32,4194304,glibc_t1,P5,13,3,1,12084947.00,0.0000,0.0000,12089000.0,0.0,4.000,67108864.0,0.000,0,0,67108864,4,0,0,0,1,1
3,chain4,f32,4194304,glibc_t1,P7,14,0,1,8423895.00,0.0000,0.0000,8429000.0,0.0,1.000,16777216.0,0.000,0,0,16777216,1,2,1,0,1,1
3,chain4,f32,4194304,glibc_t1,FIXED_TWIN,14,1,1,8388714.00,0.0000,0.0000,8393000.0,0.0,1.000,16777216.0,0.000,0,0,16777216,1,2,1,0,1,1
3,chain4,f32,4194304,glibc_t1,P5,14,2,1,12804084.00,0.0000,0.0000,12811000.0,0.0,4.000,67108864.0,0.000,0,0,67108864,4,0,0,0,1,1
3,chain4,f32,4194304,glibc_t1,P6,14,3,1,9847446.00,0.0000,0.0000,9853000.0,0.0,1.000,16777216.0,0.000,0,0,16777216,1,3,0,0,1,1
3,chain4,f32,16777216,glibc_t1,P5,0,0,1,161161169.00,65540.0000,0.0000,76565000.0,84604000.0,4.000,268435456.0,0.000,0,0,268435456,4,0,0,0,1,1
3,chain4,f32,16777216,glibc_t1,P6,0,1,1,68926508.00,16385.0000,0.0000,40450000.0,28483000.0,1.000,67108864.0,0.000,0,0,67108864,1,3,0,0,1,1
3,chain4,f32,16777216,glibc_t1,P7,0,2,1,64925836.00,16385.0000,0.0000,36450000.0,28482000.0,1.000,67108864.0,0.000,0,0,67108864,1,2,1,0,1,1
3,chain4,f32,16777216,glibc_t1,FIXED_TWIN,0,3,1,64458462.00,16385.0000,0.0000,42266000.0,22174000.0,1.000,67108864.0,0.000,0,0,67108864,1,2,1,0,1,1
3,chain4,f32,16777216,glibc_t1,P6,1,0,1,68869837.00,16385.0000,0.0000,40422000.0,28454000.0,1.000,67108864.0,0.000,0,0,67108864,1,3,0,0,1,1
3,chain4,f32,16777216,glibc_t1,P7,1,1,1,60546310.00,16385.0000,0.0000,28268000.0,32233000.0,1.000,67108864.0,0.000,0,0,67108864,1,2,1,0,1,1
3,chain4,f32,16777216,glibc_t1,FIXED_TWIN,1,2,1,63058881.00,16385.0000,0.0000,39542000.0,23513000.0,1.000,67108864.0,0.000,0,0,67108864,1,2,1,0,1,1
3,chain4,f32,16777216,glibc_t1,P5,1,3,1,153741112.00,65540.0000,0.0000,48848000.0,104898000.0,4.000,268435456.0,0.000,0,0,268435456,4,0,0,0,1,1
3,chain4,f32,16777216,glibc_t1,P7,2,0,1,63349299.00,16385.0000,0.0000,37622000.0,25732000.0,1.000,67108864.0,0.000,0,0,67108864,1,2,1,0,1,1
3,chain4,f32,16777216,glibc_t1,FIXED_TWIN,2,1,1,63886999.00,16385.0000,0.0000,51939000.0,11947000.0,1.000,67108864.0,0.000,0,0,67108864,1,2,1,0,1,1
3,chain4,f32,16777216,glibc_t1,P5,2,2,1,167214776.00,65540.0000,0.0000,55626000.0,111594000.0,4.000,268435456.0,0.000,0,0,268435456,4,0,0,0,1,1
3,chain4,f32,16777216,glibc_t1,P6,2,3,1,66526133.00,16385.0000,0.0000,39289000.0,27244000.0,1.000,67108864.0,0.000,0,0,67108864,1,3,0,0,1,1
3,chain4,f32,16777216,glibc_t1,FIXED_TWIN,3,0,1,61810199.00,16385.0000,0.0000,36866000.0,24925000.0,1.000,67108864.0,0.000,0,0,67108864,1,2,1,0,1,1
3,chain4,f32,16777216,glibc_t1,P5,3,1,1,156741674.00,65540.0000,0.0000,40366000.0,116382000.0,4.000,268435456.0,0.000,0,0,268435456,4,0,0,0,1,1
3,chain4,f32,16777216,glibc_t1,P6,3,2,1,68542475.00,16385.0000,0.0000,52183000.0,16286000.0,1.000,67108864.0,0.000,0,0,67108864,1,3,0,0,1,1
3,chain4,f32,16777216,glibc_t1,P7,3,3,1,62217231.00,16385.0000,0.0000,35140000.0,27085000.0,1.000,67108864.0,0.000,0,0,67108864,1,2,1,0,1,1
3,chain4,f32,16777216,glibc_t1,P5,4,0,1,160995404.00,65540.0000,0.0000,48488000.0,112513000.0,4.000,268435456.0,0.000,0,0,268435456,4,0,0,0,1,1
3,chain4,f32,16777216,glibc_t1,P6,4,1,1,69524195.00,16385.0000,0.0000,46803000.0,22690000.0,1.000,67108864.0,0.000,0,0,67108864,1,3,0,0,1,1
3,chain4,f32,16777216,glibc_t1,P7,4,2,1,62958322.00,16385.0000,0.0000,27499000.0,35466000.0,1.000,67108864.0,0.000,0,0,67108864,1,2,1,0,1,1
3,chain4,f32,16777216,glibc_t1,FIXED_TWIN,4,3,1,59796913.00,16385.0000,0.0000,39868000.0,19900000.0,1.000,67108864.0,0.000,0,0,67108864,1,2,1,0,1,1
3,chain4,f32,16777216,glibc_t1,P6,5,0,1,68005993.00,16385.0000,0.0000,51966000.0,16009000.0,1.000,67108864.0,0.000,0,0,67108864,1,3,0,0,1,1
3,chain4,f32,16777216,glibc_t1,P7,5,1,1,62275511.00,16385.0000,0.0000,33106000.0,29176000.0,1.000,67108864.0,0.000,0,0,67108864,1,2,1,0,1,1
3,chain4,f32,16777216,glibc_t1,FIXED_TWIN,5,2,1,61579781.00,16385.0000,0.0000,36735000.0,24818000.0,1.000,67108864.0,0.000,0,0,67108864,1,2,1,0,1,1
3,chain4,f32,16777216,glibc_t1,P5,5,3,1,157868318.00,65540.0000,0.0000,38974000.0,118900000.0,4.000,268435456.0,0.000,0,0,268435456,4,0,0,0,1,1
3,chain4,f32,16777216,glibc_t1,P7,6,0,1,62822129.00,16385.0000,0.0000,39406000.0,23397000.0,1.000,67108864.0,0.000,0,0,67108864,1,2,1,0,1,1
3,chain4,f32,16777216,glibc_t1,FIXED_TWIN,6,1,1,64342964.00,16385.0000,0.0000,32180000.0,32191000.0,1.000,67108864.0,0.000,0,0,67108864,1,2,1,0,1,1
3,chain4,f32,16777216,glibc_t1,P5,6,2,1,162412142.00,65540.0000,0.0000,51143000.0,111144000.0,4.000,268435456.0,0.000,0,0,268435456,4,0,0,0,1,1
3,chain4,f32,16777216,glibc_t1,P6,6,3,1,67604127.00,16385.0000,0.0000,31806000.0,35782000.0,1.000,67108864.0,0.000,0,0,67108864,1,3,0,0,1,1
3,chain4,f32,16777216,glibc_t1,FIXED_TWIN,7,0,1,65188247.00,16385.0000,0.0000,46638000.0,18505000.0,1.000,67108864.0,0.000,0,0,67108864,1,2,1,0,1,1
3,chain4,f32,16777216,glibc_t1,P5,7,1,1,156955856.00,65540.0000,0.0000,62469000.0,94370000.0,4.000,268435456.0,0.000,0,0,268435456,4,0,0,0,1,1
3,chain4,f32,16777216,glibc_t1,P6,7,2,1,74584966.00,16385.0000,0.0000,49256000.0,25246000.0,1.000,67108864.0,0.000,0,0,67108864,1,3,0,0,1,1
3,chain4,f32,16777216,glibc_t1,P7,7,3,1,64768067.00,16385.0000,0.0000,44375000.0,20342000.0,1.000,67108864.0,0.000,0,0,67108864,1,2,1,0,1,1
3,chain4,f32,16777216,glibc_t1,P5,8,0,1,156017327.00,65540.0000,0.0000,24017000.0,132006000.0,4.000,268435456.0,0.000,0,0,268435456,4,0,0,0,1,1
3,chain4,f32,16777216,glibc_t1,P6,8,1,1,68398169.00,16385.0000,0.0000,40195000.0,28209000.0,1.000,67108864.0,0.000,0,0,67108864,1,3,0,0,1,1
3,chain4,f32,16777216,glibc_t1,P7,8,2,1,77382623.00,16385.0000,0.0000,36668000.0,40708000.0,1.000,67108864.0,0.000,0,0,67108864,1,2,1,0,1,1
3,chain4,f32,16777216,glibc_t1,FIXED_TWIN,8,3,1,68156473.00,16385.0000,0.0000,36079000.0,32026000.0,1.000,67108864.0,0.000,0,0,67108864,1,2,1,0,1,1
3,chain4,f32,16777216,glibc_t1,P6,9,0,1,78368206.00,16385.0000,0.0000,41153000.0,37222000.0,1.000,67108864.0,0.000,0,0,67108864,1,3,0,0,1,1
3,chain4,f32,16777216,glibc_t1,P7,9,1,1,66492410.00,16385.0000,0.0000,33213000.0,33271000.0,1.000,67108864.0,0.000,0,0,67108864,1,2,1,0,1,1
3,chain4,f32,16777216,glibc_t1,FIXED_TWIN,9,2,1,63883144.00,16385.0000,0.0000,31946000.0,31932000.0,1.000,67108864.0,0.000,0,0,67108864,1,2,1,0,1,1
3,chain4,f32,16777216,glibc_t1,P5,9,3,1,161481246.00,65540.0000,0.0000,60718000.0,100757000.0,4.000,268435456.0,0.000,0,0,268435456,4,0,0,0,1,1
3,chain4,f32,16777216,glibc_t1,P7,10,0,1,65322935.00,16385.0000,0.0000,42701000.0,22598000.0,1.000,67108864.0,0.000,0,0,67108864,1,2,1,0,1,1
3,chain4,f32,16777216,glibc_t1,FIXED_TWIN,10,1,1,62499509.00,16385.0000,0.0000,31274000.0,31232000.0,1.000,67108864.0,0.000,0,0,67108864,1,2,1,0,1,1
3,chain4,f32,16777216,glibc_t1,P5,10,2,1,161192617.00,65540.0000,0.0000,60573000.0,100614000.0,4.000,268435456.0,0.000,0,0,268435456,4,0,0,0,1,1
3,chain4,f32,16777216,glibc_t1,P6,10,3,1,73346833.00,16385.0000,0.0000,50712000.0,22577000.0,1.000,67108864.0,0.000,0,0,67108864,1,3,0,0,1,1
3,chain4,f32,16777216,glibc_t1,FIXED_TWIN,11,0,1,66296584.00,16385.0000,0.0000,41119000.0,25185000.0,1.000,67108864.0,0.000,0,0,67108864,1,2,1,0,1,1
3,chain4,f32,16777216,glibc_t1,P5,11,1,1,162425242.00,65540.0000,0.0000,47241000.0,115172000.0,4.000,268435456.0,0.000,0,0,268435456,4,0,0,0,1,1
3,chain4,f32,16777216,glibc_t1,P6,11,2,1,73128528.00,16385.0000,0.0000,52522000.0,20543000.0,1.000,67108864.0,0.000,0,0,67108864,1,3,0,0,1,1
3,chain4,f32,16777216,glibc_t1,P7,11,3,1,65944606.00,16385.0000,0.0000,40948000.0,25005000.0,1.000,67108864.0,0.000,0,0,67108864,1,2,1,0,1,1
3,chain4,f32,16777216,glibc_t1,P5,12,0,1,161733189.00,65540.0000,0.0000,50905000.0,110823000.0,4.000,268435456.0,0.000,0,0,268435456,4,0,0,0,1,1
3,chain4,f32,16777216,glibc_t1,P6,12,1,1,74176670.00,16385.0000,0.0000,43099000.0,31066000.0,1.000,67108864.0,0.000,0,0,67108864,1,3,0,0,1,1
3,chain4,f32,16777216,glibc_t1,P7,12,2,1,65999768.00,16385.0000,0.0000,48973000.0,17033000.0,1.000,67108864.0,0.000,0,0,67108864,1,2,1,0,1,1
3,chain4,f32,16777216,glibc_t1,FIXED_TWIN,12,3,1,64747290.00,16385.0000,0.0000,32366000.0,32387000.0,1.000,67108864.0,0.000,0,0,67108864,1,2,1,0,1,1
3,chain4,f32,16777216,glibc_t1,P6,13,0,1,69545295.00,16385.0000,0.0000,42808000.0,26745000.0,1.000,67108864.0,0.000,0,0,67108864,1,3,0,0,1,1
3,chain4,f32,16777216,glibc_t1,P7,13,1,1,63064086.00,16385.0000,0.0000,51541000.0,11521000.0,1.000,67108864.0,0.000,0,0,67108864,1,2,1,0,1,1
3,chain4,f32,16777216,glibc_t1,FIXED_TWIN,13,2,1,63412179.00,16385.0000,0.0000,51709000.0,11698000.0,1.000,67108864.0,0.000,0,0,67108864,1,2,1,0,1,1
3,chain4,f32,16777216,glibc_t1,P5,13,3,1,158203552.00,65540.0000,0.0000,55131000.0,103011000.0,4.000,268435456.0,0.000,0,0,268435456,4,0,0,0,1,1
3,chain4,f32,16777216,glibc_t1,P7,14,0,1,65990547.00,16385.0000,0.0000,31019000.0,34907000.0,1.000,67108864.0,0.000,0,0,67108864,1,2,1,0,1,1
3,chain4,f32,16777216,glibc_t1,FIXED_TWIN,14,1,1,64633427.00,16385.0000,0.0000,42362000.0,22279000.0,1.000,67108864.0,0.000,0,0,67108864,1,2,1,0,1,1
3,chain4,f32,16777216,glibc_t1,P5,14,2,1,155788360.00,65540.0000,0.0000,27905000.0,127858000.0,4.000,268435456.0,0.000,0,0,268435456,4,0,0,0,1,1
3,chain4,f32,16777216,glibc_t1,P6,14,3,1,67033678.00,16385.0000,0.0000,39531000.0,27508000.0,1.000,67108864.0,0.000,0,0,67108864,1,3,0,0,1,1
3,final_left_i32,i32,64,glibc_t1,P5,0,0,1000,305.38,0.0000,0.0000,150.0,159.0,2.000,512.0,0.000,0,0,256256,2,0,0,0,1,1
3,final_left_i32,i32,64,glibc_t1,P6,0,1,1000,274.04,0.0000,0.0000,134.0,141.0,1.000,256.0,0.000,0,0,256000,1,1,0,0,1,1
3,final_left_i32,i32,64,glibc_t1,P7,0,2,1000,252.77,0.0000,0.0000,123.0,130.0,1.000,256.0,0.000,0,0,256000,1,0,1,0,1,1
3,final_left_i32,i32,64,glibc_t1,FIXED_TWIN,0,3,1000,273.93,0.0000,0.0000,134.0,140.0,1.000,256.0,0.000,0,0,256000,1,0,1,0,1,1
3,final_left_i32,i32,64,glibc_t1,P6,1,0,1000,274.83,0.0000,0.0000,134.0,141.0,1.000,256.0,0.000,0,0,256000,1,1,0,0,1,1
3,final_left_i32,i32,64,glibc_t1,P7,1,1,1000,274.30,0.0000,0.0000,275.0,0.0,1.000,256.0,0.000,0,0,256000,1,0,1,0,1,1
3,final_left_i32,i32,64,glibc_t1,FIXED_TWIN,1,2,1000,259.35,0.0000,0.0000,260.0,0.0,1.000,256.0,0.000,0,0,256000,1,0,1,0,1,1
3,final_left_i32,i32,64,glibc_t1,P5,1,3,1000,302.16,0.0000,0.0000,302.0,0.0,2.000,512.0,0.000,0,0,256256,2,0,0,0,1,1
3,final_left_i32,i32,64,glibc_t1,P7,2,0,1000,273.28,0.0000,0.0000,274.0,0.0,1.000,256.0,0.000,0,0,256000,1,0,1,0,1,1
3,final_left_i32,i32,64,glibc_t1,FIXED_TWIN,2,1,1000,256.99,0.0000,0.0000,258.0,0.0,1.000,256.0,0.000,0,0,256000,1,0,1,0,1,1
3,final_left_i32,i32,64,glibc_t1,P5,2,2,1000,307.72,0.0000,0.0000,308.0,0.0,2.000,512.0,0.000,0,0,256256,2,0,0,0,1,1
3,final_left_i32,i32,64,glibc_t1,P6,2,3,1000,322.63,0.0000,0.0000,323.0,0.0,1.000,256.0,0.000,0,0,256000,1,1,0,0,1,1
3,final_left_i32,i32,64,glibc_t1,FIXED_TWIN,3,0,1000,258.29,0.0000,0.0000,259.0,0.0,1.000,256.0,0.000,0,0,256000,1,0,1,0,1,1
3,final_left_i32,i32,64,glibc_t1,P5,3,1,1000,306.41,0.0000,0.0000,307.0,0.0,2.000,512.0,0.000,0,0,256256,2,0,0,0,1,1
3,final_left_i32,i32,64,glibc_t1,P6,3,2,1000,291.04,0.0000,0.0000,291.0,0.0,1.000,256.0,0.000,0,0,256000,1,1,0,0,1,1
3,final_left_i32,i32,64,glibc_t1,P7,3,3,1000,284.94,0.0000,0.0000,285.0,0.0,1.000,256.0,0.000,0,0,256000,1,0,1,0,1,1
3,final_left_i32,i32,64,glibc_t1,P5,4,0,1000,319.13,0.0000,0.0000,319.0,0.0,2.000,512.0,0.000,0,0,256256,2,0,0,0,1,1
3,final_left_i32,i32,64,glibc_t1,P6,4,1,1000,307.17,0.0000,0.0000,307.0,0.0,1.000,256.0,0.000,0,0,256000,1,1,0,0,1,1
3,final_left_i32,i32,64,glibc_t1,P7,4,2,1000,261.43,0.0000,0.0000,262.0,0.0,1.000,256.0,0.000,0,0,256000,1,0,1,0,1,1
3,final_left_i32,i32,64,glibc_t1,FIXED_TWIN,4,3,1000,269.65,0.0000,0.0000,271.0,0.0,1.000,256.0,0.000,0,0,256000,1,0,1,0,1,1
3,final_left_i32,i32,64,glibc_t1,P6,5,0,1000,276.16,0.0000,0.0000,277.0,0.0,1.000,256.0,0.000,0,0,256000,1,1,0,0,1,1
3,final_left_i32,i32,64,glibc_t1,P7,5,1,1000,272.85,0.0000,0.0000,273.0,0.0,1.000,256.0,0.000,0,0,256000,1,0,1,0,1,1
3,final_left_i32,i32,64,glibc_t1,FIXED_TWIN,5,2,1000,264.03,0.0000,0.0000,264.0,0.0,1.000,256.0,0.000,0,0,256000,1,0,1,0,1,1
3,final_left_i32,i32,64,glibc_t1,P5,5,3,1000,295.15,0.0000,0.0000,295.0,0.0,2.000,512.0,0.000,0,0,256256,2,0,0,0,1,1
3,final_left_i32,i32,64,glibc_t1,P7,6,0,1000,274.06,0.0000,0.0000,274.0,0.0,1.000,256.0,0.000,0,0,256000,1,0,1,0,1,1
3,final_left_i32,i32,64,glibc_t1,FIXED_TWIN,6,1,1000,262.95,0.0000,0.0000,264.0,0.0,1.000,256.0,0.000,0,0,256000,1,0,1,0,1,1
3,final_left_i32,i32,64,glibc_t1,P5,6,2,1000,297.88,0.0000,0.0000,299.0,0.0,2.000,512.0,0.000,0,0,256256,2,0,0,0,1,1
3,final_left_i32,i32,64,glibc_t1,P6,6,3,1000,293.93,0.0000,0.0000,295.0,0.0,1.000,256.0,0.000,0,0,256000,1,1,0,0,1,1
3,final_left_i32,i32,64,glibc_t1,FIXED_TWIN,7,0,1000,263.67,0.0000,0.0000,265.0,0.0,1.000,256.0,0.000,0,0,256000,1,0,1,0,1,1
3,final_left_i32,i32,64,glibc_t1,P5,7,1,1000,295.96,0.0000,0.0000,296.0,0.0,2.000,512.0,0.000,0,0,256256,2,0,0,0,1,1
3,final_left_i32,i32,64,glibc_t1,P6,7,2,1000,292.60,0.0000,0.0000,293.0,0.0,1.000,256.0,0.000,0,0,256000,1,1,0,0,1,1
3,final_left_i32,i32,64,glibc_t1,P7,7,3,1000,263.61,0.0000,0.0000,264.0,0.0,1.000,256.0,0.000,0,0,256000,1,0,1,0,1,1
3,final_left_i32,i32,64,glibc_t1,P5,8,0,1000,303.23,0.0000,0.0000,304.0,0.0,2.000,512.0,0.000,0,0,256256,2,0,0,0,1,1
3,final_left_i32,i32,64,glibc_t1,P6,8,1,1000,288.10,0.0000,0.0000,288.0,0.0,1.000,256.0,0.000,0,0,256000,1,1,0,0,1,1
3,final_left_i32,i32,64,glibc_t1,P7,8,2,1000,263.62,0.0000,0.0000,264.0,0.0,1.000,256.0,0.000,0,0,256000,1,0,1,0,1,1
3,final_left_i32,i32,64,glibc_t1,FIXED_TWIN,8,3,1000,271.37,0.0000,0.0000,272.0,0.0,1.000,256.0,0.000,0,0,256000,1,0,1,0,1,1
3,final_left_i32,i32,64,glibc_t1,P6,9,0,1000,313.04,0.0000,0.0000,314.0,0.0,1.000,256.0,0.000,0,0,256000,1,1,0,0,1,1
3,final_left_i32,i32,64,glibc_t1,P7,9,1,1000,257.04,0.0000,0.0000,257.0,0.0,1.000,256.0,0.000,0,0,256000,1,0,1,0,1,1
3,final_left_i32,i32,64,glibc_t1,FIXED_TWIN,9,2,1000,271.73,0.0000,0.0000,272.0,0.0,1.000,256.0,0.000,0,0,256000,1,0,1,0,1,1
3,final_left_i32,i32,64,glibc_t1,P5,9,3,1000,294.67,0.0000,0.0000,295.0,0.0,2.000,512.0,0.000,0,0,256256,2,0,0,0,1,1
3,final_left_i32,i32,64,glibc_t1,P7,10,0,1000,264.75,0.0000,0.0000,265.0,0.0,1.000,256.0,0.000,0,0,256000,1,0,1,0,1,1
3,final_left_i32,i32,64,glibc_t1,FIXED_TWIN,10,1,1000,265.07,0.0000,0.0000,265.0,0.0,1.000,256.0,0.000,0,0,256000,1,0,1,0,1,1
3,final_left_i32,i32,64,glibc_t1,P5,10,2,1000,294.53,0.0000,0.0000,295.0,0.0,2.000,512.0,0.000,0,0,256256,2,0,0,0,1,1
3,final_left_i32,i32,64,glibc_t1,P6,10,3,1000,292.17,0.0000,0.0000,293.0,0.0,1.000,256.0,0.000,0,0,256000,1,1,0,0,1,1
3,final_left_i32,i32,64,glibc_t1,FIXED_TWIN,11,0,1000,262.17,0.0000,0.0000,263.0,0.0,1.000,256.0,0.000,0,0,256000,1,0,1,0,1,1
3,final_left_i32,i32,64,glibc_t1,P5,11,1,1000,302.05,0.0000,0.0000,303.0,0.0,2.000,512.0,0.000,0,0,256256,2,0,0,0,1,1
3,final_left_i32,i32,64,glibc_t1,P6,11,2,1000,297.04,0.0000,0.0000,298.0,0.0,1.000,256.0,0.000,0,0,256000,1,1,0,0,1,1
3,final_left_i32,i32,64,glibc_t1,P7,11,3,1000,268.28,0.0000,0.0000,269.0,0.0,1.000,256.0,0.000,0,0,256000,1,0,1,0,1,1
3,final_left_i32,i32,64,glibc_t1,P5,12,0,1000,303.45,0.0000,0.0000,304.0,0.0,2.000,512.0,0.000,0,0,256256,2,0,0,0,1,1
3,final_left_i32,i32,64,glibc_t1,P6,12,1,1000,288.63,0.0000,0.0000,290.0,0.0,1.000,256.0,0.000,0,0,256000,1,1,0,0,1,1
3,final_left_i32,i32,64,glibc_t1,P7,12,2,1000,261.15,0.0000,0.0000,262.0,0.0,1.000,256.0,0.000,0,0,256000,1,0,1,0,1,1
3,final_left_i32,i32,64,glibc_t1,FIXED_TWIN,12,3,1000,258.47,0.0000,0.0000,259.0,0.0,1.000,256.0,0.000,0,0,256000,1,0,1,0,1,1
3,final_left_i32,i32,64,glibc_t1,P6,13,0,1000,285.83,0.0000,0.0000,287.0,0.0,1.000,256.0,0.000,0,0,256000,1,1,0,0,1,1
3,final_left_i32,i32,64,glibc_t1,P7,13,1,1000,257.95,0.0000,0.0000,258.0,0.0,1.000,256.0,0.000,0,0,256000,1,0,1,0,1,1
3,final_left_i32,i32,64,glibc_t1,FIXED_TWIN,13,2,1000,273.92,0.0000,0.0000,275.0,0.0,1.000,256.0,0.000,0,0,256000,1,0,1,0,1,1
3,final_left_i32,i32,64,glibc_t1,P5,13,3,1000,317.38,0.0000,0.0000,318.0,0.0,2.000,512.0,0.000,0,0,256256,2,0,0,0,1,1
3,final_left_i32,i32,64,glibc_t1,P7,14,0,1000,257.58,0.0000,0.0000,259.0,0.0,1.000,256.0,0.000,0,0,256000,1,0,1,0,1,1
3,final_left_i32,i32,64,glibc_t1,FIXED_TWIN,14,1,1000,267.49,0.0000,0.0000,268.0,0.0,1.000,256.0,0.000,0,0,256000,1,0,1,0,1,1
3,final_left_i32,i32,64,glibc_t1,P5,14,2,1000,291.69,0.0000,0.0000,293.0,0.0,2.000,512.0,0.000,0,0,256256,2,0,0,0,1,1
3,final_left_i32,i32,64,glibc_t1,P6,14,3,1000,275.17,0.0000,0.0000,275.0,0.0,1.000,256.0,0.000,0,0,256000,1,1,0,0,1,1
3,final_left_i32,i32,1024,glibc_t1,P5,0,0,1000,572.18,0.0000,0.0000,571.0,5.0,2.000,8192.0,0.000,0,0,4100096,2,0,0,0,1,1
3,final_left_i32,i32,1024,glibc_t1,P6,0,1,1000,566.18,0.0000,0.0000,568.0,0.0,1.000,4096.0,0.000,0,0,4096000,1,1,0,0,1,1
3,final_left_i32,i32,1024,glibc_t1,P7,0,2,1000,466.15,0.0000,0.0000,470.0,0.0,1.000,4096.0,0.000,0,0,4096000,1,0,1,0,1,1
3,final_left_i32,i32,1024,glibc_t1,FIXED_TWIN,0,3,1000,440.30,0.0000,0.0000,442.0,0.0,1.000,4096.0,0.000,0,0,4096000,1,0,1,0,1,1
3,final_left_i32,i32,1024,glibc_t1,P6,1,0,1000,554.22,0.0000,0.0000,556.0,0.0,1.000,4096.0,0.000,0,0,4096000,1,1,0,0,1,1
3,final_left_i32,i32,1024,glibc_t1,P7,1,1,1000,453.49,0.0000,0.0000,455.0,0.0,1.000,4096.0,0.000,0,0,4096000,1,0,1,0,1,1
3,final_left_i32,i32,1024,glibc_t1,FIXED_TWIN,1,2,1000,456.78,0.0000,0.0000,458.0,0.0,1.000,4096.0,0.000,0,0,4096000,1,0,1,0,1,1
3,final_left_i32,i32,1024,glibc_t1,P5,1,3,1000,584.25,0.0000,0.0000,586.0,0.0,2.000,8192.0,0.000,0,0,4100096,2,0,0,0,1,1
3,final_left_i32,i32,1024,glibc_t1,P7,2,0,1000,471.39,0.0000,0.0000,472.0,0.0,1.000,4096.0,0.000,0,0,4096000,1,0,1,0,1,1
3,final_left_i32,i32,1024,glibc_t1,FIXED_TWIN,2,1,1000,455.29,0.0000,0.0000,456.0,0.0,1.000,4096.0,0.000,0,0,4096000,1,0,1,0,1,1
3,final_left_i32,i32,1024,glibc_t1,P5,2,2,1000,564.58,0.0000,0.0000,566.0,0.0,2.000,8192.0,0.000,0,0,4100096,2,0,0,0,1,1
3,final_left_i32,i32,1024,glibc_t1,P6,2,3,1000,590.97,0.0000,0.0000,592.0,0.0,1.000,4096.0,0.000,0,0,4096000,1,1,0,0,1,1
3,final_left_i32,i32,1024,glibc_t1,FIXED_TWIN,3,0,1000,447.30,0.0000,0.0000,449.0,0.0,1.000,4096.0,0.000,0,0,4096000,1,0,1,0,1,1
3,final_left_i32,i32,1024,glibc_t1,P5,3,1,1000,562.80,0.0000,0.0000,564.0,0.0,2.000,8192.0,0.000,0,0,4100096,2,0,0,0,1,1
3,final_left_i32,i32,1024,glibc_t1,P6,3,2,1000,582.81,0.0000,0.0000,584.0,0.0,1.000,4096.0,0.000,0,0,4096000,1,1,0,0,1,1
3,final_left_i32,i32,1024,glibc_t1,P7,3,3,1000,445.36,0.0000,0.0000,447.0,0.0,1.000,4096.0,0.000,0,0,4096000,1,0,1,0,1,1
3,final_left_i32,i32,1024,glibc_t1,P5,4,0,1000,576.80,0.0000,0.0000,578.0,0.0,2.000,8192.0,0.000,0,0,4100096,2,0,0,0,1,1
3,final_left_i32,i32,1024,glibc_t1,P6,4,1,1000,567.66,0.0000,0.0000,570.0,0.0,1.000,4096.0,0.000,0,0,4096000,1,1,0,0,1,1
3,final_left_i32,i32,1024,glibc_t1,P7,4,2,1000,429.25,0.0000,0.0000,431.0,0.0,1.000,4096.0,0.000,0,0,4096000,1,0,1,0,1,1
3,final_left_i32,i32,1024,glibc_t1,FIXED_TWIN,4,3,1000,430.97,0.0000,0.0000,433.0,0.0,1.000,4096.0,0.000,0,0,4096000,1,0,1,0,1,1
3,final_left_i32,i32,1024,glibc_t1,P6,5,0,1000,564.62,0.0000,0.0000,566.0,0.0,1.000,4096.0,0.000,0,0,4096000,1,1,0,0,1,1
3,final_left_i32,i32,1024,glibc_t1,P7,5,1,1000,449.51,0.0000,0.0000,451.0,0.0,1.000,4096.0,0.000,0,0,4096000,1,0,1,0,1,1
3,final_left_i32,i32,1024,glibc_t1,FIXED_TWIN,5,2,1000,456.60,0.0000,0.0000,458.0,0.0,1.000,4096.0,0.000,0,0,4096000,1,0,1,0,1,1
3,final_left_i32,i32,1024,glibc_t1,P5,5,3,1000,581.92,0.0000,0.0000,584.0,0.0,2.000,8192.0,0.000,0,0,4100096,2,0,0,0,1,1
3,final_left_i32,i32,1024,glibc_t1,P7,6,0,1000,489.52,0.0000,0.0000,491.0,0.0,1.000,4096.0,0.000,0,0,4096000,1,0,1,0,1,1
3,final_left_i32,i32,1024,glibc_t1,FIXED_TWIN,6,1,1000,509.10,0.0000,0.0000,512.0,0.0,1.000,4096.0,0.000,0,0,4096000,1,0,1,0,1,1
3,final_left_i32,i32,1024,glibc_t1,P5,6,2,1000,568.72,0.0000,0.0000,570.0,0.0,2.000,8192.0,0.000,0,0,4100096,2,0,0,0,1,1
3,final_left_i32,i32,1024,glibc_t1,P6,6,3,1000,563.76,0.0000,0.0000,565.0,0.0,1.000,4096.0,0.000,0,0,4096000,1,1,0,0,1,1
3,final_left_i32,i32,1024,glibc_t1,FIXED_TWIN,7,0,1000,429.49,0.0000,0.0000,431.0,0.0,1.000,4096.0,0.000,0,0,4096000,1,0,1,0,1,1
3,final_left_i32,i32,1024,glibc_t1,P5,7,1,1000,596.32,0.0000,0.0000,597.0,0.0,2.000,8192.0,0.000,0,0,4100096,2,0,0,0,1,1
3,final_left_i32,i32,1024,glibc_t1,P6,7,2,1000,549.14,0.0000,0.0000,551.0,0.0,1.000,4096.0,0.000,0,0,4096000,1,1,0,0,1,1
3,final_left_i32,i32,1024,glibc_t1,P7,7,3,1000,436.26,0.0000,0.0000,438.0,0.0,1.000,4096.0,0.000,0,0,4096000,1,0,1,0,1,1
3,final_left_i32,i32,1024,glibc_t1,P5,8,0,1000,622.10,0.0000,0.0000,625.0,0.0,2.000,8192.0,0.000,0,0,4100096,2,0,0,0,1,1
3,final_left_i32,i32,1024,glibc_t1,P6,8,1,1000,551.91,0.0000,0.0000,554.0,0.0,1.000,4096.0,0.000,0,0,4096000,1,1,0,0,1,1
3,final_left_i32,i32,1024,glibc_t1,P7,8,2,1000,451.21,0.0000,0.0000,453.0,0.0,1.000,4096.0,0.000,0,0,4096000,1,0,1,0,1,1
3,final_left_i32,i32,1024,glibc_t1,FIXED_TWIN,8,3,1000,437.25,0.0000,0.0000,439.0,0.0,1.000,4096.0,0.000,0,0,4096000,1,0,1,0,1,1
3,final_left_i32,i32,1024,glibc_t1,P6,9,0,1000,561.40,0.0000,0.0000,563.0,0.0,1.000,4096.0,0.000,0,0,4096000,1,1,0,0,1,1
3,final_left_i32,i32,1024,glibc_t1,P7,9,1,1000,446.13,0.0000,0.0000,448.0,0.0,1.000,4096.0,0.000,0,0,4096000,1,0,1,0,1,1
3,final_left_i32,i32,1024,glibc_t1,FIXED_TWIN,9,2,1000,435.67,0.0000,0.0000,440.0,0.0,1.000,4096.0,0.000,0,0,4096000,1,0,1,0,1,1
3,final_left_i32,i32,1024,glibc_t1,P5,9,3,1000,617.01,0.0000,0.0000,618.0,0.0,2.000,8192.0,0.000,0,0,4100096,2,0,0,0,1,1
3,final_left_i32,i32,1024,glibc_t1,P7,10,0,1000,437.18,0.0000,0.0000,442.0,0.0,1.000,4096.0,0.000,0,0,4096000,1,0,1,0,1,1
3,final_left_i32,i32,1024,glibc_t1,FIXED_TWIN,10,1,1000,447.36,0.0000,0.0000,449.0,0.0,1.000,4096.0,0.000,0,0,4096000,1,0,1,0,1,1
3,final_left_i32,i32,1024,glibc_t1,P5,10,2,1000,591.94,0.0000,0.0000,593.0,0.0,2.000,8192.0,0.000,0,0,4100096,2,0,0,0,1,1
3,final_left_i32,i32,1024,glibc_t1,P6,10,3,1000,527.51,0.0000,0.0000,528.0,0.0,1.000,4096.0,0.000,0,0,4096000,1,1,0,0,1,1
3,final_left_i32,i32,1024,glibc_t1,FIXED_TWIN,11,0,1000,442.88,0.0000,0.0000,444.0,0.0,1.000,4096.0,0.000,0,0,4096000,1,0,1,0,1,1
3,final_left_i32,i32,1024,glibc_t1,P5,11,1,1000,599.55,0.0000,0.0000,601.0,0.0,2.000,8192.0,0.000,0,0,4100096,2,0,0,0,1,1
3,final_left_i32,i32,1024,glibc_t1,P6,11,2,1000,529.39,0.0000,0.0000,531.0,0.0,1.000,4096.0,0.000,0,0,4096000,1,1,0,0,1,1
3,final_left_i32,i32,1024,glibc_t1,P7,11,3,1000,457.71,0.0000,0.0000,459.0,0.0,1.000,4096.0,0.000,0,0,4096000,1,0,1,0,1,1
3,final_left_i32,i32,1024,glibc_t1,P5,12,0,1000,572.61,0.0000,0.0000,574.0,0.0,2.000,8192.0,0.000,0,0,4100096,2,0,0,0,1,1
3,final_left_i32,i32,1024,glibc_t1,P6,12,1,1000,543.14,0.0000,0.0000,544.0,0.0,1.000,4096.0,0.000,0,0,4096000,1,1,0,0,1,1
3,final_left_i32,i32,1024,glibc_t1,P7,12,2,1000,450.82,0.0000,0.0000,452.0,0.0,1.000,4096.0,0.000,0,0,4096000,1,0,1,0,1,1
3,final_left_i32,i32,1024,glibc_t1,FIXED_TWIN,12,3,1000,462.89,0.0000,0.0000,466.0,0.0,1.000,4096.0,0.000,0,0,4096000,1,0,1,0,1,1
3,final_left_i32,i32,1024,glibc_t1,P6,13,0,1000,539.29,0.0000,0.0000,540.0,0.0,1.000,4096.0,0.000,0,0,4096000,1,1,0,0,1,1
3,final_left_i32,i32,1024,glibc_t1,P7,13,1,1000,439.88,0.0000,0.0000,442.0,0.0,1.000,4096.0,0.000,0,0,4096000,1,0,1,0,1,1
3,final_left_i32,i32,1024,glibc_t1,FIXED_TWIN,13,2,1000,436.51,0.0000,0.0000,438.0,0.0,1.000,4096.0,0.000,0,0,4096000,1,0,1,0,1,1
3,final_left_i32,i32,1024,glibc_t1,P5,13,3,1000,586.92,0.0000,0.0000,588.0,0.0,2.000,8192.0,0.000,0,0,4100096,2,0,0,0,1,1
3,final_left_i32,i32,1024,glibc_t1,P7,14,0,1000,433.54,0.0000,0.0000,435.0,0.0,1.000,4096.0,0.000,0,0,4096000,1,0,1,0,1,1
3,final_left_i32,i32,1024,glibc_t1,FIXED_TWIN,14,1,1000,435.30,0.0000,0.0000,437.0,0.0,1.000,4096.0,0.000,0,0,4096000,1,0,1,0,1,1
3,final_left_i32,i32,1024,glibc_t1,P5,14,2,1000,612.51,0.0000,0.0000,614.0,0.0,2.000,8192.0,0.000,0,0,4100096,2,0,0,0,1,1
3,final_left_i32,i32,1024,glibc_t1,P6,14,3,1000,534.85,0.0000,0.0000,536.0,0.0,1.000,4096.0,0.000,0,0,4096000,1,1,0,0,1,1
3,final_left_i32,i32,4096,glibc_t1,P5,0,0,1,1771.00,0.0000,0.0000,4000.0,0.0,2.000,32768.0,0.000,0,0,32768,2,0,0,0,1,1
3,final_left_i32,i32,4096,glibc_t1,P6,0,1,1,1456.00,0.0000,0.0000,2000.0,0.0,1.000,16384.0,0.000,0,0,16384,1,1,0,0,1,1
3,final_left_i32,i32,4096,glibc_t1,P7,0,2,1,1207.00,0.0000,0.0000,1000.0,0.0,1.000,16384.0,0.000,0,0,16384,1,0,1,0,1,1
3,final_left_i32,i32,4096,glibc_t1,FIXED_TWIN,0,3,1,1217.00,0.0000,0.0000,2000.0,0.0,1.000,16384.0,0.000,0,0,16384,1,0,1,0,1,1
3,final_left_i32,i32,4096,glibc_t1,P6,1,0,1,1301.00,0.0000,0.0000,2000.0,0.0,1.000,16384.0,0.000,0,0,16384,1,1,0,0,1,1
3,final_left_i32,i32,4096,glibc_t1,P7,1,1,1,1218.00,0.0000,0.0000,1000.0,0.0,1.000,16384.0,0.000,0,0,16384,1,0,1,0,1,1
3,final_left_i32,i32,4096,glibc_t1,FIXED_TWIN,1,2,1,1183.00,0.0000,0.0000,2000.0,0.0,1.000,16384.0,0.000,0,0,16384,1,0,1,0,1,1
3,final_left_i32,i32,4096,glibc_t1,P5,1,3,1,1579.00,0.0000,0.0000,2000.0,0.0,2.000,32768.0,0.000,0,0,32768,2,0,0,0,1,1
3,final_left_i32,i32,4096,glibc_t1,P7,2,0,1,1229.00,0.0000,0.0000,1000.0,0.0,1.000,16384.0,0.000,0,0,16384,1,0,1,0,1,1
3,final_left_i32,i32,4096,glibc_t1,FIXED_TWIN,2,1,1,1183.00,0.0000,0.0000,2000.0,0.0,1.000,16384.0,0.000,0,0,16384,1,0,1,0,1,1
3,final_left_i32,i32,4096,glibc_t1,P5,2,2,1,1629.00,0.0000,0.0000,2000.0,0.0,2.000,32768.0,0.000,0,0,32768,2,0,0,0,1,1
3,final_left_i32,i32,4096,glibc_t1,P6,2,3,1,1383.00,0.0000,0.0000,2000.0,0.0,1.000,16384.0,0.000,0,0,16384,1,1,0,0,1,1
3,final_left_i32,i32,4096,glibc_t1,FIXED_TWIN,3,0,1,1197.00,0.0000,0.0000,2000.0,0.0,1.000,16384.0,0.000,0,0,16384,1,0,1,0,1,1
3,final_left_i32,i32,4096,glibc_t1,P5,3,1,1,1670.00,0.0000,0.0000,2000.0,0.0,2.000,32768.0,0.000,0,0,32768,2,0,0,0,1,1
3,final_left_i32,i32,4096,glibc_t1,P6,3,2,1,5028.00,0.0000,0.0000,5000.0,0.0,1.000,16384.0,0.000,0,0,16384,1,1,0,0,1,1
3,final_left_i32,i32,4096,glibc_t1,P7,3,3,1,1206.00,0.0000,0.0000,2000.0,0.0,1.000,16384.0,0.000,0,0,16384,1,0,1,0,1,1
3,final_left_i32,i32,4096,glibc_t1,P5,4,0,1,1554.00,0.0000,0.0000,2000.0,0.0,2.000,32768.0,0.000,0,0,32768,2,0,0,0,1,1
3,final_left_i32,i32,4096,glibc_t1,P6,4,1,1,1386.00,0.0000,0.0000,2000.0,0.0,1.000,16384.0,0.000,0,0,16384,1,1,0,0,1,1
3,final_left_i32,i32,4096,glibc_t1,P7,4,2,1,1205.00,0.0000,0.0000,4000.0,0.0,1.000,16384.0,0.000,0,0,16384,1,0,1,0,1,1
3,final_left_i32,i32,4096,glibc_t1,FIXED_TWIN,4,3,1,1183.00,0.0000,0.0000,2000.0,0.0,1.000,16384.0,0.000,0,0,16384,1,0,1,0,1,1
3,final_left_i32,i32,4096,glibc_t1,P6,5,0,1,1343.00,0.0000,0.0000,2000.0,0.0,1.000,16384.0,0.000,0,0,16384,1,1,0,0,1,1
3,final_left_i32,i32,4096,glibc_t1,P7,5,1,1,1180.00,0.0000,0.0000,2000.0,0.0,1.000,16384.0,0.000,0,0,16384,1,0,1,0,1,1
3,final_left_i32,i32,4096,glibc_t1,FIXED_TWIN,5,2,1,1176.00,0.0000,0.0000,1000.0,0.0,1.000,16384.0,0.000,0,0,16384,1,0,1,0,1,1
3,final_left_i32,i32,4096,glibc_t1,P5,5,3,1,1629.00,0.0000,0.0000,2000.0,0.0,2.000,32768.0,0.000,0,0,32768,2,0,0,0,1,1
3,final_left_i32,i32,4096,glibc_t1,P7,6,0,1,1255.00,0.0000,0.0000,2000.0,0.0,1.000,16384.0,0.000,0,0,16384,1,0,1,0,1,1
3,final_left_i32,i32,4096,glibc_t1,FIXED_TWIN,6,1,1,1183.00,0.0000,0.0000,2000.0,0.0,1.000,16384.0,0.000,0,0,16384,1,0,1,0,1,1
3,final_left_i32,i32,4096,glibc_t1,P5,6,2,1,1609.00,0.0000,0.0000,2000.0,0.0,2.000,32768.0,0.000,0,0,32768,2,0,0,0,1,1
3,final_left_i32,i32,4096,glibc_t1,P6,6,3,1,1374.00,0.0000,0.0000,2000.0,0.0,1.000,16384.0,0.000,0,0,16384,1,1,0,0,1,1
3,final_left_i32,i32,4096,glibc_t1,FIXED_TWIN,7,0,1,1198.00,0.0000,0.0000,1000.0,0.0,1.000,16384.0,0.000,0,0,16384,1,0,1,0,1,1
3,final_left_i32,i32,4096,glibc_t1,P5,7,1,1,1599.00,0.0000,0.0000,2000.0,0.0,2.000,32768.0,0.000,0,0,32768,2,0,0,0,1,1
3,final_left_i32,i32,4096,glibc_t1,P6,7,2,1,1374.00,0.0000,0.0000,2000.0,0.0,1.000,16384.0,0.000,0,0,16384,1,1,0,0,1,1
3,final_left_i32,i32,4096,glibc_t1,P7,7,3,1,1191.00,0.0000,0.0000,2000.0,0.0,1.000,16384.0,0.000,0,0,16384,1,0,1,0,1,1
3,final_left_i32,i32,4096,glibc_t1,P5,8,0,1,1586.00,0.0000,0.0000,2000.0,0.0,2.000,32768.0,0.000,0,0,32768,2,0,0,0,1,1
3,final_left_i32,i32,4096,glibc_t1,P6,8,1,1,1372.00,0.0000,0.0000,2000.0,0.0,1.000,16384.0,0.000,0,0,16384,1,1,0,0,1,1
3,final_left_i32,i32,4096,glibc_t1,P7,8,2,1,1210.00,0.0000,0.0000,1000.0,0.0,1.000,16384.0,0.000,0,0,16384,1,0,1,0,1,1
3,final_left_i32,i32,4096,glibc_t1,FIXED_TWIN,8,3,1,1200.00,0.0000,0.0000,2000.0,0.0,1.000,16384.0,0.000,0,0,16384,1,0,1,0,1,1
3,final_left_i32,i32,4096,glibc_t1,P6,9,0,1,1332.00,0.0000,0.0000,2000.0,0.0,1.000,16384.0,0.000,0,0,16384,1,1,0,0,1,1
3,final_left_i32,i32,4096,glibc_t1,P7,9,1,1,1208.00,0.0000,0.0000,2000.0,0.0,1.000,16384.0,0.000,0,0,16384,1,0,1,0,1,1
3,final_left_i32,i32,4096,glibc_t1,FIXED_TWIN,9,2,1,1173.00,0.0000,0.0000,1000.0,0.0,1.000,16384.0,0.000,0,0,16384,1,0,1,0,1,1
3,final_left_i32,i32,4096,glibc_t1,P5,9,3,1,1627.00,0.0000,0.0000,2000.0,0.0,2.000,32768.0,0.000,0,0,32768,2,0,0,0,1,1
3,final_left_i32,i32,4096,glibc_t1,P7,10,0,1,1240.00,0.0000,0.0000,2000.0,0.0,1.000,16384.0,0.000,0,0,16384,1,0,1,0,1,1
3,final_left_i32,i32,4096,glibc_t1,FIXED_TWIN,10,1,1,1195.00,0.0000,0.0000,2000.0,0.0,1.000,16384.0,0.000,0,0,16384,1,0,1,0,1,1
3,final_left_i32,i32,4096,glibc_t1,P5,10,2,1,1600.00,0.0000,0.0000,2000.0,0.0,2.000,32768.0,0.000,0,0,32768,2,0,0,0,1,1
3,final_left_i32,i32,4096,glibc_t1,P6,10,3,1,1406.00,0.0000,0.0000,2000.0,0.0,1.000,16384.0,0.000,0,0,16384,1,1,0,0,1,1
3,final_left_i32,i32,4096,glibc_t1,FIXED_TWIN,11,0,1,1183.00,0.0000,0.0000,2000.0,0.0,1.000,16384.0,0.000,0,0,16384,1,0,1,0,1,1
3,final_left_i32,i32,4096,glibc_t1,P5,11,1,1,1575.00,0.0000,0.0000,2000.0,0.0,2.000,32768.0,0.000,0,0,32768,2,0,0,0,1,1
3,final_left_i32,i32,4096,glibc_t1,P6,11,2,1,1378.00,0.0000,0.0000,2000.0,0.0,1.000,16384.0,0.000,0,0,16384,1,1,0,0,1,1
3,final_left_i32,i32,4096,glibc_t1,P7,11,3,1,1197.00,0.0000,0.0000,2000.0,0.0,1.000,16384.0,0.000,0,0,16384,1,0,1,0,1,1
3,final_left_i32,i32,4096,glibc_t1,P5,12,0,1,1593.00,0.0000,0.0000,2000.0,0.0,2.000,32768.0,0.000,0,0,32768,2,0,0,0,1,1
3,final_left_i32,i32,4096,glibc_t1,P6,12,1,1,1391.00,0.0000,0.0000,2000.0,0.0,1.000,16384.0,0.000,0,0,16384,1,1,0,0,1,1
3,final_left_i32,i32,4096,glibc_t1,P7,12,2,1,1215.00,0.0000,0.0000,2000.0,0.0,1.000,16384.0,0.000,0,0,16384,1,0,1,0,1,1
3,final_left_i32,i32,4096,glibc_t1,FIXED_TWIN,12,3,1,1196.00,0.0000,0.0000,1000.0,0.0,1.000,16384.0,0.000,0,0,16384,1,0,1,0,1,1
3,final_left_i32,i32,4096,glibc_t1,P6,13,0,1,1371.00,0.0000,0.0000,2000.0,0.0,1.000,16384.0,0.000,0,0,16384,1,1,0,0,1,1
3,final_left_i32,i32,4096,glibc_t1,P7,13,1,1,1205.00,0.0000,0.0000,2000.0,0.0,1.000,16384.0,0.000,0,0,16384,1,0,1,0,1,1
3,final_left_i32,i32,4096,glibc_t1,FIXED_TWIN,13,2,1,1203.00,0.0000,0.0000,2000.0,0.0,1.000,16384.0,0.000,0,0,16384,1,0,1,0,1,1
3,final_left_i32,i32,4096,glibc_t1,P5,13,3,1,1545.00,0.0000,0.0000,2000.0,0.0,2.000,32768.0,0.000,0,0,32768,2,0,0,0,1,1
3,final_left_i32,i32,4096,glibc_t1,P7,14,0,1,1258.00,0.0000,0.0000,2000.0,0.0,1.000,16384.0,0.000,0,0,16384,1,0,1,0,1,1
3,final_left_i32,i32,4096,glibc_t1,FIXED_TWIN,14,1,1,1174.00,0.0000,0.0000,1000.0,0.0,1.000,16384.0,0.000,0,0,16384,1,0,1,0,1,1
3,final_left_i32,i32,4096,glibc_t1,P5,14,2,1,1599.00,0.0000,0.0000,2000.0,0.0,2.000,32768.0,0.000,0,0,32768,2,0,0,0,1,1
3,final_left_i32,i32,4096,glibc_t1,P6,14,3,1,1383.00,0.0000,0.0000,2000.0,0.0,1.000,16384.0,0.000,0,0,16384,1,1,0,0,1,1
3,final_left_i32,i32,16384,glibc_t1,P5,0,0,1,4732.00,0.0000,0.0000,5000.0,0.0,2.000,131072.0,0.000,0,0,131072,2,0,0,0,1,1
3,final_left_i32,i32,16384,glibc_t1,P6,0,1,1,6187.00,0.0000,0.0000,7000.0,0.0,1.000,65536.0,0.000,0,0,65536,1,1,0,0,1,1
3,final_left_i32,i32,16384,glibc_t1,P7,0,2,1,5245.00,0.0000,0.0000,5000.0,0.0,1.000,65536.0,0.000,0,0,65536,1,0,1,0,1,1
3,final_left_i32,i32,16384,glibc_t1,FIXED_TWIN,0,3,1,5378.00,0.0000,0.0000,6000.0,0.0,1.000,65536.0,0.000,0,0,65536,1,0,1,0,1,1
3,final_left_i32,i32,16384,glibc_t1,P6,1,0,1,6198.00,0.0000,0.0000,7000.0,0.0,1.000,65536.0,0.000,0,0,65536,1,1,0,0,1,1
3,final_left_i32,i32,16384,glibc_t1,P7,1,1,1,5191.00,0.0000,0.0000,5000.0,0.0,1.000,65536.0,0.000,0,0,65536,1,0,1,0,1,1
3,final_left_i32,i32,16384,glibc_t1,FIXED_TWIN,1,2,1,5321.00,0.0000,0.0000,6000.0,0.0,1.000,65536.0,0.000,0,0,65536,1,0,1,0,1,1
3,final_left_i32,i32,16384,glibc_t1,P5,1,3,1,4734.00,0.0000,0.0000,5000.0,0.0,2.000,131072.0,0.000,0,0,131072,2,0,0,0,1,1
3,final_left_i32,i32,16384,glibc_t1,P7,2,0,1,5250.00,0.0000,0.0000,6000.0,0.0,1.000,65536.0,0.000,0,0,65536,1,0,1,0,1,1
3,final_left_i32,i32,16384,glibc_t1,FIXED_TWIN,2,1,1,5245.00,0.0000,0.0000,6000.0,0.0,1.000,65536.0,0.000,0,0,65536,1,0,1,0,1,1
3,final_left_i32,i32,16384,glibc_t1,P5,2,2,1,4705.00,0.0000,0.0000,5000.0,0.0,2.000,131072.0,0.000,0,0,131072,2,0,0,0,1,1
3,final_left_i32,i32,16384,glibc_t1,P6,2,3,1,6256.00,0.0000,0.0000,7000.0,0.0,1.000,65536.0,0.000,0,0,65536,1,1,0,0,1,1
3,final_left_i32,i32,16384,glibc_t1,FIXED_TWIN,3,0,1,5309.00,0.0000,0.0000,6000.0,0.0,1.000,65536.0,0.000,0,0,65536,1,0,1,0,1,1
3,final_left_i32,i32,16384,glibc_t1,P5,3,1,1,4696.00,0.0000,0.0000,5000.0,0.0,2.000,131072.0,0.000,0,0,131072,2,0,0,0,1,1
3,final_left_i32,i32,16384,glibc_t1,P6,3,2,1,6201.00,0.0000,0.0000,7000.0,0.0,1.000,65536.0,0.000,0,0,65536,1,1,0,0,1,1
3,final_left_i32,i32,16384,glibc_t1,P7,3,3,1,5266.00,0.0000,0.0000,6000.0,0.0,1.000,65536.0,0.000,0,0,65536,1,0,1,0,1,1
3,final_left_i32,i32,16384,glibc_t1,P5,4,0,1,4796.00,0.0000,0.0000,6000.0,0.0,2.000,131072.0,0.000,0,0,131072,2,0,0,0,1,1
3,final_left_i32,i32,16384,glibc_t1,P6,4,1,1,6278.00,0.0000,0.0000,7000.0,0.0,1.000,65536.0,0.000,0,0,65536,1,1,0,0,1,1
3,final_left_i32,i32,16384,glibc_t1,P7,4,2,1,5309.00,0.0000,0.0000,5000.0,0.0,1.000,65536.0,0.000,0,0,65536,1,0,1,0,1,1
3,final_left_i32,i32,16384,glibc_t1,FIXED_TWIN,4,3,1,5326.00,0.0000,0.0000,5000.0,0.0,1.000,65536.0,0.000,0,0,65536,1,0,1,0,1,1
3,final_left_i32,i32,16384,glibc_t1,P6,5,0,1,6239.00,0.0000,0.0000,7000.0,0.0,1.000,65536.0,0.000,0,0,65536,1,1,0,0,1,1
3,final_left_i32,i32,16384,glibc_t1,P7,5,1,1,5281.00,0.0000,0.0000,6000.0,0.0,1.000,65536.0,0.000,0,0,65536,1,0,1,0,1,1
3,final_left_i32,i32,16384,glibc_t1,FIXED_TWIN,5,2,1,5286.00,0.0000,0.0000,5000.0,0.0,1.000,65536.0,0.000,0,0,65536,1,0,1,0,1,1
3,final_left_i32,i32,16384,glibc_t1,P5,5,3,1,4693.00,0.0000,0.0000,5000.0,0.0,2.000,131072.0,0.000,0,0,131072,2,0,0,0,1,1
3,final_left_i32,i32,16384,glibc_t1,P7,6,0,1,5270.00,0.0000,0.0000,6000.0,0.0,1.000,65536.0,0.000,0,0,65536,1,0,1,0,1,1
3,final_left_i32,i32,16384,glibc_t1,FIXED_TWIN,6,1,1,5224.00,0.0000,0.0000,6000.0,0.0,1.000,65536.0,0.000,0,0,65536,1,0,1,0,1,1
3,final_left_i32,i32,16384,glibc_t1,P5,6,2,1,16623.00,0.0000,0.0000,17000.0,0.0,2.000,131072.0,0.000,0,0,131072,2,0,0,0,1,1
3,final_left_i32,i32,16384,glibc_t1,P6,6,3,1,6243.00,0.0000,0.0000,6000.0,0.0,1.000,65536.0,0.000,0,0,65536,1,1,0,0,1,1
3,final_left_i32,i32,16384,glibc_t1,FIXED_TWIN,7,0,1,5413.00,0.0000,0.0000,6000.0,0.0,1.000,65536.0,0.000,0,0,65536,1,0,1,0,1,1
3,final_left_i32,i32,16384,glibc_t1,P5,7,1,1,4723.00,0.0000,0.0000,6000.0,0.0,2.000,131072.0,0.000,0,0,131072,2,0,0,0,1,1
3,final_left_i32,i32,16384,glibc_t1,P6,7,2,1,6181.00,0.0000,0.0000,7000.0,0.0,1.000,65536.0,0.000,0,0,65536,1,1,0,0,1,1
3,final_left_i32,i32,16384,glibc_t1,P7,7,3,1,5366.00,0.0000,0.0000,6000.0,0.0,1.000,65536.0,0.000,0,0,65536,1,0,1,0,1,1
3,final_left_i32,i32,16384,glibc_t1,P5,8,0,1,4719.00,0.0000,0.0000,5000.0,0.0,2.000,131072.0,0.000,0,0,131072,2,0,0,0,1,1
3,final_left_i32,i32,16384,glibc_t1,P6,8,1,1,6140.00,0.0000,0.0000,7000.0,0.0,1.000,65536.0,0.000,0,0,65536,1,1,0,0,1,1
3,final_left_i32,i32,16384,glibc_t1,P7,8,2,1,5292.00,0.0000,0.0000,6000.0,0.0,1.000,65536.0,0.000,0,0,65536,1,0,1,0,1,1
3,final_left_i32,i32,16384,glibc_t1,FIXED_TWIN,8,3,1,5217.00,0.0000,0.0000,5000.0,0.0,1.000,65536.0,0.000,0,0,65536,1,0,1,0,1,1
3,final_left_i32,i32,16384,glibc_t1,P6,9,0,1,6149.00,0.0000,0.0000,6000.0,0.0,1.000,65536.0,0.000,0,0,65536,1,1,0,0,1,1
3,final_left_i32,i32,16384,glibc_t1,P7,9,1,1,5233.00,0.0000,0.0000,6000.0,0.0,1.000,65536.0,0.000,0,0,65536,1,0,1,0,1,1
3,final_left_i32,i32,16384,glibc_t1,FIXED_TWIN,9,2,1,5176.00,0.0000,0.0000,6000.0,0.0,1.000,65536.0,0.000,0,0,65536,1,0,1,0,1,1
3,final_left_i32,i32,16384,glibc_t1,P5,9,3,1,4698.00,0.0000,0.0000,5000.0,0.0,2.000,131072.0,0.000,0,0,131072,2,0,0,0,1,1
3,final_left_i32,i32,16384,glibc_t1,P7,10,0,1,5236.00,0.0000,0.0000,6000.0,0.0,1.000,65536.0,0.000,0,0,65536,1,0,1,0,1,1
3,final_left_i32,i32,16384,glibc_t1,FIXED_TWIN,10,1,1,5232.00,0.0000,0.0000,6000.0,0.0,1.000,65536.0,0.000,0,0,65536,1,0,1,0,1,1
3,final_left_i32,i32,16384,glibc_t1,P5,10,2,1,4690.00,0.0000,0.0000,5000.0,0.0,2.000,131072.0,0.000,0,0,131072,2,0,0,0,1,1
3,final_left_i32,i32,16384,glibc_t1,P6,10,3,1,6185.00,0.0000,0.0000,7000.0,0.0,1.000,65536.0,0.000,0,0,65536,1,1,0,0,1,1
3,final_left_i32,i32,16384,glibc_t1,FIXED_TWIN,11,0,1,5244.00,0.0000,0.0000,5000.0,0.0,1.000,65536.0,0.000,0,0,65536,1,0,1,0,1,1
3,final_left_i32,i32,16384,glibc_t1,P5,11,1,1,4666.00,0.0000,0.0000,5000.0,0.0,2.000,131072.0,0.000,0,0,131072,2,0,0,0,1,1
3,final_left_i32,i32,16384,glibc_t1,P6,11,2,1,6202.00,0.0000,0.0000,7000.0,0.0,1.000,65536.0,0.000,0,0,65536,1,1,0,0,1,1
3,final_left_i32,i32,16384,glibc_t1,P7,11,3,1,5262.00,0.0000,0.0000,5000.0,0.0,1.000,65536.0,0.000,0,0,65536,1,0,1,0,1,1
3,final_left_i32,i32,16384,glibc_t1,P5,12,0,1,4662.00,0.0000,0.0000,5000.0,0.0,2.000,131072.0,0.000,0,0,131072,2,0,0,0,1,1
3,final_left_i32,i32,16384,glibc_t1,P6,12,1,1,6139.00,0.0000,0.0000,6000.0,0.0,1.000,65536.0,0.000,0,0,65536,1,1,0,0,1,1
3,final_left_i32,i32,16384,glibc_t1,P7,12,2,1,5351.00,0.0000,0.0000,6000.0,0.0,1.000,65536.0,0.000,0,0,65536,1,0,1,0,1,1
3,final_left_i32,i32,16384,glibc_t1,FIXED_TWIN,12,3,1,5272.00,0.0000,0.0000,6000.0,0.0,1.000,65536.0,0.000,0,0,65536,1,0,1,0,1,1
3,final_left_i32,i32,16384,glibc_t1,P6,13,0,1,6189.00,0.0000,0.0000,6000.0,0.0,1.000,65536.0,0.000,0,0,65536,1,1,0,0,1,1
3,final_left_i32,i32,16384,glibc_t1,P7,13,1,1,5184.00,0.0000,0.0000,6000.0,0.0,1.000,65536.0,0.000,0,0,65536,1,0,1,0,1,1
3,final_left_i32,i32,16384,glibc_t1,FIXED_TWIN,13,2,1,5210.00,0.0000,0.0000,6000.0,0.0,1.000,65536.0,0.000,0,0,65536,1,0,1,0,1,1
3,final_left_i32,i32,16384,glibc_t1,P5,13,3,1,4732.00,0.0000,0.0000,5000.0,0.0,2.000,131072.0,0.000,0,0,131072,2,0,0,0,1,1
3,final_left_i32,i32,16384,glibc_t1,P7,14,0,1,5176.00,0.0000,0.0000,6000.0,0.0,1.000,65536.0,0.000,0,0,65536,1,0,1,0,1,1
3,final_left_i32,i32,16384,glibc_t1,FIXED_TWIN,14,1,1,5271.00,0.0000,0.0000,6000.0,0.0,1.000,65536.0,0.000,0,0,65536,1,0,1,0,1,1
3,final_left_i32,i32,16384,glibc_t1,P5,14,2,1,4747.00,0.0000,0.0000,5000.0,0.0,2.000,131072.0,0.000,0,0,131072,2,0,0,0,1,1
3,final_left_i32,i32,16384,glibc_t1,P6,14,3,1,7802.00,0.0000,0.0000,8000.0,0.0,1.000,65536.0,0.000,0,0,65536,1,1,0,0,1,1
3,final_left_i32,i32,65536,glibc_t1,P5,0,0,1,21700.00,0.0000,0.0000,23000.0,0.0,2.000,524288.0,0.000,0,0,524288,2,0,0,0,1,1
3,final_left_i32,i32,65536,glibc_t1,P6,0,1,1,17145.00,0.0000,0.0000,18000.0,0.0,1.000,262144.0,0.000,0,0,262144,1,1,0,0,1,1
3,final_left_i32,i32,65536,glibc_t1,P7,0,2,1,14363.00,0.0000,0.0000,15000.0,0.0,1.000,262144.0,0.000,0,0,262144,1,0,1,0,1,1
3,final_left_i32,i32,65536,glibc_t1,FIXED_TWIN,0,3,1,14214.00,0.0000,0.0000,15000.0,0.0,1.000,262144.0,0.000,0,0,262144,1,0,1,0,1,1
3,final_left_i32,i32,65536,glibc_t1,P6,1,0,1,16954.00,0.0000,0.0000,18000.0,0.0,1.000,262144.0,0.000,0,0,262144,1,1,0,0,1,1
3,final_left_i32,i32,65536,glibc_t1,P7,1,1,1,14187.00,0.0000,0.0000,15000.0,0.0,1.000,262144.0,0.000,0,0,262144,1,0,1,0,1,1
3,final_left_i32,i32,65536,glibc_t1,FIXED_TWIN,1,2,1,14196.00,0.0000,0.0000,14000.0,0.0,1.000,262144.0,0.000,0,0,262144,1,0,1,0,1,1
3,final_left_i32,i32,65536,glibc_t1,P5,1,3,1,22268.00,0.0000,0.0000,23000.0,0.0,2.000,524288.0,0.000,0,0,524288,2,0,0,0,1,1
3,final_left_i32,i32,65536,glibc_t1,P7,2,0,1,14260.00,0.0000,0.0000,15000.0,0.0,1.000,262144.0,0.000,0,0,262144,1,0,1,0,1,1
3,final_left_i32,i32,65536,glibc_t1,FIXED_TWIN,2,1,1,14322.00,0.0000,0.0000,15000.0,0.0,1.000,262144.0,0.000,0,0,262144,1,0,1,0,1,1
3,final_left_i32,i32,65536,glibc_t1,P5,2,2,1,22270.00,0.0000,0.0000,23000.0,0.0,2.000,524288.0,0.000,0,0,524288,2,0,0,0,1,1
3,final_left_i32,i32,65536,glibc_t1,P6,2,3,1,17111.00,0.0000,0.0000,18000.0,0.0,1.000,262144.0,0.000,0,0,262144,1,1,0,0,1,1
3,final_left_i32,i32,65536,glibc_t1,FIXED_TWIN,3,0,1,14338.00,0.0000,0.0000,15000.0,0.0,1.000,262144.0,0.000,0,0,262144,1,0,1,0,1,1
3,final_left_i32,i32,65536,glibc_t1,P5,3,1,1,22141.00,0.0000,0.0000,23000.0,0.0,2.000,524288.0,0.000,0,0,524288,2,0,0,0,1,1
3,final_left_i32,i32,65536,glibc_t1,P6,3,2,1,17243.00,0.0000,0.0000,18000.0,0.0,1.000,262144.0,0.000,0,0,262144,1,1,0,0,1,1
3,final_left_i32,i32,65536,glibc_t1,P7,3,3,1,14786.00,0.0000,0.0000,15000.0,0.0,1.000,262144.0,0.000,0,0,262144,1,0,1,0,1,1
3,final_left_i32,i32,65536,glibc_t1,P5,4,0,1,22311.00,0.0000,0.0000,24000.0,0.0,2.000,524288.0,0.000,0,0,524288,2,0,0,0,1,1
3,final_left_i32,i32,65536,glibc_t1,P6,4,1,1,17217.00,0.0000,0.0000,18000.0,0.0,1.000,262144.0,0.000,0,0,262144,1,1,0,0,1,1
3,final_left_i32,i32,65536,glibc_t1,P7,4,2,1,14435.00,0.0000,0.0000,15000.0,0.0,1.000,262144.0,0.000,0,0,262144,1,0,1,0,1,1
3,final_left_i32,i32,65536,glibc_t1,FIXED_TWIN,4,3,1,14269.00,0.0000,0.0000,15000.0,0.0,1.000,262144.0,0.000,0,0,262144,1,0,1,0,1,1
3,final_left_i32,i32,65536,glibc_t1,P6,5,0,1,17057.00,0.0000,0.0000,17000.0,0.0,1.000,262144.0,0.000,0,0,262144,1,1,0,0,1,1
3,final_left_i32,i32,65536,glibc_t1,P7,5,1,1,14261.00,0.0000,0.0000,15000.0,0.0,1.000,262144.0,0.000,0,0,262144,1,0,1,0,1,1
3,final_left_i32,i32,65536,glibc_t1,FIXED_TWIN,5,2,1,14192.00,0.0000,0.0000,15000.0,0.0,1.000,262144.0,0.000,0,0,262144,1,0,1,0,1,1
3,final_left_i32,i32,65536,glibc_t1,P5,5,3,1,22057.00,0.0000,0.0000,22000.0,0.0,2.000,524288.0,0.000,0,0,524288,2,0,0,0,1,1
3,final_left_i32,i32,65536,glibc_t1,P7,6,0,1,14227.00,0.0000,0.0000,15000.0,0.0,1.000,262144.0,0.000,0,0,262144,1,0,1,0,1,1
3,final_left_i32,i32,65536,glibc_t1,FIXED_TWIN,6,1,1,14250.00,0.0000,0.0000,15000.0,0.0,1.000,262144.0,0.000,0,0,262144,1,0,1,0,1,1
3,final_left_i32,i32,65536,glibc_t1,P5,6,2,1,21923.00,0.0000,0.0000,23000.0,0.0,2.000,524288.0,0.000,0,0,524288,2,0,0,0,1,1
3,final_left_i32,i32,65536,glibc_t1,P6,6,3,1,18162.00,0.0000,0.0000,19000.0,0.0,1.000,262144.0,0.000,0,0,262144,1,1,0,0,1,1
3,final_left_i32,i32,65536,glibc_t1,FIXED_TWIN,7,0,1,14140.00,0.0000,0.0000,15000.0,0.0,1.000,262144.0,0.000,0,0,262144,1,0,1,0,1,1
3,final_left_i32,i32,65536,glibc_t1,P5,7,1,1,21858.00,0.0000,0.0000,23000.0,0.0,2.000,524288.0,0.000,0,0,524288,2,0,0,0,1,1
3,final_left_i32,i32,65536,glibc_t1,P6,7,2,1,17165.00,0.0000,0.0000,18000.0,0.0,1.000,262144.0,0.000,0,0,262144,1,1,0,0,1,1
3,final_left_i32,i32,65536,glibc_t1,P7,7,3,1,14326.00,0.0000,0.0000,15000.0,0.0,1.000,262144.0,0.000,0,0,262144,1,0,1,0,1,1
3,final_left_i32,i32,65536,glibc_t1,P5,8,0,1,22342.00,0.0000,0.0000,24000.0,0.0,2.000,524288.0,0.000,0,0,524288,2,0,0,0,1,1
3,final_left_i32,i32,65536,glibc_t1,P6,8,1,1,17108.00,0.0000,0.0000,18000.0,0.0,1.000,262144.0,0.000,0,0,262144,1,1,0,0,1,1
3,final_left_i32,i32,65536,glibc_t1,P7,8,2,1,14235.00,0.0000,0.0000,15000.0,0.0,1.000,262144.0,0.000,0,0,262144,1,0,1,0,1,1
3,final_left_i32,i32,65536,glibc_t1,FIXED_TWIN,8,3,1,14168.00,0.0000,0.0000,15000.0,0.0,1.000,262144.0,0.000,0,0,262144,1,0,1,0,1,1
3,final_left_i32,i32,65536,glibc_t1,P6,9,0,1,16964.00,0.0000,0.0000,18000.0,0.0,1.000,262144.0,0.000,0,0,262144,1,1,0,0,1,1
3,final_left_i32,i32,65536,glibc_t1,P7,9,1,1,14426.00,0.0000,0.0000,15000.0,0.0,1.000,262144.0,0.000,0,0,262144,1,0,1,0,1,1
3,final_left_i32,i32,65536,glibc_t1,FIXED_TWIN,9,2,1,14193.00,0.0000,0.0000,15000.0,0.0,1.000,262144.0,0.000,0,0,262144,1,0,1,0,1,1
3,final_left_i32,i32,65536,glibc_t1,P5,9,3,1,22367.00,0.0000,0.0000,23000.0,0.0,2.000,524288.0,0.000,0,0,524288,2,0,0,0,1,1
3,final_left_i32,i32,65536,glibc_t1,P7,10,0,1,14399.00,0.0000,0.0000,15000.0,0.0,1.000,262144.0,0.000,0,0,262144,1,0,1,0,1,1
3,final_left_i32,i32,65536,glibc_t1,FIXED_TWIN,10,1,1,14351.00,0.0000,0.0000,15000.0,0.0,1.000,262144.0,0.000,0,0,262144,1,0,1,0,1,1
3,final_left_i32,i32,65536,glibc_t1,P5,10,2,1,22679.00,0.0000,0.0000,27000.0,0.0,2.000,524288.0,0.000,0,0,524288,2,0,0,0,1,1
3,final_left_i32,i32,65536,glibc_t1,P6,10,3,1,17230.00,0.0000,0.0000,18000.0,0.0,1.000,262144.0,0.000,0,0,262144,1,1,0,0,1,1
3,final_left_i32,i32,65536,glibc_t1,FIXED_TWIN,11,0,1,14229.00,0.0000,0.0000,15000.0,0.0,1.000,262144.0,0.000,0,0,262144,1,0,1,0,1,1
3,final_left_i32,i32,65536,glibc_t1,P5,11,1,1,23292.00,0.0000,0.0000,24000.0,0.0,2.000,524288.0,0.000,0,0,524288,2,0,0,0,1,1
3,final_left_i32,i32,65536,glibc_t1,P6,11,2,1,23727.00,0.0000,0.0000,25000.0,0.0,1.000,262144.0,0.000,0,0,262144,1,1,0,0,1,1
3,final_left_i32,i32,65536,glibc_t1,P7,11,3,1,15418.00,0.0000,0.0000,17000.0,0.0,1.000,262144.0,0.000,0,0,262144,1,0,1,0,1,1
3,final_left_i32,i32,65536,glibc_t1,P5,12,0,1,22292.00,0.0000,0.0000,23000.0,0.0,2.000,524288.0,0.000,0,0,524288,2,0,0,0,1,1
3,final_left_i32,i32,65536,glibc_t1,P6,12,1,1,19080.00,0.0000,0.0000,20000.0,0.0,1.000,262144.0,0.000,0,0,262144,1,1,0,0,1,1
3,final_left_i32,i32,65536,glibc_t1,P7,12,2,1,14258.00,0.0000,0.0000,15000.0,0.0,1.000,262144.0,0.000,0,0,262144,1,0,1,0,1,1
3,final_left_i32,i32,65536,glibc_t1,FIXED_TWIN,12,3,1,14342.00,0.0000,0.0000,15000.0,0.0,1.000,262144.0,0.000,0,0,262144,1,0,1,0,1,1
3,final_left_i32,i32,65536,glibc_t1,P6,13,0,1,16923.00,0.0000,0.0000,18000.0,0.0,1.000,262144.0,0.000,0,0,262144,1,1,0,0,1,1
3,final_left_i32,i32,65536,glibc_t1,P7,13,1,1,14203.00,0.0000,0.0000,15000.0,0.0,1.000,262144.0,0.000,0,0,262144,1,0,1,0,1,1
3,final_left_i32,i32,65536,glibc_t1,FIXED_TWIN,13,2,1,14294.00,0.0000,0.0000,14000.0,0.0,1.000,262144.0,0.000,0,0,262144,1,0,1,0,1,1
3,final_left_i32,i32,65536,glibc_t1,P5,13,3,1,22213.00,0.0000,0.0000,23000.0,0.0,2.000,524288.0,0.000,0,0,524288,2,0,0,0,1,1
3,final_left_i32,i32,65536,glibc_t1,P7,14,0,1,14326.00,0.0000,0.0000,15000.0,0.0,1.000,262144.0,0.000,0,0,262144,1,0,1,0,1,1
3,final_left_i32,i32,65536,glibc_t1,FIXED_TWIN,14,1,1,14298.00,0.0000,0.0000,15000.0,0.0,1.000,262144.0,0.000,0,0,262144,1,0,1,0,1,1
3,final_left_i32,i32,65536,glibc_t1,P5,14,2,1,40179.00,0.0000,0.0000,41000.0,0.0,2.000,524288.0,0.000,0,0,524288,2,0,0,0,1,1
3,final_left_i32,i32,65536,glibc_t1,P6,14,3,1,17351.00,0.0000,0.0000,18000.0,0.0,1.000,262144.0,0.000,0,0,262144,1,1,0,0,1,1
3,final_left_i32,i32,262144,glibc_t1,P5,0,0,1,253380.00,0.0000,0.0000,258000.0,0.0,2.000,2097152.0,0.000,0,0,2097152,2,0,0,0,1,1
3,final_left_i32,i32,262144,glibc_t1,P6,0,1,1,178048.00,0.0000,0.0000,179000.0,0.0,1.000,1048576.0,0.000,0,0,1048576,1,1,0,0,1,1
3,final_left_i32,i32,262144,glibc_t1,P7,0,2,1,157868.00,0.0000,0.0000,159000.0,0.0,1.000,1048576.0,0.000,0,0,1048576,1,0,1,0,1,1
3,final_left_i32,i32,262144,glibc_t1,FIXED_TWIN,0,3,1,156869.00,0.0000,0.0000,158000.0,0.0,1.000,1048576.0,0.000,0,0,1048576,1,0,1,0,1,1
3,final_left_i32,i32,262144,glibc_t1,P6,1,0,1,177022.00,0.0000,0.0000,178000.0,0.0,1.000,1048576.0,0.000,0,0,1048576,1,1,0,0,1,1
3,final_left_i32,i32,262144,glibc_t1,P7,1,1,1,179516.00,0.0000,0.0000,182000.0,0.0,1.000,1048576.0,0.000,0,0,1048576,1,0,1,0,1,1
3,final_left_i32,i32,262144,glibc_t1,FIXED_TWIN,1,2,1,152595.00,0.0000,0.0000,154000.0,0.0,1.000,1048576.0,0.000,0,0,1048576,1,0,1,0,1,1
3,final_left_i32,i32,262144,glibc_t1,P5,1,3,1,252836.00,0.0000,0.0000,255000.0,0.0,2.000,2097152.0,0.000,0,0,2097152,2,0,0,0,1,1
3,final_left_i32,i32,262144,glibc_t1,P7,2,0,1,161210.00,0.0000,0.0000,162000.0,0.0,1.000,1048576.0,0.000,0,0,1048576,1,0,1,0,1,1
3,final_left_i32,i32,262144,glibc_t1,FIXED_TWIN,2,1,1,159190.00,0.0000,0.0000,160000.0,0.0,1.000,1048576.0,0.000,0,0,1048576,1,0,1,0,1,1
3,final_left_i32,i32,262144,glibc_t1,P5,2,2,1,240148.00,0.0000,0.0000,243000.0,0.0,2.000,2097152.0,0.000,0,0,2097152,2,0,0,0,1,1
3,final_left_i32,i32,262144,glibc_t1,P6,2,3,1,184615.00,0.0000,0.0000,186000.0,0.0,1.000,1048576.0,0.000,0,0,1048576,1,1,0,0,1,1
3,final_left_i32,i32,262144,glibc_t1,FIXED_TWIN,3,0,1,157615.00,0.0000,0.0000,160000.0,0.0,1.000,1048576.0,0.000,0,0,1048576,1,0,1,0,1,1
3,final_left_i32,i32,262144,glibc_t1,P5,3,1,1,229340.00,0.0000,0.0000,231000.0,0.0,2.000,2097152.0,0.000,0,0,2097152,2,0,0,0,1,1
3,final_left_i32,i32,262144,glibc_t1,P6,3,2,1,178129.00,0.0000,0.0000,180000.0,0.0,1.000,1048576.0,0.000,0,0,1048576,1,1,0,0,1,1
3,final_left_i32,i32,262144,glibc_t1,P7,3,3,1,158761.00,0.0000,0.0000,160000.0,0.0,1.000,1048576.0,0.000,0,0,1048576,1,0,1,0,1,1
3,final_left_i32,i32,262144,glibc_t1,P5,4,0,1,232151.00,0.0000,0.0000,234000.0,0.0,2.000,2097152.0,0.000,0,0,2097152,2,0,0,0,1,1
3,final_left_i32,i32,262144,glibc_t1,P6,4,1,1,195248.00,0.0000,0.0000,198000.0,0.0,1.000,1048576.0,0.000,0,0,1048576,1,1,0,0,1,1
3,final_left_i32,i32,262144,glibc_t1,P7,4,2,1,173688.00,0.0000,0.0000,175000.0,0.0,1.000,1048576.0,0.000,0,0,1048576,1,0,1,0,1,1
3,final_left_i32,i32,262144,glibc_t1,FIXED_TWIN,4,3,1,152390.00,0.0000,0.0000,154000.0,0.0,1.000,1048576.0,0.000,0,0,1048576,1,0,1,0,1,1
3,final_left_i32,i32,262144,glibc_t1,P6,5,0,1,184933.00,0.0000,0.0000,186000.0,0.0,1.000,1048576.0,0.000,0,0,1048576,1,1,0,0,1,1
3,final_left_i32,i32,262144,glibc_t1,P7,5,1,1,152748.00,0.0000,0.0000,154000.0,0.0,1.000,1048576.0,0.000,0,0,1048576,1,0,1,0,1,1
3,final_left_i32,i32,262144,glibc_t1,FIXED_TWIN,5,2,1,159458.00,0.0000,0.0000,160000.0,0.0,1.000,1048576.0,0.000,0,0,1048576,1,0,1,0,1,1
3,final_left_i32,i32,262144,glibc_t1,P5,5,3,1,221960.00,0.0000,0.0000,223000.0,0.0,2.000,2097152.0,0.000,0,0,2097152,2,0,0,0,1,1
3,final_left_i32,i32,262144,glibc_t1,P7,6,0,1,157503.00,0.0000,0.0000,161000.0,0.0,1.000,1048576.0,0.000,0,0,1048576,1,0,1,0,1,1
3,final_left_i32,i32,262144,glibc_t1,FIXED_TWIN,6,1,1,179408.00,0.0000,0.0000,181000.0,0.0,1.000,1048576.0,0.000,0,0,1048576,1,0,1,0,1,1
3,final_left_i32,i32,262144,glibc_t1,P5,6,2,1,221986.00,0.0000,0.0000,224000.0,0.0,2.000,2097152.0,0.000,0,0,2097152,2,0,0,0,1,1
3,final_left_i32,i32,262144,glibc_t1,P6,6,3,1,197804.00,0.0000,0.0000,199000.0,0.0,1.000,1048576.0,0.000,0,0,1048576,1,1,0,0,1,1
3,final_left_i32,i32,262144,glibc_t1,FIXED_TWIN,7,0,1,163410.00,0.0000,0.0000,165000.0,0.0,1.000,1048576.0,0.000,0,0,1048576,1,0,1,0,1,1
3,final_left_i32,i32,262144,glibc_t1,P5,7,1,1,242239.00,0.0000,0.0000,244000.0,0.0,2.000,2097152.0,0.000,0,0,2097152,2,0,0,0,1,1
3,final_left_i32,i32,262144,glibc_t1,P6,7,2,1,185966.00,0.0000,0.0000,189000.0,0.0,1.000,1048576.0,0.000,0,0,1048576,1,1,0,0,1,1
3,final_left_i32,i32,262144,glibc_t1,P7,7,3,1,159111.00,0.0000,0.0000,160000.0,0.0,1.000,1048576.0,0.000,0,0,1048576,1,0,1,0,1,1
3,final_left_i32,i32,262144,glibc_t1,P5,8,0,1,227085.00,0.0000,0.0000,228000.0,0.0,2.000,2097152.0,0.000,0,0,2097152,2,0,0,0,1,1
3,final_left_i32,i32,262144,glibc_t1,P6,8,1,1,183916.00,0.0000,0.0000,185000.0,0.0,1.000,1048576.0,0.000,0,0,1048576,1,1,0,0,1,1
3,final_left_i32,i32,262144,glibc_t1,P7,8,2,1,152454.00,0.0000,0.0000,154000.0,0.0,1.000,1048576.0,0.000,0,0,1048576,1,0,1,0,1,1
3,final_left_i32,i32,262144,glibc_t1,FIXED_TWIN,8,3,1,152479.00,0.0000,0.0000,153000.0,0.0,1.000,1048576.0,0.000,0,0,1048576,1,0,1,0,1,1
3,final_left_i32,i32,262144,glibc_t1,P6,9,0,1,200287.00,0.0000,0.0000,202000.0,0.0,1.000,1048576.0,0.000,0,0,1048576,1,1,0,0,1,1
3,final_left_i32,i32,262144,glibc_t1,P7,9,1,1,152519.00,0.0000,0.0000,154000.0,0.0,1.000,1048576.0,0.000,0,0,1048576,1,0,1,0,1,1
3,final_left_i32,i32,262144,glibc_t1,FIXED_TWIN,9,2,1,158411.00,0.0000,0.0000,159000.0,0.0,1.000,1048576.0,0.000,0,0,1048576,1,0,1,0,1,1
3,final_left_i32,i32,262144,glibc_t1,P5,9,3,1,222169.00,0.0000,0.0000,224000.0,0.0,2.000,2097152.0,0.000,0,0,2097152,2,0,0,0,1,1
3,final_left_i32,i32,262144,glibc_t1,P7,10,0,1,158573.00,0.0000,0.0000,160000.0,0.0,1.000,1048576.0,0.000,0,0,1048576,1,0,1,0,1,1
3,final_left_i32,i32,262144,glibc_t1,FIXED_TWIN,10,1,1,156976.00,0.0000,0.0000,158000.0,0.0,1.000,1048576.0,0.000,0,0,1048576,1,0,1,0,1,1
3,final_left_i32,i32,262144,glibc_t1,P5,10,2,1,252472.00,0.0000,0.0000,254000.0,0.0,2.000,2097152.0,0.000,0,0,2097152,2,0,0,0,1,1
3,final_left_i32,i32,262144,glibc_t1,P6,10,3,1,177766.00,0.0000,0.0000,179000.0,0.0,1.000,1048576.0,0.000,0,0,1048576,1,1,0,0,1,1
3,final_left_i32,i32,262144,glibc_t1,FIXED_TWIN,11,0,1,152498.00,0.0000,0.0000,153000.0,0.0,1.000,1048576.0,0.000,0,0,1048576,1,0,1,0,1,1
3,final_left_i32,i32,262144,glibc_t1,P5,11,1,1,238900.00,0.0000,0.0000,240000.0,0.0,2.000,2097152.0,0.000,0,0,2097152,2,0,0,0,1,1
3,final_left_i32,i32,262144,glibc_t1,P6,11,2,1,177904.00,0.0000,0.0000,179000.0,0.0,1.000,1048576.0,0.000,0,0,1048576,1,1,0,0,1,1
3,final_left_i32,i32,262144,glibc_t1,P7,11,3,1,152720.00,0.0000,0.0000,154000.0,0.0,1.000,1048576.0,0.000,0,0,1048576,1,0,1,0,1,1
3,final_left_i32,i32,262144,glibc_t1,P5,12,0,1,222157.00,0.0000,0.0000,224000.0,0.0,2.000,2097152.0,0.000,0,0,2097152,2,0,0,0,1,1
3,final_left_i32,i32,262144,glibc_t1,P6,12,1,1,196348.00,0.0000,0.0000,197000.0,0.0,1.000,1048576.0,0.000,0,0,1048576,1,1,0,0,1,1
3,final_left_i32,i32,262144,glibc_t1,P7,12,2,1,152542.00,0.0000,0.0000,154000.0,0.0,1.000,1048576.0,0.000,0,0,1048576,1,0,1,0,1,1
3,final_left_i32,i32,262144,glibc_t1,FIXED_TWIN,12,3,1,176470.00,0.0000,0.0000,178000.0,0.0,1.000,1048576.0,0.000,0,0,1048576,1,0,1,0,1,1
3,final_left_i32,i32,262144,glibc_t1,P6,13,0,1,196105.00,0.0000,0.0000,197000.0,0.0,1.000,1048576.0,0.000,0,0,1048576,1,1,0,0,1,1
3,final_left_i32,i32,262144,glibc_t1,P7,13,1,1,152593.00,0.0000,0.0000,154000.0,0.0,1.000,1048576.0,0.000,0,0,1048576,1,0,1,0,1,1
3,final_left_i32,i32,262144,glibc_t1,FIXED_TWIN,13,2,1,152581.00,0.0000,0.0000,154000.0,0.0,1.000,1048576.0,0.000,0,0,1048576,1,0,1,0,1,1
3,final_left_i32,i32,262144,glibc_t1,P5,13,3,1,222238.00,0.0000,0.0000,224000.0,0.0,2.000,2097152.0,0.000,0,0,2097152,2,0,0,0,1,1
3,final_left_i32,i32,262144,glibc_t1,P7,14,0,1,159192.00,0.0000,0.0000,161000.0,0.0,1.000,1048576.0,0.000,0,0,1048576,1,0,1,0,1,1
3,final_left_i32,i32,262144,glibc_t1,FIXED_TWIN,14,1,1,152916.00,0.0000,0.0000,154000.0,0.0,1.000,1048576.0,0.000,0,0,1048576,1,0,1,0,1,1
3,final_left_i32,i32,262144,glibc_t1,P5,14,2,1,229010.00,0.0000,0.0000,230000.0,0.0,2.000,2097152.0,0.000,0,0,2097152,2,0,0,0,1,1
3,final_left_i32,i32,262144,glibc_t1,P6,14,3,1,177726.00,0.0000,0.0000,179000.0,0.0,1.000,1048576.0,0.000,0,0,1048576,1,1,0,0,1,1
3,final_left_i32,i32,1048576,glibc_t1,P5,0,0,1,972284.00,0.0000,0.0000,976000.0,0.0,2.000,8388608.0,0.000,0,0,8388608,2,0,0,0,1,1
3,final_left_i32,i32,1048576,glibc_t1,P6,0,1,1,811245.00,0.0000,0.0000,815000.0,0.0,1.000,4194304.0,0.000,0,0,4194304,1,1,0,0,1,1
3,final_left_i32,i32,1048576,glibc_t1,P7,0,2,1,617509.00,0.0000,0.0000,620000.0,0.0,1.000,4194304.0,0.000,0,0,4194304,1,0,1,0,1,1
3,final_left_i32,i32,1048576,glibc_t1,FIXED_TWIN,0,3,1,641763.00,0.0000,0.0000,645000.0,0.0,1.000,4194304.0,0.000,0,0,4194304,1,0,1,0,1,1
3,final_left_i32,i32,1048576,glibc_t1,P6,1,0,1,858507.00,0.0000,0.0000,861000.0,0.0,1.000,4194304.0,0.000,0,0,4194304,1,1,0,0,1,1
3,final_left_i32,i32,1048576,glibc_t1,P7,1,1,1,632263.00,0.0000,0.0000,635000.0,0.0,1.000,4194304.0,0.000,0,0,4194304,1,0,1,0,1,1
3,final_left_i32,i32,1048576,glibc_t1,FIXED_TWIN,1,2,1,644203.00,0.0000,0.0000,647000.0,0.0,1.000,4194304.0,0.000,0,0,4194304,1,0,1,0,1,1
3,final_left_i32,i32,1048576,glibc_t1,P5,1,3,1,1001151.00,0.0000,0.0000,1006000.0,0.0,2.000,8388608.0,0.000,0,0,8388608,2,0,0,0,1,1
3,final_left_i32,i32,1048576,glibc_t1,P7,2,0,1,652597.00,0.0000,0.0000,656000.0,0.0,1.000,4194304.0,0.000,0,0,4194304,1,0,1,0,1,1
3,final_left_i32,i32,1048576,glibc_t1,FIXED_TWIN,2,1,1,642576.00,0.0000,0.0000,645000.0,0.0,1.000,4194304.0,0.000,0,0,4194304,1,0,1,0,1,1
3,final_left_i32,i32,1048576,glibc_t1,P5,2,2,1,970083.00,0.0000,0.0000,980000.0,0.0,2.000,8388608.0,0.000,0,0,8388608,2,0,0,0,1,1
3,final_left_i32,i32,1048576,glibc_t1,P6,2,3,1,823062.00,0.0000,0.0000,826000.0,0.0,1.000,4194304.0,0.000,0,0,4194304,1,1,0,0,1,1
3,final_left_i32,i32,1048576,glibc_t1,FIXED_TWIN,3,0,1,661159.00,0.0000,0.0000,665000.0,0.0,1.000,4194304.0,0.000,0,0,4194304,1,0,1,0,1,1
3,final_left_i32,i32,1048576,glibc_t1,P5,3,1,1,966862.00,0.0000,0.0000,970000.0,0.0,2.000,8388608.0,0.000,0,0,8388608,2,0,0,0,1,1
3,final_left_i32,i32,1048576,glibc_t1,P6,3,2,1,820598.00,0.0000,0.0000,824000.0,0.0,1.000,4194304.0,0.000,0,0,4194304,1,1,0,0,1,1
3,final_left_i32,i32,1048576,glibc_t1,P7,3,3,1,652349.00,0.0000,0.0000,655000.0,0.0,1.000,4194304.0,0.000,0,0,4194304,1,0,1,0,1,1
3,final_left_i32,i32,1048576,glibc_t1,P5,4,0,1,987520.00,0.0000,0.0000,990000.0,0.0,2.000,8388608.0,0.000,0,0,8388608,2,0,0,0,1,1
3,final_left_i32,i32,1048576,glibc_t1,P6,4,1,1,826306.00,0.0000,0.0000,829000.0,0.0,1.000,4194304.0,0.000,0,0,4194304,1,1,0,0,1,1
3,final_left_i32,i32,1048576,glibc_t1,P7,4,2,1,633887.00,0.0000,0.0000,637000.0,0.0,1.000,4194304.0,0.000,0,0,4194304,1,0,1,0,1,1
3,final_left_i32,i32,1048576,glibc_t1,FIXED_TWIN,4,3,1,646917.00,0.0000,0.0000,649000.0,0.0,1.000,4194304.0,0.000,0,0,4194304,1,0,1,0,1,1
3,final_left_i32,i32,1048576,glibc_t1,P6,5,0,1,850033.00,0.0000,0.0000,854000.0,0.0,1.000,4194304.0,0.000,0,0,4194304,1,1,0,0,1,1
3,final_left_i32,i32,1048576,glibc_t1,P7,5,1,1,672432.00,0.0000,0.0000,675000.0,0.0,1.000,4194304.0,0.000,0,0,4194304,1,0,1,0,1,1
3,final_left_i32,i32,1048576,glibc_t1,FIXED_TWIN,5,2,1,663250.00,0.0000,0.0000,666000.0,0.0,1.000,4194304.0,0.000,0,0,4194304,1,0,1,0,1,1
3,final_left_i32,i32,1048576,glibc_t1,P5,5,3,1,1024875.00,0.0000,0.0000,1028000.0,0.0,2.000,8388608.0,0.000,0,0,8388608,2,0,0,0,1,1
3,final_left_i32,i32,1048576,glibc_t1,P7,6,0,1,625588.00,0.0000,0.0000,629000.0,0.0,1.000,4194304.0,0.000,0,0,4194304,1,0,1,0,1,1
3,final_left_i32,i32,1048576,glibc_t1,FIXED_TWIN,6,1,1,644180.00,0.0000,0.0000,647000.0,0.0,1.000,4194304.0,0.000,0,0,4194304,1,0,1,0,1,1
3,final_left_i32,i32,1048576,glibc_t1,P5,6,2,1,960130.00,0.0000,0.0000,963000.0,0.0,2.000,8388608.0,0.000,0,0,8388608,2,0,0,0,1,1
3,final_left_i32,i32,1048576,glibc_t1,P6,6,3,1,821253.00,0.0000,0.0000,825000.0,0.0,1.000,4194304.0,0.000,0,0,4194304,1,1,0,0,1,1
3,final_left_i32,i32,1048576,glibc_t1,FIXED_TWIN,7,0,1,644449.00,0.0000,0.0000,647000.0,0.0,1.000,4194304.0,0.000,0,0,4194304,1,0,1,0,1,1
3,final_left_i32,i32,1048576,glibc_t1,P5,7,1,1,957269.00,0.0000,0.0000,960000.0,0.0,2.000,8388608.0,0.000,0,0,8388608,2,0,0,0,1,1
3,final_left_i32,i32,1048576,glibc_t1,P6,7,2,1,818946.00,0.0000,0.0000,822000.0,0.0,1.000,4194304.0,0.000,0,0,4194304,1,1,0,0,1,1
3,final_left_i32,i32,1048576,glibc_t1,P7,7,3,1,648283.00,0.0000,0.0000,652000.0,0.0,1.000,4194304.0,0.000,0,0,4194304,1,0,1,0,1,1
3,final_left_i32,i32,1048576,glibc_t1,P5,8,0,1,980165.00,0.0000,0.0000,983000.0,0.0,2.000,8388608.0,0.000,0,0,8388608,2,0,0,0,1,1
3,final_left_i32,i32,1048576,glibc_t1,P6,8,1,1,824093.00,0.0000,0.0000,827000.0,0.0,1.000,4194304.0,0.000,0,0,4194304,1,1,0,0,1,1
3,final_left_i32,i32,1048576,glibc_t1,P7,8,2,1,779553.00,0.0000,0.0000,783000.0,0.0,1.000,4194304.0,0.000,0,0,4194304,1,0,1,0,1,1
3,final_left_i32,i32,1048576,glibc_t1,FIXED_TWIN,8,3,1,626484.00,0.0000,0.0000,630000.0,0.0,1.000,4194304.0,0.000,0,0,4194304,1,0,1,0,1,1
3,final_left_i32,i32,1048576,glibc_t1,P6,9,0,1,822643.00,0.0000,0.0000,826000.0,0.0,1.000,4194304.0,0.000,0,0,4194304,1,1,0,0,1,1
3,final_left_i32,i32,1048576,glibc_t1,P7,9,1,1,640469.00,0.0000,0.0000,644000.0,0.0,1.000,4194304.0,0.000,0,0,4194304,1,0,1,0,1,1
3,final_left_i32,i32,1048576,glibc_t1,FIXED_TWIN,9,2,1,651497.00,0.0000,0.0000,654000.0,0.0,1.000,4194304.0,0.000,0,0,4194304,1,0,1,0,1,1
3,final_left_i32,i32,1048576,glibc_t1,P5,9,3,1,972323.00,0.0000,0.0000,976000.0,0.0,2.000,8388608.0,0.000,0,0,8388608,2,0,0,0,1,1
3,final_left_i32,i32,1048576,glibc_t1,P7,10,0,1,648868.00,0.0000,0.0000,651000.0,0.0,1.000,4194304.0,0.000,0,0,4194304,1,0,1,0,1,1
3,final_left_i32,i32,1048576,glibc_t1,FIXED_TWIN,10,1,1,637851.00,0.0000,0.0000,641000.0,0.0,1.000,4194304.0,0.000,0,0,4194304,1,0,1,0,1,1
3,final_left_i32,i32,1048576,glibc_t1,P5,10,2,1,958681.00,0.0000,0.0000,962000.0,0.0,2.000,8388608.0,0.000,0,0,8388608,2,0,0,0,1,1
3,final_left_i32,i32,1048576,glibc_t1,P6,10,3,1,846831.00,0.0000,0.0000,851000.0,0.0,1.000,4194304.0,0.000,0,0,4194304,1,1,0,0,1,1
3,final_left_i32,i32,1048576,glibc_t1,FIXED_TWIN,11,0,1,652434.00,0.0000,0.0000,657000.0,0.0,1.000,4194304.0,0.000,0,0,4194304,1,0,1,0,1,1
3,final_left_i32,i32,1048576,glibc_t1,P5,11,1,1,946563.00,0.0000,0.0000,950000.0,0.0,2.000,8388608.0,0.000,0,0,8388608,2,0,0,0,1,1
3,final_left_i32,i32,1048576,glibc_t1,P6,11,2,1,801415.00,0.0000,0.0000,805000.0,0.0,1.000,4194304.0,0.000,0,0,4194304,1,1,0,0,1,1
3,final_left_i32,i32,1048576,glibc_t1,P7,11,3,1,630297.00,0.0000,0.0000,633000.0,0.0,1.000,4194304.0,0.000,0,0,4194304,1,0,1,0,1,1
3,final_left_i32,i32,1048576,glibc_t1,P5,12,0,1,947130.00,0.0000,0.0000,949000.0,0.0,2.000,8388608.0,0.000,0,0,8388608,2,0,0,0,1,1
3,final_left_i32,i32,1048576,glibc_t1,P6,12,1,1,801332.00,0.0000,0.0000,804000.0,0.0,1.000,4194304.0,0.000,0,0,4194304,1,1,0,0,1,1
3,final_left_i32,i32,1048576,glibc_t1,P7,12,2,1,621848.00,0.0000,0.0000,625000.0,0.0,1.000,4194304.0,0.000,0,0,4194304,1,0,1,0,1,1
3,final_left_i32,i32,1048576,glibc_t1,FIXED_TWIN,12,3,1,624272.00,0.0000,0.0000,627000.0,0.0,1.000,4194304.0,0.000,0,0,4194304,1,0,1,0,1,1
3,final_left_i32,i32,1048576,glibc_t1,P6,13,0,1,827731.00,0.0000,0.0000,831000.0,0.0,1.000,4194304.0,0.000,0,0,4194304,1,1,0,0,1,1
3,final_left_i32,i32,1048576,glibc_t1,P7,13,1,1,662736.00,0.0000,0.0000,665000.0,0.0,1.000,4194304.0,0.000,0,0,4194304,1,0,1,0,1,1
3,final_left_i32,i32,1048576,glibc_t1,FIXED_TWIN,13,2,1,633020.00,0.0000,0.0000,636000.0,0.0,1.000,4194304.0,0.000,0,0,4194304,1,0,1,0,1,1
3,final_left_i32,i32,1048576,glibc_t1,P5,13,3,1,975272.00,0.0000,0.0000,978000.0,0.0,2.000,8388608.0,0.000,0,0,8388608,2,0,0,0,1,1
3,final_left_i32,i32,1048576,glibc_t1,P7,14,0,1,645030.00,0.0000,0.0000,648000.0,0.0,1.000,4194304.0,0.000,0,0,4194304,1,0,1,0,1,1
3,final_left_i32,i32,1048576,glibc_t1,FIXED_TWIN,14,1,1,640852.00,0.0000,0.0000,643000.0,0.0,1.000,4194304.0,0.000,0,0,4194304,1,0,1,0,1,1
3,final_left_i32,i32,1048576,glibc_t1,P5,14,2,1,944098.00,0.0000,0.0000,947000.0,0.0,2.000,8388608.0,0.000,0,0,8388608,2,0,0,0,1,1
3,final_left_i32,i32,1048576,glibc_t1,P6,14,3,1,803449.00,0.0000,0.0000,807000.0,0.0,1.000,4194304.0,0.000,0,0,4194304,1,1,0,0,1,1
3,final_left_i32,i32,4194304,glibc_t1,P5,0,0,1,4063106.00,0.0000,0.0000,4068000.0,0.0,2.000,33554432.0,0.000,0,0,33554432,2,0,0,0,1,1
3,final_left_i32,i32,4194304,glibc_t1,P6,0,1,1,3271125.00,0.0000,0.0000,3274000.0,0.0,1.000,16777216.0,0.000,0,0,16777216,1,1,0,0,1,1
3,final_left_i32,i32,4194304,glibc_t1,P7,0,2,1,3347367.00,0.0000,0.0000,3356000.0,0.0,1.000,16777216.0,0.000,0,0,16777216,1,0,1,0,1,1
3,final_left_i32,i32,4194304,glibc_t1,FIXED_TWIN,0,3,1,2889324.00,0.0000,0.0000,2895000.0,0.0,1.000,16777216.0,0.000,0,0,16777216,1,0,1,0,1,1
3,final_left_i32,i32,4194304,glibc_t1,P6,1,0,1,3285367.00,0.0000,0.0000,3289000.0,0.0,1.000,16777216.0,0.000,0,0,16777216,1,1,0,0,1,1
3,final_left_i32,i32,4194304,glibc_t1,P7,1,1,1,2700139.00,0.0000,0.0000,2704000.0,0.0,1.000,16777216.0,0.000,0,0,16777216,1,0,1,0,1,1
3,final_left_i32,i32,4194304,glibc_t1,FIXED_TWIN,1,2,1,2671269.00,0.0000,0.0000,2675000.0,0.0,1.000,16777216.0,0.000,0,0,16777216,1,0,1,0,1,1
3,final_left_i32,i32,4194304,glibc_t1,P5,1,3,1,5187029.00,0.0000,0.0000,5191000.0,0.0,2.000,33554432.0,0.000,0,0,33554432,2,0,0,0,1,1
3,final_left_i32,i32,4194304,glibc_t1,P7,2,0,1,2670660.00,0.0000,0.0000,2673000.0,0.0,1.000,16777216.0,0.000,0,0,16777216,1,0,1,0,1,1
3,final_left_i32,i32,4194304,glibc_t1,FIXED_TWIN,2,1,1,2640011.00,0.0000,0.0000,2644000.0,0.0,1.000,16777216.0,0.000,0,0,16777216,1,0,1,0,1,1
3,final_left_i32,i32,4194304,glibc_t1,P5,2,2,1,4405758.00,0.0000,0.0000,4409000.0,0.0,2.000,33554432.0,0.000,0,0,33554432,2,0,0,0,1,1
3,final_left_i32,i32,4194304,glibc_t1,P6,2,3,1,3396636.00,0.0000,0.0000,3400000.0,0.0,1.000,16777216.0,0.000,0,0,16777216,1,1,0,0,1,1
3,final_left_i32,i32,4194304,glibc_t1,FIXED_TWIN,3,0,1,2597177.00,0.0000,0.0000,2600000.0,0.0,1.000,16777216.0,0.000,0,0,16777216,1,0,1,0,1,1
3,final_left_i32,i32,4194304,glibc_t1,P5,3,1,1,4438380.00,0.0000,0.0000,4442000.0,0.0,2.000,33554432.0,0.000,0,0,33554432,2,0,0,0,1,1
3,final_left_i32,i32,4194304,glibc_t1,P6,3,2,1,3382558.00,0.0000,0.0000,3386000.0,0.0,1.000,16777216.0,0.000,0,0,16777216,1,1,0,0,1,1
3,final_left_i32,i32,4194304,glibc_t1,P7,3,3,1,2612878.00,0.0000,0.0000,2592000.0,24000.0,1.000,16777216.0,0.000,0,0,16777216,1,0,1,0,1,1
3,final_left_i32,i32,4194304,glibc_t1,P5,4,0,1,4338174.00,0.0000,0.0000,4342000.0,0.0,2.000,33554432.0,0.000,0,0,33554432,2,0,0,0,1,1
3,final_left_i32,i32,4194304,glibc_t1,P6,4,1,1,3500072.00,0.0000,0.0000,3505000.0,0.0,1.000,16777216.0,0.000,0,0,16777216,1,1,0,0,1,1
3,final_left_i32,i32,4194304,glibc_t1,P7,4,2,1,2638547.00,0.0000,0.0000,2642000.0,0.0,1.000,16777216.0,0.000,0,0,16777216,1,0,1,0,1,1
3,final_left_i32,i32,4194304,glibc_t1,FIXED_TWIN,4,3,1,2610641.00,0.0000,0.0000,2614000.0,0.0,1.000,16777216.0,0.000,0,0,16777216,1,0,1,0,1,1
3,final_left_i32,i32,4194304,glibc_t1,P6,5,0,1,3368739.00,0.0000,0.0000,3372000.0,0.0,1.000,16777216.0,0.000,0,0,16777216,1,1,0,0,1,1
3,final_left_i32,i32,4194304,glibc_t1,P7,5,1,1,2686403.00,0.0000,0.0000,2690000.0,0.0,1.000,16777216.0,0.000,0,0,16777216,1,0,1,0,1,1
3,final_left_i32,i32,4194304,glibc_t1,FIXED_TWIN,5,2,1,2702184.00,0.0000,0.0000,2706000.0,0.0,1.000,16777216.0,0.000,0,0,16777216,1,0,1,0,1,1
3,final_left_i32,i32,4194304,glibc_t1,P5,5,3,1,5444821.00,0.0000,0.0000,5442000.0,0.0,2.000,33554432.0,0.000,0,0,33554432,2,0,0,0,1,1
3,final_left_i32,i32,4194304,glibc_t1,P7,6,0,1,2918077.00,0.0000,0.0000,2759000.0,0.0,1.000,16777216.0,0.000,0,0,16777216,1,0,1,0,1,1
3,final_left_i32,i32,4194304,glibc_t1,FIXED_TWIN,6,1,1,2646731.00,0.0000,0.0000,2650000.0,0.0,1.000,16777216.0,0.000,0,0,16777216,1,0,1,0,1,1
3,final_left_i32,i32,4194304,glibc_t1,P5,6,2,1,5148866.00,0.0000,0.0000,5153000.0,0.0,2.000,33554432.0,0.000,0,0,33554432,2,0,0,0,1,1
3,final_left_i32,i32,4194304,glibc_t1,P6,6,3,1,3439860.00,0.0000,0.0000,3443000.0,0.0,1.000,16777216.0,0.000,0,0,16777216,1,1,0,0,1,1
3,final_left_i32,i32,4194304,glibc_t1,FIXED_TWIN,7,0,1,2630875.00,0.0000,0.0000,2634000.0,0.0,1.000,16777216.0,0.000,0,0,16777216,1,0,1,0,1,1
3,final_left_i32,i32,4194304,glibc_t1,P5,7,1,1,4672460.00,0.0000,0.0000,4676000.0,0.0,2.000,33554432.0,0.000,0,0,33554432,2,0,0,0,1,1
3,final_left_i32,i32,4194304,glibc_t1,P6,7,2,1,3352780.00,0.0000,0.0000,3356000.0,0.0,1.000,16777216.0,0.000,0,0,16777216,1,1,0,0,1,1
3,final_left_i32,i32,4194304,glibc_t1,P7,7,3,1,2695300.00,0.0000,0.0000,2698000.0,0.0,1.000,16777216.0,0.000,0,0,16777216,1,0,1,0,1,1
3,final_left_i32,i32,4194304,glibc_t1,P5,8,0,1,4601357.00,0.0000,0.0000,4606000.0,0.0,2.000,33554432.0,0.000,0,0,33554432,2,0,0,0,1,1
3,final_left_i32,i32,4194304,glibc_t1,P6,8,1,1,3333412.00,0.0000,0.0000,3338000.0,0.0,1.000,16777216.0,0.000,0,0,16777216,1,1,0,0,1,1
3,final_left_i32,i32,4194304,glibc_t1,P7,8,2,1,2627506.00,0.0000,0.0000,2631000.0,0.0,1.000,16777216.0,0.000,0,0,16777216,1,0,1,0,1,1
3,final_left_i32,i32,4194304,glibc_t1,FIXED_TWIN,8,3,1,2633043.00,0.0000,0.0000,2637000.0,0.0,1.000,16777216.0,0.000,0,0,16777216,1,0,1,0,1,1
3,final_left_i32,i32,4194304,glibc_t1,P6,9,0,1,3355740.00,0.0000,0.0000,3359000.0,0.0,1.000,16777216.0,0.000,0,0,16777216,1,1,0,0,1,1
3,final_left_i32,i32,4194304,glibc_t1,P7,9,1,1,2635702.00,0.0000,0.0000,2640000.0,0.0,1.000,16777216.0,0.000,0,0,16777216,1,0,1,0,1,1
3,final_left_i32,i32,4194304,glibc_t1,FIXED_TWIN,9,2,1,2756027.00,0.0000,0.0000,2760000.0,0.0,1.000,16777216.0,0.000,0,0,16777216,1,0,1,0,1,1
3,final_left_i32,i32,4194304,glibc_t1,P5,9,3,1,5489551.00,0.0000,0.0000,5494000.0,0.0,2.000,33554432.0,0.000,0,0,33554432,2,0,0,0,1,1
3,final_left_i32,i32,4194304,glibc_t1,P7,10,0,1,2748975.00,0.0000,0.0000,2752000.0,0.0,1.000,16777216.0,0.000,0,0,16777216,1,0,1,0,1,1
3,final_left_i32,i32,4194304,glibc_t1,FIXED_TWIN,10,1,1,2623383.00,0.0000,0.0000,2627000.0,0.0,1.000,16777216.0,0.000,0,0,16777216,1,0,1,0,1,1
3,final_left_i32,i32,4194304,glibc_t1,P5,10,2,1,4465485.00,0.0000,0.0000,4470000.0,0.0,2.000,33554432.0,0.000,0,0,33554432,2,0,0,0,1,1
3,final_left_i32,i32,4194304,glibc_t1,P6,10,3,1,3366221.00,0.0000,0.0000,3370000.0,0.0,1.000,16777216.0,0.000,0,0,16777216,1,1,0,0,1,1
3,final_left_i32,i32,4194304,glibc_t1,FIXED_TWIN,11,0,1,2651674.00,0.0000,0.0000,2656000.0,0.0,1.000,16777216.0,0.000,0,0,16777216,1,0,1,0,1,1
3,final_left_i32,i32,4194304,glibc_t1,P5,11,1,1,4354088.00,0.0000,0.0000,4359000.0,0.0,2.000,33554432.0,0.000,0,0,33554432,2,0,0,0,1,1
3,final_left_i32,i32,4194304,glibc_t1,P6,11,2,1,3319424.00,0.0000,0.0000,3323000.0,0.0,1.000,16777216.0,0.000,0,0,16777216,1,1,0,0,1,1
3,final_left_i32,i32,4194304,glibc_t1,P7,11,3,1,2636504.00,0.0000,0.0000,2640000.0,0.0,1.000,16777216.0,0.000,0,0,16777216,1,0,1,0,1,1
3,final_left_i32,i32,4194304,glibc_t1,P5,12,0,1,4224142.00,0.0000,0.0000,4227000.0,0.0,2.000,33554432.0,0.000,0,0,33554432,2,0,0,0,1,1
3,final_left_i32,i32,4194304,glibc_t1,P6,12,1,1,3392259.00,0.0000,0.0000,3396000.0,0.0,1.000,16777216.0,0.000,0,0,16777216,1,1,0,0,1,1
3,final_left_i32,i32,4194304,glibc_t1,P7,12,2,1,2577387.00,0.0000,0.0000,2581000.0,0.0,1.000,16777216.0,0.000,0,0,16777216,1,0,1,0,1,1
3,final_left_i32,i32,4194304,glibc_t1,FIXED_TWIN,12,3,1,2656351.00,0.0000,0.0000,2660000.0,0.0,1.000,16777216.0,0.000,0,0,16777216,1,0,1,0,1,1
3,final_left_i32,i32,4194304,glibc_t1,P6,13,0,1,3473658.00,0.0000,0.0000,3477000.0,0.0,1.000,16777216.0,0.000,0,0,16777216,1,1,0,0,1,1
3,final_left_i32,i32,4194304,glibc_t1,P7,13,1,1,2637668.00,0.0000,0.0000,2642000.0,0.0,1.000,16777216.0,0.000,0,0,16777216,1,0,1,0,1,1
3,final_left_i32,i32,4194304,glibc_t1,FIXED_TWIN,13,2,1,2651482.00,0.0000,0.0000,2655000.0,0.0,1.000,16777216.0,0.000,0,0,16777216,1,0,1,0,1,1
3,final_left_i32,i32,4194304,glibc_t1,P5,13,3,1,5602609.00,0.0000,0.0000,5607000.0,0.0,2.000,33554432.0,0.000,0,0,33554432,2,0,0,0,1,1
3,final_left_i32,i32,4194304,glibc_t1,P7,14,0,1,2802687.00,0.0000,0.0000,2807000.0,0.0,1.000,16777216.0,0.000,0,0,16777216,1,0,1,0,1,1
3,final_left_i32,i32,4194304,glibc_t1,FIXED_TWIN,14,1,1,2622460.00,0.0000,0.0000,2626000.0,0.0,1.000,16777216.0,0.000,0,0,16777216,1,0,1,0,1,1
3,final_left_i32,i32,4194304,glibc_t1,P5,14,2,1,4866866.00,0.0000,0.0000,4870000.0,0.0,2.000,33554432.0,0.000,0,0,33554432,2,0,0,0,1,1
3,final_left_i32,i32,4194304,glibc_t1,P6,14,3,1,3579177.00,0.0000,0.0000,3583000.0,0.0,1.000,16777216.0,0.000,0,0,16777216,1,1,0,0,1,1
3,final_left_i32,i32,16777216,glibc_t1,P5,0,0,1,78565728.00,32770.0000,0.0000,23304000.0,55268000.0,2.000,134217728.0,0.000,0,0,134217728,2,0,0,0,1,1
3,final_left_i32,i32,16777216,glibc_t1,P6,0,1,1,49767654.00,16385.0000,0.0000,30911000.0,18863000.0,1.000,67108864.0,0.000,0,0,67108864,1,1,0,0,1,1
3,final_left_i32,i32,16777216,glibc_t1,P7,0,2,1,42999801.00,16385.0000,0.0000,15515000.0,27491000.0,1.000,67108864.0,0.000,0,0,67108864,1,0,1,0,1,1
3,final_left_i32,i32,16777216,glibc_t1,FIXED_TWIN,0,3,1,42645396.00,16385.0000,0.0000,21285000.0,21343000.0,1.000,67108864.0,0.000,0,0,67108864,1,0,1,0,1,1
3,final_left_i32,i32,16777216,glibc_t1,P6,1,0,1,50104207.00,16385.0000,0.0000,33031000.0,17080000.0,1.000,67108864.0,0.000,0,0,67108864,1,1,0,0,1,1
3,final_left_i32,i32,16777216,glibc_t1,P7,1,1,1,42238405.00,16385.0000,0.0000,21097000.0,21146000.0,1.000,67108864.0,0.000,0,0,67108864,1,0,1,0,1,1
3,final_left_i32,i32,16777216,glibc_t1,FIXED_TWIN,1,2,1,42578560.00,16385.0000,0.0000,23307000.0,19277000.0,1.000,67108864.0,0.000,0,0,67108864,1,0,1,0,1,1
3,final_left_i32,i32,16777216,glibc_t1,P5,1,3,1,82999119.00,32770.0000,0.0000,31515000.0,51491000.0,2.000,134217728.0,0.000,0,0,134217728,2,0,0,0,1,1
3,final_left_i32,i32,16777216,glibc_t1,P7,2,0,1,44542226.00,16385.0000,0.0000,16268000.0,28280000.0,1.000,67108864.0,0.000,0,0,67108864,1,0,1,0,1,1
3,final_left_i32,i32,16777216,glibc_t1,FIXED_TWIN,2,1,1,44069492.00,16385.0000,0.0000,24007000.0,20009000.0,1.000,67108864.0,0.000,0,0,67108864,1,0,1,0,1,1
3,final_left_i32,i32,16777216,glibc_t1,P5,2,2,1,82620550.00,32770.0000,0.0000,33284000.0,49295000.0,2.000,134217728.0,0.000,0,0,134217728,2,0,0,0,1,1
3,final_left_i32,i32,16777216,glibc_t1,P6,2,3,1,50493885.00,16385.0000,0.0000,31266000.0,19234000.0,1.000,67108864.0,0.000,0,0,67108864,1,1,0,0,1,1
3,final_left_i32,i32,16777216,glibc_t1,FIXED_TWIN,3,0,1,43682371.00,16385.0000,0.0000,31846000.0,11842000.0,1.000,67108864.0,0.000,0,0,67108864,1,0,1,0,1,1
3,final_left_i32,i32,16777216,glibc_t1,P5,3,1,1,79356654.00,32770.0000,0.0000,27690000.0,51641000.0,2.000,134217728.0,0.000,0,0,134217728,2,0,0,0,1,1
3,final_left_i32,i32,16777216,glibc_t1,P6,3,2,1,49520870.00,16385.0000,0.0000,22752000.0,26734000.0,1.000,67108864.0,0.000,0,0,67108864,1,1,0,0,1,1
3,final_left_i32,i32,16777216,glibc_t1,P7,3,3,1,42712755.00,16385.0000,0.0000,13278000.0,29390000.0,1.000,67108864.0,0.000,0,0,67108864,1,0,1,0,1,1
3,final_left_i32,i32,16777216,glibc_t1,P5,4,0,1,80140125.00,32770.0000,0.0000,32030000.0,48073000.0,2.000,134217728.0,0.000,0,0,134217728,2,0,0,0,1,1
3,final_left_i32,i32,16777216,glibc_t1,P6,4,1,1,49664419.00,16385.0000,0.0000,34863000.0,14811000.0,1.000,67108864.0,0.000,0,0,67108864,1,1,0,0,1,1
3,final_left_i32,i32,16777216,glibc_t1,P7,4,2,1,43611652.00,16385.0000,0.0000,23803000.0,19804000.0,1.000,67108864.0,0.000,0,0,67108864,1,0,1,0,1,1
3,final_left_i32,i32,16777216,glibc_t1,FIXED_TWIN,4,3,1,42684453.00,16385.0000,0.0000,21276000.0,21376000.0,1.000,67108864.0,0.000,0,0,67108864,1,0,1,0,1,1
3,final_left_i32,i32,16777216,glibc_t1,P6,5,0,1,49775553.00,16385.0000,0.0000,30916000.0,18866000.0,1.000,67108864.0,0.000,0,0,67108864,1,1,0,0,1,1
3,final_left_i32,i32,16777216,glibc_t1,P7,5,1,1,42710668.00,16385.0000,0.0000,13328000.0,29389000.0,1.000,67108864.0,0.000,0,0,67108864,1,0,1,0,1,1
3,final_left_i32,i32,16777216,glibc_t1,FIXED_TWIN,5,2,1,43438680.00,16385.0000,0.0000,17681000.0,25762000.0,1.000,67108864.0,0.000,0,0,67108864,1,0,1,0,1,1
3,final_left_i32,i32,16777216,glibc_t1,P5,5,3,1,78136185.00,32770.0000,0.0000,21047000.0,57094000.0,2.000,134217728.0,0.000,0,0,134217728,2,0,0,0,1,1
3,final_left_i32,i32,16777216,glibc_t1,P7,6,0,1,41910307.00,16385.0000,0.0000,16900000.0,24980000.0,1.000,67108864.0,0.000,0,0,67108864,1,0,1,0,1,1
3,final_left_i32,i32,16777216,glibc_t1,FIXED_TWIN,6,1,1,43059571.00,16385.0000,0.0000,17496000.0,25568000.0,1.000,67108864.0,0.000,0,0,67108864,1,0,1,0,1,1
3,final_left_i32,i32,16777216,glibc_t1,P5,6,2,1,79392747.00,32770.0000,0.0000,37659000.0,41739000.0,2.000,134217728.0,0.000,0,0,134217728,2,0,0,0,1,1
3,final_left_i32,i32,16777216,glibc_t1,P6,6,3,1,49574741.00,16385.0000,0.0000,20772000.0,28809000.0,1.000,67108864.0,0.000,0,0,67108864,1,1,0,0,1,1
3,final_left_i32,i32,16777216,glibc_t1,FIXED_TWIN,7,0,1,42569129.00,16385.0000,0.0000,29255000.0,13320000.0,1.000,67108864.0,0.000,0,0,67108864,1,0,1,0,1,1
3,final_left_i32,i32,16777216,glibc_t1,P5,7,1,1,79370804.00,32770.0000,0.0000,11685000.0,67646000.0,2.000,134217728.0,0.000,0,0,134217728,2,0,0,0,1,1
3,final_left_i32,i32,16777216,glibc_t1,P6,7,2,1,50384565.00,16385.0000,0.0000,15218000.0,35176000.0,1.000,67108864.0,0.000,0,0,67108864,1,1,0,0,1,1
3,final_left_i32,i32,16777216,glibc_t1,P7,7,3,1,43545318.00,16385.0000,0.0000,9733000.0,33818000.0,1.000,67108864.0,0.000,0,0,67108864,1,0,1,0,1,1
3,final_left_i32,i32,16777216,glibc_t1,P5,8,0,1,80526440.00,32770.0000,0.0000,32260000.0,48272000.0,2.000,134217728.0,0.000,0,0,134217728,2,0,0,0,1,1
3,final_left_i32,i32,16777216,glibc_t1,P6,8,1,1,50686737.00,16385.0000,0.0000,25182000.0,25380000.0,1.000,67108864.0,0.000,0,0,67108864,1,1,0,0,1,1
3,final_left_i32,i32,16777216,glibc_t1,P7,8,2,1,43575613.00,16385.0000,0.0000,31794000.0,11787000.0,1.000,67108864.0,0.000,0,0,67108864,1,0,1,0,1,1
3,final_left_i32,i32,16777216,glibc_t1,FIXED_TWIN,8,3,1,42933875.00,16385.0000,0.0000,3486000.0,39455000.0,1.000,67108864.0,0.000,0,0,67108864,1,0,1,0,1,1
3,final_left_i32,i32,16777216,glibc_t1,P6,9,0,1,50501263.00,16385.0000,0.0000,23285000.0,27248000.0,1.000,67108864.0,0.000,0,0,67108864,1,1,0,0,1,1
3,final_left_i32,i32,16777216,glibc_t1,P7,9,1,1,43528985.00,16385.0000,0.0000,0.0,43519000.0,1.000,67108864.0,0.000,0,0,67108864,1,0,1,0,1,1
3,final_left_i32,i32,16777216,glibc_t1,FIXED_TWIN,9,2,1,43297835.00,16385.0000,0.0000,11663000.0,31643000.0,1.000,67108864.0,0.000,0,0,67108864,1,0,1,0,1,1
3,final_left_i32,i32,16777216,glibc_t1,P5,9,3,1,78960590.00,32770.0000,0.0000,11500000.0,67466000.0,2.000,134217728.0,0.000,0,0,134217728,2,0,0,0,1,1
3,final_left_i32,i32,16777216,glibc_t1,P7,10,0,1,43652537.00,16385.0000,0.0000,23833000.0,19785000.0,1.000,67108864.0,0.000,0,0,67108864,1,0,1,0,1,1
3,final_left_i32,i32,16777216,glibc_t1,FIXED_TWIN,10,1,1,43746462.00,16385.0000,0.0000,23878000.0,19873000.0,1.000,67108864.0,0.000,0,0,67108864,1,0,1,0,1,1
3,final_left_i32,i32,16777216,glibc_t1,P5,10,2,1,79873919.00,32770.0000,0.0000,27927000.0,51936000.0,2.000,134217728.0,0.000,0,0,134217728,2,0,0,0,1,1
3,final_left_i32,i32,16777216,glibc_t1,P6,10,3,1,53846968.00,16385.0000,0.0000,22956000.0,30886000.0,1.000,67108864.0,0.000,0,0,67108864,1,1,0,0,1,1
3,final_left_i32,i32,16777216,glibc_t1,FIXED_TWIN,11,0,1,43830133.00,16385.0000,0.0000,19914000.0,23910000.0,1.000,67108864.0,0.000,0,0,67108864,1,0,1,0,1,1
3,final_left_i32,i32,16777216,glibc_t1,P5,11,1,1,83507755.00,32770.0000,0.0000,27766000.0,55750000.0,2.000,134217728.0,0.000,0,0,134217728,2,0,0,0,1,1
3,final_left_i32,i32,16777216,glibc_t1,P6,11,2,1,53471061.00,16385.0000,0.0000,26773000.0,26502000.0,1.000,67108864.0,0.000,0,0,67108864,1,1,0,0,1,1
3,final_left_i32,i32,16777216,glibc_t1,P7,11,3,1,43342580.00,16385.0000,0.0000,11683000.0,31664000.0,1.000,67108864.0,0.000,0,0,67108864,1,0,1,0,1,1
3,final_left_i32,i32,16777216,glibc_t1,P5,12,0,1,80500419.00,32770.0000,0.0000,36143000.0,44260000.0,2.000,134217728.0,0.000,0,0,134217728,2,0,0,0,1,1
3,final_left_i32,i32,16777216,glibc_t1,P6,12,1,1,49265493.00,16385.0000,0.0000,24619000.0,24652000.0,1.000,67108864.0,0.000,0,0,67108864,1,1,0,0,1,1
3,final_left_i32,i32,16777216,glibc_t1,P7,12,2,1,43018988.00,16385.0000,0.0000,19525000.0,23499000.0,1.000,67108864.0,0.000,0,0,67108864,1,0,1,0,1,1
3,final_left_i32,i32,16777216,glibc_t1,FIXED_TWIN,12,3,1,42643228.00,16385.0000,0.0000,13290000.0,29358000.0,1.000,67108864.0,0.000,0,0,67108864,1,0,1,0,1,1
3,final_left_i32,i32,16777216,glibc_t1,P6,13,0,1,50032983.00,16385.0000,0.0000,15047000.0,34993000.0,1.000,67108864.0,0.000,0,0,67108864,1,1,0,0,1,1
3,final_left_i32,i32,16777216,glibc_t1,P7,13,1,1,42814975.00,16385.0000,0.0000,11427000.0,31393000.0,1.000,67108864.0,0.000,0,0,67108864,1,0,1,0,1,1
3,final_left_i32,i32,16777216,glibc_t1,FIXED_TWIN,13,2,1,42031201.00,16385.0000,0.0000,12992000.0,29045000.0,1.000,67108864.0,0.000,0,0,67108864,1,0,1,0,1,1
3,final_left_i32,i32,16777216,glibc_t1,P5,13,3,1,78762723.00,32770.0000,0.0000,27402000.0,51366000.0,2.000,134217728.0,0.000,0,0,134217728,2,0,0,0,1,1
3,final_left_i32,i32,16777216,glibc_t1,P7,14,0,1,42616439.00,16385.0000,0.0000,13276000.0,29346000.0,1.000,67108864.0,0.000,0,0,67108864,1,0,1,0,1,1
3,final_left_i32,i32,16777216,glibc_t1,FIXED_TWIN,14,1,1,43109457.00,16385.0000,0.0000,11571000.0,31544000.0,1.000,67108864.0,0.000,0,0,67108864,1,0,1,0,1,1
3,final_left_i32,i32,16777216,glibc_t1,P5,14,2,1,80682634.00,32770.0000,0.0000,28336000.0,52352000.0,2.000,134217728.0,0.000,0,0,134217728,2,0,0,0,1,1
3,final_left_i32,i32,16777216,glibc_t1,P6,14,3,1,51482280.00,16385.0000,0.0000,35750000.0,15738000.0,1.000,67108864.0,0.000,0,0,67108864,1,1,0,0,1,1
3,chain3_i32,i32,64,glibc_t1,P5,0,0,1000,405.26,0.0000,0.0000,199.0,210.0,3.000,768.0,0.000,0,0,256512,3,0,0,0,1,1
3,chain3_i32,i32,64,glibc_t1,P6,0,1,1000,496.87,0.0000,0.0000,499.0,0.0,1.000,256.0,0.000,0,0,256000,1,2,0,0,1,1
3,chain3_i32,i32,64,glibc_t1,P7,0,2,1000,514.83,0.0000,0.0000,517.0,0.0,1.000,256.0,0.000,0,0,256000,1,1,1,0,1,1
3,chain3_i32,i32,64,glibc_t1,FIXED_TWIN,0,3,1000,353.14,0.0000,0.0000,354.0,0.0,1.000,256.0,0.000,0,0,256000,1,1,1,0,1,1
3,chain3_i32,i32,64,glibc_t1,P6,1,0,1000,367.70,0.0000,0.0000,370.0,0.0,1.000,256.0,0.000,0,0,256000,1,2,0,0,1,1
3,chain3_i32,i32,64,glibc_t1,P7,1,1,1000,337.17,0.0000,0.0000,287.0,51.0,1.000,256.0,0.000,0,0,256000,1,1,1,0,1,1
3,chain3_i32,i32,64,glibc_t1,FIXED_TWIN,1,2,1000,354.35,0.0000,0.0000,355.0,0.0,1.000,256.0,0.000,0,0,256000,1,1,1,0,1,1
3,chain3_i32,i32,64,glibc_t1,P5,1,3,1000,418.54,0.0000,0.0000,419.0,0.0,3.000,768.0,0.000,0,0,256512,3,0,0,0,1,1
3,chain3_i32,i32,64,glibc_t1,P7,2,0,1000,338.87,0.0000,0.0000,339.0,0.0,1.000,256.0,0.000,0,0,256000,1,1,1,0,1,1
3,chain3_i32,i32,64,glibc_t1,FIXED_TWIN,2,1,1000,336.31,0.0000,0.0000,336.0,0.0,1.000,256.0,0.000,0,0,256000,1,1,1,0,1,1
3,chain3_i32,i32,64,glibc_t1,P5,2,2,1000,406.64,0.0000,0.0000,371.0,36.0,3.000,768.0,0.000,0,0,256512,3,0,0,0,1,1
3,chain3_i32,i32,64,glibc_t1,P6,2,3,1000,354.07,0.0000,0.0000,355.0,0.0,1.000,256.0,0.000,0,0,256000,1,2,0,0,1,1
3,chain3_i32,i32,64,glibc_t1,FIXED_TWIN,3,0,1000,350.29,0.0000,0.0000,351.0,0.0,1.000,256.0,0.000,0,0,256000,1,1,1,0,1,1
3,chain3_i32,i32,64,glibc_t1,P5,3,1,1000,397.51,0.0000,0.0000,409.0,0.0,3.000,768.0,0.000,0,0,256512,3,0,0,0,1,1
3,chain3_i32,i32,64,glibc_t1,P6,3,2,1000,347.35,0.0000,0.0000,348.0,0.0,1.000,256.0,0.000,0,0,256000,1,2,0,0,1,1
3,chain3_i32,i32,64,glibc_t1,P7,3,3,1000,332.98,0.0000,0.0000,334.0,0.0,1.000,256.0,0.000,0,0,256000,1,1,1,0,1,1
3,chain3_i32,i32,64,glibc_t1,P5,4,0,1000,400.39,0.0000,0.0000,401.0,0.0,3.000,768.0,0.000,0,0,256512,3,0,0,0,1,1
3,chain3_i32,i32,64,glibc_t1,P6,4,1,1000,370.17,0.0000,0.0000,371.0,0.0,1.000,256.0,0.000,0,0,256000,1,2,0,0,1,1
3,chain3_i32,i32,64,glibc_t1,P7,4,2,1000,350.76,0.0000,0.0000,351.0,0.0,1.000,256.0,0.000,0,0,256000,1,1,1,0,1,1
3,chain3_i32,i32,64,glibc_t1,FIXED_TWIN,4,3,1000,337.12,0.0000,0.0000,338.0,0.0,1.000,256.0,0.000,0,0,256000,1,1,1,0,1,1
3,chain3_i32,i32,64,glibc_t1,P6,5,0,1000,351.50,0.0000,0.0000,331.0,22.0,1.000,256.0,0.000,0,0,256000,1,2,0,0,1,1
3,chain3_i32,i32,64,glibc_t1,P7,5,1,1000,346.28,0.0000,0.0000,347.0,0.0,1.000,256.0,0.000,0,0,256000,1,1,1,0,1,1
3,chain3_i32,i32,64,glibc_t1,FIXED_TWIN,5,2,1000,357.55,0.0000,0.0000,358.0,0.0,1.000,256.0,0.000,0,0,256000,1,1,1,0,1,1
3,chain3_i32,i32,64,glibc_t1,P5,5,3,1000,411.91,0.0000,0.0000,413.0,0.0,3.000,768.0,0.000,0,0,256512,3,0,0,0,1,1
3,chain3_i32,i32,64,glibc_t1,P7,6,0,1000,335.26,0.0000,0.0000,336.0,0.0,1.000,256.0,0.000,0,0,256000,1,1,1,0,1,1
3,chain3_i32,i32,64,glibc_t1,FIXED_TWIN,6,1,1000,334.93,0.0000,0.0000,336.0,0.0,1.000,256.0,0.000,0,0,256000,1,1,1,0,1,1
3,chain3_i32,i32,64,glibc_t1,P5,6,2,1000,401.65,0.0000,0.0000,403.0,0.0,3.000,768.0,0.000,0,0,256512,3,0,0,0,1,1
3,chain3_i32,i32,64,glibc_t1,P6,6,3,1000,365.67,0.0000,0.0000,366.0,0.0,1.000,256.0,0.000,0,0,256000,1,2,0,0,1,1
3,chain3_i32,i32,64,glibc_t1,FIXED_TWIN,7,0,1000,332.79,0.0000,0.0000,333.0,0.0,1.000,256.0,0.000,0,0,256000,1,1,1,0,1,1
3,chain3_i32,i32,64,glibc_t1,P5,7,1,1000,471.66,0.0000,0.0000,473.0,0.0,3.000,768.0,0.000,0,0,256512,3,0,0,0,1,1
3,chain3_i32,i32,64,glibc_t1,P6,7,2,1000,376.12,0.0000,0.0000,377.0,0.0,1.000,256.0,0.000,0,0,256000,1,2,0,0,1,1
3,chain3_i32,i32,64,glibc_t1,P7,7,3,1000,335.53,0.0000,0.0000,336.0,0.0,1.000,256.0,0.000,0,0,256000,1,1,1,0,1,1
3,chain3_i32,i32,64,glibc_t1,P5,8,0,1000,424.69,0.0000,0.0000,426.0,0.0,3.000,768.0,0.000,0,0,256512,3,0,0,0,1,1
3,chain3_i32,i32,64,glibc_t1,P6,8,1,1000,369.79,0.0000,0.0000,371.0,0.0,1.000,256.0,0.000,0,0,256000,1,2,0,0,1,1
3,chain3_i32,i32,64,glibc_t1,P7,8,2,1000,341.59,0.0000,0.0000,343.0,0.0,1.000,256.0,0.000,0,0,256000,1,1,1,0,1,1
3,chain3_i32,i32,64,glibc_t1,FIXED_TWIN,8,3,1000,333.81,0.0000,0.0000,295.0,40.0,1.000,256.0,0.000,0,0,256000,1,1,1,0,1,1
3,chain3_i32,i32,64,glibc_t1,P6,9,0,1000,345.49,0.0000,0.0000,346.0,0.0,1.000,256.0,0.000,0,0,256000,1,2,0,0,1,1
3,chain3_i32,i32,64,glibc_t1,P7,9,1,1000,355.64,0.0000,0.0000,357.0,0.0,1.000,256.0,0.000,0,0,256000,1,1,1,0,1,1
3,chain3_i32,i32,64,glibc_t1,FIXED_TWIN,9,2,1000,346.40,0.0000,0.0000,348.0,0.0,1.000,256.0,0.000,0,0,256000,1,1,1,0,1,1
3,chain3_i32,i32,64,glibc_t1,P5,9,3,1000,398.95,0.0000,0.0000,400.0,0.0,3.000,768.0,0.000,0,0,256512,3,0,0,0,1,1
3,chain3_i32,i32,64,glibc_t1,P7,10,0,1000,336.53,0.0000,0.0000,338.0,0.0,1.000,256.0,0.000,0,0,256000,1,1,1,0,1,1
3,chain3_i32,i32,64,glibc_t1,FIXED_TWIN,10,1,1000,338.24,0.0000,0.0000,339.0,0.0,1.000,256.0,0.000,0,0,256000,1,1,1,0,1,1
3,chain3_i32,i32,64,glibc_t1,P5,10,2,1000,444.13,0.0000,0.0000,445.0,0.0,3.000,768.0,0.000,0,0,256512,3,0,0,0,1,1
3,chain3_i32,i32,64,glibc_t1,P6,10,3,1000,371.63,0.0000,0.0000,373.0,0.0,1.000,256.0,0.000,0,0,256000,1,2,0,0,1,1
3,chain3_i32,i32,64,glibc_t1,FIXED_TWIN,11,0,1000,335.89,0.0000,0.0000,336.0,0.0,1.000,256.0,0.000,0,0,256000,1,1,1,0,1,1
3,chain3_i32,i32,64,glibc_t1,P5,11,1,1000,425.50,0.0000,0.0000,426.0,0.0,3.000,768.0,0.000,0,0,256512,3,0,0,0,1,1
3,chain3_i32,i32,64,glibc_t1,P6,11,2,1000,353.88,0.0000,0.0000,354.0,0.0,1.000,256.0,0.000,0,0,256000,1,2,0,0,1,1
3,chain3_i32,i32,64,glibc_t1,P7,11,3,1000,336.23,0.0000,0.0000,337.0,0.0,1.000,256.0,0.000,0,0,256000,1,1,1,0,1,1
3,chain3_i32,i32,64,glibc_t1,P5,12,0,1000,428.43,0.0000,0.0000,429.0,0.0,3.000,768.0,0.000,0,0,256512,3,0,0,0,1,1
3,chain3_i32,i32,64,glibc_t1,P6,12,1,1000,367.37,0.0000,0.0000,368.0,0.0,1.000,256.0,0.000,0,0,256000,1,2,0,0,1,1
3,chain3_i32,i32,64,glibc_t1,P7,12,2,1000,351.58,0.0000,0.0000,352.0,0.0,1.000,256.0,0.000,0,0,256000,1,1,1,0,1,1
3,chain3_i32,i32,64,glibc_t1,FIXED_TWIN,12,3,1000,335.70,0.0000,0.0000,337.0,0.0,1.000,256.0,0.000,0,0,256000,1,1,1,0,1,1
3,chain3_i32,i32,64,glibc_t1,P6,13,0,1000,355.24,0.0000,0.0000,356.0,0.0,1.000,256.0,0.000,0,0,256000,1,2,0,0,1,1
3,chain3_i32,i32,64,glibc_t1,P7,13,1,1000,356.36,0.0000,0.0000,357.0,0.0,1.000,256.0,0.000,0,0,256000,1,1,1,0,1,1
3,chain3_i32,i32,64,glibc_t1,FIXED_TWIN,13,2,1000,333.87,0.0000,0.0000,335.0,0.0,1.000,256.0,0.000,0,0,256000,1,1,1,0,1,1
3,chain3_i32,i32,64,glibc_t1,P5,13,3,1000,588.86,0.0000,0.0000,426.0,0.0,3.000,768.0,0.000,0,0,256512,3,0,0,0,1,1
3,chain3_i32,i32,64,glibc_t1,P7,14,0,1000,340.55,0.0000,0.0000,342.0,0.0,1.000,256.0,0.000,0,0,256000,1,1,1,0,1,1
3,chain3_i32,i32,64,glibc_t1,FIXED_TWIN,14,1,1000,341.21,0.0000,0.0000,342.0,0.0,1.000,256.0,0.000,0,0,256000,1,1,1,0,1,1
3,chain3_i32,i32,64,glibc_t1,P5,14,2,1000,421.42,0.0000,0.0000,422.0,0.0,3.000,768.0,0.000,0,0,256512,3,0,0,0,1,1
3,chain3_i32,i32,64,glibc_t1,P6,14,3,1000,371.51,0.0000,0.0000,372.0,0.0,1.000,256.0,0.000,0,0,256000,1,2,0,0,1,1
3,chain3_i32,i32,1024,glibc_t1,P5,0,0,1000,852.98,0.0000,0.0000,858.0,0.0,3.000,12288.0,0.000,0,0,4104192,3,0,0,0,1,1
3,chain3_i32,i32,1024,glibc_t1,P6,0,1,1000,750.75,0.0000,0.0000,753.0,0.0,1.000,4096.0,0.000,0,0,4096000,1,2,0,0,1,1
3,chain3_i32,i32,1024,glibc_t1,P7,0,2,1000,611.07,0.0000,0.0000,613.0,0.0,1.000,4096.0,0.000,0,0,4096000,1,1,1,0,1,1
3,chain3_i32,i32,1024,glibc_t1,FIXED_TWIN,0,3,1000,676.00,0.0000,0.0000,679.0,0.0,1.000,4096.0,0.000,0,0,4096000,1,1,1,0,1,1
3,chain3_i32,i32,1024,glibc_t1,P6,1,0,1000,754.26,0.0000,0.0000,757.0,0.0,1.000,4096.0,0.000,0,0,4096000,1,2,0,0,1,1
3,chain3_i32,i32,1024,glibc_t1,P7,1,1,1000,614.88,0.0000,0.0000,618.0,0.0,1.000,4096.0,0.000,0,0,4096000,1,1,1,0,1,1
3,chain3_i32,i32,1024,glibc_t1,FIXED_TWIN,1,2,1000,633.94,0.0000,0.0000,636.0,0.0,1.000,4096.0,0.000,0,0,4096000,1,1,1,0,1,1
3,chain3_i32,i32,1024,glibc_t1,P5,1,3,1000,818.82,0.0000,0.0000,822.0,0.0,3.000,12288.0,0.000,0,0,4104192,3,0,0,0,1,1
3,chain3_i32,i32,1024,glibc_t1,P7,2,0,1000,669.67,0.0000,0.0000,672.0,0.0,1.000,4096.0,0.000,0,0,4096000,1,1,1,0,1,1
3,chain3_i32,i32,1024,glibc_t1,FIXED_TWIN,2,1,1000,660.21,0.0000,0.0000,662.0,0.0,1.000,4096.0,0.000,0,0,4096000,1,1,1,0,1,1
3,chain3_i32,i32,1024,glibc_t1,P5,2,2,1000,806.57,0.0000,0.0000,808.0,0.0,3.000,12288.0,0.000,0,0,4104192,3,0,0,0,1,1
3,chain3_i32,i32,1024,glibc_t1,P6,2,3,1000,734.83,0.0000,0.0000,737.0,0.0,1.000,4096.0,0.000,0,0,4096000,1,2,0,0,1,1
3,chain3_i32,i32,1024,glibc_t1,FIXED_TWIN,3,0,1000,632.42,0.0000,0.0000,634.0,0.0,1.000,4096.0,0.000,0,0,4096000,1,1,1,0,1,1
3,chain3_i32,i32,1024,glibc_t1,P5,3,1,1000,823.08,0.0000,0.0000,830.0,0.0,3.000,12288.0,0.000,0,0,4104192,3,0,0,0,1,1
3,chain3_i32,i32,1024,glibc_t1,P6,3,2,1000,748.09,0.0000,0.0000,750.0,0.0,1.000,4096.0,0.000,0,0,4096000,1,2,0,0,1,1
3,chain3_i32,i32,1024,glibc_t1,P7,3,3,1000,635.22,0.0000,0.0000,637.0,0.0,1.000,4096.0,0.000,0,0,4096000,1,1,1,0,1,1
3,chain3_i32,i32,1024,glibc_t1,P5,4,0,1000,815.24,0.0000,0.0000,818.0,0.0,3.000,12288.0,0.000,0,0,4104192,3,0,0,0,1,1
3,chain3_i32,i32,1024,glibc_t1,P6,4,1,1000,729.92,0.0000,0.0000,731.0,0.0,1.000,4096.0,0.000,0,0,4096000,1,2,0,0,1,1
3,chain3_i32,i32,1024,glibc_t1,P7,4,2,1000,628.18,0.0000,0.0000,630.0,0.0,1.000,4096.0,0.000,0,0,4096000,1,1,1,0,1,1
3,chain3_i32,i32,1024,glibc_t1,FIXED_TWIN,4,3,1000,706.59,0.0000,0.0000,708.0,0.0,1.000,4096.0,0.000,0,0,4096000,1,1,1,0,1,1
3,chain3_i32,i32,1024,glibc_t1,P6,5,0,1000,716.68,0.0000,0.0000,719.0,0.0,1.000,4096.0,0.000,0,0,4096000,1,2,0,0,1,1
3,chain3_i32,i32,1024,glibc_t1,P7,5,1,1000,659.66,0.0000,0.0000,661.0,0.0,1.000,4096.0,0.000,0,0,4096000,1,1,1,0,1,1
3,chain3_i32,i32,1024,glibc_t1,FIXED_TWIN,5,2,1000,633.95,0.0000,0.0000,636.0,0.0,1.000,4096.0,0.000,0,0,4096000,1,1,1,0,1,1
3,chain3_i32,i32,1024,glibc_t1,P5,5,3,1000,803.16,0.0000,0.0000,806.0,0.0,3.000,12288.0,0.000,0,0,4104192,3,0,0,0,1,1
3,chain3_i32,i32,1024,glibc_t1,P7,6,0,1000,612.35,0.0000,0.0000,614.0,0.0,1.000,4096.0,0.000,0,0,4096000,1,1,1,0,1,1
3,chain3_i32,i32,1024,glibc_t1,FIXED_TWIN,6,1,1000,664.59,0.0000,0.0000,666.0,0.0,1.000,4096.0,0.000,0,0,4096000,1,1,1,0,1,1
3,chain3_i32,i32,1024,glibc_t1,P5,6,2,1000,840.35,0.0000,0.0000,843.0,0.0,3.000,12288.0,0.000,0,0,4104192,3,0,0,0,1,1
3,chain3_i32,i32,1024,glibc_t1,P6,6,3,1000,737.76,0.0000,0.0000,740.0,0.0,1.000,4096.0,0.000,0,0,4096000,1,2,0,0,1,1
3,chain3_i32,i32,1024,glibc_t1,FIXED_TWIN,7,0,1000,632.42,0.0000,0.0000,635.0,0.0,1.000,4096.0,0.000,0,0,4096000,1,1,1,0,1,1
3,chain3_i32,i32,1024,glibc_t1,P5,7,1,1000,817.35,0.0000,0.0000,821.0,0.0,3.000,12288.0,0.000,0,0,4104192,3,0,0,0,1,1
3,chain3_i32,i32,1024,glibc_t1,P6,7,2,1000,756.21,0.0000,0.0000,759.0,0.0,1.000,4096.0,0.000,0,0,4096000,1,2,0,0,1,1
3,chain3_i32,i32,1024,glibc_t1,P7,7,3,1000,634.81,0.0000,0.0000,637.0,0.0,1.000,4096.0,0.000,0,0,4096000,1,1,1,0,1,1
3,chain3_i32,i32,1024,glibc_t1,P5,8,0,1000,788.70,0.0000,0.0000,791.0,0.0,3.000,12288.0,0.000,0,0,4104192,3,0,0,0,1,1
3,chain3_i32,i32,1024,glibc_t1,P6,8,1,1000,725.50,0.0000,0.0000,728.0,0.0,1.000,4096.0,0.000,0,0,4096000,1,2,0,0,1,1
3,chain3_i32,i32,1024,glibc_t1,P7,8,2,1000,661.85,0.0000,0.0000,664.0,0.0,1.000,4096.0,0.000,0,0,4096000,1,1,1,0,1,1
3,chain3_i32,i32,1024,glibc_t1,FIXED_TWIN,8,3,1000,679.30,0.0000,0.0000,681.0,0.0,1.000,4096.0,0.000,0,0,4096000,1,1,1,0,1,1
3,chain3_i32,i32,1024,glibc_t1,P6,9,0,1000,807.24,0.0000,0.0000,809.0,0.0,1.000,4096.0,0.000,0,0,4096000,1,2,0,0,1,1
3,chain3_i32,i32,1024,glibc_t1,P7,9,1,1000,700.33,0.0000,0.0000,702.0,0.0,1.000,4096.0,0.000,0,0,4096000,1,1,1,0,1,1
3,chain3_i32,i32,1024,glibc_t1,FIXED_TWIN,9,2,1000,658.20,0.0000,0.0000,660.0,0.0,1.000,4096.0,0.000,0,0,4096000,1,1,1,0,1,1
3,chain3_i32,i32,1024,glibc_t1,P5,9,3,1000,807.42,0.0000,0.0000,810.0,0.0,3.000,12288.0,0.000,0,0,4104192,3,0,0,0,1,1
3,chain3_i32,i32,1024,glibc_t1,P7,10,0,1000,712.54,0.0000,0.0000,715.0,0.0,1.000,4096.0,0.000,0,0,4096000,1,1,1,0,1,1
3,chain3_i32,i32,1024,glibc_t1,FIXED_TWIN,10,1,1000,642.15,0.0000,0.0000,645.0,0.0,1.000,4096.0,0.000,0,0,4096000,1,1,1,0,1,1
3,chain3_i32,i32,1024,glibc_t1,P5,10,2,1000,845.47,0.0000,0.0000,848.0,0.0,3.000,12288.0,0.000,0,0,4104192,3,0,0,0,1,1
3,chain3_i32,i32,1024,glibc_t1,P6,10,3,1000,744.97,0.0000,0.0000,748.0,0.0,1.000,4096.0,0.000,0,0,4096000,1,2,0,0,1,1
3,chain3_i32,i32,1024,glibc_t1,FIXED_TWIN,11,0,1000,699.42,0.0000,0.0000,701.0,0.0,1.000,4096.0,0.000,0,0,4096000,1,1,1,0,1,1
3,chain3_i32,i32,1024,glibc_t1,P5,11,1,1000,797.37,0.0000,0.0000,800.0,0.0,3.000,12288.0,0.000,0,0,4104192,3,0,0,0,1,1
3,chain3_i32,i32,1024,glibc_t1,P6,11,2,1000,753.25,0.0000,0.0000,756.0,0.0,1.000,4096.0,0.000,0,0,4096000,1,2,0,0,1,1
3,chain3_i32,i32,1024,glibc_t1,P7,11,3,1000,677.10,0.0000,0.0000,679.0,0.0,1.000,4096.0,0.000,0,0,4096000,1,1,1,0,1,1
3,chain3_i32,i32,1024,glibc_t1,P5,12,0,1000,823.92,0.0000,0.0000,826.0,0.0,3.000,12288.0,0.000,0,0,4104192,3,0,0,0,1,1
3,chain3_i32,i32,1024,glibc_t1,P6,12,1,1000,744.61,0.0000,0.0000,747.0,0.0,1.000,4096.0,0.000,0,0,4096000,1,2,0,0,1,1
3,chain3_i32,i32,1024,glibc_t1,P7,12,2,1000,622.28,0.0000,0.0000,625.0,0.0,1.000,4096.0,0.000,0,0,4096000,1,1,1,0,1,1
3,chain3_i32,i32,1024,glibc_t1,FIXED_TWIN,12,3,1000,666.93,0.0000,0.0000,669.0,0.0,1.000,4096.0,0.000,0,0,4096000,1,1,1,0,1,1
3,chain3_i32,i32,1024,glibc_t1,P6,13,0,1000,737.31,0.0000,0.0000,740.0,0.0,1.000,4096.0,0.000,0,0,4096000,1,2,0,0,1,1
3,chain3_i32,i32,1024,glibc_t1,P7,13,1,1000,640.83,0.0000,0.0000,643.0,0.0,1.000,4096.0,0.000,0,0,4096000,1,1,1,0,1,1
3,chain3_i32,i32,1024,glibc_t1,FIXED_TWIN,13,2,1000,645.97,0.0000,0.0000,647.0,0.0,1.000,4096.0,0.000,0,0,4096000,1,1,1,0,1,1
3,chain3_i32,i32,1024,glibc_t1,P5,13,3,1000,806.97,0.0000,0.0000,809.0,0.0,3.000,12288.0,0.000,0,0,4104192,3,0,0,0,1,1
3,chain3_i32,i32,1024,glibc_t1,P7,14,0,1000,685.08,0.0000,0.0000,687.0,0.0,1.000,4096.0,0.000,0,0,4096000,1,1,1,0,1,1
3,chain3_i32,i32,1024,glibc_t1,FIXED_TWIN,14,1,1000,642.59,0.0000,0.0000,645.0,0.0,1.000,4096.0,0.000,0,0,4096000,1,1,1,0,1,1
3,chain3_i32,i32,1024,glibc_t1,P5,14,2,1000,838.71,0.0000,0.0000,842.0,0.0,3.000,12288.0,0.000,0,0,4104192,3,0,0,0,1,1
3,chain3_i32,i32,1024,glibc_t1,P6,14,3,1000,764.68,0.0000,0.0000,766.0,0.0,1.000,4096.0,0.000,0,0,4096000,1,2,0,0,1,1
3,chain3_i32,i32,4096,glibc_t1,P5,0,0,1,2304.00,0.0000,0.0000,3000.0,0.0,3.000,49152.0,0.000,0,0,49152,3,0,0,0,1,1
3,chain3_i32,i32,4096,glibc_t1,P6,0,1,1,1894.00,0.0000,0.0000,2000.0,0.0,1.000,16384.0,0.000,0,0,16384,1,2,0,0,1,1
3,chain3_i32,i32,4096,glibc_t1,P7,0,2,1,1827.00,0.0000,0.0000,2000.0,0.0,1.000,16384.0,0.000,0,0,16384,1,1,1,0,1,1
3,chain3_i32,i32,4096,glibc_t1,FIXED_TWIN,0,3,1,1826.00,0.0000,0.0000,2000.0,0.0,1.000,16384.0,0.000,0,0,16384,1,1,1,0,1,1
3,chain3_i32,i32,4096,glibc_t1,P6,1,0,1,1852.00,0.0000,0.0000,3000.0,0.0,1.000,16384.0,0.000,0,0,16384,1,2,0,0,1,1
3,chain3_i32,i32,4096,glibc_t1,P7,1,1,1,1757.00,0.0000,0.0000,2000.0,0.0,1.000,16384.0,0.000,0,0,16384,1,1,1,0,1,1
3,chain3_i32,i32,4096,glibc_t1,FIXED_TWIN,1,2,1,1747.00,0.0000,0.0000,2000.0,0.0,1.000,16384.0,0.000,0,0,16384,1,1,1,0,1,1
3,chain3_i32,i32,4096,glibc_t1,P5,1,3,1,2219.00,0.0000,0.0000,2000.0,0.0,3.000,49152.0,0.000,0,0,49152,3,0,0,0,1,1
3,chain3_i32,i32,4096,glibc_t1,P7,2,0,1,1788.00,0.0000,0.0000,2000.0,0.0,1.000,16384.0,0.000,0,0,16384,1,1,1,0,1,1
3,chain3_i32,i32,4096,glibc_t1,FIXED_TWIN,2,1,1,1830.00,0.0000,0.0000,2000.0,0.0,1.000,16384.0,0.000,0,0,16384,1,1,1,0,1,1
3,chain3_i32,i32,4096,glibc_t1,P5,2,2,1,2159.00,0.0000,0.0000,2000.0,0.0,3.000,49152.0,0.000,0,0,49152,3,0,0,0,1,1
3,chain3_i32,i32,4096,glibc_t1,P6,2,3,1,1905.00,0.0000,0.0000,2000.0,0.0,1.000,16384.0,0.000,0,0,16384,1,2,0,0,1,1
3,chain3_i32,i32,4096,glibc_t1,FIXED_TWIN,3,0,1,1804.00,0.0000,0.0000,3000.0,0.0,1.000,16384.0,0.000,0,0,16384,1,1,1,0,1,1
3,chain3_i32,i32,4096,glibc_t1,P5,3,1,1,2171.00,0.0000,0.0000,3000.0,0.0,3.000,49152.0,0.000,0,0,49152,3,0,0,0,1,1
3,chain3_i32,i32,4096,glibc_t1,P6,3,2,1,1929.00,0.0000,0.0000,3000.0,0.0,1.000,16384.0,0.000,0,0,16384,1,2,0,0,1,1
3,chain3_i32,i32,4096,glibc_t1,P7,3,3,1,1819.00,0.0000,0.0000,2000.0,0.0,1.000,16384.0,0.000,0,0,16384,1,1,1,0,1,1
3,chain3_i32,i32,4096,glibc_t1,P5,4,0,1,2180.00,0.0000,0.0000,2000.0,0.0,3.000,49152.0,0.000,0,0,49152,3,0,0,0,1,1
3,chain3_i32,i32,4096,glibc_t1,P6,4,1,1,1924.00,0.0000,0.0000,2000.0,0.0,1.000,16384.0,0.000,0,0,16384,1,2,0,0,1,1
3,chain3_i32,i32,4096,glibc_t1,P7,4,2,1,1765.00,0.0000,0.0000,2000.0,0.0,1.000,16384.0,0.000,0,0,16384,1,1,1,0,1,1
3,chain3_i32,i32,4096,glibc_t1,FIXED_TWIN,4,3,1,1756.00,0.0000,0.0000,2000.0,0.0,1.000,16384.0,0.000,0,0,16384,1,1,1,0,1,1
3,chain3_i32,i32,4096,glibc_t1,P6,5,0,1,1867.00,0.0000,0.0000,2000.0,0.0,1.000,16384.0,0.000,0,0,16384,1,2,0,0,1,1
3,chain3_i32,i32,4096,glibc_t1,P7,5,1,1,1714.00,0.0000,0.0000,2000.0,0.0,1.000,16384.0,0.000,0,0,16384,1,1,1,0,1,1
3,chain3_i32,i32,4096,glibc_t1,FIXED_TWIN,5,2,1,1734.00,0.0000,0.0000,2000.0,0.0,1.000,16384.0,0.000,0,0,16384,1,1,1,0,1,1
3,chain3_i32,i32,4096,glibc_t1,P5,5,3,1,2240.00,0.0000,0.0000,3000.0,0.0,3.000,49152.0,0.000,0,0,49152,3,0,0,0,1,1
3,chain3_i32,i32,4096,glibc_t1,P7,6,0,1,1746.00,0.0000,0.0000,2000.0,0.0,1.000,16384.0,0.000,0,0,16384,1,1,1,0,1,1
3,chain3_i32,i32,4096,glibc_t1,FIXED_TWIN,6,1,1,1730.00,0.0000,0.0000,2000.0,0.0,1.000,16384.0,0.000,0,0,16384,1,1,1,0,1,1
3,chain3_i32,i32,4096,glibc_t1,P5,6,2,1,2172.00,0.0000,0.0000,2000.0,0.0,3.000,49152.0,0.000,0,0,49152,3,0,0,0,1,1
3,chain3_i32,i32,4096,glibc_t1,P6,6,3,1,1957.00,0.0000,0.0000,2000.0,0.0,1.000,16384.0,0.000,0,0,16384,1,2,0,0,1,1
3,chain3_i32,i32,4096,glibc_t1,FIXED_TWIN,7,0,1,1748.00,0.0000,0.0000,3000.0,0.0,1.000,16384.0,0.000,0,0,16384,1,1,1,0,1,1
3,chain3_i32,i32,4096,glibc_t1,P5,7,1,1,2244.00,0.0000,0.0000,3000.0,0.0,3.000,49152.0,0.000,0,0,49152,3,0,0,0,1,1
3,chain3_i32,i32,4096,glibc_t1,P6,7,2,1,1889.00,0.0000,0.0000,2000.0,0.0,1.000,16384.0,0.000,0,0,16384,1,2,0,0,1,1
3,chain3_i32,i32,4096,glibc_t1,P7,7,3,1,1750.00,0.0000,0.0000,3000.0,0.0,1.000,16384.0,0.000,0,0,16384,1,1,1,0,1,1
3,chain3_i32,i32,4096,glibc_t1,P5,8,0,1,2197.00,0.0000,0.0000,3000.0,0.0,3.000,49152.0,0.000,0,0,49152,3,0,0,0,1,1
3,chain3_i32,i32,4096,glibc_t1,P6,8,1,1,1875.00,0.0000,0.0000,2000.0,0.0,1.000,16384.0,0.000,0,0,16384,1,2,0,0,1,1
3,chain3_i32,i32,4096,glibc_t1,P7,8,2,1,1763.00,0.0000,0.0000,3000.0,0.0,1.000,16384.0,0.000,0,0,16384,1,1,1,0,1,1
3,chain3_i32,i32,4096,glibc_t1,FIXED_TWIN,8,3,1,1781.00,0.0000,0.0000,2000.0,0.0,1.000,16384.0,0.000,0,0,16384,1,1,1,0,1,1
3,chain3_i32,i32,4096,glibc_t1,P6,9,0,1,1933.00,0.0000,0.0000,2000.0,0.0,1.000,16384.0,0.000,0,0,16384,1,2,0,0,1,1
3,chain3_i32,i32,4096,glibc_t1,P7,9,1,1,1779.00,0.0000,0.0000,2000.0,0.0,1.000,16384.0,0.000,0,0,16384,1,1,1,0,1,1
3,chain3_i32,i32,4096,glibc_t1,FIXED_TWIN,9,2,1,1716.00,0.0000,0.0000,2000.0,0.0,1.000,16384.0,0.000,0,0,16384,1,1,1,0,1,1
3,chain3_i32,i32,4096,glibc_t1,P5,9,3,1,2168.00,0.0000,0.0000,2000.0,0.0,3.000,49152.0,0.000,0,0,49152,3,0,0,0,1,1
3,chain3_i32,i32,4096,glibc_t1,P7,10,0,1,1752.00,0.0000,0.0000,2000.0,0.0,1.000,16384.0,0.000,0,0,16384,1,1,1,0,1,1
3,chain3_i32,i32,4096,glibc_t1,FIXED_TWIN,10,1,1,1706.00,0.0000,0.0000,2000.0,0.0,1.000,16384.0,0.000,0,0,16384,1,1,1,0,1,1
3,chain3_i32,i32,4096,glibc_t1,P5,10,2,1,2149.00,0.0000,0.0000,3000.0,0.0,3.000,49152.0,0.000,0,0,49152,3,0,0,0,1,1
3,chain3_i32,i32,4096,glibc_t1,P6,10,3,1,1876.00,0.0000,0.0000,3000.0,0.0,1.000,16384.0,0.000,0,0,16384,1,2,0,0,1,1
3,chain3_i32,i32,4096,glibc_t1,FIXED_TWIN,11,0,1,1787.00,0.0000,0.0000,2000.0,0.0,1.000,16384.0,0.000,0,0,16384,1,1,1,0,1,1
3,chain3_i32,i32,4096,glibc_t1,P5,11,1,1,2146.00,0.0000,0.0000,2000.0,0.0,3.000,49152.0,0.000,0,0,49152,3,0,0,0,1,1
3,chain3_i32,i32,4096,glibc_t1,P6,11,2,1,1874.00,0.0000,0.0000,2000.0,0.0,1.000,16384.0,0.000,0,0,16384,1,2,0,0,1,1
3,chain3_i32,i32,4096,glibc_t1,P7,11,3,1,1804.00,0.0000,0.0000,2000.0,0.0,1.000,16384.0,0.000,0,0,16384,1,1,1,0,1,1
3,chain3_i32,i32,4096,glibc_t1,P5,12,0,1,2251.00,0.0000,0.0000,2000.0,0.0,3.000,49152.0,0.000,0,0,49152,3,0,0,0,1,1
3,chain3_i32,i32,4096,glibc_t1,P6,12,1,1,1879.00,0.0000,0.0000,2000.0,0.0,1.000,16384.0,0.000,0,0,16384,1,2,0,0,1,1
3,chain3_i32,i32,4096,glibc_t1,P7,12,2,1,1809.00,0.0000,0.0000,3000.0,0.0,1.000,16384.0,0.000,0,0,16384,1,1,1,0,1,1
3,chain3_i32,i32,4096,glibc_t1,FIXED_TWIN,12,3,1,1778.00,0.0000,0.0000,2000.0,0.0,1.000,16384.0,0.000,0,0,16384,1,1,1,0,1,1
3,chain3_i32,i32,4096,glibc_t1,P6,13,0,1,1920.00,0.0000,0.0000,3000.0,0.0,1.000,16384.0,0.000,0,0,16384,1,2,0,0,1,1
3,chain3_i32,i32,4096,glibc_t1,P7,13,1,1,1784.00,0.0000,0.0000,2000.0,0.0,1.000,16384.0,0.000,0,0,16384,1,1,1,0,1,1
3,chain3_i32,i32,4096,glibc_t1,FIXED_TWIN,13,2,1,1756.00,0.0000,0.0000,2000.0,0.0,1.000,16384.0,0.000,0,0,16384,1,1,1,0,1,1
3,chain3_i32,i32,4096,glibc_t1,P5,13,3,1,2185.00,0.0000,0.0000,3000.0,0.0,3.000,49152.0,0.000,0,0,49152,3,0,0,0,1,1
3,chain3_i32,i32,4096,glibc_t1,P7,14,0,1,1722.00,0.0000,0.0000,3000.0,0.0,1.000,16384.0,0.000,0,0,16384,1,1,1,0,1,1
3,chain3_i32,i32,4096,glibc_t1,FIXED_TWIN,14,1,1,1720.00,0.0000,0.0000,2000.0,0.0,1.000,16384.0,0.000,0,0,16384,1,1,1,0,1,1
3,chain3_i32,i32,4096,glibc_t1,P5,14,2,1,2212.00,0.0000,0.0000,3000.0,0.0,3.000,49152.0,0.000,0,0,49152,3,0,0,0,1,1
3,chain3_i32,i32,4096,glibc_t1,P6,14,3,1,1929.00,0.0000,0.0000,2000.0,0.0,1.000,16384.0,0.000,0,0,16384,1,2,0,0,1,1
3,chain3_i32,i32,16384,glibc_t1,P5,0,0,1,7001.00,0.0000,0.0000,8000.0,0.0,3.000,196608.0,0.000,0,0,196608,3,0,0,0,1,1
3,chain3_i32,i32,16384,glibc_t1,P6,0,1,1,6709.00,0.0000,0.0000,7000.0,0.0,1.000,65536.0,0.000,0,0,65536,1,2,0,0,1,1
3,chain3_i32,i32,16384,glibc_t1,P7,0,2,1,5890.00,0.0000,0.0000,7000.0,0.0,1.000,65536.0,0.000,0,0,65536,1,1,1,0,1,1
3,chain3_i32,i32,16384,glibc_t1,FIXED_TWIN,0,3,1,5812.00,0.0000,0.0000,6000.0,0.0,1.000,65536.0,0.000,0,0,65536,1,1,1,0,1,1
3,chain3_i32,i32,16384,glibc_t1,P6,1,0,1,6695.00,0.0000,0.0000,7000.0,0.0,1.000,65536.0,0.000,0,0,65536,1,2,0,0,1,1
3,chain3_i32,i32,16384,glibc_t1,P7,1,1,1,5890.00,0.0000,0.0000,7000.0,0.0,1.000,65536.0,0.000,0,0,65536,1,1,1,0,1,1
3,chain3_i32,i32,16384,glibc_t1,FIXED_TWIN,1,2,1,5817.00,0.0000,0.0000,7000.0,0.0,1.000,65536.0,0.000,0,0,65536,1,1,1,0,1,1
3,chain3_i32,i32,16384,glibc_t1,P5,1,3,1,6900.00,0.0000,0.0000,8000.0,0.0,3.000,196608.0,0.000,0,0,196608,3,0,0,0,1,1
3,chain3_i32,i32,16384,glibc_t1,P7,2,0,1,5845.00,0.0000,0.0000,6000.0,0.0,1.000,65536.0,0.000,0,0,65536,1,1,1,0,1,1
3,chain3_i32,i32,16384,glibc_t1,FIXED_TWIN,2,1,1,5868.00,0.0000,0.0000,6000.0,0.0,1.000,65536.0,0.000,0,0,65536,1,1,1,0,1,1
3,chain3_i32,i32,16384,glibc_t1,P5,2,2,1,7629.00,0.0000,0.0000,8000.0,0.0,3.000,196608.0,0.000,0,0,196608,3,0,0,0,1,1
3,chain3_i32,i32,16384,glibc_t1,P6,2,3,1,6682.00,0.0000,0.0000,7000.0,0.0,1.000,65536.0,0.000,0,0,65536,1,2,0,0,1,1
3,chain3_i32,i32,16384,glibc_t1,FIXED_TWIN,3,0,1,5878.00,0.0000,0.0000,6000.0,0.0,1.000,65536.0,0.000,0,0,65536,1,1,1,0,1,1
3,chain3_i32,i32,16384,glibc_t1,P5,3,1,1,6888.00,0.0000,0.0000,7000.0,0.0,3.000,196608.0,0.000,0,0,196608,3,0,0,0,1,1
3,chain3_i32,i32,16384,glibc_t1,P6,3,2,1,6659.00,0.0000,0.0000,7000.0,0.0,1.000,65536.0,0.000,0,0,65536,1,2,0,0,1,1
3,chain3_i32,i32,16384,glibc_t1,P7,3,3,1,5884.00,0.0000,0.0000,6000.0,0.0,1.000,65536.0,0.000,0,0,65536,1,1,1,0,1,1
3,chain3_i32,i32,16384,glibc_t1,P5,4,0,1,6883.00,0.0000,0.0000,7000.0,0.0,3.000,196608.0,0.000,0,0,196608,3,0,0,0,1,1
3,chain3_i32,i32,16384,glibc_t1,P6,4,1,1,6673.00,0.0000,0.0000,7000.0,0.0,1.000,65536.0,0.000,0,0,65536,1,2,0,0,1,1
3,chain3_i32,i32,16384,glibc_t1,P7,4,2,1,5902.00,0.0000,0.0000,7000.0,0.0,1.000,65536.0,0.000,0,0,65536,1,1,1,0,1,1
3,chain3_i32,i32,16384,glibc_t1,FIXED_TWIN,4,3,1,5865.00,0.0000,0.0000,7000.0,0.0,1.000,65536.0,0.000,0,0,65536,1,1,1,0,1,1
3,chain3_i32,i32,16384,glibc_t1,P6,5,0,1,6624.00,0.0000,0.0000,7000.0,0.0,1.000,65536.0,0.000,0,0,65536,1,2,0,0,1,1
3,chain3_i32,i32,16384,glibc_t1,P7,5,1,1,5817.00,0.0000,0.0000,6000.0,0.0,1.000,65536.0,0.000,0,0,65536,1,1,1,0,1,1
3,chain3_i32,i32,16384,glibc_t1,FIXED_TWIN,5,2,1,5884.00,0.0000,0.0000,6000.0,0.0,1.000,65536.0,0.000,0,0,65536,1,1,1,0,1,1
3,chain3_i32,i32,16384,glibc_t1,P5,5,3,1,7007.00,0.0000,0.0000,7000.0,0.0,3.000,196608.0,0.000,0,0,196608,3,0,0,0,1,1
3,chain3_i32,i32,16384,glibc_t1,P7,6,0,1,5902.00,0.0000,0.0000,7000.0,0.0,1.000,65536.0,0.000,0,0,65536,1,1,1,0,1,1
3,chain3_i32,i32,16384,glibc_t1,FIXED_TWIN,6,1,1,6016.00,0.0000,0.0000,7000.0,0.0,1.000,65536.0,0.000,0,0,65536,1,1,1,0,1,1
3,chain3_i32,i32,16384,glibc_t1,P5,6,2,1,7139.00,0.0000,0.0000,7000.0,0.0,3.000,196608.0,0.000,0,0,196608,3,0,0,0,1,1
3,chain3_i32,i32,16384,glibc_t1,P6,6,3,1,6747.00,0.0000,0.0000,8000.0,0.0,1.000,65536.0,0.000,0,0,65536,1,2,0,0,1,1
3,chain3_i32,i32,16384,glibc_t1,FIXED_TWIN,7,0,1,5915.00,0.0000,0.0000,6000.0,0.0,1.000,65536.0,0.000,0,0,65536,1,1,1,0,1,1
3,chain3_i32,i32,16384,glibc_t1,P5,7,1,1,6865.00,0.0000,0.0000,8000.0,0.0,3.000,196608.0,0.000,0,0,196608,3,0,0,0,1,1
3,chain3_i32,i32,16384,glibc_t1,P6,7,2,1,6662.00,0.0000,0.0000,7000.0,0.0,1.000,65536.0,0.000,0,0,65536,1,2,0,0,1,1
3,chain3_i32,i32,16384,glibc_t1,P7,7,3,1,5869.00,0.0000,0.0000,6000.0,0.0,1.000,65536.0,0.000,0,0,65536,1,1,1,0,1,1
3,chain3_i32,i32,16384,glibc_t1,P5,8,0,1,6931.00,0.0000,0.0000,8000.0,0.0,3.000,196608.0,0.000,0,0,196608,3,0,0,0,1,1
3,chain3_i32,i32,16384,glibc_t1,P6,8,1,1,6688.00,0.0000,0.0000,7000.0,0.0,1.000,65536.0,0.000,0,0,65536,1,2,0,0,1,1
3,chain3_i32,i32,16384,glibc_t1,P7,8,2,1,5860.00,0.0000,0.0000,6000.0,0.0,1.000,65536.0,0.000,0,0,65536,1,1,1,0,1,1
3,chain3_i32,i32,16384,glibc_t1,FIXED_TWIN,8,3,1,5891.00,0.0000,0.0000,6000.0,0.0,1.000,65536.0,0.000,0,0,65536,1,1,1,0,1,1
3,chain3_i32,i32,16384,glibc_t1,P6,9,0,1,6606.00,0.0000,0.0000,8000.0,0.0,1.000,65536.0,0.000,0,0,65536,1,2,0,0,1,1
3,chain3_i32,i32,16384,glibc_t1,P7,9,1,1,5876.00,0.0000,0.0000,7000.0,0.0,1.000,65536.0,0.000,0,0,65536,1,1,1,0,1,1
3,chain3_i32,i32,16384,glibc_t1,FIXED_TWIN,9,2,1,5822.00,0.0000,0.0000,6000.0,0.0,1.000,65536.0,0.000,0,0,65536,1,1,1,0,1,1
3,chain3_i32,i32,16384,glibc_t1,P5,9,3,1,6918.00,0.0000,0.0000,7000.0,0.0,3.000,196608.0,0.000,0,0,196608,3,0,0,0,1,1
3,chain3_i32,i32,16384,glibc_t1,P7,10,0,1,5904.00,0.0000,0.0000,6000.0,0.0,1.000,65536.0,0.000,0,0,65536,1,1,1,0,1,1
3,chain3_i32,i32,16384,glibc_t1,FIXED_TWIN,10,1,1,17971.00,0.0000,0.0000,19000.0,0.0,1.000,65536.0,0.000,0,0,65536,1,1,1,0,1,1
3,chain3_i32,i32,16384,glibc_t1,P5,10,2,1,7111.00,0.0000,0.0000,8000.0,0.0,3.000,196608.0,0.000,0,0,196608,3,0,0,0,1,1
3,chain3_i32,i32,16384,glibc_t1,P6,10,3,1,6773.00,0.0000,0.0000,7000.0,0.0,1.000,65536.0,0.000,0,0,65536,1,2,0,0,1,1
3,chain3_i32,i32,16384,glibc_t1,FIXED_TWIN,11,0,1,5889.00,0.0000,0.0000,6000.0,0.0,1.000,65536.0,0.000,0,0,65536,1,1,1,0,1,1
3,chain3_i32,i32,16384,glibc_t1,P5,11,1,1,6946.00,0.0000,0.0000,8000.0,0.0,3.000,196608.0,0.000,0,0,196608,3,0,0,0,1,1
3,chain3_i32,i32,16384,glibc_t1,P6,11,2,1,8092.00,0.0000,0.0000,9000.0,0.0,1.000,65536.0,0.000,0,0,65536,1,2,0,0,1,1
3,chain3_i32,i32,16384,glibc_t1,P7,11,3,1,5930.00,0.0000,0.0000,6000.0,0.0,1.000,65536.0,0.000,0,0,65536,1,1,1,0,1,1
3,chain3_i32,i32,16384,glibc_t1,P5,12,0,1,6876.00,0.0000,0.0000,7000.0,0.0,3.000,196608.0,0.000,0,0,196608,3,0,0,0,1,1
3,chain3_i32,i32,16384,glibc_t1,P6,12,1,1,7564.00,0.0000,0.0000,8000.0,0.0,1.000,65536.0,0.000,0,0,65536,1,2,0,0,1,1
3,chain3_i32,i32,16384,glibc_t1,P7,12,2,1,5881.00,0.0000,0.0000,6000.0,0.0,1.000,65536.0,0.000,0,0,65536,1,1,1,0,1,1
3,chain3_i32,i32,16384,glibc_t1,FIXED_TWIN,12,3,1,5888.00,0.0000,0.0000,6000.0,0.0,1.000,65536.0,0.000,0,0,65536,1,1,1,0,1,1
3,chain3_i32,i32,16384,glibc_t1,P6,13,0,1,6646.00,0.0000,0.0000,7000.0,0.0,1.000,65536.0,0.000,0,0,65536,1,2,0,0,1,1
3,chain3_i32,i32,16384,glibc_t1,P7,13,1,1,5869.00,0.0000,0.0000,7000.0,0.0,1.000,65536.0,0.000,0,0,65536,1,1,1,0,1,1
3,chain3_i32,i32,16384,glibc_t1,FIXED_TWIN,13,2,1,5874.00,0.0000,0.0000,7000.0,0.0,1.000,65536.0,0.000,0,0,65536,1,1,1,0,1,1
3,chain3_i32,i32,16384,glibc_t1,P5,13,3,1,6928.00,0.0000,0.0000,8000.0,0.0,3.000,196608.0,0.000,0,0,196608,3,0,0,0,1,1
3,chain3_i32,i32,16384,glibc_t1,P7,14,0,1,5888.00,0.0000,0.0000,7000.0,0.0,1.000,65536.0,0.000,0,0,65536,1,1,1,0,1,1
3,chain3_i32,i32,16384,glibc_t1,FIXED_TWIN,14,1,1,5845.00,0.0000,0.0000,6000.0,0.0,1.000,65536.0,0.000,0,0,65536,1,1,1,0,1,1
3,chain3_i32,i32,16384,glibc_t1,P5,14,2,1,7002.00,0.0000,0.0000,7000.0,0.0,3.000,196608.0,0.000,0,0,196608,3,0,0,0,1,1
3,chain3_i32,i32,16384,glibc_t1,P6,14,3,1,6687.00,0.0000,0.0000,7000.0,0.0,1.000,65536.0,0.000,0,0,65536,1,2,0,0,1,1
3,chain3_i32,i32,65536,glibc_t1,P5,0,0,1,34437.00,0.0000,0.0000,36000.0,0.0,3.000,786432.0,0.000,0,0,786432,3,0,0,0,1,1
3,chain3_i32,i32,65536,glibc_t1,P6,0,1,1,29584.00,0.0000,0.0000,30000.0,0.0,1.000,262144.0,0.000,0,0,262144,1,2,0,0,1,1
3,chain3_i32,i32,65536,glibc_t1,P7,0,2,1,25270.00,0.0000,0.0000,26000.0,0.0,1.000,262144.0,0.000,0,0,262144,1,1,1,0,1,1
3,chain3_i32,i32,65536,glibc_t1,FIXED_TWIN,0,3,1,25272.00,0.0000,0.0000,26000.0,0.0,1.000,262144.0,0.000,0,0,262144,1,1,1,0,1,1
3,chain3_i32,i32,65536,glibc_t1,P6,1,0,1,29100.00,0.0000,0.0000,30000.0,0.0,1.000,262144.0,0.000,0,0,262144,1,2,0,0,1,1
3,chain3_i32,i32,65536,glibc_t1,P7,1,1,1,25137.00,0.0000,0.0000,26000.0,0.0,1.000,262144.0,0.000,0,0,262144,1,1,1,0,1,1
3,chain3_i32,i32,65536,glibc_t1,FIXED_TWIN,1,2,1,25128.00,0.0000,0.0000,26000.0,0.0,1.000,262144.0,0.000,0,0,262144,1,1,1,0,1,1
3,chain3_i32,i32,65536,glibc_t1,P5,1,3,1,44167.00,0.0000,0.0000,45000.0,0.0,3.000,786432.0,0.000,0,0,786432,3,0,0,0,1,1
3,chain3_i32,i32,65536,glibc_t1,P7,2,0,1,25445.00,0.0000,0.0000,27000.0,0.0,1.000,262144.0,0.000,0,0,262144,1,1,1,0,1,1
3,chain3_i32,i32,65536,glibc_t1,FIXED_TWIN,2,1,1,25324.00,0.0000,0.0000,26000.0,0.0,1.000,262144.0,0.000,0,0,262144,1,1,1,0,1,1
3,chain3_i32,i32,65536,glibc_t1,P5,2,2,1,36536.00,0.0000,0.0000,37000.0,0.0,3.000,786432.0,0.000,0,0,786432,3,0,0,0,1,1
3,chain3_i32,i32,65536,glibc_t1,P6,2,3,1,29624.00,0.0000,0.0000,30000.0,0.0,1.000,262144.0,0.000,0,0,262144,1,2,0,0,1,1
3,chain3_i32,i32,65536,glibc_t1,FIXED_TWIN,3,0,1,25262.00,0.0000,0.0000,26000.0,0.0,1.000,262144.0,0.000,0,0,262144,1,1,1,0,1,1
3,chain3_i32,i32,65536,glibc_t1,P5,3,1,1,41160.00,0.0000,0.0000,42000.0,0.0,3.000,786432.0,0.000,0,0,786432,3,0,0,0,1,1
3,chain3_i32,i32,65536,glibc_t1,P6,3,2,1,29450.00,0.0000,0.0000,30000.0,0.0,1.000,262144.0,0.000,0,0,262144,1,2,0,0,1,1
3,chain3_i32,i32,65536,glibc_t1,P7,3,3,1,25343.00,0.0000,0.0000,26000.0,0.0,1.000,262144.0,0.000,0,0,262144,1,1,1,0,1,1
3,chain3_i32,i32,65536,glibc_t1,P5,4,0,1,35846.00,0.0000,0.0000,37000.0,0.0,3.000,786432.0,0.000,0,0,786432,3,0,0,0,1,1
3,chain3_i32,i32,65536,glibc_t1,P6,4,1,1,30848.00,0.0000,0.0000,32000.0,0.0,1.000,262144.0,0.000,0,0,262144,1,2,0,0,1,1
3,chain3_i32,i32,65536,glibc_t1,P7,4,2,1,25357.00,0.0000,0.0000,26000.0,0.0,1.000,262144.0,0.000,0,0,262144,1,1,1,0,1,1
3,chain3_i32,i32,65536,glibc_t1,FIXED_TWIN,4,3,1,25362.00,0.0000,0.0000,26000.0,0.0,1.000,262144.0,0.000,0,0,262144,1,1,1,0,1,1
3,chain3_i32,i32,65536,glibc_t1,P6,5,0,1,49384.00,0.0000,0.0000,50000.0,0.0,1.000,262144.0,0.000,0,0,262144,1,2,0,0,1,1
3,chain3_i32,i32,65536,glibc_t1,P7,5,1,1,26304.00,0.0000,0.0000,27000.0,0.0,1.000,262144.0,0.000,0,0,262144,1,1,1,0,1,1
3,chain3_i32,i32,65536,glibc_t1,FIXED_TWIN,5,2,1,26321.00,0.0000,0.0000,27000.0,0.0,1.000,262144.0,0.000,0,0,262144,1,1,1,0,1,1
3,chain3_i32,i32,65536,glibc_t1,P5,5,3,1,35903.00,0.0000,0.0000,37000.0,0.0,3.000,786432.0,0.000,0,0,786432,3,0,0,0,1,1
3,chain3_i32,i32,65536,glibc_t1,P7,6,0,1,25474.00,0.0000,0.0000,27000.0,0.0,1.000,262144.0,0.000,0,0,262144,1,1,1,0,1,1
3,chain3_i32,i32,65536,glibc_t1,FIXED_TWIN,6,1,1,25279.00,0.0000,0.0000,26000.0,0.0,1.000,262144.0,0.000,0,0,262144,1,1,1,0,1,1
3,chain3_i32,i32,65536,glibc_t1,P5,6,2,1,35707.00,0.0000,0.0000,36000.0,0.0,3.000,786432.0,0.000,0,0,786432,3,0,0,0,1,1
3,chain3_i32,i32,65536,glibc_t1,P6,6,3,1,29524.00,0.0000,0.0000,30000.0,0.0,1.000,262144.0,0.000,0,0,262144,1,2,0,0,1,1
3,chain3_i32,i32,65536,glibc_t1,FIXED_TWIN,7,0,1,25175.00,0.0000,0.0000,26000.0,0.0,1.000,262144.0,0.000,0,0,262144,1,1,1,0,1,1
3,chain3_i32,i32,65536,glibc_t1,P5,7,1,1,61672.00,0.0000,0.0000,63000.0,0.0,3.000,786432.0,0.000,0,0,786432,3,0,0,0,1,1
3,chain3_i32,i32,65536,glibc_t1,P6,7,2,1,29649.00,0.0000,0.0000,31000.0,0.0,1.000,262144.0,0.000,0,0,262144,1,2,0,0,1,1
3,chain3_i32,i32,65536,glibc_t1,P7,7,3,1,25390.00,0.0000,0.0000,26000.0,0.0,1.000,262144.0,0.000,0,0,262144,1,1,1,0,1,1
3,chain3_i32,i32,65536,glibc_t1,P5,8,0,1,38030.00,0.0000,0.0000,39000.0,0.0,3.000,786432.0,0.000,0,0,786432,3,0,0,0,1,1
3,chain3_i32,i32,65536,glibc_t1,P6,8,1,1,35714.00,0.0000,0.0000,37000.0,0.0,1.000,262144.0,0.000,0,0,262144,1,2,0,0,1,1
3,chain3_i32,i32,65536,glibc_t1,P7,8,2,1,25402.00,0.0000,0.0000,26000.0,0.0,1.000,262144.0,0.000,0,0,262144,1,1,1,0,1,1
3,chain3_i32,i32,65536,glibc_t1,FIXED_TWIN,8,3,1,25361.00,0.0000,0.0000,26000.0,0.0,1.000,262144.0,0.000,0,0,262144,1,1,1,0,1,1
3,chain3_i32,i32,65536,glibc_t1,P6,9,0,1,29142.00,0.0000,0.0000,30000.0,0.0,1.000,262144.0,0.000,0,0,262144,1,2,0,0,1,1
3,chain3_i32,i32,65536,glibc_t1,P7,9,1,1,25424.00,0.0000,0.0000,26000.0,0.0,1.000,262144.0,0.000,0,0,262144,1,1,1,0,1,1
3,chain3_i32,i32,65536,glibc_t1,FIXED_TWIN,9,2,1,25275.00,0.0000,0.0000,26000.0,0.0,1.000,262144.0,0.000,0,0,262144,1,1,1,0,1,1
3,chain3_i32,i32,65536,glibc_t1,P5,9,3,1,37347.00,0.0000,0.0000,38000.0,0.0,3.000,786432.0,0.000,0,0,786432,3,0,0,0,1,1
3,chain3_i32,i32,65536,glibc_t1,P7,10,0,1,25538.00,0.0000,0.0000,26000.0,0.0,1.000,262144.0,0.000,0,0,262144,1,1,1,0,1,1
3,chain3_i32,i32,65536,glibc_t1,FIXED_TWIN,10,1,1,25207.00,0.0000,0.0000,25000.0,0.0,1.000,262144.0,0.000,0,0,262144,1,1,1,0,1,1
3,chain3_i32,i32,65536,glibc_t1,P5,10,2,1,36175.00,0.0000,0.0000,37000.0,0.0,3.000,786432.0,0.000,0,0,786432,3,0,0,0,1,1
3,chain3_i32,i32,65536,glibc_t1,P6,10,3,1,29520.00,0.0000,0.0000,30000.0,0.0,1.000,262144.0,0.000,0,0,262144,1,2,0,0,1,1
3,chain3_i32,i32,65536,glibc_t1,FIXED_TWIN,11,0,1,25280.00,0.0000,0.0000,26000.0,0.0,1.000,262144.0,0.000,0,0,262144,1,1,1,0,1,1
3,chain3_i32,i32,65536,glibc_t1,P5,11,1,1,35538.00,0.0000,0.0000,36000.0,0.0,3.000,786432.0,0.000,0,0,786432,3,0,0,0,1,1
3,chain3_i32,i32,65536,glibc_t1,P6,11,2,1,29333.00,0.0000,0.0000,30000.0,0.0,1.000,262144.0,0.000,0,0,262144,1,2,0,0,1,1
3,chain3_i32,i32,65536,glibc_t1,P7,11,3,1,30799.00,0.0000,0.0000,31000.0,0.0,1.000,262144.0,0.000,0,0,262144,1,1,1,0,1,1
3,chain3_i32,i32,65536,glibc_t1,P5,12,0,1,35128.00,0.0000,0.0000,36000.0,0.0,3.000,786432.0,0.000,0,0,786432,3,0,0,0,1,1
3,chain3_i32,i32,65536,glibc_t1,P6,12,1,1,30716.00,0.0000,0.0000,32000.0,0.0,1.000,262144.0,0.000,0,0,262144,1,2,0,0,1,1
3,chain3_i32,i32,65536,glibc_t1,P7,12,2,1,25310.00,0.0000,0.0000,26000.0,0.0,1.000,262144.0,0.000,0,0,262144,1,1,1,0,1,1
3,chain3_i32,i32,65536,glibc_t1,FIXED_TWIN,12,3,1,25201.00,0.0000,0.0000,26000.0,0.0,1.000,262144.0,0.000,0,0,262144,1,1,1,0,1,1
3,chain3_i32,i32,65536,glibc_t1,P6,13,0,1,28986.00,0.0000,0.0000,29000.0,0.0,1.000,262144.0,0.000,0,0,262144,1,2,0,0,1,1
3,chain3_i32,i32,65536,glibc_t1,P7,13,1,1,25213.00,0.0000,0.0000,26000.0,0.0,1.000,262144.0,0.000,0,0,262144,1,1,1,0,1,1
3,chain3_i32,i32,65536,glibc_t1,FIXED_TWIN,13,2,1,25185.00,0.0000,0.0000,26000.0,0.0,1.000,262144.0,0.000,0,0,262144,1,1,1,0,1,1
3,chain3_i32,i32,65536,glibc_t1,P5,13,3,1,35330.00,0.0000,0.0000,36000.0,0.0,3.000,786432.0,0.000,0,0,786432,3,0,0,0,1,1
3,chain3_i32,i32,65536,glibc_t1,P7,14,0,1,25455.00,0.0000,0.0000,27000.0,0.0,1.000,262144.0,0.000,0,0,262144,1,1,1,0,1,1
3,chain3_i32,i32,65536,glibc_t1,FIXED_TWIN,14,1,1,25209.00,0.0000,0.0000,26000.0,0.0,1.000,262144.0,0.000,0,0,262144,1,1,1,0,1,1
3,chain3_i32,i32,65536,glibc_t1,P5,14,2,1,35582.00,0.0000,0.0000,37000.0,0.0,3.000,786432.0,0.000,0,0,786432,3,0,0,0,1,1
3,chain3_i32,i32,65536,glibc_t1,P6,14,3,1,29471.00,0.0000,0.0000,30000.0,0.0,1.000,262144.0,0.000,0,0,262144,1,2,0,0,1,1
3,chain3_i32,i32,262144,glibc_t1,P5,0,0,1,379073.00,0.0000,0.0000,382000.0,0.0,3.000,3145728.0,0.000,0,0,3145728,3,0,0,0,1,1
3,chain3_i32,i32,262144,glibc_t1,P6,0,1,1,244121.00,0.0000,0.0000,247000.0,0.0,1.000,1048576.0,0.000,0,0,1048576,1,2,0,0,1,1
3,chain3_i32,i32,262144,glibc_t1,P7,0,2,1,224049.00,0.0000,0.0000,226000.0,0.0,1.000,1048576.0,0.000,0,0,1048576,1,1,1,0,1,1
3,chain3_i32,i32,262144,glibc_t1,FIXED_TWIN,0,3,1,251499.00,0.0000,0.0000,253000.0,0.0,1.000,1048576.0,0.000,0,0,1048576,1,1,1,0,1,1
3,chain3_i32,i32,262144,glibc_t1,P6,1,0,1,241611.00,0.0000,0.0000,244000.0,0.0,1.000,1048576.0,0.000,0,0,1048576,1,2,0,0,1,1
3,chain3_i32,i32,262144,glibc_t1,P7,1,1,1,250385.00,0.0000,0.0000,252000.0,0.0,1.000,1048576.0,0.000,0,0,1048576,1,1,1,0,1,1
3,chain3_i32,i32,262144,glibc_t1,FIXED_TWIN,1,2,1,243351.00,0.0000,0.0000,246000.0,0.0,1.000,1048576.0,0.000,0,0,1048576,1,1,1,0,1,1
3,chain3_i32,i32,262144,glibc_t1,P5,1,3,1,353788.00,0.0000,0.0000,357000.0,0.0,3.000,3145728.0,0.000,0,0,3145728,3,0,0,0,1,1
3,chain3_i32,i32,262144,glibc_t1,P7,2,0,1,248563.00,0.0000,0.0000,251000.0,0.0,1.000,1048576.0,0.000,0,0,1048576,1,1,1,0,1,1
3,chain3_i32,i32,262144,glibc_t1,FIXED_TWIN,2,1,1,225572.00,0.0000,0.0000,228000.0,0.0,1.000,1048576.0,0.000,0,0,1048576,1,1,1,0,1,1
3,chain3_i32,i32,262144,glibc_t1,P5,2,2,1,362097.00,0.0000,0.0000,366000.0,0.0,3.000,3145728.0,0.000,0,0,3145728,3,0,0,0,1,1
3,chain3_i32,i32,262144,glibc_t1,P6,2,3,1,244112.00,0.0000,0.0000,247000.0,0.0,1.000,1048576.0,0.000,0,0,1048576,1,2,0,0,1,1
3,chain3_i32,i32,262144,glibc_t1,FIXED_TWIN,3,0,1,224383.00,0.0000,0.0000,227000.0,0.0,1.000,1048576.0,0.000,0,0,1048576,1,1,1,0,1,1
3,chain3_i32,i32,262144,glibc_t1,P5,3,1,1,391699.00,0.0000,0.0000,395000.0,0.0,3.000,3145728.0,0.000,0,0,3145728,3,0,0,0,1,1
3,chain3_i32,i32,262144,glibc_t1,P6,3,2,1,240870.00,0.0000,0.0000,243000.0,0.0,1.000,1048576.0,0.000,0,0,1048576,1,2,0,0,1,1
3,chain3_i32,i32,262144,glibc_t1,P7,3,3,1,227175.00,0.0000,0.0000,230000.0,0.0,1.000,1048576.0,0.000,0,0,1048576,1,1,1,0,1,1
3,chain3_i32,i32,262144,glibc_t1,P5,4,0,1,385650.00,0.0000,0.0000,388000.0,0.0,3.000,3145728.0,0.000,0,0,3145728,3,0,0,0,1,1
3,chain3_i32,i32,262144,glibc_t1,P6,4,1,1,239549.00,0.0000,0.0000,241000.0,0.0,1.000,1048576.0,0.000,0,0,1048576,1,2,0,0,1,1
3,chain3_i32,i32,262144,glibc_t1,P7,4,2,1,229736.00,0.0000,0.0000,232000.0,0.0,1.000,1048576.0,0.000,0,0,1048576,1,1,1,0,1,1
3,chain3_i32,i32,262144,glibc_t1,FIXED_TWIN,4,3,1,222661.00,0.0000,0.0000,224000.0,0.0,1.000,1048576.0,0.000,0,0,1048576,1,1,1,0,1,1
3,chain3_i32,i32,262144,glibc_t1,P6,5,0,1,240988.00,0.0000,0.0000,243000.0,0.0,1.000,1048576.0,0.000,0,0,1048576,1,2,0,0,1,1
3,chain3_i32,i32,262144,glibc_t1,P7,5,1,1,245602.00,0.0000,0.0000,248000.0,0.0,1.000,1048576.0,0.000,0,0,1048576,1,1,1,0,1,1
3,chain3_i32,i32,262144,glibc_t1,FIXED_TWIN,5,2,1,232244.00,0.0000,0.0000,235000.0,0.0,1.000,1048576.0,0.000,0,0,1048576,1,1,1,0,1,1
3,chain3_i32,i32,262144,glibc_t1,P5,5,3,1,366430.00,0.0000,0.0000,369000.0,0.0,3.000,3145728.0,0.000,0,0,3145728,3,0,0,0,1,1
3,chain3_i32,i32,262144,glibc_t1,P7,6,0,1,224880.00,0.0000,0.0000,227000.0,0.0,1.000,1048576.0,0.000,0,0,1048576,1,1,1,0,1,1
3,chain3_i32,i32,262144,glibc_t1,FIXED_TWIN,6,1,1,225391.00,0.0000,0.0000,228000.0,0.0,1.000,1048576.0,0.000,0,0,1048576,1,1,1,0,1,1
3,chain3_i32,i32,262144,glibc_t1,P5,6,2,1,380315.00,0.0000,0.0000,383000.0,0.0,3.000,3145728.0,0.000,0,0,3145728,3,0,0,0,1,1
3,chain3_i32,i32,262144,glibc_t1,P6,6,3,1,241978.00,0.0000,0.0000,244000.0,0.0,1.000,1048576.0,0.000,0,0,1048576,1,2,0,0,1,1
3,chain3_i32,i32,262144,glibc_t1,FIXED_TWIN,7,0,1,225715.00,0.0000,0.0000,227000.0,0.0,1.000,1048576.0,0.000,0,0,1048576,1,1,1,0,1,1
3,chain3_i32,i32,262144,glibc_t1,P5,7,1,1,393001.00,0.0000,0.0000,396000.0,0.0,3.000,3145728.0,0.000,0,0,3145728,3,0,0,0,1,1
3,chain3_i32,i32,262144,glibc_t1,P6,7,2,1,239278.00,0.0000,0.0000,242000.0,0.0,1.000,1048576.0,0.000,0,0,1048576,1,2,0,0,1,1
3,chain3_i32,i32,262144,glibc_t1,P7,7,3,1,226304.00,0.0000,0.0000,227000.0,0.0,1.000,1048576.0,0.000,0,0,1048576,1,1,1,0,1,1
3,chain3_i32,i32,262144,glibc_t1,P5,8,0,1,382601.00,0.0000,0.0000,386000.0,0.0,3.000,3145728.0,0.000,0,0,3145728,3,0,0,0,1,1
3,chain3_i32,i32,262144,glibc_t1,P6,8,1,1,240111.00,0.0000,0.0000,243000.0,0.0,1.000,1048576.0,0.000,0,0,1048576,1,2,0,0,1,1
3,chain3_i32,i32,262144,glibc_t1,P7,8,2,1,225401.00,0.0000,0.0000,228000.0,0.0,1.000,1048576.0,0.000,0,0,1048576,1,1,1,0,1,1
3,chain3_i32,i32,262144,glibc_t1,FIXED_TWIN,8,3,1,256090.00,0.0000,0.0000,258000.0,0.0,1.000,1048576.0,0.000,0,0,1048576,1,1,1,0,1,1
3,chain3_i32,i32,262144,glibc_t1,P6,9,0,1,233043.00,0.0000,0.0000,234000.0,0.0,1.000,1048576.0,0.000,0,0,1048576,1,2,0,0,1,1
3,chain3_i32,i32,262144,glibc_t1,P7,9,1,1,252500.00,0.0000,0.0000,255000.0,0.0,1.000,1048576.0,0.000,0,0,1048576,1,1,1,0,1,1
3,chain3_i32,i32,262144,glibc_t1,FIXED_TWIN,9,2,1,243072.00,0.0000,0.0000,246000.0,0.0,1.000,1048576.0,0.000,0,0,1048576,1,1,1,0,1,1
3,chain3_i32,i32,262144,glibc_t1,P5,9,3,1,359086.00,0.0000,0.0000,363000.0,0.0,3.000,3145728.0,0.000,0,0,3145728,3,0,0,0,1,1
3,chain3_i32,i32,262144,glibc_t1,P7,10,0,1,224509.00,0.0000,0.0000,226000.0,0.0,1.000,1048576.0,0.000,0,0,1048576,1,1,1,0,1,1
3,chain3_i32,i32,262144,glibc_t1,FIXED_TWIN,10,1,1,225566.00,0.0000,0.0000,228000.0,0.0,1.000,1048576.0,0.000,0,0,1048576,1,1,1,0,1,1
3,chain3_i32,i32,262144,glibc_t1,P5,10,2,1,381943.00,0.0000,0.0000,385000.0,0.0,3.000,3145728.0,0.000,0,0,3145728,3,0,0,0,1,1
3,chain3_i32,i32,262144,glibc_t1,P6,10,3,1,243849.00,0.0000,0.0000,246000.0,0.0,1.000,1048576.0,0.000,0,0,1048576,1,2,0,0,1,1
3,chain3_i32,i32,262144,glibc_t1,FIXED_TWIN,11,0,1,224225.00,0.0000,0.0000,226000.0,0.0,1.000,1048576.0,0.000,0,0,1048576,1,1,1,0,1,1
3,chain3_i32,i32,262144,glibc_t1,P5,11,1,1,384452.00,0.0000,0.0000,387000.0,0.0,3.000,3145728.0,0.000,0,0,3145728,3,0,0,0,1,1
3,chain3_i32,i32,262144,glibc_t1,P6,11,2,1,242178.00,0.0000,0.0000,245000.0,0.0,1.000,1048576.0,0.000,0,0,1048576,1,2,0,0,1,1
3,chain3_i32,i32,262144,glibc_t1,P7,11,3,1,227032.00,0.0000,0.0000,229000.0,0.0,1.000,1048576.0,0.000,0,0,1048576,1,1,1,0,1,1
3,chain3_i32,i32,262144,glibc_t1,P5,12,0,1,383288.00,0.0000,0.0000,387000.0,0.0,3.000,3145728.0,0.000,0,0,3145728,3,0,0,0,1,1
3,chain3_i32,i32,262144,glibc_t1,P6,12,1,1,240788.00,0.0000,0.0000,243000.0,0.0,1.000,1048576.0,0.000,0,0,1048576,1,2,0,0,1,1
3,chain3_i32,i32,262144,glibc_t1,P7,12,2,1,223779.00,0.0000,0.0000,226000.0,0.0,1.000,1048576.0,0.000,0,0,1048576,1,1,1,0,1,1
3,chain3_i32,i32,262144,glibc_t1,FIXED_TWIN,12,3,1,224143.00,0.0000,0.0000,228000.0,0.0,1.000,1048576.0,0.000,0,0,1048576,1,1,1,0,1,1
3,chain3_i32,i32,262144,glibc_t1,P6,13,0,1,241074.00,0.0000,0.0000,244000.0,0.0,1.000,1048576.0,0.000,0,0,1048576,1,2,0,0,1,1
3,chain3_i32,i32,262144,glibc_t1,P7,13,1,1,224477.00,0.0000,0.0000,226000.0,0.0,1.000,1048576.0,0.000,0,0,1048576,1,1,1,0,1,1
3,chain3_i32,i32,262144,glibc_t1,FIXED_TWIN,13,2,1,224142.00,0.0000,0.0000,226000.0,0.0,1.000,1048576.0,0.000,0,0,1048576,1,1,1,0,1,1
3,chain3_i32,i32,262144,glibc_t1,P5,13,3,1,381480.00,0.0000,0.0000,385000.0,0.0,3.000,3145728.0,0.000,0,0,3145728,3,0,0,0,1,1
3,chain3_i32,i32,262144,glibc_t1,P7,14,0,1,224855.00,0.0000,0.0000,227000.0,0.0,1.000,1048576.0,0.000,0,0,1048576,1,1,1,0,1,1
3,chain3_i32,i32,262144,glibc_t1,FIXED_TWIN,14,1,1,225347.00,0.0000,0.0000,227000.0,0.0,1.000,1048576.0,0.000,0,0,1048576,1,1,1,0,1,1
3,chain3_i32,i32,262144,glibc_t1,P5,14,2,1,383901.00,0.0000,0.0000,387000.0,0.0,3.000,3145728.0,0.000,0,0,3145728,3,0,0,0,1,1
3,chain3_i32,i32,262144,glibc_t1,P6,14,3,1,233607.00,0.0000,0.0000,236000.0,0.0,1.000,1048576.0,0.000,0,0,1048576,1,2,0,0,1,1
3,chain3_i32,i32,1048576,glibc_t1,P5,0,0,1,1496818.00,0.0000,0.0000,1502000.0,0.0,3.000,12582912.0,0.000,0,0,12582912,3,0,0,0,1,1
3,chain3_i32,i32,1048576,glibc_t1,P6,0,1,1,1157034.00,0.0000,0.0000,1161000.0,0.0,1.000,4194304.0,0.000,0,0,4194304,1,2,0,0,1,1
3,chain3_i32,i32,1048576,glibc_t1,P7,0,2,1,1016910.00,0.0000,0.0000,1021000.0,0.0,1.000,4194304.0,0.000,0,0,4194304,1,1,1,0,1,1
3,chain3_i32,i32,1048576,glibc_t1,FIXED_TWIN,0,3,1,1030877.00,0.0000,0.0000,993000.0,0.0,1.000,4194304.0,0.000,0,0,4194304,1,1,1,0,1,1
3,chain3_i32,i32,1048576,glibc_t1,P6,1,0,1,1152167.00,0.0000,0.0000,1155000.0,0.0,1.000,4194304.0,0.000,0,0,4194304,1,2,0,0,1,1
3,chain3_i32,i32,1048576,glibc_t1,P7,1,1,1,1036718.00,0.0000,0.0000,1018000.0,0.0,1.000,4194304.0,0.000,0,0,4194304,1,1,1,0,1,1
3,chain3_i32,i32,1048576,glibc_t1,FIXED_TWIN,1,2,1,990102.00,0.0000,0.0000,994000.0,0.0,1.000,4194304.0,0.000,0,0,4194304,1,1,1,0,1,1
3,chain3_i32,i32,1048576,glibc_t1,P5,1,3,1,1482559.00,0.0000,0.0000,1487000.0,0.0,3.000,12582912.0,0.000,0,0,12582912,3,0,0,0,1,1
3,chain3_i32,i32,1048576,glibc_t1,P7,2,0,1,1017714.00,0.0000,0.0000,1021000.0,0.0,1.000,4194304.0,0.000,0,0,4194304,1,1,1,0,1,1
3,chain3_i32,i32,1048576,glibc_t1,FIXED_TWIN,2,1,1,986163.00,0.0000,0.0000,990000.0,0.0,1.000,4194304.0,0.000,0,0,4194304,1,1,1,0,1,1
3,chain3_i32,i32,1048576,glibc_t1,P5,2,2,1,1477608.00,0.0000,0.0000,1481000.0,0.0,3.000,12582912.0,0.000,0,0,12582912,3,0,0,0,1,1
3,chain3_i32,i32,1048576,glibc_t1,P6,2,3,1,1187424.00,0.0000,0.0000,1191000.0,0.0,1.000,4194304.0,0.000,0,0,4194304,1,2,0,0,1,1
3,chain3_i32,i32,1048576,glibc_t1,FIXED_TWIN,3,0,1,1001152.00,0.0000,0.0000,1004000.0,0.0,1.000,4194304.0,0.000,0,0,4194304,1,1,1,0,1,1
3,chain3_i32,i32,1048576,glibc_t1,P5,3,1,1,1477155.00,0.0000,0.0000,1481000.0,0.0,3.000,12582912.0,0.000,0,0,12582912,3,0,0,0,1,1
3,chain3_i32,i32,1048576,glibc_t1,P6,3,2,1,1194956.00,0.0000,0.0000,1198000.0,0.0,1.000,4194304.0,0.000,0,0,4194304,1,2,0,0,1,1
3,chain3_i32,i32,1048576,glibc_t1,P7,3,3,1,995446.00,0.0000,0.0000,999000.0,0.0,1.000,4194304.0,0.000,0,0,4194304,1,1,1,0,1,1
3,chain3_i32,i32,1048576,glibc_t1,P5,4,0,1,1497790.00,0.0000,0.0000,1502000.0,0.0,3.000,12582912.0,0.000,0,0,12582912,3,0,0,0,1,1
3,chain3_i32,i32,1048576,glibc_t1,P6,4,1,1,1176955.00,0.0000,0.0000,1180000.0,0.0,1.000,4194304.0,0.000,0,0,4194304,1,2,0,0,1,1
3,chain3_i32,i32,1048576,glibc_t1,P7,4,2,1,988168.00,0.0000,0.0000,992000.0,0.0,1.000,4194304.0,0.000,0,0,4194304,1,1,1,0,1,1
3,chain3_i32,i32,1048576,glibc_t1,FIXED_TWIN,4,3,1,997491.00,0.0000,0.0000,1001000.0,0.0,1.000,4194304.0,0.000,0,0,4194304,1,1,1,0,1,1
3,chain3_i32,i32,1048576,glibc_t1,P6,5,0,1,1186175.00,0.0000,0.0000,1190000.0,0.0,1.000,4194304.0,0.000,0,0,4194304,1,2,0,0,1,1
3,chain3_i32,i32,1048576,glibc_t1,P7,5,1,1,987223.00,0.0000,0.0000,991000.0,0.0,1.000,4194304.0,0.000,0,0,4194304,1,1,1,0,1,1
3,chain3_i32,i32,1048576,glibc_t1,FIXED_TWIN,5,2,1,1092377.00,0.0000,0.0000,1096000.0,0.0,1.000,4194304.0,0.000,0,0,4194304,1,1,1,0,1,1
3,chain3_i32,i32,1048576,glibc_t1,P5,5,3,1,1554364.00,0.0000,0.0000,1558000.0,0.0,3.000,12582912.0,0.000,0,0,12582912,3,0,0,0,1,1
3,chain3_i32,i32,1048576,glibc_t1,P7,6,0,1,1000076.00,0.0000,0.0000,1004000.0,0.0,1.000,4194304.0,0.000,0,0,4194304,1,1,1,0,1,1
3,chain3_i32,i32,1048576,glibc_t1,FIXED_TWIN,6,1,1,986295.00,0.0000,0.0000,990000.0,0.0,1.000,4194304.0,0.000,0,0,4194304,1,1,1,0,1,1
3,chain3_i32,i32,1048576,glibc_t1,P5,6,2,1,1522562.00,0.0000,0.0000,1526000.0,0.0,3.000,12582912.0,0.000,0,0,12582912,3,0,0,0,1,1
3,chain3_i32,i32,1048576,glibc_t1,P6,6,3,1,1158599.00,0.0000,0.0000,1162000.0,0.0,1.000,4194304.0,0.000,0,0,4194304,1,2,0,0,1,1
3,chain3_i32,i32,1048576,glibc_t1,FIXED_TWIN,7,0,1,986283.00,0.0000,0.0000,990000.0,0.0,1.000,4194304.0,0.000,0,0,4194304,1,1,1,0,1,1
3,chain3_i32,i32,1048576,glibc_t1,P5,7,1,1,1513596.00,0.0000,0.0000,1517000.0,0.0,3.000,12582912.0,0.000,0,0,12582912,3,0,0,0,1,1
3,chain3_i32,i32,1048576,glibc_t1,P6,7,2,1,1158781.00,0.0000,0.0000,1162000.0,0.0,1.000,4194304.0,0.000,0,0,4194304,1,2,0,0,1,1
3,chain3_i32,i32,1048576,glibc_t1,P7,7,3,1,984664.00,0.0000,0.0000,988000.0,0.0,1.000,4194304.0,0.000,0,0,4194304,1,1,1,0,1,1
3,chain3_i32,i32,1048576,glibc_t1,P5,8,0,1,1505125.00,0.0000,0.0000,1508000.0,0.0,3.000,12582912.0,0.000,0,0,12582912,3,0,0,0,1,1
3,chain3_i32,i32,1048576,glibc_t1,P6,8,1,1,1207909.00,0.0000,0.0000,1211000.0,0.0,1.000,4194304.0,0.000,0,0,4194304,1,2,0,0,1,1
3,chain3_i32,i32,1048576,glibc_t1,P7,8,2,1,1002688.00,0.0000,0.0000,1006000.0,0.0,1.000,4194304.0,0.000,0,0,4194304,1,1,1,0,1,1
3,chain3_i32,i32,1048576,glibc_t1,FIXED_TWIN,8,3,1,1016875.00,0.0000,0.0000,1021000.0,0.0,1.000,4194304.0,0.000,0,0,4194304,1,1,1,0,1,1
3,chain3_i32,i32,1048576,glibc_t1,P6,9,0,1,1159606.00,0.0000,0.0000,1164000.0,0.0,1.000,4194304.0,0.000,0,0,4194304,1,2,0,0,1,1
3,chain3_i32,i32,1048576,glibc_t1,P7,9,1,1,991545.00,0.0000,0.0000,995000.0,0.0,1.000,4194304.0,0.000,0,0,4194304,1,1,1,0,1,1
3,chain3_i32,i32,1048576,glibc_t1,FIXED_TWIN,9,2,1,1018759.00,0.0000,0.0000,1022000.0,0.0,1.000,4194304.0,0.000,0,0,4194304,1,1,1,0,1,1
3,chain3_i32,i32,1048576,glibc_t1,P5,9,3,1,1502090.00,0.0000,0.0000,1506000.0,0.0,3.000,12582912.0,0.000,0,0,12582912,3,0,0,0,1,1
3,chain3_i32,i32,1048576,glibc_t1,P7,10,0,1,989838.00,0.0000,0.0000,993000.0,0.0,1.000,4194304.0,0.000,0,0,4194304,1,1,1,0,1,1
3,chain3_i32,i32,1048576,glibc_t1,FIXED_TWIN,10,1,1,1013093.00,0.0000,0.0000,1016000.0,0.0,1.000,4194304.0,0.000,0,0,4194304,1,1,1,0,1,1
3,chain3_i32,i32,1048576,glibc_t1,P5,10,2,1,1473052.00,0.0000,0.0000,1477000.0,0.0,3.000,12582912.0,0.000,0,0,12582912,3,0,0,0,1,1
3,chain3_i32,i32,1048576,glibc_t1,P6,10,3,1,1153452.00,0.0000,0.0000,1157000.0,0.0,1.000,4194304.0,0.000,0,0,4194304,1,2,0,0,1,1
3,chain3_i32,i32,1048576,glibc_t1,FIXED_TWIN,11,0,1,1013655.00,0.0000,0.0000,1017000.0,0.0,1.000,4194304.0,0.000,0,0,4194304,1,1,1,0,1,1
3,chain3_i32,i32,1048576,glibc_t1,P5,11,1,1,1501494.00,0.0000,0.0000,1504000.0,0.0,3.000,12582912.0,0.000,0,0,12582912,3,0,0,0,1,1
3,chain3_i32,i32,1048576,glibc_t1,P6,11,2,1,1155803.00,0.0000,0.0000,1160000.0,0.0,1.000,4194304.0,0.000,0,0,4194304,1,2,0,0,1,1
3,chain3_i32,i32,1048576,glibc_t1,P7,11,3,1,987024.00,0.0000,0.0000,991000.0,0.0,1.000,4194304.0,0.000,0,0,4194304,1,1,1,0,1,1
3,chain3_i32,i32,1048576,glibc_t1,P5,12,0,1,1524106.00,0.0000,0.0000,1528000.0,0.0,3.000,12582912.0,0.000,0,0,12582912,3,0,0,0,1,1
3,chain3_i32,i32,1048576,glibc_t1,P6,12,1,1,1159363.00,0.0000,0.0000,1163000.0,0.0,1.000,4194304.0,0.000,0,0,4194304,1,2,0,0,1,1
3,chain3_i32,i32,1048576,glibc_t1,P7,12,2,1,1057147.00,0.0000,0.0000,1062000.0,0.0,1.000,4194304.0,0.000,0,0,4194304,1,1,1,0,1,1
3,chain3_i32,i32,1048576,glibc_t1,FIXED_TWIN,12,3,1,1038449.00,0.0000,0.0000,1042000.0,0.0,1.000,4194304.0,0.000,0,0,4194304,1,1,1,0,1,1
3,chain3_i32,i32,1048576,glibc_t1,P6,13,0,1,1154698.00,0.0000,0.0000,1159000.0,0.0,1.000,4194304.0,0.000,0,0,4194304,1,2,0,0,1,1
3,chain3_i32,i32,1048576,glibc_t1,P7,13,1,1,987939.00,0.0000,0.0000,992000.0,0.0,1.000,4194304.0,0.000,0,0,4194304,1,1,1,0,1,1
3,chain3_i32,i32,1048576,glibc_t1,FIXED_TWIN,13,2,1,988257.00,0.0000,0.0000,992000.0,0.0,1.000,4194304.0,0.000,0,0,4194304,1,1,1,0,1,1
3,chain3_i32,i32,1048576,glibc_t1,P5,13,3,1,1547267.00,0.0000,0.0000,1551000.0,0.0,3.000,12582912.0,0.000,0,0,12582912,3,0,0,0,1,1
3,chain3_i32,i32,1048576,glibc_t1,P7,14,0,1,978961.00,0.0000,0.0000,983000.0,0.0,1.000,4194304.0,0.000,0,0,4194304,1,1,1,0,1,1
3,chain3_i32,i32,1048576,glibc_t1,FIXED_TWIN,14,1,1,982490.00,0.0000,0.0000,987000.0,0.0,1.000,4194304.0,0.000,0,0,4194304,1,1,1,0,1,1
3,chain3_i32,i32,1048576,glibc_t1,P5,14,2,1,1552699.00,0.0000,0.0000,1556000.0,0.0,3.000,12582912.0,0.000,0,0,12582912,3,0,0,0,1,1
3,chain3_i32,i32,1048576,glibc_t1,P6,14,3,1,1153996.00,0.0000,0.0000,1158000.0,0.0,1.000,4194304.0,0.000,0,0,4194304,1,2,0,0,1,1
3,chain3_i32,i32,4194304,glibc_t1,P5,0,0,1,7844386.00,0.0000,0.0000,7851000.0,0.0,3.000,50331648.0,0.000,0,0,50331648,3,0,0,0,1,1
3,chain3_i32,i32,4194304,glibc_t1,P6,0,1,1,5223305.00,0.0000,0.0000,5228000.0,0.0,1.000,16777216.0,0.000,0,0,16777216,1,2,0,0,1,1
3,chain3_i32,i32,4194304,glibc_t1,P7,0,2,1,4184851.00,0.0000,0.0000,4188000.0,0.0,1.000,16777216.0,0.000,0,0,16777216,1,1,1,0,1,1
3,chain3_i32,i32,4194304,glibc_t1,FIXED_TWIN,0,3,1,4104916.00,0.0000,0.0000,4109000.0,0.0,1.000,16777216.0,0.000,0,0,16777216,1,1,1,0,1,1
3,chain3_i32,i32,4194304,glibc_t1,P6,1,0,1,4696080.00,0.0000,0.0000,4700000.0,0.0,1.000,16777216.0,0.000,0,0,16777216,1,2,0,0,1,1
3,chain3_i32,i32,4194304,glibc_t1,P7,1,1,1,4019388.00,0.0000,0.0000,3990000.0,0.0,1.000,16777216.0,0.000,0,0,16777216,1,1,1,0,1,1
3,chain3_i32,i32,4194304,glibc_t1,FIXED_TWIN,1,2,1,4005767.00,0.0000,0.0000,4010000.0,0.0,1.000,16777216.0,0.000,0,0,16777216,1,1,1,0,1,1
3,chain3_i32,i32,4194304,glibc_t1,P5,1,3,1,8435248.00,0.0000,0.0000,8438000.0,0.0,3.000,50331648.0,0.000,0,0,50331648,3,0,0,0,1,1
3,chain3_i32,i32,4194304,glibc_t1,P7,2,0,1,4633635.00,0.0000,0.0000,4638000.0,0.0,1.000,16777216.0,0.000,0,0,16777216,1,1,1,0,1,1
3,chain3_i32,i32,4194304,glibc_t1,FIXED_TWIN,2,1,1,4340772.00,0.0000,0.0000,4344000.0,0.0,1.000,16777216.0,0.000,0,0,16777216,1,1,1,0,1,1
3,chain3_i32,i32,4194304,glibc_t1,P5,2,2,1,8437144.00,0.0000,0.0000,8312000.0,0.0,3.000,50331648.0,0.000,0,0,50331648,3,0,0,0,1,1
3,chain3_i32,i32,4194304,glibc_t1,P6,2,3,1,5403966.00,0.0000,0.0000,5409000.0,0.0,1.000,16777216.0,0.000,0,0,16777216,1,2,0,0,1,1
3,chain3_i32,i32,4194304,glibc_t1,FIXED_TWIN,3,0,1,4369632.00,0.0000,0.0000,4373000.0,0.0,1.000,16777216.0,0.000,0,0,16777216,1,1,1,0,1,1
3,chain3_i32,i32,4194304,glibc_t1,P5,3,1,1,8541846.00,0.0000,0.0000,8546000.0,0.0,3.000,50331648.0,0.000,0,0,50331648,3,0,0,0,1,1
3,chain3_i32,i32,4194304,glibc_t1,P6,3,2,1,5462020.00,0.0000,0.0000,5465000.0,0.0,1.000,16777216.0,0.000,0,0,16777216,1,2,0,0,1,1
3,chain3_i32,i32,4194304,glibc_t1,P7,3,3,1,4203448.00,0.0000,0.0000,4207000.0,0.0,1.000,16777216.0,0.000,0,0,16777216,1,1,1,0,1,1
3,chain3_i32,i32,4194304,glibc_t1,P5,4,0,1,7978531.00,0.0000,0.0000,7981000.0,0.0,3.000,50331648.0,0.000,0,0,50331648,3,0,0,0,1,1
3,chain3_i32,i32,4194304,glibc_t1,P6,4,1,1,5194704.00,0.0000,0.0000,5199000.0,0.0,1.000,16777216.0,0.000,0,0,16777216,1,2,0,0,1,1
3,chain3_i32,i32,4194304,glibc_t1,P7,4,2,1,4260818.00,0.0000,0.0000,4264000.0,0.0,1.000,16777216.0,0.000,0,0,16777216,1,1,1,0,1,1
3,chain3_i32,i32,4194304,glibc_t1,FIXED_TWIN,4,3,1,4039464.00,0.0000,0.0000,4043000.0,0.0,1.000,16777216.0,0.000,0,0,16777216,1,1,1,0,1,1
3,chain3_i32,i32,4194304,glibc_t1,P6,5,0,1,4679902.00,0.0000,0.0000,4683000.0,0.0,1.000,16777216.0,0.000,0,0,16777216,1,2,0,0,1,1
3,chain3_i32,i32,4194304,glibc_t1,P7,5,1,1,3960117.00,0.0000,0.0000,3963000.0,0.0,1.000,16777216.0,0.000,0,0,16777216,1,1,1,0,1,1
3,chain3_i32,i32,4194304,glibc_t1,FIXED_TWIN,5,2,1,3945536.00,0.0000,0.0000,3948000.0,0.0,1.000,16777216.0,0.000,0,0,16777216,1,1,1,0,1,1
3,chain3_i32,i32,4194304,glibc_t1,P5,5,3,1,8211175.00,0.0000,0.0000,8215000.0,0.0,3.000,50331648.0,0.000,0,0,50331648,3,0,0,0,1,1
3,chain3_i32,i32,4194304,glibc_t1,P7,6,0,1,5646218.00,0.0000,0.0000,5654000.0,0.0,1.000,16777216.0,0.000,0,0,16777216,1,1,1,0,1,1
3,chain3_i32,i32,4194304,glibc_t1,FIXED_TWIN,6,1,1,4361084.00,0.0000,0.0000,4366000.0,0.0,1.000,16777216.0,0.000,0,0,16777216,1,1,1,0,1,1
3,chain3_i32,i32,4194304,glibc_t1,P5,6,2,1,8390734.00,0.0000,0.0000,8395000.0,0.0,3.000,50331648.0,0.000,0,0,50331648,3,0,0,0,1,1
3,chain3_i32,i32,4194304,glibc_t1,P6,6,3,1,5307138.00,0.0000,0.0000,5312000.0,0.0,1.000,16777216.0,0.000,0,0,16777216,1,2,0,0,1,1
3,chain3_i32,i32,4194304,glibc_t1,FIXED_TWIN,7,0,1,4070082.00,0.0000,0.0000,4074000.0,0.0,1.000,16777216.0,0.000,0,0,16777216,1,1,1,0,1,1
3,chain3_i32,i32,4194304,glibc_t1,P5,7,1,1,7823996.00,0.0000,0.0000,7827000.0,0.0,3.000,50331648.0,0.000,0,0,50331648,3,0,0,0,1,1
3,chain3_i32,i32,4194304,glibc_t1,P6,7,2,1,4981579.00,0.0000,0.0000,4985000.0,0.0,1.000,16777216.0,0.000,0,0,16777216,1,2,0,0,1,1
3,chain3_i32,i32,4194304,glibc_t1,P7,7,3,1,4020468.00,0.0000,0.0000,4023000.0,0.0,1.000,16777216.0,0.000,0,0,16777216,1,1,1,0,1,1
3,chain3_i32,i32,4194304,glibc_t1,P5,8,0,1,7933451.00,0.0000,0.0000,7937000.0,0.0,3.000,50331648.0,0.000,0,0,50331648,3,0,0,0,1,1
3,chain3_i32,i32,4194304,glibc_t1,P6,8,1,1,4846883.00,0.0000,0.0000,4850000.0,0.0,1.000,16777216.0,0.000,0,0,16777216,1,2,0,0,1,1
3,chain3_i32,i32,4194304,glibc_t1,P7,8,2,1,3989906.00,0.0000,0.0000,3993000.0,0.0,1.000,16777216.0,0.000,0,0,16777216,1,1,1,0,1,1
3,chain3_i32,i32,4194304,glibc_t1,FIXED_TWIN,8,3,1,3981157.00,0.0000,0.0000,3984000.0,0.0,1.000,16777216.0,0.000,0,0,16777216,1,1,1,0,1,1
3,chain3_i32,i32,4194304,glibc_t1,P6,9,0,1,4925593.00,0.0000,0.0000,4769000.0,0.0,1.000,16777216.0,0.000,0,0,16777216,1,2,0,0,1,1
3,chain3_i32,i32,4194304,glibc_t1,P7,9,1,1,4055199.00,0.0000,0.0000,4059000.0,0.0,1.000,16777216.0,0.000,0,0,16777216,1,1,1,0,1,1
3,chain3_i32,i32,4194304,glibc_t1,FIXED_TWIN,9,2,1,4013235.00,0.0000,0.0000,4016000.0,0.0,1.000,16777216.0,0.000,0,0,16777216,1,1,1,0,1,1
3,chain3_i32,i32,4194304,glibc_t1,P5,9,3,1,8729208.00,0.0000,0.0000,8733000.0,0.0,3.000,50331648.0,0.000,0,0,50331648,3,0,0,0,1,1
3,chain3_i32,i32,4194304,glibc_t1,P7,10,0,1,5053806.00,0.0000,0.0000,5057000.0,0.0,1.000,16777216.0,0.000,0,0,16777216,1,1,1,0,1,1
3,chain3_i32,i32,4194304,glibc_t1,FIXED_TWIN,10,1,1,4381537.00,0.0000,0.0000,4387000.0,0.0,1.000,16777216.0,0.000,0,0,16777216,1,1,1,0,1,1
3,chain3_i32,i32,4194304,glibc_t1,P5,10,2,1,8221611.00,0.0000,0.0000,8225000.0,0.0,3.000,50331648.0,0.000,0,0,50331648,3,0,0,0,1,1
3,chain3_i32,i32,4194304,glibc_t1,P6,10,3,1,5310043.00,0.0000,0.0000,5313000.0,0.0,1.000,16777216.0,0.000,0,0,16777216,1,2,0,0,1,1
3,chain3_i32,i32,4194304,glibc_t1,FIXED_TWIN,11,0,1,4169810.00,0.0000,0.0000,4173000.0,0.0,1.000,16777216.0,0.000,0,0,16777216,1,1,1,0,1,1
3,chain3_i32,i32,4194304,glibc_t1,P5,11,1,1,7786928.00,0.0000,0.0000,7754000.0,0.0,3.000,50331648.0,0.000,0,0,50331648,3,0,0,0,1,1
3,chain3_i32,i32,4194304,glibc_t1,P6,11,2,1,4959845.00,0.0000,0.0000,4963000.0,0.0,1.000,16777216.0,0.000,0,0,16777216,1,2,0,0,1,1
3,chain3_i32,i32,4194304,glibc_t1,P7,11,3,1,4003168.00,0.0000,0.0000,4007000.0,0.0,1.000,16777216.0,0.000,0,0,16777216,1,1,1,0,1,1
3,chain3_i32,i32,4194304,glibc_t1,P5,12,0,1,8366690.00,0.0000,0.0000,8370000.0,0.0,3.000,50331648.0,0.000,0,0,50331648,3,0,0,0,1,1
3,chain3_i32,i32,4194304,glibc_t1,P6,12,1,1,4861599.00,0.0000,0.0000,4865000.0,0.0,1.000,16777216.0,0.000,0,0,16777216,1,2,0,0,1,1
3,chain3_i32,i32,4194304,glibc_t1,P7,12,2,1,4009815.00,0.0000,0.0000,4013000.0,0.0,1.000,16777216.0,0.000,0,0,16777216,1,1,1,0,1,1
3,chain3_i32,i32,4194304,glibc_t1,FIXED_TWIN,12,3,1,4075386.00,0.0000,0.0000,4078000.0,0.0,1.000,16777216.0,0.000,0,0,16777216,1,1,1,0,1,1
3,chain3_i32,i32,4194304,glibc_t1,P6,13,0,1,4868233.00,0.0000,0.0000,4871000.0,0.0,1.000,16777216.0,0.000,0,0,16777216,1,2,0,0,1,1
3,chain3_i32,i32,4194304,glibc_t1,P7,13,1,1,4120167.00,0.0000,0.0000,4144000.0,0.0,1.000,16777216.0,0.000,0,0,16777216,1,1,1,0,1,1
3,chain3_i32,i32,4194304,glibc_t1,FIXED_TWIN,13,2,1,4053932.00,0.0000,0.0000,4056000.0,0.0,1.000,16777216.0,0.000,0,0,16777216,1,1,1,0,1,1
3,chain3_i32,i32,4194304,glibc_t1,P5,13,3,1,8634637.00,0.0000,0.0000,8639000.0,0.0,3.000,50331648.0,0.000,0,0,50331648,3,0,0,0,1,1
3,chain3_i32,i32,4194304,glibc_t1,P7,14,0,1,4205677.00,0.0000,0.0000,4209000.0,0.0,1.000,16777216.0,0.000,0,0,16777216,1,1,1,0,1,1
3,chain3_i32,i32,4194304,glibc_t1,FIXED_TWIN,14,1,1,3938542.00,0.0000,0.0000,3943000.0,0.0,1.000,16777216.0,0.000,0,0,16777216,1,1,1,0,1,1
3,chain3_i32,i32,4194304,glibc_t1,P5,14,2,1,8343879.00,0.0000,0.0000,8347000.0,0.0,3.000,50331648.0,0.000,0,0,50331648,3,0,0,0,1,1
3,chain3_i32,i32,4194304,glibc_t1,P6,14,3,1,5109833.00,0.0000,0.0000,5113000.0,0.0,1.000,16777216.0,0.000,0,0,16777216,1,2,0,0,1,1
3,chain3_i32,i32,16777216,glibc_t1,P5,0,0,1,118495985.00,49155.0000,0.0000,21205000.0,97233000.0,3.000,201326592.0,0.000,0,0,201326592,3,0,0,0,1,1
3,chain3_i32,i32,16777216,glibc_t1,P6,0,1,1,61327555.00,16385.0000,0.0000,48650000.0,12684000.0,1.000,67108864.0,0.000,0,0,67108864,1,2,0,0,1,1
3,chain3_i32,i32,16777216,glibc_t1,P7,0,2,1,57617910.00,16385.0000,0.0000,32785000.0,24821000.0,1.000,67108864.0,0.000,0,0,67108864,1,1,1,0,1,1
3,chain3_i32,i32,16777216,glibc_t1,FIXED_TWIN,0,3,1,55143002.00,16385.0000,0.0000,25541000.0,29608000.0,1.000,67108864.0,0.000,0,0,67108864,1,1,1,0,1,1
3,chain3_i32,i32,16777216,glibc_t1,P6,1,0,1,62440327.00,16385.0000,0.0000,29198000.0,33249000.0,1.000,67108864.0,0.000,0,0,67108864,1,2,0,0,1,1
3,chain3_i32,i32,16777216,glibc_t1,P7,1,1,1,54711245.00,16385.0000,0.0000,15374000.0,39343000.0,1.000,67108864.0,0.000,0,0,67108864,1,1,1,0,1,1
3,chain3_i32,i32,16777216,glibc_t1,FIXED_TWIN,1,2,1,54624214.00,16385.0000,0.0000,35329000.0,19302000.0,1.000,67108864.0,0.000,0,0,67108864,1,1,1,0,1,1
3,chain3_i32,i32,16777216,glibc_t1,P5,1,3,1,121862221.00,49155.0000,0.0000,34951000.0,86908000.0,3.000,201326592.0,0.000,0,0,201326592,3,0,0,0,1,1
3,chain3_i32,i32,16777216,glibc_t1,P7,2,0,1,53671126.00,16385.0000,0.0000,30863000.0,22780000.0,1.000,67108864.0,0.000,0,0,67108864,1,1,1,0,1,1
3,chain3_i32,i32,16777216,glibc_t1,FIXED_TWIN,2,1,1,52764803.00,16385.0000,0.0000,40376000.0,12396000.0,1.000,67108864.0,0.000,0,0,67108864,1,1,1,0,1,1
3,chain3_i32,i32,16777216,glibc_t1,P5,2,2,1,121476202.00,49155.0000,0.0000,22775000.0,98636000.0,3.000,201326592.0,0.000,0,0,201326592,3,0,0,0,1,1
3,chain3_i32,i32,16777216,glibc_t1,P6,2,3,1,60988700.00,16385.0000,0.0000,32486000.0,28509000.0,1.000,67108864.0,0.000,0,0,67108864,1,2,0,0,1,1
3,chain3_i32,i32,16777216,glibc_t1,FIXED_TWIN,3,0,1,56981853.00,16385.0000,0.0000,34525000.0,22462000.0,1.000,67108864.0,0.000,0,0,67108864,1,1,1,0,1,1
3,chain3_i32,i32,16777216,glibc_t1,P5,3,1,1,124491037.00,49155.0000,0.0000,40245000.0,84251000.0,3.000,201326592.0,0.000,0,0,201326592,3,0,0,0,1,1
3,chain3_i32,i32,16777216,glibc_t1,P6,3,2,1,62767338.00,16385.0000,0.0000,27401000.0,35373000.0,1.000,67108864.0,0.000,0,0,67108864,1,2,0,0,1,1
3,chain3_i32,i32,16777216,glibc_t1,P7,3,3,1,56859790.00,16385.0000,0.0000,32405000.0,24443000.0,1.000,67108864.0,0.000,0,0,67108864,1,1,1,0,1,1
3,chain3_i32,i32,16777216,glibc_t1,P5,4,0,1,120540438.00,49155.0000,0.0000,36258000.0,84249000.0,3.000,201326592.0,0.000,0,0,201326592,3,0,0,0,1,1
3,chain3_i32,i32,16777216,glibc_t1,P6,4,1,1,63559599.00,16385.0000,0.0000,39786000.0,23779000.0,1.000,67108864.0,0.000,0,0,67108864,1,2,0,0,1,1
3,chain3_i32,i32,16777216,glibc_t1,P7,4,2,1,53794691.00,16385.0000,0.0000,24880000.0,28921000.0,1.000,67108864.0,0.000,0,0,67108864,1,1,1,0,1,1
3,chain3_i32,i32,16777216,glibc_t1,FIXED_TWIN,4,3,1,53902009.00,16385.0000,0.0000,28933000.0,24976000.0,1.000,67108864.0,0.000,0,0,67108864,1,1,1,0,1,1
3,chain3_i32,i32,16777216,glibc_t1,P6,5,0,1,60872688.00,16385.0000,0.0000,32430000.0,28450000.0,1.000,67108864.0,0.000,0,0,67108864,1,2,0,0,1,1
3,chain3_i32,i32,16777216,glibc_t1,P7,5,1,1,54252403.00,16385.0000,0.0000,27148000.0,27109000.0,1.000,67108864.0,0.000,0,0,67108864,1,1,1,0,1,1
3,chain3_i32,i32,16777216,glibc_t1,FIXED_TWIN,5,2,1,54263684.00,16385.0000,0.0000,31154000.0,23116000.0,1.000,67108864.0,0.000,0,0,67108864,1,1,1,0,1,1
3,chain3_i32,i32,16777216,glibc_t1,P5,5,3,1,117222323.00,49155.0000,0.0000,34638000.0,82579000.0,3.000,201326592.0,0.000,0,0,201326592,3,0,0,0,1,1
3,chain3_i32,i32,16777216,glibc_t1,P7,6,0,1,55533564.00,16385.0000,0.0000,23776000.0,31765000.0,1.000,67108864.0,0.000,0,0,67108864,1,1,1,0,1,1
3,chain3_i32,i32,16777216,glibc_t1,FIXED_TWIN,6,1,1,54922502.00,16385.0000,0.0000,35476000.0,19453000.0,1.000,67108864.0,0.000,0,0,67108864,1,1,1,0,1,1
3,chain3_i32,i32,16777216,glibc_t1,P5,6,2,1,135202567.00,49155.0000,0.0000,19620000.0,115589000.0,3.000,201326592.0,0.000,0,0,201326592,3,0,0,0,1,1
3,chain3_i32,i32,16777216,glibc_t1,P6,6,3,1,61194968.00,16385.0000,0.0000,50631000.0,10570000.0,1.000,67108864.0,0.000,0,0,67108864,1,2,0,0,1,1
3,chain3_i32,i32,16777216,glibc_t1,FIXED_TWIN,7,0,1,55594855.00,16385.0000,0.0000,39803000.0,15798000.0,1.000,67108864.0,0.000,0,0,67108864,1,1,1,0,1,1
3,chain3_i32,i32,16777216,glibc_t1,P5,7,1,1,119353078.00,49155.0000,0.0000,43684000.0,75665000.0,3.000,201326592.0,0.000,0,0,201326592,3,0,0,0,1,1
3,chain3_i32,i32,16777216,glibc_t1,P6,7,2,1,60230214.00,16385.0000,0.0000,36115000.0,24122000.0,1.000,67108864.0,0.000,0,0,67108864,1,2,0,0,1,1
3,chain3_i32,i32,16777216,glibc_t1,P7,7,3,1,54397699.00,16385.0000,0.0000,11197000.0,43156000.0,1.000,67108864.0,0.000,0,0,67108864,1,1,1,0,1,1
3,chain3_i32,i32,16777216,glibc_t1,P5,8,0,1,118728045.00,49155.0000,0.0000,45326000.0,73386000.0,3.000,201326592.0,0.000,0,0,201326592,3,0,0,0,1,1
3,chain3_i32,i32,16777216,glibc_t1,P6,8,1,1,61349765.00,16385.0000,0.0000,52659000.0,8696000.0,1.000,67108864.0,0.000,0,0,67108864,1,2,0,0,1,1
3,chain3_i32,i32,16777216,glibc_t1,P7,8,2,1,55531270.00,16385.0000,0.0000,23774000.0,31764000.0,1.000,67108864.0,0.000,0,0,67108864,1,1,1,0,1,1
3,chain3_i32,i32,16777216,glibc_t1,FIXED_TWIN,8,3,1,54557050.00,16385.0000,0.0000,21253000.0,33292000.0,1.000,67108864.0,0.000,0,0,67108864,1,1,1,0,1,1
3,chain3_i32,i32,16777216,glibc_t1,P6,9,0,1,60427317.00,16385.0000,0.0000,44210000.0,16223000.0,1.000,67108864.0,0.000,0,0,67108864,1,2,0,0,1,1
3,chain3_i32,i32,16777216,glibc_t1,P7,9,1,1,53948528.00,16385.0000,0.0000,31000000.0,22918000.0,1.000,67108864.0,0.000,0,0,67108864,1,1,1,0,1,1
3,chain3_i32,i32,16777216,glibc_t1,FIXED_TWIN,9,2,1,54428237.00,16385.0000,0.0000,29189000.0,25207000.0,1.000,67108864.0,0.000,0,0,67108864,1,1,1,0,1,1
3,chain3_i32,i32,16777216,glibc_t1,P5,9,3,1,118498068.00,49155.0000,0.0000,41225000.0,77221000.0,3.000,201326592.0,0.000,0,0,201326592,3,0,0,0,1,1
3,chain3_i32,i32,16777216,glibc_t1,P7,10,0,1,54300307.00,16385.0000,0.0000,27173000.0,27134000.0,1.000,67108864.0,0.000,0,0,67108864,1,1,1,0,1,1
3,chain3_i32,i32,16777216,glibc_t1,FIXED_TWIN,10,1,1,53788021.00,16385.0000,0.0000,20878000.0,32917000.0,1.000,67108864.0,0.000,0,0,67108864,1,1,1,0,1,1
3,chain3_i32,i32,16777216,glibc_t1,P5,10,2,1,118283670.00,49155.0000,0.0000,35167000.0,83091000.0,3.000,201326592.0,0.000,0,0,201326592,3,0,0,0,1,1
3,chain3_i32,i32,16777216,glibc_t1,P6,10,3,1,61018288.00,16385.0000,0.0000,48498000.0,12527000.0,1.000,67108864.0,0.000,0,0,67108864,1,2,0,0,1,1
3,chain3_i32,i32,16777216,glibc_t1,FIXED_TWIN,11,0,1,53301807.00,16385.0000,0.0000,20640000.0,32668000.0,1.000,67108864.0,0.000,0,0,67108864,1,1,1,0,1,1
3,chain3_i32,i32,16777216,glibc_t1,P5,11,1,1,119323990.00,49155.0000,0.0000,43640000.0,75582000.0,3.000,201326592.0,0.000,0,0,201326592,3,0,0,0,1,1
3,chain3_i32,i32,16777216,glibc_t1,P6,11,2,1,60415736.00,16385.0000,0.0000,32206000.0,28216000.0,1.000,67108864.0,0.000,0,0,67108864,1,2,0,0,1,1
3,chain3_i32,i32,16777216,glibc_t1,P7,11,3,1,52204501.00,16385.0000,0.0000,16104000.0,36107000.0,1.000,67108864.0,0.000,0,0,67108864,1,1,1,0,1,1
3,chain3_i32,i32,16777216,glibc_t1,P5,12,0,1,122952492.00,49155.0000,0.0000,19437000.0,103462000.0,3.000,201326592.0,0.000,0,0,201326592,3,0,0,0,1,1
3,chain3_i32,i32,16777216,glibc_t1,P6,12,1,1,66048986.00,16385.0000,0.0000,43050000.0,23006000.0,1.000,67108864.0,0.000,0,0,67108864,1,2,0,0,1,1
3,chain3_i32,i32,16777216,glibc_t1,P7,12,2,1,55384473.00,16385.0000,0.0000,27703000.0,27688000.0,1.000,67108864.0,0.000,0,0,67108864,1,1,1,0,1,1
3,chain3_i32,i32,16777216,glibc_t1,FIXED_TWIN,12,3,1,53998833.00,16385.0000,0.0000,16981000.0,37025000.0,1.000,67108864.0,0.000,0,0,67108864,1,1,1,0,1,1
3,chain3_i32,i32,16777216,glibc_t1,P6,13,0,1,64704266.00,16385.0000,0.0000,40346000.0,24365000.0,1.000,67108864.0,0.000,0,0,67108864,1,2,0,0,1,1
3,chain3_i32,i32,16777216,glibc_t1,P7,13,1,1,54177197.00,16385.0000,0.0000,17068000.0,37117000.0,1.000,67108864.0,0.000,0,0,67108864,1,1,1,0,1,1
3,chain3_i32,i32,16777216,glibc_t1,FIXED_TWIN,13,2,1,55870983.00,16385.0000,0.0000,35939000.0,19928000.0,1.000,67108864.0,0.000,0,0,67108864,1,1,1,0,1,1
3,chain3_i32,i32,16777216,glibc_t1,P5,13,3,1,120169854.00,49155.0000,0.0000,44088000.0,76088000.0,3.000,201326592.0,0.000,0,0,201326592,3,0,0,0,1,1
3,chain3_i32,i32,16777216,glibc_t1,P7,14,0,1,54082767.00,16385.0000,0.0000,15044000.0,38995000.0,1.000,67108864.0,0.000,0,0,67108864,1,1,1,0,1,1
3,chain3_i32,i32,16777216,glibc_t1,FIXED_TWIN,14,1,1,60461876.00,16385.0000,0.0000,24214000.0,36239000.0,1.000,67108864.0,0.000,0,0,67108864,1,1,1,0,1,1
3,chain3_i32,i32,16777216,glibc_t1,P5,14,2,1,119730205.00,49155.0000,0.0000,35875000.0,83864000.0,3.000,201326592.0,0.000,0,0,201326592,3,0,0,0,1,1
3,chain3_i32,i32,16777216,glibc_t1,P6,14,3,1,58786207.00,16385.0000,0.0000,39410000.0,19383000.0,1.000,67108864.0,0.000,0,0,67108864,1,2,0,0,1,1
