replicate,program,dtype,n,regime,plan,rep,order_pos,k,ns_per_call,minflt_per_call,majflt_per_call,utime_ns_per_call,stime_ns_per_call,result_allocs_per_call,result_alloc_bytes_per_call,arena_allocs_per_call,arena_fallbacks,table_overflows,peak_live_bytes_interval,fresh,in_place,fused,copies,moves,correct
3,single,f32,64,glibc_t1,P5,0,0,1000,210.16,0.0020,0.0000,223.0,0.0,1.000,256.0,0.000,0,0,256000,1,0,0,0,1,1
3,single,f32,64,glibc_t1,FIXED_TWIN,0,1,1000,210.57,0.0000,0.0000,211.0,0.0,1.000,256.0,0.000,0,0,256000,1,0,0,0,1,1
3,single,f32,64,glibc_t1,FIXED_TWIN,1,0,1000,198.96,0.0000,0.0000,200.0,0.0,1.000,256.0,0.000,0,0,256000,1,0,0,0,1,1
3,single,f32,64,glibc_t1,P5,1,1,1000,201.45,0.0000,0.0000,202.0,0.0,1.000,256.0,0.000,0,0,256000,1,0,0,0,1,1
3,single,f32,64,glibc_t1,P5,2,0,1000,199.01,0.0000,0.0000,200.0,0.0,1.000,256.0,0.000,0,0,256000,1,0,0,0,1,1
3,single,f32,64,glibc_t1,FIXED_TWIN,2,1,1000,228.73,0.0000,0.0000,229.0,0.0,1.000,256.0,0.000,0,0,256000,1,0,0,0,1,1
3,single,f32,64,glibc_t1,FIXED_TWIN,3,0,1000,254.71,0.0000,0.0000,0.0,255.0,1.000,256.0,0.000,0,0,256000,1,0,0,0,1,1
3,single,f32,64,glibc_t1,P5,3,1,1000,203.80,0.0000,0.0000,0.0,204.0,1.000,256.0,0.000,0,0,256000,1,0,0,0,1,1
3,single,f32,64,glibc_t1,P5,4,0,1000,211.33,0.0000,0.0000,0.0,212.0,1.000,256.0,0.000,0,0,256000,1,0,0,0,1,1
3,single,f32,64,glibc_t1,FIXED_TWIN,4,1,1000,205.64,0.0000,0.0000,0.0,206.0,1.000,256.0,0.000,0,0,256000,1,0,0,0,1,1
3,single,f32,64,glibc_t1,FIXED_TWIN,5,0,1000,204.91,0.0000,0.0000,0.0,206.0,1.000,256.0,0.000,0,0,256000,1,0,0,0,1,1
3,single,f32,64,glibc_t1,P5,5,1,1000,204.14,0.0000,0.0000,0.0,205.0,1.000,256.0,0.000,0,0,256000,1,0,0,0,1,1
3,single,f32,64,glibc_t1,P5,6,0,1000,204.03,0.0000,0.0000,0.0,205.0,1.000,256.0,0.000,0,0,256000,1,0,0,0,1,1
3,single,f32,64,glibc_t1,FIXED_TWIN,6,1,1000,250.67,0.0000,0.0000,252.0,0.0,1.000,256.0,0.000,0,0,256000,1,0,0,0,1,1
3,single,f32,64,glibc_t1,FIXED_TWIN,7,0,1000,202.16,0.0000,0.0000,203.0,0.0,1.000,256.0,0.000,0,0,256000,1,0,0,0,1,1
3,single,f32,64,glibc_t1,P5,7,1,1000,227.25,0.0000,0.0000,220.0,8.0,1.000,256.0,0.000,0,0,256000,1,0,0,0,1,1
3,single,f32,64,glibc_t1,P5,8,0,1000,204.54,0.0000,0.0000,137.0,69.0,1.000,256.0,0.000,0,0,256000,1,0,0,0,1,1
3,single,f32,64,glibc_t1,FIXED_TWIN,8,1,1000,214.70,0.0000,0.0000,143.0,72.0,1.000,256.0,0.000,0,0,256000,1,0,0,0,1,1
3,single,f32,64,glibc_t1,FIXED_TWIN,9,0,1000,202.73,0.0000,0.0000,136.0,68.0,1.000,256.0,0.000,0,0,256000,1,0,0,0,1,1
3,single,f32,64,glibc_t1,P5,9,1,1000,201.49,0.0000,0.0000,135.0,67.0,1.000,256.0,0.000,0,0,256000,1,0,0,0,1,1
3,single,f32,64,glibc_t1,P5,10,0,1000,237.45,0.0000,0.0000,238.0,0.0,1.000,256.0,0.000,0,0,256000,1,0,0,0,1,1
3,single,f32,64,glibc_t1,FIXED_TWIN,10,1,1000,200.98,0.0000,0.0000,202.0,0.0,1.000,256.0,0.000,0,0,256000,1,0,0,0,1,1
3,single,f32,64,glibc_t1,FIXED_TWIN,11,0,1000,219.62,0.0000,0.0000,220.0,0.0,1.000,256.0,0.000,0,0,256000,1,0,0,0,1,1
3,single,f32,64,glibc_t1,P5,11,1,1000,202.66,0.0000,0.0000,204.0,0.0,1.000,256.0,0.000,0,0,256000,1,0,0,0,1,1
3,single,f32,64,glibc_t1,P5,12,0,1000,229.20,0.0000,0.0000,229.0,0.0,1.000,256.0,0.000,0,0,256000,1,0,0,0,1,1
3,single,f32,64,glibc_t1,FIXED_TWIN,12,1,1000,198.02,0.0000,0.0000,199.0,0.0,1.000,256.0,0.000,0,0,256000,1,0,0,0,1,1
3,single,f32,64,glibc_t1,FIXED_TWIN,13,0,1000,223.97,0.0000,0.0000,224.0,0.0,1.000,256.0,0.000,0,0,256000,1,0,0,0,1,1
3,single,f32,64,glibc_t1,P5,13,1,1000,227.64,0.0000,0.0000,228.0,0.0,1.000,256.0,0.000,0,0,256000,1,0,0,0,1,1
3,single,f32,64,glibc_t1,P5,14,0,1000,196.65,0.0000,0.0000,197.0,0.0,1.000,256.0,0.000,0,0,256000,1,0,0,0,1,1
3,single,f32,64,glibc_t1,FIXED_TWIN,14,1,1000,262.68,0.0000,0.0000,264.0,0.0,1.000,256.0,0.000,0,0,256000,1,0,0,0,1,1
3,single,f32,1024,glibc_t1,P5,0,0,1000,349.94,0.0000,0.0000,353.0,0.0,1.000,4096.0,0.000,0,0,4096000,1,0,0,0,1,1
3,single,f32,1024,glibc_t1,FIXED_TWIN,0,1,1000,348.05,0.0000,0.0000,350.0,0.0,1.000,4096.0,0.000,0,0,4096000,1,0,0,0,1,1
3,single,f32,1024,glibc_t1,FIXED_TWIN,1,0,1000,355.81,0.0000,0.0000,358.0,0.0,1.000,4096.0,0.000,0,0,4096000,1,0,0,0,1,1
3,single,f32,1024,glibc_t1,P5,1,1,1000,352.76,0.0000,0.0000,355.0,0.0,1.000,4096.0,0.000,0,0,4096000,1,0,0,0,1,1
3,single,f32,1024,glibc_t1,P5,2,0,1000,438.92,0.0000,0.0000,441.0,0.0,1.000,4096.0,0.000,0,0,4096000,1,0,0,0,1,1
3,single,f32,1024,glibc_t1,FIXED_TWIN,2,1,1000,352.10,0.0000,0.0000,355.0,0.0,1.000,4096.0,0.000,0,0,4096000,1,0,0,0,1,1
3,single,f32,1024,glibc_t1,FIXED_TWIN,3,0,1000,350.68,0.0000,0.0000,352.0,0.0,1.000,4096.0,0.000,0,0,4096000,1,0,0,0,1,1
3,single,f32,1024,glibc_t1,P5,3,1,1000,473.67,0.0000,0.0000,477.0,0.0,1.000,4096.0,0.000,0,0,4096000,1,0,0,0,1,1
3,single,f32,1024,glibc_t1,P5,4,0,1000,350.64,0.0000,0.0000,353.0,0.0,1.000,4096.0,0.000,0,0,4096000,1,0,0,0,1,1
3,single,f32,1024,glibc_t1,FIXED_TWIN,4,1,1000,369.34,0.0000,0.0000,371.0,0.0,1.000,4096.0,0.000,0,0,4096000,1,0,0,0,1,1
3,single,f32,1024,glibc_t1,FIXED_TWIN,5,0,1000,357.28,0.0000,0.0000,359.0,0.0,1.000,4096.0,0.000,0,0,4096000,1,0,0,0,1,1
3,single,f32,1024,glibc_t1,P5,5,1,1000,437.70,0.0000,0.0000,441.0,0.0,1.000,4096.0,0.000,0,0,4096000,1,0,0,0,1,1
3,single,f32,1024,glibc_t1,P5,6,0,1000,406.08,0.0000,0.0000,410.0,0.0,1.000,4096.0,0.000,0,0,4096000,1,0,0,0,1,1
3,single,f32,1024,glibc_t1,FIXED_TWIN,6,1,1000,369.29,0.0000,0.0000,371.0,0.0,1.000,4096.0,0.000,0,0,4096000,1,0,0,0,1,1
3,single,f32,1024,glibc_t1,FIXED_TWIN,7,0,1000,368.07,0.0000,0.0000,370.0,0.0,1.000,4096.0,0.000,0,0,4096000,1,0,0,0,1,1
3,single,f32,1024,glibc_t1,P5,7,1,1000,372.55,0.0000,0.0000,374.0,0.0,1.000,4096.0,0.000,0,0,4096000,1,0,0,0,1,1
3,single,f32,1024,glibc_t1,P5,8,0,1000,401.16,0.0000,0.0000,405.0,0.0,1.000,4096.0,0.000,0,0,4096000,1,0,0,0,1,1
3,single,f32,1024,glibc_t1,FIXED_TWIN,8,1,1000,370.47,0.0000,0.0000,373.0,0.0,1.000,4096.0,0.000,0,0,4096000,1,0,0,0,1,1
3,single,f32,1024,glibc_t1,FIXED_TWIN,9,0,1000,388.75,0.0000,0.0000,393.0,0.0,1.000,4096.0,0.000,0,0,4096000,1,0,0,0,1,1
3,single,f32,1024,glibc_t1,P5,9,1,1000,497.88,0.0000,0.0000,502.0,0.0,1.000,4096.0,0.000,0,0,4096000,1,0,0,0,1,1
3,single,f32,1024,glibc_t1,P5,10,0,1000,404.00,0.0000,0.0000,409.0,0.0,1.000,4096.0,0.000,0,0,4096000,1,0,0,0,1,1
3,single,f32,1024,glibc_t1,FIXED_TWIN,10,1,1000,377.61,0.0000,0.0000,379.0,0.0,1.000,4096.0,0.000,0,0,4096000,1,0,0,0,1,1
3,single,f32,1024,glibc_t1,FIXED_TWIN,11,0,1000,372.78,0.0000,0.0000,375.0,0.0,1.000,4096.0,0.000,0,0,4096000,1,0,0,0,1,1
3,single,f32,1024,glibc_t1,P5,11,1,1000,391.31,0.0000,0.0000,394.0,0.0,1.000,4096.0,0.000,0,0,4096000,1,0,0,0,1,1
3,single,f32,1024,glibc_t1,P5,12,0,1000,486.74,0.0000,0.0000,489.0,0.0,1.000,4096.0,0.000,0,0,4096000,1,0,0,0,1,1
3,single,f32,1024,glibc_t1,FIXED_TWIN,12,1,1000,365.26,0.0000,0.0000,368.0,0.0,1.000,4096.0,0.000,0,0,4096000,1,0,0,0,1,1
3,single,f32,1024,glibc_t1,FIXED_TWIN,13,0,1000,460.88,0.0000,0.0000,465.0,0.0,1.000,4096.0,0.000,0,0,4096000,1,0,0,0,1,1
3,single,f32,1024,glibc_t1,P5,13,1,1000,389.70,0.0000,0.0000,393.0,0.0,1.000,4096.0,0.000,0,0,4096000,1,0,0,0,1,1
3,single,f32,1024,glibc_t1,P5,14,0,1000,411.22,0.0000,0.0000,414.0,0.0,1.000,4096.0,0.000,0,0,4096000,1,0,0,0,1,1
3,single,f32,1024,glibc_t1,FIXED_TWIN,14,1,1000,354.11,0.0000,0.0000,355.0,0.0,1.000,4096.0,0.000,0,0,4096000,1,0,0,0,1,1
3,single,f32,4096,glibc_t1,P5,0,0,1,953.00,0.0000,0.0000,3000.0,0.0,1.000,16384.0,0.000,0,0,16384,1,0,0,0,1,1
3,single,f32,4096,glibc_t1,FIXED_TWIN,0,1,1,782.00,0.0000,0.0000,1000.0,0.0,1.000,16384.0,0.000,0,0,16384,1,0,0,0,1,1
3,single,f32,4096,glibc_t1,FIXED_TWIN,1,0,1,802.00,0.0000,0.0000,1000.0,0.0,1.000,16384.0,0.000,0,0,16384,1,0,0,0,1,1
3,single,f32,4096,glibc_t1,P5,1,1,1,816.00,0.0000,0.0000,1000.0,0.0,1.000,16384.0,0.000,0,0,16384,1,0,0,0,1,1
3,single,f32,4096,glibc_t1,P5,2,0,1,822.00,0.0000,0.0000,1000.0,0.0,1.000,16384.0,0.000,0,0,16384,1,0,0,0,1,1
3,single,f32,4096,glibc_t1,FIXED_TWIN,2,1,1,818.00,0.0000,0.0000,1000.0,0.0,1.000,16384.0,0.000,0,0,16384,1,0,0,0,1,1
3,single,f32,4096,glibc_t1,FIXED_TWIN,3,0,1,766.00,0.0000,0.0000,1000.0,0.0,1.000,16384.0,0.000,0,0,16384,1,0,0,0,1,1
3,single,f32,4096,glibc_t1,P5,3,1,1,746.00,0.0000,0.0000,1000.0,0.0,1.000,16384.0,0.000,0,0,16384,1,0,0,0,1,1
3,single,f32,4096,glibc_t1,P5,4,0,1,788.00,0.0000,0.0000,1000.0,0.0,1.000,16384.0,0.000,0,0,16384,1,0,0,0,1,1
3,single,f32,4096,glibc_t1,FIXED_TWIN,4,1,1,810.00,0.0000,0.0000,2000.0,0.0,1.000,16384.0,0.000,0,0,16384,1,0,0,0,1,1
3,single,f32,4096,glibc_t1,FIXED_TWIN,5,0,1,771.00,0.0000,0.0000,1000.0,0.0,1.000,16384.0,0.000,0,0,16384,1,0,0,0,1,1
3,single,f32,4096,glibc_t1,P5,5,1,1,779.00,0.0000,0.0000,1000.0,0.0,1.000,16384.0,0.000,0,0,16384,1,0,0,0,1,1
3,single,f32,4096,glibc_t1,P5,6,0,1,754.00,0.0000,0.0000,1000.0,0.0,1.000,16384.0,0.000,0,0,16384,1,0,0,0,1,1
3,single,f32,4096,glibc_t1,FIXED_TWIN,6,1,1,791.00,0.0000,0.0000,1000.0,0.0,1.000,16384.0,0.000,0,0,16384,1,0,0,0,1,1
3,single,f32,4096,glibc_t1,FIXED_TWIN,7,0,1,785.00,0.0000,0.0000,2000.0,0.0,1.000,16384.0,0.000,0,0,16384,1,0,0,0,1,1
3,single,f32,4096,glibc_t1,P5,7,1,1,807.00,0.0000,0.0000,1000.0,0.0,1.000,16384.0,0.000,0,0,16384,1,0,0,0,1,1
3,single,f32,4096,glibc_t1,P5,8,0,1,778.00,0.0000,0.0000,1000.0,0.0,1.000,16384.0,0.000,0,0,16384,1,0,0,0,1,1
3,single,f32,4096,glibc_t1,FIXED_TWIN,8,1,1,764.00,0.0000,0.0000,1000.0,0.0,1.000,16384.0,0.000,0,0,16384,1,0,0,0,1,1
3,single,f32,4096,glibc_t1,FIXED_TWIN,9,0,1,776.00,0.0000,0.0000,1000.0,0.0,1.000,16384.0,0.000,0,0,16384,1,0,0,0,1,1
3,single,f32,4096,glibc_t1,P5,9,1,1,773.00,0.0000,0.0000,1000.0,0.0,1.000,16384.0,0.000,0,0,16384,1,0,0,0,1,1
3,single,f32,4096,glibc_t1,P5,10,0,1,742.00,0.0000,0.0000,2000.0,0.0,1.000,16384.0,0.000,0,0,16384,1,0,0,0,1,1
3,single,f32,4096,glibc_t1,FIXED_TWIN,10,1,1,780.00,0.0000,0.0000,1000.0,0.0,1.000,16384.0,0.000,0,0,16384,1,0,0,0,1,1
3,single,f32,4096,glibc_t1,FIXED_TWIN,11,0,1,752.00,0.0000,0.0000,1000.0,0.0,1.000,16384.0,0.000,0,0,16384,1,0,0,0,1,1
3,single,f32,4096,glibc_t1,P5,11,1,1,748.00,0.0000,0.0000,1000.0,0.0,1.000,16384.0,0.000,0,0,16384,1,0,0,0,1,1
3,single,f32,4096,glibc_t1,P5,12,0,1,762.00,0.0000,0.0000,1000.0,0.0,1.000,16384.0,0.000,0,0,16384,1,0,0,0,1,1
3,single,f32,4096,glibc_t1,FIXED_TWIN,12,1,1,799.00,0.0000,0.0000,2000.0,0.0,1.000,16384.0,0.000,0,0,16384,1,0,0,0,1,1
3,single,f32,4096,glibc_t1,FIXED_TWIN,13,0,1,775.00,0.0000,0.0000,1000.0,0.0,1.000,16384.0,0.000,0,0,16384,1,0,0,0,1,1
3,single,f32,4096,glibc_t1,P5,13,1,1,771.00,0.0000,0.0000,1000.0,0.0,1.000,16384.0,0.000,0,0,16384,1,0,0,0,1,1
3,single,f32,4096,glibc_t1,P5,14,0,1,810.00,0.0000,0.0000,1000.0,0.0,1.000,16384.0,0.000,0,0,16384,1,0,0,0,1,1
3,single,f32,4096,glibc_t1,FIXED_TWIN,14,1,1,758.00,0.0000,0.0000,1000.0,0.0,1.000,16384.0,0.000,0,0,16384,1,0,0,0,1,1
3,single,f32,16384,glibc_t1,P5,0,0,1,2469.00,0.0000,0.0000,3000.0,0.0,1.000,65536.0,0.000,0,0,65536,1,0,0,0,1,1
3,single,f32,16384,glibc_t1,FIXED_TWIN,0,1,1,2486.00,0.0000,0.0000,3000.0,0.0,1.000,65536.0,0.000,0,0,65536,1,0,0,0,1,1
3,single,f32,16384,glibc_t1,FIXED_TWIN,1,0,1,2461.00,0.0000,0.0000,3000.0,0.0,1.000,65536.0,0.000,0,0,65536,1,0,0,0,1,1
3,single,f32,16384,glibc_t1,P5,1,1,1,2463.00,0.0000,0.0000,3000.0,0.0,1.000,65536.0,0.000,0,0,65536,1,0,0,0,1,1
3,single,f32,16384,glibc_t1,P5,2,0,1,2486.00,0.0000,0.0000,3000.0,0.0,1.000,65536.0,0.000,0,0,65536,1,0,0,0,1,1
3,single,f32,16384,glibc_t1,FIXED_TWIN,2,1,1,2470.00,0.0000,0.0000,3000.0,0.0,1.000,65536.0,0.000,0,0,65536,1,0,0,0,1,1
3,single,f32,16384,glibc_t1,FIXED_TWIN,3,0,1,2463.00,0.0000,0.0000,3000.0,0.0,1.000,65536.0,0.000,0,0,65536,1,0,0,0,1,1
3,single,f32,16384,glibc_t1,P5,3,1,1,2436.00,0.0000,0.0000,3000.0,0.0,1.000,65536.0,0.000,0,0,65536,1,0,0,0,1,1
3,single,f32,16384,glibc_t1,P5,4,0,1,2448.00,0.0000,0.0000,3000.0,0.0,1.000,65536.0,0.000,0,0,65536,1,0,0,0,1,1
3,single,f32,16384,glibc_t1,FIXED_TWIN,4,1,1,2817.00,0.0000,0.0000,3000.0,0.0,1.000,65536.0,0.000,0,0,65536,1,0,0,0,1,1
3,single,f32,16384,glibc_t1,FIXED_TWIN,5,0,1,2503.00,0.0000,0.0000,3000.0,0.0,1.000,65536.0,0.000,0,0,65536,1,0,0,0,1,1
3,single,f32,16384,glibc_t1,P5,5,1,1,2504.00,0.0000,0.0000,3000.0,0.0,1.000,65536.0,0.000,0,0,65536,1,0,0,0,1,1
3,single,f32,16384,glibc_t1,P5,6,0,1,2436.00,0.0000,0.0000,2000.0,0.0,1.000,65536.0,0.000,0,0,65536,1,0,0,0,1,1
3,single,f32,16384,glibc_t1,FIXED_TWIN,6,1,1,2438.00,0.0000,0.0000,3000.0,0.0,1.000,65536.0,0.000,0,0,65536,1,0,0,0,1,1
3,single,f32,16384,glibc_t1,FIXED_TWIN,7,0,1,2848.00,0.0000,0.0000,4000.0,0.0,1.000,65536.0,0.000,0,0,65536,1,0,0,0,1,1
3,single,f32,16384,glibc_t1,P5,7,1,1,2789.00,0.0000,0.0000,3000.0,0.0,1.000,65536.0,0.000,0,0,65536,1,0,0,0,1,1
3,single,f32,16384,glibc_t1,P5,8,0,1,2638.00,0.0000,0.0000,3000.0,0.0,1.000,65536.0,0.000,0,0,65536,1,0,0,0,1,1
3,single,f32,16384,glibc_t1,FIXED_TWIN,8,1,1,2493.00,0.0000,0.0000,3000.0,0.0,1.000,65536.0,0.000,0,0,65536,1,0,0,0,1,1
3,single,f32,16384,glibc_t1,FIXED_TWIN,9,0,1,2455.00,0.0000,0.0000,3000.0,0.0,1.000,65536.0,0.000,0,0,65536,1,0,0,0,1,1
3,single,f32,16384,glibc_t1,P5,9,1,1,2439.00,0.0000,0.0000,3000.0,0.0,1.000,65536.0,0.000,0,0,65536,1,0,0,0,1,1
3,single,f32,16384,glibc_t1,P5,10,0,1,2449.00,0.0000,0.0000,3000.0,0.0,1.000,65536.0,0.000,0,0,65536,1,0,0,0,1,1
3,single,f32,16384,glibc_t1,FIXED_TWIN,10,1,1,2440.00,0.0000,0.0000,3000.0,0.0,1.000,65536.0,0.000,0,0,65536,1,0,0,0,1,1
3,single,f32,16384,glibc_t1,FIXED_TWIN,11,0,1,2424.00,0.0000,0.0000,3000.0,0.0,1.000,65536.0,0.000,0,0,65536,1,0,0,0,1,1
3,single,f32,16384,glibc_t1,P5,11,1,1,2413.00,0.0000,0.0000,3000.0,0.0,1.000,65536.0,0.000,0,0,65536,1,0,0,0,1,1
3,single,f32,16384,glibc_t1,P5,12,0,1,2431.00,0.0000,0.0000,3000.0,0.0,1.000,65536.0,0.000,0,0,65536,1,0,0,0,1,1
3,single,f32,16384,glibc_t1,FIXED_TWIN,12,1,1,2491.00,0.0000,0.0000,3000.0,0.0,1.000,65536.0,0.000,0,0,65536,1,0,0,0,1,1
3,single,f32,16384,glibc_t1,FIXED_TWIN,13,0,1,2437.00,0.0000,0.0000,3000.0,0.0,1.000,65536.0,0.000,0,0,65536,1,0,0,0,1,1
3,single,f32,16384,glibc_t1,P5,13,1,1,2439.00,0.0000,0.0000,2000.0,0.0,1.000,65536.0,0.000,0,0,65536,1,0,0,0,1,1
3,single,f32,16384,glibc_t1,P5,14,0,1,2441.00,0.0000,0.0000,3000.0,0.0,1.000,65536.0,0.000,0,0,65536,1,0,0,0,1,1
3,single,f32,16384,glibc_t1,FIXED_TWIN,14,1,1,2455.00,0.0000,0.0000,3000.0,0.0,1.000,65536.0,0.000,0,0,65536,1,0,0,0,1,1
3,single,f32,65536,glibc_t1,P5,0,0,1,9917.00,0.0000,0.0000,11000.0,0.0,1.000,262144.0,0.000,0,0,262144,1,0,0,0,1,1
3,single,f32,65536,glibc_t1,FIXED_TWIN,0,1,1,9984.00,0.0000,0.0000,11000.0,0.0,1.000,262144.0,0.000,0,0,262144,1,0,0,0,1,1
3,single,f32,65536,glibc_t1,FIXED_TWIN,1,0,1,9875.00,0.0000,0.0000,10000.0,0.0,1.000,262144.0,0.000,0,0,262144,1,0,0,0,1,1
3,single,f32,65536,glibc_t1,P5,1,1,1,9784.00,0.0000,0.0000,10000.0,0.0,1.000,262144.0,0.000,0,0,262144,1,0,0,0,1,1
3,single,f32,65536,glibc_t1,P5,2,0,1,9742.00,0.0000,0.0000,10000.0,0.0,1.000,262144.0,0.000,0,0,262144,1,0,0,0,1,1
3,single,f32,65536,glibc_t1,FIXED_TWIN,2,1,1,9761.00,0.0000,0.0000,11000.0,0.0,1.000,262144.0,0.000,0,0,262144,1,0,0,0,1,1
3,single,f32,65536,glibc_t1,FIXED_TWIN,3,0,1,10693.00,0.0000,0.0000,12000.0,0.0,1.000,262144.0,0.000,0,0,262144,1,0,0,0,1,1
3,single,f32,65536,glibc_t1,P5,3,1,1,9617.00,0.0000,0.0000,10000.0,0.0,1.000,262144.0,0.000,0,0,262144,1,0,0,0,1,1
3,single,f32,65536,glibc_t1,P5,4,0,1,9761.00,0.0000,0.0000,10000.0,0.0,1.000,262144.0,0.000,0,0,262144,1,0,0,0,1,1
3,single,f32,65536,glibc_t1,FIXED_TWIN,4,1,1,9760.00,0.0000,0.0000,10000.0,0.0,1.000,262144.0,0.000,0,0,262144,1,0,0,0,1,1
3,single,f32,65536,glibc_t1,FIXED_TWIN,5,0,1,10069.00,0.0000,0.0000,11000.0,0.0,1.000,262144.0,0.000,0,0,262144,1,0,0,0,1,1
3,single,f32,65536,glibc_t1,P5,5,1,1,9916.00,0.0000,0.0000,10000.0,0.0,1.000,262144.0,0.000,0,0,262144,1,0,0,0,1,1
3,single,f32,65536,glibc_t1,P5,6,0,1,9872.00,0.0000,0.0000,10000.0,0.0,1.000,262144.0,0.000,0,0,262144,1,0,0,0,1,1
3,single,f32,65536,glibc_t1,FIXED_TWIN,6,1,1,9679.00,0.0000,0.0000,10000.0,0.0,1.000,262144.0,0.000,0,0,262144,1,0,0,0,1,1
3,single,f32,65536,glibc_t1,FIXED_TWIN,7,0,1,9687.00,0.0000,0.0000,10000.0,0.0,1.000,262144.0,0.000,0,0,262144,1,0,0,0,1,1
3,single,f32,65536,glibc_t1,P5,7,1,1,9666.00,0.0000,0.0000,10000.0,0.0,1.000,262144.0,0.000,0,0,262144,1,0,0,0,1,1
3,single,f32,65536,glibc_t1,P5,8,0,1,9698.00,0.0000,0.0000,10000.0,0.0,1.000,262144.0,0.000,0,0,262144,1,0,0,0,1,1
3,single,f32,65536,glibc_t1,FIXED_TWIN,8,1,1,9684.00,0.0000,0.0000,10000.0,0.0,1.000,262144.0,0.000,0,0,262144,1,0,0,0,1,1
3,single,f32,65536,glibc_t1,FIXED_TWIN,9,0,1,9638.00,0.0000,0.0000,10000.0,0.0,1.000,262144.0,0.000,0,0,262144,1,0,0,0,1,1
3,single,f32,65536,glibc_t1,P5,9,1,1,9738.00,0.0000,0.0000,10000.0,0.0,1.000,262144.0,0.000,0,0,262144,1,0,0,0,1,1
3,single,f32,65536,glibc_t1,P5,10,0,1,9648.00,0.0000,0.0000,10000.0,0.0,1.000,262144.0,0.000,0,0,262144,1,0,0,0,1,1
3,single,f32,65536,glibc_t1,FIXED_TWIN,10,1,1,10023.00,0.0000,0.0000,11000.0,0.0,1.000,262144.0,0.000,0,0,262144,1,0,0,0,1,1
3,single,f32,65536,glibc_t1,FIXED_TWIN,11,0,1,9887.00,0.0000,0.0000,10000.0,0.0,1.000,262144.0,0.000,0,0,262144,1,0,0,0,1,1
3,single,f32,65536,glibc_t1,P5,11,1,1,10918.00,0.0000,0.0000,11000.0,0.0,1.000,262144.0,0.000,0,0,262144,1,0,0,0,1,1
3,single,f32,65536,glibc_t1,P5,12,0,1,9733.00,0.0000,0.0000,10000.0,0.0,1.000,262144.0,0.000,0,0,262144,1,0,0,0,1,1
3,single,f32,65536,glibc_t1,FIXED_TWIN,12,1,1,9664.00,0.0000,0.0000,10000.0,0.0,1.000,262144.0,0.000,0,0,262144,1,0,0,0,1,1
3,single,f32,65536,glibc_t1,FIXED_TWIN,13,0,1,9701.00,0.0000,0.0000,10000.0,0.0,1.000,262144.0,0.000,0,0,262144,1,0,0,0,1,1
3,single,f32,65536,glibc_t1,P5,13,1,1,9734.00,0.0000,0.0000,10000.0,0.0,1.000,262144.0,0.000,0,0,262144,1,0,0,0,1,1
3,single,f32,65536,glibc_t1,P5,14,0,1,9787.00,0.0000,0.0000,10000.0,0.0,1.000,262144.0,0.000,0,0,262144,1,0,0,0,1,1
3,single,f32,65536,glibc_t1,FIXED_TWIN,14,1,1,9682.00,0.0000,0.0000,11000.0,0.0,1.000,262144.0,0.000,0,0,262144,1,0,0,0,1,1
3,single,f32,262144,glibc_t1,P5,0,0,1,103106.00,0.0000,0.0000,106000.0,0.0,1.000,1048576.0,0.000,0,0,1048576,1,0,0,0,1,1
3,single,f32,262144,glibc_t1,FIXED_TWIN,0,1,1,134416.00,0.0000,0.0000,136000.0,0.0,1.000,1048576.0,0.000,0,0,1048576,1,0,0,0,1,1
3,single,f32,262144,glibc_t1,FIXED_TWIN,1,0,1,104054.00,0.0000,0.0000,105000.0,0.0,1.000,1048576.0,0.000,0,0,1048576,1,0,0,0,1,1
3,single,f32,262144,glibc_t1,P5,1,1,1,105744.00,0.0000,0.0000,107000.0,0.0,1.000,1048576.0,0.000,0,0,1048576,1,0,0,0,1,1
3,single,f32,262144,glibc_t1,P5,2,0,1,103678.00,0.0000,0.0000,105000.0,0.0,1.000,1048576.0,0.000,0,0,1048576,1,0,0,0,1,1
3,single,f32,262144,glibc_t1,FIXED_TWIN,2,1,1,112031.00,0.0000,0.0000,114000.0,0.0,1.000,1048576.0,0.000,0,0,1048576,1,0,0,0,1,1
3,single,f32,262144,glibc_t1,FIXED_TWIN,3,0,1,105952.00,0.0000,0.0000,108000.0,0.0,1.000,1048576.0,0.000,0,0,1048576,1,0,0,0,1,1
3,single,f32,262144,glibc_t1,P5,3,1,1,113130.00,0.0000,0.0000,114000.0,0.0,1.000,1048576.0,0.000,0,0,1048576,1,0,0,0,1,1
3,single,f32,262144,glibc_t1,P5,4,0,1,106061.00,0.0000,0.0000,107000.0,0.0,1.000,1048576.0,0.000,0,0,1048576,1,0,0,0,1,1
3,single,f32,262144,glibc_t1,FIXED_TWIN,4,1,1,104974.00,0.0000,0.0000,106000.0,0.0,1.000,1048576.0,0.000,0,0,1048576,1,0,0,0,1,1
3,single,f32,262144,glibc_t1,FIXED_TWIN,5,0,1,105817.00,0.0000,0.0000,107000.0,0.0,1.000,1048576.0,0.000,0,0,1048576,1,0,0,0,1,1
3,single,f32,262144,glibc_t1,P5,5,1,1,104792.00,0.0000,0.0000,106000.0,0.0,1.000,1048576.0,0.000,0,0,1048576,1,0,0,0,1,1
3,single,f32,262144,glibc_t1,P5,6,0,1,104389.00,0.0000,0.0000,105000.0,0.0,1.000,1048576.0,0.000,0,0,1048576,1,0,0,0,1,1
3,single,f32,262144,glibc_t1,FIXED_TWIN,6,1,1,106754.00,0.0000,0.0000,108000.0,0.0,1.000,1048576.0,0.000,0,0,1048576,1,0,0,0,1,1
3,single,f32,262144,glibc_t1,FIXED_TWIN,7,0,1,103795.00,0.0000,0.0000,105000.0,0.0,1.000,1048576.0,0.000,0,0,1048576,1,0,0,0,1,1
3,single,f32,262144,glibc_t1,P5,7,1,1,104970.00,0.0000,0.0000,106000.0,0.0,1.000,1048576.0,0.000,0,0,1048576,1,0,0,0,1,1
3,single,f32,262144,glibc_t1,P5,8,0,1,103409.00,0.0000,0.0000,105000.0,0.0,1.000,1048576.0,0.000,0,0,1048576,1,0,0,0,1,1
3,single,f32,262144,glibc_t1,FIXED_TWIN,8,1,1,105647.00,0.0000,0.0000,107000.0,0.0,1.000,1048576.0,0.000,0,0,1048576,1,0,0,0,1,1
3,single,f32,262144,glibc_t1,FIXED_TWIN,9,0,1,103972.00,0.0000,0.0000,106000.0,0.0,1.000,1048576.0,0.000,0,0,1048576,1,0,0,0,1,1
3,single,f32,262144,glibc_t1,P5,9,1,1,105143.00,0.0000,0.0000,107000.0,0.0,1.000,1048576.0,0.000,0,0,1048576,1,0,0,0,1,1
3,single,f32,262144,glibc_t1,P5,10,0,1,105350.00,0.0000,0.0000,107000.0,0.0,1.000,1048576.0,0.000,0,0,1048576,1,0,0,0,1,1
3,single,f32,262144,glibc_t1,FIXED_TWIN,10,1,1,114607.00,0.0000,0.0000,117000.0,0.0,1.000,1048576.0,0.000,0,0,1048576,1,0,0,0,1,1
3,single,f32,262144,glibc_t1,FIXED_TWIN,11,0,1,104711.00,0.0000,0.0000,106000.0,0.0,1.000,1048576.0,0.000,0,0,1048576,1,0,0,0,1,1
3,single,f32,262144,glibc_t1,P5,11,1,1,103949.00,0.0000,0.0000,105000.0,0.0,1.000,1048576.0,0.000,0,0,1048576,1,0,0,0,1,1
3,single,f32,262144,glibc_t1,P5,12,0,1,133898.00,0.0000,0.0000,135000.0,0.0,1.000,1048576.0,0.000,0,0,1048576,1,0,0,0,1,1
3,single,f32,262144,glibc_t1,FIXED_TWIN,12,1,1,105417.00,0.0000,0.0000,107000.0,0.0,1.000,1048576.0,0.000,0,0,1048576,1,0,0,0,1,1
3,single,f32,262144,glibc_t1,FIXED_TWIN,13,0,1,104295.00,0.0000,0.0000,105000.0,0.0,1.000,1048576.0,0.000,0,0,1048576,1,0,0,0,1,1
3,single,f32,262144,glibc_t1,P5,13,1,1,104780.00,0.0000,0.0000,106000.0,0.0,1.000,1048576.0,0.000,0,0,1048576,1,0,0,0,1,1
3,single,f32,262144,glibc_t1,P5,14,0,1,123140.00,0.0000,0.0000,124000.0,0.0,1.000,1048576.0,0.000,0,0,1048576,1,0,0,0,1,1
3,single,f32,262144,glibc_t1,FIXED_TWIN,14,1,1,104433.00,0.0000,0.0000,106000.0,0.0,1.000,1048576.0,0.000,0,0,1048576,1,0,0,0,1,1
3,single,f32,1048576,glibc_t1,P5,0,0,1,468501.00,0.0000,0.0000,429000.0,43000.0,1.000,4194304.0,0.000,0,0,4194304,1,0,0,0,1,1
3,single,f32,1048576,glibc_t1,FIXED_TWIN,0,1,1,466696.00,0.0000,0.0000,427000.0,43000.0,1.000,4194304.0,0.000,0,0,4194304,1,0,0,0,1,1
3,single,f32,1048576,glibc_t1,FIXED_TWIN,1,0,1,488272.00,0.0000,0.0000,491000.0,0.0,1.000,4194304.0,0.000,0,0,4194304,1,0,0,0,1,1
3,single,f32,1048576,glibc_t1,P5,1,1,1,495489.00,0.0000,0.0000,479000.0,20000.0,1.000,4194304.0,0.000,0,0,4194304,1,0,0,0,1,1
3,single,f32,1048576,glibc_t1,P5,2,0,1,499932.00,0.0000,0.0000,503000.0,0.0,1.000,4194304.0,0.000,0,0,4194304,1,0,0,0,1,1
3,single,f32,1048576,glibc_t1,FIXED_TWIN,2,1,1,540484.00,0.0000,0.0000,519000.0,25000.0,1.000,4194304.0,0.000,0,0,4194304,1,0,0,0,1,1
3,single,f32,1048576,glibc_t1,FIXED_TWIN,3,0,1,467174.00,0.0000,0.0000,471000.0,0.0,1.000,4194304.0,0.000,0,0,4194304,1,0,0,0,1,1
3,single,f32,1048576,glibc_t1,P5,3,1,1,501190.00,0.0000,0.0000,504000.0,0.0,1.000,4194304.0,0.000,0,0,4194304,1,0,0,0,1,1
3,single,f32,1048576,glibc_t1,P5,4,0,1,595118.00,0.0000,0.0000,599000.0,0.0,1.000,4194304.0,0.000,0,0,4194304,1,0,0,0,1,1
3,single,f32,1048576,glibc_t1,FIXED_TWIN,4,1,1,509228.00,0.0000,0.0000,513000.0,0.0,1.000,4194304.0,0.000,0,0,4194304,1,0,0,0,1,1
3,single,f32,1048576,glibc_t1,FIXED_TWIN,5,0,1,474097.00,0.0000,0.0000,478000.0,0.0,1.000,4194304.0,0.000,0,0,4194304,1,0,0,0,1,1
3,single,f32,1048576,glibc_t1,P5,5,1,1,590646.00,0.0000,0.0000,594000.0,0.0,1.000,4194304.0,0.000,0,0,4194304,1,0,0,0,1,1
3,single,f32,1048576,glibc_t1,P5,6,0,1,478662.00,0.0000,0.0000,483000.0,0.0,1.000,4194304.0,0.000,0,0,4194304,1,0,0,0,1,1
3,single,f32,1048576,glibc_t1,FIXED_TWIN,6,1,1,466655.00,0.0000,0.0000,470000.0,0.0,1.000,4194304.0,0.000,0,0,4194304,1,0,0,0,1,1
3,single,f32,1048576,glibc_t1,FIXED_TWIN,7,0,1,539809.00,0.0000,0.0000,543000.0,0.0,1.000,4194304.0,0.000,0,0,4194304,1,0,0,0,1,1
3,single,f32,1048576,glibc_t1,P5,7,1,1,486788.00,0.0000,0.0000,491000.0,0.0,1.000,4194304.0,0.000,0,0,4194304,1,0,0,0,1,1
3,single,f32,1048576,glibc_t1,P5,8,0,1,477506.00,0.0000,0.0000,482000.0,0.0,1.000,4194304.0,0.000,0,0,4194304,1,0,0,0,1,1
3,single,f32,1048576,glibc_t1,FIXED_TWIN,8,1,1,512469.00,0.0000,0.0000,518000.0,0.0,1.000,4194304.0,0.000,0,0,4194304,1,0,0,0,1,1
3,single,f32,1048576,glibc_t1,FIXED_TWIN,9,0,1,497477.00,0.0000,0.0000,501000.0,0.0,1.000,4194304.0,0.000,0,0,4194304,1,0,0,0,1,1
3,single,f32,1048576,glibc_t1,P5,9,1,1,544566.00,0.0000,0.0000,548000.0,0.0,1.000,4194304.0,0.000,0,0,4194304,1,0,0,0,1,1
3,single,f32,1048576,glibc_t1,P5,10,0,1,529695.00,0.0000,0.0000,534000.0,0.0,1.000,4194304.0,0.000,0,0,4194304,1,0,0,0,1,1
3,single,f32,1048576,glibc_t1,FIXED_TWIN,10,1,1,493795.00,0.0000,0.0000,498000.0,0.0,1.000,4194304.0,0.000,0,0,4194304,1,0,0,0,1,1
3,single,f32,1048576,glibc_t1,FIXED_TWIN,11,0,1,494338.00,0.0000,0.0000,498000.0,0.0,1.000,4194304.0,0.000,0,0,4194304,1,0,0,0,1,1
3,single,f32,1048576,glibc_t1,P5,11,1,1,476934.00,0.0000,0.0000,481000.0,0.0,1.000,4194304.0,0.000,0,0,4194304,1,0,0,0,1,1
3,single,f32,1048576,glibc_t1,P5,12,0,1,464085.00,0.0000,0.0000,467000.0,0.0,1.000,4194304.0,0.000,0,0,4194304,1,0,0,0,1,1
3,single,f32,1048576,glibc_t1,FIXED_TWIN,12,1,1,483058.00,0.0000,0.0000,486000.0,0.0,1.000,4194304.0,0.000,0,0,4194304,1,0,0,0,1,1
3,single,f32,1048576,glibc_t1,FIXED_TWIN,13,0,1,496942.00,0.0000,0.0000,499000.0,0.0,1.000,4194304.0,0.000,0,0,4194304,1,0,0,0,1,1
3,single,f32,1048576,glibc_t1,P5,13,1,1,486368.00,0.0000,0.0000,490000.0,0.0,1.000,4194304.0,0.000,0,0,4194304,1,0,0,0,1,1
3,single,f32,1048576,glibc_t1,P5,14,0,1,521897.00,0.0000,0.0000,525000.0,0.0,1.000,4194304.0,0.000,0,0,4194304,1,0,0,0,1,1
3,single,f32,1048576,glibc_t1,FIXED_TWIN,14,1,1,554194.00,0.0000,0.0000,558000.0,0.0,1.000,4194304.0,0.000,0,0,4194304,1,0,0,0,1,1
3,single,f32,4194304,glibc_t1,P5,0,0,1,1939987.00,0.0000,0.0000,1945000.0,0.0,1.000,16777216.0,0.000,0,0,16777216,1,0,0,0,1,1
3,single,f32,4194304,glibc_t1,FIXED_TWIN,0,1,1,1961423.00,0.0000,0.0000,1967000.0,0.0,1.000,16777216.0,0.000,0,0,16777216,1,0,0,0,1,1
3,single,f32,4194304,glibc_t1,FIXED_TWIN,1,0,1,1898851.00,0.0000,0.0000,1902000.0,0.0,1.000,16777216.0,0.000,0,0,16777216,1,0,0,0,1,1
3,single,f32,4194304,glibc_t1,P5,1,1,1,1924702.00,0.0000,0.0000,1929000.0,0.0,1.000,16777216.0,0.000,0,0,16777216,1,0,0,0,1,1
3,single,f32,4194304,glibc_t1,P5,2,0,1,1960706.00,0.0000,0.0000,1965000.0,0.0,1.000,16777216.0,0.000,0,0,16777216,1,0,0,0,1,1
3,single,f32,4194304,glibc_t1,FIXED_TWIN,2,1,1,2006090.00,0.0000,0.0000,2011000.0,0.0,1.000,16777216.0,0.000,0,0,16777216,1,0,0,0,1,1
3,single,f32,4194304,glibc_t1,FIXED_TWIN,3,0,1,2064463.00,0.0000,0.0000,2070000.0,0.0,1.000,16777216.0,0.000,0,0,16777216,1,0,0,0,1,1
3,single,f32,4194304,glibc_t1,P5,3,1,1,2060603.00,0.0000,0.0000,2065000.0,0.0,1.000,16777216.0,0.000,0,0,16777216,1,0,0,0,1,1
3,single,f32,4194304,glibc_t1,P5,4,0,1,1972807.00,0.0000,0.0000,1977000.0,0.0,1.000,16777216.0,0.000,0,0,16777216,1,0,0,0,1,1
3,single,f32,4194304,glibc_t1,FIXED_TWIN,4,1,1,2170122.00,0.0000,0.0000,2175000.0,0.0,1.000,16777216.0,0.000,0,0,16777216,1,0,0,0,1,1
3,single,f32,4194304,glibc_t1,FIXED_TWIN,5,0,1,1985478.00,0.0000,0.0000,1990000.0,0.0,1.000,16777216.0,0.000,0,0,16777216,1,0,0,0,1,1
3,single,f32,4194304,glibc_t1,P5,5,1,1,2002404.00,0.0000,0.0000,2006000.0,0.0,1.000,16777216.0,0.000,0,0,16777216,1,0,0,0,1,1
3,single,f32,4194304,glibc_t1,P5,6,0,1,1987005.00,0.0000,0.0000,1990000.0,0.0,1.000,16777216.0,0.000,0,0,16777216,1,0,0,0,1,1
3,single,f32,4194304,glibc_t1,FIXED_TWIN,6,1,1,1990795.00,0.0000,0.0000,1995000.0,0.0,1.000,16777216.0,0.000,0,0,16777216,1,0,0,0,1,1
3,single,f32,4194304,glibc_t1,FIXED_TWIN,7,0,1,1988985.00,0.0000,0.0000,1993000.0,0.0,1.000,16777216.0,0.000,0,0,16777216,1,0,0,0,1,1
3,single,f32,4194304,glibc_t1,P5,7,1,1,1970317.00,0.0000,0.0000,1975000.0,0.0,1.000,16777216.0,0.000,0,0,16777216,1,0,0,0,1,1
3,single,f32,4194304,glibc_t1,P5,8,0,1,1984112.00,0.0000,0.0000,1988000.0,0.0,1.000,16777216.0,0.000,0,0,16777216,1,0,0,0,1,1
3,single,f32,4194304,glibc_t1,FIXED_TWIN,8,1,1,1996108.00,0.0000,0.0000,2000000.0,0.0,1.000,16777216.0,0.000,0,0,16777216,1,0,0,0,1,1
3,single,f32,4194304,glibc_t1,FIXED_TWIN,9,0,1,2042678.00,0.0000,0.0000,2047000.0,0.0,1.000,16777216.0,0.000,0,0,16777216,1,0,0,0,1,1
3,single,f32,4194304,glibc_t1,P5,9,1,1,2023132.00,0.0000,0.0000,2027000.0,0.0,1.000,16777216.0,0.000,0,0,16777216,1,0,0,0,1,1
3,single,f32,4194304,glibc_t1,P5,10,0,1,1987997.00,0.0000,0.0000,1992000.0,0.0,1.000,16777216.0,0.000,0,0,16777216,1,0,0,0,1,1
3,single,f32,4194304,glibc_t1,FIXED_TWIN,10,1,1,1993357.00,0.0000,0.0000,1997000.0,0.0,1.000,16777216.0,0.000,0,0,16777216,1,0,0,0,1,1
3,single,f32,4194304,glibc_t1,FIXED_TWIN,11,0,1,2026558.00,0.0000,0.0000,2031000.0,0.0,1.000,16777216.0,0.000,0,0,16777216,1,0,0,0,1,1
3,single,f32,4194304,glibc_t1,P5,11,1,1,1991099.00,0.0000,0.0000,1994000.0,0.0,1.000,16777216.0,0.000,0,0,16777216,1,0,0,0,1,1
3,single,f32,4194304,glibc_t1,P5,12,0,1,2012530.00,0.0000,0.0000,2017000.0,0.0,1.000,16777216.0,0.000,0,0,16777216,1,0,0,0,1,1
3,single,f32,4194304,glibc_t1,FIXED_TWIN,12,1,1,1946906.00,0.0000,0.0000,1951000.0,0.0,1.000,16777216.0,0.000,0,0,16777216,1,0,0,0,1,1
3,single,f32,4194304,glibc_t1,FIXED_TWIN,13,0,1,2027548.00,0.0000,0.0000,2032000.0,0.0,1.000,16777216.0,0.000,0,0,16777216,1,0,0,0,1,1
3,single,f32,4194304,glibc_t1,P5,13,1,1,2017908.00,0.0000,0.0000,2023000.0,0.0,1.000,16777216.0,0.000,0,0,16777216,1,0,0,0,1,1
3,single,f32,4194304,glibc_t1,P5,14,0,1,2043609.00,0.0000,0.0000,2047000.0,0.0,1.000,16777216.0,0.000,0,0,16777216,1,0,0,0,1,1
3,single,f32,4194304,glibc_t1,FIXED_TWIN,14,1,1,2030387.00,0.0000,0.0000,2034000.0,0.0,1.000,16777216.0,0.000,0,0,16777216,1,0,0,0,1,1
3,single,f32,16777216,glibc_t1,P5,0,0,1,36904074.00,16385.0000,0.0000,9920000.0,26901000.0,1.000,67108864.0,0.000,0,0,67108864,1,0,0,0,1,1
3,single,f32,16777216,glibc_t1,FIXED_TWIN,0,1,1,39225693.00,16385.0000,0.0000,11479000.0,27753000.0,1.000,67108864.0,0.000,0,0,67108864,1,0,0,0,1,1
3,single,f32,16777216,glibc_t1,FIXED_TWIN,1,0,1,36478000.00,16385.0000,0.0000,4292000.0,32192000.0,1.000,67108864.0,0.000,0,0,67108864,1,0,0,0,1,1
3,single,f32,16777216,glibc_t1,P5,1,1,1,38975269.00,16385.0000,0.0000,9820000.0,29162000.0,1.000,67108864.0,0.000,0,0,67108864,1,0,0,0,1,1
3,single,f32,16777216,glibc_t1,P5,2,0,1,36975222.00,16385.0000,0.0000,4581000.0,32399000.0,1.000,67108864.0,0.000,0,0,67108864,1,0,0,0,1,1
3,single,f32,16777216,glibc_t1,FIXED_TWIN,2,1,1,36861254.00,16385.0000,0.0000,16504000.0,20363000.0,1.000,67108864.0,0.000,0,0,67108864,1,0,0,0,1,1
3,single,f32,16777216,glibc_t1,FIXED_TWIN,3,0,1,37349037.00,16385.0000,0.0000,8765000.0,28574000.0,1.000,67108864.0,0.000,0,0,67108864,1,0,0,0,1,1
3,single,f32,16777216,glibc_t1,P5,3,1,1,37468259.00,16385.0000,0.0000,2517000.0,34923000.0,1.000,67108864.0,0.000,0,0,67108864,1,0,0,0,1,1
3,single,f32,16777216,glibc_t1,P5,4,0,1,37571023.00,16385.0000,0.0000,4885000.0,32691000.0,1.000,67108864.0,0.000,0,0,67108864,1,0,0,0,1,1
3,single,f32,16777216,glibc_t1,FIXED_TWIN,4,1,1,37219635.00,16385.0000,0.0000,2437000.0,34790000.0,1.000,67108864.0,0.000,0,0,67108864,1,0,0,0,1,1
3,single,f32,16777216,glibc_t1,FIXED_TWIN,5,0,1,38385438.00,16385.0000,0.0000,9293000.0,29098000.0,1.000,67108864.0,0.000,0,0,67108864,1,0,0,0,1,1
3,single,f32,16777216,glibc_t1,P5,5,1,1,37142691.00,16385.0000,0.0000,24629000.0,12521000.0,1.000,67108864.0,0.000,0,0,67108864,1,0,0,0,1,1
3,single,f32,16777216,glibc_t1,P5,6,0,1,37154326.00,16385.0000,0.0000,18444000.0,18717000.0,1.000,67108864.0,0.000,0,0,67108864,1,0,0,0,1,1
3,single,f32,16777216,glibc_t1,FIXED_TWIN,6,1,1,37562527.00,16385.0000,0.0000,12790000.0,24719000.0,1.000,67108864.0,0.000,0,0,67108864,1,0,0,0,1,1
3,single,f32,16777216,glibc_t1,FIXED_TWIN,7,0,1,38801242.00,16385.0000,0.0000,19335000.0,19453000.0,1.000,67108864.0,0.000,0,0,67108864,1,0,0,0,1,1
3,single,f32,16777216,glibc_t1,P5,7,1,1,36937277.00,16385.0000,0.0000,4490000.0,32434000.0,1.000,67108864.0,0.000,0,0,67108864,1,0,0,0,1,1
3,single,f32,16777216,glibc_t1,P5,8,0,1,37178524.00,16385.0000,0.0000,8623000.0,28561000.0,1.000,67108864.0,0.000,0,0,67108864,1,0,0,0,1,1
3,single,f32,16777216,glibc_t1,FIXED_TWIN,8,1,1,37820309.00,16385.0000,0.0000,16964000.0,20863000.0,1.000,67108864.0,0.000,0,0,67108864,1,0,0,0,1,1
3,single,f32,16777216,glibc_t1,FIXED_TWIN,9,0,1,37187142.00,16385.0000,0.0000,4621000.0,32530000.0,1.000,67108864.0,0.000,0,0,67108864,1,0,0,0,1,1
3,single,f32,16777216,glibc_t1,P5,9,1,1,37211823.00,16385.0000,0.0000,16633000.0,20583000.0,1.000,67108864.0,0.000,0,0,67108864,1,0,0,0,1,1
3,single,f32,16777216,glibc_t1,P5,10,0,1,36440463.00,16385.0000,0.0000,12228000.0,24217000.0,1.000,67108864.0,0.000,0,0,67108864,1,0,0,0,1,1
3,single,f32,16777216,glibc_t1,FIXED_TWIN,10,1,1,36606666.00,16385.0000,0.0000,8308000.0,28306000.0,1.000,67108864.0,0.000,0,0,67108864,1,0,0,0,1,1
3,single,f32,16777216,glibc_t1,FIXED_TWIN,11,0,1,36519717.00,16385.0000,0.0000,16266000.0,20258000.0,1.000,67108864.0,0.000,0,0,67108864,1,0,0,0,1,1
3,single,f32,16777216,glibc_t1,P5,11,1,1,43052365.00,16385.0000,0.0000,17565000.0,25493000.0,1.000,67108864.0,0.000,0,0,67108864,1,0,0,0,1,1
3,single,f32,16777216,glibc_t1,P5,12,0,1,36936294.00,16385.0000,0.0000,2439000.0,34504000.0,1.000,67108864.0,0.000,0,0,67108864,1,0,0,0,1,1
3,single,f32,16777216,glibc_t1,FIXED_TWIN,12,1,1,36824402.00,16385.0000,0.0000,4419000.0,32411000.0,1.000,67108864.0,0.000,0,0,67108864,1,0,0,0,1,1
3,single,f32,16777216,glibc_t1,FIXED_TWIN,13,0,1,36925353.00,16385.0000,0.0000,20472000.0,16460000.0,1.000,67108864.0,0.000,0,0,67108864,1,0,0,0,1,1
3,single,f32,16777216,glibc_t1,P5,13,1,1,37002195.00,16385.0000,0.0000,8506000.0,28502000.0,1.000,67108864.0,0.000,0,0,67108864,1,0,0,0,1,1
3,single,f32,16777216,glibc_t1,P5,14,0,1,37364590.00,16385.0000,0.0000,4684000.0,32641000.0,1.000,67108864.0,0.000,0,0,67108864,1,0,0,0,1,1
3,single,f32,16777216,glibc_t1,FIXED_TWIN,14,1,1,36673612.00,16385.0000,0.0000,20342000.0,16337000.0,1.000,67108864.0,0.000,0,0,67108864,1,0,0,0,1,1
3,final_left,f32,64,glibc_t1,P5,0,0,1000,297.12,0.0000,0.0000,151.0,149.0,2.000,512.0,0.000,0,0,256256,2,0,0,0,1,1
3,final_left,f32,64,glibc_t1,P6,0,1,1000,269.91,0.0000,0.0000,136.0,134.0,1.000,256.0,0.000,0,0,256000,1,1,0,0,1,1
3,final_left,f32,64,glibc_t1,P7,0,2,1000,252.44,0.0000,0.0000,128.0,126.0,1.000,256.0,0.000,0,0,256000,1,0,1,0,1,1
3,final_left,f32,64,glibc_t1,FIXED_TWIN,0,3,1000,253.30,0.0000,0.0000,128.0,126.0,1.000,256.0,0.000,0,0,256000,1,0,1,0,1,1
3,final_left,f32,64,glibc_t1,P6,1,0,1000,298.53,0.0000,0.0000,299.0,0.0,1.000,256.0,0.000,0,0,256000,1,1,0,0,1,1
3,final_left,f32,64,glibc_t1,P7,1,1,1000,256.86,0.0000,0.0000,258.0,0.0,1.000,256.0,0.000,0,0,256000,1,0,1,0,1,1
3,final_left,f32,64,glibc_t1,FIXED_TWIN,1,2,1000,256.94,0.0000,0.0000,258.0,0.0,1.000,256.0,0.000,0,0,256000,1,0,1,0,1,1
3,final_left,f32,64,glibc_t1,P5,1,3,1000,288.21,0.0000,0.0000,289.0,0.0,2.000,512.0,0.000,0,0,256256,2,0,0,0,1,1
3,final_left,f32,64,glibc_t1,P7,2,0,1000,259.40,0.0000,0.0000,260.0,0.0,1.000,256.0,0.000,0,0,256000,1,0,1,0,1,1
3,final_left,f32,64,glibc_t1,FIXED_TWIN,2,1,1000,257.51,0.0000,0.0000,258.0,0.0,1.000,256.0,0.000,0,0,256000,1,0,1,0,1,1
3,final_left,f32,64,glibc_t1,P5,2,2,1000,317.85,0.0000,0.0000,318.0,0.0,2.000,512.0,0.000,0,0,256256,2,0,0,0,1,1
3,final_left,f32,64,glibc_t1,P6,2,3,1000,273.67,0.0000,0.0000,274.0,0.0,1.000,256.0,0.000,0,0,256000,1,1,0,0,1,1
3,final_left,f32,64,glibc_t1,FIXED_TWIN,3,0,1000,249.31,0.0000,0.0000,250.0,0.0,1.000,256.0,0.000,0,0,256000,1,0,1,0,1,1
3,final_left,f32,64,glibc_t1,P5,3,1,1000,291.99,0.0000,0.0000,293.0,0.0,2.000,512.0,0.000,0,0,256256,2,0,0,0,1,1
3,final_left,f32,64,glibc_t1,P6,3,2,1000,272.82,0.0000,0.0000,273.0,0.0,1.000,256.0,0.000,0,0,256000,1,1,0,0,1,1
3,final_left,f32,64,glibc_t1,P7,3,3,1000,255.84,0.0000,0.0000,256.0,0.0,1.000,256.0,0.000,0,0,256000,1,0,1,0,1,1
3,final_left,f32,64,glibc_t1,P5,4,0,1000,325.91,0.0000,0.0000,327.0,0.0,2.000,512.0,0.000,0,0,256256,2,0,0,0,1,1
3,final_left,f32,64,glibc_t1,P6,4,1,1000,275.35,0.0000,0.0000,276.0,0.0,1.000,256.0,0.000,0,0,256000,1,1,0,0,1,1
3,final_left,f32,64,glibc_t1,P7,4,2,1000,247.74,0.0000,0.0000,248.0,0.0,1.000,256.0,0.000,0,0,256000,1,0,1,0,1,1
3,final_left,f32,64,glibc_t1,FIXED_TWIN,4,3,1000,311.75,0.0000,0.0000,312.0,0.0,1.000,256.0,0.000,0,0,256000,1,0,1,0,1,1
3,final_left,f32,64,glibc_t1,P6,5,0,1000,267.22,0.0000,0.0000,269.0,0.0,1.000,256.0,0.000,0,0,256000,1,1,0,0,1,1
3,final_left,f32,64,glibc_t1,P7,5,1,1000,248.79,0.0000,0.0000,250.0,0.0,1.000,256.0,0.000,0,0,256000,1,0,1,0,1,1
3,final_left,f32,64,glibc_t1,FIXED_TWIN,5,2,1000,256.64,0.0000,0.0000,258.0,0.0,1.000,256.0,0.000,0,0,256000,1,0,1,0,1,1
3,final_left,f32,64,glibc_t1,P5,5,3,1000,294.87,0.0000,0.0000,295.0,0.0,2.000,512.0,0.000,0,0,256256,2,0,0,0,1,1
3,final_left,f32,64,glibc_t1,P7,6,0,1000,257.13,0.0000,0.0000,258.0,0.0,1.000,256.0,0.000,0,0,256000,1,0,1,0,1,1
3,final_left,f32,64,glibc_t1,FIXED_TWIN,6,1,1000,254.61,0.0000,0.0000,256.0,0.0,1.000,256.0,0.000,0,0,256000,1,0,1,0,1,1
3,final_left,f32,64,glibc_t1,P5,6,2,1000,300.43,0.0000,0.0000,301.0,0.0,2.000,512.0,0.000,0,0,256256,2,0,0,0,1,1
3,final_left,f32,64,glibc_t1,P6,6,3,1000,273.24,0.0000,0.0000,274.0,0.0,1.000,256.0,0.000,0,0,256000,1,1,0,0,1,1
3,final_left,f32,64,glibc_t1,FIXED_TWIN,7,0,1000,253.85,0.0000,0.0000,255.0,0.0,1.000,256.0,0.000,0,0,256000,1,0,1,0,1,1
3,final_left,f32,64,glibc_t1,P5,7,1,1000,299.78,0.0000,0.0000,300.0,0.0,2.000,512.0,0.000,0,0,256256,2,0,0,0,1,1
3,final_left,f32,64,glibc_t1,P6,7,2,1000,316.24,0.0000,0.0000,317.0,0.0,1.000,256.0,0.000,0,0,256000,1,1,0,0,1,1
3,final_left,f32,64,glibc_t1,P7,7,3,1000,253.20,0.0000,0.0000,254.0,0.0,1.000,256.0,0.000,0,0,256000,1,0,1,0,1,1
3,final_left,f32,64,glibc_t1,P5,8,0,1000,303.78,0.0000,0.0000,304.0,0.0,2.000,512.0,0.000,0,0,256256,2,0,0,0,1,1
3,final_left,f32,64,glibc_t1,P6,8,1,1000,295.62,0.0000,0.0000,296.0,0.0,1.000,256.0,0.000,0,0,256000,1,1,0,0,1,1
3,final_left,f32,64,glibc_t1,P7,8,2,1000,257.74,0.0000,0.0000,258.0,0.0,1.000,256.0,0.000,0,0,256000,1,0,1,0,1,1
3,final_left,f32,64,glibc_t1,FIXED_TWIN,8,3,1000,270.56,0.0000,0.0000,271.0,0.0,1.000,256.0,0.000,0,0,256000,1,0,1,0,1,1
3,final_left,f32,64,glibc_t1,P6,9,0,1000,269.82,0.0000,0.0000,270.0,0.0,1.000,256.0,0.000,0,0,256000,1,1,0,0,1,1
3,final_left,f32,64,glibc_t1,P7,9,1,1000,260.94,0.0000,0.0000,262.0,0.0,1.000,256.0,0.000,0,0,256000,1,0,1,0,1,1
3,final_left,f32,64,glibc_t1,FIXED_TWIN,9,2,1000,272.50,0.0000,0.0000,273.0,0.0,1.000,256.0,0.000,0,0,256000,1,0,1,0,1,1
3,final_left,f32,64,glibc_t1,P5,9,3,1000,301.14,0.0000,0.0000,302.0,0.0,2.000,512.0,0.000,0,0,256256,2,0,0,0,1,1
3,final_left,f32,64,glibc_t1,P7,10,0,1000,254.46,0.0000,0.0000,255.0,0.0,1.000,256.0,0.000,0,0,256000,1,0,1,0,1,1
3,final_left,f32,64,glibc_t1,FIXED_TWIN,10,1,1000,269.63,0.0000,0.0000,270.0,0.0,1.000,256.0,0.000,0,0,256000,1,0,1,0,1,1
3,final_left,f32,64,glibc_t1,P5,10,2,1000,279.30,0.0000,0.0000,280.0,0.0,2.000,512.0,0.000,0,0,256256,2,0,0,0,1,1
3,final_left,f32,64,glibc_t1,P6,10,3,1000,275.97,0.0000,0.0000,276.0,0.0,1.000,256.0,0.000,0,0,256000,1,1,0,0,1,1
3,final_left,f32,64,glibc_t1,FIXED_TWIN,11,0,1000,252.32,0.0000,0.0000,253.0,0.0,1.000,256.0,0.000,0,0,256000,1,0,1,0,1,1
3,final_left,f32,64,glibc_t1,P5,11,1,1000,322.99,0.0000,0.0000,323.0,0.0,2.000,512.0,0.000,0,0,256256,2,0,0,0,1,1
3,final_left,f32,64,glibc_t1,P6,11,2,1000,277.57,0.0000,0.0000,278.0,0.0,1.000,256.0,0.000,0,0,256000,1,1,0,0,1,1
3,final_left,f32,64,glibc_t1,P7,11,3,1000,249.88,0.0000,0.0000,250.0,0.0,1.000,256.0,0.000,0,0,256000,1,0,1,0,1,1
3,final_left,f32,64,glibc_t1,P5,12,0,1000,304.67,0.0000,0.0000,305.0,0.0,2.000,512.0,0.000,0,0,256256,2,0,0,0,1,1
3,final_left,f32,64,glibc_t1,P6,12,1,1000,278.53,0.0000,0.0000,279.0,0.0,1.000,256.0,0.000,0,0,256000,1,1,0,0,1,1
3,final_left,f32,64,glibc_t1,P7,12,2,1000,251.73,0.0000,0.0000,252.0,0.0,1.000,256.0,0.000,0,0,256000,1,0,1,0,1,1
3,final_left,f32,64,glibc_t1,FIXED_TWIN,12,3,1000,272.70,0.0000,0.0000,273.0,0.0,1.000,256.0,0.000,0,0,256000,1,0,1,0,1,1
3,final_left,f32,64,glibc_t1,P6,13,0,1000,274.66,0.0000,0.0000,276.0,0.0,1.000,256.0,0.000,0,0,256000,1,1,0,0,1,1
3,final_left,f32,64,glibc_t1,P7,13,1,1000,253.10,0.0000,0.0000,254.0,0.0,1.000,256.0,0.000,0,0,256000,1,0,1,0,1,1
3,final_left,f32,64,glibc_t1,FIXED_TWIN,13,2,1000,267.85,0.0000,0.0000,268.0,0.0,1.000,256.0,0.000,0,0,256000,1,0,1,0,1,1
3,final_left,f32,64,glibc_t1,P5,13,3,1000,289.01,0.0000,0.0000,290.0,0.0,2.000,512.0,0.000,0,0,256256,2,0,0,0,1,1
3,final_left,f32,64,glibc_t1,P7,14,0,1000,248.31,0.0000,0.0000,249.0,0.0,1.000,256.0,0.000,0,0,256000,1,0,1,0,1,1
3,final_left,f32,64,glibc_t1,FIXED_TWIN,14,1,1000,273.09,0.0000,0.0000,274.0,0.0,1.000,256.0,0.000,0,0,256000,1,0,1,0,1,1
3,final_left,f32,64,glibc_t1,P5,14,2,1000,284.79,0.0000,0.0000,285.0,0.0,2.000,512.0,0.000,0,0,256256,2,0,0,0,1,1
3,final_left,f32,64,glibc_t1,P6,14,3,1000,285.74,0.0000,0.0000,287.0,0.0,1.000,256.0,0.000,0,0,256000,1,1,0,0,1,1
3,final_left,f32,1024,glibc_t1,P5,0,0,1000,758.48,0.0000,0.0000,738.0,0.0,2.000,8192.0,0.000,0,0,4100096,2,0,0,0,1,1
3,final_left,f32,1024,glibc_t1,P6,0,1,1000,519.82,0.0000,0.0000,523.0,0.0,1.000,4096.0,0.000,0,0,4096000,1,1,0,0,1,1
3,final_left,f32,1024,glibc_t1,P7,0,2,1000,400.04,0.0000,0.0000,401.0,0.0,1.000,4096.0,0.000,0,0,4096000,1,0,1,0,1,1
3,final_left,f32,1024,glibc_t1,FIXED_TWIN,0,3,1000,434.14,0.0000,0.0000,436.0,0.0,1.000,4096.0,0.000,0,0,4096000,1,0,1,0,1,1
3,final_left,f32,1024,glibc_t1,P6,1,0,1000,549.74,0.0000,0.0000,551.0,0.0,1.000,4096.0,0.000,0,0,4096000,1,1,0,0,1,1
3,final_left,f32,1024,glibc_t1,P7,1,1,1000,432.33,0.0000,0.0000,434.0,0.0,1.000,4096.0,0.000,0,0,4096000,1,0,1,0,1,1
3,final_left,f32,1024,glibc_t1,FIXED_TWIN,1,2,1000,431.36,0.0000,0.0000,433.0,0.0,1.000,4096.0,0.000,0,0,4096000,1,0,1,0,1,1
3,final_left,f32,1024,glibc_t1,P5,1,3,1000,521.33,0.0000,0.0000,523.0,0.0,2.000,8192.0,0.000,0,0,4100096,2,0,0,0,1,1
3,final_left,f32,1024,glibc_t1,P7,2,0,1000,408.89,0.0000,0.0000,411.0,0.0,1.000,4096.0,0.000,0,0,4096000,1,0,1,0,1,1
3,final_left,f32,1024,glibc_t1,FIXED_TWIN,2,1,1000,404.18,0.0000,0.0000,405.0,0.0,1.000,4096.0,0.000,0,0,4096000,1,0,1,0,1,1
3,final_left,f32,1024,glibc_t1,P5,2,2,1000,571.08,0.0000,0.0000,572.0,0.0,2.000,8192.0,0.000,0,0,4100096,2,0,0,0,1,1
3,final_left,f32,1024,glibc_t1,P6,2,3,1000,552.12,0.0000,0.0000,554.0,0.0,1.000,4096.0,0.000,0,0,4096000,1,1,0,0,1,1
3,final_left,f32,1024,glibc_t1,FIXED_TWIN,3,0,1000,415.16,0.0000,0.0000,417.0,0.0,1.000,4096.0,0.000,0,0,4096000,1,0,1,0,1,1
3,final_left,f32,1024,glibc_t1,P5,3,1,1000,516.01,0.0000,0.0000,517.0,0.0,2.000,8192.0,0.000,0,0,4100096,2,0,0,0,1,1
3,final_left,f32,1024,glibc_t1,P6,3,2,1000,516.03,0.0000,0.0000,517.0,0.0,1.000,4096.0,0.000,0,0,4096000,1,1,0,0,1,1
3,final_left,f32,1024,glibc_t1,P7,3,3,1000,436.56,0.0000,0.0000,438.0,0.0,1.000,4096.0,0.000,0,0,4096000,1,0,1,0,1,1
3,final_left,f32,1024,glibc_t1,P5,4,0,1000,559.08,0.0000,0.0000,562.0,0.0,2.000,8192.0,0.000,0,0,4100096,2,0,0,0,1,1
3,final_left,f32,1024,glibc_t1,P6,4,1,1000,519.45,0.0000,0.0000,521.0,0.0,1.000,4096.0,0.000,0,0,4096000,1,1,0,0,1,1
3,final_left,f32,1024,glibc_t1,P7,4,2,1000,406.21,0.0000,0.0000,408.0,0.0,1.000,4096.0,0.000,0,0,4096000,1,0,1,0,1,1
3,final_left,f32,1024,glibc_t1,FIXED_TWIN,4,3,1000,405.69,0.0000,0.0000,407.0,0.0,1.000,4096.0,0.000,0,0,4096000,1,0,1,0,1,1
3,final_left,f32,1024,glibc_t1,P6,5,0,1000,555.04,0.0000,0.0000,557.0,0.0,1.000,4096.0,0.000,0,0,4096000,1,1,0,0,1,1
3,final_left,f32,1024,glibc_t1,P7,5,1,1000,456.74,0.0000,0.0000,458.0,0.0,1.000,4096.0,0.000,0,0,4096000,1,0,1,0,1,1
3,final_left,f32,1024,glibc_t1,FIXED_TWIN,5,2,1000,552.30,0.0000,0.0000,559.0,0.0,1.000,4096.0,0.000,0,0,4096000,1,0,1,0,1,1
3,final_left,f32,1024,glibc_t1,P5,5,3,1000,531.64,0.0000,0.0000,533.0,0.0,2.000,8192.0,0.000,0,0,4100096,2,0,0,0,1,1
3,final_left,f32,1024,glibc_t1,P7,6,0,1000,409.54,0.0000,0.0000,431.0,0.0,1.000,4096.0,0.000,0,0,4096000,1,0,1,0,1,1
3,final_left,f32,1024,glibc_t1,FIXED_TWIN,6,1,1000,435.66,0.0000,0.0000,438.0,0.0,1.000,4096.0,0.000,0,0,4096000,1,0,1,0,1,1
3,final_left,f32,1024,glibc_t1,P5,6,2,1000,564.31,0.0000,0.0000,566.0,0.0,2.000,8192.0,0.000,0,0,4100096,2,0,0,0,1,1
3,final_left,f32,1024,glibc_t1,P6,6,3,1000,525.53,0.0000,0.0000,527.0,0.0,1.000,4096.0,0.000,0,0,4096000,1,1,0,0,1,1
3,final_left,f32,1024,glibc_t1,FIXED_TWIN,7,0,1000,415.85,0.0000,0.0000,418.0,0.0,1.000,4096.0,0.000,0,0,4096000,1,0,1,0,1,1
3,final_left,f32,1024,glibc_t1,P5,7,1,1000,543.50,0.0000,0.0000,545.0,0.0,2.000,8192.0,0.000,0,0,4100096,2,0,0,0,1,1
3,final_left,f32,1024,glibc_t1,P6,7,2,1000,595.05,0.0000,0.0000,598.0,0.0,1.000,4096.0,0.000,0,0,4096000,1,1,0,0,1,1
3,final_left,f32,1024,glibc_t1,P7,7,3,1000,408.38,0.0000,0.0000,411.0,0.0,1.000,4096.0,0.000,0,0,4096000,1,0,1,0,1,1
3,final_left,f32,1024,glibc_t1,P5,8,0,1000,637.08,0.0000,0.0000,640.0,0.0,2.000,8192.0,0.000,0,0,4100096,2,0,0,0,1,1
3,final_left,f32,1024,glibc_t1,P6,8,1,1000,552.66,0.0000,0.0000,554.0,0.0,1.000,4096.0,0.000,0,0,4096000,1,1,0,0,1,1
3,final_left,f32,1024,glibc_t1,P7,8,2,1000,449.07,0.0000,0.0000,451.0,0.0,1.000,4096.0,0.000,0,0,4096000,1,0,1,0,1,1
3,final_left,f32,1024,glibc_t1,FIXED_TWIN,8,3,1000,417.78,0.0000,0.0000,419.0,0.0,1.000,4096.0,0.000,0,0,4096000,1,0,1,0,1,1
3,final_left,f32,1024,glibc_t1,P6,9,0,1000,538.58,0.0000,0.0000,541.0,0.0,1.000,4096.0,0.000,0,0,4096000,1,1,0,0,1,1
3,final_left,f32,1024,glibc_t1,P7,9,1,1000,484.26,0.0000,0.0000,486.0,0.0,1.000,4096.0,0.000,0,0,4096000,1,0,1,0,1,1
3,final_left,f32,1024,glibc_t1,FIXED_TWIN,9,2,1000,453.38,0.0000,0.0000,457.0,0.0,1.000,4096.0,0.000,0,0,4096000,1,0,1,0,1,1
3,final_left,f32,1024,glibc_t1,P5,9,3,1000,600.52,0.0000,0.0000,604.0,0.0,2.000,8192.0,0.000,0,0,4100096,2,0,0,0,1,1
3,final_left,f32,1024,glibc_t1,P7,10,0,1000,420.45,0.0000,0.0000,423.0,0.0,1.000,4096.0,0.000,0,0,4096000,1,0,1,0,1,1
3,final_left,f32,1024,glibc_t1,FIXED_TWIN,10,1,1000,408.35,0.0000,0.0000,410.0,0.0,1.000,4096.0,0.000,0,0,4096000,1,0,1,0,1,1
3,final_left,f32,1024,glibc_t1,P5,10,2,1000,523.77,0.0000,0.0000,526.0,0.0,2.000,8192.0,0.000,0,0,4100096,2,0,0,0,1,1
3,final_left,f32,1024,glibc_t1,P6,10,3,1000,556.73,0.0000,0.0000,559.0,0.0,1.000,4096.0,0.000,0,0,4096000,1,1,0,0,1,1
3,final_left,f32,1024,glibc_t1,FIXED_TWIN,11,0,1000,450.25,0.0000,0.0000,454.0,0.0,1.000,4096.0,0.000,0,0,4096000,1,0,1,0,1,1
3,final_left,f32,1024,glibc_t1,P5,11,1,1000,548.97,0.0000,0.0000,552.0,0.0,2.000,8192.0,0.000,0,0,4100096,2,0,0,0,1,1
3,final_left,f32,1024,glibc_t1,P6,11,2,1000,535.51,0.0000,0.0000,537.0,0.0,1.000,4096.0,0.000,0,0,4096000,1,1,0,0,1,1
3,final_left,f32,1024,glibc_t1,P7,11,3,1000,414.05,0.0000,0.0000,418.0,0.0,1.000,4096.0,0.000,0,0,4096000,1,0,1,0,1,1
3,final_left,f32,1024,glibc_t1,P5,12,0,1000,592.18,0.0000,0.0000,596.0,0.0,2.000,8192.0,0.000,0,0,4100096,2,0,0,0,1,1
3,final_left,f32,1024,glibc_t1,P6,12,1,1000,529.02,0.0000,0.0000,532.0,0.0,1.000,4096.0,0.000,0,0,4096000,1,1,0,0,1,1
3,final_left,f32,1024,glibc_t1,P7,12,2,1000,407.42,0.0000,0.0000,409.0,0.0,1.000,4096.0,0.000,0,0,4096000,1,0,1,0,1,1
3,final_left,f32,1024,glibc_t1,FIXED_TWIN,12,3,1000,406.02,0.0000,0.0000,408.0,0.0,1.000,4096.0,0.000,0,0,4096000,1,0,1,0,1,1
3,final_left,f32,1024,glibc_t1,P6,13,0,1000,520.90,0.0000,0.0000,523.0,0.0,1.000,4096.0,0.000,0,0,4096000,1,1,0,0,1,1
3,final_left,f32,1024,glibc_t1,P7,13,1,1000,426.66,0.0000,0.0000,428.0,0.0,1.000,4096.0,0.000,0,0,4096000,1,0,1,0,1,1
3,final_left,f32,1024,glibc_t1,FIXED_TWIN,13,2,1000,439.25,0.0000,0.0000,441.0,0.0,1.000,4096.0,0.000,0,0,4096000,1,0,1,0,1,1
3,final_left,f32,1024,glibc_t1,P5,13,3,1000,549.06,0.0000,0.0000,550.0,0.0,2.000,8192.0,0.000,0,0,4100096,2,0,0,0,1,1
3,final_left,f32,1024,glibc_t1,P7,14,0,1000,432.96,0.0000,0.0000,434.0,0.0,1.000,4096.0,0.000,0,0,4096000,1,0,1,0,1,1
3,final_left,f32,1024,glibc_t1,FIXED_TWIN,14,1,1000,420.78,0.0000,0.0000,423.0,0.0,1.000,4096.0,0.000,0,0,4096000,1,0,1,0,1,1
3,final_left,f32,1024,glibc_t1,P5,14,2,1000,530.50,0.0000,0.0000,532.0,0.0,2.000,8192.0,0.000,0,0,4100096,2,0,0,0,1,1
3,final_left,f32,1024,glibc_t1,P6,14,3,1000,593.97,0.0000,0.0000,597.0,0.0,1.000,4096.0,0.000,0,0,4096000,1,1,0,0,1,1
3,final_left,f32,4096,glibc_t1,P5,0,0,1,1682.00,0.0000,0.0000,3000.0,0.0,2.000,32768.0,0.000,0,0,32768,2,0,0,0,1,1
3,final_left,f32,4096,glibc_t1,P6,0,1,1,1350.00,0.0000,0.0000,2000.0,0.0,1.000,16384.0,0.000,0,0,16384,1,1,0,0,1,1
3,final_left,f32,4096,glibc_t1,P7,0,2,1,1123.00,0.0000,0.0000,1000.0,0.0,1.000,16384.0,0.000,0,0,16384,1,0,1,0,1,1
3,final_left,f32,4096,glibc_t1,FIXED_TWIN,0,3,1,1101.00,0.0000,0.0000,2000.0,0.0,1.000,16384.0,0.000,0,0,16384,1,0,1,0,1,1
3,final_left,f32,4096,glibc_t1,P6,1,0,1,1299.00,0.0000,0.0000,2000.0,0.0,1.000,16384.0,0.000,0,0,16384,1,1,0,0,1,1
3,final_left,f32,4096,glibc_t1,P7,1,1,1,1104.00,0.0000,0.0000,2000.0,0.0,1.000,16384.0,0.000,0,0,16384,1,0,1,0,1,1
3,final_left,f32,4096,glibc_t1,FIXED_TWIN,1,2,1,1124.00,0.0000,0.0000,2000.0,0.0,1.000,16384.0,0.000,0,0,16384,1,0,1,0,1,1
3,final_left,f32,4096,glibc_t1,P5,1,3,1,1494.00,0.0000,0.0000,2000.0,0.0,2.000,32768.0,0.000,0,0,32768,2,0,0,0,1,1
3,final_left,f32,4096,glibc_t1,P7,2,0,1,1080.00,0.0000,0.0000,2000.0,0.0,1.000,16384.0,0.000,0,0,16384,1,0,1,0,1,1
3,final_left,f32,4096,glibc_t1,FIXED_TWIN,2,1,1,1069.00,0.0000,0.0000,1000.0,0.0,1.000,16384.0,0.000,0,0,16384,1,0,1,0,1,1
3,final_left,f32,4096,glibc_t1,P5,2,2,1,1465.00,0.0000,0.0000,2000.0,0.0,2.000,32768.0,0.000,0,0,32768,2,0,0,0,1,1
3,final_left,f32,4096,glibc_t1,P6,2,3,1,1327.00,0.0000,0.0000,1000.0,0.0,1.000,16384.0,0.000,0,0,16384,1,1,0,0,1,1
3,final_left,f32,4096,glibc_t1,FIXED_TWIN,3,0,1,1124.00,0.0000,0.0000,2000.0,0.0,1.000,16384.0,0.000,0,0,16384,1,0,1,0,1,1
3,final_left,f32,4096,glibc_t1,P5,3,1,1,1436.00,0.0000,0.0000,1000.0,0.0,2.000,32768.0,0.000,0,0,32768,2,0,0,0,1,1
3,final_left,f32,4096,glibc_t1,P6,3,2,1,1404.00,0.0000,0.0000,2000.0,0.0,1.000,16384.0,0.000,0,0,16384,1,1,0,0,1,1
3,final_left,f32,4096,glibc_t1,P7,3,3,1,1400.00,0.0000,0.0000,2000.0,0.0,1.000,16384.0,0.000,0,0,16384,1,0,1,0,1,1
3,final_left,f32,4096,glibc_t1,P5,4,0,1,1473.00,0.0000,0.0000,2000.0,0.0,2.000,32768.0,0.000,0,0,32768,2,0,0,0,1,1
3,final_left,f32,4096,glibc_t1,P6,4,1,1,1371.00,0.0000,0.0000,1000.0,0.0,1.000,16384.0,0.000,0,0,16384,1,1,0,0,1,1
3,final_left,f32,4096,glibc_t1,P7,4,2,1,1112.00,0.0000,0.0000,2000.0,0.0,1.000,16384.0,0.000,0,0,16384,1,0,1,0,1,1
3,final_left,f32,4096,glibc_t1,FIXED_TWIN,4,3,1,1105.00,0.0000,0.0000,2000.0,0.0,1.000,16384.0,0.000,0,0,16384,1,0,1,0,1,1
3,final_left,f32,4096,glibc_t1,P6,5,0,1,1316.00,0.0000,0.0000,1000.0,0.0,1.000,16384.0,0.000,0,0,16384,1,1,0,0,1,1
3,final_left,f32,4096,glibc_t1,P7,5,1,1,1538.00,0.0000,0.0000,2000.0,0.0,1.000,16384.0,0.000,0,0,16384,1,0,1,0,1,1
3,final_left,f32,4096,glibc_t1,FIXED_TWIN,5,2,1,1117.00,0.0000,0.0000,2000.0,0.0,1.000,16384.0,0.000,0,0,16384,1,0,1,0,1,1
3,final_left,f32,4096,glibc_t1,P5,5,3,1,1520.00,0.0000,0.0000,2000.0,0.0,2.000,32768.0,0.000,0,0,32768,2,0,0,0,1,1
3,final_left,f32,4096,glibc_t1,P7,6,0,1,1087.00,0.0000,0.0000,2000.0,0.0,1.000,16384.0,0.000,0,0,16384,1,0,1,0,1,1
3,final_left,f32,4096,glibc_t1,FIXED_TWIN,6,1,1,1084.00,0.0000,0.0000,2000.0,0.0,1.000,16384.0,0.000,0,0,16384,1,0,1,0,1,1
3,final_left,f32,4096,glibc_t1,P5,6,2,1,1461.00,0.0000,0.0000,1000.0,0.0,2.000,32768.0,0.000,0,0,32768,2,0,0,0,1,1
3,final_left,f32,4096,glibc_t1,P6,6,3,1,1342.00,0.0000,0.0000,2000.0,0.0,1.000,16384.0,0.000,0,0,16384,1,1,0,0,1,1
3,final_left,f32,4096,glibc_t1,FIXED_TWIN,7,0,1,1115.00,0.0000,0.0000,1000.0,0.0,1.000,16384.0,0.000,0,0,16384,1,0,1,0,1,1
3,final_left,f32,4096,glibc_t1,P5,7,1,1,1440.00,0.0000,0.0000,2000.0,0.0,2.000,32768.0,0.000,0,0,32768,2,0,0,0,1,1
3,final_left,f32,4096,glibc_t1,P6,7,2,1,2365.00,0.0000,0.0000,3000.0,0.0,1.000,16384.0,0.000,0,0,16384,1,1,0,0,1,1
3,final_left,f32,4096,glibc_t1,P7,7,3,1,1110.00,0.0000,0.0000,1000.0,0.0,1.000,16384.0,0.000,0,0,16384,1,0,1,0,1,1
3,final_left,f32,4096,glibc_t1,P5,8,0,1,1423.00,0.0000,0.0000,2000.0,0.0,2.000,32768.0,0.000,0,0,32768,2,0,0,0,1,1
3,final_left,f32,4096,glibc_t1,P6,8,1,1,1696.00,0.0000,0.0000,2000.0,0.0,1.000,16384.0,0.000,0,0,16384,1,1,0,0,1,1
3,final_left,f32,4096,glibc_t1,P7,8,2,1,1092.00,0.0000,0.0000,1000.0,0.0,1.000,16384.0,0.000,0,0,16384,1,0,1,0,1,1
3,final_left,f32,4096,glibc_t1,FIXED_TWIN,8,3,1,1093.00,0.0000,0.0000,1000.0,0.0,1.000,16384.0,0.000,0,0,16384,1,0,1,0,1,1
3,final_left,f32,4096,glibc_t1,P6,9,0,1,1369.00,0.0000,0.0000,2000.0,0.0,1.000,16384.0,0.000,0,0,16384,1,1,0,0,1,1
3,final_left,f32,4096,glibc_t1,P7,9,1,1,1126.00,0.0000,0.0000,1000.0,0.0,1.000,16384.0,0.000,0,0,16384,1,0,1,0,1,1
3,final_left,f32,4096,glibc_t1,FIXED_TWIN,9,2,1,1143.00,0.0000,0.0000,2000.0,0.0,1.000,16384.0,0.000,0,0,16384,1,0,1,0,1,1
3,final_left,f32,4096,glibc_t1,P5,9,3,1,2366.00,0.0000,0.0000,2000.0,0.0,2.000,32768.0,0.000,0,0,32768,2,0,0,0,1,1
3,final_left,f32,4096,glibc_t1,P7,10,0,1,1092.00,0.0000,0.0000,2000.0,0.0,1.000,16384.0,0.000,0,0,16384,1,0,1,0,1,1
3,final_left,f32,4096,glibc_t1,FIXED_TWIN,10,1,1,1068.00,0.0000,0.0000,2000.0,0.0,1.000,16384.0,0.000,0,0,16384,1,0,1,0,1,1
3,final_left,f32,4096,glibc_t1,P5,10,2,1,1480.00,0.0000,0.0000,2000.0,0.0,2.000,32768.0,0.000,0,0,32768,2,0,0,0,1,1
3,final_left,f32,4096,glibc_t1,P6,10,3,1,1308.00,0.0000,0.0000,2000.0,0.0,1.000,16384.0,0.000,0,0,16384,1,1,0,0,1,1
3,final_left,f32,4096,glibc_t1,FIXED_TWIN,11,0,1,1409.00,0.0000,0.0000,2000.0,0.0,1.000,16384.0,0.000,0,0,16384,1,0,1,0,1,1
3,final_left,f32,4096,glibc_t1,P5,11,1,1,1478.00,0.0000,0.0000,1000.0,0.0,2.000,32768.0,0.000,0,0,32768,2,0,0,0,1,1
3,final_left,f32,4096,glibc_t1,P6,11,2,1,1314.00,0.0000,0.0000,2000.0,0.0,1.000,16384.0,0.000,0,0,16384,1,1,0,0,1,1
3,final_left,f32,4096,glibc_t1,P7,11,3,1,1104.00,0.0000,0.0000,1000.0,0.0,1.000,16384.0,0.000,0,0,16384,1,0,1,0,1,1
3,final_left,f32,4096,glibc_t1,P5,12,0,1,1441.00,0.0000,0.0000,2000.0,0.0,2.000,32768.0,0.000,0,0,32768,2,0,0,0,1,1
3,final_left,f32,4096,glibc_t1,P6,12,1,1,1388.00,0.0000,0.0000,3000.0,0.0,1.000,16384.0,0.000,0,0,16384,1,1,0,0,1,1
3,final_left,f32,4096,glibc_t1,P7,12,2,1,1136.00,0.0000,0.0000,1000.0,0.0,1.000,16384.0,0.000,0,0,16384,1,0,1,0,1,1
3,final_left,f32,4096,glibc_t1,FIXED_TWIN,12,3,1,1089.00,0.0000,0.0000,1000.0,0.0,1.000,16384.0,0.000,0,0,16384,1,0,1,0,1,1
3,final_left,f32,4096,glibc_t1,P6,13,0,1,1327.00,0.0000,0.0000,2000.0,0.0,1.000,16384.0,0.000,0,0,16384,1,1,0,0,1,1
3,final_left,f32,4096,glibc_t1,P7,13,1,1,1134.00,0.0000,0.0000,1000.0,0.0,1.000,16384.0,0.000,0,0,16384,1,0,1,0,1,1
3,final_left,f32,4096,glibc_t1,FIXED_TWIN,13,2,1,1078.00,0.0000,0.0000,1000.0,0.0,1.000,16384.0,0.000,0,0,16384,1,0,1,0,1,1
3,final_left,f32,4096,glibc_t1,P5,13,3,1,1458.00,0.0000,0.0000,2000.0,0.0,2.000,32768.0,0.000,0,0,32768,2,0,0,0,1,1
3,final_left,f32,4096,glibc_t1,P7,14,0,1,1114.00,0.0000,0.0000,1000.0,0.0,1.000,16384.0,0.000,0,0,16384,1,0,1,0,1,1
3,final_left,f32,4096,glibc_t1,FIXED_TWIN,14,1,1,1090.00,0.0000,0.0000,1000.0,0.0,1.000,16384.0,0.000,0,0,16384,1,0,1,0,1,1
3,final_left,f32,4096,glibc_t1,P5,14,2,1,1441.00,0.0000,0.0000,2000.0,0.0,2.000,32768.0,0.000,0,0,32768,2,0,0,0,1,1
3,final_left,f32,4096,glibc_t1,P6,14,3,1,1772.00,0.0000,0.0000,3000.0,0.0,1.000,16384.0,0.000,0,0,16384,1,1,0,0,1,1
3,final_left,f32,16384,glibc_t1,P5,0,0,1,4935.00,0.0000,0.0000,6000.0,0.0,2.000,131072.0,0.000,0,0,131072,2,0,0,0,1,1
3,final_left,f32,16384,glibc_t1,P6,0,1,1,4642.00,0.0000,0.0000,6000.0,0.0,1.000,65536.0,0.000,0,0,65536,1,1,0,0,1,1
3,final_left,f32,16384,glibc_t1,P7,0,2,1,3385.00,0.0000,0.0000,4000.0,0.0,1.000,65536.0,0.000,0,0,65536,1,0,1,0,1,1
3,final_left,f32,16384,glibc_t1,FIXED_TWIN,0,3,1,3413.00,0.0000,0.0000,4000.0,0.0,1.000,65536.0,0.000,0,0,65536,1,0,1,0,1,1
3,final_left,f32,16384,glibc_t1,P6,1,0,1,4567.00,0.0000,0.0000,5000.0,0.0,1.000,65536.0,0.000,0,0,65536,1,1,0,0,1,1
3,final_left,f32,16384,glibc_t1,P7,1,1,1,3402.00,0.0000,0.0000,4000.0,0.0,1.000,65536.0,0.000,0,0,65536,1,0,1,0,1,1
3,final_left,f32,16384,glibc_t1,FIXED_TWIN,1,2,1,3362.00,0.0000,0.0000,4000.0,0.0,1.000,65536.0,0.000,0,0,65536,1,0,1,0,1,1
3,final_left,f32,16384,glibc_t1,P5,1,3,1,4855.00,0.0000,0.0000,5000.0,0.0,2.000,131072.0,0.000,0,0,131072,2,0,0,0,1,1
3,final_left,f32,16384,glibc_t1,P7,2,0,1,3440.00,0.0000,0.0000,4000.0,0.0,1.000,65536.0,0.000,0,0,65536,1,0,1,0,1,1
3,final_left,f32,16384,glibc_t1,FIXED_TWIN,2,1,1,3366.00,0.0000,0.0000,3000.0,0.0,1.000,65536.0,0.000,0,0,65536,1,0,1,0,1,1
3,final_left,f32,16384,glibc_t1,P5,2,2,1,5605.00,0.0000,0.0000,6000.0,0.0,2.000,131072.0,0.000,0,0,131072,2,0,0,0,1,1
3,final_left,f32,16384,glibc_t1,P6,2,3,1,4635.00,0.0000,0.0000,5000.0,0.0,1.000,65536.0,0.000,0,0,65536,1,1,0,0,1,1
3,final_left,f32,16384,glibc_t1,FIXED_TWIN,3,0,1,3401.00,0.0000,0.0000,4000.0,0.0,1.000,65536.0,0.000,0,0,65536,1,0,1,0,1,1
3,final_left,f32,16384,glibc_t1,P5,3,1,1,4793.00,0.0000,0.0000,5000.0,0.0,2.000,131072.0,0.000,0,0,131072,2,0,0,0,1,1
3,final_left,f32,16384,glibc_t1,P6,3,2,1,4558.00,0.0000,0.0000,5000.0,0.0,1.000,65536.0,0.000,0,0,65536,1,1,0,0,1,1
3,final_left,f32,16384,glibc_t1,P7,3,3,1,3413.00,0.0000,0.0000,4000.0,0.0,1.000,65536.0,0.000,0,0,65536,1,0,1,0,1,1
3,final_left,f32,16384,glibc_t1,P5,4,0,1,4793.00,0.0000,0.0000,5000.0,0.0,2.000,131072.0,0.000,0,0,131072,2,0,0,0,1,1
3,final_left,f32,16384,glibc_t1,P6,4,1,1,4603.00,0.0000,0.0000,5000.0,0.0,1.000,65536.0,0.000,0,0,65536,1,1,0,0,1,1
3,final_left,f32,16384,glibc_t1,P7,4,2,1,3432.00,0.0000,0.0000,3000.0,0.0,1.000,65536.0,0.000,0,0,65536,1,0,1,0,1,1
3,final_left,f32,16384,glibc_t1,FIXED_TWIN,4,3,1,3420.00,0.0000,0.0000,4000.0,0.0,1.000,65536.0,0.000,0,0,65536,1,0,1,0,1,1
3,final_left,f32,16384,glibc_t1,P6,5,0,1,4576.00,0.0000,0.0000,5000.0,0.0,1.000,65536.0,0.000,0,0,65536,1,1,0,0,1,1
3,final_left,f32,16384,glibc_t1,P7,5,1,1,3398.00,0.0000,0.0000,4000.0,0.0,1.000,65536.0,0.000,0,0,65536,1,0,1,0,1,1
3,final_left,f32,16384,glibc_t1,FIXED_TWIN,5,2,1,3351.00,0.0000,0.0000,4000.0,0.0,1.000,65536.0,0.000,0,0,65536,1,0,1,0,1,1
3,final_left,f32,16384,glibc_t1,P5,5,3,1,4827.00,0.0000,0.0000,5000.0,0.0,2.000,131072.0,0.000,0,0,131072,2,0,0,0,1,1
3,final_left,f32,16384,glibc_t1,P7,6,0,1,3414.00,0.0000,0.0000,4000.0,0.0,1.000,65536.0,0.000,0,0,65536,1,0,1,0,1,1
3,final_left,f32,16384,glibc_t1,FIXED_TWIN,6,1,1,3761.00,0.0000,0.0000,4000.0,0.0,1.000,65536.0,0.000,0,0,65536,1,0,1,0,1,1
3,final_left,f32,16384,glibc_t1,P5,6,2,1,5204.00,0.0000,0.0000,6000.0,0.0,2.000,131072.0,0.000,0,0,131072,2,0,0,0,1,1
3,final_left,f32,16384,glibc_t1,P6,6,3,1,4955.00,0.0000,0.0000,6000.0,0.0,1.000,65536.0,0.000,0,0,65536,1,1,0,0,1,1
3,final_left,f32,16384,glibc_t1,FIXED_TWIN,7,0,1,3628.00,0.0000,0.0000,4000.0,0.0,1.000,65536.0,0.000,0,0,65536,1,0,1,0,1,1
3,final_left,f32,16384,glibc_t1,P5,7,1,1,4806.00,0.0000,0.0000,5000.0,0.0,2.000,131072.0,0.000,0,0,131072,2,0,0,0,1,1
3,final_left,f32,16384,glibc_t1,P6,7,2,1,4680.00,0.0000,0.0000,5000.0,0.0,1.000,65536.0,0.000,0,0,65536,1,1,0,0,1,1
3,final_left,f32,16384,glibc_t1,P7,7,3,1,3484.00,0.0000,0.0000,4000.0,0.0,1.000,65536.0,0.000,0,0,65536,1,0,1,0,1,1
3,final_left,f32,16384,glibc_t1,P5,8,0,1,4758.00,0.0000,0.0000,5000.0,0.0,2.000,131072.0,0.000,0,0,131072,2,0,0,0,1,1
3,final_left,f32,16384,glibc_t1,P6,8,1,1,4616.00,0.0000,0.0000,5000.0,0.0,1.000,65536.0,0.000,0,0,65536,1,1,0,0,1,1
3,final_left,f32,16384,glibc_t1,P7,8,2,1,3447.00,0.0000,0.0000,4000.0,0.0,1.000,65536.0,0.000,0,0,65536,1,0,1,0,1,1
3,final_left,f32,16384,glibc_t1,FIXED_TWIN,8,3,1,3453.00,0.0000,0.0000,4000.0,0.0,1.000,65536.0,0.000,0,0,65536,1,0,1,0,1,1
3,final_left,f32,16384,glibc_t1,P6,9,0,1,4538.00,0.0000,0.0000,5000.0,0.0,1.000,65536.0,0.000,0,0,65536,1,1,0,0,1,1
3,final_left,f32,16384,glibc_t1,P7,9,1,1,3440.00,0.0000,0.0000,4000.0,0.0,1.000,65536.0,0.000,0,0,65536,1,0,1,0,1,1
3,final_left,f32,16384,glibc_t1,FIXED_TWIN,9,2,1,3411.00,0.0000,0.0000,4000.0,0.0,1.000,65536.0,0.000,0,0,65536,1,0,1,0,1,1
3,final_left,f32,16384,glibc_t1,P5,9,3,1,4788.00,0.0000,0.0000,5000.0,0.0,2.000,131072.0,0.000,0,0,131072,2,0,0,0,1,1
3,final_left,f32,16384,glibc_t1,P7,10,0,1,3465.00,0.0000,0.0000,4000.0,0.0,1.000,65536.0,0.000,0,0,65536,1,0,1,0,1,1
3,final_left,f32,16384,glibc_t1,FIXED_TWIN,10,1,1,3407.00,0.0000,0.0000,4000.0,0.0,1.000,65536.0,0.000,0,0,65536,1,0,1,0,1,1
3,final_left,f32,16384,glibc_t1,P5,10,2,1,4819.00,0.0000,0.0000,5000.0,0.0,2.000,131072.0,0.000,0,0,131072,2,0,0,0,1,1
3,final_left,f32,16384,glibc_t1,P6,10,3,1,4620.00,0.0000,0.0000,5000.0,0.0,1.000,65536.0,0.000,0,0,65536,1,1,0,0,1,1
3,final_left,f32,16384,glibc_t1,FIXED_TWIN,11,0,1,3443.00,0.0000,0.0000,4000.0,0.0,1.000,65536.0,0.000,0,0,65536,1,0,1,0,1,1
3,final_left,f32,16384,glibc_t1,P5,11,1,1,4744.00,0.0000,0.0000,6000.0,0.0,2.000,131072.0,0.000,0,0,131072,2,0,0,0,1,1
3,final_left,f32,16384,glibc_t1,P6,11,2,1,4685.00,0.0000,0.0000,6000.0,0.0,1.000,65536.0,0.000,0,0,65536,1,1,0,0,1,1
3,final_left,f32,16384,glibc_t1,P7,11,3,1,3452.00,0.0000,0.0000,4000.0,0.0,1.000,65536.0,0.000,0,0,65536,1,0,1,0,1,1
3,final_left,f32,16384,glibc_t1,P5,12,0,1,4799.00,0.0000,0.0000,5000.0,0.0,2.000,131072.0,0.000,0,0,131072,2,0,0,0,1,1
3,final_left,f32,16384,glibc_t1,P6,12,1,1,4620.00,0.0000,0.0000,5000.0,0.0,1.000,65536.0,0.000,0,0,65536,1,1,0,0,1,1
3,final_left,f32,16384,glibc_t1,P7,12,2,1,3383.00,0.0000,0.0000,4000.0,0.0,1.000,65536.0,0.000,0,0,65536,1,0,1,0,1,1
3,final_left,f32,16384,glibc_t1,FIXED_TWIN,12,3,1,3373.00,0.0000,0.0000,4000.0,0.0,1.000,65536.0,0.000,0,0,65536,1,0,1,0,1,1
3,final_left,f32,16384,glibc_t1,P6,13,0,1,4614.00,0.0000,0.0000,5000.0,0.0,1.000,65536.0,0.000,0,0,65536,1,1,0,0,1,1
3,final_left,f32,16384,glibc_t1,P7,13,1,1,3628.00,0.0000,0.0000,4000.0,0.0,1.000,65536.0,0.000,0,0,65536,1,0,1,0,1,1
3,final_left,f32,16384,glibc_t1,FIXED_TWIN,13,2,1,3706.00,0.0000,0.0000,4000.0,0.0,1.000,65536.0,0.000,0,0,65536,1,0,1,0,1,1
3,final_left,f32,16384,glibc_t1,P5,13,3,1,5170.00,0.0000,0.0000,6000.0,0.0,2.000,131072.0,0.000,0,0,131072,2,0,0,0,1,1
3,final_left,f32,16384,glibc_t1,P7,14,0,1,4091.00,0.0000,0.0000,4000.0,0.0,1.000,65536.0,0.000,0,0,65536,1,0,1,0,1,1
3,final_left,f32,16384,glibc_t1,FIXED_TWIN,14,1,1,3495.00,0.0000,0.0000,4000.0,0.0,1.000,65536.0,0.000,0,0,65536,1,0,1,0,1,1
3,final_left,f32,16384,glibc_t1,P5,14,2,1,4764.00,0.0000,0.0000,6000.0,0.0,2.000,131072.0,0.000,0,0,131072,2,0,0,0,1,1
3,final_left,f32,16384,glibc_t1,P6,14,3,1,5044.00,0.0000,0.0000,6000.0,0.0,1.000,65536.0,0.000,0,0,65536,1,1,0,0,1,1
3,final_left,f32,65536,glibc_t1,P5,0,0,1,19974.00,0.0000,0.0000,21000.0,0.0,2.000,524288.0,0.000,0,0,524288,2,0,0,0,1,1
3,final_left,f32,65536,glibc_t1,P6,0,1,1,17694.00,0.0000,0.0000,18000.0,0.0,1.000,262144.0,0.000,0,0,262144,1,1,0,0,1,1
3,final_left,f32,65536,glibc_t1,P7,0,2,1,12620.00,0.0000,0.0000,13000.0,0.0,1.000,262144.0,0.000,0,0,262144,1,0,1,0,1,1
3,final_left,f32,65536,glibc_t1,FIXED_TWIN,0,3,1,12705.00,0.0000,0.0000,13000.0,0.0,1.000,262144.0,0.000,0,0,262144,1,0,1,0,1,1
3,final_left,f32,65536,glibc_t1,P6,1,0,1,17221.00,0.0000,0.0000,17000.0,0.0,1.000,262144.0,0.000,0,0,262144,1,1,0,0,1,1
3,final_left,f32,65536,glibc_t1,P7,1,1,1,13197.00,0.0000,0.0000,14000.0,0.0,1.000,262144.0,0.000,0,0,262144,1,0,1,0,1,1
3,final_left,f32,65536,glibc_t1,FIXED_TWIN,1,2,1,12453.00,0.0000,0.0000,13000.0,0.0,1.000,262144.0,0.000,0,0,262144,1,0,1,0,1,1
3,final_left,f32,65536,glibc_t1,P5,1,3,1,18568.00,0.0000,0.0000,20000.0,0.0,2.000,524288.0,0.000,0,0,524288,2,0,0,0,1,1
3,final_left,f32,65536,glibc_t1,P7,2,0,1,12824.00,0.0000,0.0000,13000.0,0.0,1.000,262144.0,0.000,0,0,262144,1,0,1,0,1,1
3,final_left,f32,65536,glibc_t1,FIXED_TWIN,2,1,1,13264.00,0.0000,0.0000,14000.0,0.0,1.000,262144.0,0.000,0,0,262144,1,0,1,0,1,1
3,final_left,f32,65536,glibc_t1,P5,2,2,1,18856.00,0.0000,0.0000,19000.0,0.0,2.000,524288.0,0.000,0,0,524288,2,0,0,0,1,1
3,final_left,f32,65536,glibc_t1,P6,2,3,1,17698.00,0.0000,0.0000,18000.0,0.0,1.000,262144.0,0.000,0,0,262144,1,1,0,0,1,1
3,final_left,f32,65536,glibc_t1,FIXED_TWIN,3,0,1,12920.00,0.0000,0.0000,13000.0,0.0,1.000,262144.0,0.000,0,0,262144,1,0,1,0,1,1
3,final_left,f32,65536,glibc_t1,P5,3,1,1,18431.00,0.0000,0.0000,19000.0,0.0,2.000,524288.0,0.000,0,0,524288,2,0,0,0,1,1
3,final_left,f32,65536,glibc_t1,P6,3,2,1,17501.00,0.0000,0.0000,18000.0,0.0,1.000,262144.0,0.000,0,0,262144,1,1,0,0,1,1
3,final_left,f32,65536,glibc_t1,P7,3,3,1,12722.00,0.0000,0.0000,13000.0,0.0,1.000,262144.0,0.000,0,0,262144,1,0,1,0,1,1
3,final_left,f32,65536,glibc_t1,P5,4,0,1,18408.00,0.0000,0.0000,19000.0,0.0,2.000,524288.0,0.000,0,0,524288,2,0,0,0,1,1
3,final_left,f32,65536,glibc_t1,P6,4,1,1,17428.00,0.0000,0.0000,18000.0,0.0,1.000,262144.0,0.000,0,0,262144,1,1,0,0,1,1
3,final_left,f32,65536,glibc_t1,P7,4,2,1,15170.00,0.0000,0.0000,16000.0,0.0,1.000,262144.0,0.000,0,0,262144,1,0,1,0,1,1
3,final_left,f32,65536,glibc_t1,FIXED_TWIN,4,3,1,13054.00,0.0000,0.0000,13000.0,0.0,1.000,262144.0,0.000,0,0,262144,1,0,1,0,1,1
3,final_left,f32,65536,glibc_t1,P6,5,0,1,17995.00,0.0000,0.0000,19000.0,0.0,1.000,262144.0,0.000,0,0,262144,1,1,0,0,1,1
3,final_left,f32,65536,glibc_t1,P7,5,1,1,12724.00,0.0000,0.0000,13000.0,0.0,1.000,262144.0,0.000,0,0,262144,1,0,1,0,1,1
3,final_left,f32,65536,glibc_t1,FIXED_TWIN,5,2,1,12645.00,0.0000,0.0000,14000.0,0.0,1.000,262144.0,0.000,0,0,262144,1,0,1,0,1,1
3,final_left,f32,65536,glibc_t1,P5,5,3,1,18563.00,0.0000,0.0000,20000.0,0.0,2.000,524288.0,0.000,0,0,524288,2,0,0,0,1,1
3,final_left,f32,65536,glibc_t1,P7,6,0,1,12636.00,0.0000,0.0000,13000.0,0.0,1.000,262144.0,0.000,0,0,262144,1,0,1,0,1,1
3,final_left,f32,65536,glibc_t1,FIXED_TWIN,6,1,1,12488.00,0.0000,0.0000,13000.0,0.0,1.000,262144.0,0.000,0,0,262144,1,0,1,0,1,1
3,final_left,f32,65536,glibc_t1,P5,6,2,1,43581.00,0.0000,0.0000,44000.0,0.0,2.000,524288.0,0.000,0,0,524288,2,0,0,0,1,1
3,final_left,f32,65536,glibc_t1,P6,6,3,1,18216.00,0.0000,0.0000,18000.0,0.0,1.000,262144.0,0.000,0,0,262144,1,1,0,0,1,1
3,final_left,f32,65536,glibc_t1,FIXED_TWIN,7,0,1,14282.00,0.0000,0.0000,16000.0,0.0,1.000,262144.0,0.000,0,0,262144,1,0,1,0,1,1
3,final_left,f32,65536,glibc_t1,P5,7,1,1,18696.00,0.0000,0.0000,19000.0,0.0,2.000,524288.0,0.000,0,0,524288,2,0,0,0,1,1
3,final_left,f32,65536,glibc_t1,P6,7,2,1,18201.00,0.0000,0.0000,19000.0,0.0,1.000,262144.0,0.000,0,0,262144,1,1,0,0,1,1
3,final_left,f32,65536,glibc_t1,P7,7,3,1,12889.00,0.0000,0.0000,14000.0,0.0,1.000,262144.0,0.000,0,0,262144,1,0,1,0,1,1
3,final_left,f32,65536,glibc_t1,P5,8,0,1,18356.00,0.0000,0.0000,19000.0,0.0,2.000,524288.0,0.000,0,0,524288,2,0,0,0,1,1
3,final_left,f32,65536,glibc_t1,P6,8,1,1,18650.00,0.0000,0.0000,20000.0,0.0,1.000,262144.0,0.000,0,0,262144,1,1,0,0,1,1
3,final_left,f32,65536,glibc_t1,P7,8,2,1,12496.00,0.0000,0.0000,13000.0,0.0,1.000,262144.0,0.000,0,0,262144,1,0,1,0,1,1
3,final_left,f32,65536,glibc_t1,FIXED_TWIN,8,3,1,12671.00,0.0000,0.0000,14000.0,0.0,1.000,262144.0,0.000,0,0,262144,1,0,1,0,1,1
3,final_left,f32,65536,glibc_t1,P6,9,0,1,17200.00,0.0000,0.0000,18000.0,0.0,1.000,262144.0,0.000,0,0,262144,1,1,0,0,1,1
3,final_left,f32,65536,glibc_t1,P7,9,1,1,14200.00,0.0000,0.0000,15000.0,0.0,1.000,262144.0,0.000,0,0,262144,1,0,1,0,1,1
3,final_left,f32,65536,glibc_t1,FIXED_TWIN,9,2,1,12897.00,0.0000,0.0000,14000.0,0.0,1.000,262144.0,0.000,0,0,262144,1,0,1,0,1,1
3,final_left,f32,65536,glibc_t1,P5,9,3,1,18752.00,0.0000,0.0000,20000.0,0.0,2.000,524288.0,0.000,0,0,524288,2,0,0,0,1,1
3,final_left,f32,65536,glibc_t1,P7,10,0,1,12938.00,0.0000,0.0000,13000.0,0.0,1.000,262144.0,0.000,0,0,262144,1,0,1,0,1,1
3,final_left,f32,65536,glibc_t1,FIXED_TWIN,10,1,1,12537.00,0.0000,0.0000,13000.0,0.0,1.000,262144.0,0.000,0,0,262144,1,0,1,0,1,1
3,final_left,f32,65536,glibc_t1,P5,10,2,1,19952.00,0.0000,0.0000,21000.0,0.0,2.000,524288.0,0.000,0,0,524288,2,0,0,0,1,1
3,final_left,f32,65536,glibc_t1,P6,10,3,1,17622.00,0.0000,0.0000,19000.0,0.0,1.000,262144.0,0.000,0,0,262144,1,1,0,0,1,1
3,final_left,f32,65536,glibc_t1,FIXED_TWIN,11,0,1,12504.00,0.0000,0.0000,13000.0,0.0,1.000,262144.0,0.000,0,0,262144,1,0,1,0,1,1
3,final_left,f32,65536,glibc_t1,P5,11,1,1,18525.00,0.0000,0.0000,19000.0,0.0,2.000,524288.0,0.000,0,0,524288,2,0,0,0,1,1
3,final_left,f32,65536,glibc_t1,P6,11,2,1,17862.00,0.0000,0.0000,19000.0,0.0,1.000,262144.0,0.000,0,0,262144,1,1,0,0,1,1
3,final_left,f32,65536,glibc_t1,P7,11,3,1,12877.00,0.0000,0.0000,13000.0,0.0,1.000,262144.0,0.000,0,0,262144,1,0,1,0,1,1
3,final_left,f32,65536,glibc_t1,P5,12,0,1,18508.00,0.0000,0.0000,20000.0,0.0,2.000,524288.0,0.000,0,0,524288,2,0,0,0,1,1
3,final_left,f32,65536,glibc_t1,P6,12,1,1,17643.00,0.0000,0.0000,18000.0,0.0,1.000,262144.0,0.000,0,0,262144,1,1,0,0,1,1
3,final_left,f32,65536,glibc_t1,P7,12,2,1,12492.00,0.0000,0.0000,14000.0,0.0,1.000,262144.0,0.000,0,0,262144,1,0,1,0,1,1
3,final_left,f32,65536,glibc_t1,FIXED_TWIN,12,3,1,12507.00,0.0000,0.0000,13000.0,0.0,1.000,262144.0,0.000,0,0,262144,1,0,1,0,1,1
3,final_left,f32,65536,glibc_t1,P6,13,0,1,17198.00,0.0000,0.0000,18000.0,0.0,1.000,262144.0,0.000,0,0,262144,1,1,0,0,1,1
3,final_left,f32,65536,glibc_t1,P7,13,1,1,12492.00,0.0000,0.0000,13000.0,0.0,1.000,262144.0,0.000,0,0,262144,1,0,1,0,1,1
3,final_left,f32,65536,glibc_t1,FIXED_TWIN,13,2,1,12649.00,0.0000,0.0000,13000.0,0.0,1.000,262144.0,0.000,0,0,262144,1,0,1,0,1,1
3,final_left,f32,65536,glibc_t1,P5,13,3,1,32909.00,0.0000,0.0000,34000.0,0.0,2.000,524288.0,0.000,0,0,524288,2,0,0,0,1,1
3,final_left,f32,65536,glibc_t1,P7,14,0,1,13226.00,0.0000,0.0000,14000.0,0.0,1.000,262144.0,0.000,0,0,262144,1,0,1,0,1,1
3,final_left,f32,65536,glibc_t1,FIXED_TWIN,14,1,1,13405.00,0.0000,0.0000,14000.0,0.0,1.000,262144.0,0.000,0,0,262144,1,0,1,0,1,1
3,final_left,f32,65536,glibc_t1,P5,14,2,1,18540.00,0.0000,0.0000,20000.0,0.0,2.000,524288.0,0.000,0,0,524288,2,0,0,0,1,1
3,final_left,f32,65536,glibc_t1,P6,14,3,1,18208.00,0.0000,0.0000,19000.0,0.0,1.000,262144.0,0.000,0,0,262144,1,1,0,0,1,1
3,final_left,f32,262144,glibc_t1,P5,0,0,1,246568.00,0.0000,0.0000,249000.0,0.0,2.000,2097152.0,0.000,0,0,2097152,2,0,0,0,1,1
3,final_left,f32,262144,glibc_t1,P6,0,1,1,174299.00,0.0000,0.0000,175000.0,0.0,1.000,1048576.0,0.000,0,0,1048576,1,1,0,0,1,1
3,final_left,f32,262144,glibc_t1,P7,0,2,1,148730.00,0.0000,0.0000,153000.0,0.0,1.000,1048576.0,0.000,0,0,1048576,1,0,1,0,1,1
3,final_left,f32,262144,glibc_t1,FIXED_TWIN,0,3,1,165027.00,0.0000,0.0000,166000.0,0.0,1.000,1048576.0,0.000,0,0,1048576,1,0,1,0,1,1
3,final_left,f32,262144,glibc_t1,P6,1,0,1,174151.00,0.0000,0.0000,176000.0,0.0,1.000,1048576.0,0.000,0,0,1048576,1,1,0,0,1,1
3,final_left,f32,262144,glibc_t1,P7,1,1,1,148742.00,0.0000,0.0000,150000.0,0.0,1.000,1048576.0,0.000,0,0,1048576,1,0,1,0,1,1
3,final_left,f32,262144,glibc_t1,FIXED_TWIN,1,2,1,148310.00,0.0000,0.0000,150000.0,0.0,1.000,1048576.0,0.000,0,0,1048576,1,0,1,0,1,1
3,final_left,f32,262144,glibc_t1,P5,1,3,1,222515.00,0.0000,0.0000,224000.0,0.0,2.000,2097152.0,0.000,0,0,2097152,2,0,0,0,1,1
3,final_left,f32,262144,glibc_t1,P7,2,0,1,149878.00,0.0000,0.0000,152000.0,0.0,1.000,1048576.0,0.000,0,0,1048576,1,0,1,0,1,1
3,final_left,f32,262144,glibc_t1,FIXED_TWIN,2,1,1,148136.00,0.0000,0.0000,149000.0,0.0,1.000,1048576.0,0.000,0,0,1048576,1,0,1,0,1,1
3,final_left,f32,262144,glibc_t1,P5,2,2,1,227719.00,0.0000,0.0000,229000.0,0.0,2.000,2097152.0,0.000,0,0,2097152,2,0,0,0,1,1
3,final_left,f32,262144,glibc_t1,P6,2,3,1,173961.00,0.0000,0.0000,176000.0,0.0,1.000,1048576.0,0.000,0,0,1048576,1,1,0,0,1,1
3,final_left,f32,262144,glibc_t1,FIXED_TWIN,3,0,1,148257.00,0.0000,0.0000,149000.0,0.0,1.000,1048576.0,0.000,0,0,1048576,1,0,1,0,1,1
3,final_left,f32,262144,glibc_t1,P5,3,1,1,233095.00,0.0000,0.0000,235000.0,0.0,2.000,2097152.0,0.000,0,0,2097152,2,0,0,0,1,1
3,final_left,f32,262144,glibc_t1,P6,3,2,1,175701.00,0.0000,0.0000,178000.0,0.0,1.000,1048576.0,0.000,0,0,1048576,1,1,0,0,1,1
3,final_left,f32,262144,glibc_t1,P7,3,3,1,149117.00,0.0000,0.0000,150000.0,0.0,1.000,1048576.0,0.000,0,0,1048576,1,0,1,0,1,1
3,final_left,f32,262144,glibc_t1,P5,4,0,1,223722.00,0.0000,0.0000,226000.0,0.0,2.000,2097152.0,0.000,0,0,2097152,2,0,0,0,1,1
3,final_left,f32,262144,glibc_t1,P6,4,1,1,176021.00,0.0000,0.0000,178000.0,0.0,1.000,1048576.0,0.000,0,0,1048576,1,1,0,0,1,1
3,final_left,f32,262144,glibc_t1,P7,4,2,1,148520.00,0.0000,0.0000,149000.0,0.0,1.000,1048576.0,0.000,0,0,1048576,1,0,1,0,1,1
3,final_left,f32,262144,glibc_t1,FIXED_TWIN,4,3,1,151768.00,0.0000,0.0000,153000.0,0.0,1.000,1048576.0,0.000,0,0,1048576,1,0,1,0,1,1
3,final_left,f32,262144,glibc_t1,P6,5,0,1,198888.00,0.0000,0.0000,200000.0,0.0,1.000,1048576.0,0.000,0,0,1048576,1,1,0,0,1,1
3,final_left,f32,262144,glibc_t1,P7,5,1,1,151998.00,0.0000,0.0000,153000.0,0.0,1.000,1048576.0,0.000,0,0,1048576,1,0,1,0,1,1
3,final_left,f32,262144,glibc_t1,FIXED_TWIN,5,2,1,150414.00,0.0000,0.0000,152000.0,0.0,1.000,1048576.0,0.000,0,0,1048576,1,0,1,0,1,1
3,final_left,f32,262144,glibc_t1,P5,5,3,1,242445.00,0.0000,0.0000,245000.0,0.0,2.000,2097152.0,0.000,0,0,2097152,2,0,0,0,1,1
3,final_left,f32,262144,glibc_t1,P7,6,0,1,150336.00,0.0000,0.0000,152000.0,0.0,1.000,1048576.0,0.000,0,0,1048576,1,0,1,0,1,1
3,final_left,f32,262144,glibc_t1,FIXED_TWIN,6,1,1,148318.00,0.0000,0.0000,150000.0,0.0,1.000,1048576.0,0.000,0,0,1048576,1,0,1,0,1,1
3,final_left,f32,262144,glibc_t1,P5,6,2,1,224859.00,0.0000,0.0000,226000.0,0.0,2.000,2097152.0,0.000,0,0,2097152,2,0,0,0,1,1
3,final_left,f32,262144,glibc_t1,P6,6,3,1,176788.00,0.0000,0.0000,178000.0,0.0,1.000,1048576.0,0.000,0,0,1048576,1,1,0,0,1,1
3,final_left,f32,262144,glibc_t1,FIXED_TWIN,7,0,1,149390.00,0.0000,0.0000,151000.0,0.0,1.000,1048576.0,0.000,0,0,1048576,1,0,1,0,1,1
3,final_left,f32,262144,glibc_t1,P5,7,1,1,241437.00,0.0000,0.0000,244000.0,0.0,2.000,2097152.0,0.000,0,0,2097152,2,0,0,0,1,1
3,final_left,f32,262144,glibc_t1,P6,7,2,1,175320.00,0.0000,0.0000,177000.0,0.0,1.000,1048576.0,0.000,0,0,1048576,1,1,0,0,1,1
3,final_left,f32,262144,glibc_t1,P7,7,3,1,149972.00,0.0000,0.0000,152000.0,0.0,1.000,1048576.0,0.000,0,0,1048576,1,0,1,0,1,1
3,final_left,f32,262144,glibc_t1,P5,8,0,1,243198.00,0.0000,0.0000,245000.0,0.0,2.000,2097152.0,0.000,0,0,2097152,2,0,0,0,1,1
3,final_left,f32,262144,glibc_t1,P6,8,1,1,173928.00,0.0000,0.0000,176000.0,0.0,1.000,1048576.0,0.000,0,0,1048576,1,1,0,0,1,1
3,final_left,f32,262144,glibc_t1,P7,8,2,1,162674.00,0.0000,0.0000,165000.0,0.0,1.000,1048576.0,0.000,0,0,1048576,1,0,1,0,1,1
3,final_left,f32,262144,glibc_t1,FIXED_TWIN,8,3,1,147743.00,0.0000,0.0000,149000.0,0.0,1.000,1048576.0,0.000,0,0,1048576,1,0,1,0,1,1
3,final_left,f32,262144,glibc_t1,P6,9,0,1,191598.00,0.0000,0.0000,194000.0,0.0,1.000,1048576.0,0.000,0,0,1048576,1,1,0,0,1,1
3,final_left,f32,262144,glibc_t1,P7,9,1,1,152434.00,0.0000,0.0000,154000.0,0.0,1.000,1048576.0,0.000,0,0,1048576,1,0,1,0,1,1
3,final_left,f32,262144,glibc_t1,FIXED_TWIN,9,2,1,147585.00,0.0000,0.0000,150000.0,0.0,1.000,1048576.0,0.000,0,0,1048576,1,0,1,0,1,1
3,final_left,f32,262144,glibc_t1,P5,9,3,1,221468.00,0.0000,0.0000,223000.0,0.0,2.000,2097152.0,0.000,0,0,2097152,2,0,0,0,1,1
3,final_left,f32,262144,glibc_t1,P7,10,0,1,153578.00,0.0000,0.0000,155000.0,0.0,1.000,1048576.0,0.000,0,0,1048576,1,0,1,0,1,1
3,final_left,f32,262144,glibc_t1,FIXED_TWIN,10,1,1,148757.00,0.0000,0.0000,151000.0,0.0,1.000,1048576.0,0.000,0,0,1048576,1,0,1,0,1,1
3,final_left,f32,262144,glibc_t1,P5,10,2,1,223455.00,0.0000,0.0000,226000.0,0.0,2.000,2097152.0,0.000,0,0,2097152,2,0,0,0,1,1
3,final_left,f32,262144,glibc_t1,P6,10,3,1,206857.00,0.0000,0.0000,208000.0,0.0,1.000,1048576.0,0.000,0,0,1048576,1,1,0,0,1,1
3,final_left,f32,262144,glibc_t1,FIXED_TWIN,11,0,1,159968.00,0.0000,0.0000,163000.0,0.0,1.000,1048576.0,0.000,0,0,1048576,1,0,1,0,1,1
3,final_left,f32,262144,glibc_t1,P5,11,1,1,223151.00,0.0000,0.0000,225000.0,0.0,2.000,2097152.0,0.000,0,0,2097152,2,0,0,0,1,1
3,final_left,f32,262144,glibc_t1,P6,11,2,1,182669.00,0.0000,0.0000,184000.0,0.0,1.000,1048576.0,0.000,0,0,1048576,1,1,0,0,1,1
3,final_left,f32,262144,glibc_t1,P7,11,3,1,159295.00,0.0000,0.0000,161000.0,0.0,1.000,1048576.0,0.000,0,0,1048576,1,0,1,0,1,1
3,final_left,f32,262144,glibc_t1,P5,12,0,1,233252.00,0.0000,0.0000,236000.0,0.0,2.000,2097152.0,0.000,0,0,2097152,2,0,0,0,1,1
3,final_left,f32,262144,glibc_t1,P6,12,1,1,174169.00,0.0000,0.0000,176000.0,0.0,1.000,1048576.0,0.000,0,0,1048576,1,1,0,0,1,1
3,final_left,f32,262144,glibc_t1,P7,12,2,1,148416.00,0.0000,0.0000,149000.0,0.0,1.000,1048576.0,0.000,0,0,1048576,1,0,1,0,1,1
3,final_left,f32,262144,glibc_t1,FIXED_TWIN,12,3,1,150958.00,0.0000,0.0000,153000.0,0.0,1.000,1048576.0,0.000,0,0,1048576,1,0,1,0,1,1
3,final_left,f32,262144,glibc_t1,P6,13,0,1,201444.00,0.0000,0.0000,203000.0,0.0,1.000,1048576.0,0.000,0,0,1048576,1,1,0,0,1,1
3,final_left,f32,262144,glibc_t1,P7,13,1,1,148340.00,0.0000,0.0000,149000.0,0.0,1.000,1048576.0,0.000,0,0,1048576,1,0,1,0,1,1
3,final_left,f32,262144,glibc_t1,FIXED_TWIN,13,2,1,150472.00,0.0000,0.0000,152000.0,0.0,1.000,1048576.0,0.000,0,0,1048576,1,0,1,0,1,1
3,final_left,f32,262144,glibc_t1,P5,13,3,1,253714.00,0.0000,0.0000,256000.0,0.0,2.000,2097152.0,0.000,0,0,2097152,2,0,0,0,1,1
3,final_left,f32,262144,glibc_t1,P7,14,0,1,149541.00,0.0000,0.0000,151000.0,0.0,1.000,1048576.0,0.000,0,0,1048576,1,0,1,0,1,1
3,final_left,f32,262144,glibc_t1,FIXED_TWIN,14,1,1,147976.00,0.0000,0.0000,150000.0,0.0,1.000,1048576.0,0.000,0,0,1048576,1,0,1,0,1,1
3,final_left,f32,262144,glibc_t1,P5,14,2,1,279683.00,0.0000,0.0000,281000.0,0.0,2.000,2097152.0,0.000,0,0,2097152,2,0,0,0,1,1
3,final_left,f32,262144,glibc_t1,P6,14,3,1,173217.00,0.0000,0.0000,175000.0,0.0,1.000,1048576.0,0.000,0,0,1048576,1,1,0,0,1,1
3,final_left,f32,1048576,glibc_t1,P5,0,0,1,958158.00,0.0000,0.0000,962000.0,0.0,2.000,8388608.0,0.000,0,0,8388608,2,0,0,0,1,1
3,final_left,f32,1048576,glibc_t1,P6,0,1,1,780116.00,0.0000,0.0000,783000.0,0.0,1.000,4194304.0,0.000,0,0,4194304,1,1,0,0,1,1
3,final_left,f32,1048576,glibc_t1,P7,0,2,1,641091.00,0.0000,0.0000,645000.0,0.0,1.000,4194304.0,0.000,0,0,4194304,1,0,1,0,1,1
3,final_left,f32,1048576,glibc_t1,FIXED_TWIN,0,3,1,609666.00,0.0000,0.0000,613000.0,0.0,1.000,4194304.0,0.000,0,0,4194304,1,0,1,0,1,1
3,final_left,f32,1048576,glibc_t1,P6,1,0,1,827485.00,0.0000,0.0000,830000.0,0.0,1.000,4194304.0,0.000,0,0,4194304,1,1,0,0,1,1
3,final_left,f32,1048576,glibc_t1,P7,1,1,1,609781.00,0.0000,0.0000,613000.0,0.0,1.000,4194304.0,0.000,0,0,4194304,1,0,1,0,1,1
3,final_left,f32,1048576,glibc_t1,FIXED_TWIN,1,2,1,636228.00,0.0000,0.0000,639000.0,0.0,1.000,4194304.0,0.000,0,0,4194304,1,0,1,0,1,1
3,final_left,f32,1048576,glibc_t1,P5,1,3,1,996567.00,0.0000,0.0000,1000000.0,0.0,2.000,8388608.0,0.000,0,0,8388608,2,0,0,0,1,1
3,final_left,f32,1048576,glibc_t1,P7,2,0,1,607523.00,0.0000,0.0000,610000.0,0.0,1.000,4194304.0,0.000,0,0,4194304,1,0,1,0,1,1
3,final_left,f32,1048576,glibc_t1,FIXED_TWIN,2,1,1,634831.00,0.0000,0.0000,638000.0,0.0,1.000,4194304.0,0.000,0,0,4194304,1,0,1,0,1,1
3,final_left,f32,1048576,glibc_t1,P5,2,2,1,980668.00,0.0000,0.0000,983000.0,0.0,2.000,8388608.0,0.000,0,0,8388608,2,0,0,0,1,1
3,final_left,f32,1048576,glibc_t1,P6,2,3,1,779919.00,0.0000,0.0000,782000.0,0.0,1.000,4194304.0,0.000,0,0,4194304,1,1,0,0,1,1
3,final_left,f32,1048576,glibc_t1,FIXED_TWIN,3,0,1,639965.00,0.0000,0.0000,643000.0,0.0,1.000,4194304.0,0.000,0,0,4194304,1,0,1,0,1,1
3,final_left,f32,1048576,glibc_t1,P5,3,1,1,986798.00,0.0000,0.0000,990000.0,0.0,2.000,8388608.0,0.000,0,0,8388608,2,0,0,0,1,1
3,final_left,f32,1048576,glibc_t1,P6,3,2,1,801484.00,0.0000,0.0000,805000.0,0.0,1.000,4194304.0,0.000,0,0,4194304,1,1,0,0,1,1
3,final_left,f32,1048576,glibc_t1,P7,3,3,1,635885.00,0.0000,0.0000,639000.0,0.0,1.000,4194304.0,0.000,0,0,4194304,1,0,1,0,1,1
3,final_left,f32,1048576,glibc_t1,P5,4,0,1,991078.00,0.0000,0.0000,994000.0,0.0,2.000,8388608.0,0.000,0,0,8388608,2,0,0,0,1,1
3,final_left,f32,1048576,glibc_t1,P6,4,1,1,805603.00,0.0000,0.0000,809000.0,0.0,1.000,4194304.0,0.000,0,0,4194304,1,1,0,0,1,1
3,final_left,f32,1048576,glibc_t1,P7,4,2,1,608378.00,0.0000,0.0000,611000.0,0.0,1.000,4194304.0,0.000,0,0,4194304,1,0,1,0,1,1
3,final_left,f32,1048576,glibc_t1,FIXED_TWIN,4,3,1,660443.00,0.0000,0.0000,663000.0,0.0,1.000,4194304.0,0.000,0,0,4194304,1,0,1,0,1,1
3,final_left,f32,1048576,glibc_t1,P6,5,0,1,799155.00,0.0000,0.0000,802000.0,0.0,1.000,4194304.0,0.000,0,0,4194304,1,1,0,0,1,1
3,final_left,f32,1048576,glibc_t1,P7,5,1,1,651819.00,0.0000,0.0000,655000.0,0.0,1.000,4194304.0,0.000,0,0,4194304,1,0,1,0,1,1
3,final_left,f32,1048576,glibc_t1,FIXED_TWIN,5,2,1,639419.00,0.0000,0.0000,642000.0,0.0,1.000,4194304.0,0.000,0,0,4194304,1,0,1,0,1,1
3,final_left,f32,1048576,glibc_t1,P5,5,3,1,957800.00,0.0000,0.0000,961000.0,0.0,2.000,8388608.0,0.000,0,0,8388608,2,0,0,0,1,1
3,final_left,f32,1048576,glibc_t1,P7,6,0,1,634475.00,0.0000,0.0000,637000.0,0.0,1.000,4194304.0,0.000,0,0,4194304,1,0,1,0,1,1
3,final_left,f32,1048576,glibc_t1,FIXED_TWIN,6,1,1,617303.00,0.0000,0.0000,620000.0,0.0,1.000,4194304.0,0.000,0,0,4194304,1,0,1,0,1,1
3,final_left,f32,1048576,glibc_t1,P5,6,2,1,956093.00,0.0000,0.0000,959000.0,0.0,2.000,8388608.0,0.000,0,0,8388608,2,0,0,0,1,1
3,final_left,f32,1048576,glibc_t1,P6,6,3,1,803920.00,0.0000,0.0000,807000.0,0.0,1.000,4194304.0,0.000,0,0,4194304,1,1,0,0,1,1
3,final_left,f32,1048576,glibc_t1,FIXED_TWIN,7,0,1,660779.00,0.0000,0.0000,663000.0,0.0,1.000,4194304.0,0.000,0,0,4194304,1,0,1,0,1,1
3,final_left,f32,1048576,glibc_t1,P5,7,1,1,954703.00,0.0000,0.0000,957000.0,0.0,2.000,8388608.0,0.000,0,0,8388608,2,0,0,0,1,1
3,final_left,f32,1048576,glibc_t1,P6,7,2,1,776251.00,0.0000,0.0000,778000.0,0.0,1.000,4194304.0,0.000,0,0,4194304,1,1,0,0,1,1
3,final_left,f32,1048576,glibc_t1,P7,7,3,1,663468.00,0.0000,0.0000,667000.0,0.0,1.000,4194304.0,0.000,0,0,4194304,1,0,1,0,1,1
3,final_left,f32,1048576,glibc_t1,P5,8,0,1,954631.00,0.0000,0.0000,958000.0,0.0,2.000,8388608.0,0.000,0,0,8388608,2,0,0,0,1,1
3,final_left,f32,1048576,glibc_t1,P6,8,1,1,811568.00,0.0000,0.0000,815000.0,0.0,1.000,4194304.0,0.000,0,0,4194304,1,1,0,0,1,1
3,final_left,f32,1048576,glibc_t1,P7,8,2,1,641772.00,0.0000,0.0000,645000.0,0.0,1.000,4194304.0,0.000,0,0,4194304,1,0,1,0,1,1
3,final_left,f32,1048576,glibc_t1,FIXED_TWIN,8,3,1,609217.00,0.0000,0.0000,612000.0,0.0,1.000,4194304.0,0.000,0,0,4194304,1,0,1,0,1,1
3,final_left,f32,1048576,glibc_t1,P6,9,0,1,817300.00,0.0000,0.0000,819000.0,0.0,1.000,4194304.0,0.000,0,0,4194304,1,1,0,0,1,1
3,final_left,f32,1048576,glibc_t1,P7,9,1,1,659823.00,0.0000,0.0000,663000.0,0.0,1.000,4194304.0,0.000,0,0,4194304,1,0,1,0,1,1
3,final_left,f32,1048576,glibc_t1,FIXED_TWIN,9,2,1,636002.00,0.0000,0.0000,639000.0,0.0,1.000,4194304.0,0.000,0,0,4194304,1,0,1,0,1,1
3,final_left,f32,1048576,glibc_t1,P5,9,3,1,952588.00,0.0000,0.0000,955000.0,0.0,2.000,8388608.0,0.000,0,0,8388608,2,0,0,0,1,1
3,final_left,f32,1048576,glibc_t1,P7,10,0,1,658710.00,0.0000,0.0000,661000.0,0.0,1.000,4194304.0,0.000,0,0,4194304,1,0,1,0,1,1
3,final_left,f32,1048576,glibc_t1,FIXED_TWIN,10,1,1,638779.00,0.0000,0.0000,641000.0,0.0,1.000,4194304.0,0.000,0,0,4194304,1,0,1,0,1,1
3,final_left,f32,1048576,glibc_t1,P5,10,2,1,954281.00,0.0000,0.0000,957000.0,0.0,2.000,8388608.0,0.000,0,0,8388608,2,0,0,0,1,1
3,final_left,f32,1048576,glibc_t1,P6,10,3,1,841205.00,0.0000,0.0000,845000.0,0.0,1.000,4194304.0,0.000,0,0,4194304,1,1,0,0,1,1
3,final_left,f32,1048576,glibc_t1,FIXED_TWIN,11,0,1,614002.00,0.0000,0.0000,617000.0,0.0,1.000,4194304.0,0.000,0,0,4194304,1,0,1,0,1,1
3,final_left,f32,1048576,glibc_t1,P5,11,1,1,952305.00,0.0000,0.0000,956000.0,0.0,2.000,8388608.0,0.000,0,0,8388608,2,0,0,0,1,1
3,final_left,f32,1048576,glibc_t1,P6,11,2,1,829224.00,0.0000,0.0000,832000.0,0.0,1.000,4194304.0,0.000,0,0,4194304,1,1,0,0,1,1
3,final_left,f32,1048576,glibc_t1,P7,11,3,1,612243.00,0.0000,0.0000,615000.0,0.0,1.000,4194304.0,0.000,0,0,4194304,1,0,1,0,1,1
3,final_left,f32,1048576,glibc_t1,P5,12,0,1,953518.00,0.0000,0.0000,956000.0,0.0,2.000,8388608.0,0.000,0,0,8388608,2,0,0,0,1,1
3,final_left,f32,1048576,glibc_t1,P6,12,1,1,827083.00,0.0000,0.0000,829000.0,0.0,1.000,4194304.0,0.000,0,0,4194304,1,1,0,0,1,1
3,final_left,f32,1048576,glibc_t1,P7,12,2,1,636726.00,0.0000,0.0000,640000.0,0.0,1.000,4194304.0,0.000,0,0,4194304,1,0,1,0,1,1
3,final_left,f32,1048576,glibc_t1,FIXED_TWIN,12,3,1,634218.00,0.0000,0.0000,637000.0,0.0,1.000,4194304.0,0.000,0,0,4194304,1,0,1,0,1,1
3,final_left,f32,1048576,glibc_t1,P6,13,0,1,834769.00,0.0000,0.0000,839000.0,0.0,1.000,4194304.0,0.000,0,0,4194304,1,1,0,0,1,1
3,final_left,f32,1048576,glibc_t1,P7,13,1,1,621041.00,0.0000,0.0000,624000.0,0.0,1.000,4194304.0,0.000,0,0,4194304,1,0,1,0,1,1
3,final_left,f32,1048576,glibc_t1,FIXED_TWIN,13,2,1,634709.00,0.0000,0.0000,637000.0,0.0,1.000,4194304.0,0.000,0,0,4194304,1,0,1,0,1,1
3,final_left,f32,1048576,glibc_t1,P5,13,3,1,998684.00,0.0000,0.0000,1002000.0,0.0,2.000,8388608.0,0.000,0,0,8388608,2,0,0,0,1,1
3,final_left,f32,1048576,glibc_t1,P7,14,0,1,637480.00,0.0000,0.0000,640000.0,0.0,1.000,4194304.0,0.000,0,0,4194304,1,0,1,0,1,1
3,final_left,f32,1048576,glibc_t1,FIXED_TWIN,14,1,1,612091.00,0.0000,0.0000,615000.0,0.0,1.000,4194304.0,0.000,0,0,4194304,1,0,1,0,1,1
3,final_left,f32,1048576,glibc_t1,P5,14,2,1,983802.00,0.0000,0.0000,986000.0,0.0,2.000,8388608.0,0.000,0,0,8388608,2,0,0,0,1,1
3,final_left,f32,1048576,glibc_t1,P6,14,3,1,806441.00,0.0000,0.0000,809000.0,0.0,1.000,4194304.0,0.000,0,0,4194304,1,1,0,0,1,1
3,final_left,f32,4194304,glibc_t1,P5,0,0,1,4005874.00,0.0000,0.0000,4006000.0,5000.0,2.000,33554432.0,0.000,0,0,33554432,2,0,0,0,1,1
3,final_left,f32,4194304,glibc_t1,P6,0,1,1,3309350.00,0.0000,0.0000,3313000.0,0.0,1.000,16777216.0,0.000,0,0,16777216,1,1,0,0,1,1
3,final_left,f32,4194304,glibc_t1,P7,0,2,1,2595502.00,0.0000,0.0000,2599000.0,0.0,1.000,16777216.0,0.000,0,0,16777216,1,0,1,0,1,1
3,final_left,f32,4194304,glibc_t1,FIXED_TWIN,0,3,1,2655495.00,0.0000,0.0000,2658000.0,0.0,1.000,16777216.0,0.000,0,0,16777216,1,0,1,0,1,1
3,final_left,f32,4194304,glibc_t1,P6,1,0,1,3392985.00,0.0000,0.0000,3396000.0,0.0,1.000,16777216.0,0.000,0,0,16777216,1,1,0,0,1,1
3,final_left,f32,4194304,glibc_t1,P7,1,1,1,2654565.00,0.0000,0.0000,2659000.0,0.0,1.000,16777216.0,0.000,0,0,16777216,1,0,1,0,1,1
3,final_left,f32,4194304,glibc_t1,FIXED_TWIN,1,2,1,2585662.00,0.0000,0.0000,2589000.0,0.0,1.000,16777216.0,0.000,0,0,16777216,1,0,1,0,1,1
3,final_left,f32,4194304,glibc_t1,P5,1,3,1,5446861.00,0.0000,0.0000,5406000.0,44000.0,2.000,33554432.0,0.000,0,0,33554432,2,0,0,0,1,1
3,final_left,f32,4194304,glibc_t1,P7,2,0,1,2585895.00,0.0000,0.0000,2590000.0,0.0,1.000,16777216.0,0.000,0,0,16777216,1,0,1,0,1,1
3,final_left,f32,4194304,glibc_t1,FIXED_TWIN,2,1,1,2535660.00,0.0000,0.0000,2539000.0,0.0,1.000,16777216.0,0.000,0,0,16777216,1,0,1,0,1,1
3,final_left,f32,4194304,glibc_t1,P5,2,2,1,4339409.00,0.0000,0.0000,4343000.0,0.0,2.000,33554432.0,0.000,0,0,33554432,2,0,0,0,1,1
3,final_left,f32,4194304,glibc_t1,P6,2,3,1,3391177.00,0.0000,0.0000,3394000.0,0.0,1.000,16777216.0,0.000,0,0,16777216,1,1,0,0,1,1
3,final_left,f32,4194304,glibc_t1,FIXED_TWIN,3,0,1,2597897.00,0.0000,0.0000,2601000.0,0.0,1.000,16777216.0,0.000,0,0,16777216,1,0,1,0,1,1
3,final_left,f32,4194304,glibc_t1,P5,3,1,1,4530525.00,0.0000,0.0000,4534000.0,0.0,2.000,33554432.0,0.000,0,0,33554432,2,0,0,0,1,1
3,final_left,f32,4194304,glibc_t1,P6,3,2,1,3290187.00,0.0000,0.0000,3294000.0,0.0,1.000,16777216.0,0.000,0,0,16777216,1,1,0,0,1,1
3,final_left,f32,4194304,glibc_t1,P7,3,3,1,2596472.00,0.0000,0.0000,2600000.0,0.0,1.000,16777216.0,0.000,0,0,16777216,1,0,1,0,1,1
3,final_left,f32,4194304,glibc_t1,P5,4,0,1,4576073.00,0.0000,0.0000,4580000.0,0.0,2.000,33554432.0,0.000,0,0,33554432,2,0,0,0,1,1
3,final_left,f32,4194304,glibc_t1,P6,4,1,1,3266409.00,0.0000,0.0000,3270000.0,0.0,1.000,16777216.0,0.000,0,0,16777216,1,1,0,0,1,1
3,final_left,f32,4194304,glibc_t1,P7,4,2,1,2572517.00,0.0000,0.0000,2576000.0,0.0,1.000,16777216.0,0.000,0,0,16777216,1,0,1,0,1,1
3,final_left,f32,4194304,glibc_t1,FIXED_TWIN,4,3,1,2545422.00,0.0000,0.0000,2550000.0,0.0,1.000,16777216.0,0.000,0,0,16777216,1,0,1,0,1,1
3,final_left,f32,4194304,glibc_t1,P6,5,0,1,3288870.00,0.0000,0.0000,3293000.0,0.0,1.000,16777216.0,0.000,0,0,16777216,1,1,0,0,1,1
3,final_left,f32,4194304,glibc_t1,P7,5,1,1,2514504.00,0.0000,0.0000,2518000.0,0.0,1.000,16777216.0,0.000,0,0,16777216,1,0,1,0,1,1
3,final_left,f32,4194304,glibc_t1,FIXED_TWIN,5,2,1,2583325.00,0.0000,0.0000,2587000.0,0.0,1.000,16777216.0,0.000,0,0,16777216,1,0,1,0,1,1
3,final_left,f32,4194304,glibc_t1,P5,5,3,1,5348691.00,0.0000,0.0000,5352000.0,0.0,2.000,33554432.0,0.000,0,0,33554432,2,0,0,0,1,1
3,final_left,f32,4194304,glibc_t1,P7,6,0,1,2567637.00,0.0000,0.0000,2571000.0,0.0,1.000,16777216.0,0.000,0,0,16777216,1,0,1,0,1,1
3,final_left,f32,4194304,glibc_t1,FIXED_TWIN,6,1,1,2575195.00,0.0000,0.0000,2578000.0,0.0,1.000,16777216.0,0.000,0,0,16777216,1,0,1,0,1,1
3,final_left,f32,4194304,glibc_t1,P5,6,2,1,4678607.00,0.0000,0.0000,4682000.0,0.0,2.000,33554432.0,0.000,0,0,33554432,2,0,0,0,1,1
3,final_left,f32,4194304,glibc_t1,P6,6,3,1,3450335.00,0.0000,0.0000,3454000.0,0.0,1.000,16777216.0,0.000,0,0,16777216,1,1,0,0,1,1
3,final_left,f32,4194304,glibc_t1,FIXED_TWIN,7,0,1,2594124.00,0.0000,0.0000,2598000.0,0.0,1.000,16777216.0,0.000,0,0,16777216,1,0,1,0,1,1
3,final_left,f32,4194304,glibc_t1,P5,7,1,1,4538741.00,0.0000,0.0000,4542000.0,0.0,2.000,33554432.0,0.000,0,0,33554432,2,0,0,0,1,1
3,final_left,f32,4194304,glibc_t1,P6,7,2,1,3284350.00,0.0000,0.0000,3288000.0,0.0,1.000,16777216.0,0.000,0,0,16777216,1,1,0,0,1,1
3,final_left,f32,4194304,glibc_t1,P7,7,3,1,2615146.00,0.0000,0.0000,2619000.0,0.0,1.000,16777216.0,0.000,0,0,16777216,1,0,1,0,1,1
3,final_left,f32,4194304,glibc_t1,P5,8,0,1,4372460.00,0.0000,0.0000,4376000.0,0.0,2.000,33554432.0,0.000,0,0,33554432,2,0,0,0,1,1
3,final_left,f32,4194304,glibc_t1,P6,8,1,1,3306035.00,0.0000,0.0000,3309000.0,0.0,1.000,16777216.0,0.000,0,0,16777216,1,1,0,0,1,1
3,final_left,f32,4194304,glibc_t1,P7,8,2,1,2599092.00,0.0000,0.0000,2603000.0,0.0,1.000,16777216.0,0.000,0,0,16777216,1,0,1,0,1,1
3,final_left,f32,4194304,glibc_t1,FIXED_TWIN,8,3,1,2563858.00,0.0000,0.0000,2567000.0,0.0,1.000,16777216.0,0.000,0,0,16777216,1,0,1,0,1,1
3,final_left,f32,4194304,glibc_t1,P6,9,0,1,3460103.00,0.0000,0.0000,3464000.0,0.0,1.000,16777216.0,0.000,0,0,16777216,1,1,0,0,1,1
3,final_left,f32,4194304,glibc_t1,P7,9,1,1,2695291.00,0.0000,0.0000,2699000.0,0.0,1.000,16777216.0,0.000,0,0,16777216,1,0,1,0,1,1
3,final_left,f32,4194304,glibc_t1,FIXED_TWIN,9,2,1,2646780.00,0.0000,0.0000,2651000.0,0.0,1.000,16777216.0,0.000,0,0,16777216,1,0,1,0,1,1
3,final_left,f32,4194304,glibc_t1,P5,9,3,1,5408707.00,0.0000,0.0000,5413000.0,0.0,2.000,33554432.0,0.000,0,0,33554432,2,0,0,0,1,1
3,final_left,f32,4194304,glibc_t1,P7,10,0,1,2616010.00,0.0000,0.0000,2620000.0,0.0,1.000,16777216.0,0.000,0,0,16777216,1,0,1,0,1,1
3,final_left,f32,4194304,glibc_t1,FIXED_TWIN,10,1,1,2579951.00,0.0000,0.0000,2584000.0,0.0,1.000,16777216.0,0.000,0,0,16777216,1,0,1,0,1,1
3,final_left,f32,4194304,glibc_t1,P5,10,2,1,4464978.00,0.0000,0.0000,4470000.0,0.0,2.000,33554432.0,0.000,0,0,33554432,2,0,0,0,1,1
3,final_left,f32,4194304,glibc_t1,P6,10,3,1,3313643.00,0.0000,0.0000,3317000.0,0.0,1.000,16777216.0,0.000,0,0,16777216,1,1,0,0,1,1
3,final_left,f32,4194304,glibc_t1,FIXED_TWIN,11,0,1,2579766.00,0.0000,0.0000,2583000.0,0.0,1.000,16777216.0,0.000,0,0,16777216,1,0,1,0,1,1
3,final_left,f32,4194304,glibc_t1,P5,11,1,1,4445524.00,0.0000,0.0000,4449000.0,0.0,2.000,33554432.0,0.000,0,0,33554432,2,0,0,0,1,1
3,final_left,f32,4194304,glibc_t1,P6,11,2,1,3563127.00,0.0000,0.0000,3568000.0,0.0,1.000,16777216.0,0.000,0,0,16777216,1,1,0,0,1,1
3,final_left,f32,4194304,glibc_t1,P7,11,3,1,2664067.00,0.0000,0.0000,2668000.0,0.0,1.000,16777216.0,0.000,0,0,16777216,1,0,1,0,1,1
3,final_left,f32,4194304,glibc_t1,P5,12,0,1,4579957.00,0.0000,0.0000,4584000.0,0.0,2.000,33554432.0,0.000,0,0,33554432,2,0,0,0,1,1
3,final_left,f32,4194304,glibc_t1,P6,12,1,1,3679313.00,0.0000,0.0000,3683000.0,0.0,1.000,16777216.0,0.000,0,0,16777216,1,1,0,0,1,1
3,final_left,f32,4194304,glibc_t1,P7,12,2,1,2889459.00,0.0000,0.0000,2894000.0,0.0,1.000,16777216.0,0.000,0,0,16777216,1,0,1,0,1,1
3,final_left,f32,4194304,glibc_t1,FIXED_TWIN,12,3,1,2748710.00,0.0000,0.0000,2752000.0,0.0,1.000,16777216.0,0.000,0,0,16777216,1,0,1,0,1,1
3,final_left,f32,4194304,glibc_t1,P6,13,0,1,3762064.00,0.0000,0.0000,3767000.0,0.0,1.000,16777216.0,0.000,0,0,16777216,1,1,0,0,1,1
3,final_left,f32,4194304,glibc_t1,P7,13,1,1,2759302.00,0.0000,0.0000,2763000.0,0.0,1.000,16777216.0,0.000,0,0,16777216,1,0,1,0,1,1
3,final_left,f32,4194304,glibc_t1,FIXED_TWIN,13,2,1,2645711.00,0.0000,0.0000,2650000.0,0.0,1.000,16777216.0,0.000,0,0,16777216,1,0,1,0,1,1
3,final_left,f32,4194304,glibc_t1,P5,13,3,1,5436348.00,0.0000,0.0000,5440000.0,0.0,2.000,33554432.0,0.000,0,0,33554432,2,0,0,0,1,1
3,final_left,f32,4194304,glibc_t1,P7,14,0,1,2726926.00,0.0000,0.0000,2731000.0,0.0,1.000,16777216.0,0.000,0,0,16777216,1,0,1,0,1,1
3,final_left,f32,4194304,glibc_t1,FIXED_TWIN,14,1,1,2679438.00,0.0000,0.0000,2645000.0,0.0,1.000,16777216.0,0.000,0,0,16777216,1,0,1,0,1,1
3,final_left,f32,4194304,glibc_t1,P5,14,2,1,4534635.00,0.0000,0.0000,4538000.0,0.0,2.000,33554432.0,0.000,0,0,33554432,2,0,0,0,1,1
3,final_left,f32,4194304,glibc_t1,P6,14,3,1,3497550.00,0.0000,0.0000,3502000.0,0.0,1.000,16777216.0,0.000,0,0,16777216,1,1,0,0,1,1
3,final_left,f32,16777216,glibc_t1,P5,0,0,1,77628585.00,32770.0000,0.0000,30604000.0,46994000.0,2.000,134217728.0,0.000,0,0,134217728,2,0,0,0,1,1
3,final_left,f32,16777216,glibc_t1,P6,0,1,1,50256468.00,16385.0000,0.0000,30990000.0,19256000.0,1.000,67108864.0,0.000,0,0,67108864,1,1,0,0,1,1
3,final_left,f32,16777216,glibc_t1,P7,0,2,1,46211975.00,16385.0000,0.0000,37256000.0,8946000.0,1.000,67108864.0,0.000,0,0,67108864,1,0,1,0,1,1
3,final_left,f32,16777216,glibc_t1,FIXED_TWIN,0,3,1,42641419.00,16385.0000,0.0000,23224000.0,19424000.0,1.000,67108864.0,0.000,0,0,67108864,1,0,1,0,1,1
3,final_left,f32,16777216,glibc_t1,P6,1,0,1,49601688.00,16385.0000,0.0000,26626000.0,22982000.0,1.000,67108864.0,0.000,0,0,67108864,1,1,0,0,1,1
3,final_left,f32,16777216,glibc_t1,P7,1,1,1,43146509.00,16385.0000,0.0000,23513000.0,19639000.0,1.000,67108864.0,0.000,0,0,67108864,1,0,1,0,1,1
3,final_left,f32,16777216,glibc_t1,FIXED_TWIN,1,2,1,44501131.00,16385.0000,0.0000,24291000.0,20217000.0,1.000,67108864.0,0.000,0,0,67108864,1,0,1,0,1,1
3,final_left,f32,16777216,glibc_t1,P5,1,3,1,76801717.00,32770.0000,0.0000,24454000.0,52354000.0,2.000,134217728.0,0.000,0,0,134217728,2,0,0,0,1,1
3,final_left,f32,16777216,glibc_t1,P7,2,0,1,43220447.00,16385.0000,0.0000,15560000.0,27667000.0,1.000,67108864.0,0.000,0,0,67108864,1,0,1,0,1,1
3,final_left,f32,16777216,glibc_t1,FIXED_TWIN,2,1,1,42403521.00,16385.0000,0.0000,19097000.0,23312000.0,1.000,67108864.0,0.000,0,0,67108864,1,0,1,0,1,1
3,final_left,f32,16777216,glibc_t1,P5,2,2,1,83497316.00,32770.0000,0.0000,23713000.0,59790000.0,2.000,134217728.0,0.000,0,0,134217728,2,0,0,0,1,1
3,final_left,f32,16777216,glibc_t1,P6,2,3,1,51482030.00,16385.0000,0.0000,33966000.0,17523000.0,1.000,67108864.0,0.000,0,0,67108864,1,1,0,0,1,1
3,final_left,f32,16777216,glibc_t1,FIXED_TWIN,3,0,1,42820703.00,16385.0000,0.0000,23339000.0,19489000.0,1.000,67108864.0,0.000,0,0,67108864,1,0,1,0,1,1
3,final_left,f32,16777216,glibc_t1,P5,3,1,1,75531578.00,32770.0000,0.0000,27741000.0,47796000.0,2.000,134217728.0,0.000,0,0,134217728,2,0,0,0,1,1
3,final_left,f32,16777216,glibc_t1,P6,3,2,1,49341839.00,16385.0000,0.0000,20753000.0,28579000.0,1.000,67108864.0,0.000,0,0,67108864,1,1,0,0,1,1
3,final_left,f32,16777216,glibc_t1,P7,3,3,1,41837632.00,16385.0000,0.0000,33032000.0,8812000.0,1.000,67108864.0,0.000,0,0,67108864,1,0,1,0,1,1
3,final_left,f32,16777216,glibc_t1,P5,4,0,1,77769030.00,32770.0000,0.0000,24973000.0,52786000.0,2.000,134217728.0,0.000,0,0,134217728,2,0,0,0,1,1
3,final_left,f32,16777216,glibc_t1,P6,4,1,1,49309031.00,16385.0000,0.0000,22501000.0,26814000.0,1.000,67108864.0,0.000,0,0,67108864,1,1,0,0,1,1
3,final_left,f32,16777216,glibc_t1,P7,4,2,1,42871538.00,16385.0000,0.0000,11365000.0,31498000.0,1.000,67108864.0,0.000,0,0,67108864,1,0,1,0,1,1
3,final_left,f32,16777216,glibc_t1,FIXED_TWIN,4,3,1,41992266.00,16385.0000,0.0000,17109000.0,24888000.0,1.000,67108864.0,0.000,0,0,67108864,1,0,1,0,1,1
3,final_left,f32,16777216,glibc_t1,P6,5,0,1,49152034.00,16385.0000,0.0000,16634000.0,32512000.0,1.000,67108864.0,0.000,0,0,67108864,1,1,0,0,1,1
3,final_left,f32,16777216,glibc_t1,P7,5,1,1,42621338.00,16385.0000,0.0000,21457000.0,21171000.0,1.000,67108864.0,0.000,0,0,67108864,1,0,1,0,1,1
3,final_left,f32,16777216,glibc_t1,FIXED_TWIN,5,2,1,42857562.00,16385.0000,0.0000,29576000.0,13266000.0,1.000,67108864.0,0.000,0,0,67108864,1,0,1,0,1,1
3,final_left,f32,16777216,glibc_t1,P5,5,3,1,76500760.00,32770.0000,0.0000,24280000.0,52226000.0,2.000,134217728.0,0.000,0,0,134217728,2,0,0,0,1,1
3,final_left,f32,16777216,glibc_t1,P7,6,0,1,42185754.00,16385.0000,0.0000,19020000.0,23172000.0,1.000,67108864.0,0.000,0,0,67108864,1,0,1,0,1,1
3,final_left,f32,16777216,glibc_t1,FIXED_TWIN,6,1,1,42174150.00,16385.0000,0.0000,22995000.0,19185000.0,1.000,67108864.0,0.000,0,0,67108864,1,0,1,0,1,1
3,final_left,f32,16777216,glibc_t1,P5,6,2,1,78837791.00,32770.0000,0.0000,23360000.0,55483000.0,2.000,134217728.0,0.000,0,0,134217728,2,0,0,0,1,1
3,final_left,f32,16777216,glibc_t1,P6,6,3,1,49786435.00,16385.0000,0.0000,29002000.0,20816000.0,1.000,67108864.0,0.000,0,0,67108864,1,1,0,0,1,1
3,final_left,f32,16777216,glibc_t1,FIXED_TWIN,7,0,1,42414118.00,16385.0000,0.0000,23127000.0,19267000.0,1.000,67108864.0,0.000,0,0,67108864,1,0,1,0,1,1
3,final_left,f32,16777216,glibc_t1,P5,7,1,1,78342110.00,32770.0000,0.0000,31089000.0,47259000.0,2.000,134217728.0,0.000,0,0,134217728,2,0,0,0,1,1
3,final_left,f32,16777216,glibc_t1,P6,7,2,1,50281152.00,16385.0000,0.0000,23059000.0,27229000.0,1.000,67108864.0,0.000,0,0,67108864,1,1,0,0,1,1
3,final_left,f32,16777216,glibc_t1,P7,7,3,1,42266593.00,16385.0000,0.0000,19034000.0,23223000.0,1.000,67108864.0,0.000,0,0,67108864,1,0,1,0,1,1
3,final_left,f32,16777216,glibc_t1,P5,8,0,1,76056479.00,32770.0000,0.0000,20035000.0,56028000.0,2.000,134217728.0,0.000,0,0,134217728,2,0,0,0,1,1
3,final_left,f32,16777216,glibc_t1,P6,8,1,1,49788745.00,16385.0000,0.0000,26789000.0,22995000.0,1.000,67108864.0,0.000,0,0,67108864,1,1,0,0,1,1
3,final_left,f32,16777216,glibc_t1,P7,8,2,1,41523918.00,16385.0000,0.0000,4834000.0,36696000.0,1.000,67108864.0,0.000,0,0,67108864,1,0,1,0,1,1
3,final_left,f32,16777216,glibc_t1,FIXED_TWIN,8,3,1,42367871.00,16385.0000,0.0000,19103000.0,23253000.0,1.000,67108864.0,0.000,0,0,67108864,1,0,1,0,1,1
3,final_left,f32,16777216,glibc_t1,P6,9,0,1,49345864.00,16385.0000,0.0000,12736000.0,36616000.0,1.000,67108864.0,0.000,0,0,67108864,1,1,0,0,1,1
3,final_left,f32,16777216,glibc_t1,P7,9,1,1,41821736.00,16385.0000,0.0000,10818000.0,31010000.0,1.000,67108864.0,0.000,0,0,67108864,1,0,1,0,1,1
3,final_left,f32,16777216,glibc_t1,FIXED_TWIN,9,2,1,41683453.00,16385.0000,0.0000,18747000.0,22943000.0,1.000,67108864.0,0.000,0,0,67108864,1,0,1,0,1,1
3,final_left,f32,16777216,glibc_t1,P5,9,3,1,76007327.00,32770.0000,0.0000,24008000.0,52005000.0,2.000,134217728.0,0.000,0,0,134217728,2,0,0,0,1,1
3,final_left,f32,16777216,glibc_t1,P7,10,0,1,41507296.00,16385.0000,0.0000,20821000.0,20698000.0,1.000,67108864.0,0.000,0,0,67108864,1,0,1,0,1,1
3,final_left,f32,16777216,glibc_t1,FIXED_TWIN,10,1,1,41211164.00,16385.0000,0.0000,20657000.0,20558000.0,1.000,67108864.0,0.000,0,0,67108864,1,0,1,0,1,1
3,final_left,f32,16777216,glibc_t1,P5,10,2,1,75926705.00,32770.0000,0.0000,19959000.0,55973000.0,2.000,134217728.0,0.000,0,0,134217728,2,0,0,0,1,1
3,final_left,f32,16777216,glibc_t1,P6,10,3,1,50631756.00,16385.0000,0.0000,23269000.0,27370000.0,1.000,67108864.0,0.000,0,0,67108864,1,1,0,0,1,1
3,final_left,f32,16777216,glibc_t1,FIXED_TWIN,11,0,1,41308155.00,16385.0000,0.0000,20707000.0,20607000.0,1.000,67108864.0,0.000,0,0,67108864,1,0,1,0,1,1
3,final_left,f32,16777216,glibc_t1,P5,11,1,1,75703544.00,32770.0000,0.0000,27845000.0,47828000.0,2.000,134217728.0,0.000,0,0,134217728,2,0,0,0,1,1
3,final_left,f32,16777216,glibc_t1,P6,11,2,1,49109007.00,16385.0000,0.0000,24597000.0,24518000.0,1.000,67108864.0,0.000,0,0,67108864,1,1,0,0,1,1
3,final_left,f32,16777216,glibc_t1,P7,11,3,1,43128648.00,16385.0000,0.0000,11538000.0,31597000.0,1.000,67108864.0,0.000,0,0,67108864,1,0,1,0,1,1
3,final_left,f32,16777216,glibc_t1,P5,12,0,1,76925467.00,32770.0000,0.0000,44490000.0,32429000.0,2.000,134217728.0,0.000,0,0,134217728,2,0,0,0,1,1
3,final_left,f32,16777216,glibc_t1,P6,12,1,1,51980298.00,16385.0000,0.0000,19993000.0,31994000.0,1.000,67108864.0,0.000,0,0,67108864,1,1,0,0,1,1
3,final_left,f32,16777216,glibc_t1,P7,12,2,1,43356698.00,16385.0000,0.0000,11674000.0,31688000.0,1.000,67108864.0,0.000,0,0,67108864,1,0,1,0,1,1
3,final_left,f32,16777216,glibc_t1,FIXED_TWIN,12,3,1,41986044.00,16385.0000,0.0000,26903000.0,15042000.0,1.000,67108864.0,0.000,0,0,67108864,1,0,1,0,1,1
3,final_left,f32,16777216,glibc_t1,P6,13,0,1,47815934.00,16385.0000,0.0000,23905000.0,23916000.0,1.000,67108864.0,0.000,0,0,67108864,1,1,0,0,1,1
3,final_left,f32,16777216,glibc_t1,P7,13,1,1,41035149.00,16385.0000,0.0000,20555000.0,20486000.0,1.000,67108864.0,0.000,0,0,67108864,1,0,1,0,1,1
3,final_left,f32,16777216,glibc_t1,FIXED_TWIN,13,2,1,40852549.00,16385.0000,0.0000,20457000.0,20401000.0,1.000,67108864.0,0.000,0,0,67108864,1,0,1,0,1,1
3,final_left,f32,16777216,glibc_t1,P5,13,3,1,74345395.00,32770.0000,0.0000,25250000.0,49067000.0,2.000,134217728.0,0.000,0,0,134217728,2,0,0,0,1,1
3,final_left,f32,16777216,glibc_t1,P7,14,0,1,40504743.00,16385.0000,0.0000,16271000.0,24240000.0,1.000,67108864.0,0.000,0,0,67108864,1,0,1,0,1,1
3,final_left,f32,16777216,glibc_t1,FIXED_TWIN,14,1,1,40667980.00,16385.0000,0.0000,24358000.0,16315000.0,1.000,67108864.0,0.000,0,0,67108864,1,0,1,0,1,1
3,final_left,f32,16777216,glibc_t1,P5,14,2,1,74804508.00,32770.0000,0.0000,37491000.0,37318000.0,2.000,134217728.0,0.000,0,0,134217728,2,0,0,0,1,1
3,final_left,f32,16777216,glibc_t1,P6,14,3,1,47235804.00,16385.0000,0.0000,23596000.0,23645000.0,1.000,67108864.0,0.000,0,0,67108864,1,1,0,0,1,1
3,final_left,f32,67108864,glibc_t1,P5,0,0,1,285683460.00,131074.0000,0.0000,78830000.0,206821000.0,2.000,536870912.0,0.000,0,0,536870912,2,0,0,0,1,1
3,final_left,f32,67108864,glibc_t1,P6,0,1,1,182507995.00,65537.0000,0.0000,91250000.0,91266000.0,1.000,268435456.0,0.000,0,0,268435456,1,1,0,0,1,1
3,final_left,f32,67108864,glibc_t1,P7,0,2,1,161057720.00,65537.0000,0.0000,64447000.0,96526000.0,1.000,268435456.0,0.000,0,0,268435456,1,0,1,0,1,1
3,final_left,f32,67108864,glibc_t1,FIXED_TWIN,0,3,1,157268228.00,65537.0000,0.0000,72624000.0,84607000.0,1.000,268435456.0,0.000,0,0,268435456,1,0,1,0,1,1
3,final_left,f32,67108864,glibc_t1,P6,1,0,1,186115476.00,65537.0000,0.0000,73077000.0,113036000.0,1.000,268435456.0,0.000,0,0,268435456,1,1,0,0,1,1
3,final_left,f32,67108864,glibc_t1,P7,1,1,1,160306206.00,65537.0000,0.0000,66107000.0,94130000.0,1.000,268435456.0,0.000,0,0,268435456,1,0,1,0,1,1
3,final_left,f32,67108864,glibc_t1,FIXED_TWIN,1,2,1,159626560.00,65537.0000,0.0000,67813000.0,91819000.0,1.000,268435456.0,0.000,0,0,268435456,1,0,1,0,1,1
3,final_left,f32,67108864,glibc_t1,P5,1,3,1,287577380.00,131074.0000,0.0000,87784000.0,199759000.0,2.000,536870912.0,0.000,0,0,536870912,2,0,0,0,1,1
3,final_left,f32,67108864,glibc_t1,P7,2,0,1,163420101.00,65537.0000,0.0000,75711000.0,87705000.0,1.000,268435456.0,0.000,0,0,268435456,1,0,1,0,1,1
3,final_left,f32,67108864,glibc_t1,FIXED_TWIN,2,1,1,178271050.00,65537.0000,0.0000,67094000.0,111142000.0,1.000,268435456.0,0.000,0,0,268435456,1,0,1,0,1,1
3,final_left,f32,67108864,glibc_t1,P5,2,2,1,290789655.00,131074.0000,0.0000,63397000.0,227301000.0,2.000,536870912.0,0.000,0,0,536870912,2,0,0,0,1,1
3,final_left,f32,67108864,glibc_t1,P6,2,3,1,185843767.00,65537.0000,0.0000,88927000.0,96924000.0,1.000,268435456.0,0.000,0,0,268435456,1,1,0,0,1,1
3,final_left,f32,67108864,glibc_t1,FIXED_TWIN,3,0,1,158535904.00,65537.0000,0.0000,77274000.0,81259000.0,1.000,268435456.0,0.000,0,0,268435456,1,0,1,0,1,1
3,final_left,f32,67108864,glibc_t1,P5,3,1,1,288943220.00,131074.0000,0.0000,80476000.0,208439000.0,2.000,536870912.0,0.000,0,0,536870912,2,0,0,0,1,1
3,final_left,f32,67108864,glibc_t1,P6,3,2,1,184637509.00,65537.0000,0.0000,102203000.0,82214000.0,1.000,268435456.0,0.000,0,0,268435456,1,1,0,0,1,1
3,final_left,f32,67108864,glibc_t1,P7,3,3,1,161943782.00,65537.0000,0.0000,64975000.0,96977000.0,1.000,268435456.0,0.000,0,0,268435456,1,0,1,0,1,1
3,final_left,f32,67108864,glibc_t1,P5,4,0,1,302935621.00,131074.0000,0.0000,85460000.0,217482000.0,2.000,536870912.0,0.000,0,0,536870912,2,0,0,0,1,1
3,final_left,f32,67108864,glibc_t1,P6,4,1,1,196236708.00,65537.0000,0.0000,102121000.0,94110000.0,1.000,268435456.0,0.000,0,0,268435456,1,1,0,0,1,1
3,final_left,f32,67108864,glibc_t1,P7,4,2,1,171182198.00,65537.0000,0.0000,63593000.0,107570000.0,1.000,268435456.0,0.000,0,0,268435456,1,0,1,0,1,1
3,final_left,f32,67108864,glibc_t1,FIXED_TWIN,4,3,1,164225019.00,65537.0000,0.0000,44106000.0,120104000.0,1.000,268435456.0,0.000,0,0,268435456,1,0,1,0,1,1
3,final_left,f32,67108864,glibc_t1,P6,5,0,1,189248997.00,65537.0000,0.0000,92623000.0,96633000.0,1.000,268435456.0,0.000,0,0,268435456,1,1,0,0,1,1
3,final_left,f32,67108864,glibc_t1,P7,5,1,1,164501538.00,65537.0000,0.0000,48200000.0,116198000.0,1.000,268435456.0,0.000,0,0,268435456,1,0,1,0,1,1
3,final_left,f32,67108864,glibc_t1,FIXED_TWIN,5,2,1,164274577.00,65537.0000,0.0000,84139000.0,80130000.0,1.000,268435456.0,0.000,0,0,268435456,1,0,1,0,1,1
3,final_left,f32,67108864,glibc_t1,P5,5,3,1,295306164.00,131074.0000,0.0000,119661000.0,175609000.0,2.000,536870912.0,0.000,0,0,536870912,2,0,0,0,1,1
3,final_left,f32,67108864,glibc_t1,P7,6,0,1,181405699.00,65537.0000,0.0000,76699000.0,104695000.0,1.000,268435456.0,0.000,0,0,268435456,1,0,1,0,1,1
3,final_left,f32,67108864,glibc_t1,FIXED_TWIN,6,1,1,160842641.00,65537.0000,0.0000,64420000.0,96430000.0,1.000,268435456.0,0.000,0,0,268435456,1,0,1,0,1,1
3,final_left,f32,67108864,glibc_t1,P5,6,2,1,297379071.00,131074.0000,0.0000,98654000.0,198666000.0,2.000,536870912.0,0.000,0,0,536870912,2,0,0,0,1,1
3,final_left,f32,67108864,glibc_t1,P6,6,3,1,188203426.00,65537.0000,0.0000,104116000.0,84121000.0,1.000,268435456.0,0.000,0,0,268435456,1,1,0,0,1,1
3,final_left,f32,67108864,glibc_t1,FIXED_TWIN,7,0,1,170768470.00,65537.0000,0.0000,87357000.0,83380000.0,1.000,268435456.0,0.000,0,0,268435456,1,0,1,0,1,1
3,final_left,f32,67108864,glibc_t1,P5,7,1,1,289323090.00,131074.0000,0.0000,68658000.0,220624000.0,2.000,536870912.0,0.000,0,0,536870912,2,0,0,0,1,1
3,final_left,f32,67108864,glibc_t1,P6,7,2,1,186689230.00,65537.0000,0.0000,93319000.0,93364000.0,1.000,268435456.0,0.000,0,0,268435456,1,1,0,0,1,1
3,final_left,f32,67108864,glibc_t1,P7,7,3,1,162271050.00,65537.0000,0.0000,55154000.0,107045000.0,1.000,268435456.0,0.000,0,0,268435456,1,0,1,0,1,1
3,final_left,f32,67108864,glibc_t1,P5,8,0,1,292384549.00,131074.0000,0.0000,92190000.0,200145000.0,2.000,536870912.0,0.000,0,0,536870912,2,0,0,0,1,1
3,final_left,f32,67108864,glibc_t1,P6,8,1,1,190538309.00,65537.0000,0.0000,103271000.0,87238000.0,1.000,268435456.0,0.000,0,0,268435456,1,1,0,0,1,1
3,final_left,f32,67108864,glibc_t1,P7,8,2,1,162382460.00,65537.0000,0.0000,79203000.0,83175000.0,1.000,268435456.0,0.000,0,0,268435456,1,0,1,0,1,1
3,final_left,f32,67108864,glibc_t1,FIXED_TWIN,8,3,1,163542004.00,65537.0000,0.0000,55780000.0,107748000.0,1.000,268435456.0,0.000,0,0,268435456,1,0,1,0,1,1
3,final_left,f32,67108864,glibc_t1,P6,9,0,1,183808296.00,65537.0000,0.0000,91910000.0,91907000.0,1.000,268435456.0,0.000,0,0,268435456,1,1,0,0,1,1
3,final_left,f32,67108864,glibc_t1,P7,9,1,1,158428714.00,65537.0000,0.0000,55232000.0,103190000.0,1.000,268435456.0,0.000,0,0,268435456,1,0,1,0,1,1
3,final_left,f32,67108864,glibc_t1,FIXED_TWIN,9,2,1,158703469.00,65537.0000,0.0000,57328000.0,101372000.0,1.000,268435456.0,0.000,0,0,268435456,1,0,1,0,1,1
3,final_left,f32,67108864,glibc_t1,P5,9,3,1,287995665.00,131074.0000,0.0000,84003000.0,203927000.0,2.000,536870912.0,0.000,0,0,536870912,2,0,0,0,1,1
3,final_left,f32,67108864,glibc_t1,P7,10,0,1,159506253.00,65537.0000,0.0000,87761000.0,71697000.0,1.000,268435456.0,0.000,0,0,268435456,1,0,1,0,1,1
3,final_left,f32,67108864,glibc_t1,FIXED_TWIN,10,1,1,159044715.00,65537.0000,0.0000,87534000.0,71517000.0,1.000,268435456.0,0.000,0,0,268435456,1,0,1,0,1,1
3,final_left,f32,67108864,glibc_t1,P5,10,2,1,289055901.00,131074.0000,0.0000,74554000.0,214419000.0,2.000,536870912.0,0.000,0,0,536870912,2,0,0,0,1,1
3,final_left,f32,67108864,glibc_t1,P6,10,3,1,183195805.00,65537.0000,0.0000,81533000.0,101603000.0,1.000,268435456.0,0.000,0,0,268435456,1,1,0,0,1,1
3,final_left,f32,67108864,glibc_t1,FIXED_TWIN,11,0,1,160822396.00,65537.0000,0.0000,56408000.0,104381000.0,1.000,268435456.0,0.000,0,0,268435456,1,0,1,0,1,1
3,final_left,f32,67108864,glibc_t1,P5,11,1,1,288536990.00,131074.0000,0.0000,92229000.0,196236000.0,2.000,536870912.0,0.000,0,0,536870912,2,0,0,0,1,1
3,final_left,f32,67108864,glibc_t1,P6,11,2,1,183752049.00,65537.0000,0.0000,75845000.0,107873000.0,1.000,268435456.0,0.000,0,0,268435456,1,1,0,0,1,1
3,final_left,f32,67108864,glibc_t1,P7,11,3,1,157503316.00,65537.0000,0.0000,52712000.0,104738000.0,1.000,268435456.0,0.000,0,0,268435456,1,0,1,0,1,1
3,final_left,f32,67108864,glibc_t1,P5,12,0,1,286828595.00,131074.0000,0.0000,89379000.0,197295000.0,2.000,536870912.0,0.000,0,0,536870912,2,0,0,0,1,1
3,final_left,f32,67108864,glibc_t1,P6,12,1,1,185441211.00,65537.0000,0.0000,94738000.0,90745000.0,1.000,268435456.0,0.000,0,0,268435456,1,1,0,0,1,1
3,final_left,f32,67108864,glibc_t1,P7,12,2,1,160002326.00,65537.0000,0.0000,71998000.0,87964000.0,1.000,268435456.0,0.000,0,0,268435456,1,0,1,0,1,1
3,final_left,f32,67108864,glibc_t1,FIXED_TWIN,12,3,1,160983152.00,65537.0000,0.0000,76445000.0,84507000.0,1.000,268435456.0,0.000,0,0,268435456,1,0,1,0,1,1
3,final_left,f32,67108864,glibc_t1,P6,13,0,1,192447137.00,65537.0000,0.0000,76217000.0,116182000.0,1.000,268435456.0,0.000,0,0,268435456,1,1,0,0,1,1
3,final_left,f32,67108864,glibc_t1,P7,13,1,1,162773601.00,65537.0000,0.0000,47405000.0,115375000.0,1.000,268435456.0,0.000,0,0,268435456,1,0,1,0,1,1
3,final_left,f32,67108864,glibc_t1,FIXED_TWIN,13,2,1,162319185.00,65537.0000,0.0000,75137000.0,87104000.0,1.000,268435456.0,0.000,0,0,268435456,1,0,1,0,1,1
3,final_left,f32,67108864,glibc_t1,P5,13,3,1,292061104.00,131074.0000,0.0000,80003000.0,211976000.0,2.000,536870912.0,0.000,0,0,536870912,2,0,0,0,1,1
3,final_left,f32,67108864,glibc_t1,P7,14,0,1,168710208.00,65537.0000,0.0000,48344000.0,120303000.0,1.000,268435456.0,0.000,0,0,268435456,1,0,1,0,1,1
3,final_left,f32,67108864,glibc_t1,FIXED_TWIN,14,1,1,161170041.00,65537.0000,0.0000,60508000.0,100545000.0,1.000,268435456.0,0.000,0,0,268435456,1,0,1,0,1,1
3,final_left,f32,67108864,glibc_t1,P5,14,2,1,293786900.00,131074.0000,0.0000,104866000.0,188851000.0,2.000,536870912.0,0.000,0,0,536870912,2,0,0,0,1,1
3,final_left,f32,67108864,glibc_t1,P6,14,3,1,190096053.00,65537.0000,0.0000,77022000.0,113082000.0,1.000,268435456.0,0.000,0,0,268435456,1,1,0,0,1,1
3,final_right,f32,64,glibc_t1,P5,0,0,1000,288.27,0.0000,0.0000,142.0,151.0,2.000,512.0,0.000,0,0,256256,2,0,0,0,1,1
3,final_right,f32,64,glibc_t1,P6,0,1,1000,297.58,0.0000,0.0000,145.0,153.0,1.000,256.0,0.000,0,0,256000,1,1,0,0,1,1
3,final_right,f32,64,glibc_t1,P7,0,2,1000,254.37,0.0000,0.0000,124.0,131.0,1.000,256.0,0.000,0,0,256000,1,0,1,0,1,1
3,final_right,f32,64,glibc_t1,FIXED_TWIN,0,3,1000,246.35,0.0000,0.0000,247.0,0.0,1.000,256.0,0.000,0,0,256000,1,0,1,0,1,1
3,final_right,f32,64,glibc_t1,P6,1,0,1000,291.65,0.0000,0.0000,292.0,0.0,1.000,256.0,0.000,0,0,256000,1,1,0,0,1,1
3,final_right,f32,64,glibc_t1,P7,1,1,1000,241.89,0.0000,0.0000,242.0,0.0,1.000,256.0,0.000,0,0,256000,1,0,1,0,1,1
3,final_right,f32,64,glibc_t1,FIXED_TWIN,1,2,1000,254.70,0.0000,0.0000,256.0,0.0,1.000,256.0,0.000,0,0,256000,1,0,1,0,1,1
3,final_right,f32,64,glibc_t1,P5,1,3,1000,338.29,0.0000,0.0000,339.0,0.0,2.000,512.0,0.000,0,0,256256,2,0,0,0,1,1
3,final_right,f32,64,glibc_t1,P7,2,0,1000,246.67,0.0000,0.0000,210.0,37.0,1.000,256.0,0.000,0,0,256000,1,0,1,0,1,1
3,final_right,f32,64,glibc_t1,FIXED_TWIN,2,1,1000,264.98,0.0000,0.0000,266.0,0.0,1.000,256.0,0.000,0,0,256000,1,0,1,0,1,1
3,final_right,f32,64,glibc_t1,P5,2,2,1000,338.49,0.0000,0.0000,339.0,0.0,2.000,512.0,0.000,0,0,256256,2,0,0,0,1,1
3,final_right,f32,64,glibc_t1,P6,2,3,1000,263.44,0.0000,0.0000,264.0,0.0,1.000,256.0,0.000,0,0,256000,1,1,0,0,1,1
3,final_right,f32,64,glibc_t1,FIXED_TWIN,3,0,1000,251.20,0.0000,0.0000,252.0,0.0,1.000,256.0,0.000,0,0,256000,1,0,1,0,1,1
3,final_right,f32,64,glibc_t1,P5,3,1,1000,289.41,0.0000,0.0000,290.0,0.0,2.000,512.0,0.000,0,0,256256,2,0,0,0,1,1
3,final_right,f32,64,glibc_t1,P6,3,2,1000,352.83,0.0000,0.0000,354.0,0.0,1.000,256.0,0.000,0,0,256000,1,1,0,0,1,1
3,final_right,f32,64,glibc_t1,P7,3,3,1000,256.36,0.0000,0.0000,257.0,0.0,1.000,256.0,0.000,0,0,256000,1,0,1,0,1,1
3,final_right,f32,64,glibc_t1,P5,4,0,1000,387.88,0.0000,0.0000,389.0,0.0,2.000,512.0,0.000,0,0,256256,2,0,0,0,1,1
3,final_right,f32,64,glibc_t1,P6,4,1,1000,285.45,0.0000,0.0000,287.0,0.0,1.000,256.0,0.000,0,0,256000,1,1,0,0,1,1
3,final_right,f32,64,glibc_t1,P7,4,2,1000,405.93,0.0000,0.0000,407.0,0.0,1.000,256.0,0.000,0,0,256000,1,0,1,0,1,1
3,final_right,f32,64,glibc_t1,FIXED_TWIN,4,3,1000,342.76,0.0000,0.0000,344.0,0.0,1.000,256.0,0.000,0,0,256000,1,0,1,0,1,1
3,final_right,f32,64,glibc_t1,P6,5,0,1000,266.26,0.0000,0.0000,267.0,0.0,1.000,256.0,0.000,0,0,256000,1,1,0,0,1,1
3,final_right,f32,64,glibc_t1,P7,5,1,1000,351.76,0.0000,0.0000,353.0,0.0,1.000,256.0,0.000,0,0,256000,1,0,1,0,1,1
3,final_right,f32,64,glibc_t1,FIXED_TWIN,5,2,1000,253.72,0.0000,0.0000,254.0,0.0,1.000,256.0,0.000,0,0,256000,1,0,1,0,1,1
3,final_right,f32,64,glibc_t1,P5,5,3,1000,333.99,0.0000,0.0000,334.0,0.0,2.000,512.0,0.000,0,0,256256,2,0,0,0,1,1
3,final_right,f32,64,glibc_t1,P7,6,0,1000,451.78,0.0000,0.0000,453.0,0.0,1.000,256.0,0.000,0,0,256000,1,0,1,0,1,1
3,final_right,f32,64,glibc_t1,FIXED_TWIN,6,1,1000,380.25,0.0000,0.0000,381.0,0.0,1.000,256.0,0.000,0,0,256000,1,0,1,0,1,1
3,final_right,f32,64,glibc_t1,P5,6,2,1000,289.66,0.0000,0.0000,290.0,0.0,2.000,512.0,0.000,0,0,256256,2,0,0,0,1,1
3,final_right,f32,64,glibc_t1,P6,6,3,1000,275.04,0.0000,0.0000,276.0,0.0,1.000,256.0,0.000,0,0,256000,1,1,0,0,1,1
3,final_right,f32,64,glibc_t1,FIXED_TWIN,7,0,1000,399.59,0.0000,0.0000,400.0,0.0,1.000,256.0,0.000,0,0,256000,1,0,1,0,1,1
3,final_right,f32,64,glibc_t1,P5,7,1,1000,480.08,0.0000,0.0000,481.0,0.0,2.000,512.0,0.000,0,0,256256,2,0,0,0,1,1
3,final_right,f32,64,glibc_t1,P6,7,2,1000,319.40,0.0000,0.0000,320.0,0.0,1.000,256.0,0.000,0,0,256000,1,1,0,0,1,1
3,final_right,f32,64,glibc_t1,P7,7,3,1000,249.06,0.0000,0.0000,249.0,0.0,1.000,256.0,0.000,0,0,256000,1,0,1,0,1,1
3,final_right,f32,64,glibc_t1,P5,8,0,1000,281.38,0.0000,0.0000,282.0,0.0,2.000,512.0,0.000,0,0,256256,2,0,0,0,1,1
3,final_right,f32,64,glibc_t1,P6,8,1,1000,289.92,0.0000,0.0000,290.0,0.0,1.000,256.0,0.000,0,0,256000,1,1,0,0,1,1
3,final_right,f32,64,glibc_t1,P7,8,2,1000,272.39,0.0000,0.0000,273.0,0.0,1.000,256.0,0.000,0,0,256000,1,0,1,0,1,1
3,final_right,f32,64,glibc_t1,FIXED_TWIN,8,3,1000,246.31,0.0000,0.0000,247.0,0.0,1.000,256.0,0.000,0,0,256000,1,0,1,0,1,1
3,final_right,f32,64,glibc_t1,P6,9,0,1000,298.30,0.0000,0.0000,299.0,0.0,1.000,256.0,0.000,0,0,256000,1,1,0,0,1,1
3,final_right,f32,64,glibc_t1,P7,9,1,1000,248.74,0.0000,0.0000,249.0,0.0,1.000,256.0,0.000,0,0,256000,1,0,1,0,1,1
3,final_right,f32,64,glibc_t1,FIXED_TWIN,9,2,1000,248.04,0.0000,0.0000,249.0,0.0,1.000,256.0,0.000,0,0,256000,1,0,1,0,1,1
3,final_right,f32,64,glibc_t1,P5,9,3,1000,308.37,0.0000,0.0000,309.0,0.0,2.000,512.0,0.000,0,0,256256,2,0,0,0,1,1
3,final_right,f32,64,glibc_t1,P7,10,0,1000,265.93,0.0000,0.0000,267.0,0.0,1.000,256.0,0.000,0,0,256000,1,0,1,0,1,1
3,final_right,f32,64,glibc_t1,FIXED_TWIN,10,1,1000,246.97,0.0000,0.0000,247.0,0.0,1.000,256.0,0.000,0,0,256000,1,0,1,0,1,1
3,final_right,f32,64,glibc_t1,P5,10,2,1000,290.53,0.0000,0.0000,291.0,0.0,2.000,512.0,0.000,0,0,256256,2,0,0,0,1,1
3,final_right,f32,64,glibc_t1,P6,10,3,1000,263.77,0.0000,0.0000,265.0,0.0,1.000,256.0,0.000,0,0,256000,1,1,0,0,1,1
3,final_right,f32,64,glibc_t1,FIXED_TWIN,11,0,1000,339.51,0.0000,0.0000,341.0,0.0,1.000,256.0,0.000,0,0,256000,1,0,1,0,1,1
3,final_right,f32,64,glibc_t1,P5,11,1,1000,350.48,0.0000,0.0000,352.0,0.0,2.000,512.0,0.000,0,0,256256,2,0,0,0,1,1
3,final_right,f32,64,glibc_t1,P6,11,2,1000,264.34,0.0000,0.0000,265.0,0.0,1.000,256.0,0.000,0,0,256000,1,1,0,0,1,1
3,final_right,f32,64,glibc_t1,P7,11,3,1000,317.45,0.0000,0.0000,319.0,0.0,1.000,256.0,0.000,0,0,256000,1,0,1,0,1,1
3,final_right,f32,64,glibc_t1,P5,12,0,1000,279.22,0.0000,0.0000,280.0,0.0,2.000,512.0,0.000,0,0,256256,2,0,0,0,1,1
3,final_right,f32,64,glibc_t1,P6,12,1,1000,314.86,0.0000,0.0000,316.0,0.0,1.000,256.0,0.000,0,0,256000,1,1,0,0,1,1
3,final_right,f32,64,glibc_t1,P7,12,2,1000,282.55,0.0000,0.0000,284.0,0.0,1.000,256.0,0.000,0,0,256000,1,0,1,0,1,1
3,final_right,f32,64,glibc_t1,FIXED_TWIN,12,3,1000,363.60,0.0000,0.0000,365.0,0.0,1.000,256.0,0.000,0,0,256000,1,0,1,0,1,1
3,final_right,f32,64,glibc_t1,P6,13,0,1000,413.18,0.0000,0.0000,416.0,0.0,1.000,256.0,0.000,0,0,256000,1,1,0,0,1,1
3,final_right,f32,64,glibc_t1,P7,13,1,1000,246.01,0.0000,0.0000,247.0,0.0,1.000,256.0,0.000,0,0,256000,1,0,1,0,1,1
3,final_right,f32,64,glibc_t1,FIXED_TWIN,13,2,1000,393.76,0.0000,0.0000,395.0,0.0,1.000,256.0,0.000,0,0,256000,1,0,1,0,1,1
3,final_right,f32,64,glibc_t1,P5,13,3,1000,295.33,0.0000,0.0000,296.0,0.0,2.000,512.0,0.000,0,0,256256,2,0,0,0,1,1
3,final_right,f32,64,glibc_t1,P7,14,0,1000,395.57,0.0000,0.0000,396.0,0.0,1.000,256.0,0.000,0,0,256000,1,0,1,0,1,1
3,final_right,f32,64,glibc_t1,FIXED_TWIN,14,1,1000,257.85,0.0000,0.0000,260.0,0.0,1.000,256.0,0.000,0,0,256000,1,0,1,0,1,1
3,final_right,f32,64,glibc_t1,P5,14,2,1000,423.73,0.0000,0.0000,425.0,0.0,2.000,512.0,0.000,0,0,256256,2,0,0,0,1,1
3,final_right,f32,64,glibc_t1,P6,14,3,1000,457.22,0.0000,0.0000,459.0,0.0,1.000,256.0,0.000,0,0,256000,1,1,0,0,1,1
3,final_right,f32,1024,glibc_t1,P5,0,0,1000,529.45,0.0000,0.0000,533.0,0.0,2.000,8192.0,0.000,0,0,4100096,2,0,0,0,1,1
3,final_right,f32,1024,glibc_t1,P6,0,1,1000,558.99,0.0000,0.0000,562.0,0.0,1.000,4096.0,0.000,0,0,4096000,1,1,0,0,1,1
3,final_right,f32,1024,glibc_t1,P7,0,2,1000,435.78,0.0000,0.0000,438.0,0.0,1.000,4096.0,0.000,0,0,4096000,1,0,1,0,1,1
3,final_right,f32,1024,glibc_t1,FIXED_TWIN,0,3,1000,436.89,0.0000,0.0000,462.0,0.0,1.000,4096.0,0.000,0,0,4096000,1,0,1,0,1,1
3,final_right,f32,1024,glibc_t1,P6,1,0,1000,560.86,0.0000,0.0000,564.0,0.0,1.000,4096.0,0.000,0,0,4096000,1,1,0,0,1,1
3,final_right,f32,1024,glibc_t1,P7,1,1,1000,436.84,0.0000,0.0000,438.0,0.0,1.000,4096.0,0.000,0,0,4096000,1,0,1,0,1,1
3,final_right,f32,1024,glibc_t1,FIXED_TWIN,1,2,1000,423.04,0.0000,0.0000,424.0,0.0,1.000,4096.0,0.000,0,0,4096000,1,0,1,0,1,1
3,final_right,f32,1024,glibc_t1,P5,1,3,1000,586.03,0.0000,0.0000,589.0,0.0,2.000,8192.0,0.000,0,0,4100096,2,0,0,0,1,1
3,final_right,f32,1024,glibc_t1,P7,2,0,1000,411.16,0.0000,0.0000,413.0,0.0,1.000,4096.0,0.000,0,0,4096000,1,0,1,0,1,1
3,final_right,f32,1024,glibc_t1,FIXED_TWIN,2,1,1000,413.23,0.0000,0.0000,415.0,0.0,1.000,4096.0,0.000,0,0,4096000,1,0,1,0,1,1
3,final_right,f32,1024,glibc_t1,P5,2,2,1000,709.93,0.0000,0.0000,714.0,0.0,2.000,8192.0,0.000,0,0,4100096,2,0,0,0,1,1
3,final_right,f32,1024,glibc_t1,P6,2,3,1000,547.76,0.0000,0.0000,552.0,0.0,1.000,4096.0,0.000,0,0,4096000,1,1,0,0,1,1
3,final_right,f32,1024,glibc_t1,FIXED_TWIN,3,0,1000,509.15,0.0000,0.0000,513.0,0.0,1.000,4096.0,0.000,0,0,4096000,1,0,1,0,1,1
3,final_right,f32,1024,glibc_t1,P5,3,1,1000,533.65,0.0000,0.0000,537.0,0.0,2.000,8192.0,0.000,0,0,4100096,2,0,0,0,1,1
3,final_right,f32,1024,glibc_t1,P6,3,2,1000,507.67,0.0000,0.0000,510.0,0.0,1.000,4096.0,0.000,0,0,4096000,1,1,0,0,1,1
3,final_right,f32,1024,glibc_t1,P7,3,3,1000,487.85,0.0000,0.0000,490.0,0.0,1.000,4096.0,0.000,0,0,4096000,1,0,1,0,1,1
3,final_right,f32,1024,glibc_t1,P5,4,0,1000,557.96,0.0000,0.0000,559.0,0.0,2.000,8192.0,0.000,0,0,4100096,2,0,0,0,1,1
3,final_right,f32,1024,glibc_t1,P6,4,1,1000,529.14,0.0000,0.0000,531.0,0.0,1.000,4096.0,0.000,0,0,4096000,1,1,0,0,1,1
3,final_right,f32,1024,glibc_t1,P7,4,2,1000,405.36,0.0000,0.0000,407.0,0.0,1.000,4096.0,0.000,0,0,4096000,1,0,1,0,1,1
3,final_right,f32,1024,glibc_t1,FIXED_TWIN,4,3,1000,433.92,0.0000,0.0000,435.0,0.0,1.000,4096.0,0.000,0,0,4096000,1,0,1,0,1,1
3,final_right,f32,1024,glibc_t1,P6,5,0,1000,552.59,0.0000,0.0000,554.0,0.0,1.000,4096.0,0.000,0,0,4096000,1,1,0,0,1,1
3,final_right,f32,1024,glibc_t1,P7,5,1,1000,455.80,0.0000,0.0000,458.0,0.0,1.000,4096.0,0.000,0,0,4096000,1,0,1,0,1,1
3,final_right,f32,1024,glibc_t1,FIXED_TWIN,5,2,1000,440.97,0.0000,0.0000,442.0,0.0,1.000,4096.0,0.000,0,0,4096000,1,0,1,0,1,1
3,final_right,f32,1024,glibc_t1,P5,5,3,1000,529.39,0.0000,0.0000,531.0,0.0,2.000,8192.0,0.000,0,0,4100096,2,0,0,0,1,1
3,final_right,f32,1024,glibc_t1,P7,6,0,1000,402.68,0.0000,0.0000,404.0,0.0,1.000,4096.0,0.000,0,0,4096000,1,0,1,0,1,1
3,final_right,f32,1024,glibc_t1,FIXED_TWIN,6,1,1000,407.50,0.0000,0.0000,410.0,0.0,1.000,4096.0,0.000,0,0,4096000,1,0,1,0,1,1
3,final_right,f32,1024,glibc_t1,P5,6,2,1000,543.21,0.0000,0.0000,545.0,0.0,2.000,8192.0,0.000,0,0,4100096,2,0,0,0,1,1
3,final_right,f32,1024,glibc_t1,P6,6,3,1000,553.29,0.0000,0.0000,555.0,0.0,1.000,4096.0,0.000,0,0,4096000,1,1,0,0,1,1
3,final_right,f32,1024,glibc_t1,FIXED_TWIN,7,0,1000,411.47,0.0000,0.0000,414.0,0.0,1.000,4096.0,0.000,0,0,4096000,1,0,1,0,1,1
3,final_right,f32,1024,glibc_t1,P5,7,1,1000,525.65,0.0000,0.0000,527.0,0.0,2.000,8192.0,0.000,0,0,4100096,2,0,0,0,1,1
3,final_right,f32,1024,glibc_t1,P6,7,2,1000,576.29,0.0000,0.0000,578.0,0.0,1.000,4096.0,0.000,0,0,4096000,1,1,0,0,1,1
3,final_right,f32,1024,glibc_t1,P7,7,3,1000,494.70,0.0000,0.0000,498.0,0.0,1.000,4096.0,0.000,0,0,4096000,1,0,1,0,1,1
3,final_right,f32,1024,glibc_t1,P5,8,0,1000,523.86,0.0000,0.0000,526.0,0.0,2.000,8192.0,0.000,0,0,4100096,2,0,0,0,1,1
3,final_right,f32,1024,glibc_t1,P6,8,1,1000,550.49,0.0000,0.0000,553.0,0.0,1.000,4096.0,0.000,0,0,4096000,1,1,0,0,1,1
3,final_right,f32,1024,glibc_t1,P7,8,2,1000,430.82,0.0000,0.0000,432.0,0.0,1.000,4096.0,0.000,0,0,4096000,1,0,1,0,1,1
3,final_right,f32,1024,glibc_t1,FIXED_TWIN,8,3,1000,407.20,0.0000,0.0000,410.0,0.0,1.000,4096.0,0.000,0,0,4096000,1,0,1,0,1,1
3,final_right,f32,1024,glibc_t1,P6,9,0,1000,515.96,0.0000,0.0000,518.0,0.0,1.000,4096.0,0.000,0,0,4096000,1,1,0,0,1,1
3,final_right,f32,1024,glibc_t1,P7,9,1,1000,494.05,0.0000,0.0000,497.0,0.0,1.000,4096.0,0.000,0,0,4096000,1,0,1,0,1,1
3,final_right,f32,1024,glibc_t1,FIXED_TWIN,9,2,1000,472.88,0.0000,0.0000,477.0,0.0,1.000,4096.0,0.000,0,0,4096000,1,0,1,0,1,1
3,final_right,f32,1024,glibc_t1,P5,9,3,1000,530.80,0.0000,0.0000,533.0,0.0,2.000,8192.0,0.000,0,0,4100096,2,0,0,0,1,1
3,final_right,f32,1024,glibc_t1,P7,10,0,1000,404.35,0.0000,0.0000,407.0,0.0,1.000,4096.0,0.000,0,0,4096000,1,0,1,0,1,1
3,final_right,f32,1024,glibc_t1,FIXED_TWIN,10,1,1000,427.30,0.0000,0.0000,429.0,0.0,1.000,4096.0,0.000,0,0,4096000,1,0,1,0,1,1
3,final_right,f32,1024,glibc_t1,P5,10,2,1000,573.66,0.0000,0.0000,577.0,0.0,2.000,8192.0,0.000,0,0,4100096,2,0,0,0,1,1
3,final_right,f32,1024,glibc_t1,P6,10,3,1000,592.83,0.0000,0.0000,598.0,0.0,1.000,4096.0,0.000,0,0,4096000,1,1,0,0,1,1
3,final_right,f32,1024,glibc_t1,FIXED_TWIN,11,0,1000,563.69,0.0000,0.0000,568.0,0.0,1.000,4096.0,0.000,0,0,4096000,1,0,1,0,1,1
3,final_right,f32,1024,glibc_t1,P5,11,1,1000,899.74,0.0000,0.0000,905.0,0.0,2.000,8192.0,0.000,0,0,4100096,2,0,0,0,1,1
3,final_right,f32,1024,glibc_t1,P6,11,2,1000,550.10,0.0000,0.0000,553.0,0.0,1.000,4096.0,0.000,0,0,4096000,1,1,0,0,1,1
3,final_right,f32,1024,glibc_t1,P7,11,3,1000,467.32,0.0000,0.0000,469.0,0.0,1.000,4096.0,0.000,0,0,4096000,1,0,1,0,1,1
3,final_right,f32,1024,glibc_t1,P5,12,0,1000,580.77,0.0000,0.0000,583.0,0.0,2.000,8192.0,0.000,0,0,4100096,2,0,0,0,1,1
3,final_right,f32,1024,glibc_t1,P6,12,1,1000,513.85,0.0000,0.0000,516.0,0.0,1.000,4096.0,0.000,0,0,4096000,1,1,0,0,1,1
3,final_right,f32,1024,glibc_t1,P7,12,2,1000,486.35,0.0000,0.0000,489.0,0.0,1.000,4096.0,0.000,0,0,4096000,1,0,1,0,1,1
3,final_right,f32,1024,glibc_t1,FIXED_TWIN,12,3,1000,448.85,0.0000,0.0000,453.0,0.0,1.000,4096.0,0.000,0,0,4096000,1,0,1,0,1,1
3,final_right,f32,1024,glibc_t1,P6,13,0,1000,545.75,0.0000,0.0000,549.0,0.0,1.000,4096.0,0.000,0,0,4096000,1,1,0,0,1,1
3,final_right,f32,1024,glibc_t1,P7,13,1,1000,406.08,0.0000,0.0000,408.0,0.0,1.000,4096.0,0.000,0,0,4096000,1,0,1,0,1,1
3,final_right,f32,1024,glibc_t1,FIXED_TWIN,13,2,1000,443.40,0.0000,0.0000,445.0,0.0,1.000,4096.0,0.000,0,0,4096000,1,0,1,0,1,1
3,final_right,f32,1024,glibc_t1,P5,13,3,1000,598.78,0.0000,0.0000,601.0,0.0,2.000,8192.0,0.000,0,0,4100096,2,0,0,0,1,1
3,final_right,f32,1024,glibc_t1,P7,14,0,1000,434.86,0.0000,0.0000,437.0,0.0,1.000,4096.0,0.000,0,0,4096000,1,0,1,0,1,1
3,final_right,f32,1024,glibc_t1,FIXED_TWIN,14,1,1000,414.36,0.0000,0.0000,417.0,0.0,1.000,4096.0,0.000,0,0,4096000,1,0,1,0,1,1
3,final_right,f32,1024,glibc_t1,P5,14,2,1000,524.25,0.0000,0.0000,526.0,0.0,2.000,8192.0,0.000,0,0,4100096,2,0,0,0,1,1
3,final_right,f32,1024,glibc_t1,P6,14,3,1000,825.91,0.0000,0.0000,830.0,0.0,1.000,4096.0,0.000,0,0,4096000,1,1,0,0,1,1
3,final_right,f32,4096,glibc_t1,P5,0,0,1,2463.00,0.0000,0.0000,5000.0,0.0,2.000,32768.0,0.000,0,0,32768,2,0,0,0,1,1
3,final_right,f32,4096,glibc_t1,P6,0,1,1,2047.00,0.0000,0.0000,3000.0,0.0,1.000,16384.0,0.000,0,0,16384,1,1,0,0,1,1
3,final_right,f32,4096,glibc_t1,P7,0,2,1,1467.00,0.0000,0.0000,2000.0,0.0,1.000,16384.0,0.000,0,0,16384,1,0,1,0,1,1
3,final_right,f32,4096,glibc_t1,FIXED_TWIN,0,3,1,1497.00,0.0000,0.0000,2000.0,0.0,1.000,16384.0,0.000,0,0,16384,1,0,1,0,1,1
3,final_right,f32,4096,glibc_t1,P6,1,0,1,1935.00,0.0000,0.0000,2000.0,0.0,1.000,16384.0,0.000,0,0,16384,1,1,0,0,1,1
3,final_right,f32,4096,glibc_t1,P7,1,1,1,1518.00,0.0000,0.0000,3000.0,0.0,1.000,16384.0,0.000,0,0,16384,1,0,1,0,1,1
3,final_right,f32,4096,glibc_t1,FIXED_TWIN,1,2,1,1530.00,0.0000,0.0000,2000.0,0.0,1.000,16384.0,0.000,0,0,16384,1,0,1,0,1,1
3,final_right,f32,4096,glibc_t1,P5,1,3,1,1901.00,0.0000,0.0000,2000.0,0.0,2.000,32768.0,0.000,0,0,32768,2,0,0,0,1,1
3,final_right,f32,4096,glibc_t1,P7,2,0,1,1329.00,0.0000,0.0000,2000.0,0.0,1.000,16384.0,0.000,0,0,16384,1,0,1,0,1,1
3,final_right,f32,4096,glibc_t1,FIXED_TWIN,2,1,1,1406.00,0.0000,0.0000,2000.0,0.0,1.000,16384.0,0.000,0,0,16384,1,0,1,0,1,1
3,final_right,f32,4096,glibc_t1,P5,2,2,1,2715.00,0.0000,0.0000,3000.0,0.0,2.000,32768.0,0.000,0,0,32768,2,0,0,0,1,1
3,final_right,f32,4096,glibc_t1,P6,2,3,1,2113.00,0.0000,0.0000,3000.0,0.0,1.000,16384.0,0.000,0,0,16384,1,1,0,0,1,1
3,final_right,f32,4096,glibc_t1,FIXED_TWIN,3,0,1,1560.00,0.0000,0.0000,3000.0,0.0,1.000,16384.0,0.000,0,0,16384,1,0,1,0,1,1
3,final_right,f32,4096,glibc_t1,P5,3,1,1,1989.00,0.0000,0.0000,2000.0,0.0,2.000,32768.0,0.000,0,0,32768,2,0,0,0,1,1
3,final_right,f32,4096,glibc_t1,P6,3,2,1,2023.00,0.0000,0.0000,3000.0,0.0,1.000,16384.0,0.000,0,0,16384,1,1,0,0,1,1
3,final_right,f32,4096,glibc_t1,P7,3,3,1,1586.00,0.0000,0.0000,2000.0,0.0,1.000,16384.0,0.000,0,0,16384,1,0,1,0,1,1
3,final_right,f32,4096,glibc_t1,P5,4,0,1,1994.00,0.0000,0.0000,3000.0,0.0,2.000,32768.0,0.000,0,0,32768,2,0,0,0,1,1
3,final_right,f32,4096,glibc_t1,P6,4,1,1,2013.00,0.0000,0.0000,3000.0,0.0,1.000,16384.0,0.000,0,0,16384,1,1,0,0,1,1
3,final_right,f32,4096,glibc_t1,P7,4,2,1,1368.00,0.0000,0.0000,2000.0,0.0,1.000,16384.0,0.000,0,0,16384,1,0,1,0,1,1
3,final_right,f32,4096,glibc_t1,FIXED_TWIN,4,3,1,1472.00,0.0000,0.0000,2000.0,0.0,1.000,16384.0,0.000,0,0,16384,1,0,1,0,1,1
3,final_right,f32,4096,glibc_t1,P6,5,0,1,2126.00,0.0000,0.0000,11000.0,0.0,1.000,16384.0,0.000,0,0,16384,1,1,0,0,1,1
3,final_right,f32,4096,glibc_t1,P7,5,1,1,1371.00,0.0000,0.0000,2000.0,0.0,1.000,16384.0,0.000,0,0,16384,1,0,1,0,1,1
3,final_right,f32,4096,glibc_t1,FIXED_TWIN,5,2,1,1385.00,0.0000,0.0000,1000.0,0.0,1.000,16384.0,0.000,0,0,16384,1,0,1,0,1,1
3,final_right,f32,4096,glibc_t1,P5,5,3,1,2046.00,0.0000,0.0000,2000.0,0.0,2.000,32768.0,0.000,0,0,32768,2,0,0,0,1,1
3,final_right,f32,4096,glibc_t1,P7,6,0,1,1424.00,0.0000,0.0000,2000.0,0.0,1.000,16384.0,0.000,0,0,16384,1,0,1,0,1,1
3,final_right,f32,4096,glibc_t1,FIXED_TWIN,6,1,1,1471.00,0.0000,0.0000,2000.0,0.0,1.000,16384.0,0.000,0,0,16384,1,0,1,0,1,1
3,final_right,f32,4096,glibc_t1,P5,6,2,1,1888.00,0.0000,0.0000,2000.0,0.0,2.000,32768.0,0.000,0,0,32768,2,0,0,0,1,1
3,final_right,f32,4096,glibc_t1,P6,6,3,1,1700.00,0.0000,0.0000,2000.0,0.0,1.000,16384.0,0.000,0,0,16384,1,1,0,0,1,1
3,final_right,f32,4096,glibc_t1,FIXED_TWIN,7,0,1,1440.00,0.0000,0.0000,2000.0,0.0,1.000,16384.0,0.000,0,0,16384,1,0,1,0,1,1
3,final_right,f32,4096,glibc_t1,P5,7,1,1,1963.00,0.0000,0.0000,2000.0,0.0,2.000,32768.0,0.000,0,0,32768,2,0,0,0,1,1
3,final_right,f32,4096,glibc_t1,P6,7,2,1,1683.00,0.0000,0.0000,2000.0,0.0,1.000,16384.0,0.000,0,0,16384,1,1,0,0,1,1
3,final_right,f32,4096,glibc_t1,P7,7,3,1,1453.00,0.0000,0.0000,2000.0,0.0,1.000,16384.0,0.000,0,0,16384,1,0,1,0,1,1
3,final_right,f32,4096,glibc_t1,P5,8,0,1,1926.00,0.0000,0.0000,2000.0,0.0,2.000,32768.0,0.000,0,0,32768,2,0,0,0,1,1
3,final_right,f32,4096,glibc_t1,P6,8,1,1,1690.00,0.0000,0.0000,3000.0,0.0,1.000,16384.0,0.000,0,0,16384,1,1,0,0,1,1
3,final_right,f32,4096,glibc_t1,P7,8,2,1,1394.00,0.0000,0.0000,1000.0,0.0,1.000,16384.0,0.000,0,0,16384,1,0,1,0,1,1
3,final_right,f32,4096,glibc_t1,FIXED_TWIN,8,3,1,1541.00,0.0000,0.0000,2000.0,0.0,1.000,16384.0,0.000,0,0,16384,1,0,1,0,1,1
3,final_right,f32,4096,glibc_t1,P6,9,0,1,2040.00,0.0000,0.0000,2000.0,0.0,1.000,16384.0,0.000,0,0,16384,1,1,0,0,1,1
3,final_right,f32,4096,glibc_t1,P7,9,1,1,1545.00,0.0000,0.0000,2000.0,0.0,1.000,16384.0,0.000,0,0,16384,1,0,1,0,1,1
3,final_right,f32,4096,glibc_t1,FIXED_TWIN,9,2,1,1508.00,0.0000,0.0000,2000.0,0.0,1.000,16384.0,0.000,0,0,16384,1,0,1,0,1,1
3,final_right,f32,4096,glibc_t1,P5,9,3,1,2180.00,0.0000,0.0000,2000.0,0.0,2.000,32768.0,0.000,0,0,32768,2,0,0,0,1,1
3,final_right,f32,4096,glibc_t1,P7,10,0,1,1503.00,0.0000,0.0000,2000.0,0.0,1.000,16384.0,0.000,0,0,16384,1,0,1,0,1,1
3,final_right,f32,4096,glibc_t1,FIXED_TWIN,10,1,1,1506.00,0.0000,0.0000,2000.0,0.0,1.000,16384.0,0.000,0,0,16384,1,0,1,0,1,1
3,final_right,f32,4096,glibc_t1,P5,10,2,1,2100.00,0.0000,0.0000,2000.0,0.0,2.000,32768.0,0.000,0,0,32768,2,0,0,0,1,1
3,final_right,f32,4096,glibc_t1,P6,10,3,1,1677.00,0.0000,0.0000,2000.0,0.0,1.000,16384.0,0.000,0,0,16384,1,1,0,0,1,1
3,final_right,f32,4096,glibc_t1,FIXED_TWIN,11,0,1,1608.00,0.0000,0.0000,2000.0,0.0,1.000,16384.0,0.000,0,0,16384,1,0,1,0,1,1
3,final_right,f32,4096,glibc_t1,P5,11,1,1,2087.00,0.0000,0.0000,3000.0,0.0,2.000,32768.0,0.000,0,0,32768,2,0,0,0,1,1
3,final_right,f32,4096,glibc_t1,P6,11,2,1,1529.00,0.0000,0.0000,2000.0,0.0,1.000,16384.0,0.000,0,0,16384,1,1,0,0,1,1
3,final_right,f32,4096,glibc_t1,P7,11,3,1,1429.00,0.0000,0.0000,2000.0,0.0,1.000,16384.0,0.000,0,0,16384,1,0,1,0,1,1
3,final_right,f32,4096,glibc_t1,P5,12,0,1,1815.00,0.0000,0.0000,2000.0,0.0,2.000,32768.0,0.000,0,0,32768,2,0,0,0,1,1
3,final_right,f32,4096,glibc_t1,P6,12,1,1,1813.00,0.0000,0.0000,2000.0,0.0,1.000,16384.0,0.000,0,0,16384,1,1,0,0,1,1
3,final_right,f32,4096,glibc_t1,P7,12,2,1,1312.00,0.0000,0.0000,2000.0,0.0,1.000,16384.0,0.000,0,0,16384,1,0,1,0,1,1
3,final_right,f32,4096,glibc_t1,FIXED_TWIN,12,3,1,1479.00,0.0000,0.0000,2000.0,0.0,1.000,16384.0,0.000,0,0,16384,1,0,1,0,1,1
3,final_right,f32,4096,glibc_t1,P6,13,0,1,1854.00,0.0000,0.0000,2000.0,0.0,1.000,16384.0,0.000,0,0,16384,1,1,0,0,1,1
3,final_right,f32,4096,glibc_t1,P7,13,1,1,1354.00,0.0000,0.0000,2000.0,0.0,1.000,16384.0,0.000,0,0,16384,1,0,1,0,1,1
3,final_right,f32,4096,glibc_t1,FIXED_TWIN,13,2,1,1364.00,0.0000,0.0000,2000.0,0.0,1.000,16384.0,0.000,0,0,16384,1,0,1,0,1,1
3,final_right,f32,4096,glibc_t1,P5,13,3,1,2131.00,0.0000,0.0000,3000.0,0.0,2.000,32768.0,0.000,0,0,32768,2,0,0,0,1,1
3,final_right,f32,4096,glibc_t1,P7,14,0,1,1318.00,0.0000,0.0000,2000.0,0.0,1.000,16384.0,0.000,0,0,16384,1,0,1,0,1,1
3,final_right,f32,4096,glibc_t1,FIXED_TWIN,14,1,1,1473.00,0.0000,0.0000,2000.0,0.0,1.000,16384.0,0.000,0,0,16384,1,0,1,0,1,1
3,final_right,f32,4096,glibc_t1,P5,14,2,1,2010.00,0.0000,0.0000,3000.0,0.0,2.000,32768.0,0.000,0,0,32768,2,0,0,0,1,1
3,final_right,f32,4096,glibc_t1,P6,14,3,1,1920.00,0.0000,0.0000,2000.0,0.0,1.000,16384.0,0.000,0,0,16384,1,1,0,0,1,1
3,final_right,f32,16384,glibc_t1,P5,0,0,1,4841.00,0.0000,0.0000,5000.0,0.0,2.000,131072.0,0.000,0,0,131072,2,0,0,0,1,1
3,final_right,f32,16384,glibc_t1,P6,0,1,1,4716.00,0.0000,0.0000,5000.0,0.0,1.000,65536.0,0.000,0,0,65536,1,1,0,0,1,1
3,final_right,f32,16384,glibc_t1,P7,0,2,1,4608.00,0.0000,0.0000,6000.0,0.0,1.000,65536.0,0.000,0,0,65536,1,0,1,0,1,1
3,final_right,f32,16384,glibc_t1,FIXED_TWIN,0,3,1,3690.00,0.0000,0.0000,4000.0,0.0,1.000,65536.0,0.000,0,0,65536,1,0,1,0,1,1
3,final_right,f32,16384,glibc_t1,P6,1,0,1,4890.00,0.0000,0.0000,5000.0,0.0,1.000,65536.0,0.000,0,0,65536,1,1,0,0,1,1
3,final_right,f32,16384,glibc_t1,P7,1,1,1,3648.00,0.0000,0.0000,4000.0,0.0,1.000,65536.0,0.000,0,0,65536,1,0,1,0,1,1
3,final_right,f32,16384,glibc_t1,FIXED_TWIN,1,2,1,3460.00,0.0000,0.0000,4000.0,0.0,1.000,65536.0,0.000,0,0,65536,1,0,1,0,1,1
3,final_right,f32,16384,glibc_t1,P5,1,3,1,4906.00,0.0000,0.0000,5000.0,0.0,2.000,131072.0,0.000,0,0,131072,2,0,0,0,1,1
3,final_right,f32,16384,glibc_t1,P7,2,0,1,3443.00,0.0000,0.0000,4000.0,0.0,1.000,65536.0,0.000,0,0,65536,1,0,1,0,1,1
3,final_right,f32,16384,glibc_t1,FIXED_TWIN,2,1,1,3358.00,0.0000,0.0000,3000.0,0.0,1.000,65536.0,0.000,0,0,65536,1,0,1,0,1,1
3,final_right,f32,16384,glibc_t1,P5,2,2,1,4827.00,0.0000,0.0000,5000.0,0.0,2.000,131072.0,0.000,0,0,131072,2,0,0,0,1,1
3,final_right,f32,16384,glibc_t1,P6,2,3,1,4749.00,0.0000,0.0000,5000.0,0.0,1.000,65536.0,0.000,0,0,65536,1,1,0,0,1,1
3,final_right,f32,16384,glibc_t1,FIXED_TWIN,3,0,1,3410.00,0.0000,0.0000,4000.0,0.0,1.000,65536.0,0.000,0,0,65536,1,0,1,0,1,1
3,final_right,f32,16384,glibc_t1,P5,3,1,1,4834.00,0.0000,0.0000,5000.0,0.0,2.000,131072.0,0.000,0,0,131072,2,0,0,0,1,1
3,final_right,f32,16384,glibc_t1,P6,3,2,1,4645.00,0.0000,0.0000,5000.0,0.0,1.000,65536.0,0.000,0,0,65536,1,1,0,0,1,1
3,final_right,f32,16384,glibc_t1,P7,3,3,1,3423.00,0.0000,0.0000,4000.0,0.0,1.000,65536.0,0.000,0,0,65536,1,0,1,0,1,1
3,final_right,f32,16384,glibc_t1,P5,4,0,1,4813.00,0.0000,0.0000,6000.0,0.0,2.000,131072.0,0.000,0,0,131072,2,0,0,0,1,1
3,final_right,f32,16384,glibc_t1,P6,4,1,1,4557.00,0.0000,0.0000,5000.0,0.0,1.000,65536.0,0.000,0,0,65536,1,1,0,0,1,1
3,final_right,f32,16384,glibc_t1,P7,4,2,1,3411.00,0.0000,0.0000,4000.0,0.0,1.000,65536.0,0.000,0,0,65536,1,0,1,0,1,1
3,final_right,f32,16384,glibc_t1,FIXED_TWIN,4,3,1,3431.00,0.0000,0.0000,4000.0,0.0,1.000,65536.0,0.000,0,0,65536,1,0,1,0,1,1
3,final_right,f32,16384,glibc_t1,P6,5,0,1,4661.00,0.0000,0.0000,5000.0,0.0,1.000,65536.0,0.000,0,0,65536,1,1,0,0,1,1
3,final_right,f32,16384,glibc_t1,P7,5,1,1,3428.00,0.0000,0.0000,4000.0,0.0,1.000,65536.0,0.000,0,0,65536,1,0,1,0,1,1
3,final_right,f32,16384,glibc_t1,FIXED_TWIN,5,2,1,3353.00,0.0000,0.0000,4000.0,0.0,1.000,65536.0,0.000,0,0,65536,1,0,1,0,1,1
3,final_right,f32,16384,glibc_t1,P5,5,3,1,4779.00,0.0000,0.0000,5000.0,0.0,2.000,131072.0,0.000,0,0,131072,2,0,0,0,1,1
3,final_right,f32,16384,glibc_t1,P7,6,0,1,3402.00,0.0000,0.0000,4000.0,0.0,1.000,65536.0,0.000,0,0,65536,1,0,1,0,1,1
3,final_right,f32,16384,glibc_t1,FIXED_TWIN,6,1,1,3437.00,0.0000,0.0000,4000.0,0.0,1.000,65536.0,0.000,0,0,65536,1,0,1,0,1,1
3,final_right,f32,16384,glibc_t1,P5,6,2,1,4776.00,0.0000,0.0000,5000.0,0.0,2.000,131072.0,0.000,0,0,131072,2,0,0,0,1,1
3,final_right,f32,16384,glibc_t1,P6,6,3,1,4606.00,0.0000,0.0000,5000.0,0.0,1.000,65536.0,0.000,0,0,65536,1,1,0,0,1,1
3,final_right,f32,16384,glibc_t1,FIXED_TWIN,7,0,1,3437.00,0.0000,0.0000,4000.0,0.0,1.000,65536.0,0.000,0,0,65536,1,0,1,0,1,1
3,final_right,f32,16384,glibc_t1,P5,7,1,1,4816.00,0.0000,0.0000,5000.0,0.0,2.000,131072.0,0.000,0,0,131072,2,0,0,0,1,1
3,final_right,f32,16384,glibc_t1,P6,7,2,1,4595.00,0.0000,0.0000,3000.0,2000.0,1.000,65536.0,0.000,0,0,65536,1,1,0,0,1,1
3,final_right,f32,16384,glibc_t1,P7,7,3,1,3873.00,0.0000,0.0000,4000.0,0.0,1.000,65536.0,0.000,0,0,65536,1,0,1,0,1,1
3,final_right,f32,16384,glibc_t1,P5,8,0,1,5127.00,0.0000,0.0000,6000.0,0.0,2.000,131072.0,0.000,0,0,131072,2,0,0,0,1,1
3,final_right,f32,16384,glibc_t1,P6,8,1,1,4893.00,0.0000,0.0000,5000.0,0.0,1.000,65536.0,0.000,0,0,65536,1,1,0,0,1,1
3,final_right,f32,16384,glibc_t1,P7,8,2,1,3631.00,0.0000,0.0000,4000.0,0.0,1.000,65536.0,0.000,0,0,65536,1,0,1,0,1,1
3,final_right,f32,16384,glibc_t1,FIXED_TWIN,8,3,1,3802.00,0.0000,0.0000,5000.0,0.0,1.000,65536.0,0.000,0,0,65536,1,0,1,0,1,1
3,final_right,f32,16384,glibc_t1,P6,9,0,1,4729.00,0.0000,0.0000,6000.0,0.0,1.000,65536.0,0.000,0,0,65536,1,1,0,0,1,1
3,final_right,f32,16384,glibc_t1,P7,9,1,1,3447.00,0.0000,0.0000,4000.0,0.0,1.000,65536.0,0.000,0,0,65536,1,0,1,0,1,1
3,final_right,f32,16384,glibc_t1,FIXED_TWIN,9,2,1,3493.00,0.0000,0.0000,4000.0,0.0,1.000,65536.0,0.000,0,0,65536,1,0,1,0,1,1
3,final_right,f32,16384,glibc_t1,P5,9,3,1,4828.00,0.0000,0.0000,6000.0,0.0,2.000,131072.0,0.000,0,0,131072,2,0,0,0,1,1
3,final_right,f32,16384,glibc_t1,P7,10,0,1,3449.00,0.0000,0.0000,4000.0,0.0,1.000,65536.0,0.000,0,0,65536,1,0,1,0,1,1
3,final_right,f32,16384,glibc_t1,FIXED_TWIN,10,1,1,3473.00,0.0000,0.0000,4000.0,0.0,1.000,65536.0,0.000,0,0,65536,1,0,1,0,1,1
3,final_right,f32,16384,glibc_t1,P5,10,2,1,4748.00,0.0000,0.0000,5000.0,0.0,2.000,131072.0,0.000,0,0,131072,2,0,0,0,1,1
3,final_right,f32,16384,glibc_t1,P6,10,3,1,4659.00,0.0000,0.0000,5000.0,0.0,1.000,65536.0,0.000,0,0,65536,1,1,0,0,1,1
3,final_right,f32,16384,glibc_t1,FIXED_TWIN,11,0,1,3370.00,0.0000,0.0000,4000.0,0.0,1.000,65536.0,0.000,0,0,65536,1,0,1,0,1,1
3,final_right,f32,16384,glibc_t1,P5,11,1,1,4771.00,0.0000,0.0000,5000.0,0.0,2.000,131072.0,0.000,0,0,131072,2,0,0,0,1,1
3,final_right,f32,16384,glibc_t1,P6,11,2,1,4608.00,0.0000,0.0000,5000.0,0.0,1.000,65536.0,0.000,0,0,65536,1,1,0,0,1,1
3,final_right,f32,16384,glibc_t1,P7,11,3,1,3459.00,0.0000,0.0000,4000.0,0.0,1.000,65536.0,0.000,0,0,65536,1,0,1,0,1,1
3,final_right,f32,16384,glibc_t1,P5,12,0,1,4748.00,0.0000,0.0000,5000.0,0.0,2.000,131072.0,0.000,0,0,131072,2,0,0,0,1,1
3,final_right,f32,16384,glibc_t1,P6,12,1,1,4592.00,0.0000,0.0000,5000.0,0.0,1.000,65536.0,0.000,0,0,65536,1,1,0,0,1,1
3,final_right,f32,16384,glibc_t1,P7,12,2,1,3475.00,0.0000,0.0000,4000.0,0.0,1.000,65536.0,0.000,0,0,65536,1,0,1,0,1,1
3,final_right,f32,16384,glibc_t1,FIXED_TWIN,12,3,1,3439.00,0.0000,0.0000,4000.0,0.0,1.000,65536.0,0.000,0,0,65536,1,0,1,0,1,1
3,final_right,f32,16384,glibc_t1,P6,13,0,1,4622.00,0.0000,0.0000,6000.0,0.0,1.000,65536.0,0.000,0,0,65536,1,1,0,0,1,1
3,final_right,f32,16384,glibc_t1,P7,13,1,1,3447.00,0.0000,0.0000,4000.0,0.0,1.000,65536.0,0.000,0,0,65536,1,0,1,0,1,1
3,final_right,f32,16384,glibc_t1,FIXED_TWIN,13,2,1,3432.00,0.0000,0.0000,3000.0,0.0,1.000,65536.0,0.000,0,0,65536,1,0,1,0,1,1
3,final_right,f32,16384,glibc_t1,P5,13,3,1,4753.00,0.0000,0.0000,6000.0,0.0,2.000,131072.0,0.000,0,0,131072,2,0,0,0,1,1
3,final_right,f32,16384,glibc_t1,P7,14,0,1,3447.00,0.0000,0.0000,4000.0,0.0,1.000,65536.0,0.000,0,0,65536,1,0,1,0,1,1
3,final_right,f32,16384,glibc_t1,FIXED_TWIN,14,1,1,3405.00,0.0000,0.0000,4000.0,0.0,1.000,65536.0,0.000,0,0,65536,1,0,1,0,1,1
3,final_right,f32,16384,glibc_t1,P5,14,2,1,5878.00,0.0000,0.0000,6000.0,0.0,2.000,131072.0,0.000,0,0,131072,2,0,0,0,1,1
3,final_right,f32,16384,glibc_t1,P6,14,3,1,4646.00,0.0000,0.0000,5000.0,0.0,1.000,65536.0,0.000,0,0,65536,1,1,0,0,1,1
3,final_right,f32,65536,glibc_t1,P5,0,0,1,19112.00,0.0000,0.0000,20000.0,0.0,2.000,524288.0,0.000,0,0,524288,2,0,0,0,1,1
3,final_right,f32,65536,glibc_t1,P6,0,1,1,17939.00,0.0000,0.0000,19000.0,0.0,1.000,262144.0,0.000,0,0,262144,1,1,0,0,1,1
3,final_right,f32,65536,glibc_t1,P7,0,2,1,16264.00,0.0000,0.0000,17000.0,0.0,1.000,262144.0,0.000,0,0,262144,1,0,1,0,1,1
3,final_right,f32,65536,glibc_t1,FIXED_TWIN,0,3,1,16122.00,0.0000,0.0000,17000.0,0.0,1.000,262144.0,0.000,0,0,262144,1,0,1,0,1,1
3,final_right,f32,65536,glibc_t1,P6,1,0,1,17674.00,0.0000,0.0000,18000.0,0.0,1.000,262144.0,0.000,0,0,262144,1,1,0,0,1,1
3,final_right,f32,65536,glibc_t1,P7,1,1,1,13108.00,0.0000,0.0000,14000.0,0.0,1.000,262144.0,0.000,0,0,262144,1,0,1,0,1,1
3,final_right,f32,65536,glibc_t1,FIXED_TWIN,1,2,1,12650.00,0.0000,0.0000,14000.0,0.0,1.000,262144.0,0.000,0,0,262144,1,0,1,0,1,1
3,final_right,f32,65536,glibc_t1,P5,1,3,1,19420.00,0.0000,0.0000,20000.0,0.0,2.000,524288.0,0.000,0,0,524288,2,0,0,0,1,1
3,final_right,f32,65536,glibc_t1,P7,2,0,1,12974.00,0.0000,0.0000,14000.0,0.0,1.000,262144.0,0.000,0,0,262144,1,0,1,0,1,1
3,final_right,f32,65536,glibc_t1,FIXED_TWIN,2,1,1,12953.00,0.0000,0.0000,14000.0,0.0,1.000,262144.0,0.000,0,0,262144,1,0,1,0,1,1
3,final_right,f32,65536,glibc_t1,P5,2,2,1,19460.00,0.0000,0.0000,20000.0,0.0,2.000,524288.0,0.000,0,0,524288,2,0,0,0,1,1
3,final_right,f32,65536,glibc_t1,P6,2,3,1,17694.00,0.0000,0.0000,18000.0,0.0,1.000,262144.0,0.000,0,0,262144,1,1,0,0,1,1
3,final_right,f32,65536,glibc_t1,FIXED_TWIN,3,0,1,13383.00,0.0000,0.0000,14000.0,0.0,1.000,262144.0,0.000,0,0,262144,1,0,1,0,1,1
3,final_right,f32,65536,glibc_t1,P5,3,1,1,20412.00,0.0000,0.0000,21000.0,0.0,2.000,524288.0,0.000,0,0,524288,2,0,0,0,1,1
3,final_right,f32,65536,glibc_t1,P6,3,2,1,17886.00,0.0000,0.0000,18000.0,0.0,1.000,262144.0,0.000,0,0,262144,1,1,0,0,1,1
3,final_right,f32,65536,glibc_t1,P7,3,3,1,13181.00,0.0000,0.0000,14000.0,0.0,1.000,262144.0,0.000,0,0,262144,1,0,1,0,1,1
3,final_right,f32,65536,glibc_t1,P5,4,0,1,19472.00,0.0000,0.0000,20000.0,0.0,2.000,524288.0,0.000,0,0,524288,2,0,0,0,1,1
3,final_right,f32,65536,glibc_t1,P6,4,1,1,17585.00,0.0000,0.0000,19000.0,0.0,1.000,262144.0,0.000,0,0,262144,1,1,0,0,1,1
3,final_right,f32,65536,glibc_t1,P7,4,2,1,12866.00,0.0000,0.0000,14000.0,0.0,1.000,262144.0,0.000,0,0,262144,1,0,1,0,1,1
3,final_right,f32,65536,glibc_t1,FIXED_TWIN,4,3,1,12912.00,0.0000,0.0000,13000.0,0.0,1.000,262144.0,0.000,0,0,262144,1,0,1,0,1,1
3,final_right,f32,65536,glibc_t1,P6,5,0,1,17854.00,0.0000,0.0000,18000.0,0.0,1.000,262144.0,0.000,0,0,262144,1,1,0,0,1,1
3,final_right,f32,65536,glibc_t1,P7,5,1,1,13172.00,0.0000,0.0000,14000.0,0.0,1.000,262144.0,0.000,0,0,262144,1,0,1,0,1,1
3,final_right,f32,65536,glibc_t1,FIXED_TWIN,5,2,1,13159.00,0.0000,0.0000,14000.0,0.0,1.000,262144.0,0.000,0,0,262144,1,0,1,0,1,1
3,final_right,f32,65536,glibc_t1,P5,5,3,1,19351.00,0.0000,0.0000,20000.0,0.0,2.000,524288.0,0.000,0,0,524288,2,0,0,0,1,1
3,final_right,f32,65536,glibc_t1,P7,6,0,1,13218.00,0.0000,0.0000,13000.0,0.0,1.000,262144.0,0.000,0,0,262144,1,0,1,0,1,1
3,final_right,f32,65536,glibc_t1,FIXED_TWIN,6,1,1,13001.00,0.0000,0.0000,13000.0,0.0,1.000,262144.0,0.000,0,0,262144,1,0,1,0,1,1
3,final_right,f32,65536,glibc_t1,P5,6,2,1,19289.00,0.0000,0.0000,20000.0,0.0,2.000,524288.0,0.000,0,0,524288,2,0,0,0,1,1
3,final_right,f32,65536,glibc_t1,P6,6,3,1,17679.00,0.0000,0.0000,19000.0,0.0,1.000,262144.0,0.000,0,0,262144,1,1,0,0,1,1
3,final_right,f32,65536,glibc_t1,FIXED_TWIN,7,0,1,13037.00,0.0000,0.0000,13000.0,0.0,1.000,262144.0,0.000,0,0,262144,1,0,1,0,1,1
3,final_right,f32,65536,glibc_t1,P5,7,1,1,19094.00,0.0000,0.0000,19000.0,0.0,2.000,524288.0,0.000,0,0,524288,2,0,0,0,1,1
3,final_right,f32,65536,glibc_t1,P6,7,2,1,32333.00,0.0000,0.0000,33000.0,0.0,1.000,262144.0,0.000,0,0,262144,1,1,0,0,1,1
3,final_right,f32,65536,glibc_t1,P7,7,3,1,12928.00,0.0000,0.0000,13000.0,0.0,1.000,262144.0,0.000,0,0,262144,1,0,1,0,1,1
3,final_right,f32,65536,glibc_t1,P5,8,0,1,19513.00,0.0000,0.0000,21000.0,0.0,2.000,524288.0,0.000,0,0,524288,2,0,0,0,1,1
3,final_right,f32,65536,glibc_t1,P6,8,1,1,17579.00,0.0000,0.0000,18000.0,0.0,1.000,262144.0,0.000,0,0,262144,1,1,0,0,1,1
3,final_right,f32,65536,glibc_t1,P7,8,2,1,13064.00,0.0000,0.0000,13000.0,0.0,1.000,262144.0,0.000,0,0,262144,1,0,1,0,1,1
3,final_right,f32,65536,glibc_t1,FIXED_TWIN,8,3,1,12956.00,0.0000,0.0000,14000.0,0.0,1.000,262144.0,0.000,0,0,262144,1,0,1,0,1,1
3,final_right,f32,65536,glibc_t1,P6,9,0,1,17260.00,0.0000,0.0000,18000.0,0.0,1.000,262144.0,0.000,0,0,262144,1,1,0,0,1,1
3,final_right,f32,65536,glibc_t1,P7,9,1,1,12957.00,0.0000,0.0000,14000.0,0.0,1.000,262144.0,0.000,0,0,262144,1,0,1,0,1,1
3,final_right,f32,65536,glibc_t1,FIXED_TWIN,9,2,1,12740.00,0.0000,0.0000,14000.0,0.0,1.000,262144.0,0.000,0,0,262144,1,0,1,0,1,1
3,final_right,f32,65536,glibc_t1,P5,9,3,1,19041.00,0.0000,0.0000,20000.0,0.0,2.000,524288.0,0.000,0,0,524288,2,0,0,0,1,1
3,final_right,f32,65536,glibc_t1,P7,10,0,1,13526.00,0.0000,0.0000,14000.0,0.0,1.000,262144.0,0.000,0,0,262144,1,0,1,0,1,1
3,final_right,f32,65536,glibc_t1,FIXED_TWIN,10,1,1,17707.00,0.0000,0.0000,18000.0,0.0,1.000,262144.0,0.000,0,0,262144,1,0,1,0,1,1
3,final_right,f32,65536,glibc_t1,P5,10,2,1,19743.00,0.0000,0.0000,21000.0,0.0,2.000,524288.0,0.000,0,0,524288,2,0,0,0,1,1
3,final_right,f32,65536,glibc_t1,P6,10,3,1,17731.00,0.0000,0.0000,18000.0,0.0,1.000,262144.0,0.000,0,0,262144,1,1,0,0,1,1
3,final_right,f32,65536,glibc_t1,FIXED_TWIN,11,0,1,13128.00,0.0000,0.0000,14000.0,0.0,1.000,262144.0,0.000,0,0,262144,1,0,1,0,1,1
3,final_right,f32,65536,glibc_t1,P5,11,1,1,19196.00,0.0000,0.0000,20000.0,0.0,2.000,524288.0,0.000,0,0,524288,2,0,0,0,1,1
3,final_right,f32,65536,glibc_t1,P6,11,2,1,17633.00,0.0000,0.0000,19000.0,0.0,1.000,262144.0,0.000,0,0,262144,1,1,0,0,1,1
3,final_right,f32,65536,glibc_t1,P7,11,3,1,12997.00,0.0000,0.0000,14000.0,0.0,1.000,262144.0,0.000,0,0,262144,1,0,1,0,1,1
3,final_right,f32,65536,glibc_t1,P5,12,0,1,19252.00,0.0000,0.0000,20000.0,0.0,2.000,524288.0,0.000,0,0,524288,2,0,0,0,1,1
3,final_right,f32,65536,glibc_t1,P6,12,1,1,18059.00,0.0000,0.0000,19000.0,0.0,1.000,262144.0,0.000,0,0,262144,1,1,0,0,1,1
3,final_right,f32,65536,glibc_t1,P7,12,2,1,15005.00,0.0000,0.0000,16000.0,0.0,1.000,262144.0,0.000,0,0,262144,1,0,1,0,1,1
3,final_right,f32,65536,glibc_t1,FIXED_TWIN,12,3,1,12960.00,0.0000,0.0000,14000.0,0.0,1.000,262144.0,0.000,0,0,262144,1,0,1,0,1,1
3,final_right,f32,65536,glibc_t1,P6,13,0,1,17445.00,0.0000,0.0000,18000.0,0.0,1.000,262144.0,0.000,0,0,262144,1,1,0,0,1,1
3,final_right,f32,65536,glibc_t1,P7,13,1,1,12899.00,0.0000,0.0000,14000.0,0.0,1.000,262144.0,0.000,0,0,262144,1,0,1,0,1,1
3,final_right,f32,65536,glibc_t1,FIXED_TWIN,13,2,1,12973.00,0.0000,0.0000,13000.0,0.0,1.000,262144.0,0.000,0,0,262144,1,0,1,0,1,1
3,final_right,f32,65536,glibc_t1,P5,13,3,1,19520.00,0.0000,0.0000,20000.0,0.0,2.000,524288.0,0.000,0,0,524288,2,0,0,0,1,1
3,final_right,f32,65536,glibc_t1,P7,14,0,1,13126.00,0.0000,0.0000,14000.0,0.0,1.000,262144.0,0.000,0,0,262144,1,0,1,0,1,1
3,final_right,f32,65536,glibc_t1,FIXED_TWIN,14,1,1,13292.00,0.0000,0.0000,14000.0,0.0,1.000,262144.0,0.000,0,0,262144,1,0,1,0,1,1
3,final_right,f32,65536,glibc_t1,P5,14,2,1,19759.00,0.0000,0.0000,20000.0,0.0,2.000,524288.0,0.000,0,0,524288,2,0,0,0,1,1
3,final_right,f32,65536,glibc_t1,P6,14,3,1,23187.00,0.0000,0.0000,24000.0,0.0,1.000,262144.0,0.000,0,0,262144,1,1,0,0,1,1
3,final_right,f32,262144,glibc_t1,P5,0,0,1,232907.00,0.0000,0.0000,239000.0,0.0,2.000,2097152.0,0.000,0,0,2097152,2,0,0,0,1,1
3,final_right,f32,262144,glibc_t1,P6,0,1,1,224122.00,0.0000,0.0000,228000.0,0.0,1.000,1048576.0,0.000,0,0,1048576,1,1,0,0,1,1
3,final_right,f32,262144,glibc_t1,P7,0,2,1,187743.00,0.0000,0.0000,190000.0,0.0,1.000,1048576.0,0.000,0,0,1048576,1,0,1,0,1,1
3,final_right,f32,262144,glibc_t1,FIXED_TWIN,0,3,1,168267.00,0.0000,0.0000,171000.0,0.0,1.000,1048576.0,0.000,0,0,1048576,1,0,1,0,1,1
3,final_right,f32,262144,glibc_t1,P6,1,0,1,172372.00,0.0000,0.0000,173000.0,0.0,1.000,1048576.0,0.000,0,0,1048576,1,1,0,0,1,1
3,final_right,f32,262144,glibc_t1,P7,1,1,1,146672.00,0.0000,0.0000,148000.0,0.0,1.000,1048576.0,0.000,0,0,1048576,1,0,1,0,1,1
3,final_right,f32,262144,glibc_t1,FIXED_TWIN,1,2,1,176204.00,0.0000,0.0000,177000.0,0.0,1.000,1048576.0,0.000,0,0,1048576,1,0,1,0,1,1
3,final_right,f32,262144,glibc_t1,P5,1,3,1,221948.00,0.0000,0.0000,224000.0,0.0,2.000,2097152.0,0.000,0,0,2097152,2,0,0,0,1,1
3,final_right,f32,262144,glibc_t1,P7,2,0,1,147426.00,0.0000,0.0000,149000.0,0.0,1.000,1048576.0,0.000,0,0,1048576,1,0,1,0,1,1
3,final_right,f32,262144,glibc_t1,FIXED_TWIN,2,1,1,168855.00,0.0000,0.0000,171000.0,0.0,1.000,1048576.0,0.000,0,0,1048576,1,0,1,0,1,1
3,final_right,f32,262144,glibc_t1,P5,2,2,1,222165.00,0.0000,0.0000,224000.0,0.0,2.000,2097152.0,0.000,0,0,2097152,2,0,0,0,1,1
3,final_right,f32,262144,glibc_t1,P6,2,3,1,173545.00,0.0000,0.0000,175000.0,0.0,1.000,1048576.0,0.000,0,0,1048576,1,1,0,0,1,1
3,final_right,f32,262144,glibc_t1,FIXED_TWIN,3,0,1,146843.00,0.0000,0.0000,147000.0,0.0,1.000,1048576.0,0.000,0,0,1048576,1,0,1,0,1,1
3,final_right,f32,262144,glibc_t1,P5,3,1,1,222354.00,0.0000,0.0000,224000.0,0.0,2.000,2097152.0,0.000,0,0,2097152,2,0,0,0,1,1
3,final_right,f32,262144,glibc_t1,P6,3,2,1,172298.00,0.0000,0.0000,174000.0,0.0,1.000,1048576.0,0.000,0,0,1048576,1,1,0,0,1,1
3,final_right,f32,262144,glibc_t1,P7,3,3,1,173495.00,0.0000,0.0000,175000.0,0.0,1.000,1048576.0,0.000,0,0,1048576,1,0,1,0,1,1
3,final_right,f32,262144,glibc_t1,P5,4,0,1,246846.00,0.0000,0.0000,250000.0,0.0,2.000,2097152.0,0.000,0,0,2097152,2,0,0,0,1,1
3,final_right,f32,262144,glibc_t1,P6,4,1,1,184900.00,0.0000,0.0000,188000.0,0.0,1.000,1048576.0,0.000,0,0,1048576,1,1,0,0,1,1
3,final_right,f32,262144,glibc_t1,P7,4,2,1,146740.00,0.0000,0.0000,148000.0,0.0,1.000,1048576.0,0.000,0,0,1048576,1,0,1,0,1,1
3,final_right,f32,262144,glibc_t1,FIXED_TWIN,4,3,1,181100.00,0.0000,0.0000,182000.0,0.0,1.000,1048576.0,0.000,0,0,1048576,1,0,1,0,1,1
3,final_right,f32,262144,glibc_t1,P6,5,0,1,172503.00,0.0000,0.0000,174000.0,0.0,1.000,1048576.0,0.000,0,0,1048576,1,1,0,0,1,1
3,final_right,f32,262144,glibc_t1,P7,5,1,1,152231.00,0.0000,0.0000,154000.0,0.0,1.000,1048576.0,0.000,0,0,1048576,1,0,1,0,1,1
3,final_right,f32,262144,glibc_t1,FIXED_TWIN,5,2,1,146491.00,0.0000,0.0000,147000.0,0.0,1.000,1048576.0,0.000,0,0,1048576,1,0,1,0,1,1
3,final_right,f32,262144,glibc_t1,P5,5,3,1,221415.00,0.0000,0.0000,224000.0,0.0,2.000,2097152.0,0.000,0,0,2097152,2,0,0,0,1,1
3,final_right,f32,262144,glibc_t1,P7,6,0,1,163874.00,0.0000,0.0000,166000.0,0.0,1.000,1048576.0,0.000,0,0,1048576,1,0,1,0,1,1
3,final_right,f32,262144,glibc_t1,FIXED_TWIN,6,1,1,203360.00,0.0000,0.0000,205000.0,0.0,1.000,1048576.0,0.000,0,0,1048576,1,0,1,0,1,1
3,final_right,f32,262144,glibc_t1,P5,6,2,1,220166.00,0.0000,0.0000,222000.0,0.0,2.000,2097152.0,0.000,0,0,2097152,2,0,0,0,1,1
3,final_right,f32,262144,glibc_t1,P6,6,3,1,186573.00,0.0000,0.0000,189000.0,0.0,1.000,1048576.0,0.000,0,0,1048576,1,1,0,0,1,1
3,final_right,f32,262144,glibc_t1,FIXED_TWIN,7,0,1,180425.00,0.0000,0.0000,182000.0,0.0,1.000,1048576.0,0.000,0,0,1048576,1,0,1,0,1,1
3,final_right,f32,262144,glibc_t1,P5,7,1,1,237640.00,0.0000,0.0000,240000.0,0.0,2.000,2097152.0,0.000,0,0,2097152,2,0,0,0,1,1
3,final_right,f32,262144,glibc_t1,P6,7,2,1,173456.00,0.0000,0.0000,175000.0,0.0,1.000,1048576.0,0.000,0,0,1048576,1,1,0,0,1,1
3,final_right,f32,262144,glibc_t1,P7,7,3,1,165852.00,0.0000,0.0000,168000.0,0.0,1.000,1048576.0,0.000,0,0,1048576,1,0,1,0,1,1
3,final_right,f32,262144,glibc_t1,P5,8,0,1,222173.00,0.0000,0.0000,223000.0,0.0,2.000,2097152.0,0.000,0,0,2097152,2,0,0,0,1,1
3,final_right,f32,262144,glibc_t1,P6,8,1,1,173245.00,0.0000,0.0000,174000.0,0.0,1.000,1048576.0,0.000,0,0,1048576,1,1,0,0,1,1
3,final_right,f32,262144,glibc_t1,P7,8,2,1,166406.00,0.0000,0.0000,168000.0,0.0,1.000,1048576.0,0.000,0,0,1048576,1,0,1,0,1,1
3,final_right,f32,262144,glibc_t1,FIXED_TWIN,8,3,1,147294.00,0.0000,0.0000,148000.0,0.0,1.000,1048576.0,0.000,0,0,1048576,1,0,1,0,1,1
3,final_right,f32,262144,glibc_t1,P6,9,0,1,179489.00,0.0000,0.0000,181000.0,0.0,1.000,1048576.0,0.000,0,0,1048576,1,1,0,0,1,1
3,final_right,f32,262144,glibc_t1,P7,9,1,1,172003.00,0.0000,0.0000,173000.0,0.0,1.000,1048576.0,0.000,0,0,1048576,1,0,1,0,1,1
3,final_right,f32,262144,glibc_t1,FIXED_TWIN,9,2,1,146760.00,0.0000,0.0000,148000.0,0.0,1.000,1048576.0,0.000,0,0,1048576,1,0,1,0,1,1
3,final_right,f32,262144,glibc_t1,P5,9,3,1,225500.00,0.0000,0.0000,227000.0,0.0,2.000,2097152.0,0.000,0,0,2097152,2,0,0,0,1,1
3,final_right,f32,262144,glibc_t1,P7,10,0,1,146774.00,0.0000,0.0000,148000.0,0.0,1.000,1048576.0,0.000,0,0,1048576,1,0,1,0,1,1
3,final_right,f32,262144,glibc_t1,FIXED_TWIN,10,1,1,147431.00,0.0000,0.0000,149000.0,0.0,1.000,1048576.0,0.000,0,0,1048576,1,0,1,0,1,1
3,final_right,f32,262144,glibc_t1,P5,10,2,1,244906.00,0.0000,0.0000,246000.0,0.0,2.000,2097152.0,0.000,0,0,2097152,2,0,0,0,1,1
3,final_right,f32,262144,glibc_t1,P6,10,3,1,173070.00,0.0000,0.0000,174000.0,0.0,1.000,1048576.0,0.000,0,0,1048576,1,1,0,0,1,1
3,final_right,f32,262144,glibc_t1,FIXED_TWIN,11,0,1,149810.00,0.0000,0.0000,153000.0,0.0,1.000,1048576.0,0.000,0,0,1048576,1,0,1,0,1,1
3,final_right,f32,262144,glibc_t1,P5,11,1,1,228891.00,0.0000,0.0000,231000.0,0.0,2.000,2097152.0,0.000,0,0,2097152,2,0,0,0,1,1
3,final_right,f32,262144,glibc_t1,P6,11,2,1,172937.00,0.0000,0.0000,174000.0,0.0,1.000,1048576.0,0.000,0,0,1048576,1,1,0,0,1,1
3,final_right,f32,262144,glibc_t1,P7,11,3,1,147004.00,0.0000,0.0000,148000.0,0.0,1.000,1048576.0,0.000,0,0,1048576,1,0,1,0,1,1
3,final_right,f32,262144,glibc_t1,P5,12,0,1,247862.00,0.0000,0.0000,251000.0,0.0,2.000,2097152.0,0.000,0,0,2097152,2,0,0,0,1,1
3,final_right,f32,262144,glibc_t1,P6,12,1,1,208821.00,0.0000,0.0000,211000.0,0.0,1.000,1048576.0,0.000,0,0,1048576,1,1,0,0,1,1
3,final_right,f32,262144,glibc_t1,P7,12,2,1,150509.00,0.0000,0.0000,152000.0,0.0,1.000,1048576.0,0.000,0,0,1048576,1,0,1,0,1,1
3,final_right,f32,262144,glibc_t1,FIXED_TWIN,12,3,1,152705.00,0.0000,0.0000,155000.0,0.0,1.000,1048576.0,0.000,0,0,1048576,1,0,1,0,1,1
3,final_right,f32,262144,glibc_t1,P6,13,0,1,226397.00,0.0000,0.0000,229000.0,0.0,1.000,1048576.0,0.000,0,0,1048576,1,1,0,0,1,1
3,final_right,f32,262144,glibc_t1,P7,13,1,1,156050.00,0.0000,0.0000,158000.0,0.0,1.000,1048576.0,0.000,0,0,1048576,1,0,1,0,1,1
3,final_right,f32,262144,glibc_t1,FIXED_TWIN,13,2,1,164843.00,0.0000,0.0000,167000.0,0.0,1.000,1048576.0,0.000,0,0,1048576,1,0,1,0,1,1
3,final_right,f32,262144,glibc_t1,P5,13,3,1,236933.00,0.0000,0.0000,240000.0,0.0,2.000,2097152.0,0.000,0,0,2097152,2,0,0,0,1,1
3,final_right,f32,262144,glibc_t1,P7,14,0,1,180344.00,0.0000,0.0000,182000.0,0.0,1.000,1048576.0,0.000,0,0,1048576,1,0,1,0,1,1
3,final_right,f32,262144,glibc_t1,FIXED_TWIN,14,1,1,153599.00,0.0000,0.0000,155000.0,0.0,1.000,1048576.0,0.000,0,0,1048576,1,0,1,0,1,1
3,final_right,f32,262144,glibc_t1,P5,14,2,1,228745.00,0.0000,0.0000,231000.0,0.0,2.000,2097152.0,0.000,0,0,2097152,2,0,0,0,1,1
3,final_right,f32,262144,glibc_t1,P6,14,3,1,212690.00,0.0000,0.0000,215000.0,0.0,1.000,1048576.0,0.000,0,0,1048576,1,1,0,0,1,1
3,final_right,f32,1048576,glibc_t1,P5,0,0,1,947760.00,0.0000,0.0000,953000.0,0.0,2.000,8388608.0,0.000,0,0,8388608,2,0,0,0,1,1
3,final_right,f32,1048576,glibc_t1,P6,0,1,1,856115.00,0.0000,0.0000,860000.0,0.0,1.000,4194304.0,0.000,0,0,4194304,1,1,0,0,1,1
3,final_right,f32,1048576,glibc_t1,P7,0,2,1,635677.00,0.0000,0.0000,639000.0,0.0,1.000,4194304.0,0.000,0,0,4194304,1,0,1,0,1,1
3,final_right,f32,1048576,glibc_t1,FIXED_TWIN,0,3,1,602355.00,0.0000,0.0000,605000.0,0.0,1.000,4194304.0,0.000,0,0,4194304,1,0,1,0,1,1
3,final_right,f32,1048576,glibc_t1,P6,1,0,1,957948.00,0.0000,0.0000,963000.0,0.0,1.000,4194304.0,0.000,0,0,4194304,1,1,0,0,1,1
3,final_right,f32,1048576,glibc_t1,P7,1,1,1,645237.00,0.0000,0.0000,649000.0,0.0,1.000,4194304.0,0.000,0,0,4194304,1,0,1,0,1,1
3,final_right,f32,1048576,glibc_t1,FIXED_TWIN,1,2,1,614053.00,0.0000,0.0000,618000.0,0.0,1.000,4194304.0,0.000,0,0,4194304,1,0,1,0,1,1
3,final_right,f32,1048576,glibc_t1,P5,1,3,1,976154.00,0.0000,0.0000,980000.0,0.0,2.000,8388608.0,0.000,0,0,8388608,2,0,0,0,1,1
3,final_right,f32,1048576,glibc_t1,P7,2,0,1,629571.00,0.0000,0.0000,633000.0,0.0,1.000,4194304.0,0.000,0,0,4194304,1,0,1,0,1,1
3,final_right,f32,1048576,glibc_t1,FIXED_TWIN,2,1,1,627565.00,0.0000,0.0000,630000.0,0.0,1.000,4194304.0,0.000,0,0,4194304,1,0,1,0,1,1
3,final_right,f32,1048576,glibc_t1,P5,2,2,1,945983.00,0.0000,0.0000,949000.0,0.0,2.000,8388608.0,0.000,0,0,8388608,2,0,0,0,1,1
3,final_right,f32,1048576,glibc_t1,P6,2,3,1,800057.00,0.0000,0.0000,803000.0,0.0,1.000,4194304.0,0.000,0,0,4194304,1,1,0,0,1,1
3,final_right,f32,1048576,glibc_t1,FIXED_TWIN,3,0,1,600780.00,0.0000,0.0000,603000.0,0.0,1.000,4194304.0,0.000,0,0,4194304,1,0,1,0,1,1
3,final_right,f32,1048576,glibc_t1,P5,3,1,1,973063.00,0.0000,0.0000,977000.0,0.0,2.000,8388608.0,0.000,0,0,8388608,2,0,0,0,1,1
3,final_right,f32,1048576,glibc_t1,P6,3,2,1,814502.00,0.0000,0.0000,817000.0,0.0,1.000,4194304.0,0.000,0,0,4194304,1,1,0,0,1,1
3,final_right,f32,1048576,glibc_t1,P7,3,3,1,634118.00,0.0000,0.0000,637000.0,0.0,1.000,4194304.0,0.000,0,0,4194304,1,0,1,0,1,1
3,final_right,f32,1048576,glibc_t1,P5,4,0,1,1002863.00,0.0000,0.0000,1006000.0,0.0,2.000,8388608.0,0.000,0,0,8388608,2,0,0,0,1,1
3,final_right,f32,1048576,glibc_t1,P6,4,1,1,787576.00,0.0000,0.0000,791000.0,0.0,1.000,4194304.0,0.000,0,0,4194304,1,1,0,0,1,1
3,final_right,f32,1048576,glibc_t1,P7,4,2,1,630276.00,0.0000,0.0000,633000.0,0.0,1.000,4194304.0,0.000,0,0,4194304,1,0,1,0,1,1
3,final_right,f32,1048576,glibc_t1,FIXED_TWIN,4,3,1,603449.00,0.0000,0.0000,607000.0,0.0,1.000,4194304.0,0.000,0,0,4194304,1,0,1,0,1,1
3,final_right,f32,1048576,glibc_t1,P6,5,0,1,822868.00,0.0000,0.0000,826000.0,0.0,1.000,4194304.0,0.000,0,0,4194304,1,1,0,0,1,1
3,final_right,f32,1048576,glibc_t1,P7,5,1,1,637539.00,0.0000,0.0000,641000.0,0.0,1.000,4194304.0,0.000,0,0,4194304,1,0,1,0,1,1
3,final_right,f32,1048576,glibc_t1,FIXED_TWIN,5,2,1,647897.00,0.0000,0.0000,652000.0,0.0,1.000,4194304.0,0.000,0,0,4194304,1,0,1,0,1,1
3,final_right,f32,1048576,glibc_t1,P5,5,3,1,962527.00,0.0000,0.0000,966000.0,0.0,2.000,8388608.0,0.000,0,0,8388608,2,0,0,0,1,1
3,final_right,f32,1048576,glibc_t1,P7,6,0,1,641278.00,0.0000,0.0000,645000.0,0.0,1.000,4194304.0,0.000,0,0,4194304,1,0,1,0,1,1
3,final_right,f32,1048576,glibc_t1,FIXED_TWIN,6,1,1,658916.00,0.0000,0.0000,663000.0,0.0,1.000,4194304.0,0.000,0,0,4194304,1,0,1,0,1,1
3,final_right,f32,1048576,glibc_t1,P5,6,2,1,994546.00,0.0000,0.0000,998000.0,0.0,2.000,8388608.0,0.000,0,0,8388608,2,0,0,0,1,1
3,final_right,f32,1048576,glibc_t1,P6,6,3,1,852801.00,0.0000,0.0000,858000.0,0.0,1.000,4194304.0,0.000,0,0,4194304,1,1,0,0,1,1
3,final_right,f32,1048576,glibc_t1,FIXED_TWIN,7,0,1,606245.00,0.0000,0.0000,610000.0,0.0,1.000,4194304.0,0.000,0,0,4194304,1,0,1,0,1,1
3,final_right,f32,1048576,glibc_t1,P5,7,1,1,971846.00,0.0000,0.0000,975000.0,0.0,2.000,8388608.0,0.000,0,0,8388608,2,0,0,0,1,1
3,final_right,f32,1048576,glibc_t1,P6,7,2,1,813412.00,0.0000,0.0000,817000.0,0.0,1.000,4194304.0,0.000,0,0,4194304,1,1,0,0,1,1
3,final_right,f32,1048576,glibc_t1,P7,7,3,1,629450.00,0.0000,0.0000,633000.0,0.0,1.000,4194304.0,0.000,0,0,4194304,1,0,1,0,1,1
3,final_right,f32,1048576,glibc_t1,P5,8,0,1,1010439.00,0.0000,0.0000,1013000.0,0.0,2.000,8388608.0,0.000,0,0,8388608,2,0,0,0,1,1
3,final_right,f32,1048576,glibc_t1,P6,8,1,1,818402.00,0.0000,0.0000,821000.0,0.0,1.000,4194304.0,0.000,0,0,4194304,1,1,0,0,1,1
3,final_right,f32,1048576,glibc_t1,P7,8,2,1,657942.00,0.0000,0.0000,662000.0,0.0,1.000,4194304.0,0.000,0,0,4194304,1,0,1,0,1,1
3,final_right,f32,1048576,glibc_t1,FIXED_TWIN,8,3,1,651904.00,0.0000,0.0000,656000.0,0.0,1.000,4194304.0,0.000,0,0,4194304,1,0,1,0,1,1
3,final_right,f32,1048576,glibc_t1,P6,9,0,1,831882.00,0.0000,0.0000,836000.0,0.0,1.000,4194304.0,0.000,0,0,4194304,1,1,0,0,1,1
3,final_right,f32,1048576,glibc_t1,P7,9,1,1,629666.00,0.0000,0.0000,633000.0,0.0,1.000,4194304.0,0.000,0,0,4194304,1,0,1,0,1,1
3,final_right,f32,1048576,glibc_t1,FIXED_TWIN,9,2,1,615642.00,0.0000,0.0000,619000.0,0.0,1.000,4194304.0,0.000,0,0,4194304,1,0,1,0,1,1
3,final_right,f32,1048576,glibc_t1,P5,9,3,1,990501.00,0.0000,0.0000,994000.0,0.0,2.000,8388608.0,0.000,0,0,8388608,2,0,0,0,1,1
3,final_right,f32,1048576,glibc_t1,P7,10,0,1,635082.00,0.0000,0.0000,638000.0,0.0,1.000,4194304.0,0.000,0,0,4194304,1,0,1,0,1,1
3,final_right,f32,1048576,glibc_t1,FIXED_TWIN,10,1,1,610540.00,0.0000,0.0000,614000.0,0.0,1.000,4194304.0,0.000,0,0,4194304,1,0,1,0,1,1
3,final_right,f32,1048576,glibc_t1,P5,10,2,1,954807.00,0.0000,0.0000,958000.0,0.0,2.000,8388608.0,0.000,0,0,8388608,2,0,0,0,1,1
3,final_right,f32,1048576,glibc_t1,P6,10,3,1,816349.00,0.0000,0.0000,820000.0,0.0,1.000,4194304.0,0.000,0,0,4194304,1,1,0,0,1,1
3,final_right,f32,1048576,glibc_t1,FIXED_TWIN,11,0,1,650996.00,0.0000,0.0000,654000.0,0.0,1.000,4194304.0,0.000,0,0,4194304,1,0,1,0,1,1
3,final_right,f32,1048576,glibc_t1,P5,11,1,1,967749.00,0.0000,0.0000,971000.0,0.0,2.000,8388608.0,0.000,0,0,8388608,2,0,0,0,1,1
3,final_right,f32,1048576,glibc_t1,P6,11,2,1,776462.00,0.0000,0.0000,779000.0,0.0,1.000,4194304.0,0.000,0,0,4194304,1,1,0,0,1,1
3,final_right,f32,1048576,glibc_t1,P7,11,3,1,702831.00,0.0000,0.0000,706000.0,0.0,1.000,4194304.0,0.000,0,0,4194304,1,0,1,0,1,1
3,final_right,f32,1048576,glibc_t1,P5,12,0,1,971035.00,0.0000,0.0000,975000.0,0.0,2.000,8388608.0,0.000,0,0,8388608,2,0,0,0,1,1
3,final_right,f32,1048576,glibc_t1,P6,12,1,1,813734.00,0.0000,0.0000,817000.0,0.0,1.000,4194304.0,0.000,0,0,4194304,1,1,0,0,1,1
3,final_right,f32,1048576,glibc_t1,P7,12,2,1,613921.00,0.0000,0.0000,617000.0,0.0,1.000,4194304.0,0.000,0,0,4194304,1,0,1,0,1,1
3,final_right,f32,1048576,glibc_t1,FIXED_TWIN,12,3,1,623592.00,0.0000,0.0000,626000.0,0.0,1.000,4194304.0,0.000,0,0,4194304,1,0,1,0,1,1
3,final_right,f32,1048576,glibc_t1,P6,13,0,1,808843.00,0.0000,0.0000,813000.0,0.0,1.000,4194304.0,0.000,0,0,4194304,1,1,0,0,1,1
3,final_right,f32,1048576,glibc_t1,P7,13,1,1,654120.00,0.0000,0.0000,657000.0,0.0,1.000,4194304.0,0.000,0,0,4194304,1,0,1,0,1,1
3,final_right,f32,1048576,glibc_t1,FIXED_TWIN,13,2,1,644371.00,0.0000,0.0000,648000.0,0.0,1.000,4194304.0,0.000,0,0,4194304,1,0,1,0,1,1
3,final_right,f32,1048576,glibc_t1,P5,13,3,1,967667.00,0.0000,0.0000,971000.0,0.0,2.000,8388608.0,0.000,0,0,8388608,2,0,0,0,1,1
3,final_right,f32,1048576,glibc_t1,P7,14,0,1,700540.00,0.0000,0.0000,704000.0,0.0,1.000,4194304.0,0.000,0,0,4194304,1,0,1,0,1,1
3,final_right,f32,1048576,glibc_t1,FIXED_TWIN,14,1,1,604245.00,0.0000,0.0000,608000.0,0.0,1.000,4194304.0,0.000,0,0,4194304,1,0,1,0,1,1
3,final_right,f32,1048576,glibc_t1,P5,14,2,1,945360.00,0.0000,0.0000,948000.0,0.0,2.000,8388608.0,0.000,0,0,8388608,2,0,0,0,1,1
3,final_right,f32,1048576,glibc_t1,P6,14,3,1,805464.00,0.0000,0.0000,808000.0,0.0,1.000,4194304.0,0.000,0,0,4194304,1,1,0,0,1,1
3,final_right,f32,4194304,glibc_t1,P5,0,0,1,4378379.00,0.0000,0.0000,4384000.0,0.0,2.000,33554432.0,0.000,0,0,33554432,2,0,0,0,1,1
3,final_right,f32,4194304,glibc_t1,P6,0,1,1,3559845.00,0.0000,0.0000,3566000.0,0.0,1.000,16777216.0,0.000,0,0,16777216,1,1,0,0,1,1
3,final_right,f32,4194304,glibc_t1,P7,0,2,1,2793647.00,0.0000,0.0000,2798000.0,0.0,1.000,16777216.0,0.000,0,0,16777216,1,0,1,0,1,1
3,final_right,f32,4194304,glibc_t1,FIXED_TWIN,0,3,1,2598982.00,0.0000,0.0000,2602000.0,0.0,1.000,16777216.0,0.000,0,0,16777216,1,0,1,0,1,1
3,final_right,f32,4194304,glibc_t1,P6,1,0,1,3360622.00,0.0000,0.0000,3365000.0,0.0,1.000,16777216.0,0.000,0,0,16777216,1,1,0,0,1,1
3,final_right,f32,4194304,glibc_t1,P7,1,1,1,2626512.00,0.0000,0.0000,2632000.0,0.0,1.000,16777216.0,0.000,0,0,16777216,1,0,1,0,1,1
3,final_right,f32,4194304,glibc_t1,FIXED_TWIN,1,2,1,2551925.00,0.0000,0.0000,2555000.0,0.0,1.000,16777216.0,0.000,0,0,16777216,1,0,1,0,1,1
3,final_right,f32,4194304,glibc_t1,P5,1,3,1,5152718.00,0.0000,0.0000,5157000.0,0.0,2.000,33554432.0,0.000,0,0,33554432,2,0,0,0,1,1
3,final_right,f32,4194304,glibc_t1,P7,2,0,1,2748011.00,0.0000,0.0000,2753000.0,0.0,1.000,16777216.0,0.000,0,0,16777216,1,0,1,0,1,1
3,final_right,f32,4194304,glibc_t1,FIXED_TWIN,2,1,1,2604547.00,0.0000,0.0000,2609000.0,0.0,1.000,16777216.0,0.000,0,0,16777216,1,0,1,0,1,1
3,final_right,f32,4194304,glibc_t1,P5,2,2,1,4704179.00,0.0000,0.0000,4709000.0,0.0,2.000,33554432.0,0.000,0,0,33554432,2,0,0,0,1,1
3,final_right,f32,4194304,glibc_t1,P6,2,3,1,3568258.00,0.0000,0.0000,3573000.0,0.0,1.000,16777216.0,0.000,0,0,16777216,1,1,0,0,1,1
3,final_right,f32,4194304,glibc_t1,FIXED_TWIN,3,0,1,2731726.00,0.0000,0.0000,2735000.0,0.0,1.000,16777216.0,0.000,0,0,16777216,1,0,1,0,1,1
3,final_right,f32,4194304,glibc_t1,P5,3,1,1,5084290.00,0.0000,0.0000,5088000.0,0.0,2.000,33554432.0,0.000,0,0,33554432,2,0,0,0,1,1
3,final_right,f32,4194304,glibc_t1,P6,3,2,1,3623060.00,0.0000,0.0000,3627000.0,0.0,1.000,16777216.0,0.000,0,0,16777216,1,1,0,0,1,1
3,final_right,f32,4194304,glibc_t1,P7,3,3,1,2715612.00,0.0000,0.0000,2718000.0,0.0,1.000,16777216.0,0.000,0,0,16777216,1,0,1,0,1,1
3,final_right,f32,4194304,glibc_t1,P5,4,0,1,5104466.00,0.0000,0.0000,5109000.0,0.0,2.000,33554432.0,0.000,0,0,33554432,2,0,0,0,1,1
3,final_right,f32,4194304,glibc_t1,P6,4,1,1,3427314.00,0.0000,0.0000,3431000.0,0.0,1.000,16777216.0,0.000,0,0,16777216,1,1,0,0,1,1
3,final_right,f32,4194304,glibc_t1,P7,4,2,1,2690193.00,0.0000,0.0000,2694000.0,0.0,1.000,16777216.0,0.000,0,0,16777216,1,0,1,0,1,1
3,final_right,f32,4194304,glibc_t1,FIXED_TWIN,4,3,1,2647194.00,0.0000,0.0000,2654000.0,0.0,1.000,16777216.0,0.000,0,0,16777216,1,0,1,0,1,1
3,final_right,f32,4194304,glibc_t1,P6,5,0,1,3377633.00,0.0000,0.0000,3381000.0,0.0,1.000,16777216.0,0.000,0,0,16777216,1,1,0,0,1,1
3,final_right,f32,4194304,glibc_t1,P7,5,1,1,2586107.00,0.0000,0.0000,2590000.0,0.0,1.000,16777216.0,0.000,0,0,16777216,1,0,1,0,1,1
3,final_right,f32,4194304,glibc_t1,FIXED_TWIN,5,2,1,2531195.00,0.0000,0.0000,2535000.0,0.0,1.000,16777216.0,0.000,0,0,16777216,1,0,1,0,1,1
3,final_right,f32,4194304,glibc_t1,P5,5,3,1,5082700.00,0.0000,0.0000,5087000.0,0.0,2.000,33554432.0,0.000,0,0,33554432,2,0,0,0,1,1
3,final_right,f32,4194304,glibc_t1,P7,6,0,1,2625502.00,0.0000,0.0000,2628000.0,0.0,1.000,16777216.0,0.000,0,0,16777216,1,0,1,0,1,1
3,final_right,f32,4194304,glibc_t1,FIXED_TWIN,6,1,1,2660860.00,0.0000,0.0000,2665000.0,0.0,1.000,16777216.0,0.000,0,0,16777216,1,0,1,0,1,1
3,final_right,f32,4194304,glibc_t1,P5,6,2,1,4869644.00,0.0000,0.0000,4872000.0,0.0,2.000,33554432.0,0.000,0,0,33554432,2,0,0,0,1,1
3,final_right,f32,4194304,glibc_t1,P6,6,3,1,3492393.00,0.0000,0.0000,3502000.0,0.0,1.000,16777216.0,0.000,0,0,16777216,1,1,0,0,1,1
3,final_right,f32,4194304,glibc_t1,FIXED_TWIN,7,0,1,2615000.00,0.0000,0.0000,2618000.0,0.0,1.000,16777216.0,0.000,0,0,16777216,1,0,1,0,1,1
3,final_right,f32,4194304,glibc_t1,P5,7,1,1,4802168.00,0.0000,0.0000,4805000.0,0.0,2.000,33554432.0,0.000,0,0,33554432,2,0,0,0,1,1
3,final_right,f32,4194304,glibc_t1,P6,7,2,1,3488885.00,0.0000,0.0000,3492000.0,0.0,1.000,16777216.0,0.000,0,0,16777216,1,1,0,0,1,1
3,final_right,f32,4194304,glibc_t1,P7,7,3,1,2667300.00,0.0000,0.0000,2672000.0,0.0,1.000,16777216.0,0.000,0,0,16777216,1,0,1,0,1,1
3,final_right,f32,4194304,glibc_t1,P5,8,0,1,4839880.00,0.0000,0.0000,4843000.0,0.0,2.000,33554432.0,0.000,0,0,33554432,2,0,0,0,1,1
3,final_right,f32,4194304,glibc_t1,P6,8,1,1,3552298.00,0.0000,0.0000,3557000.0,0.0,1.000,16777216.0,0.000,0,0,16777216,1,1,0,0,1,1
3,final_right,f32,4194304,glibc_t1,P7,8,2,1,2696015.00,0.0000,0.0000,2699000.0,0.0,1.000,16777216.0,0.000,0,0,16777216,1,0,1,0,1,1
3,final_right,f32,4194304,glibc_t1,FIXED_TWIN,8,3,1,2663280.00,0.0000,0.0000,2667000.0,0.0,1.000,16777216.0,0.000,0,0,16777216,1,0,1,0,1,1
3,final_right,f32,4194304,glibc_t1,P6,9,0,1,3320869.00,0.0000,0.0000,3324000.0,0.0,1.000,16777216.0,0.000,0,0,16777216,1,1,0,0,1,1
3,final_right,f32,4194304,glibc_t1,P7,9,1,1,2651907.00,0.0000,0.0000,2656000.0,0.0,1.000,16777216.0,0.000,0,0,16777216,1,0,1,0,1,1
3,final_right,f32,4194304,glibc_t1,FIXED_TWIN,9,2,1,2634291.00,0.0000,0.0000,2638000.0,0.0,1.000,16777216.0,0.000,0,0,16777216,1,0,1,0,1,1
3,final_right,f32,4194304,glibc_t1,P5,9,3,1,5510702.00,0.0000,0.0000,5516000.0,0.0,2.000,33554432.0,0.000,0,0,33554432,2,0,0,0,1,1
3,final_right,f32,4194304,glibc_t1,P7,10,0,1,2752078.00,0.0000,0.0000,2756000.0,0.0,1.000,16777216.0,0.000,0,0,16777216,1,0,1,0,1,1
3,final_right,f32,4194304,glibc_t1,FIXED_TWIN,10,1,1,2743484.00,0.0000,0.0000,2748000.0,0.0,1.000,16777216.0,0.000,0,0,16777216,1,0,1,0,1,1
3,final_right,f32,4194304,glibc_t1,P5,10,2,1,5230545.00,0.0000,0.0000,5234000.0,0.0,2.000,33554432.0,0.000,0,0,33554432,2,0,0,0,1,1
3,final_right,f32,4194304,glibc_t1,P6,10,3,1,3681154.00,0.0000,0.0000,3686000.0,0.0,1.000,16777216.0,0.000,0,0,16777216,1,1,0,0,1,1
3,final_right,f32,4194304,glibc_t1,FIXED_TWIN,11,0,1,2897959.00,0.0000,0.0000,2902000.0,0.0,1.000,16777216.0,0.000,0,0,16777216,1,0,1,0,1,1
3,final_right,f32,4194304,glibc_t1,P5,11,1,1,4996388.00,0.0000,0.0000,5000000.0,0.0,2.000,33554432.0,0.000,0,0,33554432,2,0,0,0,1,1
3,final_right,f32,4194304,glibc_t1,P6,11,2,1,3471390.00,0.0000,0.0000,3475000.0,0.0,1.000,16777216.0,0.000,0,0,16777216,1,1,0,0,1,1
3,final_right,f32,4194304,glibc_t1,P7,11,3,1,2700726.00,0.0000,0.0000,2705000.0,0.0,1.000,16777216.0,0.000,0,0,16777216,1,0,1,0,1,1
3,final_right,f32,4194304,glibc_t1,P5,12,0,1,4823057.00,0.0000,0.0000,4827000.0,0.0,2.000,33554432.0,0.000,0,0,33554432,2,0,0,0,1,1
3,final_right,f32,4194304,glibc_t1,P6,12,1,1,3351544.00,0.0000,0.0000,3356000.0,0.0,1.000,16777216.0,0.000,0,0,16777216,1,1,0,0,1,1
3,final_right,f32,4194304,glibc_t1,P7,12,2,1,2602327.00,0.0000,0.0000,2605000.0,0.0,1.000,16777216.0,0.000,0,0,16777216,1,0,1,0,1,1
3,final_right,f32,4194304,glibc_t1,FIXED_TWIN,12,3,1,2649715.00,0.0000,0.0000,2653000.0,0.0,1.000,16777216.0,0.000,0,0,16777216,1,0,1,0,1,1
3,final_right,f32,4194304,glibc_t1,P6,13,0,1,3286022.00,0.0000,0.0000,3288000.0,0.0,1.000,16777216.0,0.000,0,0,16777216,1,1,0,0,1,1
3,final_right,f32,4194304,glibc_t1,P7,13,1,1,2699317.00,0.0000,0.0000,2704000.0,0.0,1.000,16777216.0,0.000,0,0,16777216,1,0,1,0,1,1
3,final_right,f32,4194304,glibc_t1,FIXED_TWIN,13,2,1,2686764.00,0.0000,0.0000,2691000.0,0.0,1.000,16777216.0,0.000,0,0,16777216,1,0,1,0,1,1
3,final_right,f32,4194304,glibc_t1,P5,13,3,1,5342613.00,0.0000,0.0000,5348000.0,0.0,2.000,33554432.0,0.000,0,0,33554432,2,0,0,0,1,1
3,final_right,f32,4194304,glibc_t1,P7,14,0,1,2970660.00,0.0000,0.0000,2974000.0,0.0,1.000,16777216.0,0.000,0,0,16777216,1,0,1,0,1,1
3,final_right,f32,4194304,glibc_t1,FIXED_TWIN,14,1,1,2818770.00,0.0000,0.0000,2823000.0,0.0,1.000,16777216.0,0.000,0,0,16777216,1,0,1,0,1,1
3,final_right,f32,4194304,glibc_t1,P5,14,2,1,5016992.00,0.0000,0.0000,5021000.0,0.0,2.000,33554432.0,0.000,0,0,33554432,2,0,0,0,1,1
3,final_right,f32,4194304,glibc_t1,P6,14,3,1,3796766.00,0.0000,0.0000,3807000.0,0.0,1.000,16777216.0,0.000,0,0,16777216,1,1,0,0,1,1
3,final_right,f32,16777216,glibc_t1,P5,0,0,1,77152671.00,32770.0000,0.0000,20577000.0,56582000.0,2.000,134217728.0,0.000,0,0,134217728,2,0,0,0,1,1
3,final_right,f32,16777216,glibc_t1,P6,0,1,1,48506759.00,16385.0000,0.0000,16263000.0,32265000.0,1.000,67108864.0,0.000,0,0,67108864,1,1,0,0,1,1
3,final_right,f32,16777216,glibc_t1,P7,0,2,1,41744349.00,16385.0000,0.0000,10871000.0,30866000.0,1.000,67108864.0,0.000,0,0,67108864,1,0,1,0,1,1
3,final_right,f32,16777216,glibc_t1,FIXED_TWIN,0,3,1,42609424.00,16385.0000,0.0000,11313000.0,31302000.0,1.000,67108864.0,0.000,0,0,67108864,1,0,1,0,1,1
3,final_right,f32,16777216,glibc_t1,P6,1,0,1,47771772.00,16385.0000,0.0000,15890000.0,31888000.0,1.000,67108864.0,0.000,0,0,67108864,1,1,0,0,1,1
3,final_right,f32,16777216,glibc_t1,P7,1,1,1,41966019.00,16385.0000,0.0000,24979000.0,16993000.0,1.000,67108864.0,0.000,0,0,67108864,1,0,1,0,1,1
3,final_right,f32,16777216,glibc_t1,FIXED_TWIN,1,2,1,41575297.00,16385.0000,0.0000,2800000.0,38781000.0,1.000,67108864.0,0.000,0,0,67108864,1,0,1,0,1,1
3,final_right,f32,16777216,glibc_t1,P5,1,3,1,77509844.00,32770.0000,0.0000,22768000.0,54748000.0,2.000,134217728.0,0.000,0,0,134217728,2,0,0,0,1,1
3,final_right,f32,16777216,glibc_t1,P7,2,0,1,41996637.00,16385.0000,0.0000,24963000.0,17009000.0,1.000,67108864.0,0.000,0,0,67108864,1,0,1,0,1,1
3,final_right,f32,16777216,glibc_t1,FIXED_TWIN,2,1,1,42252701.00,16385.0000,0.0000,15136000.0,27123000.0,1.000,67108864.0,0.000,0,0,67108864,1,0,1,0,1,1
3,final_right,f32,16777216,glibc_t1,P5,2,2,1,77386486.00,32770.0000,0.0000,18707000.0,58684000.0,2.000,134217728.0,0.000,0,0,134217728,2,0,0,0,1,1
3,final_right,f32,16777216,glibc_t1,P6,2,3,1,48779189.00,16385.0000,0.0000,10406000.0,38378000.0,1.000,67108864.0,0.000,0,0,67108864,1,1,0,0,1,1
3,final_right,f32,16777216,glibc_t1,FIXED_TWIN,3,0,1,41766940.00,16385.0000,0.0000,12873000.0,28886000.0,1.000,67108864.0,0.000,0,0,67108864,1,0,1,0,1,1
3,final_right,f32,16777216,glibc_t1,P5,3,1,1,77216924.00,32770.0000,0.0000,28607000.0,48617000.0,2.000,134217728.0,0.000,0,0,134217728,2,0,0,0,1,1
3,final_right,f32,16777216,glibc_t1,P6,3,2,1,49358314.00,16385.0000,0.0000,32643000.0,16688000.0,1.000,67108864.0,0.000,0,0,67108864,1,1,0,0,1,1
3,final_right,f32,16777216,glibc_t1,P7,3,3,1,41731185.00,16385.0000,0.0000,32860000.0,8876000.0,1.000,67108864.0,0.000,0,0,67108864,1,0,1,0,1,1
3,final_right,f32,16777216,glibc_t1,P5,4,0,1,77011425.00,32770.0000,0.0000,24505000.0,52512000.0,2.000,134217728.0,0.000,0,0,134217728,2,0,0,0,1,1
3,final_right,f32,16777216,glibc_t1,P6,4,1,1,48679681.00,16385.0000,0.0000,20341000.0,28346000.0,1.000,67108864.0,0.000,0,0,67108864,1,1,0,0,1,1
3,final_right,f32,16777216,glibc_t1,P7,4,2,1,42502166.00,16385.0000,0.0000,13218000.0,29239000.0,1.000,67108864.0,0.000,0,0,67108864,1,0,1,0,1,1
3,final_right,f32,16777216,glibc_t1,FIXED_TWIN,4,3,1,41494497.00,16385.0000,0.0000,16744000.0,24757000.0,1.000,67108864.0,0.000,0,0,67108864,1,0,1,0,1,1
3,final_right,f32,16777216,glibc_t1,P6,5,0,1,48407269.00,16385.0000,0.0000,12210000.0,36213000.0,1.000,67108864.0,0.000,0,0,67108864,1,1,0,0,1,1
3,final_right,f32,16777216,glibc_t1,P7,5,1,1,42066930.00,16385.0000,0.0000,19045000.0,23027000.0,1.000,67108864.0,0.000,0,0,67108864,1,0,1,0,1,1
3,final_right,f32,16777216,glibc_t1,FIXED_TWIN,5,2,1,44006534.00,16385.0000,0.0000,16007000.0,28006000.0,1.000,67108864.0,0.000,0,0,67108864,1,0,1,0,1,1
3,final_right,f32,16777216,glibc_t1,P5,5,3,1,75695938.00,32770.0000,0.0000,19853000.0,55820000.0,2.000,134217728.0,0.000,0,0,134217728,2,0,0,0,1,1
3,final_right,f32,16777216,glibc_t1,P7,6,0,1,41474093.00,16385.0000,0.0000,12733000.0,28747000.0,1.000,67108864.0,0.000,0,0,67108864,1,0,1,0,1,1
3,final_right,f32,16777216,glibc_t1,FIXED_TWIN,6,1,1,42514035.00,16385.0000,0.0000,19285000.0,23270000.0,1.000,67108864.0,0.000,0,0,67108864,1,0,1,0,1,1
3,final_right,f32,16777216,glibc_t1,P5,6,2,1,85250535.00,32770.0000,0.0000,18645000.0,66610000.0,2.000,134217728.0,0.000,0,0,134217728,2,0,0,0,1,1
3,final_right,f32,16777216,glibc_t1,P6,6,3,1,53421554.00,16385.0000,0.0000,22728000.0,30700000.0,1.000,67108864.0,0.000,0,0,67108864,1,1,0,0,1,1
3,final_right,f32,16777216,glibc_t1,FIXED_TWIN,7,0,1,41731866.00,16385.0000,0.0000,10882000.0,30855000.0,1.000,67108864.0,0.000,0,0,67108864,1,0,1,0,1,1
3,final_right,f32,16777216,glibc_t1,P5,7,1,1,77778004.00,32770.0000,0.0000,30906000.0,46800000.0,2.000,134217728.0,0.000,0,0,134217728,2,0,0,0,1,1
3,final_right,f32,16777216,glibc_t1,P6,7,2,1,49182179.00,16385.0000,0.0000,32586000.0,16601000.0,1.000,67108864.0,0.000,0,0,67108864,1,1,0,0,1,1
3,final_right,f32,16777216,glibc_t1,P7,7,3,1,42229227.00,16385.0000,0.0000,17104000.0,25131000.0,1.000,67108864.0,0.000,0,0,67108864,1,0,1,0,1,1
3,final_right,f32,16777216,glibc_t1,P5,8,0,1,75956098.00,32770.0000,0.0000,19982000.0,55978000.0,2.000,134217728.0,0.000,0,0,134217728,2,0,0,0,1,1
3,final_right,f32,16777216,glibc_t1,P6,8,1,1,49111736.00,16385.0000,0.0000,28527000.0,20541000.0,1.000,67108864.0,0.000,0,0,67108864,1,1,0,0,1,1
3,final_right,f32,16777216,glibc_t1,P7,8,2,1,42264050.00,16385.0000,0.0000,9050000.0,33076000.0,1.000,67108864.0,0.000,0,0,67108864,1,0,1,0,1,1
3,final_right,f32,16777216,glibc_t1,FIXED_TWIN,8,3,1,42398946.00,16385.0000,0.0000,25186000.0,17218000.0,1.000,67108864.0,0.000,0,0,67108864,1,0,1,0,1,1
3,final_right,f32,16777216,glibc_t1,P6,9,0,1,47824576.00,16385.0000,0.0000,15917000.0,31914000.0,1.000,67108864.0,0.000,0,0,67108864,1,1,0,0,1,1
3,final_right,f32,16777216,glibc_t1,P7,9,1,1,41300341.00,16385.0000,0.0000,18670000.0,22587000.0,1.000,67108864.0,0.000,0,0,67108864,1,0,1,0,1,1
3,final_right,f32,16777216,glibc_t1,FIXED_TWIN,9,2,1,41497247.00,16385.0000,0.0000,16743000.0,24760000.0,1.000,67108864.0,0.000,0,0,67108864,1,0,1,0,1,1
3,final_right,f32,16777216,glibc_t1,P5,9,3,1,78402904.00,32770.0000,0.0000,31216000.0,47195000.0,2.000,134217728.0,0.000,0,0,134217728,2,0,0,0,1,1
3,final_right,f32,16777216,glibc_t1,P7,10,0,1,41268918.00,16385.0000,0.0000,12629000.0,28644000.0,1.000,67108864.0,0.000,0,0,67108864,1,0,1,0,1,1
3,final_right,f32,16777216,glibc_t1,FIXED_TWIN,10,1,1,42167102.00,16385.0000,0.0000,21074000.0,21100000.0,1.000,67108864.0,0.000,0,0,67108864,1,0,1,0,1,1
3,final_right,f32,16777216,glibc_t1,P5,10,2,1,76802596.00,32770.0000,0.0000,28359000.0,48397000.0,2.000,134217728.0,0.000,0,0,134217728,2,0,0,0,1,1
3,final_right,f32,16777216,glibc_t1,P6,10,3,1,50229639.00,16385.0000,0.0000,23080000.0,27107000.0,1.000,67108864.0,0.000,0,0,67108864,1,1,0,0,1,1
3,final_right,f32,16777216,glibc_t1,FIXED_TWIN,11,0,1,42371102.00,16385.0000,0.0000,19199000.0,23179000.0,1.000,67108864.0,0.000,0,0,67108864,1,0,1,0,1,1
3,final_right,f32,16777216,glibc_t1,P5,11,1,1,79671198.00,32770.0000,0.0000,19842000.0,59837000.0,2.000,134217728.0,0.000,0,0,134217728,2,0,0,0,1,1
3,final_right,f32,16777216,glibc_t1,P6,11,2,1,50105803.00,16385.0000,0.0000,27068000.0,23044000.0,1.000,67108864.0,0.000,0,0,67108864,1,1,0,0,1,1
3,final_right,f32,16777216,glibc_t1,P7,11,3,1,42656216.00,16385.0000,0.0000,11341000.0,31268000.0,1.000,67108864.0,0.000,0,0,67108864,1,0,1,0,1,1
3,final_right,f32,16777216,glibc_t1,P5,12,0,1,76644326.00,32770.0000,0.0000,24312000.0,52291000.0,2.000,134217728.0,0.000,0,0,134217728,2,0,0,0,1,1
3,final_right,f32,16777216,glibc_t1,P6,12,1,1,49522623.00,16385.0000,0.0000,24732000.0,24775000.0,1.000,67108864.0,0.000,0,0,67108864,1,1,0,0,1,1
3,final_right,f32,16777216,glibc_t1,P7,12,2,1,41657833.00,16385.0000,0.0000,14848000.0,26816000.0,1.000,67108864.0,0.000,0,0,67108864,1,0,1,0,1,1
3,final_right,f32,16777216,glibc_t1,FIXED_TWIN,12,3,1,42083033.00,16385.0000,0.0000,15057000.0,27031000.0,1.000,67108864.0,0.000,0,0,67108864,1,0,1,0,1,1
3,final_right,f32,16777216,glibc_t1,P6,13,0,1,48050920.00,16385.0000,0.0000,16029000.0,32029000.0,1.000,67108864.0,0.000,0,0,67108864,1,1,0,0,1,1
3,final_right,f32,16777216,glibc_t1,P7,13,1,1,41377324.00,16385.0000,0.0000,12696000.0,28687000.0,1.000,67108864.0,0.000,0,0,67108864,1,0,1,0,1,1
3,final_right,f32,16777216,glibc_t1,FIXED_TWIN,13,2,1,42375570.00,16385.0000,0.0000,11202000.0,31180000.0,1.000,67108864.0,0.000,0,0,67108864,1,0,1,0,1,1
3,final_right,f32,16777216,glibc_t1,P5,13,3,1,77782378.00,32770.0000,0.0000,10913000.0,66877000.0,2.000,134217728.0,0.000,0,0,134217728,2,0,0,0,1,1
3,final_right,f32,16777216,glibc_t1,P7,14,0,1,41992950.00,16385.0000,0.0000,16985000.0,24979000.0,1.000,67108864.0,0.000,0,0,67108864,1,0,1,0,1,1
3,final_right,f32,16777216,glibc_t1,FIXED_TWIN,14,1,1,41439987.00,16385.0000,0.0000,12712000.0,28733000.0,1.000,67108864.0,0.000,0,0,67108864,1,0,1,0,1,1
3,final_right,f32,16777216,glibc_t1,P5,14,2,1,77261807.00,32770.0000,0.0000,12592000.0,64642000.0,2.000,134217728.0,0.000,0,0,134217728,2,0,0,0,1,1
3,final_right,f32,16777216,glibc_t1,P6,14,3,1,48048088.00,16385.0000,0.0000,28027000.0,19984000.0,1.000,67108864.0,0.000,0,0,67108864,1,1,0,0,1,1
3,inter_out,f32,64,glibc_t1,P5,0,0,1000,347.65,0.0000,0.0000,172.0,178.0,3.000,768.0,0.000,0,0,512256,2,0,0,1,1,1
3,inter_out,f32,64,glibc_t1,P6,0,1,1000,332.19,0.0000,0.0000,164.0,169.0,2.000,512.0,0.000,0,0,512000,1,1,0,1,1,1
3,inter_out,f32,64,glibc_t1,FIXED_TWIN,0,2,1000,338.72,0.0000,0.0000,339.0,0.0,2.000,512.0,0.000,0,0,512000,1,1,0,1,1,1
3,inter_out,f32,64,glibc_t1,P6,1,0,1000,334.74,0.0000,0.0000,336.0,0.0,2.000,512.0,0.000,0,0,512000,1,1,0,1,1,1
3,inter_out,f32,64,glibc_t1,FIXED_TWIN,1,1,1000,353.93,0.0000,0.0000,354.0,0.0,2.000,512.0,0.000,0,0,512000,1,1,0,1,1,1
3,inter_out,f32,64,glibc_t1,P5,1,2,1000,356.74,0.0000,0.0000,358.0,0.0,3.000,768.0,0.000,0,0,512256,2,0,0,1,1,1
3,inter_out,f32,64,glibc_t1,FIXED_TWIN,2,0,1000,340.49,0.0000,0.0000,342.0,0.0,2.000,512.0,0.000,0,0,512000,1,1,0,1,1,1
3,inter_out,f32,64,glibc_t1,P5,2,1,1000,350.36,0.0000,0.0000,351.0,0.0,3.000,768.0,0.000,0,0,512256,2,0,0,1,1,1
3,inter_out,f32,64,glibc_t1,P6,2,2,1000,353.29,0.0000,0.0000,353.0,0.0,2.000,512.0,0.000,0,0,512000,1,1,0,1,1,1
3,inter_out,f32,64,glibc_t1,P5,3,0,1000,358.35,0.0000,0.0000,358.0,0.0,3.000,768.0,0.000,0,0,512256,2,0,0,1,1,1
3,inter_out,f32,64,glibc_t1,P6,3,1,1000,342.28,0.0000,0.0000,343.0,0.0,2.000,512.0,0.000,0,0,512000,1,1,0,1,1,1
3,inter_out,f32,64,glibc_t1,FIXED_TWIN,3,2,1000,337.51,0.0000,0.0000,338.0,0.0,2.000,512.0,0.000,0,0,512000,1,1,0,1,1,1
3,inter_out,f32,64,glibc_t1,P6,4,0,1000,345.67,0.0000,0.0000,346.0,0.0,2.000,512.0,0.000,0,0,512000,1,1,0,1,1,1
3,inter_out,f32,64,glibc_t1,FIXED_TWIN,4,1,1000,352.41,0.0000,0.0000,353.0,0.0,2.000,512.0,0.000,0,0,512000,1,1,0,1,1,1
3,inter_out,f32,64,glibc_t1,P5,4,2,1000,337.77,0.0000,0.0000,339.0,0.0,3.000,768.0,0.000,0,0,512256,2,0,0,1,1,1
3,inter_out,f32,64,glibc_t1,FIXED_TWIN,5,0,1000,339.26,0.0000,0.0000,340.0,0.0,2.000,512.0,0.000,0,0,512000,1,1,0,1,1,1
3,inter_out,f32,64,glibc_t1,P5,5,1,1000,365.17,0.0000,0.0000,365.0,0.0,3.000,768.0,0.000,0,0,512256,2,0,0,1,1,1
3,inter_out,f32,64,glibc_t1,P6,5,2,1000,352.17,0.0000,0.0000,352.0,0.0,2.000,512.0,0.000,0,0,512000,1,1,0,1,1,1
3,inter_out,f32,64,glibc_t1,P5,6,0,1000,367.81,0.0000,0.0000,369.0,0.0,3.000,768.0,0.000,0,0,512256,2,0,0,1,1,1
3,inter_out,f32,64,glibc_t1,P6,6,1,1000,364.24,0.0000,0.0000,365.0,0.0,2.000,512.0,0.000,0,0,512000,1,1,0,1,1,1
3,inter_out,f32,64,glibc_t1,FIXED_TWIN,6,2,1000,355.84,0.0000,0.0000,356.0,0.0,2.000,512.0,0.000,0,0,512000,1,1,0,1,1,1
3,inter_out,f32,64,glibc_t1,P6,7,0,1000,356.23,0.0000,0.0000,357.0,0.0,2.000,512.0,0.000,0,0,512000,1,1,0,1,1,1
3,inter_out,f32,64,glibc_t1,FIXED_TWIN,7,1,1000,384.04,0.0000,0.0000,385.0,0.0,2.000,512.0,0.000,0,0,512000,1,1,0,1,1,1
3,inter_out,f32,64,glibc_t1,P5,7,2,1000,358.61,0.0000,0.0000,359.0,0.0,3.000,768.0,0.000,0,0,512256,2,0,0,1,1,1
3,inter_out,f32,64,glibc_t1,FIXED_TWIN,8,0,1000,348.42,0.0000,0.0000,349.0,0.0,2.000,512.0,0.000,0,0,512000,1,1,0,1,1,1
3,inter_out,f32,64,glibc_t1,P5,8,1,1000,359.17,0.0000,0.0000,360.0,0.0,3.000,768.0,0.000,0,0,512256,2,0,0,1,1,1
3,inter_out,f32,64,glibc_t1,P6,8,2,1000,380.70,0.0000,0.0000,381.0,0.0,2.000,512.0,0.000,0,0,512000,1,1,0,1,1,1
3,inter_out,f32,64,glibc_t1,P5,9,0,1000,356.90,0.0000,0.0000,357.0,0.0,3.000,768.0,0.000,0,0,512256,2,0,0,1,1,1
3,inter_out,f32,64,glibc_t1,P6,9,1,1000,324.30,0.0000,0.0000,325.0,0.0,2.000,512.0,0.000,0,0,512000,1,1,0,1,1,1
3,inter_out,f32,64,glibc_t1,FIXED_TWIN,9,2,1000,341.75,0.0000,0.0000,343.0,0.0,2.000,512.0,0.000,0,0,512000,1,1,0,1,1,1
3,inter_out,f32,64,glibc_t1,P6,10,0,1000,369.08,0.0000,0.0000,369.0,0.0,2.000,512.0,0.000,0,0,512000,1,1,0,1,1,1
3,inter_out,f32,64,glibc_t1,FIXED_TWIN,10,1,1000,330.03,0.0000,0.0000,331.0,0.0,2.000,512.0,0.000,0,0,512000,1,1,0,1,1,1
3,inter_out,f32,64,glibc_t1,P5,10,2,1000,348.80,0.0000,0.0000,349.0,0.0,3.000,768.0,0.000,0,0,512256,2,0,0,1,1,1
3,inter_out,f32,64,glibc_t1,FIXED_TWIN,11,0,1000,336.20,0.0000,0.0000,337.0,0.0,2.000,512.0,0.000,0,0,512000,1,1,0,1,1,1
3,inter_out,f32,64,glibc_t1,P5,11,1,1000,340.31,0.0000,0.0000,341.0,0.0,3.000,768.0,0.000,0,0,512256,2,0,0,1,1,1
3,inter_out,f32,64,glibc_t1,P6,11,2,1000,338.32,0.0000,0.0000,339.0,0.0,2.000,512.0,0.000,0,0,512000,1,1,0,1,1,1
3,inter_out,f32,64,glibc_t1,P5,12,0,1000,351.66,0.0000,0.0000,353.0,0.0,3.000,768.0,0.000,0,0,512256,2,0,0,1,1,1
3,inter_out,f32,64,glibc_t1,P6,12,1,1000,332.11,0.0000,0.0000,333.0,0.0,2.000,512.0,0.000,0,0,512000,1,1,0,1,1,1
3,inter_out,f32,64,glibc_t1,FIXED_TWIN,12,2,1000,324.60,0.0000,0.0000,326.0,0.0,2.000,512.0,0.000,0,0,512000,1,1,0,1,1,1
3,inter_out,f32,64,glibc_t1,P6,13,0,1000,391.25,0.0000,0.0000,393.0,0.0,2.000,512.0,0.000,0,0,512000,1,1,0,1,1,1
3,inter_out,f32,64,glibc_t1,FIXED_TWIN,13,1,1000,367.84,0.0000,0.0000,372.0,0.0,2.000,512.0,0.000,0,0,512000,1,1,0,1,1,1
3,inter_out,f32,64,glibc_t1,P5,13,2,1000,348.89,0.0000,0.0000,351.0,0.0,3.000,768.0,0.000,0,0,512256,2,0,0,1,1,1
3,inter_out,f32,64,glibc_t1,FIXED_TWIN,14,0,1000,327.81,0.0000,0.0000,329.0,0.0,2.000,512.0,0.000,0,0,512000,1,1,0,1,1,1
3,inter_out,f32,64,glibc_t1,P5,14,1,1000,335.40,0.0000,0.0000,336.0,0.0,3.000,768.0,0.000,0,0,512256,2,0,0,1,1,1
3,inter_out,f32,64,glibc_t1,P6,14,2,1000,330.46,0.0000,0.0000,331.0,0.0,2.000,512.0,0.000,0,0,512000,1,1,0,1,1,1
3,inter_out,f32,1024,glibc_t1,P5,0,0,1000,785.66,0.0000,0.0000,789.0,0.0,3.000,12288.0,0.000,0,0,8196096,2,0,0,1,1,1
3,inter_out,f32,1024,glibc_t1,P6,0,1,1000,803.39,0.0000,0.0000,806.0,0.0,2.000,8192.0,0.000,0,0,8192000,1,1,0,1,1,1
3,inter_out,f32,1024,glibc_t1,FIXED_TWIN,0,2,1000,806.65,0.0000,0.0000,810.0,0.0,2.000,8192.0,0.000,0,0,8192000,1,1,0,1,1,1
3,inter_out,f32,1024,glibc_t1,P6,1,0,1000,760.71,0.0000,0.0000,763.0,0.0,2.000,8192.0,0.000,0,0,8192000,1,1,0,1,1,1
3,inter_out,f32,1024,glibc_t1,FIXED_TWIN,1,1,1000,789.42,0.0000,0.0000,792.0,0.0,2.000,8192.0,0.000,0,0,8192000,1,1,0,1,1,1
3,inter_out,f32,1024,glibc_t1,P5,1,2,1000,795.44,0.0000,0.0000,798.0,0.0,3.000,12288.0,0.000,0,0,8196096,2,0,0,1,1,1
3,inter_out,f32,1024,glibc_t1,FIXED_TWIN,2,0,1000,806.51,0.0000,0.0000,809.0,0.0,2.000,8192.0,0.000,0,0,8192000,1,1,0,1,1,1
3,inter_out,f32,1024,glibc_t1,P5,2,1,1000,786.50,0.0000,0.0000,789.0,0.0,3.000,12288.0,0.000,0,0,8196096,2,0,0,1,1,1
3,inter_out,f32,1024,glibc_t1,P6,2,2,1000,794.53,0.0000,0.0000,797.0,0.0,2.000,8192.0,0.000,0,0,8192000,1,1,0,1,1,1
3,inter_out,f32,1024,glibc_t1,P5,3,0,1000,822.67,0.0000,0.0000,826.0,0.0,3.000,12288.0,0.000,0,0,8196096,2,0,0,1,1,1
3,inter_out,f32,1024,glibc_t1,P6,3,1,1000,788.99,0.0000,0.0000,792.0,0.0,2.000,8192.0,0.000,0,0,8192000,1,1,0,1,1,1
3,inter_out,f32,1024,glibc_t1,FIXED_TWIN,3,2,1000,772.37,0.0000,0.0000,776.0,0.0,2.000,8192.0,0.000,0,0,8192000,1,1,0,1,1,1
3,inter_out,f32,1024,glibc_t1,P6,4,0,1000,909.22,0.0000,0.0000,913.0,0.0,2.000,8192.0,0.000,0,0,8192000,1,1,0,1,1,1
3,inter_out,f32,1024,glibc_t1,FIXED_TWIN,4,1,1000,800.10,0.0000,0.0000,803.0,0.0,2.000,8192.0,0.000,0,0,8192000,1,1,0,1,1,1
3,inter_out,f32,1024,glibc_t1,P5,4,2,1000,814.68,0.0000,0.0000,820.0,0.0,3.000,12288.0,0.000,0,0,8196096,2,0,0,1,1,1
3,inter_out,f32,1024,glibc_t1,FIXED_TWIN,5,0,1000,850.74,0.0000,0.0000,853.0,0.0,2.000,8192.0,0.000,0,0,8192000,1,1,0,1,1,1
3,inter_out,f32,1024,glibc_t1,P5,5,1,1000,905.42,0.0000,0.0000,909.0,0.0,3.000,12288.0,0.000,0,0,8196096,2,0,0,1,1,1
3,inter_out,f32,1024,glibc_t1,P6,5,2,1000,833.13,0.0000,0.0000,836.0,0.0,2.000,8192.0,0.000,0,0,8192000,1,1,0,1,1,1
3,inter_out,f32,1024,glibc_t1,P5,6,0,1000,784.86,0.0000,0.0000,787.0,0.0,3.000,12288.0,0.000,0,0,8196096,2,0,0,1,1,1
3,inter_out,f32,1024,glibc_t1,P6,6,1,1000,760.71,0.0000,0.0000,763.0,0.0,2.000,8192.0,0.000,0,0,8192000,1,1,0,1,1,1
3,inter_out,f32,1024,glibc_t1,FIXED_TWIN,6,2,1000,851.50,0.0000,0.0000,856.0,0.0,2.000,8192.0,0.000,0,0,8192000,1,1,0,1,1,1
3,inter_out,f32,1024,glibc_t1,P6,7,0,1000,819.76,0.0000,0.0000,823.0,0.0,2.000,8192.0,0.000,0,0,8192000,1,1,0,1,1,1
3,inter_out,f32,1024,glibc_t1,FIXED_TWIN,7,1,1000,785.82,0.0000,0.0000,788.0,0.0,2.000,8192.0,0.000,0,0,8192000,1,1,0,1,1,1
3,inter_out,f32,1024,glibc_t1,P5,7,2,1000,825.44,0.0000,0.0000,829.0,0.0,3.000,12288.0,0.000,0,0,8196096,2,0,0,1,1,1
3,inter_out,f32,1024,glibc_t1,FIXED_TWIN,8,0,1000,799.96,0.0000,0.0000,803.0,0.0,2.000,8192.0,0.000,0,0,8192000,1,1,0,1,1,1
3,inter_out,f32,1024,glibc_t1,P5,8,1,1000,845.37,0.0000,0.0000,851.0,0.0,3.000,12288.0,0.000,0,0,8196096,2,0,0,1,1,1
3,inter_out,f32,1024,glibc_t1,P6,8,2,1000,840.54,0.0000,0.0000,845.0,0.0,2.000,8192.0,0.000,0,0,8192000,1,1,0,1,1,1
3,inter_out,f32,1024,glibc_t1,P5,9,0,1000,879.12,0.0000,0.0000,883.0,0.0,3.000,12288.0,0.000,0,0,8196096,2,0,0,1,1,1
3,inter_out,f32,1024,glibc_t1,P6,9,1,1000,802.73,0.0000,0.0000,807.0,0.0,2.000,8192.0,0.000,0,0,8192000,1,1,0,1,1,1
3,inter_out,f32,1024,glibc_t1,FIXED_TWIN,9,2,1000,804.47,0.0000,0.0000,808.0,0.0,2.000,8192.0,0.000,0,0,8192000,1,1,0,1,1,1
3,inter_out,f32,1024,glibc_t1,P6,10,0,1000,834.65,0.0000,0.0000,839.0,0.0,2.000,8192.0,0.000,0,0,8192000,1,1,0,1,1,1
3,inter_out,f32,1024,glibc_t1,FIXED_TWIN,10,1,1000,790.79,0.0000,0.0000,794.0,0.0,2.000,8192.0,0.000,0,0,8192000,1,1,0,1,1,1
3,inter_out,f32,1024,glibc_t1,P5,10,2,1000,811.19,0.0000,0.0000,814.0,0.0,3.000,12288.0,0.000,0,0,8196096,2,0,0,1,1,1
3,inter_out,f32,1024,glibc_t1,FIXED_TWIN,11,0,1000,824.61,0.0000,0.0000,829.0,0.0,2.000,8192.0,0.000,0,0,8192000,1,1,0,1,1,1
3,inter_out,f32,1024,glibc_t1,P5,11,1,1000,828.97,0.0000,0.0000,832.0,0.0,3.000,12288.0,0.000,0,0,8196096,2,0,0,1,1,1
3,inter_out,f32,1024,glibc_t1,P6,11,2,1000,833.29,0.0000,0.0000,836.0,0.0,2.000,8192.0,0.000,0,0,8192000,1,1,0,1,1,1
3,inter_out,f32,1024,glibc_t1,P5,12,0,1000,867.42,0.0000,0.0000,870.0,0.0,3.000,12288.0,0.000,0,0,8196096,2,0,0,1,1,1
3,inter_out,f32,1024,glibc_t1,P6,12,1,1000,828.00,0.0000,0.0000,831.0,0.0,2.000,8192.0,0.000,0,0,8192000,1,1,0,1,1,1
3,inter_out,f32,1024,glibc_t1,FIXED_TWIN,12,2,1000,838.73,0.0000,0.0000,860.0,0.0,2.000,8192.0,0.000,0,0,8192000,1,1,0,1,1,1
3,inter_out,f32,1024,glibc_t1,P6,13,0,1000,855.93,0.0000,0.0000,860.0,0.0,2.000,8192.0,0.000,0,0,8192000,1,1,0,1,1,1
3,inter_out,f32,1024,glibc_t1,FIXED_TWIN,13,1,1000,818.06,0.0000,0.0000,821.0,0.0,2.000,8192.0,0.000,0,0,8192000,1,1,0,1,1,1
3,inter_out,f32,1024,glibc_t1,P5,13,2,1000,808.23,0.0000,0.0000,812.0,0.0,3.000,12288.0,0.000,0,0,8196096,2,0,0,1,1,1
3,inter_out,f32,1024,glibc_t1,FIXED_TWIN,14,0,1000,785.93,0.0000,0.0000,789.0,0.0,2.000,8192.0,0.000,0,0,8192000,1,1,0,1,1,1
3,inter_out,f32,1024,glibc_t1,P5,14,1,1000,798.91,0.0000,0.0000,802.0,0.0,3.000,12288.0,0.000,0,0,8196096,2,0,0,1,1,1
3,inter_out,f32,1024,glibc_t1,P6,14,2,1000,855.20,0.0000,0.0000,884.0,0.0,2.000,8192.0,0.000,0,0,8192000,1,1,0,1,1,1
3,inter_out,f32,4096,glibc_t1,P5,0,0,1,2096.00,0.0000,0.0000,4000.0,0.0,3.000,49152.0,0.000,0,0,49152,2,0,0,1,1,1
3,inter_out,f32,4096,glibc_t1,P6,0,1,1,1608.00,0.0000,0.0000,2000.0,0.0,2.000,32768.0,0.000,0,0,32768,1,1,0,1,1,1
3,inter_out,f32,4096,glibc_t1,FIXED_TWIN,0,2,1,1544.00,0.0000,0.0000,2000.0,0.0,2.000,32768.0,0.000,0,0,32768,1,1,0,1,1,1
3,inter_out,f32,4096,glibc_t1,P6,1,0,1,1641.00,0.0000,0.0000,2000.0,0.0,2.000,32768.0,0.000,0,0,32768,1,1,0,1,1,1
3,inter_out,f32,4096,glibc_t1,FIXED_TWIN,1,1,1,1570.00,0.0000,0.0000,2000.0,0.0,2.000,32768.0,0.000,0,0,32768,1,1,0,1,1,1
3,inter_out,f32,4096,glibc_t1,P5,1,2,1,1937.00,0.0000,0.0000,2000.0,0.0,3.000,49152.0,0.000,0,0,49152,2,0,0,1,1,1
3,inter_out,f32,4096,glibc_t1,FIXED_TWIN,2,0,1,1613.00,0.0000,0.0000,2000.0,0.0,2.000,32768.0,0.000,0,0,32768,1,1,0,1,1,1
3,inter_out,f32,4096,glibc_t1,P5,2,1,1,1950.00,0.0000,0.0000,2000.0,0.0,3.000,49152.0,0.000,0,0,49152,2,0,0,1,1,1
3,inter_out,f32,4096,glibc_t1,P6,2,2,1,1612.00,0.0000,0.0000,3000.0,0.0,2.000,32768.0,0.000,0,0,32768,1,1,0,1,1,1
3,inter_out,f32,4096,glibc_t1,P5,3,0,1,1987.00,0.0000,0.0000,3000.0,0.0,3.000,49152.0,0.000,0,0,49152,2,0,0,1,1,1
3,inter_out,f32,4096,glibc_t1,P6,3,1,1,1605.00,0.0000,0.0000,2000.0,0.0,2.000,32768.0,0.000,0,0,32768,1,1,0,1,1,1
3,inter_out,f32,4096,glibc_t1,FIXED_TWIN,3,2,1,1589.00,0.0000,0.0000,3000.0,0.0,2.000,32768.0,0.000,0,0,32768,1,1,0,1,1,1
3,inter_out,f32,4096,glibc_t1,P6,4,0,1,1665.00,0.0000,0.0000,2000.0,0.0,2.000,32768.0,0.000,0,0,32768,1,1,0,1,1,1
3,inter_out,f32,4096,glibc_t1,FIXED_TWIN,4,1,1,1579.00,0.0000,0.0000,2000.0,0.0,2.000,32768.0,0.000,0,0,32768,1,1,0,1,1,1
3,inter_out,f32,4096,glibc_t1,P5,4,2,1,1911.00,0.0000,0.0000,2000.0,0.0,3.000,49152.0,0.000,0,0,49152,2,0,0,1,1,1
3,inter_out,f32,4096,glibc_t1,FIXED_TWIN,5,0,1,1592.00,0.0000,0.0000,2000.0,0.0,2.000,32768.0,0.000,0,0,32768,1,1,0,1,1,1
3,inter_out,f32,4096,glibc_t1,P5,5,1,1,1947.00,0.0000,0.0000,2000.0,0.0,3.000,49152.0,0.000,0,0,49152,2,0,0,1,1,1
3,inter_out,f32,4096,glibc_t1,P6,5,2,1,1600.00,0.0000,0.0000,2000.0,0.0,2.000,32768.0,0.000,0,0,32768,1,1,0,1,1,1
3,inter_out,f32,4096,glibc_t1,P5,6,0,1,1949.00,0.0000,0.0000,2000.0,0.0,3.000,49152.0,0.000,0,0,49152,2,0,0,1,1,1
3,inter_out,f32,4096,glibc_t1,P6,6,1,1,1582.00,0.0000,0.0000,2000.0,0.0,2.000,32768.0,0.000,0,0,32768,1,1,0,1,1,1
3,inter_out,f32,4096,glibc_t1,FIXED_TWIN,6,2,1,1583.00,0.0000,0.0000,2000.0,0.0,2.000,32768.0,0.000,0,0,32768,1,1,0,1,1,1
3,inter_out,f32,4096,glibc_t1,P6,7,0,1,1634.00,0.0000,0.0000,2000.0,0.0,2.000,32768.0,0.000,0,0,32768,1,1,0,1,1,1
3,inter_out,f32,4096,glibc_t1,FIXED_TWIN,7,1,1,1579.00,0.0000,0.0000,2000.0,0.0,2.000,32768.0,0.000,0,0,32768,1,1,0,1,1,1
3,inter_out,f32,4096,glibc_t1,P5,7,2,1,1940.00,0.0000,0.0000,3000.0,0.0,3.000,49152.0,0.000,0,0,49152,2,0,0,1,1,1
3,inter_out,f32,4096,glibc_t1,FIXED_TWIN,8,0,1,1629.00,0.0000,0.0000,2000.0,0.0,2.000,32768.0,0.000,0,0,32768,1,1,0,1,1,1
3,inter_out,f32,4096,glibc_t1,P5,8,1,1,1934.00,0.0000,0.0000,2000.0,0.0,3.000,49152.0,0.000,0,0,49152,2,0,0,1,1,1
3,inter_out,f32,4096,glibc_t1,P6,8,2,1,1597.00,0.0000,0.0000,2000.0,0.0,2.000,32768.0,0.000,0,0,32768,1,1,0,1,1,1
3,inter_out,f32,4096,glibc_t1,P5,9,0,1,1912.00,0.0000,0.0000,3000.0,0.0,3.000,49152.0,0.000,0,0,49152,2,0,0,1,1,1
3,inter_out,f32,4096,glibc_t1,P6,9,1,1,1589.00,0.0000,0.0000,2000.0,0.0,2.000,32768.0,0.000,0,0,32768,1,1,0,1,1,1
3,inter_out,f32,4096,glibc_t1,FIXED_TWIN,9,2,1,1572.00,0.0000,0.0000,2000.0,0.0,2.000,32768.0,0.000,0,0,32768,1,1,0,1,1,1
3,inter_out,f32,4096,glibc_t1,P6,10,0,1,1605.00,0.0000,0.0000,2000.0,0.0,2.000,32768.0,0.000,0,0,32768,1,1,0,1,1,1
3,inter_out,f32,4096,glibc_t1,FIXED_TWIN,10,1,1,1598.00,0.0000,0.0000,2000.0,0.0,2.000,32768.0,0.000,0,0,32768,1,1,0,1,1,1
3,inter_out,f32,4096,glibc_t1,P5,10,2,1,1939.00,0.0000,0.0000,2000.0,0.0,3.000,49152.0,0.000,0,0,49152,2,0,0,1,1,1
3,inter_out,f32,4096,glibc_t1,FIXED_TWIN,11,0,1,1618.00,0.0000,0.0000,2000.0,0.0,2.000,32768.0,0.000,0,0,32768,1,1,0,1,1,1
3,inter_out,f32,4096,glibc_t1,P5,11,1,1,1903.00,0.0000,0.0000,3000.0,0.0,3.000,49152.0,0.000,0,0,49152,2,0,0,1,1,1
3,inter_out,f32,4096,glibc_t1,P6,11,2,1,1579.00,0.0000,0.0000,2000.0,0.0,2.000,32768.0,0.000,0,0,32768,1,1,0,1,1,1
3,inter_out,f32,4096,glibc_t1,P5,12,0,1,1961.00,0.0000,0.0000,3000.0,0.0,3.000,49152.0,0.000,0,0,49152,2,0,0,1,1,1
3,inter_out,f32,4096,glibc_t1,P6,12,1,1,1621.00,0.0000,0.0000,2000.0,0.0,2.000,32768.0,0.000,0,0,32768,1,1,0,1,1,1
3,inter_out,f32,4096,glibc_t1,FIXED_TWIN,12,2,1,1533.00,0.0000,0.0000,2000.0,0.0,2.000,32768.0,0.000,0,0,32768,1,1,0,1,1,1
3,inter_out,f32,4096,glibc_t1,P6,13,0,1,1677.00,0.0000,0.0000,2000.0,0.0,2.000,32768.0,0.000,0,0,32768,1,1,0,1,1,1
3,inter_out,f32,4096,glibc_t1,FIXED_TWIN,13,1,1,1539.00,0.0000,0.0000,2000.0,0.0,2.000,32768.0,0.000,0,0,32768,1,1,0,1,1,1
3,inter_out,f32,4096,glibc_t1,P5,13,2,1,1916.00,0.0000,0.0000,2000.0,0.0,3.000,49152.0,0.000,0,0,49152,2,0,0,1,1,1
3,inter_out,f32,4096,glibc_t1,FIXED_TWIN,14,0,1,1602.00,0.0000,0.0000,2000.0,0.0,2.000,32768.0,0.000,0,0,32768,1,1,0,1,1,1
3,inter_out,f32,4096,glibc_t1,P5,14,1,1,1980.00,0.0000,0.0000,3000.0,0.0,3.000,49152.0,0.000,0,0,49152,2,0,0,1,1,1
3,inter_out,f32,4096,glibc_t1,P6,14,2,1,1602.00,0.0000,0.0000,2000.0,0.0,2.000,32768.0,0.000,0,0,32768,1,1,0,1,1,1
3,inter_out,f32,16384,glibc_t1,P5,0,0,1,6675.00,0.0000,0.0000,7000.0,0.0,3.000,196608.0,0.000,0,0,196608,2,0,0,1,1,1
3,inter_out,f32,16384,glibc_t1,P6,0,1,1,6295.00,0.0000,0.0000,6000.0,0.0,2.000,131072.0,0.000,0,0,131072,1,1,0,1,1,1
3,inter_out,f32,16384,glibc_t1,FIXED_TWIN,0,2,1,6260.00,0.0000,0.0000,7000.0,0.0,2.000,131072.0,0.000,0,0,131072,1,1,0,1,1,1
3,inter_out,f32,16384,glibc_t1,P6,1,0,1,6276.00,0.0000,0.0000,7000.0,0.0,2.000,131072.0,0.000,0,0,131072,1,1,0,1,1,1
3,inter_out,f32,16384,glibc_t1,FIXED_TWIN,1,1,1,6221.00,0.0000,0.0000,7000.0,0.0,2.000,131072.0,0.000,0,0,131072,1,1,0,1,1,1
3,inter_out,f32,16384,glibc_t1,P5,1,2,1,6479.00,0.0000,0.0000,7000.0,0.0,3.000,196608.0,0.000,0,0,196608,2,0,0,1,1,1
3,inter_out,f32,16384,glibc_t1,FIXED_TWIN,2,0,1,6217.00,0.0000,0.0000,7000.0,0.0,2.000,131072.0,0.000,0,0,131072,1,1,0,1,1,1
3,inter_out,f32,16384,glibc_t1,P5,2,1,1,10951.00,0.0000,0.0000,11000.0,0.0,3.000,196608.0,0.000,0,0,196608,2,0,0,1,1,1
3,inter_out,f32,16384,glibc_t1,P6,2,2,1,6230.00,0.0000,0.0000,7000.0,0.0,2.000,131072.0,0.000,0,0,131072,1,1,0,1,1,1
3,inter_out,f32,16384,glibc_t1,P5,3,0,1,6508.00,0.0000,0.0000,7000.0,0.0,3.000,196608.0,0.000,0,0,196608,2,0,0,1,1,1
3,inter_out,f32,16384,glibc_t1,P6,3,1,1,6219.00,0.0000,0.0000,7000.0,0.0,2.000,131072.0,0.000,0,0,131072,1,1,0,1,1,1
3,inter_out,f32,16384,glibc_t1,FIXED_TWIN,3,2,1,6226.00,0.0000,0.0000,7000.0,0.0,2.000,131072.0,0.000,0,0,131072,1,1,0,1,1,1
3,inter_out,f32,16384,glibc_t1,P6,4,0,1,6277.00,0.0000,0.0000,7000.0,0.0,2.000,131072.0,0.000,0,0,131072,1,1,0,1,1,1
3,inter_out,f32,16384,glibc_t1,FIXED_TWIN,4,1,1,6204.00,0.0000,0.0000,7000.0,0.0,2.000,131072.0,0.000,0,0,131072,1,1,0,1,1,1
3,inter_out,f32,16384,glibc_t1,P5,4,2,1,6509.00,0.0000,0.0000,7000.0,0.0,3.000,196608.0,0.000,0,0,196608,2,0,0,1,1,1
3,inter_out,f32,16384,glibc_t1,FIXED_TWIN,5,0,1,6220.00,0.0000,0.0000,7000.0,0.0,2.000,131072.0,0.000,0,0,131072,1,1,0,1,1,1
3,inter_out,f32,16384,glibc_t1,P5,5,1,1,6498.00,0.0000,0.0000,7000.0,0.0,3.000,196608.0,0.000,0,0,196608,2,0,0,1,1,1
3,inter_out,f32,16384,glibc_t1,P6,5,2,1,6765.00,0.0000,0.0000,7000.0,0.0,2.000,131072.0,0.000,0,0,131072,1,1,0,1,1,1
3,inter_out,f32,16384,glibc_t1,P5,6,0,1,6926.00,0.0000,0.0000,8000.0,0.0,3.000,196608.0,0.000,0,0,196608,2,0,0,1,1,1
3,inter_out,f32,16384,glibc_t1,P6,6,1,1,6323.00,0.0000,0.0000,7000.0,0.0,2.000,131072.0,0.000,0,0,131072,1,1,0,1,1,1
3,inter_out,f32,16384,glibc_t1,FIXED_TWIN,6,2,1,6315.00,0.0000,0.0000,7000.0,0.0,2.000,131072.0,0.000,0,0,131072,1,1,0,1,1,1
3,inter_out,f32,16384,glibc_t1,P6,7,0,1,6197.00,0.0000,0.0000,7000.0,0.0,2.000,131072.0,0.000,0,0,131072,1,1,0,1,1,1
3,inter_out,f32,16384,glibc_t1,FIXED_TWIN,7,1,1,6213.00,0.0000,0.0000,7000.0,0.0,2.000,131072.0,0.000,0,0,131072,1,1,0,1,1,1
3,inter_out,f32,16384,glibc_t1,P5,7,2,1,6647.00,0.0000,0.0000,7000.0,0.0,3.000,196608.0,0.000,0,0,196608,2,0,0,1,1,1
3,inter_out,f32,16384,glibc_t1,FIXED_TWIN,8,0,1,6239.00,0.0000,0.0000,7000.0,0.0,2.000,131072.0,0.000,0,0,131072,1,1,0,1,1,1
3,inter_out,f32,16384,glibc_t1,P5,8,1,1,6499.00,0.0000,0.0000,7000.0,0.0,3.000,196608.0,0.000,0,0,196608,2,0,0,1,1,1
3,inter_out,f32,16384,glibc_t1,P6,8,2,1,6227.00,0.0000,0.0000,7000.0,0.0,2.000,131072.0,0.000,0,0,131072,1,1,0,1,1,1
3,inter_out,f32,16384,glibc_t1,P5,9,0,1,6522.00,0.0000,0.0000,7000.0,0.0,3.000,196608.0,0.000,0,0,196608,2,0,0,1,1,1
3,inter_out,f32,16384,glibc_t1,P6,9,1,1,6221.00,0.0000,0.0000,7000.0,0.0,2.000,131072.0,0.000,0,0,131072,1,1,0,1,1,1
3,inter_out,f32,16384,glibc_t1,FIXED_TWIN,9,2,1,6222.00,0.0000,0.0000,7000.0,0.0,2.000,131072.0,0.000,0,0,131072,1,1,0,1,1,1
3,inter_out,f32,16384,glibc_t1,P6,10,0,1,6287.00,0.0000,0.0000,7000.0,0.0,2.000,131072.0,0.000,0,0,131072,1,1,0,1,1,1
3,inter_out,f32,16384,glibc_t1,FIXED_TWIN,10,1,1,6184.00,0.0000,0.0000,7000.0,0.0,2.000,131072.0,0.000,0,0,131072,1,1,0,1,1,1
3,inter_out,f32,16384,glibc_t1,P5,10,2,1,6536.00,0.0000,0.0000,7000.0,0.0,3.000,196608.0,0.000,0,0,196608,2,0,0,1,1,1
3,inter_out,f32,16384,glibc_t1,FIXED_TWIN,11,0,1,6209.00,0.0000,0.0000,4000.0,3000.0,2.000,131072.0,0.000,0,0,131072,1,1,0,1,1,1
3,inter_out,f32,16384,glibc_t1,P5,11,1,1,7076.00,0.0000,0.0000,8000.0,0.0,3.000,196608.0,0.000,0,0,196608,2,0,0,1,1,1
3,inter_out,f32,16384,glibc_t1,P6,11,2,1,6681.00,0.0000,0.0000,8000.0,0.0,2.000,131072.0,0.000,0,0,131072,1,1,0,1,1,1
3,inter_out,f32,16384,glibc_t1,P5,12,0,1,6902.00,0.0000,0.0000,8000.0,0.0,3.000,196608.0,0.000,0,0,196608,2,0,0,1,1,1
3,inter_out,f32,16384,glibc_t1,P6,12,1,1,6464.00,0.0000,0.0000,7000.0,0.0,2.000,131072.0,0.000,0,0,131072,1,1,0,1,1,1
3,inter_out,f32,16384,glibc_t1,FIXED_TWIN,12,2,1,6423.00,0.0000,0.0000,7000.0,0.0,2.000,131072.0,0.000,0,0,131072,1,1,0,1,1,1
3,inter_out,f32,16384,glibc_t1,P6,13,0,1,6200.00,0.0000,0.0000,7000.0,0.0,2.000,131072.0,0.000,0,0,131072,1,1,0,1,1,1
3,inter_out,f32,16384,glibc_t1,FIXED_TWIN,13,1,1,6327.00,0.0000,0.0000,7000.0,0.0,2.000,131072.0,0.000,0,0,131072,1,1,0,1,1,1
3,inter_out,f32,16384,glibc_t1,P5,13,2,1,6554.00,0.0000,0.0000,8000.0,0.0,3.000,196608.0,0.000,0,0,196608,2,0,0,1,1,1
3,inter_out,f32,16384,glibc_t1,FIXED_TWIN,14,0,1,6273.00,0.0000,0.0000,7000.0,0.0,2.000,131072.0,0.000,0,0,131072,1,1,0,1,1,1
3,inter_out,f32,16384,glibc_t1,P5,14,1,1,6478.00,0.0000,0.0000,7000.0,0.0,3.000,196608.0,0.000,0,0,196608,2,0,0,1,1,1
3,inter_out,f32,16384,glibc_t1,P6,14,2,1,6250.00,0.0000,0.0000,7000.0,0.0,2.000,131072.0,0.000,0,0,131072,1,1,0,1,1,1
3,inter_out,f32,65536,glibc_t1,P5,0,0,1,29204.00,0.0000,0.0000,31000.0,0.0,3.000,786432.0,0.000,0,0,786432,2,0,0,1,1,1
3,inter_out,f32,65536,glibc_t1,P6,0,1,1,26699.00,0.0000,0.0000,28000.0,0.0,2.000,524288.0,0.000,0,0,524288,1,1,0,1,1,1
3,inter_out,f32,65536,glibc_t1,FIXED_TWIN,0,2,1,26173.00,0.0000,0.0000,27000.0,0.0,2.000,524288.0,0.000,0,0,524288,1,1,0,1,1,1
3,inter_out,f32,65536,glibc_t1,P6,1,0,1,25835.00,0.0000,0.0000,27000.0,0.0,2.000,524288.0,0.000,0,0,524288,1,1,0,1,1,1
3,inter_out,f32,65536,glibc_t1,FIXED_TWIN,1,1,1,25923.00,0.0000,0.0000,27000.0,0.0,2.000,524288.0,0.000,0,0,524288,1,1,0,1,1,1
3,inter_out,f32,65536,glibc_t1,P5,1,2,1,30286.00,0.0000,0.0000,31000.0,0.0,3.000,786432.0,0.000,0,0,786432,2,0,0,1,1,1
3,inter_out,f32,65536,glibc_t1,FIXED_TWIN,2,0,1,26990.00,0.0000,0.0000,28000.0,0.0,2.000,524288.0,0.000,0,0,524288,1,1,0,1,1,1
3,inter_out,f32,65536,glibc_t1,P5,2,1,1,30165.00,0.0000,0.0000,32000.0,0.0,3.000,786432.0,0.000,0,0,786432,2,0,0,1,1,1
3,inter_out,f32,65536,glibc_t1,P6,2,2,1,27176.00,0.0000,0.0000,28000.0,0.0,2.000,524288.0,0.000,0,0,524288,1,1,0,1,1,1
3,inter_out,f32,65536,glibc_t1,P5,3,0,1,30093.00,0.0000,0.0000,30000.0,0.0,3.000,786432.0,0.000,0,0,786432,2,0,0,1,1,1
3,inter_out,f32,65536,glibc_t1,P6,3,1,1,43244.00,0.0000,0.0000,44000.0,0.0,2.000,524288.0,0.000,0,0,524288,1,1,0,1,1,1
3,inter_out,f32,65536,glibc_t1,FIXED_TWIN,3,2,1,26224.00,0.0000,0.0000,27000.0,0.0,2.000,524288.0,0.000,0,0,524288,1,1,0,1,1,1
3,inter_out,f32,65536,glibc_t1,P6,4,0,1,25653.00,0.0000,0.0000,26000.0,0.0,2.000,524288.0,0.000,0,0,524288,1,1,0,1,1,1
3,inter_out,f32,65536,glibc_t1,FIXED_TWIN,4,1,1,26093.00,0.0000,0.0000,27000.0,0.0,2.000,524288.0,0.000,0,0,524288,1,1,0,1,1,1
3,inter_out,f32,65536,glibc_t1,P5,4,2,1,30030.00,0.0000,0.0000,31000.0,0.0,3.000,786432.0,0.000,0,0,786432,2,0,0,1,1,1
3,inter_out,f32,65536,glibc_t1,FIXED_TWIN,5,0,1,27576.00,0.0000,0.0000,29000.0,0.0,2.000,524288.0,0.000,0,0,524288,1,1,0,1,1,1
3,inter_out,f32,65536,glibc_t1,P5,5,1,1,30560.00,0.0000,0.0000,31000.0,0.0,3.000,786432.0,0.000,0,0,786432,2,0,0,1,1,1
3,inter_out,f32,65536,glibc_t1,P6,5,2,1,26709.00,0.0000,0.0000,28000.0,0.0,2.000,524288.0,0.000,0,0,524288,1,1,0,1,1,1
3,inter_out,f32,65536,glibc_t1,P5,6,0,1,29581.00,0.0000,0.0000,31000.0,0.0,3.000,786432.0,0.000,0,0,786432,2,0,0,1,1,1
3,inter_out,f32,65536,glibc_t1,P6,6,1,1,26137.00,0.0000,0.0000,27000.0,0.0,2.000,524288.0,0.000,0,0,524288,1,1,0,1,1,1
3,inter_out,f32,65536,glibc_t1,FIXED_TWIN,6,2,1,26495.00,0.0000,0.0000,28000.0,0.0,2.000,524288.0,0.000,0,0,524288,1,1,0,1,1,1
3,inter_out,f32,65536,glibc_t1,P6,7,0,1,33626.00,0.0000,0.0000,34000.0,0.0,2.000,524288.0,0.000,0,0,524288,1,1,0,1,1,1
3,inter_out,f32,65536,glibc_t1,FIXED_TWIN,7,1,1,25857.00,0.0000,0.0000,26000.0,0.0,2.000,524288.0,0.000,0,0,524288,1,1,0,1,1,1
3,inter_out,f32,65536,glibc_t1,P5,7,2,1,30566.00,0.0000,0.0000,32000.0,0.0,3.000,786432.0,0.000,0,0,786432,2,0,0,1,1,1
3,inter_out,f32,65536,glibc_t1,FIXED_TWIN,8,0,1,26043.00,0.0000,0.0000,27000.0,0.0,2.000,524288.0,0.000,0,0,524288,1,1,0,1,1,1
3,inter_out,f32,65536,glibc_t1,P5,8,1,1,30648.00,0.0000,0.0000,31000.0,0.0,3.000,786432.0,0.000,0,0,786432,2,0,0,1,1,1
3,inter_out,f32,65536,glibc_t1,P6,8,2,1,26612.00,0.0000,0.0000,28000.0,0.0,2.000,524288.0,0.000,0,0,524288,1,1,0,1,1,1
3,inter_out,f32,65536,glibc_t1,P5,9,0,1,30260.00,0.0000,0.0000,31000.0,0.0,3.000,786432.0,0.000,0,0,786432,2,0,0,1,1,1
3,inter_out,f32,65536,glibc_t1,P6,9,1,1,26376.00,0.0000,0.0000,27000.0,0.0,2.000,524288.0,0.000,0,0,524288,1,1,0,1,1,1
3,inter_out,f32,65536,glibc_t1,FIXED_TWIN,9,2,1,26459.00,0.0000,0.0000,27000.0,0.0,2.000,524288.0,0.000,0,0,524288,1,1,0,1,1,1
3,inter_out,f32,65536,glibc_t1,P6,10,0,1,26466.00,0.0000,0.0000,27000.0,0.0,2.000,524288.0,0.000,0,0,524288,1,1,0,1,1,1
3,inter_out,f32,65536,glibc_t1,FIXED_TWIN,10,1,1,25779.00,0.0000,0.0000,27000.0,0.0,2.000,524288.0,0.000,0,0,524288,1,1,0,1,1,1
3,inter_out,f32,65536,glibc_t1,P5,10,2,1,40599.00,0.0000,0.0000,42000.0,0.0,3.000,786432.0,0.000,0,0,786432,2,0,0,1,1,1
3,inter_out,f32,65536,glibc_t1,FIXED_TWIN,11,0,1,25909.00,0.0000,0.0000,26000.0,0.0,2.000,524288.0,0.000,0,0,524288,1,1,0,1,1,1
3,inter_out,f32,65536,glibc_t1,P5,11,1,1,30082.00,0.0000,0.0000,31000.0,0.0,3.000,786432.0,0.000,0,0,786432,2,0,0,1,1,1
3,inter_out,f32,65536,glibc_t1,P6,11,2,1,27013.00,0.0000,0.0000,28000.0,0.0,2.000,524288.0,0.000,0,0,524288,1,1,0,1,1,1
3,inter_out,f32,65536,glibc_t1,P5,12,0,1,30455.00,0.0000,0.0000,31000.0,0.0,3.000,786432.0,0.000,0,0,786432,2,0,0,1,1,1
3,inter_out,f32,65536,glibc_t1,P6,12,1,1,26443.00,0.0000,0.0000,27000.0,0.0,2.000,524288.0,0.000,0,0,524288,1,1,0,1,1,1
3,inter_out,f32,65536,glibc_t1,FIXED_TWIN,12,2,1,25887.00,0.0000,0.0000,27000.0,0.0,2.000,524288.0,0.000,0,0,524288,1,1,0,1,1,1
3,inter_out,f32,65536,glibc_t1,P6,13,0,1,42827.00,0.0000,0.0000,44000.0,0.0,2.000,524288.0,0.000,0,0,524288,1,1,0,1,1,1
3,inter_out,f32,65536,glibc_t1,FIXED_TWIN,13,1,1,26379.00,0.0000,0.0000,27000.0,0.0,2.000,524288.0,0.000,0,0,524288,1,1,0,1,1,1
3,inter_out,f32,65536,glibc_t1,P5,13,2,1,30591.00,0.0000,0.0000,31000.0,0.0,3.000,786432.0,0.000,0,0,786432,2,0,0,1,1,1
3,inter_out,f32,65536,glibc_t1,FIXED_TWIN,14,0,1,26442.00,0.0000,0.0000,28000.0,0.0,2.000,524288.0,0.000,0,0,524288,1,1,0,1,1,1
3,inter_out,f32,65536,glibc_t1,P5,14,1,1,30630.00,0.0000,0.0000,31000.0,0.0,3.000,786432.0,0.000,0,0,786432,2,0,0,1,1,1
3,inter_out,f32,65536,glibc_t1,P6,14,2,1,27257.00,0.0000,0.0000,28000.0,0.0,2.000,524288.0,0.000,0,0,524288,1,1,0,1,1,1
3,inter_out,f32,262144,glibc_t1,P5,0,0,1,309525.00,0.0000,0.0000,314000.0,0.0,3.000,3145728.0,0.000,0,0,3145728,2,0,0,1,1,1
3,inter_out,f32,262144,glibc_t1,P6,0,1,1,261895.00,0.0000,0.0000,266000.0,0.0,2.000,2097152.0,0.000,0,0,2097152,1,1,0,1,1,1
3,inter_out,f32,262144,glibc_t1,FIXED_TWIN,0,2,1,238840.00,0.0000,0.0000,242000.0,0.0,2.000,2097152.0,0.000,0,0,2097152,1,1,0,1,1,1
3,inter_out,f32,262144,glibc_t1,P6,1,0,1,240070.00,0.0000,0.0000,243000.0,0.0,2.000,2097152.0,0.000,0,0,2097152,1,1,0,1,1,1
3,inter_out,f32,262144,glibc_t1,FIXED_TWIN,1,1,1,309441.00,0.0000,0.0000,313000.0,0.0,2.000,2097152.0,0.000,0,0,2097152,1,1,0,1,1,1
3,inter_out,f32,262144,glibc_t1,P5,1,2,1,321360.00,0.0000,0.0000,325000.0,0.0,3.000,3145728.0,0.000,0,0,3145728,2,0,0,1,1,1
3,inter_out,f32,262144,glibc_t1,FIXED_TWIN,2,0,1,239474.00,0.0000,0.0000,241000.0,0.0,2.000,2097152.0,0.000,0,0,2097152,1,1,0,1,1,1
3,inter_out,f32,262144,glibc_t1,P5,2,1,1,295658.00,0.0000,0.0000,298000.0,0.0,3.000,3145728.0,0.000,0,0,3145728,2,0,0,1,1,1
3,inter_out,f32,262144,glibc_t1,P6,2,2,1,249598.00,0.0000,0.0000,253000.0,0.0,2.000,2097152.0,0.000,0,0,2097152,1,1,0,1,1,1
3,inter_out,f32,262144,glibc_t1,P5,3,0,1,304233.00,0.0000,0.0000,307000.0,0.0,3.000,3145728.0,0.000,0,0,3145728,2,0,0,1,1,1
3,inter_out,f32,262144,glibc_t1,P6,3,1,1,238894.00,0.0000,0.0000,242000.0,0.0,2.000,2097152.0,0.000,0,0,2097152,1,1,0,1,1,1
3,inter_out,f32,262144,glibc_t1,FIXED_TWIN,3,2,1,272534.00,0.0000,0.0000,275000.0,0.0,2.000,2097152.0,0.000,0,0,2097152,1,1,0,1,1,1
3,inter_out,f32,262144,glibc_t1,P6,4,0,1,265493.00,0.0000,0.0000,270000.0,0.0,2.000,2097152.0,0.000,0,0,2097152,1,1,0,1,1,1
3,inter_out,f32,262144,glibc_t1,FIXED_TWIN,4,1,1,263008.00,0.0000,0.0000,265000.0,0.0,2.000,2097152.0,0.000,0,0,2097152,1,1,0,1,1,1
3,inter_out,f32,262144,glibc_t1,P5,4,2,1,298651.00,0.0000,0.0000,302000.0,0.0,3.000,3145728.0,0.000,0,0,3145728,2,0,0,1,1,1
3,inter_out,f32,262144,glibc_t1,FIXED_TWIN,5,0,1,241375.00,0.0000,0.0000,243000.0,0.0,2.000,2097152.0,0.000,0,0,2097152,1,1,0,1,1,1
3,inter_out,f32,262144,glibc_t1,P5,5,1,1,302440.00,0.0000,0.0000,304000.0,0.0,3.000,3145728.0,0.000,0,0,3145728,2,0,0,1,1,1
3,inter_out,f32,262144,glibc_t1,P6,5,2,1,246233.00,0.0000,0.0000,249000.0,0.0,2.000,2097152.0,0.000,0,0,2097152,1,1,0,1,1,1
3,inter_out,f32,262144,glibc_t1,P5,6,0,1,324874.00,0.0000,0.0000,327000.0,0.0,3.000,3145728.0,0.000,0,0,3145728,2,0,0,1,1,1
3,inter_out,f32,262144,glibc_t1,P6,6,1,1,279125.00,0.0000,0.0000,283000.0,0.0,2.000,2097152.0,0.000,0,0,2097152,1,1,0,1,1,1
3,inter_out,f32,262144,glibc_t1,FIXED_TWIN,6,2,1,263119.00,0.0000,0.0000,266000.0,0.0,2.000,2097152.0,0.000,0,0,2097152,1,1,0,1,1,1
3,inter_out,f32,262144,glibc_t1,P6,7,0,1,260769.00,0.0000,0.0000,263000.0,0.0,2.000,2097152.0,0.000,0,0,2097152,1,1,0,1,1,1
3,inter_out,f32,262144,glibc_t1,FIXED_TWIN,7,1,1,240012.00,0.0000,0.0000,242000.0,0.0,2.000,2097152.0,0.000,0,0,2097152,1,1,0,1,1,1
3,inter_out,f32,262144,glibc_t1,P5,7,2,1,295059.00,0.0000,0.0000,298000.0,0.0,3.000,3145728.0,0.000,0,0,3145728,2,0,0,1,1,1
3,inter_out,f32,262144,glibc_t1,FIXED_TWIN,8,0,1,253241.00,0.0000,0.0000,256000.0,0.0,2.000,2097152.0,0.000,0,0,2097152,1,1,0,1,1,1
3,inter_out,f32,262144,glibc_t1,P5,8,1,1,303808.00,0.0000,0.0000,306000.0,0.0,3.000,3145728.0,0.000,0,0,3145728,2,0,0,1,1,1
3,inter_out,f32,262144,glibc_t1,P6,8,2,1,239553.00,0.0000,0.0000,242000.0,0.0,2.000,2097152.0,0.000,0,0,2097152,1,1,0,1,1,1
3,inter_out,f32,262144,glibc_t1,P5,9,0,1,316874.00,0.0000,0.0000,320000.0,0.0,3.000,3145728.0,0.000,0,0,3145728,2,0,0,1,1,1
3,inter_out,f32,262144,glibc_t1,P6,9,1,1,261275.00,0.0000,0.0000,264000.0,0.0,2.000,2097152.0,0.000,0,0,2097152,1,1,0,1,1,1
3,inter_out,f32,262144,glibc_t1,FIXED_TWIN,9,2,1,267220.00,0.0000,0.0000,269000.0,0.0,2.000,2097152.0,0.000,0,0,2097152,1,1,0,1,1,1
3,inter_out,f32,262144,glibc_t1,P6,10,0,1,251449.00,0.0000,0.0000,254000.0,0.0,2.000,2097152.0,0.000,0,0,2097152,1,1,0,1,1,1
3,inter_out,f32,262144,glibc_t1,FIXED_TWIN,10,1,1,247870.00,0.0000,0.0000,251000.0,0.0,2.000,2097152.0,0.000,0,0,2097152,1,1,0,1,1,1
3,inter_out,f32,262144,glibc_t1,P5,10,2,1,302247.00,0.0000,0.0000,304000.0,0.0,3.000,3145728.0,0.000,0,0,3145728,2,0,0,1,1,1
3,inter_out,f32,262144,glibc_t1,FIXED_TWIN,11,0,1,240028.00,0.0000,0.0000,242000.0,0.0,2.000,2097152.0,0.000,0,0,2097152,1,1,0,1,1,1
3,inter_out,f32,262144,glibc_t1,P5,11,1,1,310991.00,0.0000,0.0000,314000.0,0.0,3.000,3145728.0,0.000,0,0,3145728,2,0,0,1,1,1
3,inter_out,f32,262144,glibc_t1,P6,11,2,1,268649.00,0.0000,0.0000,271000.0,0.0,2.000,2097152.0,0.000,0,0,2097152,1,1,0,1,1,1
3,inter_out,f32,262144,glibc_t1,P5,12,0,1,305405.00,0.0000,0.0000,307000.0,0.0,3.000,3145728.0,0.000,0,0,3145728,2,0,0,1,1,1
3,inter_out,f32,262144,glibc_t1,P6,12,1,1,239505.00,0.0000,0.0000,242000.0,0.0,2.000,2097152.0,0.000,0,0,2097152,1,1,0,1,1,1
3,inter_out,f32,262144,glibc_t1,FIXED_TWIN,12,2,1,246968.00,0.0000,0.0000,249000.0,0.0,2.000,2097152.0,0.000,0,0,2097152,1,1,0,1,1,1
3,inter_out,f32,262144,glibc_t1,P6,13,0,1,261195.00,0.0000,0.0000,264000.0,0.0,2.000,2097152.0,0.000,0,0,2097152,1,1,0,1,1,1
3,inter_out,f32,262144,glibc_t1,FIXED_TWIN,13,1,1,262094.00,0.0000,0.0000,266000.0,0.0,2.000,2097152.0,0.000,0,0,2097152,1,1,0,1,1,1
3,inter_out,f32,262144,glibc_t1,P5,13,2,1,318512.00,0.0000,0.0000,322000.0,0.0,3.000,3145728.0,0.000,0,0,3145728,2,0,0,1,1,1
3,inter_out,f32,262144,glibc_t1,FIXED_TWIN,14,0,1,264084.00,0.0000,0.0000,268000.0,0.0,2.000,2097152.0,0.000,0,0,2097152,1,1,0,1,1,1
3,inter_out,f32,262144,glibc_t1,P5,14,1,1,315753.00,0.0000,0.0000,319000.0,0.0,3.000,3145728.0,0.000,0,0,3145728,2,0,0,1,1,1
3,inter_out,f32,262144,glibc_t1,P6,14,2,1,251593.00,0.0000,0.0000,255000.0,0.0,2.000,2097152.0,0.000,0,0,2097152,1,1,0,1,1,1
3,inter_out,f32,1048576,glibc_t1,P5,0,0,1,1351756.00,0.0000,0.0000,1357000.0,0.0,3.000,12582912.0,0.000,0,0,12582912,2,0,0,1,1,1
3,inter_out,f32,1048576,glibc_t1,P6,0,1,1,1143772.00,0.0000,0.0000,1147000.0,0.0,2.000,8388608.0,0.000,0,0,8388608,1,1,0,1,1,1
3,inter_out,f32,1048576,glibc_t1,FIXED_TWIN,0,2,1,1337651.00,0.0000,0.0000,1343000.0,0.0,2.000,8388608.0,0.000,0,0,8388608,1,1,0,1,1,1
3,inter_out,f32,1048576,glibc_t1,P6,1,0,1,1166998.00,0.0000,0.0000,1171000.0,0.0,2.000,8388608.0,0.000,0,0,8388608,1,1,0,1,1,1
3,inter_out,f32,1048576,glibc_t1,FIXED_TWIN,1,1,1,1163671.00,0.0000,0.0000,1167000.0,0.0,2.000,8388608.0,0.000,0,0,8388608,1,1,0,1,1,1
3,inter_out,f32,1048576,glibc_t1,P5,1,2,1,1392423.00,0.0000,0.0000,1395000.0,0.0,3.000,12582912.0,0.000,0,0,12582912,2,0,0,1,1,1
3,inter_out,f32,1048576,glibc_t1,FIXED_TWIN,2,0,1,1187828.00,0.0000,0.0000,1191000.0,0.0,2.000,8388608.0,0.000,0,0,8388608,1,1,0,1,1,1
3,inter_out,f32,1048576,glibc_t1,P5,2,1,1,1313038.00,0.0000,0.0000,1316000.0,0.0,3.000,12582912.0,0.000,0,0,12582912,2,0,0,1,1,1
3,inter_out,f32,1048576,glibc_t1,P6,2,2,1,1159377.00,0.0000,0.0000,1163000.0,0.0,2.000,8388608.0,0.000,0,0,8388608,1,1,0,1,1,1
3,inter_out,f32,1048576,glibc_t1,P5,3,0,1,1347337.00,0.0000,0.0000,1350000.0,0.0,3.000,12582912.0,0.000,0,0,12582912,2,0,0,1,1,1
3,inter_out,f32,1048576,glibc_t1,P6,3,1,1,1173730.00,0.0000,0.0000,1176000.0,0.0,2.000,8388608.0,0.000,0,0,8388608,1,1,0,1,1,1
3,inter_out,f32,1048576,glibc_t1,FIXED_TWIN,3,2,1,1156939.00,0.0000,0.0000,1160000.0,0.0,2.000,8388608.0,0.000,0,0,8388608,1,1,0,1,1,1
3,inter_out,f32,1048576,glibc_t1,P6,4,0,1,1136973.00,0.0000,0.0000,1140000.0,0.0,2.000,8388608.0,0.000,0,0,8388608,1,1,0,1,1,1
3,inter_out,f32,1048576,glibc_t1,FIXED_TWIN,4,1,1,1178464.00,0.0000,0.0000,1183000.0,0.0,2.000,8388608.0,0.000,0,0,8388608,1,1,0,1,1,1
3,inter_out,f32,1048576,glibc_t1,P5,4,2,1,1383446.00,0.0000,0.0000,1388000.0,0.0,3.000,12582912.0,0.000,0,0,12582912,2,0,0,1,1,1
3,inter_out,f32,1048576,glibc_t1,FIXED_TWIN,5,0,1,1191457.00,0.0000,0.0000,1195000.0,0.0,2.000,8388608.0,0.000,0,0,8388608,1,1,0,1,1,1
3,inter_out,f32,1048576,glibc_t1,P5,5,1,1,1315098.00,0.0000,0.0000,1319000.0,0.0,3.000,12582912.0,0.000,0,0,12582912,2,0,0,1,1,1
3,inter_out,f32,1048576,glibc_t1,P6,5,2,1,1171568.00,0.0000,0.0000,1175000.0,0.0,2.000,8388608.0,0.000,0,0,8388608,1,1,0,1,1,1
3,inter_out,f32,1048576,glibc_t1,P5,6,0,1,1297510.00,0.0000,0.0000,1300000.0,0.0,3.000,12582912.0,0.000,0,0,12582912,2,0,0,1,1,1
3,inter_out,f32,1048576,glibc_t1,P6,6,1,1,1215724.00,0.0000,0.0000,1219000.0,0.0,2.000,8388608.0,0.000,0,0,8388608,1,1,0,1,1,1
3,inter_out,f32,1048576,glibc_t1,FIXED_TWIN,6,2,1,1189304.00,0.0000,0.0000,1193000.0,0.0,2.000,8388608.0,0.000,0,0,8388608,1,1,0,1,1,1
3,inter_out,f32,1048576,glibc_t1,P6,7,0,1,1212385.00,0.0000,0.0000,1218000.0,0.0,2.000,8388608.0,0.000,0,0,8388608,1,1,0,1,1,1
3,inter_out,f32,1048576,glibc_t1,FIXED_TWIN,7,1,1,1205004.00,0.0000,0.0000,1209000.0,0.0,2.000,8388608.0,0.000,0,0,8388608,1,1,0,1,1,1
3,inter_out,f32,1048576,glibc_t1,P5,7,2,1,1403749.00,0.0000,0.0000,1408000.0,0.0,3.000,12582912.0,0.000,0,0,12582912,2,0,0,1,1,1
3,inter_out,f32,1048576,glibc_t1,FIXED_TWIN,8,0,1,1195684.00,0.0000,0.0000,1199000.0,0.0,2.000,8388608.0,0.000,0,0,8388608,1,1,0,1,1,1
3,inter_out,f32,1048576,glibc_t1,P5,8,1,1,1428721.00,0.0000,0.0000,1382000.0,0.0,3.000,12582912.0,0.000,0,0,12582912,2,0,0,1,1,1
3,inter_out,f32,1048576,glibc_t1,P6,8,2,1,1182085.00,0.0000,0.0000,1185000.0,0.0,2.000,8388608.0,0.000,0,0,8388608,1,1,0,1,1,1
3,inter_out,f32,1048576,glibc_t1,P5,9,0,1,1306224.00,0.0000,0.0000,1311000.0,0.0,3.000,12582912.0,0.000,0,0,12582912,2,0,0,1,1,1
3,inter_out,f32,1048576,glibc_t1,P6,9,1,1,1164555.00,0.0000,0.0000,1168000.0,0.0,2.000,8388608.0,0.000,0,0,8388608,1,1,0,1,1,1
3,inter_out,f32,1048576,glibc_t1,FIXED_TWIN,9,2,1,1181601.00,0.0000,0.0000,1184000.0,0.0,2.000,8388608.0,0.000,0,0,8388608,1,1,0,1,1,1
3,inter_out,f32,1048576,glibc_t1,P6,10,0,1,1176950.00,0.0000,0.0000,1181000.0,0.0,2.000,8388608.0,0.000,0,0,8388608,1,1,0,1,1,1
3,inter_out,f32,1048576,glibc_t1,FIXED_TWIN,10,1,1,1152069.00,0.0000,0.0000,1155000.0,0.0,2.000,8388608.0,0.000,0,0,8388608,1,1,0,1,1,1
3,inter_out,f32,1048576,glibc_t1,P5,10,2,1,1395327.00,0.0000,0.0000,1398000.0,0.0,3.000,12582912.0,0.000,0,0,12582912,2,0,0,1,1,1
3,inter_out,f32,1048576,glibc_t1,FIXED_TWIN,11,0,1,1159816.00,0.0000,0.0000,1164000.0,0.0,2.000,8388608.0,0.000,0,0,8388608,1,1,0,1,1,1
3,inter_out,f32,1048576,glibc_t1,P5,11,1,1,1328763.00,0.0000,0.0000,1332000.0,0.0,3.000,12582912.0,0.000,0,0,12582912,2,0,0,1,1,1
3,inter_out,f32,1048576,glibc_t1,P6,11,2,1,1211833.00,0.0000,0.0000,1217000.0,0.0,2.000,8388608.0,0.000,0,0,8388608,1,1,0,1,1,1
3,inter_out,f32,1048576,glibc_t1,P5,12,0,1,1331804.00,0.0000,0.0000,1335000.0,0.0,3.000,12582912.0,0.000,0,0,12582912,2,0,0,1,1,1
3,inter_out,f32,1048576,glibc_t1,P6,12,1,1,1157107.00,0.0000,0.0000,1160000.0,0.0,2.000,8388608.0,0.000,0,0,8388608,1,1,0,1,1,1
3,inter_out,f32,1048576,glibc_t1,FIXED_TWIN,12,2,1,1143667.00,0.0000,0.0000,1147000.0,0.0,2.000,8388608.0,0.000,0,0,8388608,1,1,0,1,1,1
3,inter_out,f32,1048576,glibc_t1,P6,13,0,1,1162556.00,0.0000,0.0000,1166000.0,0.0,2.000,8388608.0,0.000,0,0,8388608,1,1,0,1,1,1
3,inter_out,f32,1048576,glibc_t1,FIXED_TWIN,13,1,1,1186891.00,0.0000,0.0000,1190000.0,0.0,2.000,8388608.0,0.000,0,0,8388608,1,1,0,1,1,1
3,inter_out,f32,1048576,glibc_t1,P5,13,2,1,1419991.00,0.0000,0.0000,1423000.0,0.0,3.000,12582912.0,0.000,0,0,12582912,2,0,0,1,1,1
3,inter_out,f32,1048576,glibc_t1,FIXED_TWIN,14,0,1,1163570.00,0.0000,0.0000,1167000.0,0.0,2.000,8388608.0,0.000,0,0,8388608,1,1,0,1,1,1
3,inter_out,f32,1048576,glibc_t1,P5,14,1,1,1334612.00,0.0000,0.0000,1339000.0,0.0,3.000,12582912.0,0.000,0,0,12582912,2,0,0,1,1,1
3,inter_out,f32,1048576,glibc_t1,P6,14,2,1,1159156.00,0.0000,0.0000,1162000.0,0.0,2.000,8388608.0,0.000,0,0,8388608,1,1,0,1,1,1
3,inter_out,f32,4194304,glibc_t1,P5,0,0,1,7124008.00,0.0000,0.0000,5559000.0,1572000.0,3.000,50331648.0,0.000,0,0,50331648,2,0,0,1,1,1
3,inter_out,f32,4194304,glibc_t1,P6,0,1,1,5660922.00,0.0000,0.0000,5669000.0,0.0,2.000,33554432.0,0.000,0,0,33554432,1,1,0,1,1,1
3,inter_out,f32,4194304,glibc_t1,FIXED_TWIN,0,2,1,5667897.00,0.0000,0.0000,5672000.0,0.0,2.000,33554432.0,0.000,0,0,33554432,1,1,0,1,1,1
3,inter_out,f32,4194304,glibc_t1,P6,1,0,1,5923650.00,0.0000,0.0000,5928000.0,0.0,2.000,33554432.0,0.000,0,0,33554432,1,1,0,1,1,1
3,inter_out,f32,4194304,glibc_t1,FIXED_TWIN,1,1,1,5783700.00,0.0000,0.0000,5788000.0,0.0,2.000,33554432.0,0.000,0,0,33554432,1,1,0,1,1,1
3,inter_out,f32,4194304,glibc_t1,P5,1,2,1,7453780.00,0.0000,0.0000,7402000.0,56000.0,3.000,50331648.0,0.000,0,0,50331648,2,0,0,1,1,1
3,inter_out,f32,4194304,glibc_t1,FIXED_TWIN,2,0,1,6367225.00,0.0000,0.0000,6373000.0,0.0,2.000,33554432.0,0.000,0,0,33554432,1,1,0,1,1,1
3,inter_out,f32,4194304,glibc_t1,P5,2,1,1,7753360.00,0.0000,0.0000,7758000.0,0.0,3.000,50331648.0,0.000,0,0,50331648,2,0,0,1,1,1
3,inter_out,f32,4194304,glibc_t1,P6,2,2,1,6203716.00,0.0000,0.0000,6209000.0,0.0,2.000,33554432.0,0.000,0,0,33554432,1,1,0,1,1,1
3,inter_out,f32,4194304,glibc_t1,P5,3,0,1,7373818.00,0.0000,0.0000,7378000.0,0.0,3.000,50331648.0,0.000,0,0,50331648,2,0,0,1,1,1
3,inter_out,f32,4194304,glibc_t1,P6,3,1,1,6299259.00,0.0000,0.0000,6304000.0,0.0,2.000,33554432.0,0.000,0,0,33554432,1,1,0,1,1,1
3,inter_out,f32,4194304,glibc_t1,FIXED_TWIN,3,2,1,6282372.00,0.0000,0.0000,6287000.0,0.0,2.000,33554432.0,0.000,0,0,33554432,1,1,0,1,1,1
3,inter_out,f32,4194304,glibc_t1,P6,4,0,1,6228561.00,0.0000,0.0000,6232000.0,0.0,2.000,33554432.0,0.000,0,0,33554432,1,1,0,1,1,1
3,inter_out,f32,4194304,glibc_t1,FIXED_TWIN,4,1,1,5817003.00,0.0000,0.0000,5822000.0,0.0,2.000,33554432.0,0.000,0,0,33554432,1,1,0,1,1,1
3,inter_out,f32,4194304,glibc_t1,P5,4,2,1,7134168.00,0.0000,0.0000,7138000.0,0.0,3.000,50331648.0,0.000,0,0,50331648,2,0,0,1,1,1
3,inter_out,f32,4194304,glibc_t1,FIXED_TWIN,5,0,1,6161088.00,0.0000,0.0000,6166000.0,0.0,2.000,33554432.0,0.000,0,0,33554432,1,1,0,1,1,1
3,inter_out,f32,4194304,glibc_t1,P5,5,1,1,7344233.00,0.0000,0.0000,7348000.0,0.0,3.000,50331648.0,0.000,0,0,50331648,2,0,0,1,1,1
3,inter_out,f32,4194304,glibc_t1,P6,5,2,1,6184849.00,0.0000,0.0000,6189000.0,0.0,2.000,33554432.0,0.000,0,0,33554432,1,1,0,1,1,1
3,inter_out,f32,4194304,glibc_t1,P5,6,0,1,7394403.00,0.0000,0.0000,7398000.0,0.0,3.000,50331648.0,0.000,0,0,50331648,2,0,0,1,1,1
3,inter_out,f32,4194304,glibc_t1,P6,6,1,1,6022614.00,0.0000,0.0000,6027000.0,0.0,2.000,33554432.0,0.000,0,0,33554432,1,1,0,1,1,1
3,inter_out,f32,4194304,glibc_t1,FIXED_TWIN,6,2,1,6022678.00,0.0000,0.0000,6027000.0,0.0,2.000,33554432.0,0.000,0,0,33554432,1,1,0,1,1,1
3,inter_out,f32,4194304,glibc_t1,P6,7,0,1,5892124.00,0.0000,0.0000,5897000.0,0.0,2.000,33554432.0,0.000,0,0,33554432,1,1,0,1,1,1
3,inter_out,f32,4194304,glibc_t1,FIXED_TWIN,7,1,1,6319021.00,0.0000,0.0000,6324000.0,0.0,2.000,33554432.0,0.000,0,0,33554432,1,1,0,1,1,1
3,inter_out,f32,4194304,glibc_t1,P5,7,2,1,8096766.00,0.0000,0.0000,8101000.0,0.0,3.000,50331648.0,0.000,0,0,50331648,2,0,0,1,1,1
3,inter_out,f32,4194304,glibc_t1,FIXED_TWIN,8,0,1,5853296.00,0.0000,0.0000,5857000.0,0.0,2.000,33554432.0,0.000,0,0,33554432,1,1,0,1,1,1
3,inter_out,f32,4194304,glibc_t1,P5,8,1,1,7192710.00,0.0000,0.0000,7197000.0,0.0,3.000,50331648.0,0.000,0,0,50331648,2,0,0,1,1,1
3,inter_out,f32,4194304,glibc_t1,P6,8,2,1,6350825.00,0.0000,0.0000,6357000.0,0.0,2.000,33554432.0,0.000,0,0,33554432,1,1,0,1,1,1
3,inter_out,f32,4194304,glibc_t1,P5,9,0,1,7424873.00,0.0000,0.0000,7430000.0,0.0,3.000,50331648.0,0.000,0,0,50331648,2,0,0,1,1,1
3,inter_out,f32,4194304,glibc_t1,P6,9,1,1,6160401.00,0.0000,0.0000,6165000.0,0.0,2.000,33554432.0,0.000,0,0,33554432,1,1,0,1,1,1
3,inter_out,f32,4194304,glibc_t1,FIXED_TWIN,9,2,1,6261552.00,0.0000,0.0000,6257000.0,9000.0,2.000,33554432.0,0.000,0,0,33554432,1,1,0,1,1,1
3,inter_out,f32,4194304,glibc_t1,P6,10,0,1,6145961.00,0.0000,0.0000,6150000.0,0.0,2.000,33554432.0,0.000,0,0,33554432,1,1,0,1,1,1
3,inter_out,f32,4194304,glibc_t1,FIXED_TWIN,10,1,1,6372991.00,0.0000,0.0000,6377000.0,0.0,2.000,33554432.0,0.000,0,0,33554432,1,1,0,1,1,1
3,inter_out,f32,4194304,glibc_t1,P5,10,2,1,9146103.00,0.0000,0.0000,9151000.0,0.0,3.000,50331648.0,0.000,0,0,50331648,2,0,0,1,1,1
3,inter_out,f32,4194304,glibc_t1,FIXED_TWIN,11,0,1,6718218.00,0.0000,0.0000,6724000.0,0.0,2.000,33554432.0,0.000,0,0,33554432,1,1,0,1,1,1
3,inter_out,f32,4194304,glibc_t1,P5,11,1,1,7977591.00,0.0000,0.0000,7983000.0,0.0,3.000,50331648.0,0.000,0,0,50331648,2,0,0,1,1,1
3,inter_out,f32,4194304,glibc_t1,P6,11,2,1,6463410.00,0.0000,0.0000,6469000.0,0.0,2.000,33554432.0,0.000,0,0,33554432,1,1,0,1,1,1
3,inter_out,f32,4194304,glibc_t1,P5,12,0,1,7584742.00,0.0000,0.0000,7590000.0,0.0,3.000,50331648.0,0.000,0,0,50331648,2,0,0,1,1,1
3,inter_out,f32,4194304,glibc_t1,P6,12,1,1,6346150.00,0.0000,0.0000,6351000.0,0.0,2.000,33554432.0,0.000,0,0,33554432,1,1,0,1,1,1
3,inter_out,f32,4194304,glibc_t1,FIXED_TWIN,12,2,1,6489261.00,0.0000,0.0000,6495000.0,0.0,2.000,33554432.0,0.000,0,0,33554432,1,1,0,1,1,1
3,inter_out,f32,4194304,glibc_t1,P6,13,0,1,6246983.00,0.0000,0.0000,6252000.0,0.0,2.000,33554432.0,0.000,0,0,33554432,1,1,0,1,1,1
3,inter_out,f32,4194304,glibc_t1,FIXED_TWIN,13,1,1,6231306.00,0.0000,0.0000,6236000.0,0.0,2.000,33554432.0,0.000,0,0,33554432,1,1,0,1,1,1
3,inter_out,f32,4194304,glibc_t1,P5,13,2,1,7646584.00,0.0000,0.0000,7651000.0,0.0,3.000,50331648.0,0.000,0,0,50331648,2,0,0,1,1,1
3,inter_out,f32,4194304,glibc_t1,FIXED_TWIN,14,0,1,6328596.00,0.0000,0.0000,6334000.0,0.0,2.000,33554432.0,0.000,0,0,33554432,1,1,0,1,1,1
3,inter_out,f32,4194304,glibc_t1,P5,14,1,1,7452136.00,0.0000,0.0000,7457000.0,0.0,3.000,50331648.0,0.000,0,0,50331648,2,0,0,1,1,1
3,inter_out,f32,4194304,glibc_t1,P6,14,2,1,6653054.00,0.0000,0.0000,6658000.0,0.0,2.000,33554432.0,0.000,0,0,33554432,1,1,0,1,1,1
3,inter_out,f32,16777216,glibc_t1,P5,0,0,1,114149982.00,49155.0000,0.0000,29085000.0,85070000.0,3.000,201326592.0,0.000,0,0,201326592,2,0,0,1,1,1
3,inter_out,f32,16777216,glibc_t1,P6,0,1,1,89198058.00,32770.0000,0.0000,30597000.0,58607000.0,2.000,134217728.0,0.000,0,0,134217728,1,1,0,1,1,1
3,inter_out,f32,16777216,glibc_t1,FIXED_TWIN,0,2,1,88903151.00,32770.0000,0.0000,36457000.0,52453000.0,2.000,134217728.0,0.000,0,0,134217728,1,1,0,1,1,1
3,inter_out,f32,16777216,glibc_t1,P6,1,0,1,88860884.00,32770.0000,0.0000,24426000.0,64422000.0,2.000,134217728.0,0.000,0,0,134217728,1,1,0,1,1,1
3,inter_out,f32,16777216,glibc_t1,FIXED_TWIN,1,1,1,88480097.00,32770.0000,0.0000,32245000.0,56230000.0,2.000,134217728.0,0.000,0,0,134217728,1,1,0,1,1,1
3,inter_out,f32,16777216,glibc_t1,P5,1,2,1,117182251.00,49155.0000,0.0000,40596000.0,76592000.0,3.000,201326592.0,0.000,0,0,201326592,2,0,0,1,1,1
3,inter_out,f32,16777216,glibc_t1,FIXED_TWIN,2,0,1,91891145.00,32770.0000,0.0000,35950000.0,55832000.0,2.000,134217728.0,0.000,0,0,134217728,1,1,0,1,1,1
3,inter_out,f32,16777216,glibc_t1,P5,2,1,1,118134761.00,49155.0000,0.0000,41072000.0,77069000.0,3.000,201326592.0,0.000,0,0,201326592,2,0,0,1,1,1
3,inter_out,f32,16777216,glibc_t1,P6,2,2,1,89219794.00,32770.0000,0.0000,24615000.0,64612000.0,2.000,134217728.0,0.000,0,0,134217728,1,1,0,1,1,1
3,inter_out,f32,16777216,glibc_t1,P5,3,0,1,116278609.00,49155.0000,0.0000,20143000.0,96141000.0,3.000,201326592.0,0.000,0,0,201326592,2,0,0,1,1,1
3,inter_out,f32,16777216,glibc_t1,P6,3,1,1,89944078.00,32770.0000,0.0000,34978000.0,54941000.0,2.000,134217728.0,0.000,0,0,134217728,1,1,0,1,1,1
3,inter_out,f32,16777216,glibc_t1,FIXED_TWIN,3,2,1,90080079.00,32770.0000,0.0000,27047000.0,63039000.0,2.000,134217728.0,0.000,0,0,134217728,1,1,0,1,1,1
3,inter_out,f32,16777216,glibc_t1,P6,4,0,1,89360978.00,32770.0000,0.0000,24662000.0,64684000.0,2.000,134217728.0,0.000,0,0,134217728,1,1,0,1,1,1
3,inter_out,f32,16777216,glibc_t1,FIXED_TWIN,4,1,1,87791586.00,32770.0000,0.0000,23900000.0,63897000.0,2.000,134217728.0,0.000,0,0,134217728,1,1,0,1,1,1
3,inter_out,f32,16777216,glibc_t1,P5,4,2,1,116287425.00,49155.0000,0.0000,20149000.0,96144000.0,3.000,201326592.0,0.000,0,0,201326592,2,0,0,1,1,1
3,inter_out,f32,16777216,glibc_t1,FIXED_TWIN,5,0,1,90829705.00,32770.0000,0.0000,25405000.0,65421000.0,2.000,134217728.0,0.000,0,0,134217728,1,1,0,1,1,1
3,inter_out,f32,16777216,glibc_t1,P5,5,1,1,115229014.00,49155.0000,0.0000,15623000.0,99612000.0,3.000,201326592.0,0.000,0,0,201326592,2,0,0,1,1,1
3,inter_out,f32,16777216,glibc_t1,P6,5,2,1,88879333.00,32770.0000,0.0000,24441000.0,64445000.0,2.000,134217728.0,0.000,0,0,134217728,1,1,0,1,1,1
3,inter_out,f32,16777216,glibc_t1,P5,6,0,1,116180776.00,49155.0000,0.0000,34113000.0,82073000.0,3.000,201326592.0,0.000,0,0,201326592,2,0,0,1,1,1
3,inter_out,f32,16777216,glibc_t1,P6,6,1,1,90305169.00,32770.0000,0.0000,41102000.0,49162000.0,2.000,134217728.0,0.000,0,0,134217728,1,1,0,1,1,1
3,inter_out,f32,16777216,glibc_t1,FIXED_TWIN,6,2,1,93306193.00,32770.0000,0.0000,16648000.0,76659000.0,2.000,134217728.0,0.000,0,0,134217728,1,1,0,1,1,1
3,inter_out,f32,16777216,glibc_t1,P6,7,0,1,89222364.00,32770.0000,0.0000,26631000.0,62598000.0,2.000,134217728.0,0.000,0,0,134217728,1,1,0,1,1,1
3,inter_out,f32,16777216,glibc_t1,FIXED_TWIN,7,1,1,90634431.00,32770.0000,0.0000,31329000.0,59312000.0,2.000,134217728.0,0.000,0,0,134217728,1,1,0,1,1,1
3,inter_out,f32,16777216,glibc_t1,P5,7,2,1,116595450.00,49155.0000,0.0000,32294000.0,84299000.0,3.000,201326592.0,0.000,0,0,201326592,2,0,0,1,1,1
3,inter_out,f32,16777216,glibc_t1,FIXED_TWIN,8,0,1,90310037.00,32770.0000,0.0000,15172000.0,75145000.0,2.000,134217728.0,0.000,0,0,134217728,1,1,0,1,1,1
3,inter_out,f32,16777216,glibc_t1,P5,8,1,1,115603859.00,49155.0000,0.0000,35812000.0,79804000.0,3.000,201326592.0,0.000,0,0,201326592,2,0,0,1,1,1
3,inter_out,f32,16777216,glibc_t1,P6,8,2,1,88598151.00,32770.0000,0.0000,24299000.0,64306000.0,2.000,134217728.0,0.000,0,0,134217728,1,1,0,1,1,1
3,inter_out,f32,16777216,glibc_t1,P5,9,0,1,118516528.00,49155.0000,0.0000,31199000.0,87170000.0,3.000,201326592.0,0.000,0,0,201326592,2,0,0,1,1,1
3,inter_out,f32,16777216,glibc_t1,P6,9,1,1,88480805.00,32770.0000,0.0000,28241000.0,60186000.0,2.000,134217728.0,0.000,0,0,134217728,1,1,0,1,1,1
3,inter_out,f32,16777216,glibc_t1,FIXED_TWIN,9,2,1,89602938.00,32770.0000,0.0000,26826000.0,62783000.0,2.000,134217728.0,0.000,0,0,134217728,1,1,0,1,1,1
3,inter_out,f32,16777216,glibc_t1,P6,10,0,1,89890294.00,32770.0000,0.0000,20933000.0,68963000.0,2.000,134217728.0,0.000,0,0,134217728,1,1,0,1,1,1
3,inter_out,f32,16777216,glibc_t1,FIXED_TWIN,10,1,1,90969871.00,32770.0000,0.0000,23493000.0,67472000.0,2.000,134217728.0,0.000,0,0,134217728,1,1,0,1,1,1
3,inter_out,f32,16777216,glibc_t1,P5,10,2,1,114493961.00,49155.0000,0.0000,25227000.0,89272000.0,3.000,201326592.0,0.000,0,0,201326592,2,0,0,1,1,1
3,inter_out,f32,16777216,glibc_t1,FIXED_TWIN,11,0,1,88581119.00,32770.0000,0.0000,32289000.0,56298000.0,2.000,134217728.0,0.000,0,0,134217728,1,1,0,1,1,1
3,inter_out,f32,16777216,glibc_t1,P5,11,1,1,116435790.00,49155.0000,0.0000,22259000.0,94183000.0,3.000,201326592.0,0.000,0,0,201326592,2,0,0,1,1,1
3,inter_out,f32,16777216,glibc_t1,P6,11,2,1,89105232.00,32770.0000,0.0000,28545000.0,60566000.0,2.000,134217728.0,0.000,0,0,134217728,1,1,0,1,1,1
3,inter_out,f32,16777216,glibc_t1,P5,12,0,1,115147642.00,49155.0000,0.0000,33544000.0,81511000.0,3.000,201326592.0,0.000,0,0,201326592,2,0,0,1,1,1
3,inter_out,f32,16777216,glibc_t1,P6,12,1,1,87803041.00,32770.0000,0.0000,23910000.0,63903000.0,2.000,134217728.0,0.000,0,0,134217728,1,1,0,1,1,1
3,inter_out,f32,16777216,glibc_t1,FIXED_TWIN,12,2,1,88508737.00,32770.0000,0.0000,40252000.0,48263000.0,2.000,134217728.0,0.000,0,0,134217728,1,1,0,1,1,1
3,inter_out,f32,16777216,glibc_t1,P6,13,0,1,90477832.00,32770.0000,0.0000,19261000.0,71224000.0,2.000,134217728.0,0.000,0,0,134217728,1,1,0,1,1,1
3,inter_out,f32,16777216,glibc_t1,FIXED_TWIN,13,1,1,90275940.00,32770.0000,0.0000,19162000.0,71120000.0,2.000,134217728.0,0.000,0,0,134217728,1,1,0,1,1,1
3,inter_out,f32,16777216,glibc_t1,P5,13,2,1,117656836.00,49155.0000,0.0000,40812000.0,76850000.0,3.000,201326592.0,0.000,0,0,201326592,2,0,0,1,1,1
3,inter_out,f32,16777216,glibc_t1,FIXED_TWIN,14,0,1,89757382.00,32770.0000,0.0000,32861000.0,56903000.0,2.000,134217728.0,0.000,0,0,134217728,1,1,0,1,1,1
3,inter_out,f32,16777216,glibc_t1,P5,14,1,1,115453775.00,49155.0000,0.0000,35738000.0,79722000.0,3.000,201326592.0,0.000,0,0,201326592,2,0,0,1,1,1
3,inter_out,f32,16777216,glibc_t1,P6,14,2,1,89192048.00,32770.0000,0.0000,28584000.0,60524000.0,2.000,134217728.0,0.000,0,0,134217728,1,1,0,1,1,1
3,after_use,f32,64,glibc_t1,P5,0,0,1000,322.41,0.0000,0.0000,159.0,167.0,2.000,512.0,0.000,0,0,512000,2,0,0,0,2,1
3,after_use,f32,64,glibc_t1,FIXED_TWIN,0,1,1000,337.21,0.0000,0.0000,164.0,174.0,2.000,512.0,0.000,0,0,512000,2,0,0,0,2,1
3,after_use,f32,64,glibc_t1,FIXED_TWIN,1,0,1000,328.97,0.0000,0.0000,160.0,169.0,2.000,512.0,0.000,0,0,512000,2,0,0,0,2,1
3,after_use,f32,64,glibc_t1,P5,1,1,1000,348.99,0.0000,0.0000,350.0,0.0,2.000,512.0,0.000,0,0,512000,2,0,0,0,2,1
3,after_use,f32,64,glibc_t1,P5,2,0,1000,439.02,0.0000,0.0000,444.0,0.0,2.000,512.0,0.000,0,0,512000,2,0,0,0,2,1
3,after_use,f32,64,glibc_t1,FIXED_TWIN,2,1,1000,346.41,0.0000,0.0000,347.0,0.0,2.000,512.0,0.000,0,0,512000,2,0,0,0,2,1
3,after_use,f32,64,glibc_t1,FIXED_TWIN,3,0,1000,340.39,0.0000,0.0000,341.0,0.0,2.000,512.0,0.000,0,0,512000,2,0,0,0,2,1
3,after_use,f32,64,glibc_t1,P5,3,1,1000,397.20,0.0000,0.0000,398.0,0.0,2.000,512.0,0.000,0,0,512000,2,0,0,0,2,1
3,after_use,f32,64,glibc_t1,P5,4,0,1000,329.00,0.0000,0.0000,329.0,0.0,2.000,512.0,0.000,0,0,512000,2,0,0,0,2,1
3,after_use,f32,64,glibc_t1,FIXED_TWIN,4,1,1000,301.92,0.0000,0.0000,302.0,0.0,2.000,512.0,0.000,0,0,512000,2,0,0,0,2,1
3,after_use,f32,64,glibc_t1,FIXED_TWIN,5,0,1000,345.48,0.0000,0.0000,346.0,0.0,2.000,512.0,0.000,0,0,512000,2,0,0,0,2,1
3,after_use,f32,64,glibc_t1,P5,5,1,1000,309.75,0.0000,0.0000,281.0,29.0,2.000,512.0,0.000,0,0,512000,2,0,0,0,2,1
3,after_use,f32,64,glibc_t1,P5,6,0,1000,311.39,0.0000,0.0000,312.0,0.0,2.000,512.0,0.000,0,0,512000,2,0,0,0,2,1
3,after_use,f32,64,glibc_t1,FIXED_TWIN,6,1,1000,315.40,0.0000,0.0000,316.0,0.0,2.000,512.0,0.000,0,0,512000,2,0,0,0,2,1
3,after_use,f32,64,glibc_t1,FIXED_TWIN,7,0,1000,316.72,0.0000,0.0000,318.0,0.0,2.000,512.0,0.000,0,0,512000,2,0,0,0,2,1
3,after_use,f32,64,glibc_t1,P5,7,1,1000,311.50,0.0000,0.0000,312.0,0.0,2.000,512.0,0.000,0,0,512000,2,0,0,0,2,1
3,after_use,f32,64,glibc_t1,P5,8,0,1000,307.79,0.0000,0.0000,308.0,0.0,2.000,512.0,0.000,0,0,512000,2,0,0,0,2,1
3,after_use,f32,64,glibc_t1,FIXED_TWIN,8,1,1000,323.03,0.0000,0.0000,324.0,0.0,2.000,512.0,0.000,0,0,512000,2,0,0,0,2,1
3,after_use,f32,64,glibc_t1,FIXED_TWIN,9,0,1000,343.25,0.0000,0.0000,343.0,0.0,2.000,512.0,0.000,0,0,512000,2,0,0,0,2,1
3,after_use,f32,64,glibc_t1,P5,9,1,1000,339.47,0.0000,0.0000,341.0,0.0,2.000,512.0,0.000,0,0,512000,2,0,0,0,2,1
3,after_use,f32,64,glibc_t1,P5,10,0,1000,374.43,0.0000,0.0000,375.0,0.0,2.000,512.0,0.000,0,0,512000,2,0,0,0,2,1
3,after_use,f32,64,glibc_t1,FIXED_TWIN,10,1,1000,337.42,0.0000,0.0000,338.0,0.0,2.000,512.0,0.000,0,0,512000,2,0,0,0,2,1
3,after_use,f32,64,glibc_t1,FIXED_TWIN,11,0,1000,340.66,0.0000,0.0000,342.0,0.0,2.000,512.0,0.000,0,0,512000,2,0,0,0,2,1
3,after_use,f32,64,glibc_t1,P5,11,1,1000,314.57,0.0000,0.0000,316.0,0.0,2.000,512.0,0.000,0,0,512000,2,0,0,0,2,1
3,after_use,f32,64,glibc_t1,P5,12,0,1000,331.18,0.0000,0.0000,332.0,0.0,2.000,512.0,0.000,0,0,512000,2,0,0,0,2,1
3,after_use,f32,64,glibc_t1,FIXED_TWIN,12,1,1000,308.58,0.0000,0.0000,310.0,0.0,2.000,512.0,0.000,0,0,512000,2,0,0,0,2,1
3,after_use,f32,64,glibc_t1,FIXED_TWIN,13,0,1000,314.06,0.0000,0.0000,314.0,0.0,2.000,512.0,0.000,0,0,512000,2,0,0,0,2,1
3,after_use,f32,64,glibc_t1,P5,13,1,1000,315.19,0.0000,0.0000,316.0,0.0,2.000,512.0,0.000,0,0,512000,2,0,0,0,2,1
3,after_use,f32,64,glibc_t1,P5,14,0,1000,319.39,0.0000,0.0000,320.0,0.0,2.000,512.0,0.000,0,0,512000,2,0,0,0,2,1
3,after_use,f32,64,glibc_t1,FIXED_TWIN,14,1,1000,314.40,0.0000,0.0000,315.0,0.0,2.000,512.0,0.000,0,0,512000,2,0,0,0,2,1
3,after_use,f32,1024,glibc_t1,P5,0,0,1000,664.42,0.0000,0.0000,669.0,0.0,2.000,8192.0,0.000,0,0,8192000,2,0,0,0,2,1
3,after_use,f32,1024,glibc_t1,FIXED_TWIN,0,1,1000,710.77,0.0000,0.0000,714.0,0.0,2.000,8192.0,0.000,0,0,8192000,2,0,0,0,2,1
3,after_use,f32,1024,glibc_t1,FIXED_TWIN,1,0,1000,671.88,0.0000,0.0000,675.0,0.0,2.000,8192.0,0.000,0,0,8192000,2,0,0,0,2,1
3,after_use,f32,1024,glibc_t1,P5,1,1,1000,698.47,0.0000,0.0000,701.0,0.0,2.000,8192.0,0.000,0,0,8192000,2,0,0,0,2,1
3,after_use,f32,1024,glibc_t1,P5,2,0,1000,726.93,0.0000,0.0000,731.0,0.0,2.000,8192.0,0.000,0,0,8192000,2,0,0,0,2,1
3,after_use,f32,1024,glibc_t1,FIXED_TWIN,2,1,1000,717.87,0.0000,0.0000,721.0,0.0,2.000,8192.0,0.000,0,0,8192000,2,0,0,0,2,1
3,after_use,f32,1024,glibc_t1,FIXED_TWIN,3,0,1000,716.39,0.0000,0.0000,719.0,0.0,2.000,8192.0,0.000,0,0,8192000,2,0,0,0,2,1
3,after_use,f32,1024,glibc_t1,P5,3,1,1000,729.38,0.0000,0.0000,732.0,0.0,2.000,8192.0,0.000,0,0,8192000,2,0,0,0,2,1
3,after_use,f32,1024,glibc_t1,P5,4,0,1000,710.71,0.0000,0.0000,714.0,0.0,2.000,8192.0,0.000,0,0,8192000,2,0,0,0,2,1
3,after_use,f32,1024,glibc_t1,FIXED_TWIN,4,1,1000,733.29,0.0000,0.0000,739.0,0.0,2.000,8192.0,0.000,0,0,8192000,2,0,0,0,2,1
3,after_use,f32,1024,glibc_t1,FIXED_TWIN,5,0,1000,672.19,0.0000,0.0000,675.0,1.0,2.000,8192.0,0.000,0,0,8192000,2,0,0,0,2,1
3,after_use,f32,1024,glibc_t1,P5,5,1,1000,678.71,0.0000,0.0000,682.0,0.0,2.000,8192.0,0.000,0,0,8192000,2,0,0,0,2,1
3,after_use,f32,1024,glibc_t1,P5,6,0,1000,711.67,0.0000,0.0000,715.0,0.0,2.000,8192.0,0.000,0,0,8192000,2,0,0,0,2,1
3,after_use,f32,1024,glibc_t1,FIXED_TWIN,6,1,1000,702.86,0.0000,0.0000,706.0,0.0,2.000,8192.0,0.000,0,0,8192000,2,0,0,0,2,1
3,after_use,f32,1024,glibc_t1,FIXED_TWIN,7,0,1000,702.99,0.0000,0.0000,707.0,0.0,2.000,8192.0,0.000,0,0,8192000,2,0,0,0,2,1
3,after_use,f32,1024,glibc_t1,P5,7,1,1000,706.87,0.0000,0.0000,710.0,0.0,2.000,8192.0,0.000,0,0,8192000,2,0,0,0,2,1
3,after_use,f32,1024,glibc_t1,P5,8,0,1000,684.16,0.0000,0.0000,687.0,0.0,2.000,8192.0,0.000,0,0,8192000,2,0,0,0,2,1
3,after_use,f32,1024,glibc_t1,FIXED_TWIN,8,1,1000,640.56,0.0000,0.0000,644.0,0.0,2.000,8192.0,0.000,0,0,8192000,2,0,0,0,2,1
3,after_use,f32,1024,glibc_t1,FIXED_TWIN,9,0,1000,664.36,0.0000,0.0000,668.0,0.0,2.000,8192.0,0.000,0,0,8192000,2,0,0,0,2,1
3,after_use,f32,1024,glibc_t1,P5,9,1,1000,698.67,0.0000,0.0000,702.0,0.0,2.000,8192.0,0.000,0,0,8192000,2,0,0,0,2,1
3,after_use,f32,1024,glibc_t1,P5,10,0,1000,752.98,0.0000,0.0000,756.0,0.0,2.000,8192.0,0.000,0,0,8192000,2,0,0,0,2,1
3,after_use,f32,1024,glibc_t1,FIXED_TWIN,10,1,1000,699.69,0.0000,0.0000,703.0,0.0,2.000,8192.0,0.000,0,0,8192000,2,0,0,0,2,1
3,after_use,f32,1024,glibc_t1,FIXED_TWIN,11,0,1000,683.16,0.0000,0.0000,686.0,0.0,2.000,8192.0,0.000,0,0,8192000,2,0,0,0,2,1
3,after_use,f32,1024,glibc_t1,P5,11,1,1000,694.70,0.0000,0.0000,698.0,0.0,2.000,8192.0,0.000,0,0,8192000,2,0,0,0,2,1
3,after_use,f32,1024,glibc_t1,P5,12,0,1000,681.54,0.0000,0.0000,684.0,0.0,2.000,8192.0,0.000,0,0,8192000,2,0,0,0,2,1
3,after_use,f32,1024,glibc_t1,FIXED_TWIN,12,1,1000,668.22,0.0000,0.0000,672.0,0.0,2.000,8192.0,0.000,0,0,8192000,2,0,0,0,2,1
3,after_use,f32,1024,glibc_t1,FIXED_TWIN,13,0,1000,694.51,0.0000,0.0000,698.0,0.0,2.000,8192.0,0.000,0,0,8192000,2,0,0,0,2,1
3,after_use,f32,1024,glibc_t1,P5,13,1,1000,693.71,0.0000,0.0000,696.0,0.0,2.000,8192.0,0.000,0,0,8192000,2,0,0,0,2,1
3,after_use,f32,1024,glibc_t1,P5,14,0,1000,688.90,0.0000,0.0000,692.0,0.0,2.000,8192.0,0.000,0,0,8192000,2,0,0,0,2,1
3,after_use,f32,1024,glibc_t1,FIXED_TWIN,14,1,1000,695.75,0.0000,0.0000,699.0,0.0,2.000,8192.0,0.000,0,0,8192000,2,0,0,0,2,1
3,after_use,f32,4096,glibc_t1,P5,0,0,1,1656.00,0.0000,0.0000,3000.0,0.0,2.000,32768.0,0.000,0,0,32768,2,0,0,0,2,1
3,after_use,f32,4096,glibc_t1,FIXED_TWIN,0,1,1,1490.00,0.0000,0.0000,2000.0,0.0,2.000,32768.0,0.000,0,0,32768,2,0,0,0,2,1
3,after_use,f32,4096,glibc_t1,FIXED_TWIN,1,0,1,1505.00,0.0000,0.0000,2000.0,0.0,2.000,32768.0,0.000,0,0,32768,2,0,0,0,2,1
3,after_use,f32,4096,glibc_t1,P5,1,1,1,1474.00,0.0000,0.0000,2000.0,0.0,2.000,32768.0,0.000,0,0,32768,2,0,0,0,2,1
3,after_use,f32,4096,glibc_t1,P5,2,0,1,1527.00,0.0000,0.0000,2000.0,0.0,2.000,32768.0,0.000,0,0,32768,2,0,0,0,2,1
3,after_use,f32,4096,glibc_t1,FIXED_TWIN,2,1,1,1796.00,0.0000,0.0000,2000.0,0.0,2.000,32768.0,0.000,0,0,32768,2,0,0,0,2,1
3,after_use,f32,4096,glibc_t1,FIXED_TWIN,3,0,1,1529.00,0.0000,0.0000,2000.0,0.0,2.000,32768.0,0.000,0,0,32768,2,0,0,0,2,1
3,after_use,f32,4096,glibc_t1,P5,3,1,1,1484.00,0.0000,0.0000,2000.0,0.0,2.000,32768.0,0.000,0,0,32768,2,0,0,0,2,1
3,after_use,f32,4096,glibc_t1,P5,4,0,1,1459.00,0.0000,0.0000,2000.0,0.0,2.000,32768.0,0.000,0,0,32768,2,0,0,0,2,1
3,after_use,f32,4096,glibc_t1,FIXED_TWIN,4,1,1,1466.00,0.0000,0.0000,2000.0,0.0,2.000,32768.0,0.000,0,0,32768,2,0,0,0,2,1
3,after_use,f32,4096,glibc_t1,FIXED_TWIN,5,0,1,1528.00,0.0000,0.0000,2000.0,0.0,2.000,32768.0,0.000,0,0,32768,2,0,0,0,2,1
3,after_use,f32,4096,glibc_t1,P5,5,1,1,1455.00,0.0000,0.0000,2000.0,0.0,2.000,32768.0,0.000,0,0,32768,2,0,0,0,2,1
3,after_use,f32,4096,glibc_t1,P5,6,0,1,1464.00,0.0000,0.0000,2000.0,0.0,2.000,32768.0,0.000,0,0,32768,2,0,0,0,2,1
3,after_use,f32,4096,glibc_t1,FIXED_TWIN,6,1,1,1596.00,0.0000,0.0000,2000.0,0.0,2.000,32768.0,0.000,0,0,32768,2,0,0,0,2,1
3,after_use,f32,4096,glibc_t1,FIXED_TWIN,7,0,1,1479.00,0.0000,0.0000,2000.0,0.0,2.000,32768.0,0.000,0,0,32768,2,0,0,0,2,1
3,after_use,f32,4096,glibc_t1,P5,7,1,1,1462.00,0.0000,0.0000,2000.0,0.0,2.000,32768.0,0.000,0,0,32768,2,0,0,0,2,1
3,after_use,f32,4096,glibc_t1,P5,8,0,1,1449.00,0.0000,0.0000,2000.0,0.0,2.000,32768.0,0.000,0,0,32768,2,0,0,0,2,1
3,after_use,f32,4096,glibc_t1,FIXED_TWIN,8,1,1,1461.00,0.0000,0.0000,2000.0,0.0,2.000,32768.0,0.000,0,0,32768,2,0,0,0,2,1
3,after_use,f32,4096,glibc_t1,FIXED_TWIN,9,0,1,1463.00,0.0000,0.0000,2000.0,0.0,2.000,32768.0,0.000,0,0,32768,2,0,0,0,2,1
3,after_use,f32,4096,glibc_t1,P5,9,1,1,1459.00,0.0000,0.0000,2000.0,0.0,2.000,32768.0,0.000,0,0,32768,2,0,0,0,2,1
3,after_use,f32,4096,glibc_t1,P5,10,0,1,1455.00,0.0000,0.0000,2000.0,0.0,2.000,32768.0,0.000,0,0,32768,2,0,0,0,2,1
3,after_use,f32,4096,glibc_t1,FIXED_TWIN,10,1,1,1483.00,0.0000,0.0000,2000.0,0.0,2.000,32768.0,0.000,0,0,32768,2,0,0,0,2,1
3,after_use,f32,4096,glibc_t1,FIXED_TWIN,11,0,1,1454.00,0.0000,0.0000,2000.0,0.0,2.000,32768.0,0.000,0,0,32768,2,0,0,0,2,1
3,after_use,f32,4096,glibc_t1,P5,11,1,1,1503.00,0.0000,0.0000,2000.0,0.0,2.000,32768.0,0.000,0,0,32768,2,0,0,0,2,1
3,after_use,f32,4096,glibc_t1,P5,12,0,1,1533.00,0.0000,0.0000,3000.0,0.0,2.000,32768.0,0.000,0,0,32768,2,0,0,0,2,1
3,after_use,f32,4096,glibc_t1,FIXED_TWIN,12,1,1,1484.00,0.0000,0.0000,2000.0,0.0,2.000,32768.0,0.000,0,0,32768,2,0,0,0,2,1
3,after_use,f32,4096,glibc_t1,FIXED_TWIN,13,0,1,1503.00,0.0000,0.0000,2000.0,0.0,2.000,32768.0,0.000,0,0,32768,2,0,0,0,2,1
3,after_use,f32,4096,glibc_t1,P5,13,1,1,1454.00,0.0000,0.0000,1000.0,0.0,2.000,32768.0,0.000,0,0,32768,2,0,0,0,2,1
3,after_use,f32,4096,glibc_t1,P5,14,0,1,1466.00,0.0000,0.0000,2000.0,0.0,2.000,32768.0,0.000,0,0,32768,2,0,0,0,2,1
3,after_use,f32,4096,glibc_t1,FIXED_TWIN,14,1,1,1470.00,0.0000,0.0000,2000.0,0.0,2.000,32768.0,0.000,0,0,32768,2,0,0,0,2,1
3,after_use,f32,16384,glibc_t1,P5,0,0,1,4816.00,0.0000,0.0000,5000.0,0.0,2.000,131072.0,0.000,0,0,131072,2,0,0,0,2,1
3,after_use,f32,16384,glibc_t1,FIXED_TWIN,0,1,1,4728.00,0.0000,0.0000,5000.0,0.0,2.000,131072.0,0.000,0,0,131072,2,0,0,0,2,1
3,after_use,f32,16384,glibc_t1,FIXED_TWIN,1,0,1,4758.00,0.0000,0.0000,5000.0,0.0,2.000,131072.0,0.000,0,0,131072,2,0,0,0,2,1
3,after_use,f32,16384,glibc_t1,P5,1,1,1,4733.00,0.0000,0.0000,6000.0,0.0,2.000,131072.0,0.000,0,0,131072,2,0,0,0,2,1
3,after_use,f32,16384,glibc_t1,P5,2,0,1,4725.00,0.0000,0.0000,5000.0,0.0,2.000,131072.0,0.000,0,0,131072,2,0,0,0,2,1
3,after_use,f32,16384,glibc_t1,FIXED_TWIN,2,1,1,4737.00,0.0000,0.0000,5000.0,0.0,2.000,131072.0,0.000,0,0,131072,2,0,0,0,2,1
3,after_use,f32,16384,glibc_t1,FIXED_TWIN,3,0,1,4766.00,0.0000,0.0000,5000.0,0.0,2.000,131072.0,0.000,0,0,131072,2,0,0,0,2,1
3,after_use,f32,16384,glibc_t1,P5,3,1,1,5294.00,0.0000,0.0000,6000.0,0.0,2.000,131072.0,0.000,0,0,131072,2,0,0,0,2,1
3,after_use,f32,16384,glibc_t1,P5,4,0,1,5051.00,0.0000,0.0000,6000.0,0.0,2.000,131072.0,0.000,0,0,131072,2,0,0,0,2,1
3,after_use,f32,16384,glibc_t1,FIXED_TWIN,4,1,1,8230.00,0.0000,0.0000,8000.0,0.0,2.000,131072.0,0.000,0,0,131072,2,0,0,0,2,1
3,after_use,f32,16384,glibc_t1,FIXED_TWIN,5,0,1,4720.00,0.0000,0.0000,5000.0,0.0,2.000,131072.0,0.000,0,0,131072,2,0,0,0,2,1
3,after_use,f32,16384,glibc_t1,P5,5,1,1,4794.00,0.0000,0.0000,5000.0,0.0,2.000,131072.0,0.000,0,0,131072,2,0,0,0,2,1
3,after_use,f32,16384,glibc_t1,P5,6,0,1,4737.00,0.0000,0.0000,6000.0,0.0,2.000,131072.0,0.000,0,0,131072,2,0,0,0,2,1
3,after_use,f32,16384,glibc_t1,FIXED_TWIN,6,1,1,4750.00,0.0000,0.0000,5000.0,0.0,2.000,131072.0,0.000,0,0,131072,2,0,0,0,2,1
3,after_use,f32,16384,glibc_t1,FIXED_TWIN,7,0,1,4707.00,0.0000,0.0000,5000.0,0.0,2.000,131072.0,0.000,0,0,131072,2,0,0,0,2,1
3,after_use,f32,16384,glibc_t1,P5,7,1,1,4702.00,0.0000,0.0000,5000.0,0.0,2.000,131072.0,0.000,0,0,131072,2,0,0,0,2,1
3,after_use,f32,16384,glibc_t1,P5,8,0,1,4701.00,0.0000,0.0000,5000.0,0.0,2.000,131072.0,0.000,0,0,131072,2,0,0,0,2,1
3,after_use,f32,16384,glibc_t1,FIXED_TWIN,8,1,1,4744.00,0.0000,0.0000,5000.0,0.0,2.000,131072.0,0.000,0,0,131072,2,0,0,0,2,1
3,after_use,f32,16384,glibc_t1,FIXED_TWIN,9,0,1,4715.00,0.0000,0.0000,5000.0,0.0,2.000,131072.0,0.000,0,0,131072,2,0,0,0,2,1
3,after_use,f32,16384,glibc_t1,P5,9,1,1,4716.00,0.0000,0.0000,5000.0,0.0,2.000,131072.0,0.000,0,0,131072,2,0,0,0,2,1
3,after_use,f32,16384,glibc_t1,P5,10,0,1,4785.00,0.0000,0.0000,5000.0,0.0,2.000,131072.0,0.000,0,0,131072,2,0,0,0,2,1
3,after_use,f32,16384,glibc_t1,FIXED_TWIN,10,1,1,4703.00,0.0000,0.0000,6000.0,0.0,2.000,131072.0,0.000,0,0,131072,2,0,0,0,2,1
3,after_use,f32,16384,glibc_t1,FIXED_TWIN,11,0,1,4709.00,0.0000,0.0000,6000.0,0.0,2.000,131072.0,0.000,0,0,131072,2,0,0,0,2,1
3,after_use,f32,16384,glibc_t1,P5,11,1,1,4763.00,0.0000,0.0000,5000.0,0.0,2.000,131072.0,0.000,0,0,131072,2,0,0,0,2,1
3,after_use,f32,16384,glibc_t1,P5,12,0,1,4694.00,0.0000,0.0000,5000.0,0.0,2.000,131072.0,0.000,0,0,131072,2,0,0,0,2,1
3,after_use,f32,16384,glibc_t1,FIXED_TWIN,12,1,1,4735.00,0.0000,0.0000,5000.0,0.0,2.000,131072.0,0.000,0,0,131072,2,0,0,0,2,1
3,after_use,f32,16384,glibc_t1,FIXED_TWIN,13,0,1,4706.00,0.0000,0.0000,5000.0,0.0,2.000,131072.0,0.000,0,0,131072,2,0,0,0,2,1
3,after_use,f32,16384,glibc_t1,P5,13,1,1,5807.00,0.0000,0.0000,6000.0,0.0,2.000,131072.0,0.000,0,0,131072,2,0,0,0,2,1
3,after_use,f32,16384,glibc_t1,P5,14,0,1,5118.00,0.0000,0.0000,5000.0,0.0,2.000,131072.0,0.000,0,0,131072,2,0,0,0,2,1
3,after_use,f32,16384,glibc_t1,FIXED_TWIN,14,1,1,4904.00,0.0000,0.0000,6000.0,0.0,2.000,131072.0,0.000,0,0,131072,2,0,0,0,2,1
3,after_use,f32,65536,glibc_t1,P5,0,0,1,19146.00,0.0000,0.0000,20000.0,0.0,2.000,524288.0,0.000,0,0,524288,2,0,0,0,2,1
3,after_use,f32,65536,glibc_t1,FIXED_TWIN,0,1,1,19597.00,0.0000,0.0000,21000.0,0.0,2.000,524288.0,0.000,0,0,524288,2,0,0,0,2,1
3,after_use,f32,65536,glibc_t1,FIXED_TWIN,1,0,1,20910.00,0.0000,0.0000,22000.0,0.0,2.000,524288.0,0.000,0,0,524288,2,0,0,0,2,1
3,after_use,f32,65536,glibc_t1,P5,1,1,1,20549.00,0.0000,0.0000,22000.0,0.0,2.000,524288.0,0.000,0,0,524288,2,0,0,0,2,1
3,after_use,f32,65536,glibc_t1,P5,2,0,1,21654.00,0.0000,0.0000,23000.0,0.0,2.000,524288.0,0.000,0,0,524288,2,0,0,0,2,1
3,after_use,f32,65536,glibc_t1,FIXED_TWIN,2,1,1,19949.00,0.0000,0.0000,21000.0,0.0,2.000,524288.0,0.000,0,0,524288,2,0,0,0,2,1
3,after_use,f32,65536,glibc_t1,FIXED_TWIN,3,0,1,19688.00,0.0000,0.0000,21000.0,0.0,2.000,524288.0,0.000,0,0,524288,2,0,0,0,2,1
3,after_use,f32,65536,glibc_t1,P5,3,1,1,19585.00,0.0000,0.0000,21000.0,0.0,2.000,524288.0,0.000,0,0,524288,2,0,0,0,2,1
3,after_use,f32,65536,glibc_t1,P5,4,0,1,21181.00,0.0000,0.0000,22000.0,0.0,2.000,524288.0,0.000,0,0,524288,2,0,0,0,2,1
3,after_use,f32,65536,glibc_t1,FIXED_TWIN,4,1,1,22323.00,0.0000,0.0000,24000.0,0.0,2.000,524288.0,0.000,0,0,524288,2,0,0,0,2,1
3,after_use,f32,65536,glibc_t1,FIXED_TWIN,5,0,1,20035.00,0.0000,0.0000,21000.0,0.0,2.000,524288.0,0.000,0,0,524288,2,0,0,0,2,1
3,after_use,f32,65536,glibc_t1,P5,5,1,1,19878.00,0.0000,0.0000,20000.0,0.0,2.000,524288.0,0.000,0,0,524288,2,0,0,0,2,1
3,after_use,f32,65536,glibc_t1,P5,6,0,1,21365.00,0.0000,0.0000,23000.0,0.0,2.000,524288.0,0.000,0,0,524288,2,0,0,0,2,1
3,after_use,f32,65536,glibc_t1,FIXED_TWIN,6,1,1,19600.00,0.0000,0.0000,20000.0,0.0,2.000,524288.0,0.000,0,0,524288,2,0,0,0,2,1
3,after_use,f32,65536,glibc_t1,FIXED_TWIN,7,0,1,21534.00,0.0000,0.0000,23000.0,0.0,2.000,524288.0,0.000,0,0,524288,2,0,0,0,2,1
3,after_use,f32,65536,glibc_t1,P5,7,1,1,20039.00,0.0000,0.0000,20000.0,0.0,2.000,524288.0,0.000,0,0,524288,2,0,0,0,2,1
3,after_use,f32,65536,glibc_t1,P5,8,0,1,21112.00,0.0000,0.0000,22000.0,0.0,2.000,524288.0,0.000,0,0,524288,2,0,0,0,2,1
3,after_use,f32,65536,glibc_t1,FIXED_TWIN,8,1,1,19832.00,0.0000,0.0000,21000.0,0.0,2.000,524288.0,0.000,0,0,524288,2,0,0,0,2,1
3,after_use,f32,65536,glibc_t1,FIXED_TWIN,9,0,1,19710.00,0.0000,0.0000,20000.0,0.0,2.000,524288.0,0.000,0,0,524288,2,0,0,0,2,1
3,after_use,f32,65536,glibc_t1,P5,9,1,1,19645.00,0.0000,0.0000,20000.0,0.0,2.000,524288.0,0.000,0,0,524288,2,0,0,0,2,1
3,after_use,f32,65536,glibc_t1,P5,10,0,1,20305.00,0.0000,0.0000,22000.0,0.0,2.000,524288.0,0.000,0,0,524288,2,0,0,0,2,1
3,after_use,f32,65536,glibc_t1,FIXED_TWIN,10,1,1,19687.00,0.0000,0.0000,21000.0,0.0,2.000,524288.0,0.000,0,0,524288,2,0,0,0,2,1
3,after_use,f32,65536,glibc_t1,FIXED_TWIN,11,0,1,19443.00,0.0000,0.0000,20000.0,0.0,2.000,524288.0,0.000,0,0,524288,2,0,0,0,2,1
3,after_use,f32,65536,glibc_t1,P5,11,1,1,20387.00,0.0000,0.0000,21000.0,0.0,2.000,524288.0,0.000,0,0,524288,2,0,0,0,2,1
3,after_use,f32,65536,glibc_t1,P5,12,0,1,20350.00,0.0000,0.0000,21000.0,0.0,2.000,524288.0,0.000,0,0,524288,2,0,0,0,2,1
3,after_use,f32,65536,glibc_t1,FIXED_TWIN,12,1,1,25031.00,0.0000,0.0000,26000.0,0.0,2.000,524288.0,0.000,0,0,524288,2,0,0,0,2,1
3,after_use,f32,65536,glibc_t1,FIXED_TWIN,13,0,1,19831.00,0.0000,0.0000,21000.0,0.0,2.000,524288.0,0.000,0,0,524288,2,0,0,0,2,1
3,after_use,f32,65536,glibc_t1,P5,13,1,1,19905.00,0.0000,0.0000,20000.0,0.0,2.000,524288.0,0.000,0,0,524288,2,0,0,0,2,1
3,after_use,f32,65536,glibc_t1,P5,14,0,1,19477.00,0.0000,0.0000,20000.0,0.0,2.000,524288.0,0.000,0,0,524288,2,0,0,0,2,1
3,after_use,f32,65536,glibc_t1,FIXED_TWIN,14,1,1,19489.00,0.0000,0.0000,20000.0,0.0,2.000,524288.0,0.000,0,0,524288,2,0,0,0,2,1
3,after_use,f32,262144,glibc_t1,P5,0,0,1,220513.00,0.0000,0.0000,223000.0,0.0,2.000,2097152.0,0.000,0,0,2097152,2,0,0,0,2,1
3,after_use,f32,262144,glibc_t1,FIXED_TWIN,0,1,1,236607.00,0.0000,0.0000,240000.0,0.0,2.000,2097152.0,0.000,0,0,2097152,2,0,0,0,2,1
3,after_use,f32,262144,glibc_t1,FIXED_TWIN,1,0,1,225241.00,0.0000,0.0000,228000.0,0.0,2.000,2097152.0,0.000,0,0,2097152,2,0,0,0,2,1
3,after_use,f32,262144,glibc_t1,P5,1,1,1,223223.00,0.0000,0.0000,226000.0,0.0,2.000,2097152.0,0.000,0,0,2097152,2,0,0,0,2,1
3,after_use,f32,262144,glibc_t1,P5,2,0,1,256019.00,0.0000,0.0000,259000.0,0.0,2.000,2097152.0,0.000,0,0,2097152,2,0,0,0,2,1
3,after_use,f32,262144,glibc_t1,FIXED_TWIN,2,1,1,232626.00,0.0000,0.0000,235000.0,0.0,2.000,2097152.0,0.000,0,0,2097152,2,0,0,0,2,1
3,after_use,f32,262144,glibc_t1,FIXED_TWIN,3,0,1,222496.00,0.0000,0.0000,224000.0,0.0,2.000,2097152.0,0.000,0,0,2097152,2,0,0,0,2,1
3,after_use,f32,262144,glibc_t1,P5,3,1,1,241446.00,0.0000,0.0000,243000.0,0.0,2.000,2097152.0,0.000,0,0,2097152,2,0,0,0,2,1
3,after_use,f32,262144,glibc_t1,P5,4,0,1,266019.00,0.0000,0.0000,268000.0,0.0,2.000,2097152.0,0.000,0,0,2097152,2,0,0,0,2,1
3,after_use,f32,262144,glibc_t1,FIXED_TWIN,4,1,1,240465.00,0.0000,0.0000,242000.0,0.0,2.000,2097152.0,0.000,0,0,2097152,2,0,0,0,2,1
3,after_use,f32,262144,glibc_t1,FIXED_TWIN,5,0,1,247431.00,0.0000,0.0000,250000.0,0.0,2.000,2097152.0,0.000,0,0,2097152,2,0,0,0,2,1
3,after_use,f32,262144,glibc_t1,P5,5,1,1,249445.00,0.0000,0.0000,252000.0,0.0,2.000,2097152.0,0.000,0,0,2097152,2,0,0,0,2,1
3,after_use,f32,262144,glibc_t1,P5,6,0,1,248613.00,0.0000,0.0000,250000.0,0.0,2.000,2097152.0,0.000,0,0,2097152,2,0,0,0,2,1
3,after_use,f32,262144,glibc_t1,FIXED_TWIN,6,1,1,230121.00,0.0000,0.0000,233000.0,0.0,2.000,2097152.0,0.000,0,0,2097152,2,0,0,0,2,1
3,after_use,f32,262144,glibc_t1,FIXED_TWIN,7,0,1,228691.00,0.0000,0.0000,231000.0,0.0,2.000,2097152.0,0.000,0,0,2097152,2,0,0,0,2,1
3,after_use,f32,262144,glibc_t1,P5,7,1,1,229906.00,0.0000,0.0000,232000.0,0.0,2.000,2097152.0,0.000,0,0,2097152,2,0,0,0,2,1
3,after_use,f32,262144,glibc_t1,P5,8,0,1,224427.00,0.0000,0.0000,226000.0,0.0,2.000,2097152.0,0.000,0,0,2097152,2,0,0,0,2,1
3,after_use,f32,262144,glibc_t1,FIXED_TWIN,8,1,1,223338.00,0.0000,0.0000,224000.0,0.0,2.000,2097152.0,0.000,0,0,2097152,2,0,0,0,2,1
3,after_use,f32,262144,glibc_t1,FIXED_TWIN,9,0,1,222083.00,0.0000,0.0000,224000.0,0.0,2.000,2097152.0,0.000,0,0,2097152,2,0,0,0,2,1
3,after_use,f32,262144,glibc_t1,P5,9,1,1,224272.00,0.0000,0.0000,227000.0,0.0,2.000,2097152.0,0.000,0,0,2097152,2,0,0,0,2,1
3,after_use,f32,262144,glibc_t1,P5,10,0,1,221917.00,0.0000,0.0000,223000.0,0.0,2.000,2097152.0,0.000,0,0,2097152,2,0,0,0,2,1
3,after_use,f32,262144,glibc_t1,FIXED_TWIN,10,1,1,224745.00,0.0000,0.0000,226000.0,0.0,2.000,2097152.0,0.000,0,0,2097152,2,0,0,0,2,1
3,after_use,f32,262144,glibc_t1,FIXED_TWIN,11,0,1,222973.00,0.0000,0.0000,225000.0,0.0,2.000,2097152.0,0.000,0,0,2097152,2,0,0,0,2,1
3,after_use,f32,262144,glibc_t1,P5,11,1,1,223300.00,0.0000,0.0000,225000.0,0.0,2.000,2097152.0,0.000,0,0,2097152,2,0,0,0,2,1
3,after_use,f32,262144,glibc_t1,P5,12,0,1,225232.00,0.0000,0.0000,228000.0,0.0,2.000,2097152.0,0.000,0,0,2097152,2,0,0,0,2,1
3,after_use,f32,262144,glibc_t1,FIXED_TWIN,12,1,1,223375.00,0.0000,0.0000,226000.0,0.0,2.000,2097152.0,0.000,0,0,2097152,2,0,0,0,2,1
3,after_use,f32,262144,glibc_t1,FIXED_TWIN,13,0,1,222551.00,0.0000,0.0000,225000.0,0.0,2.000,2097152.0,0.000,0,0,2097152,2,0,0,0,2,1
3,after_use,f32,262144,glibc_t1,P5,13,1,1,225714.00,0.0000,0.0000,227000.0,0.0,2.000,2097152.0,0.000,0,0,2097152,2,0,0,0,2,1
3,after_use,f32,262144,glibc_t1,P5,14,0,1,222648.00,0.0000,0.0000,225000.0,0.0,2.000,2097152.0,0.000,0,0,2097152,2,0,0,0,2,1
3,after_use,f32,262144,glibc_t1,FIXED_TWIN,14,1,1,224471.00,0.0000,0.0000,227000.0,0.0,2.000,2097152.0,0.000,0,0,2097152,2,0,0,0,2,1
3,after_use,f32,1048576,glibc_t1,P5,0,0,1,984202.00,0.0000,0.0000,988000.0,0.0,2.000,8388608.0,0.000,0,0,8388608,2,0,0,0,2,1
3,after_use,f32,1048576,glibc_t1,FIXED_TWIN,0,1,1,981255.00,0.0000,0.0000,985000.0,0.0,2.000,8388608.0,0.000,0,0,8388608,2,0,0,0,2,1
3,after_use,f32,1048576,glibc_t1,FIXED_TWIN,1,0,1,972696.00,0.0000,0.0000,976000.0,0.0,2.000,8388608.0,0.000,0,0,8388608,2,0,0,0,2,1
3,after_use,f32,1048576,glibc_t1,P5,1,1,1,948938.00,0.0000,0.0000,952000.0,0.0,2.000,8388608.0,0.000,0,0,8388608,2,0,0,0,2,1
3,after_use,f32,1048576,glibc_t1,P5,2,0,1,943237.00,0.0000,0.0000,946000.0,0.0,2.000,8388608.0,0.000,0,0,8388608,2,0,0,0,2,1
3,after_use,f32,1048576,glibc_t1,FIXED_TWIN,2,1,1,947880.00,0.0000,0.0000,951000.0,0.0,2.000,8388608.0,0.000,0,0,8388608,2,0,0,0,2,1
3,after_use,f32,1048576,glibc_t1,FIXED_TWIN,3,0,1,954227.00,0.0000,0.0000,958000.0,0.0,2.000,8388608.0,0.000,0,0,8388608,2,0,0,0,2,1
3,after_use,f32,1048576,glibc_t1,P5,3,1,1,965376.00,0.0000,0.0000,969000.0,0.0,2.000,8388608.0,0.000,0,0,8388608,2,0,0,0,2,1
3,after_use,f32,1048576,glibc_t1,P5,4,0,1,930140.00,0.0000,0.0000,933000.0,0.0,2.000,8388608.0,0.000,0,0,8388608,2,0,0,0,2,1
3,after_use,f32,1048576,glibc_t1,FIXED_TWIN,4,1,1,946316.00,0.0000,0.0000,949000.0,0.0,2.000,8388608.0,0.000,0,0,8388608,2,0,0,0,2,1
3,after_use,f32,1048576,glibc_t1,FIXED_TWIN,5,0,1,948842.00,0.0000,0.0000,952000.0,0.0,2.000,8388608.0,0.000,0,0,8388608,2,0,0,0,2,1
3,after_use,f32,1048576,glibc_t1,P5,5,1,1,954118.00,0.0000,0.0000,957000.0,0.0,2.000,8388608.0,0.000,0,0,8388608,2,0,0,0,2,1
3,after_use,f32,1048576,glibc_t1,P5,6,0,1,946299.00,0.0000,0.0000,950000.0,0.0,2.000,8388608.0,0.000,0,0,8388608,2,0,0,0,2,1
3,after_use,f32,1048576,glibc_t1,FIXED_TWIN,6,1,1,949034.00,0.0000,0.0000,953000.0,0.0,2.000,8388608.0,0.000,0,0,8388608,2,0,0,0,2,1
3,after_use,f32,1048576,glibc_t1,FIXED_TWIN,7,0,1,926484.00,0.0000,0.0000,930000.0,0.0,2.000,8388608.0,0.000,0,0,8388608,2,0,0,0,2,1
3,after_use,f32,1048576,glibc_t1,P5,7,1,1,946367.00,0.0000,0.0000,949000.0,0.0,2.000,8388608.0,0.000,0,0,8388608,2,0,0,0,2,1
3,after_use,f32,1048576,glibc_t1,P5,8,0,1,951091.00,0.0000,0.0000,954000.0,0.0,2.000,8388608.0,0.000,0,0,8388608,2,0,0,0,2,1
3,after_use,f32,1048576,glibc_t1,FIXED_TWIN,8,1,1,976125.00,0.0000,0.0000,980000.0,0.0,2.000,8388608.0,0.000,0,0,8388608,2,0,0,0,2,1
3,after_use,f32,1048576,glibc_t1,FIXED_TWIN,9,0,1,953251.00,0.0000,0.0000,957000.0,0.0,2.000,8388608.0,0.000,0,0,8388608,2,0,0,0,2,1
3,after_use,f32,1048576,glibc_t1,P5,9,1,1,959865.00,0.0000,0.0000,964000.0,0.0,2.000,8388608.0,0.000,0,0,8388608,2,0,0,0,2,1
3,after_use,f32,1048576,glibc_t1,P5,10,0,1,987700.00,0.0000,0.0000,990000.0,0.0,2.000,8388608.0,0.000,0,0,8388608,2,0,0,0,2,1
3,after_use,f32,1048576,glibc_t1,FIXED_TWIN,10,1,1,984038.00,0.0000,0.0000,988000.0,0.0,2.000,8388608.0,0.000,0,0,8388608,2,0,0,0,2,1
3,after_use,f32,1048576,glibc_t1,FIXED_TWIN,11,0,1,978711.00,0.0000,0.0000,982000.0,0.0,2.000,8388608.0,0.000,0,0,8388608,2,0,0,0,2,1
3,after_use,f32,1048576,glibc_t1,P5,11,1,1,968987.00,0.0000,0.0000,972000.0,0.0,2.000,8388608.0,0.000,0,0,8388608,2,0,0,0,2,1
3,after_use,f32,1048576,glibc_t1,P5,12,0,1,926545.00,0.0000,0.0000,929000.0,0.0,2.000,8388608.0,0.000,0,0,8388608,2,0,0,0,2,1
3,after_use,f32,1048576,glibc_t1,FIXED_TWIN,12,1,1,1018645.00,0.0000,0.0000,1023000.0,0.0,2.000,8388608.0,0.000,0,0,8388608,2,0,0,0,2,1
3,after_use,f32,1048576,glibc_t1,FIXED_TWIN,13,0,1,982105.00,0.0000,0.0000,986000.0,0.0,2.000,8388608.0,0.000,0,0,8388608,2,0,0,0,2,1
3,after_use,f32,1048576,glibc_t1,P5,13,1,1,957518.00,0.0000,0.0000,961000.0,0.0,2.000,8388608.0,0.000,0,0,8388608,2,0,0,0,2,1
3,after_use,f32,1048576,glibc_t1,P5,14,0,1,958570.00,0.0000,0.0000,962000.0,0.0,2.000,8388608.0,0.000,0,0,8388608,2,0,0,0,2,1
3,after_use,f32,1048576,glibc_t1,FIXED_TWIN,14,1,1,998101.00,0.0000,0.0000,1001000.0,0.0,2.000,8388608.0,0.000,0,0,8388608,2,0,0,0,2,1
3,after_use,f32,4194304,glibc_t1,P5,0,0,1,3885043.00,0.0000,0.0000,3890000.0,0.0,2.000,33554432.0,0.000,0,0,33554432,2,0,0,0,2,1
3,after_use,f32,4194304,glibc_t1,FIXED_TWIN,0,1,1,4049514.00,0.0000,0.0000,4053000.0,0.0,2.000,33554432.0,0.000,0,0,33554432,2,0,0,0,2,1
3,after_use,f32,4194304,glibc_t1,FIXED_TWIN,1,0,1,4162494.00,0.0000,0.0000,4167000.0,0.0,2.000,33554432.0,0.000,0,0,33554432,2,0,0,0,2,1
3,after_use,f32,4194304,glibc_t1,P5,1,1,1,4221866.00,0.0000,0.0000,4225000.0,0.0,2.000,33554432.0,0.000,0,0,33554432,2,0,0,0,2,1
3,after_use,f32,4194304,glibc_t1,P5,2,0,1,4664393.00,0.0000,0.0000,4669000.0,0.0,2.000,33554432.0,0.000,0,0,33554432,2,0,0,0,2,1
3,after_use,f32,4194304,glibc_t1,FIXED_TWIN,2,1,1,4644115.00,0.0000,0.0000,4648000.0,0.0,2.000,33554432.0,0.000,0,0,33554432,2,0,0,0,2,1
3,after_use,f32,4194304,glibc_t1,FIXED_TWIN,3,0,1,4480549.00,0.0000,0.0000,4484000.0,0.0,2.000,33554432.0,0.000,0,0,33554432,2,0,0,0,2,1
3,after_use,f32,4194304,glibc_t1,P5,3,1,1,4372861.00,0.0000,0.0000,4376000.0,0.0,2.000,33554432.0,0.000,0,0,33554432,2,0,0,0,2,1
3,after_use,f32,4194304,glibc_t1,P5,4,0,1,4301384.00,0.0000,0.0000,4305000.0,0.0,2.000,33554432.0,0.000,0,0,33554432,2,0,0,0,2,1
3,after_use,f32,4194304,glibc_t1,FIXED_TWIN,4,1,1,4230369.00,0.0000,0.0000,4235000.0,0.0,2.000,33554432.0,0.000,0,0,33554432,2,0,0,0,2,1
3,after_use,f32,4194304,glibc_t1,FIXED_TWIN,5,0,1,4178178.00,0.0000,0.0000,4182000.0,0.0,2.000,33554432.0,0.000,0,0,33554432,2,0,0,0,2,1
3,after_use,f32,4194304,glibc_t1,P5,5,1,1,4375866.00,0.0000,0.0000,4380000.0,0.0,2.000,33554432.0,0.000,0,0,33554432,2,0,0,0,2,1
3,after_use,f32,4194304,glibc_t1,P5,6,0,1,4243221.00,0.0000,0.0000,4247000.0,0.0,2.000,33554432.0,0.000,0,0,33554432,2,0,0,0,2,1
3,after_use,f32,4194304,glibc_t1,FIXED_TWIN,6,1,1,4229728.00,0.0000,0.0000,4233000.0,0.0,2.000,33554432.0,0.000,0,0,33554432,2,0,0,0,2,1
3,after_use,f32,4194304,glibc_t1,FIXED_TWIN,7,0,1,4272398.00,0.0000,0.0000,4276000.0,0.0,2.000,33554432.0,0.000,0,0,33554432,2,0,0,0,2,1
3,after_use,f32,4194304,glibc_t1,P5,7,1,1,4220040.00,0.0000,0.0000,4224000.0,0.0,2.000,33554432.0,0.000,0,0,33554432,2,0,0,0,2,1
3,after_use,f32,4194304,glibc_t1,P5,8,0,1,4261759.00,0.0000,0.0000,4266000.0,0.0,2.000,33554432.0,0.000,0,0,33554432,2,0,0,0,2,1
3,after_use,f32,4194304,glibc_t1,FIXED_TWIN,8,1,1,4370708.00,0.0000,0.0000,4374000.0,0.0,2.000,33554432.0,0.000,0,0,33554432,2,0,0,0,2,1
3,after_use,f32,4194304,glibc_t1,FIXED_TWIN,9,0,1,4482658.00,0.0000,0.0000,4486000.0,0.0,2.000,33554432.0,0.000,0,0,33554432,2,0,0,0,2,1
3,after_use,f32,4194304,glibc_t1,P5,9,1,1,4384588.00,0.0000,0.0000,4387000.0,0.0,2.000,33554432.0,0.000,0,0,33554432,2,0,0,0,2,1
3,after_use,f32,4194304,glibc_t1,P5,10,0,1,4166871.00,0.0000,0.0000,4170000.0,0.0,2.000,33554432.0,0.000,0,0,33554432,2,0,0,0,2,1
3,after_use,f32,4194304,glibc_t1,FIXED_TWIN,10,1,1,4191251.00,0.0000,0.0000,4195000.0,0.0,2.000,33554432.0,0.000,0,0,33554432,2,0,0,0,2,1
3,after_use,f32,4194304,glibc_t1,FIXED_TWIN,11,0,1,4093233.00,0.0000,0.0000,4097000.0,0.0,2.000,33554432.0,0.000,0,0,33554432,2,0,0,0,2,1
3,after_use,f32,4194304,glibc_t1,P5,11,1,1,4096280.00,0.0000,0.0000,4100000.0,0.0,2.000,33554432.0,0.000,0,0,33554432,2,0,0,0,2,1
3,after_use,f32,4194304,glibc_t1,P5,12,0,1,4403387.00,0.0000,0.0000,4407000.0,0.0,2.000,33554432.0,0.000,0,0,33554432,2,0,0,0,2,1
3,after_use,f32,4194304,glibc_t1,FIXED_TWIN,12,1,1,4235660.00,0.0000,0.0000,4240000.0,0.0,2.000,33554432.0,0.000,0,0,33554432,2,0,0,0,2,1
3,after_use,f32,4194304,glibc_t1,FIXED_TWIN,13,0,1,4195458.00,0.0000,0.0000,4199000.0,0.0,2.000,33554432.0,0.000,0,0,33554432,2,0,0,0,2,1
3,after_use,f32,4194304,glibc_t1,P5,13,1,1,4126572.00,0.0000,0.0000,4130000.0,0.0,2.000,33554432.0,0.000,0,0,33554432,2,0,0,0,2,1
3,after_use,f32,4194304,glibc_t1,P5,14,0,1,4088323.00,0.0000,0.0000,4092000.0,0.0,2.000,33554432.0,0.000,0,0,33554432,2,0,0,0,2,1
3,after_use,f32,4194304,glibc_t1,FIXED_TWIN,14,1,1,4078665.00,0.0000,0.0000,4083000.0,0.0,2.000,33554432.0,0.000,0,0,33554432,2,0,0,0,2,1
3,after_use,f32,16777216,glibc_t1,P5,0,0,1,77757424.00,32770.0000,0.0000,28871000.0,48893000.0,2.000,134217728.0,0.000,0,0,134217728,2,0,0,0,2,1
3,after_use,f32,16777216,glibc_t1,FIXED_TWIN,0,1,1,74632355.00,32770.0000,0.0000,27328000.0,47277000.0,2.000,134217728.0,0.000,0,0,134217728,2,0,0,0,2,1
3,after_use,f32,16777216,glibc_t1,FIXED_TWIN,1,0,1,73912846.00,32770.0000,0.0000,38989000.0,34929000.0,2.000,134217728.0,0.000,0,0,134217728,2,0,0,0,2,1
3,after_use,f32,16777216,glibc_t1,P5,1,1,1,74087436.00,32770.0000,0.0000,25034000.0,49025000.0,2.000,134217728.0,0.000,0,0,134217728,2,0,0,0,2,1
3,after_use,f32,16777216,glibc_t1,P5,2,0,1,75253072.00,32770.0000,0.0000,31635000.0,43624000.0,2.000,134217728.0,0.000,0,0,134217728,2,0,0,0,2,1
3,after_use,f32,16777216,glibc_t1,FIXED_TWIN,2,1,1,75227052.00,32770.0000,0.0000,39617000.0,35607000.0,2.000,134217728.0,0.000,0,0,134217728,2,0,0,0,2,1
3,after_use,f32,16777216,glibc_t1,FIXED_TWIN,3,0,1,74885014.00,32770.0000,0.0000,19454000.0,55437000.0,2.000,134217728.0,0.000,0,0,134217728,2,0,0,0,2,1
3,after_use,f32,16777216,glibc_t1,P5,3,1,1,75305160.00,32770.0000,0.0000,23661000.0,51611000.0,2.000,134217728.0,0.000,0,0,134217728,2,0,0,0,2,1
3,after_use,f32,16777216,glibc_t1,P5,4,0,1,74786640.00,32770.0000,0.0000,25378000.0,49415000.0,2.000,134217728.0,0.000,0,0,134217728,2,0,0,0,2,1
3,after_use,f32,16777216,glibc_t1,FIXED_TWIN,4,1,1,73816104.00,32770.0000,0.0000,2928000.0,70894000.0,2.000,134217728.0,0.000,0,0,134217728,2,0,0,0,2,1
3,after_use,f32,16777216,glibc_t1,FIXED_TWIN,5,0,1,74270106.00,32770.0000,0.0000,27151000.0,47089000.0,2.000,134217728.0,0.000,0,0,134217728,2,0,0,0,2,1
3,after_use,f32,16777216,glibc_t1,P5,5,1,1,75058525.00,32770.0000,0.0000,23539000.0,51497000.0,2.000,134217728.0,0.000,0,0,134217728,2,0,0,0,2,1
3,after_use,f32,16777216,glibc_t1,P5,6,0,1,75661980.00,32770.0000,0.0000,35836000.0,39831000.0,2.000,134217728.0,0.000,0,0,134217728,2,0,0,0,2,1
3,after_use,f32,16777216,glibc_t1,FIXED_TWIN,6,1,1,75102487.00,32770.0000,0.0000,23561000.0,51510000.0,2.000,134217728.0,0.000,0,0,134217728,2,0,0,0,2,1
3,after_use,f32,16777216,glibc_t1,FIXED_TWIN,7,0,1,74843613.00,32770.0000,0.0000,19434000.0,55415000.0,2.000,134217728.0,0.000,0,0,134217728,2,0,0,0,2,1
3,after_use,f32,16777216,glibc_t1,P5,7,1,1,76642537.00,32770.0000,0.0000,40315000.0,36324000.0,2.000,134217728.0,0.000,0,0,134217728,2,0,0,0,2,1
3,after_use,f32,16777216,glibc_t1,P5,8,0,1,76668821.00,32770.0000,0.0000,36313000.0,40332000.0,2.000,134217728.0,0.000,0,0,134217728,2,0,0,0,2,1
3,after_use,f32,16777216,glibc_t1,FIXED_TWIN,8,1,1,75637019.00,32770.0000,0.0000,27824000.0,47790000.0,2.000,134217728.0,0.000,0,0,134217728,2,0,0,0,2,1
3,after_use,f32,16777216,glibc_t1,FIXED_TWIN,9,0,1,74784490.00,32770.0000,0.0000,23405000.0,51350000.0,2.000,134217728.0,0.000,0,0,134217728,2,0,0,0,2,1
3,after_use,f32,16777216,glibc_t1,P5,9,1,1,74560652.00,32770.0000,0.0000,13265000.0,61301000.0,2.000,134217728.0,0.000,0,0,134217728,2,0,0,0,2,1
3,after_use,f32,16777216,glibc_t1,P5,10,0,1,75354884.00,32770.0000,0.0000,23646000.0,51670000.0,2.000,134217728.0,0.000,0,0,134217728,2,0,0,0,2,1
3,after_use,f32,16777216,glibc_t1,FIXED_TWIN,10,1,1,76009964.00,32770.0000,0.0000,47913000.0,28008000.0,2.000,134217728.0,0.000,0,0,134217728,2,0,0,0,2,1
3,after_use,f32,16777216,glibc_t1,FIXED_TWIN,11,0,1,73899331.00,32770.0000,0.0000,22969000.0,50936000.0,2.000,134217728.0,0.000,0,0,134217728,2,0,0,0,2,1
3,after_use,f32,16777216,glibc_t1,P5,11,1,1,73223500.00,32770.0000,0.0000,16607000.0,56624000.0,2.000,134217728.0,0.000,0,0,134217728,2,0,0,0,2,1
3,after_use,f32,16777216,glibc_t1,P5,12,0,1,74283517.00,32770.0000,0.0000,35158000.0,39131000.0,2.000,134217728.0,0.000,0,0,134217728,2,0,0,0,2,1
3,after_use,f32,16777216,glibc_t1,FIXED_TWIN,12,1,1,74025848.00,32770.0000,0.0000,26861000.0,46822000.0,2.000,134217728.0,0.000,0,0,134217728,2,0,0,0,2,1
3,after_use,f32,16777216,glibc_t1,FIXED_TWIN,13,0,1,73293185.00,32770.0000,0.0000,20640000.0,52659000.0,2.000,134217728.0,0.000,0,0,134217728,2,0,0,0,2,1
3,after_use,f32,16777216,glibc_t1,P5,13,1,1,73047741.00,32770.0000,0.0000,12520000.0,60534000.0,2.000,134217728.0,0.000,0,0,134217728,2,0,0,0,2,1
3,after_use,f32,16777216,glibc_t1,P5,14,0,1,73636134.00,32770.0000,0.0000,10842000.0,62799000.0,2.000,134217728.0,0.000,0,0,134217728,2,0,0,0,2,1
3,after_use,f32,16777216,glibc_t1,FIXED_TWIN,14,1,1,73879670.00,32770.0000,0.0000,12928000.0,60919000.0,2.000,134217728.0,0.000,0,0,134217728,2,0,0,0,2,1
3,chain3,f32,64,glibc_t1,P5,0,0,1000,361.38,0.0000,0.0000,179.0,185.0,3.000,768.0,0.000,0,0,256512,3,0,0,0,1,1
3,chain3,f32,64,glibc_t1,P6,0,1,1000,339.62,0.0000,0.0000,167.0,173.0,1.000,256.0,0.000,0,0,256000,1,2,0,0,1,1
3,chain3,f32,64,glibc_t1,P7,0,2,1000,336.11,0.0000,0.0000,165.0,171.0,1.000,256.0,0.000,0,0,256000,1,1,1,0,1,1
3,chain3,f32,64,glibc_t1,FIXED_TWIN,0,3,1000,348.38,0.0000,0.0000,349.0,0.0,1.000,256.0,0.000,0,0,256000,1,1,1,0,1,1
3,chain3,f32,64,glibc_t1,P6,1,0,1000,325.24,0.0000,0.0000,326.0,0.0,1.000,256.0,0.000,0,0,256000,1,2,0,0,1,1
3,chain3,f32,64,glibc_t1,P7,1,1,1000,314.26,0.0000,0.0000,314.0,0.0,1.000,256.0,0.000,0,0,256000,1,1,1,0,1,1
3,chain3,f32,64,glibc_t1,FIXED_TWIN,1,2,1000,337.42,0.0000,0.0000,338.0,0.0,1.000,256.0,0.000,0,0,256000,1,1,1,0,1,1
3,chain3,f32,64,glibc_t1,P5,1,3,1000,391.11,0.0000,0.0000,392.0,0.0,3.000,768.0,0.000,0,0,256512,3,0,0,0,1,1
3,chain3,f32,64,glibc_t1,P7,2,0,1000,344.79,0.0000,0.0000,345.0,0.0,1.000,256.0,0.000,0,0,256000,1,1,1,0,1,1
3,chain3,f32,64,glibc_t1,FIXED_TWIN,2,1,1000,319.50,0.0000,0.0000,320.0,0.0,1.000,256.0,0.000,0,0,256000,1,1,1,0,1,1
3,chain3,f32,64,glibc_t1,P5,2,2,1000,369.40,0.0000,0.0000,370.0,0.0,3.000,768.0,0.000,0,0,256512,3,0,0,0,1,1
3,chain3,f32,64,glibc_t1,P6,2,3,1000,334.74,0.0000,0.0000,336.0,0.0,1.000,256.0,0.000,0,0,256000,1,2,0,0,1,1
3,chain3,f32,64,glibc_t1,FIXED_TWIN,3,0,1000,339.46,0.0000,0.0000,340.0,0.0,1.000,256.0,0.000,0,0,256000,1,1,1,0,1,1
3,chain3,f32,64,glibc_t1,P5,3,1,1000,442.84,0.0000,0.0000,443.0,0.0,3.000,768.0,0.000,0,0,256512,3,0,0,0,1,1
3,chain3,f32,64,glibc_t1,P6,3,2,1000,346.63,0.0000,0.0000,348.0,0.0,1.000,256.0,0.000,0,0,256000,1,2,0,0,1,1
3,chain3,f32,64,glibc_t1,P7,3,3,1000,335.52,0.0000,0.0000,336.0,0.0,1.000,256.0,0.000,0,0,256000,1,1,1,0,1,1
3,chain3,f32,64,glibc_t1,P5,4,0,1000,370.61,0.0000,0.0000,372.0,0.0,3.000,768.0,0.000,0,0,256512,3,0,0,0,1,1
3,chain3,f32,64,glibc_t1,P6,4,1,1000,332.32,0.0000,0.0000,333.0,0.0,1.000,256.0,0.000,0,0,256000,1,2,0,0,1,1
3,chain3,f32,64,glibc_t1,P7,4,2,1000,328.42,0.0000,0.0000,329.0,0.0,1.000,256.0,0.000,0,0,256000,1,1,1,0,1,1
3,chain3,f32,64,glibc_t1,FIXED_TWIN,4,3,1000,340.28,0.0000,0.0000,341.0,0.0,1.000,256.0,0.000,0,0,256000,1,1,1,0,1,1
3,chain3,f32,64,glibc_t1,P6,5,0,1000,325.73,0.0000,0.0000,326.0,0.0,1.000,256.0,0.000,0,0,256000,1,2,0,0,1,1
3,chain3,f32,64,glibc_t1,P7,5,1,1000,320.70,0.0000,0.0000,321.0,0.0,1.000,256.0,0.000,0,0,256000,1,1,1,0,1,1
3,chain3,f32,64,glibc_t1,FIXED_TWIN,5,2,1000,314.30,0.0000,0.0000,315.0,0.0,1.000,256.0,0.000,0,0,256000,1,1,1,0,1,1
3,chain3,f32,64,glibc_t1,P5,5,3,1000,375.28,0.0000,0.0000,376.0,0.0,3.000,768.0,0.000,0,0,256512,3,0,0,0,1,1
3,chain3,f32,64,glibc_t1,P7,6,0,1000,337.15,0.0000,0.0000,338.0,0.0,1.000,256.0,0.000,0,0,256000,1,1,1,0,1,1
3,chain3,f32,64,glibc_t1,FIXED_TWIN,6,1,1000,317.77,0.0000,0.0000,318.0,0.0,1.000,256.0,0.000,0,0,256000,1,1,1,0,1,1
3,chain3,f32,64,glibc_t1,P5,6,2,1000,370.67,0.0000,0.0000,371.0,0.0,3.000,768.0,0.000,0,0,256512,3,0,0,0,1,1
3,chain3,f32,64,glibc_t1,P6,6,3,1000,356.05,0.0000,0.0000,356.0,0.0,1.000,256.0,0.000,0,0,256000,1,2,0,0,1,1
3,chain3,f32,64,glibc_t1,FIXED_TWIN,7,0,1000,319.97,0.0000,0.0000,320.0,0.0,1.000,256.0,0.000,0,0,256000,1,1,1,0,1,1
3,chain3,f32,64,glibc_t1,P5,7,1,1000,374.00,0.0000,0.0000,375.0,0.0,3.000,768.0,0.000,0,0,256512,3,0,0,0,1,1
3,chain3,f32,64,glibc_t1,P6,7,2,1000,343.18,0.0000,0.0000,344.0,0.0,1.000,256.0,0.000,0,0,256000,1,2,0,0,1,1
3,chain3,f32,64,glibc_t1,P7,7,3,1000,311.55,0.0000,0.0000,312.0,0.0,1.000,256.0,0.000,0,0,256000,1,1,1,0,1,1
3,chain3,f32,64,glibc_t1,P5,8,0,1000,388.49,0.0000,0.0000,389.0,0.0,3.000,768.0,0.000,0,0,256512,3,0,0,0,1,1
3,chain3,f32,64,glibc_t1,P6,8,1,1000,330.39,0.0000,0.0000,331.0,0.0,1.000,256.0,0.000,0,0,256000,1,2,0,0,1,1
3,chain3,f32,64,glibc_t1,P7,8,2,1000,313.22,0.0000,0.0000,314.0,0.0,1.000,256.0,0.000,0,0,256000,1,1,1,0,1,1
3,chain3,f32,64,glibc_t1,FIXED_TWIN,8,3,1000,342.84,0.0000,0.0000,343.0,0.0,1.000,256.0,0.000,0,0,256000,1,1,1,0,1,1
3,chain3,f32,64,glibc_t1,P6,9,0,1000,348.98,0.0000,0.0000,349.0,0.0,1.000,256.0,0.000,0,0,256000,1,2,0,0,1,1
3,chain3,f32,64,glibc_t1,P7,9,1,1000,343.72,0.0000,0.0000,344.0,0.0,1.000,256.0,0.000,0,0,256000,1,1,1,0,1,1
3,chain3,f32,64,glibc_t1,FIXED_TWIN,9,2,1000,315.20,0.0000,0.0000,316.0,0.0,1.000,256.0,0.000,0,0,256000,1,1,1,0,1,1
3,chain3,f32,64,glibc_t1,P5,9,3,1000,384.39,0.0000,0.0000,385.0,0.0,3.000,768.0,0.000,0,0,256512,3,0,0,0,1,1
3,chain3,f32,64,glibc_t1,P7,10,0,1000,318.68,0.0000,0.0000,319.0,0.0,1.000,256.0,0.000,0,0,256000,1,1,1,0,1,1
3,chain3,f32,64,glibc_t1,FIXED_TWIN,10,1,1000,336.61,0.0000,0.0000,337.0,0.0,1.000,256.0,0.000,0,0,256000,1,1,1,0,1,1
3,chain3,f32,64,glibc_t1,P5,10,2,1000,418.92,0.0000,0.0000,419.0,0.0,3.000,768.0,0.000,0,0,256512,3,0,0,0,1,1
3,chain3,f32,64,glibc_t1,P6,10,3,1000,325.58,0.0000,0.0000,327.0,0.0,1.000,256.0,0.000,0,0,256000,1,2,0,0,1,1
3,chain3,f32,64,glibc_t1,FIXED_TWIN,11,0,1000,313.00,0.0000,0.0000,313.0,0.0,1.000,256.0,0.000,0,0,256000,1,1,1,0,1,1
3,chain3,f32,64,glibc_t1,P5,11,1,1000,368.56,0.0000,0.0000,370.0,0.0,3.000,768.0,0.000,0,0,256512,3,0,0,0,1,1
3,chain3,f32,64,glibc_t1,P6,11,2,1000,333.59,0.0000,0.0000,334.0,0.0,1.000,256.0,0.000,0,0,256000,1,2,0,0,1,1
3,chain3,f32,64,glibc_t1,P7,11,3,1000,344.97,0.0000,0.0000,346.0,0.0,1.000,256.0,0.000,0,0,256000,1,1,1,0,1,1
3,chain3,f32,64,glibc_t1,P5,12,0,1000,386.54,0.0000,0.0000,387.0,0.0,3.000,768.0,0.000,0,0,256512,3,0,0,0,1,1
3,chain3,f32,64,glibc_t1,P6,12,1,1000,325.43,0.0000,0.0000,326.0,0.0,1.000,256.0,0.000,0,0,256000,1,2,0,0,1,1
3,chain3,f32,64,glibc_t1,P7,12,2,1000,304.88,0.0000,0.0000,305.0,0.0,1.000,256.0,0.000,0,0,256000,1,1,1,0,1,1
3,chain3,f32,64,glibc_t1,FIXED_TWIN,12,3,1000,318.58,0.0000,0.0000,319.0,0.0,1.000,256.0,0.000,0,0,256000,1,1,1,0,1,1
3,chain3,f32,64,glibc_t1,P6,13,0,1000,326.58,0.0000,0.0000,328.0,0.0,1.000,256.0,0.000,0,0,256000,1,2,0,0,1,1
3,chain3,f32,64,glibc_t1,P7,13,1,1000,319.27,0.0000,0.0000,319.0,0.0,1.000,256.0,0.000,0,0,256000,1,1,1,0,1,1
3,chain3,f32,64,glibc_t1,FIXED_TWIN,13,2,1000,336.04,0.0000,0.0000,337.0,0.0,1.000,256.0,0.000,0,0,256000,1,1,1,0,1,1
3,chain3,f32,64,glibc_t1,P5,13,3,1000,385.69,0.0000,0.0000,386.0,0.0,3.000,768.0,0.000,0,0,256512,3,0,0,0,1,1
3,chain3,f32,64,glibc_t1,P7,14,0,1000,318.73,0.0000,0.0000,319.0,0.0,1.000,256.0,0.000,0,0,256000,1,1,1,0,1,1
3,chain3,f32,64,glibc_t1,FIXED_TWIN,14,1,1000,323.07,0.0000,0.0000,323.0,0.0,1.000,256.0,0.000,0,0,256000,1,1,1,0,1,1
3,chain3,f32,64,glibc_t1,P5,14,2,1000,370.82,0.0000,0.0000,372.0,0.0,3.000,768.0,0.000,0,0,256512,3,0,0,0,1,1
3,chain3,f32,64,glibc_t1,P6,14,3,1000,341.39,0.0000,0.0000,342.0,0.0,1.000,256.0,0.000,0,0,256000,1,2,0,0,1,1
3,chain3,f32,1024,glibc_t1,P5,0,0,1000,698.65,0.0000,0.0000,701.0,0.0,3.000,12288.0,0.000,0,0,4104192,3,0,0,0,1,1
3,chain3,f32,1024,glibc_t1,P6,0,1,1000,709.97,0.0000,0.0000,712.0,0.0,1.000,4096.0,0.000,0,0,4096000,1,2,0,0,1,1
3,chain3,f32,1024,glibc_t1,P7,0,2,1000,620.33,0.0000,0.0000,622.0,0.0,1.000,4096.0,0.000,0,0,4096000,1,1,1,0,1,1
3,chain3,f32,1024,glibc_t1,FIXED_TWIN,0,3,1000,590.08,0.0000,0.0000,592.0,0.0,1.000,4096.0,0.000,0,0,4096000,1,1,1,0,1,1
3,chain3,f32,1024,glibc_t1,P6,1,0,1000,747.92,0.0000,0.0000,750.0,0.0,1.000,4096.0,0.000,0,0,4096000,1,2,0,0,1,1
3,chain3,f32,1024,glibc_t1,P7,1,1,1000,583.89,0.0000,0.0000,586.0,0.0,1.000,4096.0,0.000,0,0,4096000,1,1,1,0,1,1
3,chain3,f32,1024,glibc_t1,FIXED_TWIN,1,2,1000,618.55,0.0000,0.0000,620.0,0.0,1.000,4096.0,0.000,0,0,4096000,1,1,1,0,1,1
3,chain3,f32,1024,glibc_t1,P5,1,3,1000,770.55,0.0000,0.0000,772.0,0.0,3.000,12288.0,0.000,0,0,4104192,3,0,0,0,1,1
3,chain3,f32,1024,glibc_t1,P7,2,0,1000,584.94,0.0000,0.0000,586.0,0.0,1.000,4096.0,0.000,0,0,4096000,1,1,1,0,1,1
3,chain3,f32,1024,glibc_t1,FIXED_TWIN,2,1,1000,609.88,0.0000,0.0000,612.0,0.0,1.000,4096.0,0.000,0,0,4096000,1,1,1,0,1,1
3,chain3,f32,1024,glibc_t1,P5,2,2,1000,747.83,0.0000,0.0000,749.0,0.0,3.000,12288.0,0.000,0,0,4104192,3,0,0,0,1,1
3,chain3,f32,1024,glibc_t1,P6,2,3,1000,724.91,0.0000,0.0000,728.0,0.0,1.000,4096.0,0.000,0,0,4096000,1,2,0,0,1,1
3,chain3,f32,1024,glibc_t1,FIXED_TWIN,3,0,1000,617.23,0.0000,0.0000,618.0,0.0,1.000,4096.0,0.000,0,0,4096000,1,1,1,0,1,1
3,chain3,f32,1024,glibc_t1,P5,3,1,1000,717.55,0.0000,0.0000,719.0,0.0,3.000,12288.0,0.000,0,0,4104192,3,0,0,0,1,1
3,chain3,f32,1024,glibc_t1,P6,3,2,1000,702.35,0.0000,0.0000,704.0,0.0,1.000,4096.0,0.000,0,0,4096000,1,2,0,0,1,1
3,chain3,f32,1024,glibc_t1,P7,3,3,1000,605.53,0.0000,0.0000,607.0,0.0,1.000,4096.0,0.000,0,0,4096000,1,1,1,0,1,1
3,chain3,f32,1024,glibc_t1,P5,4,0,1000,741.76,0.0000,0.0000,743.0,0.0,3.000,12288.0,0.000,0,0,4104192,3,0,0,0,1,1
3,chain3,f32,1024,glibc_t1,P6,4,1,1000,719.91,0.0000,0.0000,721.0,0.0,1.000,4096.0,0.000,0,0,4096000,1,2,0,0,1,1
3,chain3,f32,1024,glibc_t1,P7,4,2,1000,599.88,0.0000,0.0000,601.0,0.0,1.000,4096.0,0.000,0,0,4096000,1,1,1,0,1,1
3,chain3,f32,1024,glibc_t1,FIXED_TWIN,4,3,1000,620.47,0.0000,0.0000,622.0,0.0,1.000,4096.0,0.000,0,0,4096000,1,1,1,0,1,1
3,chain3,f32,1024,glibc_t1,P6,5,0,1000,740.00,0.0000,0.0000,742.0,0.0,1.000,4096.0,0.000,0,0,4096000,1,2,0,0,1,1
3,chain3,f32,1024,glibc_t1,P7,5,1,1000,592.22,0.0000,0.0000,594.0,0.0,1.000,4096.0,0.000,0,0,4096000,1,1,1,0,1,1
3,chain3,f32,1024,glibc_t1,FIXED_TWIN,5,2,1000,625.14,0.0000,0.0000,626.0,0.0,1.000,4096.0,0.000,0,0,4096000,1,1,1,0,1,1
3,chain3,f32,1024,glibc_t1,P5,5,3,1000,704.74,0.0000,0.0000,707.0,0.0,3.000,12288.0,0.000,0,0,4104192,3,0,0,0,1,1
3,chain3,f32,1024,glibc_t1,P7,6,0,1000,649.09,0.0000,0.0000,652.0,0.0,1.000,4096.0,0.000,0,0,4096000,1,1,1,0,1,1
3,chain3,f32,1024,glibc_t1,FIXED_TWIN,6,1,1000,614.84,0.0000,0.0000,616.0,0.0,1.000,4096.0,0.000,0,0,4096000,1,1,1,0,1,1
3,chain3,f32,1024,glibc_t1,P5,6,2,1000,743.28,0.0000,0.0000,745.0,0.0,3.000,12288.0,0.000,0,0,4104192,3,0,0,0,1,1
3,chain3,f32,1024,glibc_t1,P6,6,3,1000,742.71,0.0000,0.0000,744.0,0.0,1.000,4096.0,0.000,0,0,4096000,1,2,0,0,1,1
3,chain3,f32,1024,glibc_t1,FIXED_TWIN,7,0,1000,614.52,0.0000,0.0000,619.0,0.0,1.000,4096.0,0.000,0,0,4096000,1,1,1,0,1,1
3,chain3,f32,1024,glibc_t1,P5,7,1,1000,709.71,0.0000,0.0000,711.0,0.0,3.000,12288.0,0.000,0,0,4104192,3,0,0,0,1,1
3,chain3,f32,1024,glibc_t1,P6,7,2,1000,727.17,0.0000,0.0000,729.0,0.0,1.000,4096.0,0.000,0,0,4096000,1,2,0,0,1,1
3,chain3,f32,1024,glibc_t1,P7,7,3,1000,609.88,0.0000,0.0000,611.0,0.0,1.000,4096.0,0.000,0,0,4096000,1,1,1,0,1,1
3,chain3,f32,1024,glibc_t1,P5,8,0,1000,711.92,0.0000,0.0000,713.0,0.0,3.000,12288.0,0.000,0,0,4104192,3,0,0,0,1,1
3,chain3,f32,1024,glibc_t1,P6,8,1,1000,764.90,0.0000,0.0000,766.0,0.0,1.000,4096.0,0.000,0,0,4096000,1,2,0,0,1,1
3,chain3,f32,1024,glibc_t1,P7,8,2,1000,649.64,0.0000,0.0000,651.0,0.0,1.000,4096.0,0.000,0,0,4096000,1,1,1,0,1,1
3,chain3,f32,1024,glibc_t1,FIXED_TWIN,8,3,1000,688.57,0.0000,0.0000,691.0,0.0,1.000,4096.0,0.000,0,0,4096000,1,1,1,0,1,1
3,chain3,f32,1024,glibc_t1,P6,9,0,1000,765.29,0.0000,0.0000,768.0,0.0,1.000,4096.0,0.000,0,0,4096000,1,2,0,0,1,1
3,chain3,f32,1024,glibc_t1,P7,9,1,1000,612.50,0.0000,0.0000,614.0,0.0,1.000,4096.0,0.000,0,0,4096000,1,1,1,0,1,1
3,chain3,f32,1024,glibc_t1,FIXED_TWIN,9,2,1000,623.43,0.0000,0.0000,625.0,0.0,1.000,4096.0,0.000,0,0,4096000,1,1,1,0,1,1
3,chain3,f32,1024,glibc_t1,P5,9,3,1000,766.33,0.0000,0.0000,767.0,0.0,3.000,12288.0,0.000,0,0,4104192,3,0,0,0,1,1
3,chain3,f32,1024,glibc_t1,P7,10,0,1000,612.77,0.0000,0.0000,614.0,0.0,1.000,4096.0,0.000,0,0,4096000,1,1,1,0,1,1
3,chain3,f32,1024,glibc_t1,FIXED_TWIN,10,1,1000,620.83,0.0000,0.0000,622.0,0.0,1.000,4096.0,0.000,0,0,4096000,1,1,1,0,1,1
3,chain3,f32,1024,glibc_t1,P5,10,2,1000,718.08,0.0000,0.0000,719.0,0.0,3.000,12288.0,0.000,0,0,4104192,3,0,0,0,1,1
3,chain3,f32,1024,glibc_t1,P6,10,3,1000,761.23,0.0000,0.0000,763.0,0.0,1.000,4096.0,0.000,0,0,4096000,1,2,0,0,1,1
3,chain3,f32,1024,glibc_t1,FIXED_TWIN,11,0,1000,601.98,0.0000,0.0000,604.0,0.0,1.000,4096.0,0.000,0,0,4096000,1,1,1,0,1,1
3,chain3,f32,1024,glibc_t1,P5,11,1,1000,721.53,0.0000,0.0000,723.0,0.0,3.000,12288.0,0.000,0,0,4104192,3,0,0,0,1,1
3,chain3,f32,1024,glibc_t1,P6,11,2,1000,709.39,0.0000,0.0000,712.0,0.0,1.000,4096.0,0.000,0,0,4096000,1,2,0,0,1,1
3,chain3,f32,1024,glibc_t1,P7,11,3,1000,588.69,0.0000,0.0000,590.0,0.0,1.000,4096.0,0.000,0,0,4096000,1,1,1,0,1,1
3,chain3,f32,1024,glibc_t1,P5,12,0,1000,728.80,0.0000,0.0000,731.0,0.0,3.000,12288.0,0.000,0,0,4104192,3,0,0,0,1,1
3,chain3,f32,1024,glibc_t1,P6,12,1,1000,715.17,0.0000,0.0000,718.0,0.0,1.000,4096.0,0.000,0,0,4096000,1,2,0,0,1,1
3,chain3,f32,1024,glibc_t1,P7,12,2,1000,595.46,0.0000,0.0000,597.0,0.0,1.000,4096.0,0.000,0,0,4096000,1,1,1,0,1,1
3,chain3,f32,1024,glibc_t1,FIXED_TWIN,12,3,1000,638.30,0.0000,0.0000,640.0,0.0,1.000,4096.0,0.000,0,0,4096000,1,1,1,0,1,1
3,chain3,f32,1024,glibc_t1,P6,13,0,1000,774.83,0.0000,0.0000,777.0,0.0,1.000,4096.0,0.000,0,0,4096000,1,2,0,0,1,1
3,chain3,f32,1024,glibc_t1,P7,13,1,1000,588.92,0.0000,0.0000,592.0,0.0,1.000,4096.0,0.000,0,0,4096000,1,1,1,0,1,1
3,chain3,f32,1024,glibc_t1,FIXED_TWIN,13,2,1000,617.40,0.0000,0.0000,619.0,0.0,1.000,4096.0,0.000,0,0,4096000,1,1,1,0,1,1
3,chain3,f32,1024,glibc_t1,P5,13,3,1000,699.09,0.0000,0.0000,700.0,0.0,3.000,12288.0,0.000,0,0,4104192,3,0,0,0,1,1
3,chain3,f32,1024,glibc_t1,P7,14,0,1000,621.17,0.0000,0.0000,623.0,0.0,1.000,4096.0,0.000,0,0,4096000,1,1,1,0,1,1
3,chain3,f32,1024,glibc_t1,FIXED_TWIN,14,1,1000,591.85,0.0000,0.0000,593.0,0.0,1.000,4096.0,0.000,0,0,4096000,1,1,1,0,1,1
3,chain3,f32,1024,glibc_t1,P5,14,2,1000,742.83,0.0000,0.0000,744.0,0.0,3.000,12288.0,0.000,0,0,4104192,3,0,0,0,1,1
3,chain3,f32,1024,glibc_t1,P6,14,3,1000,745.21,0.0000,0.0000,747.0,0.0,1.000,4096.0,0.000,0,0,4096000,1,2,0,0,1,1
3,chain3,f32,4096,glibc_t1,P5,0,0,1,2384.00,0.0000,0.0000,3000.0,0.0,3.000,49152.0,0.000,0,0,49152,3,0,0,0,1,1
3,chain3,f32,4096,glibc_t1,P6,0,1,1,1950.00,0.0000,0.0000,3000.0,0.0,1.000,16384.0,0.000,0,0,16384,1,2,0,0,1,1
3,chain3,f32,4096,glibc_t1,P7,0,2,1,1644.00,0.0000,0.0000,2000.0,0.0,1.000,16384.0,0.000,0,0,16384,1,1,1,0,1,1
3,chain3,f32,4096,glibc_t1,FIXED_TWIN,0,3,1,1613.00,0.0000,0.0000,2000.0,0.0,1.000,16384.0,0.000,0,0,16384,1,1,1,0,1,1
3,chain3,f32,4096,glibc_t1,P6,1,0,1,1863.00,0.0000,0.0000,2000.0,0.0,1.000,16384.0,0.000,0,0,16384,1,2,0,0,1,1
3,chain3,f32,4096,glibc_t1,P7,1,1,1,1688.00,0.0000,0.0000,2000.0,0.0,1.000,16384.0,0.000,0,0,16384,1,1,1,0,1,1
3,chain3,f32,4096,glibc_t1,FIXED_TWIN,1,2,1,1599.00,0.0000,0.0000,2000.0,0.0,1.000,16384.0,0.000,0,0,16384,1,1,1,0,1,1
3,chain3,f32,4096,glibc_t1,P5,1,3,1,2253.00,0.0000,0.0000,3000.0,0.0,3.000,49152.0,0.000,0,0,49152,3,0,0,0,1,1
3,chain3,f32,4096,glibc_t1,P7,2,0,1,1612.00,0.0000,0.0000,2000.0,0.0,1.000,16384.0,0.000,0,0,16384,1,1,1,0,1,1
3,chain3,f32,4096,glibc_t1,FIXED_TWIN,2,1,1,1601.00,0.0000,0.0000,2000.0,0.0,1.000,16384.0,0.000,0,0,16384,1,1,1,0,1,1
3,chain3,f32,4096,glibc_t1,P5,2,2,1,2259.00,0.0000,0.0000,3000.0,0.0,3.000,49152.0,0.000,0,0,49152,3,0,0,0,1,1
3,chain3,f32,4096,glibc_t1,P6,2,3,1,1921.00,0.0000,0.0000,2000.0,0.0,1.000,16384.0,0.000,0,0,16384,1,2,0,0,1,1
3,chain3,f32,4096,glibc_t1,FIXED_TWIN,3,0,1,1723.00,0.0000,0.0000,3000.0,0.0,1.000,16384.0,0.000,0,0,16384,1,1,1,0,1,1
3,chain3,f32,4096,glibc_t1,P5,3,1,1,2228.00,0.0000,0.0000,3000.0,0.0,3.000,49152.0,0.000,0,0,49152,3,0,0,0,1,1
3,chain3,f32,4096,glibc_t1,P6,3,2,1,1860.00,0.0000,0.0000,2000.0,0.0,1.000,16384.0,0.000,0,0,16384,1,2,0,0,1,1
3,chain3,f32,4096,glibc_t1,P7,3,3,1,1691.00,0.0000,0.0000,2000.0,0.0,1.000,16384.0,0.000,0,0,16384,1,1,1,0,1,1
3,chain3,f32,4096,glibc_t1,P5,4,0,1,2226.00,0.0000,0.0000,3000.0,0.0,3.000,49152.0,0.000,0,0,49152,3,0,0,0,1,1
3,chain3,f32,4096,glibc_t1,P6,4,1,1,1863.00,0.0000,0.0000,2000.0,0.0,1.000,16384.0,0.000,0,0,16384,1,2,0,0,1,1
3,chain3,f32,4096,glibc_t1,P7,4,2,1,1655.00,0.0000,0.0000,3000.0,0.0,1.000,16384.0,0.000,0,0,16384,1,1,1,0,1,1
3,chain3,f32,4096,glibc_t1,FIXED_TWIN,4,3,1,1579.00,0.0000,0.0000,2000.0,0.0,1.000,16384.0,0.000,0,0,16384,1,1,1,0,1,1
3,chain3,f32,4096,glibc_t1,P6,5,0,1,1825.00,0.0000,0.0000,2000.0,0.0,1.000,16384.0,0.000,0,0,16384,1,2,0,0,1,1
3,chain3,f32,4096,glibc_t1,P7,5,1,1,1592.00,0.0000,0.0000,2000.0,0.0,1.000,16384.0,0.000,0,0,16384,1,1,1,0,1,1
3,chain3,f32,4096,glibc_t1,FIXED_TWIN,5,2,1,1619.00,0.0000,0.0000,2000.0,0.0,1.000,16384.0,0.000,0,0,16384,1,1,1,0,1,1
3,chain3,f32,4096,glibc_t1,P5,5,3,1,2245.00,0.0000,0.0000,2000.0,0.0,3.000,49152.0,0.000,0,0,49152,3,0,0,0,1,1
3,chain3,f32,4096,glibc_t1,P7,6,0,1,1706.00,0.0000,0.0000,3000.0,0.0,1.000,16384.0,0.000,0,0,16384,1,1,1,0,1,1
3,chain3,f32,4096,glibc_t1,FIXED_TWIN,6,1,1,2043.00,0.0000,0.0000,3000.0,0.0,1.000,16384.0,0.000,0,0,16384,1,1,1,0,1,1
3,chain3,f32,4096,glibc_t1,P5,6,2,1,2473.00,0.0000,0.0000,3000.0,0.0,3.000,49152.0,0.000,0,0,49152,3,0,0,0,1,1
3,chain3,f32,4096,glibc_t1,P6,6,3,1,1913.00,0.0000,0.0000,2000.0,0.0,1.000,16384.0,0.000,0,0,16384,1,2,0,0,1,1
3,chain3,f32,4096,glibc_t1,FIXED_TWIN,7,0,1,1703.00,0.0000,0.0000,2000.0,0.0,1.000,16384.0,0.000,0,0,16384,1,1,1,0,1,1
3,chain3,f32,4096,glibc_t1,P5,7,1,1,2349.00,0.0000,0.0000,2000.0,0.0,3.000,49152.0,0.000,0,0,49152,3,0,0,0,1,1
3,chain3,f32,4096,glibc_t1,P6,7,2,1,1842.00,0.0000,0.0000,2000.0,0.0,1.000,16384.0,0.000,0,0,16384,1,2,0,0,1,1
3,chain3,f32,4096,glibc_t1,P7,7,3,1,1665.00,0.0000,0.0000,2000.0,0.0,1.000,16384.0,0.000,0,0,16384,1,1,1,0,1,1
3,chain3,f32,4096,glibc_t1,P5,8,0,1,2223.00,0.0000,0.0000,2000.0,0.0,3.000,49152.0,0.000,0,0,49152,3,0,0,0,1,1
3,chain3,f32,4096,glibc_t1,P6,8,1,1,1892.00,0.0000,0.0000,2000.0,0.0,1.000,16384.0,0.000,0,0,16384,1,2,0,0,1,1
3,chain3,f32,4096,glibc_t1,P7,8,2,1,1636.00,0.0000,0.0000,2000.0,0.0,1.000,16384.0,0.000,0,0,16384,1,1,1,0,1,1
3,chain3,f32,4096,glibc_t1,FIXED_TWIN,8,3,1,1659.00,0.0000,0.0000,2000.0,0.0,1.000,16384.0,0.000,0,0,16384,1,1,1,0,1,1
3,chain3,f32,4096,glibc_t1,P6,9,0,1,1881.00,0.0000,0.0000,2000.0,0.0,1.000,16384.0,0.000,0,0,16384,1,2,0,0,1,1
3,chain3,f32,4096,glibc_t1,P7,9,1,1,1676.00,0.0000,0.0000,2000.0,0.0,1.000,16384.0,0.000,0,0,16384,1,1,1,0,1,1
3,chain3,f32,4096,glibc_t1,FIXED_TWIN,9,2,1,1606.00,0.0000,0.0000,2000.0,0.0,1.000,16384.0,0.000,0,0,16384,1,1,1,0,1,1
3,chain3,f32,4096,glibc_t1,P5,9,3,1,2234.00,0.0000,0.0000,3000.0,0.0,3.000,49152.0,0.000,0,0,49152,3,0,0,0,1,1
3,chain3,f32,4096,glibc_t1,P7,10,0,1,1610.00,0.0000,0.0000,2000.0,0.0,1.000,16384.0,0.000,0,0,16384,1,1,1,0,1,1
3,chain3,f32,4096,glibc_t1,FIXED_TWIN,10,1,1,1599.00,0.0000,0.0000,2000.0,0.0,1.000,16384.0,0.000,0,0,16384,1,1,1,0,1,1
3,chain3,f32,4096,glibc_t1,P5,10,2,1,2250.00,0.0000,0.0000,2000.0,0.0,3.000,49152.0,0.000,0,0,49152,3,0,0,0,1,1
3,chain3,f32,4096,glibc_t1,P6,10,3,1,1928.00,0.0000,0.0000,2000.0,0.0,1.000,16384.0,0.000,0,0,16384,1,2,0,0,1,1
3,chain3,f32,4096,glibc_t1,FIXED_TWIN,11,0,1,1659.00,0.0000,0.0000,2000.0,0.0,1.000,16384.0,0.000,0,0,16384,1,1,1,0,1,1
3,chain3,f32,4096,glibc_t1,P5,11,1,1,2217.00,0.0000,0.0000,2000.0,0.0,3.000,49152.0,0.000,0,0,49152,3,0,0,0,1,1
3,chain3,f32,4096,glibc_t1,P6,11,2,1,1883.00,0.0000,0.0000,2000.0,0.0,1.000,16384.0,0.000,0,0,16384,1,2,0,0,1,1
3,chain3,f32,4096,glibc_t1,P7,11,3,1,1635.00,0.0000,0.0000,2000.0,0.0,1.000,16384.0,0.000,0,0,16384,1,1,1,0,1,1
3,chain3,f32,4096,glibc_t1,P5,12,0,1,2198.00,0.0000,0.0000,2000.0,0.0,3.000,49152.0,0.000,0,0,49152,3,0,0,0,1,1
3,chain3,f32,4096,glibc_t1,P6,12,1,1,1865.00,0.0000,0.0000,2000.0,0.0,1.000,16384.0,0.000,0,0,16384,1,2,0,0,1,1
3,chain3,f32,4096,glibc_t1,P7,12,2,1,1603.00,0.0000,0.0000,2000.0,0.0,1.000,16384.0,0.000,0,0,16384,1,1,1,0,1,1
3,chain3,f32,4096,glibc_t1,FIXED_TWIN,12,3,1,1612.00,0.0000,0.0000,2000.0,0.0,1.000,16384.0,0.000,0,0,16384,1,1,1,0,1,1
3,chain3,f32,4096,glibc_t1,P6,13,0,1,1880.00,0.0000,0.0000,3000.0,0.0,1.000,16384.0,0.000,0,0,16384,1,2,0,0,1,1
3,chain3,f32,4096,glibc_t1,P7,13,1,1,1695.00,0.0000,0.0000,2000.0,0.0,1.000,16384.0,0.000,0,0,16384,1,1,1,0,1,1
3,chain3,f32,4096,glibc_t1,FIXED_TWIN,13,2,1,1616.00,0.0000,0.0000,2000.0,0.0,1.000,16384.0,0.000,0,0,16384,1,1,1,0,1,1
3,chain3,f32,4096,glibc_t1,P5,13,3,1,2254.00,0.0000,0.0000,2000.0,0.0,3.000,49152.0,0.000,0,0,49152,3,0,0,0,1,1
3,chain3,f32,4096,glibc_t1,P7,14,0,1,1585.00,0.0000,0.0000,2000.0,0.0,1.000,16384.0,0.000,0,0,16384,1,1,1,0,1,1
3,chain3,f32,4096,glibc_t1,FIXED_TWIN,14,1,1,1673.00,0.0000,0.0000,3000.0,0.0,1.000,16384.0,0.000,0,0,16384,1,1,1,0,1,1
3,chain3,f32,4096,glibc_t1,P5,14,2,1,2220.00,0.0000,0.0000,3000.0,0.0,3.000,49152.0,0.000,0,0,49152,3,0,0,0,1,1
3,chain3,f32,4096,glibc_t1,P6,14,3,1,1868.00,0.0000,0.0000,2000.0,0.0,1.000,16384.0,0.000,0,0,16384,1,2,0,0,1,1
3,chain3,f32,16384,glibc_t1,P5,0,0,1,7227.00,0.0000,0.0000,8000.0,0.0,3.000,196608.0,0.000,0,0,196608,3,0,0,0,1,1
3,chain3,f32,16384,glibc_t1,P6,0,1,1,6749.00,0.0000,0.0000,8000.0,0.0,1.000,65536.0,0.000,0,0,65536,1,2,0,0,1,1
3,chain3,f32,16384,glibc_t1,P7,0,2,1,5616.00,0.0000,0.0000,6000.0,0.0,1.000,65536.0,0.000,0,0,65536,1,1,1,0,1,1
3,chain3,f32,16384,glibc_t1,FIXED_TWIN,0,3,1,5588.00,0.0000,0.0000,6000.0,0.0,1.000,65536.0,0.000,0,0,65536,1,1,1,0,1,1
3,chain3,f32,16384,glibc_t1,P6,1,0,1,6716.00,0.0000,0.0000,7000.0,0.0,1.000,65536.0,0.000,0,0,65536,1,2,0,0,1,1
3,chain3,f32,16384,glibc_t1,P7,1,1,1,5550.00,0.0000,0.0000,6000.0,0.0,1.000,65536.0,0.000,0,0,65536,1,1,1,0,1,1
3,chain3,f32,16384,glibc_t1,FIXED_TWIN,1,2,1,5559.00,0.0000,0.0000,6000.0,0.0,1.000,65536.0,0.000,0,0,65536,1,1,1,0,1,1
3,chain3,f32,16384,glibc_t1,P5,1,3,1,7044.00,0.0000,0.0000,8000.0,0.0,3.000,196608.0,0.000,0,0,196608,3,0,0,0,1,1
3,chain3,f32,16384,glibc_t1,P7,2,0,1,6237.00,0.0000,0.0000,7000.0,0.0,1.000,65536.0,0.000,0,0,65536,1,1,1,0,1,1
3,chain3,f32,16384,glibc_t1,FIXED_TWIN,2,1,1,5967.00,0.0000,0.0000,7000.0,0.0,1.000,65536.0,0.000,0,0,65536,1,1,1,0,1,1
3,chain3,f32,16384,glibc_t1,P5,2,2,1,10776.00,0.0000,0.0000,11000.0,0.0,3.000,196608.0,0.000,0,0,196608,3,0,0,0,1,1
3,chain3,f32,16384,glibc_t1,P6,2,3,1,6742.00,0.0000,0.0000,8000.0,0.0,1.000,65536.0,0.000,0,0,65536,1,2,0,0,1,1
3,chain3,f32,16384,glibc_t1,FIXED_TWIN,3,0,1,5595.00,0.0000,0.0000,6000.0,0.0,1.000,65536.0,0.000,0,0,65536,1,1,1,0,1,1
3,chain3,f32,16384,glibc_t1,P5,3,1,1,7115.00,0.0000,0.0000,8000.0,0.0,3.000,196608.0,0.000,0,0,196608,3,0,0,0,1,1
3,chain3,f32,16384,glibc_t1,P6,3,2,1,6781.00,0.0000,0.0000,7000.0,0.0,1.000,65536.0,0.000,0,0,65536,1,2,0,0,1,1
3,chain3,f32,16384,glibc_t1,P7,3,3,1,5558.00,0.0000,0.0000,6000.0,0.0,1.000,65536.0,0.000,0,0,65536,1,1,1,0,1,1
3,chain3,f32,16384,glibc_t1,P5,4,0,1,7064.00,0.0000,0.0000,7000.0,0.0,3.000,196608.0,0.000,0,0,196608,3,0,0,0,1,1
3,chain3,f32,16384,glibc_t1,P6,4,1,1,6787.00,0.0000,0.0000,8000.0,0.0,1.000,65536.0,0.000,0,0,65536,1,2,0,0,1,1
3,chain3,f32,16384,glibc_t1,P7,4,2,1,5545.00,0.0000,0.0000,6000.0,0.0,1.000,65536.0,0.000,0,0,65536,1,1,1,0,1,1
3,chain3,f32,16384,glibc_t1,FIXED_TWIN,4,3,1,5605.00,0.0000,0.0000,6000.0,0.0,1.000,65536.0,0.000,0,0,65536,1,1,1,0,1,1
3,chain3,f32,16384,glibc_t1,P6,5,0,1,6726.00,0.0000,0.0000,7000.0,0.0,1.000,65536.0,0.000,0,0,65536,1,2,0,0,1,1
3,chain3,f32,16384,glibc_t1,P7,5,1,1,5558.00,0.0000,0.0000,6000.0,0.0,1.000,65536.0,0.000,0,0,65536,1,1,1,0,1,1
3,chain3,f32,16384,glibc_t1,FIXED_TWIN,5,2,1,5553.00,0.0000,0.0000,6000.0,0.0,1.000,65536.0,0.000,0,0,65536,1,1,1,0,1,1
3,chain3,f32,16384,glibc_t1,P5,5,3,1,7079.00,0.0000,0.0000,7000.0,0.0,3.000,196608.0,0.000,0,0,196608,3,0,0,0,1,1
3,chain3,f32,16384,glibc_t1,P7,6,0,1,5494.00,0.0000,0.0000,6000.0,0.0,1.000,65536.0,0.000,0,0,65536,1,1,1,0,1,1
3,chain3,f32,16384,glibc_t1,FIXED_TWIN,6,1,1,5525.00,0.0000,0.0000,6000.0,0.0,1.000,65536.0,0.000,0,0,65536,1,1,1,0,1,1
3,chain3,f32,16384,glibc_t1,P5,6,2,1,7105.00,0.0000,0.0000,8000.0,0.0,3.000,196608.0,0.000,0,0,196608,3,0,0,0,1,1
3,chain3,f32,16384,glibc_t1,P6,6,3,1,6774.00,0.0000,0.0000,7000.0,0.0,1.000,65536.0,0.000,0,0,65536,1,2,0,0,1,1
3,chain3,f32,16384,glibc_t1,FIXED_TWIN,7,0,1,5501.00,0.0000,0.0000,6000.0,0.0,1.000,65536.0,0.000,0,0,65536,1,1,1,0,1,1
3,chain3,f32,16384,glibc_t1,P5,7,1,1,7030.00,0.0000,0.0000,8000.0,0.0,3.000,196608.0,0.000,0,0,196608,3,0,0,0,1,1
3,chain3,f32,16384,glibc_t1,P6,7,2,1,6743.00,0.0000,0.0000,7000.0,0.0,1.000,65536.0,0.000,0,0,65536,1,2,0,0,1,1
3,chain3,f32,16384,glibc_t1,P7,7,3,1,5573.00,0.0000,0.0000,6000.0,0.0,1.000,65536.0,0.000,0,0,65536,1,1,1,0,1,1
3,chain3,f32,16384,glibc_t1,P5,8,0,1,7035.00,0.0000,0.0000,7000.0,0.0,3.000,196608.0,0.000,0,0,196608,3,0,0,0,1,1
3,chain3,f32,16384,glibc_t1,P6,8,1,1,6720.00,0.0000,0.0000,7000.0,0.0,1.000,65536.0,0.000,0,0,65536,1,2,0,0,1,1
3,chain3,f32,16384,glibc_t1,P7,8,2,1,6222.00,0.0000,0.0000,7000.0,0.0,1.000,65536.0,0.000,0,0,65536,1,1,1,0,1,1
3,chain3,f32,16384,glibc_t1,FIXED_TWIN,8,3,1,5835.00,0.0000,0.0000,7000.0,0.0,1.000,65536.0,0.000,0,0,65536,1,1,1,0,1,1
3,chain3,f32,16384,glibc_t1,P6,9,0,1,6869.00,0.0000,0.0000,8000.0,0.0,1.000,65536.0,0.000,0,0,65536,1,2,0,0,1,1
3,chain3,f32,16384,glibc_t1,P7,9,1,1,5661.00,0.0000,0.0000,6000.0,0.0,1.000,65536.0,0.000,0,0,65536,1,1,1,0,1,1
3,chain3,f32,16384,glibc_t1,FIXED_TWIN,9,2,1,5984.00,0.0000,0.0000,7000.0,0.0,1.000,65536.0,0.000,0,0,65536,1,1,1,0,1,1
3,chain3,f32,16384,glibc_t1,P5,9,3,1,7297.00,0.0000,0.0000,8000.0,0.0,3.000,196608.0,0.000,0,0,196608,3,0,0,0,1,1
3,chain3,f32,16384,glibc_t1,P7,10,0,1,5714.00,0.0000,0.0000,6000.0,0.0,1.000,65536.0,0.000,0,0,65536,1,1,1,0,1,1
3,chain3,f32,16384,glibc_t1,FIXED_TWIN,10,1,1,5731.00,0.0000,0.0000,6000.0,0.0,1.000,65536.0,0.000,0,0,65536,1,1,1,0,1,1
3,chain3,f32,16384,glibc_t1,P5,10,2,1,7086.00,0.0000,0.0000,8000.0,0.0,3.000,196608.0,0.000,0,0,196608,3,0,0,0,1,1
3,chain3,f32,16384,glibc_t1,P6,10,3,1,6845.00,0.0000,0.0000,7000.0,0.0,1.000,65536.0,0.000,0,0,65536,1,2,0,0,1,1
3,chain3,f32,16384,glibc_t1,FIXED_TWIN,11,0,1,5531.00,0.0000,0.0000,6000.0,0.0,1.000,65536.0,0.000,0,0,65536,1,1,1,0,1,1
3,chain3,f32,16384,glibc_t1,P5,11,1,1,7027.00,0.0000,0.0000,8000.0,0.0,3.000,196608.0,0.000,0,0,196608,3,0,0,0,1,1
3,chain3,f32,16384,glibc_t1,P6,11,2,1,6752.00,0.0000,0.0000,7000.0,0.0,1.000,65536.0,0.000,0,0,65536,1,2,0,0,1,1
3,chain3,f32,16384,glibc_t1,P7,11,3,1,5581.00,0.0000,0.0000,7000.0,0.0,1.000,65536.0,0.000,0,0,65536,1,1,1,0,1,1
3,chain3,f32,16384,glibc_t1,P5,12,0,1,7004.00,0.0000,0.0000,7000.0,0.0,3.000,196608.0,0.000,0,0,196608,3,0,0,0,1,1
3,chain3,f32,16384,glibc_t1,P6,12,1,1,6725.00,0.0000,0.0000,7000.0,0.0,1.000,65536.0,0.000,0,0,65536,1,2,0,0,1,1
3,chain3,f32,16384,glibc_t1,P7,12,2,1,5609.00,0.0000,0.0000,6000.0,0.0,1.000,65536.0,0.000,0,0,65536,1,1,1,0,1,1
3,chain3,f32,16384,glibc_t1,FIXED_TWIN,12,3,1,5551.00,0.0000,0.0000,6000.0,0.0,1.000,65536.0,0.000,0,0,65536,1,1,1,0,1,1
3,chain3,f32,16384,glibc_t1,P6,13,0,1,6740.00,0.0000,0.0000,7000.0,0.0,1.000,65536.0,0.000,0,0,65536,1,2,0,0,1,1
3,chain3,f32,16384,glibc_t1,P7,13,1,1,5609.00,0.0000,0.0000,7000.0,0.0,1.000,65536.0,0.000,0,0,65536,1,1,1,0,1,1
3,chain3,f32,16384,glibc_t1,FIXED_TWIN,13,2,1,5505.00,0.0000,0.0000,6000.0,0.0,1.000,65536.0,0.000,0,0,65536,1,1,1,0,1,1
3,chain3,f32,16384,glibc_t1,P5,13,3,1,7014.00,0.0000,0.0000,8000.0,0.0,3.000,196608.0,0.000,0,0,196608,3,0,0,0,1,1
3,chain3,f32,16384,glibc_t1,P7,14,0,1,5545.00,0.0000,0.0000,6000.0,0.0,1.000,65536.0,0.000,0,0,65536,1,1,1,0,1,1
3,chain3,f32,16384,glibc_t1,FIXED_TWIN,14,1,1,5568.00,0.0000,0.0000,6000.0,0.0,1.000,65536.0,0.000,0,0,65536,1,1,1,0,1,1
3,chain3,f32,16384,glibc_t1,P5,14,2,1,7011.00,0.0000,0.0000,8000.0,0.0,3.000,196608.0,0.000,0,0,196608,3,0,0,0,1,1
3,chain3,f32,16384,glibc_t1,P6,14,3,1,6765.00,0.0000,0.0000,7000.0,0.0,1.000,65536.0,0.000,0,0,65536,1,2,0,0,1,1
3,chain3,f32,65536,glibc_t1,P5,0,0,1,36155.00,0.0000,0.0000,37000.0,0.0,3.000,786432.0,0.000,0,0,786432,3,0,0,0,1,1
3,chain3,f32,65536,glibc_t1,P6,0,1,1,27697.00,0.0000,0.0000,28000.0,0.0,1.000,262144.0,0.000,0,0,262144,1,2,0,0,1,1
3,chain3,f32,65536,glibc_t1,P7,0,2,1,22325.00,0.0000,0.0000,23000.0,0.0,1.000,262144.0,0.000,0,0,262144,1,1,1,0,1,1
3,chain3,f32,65536,glibc_t1,FIXED_TWIN,0,3,1,22420.00,0.0000,0.0000,23000.0,0.0,1.000,262144.0,0.000,0,0,262144,1,1,1,0,1,1
3,chain3,f32,65536,glibc_t1,P6,1,0,1,27221.00,0.0000,0.0000,27000.0,0.0,1.000,262144.0,0.000,0,0,262144,1,2,0,0,1,1
3,chain3,f32,65536,glibc_t1,P7,1,1,1,22163.00,0.0000,0.0000,22000.0,0.0,1.000,262144.0,0.000,0,0,262144,1,1,1,0,1,1
3,chain3,f32,65536,glibc_t1,FIXED_TWIN,1,2,1,22129.00,0.0000,0.0000,22000.0,0.0,1.000,262144.0,0.000,0,0,262144,1,1,1,0,1,1
3,chain3,f32,65536,glibc_t1,P5,1,3,1,39391.00,0.0000,0.0000,47000.0,0.0,3.000,786432.0,0.000,0,0,786432,3,0,0,0,1,1
3,chain3,f32,65536,glibc_t1,P7,2,0,1,22887.00,0.0000,0.0000,24000.0,0.0,1.000,262144.0,0.000,0,0,262144,1,1,1,0,1,1
3,chain3,f32,65536,glibc_t1,FIXED_TWIN,2,1,1,22413.00,0.0000,0.0000,23000.0,0.0,1.000,262144.0,0.000,0,0,262144,1,1,1,0,1,1
3,chain3,f32,65536,glibc_t1,P5,2,2,1,38127.00,0.0000,0.0000,39000.0,0.0,3.000,786432.0,0.000,0,0,786432,3,0,0,0,1,1
3,chain3,f32,65536,glibc_t1,P6,2,3,1,27831.00,0.0000,0.0000,29000.0,0.0,1.000,262144.0,0.000,0,0,262144,1,2,0,0,1,1
3,chain3,f32,65536,glibc_t1,FIXED_TWIN,3,0,1,22303.00,0.0000,0.0000,23000.0,0.0,1.000,262144.0,0.000,0,0,262144,1,1,1,0,1,1
3,chain3,f32,65536,glibc_t1,P5,3,1,1,62064.00,0.0000,0.0000,63000.0,0.0,3.000,786432.0,0.000,0,0,786432,3,0,0,0,1,1
3,chain3,f32,65536,glibc_t1,P6,3,2,1,28566.00,0.0000,0.0000,30000.0,0.0,1.000,262144.0,0.000,0,0,262144,1,2,0,0,1,1
3,chain3,f32,65536,glibc_t1,P7,3,3,1,22508.00,0.0000,0.0000,23000.0,0.0,1.000,262144.0,0.000,0,0,262144,1,1,1,0,1,1
3,chain3,f32,65536,glibc_t1,P5,4,0,1,38216.00,0.0000,0.0000,38000.0,0.0,3.000,786432.0,0.000,0,0,786432,3,0,0,0,1,1
3,chain3,f32,65536,glibc_t1,P6,4,1,1,27617.00,0.0000,0.0000,28000.0,0.0,1.000,262144.0,0.000,0,0,262144,1,2,0,0,1,1
3,chain3,f32,65536,glibc_t1,P7,4,2,1,22348.00,0.0000,0.0000,23000.0,0.0,1.000,262144.0,0.000,0,0,262144,1,1,1,0,1,1
3,chain3,f32,65536,glibc_t1,FIXED_TWIN,4,3,1,22155.00,0.0000,0.0000,23000.0,0.0,1.000,262144.0,0.000,0,0,262144,1,1,1,0,1,1
3,chain3,f32,65536,glibc_t1,P6,5,0,1,27034.00,0.0000,0.0000,28000.0,0.0,1.000,262144.0,0.000,0,0,262144,1,2,0,0,1,1
3,chain3,f32,65536,glibc_t1,P7,5,1,1,22151.00,0.0000,0.0000,23000.0,0.0,1.000,262144.0,0.000,0,0,262144,1,1,1,0,1,1
3,chain3,f32,65536,glibc_t1,FIXED_TWIN,5,2,1,27271.00,0.0000,0.0000,28000.0,0.0,1.000,262144.0,0.000,0,0,262144,1,1,1,0,1,1
3,chain3,f32,65536,glibc_t1,P5,5,3,1,38202.00,0.0000,0.0000,39000.0,0.0,3.000,786432.0,0.000,0,0,786432,3,0,0,0,1,1
3,chain3,f32,65536,glibc_t1,P7,6,0,1,22470.00,0.0000,0.0000,23000.0,0.0,1.000,262144.0,0.000,0,0,262144,1,1,1,0,1,1
3,chain3,f32,65536,glibc_t1,FIXED_TWIN,6,1,1,22416.00,0.0000,0.0000,23000.0,0.0,1.000,262144.0,0.000,0,0,262144,1,1,1,0,1,1
3,chain3,f32,65536,glibc_t1,P5,6,2,1,38170.00,0.0000,0.0000,39000.0,0.0,3.000,786432.0,0.000,0,0,786432,3,0,0,0,1,1
3,chain3,f32,65536,glibc_t1,P6,6,3,1,27549.00,0.0000,0.0000,28000.0,0.0,1.000,262144.0,0.000,0,0,262144,1,2,0,0,1,1
3,chain3,f32,65536,glibc_t1,FIXED_TWIN,7,0,1,22336.00,0.0000,0.0000,23000.0,0.0,1.000,262144.0,0.000,0,0,262144,1,1,1,0,1,1
3,chain3,f32,65536,glibc_t1,P5,7,1,1,40659.00,0.0000,0.0000,42000.0,0.0,3.000,786432.0,0.000,0,0,786432,3,0,0,0,1,1
3,chain3,f32,65536,glibc_t1,P6,7,2,1,27910.00,0.0000,0.0000,29000.0,0.0,1.000,262144.0,0.000,0,0,262144,1,2,0,0,1,1
3,chain3,f32,65536,glibc_t1,P7,7,3,1,22402.00,0.0000,0.0000,23000.0,0.0,1.000,262144.0,0.000,0,0,262144,1,1,1,0,1,1
3,chain3,f32,65536,glibc_t1,P5,8,0,1,38046.00,0.0000,0.0000,39000.0,0.0,3.000,786432.0,0.000,0,0,786432,3,0,0,0,1,1
3,chain3,f32,65536,glibc_t1,P6,8,1,1,27452.00,0.0000,0.0000,28000.0,0.0,1.000,262144.0,0.000,0,0,262144,1,2,0,0,1,1
3,chain3,f32,65536,glibc_t1,P7,8,2,1,22323.00,0.0000,0.0000,23000.0,0.0,1.000,262144.0,0.000,0,0,262144,1,1,1,0,1,1
3,chain3,f32,65536,glibc_t1,FIXED_TWIN,8,3,1,22073.00,0.0000,0.0000,22000.0,0.0,1.000,262144.0,0.000,0,0,262144,1,1,1,0,1,1
3,chain3,f32,65536,glibc_t1,P6,9,0,1,27069.00,0.0000,0.0000,28000.0,0.0,1.000,262144.0,0.000,0,0,262144,1,2,0,0,1,1
3,chain3,f32,65536,glibc_t1,P7,9,1,1,27692.00,0.0000,0.0000,28000.0,0.0,1.000,262144.0,0.000,0,0,262144,1,1,1,0,1,1
3,chain3,f32,65536,glibc_t1,FIXED_TWIN,9,2,1,22595.00,0.0000,0.0000,23000.0,0.0,1.000,262144.0,0.000,0,0,262144,1,1,1,0,1,1
3,chain3,f32,65536,glibc_t1,P5,9,3,1,37678.00,0.0000,0.0000,38000.0,0.0,3.000,786432.0,0.000,0,0,786432,3,0,0,0,1,1
3,chain3,f32,65536,glibc_t1,P7,10,0,1,22247.00,0.0000,0.0000,23000.0,0.0,1.000,262144.0,0.000,0,0,262144,1,1,1,0,1,1
3,chain3,f32,65536,glibc_t1,FIXED_TWIN,10,1,1,22277.00,0.0000,0.0000,23000.0,0.0,1.000,262144.0,0.000,0,0,262144,1,1,1,0,1,1
3,chain3,f32,65536,glibc_t1,P5,10,2,1,37678.00,0.0000,0.0000,38000.0,0.0,3.000,786432.0,0.000,0,0,786432,3,0,0,0,1,1
3,chain3,f32,65536,glibc_t1,P6,10,3,1,28869.00,0.0000,0.0000,30000.0,0.0,1.000,262144.0,0.000,0,0,262144,1,2,0,0,1,1
3,chain3,f32,65536,glibc_t1,FIXED_TWIN,11,0,1,23158.00,0.0000,0.0000,23000.0,0.0,1.000,262144.0,0.000,0,0,262144,1,1,1,0,1,1
3,chain3,f32,65536,glibc_t1,P5,11,1,1,37816.00,0.0000,0.0000,38000.0,0.0,3.000,786432.0,0.000,0,0,786432,3,0,0,0,1,1
3,chain3,f32,65536,glibc_t1,P6,11,2,1,27580.00,0.0000,0.0000,28000.0,0.0,1.000,262144.0,0.000,0,0,262144,1,2,0,0,1,1
3,chain3,f32,65536,glibc_t1,P7,11,3,1,22547.00,0.0000,0.0000,23000.0,0.0,1.000,262144.0,0.000,0,0,262144,1,1,1,0,1,1
3,chain3,f32,65536,glibc_t1,P5,12,0,1,38004.00,0.0000,0.0000,39000.0,0.0,3.000,786432.0,0.000,0,0,786432,3,0,0,0,1,1
3,chain3,f32,65536,glibc_t1,P6,12,1,1,27389.00,0.0000,0.0000,28000.0,0.0,1.000,262144.0,0.000,0,0,262144,1,2,0,0,1,1
3,chain3,f32,65536,glibc_t1,P7,12,2,1,22283.00,0.0000,0.0000,23000.0,0.0,1.000,262144.0,0.000,0,0,262144,1,1,1,0,1,1
3,chain3,f32,65536,glibc_t1,FIXED_TWIN,12,3,1,22264.00,0.0000,0.0000,22000.0,0.0,1.000,262144.0,0.000,0,0,262144,1,1,1,0,1,1
3,chain3,f32,65536,glibc_t1,P6,13,0,1,28017.00,0.0000,0.0000,28000.0,0.0,1.000,262144.0,0.000,0,0,262144,1,2,0,0,1,1
3,chain3,f32,65536,glibc_t1,P7,13,1,1,22449.00,0.0000,0.0000,23000.0,0.0,1.000,262144.0,0.000,0,0,262144,1,1,1,0,1,1
3,chain3,f32,65536,glibc_t1,FIXED_TWIN,13,2,1,22224.00,0.0000,0.0000,23000.0,0.0,1.000,262144.0,0.000,0,0,262144,1,1,1,0,1,1
3,chain3,f32,65536,glibc_t1,P5,13,3,1,37430.00,0.0000,0.0000,38000.0,0.0,3.000,786432.0,0.000,0,0,786432,3,0,0,0,1,1
3,chain3,f32,65536,glibc_t1,P7,14,0,1,22653.00,0.0000,0.0000,23000.0,0.0,1.000,262144.0,0.000,0,0,262144,1,1,1,0,1,1
3,chain3,f32,65536,glibc_t1,FIXED_TWIN,14,1,1,22808.00,0.0000,0.0000,24000.0,0.0,1.000,262144.0,0.000,0,0,262144,1,1,1,0,1,1
3,chain3,f32,65536,glibc_t1,P5,14,2,1,37849.00,0.0000,0.0000,38000.0,0.0,3.000,786432.0,0.000,0,0,786432,3,0,0,0,1,1
3,chain3,f32,65536,glibc_t1,P6,14,3,1,28707.00,0.0000,0.0000,29000.0,0.0,1.000,262144.0,0.000,0,0,262144,1,2,0,0,1,1
3,chain3,f32,262144,glibc_t1,P5,0,0,1,360694.00,0.0000,0.0000,364000.0,0.0,3.000,3145728.0,0.000,0,0,3145728,3,0,0,0,1,1
3,chain3,f32,262144,glibc_t1,P6,0,1,1,262024.00,0.0000,0.0000,264000.0,0.0,1.000,1048576.0,0.000,0,0,1048576,1,2,0,0,1,1
3,chain3,f32,262144,glibc_t1,P7,0,2,1,221909.00,0.0000,0.0000,223000.0,0.0,1.000,1048576.0,0.000,0,0,1048576,1,1,1,0,1,1
3,chain3,f32,262144,glibc_t1,FIXED_TWIN,0,3,1,222543.00,0.0000,0.0000,224000.0,0.0,1.000,1048576.0,0.000,0,0,1048576,1,1,1,0,1,1
3,chain3,f32,262144,glibc_t1,P6,1,0,1,256286.00,0.0000,0.0000,259000.0,0.0,1.000,1048576.0,0.000,0,0,1048576,1,2,0,0,1,1
3,chain3,f32,262144,glibc_t1,P7,1,1,1,220638.00,0.0000,0.0000,223000.0,0.0,1.000,1048576.0,0.000,0,0,1048576,1,1,1,0,1,1
3,chain3,f32,262144,glibc_t1,FIXED_TWIN,1,2,1,232883.00,0.0000,0.0000,235000.0,0.0,1.000,1048576.0,0.000,0,0,1048576,1,1,1,0,1,1
3,chain3,f32,262144,glibc_t1,P5,1,3,1,338599.00,0.0000,0.0000,341000.0,0.0,3.000,3145728.0,0.000,0,0,3145728,3,0,0,0,1,1
3,chain3,f32,262144,glibc_t1,P7,2,0,1,222693.00,0.0000,0.0000,224000.0,0.0,1.000,1048576.0,0.000,0,0,1048576,1,1,1,0,1,1
3,chain3,f32,262144,glibc_t1,FIXED_TWIN,2,1,1,244536.00,0.0000,0.0000,246000.0,0.0,1.000,1048576.0,0.000,0,0,1048576,1,1,1,0,1,1
3,chain3,f32,262144,glibc_t1,P5,2,2,1,360596.00,0.0000,0.0000,364000.0,0.0,3.000,3145728.0,0.000,0,0,3145728,3,0,0,0,1,1
3,chain3,f32,262144,glibc_t1,P6,2,3,1,233616.00,0.0000,0.0000,236000.0,0.0,1.000,1048576.0,0.000,0,0,1048576,1,2,0,0,1,1
3,chain3,f32,262144,glibc_t1,FIXED_TWIN,3,0,1,226413.00,0.0000,0.0000,228000.0,0.0,1.000,1048576.0,0.000,0,0,1048576,1,1,1,0,1,1
3,chain3,f32,262144,glibc_t1,P5,3,1,1,337387.00,0.0000,0.0000,340000.0,0.0,3.000,3145728.0,0.000,0,0,3145728,3,0,0,0,1,1
3,chain3,f32,262144,glibc_t1,P6,3,2,1,236132.00,0.0000,0.0000,239000.0,0.0,1.000,1048576.0,0.000,0,0,1048576,1,2,0,0,1,1
3,chain3,f32,262144,glibc_t1,P7,3,3,1,243473.00,0.0000,0.0000,245000.0,0.0,1.000,1048576.0,0.000,0,0,1048576,1,1,1,0,1,1
3,chain3,f32,262144,glibc_t1,P5,4,0,1,396941.00,0.0000,0.0000,399000.0,0.0,3.000,3145728.0,0.000,0,0,3145728,3,0,0,0,1,1
3,chain3,f32,262144,glibc_t1,P6,4,1,1,234607.00,0.0000,0.0000,236000.0,0.0,1.000,1048576.0,0.000,0,0,1048576,1,2,0,0,1,1
3,chain3,f32,262144,glibc_t1,P7,4,2,1,236078.00,0.0000,0.0000,238000.0,0.0,1.000,1048576.0,0.000,0,0,1048576,1,1,1,0,1,1
3,chain3,f32,262144,glibc_t1,FIXED_TWIN,4,3,1,222178.00,0.0000,0.0000,224000.0,0.0,1.000,1048576.0,0.000,0,0,1048576,1,1,1,0,1,1
3,chain3,f32,262144,glibc_t1,P6,5,0,1,257704.00,0.0000,0.0000,259000.0,0.0,1.000,1048576.0,0.000,0,0,1048576,1,2,0,0,1,1
3,chain3,f32,262144,glibc_t1,P7,5,1,1,249858.00,0.0000,0.0000,251000.0,0.0,1.000,1048576.0,0.000,0,0,1048576,1,1,1,0,1,1
3,chain3,f32,262144,glibc_t1,FIXED_TWIN,5,2,1,220659.00,0.0000,0.0000,222000.0,0.0,1.000,1048576.0,0.000,0,0,1048576,1,1,1,0,1,1
3,chain3,f32,262144,glibc_t1,P5,5,3,1,336454.00,0.0000,0.0000,339000.0,0.0,3.000,3145728.0,0.000,0,0,3145728,3,0,0,0,1,1
3,chain3,f32,262144,glibc_t1,P7,6,0,1,221482.00,0.0000,0.0000,223000.0,0.0,1.000,1048576.0,0.000,0,0,1048576,1,1,1,0,1,1
3,chain3,f32,262144,glibc_t1,FIXED_TWIN,6,1,1,244140.00,0.0000,0.0000,246000.0,0.0,1.000,1048576.0,0.000,0,0,1048576,1,1,1,0,1,1
3,chain3,f32,262144,glibc_t1,P5,6,2,1,386241.00,0.0000,0.0000,389000.0,0.0,3.000,3145728.0,0.000,0,0,3145728,3,0,0,0,1,1
3,chain3,f32,262144,glibc_t1,P6,6,3,1,234084.00,0.0000,0.0000,236000.0,0.0,1.000,1048576.0,0.000,0,0,1048576,1,2,0,0,1,1
3,chain3,f32,262144,glibc_t1,FIXED_TWIN,7,0,1,220568.00,0.0000,0.0000,222000.0,0.0,1.000,1048576.0,0.000,0,0,1048576,1,1,1,0,1,1
3,chain3,f32,262144,glibc_t1,P5,7,1,1,336380.00,0.0000,0.0000,338000.0,0.0,3.000,3145728.0,0.000,0,0,3145728,3,0,0,0,1,1
3,chain3,f32,262144,glibc_t1,P6,7,2,1,234480.00,0.0000,0.0000,236000.0,0.0,1.000,1048576.0,0.000,0,0,1048576,1,2,0,0,1,1
3,chain3,f32,262144,glibc_t1,P7,7,3,1,243824.00,0.0000,0.0000,246000.0,0.0,1.000,1048576.0,0.000,0,0,1048576,1,1,1,0,1,1
3,chain3,f32,262144,glibc_t1,P5,8,0,1,361188.00,0.0000,0.0000,363000.0,0.0,3.000,3145728.0,0.000,0,0,3145728,3,0,0,0,1,1
3,chain3,f32,262144,glibc_t1,P6,8,1,1,233653.00,0.0000,0.0000,235000.0,0.0,1.000,1048576.0,0.000,0,0,1048576,1,2,0,0,1,1
3,chain3,f32,262144,glibc_t1,P7,8,2,1,231666.00,0.0000,0.0000,233000.0,0.0,1.000,1048576.0,0.000,0,0,1048576,1,1,1,0,1,1
3,chain3,f32,262144,glibc_t1,FIXED_TWIN,8,3,1,221475.00,0.0000,0.0000,223000.0,0.0,1.000,1048576.0,0.000,0,0,1048576,1,1,1,0,1,1
3,chain3,f32,262144,glibc_t1,P6,9,0,1,257409.00,0.0000,0.0000,259000.0,0.0,1.000,1048576.0,0.000,0,0,1048576,1,2,0,0,1,1
3,chain3,f32,262144,glibc_t1,P7,9,1,1,220963.00,0.0000,0.0000,223000.0,0.0,1.000,1048576.0,0.000,0,0,1048576,1,1,1,0,1,1
3,chain3,f32,262144,glibc_t1,FIXED_TWIN,9,2,1,221669.00,0.0000,0.0000,223000.0,0.0,1.000,1048576.0,0.000,0,0,1048576,1,1,1,0,1,1
3,chain3,f32,262144,glibc_t1,P5,9,3,1,335742.00,0.0000,0.0000,337000.0,0.0,3.000,3145728.0,0.000,0,0,3145728,3,0,0,0,1,1
3,chain3,f32,262144,glibc_t1,P7,10,0,1,221730.00,0.0000,0.0000,223000.0,0.0,1.000,1048576.0,0.000,0,0,1048576,1,1,1,0,1,1
3,chain3,f32,262144,glibc_t1,FIXED_TWIN,10,1,1,244788.00,0.0000,0.0000,248000.0,0.0,1.000,1048576.0,0.000,0,0,1048576,1,1,1,0,1,1
3,chain3,f32,262144,glibc_t1,P5,10,2,1,363737.00,0.0000,0.0000,365000.0,0.0,3.000,3145728.0,0.000,0,0,3145728,3,0,0,0,1,1
3,chain3,f32,262144,glibc_t1,P6,10,3,1,263654.00,0.0000,0.0000,266000.0,0.0,1.000,1048576.0,0.000,0,0,1048576,1,2,0,0,1,1
3,chain3,f32,262144,glibc_t1,FIXED_TWIN,11,0,1,221398.00,0.0000,0.0000,223000.0,0.0,1.000,1048576.0,0.000,0,0,1048576,1,1,1,0,1,1
3,chain3,f32,262144,glibc_t1,P5,11,1,1,336099.00,0.0000,0.0000,338000.0,0.0,3.000,3145728.0,0.000,0,0,3145728,3,0,0,0,1,1
3,chain3,f32,262144,glibc_t1,P6,11,2,1,234566.00,0.0000,0.0000,236000.0,0.0,1.000,1048576.0,0.000,0,0,1048576,1,2,0,0,1,1
3,chain3,f32,262144,glibc_t1,P7,11,3,1,226470.00,0.0000,0.0000,228000.0,0.0,1.000,1048576.0,0.000,0,0,1048576,1,1,1,0,1,1
3,chain3,f32,262144,glibc_t1,P5,12,0,1,360329.00,0.0000,0.0000,363000.0,0.0,3.000,3145728.0,0.000,0,0,3145728,3,0,0,0,1,1
3,chain3,f32,262144,glibc_t1,P6,12,1,1,255830.00,0.0000,0.0000,258000.0,0.0,1.000,1048576.0,0.000,0,0,1048576,1,2,0,0,1,1
3,chain3,f32,262144,glibc_t1,P7,12,2,1,220655.00,0.0000,0.0000,222000.0,0.0,1.000,1048576.0,0.000,0,0,1048576,1,1,1,0,1,1
3,chain3,f32,262144,glibc_t1,FIXED_TWIN,12,3,1,221537.00,0.0000,0.0000,223000.0,0.0,1.000,1048576.0,0.000,0,0,1048576,1,1,1,0,1,1
3,chain3,f32,262144,glibc_t1,P6,13,0,1,242675.00,0.0000,0.0000,244000.0,0.0,1.000,1048576.0,0.000,0,0,1048576,1,2,0,0,1,1
3,chain3,f32,262144,glibc_t1,P7,13,1,1,239398.00,0.0000,0.0000,240000.0,0.0,1.000,1048576.0,0.000,0,0,1048576,1,1,1,0,1,1
3,chain3,f32,262144,glibc_t1,FIXED_TWIN,13,2,1,220513.00,0.0000,0.0000,221000.0,0.0,1.000,1048576.0,0.000,0,0,1048576,1,1,1,0,1,1
3,chain3,f32,262144,glibc_t1,P5,13,3,1,346130.00,0.0000,0.0000,348000.0,0.0,3.000,3145728.0,0.000,0,0,3145728,3,0,0,0,1,1
3,chain3,f32,262144,glibc_t1,P7,14,0,1,223151.00,0.0000,0.0000,225000.0,0.0,1.000,1048576.0,0.000,0,0,1048576,1,1,1,0,1,1
3,chain3,f32,262144,glibc_t1,FIXED_TWIN,14,1,1,228276.00,0.0000,0.0000,229000.0,0.0,1.000,1048576.0,0.000,0,0,1048576,1,1,1,0,1,1
3,chain3,f32,262144,glibc_t1,P5,14,2,1,362338.00,0.0000,0.0000,364000.0,0.0,3.000,3145728.0,0.000,0,0,3145728,3,0,0,0,1,1
3,chain3,f32,262144,glibc_t1,P6,14,3,1,255426.00,0.0000,0.0000,257000.0,0.0,1.000,1048576.0,0.000,0,0,1048576,1,2,0,0,1,1
3,chain3,f32,1048576,glibc_t1,P5,0,0,1,1418132.00,0.0000,0.0000,1422000.0,0.0,3.000,12582912.0,0.000,0,0,12582912,3,0,0,0,1,1
3,chain3,f32,1048576,glibc_t1,P6,0,1,1,1124377.00,0.0000,0.0000,1127000.0,0.0,1.000,4194304.0,0.000,0,0,4194304,1,2,0,0,1,1
3,chain3,f32,1048576,glibc_t1,P7,0,2,1,956713.00,0.0000,0.0000,959000.0,0.0,1.000,4194304.0,0.000,0,0,4194304,1,1,1,0,1,1
3,chain3,f32,1048576,glibc_t1,FIXED_TWIN,0,3,1,979080.00,0.0000,0.0000,981000.0,0.0,1.000,4194304.0,0.000,0,0,4194304,1,1,1,0,1,1
3,chain3,f32,1048576,glibc_t1,P6,1,0,1,1121508.00,0.0000,0.0000,1124000.0,0.0,1.000,4194304.0,0.000,0,0,4194304,1,2,0,0,1,1
3,chain3,f32,1048576,glibc_t1,P7,1,1,1,959220.00,0.0000,0.0000,962000.0,0.0,1.000,4194304.0,0.000,0,0,4194304,1,1,1,0,1,1
3,chain3,f32,1048576,glibc_t1,FIXED_TWIN,1,2,1,955643.00,0.0000,0.0000,958000.0,0.0,1.000,4194304.0,0.000,0,0,4194304,1,1,1,0,1,1
3,chain3,f32,1048576,glibc_t1,P5,1,3,1,1423001.00,0.0000,0.0000,1425000.0,0.0,3.000,12582912.0,0.000,0,0,12582912,3,0,0,0,1,1
3,chain3,f32,1048576,glibc_t1,P7,2,0,1,950119.00,0.0000,0.0000,953000.0,0.0,1.000,4194304.0,0.000,0,0,4194304,1,1,1,0,1,1
3,chain3,f32,1048576,glibc_t1,FIXED_TWIN,2,1,1,984785.00,0.0000,0.0000,987000.0,0.0,1.000,4194304.0,0.000,0,0,4194304,1,1,1,0,1,1
3,chain3,f32,1048576,glibc_t1,P5,2,2,1,1477363.00,0.0000,0.0000,1481000.0,0.0,3.000,12582912.0,0.000,0,0,12582912,3,0,0,0,1,1
3,chain3,f32,1048576,glibc_t1,P6,2,3,1,1128720.00,0.0000,0.0000,1131000.0,0.0,1.000,4194304.0,0.000,0,0,4194304,1,2,0,0,1,1
3,chain3,f32,1048576,glibc_t1,FIXED_TWIN,3,0,1,957128.00,0.0000,0.0000,960000.0,0.0,1.000,4194304.0,0.000,0,0,4194304,1,1,1,0,1,1
3,chain3,f32,1048576,glibc_t1,P5,3,1,1,1429559.00,0.0000,0.0000,1432000.0,0.0,3.000,12582912.0,0.000,0,0,12582912,3,0,0,0,1,1
3,chain3,f32,1048576,glibc_t1,P6,3,2,1,1161253.00,0.0000,0.0000,1164000.0,0.0,1.000,4194304.0,0.000,0,0,4194304,1,2,0,0,1,1
3,chain3,f32,1048576,glibc_t1,P7,3,3,1,956427.00,0.0000,0.0000,959000.0,0.0,1.000,4194304.0,0.000,0,0,4194304,1,1,1,0,1,1
3,chain3,f32,1048576,glibc_t1,P5,4,0,1,1480299.00,0.0000,0.0000,1483000.0,0.0,3.000,12582912.0,0.000,0,0,12582912,3,0,0,0,1,1
3,chain3,f32,1048576,glibc_t1,P6,4,1,1,1156563.00,0.0000,0.0000,1160000.0,0.0,1.000,4194304.0,0.000,0,0,4194304,1,2,0,0,1,1
3,chain3,f32,1048576,glibc_t1,P7,4,2,1,955562.00,0.0000,0.0000,959000.0,0.0,1.000,4194304.0,0.000,0,0,4194304,1,1,1,0,1,1
3,chain3,f32,1048576,glibc_t1,FIXED_TWIN,4,3,1,957734.00,0.0000,0.0000,961000.0,0.0,1.000,4194304.0,0.000,0,0,4194304,1,1,1,0,1,1
3,chain3,f32,1048576,glibc_t1,P6,5,0,1,1141924.00,0.0000,0.0000,1145000.0,0.0,1.000,4194304.0,0.000,0,0,4194304,1,2,0,0,1,1
3,chain3,f32,1048576,glibc_t1,P7,5,1,1,955950.00,0.0000,0.0000,960000.0,0.0,1.000,4194304.0,0.000,0,0,4194304,1,1,1,0,1,1
3,chain3,f32,1048576,glibc_t1,FIXED_TWIN,5,2,1,982981.00,0.0000,0.0000,986000.0,0.0,1.000,4194304.0,0.000,0,0,4194304,1,1,1,0,1,1
3,chain3,f32,1048576,glibc_t1,P5,5,3,1,1530654.00,0.0000,0.0000,1533000.0,0.0,3.000,12582912.0,0.000,0,0,12582912,3,0,0,0,1,1
3,chain3,f32,1048576,glibc_t1,P7,6,0,1,959609.00,0.0000,0.0000,962000.0,0.0,1.000,4194304.0,0.000,0,0,4194304,1,1,1,0,1,1
3,chain3,f32,1048576,glibc_t1,FIXED_TWIN,6,1,1,957219.00,0.0000,0.0000,960000.0,0.0,1.000,4194304.0,0.000,0,0,4194304,1,1,1,0,1,1
3,chain3,f32,1048576,glibc_t1,P5,6,2,1,1438783.00,0.0000,0.0000,1441000.0,0.0,3.000,12582912.0,0.000,0,0,12582912,3,0,0,0,1,1
3,chain3,f32,1048576,glibc_t1,P6,6,3,1,1122170.00,0.0000,0.0000,1125000.0,0.0,1.000,4194304.0,0.000,0,0,4194304,1,2,0,0,1,1
3,chain3,f32,1048576,glibc_t1,FIXED_TWIN,7,0,1,959320.00,0.0000,0.0000,962000.0,0.0,1.000,4194304.0,0.000,0,0,4194304,1,1,1,0,1,1
3,chain3,f32,1048576,glibc_t1,P5,7,1,1,1452420.00,0.0000,0.0000,1456000.0,0.0,3.000,12582912.0,0.000,0,0,12582912,3,0,0,0,1,1
3,chain3,f32,1048576,glibc_t1,P6,7,2,1,1161525.00,0.0000,0.0000,1165000.0,0.0,1.000,4194304.0,0.000,0,0,4194304,1,2,0,0,1,1
3,chain3,f32,1048576,glibc_t1,P7,7,3,1,959015.00,0.0000,0.0000,0.0,999000.0,1.000,4194304.0,0.000,0,0,4194304,1,1,1,0,1,1
3,chain3,f32,1048576,glibc_t1,P5,8,0,1,1460163.00,0.0000,0.0000,1462000.0,0.0,3.000,12582912.0,0.000,0,0,12582912,3,0,0,0,1,1
3,chain3,f32,1048576,glibc_t1,P6,8,1,1,1133384.00,0.0000,0.0000,677000.0,459000.0,1.000,4194304.0,0.000,0,0,4194304,1,2,0,0,1,1
3,chain3,f32,1048576,glibc_t1,P7,8,2,1,959010.00,0.0000,0.0000,961000.0,0.0,1.000,4194304.0,0.000,0,0,4194304,1,1,1,0,1,1
3,chain3,f32,1048576,glibc_t1,FIXED_TWIN,8,3,1,957687.00,0.0000,0.0000,960000.0,0.0,1.000,4194304.0,0.000,0,0,4194304,1,1,1,0,1,1
3,chain3,f32,1048576,glibc_t1,P6,9,0,1,1153472.00,0.0000,0.0000,1156000.0,0.0,1.000,4194304.0,0.000,0,0,4194304,1,2,0,0,1,1
3,chain3,f32,1048576,glibc_t1,P7,9,1,1,984223.00,0.0000,0.0000,986000.0,0.0,1.000,4194304.0,0.000,0,0,4194304,1,1,1,0,1,1
3,chain3,f32,1048576,glibc_t1,FIXED_TWIN,9,2,1,950363.00,0.0000,0.0000,953000.0,0.0,1.000,4194304.0,0.000,0,0,4194304,1,1,1,0,1,1
3,chain3,f32,1048576,glibc_t1,P5,9,3,1,1492978.00,0.0000,0.0000,1496000.0,0.0,3.000,12582912.0,0.000,0,0,12582912,3,0,0,0,1,1
3,chain3,f32,1048576,glibc_t1,P7,10,0,1,956704.00,0.0000,0.0000,959000.0,0.0,1.000,4194304.0,0.000,0,0,4194304,1,1,1,0,1,1
3,chain3,f32,1048576,glibc_t1,FIXED_TWIN,10,1,1,1073799.00,0.0000,0.0000,1079000.0,0.0,1.000,4194304.0,0.000,0,0,4194304,1,1,1,0,1,1
3,chain3,f32,1048576,glibc_t1,P5,10,2,1,1415194.00,0.0000,0.0000,1419000.0,0.0,3.000,12582912.0,0.000,0,0,12582912,3,0,0,0,1,1
3,chain3,f32,1048576,glibc_t1,P6,10,3,1,1132932.00,0.0000,0.0000,1135000.0,0.0,1.000,4194304.0,0.000,0,0,4194304,1,2,0,0,1,1
3,chain3,f32,1048576,glibc_t1,FIXED_TWIN,11,0,1,977731.00,0.0000,0.0000,980000.0,0.0,1.000,4194304.0,0.000,0,0,4194304,1,1,1,0,1,1
3,chain3,f32,1048576,glibc_t1,P5,11,1,1,1464689.00,0.0000,0.0000,1467000.0,0.0,3.000,12582912.0,0.000,0,0,12582912,3,0,0,0,1,1
3,chain3,f32,1048576,glibc_t1,P6,11,2,1,1127482.00,0.0000,0.0000,1130000.0,0.0,1.000,4194304.0,0.000,0,0,4194304,1,2,0,0,1,1
3,chain3,f32,1048576,glibc_t1,P7,11,3,1,949215.00,0.0000,0.0000,952000.0,0.0,1.000,4194304.0,0.000,0,0,4194304,1,1,1,0,1,1
3,chain3,f32,1048576,glibc_t1,P5,12,0,1,1425130.00,0.0000,0.0000,1429000.0,0.0,3.000,12582912.0,0.000,0,0,12582912,3,0,0,0,1,1
3,chain3,f32,1048576,glibc_t1,P6,12,1,1,1162466.00,0.0000,0.0000,1165000.0,0.0,1.000,4194304.0,0.000,0,0,4194304,1,2,0,0,1,1
3,chain3,f32,1048576,glibc_t1,P7,12,2,1,962635.00,0.0000,0.0000,965000.0,0.0,1.000,4194304.0,0.000,0,0,4194304,1,1,1,0,1,1
3,chain3,f32,1048576,glibc_t1,FIXED_TWIN,12,3,1,978783.00,0.0000,0.0000,983000.0,0.0,1.000,4194304.0,0.000,0,0,4194304,1,1,1,0,1,1
3,chain3,f32,1048576,glibc_t1,P6,13,0,1,1124580.00,0.0000,0.0000,1127000.0,0.0,1.000,4194304.0,0.000,0,0,4194304,1,2,0,0,1,1
3,chain3,f32,1048576,glibc_t1,P7,13,1,1,947572.00,0.0000,0.0000,950000.0,0.0,1.000,4194304.0,0.000,0,0,4194304,1,1,1,0,1,1
3,chain3,f32,1048576,glibc_t1,FIXED_TWIN,13,2,1,958328.00,0.0000,0.0000,961000.0,0.0,1.000,4194304.0,0.000,0,0,4194304,1,1,1,0,1,1
3,chain3,f32,1048576,glibc_t1,P5,13,3,1,1452249.00,0.0000,0.0000,1460000.0,0.0,3.000,12582912.0,0.000,0,0,12582912,3,0,0,0,1,1
3,chain3,f32,1048576,glibc_t1,P7,14,0,1,930592.00,0.0000,0.0000,933000.0,0.0,1.000,4194304.0,0.000,0,0,4194304,1,1,1,0,1,1
3,chain3,f32,1048576,glibc_t1,FIXED_TWIN,14,1,1,980669.00,0.0000,0.0000,983000.0,0.0,1.000,4194304.0,0.000,0,0,4194304,1,1,1,0,1,1
3,chain3,f32,1048576,glibc_t1,P5,14,2,1,1516367.00,0.0000,0.0000,1519000.0,0.0,3.000,12582912.0,0.000,0,0,12582912,3,0,0,0,1,1
3,chain3,f32,1048576,glibc_t1,P6,14,3,1,1140841.00,0.0000,0.0000,1144000.0,0.0,1.000,4194304.0,0.000,0,0,4194304,1,2,0,0,1,1
3,chain3,f32,4194304,glibc_t1,P5,0,0,1,7437684.00,0.0000,0.0000,7442000.0,0.0,3.000,50331648.0,0.000,0,0,50331648,3,0,0,0,1,1
3,chain3,f32,4194304,glibc_t1,P6,0,1,1,4946735.00,0.0000,0.0000,4950000.0,0.0,1.000,16777216.0,0.000,0,0,16777216,1,2,0,0,1,1
3,chain3,f32,4194304,glibc_t1,P7,0,2,1,4096041.00,0.0000,0.0000,4099000.0,0.0,1.000,16777216.0,0.000,0,0,16777216,1,1,1,0,1,1
3,chain3,f32,4194304,glibc_t1,FIXED_TWIN,0,3,1,4020677.00,0.0000,0.0000,4023000.0,0.0,1.000,16777216.0,0.000,0,0,16777216,1,1,1,0,1,1
3,chain3,f32,4194304,glibc_t1,P6,1,0,1,4650318.00,0.0000,0.0000,4653000.0,0.0,1.000,16777216.0,0.000,0,0,16777216,1,2,0,0,1,1
3,chain3,f32,4194304,glibc_t1,P7,1,1,1,4057449.00,0.0000,0.0000,4060000.0,0.0,1.000,16777216.0,0.000,0,0,16777216,1,1,1,0,1,1
3,chain3,f32,4194304,glibc_t1,FIXED_TWIN,1,2,1,4347831.00,0.0000,0.0000,4350000.0,0.0,1.000,16777216.0,0.000,0,0,16777216,1,1,1,0,1,1
3,chain3,f32,4194304,glibc_t1,P5,1,3,1,8437145.00,0.0000,0.0000,8441000.0,0.0,3.000,50331648.0,0.000,0,0,50331648,3,0,0,0,1,1
3,chain3,f32,4194304,glibc_t1,P7,2,0,1,4911807.00,0.0000,0.0000,4916000.0,0.0,1.000,16777216.0,0.000,0,0,16777216,1,1,1,0,1,1
3,chain3,f32,4194304,glibc_t1,FIXED_TWIN,2,1,1,4446052.00,0.0000,0.0000,4449000.0,0.0,1.000,16777216.0,0.000,0,0,16777216,1,1,1,0,1,1
3,chain3,f32,4194304,glibc_t1,P5,2,2,1,8323549.00,0.0000,0.0000,8328000.0,0.0,3.000,50331648.0,0.000,0,0,50331648,3,0,0,0,1,1
3,chain3,f32,4194304,glibc_t1,P6,2,3,1,5363513.00,0.0000,0.0000,5367000.0,0.0,1.000,16777216.0,0.000,0,0,16777216,1,2,0,0,1,1
3,chain3,f32,4194304,glibc_t1,FIXED_TWIN,3,0,1,4294687.00,0.0000,0.0000,4292000.0,6000.0,1.000,16777216.0,0.000,0,0,16777216,1,1,1,0,1,1
3,chain3,f32,4194304,glibc_t1,P5,3,1,1,8150783.00,0.0000,0.0000,8155000.0,0.0,3.000,50331648.0,0.000,0,0,50331648,3,0,0,0,1,1
3,chain3,f32,4194304,glibc_t1,P6,3,2,1,5352966.00,0.0000,0.0000,5356000.0,0.0,1.000,16777216.0,0.000,0,0,16777216,1,2,0,0,1,1
3,chain3,f32,4194304,glibc_t1,P7,3,3,1,4387664.00,0.0000,0.0000,4392000.0,0.0,1.000,16777216.0,0.000,0,0,16777216,1,1,1,0,1,1
3,chain3,f32,4194304,glibc_t1,P5,4,0,1,7915069.00,0.0000,0.0000,7919000.0,0.0,3.000,50331648.0,0.000,0,0,50331648,3,0,0,0,1,1
3,chain3,f32,4194304,glibc_t1,P6,4,1,1,5156962.00,0.0000,0.0000,5160000.0,0.0,1.000,16777216.0,0.000,0,0,16777216,1,2,0,0,1,1
3,chain3,f32,4194304,glibc_t1,P7,4,2,1,4065868.00,0.0000,0.0000,4070000.0,0.0,1.000,16777216.0,0.000,0,0,16777216,1,1,1,0,1,1
3,chain3,f32,4194304,glibc_t1,FIXED_TWIN,4,3,1,3976800.00,0.0000,0.0000,3980000.0,0.0,1.000,16777216.0,0.000,0,0,16777216,1,1,1,0,1,1
3,chain3,f32,4194304,glibc_t1,P6,5,0,1,4673998.00,0.0000,0.0000,4678000.0,0.0,1.000,16777216.0,0.000,0,0,16777216,1,2,0,0,1,1
3,chain3,f32,4194304,glibc_t1,P7,5,1,1,4331950.00,0.0000,0.0000,4052000.0,0.0,1.000,16777216.0,0.000,0,0,16777216,1,1,1,0,1,1
3,chain3,f32,4194304,glibc_t1,FIXED_TWIN,5,2,1,4013967.00,0.0000,0.0000,4018000.0,0.0,1.000,16777216.0,0.000,0,0,16777216,1,1,1,0,1,1
3,chain3,f32,4194304,glibc_t1,P5,5,3,1,8644721.00,0.0000,0.0000,8648000.0,0.0,3.000,50331648.0,0.000,0,0,50331648,3,0,0,0,1,1
3,chain3,f32,4194304,glibc_t1,P7,6,0,1,5022472.00,0.0000,0.0000,5027000.0,0.0,1.000,16777216.0,0.000,0,0,16777216,1,1,1,0,1,1
3,chain3,f32,4194304,glibc_t1,FIXED_TWIN,6,1,1,4721267.00,0.0000,0.0000,4725000.0,0.0,1.000,16777216.0,0.000,0,0,16777216,1,1,1,0,1,1
3,chain3,f32,4194304,glibc_t1,P5,6,2,1,8244235.00,0.0000,0.0000,8248000.0,0.0,3.000,50331648.0,0.000,0,0,50331648,3,0,0,0,1,1
3,chain3,f32,4194304,glibc_t1,P6,6,3,1,5438257.00,0.0000,0.0000,5442000.0,0.0,1.000,16777216.0,0.000,0,0,16777216,1,2,0,0,1,1
3,chain3,f32,4194304,glibc_t1,FIXED_TWIN,7,0,1,4548295.00,0.0000,0.0000,4552000.0,0.0,1.000,16777216.0,0.000,0,0,16777216,1,1,1,0,1,1
3,chain3,f32,4194304,glibc_t1,P5,7,1,1,8334850.00,0.0000,0.0000,8339000.0,0.0,3.000,50331648.0,0.000,0,0,50331648,3,0,0,0,1,1
3,chain3,f32,4194304,glibc_t1,P6,7,2,1,5803473.00,0.0000,0.0000,5809000.0,0.0,1.000,16777216.0,0.000,0,0,16777216,1,2,0,0,1,1
3,chain3,f32,4194304,glibc_t1,P7,7,3,1,4600283.00,0.0000,0.0000,4604000.0,0.0,1.000,16777216.0,0.000,0,0,16777216,1,1,1,0,1,1
3,chain3,f32,4194304,glibc_t1,P5,8,0,1,8319604.00,0.0000,0.0000,8324000.0,0.0,3.000,50331648.0,0.000,0,0,50331648,3,0,0,0,1,1
3,chain3,f32,4194304,glibc_t1,P6,8,1,1,5698236.00,0.0000,0.0000,5703000.0,0.0,1.000,16777216.0,0.000,0,0,16777216,1,2,0,0,1,1
3,chain3,f32,4194304,glibc_t1,P7,8,2,1,4826644.00,0.0000,0.0000,4830000.0,0.0,1.000,16777216.0,0.000,0,0,16777216,1,1,1,0,1,1
3,chain3,f32,4194304,glibc_t1,FIXED_TWIN,8,3,1,4552285.00,0.0000,0.0000,4555000.0,0.0,1.000,16777216.0,0.000,0,0,16777216,1,1,1,0,1,1
3,chain3,f32,4194304,glibc_t1,P6,9,0,1,5252819.00,0.0000,0.0000,5257000.0,0.0,1.000,16777216.0,0.000,0,0,16777216,1,2,0,0,1,1
3,chain3,f32,4194304,glibc_t1,P7,9,1,1,4877335.00,0.0000,0.0000,4881000.0,0.0,1.000,16777216.0,0.000,0,0,16777216,1,1,1,0,1,1
3,chain3,f32,4194304,glibc_t1,FIXED_TWIN,9,2,1,4355464.00,0.0000,0.0000,4359000.0,0.0,1.000,16777216.0,0.000,0,0,16777216,1,1,1,0,1,1
3,chain3,f32,4194304,glibc_t1,P5,9,3,1,8267272.00,0.0000,0.0000,8273000.0,0.0,3.000,50331648.0,0.000,0,0,50331648,3,0,0,0,1,1
3,chain3,f32,4194304,glibc_t1,P7,10,0,1,4700012.00,0.0000,0.0000,4704000.0,0.0,1.000,16777216.0,0.000,0,0,16777216,1,1,1,0,1,1
3,chain3,f32,4194304,glibc_t1,FIXED_TWIN,10,1,1,4520537.00,0.0000,0.0000,4524000.0,0.0,1.000,16777216.0,0.000,0,0,16777216,1,1,1,0,1,1
3,chain3,f32,4194304,glibc_t1,P5,10,2,1,8800349.00,0.0000,0.0000,8805000.0,0.0,3.000,50331648.0,0.000,0,0,50331648,3,0,0,0,1,1
3,chain3,f32,4194304,glibc_t1,P6,10,3,1,6461925.00,0.0000,0.0000,6467000.0,0.0,1.000,16777216.0,0.000,0,0,16777216,1,2,0,0,1,1
3,chain3,f32,4194304,glibc_t1,FIXED_TWIN,11,0,1,5348042.00,0.0000,0.0000,5351000.0,0.0,1.000,16777216.0,0.000,0,0,16777216,1,1,1,0,1,1
3,chain3,f32,4194304,glibc_t1,P5,11,1,1,8658090.00,0.0000,0.0000,8625000.0,0.0,3.000,50331648.0,0.000,0,0,50331648,3,0,0,0,1,1
3,chain3,f32,4194304,glibc_t1,P6,11,2,1,6069858.00,0.0000,0.0000,6074000.0,0.0,1.000,16777216.0,0.000,0,0,16777216,1,2,0,0,1,1
3,chain3,f32,4194304,glibc_t1,P7,11,3,1,4694551.00,0.0000,0.0000,4698000.0,0.0,1.000,16777216.0,0.000,0,0,16777216,1,1,1,0,1,1
3,chain3,f32,4194304,glibc_t1,P5,12,0,1,8247301.00,0.0000,0.0000,8252000.0,0.0,3.000,50331648.0,0.000,0,0,50331648,3,0,0,0,1,1
3,chain3,f32,4194304,glibc_t1,P6,12,1,1,5486778.00,0.0000,0.0000,5490000.0,0.0,1.000,16777216.0,0.000,0,0,16777216,1,2,0,0,1,1
3,chain3,f32,4194304,glibc_t1,P7,12,2,1,4406319.00,0.0000,0.0000,4410000.0,0.0,1.000,16777216.0,0.000,0,0,16777216,1,1,1,0,1,1
3,chain3,f32,4194304,glibc_t1,FIXED_TWIN,12,3,1,4107078.00,0.0000,0.0000,4111000.0,0.0,1.000,16777216.0,0.000,0,0,16777216,1,1,1,0,1,1
3,chain3,f32,4194304,glibc_t1,P6,13,0,1,4746584.00,0.0000,0.0000,4750000.0,0.0,1.000,16777216.0,0.000,0,0,16777216,1,2,0,0,1,1
3,chain3,f32,4194304,glibc_t1,P7,13,1,1,4081919.00,0.0000,0.0000,4084000.0,0.0,1.000,16777216.0,0.000,0,0,16777216,1,1,1,0,1,1
3,chain3,f32,4194304,glibc_t1,FIXED_TWIN,13,2,1,4218330.00,0.0000,0.0000,4222000.0,0.0,1.000,16777216.0,0.000,0,0,16777216,1,1,1,0,1,1
3,chain3,f32,4194304,glibc_t1,P5,13,3,1,8701066.00,0.0000,0.0000,8705000.0,0.0,3.000,50331648.0,0.000,0,0,50331648,3,0,0,0,1,1
3,chain3,f32,4194304,glibc_t1,P7,14,0,1,5006195.00,0.0000,0.0000,5009000.0,0.0,1.000,16777216.0,0.000,0,0,16777216,1,1,1,0,1,1
3,chain3,f32,4194304,glibc_t1,FIXED_TWIN,14,1,1,4736506.00,0.0000,0.0000,4740000.0,0.0,1.000,16777216.0,0.000,0,0,16777216,1,1,1,0,1,1
3,chain3,f32,4194304,glibc_t1,P5,14,2,1,8072772.00,0.0000,0.0000,8076000.0,0.0,3.000,50331648.0,0.000,0,0,50331648,3,0,0,0,1,1
3,chain3,f32,4194304,glibc_t1,P6,14,3,1,5256884.00,0.0000,0.0000,5260000.0,0.0,1.000,16777216.0,0.000,0,0,16777216,1,2,0,0,1,1
3,chain3,f32,16777216,glibc_t1,P5,0,0,1,116770823.00,49155.0000,0.0000,34386000.0,82390000.0,3.000,201326592.0,0.000,0,0,201326592,3,0,0,0,1,1
3,chain3,f32,16777216,glibc_t1,P6,0,1,1,59238524.00,16385.0000,0.0000,27597000.0,31623000.0,1.000,67108864.0,0.000,0,0,67108864,1,2,0,0,1,1
3,chain3,f32,16777216,glibc_t1,P7,0,2,1,53741260.00,16385.0000,0.0000,22871000.0,30875000.0,1.000,67108864.0,0.000,0,0,67108864,1,1,1,0,1,1
3,chain3,f32,16777216,glibc_t1,FIXED_TWIN,0,3,1,60403239.00,16385.0000,0.0000,36206000.0,24205000.0,1.000,67108864.0,0.000,0,0,67108864,1,1,1,0,1,1
3,chain3,f32,16777216,glibc_t1,P6,1,0,1,61328138.00,16385.0000,0.0000,44636000.0,16667000.0,1.000,67108864.0,0.000,0,0,67108864,1,2,0,0,1,1
3,chain3,f32,16777216,glibc_t1,P7,1,1,1,54046915.00,16385.0000,0.0000,31024000.0,23030000.0,1.000,67108864.0,0.000,0,0,67108864,1,1,1,0,1,1
3,chain3,f32,16777216,glibc_t1,FIXED_TWIN,1,2,1,54091903.00,16385.0000,0.0000,27047000.0,27053000.0,1.000,67108864.0,0.000,0,0,67108864,1,1,1,0,1,1
3,chain3,f32,16777216,glibc_t1,P5,1,3,1,120386207.00,49155.0000,0.0000,48198000.0,72155000.0,3.000,201326592.0,0.000,0,0,201326592,3,0,0,0,1,1
3,chain3,f32,16777216,glibc_t1,P7,2,0,1,54407026.00,16385.0000,0.0000,31204000.0,23174000.0,1.000,67108864.0,0.000,0,0,67108864,1,1,1,0,1,1
3,chain3,f32,16777216,glibc_t1,FIXED_TWIN,2,1,1,55872041.00,16385.0000,0.0000,35956000.0,19935000.0,1.000,67108864.0,0.000,0,0,67108864,1,1,1,0,1,1
3,chain3,f32,16777216,glibc_t1,P5,2,2,1,117831363.00,49155.0000,0.0000,40885000.0,76905000.0,3.000,201326592.0,0.000,0,0,201326592,3,0,0,0,1,1
3,chain3,f32,16777216,glibc_t1,P6,2,3,1,60860518.00,16385.0000,0.0000,40434000.0,20433000.0,1.000,67108864.0,0.000,0,0,67108864,1,2,0,0,1,1
3,chain3,f32,16777216,glibc_t1,FIXED_TWIN,3,0,1,53954878.00,16385.0000,0.0000,22978000.0,30984000.0,1.000,67108864.0,0.000,0,0,67108864,1,1,1,0,1,1
3,chain3,f32,16777216,glibc_t1,P5,3,1,1,119883608.00,49155.0000,0.0000,23946000.0,95901000.0,3.000,201326592.0,0.000,0,0,201326592,3,0,0,0,1,1
3,chain3,f32,16777216,glibc_t1,P6,3,2,1,60081836.00,16385.0000,0.0000,40043000.0,20044000.0,1.000,67108864.0,0.000,0,0,67108864,1,2,0,0,1,1
3,chain3,f32,16777216,glibc_t1,P7,3,3,1,54435254.00,16385.0000,0.0000,29188000.0,25218000.0,1.000,67108864.0,0.000,0,0,67108864,1,1,1,0,1,1
3,chain3,f32,16777216,glibc_t1,P5,4,0,1,117952978.00,49155.0000,0.0000,26980000.0,90942000.0,3.000,201326592.0,0.000,0,0,201326592,3,0,0,0,1,1
3,chain3,f32,16777216,glibc_t1,P6,4,1,1,60746851.00,16385.0000,0.0000,28378000.0,32311000.0,1.000,67108864.0,0.000,0,0,67108864,1,2,0,0,1,1
3,chain3,f32,16777216,glibc_t1,P7,4,2,1,53615338.00,16385.0000,0.0000,18809000.0,34755000.0,1.000,67108864.0,0.000,0,0,67108864,1,1,1,0,1,1
3,chain3,f32,16777216,glibc_t1,FIXED_TWIN,4,3,1,54246306.00,16385.0000,0.0000,27126000.0,27065000.0,1.000,67108864.0,0.000,0,0,67108864,1,1,1,0,1,1
3,chain3,f32,16777216,glibc_t1,P6,5,0,1,59830217.00,16385.0000,0.0000,23919000.0,35918000.0,1.000,67108864.0,0.000,0,0,67108864,1,2,0,0,1,1
3,chain3,f32,16777216,glibc_t1,P7,5,1,1,53180242.00,16385.0000,0.0000,36589000.0,16587000.0,1.000,67108864.0,0.000,0,0,67108864,1,1,1,0,1,1
3,chain3,f32,16777216,glibc_t1,FIXED_TWIN,5,2,1,53971995.00,16385.0000,0.0000,24954000.0,28987000.0,1.000,67108864.0,0.000,0,0,67108864,1,1,1,0,1,1
3,chain3,f32,16777216,glibc_t1,P5,5,3,1,118121657.00,49155.0000,0.0000,32960000.0,85060000.0,3.000,201326592.0,0.000,0,0,201326592,3,0,0,0,1,1
3,chain3,f32,16777216,glibc_t1,P7,6,0,1,54784938.00,16385.0000,0.0000,39394000.0,15398000.0,1.000,67108864.0,0.000,0,0,67108864,1,1,1,0,1,1
3,chain3,f32,16777216,glibc_t1,FIXED_TWIN,6,1,1,54254521.00,16385.0000,0.0000,23129000.0,31133000.0,1.000,67108864.0,0.000,0,0,67108864,1,1,1,0,1,1
3,chain3,f32,16777216,glibc_t1,P5,6,2,1,117639493.00,49155.0000,0.0000,34822000.0,82787000.0,3.000,201326592.0,0.000,0,0,201326592,3,0,0,0,1,1
3,chain3,f32,16777216,glibc_t1,P6,6,3,1,62925216.00,16385.0000,0.0000,35423000.0,27467000.0,1.000,67108864.0,0.000,0,0,67108864,1,2,0,0,1,1
3,chain3,f32,16777216,glibc_t1,FIXED_TWIN,7,0,1,54848410.00,16385.0000,0.0000,19430000.0,35432000.0,1.000,67108864.0,0.000,0,0,67108864,1,1,1,0,1,1
3,chain3,f32,16777216,glibc_t1,P5,7,1,1,118636402.00,49155.0000,0.0000,19299000.0,99303000.0,3.000,201326592.0,0.000,0,0,201326592,3,0,0,0,1,1
3,chain3,f32,16777216,glibc_t1,P6,7,2,1,59979924.00,16385.0000,0.0000,27984000.0,31993000.0,1.000,67108864.0,0.000,0,0,67108864,1,2,0,0,1,1
3,chain3,f32,16777216,glibc_t1,P7,7,3,1,54972808.00,16385.0000,0.0000,35459000.0,19490000.0,1.000,67108864.0,0.000,0,0,67108864,1,1,1,0,1,1
3,chain3,f32,16777216,glibc_t1,P5,8,0,1,118174739.00,49155.0000,0.0000,29083000.0,89077000.0,3.000,201326592.0,0.000,0,0,201326592,3,0,0,0,1,1
3,chain3,f32,16777216,glibc_t1,P6,8,1,1,60355744.00,16385.0000,0.0000,32162000.0,28163000.0,1.000,67108864.0,0.000,0,0,67108864,1,2,0,0,1,1
3,chain3,f32,16777216,glibc_t1,P7,8,2,1,54780574.00,16385.0000,0.0000,31393000.0,23395000.0,1.000,67108864.0,0.000,0,0,67108864,1,1,1,0,1,1
3,chain3,f32,16777216,glibc_t1,FIXED_TWIN,8,3,1,54557119.00,16385.0000,0.0000,33283000.0,21281000.0,1.000,67108864.0,0.000,0,0,67108864,1,1,1,0,1,1
3,chain3,f32,16777216,glibc_t1,P6,9,0,1,60613378.00,16385.0000,0.0000,34307000.0,26314000.0,1.000,67108864.0,0.000,0,0,67108864,1,2,0,0,1,1
3,chain3,f32,16777216,glibc_t1,P7,9,1,1,54480873.00,16385.0000,0.0000,27243000.0,27233000.0,1.000,67108864.0,0.000,0,0,67108864,1,1,1,0,1,1
3,chain3,f32,16777216,glibc_t1,FIXED_TWIN,9,2,1,55820705.00,16385.0000,0.0000,31913000.0,23914000.0,1.000,67108864.0,0.000,0,0,67108864,1,1,1,0,1,1
3,chain3,f32,16777216,glibc_t1,P5,9,3,1,115953086.00,49155.0000,0.0000,35982000.0,79978000.0,3.000,201326592.0,0.000,0,0,201326592,3,0,0,0,1,1
3,chain3,f32,16777216,glibc_t1,P7,10,0,1,54442897.00,16385.0000,0.0000,33226000.0,21223000.0,1.000,67108864.0,0.000,0,0,67108864,1,1,1,0,1,1
3,chain3,f32,16777216,glibc_t1,FIXED_TWIN,10,1,1,53728092.00,16385.0000,0.0000,24869000.0,28865000.0,1.000,67108864.0,0.000,0,0,67108864,1,1,1,0,1,1
3,chain3,f32,16777216,glibc_t1,P5,10,2,1,118279890.00,49155.0000,0.0000,37146000.0,81139000.0,3.000,201326592.0,0.000,0,0,201326592,3,0,0,0,1,1
3,chain3,f32,16777216,glibc_t1,P6,10,3,1,59865680.00,16385.0000,0.0000,35936000.0,23937000.0,1.000,67108864.0,0.000,0,0,67108864,1,2,0,0,1,1
3,chain3,f32,16777216,glibc_t1,FIXED_TWIN,11,0,1,53112721.00,16385.0000,0.0000,20554000.0,32552000.0,1.000,67108864.0,0.000,0,0,67108864,1,1,1,0,1,1
3,chain3,f32,16777216,glibc_t1,P5,11,1,1,117183720.00,49155.0000,0.0000,48597000.0,68593000.0,3.000,201326592.0,0.000,0,0,201326592,3,0,0,0,1,1
3,chain3,f32,16777216,glibc_t1,P6,11,2,1,61110012.00,16385.0000,0.0000,42554000.0,18562000.0,1.000,67108864.0,0.000,0,0,67108864,1,2,0,0,1,1
3,chain3,f32,16777216,glibc_t1,P7,11,3,1,53631148.00,16385.0000,0.0000,22815000.0,30820000.0,1.000,67108864.0,0.000,0,0,67108864,1,1,1,0,1,1
3,chain3,f32,16777216,glibc_t1,P5,12,0,1,119593508.00,49155.0000,0.0000,43801000.0,75760000.0,3.000,201326592.0,0.000,0,0,201326592,3,0,0,0,1,1
3,chain3,f32,16777216,glibc_t1,P6,12,1,1,59203639.00,16385.0000,0.0000,37607000.0,21602000.0,1.000,67108864.0,0.000,0,0,67108864,1,2,0,0,1,1
3,chain3,f32,16777216,glibc_t1,P7,12,2,1,52838076.00,16385.0000,0.0000,30418000.0,22426000.0,1.000,67108864.0,0.000,0,0,67108864,1,1,1,0,1,1
3,chain3,f32,16777216,glibc_t1,FIXED_TWIN,12,3,1,52983662.00,16385.0000,0.0000,20497000.0,32493000.0,1.000,67108864.0,0.000,0,0,67108864,1,1,1,0,1,1
3,chain3,f32,16777216,glibc_t1,P6,13,0,1,59252245.00,16385.0000,0.0000,33633000.0,25625000.0,1.000,67108864.0,0.000,0,0,67108864,1,2,0,0,1,1
3,chain3,f32,16777216,glibc_t1,P7,13,1,1,53720741.00,16385.0000,0.0000,20867000.0,32862000.0,1.000,67108864.0,0.000,0,0,67108864,1,1,1,0,1,1
3,chain3,f32,16777216,glibc_t1,FIXED_TWIN,13,2,1,52487972.00,16385.0000,0.0000,32248000.0,20247000.0,1.000,67108864.0,0.000,0,0,67108864,1,1,1,0,1,1
3,chain3,f32,16777216,glibc_t1,P5,13,3,1,114710920.00,49155.0000,0.0000,37364000.0,77354000.0,3.000,201326592.0,0.000,0,0,201326592,3,0,0,0,1,1
3,chain3,f32,16777216,glibc_t1,P7,14,0,1,51685507.00,16385.0000,0.0000,23842000.0,27807000.0,1.000,67108864.0,0.000,0,0,67108864,1,1,1,0,1,1
3,chain3,f32,16777216,glibc_t1,FIXED_TWIN,14,1,1,51770745.00,16385.0000,0.0000,25894000.0,25883000.0,1.000,67108864.0,0.000,0,0,67108864,1,1,1,0,1,1
3,chain3,f32,16777216,glibc_t1,P5,14,2,1,114878202.00,49155.0000,0.0000,11444000.0,103439000.0,3.000,201326592.0,0.000,0,0,201326592,3,0,0,0,1,1
3,chain3,f32,16777216,glibc_t1,P6,14,3,1,58550570.00,16385.0000,0.0000,31277000.0,27214000.0,1.000,67108864.0,0.000,0,0,67108864,1,2,0,0,1,1
3,chain3,f32,67108864,glibc_t1,P5,0,0,1,805369281.00,196611.0000,0.0000,152320000.0,652360000.0,3.000,805306368.0,0.000,0,0,805306368,3,0,0,0,1,1
3,chain3,f32,67108864,glibc_t1,P6,0,1,1,233708299.00,65537.0000,0.0000,140806000.0,92845000.0,1.000,268435456.0,0.000,0,0,268435456,1,2,0,0,1,1
3,chain3,f32,67108864,glibc_t1,P7,0,2,1,210610891.00,65537.0000,0.0000,107321000.0,103255000.0,1.000,268435456.0,0.000,0,0,268435456,1,1,1,0,1,1
3,chain3,f32,67108864,glibc_t1,FIXED_TWIN,0,3,1,206646267.00,65537.0000,0.0000,107346000.0,99308000.0,1.000,268435456.0,0.000,0,0,268435456,1,1,1,0,1,1
3,chain3,f32,67108864,glibc_t1,P6,1,0,1,245975966.00,65537.0000,0.0000,134724000.0,110616000.0,1.000,268435456.0,0.000,0,0,268435456,1,2,0,0,1,1
3,chain3,f32,67108864,glibc_t1,P7,1,1,1,207354652.00,65537.0000,0.0000,115571000.0,91660000.0,1.000,268435456.0,0.000,0,0,268435456,1,1,1,0,1,1
3,chain3,f32,67108864,glibc_t1,FIXED_TWIN,1,2,1,204307912.00,65537.0000,0.0000,104154000.0,100161000.0,1.000,268435456.0,0.000,0,0,268435456,1,1,1,0,1,1
3,chain3,f32,67108864,glibc_t1,P5,1,3,1,445950231.00,196611.0000,0.0000,110859000.0,334803000.0,3.000,805306368.0,0.000,0,0,805306368,3,0,0,0,1,1
3,chain3,f32,67108864,glibc_t1,P7,2,0,1,205423763.00,65537.0000,0.0000,108695000.0,96737000.0,1.000,268435456.0,0.000,0,0,268435456,1,1,1,0,1,1
3,chain3,f32,67108864,glibc_t1,FIXED_TWIN,2,1,1,207031260.00,65537.0000,0.0000,101468000.0,105413000.0,1.000,268435456.0,0.000,0,0,268435456,1,1,1,0,1,1
3,chain3,f32,67108864,glibc_t1,P5,2,2,1,470324427.00,196611.0000,0.0000,143154000.0,327114000.0,3.000,805306368.0,0.000,0,0,805306368,3,0,0,0,1,1
3,chain3,f32,67108864,glibc_t1,P6,2,3,1,235932234.00,65537.0000,0.0000,139973000.0,95967000.0,1.000,268435456.0,0.000,0,0,268435456,1,2,0,0,1,1
3,chain3,f32,67108864,glibc_t1,FIXED_TWIN,3,0,1,208491495.00,65537.0000,0.0000,112227000.0,96239000.0,1.000,268435456.0,0.000,0,0,268435456,1,1,1,0,1,1
3,chain3,f32,67108864,glibc_t1,P5,3,1,1,447114533.00,196611.0000,0.0000,85459000.0,361576000.0,3.000,805306368.0,0.000,0,0,805306368,3,0,0,0,1,1
3,chain3,f32,67108864,glibc_t1,P6,3,2,1,230114676.00,65537.0000,0.0000,151035000.0,79024000.0,1.000,268435456.0,0.000,0,0,268435456,1,2,0,0,1,1
3,chain3,f32,67108864,glibc_t1,P7,3,3,1,210049779.00,65537.0000,0.0000,92980000.0,117054000.0,1.000,268435456.0,0.000,0,0,268435456,1,1,1,0,1,1
3,chain3,f32,67108864,glibc_t1,P5,4,0,1,446450482.00,196611.0000,0.0000,139210000.0,307101000.0,3.000,805306368.0,0.000,0,0,805306368,3,0,0,0,1,1
3,chain3,f32,67108864,glibc_t1,P6,4,1,1,242651277.00,65537.0000,0.0000,151345000.0,91287000.0,1.000,268435456.0,0.000,0,0,268435456,1,2,0,0,1,1
3,chain3,f32,67108864,glibc_t1,P7,4,2,1,208996818.00,65537.0000,0.0000,128473000.0,80520000.0,1.000,268435456.0,0.000,0,0,268435456,1,1,1,0,1,1
3,chain3,f32,67108864,glibc_t1,FIXED_TWIN,4,3,1,227811795.00,65537.0000,0.0000,143573000.0,83535000.0,1.000,268435456.0,0.000,0,0,268435456,1,1,1,0,1,1
3,chain3,f32,67108864,glibc_t1,P6,5,0,1,248794065.00,65537.0000,0.0000,144351000.0,104401000.0,1.000,268435456.0,0.000,0,0,268435456,1,2,0,0,1,1
3,chain3,f32,67108864,glibc_t1,P7,5,1,1,216779181.00,65537.0000,0.0000,102427000.0,114293000.0,1.000,268435456.0,0.000,0,0,268435456,1,1,1,0,1,1
3,chain3,f32,67108864,glibc_t1,FIXED_TWIN,5,2,1,215665921.00,65537.0000,0.0000,129714000.0,85843000.0,1.000,268435456.0,0.000,0,0,268435456,1,1,1,0,1,1
3,chain3,f32,67108864,glibc_t1,P5,5,3,1,450589853.00,196611.0000,0.0000,119264000.0,331233000.0,3.000,805306368.0,0.000,0,0,805306368,3,0,0,0,1,1
3,chain3,f32,67108864,glibc_t1,P7,6,0,1,207026700.00,65537.0000,0.0000,115525000.0,91446000.0,1.000,268435456.0,0.000,0,0,268435456,1,1,1,0,1,1
3,chain3,f32,67108864,glibc_t1,FIXED_TWIN,6,1,1,206579227.00,65537.0000,0.0000,127246000.0,79265000.0,1.000,268435456.0,0.000,0,0,268435456,1,1,1,0,1,1
3,chain3,f32,67108864,glibc_t1,P5,6,2,1,444533904.00,196611.0000,0.0000,110323000.0,334180000.0,3.000,805306368.0,0.000,0,0,805306368,3,0,0,0,1,1
3,chain3,f32,67108864,glibc_t1,P6,6,3,1,229439758.00,65537.0000,0.0000,126757000.0,102651000.0,1.000,268435456.0,0.000,0,0,268435456,1,2,0,0,1,1
3,chain3,f32,67108864,glibc_t1,FIXED_TWIN,7,0,1,208594194.00,65537.0000,0.0000,132290000.0,76311000.0,1.000,268435456.0,0.000,0,0,268435456,1,1,1,0,1,1
3,chain3,f32,67108864,glibc_t1,P5,7,1,1,454290457.00,196611.0000,0.0000,123176000.0,331014000.0,3.000,805306368.0,0.000,0,0,805306368,3,0,0,0,1,1
3,chain3,f32,67108864,glibc_t1,P6,7,2,1,235162388.00,65537.0000,0.0000,143605000.0,91557000.0,1.000,268435456.0,0.000,0,0,268435456,1,2,0,0,1,1
3,chain3,f32,67108864,glibc_t1,P7,7,3,1,204673482.00,65537.0000,0.0000,120327000.0,84354000.0,1.000,268435456.0,0.000,0,0,268435456,1,1,1,0,1,1
3,chain3,f32,67108864,glibc_t1,P5,8,0,1,440822278.00,196611.0000,0.0000,116393000.0,324403000.0,3.000,805306368.0,0.000,0,0,805306368,3,0,0,0,1,1
3,chain3,f32,67108864,glibc_t1,P6,8,1,1,233038768.00,65537.0000,0.0000,124472000.0,108516000.0,1.000,268435456.0,0.000,0,0,268435456,1,2,0,0,1,1
3,chain3,f32,67108864,glibc_t1,P7,8,2,1,207031301.00,65537.0000,0.0000,95485000.0,111498000.0,1.000,268435456.0,0.000,0,0,268435456,1,1,1,0,1,1
3,chain3,f32,67108864,glibc_t1,FIXED_TWIN,8,3,1,224688136.00,65537.0000,0.0000,124051000.0,100055000.0,1.000,268435456.0,0.000,0,0,268435456,1,1,1,0,1,1
3,chain3,f32,67108864,glibc_t1,P6,9,0,1,232225001.00,65537.0000,0.0000,140112000.0,92120000.0,1.000,268435456.0,0.000,0,0,268435456,1,2,0,0,1,1
3,chain3,f32,67108864,glibc_t1,P7,9,1,1,205213391.00,65537.0000,0.0000,108585000.0,96635000.0,1.000,268435456.0,0.000,0,0,268435456,1,1,1,0,1,1
3,chain3,f32,67108864,glibc_t1,FIXED_TWIN,9,2,1,211875702.00,65537.0000,0.0000,123870000.0,87891000.0,1.000,268435456.0,0.000,0,0,268435456,1,1,1,0,1,1
3,chain3,f32,67108864,glibc_t1,P5,9,3,1,451786657.00,196611.0000,0.0000,171875000.0,279841000.0,3.000,805306368.0,0.000,0,0,805306368,3,0,0,0,1,1
3,chain3,f32,67108864,glibc_t1,P7,10,0,1,212200637.00,65537.0000,0.0000,104040000.0,108081000.0,1.000,268435456.0,0.000,0,0,268435456,1,1,1,0,1,1
3,chain3,f32,67108864,glibc_t1,FIXED_TWIN,10,1,1,210978088.00,65537.0000,0.0000,91504000.0,119471000.0,1.000,268435456.0,0.000,0,0,268435456,1,1,1,0,1,1
3,chain3,f32,67108864,glibc_t1,P5,10,2,1,447674723.00,196611.0000,0.0000,127807000.0,319794000.0,3.000,805306368.0,0.000,0,0,805306368,3,0,0,0,1,1
3,chain3,f32,67108864,glibc_t1,P6,10,3,1,238168590.00,65537.0000,0.0000,128992000.0,109138000.0,1.000,268435456.0,0.000,0,0,268435456,1,2,0,0,1,1
3,chain3,f32,67108864,glibc_t1,FIXED_TWIN,11,0,1,209186308.00,65537.0000,0.0000,116527000.0,92610000.0,1.000,268435456.0,0.000,0,0,268435456,1,1,1,0,1,1
3,chain3,f32,67108864,glibc_t1,P5,11,1,1,447710675.00,196611.0000,0.0000,135851000.0,311777000.0,3.000,805306368.0,0.000,0,0,805306368,3,0,0,0,1,1
3,chain3,f32,67108864,glibc_t1,P6,11,2,1,236822874.00,65537.0000,0.0000,156367000.0,80405000.0,1.000,268435456.0,0.000,0,0,268435456,1,2,0,0,1,1
3,chain3,f32,67108864,glibc_t1,P7,11,3,1,209310637.00,65537.0000,0.0000,116614000.0,92691000.0,1.000,268435456.0,0.000,0,0,268435456,1,1,1,0,1,1
3,chain3,f32,67108864,glibc_t1,P5,12,0,1,452044373.00,196611.0000,0.0000,136005000.0,316009000.0,3.000,805306368.0,0.000,0,0,805306368,3,0,0,0,1,1
3,chain3,f32,67108864,glibc_t1,P6,12,1,1,233425403.00,65537.0000,0.0000,148679000.0,84754000.0,1.000,268435456.0,0.000,0,0,268435456,1,2,0,0,1,1
3,chain3,f32,67108864,glibc_t1,P7,12,2,1,209752067.00,65537.0000,0.0000,88834000.0,120926000.0,1.000,268435456.0,0.000,0,0,268435456,1,1,1,0,1,1
3,chain3,f32,67108864,glibc_t1,FIXED_TWIN,12,3,1,227602974.00,65537.0000,0.0000,127528000.0,99478000.0,1.000,268435456.0,0.000,0,0,268435456,1,1,1,0,1,1
3,chain3,f32,67108864,glibc_t1,P6,13,0,1,231473100.00,65537.0000,0.0000,127722000.0,103726000.0,1.000,268435456.0,0.000,0,0,268435456,1,2,0,0,1,1
3,chain3,f32,67108864,glibc_t1,P7,13,1,1,203846395.00,65537.0000,0.0000,103930000.0,99922000.0,1.000,268435456.0,0.000,0,0,268435456,1,1,1,0,1,1
3,chain3,f32,67108864,glibc_t1,FIXED_TWIN,13,2,1,211487761.00,65537.0000,0.0000,119760000.0,91736000.0,1.000,268435456.0,0.000,0,0,268435456,1,1,1,0,1,1
3,chain3,f32,67108864,glibc_t1,P5,13,3,1,450656058.00,196611.0000,0.0000,135362000.0,315289000.0,3.000,805306368.0,0.000,0,0,805306368,3,0,0,0,1,1
3,chain3,f32,67108864,glibc_t1,P7,14,0,1,207642089.00,65537.0000,0.0000,119834000.0,87806000.0,1.000,268435456.0,0.000,0,0,268435456,1,1,1,0,1,1
3,chain3,f32,67108864,glibc_t1,FIXED_TWIN,14,1,1,212866026.00,65537.0000,0.0000,108324000.0,104361000.0,1.000,268435456.0,0.000,0,0,268435456,1,1,1,0,1,1
3,chain3,f32,67108864,glibc_t1,P5,14,2,1,460492365.00,196611.0000,0.0000,110291000.0,350074000.0,3.000,805306368.0,0.000,0,0,805306368,3,0,0,0,1,1
3,chain3,f32,67108864,glibc_t1,P6,14,3,1,230400044.00,65537.0000,0.0000,137116000.0,93246000.0,1.000,268435456.0,0.000,0,0,268435456,1,2,0,0,1,1
3,chain4,f32,64,glibc_t1,P5,0,0,1000,491.74,0.0000,0.0000,234.0,261.0,4.000,1024.0,0.000,0,0,256768,4,0,0,0,1,1
3,chain4,f32,64,glibc_t1,P6,0,1,1000,404.66,0.0000,0.0000,191.0,214.0,1.000,256.0,0.000,0,0,256000,1,3,0,0,1,1
3,chain4,f32,64,glibc_t1,P7,0,2,1000,400.87,0.0000,0.0000,190.0,212.0,1.000,256.0,0.000,0,0,256000,1,2,1,0,1,1
3,chain4,f32,64,glibc_t1,FIXED_TWIN,0,3,1000,381.48,0.0000,0.0000,181.0,201.0,1.000,256.0,0.000,0,0,256000,1,2,1,0,1,1
3,chain4,f32,64,glibc_t1,P6,1,0,1000,400.92,0.0000,0.0000,401.0,0.0,1.000,256.0,0.000,0,0,256000,1,3,0,0,1,1
3,chain4,f32,64,glibc_t1,P7,1,1,1000,379.08,0.0000,0.0000,379.0,0.0,1.000,256.0,0.000,0,0,256000,1,2,1,0,1,1
3,chain4,f32,64,glibc_t1,FIXED_TWIN,1,2,1000,390.73,0.0000,0.0000,392.0,0.0,1.000,256.0,0.000,0,0,256000,1,2,1,0,1,1
3,chain4,f32,64,glibc_t1,P5,1,3,1000,453.24,0.0000,0.0000,454.0,0.0,4.000,1024.0,0.000,0,0,256768,4,0,0,0,1,1
3,chain4,f32,64,glibc_t1,P7,2,0,1000,382.57,0.0000,0.0000,383.0,0.0,1.000,256.0,0.000,0,0,256000,1,2,1,0,1,1
3,chain4,f32,64,glibc_t1,FIXED_TWIN,2,1,1000,393.39,0.0000,0.0000,394.0,0.0,1.000,256.0,0.000,0,0,256000,1,2,1,0,1,1
3,chain4,f32,64,glibc_t1,P5,2,2,1000,464.53,0.0000,0.0000,465.0,0.0,4.000,1024.0,0.000,0,0,256768,4,0,0,0,1,1
3,chain4,f32,64,glibc_t1,P6,2,3,1000,389.78,0.0000,0.0000,391.0,0.0,1.000,256.0,0.000,0,0,256000,1,3,0,0,1,1
3,chain4,f32,64,glibc_t1,FIXED_TWIN,3,0,1000,380.87,0.0000,0.0000,382.0,0.0,1.000,256.0,0.000,0,0,256000,1,2,1,0,1,1
3,chain4,f32,64,glibc_t1,P5,3,1,1000,466.71,0.0000,0.0000,468.0,0.0,4.000,1024.0,0.000,0,0,256768,4,0,0,0,1,1
3,chain4,f32,64,glibc_t1,P6,3,2,1000,389.27,0.0000,0.0000,390.0,0.0,1.000,256.0,0.000,0,0,256000,1,3,0,0,1,1
3,chain4,f32,64,glibc_t1,P7,3,3,1000,380.05,0.0000,0.0000,380.0,0.0,1.000,256.0,0.000,0,0,256000,1,2,1,0,1,1
3,chain4,f32,64,glibc_t1,P5,4,0,1000,474.63,0.0000,0.0000,475.0,0.0,4.000,1024.0,0.000,0,0,256768,4,0,0,0,1,1
3,chain4,f32,64,glibc_t1,P6,4,1,1000,400.51,0.0000,0.0000,401.0,0.0,1.000,256.0,0.000,0,0,256000,1,3,0,0,1,1
3,chain4,f32,64,glibc_t1,P7,4,2,1000,400.57,0.0000,0.0000,402.0,0.0,1.000,256.0,0.000,0,0,256000,1,2,1,0,1,1
3,chain4,f32,64,glibc_t1,FIXED_TWIN,4,3,1000,416.04,0.0000,0.0000,417.0,0.0,1.000,256.0,0.000,0,0,256000,1,2,1,0,1,1
3,chain4,f32,64,glibc_t1,P6,5,0,1000,421.90,0.0000,0.0000,423.0,0.0,1.000,256.0,0.000,0,0,256000,1,3,0,0,1,1
3,chain4,f32,64,glibc_t1,P7,5,1,1000,405.43,0.0000,0.0000,406.0,0.0,1.000,256.0,0.000,0,0,256000,1,2,1,0,1,1
3,chain4,f32,64,glibc_t1,FIXED_TWIN,5,2,1000,411.40,0.0000,0.0000,412.0,0.0,1.000,256.0,0.000,0,0,256000,1,2,1,0,1,1
3,chain4,f32,64,glibc_t1,P5,5,3,1000,524.05,0.0000,0.0000,524.0,0.0,4.000,1024.0,0.000,0,0,256768,4,0,0,0,1,1
3,chain4,f32,64,glibc_t1,P7,6,0,1000,403.42,0.0000,0.0000,404.0,0.0,1.000,256.0,0.000,0,0,256000,1,2,1,0,1,1
3,chain4,f32,64,glibc_t1,FIXED_TWIN,6,1,1000,410.63,0.0000,0.0000,411.0,0.0,1.000,256.0,0.000,0,0,256000,1,2,1,0,1,1
3,chain4,f32,64,glibc_t1,P5,6,2,1000,491.06,0.0000,0.0000,492.0,0.0,4.000,1024.0,0.000,0,0,256768,4,0,0,0,1,1
3,chain4,f32,64,glibc_t1,P6,6,3,1000,409.16,0.0000,0.0000,410.0,0.0,1.000,256.0,0.000,0,0,256000,1,3,0,0,1,1
3,chain4,f32,64,glibc_t1,FIXED_TWIN,7,0,1000,438.42,0.0000,0.0000,439.0,0.0,1.000,256.0,0.000,0,0,256000,1,2,1,0,1,1
3,chain4,f32,64,glibc_t1,P5,7,1,1000,496.29,0.0000,0.0000,497.0,0.0,4.000,1024.0,0.000,0,0,256768,4,0,0,0,1,1
3,chain4,f32,64,glibc_t1,P6,7,2,1000,425.73,0.0000,0.0000,427.0,0.0,1.000,256.0,0.000,0,0,256000,1,3,0,0,1,1
3,chain4,f32,64,glibc_t1,P7,7,3,1000,403.53,0.0000,0.0000,404.0,0.0,1.000,256.0,0.000,0,0,256000,1,2,1,0,1,1
3,chain4,f32,64,glibc_t1,P5,8,0,1000,484.84,0.0000,0.0000,486.0,0.0,4.000,1024.0,0.000,0,0,256768,4,0,0,0,1,1
3,chain4,f32,64,glibc_t1,P6,8,1,1000,414.22,0.0000,0.0000,415.0,0.0,1.000,256.0,0.000,0,0,256000,1,3,0,0,1,1
3,chain4,f32,64,glibc_t1,P7,8,2,1000,401.20,0.0000,0.0000,402.0,0.0,1.000,256.0,0.000,0,0,256000,1,2,1,0,1,1
3,chain4,f32,64,glibc_t1,FIXED_TWIN,8,3,1000,399.36,0.0000,0.0000,400.0,0.0,1.000,256.0,0.000,0,0,256000,1,2,1,0,1,1
3,chain4,f32,64,glibc_t1,P6,9,0,1000,457.68,0.0000,0.0000,439.0,0.0,1.000,256.0,0.000,0,0,256000,1,3,0,0,1,1
3,chain4,f32,64,glibc_t1,P7,9,1,1000,395.85,0.0000,0.0000,396.0,0.0,1.000,256.0,0.000,0,0,256000,1,2,1,0,1,1
3,chain4,f32,64,glibc_t1,FIXED_TWIN,9,2,1000,412.17,0.0000,0.0000,413.0,0.0,1.000,256.0,0.000,0,0,256000,1,2,1,0,1,1
3,chain4,f32,64,glibc_t1,P5,9,3,1000,494.37,0.0000,0.0000,495.0,0.0,4.000,1024.0,0.000,0,0,256768,4,0,0,0,1,1
3,chain4,f32,64,glibc_t1,P7,10,0,1000,421.62,0.0000,0.0000,422.0,0.0,1.000,256.0,0.000,0,0,256000,1,2,1,0,1,1
3,chain4,f32,64,glibc_t1,FIXED_TWIN,10,1,1000,401.27,0.0000,0.0000,402.0,0.0,1.000,256.0,0.000,0,0,256000,1,2,1,0,1,1
3,chain4,f32,64,glibc_t1,P5,10,2,1000,490.67,0.0000,0.0000,491.0,0.0,4.000,1024.0,0.000,0,0,256768,4,0,0,0,1,1
3,chain4,f32,64,glibc_t1,P6,10,3,1000,418.49,0.0000,0.0000,419.0,0.0,1.000,256.0,0.000,0,0,256000,1,3,0,0,1,1
3,chain4,f32,64,glibc_t1,FIXED_TWIN,11,0,1000,439.85,0.0000,0.0000,441.0,0.0,1.000,256.0,0.000,0,0,256000,1,2,1,0,1,1
3,chain4,f32,64,glibc_t1,P5,11,1,1000,476.55,0.0000,0.0000,477.0,0.0,4.000,1024.0,0.000,0,0,256768,4,0,0,0,1,1
3,chain4,f32,64,glibc_t1,P6,11,2,1000,410.34,0.0000,0.0000,411.0,0.0,1.000,256.0,0.000,0,0,256000,1,3,0,0,1,1
3,chain4,f32,64,glibc_t1,P7,11,3,1000,403.36,0.0000,0.0000,404.0,0.0,1.000,256.0,0.000,0,0,256000,1,2,1,0,1,1
3,chain4,f32,64,glibc_t1,P5,12,0,1000,519.16,0.0000,0.0000,520.0,0.0,4.000,1024.0,0.000,0,0,256768,4,0,0,0,1,1
3,chain4,f32,64,glibc_t1,P6,12,1,1000,415.06,0.0000,0.0000,416.0,0.0,1.000,256.0,0.000,0,0,256000,1,3,0,0,1,1
3,chain4,f32,64,glibc_t1,P7,12,2,1000,408.41,0.0000,0.0000,410.0,0.0,1.000,256.0,0.000,0,0,256000,1,2,1,0,1,1
3,chain4,f32,64,glibc_t1,FIXED_TWIN,12,3,1000,404.25,0.0000,0.0000,404.0,0.0,1.000,256.0,0.000,0,0,256000,1,2,1,0,1,1
3,chain4,f32,64,glibc_t1,P6,13,0,1000,441.14,0.0000,0.0000,441.0,0.0,1.000,256.0,0.000,0,0,256000,1,3,0,0,1,1
3,chain4,f32,64,glibc_t1,P7,13,1,1000,386.35,0.0000,0.0000,387.0,0.0,1.000,256.0,0.000,0,0,256000,1,2,1,0,1,1
3,chain4,f32,64,glibc_t1,FIXED_TWIN,13,2,1000,393.37,0.0000,0.0000,394.0,0.0,1.000,256.0,0.000,0,0,256000,1,2,1,0,1,1
3,chain4,f32,64,glibc_t1,P5,13,3,1000,452.74,0.0000,0.0000,454.0,0.0,4.000,1024.0,0.000,0,0,256768,4,0,0,0,1,1
3,chain4,f32,64,glibc_t1,P7,14,0,1000,403.68,0.0000,0.0000,404.0,0.0,1.000,256.0,0.000,0,0,256000,1,2,1,0,1,1
3,chain4,f32,64,glibc_t1,FIXED_TWIN,14,1,1000,382.74,0.0000,0.0000,384.0,0.0,1.000,256.0,0.000,0,0,256000,1,2,1,0,1,1
3,chain4,f32,64,glibc_t1,P5,14,2,1000,477.87,0.0000,0.0000,478.0,0.0,4.000,1024.0,0.000,0,0,256768,4,0,0,0,1,1
3,chain4,f32,64,glibc_t1,P6,14,3,1000,415.58,0.0000,0.0000,417.0,0.0,1.000,256.0,0.000,0,0,256000,1,3,0,0,1,1
3,chain4,f32,1024,glibc_t1,P5,0,0,1000,888.59,0.0000,0.0000,892.0,0.0,4.000,16384.0,0.000,0,0,4108288,4,0,0,0,1,1
3,chain4,f32,1024,glibc_t1,P6,0,1,1000,929.15,0.0000,0.0000,938.0,0.0,1.000,4096.0,0.000,0,0,4096000,1,3,0,0,1,1
3,chain4,f32,1024,glibc_t1,P7,0,2,1000,757.17,0.0000,0.0000,760.0,0.0,1.000,4096.0,0.000,0,0,4096000,1,2,1,0,1,1
3,chain4,f32,1024,glibc_t1,FIXED_TWIN,0,3,1000,765.83,0.0000,0.0000,768.0,0.0,1.000,4096.0,0.000,0,0,4096000,1,2,1,0,1,1
3,chain4,f32,1024,glibc_t1,P6,1,0,1000,983.01,0.0000,0.0000,984.0,0.0,1.000,4096.0,0.000,0,0,4096000,1,3,0,0,1,1
3,chain4,f32,1024,glibc_t1,P7,1,1,1000,787.48,0.0000,0.0000,789.0,0.0,1.000,4096.0,0.000,0,0,4096000,1,2,1,0,1,1
3,chain4,f32,1024,glibc_t1,FIXED_TWIN,1,2,1000,824.94,0.0000,0.0000,834.0,0.0,1.000,4096.0,0.000,0,0,4096000,1,2,1,0,1,1
3,chain4,f32,1024,glibc_t1,P5,1,3,1000,917.85,0.0000,0.0000,919.0,0.0,4.000,16384.0,0.000,0,0,4108288,4,0,0,0,1,1
3,chain4,f32,1024,glibc_t1,P7,2,0,1000,806.58,0.0000,0.0000,809.0,0.0,1.000,4096.0,0.000,0,0,4096000,1,2,1,0,1,1
3,chain4,f32,1024,glibc_t1,FIXED_TWIN,2,1,1000,817.52,0.0000,0.0000,819.0,0.0,1.000,4096.0,0.000,0,0,4096000,1,2,1,0,1,1
3,chain4,f32,1024,glibc_t1,P5,2,2,1000,942.48,0.0000,0.0000,945.0,0.0,4.000,16384.0,0.000,0,0,4108288,4,0,0,0,1,1
3,chain4,f32,1024,glibc_t1,P6,2,3,1000,948.05,0.0000,0.0000,950.0,0.0,1.000,4096.0,0.000,0,0,4096000,1,3,0,0,1,1
3,chain4,f32,1024,glibc_t1,FIXED_TWIN,3,0,1000,834.52,0.0000,0.0000,837.0,0.0,1.000,4096.0,0.000,0,0,4096000,1,2,1,0,1,1
3,chain4,f32,1024,glibc_t1,P5,3,1,1000,928.69,0.0000,0.0000,931.0,0.0,4.000,16384.0,0.000,0,0,4108288,4,0,0,0,1,1
3,chain4,f32,1024,glibc_t1,P6,3,2,1000,851.47,0.0000,0.0000,853.0,0.0,1.000,4096.0,0.000,0,0,4096000,1,3,0,0,1,1
3,chain4,f32,1024,glibc_t1,P7,3,3,1000,786.05,0.0000,0.0000,788.0,0.0,1.000,4096.0,0.000,0,0,4096000,1,2,1,0,1,1
3,chain4,f32,1024,glibc_t1,P5,4,0,1000,909.50,0.0000,0.0000,910.0,0.0,4.000,16384.0,0.000,0,0,4108288,4,0,0,0,1,1
3,chain4,f32,1024,glibc_t1,P6,4,1,1000,938.89,0.0000,0.0000,940.0,0.0,1.000,4096.0,0.000,0,0,4096000,1,3,0,0,1,1
3,chain4,f32,1024,glibc_t1,P7,4,2,1000,756.18,0.0000,0.0000,757.0,0.0,1.000,4096.0,0.000,0,0,4096000,1,2,1,0,1,1
3,chain4,f32,1024,glibc_t1,FIXED_TWIN,4,3,1000,764.73,0.0000,0.0000,767.0,0.0,1.000,4096.0,0.000,0,0,4096000,1,2,1,0,1,1
3,chain4,f32,1024,glibc_t1,P6,5,0,1000,891.06,0.0000,0.0000,904.0,0.0,1.000,4096.0,0.000,0,0,4096000,1,3,0,0,1,1
3,chain4,f32,1024,glibc_t1,P7,5,1,1000,773.21,0.0000,0.0000,776.0,0.0,1.000,4096.0,0.000,0,0,4096000,1,2,1,0,1,1
3,chain4,f32,1024,glibc_t1,FIXED_TWIN,5,2,1000,775.49,0.0000,0.0000,777.0,0.0,1.000,4096.0,0.000,0,0,4096000,1,2,1,0,1,1
3,chain4,f32,1024,glibc_t1,P5,5,3,1000,900.56,0.0000,0.0000,902.0,0.0,4.000,16384.0,0.000,0,0,4108288,4,0,0,0,1,1
3,chain4,f32,1024,glibc_t1,P7,6,0,1000,818.30,0.0000,0.0000,820.0,0.0,1.000,4096.0,0.000,0,0,4096000,1,2,1,0,1,1
3,chain4,f32,1024,glibc_t1,FIXED_TWIN,6,1,1000,772.97,0.0000,0.0000,775.0,0.0,1.000,4096.0,0.000,0,0,4096000,1,2,1,0,1,1
3,chain4,f32,1024,glibc_t1,P5,6,2,1000,909.64,0.0000,0.0000,911.0,0.0,4.000,16384.0,0.000,0,0,4108288,4,0,0,0,1,1
3,chain4,f32,1024,glibc_t1,P6,6,3,1000,878.86,0.0000,0.0000,880.0,0.0,1.000,4096.0,0.000,0,0,4096000,1,3,0,0,1,1
3,chain4,f32,1024,glibc_t1,FIXED_TWIN,7,0,1000,796.72,0.0000,0.0000,799.0,0.0,1.000,4096.0,0.000,0,0,4096000,1,2,1,0,1,1
3,chain4,f32,1024,glibc_t1,P5,7,1,1000,907.96,0.0000,0.0000,910.0,0.0,4.000,16384.0,0.000,0,0,4108288,4,0,0,0,1,1
3,chain4,f32,1024,glibc_t1,P6,7,2,1000,897.32,0.0000,0.0000,899.0,0.0,1.000,4096.0,0.000,0,0,4096000,1,3,0,0,1,1
3,chain4,f32,1024,glibc_t1,P7,7,3,1000,766.91,0.0000,0.0000,769.0,0.0,1.000,4096.0,0.000,0,0,4096000,1,2,1,0,1,1
3,chain4,f32,1024,glibc_t1,P5,8,0,1000,944.42,0.0000,0.0000,945.0,0.0,4.000,16384.0,0.000,0,0,4108288,4,0,0,0,1,1
3,chain4,f32,1024,glibc_t1,P6,8,1,1000,873.92,0.0000,0.0000,875.0,0.0,1.000,4096.0,0.000,0,0,4096000,1,3,0,0,1,1
3,chain4,f32,1024,glibc_t1,P7,8,2,1000,769.58,0.0000,0.0000,772.0,0.0,1.000,4096.0,0.000,0,0,4096000,1,2,1,0,1,1
3,chain4,f32,1024,glibc_t1,FIXED_TWIN,8,3,1000,762.94,0.0000,0.0000,765.0,0.0,1.000,4096.0,0.000,0,0,4096000,1,2,1,0,1,1
3,chain4,f32,1024,glibc_t1,P6,9,0,1000,924.52,0.0000,0.0000,928.0,0.0,1.000,4096.0,0.000,0,0,4096000,1,3,0,0,1,1
3,chain4,f32,1024,glibc_t1,P7,9,1,1000,772.52,0.0000,0.0000,774.0,0.0,1.000,4096.0,0.000,0,0,4096000,1,2,1,0,1,1
3,chain4,f32,1024,glibc_t1,FIXED_TWIN,9,2,1000,744.73,0.0000,0.0000,747.0,0.0,1.000,4096.0,0.000,0,0,4096000,1,2,1,0,1,1
3,chain4,f32,1024,glibc_t1,P5,9,3,1000,912.56,0.0000,0.0000,914.0,0.0,4.000,16384.0,0.000,0,0,4108288,4,0,0,0,1,1
3,chain4,f32,1024,glibc_t1,P7,10,0,1000,824.04,0.0000,0.0000,825.0,0.0,1.000,4096.0,0.000,0,0,4096000,1,2,1,0,1,1
3,chain4,f32,1024,glibc_t1,FIXED_TWIN,10,1,1000,791.76,0.0000,0.0000,794.0,0.0,1.000,4096.0,0.000,0,0,4096000,1,2,1,0,1,1
3,chain4,f32,1024,glibc_t1,P5,10,2,1000,919.43,0.0000,0.0000,922.0,0.0,4.000,16384.0,0.000,0,0,4108288,4,0,0,0,1,1
3,chain4,f32,1024,glibc_t1,P6,10,3,1000,916.38,0.0000,0.0000,918.0,0.0,1.000,4096.0,0.000,0,0,4096000,1,3,0,0,1,1
3,chain4,f32,1024,glibc_t1,FIXED_TWIN,11,0,1000,792.02,0.0000,0.0000,793.0,0.0,1.000,4096.0,0.000,0,0,4096000,1,2,1,0,1,1
3,chain4,f32,1024,glibc_t1,P5,11,1,1000,922.98,0.0000,0.0000,925.0,0.0,4.000,16384.0,0.000,0,0,4108288,4,0,0,0,1,1
3,chain4,f32,1024,glibc_t1,P6,11,2,1000,882.74,0.0000,0.0000,884.0,0.0,1.000,4096.0,0.000,0,0,4096000,1,3,0,0,1,1
3,chain4,f32,1024,glibc_t1,P7,11,3,1000,806.56,0.0000,0.0000,808.0,0.0,1.000,4096.0,0.000,0,0,4096000,1,2,1,0,1,1
3,chain4,f32,1024,glibc_t1,P5,12,0,1000,904.40,0.0000,0.0000,906.0,0.0,4.000,16384.0,0.000,0,0,4108288,4,0,0,0,1,1
3,chain4,f32,1024,glibc_t1,P6,12,1,1000,876.57,0.0000,0.0000,878.0,0.0,1.000,4096.0,0.000,0,0,4096000,1,3,0,0,1,1
3,chain4,f32,1024,glibc_t1,P7,12,2,1000,781.55,0.0000,0.0000,783.0,0.0,1.000,4096.0,0.000,0,0,4096000,1,2,1,0,1,1
3,chain4,f32,1024,glibc_t1,FIXED_TWIN,12,3,1000,822.06,0.0000,0.0000,824.0,0.0,1.000,4096.0,0.000,0,0,4096000,1,2,1,0,1,1
3,chain4,f32,1024,glibc_t1,P6,13,0,1000,948.04,0.0000,0.0000,950.0,0.0,1.000,4096.0,0.000,0,0,4096000,1,3,0,0,1,1
3,chain4,f32,1024,glibc_t1,P7,13,1,1000,777.93,0.0000,0.0000,781.0,0.0,1.000,4096.0,0.000,0,0,4096000,1,2,1,0,1,1
3,chain4,f32,1024,glibc_t1,FIXED_TWIN,13,2,1000,810.33,0.0000,0.0000,812.0,0.0,1.000,4096.0,0.000,0,0,4096000,1,2,1,0,1,1
3,chain4,f32,1024,glibc_t1,P5,13,3,1000,948.64,0.0000,0.0000,950.0,0.0,4.000,16384.0,0.000,0,0,4108288,4,0,0,0,1,1
3,chain4,f32,1024,glibc_t1,P7,14,0,1000,776.70,0.0000,0.0000,779.0,0.0,1.000,4096.0,0.000,0,0,4096000,1,2,1,0,1,1
3,chain4,f32,1024,glibc_t1,FIXED_TWIN,14,1,1000,866.70,0.0000,0.0000,874.0,0.0,1.000,4096.0,0.000,0,0,4096000,1,2,1,0,1,1
3,chain4,f32,1024,glibc_t1,P5,14,2,1000,919.98,0.0000,0.0000,922.0,0.0,4.000,16384.0,0.000,0,0,4108288,4,0,0,0,1,1
3,chain4,f32,1024,glibc_t1,P6,14,3,1000,960.81,0.0000,0.0000,963.0,0.0,1.000,4096.0,0.000,0,0,4096000,1,3,0,0,1,1
3,chain4,f32,4096,glibc_t1,P5,0,0,1,2980.00,0.0000,0.0000,5000.0,0.0,4.000,65536.0,0.000,0,0,65536,4,0,0,0,1,1
3,chain4,f32,4096,glibc_t1,P6,0,1,1,2467.00,0.0000,0.0000,3000.0,0.0,1.000,16384.0,0.000,0,0,16384,1,3,0,0,1,1
3,chain4,f32,4096,glibc_t1,P7,0,2,1,2427.00,0.0000,0.0000,3000.0,0.0,1.000,16384.0,0.000,0,0,16384,1,2,1,0,1,1
3,chain4,f32,4096,glibc_t1,FIXED_TWIN,0,3,1,2211.00,0.0000,0.0000,3000.0,0.0,1.000,16384.0,0.000,0,0,16384,1,2,1,0,1,1
3,chain4,f32,4096,glibc_t1,P6,1,0,1,2462.00,0.0000,0.0000,3000.0,0.0,1.000,16384.0,0.000,0,0,16384,1,3,0,0,1,1
3,chain4,f32,4096,glibc_t1,P7,1,1,1,2221.00,0.0000,0.0000,2000.0,0.0,1.000,16384.0,0.000,0,0,16384,1,2,1,0,1,1
3,chain4,f32,4096,glibc_t1,FIXED_TWIN,1,2,1,2121.00,0.0000,0.0000,2000.0,0.0,1.000,16384.0,0.000,0,0,16384,1,2,1,0,1,1
3,chain4,f32,4096,glibc_t1,P5,1,3,1,2937.00,0.0000,0.0000,3000.0,0.0,4.000,65536.0,0.000,0,0,65536,4,0,0,0,1,1
3,chain4,f32,4096,glibc_t1,P7,2,0,1,2205.00,0.0000,0.0000,3000.0,0.0,1.000,16384.0,0.000,0,0,16384,1,2,1,0,1,1
3,chain4,f32,4096,glibc_t1,FIXED_TWIN,2,1,1,2368.00,0.0000,0.0000,2000.0,0.0,1.000,16384.0,0.000,0,0,16384,1,2,1,0,1,1
3,chain4,f32,4096,glibc_t1,P5,2,2,1,2785.00,0.0000,0.0000,4000.0,0.0,4.000,65536.0,0.000,0,0,65536,4,0,0,0,1,1
3,chain4,f32,4096,glibc_t1,P6,2,3,1,2383.00,0.0000,0.0000,2000.0,0.0,1.000,16384.0,0.000,0,0,16384,1,3,0,0,1,1
3,chain4,f32,4096,glibc_t1,FIXED_TWIN,3,0,1,2171.00,0.0000,0.0000,3000.0,0.0,1.000,16384.0,0.000,0,0,16384,1,2,1,0,1,1
3,chain4,f32,4096,glibc_t1,P5,3,1,1,2814.00,0.0000,0.0000,3000.0,0.0,4.000,65536.0,0.000,0,0,65536,4,0,0,0,1,1
3,chain4,f32,4096,glibc_t1,P6,3,2,1,2386.00,0.0000,0.0000,3000.0,0.0,1.000,16384.0,0.000,0,0,16384,1,3,0,0,1,1
3,chain4,f32,4096,glibc_t1,P7,3,3,1,2191.00,0.0000,0.0000,3000.0,0.0,1.000,16384.0,0.000,0,0,16384,1,2,1,0,1,1
3,chain4,f32,4096,glibc_t1,P5,4,0,1,2826.00,0.0000,0.0000,3000.0,0.0,4.000,65536.0,0.000,0,0,65536,4,0,0,0,1,1
3,chain4,f32,4096,glibc_t1,P6,4,1,1,2379.00,0.0000,0.0000,3000.0,0.0,1.000,16384.0,0.000,0,0,16384,1,3,0,0,1,1
3,chain4,f32,4096,glibc_t1,P7,4,2,1,2190.00,0.0000,0.0000,2000.0,0.0,1.000,16384.0,0.000,0,0,16384,1,2,1,0,1,1
3,chain4,f32,4096,glibc_t1,FIXED_TWIN,4,3,1,2174.00,0.0000,0.0000,2000.0,0.0,1.000,16384.0,0.000,0,0,16384,1,2,1,0,1,1
3,chain4,f32,4096,glibc_t1,P6,5,0,1,2314.00,0.0000,0.0000,3000.0,0.0,1.000,16384.0,0.000,0,0,16384,1,3,0,0,1,1
3,chain4,f32,4096,glibc_t1,P7,5,1,1,2194.00,0.0000,0.0000,3000.0,0.0,1.000,16384.0,0.000,0,0,16384,1,2,1,0,1,1
3,chain4,f32,4096,glibc_t1,FIXED_TWIN,5,2,1,2387.00,0.0000,0.0000,2000.0,0.0,1.000,16384.0,0.000,0,0,16384,1,2,1,0,1,1
3,chain4,f32,4096,glibc_t1,P5,5,3,1,8064.00,0.0000,0.0000,8000.0,0.0,4.000,65536.0,0.000,0,0,65536,4,0,0,0,1,1
3,chain4,f32,4096,glibc_t1,P7,6,0,1,2122.00,0.0000,0.0000,3000.0,0.0,1.000,16384.0,0.000,0,0,16384,1,2,1,0,1,1
3,chain4,f32,4096,glibc_t1,FIXED_TWIN,6,1,1,2260.00,0.0000,0.0000,3000.0,0.0,1.000,16384.0,0.000,0,0,16384,1,2,1,0,1,1
3,chain4,f32,4096,glibc_t1,P5,6,2,1,2821.00,0.0000,0.0000,3000.0,0.0,4.000,65536.0,0.000,0,0,65536,4,0,0,0,1,1
3,chain4,f32,4096,glibc_t1,P6,6,3,1,2384.00,0.0000,0.0000,3000.0,0.0,1.000,16384.0,0.000,0,0,16384,1,3,0,0,1,1
3,chain4,f32,4096,glibc_t1,FIXED_TWIN,7,0,1,2119.00,0.0000,0.0000,2000.0,0.0,1.000,16384.0,0.000,0,0,16384,1,2,1,0,1,1
3,chain4,f32,4096,glibc_t1,P5,7,1,1,2828.00,0.0000,0.0000,4000.0,0.0,4.000,65536.0,0.000,0,0,65536,4,0,0,0,1,1
3,chain4,f32,4096,glibc_t1,P6,7,2,1,2368.00,0.0000,0.0000,3000.0,0.0,1.000,16384.0,0.000,0,0,16384,1,3,0,0,1,1
3,chain4,f32,4096,glibc_t1,P7,7,3,1,2184.00,0.0000,0.0000,2000.0,0.0,1.000,16384.0,0.000,0,0,16384,1,2,1,0,1,1
3,chain4,f32,4096,glibc_t1,P5,8,0,1,2798.00,0.0000,0.0000,4000.0,0.0,4.000,65536.0,0.000,0,0,65536,4,0,0,0,1,1
3,chain4,f32,4096,glibc_t1,P6,8,1,1,2316.00,0.0000,0.0000,3000.0,0.0,1.000,16384.0,0.000,0,0,16384,1,3,0,0,1,1
3,chain4,f32,4096,glibc_t1,P7,8,2,1,2170.00,0.0000,0.0000,2000.0,0.0,1.000,16384.0,0.000,0,0,16384,1,2,1,0,1,1
3,chain4,f32,4096,glibc_t1,FIXED_TWIN,8,3,1,2167.00,0.0000,0.0000,3000.0,0.0,1.000,16384.0,0.000,0,0,16384,1,2,1,0,1,1
3,chain4,f32,4096,glibc_t1,P6,9,0,1,2375.00,0.0000,0.0000,3000.0,0.0,1.000,16384.0,0.000,0,0,16384,1,3,0,0,1,1
3,chain4,f32,4096,glibc_t1,P7,9,1,1,2168.00,0.0000,0.0000,2000.0,0.0,1.000,16384.0,0.000,0,0,16384,1,2,1,0,1,1
3,chain4,f32,4096,glibc_t1,FIXED_TWIN,9,2,1,2179.00,0.0000,0.0000,2000.0,0.0,1.000,16384.0,0.000,0,0,16384,1,2,1,0,1,1
3,chain4,f32,4096,glibc_t1,P5,9,3,1,2808.00,0.0000,0.0000,3000.0,0.0,4.000,65536.0,0.000,0,0,65536,4,0,0,0,1,1
3,chain4,f32,4096,glibc_t1,P7,10,0,1,2141.00,0.0000,0.0000,2000.0,0.0,1.000,16384.0,0.000,0,0,16384,1,2,1,0,1,1
3,chain4,f32,4096,glibc_t1,FIXED_TWIN,10,1,1,2146.00,0.0000,0.0000,2000.0,0.0,1.000,16384.0,0.000,0,0,16384,1,2,1,0,1,1
3,chain4,f32,4096,glibc_t1,P5,10,2,1,2818.00,0.0000,0.0000,3000.0,0.0,4.000,65536.0,0.000,0,0,65536,4,0,0,0,1,1
3,chain4,f32,4096,glibc_t1,P6,10,3,1,2360.00,0.0000,0.0000,2000.0,0.0,1.000,16384.0,0.000,0,0,16384,1,3,0,0,1,1
3,chain4,f32,4096,glibc_t1,FIXED_TWIN,11,0,1,2176.00,0.0000,0.0000,3000.0,0.0,1.000,16384.0,0.000,0,0,16384,1,2,1,0,1,1
3,chain4,f32,4096,glibc_t1,P5,11,1,1,2784.00,0.0000,0.0000,3000.0,0.0,4.000,65536.0,0.000,0,0,65536,4,0,0,0,1,1
3,chain4,f32,4096,glibc_t1,P6,11,2,1,2358.00,0.0000,0.0000,3000.0,0.0,1.000,16384.0,0.000,0,0,16384,1,3,0,0,1,1
3,chain4,f32,4096,glibc_t1,P7,11,3,1,2172.00,0.0000,0.0000,3000.0,0.0,1.000,16384.0,0.000,0,0,16384,1,2,1,0,1,1
3,chain4,f32,4096,glibc_t1,P5,12,0,1,2768.00,0.0000,0.0000,3000.0,0.0,4.000,65536.0,0.000,0,0,65536,4,0,0,0,1,1
3,chain4,f32,4096,glibc_t1,P6,12,1,1,2393.00,0.0000,0.0000,3000.0,0.0,1.000,16384.0,0.000,0,0,16384,1,3,0,0,1,1
3,chain4,f32,4096,glibc_t1,P7,12,2,1,2142.00,0.0000,0.0000,3000.0,0.0,1.000,16384.0,0.000,0,0,16384,1,2,1,0,1,1
3,chain4,f32,4096,glibc_t1,FIXED_TWIN,12,3,1,2165.00,0.0000,0.0000,3000.0,0.0,1.000,16384.0,0.000,0,0,16384,1,2,1,0,1,1
3,chain4,f32,4096,glibc_t1,P6,13,0,1,2439.00,0.0000,0.0000,3000.0,0.0,1.000,16384.0,0.000,0,0,16384,1,3,0,0,1,1
3,chain4,f32,4096,glibc_t1,P7,13,1,1,2172.00,0.0000,0.0000,3000.0,0.0,1.000,16384.0,0.000,0,0,16384,1,2,1,0,1,1
3,chain4,f32,4096,glibc_t1,FIXED_TWIN,13,2,1,2183.00,0.0000,0.0000,3000.0,0.0,1.000,16384.0,0.000,0,0,16384,1,2,1,0,1,1
3,chain4,f32,4096,glibc_t1,P5,13,3,1,2847.00,0.0000,0.0000,3000.0,0.0,4.000,65536.0,0.000,0,0,65536,4,0,0,0,1,1
3,chain4,f32,4096,glibc_t1,P7,14,0,1,2126.00,0.0000,0.0000,2000.0,0.0,1.000,16384.0,0.000,0,0,16384,1,2,1,0,1,1
3,chain4,f32,4096,glibc_t1,FIXED_TWIN,14,1,1,2112.00,0.0000,0.0000,2000.0,0.0,1.000,16384.0,0.000,0,0,16384,1,2,1,0,1,1
3,chain4,f32,4096,glibc_t1,P5,14,2,1,2764.00,0.0000,0.0000,4000.0,0.0,4.000,65536.0,0.000,0,0,65536,4,0,0,0,1,1
3,chain4,f32,4096,glibc_t1,P6,14,3,1,2342.00,0.0000,0.0000,3000.0,0.0,1.000,16384.0,0.000,0,0,16384,1,3,0,0,1,1
3,chain4,f32,16384,glibc_t1,P5,0,0,1,9426.00,0.0000,0.0000,10000.0,0.0,4.000,262144.0,0.000,0,0,262144,4,0,0,0,1,1
3,chain4,f32,16384,glibc_t1,P6,0,1,1,8892.00,0.0000,0.0000,9000.0,0.0,1.000,65536.0,0.000,0,0,65536,1,3,0,0,1,1
3,chain4,f32,16384,glibc_t1,P7,0,2,1,7765.00,0.0000,0.0000,8000.0,0.0,1.000,65536.0,0.000,0,0,65536,1,2,1,0,1,1
3,chain4,f32,16384,glibc_t1,FIXED_TWIN,0,3,1,11267.00,0.0000,0.0000,12000.0,0.0,1.000,65536.0,0.000,0,0,65536,1,2,1,0,1,1
3,chain4,f32,16384,glibc_t1,P6,1,0,1,8743.00,0.0000,0.0000,9000.0,0.0,1.000,65536.0,0.000,0,0,65536,1,3,0,0,1,1
3,chain4,f32,16384,glibc_t1,P7,1,1,1,10909.00,0.0000,0.0000,11000.0,0.0,1.000,65536.0,0.000,0,0,65536,1,2,1,0,1,1
3,chain4,f32,16384,glibc_t1,FIXED_TWIN,1,2,1,7714.00,0.0000,0.0000,8000.0,0.0,1.000,65536.0,0.000,0,0,65536,1,2,1,0,1,1
3,chain4,f32,16384,glibc_t1,P5,1,3,1,9336.00,0.0000,0.0000,9000.0,0.0,4.000,262144.0,0.000,0,0,262144,4,0,0,0,1,1
3,chain4,f32,16384,glibc_t1,P7,2,0,1,7676.00,0.0000,0.0000,9000.0,0.0,1.000,65536.0,0.000,0,0,65536,1,2,1,0,1,1
3,chain4,f32,16384,glibc_t1,FIXED_TWIN,2,1,1,7606.00,0.0000,0.0000,8000.0,0.0,1.000,65536.0,0.000,0,0,65536,1,2,1,0,1,1
3,chain4,f32,16384,glibc_t1,P5,2,2,1,9274.00,0.0000,0.0000,10000.0,0.0,4.000,262144.0,0.000,0,0,262144,4,0,0,0,1,1
3,chain4,f32,16384,glibc_t1,P6,2,3,1,8869.00,0.0000,0.0000,9000.0,0.0,1.000,65536.0,0.000,0,0,65536,1,3,0,0,1,1
3,chain4,f32,16384,glibc_t1,FIXED_TWIN,3,0,1,7587.00,0.0000,0.0000,8000.0,0.0,1.000,65536.0,0.000,0,0,65536,1,2,1,0,1,1
3,chain4,f32,16384,glibc_t1,P5,3,1,1,9206.00,0.0000,0.0000,10000.0,0.0,4.000,262144.0,0.000,0,0,262144,4,0,0,0,1,1
3,chain4,f32,16384,glibc_t1,P6,3,2,1,8730.00,0.0000,0.0000,9000.0,0.0,1.000,65536.0,0.000,0,0,65536,1,3,0,0,1,1
3,chain4,f32,16384,glibc_t1,P7,3,3,1,7720.00,0.0000,0.0000,8000.0,0.0,1.000,65536.0,0.000,0,0,65536,1,2,1,0,1,1
3,chain4,f32,16384,glibc_t1,P5,4,0,1,9186.00,0.0000,0.0000,9000.0,0.0,4.000,262144.0,0.000,0,0,262144,4,0,0,0,1,1
3,chain4,f32,16384,glibc_t1,P6,4,1,1,8707.00,0.0000,0.0000,9000.0,0.0,1.000,65536.0,0.000,0,0,65536,1,3,0,0,1,1
3,chain4,f32,16384,glibc_t1,P7,4,2,1,7622.00,0.0000,0.0000,8000.0,0.0,1.000,65536.0,0.000,0,0,65536,1,2,1,0,1,1
3,chain4,f32,16384,glibc_t1,FIXED_TWIN,4,3,1,27196.00,0.0000,0.0000,28000.0,0.0,1.000,65536.0,0.000,0,0,65536,1,2,1,0,1,1
3,chain4,f32,16384,glibc_t1,P6,5,0,1,9301.00,0.0000,0.0000,10000.0,0.0,1.000,65536.0,0.000,0,0,65536,1,3,0,0,1,1
3,chain4,f32,16384,glibc_t1,P7,5,1,1,7827.00,0.0000,0.0000,8000.0,0.0,1.000,65536.0,0.000,0,0,65536,1,2,1,0,1,1
3,chain4,f32,16384,glibc_t1,FIXED_TWIN,5,2,1,7661.00,0.0000,0.0000,8000.0,0.0,1.000,65536.0,0.000,0,0,65536,1,2,1,0,1,1
3,chain4,f32,16384,glibc_t1,P5,5,3,1,9703.00,0.0000,0.0000,10000.0,0.0,4.000,262144.0,0.000,0,0,262144,4,0,0,0,1,1
3,chain4,f32,16384,glibc_t1,P7,6,0,1,7985.00,0.0000,0.0000,8000.0,0.0,1.000,65536.0,0.000,0,0,65536,1,2,1,0,1,1
3,chain4,f32,16384,glibc_t1,FIXED_TWIN,6,1,1,7773.00,0.0000,0.0000,8000.0,0.0,1.000,65536.0,0.000,0,0,65536,1,2,1,0,1,1
3,chain4,f32,16384,glibc_t1,P5,6,2,1,9249.00,0.0000,0.0000,10000.0,0.0,4.000,262144.0,0.000,0,0,262144,4,0,0,0,1,1
3,chain4,f32,16384,glibc_t1,P6,6,3,1,8841.00,0.0000,0.0000,10000.0,0.0,1.000,65536.0,0.000,0,0,65536,1,3,0,0,1,1
3,chain4,f32,16384,glibc_t1,FIXED_TWIN,7,0,1,7654.00,0.0000,0.0000,9000.0,0.0,1.000,65536.0,0.000,0,0,65536,1,2,1,0,1,1
3,chain4,f32,16384,glibc_t1,P5,7,1,1,9221.00,0.0000,0.0000,10000.0,0.0,4.000,262144.0,0.000,0,0,262144,4,0,0,0,1,1
3,chain4,f32,16384,glibc_t1,P6,7,2,1,8866.00,0.0000,0.0000,9000.0,0.0,1.000,65536.0,0.000,0,0,65536,1,3,0,0,1,1
3,chain4,f32,16384,glibc_t1,P7,7,3,1,7703.00,0.0000,0.0000,8000.0,0.0,1.000,65536.0,0.000,0,0,65536,1,2,1,0,1,1
3,chain4,f32,16384,glibc_t1,P5,8,0,1,9212.00,0.0000,0.0000,9000.0,0.0,4.000,262144.0,0.000,0,0,262144,4,0,0,0,1,1
3,chain4,f32,16384,glibc_t1,P6,8,1,1,8714.00,0.0000,0.0000,10000.0,0.0,1.000,65536.0,0.000,0,0,65536,1,3,0,0,1,1
3,chain4,f32,16384,glibc_t1,P7,8,2,1,7623.00,0.0000,0.0000,8000.0,0.0,1.000,65536.0,0.000,0,0,65536,1,2,1,0,1,1
3,chain4,f32,16384,glibc_t1,FIXED_TWIN,8,3,1,7629.00,0.0000,0.0000,8000.0,0.0,1.000,65536.0,0.000,0,0,65536,1,2,1,0,1,1
3,chain4,f32,16384,glibc_t1,P6,9,0,1,8738.00,0.0000,0.0000,9000.0,0.0,1.000,65536.0,0.000,0,0,65536,1,3,0,0,1,1
3,chain4,f32,16384,glibc_t1,P7,9,1,1,7663.00,0.0000,0.0000,8000.0,0.0,1.000,65536.0,0.000,0,0,65536,1,2,1,0,1,1
3,chain4,f32,16384,glibc_t1,FIXED_TWIN,9,2,1,7632.00,0.0000,0.0000,8000.0,0.0,1.000,65536.0,0.000,0,0,65536,1,2,1,0,1,1
3,chain4,f32,16384,glibc_t1,P5,9,3,1,9185.00,0.0000,0.0000,10000.0,0.0,4.000,262144.0,0.000,0,0,262144,4,0,0,0,1,1
3,chain4,f32,16384,glibc_t1,P7,10,0,1,7647.00,0.0000,0.0000,8000.0,0.0,1.000,65536.0,0.000,0,0,65536,1,2,1,0,1,1
3,chain4,f32,16384,glibc_t1,FIXED_TWIN,10,1,1,7590.00,0.0000,0.0000,8000.0,0.0,1.000,65536.0,0.000,0,0,65536,1,2,1,0,1,1
3,chain4,f32,16384,glibc_t1,P5,10,2,1,9213.00,0.0000,0.0000,10000.0,0.0,4.000,262144.0,0.000,0,0,262144,4,0,0,0,1,1
3,chain4,f32,16384,glibc_t1,P6,10,3,1,8752.00,0.0000,0.0000,9000.0,0.0,1.000,65536.0,0.000,0,0,65536,1,3,0,0,1,1
3,chain4,f32,16384,glibc_t1,FIXED_TWIN,11,0,1,7616.00,0.0000,0.0000,8000.0,0.0,1.000,65536.0,0.000,0,0,65536,1,2,1,0,1,1
3,chain4,f32,16384,glibc_t1,P5,11,1,1,9249.00,0.0000,0.0000,10000.0,0.0,4.000,262144.0,0.000,0,0,262144,4,0,0,0,1,1
3,chain4,f32,16384,glibc_t1,P6,11,2,1,8758.00,0.0000,0.0000,9000.0,0.0,1.000,65536.0,0.000,0,0,65536,1,3,0,0,1,1
3,chain4,f32,16384,glibc_t1,P7,11,3,1,7759.00,0.0000,0.0000,8000.0,0.0,1.000,65536.0,0.000,0,0,65536,1,2,1,0,1,1
3,chain4,f32,16384,glibc_t1,P5,12,0,1,9328.00,0.0000,0.0000,9000.0,0.0,4.000,262144.0,0.000,0,0,262144,4,0,0,0,1,1
3,chain4,f32,16384,glibc_t1,P6,12,1,1,9594.00,0.0000,0.0000,10000.0,0.0,1.000,65536.0,0.000,0,0,65536,1,3,0,0,1,1
3,chain4,f32,16384,glibc_t1,P7,12,2,1,7868.00,0.0000,0.0000,9000.0,0.0,1.000,65536.0,0.000,0,0,65536,1,2,1,0,1,1
3,chain4,f32,16384,glibc_t1,FIXED_TWIN,12,3,1,7665.00,0.0000,0.0000,8000.0,0.0,1.000,65536.0,0.000,0,0,65536,1,2,1,0,1,1
3,chain4,f32,16384,glibc_t1,P6,13,0,1,8787.00,0.0000,0.0000,9000.0,0.0,1.000,65536.0,0.000,0,0,65536,1,3,0,0,1,1
3,chain4,f32,16384,glibc_t1,P7,13,1,1,7599.00,0.0000,0.0000,8000.0,0.0,1.000,65536.0,0.000,0,0,65536,1,2,1,0,1,1
3,chain4,f32,16384,glibc_t1,FIXED_TWIN,13,2,1,7590.00,0.0000,0.0000,8000.0,0.0,1.000,65536.0,0.000,0,0,65536,1,2,1,0,1,1
3,chain4,f32,16384,glibc_t1,P5,13,3,1,9390.00,0.0000,0.0000,10000.0,0.0,4.000,262144.0,0.000,0,0,262144,4,0,0,0,1,1
3,chain4,f32,16384,glibc_t1,P7,14,0,1,11149.00,0.0000,0.0000,11000.0,0.0,1.000,65536.0,0.000,0,0,65536,1,2,1,0,1,1
3,chain4,f32,16384,glibc_t1,FIXED_TWIN,14,1,1,7643.00,0.0000,0.0000,8000.0,0.0,1.000,65536.0,0.000,0,0,65536,1,2,1,0,1,1
3,chain4,f32,16384,glibc_t1,P5,14,2,1,9263.00,0.0000,0.0000,10000.0,0.0,4.000,262144.0,0.000,0,0,262144,4,0,0,0,1,1
3,chain4,f32,16384,glibc_t1,P6,14,3,1,8764.00,0.0000,0.0000,9000.0,0.0,1.000,65536.0,0.000,0,0,65536,1,3,0,0,1,1
3,chain4,f32,65536,glibc_t1,P5,0,0,1,73185.00,0.0000,0.0000,75000.0,0.0,4.000,1048576.0,0.000,0,0,1048576,4,0,0,0,1,1
3,chain4,f32,65536,glibc_t1,P6,0,1,1,39551.00,0.0000,0.0000,40000.0,0.0,1.000,262144.0,0.000,0,0,262144,1,3,0,0,1,1
3,chain4,f32,65536,glibc_t1,P7,0,2,1,33149.00,0.0000,0.0000,34000.0,0.0,1.000,262144.0,0.000,0,0,262144,1,2,1,0,1,1
3,chain4,f32,65536,glibc_t1,FIXED_TWIN,0,3,1,32829.00,0.0000,0.0000,34000.0,0.0,1.000,262144.0,0.000,0,0,262144,1,2,1,0,1,1
3,chain4,f32,65536,glibc_t1,P6,1,0,1,38641.00,0.0000,0.0000,40000.0,0.0,1.000,262144.0,0.000,0,0,262144,1,3,0,0,1,1
3,chain4,f32,65536,glibc_t1,P7,1,1,1,33313.00,0.0000,0.0000,35000.0,0.0,1.000,262144.0,0.000,0,0,262144,1,2,1,0,1,1
3,chain4,f32,65536,glibc_t1,FIXED_TWIN,1,2,1,39219.00,0.0000,0.0000,40000.0,0.0,1.000,262144.0,0.000,0,0,262144,1,2,1,0,1,1
3,chain4,f32,65536,glibc_t1,P5,1,3,1,64776.00,0.0000,0.0000,66000.0,0.0,4.000,1048576.0,0.000,0,0,1048576,4,0,0,0,1,1
3,chain4,f32,65536,glibc_t1,P7,2,0,1,34481.00,0.0000,0.0000,35000.0,0.0,1.000,262144.0,0.000,0,0,262144,1,2,1,0,1,1
3,chain4,f32,65536,glibc_t1,FIXED_TWIN,2,1,1,32983.00,0.0000,0.0000,34000.0,0.0,1.000,262144.0,0.000,0,0,262144,1,2,1,0,1,1
3,chain4,f32,65536,glibc_t1,P5,2,2,1,63510.00,0.0000,0.0000,64000.0,0.0,4.000,1048576.0,0.000,0,0,1048576,4,0,0,0,1,1
3,chain4,f32,65536,glibc_t1,P6,2,3,1,39828.00,0.0000,0.0000,41000.0,0.0,1.000,262144.0,0.000,0,0,262144,1,3,0,0,1,1
3,chain4,f32,65536,glibc_t1,FIXED_TWIN,3,0,1,34429.00,0.0000,0.0000,36000.0,0.0,1.000,262144.0,0.000,0,0,262144,1,2,1,0,1,1
3,chain4,f32,65536,glibc_t1,P5,3,1,1,82388.00,0.0000,0.0000,84000.0,0.0,4.000,1048576.0,0.000,0,0,1048576,4,0,0,0,1,1
3,chain4,f32,65536,glibc_t1,P6,3,2,1,39108.00,0.0000,0.0000,40000.0,0.0,1.000,262144.0,0.000,0,0,262144,1,3,0,0,1,1
3,chain4,f32,65536,glibc_t1,P7,3,3,1,32963.00,0.0000,0.0000,34000.0,0.0,1.000,262144.0,0.000,0,0,262144,1,2,1,0,1,1
3,chain4,f32,65536,glibc_t1,P5,4,0,1,67151.00,0.0000,0.0000,68000.0,0.0,4.000,1048576.0,0.000,0,0,1048576,4,0,0,0,1,1
3,chain4,f32,65536,glibc_t1,P6,4,1,1,39955.00,0.0000,0.0000,41000.0,0.0,1.000,262144.0,0.000,0,0,262144,1,3,0,0,1,1
3,chain4,f32,65536,glibc_t1,P7,4,2,1,32940.00,0.0000,0.0000,34000.0,0.0,1.000,262144.0,0.000,0,0,262144,1,2,1,0,1,1
3,chain4,f32,65536,glibc_t1,FIXED_TWIN,4,3,1,32781.00,0.0000,0.0000,33000.0,0.0,1.000,262144.0,0.000,0,0,262144,1,2,1,0,1,1
3,chain4,f32,65536,glibc_t1,P6,5,0,1,37589.00,0.0000,0.0000,38000.0,0.0,1.000,262144.0,0.000,0,0,262144,1,3,0,0,1,1
3,chain4,f32,65536,glibc_t1,P7,5,1,1,32560.00,0.0000,0.0000,33000.0,0.0,1.000,262144.0,0.000,0,0,262144,1,2,1,0,1,1
3,chain4,f32,65536,glibc_t1,FIXED_TWIN,5,2,1,32550.00,0.0000,0.0000,33000.0,0.0,1.000,262144.0,0.000,0,0,262144,1,2,1,0,1,1
3,chain4,f32,65536,glibc_t1,P5,5,3,1,84484.00,0.0000,0.0000,85000.0,0.0,4.000,1048576.0,0.000,0,0,1048576,4,0,0,0,1,1
3,chain4,f32,65536,glibc_t1,P7,6,0,1,34014.00,0.0000,0.0000,35000.0,0.0,1.000,262144.0,0.000,0,0,262144,1,2,1,0,1,1
3,chain4,f32,65536,glibc_t1,FIXED_TWIN,6,1,1,37135.00,0.0000,0.0000,38000.0,0.0,1.000,262144.0,0.000,0,0,262144,1,2,1,0,1,1
3,chain4,f32,65536,glibc_t1,P5,6,2,1,71866.00,0.0000,0.0000,73000.0,0.0,4.000,1048576.0,0.000,0,0,1048576,4,0,0,0,1,1
3,chain4,f32,65536,glibc_t1,P6,6,3,1,41429.00,0.0000,0.0000,42000.0,0.0,1.000,262144.0,0.000,0,0,262144,1,3,0,0,1,1
3,chain4,f32,65536,glibc_t1,FIXED_TWIN,7,0,1,33357.00,0.0000,0.0000,35000.0,0.0,1.000,262144.0,0.000,0,0,262144,1,2,1,0,1,1
3,chain4,f32,65536,glibc_t1,P5,7,1,1,75158.00,0.0000,0.0000,77000.0,0.0,4.000,1048576.0,0.000,0,0,1048576,4,0,0,0,1,1
3,chain4,f32,65536,glibc_t1,P6,7,2,1,39836.00,0.0000,0.0000,41000.0,0.0,1.000,262144.0,0.000,0,0,262144,1,3,0,0,1,1
3,chain4,f32,65536,glibc_t1,P7,7,3,1,47738.00,0.0000,0.0000,48000.0,0.0,1.000,262144.0,0.000,0,0,262144,1,2,1,0,1,1
3,chain4,f32,65536,glibc_t1,P5,8,0,1,62915.00,0.0000,0.0000,64000.0,0.0,4.000,1048576.0,0.000,0,0,1048576,4,0,0,0,1,1
3,chain4,f32,65536,glibc_t1,P6,8,1,1,58017.00,0.0000,0.0000,59000.0,0.0,1.000,262144.0,0.000,0,0,262144,1,3,0,0,1,1
3,chain4,f32,65536,glibc_t1,P7,8,2,1,33473.00,0.0000,0.0000,34000.0,0.0,1.000,262144.0,0.000,0,0,262144,1,2,1,0,1,1
3,chain4,f32,65536,glibc_t1,FIXED_TWIN,8,3,1,33204.00,0.0000,0.0000,34000.0,0.0,1.000,262144.0,0.000,0,0,262144,1,2,1,0,1,1
3,chain4,f32,65536,glibc_t1,P6,9,0,1,38232.00,0.0000,0.0000,39000.0,0.0,1.000,262144.0,0.000,0,0,262144,1,3,0,0,1,1
3,chain4,f32,65536,glibc_t1,P7,9,1,1,32710.00,0.0000,0.0000,33000.0,0.0,1.000,262144.0,0.000,0,0,262144,1,2,1,0,1,1
3,chain4,f32,65536,glibc_t1,FIXED_TWIN,9,2,1,32636.00,0.0000,0.0000,33000.0,0.0,1.000,262144.0,0.000,0,0,262144,1,2,1,0,1,1
3,chain4,f32,65536,glibc_t1,P5,9,3,1,63779.00,0.0000,0.0000,65000.0,0.0,4.000,1048576.0,0.000,0,0,1048576,4,0,0,0,1,1
3,chain4,f32,65536,glibc_t1,P7,10,0,1,34403.00,0.0000,0.0000,35000.0,0.0,1.000,262144.0,0.000,0,0,262144,1,2,1,0,1,1
3,chain4,f32,65536,glibc_t1,FIXED_TWIN,10,1,1,34061.00,0.0000,0.0000,40000.0,0.0,1.000,262144.0,0.000,0,0,262144,1,2,1,0,1,1
3,chain4,f32,65536,glibc_t1,P5,10,2,1,64353.00,0.0000,0.0000,66000.0,0.0,4.000,1048576.0,0.000,0,0,1048576,4,0,0,0,1,1
3,chain4,f32,65536,glibc_t1,P6,10,3,1,39135.00,0.0000,0.0000,40000.0,0.0,1.000,262144.0,0.000,0,0,262144,1,3,0,0,1,1
3,chain4,f32,65536,glibc_t1,FIXED_TWIN,11,0,1,32944.00,0.0000,0.0000,33000.0,0.0,1.000,262144.0,0.000,0,0,262144,1,2,1,0,1,1
3,chain4,f32,65536,glibc_t1,P5,11,1,1,82354.00,0.0000,0.0000,84000.0,0.0,4.000,1048576.0,0.000,0,0,1048576,4,0,0,0,1,1
3,chain4,f32,65536,glibc_t1,P6,11,2,1,39845.00,0.0000,0.0000,41000.0,0.0,1.000,262144.0,0.000,0,0,262144,1,3,0,0,1,1
3,chain4,f32,65536,glibc_t1,P7,11,3,1,33369.00,0.0000,0.0000,34000.0,0.0,1.000,262144.0,0.000,0,0,262144,1,2,1,0,1,1
3,chain4,f32,65536,glibc_t1,P5,12,0,1,65046.00,0.0000,0.0000,67000.0,0.0,4.000,1048576.0,0.000,0,0,1048576,4,0,0,0,1,1
3,chain4,f32,65536,glibc_t1,P6,12,1,1,39260.00,0.0000,0.0000,40000.0,0.0,1.000,262144.0,0.000,0,0,262144,1,3,0,0,1,1
3,chain4,f32,65536,glibc_t1,P7,12,2,1,62998.00,0.0000,0.0000,64000.0,0.0,1.000,262144.0,0.000,0,0,262144,1,2,1,0,1,1
3,chain4,f32,65536,glibc_t1,FIXED_TWIN,12,3,1,34672.00,0.0000,0.0000,36000.0,0.0,1.000,262144.0,0.000,0,0,262144,1,2,1,0,1,1
3,chain4,f32,65536,glibc_t1,P6,13,0,1,38059.00,0.0000,0.0000,39000.0,0.0,1.000,262144.0,0.000,0,0,262144,1,3,0,0,1,1
3,chain4,f32,65536,glibc_t1,P7,13,1,1,32821.00,0.0000,0.0000,34000.0,0.0,1.000,262144.0,0.000,0,0,262144,1,2,1,0,1,1
3,chain4,f32,65536,glibc_t1,FIXED_TWIN,13,2,1,36623.00,0.0000,0.0000,38000.0,0.0,1.000,262144.0,0.000,0,0,262144,1,2,1,0,1,1
3,chain4,f32,65536,glibc_t1,P5,13,3,1,70676.00,0.0000,0.0000,72000.0,0.0,4.000,1048576.0,0.000,0,0,1048576,4,0,0,0,1,1
3,chain4,f32,65536,glibc_t1,P7,14,0,1,33682.00,0.0000,0.0000,34000.0,0.0,1.000,262144.0,0.000,0,0,262144,1,2,1,0,1,1
3,chain4,f32,65536,glibc_t1,FIXED_TWIN,14,1,1,50624.00,0.0000,0.0000,52000.0,0.0,1.000,262144.0,0.000,0,0,262144,1,2,1,0,1,1
3,chain4,f32,65536,glibc_t1,P5,14,2,1,64110.00,0.0000,0.0000,65000.0,0.0,4.000,1048576.0,0.000,0,0,1048576,4,0,0,0,1,1
3,chain4,f32,65536,glibc_t1,P6,14,3,1,39330.00,0.0000,0.0000,40000.0,0.0,1.000,262144.0,0.000,0,0,262144,1,3,0,0,1,1
3,chain4,f32,262144,glibc_t1,P5,0,0,1,486133.00,0.0000,0.0000,490000.0,0.0,4.000,4194304.0,0.000,0,0,4194304,4,0,0,0,1,1
3,chain4,f32,262144,glibc_t1,P6,0,1,1,299761.00,0.0000,0.0000,302000.0,0.0,1.000,1048576.0,0.000,0,0,1048576,1,3,0,0,1,1
3,chain4,f32,262144,glibc_t1,P7,0,2,1,287446.00,0.0000,0.0000,289000.0,0.0,1.000,1048576.0,0.000,0,0,1048576,1,2,1,0,1,1
3,chain4,f32,262144,glibc_t1,FIXED_TWIN,0,3,1,300012.00,0.0000,0.0000,302000.0,0.0,1.000,1048576.0,0.000,0,0,1048576,1,2,1,0,1,1
3,chain4,f32,262144,glibc_t1,P6,1,0,1,305965.00,0.0000,0.0000,308000.0,0.0,1.000,1048576.0,0.000,0,0,1048576,1,3,0,0,1,1
3,chain4,f32,262144,glibc_t1,P7,1,1,1,315381.00,0.0000,0.0000,317000.0,0.0,1.000,1048576.0,0.000,0,0,1048576,1,2,1,0,1,1
3,chain4,f32,262144,glibc_t1,FIXED_TWIN,1,2,1,315236.00,0.0000,0.0000,317000.0,0.0,1.000,1048576.0,0.000,0,0,1048576,1,2,1,0,1,1
3,chain4,f32,262144,glibc_t1,P5,1,3,1,476668.00,0.0000,0.0000,479000.0,0.0,4.000,4194304.0,0.000,0,0,4194304,4,0,0,0,1,1
3,chain4,f32,262144,glibc_t1,P7,2,0,1,296350.00,0.0000,0.0000,299000.0,0.0,1.000,1048576.0,0.000,0,0,1048576,1,2,1,0,1,1
3,chain4,f32,262144,glibc_t1,FIXED_TWIN,2,1,1,294695.00,0.0000,0.0000,297000.0,0.0,1.000,1048576.0,0.000,0,0,1048576,1,2,1,0,1,1
3,chain4,f32,262144,glibc_t1,P5,2,2,1,476809.00,0.0000,0.0000,480000.0,0.0,4.000,4194304.0,0.000,0,0,4194304,4,0,0,0,1,1
3,chain4,f32,262144,glibc_t1,P6,2,3,1,309249.00,0.0000,0.0000,311000.0,0.0,1.000,1048576.0,0.000,0,0,1048576,1,3,0,0,1,1
3,chain4,f32,262144,glibc_t1,FIXED_TWIN,3,0,1,301365.00,0.0000,0.0000,304000.0,0.0,1.000,1048576.0,0.000,0,0,1048576,1,2,1,0,1,1
3,chain4,f32,262144,glibc_t1,P5,3,1,1,482141.00,0.0000,0.0000,485000.0,0.0,4.000,4194304.0,0.000,0,0,4194304,4,0,0,0,1,1
3,chain4,f32,262144,glibc_t1,P6,3,2,1,313451.00,0.0000,0.0000,315000.0,0.0,1.000,1048576.0,0.000,0,0,1048576,1,3,0,0,1,1
3,chain4,f32,262144,glibc_t1,P7,3,3,1,295873.00,0.0000,0.0000,298000.0,0.0,1.000,1048576.0,0.000,0,0,1048576,1,2,1,0,1,1
3,chain4,f32,262144,glibc_t1,P5,4,0,1,482892.00,0.0000,0.0000,485000.0,0.0,4.000,4194304.0,0.000,0,0,4194304,4,0,0,0,1,1
3,chain4,f32,262144,glibc_t1,P6,4,1,1,314179.00,0.0000,0.0000,319000.0,0.0,1.000,1048576.0,0.000,0,0,1048576,1,3,0,0,1,1
3,chain4,f32,262144,glibc_t1,P7,4,2,1,287291.00,0.0000,0.0000,289000.0,0.0,1.000,1048576.0,0.000,0,0,1048576,1,2,1,0,1,1
3,chain4,f32,262144,glibc_t1,FIXED_TWIN,4,3,1,291839.00,0.0000,0.0000,294000.0,0.0,1.000,1048576.0,0.000,0,0,1048576,1,2,1,0,1,1
3,chain4,f32,262144,glibc_t1,P6,5,0,1,305829.00,0.0000,0.0000,308000.0,0.0,1.000,1048576.0,0.000,0,0,1048576,1,3,0,0,1,1
3,chain4,f32,262144,glibc_t1,P7,5,1,1,296143.00,0.0000,0.0000,299000.0,0.0,1.000,1048576.0,0.000,0,0,1048576,1,2,1,0,1,1
3,chain4,f32,262144,glibc_t1,FIXED_TWIN,5,2,1,312792.00,0.0000,0.0000,315000.0,0.0,1.000,1048576.0,0.000,0,0,1048576,1,2,1,0,1,1
3,chain4,f32,262144,glibc_t1,P5,5,3,1,466401.00,0.0000,0.0000,469000.0,0.0,4.000,4194304.0,0.000,0,0,4194304,4,0,0,0,1,1
3,chain4,f32,262144,glibc_t1,P7,6,0,1,293940.00,0.0000,0.0000,296000.0,0.0,1.000,1048576.0,0.000,0,0,1048576,1,2,1,0,1,1
3,chain4,f32,262144,glibc_t1,FIXED_TWIN,6,1,1,302944.00,0.0000,0.0000,305000.0,0.0,1.000,1048576.0,0.000,0,0,1048576,1,2,1,0,1,1
3,chain4,f32,262144,glibc_t1,P5,6,2,1,466140.00,0.0000,0.0000,473000.0,0.0,4.000,4194304.0,0.000,0,0,4194304,4,0,0,0,1,1
3,chain4,f32,262144,glibc_t1,P6,6,3,1,307888.00,0.0000,0.0000,310000.0,0.0,1.000,1048576.0,0.000,0,0,1048576,1,3,0,0,1,1
3,chain4,f32,262144,glibc_t1,FIXED_TWIN,7,0,1,303590.00,0.0000,0.0000,305000.0,0.0,1.000,1048576.0,0.000,0,0,1048576,1,2,1,0,1,1
3,chain4,f32,262144,glibc_t1,P5,7,1,1,465811.00,0.0000,0.0000,468000.0,0.0,4.000,4194304.0,0.000,0,0,4194304,4,0,0,0,1,1
3,chain4,f32,262144,glibc_t1,P6,7,2,1,305519.00,0.0000,0.0000,308000.0,0.0,1.000,1048576.0,0.000,0,0,1048576,1,3,0,0,1,1
3,chain4,f32,262144,glibc_t1,P7,7,3,1,294866.00,0.0000,0.0000,297000.0,0.0,1.000,1048576.0,0.000,0,0,1048576,1,2,1,0,1,1
3,chain4,f32,262144,glibc_t1,P5,8,0,1,458544.00,0.0000,0.0000,462000.0,0.0,4.000,4194304.0,0.000,0,0,4194304,4,0,0,0,1,1
3,chain4,f32,262144,glibc_t1,P6,8,1,1,299513.00,0.0000,0.0000,302000.0,0.0,1.000,1048576.0,0.000,0,0,1048576,1,3,0,0,1,1
3,chain4,f32,262144,glibc_t1,P7,8,2,1,287923.00,0.0000,0.0000,290000.0,0.0,1.000,1048576.0,0.000,0,0,1048576,1,2,1,0,1,1
3,chain4,f32,262144,glibc_t1,FIXED_TWIN,8,3,1,300643.00,0.0000,0.0000,303000.0,0.0,1.000,1048576.0,0.000,0,0,1048576,1,2,1,0,1,1
3,chain4,f32,262144,glibc_t1,P6,9,0,1,306395.00,0.0000,0.0000,309000.0,0.0,1.000,1048576.0,0.000,0,0,1048576,1,3,0,0,1,1
3,chain4,f32,262144,glibc_t1,P7,9,1,1,295408.00,0.0000,0.0000,298000.0,0.0,1.000,1048576.0,0.000,0,0,1048576,1,2,1,0,1,1
3,chain4,f32,262144,glibc_t1,FIXED_TWIN,9,2,1,312619.00,0.0000,0.0000,314000.0,0.0,1.000,1048576.0,0.000,0,0,1048576,1,2,1,0,1,1
3,chain4,f32,262144,glibc_t1,P5,9,3,1,482896.00,0.0000,0.0000,486000.0,0.0,4.000,4194304.0,0.000,0,0,4194304,4,0,0,0,1,1
3,chain4,f32,262144,glibc_t1,P7,10,0,1,308915.00,0.0000,0.0000,311000.0,0.0,1.000,1048576.0,0.000,0,0,1048576,1,2,1,0,1,1
3,chain4,f32,262144,glibc_t1,FIXED_TWIN,10,1,1,325274.00,0.0000,0.0000,327000.0,0.0,1.000,1048576.0,0.000,0,0,1048576,1,2,1,0,1,1
3,chain4,f32,262144,glibc_t1,P5,10,2,1,487840.00,0.0000,0.0000,491000.0,0.0,4.000,4194304.0,0.000,0,0,4194304,4,0,0,0,1,1
3,chain4,f32,262144,glibc_t1,P6,10,3,1,305238.00,0.0000,0.0000,307000.0,0.0,1.000,1048576.0,0.000,0,0,1048576,1,3,0,0,1,1
3,chain4,f32,262144,glibc_t1,FIXED_TWIN,11,0,1,301044.00,0.0000,0.0000,302000.0,0.0,1.000,1048576.0,0.000,0,0,1048576,1,2,1,0,1,1
3,chain4,f32,262144,glibc_t1,P5,11,1,1,482421.00,0.0000,0.0000,485000.0,0.0,4.000,4194304.0,0.000,0,0,4194304,4,0,0,0,1,1
3,chain4,f32,262144,glibc_t1,P6,11,2,1,330976.00,0.0000,0.0000,333000.0,0.0,1.000,1048576.0,0.000,0,0,1048576,1,3,0,0,1,1
3,chain4,f32,262144,glibc_t1,P7,11,3,1,310248.00,0.0000,0.0000,313000.0,0.0,1.000,1048576.0,0.000,0,0,1048576,1,2,1,0,1,1
3,chain4,f32,262144,glibc_t1,P5,12,0,1,477966.00,0.0000,0.0000,481000.0,0.0,4.000,4194304.0,0.000,0,0,4194304,4,0,0,0,1,1
3,chain4,f32,262144,glibc_t1,P6,12,1,1,306033.00,0.0000,0.0000,308000.0,0.0,1.000,1048576.0,0.000,0,0,1048576,1,3,0,0,1,1
3,chain4,f32,262144,glibc_t1,P7,12,2,1,292274.00,0.0000,0.0000,294000.0,0.0,1.000,1048576.0,0.000,0,0,1048576,1,2,1,0,1,1
3,chain4,f32,262144,glibc_t1,FIXED_TWIN,12,3,1,286918.00,0.0000,0.0000,289000.0,0.0,1.000,1048576.0,0.000,0,0,1048576,1,2,1,0,1,1
3,chain4,f32,262144,glibc_t1,P6,13,0,1,299570.00,0.0000,0.0000,301000.0,0.0,1.000,1048576.0,0.000,0,0,1048576,1,3,0,0,1,1
3,chain4,f32,262144,glibc_t1,P7,13,1,1,294356.00,0.0000,0.0000,298000.0,0.0,1.000,1048576.0,0.000,0,0,1048576,1,2,1,0,1,1
3,chain4,f32,262144,glibc_t1,FIXED_TWIN,13,2,1,295190.00,0.0000,0.0000,296000.0,0.0,1.000,1048576.0,0.000,0,0,1048576,1,2,1,0,1,1
3,chain4,f32,262144,glibc_t1,P5,13,3,1,467296.00,0.0000,0.0000,470000.0,0.0,4.000,4194304.0,0.000,0,0,4194304,4,0,0,0,1,1
3,chain4,f32,262144,glibc_t1,P7,14,0,1,300116.00,0.0000,0.0000,302000.0,0.0,1.000,1048576.0,0.000,0,0,1048576,1,2,1,0,1,1
3,chain4,f32,262144,glibc_t1,FIXED_TWIN,14,1,1,294479.00,0.0000,0.0000,304000.0,0.0,1.000,1048576.0,0.000,0,0,1048576,1,2,1,0,1,1
3,chain4,f32,262144,glibc_t1,P5,14,2,1,472307.00,0.0000,0.0000,475000.0,0.0,4.000,4194304.0,0.000,0,0,4194304,4,0,0,0,1,1
3,chain4,f32,262144,glibc_t1,P6,14,3,1,311697.00,0.0000,0.0000,313000.0,0.0,1.000,1048576.0,0.000,0,0,1048576,1,3,0,0,1,1
3,chain4,f32,1048576,glibc_t1,P5,0,0,1,1936437.00,0.0000,0.0000,1943000.0,0.0,4.000,16777216.0,0.000,0,0,16777216,4,0,0,0,1,1
3,chain4,f32,1048576,glibc_t1,P6,0,1,1,1436755.00,0.0000,0.0000,1441000.0,0.0,1.000,4194304.0,0.000,0,0,4194304,1,3,0,0,1,1
3,chain4,f32,1048576,glibc_t1,P7,0,2,1,1268294.00,0.0000,0.0000,1272000.0,0.0,1.000,4194304.0,0.000,0,0,4194304,1,2,1,0,1,1
3,chain4,f32,1048576,glibc_t1,FIXED_TWIN,0,3,1,1288527.00,0.0000,0.0000,1292000.0,0.0,1.000,4194304.0,0.000,0,0,4194304,1,2,1,0,1,1
3,chain4,f32,1048576,glibc_t1,P6,1,0,1,1524894.00,0.0000,0.0000,1529000.0,0.0,1.000,4194304.0,0.000,0,0,4194304,1,3,0,0,1,1
3,chain4,f32,1048576,glibc_t1,P7,1,1,1,1322760.00,0.0000,0.0000,1326000.0,0.0,1.000,4194304.0,0.000,0,0,4194304,1,2,1,0,1,1
3,chain4,f32,1048576,glibc_t1,FIXED_TWIN,1,2,1,1293880.00,0.0000,0.0000,1298000.0,0.0,1.000,4194304.0,0.000,0,0,4194304,1,2,1,0,1,1
3,chain4,f32,1048576,glibc_t1,P5,1,3,1,2040237.00,0.0000,0.0000,2044000.0,0.0,4.000,16777216.0,0.000,0,0,16777216,4,0,0,0,1,1
3,chain4,f32,1048576,glibc_t1,P7,2,0,1,1294982.00,0.0000,0.0000,1298000.0,0.0,1.000,4194304.0,0.000,0,0,4194304,1,2,1,0,1,1
3,chain4,f32,1048576,glibc_t1,FIXED_TWIN,2,1,1,1267121.00,0.0000,0.0000,1270000.0,0.0,1.000,4194304.0,0.000,0,0,4194304,1,2,1,0,1,1
3,chain4,f32,1048576,glibc_t1,P5,2,2,1,1894260.00,0.0000,0.0000,1898000.0,0.0,4.000,16777216.0,0.000,0,0,16777216,4,0,0,0,1,1
3,chain4,f32,1048576,glibc_t1,P6,2,3,1,1454806.00,0.0000,0.0000,1459000.0,0.0,1.000,4194304.0,0.000,0,0,4194304,1,3,0,0,1,1
3,chain4,f32,1048576,glibc_t1,FIXED_TWIN,3,0,1,1276257.00,0.0000,0.0000,1280000.0,0.0,1.000,4194304.0,0.000,0,0,4194304,1,2,1,0,1,1
3,chain4,f32,1048576,glibc_t1,P5,3,1,1,1906723.00,0.0000,0.0000,1910000.0,0.0,4.000,16777216.0,0.000,0,0,16777216,4,0,0,0,1,1
3,chain4,f32,1048576,glibc_t1,P6,3,2,1,1439729.00,0.0000,0.0000,1444000.0,0.0,1.000,4194304.0,0.000,0,0,4194304,1,3,0,0,1,1
3,chain4,f32,1048576,glibc_t1,P7,3,3,1,1318440.00,0.0000,0.0000,1322000.0,0.0,1.000,4194304.0,0.000,0,0,4194304,1,2,1,0,1,1
3,chain4,f32,1048576,glibc_t1,P5,4,0,1,1947129.00,0.0000,0.0000,1951000.0,0.0,4.000,16777216.0,0.000,0,0,16777216,4,0,0,0,1,1
3,chain4,f32,1048576,glibc_t1,P6,4,1,1,1485771.00,0.0000,0.0000,1490000.0,0.0,1.000,4194304.0,0.000,0,0,4194304,1,3,0,0,1,1
3,chain4,f32,1048576,glibc_t1,P7,4,2,1,1296309.00,0.0000,0.0000,1300000.0,0.0,1.000,4194304.0,0.000,0,0,4194304,1,2,1,0,1,1
3,chain4,f32,1048576,glibc_t1,FIXED_TWIN,4,3,1,1330957.00,0.0000,0.0000,1335000.0,0.0,1.000,4194304.0,0.000,0,0,4194304,1,2,1,0,1,1
3,chain4,f32,1048576,glibc_t1,P6,5,0,1,2466071.00,0.0000,0.0000,2472000.0,0.0,1.000,4194304.0,0.000,0,0,4194304,1,3,0,0,1,1
3,chain4,f32,1048576,glibc_t1,P7,5,1,1,1326222.00,0.0000,0.0000,1331000.0,0.0,1.000,4194304.0,0.000,0,0,4194304,1,2,1,0,1,1
3,chain4,f32,1048576,glibc_t1,FIXED_TWIN,5,2,1,1284558.00,0.0000,0.0000,1288000.0,0.0,1.000,4194304.0,0.000,0,0,4194304,1,2,1,0,1,1
3,chain4,f32,1048576,glibc_t1,P5,5,3,1,2049515.00,0.0000,0.0000,2055000.0,0.0,4.000,16777216.0,0.000,0,0,16777216,4,0,0,0,1,1
3,chain4,f32,1048576,glibc_t1,P7,6,0,1,1306514.00,0.0000,0.0000,1310000.0,0.0,1.000,4194304.0,0.000,0,0,4194304,1,2,1,0,1,1
3,chain4,f32,1048576,glibc_t1,FIXED_TWIN,6,1,1,1276946.00,0.0000,0.0000,1281000.0,0.0,1.000,4194304.0,0.000,0,0,4194304,1,2,1,0,1,1
3,chain4,f32,1048576,glibc_t1,P5,6,2,1,1969836.00,0.0000,0.0000,1973000.0,0.0,4.000,16777216.0,0.000,0,0,16777216,4,0,0,0,1,1
3,chain4,f32,1048576,glibc_t1,P6,6,3,1,1507940.00,0.0000,0.0000,1512000.0,0.0,1.000,4194304.0,0.000,0,0,4194304,1,3,0,0,1,1
3,chain4,f32,1048576,glibc_t1,FIXED_TWIN,7,0,1,1281436.00,0.0000,0.0000,1285000.0,0.0,1.000,4194304.0,0.000,0,0,4194304,1,2,1,0,1,1
3,chain4,f32,1048576,glibc_t1,P5,7,1,1,1971706.00,0.0000,0.0000,1975000.0,0.0,4.000,16777216.0,0.000,0,0,16777216,4,0,0,0,1,1
3,chain4,f32,1048576,glibc_t1,P6,7,2,1,1497126.00,0.0000,0.0000,1500000.0,0.0,1.000,4194304.0,0.000,0,0,4194304,1,3,0,0,1,1
3,chain4,f32,1048576,glibc_t1,P7,7,3,1,1311986.00,0.0000,0.0000,1316000.0,0.0,1.000,4194304.0,0.000,0,0,4194304,1,2,1,0,1,1
3,chain4,f32,1048576,glibc_t1,P5,8,0,1,1913169.00,0.0000,0.0000,1917000.0,0.0,4.000,16777216.0,0.000,0,0,16777216,4,0,0,0,1,1
3,chain4,f32,1048576,glibc_t1,P6,8,1,1,1468992.00,0.0000,0.0000,1472000.0,0.0,1.000,4194304.0,0.000,0,0,4194304,1,3,0,0,1,1
3,chain4,f32,1048576,glibc_t1,P7,8,2,1,1280904.00,0.0000,0.0000,1285000.0,0.0,1.000,4194304.0,0.000,0,0,4194304,1,2,1,0,1,1
3,chain4,f32,1048576,glibc_t1,FIXED_TWIN,8,3,1,1328291.00,0.0000,0.0000,1332000.0,0.0,1.000,4194304.0,0.000,0,0,4194304,1,2,1,0,1,1
3,chain4,f32,1048576,glibc_t1,P6,9,0,1,1466484.00,0.0000,0.0000,1470000.0,0.0,1.000,4194304.0,0.000,0,0,4194304,1,3,0,0,1,1
3,chain4,f32,1048576,glibc_t1,P7,9,1,1,1289783.00,0.0000,0.0000,1293000.0,0.0,1.000,4194304.0,0.000,0,0,4194304,1,2,1,0,1,1
3,chain4,f32,1048576,glibc_t1,FIXED_TWIN,9,2,1,1297763.00,0.0000,0.0000,1302000.0,0.0,1.000,4194304.0,0.000,0,0,4194304,1,2,1,0,1,1
3,chain4,f32,1048576,glibc_t1,P5,9,3,1,2086612.00,0.0000,0.0000,2090000.0,0.0,4.000,16777216.0,0.000,0,0,16777216,4,0,0,0,1,1
3,chain4,f32,1048576,glibc_t1,P7,10,0,1,1288648.00,0.0000,0.0000,1292000.0,0.0,1.000,4194304.0,0.000,0,0,4194304,1,2,1,0,1,1
3,chain4,f32,1048576,glibc_t1,FIXED_TWIN,10,1,1,1284029.00,0.0000,0.0000,1287000.0,0.0,1.000,4194304.0,0.000,0,0,4194304,1,2,1,0,1,1
3,chain4,f32,1048576,glibc_t1,P5,10,2,1,2017022.00,0.0000,0.0000,2020000.0,0.0,4.000,16777216.0,0.000,0,0,16777216,4,0,0,0,1,1
3,chain4,f32,1048576,glibc_t1,P6,10,3,1,1475651.00,0.0000,0.0000,1478000.0,0.0,1.000,4194304.0,0.000,0,0,4194304,1,3,0,0,1,1
3,chain4,f32,1048576,glibc_t1,FIXED_TWIN,11,0,1,1277775.00,0.0000,0.0000,1282000.0,0.0,1.000,4194304.0,0.000,0,0,4194304,1,2,1,0,1,1
3,chain4,f32,1048576,glibc_t1,P5,11,1,1,1963199.00,0.0000,0.0000,1966000.0,0.0,4.000,16777216.0,0.000,0,0,16777216,4,0,0,0,1,1
3,chain4,f32,1048576,glibc_t1,P6,11,2,1,1479749.00,0.0000,0.0000,1483000.0,0.0,1.000,4194304.0,0.000,0,0,4194304,1,3,0,0,1,1
3,chain4,f32,1048576,glibc_t1,P7,11,3,1,1308492.00,0.0000,0.0000,1313000.0,0.0,1.000,4194304.0,0.000,0,0,4194304,1,2,1,0,1,1
3,chain4,f32,1048576,glibc_t1,P5,12,0,1,1960155.00,0.0000,0.0000,1964000.0,0.0,4.000,16777216.0,0.000,0,0,16777216,4,0,0,0,1,1
3,chain4,f32,1048576,glibc_t1,P6,12,1,1,1484680.00,0.0000,0.0000,1487000.0,0.0,1.000,4194304.0,0.000,0,0,4194304,1,3,0,0,1,1
3,chain4,f32,1048576,glibc_t1,P7,12,2,1,1288819.00,0.0000,0.0000,1293000.0,0.0,1.000,4194304.0,0.000,0,0,4194304,1,2,1,0,1,1
3,chain4,f32,1048576,glibc_t1,FIXED_TWIN,12,3,1,1287304.00,0.0000,0.0000,1291000.0,0.0,1.000,4194304.0,0.000,0,0,4194304,1,2,1,0,1,1
3,chain4,f32,1048576,glibc_t1,P6,13,0,1,1450347.00,0.0000,0.0000,1454000.0,0.0,1.000,4194304.0,0.000,0,0,4194304,1,3,0,0,1,1
3,chain4,f32,1048576,glibc_t1,P7,13,1,1,1285767.00,0.0000,0.0000,1289000.0,0.0,1.000,4194304.0,0.000,0,0,4194304,1,2,1,0,1,1
3,chain4,f32,1048576,glibc_t1,FIXED_TWIN,13,2,1,1328916.00,0.0000,0.0000,1332000.0,0.0,1.000,4194304.0,0.000,0,0,4194304,1,2,1,0,1,1
3,chain4,f32,1048576,glibc_t1,P5,13,3,1,2128350.00,0.0000,0.0000,2132000.0,0.0,4.000,16777216.0,0.000,0,0,16777216,4,0,0,0,1,1
3,chain4,f32,1048576,glibc_t1,P7,14,0,1,1294279.00,0.0000,0.0000,1297000.0,0.0,1.000,4194304.0,0.000,0,0,4194304,1,2,1,0,1,1
3,chain4,f32,1048576,glibc_t1,FIXED_TWIN,14,1,1,1304428.00,0.0000,0.0000,1308000.0,0.0,1.000,4194304.0,0.000,0,0,4194304,1,2,1,0,1,1
3,chain4,f32,1048576,glibc_t1,P5,14,2,1,2043316.00,0.0000,0.0000,2047000.0,0.0,4.000,16777216.0,0.000,0,0,16777216,4,0,0,0,1,1
3,chain4,f32,1048576,glibc_t1,P6,14,3,1,1519624.00,0.0000,0.0000,1524000.0,0.0,1.000,4194304.0,0.000,0,0,4194304,1,3,0,0,1,1
3,chain4,f32,4194304,glibc_t1,P5,0,0,1,12103107.00,0.0000,0.0000,12052000.0,58000.0,4.000,67108864.0,0.000,0,0,67108864,4,0,0,0,1,1
3,chain4,f32,4194304,glibc_t1,P6,0,1,1,9715697.00,0.0000,0.0000,9547000.0,175000.0,1.000,16777216.0,0.000,0,0,16777216,1,3,0,0,1,1
3,chain4,f32,4194304,glibc_t1,P7,0,2,1,8574224.00,0.0000,0.0000,8579000.0,0.0,1.000,16777216.0,0.000,0,0,16777216,1,2,1,0,1,1
3,chain4,f32,4194304,glibc_t1,FIXED_TWIN,0,3,1,7745840.00,0.0000,0.0000,7774000.0,0.0,1.000,16777216.0,0.000,0,0,16777216,1,2,1,0,1,1
3,chain4,f32,4194304,glibc_t1,P6,1,0,1,8572089.00,0.0000,0.0000,8512000.0,66000.0,1.000,16777216.0,0.000,0,0,16777216,1,3,0,0,1,1
3,chain4,f32,4194304,glibc_t1,P7,1,1,1,7441364.00,0.0000,0.0000,7395000.0,50000.0,1.000,16777216.0,0.000,0,0,16777216,1,2,1,0,1,1
3,chain4,f32,4194304,glibc_t1,FIXED_TWIN,1,2,1,7514362.00,0.0000,0.0000,7476000.0,44000.0,1.000,16777216.0,0.000,0,0,16777216,1,2,1,0,1,1
3,chain4,f32,4194304,glibc_t1,P5,1,3,1,11867997.00,0.0000,0.0000,11872000.0,0.0,4.000,67108864.0,0.000,0,0,67108864,4,0,0,0,1,1
3,chain4,f32,4194304,glibc_t1,P7,2,0,1,7937261.00,0.0000,0.0000,7942000.0,0.0,1.000,16777216.0,0.000,0,0,16777216,1,2,1,0,1,1
3,chain4,f32,4194304,glibc_t1,FIXED_TWIN,2,1,1,7682082.00,0.0000,0.0000,7687000.0,0.0,1.000,16777216.0,0.000,0,0,16777216,1,2,1,0,1,1
3,chain4,f32,4194304,glibc_t1,P5,2,2,1,11911252.00,0.0000,0.0000,11917000.0,0.0,4.000,67108864.0,0.000,0,0,67108864,4,0,0,0,1,1
3,chain4,f32,4194304,glibc_t1,P6,2,3,1,9219151.00,0.0000,0.0000,9225000.0,0.0,1.000,16777216.0,0.000,0,0,16777216,1,3,0,0,1,1
3,chain4,f32,4194304,glibc_t1,FIXED_TWIN,3,0,1,8065046.00,0.0000,0.0000,8069000.0,0.0,1.000,16777216.0,0.000,0,0,16777216,1,2,1,0,1,1
3,chain4,f32,4194304,glibc_t1,P5,3,1,1,11908912.00,0.0000,0.0000,11913000.0,0.0,4.000,67108864.0,0.000,0,0,67108864,4,0,0,0,1,1
3,chain4,f32,4194304,glibc_t1,P6,3,2,1,9291056.00,0.0000,0.0000,9297000.0,0.0,1.000,16777216.0,0.000,0,0,16777216,1,3,0,0,1,1
3,chain4,f32,4194304,glibc_t1,P7,3,3,1,9506207.00,0.0000,0.0000,9511000.0,0.0,1.000,16777216.0,0.000,0,0,16777216,1,2,1,0,1,1
3,chain4,f32,4194304,glibc_t1,P5,4,0,1,11860707.00,0.0000,0.0000,11867000.0,0.0,4.000,67108864.0,0.000,0,0,67108864,4,0,0,0,1,1
3,chain4,f32,4194304,glibc_t1,P6,4,1,1,9729829.00,0.0000,0.0000,9735000.0,0.0,1.000,16777216.0,0.000,0,0,16777216,1,3,0,0,1,1
3,chain4,f32,4194304,glibc_t1,P7,4,2,1,7938709.00,0.0000,0.0000,7943000.0,0.0,1.000,16777216.0,0.000,0,0,16777216,1,2,1,0,1,1
3,chain4,f32,4194304,glibc_t1,FIXED_TWIN,4,3,1,7850375.00,0.0000,0.0000,7855000.0,0.0,1.000,16777216.0,0.000,0,0,16777216,1,2,1,0,1,1
3,chain4,f32,4194304,glibc_t1,P6,5,0,1,8786300.00,0.0000,0.0000,8792000.0,0.0,1.000,16777216.0,0.000,0,0,16777216,1,3,0,0,1,1
3,chain4,f32,4194304,glibc_t1,P7,5,1,1,7888735.00,0.0000,0.0000,7894000.0,0.0,1.000,16777216.0,0.000,0,0,16777216,1,2,1,0,1,1
3,chain4,f32,4194304,glibc_t1,FIXED_TWIN,5,2,1,7870240.00,0.0000,0.0000,7875000.0,0.0,1.000,16777216.0,0.000,0,0,16777216,1,2,1,0,1,1
3,chain4,f32,4194304,glibc_t1,P5,5,3,1,11623896.00,0.0000,0.0000,11629000.0,0.0,4.000,67108864.0,0.000,0,0,67108864,4,0,0,0,1,1
3,chain4,f32,4194304,glibc_t1,P7,6,0,1,8286448.00,0.0000,0.0000,8257000.0,0.0,1.000,16777216.0,0.000,0,0,16777216,1,2,1,0,1,1
3,chain4,f32,4194304,glibc_t1,FIXED_TWIN,6,1,1,8505171.00,0.0000,0.0000,8510000.0,0.0,1.000,16777216.0,0.000,0,0,16777216,1,2,1,0,1,1
3,chain4,f32,4194304,glibc_t1,P5,6,2,1,11454254.00,0.0000,0.0000,11459000.0,0.0,4.000,67108864.0,0.000,0,0,67108864,4,0,0,0,1,1
3,chain4,f32,4194304,glibc_t1,P6,6,3,1,8996619.00,0.0000,0.0000,9002000.0,0.0,1.000,16777216.0,0.000,0,0,16777216,1,3,0,0,1,1
3,chain4,f32,4194304,glibc_t1,FIXED_TWIN,7,0,1,8469763.00,0.0000,0.0000,8477000.0,0.0,1.000,16777216.0,0.000,0,0,16777216,1,2,1,0,1,1
3,chain4,f32,4194304,glibc_t1,P5,7,1,1,13004525.00,0.0000,0.0000,13010000.0,0.0,4.000,67108864.0,0.000,0,0,67108864,4,0,0,0,1,1
3,chain4,f32,4194304,glibc_t1,P6,7,2,1,10034529.00,0.0000,0.0000,10040000.0,0.0,1.000,16777216.0,0.000,0,0,16777216,1,3,0,0,1,1
3,chain4,f32,4194304,glibc_t1,P7,7,3,1,8655484.00,0.0000,0.0000,8662000.0,0.0,1.000,16777216.0,0.000,0,0,16777216,1,2,1,0,1,1
3,chain4,f32,4194304,glibc_t1,P5,8,0,1,13574703.00,0.0000,0.0000,13582000.0,0.0,4.000,67108864.0,0.000,0,0,67108864,4,0,0,0,1,1
3,chain4,f32,4194304,glibc_t1,P6,8,1,1,10551560.00,0.0000,0.0000,10559000.0,0.0,1.000,16777216.0,0.000,0,0,16777216,1,3,0,0,1,1
3,chain4,f32,4194304,glibc_t1,P7,8,2,1,8397989.00,0.0000,0.0000,8403000.0,0.0,1.000,16777216.0,0.000,0,0,16777216,1,2,1,0,1,1
3,chain4,f32,4194304,glibc_t1,FIXED_TWIN,8,3,1,8244267.00,0.0000,0.0000,8249000.0,0.0,1.000,16777216.0,0.000,0,0,16777216,1,2,1,0,1,1
3,chain4,f32,4194304,glibc_t1,P6,9,0,1,9172850.00,0.0000,0.0000,9165000.0,0.0,1.000,16777216.0,0.000,0,0,16777216,1,3,0,0,1,1
3,chain4,f32,4194304,glibc_t1,P7,9,1,1,8098182.00,0.0000,0.0000,8103000.0,0.0,1.000,16777216.0,0.000,0,0,16777216,1,2,1,0,1,1
3,chain4,f32,4194304,glibc_t1,FIXED_TWIN,9,2,1,8294556.00,0.0000,0.0000,8299000.0,0.0,1.000,16777216.0,0.000,0,0,16777216,1,2,1,0,1,1
3,chain4,f32,4194304,glibc_t1,P5,9,3,1,12543235.00,0.0000,0.0000,12550000.0,0.0,4.000,67108864.0,0.000,0,0,67108864,4,0,0,0,1,1
3,chain4,f32,4194304,glibc_t1,P7,10,0,1,8175302.00,0.0000,0.0000,8180000.0,0.0,1.000,16777216.0,0.000,0,0,16777216,1,2,1,0,1,1
3,chain4,f32,4194304,glibc_t1,FIXED_TWIN,10,1,1,8339092.00,0.0000,0.0000,8344000.0,0.0,1.000,16777216.0,0.000,0,0,16777216,1,2,1,0,1,1
3,chain4,f32,4194304,glibc_t1,P5,10,2,1,12874595.00,0.0000,0.0000,12881000.0,0.0,4.000,67108864.0,0.000,0,0,67108864,4,0,0,0,1,1
3,chain4,f32,4194304,glibc_t1,P6,10,3,1,9868895.00,0.0000,0.0000,9875000.0,0.0,1.000,16777216.0,0.000,0,0,16777216,1,3,0,0,1,1
3,chain4,f32,4194304,glibc_t1,FIXED_TWIN,11,0,1,8602832.00,0.0000,0.0000,8608000.0,0.0,1.000,16777216.0,0.000,0,0,16777216,1,2,1,0,1,1
3,chain4,f32,4194304,glibc_t1,P5,11,1,1,12948683.00,0.0000,0.0000,12954000.0,0.0,4.000,67108864.0,0.000,0,0,67108864,4,0,0,0,1,1
3,chain4,f32,4194304,glibc_t1,P6,11,2,1,9769788.00,0.0000,0.0000,9775000.0,0.0,1.000,16777216.0,0.000,0,0,16777216,1,3,0,0,1,1
3,chain4,f32,4194304,glibc_t1,P7,11,3,1,8886695.00,0.0000,0.0000,8892000.0,0.0,1.000,16777216.0,0.000,0,0,16777216,1,2,1,0,1,1
3,chain4,f32,4194304,glibc_t1,P5,12,0,1,12800618.00,0.0000,0.0000,12807000.0,0.0,4.000,67108864.0,0.000,0,0,67108864,4,0,0,0,1,1
3,chain4,f32,4194304,glibc_t1,P6,12,1,1,9628217.00,0.0000,0.0000,9634000.0,0.0,1.000,16777216.0,0.000,0,0,16777216,1,3,0,0,1,1
3,chain4,f32,4194304,glibc_t1,P7,12,2,1,8598020.00,0.0000,0.0000,8604000.0,0.0,1.000,16777216.0,0.000,0,0,16777216,1,2,1,0,1,1
3,chain4,f32,4194304,glibc_t1,FIXED_TWIN,12,3,1,8586205.00,0.0000,0.0000,8591000.0,0.0,1.000,16777216.0,0.000,0,0,16777216,1,2,1,0,1,1
3,chain4,f32,4194304,glibc_t1,P6,13,0,1,9469874.00,0.0000,0.0000,9464000.0,0.0,1.000,16777216.0,0.000,0,0,16777216,1,3,0,0,1,1
3,chain4,f32,4194304,glibc_t1,P7,13,1,1,8334204.00,0.0000,0.0000,8339000.0,0.0,1.000,16777216.0,0.000,0,0,16777216,1,2,1,0,1,1
3,chain4,f32,4194304,glibc_t1,FIXED_TWIN,13,2,1,8120772.00,0.0000,0.0000,8126000.0,0.0,1.000,16777216.0,0.000,0,0,16777216,1,2,1,0,1,1
3,chain4,f32,4194304,glibc_t1,P5,13,3,1,12438089.00,0.0000,0.0000,12443000.0,0.0,4.000,67108864.0,0.000,0,0,67108864,4,0,0,0,1,1
3,chain4,f32,4194304,glibc_t1,P7,14,0,1,8823839.00,0.0000,0.0000,8829000.0,0.0,1.000,16777216.0,0.000,0,0,16777216,1,2,1,0,1,1
3,chain4,f32,4194304,glibc_t1,FIXED_TWIN,14,1,1,8882231.00,0.0000,0.0000,8887000.0,0.0,1.000,16777216.0,0.000,0,0,16777216,1,2,1,0,1,1
3,chain4,f32,4194304,glibc_t1,P5,14,2,1,12342522.00,0.0000,0.0000,12348000.0,0.0,4.000,67108864.0,0.000,0,0,67108864,4,0,0,0,1,1
3,chain4,f32,4194304,glibc_t1,P6,14,3,1,9617523.00,0.0000,0.0000,9622000.0,0.0,1.000,16777216.0,0.000,0,0,16777216,1,3,0,0,1,1
3,chain4,f32,16777216,glibc_t1,P5,0,0,1,158409954.00,65540.0000,0.0000,51158000.0,107019000.0,4.000,268435456.0,0.000,0,0,268435456,4,0,0,0,1,1
3,chain4,f32,16777216,glibc_t1,P6,0,1,1,69879626.00,16385.0000,0.0000,44867000.0,24962000.0,1.000,67108864.0,0.000,0,0,67108864,1,3,0,0,1,1
3,chain4,f32,16777216,glibc_t1,P7,0,2,1,64101206.00,16385.0000,0.0000,44012000.0,20057000.0,1.000,67108864.0,0.000,0,0,67108864,1,2,1,0,1,1
3,chain4,f32,16777216,glibc_t1,FIXED_TWIN,0,3,1,69409317.00,16385.0000,0.0000,44681000.0,24735000.0,1.000,67108864.0,0.000,0,0,67108864,1,2,1,0,1,1
3,chain4,f32,16777216,glibc_t1,P6,1,0,1,69589894.00,16385.0000,0.0000,46843000.0,22754000.0,1.000,67108864.0,0.000,0,0,67108864,1,3,0,0,1,1
3,chain4,f32,16777216,glibc_t1,P7,1,1,1,64262113.00,16385.0000,0.0000,48129000.0,16139000.0,1.000,67108864.0,0.000,0,0,67108864,1,2,1,0,1,1
3,chain4,f32,16777216,glibc_t1,FIXED_TWIN,1,2,1,63987874.00,16385.0000,0.0000,43997000.0,19998000.0,1.000,67108864.0,0.000,0,0,67108864,1,2,1,0,1,1
3,chain4,f32,16777216,glibc_t1,P5,1,3,1,155618167.00,65540.0000,0.0000,27820000.0,127804000.0,4.000,268435456.0,0.000,0,0,268435456,4,0,0,0,1,1
3,chain4,f32,16777216,glibc_t1,P7,2,0,1,64655611.00,16385.0000,0.0000,32319000.0,32343000.0,1.000,67108864.0,0.000,0,0,67108864,1,2,1,0,1,1
3,chain4,f32,16777216,glibc_t1,FIXED_TWIN,2,1,1,67579975.00,16385.0000,0.0000,35800000.0,31785000.0,1.000,67108864.0,0.000,0,0,67108864,1,2,1,0,1,1
3,chain4,f32,16777216,glibc_t1,P5,2,2,1,154973216.00,65540.0000,0.0000,27471000.0,127469000.0,4.000,268435456.0,0.000,0,0,268435456,4,0,0,0,1,1
3,chain4,f32,16777216,glibc_t1,P6,2,3,1,71261598.00,16385.0000,0.0000,55648000.0,15582000.0,1.000,67108864.0,0.000,0,0,67108864,1,3,0,0,1,1
3,chain4,f32,16777216,glibc_t1,FIXED_TWIN,3,0,1,66015156.00,16385.0000,0.0000,35048000.0,30966000.0,1.000,67108864.0,0.000,0,0,67108864,1,2,1,0,1,1
3,chain4,f32,16777216,glibc_t1,P5,3,1,1,157535354.00,65540.0000,0.0000,44742000.0,112799000.0,4.000,268435456.0,0.000,0,0,268435456,4,0,0,0,1,1
3,chain4,f32,16777216,glibc_t1,P6,3,2,1,71428743.00,16385.0000,0.0000,35728000.0,35707000.0,1.000,67108864.0,0.000,0,0,67108864,1,3,0,0,1,1
3,chain4,f32,16777216,glibc_t1,P7,3,3,1,66812021.00,16385.0000,0.0000,31431000.0,35388000.0,1.000,67108864.0,0.000,0,0,67108864,1,2,1,0,1,1
3,chain4,f32,16777216,glibc_t1,P5,4,0,1,154355612.00,65540.0000,0.0000,69126000.0,85180000.0,4.000,268435456.0,0.000,0,0,268435456,4,0,0,0,1,1
3,chain4,f32,16777216,glibc_t1,P6,4,1,1,71394277.00,16385.0000,0.0000,51710000.0,19659000.0,1.000,67108864.0,0.000,0,0,67108864,1,3,0,0,1,1
3,chain4,f32,16777216,glibc_t1,P7,4,2,1,64857295.00,16385.0000,0.0000,32415000.0,32448000.0,1.000,67108864.0,0.000,0,0,67108864,1,2,1,0,1,1
3,chain4,f32,16777216,glibc_t1,FIXED_TWIN,4,3,1,64623201.00,16385.0000,0.0000,48303000.0,16327000.0,1.000,67108864.0,0.000,0,0,67108864,1,2,1,0,1,1
3,chain4,f32,16777216,glibc_t1,P6,5,0,1,70855509.00,16385.0000,0.0000,43451000.0,27411000.0,1.000,67108864.0,0.000,0,0,67108864,1,3,0,0,1,1
3,chain4,f32,16777216,glibc_t1,P7,5,1,1,65052092.00,16385.0000,0.0000,42582000.0,22421000.0,1.000,67108864.0,0.000,0,0,67108864,1,2,1,0,1,1
3,chain4,f32,16777216,glibc_t1,FIXED_TWIN,5,2,1,64298742.00,16385.0000,0.0000,44147000.0,20158000.0,1.000,67108864.0,0.000,0,0,67108864,1,2,1,0,1,1
3,chain4,f32,16777216,glibc_t1,P5,5,3,1,155118242.00,65540.0000,0.0000,39578000.0,115504000.0,4.000,268435456.0,0.000,0,0,268435456,4,0,0,0,1,1
3,chain4,f32,16777216,glibc_t1,P7,6,0,1,62884951.00,16385.0000,0.0000,47466000.0,15414000.0,1.000,67108864.0,0.000,0,0,67108864,1,2,1,0,1,1
3,chain4,f32,16777216,glibc_t1,FIXED_TWIN,6,1,1,64112441.00,16385.0000,0.0000,40058000.0,24063000.0,1.000,67108864.0,0.000,0,0,67108864,1,2,1,0,1,1
3,chain4,f32,16777216,glibc_t1,P5,6,2,1,154736958.00,65540.0000,0.0000,47375000.0,107309000.0,4.000,268435456.0,0.000,0,0,268435456,4,0,0,0,1,1
3,chain4,f32,16777216,glibc_t1,P6,6,3,1,69996960.00,16385.0000,0.0000,39037000.0,30966000.0,1.000,67108864.0,0.000,0,0,67108864,1,3,0,0,1,1
3,chain4,f32,16777216,glibc_t1,FIXED_TWIN,7,0,1,64200347.00,16385.0000,0.0000,32099000.0,32096000.0,1.000,67108864.0,0.000,0,0,67108864,1,2,1,0,1,1
3,chain4,f32,16777216,glibc_t1,P5,7,1,1,158446104.00,65540.0000,0.0000,33184000.0,125269000.0,4.000,268435456.0,0.000,0,0,268435456,4,0,0,0,1,1
3,chain4,f32,16777216,glibc_t1,P6,7,2,1,69483904.00,16385.0000,0.0000,46790000.0,22701000.0,1.000,67108864.0,0.000,0,0,67108864,1,3,0,0,1,1
3,chain4,f32,16777216,glibc_t1,P7,7,3,1,63557248.00,16385.0000,0.0000,31790000.0,31774000.0,1.000,67108864.0,0.000,0,0,67108864,1,2,1,0,1,1
3,chain4,f32,16777216,glibc_t1,P5,8,0,1,157235757.00,65540.0000,0.0000,42671000.0,114558000.0,4.000,268435456.0,0.000,0,0,268435456,4,0,0,0,1,1
3,chain4,f32,16777216,glibc_t1,P6,8,1,1,70570398.00,16385.0000,0.0000,45242000.0,25334000.0,1.000,67108864.0,0.000,0,0,67108864,1,3,0,0,1,1
3,chain4,f32,16777216,glibc_t1,P7,8,2,1,65074567.00,16385.0000,0.0000,30592000.0,34489000.0,1.000,67108864.0,0.000,0,0,67108864,1,2,1,0,1,1
3,chain4,f32,16777216,glibc_t1,FIXED_TWIN,8,3,1,64333543.00,16385.0000,0.0000,38233000.0,26105000.0,1.000,67108864.0,0.000,0,0,67108864,1,2,1,0,1,1
3,chain4,f32,16777216,glibc_t1,P6,9,0,1,70244295.00,16385.0000,0.0000,41076000.0,29154000.0,1.000,67108864.0,0.000,0,0,67108864,1,3,0,0,1,1
3,chain4,f32,16777216,glibc_t1,P7,9,1,1,63408160.00,16385.0000,0.0000,31717000.0,31697000.0,1.000,67108864.0,0.000,0,0,67108864,1,2,1,0,1,1
3,chain4,f32,16777216,glibc_t1,FIXED_TWIN,9,2,1,63512811.00,16385.0000,0.0000,39768000.0,23752000.0,1.000,67108864.0,0.000,0,0,67108864,1,2,1,0,1,1
3,chain4,f32,16777216,glibc_t1,P5,9,3,1,155223619.00,65540.0000,0.0000,39629000.0,115600000.0,4.000,268435456.0,0.000,0,0,268435456,4,0,0,0,1,1
3,chain4,f32,16777216,glibc_t1,P7,10,0,1,64646678.00,16385.0000,0.0000,36311000.0,28334000.0,1.000,67108864.0,0.000,0,0,67108864,1,2,1,0,1,1
3,chain4,f32,16777216,glibc_t1,FIXED_TWIN,10,1,1,62583486.00,16385.0000,0.0000,39320000.0,23271000.0,1.000,67108864.0,0.000,0,0,67108864,1,2,1,0,1,1
3,chain4,f32,16777216,glibc_t1,P5,10,2,1,156301544.00,65540.0000,0.0000,28149000.0,128158000.0,4.000,268435456.0,0.000,0,0,268435456,4,0,0,0,1,1
3,chain4,f32,16777216,glibc_t1,P6,10,3,1,69949172.00,16385.0000,0.0000,44944000.0,25012000.0,1.000,67108864.0,0.000,0,0,67108864,1,3,0,0,1,1
3,chain4,f32,16777216,glibc_t1,FIXED_TWIN,11,0,1,64738643.00,16385.0000,0.0000,42427000.0,22316000.0,1.000,67108864.0,0.000,0,0,67108864,1,2,1,0,1,1
3,chain4,f32,16777216,glibc_t1,P5,11,1,1,154007968.00,65540.0000,0.0000,31034000.0,122961000.0,4.000,268435456.0,0.000,0,0,268435456,4,0,0,0,1,1
3,chain4,f32,16777216,glibc_t1,P6,11,2,1,68968266.00,16385.0000,0.0000,58539000.0,10436000.0,1.000,67108864.0,0.000,0,0,67108864,1,3,0,0,1,1
3,chain4,f32,16777216,glibc_t1,P7,11,3,1,62941366.00,16385.0000,0.0000,35492000.0,27456000.0,1.000,67108864.0,0.000,0,0,67108864,1,2,1,0,1,1
3,chain4,f32,16777216,glibc_t1,P5,12,0,1,156816943.00,65540.0000,0.0000,40397000.0,116425000.0,4.000,268435456.0,0.000,0,0,268435456,4,0,0,0,1,1
3,chain4,f32,16777216,glibc_t1,P6,12,1,1,70570051.00,16385.0000,0.0000,49231000.0,21319000.0,1.000,67108864.0,0.000,0,0,67108864,1,3,0,0,1,1
3,chain4,f32,16777216,glibc_t1,P7,12,2,1,63943959.00,16385.0000,0.0000,35958000.0,27955000.0,1.000,67108864.0,0.000,0,0,67108864,1,2,1,0,1,1
3,chain4,f32,16777216,glibc_t1,FIXED_TWIN,12,3,1,63234378.00,16385.0000,0.0000,35633000.0,27607000.0,1.000,67108864.0,0.000,0,0,67108864,1,2,1,0,1,1
3,chain4,f32,16777216,glibc_t1,P6,13,0,1,71205011.00,16385.0000,0.0000,51618000.0,19593000.0,1.000,67108864.0,0.000,0,0,67108864,1,3,0,0,1,1
3,chain4,f32,16777216,glibc_t1,P7,13,1,1,64616762.00,16385.0000,0.0000,44300000.0,20323000.0,1.000,67108864.0,0.000,0,0,67108864,1,2,1,0,1,1
3,chain4,f32,16777216,glibc_t1,FIXED_TWIN,13,2,1,64444581.00,16385.0000,0.0000,32218000.0,32233000.0,1.000,67108864.0,0.000,0,0,67108864,1,2,1,0,1,1
3,chain4,f32,16777216,glibc_t1,P5,13,3,1,156697500.00,65540.0000,0.0000,20300000.0,136357000.0,4.000,268435456.0,0.000,0,0,268435456,4,0,0,0,1,1
3,chain4,f32,16777216,glibc_t1,P7,14,0,1,64017935.00,16385.0000,0.0000,40011000.0,24013000.0,1.000,67108864.0,0.000,0,0,67108864,1,2,1,0,1,1
3,chain4,f32,16777216,glibc_t1,FIXED_TWIN,14,1,1,77071923.00,16385.0000,0.0000,48522000.0,28558000.0,1.000,67108864.0,0.000,0,0,67108864,1,2,1,0,1,1
3,chain4,f32,16777216,glibc_t1,P5,14,2,1,159924472.00,65540.0000,0.0000,55967000.0,103964000.0,4.000,268435456.0,0.000,0,0,268435456,4,0,0,0,1,1
3,chain4,f32,16777216,glibc_t1,P6,14,3,1,70711155.00,16385.0000,0.0000,43375000.0,27333000.0,1.000,67108864.0,0.000,0,0,67108864,1,3,0,0,1,1
3,final_left_i32,i32,64,glibc_t1,P5,0,0,1000,290.12,0.0000,0.0000,142.0,151.0,2.000,512.0,0.000,0,0,256256,2,0,0,0,1,1
3,final_left_i32,i32,64,glibc_t1,P6,0,1,1000,266.94,0.0000,0.0000,129.0,139.0,1.000,256.0,0.000,0,0,256000,1,1,0,0,1,1
3,final_left_i32,i32,64,glibc_t1,P7,0,2,1000,265.24,0.0000,0.0000,128.0,137.0,1.000,256.0,0.000,0,0,256000,1,0,1,0,1,1
3,final_left_i32,i32,64,glibc_t1,FIXED_TWIN,0,3,1000,257.85,0.0000,0.0000,125.0,133.0,1.000,256.0,0.000,0,0,256000,1,0,1,0,1,1
3,final_left_i32,i32,64,glibc_t1,P6,1,0,1000,286.90,0.0000,0.0000,139.0,148.0,1.000,256.0,0.000,0,0,256000,1,1,0,0,1,1
3,final_left_i32,i32,64,glibc_t1,P7,1,1,1000,254.96,0.0000,0.0000,124.0,132.0,1.000,256.0,0.000,0,0,256000,1,0,1,0,1,1
3,final_left_i32,i32,64,glibc_t1,FIXED_TWIN,1,2,1000,257.98,0.0000,0.0000,258.0,0.0,1.000,256.0,0.000,0,0,256000,1,0,1,0,1,1
3,final_left_i32,i32,64,glibc_t1,P5,1,3,1000,350.22,0.0000,0.0000,351.0,0.0,2.000,512.0,0.000,0,0,256256,2,0,0,0,1,1
3,final_left_i32,i32,64,glibc_t1,P7,2,0,1000,249.37,0.0000,0.0000,250.0,0.0,1.000,256.0,0.000,0,0,256000,1,0,1,0,1,1
3,final_left_i32,i32,64,glibc_t1,FIXED_TWIN,2,1,1000,244.89,0.0000,0.0000,245.0,0.0,1.000,256.0,0.000,0,0,256000,1,0,1,0,1,1
3,final_left_i32,i32,64,glibc_t1,P5,2,2,1000,283.93,0.0000,0.0000,285.0,0.0,2.000,512.0,0.000,0,0,256256,2,0,0,0,1,1
3,final_left_i32,i32,64,glibc_t1,P6,2,3,1000,278.13,0.0000,0.0000,282.0,0.0,1.000,256.0,0.000,0,0,256000,1,1,0,0,1,1
3,final_left_i32,i32,64,glibc_t1,FIXED_TWIN,3,0,1000,271.32,0.0000,0.0000,272.0,0.0,1.000,256.0,0.000,0,0,256000,1,0,1,0,1,1
3,final_left_i32,i32,64,glibc_t1,P5,3,1,1000,290.65,0.0000,0.0000,292.0,0.0,2.000,512.0,0.000,0,0,256256,2,0,0,0,1,1
3,final_left_i32,i32,64,glibc_t1,P6,3,2,1000,273.75,0.0000,0.0000,274.0,0.0,1.000,256.0,0.000,0,0,256000,1,1,0,0,1,1
3,final_left_i32,i32,64,glibc_t1,P7,3,3,1000,267.93,0.0000,0.0000,268.0,0.0,1.000,256.0,0.000,0,0,256000,1,0,1,0,1,1
3,final_left_i32,i32,64,glibc_t1,P5,4,0,1000,294.06,0.0000,0.0000,294.0,0.0,2.000,512.0,0.000,0,0,256256,2,0,0,0,1,1
3,final_left_i32,i32,64,glibc_t1,P6,4,1,1000,275.52,0.0000,0.0000,276.0,0.0,1.000,256.0,0.000,0,0,256000,1,1,0,0,1,1
3,final_left_i32,i32,64,glibc_t1,P7,4,2,1000,294.99,0.0000,0.0000,296.0,0.0,1.000,256.0,0.000,0,0,256000,1,0,1,0,1,1
3,final_left_i32,i32,64,glibc_t1,FIXED_TWIN,4,3,1000,313.78,0.0000,0.0000,314.0,0.0,1.000,256.0,0.000,0,0,256000,1,0,1,0,1,1
3,final_left_i32,i32,64,glibc_t1,P6,5,0,1000,293.73,0.0000,0.0000,294.0,0.0,1.000,256.0,0.000,0,0,256000,1,1,0,0,1,1
3,final_left_i32,i32,64,glibc_t1,P7,5,1,1000,249.94,0.0000,0.0000,251.0,0.0,1.000,256.0,0.000,0,0,256000,1,0,1,0,1,1
3,final_left_i32,i32,64,glibc_t1,FIXED_TWIN,5,2,1000,253.66,0.0000,0.0000,256.0,0.0,1.000,256.0,0.000,0,0,256000,1,0,1,0,1,1
3,final_left_i32,i32,64,glibc_t1,P5,5,3,1000,305.67,0.0000,0.0000,306.0,0.0,2.000,512.0,0.000,0,0,256256,2,0,0,0,1,1
3,final_left_i32,i32,64,glibc_t1,P7,6,0,1000,262.94,0.0000,0.0000,263.0,0.0,1.000,256.0,0.000,0,0,256000,1,0,1,0,1,1
3,final_left_i32,i32,64,glibc_t1,FIXED_TWIN,6,1,1000,251.16,0.0000,0.0000,252.0,0.0,1.000,256.0,0.000,0,0,256000,1,0,1,0,1,1
3,final_left_i32,i32,64,glibc_t1,P5,6,2,1000,285.47,0.0000,0.0000,286.0,0.0,2.000,512.0,0.000,0,0,256256,2,0,0,0,1,1
3,final_left_i32,i32,64,glibc_t1,P6,6,3,1000,291.06,0.0000,0.0000,292.0,0.0,1.000,256.0,0.000,0,0,256000,1,1,0,0,1,1
3,final_left_i32,i32,64,glibc_t1,FIXED_TWIN,7,0,1000,271.06,0.0000,0.0000,272.0,0.0,1.000,256.0,0.000,0,0,256000,1,0,1,0,1,1
3,final_left_i32,i32,64,glibc_t1,P5,7,1,1000,291.37,0.0000,0.0000,292.0,0.0,2.000,512.0,0.000,0,0,256256,2,0,0,0,1,1
3,final_left_i32,i32,64,glibc_t1,P6,7,2,1000,276.32,0.0000,0.0000,277.0,0.0,1.000,256.0,0.000,0,0,256000,1,1,0,0,1,1
3,final_left_i32,i32,64,glibc_t1,P7,7,3,1000,289.55,0.0000,0.0000,290.0,0.0,1.000,256.0,0.000,0,0,256000,1,0,1,0,1,1
3,final_left_i32,i32,64,glibc_t1,P5,8,0,1000,290.07,0.0000,0.0000,291.0,0.0,2.000,512.0,0.000,0,0,256256,2,0,0,0,1,1
3,final_left_i32,i32,64,glibc_t1,P6,8,1,1000,280.73,0.0000,0.0000,281.0,0.0,1.000,256.0,0.000,0,0,256000,1,1,0,0,1,1
3,final_left_i32,i32,64,glibc_t1,P7,8,2,1000,245.50,0.0000,0.0000,247.0,0.0,1.000,256.0,0.000,0,0,256000,1,0,1,0,1,1
3,final_left_i32,i32,64,glibc_t1,FIXED_TWIN,8,3,1000,249.28,0.0000,0.0000,250.0,0.0,1.000,256.0,0.000,0,0,256000,1,0,1,0,1,1
3,final_left_i32,i32,64,glibc_t1,P6,9,0,1000,304.06,0.0000,0.0000,304.0,0.0,1.000,256.0,0.000,0,0,256000,1,1,0,0,1,1
3,final_left_i32,i32,64,glibc_t1,P7,9,1,1000,264.70,0.0000,0.0000,265.0,0.0,1.000,256.0,0.000,0,0,256000,1,0,1,0,1,1
3,final_left_i32,i32,64,glibc_t1,FIXED_TWIN,9,2,1000,256.39,0.0000,0.0000,257.0,0.0,1.000,256.0,0.000,0,0,256000,1,0,1,0,1,1
3,final_left_i32,i32,64,glibc_t1,P5,9,3,1000,304.91,0.0000,0.0000,305.0,0.0,2.000,512.0,0.000,0,0,256256,2,0,0,0,1,1
3,final_left_i32,i32,64,glibc_t1,P7,10,0,1000,263.47,0.0000,0.0000,267.0,0.0,1.000,256.0,0.000,0,0,256000,1,0,1,0,1,1
3,final_left_i32,i32,64,glibc_t1,FIXED_TWIN,10,1,1000,274.55,0.0000,0.0000,275.0,0.0,1.000,256.0,0.000,0,0,256000,1,0,1,0,1,1
3,final_left_i32,i32,64,glibc_t1,P5,10,2,1000,290.49,0.0000,0.0000,291.0,0.0,2.000,512.0,0.000,0,0,256256,2,0,0,0,1,1
3,final_left_i32,i32,64,glibc_t1,P6,10,3,1000,268.40,0.0000,0.0000,269.0,0.0,1.000,256.0,0.000,0,0,256000,1,1,0,0,1,1
3,final_left_i32,i32,64,glibc_t1,FIXED_TWIN,11,0,1000,296.33,0.0000,0.0000,296.0,0.0,1.000,256.0,0.000,0,0,256000,1,0,1,0,1,1
3,final_left_i32,i32,64,glibc_t1,P5,11,1,1000,297.36,0.0000,0.0000,297.0,0.0,2.000,512.0,0.000,0,0,256256,2,0,0,0,1,1
3,final_left_i32,i32,64,glibc_t1,P6,11,2,1000,266.94,0.0000,0.0000,267.0,0.0,1.000,256.0,0.000,0,0,256000,1,1,0,0,1,1
3,final_left_i32,i32,64,glibc_t1,P7,11,3,1000,246.47,0.0000,0.0000,247.0,0.0,1.000,256.0,0.000,0,0,256000,1,0,1,0,1,1
3,final_left_i32,i32,64,glibc_t1,P5,12,0,1000,295.52,0.0000,0.0000,296.0,0.0,2.000,512.0,0.000,0,0,256256,2,0,0,0,1,1
3,final_left_i32,i32,64,glibc_t1,P6,12,1,1000,289.33,0.0000,0.0000,290.0,0.0,1.000,256.0,0.000,0,0,256000,1,1,0,0,1,1
3,final_left_i32,i32,64,glibc_t1,P7,12,2,1000,270.95,0.0000,0.0000,271.0,0.0,1.000,256.0,0.000,0,0,256000,1,0,1,0,1,1
3,final_left_i32,i32,64,glibc_t1,FIXED_TWIN,12,3,1000,246.51,0.0000,0.0000,247.0,0.0,1.000,256.0,0.000,0,0,256000,1,0,1,0,1,1
3,final_left_i32,i32,64,glibc_t1,P6,13,0,1000,291.21,0.0000,0.0000,293.0,0.0,1.000,256.0,0.000,0,0,256000,1,1,0,0,1,1
3,final_left_i32,i32,64,glibc_t1,P7,13,1,1000,255.84,0.0000,0.0000,257.0,0.0,1.000,256.0,0.000,0,0,256000,1,0,1,0,1,1
3,final_left_i32,i32,64,glibc_t1,FIXED_TWIN,13,2,1000,255.28,0.0000,0.0000,256.0,0.0,1.000,256.0,0.000,0,0,256000,1,0,1,0,1,1
3,final_left_i32,i32,64,glibc_t1,P5,13,3,1000,285.53,0.0000,0.0000,286.0,0.0,2.000,512.0,0.000,0,0,256256,2,0,0,0,1,1
3,final_left_i32,i32,64,glibc_t1,P7,14,0,1000,248.94,0.0000,0.0000,250.0,0.0,1.000,256.0,0.000,0,0,256000,1,0,1,0,1,1
3,final_left_i32,i32,64,glibc_t1,FIXED_TWIN,14,1,1000,289.29,0.0000,0.0000,290.0,0.0,1.000,256.0,0.000,0,0,256000,1,0,1,0,1,1
3,final_left_i32,i32,64,glibc_t1,P5,14,2,1000,292.06,0.0000,0.0000,292.0,0.0,2.000,512.0,0.000,0,0,256256,2,0,0,0,1,1
3,final_left_i32,i32,64,glibc_t1,P6,14,3,1000,270.47,0.0000,0.0000,271.0,0.0,1.000,256.0,0.000,0,0,256000,1,1,0,0,1,1
3,final_left_i32,i32,1024,glibc_t1,P5,0,0,1000,570.33,0.0000,0.0000,573.0,0.0,2.000,8192.0,0.000,0,0,4100096,2,0,0,0,1,1
3,final_left_i32,i32,1024,glibc_t1,P6,0,1,1000,565.67,0.0000,0.0000,567.0,0.0,1.000,4096.0,0.000,0,0,4096000,1,1,0,0,1,1
3,final_left_i32,i32,1024,glibc_t1,P7,0,2,1000,441.62,0.0000,0.0000,444.0,0.0,1.000,4096.0,0.000,0,0,4096000,1,0,1,0,1,1
3,final_left_i32,i32,1024,glibc_t1,FIXED_TWIN,0,3,1000,450.81,0.0000,0.0000,455.0,0.0,1.000,4096.0,0.000,0,0,4096000,1,0,1,0,1,1
3,final_left_i32,i32,1024,glibc_t1,P6,1,0,1000,552.54,0.0000,0.0000,554.0,0.0,1.000,4096.0,0.000,0,0,4096000,1,1,0,0,1,1
3,final_left_i32,i32,1024,glibc_t1,P7,1,1,1000,424.44,0.0000,0.0000,426.0,0.0,1.000,4096.0,0.000,0,0,4096000,1,0,1,0,1,1
3,final_left_i32,i32,1024,glibc_t1,FIXED_TWIN,1,2,1000,426.00,0.0000,0.0000,427.0,0.0,1.000,4096.0,0.000,0,0,4096000,1,0,1,0,1,1
3,final_left_i32,i32,1024,glibc_t1,P5,1,3,1000,637.59,0.0000,0.0000,641.0,0.0,2.000,8192.0,0.000,0,0,4100096,2,0,0,0,1,1
3,final_left_i32,i32,1024,glibc_t1,P7,2,0,1000,463.66,0.0000,0.0000,466.0,0.0,1.000,4096.0,0.000,0,0,4096000,1,0,1,0,1,1
3,final_left_i32,i32,1024,glibc_t1,FIXED_TWIN,2,1,1000,428.20,0.0000,0.0000,431.0,0.0,1.000,4096.0,0.000,0,0,4096000,1,0,1,0,1,1
3,final_left_i32,i32,1024,glibc_t1,P5,2,2,1000,600.83,0.0000,0.0000,603.0,0.0,2.000,8192.0,0.000,0,0,4100096,2,0,0,0,1,1
3,final_left_i32,i32,1024,glibc_t1,P6,2,3,1000,547.71,0.0000,0.0000,549.0,0.0,1.000,4096.0,0.000,0,0,4096000,1,1,0,0,1,1
3,final_left_i32,i32,1024,glibc_t1,FIXED_TWIN,3,0,1000,435.67,0.0000,0.0000,438.0,0.0,1.000,4096.0,0.000,0,0,4096000,1,0,1,0,1,1
3,final_left_i32,i32,1024,glibc_t1,P5,3,1,1000,553.33,0.0000,0.0000,555.0,0.0,2.000,8192.0,0.000,0,0,4100096,2,0,0,0,1,1
3,final_left_i32,i32,1024,glibc_t1,P6,3,2,1000,541.18,0.0000,0.0000,544.0,0.0,1.000,4096.0,0.000,0,0,4096000,1,1,0,0,1,1
3,final_left_i32,i32,1024,glibc_t1,P7,3,3,1000,439.95,0.0000,0.0000,442.0,0.0,1.000,4096.0,0.000,0,0,4096000,1,0,1,0,1,1
3,final_left_i32,i32,1024,glibc_t1,P5,4,0,1000,557.76,0.0000,0.0000,559.0,0.0,2.000,8192.0,0.000,0,0,4100096,2,0,0,0,1,1
3,final_left_i32,i32,1024,glibc_t1,P6,4,1,1000,541.88,0.0000,0.0000,544.0,0.0,1.000,4096.0,0.000,0,0,4096000,1,1,0,0,1,1
3,final_left_i32,i32,1024,glibc_t1,P7,4,2,1000,437.63,0.0000,0.0000,439.0,0.0,1.000,4096.0,0.000,0,0,4096000,1,0,1,0,1,1
3,final_left_i32,i32,1024,glibc_t1,FIXED_TWIN,4,3,1000,431.79,0.0000,0.0000,434.0,0.0,1.000,4096.0,0.000,0,0,4096000,1,0,1,0,1,1
3,final_left_i32,i32,1024,glibc_t1,P6,5,0,1000,543.94,0.0000,0.0000,545.0,0.0,1.000,4096.0,0.000,0,0,4096000,1,1,0,0,1,1
3,final_left_i32,i32,1024,glibc_t1,P7,5,1,1000,453.34,0.0000,0.0000,456.0,0.0,1.000,4096.0,0.000,0,0,4096000,1,0,1,0,1,1
3,final_left_i32,i32,1024,glibc_t1,FIXED_TWIN,5,2,1000,446.07,0.0000,0.0000,448.0,0.0,1.000,4096.0,0.000,0,0,4096000,1,0,1,0,1,1
3,final_left_i32,i32,1024,glibc_t1,P5,5,3,1000,590.70,0.0000,0.0000,592.0,0.0,2.000,8192.0,0.000,0,0,4100096,2,0,0,0,1,1
3,final_left_i32,i32,1024,glibc_t1,P7,6,0,1000,451.86,0.0000,0.0000,454.0,0.0,1.000,4096.0,0.000,0,0,4096000,1,0,1,0,1,1
3,final_left_i32,i32,1024,glibc_t1,FIXED_TWIN,6,1,1000,423.35,0.0000,0.0000,425.0,0.0,1.000,4096.0,0.000,0,0,4096000,1,0,1,0,1,1
3,final_left_i32,i32,1024,glibc_t1,P5,6,2,1000,594.21,0.0000,0.0000,595.0,0.0,2.000,8192.0,0.000,0,0,4100096,2,0,0,0,1,1
3,final_left_i32,i32,1024,glibc_t1,P6,6,3,1000,540.17,0.0000,0.0000,541.0,0.0,1.000,4096.0,0.000,0,0,4096000,1,1,0,0,1,1
3,final_left_i32,i32,1024,glibc_t1,FIXED_TWIN,7,0,1000,425.58,0.0000,0.0000,427.0,0.0,1.000,4096.0,0.000,0,0,4096000,1,0,1,0,1,1
3,final_left_i32,i32,1024,glibc_t1,P5,7,1,1000,584.79,0.0000,0.0000,586.0,0.0,2.000,8192.0,0.000,0,0,4100096,2,0,0,0,1,1
3,final_left_i32,i32,1024,glibc_t1,P6,7,2,1000,555.89,0.0000,0.0000,560.0,0.0,1.000,4096.0,0.000,0,0,4096000,1,1,0,0,1,1
3,final_left_i32,i32,1024,glibc_t1,P7,7,3,1000,424.86,0.0000,0.0000,426.0,0.0,1.000,4096.0,0.000,0,0,4096000,1,0,1,0,1,1
3,final_left_i32,i32,1024,glibc_t1,P5,8,0,1000,592.72,0.0000,0.0000,595.0,0.0,2.000,8192.0,0.000,0,0,4100096,2,0,0,0,1,1
3,final_left_i32,i32,1024,glibc_t1,P6,8,1,1000,560.73,0.0000,0.0000,562.0,0.0,1.000,4096.0,0.000,0,0,4096000,1,1,0,0,1,1
3,final_left_i32,i32,1024,glibc_t1,P7,8,2,1000,453.80,0.0000,0.0000,457.0,0.0,1.000,4096.0,0.000,0,0,4096000,1,0,1,0,1,1
3,final_left_i32,i32,1024,glibc_t1,FIXED_TWIN,8,3,1000,561.37,0.0000,0.0000,564.0,0.0,1.000,4096.0,0.000,0,0,4096000,1,0,1,0,1,1
3,final_left_i32,i32,1024,glibc_t1,P6,9,0,1000,554.63,0.0000,0.0000,556.0,0.0,1.000,4096.0,0.000,0,0,4096000,1,1,0,0,1,1
3,final_left_i32,i32,1024,glibc_t1,P7,9,1,1000,436.08,0.0000,0.0000,437.0,0.0,1.000,4096.0,0.000,0,0,4096000,1,0,1,0,1,1
3,final_left_i32,i32,1024,glibc_t1,FIXED_TWIN,9,2,1000,479.30,0.0000,0.0000,481.0,0.0,1.000,4096.0,0.000,0,0,4096000,1,0,1,0,1,1
3,final_left_i32,i32,1024,glibc_t1,P5,9,3,1000,563.11,0.0000,0.0000,564.0,0.0,2.000,8192.0,0.000,0,0,4100096,2,0,0,0,1,1
3,final_left_i32,i32,1024,glibc_t1,P7,10,0,1000,426.58,0.0000,0.0000,429.0,0.0,1.000,4096.0,0.000,0,0,4096000,1,0,1,0,1,1
3,final_left_i32,i32,1024,glibc_t1,FIXED_TWIN,10,1,1000,453.16,0.0000,0.0000,454.0,0.0,1.000,4096.0,0.000,0,0,4096000,1,0,1,0,1,1
3,final_left_i32,i32,1024,glibc_t1,P5,10,2,1000,563.04,0.0000,0.0000,564.0,0.0,2.000,8192.0,0.000,0,0,4100096,2,0,0,0,1,1
3,final_left_i32,i32,1024,glibc_t1,P6,10,3,1000,545.95,0.0000,0.0000,547.0,0.0,1.000,4096.0,0.000,0,0,4096000,1,1,0,0,1,1
3,final_left_i32,i32,1024,glibc_t1,FIXED_TWIN,11,0,1000,456.47,0.0000,0.0000,457.0,0.0,1.000,4096.0,0.000,0,0,4096000,1,0,1,0,1,1
3,final_left_i32,i32,1024,glibc_t1,P5,11,1,1000,574.61,0.0000,0.0000,578.0,0.0,2.000,8192.0,0.000,0,0,4100096,2,0,0,0,1,1
3,final_left_i32,i32,1024,glibc_t1,P6,11,2,1000,570.23,0.0000,0.0000,573.0,0.0,1.000,4096.0,0.000,0,0,4096000,1,1,0,0,1,1
3,final_left_i32,i32,1024,glibc_t1,P7,11,3,1000,474.00,0.0000,0.0000,477.0,0.0,1.000,4096.0,0.000,0,0,4096000,1,0,1,0,1,1
3,final_left_i32,i32,1024,glibc_t1,P5,12,0,1000,577.36,0.0000,0.0000,579.0,0.0,2.000,8192.0,0.000,0,0,4100096,2,0,0,0,1,1
3,final_left_i32,i32,1024,glibc_t1,P6,12,1,1000,543.05,0.0000,0.0000,545.0,0.0,1.000,4096.0,0.000,0,0,4096000,1,1,0,0,1,1
3,final_left_i32,i32,1024,glibc_t1,P7,12,2,1000,467.75,0.0000,0.0000,469.0,0.0,1.000,4096.0,0.000,0,0,4096000,1,0,1,0,1,1
3,final_left_i32,i32,1024,glibc_t1,FIXED_TWIN,12,3,1000,456.61,0.0000,0.0000,459.0,0.0,1.000,4096.0,0.000,0,0,4096000,1,0,1,0,1,1
3,final_left_i32,i32,1024,glibc_t1,P6,13,0,1000,543.71,0.0000,0.0000,545.0,0.0,1.000,4096.0,0.000,0,0,4096000,1,1,0,0,1,1
3,final_left_i32,i32,1024,glibc_t1,P7,13,1,1000,465.36,0.0000,0.0000,467.0,0.0,1.000,4096.0,0.000,0,0,4096000,1,0,1,0,1,1
3,final_left_i32,i32,1024,glibc_t1,FIXED_TWIN,13,2,1000,432.20,0.0000,0.0000,434.0,0.0,1.000,4096.0,0.000,0,0,4096000,1,0,1,0,1,1
3,final_left_i32,i32,1024,glibc_t1,P5,13,3,1000,556.65,0.0000,0.0000,558.0,0.0,2.000,8192.0,0.000,0,0,4100096,2,0,0,0,1,1
3,final_left_i32,i32,1024,glibc_t1,P7,14,0,1000,449.76,0.0000,0.0000,451.0,0.0,1.000,4096.0,0.000,0,0,4096000,1,0,1,0,1,1
3,final_left_i32,i32,1024,glibc_t1,FIXED_TWIN,14,1,1000,415.68,0.0000,0.0000,417.0,0.0,1.000,4096.0,0.000,0,0,4096000,1,0,1,0,1,1
3,final_left_i32,i32,1024,glibc_t1,P5,14,2,1000,552.83,0.0000,0.0000,555.0,0.0,2.000,8192.0,0.000,0,0,4100096,2,0,0,0,1,1
3,final_left_i32,i32,1024,glibc_t1,P6,14,3,1000,589.33,0.0000,0.0000,593.0,0.0,1.000,4096.0,0.000,0,0,4096000,1,1,0,0,1,1
3,final_left_i32,i32,4096,glibc_t1,P5,0,0,1,1770.00,0.0000,0.0000,3000.0,0.0,2.000,32768.0,0.000,0,0,32768,2,0,0,0,1,1
3,final_left_i32,i32,4096,glibc_t1,P6,0,1,1,1365.00,0.0000,0.0000,2000.0,0.0,1.000,16384.0,0.000,0,0,16384,1,1,0,0,1,1
3,final_left_i32,i32,4096,glibc_t1,P7,0,2,1,1158.00,0.0000,0.0000,2000.0,0.0,1.000,16384.0,0.000,0,0,16384,1,0,1,0,1,1
3,final_left_i32,i32,4096,glibc_t1,FIXED_TWIN,0,3,1,1146.00,0.0000,0.0000,2000.0,0.0,1.000,16384.0,0.000,0,0,16384,1,0,1,0,1,1
3,final_left_i32,i32,4096,glibc_t1,P6,1,0,1,1293.00,0.0000,0.0000,2000.0,0.0,1.000,16384.0,0.000,0,0,16384,1,1,0,0,1,1
3,final_left_i32,i32,4096,glibc_t1,P7,1,1,1,1080.00,0.0000,0.0000,2000.0,0.0,1.000,16384.0,0.000,0,0,16384,1,0,1,0,1,1
3,final_left_i32,i32,4096,glibc_t1,FIXED_TWIN,1,2,1,1084.00,0.0000,0.0000,1000.0,0.0,1.000,16384.0,0.000,0,0,16384,1,0,1,0,1,1
3,final_left_i32,i32,4096,glibc_t1,P5,1,3,1,1555.00,0.0000,0.0000,2000.0,0.0,2.000,32768.0,0.000,0,0,32768,2,0,0,0,1,1
3,final_left_i32,i32,4096,glibc_t1,P7,2,0,1,1120.00,0.0000,0.0000,1000.0,0.0,1.000,16384.0,0.000,0,0,16384,1,0,1,0,1,1
3,final_left_i32,i32,4096,glibc_t1,FIXED_TWIN,2,1,1,1081.00,0.0000,0.0000,1000.0,0.0,1.000,16384.0,0.000,0,0,16384,1,0,1,0,1,1
3,final_left_i32,i32,4096,glibc_t1,P5,2,2,1,1517.00,0.0000,0.0000,2000.0,0.0,2.000,32768.0,0.000,0,0,32768,2,0,0,0,1,1
3,final_left_i32,i32,4096,glibc_t1,P6,2,3,1,1310.00,0.0000,0.0000,2000.0,0.0,1.000,16384.0,0.000,0,0,16384,1,1,0,0,1,1
3,final_left_i32,i32,4096,glibc_t1,FIXED_TWIN,3,0,1,1093.00,0.0000,0.0000,1000.0,0.0,1.000,16384.0,0.000,0,0,16384,1,0,1,0,1,1
3,final_left_i32,i32,4096,glibc_t1,P5,3,1,1,1496.00,0.0000,0.0000,2000.0,0.0,2.000,32768.0,0.000,0,0,32768,2,0,0,0,1,1
3,final_left_i32,i32,4096,glibc_t1,P6,3,2,1,1388.00,0.0000,0.0000,2000.0,0.0,1.000,16384.0,0.000,0,0,16384,1,1,0,0,1,1
3,final_left_i32,i32,4096,glibc_t1,P7,3,3,1,1100.00,0.0000,0.0000,1000.0,0.0,1.000,16384.0,0.000,0,0,16384,1,0,1,0,1,1
3,final_left_i32,i32,4096,glibc_t1,P5,4,0,1,1494.00,0.0000,0.0000,2000.0,0.0,2.000,32768.0,0.000,0,0,32768,2,0,0,0,1,1
3,final_left_i32,i32,4096,glibc_t1,P6,4,1,1,1303.00,0.0000,0.0000,2000.0,0.0,1.000,16384.0,0.000,0,0,16384,1,1,0,0,1,1
3,final_left_i32,i32,4096,glibc_t1,P7,4,2,1,1103.00,0.0000,0.0000,2000.0,0.0,1.000,16384.0,0.000,0,0,16384,1,0,1,0,1,1
3,final_left_i32,i32,4096,glibc_t1,FIXED_TWIN,4,3,1,1101.00,0.0000,0.0000,2000.0,0.0,1.000,16384.0,0.000,0,0,16384,1,0,1,0,1,1
3,final_left_i32,i32,4096,glibc_t1,P6,5,0,1,1285.00,0.0000,0.0000,2000.0,0.0,1.000,16384.0,0.000,0,0,16384,1,1,0,0,1,1
3,final_left_i32,i32,4096,glibc_t1,P7,5,1,1,1130.00,0.0000,0.0000,2000.0,0.0,1.000,16384.0,0.000,0,0,16384,1,0,1,0,1,1
3,final_left_i32,i32,4096,glibc_t1,FIXED_TWIN,5,2,1,1086.00,0.0000,0.0000,2000.0,0.0,1.000,16384.0,0.000,0,0,16384,1,0,1,0,1,1
3,final_left_i32,i32,4096,glibc_t1,P5,5,3,1,1537.00,0.0000,0.0000,2000.0,0.0,2.000,32768.0,0.000,0,0,32768,2,0,0,0,1,1
3,final_left_i32,i32,4096,glibc_t1,P7,6,0,1,1108.00,0.0000,0.0000,2000.0,0.0,1.000,16384.0,0.000,0,0,16384,1,0,1,0,1,1
3,final_left_i32,i32,4096,glibc_t1,FIXED_TWIN,6,1,1,1085.00,0.0000,0.0000,2000.0,0.0,1.000,16384.0,0.000,0,0,16384,1,0,1,0,1,1
3,final_left_i32,i32,4096,glibc_t1,P5,6,2,1,1565.00,0.0000,0.0000,2000.0,0.0,2.000,32768.0,0.000,0,0,32768,2,0,0,0,1,1
3,final_left_i32,i32,4096,glibc_t1,P6,6,3,1,1321.00,0.0000,0.0000,2000.0,0.0,1.000,16384.0,0.000,0,0,16384,1,1,0,0,1,1
3,final_left_i32,i32,4096,glibc_t1,FIXED_TWIN,7,0,1,1103.00,0.0000,0.0000,2000.0,0.0,1.000,16384.0,0.000,0,0,16384,1,0,1,0,1,1
3,final_left_i32,i32,4096,glibc_t1,P5,7,1,1,1464.00,0.0000,0.0000,2000.0,0.0,2.000,32768.0,0.000,0,0,32768,2,0,0,0,1,1
3,final_left_i32,i32,4096,glibc_t1,P6,7,2,1,1351.00,0.0000,0.0000,1000.0,0.0,1.000,16384.0,0.000,0,0,16384,1,1,0,0,1,1
3,final_left_i32,i32,4096,glibc_t1,P7,7,3,1,1152.00,0.0000,0.0000,1000.0,0.0,1.000,16384.0,0.000,0,0,16384,1,0,1,0,1,1
3,final_left_i32,i32,4096,glibc_t1,P5,8,0,1,1494.00,0.0000,0.0000,2000.0,0.0,2.000,32768.0,0.000,0,0,32768,2,0,0,0,1,1
3,final_left_i32,i32,4096,glibc_t1,P6,8,1,1,1320.00,0.0000,0.0000,2000.0,0.0,1.000,16384.0,0.000,0,0,16384,1,1,0,0,1,1
3,final_left_i32,i32,4096,glibc_t1,P7,8,2,1,1098.00,0.0000,0.0000,2000.0,0.0,1.000,16384.0,0.000,0,0,16384,1,0,1,0,1,1
3,final_left_i32,i32,4096,glibc_t1,FIXED_TWIN,8,3,1,1091.00,0.0000,0.0000,1000.0,0.0,1.000,16384.0,0.000,0,0,16384,1,0,1,0,1,1
3,final_left_i32,i32,4096,glibc_t1,P6,9,0,1,1315.00,0.0000,0.0000,2000.0,0.0,1.000,16384.0,0.000,0,0,16384,1,1,0,0,1,1
3,final_left_i32,i32,4096,glibc_t1,P7,9,1,1,1113.00,0.0000,0.0000,2000.0,0.0,1.000,16384.0,0.000,0,0,16384,1,0,1,0,1,1
3,final_left_i32,i32,4096,glibc_t1,FIXED_TWIN,9,2,1,1081.00,0.0000,0.0000,2000.0,0.0,1.000,16384.0,0.000,0,0,16384,1,0,1,0,1,1
3,final_left_i32,i32,4096,glibc_t1,P5,9,3,1,1498.00,0.0000,0.0000,1000.0,0.0,2.000,32768.0,0.000,0,0,32768,2,0,0,0,1,1
3,final_left_i32,i32,4096,glibc_t1,P7,10,0,1,1108.00,0.0000,0.0000,2000.0,0.0,1.000,16384.0,0.000,0,0,16384,1,0,1,0,1,1
3,final_left_i32,i32,4096,glibc_t1,FIXED_TWIN,10,1,1,1075.00,0.0000,0.0000,2000.0,0.0,1.000,16384.0,0.000,0,0,16384,1,0,1,0,1,1
3,final_left_i32,i32,4096,glibc_t1,P5,10,2,1,1612.00,0.0000,0.0000,2000.0,0.0,2.000,32768.0,0.000,0,0,32768,2,0,0,0,1,1
3,final_left_i32,i32,4096,glibc_t1,P6,10,3,1,1332.00,0.0000,0.0000,2000.0,0.0,1.000,16384.0,0.000,0,0,16384,1,1,0,0,1,1
3,final_left_i32,i32,4096,glibc_t1,FIXED_TWIN,11,0,1,1162.00,0.0000,0.0000,1000.0,0.0,1.000,16384.0,0.000,0,0,16384,1,0,1,0,1,1
3,final_left_i32,i32,4096,glibc_t1,P5,11,1,1,1537.00,0.0000,0.0000,2000.0,0.0,2.000,32768.0,0.000,0,0,32768,2,0,0,0,1,1
3,final_left_i32,i32,4096,glibc_t1,P6,11,2,1,1325.00,0.0000,0.0000,2000.0,0.0,1.000,16384.0,0.000,0,0,16384,1,1,0,0,1,1
3,final_left_i32,i32,4096,glibc_t1,P7,11,3,1,1102.00,0.0000,0.0000,2000.0,0.0,1.000,16384.0,0.000,0,0,16384,1,0,1,0,1,1
3,final_left_i32,i32,4096,glibc_t1,P5,12,0,1,1490.00,0.0000,0.0000,2000.0,0.0,2.000,32768.0,0.000,0,0,32768,2,0,0,0,1,1
3,final_left_i32,i32,4096,glibc_t1,P6,12,1,1,1323.00,0.0000,0.0000,2000.0,0.0,1.000,16384.0,0.000,0,0,16384,1,1,0,0,1,1
3,final_left_i32,i32,4096,glibc_t1,P7,12,2,1,1103.00,0.0000,0.0000,1000.0,0.0,1.000,16384.0,0.000,0,0,16384,1,0,1,0,1,1
3,final_left_i32,i32,4096,glibc_t1,FIXED_TWIN,12,3,1,1110.00,0.0000,0.0000,1000.0,0.0,1.000,16384.0,0.000,0,0,16384,1,0,1,0,1,1
3,final_left_i32,i32,4096,glibc_t1,P6,13,0,1,1294.00,0.0000,0.0000,2000.0,0.0,1.000,16384.0,0.000,0,0,16384,1,1,0,0,1,1
3,final_left_i32,i32,4096,glibc_t1,P7,13,1,1,1104.00,0.0000,0.0000,2000.0,0.0,1.000,16384.0,0.000,0,0,16384,1,0,1,0,1,1
3,final_left_i32,i32,4096,glibc_t1,FIXED_TWIN,13,2,1,1081.00,0.0000,0.0000,2000.0,0.0,1.000,16384.0,0.000,0,0,16384,1,0,1,0,1,1
3,final_left_i32,i32,4096,glibc_t1,P5,13,3,1,1545.00,0.0000,0.0000,2000.0,0.0,2.000,32768.0,0.000,0,0,32768,2,0,0,0,1,1
3,final_left_i32,i32,4096,glibc_t1,P7,14,0,1,1120.00,0.0000,0.0000,2000.0,0.0,1.000,16384.0,0.000,0,0,16384,1,0,1,0,1,1
3,final_left_i32,i32,4096,glibc_t1,FIXED_TWIN,14,1,1,1077.00,0.0000,0.0000,2000.0,0.0,1.000,16384.0,0.000,0,0,16384,1,0,1,0,1,1
3,final_left_i32,i32,4096,glibc_t1,P5,14,2,1,1567.00,0.0000,0.0000,2000.0,0.0,2.000,32768.0,0.000,0,0,32768,2,0,0,0,1,1
3,final_left_i32,i32,4096,glibc_t1,P6,14,3,1,1330.00,0.0000,0.0000,1000.0,0.0,1.000,16384.0,0.000,0,0,16384,1,1,0,0,1,1
3,final_left_i32,i32,16384,glibc_t1,P5,0,0,1,4795.00,0.0000,0.0000,5000.0,0.0,2.000,131072.0,0.000,0,0,131072,2,0,0,0,1,1
3,final_left_i32,i32,16384,glibc_t1,P6,0,1,1,4633.00,0.0000,0.0000,5000.0,0.0,1.000,65536.0,0.000,0,0,65536,1,1,0,0,1,1
3,final_left_i32,i32,16384,glibc_t1,P7,0,2,1,3372.00,0.0000,0.0000,4000.0,0.0,1.000,65536.0,0.000,0,0,65536,1,0,1,0,1,1
3,final_left_i32,i32,16384,glibc_t1,FIXED_TWIN,0,3,1,3459.00,0.0000,0.0000,4000.0,0.0,1.000,65536.0,0.000,0,0,65536,1,0,1,0,1,1
3,final_left_i32,i32,16384,glibc_t1,P6,1,0,1,4683.00,0.0000,0.0000,5000.0,0.0,1.000,65536.0,0.000,0,0,65536,1,1,0,0,1,1
3,final_left_i32,i32,16384,glibc_t1,P7,1,1,1,3483.00,0.0000,0.0000,4000.0,0.0,1.000,65536.0,0.000,0,0,65536,1,0,1,0,1,1
3,final_left_i32,i32,16384,glibc_t1,FIXED_TWIN,1,2,1,3348.00,0.0000,0.0000,3000.0,0.0,1.000,65536.0,0.000,0,0,65536,1,0,1,0,1,1
3,final_left_i32,i32,16384,glibc_t1,P5,1,3,1,4800.00,0.0000,0.0000,6000.0,0.0,2.000,131072.0,0.000,0,0,131072,2,0,0,0,1,1
3,final_left_i32,i32,16384,glibc_t1,P7,2,0,1,3443.00,0.0000,0.0000,4000.0,0.0,1.000,65536.0,0.000,0,0,65536,1,0,1,0,1,1
3,final_left_i32,i32,16384,glibc_t1,FIXED_TWIN,2,1,1,3379.00,0.0000,0.0000,4000.0,0.0,1.000,65536.0,0.000,0,0,65536,1,0,1,0,1,1
3,final_left_i32,i32,16384,glibc_t1,P5,2,2,1,4787.00,0.0000,0.0000,5000.0,0.0,2.000,131072.0,0.000,0,0,131072,2,0,0,0,1,1
3,final_left_i32,i32,16384,glibc_t1,P6,2,3,1,8482.00,0.0000,0.0000,9000.0,0.0,1.000,65536.0,0.000,0,0,65536,1,1,0,0,1,1
3,final_left_i32,i32,16384,glibc_t1,FIXED_TWIN,3,0,1,3410.00,0.0000,0.0000,4000.0,0.0,1.000,65536.0,0.000,0,0,65536,1,0,1,0,1,1
3,final_left_i32,i32,16384,glibc_t1,P5,3,1,1,4825.00,0.0000,0.0000,5000.0,0.0,2.000,131072.0,0.000,0,0,131072,2,0,0,0,1,1
3,final_left_i32,i32,16384,glibc_t1,P6,3,2,1,4605.00,0.0000,0.0000,5000.0,0.0,1.000,65536.0,0.000,0,0,65536,1,1,0,0,1,1
3,final_left_i32,i32,16384,glibc_t1,P7,3,3,1,3449.00,0.0000,0.0000,4000.0,0.0,1.000,65536.0,0.000,0,0,65536,1,0,1,0,1,1
3,final_left_i32,i32,16384,glibc_t1,P5,4,0,1,4793.00,0.0000,0.0000,5000.0,0.0,2.000,131072.0,0.000,0,0,131072,2,0,0,0,1,1
3,final_left_i32,i32,16384,glibc_t1,P6,4,1,1,4590.00,0.0000,0.0000,5000.0,0.0,1.000,65536.0,0.000,0,0,65536,1,1,0,0,1,1
3,final_left_i32,i32,16384,glibc_t1,P7,4,2,1,3375.00,0.0000,0.0000,4000.0,0.0,1.000,65536.0,0.000,0,0,65536,1,0,1,0,1,1
3,final_left_i32,i32,16384,glibc_t1,FIXED_TWIN,4,3,1,3354.00,0.0000,0.0000,3000.0,0.0,1.000,65536.0,0.000,0,0,65536,1,0,1,0,1,1
3,final_left_i32,i32,16384,glibc_t1,P6,5,0,1,4638.00,0.0000,0.0000,5000.0,0.0,1.000,65536.0,0.000,0,0,65536,1,1,0,0,1,1
3,final_left_i32,i32,16384,glibc_t1,P7,5,1,1,3420.00,0.0000,0.0000,4000.0,0.0,1.000,65536.0,0.000,0,0,65536,1,0,1,0,1,1
3,final_left_i32,i32,16384,glibc_t1,FIXED_TWIN,5,2,1,3398.00,0.0000,0.0000,4000.0,0.0,1.000,65536.0,0.000,0,0,65536,1,0,1,0,1,1
3,final_left_i32,i32,16384,glibc_t1,P5,5,3,1,4878.00,0.0000,0.0000,6000.0,0.0,2.000,131072.0,0.000,0,0,131072,2,0,0,0,1,1
3,final_left_i32,i32,16384,glibc_t1,P7,6,0,1,3357.00,0.0000,0.0000,4000.0,0.0,1.000,65536.0,0.000,0,0,65536,1,0,1,0,1,1
3,final_left_i32,i32,16384,glibc_t1,FIXED_TWIN,6,1,1,3365.00,0.0000,0.0000,4000.0,0.0,1.000,65536.0,0.000,0,0,65536,1,0,1,0,1,1
3,final_left_i32,i32,16384,glibc_t1,P5,6,2,1,4754.00,0.0000,0.0000,5000.0,0.0,2.000,131072.0,0.000,0,0,131072,2,0,0,0,1,1
3,final_left_i32,i32,16384,glibc_t1,P6,6,3,1,5242.00,0.0000,0.0000,6000.0,0.0,1.000,65536.0,0.000,0,0,65536,1,1,0,0,1,1
3,final_left_i32,i32,16384,glibc_t1,FIXED_TWIN,7,0,1,3604.00,0.0000,0.0000,4000.0,0.0,1.000,65536.0,0.000,0,0,65536,1,0,1,0,1,1
3,final_left_i32,i32,16384,glibc_t1,P5,7,1,1,4871.00,0.0000,0.0000,6000.0,0.0,2.000,131072.0,0.000,0,0,131072,2,0,0,0,1,1
3,final_left_i32,i32,16384,glibc_t1,P6,7,2,1,4793.00,0.0000,0.0000,5000.0,0.0,1.000,65536.0,0.000,0,0,65536,1,1,0,0,1,1
3,final_left_i32,i32,16384,glibc_t1,P7,7,3,1,3499.00,0.0000,0.0000,4000.0,0.0,1.000,65536.0,0.000,0,0,65536,1,0,1,0,1,1
3,final_left_i32,i32,16384,glibc_t1,P5,8,0,1,4817.00,0.0000,0.0000,5000.0,0.0,2.000,131072.0,0.000,0,0,131072,2,0,0,0,1,1
3,final_left_i32,i32,16384,glibc_t1,P6,8,1,1,4654.00,0.0000,0.0000,5000.0,0.0,1.000,65536.0,0.000,0,0,65536,1,1,0,0,1,1
3,final_left_i32,i32,16384,glibc_t1,P7,8,2,1,3381.00,0.0000,0.0000,4000.0,0.0,1.000,65536.0,0.000,0,0,65536,1,0,1,0,1,1
3,final_left_i32,i32,16384,glibc_t1,FIXED_TWIN,8,3,1,3480.00,0.0000,0.0000,4000.0,0.0,1.000,65536.0,0.000,0,0,65536,1,0,1,0,1,1
3,final_left_i32,i32,16384,glibc_t1,P6,9,0,1,4663.00,0.0000,0.0000,5000.0,0.0,1.000,65536.0,0.000,0,0,65536,1,1,0,0,1,1
3,final_left_i32,i32,16384,glibc_t1,P7,9,1,1,3450.00,0.0000,0.0000,4000.0,0.0,1.000,65536.0,0.000,0,0,65536,1,0,1,0,1,1
3,final_left_i32,i32,16384,glibc_t1,FIXED_TWIN,9,2,1,3386.00,0.0000,0.0000,4000.0,0.0,1.000,65536.0,0.000,0,0,65536,1,0,1,0,1,1
3,final_left_i32,i32,16384,glibc_t1,P5,9,3,1,4801.00,0.0000,0.0000,5000.0,0.0,2.000,131072.0,0.000,0,0,131072,2,0,0,0,1,1
3,final_left_i32,i32,16384,glibc_t1,P7,10,0,1,3381.00,0.0000,0.0000,3000.0,0.0,1.000,65536.0,0.000,0,0,65536,1,0,1,0,1,1
3,final_left_i32,i32,16384,glibc_t1,FIXED_TWIN,10,1,1,3351.00,0.0000,0.0000,4000.0,0.0,1.000,65536.0,0.000,0,0,65536,1,0,1,0,1,1
3,final_left_i32,i32,16384,glibc_t1,P5,10,2,1,4753.00,0.0000,0.0000,5000.0,0.0,2.000,131072.0,0.000,0,0,131072,2,0,0,0,1,1
3,final_left_i32,i32,16384,glibc_t1,P6,10,3,1,4677.00,0.0000,0.0000,5000.0,0.0,1.000,65536.0,0.000,0,0,65536,1,1,0,0,1,1
3,final_left_i32,i32,16384,glibc_t1,FIXED_TWIN,11,0,1,3492.00,0.0000,0.0000,4000.0,0.0,1.000,65536.0,0.000,0,0,65536,1,0,1,0,1,1
3,final_left_i32,i32,16384,glibc_t1,P5,11,1,1,4772.00,0.0000,0.0000,5000.0,0.0,2.000,131072.0,0.000,0,0,131072,2,0,0,0,1,1
3,final_left_i32,i32,16384,glibc_t1,P6,11,2,1,4688.00,0.0000,0.0000,5000.0,0.0,1.000,65536.0,0.000,0,0,65536,1,1,0,0,1,1
3,final_left_i32,i32,16384,glibc_t1,P7,11,3,1,3413.00,0.0000,0.0000,4000.0,0.0,1.000,65536.0,0.000,0,0,65536,1,0,1,0,1,1
3,final_left_i32,i32,16384,glibc_t1,P5,12,0,1,4822.00,0.0000,0.0000,5000.0,0.0,2.000,131072.0,0.000,0,0,131072,2,0,0,0,1,1
3,final_left_i32,i32,16384,glibc_t1,P6,12,1,1,4700.00,0.0000,0.0000,5000.0,0.0,1.000,65536.0,0.000,0,0,65536,1,1,0,0,1,1
3,final_left_i32,i32,16384,glibc_t1,P7,12,2,1,3491.00,0.0000,0.0000,4000.0,0.0,1.000,65536.0,0.000,0,0,65536,1,0,1,0,1,1
3,final_left_i32,i32,16384,glibc_t1,FIXED_TWIN,12,3,1,3391.00,0.0000,0.0000,3000.0,0.0,1.000,65536.0,0.000,0,0,65536,1,0,1,0,1,1
3,final_left_i32,i32,16384,glibc_t1,P6,13,0,1,4696.00,0.0000,0.0000,5000.0,0.0,1.000,65536.0,0.000,0,0,65536,1,1,0,0,1,1
3,final_left_i32,i32,16384,glibc_t1,P7,13,1,1,3469.00,0.0000,0.0000,4000.0,0.0,1.000,65536.0,0.000,0,0,65536,1,0,1,0,1,1
3,final_left_i32,i32,16384,glibc_t1,FIXED_TWIN,13,2,1,3471.00,0.0000,0.0000,4000.0,0.0,1.000,65536.0,0.000,0,0,65536,1,0,1,0,1,1
3,final_left_i32,i32,16384,glibc_t1,P5,13,3,1,4794.00,0.0000,0.0000,5000.0,0.0,2.000,131072.0,0.000,0,0,131072,2,0,0,0,1,1
3,final_left_i32,i32,16384,glibc_t1,P7,14,0,1,4386.00,0.0000,0.0000,5000.0,0.0,1.000,65536.0,0.000,0,0,65536,1,0,1,0,1,1
3,final_left_i32,i32,16384,glibc_t1,FIXED_TWIN,14,1,1,4004.00,0.0000,0.0000,5000.0,0.0,1.000,65536.0,0.000,0,0,65536,1,0,1,0,1,1
3,final_left_i32,i32,16384,glibc_t1,P5,14,2,1,5970.00,0.0000,0.0000,7000.0,0.0,2.000,131072.0,0.000,0,0,131072,2,0,0,0,1,1
3,final_left_i32,i32,16384,glibc_t1,P6,14,3,1,5592.00,0.0000,0.0000,6000.0,0.0,1.000,65536.0,0.000,0,0,65536,1,1,0,0,1,1
3,final_left_i32,i32,65536,glibc_t1,P5,0,0,1,19110.00,0.0000,0.0000,21000.0,0.0,2.000,524288.0,0.000,0,0,524288,2,0,0,0,1,1
3,final_left_i32,i32,65536,glibc_t1,P6,0,1,1,17256.00,0.0000,0.0000,18000.0,0.0,1.000,262144.0,0.000,0,0,262144,1,1,0,0,1,1
3,final_left_i32,i32,65536,glibc_t1,P7,0,2,1,12763.00,0.0000,0.0000,14000.0,0.0,1.000,262144.0,0.000,0,0,262144,1,0,1,0,1,1
3,final_left_i32,i32,65536,glibc_t1,FIXED_TWIN,0,3,1,12708.00,0.0000,0.0000,13000.0,0.0,1.000,262144.0,0.000,0,0,262144,1,0,1,0,1,1
3,final_left_i32,i32,65536,glibc_t1,P6,1,0,1,17054.00,0.0000,0.0000,18000.0,0.0,1.000,262144.0,0.000,0,0,262144,1,1,0,0,1,1
3,final_left_i32,i32,65536,glibc_t1,P7,1,1,1,12680.00,0.0000,0.0000,13000.0,0.0,1.000,262144.0,0.000,0,0,262144,1,0,1,0,1,1
3,final_left_i32,i32,65536,glibc_t1,FIXED_TWIN,1,2,1,12681.00,0.0000,0.0000,13000.0,0.0,1.000,262144.0,0.000,0,0,262144,1,0,1,0,1,1
3,final_left_i32,i32,65536,glibc_t1,P5,1,3,1,19147.00,0.0000,0.0000,20000.0,0.0,2.000,524288.0,0.000,0,0,524288,2,0,0,0,1,1
3,final_left_i32,i32,65536,glibc_t1,P7,2,0,1,12842.00,0.0000,0.0000,13000.0,0.0,1.000,262144.0,0.000,0,0,262144,1,0,1,0,1,1
3,final_left_i32,i32,65536,glibc_t1,FIXED_TWIN,2,1,1,12700.00,0.0000,0.0000,13000.0,0.0,1.000,262144.0,0.000,0,0,262144,1,0,1,0,1,1
3,final_left_i32,i32,65536,glibc_t1,P5,2,2,1,19098.00,0.0000,0.0000,20000.0,0.0,2.000,524288.0,0.000,0,0,524288,2,0,0,0,1,1
3,final_left_i32,i32,65536,glibc_t1,P6,2,3,1,17055.00,0.0000,0.0000,18000.0,0.0,1.000,262144.0,0.000,0,0,262144,1,1,0,0,1,1
3,final_left_i32,i32,65536,glibc_t1,FIXED_TWIN,3,0,1,12847.00,0.0000,0.0000,13000.0,0.0,1.000,262144.0,0.000,0,0,262144,1,0,1,0,1,1
3,final_left_i32,i32,65536,glibc_t1,P5,3,1,1,19448.00,0.0000,0.0000,20000.0,0.0,2.000,524288.0,0.000,0,0,524288,2,0,0,0,1,1
3,final_left_i32,i32,65536,glibc_t1,P6,3,2,1,18254.00,0.0000,0.0000,19000.0,0.0,1.000,262144.0,0.000,0,0,262144,1,1,0,0,1,1
3,final_left_i32,i32,65536,glibc_t1,P7,3,3,1,12947.00,0.0000,0.0000,14000.0,0.0,1.000,262144.0,0.000,0,0,262144,1,0,1,0,1,1
3,final_left_i32,i32,65536,glibc_t1,P5,4,0,1,19334.00,0.0000,0.0000,19000.0,0.0,2.000,524288.0,0.000,0,0,524288,2,0,0,0,1,1
3,final_left_i32,i32,65536,glibc_t1,P6,4,1,1,17059.00,0.0000,0.0000,18000.0,0.0,1.000,262144.0,0.000,0,0,262144,1,1,0,0,1,1
3,final_left_i32,i32,65536,glibc_t1,P7,4,2,1,12672.00,0.0000,0.0000,13000.0,0.0,1.000,262144.0,0.000,0,0,262144,1,0,1,0,1,1
3,final_left_i32,i32,65536,glibc_t1,FIXED_TWIN,4,3,1,12580.00,0.0000,0.0000,13000.0,0.0,1.000,262144.0,0.000,0,0,262144,1,0,1,0,1,1
3,final_left_i32,i32,65536,glibc_t1,P6,5,0,1,17029.00,0.0000,0.0000,18000.0,0.0,1.000,262144.0,0.000,0,0,262144,1,1,0,0,1,1
3,final_left_i32,i32,65536,glibc_t1,P7,5,1,1,12592.00,0.0000,0.0000,13000.0,0.0,1.000,262144.0,0.000,0,0,262144,1,0,1,0,1,1
3,final_left_i32,i32,65536,glibc_t1,FIXED_TWIN,5,2,1,12543.00,0.0000,0.0000,13000.0,0.0,1.000,262144.0,0.000,0,0,262144,1,0,1,0,1,1
3,final_left_i32,i32,65536,glibc_t1,P5,5,3,1,19061.00,0.0000,0.0000,20000.0,0.0,2.000,524288.0,0.000,0,0,524288,2,0,0,0,1,1
3,final_left_i32,i32,65536,glibc_t1,P7,6,0,1,12840.00,0.0000,0.0000,14000.0,0.0,1.000,262144.0,0.000,0,0,262144,1,0,1,0,1,1
3,final_left_i32,i32,65536,glibc_t1,FIXED_TWIN,6,1,1,12645.00,0.0000,0.0000,13000.0,0.0,1.000,262144.0,0.000,0,0,262144,1,0,1,0,1,1
3,final_left_i32,i32,65536,glibc_t1,P5,6,2,1,19081.00,0.0000,0.0000,19000.0,0.0,2.000,524288.0,0.000,0,0,524288,2,0,0,0,1,1
3,final_left_i32,i32,65536,glibc_t1,P6,6,3,1,17246.00,0.0000,0.0000,18000.0,0.0,1.000,262144.0,0.000,0,0,262144,1,1,0,0,1,1
3,final_left_i32,i32,65536,glibc_t1,FIXED_TWIN,7,0,1,12662.00,0.0000,0.0000,13000.0,0.0,1.000,262144.0,0.000,0,0,262144,1,0,1,0,1,1
3,final_left_i32,i32,65536,glibc_t1,P5,7,1,1,19149.00,0.0000,0.0000,20000.0,0.0,2.000,524288.0,0.000,0,0,524288,2,0,0,0,1,1
3,final_left_i32,i32,65536,glibc_t1,P6,7,2,1,17080.00,0.0000,0.0000,18000.0,0.0,1.000,262144.0,0.000,0,0,262144,1,1,0,0,1,1
3,final_left_i32,i32,65536,glibc_t1,P7,7,3,1,12601.00,0.0000,0.0000,13000.0,0.0,1.000,262144.0,0.000,0,0,262144,1,0,1,0,1,1
3,final_left_i32,i32,65536,glibc_t1,P5,8,0,1,18975.00,0.0000,0.0000,20000.0,0.0,2.000,524288.0,0.000,0,0,524288,2,0,0,0,1,1
3,final_left_i32,i32,65536,glibc_t1,P6,8,1,1,17080.00,0.0000,0.0000,18000.0,0.0,1.000,262144.0,0.000,0,0,262144,1,1,0,0,1,1
3,final_left_i32,i32,65536,glibc_t1,P7,8,2,1,39418.00,0.0000,0.0000,40000.0,0.0,1.000,262144.0,0.000,0,0,262144,1,0,1,0,1,1
3,final_left_i32,i32,65536,glibc_t1,FIXED_TWIN,8,3,1,12946.00,0.0000,0.0000,13000.0,0.0,1.000,262144.0,0.000,0,0,262144,1,0,1,0,1,1
3,final_left_i32,i32,65536,glibc_t1,P6,9,0,1,17111.00,0.0000,0.0000,18000.0,0.0,1.000,262144.0,0.000,0,0,262144,1,1,0,0,1,1
3,final_left_i32,i32,65536,glibc_t1,P7,9,1,1,13816.00,0.0000,0.0000,15000.0,0.0,1.000,262144.0,0.000,0,0,262144,1,0,1,0,1,1
3,final_left_i32,i32,65536,glibc_t1,FIXED_TWIN,9,2,1,12654.00,0.0000,0.0000,13000.0,0.0,1.000,262144.0,0.000,0,0,262144,1,0,1,0,1,1
3,final_left_i32,i32,65536,glibc_t1,P5,9,3,1,23315.00,0.0000,0.0000,24000.0,0.0,2.000,524288.0,0.000,0,0,524288,2,0,0,0,1,1
3,final_left_i32,i32,65536,glibc_t1,P7,10,0,1,15987.00,0.0000,0.0000,16000.0,0.0,1.000,262144.0,0.000,0,0,262144,1,0,1,0,1,1
3,final_left_i32,i32,65536,glibc_t1,FIXED_TWIN,10,1,1,16380.00,0.0000,0.0000,17000.0,0.0,1.000,262144.0,0.000,0,0,262144,1,0,1,0,1,1
3,final_left_i32,i32,65536,glibc_t1,P5,10,2,1,19635.00,0.0000,0.0000,20000.0,0.0,2.000,524288.0,0.000,0,0,524288,2,0,0,0,1,1
3,final_left_i32,i32,65536,glibc_t1,P6,10,3,1,17373.00,0.0000,0.0000,18000.0,0.0,1.000,262144.0,0.000,0,0,262144,1,1,0,0,1,1
3,final_left_i32,i32,65536,glibc_t1,FIXED_TWIN,11,0,1,12632.00,0.0000,0.0000,13000.0,0.0,1.000,262144.0,0.000,0,0,262144,1,0,1,0,1,1
3,final_left_i32,i32,65536,glibc_t1,P5,11,1,1,19209.00,0.0000,0.0000,19000.0,0.0,2.000,524288.0,0.000,0,0,524288,2,0,0,0,1,1
3,final_left_i32,i32,65536,glibc_t1,P6,11,2,1,17152.00,0.0000,0.0000,17000.0,0.0,1.000,262144.0,0.000,0,0,262144,1,1,0,0,1,1
3,final_left_i32,i32,65536,glibc_t1,P7,11,3,1,12645.00,0.0000,0.0000,13000.0,0.0,1.000,262144.0,0.000,0,0,262144,1,0,1,0,1,1
3,final_left_i32,i32,65536,glibc_t1,P5,12,0,1,18924.00,0.0000,0.0000,20000.0,0.0,2.000,524288.0,0.000,0,0,524288,2,0,0,0,1,1
3,final_left_i32,i32,65536,glibc_t1,P6,12,1,1,22960.00,0.0000,0.0000,24000.0,0.0,1.000,262144.0,0.000,0,0,262144,1,1,0,0,1,1
3,final_left_i32,i32,65536,glibc_t1,P7,12,2,1,12617.00,0.0000,0.0000,14000.0,0.0,1.000,262144.0,0.000,0,0,262144,1,0,1,0,1,1
3,final_left_i32,i32,65536,glibc_t1,FIXED_TWIN,12,3,1,13065.00,0.0000,0.0000,14000.0,0.0,1.000,262144.0,0.000,0,0,262144,1,0,1,0,1,1
3,final_left_i32,i32,65536,glibc_t1,P6,13,0,1,19670.00,0.0000,0.0000,20000.0,0.0,1.000,262144.0,0.000,0,0,262144,1,1,0,0,1,1
3,final_left_i32,i32,65536,glibc_t1,P7,13,1,1,15197.00,0.0000,0.0000,16000.0,0.0,1.000,262144.0,0.000,0,0,262144,1,0,1,0,1,1
3,final_left_i32,i32,65536,glibc_t1,FIXED_TWIN,13,2,1,14870.00,0.0000,0.0000,15000.0,0.0,1.000,262144.0,0.000,0,0,262144,1,0,1,0,1,1
3,final_left_i32,i32,65536,glibc_t1,P5,13,3,1,19654.00,0.0000,0.0000,21000.0,0.0,2.000,524288.0,0.000,0,0,524288,2,0,0,0,1,1
3,final_left_i32,i32,65536,glibc_t1,P7,14,0,1,12929.00,0.0000,0.0000,14000.0,0.0,1.000,262144.0,0.000,0,0,262144,1,0,1,0,1,1
3,final_left_i32,i32,65536,glibc_t1,FIXED_TWIN,14,1,1,12498.00,0.0000,0.0000,13000.0,0.0,1.000,262144.0,0.000,0,0,262144,1,0,1,0,1,1
3,final_left_i32,i32,65536,glibc_t1,P5,14,2,1,19252.00,0.0000,0.0000,20000.0,0.0,2.000,524288.0,0.000,0,0,524288,2,0,0,0,1,1
3,final_left_i32,i32,65536,glibc_t1,P6,14,3,1,42161.00,0.0000,0.0000,43000.0,0.0,1.000,262144.0,0.000,0,0,262144,1,1,0,0,1,1
3,final_left_i32,i32,262144,glibc_t1,P5,0,0,1,229434.00,0.0000,0.0000,232000.0,0.0,2.000,2097152.0,0.000,0,0,2097152,2,0,0,0,1,1
3,final_left_i32,i32,262144,glibc_t1,P6,0,1,1,180528.00,0.0000,0.0000,182000.0,0.0,1.000,1048576.0,0.000,0,0,1048576,1,1,0,0,1,1
3,final_left_i32,i32,262144,glibc_t1,P7,0,2,1,152826.00,0.0000,0.0000,154000.0,0.0,1.000,1048576.0,0.000,0,0,1048576,1,0,1,0,1,1
3,final_left_i32,i32,262144,glibc_t1,FIXED_TWIN,0,3,1,171663.00,0.0000,0.0000,173000.0,0.0,1.000,1048576.0,0.000,0,0,1048576,1,0,1,0,1,1
3,final_left_i32,i32,262144,glibc_t1,P6,1,0,1,188283.00,0.0000,0.0000,190000.0,0.0,1.000,1048576.0,0.000,0,0,1048576,1,1,0,0,1,1
3,final_left_i32,i32,262144,glibc_t1,P7,1,1,1,152310.00,0.0000,0.0000,153000.0,0.0,1.000,1048576.0,0.000,0,0,1048576,1,0,1,0,1,1
3,final_left_i32,i32,262144,glibc_t1,FIXED_TWIN,1,2,1,158566.00,0.0000,0.0000,160000.0,0.0,1.000,1048576.0,0.000,0,0,1048576,1,0,1,0,1,1
3,final_left_i32,i32,262144,glibc_t1,P5,1,3,1,229133.00,0.0000,0.0000,231000.0,0.0,2.000,2097152.0,0.000,0,0,2097152,2,0,0,0,1,1
3,final_left_i32,i32,262144,glibc_t1,P7,2,0,1,154412.00,0.0000,0.0000,156000.0,0.0,1.000,1048576.0,0.000,0,0,1048576,1,0,1,0,1,1
3,final_left_i32,i32,262144,glibc_t1,FIXED_TWIN,2,1,1,152242.00,0.0000,0.0000,153000.0,0.0,1.000,1048576.0,0.000,0,0,1048576,1,0,1,0,1,1
3,final_left_i32,i32,262144,glibc_t1,P5,2,2,1,235730.00,0.0000,0.0000,237000.0,0.0,2.000,2097152.0,0.000,0,0,2097152,2,0,0,0,1,1
3,final_left_i32,i32,262144,glibc_t1,P6,2,3,1,186878.00,0.0000,0.0000,188000.0,0.0,1.000,1048576.0,0.000,0,0,1048576,1,1,0,0,1,1
3,final_left_i32,i32,262144,glibc_t1,FIXED_TWIN,3,0,1,169879.00,0.0000,0.0000,172000.0,0.0,1.000,1048576.0,0.000,0,0,1048576,1,0,1,0,1,1
3,final_left_i32,i32,262144,glibc_t1,P5,3,1,1,234879.00,0.0000,0.0000,236000.0,0.0,2.000,2097152.0,0.000,0,0,2097152,2,0,0,0,1,1
3,final_left_i32,i32,262144,glibc_t1,P6,3,2,1,197017.00,0.0000,0.0000,198000.0,0.0,1.000,1048576.0,0.000,0,0,1048576,1,1,0,0,1,1
3,final_left_i32,i32,262144,glibc_t1,P7,3,3,1,153094.00,0.0000,0.0000,155000.0,0.0,1.000,1048576.0,0.000,0,0,1048576,1,0,1,0,1,1
3,final_left_i32,i32,262144,glibc_t1,P5,4,0,1,244889.00,0.0000,0.0000,246000.0,0.0,2.000,2097152.0,0.000,0,0,2097152,2,0,0,0,1,1
3,final_left_i32,i32,262144,glibc_t1,P6,4,1,1,178452.00,0.0000,0.0000,180000.0,0.0,1.000,1048576.0,0.000,0,0,1048576,1,1,0,0,1,1
3,final_left_i32,i32,262144,glibc_t1,P7,4,2,1,152596.00,0.0000,0.0000,154000.0,0.0,1.000,1048576.0,0.000,0,0,1048576,1,0,1,0,1,1
3,final_left_i32,i32,262144,glibc_t1,FIXED_TWIN,4,3,1,153353.00,0.0000,0.0000,154000.0,0.0,1.000,1048576.0,0.000,0,0,1048576,1,0,1,0,1,1
3,final_left_i32,i32,262144,glibc_t1,P6,5,0,1,183755.00,0.0000,0.0000,185000.0,0.0,1.000,1048576.0,0.000,0,0,1048576,1,1,0,0,1,1
3,final_left_i32,i32,262144,glibc_t1,P7,5,1,1,169159.00,0.0000,0.0000,171000.0,0.0,1.000,1048576.0,0.000,0,0,1048576,1,0,1,0,1,1
3,final_left_i32,i32,262144,glibc_t1,FIXED_TWIN,5,2,1,159350.00,0.0000,0.0000,161000.0,0.0,1.000,1048576.0,0.000,0,0,1048576,1,0,1,0,1,1
3,final_left_i32,i32,262144,glibc_t1,P5,5,3,1,245058.00,0.0000,0.0000,246000.0,0.0,2.000,2097152.0,0.000,0,0,2097152,2,0,0,0,1,1
3,final_left_i32,i32,262144,glibc_t1,P7,6,0,1,154116.00,0.0000,0.0000,155000.0,0.0,1.000,1048576.0,0.000,0,0,1048576,1,0,1,0,1,1
3,final_left_i32,i32,262144,glibc_t1,FIXED_TWIN,6,1,1,166691.00,0.0000,0.0000,169000.0,0.0,1.000,1048576.0,0.000,0,0,1048576,1,0,1,0,1,1
3,final_left_i32,i32,262144,glibc_t1,P5,6,2,1,228794.00,0.0000,0.0000,230000.0,0.0,2.000,2097152.0,0.000,0,0,2097152,2,0,0,0,1,1
3,final_left_i32,i32,262144,glibc_t1,P6,6,3,1,178287.00,0.0000,0.0000,180000.0,0.0,1.000,1048576.0,0.000,0,0,1048576,1,1,0,0,1,1
3,final_left_i32,i32,262144,glibc_t1,FIXED_TWIN,7,0,1,157578.00,0.0000,0.0000,159000.0,0.0,1.000,1048576.0,0.000,0,0,1048576,1,0,1,0,1,1
3,final_left_i32,i32,262144,glibc_t1,P5,7,1,1,240481.00,0.0000,0.0000,241000.0,0.0,2.000,2097152.0,0.000,0,0,2097152,2,0,0,0,1,1
3,final_left_i32,i32,262144,glibc_t1,P6,7,2,1,178214.00,0.0000,0.0000,179000.0,0.0,1.000,1048576.0,0.000,0,0,1048576,1,1,0,0,1,1
3,final_left_i32,i32,262144,glibc_t1,P7,7,3,1,159106.00,0.0000,0.0000,160000.0,0.0,1.000,1048576.0,0.000,0,0,1048576,1,0,1,0,1,1
3,final_left_i32,i32,262144,glibc_t1,P5,8,0,1,247305.00,0.0000,0.0000,249000.0,0.0,2.000,2097152.0,0.000,0,0,2097152,2,0,0,0,1,1
3,final_left_i32,i32,262144,glibc_t1,P6,8,1,1,186040.00,0.0000,0.0000,187000.0,0.0,1.000,1048576.0,0.000,0,0,1048576,1,1,0,0,1,1
3,final_left_i32,i32,262144,glibc_t1,P7,8,2,1,171676.00,0.0000,0.0000,174000.0,0.0,1.000,1048576.0,0.000,0,0,1048576,1,0,1,0,1,1
3,final_left_i32,i32,262144,glibc_t1,FIXED_TWIN,8,3,1,154279.00,0.0000,0.0000,155000.0,0.0,1.000,1048576.0,0.000,0,0,1048576,1,0,1,0,1,1
3,final_left_i32,i32,262144,glibc_t1,P6,9,0,1,177049.00,0.0000,0.0000,179000.0,0.0,1.000,1048576.0,0.000,0,0,1048576,1,1,0,0,1,1
3,final_left_i32,i32,262144,glibc_t1,P7,9,1,1,153290.00,0.0000,0.0000,154000.0,0.0,1.000,1048576.0,0.000,0,0,1048576,1,0,1,0,1,1
3,final_left_i32,i32,262144,glibc_t1,FIXED_TWIN,9,2,1,158404.00,0.0000,0.0000,160000.0,0.0,1.000,1048576.0,0.000,0,0,1048576,1,0,1,0,1,1
3,final_left_i32,i32,262144,glibc_t1,P5,9,3,1,244789.00,0.0000,0.0000,247000.0,0.0,2.000,2097152.0,0.000,0,0,2097152,2,0,0,0,1,1
3,final_left_i32,i32,262144,glibc_t1,P7,10,0,1,160391.00,0.0000,0.0000,161000.0,0.0,1.000,1048576.0,0.000,0,0,1048576,1,0,1,0,1,1
3,final_left_i32,i32,262144,glibc_t1,FIXED_TWIN,10,1,1,152234.00,0.0000,0.0000,153000.0,0.0,1.000,1048576.0,0.000,0,0,1048576,1,0,1,0,1,1
3,final_left_i32,i32,262144,glibc_t1,P5,10,2,1,229515.00,0.0000,0.0000,231000.0,0.0,2.000,2097152.0,0.000,0,0,2097152,2,0,0,0,1,1
3,final_left_i32,i32,262144,glibc_t1,P6,10,3,1,178017.00,0.0000,0.0000,179000.0,0.0,1.000,1048576.0,0.000,0,0,1048576,1,1,0,0,1,1
3,final_left_i32,i32,262144,glibc_t1,FIXED_TWIN,11,0,1,154273.00,0.0000,0.0000,156000.0,0.0,1.000,1048576.0,0.000,0,0,1048576,1,0,1,0,1,1
3,final_left_i32,i32,262144,glibc_t1,P5,11,1,1,227997.00,0.0000,0.0000,229000.0,0.0,2.000,2097152.0,0.000,0,0,2097152,2,0,0,0,1,1
3,final_left_i32,i32,262144,glibc_t1,P6,11,2,1,179150.00,0.0000,0.0000,181000.0,0.0,1.000,1048576.0,0.000,0,0,1048576,1,1,0,0,1,1
3,final_left_i32,i32,262144,glibc_t1,P7,11,3,1,152734.00,0.0000,0.0000,154000.0,0.0,1.000,1048576.0,0.000,0,0,1048576,1,0,1,0,1,1
3,final_left_i32,i32,262144,glibc_t1,P5,12,0,1,253610.00,0.0000,0.0000,257000.0,0.0,2.000,2097152.0,0.000,0,0,2097152,2,0,0,0,1,1
3,final_left_i32,i32,262144,glibc_t1,P6,12,1,1,177770.00,0.0000,0.0000,180000.0,0.0,1.000,1048576.0,0.000,0,0,1048576,1,1,0,0,1,1
3,final_left_i32,i32,262144,glibc_t1,P7,12,2,1,161647.00,0.0000,0.0000,165000.0,0.0,1.000,1048576.0,0.000,0,0,1048576,1,0,1,0,1,1
3,final_left_i32,i32,262144,glibc_t1,FIXED_TWIN,12,3,1,188615.00,0.0000,0.0000,190000.0,0.0,1.000,1048576.0,0.000,0,0,1048576,1,0,1,0,1,1
3,final_left_i32,i32,262144,glibc_t1,P6,13,0,1,212514.00,0.0000,0.0000,214000.0,0.0,1.000,1048576.0,0.000,0,0,1048576,1,1,0,0,1,1
3,final_left_i32,i32,262144,glibc_t1,P7,13,1,1,158153.00,0.0000,0.0000,160000.0,0.0,1.000,1048576.0,0.000,0,0,1048576,1,0,1,0,1,1
3,final_left_i32,i32,262144,glibc_t1,FIXED_TWIN,13,2,1,157172.00,0.0000,0.0000,158000.0,0.0,1.000,1048576.0,0.000,0,0,1048576,1,0,1,0,1,1
3,final_left_i32,i32,262144,glibc_t1,P5,13,3,1,229677.00,0.0000,0.0000,231000.0,0.0,2.000,2097152.0,0.000,0,0,2097152,2,0,0,0,1,1
3,final_left_i32,i32,262144,glibc_t1,P7,14,0,1,159968.00,0.0000,0.0000,152000.0,9000.0,1.000,1048576.0,0.000,0,0,1048576,1,0,1,0,1,1
3,final_left_i32,i32,262144,glibc_t1,FIXED_TWIN,14,1,1,152935.00,0.0000,0.0000,0.0,155000.0,1.000,1048576.0,0.000,0,0,1048576,1,0,1,0,1,1
3,final_left_i32,i32,262144,glibc_t1,P5,14,2,1,233158.00,0.0000,0.0000,0.0,235000.0,2.000,2097152.0,0.000,0,0,2097152,2,0,0,0,1,1
3,final_left_i32,i32,262144,glibc_t1,P6,14,3,1,188233.00,0.0000,0.0000,0.0,190000.0,1.000,1048576.0,0.000,0,0,1048576,1,1,0,0,1,1
3,final_left_i32,i32,1048576,glibc_t1,P5,0,0,1,1027503.00,0.0000,0.0000,1033000.0,0.0,2.000,8388608.0,0.000,0,0,8388608,2,0,0,0,1,1
3,final_left_i32,i32,1048576,glibc_t1,P6,0,1,1,892380.00,0.0000,0.0000,855000.0,0.0,1.000,4194304.0,0.000,0,0,4194304,1,1,0,0,1,1
3,final_left_i32,i32,1048576,glibc_t1,P7,0,2,1,704332.00,0.0000,0.0000,708000.0,0.0,1.000,4194304.0,0.000,0,0,4194304,1,0,1,0,1,1
3,final_left_i32,i32,1048576,glibc_t1,FIXED_TWIN,0,3,1,634437.00,0.0000,0.0000,637000.0,0.0,1.000,4194304.0,0.000,0,0,4194304,1,0,1,0,1,1
3,final_left_i32,i32,1048576,glibc_t1,P6,1,0,1,833399.00,0.0000,0.0000,664000.0,172000.0,1.000,4194304.0,0.000,0,0,4194304,1,1,0,0,1,1
3,final_left_i32,i32,1048576,glibc_t1,P7,1,1,1,648440.00,0.0000,0.0000,651000.0,0.0,1.000,4194304.0,0.000,0,0,4194304,1,0,1,0,1,1
3,final_left_i32,i32,1048576,glibc_t1,FIXED_TWIN,1,2,1,700723.00,0.0000,0.0000,708000.0,0.0,1.000,4194304.0,0.000,0,0,4194304,1,0,1,0,1,1
3,final_left_i32,i32,1048576,glibc_t1,P5,1,3,1,1026602.00,0.0000,0.0000,1031000.0,0.0,2.000,8388608.0,0.000,0,0,8388608,2,0,0,0,1,1
3,final_left_i32,i32,1048576,glibc_t1,P7,2,0,1,654478.00,0.0000,0.0000,658000.0,0.0,1.000,4194304.0,0.000,0,0,4194304,1,0,1,0,1,1
3,final_left_i32,i32,1048576,glibc_t1,FIXED_TWIN,2,1,1,640147.00,0.0000,0.0000,642000.0,0.0,1.000,4194304.0,0.000,0,0,4194304,1,0,1,0,1,1
3,final_left_i32,i32,1048576,glibc_t1,P5,2,2,1,1018849.00,0.0000,0.0000,1022000.0,0.0,2.000,8388608.0,0.000,0,0,8388608,2,0,0,0,1,1
3,final_left_i32,i32,1048576,glibc_t1,P6,2,3,1,879043.00,0.0000,0.0000,882000.0,0.0,1.000,4194304.0,0.000,0,0,4194304,1,1,0,0,1,1
3,final_left_i32,i32,1048576,glibc_t1,FIXED_TWIN,3,0,1,666150.00,0.0000,0.0000,670000.0,0.0,1.000,4194304.0,0.000,0,0,4194304,1,0,1,0,1,1
3,final_left_i32,i32,1048576,glibc_t1,P5,3,1,1,1021546.00,0.0000,0.0000,1026000.0,0.0,2.000,8388608.0,0.000,0,0,8388608,2,0,0,0,1,1
3,final_left_i32,i32,1048576,glibc_t1,P6,3,2,1,895734.00,0.0000,0.0000,900000.0,0.0,1.000,4194304.0,0.000,0,0,4194304,1,1,0,0,1,1
3,final_left_i32,i32,1048576,glibc_t1,P7,3,3,1,683259.00,0.0000,0.0000,687000.0,0.0,1.000,4194304.0,0.000,0,0,4194304,1,0,1,0,1,1
3,final_left_i32,i32,1048576,glibc_t1,P5,4,0,1,997690.00,0.0000,0.0000,1004000.0,0.0,2.000,8388608.0,0.000,0,0,8388608,2,0,0,0,1,1
3,final_left_i32,i32,1048576,glibc_t1,P6,4,1,1,855173.00,0.0000,0.0000,859000.0,0.0,1.000,4194304.0,0.000,0,0,4194304,1,1,0,0,1,1
3,final_left_i32,i32,1048576,glibc_t1,P7,4,2,1,656227.00,0.0000,0.0000,660000.0,0.0,1.000,4194304.0,0.000,0,0,4194304,1,0,1,0,1,1
3,final_left_i32,i32,1048576,glibc_t1,FIXED_TWIN,4,3,1,689654.00,0.0000,0.0000,693000.0,0.0,1.000,4194304.0,0.000,0,0,4194304,1,0,1,0,1,1
3,final_left_i32,i32,1048576,glibc_t1,P6,5,0,1,852879.00,0.0000,0.0000,856000.0,0.0,1.000,4194304.0,0.000,0,0,4194304,1,1,0,0,1,1
3,final_left_i32,i32,1048576,glibc_t1,P7,5,1,1,647952.00,0.0000,0.0000,652000.0,0.0,1.000,4194304.0,0.000,0,0,4194304,1,0,1,0,1,1
3,final_left_i32,i32,1048576,glibc_t1,FIXED_TWIN,5,2,1,662948.00,0.0000,0.0000,666000.0,0.0,1.000,4194304.0,0.000,0,0,4194304,1,0,1,0,1,1
3,final_left_i32,i32,1048576,glibc_t1,P5,5,3,1,1063368.00,0.0000,0.0000,1065000.0,0.0,2.000,8388608.0,0.000,0,0,8388608,2,0,0,0,1,1
3,final_left_i32,i32,1048576,glibc_t1,P7,6,0,1,685737.00,0.0000,0.0000,692000.0,0.0,1.000,4194304.0,0.000,0,0,4194304,1,0,1,0,1,1
3,final_left_i32,i32,1048576,glibc_t1,FIXED_TWIN,6,1,1,696622.00,0.0000,0.0000,703000.0,0.0,1.000,4194304.0,0.000,0,0,4194304,1,0,1,0,1,1
3,final_left_i32,i32,1048576,glibc_t1,P5,6,2,1,1003072.00,0.0000,0.0000,1006000.0,0.0,2.000,8388608.0,0.000,0,0,8388608,2,0,0,0,1,1
3,final_left_i32,i32,1048576,glibc_t1,P6,6,3,1,862211.00,0.0000,0.0000,865000.0,0.0,1.000,4194304.0,0.000,0,0,4194304,1,1,0,0,1,1
3,final_left_i32,i32,1048576,glibc_t1,FIXED_TWIN,7,0,1,676102.00,0.0000,0.0000,679000.0,0.0,1.000,4194304.0,0.000,0,0,4194304,1,0,1,0,1,1
3,final_left_i32,i32,1048576,glibc_t1,P5,7,1,1,1056373.00,0.0000,0.0000,1060000.0,0.0,2.000,8388608.0,0.000,0,0,8388608,2,0,0,0,1,1
3,final_left_i32,i32,1048576,glibc_t1,P6,7,2,1,812292.00,0.0000,0.0000,815000.0,0.0,1.000,4194304.0,0.000,0,0,4194304,1,1,0,0,1,1
3,final_left_i32,i32,1048576,glibc_t1,P7,7,3,1,658848.00,0.0000,0.0000,667000.0,0.0,1.000,4194304.0,0.000,0,0,4194304,1,0,1,0,1,1
3,final_left_i32,i32,1048576,glibc_t1,P5,8,0,1,997963.00,0.0000,0.0000,1001000.0,0.0,2.000,8388608.0,0.000,0,0,8388608,2,0,0,0,1,1
3,final_left_i32,i32,1048576,glibc_t1,P6,8,1,1,834886.00,0.0000,0.0000,837000.0,0.0,1.000,4194304.0,0.000,0,0,4194304,1,1,0,0,1,1
3,final_left_i32,i32,1048576,glibc_t1,P7,8,2,1,725418.00,0.0000,0.0000,689000.0,0.0,1.000,4194304.0,0.000,0,0,4194304,1,0,1,0,1,1
3,final_left_i32,i32,1048576,glibc_t1,FIXED_TWIN,8,3,1,694347.00,0.0000,0.0000,697000.0,0.0,1.000,4194304.0,0.000,0,0,4194304,1,0,1,0,1,1
3,final_left_i32,i32,1048576,glibc_t1,P6,9,0,1,838626.00,0.0000,0.0000,842000.0,0.0,1.000,4194304.0,0.000,0,0,4194304,1,1,0,0,1,1
3,final_left_i32,i32,1048576,glibc_t1,P7,9,1,1,697083.00,0.0000,0.0000,699000.0,0.0,1.000,4194304.0,0.000,0,0,4194304,1,0,1,0,1,1
3,final_left_i32,i32,1048576,glibc_t1,FIXED_TWIN,9,2,1,650347.00,0.0000,0.0000,653000.0,0.0,1.000,4194304.0,0.000,0,0,4194304,1,0,1,0,1,1
3,final_left_i32,i32,1048576,glibc_t1,P5,9,3,1,1006487.00,0.0000,0.0000,1009000.0,0.0,2.000,8388608.0,0.000,0,0,8388608,2,0,0,0,1,1
3,final_left_i32,i32,1048576,glibc_t1,P7,10,0,1,634569.00,0.0000,0.0000,637000.0,0.0,1.000,4194304.0,0.000,0,0,4194304,1,0,1,0,1,1
3,final_left_i32,i32,1048576,glibc_t1,FIXED_TWIN,10,1,1,647049.00,0.0000,0.0000,650000.0,0.0,1.000,4194304.0,0.000,0,0,4194304,1,0,1,0,1,1
3,final_left_i32,i32,1048576,glibc_t1,P5,10,2,1,975810.00,0.0000,0.0000,979000.0,0.0,2.000,8388608.0,0.000,0,0,8388608,2,0,0,0,1,1
3,final_left_i32,i32,1048576,glibc_t1,P6,10,3,1,832569.00,0.0000,0.0000,836000.0,0.0,1.000,4194304.0,0.000,0,0,4194304,1,1,0,0,1,1
3,final_left_i32,i32,1048576,glibc_t1,FIXED_TWIN,11,0,1,647610.00,0.0000,0.0000,651000.0,0.0,1.000,4194304.0,0.000,0,0,4194304,1,0,1,0,1,1
3,final_left_i32,i32,1048576,glibc_t1,P5,11,1,1,1002585.00,0.0000,0.0000,1006000.0,0.0,2.000,8388608.0,0.000,0,0,8388608,2,0,0,0,1,1
3,final_left_i32,i32,1048576,glibc_t1,P6,11,2,1,848234.00,0.0000,0.0000,851000.0,0.0,1.000,4194304.0,0.000,0,0,4194304,1,1,0,0,1,1
3,final_left_i32,i32,1048576,glibc_t1,P7,11,3,1,655744.00,0.0000,0.0000,658000.0,0.0,1.000,4194304.0,0.000,0,0,4194304,1,0,1,0,1,1
3,final_left_i32,i32,1048576,glibc_t1,P5,12,0,1,1004382.00,0.0000,0.0000,1008000.0,0.0,2.000,8388608.0,0.000,0,0,8388608,2,0,0,0,1,1
3,final_left_i32,i32,1048576,glibc_t1,P6,12,1,1,825023.00,0.0000,0.0000,828000.0,0.0,1.000,4194304.0,0.000,0,0,4194304,1,1,0,0,1,1
3,final_left_i32,i32,1048576,glibc_t1,P7,12,2,1,646277.00,0.0000,0.0000,649000.0,0.0,1.000,4194304.0,0.000,0,0,4194304,1,0,1,0,1,1
3,final_left_i32,i32,1048576,glibc_t1,FIXED_TWIN,12,3,1,640160.00,0.0000,0.0000,643000.0,0.0,1.000,4194304.0,0.000,0,0,4194304,1,0,1,0,1,1
3,final_left_i32,i32,1048576,glibc_t1,P6,13,0,1,820454.00,0.0000,0.0000,824000.0,0.0,1.000,4194304.0,0.000,0,0,4194304,1,1,0,0,1,1
3,final_left_i32,i32,1048576,glibc_t1,P7,13,1,1,667312.00,0.0000,0.0000,671000.0,0.0,1.000,4194304.0,0.000,0,0,4194304,1,0,1,0,1,1
3,final_left_i32,i32,1048576,glibc_t1,FIXED_TWIN,13,2,1,696097.00,0.0000,0.0000,700000.0,0.0,1.000,4194304.0,0.000,0,0,4194304,1,0,1,0,1,1
3,final_left_i32,i32,1048576,glibc_t1,P5,13,3,1,1012065.00,0.0000,0.0000,1016000.0,0.0,2.000,8388608.0,0.000,0,0,8388608,2,0,0,0,1,1
3,final_left_i32,i32,1048576,glibc_t1,P7,14,0,1,699091.00,0.0000,0.0000,703000.0,0.0,1.000,4194304.0,0.000,0,0,4194304,1,0,1,0,1,1
3,final_left_i32,i32,1048576,glibc_t1,FIXED_TWIN,14,1,1,690350.00,0.0000,0.0000,694000.0,0.0,1.000,4194304.0,0.000,0,0,4194304,1,0,1,0,1,1
3,final_left_i32,i32,1048576,glibc_t1,P5,14,2,1,1058140.00,0.0000,0.0000,1062000.0,0.0,2.000,8388608.0,0.000,0,0,8388608,2,0,0,0,1,1
3,final_left_i32,i32,1048576,glibc_t1,P6,14,3,1,837662.00,0.0000,0.0000,841000.0,0.0,1.000,4194304.0,0.000,0,0,4194304,1,1,0,0,1,1
3,final_left_i32,i32,4194304,glibc_t1,P5,0,0,1,4427659.00,0.0000,0.0000,4434000.0,0.0,2.000,33554432.0,0.000,0,0,33554432,2,0,0,0,1,1
3,final_left_i32,i32,4194304,glibc_t1,P6,0,1,1,3422381.00,0.0000,0.0000,3428000.0,0.0,1.000,16777216.0,0.000,0,0,16777216,1,1,0,0,1,1
3,final_left_i32,i32,4194304,glibc_t1,P7,0,2,1,2659352.00,0.0000,0.0000,2663000.0,0.0,1.000,16777216.0,0.000,0,0,16777216,1,0,1,0,1,1
3,final_left_i32,i32,4194304,glibc_t1,FIXED_TWIN,0,3,1,2641737.00,0.0000,0.0000,2645000.0,0.0,1.000,16777216.0,0.000,0,0,16777216,1,0,1,0,1,1
3,final_left_i32,i32,4194304,glibc_t1,P6,1,0,1,3378115.00,0.0000,0.0000,3381000.0,0.0,1.000,16777216.0,0.000,0,0,16777216,1,1,0,0,1,1
3,final_left_i32,i32,4194304,glibc_t1,P7,1,1,1,2616902.00,0.0000,0.0000,2619000.0,0.0,1.000,16777216.0,0.000,0,0,16777216,1,0,1,0,1,1
3,final_left_i32,i32,4194304,glibc_t1,FIXED_TWIN,1,2,1,2655638.00,0.0000,0.0000,2659000.0,0.0,1.000,16777216.0,0.000,0,0,16777216,1,0,1,0,1,1
3,final_left_i32,i32,4194304,glibc_t1,P5,1,3,1,5126061.00,0.0000,0.0000,5129000.0,0.0,2.000,33554432.0,0.000,0,0,33554432,2,0,0,0,1,1
3,final_left_i32,i32,4194304,glibc_t1,P7,2,0,1,2656829.00,0.0000,0.0000,2661000.0,0.0,1.000,16777216.0,0.000,0,0,16777216,1,0,1,0,1,1
3,final_left_i32,i32,4194304,glibc_t1,FIXED_TWIN,2,1,1,2642629.00,0.0000,0.0000,2647000.0,0.0,1.000,16777216.0,0.000,0,0,16777216,1,0,1,0,1,1
3,final_left_i32,i32,4194304,glibc_t1,P5,2,2,1,4555019.00,0.0000,0.0000,4559000.0,0.0,2.000,33554432.0,0.000,0,0,33554432,2,0,0,0,1,1
3,final_left_i32,i32,4194304,glibc_t1,P6,2,3,1,3422147.00,0.0000,0.0000,3425000.0,0.0,1.000,16777216.0,0.000,0,0,16777216,1,1,0,0,1,1
3,final_left_i32,i32,4194304,glibc_t1,FIXED_TWIN,3,0,1,2735690.00,0.0000,0.0000,2740000.0,0.0,1.000,16777216.0,0.000,0,0,16777216,1,0,1,0,1,1
3,final_left_i32,i32,4194304,glibc_t1,P5,3,1,1,4873741.00,0.0000,0.0000,4877000.0,0.0,2.000,33554432.0,0.000,0,0,33554432,2,0,0,0,1,1
3,final_left_i32,i32,4194304,glibc_t1,P6,3,2,1,3424010.00,0.0000,0.0000,3428000.0,0.0,1.000,16777216.0,0.000,0,0,16777216,1,1,0,0,1,1
3,final_left_i32,i32,4194304,glibc_t1,P7,3,3,1,2633458.00,0.0000,0.0000,2637000.0,0.0,1.000,16777216.0,0.000,0,0,16777216,1,0,1,0,1,1
3,final_left_i32,i32,4194304,glibc_t1,P5,4,0,1,4620496.00,0.0000,0.0000,4623000.0,0.0,2.000,33554432.0,0.000,0,0,33554432,2,0,0,0,1,1
3,final_left_i32,i32,4194304,glibc_t1,P6,4,1,1,3391067.00,0.0000,0.0000,3395000.0,0.0,1.000,16777216.0,0.000,0,0,16777216,1,1,0,0,1,1
3,final_left_i32,i32,4194304,glibc_t1,P7,4,2,1,2750701.00,0.0000,0.0000,2755000.0,0.0,1.000,16777216.0,0.000,0,0,16777216,1,0,1,0,1,1
3,final_left_i32,i32,4194304,glibc_t1,FIXED_TWIN,4,3,1,2684175.00,0.0000,0.0000,2688000.0,0.0,1.000,16777216.0,0.000,0,0,16777216,1,0,1,0,1,1
3,final_left_i32,i32,4194304,glibc_t1,P6,5,0,1,3431142.00,0.0000,0.0000,3434000.0,0.0,1.000,16777216.0,0.000,0,0,16777216,1,1,0,0,1,1
3,final_left_i32,i32,4194304,glibc_t1,P7,5,1,1,2692780.00,0.0000,0.0000,2698000.0,0.0,1.000,16777216.0,0.000,0,0,16777216,1,0,1,0,1,1
3,final_left_i32,i32,4194304,glibc_t1,FIXED_TWIN,5,2,1,2681271.00,0.0000,0.0000,2686000.0,0.0,1.000,16777216.0,0.000,0,0,16777216,1,0,1,0,1,1
3,final_left_i32,i32,4194304,glibc_t1,P5,5,3,1,5275614.00,0.0000,0.0000,5280000.0,0.0,2.000,33554432.0,0.000,0,0,33554432,2,0,0,0,1,1
3,final_left_i32,i32,4194304,glibc_t1,P7,6,0,1,2761773.00,0.0000,0.0000,2766000.0,0.0,1.000,16777216.0,0.000,0,0,16777216,1,0,1,0,1,1
3,final_left_i32,i32,4194304,glibc_t1,FIXED_TWIN,6,1,1,2673471.00,0.0000,0.0000,2677000.0,0.0,1.000,16777216.0,0.000,0,0,16777216,1,0,1,0,1,1
3,final_left_i32,i32,4194304,glibc_t1,P5,6,2,1,4611100.00,0.0000,0.0000,4615000.0,0.0,2.000,33554432.0,0.000,0,0,33554432,2,0,0,0,1,1
3,final_left_i32,i32,4194304,glibc_t1,P6,6,3,1,3363205.00,0.0000,0.0000,3368000.0,0.0,1.000,16777216.0,0.000,0,0,16777216,1,1,0,0,1,1
3,final_left_i32,i32,4194304,glibc_t1,FIXED_TWIN,7,0,1,2619686.00,0.0000,0.0000,2623000.0,0.0,1.000,16777216.0,0.000,0,0,16777216,1,0,1,0,1,1
3,final_left_i32,i32,4194304,glibc_t1,P5,7,1,1,4273511.00,0.0000,0.0000,4277000.0,0.0,2.000,33554432.0,0.000,0,0,33554432,2,0,0,0,1,1
3,final_left_i32,i32,4194304,glibc_t1,P6,7,2,1,3342225.00,0.0000,0.0000,3341000.0,5000.0,1.000,16777216.0,0.000,0,0,16777216,1,1,0,0,1,1
3,final_left_i32,i32,4194304,glibc_t1,P7,7,3,1,2634995.00,0.0000,0.0000,2638000.0,0.0,1.000,16777216.0,0.000,0,0,16777216,1,0,1,0,1,1
3,final_left_i32,i32,4194304,glibc_t1,P5,8,0,1,4287335.00,0.0000,0.0000,4291000.0,0.0,2.000,33554432.0,0.000,0,0,33554432,2,0,0,0,1,1
3,final_left_i32,i32,4194304,glibc_t1,P6,8,1,1,3415705.00,0.0000,0.0000,3420000.0,0.0,1.000,16777216.0,0.000,0,0,16777216,1,1,0,0,1,1
3,final_left_i32,i32,4194304,glibc_t1,P7,8,2,1,2650263.00,0.0000,0.0000,2654000.0,0.0,1.000,16777216.0,0.000,0,0,16777216,1,0,1,0,1,1
3,final_left_i32,i32,4194304,glibc_t1,FIXED_TWIN,8,3,1,2692969.00,0.0000,0.0000,2697000.0,0.0,1.000,16777216.0,0.000,0,0,16777216,1,0,1,0,1,1
3,final_left_i32,i32,4194304,glibc_t1,P6,9,0,1,3358002.00,0.0000,0.0000,3362000.0,0.0,1.000,16777216.0,0.000,0,0,16777216,1,1,0,0,1,1
3,final_left_i32,i32,4194304,glibc_t1,P7,9,1,1,2716284.00,0.0000,0.0000,2721000.0,0.0,1.000,16777216.0,0.000,0,0,16777216,1,0,1,0,1,1
3,final_left_i32,i32,4194304,glibc_t1,FIXED_TWIN,9,2,1,2691174.00,0.0000,0.0000,2695000.0,0.0,1.000,16777216.0,0.000,0,0,16777216,1,0,1,0,1,1
3,final_left_i32,i32,4194304,glibc_t1,P5,9,3,1,5174467.00,0.0000,0.0000,5177000.0,0.0,2.000,33554432.0,0.000,0,0,33554432,2,0,0,0,1,1
3,final_left_i32,i32,4194304,glibc_t1,P7,10,0,1,2679895.00,0.0000,0.0000,2683000.0,0.0,1.000,16777216.0,0.000,0,0,16777216,1,0,1,0,1,1
3,final_left_i32,i32,4194304,glibc_t1,FIXED_TWIN,10,1,1,2650936.00,0.0000,0.0000,2654000.0,0.0,1.000,16777216.0,0.000,0,0,16777216,1,0,1,0,1,1
3,final_left_i32,i32,4194304,glibc_t1,P5,10,2,1,4431497.00,0.0000,0.0000,4435000.0,0.0,2.000,33554432.0,0.000,0,0,33554432,2,0,0,0,1,1
3,final_left_i32,i32,4194304,glibc_t1,P6,10,3,1,3431975.00,0.0000,0.0000,3435000.0,0.0,1.000,16777216.0,0.000,0,0,16777216,1,1,0,0,1,1
3,final_left_i32,i32,4194304,glibc_t1,FIXED_TWIN,11,0,1,2612146.00,0.0000,0.0000,2615000.0,0.0,1.000,16777216.0,0.000,0,0,16777216,1,0,1,0,1,1
3,final_left_i32,i32,4194304,glibc_t1,P5,11,1,1,4290056.00,0.0000,0.0000,4293000.0,0.0,2.000,33554432.0,0.000,0,0,33554432,2,0,0,0,1,1
3,final_left_i32,i32,4194304,glibc_t1,P6,11,2,1,3469788.00,0.0000,0.0000,3475000.0,0.0,1.000,16777216.0,0.000,0,0,16777216,1,1,0,0,1,1
3,final_left_i32,i32,4194304,glibc_t1,P7,11,3,1,2720918.00,0.0000,0.0000,774000.0,1980000.0,1.000,16777216.0,0.000,0,0,16777216,1,0,1,0,1,1
3,final_left_i32,i32,4194304,glibc_t1,P5,12,0,1,4409975.00,0.0000,0.0000,4201000.0,213000.0,2.000,33554432.0,0.000,0,0,33554432,2,0,0,0,1,1
3,final_left_i32,i32,4194304,glibc_t1,P6,12,1,1,3392719.00,0.0000,0.0000,3397000.0,0.0,1.000,16777216.0,0.000,0,0,16777216,1,1,0,0,1,1
3,final_left_i32,i32,4194304,glibc_t1,P7,12,2,1,2629322.00,0.0000,0.0000,2632000.0,0.0,1.000,16777216.0,0.000,0,0,16777216,1,0,1,0,1,1
3,final_left_i32,i32,4194304,glibc_t1,FIXED_TWIN,12,3,1,2596743.00,0.0000,0.0000,2274000.0,325000.0,1.000,16777216.0,0.000,0,0,16777216,1,0,1,0,1,1
3,final_left_i32,i32,4194304,glibc_t1,P6,13,0,1,3365127.00,0.0000,0.0000,3318000.0,50000.0,1.000,16777216.0,0.000,0,0,16777216,1,1,0,0,1,1
3,final_left_i32,i32,4194304,glibc_t1,P7,13,1,1,2681553.00,0.0000,0.0000,2685000.0,0.0,1.000,16777216.0,0.000,0,0,16777216,1,0,1,0,1,1
3,final_left_i32,i32,4194304,glibc_t1,FIXED_TWIN,13,2,1,2652074.00,0.0000,0.0000,2655000.0,0.0,1.000,16777216.0,0.000,0,0,16777216,1,0,1,0,1,1
3,final_left_i32,i32,4194304,glibc_t1,P5,13,3,1,5266664.00,0.0000,0.0000,5270000.0,0.0,2.000,33554432.0,0.000,0,0,33554432,2,0,0,0,1,1
3,final_left_i32,i32,4194304,glibc_t1,P7,14,0,1,2715075.00,0.0000,0.0000,2670000.0,49000.0,1.000,16777216.0,0.000,0,0,16777216,1,0,1,0,1,1
3,final_left_i32,i32,4194304,glibc_t1,FIXED_TWIN,14,1,1,2664075.00,0.0000,0.0000,2667000.0,0.0,1.000,16777216.0,0.000,0,0,16777216,1,0,1,0,1,1
3,final_left_i32,i32,4194304,glibc_t1,P5,14,2,1,4553745.00,0.0000,0.0000,4557000.0,0.0,2.000,33554432.0,0.000,0,0,33554432,2,0,0,0,1,1
3,final_left_i32,i32,4194304,glibc_t1,P6,14,3,1,3418804.00,0.0000,0.0000,3423000.0,0.0,1.000,16777216.0,0.000,0,0,16777216,1,1,0,0,1,1
3,final_left_i32,i32,16777216,glibc_t1,P5,0,0,1,77072402.00,32770.0000,0.0000,12524000.0,64554000.0,2.000,134217728.0,0.000,0,0,134217728,2,0,0,0,1,1
3,final_left_i32,i32,16777216,glibc_t1,P6,0,1,1,48515221.00,16385.0000,0.0000,20254000.0,28268000.0,1.000,67108864.0,0.000,0,0,67108864,1,1,0,0,1,1
3,final_left_i32,i32,16777216,glibc_t1,P7,0,2,1,42031769.00,16385.0000,0.0000,20989000.0,21047000.0,1.000,67108864.0,0.000,0,0,67108864,1,0,1,0,1,1
3,final_left_i32,i32,16777216,glibc_t1,FIXED_TWIN,0,3,1,41735851.00,16385.0000,0.0000,22903000.0,18838000.0,1.000,67108864.0,0.000,0,0,67108864,1,0,1,0,1,1
3,final_left_i32,i32,16777216,glibc_t1,P6,1,0,1,48567531.00,16385.0000,0.0000,18336000.0,30237000.0,1.000,67108864.0,0.000,0,0,67108864,1,1,0,0,1,1
3,final_left_i32,i32,16777216,glibc_t1,P7,1,1,1,43031146.00,16385.0000,0.0000,25475000.0,17563000.0,1.000,67108864.0,0.000,0,0,67108864,1,0,1,0,1,1
3,final_left_i32,i32,16777216,glibc_t1,FIXED_TWIN,1,2,1,42421946.00,16385.0000,0.0000,21178000.0,21249000.0,1.000,67108864.0,0.000,0,0,67108864,1,0,1,0,1,1
3,final_left_i32,i32,16777216,glibc_t1,P5,1,3,1,78452292.00,32770.0000,0.0000,23250000.0,55204000.0,2.000,134217728.0,0.000,0,0,134217728,2,0,0,0,1,1
3,final_left_i32,i32,16777216,glibc_t1,P7,2,0,1,42014659.00,16385.0000,0.0000,19029000.0,22970000.0,1.000,67108864.0,0.000,0,0,67108864,1,0,1,0,1,1
3,final_left_i32,i32,16777216,glibc_t1,FIXED_TWIN,2,1,1,41961797.00,16385.0000,0.0000,16954000.0,25012000.0,1.000,67108864.0,0.000,0,0,67108864,1,0,1,0,1,1
3,final_left_i32,i32,16777216,glibc_t1,P5,2,2,1,77114545.00,32770.0000,0.0000,10603000.0,66517000.0,2.000,134217728.0,0.000,0,0,134217728,2,0,0,0,1,1
3,final_left_i32,i32,16777216,glibc_t1,P6,2,3,1,47948839.00,16385.0000,0.0000,31978000.0,15977000.0,1.000,67108864.0,0.000,0,0,67108864,1,1,0,0,1,1
3,final_left_i32,i32,16777216,glibc_t1,FIXED_TWIN,3,0,1,42378137.00,16385.0000,0.0000,17157000.0,25217000.0,1.000,67108864.0,0.000,0,0,67108864,1,0,1,0,1,1
3,final_left_i32,i32,16777216,glibc_t1,P5,3,1,1,78509910.00,32770.0000,0.0000,15280000.0,63208000.0,2.000,134217728.0,0.000,0,0,134217728,2,0,0,0,1,1
3,final_left_i32,i32,16777216,glibc_t1,P6,3,2,1,48602646.00,16385.0000,0.0000,16296000.0,32313000.0,1.000,67108864.0,0.000,0,0,67108864,1,1,0,0,1,1
3,final_left_i32,i32,16777216,glibc_t1,P7,3,3,1,42890899.00,16385.0000,0.0000,15465000.0,27432000.0,1.000,67108864.0,0.000,0,0,67108864,1,0,1,0,1,1
3,final_left_i32,i32,16777216,glibc_t1,P5,4,0,1,79579881.00,32770.0000,0.0000,19701000.0,59786000.0,2.000,134217728.0,0.000,0,0,134217728,2,0,0,0,1,1
3,final_left_i32,i32,16777216,glibc_t1,P6,4,1,1,50773798.00,16385.0000,0.0000,35409000.0,15373000.0,1.000,67108864.0,0.000,0,0,67108864,1,1,0,0,1,1
3,final_left_i32,i32,16777216,glibc_t1,P7,4,2,1,41426677.00,16385.0000,0.0000,20695000.0,20738000.0,1.000,67108864.0,0.000,0,0,67108864,1,0,1,0,1,1
3,final_left_i32,i32,16777216,glibc_t1,FIXED_TWIN,4,3,1,42751676.00,16385.0000,0.0000,13337000.0,29419000.0,1.000,67108864.0,0.000,0,0,67108864,1,0,1,0,1,1
3,final_left_i32,i32,16777216,glibc_t1,P6,5,0,1,49085596.00,16385.0000,0.0000,22589000.0,26501000.0,1.000,67108864.0,0.000,0,0,67108864,1,1,0,0,1,1
3,final_left_i32,i32,16777216,glibc_t1,P7,5,1,1,42478731.00,16385.0000,0.0000,15266000.0,27220000.0,1.000,67108864.0,0.000,0,0,67108864,1,0,1,0,1,1
3,final_left_i32,i32,16777216,glibc_t1,FIXED_TWIN,5,2,1,41752567.00,16385.0000,0.0000,24852000.0,16905000.0,1.000,67108864.0,0.000,0,0,67108864,1,0,1,0,1,1
3,final_left_i32,i32,16777216,glibc_t1,P5,5,3,1,77491631.00,32770.0000,0.0000,28721000.0,48765000.0,2.000,134217728.0,0.000,0,0,134217728,2,0,0,0,1,1
3,final_left_i32,i32,16777216,glibc_t1,P7,6,0,1,42008660.00,16385.0000,0.0000,16976000.0,25038000.0,1.000,67108864.0,0.000,0,0,67108864,1,0,1,0,1,1
3,final_left_i32,i32,16777216,glibc_t1,FIXED_TWIN,6,1,1,42436783.00,16385.0000,0.0000,7246000.0,35197000.0,1.000,67108864.0,0.000,0,0,67108864,1,0,1,0,1,1
3,final_left_i32,i32,16777216,glibc_t1,P5,6,2,1,81083151.00,32770.0000,0.0000,36528000.0,44562000.0,2.000,134217728.0,0.000,0,0,134217728,2,0,0,0,1,1
3,final_left_i32,i32,16777216,glibc_t1,P6,6,3,1,49256811.00,16385.0000,0.0000,24613000.0,24651000.0,1.000,67108864.0,0.000,0,0,67108864,1,1,0,0,1,1
3,final_left_i32,i32,16777216,glibc_t1,FIXED_TWIN,7,0,1,43536421.00,16385.0000,0.0000,19779000.0,23765000.0,1.000,67108864.0,0.000,0,0,67108864,1,0,1,0,1,1
3,final_left_i32,i32,16777216,glibc_t1,P5,7,1,1,77997282.00,32770.0000,0.0000,15033000.0,62970000.0,2.000,134217728.0,0.000,0,0,134217728,2,0,0,0,1,1
3,final_left_i32,i32,16777216,glibc_t1,P6,7,2,1,50189662.00,16385.0000,0.0000,23126000.0,27070000.0,1.000,67108864.0,0.000,0,0,67108864,1,1,0,0,1,1
3,final_left_i32,i32,16777216,glibc_t1,P7,7,3,1,42800872.00,16385.0000,0.0000,11412000.0,31374000.0,1.000,67108864.0,0.000,0,0,67108864,1,0,1,0,1,1
3,final_left_i32,i32,16777216,glibc_t1,P5,8,0,1,78032777.00,32770.0000,0.0000,23050000.0,54988000.0,2.000,134217728.0,0.000,0,0,134217728,2,0,0,0,1,1
3,final_left_i32,i32,16777216,glibc_t1,P6,8,1,1,48314406.00,16385.0000,0.0000,24156000.0,24166000.0,1.000,67108864.0,0.000,0,0,67108864,1,1,0,0,1,1
3,final_left_i32,i32,16777216,glibc_t1,P7,8,2,1,43976818.00,16385.0000,0.0000,27992000.0,15992000.0,1.000,67108864.0,0.000,0,0,67108864,1,0,1,0,1,1
3,final_left_i32,i32,16777216,glibc_t1,FIXED_TWIN,8,3,1,43474111.00,16385.0000,0.0000,21685000.0,21795000.0,1.000,67108864.0,0.000,0,0,67108864,1,0,1,0,1,1
3,final_left_i32,i32,16777216,glibc_t1,P6,9,0,1,49702065.00,16385.0000,0.0000,34890000.0,14819000.0,1.000,67108864.0,0.000,0,0,67108864,1,1,0,0,1,1
3,final_left_i32,i32,16777216,glibc_t1,P7,9,1,1,43171210.00,16385.0000,0.0000,15602000.0,27576000.0,1.000,67108864.0,0.000,0,0,67108864,1,0,1,0,1,1
3,final_left_i32,i32,16777216,glibc_t1,FIXED_TWIN,9,2,1,43514279.00,16385.0000,0.0000,21705000.0,21815000.0,1.000,67108864.0,0.000,0,0,67108864,1,0,1,0,1,1
3,final_left_i32,i32,16777216,glibc_t1,P5,9,3,1,80302226.00,32770.0000,0.0000,28144000.0,52152000.0,2.000,134217728.0,0.000,0,0,134217728,2,0,0,0,1,1
3,final_left_i32,i32,16777216,glibc_t1,P7,10,0,1,43200925.00,16385.0000,0.0000,15611000.0,27585000.0,1.000,67108864.0,0.000,0,0,67108864,1,0,1,0,1,1
3,final_left_i32,i32,16777216,glibc_t1,FIXED_TWIN,10,1,1,42713229.00,16385.0000,0.0000,19370000.0,23329000.0,1.000,67108864.0,0.000,0,0,67108864,1,0,1,0,1,1
3,final_left_i32,i32,16777216,glibc_t1,P5,10,2,1,78108961.00,32770.0000,0.0000,35088000.0,43028000.0,2.000,134217728.0,0.000,0,0,134217728,2,0,0,0,1,1
3,final_left_i32,i32,16777216,glibc_t1,P6,10,3,1,50062196.00,16385.0000,0.0000,31065000.0,19004000.0,1.000,67108864.0,0.000,0,0,67108864,1,1,0,0,1,1
3,final_left_i32,i32,16777216,glibc_t1,FIXED_TWIN,11,0,1,43380871.00,16385.0000,0.0000,11704000.0,31684000.0,1.000,67108864.0,0.000,0,0,67108864,1,0,1,0,1,1
3,final_left_i32,i32,16777216,glibc_t1,P5,11,1,1,78121067.00,32770.0000,0.0000,29030000.0,49097000.0,2.000,134217728.0,0.000,0,0,134217728,2,0,0,0,1,1
3,final_left_i32,i32,16777216,glibc_t1,P6,11,2,1,49176102.00,16385.0000,0.0000,20572000.0,28610000.0,1.000,67108864.0,0.000,0,0,67108864,1,1,0,0,1,1
3,final_left_i32,i32,16777216,glibc_t1,P7,11,3,1,42364048.00,16385.0000,0.0000,19212000.0,23159000.0,1.000,67108864.0,0.000,0,0,67108864,1,0,1,0,1,1
3,final_left_i32,i32,16777216,glibc_t1,P5,12,0,1,77219089.00,32770.0000,0.0000,24575000.0,52614000.0,2.000,134217728.0,0.000,0,0,134217728,2,0,0,0,1,1
3,final_left_i32,i32,16777216,glibc_t1,P6,12,1,1,50439440.00,16385.0000,0.0000,25183000.0,25263000.0,1.000,67108864.0,0.000,0,0,67108864,1,1,0,0,1,1
3,final_left_i32,i32,16777216,glibc_t1,P7,12,2,1,42376559.00,16385.0000,0.0000,3218000.0,39164000.0,1.000,67108864.0,0.000,0,0,67108864,1,0,1,0,1,1
3,final_left_i32,i32,16777216,glibc_t1,FIXED_TWIN,12,3,1,41760266.00,16385.0000,0.0000,20853000.0,20912000.0,1.000,67108864.0,0.000,0,0,67108864,1,0,1,0,1,1
3,final_left_i32,i32,16777216,glibc_t1,P6,13,0,1,48282375.00,16385.0000,0.0000,32139000.0,16149000.0,1.000,67108864.0,0.000,0,0,67108864,1,1,0,0,1,1
3,final_left_i32,i32,16777216,glibc_t1,P7,13,1,1,41695022.00,16385.0000,0.0000,12822000.0,28877000.0,1.000,67108864.0,0.000,0,0,67108864,1,0,1,0,1,1
3,final_left_i32,i32,16777216,glibc_t1,FIXED_TWIN,13,2,1,42049456.00,16385.0000,0.0000,8993000.0,33060000.0,1.000,67108864.0,0.000,0,0,67108864,1,0,1,0,1,1
3,final_left_i32,i32,16777216,glibc_t1,P5,13,3,1,76904560.00,32770.0000,0.0000,32440000.0,44470000.0,2.000,134217728.0,0.000,0,0,134217728,2,0,0,0,1,1
3,final_left_i32,i32,16777216,glibc_t1,P7,14,0,1,42064419.00,16385.0000,0.0000,10948000.0,30874000.0,1.000,67108864.0,0.000,0,0,67108864,1,0,1,0,1,1
3,final_left_i32,i32,16777216,glibc_t1,FIXED_TWIN,14,1,1,41880821.00,16385.0000,0.0000,24911000.0,16974000.0,1.000,67108864.0,0.000,0,0,67108864,1,0,1,0,1,1
3,final_left_i32,i32,16777216,glibc_t1,P5,14,2,1,77193907.00,32770.0000,0.0000,12580000.0,64619000.0,2.000,134217728.0,0.000,0,0,134217728,2,0,0,0,1,1
3,final_left_i32,i32,16777216,glibc_t1,P6,14,3,1,48688143.00,16385.0000,0.0000,24335000.0,24291000.0,1.000,67108864.0,0.000,0,0,67108864,1,1,0,0,1,1
3,chain3_i32,i32,64,glibc_t1,P5,0,0,1000,394.66,0.0000,0.0000,192.0,206.0,3.000,768.0,0.000,0,0,256512,3,0,0,0,1,1
3,chain3_i32,i32,64,glibc_t1,P6,0,1,1000,341.27,0.0000,0.0000,165.0,177.0,1.000,256.0,0.000,0,0,256000,1,2,0,0,1,1
3,chain3_i32,i32,64,glibc_t1,P7,0,2,1000,314.99,0.0000,0.0000,152.0,163.0,1.000,256.0,0.000,0,0,256000,1,1,1,0,1,1
3,chain3_i32,i32,64,glibc_t1,FIXED_TWIN,0,3,1000,321.76,0.0000,0.0000,156.0,167.0,1.000,256.0,0.000,0,0,256000,1,1,1,0,1,1
3,chain3_i32,i32,64,glibc_t1,P6,1,0,1000,366.35,0.0000,0.0000,367.0,0.0,1.000,256.0,0.000,0,0,256000,1,2,0,0,1,1
3,chain3_i32,i32,64,glibc_t1,P7,1,1,1000,314.06,0.0000,0.0000,315.0,0.0,1.000,256.0,0.000,0,0,256000,1,1,1,0,1,1
3,chain3_i32,i32,64,glibc_t1,FIXED_TWIN,1,2,1000,313.75,0.0000,0.0000,315.0,0.0,1.000,256.0,0.000,0,0,256000,1,1,1,0,1,1
3,chain3_i32,i32,64,glibc_t1,P5,1,3,1000,374.56,0.0000,0.0000,375.0,0.0,3.000,768.0,0.000,0,0,256512,3,0,0,0,1,1
3,chain3_i32,i32,64,glibc_t1,P7,2,0,1000,340.90,0.0000,0.0000,341.0,0.0,1.000,256.0,0.000,0,0,256000,1,1,1,0,1,1
3,chain3_i32,i32,64,glibc_t1,FIXED_TWIN,2,1,1000,343.99,0.0000,0.0000,344.0,0.0,1.000,256.0,0.000,0,0,256000,1,1,1,0,1,1
3,chain3_i32,i32,64,glibc_t1,P5,2,2,1000,366.97,0.0000,0.0000,367.0,0.0,3.000,768.0,0.000,0,0,256512,3,0,0,0,1,1
3,chain3_i32,i32,64,glibc_t1,P6,2,3,1000,344.20,0.0000,0.0000,345.0,0.0,1.000,256.0,0.000,0,0,256000,1,2,0,0,1,1
3,chain3_i32,i32,64,glibc_t1,FIXED_TWIN,3,0,1000,346.25,0.0000,0.0000,347.0,0.0,1.000,256.0,0.000,0,0,256000,1,1,1,0,1,1
3,chain3_i32,i32,64,glibc_t1,P5,3,1,1000,404.21,0.0000,0.0000,405.0,0.0,3.000,768.0,0.000,0,0,256512,3,0,0,0,1,1
3,chain3_i32,i32,64,glibc_t1,P6,3,2,1000,366.67,0.0000,0.0000,368.0,0.0,1.000,256.0,0.000,0,0,256000,1,2,0,0,1,1
3,chain3_i32,i32,64,glibc_t1,P7,3,3,1000,313.09,0.0000,0.0000,314.0,0.0,1.000,256.0,0.000,0,0,256000,1,1,1,0,1,1
3,chain3_i32,i32,64,glibc_t1,P5,4,0,1000,380.69,0.0000,0.0000,382.0,0.0,3.000,768.0,0.000,0,0,256512,3,0,0,0,1,1
3,chain3_i32,i32,64,glibc_t1,P6,4,1,1000,367.20,0.0000,0.0000,368.0,0.0,1.000,256.0,0.000,0,0,256000,1,2,0,0,1,1
3,chain3_i32,i32,64,glibc_t1,P7,4,2,1000,315.16,0.0000,0.0000,316.0,0.0,1.000,256.0,0.000,0,0,256000,1,1,1,0,1,1
3,chain3_i32,i32,64,glibc_t1,FIXED_TWIN,4,3,1000,321.51,0.0000,0.0000,268.0,54.0,1.000,256.0,0.000,0,0,256000,1,1,1,0,1,1
3,chain3_i32,i32,64,glibc_t1,P6,5,0,1000,337.76,0.0000,0.0000,338.0,0.0,1.000,256.0,0.000,0,0,256000,1,2,0,0,1,1
3,chain3_i32,i32,64,glibc_t1,P7,5,1,1000,341.99,0.0000,0.0000,343.0,0.0,1.000,256.0,0.000,0,0,256000,1,1,1,0,1,1
3,chain3_i32,i32,64,glibc_t1,FIXED_TWIN,5,2,1000,313.75,0.0000,0.0000,315.0,0.0,1.000,256.0,0.000,0,0,256000,1,1,1,0,1,1
3,chain3_i32,i32,64,glibc_t1,P5,5,3,1000,386.39,0.0000,0.0000,387.0,0.0,3.000,768.0,0.000,0,0,256512,3,0,0,0,1,1
3,chain3_i32,i32,64,glibc_t1,P7,6,0,1000,325.74,0.0000,0.0000,326.0,0.0,1.000,256.0,0.000,0,0,256000,1,1,1,0,1,1
3,chain3_i32,i32,64,glibc_t1,FIXED_TWIN,6,1,1000,338.77,0.0000,0.0000,340.0,0.0,1.000,256.0,0.000,0,0,256000,1,1,1,0,1,1
3,chain3_i32,i32,64,glibc_t1,P5,6,2,1000,397.17,0.0000,0.0000,398.0,0.0,3.000,768.0,0.000,0,0,256512,3,0,0,0,1,1
3,chain3_i32,i32,64,glibc_t1,P6,6,3,1000,340.11,0.0000,0.0000,341.0,0.0,1.000,256.0,0.000,0,0,256000,1,2,0,0,1,1
3,chain3_i32,i32,64,glibc_t1,FIXED_TWIN,7,0,1000,314.78,0.0000,0.0000,316.0,0.0,1.000,256.0,0.000,0,0,256000,1,1,1,0,1,1
3,chain3_i32,i32,64,glibc_t1,P5,7,1,1000,371.25,0.0000,0.0000,372.0,0.0,3.000,768.0,0.000,0,0,256512,3,0,0,0,1,1
3,chain3_i32,i32,64,glibc_t1,P6,7,2,1000,361.82,0.0000,0.0000,363.0,0.0,1.000,256.0,0.000,0,0,256000,1,2,0,0,1,1
3,chain3_i32,i32,64,glibc_t1,P7,7,3,1000,320.16,0.0000,0.0000,321.0,0.0,1.000,256.0,0.000,0,0,256000,1,1,1,0,1,1
3,chain3_i32,i32,64,glibc_t1,P5,8,0,1000,365.89,0.0000,0.0000,367.0,0.0,3.000,768.0,0.000,0,0,256512,3,0,0,0,1,1
3,chain3_i32,i32,64,glibc_t1,P6,8,1,1000,336.02,0.0000,0.0000,336.0,0.0,1.000,256.0,0.000,0,0,256000,1,2,0,0,1,1
3,chain3_i32,i32,64,glibc_t1,P7,8,2,1000,334.26,0.0000,0.0000,335.0,0.0,1.000,256.0,0.000,0,0,256000,1,1,1,0,1,1
3,chain3_i32,i32,64,glibc_t1,FIXED_TWIN,8,3,1000,380.11,0.0000,0.0000,380.0,0.0,1.000,256.0,0.000,0,0,256000,1,1,1,0,1,1
3,chain3_i32,i32,64,glibc_t1,P6,9,0,1000,341.70,0.0000,0.0000,343.0,0.0,1.000,256.0,0.000,0,0,256000,1,2,0,0,1,1
3,chain3_i32,i32,64,glibc_t1,P7,9,1,1000,318.63,0.0000,0.0000,319.0,0.0,1.000,256.0,0.000,0,0,256000,1,1,1,0,1,1
3,chain3_i32,i32,64,glibc_t1,FIXED_TWIN,9,2,1000,355.24,0.0000,0.0000,356.0,0.0,1.000,256.0,0.000,0,0,256000,1,1,1,0,1,1
3,chain3_i32,i32,64,glibc_t1,P5,9,3,1000,400.43,0.0000,0.0000,402.0,0.0,3.000,768.0,0.000,0,0,256512,3,0,0,0,1,1
3,chain3_i32,i32,64,glibc_t1,P7,10,0,1000,334.43,0.0000,0.0000,335.0,0.0,1.000,256.0,0.000,0,0,256000,1,1,1,0,1,1
3,chain3_i32,i32,64,glibc_t1,FIXED_TWIN,10,1,1000,312.25,0.0000,0.0000,313.0,0.0,1.000,256.0,0.000,0,0,256000,1,1,1,0,1,1
3,chain3_i32,i32,64,glibc_t1,P5,10,2,1000,389.01,0.0000,0.0000,390.0,0.0,3.000,768.0,0.000,0,0,256512,3,0,0,0,1,1
3,chain3_i32,i32,64,glibc_t1,P6,10,3,1000,365.04,0.0000,0.0000,365.0,0.0,1.000,256.0,0.000,0,0,256000,1,2,0,0,1,1
3,chain3_i32,i32,64,glibc_t1,FIXED_TWIN,11,0,1000,314.36,0.0000,0.0000,315.0,0.0,1.000,256.0,0.000,0,0,256000,1,1,1,0,1,1
3,chain3_i32,i32,64,glibc_t1,P5,11,1,1000,381.33,0.0000,0.0000,366.0,16.0,3.000,768.0,0.000,0,0,256512,3,0,0,0,1,1
3,chain3_i32,i32,64,glibc_t1,P6,11,2,1000,337.59,0.0000,0.0000,338.0,0.0,1.000,256.0,0.000,0,0,256000,1,2,0,0,1,1
3,chain3_i32,i32,64,glibc_t1,P7,11,3,1000,341.97,0.0000,0.0000,342.0,0.0,1.000,256.0,0.000,0,0,256000,1,1,1,0,1,1
3,chain3_i32,i32,64,glibc_t1,P5,12,0,1000,402.51,0.0000,0.0000,403.0,0.0,3.000,768.0,0.000,0,0,256512,3,0,0,0,1,1
3,chain3_i32,i32,64,glibc_t1,P6,12,1,1000,330.92,0.0000,0.0000,332.0,0.0,1.000,256.0,0.000,0,0,256000,1,2,0,0,1,1
3,chain3_i32,i32,64,glibc_t1,P7,12,2,1000,314.84,0.0000,0.0000,315.0,0.0,1.000,256.0,0.000,0,0,256000,1,1,1,0,1,1
3,chain3_i32,i32,64,glibc_t1,FIXED_TWIN,12,3,1000,326.27,0.0000,0.0000,327.0,0.0,1.000,256.0,0.000,0,0,256000,1,1,1,0,1,1
3,chain3_i32,i32,64,glibc_t1,P6,13,0,1000,357.91,0.0000,0.0000,359.0,0.0,1.000,256.0,0.000,0,0,256000,1,2,0,0,1,1
3,chain3_i32,i32,64,glibc_t1,P7,13,1,1000,313.05,0.0000,0.0000,314.0,0.0,1.000,256.0,0.000,0,0,256000,1,1,1,0,1,1
3,chain3_i32,i32,64,glibc_t1,FIXED_TWIN,13,2,1000,310.31,0.0000,0.0000,311.0,0.0,1.000,256.0,0.000,0,0,256000,1,1,1,0,1,1
3,chain3_i32,i32,64,glibc_t1,P5,13,3,1000,398.98,0.0000,0.0000,399.0,0.0,3.000,768.0,0.000,0,0,256512,3,0,0,0,1,1
3,chain3_i32,i32,64,glibc_t1,P7,14,0,1000,359.91,0.0000,0.0000,360.0,0.0,1.000,256.0,0.000,0,0,256000,1,1,1,0,1,1
3,chain3_i32,i32,64,glibc_t1,FIXED_TWIN,14,1,1000,389.44,0.0000,0.0000,390.0,0.0,1.000,256.0,0.000,0,0,256000,1,1,1,0,1,1
3,chain3_i32,i32,64,glibc_t1,P5,14,2,1000,367.50,0.0000,0.0000,368.0,0.0,3.000,768.0,0.000,0,0,256512,3,0,0,0,1,1
3,chain3_i32,i32,64,glibc_t1,P6,14,3,1000,334.20,0.0000,0.0000,335.0,0.0,1.000,256.0,0.000,0,0,256000,1,2,0,0,1,1
3,chain3_i32,i32,1024,glibc_t1,P5,0,0,1000,838.19,0.0000,0.0000,842.0,0.0,3.000,12288.0,0.000,0,0,4104192,3,0,0,0,1,1
3,chain3_i32,i32,1024,glibc_t1,P6,0,1,1000,712.56,0.0000,0.0000,714.0,0.0,1.000,4096.0,0.000,0,0,4096000,1,2,0,0,1,1
3,chain3_i32,i32,1024,glibc_t1,P7,0,2,1000,626.50,0.0000,0.0000,628.0,0.0,1.000,4096.0,0.000,0,0,4096000,1,1,1,0,1,1
3,chain3_i32,i32,1024,glibc_t1,FIXED_TWIN,0,3,1000,610.77,0.0000,0.0000,613.0,0.0,1.000,4096.0,0.000,0,0,4096000,1,1,1,0,1,1
3,chain3_i32,i32,1024,glibc_t1,P6,1,0,1000,703.13,0.0000,0.0000,706.0,0.0,1.000,4096.0,0.000,0,0,4096000,1,2,0,0,1,1
3,chain3_i32,i32,1024,glibc_t1,P7,1,1,1000,621.54,0.0000,0.0000,623.0,0.0,1.000,4096.0,0.000,0,0,4096000,1,1,1,0,1,1
3,chain3_i32,i32,1024,glibc_t1,FIXED_TWIN,1,2,1000,594.32,0.0000,0.0000,569.0,28.0,1.000,4096.0,0.000,0,0,4096000,1,1,1,0,1,1
3,chain3_i32,i32,1024,glibc_t1,P5,1,3,1000,740.33,0.0000,0.0000,744.0,0.0,3.000,12288.0,0.000,0,0,4104192,3,0,0,0,1,1
3,chain3_i32,i32,1024,glibc_t1,P7,2,0,1000,633.91,0.0000,0.0000,636.0,0.0,1.000,4096.0,0.000,0,0,4096000,1,1,1,0,1,1
3,chain3_i32,i32,1024,glibc_t1,FIXED_TWIN,2,1,1000,622.38,0.0000,0.0000,626.0,0.0,1.000,4096.0,0.000,0,0,4096000,1,1,1,0,1,1
3,chain3_i32,i32,1024,glibc_t1,P5,2,2,1000,829.33,0.0000,0.0000,832.0,0.0,3.000,12288.0,0.000,0,0,4104192,3,0,0,0,1,1
3,chain3_i32,i32,1024,glibc_t1,P6,2,3,1000,747.02,0.0000,0.0000,748.0,0.0,1.000,4096.0,0.000,0,0,4096000,1,2,0,0,1,1
3,chain3_i32,i32,1024,glibc_t1,FIXED_TWIN,3,0,1000,633.21,0.0000,0.0000,634.0,0.0,1.000,4096.0,0.000,0,0,4096000,1,1,1,0,1,1
3,chain3_i32,i32,1024,glibc_t1,P5,3,1,1000,748.33,0.0000,0.0000,749.0,1.0,3.000,12288.0,0.000,0,0,4104192,3,0,0,0,1,1
3,chain3_i32,i32,1024,glibc_t1,P6,3,2,1000,718.08,0.0000,0.0000,721.0,0.0,1.000,4096.0,0.000,0,0,4096000,1,2,0,0,1,1
3,chain3_i32,i32,1024,glibc_t1,P7,3,3,1000,633.80,0.0000,0.0000,636.0,0.0,1.000,4096.0,0.000,0,0,4096000,1,1,1,0,1,1
3,chain3_i32,i32,1024,glibc_t1,P5,4,0,1000,710.02,0.0000,0.0000,713.0,0.0,3.000,12288.0,0.000,0,0,4104192,3,0,0,0,1,1
3,chain3_i32,i32,1024,glibc_t1,P6,4,1,1000,709.12,0.0000,0.0000,711.0,0.0,1.000,4096.0,0.000,0,0,4096000,1,2,0,0,1,1
3,chain3_i32,i32,1024,glibc_t1,P7,4,2,1000,669.25,0.0000,0.0000,671.0,0.0,1.000,4096.0,0.000,0,0,4096000,1,1,1,0,1,1
3,chain3_i32,i32,1024,glibc_t1,FIXED_TWIN,4,3,1000,592.21,0.0000,0.0000,595.0,0.0,1.000,4096.0,0.000,0,0,4096000,1,1,1,0,1,1
3,chain3_i32,i32,1024,glibc_t1,P6,5,0,1000,716.71,0.0000,0.0000,719.0,0.0,1.000,4096.0,0.000,0,0,4096000,1,2,0,0,1,1
3,chain3_i32,i32,1024,glibc_t1,P7,5,1,1000,644.82,0.0000,0.0000,648.0,0.0,1.000,4096.0,0.000,0,0,4096000,1,1,1,0,1,1
3,chain3_i32,i32,1024,glibc_t1,FIXED_TWIN,5,2,1000,579.83,0.0000,0.0000,582.0,0.0,1.000,4096.0,0.000,0,0,4096000,1,1,1,0,1,1
3,chain3_i32,i32,1024,glibc_t1,P5,5,3,1000,782.61,0.0000,0.0000,785.0,0.0,3.000,12288.0,0.000,0,0,4104192,3,0,0,0,1,1
3,chain3_i32,i32,1024,glibc_t1,P7,6,0,1000,645.20,0.0000,0.0000,647.0,0.0,1.000,4096.0,0.000,0,0,4096000,1,1,1,0,1,1
3,chain3_i32,i32,1024,glibc_t1,FIXED_TWIN,6,1,1000,607.90,0.0000,0.0000,609.0,0.0,1.000,4096.0,0.000,0,0,4096000,1,1,1,0,1,1
3,chain3_i32,i32,1024,glibc_t1,P5,6,2,1000,729.37,0.0000,0.0000,731.0,0.0,3.000,12288.0,0.000,0,0,4104192,3,0,0,0,1,1
3,chain3_i32,i32,1024,glibc_t1,P6,6,3,1000,708.01,0.0000,0.0000,710.0,0.0,1.000,4096.0,0.000,0,0,4096000,1,2,0,0,1,1
3,chain3_i32,i32,1024,glibc_t1,FIXED_TWIN,7,0,1000,604.67,0.0000,0.0000,607.0,0.0,1.000,4096.0,0.000,0,0,4096000,1,1,1,0,1,1
3,chain3_i32,i32,1024,glibc_t1,P5,7,1,1000,741.18,0.0000,0.0000,744.0,0.0,3.000,12288.0,0.000,0,0,4104192,3,0,0,0,1,1
3,chain3_i32,i32,1024,glibc_t1,P6,7,2,1000,821.78,0.0000,0.0000,824.0,0.0,1.000,4096.0,0.000,0,0,4096000,1,2,0,0,1,1
3,chain3_i32,i32,1024,glibc_t1,P7,7,3,1000,589.70,0.0000,0.0000,592.0,0.0,1.000,4096.0,0.000,0,0,4096000,1,1,1,0,1,1
3,chain3_i32,i32,1024,glibc_t1,P5,8,0,1000,767.31,0.0000,0.0000,769.0,0.0,3.000,12288.0,0.000,0,0,4104192,3,0,0,0,1,1
3,chain3_i32,i32,1024,glibc_t1,P6,8,1,1000,722.45,0.0000,0.0000,726.0,0.0,1.000,4096.0,0.000,0,0,4096000,1,2,0,0,1,1
3,chain3_i32,i32,1024,glibc_t1,P7,8,2,1000,577.07,0.0000,0.0000,579.0,0.0,1.000,4096.0,0.000,0,0,4096000,1,1,1,0,1,1
3,chain3_i32,i32,1024,glibc_t1,FIXED_TWIN,8,3,1000,625.68,0.0000,0.0000,628.0,0.0,1.000,4096.0,0.000,0,0,4096000,1,1,1,0,1,1
3,chain3_i32,i32,1024,glibc_t1,P6,9,0,1000,711.75,0.0000,0.0000,714.0,0.0,1.000,4096.0,0.000,0,0,4096000,1,2,0,0,1,1
3,chain3_i32,i32,1024,glibc_t1,P7,9,1,1000,583.40,0.0000,0.0000,585.0,0.0,1.000,4096.0,0.000,0,0,4096000,1,1,1,0,1,1
3,chain3_i32,i32,1024,glibc_t1,FIXED_TWIN,9,2,1000,617.69,0.0000,0.0000,619.0,0.0,1.000,4096.0,0.000,0,0,4096000,1,1,1,0,1,1
3,chain3_i32,i32,1024,glibc_t1,P5,9,3,1000,736.89,0.0000,0.0000,739.0,0.0,3.000,12288.0,0.000,0,0,4104192,3,0,0,0,1,1
3,chain3_i32,i32,1024,glibc_t1,P7,10,0,1000,600.94,0.0000,0.0000,602.0,0.0,1.000,4096.0,0.000,0,0,4096000,1,1,1,0,1,1
3,chain3_i32,i32,1024,glibc_t1,FIXED_TWIN,10,1,1000,621.63,0.0000,0.0000,623.0,0.0,1.000,4096.0,0.000,0,0,4096000,1,1,1,0,1,1
3,chain3_i32,i32,1024,glibc_t1,P5,10,2,1000,787.63,0.0000,0.0000,789.0,0.0,3.000,12288.0,0.000,0,0,4104192,3,0,0,0,1,1
3,chain3_i32,i32,1024,glibc_t1,P6,10,3,1000,745.10,0.0000,0.0000,748.0,0.0,1.000,4096.0,0.000,0,0,4096000,1,2,0,0,1,1
3,chain3_i32,i32,1024,glibc_t1,FIXED_TWIN,11,0,1000,632.05,0.0000,0.0000,635.0,0.0,1.000,4096.0,0.000,0,0,4096000,1,1,1,0,1,1
3,chain3_i32,i32,1024,glibc_t1,P5,11,1,1000,826.12,0.0000,0.0000,829.0,0.0,3.000,12288.0,0.000,0,0,4104192,3,0,0,0,1,1
3,chain3_i32,i32,1024,glibc_t1,P6,11,2,1000,673.81,0.0000,0.0000,677.0,0.0,1.000,4096.0,0.000,0,0,4096000,1,2,0,0,1,1
3,chain3_i32,i32,1024,glibc_t1,P7,11,3,1000,623.68,0.0000,0.0000,626.0,0.0,1.000,4096.0,0.000,0,0,4096000,1,1,1,0,1,1
3,chain3_i32,i32,1024,glibc_t1,P5,12,0,1000,782.77,0.0000,0.0000,786.0,0.0,3.000,12288.0,0.000,0,0,4104192,3,0,0,0,1,1
3,chain3_i32,i32,1024,glibc_t1,P6,12,1,1000,735.82,0.0000,0.0000,738.0,0.0,1.000,4096.0,0.000,0,0,4096000,1,2,0,0,1,1
3,chain3_i32,i32,1024,glibc_t1,P7,12,2,1000,590.77,0.0000,0.0000,593.0,0.0,1.000,4096.0,0.000,0,0,4096000,1,1,1,0,1,1
3,chain3_i32,i32,1024,glibc_t1,FIXED_TWIN,12,3,1000,612.21,0.0000,0.0000,614.0,0.0,1.000,4096.0,0.000,0,0,4096000,1,1,1,0,1,1
3,chain3_i32,i32,1024,glibc_t1,P6,13,0,1000,798.81,0.0000,0.0000,800.0,0.0,1.000,4096.0,0.000,0,0,4096000,1,2,0,0,1,1
3,chain3_i32,i32,1024,glibc_t1,P7,13,1,1000,613.93,0.0000,0.0000,615.0,0.0,1.000,4096.0,0.000,0,0,4096000,1,1,1,0,1,1
3,chain3_i32,i32,1024,glibc_t1,FIXED_TWIN,13,2,1000,658.84,0.0000,0.0000,660.0,0.0,1.000,4096.0,0.000,0,0,4096000,1,1,1,0,1,1
3,chain3_i32,i32,1024,glibc_t1,P5,13,3,1000,752.54,0.0000,0.0000,757.0,0.0,3.000,12288.0,0.000,0,0,4104192,3,0,0,0,1,1
3,chain3_i32,i32,1024,glibc_t1,P7,14,0,1000,622.98,0.0000,0.0000,625.0,0.0,1.000,4096.0,0.000,0,0,4096000,1,1,1,0,1,1
3,chain3_i32,i32,1024,glibc_t1,FIXED_TWIN,14,1,1000,653.36,0.0000,0.0000,656.0,0.0,1.000,4096.0,0.000,0,0,4096000,1,1,1,0,1,1
3,chain3_i32,i32,1024,glibc_t1,P5,14,2,1000,710.22,0.0000,0.0000,712.0,0.0,3.000,12288.0,0.000,0,0,4104192,3,0,0,0,1,1
3,chain3_i32,i32,1024,glibc_t1,P6,14,3,1000,723.13,0.0000,0.0000,726.0,0.0,1.000,4096.0,0.000,0,0,4096000,1,2,0,0,1,1
3,chain3_i32,i32,4096,glibc_t1,P5,0,0,1,2337.00,0.0000,0.0000,4000.0,0.0,3.000,49152.0,0.000,0,0,49152,3,0,0,0,1,1
3,chain3_i32,i32,4096,glibc_t1,P6,0,1,1,1926.00,0.0000,0.0000,2000.0,0.0,1.000,16384.0,0.000,0,0,16384,1,2,0,0,1,1
3,chain3_i32,i32,4096,glibc_t1,P7,0,2,1,2107.00,0.0000,0.0000,3000.0,0.0,1.000,16384.0,0.000,0,0,16384,1,1,1,0,1,1
3,chain3_i32,i32,4096,glibc_t1,FIXED_TWIN,0,3,1,1698.00,0.0000,0.0000,2000.0,0.0,1.000,16384.0,0.000,0,0,16384,1,1,1,0,1,1
3,chain3_i32,i32,4096,glibc_t1,P6,1,0,1,7374.00,0.0000,0.0000,8000.0,0.0,1.000,16384.0,0.000,0,0,16384,1,2,0,0,1,1
3,chain3_i32,i32,4096,glibc_t1,P7,1,1,1,1667.00,0.0000,0.0000,2000.0,0.0,1.000,16384.0,0.000,0,0,16384,1,1,1,0,1,1
3,chain3_i32,i32,4096,glibc_t1,FIXED_TWIN,1,2,1,1662.00,0.0000,0.0000,2000.0,0.0,1.000,16384.0,0.000,0,0,16384,1,1,1,0,1,1
3,chain3_i32,i32,4096,glibc_t1,P5,1,3,1,2196.00,0.0000,0.0000,3000.0,0.0,3.000,49152.0,0.000,0,0,49152,3,0,0,0,1,1
3,chain3_i32,i32,4096,glibc_t1,P7,2,0,1,1605.00,0.0000,0.0000,2000.0,0.0,1.000,16384.0,0.000,0,0,16384,1,1,1,0,1,1
3,chain3_i32,i32,4096,glibc_t1,FIXED_TWIN,2,1,1,1584.00,0.0000,0.0000,2000.0,0.0,1.000,16384.0,0.000,0,0,16384,1,1,1,0,1,1
3,chain3_i32,i32,4096,glibc_t1,P5,2,2,1,2182.00,0.0000,0.0000,3000.0,0.0,3.000,49152.0,0.000,0,0,49152,3,0,0,0,1,1
3,chain3_i32,i32,4096,glibc_t1,P6,2,3,1,1831.00,0.0000,0.0000,2000.0,0.0,1.000,16384.0,0.000,0,0,16384,1,2,0,0,1,1
3,chain3_i32,i32,4096,glibc_t1,FIXED_TWIN,3,0,1,1603.00,0.0000,0.0000,2000.0,0.0,1.000,16384.0,0.000,0,0,16384,1,1,1,0,1,1
3,chain3_i32,i32,4096,glibc_t1,P5,3,1,1,2267.00,0.0000,0.0000,2000.0,0.0,3.000,49152.0,0.000,0,0,49152,3,0,0,0,1,1
3,chain3_i32,i32,4096,glibc_t1,P6,3,2,1,1836.00,0.0000,0.0000,2000.0,0.0,1.000,16384.0,0.000,0,0,16384,1,2,0,0,1,1
3,chain3_i32,i32,4096,glibc_t1,P7,3,3,1,1619.00,0.0000,0.0000,2000.0,0.0,1.000,16384.0,0.000,0,0,16384,1,1,1,0,1,1
3,chain3_i32,i32,4096,glibc_t1,P5,4,0,1,2148.00,0.0000,0.0000,3000.0,0.0,3.000,49152.0,0.000,0,0,49152,3,0,0,0,1,1
3,chain3_i32,i32,4096,glibc_t1,P6,4,1,1,1841.00,0.0000,0.0000,3000.0,0.0,1.000,16384.0,0.000,0,0,16384,1,2,0,0,1,1
3,chain3_i32,i32,4096,glibc_t1,P7,4,2,1,1594.00,0.0000,0.0000,2000.0,0.0,1.000,16384.0,0.000,0,0,16384,1,1,1,0,1,1
3,chain3_i32,i32,4096,glibc_t1,FIXED_TWIN,4,3,1,1612.00,0.0000,0.0000,3000.0,0.0,1.000,16384.0,0.000,0,0,16384,1,1,1,0,1,1
3,chain3_i32,i32,4096,glibc_t1,P6,5,0,1,1834.00,0.0000,0.0000,2000.0,0.0,1.000,16384.0,0.000,0,0,16384,1,2,0,0,1,1
3,chain3_i32,i32,4096,glibc_t1,P7,5,1,1,1607.00,0.0000,0.0000,2000.0,0.0,1.000,16384.0,0.000,0,0,16384,1,1,1,0,1,1
3,chain3_i32,i32,4096,glibc_t1,FIXED_TWIN,5,2,1,1602.00,0.0000,0.0000,2000.0,0.0,1.000,16384.0,0.000,0,0,16384,1,1,1,0,1,1
3,chain3_i32,i32,4096,glibc_t1,P5,5,3,1,2208.00,0.0000,0.0000,3000.0,0.0,3.000,49152.0,0.000,0,0,49152,3,0,0,0,1,1
3,chain3_i32,i32,4096,glibc_t1,P7,6,0,1,1598.00,0.0000,0.0000,2000.0,0.0,1.000,16384.0,0.000,0,0,16384,1,1,1,0,1,1
3,chain3_i32,i32,4096,glibc_t1,FIXED_TWIN,6,1,1,1588.00,0.0000,0.0000,2000.0,0.0,1.000,16384.0,0.000,0,0,16384,1,1,1,0,1,1
3,chain3_i32,i32,4096,glibc_t1,P5,6,2,1,2149.00,0.0000,0.0000,3000.0,0.0,3.000,49152.0,0.000,0,0,49152,3,0,0,0,1,1
3,chain3_i32,i32,4096,glibc_t1,P6,6,3,1,1839.00,0.0000,0.0000,2000.0,0.0,1.000,16384.0,0.000,0,0,16384,1,2,0,0,1,1
3,chain3_i32,i32,4096,glibc_t1,FIXED_TWIN,7,0,1,1601.00,0.0000,0.0000,2000.0,0.0,1.000,16384.0,0.000,0,0,16384,1,1,1,0,1,1
3,chain3_i32,i32,4096,glibc_t1,P5,7,1,1,2193.00,0.0000,0.0000,2000.0,0.0,3.000,49152.0,0.000,0,0,49152,3,0,0,0,1,1
3,chain3_i32,i32,4096,glibc_t1,P6,7,2,1,1867.00,0.0000,0.0000,2000.0,0.0,1.000,16384.0,0.000,0,0,16384,1,2,0,0,1,1
3,chain3_i32,i32,4096,glibc_t1,P7,7,3,1,1600.00,0.0000,0.0000,2000.0,0.0,1.000,16384.0,0.000,0,0,16384,1,1,1,0,1,1
3,chain3_i32,i32,4096,glibc_t1,P5,8,0,1,2180.00,0.0000,0.0000,3000.0,0.0,3.000,49152.0,0.000,0,0,49152,3,0,0,0,1,1
3,chain3_i32,i32,4096,glibc_t1,P6,8,1,1,1834.00,0.0000,0.0000,2000.0,0.0,1.000,16384.0,0.000,0,0,16384,1,2,0,0,1,1
3,chain3_i32,i32,4096,glibc_t1,P7,8,2,1,1611.00,0.0000,0.0000,2000.0,0.0,1.000,16384.0,0.000,0,0,16384,1,1,1,0,1,1
3,chain3_i32,i32,4096,glibc_t1,FIXED_TWIN,8,3,1,1616.00,0.0000,0.0000,2000.0,0.0,1.000,16384.0,0.000,0,0,16384,1,1,1,0,1,1
3,chain3_i32,i32,4096,glibc_t1,P6,9,0,1,1776.00,0.0000,0.0000,3000.0,0.0,1.000,16384.0,0.000,0,0,16384,1,2,0,0,1,1
3,chain3_i32,i32,4096,glibc_t1,P7,9,1,1,1613.00,0.0000,0.0000,3000.0,0.0,1.000,16384.0,0.000,0,0,16384,1,1,1,0,1,1
3,chain3_i32,i32,4096,glibc_t1,FIXED_TWIN,9,2,1,1587.00,0.0000,0.0000,2000.0,0.0,1.000,16384.0,0.000,0,0,16384,1,1,1,0,1,1
3,chain3_i32,i32,4096,glibc_t1,P5,9,3,1,2170.00,0.0000,0.0000,2000.0,0.0,3.000,49152.0,0.000,0,0,49152,3,0,0,0,1,1
3,chain3_i32,i32,4096,glibc_t1,P7,10,0,1,1593.00,0.0000,0.0000,2000.0,0.0,1.000,16384.0,0.000,0,0,16384,1,1,1,0,1,1
3,chain3_i32,i32,4096,glibc_t1,FIXED_TWIN,10,1,1,1805.00,0.0000,0.0000,3000.0,0.0,1.000,16384.0,0.000,0,0,16384,1,1,1,0,1,1
3,chain3_i32,i32,4096,glibc_t1,P5,10,2,1,2181.00,0.0000,0.0000,3000.0,0.0,3.000,49152.0,0.000,0,0,49152,3,0,0,0,1,1
3,chain3_i32,i32,4096,glibc_t1,P6,10,3,1,1839.00,0.0000,0.0000,2000.0,0.0,1.000,16384.0,0.000,0,0,16384,1,2,0,0,1,1
3,chain3_i32,i32,4096,glibc_t1,FIXED_TWIN,11,0,1,1607.00,0.0000,0.0000,2000.0,0.0,1.000,16384.0,0.000,0,0,16384,1,1,1,0,1,1
3,chain3_i32,i32,4096,glibc_t1,P5,11,1,1,2193.00,0.0000,0.0000,2000.0,0.0,3.000,49152.0,0.000,0,0,49152,3,0,0,0,1,1
3,chain3_i32,i32,4096,glibc_t1,P6,11,2,1,1851.00,0.0000,0.0000,2000.0,0.0,1.000,16384.0,0.000,0,0,16384,1,2,0,0,1,1
3,chain3_i32,i32,4096,glibc_t1,P7,11,3,1,1602.00,0.0000,0.0000,2000.0,0.0,1.000,16384.0,0.000,0,0,16384,1,1,1,0,1,1
3,chain3_i32,i32,4096,glibc_t1,P5,12,0,1,2669.00,0.0000,0.0000,3000.0,0.0,3.000,49152.0,0.000,0,0,49152,3,0,0,0,1,1
3,chain3_i32,i32,4096,glibc_t1,P6,12,1,1,1820.00,0.0000,0.0000,2000.0,0.0,1.000,16384.0,0.000,0,0,16384,1,2,0,0,1,1
3,chain3_i32,i32,4096,glibc_t1,P7,12,2,1,1927.00,0.0000,0.0000,5000.0,0.0,1.000,16384.0,0.000,0,0,16384,1,1,1,0,1,1
3,chain3_i32,i32,4096,glibc_t1,FIXED_TWIN,12,3,1,1640.00,0.0000,0.0000,2000.0,0.0,1.000,16384.0,0.000,0,0,16384,1,1,1,0,1,1
3,chain3_i32,i32,4096,glibc_t1,P6,13,0,1,1815.00,0.0000,0.0000,3000.0,0.0,1.000,16384.0,0.000,0,0,16384,1,2,0,0,1,1
3,chain3_i32,i32,4096,glibc_t1,P7,13,1,1,1621.00,0.0000,0.0000,2000.0,0.0,1.000,16384.0,0.000,0,0,16384,1,1,1,0,1,1
3,chain3_i32,i32,4096,glibc_t1,FIXED_TWIN,13,2,1,1598.00,0.0000,0.0000,2000.0,0.0,1.000,16384.0,0.000,0,0,16384,1,1,1,0,1,1
3,chain3_i32,i32,4096,glibc_t1,P5,13,3,1,2216.00,0.0000,0.0000,3000.0,0.0,3.000,49152.0,0.000,0,0,49152,3,0,0,0,1,1
3,chain3_i32,i32,4096,glibc_t1,P7,14,0,1,1593.00,0.0000,0.0000,2000.0,0.0,1.000,16384.0,0.000,0,0,16384,1,1,1,0,1,1
3,chain3_i32,i32,4096,glibc_t1,FIXED_TWIN,14,1,1,1595.00,0.0000,0.0000,3000.0,0.0,1.000,16384.0,0.000,0,0,16384,1,1,1,0,1,1
3,chain3_i32,i32,4096,glibc_t1,P5,14,2,1,2158.00,0.0000,0.0000,3000.0,0.0,3.000,49152.0,0.000,0,0,49152,3,0,0,0,1,1
3,chain3_i32,i32,4096,glibc_t1,P6,14,3,1,1830.00,0.0000,0.0000,2000.0,0.0,1.000,16384.0,0.000,0,0,16384,1,2,0,0,1,1
3,chain3_i32,i32,16384,glibc_t1,P5,0,0,1,7202.00,0.0000,0.0000,8000.0,0.0,3.000,196608.0,0.000,0,0,196608,3,0,0,0,1,1
3,chain3_i32,i32,16384,glibc_t1,P6,0,1,1,6900.00,0.0000,0.0000,7000.0,0.0,1.000,65536.0,0.000,0,0,65536,1,2,0,0,1,1
3,chain3_i32,i32,16384,glibc_t1,P7,0,2,1,5963.00,0.0000,0.0000,7000.0,0.0,1.000,65536.0,0.000,0,0,65536,1,1,1,0,1,1
3,chain3_i32,i32,16384,glibc_t1,FIXED_TWIN,0,3,1,5511.00,0.0000,0.0000,6000.0,0.0,1.000,65536.0,0.000,0,0,65536,1,1,1,0,1,1
3,chain3_i32,i32,16384,glibc_t1,P6,1,0,1,6659.00,0.0000,0.0000,7000.0,0.0,1.000,65536.0,0.000,0,0,65536,1,2,0,0,1,1
3,chain3_i32,i32,16384,glibc_t1,P7,1,1,1,5596.00,0.0000,0.0000,6000.0,0.0,1.000,65536.0,0.000,0,0,65536,1,1,1,0,1,1
3,chain3_i32,i32,16384,glibc_t1,FIXED_TWIN,1,2,1,5464.00,0.0000,0.0000,6000.0,0.0,1.000,65536.0,0.000,0,0,65536,1,1,1,0,1,1
3,chain3_i32,i32,16384,glibc_t1,P5,1,3,1,7024.00,0.0000,0.0000,7000.0,0.0,3.000,196608.0,0.000,0,0,196608,3,0,0,0,1,1
3,chain3_i32,i32,16384,glibc_t1,P7,2,0,1,5612.00,0.0000,0.0000,7000.0,0.0,1.000,65536.0,0.000,0,0,65536,1,1,1,0,1,1
3,chain3_i32,i32,16384,glibc_t1,FIXED_TWIN,2,1,1,5535.00,0.0000,0.0000,6000.0,0.0,1.000,65536.0,0.000,0,0,65536,1,1,1,0,1,1
3,chain3_i32,i32,16384,glibc_t1,P5,2,2,1,6945.00,0.0000,0.0000,8000.0,0.0,3.000,196608.0,0.000,0,0,196608,3,0,0,0,1,1
3,chain3_i32,i32,16384,glibc_t1,P6,2,3,1,6739.00,0.0000,0.0000,7000.0,0.0,1.000,65536.0,0.000,0,0,65536,1,2,0,0,1,1
3,chain3_i32,i32,16384,glibc_t1,FIXED_TWIN,3,0,1,5523.00,0.0000,0.0000,6000.0,0.0,1.000,65536.0,0.000,0,0,65536,1,1,1,0,1,1
3,chain3_i32,i32,16384,glibc_t1,P5,3,1,1,6933.00,0.0000,0.0000,7000.0,0.0,3.000,196608.0,0.000,0,0,196608,3,0,0,0,1,1
3,chain3_i32,i32,16384,glibc_t1,P6,3,2,1,6748.00,0.0000,0.0000,8000.0,0.0,1.000,65536.0,0.000,0,0,65536,1,2,0,0,1,1
3,chain3_i32,i32,16384,glibc_t1,P7,3,3,1,18196.00,0.0000,0.0000,18000.0,0.0,1.000,65536.0,0.000,0,0,65536,1,1,1,0,1,1
3,chain3_i32,i32,16384,glibc_t1,P5,4,0,1,7234.00,0.0000,0.0000,7000.0,0.0,3.000,196608.0,0.000,0,0,196608,3,0,0,0,1,1
3,chain3_i32,i32,16384,glibc_t1,P6,4,1,1,6888.00,0.0000,0.0000,8000.0,0.0,1.000,65536.0,0.000,0,0,65536,1,2,0,0,1,1
3,chain3_i32,i32,16384,glibc_t1,P7,4,2,1,9575.00,0.0000,0.0000,11000.0,0.0,1.000,65536.0,0.000,0,0,65536,1,1,1,0,1,1
3,chain3_i32,i32,16384,glibc_t1,FIXED_TWIN,4,3,1,5587.00,0.0000,0.0000,6000.0,0.0,1.000,65536.0,0.000,0,0,65536,1,1,1,0,1,1
3,chain3_i32,i32,16384,glibc_t1,P6,5,0,1,6760.00,0.0000,0.0000,7000.0,0.0,1.000,65536.0,0.000,0,0,65536,1,2,0,0,1,1
3,chain3_i32,i32,16384,glibc_t1,P7,5,1,1,5583.00,0.0000,0.0000,6000.0,0.0,1.000,65536.0,0.000,0,0,65536,1,1,1,0,1,1
3,chain3_i32,i32,16384,glibc_t1,FIXED_TWIN,5,2,1,5567.00,0.0000,0.0000,6000.0,0.0,1.000,65536.0,0.000,0,0,65536,1,1,1,0,1,1
3,chain3_i32,i32,16384,glibc_t1,P5,5,3,1,6937.00,0.0000,0.0000,8000.0,0.0,3.000,196608.0,0.000,0,0,196608,3,0,0,0,1,1
3,chain3_i32,i32,16384,glibc_t1,P7,6,0,1,5575.00,0.0000,0.0000,6000.0,0.0,1.000,65536.0,0.000,0,0,65536,1,1,1,0,1,1
3,chain3_i32,i32,16384,glibc_t1,FIXED_TWIN,6,1,1,5538.00,0.0000,0.0000,6000.0,0.0,1.000,65536.0,0.000,0,0,65536,1,1,1,0,1,1
3,chain3_i32,i32,16384,glibc_t1,P5,6,2,1,6927.00,0.0000,0.0000,8000.0,0.0,3.000,196608.0,0.000,0,0,196608,3,0,0,0,1,1
3,chain3_i32,i32,16384,glibc_t1,P6,6,3,1,6730.00,0.0000,0.0000,7000.0,0.0,1.000,65536.0,0.000,0,0,65536,1,2,0,0,1,1
3,chain3_i32,i32,16384,glibc_t1,FIXED_TWIN,7,0,1,5572.00,0.0000,0.0000,6000.0,0.0,1.000,65536.0,0.000,0,0,65536,1,1,1,0,1,1
3,chain3_i32,i32,16384,glibc_t1,P5,7,1,1,7046.00,0.0000,0.0000,8000.0,0.0,3.000,196608.0,0.000,0,0,196608,3,0,0,0,1,1
3,chain3_i32,i32,16384,glibc_t1,P6,7,2,1,6687.00,0.0000,0.0000,7000.0,0.0,1.000,65536.0,0.000,0,0,65536,1,2,0,0,1,1
3,chain3_i32,i32,16384,glibc_t1,P7,7,3,1,5611.00,0.0000,0.0000,6000.0,0.0,1.000,65536.0,0.000,0,0,65536,1,1,1,0,1,1
3,chain3_i32,i32,16384,glibc_t1,P5,8,0,1,6997.00,0.0000,0.0000,7000.0,0.0,3.000,196608.0,0.000,0,0,196608,3,0,0,0,1,1
3,chain3_i32,i32,16384,glibc_t1,P6,8,1,1,6692.00,0.0000,0.0000,7000.0,0.0,1.000,65536.0,0.000,0,0,65536,1,2,0,0,1,1
3,chain3_i32,i32,16384,glibc_t1,P7,8,2,1,5564.00,0.0000,0.0000,6000.0,0.0,1.000,65536.0,0.000,0,0,65536,1,1,1,0,1,1
3,chain3_i32,i32,16384,glibc_t1,FIXED_TWIN,8,3,1,5600.00,0.0000,0.0000,6000.0,0.0,1.000,65536.0,0.000,0,0,65536,1,1,1,0,1,1
3,chain3_i32,i32,16384,glibc_t1,P6,9,0,1,6653.00,0.0000,0.0000,7000.0,0.0,1.000,65536.0,0.000,0,0,65536,1,2,0,0,1,1
3,chain3_i32,i32,16384,glibc_t1,P7,9,1,1,5506.00,0.0000,0.0000,6000.0,0.0,1.000,65536.0,0.000,0,0,65536,1,1,1,0,1,1
3,chain3_i32,i32,16384,glibc_t1,FIXED_TWIN,9,2,1,5886.00,0.0000,0.0000,6000.0,0.0,1.000,65536.0,0.000,0,0,65536,1,1,1,0,1,1
3,chain3_i32,i32,16384,glibc_t1,P5,9,3,1,7050.00,0.0000,0.0000,8000.0,0.0,3.000,196608.0,0.000,0,0,196608,3,0,0,0,1,1
3,chain3_i32,i32,16384,glibc_t1,P7,10,0,1,5573.00,0.0000,0.0000,6000.0,0.0,1.000,65536.0,0.000,0,0,65536,1,1,1,0,1,1
3,chain3_i32,i32,16384,glibc_t1,FIXED_TWIN,10,1,1,5487.00,0.0000,0.0000,6000.0,0.0,1.000,65536.0,0.000,0,0,65536,1,1,1,0,1,1
3,chain3_i32,i32,16384,glibc_t1,P5,10,2,1,7004.00,0.0000,0.0000,7000.0,0.0,3.000,196608.0,0.000,0,0,196608,3,0,0,0,1,1
3,chain3_i32,i32,16384,glibc_t1,P6,10,3,1,6661.00,0.0000,0.0000,7000.0,0.0,1.000,65536.0,0.000,0,0,65536,1,2,0,0,1,1
3,chain3_i32,i32,16384,glibc_t1,FIXED_TWIN,11,0,1,5566.00,0.0000,0.0000,6000.0,0.0,1.000,65536.0,0.000,0,0,65536,1,1,1,0,1,1
3,chain3_i32,i32,16384,glibc_t1,P5,11,1,1,6942.00,0.0000,0.0000,8000.0,0.0,3.000,196608.0,0.000,0,0,196608,3,0,0,0,1,1
3,chain3_i32,i32,16384,glibc_t1,P6,11,2,1,6748.00,0.0000,0.0000,7000.0,0.0,1.000,65536.0,0.000,0,0,65536,1,2,0,0,1,1
3,chain3_i32,i32,16384,glibc_t1,P7,11,3,1,5553.00,0.0000,0.0000,6000.0,0.0,1.000,65536.0,0.000,0,0,65536,1,1,1,0,1,1
3,chain3_i32,i32,16384,glibc_t1,P5,12,0,1,7004.00,0.0000,0.0000,7000.0,0.0,3.000,196608.0,0.000,0,0,196608,3,0,0,0,1,1
3,chain3_i32,i32,16384,glibc_t1,P6,12,1,1,6677.00,0.0000,0.0000,7000.0,0.0,1.000,65536.0,0.000,0,0,65536,1,2,0,0,1,1
3,chain3_i32,i32,16384,glibc_t1,P7,12,2,1,5587.00,0.0000,0.0000,6000.0,0.0,1.000,65536.0,0.000,0,0,65536,1,1,1,0,1,1
3,chain3_i32,i32,16384,glibc_t1,FIXED_TWIN,12,3,1,5581.00,0.0000,0.0000,6000.0,0.0,1.000,65536.0,0.000,0,0,65536,1,1,1,0,1,1
3,chain3_i32,i32,16384,glibc_t1,P6,13,0,1,6623.00,0.0000,0.0000,7000.0,0.0,1.000,65536.0,0.000,0,0,65536,1,2,0,0,1,1
3,chain3_i32,i32,16384,glibc_t1,P7,13,1,1,5528.00,0.0000,0.0000,6000.0,0.0,1.000,65536.0,0.000,0,0,65536,1,1,1,0,1,1
3,chain3_i32,i32,16384,glibc_t1,FIXED_TWIN,13,2,1,5794.00,0.0000,0.0000,6000.0,0.0,1.000,65536.0,0.000,0,0,65536,1,1,1,0,1,1
3,chain3_i32,i32,16384,glibc_t1,P5,13,3,1,7031.00,0.0000,0.0000,7000.0,0.0,3.000,196608.0,0.000,0,0,196608,3,0,0,0,1,1
3,chain3_i32,i32,16384,glibc_t1,P7,14,0,1,5553.00,0.0000,0.0000,6000.0,0.0,1.000,65536.0,0.000,0,0,65536,1,1,1,0,1,1
3,chain3_i32,i32,16384,glibc_t1,FIXED_TWIN,14,1,1,5529.00,0.0000,0.0000,6000.0,0.0,1.000,65536.0,0.000,0,0,65536,1,1,1,0,1,1
3,chain3_i32,i32,16384,glibc_t1,P5,14,2,1,7022.00,0.0000,0.0000,7000.0,0.0,3.000,196608.0,0.000,0,0,196608,3,0,0,0,1,1
3,chain3_i32,i32,16384,glibc_t1,P6,14,3,1,6708.00,0.0000,0.0000,8000.0,0.0,1.000,65536.0,0.000,0,0,65536,1,2,0,0,1,1
3,chain3_i32,i32,65536,glibc_t1,P5,0,0,1,39918.00,0.0000,0.0000,41000.0,0.0,3.000,786432.0,0.000,0,0,786432,3,0,0,0,1,1
3,chain3_i32,i32,65536,glibc_t1,P6,0,1,1,29126.00,0.0000,0.0000,30000.0,0.0,1.000,262144.0,0.000,0,0,262144,1,2,0,0,1,1
3,chain3_i32,i32,65536,glibc_t1,P7,0,2,1,22550.00,0.0000,0.0000,23000.0,0.0,1.000,262144.0,0.000,0,0,262144,1,1,1,0,1,1
3,chain3_i32,i32,65536,glibc_t1,FIXED_TWIN,0,3,1,22233.00,0.0000,0.0000,23000.0,0.0,1.000,262144.0,0.000,0,0,262144,1,1,1,0,1,1
3,chain3_i32,i32,65536,glibc_t1,P6,1,0,1,28145.00,0.0000,0.0000,28000.0,0.0,1.000,262144.0,0.000,0,0,262144,1,2,0,0,1,1
3,chain3_i32,i32,65536,glibc_t1,P7,1,1,1,22255.00,0.0000,0.0000,23000.0,0.0,1.000,262144.0,0.000,0,0,262144,1,1,1,0,1,1
3,chain3_i32,i32,65536,glibc_t1,FIXED_TWIN,1,2,1,22251.00,0.0000,0.0000,22000.0,0.0,1.000,262144.0,0.000,0,0,262144,1,1,1,0,1,1
3,chain3_i32,i32,65536,glibc_t1,P5,1,3,1,38176.00,0.0000,0.0000,39000.0,0.0,3.000,786432.0,0.000,0,0,786432,3,0,0,0,1,1
3,chain3_i32,i32,65536,glibc_t1,P7,2,0,1,22379.00,0.0000,0.0000,23000.0,0.0,1.000,262144.0,0.000,0,0,262144,1,1,1,0,1,1
3,chain3_i32,i32,65536,glibc_t1,FIXED_TWIN,2,1,1,22027.00,0.0000,0.0000,23000.0,0.0,1.000,262144.0,0.000,0,0,262144,1,1,1,0,1,1
3,chain3_i32,i32,65536,glibc_t1,P5,2,2,1,37839.00,0.0000,0.0000,38000.0,0.0,3.000,786432.0,0.000,0,0,786432,3,0,0,0,1,1
3,chain3_i32,i32,65536,glibc_t1,P6,2,3,1,28644.00,0.0000,0.0000,30000.0,0.0,1.000,262144.0,0.000,0,0,262144,1,2,0,0,1,1
3,chain3_i32,i32,65536,glibc_t1,FIXED_TWIN,3,0,1,23309.00,0.0000,0.0000,23000.0,0.0,1.000,262144.0,0.000,0,0,262144,1,1,1,0,1,1
3,chain3_i32,i32,65536,glibc_t1,P5,3,1,1,37689.00,0.0000,0.0000,39000.0,0.0,3.000,786432.0,0.000,0,0,786432,3,0,0,0,1,1
3,chain3_i32,i32,65536,glibc_t1,P6,3,2,1,27291.00,0.0000,0.0000,28000.0,0.0,1.000,262144.0,0.000,0,0,262144,1,2,0,0,1,1
3,chain3_i32,i32,65536,glibc_t1,P7,3,3,1,22351.00,0.0000,0.0000,23000.0,0.0,1.000,262144.0,0.000,0,0,262144,1,1,1,0,1,1
3,chain3_i32,i32,65536,glibc_t1,P5,4,0,1,47593.00,0.0000,0.0000,49000.0,0.0,3.000,786432.0,0.000,0,0,786432,3,0,0,0,1,1
3,chain3_i32,i32,65536,glibc_t1,P6,4,1,1,28163.00,0.0000,0.0000,29000.0,0.0,1.000,262144.0,0.000,0,0,262144,1,2,0,0,1,1
3,chain3_i32,i32,65536,glibc_t1,P7,4,2,1,24036.00,0.0000,0.0000,24000.0,0.0,1.000,262144.0,0.000,0,0,262144,1,1,1,0,1,1
3,chain3_i32,i32,65536,glibc_t1,FIXED_TWIN,4,3,1,22406.00,0.0000,0.0000,23000.0,0.0,1.000,262144.0,0.000,0,0,262144,1,1,1,0,1,1
3,chain3_i32,i32,65536,glibc_t1,P6,5,0,1,27024.00,0.0000,0.0000,28000.0,0.0,1.000,262144.0,0.000,0,0,262144,1,2,0,0,1,1
3,chain3_i32,i32,65536,glibc_t1,P7,5,1,1,22395.00,0.0000,0.0000,23000.0,0.0,1.000,262144.0,0.000,0,0,262144,1,1,1,0,1,1
3,chain3_i32,i32,65536,glibc_t1,FIXED_TWIN,5,2,1,22332.00,0.0000,0.0000,23000.0,0.0,1.000,262144.0,0.000,0,0,262144,1,1,1,0,1,1
3,chain3_i32,i32,65536,glibc_t1,P5,5,3,1,37595.00,0.0000,0.0000,38000.0,0.0,3.000,786432.0,0.000,0,0,786432,3,0,0,0,1,1
3,chain3_i32,i32,65536,glibc_t1,P7,6,0,1,22691.00,0.0000,0.0000,23000.0,0.0,1.000,262144.0,0.000,0,0,262144,1,1,1,0,1,1
3,chain3_i32,i32,65536,glibc_t1,FIXED_TWIN,6,1,1,22340.00,0.0000,0.0000,23000.0,0.0,1.000,262144.0,0.000,0,0,262144,1,1,1,0,1,1
3,chain3_i32,i32,65536,glibc_t1,P5,6,2,1,36984.00,0.0000,0.0000,37000.0,0.0,3.000,786432.0,0.000,0,0,786432,3,0,0,0,1,1
3,chain3_i32,i32,65536,glibc_t1,P6,6,3,1,27285.00,0.0000,0.0000,28000.0,0.0,1.000,262144.0,0.000,0,0,262144,1,2,0,0,1,1
3,chain3_i32,i32,65536,glibc_t1,FIXED_TWIN,7,0,1,22529.00,0.0000,0.0000,24000.0,0.0,1.000,262144.0,0.000,0,0,262144,1,1,1,0,1,1
3,chain3_i32,i32,65536,glibc_t1,P5,7,1,1,36844.00,0.0000,0.0000,38000.0,0.0,3.000,786432.0,0.000,0,0,786432,3,0,0,0,1,1
3,chain3_i32,i32,65536,glibc_t1,P6,7,2,1,33329.00,0.0000,0.0000,34000.0,0.0,1.000,262144.0,0.000,0,0,262144,1,2,0,0,1,1
3,chain3_i32,i32,65536,glibc_t1,P7,7,3,1,22558.00,0.0000,0.0000,23000.0,0.0,1.000,262144.0,0.000,0,0,262144,1,1,1,0,1,1
3,chain3_i32,i32,65536,glibc_t1,P5,8,0,1,37946.00,0.0000,0.0000,39000.0,0.0,3.000,786432.0,0.000,0,0,786432,3,0,0,0,1,1
3,chain3_i32,i32,65536,glibc_t1,P6,8,1,1,27640.00,0.0000,0.0000,29000.0,0.0,1.000,262144.0,0.000,0,0,262144,1,2,0,0,1,1
3,chain3_i32,i32,65536,glibc_t1,P7,8,2,1,22875.00,0.0000,0.0000,24000.0,0.0,1.000,262144.0,0.000,0,0,262144,1,1,1,0,1,1
3,chain3_i32,i32,65536,glibc_t1,FIXED_TWIN,8,3,1,23525.00,0.0000,0.0000,24000.0,0.0,1.000,262144.0,0.000,0,0,262144,1,1,1,0,1,1
3,chain3_i32,i32,65536,glibc_t1,P6,9,0,1,26870.00,0.0000,0.0000,27000.0,0.0,1.000,262144.0,0.000,0,0,262144,1,2,0,0,1,1
3,chain3_i32,i32,65536,glibc_t1,P7,9,1,1,22320.00,0.0000,0.0000,23000.0,0.0,1.000,262144.0,0.000,0,0,262144,1,1,1,0,1,1
3,chain3_i32,i32,65536,glibc_t1,FIXED_TWIN,9,2,1,22280.00,0.0000,0.0000,23000.0,0.0,1.000,262144.0,0.000,0,0,262144,1,1,1,0,1,1
3,chain3_i32,i32,65536,glibc_t1,P5,9,3,1,37440.00,0.0000,0.0000,38000.0,0.0,3.000,786432.0,0.000,0,0,786432,3,0,0,0,1,1
3,chain3_i32,i32,65536,glibc_t1,P7,10,0,1,22322.00,0.0000,0.0000,23000.0,0.0,1.000,262144.0,0.000,0,0,262144,1,1,1,0,1,1
3,chain3_i32,i32,65536,glibc_t1,FIXED_TWIN,10,1,1,22292.00,0.0000,0.0000,23000.0,0.0,1.000,262144.0,0.000,0,0,262144,1,1,1,0,1,1
3,chain3_i32,i32,65536,glibc_t1,P5,10,2,1,36909.00,0.0000,0.0000,38000.0,0.0,3.000,786432.0,0.000,0,0,786432,3,0,0,0,1,1
3,chain3_i32,i32,65536,glibc_t1,P6,10,3,1,27500.00,0.0000,0.0000,28000.0,0.0,1.000,262144.0,0.000,0,0,262144,1,2,0,0,1,1
3,chain3_i32,i32,65536,glibc_t1,FIXED_TWIN,11,0,1,25388.00,0.0000,0.0000,26000.0,0.0,1.000,262144.0,0.000,0,0,262144,1,1,1,0,1,1
3,chain3_i32,i32,65536,glibc_t1,P5,11,1,1,38457.00,0.0000,0.0000,39000.0,0.0,3.000,786432.0,0.000,0,0,786432,3,0,0,0,1,1
3,chain3_i32,i32,65536,glibc_t1,P6,11,2,1,27684.00,0.0000,0.0000,28000.0,0.0,1.000,262144.0,0.000,0,0,262144,1,2,0,0,1,1
3,chain3_i32,i32,65536,glibc_t1,P7,11,3,1,22341.00,0.0000,0.0000,23000.0,0.0,1.000,262144.0,0.000,0,0,262144,1,1,1,0,1,1
3,chain3_i32,i32,65536,glibc_t1,P5,12,0,1,36979.00,0.0000,0.0000,37000.0,0.0,3.000,786432.0,0.000,0,0,786432,3,0,0,0,1,1
3,chain3_i32,i32,65536,glibc_t1,P6,12,1,1,27368.00,0.0000,0.0000,28000.0,0.0,1.000,262144.0,0.000,0,0,262144,1,2,0,0,1,1
3,chain3_i32,i32,65536,glibc_t1,P7,12,2,1,22305.00,0.0000,0.0000,23000.0,0.0,1.000,262144.0,0.000,0,0,262144,1,1,1,0,1,1
3,chain3_i32,i32,65536,glibc_t1,FIXED_TWIN,12,3,1,22329.00,0.0000,0.0000,23000.0,0.0,1.000,262144.0,0.000,0,0,262144,1,1,1,0,1,1
3,chain3_i32,i32,65536,glibc_t1,P6,13,0,1,26888.00,0.0000,0.0000,27000.0,0.0,1.000,262144.0,0.000,0,0,262144,1,2,0,0,1,1
3,chain3_i32,i32,65536,glibc_t1,P7,13,1,1,22936.00,0.0000,0.0000,23000.0,0.0,1.000,262144.0,0.000,0,0,262144,1,1,1,0,1,1
3,chain3_i32,i32,65536,glibc_t1,FIXED_TWIN,13,2,1,22214.00,0.0000,0.0000,22000.0,0.0,1.000,262144.0,0.000,0,0,262144,1,1,1,0,1,1
3,chain3_i32,i32,65536,glibc_t1,P5,13,3,1,41426.00,0.0000,0.0000,30000.0,12000.0,3.000,786432.0,0.000,0,0,786432,3,0,0,0,1,1
3,chain3_i32,i32,65536,glibc_t1,P7,14,0,1,56130.00,0.0000,0.0000,57000.0,0.0,1.000,262144.0,0.000,0,0,262144,1,1,1,0,1,1
3,chain3_i32,i32,65536,glibc_t1,FIXED_TWIN,14,1,1,28260.00,0.0000,0.0000,29000.0,0.0,1.000,262144.0,0.000,0,0,262144,1,1,1,0,1,1
3,chain3_i32,i32,65536,glibc_t1,P5,14,2,1,38151.00,0.0000,0.0000,39000.0,0.0,3.000,786432.0,0.000,0,0,786432,3,0,0,0,1,1
3,chain3_i32,i32,65536,glibc_t1,P6,14,3,1,27625.00,0.0000,0.0000,28000.0,0.0,1.000,262144.0,0.000,0,0,262144,1,2,0,0,1,1
3,chain3_i32,i32,262144,glibc_t1,P5,0,0,1,356255.00,0.0000,0.0000,361000.0,0.0,3.000,3145728.0,0.000,0,0,3145728,3,0,0,0,1,1
3,chain3_i32,i32,262144,glibc_t1,P6,0,1,1,271163.00,0.0000,0.0000,273000.0,0.0,1.000,1048576.0,0.000,0,0,1048576,1,2,0,0,1,1
3,chain3_i32,i32,262144,glibc_t1,P7,0,2,1,224433.00,0.0000,0.0000,226000.0,0.0,1.000,1048576.0,0.000,0,0,1048576,1,1,1,0,1,1
3,chain3_i32,i32,262144,glibc_t1,FIXED_TWIN,0,3,1,232241.00,0.0000,0.0000,235000.0,0.0,1.000,1048576.0,0.000,0,0,1048576,1,1,1,0,1,1
3,chain3_i32,i32,262144,glibc_t1,P6,1,0,1,235648.00,0.0000,0.0000,238000.0,0.0,1.000,1048576.0,0.000,0,0,1048576,1,2,0,0,1,1
3,chain3_i32,i32,262144,glibc_t1,P7,1,1,1,229333.00,0.0000,0.0000,231000.0,0.0,1.000,1048576.0,0.000,0,0,1048576,1,1,1,0,1,1
3,chain3_i32,i32,262144,glibc_t1,FIXED_TWIN,1,2,1,253410.00,0.0000,0.0000,255000.0,0.0,1.000,1048576.0,0.000,0,0,1048576,1,1,1,0,1,1
3,chain3_i32,i32,262144,glibc_t1,P5,1,3,1,358665.00,0.0000,0.0000,361000.0,0.0,3.000,3145728.0,0.000,0,0,3145728,3,0,0,0,1,1
3,chain3_i32,i32,262144,glibc_t1,P7,2,0,1,232335.00,0.0000,0.0000,234000.0,0.0,1.000,1048576.0,0.000,0,0,1048576,1,1,1,0,1,1
3,chain3_i32,i32,262144,glibc_t1,FIXED_TWIN,2,1,1,230775.00,0.0000,0.0000,233000.0,0.0,1.000,1048576.0,0.000,0,0,1048576,1,1,1,0,1,1
3,chain3_i32,i32,262144,glibc_t1,P5,2,2,1,346604.00,0.0000,0.0000,349000.0,0.0,3.000,3145728.0,0.000,0,0,3145728,3,0,0,0,1,1
3,chain3_i32,i32,262144,glibc_t1,P6,2,3,1,274276.00,0.0000,0.0000,277000.0,0.0,1.000,1048576.0,0.000,0,0,1048576,1,2,0,0,1,1
3,chain3_i32,i32,262144,glibc_t1,FIXED_TWIN,3,0,1,224995.00,0.0000,0.0000,227000.0,0.0,1.000,1048576.0,0.000,0,0,1048576,1,1,1,0,1,1
3,chain3_i32,i32,262144,glibc_t1,P5,3,1,1,355844.00,0.0000,0.0000,359000.0,0.0,3.000,3145728.0,0.000,0,0,3145728,3,0,0,0,1,1
3,chain3_i32,i32,262144,glibc_t1,P6,3,2,1,271244.00,0.0000,0.0000,274000.0,0.0,1.000,1048576.0,0.000,0,0,1048576,1,2,0,0,1,1
3,chain3_i32,i32,262144,glibc_t1,P7,3,3,1,227540.00,0.0000,0.0000,230000.0,0.0,1.000,1048576.0,0.000,0,0,1048576,1,1,1,0,1,1
3,chain3_i32,i32,262144,glibc_t1,P5,4,0,1,353294.00,0.0000,0.0000,356000.0,0.0,3.000,3145728.0,0.000,0,0,3145728,3,0,0,0,1,1
3,chain3_i32,i32,262144,glibc_t1,P6,4,1,1,261768.00,0.0000,0.0000,264000.0,0.0,1.000,1048576.0,0.000,0,0,1048576,1,2,0,0,1,1
3,chain3_i32,i32,262144,glibc_t1,P7,4,2,1,226773.00,0.0000,0.0000,229000.0,0.0,1.000,1048576.0,0.000,0,0,1048576,1,1,1,0,1,1
3,chain3_i32,i32,262144,glibc_t1,FIXED_TWIN,4,3,1,250970.00,0.0000,0.0000,253000.0,0.0,1.000,1048576.0,0.000,0,0,1048576,1,1,1,0,1,1
3,chain3_i32,i32,262144,glibc_t1,P6,5,0,1,255503.00,0.0000,0.0000,259000.0,0.0,1.000,1048576.0,0.000,0,0,1048576,1,2,0,0,1,1
3,chain3_i32,i32,262144,glibc_t1,P7,5,1,1,231244.00,0.0000,0.0000,234000.0,0.0,1.000,1048576.0,0.000,0,0,1048576,1,1,1,0,1,1
3,chain3_i32,i32,262144,glibc_t1,FIXED_TWIN,5,2,1,224562.00,0.0000,0.0000,226000.0,0.0,1.000,1048576.0,0.000,0,0,1048576,1,1,1,0,1,1
3,chain3_i32,i32,262144,glibc_t1,P5,5,3,1,344060.00,0.0000,0.0000,347000.0,0.0,3.000,3145728.0,0.000,0,0,3145728,3,0,0,0,1,1
3,chain3_i32,i32,262144,glibc_t1,P7,6,0,1,250913.00,0.0000,0.0000,253000.0,0.0,1.000,1048576.0,0.000,0,0,1048576,1,1,1,0,1,1
3,chain3_i32,i32,262144,glibc_t1,FIXED_TWIN,6,1,1,230745.00,0.0000,0.0000,233000.0,0.0,1.000,1048576.0,0.000,0,0,1048576,1,1,1,0,1,1
3,chain3_i32,i32,262144,glibc_t1,P5,6,2,1,348849.00,0.0000,0.0000,352000.0,0.0,3.000,3145728.0,0.000,0,0,3145728,3,0,0,0,1,1
3,chain3_i32,i32,262144,glibc_t1,P6,6,3,1,282287.00,0.0000,0.0000,285000.0,0.0,1.000,1048576.0,0.000,0,0,1048576,1,2,0,0,1,1
3,chain3_i32,i32,262144,glibc_t1,FIXED_TWIN,7,0,1,231507.00,0.0000,0.0000,233000.0,0.0,1.000,1048576.0,0.000,0,0,1048576,1,1,1,0,1,1
3,chain3_i32,i32,262144,glibc_t1,P5,7,1,1,344837.00,0.0000,0.0000,348000.0,0.0,3.000,3145728.0,0.000,0,0,3145728,3,0,0,0,1,1
3,chain3_i32,i32,262144,glibc_t1,P6,7,2,1,268631.00,0.0000,0.0000,270000.0,0.0,1.000,1048576.0,0.000,0,0,1048576,1,2,0,0,1,1
3,chain3_i32,i32,262144,glibc_t1,P7,7,3,1,226368.00,0.0000,0.0000,228000.0,0.0,1.000,1048576.0,0.000,0,0,1048576,1,1,1,0,1,1
3,chain3_i32,i32,262144,glibc_t1,P5,8,0,1,350066.00,0.0000,0.0000,353000.0,0.0,3.000,3145728.0,0.000,0,0,3145728,3,0,0,0,1,1
3,chain3_i32,i32,262144,glibc_t1,P6,8,1,1,236140.00,0.0000,0.0000,237000.0,0.0,1.000,1048576.0,0.000,0,0,1048576,1,2,0,0,1,1
3,chain3_i32,i32,262144,glibc_t1,P7,8,2,1,228732.00,0.0000,0.0000,231000.0,0.0,1.000,1048576.0,0.000,0,0,1048576,1,1,1,0,1,1
3,chain3_i32,i32,262144,glibc_t1,FIXED_TWIN,8,3,1,257479.00,0.0000,0.0000,261000.0,0.0,1.000,1048576.0,0.000,0,0,1048576,1,1,1,0,1,1
3,chain3_i32,i32,262144,glibc_t1,P6,9,0,1,236110.00,0.0000,0.0000,238000.0,0.0,1.000,1048576.0,0.000,0,0,1048576,1,2,0,0,1,1
3,chain3_i32,i32,262144,glibc_t1,P7,9,1,1,250089.00,0.0000,0.0000,251000.0,0.0,1.000,1048576.0,0.000,0,0,1048576,1,1,1,0,1,1
3,chain3_i32,i32,262144,glibc_t1,FIXED_TWIN,9,2,1,225135.00,0.0000,0.0000,226000.0,0.0,1.000,1048576.0,0.000,0,0,1048576,1,1,1,0,1,1
3,chain3_i32,i32,262144,glibc_t1,P5,9,3,1,353548.00,0.0000,0.0000,357000.0,0.0,3.000,3145728.0,0.000,0,0,3145728,3,0,0,0,1,1
3,chain3_i32,i32,262144,glibc_t1,P7,10,0,1,254140.00,0.0000,0.0000,257000.0,0.0,1.000,1048576.0,0.000,0,0,1048576,1,1,1,0,1,1
3,chain3_i32,i32,262144,glibc_t1,FIXED_TWIN,10,1,1,243537.00,0.0000,0.0000,245000.0,0.0,1.000,1048576.0,0.000,0,0,1048576,1,1,1,0,1,1
3,chain3_i32,i32,262144,glibc_t1,P5,10,2,1,345864.00,0.0000,0.0000,349000.0,0.0,3.000,3145728.0,0.000,0,0,3145728,3,0,0,0,1,1
3,chain3_i32,i32,262144,glibc_t1,P6,10,3,1,264214.00,0.0000,0.0000,266000.0,0.0,1.000,1048576.0,0.000,0,0,1048576,1,2,0,0,1,1
3,chain3_i32,i32,262144,glibc_t1,FIXED_TWIN,11,0,1,229197.00,0.0000,0.0000,231000.0,0.0,1.000,1048576.0,0.000,0,0,1048576,1,1,1,0,1,1
3,chain3_i32,i32,262144,glibc_t1,P5,11,1,1,355805.00,0.0000,0.0000,358000.0,0.0,3.000,3145728.0,0.000,0,0,3145728,3,0,0,0,1,1
3,chain3_i32,i32,262144,glibc_t1,P6,11,2,1,236564.00,0.0000,0.0000,239000.0,0.0,1.000,1048576.0,0.000,0,0,1048576,1,2,0,0,1,1
3,chain3_i32,i32,262144,glibc_t1,P7,11,3,1,227944.00,0.0000,0.0000,230000.0,0.0,1.000,1048576.0,0.000,0,0,1048576,1,1,1,0,1,1
3,chain3_i32,i32,262144,glibc_t1,P5,12,0,1,371322.00,0.0000,0.0000,374000.0,0.0,3.000,3145728.0,0.000,0,0,3145728,3,0,0,0,1,1
3,chain3_i32,i32,262144,glibc_t1,P6,12,1,1,236984.00,0.0000,0.0000,239000.0,0.0,1.000,1048576.0,0.000,0,0,1048576,1,2,0,0,1,1
3,chain3_i32,i32,262144,glibc_t1,P7,12,2,1,228287.00,0.0000,0.0000,231000.0,0.0,1.000,1048576.0,0.000,0,0,1048576,1,1,1,0,1,1
3,chain3_i32,i32,262144,glibc_t1,FIXED_TWIN,12,3,1,272897.00,0.0000,0.0000,274000.0,0.0,1.000,1048576.0,0.000,0,0,1048576,1,1,1,0,1,1
3,chain3_i32,i32,262144,glibc_t1,P6,13,0,1,240187.00,0.0000,0.0000,242000.0,0.0,1.000,1048576.0,0.000,0,0,1048576,1,2,0,0,1,1
3,chain3_i32,i32,262144,glibc_t1,P7,13,1,1,251756.00,0.0000,0.0000,255000.0,0.0,1.000,1048576.0,0.000,0,0,1048576,1,1,1,0,1,1
3,chain3_i32,i32,262144,glibc_t1,FIXED_TWIN,13,2,1,228533.00,0.0000,0.0000,230000.0,0.0,1.000,1048576.0,0.000,0,0,1048576,1,1,1,0,1,1
3,chain3_i32,i32,262144,glibc_t1,P5,13,3,1,350115.00,0.0000,0.0000,352000.0,0.0,3.000,3145728.0,0.000,0,0,3145728,3,0,0,0,1,1
3,chain3_i32,i32,262144,glibc_t1,P7,14,0,1,249778.00,0.0000,0.0000,251000.0,0.0,1.000,1048576.0,0.000,0,0,1048576,1,1,1,0,1,1
3,chain3_i32,i32,262144,glibc_t1,FIXED_TWIN,14,1,1,231091.00,0.0000,0.0000,233000.0,0.0,1.000,1048576.0,0.000,0,0,1048576,1,1,1,0,1,1
3,chain3_i32,i32,262144,glibc_t1,P5,14,2,1,352445.00,0.0000,0.0000,355000.0,0.0,3.000,3145728.0,0.000,0,0,3145728,3,0,0,0,1,1
3,chain3_i32,i32,262144,glibc_t1,P6,14,3,1,237004.00,0.0000,0.0000,240000.0,0.0,1.000,1048576.0,0.000,0,0,1048576,1,2,0,0,1,1
3,chain3_i32,i32,1048576,glibc_t1,P5,0,0,1,1515045.00,0.0000,0.0000,1519000.0,0.0,3.000,12582912.0,0.000,0,0,12582912,3,0,0,0,1,1
3,chain3_i32,i32,1048576,glibc_t1,P6,0,1,1,1152868.00,0.0000,0.0000,1157000.0,0.0,1.000,4194304.0,0.000,0,0,4194304,1,2,0,0,1,1
3,chain3_i32,i32,1048576,glibc_t1,P7,0,2,1,984952.00,0.0000,0.0000,988000.0,0.0,1.000,4194304.0,0.000,0,0,4194304,1,1,1,0,1,1
3,chain3_i32,i32,1048576,glibc_t1,FIXED_TWIN,0,3,1,1003733.00,0.0000,0.0000,1007000.0,0.0,1.000,4194304.0,0.000,0,0,4194304,1,1,1,0,1,1
3,chain3_i32,i32,1048576,glibc_t1,P6,1,0,1,1244111.00,0.0000,0.0000,1248000.0,0.0,1.000,4194304.0,0.000,0,0,4194304,1,2,0,0,1,1
3,chain3_i32,i32,1048576,glibc_t1,P7,1,1,1,1052237.00,0.0000,0.0000,1056000.0,0.0,1.000,4194304.0,0.000,0,0,4194304,1,1,1,0,1,1
3,chain3_i32,i32,1048576,glibc_t1,FIXED_TWIN,1,2,1,987306.00,0.0000,0.0000,1023000.0,0.0,1.000,4194304.0,0.000,0,0,4194304,1,1,1,0,1,1
3,chain3_i32,i32,1048576,glibc_t1,P5,1,3,1,1504259.00,0.0000,0.0000,1508000.0,0.0,3.000,12582912.0,0.000,0,0,12582912,3,0,0,0,1,1
3,chain3_i32,i32,1048576,glibc_t1,P7,2,0,1,984872.00,0.0000,0.0000,989000.0,0.0,1.000,4194304.0,0.000,0,0,4194304,1,1,1,0,1,1
3,chain3_i32,i32,1048576,glibc_t1,FIXED_TWIN,2,1,1,1023676.00,0.0000,0.0000,1027000.0,0.0,1.000,4194304.0,0.000,0,0,4194304,1,1,1,0,1,1
3,chain3_i32,i32,1048576,glibc_t1,P5,2,2,1,1538932.00,0.0000,0.0000,1542000.0,0.0,3.000,12582912.0,0.000,0,0,12582912,3,0,0,0,1,1
3,chain3_i32,i32,1048576,glibc_t1,P6,2,3,1,1151160.00,0.0000,0.0000,1155000.0,0.0,1.000,4194304.0,0.000,0,0,4194304,1,2,0,0,1,1
3,chain3_i32,i32,1048576,glibc_t1,FIXED_TWIN,3,0,1,1004221.00,0.0000,0.0000,1008000.0,0.0,1.000,4194304.0,0.000,0,0,4194304,1,1,1,0,1,1
3,chain3_i32,i32,1048576,glibc_t1,P5,3,1,1,1452073.00,0.0000,0.0000,1456000.0,0.0,3.000,12582912.0,0.000,0,0,12582912,3,0,0,0,1,1
3,chain3_i32,i32,1048576,glibc_t1,P6,3,2,1,1142307.00,0.0000,0.0000,1146000.0,0.0,1.000,4194304.0,0.000,0,0,4194304,1,2,0,0,1,1
3,chain3_i32,i32,1048576,glibc_t1,P7,3,3,1,1009439.00,0.0000,0.0000,1013000.0,0.0,1.000,4194304.0,0.000,0,0,4194304,1,1,1,0,1,1
3,chain3_i32,i32,1048576,glibc_t1,P5,4,0,1,1455184.00,0.0000,0.0000,1460000.0,0.0,3.000,12582912.0,0.000,0,0,12582912,3,0,0,0,1,1
3,chain3_i32,i32,1048576,glibc_t1,P6,4,1,1,1142836.00,0.0000,0.0000,1146000.0,0.0,1.000,4194304.0,0.000,0,0,4194304,1,2,0,0,1,1
3,chain3_i32,i32,1048576,glibc_t1,P7,4,2,1,1003730.00,0.0000,0.0000,1007000.0,0.0,1.000,4194304.0,0.000,0,0,4194304,1,1,1,0,1,1
3,chain3_i32,i32,1048576,glibc_t1,FIXED_TWIN,4,3,1,979075.00,0.0000,0.0000,983000.0,0.0,1.000,4194304.0,0.000,0,0,4194304,1,1,1,0,1,1
3,chain3_i32,i32,1048576,glibc_t1,P6,5,0,1,1176512.00,0.0000,0.0000,1181000.0,0.0,1.000,4194304.0,0.000,0,0,4194304,1,2,0,0,1,1
3,chain3_i32,i32,1048576,glibc_t1,P7,5,1,1,1024316.00,0.0000,0.0000,1029000.0,0.0,1.000,4194304.0,0.000,0,0,4194304,1,1,1,0,1,1
3,chain3_i32,i32,1048576,glibc_t1,FIXED_TWIN,5,2,1,982774.00,0.0000,0.0000,986000.0,0.0,1.000,4194304.0,0.000,0,0,4194304,1,1,1,0,1,1
3,chain3_i32,i32,1048576,glibc_t1,P5,5,3,1,1464273.00,0.0000,0.0000,1468000.0,0.0,3.000,12582912.0,0.000,0,0,12582912,3,0,0,0,1,1
3,chain3_i32,i32,1048576,glibc_t1,P7,6,0,1,1007426.00,0.0000,0.0000,1010000.0,0.0,1.000,4194304.0,0.000,0,0,4194304,1,1,1,0,1,1
3,chain3_i32,i32,1048576,glibc_t1,FIXED_TWIN,6,1,1,980087.00,0.0000,0.0000,984000.0,0.0,1.000,4194304.0,0.000,0,0,4194304,1,1,1,0,1,1
3,chain3_i32,i32,1048576,glibc_t1,P5,6,2,1,1452509.00,0.0000,0.0000,1455000.0,0.0,3.000,12582912.0,0.000,0,0,12582912,3,0,0,0,1,1
3,chain3_i32,i32,1048576,glibc_t1,P6,6,3,1,1175295.00,0.0000,0.0000,1178000.0,0.0,1.000,4194304.0,0.000,0,0,4194304,1,2,0,0,1,1
3,chain3_i32,i32,1048576,glibc_t1,FIXED_TWIN,7,0,1,978956.00,0.0000,0.0000,982000.0,0.0,1.000,4194304.0,0.000,0,0,4194304,1,1,1,0,1,1
3,chain3_i32,i32,1048576,glibc_t1,P5,7,1,1,1459025.00,0.0000,0.0000,1463000.0,0.0,3.000,12582912.0,0.000,0,0,12582912,3,0,0,0,1,1
3,chain3_i32,i32,1048576,glibc_t1,P6,7,2,1,1216459.00,0.0000,0.0000,1220000.0,0.0,1.000,4194304.0,0.000,0,0,4194304,1,2,0,0,1,1
3,chain3_i32,i32,1048576,glibc_t1,P7,7,3,1,989780.00,0.0000,0.0000,993000.0,0.0,1.000,4194304.0,0.000,0,0,4194304,1,1,1,0,1,1
3,chain3_i32,i32,1048576,glibc_t1,P5,8,0,1,1491957.00,0.0000,0.0000,1495000.0,0.0,3.000,12582912.0,0.000,0,0,12582912,3,0,0,0,1,1
3,chain3_i32,i32,1048576,glibc_t1,P6,8,1,1,1203810.00,0.0000,0.0000,1207000.0,0.0,1.000,4194304.0,0.000,0,0,4194304,1,2,0,0,1,1
3,chain3_i32,i32,1048576,glibc_t1,P7,8,2,1,979241.00,0.0000,0.0000,983000.0,0.0,1.000,4194304.0,0.000,0,0,4194304,1,1,1,0,1,1
3,chain3_i32,i32,1048576,glibc_t1,FIXED_TWIN,8,3,1,999496.00,0.0000,0.0000,1004000.0,0.0,1.000,4194304.0,0.000,0,0,4194304,1,1,1,0,1,1
3,chain3_i32,i32,1048576,glibc_t1,P6,9,0,1,1180829.00,0.0000,0.0000,1184000.0,0.0,1.000,4194304.0,0.000,0,0,4194304,1,2,0,0,1,1
3,chain3_i32,i32,1048576,glibc_t1,P7,9,1,1,985837.00,0.0000,0.0000,989000.0,0.0,1.000,4194304.0,0.000,0,0,4194304,1,1,1,0,1,1
3,chain3_i32,i32,1048576,glibc_t1,FIXED_TWIN,9,2,1,975048.00,0.0000,0.0000,978000.0,0.0,1.000,4194304.0,0.000,0,0,4194304,1,1,1,0,1,1
3,chain3_i32,i32,1048576,glibc_t1,P5,9,3,1,1545674.00,0.0000,0.0000,1549000.0,0.0,3.000,12582912.0,0.000,0,0,12582912,3,0,0,0,1,1
3,chain3_i32,i32,1048576,glibc_t1,P7,10,0,1,983105.00,0.0000,0.0000,987000.0,0.0,1.000,4194304.0,0.000,0,0,4194304,1,1,1,0,1,1
3,chain3_i32,i32,1048576,glibc_t1,FIXED_TWIN,10,1,1,987055.00,0.0000,0.0000,990000.0,0.0,1.000,4194304.0,0.000,0,0,4194304,1,1,1,0,1,1
3,chain3_i32,i32,1048576,glibc_t1,P5,10,2,1,1566649.00,0.0000,0.0000,1570000.0,0.0,3.000,12582912.0,0.000,0,0,12582912,3,0,0,0,1,1
3,chain3_i32,i32,1048576,glibc_t1,P6,10,3,1,1169946.00,0.0000,0.0000,1173000.0,0.0,1.000,4194304.0,0.000,0,0,4194304,1,2,0,0,1,1
3,chain3_i32,i32,1048576,glibc_t1,FIXED_TWIN,11,0,1,994150.00,0.0000,0.0000,997000.0,0.0,1.000,4194304.0,0.000,0,0,4194304,1,1,1,0,1,1
3,chain3_i32,i32,1048576,glibc_t1,P5,11,1,1,1507986.00,0.0000,0.0000,1512000.0,0.0,3.000,12582912.0,0.000,0,0,12582912,3,0,0,0,1,1
3,chain3_i32,i32,1048576,glibc_t1,P6,11,2,1,1159752.00,0.0000,0.0000,1164000.0,0.0,1.000,4194304.0,0.000,0,0,4194304,1,2,0,0,1,1
3,chain3_i32,i32,1048576,glibc_t1,P7,11,3,1,985855.00,0.0000,0.0000,989000.0,0.0,1.000,4194304.0,0.000,0,0,4194304,1,1,1,0,1,1
3,chain3_i32,i32,1048576,glibc_t1,P5,12,0,1,1515623.00,0.0000,0.0000,1520000.0,0.0,3.000,12582912.0,0.000,0,0,12582912,3,0,0,0,1,1
3,chain3_i32,i32,1048576,glibc_t1,P6,12,1,1,1147580.00,0.0000,0.0000,1150000.0,0.0,1.000,4194304.0,0.000,0,0,4194304,1,2,0,0,1,1
3,chain3_i32,i32,1048576,glibc_t1,P7,12,2,1,997409.00,0.0000,0.0000,1001000.0,0.0,1.000,4194304.0,0.000,0,0,4194304,1,1,1,0,1,1
3,chain3_i32,i32,1048576,glibc_t1,FIXED_TWIN,12,3,1,1009375.00,0.0000,0.0000,1013000.0,0.0,1.000,4194304.0,0.000,0,0,4194304,1,1,1,0,1,1
3,chain3_i32,i32,1048576,glibc_t1,P6,13,0,1,1149744.00,0.0000,0.0000,1154000.0,0.0,1.000,4194304.0,0.000,0,0,4194304,1,2,0,0,1,1
3,chain3_i32,i32,1048576,glibc_t1,P7,13,1,1,986505.00,0.0000,0.0000,990000.0,0.0,1.000,4194304.0,0.000,0,0,4194304,1,1,1,0,1,1
3,chain3_i32,i32,1048576,glibc_t1,FIXED_TWIN,13,2,1,985666.00,0.0000,0.0000,989000.0,0.0,1.000,4194304.0,0.000,0,0,4194304,1,1,1,0,1,1
3,chain3_i32,i32,1048576,glibc_t1,P5,13,3,1,1460058.00,0.0000,0.0000,1464000.0,0.0,3.000,12582912.0,0.000,0,0,12582912,3,0,0,0,1,1
3,chain3_i32,i32,1048576,glibc_t1,P7,14,0,1,979133.00,0.0000,0.0000,983000.0,0.0,1.000,4194304.0,0.000,0,0,4194304,1,1,1,0,1,1
3,chain3_i32,i32,1048576,glibc_t1,FIXED_TWIN,14,1,1,977537.00,0.0000,0.0000,980000.0,0.0,1.000,4194304.0,0.000,0,0,4194304,1,1,1,0,1,1
3,chain3_i32,i32,1048576,glibc_t1,P5,14,2,1,1474098.00,0.0000,0.0000,1477000.0,0.0,3.000,12582912.0,0.000,0,0,12582912,3,0,0,0,1,1
3,chain3_i32,i32,1048576,glibc_t1,P6,14,3,1,1155125.00,0.0000,0.0000,1159000.0,0.0,1.000,4194304.0,0.000,0,0,4194304,1,2,0,0,1,1
3,chain3_i32,i32,4194304,glibc_t1,P5,0,0,1,7110759.00,0.0000,0.0000,7117000.0,0.0,3.000,50331648.0,0.000,0,0,50331648,3,0,0,0,1,1
3,chain3_i32,i32,4194304,glibc_t1,P6,0,1,1,4953334.00,0.0000,0.0000,4958000.0,0.0,1.000,16777216.0,0.000,0,0,16777216,1,2,0,0,1,1
3,chain3_i32,i32,4194304,glibc_t1,P7,0,2,1,4178423.00,0.0000,0.0000,4183000.0,0.0,1.000,16777216.0,0.000,0,0,16777216,1,1,1,0,1,1
3,chain3_i32,i32,4194304,glibc_t1,FIXED_TWIN,0,3,1,4063304.00,0.0000,0.0000,4067000.0,0.0,1.000,16777216.0,0.000,0,0,16777216,1,1,1,0,1,1
3,chain3_i32,i32,4194304,glibc_t1,P6,1,0,1,4714750.00,0.0000,0.0000,4718000.0,0.0,1.000,16777216.0,0.000,0,0,16777216,1,2,0,0,1,1
3,chain3_i32,i32,4194304,glibc_t1,P7,1,1,1,3984193.00,0.0000,0.0000,3988000.0,0.0,1.000,16777216.0,0.000,0,0,16777216,1,1,1,0,1,1
3,chain3_i32,i32,4194304,glibc_t1,FIXED_TWIN,1,2,1,3979739.00,0.0000,0.0000,3982000.0,0.0,1.000,16777216.0,0.000,0,0,16777216,1,1,1,0,1,1
3,chain3_i32,i32,4194304,glibc_t1,P5,1,3,1,7885435.00,0.0000,0.0000,7889000.0,0.0,3.000,50331648.0,0.000,0,0,50331648,3,0,0,0,1,1
3,chain3_i32,i32,4194304,glibc_t1,P7,2,0,1,4120803.00,0.0000,0.0000,4125000.0,0.0,1.000,16777216.0,0.000,0,0,16777216,1,1,1,0,1,1
3,chain3_i32,i32,4194304,glibc_t1,FIXED_TWIN,2,1,1,3986080.00,0.0000,0.0000,3990000.0,0.0,1.000,16777216.0,0.000,0,0,16777216,1,1,1,0,1,1
3,chain3_i32,i32,4194304,glibc_t1,P5,2,2,1,7452849.00,0.0000,0.0000,7457000.0,0.0,3.000,50331648.0,0.000,0,0,50331648,3,0,0,0,1,1
3,chain3_i32,i32,4194304,glibc_t1,P6,2,3,1,4850457.00,0.0000,0.0000,4854000.0,0.0,1.000,16777216.0,0.000,0,0,16777216,1,2,0,0,1,1
3,chain3_i32,i32,4194304,glibc_t1,FIXED_TWIN,3,0,1,4053151.00,0.0000,0.0000,4057000.0,0.0,1.000,16777216.0,0.000,0,0,16777216,1,1,1,0,1,1
3,chain3_i32,i32,4194304,glibc_t1,P5,3,1,1,7963960.00,0.0000,0.0000,7969000.0,0.0,3.000,50331648.0,0.000,0,0,50331648,3,0,0,0,1,1
3,chain3_i32,i32,4194304,glibc_t1,P6,3,2,1,4958904.00,0.0000,0.0000,4963000.0,0.0,1.000,16777216.0,0.000,0,0,16777216,1,2,0,0,1,1
3,chain3_i32,i32,4194304,glibc_t1,P7,3,3,1,4154023.00,0.0000,0.0000,4158000.0,0.0,1.000,16777216.0,0.000,0,0,16777216,1,1,1,0,1,1
3,chain3_i32,i32,4194304,glibc_t1,P5,4,0,1,7575151.00,0.0000,0.0000,7579000.0,0.0,3.000,50331648.0,0.000,0,0,50331648,3,0,0,0,1,1
3,chain3_i32,i32,4194304,glibc_t1,P6,4,1,1,5030441.00,0.0000,0.0000,5034000.0,0.0,1.000,16777216.0,0.000,0,0,16777216,1,2,0,0,1,1
3,chain3_i32,i32,4194304,glibc_t1,P7,4,2,1,4095147.00,0.0000,0.0000,4099000.0,0.0,1.000,16777216.0,0.000,0,0,16777216,1,1,1,0,1,1
3,chain3_i32,i32,4194304,glibc_t1,FIXED_TWIN,4,3,1,4048714.00,0.0000,0.0000,4053000.0,0.0,1.000,16777216.0,0.000,0,0,16777216,1,1,1,0,1,1
3,chain3_i32,i32,4194304,glibc_t1,P6,5,0,1,4850403.00,0.0000,0.0000,4755000.0,0.0,1.000,16777216.0,0.000,0,0,16777216,1,2,0,0,1,1
3,chain3_i32,i32,4194304,glibc_t1,P7,5,1,1,4068823.00,0.0000,0.0000,4073000.0,0.0,1.000,16777216.0,0.000,0,0,16777216,1,1,1,0,1,1
3,chain3_i32,i32,4194304,glibc_t1,FIXED_TWIN,5,2,1,4081630.00,0.0000,0.0000,4086000.0,0.0,1.000,16777216.0,0.000,0,0,16777216,1,1,1,0,1,1
3,chain3_i32,i32,4194304,glibc_t1,P5,5,3,1,8167789.00,0.0000,0.0000,8172000.0,0.0,3.000,50331648.0,0.000,0,0,50331648,3,0,0,0,1,1
3,chain3_i32,i32,4194304,glibc_t1,P7,6,0,1,4308703.00,0.0000,0.0000,4313000.0,0.0,1.000,16777216.0,0.000,0,0,16777216,1,1,1,0,1,1
3,chain3_i32,i32,4194304,glibc_t1,FIXED_TWIN,6,1,1,4090018.00,0.0000,0.0000,4094000.0,0.0,1.000,16777216.0,0.000,0,0,16777216,1,1,1,0,1,1
3,chain3_i32,i32,4194304,glibc_t1,P5,6,2,1,7772550.00,0.0000,0.0000,7777000.0,0.0,3.000,50331648.0,0.000,0,0,50331648,3,0,0,0,1,1
3,chain3_i32,i32,4194304,glibc_t1,P6,6,3,1,5058346.00,0.0000,0.0000,5064000.0,0.0,1.000,16777216.0,0.000,0,0,16777216,1,2,0,0,1,1
3,chain3_i32,i32,4194304,glibc_t1,FIXED_TWIN,7,0,1,4108076.00,0.0000,0.0000,4113000.0,0.0,1.000,16777216.0,0.000,0,0,16777216,1,1,1,0,1,1
3,chain3_i32,i32,4194304,glibc_t1,P5,7,1,1,7738594.00,0.0000,0.0000,7744000.0,0.0,3.000,50331648.0,0.000,0,0,50331648,3,0,0,0,1,1
3,chain3_i32,i32,4194304,glibc_t1,P6,7,2,1,5153520.00,0.0000,0.0000,5158000.0,0.0,1.000,16777216.0,0.000,0,0,16777216,1,2,0,0,1,1
3,chain3_i32,i32,4194304,glibc_t1,P7,7,3,1,4471803.00,0.0000,0.0000,4477000.0,0.0,1.000,16777216.0,0.000,0,0,16777216,1,1,1,0,1,1
3,chain3_i32,i32,4194304,glibc_t1,P5,8,0,1,8497091.00,0.0000,0.0000,8502000.0,0.0,3.000,50331648.0,0.000,0,0,50331648,3,0,0,0,1,1
3,chain3_i32,i32,4194304,glibc_t1,P6,8,1,1,5827555.00,0.0000,0.0000,5833000.0,0.0,1.000,16777216.0,0.000,0,0,16777216,1,2,0,0,1,1
3,chain3_i32,i32,4194304,glibc_t1,P7,8,2,1,4414936.00,0.0000,0.0000,4420000.0,0.0,1.000,16777216.0,0.000,0,0,16777216,1,1,1,0,1,1
3,chain3_i32,i32,4194304,glibc_t1,FIXED_TWIN,8,3,1,4261400.00,0.0000,0.0000,4266000.0,0.0,1.000,16777216.0,0.000,0,0,16777216,1,1,1,0,1,1
3,chain3_i32,i32,4194304,glibc_t1,P6,9,0,1,5076979.00,0.0000,0.0000,5082000.0,0.0,1.000,16777216.0,0.000,0,0,16777216,1,2,0,0,1,1
3,chain3_i32,i32,4194304,glibc_t1,P7,9,1,1,4139546.00,0.0000,0.0000,4145000.0,0.0,1.000,16777216.0,0.000,0,0,16777216,1,1,1,0,1,1
3,chain3_i32,i32,4194304,glibc_t1,FIXED_TWIN,9,2,1,4114536.00,0.0000,0.0000,4119000.0,0.0,1.000,16777216.0,0.000,0,0,16777216,1,1,1,0,1,1
3,chain3_i32,i32,4194304,glibc_t1,P5,9,3,1,8294732.00,0.0000,0.0000,8300000.0,0.0,3.000,50331648.0,0.000,0,0,50331648,3,0,0,0,1,1
3,chain3_i32,i32,4194304,glibc_t1,P7,10,0,1,4657580.00,0.0000,0.0000,4662000.0,0.0,1.000,16777216.0,0.000,0,0,16777216,1,1,1,0,1,1
3,chain3_i32,i32,4194304,glibc_t1,FIXED_TWIN,10,1,1,4355302.00,0.0000,0.0000,4360000.0,0.0,1.000,16777216.0,0.000,0,0,16777216,1,1,1,0,1,1
3,chain3_i32,i32,4194304,glibc_t1,P5,10,2,1,8139820.00,0.0000,0.0000,8145000.0,0.0,3.000,50331648.0,0.000,0,0,50331648,3,0,0,0,1,1
3,chain3_i32,i32,4194304,glibc_t1,P6,10,3,1,5375288.00,0.0000,0.0000,5380000.0,0.0,1.000,16777216.0,0.000,0,0,16777216,1,2,0,0,1,1
3,chain3_i32,i32,4194304,glibc_t1,FIXED_TWIN,11,0,1,4726308.00,0.0000,0.0000,4731000.0,0.0,1.000,16777216.0,0.000,0,0,16777216,1,1,1,0,1,1
3,chain3_i32,i32,4194304,glibc_t1,P5,11,1,1,7944849.00,0.0000,0.0000,7950000.0,0.0,3.000,50331648.0,0.000,0,0,50331648,3,0,0,0,1,1
3,chain3_i32,i32,4194304,glibc_t1,P6,11,2,1,5431308.00,0.0000,0.0000,5437000.0,0.0,1.000,16777216.0,0.000,0,0,16777216,1,2,0,0,1,1
3,chain3_i32,i32,4194304,glibc_t1,P7,11,3,1,4241681.00,0.0000,0.0000,4247000.0,0.0,1.000,16777216.0,0.000,0,0,16777216,1,1,1,0,1,1
3,chain3_i32,i32,4194304,glibc_t1,P5,12,0,1,7855426.00,0.0000,0.0000,7861000.0,0.0,3.000,50331648.0,0.000,0,0,50331648,3,0,0,0,1,1
3,chain3_i32,i32,4194304,glibc_t1,P6,12,1,1,5017001.00,0.0000,0.0000,5022000.0,0.0,1.000,16777216.0,0.000,0,0,16777216,1,2,0,0,1,1
3,chain3_i32,i32,4194304,glibc_t1,P7,12,2,1,4011635.00,0.0000,0.0000,4016000.0,0.0,1.000,16777216.0,0.000,0,0,16777216,1,1,1,0,1,1
3,chain3_i32,i32,4194304,glibc_t1,FIXED_TWIN,12,3,1,4331949.00,0.0000,0.0000,4318000.0,0.0,1.000,16777216.0,0.000,0,0,16777216,1,1,1,0,1,1
3,chain3_i32,i32,4194304,glibc_t1,P6,13,0,1,4875038.00,0.0000,0.0000,4880000.0,0.0,1.000,16777216.0,0.000,0,0,16777216,1,2,0,0,1,1
3,chain3_i32,i32,4194304,glibc_t1,P7,13,1,1,4080866.00,0.0000,0.0000,4084000.0,0.0,1.000,16777216.0,0.000,0,0,16777216,1,1,1,0,1,1
3,chain3_i32,i32,4194304,glibc_t1,FIXED_TWIN,13,2,1,4374172.00,0.0000,0.0000,4379000.0,0.0,1.000,16777216.0,0.000,0,0,16777216,1,1,1,0,1,1
3,chain3_i32,i32,4194304,glibc_t1,P5,13,3,1,8709197.00,0.0000,0.0000,8680000.0,0.0,3.000,50331648.0,0.000,0,0,50331648,3,0,0,0,1,1
3,chain3_i32,i32,4194304,glibc_t1,P7,14,0,1,4489168.00,0.0000,0.0000,4493000.0,0.0,1.000,16777216.0,0.000,0,0,16777216,1,1,1,0,1,1
3,chain3_i32,i32,4194304,glibc_t1,FIXED_TWIN,14,1,1,4143276.00,0.0000,0.0000,4147000.0,0.0,1.000,16777216.0,0.000,0,0,16777216,1,1,1,0,1,1
3,chain3_i32,i32,4194304,glibc_t1,P5,14,2,1,8019559.00,0.0000,0.0000,8025000.0,0.0,3.000,50331648.0,0.000,0,0,50331648,3,0,0,0,1,1
3,chain3_i32,i32,4194304,glibc_t1,P6,14,3,1,5392691.00,0.0000,0.0000,5398000.0,0.0,1.000,16777216.0,0.000,0,0,16777216,1,2,0,0,1,1
3,chain3_i32,i32,16777216,glibc_t1,P5,0,0,1,122113849.00,49155.0000,0.0000,45027000.0,77009000.0,3.000,201326592.0,0.000,0,0,201326592,3,0,0,0,1,1
3,chain3_i32,i32,16777216,glibc_t1,P6,0,1,1,60427203.00,16385.0000,0.0000,36211000.0,24223000.0,1.000,67108864.0,0.000,0,0,67108864,1,2,0,0,1,1
3,chain3_i32,i32,16777216,glibc_t1,P7,0,2,1,55330559.00,16385.0000,0.0000,19678000.0,35659000.0,1.000,67108864.0,0.000,0,0,67108864,1,1,1,0,1,1
3,chain3_i32,i32,16777216,glibc_t1,FIXED_TWIN,0,3,1,54998302.00,16385.0000,0.0000,21423000.0,33541000.0,1.000,67108864.0,0.000,0,0,67108864,1,1,1,0,1,1
3,chain3_i32,i32,16777216,glibc_t1,P6,1,0,1,62156496.00,16385.0000,0.0000,33045000.0,29102000.0,1.000,67108864.0,0.000,0,0,67108864,1,2,0,0,1,1
3,chain3_i32,i32,16777216,glibc_t1,P7,1,1,1,56529690.00,16385.0000,0.0000,28263000.0,28277000.0,1.000,67108864.0,0.000,0,0,67108864,1,1,1,0,1,1
3,chain3_i32,i32,16777216,glibc_t1,FIXED_TWIN,1,2,1,54312310.00,16385.0000,0.0000,23182000.0,31137000.0,1.000,67108864.0,0.000,0,0,67108864,1,1,1,0,1,1
3,chain3_i32,i32,16777216,glibc_t1,P5,1,3,1,121474446.00,49155.0000,0.0000,42775000.0,78696000.0,3.000,201326592.0,0.000,0,0,201326592,3,0,0,0,1,1
3,chain3_i32,i32,16777216,glibc_t1,P7,2,0,1,53282607.00,16385.0000,0.0000,20628000.0,32662000.0,1.000,67108864.0,0.000,0,0,67108864,1,1,1,0,1,1
3,chain3_i32,i32,16777216,glibc_t1,FIXED_TWIN,2,1,1,55878022.00,16385.0000,0.0000,27944000.0,27941000.0,1.000,67108864.0,0.000,0,0,67108864,1,1,1,0,1,1
3,chain3_i32,i32,16777216,glibc_t1,P5,2,2,1,120573793.00,49155.0000,0.0000,24283000.0,96296000.0,3.000,201326592.0,0.000,0,0,201326592,3,0,0,0,1,1
3,chain3_i32,i32,16777216,glibc_t1,P6,2,3,1,61833226.00,16385.0000,0.0000,38950000.0,22891000.0,1.000,67108864.0,0.000,0,0,67108864,1,2,0,0,1,1
3,chain3_i32,i32,16777216,glibc_t1,FIXED_TWIN,3,0,1,62295778.00,16385.0000,0.0000,35174000.0,27067000.0,1.000,67108864.0,0.000,0,0,67108864,1,1,1,0,1,1
3,chain3_i32,i32,16777216,glibc_t1,P5,3,1,1,120054286.00,49155.0000,0.0000,32030000.0,87985000.0,3.000,201326592.0,0.000,0,0,201326592,3,0,0,0,1,1
3,chain3_i32,i32,16777216,glibc_t1,P6,3,2,1,65138685.00,16385.0000,0.0000,28558000.0,36589000.0,1.000,67108864.0,0.000,0,0,67108864,1,2,0,0,1,1
3,chain3_i32,i32,16777216,glibc_t1,P7,3,3,1,53226972.00,16385.0000,0.0000,24599000.0,28633000.0,1.000,67108864.0,0.000,0,0,67108864,1,1,1,0,1,1
3,chain3_i32,i32,16777216,glibc_t1,P5,4,0,1,118212094.00,49155.0000,0.0000,35129000.0,83063000.0,3.000,201326592.0,0.000,0,0,201326592,3,0,0,0,1,1
3,chain3_i32,i32,16777216,glibc_t1,P6,4,1,1,62903719.00,16385.0000,0.0000,25415000.0,37495000.0,1.000,67108864.0,0.000,0,0,67108864,1,2,0,0,1,1
3,chain3_i32,i32,16777216,glibc_t1,P7,4,2,1,54141871.00,16385.0000,0.0000,25045000.0,29105000.0,1.000,67108864.0,0.000,0,0,67108864,1,1,1,0,1,1
3,chain3_i32,i32,16777216,glibc_t1,FIXED_TWIN,4,3,1,54597017.00,16385.0000,0.0000,31320000.0,23283000.0,1.000,67108864.0,0.000,0,0,67108864,1,1,1,0,1,1
3,chain3_i32,i32,16777216,glibc_t1,P6,5,0,1,60299497.00,16385.0000,0.0000,32149000.0,28157000.0,1.000,67108864.0,0.000,0,0,67108864,1,2,0,0,1,1
3,chain3_i32,i32,16777216,glibc_t1,P7,5,1,1,54814747.00,16385.0000,0.0000,25372000.0,29449000.0,1.000,67108864.0,0.000,0,0,67108864,1,1,1,0,1,1
3,chain3_i32,i32,16777216,glibc_t1,FIXED_TWIN,5,2,1,54778922.00,16385.0000,0.0000,23409000.0,31376000.0,1.000,67108864.0,0.000,0,0,67108864,1,1,1,0,1,1
3,chain3_i32,i32,16777216,glibc_t1,P5,5,3,1,124764652.00,49155.0000,0.0000,30430000.0,94340000.0,3.000,201326592.0,0.000,0,0,201326592,3,0,0,0,1,1
3,chain3_i32,i32,16777216,glibc_t1,P7,6,0,1,56508293.00,16385.0000,0.0000,36217000.0,20265000.0,1.000,67108864.0,0.000,0,0,67108864,1,1,1,0,1,1
3,chain3_i32,i32,16777216,glibc_t1,FIXED_TWIN,6,1,1,55321814.00,16385.0000,0.0000,21585000.0,33710000.0,1.000,67108864.0,0.000,0,0,67108864,1,1,1,0,1,1
3,chain3_i32,i32,16777216,glibc_t1,P5,6,2,1,132715043.00,49155.0000,0.0000,36352000.0,96337000.0,3.000,201326592.0,0.000,0,0,201326592,3,0,0,0,1,1
3,chain3_i32,i32,16777216,glibc_t1,P6,6,3,1,61420727.00,16385.0000,0.0000,40693000.0,20734000.0,1.000,67108864.0,0.000,0,0,67108864,1,2,0,0,1,1
3,chain3_i32,i32,16777216,glibc_t1,FIXED_TWIN,7,0,1,57887181.00,16385.0000,0.0000,30951000.0,26910000.0,1.000,67108864.0,0.000,0,0,67108864,1,1,1,0,1,1
3,chain3_i32,i32,16777216,glibc_t1,P5,7,1,1,125446668.00,49155.0000,0.0000,22765000.0,102672000.0,3.000,201326592.0,0.000,0,0,201326592,3,0,0,0,1,1
3,chain3_i32,i32,16777216,glibc_t1,P6,7,2,1,62131240.00,16385.0000,0.0000,39096000.0,23043000.0,1.000,67108864.0,0.000,0,0,67108864,1,2,0,0,1,1
3,chain3_i32,i32,16777216,glibc_t1,P7,7,3,1,55768159.00,16385.0000,0.0000,23891000.0,31884000.0,1.000,67108864.0,0.000,0,0,67108864,1,1,1,0,1,1
3,chain3_i32,i32,16777216,glibc_t1,P5,8,0,1,120858610.00,49155.0000,0.0000,28420000.0,92443000.0,3.000,201326592.0,0.000,0,0,201326592,3,0,0,0,1,1
3,chain3_i32,i32,16777216,glibc_t1,P6,8,1,1,61088453.00,16385.0000,0.0000,44520000.0,16564000.0,1.000,67108864.0,0.000,0,0,67108864,1,2,0,0,1,1
3,chain3_i32,i32,16777216,glibc_t1,P7,8,2,1,52034033.00,16385.0000,0.0000,20019000.0,32020000.0,1.000,67108864.0,0.000,0,0,67108864,1,1,1,0,1,1
3,chain3_i32,i32,16777216,glibc_t1,FIXED_TWIN,8,3,1,52449562.00,16385.0000,0.0000,24203000.0,28215000.0,1.000,67108864.0,0.000,0,0,67108864,1,1,1,0,1,1
3,chain3_i32,i32,16777216,glibc_t1,P6,9,0,1,58808800.00,16385.0000,0.0000,31424000.0,27391000.0,1.000,67108864.0,0.000,0,0,67108864,1,2,0,0,1,1
3,chain3_i32,i32,16777216,glibc_t1,P7,9,1,1,53592566.00,16385.0000,0.0000,32776000.0,20823000.0,1.000,67108864.0,0.000,0,0,67108864,1,1,1,0,1,1
3,chain3_i32,i32,16777216,glibc_t1,FIXED_TWIN,9,2,1,55065606.00,16385.0000,0.0000,37442000.0,17580000.0,1.000,67108864.0,0.000,0,0,67108864,1,1,1,0,1,1
3,chain3_i32,i32,16777216,glibc_t1,P5,9,3,1,117025255.00,49155.0000,0.0000,46558000.0,70472000.0,3.000,201326592.0,0.000,0,0,201326592,3,0,0,0,1,1
3,chain3_i32,i32,16777216,glibc_t1,P7,10,0,1,54080704.00,16385.0000,0.0000,25013000.0,29073000.0,1.000,67108864.0,0.000,0,0,67108864,1,1,1,0,1,1
3,chain3_i32,i32,16777216,glibc_t1,FIXED_TWIN,10,1,1,53521975.00,16385.0000,0.0000,22799000.0,30653000.0,1.000,67108864.0,0.000,0,0,67108864,1,1,1,0,1,1
3,chain3_i32,i32,16777216,glibc_t1,P5,10,2,1,119783112.00,49155.0000,0.0000,39882000.0,79873000.0,3.000,201326592.0,0.000,0,0,201326592,3,0,0,0,1,1
3,chain3_i32,i32,16777216,glibc_t1,P6,10,3,1,61483562.00,16385.0000,0.0000,32725000.0,28767000.0,1.000,67108864.0,0.000,0,0,67108864,1,2,0,0,1,1
3,chain3_i32,i32,16777216,glibc_t1,FIXED_TWIN,11,0,1,55832460.00,16385.0000,0.0000,39921000.0,15918000.0,1.000,67108864.0,0.000,0,0,67108864,1,1,1,0,1,1
3,chain3_i32,i32,16777216,glibc_t1,P5,11,1,1,119648958.00,49155.0000,0.0000,23834000.0,95822000.0,3.000,201326592.0,0.000,0,0,201326592,3,0,0,0,1,1
3,chain3_i32,i32,16777216,glibc_t1,P6,11,2,1,59895060.00,16385.0000,0.0000,31952000.0,27948000.0,1.000,67108864.0,0.000,0,0,67108864,1,2,0,0,1,1
3,chain3_i32,i32,16777216,glibc_t1,P7,11,3,1,53421608.00,16385.0000,0.0000,28693000.0,24734000.0,1.000,67108864.0,0.000,0,0,67108864,1,1,1,0,1,1
3,chain3_i32,i32,16777216,glibc_t1,P5,12,0,1,120701768.00,49155.0000,0.0000,18404000.0,102269000.0,3.000,201326592.0,0.000,0,0,201326592,3,0,0,0,1,1
3,chain3_i32,i32,16777216,glibc_t1,P6,12,1,1,61124699.00,16385.0000,0.0000,40549000.0,20582000.0,1.000,67108864.0,0.000,0,0,67108864,1,2,0,0,1,1
3,chain3_i32,i32,16777216,glibc_t1,P7,12,2,1,54325051.00,16385.0000,0.0000,35155000.0,19142000.0,1.000,67108864.0,0.000,0,0,67108864,1,1,1,0,1,1
3,chain3_i32,i32,16777216,glibc_t1,FIXED_TWIN,12,3,1,54241392.00,16385.0000,0.0000,27148000.0,27098000.0,1.000,67108864.0,0.000,0,0,67108864,1,1,1,0,1,1
3,chain3_i32,i32,16777216,glibc_t1,P6,13,0,1,59931915.00,16385.0000,0.0000,31873000.0,27969000.0,1.000,67108864.0,0.000,0,0,67108864,1,2,0,0,1,1
3,chain3_i32,i32,16777216,glibc_t1,P7,13,1,1,53482142.00,16385.0000,0.0000,30780000.0,22708000.0,1.000,67108864.0,0.000,0,0,67108864,1,1,1,0,1,1
3,chain3_i32,i32,16777216,glibc_t1,FIXED_TWIN,13,2,1,52876112.00,16385.0000,0.0000,36428000.0,16454000.0,1.000,67108864.0,0.000,0,0,67108864,1,1,1,0,1,1
3,chain3_i32,i32,16777216,glibc_t1,P5,13,3,1,117702734.00,49155.0000,0.0000,40830000.0,76846000.0,3.000,201326592.0,0.000,0,0,201326592,3,0,0,0,1,1
3,chain3_i32,i32,16777216,glibc_t1,P7,14,0,1,53751557.00,16385.0000,0.0000,36853000.0,16904000.0,1.000,67108864.0,0.000,0,0,67108864,1,1,1,0,1,1
3,chain3_i32,i32,16777216,glibc_t1,FIXED_TWIN,14,1,1,52882039.00,16385.0000,0.0000,26488000.0,26399000.0,1.000,67108864.0,0.000,0,0,67108864,1,1,1,0,1,1
3,chain3_i32,i32,16777216,glibc_t1,P5,14,2,1,117759871.00,49155.0000,0.0000,16859000.0,100907000.0,3.000,201326592.0,0.000,0,0,201326592,3,0,0,0,1,1
3,chain3_i32,i32,16777216,glibc_t1,P6,14,3,1,61234039.00,16385.0000,0.0000,22682000.0,38601000.0,1.000,67108864.0,0.000,0,0,67108864,1,2,0,0,1,1
