replicate,program,dtype,n,regime,plan,rep,order_pos,k,ns_per_call,minflt_per_call,majflt_per_call,utime_ns_per_call,stime_ns_per_call,result_allocs_per_call,result_alloc_bytes_per_call,arena_allocs_per_call,arena_fallbacks,table_overflows,peak_live_bytes_interval,fresh,in_place,fused,copies,moves,correct
1,single,f32,64,glibc_t2,P5,0,0,1000,201.31,0.0020,0.0000,0.0,218.0,1.000,256.0,0.000,0,0,256000,1,0,0,0,1,1
1,single,f32,64,glibc_t2,FIXED_TWIN,0,1,1000,222.77,0.0000,0.0000,0.0,223.0,1.000,256.0,0.000,0,0,256000,1,0,0,0,1,1
1,single,f32,64,glibc_t2,FIXED_TWIN,1,0,1000,203.66,0.0000,0.0000,0.0,205.0,1.000,256.0,0.000,0,0,256000,1,0,0,0,1,1
1,single,f32,64,glibc_t2,P5,1,1,1000,216.47,0.0000,0.0000,217.0,0.0,1.000,256.0,0.000,0,0,256000,1,0,0,0,1,1
1,single,f32,64,glibc_t2,P5,2,0,1000,218.31,0.0000,0.0000,219.0,0.0,1.000,256.0,0.000,0,0,256000,1,0,0,0,1,1
1,single,f32,64,glibc_t2,FIXED_TWIN,2,1,1000,216.46,0.0000,0.0000,217.0,0.0,1.000,256.0,0.000,0,0,256000,1,0,0,0,1,1
1,single,f32,64,glibc_t2,FIXED_TWIN,3,0,1000,201.58,0.0000,0.0000,202.0,0.0,1.000,256.0,0.000,0,0,256000,1,0,0,0,1,1
1,single,f32,64,glibc_t2,P5,3,1,1000,206.62,0.0000,0.0000,208.0,0.0,1.000,256.0,0.000,0,0,256000,1,0,0,0,1,1
1,single,f32,64,glibc_t2,P5,4,0,1000,222.45,0.0000,0.0000,223.0,0.0,1.000,256.0,0.000,0,0,256000,1,0,0,0,1,1
1,single,f32,64,glibc_t2,FIXED_TWIN,4,1,1000,198.62,0.0000,0.0000,199.0,0.0,1.000,256.0,0.000,0,0,256000,1,0,0,0,1,1
1,single,f32,64,glibc_t2,FIXED_TWIN,5,0,1000,223.55,0.0000,0.0000,224.0,0.0,1.000,256.0,0.000,0,0,256000,1,0,0,0,1,1
1,single,f32,64,glibc_t2,P5,5,1,1000,222.29,0.0000,0.0000,222.0,0.0,1.000,256.0,0.000,0,0,256000,1,0,0,0,1,1
1,single,f32,64,glibc_t2,P5,6,0,1000,208.26,0.0000,0.0000,208.0,0.0,1.000,256.0,0.000,0,0,256000,1,0,0,0,1,1
1,single,f32,64,glibc_t2,FIXED_TWIN,6,1,1000,208.13,0.0000,0.0000,209.0,0.0,1.000,256.0,0.000,0,0,256000,1,0,0,0,1,1
1,single,f32,64,glibc_t2,FIXED_TWIN,7,0,1000,204.08,0.0000,0.0000,205.0,0.0,1.000,256.0,0.000,0,0,256000,1,0,0,0,1,1
1,single,f32,64,glibc_t2,P5,7,1,1000,198.05,0.0000,0.0000,199.0,0.0,1.000,256.0,0.000,0,0,256000,1,0,0,0,1,1
1,single,f32,64,glibc_t2,P5,8,0,1000,212.75,0.0000,0.0000,213.0,0.0,1.000,256.0,0.000,0,0,256000,1,0,0,0,1,1
1,single,f32,64,glibc_t2,FIXED_TWIN,8,1,1000,226.65,0.0000,0.0000,227.0,0.0,1.000,256.0,0.000,0,0,256000,1,0,0,0,1,1
1,single,f32,64,glibc_t2,FIXED_TWIN,9,0,1000,202.29,0.0000,0.0000,203.0,0.0,1.000,256.0,0.000,0,0,256000,1,0,0,0,1,1
1,single,f32,64,glibc_t2,P5,9,1,1000,212.23,0.0000,0.0000,213.0,0.0,1.000,256.0,0.000,0,0,256000,1,0,0,0,1,1
1,single,f32,64,glibc_t2,P5,10,0,1000,209.59,0.0000,0.0000,210.0,0.0,1.000,256.0,0.000,0,0,256000,1,0,0,0,1,1
1,single,f32,64,glibc_t2,FIXED_TWIN,10,1,1000,204.69,0.0000,0.0000,205.0,0.0,1.000,256.0,0.000,0,0,256000,1,0,0,0,1,1
1,single,f32,64,glibc_t2,FIXED_TWIN,11,0,1000,208.44,0.0000,0.0000,210.0,0.0,1.000,256.0,0.000,0,0,256000,1,0,0,0,1,1
1,single,f32,64,glibc_t2,P5,11,1,1000,206.99,0.0000,0.0000,208.0,0.0,1.000,256.0,0.000,0,0,256000,1,0,0,0,1,1
1,single,f32,64,glibc_t2,P5,12,0,1000,234.68,0.0000,0.0000,235.0,0.0,1.000,256.0,0.000,0,0,256000,1,0,0,0,1,1
1,single,f32,64,glibc_t2,FIXED_TWIN,12,1,1000,201.19,0.0000,0.0000,202.0,0.0,1.000,256.0,0.000,0,0,256000,1,0,0,0,1,1
1,single,f32,64,glibc_t2,FIXED_TWIN,13,0,1000,218.41,0.0000,0.0000,219.0,0.0,1.000,256.0,0.000,0,0,256000,1,0,0,0,1,1
1,single,f32,64,glibc_t2,P5,13,1,1000,199.99,0.0000,0.0000,200.0,0.0,1.000,256.0,0.000,0,0,256000,1,0,0,0,1,1
1,single,f32,64,glibc_t2,P5,14,0,1000,208.60,0.0000,0.0000,209.0,0.0,1.000,256.0,0.000,0,0,256000,1,0,0,0,1,1
1,single,f32,64,glibc_t2,FIXED_TWIN,14,1,1000,203.93,0.0000,0.0000,205.0,0.0,1.000,256.0,0.000,0,0,256000,1,0,0,0,1,1
1,single,f32,1024,glibc_t2,P5,0,0,1000,348.78,0.0000,0.0000,252.0,100.0,1.000,4096.0,0.000,0,0,4096000,1,0,0,0,1,1
1,single,f32,1024,glibc_t2,FIXED_TWIN,0,1,1000,358.79,0.0000,0.0000,259.0,103.0,1.000,4096.0,0.000,0,0,4096000,1,0,0,0,1,1
1,single,f32,1024,glibc_t2,FIXED_TWIN,1,0,1000,360.78,0.0000,0.0000,363.0,0.0,1.000,4096.0,0.000,0,0,4096000,1,0,0,0,1,1
1,single,f32,1024,glibc_t2,P5,1,1,1000,397.42,0.0000,0.0000,400.0,0.0,1.000,4096.0,0.000,0,0,4096000,1,0,0,0,1,1
1,single,f32,1024,glibc_t2,P5,2,0,1000,348.94,0.0000,0.0000,351.0,0.0,1.000,4096.0,0.000,0,0,4096000,1,0,0,0,1,1
1,single,f32,1024,glibc_t2,FIXED_TWIN,2,1,1000,360.76,0.0000,0.0000,362.0,0.0,1.000,4096.0,0.000,0,0,4096000,1,0,0,0,1,1
1,single,f32,1024,glibc_t2,FIXED_TWIN,3,0,1000,349.49,0.0000,0.0000,351.0,0.0,1.000,4096.0,0.000,0,0,4096000,1,0,0,0,1,1
1,single,f32,1024,glibc_t2,P5,3,1,1000,366.24,0.0000,0.0000,368.0,0.0,1.000,4096.0,0.000,0,0,4096000,1,0,0,0,1,1
1,single,f32,1024,glibc_t2,P5,4,0,1000,350.81,0.0000,0.0000,353.0,0.0,1.000,4096.0,0.000,0,0,4096000,1,0,0,0,1,1
1,single,f32,1024,glibc_t2,FIXED_TWIN,4,1,1000,358.00,0.0000,0.0000,359.0,0.0,1.000,4096.0,0.000,0,0,4096000,1,0,0,0,1,1
1,single,f32,1024,glibc_t2,FIXED_TWIN,5,0,1000,359.11,0.0000,0.0000,361.0,0.0,1.000,4096.0,0.000,0,0,4096000,1,0,0,0,1,1
1,single,f32,1024,glibc_t2,P5,5,1,1000,372.87,0.0000,0.0000,375.0,0.0,1.000,4096.0,0.000,0,0,4096000,1,0,0,0,1,1
1,single,f32,1024,glibc_t2,P5,6,0,1000,359.27,0.0000,0.0000,361.0,0.0,1.000,4096.0,0.000,0,0,4096000,1,0,0,0,1,1
1,single,f32,1024,glibc_t2,FIXED_TWIN,6,1,1000,359.92,0.0000,0.0000,363.0,0.0,1.000,4096.0,0.000,0,0,4096000,1,0,0,0,1,1
1,single,f32,1024,glibc_t2,FIXED_TWIN,7,0,1000,397.74,0.0000,0.0000,400.0,0.0,1.000,4096.0,0.000,0,0,4096000,1,0,0,0,1,1
1,single,f32,1024,glibc_t2,P5,7,1,1000,355.53,0.0000,0.0000,358.0,0.0,1.000,4096.0,0.000,0,0,4096000,1,0,0,0,1,1
1,single,f32,1024,glibc_t2,P5,8,0,1000,363.19,0.0000,0.0000,365.0,0.0,1.000,4096.0,0.000,0,0,4096000,1,0,0,0,1,1
1,single,f32,1024,glibc_t2,FIXED_TWIN,8,1,1000,375.93,0.0000,0.0000,377.0,0.0,1.000,4096.0,0.000,0,0,4096000,1,0,0,0,1,1
1,single,f32,1024,glibc_t2,FIXED_TWIN,9,0,1000,398.09,0.0000,0.0000,400.0,0.0,1.000,4096.0,0.000,0,0,4096000,1,0,0,0,1,1
1,single,f32,1024,glibc_t2,P5,9,1,1000,372.41,0.0000,0.0000,374.0,0.0,1.000,4096.0,0.000,0,0,4096000,1,0,0,0,1,1
1,single,f32,1024,glibc_t2,P5,10,0,1000,397.38,0.0000,0.0000,400.0,0.0,1.000,4096.0,0.000,0,0,4096000,1,0,0,0,1,1
1,single,f32,1024,glibc_t2,FIXED_TWIN,10,1,1000,377.65,0.0000,0.0000,380.0,0.0,1.000,4096.0,0.000,0,0,4096000,1,0,0,0,1,1
1,single,f32,1024,glibc_t2,FIXED_TWIN,11,0,1000,376.99,0.0000,0.0000,378.0,0.0,1.000,4096.0,0.000,0,0,4096000,1,0,0,0,1,1
1,single,f32,1024,glibc_t2,P5,11,1,1000,349.00,0.0000,0.0000,351.0,0.0,1.000,4096.0,0.000,0,0,4096000,1,0,0,0,1,1
1,single,f32,1024,glibc_t2,P5,12,0,1000,410.81,0.0000,0.0000,413.0,0.0,1.000,4096.0,0.000,0,0,4096000,1,0,0,0,1,1
1,single,f32,1024,glibc_t2,FIXED_TWIN,12,1,1000,369.61,0.0000,0.0000,371.0,0.0,1.000,4096.0,0.000,0,0,4096000,1,0,0,0,1,1
1,single,f32,1024,glibc_t2,FIXED_TWIN,13,0,1000,353.36,0.0000,0.0000,355.0,0.0,1.000,4096.0,0.000,0,0,4096000,1,0,0,0,1,1
1,single,f32,1024,glibc_t2,P5,13,1,1000,346.98,0.0000,0.0000,349.0,0.0,1.000,4096.0,0.000,0,0,4096000,1,0,0,0,1,1
1,single,f32,1024,glibc_t2,P5,14,0,1000,359.95,0.0000,0.0000,362.0,0.0,1.000,4096.0,0.000,0,0,4096000,1,0,0,0,1,1
1,single,f32,1024,glibc_t2,FIXED_TWIN,14,1,1000,360.40,0.0000,0.0000,362.0,0.0,1.000,4096.0,0.000,0,0,4096000,1,0,0,0,1,1
1,single,f32,4096,glibc_t2,P5,0,0,1,1013.00,0.0000,0.0000,3000.0,0.0,1.000,16384.0,0.000,0,0,16384,1,0,0,0,1,1
1,single,f32,4096,glibc_t2,FIXED_TWIN,0,1,1,852.00,0.0000,0.0000,1000.0,0.0,1.000,16384.0,0.000,0,0,16384,1,0,0,0,1,1
1,single,f32,4096,glibc_t2,FIXED_TWIN,1,0,1,790.00,0.0000,0.0000,1000.0,0.0,1.000,16384.0,0.000,0,0,16384,1,0,0,0,1,1
1,single,f32,4096,glibc_t2,P5,1,1,1,765.00,0.0000,0.0000,1000.0,0.0,1.000,16384.0,0.000,0,0,16384,1,0,0,0,1,1
1,single,f32,4096,glibc_t2,P5,2,0,1,782.00,0.0000,0.0000,1000.0,0.0,1.000,16384.0,0.000,0,0,16384,1,0,0,0,1,1
1,single,f32,4096,glibc_t2,FIXED_TWIN,2,1,1,764.00,0.0000,0.0000,2000.0,0.0,1.000,16384.0,0.000,0,0,16384,1,0,0,0,1,1
1,single,f32,4096,glibc_t2,FIXED_TWIN,3,0,1,778.00,0.0000,0.0000,1000.0,0.0,1.000,16384.0,0.000,0,0,16384,1,0,0,0,1,1
1,single,f32,4096,glibc_t2,P5,3,1,1,1062.00,0.0000,0.0000,2000.0,0.0,1.000,16384.0,0.000,0,0,16384,1,0,0,0,1,1
1,single,f32,4096,glibc_t2,P5,4,0,1,1352.00,0.0000,0.0000,1000.0,0.0,1.000,16384.0,0.000,0,0,16384,1,0,0,0,1,1
1,single,f32,4096,glibc_t2,FIXED_TWIN,4,1,1,892.00,0.0000,0.0000,2000.0,0.0,1.000,16384.0,0.000,0,0,16384,1,0,0,0,1,1
1,single,f32,4096,glibc_t2,FIXED_TWIN,5,0,1,989.00,0.0000,0.0000,2000.0,0.0,1.000,16384.0,0.000,0,0,16384,1,0,0,0,1,1
1,single,f32,4096,glibc_t2,P5,5,1,1,975.00,0.0000,0.0000,5000.0,0.0,1.000,16384.0,0.000,0,0,16384,1,0,0,0,1,1
1,single,f32,4096,glibc_t2,P5,6,0,1,982.00,0.0000,0.0000,2000.0,0.0,1.000,16384.0,0.000,0,0,16384,1,0,0,0,1,1
1,single,f32,4096,glibc_t2,FIXED_TWIN,6,1,1,1002.00,0.0000,0.0000,2000.0,0.0,1.000,16384.0,0.000,0,0,16384,1,0,0,0,1,1
1,single,f32,4096,glibc_t2,FIXED_TWIN,7,0,1,1184.00,0.0000,0.0000,1000.0,0.0,1.000,16384.0,0.000,0,0,16384,1,0,0,0,1,1
1,single,f32,4096,glibc_t2,P5,7,1,1,1096.00,0.0000,0.0000,1000.0,0.0,1.000,16384.0,0.000,0,0,16384,1,0,0,0,1,1
1,single,f32,4096,glibc_t2,P5,8,0,1,1020.00,0.0000,0.0000,1000.0,0.0,1.000,16384.0,0.000,0,0,16384,1,0,0,0,1,1
1,single,f32,4096,glibc_t2,FIXED_TWIN,8,1,1,879.00,0.0000,0.0000,1000.0,0.0,1.000,16384.0,0.000,0,0,16384,1,0,0,0,1,1
1,single,f32,4096,glibc_t2,FIXED_TWIN,9,0,1,883.00,0.0000,0.0000,1000.0,0.0,1.000,16384.0,0.000,0,0,16384,1,0,0,0,1,1
1,single,f32,4096,glibc_t2,P5,9,1,1,981.00,0.0000,0.0000,2000.0,0.0,1.000,16384.0,0.000,0,0,16384,1,0,0,0,1,1
1,single,f32,4096,glibc_t2,P5,10,0,1,918.00,0.0000,0.0000,1000.0,0.0,1.000,16384.0,0.000,0,0,16384,1,0,0,0,1,1
1,single,f32,4096,glibc_t2,FIXED_TWIN,10,1,1,932.00,0.0000,0.0000,1000.0,0.0,1.000,16384.0,0.000,0,0,16384,1,0,0,0,1,1
1,single,f32,4096,glibc_t2,FIXED_TWIN,11,0,1,1046.00,0.0000,0.0000,2000.0,0.0,1.000,16384.0,0.000,0,0,16384,1,0,0,0,1,1
1,single,f32,4096,glibc_t2,P5,11,1,1,931.00,0.0000,0.0000,1000.0,0.0,1.000,16384.0,0.000,0,0,16384,1,0,0,0,1,1
1,single,f32,4096,glibc_t2,P5,12,0,1,1090.00,0.0000,0.0000,2000.0,0.0,1.000,16384.0,0.000,0,0,16384,1,0,0,0,1,1
1,single,f32,4096,glibc_t2,FIXED_TWIN,12,1,1,993.00,0.0000,0.0000,1000.0,0.0,1.000,16384.0,0.000,0,0,16384,1,0,0,0,1,1
1,single,f32,4096,glibc_t2,FIXED_TWIN,13,0,1,934.00,0.0000,0.0000,1000.0,0.0,1.000,16384.0,0.000,0,0,16384,1,0,0,0,1,1
1,single,f32,4096,glibc_t2,P5,13,1,1,888.00,0.0000,0.0000,1000.0,0.0,1.000,16384.0,0.000,0,0,16384,1,0,0,0,1,1
1,single,f32,4096,glibc_t2,P5,14,0,1,1040.00,0.0000,0.0000,2000.0,0.0,1.000,16384.0,0.000,0,0,16384,1,0,0,0,1,1
1,single,f32,4096,glibc_t2,FIXED_TWIN,14,1,1,969.00,0.0000,0.0000,1000.0,0.0,1.000,16384.0,0.000,0,0,16384,1,0,0,0,1,1
1,single,f32,16384,glibc_t2,P5,0,0,1,3271.00,0.0000,0.0000,4000.0,0.0,1.000,65536.0,0.000,0,0,65536,1,0,0,0,1,1
1,single,f32,16384,glibc_t2,FIXED_TWIN,0,1,1,3229.00,0.0000,0.0000,4000.0,0.0,1.000,65536.0,0.000,0,0,65536,1,0,0,0,1,1
1,single,f32,16384,glibc_t2,FIXED_TWIN,1,0,1,3252.00,0.0000,0.0000,4000.0,0.0,1.000,65536.0,0.000,0,0,65536,1,0,0,0,1,1
1,single,f32,16384,glibc_t2,P5,1,1,1,3254.00,0.0000,0.0000,4000.0,0.0,1.000,65536.0,0.000,0,0,65536,1,0,0,0,1,1
1,single,f32,16384,glibc_t2,P5,2,0,1,3233.00,0.0000,0.0000,3000.0,0.0,1.000,65536.0,0.000,0,0,65536,1,0,0,0,1,1
1,single,f32,16384,glibc_t2,FIXED_TWIN,2,1,1,3236.00,0.0000,0.0000,3000.0,0.0,1.000,65536.0,0.000,0,0,65536,1,0,0,0,1,1
1,single,f32,16384,glibc_t2,FIXED_TWIN,3,0,1,3239.00,0.0000,0.0000,3000.0,0.0,1.000,65536.0,0.000,0,0,65536,1,0,0,0,1,1
1,single,f32,16384,glibc_t2,P5,3,1,1,3640.00,0.0000,0.0000,4000.0,0.0,1.000,65536.0,0.000,0,0,65536,1,0,0,0,1,1
1,single,f32,16384,glibc_t2,P5,4,0,1,3522.00,0.0000,0.0000,4000.0,0.0,1.000,65536.0,0.000,0,0,65536,1,0,0,0,1,1
1,single,f32,16384,glibc_t2,FIXED_TWIN,4,1,1,3309.00,0.0000,0.0000,4000.0,0.0,1.000,65536.0,0.000,0,0,65536,1,0,0,0,1,1
1,single,f32,16384,glibc_t2,FIXED_TWIN,5,0,1,3253.00,0.0000,0.0000,3000.0,0.0,1.000,65536.0,0.000,0,0,65536,1,0,0,0,1,1
1,single,f32,16384,glibc_t2,P5,5,1,1,3246.00,0.0000,0.0000,4000.0,0.0,1.000,65536.0,0.000,0,0,65536,1,0,0,0,1,1
1,single,f32,16384,glibc_t2,P5,6,0,1,3221.00,0.0000,0.0000,4000.0,0.0,1.000,65536.0,0.000,0,0,65536,1,0,0,0,1,1
1,single,f32,16384,glibc_t2,FIXED_TWIN,6,1,1,3229.00,0.0000,0.0000,4000.0,0.0,1.000,65536.0,0.000,0,0,65536,1,0,0,0,1,1
1,single,f32,16384,glibc_t2,FIXED_TWIN,7,0,1,3684.00,0.0000,0.0000,5000.0,0.0,1.000,65536.0,0.000,0,0,65536,1,0,0,0,1,1
1,single,f32,16384,glibc_t2,P5,7,1,1,3512.00,0.0000,0.0000,4000.0,0.0,1.000,65536.0,0.000,0,0,65536,1,0,0,0,1,1
1,single,f32,16384,glibc_t2,P5,8,0,1,3480.00,0.0000,0.0000,4000.0,0.0,1.000,65536.0,0.000,0,0,65536,1,0,0,0,1,1
1,single,f32,16384,glibc_t2,FIXED_TWIN,8,1,1,3365.00,0.0000,0.0000,4000.0,0.0,1.000,65536.0,0.000,0,0,65536,1,0,0,0,1,1
1,single,f32,16384,glibc_t2,FIXED_TWIN,9,0,1,3215.00,0.0000,0.0000,3000.0,0.0,1.000,65536.0,0.000,0,0,65536,1,0,0,0,1,1
1,single,f32,16384,glibc_t2,P5,9,1,1,3246.00,0.0000,0.0000,3000.0,0.0,1.000,65536.0,0.000,0,0,65536,1,0,0,0,1,1
1,single,f32,16384,glibc_t2,P5,10,0,1,3202.00,0.0000,0.0000,4000.0,0.0,1.000,65536.0,0.000,0,0,65536,1,0,0,0,1,1
1,single,f32,16384,glibc_t2,FIXED_TWIN,10,1,1,3266.00,0.0000,0.0000,3000.0,0.0,1.000,65536.0,0.000,0,0,65536,1,0,0,0,1,1
1,single,f32,16384,glibc_t2,FIXED_TWIN,11,0,1,3207.00,0.0000,0.0000,3000.0,0.0,1.000,65536.0,0.000,0,0,65536,1,0,0,0,1,1
1,single,f32,16384,glibc_t2,P5,11,1,1,3235.00,0.0000,0.0000,4000.0,0.0,1.000,65536.0,0.000,0,0,65536,1,0,0,0,1,1
1,single,f32,16384,glibc_t2,P5,12,0,1,3308.00,0.0000,0.0000,4000.0,0.0,1.000,65536.0,0.000,0,0,65536,1,0,0,0,1,1
1,single,f32,16384,glibc_t2,FIXED_TWIN,12,1,1,3225.00,0.0000,0.0000,3000.0,0.0,1.000,65536.0,0.000,0,0,65536,1,0,0,0,1,1
1,single,f32,16384,glibc_t2,FIXED_TWIN,13,0,1,3215.00,0.0000,0.0000,3000.0,0.0,1.000,65536.0,0.000,0,0,65536,1,0,0,0,1,1
1,single,f32,16384,glibc_t2,P5,13,1,1,3205.00,0.0000,0.0000,3000.0,0.0,1.000,65536.0,0.000,0,0,65536,1,0,0,0,1,1
1,single,f32,16384,glibc_t2,P5,14,0,1,3267.00,0.0000,0.0000,4000.0,0.0,1.000,65536.0,0.000,0,0,65536,1,0,0,0,1,1
1,single,f32,16384,glibc_t2,FIXED_TWIN,14,1,1,3223.00,0.0000,0.0000,4000.0,0.0,1.000,65536.0,0.000,0,0,65536,1,0,0,0,1,1
1,single,f32,65536,glibc_t2,P5,0,0,1,71607.00,65.0000,0.0000,74000.0,0.0,1.000,262144.0,0.000,0,0,262144,1,0,0,0,1,1
1,single,f32,65536,glibc_t2,FIXED_TWIN,0,1,1,73043.00,65.0000,0.0000,74000.0,0.0,1.000,262144.0,0.000,0,0,262144,1,0,0,0,1,1
1,single,f32,65536,glibc_t2,FIXED_TWIN,1,0,1,70849.00,65.0000,0.0000,72000.0,0.0,1.000,262144.0,0.000,0,0,262144,1,0,0,0,1,1
1,single,f32,65536,glibc_t2,P5,1,1,1,87113.00,65.0000,0.0000,88000.0,0.0,1.000,262144.0,0.000,0,0,262144,1,0,0,0,1,1
1,single,f32,65536,glibc_t2,P5,2,0,1,71346.00,65.0000,0.0000,72000.0,0.0,1.000,262144.0,0.000,0,0,262144,1,0,0,0,1,1
1,single,f32,65536,glibc_t2,FIXED_TWIN,2,1,1,71212.00,65.0000,0.0000,72000.0,0.0,1.000,262144.0,0.000,0,0,262144,1,0,0,0,1,1
1,single,f32,65536,glibc_t2,FIXED_TWIN,3,0,1,72989.00,65.0000,0.0000,73000.0,0.0,1.000,262144.0,0.000,0,0,262144,1,0,0,0,1,1
1,single,f32,65536,glibc_t2,P5,3,1,1,84257.00,65.0000,0.0000,85000.0,0.0,1.000,262144.0,0.000,0,0,262144,1,0,0,0,1,1
1,single,f32,65536,glibc_t2,P5,4,0,1,76241.00,65.0000,0.0000,77000.0,0.0,1.000,262144.0,0.000,0,0,262144,1,0,0,0,1,1
1,single,f32,65536,glibc_t2,FIXED_TWIN,4,1,1,71474.00,65.0000,0.0000,72000.0,0.0,1.000,262144.0,0.000,0,0,262144,1,0,0,0,1,1
1,single,f32,65536,glibc_t2,FIXED_TWIN,5,0,1,73380.00,65.0000,0.0000,74000.0,0.0,1.000,262144.0,0.000,0,0,262144,1,0,0,0,1,1
1,single,f32,65536,glibc_t2,P5,5,1,1,71281.00,65.0000,0.0000,72000.0,0.0,1.000,262144.0,0.000,0,0,262144,1,0,0,0,1,1
1,single,f32,65536,glibc_t2,P5,6,0,1,74923.00,65.0000,0.0000,76000.0,0.0,1.000,262144.0,0.000,0,0,262144,1,0,0,0,1,1
1,single,f32,65536,glibc_t2,FIXED_TWIN,6,1,1,71337.00,65.0000,0.0000,73000.0,0.0,1.000,262144.0,0.000,0,0,262144,1,0,0,0,1,1
1,single,f32,65536,glibc_t2,FIXED_TWIN,7,0,1,72623.00,65.0000,0.0000,73000.0,0.0,1.000,262144.0,0.000,0,0,262144,1,0,0,0,1,1
1,single,f32,65536,glibc_t2,P5,7,1,1,77818.00,65.0000,0.0000,78000.0,0.0,1.000,262144.0,0.000,0,0,262144,1,0,0,0,1,1
1,single,f32,65536,glibc_t2,P5,8,0,1,71758.00,65.0000,0.0000,73000.0,0.0,1.000,262144.0,0.000,0,0,262144,1,0,0,0,1,1
1,single,f32,65536,glibc_t2,FIXED_TWIN,8,1,1,71335.00,65.0000,0.0000,72000.0,0.0,1.000,262144.0,0.000,0,0,262144,1,0,0,0,1,1
1,single,f32,65536,glibc_t2,FIXED_TWIN,9,0,1,70744.00,65.0000,0.0000,71000.0,0.0,1.000,262144.0,0.000,0,0,262144,1,0,0,0,1,1
1,single,f32,65536,glibc_t2,P5,9,1,1,73477.00,65.0000,0.0000,74000.0,0.0,1.000,262144.0,0.000,0,0,262144,1,0,0,0,1,1
1,single,f32,65536,glibc_t2,P5,10,0,1,72895.00,65.0000,0.0000,74000.0,0.0,1.000,262144.0,0.000,0,0,262144,1,0,0,0,1,1
1,single,f32,65536,glibc_t2,FIXED_TWIN,10,1,1,72028.00,65.0000,0.0000,73000.0,0.0,1.000,262144.0,0.000,0,0,262144,1,0,0,0,1,1
1,single,f32,65536,glibc_t2,FIXED_TWIN,11,0,1,76512.00,65.0000,0.0000,78000.0,0.0,1.000,262144.0,0.000,0,0,262144,1,0,0,0,1,1
1,single,f32,65536,glibc_t2,P5,11,1,1,72209.00,65.0000,0.0000,73000.0,0.0,1.000,262144.0,0.000,0,0,262144,1,0,0,0,1,1
1,single,f32,65536,glibc_t2,P5,12,0,1,71671.00,65.0000,0.0000,72000.0,0.0,1.000,262144.0,0.000,0,0,262144,1,0,0,0,1,1
1,single,f32,65536,glibc_t2,FIXED_TWIN,12,1,1,71036.00,65.0000,0.0000,72000.0,0.0,1.000,262144.0,0.000,0,0,262144,1,0,0,0,1,1
1,single,f32,65536,glibc_t2,FIXED_TWIN,13,0,1,72962.00,65.0000,0.0000,73000.0,0.0,1.000,262144.0,0.000,0,0,262144,1,0,0,0,1,1
1,single,f32,65536,glibc_t2,P5,13,1,1,72835.00,65.0000,0.0000,74000.0,0.0,1.000,262144.0,0.000,0,0,262144,1,0,0,0,1,1
1,single,f32,65536,glibc_t2,P5,14,0,1,71049.00,65.0000,0.0000,72000.0,0.0,1.000,262144.0,0.000,0,0,262144,1,0,0,0,1,1
1,single,f32,65536,glibc_t2,FIXED_TWIN,14,1,1,71220.00,65.0000,0.0000,72000.0,0.0,1.000,262144.0,0.000,0,0,262144,1,0,0,0,1,1
1,single,f32,262144,glibc_t2,P5,0,0,1,384995.00,257.0000,0.0000,329000.0,60000.0,1.000,1048576.0,0.000,0,0,1048576,1,0,0,0,1,1
1,single,f32,262144,glibc_t2,FIXED_TWIN,0,1,1,360885.00,257.0000,0.0000,307000.0,56000.0,1.000,1048576.0,0.000,0,0,1048576,1,0,0,0,1,1
1,single,f32,262144,glibc_t2,FIXED_TWIN,1,0,1,349734.00,257.0000,0.0000,0.0,351000.0,1.000,1048576.0,0.000,0,0,1048576,1,0,0,0,1,1
1,single,f32,262144,glibc_t2,P5,1,1,1,350774.00,257.0000,0.0000,0.0,353000.0,1.000,1048576.0,0.000,0,0,1048576,1,0,0,0,1,1
1,single,f32,262144,glibc_t2,P5,2,0,1,366577.00,257.0000,0.0000,0.0,369000.0,1.000,1048576.0,0.000,0,0,1048576,1,0,0,0,1,1
1,single,f32,262144,glibc_t2,FIXED_TWIN,2,1,1,335475.00,257.0000,0.0000,153000.0,185000.0,1.000,1048576.0,0.000,0,0,1048576,1,0,0,0,1,1
1,single,f32,262144,glibc_t2,FIXED_TWIN,3,0,1,329309.00,257.0000,0.0000,0.0,331000.0,1.000,1048576.0,0.000,0,0,1048576,1,0,0,0,1,1
1,single,f32,262144,glibc_t2,P5,3,1,1,329407.00,257.0000,0.0000,0.0,331000.0,1.000,1048576.0,0.000,0,0,1048576,1,0,0,0,1,1
1,single,f32,262144,glibc_t2,P5,4,0,1,336966.00,257.0000,0.0000,0.0,339000.0,1.000,1048576.0,0.000,0,0,1048576,1,0,0,0,1,1
1,single,f32,262144,glibc_t2,FIXED_TWIN,4,1,1,328705.00,257.0000,0.0000,116000.0,215000.0,1.000,1048576.0,0.000,0,0,1048576,1,0,0,0,1,1
1,single,f32,262144,glibc_t2,FIXED_TWIN,5,0,1,326459.00,257.0000,0.0000,328000.0,0.0,1.000,1048576.0,0.000,0,0,1048576,1,0,0,0,1,1
1,single,f32,262144,glibc_t2,P5,5,1,1,348976.00,257.0000,0.0000,351000.0,0.0,1.000,1048576.0,0.000,0,0,1048576,1,0,0,0,1,1
1,single,f32,262144,glibc_t2,P5,6,0,1,330994.00,257.0000,0.0000,333000.0,0.0,1.000,1048576.0,0.000,0,0,1048576,1,0,0,0,1,1
1,single,f32,262144,glibc_t2,FIXED_TWIN,6,1,1,355013.00,257.0000,0.0000,0.0,357000.0,1.000,1048576.0,0.000,0,0,1048576,1,0,0,0,1,1
1,single,f32,262144,glibc_t2,FIXED_TWIN,7,0,1,327874.00,257.0000,0.0000,0.0,330000.0,1.000,1048576.0,0.000,0,0,1048576,1,0,0,0,1,1
1,single,f32,262144,glibc_t2,P5,7,1,1,339318.00,257.0000,0.0000,0.0,341000.0,1.000,1048576.0,0.000,0,0,1048576,1,0,0,0,1,1
1,single,f32,262144,glibc_t2,P5,8,0,1,353724.00,257.0000,0.0000,0.0,356000.0,1.000,1048576.0,0.000,0,0,1048576,1,0,0,0,1,1
1,single,f32,262144,glibc_t2,FIXED_TWIN,8,1,1,388067.00,257.0000,0.0000,390000.0,0.0,1.000,1048576.0,0.000,0,0,1048576,1,0,0,0,1,1
1,single,f32,262144,glibc_t2,FIXED_TWIN,9,0,1,346230.00,257.0000,0.0000,348000.0,0.0,1.000,1048576.0,0.000,0,0,1048576,1,0,0,0,1,1
1,single,f32,262144,glibc_t2,P5,9,1,1,343796.00,257.0000,0.0000,346000.0,0.0,1.000,1048576.0,0.000,0,0,1048576,1,0,0,0,1,1
1,single,f32,262144,glibc_t2,P5,10,0,1,353764.00,257.0000,0.0000,355000.0,0.0,1.000,1048576.0,0.000,0,0,1048576,1,0,0,0,1,1
1,single,f32,262144,glibc_t2,FIXED_TWIN,10,1,1,358416.00,257.0000,0.0000,360000.0,0.0,1.000,1048576.0,0.000,0,0,1048576,1,0,0,0,1,1
1,single,f32,262144,glibc_t2,FIXED_TWIN,11,0,1,349924.00,257.0000,0.0000,352000.0,0.0,1.000,1048576.0,0.000,0,0,1048576,1,0,0,0,1,1
1,single,f32,262144,glibc_t2,P5,11,1,1,354163.00,257.0000,0.0000,356000.0,0.0,1.000,1048576.0,0.000,0,0,1048576,1,0,0,0,1,1
1,single,f32,262144,glibc_t2,P5,12,0,1,349723.00,257.0000,0.0000,351000.0,0.0,1.000,1048576.0,0.000,0,0,1048576,1,0,0,0,1,1
1,single,f32,262144,glibc_t2,FIXED_TWIN,12,1,1,327352.00,257.0000,0.0000,0.0,329000.0,1.000,1048576.0,0.000,0,0,1048576,1,0,0,0,1,1
1,single,f32,262144,glibc_t2,FIXED_TWIN,13,0,1,338639.00,257.0000,0.0000,0.0,341000.0,1.000,1048576.0,0.000,0,0,1048576,1,0,0,0,1,1
1,single,f32,262144,glibc_t2,P5,13,1,1,356935.00,257.0000,0.0000,0.0,359000.0,1.000,1048576.0,0.000,0,0,1048576,1,0,0,0,1,1
1,single,f32,262144,glibc_t2,P5,14,0,1,328697.00,257.0000,0.0000,222000.0,108000.0,1.000,1048576.0,0.000,0,0,1048576,1,0,0,0,1,1
1,single,f32,262144,glibc_t2,FIXED_TWIN,14,1,1,338194.00,257.0000,0.0000,340000.0,0.0,1.000,1048576.0,0.000,0,0,1048576,1,0,0,0,1,1
1,single,f32,1048576,glibc_t2,P5,0,0,1,1426627.00,1025.0000,0.0000,0.0,1431000.0,1.000,4194304.0,0.000,0,0,4194304,1,0,0,0,1,1
1,single,f32,1048576,glibc_t2,FIXED_TWIN,0,1,1,1428112.00,1025.0000,0.0000,0.0,1431000.0,1.000,4194304.0,0.000,0,0,4194304,1,0,0,0,1,1
1,single,f32,1048576,glibc_t2,FIXED_TWIN,1,0,1,1412665.00,1025.0000,0.0000,0.0,1415000.0,1.000,4194304.0,0.000,0,0,4194304,1,0,0,0,1,1
1,single,f32,1048576,glibc_t2,P5,1,1,1,1432900.00,1025.0000,0.0000,997000.0,438000.0,1.000,4194304.0,0.000,0,0,4194304,1,0,0,0,1,1
1,single,f32,1048576,glibc_t2,P5,2,0,1,1442770.00,1025.0000,0.0000,245000.0,1201000.0,1.000,4194304.0,0.000,0,0,4194304,1,0,0,0,1,1
1,single,f32,1048576,glibc_t2,FIXED_TWIN,2,1,1,1418510.00,1025.0000,0.0000,205000.0,1215000.0,1.000,4194304.0,0.000,0,0,4194304,1,0,0,0,1,1
1,single,f32,1048576,glibc_t2,FIXED_TWIN,3,0,1,1407079.00,1025.0000,0.0000,1307000.0,103000.0,1.000,4194304.0,0.000,0,0,4194304,1,0,0,0,1,1
1,single,f32,1048576,glibc_t2,P5,3,1,1,1469356.00,1025.0000,0.0000,1352000.0,119000.0,1.000,4194304.0,0.000,0,0,4194304,1,0,0,0,1,1
1,single,f32,1048576,glibc_t2,P5,4,0,1,1422802.00,1025.0000,0.0000,1321000.0,106000.0,1.000,4194304.0,0.000,0,0,4194304,1,0,0,0,1,1
1,single,f32,1048576,glibc_t2,FIXED_TWIN,4,1,1,1459982.00,1025.0000,0.0000,0.0,1462000.0,1.000,4194304.0,0.000,0,0,4194304,1,0,0,0,1,1
1,single,f32,1048576,glibc_t2,FIXED_TWIN,5,0,1,1461855.00,1025.0000,0.0000,0.0,1464000.0,1.000,4194304.0,0.000,0,0,4194304,1,0,0,0,1,1
1,single,f32,1048576,glibc_t2,P5,5,1,1,1453525.00,1025.0000,0.0000,0.0,1456000.0,1.000,4194304.0,0.000,0,0,4194304,1,0,0,0,1,1
1,single,f32,1048576,glibc_t2,P5,6,0,1,1470903.00,1025.0000,0.0000,1473000.0,0.0,1.000,4194304.0,0.000,0,0,4194304,1,0,0,0,1,1
1,single,f32,1048576,glibc_t2,FIXED_TWIN,6,1,1,1409115.00,1025.0000,0.0000,916000.0,496000.0,1.000,4194304.0,0.000,0,0,4194304,1,0,0,0,1,1
1,single,f32,1048576,glibc_t2,FIXED_TWIN,7,0,1,1407114.00,1025.0000,0.0000,204000.0,1206000.0,1.000,4194304.0,0.000,0,0,4194304,1,0,0,0,1,1
1,single,f32,1048576,glibc_t2,P5,7,1,1,1444847.00,1025.0000,0.0000,242000.0,1204000.0,1.000,4194304.0,0.000,0,0,4194304,1,0,0,0,1,1
1,single,f32,1048576,glibc_t2,P5,8,0,1,1409084.00,1025.0000,0.0000,188000.0,1223000.0,1.000,4194304.0,0.000,0,0,4194304,1,0,0,0,1,1
1,single,f32,1048576,glibc_t2,FIXED_TWIN,8,1,1,1397354.00,1025.0000,0.0000,225000.0,1175000.0,1.000,4194304.0,0.000,0,0,4194304,1,0,0,0,1,1
1,single,f32,1048576,glibc_t2,FIXED_TWIN,9,0,1,1445219.00,1025.0000,0.0000,1275000.0,173000.0,1.000,4194304.0,0.000,0,0,4194304,1,0,0,0,1,1
1,single,f32,1048576,glibc_t2,P5,9,1,1,1412914.00,1025.0000,0.0000,1306000.0,110000.0,1.000,4194304.0,0.000,0,0,4194304,1,0,0,0,1,1
1,single,f32,1048576,glibc_t2,P5,10,0,1,1489822.00,1025.0000,0.0000,1494000.0,0.0,1.000,4194304.0,0.000,0,0,4194304,1,0,0,0,1,1
1,single,f32,1048576,glibc_t2,FIXED_TWIN,10,1,1,1439111.00,1025.0000,0.0000,0.0,1441000.0,1.000,4194304.0,0.000,0,0,4194304,1,0,0,0,1,1
1,single,f32,1048576,glibc_t2,FIXED_TWIN,11,0,1,1447264.00,1025.0000,0.0000,0.0,1449000.0,1.000,4194304.0,0.000,0,0,4194304,1,0,0,0,1,1
1,single,f32,1048576,glibc_t2,P5,11,1,1,1477655.00,1025.0000,0.0000,1480000.0,0.0,1.000,4194304.0,0.000,0,0,4194304,1,0,0,0,1,1
1,single,f32,1048576,glibc_t2,P5,12,0,1,1432871.00,1025.0000,0.0000,874000.0,562000.0,1.000,4194304.0,0.000,0,0,4194304,1,0,0,0,1,1
1,single,f32,1048576,glibc_t2,FIXED_TWIN,12,1,1,1395245.00,1025.0000,0.0000,177000.0,1221000.0,1.000,4194304.0,0.000,0,0,4194304,1,0,0,0,1,1
1,single,f32,1048576,glibc_t2,FIXED_TWIN,13,0,1,1393690.00,1025.0000,0.0000,156000.0,1239000.0,1.000,4194304.0,0.000,0,0,4194304,1,0,0,0,1,1
1,single,f32,1048576,glibc_t2,P5,13,1,1,1410858.00,1025.0000,0.0000,1294000.0,118000.0,1.000,4194304.0,0.000,0,0,4194304,1,0,0,0,1,1
1,single,f32,1048576,glibc_t2,P5,14,0,1,1398038.00,1025.0000,0.0000,160000.0,1241000.0,1.000,4194304.0,0.000,0,0,4194304,1,0,0,0,1,1
1,single,f32,1048576,glibc_t2,FIXED_TWIN,14,1,1,1418549.00,1025.0000,0.0000,211000.0,1210000.0,1.000,4194304.0,0.000,0,0,4194304,1,0,0,0,1,1
1,single,f32,4194304,glibc_t2,P5,0,0,1,7505709.00,4097.0000,0.0000,0.0,7511000.0,1.000,16777216.0,0.000,0,0,16777216,1,0,0,0,1,1
1,single,f32,4194304,glibc_t2,FIXED_TWIN,0,1,1,7809904.00,4097.0000,0.0000,0.0,7801000.0,1.000,16777216.0,0.000,0,0,16777216,1,0,0,0,1,1
1,single,f32,4194304,glibc_t2,FIXED_TWIN,1,0,1,7576335.00,4097.0000,0.0000,3778000.0,3803000.0,1.000,16777216.0,0.000,0,0,16777216,1,0,0,0,1,1
1,single,f32,4194304,glibc_t2,P5,1,1,1,7469059.00,4097.0000,0.0000,3723000.0,3750000.0,1.000,16777216.0,0.000,0,0,16777216,1,0,0,0,1,1
1,single,f32,4194304,glibc_t2,P5,2,0,1,7256975.00,4097.0000,0.0000,3614000.0,3646000.0,1.000,16777216.0,0.000,0,0,16777216,1,0,0,0,1,1
1,single,f32,4194304,glibc_t2,FIXED_TWIN,2,1,1,7367122.00,4097.0000,0.0000,3668000.0,3701000.0,1.000,16777216.0,0.000,0,0,16777216,1,0,0,0,1,1
1,single,f32,4194304,glibc_t2,FIXED_TWIN,3,0,1,7541372.00,4097.0000,0.0000,0.0,7545000.0,1.000,16777216.0,0.000,0,0,16777216,1,0,0,0,1,1
1,single,f32,4194304,glibc_t2,P5,3,1,1,7652307.00,4097.0000,0.0000,1881000.0,5774000.0,1.000,16777216.0,0.000,0,0,16777216,1,0,0,0,1,1
1,single,f32,4194304,glibc_t2,P5,4,0,1,8086344.00,4097.0000,0.0000,4047000.0,4045000.0,1.000,16777216.0,0.000,0,0,16777216,1,0,0,0,1,1
1,single,f32,4194304,glibc_t2,FIXED_TWIN,4,1,1,7532551.00,4097.0000,0.0000,3763000.0,3773000.0,1.000,16777216.0,0.000,0,0,16777216,1,0,0,0,1,1
1,single,f32,4194304,glibc_t2,FIXED_TWIN,5,0,1,7523705.00,4097.0000,0.0000,0.0,7487000.0,1.000,16777216.0,0.000,0,0,16777216,1,0,0,0,1,1
1,single,f32,4194304,glibc_t2,P5,5,1,1,7559487.00,4097.0000,0.0000,3778000.0,3786000.0,1.000,16777216.0,0.000,0,0,16777216,1,0,0,0,1,1
1,single,f32,4194304,glibc_t2,P5,6,0,1,8174550.00,4097.0000,0.0000,87000.0,8092000.0,1.000,16777216.0,0.000,0,0,16777216,1,0,0,0,1,1
1,single,f32,4194304,glibc_t2,FIXED_TWIN,6,1,1,7781220.00,4097.0000,0.0000,637000.0,7149000.0,1.000,16777216.0,0.000,0,0,16777216,1,0,0,0,1,1
1,single,f32,4194304,glibc_t2,FIXED_TWIN,7,0,1,7837814.00,4097.0000,0.0000,0.0,7844000.0,1.000,16777216.0,0.000,0,0,16777216,1,0,0,0,1,1
1,single,f32,4194304,glibc_t2,P5,7,1,1,7495735.00,4097.0000,0.0000,0.0,7500000.0,1.000,16777216.0,0.000,0,0,16777216,1,0,0,0,1,1
1,single,f32,4194304,glibc_t2,P5,8,0,1,7256323.00,4097.0000,0.0000,3635000.0,3624000.0,1.000,16777216.0,0.000,0,0,16777216,1,0,0,0,1,1
1,single,f32,4194304,glibc_t2,FIXED_TWIN,8,1,1,7242672.00,4097.0000,0.0000,0.0,7246000.0,1.000,16777216.0,0.000,0,0,16777216,1,0,0,0,1,1
1,single,f32,4194304,glibc_t2,FIXED_TWIN,9,0,1,7429868.00,4097.0000,0.0000,7433000.0,0.0,1.000,16777216.0,0.000,0,0,16777216,1,0,0,0,1,1
1,single,f32,4194304,glibc_t2,P5,9,1,1,7823642.00,4097.0000,0.0000,3916000.0,3914000.0,1.000,16777216.0,0.000,0,0,16777216,1,0,0,0,1,1
1,single,f32,4194304,glibc_t2,P5,10,0,1,7642806.00,4097.0000,0.0000,7669000.0,0.0,1.000,16777216.0,0.000,0,0,16777216,1,0,0,0,1,1
1,single,f32,4194304,glibc_t2,FIXED_TWIN,10,1,1,7630465.00,4097.0000,0.0000,0.0,7635000.0,1.000,16777216.0,0.000,0,0,16777216,1,0,0,0,1,1
1,single,f32,4194304,glibc_t2,FIXED_TWIN,11,0,1,7420079.00,4097.0000,0.0000,3717000.0,3707000.0,1.000,16777216.0,0.000,0,0,16777216,1,0,0,0,1,1
1,single,f32,4194304,glibc_t2,P5,11,1,1,7220523.00,4097.0000,0.0000,1570000.0,5654000.0,1.000,16777216.0,0.000,0,0,16777216,1,0,0,0,1,1
1,single,f32,4194304,glibc_t2,P5,12,0,1,7275954.00,4097.0000,0.0000,3649000.0,3629000.0,1.000,16777216.0,0.000,0,0,16777216,1,0,0,0,1,1
1,single,f32,4194304,glibc_t2,FIXED_TWIN,12,1,1,7692711.00,4097.0000,0.0000,3852000.0,3844000.0,1.000,16777216.0,0.000,0,0,16777216,1,0,0,0,1,1
1,single,f32,4194304,glibc_t2,FIXED_TWIN,13,0,1,7486016.00,4097.0000,0.0000,0.0,7489000.0,1.000,16777216.0,0.000,0,0,16777216,1,0,0,0,1,1
1,single,f32,4194304,glibc_t2,P5,13,1,1,7483951.00,4097.0000,0.0000,0.0,7487000.0,1.000,16777216.0,0.000,0,0,16777216,1,0,0,0,1,1
1,single,f32,4194304,glibc_t2,P5,14,0,1,7465745.00,4097.0000,0.0000,1661000.0,5808000.0,1.000,16777216.0,0.000,0,0,16777216,1,0,0,0,1,1
1,single,f32,4194304,glibc_t2,FIXED_TWIN,14,1,1,7549128.00,4097.0000,0.0000,3794000.0,3779000.0,1.000,16777216.0,0.000,0,0,16777216,1,0,0,0,1,1
1,single,f32,16777216,glibc_t2,P5,0,0,1,36445260.00,16385.0000,0.0000,10410000.0,26040000.0,1.000,67108864.0,0.000,0,0,67108864,1,0,0,0,1,1
1,single,f32,16777216,glibc_t2,FIXED_TWIN,0,1,1,37187570.00,16385.0000,0.0000,16538000.0,20656000.0,1.000,67108864.0,0.000,0,0,67108864,1,0,0,0,1,1
1,single,f32,16777216,glibc_t2,FIXED_TWIN,1,0,1,36850277.00,16385.0000,0.0000,12388000.0,24468000.0,1.000,67108864.0,0.000,0,0,67108864,1,0,0,0,1,1
1,single,f32,16777216,glibc_t2,P5,1,1,1,36986743.00,16385.0000,0.0000,12457000.0,24535000.0,1.000,67108864.0,0.000,0,0,67108864,1,0,0,0,1,1
1,single,f32,16777216,glibc_t2,P5,2,0,1,37116072.00,16385.0000,0.0000,12509000.0,24613000.0,1.000,67108864.0,0.000,0,0,67108864,1,0,0,0,1,1
1,single,f32,16777216,glibc_t2,FIXED_TWIN,2,1,1,36399925.00,16385.0000,0.0000,22355000.0,14049000.0,1.000,67108864.0,0.000,0,0,67108864,1,0,0,0,1,1
1,single,f32,16777216,glibc_t2,FIXED_TWIN,3,0,1,36655801.00,16385.0000,0.0000,20307000.0,16354000.0,1.000,67108864.0,0.000,0,0,67108864,1,0,0,0,1,1
1,single,f32,16777216,glibc_t2,P5,3,1,1,36542678.00,16385.0000,0.0000,12254000.0,24295000.0,1.000,67108864.0,0.000,0,0,67108864,1,0,0,0,1,1
1,single,f32,16777216,glibc_t2,P5,4,0,1,36493376.00,16385.0000,0.0000,12200000.0,24235000.0,1.000,67108864.0,0.000,0,0,67108864,1,0,0,0,1,1
1,single,f32,16777216,glibc_t2,FIXED_TWIN,4,1,1,36956914.00,16385.0000,0.0000,12441000.0,24522000.0,1.000,67108864.0,0.000,0,0,67108864,1,0,0,0,1,1
1,single,f32,16777216,glibc_t2,FIXED_TWIN,5,0,1,36678370.00,16385.0000,0.0000,8314000.0,28370000.0,1.000,67108864.0,0.000,0,0,67108864,1,0,0,0,1,1
1,single,f32,16777216,glibc_t2,P5,5,1,1,37629882.00,16385.0000,0.0000,4740000.0,32897000.0,1.000,67108864.0,0.000,0,0,67108864,1,0,0,0,1,1
1,single,f32,16777216,glibc_t2,P5,6,0,1,37332623.00,16385.0000,0.0000,20609000.0,16729000.0,1.000,67108864.0,0.000,0,0,67108864,1,0,0,0,1,1
1,single,f32,16777216,glibc_t2,FIXED_TWIN,6,1,1,36982088.00,16385.0000,0.0000,4447000.0,32540000.0,1.000,67108864.0,0.000,0,0,67108864,1,0,0,0,1,1
1,single,f32,16777216,glibc_t2,FIXED_TWIN,7,0,1,36826306.00,16385.0000,0.0000,12376000.0,24456000.0,1.000,67108864.0,0.000,0,0,67108864,1,0,0,0,1,1
1,single,f32,16777216,glibc_t2,P5,7,1,1,36780915.00,16385.0000,0.0000,12360000.0,24426000.0,1.000,67108864.0,0.000,0,0,67108864,1,0,0,0,1,1
1,single,f32,16777216,glibc_t2,P5,8,0,1,36816103.00,16385.0000,0.0000,16376000.0,20446000.0,1.000,67108864.0,0.000,0,0,67108864,1,0,0,0,1,1
1,single,f32,16777216,glibc_t2,FIXED_TWIN,8,1,1,36841257.00,16385.0000,0.0000,12387000.0,24461000.0,1.000,67108864.0,0.000,0,0,67108864,1,0,0,0,1,1
1,single,f32,16777216,glibc_t2,FIXED_TWIN,9,0,1,37200326.00,16385.0000,0.0000,10732000.0,26473000.0,1.000,67108864.0,0.000,0,0,67108864,1,0,0,0,1,1
1,single,f32,16777216,glibc_t2,P5,9,1,1,37038521.00,16385.0000,0.0000,16413000.0,20572000.0,1.000,67108864.0,0.000,0,0,67108864,1,0,0,0,1,1
1,single,f32,16777216,glibc_t2,P5,10,0,1,37435493.00,16385.0000,0.0000,8650000.0,28792000.0,1.000,67108864.0,0.000,0,0,67108864,1,0,0,0,1,1
1,single,f32,16777216,glibc_t2,FIXED_TWIN,10,1,1,39388386.00,16385.0000,0.0000,7631000.0,31764000.0,1.000,67108864.0,0.000,0,0,67108864,1,0,0,0,1,1
1,single,f32,16777216,glibc_t2,FIXED_TWIN,11,0,1,37308659.00,16385.0000,0.0000,10790000.0,26447000.0,1.000,67108864.0,0.000,0,0,67108864,1,0,0,0,1,1
1,single,f32,16777216,glibc_t2,P5,11,1,1,37537069.00,16385.0000,0.0000,8693000.0,28850000.0,1.000,67108864.0,0.000,0,0,67108864,1,0,0,0,1,1
1,single,f32,16777216,glibc_t2,P5,12,0,1,37388223.00,16385.0000,0.0000,6836000.0,30560000.0,1.000,67108864.0,0.000,0,0,67108864,1,0,0,0,1,1
1,single,f32,16777216,glibc_t2,FIXED_TWIN,12,1,1,36769868.00,16385.0000,0.0000,8346000.0,28428000.0,1.000,67108864.0,0.000,0,0,67108864,1,0,0,0,1,1
1,single,f32,16777216,glibc_t2,FIXED_TWIN,13,0,1,37962191.00,16385.0000,0.0000,19119000.0,18850000.0,1.000,67108864.0,0.000,0,0,67108864,1,0,0,0,1,1
1,single,f32,16777216,glibc_t2,P5,13,1,1,37531365.00,16385.0000,0.0000,12678000.0,24858000.0,1.000,67108864.0,0.000,0,0,67108864,1,0,0,0,1,1
1,single,f32,16777216,glibc_t2,P5,14,0,1,37981250.00,16385.0000,0.0000,883000.0,37104000.0,1.000,67108864.0,0.000,0,0,67108864,1,0,0,0,1,1
1,single,f32,16777216,glibc_t2,FIXED_TWIN,14,1,1,37157927.00,16385.0000,0.0000,12519000.0,24503000.0,1.000,67108864.0,0.000,0,0,67108864,1,0,0,0,1,1
1,final_left,f32,64,glibc_t2,P5,0,0,1000,285.98,0.0000,0.0000,129.0,160.0,2.000,512.0,0.000,0,0,256256,2,0,0,0,1,1
1,final_left,f32,64,glibc_t2,P6,0,1,1000,286.27,0.0000,0.0000,128.0,159.0,1.000,256.0,0.000,0,0,256000,1,1,0,0,1,1
1,final_left,f32,64,glibc_t2,P7,0,2,1000,246.04,0.0000,0.0000,110.0,137.0,1.000,256.0,0.000,0,0,256000,1,0,1,0,1,1
1,final_left,f32,64,glibc_t2,FIXED_TWIN,0,3,1000,251.35,0.0000,0.0000,113.0,139.0,1.000,256.0,0.000,0,0,256000,1,0,1,0,1,1
1,final_left,f32,64,glibc_t2,P6,1,0,1000,293.48,0.0000,0.0000,294.0,0.0,1.000,256.0,0.000,0,0,256000,1,1,0,0,1,1
1,final_left,f32,64,glibc_t2,P7,1,1,1000,244.81,0.0000,0.0000,245.0,0.0,1.000,256.0,0.000,0,0,256000,1,0,1,0,1,1
1,final_left,f32,64,glibc_t2,FIXED_TWIN,1,2,1000,254.29,0.0000,0.0000,255.0,0.0,1.000,256.0,0.000,0,0,256000,1,0,1,0,1,1
1,final_left,f32,64,glibc_t2,P5,1,3,1000,302.61,0.0000,0.0000,304.0,0.0,2.000,512.0,0.000,0,0,256256,2,0,0,0,1,1
1,final_left,f32,64,glibc_t2,P7,2,0,1000,248.09,0.0000,0.0000,249.0,0.0,1.000,256.0,0.000,0,0,256000,1,0,1,0,1,1
1,final_left,f32,64,glibc_t2,FIXED_TWIN,2,1,1000,246.66,0.0000,0.0000,241.0,7.0,1.000,256.0,0.000,0,0,256000,1,0,1,0,1,1
1,final_left,f32,64,glibc_t2,P5,2,2,1000,304.15,0.0000,0.0000,305.0,0.0,2.000,512.0,0.000,0,0,256256,2,0,0,0,1,1
1,final_left,f32,64,glibc_t2,P6,2,3,1000,273.68,0.0000,0.0000,274.0,0.0,1.000,256.0,0.000,0,0,256000,1,1,0,0,1,1
1,final_left,f32,64,glibc_t2,FIXED_TWIN,3,0,1000,256.24,0.0000,0.0000,257.0,0.0,1.000,256.0,0.000,0,0,256000,1,0,1,0,1,1
1,final_left,f32,64,glibc_t2,P5,3,1,1000,310.45,0.0000,0.0000,311.0,0.0,2.000,512.0,0.000,0,0,256256,2,0,0,0,1,1
1,final_left,f32,64,glibc_t2,P6,3,2,1000,273.11,0.0000,0.0000,274.0,0.0,1.000,256.0,0.000,0,0,256000,1,1,0,0,1,1
1,final_left,f32,64,glibc_t2,P7,3,3,1000,242.94,0.0000,0.0000,147.0,97.0,1.000,256.0,0.000,0,0,256000,1,0,1,0,1,1
1,final_left,f32,64,glibc_t2,P5,4,0,1000,288.91,0.0000,0.0000,290.0,0.0,2.000,512.0,0.000,0,0,256256,2,0,0,0,1,1
1,final_left,f32,64,glibc_t2,P6,4,1,1000,279.64,0.0000,0.0000,280.0,0.0,1.000,256.0,0.000,0,0,256000,1,1,0,0,1,1
1,final_left,f32,64,glibc_t2,P7,4,2,1000,244.31,0.0000,0.0000,245.0,0.0,1.000,256.0,0.000,0,0,256000,1,0,1,0,1,1
1,final_left,f32,64,glibc_t2,FIXED_TWIN,4,3,1000,256.42,0.0000,0.0000,257.0,0.0,1.000,256.0,0.000,0,0,256000,1,0,1,0,1,1
1,final_left,f32,64,glibc_t2,P6,5,0,1000,288.90,0.0000,0.0000,290.0,0.0,1.000,256.0,0.000,0,0,256000,1,1,0,0,1,1
1,final_left,f32,64,glibc_t2,P7,5,1,1000,254.33,0.0000,0.0000,220.0,34.0,1.000,256.0,0.000,0,0,256000,1,0,1,0,1,1
1,final_left,f32,64,glibc_t2,FIXED_TWIN,5,2,1000,253.91,0.0000,0.0000,254.0,0.0,1.000,256.0,0.000,0,0,256000,1,0,1,0,1,1
1,final_left,f32,64,glibc_t2,P5,5,3,1000,299.96,0.0000,0.0000,301.0,0.0,2.000,512.0,0.000,0,0,256256,2,0,0,0,1,1
1,final_left,f32,64,glibc_t2,P7,6,0,1000,246.90,0.0000,0.0000,248.0,0.0,1.000,256.0,0.000,0,0,256000,1,0,1,0,1,1
1,final_left,f32,64,glibc_t2,FIXED_TWIN,6,1,1000,253.17,0.0000,0.0000,254.0,0.0,1.000,256.0,0.000,0,0,256000,1,0,1,0,1,1
1,final_left,f32,64,glibc_t2,P5,6,2,1000,298.64,0.0000,0.0000,299.0,0.0,2.000,512.0,0.000,0,0,256256,2,0,0,0,1,1
1,final_left,f32,64,glibc_t2,P6,6,3,1000,267.98,0.0000,0.0000,223.0,46.0,1.000,256.0,0.000,0,0,256000,1,1,0,0,1,1
1,final_left,f32,64,glibc_t2,FIXED_TWIN,7,0,1000,247.11,0.0000,0.0000,247.0,0.0,1.000,256.0,0.000,0,0,256000,1,0,1,0,1,1
1,final_left,f32,64,glibc_t2,P5,7,1,1000,303.66,0.0000,0.0000,304.0,0.0,2.000,512.0,0.000,0,0,256256,2,0,0,0,1,1
1,final_left,f32,64,glibc_t2,P6,7,2,1000,262.82,0.0000,0.0000,263.0,0.0,1.000,256.0,0.000,0,0,256000,1,1,0,0,1,1
1,final_left,f32,64,glibc_t2,P7,7,3,1000,244.92,0.0000,0.0000,245.0,0.0,1.000,256.0,0.000,0,0,256000,1,0,1,0,1,1
1,final_left,f32,64,glibc_t2,P5,8,0,1000,303.59,0.0000,0.0000,304.0,0.0,2.000,512.0,0.000,0,0,256256,2,0,0,0,1,1
1,final_left,f32,64,glibc_t2,P6,8,1,1000,286.43,0.0000,0.0000,287.0,0.0,1.000,256.0,0.000,0,0,256000,1,1,0,0,1,1
1,final_left,f32,64,glibc_t2,P7,8,2,1000,256.47,0.0000,0.0000,257.0,0.0,1.000,256.0,0.000,0,0,256000,1,0,1,0,1,1
1,final_left,f32,64,glibc_t2,FIXED_TWIN,8,3,1000,271.44,0.0000,0.0000,272.0,0.0,1.000,256.0,0.000,0,0,256000,1,0,1,0,1,1
1,final_left,f32,64,glibc_t2,P6,9,0,1000,265.96,0.0000,0.0000,266.0,0.0,1.000,256.0,0.000,0,0,256000,1,1,0,0,1,1
1,final_left,f32,64,glibc_t2,P7,9,1,1000,247.09,0.0000,0.0000,247.0,0.0,1.000,256.0,0.000,0,0,256000,1,0,1,0,1,1
1,final_left,f32,64,glibc_t2,FIXED_TWIN,9,2,1000,275.78,0.0000,0.0000,277.0,0.0,1.000,256.0,0.000,0,0,256000,1,0,1,0,1,1
1,final_left,f32,64,glibc_t2,P5,9,3,1000,305.32,0.0000,0.0000,306.0,0.0,2.000,512.0,0.000,0,0,256256,2,0,0,0,1,1
1,final_left,f32,64,glibc_t2,P7,10,0,1000,249.21,0.0000,0.0000,249.0,0.0,1.000,256.0,0.000,0,0,256000,1,0,1,0,1,1
1,final_left,f32,64,glibc_t2,FIXED_TWIN,10,1,1000,272.88,0.0000,0.0000,274.0,0.0,1.000,256.0,0.000,0,0,256000,1,0,1,0,1,1
1,final_left,f32,64,glibc_t2,P5,10,2,1000,284.35,0.0000,0.0000,285.0,0.0,2.000,512.0,0.000,0,0,256256,2,0,0,0,1,1
1,final_left,f32,64,glibc_t2,P6,10,3,1000,268.03,0.0000,0.0000,269.0,0.0,1.000,256.0,0.000,0,0,256000,1,1,0,0,1,1
1,final_left,f32,64,glibc_t2,FIXED_TWIN,11,0,1000,265.75,0.0000,0.0000,266.0,0.0,1.000,256.0,0.000,0,0,256000,1,0,1,0,1,1
1,final_left,f32,64,glibc_t2,P5,11,1,1000,321.75,0.0000,0.0000,323.0,0.0,2.000,512.0,0.000,0,0,256256,2,0,0,0,1,1
1,final_left,f32,64,glibc_t2,P6,11,2,1000,263.02,0.0000,0.0000,264.0,0.0,1.000,256.0,0.000,0,0,256000,1,1,0,0,1,1
1,final_left,f32,64,glibc_t2,P7,11,3,1000,252.34,0.0000,0.0000,253.0,0.0,1.000,256.0,0.000,0,0,256000,1,0,1,0,1,1
1,final_left,f32,64,glibc_t2,P5,12,0,1000,299.94,0.0000,0.0000,301.0,0.0,2.000,512.0,0.000,0,0,256256,2,0,0,0,1,1
1,final_left,f32,64,glibc_t2,P6,12,1,1000,272.10,0.0000,0.0000,272.0,0.0,1.000,256.0,0.000,0,0,256000,1,1,0,0,1,1
1,final_left,f32,64,glibc_t2,P7,12,2,1000,253.64,0.0000,0.0000,254.0,0.0,1.000,256.0,0.000,0,0,256000,1,0,1,0,1,1
1,final_left,f32,64,glibc_t2,FIXED_TWIN,12,3,1000,274.04,0.0000,0.0000,275.0,0.0,1.000,256.0,0.000,0,0,256000,1,0,1,0,1,1
1,final_left,f32,64,glibc_t2,P6,13,0,1000,268.00,0.0000,0.0000,269.0,0.0,1.000,256.0,0.000,0,0,256000,1,1,0,0,1,1
1,final_left,f32,64,glibc_t2,P7,13,1,1000,245.54,0.0000,0.0000,246.0,0.0,1.000,256.0,0.000,0,0,256000,1,0,1,0,1,1
1,final_left,f32,64,glibc_t2,FIXED_TWIN,13,2,1000,270.48,0.0000,0.0000,271.0,0.0,1.000,256.0,0.000,0,0,256000,1,0,1,0,1,1
1,final_left,f32,64,glibc_t2,P5,13,3,1000,286.97,0.0000,0.0000,287.0,0.0,2.000,512.0,0.000,0,0,256256,2,0,0,0,1,1
1,final_left,f32,64,glibc_t2,P7,14,0,1000,255.32,0.0000,0.0000,256.0,0.0,1.000,256.0,0.000,0,0,256000,1,0,1,0,1,1
1,final_left,f32,64,glibc_t2,FIXED_TWIN,14,1,1000,272.91,0.0000,0.0000,273.0,0.0,1.000,256.0,0.000,0,0,256000,1,0,1,0,1,1
1,final_left,f32,64,glibc_t2,P5,14,2,1000,281.00,0.0000,0.0000,281.0,0.0,2.000,512.0,0.000,0,0,256256,2,0,0,0,1,1
1,final_left,f32,64,glibc_t2,P6,14,3,1000,270.04,0.0000,0.0000,271.0,0.0,1.000,256.0,0.000,0,0,256000,1,1,0,0,1,1
1,final_left,f32,1024,glibc_t2,P5,0,0,1000,561.11,0.0000,0.0000,566.0,0.0,2.000,8192.0,0.000,0,0,4100096,2,0,0,0,1,1
1,final_left,f32,1024,glibc_t2,P6,0,1,1000,567.20,0.0000,0.0000,569.0,0.0,1.000,4096.0,0.000,0,0,4096000,1,1,0,0,1,1
1,final_left,f32,1024,glibc_t2,P7,0,2,1000,438.54,0.0000,0.0000,440.0,0.0,1.000,4096.0,0.000,0,0,4096000,1,0,1,0,1,1
1,final_left,f32,1024,glibc_t2,FIXED_TWIN,0,3,1000,430.73,0.0000,0.0000,432.0,0.0,1.000,4096.0,0.000,0,0,4096000,1,0,1,0,1,1
1,final_left,f32,1024,glibc_t2,P6,1,0,1000,524.30,0.0000,0.0000,526.0,0.0,1.000,4096.0,0.000,0,0,4096000,1,1,0,0,1,1
1,final_left,f32,1024,glibc_t2,P7,1,1,1000,405.07,0.0000,0.0000,407.0,0.0,1.000,4096.0,0.000,0,0,4096000,1,0,1,0,1,1
1,final_left,f32,1024,glibc_t2,FIXED_TWIN,1,2,1000,410.78,0.0000,0.0000,412.0,0.0,1.000,4096.0,0.000,0,0,4096000,1,0,1,0,1,1
1,final_left,f32,1024,glibc_t2,P5,1,3,1000,543.07,0.0000,0.0000,545.0,0.0,2.000,8192.0,0.000,0,0,4100096,2,0,0,0,1,1
1,final_left,f32,1024,glibc_t2,P7,2,0,1000,421.96,0.0000,0.0000,424.0,0.0,1.000,4096.0,0.000,0,0,4096000,1,0,1,0,1,1
1,final_left,f32,1024,glibc_t2,FIXED_TWIN,2,1,1000,430.80,0.0000,0.0000,433.0,0.0,1.000,4096.0,0.000,0,0,4096000,1,0,1,0,1,1
1,final_left,f32,1024,glibc_t2,P5,2,2,1000,549.08,0.0000,0.0000,550.0,0.0,2.000,8192.0,0.000,0,0,4100096,2,0,0,0,1,1
1,final_left,f32,1024,glibc_t2,P6,2,3,1000,544.48,0.0000,0.0000,361.0,184.0,1.000,4096.0,0.000,0,0,4096000,1,1,0,0,1,1
1,final_left,f32,1024,glibc_t2,FIXED_TWIN,3,0,1000,403.79,0.0000,0.0000,406.0,0.0,1.000,4096.0,0.000,0,0,4096000,1,0,1,0,1,1
1,final_left,f32,1024,glibc_t2,P5,3,1,1000,544.01,0.0000,0.0000,560.0,0.0,2.000,8192.0,0.000,0,0,4100096,2,0,0,0,1,1
1,final_left,f32,1024,glibc_t2,P6,3,2,1000,554.81,0.0000,0.0000,556.0,0.0,1.000,4096.0,0.000,0,0,4096000,1,1,0,0,1,1
1,final_left,f32,1024,glibc_t2,P7,3,3,1000,430.33,0.0000,0.0000,432.0,0.0,1.000,4096.0,0.000,0,0,4096000,1,0,1,0,1,1
1,final_left,f32,1024,glibc_t2,P5,4,0,1000,535.44,0.0000,0.0000,537.0,0.0,2.000,8192.0,0.000,0,0,4100096,2,0,0,0,1,1
1,final_left,f32,1024,glibc_t2,P6,4,1,1000,507.44,0.0000,0.0000,509.0,0.0,1.000,4096.0,0.000,0,0,4096000,1,1,0,0,1,1
1,final_left,f32,1024,glibc_t2,P7,4,2,1000,409.25,0.0000,0.0000,411.0,0.0,1.000,4096.0,0.000,0,0,4096000,1,0,1,0,1,1
1,final_left,f32,1024,glibc_t2,FIXED_TWIN,4,3,1000,403.39,0.0000,0.0000,405.0,0.0,1.000,4096.0,0.000,0,0,4096000,1,0,1,0,1,1
1,final_left,f32,1024,glibc_t2,P6,5,0,1000,548.68,0.0000,0.0000,550.0,0.0,1.000,4096.0,0.000,0,0,4096000,1,1,0,0,1,1
1,final_left,f32,1024,glibc_t2,P7,5,1,1000,432.59,0.0000,0.0000,434.0,0.0,1.000,4096.0,0.000,0,0,4096000,1,0,1,0,1,1
1,final_left,f32,1024,glibc_t2,FIXED_TWIN,5,2,1000,431.27,0.0000,0.0000,433.0,0.0,1.000,4096.0,0.000,0,0,4096000,1,0,1,0,1,1
1,final_left,f32,1024,glibc_t2,P5,5,3,1000,526.05,0.0000,0.0000,527.0,0.0,2.000,8192.0,0.000,0,0,4100096,2,0,0,0,1,1
1,final_left,f32,1024,glibc_t2,P7,6,0,1000,408.03,0.0000,0.0000,408.0,3.0,1.000,4096.0,0.000,0,0,4096000,1,0,1,0,1,1
1,final_left,f32,1024,glibc_t2,FIXED_TWIN,6,1,1000,427.41,0.0000,0.0000,429.0,0.0,1.000,4096.0,0.000,0,0,4096000,1,0,1,0,1,1
1,final_left,f32,1024,glibc_t2,P5,6,2,1000,589.84,0.0000,0.0000,591.0,0.0,2.000,8192.0,0.000,0,0,4100096,2,0,0,0,1,1
1,final_left,f32,1024,glibc_t2,P6,6,3,1000,559.13,0.0000,0.0000,560.0,0.0,1.000,4096.0,0.000,0,0,4096000,1,1,0,0,1,1
1,final_left,f32,1024,glibc_t2,FIXED_TWIN,7,0,1000,414.90,0.0000,0.0000,417.0,0.0,1.000,4096.0,0.000,0,0,4096000,1,0,1,0,1,1
1,final_left,f32,1024,glibc_t2,P5,7,1,1000,516.33,0.0000,0.0000,518.0,0.0,2.000,8192.0,0.000,0,0,4100096,2,0,0,0,1,1
1,final_left,f32,1024,glibc_t2,P6,7,2,1000,538.45,0.0000,0.0000,540.0,0.0,1.000,4096.0,0.000,0,0,4096000,1,1,0,0,1,1
1,final_left,f32,1024,glibc_t2,P7,7,3,1000,428.61,0.0000,0.0000,430.0,0.0,1.000,4096.0,0.000,0,0,4096000,1,0,1,0,1,1
1,final_left,f32,1024,glibc_t2,P5,8,0,1000,551.68,0.0000,0.0000,554.0,0.0,2.000,8192.0,0.000,0,0,4100096,2,0,0,0,1,1
1,final_left,f32,1024,glibc_t2,P6,8,1,1000,517.57,0.0000,0.0000,515.0,5.0,1.000,4096.0,0.000,0,0,4096000,1,1,0,0,1,1
1,final_left,f32,1024,glibc_t2,P7,8,2,1000,432.08,0.0000,0.0000,434.0,0.0,1.000,4096.0,0.000,0,0,4096000,1,0,1,0,1,1
1,final_left,f32,1024,glibc_t2,FIXED_TWIN,8,3,1000,464.46,0.0000,0.0000,467.0,0.0,1.000,4096.0,0.000,0,0,4096000,1,0,1,0,1,1
1,final_left,f32,1024,glibc_t2,P6,9,0,1000,572.25,0.0000,0.0000,575.0,0.0,1.000,4096.0,0.000,0,0,4096000,1,1,0,0,1,1
1,final_left,f32,1024,glibc_t2,P7,9,1,1000,436.73,0.0000,0.0000,438.0,0.0,1.000,4096.0,0.000,0,0,4096000,1,0,1,0,1,1
1,final_left,f32,1024,glibc_t2,FIXED_TWIN,9,2,1000,431.99,0.0000,0.0000,434.0,0.0,1.000,4096.0,0.000,0,0,4096000,1,0,1,0,1,1
1,final_left,f32,1024,glibc_t2,P5,9,3,1000,527.93,0.0000,0.0000,529.0,0.0,2.000,8192.0,0.000,0,0,4100096,2,0,0,0,1,1
1,final_left,f32,1024,glibc_t2,P7,10,0,1000,402.21,0.0000,0.0000,404.0,0.0,1.000,4096.0,0.000,0,0,4096000,1,0,1,0,1,1
1,final_left,f32,1024,glibc_t2,FIXED_TWIN,10,1,1000,401.22,0.0000,0.0000,403.0,0.0,1.000,4096.0,0.000,0,0,4096000,1,0,1,0,1,1
1,final_left,f32,1024,glibc_t2,P5,10,2,1000,524.35,0.0000,0.0000,526.0,0.0,2.000,8192.0,0.000,0,0,4100096,2,0,0,0,1,1
1,final_left,f32,1024,glibc_t2,P6,10,3,1000,546.03,0.0000,0.0000,548.0,0.0,1.000,4096.0,0.000,0,0,4096000,1,1,0,0,1,1
1,final_left,f32,1024,glibc_t2,FIXED_TWIN,11,0,1000,433.10,0.0000,0.0000,436.0,0.0,1.000,4096.0,0.000,0,0,4096000,1,0,1,0,1,1
1,final_left,f32,1024,glibc_t2,P5,11,1,1000,519.92,0.0000,0.0000,521.0,0.0,2.000,8192.0,0.000,0,0,4100096,2,0,0,0,1,1
1,final_left,f32,1024,glibc_t2,P6,11,2,1000,558.24,0.0000,0.0000,561.0,0.0,1.000,4096.0,0.000,0,0,4096000,1,1,0,0,1,1
1,final_left,f32,1024,glibc_t2,P7,11,3,1000,405.63,0.0000,0.0000,407.0,0.0,1.000,4096.0,0.000,0,0,4096000,1,0,1,0,1,1
1,final_left,f32,1024,glibc_t2,P5,12,0,1000,590.16,0.0000,0.0000,593.0,0.0,2.000,8192.0,0.000,0,0,4100096,2,0,0,0,1,1
1,final_left,f32,1024,glibc_t2,P6,12,1,1000,544.76,0.0000,0.0000,547.0,0.0,1.000,4096.0,0.000,0,0,4096000,1,1,0,0,1,1
1,final_left,f32,1024,glibc_t2,P7,12,2,1000,418.45,0.0000,0.0000,420.0,0.0,1.000,4096.0,0.000,0,0,4096000,1,0,1,0,1,1
1,final_left,f32,1024,glibc_t2,FIXED_TWIN,12,3,1000,405.21,0.0000,0.0000,407.0,0.0,1.000,4096.0,0.000,0,0,4096000,1,0,1,0,1,1
1,final_left,f32,1024,glibc_t2,P6,13,0,1000,549.44,0.0000,0.0000,552.0,0.0,1.000,4096.0,0.000,0,0,4096000,1,1,0,0,1,1
1,final_left,f32,1024,glibc_t2,P7,13,1,1000,431.55,0.0000,0.0000,433.0,0.0,1.000,4096.0,0.000,0,0,4096000,1,0,1,0,1,1
1,final_left,f32,1024,glibc_t2,FIXED_TWIN,13,2,1000,434.79,0.0000,0.0000,437.0,0.0,1.000,4096.0,0.000,0,0,4096000,1,0,1,0,1,1
1,final_left,f32,1024,glibc_t2,P5,13,3,1000,548.03,0.0000,0.0000,549.0,0.0,2.000,8192.0,0.000,0,0,4100096,2,0,0,0,1,1
1,final_left,f32,1024,glibc_t2,P7,14,0,1000,405.78,0.0000,0.0000,407.0,0.0,1.000,4096.0,0.000,0,0,4096000,1,0,1,0,1,1
1,final_left,f32,1024,glibc_t2,FIXED_TWIN,14,1,1000,411.93,0.0000,0.0000,414.0,0.0,1.000,4096.0,0.000,0,0,4096000,1,0,1,0,1,1
1,final_left,f32,1024,glibc_t2,P5,14,2,1000,515.06,0.0000,0.0000,516.0,0.0,2.000,8192.0,0.000,0,0,4100096,2,0,0,0,1,1
1,final_left,f32,1024,glibc_t2,P6,14,3,1000,578.17,0.0000,0.0000,580.0,0.0,1.000,4096.0,0.000,0,0,4096000,1,1,0,0,1,1
1,final_left,f32,4096,glibc_t2,P5,0,0,1,2437.00,0.0000,0.0000,6000.0,0.0,2.000,32768.0,0.000,0,0,32768,2,0,0,0,1,1
1,final_left,f32,4096,glibc_t2,P6,0,1,1,1359.00,0.0000,0.0000,2000.0,0.0,1.000,16384.0,0.000,0,0,16384,1,1,0,0,1,1
1,final_left,f32,4096,glibc_t2,P7,0,2,1,1155.00,0.0000,0.0000,1000.0,0.0,1.000,16384.0,0.000,0,0,16384,1,0,1,0,1,1
1,final_left,f32,4096,glibc_t2,FIXED_TWIN,0,3,1,1123.00,0.0000,0.0000,2000.0,0.0,1.000,16384.0,0.000,0,0,16384,1,0,1,0,1,1
1,final_left,f32,4096,glibc_t2,P6,1,0,1,1302.00,0.0000,0.0000,2000.0,0.0,1.000,16384.0,0.000,0,0,16384,1,1,0,0,1,1
1,final_left,f32,4096,glibc_t2,P7,1,1,1,1151.00,0.0000,0.0000,2000.0,0.0,1.000,16384.0,0.000,0,0,16384,1,0,1,0,1,1
1,final_left,f32,4096,glibc_t2,FIXED_TWIN,1,2,1,1521.00,0.0000,0.0000,2000.0,0.0,1.000,16384.0,0.000,0,0,16384,1,0,1,0,1,1
1,final_left,f32,4096,glibc_t2,P5,1,3,1,2386.00,0.0000,0.0000,3000.0,0.0,2.000,32768.0,0.000,0,0,32768,2,0,0,0,1,1
1,final_left,f32,4096,glibc_t2,P7,2,0,1,1113.00,0.0000,0.0000,2000.0,0.0,1.000,16384.0,0.000,0,0,16384,1,0,1,0,1,1
1,final_left,f32,4096,glibc_t2,FIXED_TWIN,2,1,1,1125.00,0.0000,0.0000,2000.0,0.0,1.000,16384.0,0.000,0,0,16384,1,0,1,0,1,1
1,final_left,f32,4096,glibc_t2,P5,2,2,1,2301.00,0.0000,0.0000,2000.0,0.0,2.000,32768.0,0.000,0,0,32768,2,0,0,0,1,1
1,final_left,f32,4096,glibc_t2,P6,2,3,1,1316.00,0.0000,0.0000,2000.0,0.0,1.000,16384.0,0.000,0,0,16384,1,1,0,0,1,1
1,final_left,f32,4096,glibc_t2,FIXED_TWIN,3,0,1,1114.00,0.0000,0.0000,1000.0,0.0,1.000,16384.0,0.000,0,0,16384,1,0,1,0,1,1
1,final_left,f32,4096,glibc_t2,P5,3,1,1,2281.00,0.0000,0.0000,3000.0,0.0,2.000,32768.0,0.000,0,0,32768,2,0,0,0,1,1
1,final_left,f32,4096,glibc_t2,P6,3,2,1,1303.00,0.0000,0.0000,2000.0,0.0,1.000,16384.0,0.000,0,0,16384,1,1,0,0,1,1
1,final_left,f32,4096,glibc_t2,P7,3,3,1,1134.00,0.0000,0.0000,1000.0,0.0,1.000,16384.0,0.000,0,0,16384,1,0,1,0,1,1
1,final_left,f32,4096,glibc_t2,P5,4,0,1,2272.00,0.0000,0.0000,3000.0,0.0,2.000,32768.0,0.000,0,0,32768,2,0,0,0,1,1
1,final_left,f32,4096,glibc_t2,P6,4,1,1,1664.00,0.0000,0.0000,2000.0,0.0,1.000,16384.0,0.000,0,0,16384,1,1,0,0,1,1
1,final_left,f32,4096,glibc_t2,P7,4,2,1,1108.00,0.0000,0.0000,1000.0,0.0,1.000,16384.0,0.000,0,0,16384,1,0,1,0,1,1
1,final_left,f32,4096,glibc_t2,FIXED_TWIN,4,3,1,1121.00,0.0000,0.0000,1000.0,0.0,1.000,16384.0,0.000,0,0,16384,1,0,1,0,1,1
1,final_left,f32,4096,glibc_t2,P6,5,0,1,1350.00,0.0000,0.0000,2000.0,0.0,1.000,16384.0,0.000,0,0,16384,1,1,0,0,1,1
1,final_left,f32,4096,glibc_t2,P7,5,1,1,1122.00,0.0000,0.0000,2000.0,0.0,1.000,16384.0,0.000,0,0,16384,1,0,1,0,1,1
1,final_left,f32,4096,glibc_t2,FIXED_TWIN,5,2,1,1128.00,0.0000,0.0000,2000.0,0.0,1.000,16384.0,0.000,0,0,16384,1,0,1,0,1,1
1,final_left,f32,4096,glibc_t2,P5,5,3,1,2346.00,0.0000,0.0000,2000.0,0.0,2.000,32768.0,0.000,0,0,32768,2,0,0,0,1,1
1,final_left,f32,4096,glibc_t2,P7,6,0,1,1122.00,0.0000,0.0000,1000.0,0.0,1.000,16384.0,0.000,0,0,16384,1,0,1,0,1,1
1,final_left,f32,4096,glibc_t2,FIXED_TWIN,6,1,1,1077.00,0.0000,0.0000,1000.0,0.0,1.000,16384.0,0.000,0,0,16384,1,0,1,0,1,1
1,final_left,f32,4096,glibc_t2,P5,6,2,1,2276.00,0.0000,0.0000,3000.0,0.0,2.000,32768.0,0.000,0,0,32768,2,0,0,0,1,1
1,final_left,f32,4096,glibc_t2,P6,6,3,1,1324.00,0.0000,0.0000,1000.0,0.0,1.000,16384.0,0.000,0,0,16384,1,1,0,0,1,1
1,final_left,f32,4096,glibc_t2,FIXED_TWIN,7,0,1,1100.00,0.0000,0.0000,1000.0,0.0,1.000,16384.0,0.000,0,0,16384,1,0,1,0,1,1
1,final_left,f32,4096,glibc_t2,P5,7,1,1,2280.00,0.0000,0.0000,3000.0,0.0,2.000,32768.0,0.000,0,0,32768,2,0,0,0,1,1
1,final_left,f32,4096,glibc_t2,P6,7,2,1,1325.00,0.0000,0.0000,1000.0,0.0,1.000,16384.0,0.000,0,0,16384,1,1,0,0,1,1
1,final_left,f32,4096,glibc_t2,P7,7,3,1,1102.00,0.0000,0.0000,1000.0,0.0,1.000,16384.0,0.000,0,0,16384,1,0,1,0,1,1
1,final_left,f32,4096,glibc_t2,P5,8,0,1,2281.00,0.0000,0.0000,3000.0,0.0,2.000,32768.0,0.000,0,0,32768,2,0,0,0,1,1
1,final_left,f32,4096,glibc_t2,P6,8,1,1,1312.00,0.0000,0.0000,2000.0,0.0,1.000,16384.0,0.000,0,0,16384,1,1,0,0,1,1
1,final_left,f32,4096,glibc_t2,P7,8,2,1,1097.00,0.0000,0.0000,2000.0,0.0,1.000,16384.0,0.000,0,0,16384,1,0,1,0,1,1
1,final_left,f32,4096,glibc_t2,FIXED_TWIN,8,3,1,19348.00,0.0000,0.0000,20000.0,0.0,1.000,16384.0,0.000,0,0,16384,1,0,1,0,1,1
1,final_left,f32,4096,glibc_t2,P6,9,0,1,1685.00,0.0000,0.0000,3000.0,0.0,1.000,16384.0,0.000,0,0,16384,1,1,0,0,1,1
1,final_left,f32,4096,glibc_t2,P7,9,1,1,1260.00,0.0000,0.0000,2000.0,0.0,1.000,16384.0,0.000,0,0,16384,1,0,1,0,1,1
1,final_left,f32,4096,glibc_t2,FIXED_TWIN,9,2,1,1115.00,0.0000,0.0000,2000.0,0.0,1.000,16384.0,0.000,0,0,16384,1,0,1,0,1,1
1,final_left,f32,4096,glibc_t2,P5,9,3,1,2534.00,0.0000,0.0000,3000.0,0.0,2.000,32768.0,0.000,0,0,32768,2,0,0,0,1,1
1,final_left,f32,4096,glibc_t2,P7,10,0,1,6139.00,0.0000,0.0000,7000.0,0.0,1.000,16384.0,0.000,0,0,16384,1,0,1,0,1,1
1,final_left,f32,4096,glibc_t2,FIXED_TWIN,10,1,1,1080.00,0.0000,0.0000,1000.0,0.0,1.000,16384.0,0.000,0,0,16384,1,0,1,0,1,1
1,final_left,f32,4096,glibc_t2,P5,10,2,1,2386.00,0.0000,0.0000,3000.0,0.0,2.000,32768.0,0.000,0,0,32768,2,0,0,0,1,1
1,final_left,f32,4096,glibc_t2,P6,10,3,1,1370.00,0.0000,0.0000,2000.0,0.0,1.000,16384.0,0.000,0,0,16384,1,1,0,0,1,1
1,final_left,f32,4096,glibc_t2,FIXED_TWIN,11,0,1,1070.00,0.0000,0.0000,1000.0,0.0,1.000,16384.0,0.000,0,0,16384,1,0,1,0,1,1
1,final_left,f32,4096,glibc_t2,P5,11,1,1,2332.00,0.0000,0.0000,2000.0,0.0,2.000,32768.0,0.000,0,0,32768,2,0,0,0,1,1
1,final_left,f32,4096,glibc_t2,P6,11,2,1,1307.00,0.0000,0.0000,2000.0,0.0,1.000,16384.0,0.000,0,0,16384,1,1,0,0,1,1
1,final_left,f32,4096,glibc_t2,P7,11,3,1,1112.00,0.0000,0.0000,1000.0,0.0,1.000,16384.0,0.000,0,0,16384,1,0,1,0,1,1
1,final_left,f32,4096,glibc_t2,P5,12,0,1,2312.00,0.0000,0.0000,3000.0,0.0,2.000,32768.0,0.000,0,0,32768,2,0,0,0,1,1
1,final_left,f32,4096,glibc_t2,P6,12,1,1,1305.00,0.0000,0.0000,2000.0,0.0,1.000,16384.0,0.000,0,0,16384,1,1,0,0,1,1
1,final_left,f32,4096,glibc_t2,P7,12,2,1,1095.00,0.0000,0.0000,1000.0,0.0,1.000,16384.0,0.000,0,0,16384,1,0,1,0,1,1
1,final_left,f32,4096,glibc_t2,FIXED_TWIN,12,3,1,1100.00,0.0000,0.0000,1000.0,0.0,1.000,16384.0,0.000,0,0,16384,1,0,1,0,1,1
1,final_left,f32,4096,glibc_t2,P6,13,0,1,1341.00,0.0000,0.0000,2000.0,0.0,1.000,16384.0,0.000,0,0,16384,1,1,0,0,1,1
1,final_left,f32,4096,glibc_t2,P7,13,1,1,1114.00,0.0000,0.0000,2000.0,0.0,1.000,16384.0,0.000,0,0,16384,1,0,1,0,1,1
1,final_left,f32,4096,glibc_t2,FIXED_TWIN,13,2,1,1128.00,0.0000,0.0000,1000.0,0.0,1.000,16384.0,0.000,0,0,16384,1,0,1,0,1,1
1,final_left,f32,4096,glibc_t2,P5,13,3,1,2278.00,0.0000,0.0000,2000.0,0.0,2.000,32768.0,0.000,0,0,32768,2,0,0,0,1,1
1,final_left,f32,4096,glibc_t2,P7,14,0,1,1078.00,0.0000,0.0000,1000.0,0.0,1.000,16384.0,0.000,0,0,16384,1,0,1,0,1,1
1,final_left,f32,4096,glibc_t2,FIXED_TWIN,14,1,1,1123.00,0.0000,0.0000,2000.0,0.0,1.000,16384.0,0.000,0,0,16384,1,0,1,0,1,1
1,final_left,f32,4096,glibc_t2,P5,14,2,1,2641.00,0.0000,0.0000,3000.0,0.0,2.000,32768.0,0.000,0,0,32768,2,0,0,0,1,1
1,final_left,f32,4096,glibc_t2,P6,14,3,1,1319.00,0.0000,0.0000,1000.0,0.0,1.000,16384.0,0.000,0,0,16384,1,1,0,0,1,1
1,final_left,f32,16384,glibc_t2,P5,0,0,1,4915.00,0.0000,0.0000,6000.0,0.0,2.000,131072.0,0.000,0,0,131072,2,0,0,0,1,1
1,final_left,f32,16384,glibc_t2,P6,0,1,1,4678.00,0.0000,0.0000,5000.0,0.0,1.000,65536.0,0.000,0,0,65536,1,1,0,0,1,1
1,final_left,f32,16384,glibc_t2,P7,0,2,1,3396.00,0.0000,0.0000,4000.0,0.0,1.000,65536.0,0.000,0,0,65536,1,0,1,0,1,1
1,final_left,f32,16384,glibc_t2,FIXED_TWIN,0,3,1,3390.00,0.0000,0.0000,4000.0,0.0,1.000,65536.0,0.000,0,0,65536,1,0,1,0,1,1
1,final_left,f32,16384,glibc_t2,P6,1,0,1,4608.00,0.0000,0.0000,5000.0,0.0,1.000,65536.0,0.000,0,0,65536,1,1,0,0,1,1
1,final_left,f32,16384,glibc_t2,P7,1,1,1,3406.00,0.0000,0.0000,4000.0,0.0,1.000,65536.0,0.000,0,0,65536,1,0,1,0,1,1
1,final_left,f32,16384,glibc_t2,FIXED_TWIN,1,2,1,3372.00,0.0000,0.0000,4000.0,0.0,1.000,65536.0,0.000,0,0,65536,1,0,1,0,1,1
1,final_left,f32,16384,glibc_t2,P5,1,3,1,4802.00,0.0000,0.0000,6000.0,0.0,2.000,131072.0,0.000,0,0,131072,2,0,0,0,1,1
1,final_left,f32,16384,glibc_t2,P7,2,0,1,3385.00,0.0000,0.0000,4000.0,0.0,1.000,65536.0,0.000,0,0,65536,1,0,1,0,1,1
1,final_left,f32,16384,glibc_t2,FIXED_TWIN,2,1,1,3361.00,0.0000,0.0000,3000.0,0.0,1.000,65536.0,0.000,0,0,65536,1,0,1,0,1,1
1,final_left,f32,16384,glibc_t2,P5,2,2,1,4825.00,0.0000,0.0000,6000.0,0.0,2.000,131072.0,0.000,0,0,131072,2,0,0,0,1,1
1,final_left,f32,16384,glibc_t2,P6,2,3,1,4663.00,0.0000,0.0000,5000.0,0.0,1.000,65536.0,0.000,0,0,65536,1,1,0,0,1,1
1,final_left,f32,16384,glibc_t2,FIXED_TWIN,3,0,1,3412.00,0.0000,0.0000,4000.0,0.0,1.000,65536.0,0.000,0,0,65536,1,0,1,0,1,1
1,final_left,f32,16384,glibc_t2,P5,3,1,1,4860.00,0.0000,0.0000,5000.0,0.0,2.000,131072.0,0.000,0,0,131072,2,0,0,0,1,1
1,final_left,f32,16384,glibc_t2,P6,3,2,1,4620.00,0.0000,0.0000,5000.0,0.0,1.000,65536.0,0.000,0,0,65536,1,1,0,0,1,1
1,final_left,f32,16384,glibc_t2,P7,3,3,1,3929.00,0.0000,0.0000,4000.0,0.0,1.000,65536.0,0.000,0,0,65536,1,0,1,0,1,1
1,final_left,f32,16384,glibc_t2,P5,4,0,1,4783.00,0.0000,0.0000,6000.0,0.0,2.000,131072.0,0.000,0,0,131072,2,0,0,0,1,1
1,final_left,f32,16384,glibc_t2,P6,4,1,1,5585.00,0.0000,0.0000,6000.0,0.0,1.000,65536.0,0.000,0,0,65536,1,1,0,0,1,1
1,final_left,f32,16384,glibc_t2,P7,4,2,1,3727.00,0.0000,0.0000,4000.0,0.0,1.000,65536.0,0.000,0,0,65536,1,0,1,0,1,1
1,final_left,f32,16384,glibc_t2,FIXED_TWIN,4,3,1,3503.00,0.0000,0.0000,4000.0,0.0,1.000,65536.0,0.000,0,0,65536,1,0,1,0,1,1
1,final_left,f32,16384,glibc_t2,P6,5,0,1,4697.00,0.0000,0.0000,5000.0,0.0,1.000,65536.0,0.000,0,0,65536,1,1,0,0,1,1
1,final_left,f32,16384,glibc_t2,P7,5,1,1,3468.00,0.0000,0.0000,4000.0,0.0,1.000,65536.0,0.000,0,0,65536,1,0,1,0,1,1
1,final_left,f32,16384,glibc_t2,FIXED_TWIN,5,2,1,3389.00,0.0000,0.0000,4000.0,0.0,1.000,65536.0,0.000,0,0,65536,1,0,1,0,1,1
1,final_left,f32,16384,glibc_t2,P5,5,3,1,4967.00,0.0000,0.0000,5000.0,0.0,2.000,131072.0,0.000,0,0,131072,2,0,0,0,1,1
1,final_left,f32,16384,glibc_t2,P7,6,0,1,3466.00,0.0000,0.0000,4000.0,0.0,1.000,65536.0,0.000,0,0,65536,1,0,1,0,1,1
1,final_left,f32,16384,glibc_t2,FIXED_TWIN,6,1,1,3398.00,0.0000,0.0000,3000.0,0.0,1.000,65536.0,0.000,0,0,65536,1,0,1,0,1,1
1,final_left,f32,16384,glibc_t2,P5,6,2,1,4880.00,0.0000,0.0000,6000.0,0.0,2.000,131072.0,0.000,0,0,131072,2,0,0,0,1,1
1,final_left,f32,16384,glibc_t2,P6,6,3,1,4727.00,0.0000,0.0000,5000.0,0.0,1.000,65536.0,0.000,0,0,65536,1,1,0,0,1,1
1,final_left,f32,16384,glibc_t2,FIXED_TWIN,7,0,1,3391.00,0.0000,0.0000,4000.0,0.0,1.000,65536.0,0.000,0,0,65536,1,0,1,0,1,1
1,final_left,f32,16384,glibc_t2,P5,7,1,1,4787.00,0.0000,0.0000,5000.0,0.0,2.000,131072.0,0.000,0,0,131072,2,0,0,0,1,1
1,final_left,f32,16384,glibc_t2,P6,7,2,1,4655.00,0.0000,0.0000,5000.0,0.0,1.000,65536.0,0.000,0,0,65536,1,1,0,0,1,1
1,final_left,f32,16384,glibc_t2,P7,7,3,1,3372.00,0.0000,0.0000,4000.0,0.0,1.000,65536.0,0.000,0,0,65536,1,0,1,0,1,1
1,final_left,f32,16384,glibc_t2,P5,8,0,1,4810.00,0.0000,0.0000,6000.0,0.0,2.000,131072.0,0.000,0,0,131072,2,0,0,0,1,1
1,final_left,f32,16384,glibc_t2,P6,8,1,1,4606.00,0.0000,0.0000,5000.0,0.0,1.000,65536.0,0.000,0,0,65536,1,1,0,0,1,1
1,final_left,f32,16384,glibc_t2,P7,8,2,1,3357.00,0.0000,0.0000,4000.0,0.0,1.000,65536.0,0.000,0,0,65536,1,0,1,0,1,1
1,final_left,f32,16384,glibc_t2,FIXED_TWIN,8,3,1,3435.00,0.0000,0.0000,4000.0,0.0,1.000,65536.0,0.000,0,0,65536,1,0,1,0,1,1
1,final_left,f32,16384,glibc_t2,P6,9,0,1,4564.00,0.0000,0.0000,5000.0,0.0,1.000,65536.0,0.000,0,0,65536,1,1,0,0,1,1
1,final_left,f32,16384,glibc_t2,P7,9,1,1,3409.00,0.0000,0.0000,3000.0,0.0,1.000,65536.0,0.000,0,0,65536,1,0,1,0,1,1
1,final_left,f32,16384,glibc_t2,FIXED_TWIN,9,2,1,3400.00,0.0000,0.0000,4000.0,0.0,1.000,65536.0,0.000,0,0,65536,1,0,1,0,1,1
1,final_left,f32,16384,glibc_t2,P5,9,3,1,4780.00,0.0000,0.0000,5000.0,0.0,2.000,131072.0,0.000,0,0,131072,2,0,0,0,1,1
1,final_left,f32,16384,glibc_t2,P7,10,0,1,3398.00,0.0000,0.0000,4000.0,0.0,1.000,65536.0,0.000,0,0,65536,1,0,1,0,1,1
1,final_left,f32,16384,glibc_t2,FIXED_TWIN,10,1,1,3514.00,0.0000,0.0000,4000.0,0.0,1.000,65536.0,0.000,0,0,65536,1,0,1,0,1,1
1,final_left,f32,16384,glibc_t2,P5,10,2,1,4994.00,0.0000,0.0000,6000.0,0.0,2.000,131072.0,0.000,0,0,131072,2,0,0,0,1,1
1,final_left,f32,16384,glibc_t2,P6,10,3,1,4608.00,0.0000,0.0000,3000.0,3000.0,1.000,65536.0,0.000,0,0,65536,1,1,0,0,1,1
1,final_left,f32,16384,glibc_t2,FIXED_TWIN,11,0,1,3743.00,0.0000,0.0000,4000.0,0.0,1.000,65536.0,0.000,0,0,65536,1,0,1,0,1,1
1,final_left,f32,16384,glibc_t2,P5,11,1,1,5138.00,0.0000,0.0000,6000.0,0.0,2.000,131072.0,0.000,0,0,131072,2,0,0,0,1,1
1,final_left,f32,16384,glibc_t2,P6,11,2,1,4765.00,0.0000,0.0000,5000.0,0.0,1.000,65536.0,0.000,0,0,65536,1,1,0,0,1,1
1,final_left,f32,16384,glibc_t2,P7,11,3,1,3484.00,0.0000,0.0000,4000.0,0.0,1.000,65536.0,0.000,0,0,65536,1,0,1,0,1,1
1,final_left,f32,16384,glibc_t2,P5,12,0,1,4835.00,0.0000,0.0000,5000.0,0.0,2.000,131072.0,0.000,0,0,131072,2,0,0,0,1,1
1,final_left,f32,16384,glibc_t2,P6,12,1,1,4653.00,0.0000,0.0000,5000.0,0.0,1.000,65536.0,0.000,0,0,65536,1,1,0,0,1,1
1,final_left,f32,16384,glibc_t2,P7,12,2,1,3876.00,0.0000,0.0000,4000.0,0.0,1.000,65536.0,0.000,0,0,65536,1,0,1,0,1,1
1,final_left,f32,16384,glibc_t2,FIXED_TWIN,12,3,1,3672.00,0.0000,0.0000,4000.0,0.0,1.000,65536.0,0.000,0,0,65536,1,0,1,0,1,1
1,final_left,f32,16384,glibc_t2,P6,13,0,1,5015.00,0.0000,0.0000,6000.0,0.0,1.000,65536.0,0.000,0,0,65536,1,1,0,0,1,1
1,final_left,f32,16384,glibc_t2,P7,13,1,1,3480.00,0.0000,0.0000,4000.0,0.0,1.000,65536.0,0.000,0,0,65536,1,0,1,0,1,1
1,final_left,f32,16384,glibc_t2,FIXED_TWIN,13,2,1,3397.00,0.0000,0.0000,4000.0,0.0,1.000,65536.0,0.000,0,0,65536,1,0,1,0,1,1
1,final_left,f32,16384,glibc_t2,P5,13,3,1,4961.00,0.0000,0.0000,6000.0,0.0,2.000,131072.0,0.000,0,0,131072,2,0,0,0,1,1
1,final_left,f32,16384,glibc_t2,P7,14,0,1,3454.00,0.0000,0.0000,4000.0,0.0,1.000,65536.0,0.000,0,0,65536,1,0,1,0,1,1
1,final_left,f32,16384,glibc_t2,FIXED_TWIN,14,1,1,3393.00,0.0000,0.0000,4000.0,0.0,1.000,65536.0,0.000,0,0,65536,1,0,1,0,1,1
1,final_left,f32,16384,glibc_t2,P5,14,2,1,4800.00,0.0000,0.0000,5000.0,0.0,2.000,131072.0,0.000,0,0,131072,2,0,0,0,1,1
1,final_left,f32,16384,glibc_t2,P6,14,3,1,4771.00,0.0000,0.0000,6000.0,0.0,1.000,65536.0,0.000,0,0,65536,1,1,0,0,1,1
1,final_left,f32,65536,glibc_t2,P5,0,0,1,151979.00,130.0000,0.0000,155000.0,0.0,2.000,524288.0,0.000,0,0,524288,2,0,0,0,1,1
1,final_left,f32,65536,glibc_t2,P6,0,1,1,79011.00,65.0000,0.0000,80000.0,0.0,1.000,262144.0,0.000,0,0,262144,1,1,0,0,1,1
1,final_left,f32,65536,glibc_t2,P7,0,2,1,74550.00,65.0000,0.0000,76000.0,0.0,1.000,262144.0,0.000,0,0,262144,1,0,1,0,1,1
1,final_left,f32,65536,glibc_t2,FIXED_TWIN,0,3,1,77985.00,65.0000,0.0000,79000.0,0.0,1.000,262144.0,0.000,0,0,262144,1,0,1,0,1,1
1,final_left,f32,65536,glibc_t2,P6,1,0,1,83613.00,65.0000,0.0000,84000.0,0.0,1.000,262144.0,0.000,0,0,262144,1,1,0,0,1,1
1,final_left,f32,65536,glibc_t2,P7,1,1,1,73063.00,65.0000,0.0000,74000.0,0.0,1.000,262144.0,0.000,0,0,262144,1,0,1,0,1,1
1,final_left,f32,65536,glibc_t2,FIXED_TWIN,1,2,1,73807.00,65.0000,0.0000,74000.0,0.0,1.000,262144.0,0.000,0,0,262144,1,0,1,0,1,1
1,final_left,f32,65536,glibc_t2,P5,1,3,1,152281.00,130.0000,0.0000,154000.0,0.0,2.000,524288.0,0.000,0,0,524288,2,0,0,0,1,1
1,final_left,f32,65536,glibc_t2,P7,2,0,1,74905.00,65.0000,0.0000,76000.0,0.0,1.000,262144.0,0.000,0,0,262144,1,0,1,0,1,1
1,final_left,f32,65536,glibc_t2,FIXED_TWIN,2,1,1,93950.00,65.0000,0.0000,95000.0,0.0,1.000,262144.0,0.000,0,0,262144,1,0,1,0,1,1
1,final_left,f32,65536,glibc_t2,P5,2,2,1,152471.00,130.0000,0.0000,154000.0,0.0,2.000,524288.0,0.000,0,0,524288,2,0,0,0,1,1
1,final_left,f32,65536,glibc_t2,P6,2,3,1,79670.00,65.0000,0.0000,80000.0,0.0,1.000,262144.0,0.000,0,0,262144,1,1,0,0,1,1
1,final_left,f32,65536,glibc_t2,FIXED_TWIN,3,0,1,74595.00,65.0000,0.0000,76000.0,0.0,1.000,262144.0,0.000,0,0,262144,1,0,1,0,1,1
1,final_left,f32,65536,glibc_t2,P5,3,1,1,158083.00,130.0000,0.0000,160000.0,0.0,2.000,524288.0,0.000,0,0,524288,2,0,0,0,1,1
1,final_left,f32,65536,glibc_t2,P6,3,2,1,79363.00,65.0000,0.0000,80000.0,0.0,1.000,262144.0,0.000,0,0,262144,1,1,0,0,1,1
1,final_left,f32,65536,glibc_t2,P7,3,3,1,74697.00,65.0000,0.0000,75000.0,0.0,1.000,262144.0,0.000,0,0,262144,1,0,1,0,1,1
1,final_left,f32,65536,glibc_t2,P5,4,0,1,175002.00,130.0000,0.0000,176000.0,0.0,2.000,524288.0,0.000,0,0,524288,2,0,0,0,1,1
1,final_left,f32,65536,glibc_t2,P6,4,1,1,78709.00,65.0000,0.0000,79000.0,0.0,1.000,262144.0,0.000,0,0,262144,1,1,0,0,1,1
1,final_left,f32,65536,glibc_t2,P7,4,2,1,76093.00,65.0000,0.0000,76000.0,0.0,1.000,262144.0,0.000,0,0,262144,1,0,1,0,1,1
1,final_left,f32,65536,glibc_t2,FIXED_TWIN,4,3,1,74396.00,65.0000,0.0000,75000.0,0.0,1.000,262144.0,0.000,0,0,262144,1,0,1,0,1,1
1,final_left,f32,65536,glibc_t2,P6,5,0,1,80313.00,65.0000,0.0000,82000.0,0.0,1.000,262144.0,0.000,0,0,262144,1,1,0,0,1,1
1,final_left,f32,65536,glibc_t2,P7,5,1,1,76682.00,65.0000,0.0000,77000.0,0.0,1.000,262144.0,0.000,0,0,262144,1,0,1,0,1,1
1,final_left,f32,65536,glibc_t2,FIXED_TWIN,5,2,1,73966.00,65.0000,0.0000,74000.0,0.0,1.000,262144.0,0.000,0,0,262144,1,0,1,0,1,1
1,final_left,f32,65536,glibc_t2,P5,5,3,1,165201.00,130.0000,0.0000,166000.0,0.0,2.000,524288.0,0.000,0,0,524288,2,0,0,0,1,1
1,final_left,f32,65536,glibc_t2,P7,6,0,1,75549.00,65.0000,0.0000,76000.0,0.0,1.000,262144.0,0.000,0,0,262144,1,0,1,0,1,1
1,final_left,f32,65536,glibc_t2,FIXED_TWIN,6,1,1,75004.00,65.0000,0.0000,76000.0,0.0,1.000,262144.0,0.000,0,0,262144,1,0,1,0,1,1
1,final_left,f32,65536,glibc_t2,P5,6,2,1,148940.00,130.0000,0.0000,149000.0,0.0,2.000,524288.0,0.000,0,0,524288,2,0,0,0,1,1
1,final_left,f32,65536,glibc_t2,P6,6,3,1,80781.00,65.0000,0.0000,82000.0,0.0,1.000,262144.0,0.000,0,0,262144,1,1,0,0,1,1
1,final_left,f32,65536,glibc_t2,FIXED_TWIN,7,0,1,76835.00,65.0000,0.0000,77000.0,0.0,1.000,262144.0,0.000,0,0,262144,1,0,1,0,1,1
1,final_left,f32,65536,glibc_t2,P5,7,1,1,190223.00,130.0000,0.0000,0.0,191000.0,2.000,524288.0,0.000,0,0,524288,2,0,0,0,1,1
1,final_left,f32,65536,glibc_t2,P6,7,2,1,80842.00,65.0000,0.0000,0.0,82000.0,1.000,262144.0,0.000,0,0,262144,1,1,0,0,1,1
1,final_left,f32,65536,glibc_t2,P7,7,3,1,74376.00,65.0000,0.0000,0.0,75000.0,1.000,262144.0,0.000,0,0,262144,1,0,1,0,1,1
1,final_left,f32,65536,glibc_t2,P5,8,0,1,149954.00,130.0000,0.0000,0.0,151000.0,2.000,524288.0,0.000,0,0,524288,2,0,0,0,1,1
1,final_left,f32,65536,glibc_t2,P6,8,1,1,102863.00,65.0000,0.0000,0.0,103000.0,1.000,262144.0,0.000,0,0,262144,1,1,0,0,1,1
1,final_left,f32,65536,glibc_t2,P7,8,2,1,74057.00,65.0000,0.0000,0.0,75000.0,1.000,262144.0,0.000,0,0,262144,1,0,1,0,1,1
1,final_left,f32,65536,glibc_t2,FIXED_TWIN,8,3,1,74178.00,65.0000,0.0000,0.0,75000.0,1.000,262144.0,0.000,0,0,262144,1,0,1,0,1,1
1,final_left,f32,65536,glibc_t2,P6,9,0,1,79055.00,65.0000,0.0000,0.0,79000.0,1.000,262144.0,0.000,0,0,262144,1,1,0,0,1,1
1,final_left,f32,65536,glibc_t2,P7,9,1,1,89955.00,65.0000,0.0000,0.0,90000.0,1.000,262144.0,0.000,0,0,262144,1,0,1,0,1,1
1,final_left,f32,65536,glibc_t2,FIXED_TWIN,9,2,1,76787.00,65.0000,0.0000,0.0,77000.0,1.000,262144.0,0.000,0,0,262144,1,0,1,0,1,1
1,final_left,f32,65536,glibc_t2,P5,9,3,1,149584.00,130.0000,0.0000,0.0,151000.0,2.000,524288.0,0.000,0,0,524288,2,0,0,0,1,1
1,final_left,f32,65536,glibc_t2,P7,10,0,1,74649.00,65.0000,0.0000,0.0,76000.0,1.000,262144.0,0.000,0,0,262144,1,0,1,0,1,1
1,final_left,f32,65536,glibc_t2,FIXED_TWIN,10,1,1,76371.00,65.0000,0.0000,0.0,77000.0,1.000,262144.0,0.000,0,0,262144,1,0,1,0,1,1
1,final_left,f32,65536,glibc_t2,P5,10,2,1,150818.00,130.0000,0.0000,0.0,152000.0,2.000,524288.0,0.000,0,0,524288,2,0,0,0,1,1
1,final_left,f32,65536,glibc_t2,P6,10,3,1,80853.00,65.0000,0.0000,0.0,82000.0,1.000,262144.0,0.000,0,0,262144,1,1,0,0,1,1
1,final_left,f32,65536,glibc_t2,FIXED_TWIN,11,0,1,75634.00,65.0000,0.0000,0.0,76000.0,1.000,262144.0,0.000,0,0,262144,1,0,1,0,1,1
1,final_left,f32,65536,glibc_t2,P5,11,1,1,155406.00,130.0000,0.0000,0.0,157000.0,2.000,524288.0,0.000,0,0,524288,2,0,0,0,1,1
1,final_left,f32,65536,glibc_t2,P6,11,2,1,78625.00,65.0000,0.0000,0.0,79000.0,1.000,262144.0,0.000,0,0,262144,1,1,0,0,1,1
1,final_left,f32,65536,glibc_t2,P7,11,3,1,96583.00,65.0000,0.0000,0.0,97000.0,1.000,262144.0,0.000,0,0,262144,1,0,1,0,1,1
1,final_left,f32,65536,glibc_t2,P5,12,0,1,149200.00,130.0000,0.0000,0.0,150000.0,2.000,524288.0,0.000,0,0,524288,2,0,0,0,1,1
1,final_left,f32,65536,glibc_t2,P6,12,1,1,80399.00,65.0000,0.0000,0.0,82000.0,1.000,262144.0,0.000,0,0,262144,1,1,0,0,1,1
1,final_left,f32,65536,glibc_t2,P7,12,2,1,73324.00,65.0000,0.0000,0.0,74000.0,1.000,262144.0,0.000,0,0,262144,1,0,1,0,1,1
1,final_left,f32,65536,glibc_t2,FIXED_TWIN,12,3,1,75083.00,65.0000,0.0000,0.0,76000.0,1.000,262144.0,0.000,0,0,262144,1,0,1,0,1,1
1,final_left,f32,65536,glibc_t2,P6,13,0,1,78905.00,65.0000,0.0000,0.0,79000.0,1.000,262144.0,0.000,0,0,262144,1,1,0,0,1,1
1,final_left,f32,65536,glibc_t2,P7,13,1,1,74264.00,65.0000,0.0000,0.0,75000.0,1.000,262144.0,0.000,0,0,262144,1,0,1,0,1,1
1,final_left,f32,65536,glibc_t2,FIXED_TWIN,13,2,1,74587.00,65.0000,0.0000,0.0,76000.0,1.000,262144.0,0.000,0,0,262144,1,0,1,0,1,1
1,final_left,f32,65536,glibc_t2,P5,13,3,1,149435.00,130.0000,0.0000,0.0,151000.0,2.000,524288.0,0.000,0,0,524288,2,0,0,0,1,1
1,final_left,f32,65536,glibc_t2,P7,14,0,1,74034.00,65.0000,0.0000,0.0,75000.0,1.000,262144.0,0.000,0,0,262144,1,0,1,0,1,1
1,final_left,f32,65536,glibc_t2,FIXED_TWIN,14,1,1,75834.00,65.0000,0.0000,0.0,76000.0,1.000,262144.0,0.000,0,0,262144,1,0,1,0,1,1
1,final_left,f32,65536,glibc_t2,P5,14,2,1,153723.00,130.0000,0.0000,0.0,155000.0,2.000,524288.0,0.000,0,0,524288,2,0,0,0,1,1
1,final_left,f32,65536,glibc_t2,P6,14,3,1,78517.00,65.0000,0.0000,0.0,79000.0,1.000,262144.0,0.000,0,0,262144,1,1,0,0,1,1
1,final_left,f32,262144,glibc_t2,P5,0,0,1,764510.00,514.0000,0.0000,357000.0,410000.0,2.000,2097152.0,0.000,0,0,2097152,2,0,0,0,1,1
1,final_left,f32,262144,glibc_t2,P6,0,1,1,385828.00,257.0000,0.0000,387000.0,0.0,1.000,1048576.0,0.000,0,0,1048576,1,1,0,0,1,1
1,final_left,f32,262144,glibc_t2,P7,0,2,1,355536.00,257.0000,0.0000,358000.0,0.0,1.000,1048576.0,0.000,0,0,1048576,1,0,1,0,1,1
1,final_left,f32,262144,glibc_t2,FIXED_TWIN,0,3,1,353329.00,257.0000,0.0000,355000.0,0.0,1.000,1048576.0,0.000,0,0,1048576,1,0,1,0,1,1
1,final_left,f32,262144,glibc_t2,P6,1,0,1,440948.00,257.0000,0.0000,0.0,443000.0,1.000,1048576.0,0.000,0,0,1048576,1,1,0,0,1,1
1,final_left,f32,262144,glibc_t2,P7,1,1,1,376745.00,257.0000,0.0000,0.0,378000.0,1.000,1048576.0,0.000,0,0,1048576,1,0,1,0,1,1
1,final_left,f32,262144,glibc_t2,FIXED_TWIN,1,2,1,398366.00,257.0000,0.0000,0.0,400000.0,1.000,1048576.0,0.000,0,0,1048576,1,0,1,0,1,1
1,final_left,f32,262144,glibc_t2,P5,1,3,1,734663.00,514.0000,0.0000,0.0,736000.0,2.000,2097152.0,0.000,0,0,2097152,2,0,0,0,1,1
1,final_left,f32,262144,glibc_t2,P7,2,0,1,377655.00,257.0000,0.0000,0.0,379000.0,1.000,1048576.0,0.000,0,0,1048576,1,0,1,0,1,1
1,final_left,f32,262144,glibc_t2,FIXED_TWIN,2,1,1,375086.00,257.0000,0.0000,0.0,377000.0,1.000,1048576.0,0.000,0,0,1048576,1,0,1,0,1,1
1,final_left,f32,262144,glibc_t2,P5,2,2,1,766855.00,514.0000,0.0000,0.0,755000.0,2.000,2097152.0,0.000,0,0,2097152,2,0,0,0,1,1
1,final_left,f32,262144,glibc_t2,P6,2,3,1,408829.00,257.0000,0.0000,0.0,411000.0,1.000,1048576.0,0.000,0,0,1048576,1,1,0,0,1,1
1,final_left,f32,262144,glibc_t2,FIXED_TWIN,3,0,1,382383.00,257.0000,0.0000,0.0,384000.0,1.000,1048576.0,0.000,0,0,1048576,1,0,1,0,1,1
1,final_left,f32,262144,glibc_t2,P5,3,1,1,747891.00,514.0000,0.0000,749000.0,0.0,2.000,2097152.0,0.000,0,0,2097152,2,0,0,0,1,1
1,final_left,f32,262144,glibc_t2,P6,3,2,1,410374.00,257.0000,0.0000,413000.0,0.0,1.000,1048576.0,0.000,0,0,1048576,1,1,0,0,1,1
1,final_left,f32,262144,glibc_t2,P7,3,3,1,378414.00,257.0000,0.0000,381000.0,0.0,1.000,1048576.0,0.000,0,0,1048576,1,0,1,0,1,1
1,final_left,f32,262144,glibc_t2,P5,4,0,1,731796.00,514.0000,0.0000,734000.0,0.0,2.000,2097152.0,0.000,0,0,2097152,2,0,0,0,1,1
1,final_left,f32,262144,glibc_t2,P6,4,1,1,414469.00,257.0000,0.0000,416000.0,0.0,1.000,1048576.0,0.000,0,0,1048576,1,1,0,0,1,1
1,final_left,f32,262144,glibc_t2,P7,4,2,1,379727.00,257.0000,0.0000,382000.0,0.0,1.000,1048576.0,0.000,0,0,1048576,1,0,1,0,1,1
1,final_left,f32,262144,glibc_t2,FIXED_TWIN,4,3,1,354382.00,257.0000,0.0000,334000.0,23000.0,1.000,1048576.0,0.000,0,0,1048576,1,0,1,0,1,1
1,final_left,f32,262144,glibc_t2,P6,5,0,1,386735.00,257.0000,0.0000,0.0,389000.0,1.000,1048576.0,0.000,0,0,1048576,1,1,0,0,1,1
1,final_left,f32,262144,glibc_t2,P7,5,1,1,374946.00,257.0000,0.0000,0.0,377000.0,1.000,1048576.0,0.000,0,0,1048576,1,0,1,0,1,1
1,final_left,f32,262144,glibc_t2,FIXED_TWIN,5,2,1,350825.00,257.0000,0.0000,0.0,353000.0,1.000,1048576.0,0.000,0,0,1048576,1,0,1,0,1,1
1,final_left,f32,262144,glibc_t2,P5,5,3,1,708909.00,514.0000,0.0000,0.0,711000.0,2.000,2097152.0,0.000,0,0,2097152,2,0,0,0,1,1
1,final_left,f32,262144,glibc_t2,P7,6,0,1,355646.00,257.0000,0.0000,0.0,357000.0,1.000,1048576.0,0.000,0,0,1048576,1,0,1,0,1,1
1,final_left,f32,262144,glibc_t2,FIXED_TWIN,6,1,1,356945.00,257.0000,0.0000,0.0,359000.0,1.000,1048576.0,0.000,0,0,1048576,1,0,1,0,1,1
1,final_left,f32,262144,glibc_t2,P5,6,2,1,702967.00,514.0000,0.0000,0.0,705000.0,2.000,2097152.0,0.000,0,0,2097152,2,0,0,0,1,1
1,final_left,f32,262144,glibc_t2,P6,6,3,1,383452.00,257.0000,0.0000,0.0,385000.0,1.000,1048576.0,0.000,0,0,1048576,1,1,0,0,1,1
1,final_left,f32,262144,glibc_t2,FIXED_TWIN,7,0,1,351345.00,257.0000,0.0000,0.0,353000.0,1.000,1048576.0,0.000,0,0,1048576,1,0,1,0,1,1
1,final_left,f32,262144,glibc_t2,P5,7,1,1,707357.00,514.0000,0.0000,0.0,709000.0,2.000,2097152.0,0.000,0,0,2097152,2,0,0,0,1,1
1,final_left,f32,262144,glibc_t2,P6,7,2,1,386420.00,257.0000,0.0000,0.0,389000.0,1.000,1048576.0,0.000,0,0,1048576,1,1,0,0,1,1
1,final_left,f32,262144,glibc_t2,P7,7,3,1,348440.00,257.0000,0.0000,0.0,351000.0,1.000,1048576.0,0.000,0,0,1048576,1,0,1,0,1,1
1,final_left,f32,262144,glibc_t2,P5,8,0,1,705732.00,514.0000,0.0000,708000.0,0.0,2.000,2097152.0,0.000,0,0,2097152,2,0,0,0,1,1
1,final_left,f32,262144,glibc_t2,P6,8,1,1,395543.00,257.0000,0.0000,398000.0,0.0,1.000,1048576.0,0.000,0,0,1048576,1,1,0,0,1,1
1,final_left,f32,262144,glibc_t2,P7,8,2,1,356168.00,257.0000,0.0000,166000.0,192000.0,1.000,1048576.0,0.000,0,0,1048576,1,0,1,0,1,1
1,final_left,f32,262144,glibc_t2,FIXED_TWIN,8,3,1,378563.00,257.0000,0.0000,0.0,380000.0,1.000,1048576.0,0.000,0,0,1048576,1,0,1,0,1,1
1,final_left,f32,262144,glibc_t2,P6,9,0,1,409718.00,257.0000,0.0000,0.0,411000.0,1.000,1048576.0,0.000,0,0,1048576,1,1,0,0,1,1
1,final_left,f32,262144,glibc_t2,P7,9,1,1,380715.00,257.0000,0.0000,0.0,383000.0,1.000,1048576.0,0.000,0,0,1048576,1,0,1,0,1,1
1,final_left,f32,262144,glibc_t2,FIXED_TWIN,9,2,1,380238.00,257.0000,0.0000,0.0,382000.0,1.000,1048576.0,0.000,0,0,1048576,1,0,1,0,1,1
1,final_left,f32,262144,glibc_t2,P5,9,3,1,697815.00,514.0000,0.0000,700000.0,0.0,2.000,2097152.0,0.000,0,0,2097152,2,0,0,0,1,1
1,final_left,f32,262144,glibc_t2,P7,10,0,1,389669.00,257.0000,0.0000,391000.0,0.0,1.000,1048576.0,0.000,0,0,1048576,1,0,1,0,1,1
1,final_left,f32,262144,glibc_t2,FIXED_TWIN,10,1,1,390116.00,257.0000,0.0000,281000.0,111000.0,1.000,1048576.0,0.000,0,0,1048576,1,0,1,0,1,1
1,final_left,f32,262144,glibc_t2,P5,10,2,1,737500.00,514.0000,0.0000,739000.0,0.0,2.000,2097152.0,0.000,0,0,2097152,2,0,0,0,1,1
1,final_left,f32,262144,glibc_t2,P6,10,3,1,415173.00,257.0000,0.0000,417000.0,0.0,1.000,1048576.0,0.000,0,0,1048576,1,1,0,0,1,1
1,final_left,f32,262144,glibc_t2,FIXED_TWIN,11,0,1,382189.00,257.0000,0.0000,350000.0,34000.0,1.000,1048576.0,0.000,0,0,1048576,1,0,1,0,1,1
1,final_left,f32,262144,glibc_t2,P5,11,1,1,800052.00,514.0000,0.0000,0.0,803000.0,2.000,2097152.0,0.000,0,0,2097152,2,0,0,0,1,1
1,final_left,f32,262144,glibc_t2,P6,11,2,1,402130.00,257.0000,0.0000,0.0,404000.0,1.000,1048576.0,0.000,0,0,1048576,1,1,0,0,1,1
1,final_left,f32,262144,glibc_t2,P7,11,3,1,356748.00,257.0000,0.0000,99000.0,260000.0,1.000,1048576.0,0.000,0,0,1048576,1,0,1,0,1,1
1,final_left,f32,262144,glibc_t2,P5,12,0,1,711939.00,514.0000,0.0000,714000.0,0.0,2.000,2097152.0,0.000,0,0,2097152,2,0,0,0,1,1
1,final_left,f32,262144,glibc_t2,P6,12,1,1,390680.00,257.0000,0.0000,393000.0,0.0,1.000,1048576.0,0.000,0,0,1048576,1,1,0,0,1,1
1,final_left,f32,262144,glibc_t2,P7,12,2,1,360166.00,257.0000,0.0000,312000.0,49000.0,1.000,1048576.0,0.000,0,0,1048576,1,0,1,0,1,1
1,final_left,f32,262144,glibc_t2,FIXED_TWIN,12,3,1,349335.00,257.0000,0.0000,351000.0,0.0,1.000,1048576.0,0.000,0,0,1048576,1,0,1,0,1,1
1,final_left,f32,262144,glibc_t2,P6,13,0,1,425625.00,257.0000,0.0000,429000.0,0.0,1.000,1048576.0,0.000,0,0,1048576,1,1,0,0,1,1
1,final_left,f32,262144,glibc_t2,P7,13,1,1,407955.00,257.0000,0.0000,410000.0,0.0,1.000,1048576.0,0.000,0,0,1048576,1,0,1,0,1,1
1,final_left,f32,262144,glibc_t2,FIXED_TWIN,13,2,1,401737.00,257.0000,0.0000,0.0,403000.0,1.000,1048576.0,0.000,0,0,1048576,1,0,1,0,1,1
1,final_left,f32,262144,glibc_t2,P5,13,3,1,766834.00,514.0000,0.0000,0.0,769000.0,2.000,2097152.0,0.000,0,0,2097152,2,0,0,0,1,1
1,final_left,f32,262144,glibc_t2,P7,14,0,1,437855.00,257.0000,0.0000,204000.0,235000.0,1.000,1048576.0,0.000,0,0,1048576,1,0,1,0,1,1
1,final_left,f32,262144,glibc_t2,FIXED_TWIN,14,1,1,357820.00,257.0000,0.0000,360000.0,0.0,1.000,1048576.0,0.000,0,0,1048576,1,0,1,0,1,1
1,final_left,f32,262144,glibc_t2,P5,14,2,1,705129.00,514.0000,0.0000,707000.0,0.0,2.000,2097152.0,0.000,0,0,2097152,2,0,0,0,1,1
1,final_left,f32,262144,glibc_t2,P6,14,3,1,385274.00,257.0000,0.0000,315000.0,72000.0,1.000,1048576.0,0.000,0,0,1048576,1,1,0,0,1,1
1,final_left,f32,1048576,glibc_t2,P5,0,0,1,2914839.00,2050.0000,0.0000,0.0,2919000.0,2.000,8388608.0,0.000,0,0,8388608,2,0,0,0,1,1
1,final_left,f32,1048576,glibc_t2,P6,0,1,1,1673866.00,1025.0000,0.0000,781000.0,897000.0,1.000,4194304.0,0.000,0,0,4194304,1,1,0,0,1,1
1,final_left,f32,1048576,glibc_t2,P7,0,2,1,1516439.00,1025.0000,0.0000,1234000.0,284000.0,1.000,4194304.0,0.000,0,0,4194304,1,0,1,0,1,1
1,final_left,f32,1048576,glibc_t2,FIXED_TWIN,0,3,1,1493919.00,1025.0000,0.0000,213000.0,1283000.0,1.000,4194304.0,0.000,0,0,4194304,1,0,1,0,1,1
1,final_left,f32,1048576,glibc_t2,P6,1,0,1,1681960.00,1025.0000,0.0000,1245000.0,439000.0,1.000,4194304.0,0.000,0,0,4194304,1,1,0,0,1,1
1,final_left,f32,1048576,glibc_t2,P7,1,1,1,1558444.00,1025.0000,0.0000,1561000.0,0.0,1.000,4194304.0,0.000,0,0,4194304,1,0,1,0,1,1
1,final_left,f32,1048576,glibc_t2,FIXED_TWIN,1,2,1,1516211.00,1025.0000,0.0000,0.0,1519000.0,1.000,4194304.0,0.000,0,0,4194304,1,0,1,0,1,1
1,final_left,f32,1048576,glibc_t2,P5,1,3,1,3333982.00,2050.0000,0.0000,0.0,3336000.0,2.000,8388608.0,0.000,0,0,8388608,2,0,0,0,1,1
1,final_left,f32,1048576,glibc_t2,P7,2,0,1,1558469.00,1025.0000,0.0000,1561000.0,0.0,1.000,4194304.0,0.000,0,0,4194304,1,0,1,0,1,1
1,final_left,f32,1048576,glibc_t2,FIXED_TWIN,2,1,1,1515267.00,1025.0000,0.0000,706000.0,811000.0,1.000,4194304.0,0.000,0,0,4194304,1,0,1,0,1,1
1,final_left,f32,1048576,glibc_t2,P5,2,2,1,3104575.00,2050.0000,0.0000,0.0,3107000.0,2.000,8388608.0,0.000,0,0,8388608,2,0,0,0,1,1
1,final_left,f32,1048576,glibc_t2,P6,2,3,1,1685370.00,1025.0000,0.0000,0.0,1688000.0,1.000,4194304.0,0.000,0,0,4194304,1,1,0,0,1,1
1,final_left,f32,1048576,glibc_t2,FIXED_TWIN,3,0,1,1516063.00,1025.0000,0.0000,189000.0,1330000.0,1.000,4194304.0,0.000,0,0,4194304,1,0,1,0,1,1
1,final_left,f32,1048576,glibc_t2,P5,3,1,1,3114040.00,2050.0000,0.0000,0.0,3116000.0,2.000,8388608.0,0.000,0,0,8388608,2,0,0,0,1,1
1,final_left,f32,1048576,glibc_t2,P6,3,2,1,1734860.00,1025.0000,0.0000,808000.0,931000.0,1.000,4194304.0,0.000,0,0,4194304,1,1,0,0,1,1
1,final_left,f32,1048576,glibc_t2,P7,3,3,1,1525860.00,1025.0000,0.0000,1528000.0,0.0,1.000,4194304.0,0.000,0,0,4194304,1,0,1,0,1,1
1,final_left,f32,1048576,glibc_t2,P5,4,0,1,2999617.00,2050.0000,0.0000,1396000.0,1606000.0,2.000,8388608.0,0.000,0,0,8388608,2,0,0,0,1,1
1,final_left,f32,1048576,glibc_t2,P6,4,1,1,1734096.00,1025.0000,0.0000,0.0,1737000.0,1.000,4194304.0,0.000,0,0,4194304,1,1,0,0,1,1
1,final_left,f32,1048576,glibc_t2,P7,4,2,1,1526184.00,1025.0000,0.0000,1529000.0,0.0,1.000,4194304.0,0.000,0,0,4194304,1,0,1,0,1,1
1,final_left,f32,1048576,glibc_t2,FIXED_TWIN,4,3,1,1568842.00,1025.0000,0.0000,0.0,1572000.0,1.000,4194304.0,0.000,0,0,4194304,1,0,1,0,1,1
1,final_left,f32,1048576,glibc_t2,P6,5,0,1,1663215.00,1025.0000,0.0000,776000.0,890000.0,1.000,4194304.0,0.000,0,0,4194304,1,1,0,0,1,1
1,final_left,f32,1048576,glibc_t2,P7,5,1,1,1512615.00,1025.0000,0.0000,1291000.0,225000.0,1.000,4194304.0,0.000,0,0,4194304,1,0,1,0,1,1
1,final_left,f32,1048576,glibc_t2,FIXED_TWIN,5,2,1,1516991.00,1025.0000,0.0000,200000.0,1319000.0,1.000,4194304.0,0.000,0,0,4194304,1,0,1,0,1,1
1,final_left,f32,1048576,glibc_t2,P5,5,3,1,3319462.00,2050.0000,0.0000,0.0,3322000.0,2.000,8388608.0,0.000,0,0,8388608,2,0,0,0,1,1
1,final_left,f32,1048576,glibc_t2,P7,6,0,1,1525785.00,1025.0000,0.0000,957000.0,571000.0,1.000,4194304.0,0.000,0,0,4194304,1,0,1,0,1,1
1,final_left,f32,1048576,glibc_t2,FIXED_TWIN,6,1,1,1682446.00,1025.0000,0.0000,0.0,1686000.0,1.000,4194304.0,0.000,0,0,4194304,1,0,1,0,1,1
1,final_left,f32,1048576,glibc_t2,P5,6,2,1,3148407.00,2050.0000,0.0000,0.0,3150000.0,2.000,8388608.0,0.000,0,0,8388608,2,0,0,0,1,1
1,final_left,f32,1048576,glibc_t2,P6,6,3,1,1745023.00,1025.0000,0.0000,1748000.0,0.0,1.000,4194304.0,0.000,0,0,4194304,1,1,0,0,1,1
1,final_left,f32,1048576,glibc_t2,FIXED_TWIN,7,0,1,1620885.00,1025.0000,0.0000,1625000.0,0.0,1.000,4194304.0,0.000,0,0,4194304,1,0,1,0,1,1
1,final_left,f32,1048576,glibc_t2,P5,7,1,1,3270510.00,2050.0000,0.0000,3273000.0,0.0,2.000,8388608.0,0.000,0,0,8388608,2,0,0,0,1,1
1,final_left,f32,1048576,glibc_t2,P6,7,2,1,1698521.00,1025.0000,0.0000,792000.0,909000.0,1.000,4194304.0,0.000,0,0,4194304,1,1,0,0,1,1
1,final_left,f32,1048576,glibc_t2,P7,7,3,1,1622957.00,1025.0000,0.0000,1288000.0,338000.0,1.000,4194304.0,0.000,0,0,4194304,1,0,1,0,1,1
1,final_left,f32,1048576,glibc_t2,P5,8,0,1,3215465.00,2050.0000,0.0000,1501000.0,1716000.0,2.000,8388608.0,0.000,0,0,8388608,2,0,0,0,1,1
1,final_left,f32,1048576,glibc_t2,P6,8,1,1,1727099.00,1025.0000,0.0000,0.0,1730000.0,1.000,4194304.0,0.000,0,0,4194304,1,1,0,0,1,1
1,final_left,f32,1048576,glibc_t2,P7,8,2,1,1552601.00,1025.0000,0.0000,0.0,1555000.0,1.000,4194304.0,0.000,0,0,4194304,1,0,1,0,1,1
1,final_left,f32,1048576,glibc_t2,FIXED_TWIN,8,3,1,1543521.00,1025.0000,0.0000,0.0,1546000.0,1.000,4194304.0,0.000,0,0,4194304,1,0,1,0,1,1
1,final_left,f32,1048576,glibc_t2,P6,9,0,1,1673017.00,1025.0000,0.0000,0.0,1676000.0,1.000,4194304.0,0.000,0,0,4194304,1,1,0,0,1,1
1,final_left,f32,1048576,glibc_t2,P7,9,1,1,1522941.00,1025.0000,0.0000,0.0,1525000.0,1.000,4194304.0,0.000,0,0,4194304,1,0,1,0,1,1
1,final_left,f32,1048576,glibc_t2,FIXED_TWIN,9,2,1,1524324.00,1025.0000,0.0000,991000.0,536000.0,1.000,4194304.0,0.000,0,0,4194304,1,0,1,0,1,1
1,final_left,f32,1048576,glibc_t2,P5,9,3,1,3343492.00,2050.0000,0.0000,1558000.0,1787000.0,2.000,8388608.0,0.000,0,0,8388608,2,0,0,0,1,1
1,final_left,f32,1048576,glibc_t2,P7,10,0,1,1512987.00,1025.0000,0.0000,1254000.0,261000.0,1.000,4194304.0,0.000,0,0,4194304,1,0,1,0,1,1
1,final_left,f32,1048576,glibc_t2,FIXED_TWIN,10,1,1,1543956.00,1025.0000,0.0000,0.0,1547000.0,1.000,4194304.0,0.000,0,0,4194304,1,0,1,0,1,1
1,final_left,f32,1048576,glibc_t2,P5,10,2,1,3109108.00,2050.0000,0.0000,0.0,3112000.0,2.000,8388608.0,0.000,0,0,8388608,2,0,0,0,1,1
1,final_left,f32,1048576,glibc_t2,P6,10,3,1,1704369.00,1025.0000,0.0000,0.0,1707000.0,1.000,4194304.0,0.000,0,0,4194304,1,1,0,0,1,1
1,final_left,f32,1048576,glibc_t2,FIXED_TWIN,11,0,1,1570942.00,1025.0000,0.0000,0.0,1574000.0,1.000,4194304.0,0.000,0,0,4194304,1,0,1,0,1,1
1,final_left,f32,1048576,glibc_t2,P5,11,1,1,3033089.00,2050.0000,0.0000,0.0,3035000.0,2.000,8388608.0,0.000,0,0,8388608,2,0,0,0,1,1
1,final_left,f32,1048576,glibc_t2,P6,11,2,1,1707347.00,1025.0000,0.0000,1710000.0,0.0,1.000,4194304.0,0.000,0,0,4194304,1,1,0,0,1,1
1,final_left,f32,1048576,glibc_t2,P7,11,3,1,1486529.00,1025.0000,0.0000,691000.0,798000.0,1.000,4194304.0,0.000,0,0,4194304,1,0,1,0,1,1
1,final_left,f32,1048576,glibc_t2,P5,12,0,1,3003847.00,2050.0000,0.0000,0.0,3006000.0,2.000,8388608.0,0.000,0,0,8388608,2,0,0,0,1,1
1,final_left,f32,1048576,glibc_t2,P6,12,1,1,1725048.00,1025.0000,0.0000,0.0,1729000.0,1.000,4194304.0,0.000,0,0,4194304,1,1,0,0,1,1
1,final_left,f32,1048576,glibc_t2,P7,12,2,1,1557201.00,1025.0000,0.0000,290000.0,1269000.0,1.000,4194304.0,0.000,0,0,4194304,1,0,1,0,1,1
1,final_left,f32,1048576,glibc_t2,FIXED_TWIN,12,3,1,1560117.00,1025.0000,0.0000,1207000.0,355000.0,1.000,4194304.0,0.000,0,0,4194304,1,0,1,0,1,1
1,final_left,f32,1048576,glibc_t2,P6,13,0,1,1712108.00,1025.0000,0.0000,0.0,1715000.0,1.000,4194304.0,0.000,0,0,4194304,1,1,0,0,1,1
1,final_left,f32,1048576,glibc_t2,P7,13,1,1,1615823.00,1025.0000,0.0000,0.0,1618000.0,1.000,4194304.0,0.000,0,0,4194304,1,0,1,0,1,1
1,final_left,f32,1048576,glibc_t2,FIXED_TWIN,13,2,1,1579805.00,1025.0000,0.0000,0.0,1582000.0,1.000,4194304.0,0.000,0,0,4194304,1,0,1,0,1,1
1,final_left,f32,1048576,glibc_t2,P5,13,3,1,3587359.00,2050.0000,0.0000,3434000.0,156000.0,2.000,8388608.0,0.000,0,0,8388608,2,0,0,0,1,1
1,final_left,f32,1048576,glibc_t2,P7,14,0,1,1538422.00,1025.0000,0.0000,285000.0,1256000.0,1.000,4194304.0,0.000,0,0,4194304,1,0,1,0,1,1
1,final_left,f32,1048576,glibc_t2,FIXED_TWIN,14,1,1,1565614.00,1025.0000,0.0000,1230000.0,339000.0,1.000,4194304.0,0.000,0,0,4194304,1,0,1,0,1,1
1,final_left,f32,1048576,glibc_t2,P5,14,2,1,3223408.00,2050.0000,0.0000,1495000.0,1731000.0,2.000,8388608.0,0.000,0,0,8388608,2,0,0,0,1,1
1,final_left,f32,1048576,glibc_t2,P6,14,3,1,1740872.00,1025.0000,0.0000,1744000.0,0.0,1.000,4194304.0,0.000,0,0,4194304,1,1,0,0,1,1
1,final_left,f32,4194304,glibc_t2,P5,0,0,1,17633284.00,8194.0000,0.0000,8754000.0,8845000.0,2.000,33554432.0,0.000,0,0,33554432,2,0,0,0,1,1
1,final_left,f32,4194304,glibc_t2,P6,0,1,1,9365740.00,4097.0000,0.0000,632000.0,8740000.0,1.000,16777216.0,0.000,0,0,16777216,1,1,0,0,1,1
1,final_left,f32,4194304,glibc_t2,P7,0,2,1,9004632.00,4097.0000,0.0000,2620000.0,6388000.0,1.000,16777216.0,0.000,0,0,16777216,1,0,1,0,1,1
1,final_left,f32,4194304,glibc_t2,FIXED_TWIN,0,3,1,8591397.00,4097.0000,0.0000,6428000.0,2168000.0,1.000,16777216.0,0.000,0,0,16777216,1,0,1,0,1,1
1,final_left,f32,4194304,glibc_t2,P6,1,0,1,9358053.00,4097.0000,0.0000,4631000.0,4732000.0,1.000,16777216.0,0.000,0,0,16777216,1,1,0,0,1,1
1,final_left,f32,4194304,glibc_t2,P7,1,1,1,8496716.00,4097.0000,0.0000,4232000.0,4204000.0,1.000,16777216.0,0.000,0,0,16777216,1,0,1,0,1,1
1,final_left,f32,4194304,glibc_t2,FIXED_TWIN,1,2,1,8582366.00,4097.0000,0.0000,272000.0,8314000.0,1.000,16777216.0,0.000,0,0,16777216,1,0,1,0,1,1
1,final_left,f32,4194304,glibc_t2,P5,1,3,1,19000233.00,8194.0000,0.0000,3542000.0,15420000.0,2.000,33554432.0,0.000,0,0,33554432,2,0,0,0,1,1
1,final_left,f32,4194304,glibc_t2,P7,2,0,1,9658995.00,4097.0000,0.0000,4767000.0,4899000.0,1.000,16777216.0,0.000,0,0,16777216,1,0,1,0,1,1
1,final_left,f32,4194304,glibc_t2,FIXED_TWIN,2,1,1,9513916.00,4097.0000,0.0000,6856000.0,2662000.0,1.000,16777216.0,0.000,0,0,16777216,1,0,1,0,1,1
1,final_left,f32,4194304,glibc_t2,P5,2,2,1,18539614.00,8194.0000,0.0000,7328000.0,11215000.0,2.000,33554432.0,0.000,0,0,33554432,2,0,0,0,1,1
1,final_left,f32,4194304,glibc_t2,P6,2,3,1,10228208.00,4097.0000,0.0000,9002000.0,1166000.0,1.000,16777216.0,0.000,0,0,16777216,1,1,0,0,1,1
1,final_left,f32,4194304,glibc_t2,FIXED_TWIN,3,0,1,9467649.00,4097.0000,0.0000,0.0,9472000.0,1.000,16777216.0,0.000,0,0,16777216,1,0,1,0,1,1
1,final_left,f32,4194304,glibc_t2,P5,3,1,1,19032511.00,8194.0000,0.0000,0.0,19037000.0,2.000,33554432.0,0.000,0,0,33554432,2,0,0,0,1,1
1,final_left,f32,4194304,glibc_t2,P6,3,2,1,10505647.00,4097.0000,0.0000,7313000.0,3199000.0,1.000,16777216.0,0.000,0,0,16777216,1,1,0,0,1,1
1,final_left,f32,4194304,glibc_t2,P7,3,3,1,9334256.00,4097.0000,0.0000,8619000.0,721000.0,1.000,16777216.0,0.000,0,0,16777216,1,0,1,0,1,1
1,final_left,f32,4194304,glibc_t2,P5,4,0,1,18166922.00,8194.0000,0.0000,3156000.0,15015000.0,2.000,33554432.0,0.000,0,0,33554432,2,0,0,0,1,1
1,final_left,f32,4194304,glibc_t2,P6,4,1,1,10346982.00,4097.0000,0.0000,3208000.0,7112000.0,1.000,16777216.0,0.000,0,0,16777216,1,1,0,0,1,1
1,final_left,f32,4194304,glibc_t2,P7,4,2,1,9399116.00,4097.0000,0.0000,8647000.0,757000.0,1.000,16777216.0,0.000,0,0,16777216,1,0,1,0,1,1
1,final_left,f32,4194304,glibc_t2,FIXED_TWIN,4,3,1,9331485.00,4097.0000,0.0000,617000.0,8719000.0,1.000,16777216.0,0.000,0,0,16777216,1,0,1,0,1,1
1,final_left,f32,4194304,glibc_t2,P6,5,0,1,9838664.00,4097.0000,0.0000,853000.0,8991000.0,1.000,16777216.0,0.000,0,0,16777216,1,1,0,0,1,1
1,final_left,f32,4194304,glibc_t2,P7,5,1,1,9290691.00,4097.0000,0.0000,4600000.0,4696000.0,1.000,16777216.0,0.000,0,0,16777216,1,0,1,0,1,1
1,final_left,f32,4194304,glibc_t2,FIXED_TWIN,5,2,1,9419444.00,4097.0000,0.0000,2806000.0,6587000.0,1.000,16777216.0,0.000,0,0,16777216,1,0,1,0,1,1
1,final_left,f32,4194304,glibc_t2,P5,5,3,1,18766455.00,8194.0000,0.0000,7433000.0,11340000.0,2.000,33554432.0,0.000,0,0,33554432,2,0,0,0,1,1
1,final_left,f32,4194304,glibc_t2,P7,6,0,1,9656610.00,4097.0000,0.0000,767000.0,8895000.0,1.000,16777216.0,0.000,0,0,16777216,1,0,1,0,1,1
1,final_left,f32,4194304,glibc_t2,FIXED_TWIN,6,1,1,9507821.00,4097.0000,0.0000,0.0,9512000.0,1.000,16777216.0,0.000,0,0,16777216,1,0,1,0,1,1
1,final_left,f32,4194304,glibc_t2,P5,6,2,1,18298163.00,8194.0000,0.0000,5058000.0,13164000.0,2.000,33554432.0,0.000,0,0,33554432,2,0,0,0,1,1
1,final_left,f32,4194304,glibc_t2,P6,6,3,1,9925127.00,4097.0000,0.0000,887000.0,9042000.0,1.000,16777216.0,0.000,0,0,16777216,1,1,0,0,1,1
1,final_left,f32,4194304,glibc_t2,FIXED_TWIN,7,0,1,9686986.00,4097.0000,0.0000,2940000.0,6754000.0,1.000,16777216.0,0.000,0,0,16777216,1,0,1,0,1,1
1,final_left,f32,4194304,glibc_t2,P5,7,1,1,18230387.00,8194.0000,0.0000,5026000.0,13209000.0,2.000,33554432.0,0.000,0,0,33554432,2,0,0,0,1,1
1,final_left,f32,4194304,glibc_t2,P6,7,2,1,10349041.00,4097.0000,0.0000,5081000.0,5162000.0,1.000,16777216.0,0.000,0,0,16777216,1,1,0,0,1,1
1,final_left,f32,4194304,glibc_t2,P7,7,3,1,8978447.00,4097.0000,0.0000,4452000.0,4532000.0,1.000,16777216.0,0.000,0,0,16777216,1,0,1,0,1,1
1,final_left,f32,4194304,glibc_t2,P5,8,0,1,18474574.00,8194.0000,0.0000,9102000.0,9341000.0,2.000,33554432.0,0.000,0,0,33554432,2,0,0,0,1,1
1,final_left,f32,4194304,glibc_t2,P6,8,1,1,11000502.00,4097.0000,0.0000,8283000.0,2722000.0,1.000,16777216.0,0.000,0,0,16777216,1,1,0,0,1,1
1,final_left,f32,4194304,glibc_t2,P7,8,2,1,9309397.00,4097.0000,0.0000,4606000.0,4707000.0,1.000,16777216.0,0.000,0,0,16777216,1,0,1,0,1,1
1,final_left,f32,4194304,glibc_t2,FIXED_TWIN,8,3,1,10380164.00,4097.0000,0.0000,3254000.0,7131000.0,1.000,16777216.0,0.000,0,0,16777216,1,0,1,0,1,1
1,final_left,f32,4194304,glibc_t2,P6,9,0,1,10179549.00,4097.0000,0.0000,7159000.0,3026000.0,1.000,16777216.0,0.000,0,0,16777216,1,1,0,0,1,1
1,final_left,f32,4194304,glibc_t2,P7,9,1,1,9259414.00,4097.0000,0.0000,587000.0,8678000.0,1.000,16777216.0,0.000,0,0,16777216,1,0,1,0,1,1
1,final_left,f32,4194304,glibc_t2,FIXED_TWIN,9,2,1,9214210.00,4097.0000,0.0000,8565000.0,653000.0,1.000,16777216.0,0.000,0,0,16777216,1,0,1,0,1,1
1,final_left,f32,4194304,glibc_t2,P5,9,3,1,18298573.00,8194.0000,0.0000,3212000.0,15091000.0,2.000,33554432.0,0.000,0,0,33554432,2,0,0,0,1,1
1,final_left,f32,4194304,glibc_t2,P7,10,0,1,9414448.00,4097.0000,0.0000,4658000.0,4761000.0,1.000,16777216.0,0.000,0,0,16777216,1,0,1,0,1,1
1,final_left,f32,4194304,glibc_t2,FIXED_TWIN,10,1,1,9380926.00,4097.0000,0.0000,0.0,9374000.0,1.000,16777216.0,0.000,0,0,16777216,1,0,1,0,1,1
1,final_left,f32,4194304,glibc_t2,P5,10,2,1,18700783.00,8194.0000,0.0000,3402000.0,15303000.0,2.000,33554432.0,0.000,0,0,33554432,2,0,0,0,1,1
1,final_left,f32,4194304,glibc_t2,P6,10,3,1,10713186.00,4097.0000,0.0000,10720000.0,0.0,1.000,16777216.0,0.000,0,0,16777216,1,1,0,0,1,1
1,final_left,f32,4194304,glibc_t2,FIXED_TWIN,11,0,1,8820222.00,4097.0000,0.0000,384000.0,8441000.0,1.000,16777216.0,0.000,0,0,16777216,1,0,1,0,1,1
1,final_left,f32,4194304,glibc_t2,P5,11,1,1,18593918.00,8194.0000,0.0000,11337000.0,7251000.0,2.000,33554432.0,0.000,0,0,33554432,2,0,0,0,1,1
1,final_left,f32,4194304,glibc_t2,P6,11,2,1,10070824.00,4097.0000,0.0000,3104000.0,6972000.0,1.000,16777216.0,0.000,0,0,16777216,1,1,0,0,1,1
1,final_left,f32,4194304,glibc_t2,P7,11,3,1,8722015.00,4097.0000,0.0000,4338000.0,4387000.0,1.000,16777216.0,0.000,0,0,16777216,1,0,1,0,1,1
1,final_left,f32,4194304,glibc_t2,P5,12,0,1,18130568.00,8194.0000,0.0000,4982000.0,13128000.0,2.000,33554432.0,0.000,0,0,33554432,2,0,0,0,1,1
1,final_left,f32,4194304,glibc_t2,P6,12,1,1,10026662.00,4097.0000,0.0000,7084000.0,2946000.0,1.000,16777216.0,0.000,0,0,16777216,1,1,0,0,1,1
1,final_left,f32,4194304,glibc_t2,P7,12,2,1,8575292.00,4097.0000,0.0000,270000.0,8310000.0,1.000,16777216.0,0.000,0,0,16777216,1,0,1,0,1,1
1,final_left,f32,4194304,glibc_t2,FIXED_TWIN,12,3,1,8573295.00,4097.0000,0.0000,4268000.0,4309000.0,1.000,16777216.0,0.000,0,0,16777216,1,0,1,0,1,1
1,final_left,f32,4194304,glibc_t2,P6,13,0,1,9058107.00,4097.0000,0.0000,4493000.0,4568000.0,1.000,16777216.0,0.000,0,0,16777216,1,1,0,0,1,1
1,final_left,f32,4194304,glibc_t2,P7,13,1,1,8221080.00,4097.0000,0.0000,8104000.0,120000.0,1.000,16777216.0,0.000,0,0,16777216,1,0,1,0,1,1
1,final_left,f32,4194304,glibc_t2,FIXED_TWIN,13,2,1,8250175.00,4097.0000,0.0000,2219000.0,6001000.0,1.000,16777216.0,0.000,0,0,16777216,1,0,1,0,1,1
1,final_left,f32,4194304,glibc_t2,P5,13,3,1,16902614.00,8194.0000,0.0000,8422000.0,8483000.0,2.000,33554432.0,0.000,0,0,33554432,2,0,0,0,1,1
1,final_left,f32,4194304,glibc_t2,P7,14,0,1,8672099.00,4097.0000,0.0000,4925000.0,3750000.0,1.000,16777216.0,0.000,0,0,16777216,1,0,1,0,1,1
1,final_left,f32,4194304,glibc_t2,FIXED_TWIN,14,1,1,8796407.00,4097.0000,0.0000,8687000.0,114000.0,1.000,16777216.0,0.000,0,0,16777216,1,0,1,0,1,1
1,final_left,f32,4194304,glibc_t2,P5,14,2,1,17553341.00,8194.0000,0.0000,2853000.0,14666000.0,2.000,33554432.0,0.000,0,0,33554432,2,0,0,0,1,1
1,final_left,f32,4194304,glibc_t2,P6,14,3,1,9040579.00,4097.0000,0.0000,4490000.0,4555000.0,1.000,16777216.0,0.000,0,0,16777216,1,1,0,0,1,1
1,final_left,f32,16777216,glibc_t2,P5,0,0,1,77015252.00,32770.0000,0.0000,28466000.0,48496000.0,2.000,134217728.0,0.000,0,0,134217728,2,0,0,0,1,1
1,final_left,f32,16777216,glibc_t2,P6,0,1,1,49334019.00,16385.0000,0.0000,26760000.0,22582000.0,1.000,67108864.0,0.000,0,0,67108864,1,1,0,0,1,1
1,final_left,f32,16777216,glibc_t2,P7,0,2,1,43076665.00,16385.0000,0.0000,11570000.0,31512000.0,1.000,67108864.0,0.000,0,0,67108864,1,0,1,0,1,1
1,final_left,f32,16777216,glibc_t2,FIXED_TWIN,0,3,1,43141485.00,16385.0000,0.0000,25473000.0,17675000.0,1.000,67108864.0,0.000,0,0,67108864,1,0,1,0,1,1
1,final_left,f32,16777216,glibc_t2,P6,1,0,1,48706508.00,16385.0000,0.0000,32332000.0,16379000.0,1.000,67108864.0,0.000,0,0,67108864,1,1,0,0,1,1
1,final_left,f32,16777216,glibc_t2,P7,1,1,1,41734676.00,16385.0000,0.0000,12819000.0,28922000.0,1.000,67108864.0,0.000,0,0,67108864,1,0,1,0,1,1
1,final_left,f32,16777216,glibc_t2,FIXED_TWIN,1,2,1,42300092.00,16385.0000,0.0000,17081000.0,25215000.0,1.000,67108864.0,0.000,0,0,67108864,1,0,1,0,1,1
1,final_left,f32,16777216,glibc_t2,P5,1,3,1,77642386.00,32770.0000,0.0000,24773000.0,52876000.0,2.000,134217728.0,0.000,0,0,134217728,2,0,0,0,1,1
1,final_left,f32,16777216,glibc_t2,P7,2,0,1,44129819.00,16385.0000,0.0000,20064000.0,24072000.0,1.000,67108864.0,0.000,0,0,67108864,1,0,1,0,1,1
1,final_left,f32,16777216,glibc_t2,FIXED_TWIN,2,1,1,42829447.00,16385.0000,0.0000,27451000.0,15384000.0,1.000,67108864.0,0.000,0,0,67108864,1,0,1,0,1,1
1,final_left,f32,16777216,glibc_t2,P5,2,2,1,77152064.00,32770.0000,0.0000,20547000.0,56611000.0,2.000,134217728.0,0.000,0,0,134217728,2,0,0,0,1,1
1,final_left,f32,16777216,glibc_t2,P6,2,3,1,48957975.00,16385.0000,0.0000,18576000.0,30390000.0,1.000,67108864.0,0.000,0,0,67108864,1,1,0,0,1,1
1,final_left,f32,16777216,glibc_t2,FIXED_TWIN,3,0,1,41019287.00,16385.0000,0.0000,12481000.0,28544000.0,1.000,67108864.0,0.000,0,0,67108864,1,0,1,0,1,1
1,final_left,f32,16777216,glibc_t2,P5,3,1,1,74021713.00,32770.0000,0.0000,19077000.0,54950000.0,2.000,134217728.0,0.000,0,0,134217728,2,0,0,0,1,1
1,final_left,f32,16777216,glibc_t2,P6,3,2,1,47226770.00,16385.0000,0.0000,31638000.0,15594000.0,1.000,67108864.0,0.000,0,0,67108864,1,1,0,0,1,1
1,final_left,f32,16777216,glibc_t2,P7,3,3,1,40712670.00,16385.0000,0.0000,12337000.0,28342000.0,1.000,67108864.0,0.000,0,0,67108864,1,0,1,0,1,1
1,final_left,f32,16777216,glibc_t2,P5,4,0,1,74374322.00,32770.0000,0.0000,21112000.0,53268000.0,2.000,134217728.0,0.000,0,0,134217728,2,0,0,0,1,1
1,final_left,f32,16777216,glibc_t2,P6,4,1,1,47725611.00,16385.0000,0.0000,15876000.0,31856000.0,1.000,67108864.0,0.000,0,0,67108864,1,1,0,0,1,1
1,final_left,f32,16777216,glibc_t2,P7,4,2,1,42471456.00,16385.0000,0.0000,19290000.0,23188000.0,1.000,67108864.0,0.000,0,0,67108864,1,0,1,0,1,1
1,final_left,f32,16777216,glibc_t2,FIXED_TWIN,4,3,1,41206670.00,16385.0000,0.0000,26696000.0,14517000.0,1.000,67108864.0,0.000,0,0,67108864,1,0,1,0,1,1
1,final_left,f32,16777216,glibc_t2,P6,5,0,1,48039668.00,16385.0000,0.0000,24021000.0,24025000.0,1.000,67108864.0,0.000,0,0,67108864,1,1,0,0,1,1
1,final_left,f32,16777216,glibc_t2,P7,5,1,1,41788079.00,16385.0000,0.0000,12835000.0,28946000.0,1.000,67108864.0,0.000,0,0,67108864,1,0,1,0,1,1
1,final_left,f32,16777216,glibc_t2,FIXED_TWIN,5,2,1,42362703.00,16385.0000,0.0000,21112000.0,21258000.0,1.000,67108864.0,0.000,0,0,67108864,1,0,1,0,1,1
1,final_left,f32,16777216,glibc_t2,P5,5,3,1,76232033.00,32770.0000,0.0000,30230000.0,45995000.0,2.000,134217728.0,0.000,0,0,134217728,2,0,0,0,1,1
1,final_left,f32,16777216,glibc_t2,P7,6,0,1,41369847.00,16385.0000,0.0000,8643000.0,32731000.0,1.000,67108864.0,0.000,0,0,67108864,1,0,1,0,1,1
1,final_left,f32,16777216,glibc_t2,FIXED_TWIN,6,1,1,41321094.00,16385.0000,0.0000,10750000.0,30549000.0,1.000,67108864.0,0.000,0,0,67108864,1,0,1,0,1,1
1,final_left,f32,16777216,glibc_t2,P5,6,2,1,75608092.00,32770.0000,0.0000,27820000.0,47794000.0,2.000,134217728.0,0.000,0,0,134217728,2,0,0,0,1,1
1,final_left,f32,16777216,glibc_t2,P6,6,3,1,48746960.00,16385.0000,0.0000,22486000.0,26270000.0,1.000,67108864.0,0.000,0,0,67108864,1,1,0,0,1,1
1,final_left,f32,16777216,glibc_t2,FIXED_TWIN,7,0,1,41560690.00,16385.0000,0.0000,8731000.0,32835000.0,1.000,67108864.0,0.000,0,0,67108864,1,0,1,0,1,1
1,final_left,f32,16777216,glibc_t2,P5,7,1,1,74707951.00,32770.0000,0.0000,31401000.0,43302000.0,2.000,134217728.0,0.000,0,0,134217728,2,0,0,0,1,1
1,final_left,f32,16777216,glibc_t2,P6,7,2,1,47532413.00,16385.0000,0.0000,21648000.0,25890000.0,1.000,67108864.0,0.000,0,0,67108864,1,1,0,0,1,1
1,final_left,f32,16777216,glibc_t2,P7,7,3,1,41610380.00,16385.0000,0.0000,22889000.0,18693000.0,1.000,67108864.0,0.000,0,0,67108864,1,0,1,0,1,1
1,final_left,f32,16777216,glibc_t2,P5,8,0,1,75233699.00,32770.0000,0.0000,25509000.0,49704000.0,2.000,134217728.0,0.000,0,0,134217728,2,0,0,0,1,1
1,final_left,f32,16777216,glibc_t2,P6,8,1,1,48061074.00,16385.0000,0.0000,24031000.0,24036000.0,1.000,67108864.0,0.000,0,0,67108864,1,1,0,0,1,1
1,final_left,f32,16777216,glibc_t2,P7,8,2,1,41617032.00,16385.0000,0.0000,10873000.0,30737000.0,1.000,67108864.0,0.000,0,0,67108864,1,0,1,0,1,1
1,final_left,f32,16777216,glibc_t2,FIXED_TWIN,8,3,1,42032303.00,16385.0000,0.0000,23082000.0,18956000.0,1.000,67108864.0,0.000,0,0,67108864,1,0,1,0,1,1
1,final_left,f32,16777216,glibc_t2,P6,9,0,1,48463735.00,16385.0000,0.0000,16220000.0,32250000.0,1.000,67108864.0,0.000,0,0,67108864,1,1,0,0,1,1
1,final_left,f32,16777216,glibc_t2,P7,9,1,1,41971280.00,16385.0000,0.0000,19054000.0,22923000.0,1.000,67108864.0,0.000,0,0,67108864,1,0,1,0,1,1
1,final_left,f32,16777216,glibc_t2,FIXED_TWIN,9,2,1,41648137.00,16385.0000,0.0000,14901000.0,26753000.0,1.000,67108864.0,0.000,0,0,67108864,1,0,1,0,1,1
1,final_left,f32,16777216,glibc_t2,P5,9,3,1,76002803.00,32770.0000,0.0000,16007000.0,60001000.0,2.000,134217728.0,0.000,0,0,134217728,2,0,0,0,1,1
1,final_left,f32,16777216,glibc_t2,P7,10,0,1,41798072.00,16385.0000,0.0000,16845000.0,24931000.0,1.000,67108864.0,0.000,0,0,67108864,1,0,1,0,1,1
1,final_left,f32,16777216,glibc_t2,FIXED_TWIN,10,1,1,41590950.00,16385.0000,0.0000,20746000.0,20850000.0,1.000,67108864.0,0.000,0,0,67108864,1,0,1,0,1,1
1,final_left,f32,16777216,glibc_t2,P5,10,2,1,75186235.00,32770.0000,0.0000,11623000.0,63569000.0,2.000,134217728.0,0.000,0,0,134217728,2,0,0,0,1,1
1,final_left,f32,16777216,glibc_t2,P6,10,3,1,47222084.00,16385.0000,0.0000,23641000.0,23550000.0,1.000,67108864.0,0.000,0,0,67108864,1,1,0,0,1,1
1,final_left,f32,16777216,glibc_t2,FIXED_TWIN,11,0,1,44741462.00,16385.0000,0.0000,16349000.0,28400000.0,1.000,67108864.0,0.000,0,0,67108864,1,0,1,0,1,1
1,final_left,f32,16777216,glibc_t2,P5,11,1,1,74923973.00,32770.0000,0.0000,9367000.0,65562000.0,2.000,134217728.0,0.000,0,0,134217728,2,0,0,0,1,1
1,final_left,f32,16777216,glibc_t2,P6,11,2,1,46914559.00,16385.0000,0.0000,23497000.0,23423000.0,1.000,67108864.0,0.000,0,0,67108864,1,1,0,0,1,1
1,final_left,f32,16777216,glibc_t2,P7,11,3,1,40937884.00,16385.0000,0.0000,16438000.0,24504000.0,1.000,67108864.0,0.000,0,0,67108864,1,0,1,0,1,1
1,final_left,f32,16777216,glibc_t2,P5,12,0,1,73659145.00,32770.0000,0.0000,14920000.0,58745000.0,2.000,134217728.0,0.000,0,0,134217728,2,0,0,0,1,1
1,final_left,f32,16777216,glibc_t2,P6,12,1,1,47382980.00,16385.0000,0.0000,15718000.0,31607000.0,1.000,67108864.0,0.000,0,0,67108864,1,1,0,0,1,1
1,final_left,f32,16777216,glibc_t2,P7,12,2,1,41185680.00,16385.0000,0.0000,12522000.0,28639000.0,1.000,67108864.0,0.000,0,0,67108864,1,0,1,0,1,1
1,final_left,f32,16777216,glibc_t2,FIXED_TWIN,12,3,1,41025511.00,16385.0000,0.0000,16478000.0,24553000.0,1.000,67108864.0,0.000,0,0,67108864,1,0,1,0,1,1
1,final_left,f32,16777216,glibc_t2,P6,13,0,1,47347924.00,16385.0000,0.0000,15700000.0,31652000.0,1.000,67108864.0,0.000,0,0,67108864,1,1,0,0,1,1
1,final_left,f32,16777216,glibc_t2,P7,13,1,1,41023214.00,16385.0000,0.0000,22631000.0,18309000.0,1.000,67108864.0,0.000,0,0,67108864,1,0,1,0,1,1
1,final_left,f32,16777216,glibc_t2,FIXED_TWIN,13,2,1,41005222.00,16385.0000,0.0000,18530000.0,22279000.0,1.000,67108864.0,0.000,0,0,67108864,1,0,1,0,1,1
1,final_left,f32,16777216,glibc_t2,P5,13,3,1,73735538.00,32770.0000,0.0000,16807000.0,56933000.0,2.000,134217728.0,0.000,0,0,134217728,2,0,0,0,1,1
1,final_left,f32,16777216,glibc_t2,P7,14,0,1,40811725.00,16385.0000,0.0000,20379000.0,20438000.0,1.000,67108864.0,0.000,0,0,67108864,1,0,1,0,1,1
1,final_left,f32,16777216,glibc_t2,FIXED_TWIN,14,1,1,40733637.00,16385.0000,0.0000,16343000.0,24395000.0,1.000,67108864.0,0.000,0,0,67108864,1,0,1,0,1,1
1,final_left,f32,16777216,glibc_t2,P5,14,2,1,73853010.00,32770.0000,0.0000,24861000.0,48953000.0,2.000,134217728.0,0.000,0,0,134217728,2,0,0,0,1,1
1,final_left,f32,16777216,glibc_t2,P6,14,3,1,47285956.00,16385.0000,0.0000,19671000.0,27620000.0,1.000,67108864.0,0.000,0,0,67108864,1,1,0,0,1,1
1,final_left,f32,67108864,glibc_t2,P5,0,0,1,301431074.00,131074.0000,0.0000,132627000.0,168778000.0,2.000,536870912.0,0.000,0,0,536870912,2,0,0,0,1,1
1,final_left,f32,67108864,glibc_t2,P6,0,1,1,189166969.00,65537.0000,0.0000,94671000.0,94476000.0,1.000,268435456.0,0.000,0,0,268435456,1,1,0,0,1,1
1,final_left,f32,67108864,glibc_t2,P7,0,2,1,162870798.00,65537.0000,0.0000,65314000.0,97537000.0,1.000,268435456.0,0.000,0,0,268435456,1,0,1,0,1,1
1,final_left,f32,67108864,glibc_t2,FIXED_TWIN,0,3,1,161308113.00,65537.0000,0.0000,74760000.0,86555000.0,1.000,268435456.0,0.000,0,0,268435456,1,0,1,0,1,1
1,final_left,f32,67108864,glibc_t2,P6,1,0,1,186876613.00,65537.0000,0.0000,87448000.0,99402000.0,1.000,268435456.0,0.000,0,0,268435456,1,1,0,0,1,1
1,final_left,f32,67108864,glibc_t2,P7,1,1,1,160198736.00,65537.0000,0.0000,68095000.0,92110000.0,1.000,268435456.0,0.000,0,0,268435456,1,0,1,0,1,1
1,final_left,f32,67108864,glibc_t2,FIXED_TWIN,1,2,1,161764729.00,65537.0000,0.0000,52821000.0,108905000.0,1.000,268435456.0,0.000,0,0,268435456,1,0,1,0,1,1
1,final_left,f32,67108864,glibc_t2,P5,1,3,1,287931008.00,131074.0000,0.0000,87972000.0,199964000.0,2.000,536870912.0,0.000,0,0,536870912,2,0,0,0,1,1
1,final_left,f32,67108864,glibc_t2,P7,2,0,1,160782498.00,65537.0000,0.0000,56367000.0,104386000.0,1.000,268435456.0,0.000,0,0,268435456,1,0,1,0,1,1
1,final_left,f32,67108864,glibc_t2,FIXED_TWIN,2,1,1,175153309.00,65537.0000,0.0000,63611000.0,111549000.0,1.000,268435456.0,0.000,0,0,268435456,1,0,1,0,1,1
1,final_left,f32,67108864,glibc_t2,P5,2,2,1,294772777.00,131074.0000,0.0000,89279000.0,205444000.0,2.000,536870912.0,0.000,0,0,536870912,2,0,0,0,1,1
1,final_left,f32,67108864,glibc_t2,P6,2,3,1,184204631.00,65537.0000,0.0000,100093000.0,84107000.0,1.000,268435456.0,0.000,0,0,268435456,1,1,0,0,1,1
1,final_left,f32,67108864,glibc_t2,FIXED_TWIN,3,0,1,160743334.00,65537.0000,0.0000,60349000.0,100366000.0,1.000,268435456.0,0.000,0,0,268435456,1,0,1,0,1,1
1,final_left,f32,67108864,glibc_t2,P5,3,1,1,290368934.00,131074.0000,0.0000,97102000.0,193239000.0,2.000,536870912.0,0.000,0,0,536870912,2,0,0,0,1,1
1,final_left,f32,67108864,glibc_t2,P6,3,2,1,185321668.00,65537.0000,0.0000,96616000.0,88667000.0,1.000,268435456.0,0.000,0,0,268435456,1,1,0,0,1,1
1,final_left,f32,67108864,glibc_t2,P7,3,3,1,159880752.00,65537.0000,0.0000,79934000.0,79898000.0,1.000,268435456.0,0.000,0,0,268435456,1,0,1,0,1,1
1,final_left,f32,67108864,glibc_t2,P5,4,0,1,291330146.00,131074.0000,0.0000,95695000.0,195640000.0,2.000,536870912.0,0.000,0,0,536870912,2,0,0,0,1,1
1,final_left,f32,67108864,glibc_t2,P6,4,1,1,187481126.00,65537.0000,0.0000,91760000.0,95727000.0,1.000,268435456.0,0.000,0,0,268435456,1,1,0,0,1,1
1,final_left,f32,67108864,glibc_t2,P7,4,2,1,161913059.00,65537.0000,0.0000,43027000.0,118893000.0,1.000,268435456.0,0.000,0,0,268435456,1,0,1,0,1,1
1,final_left,f32,67108864,glibc_t2,FIXED_TWIN,4,3,1,162015478.00,65537.0000,0.0000,68941000.0,93026000.0,1.000,268435456.0,0.000,0,0,268435456,1,0,1,0,1,1
1,final_left,f32,67108864,glibc_t2,P6,5,0,1,188574403.00,65537.0000,0.0000,96274000.0,92309000.0,1.000,268435456.0,0.000,0,0,268435456,1,1,0,0,1,1
1,final_left,f32,67108864,glibc_t2,P7,5,1,1,161813405.00,65537.0000,0.0000,78975000.0,82815000.0,1.000,268435456.0,0.000,0,0,268435456,1,0,1,0,1,1
1,final_left,f32,67108864,glibc_t2,FIXED_TWIN,5,2,1,164474634.00,65537.0000,0.0000,52227000.0,112254000.0,1.000,268435456.0,0.000,0,0,268435456,1,0,1,0,1,1
1,final_left,f32,67108864,glibc_t2,P5,5,3,1,291576929.00,131074.0000,0.0000,79782000.0,211641000.0,2.000,536870912.0,0.000,0,0,536870912,2,0,0,0,1,1
1,final_left,f32,67108864,glibc_t2,P7,6,0,1,162350803.00,65537.0000,0.0000,49105000.0,113252000.0,1.000,268435456.0,0.000,0,0,268435456,1,0,1,0,1,1
1,final_left,f32,67108864,glibc_t2,FIXED_TWIN,6,1,1,164242221.00,65537.0000,0.0000,52117000.0,112095000.0,1.000,268435456.0,0.000,0,0,268435456,1,0,1,0,1,1
1,final_left,f32,67108864,glibc_t2,P5,6,2,1,304671925.00,131074.0000,0.0000,104301000.0,200273000.0,2.000,536870912.0,0.000,0,0,536870912,2,0,0,0,1,1
1,final_left,f32,67108864,glibc_t2,P6,6,3,1,186712508.00,65537.0000,0.0000,91395000.0,95311000.0,1.000,268435456.0,0.000,0,0,268435456,1,1,0,0,1,1
1,final_left,f32,67108864,glibc_t2,FIXED_TWIN,7,0,1,167065560.00,65537.0000,0.0000,67566000.0,99507000.0,1.000,268435456.0,0.000,0,0,268435456,1,0,1,0,1,1
1,final_left,f32,67108864,glibc_t2,P5,7,1,1,294922916.00,131074.0000,0.0000,103485000.0,191423000.0,2.000,536870912.0,0.000,0,0,536870912,2,0,0,0,1,1
1,final_left,f32,67108864,glibc_t2,P6,7,2,1,186134751.00,65537.0000,0.0000,89004000.0,97139000.0,1.000,268435456.0,0.000,0,0,268435456,1,1,0,0,1,1
1,final_left,f32,67108864,glibc_t2,P7,7,3,1,163265138.00,65537.0000,0.0000,59659000.0,103612000.0,1.000,268435456.0,0.000,0,0,268435456,1,0,1,0,1,1
1,final_left,f32,67108864,glibc_t2,P5,8,0,1,289743505.00,131074.0000,0.0000,88821000.0,200927000.0,2.000,536870912.0,0.000,0,0,536870912,2,0,0,0,1,1
1,final_left,f32,67108864,glibc_t2,P6,8,1,1,189109162.00,65537.0000,0.0000,102643000.0,86462000.0,1.000,268435456.0,0.000,0,0,268435456,1,1,0,0,1,1
1,final_left,f32,67108864,glibc_t2,P7,8,2,1,162289797.00,65537.0000,0.0000,71100000.0,91096000.0,1.000,268435456.0,0.000,0,0,268435456,1,0,1,0,1,1
1,final_left,f32,67108864,glibc_t2,FIXED_TWIN,8,3,1,165271830.00,65537.0000,0.0000,60596000.0,104673000.0,1.000,268435456.0,0.000,0,0,268435456,1,0,1,0,1,1
1,final_left,f32,67108864,glibc_t2,P6,9,0,1,191943522.00,65537.0000,0.0000,87957000.0,103974000.0,1.000,268435456.0,0.000,0,0,268435456,1,1,0,0,1,1
1,final_left,f32,67108864,glibc_t2,P7,9,1,1,164377411.00,65537.0000,0.0000,58302000.0,106063000.0,1.000,268435456.0,0.000,0,0,268435456,1,0,1,0,1,1
1,final_left,f32,67108864,glibc_t2,FIXED_TWIN,9,2,1,174091537.00,65537.0000,0.0000,75108000.0,98990000.0,1.000,268435456.0,0.000,0,0,268435456,1,0,1,0,1,1
1,final_left,f32,67108864,glibc_t2,P5,9,3,1,298147404.00,131074.0000,0.0000,89006000.0,209069000.0,2.000,536870912.0,0.000,0,0,536870912,2,0,0,0,1,1
1,final_left,f32,67108864,glibc_t2,P7,10,0,1,165386107.00,65537.0000,0.0000,64653000.0,100740000.0,1.000,268435456.0,0.000,0,0,268435456,1,0,1,0,1,1
1,final_left,f32,67108864,glibc_t2,FIXED_TWIN,10,1,1,164435092.00,65537.0000,0.0000,72172000.0,92234000.0,1.000,268435456.0,0.000,0,0,268435456,1,0,1,0,1,1
1,final_left,f32,67108864,glibc_t2,P5,10,2,1,292238106.00,131074.0000,0.0000,103947000.0,188129000.0,2.000,536870912.0,0.000,0,0,536870912,2,0,0,0,1,1
1,final_left,f32,67108864,glibc_t2,P6,10,3,1,185465589.00,65537.0000,0.0000,98773000.0,86590000.0,1.000,268435456.0,0.000,0,0,268435456,1,1,0,0,1,1
1,final_left,f32,67108864,glibc_t2,FIXED_TWIN,11,0,1,161225109.00,65537.0000,0.0000,60577000.0,100622000.0,1.000,268435456.0,0.000,0,0,268435456,1,0,1,0,1,1
1,final_left,f32,67108864,glibc_t2,P5,11,1,1,289494753.00,131074.0000,0.0000,74825000.0,214617000.0,2.000,536870912.0,0.000,0,0,536870912,2,0,0,0,1,1
1,final_left,f32,67108864,glibc_t2,P6,11,2,1,186404716.00,65537.0000,0.0000,99257000.0,87143000.0,1.000,268435456.0,0.000,0,0,268435456,1,1,0,0,1,1
1,final_left,f32,67108864,glibc_t2,P7,11,3,1,161734860.00,65537.0000,0.0000,78943000.0,82798000.0,1.000,268435456.0,0.000,0,0,268435456,1,0,1,0,1,1
1,final_left,f32,67108864,glibc_t2,P5,12,0,1,299315968.00,131074.0000,0.0000,117523000.0,181768000.0,2.000,536870912.0,0.000,0,0,536870912,2,0,0,0,1,1
1,final_left,f32,67108864,glibc_t2,P6,12,1,1,196595903.00,65537.0000,0.0000,88252000.0,108287000.0,1.000,268435456.0,0.000,0,0,268435456,1,1,0,0,1,1
1,final_left,f32,67108864,glibc_t2,P7,12,2,1,164857098.00,65537.0000,0.0000,60400000.0,104440000.0,1.000,268435456.0,0.000,0,0,268435456,1,0,1,0,1,1
1,final_left,f32,67108864,glibc_t2,FIXED_TWIN,12,3,1,162380037.00,65537.0000,0.0000,83243000.0,79120000.0,1.000,268435456.0,0.000,0,0,268435456,1,0,1,0,1,1
1,final_left,f32,67108864,glibc_t2,P6,13,0,1,189731228.00,65537.0000,0.0000,102927000.0,86803000.0,1.000,268435456.0,0.000,0,0,268435456,1,1,0,0,1,1
1,final_left,f32,67108864,glibc_t2,P7,13,1,1,166373575.00,65537.0000,0.0000,45122000.0,121257000.0,1.000,268435456.0,0.000,0,0,268435456,1,0,1,0,1,1
1,final_left,f32,67108864,glibc_t2,FIXED_TWIN,13,2,1,165136442.00,65537.0000,0.0000,86654000.0,78465000.0,1.000,268435456.0,0.000,0,0,268435456,1,0,1,0,1,1
1,final_left,f32,67108864,glibc_t2,P5,13,3,1,288427208.00,131074.0000,0.0000,76207000.0,212197000.0,2.000,536870912.0,0.000,0,0,536870912,2,0,0,0,1,1
1,final_left,f32,67108864,glibc_t2,P7,14,0,1,166546268.00,65537.0000,0.0000,69190000.0,97312000.0,1.000,268435456.0,0.000,0,0,268435456,1,0,1,0,1,1
1,final_left,f32,67108864,glibc_t2,FIXED_TWIN,14,1,1,165582389.00,65537.0000,0.0000,62864000.0,102723000.0,1.000,268435456.0,0.000,0,0,268435456,1,0,1,0,1,1
1,final_left,f32,67108864,glibc_t2,P5,14,2,1,291453713.00,131074.0000,0.0000,75672000.0,215695000.0,2.000,536870912.0,0.000,0,0,536870912,2,0,0,0,1,1
1,final_left,f32,67108864,glibc_t2,P6,14,3,1,184653578.00,65537.0000,0.0000,100310000.0,84351000.0,1.000,268435456.0,0.000,0,0,268435456,1,1,0,0,1,1
1,final_right,f32,64,glibc_t2,P5,0,0,1000,285.86,0.0000,0.0000,136.0,154.0,2.000,512.0,0.000,0,0,256256,2,0,0,0,1,1
1,final_right,f32,64,glibc_t2,P6,0,1,1000,286.58,0.0000,0.0000,135.0,152.0,1.000,256.0,0.000,0,0,256000,1,1,0,0,1,1
1,final_right,f32,64,glibc_t2,P7,0,2,1000,256.93,0.0000,0.0000,121.0,136.0,1.000,256.0,0.000,0,0,256000,1,0,1,0,1,1
1,final_right,f32,64,glibc_t2,FIXED_TWIN,0,3,1000,241.09,0.0000,0.0000,113.0,128.0,1.000,256.0,0.000,0,0,256000,1,0,1,0,1,1
1,final_right,f32,64,glibc_t2,P6,1,0,1000,297.58,0.0000,0.0000,140.0,158.0,1.000,256.0,0.000,0,0,256000,1,1,0,0,1,1
1,final_right,f32,64,glibc_t2,P7,1,1,1000,275.29,0.0000,0.0000,276.0,0.0,1.000,256.0,0.000,0,0,256000,1,0,1,0,1,1
1,final_right,f32,64,glibc_t2,FIXED_TWIN,1,2,1000,261.77,0.0000,0.0000,262.0,0.0,1.000,256.0,0.000,0,0,256000,1,0,1,0,1,1
1,final_right,f32,64,glibc_t2,P5,1,3,1000,300.48,0.0000,0.0000,301.0,0.0,2.000,512.0,0.000,0,0,256256,2,0,0,0,1,1
1,final_right,f32,64,glibc_t2,P7,2,0,1000,245.28,0.0000,0.0000,246.0,0.0,1.000,256.0,0.000,0,0,256000,1,0,1,0,1,1
1,final_right,f32,64,glibc_t2,FIXED_TWIN,2,1,1000,249.47,0.0000,0.0000,250.0,0.0,1.000,256.0,0.000,0,0,256000,1,0,1,0,1,1
1,final_right,f32,64,glibc_t2,P5,2,2,1000,310.73,0.0000,0.0000,311.0,0.0,2.000,512.0,0.000,0,0,256256,2,0,0,0,1,1
1,final_right,f32,64,glibc_t2,P6,2,3,1000,296.94,0.0000,0.0000,298.0,0.0,1.000,256.0,0.000,0,0,256000,1,1,0,0,1,1
1,final_right,f32,64,glibc_t2,FIXED_TWIN,3,0,1000,260.13,0.0000,0.0000,260.0,0.0,1.000,256.0,0.000,0,0,256000,1,0,1,0,1,1
1,final_right,f32,64,glibc_t2,P5,3,1,1000,287.11,0.0000,0.0000,287.0,0.0,2.000,512.0,0.000,0,0,256256,2,0,0,0,1,1
1,final_right,f32,64,glibc_t2,P6,3,2,1000,291.93,0.0000,0.0000,293.0,0.0,1.000,256.0,0.000,0,0,256000,1,1,0,0,1,1
1,final_right,f32,64,glibc_t2,P7,3,3,1000,252.02,0.0000,0.0000,252.0,0.0,1.000,256.0,0.000,0,0,256000,1,0,1,0,1,1
1,final_right,f32,64,glibc_t2,P5,4,0,1000,314.61,0.0000,0.0000,287.0,28.0,2.000,512.0,0.000,0,0,256256,2,0,0,0,1,1
1,final_right,f32,64,glibc_t2,P6,4,1,1000,281.05,0.0000,0.0000,282.0,0.0,1.000,256.0,0.000,0,0,256000,1,1,0,0,1,1
1,final_right,f32,64,glibc_t2,P7,4,2,1000,265.63,0.0000,0.0000,266.0,0.0,1.000,256.0,0.000,0,0,256000,1,0,1,0,1,1
1,final_right,f32,64,glibc_t2,FIXED_TWIN,4,3,1000,258.76,0.0000,0.0000,259.0,0.0,1.000,256.0,0.000,0,0,256000,1,0,1,0,1,1
1,final_right,f32,64,glibc_t2,P6,5,0,1000,289.77,0.0000,0.0000,291.0,0.0,1.000,256.0,0.000,0,0,256000,1,1,0,0,1,1
1,final_right,f32,64,glibc_t2,P7,5,1,1000,271.52,0.0000,0.0000,272.0,0.0,1.000,256.0,0.000,0,0,256000,1,0,1,0,1,1
1,final_right,f32,64,glibc_t2,FIXED_TWIN,5,2,1000,364.98,0.0000,0.0000,369.0,0.0,1.000,256.0,0.000,0,0,256000,1,0,1,0,1,1
1,final_right,f32,64,glibc_t2,P5,5,3,1000,289.07,0.0000,0.0000,289.0,0.0,2.000,512.0,0.000,0,0,256256,2,0,0,0,1,1
1,final_right,f32,64,glibc_t2,P7,6,0,1000,248.75,0.0000,0.0000,249.0,0.0,1.000,256.0,0.000,0,0,256000,1,0,1,0,1,1
1,final_right,f32,64,glibc_t2,FIXED_TWIN,6,1,1000,269.23,0.0000,0.0000,270.0,0.0,1.000,256.0,0.000,0,0,256000,1,0,1,0,1,1
1,final_right,f32,64,glibc_t2,P5,6,2,1000,334.85,0.0000,0.0000,336.0,0.0,2.000,512.0,0.000,0,0,256256,2,0,0,0,1,1
1,final_right,f32,64,glibc_t2,P6,6,3,1000,264.67,0.0000,0.0000,266.0,0.0,1.000,256.0,0.000,0,0,256000,1,1,0,0,1,1
1,final_right,f32,64,glibc_t2,FIXED_TWIN,7,0,1000,271.11,0.0000,0.0000,272.0,0.0,1.000,256.0,0.000,0,0,256000,1,0,1,0,1,1
1,final_right,f32,64,glibc_t2,P5,7,1,1000,287.89,0.0000,0.0000,288.0,0.0,2.000,512.0,0.000,0,0,256256,2,0,0,0,1,1
1,final_right,f32,64,glibc_t2,P6,7,2,1000,269.94,0.0000,0.0000,271.0,0.0,1.000,256.0,0.000,0,0,256000,1,1,0,0,1,1
1,final_right,f32,64,glibc_t2,P7,7,3,1000,276.32,0.0000,0.0000,277.0,0.0,1.000,256.0,0.000,0,0,256000,1,0,1,0,1,1
1,final_right,f32,64,glibc_t2,P5,8,0,1000,335.73,0.0000,0.0000,336.0,0.0,2.000,512.0,0.000,0,0,256256,2,0,0,0,1,1
1,final_right,f32,64,glibc_t2,P6,8,1,1000,284.20,0.0000,0.0000,285.0,0.0,1.000,256.0,0.000,0,0,256000,1,1,0,0,1,1
1,final_right,f32,64,glibc_t2,P7,8,2,1000,253.32,0.0000,0.0000,254.0,0.0,1.000,256.0,0.000,0,0,256000,1,0,1,0,1,1
1,final_right,f32,64,glibc_t2,FIXED_TWIN,8,3,1000,261.56,0.0000,0.0000,262.0,0.0,1.000,256.0,0.000,0,0,256000,1,0,1,0,1,1
1,final_right,f32,64,glibc_t2,P6,9,0,1000,274.74,0.0000,0.0000,276.0,0.0,1.000,256.0,0.000,0,0,256000,1,1,0,0,1,1
1,final_right,f32,64,glibc_t2,P7,9,1,1000,247.88,0.0000,0.0000,249.0,0.0,1.000,256.0,0.000,0,0,256000,1,0,1,0,1,1
1,final_right,f32,64,glibc_t2,FIXED_TWIN,9,2,1000,271.88,0.0000,0.0000,273.0,0.0,1.000,256.0,0.000,0,0,256000,1,0,1,0,1,1
1,final_right,f32,64,glibc_t2,P5,9,3,1000,292.69,0.0000,0.0000,293.0,0.0,2.000,512.0,0.000,0,0,256256,2,0,0,0,1,1
1,final_right,f32,64,glibc_t2,P7,10,0,1000,249.08,0.0000,0.0000,249.0,0.0,1.000,256.0,0.000,0,0,256000,1,0,1,0,1,1
1,final_right,f32,64,glibc_t2,FIXED_TWIN,10,1,1000,267.53,0.0000,0.0000,268.0,0.0,1.000,256.0,0.000,0,0,256000,1,0,1,0,1,1
1,final_right,f32,64,glibc_t2,P5,10,2,1000,295.29,0.0000,0.0000,296.0,0.0,2.000,512.0,0.000,0,0,256256,2,0,0,0,1,1
1,final_right,f32,64,glibc_t2,P6,10,3,1000,276.53,0.0000,0.0000,277.0,0.0,1.000,256.0,0.000,0,0,256000,1,1,0,0,1,1
1,final_right,f32,64,glibc_t2,FIXED_TWIN,11,0,1000,264.05,0.0000,0.0000,265.0,0.0,1.000,256.0,0.000,0,0,256000,1,0,1,0,1,1
1,final_right,f32,64,glibc_t2,P5,11,1,1000,292.20,0.0000,0.0000,293.0,0.0,2.000,512.0,0.000,0,0,256256,2,0,0,0,1,1
1,final_right,f32,64,glibc_t2,P6,11,2,1000,280.26,0.0000,0.0000,281.0,0.0,1.000,256.0,0.000,0,0,256000,1,1,0,0,1,1
1,final_right,f32,64,glibc_t2,P7,11,3,1000,252.82,0.0000,0.0000,253.0,0.0,1.000,256.0,0.000,0,0,256000,1,0,1,0,1,1
1,final_right,f32,64,glibc_t2,P5,12,0,1000,301.03,0.0000,0.0000,302.0,0.0,2.000,512.0,0.000,0,0,256256,2,0,0,0,1,1
1,final_right,f32,64,glibc_t2,P6,12,1,1000,280.62,0.0000,0.0000,241.0,40.0,1.000,256.0,0.000,0,0,256000,1,1,0,0,1,1
1,final_right,f32,64,glibc_t2,P7,12,2,1000,258.82,0.0000,0.0000,259.0,0.0,1.000,256.0,0.000,0,0,256000,1,0,1,0,1,1
1,final_right,f32,64,glibc_t2,FIXED_TWIN,12,3,1000,275.12,0.0000,0.0000,276.0,0.0,1.000,256.0,0.000,0,0,256000,1,0,1,0,1,1
1,final_right,f32,64,glibc_t2,P6,13,0,1000,280.05,0.0000,0.0000,281.0,0.0,1.000,256.0,0.000,0,0,256000,1,1,0,0,1,1
1,final_right,f32,64,glibc_t2,P7,13,1,1000,254.13,0.0000,0.0000,255.0,0.0,1.000,256.0,0.000,0,0,256000,1,0,1,0,1,1
1,final_right,f32,64,glibc_t2,FIXED_TWIN,13,2,1000,263.27,0.0000,0.0000,264.0,0.0,1.000,256.0,0.000,0,0,256000,1,0,1,0,1,1
1,final_right,f32,64,glibc_t2,P5,13,3,1000,317.69,0.0000,0.0000,318.0,0.0,2.000,512.0,0.000,0,0,256256,2,0,0,0,1,1
1,final_right,f32,64,glibc_t2,P7,14,0,1000,250.97,0.0000,0.0000,252.0,0.0,1.000,256.0,0.000,0,0,256000,1,0,1,0,1,1
1,final_right,f32,64,glibc_t2,FIXED_TWIN,14,1,1000,270.17,0.0000,0.0000,270.0,0.0,1.000,256.0,0.000,0,0,256000,1,0,1,0,1,1
1,final_right,f32,64,glibc_t2,P5,14,2,1000,285.65,0.0000,0.0000,287.0,0.0,2.000,512.0,0.000,0,0,256256,2,0,0,0,1,1
1,final_right,f32,64,glibc_t2,P6,14,3,1000,270.31,0.0000,0.0000,271.0,0.0,1.000,256.0,0.000,0,0,256000,1,1,0,0,1,1
1,final_right,f32,1024,glibc_t2,P5,0,0,1000,547.99,0.0000,0.0000,260.0,293.0,2.000,8192.0,0.000,0,0,4100096,2,0,0,0,1,1
1,final_right,f32,1024,glibc_t2,P6,0,1,1000,539.26,0.0000,0.0000,255.0,286.0,1.000,4096.0,0.000,0,0,4096000,1,1,0,0,1,1
1,final_right,f32,1024,glibc_t2,P7,0,2,1000,408.68,0.0000,0.0000,410.0,0.0,1.000,4096.0,0.000,0,0,4096000,1,0,1,0,1,1
1,final_right,f32,1024,glibc_t2,FIXED_TWIN,0,3,1000,455.69,0.0000,0.0000,312.0,147.0,1.000,4096.0,0.000,0,0,4096000,1,0,1,0,1,1
1,final_right,f32,1024,glibc_t2,P6,1,0,1000,548.75,0.0000,0.0000,552.0,0.0,1.000,4096.0,0.000,0,0,4096000,1,1,0,0,1,1
1,final_right,f32,1024,glibc_t2,P7,1,1,1000,402.44,0.0000,0.0000,190.0,214.0,1.000,4096.0,0.000,0,0,4096000,1,0,1,0,1,1
1,final_right,f32,1024,glibc_t2,FIXED_TWIN,1,2,1000,416.24,0.0000,0.0000,418.0,0.0,1.000,4096.0,0.000,0,0,4096000,1,0,1,0,1,1
1,final_right,f32,1024,glibc_t2,P5,1,3,1000,590.18,0.0000,0.0000,592.0,0.0,2.000,8192.0,0.000,0,0,4100096,2,0,0,0,1,1
1,final_right,f32,1024,glibc_t2,P7,2,0,1000,430.25,0.0000,0.0000,431.0,0.0,1.000,4096.0,0.000,0,0,4096000,1,0,1,0,1,1
1,final_right,f32,1024,glibc_t2,FIXED_TWIN,2,1,1000,446.46,0.0000,0.0000,447.0,0.0,1.000,4096.0,0.000,0,0,4096000,1,0,1,0,1,1
1,final_right,f32,1024,glibc_t2,P5,2,2,1000,688.31,0.0000,0.0000,692.0,0.0,2.000,8192.0,0.000,0,0,4100096,2,0,0,0,1,1
1,final_right,f32,1024,glibc_t2,P6,2,3,1000,577.98,0.0000,0.0000,580.0,0.0,1.000,4096.0,0.000,0,0,4096000,1,1,0,0,1,1
1,final_right,f32,1024,glibc_t2,FIXED_TWIN,3,0,1000,432.02,0.0000,0.0000,434.0,0.0,1.000,4096.0,0.000,0,0,4096000,1,0,1,0,1,1
1,final_right,f32,1024,glibc_t2,P5,3,1,1000,569.13,0.0000,0.0000,571.0,0.0,2.000,8192.0,0.000,0,0,4100096,2,0,0,0,1,1
1,final_right,f32,1024,glibc_t2,P6,3,2,1000,529.54,0.0000,0.0000,499.0,32.0,1.000,4096.0,0.000,0,0,4096000,1,1,0,0,1,1
1,final_right,f32,1024,glibc_t2,P7,3,3,1000,414.21,0.0000,0.0000,416.0,0.0,1.000,4096.0,0.000,0,0,4096000,1,0,1,0,1,1
1,final_right,f32,1024,glibc_t2,P5,4,0,1000,570.79,0.0000,0.0000,572.0,0.0,2.000,8192.0,0.000,0,0,4100096,2,0,0,0,1,1
1,final_right,f32,1024,glibc_t2,P6,4,1,1000,522.45,0.0000,0.0000,525.0,0.0,1.000,4096.0,0.000,0,0,4096000,1,1,0,0,1,1
1,final_right,f32,1024,glibc_t2,P7,4,2,1000,411.64,0.0000,0.0000,413.0,0.0,1.000,4096.0,0.000,0,0,4096000,1,0,1,0,1,1
1,final_right,f32,1024,glibc_t2,FIXED_TWIN,4,3,1000,416.13,0.0000,0.0000,417.0,0.0,1.000,4096.0,0.000,0,0,4096000,1,0,1,0,1,1
1,final_right,f32,1024,glibc_t2,P6,5,0,1000,603.54,0.0000,0.0000,605.0,0.0,1.000,4096.0,0.000,0,0,4096000,1,1,0,0,1,1
1,final_right,f32,1024,glibc_t2,P7,5,1,1000,418.24,0.0000,0.0000,420.0,0.0,1.000,4096.0,0.000,0,0,4096000,1,0,1,0,1,1
1,final_right,f32,1024,glibc_t2,FIXED_TWIN,5,2,1000,421.13,0.0000,0.0000,422.0,0.0,1.000,4096.0,0.000,0,0,4096000,1,0,1,0,1,1
1,final_right,f32,1024,glibc_t2,P5,5,3,1000,549.03,0.0000,0.0000,551.0,0.0,2.000,8192.0,0.000,0,0,4100096,2,0,0,0,1,1
1,final_right,f32,1024,glibc_t2,P7,6,0,1000,400.46,0.0000,0.0000,402.0,0.0,1.000,4096.0,0.000,0,0,4096000,1,0,1,0,1,1
1,final_right,f32,1024,glibc_t2,FIXED_TWIN,6,1,1000,405.95,0.0000,0.0000,408.0,0.0,1.000,4096.0,0.000,0,0,4096000,1,0,1,0,1,1
1,final_right,f32,1024,glibc_t2,P5,6,2,1000,547.45,0.0000,0.0000,549.0,0.0,2.000,8192.0,0.000,0,0,4100096,2,0,0,0,1,1
1,final_right,f32,1024,glibc_t2,P6,6,3,1000,570.41,0.0000,0.0000,572.0,0.0,1.000,4096.0,0.000,0,0,4096000,1,1,0,0,1,1
1,final_right,f32,1024,glibc_t2,FIXED_TWIN,7,0,1000,421.80,0.0000,0.0000,423.0,0.0,1.000,4096.0,0.000,0,0,4096000,1,0,1,0,1,1
1,final_right,f32,1024,glibc_t2,P5,7,1,1000,525.94,0.0000,0.0000,527.0,0.0,2.000,8192.0,0.000,0,0,4100096,2,0,0,0,1,1
1,final_right,f32,1024,glibc_t2,P6,7,2,1000,537.61,0.0000,0.0000,539.0,0.0,1.000,4096.0,0.000,0,0,4096000,1,1,0,0,1,1
1,final_right,f32,1024,glibc_t2,P7,7,3,1000,406.46,0.0000,0.0000,409.0,0.0,1.000,4096.0,0.000,0,0,4096000,1,0,1,0,1,1
1,final_right,f32,1024,glibc_t2,P5,8,0,1000,552.03,0.0000,0.0000,554.0,0.0,2.000,8192.0,0.000,0,0,4100096,2,0,0,0,1,1
1,final_right,f32,1024,glibc_t2,P6,8,1,1000,552.73,0.0000,0.0000,554.0,0.0,1.000,4096.0,0.000,0,0,4096000,1,1,0,0,1,1
1,final_right,f32,1024,glibc_t2,P7,8,2,1000,412.67,0.0000,0.0000,415.0,0.0,1.000,4096.0,0.000,0,0,4096000,1,0,1,0,1,1
1,final_right,f32,1024,glibc_t2,FIXED_TWIN,8,3,1000,424.21,0.0000,0.0000,425.0,0.0,1.000,4096.0,0.000,0,0,4096000,1,0,1,0,1,1
1,final_right,f32,1024,glibc_t2,P6,9,0,1000,575.75,0.0000,0.0000,578.0,0.0,1.000,4096.0,0.000,0,0,4096000,1,1,0,0,1,1
1,final_right,f32,1024,glibc_t2,P7,9,1,1000,418.21,0.0000,0.0000,420.0,0.0,1.000,4096.0,0.000,0,0,4096000,1,0,1,0,1,1
1,final_right,f32,1024,glibc_t2,FIXED_TWIN,9,2,1000,447.80,0.0000,0.0000,449.0,0.0,1.000,4096.0,0.000,0,0,4096000,1,0,1,0,1,1
1,final_right,f32,1024,glibc_t2,P5,9,3,1000,542.16,0.0000,0.0000,544.0,0.0,2.000,8192.0,0.000,0,0,4100096,2,0,0,0,1,1
1,final_right,f32,1024,glibc_t2,P7,10,0,1000,403.27,0.0000,0.0000,404.0,0.0,1.000,4096.0,0.000,0,0,4096000,1,0,1,0,1,1
1,final_right,f32,1024,glibc_t2,FIXED_TWIN,10,1,1000,415.89,0.0000,0.0000,417.0,0.0,1.000,4096.0,0.000,0,0,4096000,1,0,1,0,1,1
1,final_right,f32,1024,glibc_t2,P5,10,2,1000,543.23,0.0000,0.0000,545.0,0.0,2.000,8192.0,0.000,0,0,4100096,2,0,0,0,1,1
1,final_right,f32,1024,glibc_t2,P6,10,3,1000,538.20,0.0000,0.0000,539.0,0.0,1.000,4096.0,0.000,0,0,4096000,1,1,0,0,1,1
1,final_right,f32,1024,glibc_t2,FIXED_TWIN,11,0,1000,421.74,0.0000,0.0000,423.0,0.0,1.000,4096.0,0.000,0,0,4096000,1,0,1,0,1,1
1,final_right,f32,1024,glibc_t2,P5,11,1,1000,538.55,0.0000,0.0000,540.0,0.0,2.000,8192.0,0.000,0,0,4100096,2,0,0,0,1,1
1,final_right,f32,1024,glibc_t2,P6,11,2,1000,531.96,0.0000,0.0000,534.0,0.0,1.000,4096.0,0.000,0,0,4096000,1,1,0,0,1,1
1,final_right,f32,1024,glibc_t2,P7,11,3,1000,491.51,0.0000,0.0000,493.0,0.0,1.000,4096.0,0.000,0,0,4096000,1,0,1,0,1,1
1,final_right,f32,1024,glibc_t2,P5,12,0,1000,550.88,0.0000,0.0000,552.0,0.0,2.000,8192.0,0.000,0,0,4100096,2,0,0,0,1,1
1,final_right,f32,1024,glibc_t2,P6,12,1,1000,533.58,0.0000,0.0000,535.0,0.0,1.000,4096.0,0.000,0,0,4096000,1,1,0,0,1,1
1,final_right,f32,1024,glibc_t2,P7,12,2,1000,407.69,0.0000,0.0000,409.0,0.0,1.000,4096.0,0.000,0,0,4096000,1,0,1,0,1,1
1,final_right,f32,1024,glibc_t2,FIXED_TWIN,12,3,1000,414.45,0.0000,0.0000,416.0,0.0,1.000,4096.0,0.000,0,0,4096000,1,0,1,0,1,1
1,final_right,f32,1024,glibc_t2,P6,13,0,1000,543.94,0.0000,0.0000,545.0,0.0,1.000,4096.0,0.000,0,0,4096000,1,1,0,0,1,1
1,final_right,f32,1024,glibc_t2,P7,13,1,1000,419.71,0.0000,0.0000,421.0,0.0,1.000,4096.0,0.000,0,0,4096000,1,0,1,0,1,1
1,final_right,f32,1024,glibc_t2,FIXED_TWIN,13,2,1000,421.00,0.0000,0.0000,422.0,0.0,1.000,4096.0,0.000,0,0,4096000,1,0,1,0,1,1
1,final_right,f32,1024,glibc_t2,P5,13,3,1000,550.62,0.0000,0.0000,552.0,0.0,2.000,8192.0,0.000,0,0,4100096,2,0,0,0,1,1
1,final_right,f32,1024,glibc_t2,P7,14,0,1000,413.68,0.0000,0.0000,415.0,0.0,1.000,4096.0,0.000,0,0,4096000,1,0,1,0,1,1
1,final_right,f32,1024,glibc_t2,FIXED_TWIN,14,1,1000,413.03,0.0000,0.0000,414.0,0.0,1.000,4096.0,0.000,0,0,4096000,1,0,1,0,1,1
1,final_right,f32,1024,glibc_t2,P5,14,2,1000,582.96,0.0000,0.0000,584.0,0.0,2.000,8192.0,0.000,0,0,4100096,2,0,0,0,1,1
1,final_right,f32,1024,glibc_t2,P6,14,3,1000,541.21,0.0000,0.0000,543.0,0.0,1.000,4096.0,0.000,0,0,4096000,1,1,0,0,1,1
1,final_right,f32,4096,glibc_t2,P5,0,0,1,1792.00,0.0000,0.0000,5000.0,0.0,2.000,32768.0,0.000,0,0,32768,2,0,0,0,1,1
1,final_right,f32,4096,glibc_t2,P6,0,1,1,1502.00,0.0000,0.0000,2000.0,0.0,1.000,16384.0,0.000,0,0,16384,1,1,0,0,1,1
1,final_right,f32,4096,glibc_t2,P7,0,2,1,1176.00,0.0000,0.0000,2000.0,0.0,1.000,16384.0,0.000,0,0,16384,1,0,1,0,1,1
1,final_right,f32,4096,glibc_t2,FIXED_TWIN,0,3,1,1127.00,0.0000,0.0000,1000.0,0.0,1.000,16384.0,0.000,0,0,16384,1,0,1,0,1,1
1,final_right,f32,4096,glibc_t2,P6,1,0,1,40809.00,0.0000,0.0000,41000.0,0.0,1.000,16384.0,0.000,0,0,16384,1,1,0,0,1,1
1,final_right,f32,4096,glibc_t2,P7,1,1,1,1480.00,0.0000,0.0000,2000.0,0.0,1.000,16384.0,0.000,0,0,16384,1,0,1,0,1,1
1,final_right,f32,4096,glibc_t2,FIXED_TWIN,1,2,1,1205.00,0.0000,0.0000,2000.0,0.0,1.000,16384.0,0.000,0,0,16384,1,0,1,0,1,1
1,final_right,f32,4096,glibc_t2,P5,1,3,1,1692.00,0.0000,0.0000,2000.0,0.0,2.000,32768.0,0.000,0,0,32768,2,0,0,0,1,1
1,final_right,f32,4096,glibc_t2,P7,2,0,1,1147.00,0.0000,0.0000,2000.0,0.0,1.000,16384.0,0.000,0,0,16384,1,0,1,0,1,1
1,final_right,f32,4096,glibc_t2,FIXED_TWIN,2,1,1,1090.00,0.0000,0.0000,2000.0,0.0,1.000,16384.0,0.000,0,0,16384,1,0,1,0,1,1
1,final_right,f32,4096,glibc_t2,P5,2,2,1,1536.00,0.0000,0.0000,2000.0,0.0,2.000,32768.0,0.000,0,0,32768,2,0,0,0,1,1
1,final_right,f32,4096,glibc_t2,P6,2,3,1,1428.00,0.0000,0.0000,2000.0,0.0,1.000,16384.0,0.000,0,0,16384,1,1,0,0,1,1
1,final_right,f32,4096,glibc_t2,FIXED_TWIN,3,0,1,1097.00,0.0000,0.0000,2000.0,0.0,1.000,16384.0,0.000,0,0,16384,1,0,1,0,1,1
1,final_right,f32,4096,glibc_t2,P5,3,1,1,1536.00,0.0000,0.0000,2000.0,0.0,2.000,32768.0,0.000,0,0,32768,2,0,0,0,1,1
1,final_right,f32,4096,glibc_t2,P6,3,2,1,1335.00,0.0000,0.0000,2000.0,0.0,1.000,16384.0,0.000,0,0,16384,1,1,0,0,1,1
1,final_right,f32,4096,glibc_t2,P7,3,3,1,1105.00,0.0000,0.0000,1000.0,0.0,1.000,16384.0,0.000,0,0,16384,1,0,1,0,1,1
1,final_right,f32,4096,glibc_t2,P5,4,0,1,1481.00,0.0000,0.0000,2000.0,0.0,2.000,32768.0,0.000,0,0,32768,2,0,0,0,1,1
1,final_right,f32,4096,glibc_t2,P6,4,1,1,1312.00,0.0000,0.0000,2000.0,0.0,1.000,16384.0,0.000,0,0,16384,1,1,0,0,1,1
1,final_right,f32,4096,glibc_t2,P7,4,2,1,1127.00,0.0000,0.0000,2000.0,0.0,1.000,16384.0,0.000,0,0,16384,1,0,1,0,1,1
1,final_right,f32,4096,glibc_t2,FIXED_TWIN,4,3,1,1120.00,0.0000,0.0000,2000.0,0.0,1.000,16384.0,0.000,0,0,16384,1,0,1,0,1,1
1,final_right,f32,4096,glibc_t2,P6,5,0,1,1294.00,0.0000,0.0000,2000.0,0.0,1.000,16384.0,0.000,0,0,16384,1,1,0,0,1,1
1,final_right,f32,4096,glibc_t2,P7,5,1,1,1097.00,0.0000,0.0000,1000.0,0.0,1.000,16384.0,0.000,0,0,16384,1,0,1,0,1,1
1,final_right,f32,4096,glibc_t2,FIXED_TWIN,5,2,1,1655.00,0.0000,0.0000,2000.0,0.0,1.000,16384.0,0.000,0,0,16384,1,0,1,0,1,1
1,final_right,f32,4096,glibc_t2,P5,5,3,1,1972.00,0.0000,0.0000,3000.0,0.0,2.000,32768.0,0.000,0,0,32768,2,0,0,0,1,1
1,final_right,f32,4096,glibc_t2,P7,6,0,1,1341.00,0.0000,0.0000,1000.0,0.0,1.000,16384.0,0.000,0,0,16384,1,0,1,0,1,1
1,final_right,f32,4096,glibc_t2,FIXED_TWIN,6,1,1,1197.00,0.0000,0.0000,2000.0,0.0,1.000,16384.0,0.000,0,0,16384,1,0,1,0,1,1
1,final_right,f32,4096,glibc_t2,P5,6,2,1,1645.00,0.0000,0.0000,2000.0,0.0,2.000,32768.0,0.000,0,0,32768,2,0,0,0,1,1
1,final_right,f32,4096,glibc_t2,P6,6,3,1,1448.00,0.0000,0.0000,2000.0,0.0,1.000,16384.0,0.000,0,0,16384,1,1,0,0,1,1
1,final_right,f32,4096,glibc_t2,FIXED_TWIN,7,0,1,1097.00,0.0000,0.0000,2000.0,0.0,1.000,16384.0,0.000,0,0,16384,1,0,1,0,1,1
1,final_right,f32,4096,glibc_t2,P5,7,1,1,1528.00,0.0000,0.0000,2000.0,0.0,2.000,32768.0,0.000,0,0,32768,2,0,0,0,1,1
1,final_right,f32,4096,glibc_t2,P6,7,2,1,1348.00,0.0000,0.0000,2000.0,0.0,1.000,16384.0,0.000,0,0,16384,1,1,0,0,1,1
1,final_right,f32,4096,glibc_t2,P7,7,3,1,1116.00,0.0000,0.0000,2000.0,0.0,1.000,16384.0,0.000,0,0,16384,1,0,1,0,1,1
1,final_right,f32,4096,glibc_t2,P5,8,0,1,1494.00,0.0000,0.0000,2000.0,0.0,2.000,32768.0,0.000,0,0,32768,2,0,0,0,1,1
1,final_right,f32,4096,glibc_t2,P6,8,1,1,1378.00,0.0000,0.0000,1000.0,0.0,1.000,16384.0,0.000,0,0,16384,1,1,0,0,1,1
1,final_right,f32,4096,glibc_t2,P7,8,2,1,1105.00,0.0000,0.0000,2000.0,0.0,1.000,16384.0,0.000,0,0,16384,1,0,1,0,1,1
1,final_right,f32,4096,glibc_t2,FIXED_TWIN,8,3,1,1133.00,0.0000,0.0000,1000.0,0.0,1.000,16384.0,0.000,0,0,16384,1,0,1,0,1,1
1,final_right,f32,4096,glibc_t2,P6,9,0,1,1346.00,0.0000,0.0000,2000.0,0.0,1.000,16384.0,0.000,0,0,16384,1,1,0,0,1,1
1,final_right,f32,4096,glibc_t2,P7,9,1,1,1160.00,0.0000,0.0000,1000.0,0.0,1.000,16384.0,0.000,0,0,16384,1,0,1,0,1,1
1,final_right,f32,4096,glibc_t2,FIXED_TWIN,9,2,1,1139.00,0.0000,0.0000,2000.0,0.0,1.000,16384.0,0.000,0,0,16384,1,0,1,0,1,1
1,final_right,f32,4096,glibc_t2,P5,9,3,1,1540.00,0.0000,0.0000,2000.0,0.0,2.000,32768.0,0.000,0,0,32768,2,0,0,0,1,1
1,final_right,f32,4096,glibc_t2,P7,10,0,1,1098.00,0.0000,0.0000,2000.0,0.0,1.000,16384.0,0.000,0,0,16384,1,0,1,0,1,1
1,final_right,f32,4096,glibc_t2,FIXED_TWIN,10,1,1,1112.00,0.0000,0.0000,2000.0,0.0,1.000,16384.0,0.000,0,0,16384,1,0,1,0,1,1
1,final_right,f32,4096,glibc_t2,P5,10,2,1,1531.00,0.0000,0.0000,2000.0,0.0,2.000,32768.0,0.000,0,0,32768,2,0,0,0,1,1
1,final_right,f32,4096,glibc_t2,P6,10,3,1,1328.00,0.0000,0.0000,1000.0,0.0,1.000,16384.0,0.000,0,0,16384,1,1,0,0,1,1
1,final_right,f32,4096,glibc_t2,FIXED_TWIN,11,0,1,1084.00,0.0000,0.0000,1000.0,0.0,1.000,16384.0,0.000,0,0,16384,1,0,1,0,1,1
1,final_right,f32,4096,glibc_t2,P5,11,1,1,1480.00,0.0000,0.0000,2000.0,0.0,2.000,32768.0,0.000,0,0,32768,2,0,0,0,1,1
1,final_right,f32,4096,glibc_t2,P6,11,2,1,1324.00,0.0000,0.0000,2000.0,0.0,1.000,16384.0,0.000,0,0,16384,1,1,0,0,1,1
1,final_right,f32,4096,glibc_t2,P7,11,3,1,1110.00,0.0000,0.0000,2000.0,0.0,1.000,16384.0,0.000,0,0,16384,1,0,1,0,1,1
1,final_right,f32,4096,glibc_t2,P5,12,0,1,1490.00,0.0000,0.0000,2000.0,0.0,2.000,32768.0,0.000,0,0,32768,2,0,0,0,1,1
1,final_right,f32,4096,glibc_t2,P6,12,1,1,1347.00,0.0000,0.0000,2000.0,0.0,1.000,16384.0,0.000,0,0,16384,1,1,0,0,1,1
1,final_right,f32,4096,glibc_t2,P7,12,2,1,1105.00,0.0000,0.0000,1000.0,0.0,1.000,16384.0,0.000,0,0,16384,1,0,1,0,1,1
1,final_right,f32,4096,glibc_t2,FIXED_TWIN,12,3,1,1066.00,0.0000,0.0000,1000.0,0.0,1.000,16384.0,0.000,0,0,16384,1,0,1,0,1,1
1,final_right,f32,4096,glibc_t2,P6,13,0,1,1317.00,0.0000,0.0000,2000.0,0.0,1.000,16384.0,0.000,0,0,16384,1,1,0,0,1,1
1,final_right,f32,4096,glibc_t2,P7,13,1,1,1086.00,0.0000,0.0000,2000.0,0.0,1.000,16384.0,0.000,0,0,16384,1,0,1,0,1,1
1,final_right,f32,4096,glibc_t2,FIXED_TWIN,13,2,1,1069.00,0.0000,0.0000,1000.0,0.0,1.000,16384.0,0.000,0,0,16384,1,0,1,0,1,1
1,final_right,f32,4096,glibc_t2,P5,13,3,1,1535.00,0.0000,0.0000,2000.0,0.0,2.000,32768.0,0.000,0,0,32768,2,0,0,0,1,1
1,final_right,f32,4096,glibc_t2,P7,14,0,1,1099.00,0.0000,0.0000,2000.0,0.0,1.000,16384.0,0.000,0,0,16384,1,0,1,0,1,1
1,final_right,f32,4096,glibc_t2,FIXED_TWIN,14,1,1,1102.00,0.0000,0.0000,1000.0,0.0,1.000,16384.0,0.000,0,0,16384,1,0,1,0,1,1
1,final_right,f32,4096,glibc_t2,P5,14,2,1,1517.00,0.0000,0.0000,2000.0,0.0,2.000,32768.0,0.000,0,0,32768,2,0,0,0,1,1
1,final_right,f32,4096,glibc_t2,P6,14,3,1,1392.00,0.0000,0.0000,2000.0,0.0,1.000,16384.0,0.000,0,0,16384,1,1,0,0,1,1
1,final_right,f32,16384,glibc_t2,P5,0,0,1,4820.00,0.0000,0.0000,6000.0,0.0,2.000,131072.0,0.000,0,0,131072,2,0,0,0,1,1
1,final_right,f32,16384,glibc_t2,P6,0,1,1,4626.00,0.0000,0.0000,5000.0,0.0,1.000,65536.0,0.000,0,0,65536,1,1,0,0,1,1
1,final_right,f32,16384,glibc_t2,P7,0,2,1,3448.00,0.0000,0.0000,4000.0,0.0,1.000,65536.0,0.000,0,0,65536,1,0,1,0,1,1
1,final_right,f32,16384,glibc_t2,FIXED_TWIN,0,3,1,3452.00,0.0000,0.0000,4000.0,0.0,1.000,65536.0,0.000,0,0,65536,1,0,1,0,1,1
1,final_right,f32,16384,glibc_t2,P6,1,0,1,4679.00,0.0000,0.0000,5000.0,0.0,1.000,65536.0,0.000,0,0,65536,1,1,0,0,1,1
1,final_right,f32,16384,glibc_t2,P7,1,1,1,3389.00,0.0000,0.0000,4000.0,0.0,1.000,65536.0,0.000,0,0,65536,1,0,1,0,1,1
1,final_right,f32,16384,glibc_t2,FIXED_TWIN,1,2,1,3420.00,0.0000,0.0000,4000.0,0.0,1.000,65536.0,0.000,0,0,65536,1,0,1,0,1,1
1,final_right,f32,16384,glibc_t2,P5,1,3,1,4802.00,0.0000,0.0000,6000.0,0.0,2.000,131072.0,0.000,0,0,131072,2,0,0,0,1,1
1,final_right,f32,16384,glibc_t2,P7,2,0,1,3443.00,0.0000,0.0000,4000.0,0.0,1.000,65536.0,0.000,0,0,65536,1,0,1,0,1,1
1,final_right,f32,16384,glibc_t2,FIXED_TWIN,2,1,1,3397.00,0.0000,0.0000,4000.0,0.0,1.000,65536.0,0.000,0,0,65536,1,0,1,0,1,1
1,final_right,f32,16384,glibc_t2,P5,2,2,1,4771.00,0.0000,0.0000,6000.0,0.0,2.000,131072.0,0.000,0,0,131072,2,0,0,0,1,1
1,final_right,f32,16384,glibc_t2,P6,2,3,1,4653.00,0.0000,0.0000,5000.0,0.0,1.000,65536.0,0.000,0,0,65536,1,1,0,0,1,1
1,final_right,f32,16384,glibc_t2,FIXED_TWIN,3,0,1,3379.00,0.0000,0.0000,4000.0,0.0,1.000,65536.0,0.000,0,0,65536,1,0,1,0,1,1
1,final_right,f32,16384,glibc_t2,P5,3,1,1,5032.00,0.0000,0.0000,5000.0,0.0,2.000,131072.0,0.000,0,0,131072,2,0,0,0,1,1
1,final_right,f32,16384,glibc_t2,P6,3,2,1,4805.00,0.0000,0.0000,5000.0,0.0,1.000,65536.0,0.000,0,0,65536,1,1,0,0,1,1
1,final_right,f32,16384,glibc_t2,P7,3,3,1,3624.00,0.0000,0.0000,4000.0,0.0,1.000,65536.0,0.000,0,0,65536,1,0,1,0,1,1
1,final_right,f32,16384,glibc_t2,P5,4,0,1,4824.00,0.0000,0.0000,5000.0,0.0,2.000,131072.0,0.000,0,0,131072,2,0,0,0,1,1
1,final_right,f32,16384,glibc_t2,P6,4,1,1,4561.00,0.0000,0.0000,5000.0,0.0,1.000,65536.0,0.000,0,0,65536,1,1,0,0,1,1
1,final_right,f32,16384,glibc_t2,P7,4,2,1,3420.00,0.0000,0.0000,4000.0,0.0,1.000,65536.0,0.000,0,0,65536,1,0,1,0,1,1
1,final_right,f32,16384,glibc_t2,FIXED_TWIN,4,3,1,3452.00,0.0000,0.0000,4000.0,0.0,1.000,65536.0,0.000,0,0,65536,1,0,1,0,1,1
1,final_right,f32,16384,glibc_t2,P6,5,0,1,4611.00,0.0000,0.0000,5000.0,0.0,1.000,65536.0,0.000,0,0,65536,1,1,0,0,1,1
1,final_right,f32,16384,glibc_t2,P7,5,1,1,3416.00,0.0000,0.0000,4000.0,0.0,1.000,65536.0,0.000,0,0,65536,1,0,1,0,1,1
1,final_right,f32,16384,glibc_t2,FIXED_TWIN,5,2,1,3397.00,0.0000,0.0000,4000.0,0.0,1.000,65536.0,0.000,0,0,65536,1,0,1,0,1,1
1,final_right,f32,16384,glibc_t2,P5,5,3,1,4749.00,0.0000,0.0000,5000.0,0.0,2.000,131072.0,0.000,0,0,131072,2,0,0,0,1,1
1,final_right,f32,16384,glibc_t2,P7,6,0,1,3414.00,0.0000,0.0000,4000.0,0.0,1.000,65536.0,0.000,0,0,65536,1,0,1,0,1,1
1,final_right,f32,16384,glibc_t2,FIXED_TWIN,6,1,1,3389.00,0.0000,0.0000,4000.0,0.0,1.000,65536.0,0.000,0,0,65536,1,0,1,0,1,1
1,final_right,f32,16384,glibc_t2,P5,6,2,1,4731.00,0.0000,0.0000,5000.0,0.0,2.000,131072.0,0.000,0,0,131072,2,0,0,0,1,1
1,final_right,f32,16384,glibc_t2,P6,6,3,1,4642.00,0.0000,0.0000,5000.0,0.0,1.000,65536.0,0.000,0,0,65536,1,1,0,0,1,1
1,final_right,f32,16384,glibc_t2,FIXED_TWIN,7,0,1,3439.00,0.0000,0.0000,4000.0,0.0,1.000,65536.0,0.000,0,0,65536,1,0,1,0,1,1
1,final_right,f32,16384,glibc_t2,P5,7,1,1,4744.00,0.0000,0.0000,5000.0,0.0,2.000,131072.0,0.000,0,0,131072,2,0,0,0,1,1
1,final_right,f32,16384,glibc_t2,P6,7,2,1,4534.00,0.0000,0.0000,5000.0,0.0,1.000,65536.0,0.000,0,0,65536,1,1,0,0,1,1
1,final_right,f32,16384,glibc_t2,P7,7,3,1,3420.00,0.0000,0.0000,4000.0,0.0,1.000,65536.0,0.000,0,0,65536,1,0,1,0,1,1
1,final_right,f32,16384,glibc_t2,P5,8,0,1,4726.00,0.0000,0.0000,5000.0,0.0,2.000,131072.0,0.000,0,0,131072,2,0,0,0,1,1
1,final_right,f32,16384,glibc_t2,P6,8,1,1,4571.00,0.0000,0.0000,6000.0,0.0,1.000,65536.0,0.000,0,0,65536,1,1,0,0,1,1
1,final_right,f32,16384,glibc_t2,P7,8,2,1,3387.00,0.0000,0.0000,4000.0,0.0,1.000,65536.0,0.000,0,0,65536,1,0,1,0,1,1
1,final_right,f32,16384,glibc_t2,FIXED_TWIN,8,3,1,3414.00,0.0000,0.0000,4000.0,0.0,1.000,65536.0,0.000,0,0,65536,1,0,1,0,1,1
1,final_right,f32,16384,glibc_t2,P6,9,0,1,4528.00,0.0000,0.0000,5000.0,0.0,1.000,65536.0,0.000,0,0,65536,1,1,0,0,1,1
1,final_right,f32,16384,glibc_t2,P7,9,1,1,3514.00,0.0000,0.0000,4000.0,0.0,1.000,65536.0,0.000,0,0,65536,1,0,1,0,1,1
1,final_right,f32,16384,glibc_t2,FIXED_TWIN,9,2,1,3369.00,0.0000,0.0000,4000.0,0.0,1.000,65536.0,0.000,0,0,65536,1,0,1,0,1,1
1,final_right,f32,16384,glibc_t2,P5,9,3,1,4874.00,0.0000,0.0000,5000.0,0.0,2.000,131072.0,0.000,0,0,131072,2,0,0,0,1,1
1,final_right,f32,16384,glibc_t2,P7,10,0,1,3469.00,0.0000,0.0000,4000.0,0.0,1.000,65536.0,0.000,0,0,65536,1,0,1,0,1,1
1,final_right,f32,16384,glibc_t2,FIXED_TWIN,10,1,1,3404.00,0.0000,0.0000,4000.0,0.0,1.000,65536.0,0.000,0,0,65536,1,0,1,0,1,1
1,final_right,f32,16384,glibc_t2,P5,10,2,1,4824.00,0.0000,0.0000,5000.0,0.0,2.000,131072.0,0.000,0,0,131072,2,0,0,0,1,1
1,final_right,f32,16384,glibc_t2,P6,10,3,1,4647.00,0.0000,0.0000,5000.0,0.0,1.000,65536.0,0.000,0,0,65536,1,1,0,0,1,1
1,final_right,f32,16384,glibc_t2,FIXED_TWIN,11,0,1,3380.00,0.0000,0.0000,4000.0,0.0,1.000,65536.0,0.000,0,0,65536,1,0,1,0,1,1
1,final_right,f32,16384,glibc_t2,P5,11,1,1,4790.00,0.0000,0.0000,5000.0,0.0,2.000,131072.0,0.000,0,0,131072,2,0,0,0,1,1
1,final_right,f32,16384,glibc_t2,P6,11,2,1,4576.00,0.0000,0.0000,5000.0,0.0,1.000,65536.0,0.000,0,0,65536,1,1,0,0,1,1
1,final_right,f32,16384,glibc_t2,P7,11,3,1,3433.00,0.0000,0.0000,4000.0,0.0,1.000,65536.0,0.000,0,0,65536,1,0,1,0,1,1
1,final_right,f32,16384,glibc_t2,P5,12,0,1,5064.00,0.0000,0.0000,5000.0,0.0,2.000,131072.0,0.000,0,0,131072,2,0,0,0,1,1
1,final_right,f32,16384,glibc_t2,P6,12,1,1,4669.00,0.0000,0.0000,5000.0,0.0,1.000,65536.0,0.000,0,0,65536,1,1,0,0,1,1
1,final_right,f32,16384,glibc_t2,P7,12,2,1,3503.00,0.0000,0.0000,4000.0,0.0,1.000,65536.0,0.000,0,0,65536,1,0,1,0,1,1
1,final_right,f32,16384,glibc_t2,FIXED_TWIN,12,3,1,3441.00,0.0000,0.0000,4000.0,0.0,1.000,65536.0,0.000,0,0,65536,1,0,1,0,1,1
1,final_right,f32,16384,glibc_t2,P6,13,0,1,4531.00,0.0000,0.0000,5000.0,0.0,1.000,65536.0,0.000,0,0,65536,1,1,0,0,1,1
1,final_right,f32,16384,glibc_t2,P7,13,1,1,3437.00,0.0000,0.0000,3000.0,0.0,1.000,65536.0,0.000,0,0,65536,1,0,1,0,1,1
1,final_right,f32,16384,glibc_t2,FIXED_TWIN,13,2,1,3380.00,0.0000,0.0000,4000.0,0.0,1.000,65536.0,0.000,0,0,65536,1,0,1,0,1,1
1,final_right,f32,16384,glibc_t2,P5,13,3,1,4750.00,0.0000,0.0000,5000.0,0.0,2.000,131072.0,0.000,0,0,131072,2,0,0,0,1,1
1,final_right,f32,16384,glibc_t2,P7,14,0,1,3454.00,0.0000,0.0000,4000.0,0.0,1.000,65536.0,0.000,0,0,65536,1,0,1,0,1,1
1,final_right,f32,16384,glibc_t2,FIXED_TWIN,14,1,1,3429.00,0.0000,0.0000,4000.0,0.0,1.000,65536.0,0.000,0,0,65536,1,0,1,0,1,1
1,final_right,f32,16384,glibc_t2,P5,14,2,1,4788.00,0.0000,0.0000,6000.0,0.0,2.000,131072.0,0.000,0,0,131072,2,0,0,0,1,1
1,final_right,f32,16384,glibc_t2,P6,14,3,1,4631.00,0.0000,0.0000,5000.0,0.0,1.000,65536.0,0.000,0,0,65536,1,1,0,0,1,1
1,final_right,f32,65536,glibc_t2,P5,0,0,1,169518.00,130.0000,0.0000,171000.0,0.0,2.000,524288.0,0.000,0,0,524288,2,0,0,0,1,1
1,final_right,f32,65536,glibc_t2,P6,0,1,1,78497.00,65.0000,0.0000,80000.0,0.0,1.000,262144.0,0.000,0,0,262144,1,1,0,0,1,1
1,final_right,f32,65536,glibc_t2,P7,0,2,1,75510.00,65.0000,0.0000,77000.0,0.0,1.000,262144.0,0.000,0,0,262144,1,0,1,0,1,1
1,final_right,f32,65536,glibc_t2,FIXED_TWIN,0,3,1,74614.00,65.0000,0.0000,75000.0,0.0,1.000,262144.0,0.000,0,0,262144,1,0,1,0,1,1
1,final_right,f32,65536,glibc_t2,P6,1,0,1,77187.00,65.0000,0.0000,78000.0,0.0,1.000,262144.0,0.000,0,0,262144,1,1,0,0,1,1
1,final_right,f32,65536,glibc_t2,P7,1,1,1,73598.00,65.0000,0.0000,75000.0,0.0,1.000,262144.0,0.000,0,0,262144,1,0,1,0,1,1
1,final_right,f32,65536,glibc_t2,FIXED_TWIN,1,2,1,87823.00,65.0000,0.0000,89000.0,0.0,1.000,262144.0,0.000,0,0,262144,1,0,1,0,1,1
1,final_right,f32,65536,glibc_t2,P5,1,3,1,150213.00,130.0000,0.0000,151000.0,0.0,2.000,524288.0,0.000,0,0,524288,2,0,0,0,1,1
1,final_right,f32,65536,glibc_t2,P7,2,0,1,73144.00,65.0000,0.0000,74000.0,0.0,1.000,262144.0,0.000,0,0,262144,1,0,1,0,1,1
1,final_right,f32,65536,glibc_t2,FIXED_TWIN,2,1,1,74195.00,65.0000,0.0000,75000.0,0.0,1.000,262144.0,0.000,0,0,262144,1,0,1,0,1,1
1,final_right,f32,65536,glibc_t2,P5,2,2,1,148763.00,130.0000,0.0000,150000.0,0.0,2.000,524288.0,0.000,0,0,524288,2,0,0,0,1,1
1,final_right,f32,65536,glibc_t2,P6,2,3,1,83079.00,65.0000,0.0000,84000.0,0.0,1.000,262144.0,0.000,0,0,262144,1,1,0,0,1,1
1,final_right,f32,65536,glibc_t2,FIXED_TWIN,3,0,1,76454.00,65.0000,0.0000,77000.0,0.0,1.000,262144.0,0.000,0,0,262144,1,0,1,0,1,1
1,final_right,f32,65536,glibc_t2,P5,3,1,1,149025.00,130.0000,0.0000,151000.0,0.0,2.000,524288.0,0.000,0,0,524288,2,0,0,0,1,1
1,final_right,f32,65536,glibc_t2,P6,3,2,1,78306.00,65.0000,0.0000,79000.0,0.0,1.000,262144.0,0.000,0,0,262144,1,1,0,0,1,1
1,final_right,f32,65536,glibc_t2,P7,3,3,1,74256.00,65.0000,0.0000,76000.0,0.0,1.000,262144.0,0.000,0,0,262144,1,0,1,0,1,1
1,final_right,f32,65536,glibc_t2,P5,4,0,1,159669.00,130.0000,0.0000,161000.0,0.0,2.000,524288.0,0.000,0,0,524288,2,0,0,0,1,1
1,final_right,f32,65536,glibc_t2,P6,4,1,1,77769.00,65.0000,0.0000,79000.0,0.0,1.000,262144.0,0.000,0,0,262144,1,1,0,0,1,1
1,final_right,f32,65536,glibc_t2,P7,4,2,1,74188.00,65.0000,0.0000,75000.0,0.0,1.000,262144.0,0.000,0,0,262144,1,0,1,0,1,1
1,final_right,f32,65536,glibc_t2,FIXED_TWIN,4,3,1,74113.00,65.0000,0.0000,75000.0,0.0,1.000,262144.0,0.000,0,0,262144,1,0,1,0,1,1
1,final_right,f32,65536,glibc_t2,P6,5,0,1,80558.00,65.0000,0.0000,81000.0,0.0,1.000,262144.0,0.000,0,0,262144,1,1,0,0,1,1
1,final_right,f32,65536,glibc_t2,P7,5,1,1,73362.00,65.0000,0.0000,74000.0,0.0,1.000,262144.0,0.000,0,0,262144,1,0,1,0,1,1
1,final_right,f32,65536,glibc_t2,FIXED_TWIN,5,2,1,79896.00,65.0000,0.0000,81000.0,0.0,1.000,262144.0,0.000,0,0,262144,1,0,1,0,1,1
1,final_right,f32,65536,glibc_t2,P5,5,3,1,166083.00,130.0000,0.0000,0.0,167000.0,2.000,524288.0,0.000,0,0,524288,2,0,0,0,1,1
1,final_right,f32,65536,glibc_t2,P7,6,0,1,74533.00,65.0000,0.0000,0.0,75000.0,1.000,262144.0,0.000,0,0,262144,1,0,1,0,1,1
1,final_right,f32,65536,glibc_t2,FIXED_TWIN,6,1,1,73330.00,65.0000,0.0000,0.0,74000.0,1.000,262144.0,0.000,0,0,262144,1,0,1,0,1,1
1,final_right,f32,65536,glibc_t2,P5,6,2,1,148303.00,130.0000,0.0000,0.0,149000.0,2.000,524288.0,0.000,0,0,524288,2,0,0,0,1,1
1,final_right,f32,65536,glibc_t2,P6,6,3,1,78469.00,65.0000,0.0000,0.0,80000.0,1.000,262144.0,0.000,0,0,262144,1,1,0,0,1,1
1,final_right,f32,65536,glibc_t2,FIXED_TWIN,7,0,1,74838.00,65.0000,0.0000,0.0,76000.0,1.000,262144.0,0.000,0,0,262144,1,0,1,0,1,1
1,final_right,f32,65536,glibc_t2,P5,7,1,1,149163.00,130.0000,0.0000,0.0,150000.0,2.000,524288.0,0.000,0,0,524288,2,0,0,0,1,1
1,final_right,f32,65536,glibc_t2,P6,7,2,1,78416.00,65.0000,0.0000,0.0,80000.0,1.000,262144.0,0.000,0,0,262144,1,1,0,0,1,1
1,final_right,f32,65536,glibc_t2,P7,7,3,1,74080.00,65.0000,0.0000,0.0,75000.0,1.000,262144.0,0.000,0,0,262144,1,0,1,0,1,1
1,final_right,f32,65536,glibc_t2,P5,8,0,1,151004.00,130.0000,0.0000,0.0,152000.0,2.000,524288.0,0.000,0,0,524288,2,0,0,0,1,1
1,final_right,f32,65536,glibc_t2,P6,8,1,1,94079.00,65.0000,0.0000,0.0,94000.0,1.000,262144.0,0.000,0,0,262144,1,1,0,0,1,1
1,final_right,f32,65536,glibc_t2,P7,8,2,1,74224.00,65.0000,0.0000,0.0,75000.0,1.000,262144.0,0.000,0,0,262144,1,0,1,0,1,1
1,final_right,f32,65536,glibc_t2,FIXED_TWIN,8,3,1,74230.00,65.0000,0.0000,0.0,75000.0,1.000,262144.0,0.000,0,0,262144,1,0,1,0,1,1
1,final_right,f32,65536,glibc_t2,P6,9,0,1,78713.00,65.0000,0.0000,37000.0,42000.0,1.000,262144.0,0.000,0,0,262144,1,1,0,0,1,1
1,final_right,f32,65536,glibc_t2,P7,9,1,1,88248.00,65.0000,0.0000,89000.0,0.0,1.000,262144.0,0.000,0,0,262144,1,0,1,0,1,1
1,final_right,f32,65536,glibc_t2,FIXED_TWIN,9,2,1,73945.00,65.0000,0.0000,75000.0,0.0,1.000,262144.0,0.000,0,0,262144,1,0,1,0,1,1
1,final_right,f32,65536,glibc_t2,P5,9,3,1,154413.00,130.0000,0.0000,156000.0,0.0,2.000,524288.0,0.000,0,0,524288,2,0,0,0,1,1
1,final_right,f32,65536,glibc_t2,P7,10,0,1,74300.00,65.0000,0.0000,76000.0,0.0,1.000,262144.0,0.000,0,0,262144,1,0,1,0,1,1
1,final_right,f32,65536,glibc_t2,FIXED_TWIN,10,1,1,76619.00,65.0000,0.0000,78000.0,0.0,1.000,262144.0,0.000,0,0,262144,1,0,1,0,1,1
1,final_right,f32,65536,glibc_t2,P5,10,2,1,147523.00,130.0000,0.0000,148000.0,0.0,2.000,524288.0,0.000,0,0,524288,2,0,0,0,1,1
1,final_right,f32,65536,glibc_t2,P6,10,3,1,77861.00,65.0000,0.0000,78000.0,0.0,1.000,262144.0,0.000,0,0,262144,1,1,0,0,1,1
1,final_right,f32,65536,glibc_t2,FIXED_TWIN,11,0,1,89160.00,65.0000,0.0000,90000.0,0.0,1.000,262144.0,0.000,0,0,262144,1,0,1,0,1,1
1,final_right,f32,65536,glibc_t2,P5,11,1,1,148414.00,130.0000,0.0000,150000.0,0.0,2.000,524288.0,0.000,0,0,524288,2,0,0,0,1,1
1,final_right,f32,65536,glibc_t2,P6,11,2,1,78206.00,65.0000,0.0000,79000.0,0.0,1.000,262144.0,0.000,0,0,262144,1,1,0,0,1,1
1,final_right,f32,65536,glibc_t2,P7,11,3,1,74104.00,65.0000,0.0000,75000.0,0.0,1.000,262144.0,0.000,0,0,262144,1,0,1,0,1,1
1,final_right,f32,65536,glibc_t2,P5,12,0,1,150370.00,130.0000,0.0000,152000.0,0.0,2.000,524288.0,0.000,0,0,524288,2,0,0,0,1,1
1,final_right,f32,65536,glibc_t2,P6,12,1,1,83524.00,65.0000,0.0000,86000.0,0.0,1.000,262144.0,0.000,0,0,262144,1,1,0,0,1,1
1,final_right,f32,65536,glibc_t2,P7,12,2,1,105854.00,65.0000,0.0000,0.0,107000.0,1.000,262144.0,0.000,0,0,262144,1,0,1,0,1,1
1,final_right,f32,65536,glibc_t2,FIXED_TWIN,12,3,1,74480.00,65.0000,0.0000,0.0,75000.0,1.000,262144.0,0.000,0,0,262144,1,0,1,0,1,1
1,final_right,f32,65536,glibc_t2,P6,13,0,1,78451.00,65.0000,0.0000,0.0,79000.0,1.000,262144.0,0.000,0,0,262144,1,1,0,0,1,1
1,final_right,f32,65536,glibc_t2,P7,13,1,1,82151.00,65.0000,0.0000,0.0,83000.0,1.000,262144.0,0.000,0,0,262144,1,0,1,0,1,1
1,final_right,f32,65536,glibc_t2,FIXED_TWIN,13,2,1,73380.00,65.0000,0.0000,0.0,74000.0,1.000,262144.0,0.000,0,0,262144,1,0,1,0,1,1
1,final_right,f32,65536,glibc_t2,P5,13,3,1,148946.00,130.0000,0.0000,0.0,150000.0,2.000,524288.0,0.000,0,0,524288,2,0,0,0,1,1
1,final_right,f32,65536,glibc_t2,P7,14,0,1,74278.00,65.0000,0.0000,0.0,75000.0,1.000,262144.0,0.000,0,0,262144,1,0,1,0,1,1
1,final_right,f32,65536,glibc_t2,FIXED_TWIN,14,1,1,74707.00,65.0000,0.0000,0.0,75000.0,1.000,262144.0,0.000,0,0,262144,1,0,1,0,1,1
1,final_right,f32,65536,glibc_t2,P5,14,2,1,165365.00,130.0000,0.0000,0.0,166000.0,2.000,524288.0,0.000,0,0,524288,2,0,0,0,1,1
1,final_right,f32,65536,glibc_t2,P6,14,3,1,77757.00,65.0000,0.0000,0.0,79000.0,1.000,262144.0,0.000,0,0,262144,1,1,0,0,1,1
1,final_right,f32,262144,glibc_t2,P5,0,0,1,682035.00,514.0000,0.0000,323000.0,361000.0,2.000,2097152.0,0.000,0,0,2097152,2,0,0,0,1,1
1,final_right,f32,262144,glibc_t2,P6,0,1,1,402966.00,257.0000,0.0000,192000.0,214000.0,1.000,1048576.0,0.000,0,0,1048576,1,1,0,0,1,1
1,final_right,f32,262144,glibc_t2,P7,0,2,1,364641.00,257.0000,0.0000,173000.0,194000.0,1.000,1048576.0,0.000,0,0,1048576,1,0,1,0,1,1
1,final_right,f32,262144,glibc_t2,FIXED_TWIN,0,3,1,360053.00,257.0000,0.0000,0.0,361000.0,1.000,1048576.0,0.000,0,0,1048576,1,0,1,0,1,1
1,final_right,f32,262144,glibc_t2,P6,1,0,1,376479.00,257.0000,0.0000,0.0,379000.0,1.000,1048576.0,0.000,0,0,1048576,1,1,0,0,1,1
1,final_right,f32,262144,glibc_t2,P7,1,1,1,342647.00,257.0000,0.0000,0.0,345000.0,1.000,1048576.0,0.000,0,0,1048576,1,0,1,0,1,1
1,final_right,f32,262144,glibc_t2,FIXED_TWIN,1,2,1,342157.00,257.0000,0.0000,149000.0,195000.0,1.000,1048576.0,0.000,0,0,1048576,1,0,1,0,1,1
1,final_right,f32,262144,glibc_t2,P5,1,3,1,681595.00,514.0000,0.0000,683000.0,0.0,2.000,2097152.0,0.000,0,0,2097152,2,0,0,0,1,1
1,final_right,f32,262144,glibc_t2,P7,2,0,1,365497.00,257.0000,0.0000,367000.0,0.0,1.000,1048576.0,0.000,0,0,1048576,1,0,1,0,1,1
1,final_right,f32,262144,glibc_t2,FIXED_TWIN,2,1,1,343337.00,257.0000,0.0000,346000.0,0.0,1.000,1048576.0,0.000,0,0,1048576,1,0,1,0,1,1
1,final_right,f32,262144,glibc_t2,P5,2,2,1,680694.00,514.0000,0.0000,683000.0,0.0,2.000,2097152.0,0.000,0,0,2097152,2,0,0,0,1,1
1,final_right,f32,262144,glibc_t2,P6,2,3,1,394607.00,257.0000,0.0000,397000.0,0.0,1.000,1048576.0,0.000,0,0,1048576,1,1,0,0,1,1
1,final_right,f32,262144,glibc_t2,FIXED_TWIN,3,0,1,367102.00,257.0000,0.0000,369000.0,0.0,1.000,1048576.0,0.000,0,0,1048576,1,0,1,0,1,1
1,final_right,f32,262144,glibc_t2,P5,3,1,1,661894.00,514.0000,0.0000,664000.0,0.0,2.000,2097152.0,0.000,0,0,2097152,2,0,0,0,1,1
1,final_right,f32,262144,glibc_t2,P6,3,2,1,397742.00,257.0000,0.0000,400000.0,0.0,1.000,1048576.0,0.000,0,0,1048576,1,1,0,0,1,1
1,final_right,f32,262144,glibc_t2,P7,3,3,1,361866.00,257.0000,0.0000,363000.0,0.0,1.000,1048576.0,0.000,0,0,1048576,1,0,1,0,1,1
1,final_right,f32,262144,glibc_t2,P5,4,0,1,658977.00,514.0000,0.0000,0.0,661000.0,2.000,2097152.0,0.000,0,0,2097152,2,0,0,0,1,1
1,final_right,f32,262144,glibc_t2,P6,4,1,1,495395.00,257.0000,0.0000,0.0,436000.0,1.000,1048576.0,0.000,0,0,1048576,1,1,0,0,1,1
1,final_right,f32,262144,glibc_t2,P7,4,2,1,364005.00,257.0000,0.0000,152000.0,214000.0,1.000,1048576.0,0.000,0,0,1048576,1,0,1,0,1,1
1,final_right,f32,262144,glibc_t2,FIXED_TWIN,4,3,1,358242.00,257.0000,0.0000,0.0,360000.0,1.000,1048576.0,0.000,0,0,1048576,1,0,1,0,1,1
1,final_right,f32,262144,glibc_t2,P6,5,0,1,377632.00,257.0000,0.0000,0.0,380000.0,1.000,1048576.0,0.000,0,0,1048576,1,1,0,0,1,1
1,final_right,f32,262144,glibc_t2,P7,5,1,1,343398.00,257.0000,0.0000,0.0,345000.0,1.000,1048576.0,0.000,0,0,1048576,1,0,1,0,1,1
1,final_right,f32,262144,glibc_t2,FIXED_TWIN,5,2,1,349202.00,257.0000,0.0000,166000.0,186000.0,1.000,1048576.0,0.000,0,0,1048576,1,0,1,0,1,1
1,final_right,f32,262144,glibc_t2,P5,5,3,1,686168.00,514.0000,0.0000,688000.0,0.0,2.000,2097152.0,0.000,0,0,2097152,2,0,0,0,1,1
1,final_right,f32,262144,glibc_t2,P7,6,0,1,343057.00,257.0000,0.0000,345000.0,0.0,1.000,1048576.0,0.000,0,0,1048576,1,0,1,0,1,1
1,final_right,f32,262144,glibc_t2,FIXED_TWIN,6,1,1,355496.00,257.0000,0.0000,358000.0,0.0,1.000,1048576.0,0.000,0,0,1048576,1,0,1,0,1,1
1,final_right,f32,262144,glibc_t2,P5,6,2,1,682673.00,514.0000,0.0000,0.0,685000.0,2.000,2097152.0,0.000,0,0,2097152,2,0,0,0,1,1
1,final_right,f32,262144,glibc_t2,P6,6,3,1,396166.00,257.0000,0.0000,0.0,400000.0,1.000,1048576.0,0.000,0,0,1048576,1,1,0,0,1,1
1,final_right,f32,262144,glibc_t2,FIXED_TWIN,7,0,1,341466.00,257.0000,0.0000,0.0,343000.0,1.000,1048576.0,0.000,0,0,1048576,1,0,1,0,1,1
1,final_right,f32,262144,glibc_t2,P5,7,1,1,680227.00,514.0000,0.0000,682000.0,0.0,2.000,2097152.0,0.000,0,0,2097152,2,0,0,0,1,1
1,final_right,f32,262144,glibc_t2,P6,7,2,1,400007.00,257.0000,0.0000,402000.0,0.0,1.000,1048576.0,0.000,0,0,1048576,1,1,0,0,1,1
1,final_right,f32,262144,glibc_t2,P7,7,3,1,364242.00,257.0000,0.0000,367000.0,0.0,1.000,1048576.0,0.000,0,0,1048576,1,0,1,0,1,1
1,final_right,f32,262144,glibc_t2,P5,8,0,1,683246.00,514.0000,0.0000,0.0,685000.0,2.000,2097152.0,0.000,0,0,2097152,2,0,0,0,1,1
1,final_right,f32,262144,glibc_t2,P6,8,1,1,410731.00,257.0000,0.0000,0.0,413000.0,1.000,1048576.0,0.000,0,0,1048576,1,1,0,0,1,1
1,final_right,f32,262144,glibc_t2,P7,8,2,1,369158.00,257.0000,0.0000,18000.0,353000.0,1.000,1048576.0,0.000,0,0,1048576,1,0,1,0,1,1
1,final_right,f32,262144,glibc_t2,FIXED_TWIN,8,3,1,348064.00,257.0000,0.0000,0.0,350000.0,1.000,1048576.0,0.000,0,0,1048576,1,0,1,0,1,1
1,final_right,f32,262144,glibc_t2,P6,9,0,1,376470.00,257.0000,0.0000,0.0,379000.0,1.000,1048576.0,0.000,0,0,1048576,1,1,0,0,1,1
1,final_right,f32,262144,glibc_t2,P7,9,1,1,344464.00,257.0000,0.0000,0.0,346000.0,1.000,1048576.0,0.000,0,0,1048576,1,0,1,0,1,1
1,final_right,f32,262144,glibc_t2,FIXED_TWIN,9,2,1,351376.00,257.0000,0.0000,155000.0,198000.0,1.000,1048576.0,0.000,0,0,1048576,1,0,1,0,1,1
1,final_right,f32,262144,glibc_t2,P5,9,3,1,675088.00,514.0000,0.0000,677000.0,0.0,2.000,2097152.0,0.000,0,0,2097152,2,0,0,0,1,1
1,final_right,f32,262144,glibc_t2,P7,10,0,1,342893.00,257.0000,0.0000,345000.0,0.0,1.000,1048576.0,0.000,0,0,1048576,1,0,1,0,1,1
1,final_right,f32,262144,glibc_t2,FIXED_TWIN,10,1,1,345399.00,257.0000,0.0000,347000.0,0.0,1.000,1048576.0,0.000,0,0,1048576,1,0,1,0,1,1
1,final_right,f32,262144,glibc_t2,P5,10,2,1,677736.00,514.0000,0.0000,679000.0,0.0,2.000,2097152.0,0.000,0,0,2097152,2,0,0,0,1,1
1,final_right,f32,262144,glibc_t2,P6,10,3,1,395356.00,257.0000,0.0000,398000.0,0.0,1.000,1048576.0,0.000,0,0,1048576,1,1,0,0,1,1
1,final_right,f32,262144,glibc_t2,FIXED_TWIN,11,0,1,351382.00,257.0000,0.0000,354000.0,0.0,1.000,1048576.0,0.000,0,0,1048576,1,0,1,0,1,1
1,final_right,f32,262144,glibc_t2,P5,11,1,1,682564.00,514.0000,0.0000,684000.0,0.0,2.000,2097152.0,0.000,0,0,2097152,2,0,0,0,1,1
1,final_right,f32,262144,glibc_t2,P6,11,2,1,395549.00,257.0000,0.0000,398000.0,0.0,1.000,1048576.0,0.000,0,0,1048576,1,1,0,0,1,1
1,final_right,f32,262144,glibc_t2,P7,11,3,1,342025.00,257.0000,0.0000,344000.0,0.0,1.000,1048576.0,0.000,0,0,1048576,1,0,1,0,1,1
1,final_right,f32,262144,glibc_t2,P5,12,0,1,689176.00,514.0000,0.0000,692000.0,0.0,2.000,2097152.0,0.000,0,0,2097152,2,0,0,0,1,1
1,final_right,f32,262144,glibc_t2,P6,12,1,1,395724.00,257.0000,0.0000,397000.0,0.0,1.000,1048576.0,0.000,0,0,1048576,1,1,0,0,1,1
1,final_right,f32,262144,glibc_t2,P7,12,2,1,408889.00,257.0000,0.0000,410000.0,0.0,1.000,1048576.0,0.000,0,0,1048576,1,0,1,0,1,1
1,final_right,f32,262144,glibc_t2,FIXED_TWIN,12,3,1,342241.00,257.0000,0.0000,344000.0,0.0,1.000,1048576.0,0.000,0,0,1048576,1,0,1,0,1,1
1,final_right,f32,262144,glibc_t2,P6,13,0,1,378580.00,257.0000,0.0000,380000.0,0.0,1.000,1048576.0,0.000,0,0,1048576,1,1,0,0,1,1
1,final_right,f32,262144,glibc_t2,P7,13,1,1,350390.00,257.0000,0.0000,352000.0,0.0,1.000,1048576.0,0.000,0,0,1048576,1,0,1,0,1,1
1,final_right,f32,262144,glibc_t2,FIXED_TWIN,13,2,1,350542.00,257.0000,0.0000,313000.0,39000.0,1.000,1048576.0,0.000,0,0,1048576,1,0,1,0,1,1
1,final_right,f32,262144,glibc_t2,P5,13,3,1,767085.00,514.0000,0.0000,771000.0,0.0,2.000,2097152.0,0.000,0,0,2097152,2,0,0,0,1,1
1,final_right,f32,262144,glibc_t2,P7,14,0,1,375564.00,257.0000,0.0000,379000.0,0.0,1.000,1048576.0,0.000,0,0,1048576,1,0,1,0,1,1
1,final_right,f32,262144,glibc_t2,FIXED_TWIN,14,1,1,511319.00,257.0000,0.0000,0.0,515000.0,1.000,1048576.0,0.000,0,0,1048576,1,0,1,0,1,1
1,final_right,f32,262144,glibc_t2,P5,14,2,1,704674.00,514.0000,0.0000,0.0,706000.0,2.000,2097152.0,0.000,0,0,2097152,2,0,0,0,1,1
1,final_right,f32,262144,glibc_t2,P6,14,3,1,419606.00,257.0000,0.0000,0.0,421000.0,1.000,1048576.0,0.000,0,0,1048576,1,1,0,0,1,1
1,final_right,f32,1048576,glibc_t2,P5,0,0,1,2868832.00,2050.0000,0.0000,0.0,2873000.0,2.000,8388608.0,0.000,0,0,8388608,2,0,0,0,1,1
1,final_right,f32,1048576,glibc_t2,P6,0,1,1,1669447.00,1025.0000,0.0000,790000.0,883000.0,1.000,4194304.0,0.000,0,0,4194304,1,1,0,0,1,1
1,final_right,f32,1048576,glibc_t2,P7,0,2,1,1461121.00,1025.0000,0.0000,207000.0,1257000.0,1.000,4194304.0,0.000,0,0,4194304,1,0,1,0,1,1
1,final_right,f32,1048576,glibc_t2,FIXED_TWIN,0,3,1,1489890.00,1025.0000,0.0000,1267000.0,225000.0,1.000,4194304.0,0.000,0,0,4194304,1,0,1,0,1,1
1,final_right,f32,1048576,glibc_t2,P6,1,0,1,1680877.00,1025.0000,0.0000,1683000.0,0.0,1.000,4194304.0,0.000,0,0,4194304,1,1,0,0,1,1
1,final_right,f32,1048576,glibc_t2,P7,1,1,1,1575076.00,1025.0000,0.0000,1577000.0,0.0,1.000,4194304.0,0.000,0,0,4194304,1,0,1,0,1,1
1,final_right,f32,1048576,glibc_t2,FIXED_TWIN,1,2,1,1517693.00,1025.0000,0.0000,0.0,1520000.0,1.000,4194304.0,0.000,0,0,4194304,1,0,1,0,1,1
1,final_right,f32,1048576,glibc_t2,P5,1,3,1,3255359.00,2050.0000,0.0000,0.0,3258000.0,2.000,8388608.0,0.000,0,0,8388608,2,0,0,0,1,1
1,final_right,f32,1048576,glibc_t2,P7,2,0,1,1529570.00,1025.0000,0.0000,0.0,1532000.0,1.000,4194304.0,0.000,0,0,4194304,1,0,1,0,1,1
1,final_right,f32,1048576,glibc_t2,FIXED_TWIN,2,1,1,1500939.00,1025.0000,0.0000,0.0,1503000.0,1.000,4194304.0,0.000,0,0,4194304,1,0,1,0,1,1
1,final_right,f32,1048576,glibc_t2,P5,2,2,1,3139733.00,2050.0000,0.0000,3127000.0,15000.0,2.000,8388608.0,0.000,0,0,8388608,2,0,0,0,1,1
1,final_right,f32,1048576,glibc_t2,P6,2,3,1,1635092.00,1025.0000,0.0000,1244000.0,394000.0,1.000,4194304.0,0.000,0,0,4194304,1,1,0,0,1,1
1,final_right,f32,1048576,glibc_t2,FIXED_TWIN,3,0,1,1439255.00,1025.0000,0.0000,1273000.0,170000.0,1.000,4194304.0,0.000,0,0,4194304,1,0,1,0,1,1
1,final_right,f32,1048576,glibc_t2,P5,3,1,1,2943351.00,2050.0000,0.0000,0.0,2946000.0,2.000,8388608.0,0.000,0,0,8388608,2,0,0,0,1,1
1,final_right,f32,1048576,glibc_t2,P6,3,2,1,1652975.00,1025.0000,0.0000,782000.0,874000.0,1.000,4194304.0,0.000,0,0,4194304,1,1,0,0,1,1
1,final_right,f32,1048576,glibc_t2,P7,3,3,1,1456389.00,1025.0000,0.0000,151000.0,1307000.0,1.000,4194304.0,0.000,0,0,4194304,1,0,1,0,1,1
1,final_right,f32,1048576,glibc_t2,P5,4,0,1,2895618.00,2050.0000,0.0000,0.0,2897000.0,2.000,8388608.0,0.000,0,0,8388608,2,0,0,0,1,1
1,final_right,f32,1048576,glibc_t2,P6,4,1,1,1615256.00,1025.0000,0.0000,764000.0,855000.0,1.000,4194304.0,0.000,0,0,4194304,1,1,0,0,1,1
1,final_right,f32,1048576,glibc_t2,P7,4,2,1,1461899.00,1025.0000,0.0000,1279000.0,184000.0,1.000,4194304.0,0.000,0,0,4194304,1,0,1,0,1,1
1,final_right,f32,1048576,glibc_t2,FIXED_TWIN,4,3,1,1462648.00,1025.0000,0.0000,1320000.0,144000.0,1.000,4194304.0,0.000,0,0,4194304,1,0,1,0,1,1
1,final_right,f32,1048576,glibc_t2,P6,5,0,1,1687452.00,1025.0000,0.0000,1690000.0,0.0,1.000,4194304.0,0.000,0,0,4194304,1,1,0,0,1,1
1,final_right,f32,1048576,glibc_t2,P7,5,1,1,1493059.00,1025.0000,0.0000,1496000.0,0.0,1.000,4194304.0,0.000,0,0,4194304,1,0,1,0,1,1
1,final_right,f32,1048576,glibc_t2,FIXED_TWIN,5,2,1,1490632.00,1025.0000,0.0000,1492000.0,0.0,1.000,4194304.0,0.000,0,0,4194304,1,0,1,0,1,1
1,final_right,f32,1048576,glibc_t2,P5,5,3,1,3166416.00,2050.0000,0.0000,722000.0,2432000.0,2.000,8388608.0,0.000,0,0,8388608,2,0,0,0,1,1
1,final_right,f32,1048576,glibc_t2,P7,6,0,1,1511176.00,1025.0000,0.0000,0.0,1513000.0,1.000,4194304.0,0.000,0,0,4194304,1,0,1,0,1,1
1,final_right,f32,1048576,glibc_t2,FIXED_TWIN,6,1,1,1518951.00,1025.0000,0.0000,0.0,1521000.0,1.000,4194304.0,0.000,0,0,4194304,1,0,1,0,1,1
1,final_right,f32,1048576,glibc_t2,P5,6,2,1,2941480.00,2050.0000,0.0000,2444000.0,498000.0,2.000,8388608.0,0.000,0,0,8388608,2,0,0,0,1,1
1,final_right,f32,1048576,glibc_t2,P6,6,3,1,1729354.00,1025.0000,0.0000,0.0,1732000.0,1.000,4194304.0,0.000,0,0,4194304,1,1,0,0,1,1
1,final_right,f32,1048576,glibc_t2,FIXED_TWIN,7,0,1,1458159.00,1025.0000,0.0000,0.0,1460000.0,1.000,4194304.0,0.000,0,0,4194304,1,0,1,0,1,1
1,final_right,f32,1048576,glibc_t2,P5,7,1,1,2959440.00,2050.0000,0.0000,0.0,2962000.0,2.000,8388608.0,0.000,0,0,8388608,2,0,0,0,1,1
1,final_right,f32,1048576,glibc_t2,P6,7,2,1,1665959.00,1025.0000,0.0000,0.0,1668000.0,1.000,4194304.0,0.000,0,0,4194304,1,1,0,0,1,1
1,final_right,f32,1048576,glibc_t2,P7,7,3,1,1465569.00,1025.0000,0.0000,693000.0,774000.0,1.000,4194304.0,0.000,0,0,4194304,1,0,1,0,1,1
1,final_right,f32,1048576,glibc_t2,P5,8,0,1,3002973.00,2050.0000,0.0000,3005000.0,0.0,2.000,8388608.0,0.000,0,0,8388608,2,0,0,0,1,1
1,final_right,f32,1048576,glibc_t2,P6,8,1,1,1652298.00,1025.0000,0.0000,1655000.0,0.0,1.000,4194304.0,0.000,0,0,4194304,1,1,0,0,1,1
1,final_right,f32,1048576,glibc_t2,P7,8,2,1,1470290.00,1025.0000,0.0000,227000.0,1245000.0,1.000,4194304.0,0.000,0,0,4194304,1,0,1,0,1,1
1,final_right,f32,1048576,glibc_t2,FIXED_TWIN,8,3,1,1456147.00,1025.0000,0.0000,155000.0,1303000.0,1.000,4194304.0,0.000,0,0,4194304,1,0,1,0,1,1
1,final_right,f32,1048576,glibc_t2,P6,9,0,1,1623484.00,1025.0000,0.0000,331000.0,1294000.0,1.000,4194304.0,0.000,0,0,4194304,1,1,0,0,1,1
1,final_right,f32,1048576,glibc_t2,P7,9,1,1,1426640.00,1025.0000,0.0000,1263000.0,166000.0,1.000,4194304.0,0.000,0,0,4194304,1,0,1,0,1,1
1,final_right,f32,1048576,glibc_t2,FIXED_TWIN,9,2,1,1545501.00,1025.0000,0.0000,0.0,1557000.0,1.000,4194304.0,0.000,0,0,4194304,1,0,1,0,1,1
1,final_right,f32,1048576,glibc_t2,P5,9,3,1,3225830.00,2050.0000,0.0000,0.0,3227000.0,2.000,8388608.0,0.000,0,0,8388608,2,0,0,0,1,1
1,final_right,f32,1048576,glibc_t2,P7,10,0,1,1502821.00,1025.0000,0.0000,0.0,1506000.0,1.000,4194304.0,0.000,0,0,4194304,1,0,1,0,1,1
1,final_right,f32,1048576,glibc_t2,FIXED_TWIN,10,1,1,1549225.00,1025.0000,0.0000,0.0,1551000.0,1.000,4194304.0,0.000,0,0,4194304,1,0,1,0,1,1
1,final_right,f32,1048576,glibc_t2,P5,10,2,1,2991075.00,2050.0000,0.0000,2546000.0,447000.0,2.000,8388608.0,0.000,0,0,8388608,2,0,0,0,1,1
1,final_right,f32,1048576,glibc_t2,P6,10,3,1,1640995.00,1025.0000,0.0000,0.0,1644000.0,1.000,4194304.0,0.000,0,0,4194304,1,1,0,0,1,1
1,final_right,f32,1048576,glibc_t2,FIXED_TWIN,11,0,1,1503765.00,1025.0000,0.0000,1506000.0,0.0,1.000,4194304.0,0.000,0,0,4194304,1,0,1,0,1,1
1,final_right,f32,1048576,glibc_t2,P5,11,1,1,2949579.00,2050.0000,0.0000,2951000.0,0.0,2.000,8388608.0,0.000,0,0,8388608,2,0,0,0,1,1
1,final_right,f32,1048576,glibc_t2,P6,11,2,1,1639586.00,1025.0000,0.0000,0.0,1642000.0,1.000,4194304.0,0.000,0,0,4194304,1,1,0,0,1,1
1,final_right,f32,1048576,glibc_t2,P7,11,3,1,1491768.00,1025.0000,0.0000,1494000.0,0.0,1.000,4194304.0,0.000,0,0,4194304,1,0,1,0,1,1
1,final_right,f32,1048576,glibc_t2,P5,12,0,1,2894969.00,2050.0000,0.0000,0.0,2897000.0,2.000,8388608.0,0.000,0,0,8388608,2,0,0,0,1,1
1,final_right,f32,1048576,glibc_t2,P6,12,1,1,1632240.00,1025.0000,0.0000,0.0,1634000.0,1.000,4194304.0,0.000,0,0,4194304,1,1,0,0,1,1
1,final_right,f32,1048576,glibc_t2,P7,12,2,1,1469219.00,1025.0000,0.0000,0.0,1471000.0,1.000,4194304.0,0.000,0,0,4194304,1,0,1,0,1,1
1,final_right,f32,1048576,glibc_t2,FIXED_TWIN,12,3,1,1429402.00,1025.0000,0.0000,675000.0,756000.0,1.000,4194304.0,0.000,0,0,4194304,1,0,1,0,1,1
1,final_right,f32,1048576,glibc_t2,P6,13,0,1,1616761.00,1025.0000,0.0000,301000.0,1319000.0,1.000,4194304.0,0.000,0,0,4194304,1,1,0,0,1,1
1,final_right,f32,1048576,glibc_t2,P7,13,1,1,1447654.00,1025.0000,0.0000,127000.0,1324000.0,1.000,4194304.0,0.000,0,0,4194304,1,0,1,0,1,1
1,final_right,f32,1048576,glibc_t2,FIXED_TWIN,13,2,1,1445755.00,1025.0000,0.0000,1304000.0,143000.0,1.000,4194304.0,0.000,0,0,4194304,1,0,1,0,1,1
1,final_right,f32,1048576,glibc_t2,P5,13,3,1,3130726.00,2050.0000,0.0000,0.0,3133000.0,2.000,8388608.0,0.000,0,0,8388608,2,0,0,0,1,1
1,final_right,f32,1048576,glibc_t2,P7,14,0,1,1440727.00,1025.0000,0.0000,0.0,1443000.0,1.000,4194304.0,0.000,0,0,4194304,1,0,1,0,1,1
1,final_right,f32,1048576,glibc_t2,FIXED_TWIN,14,1,1,1452201.00,1025.0000,0.0000,0.0,1455000.0,1.000,4194304.0,0.000,0,0,4194304,1,0,1,0,1,1
1,final_right,f32,1048576,glibc_t2,P5,14,2,1,2960223.00,2050.0000,0.0000,0.0,2962000.0,2.000,8388608.0,0.000,0,0,8388608,2,0,0,0,1,1
1,final_right,f32,1048576,glibc_t2,P6,14,3,1,1611279.00,1025.0000,0.0000,0.0,1613000.0,1.000,4194304.0,0.000,0,0,4194304,1,1,0,0,1,1
1,final_right,f32,4194304,glibc_t2,P5,0,0,1,15025819.00,8194.0000,0.0000,0.0,15031000.0,2.000,33554432.0,0.000,0,0,33554432,2,0,0,0,1,1
1,final_right,f32,4194304,glibc_t2,P6,0,1,1,7924652.00,4097.0000,0.0000,3967000.0,3963000.0,1.000,16777216.0,0.000,0,0,16777216,1,1,0,0,1,1
1,final_right,f32,4194304,glibc_t2,P7,0,2,1,7371331.00,4097.0000,0.0000,3705000.0,3670000.0,1.000,16777216.0,0.000,0,0,16777216,1,0,1,0,1,1
1,final_right,f32,4194304,glibc_t2,FIXED_TWIN,0,3,1,7574596.00,4097.0000,0.0000,0.0,7578000.0,1.000,16777216.0,0.000,0,0,16777216,1,0,1,0,1,1
1,final_right,f32,4194304,glibc_t2,P6,1,0,1,8908805.00,4097.0000,0.0000,431000.0,8483000.0,1.000,16777216.0,0.000,0,0,16777216,1,1,0,0,1,1
1,final_right,f32,4194304,glibc_t2,P7,1,1,1,7759860.00,4097.0000,0.0000,614000.0,7148000.0,1.000,16777216.0,0.000,0,0,16777216,1,0,1,0,1,1
1,final_right,f32,4194304,glibc_t2,FIXED_TWIN,1,2,1,7264065.00,4097.0000,0.0000,0.0,7267000.0,1.000,16777216.0,0.000,0,0,16777216,1,0,1,0,1,1
1,final_right,f32,4194304,glibc_t2,P5,1,3,1,14811058.00,8194.0000,0.0000,0.0,14814000.0,2.000,33554432.0,0.000,0,0,33554432,2,0,0,0,1,1
1,final_right,f32,4194304,glibc_t2,P7,2,0,1,7338348.00,4097.0000,0.0000,3689000.0,3652000.0,1.000,16777216.0,0.000,0,0,16777216,1,0,1,0,1,1
1,final_right,f32,4194304,glibc_t2,FIXED_TWIN,2,1,1,7788485.00,4097.0000,0.0000,0.0,7792000.0,1.000,16777216.0,0.000,0,0,16777216,1,0,1,0,1,1
1,final_right,f32,4194304,glibc_t2,P5,2,2,1,15732338.00,8194.0000,0.0000,3875000.0,11860000.0,2.000,33554432.0,0.000,0,0,33554432,2,0,0,0,1,1
1,final_right,f32,4194304,glibc_t2,P6,2,3,1,8574511.00,4097.0000,0.0000,4273000.0,4305000.0,1.000,16777216.0,0.000,0,0,16777216,1,1,0,0,1,1
1,final_right,f32,4194304,glibc_t2,FIXED_TWIN,3,0,1,7692096.00,4097.0000,0.0000,3856000.0,3839000.0,1.000,16777216.0,0.000,0,0,16777216,1,0,1,0,1,1
1,final_right,f32,4194304,glibc_t2,P5,3,1,1,15766441.00,8194.0000,0.0000,7891000.0,7878000.0,2.000,33554432.0,0.000,0,0,33554432,2,0,0,0,1,1
1,final_right,f32,4194304,glibc_t2,P6,3,2,1,10547742.00,4097.0000,0.0000,7317000.0,3236000.0,1.000,16777216.0,0.000,0,0,16777216,1,1,0,0,1,1
1,final_right,f32,4194304,glibc_t2,P7,3,3,1,8178130.00,4097.0000,0.0000,6197000.0,1984000.0,1.000,16777216.0,0.000,0,0,16777216,1,0,1,0,1,1
1,final_right,f32,4194304,glibc_t2,P5,4,0,1,15978328.00,8194.0000,0.0000,3991000.0,11990000.0,2.000,33554432.0,0.000,0,0,33554432,2,0,0,0,1,1
1,final_right,f32,4194304,glibc_t2,P6,4,1,1,8555673.00,4097.0000,0.0000,4265000.0,4296000.0,1.000,16777216.0,0.000,0,0,16777216,1,1,0,0,1,1
1,final_right,f32,4194304,glibc_t2,P7,4,2,1,7455423.00,4097.0000,0.0000,3745000.0,3714000.0,1.000,16777216.0,0.000,0,0,16777216,1,0,1,0,1,1
1,final_right,f32,4194304,glibc_t2,FIXED_TWIN,4,3,1,7817822.00,4097.0000,0.0000,3916000.0,3906000.0,1.000,16777216.0,0.000,0,0,16777216,1,0,1,0,1,1
1,final_right,f32,4194304,glibc_t2,P6,5,0,1,8320429.00,4097.0000,0.0000,4147000.0,4164000.0,1.000,16777216.0,0.000,0,0,16777216,1,1,0,0,1,1
1,final_right,f32,4194304,glibc_t2,P7,5,1,1,7565415.00,4097.0000,0.0000,3797000.0,3772000.0,1.000,16777216.0,0.000,0,0,16777216,1,0,1,0,1,1
1,final_right,f32,4194304,glibc_t2,FIXED_TWIN,5,2,1,7708739.00,4097.0000,0.0000,3864000.0,3848000.0,1.000,16777216.0,0.000,0,0,16777216,1,0,1,0,1,1
1,final_right,f32,4194304,glibc_t2,P5,5,3,1,15446769.00,8194.0000,0.0000,0.0,15450000.0,2.000,33554432.0,0.000,0,0,33554432,2,0,0,0,1,1
1,final_right,f32,4194304,glibc_t2,P7,6,0,1,8018825.00,4097.0000,0.0000,4011000.0,4012000.0,1.000,16777216.0,0.000,0,0,16777216,1,0,1,0,1,1
1,final_right,f32,4194304,glibc_t2,FIXED_TWIN,6,1,1,7946402.00,4097.0000,0.0000,0.0,7950000.0,1.000,16777216.0,0.000,0,0,16777216,1,0,1,0,1,1
1,final_right,f32,4194304,glibc_t2,P5,6,2,1,16156195.00,8194.0000,0.0000,8076000.0,8085000.0,2.000,33554432.0,0.000,0,0,33554432,2,0,0,0,1,1
1,final_right,f32,4194304,glibc_t2,P6,6,3,1,8724775.00,4097.0000,0.0000,4344000.0,4385000.0,1.000,16777216.0,0.000,0,0,16777216,1,1,0,0,1,1
1,final_right,f32,4194304,glibc_t2,FIXED_TWIN,7,0,1,7790252.00,4097.0000,0.0000,3902000.0,3891000.0,1.000,16777216.0,0.000,0,0,16777216,1,0,1,0,1,1
1,final_right,f32,4194304,glibc_t2,P5,7,1,1,15794241.00,8194.0000,0.0000,3905000.0,11894000.0,2.000,33554432.0,0.000,0,0,33554432,2,0,0,0,1,1
1,final_right,f32,4194304,glibc_t2,P6,7,2,1,8957905.00,4097.0000,0.0000,4455000.0,4508000.0,1.000,16777216.0,0.000,0,0,16777216,1,1,0,0,1,1
1,final_right,f32,4194304,glibc_t2,P7,7,3,1,8047257.00,4097.0000,0.0000,4023000.0,4026000.0,1.000,16777216.0,0.000,0,0,16777216,1,0,1,0,1,1
1,final_right,f32,4194304,glibc_t2,P5,8,0,1,15956789.00,8194.0000,0.0000,3982000.0,11979000.0,2.000,33554432.0,0.000,0,0,33554432,2,0,0,0,1,1
1,final_right,f32,4194304,glibc_t2,P6,8,1,1,9003487.00,4097.0000,0.0000,8476000.0,533000.0,1.000,16777216.0,0.000,0,0,16777216,1,1,0,0,1,1
1,final_right,f32,4194304,glibc_t2,P7,8,2,1,8207132.00,4097.0000,0.0000,100000.0,8086000.0,1.000,16777216.0,0.000,0,0,16777216,1,0,1,0,1,1
1,final_right,f32,4194304,glibc_t2,FIXED_TWIN,8,3,1,8108476.00,4097.0000,0.0000,4054000.0,4060000.0,1.000,16777216.0,0.000,0,0,16777216,1,0,1,0,1,1
1,final_right,f32,4194304,glibc_t2,P6,9,0,1,8863984.00,4097.0000,0.0000,4410000.0,4458000.0,1.000,16777216.0,0.000,0,0,16777216,1,1,0,0,1,1
1,final_right,f32,4194304,glibc_t2,P7,9,1,1,8030413.00,4097.0000,0.0000,4016000.0,4018000.0,1.000,16777216.0,0.000,0,0,16777216,1,0,1,0,1,1
1,final_right,f32,4194304,glibc_t2,FIXED_TWIN,9,2,1,7946514.00,4097.0000,0.0000,0.0,7949000.0,1.000,16777216.0,0.000,0,0,16777216,1,0,1,0,1,1
1,final_right,f32,4194304,glibc_t2,P5,9,3,1,16745228.00,8194.0000,0.0000,354000.0,16395000.0,2.000,33554432.0,0.000,0,0,33554432,2,0,0,0,1,1
1,final_right,f32,4194304,glibc_t2,P7,10,0,1,8589081.00,4097.0000,0.0000,4281000.0,4313000.0,1.000,16777216.0,0.000,0,0,16777216,1,0,1,0,1,1
1,final_right,f32,4194304,glibc_t2,FIXED_TWIN,10,1,1,8436622.00,4097.0000,0.0000,8208000.0,232000.0,1.000,16777216.0,0.000,0,0,16777216,1,0,1,0,1,1
1,final_right,f32,4194304,glibc_t2,P5,10,2,1,16050344.00,8194.0000,0.0000,4025000.0,12029000.0,2.000,33554432.0,0.000,0,0,33554432,2,0,0,0,1,1
1,final_right,f32,4194304,glibc_t2,P6,10,3,1,9031291.00,4097.0000,0.0000,2600000.0,6435000.0,1.000,16777216.0,0.000,0,0,16777216,1,1,0,0,1,1
1,final_right,f32,4194304,glibc_t2,FIXED_TWIN,11,0,1,7817575.00,4097.0000,0.0000,0.0,7821000.0,1.000,16777216.0,0.000,0,0,16777216,1,0,1,0,1,1
1,final_right,f32,4194304,glibc_t2,P5,11,1,1,15690966.00,8194.0000,0.0000,1744000.0,13951000.0,2.000,33554432.0,0.000,0,0,33554432,2,0,0,0,1,1
1,final_right,f32,4194304,glibc_t2,P6,11,2,1,8524760.00,4097.0000,0.0000,250000.0,8279000.0,1.000,16777216.0,0.000,0,0,16777216,1,1,0,0,1,1
1,final_right,f32,4194304,glibc_t2,P7,11,3,1,7212636.00,4097.0000,0.0000,0.0,7215000.0,1.000,16777216.0,0.000,0,0,16777216,1,0,1,0,1,1
1,final_right,f32,4194304,glibc_t2,P5,12,0,1,14790205.00,8194.0000,0.0000,9289000.0,5443000.0,2.000,33554432.0,0.000,0,0,33554432,2,0,0,0,1,1
1,final_right,f32,4194304,glibc_t2,P6,12,1,1,8084150.00,4097.0000,0.0000,4041000.0,4046000.0,1.000,16777216.0,0.000,0,0,16777216,1,1,0,0,1,1
1,final_right,f32,4194304,glibc_t2,P7,12,2,1,7373085.00,4097.0000,0.0000,0.0,7376000.0,1.000,16777216.0,0.000,0,0,16777216,1,0,1,0,1,1
1,final_right,f32,4194304,glibc_t2,FIXED_TWIN,12,3,1,7423159.00,4097.0000,0.0000,0.0,7426000.0,1.000,16777216.0,0.000,0,0,16777216,1,0,1,0,1,1
1,final_right,f32,4194304,glibc_t2,P6,13,0,1,8024433.00,4097.0000,0.0000,13000.0,8015000.0,1.000,16777216.0,0.000,0,0,16777216,1,1,0,0,1,1
1,final_right,f32,4194304,glibc_t2,P7,13,1,1,7167159.00,4097.0000,0.0000,3609000.0,3562000.0,1.000,16777216.0,0.000,0,0,16777216,1,0,1,0,1,1
1,final_right,f32,4194304,glibc_t2,FIXED_TWIN,13,2,1,8379906.00,4097.0000,0.0000,2294000.0,6091000.0,1.000,16777216.0,0.000,0,0,16777216,1,0,1,0,1,1
1,final_right,f32,4194304,glibc_t2,P5,13,3,1,15381393.00,8194.0000,0.0000,3711000.0,11676000.0,2.000,33554432.0,0.000,0,0,33554432,2,0,0,0,1,1
1,final_right,f32,4194304,glibc_t2,P7,14,0,1,7774569.00,4097.0000,0.0000,7778000.0,0.0,1.000,16777216.0,0.000,0,0,16777216,1,0,1,0,1,1
1,final_right,f32,4194304,glibc_t2,FIXED_TWIN,14,1,1,7572756.00,4097.0000,0.0000,1687000.0,5888000.0,1.000,16777216.0,0.000,0,0,16777216,1,0,1,0,1,1
1,final_right,f32,4194304,glibc_t2,P5,14,2,1,14821741.00,8194.0000,0.0000,13333000.0,1492000.0,2.000,33554432.0,0.000,0,0,33554432,2,0,0,0,1,1
1,final_right,f32,4194304,glibc_t2,P6,14,3,1,8381201.00,4097.0000,0.0000,174000.0,8195000.0,1.000,16777216.0,0.000,0,0,16777216,1,1,0,0,1,1
1,final_right,f32,16777216,glibc_t2,P5,0,0,1,76066170.00,32770.0000,0.0000,28034000.0,48038000.0,2.000,134217728.0,0.000,0,0,134217728,2,0,0,0,1,1
1,final_right,f32,16777216,glibc_t2,P6,0,1,1,49566496.00,16385.0000,0.0000,24742000.0,24795000.0,1.000,67108864.0,0.000,0,0,67108864,1,1,0,0,1,1
1,final_right,f32,16777216,glibc_t2,P7,0,2,1,43814118.00,16385.0000,0.0000,19915000.0,23905000.0,1.000,67108864.0,0.000,0,0,67108864,1,0,1,0,1,1
1,final_right,f32,16777216,glibc_t2,FIXED_TWIN,0,3,1,43314533.00,16385.0000,0.0000,23679000.0,19641000.0,1.000,67108864.0,0.000,0,0,67108864,1,0,1,0,1,1
1,final_right,f32,16777216,glibc_t2,P6,1,0,1,48368297.00,16385.0000,0.0000,20177000.0,28198000.0,1.000,67108864.0,0.000,0,0,67108864,1,1,0,0,1,1
1,final_right,f32,16777216,glibc_t2,P7,1,1,1,41393153.00,16385.0000,0.0000,16660000.0,24739000.0,1.000,67108864.0,0.000,0,0,67108864,1,0,1,0,1,1
1,final_right,f32,16777216,glibc_t2,FIXED_TWIN,1,2,1,42427961.00,16385.0000,0.0000,23260000.0,19173000.0,1.000,67108864.0,0.000,0,0,67108864,1,0,1,0,1,1
1,final_right,f32,16777216,glibc_t2,P5,1,3,1,75829483.00,32770.0000,0.0000,31922000.0,43861000.0,2.000,134217728.0,0.000,0,0,134217728,2,0,0,0,1,1
1,final_right,f32,16777216,glibc_t2,P7,2,0,1,42498023.00,16385.0000,0.0000,27295000.0,15210000.0,1.000,67108864.0,0.000,0,0,67108864,1,0,1,0,1,1
1,final_right,f32,16777216,glibc_t2,FIXED_TWIN,2,1,1,42539955.00,16385.0000,0.0000,21200000.0,21344000.0,1.000,67108864.0,0.000,0,0,67108864,1,0,1,0,1,1
1,final_right,f32,16777216,glibc_t2,P5,2,2,1,75720704.00,32770.0000,0.0000,23858000.0,51855000.0,2.000,134217728.0,0.000,0,0,134217728,2,0,0,0,1,1
1,final_right,f32,16777216,glibc_t2,P6,2,3,1,48616212.00,16385.0000,0.0000,22394000.0,26201000.0,1.000,67108864.0,0.000,0,0,67108864,1,1,0,0,1,1
1,final_right,f32,16777216,glibc_t2,FIXED_TWIN,3,0,1,41512739.00,16385.0000,0.0000,12716000.0,28719000.0,1.000,67108864.0,0.000,0,0,67108864,1,0,1,0,1,1
1,final_right,f32,16777216,glibc_t2,P5,3,1,1,75510512.00,32770.0000,0.0000,27772000.0,47744000.0,2.000,134217728.0,0.000,0,0,134217728,2,0,0,0,1,1
1,final_right,f32,16777216,glibc_t2,P6,3,2,1,47618871.00,16385.0000,0.0000,23823000.0,23802000.0,1.000,67108864.0,0.000,0,0,67108864,1,1,0,0,1,1
1,final_right,f32,16777216,glibc_t2,P7,3,3,1,41617042.00,16385.0000,0.0000,12765000.0,28857000.0,1.000,67108864.0,0.000,0,0,67108864,1,0,1,0,1,1
1,final_right,f32,16777216,glibc_t2,P5,4,0,1,77173063.00,32770.0000,0.0000,24556000.0,52585000.0,2.000,134217728.0,0.000,0,0,134217728,2,0,0,0,1,1
1,final_right,f32,16777216,glibc_t2,P6,4,1,1,49351810.00,16385.0000,0.0000,14756000.0,34603000.0,1.000,67108864.0,0.000,0,0,67108864,1,1,0,0,1,1
1,final_right,f32,16777216,glibc_t2,P7,4,2,1,45832089.00,16385.0000,0.0000,26916000.0,18857000.0,1.000,67108864.0,0.000,0,0,67108864,1,0,1,0,1,1
1,final_right,f32,16777216,glibc_t2,FIXED_TWIN,4,3,1,42084325.00,16385.0000,0.0000,8986000.0,33104000.0,1.000,67108864.0,0.000,0,0,67108864,1,0,1,0,1,1
1,final_right,f32,16777216,glibc_t2,P6,5,0,1,49154267.00,16385.0000,0.0000,22594000.0,26488000.0,1.000,67108864.0,0.000,0,0,67108864,1,1,0,0,1,1
1,final_right,f32,16777216,glibc_t2,P7,5,1,1,43049259.00,16385.0000,0.0000,19536000.0,23479000.0,1.000,67108864.0,0.000,0,0,67108864,1,0,1,0,1,1
1,final_right,f32,16777216,glibc_t2,FIXED_TWIN,5,2,1,43135082.00,16385.0000,0.0000,19595000.0,23546000.0,1.000,67108864.0,0.000,0,0,67108864,1,0,1,0,1,1
1,final_right,f32,16777216,glibc_t2,P5,5,3,1,76235331.00,32770.0000,0.0000,40066000.0,36113000.0,2.000,134217728.0,0.000,0,0,134217728,2,0,0,0,1,1
1,final_right,f32,16777216,glibc_t2,P7,6,0,1,41788419.00,16385.0000,0.0000,28776000.0,12950000.0,1.000,67108864.0,0.000,0,0,67108864,1,0,1,0,1,1
1,final_right,f32,16777216,glibc_t2,FIXED_TWIN,6,1,1,44906918.00,16385.0000,0.0000,18544000.0,26368000.0,1.000,67108864.0,0.000,0,0,67108864,1,0,1,0,1,1
1,final_right,f32,16777216,glibc_t2,P5,6,2,1,78582347.00,32770.0000,0.0000,13170000.0,65312000.0,2.000,134217728.0,0.000,0,0,134217728,2,0,0,0,1,1
1,final_right,f32,16777216,glibc_t2,P6,6,3,1,49268844.00,16385.0000,0.0000,20555000.0,28624000.0,1.000,67108864.0,0.000,0,0,67108864,1,1,0,0,1,1
1,final_right,f32,16777216,glibc_t2,FIXED_TWIN,7,0,1,42360855.00,16385.0000,0.0000,9115000.0,33252000.0,1.000,67108864.0,0.000,0,0,67108864,1,0,1,0,1,1
1,final_right,f32,16777216,glibc_t2,P5,7,1,1,76026052.00,32770.0000,0.0000,24015000.0,52017000.0,2.000,134217728.0,0.000,0,0,134217728,2,0,0,0,1,1
1,final_right,f32,16777216,glibc_t2,P6,7,2,1,48336171.00,16385.0000,0.0000,18281000.0,30051000.0,1.000,67108864.0,0.000,0,0,67108864,1,1,0,0,1,1
1,final_right,f32,16777216,glibc_t2,P7,7,3,1,42402907.00,16385.0000,0.0000,13133000.0,29241000.0,1.000,67108864.0,0.000,0,0,67108864,1,0,1,0,1,1
1,final_right,f32,16777216,glibc_t2,P5,8,0,1,75860843.00,32770.0000,0.0000,39899000.0,35895000.0,2.000,134217728.0,0.000,0,0,134217728,2,0,0,0,1,1
1,final_right,f32,16777216,glibc_t2,P6,8,1,1,48031428.00,16385.0000,0.0000,20018000.0,28020000.0,1.000,67108864.0,0.000,0,0,67108864,1,1,0,0,1,1
1,final_right,f32,16777216,glibc_t2,P7,8,2,1,42160927.00,16385.0000,0.0000,21019000.0,21147000.0,1.000,67108864.0,0.000,0,0,67108864,1,0,1,0,1,1
1,final_right,f32,16777216,glibc_t2,FIXED_TWIN,8,3,1,42462064.00,16385.0000,0.0000,13119000.0,29307000.0,1.000,67108864.0,0.000,0,0,67108864,1,0,1,0,1,1
1,final_right,f32,16777216,glibc_t2,P6,9,0,1,49133671.00,16385.0000,0.0000,28536000.0,20568000.0,1.000,67108864.0,0.000,0,0,67108864,1,1,0,0,1,1
1,final_right,f32,16777216,glibc_t2,P7,9,1,1,42373752.00,16385.0000,0.0000,15239000.0,27091000.0,1.000,67108864.0,0.000,0,0,67108864,1,0,1,0,1,1
1,final_right,f32,16777216,glibc_t2,FIXED_TWIN,9,2,1,41569542.00,16385.0000,0.0000,14860000.0,26716000.0,1.000,67108864.0,0.000,0,0,67108864,1,0,1,0,1,1
1,final_right,f32,16777216,glibc_t2,P5,9,3,1,74163533.00,32770.0000,0.0000,9021000.0,65118000.0,2.000,134217728.0,0.000,0,0,134217728,2,0,0,0,1,1
1,final_right,f32,16777216,glibc_t2,P7,10,0,1,42129831.00,16385.0000,0.0000,3124000.0,39012000.0,1.000,67108864.0,0.000,0,0,67108864,1,0,1,0,1,1
1,final_right,f32,16777216,glibc_t2,FIXED_TWIN,10,1,1,42391752.00,16385.0000,0.0000,11248000.0,31150000.0,1.000,67108864.0,0.000,0,0,67108864,1,0,1,0,1,1
1,final_right,f32,16777216,glibc_t2,P5,10,2,1,73961791.00,32770.0000,0.0000,16833000.0,57043000.0,2.000,134217728.0,0.000,0,0,134217728,2,0,0,0,1,1
1,final_right,f32,16777216,glibc_t2,P6,10,3,1,48234524.00,16385.0000,0.0000,12124000.0,36138000.0,1.000,67108864.0,0.000,0,0,67108864,1,1,0,0,1,1
1,final_right,f32,16777216,glibc_t2,FIXED_TWIN,11,0,1,41705879.00,16385.0000,0.0000,16804000.0,24908000.0,1.000,67108864.0,0.000,0,0,67108864,1,0,1,0,1,1
1,final_right,f32,16777216,glibc_t2,P5,11,1,1,75733290.00,32770.0000,0.0000,31877000.0,43861000.0,2.000,134217728.0,0.000,0,0,134217728,2,0,0,0,1,1
1,final_right,f32,16777216,glibc_t2,P6,11,2,1,48213575.00,16385.0000,0.0000,32090000.0,16117000.0,1.000,67108864.0,0.000,0,0,67108864,1,1,0,0,1,1
1,final_right,f32,16777216,glibc_t2,P7,11,3,1,41132707.00,16385.0000,0.0000,16498000.0,24604000.0,1.000,67108864.0,0.000,0,0,67108864,1,0,1,0,1,1
1,final_right,f32,16777216,glibc_t2,P5,12,0,1,74959535.00,32770.0000,0.0000,19515000.0,55365000.0,2.000,134217728.0,0.000,0,0,134217728,2,0,0,0,1,1
1,final_right,f32,16777216,glibc_t2,P6,12,1,1,48458589.00,16385.0000,0.0000,28218000.0,20247000.0,1.000,67108864.0,0.000,0,0,67108864,1,1,0,0,1,1
1,final_right,f32,16777216,glibc_t2,P7,12,2,1,41851666.00,16385.0000,0.0000,12829000.0,28978000.0,1.000,67108864.0,0.000,0,0,67108864,1,0,1,0,1,1
1,final_right,f32,16777216,glibc_t2,FIXED_TWIN,12,3,1,41507275.00,16385.0000,0.0000,24678000.0,16802000.0,1.000,67108864.0,0.000,0,0,67108864,1,0,1,0,1,1
1,final_right,f32,16777216,glibc_t2,P6,13,0,1,48516988.00,16385.0000,0.0000,16234000.0,32263000.0,1.000,67108864.0,0.000,0,0,67108864,1,1,0,0,1,1
1,final_right,f32,16777216,glibc_t2,P7,13,1,1,42236515.00,16385.0000,0.0000,13034000.0,29165000.0,1.000,67108864.0,0.000,0,0,67108864,1,0,1,0,1,1
1,final_right,f32,16777216,glibc_t2,FIXED_TWIN,13,2,1,41339061.00,16385.0000,0.0000,16633000.0,24712000.0,1.000,67108864.0,0.000,0,0,67108864,1,0,1,0,1,1
1,final_right,f32,16777216,glibc_t2,P5,13,3,1,76292800.00,32770.0000,0.0000,24141000.0,52123000.0,2.000,134217728.0,0.000,0,0,134217728,2,0,0,0,1,1
1,final_right,f32,16777216,glibc_t2,P7,14,0,1,43636120.00,16385.0000,0.0000,7833000.0,35810000.0,1.000,67108864.0,0.000,0,0,67108864,1,0,1,0,1,1
1,final_right,f32,16777216,glibc_t2,FIXED_TWIN,14,1,1,41959675.00,16385.0000,0.0000,8924000.0,32955000.0,1.000,67108864.0,0.000,0,0,67108864,1,0,1,0,1,1
1,final_right,f32,16777216,glibc_t2,P5,14,2,1,76197778.00,32770.0000,0.0000,16096000.0,59906000.0,2.000,134217728.0,0.000,0,0,134217728,2,0,0,0,1,1
1,final_right,f32,16777216,glibc_t2,P6,14,3,1,47954514.00,16385.0000,0.0000,31981000.0,15980000.0,1.000,67108864.0,0.000,0,0,67108864,1,1,0,0,1,1
1,inter_out,f32,64,glibc_t2,P5,0,0,1000,365.73,0.0000,0.0000,174.0,196.0,3.000,768.0,0.000,0,0,512256,2,0,0,1,1,1
1,inter_out,f32,64,glibc_t2,P6,0,1,1000,346.56,0.0000,0.0000,163.0,184.0,2.000,512.0,0.000,0,0,512000,1,1,0,1,1,1
1,inter_out,f32,64,glibc_t2,FIXED_TWIN,0,2,1000,368.46,0.0000,0.0000,370.0,0.0,2.000,512.0,0.000,0,0,512000,1,1,0,1,1,1
1,inter_out,f32,64,glibc_t2,P6,1,0,1000,348.12,0.0000,0.0000,349.0,0.0,2.000,512.0,0.000,0,0,512000,1,1,0,1,1,1
1,inter_out,f32,64,glibc_t2,FIXED_TWIN,1,1,1000,353.99,0.0000,0.0000,354.0,0.0,2.000,512.0,0.000,0,0,512000,1,1,0,1,1,1
1,inter_out,f32,64,glibc_t2,P5,1,2,1000,367.99,0.0000,0.0000,366.0,4.0,3.000,768.0,0.000,0,0,512256,2,0,0,1,1,1
1,inter_out,f32,64,glibc_t2,FIXED_TWIN,2,0,1000,391.45,0.0000,0.0000,393.0,0.0,2.000,512.0,0.000,0,0,512000,1,1,0,1,1,1
1,inter_out,f32,64,glibc_t2,P5,2,1,1000,350.48,0.0000,0.0000,351.0,0.0,3.000,768.0,0.000,0,0,512256,2,0,0,1,1,1
1,inter_out,f32,64,glibc_t2,P6,2,2,1000,364.82,0.0000,0.0000,366.0,0.0,2.000,512.0,0.000,0,0,512000,1,1,0,1,1,1
1,inter_out,f32,64,glibc_t2,P5,3,0,1000,329.03,0.0000,0.0000,329.0,0.0,3.000,768.0,0.000,0,0,512256,2,0,0,1,1,1
1,inter_out,f32,64,glibc_t2,P6,3,1,1000,415.34,0.0000,0.0000,417.0,0.0,2.000,512.0,0.000,0,0,512000,1,1,0,1,1,1
1,inter_out,f32,64,glibc_t2,FIXED_TWIN,3,2,1000,322.53,0.0000,0.0000,323.0,0.0,2.000,512.0,0.000,0,0,512000,1,1,0,1,1,1
1,inter_out,f32,64,glibc_t2,P6,4,0,1000,325.53,0.0000,0.0000,326.0,0.0,2.000,512.0,0.000,0,0,512000,1,1,0,1,1,1
1,inter_out,f32,64,glibc_t2,FIXED_TWIN,4,1,1000,317.24,0.0000,0.0000,318.0,0.0,2.000,512.0,0.000,0,0,512000,1,1,0,1,1,1
1,inter_out,f32,64,glibc_t2,P5,4,2,1000,390.89,0.0000,0.0000,391.0,0.0,3.000,768.0,0.000,0,0,512256,2,0,0,1,1,1
1,inter_out,f32,64,glibc_t2,FIXED_TWIN,5,0,1000,329.48,0.0000,0.0000,332.0,0.0,2.000,512.0,0.000,0,0,512000,1,1,0,1,1,1
1,inter_out,f32,64,glibc_t2,P5,5,1,1000,337.29,0.0000,0.0000,338.0,0.0,3.000,768.0,0.000,0,0,512256,2,0,0,1,1,1
1,inter_out,f32,64,glibc_t2,P6,5,2,1000,530.25,0.0000,0.0000,534.0,0.0,2.000,512.0,0.000,0,0,512000,1,1,0,1,1,1
1,inter_out,f32,64,glibc_t2,P5,6,0,1000,357.37,0.0000,0.0000,360.0,0.0,3.000,768.0,0.000,0,0,512256,2,0,0,1,1,1
1,inter_out,f32,64,glibc_t2,P6,6,1,1000,362.31,0.0000,0.0000,363.0,0.0,2.000,512.0,0.000,0,0,512000,1,1,0,1,1,1
1,inter_out,f32,64,glibc_t2,FIXED_TWIN,6,2,1000,349.55,0.0000,0.0000,350.0,0.0,2.000,512.0,0.000,0,0,512000,1,1,0,1,1,1
1,inter_out,f32,64,glibc_t2,P6,7,0,1000,381.15,0.0000,0.0000,383.0,0.0,2.000,512.0,0.000,0,0,512000,1,1,0,1,1,1
1,inter_out,f32,64,glibc_t2,FIXED_TWIN,7,1,1000,355.86,0.0000,0.0000,357.0,0.0,2.000,512.0,0.000,0,0,512000,1,1,0,1,1,1
1,inter_out,f32,64,glibc_t2,P5,7,2,1000,359.54,0.0000,0.0000,360.0,0.0,3.000,768.0,0.000,0,0,512256,2,0,0,1,1,1
1,inter_out,f32,64,glibc_t2,FIXED_TWIN,8,0,1000,348.06,0.0000,0.0000,349.0,0.0,2.000,512.0,0.000,0,0,512000,1,1,0,1,1,1
1,inter_out,f32,64,glibc_t2,P5,8,1,1000,423.97,0.0000,0.0000,425.0,0.0,3.000,768.0,0.000,0,0,512256,2,0,0,1,1,1
1,inter_out,f32,64,glibc_t2,P6,8,2,1000,368.31,0.0000,0.0000,369.0,0.0,2.000,512.0,0.000,0,0,512000,1,1,0,1,1,1
1,inter_out,f32,64,glibc_t2,P5,9,0,1000,370.83,0.0000,0.0000,371.0,0.0,3.000,768.0,0.000,0,0,512256,2,0,0,1,1,1
1,inter_out,f32,64,glibc_t2,P6,9,1,1000,346.65,0.0000,0.0000,348.0,0.0,2.000,512.0,0.000,0,0,512000,1,1,0,1,1,1
1,inter_out,f32,64,glibc_t2,FIXED_TWIN,9,2,1000,332.56,0.0000,0.0000,333.0,0.0,2.000,512.0,0.000,0,0,512000,1,1,0,1,1,1
1,inter_out,f32,64,glibc_t2,P6,10,0,1000,387.41,0.0000,0.0000,388.0,0.0,2.000,512.0,0.000,0,0,512000,1,1,0,1,1,1
1,inter_out,f32,64,glibc_t2,FIXED_TWIN,10,1,1000,327.24,0.0000,0.0000,328.0,0.0,2.000,512.0,0.000,0,0,512000,1,1,0,1,1,1
1,inter_out,f32,64,glibc_t2,P5,10,2,1000,332.91,0.0000,0.0000,334.0,0.0,3.000,768.0,0.000,0,0,512256,2,0,0,1,1,1
1,inter_out,f32,64,glibc_t2,FIXED_TWIN,11,0,1000,319.48,0.0000,0.0000,321.0,0.0,2.000,512.0,0.000,0,0,512000,1,1,0,1,1,1
1,inter_out,f32,64,glibc_t2,P5,11,1,1000,353.41,0.0000,0.0000,354.0,0.0,3.000,768.0,0.000,0,0,512256,2,0,0,1,1,1
1,inter_out,f32,64,glibc_t2,P6,11,2,1000,324.91,0.0000,0.0000,325.0,0.0,2.000,512.0,0.000,0,0,512000,1,1,0,1,1,1
1,inter_out,f32,64,glibc_t2,P5,12,0,1000,333.01,0.0000,0.0000,333.0,0.0,3.000,768.0,0.000,0,0,512256,2,0,0,1,1,1
1,inter_out,f32,64,glibc_t2,P6,12,1,1000,368.99,0.0000,0.0000,370.0,0.0,2.000,512.0,0.000,0,0,512000,1,1,0,1,1,1
1,inter_out,f32,64,glibc_t2,FIXED_TWIN,12,2,1000,323.32,0.0000,0.0000,324.0,0.0,2.000,512.0,0.000,0,0,512000,1,1,0,1,1,1
1,inter_out,f32,64,glibc_t2,P6,13,0,1000,420.00,0.0000,0.0000,422.0,0.0,2.000,512.0,0.000,0,0,512000,1,1,0,1,1,1
1,inter_out,f32,64,glibc_t2,FIXED_TWIN,13,1,1000,324.73,0.0000,0.0000,326.0,0.0,2.000,512.0,0.000,0,0,512000,1,1,0,1,1,1
1,inter_out,f32,64,glibc_t2,P5,13,2,1000,341.84,0.0000,0.0000,343.0,0.0,3.000,768.0,0.000,0,0,512256,2,0,0,1,1,1
1,inter_out,f32,64,glibc_t2,FIXED_TWIN,14,0,1000,338.02,0.0000,0.0000,339.0,0.0,2.000,512.0,0.000,0,0,512000,1,1,0,1,1,1
1,inter_out,f32,64,glibc_t2,P5,14,1,1000,338.79,0.0000,0.0000,339.0,0.0,3.000,768.0,0.000,0,0,512256,2,0,0,1,1,1
1,inter_out,f32,64,glibc_t2,P6,14,2,1000,326.21,0.0000,0.0000,326.0,0.0,2.000,512.0,0.000,0,0,512000,1,1,0,1,1,1
1,inter_out,f32,1024,glibc_t2,P5,0,0,1000,785.80,0.0000,0.0000,792.0,0.0,3.000,12288.0,0.000,0,0,8196096,2,0,0,1,1,1
1,inter_out,f32,1024,glibc_t2,P6,0,1,1000,785.01,0.0000,0.0000,789.0,0.0,2.000,8192.0,0.000,0,0,8192000,1,1,0,1,1,1
1,inter_out,f32,1024,glibc_t2,FIXED_TWIN,0,2,1000,772.13,0.0000,0.0000,775.0,0.0,2.000,8192.0,0.000,0,0,8192000,1,1,0,1,1,1
1,inter_out,f32,1024,glibc_t2,P6,1,0,1000,752.26,0.0000,0.0000,733.0,24.0,2.000,8192.0,0.000,0,0,8192000,1,1,0,1,1,1
1,inter_out,f32,1024,glibc_t2,FIXED_TWIN,1,1,1000,775.37,0.0000,0.0000,778.0,0.0,2.000,8192.0,0.000,0,0,8192000,1,1,0,1,1,1
1,inter_out,f32,1024,glibc_t2,P5,1,2,1000,785.88,0.0000,0.0000,789.0,0.0,3.000,12288.0,0.000,0,0,8196096,2,0,0,1,1,1
1,inter_out,f32,1024,glibc_t2,FIXED_TWIN,2,0,1000,799.28,0.0000,0.0000,802.0,0.0,2.000,8192.0,0.000,0,0,8192000,1,1,0,1,1,1
1,inter_out,f32,1024,glibc_t2,P5,2,1,1000,814.85,0.0000,0.0000,818.0,0.0,3.000,12288.0,0.000,0,0,8196096,2,0,0,1,1,1
1,inter_out,f32,1024,glibc_t2,P6,2,2,1000,899.14,0.0000,0.0000,903.0,0.0,2.000,8192.0,0.000,0,0,8192000,1,1,0,1,1,1
1,inter_out,f32,1024,glibc_t2,P5,3,0,1000,817.05,0.0000,0.0000,821.0,0.0,3.000,12288.0,0.000,0,0,8196096,2,0,0,1,1,1
1,inter_out,f32,1024,glibc_t2,P6,3,1,1000,848.23,0.0000,0.0000,851.0,0.0,2.000,8192.0,0.000,0,0,8192000,1,1,0,1,1,1
1,inter_out,f32,1024,glibc_t2,FIXED_TWIN,3,2,1000,773.44,0.0000,0.0000,777.0,0.0,2.000,8192.0,0.000,0,0,8192000,1,1,0,1,1,1
1,inter_out,f32,1024,glibc_t2,P6,4,0,1000,776.27,0.0000,0.0000,779.0,0.0,2.000,8192.0,0.000,0,0,8192000,1,1,0,1,1,1
1,inter_out,f32,1024,glibc_t2,FIXED_TWIN,4,1,1000,788.19,0.0000,0.0000,791.0,0.0,2.000,8192.0,0.000,0,0,8192000,1,1,0,1,1,1
1,inter_out,f32,1024,glibc_t2,P5,4,2,1000,1018.68,0.0000,0.0000,1024.0,0.0,3.000,12288.0,0.000,0,0,8196096,2,0,0,1,1,1
1,inter_out,f32,1024,glibc_t2,FIXED_TWIN,5,0,1000,786.19,0.0000,0.0000,790.0,0.0,2.000,8192.0,0.000,0,0,8192000,1,1,0,1,1,1
1,inter_out,f32,1024,glibc_t2,P5,5,1,1000,824.43,0.0000,0.0000,828.0,0.0,3.000,12288.0,0.000,0,0,8196096,2,0,0,1,1,1
1,inter_out,f32,1024,glibc_t2,P6,5,2,1000,818.87,0.0000,0.0000,823.0,0.0,2.000,8192.0,0.000,0,0,8192000,1,1,0,1,1,1
1,inter_out,f32,1024,glibc_t2,P5,6,0,1000,960.79,0.0000,0.0000,965.0,0.0,3.000,12288.0,0.000,0,0,8196096,2,0,0,1,1,1
1,inter_out,f32,1024,glibc_t2,P6,6,1,1000,1041.09,0.0000,0.0000,1046.0,0.0,2.000,8192.0,0.000,0,0,8192000,1,1,0,1,1,1
1,inter_out,f32,1024,glibc_t2,FIXED_TWIN,6,2,1000,731.04,0.0000,0.0000,735.0,0.0,2.000,8192.0,0.000,0,0,8192000,1,1,0,1,1,1
1,inter_out,f32,1024,glibc_t2,P6,7,0,1000,912.95,0.0000,0.0000,918.0,0.0,2.000,8192.0,0.000,0,0,8192000,1,1,0,1,1,1
1,inter_out,f32,1024,glibc_t2,FIXED_TWIN,7,1,1000,796.40,0.0000,0.0000,800.0,0.0,2.000,8192.0,0.000,0,0,8192000,1,1,0,1,1,1
1,inter_out,f32,1024,glibc_t2,P5,7,2,1000,956.90,0.0000,0.0000,962.0,0.0,3.000,12288.0,0.000,0,0,8196096,2,0,0,1,1,1
1,inter_out,f32,1024,glibc_t2,FIXED_TWIN,8,0,1000,838.96,0.0000,0.0000,843.0,0.0,2.000,8192.0,0.000,0,0,8192000,1,1,0,1,1,1
1,inter_out,f32,1024,glibc_t2,P5,8,1,1000,796.82,0.0000,0.0000,800.0,0.0,3.000,12288.0,0.000,0,0,8196096,2,0,0,1,1,1
1,inter_out,f32,1024,glibc_t2,P6,8,2,1000,843.97,0.0000,0.0000,848.0,0.0,2.000,8192.0,0.000,0,0,8192000,1,1,0,1,1,1
1,inter_out,f32,1024,glibc_t2,P5,9,0,1000,1111.49,0.0000,0.0000,1117.0,0.0,3.000,12288.0,0.000,0,0,8196096,2,0,0,1,1,1
1,inter_out,f32,1024,glibc_t2,P6,9,1,1000,804.29,0.0000,0.0000,808.0,0.0,2.000,8192.0,0.000,0,0,8192000,1,1,0,1,1,1
1,inter_out,f32,1024,glibc_t2,FIXED_TWIN,9,2,1000,774.58,0.0000,0.0000,778.0,0.0,2.000,8192.0,0.000,0,0,8192000,1,1,0,1,1,1
1,inter_out,f32,1024,glibc_t2,P6,10,0,1000,811.72,0.0000,0.0000,816.0,0.0,2.000,8192.0,0.000,0,0,8192000,1,1,0,1,1,1
1,inter_out,f32,1024,glibc_t2,FIXED_TWIN,10,1,1000,814.31,0.0000,0.0000,819.0,0.0,2.000,8192.0,0.000,0,0,8192000,1,1,0,1,1,1
1,inter_out,f32,1024,glibc_t2,P5,10,2,1000,1062.67,0.0000,0.0000,1068.0,0.0,3.000,12288.0,0.000,0,0,8196096,2,0,0,1,1,1
1,inter_out,f32,1024,glibc_t2,FIXED_TWIN,11,0,1000,807.34,0.0000,0.0000,812.0,0.0,2.000,8192.0,0.000,0,0,8192000,1,1,0,1,1,1
1,inter_out,f32,1024,glibc_t2,P5,11,1,1000,898.31,0.0000,0.0000,902.0,0.0,3.000,12288.0,0.000,0,0,8196096,2,0,0,1,1,1
1,inter_out,f32,1024,glibc_t2,P6,11,2,1000,949.58,0.0000,0.0000,954.0,0.0,2.000,8192.0,0.000,0,0,8192000,1,1,0,1,1,1
1,inter_out,f32,1024,glibc_t2,P5,12,0,1000,1046.78,0.0000,0.0000,1052.0,0.0,3.000,12288.0,0.000,0,0,8196096,2,0,0,1,1,1
1,inter_out,f32,1024,glibc_t2,P6,12,1,1000,778.53,0.0000,0.0000,782.0,0.0,2.000,8192.0,0.000,0,0,8192000,1,1,0,1,1,1
1,inter_out,f32,1024,glibc_t2,FIXED_TWIN,12,2,1000,810.84,0.0000,0.0000,814.0,0.0,2.000,8192.0,0.000,0,0,8192000,1,1,0,1,1,1
1,inter_out,f32,1024,glibc_t2,P6,13,0,1000,933.38,0.0000,0.0000,939.0,0.0,2.000,8192.0,0.000,0,0,8192000,1,1,0,1,1,1
1,inter_out,f32,1024,glibc_t2,FIXED_TWIN,13,1,1000,918.52,0.0000,0.0000,924.0,0.0,2.000,8192.0,0.000,0,0,8192000,1,1,0,1,1,1
1,inter_out,f32,1024,glibc_t2,P5,13,2,1000,814.23,0.0000,0.0000,819.0,0.0,3.000,12288.0,0.000,0,0,8196096,2,0,0,1,1,1
1,inter_out,f32,1024,glibc_t2,FIXED_TWIN,14,0,1000,990.85,0.0000,0.0000,997.0,0.0,2.000,8192.0,0.000,0,0,8192000,1,1,0,1,1,1
1,inter_out,f32,1024,glibc_t2,P5,14,1,1000,859.47,0.0000,0.0000,865.0,0.0,3.000,12288.0,0.000,0,0,8196096,2,0,0,1,1,1
1,inter_out,f32,1024,glibc_t2,P6,14,2,1000,798.19,0.0000,0.0000,801.0,0.0,2.000,8192.0,0.000,0,0,8192000,1,1,0,1,1,1
1,inter_out,f32,4096,glibc_t2,P5,0,0,1,2484.00,0.0000,0.0000,5000.0,0.0,3.000,49152.0,0.000,0,0,49152,2,0,0,1,1,1
1,inter_out,f32,4096,glibc_t2,P6,0,1,1,2025.00,0.0000,0.0000,3000.0,0.0,2.000,32768.0,0.000,0,0,32768,1,1,0,1,1,1
1,inter_out,f32,4096,glibc_t2,FIXED_TWIN,0,2,1,2017.00,0.0000,0.0000,2000.0,0.0,2.000,32768.0,0.000,0,0,32768,1,1,0,1,1,1
1,inter_out,f32,4096,glibc_t2,P6,1,0,1,1969.00,0.0000,0.0000,3000.0,0.0,2.000,32768.0,0.000,0,0,32768,1,1,0,1,1,1
1,inter_out,f32,4096,glibc_t2,FIXED_TWIN,1,1,1,2426.00,0.0000,0.0000,3000.0,0.0,2.000,32768.0,0.000,0,0,32768,1,1,0,1,1,1
1,inter_out,f32,4096,glibc_t2,P5,1,2,1,2427.00,0.0000,0.0000,3000.0,0.0,3.000,49152.0,0.000,0,0,49152,2,0,0,1,1,1
1,inter_out,f32,4096,glibc_t2,FIXED_TWIN,2,0,1,2169.00,0.0000,0.0000,3000.0,0.0,2.000,32768.0,0.000,0,0,32768,1,1,0,1,1,1
1,inter_out,f32,4096,glibc_t2,P5,2,1,1,2323.00,0.0000,0.0000,3000.0,0.0,3.000,49152.0,0.000,0,0,49152,2,0,0,1,1,1
1,inter_out,f32,4096,glibc_t2,P6,2,2,1,1959.00,0.0000,0.0000,2000.0,0.0,2.000,32768.0,0.000,0,0,32768,1,1,0,1,1,1
1,inter_out,f32,4096,glibc_t2,P5,3,0,1,2293.00,0.0000,0.0000,3000.0,0.0,3.000,49152.0,0.000,0,0,49152,2,0,0,1,1,1
1,inter_out,f32,4096,glibc_t2,P6,3,1,1,2055.00,0.0000,0.0000,2000.0,0.0,2.000,32768.0,0.000,0,0,32768,1,1,0,1,1,1
1,inter_out,f32,4096,glibc_t2,FIXED_TWIN,3,2,1,1972.00,0.0000,0.0000,3000.0,0.0,2.000,32768.0,0.000,0,0,32768,1,1,0,1,1,1
1,inter_out,f32,4096,glibc_t2,P6,4,0,1,1997.00,0.0000,0.0000,3000.0,0.0,2.000,32768.0,0.000,0,0,32768,1,1,0,1,1,1
1,inter_out,f32,4096,glibc_t2,FIXED_TWIN,4,1,1,1935.00,0.0000,0.0000,2000.0,0.0,2.000,32768.0,0.000,0,0,32768,1,1,0,1,1,1
1,inter_out,f32,4096,glibc_t2,P5,4,2,1,2289.00,0.0000,0.0000,3000.0,0.0,3.000,49152.0,0.000,0,0,49152,2,0,0,1,1,1
1,inter_out,f32,4096,glibc_t2,FIXED_TWIN,5,0,1,2062.00,0.0000,0.0000,2000.0,0.0,2.000,32768.0,0.000,0,0,32768,1,1,0,1,1,1
1,inter_out,f32,4096,glibc_t2,P5,5,1,1,2900.00,0.0000,0.0000,3000.0,0.0,3.000,49152.0,0.000,0,0,49152,2,0,0,1,1,1
1,inter_out,f32,4096,glibc_t2,P6,5,2,1,2319.00,0.0000,0.0000,3000.0,0.0,2.000,32768.0,0.000,0,0,32768,1,1,0,1,1,1
1,inter_out,f32,4096,glibc_t2,P5,6,0,1,2982.00,0.0000,0.0000,3000.0,0.0,3.000,49152.0,0.000,0,0,49152,2,0,0,1,1,1
1,inter_out,f32,4096,glibc_t2,P6,6,1,1,2557.00,0.0000,0.0000,3000.0,0.0,2.000,32768.0,0.000,0,0,32768,1,1,0,1,1,1
1,inter_out,f32,4096,glibc_t2,FIXED_TWIN,6,2,1,2537.00,0.0000,0.0000,3000.0,0.0,2.000,32768.0,0.000,0,0,32768,1,1,0,1,1,1
1,inter_out,f32,4096,glibc_t2,P6,7,0,1,2407.00,0.0000,0.0000,3000.0,0.0,2.000,32768.0,0.000,0,0,32768,1,1,0,1,1,1
1,inter_out,f32,4096,glibc_t2,FIXED_TWIN,7,1,1,2399.00,0.0000,0.0000,3000.0,0.0,2.000,32768.0,0.000,0,0,32768,1,1,0,1,1,1
1,inter_out,f32,4096,glibc_t2,P5,7,2,1,2765.00,0.0000,0.0000,3000.0,0.0,3.000,49152.0,0.000,0,0,49152,2,0,0,1,1,1
1,inter_out,f32,4096,glibc_t2,FIXED_TWIN,8,0,1,2282.00,0.0000,0.0000,2000.0,0.0,2.000,32768.0,0.000,0,0,32768,1,1,0,1,1,1
1,inter_out,f32,4096,glibc_t2,P5,8,1,1,2526.00,0.0000,0.0000,3000.0,0.0,3.000,49152.0,0.000,0,0,49152,2,0,0,1,1,1
1,inter_out,f32,4096,glibc_t2,P6,8,2,1,2393.00,0.0000,0.0000,3000.0,0.0,2.000,32768.0,0.000,0,0,32768,1,1,0,1,1,1
1,inter_out,f32,4096,glibc_t2,P5,9,0,1,2800.00,0.0000,0.0000,3000.0,0.0,3.000,49152.0,0.000,0,0,49152,2,0,0,1,1,1
1,inter_out,f32,4096,glibc_t2,P6,9,1,1,5698.00,0.0000,0.0000,6000.0,0.0,2.000,32768.0,0.000,0,0,32768,1,1,0,1,1,1
1,inter_out,f32,4096,glibc_t2,FIXED_TWIN,9,2,1,2502.00,0.0000,0.0000,4000.0,0.0,2.000,32768.0,0.000,0,0,32768,1,1,0,1,1,1
1,inter_out,f32,4096,glibc_t2,P6,10,0,1,2349.00,0.0000,0.0000,3000.0,0.0,2.000,32768.0,0.000,0,0,32768,1,1,0,1,1,1
1,inter_out,f32,4096,glibc_t2,FIXED_TWIN,10,1,1,2498.00,0.0000,0.0000,3000.0,0.0,2.000,32768.0,0.000,0,0,32768,1,1,0,1,1,1
1,inter_out,f32,4096,glibc_t2,P5,10,2,1,2951.00,0.0000,0.0000,4000.0,0.0,3.000,49152.0,0.000,0,0,49152,2,0,0,1,1,1
1,inter_out,f32,4096,glibc_t2,FIXED_TWIN,11,0,1,6290.00,0.0000,0.0000,7000.0,0.0,2.000,32768.0,0.000,0,0,32768,1,1,0,1,1,1
1,inter_out,f32,4096,glibc_t2,P5,11,1,1,2684.00,0.0000,0.0000,3000.0,0.0,3.000,49152.0,0.000,0,0,49152,2,0,0,1,1,1
1,inter_out,f32,4096,glibc_t2,P6,11,2,1,2716.00,0.0000,0.0000,4000.0,0.0,2.000,32768.0,0.000,0,0,32768,1,1,0,1,1,1
1,inter_out,f32,4096,glibc_t2,P5,12,0,1,2779.00,0.0000,0.0000,3000.0,0.0,3.000,49152.0,0.000,0,0,49152,2,0,0,1,1,1
1,inter_out,f32,4096,glibc_t2,P6,12,1,1,2413.00,0.0000,0.0000,3000.0,0.0,2.000,32768.0,0.000,0,0,32768,1,1,0,1,1,1
1,inter_out,f32,4096,glibc_t2,FIXED_TWIN,12,2,1,2548.00,0.0000,0.0000,3000.0,0.0,2.000,32768.0,0.000,0,0,32768,1,1,0,1,1,1
1,inter_out,f32,4096,glibc_t2,P6,13,0,1,2477.00,0.0000,0.0000,3000.0,0.0,2.000,32768.0,0.000,0,0,32768,1,1,0,1,1,1
1,inter_out,f32,4096,glibc_t2,FIXED_TWIN,13,1,1,2563.00,0.0000,0.0000,3000.0,0.0,2.000,32768.0,0.000,0,0,32768,1,1,0,1,1,1
1,inter_out,f32,4096,glibc_t2,P5,13,2,1,2801.00,0.0000,0.0000,3000.0,0.0,3.000,49152.0,0.000,0,0,49152,2,0,0,1,1,1
1,inter_out,f32,4096,glibc_t2,FIXED_TWIN,14,0,1,2278.00,0.0000,0.0000,3000.0,0.0,2.000,32768.0,0.000,0,0,32768,1,1,0,1,1,1
1,inter_out,f32,4096,glibc_t2,P5,14,1,1,2782.00,0.0000,0.0000,3000.0,0.0,3.000,49152.0,0.000,0,0,49152,2,0,0,1,1,1
1,inter_out,f32,4096,glibc_t2,P6,14,2,1,2590.00,0.0000,0.0000,4000.0,0.0,2.000,32768.0,0.000,0,0,32768,1,1,0,1,1,1
1,inter_out,f32,16384,glibc_t2,P5,0,0,1,6750.00,0.0000,0.0000,8000.0,0.0,3.000,196608.0,0.000,0,0,196608,2,0,0,1,1,1
1,inter_out,f32,16384,glibc_t2,P6,0,1,1,6307.00,0.0000,0.0000,6000.0,0.0,2.000,131072.0,0.000,0,0,131072,1,1,0,1,1,1
1,inter_out,f32,16384,glibc_t2,FIXED_TWIN,0,2,1,6233.00,0.0000,0.0000,7000.0,0.0,2.000,131072.0,0.000,0,0,131072,1,1,0,1,1,1
1,inter_out,f32,16384,glibc_t2,P6,1,0,1,6234.00,0.0000,0.0000,7000.0,0.0,2.000,131072.0,0.000,0,0,131072,1,1,0,1,1,1
1,inter_out,f32,16384,glibc_t2,FIXED_TWIN,1,1,1,6246.00,0.0000,0.0000,6000.0,0.0,2.000,131072.0,0.000,0,0,131072,1,1,0,1,1,1
1,inter_out,f32,16384,glibc_t2,P5,1,2,1,6641.00,0.0000,0.0000,7000.0,0.0,3.000,196608.0,0.000,0,0,196608,2,0,0,1,1,1
1,inter_out,f32,16384,glibc_t2,FIXED_TWIN,2,0,1,6285.00,0.0000,0.0000,7000.0,0.0,2.000,131072.0,0.000,0,0,131072,1,1,0,1,1,1
1,inter_out,f32,16384,glibc_t2,P5,2,1,1,6625.00,0.0000,0.0000,7000.0,0.0,3.000,196608.0,0.000,0,0,196608,2,0,0,1,1,1
1,inter_out,f32,16384,glibc_t2,P6,2,2,1,6206.00,0.0000,0.0000,7000.0,0.0,2.000,131072.0,0.000,0,0,131072,1,1,0,1,1,1
1,inter_out,f32,16384,glibc_t2,P5,3,0,1,8147.00,0.0000,0.0000,9000.0,0.0,3.000,196608.0,0.000,0,0,196608,2,0,0,1,1,1
1,inter_out,f32,16384,glibc_t2,P6,3,1,1,7797.00,0.0000,0.0000,8000.0,0.0,2.000,131072.0,0.000,0,0,131072,1,1,0,1,1,1
1,inter_out,f32,16384,glibc_t2,FIXED_TWIN,3,2,1,7354.00,0.0000,0.0000,8000.0,0.0,2.000,131072.0,0.000,0,0,131072,1,1,0,1,1,1
1,inter_out,f32,16384,glibc_t2,P6,4,0,1,11901.00,0.0000,0.0000,12000.0,0.0,2.000,131072.0,0.000,0,0,131072,1,1,0,1,1,1
1,inter_out,f32,16384,glibc_t2,FIXED_TWIN,4,1,1,8638.00,0.0000,0.0000,10000.0,0.0,2.000,131072.0,0.000,0,0,131072,1,1,0,1,1,1
1,inter_out,f32,16384,glibc_t2,P5,4,2,1,6990.00,0.0000,0.0000,8000.0,0.0,3.000,196608.0,0.000,0,0,196608,2,0,0,1,1,1
1,inter_out,f32,16384,glibc_t2,FIXED_TWIN,5,0,1,6434.00,0.0000,0.0000,7000.0,0.0,2.000,131072.0,0.000,0,0,131072,1,1,0,1,1,1
1,inter_out,f32,16384,glibc_t2,P5,5,1,1,6738.00,0.0000,0.0000,8000.0,0.0,3.000,196608.0,0.000,0,0,196608,2,0,0,1,1,1
1,inter_out,f32,16384,glibc_t2,P6,5,2,1,7021.00,0.0000,0.0000,7000.0,0.0,2.000,131072.0,0.000,0,0,131072,1,1,0,1,1,1
1,inter_out,f32,16384,glibc_t2,P5,6,0,1,7684.00,0.0000,0.0000,8000.0,0.0,3.000,196608.0,0.000,0,0,196608,2,0,0,1,1,1
1,inter_out,f32,16384,glibc_t2,P6,6,1,1,7285.00,0.0000,0.0000,8000.0,0.0,2.000,131072.0,0.000,0,0,131072,1,1,0,1,1,1
1,inter_out,f32,16384,glibc_t2,FIXED_TWIN,6,2,1,7486.00,0.0000,0.0000,8000.0,0.0,2.000,131072.0,0.000,0,0,131072,1,1,0,1,1,1
1,inter_out,f32,16384,glibc_t2,P6,7,0,1,7353.00,0.0000,0.0000,8000.0,0.0,2.000,131072.0,0.000,0,0,131072,1,1,0,1,1,1
1,inter_out,f32,16384,glibc_t2,FIXED_TWIN,7,1,1,7970.00,0.0000,0.0000,9000.0,0.0,2.000,131072.0,0.000,0,0,131072,1,1,0,1,1,1
1,inter_out,f32,16384,glibc_t2,P5,7,2,1,8220.00,0.0000,0.0000,8000.0,0.0,3.000,196608.0,0.000,0,0,196608,2,0,0,1,1,1
1,inter_out,f32,16384,glibc_t2,FIXED_TWIN,8,0,1,8144.00,0.0000,0.0000,9000.0,0.0,2.000,131072.0,0.000,0,0,131072,1,1,0,1,1,1
1,inter_out,f32,16384,glibc_t2,P5,8,1,1,8544.00,0.0000,0.0000,9000.0,0.0,3.000,196608.0,0.000,0,0,196608,2,0,0,1,1,1
1,inter_out,f32,16384,glibc_t2,P6,8,2,1,8157.00,0.0000,0.0000,8000.0,0.0,2.000,131072.0,0.000,0,0,131072,1,1,0,1,1,1
1,inter_out,f32,16384,glibc_t2,P5,9,0,1,8242.00,0.0000,0.0000,8000.0,0.0,3.000,196608.0,0.000,0,0,196608,2,0,0,1,1,1
1,inter_out,f32,16384,glibc_t2,P6,9,1,1,7489.00,0.0000,0.0000,8000.0,0.0,2.000,131072.0,0.000,0,0,131072,1,1,0,1,1,1
1,inter_out,f32,16384,glibc_t2,FIXED_TWIN,9,2,1,7709.00,0.0000,0.0000,8000.0,0.0,2.000,131072.0,0.000,0,0,131072,1,1,0,1,1,1
1,inter_out,f32,16384,glibc_t2,P6,10,0,1,7927.00,0.0000,0.0000,8000.0,0.0,2.000,131072.0,0.000,0,0,131072,1,1,0,1,1,1
1,inter_out,f32,16384,glibc_t2,FIXED_TWIN,10,1,1,7482.00,0.0000,0.0000,9000.0,0.0,2.000,131072.0,0.000,0,0,131072,1,1,0,1,1,1
1,inter_out,f32,16384,glibc_t2,P5,10,2,1,8307.00,0.0000,0.0000,9000.0,0.0,3.000,196608.0,0.000,0,0,196608,2,0,0,1,1,1
1,inter_out,f32,16384,glibc_t2,FIXED_TWIN,11,0,1,7942.00,0.0000,0.0000,8000.0,0.0,2.000,131072.0,0.000,0,0,131072,1,1,0,1,1,1
1,inter_out,f32,16384,glibc_t2,P5,11,1,1,8215.00,0.0000,0.0000,9000.0,0.0,3.000,196608.0,0.000,0,0,196608,2,0,0,1,1,1
1,inter_out,f32,16384,glibc_t2,P6,11,2,1,8862.00,0.0000,0.0000,10000.0,0.0,2.000,131072.0,0.000,0,0,131072,1,1,0,1,1,1
1,inter_out,f32,16384,glibc_t2,P5,12,0,1,8547.00,0.0000,0.0000,9000.0,0.0,3.000,196608.0,0.000,0,0,196608,2,0,0,1,1,1
1,inter_out,f32,16384,glibc_t2,P6,12,1,1,8531.00,0.0000,0.0000,9000.0,0.0,2.000,131072.0,0.000,0,0,131072,1,1,0,1,1,1
1,inter_out,f32,16384,glibc_t2,FIXED_TWIN,12,2,1,8473.00,0.0000,0.0000,9000.0,0.0,2.000,131072.0,0.000,0,0,131072,1,1,0,1,1,1
1,inter_out,f32,16384,glibc_t2,P6,13,0,1,8228.00,0.0000,0.0000,9000.0,0.0,2.000,131072.0,0.000,0,0,131072,1,1,0,1,1,1
1,inter_out,f32,16384,glibc_t2,FIXED_TWIN,13,1,1,7291.00,0.0000,0.0000,7000.0,0.0,2.000,131072.0,0.000,0,0,131072,1,1,0,1,1,1
1,inter_out,f32,16384,glibc_t2,P5,13,2,1,8189.00,0.0000,0.0000,9000.0,0.0,3.000,196608.0,0.000,0,0,196608,2,0,0,1,1,1
1,inter_out,f32,16384,glibc_t2,FIXED_TWIN,14,0,1,7691.00,0.0000,0.0000,8000.0,0.0,2.000,131072.0,0.000,0,0,131072,1,1,0,1,1,1
1,inter_out,f32,16384,glibc_t2,P5,14,1,1,7739.00,0.0000,0.0000,9000.0,0.0,3.000,196608.0,0.000,0,0,196608,2,0,0,1,1,1
1,inter_out,f32,16384,glibc_t2,P6,14,2,1,7617.00,0.0000,0.0000,8000.0,0.0,2.000,131072.0,0.000,0,0,131072,1,1,0,1,1,1
1,inter_out,f32,65536,glibc_t2,P5,0,0,1,248671.00,195.0000,0.0000,118000.0,132000.0,3.000,786432.0,0.000,0,0,786432,2,0,0,1,1,1
1,inter_out,f32,65536,glibc_t2,P6,0,1,1,195894.00,130.0000,0.0000,93000.0,104000.0,2.000,524288.0,0.000,0,0,524288,1,1,0,1,1,1
1,inter_out,f32,65536,glibc_t2,FIXED_TWIN,0,2,1,169647.00,130.0000,0.0000,81000.0,90000.0,2.000,524288.0,0.000,0,0,524288,1,1,0,1,1,1
1,inter_out,f32,65536,glibc_t2,P6,1,0,1,256329.00,130.0000,0.0000,122000.0,137000.0,2.000,524288.0,0.000,0,0,524288,1,1,0,1,1,1
1,inter_out,f32,65536,glibc_t2,FIXED_TWIN,1,1,1,174596.00,130.0000,0.0000,83000.0,93000.0,2.000,524288.0,0.000,0,0,524288,1,1,0,1,1,1
1,inter_out,f32,65536,glibc_t2,P5,1,2,1,253574.00,195.0000,0.0000,120000.0,135000.0,3.000,786432.0,0.000,0,0,786432,2,0,0,1,1,1
1,inter_out,f32,65536,glibc_t2,FIXED_TWIN,2,0,1,177389.00,130.0000,0.0000,178000.0,0.0,2.000,524288.0,0.000,0,0,524288,1,1,0,1,1,1
1,inter_out,f32,65536,glibc_t2,P5,2,1,1,254393.00,195.0000,0.0000,255000.0,0.0,3.000,786432.0,0.000,0,0,786432,2,0,0,1,1,1
1,inter_out,f32,65536,glibc_t2,P6,2,2,1,168608.00,130.0000,0.0000,170000.0,0.0,2.000,524288.0,0.000,0,0,524288,1,1,0,1,1,1
1,inter_out,f32,65536,glibc_t2,P5,3,0,1,281238.00,195.0000,0.0000,284000.0,0.0,3.000,786432.0,0.000,0,0,786432,2,0,0,1,1,1
1,inter_out,f32,65536,glibc_t2,P6,3,1,1,169102.00,130.0000,0.0000,171000.0,0.0,2.000,524288.0,0.000,0,0,524288,1,1,0,1,1,1
1,inter_out,f32,65536,glibc_t2,FIXED_TWIN,3,2,1,209764.00,130.0000,0.0000,211000.0,0.0,2.000,524288.0,0.000,0,0,524288,1,1,0,1,1,1
1,inter_out,f32,65536,glibc_t2,P6,4,0,1,208371.00,130.0000,0.0000,0.0,210000.0,2.000,524288.0,0.000,0,0,524288,1,1,0,1,1,1
1,inter_out,f32,65536,glibc_t2,FIXED_TWIN,4,1,1,195808.00,130.0000,0.0000,0.0,198000.0,2.000,524288.0,0.000,0,0,524288,1,1,0,1,1,1
1,inter_out,f32,65536,glibc_t2,P5,4,2,1,317167.00,195.0000,0.0000,0.0,320000.0,3.000,786432.0,0.000,0,0,786432,2,0,0,1,1,1
1,inter_out,f32,65536,glibc_t2,FIXED_TWIN,5,0,1,208109.00,130.0000,0.0000,0.0,209000.0,2.000,524288.0,0.000,0,0,524288,1,1,0,1,1,1
1,inter_out,f32,65536,glibc_t2,P5,5,1,1,256850.00,195.0000,0.0000,0.0,259000.0,3.000,786432.0,0.000,0,0,786432,2,0,0,1,1,1
1,inter_out,f32,65536,glibc_t2,P6,5,2,1,175758.00,130.0000,0.0000,84000.0,94000.0,2.000,524288.0,0.000,0,0,524288,1,1,0,1,1,1
1,inter_out,f32,65536,glibc_t2,P5,6,0,1,300367.00,195.0000,0.0000,0.0,302000.0,3.000,786432.0,0.000,0,0,786432,2,0,0,1,1,1
1,inter_out,f32,65536,glibc_t2,P6,6,1,1,213987.00,130.0000,0.0000,0.0,216000.0,2.000,524288.0,0.000,0,0,524288,1,1,0,1,1,1
1,inter_out,f32,65536,glibc_t2,FIXED_TWIN,6,2,1,226192.00,130.0000,0.0000,0.0,228000.0,2.000,524288.0,0.000,0,0,524288,1,1,0,1,1,1
1,inter_out,f32,65536,glibc_t2,P6,7,0,1,172153.00,130.0000,0.0000,0.0,174000.0,2.000,524288.0,0.000,0,0,524288,1,1,0,1,1,1
1,inter_out,f32,65536,glibc_t2,FIXED_TWIN,7,1,1,169110.00,130.0000,0.0000,0.0,170000.0,2.000,524288.0,0.000,0,0,524288,1,1,0,1,1,1
1,inter_out,f32,65536,glibc_t2,P5,7,2,1,290461.00,195.0000,0.0000,0.0,291000.0,3.000,786432.0,0.000,0,0,786432,2,0,0,1,1,1
1,inter_out,f32,65536,glibc_t2,FIXED_TWIN,8,0,1,232483.00,130.0000,0.0000,0.0,233000.0,2.000,524288.0,0.000,0,0,524288,1,1,0,1,1,1
1,inter_out,f32,65536,glibc_t2,P5,8,1,1,246573.00,195.0000,0.0000,0.0,248000.0,3.000,786432.0,0.000,0,0,786432,2,0,0,1,1,1
1,inter_out,f32,65536,glibc_t2,P6,8,2,1,202444.00,130.0000,0.0000,0.0,204000.0,2.000,524288.0,0.000,0,0,524288,1,1,0,1,1,1
1,inter_out,f32,65536,glibc_t2,P5,9,0,1,303216.00,195.0000,0.0000,0.0,305000.0,3.000,786432.0,0.000,0,0,786432,2,0,0,1,1,1
1,inter_out,f32,65536,glibc_t2,P6,9,1,1,170517.00,130.0000,0.0000,0.0,172000.0,2.000,524288.0,0.000,0,0,524288,1,1,0,1,1,1
1,inter_out,f32,65536,glibc_t2,FIXED_TWIN,9,2,1,197135.00,130.0000,0.0000,0.0,199000.0,2.000,524288.0,0.000,0,0,524288,1,1,0,1,1,1
1,inter_out,f32,65536,glibc_t2,P6,10,0,1,169470.00,130.0000,0.0000,0.0,171000.0,2.000,524288.0,0.000,0,0,524288,1,1,0,1,1,1
1,inter_out,f32,65536,glibc_t2,FIXED_TWIN,10,1,1,197694.00,130.0000,0.0000,0.0,199000.0,2.000,524288.0,0.000,0,0,524288,1,1,0,1,1,1
1,inter_out,f32,65536,glibc_t2,P5,10,2,1,257158.00,195.0000,0.0000,0.0,258000.0,3.000,786432.0,0.000,0,0,786432,2,0,0,1,1,1
1,inter_out,f32,65536,glibc_t2,FIXED_TWIN,11,0,1,171495.00,130.0000,0.0000,0.0,173000.0,2.000,524288.0,0.000,0,0,524288,1,1,0,1,1,1
1,inter_out,f32,65536,glibc_t2,P5,11,1,1,300423.00,195.0000,0.0000,0.0,302000.0,3.000,786432.0,0.000,0,0,786432,2,0,0,1,1,1
1,inter_out,f32,65536,glibc_t2,P6,11,2,1,166459.00,130.0000,0.0000,0.0,168000.0,2.000,524288.0,0.000,0,0,524288,1,1,0,1,1,1
1,inter_out,f32,65536,glibc_t2,P5,12,0,1,256707.00,195.0000,0.0000,0.0,258000.0,3.000,786432.0,0.000,0,0,786432,2,0,0,1,1,1
1,inter_out,f32,65536,glibc_t2,P6,12,1,1,198192.00,130.0000,0.0000,0.0,199000.0,2.000,524288.0,0.000,0,0,524288,1,1,0,1,1,1
1,inter_out,f32,65536,glibc_t2,FIXED_TWIN,12,2,1,166875.00,130.0000,0.0000,0.0,169000.0,2.000,524288.0,0.000,0,0,524288,1,1,0,1,1,1
1,inter_out,f32,65536,glibc_t2,P6,13,0,1,201294.00,130.0000,0.0000,0.0,203000.0,2.000,524288.0,0.000,0,0,524288,1,1,0,1,1,1
1,inter_out,f32,65536,glibc_t2,FIXED_TWIN,13,1,1,168706.00,130.0000,0.0000,0.0,170000.0,2.000,524288.0,0.000,0,0,524288,1,1,0,1,1,1
1,inter_out,f32,65536,glibc_t2,P5,13,2,1,250241.00,195.0000,0.0000,0.0,252000.0,3.000,786432.0,0.000,0,0,786432,2,0,0,1,1,1
1,inter_out,f32,65536,glibc_t2,FIXED_TWIN,14,0,1,165101.00,130.0000,0.0000,0.0,166000.0,2.000,524288.0,0.000,0,0,524288,1,1,0,1,1,1
1,inter_out,f32,65536,glibc_t2,P5,14,1,1,241466.00,195.0000,0.0000,16000.0,226000.0,3.000,786432.0,0.000,0,0,786432,2,0,0,1,1,1
1,inter_out,f32,65536,glibc_t2,P6,14,2,1,175119.00,130.0000,0.0000,176000.0,0.0,2.000,524288.0,0.000,0,0,524288,1,1,0,1,1,1
1,inter_out,f32,262144,glibc_t2,P5,0,0,1,1118570.00,771.0000,0.0000,529000.0,593000.0,3.000,3145728.0,0.000,0,0,3145728,2,0,0,1,1,1
1,inter_out,f32,262144,glibc_t2,P6,0,1,1,988440.00,514.0000,0.0000,993000.0,0.0,2.000,2097152.0,0.000,0,0,2097152,1,1,0,1,1,1
1,inter_out,f32,262144,glibc_t2,FIXED_TWIN,0,2,1,833410.00,514.0000,0.0000,836000.0,0.0,2.000,2097152.0,0.000,0,0,2097152,1,1,0,1,1,1
1,inter_out,f32,262144,glibc_t2,P6,1,0,1,794558.00,514.0000,0.0000,798000.0,0.0,2.000,2097152.0,0.000,0,0,2097152,1,1,0,1,1,1
1,inter_out,f32,262144,glibc_t2,FIXED_TWIN,1,1,1,782663.00,514.0000,0.0000,0.0,785000.0,2.000,2097152.0,0.000,0,0,2097152,1,1,0,1,1,1
1,inter_out,f32,262144,glibc_t2,P5,1,2,1,1220377.00,771.0000,0.0000,0.0,1224000.0,3.000,3145728.0,0.000,0,0,3145728,2,0,0,1,1,1
1,inter_out,f32,262144,glibc_t2,FIXED_TWIN,2,0,1,828015.00,514.0000,0.0000,0.0,831000.0,2.000,2097152.0,0.000,0,0,2097152,1,1,0,1,1,1
1,inter_out,f32,262144,glibc_t2,P5,2,1,1,1112673.00,771.0000,0.0000,1116000.0,0.0,3.000,3145728.0,0.000,0,0,3145728,2,0,0,1,1,1
1,inter_out,f32,262144,glibc_t2,P6,2,2,1,784233.00,514.0000,0.0000,0.0,787000.0,2.000,2097152.0,0.000,0,0,2097152,1,1,0,1,1,1
1,inter_out,f32,262144,glibc_t2,P5,3,0,1,1265656.00,771.0000,0.0000,0.0,1268000.0,3.000,3145728.0,0.000,0,0,3145728,2,0,0,1,1,1
1,inter_out,f32,262144,glibc_t2,P6,3,1,1,833599.00,514.0000,0.0000,0.0,836000.0,2.000,2097152.0,0.000,0,0,2097152,1,1,0,1,1,1
1,inter_out,f32,262144,glibc_t2,FIXED_TWIN,3,2,1,988074.00,514.0000,0.0000,993000.0,0.0,2.000,2097152.0,0.000,0,0,2097152,1,1,0,1,1,1
1,inter_out,f32,262144,glibc_t2,P6,4,0,1,824976.00,514.0000,0.0000,0.0,829000.0,2.000,2097152.0,0.000,0,0,2097152,1,1,0,1,1,1
1,inter_out,f32,262144,glibc_t2,FIXED_TWIN,4,1,1,971510.00,514.0000,0.0000,0.0,941000.0,2.000,2097152.0,0.000,0,0,2097152,1,1,0,1,1,1
1,inter_out,f32,262144,glibc_t2,P5,4,2,1,1203204.00,771.0000,0.0000,0.0,1206000.0,3.000,3145728.0,0.000,0,0,3145728,2,0,0,1,1,1
1,inter_out,f32,262144,glibc_t2,FIXED_TWIN,5,0,1,845063.00,514.0000,0.0000,0.0,848000.0,2.000,2097152.0,0.000,0,0,2097152,1,1,0,1,1,1
1,inter_out,f32,262144,glibc_t2,P5,5,1,1,1180712.00,771.0000,0.0000,0.0,1184000.0,3.000,3145728.0,0.000,0,0,3145728,2,0,0,1,1,1
1,inter_out,f32,262144,glibc_t2,P6,5,2,1,797638.00,514.0000,0.0000,0.0,800000.0,2.000,2097152.0,0.000,0,0,2097152,1,1,0,1,1,1
1,inter_out,f32,262144,glibc_t2,P5,6,0,1,1158985.00,771.0000,0.0000,0.0,1160000.0,3.000,3145728.0,0.000,0,0,3145728,2,0,0,1,1,1
1,inter_out,f32,262144,glibc_t2,P6,6,1,1,794837.00,514.0000,0.0000,0.0,797000.0,2.000,2097152.0,0.000,0,0,2097152,1,1,0,1,1,1
1,inter_out,f32,262144,glibc_t2,FIXED_TWIN,6,2,1,816620.00,514.0000,0.0000,0.0,820000.0,2.000,2097152.0,0.000,0,0,2097152,1,1,0,1,1,1
1,inter_out,f32,262144,glibc_t2,P6,7,0,1,805626.00,514.0000,0.0000,90000.0,721000.0,2.000,2097152.0,0.000,0,0,2097152,1,1,0,1,1,1
1,inter_out,f32,262144,glibc_t2,FIXED_TWIN,7,1,1,799778.00,514.0000,0.0000,803000.0,0.0,2.000,2097152.0,0.000,0,0,2097152,1,1,0,1,1,1
1,inter_out,f32,262144,glibc_t2,P5,7,2,1,1145853.00,771.0000,0.0000,1148000.0,0.0,3.000,3145728.0,0.000,0,0,3145728,2,0,0,1,1,1
1,inter_out,f32,262144,glibc_t2,FIXED_TWIN,8,0,1,798224.00,514.0000,0.0000,808000.0,0.0,2.000,2097152.0,0.000,0,0,2097152,1,1,0,1,1,1
1,inter_out,f32,262144,glibc_t2,P5,8,1,1,1123682.00,771.0000,0.0000,1127000.0,0.0,3.000,3145728.0,0.000,0,0,3145728,2,0,0,1,1,1
1,inter_out,f32,262144,glibc_t2,P6,8,2,1,844316.00,514.0000,0.0000,0.0,874000.0,2.000,2097152.0,0.000,0,0,2097152,1,1,0,1,1,1
1,inter_out,f32,262144,glibc_t2,P5,9,0,1,1288278.00,771.0000,0.0000,0.0,1291000.0,3.000,3145728.0,0.000,0,0,3145728,2,0,0,1,1,1
1,inter_out,f32,262144,glibc_t2,P6,9,1,1,1001137.00,514.0000,0.0000,119000.0,886000.0,2.000,2097152.0,0.000,0,0,2097152,1,1,0,1,1,1
1,inter_out,f32,262144,glibc_t2,FIXED_TWIN,9,2,1,807482.00,514.0000,0.0000,0.0,810000.0,2.000,2097152.0,0.000,0,0,2097152,1,1,0,1,1,1
1,inter_out,f32,262144,glibc_t2,P6,10,0,1,826923.00,514.0000,0.0000,0.0,829000.0,2.000,2097152.0,0.000,0,0,2097152,1,1,0,1,1,1
1,inter_out,f32,262144,glibc_t2,FIXED_TWIN,10,1,1,870470.00,514.0000,0.0000,0.0,875000.0,2.000,2097152.0,0.000,0,0,2097152,1,1,0,1,1,1
1,inter_out,f32,262144,glibc_t2,P5,10,2,1,1143469.00,771.0000,0.0000,1146000.0,0.0,3.000,3145728.0,0.000,0,0,3145728,2,0,0,1,1,1
1,inter_out,f32,262144,glibc_t2,FIXED_TWIN,11,0,1,889559.00,514.0000,0.0000,0.0,892000.0,2.000,2097152.0,0.000,0,0,2097152,1,1,0,1,1,1
1,inter_out,f32,262144,glibc_t2,P5,11,1,1,1137702.00,771.0000,0.0000,0.0,1140000.0,3.000,3145728.0,0.000,0,0,3145728,2,0,0,1,1,1
1,inter_out,f32,262144,glibc_t2,P6,11,2,1,779446.00,514.0000,0.0000,0.0,782000.0,2.000,2097152.0,0.000,0,0,2097152,1,1,0,1,1,1
1,inter_out,f32,262144,glibc_t2,P5,12,0,1,1161221.00,771.0000,0.0000,1164000.0,0.0,3.000,3145728.0,0.000,0,0,3145728,2,0,0,1,1,1
1,inter_out,f32,262144,glibc_t2,P6,12,1,1,757825.00,514.0000,0.0000,761000.0,0.0,2.000,2097152.0,0.000,0,0,2097152,1,1,0,1,1,1
1,inter_out,f32,262144,glibc_t2,FIXED_TWIN,12,2,1,799970.00,514.0000,0.0000,0.0,803000.0,2.000,2097152.0,0.000,0,0,2097152,1,1,0,1,1,1
1,inter_out,f32,262144,glibc_t2,P6,13,0,1,833070.00,514.0000,0.0000,394000.0,442000.0,2.000,2097152.0,0.000,0,0,2097152,1,1,0,1,1,1
1,inter_out,f32,262144,glibc_t2,FIXED_TWIN,13,1,1,777026.00,514.0000,0.0000,782000.0,0.0,2.000,2097152.0,0.000,0,0,2097152,1,1,0,1,1,1
1,inter_out,f32,262144,glibc_t2,P5,13,2,1,1108749.00,771.0000,0.0000,1112000.0,0.0,3.000,3145728.0,0.000,0,0,3145728,2,0,0,1,1,1
1,inter_out,f32,262144,glibc_t2,FIXED_TWIN,14,0,1,791480.00,514.0000,0.0000,795000.0,0.0,2.000,2097152.0,0.000,0,0,2097152,1,1,0,1,1,1
1,inter_out,f32,262144,glibc_t2,P5,14,1,1,1087067.00,771.0000,0.0000,1090000.0,0.0,3.000,3145728.0,0.000,0,0,3145728,2,0,0,1,1,1
1,inter_out,f32,262144,glibc_t2,P6,14,2,1,763163.00,514.0000,0.0000,0.0,766000.0,2.000,2097152.0,0.000,0,0,2097152,1,1,0,1,1,1
1,inter_out,f32,1048576,glibc_t2,P5,0,0,1,4739002.00,3075.0000,0.0000,351000.0,4393000.0,3.000,12582912.0,0.000,0,0,12582912,2,0,0,1,1,1
1,inter_out,f32,1048576,glibc_t2,P6,0,1,1,3305589.00,2050.0000,0.0000,2373000.0,935000.0,2.000,8388608.0,0.000,0,0,8388608,1,1,0,1,1,1
1,inter_out,f32,1048576,glibc_t2,FIXED_TWIN,0,2,1,3442692.00,2050.0000,0.0000,0.0,3448000.0,2.000,8388608.0,0.000,0,0,8388608,1,1,0,1,1,1
1,inter_out,f32,1048576,glibc_t2,P6,1,0,1,3297024.00,2050.0000,0.0000,2078000.0,1223000.0,2.000,8388608.0,0.000,0,0,8388608,1,1,0,1,1,1
1,inter_out,f32,1048576,glibc_t2,FIXED_TWIN,1,1,1,3263275.00,2050.0000,0.0000,0.0,3267000.0,2.000,8388608.0,0.000,0,0,8388608,1,1,0,1,1,1
1,inter_out,f32,1048576,glibc_t2,P5,1,2,1,4964401.00,3075.0000,0.0000,29000.0,4937000.0,3.000,12582912.0,0.000,0,0,12582912,2,0,0,1,1,1
1,inter_out,f32,1048576,glibc_t2,FIXED_TWIN,2,0,1,3240813.00,2050.0000,0.0000,2289000.0,956000.0,2.000,8388608.0,0.000,0,0,8388608,1,1,0,1,1,1
1,inter_out,f32,1048576,glibc_t2,P5,2,1,1,4960890.00,3075.0000,0.0000,0.0,4965000.0,3.000,12582912.0,0.000,0,0,12582912,2,0,0,1,1,1
1,inter_out,f32,1048576,glibc_t2,P6,2,2,1,3380637.00,2050.0000,0.0000,3332000.0,53000.0,2.000,8388608.0,0.000,0,0,8388608,1,1,0,1,1,1
1,inter_out,f32,1048576,glibc_t2,P5,3,0,1,4617393.00,3075.0000,0.0000,458000.0,4163000.0,3.000,12582912.0,0.000,0,0,12582912,2,0,0,1,1,1
1,inter_out,f32,1048576,glibc_t2,P6,3,1,1,3233591.00,2050.0000,0.0000,2475000.0,761000.0,2.000,8388608.0,0.000,0,0,8388608,1,1,0,1,1,1
1,inter_out,f32,1048576,glibc_t2,FIXED_TWIN,3,2,1,3427774.00,2050.0000,0.0000,0.0,3431000.0,2.000,8388608.0,0.000,0,0,8388608,1,1,0,1,1,1
1,inter_out,f32,1048576,glibc_t2,P6,4,0,1,3324321.00,2050.0000,0.0000,666000.0,2661000.0,2.000,8388608.0,0.000,0,0,8388608,1,1,0,1,1,1
1,inter_out,f32,1048576,glibc_t2,FIXED_TWIN,4,1,1,3261435.00,2050.0000,0.0000,3264000.0,0.0,2.000,8388608.0,0.000,0,0,8388608,1,1,0,1,1,1
1,inter_out,f32,1048576,glibc_t2,P5,4,2,1,5206065.00,3075.0000,0.0000,570000.0,4639000.0,3.000,12582912.0,0.000,0,0,12582912,2,0,0,1,1,1
1,inter_out,f32,1048576,glibc_t2,FIXED_TWIN,5,0,1,3255119.00,2050.0000,0.0000,2450000.0,807000.0,2.000,8388608.0,0.000,0,0,8388608,1,1,0,1,1,1
1,inter_out,f32,1048576,glibc_t2,P5,5,1,1,4723944.00,3075.0000,0.0000,0.0,4727000.0,3.000,12582912.0,0.000,0,0,12582912,2,0,0,1,1,1
1,inter_out,f32,1048576,glibc_t2,P6,5,2,1,3289645.00,2050.0000,0.0000,0.0,3293000.0,2.000,8388608.0,0.000,0,0,8388608,1,1,0,1,1,1
1,inter_out,f32,1048576,glibc_t2,P5,6,0,1,4762345.00,3075.0000,0.0000,362000.0,4405000.0,3.000,12582912.0,0.000,0,0,12582912,2,0,0,1,1,1
1,inter_out,f32,1048576,glibc_t2,P6,6,1,1,3296753.00,2050.0000,0.0000,3300000.0,0.0,2.000,8388608.0,0.000,0,0,8388608,1,1,0,1,1,1
1,inter_out,f32,1048576,glibc_t2,FIXED_TWIN,6,2,1,3278004.00,2050.0000,0.0000,0.0,3281000.0,2.000,8388608.0,0.000,0,0,8388608,1,1,0,1,1,1
1,inter_out,f32,1048576,glibc_t2,P6,7,0,1,3520204.00,2050.0000,0.0000,0.0,3514000.0,2.000,8388608.0,0.000,0,0,8388608,1,1,0,1,1,1
1,inter_out,f32,1048576,glibc_t2,FIXED_TWIN,7,1,1,3293665.00,2050.0000,0.0000,3297000.0,0.0,2.000,8388608.0,0.000,0,0,8388608,1,1,0,1,1,1
1,inter_out,f32,1048576,glibc_t2,P5,7,2,1,5634067.00,3075.0000,0.0000,772000.0,4865000.0,3.000,12582912.0,0.000,0,0,12582912,2,0,0,1,1,1
1,inter_out,f32,1048576,glibc_t2,FIXED_TWIN,8,0,1,3640400.00,2050.0000,0.0000,0.0,3644000.0,2.000,8388608.0,0.000,0,0,8388608,1,1,0,1,1,1
1,inter_out,f32,1048576,glibc_t2,P5,8,1,1,4952085.00,3075.0000,0.0000,4213000.0,741000.0,3.000,12582912.0,0.000,0,0,12582912,2,0,0,1,1,1
1,inter_out,f32,1048576,glibc_t2,P6,8,2,1,3338933.00,2050.0000,0.0000,1576000.0,1766000.0,2.000,8388608.0,0.000,0,0,8388608,1,1,0,1,1,1
1,inter_out,f32,1048576,glibc_t2,P5,9,0,1,4867681.00,3075.0000,0.0000,411000.0,4460000.0,3.000,12582912.0,0.000,0,0,12582912,2,0,0,1,1,1
1,inter_out,f32,1048576,glibc_t2,P6,9,1,1,3792317.00,2050.0000,0.0000,3797000.0,0.0,2.000,8388608.0,0.000,0,0,8388608,1,1,0,1,1,1
1,inter_out,f32,1048576,glibc_t2,FIXED_TWIN,9,2,1,3396664.00,2050.0000,0.0000,3399000.0,0.0,2.000,8388608.0,0.000,0,0,8388608,1,1,0,1,1,1
1,inter_out,f32,1048576,glibc_t2,P6,10,0,1,3559604.00,2050.0000,0.0000,3565000.0,0.0,2.000,8388608.0,0.000,0,0,8388608,1,1,0,1,1,1
1,inter_out,f32,1048576,glibc_t2,FIXED_TWIN,10,1,1,3350712.00,2050.0000,0.0000,2640000.0,714000.0,2.000,8388608.0,0.000,0,0,8388608,1,1,0,1,1,1
1,inter_out,f32,1048576,glibc_t2,P5,10,2,1,5362316.00,3075.0000,0.0000,4644000.0,721000.0,3.000,12582912.0,0.000,0,0,12582912,2,0,0,1,1,1
1,inter_out,f32,1048576,glibc_t2,FIXED_TWIN,11,0,1,3361783.00,2050.0000,0.0000,2088000.0,1278000.0,2.000,8388608.0,0.000,0,0,8388608,1,1,0,1,1,1
1,inter_out,f32,1048576,glibc_t2,P5,11,1,1,4818430.00,3075.0000,0.0000,2501000.0,2322000.0,3.000,12582912.0,0.000,0,0,12582912,2,0,0,1,1,1
1,inter_out,f32,1048576,glibc_t2,P6,11,2,1,3348219.00,2050.0000,0.0000,0.0,3353000.0,2.000,8388608.0,0.000,0,0,8388608,1,1,0,1,1,1
1,inter_out,f32,1048576,glibc_t2,P5,12,0,1,4564745.00,3075.0000,0.0000,4268000.0,300000.0,3.000,12582912.0,0.000,0,0,12582912,2,0,0,1,1,1
1,inter_out,f32,1048576,glibc_t2,P6,12,1,1,3290895.00,2050.0000,0.0000,2477000.0,817000.0,2.000,8388608.0,0.000,0,0,8388608,1,1,0,1,1,1
1,inter_out,f32,1048576,glibc_t2,FIXED_TWIN,12,2,1,3337017.00,2050.0000,0.0000,0.0,3341000.0,2.000,8388608.0,0.000,0,0,8388608,1,1,0,1,1,1
1,inter_out,f32,1048576,glibc_t2,P6,13,0,1,3395660.00,2050.0000,0.0000,0.0,3401000.0,2.000,8388608.0,0.000,0,0,8388608,1,1,0,1,1,1
1,inter_out,f32,1048576,glibc_t2,FIXED_TWIN,13,1,1,3518240.00,2050.0000,0.0000,0.0,3523000.0,2.000,8388608.0,0.000,0,0,8388608,1,1,0,1,1,1
1,inter_out,f32,1048576,glibc_t2,P5,13,2,1,4913538.00,3075.0000,0.0000,4433000.0,484000.0,3.000,12582912.0,0.000,0,0,12582912,2,0,0,1,1,1
1,inter_out,f32,1048576,glibc_t2,FIXED_TWIN,14,0,1,3287352.00,2050.0000,0.0000,2463000.0,828000.0,2.000,8388608.0,0.000,0,0,8388608,1,1,0,1,1,1
1,inter_out,f32,1048576,glibc_t2,P5,14,1,1,4885086.00,3075.0000,0.0000,2531000.0,2357000.0,3.000,12582912.0,0.000,0,0,12582912,2,0,0,1,1,1
1,inter_out,f32,1048576,glibc_t2,P6,14,2,1,3376216.00,2050.0000,0.0000,0.0,3380000.0,2.000,8388608.0,0.000,0,0,8388608,1,1,0,1,1,1
1,inter_out,f32,4194304,glibc_t2,P5,0,0,1,33026329.00,12291.0000,0.0000,12486000.0,20545000.0,3.000,50331648.0,0.000,0,0,50331648,2,0,0,1,1,1
1,inter_out,f32,4194304,glibc_t2,P6,0,1,1,22903150.00,8194.0000,0.0000,3486000.0,19422000.0,2.000,33554432.0,0.000,0,0,33554432,1,1,0,1,1,1
1,inter_out,f32,4194304,glibc_t2,FIXED_TWIN,0,2,1,23382916.00,8194.0000,0.0000,3701000.0,19604000.0,2.000,33554432.0,0.000,0,0,33554432,1,1,0,1,1,1
1,inter_out,f32,4194304,glibc_t2,P6,1,0,1,21316442.00,8194.0000,0.0000,8622000.0,12699000.0,2.000,33554432.0,0.000,0,0,33554432,1,1,0,1,1,1
1,inter_out,f32,4194304,glibc_t2,FIXED_TWIN,1,1,1,20171516.00,8194.0000,0.0000,8078000.0,12088000.0,2.000,33554432.0,0.000,0,0,33554432,1,1,0,1,1,1
1,inter_out,f32,4194304,glibc_t2,P5,1,2,1,30438370.00,12291.0000,0.0000,15269000.0,15179000.0,3.000,50331648.0,0.000,0,0,50331648,2,0,0,1,1,1
1,inter_out,f32,4194304,glibc_t2,FIXED_TWIN,2,0,1,20501884.00,8194.0000,0.0000,4239000.0,16269000.0,2.000,33554432.0,0.000,0,0,33554432,1,1,0,1,1,1
1,inter_out,f32,4194304,glibc_t2,P5,2,1,1,28301449.00,12291.0000,0.0000,4144000.0,24161000.0,3.000,50331648.0,0.000,0,0,50331648,2,0,0,1,1,1
1,inter_out,f32,4194304,glibc_t2,P6,2,2,1,19680490.00,8194.0000,0.0000,0.0,19686000.0,2.000,33554432.0,0.000,0,0,33554432,1,1,0,1,1,1
1,inter_out,f32,4194304,glibc_t2,P5,3,0,1,28434915.00,12291.0000,0.0000,8208000.0,20233000.0,3.000,50331648.0,0.000,0,0,50331648,2,0,0,1,1,1
1,inter_out,f32,4194304,glibc_t2,P6,3,1,1,19996394.00,8194.0000,0.0000,8001000.0,12000000.0,2.000,33554432.0,0.000,0,0,33554432,1,1,0,1,1,1
1,inter_out,f32,4194304,glibc_t2,FIXED_TWIN,3,2,1,20131098.00,8194.0000,0.0000,8064000.0,12073000.0,2.000,33554432.0,0.000,0,0,33554432,1,1,0,1,1,1
1,inter_out,f32,4194304,glibc_t2,P6,4,0,1,29036286.00,8194.0000,0.0000,12492000.0,16552000.0,2.000,33554432.0,0.000,0,0,33554432,1,1,0,1,1,1
1,inter_out,f32,4194304,glibc_t2,FIXED_TWIN,4,1,1,19800699.00,8194.0000,0.0000,3910000.0,15898000.0,2.000,33554432.0,0.000,0,0,33554432,1,1,0,1,1,1
1,inter_out,f32,4194304,glibc_t2,P5,4,2,1,28537360.00,12291.0000,0.0000,4255000.0,24286000.0,3.000,50331648.0,0.000,0,0,50331648,2,0,0,1,1,1
1,inter_out,f32,4194304,glibc_t2,FIXED_TWIN,5,0,1,20764452.00,8194.0000,0.0000,12363000.0,8408000.0,2.000,33554432.0,0.000,0,0,33554432,1,1,0,1,1,1
1,inter_out,f32,4194304,glibc_t2,P5,5,1,1,27892016.00,12291.0000,0.0000,11952000.0,15946000.0,3.000,50331648.0,0.000,0,0,50331648,2,0,0,1,1,1
1,inter_out,f32,4194304,glibc_t2,P6,5,2,1,19648850.00,8194.0000,0.0000,3838000.0,15816000.0,2.000,33554432.0,0.000,0,0,33554432,1,1,0,1,1,1
1,inter_out,f32,4194304,glibc_t2,P5,6,0,1,30068889.00,12291.0000,0.0000,4975000.0,25098000.0,3.000,50331648.0,0.000,0,0,50331648,2,0,0,1,1,1
1,inter_out,f32,4194304,glibc_t2,P6,6,1,1,19654286.00,8194.0000,0.0000,7840000.0,11820000.0,2.000,33554432.0,0.000,0,0,33554432,1,1,0,1,1,1
1,inter_out,f32,4194304,glibc_t2,FIXED_TWIN,6,2,1,20169949.00,8194.0000,0.0000,8082000.0,12094000.0,2.000,33554432.0,0.000,0,0,33554432,1,1,0,1,1,1
1,inter_out,f32,4194304,glibc_t2,P6,7,0,1,19355741.00,8194.0000,0.0000,1580000.0,17780000.0,2.000,33554432.0,0.000,0,0,33554432,1,1,0,1,1,1
1,inter_out,f32,4194304,glibc_t2,FIXED_TWIN,7,1,1,20382834.00,8194.0000,0.0000,8182000.0,12206000.0,2.000,33554432.0,0.000,0,0,33554432,1,1,0,1,1,1
1,inter_out,f32,4194304,glibc_t2,P5,7,2,1,30039633.00,12291.0000,0.0000,3082000.0,26910000.0,3.000,50331648.0,0.000,0,0,50331648,2,0,0,1,1,1
1,inter_out,f32,4194304,glibc_t2,FIXED_TWIN,8,0,1,20596333.00,8194.0000,0.0000,8283000.0,12320000.0,2.000,33554432.0,0.000,0,0,33554432,1,1,0,1,1,1
1,inter_out,f32,4194304,glibc_t2,P5,8,1,1,28074094.00,12291.0000,0.0000,38000.0,28042000.0,3.000,50331648.0,0.000,0,0,50331648,2,0,0,1,1,1
1,inter_out,f32,4194304,glibc_t2,P6,8,2,1,20063277.00,8194.0000,0.0000,4033000.0,16036000.0,2.000,33554432.0,0.000,0,0,33554432,1,1,0,1,1,1
1,inter_out,f32,4194304,glibc_t2,P5,9,0,1,28760099.00,12291.0000,0.0000,16344000.0,12389000.0,3.000,50331648.0,0.000,0,0,50331648,2,0,0,1,1,1
1,inter_out,f32,4194304,glibc_t2,P6,9,1,1,20707852.00,8194.0000,0.0000,8337000.0,12380000.0,2.000,33554432.0,0.000,0,0,33554432,1,1,0,1,1,1
1,inter_out,f32,4194304,glibc_t2,FIXED_TWIN,9,2,1,19805007.00,8194.0000,0.0000,7912000.0,11900000.0,2.000,33554432.0,0.000,0,0,33554432,1,1,0,1,1,1
1,inter_out,f32,4194304,glibc_t2,P6,10,0,1,19736404.00,8194.0000,0.0000,11878000.0,7863000.0,2.000,33554432.0,0.000,0,0,33554432,1,1,0,1,1,1
1,inter_out,f32,4194304,glibc_t2,FIXED_TWIN,10,1,1,18933065.00,8194.0000,0.0000,1380000.0,17559000.0,2.000,33554432.0,0.000,0,0,33554432,1,1,0,1,1,1
1,inter_out,f32,4194304,glibc_t2,P5,10,2,1,27400959.00,12291.0000,0.0000,7721000.0,19685000.0,3.000,50331648.0,0.000,0,0,50331648,2,0,0,1,1,1
1,inter_out,f32,4194304,glibc_t2,FIXED_TWIN,11,0,1,19286422.00,8194.0000,0.0000,3668000.0,15624000.0,2.000,33554432.0,0.000,0,0,33554432,1,1,0,1,1,1
1,inter_out,f32,4194304,glibc_t2,P5,11,1,1,27021096.00,12291.0000,0.0000,7543000.0,19482000.0,3.000,50331648.0,0.000,0,0,50331648,2,0,0,1,1,1
1,inter_out,f32,4194304,glibc_t2,P6,11,2,1,18750279.00,8194.0000,0.0000,5293000.0,13464000.0,2.000,33554432.0,0.000,0,0,33554432,1,1,0,1,1,1
1,inter_out,f32,4194304,glibc_t2,P5,12,0,1,28119248.00,12291.0000,0.0000,4058000.0,24066000.0,3.000,50331648.0,0.000,0,0,50331648,2,0,0,1,1,1
1,inter_out,f32,4194304,glibc_t2,P6,12,1,1,19371275.00,8194.0000,0.0000,3708000.0,15668000.0,2.000,33554432.0,0.000,0,0,33554432,1,1,0,1,1,1
1,inter_out,f32,4194304,glibc_t2,FIXED_TWIN,12,2,1,18900104.00,8194.0000,0.0000,7487000.0,11418000.0,2.000,33554432.0,0.000,0,0,33554432,1,1,0,1,1,1
1,inter_out,f32,4194304,glibc_t2,P6,13,0,1,19779772.00,8194.0000,0.0000,3900000.0,15886000.0,2.000,33554432.0,0.000,0,0,33554432,1,1,0,1,1,1
1,inter_out,f32,4194304,glibc_t2,FIXED_TWIN,13,1,1,18485000.00,8194.0000,0.0000,13167000.0,5323000.0,2.000,33554432.0,0.000,0,0,33554432,1,1,0,1,1,1
1,inter_out,f32,4194304,glibc_t2,P5,13,2,1,28317228.00,12291.0000,0.0000,16152000.0,12172000.0,3.000,50331648.0,0.000,0,0,50331648,2,0,0,1,1,1
1,inter_out,f32,4194304,glibc_t2,FIXED_TWIN,14,0,1,19620428.00,8194.0000,0.0000,3825000.0,15801000.0,2.000,33554432.0,0.000,0,0,33554432,1,1,0,1,1,1
1,inter_out,f32,4194304,glibc_t2,P5,14,1,1,27862378.00,12291.0000,0.0000,7938000.0,19930000.0,3.000,50331648.0,0.000,0,0,50331648,2,0,0,1,1,1
1,inter_out,f32,4194304,glibc_t2,P6,14,2,1,18953362.00,8194.0000,0.0000,1387000.0,17536000.0,2.000,33554432.0,0.000,0,0,33554432,1,1,0,1,1,1
1,inter_out,f32,16777216,glibc_t2,P5,0,0,1,115044593.00,49155.0000,0.0000,37418000.0,77531000.0,3.000,201326592.0,0.000,0,0,201326592,2,0,0,1,1,1
1,inter_out,f32,16777216,glibc_t2,P6,0,1,1,91629055.00,32770.0000,0.0000,35832000.0,55733000.0,2.000,134217728.0,0.000,0,0,134217728,1,1,0,1,1,1
1,inter_out,f32,16777216,glibc_t2,FIXED_TWIN,0,2,1,87347099.00,32770.0000,0.0000,17558000.0,69795000.0,2.000,134217728.0,0.000,0,0,134217728,1,1,0,1,1,1
1,inter_out,f32,16777216,glibc_t2,P6,1,0,1,90051970.00,32770.0000,0.0000,23099000.0,66959000.0,2.000,134217728.0,0.000,0,0,134217728,1,1,0,1,1,1
1,inter_out,f32,16777216,glibc_t2,FIXED_TWIN,1,1,1,89122863.00,32770.0000,0.0000,40524000.0,48568000.0,2.000,134217728.0,0.000,0,0,134217728,1,1,0,1,1,1
1,inter_out,f32,16777216,glibc_t2,P5,1,2,1,115520184.00,49155.0000,0.0000,27776000.0,87728000.0,3.000,201326592.0,0.000,0,0,201326592,2,0,0,1,1,1
1,inter_out,f32,16777216,glibc_t2,FIXED_TWIN,2,0,1,89216601.00,32770.0000,0.0000,30709000.0,58504000.0,2.000,134217728.0,0.000,0,0,134217728,1,1,0,1,1,1
1,inter_out,f32,16777216,glibc_t2,P5,2,1,1,114590924.00,49155.0000,0.0000,37203000.0,77393000.0,3.000,201326592.0,0.000,0,0,201326592,2,0,0,1,1,1
1,inter_out,f32,16777216,glibc_t2,P6,2,2,1,87822976.00,32770.0000,0.0000,35922000.0,51910000.0,2.000,134217728.0,0.000,0,0,134217728,1,1,0,1,1,1
1,inter_out,f32,16777216,glibc_t2,P5,3,0,1,116443345.00,49155.0000,0.0000,32200000.0,84241000.0,3.000,201326592.0,0.000,0,0,201326592,2,0,0,1,1,1
1,inter_out,f32,16777216,glibc_t2,P6,3,1,1,90361459.00,32770.0000,0.0000,29067000.0,61273000.0,2.000,134217728.0,0.000,0,0,134217728,1,1,0,1,1,1
1,inter_out,f32,16777216,glibc_t2,FIXED_TWIN,3,2,1,86671530.00,32770.0000,0.0000,25238000.0,61440000.0,2.000,134217728.0,0.000,0,0,134217728,1,1,0,1,1,1
1,inter_out,f32,16777216,glibc_t2,P6,4,0,1,88315999.00,32770.0000,0.0000,34301000.0,54022000.0,2.000,134217728.0,0.000,0,0,134217728,1,1,0,1,1,1
1,inter_out,f32,16777216,glibc_t2,FIXED_TWIN,4,1,1,88745106.00,32770.0000,0.0000,26464000.0,62233000.0,2.000,134217728.0,0.000,0,0,134217728,1,1,0,1,1,1
1,inter_out,f32,16777216,glibc_t2,P5,4,2,1,122420731.00,49155.0000,0.0000,21117000.0,101298000.0,3.000,201326592.0,0.000,0,0,201326592,2,0,0,1,1,1
1,inter_out,f32,16777216,glibc_t2,FIXED_TWIN,5,0,1,89247438.00,32770.0000,0.0000,24579000.0,64674000.0,2.000,134217728.0,0.000,0,0,134217728,1,1,0,1,1,1
1,inter_out,f32,16777216,glibc_t2,P5,5,1,1,129735985.00,49155.0000,0.0000,44804000.0,84920000.0,3.000,201326592.0,0.000,0,0,201326592,2,0,0,1,1,1
1,inter_out,f32,16777216,glibc_t2,P6,5,2,1,88112657.00,32770.0000,0.0000,36056000.0,52064000.0,2.000,134217728.0,0.000,0,0,134217728,1,1,0,1,1,1
1,inter_out,f32,16777216,glibc_t2,P5,6,0,1,114245610.00,49155.0000,0.0000,31195000.0,83057000.0,3.000,201326592.0,0.000,0,0,201326592,2,0,0,1,1,1
1,inter_out,f32,16777216,glibc_t2,P6,6,1,1,87061643.00,32770.0000,0.0000,31571000.0,55497000.0,2.000,134217728.0,0.000,0,0,134217728,1,1,0,1,1,1
1,inter_out,f32,16777216,glibc_t2,FIXED_TWIN,6,2,1,88025230.00,32770.0000,0.0000,36015000.0,52018000.0,2.000,134217728.0,0.000,0,0,134217728,1,1,0,1,1,1
1,inter_out,f32,16777216,glibc_t2,P6,7,0,1,96011484.00,32770.0000,0.0000,32010000.0,63857000.0,2.000,134217728.0,0.000,0,0,134217728,1,1,0,1,1,1
1,inter_out,f32,16777216,glibc_t2,FIXED_TWIN,7,1,1,89418725.00,32770.0000,0.0000,34810000.0,54604000.0,2.000,134217728.0,0.000,0,0,134217728,1,1,0,1,1,1
1,inter_out,f32,16777216,glibc_t2,P5,7,2,1,115111841.00,49155.0000,0.0000,23596000.0,91487000.0,3.000,201326592.0,0.000,0,0,201326592,2,0,0,1,1,1
1,inter_out,f32,16777216,glibc_t2,FIXED_TWIN,8,0,1,90662873.00,32770.0000,0.0000,27389000.0,63281000.0,2.000,134217728.0,0.000,0,0,134217728,1,1,0,1,1,1
1,inter_out,f32,16777216,glibc_t2,P5,8,1,1,122286645.00,49155.0000,0.0000,45054000.0,77201000.0,3.000,201326592.0,0.000,0,0,201326592,2,0,0,1,1,1
1,inter_out,f32,16777216,glibc_t2,P6,8,2,1,88112360.00,32770.0000,0.0000,20056000.0,68062000.0,2.000,134217728.0,0.000,0,0,134217728,1,1,0,1,1,1
1,inter_out,f32,16777216,glibc_t2,P5,9,0,1,117932485.00,49155.0000,0.0000,35054000.0,82884000.0,3.000,201326592.0,0.000,0,0,201326592,2,0,0,1,1,1
1,inter_out,f32,16777216,glibc_t2,P6,9,1,1,86491426.00,32770.0000,0.0000,15311000.0,71179000.0,2.000,134217728.0,0.000,0,0,134217728,1,1,0,1,1,1
1,inter_out,f32,16777216,glibc_t2,FIXED_TWIN,9,2,1,87283313.00,32770.0000,0.0000,29510000.0,57779000.0,2.000,134217728.0,0.000,0,0,134217728,1,1,0,1,1,1
1,inter_out,f32,16777216,glibc_t2,P6,10,0,1,87276529.00,32770.0000,0.0000,35665000.0,51604000.0,2.000,134217728.0,0.000,0,0,134217728,1,1,0,1,1,1
1,inter_out,f32,16777216,glibc_t2,FIXED_TWIN,10,1,1,86060603.00,32770.0000,0.0000,20950000.0,65117000.0,2.000,134217728.0,0.000,0,0,134217728,1,1,0,1,1,1
1,inter_out,f32,16777216,glibc_t2,P5,10,2,1,113620799.00,49155.0000,0.0000,24747000.0,88879000.0,3.000,201326592.0,0.000,0,0,201326592,2,0,0,1,1,1
1,inter_out,f32,16777216,glibc_t2,FIXED_TWIN,11,0,1,86614302.00,32770.0000,0.0000,25202000.0,61419000.0,2.000,134217728.0,0.000,0,0,134217728,1,1,0,1,1,1
1,inter_out,f32,16777216,glibc_t2,P5,11,1,1,117017409.00,49155.0000,0.0000,36464000.0,80548000.0,3.000,201326592.0,0.000,0,0,201326592,2,0,0,1,1,1
1,inter_out,f32,16777216,glibc_t2,P6,11,2,1,86302892.00,32770.0000,0.0000,23216000.0,63071000.0,2.000,134217728.0,0.000,0,0,134217728,1,1,0,1,1,1
1,inter_out,f32,16777216,glibc_t2,P5,12,0,1,113772190.00,49155.0000,0.0000,30984000.0,82794000.0,3.000,201326592.0,0.000,0,0,201326592,2,0,0,1,1,1
1,inter_out,f32,16777216,glibc_t2,P6,12,1,1,86237697.00,32770.0000,0.0000,35196000.0,51048000.0,2.000,134217728.0,0.000,0,0,134217728,1,1,0,1,1,1
1,inter_out,f32,16777216,glibc_t2,FIXED_TWIN,12,2,1,85931674.00,32770.0000,0.0000,43056000.0,42883000.0,2.000,134217728.0,0.000,0,0,134217728,1,1,0,1,1,1
1,inter_out,f32,16777216,glibc_t2,P6,13,0,1,86220143.00,32770.0000,0.0000,27188000.0,59038000.0,2.000,134217728.0,0.000,0,0,134217728,1,1,0,1,1,1
1,inter_out,f32,16777216,glibc_t2,FIXED_TWIN,13,1,1,85928335.00,32770.0000,0.0000,36886000.0,49037000.0,2.000,134217728.0,0.000,0,0,134217728,1,1,0,1,1,1
1,inter_out,f32,16777216,glibc_t2,P5,13,2,1,112455924.00,49155.0000,0.0000,20211000.0,92249000.0,3.000,201326592.0,0.000,0,0,201326592,2,0,0,1,1,1
1,inter_out,f32,16777216,glibc_t2,FIXED_TWIN,14,0,1,86478509.00,32770.0000,0.0000,31308000.0,55168000.0,2.000,134217728.0,0.000,0,0,134217728,1,1,0,1,1,1
1,inter_out,f32,16777216,glibc_t2,P5,14,1,1,112810026.00,49155.0000,0.0000,32373000.0,80442000.0,3.000,201326592.0,0.000,0,0,201326592,2,0,0,1,1,1
1,inter_out,f32,16777216,glibc_t2,P6,14,2,1,88165229.00,32770.0000,0.0000,28079000.0,60093000.0,2.000,134217728.0,0.000,0,0,134217728,1,1,0,1,1,1
1,after_use,f32,64,glibc_t2,P5,0,0,1000,330.34,0.0000,0.0000,153.0,181.0,2.000,512.0,0.000,0,0,512000,2,0,0,0,2,1
1,after_use,f32,64,glibc_t2,FIXED_TWIN,0,1,1000,356.39,0.0000,0.0000,357.0,0.0,2.000,512.0,0.000,0,0,512000,2,0,0,0,2,1
1,after_use,f32,64,glibc_t2,FIXED_TWIN,1,0,1000,308.19,0.0000,0.0000,309.0,0.0,2.000,512.0,0.000,0,0,512000,2,0,0,0,2,1
1,after_use,f32,64,glibc_t2,P5,1,1,1000,342.54,0.0000,0.0000,343.0,0.0,2.000,512.0,0.000,0,0,512000,2,0,0,0,2,1
1,after_use,f32,64,glibc_t2,P5,2,0,1000,311.63,0.0000,0.0000,312.0,0.0,2.000,512.0,0.000,0,0,512000,2,0,0,0,2,1
1,after_use,f32,64,glibc_t2,FIXED_TWIN,2,1,1000,328.25,0.0000,0.0000,306.0,23.0,2.000,512.0,0.000,0,0,512000,2,0,0,0,2,1
1,after_use,f32,64,glibc_t2,FIXED_TWIN,3,0,1000,312.62,0.0000,0.0000,313.0,0.0,2.000,512.0,0.000,0,0,512000,2,0,0,0,2,1
1,after_use,f32,64,glibc_t2,P5,3,1,1000,327.76,0.0000,0.0000,328.0,0.0,2.000,512.0,0.000,0,0,512000,2,0,0,0,2,1
1,after_use,f32,64,glibc_t2,P5,4,0,1000,317.88,0.0000,0.0000,318.0,0.0,2.000,512.0,0.000,0,0,512000,2,0,0,0,2,1
1,after_use,f32,64,glibc_t2,FIXED_TWIN,4,1,1000,331.31,0.0000,0.0000,333.0,0.0,2.000,512.0,0.000,0,0,512000,2,0,0,0,2,1
1,after_use,f32,64,glibc_t2,FIXED_TWIN,5,0,1000,330.91,0.0000,0.0000,332.0,0.0,2.000,512.0,0.000,0,0,512000,2,0,0,0,2,1
1,after_use,f32,64,glibc_t2,P5,5,1,1000,354.96,0.0000,0.0000,356.0,0.0,2.000,512.0,0.000,0,0,512000,2,0,0,0,2,1
1,after_use,f32,64,glibc_t2,P5,6,0,1000,329.88,0.0000,0.0000,331.0,0.0,2.000,512.0,0.000,0,0,512000,2,0,0,0,2,1
1,after_use,f32,64,glibc_t2,FIXED_TWIN,6,1,1000,324.15,0.0000,0.0000,325.0,0.0,2.000,512.0,0.000,0,0,512000,2,0,0,0,2,1
1,after_use,f32,64,glibc_t2,FIXED_TWIN,7,0,1000,358.61,0.0000,0.0000,359.0,0.0,2.000,512.0,0.000,0,0,512000,2,0,0,0,2,1
1,after_use,f32,64,glibc_t2,P5,7,1,1000,313.33,0.0000,0.0000,314.0,0.0,2.000,512.0,0.000,0,0,512000,2,0,0,0,2,1
1,after_use,f32,64,glibc_t2,P5,8,0,1000,306.52,0.0000,0.0000,307.0,0.0,2.000,512.0,0.000,0,0,512000,2,0,0,0,2,1
1,after_use,f32,64,glibc_t2,FIXED_TWIN,8,1,1000,308.74,0.0000,0.0000,310.0,0.0,2.000,512.0,0.000,0,0,512000,2,0,0,0,2,1
1,after_use,f32,64,glibc_t2,FIXED_TWIN,9,0,1000,309.75,0.0000,0.0000,311.0,0.0,2.000,512.0,0.000,0,0,512000,2,0,0,0,2,1
1,after_use,f32,64,glibc_t2,P5,9,1,1000,316.92,0.0000,0.0000,317.0,0.0,2.000,512.0,0.000,0,0,512000,2,0,0,0,2,1
1,after_use,f32,64,glibc_t2,P5,10,0,1000,312.57,0.0000,0.0000,313.0,0.0,2.000,512.0,0.000,0,0,512000,2,0,0,0,2,1
1,after_use,f32,64,glibc_t2,FIXED_TWIN,10,1,1000,316.54,0.0000,0.0000,317.0,0.0,2.000,512.0,0.000,0,0,512000,2,0,0,0,2,1
1,after_use,f32,64,glibc_t2,FIXED_TWIN,11,0,1000,338.43,0.0000,0.0000,339.0,0.0,2.000,512.0,0.000,0,0,512000,2,0,0,0,2,1
1,after_use,f32,64,glibc_t2,P5,11,1,1000,340.22,0.0000,0.0000,341.0,0.0,2.000,512.0,0.000,0,0,512000,2,0,0,0,2,1
1,after_use,f32,64,glibc_t2,P5,12,0,1000,334.10,0.0000,0.0000,335.0,0.0,2.000,512.0,0.000,0,0,512000,2,0,0,0,2,1
1,after_use,f32,64,glibc_t2,FIXED_TWIN,12,1,1000,329.38,0.0000,0.0000,330.0,0.0,2.000,512.0,0.000,0,0,512000,2,0,0,0,2,1
1,after_use,f32,64,glibc_t2,FIXED_TWIN,13,0,1000,336.94,0.0000,0.0000,337.0,0.0,2.000,512.0,0.000,0,0,512000,2,0,0,0,2,1
1,after_use,f32,64,glibc_t2,P5,13,1,1000,341.81,0.0000,0.0000,343.0,0.0,2.000,512.0,0.000,0,0,512000,2,0,0,0,2,1
1,after_use,f32,64,glibc_t2,P5,14,0,1000,313.95,0.0000,0.0000,315.0,0.0,2.000,512.0,0.000,0,0,512000,2,0,0,0,2,1
1,after_use,f32,64,glibc_t2,FIXED_TWIN,14,1,1000,317.11,0.0000,0.0000,317.0,0.0,2.000,512.0,0.000,0,0,512000,2,0,0,0,2,1
1,after_use,f32,1024,glibc_t2,P5,0,0,1000,728.83,0.0000,0.0000,733.0,0.0,2.000,8192.0,0.000,0,0,8192000,2,0,0,0,2,1
1,after_use,f32,1024,glibc_t2,FIXED_TWIN,0,1,1000,687.21,0.0000,0.0000,691.0,0.0,2.000,8192.0,0.000,0,0,8192000,2,0,0,0,2,1
1,after_use,f32,1024,glibc_t2,FIXED_TWIN,1,0,1000,683.28,0.0000,0.0000,686.0,0.0,2.000,8192.0,0.000,0,0,8192000,2,0,0,0,2,1
1,after_use,f32,1024,glibc_t2,P5,1,1,1000,698.03,0.0000,0.0000,599.0,103.0,2.000,8192.0,0.000,0,0,8192000,2,0,0,0,2,1
1,after_use,f32,1024,glibc_t2,P5,2,0,1000,673.27,0.0000,0.0000,676.0,0.0,2.000,8192.0,0.000,0,0,8192000,2,0,0,0,2,1
1,after_use,f32,1024,glibc_t2,FIXED_TWIN,2,1,1000,678.62,0.0000,0.0000,682.0,0.0,2.000,8192.0,0.000,0,0,8192000,2,0,0,0,2,1
1,after_use,f32,1024,glibc_t2,FIXED_TWIN,3,0,1000,678.09,0.0000,0.0000,681.0,0.0,2.000,8192.0,0.000,0,0,8192000,2,0,0,0,2,1
1,after_use,f32,1024,glibc_t2,P5,3,1,1000,657.56,0.0000,0.0000,660.0,0.0,2.000,8192.0,0.000,0,0,8192000,2,0,0,0,2,1
1,after_use,f32,1024,glibc_t2,P5,4,0,1000,669.71,0.0000,0.0000,673.0,0.0,2.000,8192.0,0.000,0,0,8192000,2,0,0,0,2,1
1,after_use,f32,1024,glibc_t2,FIXED_TWIN,4,1,1000,697.27,0.0000,0.0000,701.0,0.0,2.000,8192.0,0.000,0,0,8192000,2,0,0,0,2,1
1,after_use,f32,1024,glibc_t2,FIXED_TWIN,5,0,1000,679.07,0.0000,0.0000,684.0,0.0,2.000,8192.0,0.000,0,0,8192000,2,0,0,0,2,1
1,after_use,f32,1024,glibc_t2,P5,5,1,1000,742.37,0.0000,0.0000,715.0,0.0,2.000,8192.0,0.000,0,0,8192000,2,0,0,0,2,1
1,after_use,f32,1024,glibc_t2,P5,6,0,1000,690.75,0.0000,0.0000,694.0,0.0,2.000,8192.0,0.000,0,0,8192000,2,0,0,0,2,1
1,after_use,f32,1024,glibc_t2,FIXED_TWIN,6,1,1000,683.33,0.0000,0.0000,687.0,0.0,2.000,8192.0,0.000,0,0,8192000,2,0,0,0,2,1
1,after_use,f32,1024,glibc_t2,FIXED_TWIN,7,0,1000,793.79,0.0000,0.0000,797.0,0.0,2.000,8192.0,0.000,0,0,8192000,2,0,0,0,2,1
1,after_use,f32,1024,glibc_t2,P5,7,1,1000,714.64,0.0000,0.0000,719.0,0.0,2.000,8192.0,0.000,0,0,8192000,2,0,0,0,2,1
1,after_use,f32,1024,glibc_t2,P5,8,0,1000,690.08,0.0000,0.0000,693.0,0.0,2.000,8192.0,0.000,0,0,8192000,2,0,0,0,2,1
1,after_use,f32,1024,glibc_t2,FIXED_TWIN,8,1,1000,663.23,0.0000,0.0000,666.0,0.0,2.000,8192.0,0.000,0,0,8192000,2,0,0,0,2,1
1,after_use,f32,1024,glibc_t2,FIXED_TWIN,9,0,1000,652.64,0.0000,0.0000,656.0,0.0,2.000,8192.0,0.000,0,0,8192000,2,0,0,0,2,1
1,after_use,f32,1024,glibc_t2,P5,9,1,1000,677.32,0.0000,0.0000,680.0,0.0,2.000,8192.0,0.000,0,0,8192000,2,0,0,0,2,1
1,after_use,f32,1024,glibc_t2,P5,10,0,1000,685.64,0.0000,0.0000,689.0,0.0,2.000,8192.0,0.000,0,0,8192000,2,0,0,0,2,1
1,after_use,f32,1024,glibc_t2,FIXED_TWIN,10,1,1000,692.96,0.0000,0.0000,696.0,0.0,2.000,8192.0,0.000,0,0,8192000,2,0,0,0,2,1
1,after_use,f32,1024,glibc_t2,FIXED_TWIN,11,0,1000,686.23,0.0000,0.0000,690.0,0.0,2.000,8192.0,0.000,0,0,8192000,2,0,0,0,2,1
1,after_use,f32,1024,glibc_t2,P5,11,1,1000,671.52,0.0000,0.0000,675.0,0.0,2.000,8192.0,0.000,0,0,8192000,2,0,0,0,2,1
1,after_use,f32,1024,glibc_t2,P5,12,0,1000,665.10,0.0000,0.0000,668.0,0.0,2.000,8192.0,0.000,0,0,8192000,2,0,0,0,2,1
1,after_use,f32,1024,glibc_t2,FIXED_TWIN,12,1,1000,663.85,0.0000,0.0000,667.0,0.0,2.000,8192.0,0.000,0,0,8192000,2,0,0,0,2,1
1,after_use,f32,1024,glibc_t2,FIXED_TWIN,13,0,1000,693.00,0.0000,0.0000,696.0,0.0,2.000,8192.0,0.000,0,0,8192000,2,0,0,0,2,1
1,after_use,f32,1024,glibc_t2,P5,13,1,1000,718.29,0.0000,0.0000,722.0,0.0,2.000,8192.0,0.000,0,0,8192000,2,0,0,0,2,1
1,after_use,f32,1024,glibc_t2,P5,14,0,1000,717.59,0.0000,0.0000,721.0,0.0,2.000,8192.0,0.000,0,0,8192000,2,0,0,0,2,1
1,after_use,f32,1024,glibc_t2,FIXED_TWIN,14,1,1000,700.41,0.0000,0.0000,703.0,0.0,2.000,8192.0,0.000,0,0,8192000,2,0,0,0,2,1
1,after_use,f32,4096,glibc_t2,P5,0,0,1,2489.00,0.0000,0.0000,5000.0,0.0,2.000,32768.0,0.000,0,0,32768,2,0,0,0,2,1
1,after_use,f32,4096,glibc_t2,FIXED_TWIN,0,1,1,2342.00,0.0000,0.0000,3000.0,0.0,2.000,32768.0,0.000,0,0,32768,2,0,0,0,2,1
1,after_use,f32,4096,glibc_t2,FIXED_TWIN,1,0,1,22662.00,0.0000,0.0000,24000.0,0.0,2.000,32768.0,0.000,0,0,32768,2,0,0,0,2,1
1,after_use,f32,4096,glibc_t2,P5,1,1,1,2701.00,0.0000,0.0000,4000.0,0.0,2.000,32768.0,0.000,0,0,32768,2,0,0,0,2,1
1,after_use,f32,4096,glibc_t2,P5,2,0,1,2369.00,0.0000,0.0000,3000.0,0.0,2.000,32768.0,0.000,0,0,32768,2,0,0,0,2,1
1,after_use,f32,4096,glibc_t2,FIXED_TWIN,2,1,1,2297.00,0.0000,0.0000,3000.0,0.0,2.000,32768.0,0.000,0,0,32768,2,0,0,0,2,1
1,after_use,f32,4096,glibc_t2,FIXED_TWIN,3,0,1,2348.00,0.0000,0.0000,3000.0,0.0,2.000,32768.0,0.000,0,0,32768,2,0,0,0,2,1
1,after_use,f32,4096,glibc_t2,P5,3,1,1,2279.00,0.0000,0.0000,3000.0,0.0,2.000,32768.0,0.000,0,0,32768,2,0,0,0,2,1
1,after_use,f32,4096,glibc_t2,P5,4,0,1,2282.00,0.0000,0.0000,3000.0,0.0,2.000,32768.0,0.000,0,0,32768,2,0,0,0,2,1
1,after_use,f32,4096,glibc_t2,FIXED_TWIN,4,1,1,2290.00,0.0000,0.0000,3000.0,0.0,2.000,32768.0,0.000,0,0,32768,2,0,0,0,2,1
1,after_use,f32,4096,glibc_t2,FIXED_TWIN,5,0,1,2354.00,0.0000,0.0000,3000.0,0.0,2.000,32768.0,0.000,0,0,32768,2,0,0,0,2,1
1,after_use,f32,4096,glibc_t2,P5,5,1,1,2269.00,0.0000,0.0000,2000.0,0.0,2.000,32768.0,0.000,0,0,32768,2,0,0,0,2,1
1,after_use,f32,4096,glibc_t2,P5,6,0,1,5091.00,0.0000,0.0000,6000.0,0.0,2.000,32768.0,0.000,0,0,32768,2,0,0,0,2,1
1,after_use,f32,4096,glibc_t2,FIXED_TWIN,6,1,1,2331.00,0.0000,0.0000,3000.0,0.0,2.000,32768.0,0.000,0,0,32768,2,0,0,0,2,1
1,after_use,f32,4096,glibc_t2,FIXED_TWIN,7,0,1,2282.00,0.0000,0.0000,3000.0,0.0,2.000,32768.0,0.000,0,0,32768,2,0,0,0,2,1
1,after_use,f32,4096,glibc_t2,P5,7,1,1,2309.00,0.0000,0.0000,3000.0,0.0,2.000,32768.0,0.000,0,0,32768,2,0,0,0,2,1
1,after_use,f32,4096,glibc_t2,P5,8,0,1,2299.00,0.0000,0.0000,3000.0,0.0,2.000,32768.0,0.000,0,0,32768,2,0,0,0,2,1
1,after_use,f32,4096,glibc_t2,FIXED_TWIN,8,1,1,2314.00,0.0000,0.0000,2000.0,0.0,2.000,32768.0,0.000,0,0,32768,2,0,0,0,2,1
1,after_use,f32,4096,glibc_t2,FIXED_TWIN,9,0,1,2358.00,0.0000,0.0000,3000.0,0.0,2.000,32768.0,0.000,0,0,32768,2,0,0,0,2,1
1,after_use,f32,4096,glibc_t2,P5,9,1,1,2305.00,0.0000,0.0000,3000.0,0.0,2.000,32768.0,0.000,0,0,32768,2,0,0,0,2,1
1,after_use,f32,4096,glibc_t2,P5,10,0,1,2286.00,0.0000,0.0000,2000.0,0.0,2.000,32768.0,0.000,0,0,32768,2,0,0,0,2,1
1,after_use,f32,4096,glibc_t2,FIXED_TWIN,10,1,1,2337.00,0.0000,0.0000,2000.0,0.0,2.000,32768.0,0.000,0,0,32768,2,0,0,0,2,1
1,after_use,f32,4096,glibc_t2,FIXED_TWIN,11,0,1,2306.00,0.0000,0.0000,3000.0,0.0,2.000,32768.0,0.000,0,0,32768,2,0,0,0,2,1
1,after_use,f32,4096,glibc_t2,P5,11,1,1,2299.00,0.0000,0.0000,3000.0,0.0,2.000,32768.0,0.000,0,0,32768,2,0,0,0,2,1
1,after_use,f32,4096,glibc_t2,P5,12,0,1,2273.00,0.0000,0.0000,2000.0,0.0,2.000,32768.0,0.000,0,0,32768,2,0,0,0,2,1
1,after_use,f32,4096,glibc_t2,FIXED_TWIN,12,1,1,2315.00,0.0000,0.0000,3000.0,0.0,2.000,32768.0,0.000,0,0,32768,2,0,0,0,2,1
1,after_use,f32,4096,glibc_t2,FIXED_TWIN,13,0,1,2303.00,0.0000,0.0000,3000.0,0.0,2.000,32768.0,0.000,0,0,32768,2,0,0,0,2,1
1,after_use,f32,4096,glibc_t2,P5,13,1,1,2298.00,0.0000,0.0000,2000.0,0.0,2.000,32768.0,0.000,0,0,32768,2,0,0,0,2,1
1,after_use,f32,4096,glibc_t2,P5,14,0,1,2259.00,0.0000,0.0000,3000.0,0.0,2.000,32768.0,0.000,0,0,32768,2,0,0,0,2,1
1,after_use,f32,4096,glibc_t2,FIXED_TWIN,14,1,1,2276.00,0.0000,0.0000,3000.0,0.0,2.000,32768.0,0.000,0,0,32768,2,0,0,0,2,1
1,after_use,f32,16384,glibc_t2,P5,0,0,1,4724.00,0.0000,0.0000,2000.0,3000.0,2.000,131072.0,0.000,0,0,131072,2,0,0,0,2,1
1,after_use,f32,16384,glibc_t2,FIXED_TWIN,0,1,1,5263.00,0.0000,0.0000,5000.0,0.0,2.000,131072.0,0.000,0,0,131072,2,0,0,0,2,1
1,after_use,f32,16384,glibc_t2,FIXED_TWIN,1,0,1,5015.00,0.0000,0.0000,6000.0,0.0,2.000,131072.0,0.000,0,0,131072,2,0,0,0,2,1
1,after_use,f32,16384,glibc_t2,P5,1,1,1,4850.00,0.0000,0.0000,5000.0,0.0,2.000,131072.0,0.000,0,0,131072,2,0,0,0,2,1
1,after_use,f32,16384,glibc_t2,P5,2,0,1,5180.00,0.0000,0.0000,6000.0,0.0,2.000,131072.0,0.000,0,0,131072,2,0,0,0,2,1
1,after_use,f32,16384,glibc_t2,FIXED_TWIN,2,1,1,4927.00,0.0000,0.0000,5000.0,0.0,2.000,131072.0,0.000,0,0,131072,2,0,0,0,2,1
1,after_use,f32,16384,glibc_t2,FIXED_TWIN,3,0,1,4849.00,0.0000,0.0000,6000.0,0.0,2.000,131072.0,0.000,0,0,131072,2,0,0,0,2,1
1,after_use,f32,16384,glibc_t2,P5,3,1,1,4743.00,0.0000,0.0000,5000.0,0.0,2.000,131072.0,0.000,0,0,131072,2,0,0,0,2,1
1,after_use,f32,16384,glibc_t2,P5,4,0,1,4745.00,0.0000,0.0000,5000.0,0.0,2.000,131072.0,0.000,0,0,131072,2,0,0,0,2,1
1,after_use,f32,16384,glibc_t2,FIXED_TWIN,4,1,1,4717.00,0.0000,0.0000,5000.0,0.0,2.000,131072.0,0.000,0,0,131072,2,0,0,0,2,1
1,after_use,f32,16384,glibc_t2,FIXED_TWIN,5,0,1,4762.00,0.0000,0.0000,5000.0,0.0,2.000,131072.0,0.000,0,0,131072,2,0,0,0,2,1
1,after_use,f32,16384,glibc_t2,P5,5,1,1,4762.00,0.0000,0.0000,5000.0,0.0,2.000,131072.0,0.000,0,0,131072,2,0,0,0,2,1
1,after_use,f32,16384,glibc_t2,P5,6,0,1,4747.00,0.0000,0.0000,5000.0,0.0,2.000,131072.0,0.000,0,0,131072,2,0,0,0,2,1
1,after_use,f32,16384,glibc_t2,FIXED_TWIN,6,1,1,4728.00,0.0000,0.0000,5000.0,0.0,2.000,131072.0,0.000,0,0,131072,2,0,0,0,2,1
1,after_use,f32,16384,glibc_t2,FIXED_TWIN,7,0,1,4783.00,0.0000,0.0000,6000.0,0.0,2.000,131072.0,0.000,0,0,131072,2,0,0,0,2,1
1,after_use,f32,16384,glibc_t2,P5,7,1,1,4769.00,0.0000,0.0000,5000.0,0.0,2.000,131072.0,0.000,0,0,131072,2,0,0,0,2,1
1,after_use,f32,16384,glibc_t2,P5,8,0,1,4773.00,0.0000,0.0000,5000.0,0.0,2.000,131072.0,0.000,0,0,131072,2,0,0,0,2,1
1,after_use,f32,16384,glibc_t2,FIXED_TWIN,8,1,1,4768.00,0.0000,0.0000,5000.0,0.0,2.000,131072.0,0.000,0,0,131072,2,0,0,0,2,1
1,after_use,f32,16384,glibc_t2,FIXED_TWIN,9,0,1,4813.00,0.0000,0.0000,5000.0,0.0,2.000,131072.0,0.000,0,0,131072,2,0,0,0,2,1
1,after_use,f32,16384,glibc_t2,P5,9,1,1,5763.00,0.0000,0.0000,6000.0,0.0,2.000,131072.0,0.000,0,0,131072,2,0,0,0,2,1
1,after_use,f32,16384,glibc_t2,P5,10,0,1,5174.00,0.0000,0.0000,6000.0,0.0,2.000,131072.0,0.000,0,0,131072,2,0,0,0,2,1
1,after_use,f32,16384,glibc_t2,FIXED_TWIN,10,1,1,5687.00,0.0000,0.0000,7000.0,0.0,2.000,131072.0,0.000,0,0,131072,2,0,0,0,2,1
1,after_use,f32,16384,glibc_t2,FIXED_TWIN,11,0,1,4727.00,0.0000,0.0000,5000.0,0.0,2.000,131072.0,0.000,0,0,131072,2,0,0,0,2,1
1,after_use,f32,16384,glibc_t2,P5,11,1,1,4741.00,0.0000,0.0000,5000.0,0.0,2.000,131072.0,0.000,0,0,131072,2,0,0,0,2,1
1,after_use,f32,16384,glibc_t2,P5,12,0,1,4730.00,0.0000,0.0000,6000.0,0.0,2.000,131072.0,0.000,0,0,131072,2,0,0,0,2,1
1,after_use,f32,16384,glibc_t2,FIXED_TWIN,12,1,1,5109.00,0.0000,0.0000,6000.0,0.0,2.000,131072.0,0.000,0,0,131072,2,0,0,0,2,1
1,after_use,f32,16384,glibc_t2,FIXED_TWIN,13,0,1,4873.00,0.0000,0.0000,5000.0,0.0,2.000,131072.0,0.000,0,0,131072,2,0,0,0,2,1
1,after_use,f32,16384,glibc_t2,P5,13,1,1,4806.00,0.0000,0.0000,5000.0,0.0,2.000,131072.0,0.000,0,0,131072,2,0,0,0,2,1
1,after_use,f32,16384,glibc_t2,P5,14,0,1,4706.00,0.0000,0.0000,5000.0,0.0,2.000,131072.0,0.000,0,0,131072,2,0,0,0,2,1
1,after_use,f32,16384,glibc_t2,FIXED_TWIN,14,1,1,8532.00,0.0000,0.0000,10000.0,0.0,2.000,131072.0,0.000,0,0,131072,2,0,0,0,2,1
1,after_use,f32,65536,glibc_t2,P5,0,0,1,145410.00,130.0000,0.0000,67000.0,80000.0,2.000,524288.0,0.000,0,0,524288,2,0,0,0,2,1
1,after_use,f32,65536,glibc_t2,FIXED_TWIN,0,1,1,141997.00,130.0000,0.0000,65000.0,78000.0,2.000,524288.0,0.000,0,0,524288,2,0,0,0,2,1
1,after_use,f32,65536,glibc_t2,FIXED_TWIN,1,0,1,140724.00,130.0000,0.0000,65000.0,76000.0,2.000,524288.0,0.000,0,0,524288,2,0,0,0,2,1
1,after_use,f32,65536,glibc_t2,P5,1,1,1,162700.00,130.0000,0.0000,75000.0,88000.0,2.000,524288.0,0.000,0,0,524288,2,0,0,0,2,1
1,after_use,f32,65536,glibc_t2,P5,2,0,1,141798.00,130.0000,0.0000,66000.0,78000.0,2.000,524288.0,0.000,0,0,524288,2,0,0,0,2,1
1,after_use,f32,65536,glibc_t2,FIXED_TWIN,2,1,1,193742.00,130.0000,0.0000,90000.0,106000.0,2.000,524288.0,0.000,0,0,524288,2,0,0,0,2,1
1,after_use,f32,65536,glibc_t2,FIXED_TWIN,3,0,1,146712.00,130.0000,0.0000,67000.0,80000.0,2.000,524288.0,0.000,0,0,524288,2,0,0,0,2,1
1,after_use,f32,65536,glibc_t2,P5,3,1,1,145322.00,130.0000,0.0000,146000.0,0.0,2.000,524288.0,0.000,0,0,524288,2,0,0,0,2,1
1,after_use,f32,65536,glibc_t2,P5,4,0,1,141455.00,130.0000,0.0000,143000.0,0.0,2.000,524288.0,0.000,0,0,524288,2,0,0,0,2,1
1,after_use,f32,65536,glibc_t2,FIXED_TWIN,4,1,1,161639.00,130.0000,0.0000,163000.0,0.0,2.000,524288.0,0.000,0,0,524288,2,0,0,0,2,1
1,after_use,f32,65536,glibc_t2,FIXED_TWIN,5,0,1,158196.00,130.0000,0.0000,160000.0,0.0,2.000,524288.0,0.000,0,0,524288,2,0,0,0,2,1
1,after_use,f32,65536,glibc_t2,P5,5,1,1,164680.00,130.0000,0.0000,166000.0,0.0,2.000,524288.0,0.000,0,0,524288,2,0,0,0,2,1
1,after_use,f32,65536,glibc_t2,P5,6,0,1,146904.00,130.0000,0.0000,148000.0,0.0,2.000,524288.0,0.000,0,0,524288,2,0,0,0,2,1
1,after_use,f32,65536,glibc_t2,FIXED_TWIN,6,1,1,161505.00,130.0000,0.0000,162000.0,0.0,2.000,524288.0,0.000,0,0,524288,2,0,0,0,2,1
1,after_use,f32,65536,glibc_t2,FIXED_TWIN,7,0,1,141353.00,130.0000,0.0000,142000.0,0.0,2.000,524288.0,0.000,0,0,524288,2,0,0,0,2,1
1,after_use,f32,65536,glibc_t2,P5,7,1,1,157484.00,130.0000,0.0000,0.0,159000.0,2.000,524288.0,0.000,0,0,524288,2,0,0,0,2,1
1,after_use,f32,65536,glibc_t2,P5,8,0,1,143126.00,130.0000,0.0000,0.0,145000.0,2.000,524288.0,0.000,0,0,524288,2,0,0,0,2,1
1,after_use,f32,65536,glibc_t2,FIXED_TWIN,8,1,1,171599.00,130.0000,0.0000,0.0,173000.0,2.000,524288.0,0.000,0,0,524288,2,0,0,0,2,1
1,after_use,f32,65536,glibc_t2,FIXED_TWIN,9,0,1,144873.00,130.0000,0.0000,0.0,146000.0,2.000,524288.0,0.000,0,0,524288,2,0,0,0,2,1
1,after_use,f32,65536,glibc_t2,P5,9,1,1,163965.00,130.0000,0.0000,0.0,166000.0,2.000,524288.0,0.000,0,0,524288,2,0,0,0,2,1
1,after_use,f32,65536,glibc_t2,P5,10,0,1,141601.00,130.0000,0.0000,0.0,143000.0,2.000,524288.0,0.000,0,0,524288,2,0,0,0,2,1
1,after_use,f32,65536,glibc_t2,FIXED_TWIN,10,1,1,163655.00,130.0000,0.0000,0.0,165000.0,2.000,524288.0,0.000,0,0,524288,2,0,0,0,2,1
1,after_use,f32,65536,glibc_t2,FIXED_TWIN,11,0,1,141888.00,130.0000,0.0000,11000.0,133000.0,2.000,524288.0,0.000,0,0,524288,2,0,0,0,2,1
1,after_use,f32,65536,glibc_t2,P5,11,1,1,171055.00,130.0000,0.0000,173000.0,0.0,2.000,524288.0,0.000,0,0,524288,2,0,0,0,2,1
1,after_use,f32,65536,glibc_t2,P5,12,0,1,151334.00,130.0000,0.0000,152000.0,0.0,2.000,524288.0,0.000,0,0,524288,2,0,0,0,2,1
1,after_use,f32,65536,glibc_t2,FIXED_TWIN,12,1,1,141203.00,130.0000,0.0000,142000.0,0.0,2.000,524288.0,0.000,0,0,524288,2,0,0,0,2,1
1,after_use,f32,65536,glibc_t2,FIXED_TWIN,13,0,1,143393.00,130.0000,0.0000,144000.0,0.0,2.000,524288.0,0.000,0,0,524288,2,0,0,0,2,1
1,after_use,f32,65536,glibc_t2,P5,13,1,1,142108.00,130.0000,0.0000,143000.0,0.0,2.000,524288.0,0.000,0,0,524288,2,0,0,0,2,1
1,after_use,f32,65536,glibc_t2,P5,14,0,1,148979.00,130.0000,0.0000,150000.0,0.0,2.000,524288.0,0.000,0,0,524288,2,0,0,0,2,1
1,after_use,f32,65536,glibc_t2,FIXED_TWIN,14,1,1,142798.00,130.0000,0.0000,144000.0,0.0,2.000,524288.0,0.000,0,0,524288,2,0,0,0,2,1
1,after_use,f32,262144,glibc_t2,P5,0,0,1,670096.00,514.0000,0.0000,309000.0,364000.0,2.000,2097152.0,0.000,0,0,2097152,2,0,0,0,2,1
1,after_use,f32,262144,glibc_t2,FIXED_TWIN,0,1,1,697043.00,514.0000,0.0000,699000.0,0.0,2.000,2097152.0,0.000,0,0,2097152,2,0,0,0,2,1
1,after_use,f32,262144,glibc_t2,FIXED_TWIN,1,0,1,680461.00,514.0000,0.0000,684000.0,0.0,2.000,2097152.0,0.000,0,0,2097152,2,0,0,0,2,1
1,after_use,f32,262144,glibc_t2,P5,1,1,1,724062.00,514.0000,0.0000,0.0,727000.0,2.000,2097152.0,0.000,0,0,2097152,2,0,0,0,2,1
1,after_use,f32,262144,glibc_t2,P5,2,0,1,669099.00,514.0000,0.0000,0.0,671000.0,2.000,2097152.0,0.000,0,0,2097152,2,0,0,0,2,1
1,after_use,f32,262144,glibc_t2,FIXED_TWIN,2,1,1,669936.00,514.0000,0.0000,0.0,672000.0,2.000,2097152.0,0.000,0,0,2097152,2,0,0,0,2,1
1,after_use,f32,262144,glibc_t2,FIXED_TWIN,3,0,1,666018.00,514.0000,0.0000,0.0,668000.0,2.000,2097152.0,0.000,0,0,2097152,2,0,0,0,2,1
1,after_use,f32,262144,glibc_t2,P5,3,1,1,663495.00,514.0000,0.0000,0.0,666000.0,2.000,2097152.0,0.000,0,0,2097152,2,0,0,0,2,1
1,after_use,f32,262144,glibc_t2,P5,4,0,1,680990.00,514.0000,0.0000,0.0,683000.0,2.000,2097152.0,0.000,0,0,2097152,2,0,0,0,2,1
1,after_use,f32,262144,glibc_t2,FIXED_TWIN,4,1,1,646260.00,514.0000,0.0000,648000.0,0.0,2.000,2097152.0,0.000,0,0,2097152,2,0,0,0,2,1
1,after_use,f32,262144,glibc_t2,FIXED_TWIN,5,0,1,650860.00,514.0000,0.0000,299000.0,353000.0,2.000,2097152.0,0.000,0,0,2097152,2,0,0,0,2,1
1,after_use,f32,262144,glibc_t2,P5,5,1,1,645253.00,514.0000,0.0000,0.0,647000.0,2.000,2097152.0,0.000,0,0,2097152,2,0,0,0,2,1
1,after_use,f32,262144,glibc_t2,P5,6,0,1,637731.00,514.0000,0.0000,25000.0,615000.0,2.000,2097152.0,0.000,0,0,2097152,2,0,0,0,2,1
1,after_use,f32,262144,glibc_t2,FIXED_TWIN,6,1,1,641824.00,514.0000,0.0000,0.0,644000.0,2.000,2097152.0,0.000,0,0,2097152,2,0,0,0,2,1
1,after_use,f32,262144,glibc_t2,FIXED_TWIN,7,0,1,640837.00,514.0000,0.0000,39000.0,604000.0,2.000,2097152.0,0.000,0,0,2097152,2,0,0,0,2,1
1,after_use,f32,262144,glibc_t2,P5,7,1,1,709658.00,514.0000,0.0000,0.0,712000.0,2.000,2097152.0,0.000,0,0,2097152,2,0,0,0,2,1
1,after_use,f32,262144,glibc_t2,P5,8,0,1,678400.00,514.0000,0.0000,89000.0,591000.0,2.000,2097152.0,0.000,0,0,2097152,2,0,0,0,2,1
1,after_use,f32,262144,glibc_t2,FIXED_TWIN,8,1,1,704016.00,514.0000,0.0000,0.0,706000.0,2.000,2097152.0,0.000,0,0,2097152,2,0,0,0,2,1
1,after_use,f32,262144,glibc_t2,FIXED_TWIN,9,0,1,673224.00,514.0000,0.0000,90000.0,586000.0,2.000,2097152.0,0.000,0,0,2097152,2,0,0,0,2,1
1,after_use,f32,262144,glibc_t2,P5,9,1,1,670890.00,514.0000,0.0000,673000.0,0.0,2.000,2097152.0,0.000,0,0,2097152,2,0,0,0,2,1
1,after_use,f32,262144,glibc_t2,P5,10,0,1,682555.00,514.0000,0.0000,635000.0,51000.0,2.000,2097152.0,0.000,0,0,2097152,2,0,0,0,2,1
1,after_use,f32,262144,glibc_t2,FIXED_TWIN,10,1,1,666191.00,514.0000,0.0000,669000.0,0.0,2.000,2097152.0,0.000,0,0,2097152,2,0,0,0,2,1
1,after_use,f32,262144,glibc_t2,FIXED_TWIN,11,0,1,670373.00,514.0000,0.0000,643000.0,30000.0,2.000,2097152.0,0.000,0,0,2097152,2,0,0,0,2,1
1,after_use,f32,262144,glibc_t2,P5,11,1,1,665378.00,514.0000,0.0000,668000.0,0.0,2.000,2097152.0,0.000,0,0,2097152,2,0,0,0,2,1
1,after_use,f32,262144,glibc_t2,P5,12,0,1,675135.00,514.0000,0.0000,639000.0,38000.0,2.000,2097152.0,0.000,0,0,2097152,2,0,0,0,2,1
1,after_use,f32,262144,glibc_t2,FIXED_TWIN,12,1,1,671241.00,514.0000,0.0000,673000.0,0.0,2.000,2097152.0,0.000,0,0,2097152,2,0,0,0,2,1
1,after_use,f32,262144,glibc_t2,FIXED_TWIN,13,0,1,664792.00,514.0000,0.0000,634000.0,33000.0,2.000,2097152.0,0.000,0,0,2097152,2,0,0,0,2,1
1,after_use,f32,262144,glibc_t2,P5,13,1,1,682462.00,514.0000,0.0000,685000.0,0.0,2.000,2097152.0,0.000,0,0,2097152,2,0,0,0,2,1
1,after_use,f32,262144,glibc_t2,P5,14,0,1,673815.00,514.0000,0.0000,635000.0,40000.0,2.000,2097152.0,0.000,0,0,2097152,2,0,0,0,2,1
1,after_use,f32,262144,glibc_t2,FIXED_TWIN,14,1,1,651226.00,514.0000,0.0000,654000.0,0.0,2.000,2097152.0,0.000,0,0,2097152,2,0,0,0,2,1
1,after_use,f32,1048576,glibc_t2,P5,0,0,1,2733070.00,2050.0000,0.0000,1255000.0,1483000.0,2.000,8388608.0,0.000,0,0,8388608,2,0,0,0,2,1
1,after_use,f32,1048576,glibc_t2,FIXED_TWIN,0,1,1,2868641.00,2050.0000,0.0000,0.0,2873000.0,2.000,8388608.0,0.000,0,0,8388608,2,0,0,0,2,1
1,after_use,f32,1048576,glibc_t2,FIXED_TWIN,1,0,1,2795181.00,2050.0000,0.0000,0.0,2798000.0,2.000,8388608.0,0.000,0,0,8388608,2,0,0,0,2,1
1,after_use,f32,1048576,glibc_t2,P5,1,1,1,2792160.00,2050.0000,0.0000,0.0,2794000.0,2.000,8388608.0,0.000,0,0,8388608,2,0,0,0,2,1
1,after_use,f32,1048576,glibc_t2,P5,2,0,1,2920305.00,2050.0000,0.0000,0.0,2906000.0,2.000,8388608.0,0.000,0,0,8388608,2,0,0,0,2,1
1,after_use,f32,1048576,glibc_t2,FIXED_TWIN,2,1,1,2767072.00,2050.0000,0.0000,0.0,2769000.0,2.000,8388608.0,0.000,0,0,8388608,2,0,0,0,2,1
1,after_use,f32,1048576,glibc_t2,FIXED_TWIN,3,0,1,2761823.00,2050.0000,0.0000,0.0,2764000.0,2.000,8388608.0,0.000,0,0,8388608,2,0,0,0,2,1
1,after_use,f32,1048576,glibc_t2,P5,3,1,1,2722099.00,2050.0000,0.0000,1248000.0,1476000.0,2.000,8388608.0,0.000,0,0,8388608,2,0,0,0,2,1
1,after_use,f32,1048576,glibc_t2,P5,4,0,1,2720893.00,2050.0000,0.0000,1248000.0,1476000.0,2.000,8388608.0,0.000,0,0,8388608,2,0,0,0,2,1
1,after_use,f32,1048576,glibc_t2,FIXED_TWIN,4,1,1,2732797.00,2050.0000,0.0000,1254000.0,1482000.0,2.000,8388608.0,0.000,0,0,8388608,2,0,0,0,2,1
1,after_use,f32,1048576,glibc_t2,FIXED_TWIN,5,0,1,2675956.00,2050.0000,0.0000,1228000.0,1451000.0,2.000,8388608.0,0.000,0,0,8388608,2,0,0,0,2,1
1,after_use,f32,1048576,glibc_t2,P5,5,1,1,2769171.00,2050.0000,0.0000,698000.0,2074000.0,2.000,8388608.0,0.000,0,0,8388608,2,0,0,0,2,1
1,after_use,f32,1048576,glibc_t2,P5,6,0,1,2786161.00,2050.0000,0.0000,0.0,2789000.0,2.000,8388608.0,0.000,0,0,8388608,2,0,0,0,2,1
1,after_use,f32,1048576,glibc_t2,FIXED_TWIN,6,1,1,2747797.00,2050.0000,0.0000,0.0,2750000.0,2.000,8388608.0,0.000,0,0,8388608,2,0,0,0,2,1
1,after_use,f32,1048576,glibc_t2,FIXED_TWIN,7,0,1,2724945.00,2050.0000,0.0000,0.0,2727000.0,2.000,8388608.0,0.000,0,0,8388608,2,0,0,0,2,1
1,after_use,f32,1048576,glibc_t2,P5,7,1,1,2752140.00,2050.0000,0.0000,0.0,2756000.0,2.000,8388608.0,0.000,0,0,8388608,2,0,0,0,2,1
1,after_use,f32,1048576,glibc_t2,P5,8,0,1,2736755.00,2050.0000,0.0000,0.0,2739000.0,2.000,8388608.0,0.000,0,0,8388608,2,0,0,0,2,1
1,after_use,f32,1048576,glibc_t2,FIXED_TWIN,8,1,1,2764430.00,2050.0000,0.0000,0.0,2767000.0,2.000,8388608.0,0.000,0,0,8388608,2,0,0,0,2,1
1,after_use,f32,1048576,glibc_t2,FIXED_TWIN,9,0,1,2745088.00,2050.0000,0.0000,0.0,2747000.0,2.000,8388608.0,0.000,0,0,8388608,2,0,0,0,2,1
1,after_use,f32,1048576,glibc_t2,P5,9,1,1,2757779.00,2050.0000,0.0000,0.0,2760000.0,2.000,8388608.0,0.000,0,0,8388608,2,0,0,0,2,1
1,after_use,f32,1048576,glibc_t2,P5,10,0,1,2768511.00,2050.0000,0.0000,0.0,2770000.0,2.000,8388608.0,0.000,0,0,8388608,2,0,0,0,2,1
1,after_use,f32,1048576,glibc_t2,FIXED_TWIN,10,1,1,2668055.00,2050.0000,0.0000,1224000.0,1447000.0,2.000,8388608.0,0.000,0,0,8388608,2,0,0,0,2,1
1,after_use,f32,1048576,glibc_t2,FIXED_TWIN,11,0,1,2695713.00,2050.0000,0.0000,1236000.0,1462000.0,2.000,8388608.0,0.000,0,0,8388608,2,0,0,0,2,1
1,after_use,f32,1048576,glibc_t2,P5,11,1,1,2705519.00,2050.0000,0.0000,1241000.0,1468000.0,2.000,8388608.0,0.000,0,0,8388608,2,0,0,0,2,1
1,after_use,f32,1048576,glibc_t2,P5,12,0,1,2703018.00,2050.0000,0.0000,2560000.0,144000.0,2.000,8388608.0,0.000,0,0,8388608,2,0,0,0,2,1
1,after_use,f32,1048576,glibc_t2,FIXED_TWIN,12,1,1,2705009.00,2050.0000,0.0000,2579000.0,128000.0,2.000,8388608.0,0.000,0,0,8388608,2,0,0,0,2,1
1,after_use,f32,1048576,glibc_t2,FIXED_TWIN,13,0,1,2760906.00,2050.0000,0.0000,2763000.0,0.0,2.000,8388608.0,0.000,0,0,8388608,2,0,0,0,2,1
1,after_use,f32,1048576,glibc_t2,P5,13,1,1,2738445.00,2050.0000,0.0000,0.0,2740000.0,2.000,8388608.0,0.000,0,0,8388608,2,0,0,0,2,1
1,after_use,f32,1048576,glibc_t2,P5,14,0,1,2712317.00,2050.0000,0.0000,2715000.0,0.0,2.000,8388608.0,0.000,0,0,8388608,2,0,0,0,2,1
1,after_use,f32,1048576,glibc_t2,FIXED_TWIN,14,1,1,2712638.00,2050.0000,0.0000,2715000.0,0.0,2.000,8388608.0,0.000,0,0,8388608,2,0,0,0,2,1
1,after_use,f32,4194304,glibc_t2,P5,0,0,1,16040528.00,8194.0000,0.0000,22000.0,16025000.0,2.000,33554432.0,0.000,0,0,33554432,2,0,0,0,2,1
1,after_use,f32,4194304,glibc_t2,FIXED_TWIN,0,1,1,15568884.00,8194.0000,0.0000,0.0,15562000.0,2.000,33554432.0,0.000,0,0,33554432,2,0,0,0,2,1
1,after_use,f32,4194304,glibc_t2,FIXED_TWIN,1,0,1,14904056.00,8194.0000,0.0000,9332000.0,5576000.0,2.000,33554432.0,0.000,0,0,33554432,2,0,0,0,2,1
1,after_use,f32,4194304,glibc_t2,P5,1,1,1,15155428.00,8194.0000,0.0000,11615000.0,3544000.0,2.000,33554432.0,0.000,0,0,33554432,2,0,0,0,2,1
1,after_use,f32,4194304,glibc_t2,P5,2,0,1,14655457.00,8194.0000,0.0000,0.0,14660000.0,2.000,33554432.0,0.000,0,0,33554432,2,0,0,0,2,1
1,after_use,f32,4194304,glibc_t2,FIXED_TWIN,2,1,1,14549976.00,8194.0000,0.0000,3337000.0,11216000.0,2.000,33554432.0,0.000,0,0,33554432,2,0,0,0,2,1
1,after_use,f32,4194304,glibc_t2,FIXED_TWIN,3,0,1,14891017.00,8194.0000,0.0000,7493000.0,7402000.0,2.000,33554432.0,0.000,0,0,33554432,2,0,0,0,2,1
1,after_use,f32,4194304,glibc_t2,P5,3,1,1,15209423.00,8194.0000,0.0000,7739000.0,7476000.0,2.000,33554432.0,0.000,0,0,33554432,2,0,0,0,2,1
1,after_use,f32,4194304,glibc_t2,P5,4,0,1,15253344.00,8194.0000,0.0000,3660000.0,11598000.0,2.000,33554432.0,0.000,0,0,33554432,2,0,0,0,2,1
1,after_use,f32,4194304,glibc_t2,FIXED_TWIN,4,1,1,15424500.00,8194.0000,0.0000,7738000.0,7691000.0,2.000,33554432.0,0.000,0,0,33554432,2,0,0,0,2,1
1,after_use,f32,4194304,glibc_t2,FIXED_TWIN,5,0,1,14862942.00,8194.0000,0.0000,3480000.0,11386000.0,2.000,33554432.0,0.000,0,0,33554432,2,0,0,0,2,1
1,after_use,f32,4194304,glibc_t2,P5,5,1,1,14400709.00,8194.0000,0.0000,5102000.0,9302000.0,2.000,33554432.0,0.000,0,0,33554432,2,0,0,0,2,1
1,after_use,f32,4194304,glibc_t2,P5,6,0,1,14788943.00,8194.0000,0.0000,3446000.0,11346000.0,2.000,33554432.0,0.000,0,0,33554432,2,0,0,0,2,1
1,after_use,f32,4194304,glibc_t2,FIXED_TWIN,6,1,1,14344214.00,8194.0000,0.0000,9077000.0,5272000.0,2.000,33554432.0,0.000,0,0,33554432,2,0,0,0,2,1
1,after_use,f32,4194304,glibc_t2,FIXED_TWIN,7,0,1,14425073.00,8194.0000,0.0000,7279000.0,7150000.0,2.000,33554432.0,0.000,0,0,33554432,2,0,0,0,2,1
1,after_use,f32,4194304,glibc_t2,P5,7,1,1,15091679.00,8194.0000,0.0000,11586000.0,3511000.0,2.000,33554432.0,0.000,0,0,33554432,2,0,0,0,2,1
1,after_use,f32,4194304,glibc_t2,P5,8,0,1,14635453.00,8194.0000,0.0000,1211000.0,13428000.0,2.000,33554432.0,0.000,0,0,33554432,2,0,0,0,2,1
1,after_use,f32,4194304,glibc_t2,FIXED_TWIN,8,1,1,15065814.00,8194.0000,0.0000,0.0,15070000.0,2.000,33554432.0,0.000,0,0,33554432,2,0,0,0,2,1
1,after_use,f32,4194304,glibc_t2,FIXED_TWIN,9,0,1,15009895.00,8194.0000,0.0000,0.0,15014000.0,2.000,33554432.0,0.000,0,0,33554432,2,0,0,0,2,1
1,after_use,f32,4194304,glibc_t2,P5,9,1,1,14422952.00,8194.0000,0.0000,1098000.0,13297000.0,2.000,33554432.0,0.000,0,0,33554432,2,0,0,0,2,1
1,after_use,f32,4194304,glibc_t2,P5,10,0,1,14509622.00,8194.0000,0.0000,0.0,14514000.0,2.000,33554432.0,0.000,0,0,33554432,2,0,0,0,2,1
1,after_use,f32,4194304,glibc_t2,FIXED_TWIN,10,1,1,14847893.00,8194.0000,0.0000,1308000.0,13544000.0,2.000,33554432.0,0.000,0,0,33554432,2,0,0,0,2,1
1,after_use,f32,4194304,glibc_t2,FIXED_TWIN,11,0,1,14977088.00,8194.0000,0.0000,1366000.0,13615000.0,2.000,33554432.0,0.000,0,0,33554432,2,0,0,0,2,1
1,after_use,f32,4194304,glibc_t2,P5,11,1,1,15072911.00,8194.0000,0.0000,9410000.0,5668000.0,2.000,33554432.0,0.000,0,0,33554432,2,0,0,0,2,1
1,after_use,f32,4194304,glibc_t2,P5,12,0,1,15055006.00,8194.0000,0.0000,7568000.0,7490000.0,2.000,33554432.0,0.000,0,0,33554432,2,0,0,0,2,1
1,after_use,f32,4194304,glibc_t2,FIXED_TWIN,12,1,1,14546478.00,8194.0000,0.0000,11335000.0,3215000.0,2.000,33554432.0,0.000,0,0,33554432,2,0,0,0,2,1
1,after_use,f32,4194304,glibc_t2,FIXED_TWIN,13,0,1,15381798.00,8194.0000,0.0000,3719000.0,11667000.0,2.000,33554432.0,0.000,0,0,33554432,2,0,0,0,2,1
1,after_use,f32,4194304,glibc_t2,P5,13,1,1,15328223.00,8194.0000,0.0000,0.0,15333000.0,2.000,33554432.0,0.000,0,0,33554432,2,0,0,0,2,1
1,after_use,f32,4194304,glibc_t2,P5,14,0,1,14908361.00,8194.0000,0.0000,5334000.0,9576000.0,2.000,33554432.0,0.000,0,0,33554432,2,0,0,0,2,1
1,after_use,f32,4194304,glibc_t2,FIXED_TWIN,14,1,1,14875656.00,8194.0000,0.0000,3486000.0,11393000.0,2.000,33554432.0,0.000,0,0,33554432,2,0,0,0,2,1
1,after_use,f32,16777216,glibc_t2,P5,0,0,1,72458627.00,32770.0000,0.0000,36212000.0,36252000.0,2.000,134217728.0,0.000,0,0,134217728,2,0,0,0,2,1
1,after_use,f32,16777216,glibc_t2,FIXED_TWIN,0,1,1,74252698.00,32770.0000,0.0000,5036000.0,69222000.0,2.000,134217728.0,0.000,0,0,134217728,2,0,0,0,2,1
1,after_use,f32,16777216,glibc_t2,FIXED_TWIN,1,0,1,73130842.00,32770.0000,0.0000,16521000.0,56615000.0,2.000,134217728.0,0.000,0,0,134217728,2,0,0,0,2,1
1,after_use,f32,16777216,glibc_t2,P5,1,1,1,72750615.00,32770.0000,0.0000,30478000.0,42242000.0,2.000,134217728.0,0.000,0,0,134217728,2,0,0,0,2,1
1,after_use,f32,16777216,glibc_t2,P5,2,0,1,73458677.00,32770.0000,0.0000,22830000.0,50613000.0,2.000,134217728.0,0.000,0,0,134217728,2,0,0,0,2,1
1,after_use,f32,16777216,glibc_t2,FIXED_TWIN,2,1,1,72394279.00,32770.0000,0.0000,12184000.0,60216000.0,2.000,134217728.0,0.000,0,0,134217728,2,0,0,0,2,1
1,after_use,f32,16777216,glibc_t2,FIXED_TWIN,3,0,1,72888791.00,32770.0000,0.0000,22522000.0,50315000.0,2.000,134217728.0,0.000,0,0,134217728,2,0,0,0,2,1
1,after_use,f32,16777216,glibc_t2,P5,3,1,1,73243139.00,32770.0000,0.0000,34741000.0,38509000.0,2.000,134217728.0,0.000,0,0,134217728,2,0,0,0,2,1
1,after_use,f32,16777216,glibc_t2,P5,4,0,1,73938577.00,32770.0000,0.0000,8892000.0,65053000.0,2.000,134217728.0,0.000,0,0,134217728,2,0,0,0,2,1
1,after_use,f32,16777216,glibc_t2,FIXED_TWIN,4,1,1,73909793.00,32770.0000,0.0000,15047000.0,58815000.0,2.000,134217728.0,0.000,0,0,134217728,2,0,0,0,2,1
1,after_use,f32,16777216,glibc_t2,FIXED_TWIN,5,0,1,77829439.00,32770.0000,0.0000,24840000.0,52979000.0,2.000,134217728.0,0.000,0,0,134217728,2,0,0,0,2,1
1,after_use,f32,16777216,glibc_t2,P5,5,1,1,76841101.00,32770.0000,0.0000,36387000.0,40460000.0,2.000,134217728.0,0.000,0,0,134217728,2,0,0,0,2,1
1,after_use,f32,16777216,glibc_t2,P5,6,0,1,76395362.00,32770.0000,0.0000,16185000.0,60217000.0,2.000,134217728.0,0.000,0,0,134217728,2,0,0,0,2,1
1,after_use,f32,16777216,glibc_t2,FIXED_TWIN,6,1,1,73436349.00,32770.0000,0.0000,16623000.0,56771000.0,2.000,134217728.0,0.000,0,0,134217728,2,0,0,0,2,1
1,after_use,f32,16777216,glibc_t2,FIXED_TWIN,7,0,1,74140981.00,32770.0000,0.0000,27181000.0,46862000.0,2.000,134217728.0,0.000,0,0,134217728,2,0,0,0,2,1
1,after_use,f32,16777216,glibc_t2,P5,7,1,1,84229263.00,32770.0000,0.0000,28108000.0,56128000.0,2.000,134217728.0,0.000,0,0,134217728,2,0,0,0,2,1
1,after_use,f32,16777216,glibc_t2,P5,8,0,1,75716497.00,32770.0000,0.0000,31874000.0,43809000.0,2.000,134217728.0,0.000,0,0,134217728,2,0,0,0,2,1
1,after_use,f32,16777216,glibc_t2,FIXED_TWIN,8,1,1,74456113.00,32770.0000,0.0000,21126000.0,53336000.0,2.000,134217728.0,0.000,0,0,134217728,2,0,0,0,2,1
1,after_use,f32,16777216,glibc_t2,FIXED_TWIN,9,0,1,73732822.00,32770.0000,0.0000,32795000.0,40886000.0,2.000,134217728.0,0.000,0,0,134217728,2,0,0,0,2,1
1,after_use,f32,16777216,glibc_t2,P5,9,1,1,74805762.00,32770.0000,0.0000,33280000.0,41521000.0,2.000,134217728.0,0.000,0,0,134217728,2,0,0,0,2,1
1,after_use,f32,16777216,glibc_t2,P5,10,0,1,74565289.00,32770.0000,0.0000,15349000.0,59223000.0,2.000,134217728.0,0.000,0,0,134217728,2,0,0,0,2,1
1,after_use,f32,16777216,glibc_t2,FIXED_TWIN,10,1,1,74779277.00,32770.0000,0.0000,17273000.0,57512000.0,2.000,134217728.0,0.000,0,0,134217728,2,0,0,0,2,1
1,after_use,f32,16777216,glibc_t2,FIXED_TWIN,11,0,1,74887895.00,32770.0000,0.0000,29292000.0,45563000.0,2.000,134217728.0,0.000,0,0,134217728,2,0,0,0,2,1
1,after_use,f32,16777216,glibc_t2,P5,11,1,1,84906843.00,32770.0000,0.0000,24418000.0,60495000.0,2.000,134217728.0,0.000,0,0,134217728,2,0,0,0,2,1
1,after_use,f32,16777216,glibc_t2,P5,12,0,1,73658864.00,32770.0000,0.0000,28755000.0,44898000.0,2.000,134217728.0,0.000,0,0,134217728,2,0,0,0,2,1
1,after_use,f32,16777216,glibc_t2,FIXED_TWIN,12,1,1,73828936.00,32770.0000,0.0000,24839000.0,48997000.0,2.000,134217728.0,0.000,0,0,134217728,2,0,0,0,2,1
1,after_use,f32,16777216,glibc_t2,FIXED_TWIN,13,0,1,76544861.00,32770.0000,0.0000,32252000.0,44299000.0,2.000,134217728.0,0.000,0,0,134217728,2,0,0,0,2,1
1,after_use,f32,16777216,glibc_t2,P5,13,1,1,75676678.00,32770.0000,0.0000,19857000.0,55827000.0,2.000,134217728.0,0.000,0,0,134217728,2,0,0,0,2,1
1,after_use,f32,16777216,glibc_t2,P5,14,0,1,75820297.00,32770.0000,0.0000,15922000.0,59904000.0,2.000,134217728.0,0.000,0,0,134217728,2,0,0,0,2,1
1,after_use,f32,16777216,glibc_t2,FIXED_TWIN,14,1,1,76763062.00,32770.0000,0.0000,24352000.0,52418000.0,2.000,134217728.0,0.000,0,0,134217728,2,0,0,0,2,1
1,chain3,f32,64,glibc_t2,P5,0,0,1000,366.54,0.0000,0.0000,169.0,201.0,3.000,768.0,0.000,0,0,256512,3,0,0,0,1,1
1,chain3,f32,64,glibc_t2,P6,0,1,1000,341.49,0.0000,0.0000,342.0,0.0,1.000,256.0,0.000,0,0,256000,1,2,0,0,1,1
1,chain3,f32,64,glibc_t2,P7,0,2,1000,334.50,0.0000,0.0000,335.0,0.0,1.000,256.0,0.000,0,0,256000,1,1,1,0,1,1
1,chain3,f32,64,glibc_t2,FIXED_TWIN,0,3,1000,339.39,0.0000,0.0000,340.0,0.0,1.000,256.0,0.000,0,0,256000,1,1,1,0,1,1
1,chain3,f32,64,glibc_t2,P6,1,0,1000,343.92,0.0000,0.0000,345.0,0.0,1.000,256.0,0.000,0,0,256000,1,2,0,0,1,1
1,chain3,f32,64,glibc_t2,P7,1,1,1000,317.99,0.0000,0.0000,254.0,65.0,1.000,256.0,0.000,0,0,256000,1,1,1,0,1,1
1,chain3,f32,64,glibc_t2,FIXED_TWIN,1,2,1000,329.07,0.0000,0.0000,330.0,0.0,1.000,256.0,0.000,0,0,256000,1,1,1,0,1,1
1,chain3,f32,64,glibc_t2,P5,1,3,1000,377.64,0.0000,0.0000,378.0,0.0,3.000,768.0,0.000,0,0,256512,3,0,0,0,1,1
1,chain3,f32,64,glibc_t2,P7,2,0,1000,367.06,0.0000,0.0000,367.0,0.0,1.000,256.0,0.000,0,0,256000,1,1,1,0,1,1
1,chain3,f32,64,glibc_t2,FIXED_TWIN,2,1,1000,397.87,0.0000,0.0000,399.0,0.0,1.000,256.0,0.000,0,0,256000,1,1,1,0,1,1
1,chain3,f32,64,glibc_t2,P5,2,2,1000,441.89,0.0000,0.0000,443.0,0.0,3.000,768.0,0.000,0,0,256512,3,0,0,0,1,1
1,chain3,f32,64,glibc_t2,P6,2,3,1000,380.31,0.0000,0.0000,381.0,0.0,1.000,256.0,0.000,0,0,256000,1,2,0,0,1,1
1,chain3,f32,64,glibc_t2,FIXED_TWIN,3,0,1000,323.32,0.0000,0.0000,324.0,0.0,1.000,256.0,0.000,0,0,256000,1,1,1,0,1,1
1,chain3,f32,64,glibc_t2,P5,3,1,1000,374.53,0.0000,0.0000,376.0,0.0,3.000,768.0,0.000,0,0,256512,3,0,0,0,1,1
1,chain3,f32,64,glibc_t2,P6,3,2,1000,327.05,0.0000,0.0000,328.0,0.0,1.000,256.0,0.000,0,0,256000,1,2,0,0,1,1
1,chain3,f32,64,glibc_t2,P7,3,3,1000,307.36,0.0000,0.0000,308.0,0.0,1.000,256.0,0.000,0,0,256000,1,1,1,0,1,1
1,chain3,f32,64,glibc_t2,P5,4,0,1000,380.01,0.0000,0.0000,380.0,0.0,3.000,768.0,0.000,0,0,256512,3,0,0,0,1,1
1,chain3,f32,64,glibc_t2,P6,4,1,1000,436.72,0.0000,0.0000,439.0,0.0,1.000,256.0,0.000,0,0,256000,1,2,0,0,1,1
1,chain3,f32,64,glibc_t2,P7,4,2,1000,396.71,0.0000,0.0000,398.0,0.0,1.000,256.0,0.000,0,0,256000,1,1,1,0,1,1
1,chain3,f32,64,glibc_t2,FIXED_TWIN,4,3,1000,373.52,0.0000,0.0000,374.0,0.0,1.000,256.0,0.000,0,0,256000,1,1,1,0,1,1
1,chain3,f32,64,glibc_t2,P6,5,0,1000,402.81,0.0000,0.0000,403.0,0.0,1.000,256.0,0.000,0,0,256000,1,2,0,0,1,1
1,chain3,f32,64,glibc_t2,P7,5,1,1000,360.53,0.0000,0.0000,361.0,0.0,1.000,256.0,0.000,0,0,256000,1,1,1,0,1,1
1,chain3,f32,64,glibc_t2,FIXED_TWIN,5,2,1000,321.24,0.0000,0.0000,322.0,0.0,1.000,256.0,0.000,0,0,256000,1,1,1,0,1,1
1,chain3,f32,64,glibc_t2,P5,5,3,1000,392.99,0.0000,0.0000,394.0,0.0,3.000,768.0,0.000,0,0,256512,3,0,0,0,1,1
1,chain3,f32,64,glibc_t2,P7,6,0,1000,370.97,0.0000,0.0000,372.0,0.0,1.000,256.0,0.000,0,0,256000,1,1,1,0,1,1
1,chain3,f32,64,glibc_t2,FIXED_TWIN,6,1,1000,336.66,0.0000,0.0000,337.0,0.0,1.000,256.0,0.000,0,0,256000,1,1,1,0,1,1
1,chain3,f32,64,glibc_t2,P5,6,2,1000,419.13,0.0000,0.0000,421.0,0.0,3.000,768.0,0.000,0,0,256512,3,0,0,0,1,1
1,chain3,f32,64,glibc_t2,P6,6,3,1000,352.15,0.0000,0.0000,353.0,0.0,1.000,256.0,0.000,0,0,256000,1,2,0,0,1,1
1,chain3,f32,64,glibc_t2,FIXED_TWIN,7,0,1000,381.71,0.0000,0.0000,383.0,0.0,1.000,256.0,0.000,0,0,256000,1,1,1,0,1,1
1,chain3,f32,64,glibc_t2,P5,7,1,1000,419.88,0.0000,0.0000,421.0,0.0,3.000,768.0,0.000,0,0,256512,3,0,0,0,1,1
1,chain3,f32,64,glibc_t2,P6,7,2,1000,338.38,0.0000,0.0000,339.0,0.0,1.000,256.0,0.000,0,0,256000,1,2,0,0,1,1
1,chain3,f32,64,glibc_t2,P7,7,3,1000,344.64,0.0000,0.0000,346.0,0.0,1.000,256.0,0.000,0,0,256000,1,1,1,0,1,1
1,chain3,f32,64,glibc_t2,P5,8,0,1000,409.57,0.0000,0.0000,410.0,0.0,3.000,768.0,0.000,0,0,256512,3,0,0,0,1,1
1,chain3,f32,64,glibc_t2,P6,8,1,1000,360.31,0.0000,0.0000,362.0,0.0,1.000,256.0,0.000,0,0,256000,1,2,0,0,1,1
1,chain3,f32,64,glibc_t2,P7,8,2,1000,331.96,0.0000,0.0000,332.0,0.0,1.000,256.0,0.000,0,0,256000,1,1,1,0,1,1
1,chain3,f32,64,glibc_t2,FIXED_TWIN,8,3,1000,342.70,0.0000,0.0000,344.0,0.0,1.000,256.0,0.000,0,0,256000,1,1,1,0,1,1
1,chain3,f32,64,glibc_t2,P6,9,0,1000,379.42,0.0000,0.0000,380.0,0.0,1.000,256.0,0.000,0,0,256000,1,2,0,0,1,1
1,chain3,f32,64,glibc_t2,P7,9,1,1000,384.70,0.0000,0.0000,385.0,0.0,1.000,256.0,0.000,0,0,256000,1,1,1,0,1,1
1,chain3,f32,64,glibc_t2,FIXED_TWIN,9,2,1000,329.65,0.0000,0.0000,331.0,0.0,1.000,256.0,0.000,0,0,256000,1,1,1,0,1,1
1,chain3,f32,64,glibc_t2,P5,9,3,1000,383.73,0.0000,0.0000,384.0,0.0,3.000,768.0,0.000,0,0,256512,3,0,0,0,1,1
1,chain3,f32,64,glibc_t2,P7,10,0,1000,353.70,0.0000,0.0000,354.0,0.0,1.000,256.0,0.000,0,0,256000,1,1,1,0,1,1
1,chain3,f32,64,glibc_t2,FIXED_TWIN,10,1,1000,321.28,0.0000,0.0000,322.0,0.0,1.000,256.0,0.000,0,0,256000,1,1,1,0,1,1
1,chain3,f32,64,glibc_t2,P5,10,2,1000,376.10,0.0000,0.0000,378.0,0.0,3.000,768.0,0.000,0,0,256512,3,0,0,0,1,1
1,chain3,f32,64,glibc_t2,P6,10,3,1000,354.24,0.0000,0.0000,355.0,0.0,1.000,256.0,0.000,0,0,256000,1,2,0,0,1,1
1,chain3,f32,64,glibc_t2,FIXED_TWIN,11,0,1000,339.70,0.0000,0.0000,341.0,0.0,1.000,256.0,0.000,0,0,256000,1,1,1,0,1,1
1,chain3,f32,64,glibc_t2,P5,11,1,1000,388.13,0.0000,0.0000,389.0,0.0,3.000,768.0,0.000,0,0,256512,3,0,0,0,1,1
1,chain3,f32,64,glibc_t2,P6,11,2,1000,370.82,0.0000,0.0000,371.0,0.0,1.000,256.0,0.000,0,0,256000,1,2,0,0,1,1
1,chain3,f32,64,glibc_t2,P7,11,3,1000,321.51,0.0000,0.0000,322.0,0.0,1.000,256.0,0.000,0,0,256000,1,1,1,0,1,1
1,chain3,f32,64,glibc_t2,P5,12,0,1000,377.90,0.0000,0.0000,379.0,0.0,3.000,768.0,0.000,0,0,256512,3,0,0,0,1,1
1,chain3,f32,64,glibc_t2,P6,12,1,1000,351.60,0.0000,0.0000,352.0,0.0,1.000,256.0,0.000,0,0,256000,1,2,0,0,1,1
1,chain3,f32,64,glibc_t2,P7,12,2,1000,330.66,0.0000,0.0000,331.0,0.0,1.000,256.0,0.000,0,0,256000,1,1,1,0,1,1
1,chain3,f32,64,glibc_t2,FIXED_TWIN,12,3,1000,355.60,0.0000,0.0000,356.0,0.0,1.000,256.0,0.000,0,0,256000,1,1,1,0,1,1
1,chain3,f32,64,glibc_t2,P6,13,0,1000,341.37,0.0000,0.0000,342.0,0.0,1.000,256.0,0.000,0,0,256000,1,2,0,0,1,1
1,chain3,f32,64,glibc_t2,P7,13,1,1000,325.52,0.0000,0.0000,326.0,0.0,1.000,256.0,0.000,0,0,256000,1,1,1,0,1,1
1,chain3,f32,64,glibc_t2,FIXED_TWIN,13,2,1000,325.18,0.0000,0.0000,326.0,0.0,1.000,256.0,0.000,0,0,256000,1,1,1,0,1,1
1,chain3,f32,64,glibc_t2,P5,13,3,1000,428.64,0.0000,0.0000,429.0,0.0,3.000,768.0,0.000,0,0,256512,3,0,0,0,1,1
1,chain3,f32,64,glibc_t2,P7,14,0,1000,347.17,0.0000,0.0000,348.0,0.0,1.000,256.0,0.000,0,0,256000,1,1,1,0,1,1
1,chain3,f32,64,glibc_t2,FIXED_TWIN,14,1,1000,334.37,0.0000,0.0000,335.0,0.0,1.000,256.0,0.000,0,0,256000,1,1,1,0,1,1
1,chain3,f32,64,glibc_t2,P5,14,2,1000,383.86,0.0000,0.0000,384.0,0.0,3.000,768.0,0.000,0,0,256512,3,0,0,0,1,1
1,chain3,f32,64,glibc_t2,P6,14,3,1000,330.87,0.0000,0.0000,331.0,0.0,1.000,256.0,0.000,0,0,256000,1,2,0,0,1,1
1,chain3,f32,1024,glibc_t2,P5,0,0,1000,776.59,0.0000,0.0000,780.0,0.0,3.000,12288.0,0.000,0,0,4104192,3,0,0,0,1,1
1,chain3,f32,1024,glibc_t2,P6,0,1,1000,793.99,0.0000,0.0000,797.0,0.0,1.000,4096.0,0.000,0,0,4096000,1,2,0,0,1,1
1,chain3,f32,1024,glibc_t2,P7,0,2,1000,611.09,0.0000,0.0000,613.0,0.0,1.000,4096.0,0.000,0,0,4096000,1,1,1,0,1,1
1,chain3,f32,1024,glibc_t2,FIXED_TWIN,0,3,1000,656.87,0.0000,0.0000,659.0,0.0,1.000,4096.0,0.000,0,0,4096000,1,1,1,0,1,1
1,chain3,f32,1024,glibc_t2,P6,1,0,1000,753.43,0.0000,0.0000,756.0,0.0,1.000,4096.0,0.000,0,0,4096000,1,2,0,0,1,1
1,chain3,f32,1024,glibc_t2,P7,1,1,1000,665.92,0.0000,0.0000,669.0,0.0,1.000,4096.0,0.000,0,0,4096000,1,1,1,0,1,1
1,chain3,f32,1024,glibc_t2,FIXED_TWIN,1,2,1000,638.61,0.0000,0.0000,641.0,0.0,1.000,4096.0,0.000,0,0,4096000,1,1,1,0,1,1
1,chain3,f32,1024,glibc_t2,P5,1,3,1000,799.24,0.0000,0.0000,802.0,0.0,3.000,12288.0,0.000,0,0,4104192,3,0,0,0,1,1
1,chain3,f32,1024,glibc_t2,P7,2,0,1000,609.23,0.0000,0.0000,611.0,0.0,1.000,4096.0,0.000,0,0,4096000,1,1,1,0,1,1
1,chain3,f32,1024,glibc_t2,FIXED_TWIN,2,1,1000,616.08,0.0000,0.0000,619.0,0.0,1.000,4096.0,0.000,0,0,4096000,1,1,1,0,1,1
1,chain3,f32,1024,glibc_t2,P5,2,2,1000,784.81,0.0000,0.0000,788.0,0.0,3.000,12288.0,0.000,0,0,4104192,3,0,0,0,1,1
1,chain3,f32,1024,glibc_t2,P6,2,3,1000,812.35,0.0000,0.0000,817.0,0.0,1.000,4096.0,0.000,0,0,4096000,1,2,0,0,1,1
1,chain3,f32,1024,glibc_t2,FIXED_TWIN,3,0,1000,722.53,0.0000,0.0000,727.0,0.0,1.000,4096.0,0.000,0,0,4096000,1,1,1,0,1,1
1,chain3,f32,1024,glibc_t2,P5,3,1,1000,736.59,0.0000,0.0000,739.0,0.0,3.000,12288.0,0.000,0,0,4104192,3,0,0,0,1,1
1,chain3,f32,1024,glibc_t2,P6,3,2,1000,721.67,0.0000,0.0000,708.0,16.0,1.000,4096.0,0.000,0,0,4096000,1,2,0,0,1,1
1,chain3,f32,1024,glibc_t2,P7,3,3,1000,638.79,0.0000,0.0000,641.0,0.0,1.000,4096.0,0.000,0,0,4096000,1,1,1,0,1,1
1,chain3,f32,1024,glibc_t2,P5,4,0,1000,743.25,0.0000,0.0000,746.0,0.0,3.000,12288.0,0.000,0,0,4104192,3,0,0,0,1,1
1,chain3,f32,1024,glibc_t2,P6,4,1,1000,813.75,0.0000,0.0000,815.0,0.0,1.000,4096.0,0.000,0,0,4096000,1,2,0,0,1,1
1,chain3,f32,1024,glibc_t2,P7,4,2,1000,615.58,0.0000,0.0000,617.0,0.0,1.000,4096.0,0.000,0,0,4096000,1,1,1,0,1,1
1,chain3,f32,1024,glibc_t2,FIXED_TWIN,4,3,1000,644.63,0.0000,0.0000,648.0,0.0,1.000,4096.0,0.000,0,0,4096000,1,1,1,0,1,1
1,chain3,f32,1024,glibc_t2,P6,5,0,1000,764.40,0.0000,0.0000,766.0,0.0,1.000,4096.0,0.000,0,0,4096000,1,2,0,0,1,1
1,chain3,f32,1024,glibc_t2,P7,5,1,1000,680.70,0.0000,0.0000,683.0,0.0,1.000,4096.0,0.000,0,0,4096000,1,1,1,0,1,1
1,chain3,f32,1024,glibc_t2,FIXED_TWIN,5,2,1000,635.50,0.0000,0.0000,638.0,0.0,1.000,4096.0,0.000,0,0,4096000,1,1,1,0,1,1
1,chain3,f32,1024,glibc_t2,P5,5,3,1000,785.85,0.0000,0.0000,788.0,0.0,3.000,12288.0,0.000,0,0,4104192,3,0,0,0,1,1
1,chain3,f32,1024,glibc_t2,P7,6,0,1000,651.51,0.0000,0.0000,653.0,0.0,1.000,4096.0,0.000,0,0,4096000,1,1,1,0,1,1
1,chain3,f32,1024,glibc_t2,FIXED_TWIN,6,1,1000,654.67,0.0000,0.0000,656.0,0.0,1.000,4096.0,0.000,0,0,4096000,1,1,1,0,1,1
1,chain3,f32,1024,glibc_t2,P5,6,2,1000,771.11,0.0000,0.0000,772.0,0.0,3.000,12288.0,0.000,0,0,4104192,3,0,0,0,1,1
1,chain3,f32,1024,glibc_t2,P6,6,3,1000,895.34,0.0000,0.0000,900.0,0.0,1.000,4096.0,0.000,0,0,4096000,1,2,0,0,1,1
1,chain3,f32,1024,glibc_t2,FIXED_TWIN,7,0,1000,725.56,0.0000,0.0000,729.0,0.0,1.000,4096.0,0.000,0,0,4096000,1,1,1,0,1,1
1,chain3,f32,1024,glibc_t2,P5,7,1,1000,741.10,0.0000,0.0000,743.0,0.0,3.000,12288.0,0.000,0,0,4104192,3,0,0,0,1,1
1,chain3,f32,1024,glibc_t2,P6,7,2,1000,767.54,0.0000,0.0000,770.0,0.0,1.000,4096.0,0.000,0,0,4096000,1,2,0,0,1,1
1,chain3,f32,1024,glibc_t2,P7,7,3,1000,631.78,0.0000,0.0000,633.0,0.0,1.000,4096.0,0.000,0,0,4096000,1,1,1,0,1,1
1,chain3,f32,1024,glibc_t2,P5,8,0,1000,744.43,0.0000,0.0000,746.0,0.0,3.000,12288.0,0.000,0,0,4104192,3,0,0,0,1,1
1,chain3,f32,1024,glibc_t2,P6,8,1,1000,759.19,0.0000,0.0000,763.0,0.0,1.000,4096.0,0.000,0,0,4096000,1,2,0,0,1,1
1,chain3,f32,1024,glibc_t2,P7,8,2,1000,619.38,0.0000,0.0000,622.0,0.0,1.000,4096.0,0.000,0,0,4096000,1,1,1,0,1,1
1,chain3,f32,1024,glibc_t2,FIXED_TWIN,8,3,1000,686.33,0.0000,0.0000,689.0,0.0,1.000,4096.0,0.000,0,0,4096000,1,1,1,0,1,1
1,chain3,f32,1024,glibc_t2,P6,9,0,1000,749.68,0.0000,0.0000,752.0,0.0,1.000,4096.0,0.000,0,0,4096000,1,2,0,0,1,1
1,chain3,f32,1024,glibc_t2,P7,9,1,1000,600.55,0.0000,0.0000,603.0,0.0,1.000,4096.0,0.000,0,0,4096000,1,1,1,0,1,1
1,chain3,f32,1024,glibc_t2,FIXED_TWIN,9,2,1000,620.47,0.0000,0.0000,623.0,0.0,1.000,4096.0,0.000,0,0,4096000,1,1,1,0,1,1
1,chain3,f32,1024,glibc_t2,P5,9,3,1000,791.03,0.0000,0.0000,793.0,0.0,3.000,12288.0,0.000,0,0,4104192,3,0,0,0,1,1
1,chain3,f32,1024,glibc_t2,P7,10,0,1000,667.19,0.0000,0.0000,671.0,0.0,1.000,4096.0,0.000,0,0,4096000,1,1,1,0,1,1
1,chain3,f32,1024,glibc_t2,FIXED_TWIN,10,1,1000,647.95,0.0000,0.0000,650.0,0.0,1.000,4096.0,0.000,0,0,4096000,1,1,1,0,1,1
1,chain3,f32,1024,glibc_t2,P5,10,2,1000,908.98,0.0000,0.0000,913.0,0.0,3.000,12288.0,0.000,0,0,4104192,3,0,0,0,1,1
1,chain3,f32,1024,glibc_t2,P6,10,3,1000,819.68,0.0000,0.0000,823.0,0.0,1.000,4096.0,0.000,0,0,4096000,1,2,0,0,1,1
1,chain3,f32,1024,glibc_t2,FIXED_TWIN,11,0,1000,647.46,0.0000,0.0000,651.0,0.0,1.000,4096.0,0.000,0,0,4096000,1,1,1,0,1,1
1,chain3,f32,1024,glibc_t2,P5,11,1,1000,799.04,0.0000,0.0000,803.0,0.0,3.000,12288.0,0.000,0,0,4104192,3,0,0,0,1,1
1,chain3,f32,1024,glibc_t2,P6,11,2,1000,768.76,0.0000,0.0000,771.0,0.0,1.000,4096.0,0.000,0,0,4096000,1,2,0,0,1,1
1,chain3,f32,1024,glibc_t2,P7,11,3,1000,652.84,0.0000,0.0000,656.0,0.0,1.000,4096.0,0.000,0,0,4096000,1,1,1,0,1,1
1,chain3,f32,1024,glibc_t2,P5,12,0,1000,794.14,0.0000,0.0000,796.0,0.0,3.000,12288.0,0.000,0,0,4104192,3,0,0,0,1,1
1,chain3,f32,1024,glibc_t2,P6,12,1,1000,837.46,0.0000,0.0000,840.0,0.0,1.000,4096.0,0.000,0,0,4096000,1,2,0,0,1,1
1,chain3,f32,1024,glibc_t2,P7,12,2,1000,720.11,0.0000,0.0000,724.0,0.0,1.000,4096.0,0.000,0,0,4096000,1,1,1,0,1,1
1,chain3,f32,1024,glibc_t2,FIXED_TWIN,12,3,1000,682.45,0.0000,0.0000,686.0,0.0,1.000,4096.0,0.000,0,0,4096000,1,1,1,0,1,1
1,chain3,f32,1024,glibc_t2,P6,13,0,1000,742.74,0.0000,0.0000,746.0,0.0,1.000,4096.0,0.000,0,0,4096000,1,2,0,0,1,1
1,chain3,f32,1024,glibc_t2,P7,13,1,1000,666.25,0.0000,0.0000,669.0,0.0,1.000,4096.0,0.000,0,0,4096000,1,1,1,0,1,1
1,chain3,f32,1024,glibc_t2,FIXED_TWIN,13,2,1000,690.79,0.0000,0.0000,694.0,0.0,1.000,4096.0,0.000,0,0,4096000,1,1,1,0,1,1
1,chain3,f32,1024,glibc_t2,P5,13,3,1000,770.61,0.0000,0.0000,774.0,0.0,3.000,12288.0,0.000,0,0,4104192,3,0,0,0,1,1
1,chain3,f32,1024,glibc_t2,P7,14,0,1000,590.42,0.0000,0.0000,593.0,0.0,1.000,4096.0,0.000,0,0,4096000,1,1,1,0,1,1
1,chain3,f32,1024,glibc_t2,FIXED_TWIN,14,1,1000,751.18,0.0000,0.0000,756.0,0.0,1.000,4096.0,0.000,0,0,4096000,1,1,1,0,1,1
1,chain3,f32,1024,glibc_t2,P5,14,2,1000,778.01,0.0000,0.0000,781.0,0.0,3.000,12288.0,0.000,0,0,4104192,3,0,0,0,1,1
1,chain3,f32,1024,glibc_t2,P6,14,3,1000,719.20,0.0000,0.0000,722.0,0.0,1.000,4096.0,0.000,0,0,4096000,1,2,0,0,1,1
1,chain3,f32,4096,glibc_t2,P5,0,0,1,2386.00,0.0000,0.0000,4000.0,0.0,3.000,49152.0,0.000,0,0,49152,3,0,0,0,1,1
1,chain3,f32,4096,glibc_t2,P6,0,1,1,1879.00,0.0000,0.0000,2000.0,0.0,1.000,16384.0,0.000,0,0,16384,1,2,0,0,1,1
1,chain3,f32,4096,glibc_t2,P7,0,2,1,1711.00,0.0000,0.0000,2000.0,0.0,1.000,16384.0,0.000,0,0,16384,1,1,1,0,1,1
1,chain3,f32,4096,glibc_t2,FIXED_TWIN,0,3,1,1657.00,0.0000,0.0000,2000.0,0.0,1.000,16384.0,0.000,0,0,16384,1,1,1,0,1,1
1,chain3,f32,4096,glibc_t2,P6,1,0,1,1865.00,0.0000,0.0000,2000.0,0.0,1.000,16384.0,0.000,0,0,16384,1,2,0,0,1,1
1,chain3,f32,4096,glibc_t2,P7,1,1,1,1693.00,0.0000,0.0000,2000.0,0.0,1.000,16384.0,0.000,0,0,16384,1,1,1,0,1,1
1,chain3,f32,4096,glibc_t2,FIXED_TWIN,1,2,1,1683.00,0.0000,0.0000,2000.0,0.0,1.000,16384.0,0.000,0,0,16384,1,1,1,0,1,1
1,chain3,f32,4096,glibc_t2,P5,1,3,1,2240.00,0.0000,0.0000,3000.0,0.0,3.000,49152.0,0.000,0,0,49152,3,0,0,0,1,1
1,chain3,f32,4096,glibc_t2,P7,2,0,1,1636.00,0.0000,0.0000,2000.0,0.0,1.000,16384.0,0.000,0,0,16384,1,1,1,0,1,1
1,chain3,f32,4096,glibc_t2,FIXED_TWIN,2,1,1,1683.00,0.0000,0.0000,3000.0,0.0,1.000,16384.0,0.000,0,0,16384,1,1,1,0,1,1
1,chain3,f32,4096,glibc_t2,P5,2,2,1,2210.00,0.0000,0.0000,3000.0,0.0,3.000,49152.0,0.000,0,0,49152,3,0,0,0,1,1
1,chain3,f32,4096,glibc_t2,P6,2,3,1,1948.00,0.0000,0.0000,3000.0,0.0,1.000,16384.0,0.000,0,0,16384,1,2,0,0,1,1
1,chain3,f32,4096,glibc_t2,FIXED_TWIN,3,0,1,1620.00,0.0000,0.0000,2000.0,0.0,1.000,16384.0,0.000,0,0,16384,1,1,1,0,1,1
1,chain3,f32,4096,glibc_t2,P5,3,1,1,2218.00,0.0000,0.0000,3000.0,0.0,3.000,49152.0,0.000,0,0,49152,3,0,0,0,1,1
1,chain3,f32,4096,glibc_t2,P6,3,2,1,1849.00,0.0000,0.0000,3000.0,0.0,1.000,16384.0,0.000,0,0,16384,1,2,0,0,1,1
1,chain3,f32,4096,glibc_t2,P7,3,3,1,1651.00,0.0000,0.0000,2000.0,0.0,1.000,16384.0,0.000,0,0,16384,1,1,1,0,1,1
1,chain3,f32,4096,glibc_t2,P5,4,0,1,2239.00,0.0000,0.0000,3000.0,0.0,3.000,49152.0,0.000,0,0,49152,3,0,0,0,1,1
1,chain3,f32,4096,glibc_t2,P6,4,1,1,1898.00,0.0000,0.0000,3000.0,0.0,1.000,16384.0,0.000,0,0,16384,1,2,0,0,1,1
1,chain3,f32,4096,glibc_t2,P7,4,2,1,1679.00,0.0000,0.0000,2000.0,0.0,1.000,16384.0,0.000,0,0,16384,1,1,1,0,1,1
1,chain3,f32,4096,glibc_t2,FIXED_TWIN,4,3,1,1638.00,0.0000,0.0000,2000.0,0.0,1.000,16384.0,0.000,0,0,16384,1,1,1,0,1,1
1,chain3,f32,4096,glibc_t2,P6,5,0,1,1883.00,0.0000,0.0000,3000.0,0.0,1.000,16384.0,0.000,0,0,16384,1,2,0,0,1,1
1,chain3,f32,4096,glibc_t2,P7,5,1,1,1654.00,0.0000,0.0000,2000.0,0.0,1.000,16384.0,0.000,0,0,16384,1,1,1,0,1,1
1,chain3,f32,4096,glibc_t2,FIXED_TWIN,5,2,1,1638.00,0.0000,0.0000,2000.0,0.0,1.000,16384.0,0.000,0,0,16384,1,1,1,0,1,1
1,chain3,f32,4096,glibc_t2,P5,5,3,1,2247.00,0.0000,0.0000,2000.0,0.0,3.000,49152.0,0.000,0,0,49152,3,0,0,0,1,1
1,chain3,f32,4096,glibc_t2,P7,6,0,1,1597.00,0.0000,0.0000,2000.0,0.0,1.000,16384.0,0.000,0,0,16384,1,1,1,0,1,1
1,chain3,f32,4096,glibc_t2,FIXED_TWIN,6,1,1,1625.00,0.0000,0.0000,3000.0,0.0,1.000,16384.0,0.000,0,0,16384,1,1,1,0,1,1
1,chain3,f32,4096,glibc_t2,P5,6,2,1,2271.00,0.0000,0.0000,3000.0,0.0,3.000,49152.0,0.000,0,0,49152,3,0,0,0,1,1
1,chain3,f32,4096,glibc_t2,P6,6,3,1,1866.00,0.0000,0.0000,3000.0,0.0,1.000,16384.0,0.000,0,0,16384,1,2,0,0,1,1
1,chain3,f32,4096,glibc_t2,FIXED_TWIN,7,0,1,1648.00,0.0000,0.0000,2000.0,0.0,1.000,16384.0,0.000,0,0,16384,1,1,1,0,1,1
1,chain3,f32,4096,glibc_t2,P5,7,1,1,2259.00,0.0000,0.0000,3000.0,0.0,3.000,49152.0,0.000,0,0,49152,3,0,0,0,1,1
1,chain3,f32,4096,glibc_t2,P6,7,2,1,1846.00,0.0000,0.0000,2000.0,0.0,1.000,16384.0,0.000,0,0,16384,1,2,0,0,1,1
1,chain3,f32,4096,glibc_t2,P7,7,3,1,1666.00,0.0000,0.0000,3000.0,0.0,1.000,16384.0,0.000,0,0,16384,1,1,1,0,1,1
1,chain3,f32,4096,glibc_t2,P5,8,0,1,2191.00,0.0000,0.0000,3000.0,0.0,3.000,49152.0,0.000,0,0,49152,3,0,0,0,1,1
1,chain3,f32,4096,glibc_t2,P6,8,1,1,1886.00,0.0000,0.0000,2000.0,0.0,1.000,16384.0,0.000,0,0,16384,1,2,0,0,1,1
1,chain3,f32,4096,glibc_t2,P7,8,2,1,1660.00,0.0000,0.0000,2000.0,0.0,1.000,16384.0,0.000,0,0,16384,1,1,1,0,1,1
1,chain3,f32,4096,glibc_t2,FIXED_TWIN,8,3,1,1607.00,0.0000,0.0000,2000.0,0.0,1.000,16384.0,0.000,0,0,16384,1,1,1,0,1,1
1,chain3,f32,4096,glibc_t2,P6,9,0,1,1832.00,0.0000,0.0000,2000.0,0.0,1.000,16384.0,0.000,0,0,16384,1,2,0,0,1,1
1,chain3,f32,4096,glibc_t2,P7,9,1,1,1659.00,0.0000,0.0000,2000.0,0.0,1.000,16384.0,0.000,0,0,16384,1,1,1,0,1,1
1,chain3,f32,4096,glibc_t2,FIXED_TWIN,9,2,1,1631.00,0.0000,0.0000,2000.0,0.0,1.000,16384.0,0.000,0,0,16384,1,1,1,0,1,1
1,chain3,f32,4096,glibc_t2,P5,9,3,1,2242.00,0.0000,0.0000,3000.0,0.0,3.000,49152.0,0.000,0,0,49152,3,0,0,0,1,1
1,chain3,f32,4096,glibc_t2,P7,10,0,1,1657.00,0.0000,0.0000,2000.0,0.0,1.000,16384.0,0.000,0,0,16384,1,1,1,0,1,1
1,chain3,f32,4096,glibc_t2,FIXED_TWIN,10,1,1,1650.00,0.0000,0.0000,2000.0,0.0,1.000,16384.0,0.000,0,0,16384,1,1,1,0,1,1
1,chain3,f32,4096,glibc_t2,P5,10,2,1,2227.00,0.0000,0.0000,2000.0,0.0,3.000,49152.0,0.000,0,0,49152,3,0,0,0,1,1
1,chain3,f32,4096,glibc_t2,P6,10,3,1,1931.00,0.0000,0.0000,2000.0,0.0,1.000,16384.0,0.000,0,0,16384,1,2,0,0,1,1
1,chain3,f32,4096,glibc_t2,FIXED_TWIN,11,0,1,1599.00,0.0000,0.0000,2000.0,0.0,1.000,16384.0,0.000,0,0,16384,1,1,1,0,1,1
1,chain3,f32,4096,glibc_t2,P5,11,1,1,2221.00,0.0000,0.0000,2000.0,0.0,3.000,49152.0,0.000,0,0,49152,3,0,0,0,1,1
1,chain3,f32,4096,glibc_t2,P6,11,2,1,1838.00,0.0000,0.0000,2000.0,0.0,1.000,16384.0,0.000,0,0,16384,1,2,0,0,1,1
1,chain3,f32,4096,glibc_t2,P7,11,3,1,1702.00,0.0000,0.0000,2000.0,0.0,1.000,16384.0,0.000,0,0,16384,1,1,1,0,1,1
1,chain3,f32,4096,glibc_t2,P5,12,0,1,2227.00,0.0000,0.0000,2000.0,0.0,3.000,49152.0,0.000,0,0,49152,3,0,0,0,1,1
1,chain3,f32,4096,glibc_t2,P6,12,1,1,1863.00,0.0000,0.0000,2000.0,0.0,1.000,16384.0,0.000,0,0,16384,1,2,0,0,1,1
1,chain3,f32,4096,glibc_t2,P7,12,2,1,1590.00,0.0000,0.0000,2000.0,0.0,1.000,16384.0,0.000,0,0,16384,1,1,1,0,1,1
1,chain3,f32,4096,glibc_t2,FIXED_TWIN,12,3,1,1632.00,0.0000,0.0000,2000.0,0.0,1.000,16384.0,0.000,0,0,16384,1,1,1,0,1,1
1,chain3,f32,4096,glibc_t2,P6,13,0,1,1810.00,0.0000,0.0000,3000.0,0.0,1.000,16384.0,0.000,0,0,16384,1,2,0,0,1,1
1,chain3,f32,4096,glibc_t2,P7,13,1,1,1660.00,0.0000,0.0000,2000.0,0.0,1.000,16384.0,0.000,0,0,16384,1,1,1,0,1,1
1,chain3,f32,4096,glibc_t2,FIXED_TWIN,13,2,1,1588.00,0.0000,0.0000,2000.0,0.0,1.000,16384.0,0.000,0,0,16384,1,1,1,0,1,1
1,chain3,f32,4096,glibc_t2,P5,13,3,1,2169.00,0.0000,0.0000,2000.0,0.0,3.000,49152.0,0.000,0,0,49152,3,0,0,0,1,1
1,chain3,f32,4096,glibc_t2,P7,14,0,1,1614.00,0.0000,0.0000,2000.0,0.0,1.000,16384.0,0.000,0,0,16384,1,1,1,0,1,1
1,chain3,f32,4096,glibc_t2,FIXED_TWIN,14,1,1,1621.00,0.0000,0.0000,2000.0,0.0,1.000,16384.0,0.000,0,0,16384,1,1,1,0,1,1
1,chain3,f32,4096,glibc_t2,P5,14,2,1,2214.00,0.0000,0.0000,2000.0,0.0,3.000,49152.0,0.000,0,0,49152,3,0,0,0,1,1
1,chain3,f32,4096,glibc_t2,P6,14,3,1,1840.00,0.0000,0.0000,2000.0,0.0,1.000,16384.0,0.000,0,0,16384,1,2,0,0,1,1
1,chain3,f32,16384,glibc_t2,P5,0,0,1,7143.00,0.0000,0.0000,7000.0,0.0,3.000,196608.0,0.000,0,0,196608,3,0,0,0,1,1
1,chain3,f32,16384,glibc_t2,P6,0,1,1,6921.00,0.0000,0.0000,8000.0,0.0,1.000,65536.0,0.000,0,0,65536,1,2,0,0,1,1
1,chain3,f32,16384,glibc_t2,P7,0,2,1,5629.00,0.0000,0.0000,6000.0,0.0,1.000,65536.0,0.000,0,0,65536,1,1,1,0,1,1
1,chain3,f32,16384,glibc_t2,FIXED_TWIN,0,3,1,5549.00,0.0000,0.0000,6000.0,0.0,1.000,65536.0,0.000,0,0,65536,1,1,1,0,1,1
1,chain3,f32,16384,glibc_t2,P6,1,0,1,6982.00,0.0000,0.0000,8000.0,0.0,1.000,65536.0,0.000,0,0,65536,1,2,0,0,1,1
1,chain3,f32,16384,glibc_t2,P7,1,1,1,5550.00,0.0000,0.0000,6000.0,0.0,1.000,65536.0,0.000,0,0,65536,1,1,1,0,1,1
1,chain3,f32,16384,glibc_t2,FIXED_TWIN,1,2,1,5493.00,0.0000,0.0000,6000.0,0.0,1.000,65536.0,0.000,0,0,65536,1,1,1,0,1,1
1,chain3,f32,16384,glibc_t2,P5,1,3,1,7033.00,0.0000,0.0000,7000.0,0.0,3.000,196608.0,0.000,0,0,196608,3,0,0,0,1,1
1,chain3,f32,16384,glibc_t2,P7,2,0,1,5575.00,0.0000,0.0000,6000.0,0.0,1.000,65536.0,0.000,0,0,65536,1,1,1,0,1,1
1,chain3,f32,16384,glibc_t2,FIXED_TWIN,2,1,1,5634.00,0.0000,0.0000,6000.0,0.0,1.000,65536.0,0.000,0,0,65536,1,1,1,0,1,1
1,chain3,f32,16384,glibc_t2,P5,2,2,1,7072.00,0.0000,0.0000,8000.0,0.0,3.000,196608.0,0.000,0,0,196608,3,0,0,0,1,1
1,chain3,f32,16384,glibc_t2,P6,2,3,1,6855.00,0.0000,0.0000,7000.0,0.0,1.000,65536.0,0.000,0,0,65536,1,2,0,0,1,1
1,chain3,f32,16384,glibc_t2,FIXED_TWIN,3,0,1,5571.00,0.0000,0.0000,6000.0,0.0,1.000,65536.0,0.000,0,0,65536,1,1,1,0,1,1
1,chain3,f32,16384,glibc_t2,P5,3,1,1,7048.00,0.0000,0.0000,8000.0,0.0,3.000,196608.0,0.000,0,0,196608,3,0,0,0,1,1
1,chain3,f32,16384,glibc_t2,P6,3,2,1,6830.00,0.0000,0.0000,7000.0,0.0,1.000,65536.0,0.000,0,0,65536,1,2,0,0,1,1
1,chain3,f32,16384,glibc_t2,P7,3,3,1,5577.00,0.0000,0.0000,6000.0,0.0,1.000,65536.0,0.000,0,0,65536,1,1,1,0,1,1
1,chain3,f32,16384,glibc_t2,P5,4,0,1,7055.00,0.0000,0.0000,4000.0,4000.0,3.000,196608.0,0.000,0,0,196608,3,0,0,0,1,1
1,chain3,f32,16384,glibc_t2,P6,4,1,1,7335.00,0.0000,0.0000,8000.0,0.0,1.000,65536.0,0.000,0,0,65536,1,2,0,0,1,1
1,chain3,f32,16384,glibc_t2,P7,4,2,1,5790.00,0.0000,0.0000,6000.0,0.0,1.000,65536.0,0.000,0,0,65536,1,1,1,0,1,1
1,chain3,f32,16384,glibc_t2,FIXED_TWIN,4,3,1,5646.00,0.0000,0.0000,6000.0,0.0,1.000,65536.0,0.000,0,0,65536,1,1,1,0,1,1
1,chain3,f32,16384,glibc_t2,P6,5,0,1,6919.00,0.0000,0.0000,8000.0,0.0,1.000,65536.0,0.000,0,0,65536,1,2,0,0,1,1
1,chain3,f32,16384,glibc_t2,P7,5,1,1,5613.00,0.0000,0.0000,6000.0,0.0,1.000,65536.0,0.000,0,0,65536,1,1,1,0,1,1
1,chain3,f32,16384,glibc_t2,FIXED_TWIN,5,2,1,6118.00,0.0000,0.0000,6000.0,0.0,1.000,65536.0,0.000,0,0,65536,1,1,1,0,1,1
1,chain3,f32,16384,glibc_t2,P5,5,3,1,7398.00,0.0000,0.0000,8000.0,0.0,3.000,196608.0,0.000,0,0,196608,3,0,0,0,1,1
1,chain3,f32,16384,glibc_t2,P7,6,0,1,5688.00,0.0000,0.0000,6000.0,0.0,1.000,65536.0,0.000,0,0,65536,1,1,1,0,1,1
1,chain3,f32,16384,glibc_t2,FIXED_TWIN,6,1,1,5656.00,0.0000,0.0000,6000.0,0.0,1.000,65536.0,0.000,0,0,65536,1,1,1,0,1,1
1,chain3,f32,16384,glibc_t2,P5,6,2,1,7117.00,0.0000,0.0000,7000.0,0.0,3.000,196608.0,0.000,0,0,196608,3,0,0,0,1,1
1,chain3,f32,16384,glibc_t2,P6,6,3,1,6835.00,0.0000,0.0000,8000.0,0.0,1.000,65536.0,0.000,0,0,65536,1,2,0,0,1,1
1,chain3,f32,16384,glibc_t2,FIXED_TWIN,7,0,1,5562.00,0.0000,0.0000,6000.0,0.0,1.000,65536.0,0.000,0,0,65536,1,1,1,0,1,1
1,chain3,f32,16384,glibc_t2,P5,7,1,1,7046.00,0.0000,0.0000,8000.0,0.0,3.000,196608.0,0.000,0,0,196608,3,0,0,0,1,1
1,chain3,f32,16384,glibc_t2,P6,7,2,1,6762.00,0.0000,0.0000,8000.0,0.0,1.000,65536.0,0.000,0,0,65536,1,2,0,0,1,1
1,chain3,f32,16384,glibc_t2,P7,7,3,1,5550.00,0.0000,0.0000,6000.0,0.0,1.000,65536.0,0.000,0,0,65536,1,1,1,0,1,1
1,chain3,f32,16384,glibc_t2,P5,8,0,1,7020.00,0.0000,0.0000,7000.0,0.0,3.000,196608.0,0.000,0,0,196608,3,0,0,0,1,1
1,chain3,f32,16384,glibc_t2,P6,8,1,1,6747.00,0.0000,0.0000,8000.0,0.0,1.000,65536.0,0.000,0,0,65536,1,2,0,0,1,1
1,chain3,f32,16384,glibc_t2,P7,8,2,1,5524.00,0.0000,0.0000,6000.0,0.0,1.000,65536.0,0.000,0,0,65536,1,1,1,0,1,1
1,chain3,f32,16384,glibc_t2,FIXED_TWIN,8,3,1,5557.00,0.0000,0.0000,6000.0,0.0,1.000,65536.0,0.000,0,0,65536,1,1,1,0,1,1
1,chain3,f32,16384,glibc_t2,P6,9,0,1,6975.00,0.0000,0.0000,8000.0,0.0,1.000,65536.0,0.000,0,0,65536,1,2,0,0,1,1
1,chain3,f32,16384,glibc_t2,P7,9,1,1,5575.00,0.0000,0.0000,6000.0,0.0,1.000,65536.0,0.000,0,0,65536,1,1,1,0,1,1
1,chain3,f32,16384,glibc_t2,FIXED_TWIN,9,2,1,5553.00,0.0000,0.0000,6000.0,0.0,1.000,65536.0,0.000,0,0,65536,1,1,1,0,1,1
1,chain3,f32,16384,glibc_t2,P5,9,3,1,8946.00,0.0000,0.0000,9000.0,0.0,3.000,196608.0,0.000,0,0,196608,3,0,0,0,1,1
1,chain3,f32,16384,glibc_t2,P7,10,0,1,8019.00,0.0000,0.0000,8000.0,0.0,1.000,65536.0,0.000,0,0,65536,1,1,1,0,1,1
1,chain3,f32,16384,glibc_t2,FIXED_TWIN,10,1,1,9382.00,0.0000,0.0000,10000.0,0.0,1.000,65536.0,0.000,0,0,65536,1,1,1,0,1,1
1,chain3,f32,16384,glibc_t2,P5,10,2,1,7082.00,0.0000,0.0000,7000.0,0.0,3.000,196608.0,0.000,0,0,196608,3,0,0,0,1,1
1,chain3,f32,16384,glibc_t2,P6,10,3,1,6783.00,0.0000,0.0000,8000.0,0.0,1.000,65536.0,0.000,0,0,65536,1,2,0,0,1,1
1,chain3,f32,16384,glibc_t2,FIXED_TWIN,11,0,1,5587.00,0.0000,0.0000,6000.0,0.0,1.000,65536.0,0.000,0,0,65536,1,1,1,0,1,1
1,chain3,f32,16384,glibc_t2,P5,11,1,1,7000.00,0.0000,0.0000,8000.0,0.0,3.000,196608.0,0.000,0,0,196608,3,0,0,0,1,1
1,chain3,f32,16384,glibc_t2,P6,11,2,1,6739.00,0.0000,0.0000,7000.0,0.0,1.000,65536.0,0.000,0,0,65536,1,2,0,0,1,1
1,chain3,f32,16384,glibc_t2,P7,11,3,1,5539.00,0.0000,0.0000,6000.0,0.0,1.000,65536.0,0.000,0,0,65536,1,1,1,0,1,1
1,chain3,f32,16384,glibc_t2,P5,12,0,1,6974.00,0.0000,0.0000,7000.0,0.0,3.000,196608.0,0.000,0,0,196608,3,0,0,0,1,1
1,chain3,f32,16384,glibc_t2,P6,12,1,1,6747.00,0.0000,0.0000,7000.0,0.0,1.000,65536.0,0.000,0,0,65536,1,2,0,0,1,1
1,chain3,f32,16384,glibc_t2,P7,12,2,1,5557.00,0.0000,0.0000,6000.0,0.0,1.000,65536.0,0.000,0,0,65536,1,1,1,0,1,1
1,chain3,f32,16384,glibc_t2,FIXED_TWIN,12,3,1,5603.00,0.0000,0.0000,6000.0,0.0,1.000,65536.0,0.000,0,0,65536,1,1,1,0,1,1
1,chain3,f32,16384,glibc_t2,P6,13,0,1,7287.00,0.0000,0.0000,8000.0,0.0,1.000,65536.0,0.000,0,0,65536,1,2,0,0,1,1
1,chain3,f32,16384,glibc_t2,P7,13,1,1,5799.00,0.0000,0.0000,6000.0,0.0,1.000,65536.0,0.000,0,0,65536,1,1,1,0,1,1
1,chain3,f32,16384,glibc_t2,FIXED_TWIN,13,2,1,5853.00,0.0000,0.0000,6000.0,0.0,1.000,65536.0,0.000,0,0,65536,1,1,1,0,1,1
1,chain3,f32,16384,glibc_t2,P5,13,3,1,7106.00,0.0000,0.0000,8000.0,0.0,3.000,196608.0,0.000,0,0,196608,3,0,0,0,1,1
1,chain3,f32,16384,glibc_t2,P7,14,0,1,5646.00,0.0000,0.0000,6000.0,0.0,1.000,65536.0,0.000,0,0,65536,1,1,1,0,1,1
1,chain3,f32,16384,glibc_t2,FIXED_TWIN,14,1,1,5636.00,0.0000,0.0000,6000.0,0.0,1.000,65536.0,0.000,0,0,65536,1,1,1,0,1,1
1,chain3,f32,16384,glibc_t2,P5,14,2,1,7052.00,0.0000,0.0000,7000.0,0.0,3.000,196608.0,0.000,0,0,196608,3,0,0,0,1,1
1,chain3,f32,16384,glibc_t2,P6,14,3,1,6823.00,0.0000,0.0000,7000.0,0.0,1.000,65536.0,0.000,0,0,65536,1,2,0,0,1,1
1,chain3,f32,65536,glibc_t2,P5,0,0,1,280409.00,195.0000,0.0000,282000.0,0.0,3.000,786432.0,0.000,0,0,786432,3,0,0,0,1,1
1,chain3,f32,65536,glibc_t2,P6,0,1,1,109309.00,65.0000,0.0000,110000.0,0.0,1.000,262144.0,0.000,0,0,262144,1,2,0,0,1,1
1,chain3,f32,65536,glibc_t2,P7,0,2,1,86988.00,65.0000,0.0000,88000.0,0.0,1.000,262144.0,0.000,0,0,262144,1,1,1,0,1,1
1,chain3,f32,65536,glibc_t2,FIXED_TWIN,0,3,1,96918.00,65.0000,0.0000,98000.0,0.0,1.000,262144.0,0.000,0,0,262144,1,1,1,0,1,1
1,chain3,f32,65536,glibc_t2,P6,1,0,1,94283.00,65.0000,0.0000,96000.0,0.0,1.000,262144.0,0.000,0,0,262144,1,2,0,0,1,1
1,chain3,f32,65536,glibc_t2,P7,1,1,1,86782.00,65.0000,0.0000,87000.0,0.0,1.000,262144.0,0.000,0,0,262144,1,1,1,0,1,1
1,chain3,f32,65536,glibc_t2,FIXED_TWIN,1,2,1,83302.00,65.0000,0.0000,84000.0,0.0,1.000,262144.0,0.000,0,0,262144,1,1,1,0,1,1
1,chain3,f32,65536,glibc_t2,P5,1,3,1,361763.00,195.0000,0.0000,0.0,364000.0,3.000,786432.0,0.000,0,0,786432,3,0,0,0,1,1
1,chain3,f32,65536,glibc_t2,P7,2,0,1,102839.00,65.0000,0.0000,0.0,104000.0,1.000,262144.0,0.000,0,0,262144,1,1,1,0,1,1
1,chain3,f32,65536,glibc_t2,FIXED_TWIN,2,1,1,147211.00,65.0000,0.0000,0.0,149000.0,1.000,262144.0,0.000,0,0,262144,1,1,1,0,1,1
1,chain3,f32,65536,glibc_t2,P5,2,2,1,244463.00,195.0000,0.0000,0.0,246000.0,3.000,786432.0,0.000,0,0,786432,3,0,0,0,1,1
1,chain3,f32,65536,glibc_t2,P6,2,3,1,87958.00,65.0000,0.0000,0.0,89000.0,1.000,262144.0,0.000,0,0,262144,1,2,0,0,1,1
1,chain3,f32,65536,glibc_t2,FIXED_TWIN,3,0,1,83561.00,65.0000,0.0000,0.0,85000.0,1.000,262144.0,0.000,0,0,262144,1,1,1,0,1,1
1,chain3,f32,65536,glibc_t2,P5,3,1,1,256759.00,195.0000,0.0000,0.0,258000.0,3.000,786432.0,0.000,0,0,786432,3,0,0,0,1,1
1,chain3,f32,65536,glibc_t2,P6,3,2,1,88777.00,65.0000,0.0000,3000.0,87000.0,1.000,262144.0,0.000,0,0,262144,1,2,0,0,1,1
1,chain3,f32,65536,glibc_t2,P7,3,3,1,83223.00,65.0000,0.0000,38000.0,46000.0,1.000,262144.0,0.000,0,0,262144,1,1,1,0,1,1
1,chain3,f32,65536,glibc_t2,P5,4,0,1,340367.00,195.0000,0.0000,0.0,342000.0,3.000,786432.0,0.000,0,0,786432,3,0,0,0,1,1
1,chain3,f32,65536,glibc_t2,P6,4,1,1,88235.00,65.0000,0.0000,0.0,89000.0,1.000,262144.0,0.000,0,0,262144,1,2,0,0,1,1
1,chain3,f32,65536,glibc_t2,P7,4,2,1,91661.00,65.0000,0.0000,0.0,96000.0,1.000,262144.0,0.000,0,0,262144,1,1,1,0,1,1
1,chain3,f32,65536,glibc_t2,FIXED_TWIN,4,3,1,82825.00,65.0000,0.0000,0.0,84000.0,1.000,262144.0,0.000,0,0,262144,1,1,1,0,1,1
1,chain3,f32,65536,glibc_t2,P6,5,0,1,89029.00,65.0000,0.0000,0.0,91000.0,1.000,262144.0,0.000,0,0,262144,1,2,0,0,1,1
1,chain3,f32,65536,glibc_t2,P7,5,1,1,89451.00,65.0000,0.0000,0.0,91000.0,1.000,262144.0,0.000,0,0,262144,1,1,1,0,1,1
1,chain3,f32,65536,glibc_t2,FIXED_TWIN,5,2,1,82986.00,65.0000,0.0000,0.0,84000.0,1.000,262144.0,0.000,0,0,262144,1,1,1,0,1,1
1,chain3,f32,65536,glibc_t2,P5,5,3,1,244508.00,195.0000,0.0000,0.0,246000.0,3.000,786432.0,0.000,0,0,786432,3,0,0,0,1,1
1,chain3,f32,65536,glibc_t2,P7,6,0,1,91021.00,65.0000,0.0000,0.0,92000.0,1.000,262144.0,0.000,0,0,262144,1,1,1,0,1,1
1,chain3,f32,65536,glibc_t2,FIXED_TWIN,6,1,1,82393.00,65.0000,0.0000,0.0,84000.0,1.000,262144.0,0.000,0,0,262144,1,1,1,0,1,1
1,chain3,f32,65536,glibc_t2,P5,6,2,1,282154.00,195.0000,0.0000,0.0,285000.0,3.000,786432.0,0.000,0,0,786432,3,0,0,0,1,1
1,chain3,f32,65536,glibc_t2,P6,6,3,1,112765.00,65.0000,0.0000,0.0,138000.0,1.000,262144.0,0.000,0,0,262144,1,2,0,0,1,1
1,chain3,f32,65536,glibc_t2,FIXED_TWIN,7,0,1,86302.00,65.0000,0.0000,0.0,87000.0,1.000,262144.0,0.000,0,0,262144,1,1,1,0,1,1
1,chain3,f32,65536,glibc_t2,P5,7,1,1,249731.00,195.0000,0.0000,0.0,251000.0,3.000,786432.0,0.000,0,0,786432,3,0,0,0,1,1
1,chain3,f32,65536,glibc_t2,P6,7,2,1,105026.00,65.0000,0.0000,0.0,106000.0,1.000,262144.0,0.000,0,0,262144,1,2,0,0,1,1
1,chain3,f32,65536,glibc_t2,P7,7,3,1,106470.00,65.0000,0.0000,0.0,108000.0,1.000,262144.0,0.000,0,0,262144,1,1,1,0,1,1
1,chain3,f32,65536,glibc_t2,P5,8,0,1,293078.00,195.0000,0.0000,0.0,295000.0,3.000,786432.0,0.000,0,0,786432,3,0,0,0,1,1
1,chain3,f32,65536,glibc_t2,P6,8,1,1,92760.00,65.0000,0.0000,0.0,94000.0,1.000,262144.0,0.000,0,0,262144,1,2,0,0,1,1
1,chain3,f32,65536,glibc_t2,P7,8,2,1,115320.00,65.0000,0.0000,0.0,117000.0,1.000,262144.0,0.000,0,0,262144,1,1,1,0,1,1
1,chain3,f32,65536,glibc_t2,FIXED_TWIN,8,3,1,124980.00,65.0000,0.0000,0.0,126000.0,1.000,262144.0,0.000,0,0,262144,1,1,1,0,1,1
1,chain3,f32,65536,glibc_t2,P6,9,0,1,89641.00,65.0000,0.0000,0.0,91000.0,1.000,262144.0,0.000,0,0,262144,1,2,0,0,1,1
1,chain3,f32,65536,glibc_t2,P7,9,1,1,93528.00,65.0000,0.0000,0.0,94000.0,1.000,262144.0,0.000,0,0,262144,1,1,1,0,1,1
1,chain3,f32,65536,glibc_t2,FIXED_TWIN,9,2,1,112531.00,65.0000,0.0000,0.0,118000.0,1.000,262144.0,0.000,0,0,262144,1,1,1,0,1,1
1,chain3,f32,65536,glibc_t2,P5,9,3,1,260750.00,195.0000,0.0000,0.0,262000.0,3.000,786432.0,0.000,0,0,786432,3,0,0,0,1,1
1,chain3,f32,65536,glibc_t2,P7,10,0,1,83730.00,65.0000,0.0000,0.0,85000.0,1.000,262144.0,0.000,0,0,262144,1,1,1,0,1,1
1,chain3,f32,65536,glibc_t2,FIXED_TWIN,10,1,1,86993.00,65.0000,0.0000,0.0,89000.0,1.000,262144.0,0.000,0,0,262144,1,1,1,0,1,1
1,chain3,f32,65536,glibc_t2,P5,10,2,1,249211.00,195.0000,0.0000,0.0,250000.0,3.000,786432.0,0.000,0,0,786432,3,0,0,0,1,1
1,chain3,f32,65536,glibc_t2,P6,10,3,1,91662.00,65.0000,0.0000,0.0,93000.0,1.000,262144.0,0.000,0,0,262144,1,2,0,0,1,1
1,chain3,f32,65536,glibc_t2,FIXED_TWIN,11,0,1,87021.00,65.0000,0.0000,0.0,88000.0,1.000,262144.0,0.000,0,0,262144,1,1,1,0,1,1
1,chain3,f32,65536,glibc_t2,P5,11,1,1,255852.00,195.0000,0.0000,0.0,257000.0,3.000,786432.0,0.000,0,0,786432,3,0,0,0,1,1
1,chain3,f32,65536,glibc_t2,P6,11,2,1,89018.00,65.0000,0.0000,0.0,90000.0,1.000,262144.0,0.000,0,0,262144,1,2,0,0,1,1
1,chain3,f32,65536,glibc_t2,P7,11,3,1,84420.00,65.0000,0.0000,0.0,86000.0,1.000,262144.0,0.000,0,0,262144,1,1,1,0,1,1
1,chain3,f32,65536,glibc_t2,P5,12,0,1,245791.00,195.0000,0.0000,0.0,247000.0,3.000,786432.0,0.000,0,0,786432,3,0,0,0,1,1
1,chain3,f32,65536,glibc_t2,P6,12,1,1,89880.00,65.0000,0.0000,0.0,91000.0,1.000,262144.0,0.000,0,0,262144,1,2,0,0,1,1
1,chain3,f32,65536,glibc_t2,P7,12,2,1,83724.00,65.0000,0.0000,0.0,85000.0,1.000,262144.0,0.000,0,0,262144,1,1,1,0,1,1
1,chain3,f32,65536,glibc_t2,FIXED_TWIN,12,3,1,102491.00,65.0000,0.0000,0.0,103000.0,1.000,262144.0,0.000,0,0,262144,1,1,1,0,1,1
1,chain3,f32,65536,glibc_t2,P6,13,0,1,95604.00,65.0000,0.0000,0.0,97000.0,1.000,262144.0,0.000,0,0,262144,1,2,0,0,1,1
1,chain3,f32,65536,glibc_t2,P7,13,1,1,109434.00,65.0000,0.0000,0.0,111000.0,1.000,262144.0,0.000,0,0,262144,1,1,1,0,1,1
1,chain3,f32,65536,glibc_t2,FIXED_TWIN,13,2,1,82954.00,65.0000,0.0000,0.0,84000.0,1.000,262144.0,0.000,0,0,262144,1,1,1,0,1,1
1,chain3,f32,65536,glibc_t2,P5,13,3,1,372866.00,195.0000,0.0000,0.0,376000.0,3.000,786432.0,0.000,0,0,786432,3,0,0,0,1,1
1,chain3,f32,65536,glibc_t2,P7,14,0,1,91890.00,65.0000,0.0000,0.0,94000.0,1.000,262144.0,0.000,0,0,262144,1,1,1,0,1,1
1,chain3,f32,65536,glibc_t2,FIXED_TWIN,14,1,1,89285.00,65.0000,0.0000,0.0,90000.0,1.000,262144.0,0.000,0,0,262144,1,1,1,0,1,1
1,chain3,f32,65536,glibc_t2,P5,14,2,1,314157.00,195.0000,0.0000,0.0,315000.0,3.000,786432.0,0.000,0,0,786432,3,0,0,0,1,1
1,chain3,f32,65536,glibc_t2,P6,14,3,1,92612.00,65.0000,0.0000,0.0,94000.0,1.000,262144.0,0.000,0,0,262144,1,2,0,0,1,1
1,chain3,f32,262144,glibc_t2,P5,0,0,1,1072488.00,771.0000,0.0000,493000.0,583000.0,3.000,3145728.0,0.000,0,0,3145728,3,0,0,0,1,1
1,chain3,f32,262144,glibc_t2,P6,0,1,1,483281.00,257.0000,0.0000,222000.0,264000.0,1.000,1048576.0,0.000,0,0,1048576,1,2,0,0,1,1
1,chain3,f32,262144,glibc_t2,P7,0,2,1,454123.00,257.0000,0.0000,209000.0,247000.0,1.000,1048576.0,0.000,0,0,1048576,1,1,1,0,1,1
1,chain3,f32,262144,glibc_t2,FIXED_TWIN,0,3,1,450616.00,257.0000,0.0000,453000.0,0.0,1.000,1048576.0,0.000,0,0,1048576,1,1,1,0,1,1
1,chain3,f32,262144,glibc_t2,P6,1,0,1,479859.00,257.0000,0.0000,482000.0,0.0,1.000,1048576.0,0.000,0,0,1048576,1,2,0,0,1,1
1,chain3,f32,262144,glibc_t2,P7,1,1,1,437654.00,257.0000,0.0000,440000.0,0.0,1.000,1048576.0,0.000,0,0,1048576,1,1,1,0,1,1
1,chain3,f32,262144,glibc_t2,FIXED_TWIN,1,2,1,442838.00,257.0000,0.0000,445000.0,0.0,1.000,1048576.0,0.000,0,0,1048576,1,1,1,0,1,1
1,chain3,f32,262144,glibc_t2,P5,1,3,1,1184933.00,771.0000,0.0000,1187000.0,0.0,3.000,3145728.0,0.000,0,0,3145728,3,0,0,0,1,1
1,chain3,f32,262144,glibc_t2,P7,2,0,1,438721.00,257.0000,0.0000,0.0,441000.0,1.000,1048576.0,0.000,0,0,1048576,1,1,1,0,1,1
1,chain3,f32,262144,glibc_t2,FIXED_TWIN,2,1,1,476396.00,257.0000,0.0000,0.0,479000.0,1.000,1048576.0,0.000,0,0,1048576,1,1,1,0,1,1
1,chain3,f32,262144,glibc_t2,P5,2,2,1,1102877.00,771.0000,0.0000,1105000.0,0.0,3.000,3145728.0,0.000,0,0,3145728,3,0,0,0,1,1
1,chain3,f32,262144,glibc_t2,P6,2,3,1,543639.00,257.0000,0.0000,546000.0,0.0,1.000,1048576.0,0.000,0,0,1048576,1,2,0,0,1,1
1,chain3,f32,262144,glibc_t2,FIXED_TWIN,3,0,1,448505.00,257.0000,0.0000,451000.0,0.0,1.000,1048576.0,0.000,0,0,1048576,1,1,1,0,1,1
1,chain3,f32,262144,glibc_t2,P5,3,1,1,1101019.00,771.0000,0.0000,0.0,1104000.0,3.000,3145728.0,0.000,0,0,3145728,3,0,0,0,1,1
1,chain3,f32,262144,glibc_t2,P6,3,2,1,507273.00,257.0000,0.0000,148000.0,361000.0,1.000,1048576.0,0.000,0,0,1048576,1,2,0,0,1,1
1,chain3,f32,262144,glibc_t2,P7,3,3,1,418855.00,257.0000,0.0000,0.0,420000.0,1.000,1048576.0,0.000,0,0,1048576,1,1,1,0,1,1
1,chain3,f32,262144,glibc_t2,P5,4,0,1,1064247.00,771.0000,0.0000,0.0,1066000.0,3.000,3145728.0,0.000,0,0,3145728,3,0,0,0,1,1
1,chain3,f32,262144,glibc_t2,P6,4,1,1,513901.00,257.0000,0.0000,517000.0,0.0,1.000,1048576.0,0.000,0,0,1048576,1,2,0,0,1,1
1,chain3,f32,262144,glibc_t2,P7,4,2,1,436030.00,257.0000,0.0000,439000.0,0.0,1.000,1048576.0,0.000,0,0,1048576,1,1,1,0,1,1
1,chain3,f32,262144,glibc_t2,FIXED_TWIN,4,3,1,451296.00,257.0000,0.0000,376000.0,78000.0,1.000,1048576.0,0.000,0,0,1048576,1,1,1,0,1,1
1,chain3,f32,262144,glibc_t2,P6,5,0,1,475313.00,257.0000,0.0000,477000.0,0.0,1.000,1048576.0,0.000,0,0,1048576,1,2,0,0,1,1
1,chain3,f32,262144,glibc_t2,P7,5,1,1,426077.00,257.0000,0.0000,428000.0,0.0,1.000,1048576.0,0.000,0,0,1048576,1,1,1,0,1,1
1,chain3,f32,262144,glibc_t2,FIXED_TWIN,5,2,1,436084.00,257.0000,0.0000,438000.0,0.0,1.000,1048576.0,0.000,0,0,1048576,1,1,1,0,1,1
1,chain3,f32,262144,glibc_t2,P5,5,3,1,1117818.00,771.0000,0.0000,0.0,1121000.0,3.000,3145728.0,0.000,0,0,3145728,3,0,0,0,1,1
1,chain3,f32,262144,glibc_t2,P7,6,0,1,437233.00,257.0000,0.0000,94000.0,346000.0,1.000,1048576.0,0.000,0,0,1048576,1,1,1,0,1,1
1,chain3,f32,262144,glibc_t2,FIXED_TWIN,6,1,1,511516.00,257.0000,0.0000,0.0,514000.0,1.000,1048576.0,0.000,0,0,1048576,1,1,1,0,1,1
1,chain3,f32,262144,glibc_t2,P5,6,2,1,1088715.00,771.0000,0.0000,0.0,1091000.0,3.000,3145728.0,0.000,0,0,3145728,3,0,0,0,1,1
1,chain3,f32,262144,glibc_t2,P6,6,3,1,508834.00,257.0000,0.0000,0.0,511000.0,1.000,1048576.0,0.000,0,0,1048576,1,2,0,0,1,1
1,chain3,f32,262144,glibc_t2,FIXED_TWIN,7,0,1,499973.00,257.0000,0.0000,0.0,503000.0,1.000,1048576.0,0.000,0,0,1048576,1,1,1,0,1,1
1,chain3,f32,262144,glibc_t2,P5,7,1,1,1176161.00,771.0000,0.0000,0.0,1178000.0,3.000,3145728.0,0.000,0,0,3145728,3,0,0,0,1,1
1,chain3,f32,262144,glibc_t2,P6,7,2,1,459104.00,257.0000,0.0000,0.0,461000.0,1.000,1048576.0,0.000,0,0,1048576,1,2,0,0,1,1
1,chain3,f32,262144,glibc_t2,P7,7,3,1,461440.00,257.0000,0.0000,0.0,464000.0,1.000,1048576.0,0.000,0,0,1048576,1,1,1,0,1,1
1,chain3,f32,262144,glibc_t2,P5,8,0,1,1147164.00,771.0000,0.0000,0.0,1150000.0,3.000,3145728.0,0.000,0,0,3145728,3,0,0,0,1,1
1,chain3,f32,262144,glibc_t2,P6,8,1,1,463802.00,257.0000,0.0000,0.0,466000.0,1.000,1048576.0,0.000,0,0,1048576,1,2,0,0,1,1
1,chain3,f32,262144,glibc_t2,P7,8,2,1,504056.00,257.0000,0.0000,507000.0,0.0,1.000,1048576.0,0.000,0,0,1048576,1,1,1,0,1,1
1,chain3,f32,262144,glibc_t2,FIXED_TWIN,8,3,1,447802.00,257.0000,0.0000,451000.0,0.0,1.000,1048576.0,0.000,0,0,1048576,1,1,1,0,1,1
1,chain3,f32,262144,glibc_t2,P6,9,0,1,465987.00,257.0000,0.0000,469000.0,0.0,1.000,1048576.0,0.000,0,0,1048576,1,2,0,0,1,1
1,chain3,f32,262144,glibc_t2,P7,9,1,1,474780.00,257.0000,0.0000,476000.0,0.0,1.000,1048576.0,0.000,0,0,1048576,1,1,1,0,1,1
1,chain3,f32,262144,glibc_t2,FIXED_TWIN,9,2,1,465612.00,257.0000,0.0000,469000.0,0.0,1.000,1048576.0,0.000,0,0,1048576,1,1,1,0,1,1
1,chain3,f32,262144,glibc_t2,P5,9,3,1,1071922.00,771.0000,0.0000,877000.0,196000.0,3.000,3145728.0,0.000,0,0,3145728,3,0,0,0,1,1
1,chain3,f32,262144,glibc_t2,P7,10,0,1,464048.00,257.0000,0.0000,466000.0,0.0,1.000,1048576.0,0.000,0,0,1048576,1,1,1,0,1,1
1,chain3,f32,262144,glibc_t2,FIXED_TWIN,10,1,1,449022.00,257.0000,0.0000,451000.0,0.0,1.000,1048576.0,0.000,0,0,1048576,1,1,1,0,1,1
1,chain3,f32,262144,glibc_t2,P5,10,2,1,1111008.00,771.0000,0.0000,0.0,1113000.0,3.000,3145728.0,0.000,0,0,3145728,3,0,0,0,1,1
1,chain3,f32,262144,glibc_t2,P6,10,3,1,485915.00,257.0000,0.0000,0.0,489000.0,1.000,1048576.0,0.000,0,0,1048576,1,2,0,0,1,1
1,chain3,f32,262144,glibc_t2,FIXED_TWIN,11,0,1,514568.00,257.0000,0.0000,0.0,517000.0,1.000,1048576.0,0.000,0,0,1048576,1,1,1,0,1,1
1,chain3,f32,262144,glibc_t2,P5,11,1,1,1090978.00,771.0000,0.0000,0.0,1093000.0,3.000,3145728.0,0.000,0,0,3145728,3,0,0,0,1,1
1,chain3,f32,262144,glibc_t2,P6,11,2,1,483565.00,257.0000,0.0000,0.0,485000.0,1.000,1048576.0,0.000,0,0,1048576,1,2,0,0,1,1
1,chain3,f32,262144,glibc_t2,P7,11,3,1,426548.00,257.0000,0.0000,0.0,429000.0,1.000,1048576.0,0.000,0,0,1048576,1,1,1,0,1,1
1,chain3,f32,262144,glibc_t2,P5,12,0,1,1090373.00,771.0000,0.0000,0.0,1093000.0,3.000,3145728.0,0.000,0,0,3145728,3,0,0,0,1,1
1,chain3,f32,262144,glibc_t2,P6,12,1,1,451156.00,257.0000,0.0000,453000.0,0.0,1.000,1048576.0,0.000,0,0,1048576,1,2,0,0,1,1
1,chain3,f32,262144,glibc_t2,P7,12,2,1,468833.00,257.0000,0.0000,470000.0,0.0,1.000,1048576.0,0.000,0,0,1048576,1,1,1,0,1,1
1,chain3,f32,262144,glibc_t2,FIXED_TWIN,12,3,1,465780.00,257.0000,0.0000,332000.0,137000.0,1.000,1048576.0,0.000,0,0,1048576,1,1,1,0,1,1
1,chain3,f32,262144,glibc_t2,P6,13,0,1,452720.00,257.0000,0.0000,0.0,455000.0,1.000,1048576.0,0.000,0,0,1048576,1,2,0,0,1,1
1,chain3,f32,262144,glibc_t2,P7,13,1,1,444859.00,257.0000,0.0000,0.0,447000.0,1.000,1048576.0,0.000,0,0,1048576,1,1,1,0,1,1
1,chain3,f32,262144,glibc_t2,FIXED_TWIN,13,2,1,454932.00,257.0000,0.0000,0.0,457000.0,1.000,1048576.0,0.000,0,0,1048576,1,1,1,0,1,1
1,chain3,f32,262144,glibc_t2,P5,13,3,1,1052571.00,771.0000,0.0000,0.0,1056000.0,3.000,3145728.0,0.000,0,0,3145728,3,0,0,0,1,1
1,chain3,f32,262144,glibc_t2,P7,14,0,1,429578.00,257.0000,0.0000,0.0,432000.0,1.000,1048576.0,0.000,0,0,1048576,1,1,1,0,1,1
1,chain3,f32,262144,glibc_t2,FIXED_TWIN,14,1,1,594380.00,257.0000,0.0000,598000.0,0.0,1.000,1048576.0,0.000,0,0,1048576,1,1,1,0,1,1
1,chain3,f32,262144,glibc_t2,P5,14,2,1,1104883.00,771.0000,0.0000,1108000.0,0.0,3.000,3145728.0,0.000,0,0,3145728,3,0,0,0,1,1
1,chain3,f32,262144,glibc_t2,P6,14,3,1,510841.00,257.0000,0.0000,0.0,514000.0,1.000,1048576.0,0.000,0,0,1048576,1,2,0,0,1,1
1,chain3,f32,1048576,glibc_t2,P5,0,0,1,4594429.00,3075.0000,0.0000,4274000.0,324000.0,3.000,12582912.0,0.000,0,0,12582912,3,0,0,0,1,1
1,chain3,f32,1048576,glibc_t2,P6,0,1,1,1988853.00,1025.0000,0.0000,706000.0,1288000.0,1.000,4194304.0,0.000,0,0,4194304,1,2,0,0,1,1
1,chain3,f32,1048576,glibc_t2,P7,0,2,1,1834521.00,1025.0000,0.0000,1838000.0,0.0,1.000,4194304.0,0.000,0,0,4194304,1,1,1,0,1,1
1,chain3,f32,1048576,glibc_t2,FIXED_TWIN,0,3,1,1850324.00,1025.0000,0.0000,0.0,1853000.0,1.000,4194304.0,0.000,0,0,4194304,1,1,1,0,1,1
1,chain3,f32,1048576,glibc_t2,P6,1,0,1,1960709.00,1025.0000,0.0000,899000.0,1064000.0,1.000,4194304.0,0.000,0,0,4194304,1,2,0,0,1,1
1,chain3,f32,1048576,glibc_t2,P7,1,1,1,1827139.00,1025.0000,0.0000,472000.0,1358000.0,1.000,4194304.0,0.000,0,0,4194304,1,1,1,0,1,1
1,chain3,f32,1048576,glibc_t2,FIXED_TWIN,1,2,1,1838489.00,1025.0000,0.0000,0.0,1842000.0,1.000,4194304.0,0.000,0,0,4194304,1,1,1,0,1,1
1,chain3,f32,1048576,glibc_t2,P5,1,3,1,5092255.00,3075.0000,0.0000,0.0,5095000.0,3.000,12582912.0,0.000,0,0,12582912,3,0,0,0,1,1
1,chain3,f32,1048576,glibc_t2,P7,2,0,1,1828920.00,1025.0000,0.0000,839000.0,993000.0,1.000,4194304.0,0.000,0,0,4194304,1,1,1,0,1,1
1,chain3,f32,1048576,glibc_t2,FIXED_TWIN,2,1,1,1787003.00,1025.0000,0.0000,493000.0,1297000.0,1.000,4194304.0,0.000,0,0,4194304,1,1,1,0,1,1
1,chain3,f32,1048576,glibc_t2,P5,2,2,1,4696758.00,3075.0000,0.0000,1139000.0,3561000.0,3.000,12582912.0,0.000,0,0,12582912,3,0,0,0,1,1
1,chain3,f32,1048576,glibc_t2,P6,2,3,1,1987694.00,1025.0000,0.0000,662000.0,1329000.0,1.000,4194304.0,0.000,0,0,4194304,1,2,0,0,1,1
1,chain3,f32,1048576,glibc_t2,FIXED_TWIN,3,0,1,1833452.00,1025.0000,0.0000,1836000.0,0.0,1.000,4194304.0,0.000,0,0,4194304,1,1,1,0,1,1
1,chain3,f32,1048576,glibc_t2,P5,3,1,1,4598084.00,3075.0000,0.0000,275000.0,4325000.0,3.000,12582912.0,0.000,0,0,12582912,3,0,0,0,1,1
1,chain3,f32,1048576,glibc_t2,P6,3,2,1,2007586.00,1025.0000,0.0000,2010000.0,0.0,1.000,4194304.0,0.000,0,0,4194304,1,2,0,0,1,1
1,chain3,f32,1048576,glibc_t2,P7,3,3,1,1847766.00,1025.0000,0.0000,848000.0,1003000.0,1.000,4194304.0,0.000,0,0,4194304,1,1,1,0,1,1
1,chain3,f32,1048576,glibc_t2,P5,4,0,1,4759884.00,3075.0000,0.0000,3611000.0,1151000.0,3.000,12582912.0,0.000,0,0,12582912,3,0,0,0,1,1
1,chain3,f32,1048576,glibc_t2,P6,4,1,1,2006566.00,1025.0000,0.0000,1188000.0,821000.0,1.000,4194304.0,0.000,0,0,4194304,1,2,0,0,1,1
1,chain3,f32,1048576,glibc_t2,P7,4,2,1,1844039.00,1025.0000,0.0000,1846000.0,0.0,1.000,4194304.0,0.000,0,0,4194304,1,1,1,0,1,1
1,chain3,f32,1048576,glibc_t2,FIXED_TWIN,4,3,1,1845018.00,1025.0000,0.0000,1848000.0,0.0,1.000,4194304.0,0.000,0,0,4194304,1,1,1,0,1,1
1,chain3,f32,1048576,glibc_t2,P6,5,0,1,1966594.00,1025.0000,0.0000,1969000.0,0.0,1.000,4194304.0,0.000,0,0,4194304,1,2,0,0,1,1
1,chain3,f32,1048576,glibc_t2,P7,5,1,1,1819209.00,1025.0000,0.0000,834000.0,988000.0,1.000,4194304.0,0.000,0,0,4194304,1,1,1,0,1,1
1,chain3,f32,1048576,glibc_t2,FIXED_TWIN,5,2,1,1836796.00,1025.0000,0.0000,0.0,1839000.0,1.000,4194304.0,0.000,0,0,4194304,1,1,1,0,1,1
1,chain3,f32,1048576,glibc_t2,P5,5,3,1,4948211.00,3075.0000,0.0000,0.0,4951000.0,3.000,12582912.0,0.000,0,0,12582912,3,0,0,0,1,1
1,chain3,f32,1048576,glibc_t2,P7,6,0,1,1837934.00,1025.0000,0.0000,0.0,1840000.0,1.000,4194304.0,0.000,0,0,4194304,1,1,1,0,1,1
1,chain3,f32,1048576,glibc_t2,FIXED_TWIN,6,1,1,1811454.00,1025.0000,0.0000,0.0,1814000.0,1.000,4194304.0,0.000,0,0,4194304,1,1,1,0,1,1
1,chain3,f32,1048576,glibc_t2,P5,6,2,1,4560179.00,3075.0000,0.0000,258000.0,4305000.0,3.000,12582912.0,0.000,0,0,12582912,3,0,0,0,1,1
1,chain3,f32,1048576,glibc_t2,P6,6,3,1,1976020.00,1025.0000,0.0000,1224000.0,753000.0,1.000,4194304.0,0.000,0,0,4194304,1,2,0,0,1,1
1,chain3,f32,1048576,glibc_t2,FIXED_TWIN,7,0,1,1788573.00,1025.0000,0.0000,446000.0,1346000.0,1.000,4194304.0,0.000,0,0,4194304,1,1,1,0,1,1
1,chain3,f32,1048576,glibc_t2,P5,7,1,1,4534101.00,3075.0000,0.0000,4245000.0,291000.0,3.000,12582912.0,0.000,0,0,12582912,3,0,0,0,1,1
1,chain3,f32,1048576,glibc_t2,P6,7,2,1,1988996.00,1025.0000,0.0000,661000.0,1332000.0,1.000,4194304.0,0.000,0,0,4194304,1,2,0,0,1,1
1,chain3,f32,1048576,glibc_t2,P7,7,3,1,1840452.00,1025.0000,0.0000,0.0,1843000.0,1.000,4194304.0,0.000,0,0,4194304,1,1,1,0,1,1
1,chain3,f32,1048576,glibc_t2,P5,8,0,1,4601002.00,3075.0000,0.0000,276000.0,4327000.0,3.000,12582912.0,0.000,0,0,12582912,3,0,0,0,1,1
1,chain3,f32,1048576,glibc_t2,P6,8,1,1,2009151.00,1025.0000,0.0000,0.0,2012000.0,1.000,4194304.0,0.000,0,0,4194304,1,2,0,0,1,1
1,chain3,f32,1048576,glibc_t2,P7,8,2,1,1787690.00,1025.0000,0.0000,820000.0,970000.0,1.000,4194304.0,0.000,0,0,4194304,1,1,1,0,1,1
1,chain3,f32,1048576,glibc_t2,FIXED_TWIN,8,3,1,1804484.00,1025.0000,0.0000,464000.0,1343000.0,1.000,4194304.0,0.000,0,0,4194304,1,1,1,0,1,1
1,chain3,f32,1048576,glibc_t2,P6,9,0,1,1978396.00,1025.0000,0.0000,1981000.0,0.0,1.000,4194304.0,0.000,0,0,4194304,1,2,0,0,1,1
1,chain3,f32,1048576,glibc_t2,P7,9,1,1,1837571.00,1025.0000,0.0000,0.0,1840000.0,1.000,4194304.0,0.000,0,0,4194304,1,1,1,0,1,1
1,chain3,f32,1048576,glibc_t2,FIXED_TWIN,9,2,1,1811599.00,1025.0000,0.0000,831000.0,984000.0,1.000,4194304.0,0.000,0,0,4194304,1,1,1,0,1,1
1,chain3,f32,1048576,glibc_t2,P5,9,3,1,4886727.00,3075.0000,0.0000,0.0,4889000.0,3.000,12582912.0,0.000,0,0,12582912,3,0,0,0,1,1
1,chain3,f32,1048576,glibc_t2,P7,10,0,1,1797569.00,1025.0000,0.0000,1058000.0,742000.0,1.000,4194304.0,0.000,0,0,4194304,1,1,1,0,1,1
1,chain3,f32,1048576,glibc_t2,FIXED_TWIN,10,1,1,1834004.00,1025.0000,0.0000,1838000.0,0.0,1.000,4194304.0,0.000,0,0,4194304,1,1,1,0,1,1
1,chain3,f32,1048576,glibc_t2,P5,10,2,1,4538411.00,3075.0000,0.0000,242000.0,4287000.0,3.000,12582912.0,0.000,0,0,12582912,3,0,0,0,1,1
1,chain3,f32,1048576,glibc_t2,P6,10,3,1,2003399.00,1025.0000,0.0000,2007000.0,0.0,1.000,4194304.0,0.000,0,0,4194304,1,2,0,0,1,1
1,chain3,f32,1048576,glibc_t2,FIXED_TWIN,11,0,1,1879096.00,1025.0000,0.0000,1882000.0,0.0,1.000,4194304.0,0.000,0,0,4194304,1,1,1,0,1,1
1,chain3,f32,1048576,glibc_t2,P5,11,1,1,4760997.00,3075.0000,0.0000,0.0,4764000.0,3.000,12582912.0,0.000,0,0,12582912,3,0,0,0,1,1
1,chain3,f32,1048576,glibc_t2,P6,11,2,1,1956813.00,1025.0000,0.0000,0.0,1959000.0,1.000,4194304.0,0.000,0,0,4194304,1,2,0,0,1,1
1,chain3,f32,1048576,glibc_t2,P7,11,3,1,1767857.00,1025.0000,0.0000,0.0,1771000.0,1.000,4194304.0,0.000,0,0,4194304,1,1,1,0,1,1
1,chain3,f32,1048576,glibc_t2,P5,12,0,1,4527332.00,3075.0000,0.0000,4243000.0,288000.0,3.000,12582912.0,0.000,0,0,12582912,3,0,0,0,1,1
1,chain3,f32,1048576,glibc_t2,P6,12,1,1,1971404.00,1025.0000,0.0000,620000.0,1354000.0,1.000,4194304.0,0.000,0,0,4194304,1,2,0,0,1,1
1,chain3,f32,1048576,glibc_t2,P7,12,2,1,1849544.00,1025.0000,0.0000,1852000.0,0.0,1.000,4194304.0,0.000,0,0,4194304,1,1,1,0,1,1
1,chain3,f32,1048576,glibc_t2,FIXED_TWIN,12,3,1,1811012.00,1025.0000,0.0000,1814000.0,0.0,1.000,4194304.0,0.000,0,0,4194304,1,1,1,0,1,1
1,chain3,f32,1048576,glibc_t2,P6,13,0,1,1949848.00,1025.0000,0.0000,1953000.0,0.0,1.000,4194304.0,0.000,0,0,4194304,1,2,0,0,1,1
1,chain3,f32,1048576,glibc_t2,P7,13,1,1,1793200.00,1025.0000,0.0000,822000.0,974000.0,1.000,4194304.0,0.000,0,0,4194304,1,1,1,0,1,1
1,chain3,f32,1048576,glibc_t2,FIXED_TWIN,13,2,1,1830355.00,1025.0000,0.0000,1834000.0,0.0,1.000,4194304.0,0.000,0,0,4194304,1,1,1,0,1,1
1,chain3,f32,1048576,glibc_t2,P5,13,3,1,5004856.00,3075.0000,0.0000,0.0,5007000.0,3.000,12582912.0,0.000,0,0,12582912,3,0,0,0,1,1
1,chain3,f32,1048576,glibc_t2,P7,14,0,1,1841468.00,1025.0000,0.0000,0.0,1845000.0,1.000,4194304.0,0.000,0,0,4194304,1,1,1,0,1,1
1,chain3,f32,1048576,glibc_t2,FIXED_TWIN,14,1,1,1789711.00,1025.0000,0.0000,0.0,1792000.0,1.000,4194304.0,0.000,0,0,4194304,1,1,1,0,1,1
1,chain3,f32,1048576,glibc_t2,P5,14,2,1,4573496.00,3075.0000,0.0000,0.0,4576000.0,3.000,12582912.0,0.000,0,0,12582912,3,0,0,0,1,1
1,chain3,f32,1048576,glibc_t2,P6,14,3,1,2003304.00,1025.0000,0.0000,918000.0,1088000.0,1.000,4194304.0,0.000,0,0,4194304,1,2,0,0,1,1
1,chain3,f32,4194304,glibc_t2,P5,0,0,1,26936599.00,12291.0000,0.0000,3516000.0,23425000.0,3.000,50331648.0,0.000,0,0,50331648,3,0,0,0,1,1
1,chain3,f32,4194304,glibc_t2,P6,0,1,1,10804187.00,4097.0000,0.0000,7455000.0,3354000.0,1.000,16777216.0,0.000,0,0,16777216,1,2,0,0,1,1
1,chain3,f32,4194304,glibc_t2,P7,0,2,1,9836149.00,4097.0000,0.0000,9840000.0,0.0,1.000,16777216.0,0.000,0,0,16777216,1,1,1,0,1,1
1,chain3,f32,4194304,glibc_t2,FIXED_TWIN,0,3,1,10015629.00,4097.0000,0.0000,8925000.0,1095000.0,1.000,16777216.0,0.000,0,0,16777216,1,1,1,0,1,1
1,chain3,f32,4194304,glibc_t2,P6,1,0,1,10886162.00,4097.0000,0.0000,10547000.0,344000.0,1.000,16777216.0,0.000,0,0,16777216,1,2,0,0,1,1
1,chain3,f32,4194304,glibc_t2,P7,1,1,1,10025157.00,4097.0000,0.0000,4929000.0,5100000.0,1.000,16777216.0,0.000,0,0,16777216,1,1,1,0,1,1
1,chain3,f32,4194304,glibc_t2,FIXED_TWIN,1,2,1,9989652.00,4097.0000,0.0000,7080000.0,2913000.0,1.000,16777216.0,0.000,0,0,16777216,1,1,1,0,1,1
1,chain3,f32,4194304,glibc_t2,P5,1,3,1,28703265.00,12291.0000,0.0000,325000.0,28383000.0,3.000,50331648.0,0.000,0,0,50331648,3,0,0,0,1,1
1,chain3,f32,4194304,glibc_t2,P7,2,0,1,11444122.00,4097.0000,0.0000,7937000.0,3513000.0,1.000,16777216.0,0.000,0,0,16777216,1,1,1,0,1,1
1,chain3,f32,4194304,glibc_t2,FIXED_TWIN,2,1,1,10611633.00,4097.0000,0.0000,7365000.0,3250000.0,1.000,16777216.0,0.000,0,0,16777216,1,1,1,0,1,1
1,chain3,f32,4194304,glibc_t2,P5,2,2,1,29356132.00,12291.0000,0.0000,0.0,29361000.0,3.000,50331648.0,0.000,0,0,50331648,3,0,0,0,1,1
1,chain3,f32,4194304,glibc_t2,P6,2,3,1,11318882.00,4097.0000,0.0000,3690000.0,7634000.0,1.000,16777216.0,0.000,0,0,16777216,1,2,0,0,1,1
1,chain3,f32,4194304,glibc_t2,FIXED_TWIN,3,0,1,10093690.00,4097.0000,0.0000,4963000.0,5139000.0,1.000,16777216.0,0.000,0,0,16777216,1,1,1,0,1,1
1,chain3,f32,4194304,glibc_t2,P5,3,1,1,27995796.00,12291.0000,0.0000,4000000.0,23999000.0,3.000,50331648.0,0.000,0,0,50331648,3,0,0,0,1,1
1,chain3,f32,4194304,glibc_t2,P6,3,2,1,11264206.00,4097.0000,0.0000,3665000.0,7604000.0,1.000,16777216.0,0.000,0,0,16777216,1,2,0,0,1,1
1,chain3,f32,4194304,glibc_t2,P7,3,3,1,10467804.00,4097.0000,0.0000,9132000.0,1339000.0,1.000,16777216.0,0.000,0,0,16777216,1,1,1,0,1,1
1,chain3,f32,4194304,glibc_t2,P5,4,0,1,27818205.00,12291.0000,0.0000,9751000.0,18071000.0,3.000,50331648.0,0.000,0,0,50331648,3,0,0,0,1,1
1,chain3,f32,4194304,glibc_t2,P6,4,1,1,11411740.00,4097.0000,0.0000,11417000.0,0.0,1.000,16777216.0,0.000,0,0,16777216,1,2,0,0,1,1
1,chain3,f32,4194304,glibc_t2,P7,4,2,1,10185437.00,4097.0000,0.0000,3171000.0,7019000.0,1.000,16777216.0,0.000,0,0,16777216,1,1,1,0,1,1
1,chain3,f32,4194304,glibc_t2,FIXED_TWIN,4,3,1,10563208.00,4097.0000,0.0000,3344000.0,7225000.0,1.000,16777216.0,0.000,0,0,16777216,1,1,1,0,1,1
1,chain3,f32,4194304,glibc_t2,P6,5,0,1,10931143.00,4097.0000,0.0000,7512000.0,3424000.0,1.000,16777216.0,0.000,0,0,16777216,1,2,0,0,1,1
1,chain3,f32,4194304,glibc_t2,P7,5,1,1,10124042.00,4097.0000,0.0000,7142000.0,2986000.0,1.000,16777216.0,0.000,0,0,16777216,1,1,1,0,1,1
1,chain3,f32,4194304,glibc_t2,FIXED_TWIN,5,2,1,9986724.00,4097.0000,0.0000,913000.0,9078000.0,1.000,16777216.0,0.000,0,0,16777216,1,1,1,0,1,1
1,chain3,f32,4194304,glibc_t2,P5,5,3,1,28735396.00,12291.0000,0.0000,6506000.0,22234000.0,3.000,50331648.0,0.000,0,0,50331648,3,0,0,0,1,1
1,chain3,f32,4194304,glibc_t2,P7,6,0,1,11735078.00,4097.0000,0.0000,7881000.0,3860000.0,1.000,16777216.0,0.000,0,0,16777216,1,1,1,0,1,1
1,chain3,f32,4194304,glibc_t2,FIXED_TWIN,6,1,1,10628764.00,4097.0000,0.0000,1207000.0,9426000.0,1.000,16777216.0,0.000,0,0,16777216,1,1,1,0,1,1
1,chain3,f32,4194304,glibc_t2,P5,6,2,1,28479714.00,12291.0000,0.0000,4223000.0,24262000.0,3.000,50331648.0,0.000,0,0,50331648,3,0,0,0,1,1
1,chain3,f32,4194304,glibc_t2,P6,6,3,1,11393294.00,4097.0000,0.0000,7724000.0,3673000.0,1.000,16777216.0,0.000,0,0,16777216,1,2,0,0,1,1
1,chain3,f32,4194304,glibc_t2,FIXED_TWIN,7,0,1,10077323.00,4097.0000,0.0000,4954000.0,5128000.0,1.000,16777216.0,0.000,0,0,16777216,1,1,1,0,1,1
1,chain3,f32,4194304,glibc_t2,P5,7,1,1,27964163.00,12291.0000,0.0000,0.0,27968000.0,3.000,50331648.0,0.000,0,0,50331648,3,0,0,0,1,1
1,chain3,f32,4194304,glibc_t2,P6,7,2,1,11220684.00,4097.0000,0.0000,3646000.0,7580000.0,1.000,16777216.0,0.000,0,0,16777216,1,2,0,0,1,1
1,chain3,f32,4194304,glibc_t2,P7,7,3,1,10544651.00,4097.0000,0.0000,7335000.0,3215000.0,1.000,16777216.0,0.000,0,0,16777216,1,1,1,0,1,1
1,chain3,f32,4194304,glibc_t2,P5,8,0,1,28228004.00,12291.0000,0.0000,12107000.0,16126000.0,3.000,50331648.0,0.000,0,0,50331648,3,0,0,0,1,1
1,chain3,f32,4194304,glibc_t2,P6,8,1,1,11998562.00,4097.0000,0.0000,8002000.0,4002000.0,1.000,16777216.0,0.000,0,0,16777216,1,2,0,0,1,1
1,chain3,f32,4194304,glibc_t2,P7,8,2,1,10503052.00,4097.0000,0.0000,7316000.0,3191000.0,1.000,16777216.0,0.000,0,0,16777216,1,1,1,0,1,1
1,chain3,f32,4194304,glibc_t2,FIXED_TWIN,8,3,1,10488678.00,4097.0000,0.0000,5143000.0,5338000.0,1.000,16777216.0,0.000,0,0,16777216,1,1,1,0,1,1
1,chain3,f32,4194304,glibc_t2,P6,9,0,1,11284877.00,4097.0000,0.0000,7674000.0,3616000.0,1.000,16777216.0,0.000,0,0,16777216,1,2,0,0,1,1
1,chain3,f32,4194304,glibc_t2,P7,9,1,1,10611271.00,4097.0000,0.0000,3365000.0,7250000.0,1.000,16777216.0,0.000,0,0,16777216,1,1,1,0,1,1
1,chain3,f32,4194304,glibc_t2,FIXED_TWIN,9,2,1,10505498.00,4097.0000,0.0000,5152000.0,5359000.0,1.000,16777216.0,0.000,0,0,16777216,1,1,1,0,1,1
1,chain3,f32,4194304,glibc_t2,P5,9,3,1,28996519.00,12291.0000,0.0000,8460000.0,20542000.0,3.000,50331648.0,0.000,0,0,50331648,3,0,0,0,1,1
1,chain3,f32,4194304,glibc_t2,P7,10,0,1,11579808.00,4097.0000,0.0000,7809000.0,3775000.0,1.000,16777216.0,0.000,0,0,16777216,1,1,1,0,1,1
1,chain3,f32,4194304,glibc_t2,FIXED_TWIN,10,1,1,10455730.00,4097.0000,0.0000,10451000.0,0.0,1.000,16777216.0,0.000,0,0,16777216,1,1,1,0,1,1
1,chain3,f32,4194304,glibc_t2,P5,10,2,1,27631661.00,12291.0000,0.0000,11823000.0,15753000.0,3.000,50331648.0,0.000,0,0,50331648,3,0,0,0,1,1
1,chain3,f32,4194304,glibc_t2,P6,10,3,1,11660117.00,4097.0000,0.0000,7846000.0,3819000.0,1.000,16777216.0,0.000,0,0,16777216,1,2,0,0,1,1
1,chain3,f32,4194304,glibc_t2,FIXED_TWIN,11,0,1,10262238.00,4097.0000,0.0000,7205000.0,3061000.0,1.000,16777216.0,0.000,0,0,16777216,1,1,1,0,1,1
1,chain3,f32,4194304,glibc_t2,P5,11,1,1,27688867.00,12291.0000,0.0000,7827000.0,19833000.0,3.000,50331648.0,0.000,0,0,50331648,3,0,0,0,1,1
1,chain3,f32,4194304,glibc_t2,P6,11,2,1,11042087.00,4097.0000,0.0000,5397000.0,5649000.0,1.000,16777216.0,0.000,0,0,16777216,1,2,0,0,1,1
1,chain3,f32,4194304,glibc_t2,P7,11,3,1,10269319.00,4097.0000,0.0000,5043000.0,5231000.0,1.000,16777216.0,0.000,0,0,16777216,1,1,1,0,1,1
1,chain3,f32,4194304,glibc_t2,P5,12,0,1,28138691.00,12291.0000,0.0000,4065000.0,24077000.0,3.000,50331648.0,0.000,0,0,50331648,3,0,0,0,1,1
1,chain3,f32,4194304,glibc_t2,P6,12,1,1,11331390.00,4097.0000,0.0000,3695000.0,7641000.0,1.000,16777216.0,0.000,0,0,16777216,1,2,0,0,1,1
1,chain3,f32,4194304,glibc_t2,P7,12,2,1,10707582.00,4097.0000,0.0000,3410000.0,7303000.0,1.000,16777216.0,0.000,0,0,16777216,1,1,1,0,1,1
1,chain3,f32,4194304,glibc_t2,FIXED_TWIN,12,3,1,10193043.00,4097.0000,0.0000,7173000.0,3024000.0,1.000,16777216.0,0.000,0,0,16777216,1,1,1,0,1,1
1,chain3,f32,4194304,glibc_t2,P6,13,0,1,10994790.00,4097.0000,0.0000,3541000.0,7458000.0,1.000,16777216.0,0.000,0,0,16777216,1,2,0,0,1,1
1,chain3,f32,4194304,glibc_t2,P7,13,1,1,10443225.00,4097.0000,0.0000,3305000.0,7142000.0,1.000,16777216.0,0.000,0,0,16777216,1,1,1,0,1,1
1,chain3,f32,4194304,glibc_t2,FIXED_TWIN,13,2,1,10764725.00,4097.0000,0.0000,3436000.0,7335000.0,1.000,16777216.0,0.000,0,0,16777216,1,1,1,0,1,1
1,chain3,f32,4194304,glibc_t2,P5,13,3,1,29287326.00,12291.0000,0.0000,2758000.0,26534000.0,3.000,50331648.0,0.000,0,0,50331648,3,0,0,0,1,1
1,chain3,f32,4194304,glibc_t2,P7,14,0,1,11393039.00,4097.0000,0.0000,0.0,11398000.0,1.000,16777216.0,0.000,0,0,16777216,1,1,1,0,1,1
1,chain3,f32,4194304,glibc_t2,FIXED_TWIN,14,1,1,11152882.00,4097.0000,0.0000,7614000.0,3545000.0,1.000,16777216.0,0.000,0,0,16777216,1,1,1,0,1,1
1,chain3,f32,4194304,glibc_t2,P5,14,2,1,28579645.00,12291.0000,0.0000,8268000.0,20316000.0,3.000,50331648.0,0.000,0,0,50331648,3,0,0,0,1,1
1,chain3,f32,4194304,glibc_t2,P6,14,3,1,11259051.00,4097.0000,0.0000,11264000.0,0.0,1.000,16777216.0,0.000,0,0,16777216,1,2,0,0,1,1
1,chain3,f32,16777216,glibc_t2,P5,0,0,1,122052223.00,49155.0000,0.0000,35111000.0,86946000.0,3.000,201326592.0,0.000,0,0,201326592,3,0,0,0,1,1
1,chain3,f32,16777216,glibc_t2,P6,0,1,1,64442643.00,16385.0000,0.0000,42362000.0,22077000.0,1.000,67108864.0,0.000,0,0,67108864,1,2,0,0,1,1
1,chain3,f32,16777216,glibc_t2,P7,0,2,1,56333062.00,16385.0000,0.0000,32155000.0,24184000.0,1.000,67108864.0,0.000,0,0,67108864,1,1,1,0,1,1
1,chain3,f32,16777216,glibc_t2,FIXED_TWIN,0,3,1,53927702.00,16385.0000,0.0000,31047000.0,22876000.0,1.000,67108864.0,0.000,0,0,67108864,1,1,1,0,1,1
1,chain3,f32,16777216,glibc_t2,P6,1,0,1,63879916.00,16385.0000,0.0000,27948000.0,35939000.0,1.000,67108864.0,0.000,0,0,67108864,1,2,0,0,1,1
1,chain3,f32,16777216,glibc_t2,P7,1,1,1,55074467.00,16385.0000,0.0000,43576000.0,11505000.0,1.000,67108864.0,0.000,0,0,67108864,1,1,1,0,1,1
1,chain3,f32,16777216,glibc_t2,FIXED_TWIN,1,2,1,54285254.00,16385.0000,0.0000,43214000.0,11079000.0,1.000,67108864.0,0.000,0,0,67108864,1,1,1,0,1,1
1,chain3,f32,16777216,glibc_t2,P5,1,3,1,120940417.00,49155.0000,0.0000,40437000.0,80455000.0,3.000,201326592.0,0.000,0,0,201326592,3,0,0,0,1,1
1,chain3,f32,16777216,glibc_t2,P7,2,0,1,54999205.00,16385.0000,0.0000,19544000.0,35425000.0,1.000,67108864.0,0.000,0,0,67108864,1,1,1,0,1,1
1,chain3,f32,16777216,glibc_t2,FIXED_TWIN,2,1,1,56794640.00,16385.0000,0.0000,44368000.0,12394000.0,1.000,67108864.0,0.000,0,0,67108864,1,1,1,0,1,1
1,chain3,f32,16777216,glibc_t2,P5,2,2,1,117878057.00,49155.0000,0.0000,32867000.0,84999000.0,3.000,201326592.0,0.000,0,0,201326592,3,0,0,0,1,1
1,chain3,f32,16777216,glibc_t2,P6,2,3,1,60944065.00,16385.0000,0.0000,36438000.0,24514000.0,1.000,67108864.0,0.000,0,0,67108864,1,2,0,0,1,1
1,chain3,f32,16777216,glibc_t2,FIXED_TWIN,3,0,1,52561564.00,16385.0000,0.0000,24261000.0,28307000.0,1.000,67108864.0,0.000,0,0,67108864,1,1,1,0,1,1
1,chain3,f32,16777216,glibc_t2,P5,3,1,1,123909046.00,49155.0000,0.0000,19963000.0,103952000.0,3.000,201326592.0,0.000,0,0,201326592,3,0,0,0,1,1
1,chain3,f32,16777216,glibc_t2,P6,3,2,1,62732340.00,16385.0000,0.0000,35420000.0,27319000.0,1.000,67108864.0,0.000,0,0,67108864,1,2,0,0,1,1
1,chain3,f32,16777216,glibc_t2,P7,3,3,1,53091373.00,16385.0000,0.0000,26665000.0,26433000.0,1.000,67108864.0,0.000,0,0,67108864,1,1,1,0,1,1
1,chain3,f32,16777216,glibc_t2,P5,4,0,1,119079481.00,49155.0000,0.0000,39580000.0,79506000.0,3.000,201326592.0,0.000,0,0,201326592,3,0,0,0,1,1
1,chain3,f32,16777216,glibc_t2,P6,4,1,1,66266789.00,16385.0000,0.0000,43205000.0,23069000.0,1.000,67108864.0,0.000,0,0,67108864,1,2,0,0,1,1
1,chain3,f32,16777216,glibc_t2,P7,4,2,1,56370892.00,16385.0000,0.0000,28174000.0,28204000.0,1.000,67108864.0,0.000,0,0,67108864,1,1,1,0,1,1
1,chain3,f32,16777216,glibc_t2,FIXED_TWIN,4,3,1,54770882.00,16385.0000,0.0000,31437000.0,23341000.0,1.000,67108864.0,0.000,0,0,67108864,1,1,1,0,1,1
1,chain3,f32,16777216,glibc_t2,P6,5,0,1,68277780.00,16385.0000,0.0000,32131000.0,36073000.0,1.000,67108864.0,0.000,0,0,67108864,1,2,0,0,1,1
1,chain3,f32,16777216,glibc_t2,P7,5,1,1,54777194.00,16385.0000,0.0000,29283000.0,25500000.0,1.000,67108864.0,0.000,0,0,67108864,1,1,1,0,1,1
1,chain3,f32,16777216,glibc_t2,FIXED_TWIN,5,2,1,57488114.00,16385.0000,0.0000,26831000.0,30633000.0,1.000,67108864.0,0.000,0,0,67108864,1,1,1,0,1,1
1,chain3,f32,16777216,glibc_t2,P5,5,3,1,114912754.00,49155.0000,0.0000,39502000.0,75416000.0,3.000,201326592.0,0.000,0,0,201326592,3,0,0,0,1,1
1,chain3,f32,16777216,glibc_t2,P7,6,0,1,52705174.00,16385.0000,0.0000,30474000.0,22228000.0,1.000,67108864.0,0.000,0,0,67108864,1,1,1,0,1,1
1,chain3,f32,16777216,glibc_t2,FIXED_TWIN,6,1,1,53552384.00,16385.0000,0.0000,40718000.0,12841000.0,1.000,67108864.0,0.000,0,0,67108864,1,1,1,0,1,1
1,chain3,f32,16777216,glibc_t2,P5,6,2,1,118498719.00,49155.0000,0.0000,59168000.0,59050000.0,3.000,201326592.0,0.000,0,0,201326592,3,0,0,0,1,1
1,chain3,f32,16777216,glibc_t2,P6,6,3,1,60070603.00,16385.0000,0.0000,32035000.0,28042000.0,1.000,67108864.0,0.000,0,0,67108864,1,2,0,0,1,1
1,chain3,f32,16777216,glibc_t2,FIXED_TWIN,7,0,1,55307758.00,16385.0000,0.0000,27684000.0,27631000.0,1.000,67108864.0,0.000,0,0,67108864,1,1,1,0,1,1
1,chain3,f32,16777216,glibc_t2,P5,7,1,1,115202254.00,49155.0000,0.0000,19636000.0,95561000.0,3.000,201326592.0,0.000,0,0,201326592,3,0,0,0,1,1
1,chain3,f32,16777216,glibc_t2,P6,7,2,1,58769760.00,16385.0000,0.0000,29282000.0,29495000.0,1.000,67108864.0,0.000,0,0,67108864,1,2,0,0,1,1
1,chain3,f32,16777216,glibc_t2,P7,7,3,1,52145591.00,16385.0000,0.0000,24071000.0,28081000.0,1.000,67108864.0,0.000,0,0,67108864,1,1,1,0,1,1
1,chain3,f32,16777216,glibc_t2,P5,8,0,1,115668763.00,49155.0000,0.0000,27851000.0,87823000.0,3.000,201326592.0,0.000,0,0,201326592,3,0,0,0,1,1
1,chain3,f32,16777216,glibc_t2,P6,8,1,1,64751313.00,16385.0000,0.0000,36350000.0,28409000.0,1.000,67108864.0,0.000,0,0,67108864,1,2,0,0,1,1
1,chain3,f32,16777216,glibc_t2,P7,8,2,1,53585377.00,16385.0000,0.0000,30888000.0,22705000.0,1.000,67108864.0,0.000,0,0,67108864,1,1,1,0,1,1
1,chain3,f32,16777216,glibc_t2,FIXED_TWIN,8,3,1,54471260.00,16385.0000,0.0000,35296000.0,19171000.0,1.000,67108864.0,0.000,0,0,67108864,1,1,1,0,1,1
1,chain3,f32,16777216,glibc_t2,P6,9,0,1,59836510.00,16385.0000,0.0000,47876000.0,11918000.0,1.000,67108864.0,0.000,0,0,67108864,1,2,0,0,1,1
1,chain3,f32,16777216,glibc_t2,P7,9,1,1,54132760.00,16385.0000,0.0000,32990000.0,21151000.0,1.000,67108864.0,0.000,0,0,67108864,1,1,1,0,1,1
1,chain3,f32,16777216,glibc_t2,FIXED_TWIN,9,2,1,52785734.00,16385.0000,0.0000,16367000.0,36425000.0,1.000,67108864.0,0.000,0,0,67108864,1,1,1,0,1,1
1,chain3,f32,16777216,glibc_t2,P5,9,3,1,116210059.00,49155.0000,0.0000,36090000.0,80092000.0,3.000,201326592.0,0.000,0,0,201326592,3,0,0,0,1,1
1,chain3,f32,16777216,glibc_t2,P7,10,0,1,53615840.00,16385.0000,0.0000,28751000.0,24872000.0,1.000,67108864.0,0.000,0,0,67108864,1,1,1,0,1,1
1,chain3,f32,16777216,glibc_t2,FIXED_TWIN,10,1,1,52145497.00,16385.0000,0.0000,28028000.0,24082000.0,1.000,67108864.0,0.000,0,0,67108864,1,1,1,0,1,1
1,chain3,f32,16777216,glibc_t2,P5,10,2,1,116995539.00,49155.0000,0.0000,40464000.0,76537000.0,3.000,201326592.0,0.000,0,0,201326592,3,0,0,0,1,1
1,chain3,f32,16777216,glibc_t2,P6,10,3,1,61422764.00,16385.0000,0.0000,28662000.0,32768000.0,1.000,67108864.0,0.000,0,0,67108864,1,2,0,0,1,1
1,chain3,f32,16777216,glibc_t2,FIXED_TWIN,11,0,1,52930420.00,16385.0000,0.0000,24434000.0,28503000.0,1.000,67108864.0,0.000,0,0,67108864,1,1,1,0,1,1
1,chain3,f32,16777216,glibc_t2,P5,11,1,1,116409511.00,49155.0000,0.0000,24194000.0,92221000.0,3.000,201326592.0,0.000,0,0,201326592,3,0,0,0,1,1
1,chain3,f32,16777216,glibc_t2,P6,11,2,1,58866629.00,16385.0000,0.0000,29329000.0,29544000.0,1.000,67108864.0,0.000,0,0,67108864,1,2,0,0,1,1
1,chain3,f32,16777216,glibc_t2,P7,11,3,1,52645144.00,16385.0000,0.0000,42448000.0,10202000.0,1.000,67108864.0,0.000,0,0,67108864,1,1,1,0,1,1
1,chain3,f32,16777216,glibc_t2,P5,12,0,1,115091553.00,49155.0000,0.0000,29435000.0,85639000.0,3.000,201326592.0,0.000,0,0,201326592,3,0,0,0,1,1
1,chain3,f32,16777216,glibc_t2,P6,12,1,1,61281334.00,16385.0000,0.0000,36581000.0,24687000.0,1.000,67108864.0,0.000,0,0,67108864,1,2,0,0,1,1
1,chain3,f32,16777216,glibc_t2,P7,12,2,1,52317835.00,16385.0000,0.0000,16151000.0,36174000.0,1.000,67108864.0,0.000,0,0,67108864,1,1,1,0,1,1
1,chain3,f32,16777216,glibc_t2,FIXED_TWIN,12,3,1,53137490.00,16385.0000,0.0000,38675000.0,14468000.0,1.000,67108864.0,0.000,0,0,67108864,1,1,1,0,1,1
1,chain3,f32,16777216,glibc_t2,P6,13,0,1,58953173.00,16385.0000,0.0000,27485000.0,31404000.0,1.000,67108864.0,0.000,0,0,67108864,1,2,0,0,1,1
1,chain3,f32,16777216,glibc_t2,P7,13,1,1,52479856.00,16385.0000,0.0000,20226000.0,32261000.0,1.000,67108864.0,0.000,0,0,67108864,1,1,1,0,1,1
1,chain3,f32,16777216,glibc_t2,FIXED_TWIN,13,2,1,52031531.00,16385.0000,0.0000,32018000.0,20022000.0,1.000,67108864.0,0.000,0,0,67108864,1,1,1,0,1,1
1,chain3,f32,16777216,glibc_t2,P5,13,3,1,114529765.00,49155.0000,0.0000,23310000.0,91165000.0,3.000,201326592.0,0.000,0,0,201326592,3,0,0,0,1,1
1,chain3,f32,16777216,glibc_t2,P7,14,0,1,52121935.00,16385.0000,0.0000,36059000.0,16070000.0,1.000,67108864.0,0.000,0,0,67108864,1,1,1,0,1,1
1,chain3,f32,16777216,glibc_t2,FIXED_TWIN,14,1,1,51593699.00,16385.0000,0.0000,35814000.0,15786000.0,1.000,67108864.0,0.000,0,0,67108864,1,1,1,0,1,1
1,chain3,f32,16777216,glibc_t2,P5,14,2,1,115437132.00,49155.0000,0.0000,35742000.0,79700000.0,3.000,201326592.0,0.000,0,0,201326592,3,0,0,0,1,1
1,chain3,f32,16777216,glibc_t2,P6,14,3,1,58254719.00,16385.0000,0.0000,39192000.0,19045000.0,1.000,67108864.0,0.000,0,0,67108864,1,2,0,0,1,1
1,chain3,f32,67108864,glibc_t2,P5,0,0,1,600640999.00,196611.0000,0.0000,109948000.0,490273000.0,3.000,805306368.0,0.000,0,0,805306368,3,0,0,0,1,1
1,chain3,f32,67108864,glibc_t2,P6,0,1,1,235621738.00,65537.0000,0.0000,135829000.0,99798000.0,1.000,268435456.0,0.000,0,0,268435456,1,2,0,0,1,1
1,chain3,f32,67108864,glibc_t2,P7,0,2,1,207364028.00,65537.0000,0.0000,119708000.0,87651000.0,1.000,268435456.0,0.000,0,0,268435456,1,1,1,0,1,1
1,chain3,f32,67108864,glibc_t2,FIXED_TWIN,0,3,1,209108644.00,65537.0000,0.0000,96508000.0,112608000.0,1.000,268435456.0,0.000,0,0,268435456,1,1,1,0,1,1
1,chain3,f32,67108864,glibc_t2,P6,1,0,1,258384638.00,65537.0000,0.0000,130984000.0,126789000.0,1.000,268435456.0,0.000,0,0,268435456,1,2,0,0,1,1
1,chain3,f32,67108864,glibc_t2,P7,1,1,1,211378168.00,65537.0000,0.0000,103707000.0,107543000.0,1.000,268435456.0,0.000,0,0,268435456,1,1,1,0,1,1
1,chain3,f32,67108864,glibc_t2,FIXED_TWIN,1,2,1,205983495.00,65537.0000,0.0000,116810000.0,89072000.0,1.000,268435456.0,0.000,0,0,268435456,1,1,1,0,1,1
1,chain3,f32,67108864,glibc_t2,P5,1,3,1,452350575.00,196611.0000,0.0000,168164000.0,284177000.0,3.000,805306368.0,0.000,0,0,805306368,3,0,0,0,1,1
1,chain3,f32,67108864,glibc_t2,P7,2,0,1,212323956.00,65537.0000,0.0000,116141000.0,96088000.0,1.000,268435456.0,0.000,0,0,268435456,1,1,1,0,1,1
1,chain3,f32,67108864,glibc_t2,FIXED_TWIN,2,1,1,209060946.00,65537.0000,0.0000,104451000.0,104582000.0,1.000,268435456.0,0.000,0,0,268435456,1,1,1,0,1,1
1,chain3,f32,67108864,glibc_t2,P5,2,2,1,444457332.00,196611.0000,0.0000,128206000.0,316233000.0,3.000,805306368.0,0.000,0,0,805306368,3,0,0,0,1,1
1,chain3,f32,67108864,glibc_t2,P6,2,3,1,231610116.00,65537.0000,0.0000,143825000.0,87793000.0,1.000,268435456.0,0.000,0,0,268435456,1,2,0,0,1,1
1,chain3,f32,67108864,glibc_t2,FIXED_TWIN,3,0,1,204475688.00,65537.0000,0.0000,116219000.0,88264000.0,1.000,268435456.0,0.000,0,0,268435456,1,1,1,0,1,1
1,chain3,f32,67108864,glibc_t2,P5,3,1,1,453160623.00,196611.0000,0.0000,140511000.0,312585000.0,3.000,805306368.0,0.000,0,0,805306368,3,0,0,0,1,1
1,chain3,f32,67108864,glibc_t2,P6,3,2,1,243078421.00,65537.0000,0.0000,137388000.0,105685000.0,1.000,268435456.0,0.000,0,0,268435456,1,2,0,0,1,1
1,chain3,f32,67108864,glibc_t2,P7,3,3,1,208314962.00,65537.0000,0.0000,104122000.0,104164000.0,1.000,268435456.0,0.000,0,0,268435456,1,1,1,0,1,1
1,chain3,f32,67108864,glibc_t2,P5,4,0,1,450821818.00,196611.0000,0.0000,135461000.0,315259000.0,3.000,805306368.0,0.000,0,0,805306368,3,0,0,0,1,1
1,chain3,f32,67108864,glibc_t2,P6,4,1,1,231999379.00,65537.0000,0.0000,151926000.0,80005000.0,1.000,268435456.0,0.000,0,0,268435456,1,2,0,0,1,1
1,chain3,f32,67108864,glibc_t2,P7,4,2,1,232397472.00,65537.0000,0.0000,131886000.0,99937000.0,1.000,268435456.0,0.000,0,0,268435456,1,1,1,0,1,1
1,chain3,f32,67108864,glibc_t2,FIXED_TWIN,4,3,1,208961951.00,65537.0000,0.0000,84441000.0,124527000.0,1.000,268435456.0,0.000,0,0,268435456,1,1,1,0,1,1
1,chain3,f32,67108864,glibc_t2,P6,5,0,1,230336719.00,65537.0000,0.0000,137055000.0,93260000.0,1.000,268435456.0,0.000,0,0,268435456,1,2,0,0,1,1
1,chain3,f32,67108864,glibc_t2,P7,5,1,1,203600198.00,65537.0000,0.0000,143818000.0,59788000.0,1.000,268435456.0,0.000,0,0,268435456,1,1,1,0,1,1
1,chain3,f32,67108864,glibc_t2,FIXED_TWIN,5,2,1,204334853.00,65537.0000,0.0000,108155000.0,96187000.0,1.000,268435456.0,0.000,0,0,268435456,1,1,1,0,1,1
1,chain3,f32,67108864,glibc_t2,P5,5,3,1,439006391.00,196611.0000,0.0000,139554000.0,299459000.0,3.000,805306368.0,0.000,0,0,805306368,3,0,0,0,1,1
1,chain3,f32,67108864,glibc_t2,P7,6,0,1,205406065.00,65537.0000,0.0000,100642000.0,104770000.0,1.000,268435456.0,0.000,0,0,268435456,1,1,1,0,1,1
1,chain3,f32,67108864,glibc_t2,FIXED_TWIN,6,1,1,202048067.00,65537.0000,0.0000,128933000.0,73121000.0,1.000,268435456.0,0.000,0,0,268435456,1,1,1,0,1,1
1,chain3,f32,67108864,glibc_t2,P5,6,2,1,433236171.00,196611.0000,0.0000,132559000.0,300643000.0,3.000,805306368.0,0.000,0,0,805306368,3,0,0,0,1,1
1,chain3,f32,67108864,glibc_t2,P6,6,3,1,229658891.00,65537.0000,0.0000,128751000.0,100900000.0,1.000,268435456.0,0.000,0,0,268435456,1,2,0,0,1,1
1,chain3,f32,67108864,glibc_t2,FIXED_TWIN,7,0,1,202485821.00,65537.0000,0.0000,115312000.0,87181000.0,1.000,268435456.0,0.000,0,0,268435456,1,1,1,0,1,1
1,chain3,f32,67108864,glibc_t2,P5,7,1,1,440069117.00,196611.0000,0.0000,112038000.0,327987000.0,3.000,805306368.0,0.000,0,0,805306368,3,0,0,0,1,1
1,chain3,f32,67108864,glibc_t2,P6,7,2,1,232794265.00,65537.0000,0.0000,128359000.0,104432000.0,1.000,268435456.0,0.000,0,0,268435456,1,2,0,0,1,1
1,chain3,f32,67108864,glibc_t2,P7,7,3,1,205799808.00,65537.0000,0.0000,104812000.0,100984000.0,1.000,268435456.0,0.000,0,0,268435456,1,1,1,0,1,1
1,chain3,f32,67108864,glibc_t2,P5,8,0,1,443601434.00,196611.0000,0.0000,123813000.0,319739000.0,3.000,805306368.0,0.000,0,0,805306368,3,0,0,0,1,1
1,chain3,f32,67108864,glibc_t2,P6,8,1,1,230592019.00,65537.0000,0.0000,141181000.0,89418000.0,1.000,268435456.0,0.000,0,0,268435456,1,2,0,0,1,1
1,chain3,f32,67108864,glibc_t2,P7,8,2,1,205837422.00,65537.0000,0.0000,112840000.0,93005000.0,1.000,268435456.0,0.000,0,0,268435456,1,1,1,0,1,1
1,chain3,f32,67108864,glibc_t2,FIXED_TWIN,8,3,1,226848648.00,65537.0000,0.0000,111218000.0,115070000.0,1.000,268435456.0,0.000,0,0,268435456,1,1,1,0,1,1
1,chain3,f32,67108864,glibc_t2,P6,9,0,1,228828488.00,65537.0000,0.0000,132292000.0,96449000.0,1.000,268435456.0,0.000,0,0,268435456,1,2,0,0,1,1
1,chain3,f32,67108864,glibc_t2,P7,9,1,1,207011289.00,65537.0000,0.0000,117379000.0,89640000.0,1.000,268435456.0,0.000,0,0,268435456,1,1,1,0,1,1
1,chain3,f32,67108864,glibc_t2,FIXED_TWIN,9,2,1,207629736.00,65537.0000,0.0000,107829000.0,99799000.0,1.000,268435456.0,0.000,0,0,268435456,1,1,1,0,1,1
1,chain3,f32,67108864,glibc_t2,P5,9,3,1,446936786.00,196611.0000,0.0000,107533000.0,339303000.0,3.000,805306368.0,0.000,0,0,805306368,3,0,0,0,1,1
1,chain3,f32,67108864,glibc_t2,P7,10,0,1,203760093.00,65537.0000,0.0000,107827000.0,95869000.0,1.000,268435456.0,0.000,0,0,268435456,1,1,1,0,1,1
1,chain3,f32,67108864,glibc_t2,FIXED_TWIN,10,1,1,209463188.00,65537.0000,0.0000,114748000.0,94578000.0,1.000,268435456.0,0.000,0,0,268435456,1,1,1,0,1,1
1,chain3,f32,67108864,glibc_t2,P5,10,2,1,439778990.00,196611.0000,0.0000,139906000.0,299833000.0,3.000,805306368.0,0.000,0,0,805306368,3,0,0,0,1,1
1,chain3,f32,67108864,glibc_t2,P6,10,3,1,232675833.00,65537.0000,0.0000,140250000.0,92367000.0,1.000,268435456.0,0.000,0,0,268435456,1,2,0,0,1,1
1,chain3,f32,67108864,glibc_t2,FIXED_TWIN,11,0,1,203867747.00,65537.0000,0.0000,103942000.0,99808000.0,1.000,268435456.0,0.000,0,0,268435456,1,1,1,0,1,1
1,chain3,f32,67108864,glibc_t2,P5,11,1,1,448960312.00,196611.0000,0.0000,156405000.0,292257000.0,3.000,805306368.0,0.000,0,0,805306368,3,0,0,0,1,1
1,chain3,f32,67108864,glibc_t2,P6,11,2,1,231647206.00,65537.0000,0.0000,123830000.0,107765000.0,1.000,268435456.0,0.000,0,0,268435456,1,2,0,0,1,1
1,chain3,f32,67108864,glibc_t2,P7,11,3,1,206467140.00,65537.0000,0.0000,121068000.0,85205000.0,1.000,268435456.0,0.000,0,0,268435456,1,1,1,0,1,1
1,chain3,f32,67108864,glibc_t2,P5,12,0,1,442148715.00,196611.0000,0.0000,152819000.0,288992000.0,3.000,805306368.0,0.000,0,0,805306368,3,0,0,0,1,1
1,chain3,f32,67108864,glibc_t2,P6,12,1,1,228582298.00,65537.0000,0.0000,144256000.0,84308000.0,1.000,268435456.0,0.000,0,0,268435456,1,2,0,0,1,1
1,chain3,f32,67108864,glibc_t2,P7,12,2,1,206490111.00,65537.0000,0.0000,113138000.0,93326000.0,1.000,268435456.0,0.000,0,0,268435456,1,1,1,0,1,1
1,chain3,f32,67108864,glibc_t2,FIXED_TWIN,12,3,1,217964188.00,65537.0000,0.0000,124592000.0,92787000.0,1.000,268435456.0,0.000,0,0,268435456,1,1,1,0,1,1
1,chain3,f32,67108864,glibc_t2,P6,13,0,1,228449966.00,65537.0000,0.0000,128207000.0,100249000.0,1.000,268435456.0,0.000,0,0,268435456,1,2,0,0,1,1
1,chain3,f32,67108864,glibc_t2,P7,13,1,1,206824291.00,65537.0000,0.0000,99424000.0,107323000.0,1.000,268435456.0,0.000,0,0,268435456,1,1,1,0,1,1
1,chain3,f32,67108864,glibc_t2,FIXED_TWIN,13,2,1,205330067.00,65537.0000,0.0000,110779000.0,94531000.0,1.000,268435456.0,0.000,0,0,268435456,1,1,1,0,1,1
1,chain3,f32,67108864,glibc_t2,P5,13,3,1,442011938.00,196611.0000,0.0000,123085000.0,318741000.0,3.000,805306368.0,0.000,0,0,805306368,3,0,0,0,1,1
1,chain3,f32,67108864,glibc_t2,P7,14,0,1,206531452.00,65537.0000,0.0000,115331000.0,91208000.0,1.000,268435456.0,0.000,0,0,268435456,1,1,1,0,1,1
1,chain3,f32,67108864,glibc_t2,FIXED_TWIN,14,1,1,210426677.00,65537.0000,0.0000,113111000.0,97323000.0,1.000,268435456.0,0.000,0,0,268435456,1,1,1,0,1,1
1,chain3,f32,67108864,glibc_t2,P5,14,2,1,440445601.00,196611.0000,0.0000,160172000.0,280232000.0,3.000,805306368.0,0.000,0,0,805306368,3,0,0,0,1,1
1,chain3,f32,67108864,glibc_t2,P6,14,3,1,232069428.00,65537.0000,0.0000,136032000.0,96044000.0,1.000,268435456.0,0.000,0,0,268435456,1,2,0,0,1,1
1,chain4,f32,64,glibc_t2,P5,0,0,1000,460.44,0.0000,0.0000,213.0,252.0,4.000,1024.0,0.000,0,0,256768,4,0,0,0,1,1
1,chain4,f32,64,glibc_t2,P6,0,1,1000,406.43,0.0000,0.0000,186.0,221.0,1.000,256.0,0.000,0,0,256000,1,3,0,0,1,1
1,chain4,f32,64,glibc_t2,P7,0,2,1000,380.07,0.0000,0.0000,381.0,0.0,1.000,256.0,0.000,0,0,256000,1,2,1,0,1,1
1,chain4,f32,64,glibc_t2,FIXED_TWIN,0,3,1000,385.37,0.0000,0.0000,386.0,0.0,1.000,256.0,0.000,0,0,256000,1,2,1,0,1,1
1,chain4,f32,64,glibc_t2,P6,1,0,1000,395.69,0.0000,0.0000,396.0,0.0,1.000,256.0,0.000,0,0,256000,1,3,0,0,1,1
1,chain4,f32,64,glibc_t2,P7,1,1,1000,376.03,0.0000,0.0000,376.0,0.0,1.000,256.0,0.000,0,0,256000,1,2,1,0,1,1
1,chain4,f32,64,glibc_t2,FIXED_TWIN,1,2,1000,388.80,0.0000,0.0000,389.0,0.0,1.000,256.0,0.000,0,0,256000,1,2,1,0,1,1
1,chain4,f32,64,glibc_t2,P5,1,3,1000,461.92,0.0000,0.0000,463.0,0.0,4.000,1024.0,0.000,0,0,256768,4,0,0,0,1,1
1,chain4,f32,64,glibc_t2,P7,2,0,1000,386.78,0.0000,0.0000,388.0,0.0,1.000,256.0,0.000,0,0,256000,1,2,1,0,1,1
1,chain4,f32,64,glibc_t2,FIXED_TWIN,2,1,1000,408.37,0.0000,0.0000,409.0,0.0,1.000,256.0,0.000,0,0,256000,1,2,1,0,1,1
1,chain4,f32,64,glibc_t2,P5,2,2,1000,454.66,0.0000,0.0000,455.0,0.0,4.000,1024.0,0.000,0,0,256768,4,0,0,0,1,1
1,chain4,f32,64,glibc_t2,P6,2,3,1000,417.14,0.0000,0.0000,418.0,0.0,1.000,256.0,0.000,0,0,256000,1,3,0,0,1,1
1,chain4,f32,64,glibc_t2,FIXED_TWIN,3,0,1000,453.18,0.0000,0.0000,455.0,0.0,1.000,256.0,0.000,0,0,256000,1,2,1,0,1,1
1,chain4,f32,64,glibc_t2,P5,3,1,1000,456.17,0.0000,0.0000,457.0,0.0,4.000,1024.0,0.000,0,0,256768,4,0,0,0,1,1
1,chain4,f32,64,glibc_t2,P6,3,2,1000,391.93,0.0000,0.0000,393.0,0.0,1.000,256.0,0.000,0,0,256000,1,3,0,0,1,1
1,chain4,f32,64,glibc_t2,P7,3,3,1000,405.60,0.0000,0.0000,406.0,0.0,1.000,256.0,0.000,0,0,256000,1,2,1,0,1,1
1,chain4,f32,64,glibc_t2,P5,4,0,1000,460.24,0.0000,0.0000,462.0,0.0,4.000,1024.0,0.000,0,0,256768,4,0,0,0,1,1
1,chain4,f32,64,glibc_t2,P6,4,1,1000,394.43,0.0000,0.0000,395.0,0.0,1.000,256.0,0.000,0,0,256000,1,3,0,0,1,1
1,chain4,f32,64,glibc_t2,P7,4,2,1000,385.75,0.0000,0.0000,386.0,0.0,1.000,256.0,0.000,0,0,256000,1,2,1,0,1,1
1,chain4,f32,64,glibc_t2,FIXED_TWIN,4,3,1000,394.90,0.0000,0.0000,396.0,0.0,1.000,256.0,0.000,0,0,256000,1,2,1,0,1,1
1,chain4,f32,64,glibc_t2,P6,5,0,1000,394.16,0.0000,0.0000,395.0,0.0,1.000,256.0,0.000,0,0,256000,1,3,0,0,1,1
1,chain4,f32,64,glibc_t2,P7,5,1,1000,389.39,0.0000,0.0000,390.0,0.0,1.000,256.0,0.000,0,0,256000,1,2,1,0,1,1
1,chain4,f32,64,glibc_t2,FIXED_TWIN,5,2,1000,412.92,0.0000,0.0000,413.0,0.0,1.000,256.0,0.000,0,0,256000,1,2,1,0,1,1
1,chain4,f32,64,glibc_t2,P5,5,3,1000,486.59,0.0000,0.0000,487.0,0.0,4.000,1024.0,0.000,0,0,256768,4,0,0,0,1,1
1,chain4,f32,64,glibc_t2,P7,6,0,1000,419.76,0.0000,0.0000,421.0,0.0,1.000,256.0,0.000,0,0,256000,1,2,1,0,1,1
1,chain4,f32,64,glibc_t2,FIXED_TWIN,6,1,1000,402.35,0.0000,0.0000,403.0,0.0,1.000,256.0,0.000,0,0,256000,1,2,1,0,1,1
1,chain4,f32,64,glibc_t2,P5,6,2,1000,471.47,0.0000,0.0000,472.0,0.0,4.000,1024.0,0.000,0,0,256768,4,0,0,0,1,1
1,chain4,f32,64,glibc_t2,P6,6,3,1000,413.88,0.0000,0.0000,414.0,0.0,1.000,256.0,0.000,0,0,256000,1,3,0,0,1,1
1,chain4,f32,64,glibc_t2,FIXED_TWIN,7,0,1000,405.75,0.0000,0.0000,407.0,0.0,1.000,256.0,0.000,0,0,256000,1,2,1,0,1,1
1,chain4,f32,64,glibc_t2,P5,7,1,1000,479.19,0.0000,0.0000,480.0,0.0,4.000,1024.0,0.000,0,0,256768,4,0,0,0,1,1
1,chain4,f32,64,glibc_t2,P6,7,2,1000,418.08,0.0000,0.0000,419.0,0.0,1.000,256.0,0.000,0,0,256000,1,3,0,0,1,1
1,chain4,f32,64,glibc_t2,P7,7,3,1000,405.29,0.0000,0.0000,406.0,0.0,1.000,256.0,0.000,0,0,256000,1,2,1,0,1,1
1,chain4,f32,64,glibc_t2,P5,8,0,1000,477.35,0.0000,0.0000,478.0,0.0,4.000,1024.0,0.000,0,0,256768,4,0,0,0,1,1
1,chain4,f32,64,glibc_t2,P6,8,1,1000,420.26,0.0000,0.0000,421.0,0.0,1.000,256.0,0.000,0,0,256000,1,3,0,0,1,1
1,chain4,f32,64,glibc_t2,P7,8,2,1000,430.01,0.0000,0.0000,430.0,0.0,1.000,256.0,0.000,0,0,256000,1,2,1,0,1,1
1,chain4,f32,64,glibc_t2,FIXED_TWIN,8,3,1000,405.96,0.0000,0.0000,407.0,0.0,1.000,256.0,0.000,0,0,256000,1,2,1,0,1,1
1,chain4,f32,64,glibc_t2,P6,9,0,1000,404.06,0.0000,0.0000,404.0,0.0,1.000,256.0,0.000,0,0,256000,1,3,0,0,1,1
1,chain4,f32,64,glibc_t2,P7,9,1,1000,388.38,0.0000,0.0000,389.0,0.0,1.000,256.0,0.000,0,0,256000,1,2,1,0,1,1
1,chain4,f32,64,glibc_t2,FIXED_TWIN,9,2,1000,407.71,0.0000,0.0000,409.0,0.0,1.000,256.0,0.000,0,0,256000,1,2,1,0,1,1
1,chain4,f32,64,glibc_t2,P5,9,3,1000,484.72,0.0000,0.0000,485.0,0.0,4.000,1024.0,0.000,0,0,256768,4,0,0,0,1,1
1,chain4,f32,64,glibc_t2,P7,10,0,1000,383.86,0.0000,0.0000,384.0,0.0,1.000,256.0,0.000,0,0,256000,1,2,1,0,1,1
1,chain4,f32,64,glibc_t2,FIXED_TWIN,10,1,1000,382.73,0.0000,0.0000,383.0,0.0,1.000,256.0,0.000,0,0,256000,1,2,1,0,1,1
1,chain4,f32,64,glibc_t2,P5,10,2,1000,537.83,0.0000,0.0000,538.0,0.0,4.000,1024.0,0.000,0,0,256768,4,0,0,0,1,1
1,chain4,f32,64,glibc_t2,P6,10,3,1000,403.74,0.0000,0.0000,405.0,0.0,1.000,256.0,0.000,0,0,256000,1,3,0,0,1,1
1,chain4,f32,64,glibc_t2,FIXED_TWIN,11,0,1000,382.45,0.0000,0.0000,383.0,0.0,1.000,256.0,0.000,0,0,256000,1,2,1,0,1,1
1,chain4,f32,64,glibc_t2,P5,11,1,1000,458.39,0.0000,0.0000,460.0,0.0,4.000,1024.0,0.000,0,0,256768,4,0,0,0,1,1
1,chain4,f32,64,glibc_t2,P6,11,2,1000,416.73,0.0000,0.0000,417.0,0.0,1.000,256.0,0.000,0,0,256000,1,3,0,0,1,1
1,chain4,f32,64,glibc_t2,P7,11,3,1000,382.76,0.0000,0.0000,384.0,0.0,1.000,256.0,0.000,0,0,256000,1,2,1,0,1,1
1,chain4,f32,64,glibc_t2,P5,12,0,1000,460.65,0.0000,0.0000,461.0,0.0,4.000,1024.0,0.000,0,0,256768,4,0,0,0,1,1
1,chain4,f32,64,glibc_t2,P6,12,1,1000,396.99,0.0000,0.0000,397.0,0.0,1.000,256.0,0.000,0,0,256000,1,3,0,0,1,1
1,chain4,f32,64,glibc_t2,P7,12,2,1000,415.12,0.0000,0.0000,415.0,0.0,1.000,256.0,0.000,0,0,256000,1,2,1,0,1,1
1,chain4,f32,64,glibc_t2,FIXED_TWIN,12,3,1000,383.80,0.0000,0.0000,384.0,0.0,1.000,256.0,0.000,0,0,256000,1,2,1,0,1,1
1,chain4,f32,64,glibc_t2,P6,13,0,1000,414.11,0.0000,0.0000,414.0,0.0,1.000,256.0,0.000,0,0,256000,1,3,0,0,1,1
1,chain4,f32,64,glibc_t2,P7,13,1,1000,386.99,0.0000,0.0000,388.0,0.0,1.000,256.0,0.000,0,0,256000,1,2,1,0,1,1
1,chain4,f32,64,glibc_t2,FIXED_TWIN,13,2,1000,387.89,0.0000,0.0000,388.0,0.0,1.000,256.0,0.000,0,0,256000,1,2,1,0,1,1
1,chain4,f32,64,glibc_t2,P5,13,3,1000,445.79,0.0000,0.0000,446.0,0.0,4.000,1024.0,0.000,0,0,256768,4,0,0,0,1,1
1,chain4,f32,64,glibc_t2,P7,14,0,1000,368.12,0.0000,0.0000,369.0,0.0,1.000,256.0,0.000,0,0,256000,1,2,1,0,1,1
1,chain4,f32,64,glibc_t2,FIXED_TWIN,14,1,1000,386.12,0.0000,0.0000,387.0,0.0,1.000,256.0,0.000,0,0,256000,1,2,1,0,1,1
1,chain4,f32,64,glibc_t2,P5,14,2,1000,459.10,0.0000,0.0000,460.0,0.0,4.000,1024.0,0.000,0,0,256768,4,0,0,0,1,1
1,chain4,f32,64,glibc_t2,P6,14,3,1000,395.60,0.0000,0.0000,396.0,0.0,1.000,256.0,0.000,0,0,256000,1,3,0,0,1,1
1,chain4,f32,1024,glibc_t2,P5,0,0,1000,933.12,0.0000,0.0000,937.0,0.0,4.000,16384.0,0.000,0,0,4108288,4,0,0,0,1,1
1,chain4,f32,1024,glibc_t2,P6,0,1,1000,992.75,0.0000,0.0000,998.0,0.0,1.000,4096.0,0.000,0,0,4096000,1,3,0,0,1,1
1,chain4,f32,1024,glibc_t2,P7,0,2,1000,787.75,0.0000,0.0000,790.0,0.0,1.000,4096.0,0.000,0,0,4096000,1,2,1,0,1,1
1,chain4,f32,1024,glibc_t2,FIXED_TWIN,0,3,1000,813.87,0.0000,0.0000,816.0,0.0,1.000,4096.0,0.000,0,0,4096000,1,2,1,0,1,1
1,chain4,f32,1024,glibc_t2,P6,1,0,1000,867.76,0.0000,0.0000,869.0,0.0,1.000,4096.0,0.000,0,0,4096000,1,3,0,0,1,1
1,chain4,f32,1024,glibc_t2,P7,1,1,1000,760.07,0.0000,0.0000,761.0,0.0,1.000,4096.0,0.000,0,0,4096000,1,2,1,0,1,1
1,chain4,f32,1024,glibc_t2,FIXED_TWIN,1,2,1000,780.99,0.0000,0.0000,782.0,0.0,1.000,4096.0,0.000,0,0,4096000,1,2,1,0,1,1
1,chain4,f32,1024,glibc_t2,P5,1,3,1000,941.91,0.0000,0.0000,943.0,0.0,4.000,16384.0,0.000,0,0,4108288,4,0,0,0,1,1
1,chain4,f32,1024,glibc_t2,P7,2,0,1000,755.48,0.0000,0.0000,756.0,0.0,1.000,4096.0,0.000,0,0,4096000,1,2,1,0,1,1
1,chain4,f32,1024,glibc_t2,FIXED_TWIN,2,1,1000,737.02,0.0000,0.0000,739.0,0.0,1.000,4096.0,0.000,0,0,4096000,1,2,1,0,1,1
1,chain4,f32,1024,glibc_t2,P5,2,2,1000,878.86,0.0000,0.0000,880.0,0.0,4.000,16384.0,0.000,0,0,4108288,4,0,0,0,1,1
1,chain4,f32,1024,glibc_t2,P6,2,3,1000,879.10,0.0000,0.0000,880.0,0.0,1.000,4096.0,0.000,0,0,4096000,1,3,0,0,1,1
1,chain4,f32,1024,glibc_t2,FIXED_TWIN,3,0,1000,778.72,0.0000,0.0000,781.0,0.0,1.000,4096.0,0.000,0,0,4096000,1,2,1,0,1,1
1,chain4,f32,1024,glibc_t2,P5,3,1,1000,894.94,0.0000,0.0000,897.0,0.0,4.000,16384.0,0.000,0,0,4108288,4,0,0,0,1,1
1,chain4,f32,1024,glibc_t2,P6,3,2,1000,860.26,0.0000,0.0000,862.0,0.0,1.000,4096.0,0.000,0,0,4096000,1,3,0,0,1,1
1,chain4,f32,1024,glibc_t2,P7,3,3,1000,768.51,0.0000,0.0000,771.0,0.0,1.000,4096.0,0.000,0,0,4096000,1,2,1,0,1,1
1,chain4,f32,1024,glibc_t2,P5,4,0,1000,896.60,0.0000,0.0000,898.0,0.0,4.000,16384.0,0.000,0,0,4108288,4,0,0,0,1,1
1,chain4,f32,1024,glibc_t2,P6,4,1,1000,866.91,0.0000,0.0000,869.0,0.0,1.000,4096.0,0.000,0,0,4096000,1,3,0,0,1,1
1,chain4,f32,1024,glibc_t2,P7,4,2,1000,809.76,0.0000,0.0000,811.0,0.0,1.000,4096.0,0.000,0,0,4096000,1,2,1,0,1,1
1,chain4,f32,1024,glibc_t2,FIXED_TWIN,4,3,1000,754.33,0.0000,0.0000,755.0,0.0,1.000,4096.0,0.000,0,0,4096000,1,2,1,0,1,1
1,chain4,f32,1024,glibc_t2,P6,5,0,1000,858.91,0.0000,0.0000,860.0,0.0,1.000,4096.0,0.000,0,0,4096000,1,3,0,0,1,1
1,chain4,f32,1024,glibc_t2,P7,5,1,1000,751.07,0.0000,0.0000,752.0,0.0,1.000,4096.0,0.000,0,0,4096000,1,2,1,0,1,1
1,chain4,f32,1024,glibc_t2,FIXED_TWIN,5,2,1000,793.50,0.0000,0.0000,796.0,0.0,1.000,4096.0,0.000,0,0,4096000,1,2,1,0,1,1
1,chain4,f32,1024,glibc_t2,P5,5,3,1000,908.85,0.0000,0.0000,911.0,0.0,4.000,16384.0,0.000,0,0,4108288,4,0,0,0,1,1
1,chain4,f32,1024,glibc_t2,P7,6,0,1000,764.20,0.0000,0.0000,767.0,0.0,1.000,4096.0,0.000,0,0,4096000,1,2,1,0,1,1
1,chain4,f32,1024,glibc_t2,FIXED_TWIN,6,1,1000,764.29,0.0000,0.0000,766.0,0.0,1.000,4096.0,0.000,0,0,4096000,1,2,1,0,1,1
1,chain4,f32,1024,glibc_t2,P5,6,2,1000,978.90,0.0000,0.0000,981.0,0.0,4.000,16384.0,0.000,0,0,4108288,4,0,0,0,1,1
1,chain4,f32,1024,glibc_t2,P6,6,3,1000,874.11,0.0000,0.0000,875.0,0.0,1.000,4096.0,0.000,0,0,4096000,1,3,0,0,1,1
1,chain4,f32,1024,glibc_t2,FIXED_TWIN,7,0,1000,778.30,0.0000,0.0000,780.0,0.0,1.000,4096.0,0.000,0,0,4096000,1,2,1,0,1,1
1,chain4,f32,1024,glibc_t2,P5,7,1,1000,904.28,0.0000,0.0000,906.0,0.0,4.000,16384.0,0.000,0,0,4108288,4,0,0,0,1,1
1,chain4,f32,1024,glibc_t2,P6,7,2,1000,885.12,0.0000,0.0000,882.0,4.0,1.000,4096.0,0.000,0,0,4096000,1,3,0,0,1,1
1,chain4,f32,1024,glibc_t2,P7,7,3,1000,774.05,0.0000,0.0000,776.0,0.0,1.000,4096.0,0.000,0,0,4096000,1,2,1,0,1,1
1,chain4,f32,1024,glibc_t2,P5,8,0,1000,922.94,0.0000,0.0000,924.0,0.0,4.000,16384.0,0.000,0,0,4108288,4,0,0,0,1,1
1,chain4,f32,1024,glibc_t2,P6,8,1,1000,874.03,0.0000,0.0000,877.0,0.0,1.000,4096.0,0.000,0,0,4096000,1,3,0,0,1,1
1,chain4,f32,1024,glibc_t2,P7,8,2,1000,789.22,0.0000,0.0000,792.0,0.0,1.000,4096.0,0.000,0,0,4096000,1,2,1,0,1,1
1,chain4,f32,1024,glibc_t2,FIXED_TWIN,8,3,1000,784.67,0.0000,0.0000,788.0,0.0,1.000,4096.0,0.000,0,0,4096000,1,2,1,0,1,1
1,chain4,f32,1024,glibc_t2,P6,9,0,1000,880.07,0.0000,0.0000,882.0,0.0,1.000,4096.0,0.000,0,0,4096000,1,3,0,0,1,1
1,chain4,f32,1024,glibc_t2,P7,9,1,1000,818.83,0.0000,0.0000,821.0,0.0,1.000,4096.0,0.000,0,0,4096000,1,2,1,0,1,1
1,chain4,f32,1024,glibc_t2,FIXED_TWIN,9,2,1000,752.82,0.0000,0.0000,755.0,0.0,1.000,4096.0,0.000,0,0,4096000,1,2,1,0,1,1
1,chain4,f32,1024,glibc_t2,P5,9,3,1000,918.33,0.0000,0.0000,921.0,0.0,4.000,16384.0,0.000,0,0,4108288,4,0,0,0,1,1
1,chain4,f32,1024,glibc_t2,P7,10,0,1000,750.27,0.0000,0.0000,751.0,0.0,1.000,4096.0,0.000,0,0,4096000,1,2,1,0,1,1
1,chain4,f32,1024,glibc_t2,FIXED_TWIN,10,1,1000,766.78,0.0000,0.0000,768.0,0.0,1.000,4096.0,0.000,0,0,4096000,1,2,1,0,1,1
1,chain4,f32,1024,glibc_t2,P5,10,2,1000,910.81,0.0000,0.0000,912.0,0.0,4.000,16384.0,0.000,0,0,4108288,4,0,0,0,1,1
1,chain4,f32,1024,glibc_t2,P6,10,3,1000,859.90,0.0000,0.0000,861.0,0.0,1.000,4096.0,0.000,0,0,4096000,1,3,0,0,1,1
1,chain4,f32,1024,glibc_t2,FIXED_TWIN,11,0,1000,760.17,0.0000,0.0000,763.0,0.0,1.000,4096.0,0.000,0,0,4096000,1,2,1,0,1,1
1,chain4,f32,1024,glibc_t2,P5,11,1,1000,941.73,0.0000,0.0000,944.0,0.0,4.000,16384.0,0.000,0,0,4108288,4,0,0,0,1,1
1,chain4,f32,1024,glibc_t2,P6,11,2,1000,884.96,0.0000,0.0000,888.0,0.0,1.000,4096.0,0.000,0,0,4096000,1,3,0,0,1,1
1,chain4,f32,1024,glibc_t2,P7,11,3,1000,775.02,0.0000,0.0000,777.0,0.0,1.000,4096.0,0.000,0,0,4096000,1,2,1,0,1,1
1,chain4,f32,1024,glibc_t2,P5,12,0,1000,907.46,0.0000,0.0000,909.0,0.0,4.000,16384.0,0.000,0,0,4108288,4,0,0,0,1,1
1,chain4,f32,1024,glibc_t2,P6,12,1,1000,884.75,0.0000,0.0000,887.0,0.0,1.000,4096.0,0.000,0,0,4096000,1,3,0,0,1,1
1,chain4,f32,1024,glibc_t2,P7,12,2,1000,764.47,0.0000,0.0000,766.0,0.0,1.000,4096.0,0.000,0,0,4096000,1,2,1,0,1,1
1,chain4,f32,1024,glibc_t2,FIXED_TWIN,12,3,1000,806.06,0.0000,0.0000,808.0,0.0,1.000,4096.0,0.000,0,0,4096000,1,2,1,0,1,1
1,chain4,f32,1024,glibc_t2,P6,13,0,1000,917.38,0.0000,0.0000,919.0,0.0,1.000,4096.0,0.000,0,0,4096000,1,3,0,0,1,1
1,chain4,f32,1024,glibc_t2,P7,13,1,1000,757.78,0.0000,0.0000,760.0,0.0,1.000,4096.0,0.000,0,0,4096000,1,2,1,0,1,1
1,chain4,f32,1024,glibc_t2,FIXED_TWIN,13,2,1000,773.76,0.0000,0.0000,775.0,0.0,1.000,4096.0,0.000,0,0,4096000,1,2,1,0,1,1
1,chain4,f32,1024,glibc_t2,P5,13,3,1000,958.01,0.0000,0.0000,962.0,0.0,4.000,16384.0,0.000,0,0,4108288,4,0,0,0,1,1
1,chain4,f32,1024,glibc_t2,P7,14,0,1000,822.51,0.0000,0.0000,824.0,0.0,1.000,4096.0,0.000,0,0,4096000,1,2,1,0,1,1
1,chain4,f32,1024,glibc_t2,FIXED_TWIN,14,1,1000,766.66,0.0000,0.0000,769.0,0.0,1.000,4096.0,0.000,0,0,4096000,1,2,1,0,1,1
1,chain4,f32,1024,glibc_t2,P5,14,2,1000,926.37,0.0000,0.0000,929.0,0.0,4.000,16384.0,0.000,0,0,4108288,4,0,0,0,1,1
1,chain4,f32,1024,glibc_t2,P6,14,3,1000,882.43,0.0000,0.0000,884.0,0.0,1.000,4096.0,0.000,0,0,4096000,1,3,0,0,1,1
1,chain4,f32,4096,glibc_t2,P5,0,0,1,3029.00,0.0000,0.0000,4000.0,0.0,4.000,65536.0,0.000,0,0,65536,4,0,0,0,1,1
1,chain4,f32,4096,glibc_t2,P6,0,1,1,2470.00,0.0000,0.0000,3000.0,0.0,1.000,16384.0,0.000,0,0,16384,1,3,0,0,1,1
1,chain4,f32,4096,glibc_t2,P7,0,2,1,21417.00,0.0000,0.0000,22000.0,0.0,1.000,16384.0,0.000,0,0,16384,1,2,1,0,1,1
1,chain4,f32,4096,glibc_t2,FIXED_TWIN,0,3,1,2603.00,0.0000,0.0000,3000.0,0.0,1.000,16384.0,0.000,0,0,16384,1,2,1,0,1,1
1,chain4,f32,4096,glibc_t2,P6,1,0,1,2475.00,0.0000,0.0000,3000.0,0.0,1.000,16384.0,0.000,0,0,16384,1,3,0,0,1,1
1,chain4,f32,4096,glibc_t2,P7,1,1,1,2226.00,0.0000,0.0000,3000.0,0.0,1.000,16384.0,0.000,0,0,16384,1,2,1,0,1,1
1,chain4,f32,4096,glibc_t2,FIXED_TWIN,1,2,1,2375.00,0.0000,0.0000,2000.0,0.0,1.000,16384.0,0.000,0,0,16384,1,2,1,0,1,1
1,chain4,f32,4096,glibc_t2,P5,1,3,1,2992.00,0.0000,0.0000,3000.0,0.0,4.000,65536.0,0.000,0,0,65536,4,0,0,0,1,1
1,chain4,f32,4096,glibc_t2,P7,2,0,1,2152.00,0.0000,0.0000,3000.0,0.0,1.000,16384.0,0.000,0,0,16384,1,2,1,0,1,1
1,chain4,f32,4096,glibc_t2,FIXED_TWIN,2,1,1,2147.00,0.0000,0.0000,3000.0,0.0,1.000,16384.0,0.000,0,0,16384,1,2,1,0,1,1
1,chain4,f32,4096,glibc_t2,P5,2,2,1,2891.00,0.0000,0.0000,4000.0,0.0,4.000,65536.0,0.000,0,0,65536,4,0,0,0,1,1
1,chain4,f32,4096,glibc_t2,P6,2,3,1,2420.00,0.0000,0.0000,3000.0,0.0,1.000,16384.0,0.000,0,0,16384,1,3,0,0,1,1
1,chain4,f32,4096,glibc_t2,FIXED_TWIN,3,0,1,2169.00,0.0000,0.0000,3000.0,0.0,1.000,16384.0,0.000,0,0,16384,1,2,1,0,1,1
1,chain4,f32,4096,glibc_t2,P5,3,1,1,2855.00,0.0000,0.0000,3000.0,0.0,4.000,65536.0,0.000,0,0,65536,4,0,0,0,1,1
1,chain4,f32,4096,glibc_t2,P6,3,2,1,2330.00,0.0000,0.0000,2000.0,0.0,1.000,16384.0,0.000,0,0,16384,1,3,0,0,1,1
1,chain4,f32,4096,glibc_t2,P7,3,3,1,2168.00,0.0000,0.0000,3000.0,0.0,1.000,16384.0,0.000,0,0,16384,1,2,1,0,1,1
1,chain4,f32,4096,glibc_t2,P5,4,0,1,2816.00,0.0000,0.0000,3000.0,0.0,4.000,65536.0,0.000,0,0,65536,4,0,0,0,1,1
1,chain4,f32,4096,glibc_t2,P6,4,1,1,2405.00,0.0000,0.0000,3000.0,0.0,1.000,16384.0,0.000,0,0,16384,1,3,0,0,1,1
1,chain4,f32,4096,glibc_t2,P7,4,2,1,2186.00,0.0000,0.0000,3000.0,0.0,1.000,16384.0,0.000,0,0,16384,1,2,1,0,1,1
1,chain4,f32,4096,glibc_t2,FIXED_TWIN,4,3,1,2150.00,0.0000,0.0000,3000.0,0.0,1.000,16384.0,0.000,0,0,16384,1,2,1,0,1,1
1,chain4,f32,4096,glibc_t2,P6,5,0,1,2368.00,0.0000,0.0000,3000.0,0.0,1.000,16384.0,0.000,0,0,16384,1,3,0,0,1,1
1,chain4,f32,4096,glibc_t2,P7,5,1,1,2160.00,0.0000,0.0000,3000.0,0.0,1.000,16384.0,0.000,0,0,16384,1,2,1,0,1,1
1,chain4,f32,4096,glibc_t2,FIXED_TWIN,5,2,1,2381.00,0.0000,0.0000,3000.0,0.0,1.000,16384.0,0.000,0,0,16384,1,2,1,0,1,1
1,chain4,f32,4096,glibc_t2,P5,5,3,1,9175.00,0.0000,0.0000,10000.0,0.0,4.000,65536.0,0.000,0,0,65536,4,0,0,0,1,1
1,chain4,f32,4096,glibc_t2,P7,6,0,1,2214.00,0.0000,0.0000,3000.0,0.0,1.000,16384.0,0.000,0,0,16384,1,2,1,0,1,1
1,chain4,f32,4096,glibc_t2,FIXED_TWIN,6,1,1,2136.00,0.0000,0.0000,3000.0,0.0,1.000,16384.0,0.000,0,0,16384,1,2,1,0,1,1
1,chain4,f32,4096,glibc_t2,P5,6,2,1,2838.00,0.0000,0.0000,3000.0,0.0,4.000,65536.0,0.000,0,0,65536,4,0,0,0,1,1
1,chain4,f32,4096,glibc_t2,P6,6,3,1,2331.00,0.0000,0.0000,3000.0,0.0,1.000,16384.0,0.000,0,0,16384,1,3,0,0,1,1
1,chain4,f32,4096,glibc_t2,FIXED_TWIN,7,0,1,2168.00,0.0000,0.0000,2000.0,0.0,1.000,16384.0,0.000,0,0,16384,1,2,1,0,1,1
1,chain4,f32,4096,glibc_t2,P5,7,1,1,2750.00,0.0000,0.0000,3000.0,0.0,4.000,65536.0,0.000,0,0,65536,4,0,0,0,1,1
1,chain4,f32,4096,glibc_t2,P6,7,2,1,2377.00,0.0000,0.0000,3000.0,0.0,1.000,16384.0,0.000,0,0,16384,1,3,0,0,1,1
1,chain4,f32,4096,glibc_t2,P7,7,3,1,2165.00,0.0000,0.0000,2000.0,0.0,1.000,16384.0,0.000,0,0,16384,1,2,1,0,1,1
1,chain4,f32,4096,glibc_t2,P5,8,0,1,2756.00,0.0000,0.0000,4000.0,0.0,4.000,65536.0,0.000,0,0,65536,4,0,0,0,1,1
1,chain4,f32,4096,glibc_t2,P6,8,1,1,2385.00,0.0000,0.0000,3000.0,0.0,1.000,16384.0,0.000,0,0,16384,1,3,0,0,1,1
1,chain4,f32,4096,glibc_t2,P7,8,2,1,2173.00,0.0000,0.0000,2000.0,0.0,1.000,16384.0,0.000,0,0,16384,1,2,1,0,1,1
1,chain4,f32,4096,glibc_t2,FIXED_TWIN,8,3,1,2151.00,0.0000,0.0000,3000.0,0.0,1.000,16384.0,0.000,0,0,16384,1,2,1,0,1,1
1,chain4,f32,4096,glibc_t2,P6,9,0,1,2348.00,0.0000,0.0000,3000.0,0.0,1.000,16384.0,0.000,0,0,16384,1,3,0,0,1,1
1,chain4,f32,4096,glibc_t2,P7,9,1,1,2187.00,0.0000,0.0000,2000.0,0.0,1.000,16384.0,0.000,0,0,16384,1,2,1,0,1,1
1,chain4,f32,4096,glibc_t2,FIXED_TWIN,9,2,1,2171.00,0.0000,0.0000,2000.0,0.0,1.000,16384.0,0.000,0,0,16384,1,2,1,0,1,1
1,chain4,f32,4096,glibc_t2,P5,9,3,1,2853.00,0.0000,0.0000,3000.0,0.0,4.000,65536.0,0.000,0,0,65536,4,0,0,0,1,1
1,chain4,f32,4096,glibc_t2,P7,10,0,1,2159.00,0.0000,0.0000,3000.0,0.0,1.000,16384.0,0.000,0,0,16384,1,2,1,0,1,1
1,chain4,f32,4096,glibc_t2,FIXED_TWIN,10,1,1,2117.00,0.0000,0.0000,2000.0,0.0,1.000,16384.0,0.000,0,0,16384,1,2,1,0,1,1
1,chain4,f32,4096,glibc_t2,P5,10,2,1,2772.00,0.0000,0.0000,3000.0,0.0,4.000,65536.0,0.000,0,0,65536,4,0,0,0,1,1
1,chain4,f32,4096,glibc_t2,P6,10,3,1,2323.00,0.0000,0.0000,3000.0,0.0,1.000,16384.0,0.000,0,0,16384,1,3,0,0,1,1
1,chain4,f32,4096,glibc_t2,FIXED_TWIN,11,0,1,2160.00,0.0000,0.0000,2000.0,0.0,1.000,16384.0,0.000,0,0,16384,1,2,1,0,1,1
1,chain4,f32,4096,glibc_t2,P5,11,1,1,2732.00,0.0000,0.0000,4000.0,0.0,4.000,65536.0,0.000,0,0,65536,4,0,0,0,1,1
1,chain4,f32,4096,glibc_t2,P6,11,2,1,2317.00,0.0000,0.0000,3000.0,0.0,1.000,16384.0,0.000,0,0,16384,1,3,0,0,1,1
1,chain4,f32,4096,glibc_t2,P7,11,3,1,2198.00,0.0000,0.0000,2000.0,0.0,1.000,16384.0,0.000,0,0,16384,1,2,1,0,1,1
1,chain4,f32,4096,glibc_t2,P5,12,0,1,2782.00,0.0000,0.0000,4000.0,0.0,4.000,65536.0,0.000,0,0,65536,4,0,0,0,1,1
1,chain4,f32,4096,glibc_t2,P6,12,1,1,2303.00,0.0000,0.0000,3000.0,0.0,1.000,16384.0,0.000,0,0,16384,1,3,0,0,1,1
1,chain4,f32,4096,glibc_t2,P7,12,2,1,2229.00,0.0000,0.0000,2000.0,0.0,1.000,16384.0,0.000,0,0,16384,1,2,1,0,1,1
1,chain4,f32,4096,glibc_t2,FIXED_TWIN,12,3,1,2167.00,0.0000,0.0000,3000.0,0.0,1.000,16384.0,0.000,0,0,16384,1,2,1,0,1,1
1,chain4,f32,4096,glibc_t2,P6,13,0,1,2369.00,0.0000,0.0000,3000.0,0.0,1.000,16384.0,0.000,0,0,16384,1,3,0,0,1,1
1,chain4,f32,4096,glibc_t2,P7,13,1,1,2204.00,0.0000,0.0000,2000.0,0.0,1.000,16384.0,0.000,0,0,16384,1,2,1,0,1,1
1,chain4,f32,4096,glibc_t2,FIXED_TWIN,13,2,1,2188.00,0.0000,0.0000,3000.0,0.0,1.000,16384.0,0.000,0,0,16384,1,2,1,0,1,1
1,chain4,f32,4096,glibc_t2,P5,13,3,1,2792.00,0.0000,0.0000,3000.0,0.0,4.000,65536.0,0.000,0,0,65536,4,0,0,0,1,1
1,chain4,f32,4096,glibc_t2,P7,14,0,1,2200.00,0.0000,0.0000,2000.0,0.0,1.000,16384.0,0.000,0,0,16384,1,2,1,0,1,1
1,chain4,f32,4096,glibc_t2,FIXED_TWIN,14,1,1,2141.00,0.0000,0.0000,2000.0,0.0,1.000,16384.0,0.000,0,0,16384,1,2,1,0,1,1
1,chain4,f32,4096,glibc_t2,P5,14,2,1,2795.00,0.0000,0.0000,3000.0,0.0,4.000,65536.0,0.000,0,0,65536,4,0,0,0,1,1
1,chain4,f32,4096,glibc_t2,P6,14,3,1,2347.00,0.0000,0.0000,3000.0,0.0,1.000,16384.0,0.000,0,0,16384,1,3,0,0,1,1
1,chain4,f32,16384,glibc_t2,P5,0,0,1,9408.00,0.0000,0.0000,10000.0,0.0,4.000,262144.0,0.000,0,0,262144,4,0,0,0,1,1
1,chain4,f32,16384,glibc_t2,P6,0,1,1,8919.00,0.0000,0.0000,10000.0,0.0,1.000,65536.0,0.000,0,0,65536,1,3,0,0,1,1
1,chain4,f32,16384,glibc_t2,P7,0,2,1,7752.00,0.0000,0.0000,9000.0,0.0,1.000,65536.0,0.000,0,0,65536,1,2,1,0,1,1
1,chain4,f32,16384,glibc_t2,FIXED_TWIN,0,3,1,7691.00,0.0000,0.0000,8000.0,0.0,1.000,65536.0,0.000,0,0,65536,1,2,1,0,1,1
1,chain4,f32,16384,glibc_t2,P6,1,0,1,8717.00,0.0000,0.0000,9000.0,0.0,1.000,65536.0,0.000,0,0,65536,1,3,0,0,1,1
1,chain4,f32,16384,glibc_t2,P7,1,1,1,7610.00,0.0000,0.0000,8000.0,0.0,1.000,65536.0,0.000,0,0,65536,1,2,1,0,1,1
1,chain4,f32,16384,glibc_t2,FIXED_TWIN,1,2,1,7555.00,0.0000,0.0000,8000.0,0.0,1.000,65536.0,0.000,0,0,65536,1,2,1,0,1,1
1,chain4,f32,16384,glibc_t2,P5,1,3,1,9219.00,0.0000,0.0000,9000.0,0.0,4.000,262144.0,0.000,0,0,262144,4,0,0,0,1,1
1,chain4,f32,16384,glibc_t2,P7,2,0,1,7643.00,0.0000,0.0000,8000.0,0.0,1.000,65536.0,0.000,0,0,65536,1,2,1,0,1,1
1,chain4,f32,16384,glibc_t2,FIXED_TWIN,2,1,1,7600.00,0.0000,0.0000,9000.0,0.0,1.000,65536.0,0.000,0,0,65536,1,2,1,0,1,1
1,chain4,f32,16384,glibc_t2,P5,2,2,1,9320.00,0.0000,0.0000,10000.0,0.0,4.000,262144.0,0.000,0,0,262144,4,0,0,0,1,1
1,chain4,f32,16384,glibc_t2,P6,2,3,1,8728.00,0.0000,0.0000,9000.0,0.0,1.000,65536.0,0.000,0,0,65536,1,3,0,0,1,1
1,chain4,f32,16384,glibc_t2,FIXED_TWIN,3,0,1,7638.00,0.0000,0.0000,8000.0,0.0,1.000,65536.0,0.000,0,0,65536,1,2,1,0,1,1
1,chain4,f32,16384,glibc_t2,P5,3,1,1,9214.00,0.0000,0.0000,9000.0,0.0,4.000,262144.0,0.000,0,0,262144,4,0,0,0,1,1
1,chain4,f32,16384,glibc_t2,P6,3,2,1,8737.00,0.0000,0.0000,10000.0,0.0,1.000,65536.0,0.000,0,0,65536,1,3,0,0,1,1
1,chain4,f32,16384,glibc_t2,P7,3,3,1,7589.00,0.0000,0.0000,8000.0,0.0,1.000,65536.0,0.000,0,0,65536,1,2,1,0,1,1
1,chain4,f32,16384,glibc_t2,P5,4,0,1,9349.00,0.0000,0.0000,10000.0,0.0,4.000,262144.0,0.000,0,0,262144,4,0,0,0,1,1
1,chain4,f32,16384,glibc_t2,P6,4,1,1,8719.00,0.0000,0.0000,9000.0,0.0,1.000,65536.0,0.000,0,0,65536,1,3,0,0,1,1
1,chain4,f32,16384,glibc_t2,P7,4,2,1,7577.00,0.0000,0.0000,8000.0,0.0,1.000,65536.0,0.000,0,0,65536,1,2,1,0,1,1
1,chain4,f32,16384,glibc_t2,FIXED_TWIN,4,3,1,7640.00,0.0000,0.0000,8000.0,0.0,1.000,65536.0,0.000,0,0,65536,1,2,1,0,1,1
1,chain4,f32,16384,glibc_t2,P6,5,0,1,8740.00,0.0000,0.0000,9000.0,0.0,1.000,65536.0,0.000,0,0,65536,1,3,0,0,1,1
1,chain4,f32,16384,glibc_t2,P7,5,1,1,7648.00,0.0000,0.0000,8000.0,0.0,1.000,65536.0,0.000,0,0,65536,1,2,1,0,1,1
1,chain4,f32,16384,glibc_t2,FIXED_TWIN,5,2,1,8340.00,0.0000,0.0000,9000.0,0.0,1.000,65536.0,0.000,0,0,65536,1,2,1,0,1,1
1,chain4,f32,16384,glibc_t2,P5,5,3,1,9538.00,0.0000,0.0000,10000.0,0.0,4.000,262144.0,0.000,0,0,262144,4,0,0,0,1,1
1,chain4,f32,16384,glibc_t2,P7,6,0,1,7905.00,0.0000,0.0000,8000.0,0.0,1.000,65536.0,0.000,0,0,65536,1,2,1,0,1,1
1,chain4,f32,16384,glibc_t2,FIXED_TWIN,6,1,1,7760.00,0.0000,0.0000,8000.0,0.0,1.000,65536.0,0.000,0,0,65536,1,2,1,0,1,1
1,chain4,f32,16384,glibc_t2,P5,6,2,1,9332.00,0.0000,0.0000,9000.0,0.0,4.000,262144.0,0.000,0,0,262144,4,0,0,0,1,1
1,chain4,f32,16384,glibc_t2,P6,6,3,1,8763.00,0.0000,0.0000,10000.0,0.0,1.000,65536.0,0.000,0,0,65536,1,3,0,0,1,1
1,chain4,f32,16384,glibc_t2,FIXED_TWIN,7,0,1,7664.00,0.0000,0.0000,8000.0,0.0,1.000,65536.0,0.000,0,0,65536,1,2,1,0,1,1
1,chain4,f32,16384,glibc_t2,P5,7,1,1,9237.00,0.0000,0.0000,10000.0,0.0,4.000,262144.0,0.000,0,0,262144,4,0,0,0,1,1
1,chain4,f32,16384,glibc_t2,P6,7,2,1,8688.00,0.0000,0.0000,9000.0,0.0,1.000,65536.0,0.000,0,0,65536,1,3,0,0,1,1
1,chain4,f32,16384,glibc_t2,P7,7,3,1,7594.00,0.0000,0.0000,8000.0,0.0,1.000,65536.0,0.000,0,0,65536,1,2,1,0,1,1
1,chain4,f32,16384,glibc_t2,P5,8,0,1,9217.00,0.0000,0.0000,9000.0,0.0,4.000,262144.0,0.000,0,0,262144,4,0,0,0,1,1
1,chain4,f32,16384,glibc_t2,P6,8,1,1,8724.00,0.0000,0.0000,9000.0,0.0,1.000,65536.0,0.000,0,0,65536,1,3,0,0,1,1
1,chain4,f32,16384,glibc_t2,P7,8,2,1,7630.00,0.0000,0.0000,8000.0,0.0,1.000,65536.0,0.000,0,0,65536,1,2,1,0,1,1
1,chain4,f32,16384,glibc_t2,FIXED_TWIN,8,3,1,7584.00,0.0000,0.0000,8000.0,0.0,1.000,65536.0,0.000,0,0,65536,1,2,1,0,1,1
1,chain4,f32,16384,glibc_t2,P6,9,0,1,8666.00,0.0000,0.0000,9000.0,0.0,1.000,65536.0,0.000,0,0,65536,1,3,0,0,1,1
1,chain4,f32,16384,glibc_t2,P7,9,1,1,7693.00,0.0000,0.0000,8000.0,0.0,1.000,65536.0,0.000,0,0,65536,1,2,1,0,1,1
1,chain4,f32,16384,glibc_t2,FIXED_TWIN,9,2,1,7733.00,0.0000,0.0000,8000.0,0.0,1.000,65536.0,0.000,0,0,65536,1,2,1,0,1,1
1,chain4,f32,16384,glibc_t2,P5,9,3,1,9243.00,0.0000,0.0000,9000.0,0.0,4.000,262144.0,0.000,0,0,262144,4,0,0,0,1,1
1,chain4,f32,16384,glibc_t2,P7,10,0,1,7661.00,0.0000,0.0000,8000.0,0.0,1.000,65536.0,0.000,0,0,65536,1,2,1,0,1,1
1,chain4,f32,16384,glibc_t2,FIXED_TWIN,10,1,1,7578.00,0.0000,0.0000,8000.0,0.0,1.000,65536.0,0.000,0,0,65536,1,2,1,0,1,1
1,chain4,f32,16384,glibc_t2,P5,10,2,1,9292.00,0.0000,0.0000,10000.0,0.0,4.000,262144.0,0.000,0,0,262144,4,0,0,0,1,1
1,chain4,f32,16384,glibc_t2,P6,10,3,1,8743.00,0.0000,0.0000,10000.0,0.0,1.000,65536.0,0.000,0,0,65536,1,3,0,0,1,1
1,chain4,f32,16384,glibc_t2,FIXED_TWIN,11,0,1,7644.00,0.0000,0.0000,8000.0,0.0,1.000,65536.0,0.000,0,0,65536,1,2,1,0,1,1
1,chain4,f32,16384,glibc_t2,P5,11,1,1,9261.00,0.0000,0.0000,10000.0,0.0,4.000,262144.0,0.000,0,0,262144,4,0,0,0,1,1
1,chain4,f32,16384,glibc_t2,P6,11,2,1,8706.00,0.0000,0.0000,9000.0,0.0,1.000,65536.0,0.000,0,0,65536,1,3,0,0,1,1
1,chain4,f32,16384,glibc_t2,P7,11,3,1,7633.00,0.0000,0.0000,8000.0,0.0,1.000,65536.0,0.000,0,0,65536,1,2,1,0,1,1
1,chain4,f32,16384,glibc_t2,P5,12,0,1,9234.00,0.0000,0.0000,10000.0,0.0,4.000,262144.0,0.000,0,0,262144,4,0,0,0,1,1
1,chain4,f32,16384,glibc_t2,P6,12,1,1,9145.00,0.0000,0.0000,10000.0,0.0,1.000,65536.0,0.000,0,0,65536,1,3,0,0,1,1
1,chain4,f32,16384,glibc_t2,P7,12,2,1,7789.00,0.0000,0.0000,8000.0,0.0,1.000,65536.0,0.000,0,0,65536,1,2,1,0,1,1
1,chain4,f32,16384,glibc_t2,FIXED_TWIN,12,3,1,7645.00,0.0000,0.0000,8000.0,0.0,1.000,65536.0,0.000,0,0,65536,1,2,1,0,1,1
1,chain4,f32,16384,glibc_t2,P6,13,0,1,8788.00,0.0000,0.0000,9000.0,0.0,1.000,65536.0,0.000,0,0,65536,1,3,0,0,1,1
1,chain4,f32,16384,glibc_t2,P7,13,1,1,7616.00,0.0000,0.0000,8000.0,0.0,1.000,65536.0,0.000,0,0,65536,1,2,1,0,1,1
1,chain4,f32,16384,glibc_t2,FIXED_TWIN,13,2,1,7692.00,0.0000,0.0000,8000.0,0.0,1.000,65536.0,0.000,0,0,65536,1,2,1,0,1,1
1,chain4,f32,16384,glibc_t2,P5,13,3,1,9354.00,0.0000,0.0000,10000.0,0.0,4.000,262144.0,0.000,0,0,262144,4,0,0,0,1,1
1,chain4,f32,16384,glibc_t2,P7,14,0,1,7655.00,0.0000,0.0000,8000.0,0.0,1.000,65536.0,0.000,0,0,65536,1,2,1,0,1,1
1,chain4,f32,16384,glibc_t2,FIXED_TWIN,14,1,1,7588.00,0.0000,0.0000,8000.0,0.0,1.000,65536.0,0.000,0,0,65536,1,2,1,0,1,1
1,chain4,f32,16384,glibc_t2,P5,14,2,1,9270.00,0.0000,0.0000,10000.0,0.0,4.000,262144.0,0.000,0,0,262144,4,0,0,0,1,1
1,chain4,f32,16384,glibc_t2,P6,14,3,1,8724.00,0.0000,0.0000,9000.0,0.0,1.000,65536.0,0.000,0,0,65536,1,3,0,0,1,1
1,chain4,f32,65536,glibc_t2,P5,0,0,1,373110.00,260.0000,0.0000,0.0,376000.0,4.000,1048576.0,0.000,0,0,1048576,4,0,0,0,1,1
1,chain4,f32,65536,glibc_t2,P6,0,1,1,144837.00,65.0000,0.0000,0.0,148000.0,1.000,262144.0,0.000,0,0,262144,1,3,0,0,1,1
1,chain4,f32,65536,glibc_t2,P7,0,2,1,105311.00,65.0000,0.0000,0.0,107000.0,1.000,262144.0,0.000,0,0,262144,1,2,1,0,1,1
1,chain4,f32,65536,glibc_t2,FIXED_TWIN,0,3,1,94271.00,65.0000,0.0000,0.0,95000.0,1.000,262144.0,0.000,0,0,262144,1,2,1,0,1,1
1,chain4,f32,65536,glibc_t2,P6,1,0,1,101382.00,65.0000,0.0000,0.0,103000.0,1.000,262144.0,0.000,0,0,262144,1,3,0,0,1,1
1,chain4,f32,65536,glibc_t2,P7,1,1,1,94457.00,65.0000,0.0000,0.0,96000.0,1.000,262144.0,0.000,0,0,262144,1,2,1,0,1,1
1,chain4,f32,65536,glibc_t2,FIXED_TWIN,1,2,1,97449.00,65.0000,0.0000,0.0,99000.0,1.000,262144.0,0.000,0,0,262144,1,2,1,0,1,1
1,chain4,f32,65536,glibc_t2,P5,1,3,1,328064.00,260.0000,0.0000,0.0,330000.0,4.000,1048576.0,0.000,0,0,1048576,4,0,0,0,1,1
1,chain4,f32,65536,glibc_t2,P7,2,0,1,95211.00,65.0000,0.0000,0.0,97000.0,1.000,262144.0,0.000,0,0,262144,1,2,1,0,1,1
1,chain4,f32,65536,glibc_t2,FIXED_TWIN,2,1,1,97012.00,65.0000,0.0000,0.0,98000.0,1.000,262144.0,0.000,0,0,262144,1,2,1,0,1,1
1,chain4,f32,65536,glibc_t2,P5,2,2,1,380713.00,260.0000,0.0000,383000.0,0.0,4.000,1048576.0,0.000,0,0,1048576,4,0,0,0,1,1
1,chain4,f32,65536,glibc_t2,P6,2,3,1,108314.00,65.0000,0.0000,110000.0,0.0,1.000,262144.0,0.000,0,0,262144,1,3,0,0,1,1
1,chain4,f32,65536,glibc_t2,FIXED_TWIN,3,0,1,93336.00,65.0000,0.0000,95000.0,0.0,1.000,262144.0,0.000,0,0,262144,1,2,1,0,1,1
1,chain4,f32,65536,glibc_t2,P5,3,1,1,332939.00,260.0000,0.0000,335000.0,0.0,4.000,1048576.0,0.000,0,0,1048576,4,0,0,0,1,1
1,chain4,f32,65536,glibc_t2,P6,3,2,1,99482.00,65.0000,0.0000,101000.0,0.0,1.000,262144.0,0.000,0,0,262144,1,3,0,0,1,1
1,chain4,f32,65536,glibc_t2,P7,3,3,1,93242.00,65.0000,0.0000,94000.0,0.0,1.000,262144.0,0.000,0,0,262144,1,2,1,0,1,1
1,chain4,f32,65536,glibc_t2,P5,4,0,1,326334.00,260.0000,0.0000,328000.0,0.0,4.000,1048576.0,0.000,0,0,1048576,4,0,0,0,1,1
1,chain4,f32,65536,glibc_t2,P6,4,1,1,120176.00,65.0000,0.0000,121000.0,0.0,1.000,262144.0,0.000,0,0,262144,1,3,0,0,1,1
1,chain4,f32,65536,glibc_t2,P7,4,2,1,94605.00,65.0000,0.0000,96000.0,0.0,1.000,262144.0,0.000,0,0,262144,1,2,1,0,1,1
1,chain4,f32,65536,glibc_t2,FIXED_TWIN,4,3,1,93512.00,65.0000,0.0000,93000.0,1000.0,1.000,262144.0,0.000,0,0,262144,1,2,1,0,1,1
1,chain4,f32,65536,glibc_t2,P6,5,0,1,100572.00,65.0000,0.0000,0.0,102000.0,1.000,262144.0,0.000,0,0,262144,1,3,0,0,1,1
1,chain4,f32,65536,glibc_t2,P7,5,1,1,98980.00,65.0000,0.0000,0.0,101000.0,1.000,262144.0,0.000,0,0,262144,1,2,1,0,1,1
1,chain4,f32,65536,glibc_t2,FIXED_TWIN,5,2,1,93945.00,65.0000,0.0000,0.0,95000.0,1.000,262144.0,0.000,0,0,262144,1,2,1,0,1,1
1,chain4,f32,65536,glibc_t2,P5,5,3,1,354624.00,260.0000,0.0000,0.0,356000.0,4.000,1048576.0,0.000,0,0,1048576,4,0,0,0,1,1
1,chain4,f32,65536,glibc_t2,P7,6,0,1,115762.00,65.0000,0.0000,0.0,117000.0,1.000,262144.0,0.000,0,0,262144,1,2,1,0,1,1
1,chain4,f32,65536,glibc_t2,FIXED_TWIN,6,1,1,94642.00,65.0000,0.0000,0.0,97000.0,1.000,262144.0,0.000,0,0,262144,1,2,1,0,1,1
1,chain4,f32,65536,glibc_t2,P5,6,2,1,326851.00,260.0000,0.0000,0.0,328000.0,4.000,1048576.0,0.000,0,0,1048576,4,0,0,0,1,1
1,chain4,f32,65536,glibc_t2,P6,6,3,1,117186.00,65.0000,0.0000,0.0,118000.0,1.000,262144.0,0.000,0,0,262144,1,3,0,0,1,1
1,chain4,f32,65536,glibc_t2,FIXED_TWIN,7,0,1,101108.00,65.0000,0.0000,0.0,102000.0,1.000,262144.0,0.000,0,0,262144,1,2,1,0,1,1
1,chain4,f32,65536,glibc_t2,P5,7,1,1,386412.00,260.0000,0.0000,0.0,388000.0,4.000,1048576.0,0.000,0,0,1048576,4,0,0,0,1,1
1,chain4,f32,65536,glibc_t2,P6,7,2,1,100089.00,65.0000,0.0000,0.0,101000.0,1.000,262144.0,0.000,0,0,262144,1,3,0,0,1,1
1,chain4,f32,65536,glibc_t2,P7,7,3,1,93875.00,65.0000,0.0000,0.0,95000.0,1.000,262144.0,0.000,0,0,262144,1,2,1,0,1,1
1,chain4,f32,65536,glibc_t2,P5,8,0,1,332636.00,260.0000,0.0000,0.0,334000.0,4.000,1048576.0,0.000,0,0,1048576,4,0,0,0,1,1
1,chain4,f32,65536,glibc_t2,P6,8,1,1,99846.00,65.0000,0.0000,0.0,101000.0,1.000,262144.0,0.000,0,0,262144,1,3,0,0,1,1
1,chain4,f32,65536,glibc_t2,P7,8,2,1,121952.00,65.0000,0.0000,0.0,124000.0,1.000,262144.0,0.000,0,0,262144,1,2,1,0,1,1
1,chain4,f32,65536,glibc_t2,FIXED_TWIN,8,3,1,93647.00,65.0000,0.0000,0.0,95000.0,1.000,262144.0,0.000,0,0,262144,1,2,1,0,1,1
1,chain4,f32,65536,glibc_t2,P6,9,0,1,98663.00,65.0000,0.0000,0.0,99000.0,1.000,262144.0,0.000,0,0,262144,1,3,0,0,1,1
1,chain4,f32,65536,glibc_t2,P7,9,1,1,93281.00,65.0000,0.0000,0.0,95000.0,1.000,262144.0,0.000,0,0,262144,1,2,1,0,1,1
1,chain4,f32,65536,glibc_t2,FIXED_TWIN,9,2,1,99780.00,65.0000,0.0000,0.0,101000.0,1.000,262144.0,0.000,0,0,262144,1,2,1,0,1,1
1,chain4,f32,65536,glibc_t2,P5,9,3,1,371696.00,260.0000,0.0000,373000.0,0.0,4.000,1048576.0,0.000,0,0,1048576,4,0,0,0,1,1
1,chain4,f32,65536,glibc_t2,P7,10,0,1,95097.00,65.0000,0.0000,96000.0,0.0,1.000,262144.0,0.000,0,0,262144,1,2,1,0,1,1
1,chain4,f32,65536,glibc_t2,FIXED_TWIN,10,1,1,94113.00,65.0000,0.0000,95000.0,0.0,1.000,262144.0,0.000,0,0,262144,1,2,1,0,1,1
1,chain4,f32,65536,glibc_t2,P5,10,2,1,347717.00,260.0000,0.0000,349000.0,0.0,4.000,1048576.0,0.000,0,0,1048576,4,0,0,0,1,1
1,chain4,f32,65536,glibc_t2,P6,10,3,1,99261.00,65.0000,0.0000,100000.0,0.0,1.000,262144.0,0.000,0,0,262144,1,3,0,0,1,1
1,chain4,f32,65536,glibc_t2,FIXED_TWIN,11,0,1,115637.00,65.0000,0.0000,116000.0,0.0,1.000,262144.0,0.000,0,0,262144,1,2,1,0,1,1
1,chain4,f32,65536,glibc_t2,P5,11,1,1,321376.00,260.0000,0.0000,323000.0,0.0,4.000,1048576.0,0.000,0,0,1048576,4,0,0,0,1,1
1,chain4,f32,65536,glibc_t2,P6,11,2,1,121392.00,65.0000,0.0000,122000.0,0.0,1.000,262144.0,0.000,0,0,262144,1,3,0,0,1,1
1,chain4,f32,65536,glibc_t2,P7,11,3,1,93768.00,65.0000,0.0000,95000.0,0.0,1.000,262144.0,0.000,0,0,262144,1,2,1,0,1,1
1,chain4,f32,65536,glibc_t2,P5,12,0,1,347090.00,260.0000,0.0000,0.0,348000.0,4.000,1048576.0,0.000,0,0,1048576,4,0,0,0,1,1
1,chain4,f32,65536,glibc_t2,P6,12,1,1,98948.00,65.0000,0.0000,0.0,101000.0,1.000,262144.0,0.000,0,0,262144,1,3,0,0,1,1
1,chain4,f32,65536,glibc_t2,P7,12,2,1,93533.00,65.0000,0.0000,0.0,95000.0,1.000,262144.0,0.000,0,0,262144,1,2,1,0,1,1
1,chain4,f32,65536,glibc_t2,FIXED_TWIN,12,3,1,97033.00,65.0000,0.0000,0.0,99000.0,1.000,262144.0,0.000,0,0,262144,1,2,1,0,1,1
1,chain4,f32,65536,glibc_t2,P6,13,0,1,99886.00,65.0000,0.0000,0.0,101000.0,1.000,262144.0,0.000,0,0,262144,1,3,0,0,1,1
1,chain4,f32,65536,glibc_t2,P7,13,1,1,93949.00,65.0000,0.0000,0.0,95000.0,1.000,262144.0,0.000,0,0,262144,1,2,1,0,1,1
1,chain4,f32,65536,glibc_t2,FIXED_TWIN,13,2,1,118174.00,65.0000,0.0000,0.0,120000.0,1.000,262144.0,0.000,0,0,262144,1,2,1,0,1,1
1,chain4,f32,65536,glibc_t2,P5,13,3,1,321144.00,260.0000,0.0000,0.0,322000.0,4.000,1048576.0,0.000,0,0,1048576,4,0,0,0,1,1
1,chain4,f32,65536,glibc_t2,P7,14,0,1,126229.00,65.0000,0.0000,19000.0,108000.0,1.000,262144.0,0.000,0,0,262144,1,2,1,0,1,1
1,chain4,f32,65536,glibc_t2,FIXED_TWIN,14,1,1,94273.00,65.0000,0.0000,44000.0,51000.0,1.000,262144.0,0.000,0,0,262144,1,2,1,0,1,1
1,chain4,f32,65536,glibc_t2,P5,14,2,1,349094.00,260.0000,0.0000,350000.0,0.0,4.000,1048576.0,0.000,0,0,1048576,4,0,0,0,1,1
1,chain4,f32,65536,glibc_t2,P6,14,3,1,119363.00,65.0000,0.0000,121000.0,0.0,1.000,262144.0,0.000,0,0,262144,1,3,0,0,1,1
1,chain4,f32,262144,glibc_t2,P5,0,0,1,1433762.00,1028.0000,0.0000,0.0,1437000.0,4.000,4194304.0,0.000,0,0,4194304,4,0,0,0,1,1
1,chain4,f32,262144,glibc_t2,P6,0,1,1,505309.00,257.0000,0.0000,0.0,507000.0,1.000,1048576.0,0.000,0,0,1048576,1,3,0,0,1,1
1,chain4,f32,262144,glibc_t2,P7,0,2,1,629100.00,257.0000,0.0000,543000.0,0.0,1.000,1048576.0,0.000,0,0,1048576,1,2,1,0,1,1
1,chain4,f32,262144,glibc_t2,FIXED_TWIN,0,3,1,508751.00,257.0000,0.0000,511000.0,0.0,1.000,1048576.0,0.000,0,0,1048576,1,2,1,0,1,1
1,chain4,f32,262144,glibc_t2,P6,1,0,1,498030.00,257.0000,0.0000,500000.0,0.0,1.000,1048576.0,0.000,0,0,1048576,1,3,0,0,1,1
1,chain4,f32,262144,glibc_t2,P7,1,1,1,540143.00,257.0000,0.0000,0.0,543000.0,1.000,1048576.0,0.000,0,0,1048576,1,2,1,0,1,1
1,chain4,f32,262144,glibc_t2,FIXED_TWIN,1,2,1,489850.00,257.0000,0.0000,0.0,492000.0,1.000,1048576.0,0.000,0,0,1048576,1,2,1,0,1,1
1,chain4,f32,262144,glibc_t2,P5,1,3,1,1436823.00,1028.0000,0.0000,0.0,1439000.0,4.000,4194304.0,0.000,0,0,4194304,4,0,0,0,1,1
1,chain4,f32,262144,glibc_t2,P7,2,0,1,516010.00,257.0000,0.0000,0.0,520000.0,1.000,1048576.0,0.000,0,0,1048576,1,2,1,0,1,1
1,chain4,f32,262144,glibc_t2,FIXED_TWIN,2,1,1,489092.00,257.0000,0.0000,0.0,491000.0,1.000,1048576.0,0.000,0,0,1048576,1,2,1,0,1,1
1,chain4,f32,262144,glibc_t2,P5,2,2,1,1374035.00,1028.0000,0.0000,1376000.0,0.0,4.000,4194304.0,0.000,0,0,4194304,4,0,0,0,1,1
1,chain4,f32,262144,glibc_t2,P6,2,3,1,587884.00,257.0000,0.0000,0.0,591000.0,1.000,1048576.0,0.000,0,0,1048576,1,3,0,0,1,1
1,chain4,f32,262144,glibc_t2,FIXED_TWIN,3,0,1,511741.00,257.0000,0.0000,0.0,514000.0,1.000,1048576.0,0.000,0,0,1048576,1,2,1,0,1,1
1,chain4,f32,262144,glibc_t2,P5,3,1,1,1434170.00,1028.0000,0.0000,0.0,1436000.0,4.000,4194304.0,0.000,0,0,4194304,4,0,0,0,1,1
1,chain4,f32,262144,glibc_t2,P6,3,2,1,536752.00,257.0000,0.0000,0.0,540000.0,1.000,1048576.0,0.000,0,0,1048576,1,3,0,0,1,1
1,chain4,f32,262144,glibc_t2,P7,3,3,1,514258.00,257.0000,0.0000,44000.0,473000.0,1.000,1048576.0,0.000,0,0,1048576,1,2,1,0,1,1
1,chain4,f32,262144,glibc_t2,P5,4,0,1,1492955.00,1028.0000,0.0000,1495000.0,0.0,4.000,4194304.0,0.000,0,0,4194304,4,0,0,0,1,1
1,chain4,f32,262144,glibc_t2,P6,4,1,1,534832.00,257.0000,0.0000,538000.0,0.0,1.000,1048576.0,0.000,0,0,1048576,1,3,0,0,1,1
1,chain4,f32,262144,glibc_t2,P7,4,2,1,479440.00,257.0000,0.0000,482000.0,0.0,1.000,1048576.0,0.000,0,0,1048576,1,2,1,0,1,1
1,chain4,f32,262144,glibc_t2,FIXED_TWIN,4,3,1,503738.00,257.0000,0.0000,506000.0,0.0,1.000,1048576.0,0.000,0,0,1048576,1,2,1,0,1,1
1,chain4,f32,262144,glibc_t2,P6,5,0,1,522142.00,257.0000,0.0000,525000.0,0.0,1.000,1048576.0,0.000,0,0,1048576,1,3,0,0,1,1
1,chain4,f32,262144,glibc_t2,P7,5,1,1,486284.00,257.0000,0.0000,489000.0,0.0,1.000,1048576.0,0.000,0,0,1048576,1,2,1,0,1,1
1,chain4,f32,262144,glibc_t2,FIXED_TWIN,5,2,1,508912.00,257.0000,0.0000,511000.0,0.0,1.000,1048576.0,0.000,0,0,1048576,1,2,1,0,1,1
1,chain4,f32,262144,glibc_t2,P5,5,3,1,1414256.00,1028.0000,0.0000,1417000.0,0.0,4.000,4194304.0,0.000,0,0,4194304,4,0,0,0,1,1
1,chain4,f32,262144,glibc_t2,P7,6,0,1,522273.00,257.0000,0.0000,525000.0,0.0,1.000,1048576.0,0.000,0,0,1048576,1,2,1,0,1,1
1,chain4,f32,262144,glibc_t2,FIXED_TWIN,6,1,1,502677.00,257.0000,0.0000,505000.0,0.0,1.000,1048576.0,0.000,0,0,1048576,1,2,1,0,1,1
1,chain4,f32,262144,glibc_t2,P5,6,2,1,1421265.00,1028.0000,0.0000,0.0,1424000.0,4.000,4194304.0,0.000,0,0,4194304,4,0,0,0,1,1
1,chain4,f32,262144,glibc_t2,P6,6,3,1,498359.00,257.0000,0.0000,0.0,501000.0,1.000,1048576.0,0.000,0,0,1048576,1,3,0,0,1,1
1,chain4,f32,262144,glibc_t2,FIXED_TWIN,7,0,1,499477.00,257.0000,0.0000,230000.0,272000.0,1.000,1048576.0,0.000,0,0,1048576,1,2,1,0,1,1
1,chain4,f32,262144,glibc_t2,P5,7,1,1,1414752.00,1028.0000,0.0000,1417000.0,0.0,4.000,4194304.0,0.000,0,0,4194304,4,0,0,0,1,1
1,chain4,f32,262144,glibc_t2,P6,7,2,1,508030.00,257.0000,0.0000,234000.0,276000.0,1.000,1048576.0,0.000,0,0,1048576,1,3,0,0,1,1
1,chain4,f32,262144,glibc_t2,P7,7,3,1,500935.00,257.0000,0.0000,503000.0,0.0,1.000,1048576.0,0.000,0,0,1048576,1,2,1,0,1,1
1,chain4,f32,262144,glibc_t2,P5,8,0,1,1434056.00,1028.0000,0.0000,0.0,1436000.0,4.000,4194304.0,0.000,0,0,4194304,4,0,0,0,1,1
1,chain4,f32,262144,glibc_t2,P6,8,1,1,519077.00,257.0000,0.0000,0.0,522000.0,1.000,1048576.0,0.000,0,0,1048576,1,3,0,0,1,1
1,chain4,f32,262144,glibc_t2,P7,8,2,1,479470.00,257.0000,0.0000,221000.0,261000.0,1.000,1048576.0,0.000,0,0,1048576,1,2,1,0,1,1
1,chain4,f32,262144,glibc_t2,FIXED_TWIN,8,3,1,503145.00,257.0000,0.0000,505000.0,0.0,1.000,1048576.0,0.000,0,0,1048576,1,2,1,0,1,1
1,chain4,f32,262144,glibc_t2,P6,9,0,1,504738.00,257.0000,0.0000,507000.0,0.0,1.000,1048576.0,0.000,0,0,1048576,1,3,0,0,1,1
1,chain4,f32,262144,glibc_t2,P7,9,1,1,499723.00,257.0000,0.0000,453000.0,49000.0,1.000,1048576.0,0.000,0,0,1048576,1,2,1,0,1,1
1,chain4,f32,262144,glibc_t2,FIXED_TWIN,9,2,1,504070.00,257.0000,0.0000,506000.0,0.0,1.000,1048576.0,0.000,0,0,1048576,1,2,1,0,1,1
1,chain4,f32,262144,glibc_t2,P5,9,3,1,1393781.00,1028.0000,0.0000,1108000.0,287000.0,4.000,4194304.0,0.000,0,0,4194304,4,0,0,0,1,1
1,chain4,f32,262144,glibc_t2,P7,10,0,1,477891.00,257.0000,0.0000,480000.0,0.0,1.000,1048576.0,0.000,0,0,1048576,1,2,1,0,1,1
1,chain4,f32,262144,glibc_t2,FIXED_TWIN,10,1,1,504742.00,257.0000,0.0000,507000.0,0.0,1.000,1048576.0,0.000,0,0,1048576,1,2,1,0,1,1
1,chain4,f32,262144,glibc_t2,P5,10,2,1,1382921.00,1028.0000,0.0000,320000.0,1065000.0,4.000,4194304.0,0.000,0,0,4194304,4,0,0,0,1,1
1,chain4,f32,262144,glibc_t2,P6,10,3,1,496739.00,257.0000,0.0000,228000.0,271000.0,1.000,1048576.0,0.000,0,0,1048576,1,3,0,0,1,1
1,chain4,f32,262144,glibc_t2,FIXED_TWIN,11,0,1,523732.00,257.0000,0.0000,526000.0,0.0,1.000,1048576.0,0.000,0,0,1048576,1,2,1,0,1,1
1,chain4,f32,262144,glibc_t2,P5,11,1,1,1427781.00,1028.0000,0.0000,1430000.0,0.0,4.000,4194304.0,0.000,0,0,4194304,4,0,0,0,1,1
1,chain4,f32,262144,glibc_t2,P6,11,2,1,503407.00,257.0000,0.0000,0.0,506000.0,1.000,1048576.0,0.000,0,0,1048576,1,3,0,0,1,1
1,chain4,f32,262144,glibc_t2,P7,11,3,1,504195.00,257.0000,0.0000,0.0,507000.0,1.000,1048576.0,0.000,0,0,1048576,1,2,1,0,1,1
1,chain4,f32,262144,glibc_t2,P5,12,0,1,1394091.00,1028.0000,0.0000,0.0,1396000.0,4.000,4194304.0,0.000,0,0,4194304,4,0,0,0,1,1
1,chain4,f32,262144,glibc_t2,P6,12,1,1,502522.00,257.0000,0.0000,0.0,504000.0,1.000,1048576.0,0.000,0,0,1048576,1,3,0,0,1,1
1,chain4,f32,262144,glibc_t2,P7,12,2,1,534379.00,257.0000,0.0000,0.0,536000.0,1.000,1048576.0,0.000,0,0,1048576,1,2,1,0,1,1
1,chain4,f32,262144,glibc_t2,FIXED_TWIN,12,3,1,505138.00,257.0000,0.0000,0.0,508000.0,1.000,1048576.0,0.000,0,0,1048576,1,2,1,0,1,1
1,chain4,f32,262144,glibc_t2,P6,13,0,1,501719.00,257.0000,0.0000,0.0,504000.0,1.000,1048576.0,0.000,0,0,1048576,1,3,0,0,1,1
1,chain4,f32,262144,glibc_t2,P7,13,1,1,533105.00,257.0000,0.0000,535000.0,0.0,1.000,1048576.0,0.000,0,0,1048576,1,2,1,0,1,1
1,chain4,f32,262144,glibc_t2,FIXED_TWIN,13,2,1,505261.00,257.0000,0.0000,507000.0,0.0,1.000,1048576.0,0.000,0,0,1048576,1,2,1,0,1,1
1,chain4,f32,262144,glibc_t2,P5,13,3,1,1419781.00,1028.0000,0.0000,0.0,1422000.0,4.000,4194304.0,0.000,0,0,4194304,4,0,0,0,1,1
1,chain4,f32,262144,glibc_t2,P7,14,0,1,498884.00,257.0000,0.0000,0.0,501000.0,1.000,1048576.0,0.000,0,0,1048576,1,2,1,0,1,1
1,chain4,f32,262144,glibc_t2,FIXED_TWIN,14,1,1,506703.00,257.0000,0.0000,234000.0,275000.0,1.000,1048576.0,0.000,0,0,1048576,1,2,1,0,1,1
1,chain4,f32,262144,glibc_t2,P5,14,2,1,1381435.00,1028.0000,0.0000,0.0,1384000.0,4.000,4194304.0,0.000,0,0,4194304,4,0,0,0,1,1
1,chain4,f32,262144,glibc_t2,P6,14,3,1,530335.00,257.0000,0.0000,532000.0,0.0,1.000,1048576.0,0.000,0,0,1048576,1,3,0,0,1,1
1,chain4,f32,1048576,glibc_t2,P5,0,0,1,6390369.00,4100.0000,0.0000,3265000.0,3131000.0,4.000,16777216.0,0.000,0,0,16777216,4,0,0,0,1,1
1,chain4,f32,1048576,glibc_t2,P6,0,1,1,2347676.00,1025.0000,0.0000,1071000.0,1280000.0,1.000,4194304.0,0.000,0,0,4194304,1,3,0,0,1,1
1,chain4,f32,1048576,glibc_t2,P7,0,2,1,2183076.00,1025.0000,0.0000,0.0,2163000.0,1.000,4194304.0,0.000,0,0,4194304,1,2,1,0,1,1
1,chain4,f32,1048576,glibc_t2,FIXED_TWIN,0,3,1,2146259.00,1025.0000,0.0000,985000.0,1164000.0,1.000,4194304.0,0.000,0,0,4194304,1,2,1,0,1,1
1,chain4,f32,1048576,glibc_t2,P6,1,0,1,2357381.00,1025.0000,0.0000,0.0,2361000.0,1.000,4194304.0,0.000,0,0,4194304,1,3,0,0,1,1
1,chain4,f32,1048576,glibc_t2,P7,1,1,1,2148090.00,1025.0000,0.0000,163000.0,1988000.0,1.000,4194304.0,0.000,0,0,4194304,1,2,1,0,1,1
1,chain4,f32,1048576,glibc_t2,FIXED_TWIN,1,2,1,2153986.00,1025.0000,0.0000,0.0,2157000.0,1.000,4194304.0,0.000,0,0,4194304,1,2,1,0,1,1
1,chain4,f32,1048576,glibc_t2,P5,1,3,1,6610942.00,4100.0000,0.0000,0.0,6614000.0,4.000,16777216.0,0.000,0,0,16777216,4,0,0,0,1,1
1,chain4,f32,1048576,glibc_t2,P7,2,0,1,2268532.00,1025.0000,0.0000,0.0,2271000.0,1.000,4194304.0,0.000,0,0,4194304,1,2,1,0,1,1
1,chain4,f32,1048576,glibc_t2,FIXED_TWIN,2,1,1,2162336.00,1025.0000,0.0000,992000.0,1173000.0,1.000,4194304.0,0.000,0,0,4194304,1,2,1,0,1,1
1,chain4,f32,1048576,glibc_t2,P5,2,2,1,6561696.00,4100.0000,0.0000,1175000.0,5389000.0,4.000,16777216.0,0.000,0,0,16777216,4,0,0,0,1,1
1,chain4,f32,1048576,glibc_t2,P6,2,3,1,2445508.00,1025.0000,0.0000,0.0,2448000.0,1.000,4194304.0,0.000,0,0,4194304,1,3,0,0,1,1
1,chain4,f32,1048576,glibc_t2,FIXED_TWIN,3,0,1,2137778.00,1025.0000,0.0000,981000.0,1160000.0,1.000,4194304.0,0.000,0,0,4194304,1,2,1,0,1,1
1,chain4,f32,1048576,glibc_t2,P5,3,1,1,6321092.00,4100.0000,0.0000,0.0,6324000.0,4.000,16777216.0,0.000,0,0,16777216,4,0,0,0,1,1
1,chain4,f32,1048576,glibc_t2,P6,3,2,1,2430406.00,1025.0000,0.0000,2437000.0,0.0,1.000,4194304.0,0.000,0,0,4194304,1,3,0,0,1,1
1,chain4,f32,1048576,glibc_t2,P7,3,3,1,2141303.00,1025.0000,0.0000,0.0,2144000.0,1.000,4194304.0,0.000,0,0,4194304,1,2,1,0,1,1
1,chain4,f32,1048576,glibc_t2,P5,4,0,1,6206507.00,4100.0000,0.0000,0.0,6209000.0,4.000,16777216.0,0.000,0,0,16777216,4,0,0,0,1,1
1,chain4,f32,1048576,glibc_t2,P6,4,1,1,2338312.00,1025.0000,0.0000,0.0,2341000.0,1.000,4194304.0,0.000,0,0,4194304,1,3,0,0,1,1
1,chain4,f32,1048576,glibc_t2,P7,4,2,1,2138892.00,1025.0000,0.0000,2141000.0,0.0,1.000,4194304.0,0.000,0,0,4194304,1,2,1,0,1,1
1,chain4,f32,1048576,glibc_t2,FIXED_TWIN,4,3,1,2112552.00,1025.0000,0.0000,2116000.0,0.0,1.000,4194304.0,0.000,0,0,4194304,1,2,1,0,1,1
1,chain4,f32,1048576,glibc_t2,P6,5,0,1,2237215.00,1025.0000,0.0000,1026000.0,1214000.0,1.000,4194304.0,0.000,0,0,4194304,1,3,0,0,1,1
1,chain4,f32,1048576,glibc_t2,P7,5,1,1,2183690.00,1025.0000,0.0000,0.0,2186000.0,1.000,4194304.0,0.000,0,0,4194304,1,2,1,0,1,1
1,chain4,f32,1048576,glibc_t2,FIXED_TWIN,5,2,1,2078330.00,1025.0000,0.0000,163000.0,1918000.0,1.000,4194304.0,0.000,0,0,4194304,1,2,1,0,1,1
1,chain4,f32,1048576,glibc_t2,P5,5,3,1,6690204.00,4100.0000,0.0000,6692000.0,0.0,4.000,16777216.0,0.000,0,0,16777216,4,0,0,0,1,1
1,chain4,f32,1048576,glibc_t2,P7,6,0,1,2214663.00,1025.0000,0.0000,2218000.0,0.0,1.000,4194304.0,0.000,0,0,4194304,1,2,1,0,1,1
1,chain4,f32,1048576,glibc_t2,FIXED_TWIN,6,1,1,2128102.00,1025.0000,0.0000,0.0,2131000.0,1.000,4194304.0,0.000,0,0,4194304,1,2,1,0,1,1
1,chain4,f32,1048576,glibc_t2,P5,6,2,1,6269806.00,4100.0000,0.0000,0.0,6272000.0,4.000,16777216.0,0.000,0,0,16777216,4,0,0,0,1,1
1,chain4,f32,1048576,glibc_t2,P6,6,3,1,2483933.00,1025.0000,0.0000,0.0,2490000.0,1.000,4194304.0,0.000,0,0,4194304,1,3,0,0,1,1
1,chain4,f32,1048576,glibc_t2,FIXED_TWIN,7,0,1,2257855.00,1025.0000,0.0000,2261000.0,0.0,1.000,4194304.0,0.000,0,0,4194304,1,2,1,0,1,1
1,chain4,f32,1048576,glibc_t2,P5,7,1,1,6101674.00,4100.0000,0.0000,4963000.0,1140000.0,4.000,16777216.0,0.000,0,0,16777216,4,0,0,0,1,1
1,chain4,f32,1048576,glibc_t2,P6,7,2,1,2392123.00,1025.0000,0.0000,2395000.0,0.0,1.000,4194304.0,0.000,0,0,4194304,1,3,0,0,1,1
1,chain4,f32,1048576,glibc_t2,P7,7,3,1,2146270.00,1025.0000,0.0000,1993000.0,156000.0,1.000,4194304.0,0.000,0,0,4194304,1,2,1,0,1,1
1,chain4,f32,1048576,glibc_t2,P5,8,0,1,5951374.00,4100.0000,0.0000,895000.0,5059000.0,4.000,16777216.0,0.000,0,0,16777216,4,0,0,0,1,1
1,chain4,f32,1048576,glibc_t2,P6,8,1,1,2337960.00,1025.0000,0.0000,2343000.0,0.0,1.000,4194304.0,0.000,0,0,4194304,1,3,0,0,1,1
1,chain4,f32,1048576,glibc_t2,P7,8,2,1,2141999.00,1025.0000,0.0000,2145000.0,0.0,1.000,4194304.0,0.000,0,0,4194304,1,2,1,0,1,1
1,chain4,f32,1048576,glibc_t2,FIXED_TWIN,8,3,1,2178935.00,1025.0000,0.0000,0.0,2182000.0,1.000,4194304.0,0.000,0,0,4194304,1,2,1,0,1,1
1,chain4,f32,1048576,glibc_t2,P6,9,0,1,2298530.00,1025.0000,0.0000,1054000.0,1247000.0,1.000,4194304.0,0.000,0,0,4194304,1,3,0,0,1,1
1,chain4,f32,1048576,glibc_t2,P7,9,1,1,2149954.00,1025.0000,0.0000,0.0,2153000.0,1.000,4194304.0,0.000,0,0,4194304,1,2,1,0,1,1
1,chain4,f32,1048576,glibc_t2,FIXED_TWIN,9,2,1,2139097.00,1025.0000,0.0000,978000.0,1156000.0,1.000,4194304.0,0.000,0,0,4194304,1,2,1,0,1,1
1,chain4,f32,1048576,glibc_t2,P5,9,3,1,9193655.00,4100.0000,0.0000,0.0,8906000.0,4.000,16777216.0,0.000,0,0,16777216,4,0,0,0,1,1
1,chain4,f32,1048576,glibc_t2,P7,10,0,1,3226396.00,1025.0000,0.0000,2849000.0,381000.0,1.000,4194304.0,0.000,0,0,4194304,1,2,1,0,1,1
1,chain4,f32,1048576,glibc_t2,FIXED_TWIN,10,1,1,3520931.00,1025.0000,0.0000,0.0,3524000.0,1.000,4194304.0,0.000,0,0,4194304,1,2,1,0,1,1
1,chain4,f32,1048576,glibc_t2,P5,10,2,1,9379462.00,4100.0000,0.0000,4555000.0,4656000.0,4.000,16777216.0,0.000,0,0,16777216,4,0,0,0,1,1
1,chain4,f32,1048576,glibc_t2,P6,10,3,1,3627563.00,1025.0000,0.0000,3630000.0,0.0,1.000,4194304.0,0.000,0,0,4194304,1,3,0,0,1,1
1,chain4,f32,1048576,glibc_t2,FIXED_TWIN,11,0,1,2158527.00,1025.0000,0.0000,0.0,2161000.0,1.000,4194304.0,0.000,0,0,4194304,1,2,1,0,1,1
1,chain4,f32,1048576,glibc_t2,P5,11,1,1,6265829.00,4100.0000,0.0000,0.0,6268000.0,4.000,16777216.0,0.000,0,0,16777216,4,0,0,0,1,1
1,chain4,f32,1048576,glibc_t2,P6,11,2,1,2375682.00,1025.0000,0.0000,2379000.0,0.0,1.000,4194304.0,0.000,0,0,4194304,1,3,0,0,1,1
1,chain4,f32,1048576,glibc_t2,P7,11,3,1,2115028.00,1025.0000,0.0000,970000.0,1148000.0,1.000,4194304.0,0.000,0,0,4194304,1,2,1,0,1,1
1,chain4,f32,1048576,glibc_t2,P5,12,0,1,6116725.00,4100.0000,0.0000,0.0,6118000.0,4.000,16777216.0,0.000,0,0,16777216,4,0,0,0,1,1
1,chain4,f32,1048576,glibc_t2,P6,12,1,1,2367275.00,1025.0000,0.0000,2301000.0,69000.0,1.000,4194304.0,0.000,0,0,4194304,1,3,0,0,1,1
1,chain4,f32,1048576,glibc_t2,P7,12,2,1,2158608.00,1025.0000,0.0000,0.0,2161000.0,1.000,4194304.0,0.000,0,0,4194304,1,2,1,0,1,1
1,chain4,f32,1048576,glibc_t2,FIXED_TWIN,12,3,1,2233518.00,1025.0000,0.0000,0.0,2236000.0,1.000,4194304.0,0.000,0,0,4194304,1,2,1,0,1,1
1,chain4,f32,1048576,glibc_t2,P6,13,0,1,2360174.00,1025.0000,0.0000,2363000.0,0.0,1.000,4194304.0,0.000,0,0,4194304,1,3,0,0,1,1
1,chain4,f32,1048576,glibc_t2,P7,13,1,1,2152193.00,1025.0000,0.0000,987000.0,1168000.0,1.000,4194304.0,0.000,0,0,4194304,1,2,1,0,1,1
1,chain4,f32,1048576,glibc_t2,FIXED_TWIN,13,2,1,2194775.00,1025.0000,0.0000,0.0,2198000.0,1.000,4194304.0,0.000,0,0,4194304,1,2,1,0,1,1
1,chain4,f32,1048576,glibc_t2,P5,13,3,1,6604976.00,4100.0000,0.0000,0.0,6607000.0,4.000,16777216.0,0.000,0,0,16777216,4,0,0,0,1,1
1,chain4,f32,1048576,glibc_t2,P7,14,0,1,2175926.00,1025.0000,0.0000,998000.0,1181000.0,1.000,4194304.0,0.000,0,0,4194304,1,2,1,0,1,1
1,chain4,f32,1048576,glibc_t2,FIXED_TWIN,14,1,1,2176349.00,1025.0000,0.0000,2179000.0,0.0,1.000,4194304.0,0.000,0,0,4194304,1,2,1,0,1,1
1,chain4,f32,1048576,glibc_t2,P5,14,2,1,6242533.00,4100.0000,0.0000,1028000.0,5216000.0,4.000,16777216.0,0.000,0,0,16777216,4,0,0,0,1,1
1,chain4,f32,1048576,glibc_t2,P6,14,3,1,2406599.00,1025.0000,0.0000,2410000.0,0.0,1.000,4194304.0,0.000,0,0,4194304,1,3,0,0,1,1
1,chain4,f32,4194304,glibc_t2,P5,0,0,1,38987711.00,16388.0000,0.0000,15540000.0,23455000.0,4.000,67108864.0,0.000,0,0,67108864,4,0,0,0,1,1
1,chain4,f32,4194304,glibc_t2,P6,0,1,1,13509245.00,4097.0000,0.0000,4694000.0,8820000.0,1.000,16777216.0,0.000,0,0,16777216,1,3,0,0,1,1
1,chain4,f32,4194304,glibc_t2,P7,0,2,1,13635692.00,4097.0000,0.0000,13642000.0,0.0,1.000,16777216.0,0.000,0,0,16777216,1,2,1,0,1,1
1,chain4,f32,4194304,glibc_t2,FIXED_TWIN,0,3,1,12821492.00,4097.0000,0.0000,12827000.0,0.0,1.000,16777216.0,0.000,0,0,16777216,1,2,1,0,1,1
1,chain4,f32,4194304,glibc_t2,P6,1,0,1,14153804.00,4097.0000,0.0000,11156000.0,3004000.0,1.000,16777216.0,0.000,0,0,16777216,1,3,0,0,1,1
1,chain4,f32,4194304,glibc_t2,P7,1,1,1,13051714.00,4097.0000,0.0000,12485000.0,573000.0,1.000,16777216.0,0.000,0,0,16777216,1,2,1,0,1,1
1,chain4,f32,4194304,glibc_t2,FIXED_TWIN,1,2,1,13609506.00,4097.0000,0.0000,12740000.0,876000.0,1.000,16777216.0,0.000,0,0,16777216,1,2,1,0,1,1
1,chain4,f32,4194304,glibc_t2,P5,1,3,1,39453262.00,16388.0000,0.0000,11753000.0,27708000.0,4.000,67108864.0,0.000,0,0,67108864,4,0,0,0,1,1
1,chain4,f32,4194304,glibc_t2,P7,2,0,1,13210119.00,4097.0000,0.0000,8558000.0,4659000.0,1.000,16777216.0,0.000,0,0,16777216,1,2,1,0,1,1
1,chain4,f32,4194304,glibc_t2,FIXED_TWIN,2,1,1,12866704.00,4097.0000,0.0000,8400000.0,4473000.0,1.000,16777216.0,0.000,0,0,16777216,1,2,1,0,1,1
1,chain4,f32,4194304,glibc_t2,P5,2,2,1,40022842.00,16388.0000,0.0000,8014000.0,32014000.0,4.000,67108864.0,0.000,0,0,67108864,4,0,0,0,1,1
1,chain4,f32,4194304,glibc_t2,P6,2,3,1,16033243.00,4097.0000,0.0000,16017000.0,22000.0,1.000,16777216.0,0.000,0,0,16777216,1,3,0,0,1,1
1,chain4,f32,4194304,glibc_t2,FIXED_TWIN,3,0,1,12924908.00,4097.0000,0.0000,8426000.0,4504000.0,1.000,16777216.0,0.000,0,0,16777216,1,2,1,0,1,1
1,chain4,f32,4194304,glibc_t2,P5,3,1,1,41454246.00,16388.0000,0.0000,10837000.0,30625000.0,4.000,67108864.0,0.000,0,0,67108864,4,0,0,0,1,1
1,chain4,f32,4194304,glibc_t2,P6,3,2,1,14817012.00,4097.0000,0.0000,9294000.0,5528000.0,1.000,16777216.0,0.000,0,0,16777216,1,3,0,0,1,1
1,chain4,f32,4194304,glibc_t2,P7,3,3,1,14459043.00,4097.0000,0.0000,9130000.0,5334000.0,1.000,16777216.0,0.000,0,0,16777216,1,2,1,0,1,1
1,chain4,f32,4194304,glibc_t2,P5,4,0,1,41575838.00,16388.0000,0.0000,4726000.0,36855000.0,4.000,67108864.0,0.000,0,0,67108864,4,0,0,0,1,1
1,chain4,f32,4194304,glibc_t2,P6,4,1,1,15153474.00,4097.0000,0.0000,11615000.0,3545000.0,1.000,16777216.0,0.000,0,0,16777216,1,3,0,0,1,1
1,chain4,f32,4194304,glibc_t2,P7,4,2,1,13240586.00,4097.0000,0.0000,10737000.0,2510000.0,1.000,16777216.0,0.000,0,0,16777216,1,2,1,0,1,1
1,chain4,f32,4194304,glibc_t2,FIXED_TWIN,4,3,1,13004270.00,4097.0000,0.0000,8463000.0,4546000.0,1.000,16777216.0,0.000,0,0,16777216,1,2,1,0,1,1
1,chain4,f32,4194304,glibc_t2,P6,5,0,1,14372077.00,4097.0000,0.0000,7256000.0,7122000.0,1.000,16777216.0,0.000,0,0,16777216,1,3,0,0,1,1
1,chain4,f32,4194304,glibc_t2,P7,5,1,1,13079588.00,4097.0000,0.0000,8498000.0,4587000.0,1.000,16777216.0,0.000,0,0,16777216,1,2,1,0,1,1
1,chain4,f32,4194304,glibc_t2,FIXED_TWIN,5,2,1,13083602.00,4097.0000,0.0000,8499000.0,4590000.0,1.000,16777216.0,0.000,0,0,16777216,1,2,1,0,1,1
1,chain4,f32,4194304,glibc_t2,P5,5,3,1,40305429.00,16388.0000,0.0000,8144000.0,32168000.0,4.000,67108864.0,0.000,0,0,67108864,4,0,0,0,1,1
1,chain4,f32,4194304,glibc_t2,P7,6,0,1,13018605.00,4097.0000,0.0000,8469000.0,4554000.0,1.000,16777216.0,0.000,0,0,16777216,1,2,1,0,1,1
1,chain4,f32,4194304,glibc_t2,FIXED_TWIN,6,1,1,12480225.00,4097.0000,0.0000,8223000.0,4262000.0,1.000,16777216.0,0.000,0,0,16777216,1,2,1,0,1,1
1,chain4,f32,4194304,glibc_t2,P5,6,2,1,38934779.00,16388.0000,0.0000,17348000.0,21591000.0,4.000,67108864.0,0.000,0,0,67108864,4,0,0,0,1,1
1,chain4,f32,4194304,glibc_t2,P6,6,3,1,13708169.00,4097.0000,0.0000,10951000.0,2763000.0,1.000,16777216.0,0.000,0,0,16777216,1,3,0,0,1,1
1,chain4,f32,4194304,glibc_t2,FIXED_TWIN,7,0,1,12513496.00,4097.0000,0.0000,4238000.0,8280000.0,1.000,16777216.0,0.000,0,0,16777216,1,2,1,0,1,1
1,chain4,f32,4194304,glibc_t2,P5,7,1,1,51174835.00,16388.0000,0.0000,1254000.0,49474000.0,4.000,67108864.0,0.000,0,0,67108864,4,0,0,0,1,1
1,chain4,f32,4194304,glibc_t2,P6,7,2,1,13803326.00,4097.0000,0.0000,6995000.0,6815000.0,1.000,16777216.0,0.000,0,0,16777216,1,3,0,0,1,1
1,chain4,f32,4194304,glibc_t2,P7,7,3,1,12794283.00,4097.0000,0.0000,4366000.0,8432000.0,1.000,16777216.0,0.000,0,0,16777216,1,2,1,0,1,1
1,chain4,f32,4194304,glibc_t2,P5,8,0,1,39151640.00,16388.0000,0.0000,17448000.0,21708000.0,4.000,67108864.0,0.000,0,0,67108864,4,0,0,0,1,1
1,chain4,f32,4194304,glibc_t2,P6,8,1,1,13610621.00,4097.0000,0.0000,6905000.0,6709000.0,1.000,16777216.0,0.000,0,0,16777216,1,3,0,0,1,1
1,chain4,f32,4194304,glibc_t2,P7,8,2,1,12537129.00,4097.0000,0.0000,4249000.0,8293000.0,1.000,16777216.0,0.000,0,0,16777216,1,2,1,0,1,1
1,chain4,f32,4194304,glibc_t2,FIXED_TWIN,8,3,1,12935558.00,4097.0000,0.0000,10774000.0,2167000.0,1.000,16777216.0,0.000,0,0,16777216,1,2,1,0,1,1
1,chain4,f32,4194304,glibc_t2,P6,9,0,1,13361249.00,4097.0000,0.0000,12627000.0,739000.0,1.000,16777216.0,0.000,0,0,16777216,1,3,0,0,1,1
1,chain4,f32,4194304,glibc_t2,P7,9,1,1,12315865.00,4097.0000,0.0000,4866000.0,7454000.0,1.000,16777216.0,0.000,0,0,16777216,1,2,1,0,1,1
1,chain4,f32,4194304,glibc_t2,FIXED_TWIN,9,2,1,12183426.00,4097.0000,0.0000,4082000.0,8096000.0,1.000,16777216.0,0.000,0,0,16777216,1,2,1,0,1,1
1,chain4,f32,4194304,glibc_t2,P5,9,3,1,38763874.00,16388.0000,0.0000,13266000.0,25492000.0,4.000,67108864.0,0.000,0,0,67108864,4,0,0,0,1,1
1,chain4,f32,4194304,glibc_t2,P7,10,0,1,12710429.00,4097.0000,0.0000,8328000.0,4387000.0,1.000,16777216.0,0.000,0,0,16777216,1,2,1,0,1,1
1,chain4,f32,4194304,glibc_t2,FIXED_TWIN,10,1,1,12877806.00,4097.0000,0.0000,4406000.0,8478000.0,1.000,16777216.0,0.000,0,0,16777216,1,2,1,0,1,1
1,chain4,f32,4194304,glibc_t2,P5,10,2,1,38347228.00,16388.0000,0.0000,9081000.0,29271000.0,4.000,67108864.0,0.000,0,0,67108864,4,0,0,0,1,1
1,chain4,f32,4194304,glibc_t2,P6,10,3,1,13864415.00,4097.0000,0.0000,4858000.0,9011000.0,1.000,16777216.0,0.000,0,0,16777216,1,3,0,0,1,1
1,chain4,f32,4194304,glibc_t2,FIXED_TWIN,11,0,1,12339159.00,4097.0000,0.0000,8157000.0,4186000.0,1.000,16777216.0,0.000,0,0,16777216,1,2,1,0,1,1
1,chain4,f32,4194304,glibc_t2,P5,11,1,1,38533905.00,16388.0000,0.0000,3330000.0,35208000.0,4.000,67108864.0,0.000,0,0,67108864,4,0,0,0,1,1
1,chain4,f32,4194304,glibc_t2,P6,11,2,1,13328331.00,4097.0000,0.0000,13333000.0,0.0,1.000,16777216.0,0.000,0,0,16777216,1,3,0,0,1,1
1,chain4,f32,4194304,glibc_t2,P7,11,3,1,12346953.00,4097.0000,0.0000,4161000.0,8190000.0,1.000,16777216.0,0.000,0,0,16777216,1,2,1,0,1,1
1,chain4,f32,4194304,glibc_t2,P5,12,0,1,38798333.00,16388.0000,0.0000,3452000.0,35351000.0,4.000,67108864.0,0.000,0,0,67108864,4,0,0,0,1,1
1,chain4,f32,4194304,glibc_t2,P6,12,1,1,13356626.00,4097.0000,0.0000,10789000.0,2573000.0,1.000,16777216.0,0.000,0,0,16777216,1,3,0,0,1,1
1,chain4,f32,4194304,glibc_t2,P7,12,2,1,12410306.00,4097.0000,0.0000,8191000.0,4225000.0,1.000,16777216.0,0.000,0,0,16777216,1,2,1,0,1,1
1,chain4,f32,4194304,glibc_t2,FIXED_TWIN,12,3,1,12280334.00,4097.0000,0.0000,12131000.0,155000.0,1.000,16777216.0,0.000,0,0,16777216,1,2,1,0,1,1
1,chain4,f32,4194304,glibc_t2,P6,13,0,1,13312188.00,4097.0000,0.0000,4605000.0,8713000.0,1.000,16777216.0,0.000,0,0,16777216,1,3,0,0,1,1
1,chain4,f32,4194304,glibc_t2,P7,13,1,1,12800472.00,4097.0000,0.0000,4370000.0,8436000.0,1.000,16777216.0,0.000,0,0,16777216,1,2,1,0,1,1
1,chain4,f32,4194304,glibc_t2,FIXED_TWIN,13,2,1,12354780.00,4097.0000,0.0000,8165000.0,4194000.0,1.000,16777216.0,0.000,0,0,16777216,1,2,1,0,1,1
1,chain4,f32,4194304,glibc_t2,P5,13,3,1,41130176.00,16388.0000,0.0000,20521000.0,20585000.0,4.000,67108864.0,0.000,0,0,67108864,4,0,0,0,1,1
1,chain4,f32,4194304,glibc_t2,P7,14,0,1,13276816.00,4097.0000,0.0000,12588000.0,694000.0,1.000,16777216.0,0.000,0,0,16777216,1,2,1,0,1,1
1,chain4,f32,4194304,glibc_t2,FIXED_TWIN,14,1,1,13133135.00,4097.0000,0.0000,10686000.0,2454000.0,1.000,16777216.0,0.000,0,0,16777216,1,2,1,0,1,1
1,chain4,f32,4194304,glibc_t2,P5,14,2,1,43236734.00,16388.0000,0.0000,5490000.0,37753000.0,4.000,67108864.0,0.000,0,0,67108864,4,0,0,0,1,1
1,chain4,f32,4194304,glibc_t2,P6,14,3,1,13333434.00,4097.0000,0.0000,12614000.0,724000.0,1.000,16777216.0,0.000,0,0,16777216,1,3,0,0,1,1
1,chain4,f32,16777216,glibc_t2,P5,0,0,1,156325626.00,65540.0000,0.0000,76112000.0,80139000.0,4.000,268435456.0,0.000,0,0,268435456,4,0,0,0,1,1
1,chain4,f32,16777216,glibc_t2,P6,0,1,1,70496158.00,16385.0000,0.0000,47311000.0,23192000.0,1.000,67108864.0,0.000,0,0,67108864,1,3,0,0,1,1
1,chain4,f32,16777216,glibc_t2,P7,0,2,1,63783807.00,16385.0000,0.0000,39902000.0,23887000.0,1.000,67108864.0,0.000,0,0,67108864,1,2,1,0,1,1
1,chain4,f32,16777216,glibc_t2,FIXED_TWIN,0,3,1,65050789.00,16385.0000,0.0000,28443000.0,36574000.0,1.000,67108864.0,0.000,0,0,67108864,1,2,1,0,1,1
1,chain4,f32,16777216,glibc_t2,P6,1,0,1,70427843.00,16385.0000,0.0000,47273000.0,23150000.0,1.000,67108864.0,0.000,0,0,67108864,1,3,0,0,1,1
1,chain4,f32,16777216,glibc_t2,P7,1,1,1,63588479.00,16385.0000,0.0000,47811000.0,15783000.0,1.000,67108864.0,0.000,0,0,67108864,1,2,1,0,1,1
1,chain4,f32,16777216,glibc_t2,FIXED_TWIN,1,2,1,63142110.00,16385.0000,0.0000,35608000.0,27541000.0,1.000,67108864.0,0.000,0,0,67108864,1,2,1,0,1,1
1,chain4,f32,16777216,glibc_t2,P5,1,3,1,152250326.00,65540.0000,0.0000,36121000.0,116014000.0,4.000,268435456.0,0.000,0,0,268435456,4,0,0,0,1,1
1,chain4,f32,16777216,glibc_t2,P7,2,0,1,63307002.00,16385.0000,0.0000,43683000.0,19631000.0,1.000,67108864.0,0.000,0,0,67108864,1,2,1,0,1,1
1,chain4,f32,16777216,glibc_t2,FIXED_TWIN,2,1,1,64060985.00,16385.0000,0.0000,52023000.0,12032000.0,1.000,67108864.0,0.000,0,0,67108864,1,2,1,0,1,1
1,chain4,f32,16777216,glibc_t2,P5,2,2,1,153395854.00,65540.0000,0.0000,44547000.0,108754000.0,4.000,268435456.0,0.000,0,0,268435456,4,0,0,0,1,1
1,chain4,f32,16777216,glibc_t2,P6,2,3,1,72374189.00,16385.0000,0.0000,44175000.0,28207000.0,1.000,67108864.0,0.000,0,0,67108864,1,3,0,0,1,1
1,chain4,f32,16777216,glibc_t2,FIXED_TWIN,3,0,1,64430857.00,16385.0000,0.0000,40176000.0,24236000.0,1.000,67108864.0,0.000,0,0,67108864,1,2,1,0,1,1
1,chain4,f32,16777216,glibc_t2,P5,3,1,1,156928172.00,65540.0000,0.0000,40429000.0,116496000.0,4.000,268435456.0,0.000,0,0,268435456,4,0,0,0,1,1
1,chain4,f32,16777216,glibc_t2,P6,3,2,1,71216725.00,16385.0000,0.0000,47660000.0,23564000.0,1.000,67108864.0,0.000,0,0,67108864,1,3,0,0,1,1
1,chain4,f32,16777216,glibc_t2,P7,3,3,1,71882581.00,16385.0000,0.0000,35935000.0,35924000.0,1.000,67108864.0,0.000,0,0,67108864,1,2,1,0,1,1
1,chain4,f32,16777216,glibc_t2,P5,4,0,1,156471128.00,65540.0000,0.0000,40138000.0,116254000.0,4.000,268435456.0,0.000,0,0,268435456,4,0,0,0,1,1
1,chain4,f32,16777216,glibc_t2,P6,4,1,1,70004708.00,16385.0000,0.0000,36926000.0,33085000.0,1.000,67108864.0,0.000,0,0,67108864,1,3,0,0,1,1
1,chain4,f32,16777216,glibc_t2,P7,4,2,1,63784559.00,16385.0000,0.0000,43902000.0,19888000.0,1.000,67108864.0,0.000,0,0,67108864,1,2,1,0,1,1
1,chain4,f32,16777216,glibc_t2,FIXED_TWIN,4,3,1,65140652.00,16385.0000,0.0000,40528000.0,24619000.0,1.000,67108864.0,0.000,0,0,67108864,1,2,1,0,1,1
1,chain4,f32,16777216,glibc_t2,P6,5,0,1,70889622.00,16385.0000,0.0000,55489000.0,15408000.0,1.000,67108864.0,0.000,0,0,67108864,1,3,0,0,1,1
1,chain4,f32,16777216,glibc_t2,P7,5,1,1,63829318.00,16385.0000,0.0000,39924000.0,23878000.0,1.000,67108864.0,0.000,0,0,67108864,1,2,1,0,1,1
1,chain4,f32,16777216,glibc_t2,FIXED_TWIN,5,2,1,62986885.00,16385.0000,0.0000,39526000.0,23460000.0,1.000,67108864.0,0.000,0,0,67108864,1,2,1,0,1,1
1,chain4,f32,16777216,glibc_t2,P5,5,3,1,152561509.00,65540.0000,0.0000,40260000.0,112218000.0,4.000,268435456.0,0.000,0,0,268435456,4,0,0,0,1,1
1,chain4,f32,16777216,glibc_t2,P7,6,0,1,63265915.00,16385.0000,0.0000,35664000.0,27609000.0,1.000,67108864.0,0.000,0,0,67108864,1,2,1,0,1,1
1,chain4,f32,16777216,glibc_t2,FIXED_TWIN,6,1,1,63045484.00,16385.0000,0.0000,39561000.0,23491000.0,1.000,67108864.0,0.000,0,0,67108864,1,2,1,0,1,1
1,chain4,f32,16777216,glibc_t2,P5,6,2,1,154102657.00,65540.0000,0.0000,36961000.0,117132000.0,4.000,268435456.0,0.000,0,0,268435456,4,0,0,0,1,1
1,chain4,f32,16777216,glibc_t2,P6,6,3,1,69863418.00,16385.0000,0.0000,55014000.0,14856000.0,1.000,67108864.0,0.000,0,0,67108864,1,3,0,0,1,1
1,chain4,f32,16777216,glibc_t2,FIXED_TWIN,7,0,1,62563452.00,16385.0000,0.0000,31338000.0,31231000.0,1.000,67108864.0,0.000,0,0,67108864,1,2,1,0,1,1
1,chain4,f32,16777216,glibc_t2,P5,7,1,1,153053069.00,65540.0000,0.0000,44482000.0,108556000.0,4.000,268435456.0,0.000,0,0,268435456,4,0,0,0,1,1
1,chain4,f32,16777216,glibc_t2,P6,7,2,1,66697263.00,16385.0000,0.0000,39400000.0,27303000.0,1.000,67108864.0,0.000,0,0,67108864,1,3,0,0,1,1
1,chain4,f32,16777216,glibc_t2,P7,7,3,1,62428508.00,16385.0000,0.0000,35276000.0,27094000.0,1.000,67108864.0,0.000,0,0,67108864,1,2,1,0,1,1
1,chain4,f32,16777216,glibc_t2,P5,8,0,1,151739925.00,65540.0000,0.0000,49733000.0,102013000.0,4.000,268435456.0,0.000,0,0,268435456,4,0,0,0,1,1
1,chain4,f32,16777216,glibc_t2,P6,8,1,1,68543336.00,16385.0000,0.0000,36253000.0,32296000.0,1.000,67108864.0,0.000,0,0,67108864,1,3,0,0,1,1
1,chain4,f32,16777216,glibc_t2,P7,8,2,1,61738945.00,16385.0000,0.0000,36806000.0,24939000.0,1.000,67108864.0,0.000,0,0,67108864,1,2,1,0,1,1
1,chain4,f32,16777216,glibc_t2,FIXED_TWIN,8,3,1,61448652.00,16385.0000,0.0000,36672000.0,24782000.0,1.000,67108864.0,0.000,0,0,67108864,1,2,1,0,1,1
1,chain4,f32,16777216,glibc_t2,P6,9,0,1,65872091.00,16385.0000,0.0000,48853000.0,17010000.0,1.000,67108864.0,0.000,0,0,67108864,1,3,0,0,1,1
1,chain4,f32,16777216,glibc_t2,P7,9,1,1,60941116.00,16385.0000,0.0000,24438000.0,36499000.0,1.000,67108864.0,0.000,0,0,67108864,1,2,1,0,1,1
1,chain4,f32,16777216,glibc_t2,FIXED_TWIN,9,2,1,61673418.00,16385.0000,0.0000,52775000.0,8903000.0,1.000,67108864.0,0.000,0,0,67108864,1,2,1,0,1,1
1,chain4,f32,16777216,glibc_t2,P5,9,3,1,151193663.00,65540.0000,0.0000,59630000.0,91569000.0,4.000,268435456.0,0.000,0,0,268435456,4,0,0,0,1,1
1,chain4,f32,16777216,glibc_t2,P7,10,0,1,61520413.00,16385.0000,0.0000,42815000.0,18672000.0,1.000,67108864.0,0.000,0,0,67108864,1,2,1,0,1,1
1,chain4,f32,16777216,glibc_t2,FIXED_TWIN,10,1,1,61030872.00,16385.0000,0.0000,32418000.0,28557000.0,1.000,67108864.0,0.000,0,0,67108864,1,2,1,0,1,1
1,chain4,f32,16777216,glibc_t2,P5,10,2,1,152020780.00,65540.0000,0.0000,63939000.0,88014000.0,4.000,268435456.0,0.000,0,0,268435456,4,0,0,0,1,1
1,chain4,f32,16777216,glibc_t2,P6,10,3,1,67811725.00,16385.0000,0.0000,47867000.0,19893000.0,1.000,67108864.0,0.000,0,0,67108864,1,3,0,0,1,1
1,chain4,f32,16777216,glibc_t2,FIXED_TWIN,11,0,1,61391438.00,16385.0000,0.0000,28647000.0,32749000.0,1.000,67108864.0,0.000,0,0,67108864,1,2,1,0,1,1
1,chain4,f32,16777216,glibc_t2,P5,11,1,1,155311356.00,65540.0000,0.0000,43687000.0,111632000.0,4.000,268435456.0,0.000,0,0,268435456,4,0,0,0,1,1
1,chain4,f32,16777216,glibc_t2,P6,11,2,1,71031126.00,16385.0000,0.0000,55516000.0,15448000.0,1.000,67108864.0,0.000,0,0,67108864,1,3,0,0,1,1
1,chain4,f32,16777216,glibc_t2,P7,11,3,1,61958008.00,16385.0000,0.0000,31025000.0,30908000.0,1.000,67108864.0,0.000,0,0,67108864,1,2,1,0,1,1
1,chain4,f32,16777216,glibc_t2,P5,12,0,1,155833414.00,65540.0000,0.0000,39870000.0,115900000.0,4.000,268435456.0,0.000,0,0,268435456,4,0,0,0,1,1
1,chain4,f32,16777216,glibc_t2,P6,12,1,1,69895301.00,16385.0000,0.0000,42997000.0,26875000.0,1.000,67108864.0,0.000,0,0,67108864,1,3,0,0,1,1
1,chain4,f32,16777216,glibc_t2,P7,12,2,1,63696306.00,16385.0000,0.0000,27862000.0,35840000.0,1.000,67108864.0,0.000,0,0,67108864,1,2,1,0,1,1
1,chain4,f32,16777216,glibc_t2,FIXED_TWIN,12,3,1,62939479.00,16385.0000,0.0000,51453000.0,11436000.0,1.000,67108864.0,0.000,0,0,67108864,1,2,1,0,1,1
1,chain4,f32,16777216,glibc_t2,P6,13,0,1,69516001.00,16385.0000,0.0000,48691000.0,20818000.0,1.000,67108864.0,0.000,0,0,67108864,1,3,0,0,1,1
1,chain4,f32,16777216,glibc_t2,P7,13,1,1,64406186.00,16385.0000,0.0000,48190000.0,16222000.0,1.000,67108864.0,0.000,0,0,67108864,1,2,1,0,1,1
1,chain4,f32,16777216,glibc_t2,FIXED_TWIN,13,2,1,65321923.00,16385.0000,0.0000,48539000.0,16702000.0,1.000,67108864.0,0.000,0,0,67108864,1,2,1,0,1,1
1,chain4,f32,16777216,glibc_t2,P5,13,3,1,153311764.00,65540.0000,0.0000,16616000.0,136668000.0,4.000,268435456.0,0.000,0,0,268435456,4,0,0,0,1,1
1,chain4,f32,16777216,glibc_t2,P7,14,0,1,62718739.00,16385.0000,0.0000,41263000.0,21462000.0,1.000,67108864.0,0.000,0,0,67108864,1,2,1,0,1,1
1,chain4,f32,16777216,glibc_t2,FIXED_TWIN,14,1,1,62877158.00,16385.0000,0.0000,47479000.0,15403000.0,1.000,67108864.0,0.000,0,0,67108864,1,2,1,0,1,1
1,chain4,f32,16777216,glibc_t2,P5,14,2,1,152893124.00,65540.0000,0.0000,52416000.0,100477000.0,4.000,268435456.0,0.000,0,0,268435456,4,0,0,0,1,1
1,chain4,f32,16777216,glibc_t2,P6,14,3,1,68953842.00,16385.0000,0.0000,50589000.0,18375000.0,1.000,67108864.0,0.000,0,0,67108864,1,3,0,0,1,1
1,final_left_i32,i32,64,glibc_t2,P5,0,0,1000,284.84,0.0000,0.0000,134.0,155.0,2.000,512.0,0.000,0,0,256256,2,0,0,0,1,1
1,final_left_i32,i32,64,glibc_t2,P6,0,1,1000,281.23,0.0000,0.0000,131.0,151.0,1.000,256.0,0.000,0,0,256000,1,1,0,0,1,1
1,final_left_i32,i32,64,glibc_t2,P7,0,2,1000,247.53,0.0000,0.0000,115.0,133.0,1.000,256.0,0.000,0,0,256000,1,0,1,0,1,1
1,final_left_i32,i32,64,glibc_t2,FIXED_TWIN,0,3,1000,259.48,0.0000,0.0000,260.0,0.0,1.000,256.0,0.000,0,0,256000,1,0,1,0,1,1
1,final_left_i32,i32,64,glibc_t2,P6,1,0,1000,288.13,0.0000,0.0000,289.0,0.0,1.000,256.0,0.000,0,0,256000,1,1,0,0,1,1
1,final_left_i32,i32,64,glibc_t2,P7,1,1,1000,255.94,0.0000,0.0000,256.0,0.0,1.000,256.0,0.000,0,0,256000,1,0,1,0,1,1
1,final_left_i32,i32,64,glibc_t2,FIXED_TWIN,1,2,1000,267.78,0.0000,0.0000,269.0,0.0,1.000,256.0,0.000,0,0,256000,1,0,1,0,1,1
1,final_left_i32,i32,64,glibc_t2,P5,1,3,1000,291.75,0.0000,0.0000,292.0,0.0,2.000,512.0,0.000,0,0,256256,2,0,0,0,1,1
1,final_left_i32,i32,64,glibc_t2,P7,2,0,1000,257.13,0.0000,0.0000,258.0,0.0,1.000,256.0,0.000,0,0,256000,1,0,1,0,1,1
1,final_left_i32,i32,64,glibc_t2,FIXED_TWIN,2,1,1000,295.90,0.0000,0.0000,296.0,0.0,1.000,256.0,0.000,0,0,256000,1,0,1,0,1,1
1,final_left_i32,i32,64,glibc_t2,P5,2,2,1000,292.83,0.0000,0.0000,294.0,0.0,2.000,512.0,0.000,0,0,256256,2,0,0,0,1,1
1,final_left_i32,i32,64,glibc_t2,P6,2,3,1000,277.83,0.0000,0.0000,278.0,0.0,1.000,256.0,0.000,0,0,256000,1,1,0,0,1,1
1,final_left_i32,i32,64,glibc_t2,FIXED_TWIN,3,0,1000,257.97,0.0000,0.0000,258.0,0.0,1.000,256.0,0.000,0,0,256000,1,0,1,0,1,1
1,final_left_i32,i32,64,glibc_t2,P5,3,1,1000,299.88,0.0000,0.0000,301.0,0.0,2.000,512.0,0.000,0,0,256256,2,0,0,0,1,1
1,final_left_i32,i32,64,glibc_t2,P6,3,2,1000,302.94,0.0000,0.0000,303.0,0.0,1.000,256.0,0.000,0,0,256000,1,1,0,0,1,1
1,final_left_i32,i32,64,glibc_t2,P7,3,3,1000,317.19,0.0000,0.0000,318.0,0.0,1.000,256.0,0.000,0,0,256000,1,0,1,0,1,1
1,final_left_i32,i32,64,glibc_t2,P5,4,0,1000,293.41,0.0000,0.0000,294.0,0.0,2.000,512.0,0.000,0,0,256256,2,0,0,0,1,1
1,final_left_i32,i32,64,glibc_t2,P6,4,1,1000,292.35,0.0000,0.0000,293.0,0.0,1.000,256.0,0.000,0,0,256000,1,1,0,0,1,1
1,final_left_i32,i32,64,glibc_t2,P7,4,2,1000,256.36,0.0000,0.0000,257.0,0.0,1.000,256.0,0.000,0,0,256000,1,0,1,0,1,1
1,final_left_i32,i32,64,glibc_t2,FIXED_TWIN,4,3,1000,260.44,0.0000,0.0000,261.0,0.0,1.000,256.0,0.000,0,0,256000,1,0,1,0,1,1
1,final_left_i32,i32,64,glibc_t2,P6,5,0,1000,277.98,0.0000,0.0000,278.0,0.0,1.000,256.0,0.000,0,0,256000,1,1,0,0,1,1
1,final_left_i32,i32,64,glibc_t2,P7,5,1,1000,247.34,0.0000,0.0000,248.0,0.0,1.000,256.0,0.000,0,0,256000,1,0,1,0,1,1
1,final_left_i32,i32,64,glibc_t2,FIXED_TWIN,5,2,1000,278.42,0.0000,0.0000,282.0,0.0,1.000,256.0,0.000,0,0,256000,1,0,1,0,1,1
1,final_left_i32,i32,64,glibc_t2,P5,5,3,1000,285.95,0.0000,0.0000,286.0,0.0,2.000,512.0,0.000,0,0,256256,2,0,0,0,1,1
1,final_left_i32,i32,64,glibc_t2,P7,6,0,1000,262.78,0.0000,0.0000,263.0,0.0,1.000,256.0,0.000,0,0,256000,1,0,1,0,1,1
1,final_left_i32,i32,64,glibc_t2,FIXED_TWIN,6,1,1000,267.00,0.0000,0.0000,268.0,0.0,1.000,256.0,0.000,0,0,256000,1,0,1,0,1,1
1,final_left_i32,i32,64,glibc_t2,P5,6,2,1000,290.34,0.0000,0.0000,291.0,0.0,2.000,512.0,0.000,0,0,256256,2,0,0,0,1,1
1,final_left_i32,i32,64,glibc_t2,P6,6,3,1000,277.24,0.0000,0.0000,277.0,0.0,1.000,256.0,0.000,0,0,256000,1,1,0,0,1,1
1,final_left_i32,i32,64,glibc_t2,FIXED_TWIN,7,0,1000,272.74,0.0000,0.0000,273.0,0.0,1.000,256.0,0.000,0,0,256000,1,0,1,0,1,1
1,final_left_i32,i32,64,glibc_t2,P5,7,1,1000,284.94,0.0000,0.0000,285.0,0.0,2.000,512.0,0.000,0,0,256256,2,0,0,0,1,1
1,final_left_i32,i32,64,glibc_t2,P6,7,2,1000,282.25,0.0000,0.0000,283.0,0.0,1.000,256.0,0.000,0,0,256000,1,1,0,0,1,1
1,final_left_i32,i32,64,glibc_t2,P7,7,3,1000,249.80,0.0000,0.0000,250.0,0.0,1.000,256.0,0.000,0,0,256000,1,0,1,0,1,1
1,final_left_i32,i32,64,glibc_t2,P5,8,0,1000,299.48,0.0000,0.0000,301.0,0.0,2.000,512.0,0.000,0,0,256256,2,0,0,0,1,1
1,final_left_i32,i32,64,glibc_t2,P6,8,1,1000,290.56,0.0000,0.0000,291.0,0.0,1.000,256.0,0.000,0,0,256000,1,1,0,0,1,1
1,final_left_i32,i32,64,glibc_t2,P7,8,2,1000,252.31,0.0000,0.0000,253.0,0.0,1.000,256.0,0.000,0,0,256000,1,0,1,0,1,1
1,final_left_i32,i32,64,glibc_t2,FIXED_TWIN,8,3,1000,279.80,0.0000,0.0000,280.0,0.0,1.000,256.0,0.000,0,0,256000,1,0,1,0,1,1
1,final_left_i32,i32,64,glibc_t2,P6,9,0,1000,276.50,0.0000,0.0000,277.0,0.0,1.000,256.0,0.000,0,0,256000,1,1,0,0,1,1
1,final_left_i32,i32,64,glibc_t2,P7,9,1,1000,245.17,0.0000,0.0000,246.0,0.0,1.000,256.0,0.000,0,0,256000,1,0,1,0,1,1
1,final_left_i32,i32,64,glibc_t2,FIXED_TWIN,9,2,1000,268.31,0.0000,0.0000,269.0,0.0,1.000,256.0,0.000,0,0,256000,1,0,1,0,1,1
1,final_left_i32,i32,64,glibc_t2,P5,9,3,1000,283.62,0.0000,0.0000,284.0,0.0,2.000,512.0,0.000,0,0,256256,2,0,0,0,1,1
1,final_left_i32,i32,64,glibc_t2,P7,10,0,1000,262.53,0.0000,0.0000,263.0,0.0,1.000,256.0,0.000,0,0,256000,1,0,1,0,1,1
1,final_left_i32,i32,64,glibc_t2,FIXED_TWIN,10,1,1000,282.20,0.0000,0.0000,283.0,0.0,1.000,256.0,0.000,0,0,256000,1,0,1,0,1,1
1,final_left_i32,i32,64,glibc_t2,P5,10,2,1000,292.23,0.0000,0.0000,293.0,0.0,2.000,512.0,0.000,0,0,256256,2,0,0,0,1,1
1,final_left_i32,i32,64,glibc_t2,P6,10,3,1000,294.62,0.0000,0.0000,295.0,0.0,1.000,256.0,0.000,0,0,256000,1,1,0,0,1,1
1,final_left_i32,i32,64,glibc_t2,FIXED_TWIN,11,0,1000,263.16,0.0000,0.0000,263.0,0.0,1.000,256.0,0.000,0,0,256000,1,0,1,0,1,1
1,final_left_i32,i32,64,glibc_t2,P5,11,1,1000,298.10,0.0000,0.0000,299.0,0.0,2.000,512.0,0.000,0,0,256256,2,0,0,0,1,1
1,final_left_i32,i32,64,glibc_t2,P6,11,2,1000,287.77,0.0000,0.0000,289.0,0.0,1.000,256.0,0.000,0,0,256000,1,1,0,0,1,1
1,final_left_i32,i32,64,glibc_t2,P7,11,3,1000,246.28,0.0000,0.0000,247.0,0.0,1.000,256.0,0.000,0,0,256000,1,0,1,0,1,1
1,final_left_i32,i32,64,glibc_t2,P5,12,0,1000,298.98,0.0000,0.0000,299.0,0.0,2.000,512.0,0.000,0,0,256256,2,0,0,0,1,1
1,final_left_i32,i32,64,glibc_t2,P6,12,1,1000,288.52,0.0000,0.0000,289.0,0.0,1.000,256.0,0.000,0,0,256000,1,1,0,0,1,1
1,final_left_i32,i32,64,glibc_t2,P7,12,2,1000,247.85,0.0000,0.0000,249.0,0.0,1.000,256.0,0.000,0,0,256000,1,0,1,0,1,1
1,final_left_i32,i32,64,glibc_t2,FIXED_TWIN,12,3,1000,275.96,0.0000,0.0000,277.0,0.0,1.000,256.0,0.000,0,0,256000,1,0,1,0,1,1
1,final_left_i32,i32,64,glibc_t2,P6,13,0,1000,267.36,0.0000,0.0000,268.0,0.0,1.000,256.0,0.000,0,0,256000,1,1,0,0,1,1
1,final_left_i32,i32,64,glibc_t2,P7,13,1,1000,262.48,0.0000,0.0000,263.0,0.0,1.000,256.0,0.000,0,0,256000,1,0,1,0,1,1
1,final_left_i32,i32,64,glibc_t2,FIXED_TWIN,13,2,1000,297.47,0.0000,0.0000,299.0,0.0,1.000,256.0,0.000,0,0,256000,1,0,1,0,1,1
1,final_left_i32,i32,64,glibc_t2,P5,13,3,1000,289.74,0.0000,0.0000,290.0,0.0,2.000,512.0,0.000,0,0,256256,2,0,0,0,1,1
1,final_left_i32,i32,64,glibc_t2,P7,14,0,1000,268.67,0.0000,0.0000,270.0,0.0,1.000,256.0,0.000,0,0,256000,1,0,1,0,1,1
1,final_left_i32,i32,64,glibc_t2,FIXED_TWIN,14,1,1000,245.59,0.0000,0.0000,247.0,0.0,1.000,256.0,0.000,0,0,256000,1,0,1,0,1,1
1,final_left_i32,i32,64,glibc_t2,P5,14,2,1000,287.58,0.0000,0.0000,289.0,0.0,2.000,512.0,0.000,0,0,256256,2,0,0,0,1,1
1,final_left_i32,i32,64,glibc_t2,P6,14,3,1000,297.13,0.0000,0.0000,298.0,0.0,1.000,256.0,0.000,0,0,256000,1,1,0,0,1,1
1,final_left_i32,i32,1024,glibc_t2,P5,0,0,1000,592.93,0.0000,0.0000,277.0,319.0,2.000,8192.0,0.000,0,0,4100096,2,0,0,0,1,1
1,final_left_i32,i32,1024,glibc_t2,P6,0,1,1000,560.55,0.0000,0.0000,266.0,307.0,1.000,4096.0,0.000,0,0,4096000,1,1,0,0,1,1
1,final_left_i32,i32,1024,glibc_t2,P7,0,2,1000,446.54,0.0000,0.0000,448.0,0.0,1.000,4096.0,0.000,0,0,4096000,1,0,1,0,1,1
1,final_left_i32,i32,1024,glibc_t2,FIXED_TWIN,0,3,1000,456.88,0.0000,0.0000,458.0,0.0,1.000,4096.0,0.000,0,0,4096000,1,0,1,0,1,1
1,final_left_i32,i32,1024,glibc_t2,P6,1,0,1000,561.34,0.0000,0.0000,562.0,0.0,1.000,4096.0,0.000,0,0,4096000,1,1,0,0,1,1
1,final_left_i32,i32,1024,glibc_t2,P7,1,1,1000,423.85,0.0000,0.0000,329.0,97.0,1.000,4096.0,0.000,0,0,4096000,1,0,1,0,1,1
1,final_left_i32,i32,1024,glibc_t2,FIXED_TWIN,1,2,1000,422.82,0.0000,0.0000,424.0,0.0,1.000,4096.0,0.000,0,0,4096000,1,0,1,0,1,1
1,final_left_i32,i32,1024,glibc_t2,P5,1,3,1000,578.60,0.0000,0.0000,581.0,0.0,2.000,8192.0,0.000,0,0,4100096,2,0,0,0,1,1
1,final_left_i32,i32,1024,glibc_t2,P7,2,0,1000,444.79,0.0000,0.0000,446.0,0.0,1.000,4096.0,0.000,0,0,4096000,1,0,1,0,1,1
1,final_left_i32,i32,1024,glibc_t2,FIXED_TWIN,2,1,1000,439.90,0.0000,0.0000,441.0,0.0,1.000,4096.0,0.000,0,0,4096000,1,0,1,0,1,1
1,final_left_i32,i32,1024,glibc_t2,P5,2,2,1000,581.21,0.0000,0.0000,583.0,0.0,2.000,8192.0,0.000,0,0,4100096,2,0,0,0,1,1
1,final_left_i32,i32,1024,glibc_t2,P6,2,3,1000,552.02,0.0000,0.0000,553.0,0.0,1.000,4096.0,0.000,0,0,4096000,1,1,0,0,1,1
1,final_left_i32,i32,1024,glibc_t2,FIXED_TWIN,3,0,1000,421.28,0.0000,0.0000,423.0,0.0,1.000,4096.0,0.000,0,0,4096000,1,0,1,0,1,1
1,final_left_i32,i32,1024,glibc_t2,P5,3,1,1000,583.30,0.0000,0.0000,586.0,0.0,2.000,8192.0,0.000,0,0,4100096,2,0,0,0,1,1
1,final_left_i32,i32,1024,glibc_t2,P6,3,2,1000,551.46,0.0000,0.0000,552.0,0.0,1.000,4096.0,0.000,0,0,4096000,1,1,0,0,1,1
1,final_left_i32,i32,1024,glibc_t2,P7,3,3,1000,427.30,0.0000,0.0000,429.0,0.0,1.000,4096.0,0.000,0,0,4096000,1,0,1,0,1,1
1,final_left_i32,i32,1024,glibc_t2,P5,4,0,1000,588.91,0.0000,0.0000,592.0,0.0,2.000,8192.0,0.000,0,0,4100096,2,0,0,0,1,1
1,final_left_i32,i32,1024,glibc_t2,P6,4,1,1000,540.11,0.0000,0.0000,528.0,14.0,1.000,4096.0,0.000,0,0,4096000,1,1,0,0,1,1
1,final_left_i32,i32,1024,glibc_t2,P7,4,2,1000,427.26,0.0000,0.0000,429.0,0.0,1.000,4096.0,0.000,0,0,4096000,1,0,1,0,1,1
1,final_left_i32,i32,1024,glibc_t2,FIXED_TWIN,4,3,1000,454.76,0.0000,0.0000,456.0,0.0,1.000,4096.0,0.000,0,0,4096000,1,0,1,0,1,1
1,final_left_i32,i32,1024,glibc_t2,P6,5,0,1000,563.66,0.0000,0.0000,565.0,0.0,1.000,4096.0,0.000,0,0,4096000,1,1,0,0,1,1
1,final_left_i32,i32,1024,glibc_t2,P7,5,1,1000,444.54,0.0000,0.0000,446.0,0.0,1.000,4096.0,0.000,0,0,4096000,1,0,1,0,1,1
1,final_left_i32,i32,1024,glibc_t2,FIXED_TWIN,5,2,1000,441.46,0.0000,0.0000,443.0,0.0,1.000,4096.0,0.000,0,0,4096000,1,0,1,0,1,1
1,final_left_i32,i32,1024,glibc_t2,P5,5,3,1000,610.90,0.0000,0.0000,612.0,0.0,2.000,8192.0,0.000,0,0,4100096,2,0,0,0,1,1
1,final_left_i32,i32,1024,glibc_t2,P7,6,0,1000,424.38,0.0000,0.0000,426.0,0.0,1.000,4096.0,0.000,0,0,4096000,1,0,1,0,1,1
1,final_left_i32,i32,1024,glibc_t2,FIXED_TWIN,6,1,1000,411.36,0.0000,0.0000,412.0,0.0,1.000,4096.0,0.000,0,0,4096000,1,0,1,0,1,1
1,final_left_i32,i32,1024,glibc_t2,P5,6,2,1000,569.86,0.0000,0.0000,572.0,0.0,2.000,8192.0,0.000,0,0,4100096,2,0,0,0,1,1
1,final_left_i32,i32,1024,glibc_t2,P6,6,3,1000,549.71,0.0000,0.0000,551.0,0.0,1.000,4096.0,0.000,0,0,4096000,1,1,0,0,1,1
1,final_left_i32,i32,1024,glibc_t2,FIXED_TWIN,7,0,1000,421.89,0.0000,0.0000,423.0,0.0,1.000,4096.0,0.000,0,0,4096000,1,0,1,0,1,1
1,final_left_i32,i32,1024,glibc_t2,P5,7,1,1000,581.28,0.0000,0.0000,584.0,0.0,2.000,8192.0,0.000,0,0,4100096,2,0,0,0,1,1
1,final_left_i32,i32,1024,glibc_t2,P6,7,2,1000,542.53,0.0000,0.0000,544.0,0.0,1.000,4096.0,0.000,0,0,4096000,1,1,0,0,1,1
1,final_left_i32,i32,1024,glibc_t2,P7,7,3,1000,447.39,0.0000,0.0000,449.0,0.0,1.000,4096.0,0.000,0,0,4096000,1,0,1,0,1,1
1,final_left_i32,i32,1024,glibc_t2,P5,8,0,1000,573.65,0.0000,0.0000,576.0,0.0,2.000,8192.0,0.000,0,0,4100096,2,0,0,0,1,1
1,final_left_i32,i32,1024,glibc_t2,P6,8,1,1000,554.93,0.0000,0.0000,557.0,0.0,1.000,4096.0,0.000,0,0,4096000,1,1,0,0,1,1
1,final_left_i32,i32,1024,glibc_t2,P7,8,2,1000,425.44,0.0000,0.0000,427.0,0.0,1.000,4096.0,0.000,0,0,4096000,1,0,1,0,1,1
1,final_left_i32,i32,1024,glibc_t2,FIXED_TWIN,8,3,1000,437.60,0.0000,0.0000,439.0,0.0,1.000,4096.0,0.000,0,0,4096000,1,0,1,0,1,1
1,final_left_i32,i32,1024,glibc_t2,P6,9,0,1000,573.97,0.0000,0.0000,575.0,0.0,1.000,4096.0,0.000,0,0,4096000,1,1,0,0,1,1
1,final_left_i32,i32,1024,glibc_t2,P7,9,1,1000,437.25,0.0000,0.0000,439.0,0.0,1.000,4096.0,0.000,0,0,4096000,1,0,1,0,1,1
1,final_left_i32,i32,1024,glibc_t2,FIXED_TWIN,9,2,1000,436.09,0.0000,0.0000,438.0,0.0,1.000,4096.0,0.000,0,0,4096000,1,0,1,0,1,1
1,final_left_i32,i32,1024,glibc_t2,P5,9,3,1000,605.26,0.0000,0.0000,607.0,0.0,2.000,8192.0,0.000,0,0,4100096,2,0,0,0,1,1
1,final_left_i32,i32,1024,glibc_t2,P7,10,0,1000,445.09,0.0000,0.0000,446.0,0.0,1.000,4096.0,0.000,0,0,4096000,1,0,1,0,1,1
1,final_left_i32,i32,1024,glibc_t2,FIXED_TWIN,10,1,1000,437.19,0.0000,0.0000,440.0,0.0,1.000,4096.0,0.000,0,0,4096000,1,0,1,0,1,1
1,final_left_i32,i32,1024,glibc_t2,P5,10,2,1000,590.40,0.0000,0.0000,592.0,0.0,2.000,8192.0,0.000,0,0,4100096,2,0,0,0,1,1
1,final_left_i32,i32,1024,glibc_t2,P6,10,3,1000,560.42,0.0000,0.0000,562.0,0.0,1.000,4096.0,0.000,0,0,4096000,1,1,0,0,1,1
1,final_left_i32,i32,1024,glibc_t2,FIXED_TWIN,11,0,1000,423.92,0.0000,0.0000,425.0,0.0,1.000,4096.0,0.000,0,0,4096000,1,0,1,0,1,1
1,final_left_i32,i32,1024,glibc_t2,P5,11,1,1000,598.91,0.0000,0.0000,600.0,0.0,2.000,8192.0,0.000,0,0,4100096,2,0,0,0,1,1
1,final_left_i32,i32,1024,glibc_t2,P6,11,2,1000,563.13,0.0000,0.0000,564.0,0.0,1.000,4096.0,0.000,0,0,4096000,1,1,0,0,1,1
1,final_left_i32,i32,1024,glibc_t2,P7,11,3,1000,422.39,0.0000,0.0000,426.0,0.0,1.000,4096.0,0.000,0,0,4096000,1,0,1,0,1,1
1,final_left_i32,i32,1024,glibc_t2,P5,12,0,1000,628.68,0.0000,0.0000,631.0,0.0,2.000,8192.0,0.000,0,0,4100096,2,0,0,0,1,1
1,final_left_i32,i32,1024,glibc_t2,P6,12,1,1000,536.77,0.0000,0.0000,539.0,0.0,1.000,4096.0,0.000,0,0,4096000,1,1,0,0,1,1
1,final_left_i32,i32,1024,glibc_t2,P7,12,2,1000,427.12,0.0000,0.0000,428.0,0.0,1.000,4096.0,0.000,0,0,4096000,1,0,1,0,1,1
1,final_left_i32,i32,1024,glibc_t2,FIXED_TWIN,12,3,1000,471.88,0.0000,0.0000,474.0,0.0,1.000,4096.0,0.000,0,0,4096000,1,0,1,0,1,1
1,final_left_i32,i32,1024,glibc_t2,P6,13,0,1000,564.61,0.0000,0.0000,566.0,0.0,1.000,4096.0,0.000,0,0,4096000,1,1,0,0,1,1
1,final_left_i32,i32,1024,glibc_t2,P7,13,1,1000,434.16,0.0000,0.0000,437.0,0.0,1.000,4096.0,0.000,0,0,4096000,1,0,1,0,1,1
1,final_left_i32,i32,1024,glibc_t2,FIXED_TWIN,13,2,1000,434.90,0.0000,0.0000,436.0,0.0,1.000,4096.0,0.000,0,0,4096000,1,0,1,0,1,1
1,final_left_i32,i32,1024,glibc_t2,P5,13,3,1000,587.14,0.0000,0.0000,589.0,0.0,2.000,8192.0,0.000,0,0,4100096,2,0,0,0,1,1
1,final_left_i32,i32,1024,glibc_t2,P7,14,0,1000,462.94,0.0000,0.0000,465.0,0.0,1.000,4096.0,0.000,0,0,4096000,1,0,1,0,1,1
1,final_left_i32,i32,1024,glibc_t2,FIXED_TWIN,14,1,1000,437.91,0.0000,0.0000,439.0,0.0,1.000,4096.0,0.000,0,0,4096000,1,0,1,0,1,1
1,final_left_i32,i32,1024,glibc_t2,P5,14,2,1000,543.35,0.0000,0.0000,545.0,0.0,2.000,8192.0,0.000,0,0,4100096,2,0,0,0,1,1
1,final_left_i32,i32,1024,glibc_t2,P6,14,3,1000,591.83,0.0000,0.0000,595.0,0.0,1.000,4096.0,0.000,0,0,4096000,1,1,0,0,1,1
1,final_left_i32,i32,4096,glibc_t2,P5,0,0,1,1758.00,0.0000,0.0000,3000.0,0.0,2.000,32768.0,0.000,0,0,32768,2,0,0,0,1,1
1,final_left_i32,i32,4096,glibc_t2,P6,0,1,1,1441.00,0.0000,0.0000,2000.0,0.0,1.000,16384.0,0.000,0,0,16384,1,1,0,0,1,1
1,final_left_i32,i32,4096,glibc_t2,P7,0,2,1,1092.00,0.0000,0.0000,1000.0,0.0,1.000,16384.0,0.000,0,0,16384,1,0,1,0,1,1
1,final_left_i32,i32,4096,glibc_t2,FIXED_TWIN,0,3,1,1097.00,0.0000,0.0000,1000.0,0.0,1.000,16384.0,0.000,0,0,16384,1,0,1,0,1,1
1,final_left_i32,i32,4096,glibc_t2,P6,1,0,1,1246.00,0.0000,0.0000,2000.0,0.0,1.000,16384.0,0.000,0,0,16384,1,1,0,0,1,1
1,final_left_i32,i32,4096,glibc_t2,P7,1,1,1,1092.00,0.0000,0.0000,1000.0,0.0,1.000,16384.0,0.000,0,0,16384,1,0,1,0,1,1
1,final_left_i32,i32,4096,glibc_t2,FIXED_TWIN,1,2,1,1069.00,0.0000,0.0000,1000.0,0.0,1.000,16384.0,0.000,0,0,16384,1,0,1,0,1,1
1,final_left_i32,i32,4096,glibc_t2,P5,1,3,1,1577.00,0.0000,0.0000,2000.0,0.0,2.000,32768.0,0.000,0,0,32768,2,0,0,0,1,1
1,final_left_i32,i32,4096,glibc_t2,P7,2,0,1,1098.00,0.0000,0.0000,1000.0,0.0,1.000,16384.0,0.000,0,0,16384,1,0,1,0,1,1
1,final_left_i32,i32,4096,glibc_t2,FIXED_TWIN,2,1,1,1069.00,0.0000,0.0000,1000.0,0.0,1.000,16384.0,0.000,0,0,16384,1,0,1,0,1,1
1,final_left_i32,i32,4096,glibc_t2,P5,2,2,1,1536.00,0.0000,0.0000,2000.0,0.0,2.000,32768.0,0.000,0,0,32768,2,0,0,0,1,1
1,final_left_i32,i32,4096,glibc_t2,P6,2,3,1,1327.00,0.0000,0.0000,2000.0,0.0,1.000,16384.0,0.000,0,0,16384,1,1,0,0,1,1
1,final_left_i32,i32,4096,glibc_t2,FIXED_TWIN,3,0,1,1094.00,0.0000,0.0000,2000.0,0.0,1.000,16384.0,0.000,0,0,16384,1,0,1,0,1,1
1,final_left_i32,i32,4096,glibc_t2,P5,3,1,1,2009.00,0.0000,0.0000,3000.0,0.0,2.000,32768.0,0.000,0,0,32768,2,0,0,0,1,1
1,final_left_i32,i32,4096,glibc_t2,P6,3,2,1,1302.00,0.0000,0.0000,2000.0,0.0,1.000,16384.0,0.000,0,0,16384,1,1,0,0,1,1
1,final_left_i32,i32,4096,glibc_t2,P7,3,3,1,1097.00,0.0000,0.0000,2000.0,0.0,1.000,16384.0,0.000,0,0,16384,1,0,1,0,1,1
1,final_left_i32,i32,4096,glibc_t2,P5,4,0,1,1537.00,0.0000,0.0000,2000.0,0.0,2.000,32768.0,0.000,0,0,32768,2,0,0,0,1,1
1,final_left_i32,i32,4096,glibc_t2,P6,4,1,1,1315.00,0.0000,0.0000,1000.0,0.0,1.000,16384.0,0.000,0,0,16384,1,1,0,0,1,1
1,final_left_i32,i32,4096,glibc_t2,P7,4,2,1,1098.00,0.0000,0.0000,1000.0,0.0,1.000,16384.0,0.000,0,0,16384,1,0,1,0,1,1
1,final_left_i32,i32,4096,glibc_t2,FIXED_TWIN,4,3,1,1125.00,0.0000,0.0000,2000.0,0.0,1.000,16384.0,0.000,0,0,16384,1,0,1,0,1,1
1,final_left_i32,i32,4096,glibc_t2,P6,5,0,1,1285.00,0.0000,0.0000,2000.0,0.0,1.000,16384.0,0.000,0,0,16384,1,1,0,0,1,1
1,final_left_i32,i32,4096,glibc_t2,P7,5,1,1,1117.00,0.0000,0.0000,1000.0,0.0,1.000,16384.0,0.000,0,0,16384,1,0,1,0,1,1
1,final_left_i32,i32,4096,glibc_t2,FIXED_TWIN,5,2,1,1071.00,0.0000,0.0000,2000.0,0.0,1.000,16384.0,0.000,0,0,16384,1,0,1,0,1,1
1,final_left_i32,i32,4096,glibc_t2,P5,5,3,1,1472.00,0.0000,0.0000,1000.0,0.0,2.000,32768.0,0.000,0,0,32768,2,0,0,0,1,1
1,final_left_i32,i32,4096,glibc_t2,P7,6,0,1,1110.00,0.0000,0.0000,2000.0,0.0,1.000,16384.0,0.000,0,0,16384,1,0,1,0,1,1
1,final_left_i32,i32,4096,glibc_t2,FIXED_TWIN,6,1,1,1081.00,0.0000,0.0000,2000.0,0.0,1.000,16384.0,0.000,0,0,16384,1,0,1,0,1,1
1,final_left_i32,i32,4096,glibc_t2,P5,6,2,1,1507.00,0.0000,0.0000,2000.0,0.0,2.000,32768.0,0.000,0,0,32768,2,0,0,0,1,1
1,final_left_i32,i32,4096,glibc_t2,P6,6,3,1,1287.00,0.0000,0.0000,1000.0,0.0,1.000,16384.0,0.000,0,0,16384,1,1,0,0,1,1
1,final_left_i32,i32,4096,glibc_t2,FIXED_TWIN,7,0,1,1129.00,0.0000,0.0000,1000.0,0.0,1.000,16384.0,0.000,0,0,16384,1,0,1,0,1,1
1,final_left_i32,i32,4096,glibc_t2,P5,7,1,1,1506.00,0.0000,0.0000,2000.0,0.0,2.000,32768.0,0.000,0,0,32768,2,0,0,0,1,1
1,final_left_i32,i32,4096,glibc_t2,P6,7,2,1,1963.00,0.0000,0.0000,2000.0,0.0,1.000,16384.0,0.000,0,0,16384,1,1,0,0,1,1
1,final_left_i32,i32,4096,glibc_t2,P7,7,3,1,1258.00,0.0000,0.0000,2000.0,0.0,1.000,16384.0,0.000,0,0,16384,1,0,1,0,1,1
1,final_left_i32,i32,4096,glibc_t2,P5,8,0,1,1674.00,0.0000,0.0000,3000.0,0.0,2.000,32768.0,0.000,0,0,32768,2,0,0,0,1,1
1,final_left_i32,i32,4096,glibc_t2,P6,8,1,1,1356.00,0.0000,0.0000,2000.0,0.0,1.000,16384.0,0.000,0,0,16384,1,1,0,0,1,1
1,final_left_i32,i32,4096,glibc_t2,P7,8,2,1,1113.00,0.0000,0.0000,2000.0,0.0,1.000,16384.0,0.000,0,0,16384,1,0,1,0,1,1
1,final_left_i32,i32,4096,glibc_t2,FIXED_TWIN,8,3,1,1106.00,0.0000,0.0000,2000.0,0.0,1.000,16384.0,0.000,0,0,16384,1,0,1,0,1,1
1,final_left_i32,i32,4096,glibc_t2,P6,9,0,1,1312.00,0.0000,0.0000,1000.0,0.0,1.000,16384.0,0.000,0,0,16384,1,1,0,0,1,1
1,final_left_i32,i32,4096,glibc_t2,P7,9,1,1,1091.00,0.0000,0.0000,2000.0,0.0,1.000,16384.0,0.000,0,0,16384,1,0,1,0,1,1
1,final_left_i32,i32,4096,glibc_t2,FIXED_TWIN,9,2,1,1074.00,0.0000,0.0000,2000.0,0.0,1.000,16384.0,0.000,0,0,16384,1,0,1,0,1,1
1,final_left_i32,i32,4096,glibc_t2,P5,9,3,1,1599.00,0.0000,0.0000,2000.0,0.0,2.000,32768.0,0.000,0,0,32768,2,0,0,0,1,1
1,final_left_i32,i32,4096,glibc_t2,P7,10,0,1,1115.00,0.0000,0.0000,2000.0,0.0,1.000,16384.0,0.000,0,0,16384,1,0,1,0,1,1
1,final_left_i32,i32,4096,glibc_t2,FIXED_TWIN,10,1,1,1080.00,0.0000,0.0000,2000.0,0.0,1.000,16384.0,0.000,0,0,16384,1,0,1,0,1,1
1,final_left_i32,i32,4096,glibc_t2,P5,10,2,1,1508.00,0.0000,0.0000,2000.0,0.0,2.000,32768.0,0.000,0,0,32768,2,0,0,0,1,1
1,final_left_i32,i32,4096,glibc_t2,P6,10,3,1,1279.00,0.0000,0.0000,1000.0,0.0,1.000,16384.0,0.000,0,0,16384,1,1,0,0,1,1
1,final_left_i32,i32,4096,glibc_t2,FIXED_TWIN,11,0,1,1094.00,0.0000,0.0000,2000.0,0.0,1.000,16384.0,0.000,0,0,16384,1,0,1,0,1,1
1,final_left_i32,i32,4096,glibc_t2,P5,11,1,1,1541.00,0.0000,0.0000,2000.0,0.0,2.000,32768.0,0.000,0,0,32768,2,0,0,0,1,1
1,final_left_i32,i32,4096,glibc_t2,P6,11,2,1,1273.00,0.0000,0.0000,2000.0,0.0,1.000,16384.0,0.000,0,0,16384,1,1,0,0,1,1
1,final_left_i32,i32,4096,glibc_t2,P7,11,3,1,1143.00,0.0000,0.0000,2000.0,0.0,1.000,16384.0,0.000,0,0,16384,1,0,1,0,1,1
1,final_left_i32,i32,4096,glibc_t2,P5,12,0,1,1528.00,0.0000,0.0000,2000.0,0.0,2.000,32768.0,0.000,0,0,32768,2,0,0,0,1,1
1,final_left_i32,i32,4096,glibc_t2,P6,12,1,1,1309.00,0.0000,0.0000,2000.0,0.0,1.000,16384.0,0.000,0,0,16384,1,1,0,0,1,1
1,final_left_i32,i32,4096,glibc_t2,P7,12,2,1,1098.00,0.0000,0.0000,1000.0,0.0,1.000,16384.0,0.000,0,0,16384,1,0,1,0,1,1
1,final_left_i32,i32,4096,glibc_t2,FIXED_TWIN,12,3,1,1101.00,0.0000,0.0000,1000.0,0.0,1.000,16384.0,0.000,0,0,16384,1,0,1,0,1,1
1,final_left_i32,i32,4096,glibc_t2,P6,13,0,1,1283.00,0.0000,0.0000,2000.0,0.0,1.000,16384.0,0.000,0,0,16384,1,1,0,0,1,1
1,final_left_i32,i32,4096,glibc_t2,P7,13,1,1,1087.00,0.0000,0.0000,1000.0,0.0,1.000,16384.0,0.000,0,0,16384,1,0,1,0,1,1
1,final_left_i32,i32,4096,glibc_t2,FIXED_TWIN,13,2,1,1073.00,0.0000,0.0000,1000.0,0.0,1.000,16384.0,0.000,0,0,16384,1,0,1,0,1,1
1,final_left_i32,i32,4096,glibc_t2,P5,13,3,1,1490.00,0.0000,0.0000,2000.0,0.0,2.000,32768.0,0.000,0,0,32768,2,0,0,0,1,1
1,final_left_i32,i32,4096,glibc_t2,P7,14,0,1,1131.00,0.0000,0.0000,2000.0,0.0,1.000,16384.0,0.000,0,0,16384,1,0,1,0,1,1
1,final_left_i32,i32,4096,glibc_t2,FIXED_TWIN,14,1,1,1100.00,0.0000,0.0000,1000.0,0.0,1.000,16384.0,0.000,0,0,16384,1,0,1,0,1,1
1,final_left_i32,i32,4096,glibc_t2,P5,14,2,1,1546.00,0.0000,0.0000,2000.0,0.0,2.000,32768.0,0.000,0,0,32768,2,0,0,0,1,1
1,final_left_i32,i32,4096,glibc_t2,P6,14,3,1,1302.00,0.0000,0.0000,1000.0,0.0,1.000,16384.0,0.000,0,0,16384,1,1,0,0,1,1
1,final_left_i32,i32,16384,glibc_t2,P5,0,0,1,4864.00,0.0000,0.0000,6000.0,0.0,2.000,131072.0,0.000,0,0,131072,2,0,0,0,1,1
1,final_left_i32,i32,16384,glibc_t2,P6,0,1,1,4617.00,0.0000,0.0000,6000.0,0.0,1.000,65536.0,0.000,0,0,65536,1,1,0,0,1,1
1,final_left_i32,i32,16384,glibc_t2,P7,0,2,1,3487.00,0.0000,0.0000,4000.0,0.0,1.000,65536.0,0.000,0,0,65536,1,0,1,0,1,1
1,final_left_i32,i32,16384,glibc_t2,FIXED_TWIN,0,3,1,3419.00,0.0000,0.0000,4000.0,0.0,1.000,65536.0,0.000,0,0,65536,1,0,1,0,1,1
1,final_left_i32,i32,16384,glibc_t2,P6,1,0,1,4662.00,0.0000,0.0000,5000.0,0.0,1.000,65536.0,0.000,0,0,65536,1,1,0,0,1,1
1,final_left_i32,i32,16384,glibc_t2,P7,1,1,1,8463.00,0.0000,0.0000,9000.0,0.0,1.000,65536.0,0.000,0,0,65536,1,0,1,0,1,1
1,final_left_i32,i32,16384,glibc_t2,FIXED_TWIN,1,2,1,3463.00,0.0000,0.0000,4000.0,0.0,1.000,65536.0,0.000,0,0,65536,1,0,1,0,1,1
1,final_left_i32,i32,16384,glibc_t2,P5,1,3,1,4788.00,0.0000,0.0000,5000.0,0.0,2.000,131072.0,0.000,0,0,131072,2,0,0,0,1,1
1,final_left_i32,i32,16384,glibc_t2,P7,2,0,1,3411.00,0.0000,0.0000,4000.0,0.0,1.000,65536.0,0.000,0,0,65536,1,0,1,0,1,1
1,final_left_i32,i32,16384,glibc_t2,FIXED_TWIN,2,1,1,3816.00,0.0000,0.0000,5000.0,0.0,1.000,65536.0,0.000,0,0,65536,1,0,1,0,1,1
1,final_left_i32,i32,16384,glibc_t2,P5,2,2,1,4800.00,0.0000,0.0000,5000.0,0.0,2.000,131072.0,0.000,0,0,131072,2,0,0,0,1,1
1,final_left_i32,i32,16384,glibc_t2,P6,2,3,1,4690.00,0.0000,0.0000,5000.0,0.0,1.000,65536.0,0.000,0,0,65536,1,1,0,0,1,1
1,final_left_i32,i32,16384,glibc_t2,FIXED_TWIN,3,0,1,3531.00,0.0000,0.0000,4000.0,0.0,1.000,65536.0,0.000,0,0,65536,1,0,1,0,1,1
1,final_left_i32,i32,16384,glibc_t2,P5,3,1,1,5262.00,0.0000,0.0000,6000.0,0.0,2.000,131072.0,0.000,0,0,131072,2,0,0,0,1,1
1,final_left_i32,i32,16384,glibc_t2,P6,3,2,1,4811.00,0.0000,0.0000,5000.0,0.0,1.000,65536.0,0.000,0,0,65536,1,1,0,0,1,1
1,final_left_i32,i32,16384,glibc_t2,P7,3,3,1,3418.00,0.0000,0.0000,4000.0,0.0,1.000,65536.0,0.000,0,0,65536,1,0,1,0,1,1
1,final_left_i32,i32,16384,glibc_t2,P5,4,0,1,4841.00,0.0000,0.0000,5000.0,0.0,2.000,131072.0,0.000,0,0,131072,2,0,0,0,1,1
1,final_left_i32,i32,16384,glibc_t2,P6,4,1,1,4709.00,0.0000,0.0000,5000.0,0.0,1.000,65536.0,0.000,0,0,65536,1,1,0,0,1,1
1,final_left_i32,i32,16384,glibc_t2,P7,4,2,1,3439.00,0.0000,0.0000,4000.0,0.0,1.000,65536.0,0.000,0,0,65536,1,0,1,0,1,1
1,final_left_i32,i32,16384,glibc_t2,FIXED_TWIN,4,3,1,4327.00,0.0000,0.0000,5000.0,0.0,1.000,65536.0,0.000,0,0,65536,1,0,1,0,1,1
1,final_left_i32,i32,16384,glibc_t2,P6,5,0,1,4618.00,0.0000,0.0000,5000.0,0.0,1.000,65536.0,0.000,0,0,65536,1,1,0,0,1,1
1,final_left_i32,i32,16384,glibc_t2,P7,5,1,1,3599.00,0.0000,0.0000,4000.0,0.0,1.000,65536.0,0.000,0,0,65536,1,0,1,0,1,1
1,final_left_i32,i32,16384,glibc_t2,FIXED_TWIN,5,2,1,3397.00,0.0000,0.0000,4000.0,0.0,1.000,65536.0,0.000,0,0,65536,1,0,1,0,1,1
1,final_left_i32,i32,16384,glibc_t2,P5,5,3,1,8281.00,0.0000,0.0000,4000.0,5000.0,2.000,131072.0,0.000,0,0,131072,2,0,0,0,1,1
1,final_left_i32,i32,16384,glibc_t2,P7,6,0,1,3466.00,0.0000,0.0000,2000.0,2000.0,1.000,65536.0,0.000,0,0,65536,1,0,1,0,1,1
1,final_left_i32,i32,16384,glibc_t2,FIXED_TWIN,6,1,1,3478.00,0.0000,0.0000,2000.0,2000.0,1.000,65536.0,0.000,0,0,65536,1,0,1,0,1,1
1,final_left_i32,i32,16384,glibc_t2,P5,6,2,1,4825.00,0.0000,0.0000,2000.0,2000.0,2.000,131072.0,0.000,0,0,131072,2,0,0,0,1,1
1,final_left_i32,i32,16384,glibc_t2,P6,6,3,1,5753.00,0.0000,0.0000,3000.0,3000.0,1.000,65536.0,0.000,0,0,65536,1,1,0,0,1,1
1,final_left_i32,i32,16384,glibc_t2,FIXED_TWIN,7,0,1,3399.00,0.0000,0.0000,2000.0,2000.0,1.000,65536.0,0.000,0,0,65536,1,0,1,0,1,1
1,final_left_i32,i32,16384,glibc_t2,P5,7,1,1,4776.00,0.0000,0.0000,2000.0,2000.0,2.000,131072.0,0.000,0,0,131072,2,0,0,0,1,1
1,final_left_i32,i32,16384,glibc_t2,P6,7,2,1,5323.00,0.0000,0.0000,6000.0,0.0,1.000,65536.0,0.000,0,0,65536,1,1,0,0,1,1
1,final_left_i32,i32,16384,glibc_t2,P7,7,3,1,4741.00,0.0000,0.0000,6000.0,0.0,1.000,65536.0,0.000,0,0,65536,1,0,1,0,1,1
1,final_left_i32,i32,16384,glibc_t2,P5,8,0,1,5128.00,0.0000,0.0000,6000.0,0.0,2.000,131072.0,0.000,0,0,131072,2,0,0,0,1,1
1,final_left_i32,i32,16384,glibc_t2,P6,8,1,1,4890.00,0.0000,0.0000,5000.0,0.0,1.000,65536.0,0.000,0,0,65536,1,1,0,0,1,1
1,final_left_i32,i32,16384,glibc_t2,P7,8,2,1,3583.00,0.0000,0.0000,4000.0,0.0,1.000,65536.0,0.000,0,0,65536,1,0,1,0,1,1
1,final_left_i32,i32,16384,glibc_t2,FIXED_TWIN,8,3,1,3442.00,0.0000,0.0000,4000.0,0.0,1.000,65536.0,0.000,0,0,65536,1,0,1,0,1,1
1,final_left_i32,i32,16384,glibc_t2,P6,9,0,1,4700.00,0.0000,0.0000,5000.0,0.0,1.000,65536.0,0.000,0,0,65536,1,1,0,0,1,1
1,final_left_i32,i32,16384,glibc_t2,P7,9,1,1,3526.00,0.0000,0.0000,4000.0,0.0,1.000,65536.0,0.000,0,0,65536,1,0,1,0,1,1
1,final_left_i32,i32,16384,glibc_t2,FIXED_TWIN,9,2,1,3492.00,0.0000,0.0000,4000.0,0.0,1.000,65536.0,0.000,0,0,65536,1,0,1,0,1,1
1,final_left_i32,i32,16384,glibc_t2,P5,9,3,1,4849.00,0.0000,0.0000,5000.0,0.0,2.000,131072.0,0.000,0,0,131072,2,0,0,0,1,1
1,final_left_i32,i32,16384,glibc_t2,P7,10,0,1,3444.00,0.0000,0.0000,3000.0,0.0,1.000,65536.0,0.000,0,0,65536,1,0,1,0,1,1
1,final_left_i32,i32,16384,glibc_t2,FIXED_TWIN,10,1,1,3403.00,0.0000,0.0000,4000.0,0.0,1.000,65536.0,0.000,0,0,65536,1,0,1,0,1,1
1,final_left_i32,i32,16384,glibc_t2,P5,10,2,1,4828.00,0.0000,0.0000,5000.0,0.0,2.000,131072.0,0.000,0,0,131072,2,0,0,0,1,1
1,final_left_i32,i32,16384,glibc_t2,P6,10,3,1,5215.00,0.0000,0.0000,6000.0,0.0,1.000,65536.0,0.000,0,0,65536,1,1,0,0,1,1
1,final_left_i32,i32,16384,glibc_t2,FIXED_TWIN,11,0,1,3741.00,0.0000,0.0000,4000.0,0.0,1.000,65536.0,0.000,0,0,65536,1,0,1,0,1,1
1,final_left_i32,i32,16384,glibc_t2,P5,11,1,1,4939.00,0.0000,0.0000,5000.0,0.0,2.000,131072.0,0.000,0,0,131072,2,0,0,0,1,1
1,final_left_i32,i32,16384,glibc_t2,P6,11,2,1,4661.00,0.0000,0.0000,5000.0,0.0,1.000,65536.0,0.000,0,0,65536,1,1,0,0,1,1
1,final_left_i32,i32,16384,glibc_t2,P7,11,3,1,3442.00,0.0000,0.0000,3000.0,0.0,1.000,65536.0,0.000,0,0,65536,1,0,1,0,1,1
1,final_left_i32,i32,16384,glibc_t2,P5,12,0,1,4776.00,0.0000,0.0000,5000.0,0.0,2.000,131072.0,0.000,0,0,131072,2,0,0,0,1,1
1,final_left_i32,i32,16384,glibc_t2,P6,12,1,1,4697.00,0.0000,0.0000,6000.0,0.0,1.000,65536.0,0.000,0,0,65536,1,1,0,0,1,1
1,final_left_i32,i32,16384,glibc_t2,P7,12,2,1,3428.00,0.0000,0.0000,4000.0,0.0,1.000,65536.0,0.000,0,0,65536,1,0,1,0,1,1
1,final_left_i32,i32,16384,glibc_t2,FIXED_TWIN,12,3,1,3491.00,0.0000,0.0000,4000.0,0.0,1.000,65536.0,0.000,0,0,65536,1,0,1,0,1,1
1,final_left_i32,i32,16384,glibc_t2,P6,13,0,1,4630.00,0.0000,0.0000,5000.0,0.0,1.000,65536.0,0.000,0,0,65536,1,1,0,0,1,1
1,final_left_i32,i32,16384,glibc_t2,P7,13,1,1,3496.00,0.0000,0.0000,4000.0,0.0,1.000,65536.0,0.000,0,0,65536,1,0,1,0,1,1
1,final_left_i32,i32,16384,glibc_t2,FIXED_TWIN,13,2,1,3408.00,0.0000,0.0000,4000.0,0.0,1.000,65536.0,0.000,0,0,65536,1,0,1,0,1,1
1,final_left_i32,i32,16384,glibc_t2,P5,13,3,1,4851.00,0.0000,0.0000,6000.0,0.0,2.000,131072.0,0.000,0,0,131072,2,0,0,0,1,1
1,final_left_i32,i32,16384,glibc_t2,P7,14,0,1,3447.00,0.0000,0.0000,4000.0,0.0,1.000,65536.0,0.000,0,0,65536,1,0,1,0,1,1
1,final_left_i32,i32,16384,glibc_t2,FIXED_TWIN,14,1,1,3467.00,0.0000,0.0000,4000.0,0.0,1.000,65536.0,0.000,0,0,65536,1,0,1,0,1,1
1,final_left_i32,i32,16384,glibc_t2,P5,14,2,1,4810.00,0.0000,0.0000,5000.0,0.0,2.000,131072.0,0.000,0,0,131072,2,0,0,0,1,1
1,final_left_i32,i32,16384,glibc_t2,P6,14,3,1,4752.00,0.0000,0.0000,5000.0,0.0,1.000,65536.0,0.000,0,0,65536,1,1,0,0,1,1
1,final_left_i32,i32,65536,glibc_t2,P5,0,0,1,164955.00,130.0000,0.0000,167000.0,0.0,2.000,524288.0,0.000,0,0,524288,2,0,0,0,1,1
1,final_left_i32,i32,65536,glibc_t2,P6,0,1,1,84445.00,65.0000,0.0000,85000.0,0.0,1.000,262144.0,0.000,0,0,262144,1,1,0,0,1,1
1,final_left_i32,i32,65536,glibc_t2,P7,0,2,1,75360.00,65.0000,0.0000,76000.0,0.0,1.000,262144.0,0.000,0,0,262144,1,0,1,0,1,1
1,final_left_i32,i32,65536,glibc_t2,FIXED_TWIN,0,3,1,76340.00,65.0000,0.0000,77000.0,0.0,1.000,262144.0,0.000,0,0,262144,1,0,1,0,1,1
1,final_left_i32,i32,65536,glibc_t2,P6,1,0,1,112314.00,65.0000,0.0000,0.0,114000.0,1.000,262144.0,0.000,0,0,262144,1,1,0,0,1,1
1,final_left_i32,i32,65536,glibc_t2,P7,1,1,1,77569.00,65.0000,0.0000,0.0,79000.0,1.000,262144.0,0.000,0,0,262144,1,0,1,0,1,1
1,final_left_i32,i32,65536,glibc_t2,FIXED_TWIN,1,2,1,79916.00,65.0000,0.0000,0.0,80000.0,1.000,262144.0,0.000,0,0,262144,1,0,1,0,1,1
1,final_left_i32,i32,65536,glibc_t2,P5,1,3,1,152742.00,130.0000,0.0000,0.0,153000.0,2.000,524288.0,0.000,0,0,524288,2,0,0,0,1,1
1,final_left_i32,i32,65536,glibc_t2,P7,2,0,1,77150.00,65.0000,0.0000,0.0,78000.0,1.000,262144.0,0.000,0,0,262144,1,0,1,0,1,1
1,final_left_i32,i32,65536,glibc_t2,FIXED_TWIN,2,1,1,73873.00,65.0000,0.0000,0.0,75000.0,1.000,262144.0,0.000,0,0,262144,1,0,1,0,1,1
1,final_left_i32,i32,65536,glibc_t2,P5,2,2,1,154650.00,130.0000,0.0000,0.0,156000.0,2.000,524288.0,0.000,0,0,524288,2,0,0,0,1,1
1,final_left_i32,i32,65536,glibc_t2,P6,2,3,1,83707.00,65.0000,0.0000,0.0,84000.0,1.000,262144.0,0.000,0,0,262144,1,1,0,0,1,1
1,final_left_i32,i32,65536,glibc_t2,FIXED_TWIN,3,0,1,75646.00,65.0000,0.0000,0.0,76000.0,1.000,262144.0,0.000,0,0,262144,1,0,1,0,1,1
1,final_left_i32,i32,65536,glibc_t2,P5,3,1,1,180365.00,130.0000,0.0000,0.0,181000.0,2.000,524288.0,0.000,0,0,524288,2,0,0,0,1,1
1,final_left_i32,i32,65536,glibc_t2,P6,3,2,1,85630.00,65.0000,0.0000,0.0,87000.0,1.000,262144.0,0.000,0,0,262144,1,1,0,0,1,1
1,final_left_i32,i32,65536,glibc_t2,P7,3,3,1,74976.00,65.0000,0.0000,0.0,76000.0,1.000,262144.0,0.000,0,0,262144,1,0,1,0,1,1
1,final_left_i32,i32,65536,glibc_t2,P5,4,0,1,160042.00,130.0000,0.0000,0.0,160000.0,2.000,524288.0,0.000,0,0,524288,2,0,0,0,1,1
1,final_left_i32,i32,65536,glibc_t2,P6,4,1,1,80689.00,65.0000,0.0000,0.0,82000.0,1.000,262144.0,0.000,0,0,262144,1,1,0,0,1,1
1,final_left_i32,i32,65536,glibc_t2,P7,4,2,1,76374.00,65.0000,0.0000,0.0,77000.0,1.000,262144.0,0.000,0,0,262144,1,0,1,0,1,1
1,final_left_i32,i32,65536,glibc_t2,FIXED_TWIN,4,3,1,76416.00,65.0000,0.0000,0.0,77000.0,1.000,262144.0,0.000,0,0,262144,1,0,1,0,1,1
1,final_left_i32,i32,65536,glibc_t2,P6,5,0,1,82225.00,65.0000,0.0000,0.0,83000.0,1.000,262144.0,0.000,0,0,262144,1,1,0,0,1,1
1,final_left_i32,i32,65536,glibc_t2,P7,5,1,1,74547.00,65.0000,0.0000,0.0,75000.0,1.000,262144.0,0.000,0,0,262144,1,0,1,0,1,1
1,final_left_i32,i32,65536,glibc_t2,FIXED_TWIN,5,2,1,75465.00,65.0000,0.0000,0.0,76000.0,1.000,262144.0,0.000,0,0,262144,1,0,1,0,1,1
1,final_left_i32,i32,65536,glibc_t2,P5,5,3,1,158715.00,130.0000,0.0000,0.0,159000.0,2.000,524288.0,0.000,0,0,524288,2,0,0,0,1,1
1,final_left_i32,i32,65536,glibc_t2,P7,6,0,1,76189.00,65.0000,0.0000,0.0,77000.0,1.000,262144.0,0.000,0,0,262144,1,0,1,0,1,1
1,final_left_i32,i32,65536,glibc_t2,FIXED_TWIN,6,1,1,73769.00,65.0000,0.0000,0.0,74000.0,1.000,262144.0,0.000,0,0,262144,1,0,1,0,1,1
1,final_left_i32,i32,65536,glibc_t2,P5,6,2,1,151586.00,130.0000,0.0000,0.0,152000.0,2.000,524288.0,0.000,0,0,524288,2,0,0,0,1,1
1,final_left_i32,i32,65536,glibc_t2,P6,6,3,1,80134.00,65.0000,0.0000,0.0,81000.0,1.000,262144.0,0.000,0,0,262144,1,1,0,0,1,1
1,final_left_i32,i32,65536,glibc_t2,FIXED_TWIN,7,0,1,76962.00,65.0000,0.0000,0.0,78000.0,1.000,262144.0,0.000,0,0,262144,1,0,1,0,1,1
1,final_left_i32,i32,65536,glibc_t2,P5,7,1,1,149696.00,130.0000,0.0000,0.0,150000.0,2.000,524288.0,0.000,0,0,524288,2,0,0,0,1,1
1,final_left_i32,i32,65536,glibc_t2,P6,7,2,1,79175.00,65.0000,0.0000,0.0,80000.0,1.000,262144.0,0.000,0,0,262144,1,1,0,0,1,1
1,final_left_i32,i32,65536,glibc_t2,P7,7,3,1,96637.00,65.0000,0.0000,0.0,97000.0,1.000,262144.0,0.000,0,0,262144,1,0,1,0,1,1
1,final_left_i32,i32,65536,glibc_t2,P5,8,0,1,159792.00,130.0000,0.0000,0.0,161000.0,2.000,524288.0,0.000,0,0,524288,2,0,0,0,1,1
1,final_left_i32,i32,65536,glibc_t2,P6,8,1,1,80917.00,65.0000,0.0000,0.0,82000.0,1.000,262144.0,0.000,0,0,262144,1,1,0,0,1,1
1,final_left_i32,i32,65536,glibc_t2,P7,8,2,1,76156.00,65.0000,0.0000,0.0,77000.0,1.000,262144.0,0.000,0,0,262144,1,0,1,0,1,1
1,final_left_i32,i32,65536,glibc_t2,FIXED_TWIN,8,3,1,75721.00,65.0000,0.0000,0.0,77000.0,1.000,262144.0,0.000,0,0,262144,1,0,1,0,1,1
1,final_left_i32,i32,65536,glibc_t2,P6,9,0,1,81563.00,65.0000,0.0000,0.0,83000.0,1.000,262144.0,0.000,0,0,262144,1,1,0,0,1,1
1,final_left_i32,i32,65536,glibc_t2,P7,9,1,1,74711.00,65.0000,0.0000,0.0,75000.0,1.000,262144.0,0.000,0,0,262144,1,0,1,0,1,1
1,final_left_i32,i32,65536,glibc_t2,FIXED_TWIN,9,2,1,74148.00,65.0000,0.0000,0.0,75000.0,1.000,262144.0,0.000,0,0,262144,1,0,1,0,1,1
1,final_left_i32,i32,65536,glibc_t2,P5,9,3,1,176130.00,130.0000,0.0000,0.0,177000.0,2.000,524288.0,0.000,0,0,524288,2,0,0,0,1,1
1,final_left_i32,i32,65536,glibc_t2,P7,10,0,1,89826.00,65.0000,0.0000,0.0,91000.0,1.000,262144.0,0.000,0,0,262144,1,0,1,0,1,1
1,final_left_i32,i32,65536,glibc_t2,FIXED_TWIN,10,1,1,79548.00,65.0000,0.0000,0.0,80000.0,1.000,262144.0,0.000,0,0,262144,1,0,1,0,1,1
1,final_left_i32,i32,65536,glibc_t2,P5,10,2,1,153947.00,130.0000,0.0000,0.0,155000.0,2.000,524288.0,0.000,0,0,524288,2,0,0,0,1,1
1,final_left_i32,i32,65536,glibc_t2,P6,10,3,1,80632.00,65.0000,0.0000,0.0,82000.0,1.000,262144.0,0.000,0,0,262144,1,1,0,0,1,1
1,final_left_i32,i32,65536,glibc_t2,FIXED_TWIN,11,0,1,76488.00,65.0000,0.0000,0.0,77000.0,1.000,262144.0,0.000,0,0,262144,1,0,1,0,1,1
1,final_left_i32,i32,65536,glibc_t2,P5,11,1,1,158213.00,130.0000,0.0000,0.0,159000.0,2.000,524288.0,0.000,0,0,524288,2,0,0,0,1,1
1,final_left_i32,i32,65536,glibc_t2,P6,11,2,1,83345.00,65.0000,0.0000,0.0,84000.0,1.000,262144.0,0.000,0,0,262144,1,1,0,0,1,1
1,final_left_i32,i32,65536,glibc_t2,P7,11,3,1,74674.00,65.0000,0.0000,0.0,76000.0,1.000,262144.0,0.000,0,0,262144,1,0,1,0,1,1
1,final_left_i32,i32,65536,glibc_t2,P5,12,0,1,174858.00,130.0000,0.0000,0.0,176000.0,2.000,524288.0,0.000,0,0,524288,2,0,0,0,1,1
1,final_left_i32,i32,65536,glibc_t2,P6,12,1,1,79120.00,65.0000,0.0000,0.0,80000.0,1.000,262144.0,0.000,0,0,262144,1,1,0,0,1,1
1,final_left_i32,i32,65536,glibc_t2,P7,12,2,1,74343.00,65.0000,0.0000,0.0,75000.0,1.000,262144.0,0.000,0,0,262144,1,0,1,0,1,1
1,final_left_i32,i32,65536,glibc_t2,FIXED_TWIN,12,3,1,76432.00,65.0000,0.0000,0.0,77000.0,1.000,262144.0,0.000,0,0,262144,1,0,1,0,1,1
1,final_left_i32,i32,65536,glibc_t2,P6,13,0,1,80254.00,65.0000,0.0000,0.0,81000.0,1.000,262144.0,0.000,0,0,262144,1,1,0,0,1,1
1,final_left_i32,i32,65536,glibc_t2,P7,13,1,1,79284.00,65.0000,0.0000,0.0,80000.0,1.000,262144.0,0.000,0,0,262144,1,0,1,0,1,1
1,final_left_i32,i32,65536,glibc_t2,FIXED_TWIN,13,2,1,74526.00,65.0000,0.0000,0.0,75000.0,1.000,262144.0,0.000,0,0,262144,1,0,1,0,1,1
1,final_left_i32,i32,65536,glibc_t2,P5,13,3,1,150994.00,130.0000,0.0000,0.0,152000.0,2.000,524288.0,0.000,0,0,524288,2,0,0,0,1,1
1,final_left_i32,i32,65536,glibc_t2,P7,14,0,1,81171.00,65.0000,0.0000,0.0,82000.0,1.000,262144.0,0.000,0,0,262144,1,0,1,0,1,1
1,final_left_i32,i32,65536,glibc_t2,FIXED_TWIN,14,1,1,124141.00,65.0000,0.0000,0.0,125000.0,1.000,262144.0,0.000,0,0,262144,1,0,1,0,1,1
1,final_left_i32,i32,65536,glibc_t2,P5,14,2,1,170512.00,130.0000,0.0000,0.0,172000.0,2.000,524288.0,0.000,0,0,524288,2,0,0,0,1,1
1,final_left_i32,i32,65536,glibc_t2,P6,14,3,1,79097.00,65.0000,0.0000,0.0,79000.0,1.000,262144.0,0.000,0,0,262144,1,1,0,0,1,1
1,final_left_i32,i32,262144,glibc_t2,P5,0,0,1,706491.00,514.0000,0.0000,329000.0,379000.0,2.000,2097152.0,0.000,0,0,2097152,2,0,0,0,1,1
1,final_left_i32,i32,262144,glibc_t2,P6,0,1,1,402476.00,257.0000,0.0000,188000.0,216000.0,1.000,1048576.0,0.000,0,0,1048576,1,1,0,0,1,1
1,final_left_i32,i32,262144,glibc_t2,P7,0,2,1,418329.00,257.0000,0.0000,0.0,420000.0,1.000,1048576.0,0.000,0,0,1048576,1,0,1,0,1,1
1,final_left_i32,i32,262144,glibc_t2,FIXED_TWIN,0,3,1,385688.00,257.0000,0.0000,0.0,388000.0,1.000,1048576.0,0.000,0,0,1048576,1,0,1,0,1,1
1,final_left_i32,i32,262144,glibc_t2,P6,1,0,1,397198.00,257.0000,0.0000,0.0,399000.0,1.000,1048576.0,0.000,0,0,1048576,1,1,0,0,1,1
1,final_left_i32,i32,262144,glibc_t2,P7,1,1,1,373465.00,257.0000,0.0000,0.0,375000.0,1.000,1048576.0,0.000,0,0,1048576,1,0,1,0,1,1
1,final_left_i32,i32,262144,glibc_t2,FIXED_TWIN,1,2,1,366850.00,257.0000,0.0000,12000.0,356000.0,1.000,1048576.0,0.000,0,0,1048576,1,0,1,0,1,1
1,final_left_i32,i32,262144,glibc_t2,P5,1,3,1,723034.00,514.0000,0.0000,725000.0,0.0,2.000,2097152.0,0.000,0,0,2097152,2,0,0,0,1,1
1,final_left_i32,i32,262144,glibc_t2,P7,2,0,1,382734.00,257.0000,0.0000,385000.0,0.0,1.000,1048576.0,0.000,0,0,1048576,1,0,1,0,1,1
1,final_left_i32,i32,262144,glibc_t2,FIXED_TWIN,2,1,1,371367.00,257.0000,0.0000,374000.0,0.0,1.000,1048576.0,0.000,0,0,1048576,1,0,1,0,1,1
1,final_left_i32,i32,262144,glibc_t2,P5,2,2,1,696444.00,514.0000,0.0000,0.0,698000.0,2.000,2097152.0,0.000,0,0,2097152,2,0,0,0,1,1
1,final_left_i32,i32,262144,glibc_t2,P6,2,3,1,405211.00,257.0000,0.0000,0.0,408000.0,1.000,1048576.0,0.000,0,0,1048576,1,1,0,0,1,1
1,final_left_i32,i32,262144,glibc_t2,FIXED_TWIN,3,0,1,374476.00,257.0000,0.0000,76000.0,300000.0,1.000,1048576.0,0.000,0,0,1048576,1,0,1,0,1,1
1,final_left_i32,i32,262144,glibc_t2,P5,3,1,1,726310.00,514.0000,0.0000,728000.0,0.0,2.000,2097152.0,0.000,0,0,2097152,2,0,0,0,1,1
1,final_left_i32,i32,262144,glibc_t2,P6,3,2,1,386321.00,257.0000,0.0000,388000.0,0.0,1.000,1048576.0,0.000,0,0,1048576,1,1,0,0,1,1
1,final_left_i32,i32,262144,glibc_t2,P7,3,3,1,368411.00,257.0000,0.0000,370000.0,0.0,1.000,1048576.0,0.000,0,0,1048576,1,0,1,0,1,1
1,final_left_i32,i32,262144,glibc_t2,P5,4,0,1,720008.00,514.0000,0.0000,681000.0,41000.0,2.000,2097152.0,0.000,0,0,2097152,2,0,0,0,1,1
1,final_left_i32,i32,262144,glibc_t2,P6,4,1,1,422032.00,257.0000,0.0000,0.0,424000.0,1.000,1048576.0,0.000,0,0,1048576,1,1,0,0,1,1
1,final_left_i32,i32,262144,glibc_t2,P7,4,2,1,375462.00,257.0000,0.0000,0.0,377000.0,1.000,1048576.0,0.000,0,0,1048576,1,0,1,0,1,1
1,final_left_i32,i32,262144,glibc_t2,FIXED_TWIN,4,3,1,582019.00,257.0000,0.0000,0.0,570000.0,1.000,1048576.0,0.000,0,0,1048576,1,0,1,0,1,1
1,final_left_i32,i32,262144,glibc_t2,P6,5,0,1,436238.00,257.0000,0.0000,0.0,439000.0,1.000,1048576.0,0.000,0,0,1048576,1,1,0,0,1,1
1,final_left_i32,i32,262144,glibc_t2,P7,5,1,1,392385.00,257.0000,0.0000,0.0,394000.0,1.000,1048576.0,0.000,0,0,1048576,1,0,1,0,1,1
1,final_left_i32,i32,262144,glibc_t2,FIXED_TWIN,5,2,1,380582.00,257.0000,0.0000,0.0,383000.0,1.000,1048576.0,0.000,0,0,1048576,1,0,1,0,1,1
1,final_left_i32,i32,262144,glibc_t2,P5,5,3,1,688621.00,514.0000,0.0000,0.0,691000.0,2.000,2097152.0,0.000,0,0,2097152,2,0,0,0,1,1
1,final_left_i32,i32,262144,glibc_t2,P7,6,0,1,373087.00,257.0000,0.0000,105000.0,270000.0,1.000,1048576.0,0.000,0,0,1048576,1,0,1,0,1,1
1,final_left_i32,i32,262144,glibc_t2,FIXED_TWIN,6,1,1,393121.00,257.0000,0.0000,395000.0,0.0,1.000,1048576.0,0.000,0,0,1048576,1,0,1,0,1,1
1,final_left_i32,i32,262144,glibc_t2,P5,6,2,1,743181.00,514.0000,0.0000,745000.0,0.0,2.000,2097152.0,0.000,0,0,2097152,2,0,0,0,1,1
1,final_left_i32,i32,262144,glibc_t2,P6,6,3,1,431612.00,257.0000,0.0000,434000.0,0.0,1.000,1048576.0,0.000,0,0,1048576,1,1,0,0,1,1
1,final_left_i32,i32,262144,glibc_t2,FIXED_TWIN,7,0,1,410027.00,257.0000,0.0000,412000.0,0.0,1.000,1048576.0,0.000,0,0,1048576,1,0,1,0,1,1
1,final_left_i32,i32,262144,glibc_t2,P5,7,1,1,726757.00,514.0000,0.0000,729000.0,0.0,2.000,2097152.0,0.000,0,0,2097152,2,0,0,0,1,1
1,final_left_i32,i32,262144,glibc_t2,P6,7,2,1,411662.00,257.0000,0.0000,414000.0,0.0,1.000,1048576.0,0.000,0,0,1048576,1,1,0,0,1,1
1,final_left_i32,i32,262144,glibc_t2,P7,7,3,1,362305.00,257.0000,0.0000,364000.0,0.0,1.000,1048576.0,0.000,0,0,1048576,1,0,1,0,1,1
1,final_left_i32,i32,262144,glibc_t2,P5,8,0,1,720309.00,514.0000,0.0000,0.0,723000.0,2.000,2097152.0,0.000,0,0,2097152,2,0,0,0,1,1
1,final_left_i32,i32,262144,glibc_t2,P6,8,1,1,441811.00,257.0000,0.0000,0.0,444000.0,1.000,1048576.0,0.000,0,0,1048576,1,1,0,0,1,1
1,final_left_i32,i32,262144,glibc_t2,P7,8,2,1,375858.00,257.0000,0.0000,0.0,377000.0,1.000,1048576.0,0.000,0,0,1048576,1,0,1,0,1,1
1,final_left_i32,i32,262144,glibc_t2,FIXED_TWIN,8,3,1,406935.00,257.0000,0.0000,0.0,409000.0,1.000,1048576.0,0.000,0,0,1048576,1,0,1,0,1,1
1,final_left_i32,i32,262144,glibc_t2,P6,9,0,1,421871.00,257.0000,0.0000,0.0,424000.0,1.000,1048576.0,0.000,0,0,1048576,1,1,0,0,1,1
1,final_left_i32,i32,262144,glibc_t2,P7,9,1,1,365986.00,257.0000,0.0000,0.0,368000.0,1.000,1048576.0,0.000,0,0,1048576,1,0,1,0,1,1
1,final_left_i32,i32,262144,glibc_t2,FIXED_TWIN,9,2,1,371752.00,257.0000,0.0000,0.0,374000.0,1.000,1048576.0,0.000,0,0,1048576,1,0,1,0,1,1
1,final_left_i32,i32,262144,glibc_t2,P5,9,3,1,777201.00,514.0000,0.0000,780000.0,0.0,2.000,2097152.0,0.000,0,0,2097152,2,0,0,0,1,1
1,final_left_i32,i32,262144,glibc_t2,P7,10,0,1,390620.00,257.0000,0.0000,393000.0,0.0,1.000,1048576.0,0.000,0,0,1048576,1,0,1,0,1,1
1,final_left_i32,i32,262144,glibc_t2,FIXED_TWIN,10,1,1,389796.00,257.0000,0.0000,393000.0,0.0,1.000,1048576.0,0.000,0,0,1048576,1,0,1,0,1,1
1,final_left_i32,i32,262144,glibc_t2,P5,10,2,1,731896.00,514.0000,0.0000,0.0,734000.0,2.000,2097152.0,0.000,0,0,2097152,2,0,0,0,1,1
1,final_left_i32,i32,262144,glibc_t2,P6,10,3,1,396147.00,257.0000,0.0000,0.0,398000.0,1.000,1048576.0,0.000,0,0,1048576,1,1,0,0,1,1
1,final_left_i32,i32,262144,glibc_t2,FIXED_TWIN,11,0,1,379789.00,257.0000,0.0000,0.0,382000.0,1.000,1048576.0,0.000,0,0,1048576,1,0,1,0,1,1
1,final_left_i32,i32,262144,glibc_t2,P5,11,1,1,706796.00,514.0000,0.0000,330000.0,379000.0,2.000,2097152.0,0.000,0,0,2097152,2,0,0,0,1,1
1,final_left_i32,i32,262144,glibc_t2,P6,11,2,1,414913.00,257.0000,0.0000,0.0,417000.0,1.000,1048576.0,0.000,0,0,1048576,1,1,0,0,1,1
1,final_left_i32,i32,262144,glibc_t2,P7,11,3,1,384808.00,257.0000,0.0000,0.0,387000.0,1.000,1048576.0,0.000,0,0,1048576,1,0,1,0,1,1
1,final_left_i32,i32,262144,glibc_t2,P5,12,0,1,687758.00,514.0000,0.0000,0.0,690000.0,2.000,2097152.0,0.000,0,0,2097152,2,0,0,0,1,1
1,final_left_i32,i32,262144,glibc_t2,P6,12,1,1,391888.00,257.0000,0.0000,183000.0,211000.0,1.000,1048576.0,0.000,0,0,1048576,1,1,0,0,1,1
1,final_left_i32,i32,262144,glibc_t2,P7,12,2,1,356945.00,257.0000,0.0000,358000.0,0.0,1.000,1048576.0,0.000,0,0,1048576,1,0,1,0,1,1
1,final_left_i32,i32,262144,glibc_t2,FIXED_TWIN,12,3,1,359874.00,257.0000,0.0000,362000.0,0.0,1.000,1048576.0,0.000,0,0,1048576,1,0,1,0,1,1
1,final_left_i32,i32,262144,glibc_t2,P6,13,0,1,417617.00,257.0000,0.0000,420000.0,0.0,1.000,1048576.0,0.000,0,0,1048576,1,1,0,0,1,1
1,final_left_i32,i32,262144,glibc_t2,P7,13,1,1,378178.00,257.0000,0.0000,380000.0,0.0,1.000,1048576.0,0.000,0,0,1048576,1,0,1,0,1,1
1,final_left_i32,i32,262144,glibc_t2,FIXED_TWIN,13,2,1,368314.00,257.0000,0.0000,0.0,370000.0,1.000,1048576.0,0.000,0,0,1048576,1,0,1,0,1,1
1,final_left_i32,i32,262144,glibc_t2,P5,13,3,1,694907.00,514.0000,0.0000,0.0,697000.0,2.000,2097152.0,0.000,0,0,2097152,2,0,0,0,1,1
1,final_left_i32,i32,262144,glibc_t2,P7,14,0,1,365369.00,257.0000,0.0000,0.0,367000.0,1.000,1048576.0,0.000,0,0,1048576,1,0,1,0,1,1
1,final_left_i32,i32,262144,glibc_t2,FIXED_TWIN,14,1,1,363536.00,257.0000,0.0000,169000.0,196000.0,1.000,1048576.0,0.000,0,0,1048576,1,0,1,0,1,1
1,final_left_i32,i32,262144,glibc_t2,P5,14,2,1,703174.00,514.0000,0.0000,0.0,706000.0,2.000,2097152.0,0.000,0,0,2097152,2,0,0,0,1,1
1,final_left_i32,i32,262144,glibc_t2,P6,14,3,1,418818.00,257.0000,0.0000,0.0,421000.0,1.000,1048576.0,0.000,0,0,1048576,1,1,0,0,1,1
1,final_left_i32,i32,1048576,glibc_t2,P5,0,0,1,2842775.00,2050.0000,0.0000,0.0,2846000.0,2.000,8388608.0,0.000,0,0,8388608,2,0,0,0,1,1
1,final_left_i32,i32,1048576,glibc_t2,P6,0,1,1,1829633.00,1025.0000,0.0000,1834000.0,0.0,1.000,4194304.0,0.000,0,0,4194304,1,1,0,0,1,1
1,final_left_i32,i32,1048576,glibc_t2,P7,0,2,1,1697433.00,1025.0000,0.0000,0.0,1700000.0,1.000,4194304.0,0.000,0,0,4194304,1,0,1,0,1,1
1,final_left_i32,i32,1048576,glibc_t2,FIXED_TWIN,0,3,1,1615474.00,1025.0000,0.0000,0.0,1618000.0,1.000,4194304.0,0.000,0,0,4194304,1,0,1,0,1,1
1,final_left_i32,i32,1048576,glibc_t2,P6,1,0,1,1899608.00,1025.0000,0.0000,1902000.0,0.0,1.000,4194304.0,0.000,0,0,4194304,1,1,0,0,1,1
1,final_left_i32,i32,1048576,glibc_t2,P7,1,1,1,1616284.00,1025.0000,0.0000,0.0,1618000.0,1.000,4194304.0,0.000,0,0,4194304,1,0,1,0,1,1
1,final_left_i32,i32,1048576,glibc_t2,FIXED_TWIN,1,2,1,1667362.00,1025.0000,0.0000,1670000.0,0.0,1.000,4194304.0,0.000,0,0,4194304,1,0,1,0,1,1
1,final_left_i32,i32,1048576,glibc_t2,P5,1,3,1,3352413.00,2050.0000,0.0000,3355000.0,0.0,2.000,8388608.0,0.000,0,0,8388608,2,0,0,0,1,1
1,final_left_i32,i32,1048576,glibc_t2,P7,2,0,1,1667284.00,1025.0000,0.0000,0.0,1670000.0,1.000,4194304.0,0.000,0,0,4194304,1,0,1,0,1,1
1,final_left_i32,i32,1048576,glibc_t2,FIXED_TWIN,2,1,1,1638682.00,1025.0000,0.0000,0.0,1641000.0,1.000,4194304.0,0.000,0,0,4194304,1,0,1,0,1,1
1,final_left_i32,i32,1048576,glibc_t2,P5,2,2,1,2954907.00,2050.0000,0.0000,0.0,2957000.0,2.000,8388608.0,0.000,0,0,8388608,2,0,0,0,1,1
1,final_left_i32,i32,1048576,glibc_t2,P6,2,3,1,1754442.00,1025.0000,0.0000,1209000.0,548000.0,1.000,4194304.0,0.000,0,0,4194304,1,1,0,0,1,1
1,final_left_i32,i32,1048576,glibc_t2,FIXED_TWIN,3,0,1,1520090.00,1025.0000,0.0000,1523000.0,0.0,1.000,4194304.0,0.000,0,0,4194304,1,0,1,0,1,1
1,final_left_i32,i32,1048576,glibc_t2,P5,3,1,1,2975656.00,2050.0000,0.0000,0.0,2978000.0,2.000,8388608.0,0.000,0,0,8388608,2,0,0,0,1,1
1,final_left_i32,i32,1048576,glibc_t2,P6,3,2,1,1691475.00,1025.0000,0.0000,1694000.0,0.0,1.000,4194304.0,0.000,0,0,4194304,1,1,0,0,1,1
1,final_left_i32,i32,1048576,glibc_t2,P7,3,3,1,1518468.00,1025.0000,0.0000,1520000.0,0.0,1.000,4194304.0,0.000,0,0,4194304,1,0,1,0,1,1
1,final_left_i32,i32,1048576,glibc_t2,P5,4,0,1,2894407.00,2050.0000,0.0000,1345000.0,1551000.0,2.000,8388608.0,0.000,0,0,8388608,2,0,0,0,1,1
1,final_left_i32,i32,1048576,glibc_t2,P6,4,1,1,1772292.00,1025.0000,0.0000,24000.0,1751000.0,1.000,4194304.0,0.000,0,0,4194304,1,1,0,0,1,1
1,final_left_i32,i32,1048576,glibc_t2,P7,4,2,1,1529346.00,1025.0000,0.0000,1532000.0,0.0,1.000,4194304.0,0.000,0,0,4194304,1,0,1,0,1,1
1,final_left_i32,i32,1048576,glibc_t2,FIXED_TWIN,4,3,1,1539707.00,1025.0000,0.0000,1542000.0,0.0,1.000,4194304.0,0.000,0,0,4194304,1,0,1,0,1,1
1,final_left_i32,i32,1048576,glibc_t2,P6,5,0,1,1748886.00,1025.0000,0.0000,408000.0,1312000.0,1.000,4194304.0,0.000,0,0,4194304,1,1,0,0,1,1
1,final_left_i32,i32,1048576,glibc_t2,P7,5,1,1,1471225.00,1025.0000,0.0000,0.0,1473000.0,1.000,4194304.0,0.000,0,0,4194304,1,0,1,0,1,1
1,final_left_i32,i32,1048576,glibc_t2,FIXED_TWIN,5,2,1,1565150.00,1025.0000,0.0000,1567000.0,0.0,1.000,4194304.0,0.000,0,0,4194304,1,0,1,0,1,1
1,final_left_i32,i32,1048576,glibc_t2,P5,5,3,1,3219077.00,2050.0000,0.0000,3221000.0,0.0,2.000,8388608.0,0.000,0,0,8388608,2,0,0,0,1,1
1,final_left_i32,i32,1048576,glibc_t2,P7,6,0,1,1507973.00,1025.0000,0.0000,0.0,1510000.0,1.000,4194304.0,0.000,0,0,4194304,1,0,1,0,1,1
1,final_left_i32,i32,1048576,glibc_t2,FIXED_TWIN,6,1,1,1501134.00,1025.0000,0.0000,471000.0,1032000.0,1.000,4194304.0,0.000,0,0,4194304,1,0,1,0,1,1
1,final_left_i32,i32,1048576,glibc_t2,P5,6,2,1,2968212.00,2050.0000,0.0000,0.0,2970000.0,2.000,8388608.0,0.000,0,0,8388608,2,0,0,0,1,1
1,final_left_i32,i32,1048576,glibc_t2,P6,6,3,1,1619518.00,1025.0000,0.0000,984000.0,638000.0,1.000,4194304.0,0.000,0,0,4194304,1,1,0,0,1,1
1,final_left_i32,i32,1048576,glibc_t2,FIXED_TWIN,7,0,1,1545456.00,1025.0000,0.0000,0.0,1548000.0,1.000,4194304.0,0.000,0,0,4194304,1,0,1,0,1,1
1,final_left_i32,i32,1048576,glibc_t2,P5,7,1,1,2889960.00,2050.0000,0.0000,0.0,2892000.0,2.000,8388608.0,0.000,0,0,8388608,2,0,0,0,1,1
1,final_left_i32,i32,1048576,glibc_t2,P6,7,2,1,1645324.00,1025.0000,0.0000,1648000.0,0.0,1.000,4194304.0,0.000,0,0,4194304,1,1,0,0,1,1
1,final_left_i32,i32,1048576,glibc_t2,P7,7,3,1,1490125.00,1025.0000,0.0000,1492000.0,0.0,1.000,4194304.0,0.000,0,0,4194304,1,0,1,0,1,1
1,final_left_i32,i32,1048576,glibc_t2,P5,8,0,1,2878224.00,2050.0000,0.0000,0.0,2880000.0,2.000,8388608.0,0.000,0,0,8388608,2,0,0,0,1,1
1,final_left_i32,i32,1048576,glibc_t2,P6,8,1,1,1668651.00,1025.0000,0.0000,1672000.0,0.0,1.000,4194304.0,0.000,0,0,4194304,1,1,0,0,1,1
1,final_left_i32,i32,1048576,glibc_t2,P7,8,2,1,1518811.00,1025.0000,0.0000,1521000.0,0.0,1.000,4194304.0,0.000,0,0,4194304,1,0,1,0,1,1
1,final_left_i32,i32,1048576,glibc_t2,FIXED_TWIN,8,3,1,1567715.00,1025.0000,0.0000,0.0,1571000.0,1.000,4194304.0,0.000,0,0,4194304,1,0,1,0,1,1
1,final_left_i32,i32,1048576,glibc_t2,P6,9,0,1,1721737.00,1025.0000,0.0000,1725000.0,0.0,1.000,4194304.0,0.000,0,0,4194304,1,1,0,0,1,1
1,final_left_i32,i32,1048576,glibc_t2,P7,9,1,1,1490856.00,1025.0000,0.0000,1493000.0,0.0,1.000,4194304.0,0.000,0,0,4194304,1,0,1,0,1,1
1,final_left_i32,i32,1048576,glibc_t2,FIXED_TWIN,9,2,1,1481931.00,1025.0000,0.0000,1081000.0,403000.0,1.000,4194304.0,0.000,0,0,4194304,1,0,1,0,1,1
1,final_left_i32,i32,1048576,glibc_t2,P5,9,3,1,3118586.00,2050.0000,0.0000,0.0,3121000.0,2.000,8388608.0,0.000,0,0,8388608,2,0,0,0,1,1
1,final_left_i32,i32,1048576,glibc_t2,P7,10,0,1,1483047.00,1025.0000,0.0000,1207000.0,278000.0,1.000,4194304.0,0.000,0,0,4194304,1,0,1,0,1,1
1,final_left_i32,i32,1048576,glibc_t2,FIXED_TWIN,10,1,1,1522606.00,1025.0000,0.0000,0.0,1524000.0,1.000,4194304.0,0.000,0,0,4194304,1,0,1,0,1,1
1,final_left_i32,i32,1048576,glibc_t2,P5,10,2,1,2915512.00,2050.0000,0.0000,0.0,2918000.0,2.000,8388608.0,0.000,0,0,8388608,2,0,0,0,1,1
1,final_left_i32,i32,1048576,glibc_t2,P6,10,3,1,1656234.00,1025.0000,0.0000,1659000.0,0.0,1.000,4194304.0,0.000,0,0,4194304,1,1,0,0,1,1
1,final_left_i32,i32,1048576,glibc_t2,FIXED_TWIN,11,0,1,1566549.00,1025.0000,0.0000,0.0,1569000.0,1.000,4194304.0,0.000,0,0,4194304,1,0,1,0,1,1
1,final_left_i32,i32,1048576,glibc_t2,P5,11,1,1,2921638.00,2050.0000,0.0000,0.0,2923000.0,2.000,8388608.0,0.000,0,0,8388608,2,0,0,0,1,1
1,final_left_i32,i32,1048576,glibc_t2,P6,11,2,1,1733305.00,1025.0000,0.0000,0.0,1736000.0,1.000,4194304.0,0.000,0,0,4194304,1,1,0,0,1,1
1,final_left_i32,i32,1048576,glibc_t2,P7,11,3,1,1575391.00,1025.0000,0.0000,0.0,1579000.0,1.000,4194304.0,0.000,0,0,4194304,1,0,1,0,1,1
1,final_left_i32,i32,1048576,glibc_t2,P5,12,0,1,2909166.00,2050.0000,0.0000,1352000.0,1560000.0,2.000,8388608.0,0.000,0,0,8388608,2,0,0,0,1,1
1,final_left_i32,i32,1048576,glibc_t2,P6,12,1,1,1679396.00,1025.0000,0.0000,0.0,1682000.0,1.000,4194304.0,0.000,0,0,4194304,1,1,0,0,1,1
1,final_left_i32,i32,1048576,glibc_t2,P7,12,2,1,1492091.00,1025.0000,0.0000,0.0,1494000.0,1.000,4194304.0,0.000,0,0,4194304,1,0,1,0,1,1
1,final_left_i32,i32,1048576,glibc_t2,FIXED_TWIN,12,3,1,1497440.00,1025.0000,0.0000,0.0,1499000.0,1.000,4194304.0,0.000,0,0,4194304,1,0,1,0,1,1
1,final_left_i32,i32,1048576,glibc_t2,P6,13,0,1,1679543.00,1025.0000,0.0000,0.0,1682000.0,1.000,4194304.0,0.000,0,0,4194304,1,1,0,0,1,1
1,final_left_i32,i32,1048576,glibc_t2,P7,13,1,1,1471791.00,1025.0000,0.0000,0.0,1474000.0,1.000,4194304.0,0.000,0,0,4194304,1,0,1,0,1,1
1,final_left_i32,i32,1048576,glibc_t2,FIXED_TWIN,13,2,1,1479585.00,1025.0000,0.0000,0.0,1481000.0,1.000,4194304.0,0.000,0,0,4194304,1,0,1,0,1,1
1,final_left_i32,i32,1048576,glibc_t2,P5,13,3,1,2996990.00,2050.0000,0.0000,0.0,2999000.0,2.000,8388608.0,0.000,0,0,8388608,2,0,0,0,1,1
1,final_left_i32,i32,1048576,glibc_t2,P7,14,0,1,1475953.00,1025.0000,0.0000,686000.0,792000.0,1.000,4194304.0,0.000,0,0,4194304,1,0,1,0,1,1
1,final_left_i32,i32,1048576,glibc_t2,FIXED_TWIN,14,1,1,1492247.00,1025.0000,0.0000,1494000.0,0.0,1.000,4194304.0,0.000,0,0,4194304,1,0,1,0,1,1
1,final_left_i32,i32,1048576,glibc_t2,P5,14,2,1,2925530.00,2050.0000,0.0000,24000.0,2903000.0,2.000,8388608.0,0.000,0,0,8388608,2,0,0,0,1,1
1,final_left_i32,i32,1048576,glibc_t2,P6,14,3,1,1692441.00,1025.0000,0.0000,0.0,1695000.0,1.000,4194304.0,0.000,0,0,4194304,1,1,0,0,1,1
1,final_left_i32,i32,4194304,glibc_t2,P5,0,0,1,16587698.00,8194.0000,0.0000,276000.0,16317000.0,2.000,33554432.0,0.000,0,0,33554432,2,0,0,0,1,1
1,final_left_i32,i32,4194304,glibc_t2,P6,0,1,1,9008338.00,4097.0000,0.0000,4470000.0,4543000.0,1.000,16777216.0,0.000,0,0,16777216,1,1,0,0,1,1
1,final_left_i32,i32,4194304,glibc_t2,P7,0,2,1,7580314.00,4097.0000,0.0000,3807000.0,3777000.0,1.000,16777216.0,0.000,0,0,16777216,1,0,1,0,1,1
1,final_left_i32,i32,4194304,glibc_t2,FIXED_TWIN,0,3,1,7406194.00,4097.0000,0.0000,0.0,7409000.0,1.000,16777216.0,0.000,0,0,16777216,1,0,1,0,1,1
1,final_left_i32,i32,4194304,glibc_t2,P6,1,0,1,7965201.00,4097.0000,0.0000,7968000.0,0.0,1.000,16777216.0,0.000,0,0,16777216,1,1,0,0,1,1
1,final_left_i32,i32,4194304,glibc_t2,P7,1,1,1,7070095.00,4097.0000,0.0000,7073000.0,0.0,1.000,16777216.0,0.000,0,0,16777216,1,0,1,0,1,1
1,final_left_i32,i32,4194304,glibc_t2,FIXED_TWIN,1,2,1,7269523.00,4097.0000,0.0000,3662000.0,3610000.0,1.000,16777216.0,0.000,0,0,16777216,1,0,1,0,1,1
1,final_left_i32,i32,4194304,glibc_t2,P5,1,3,1,15676461.00,8194.0000,0.0000,5708000.0,9971000.0,2.000,33554432.0,0.000,0,0,33554432,2,0,0,0,1,1
1,final_left_i32,i32,4194304,glibc_t2,P7,2,0,1,7205892.00,4097.0000,0.0000,7209000.0,0.0,1.000,16777216.0,0.000,0,0,16777216,1,0,1,0,1,1
1,final_left_i32,i32,4194304,glibc_t2,FIXED_TWIN,2,1,1,6932065.00,4097.0000,0.0000,6935000.0,0.0,1.000,16777216.0,0.000,0,0,16777216,1,0,1,0,1,1
1,final_left_i32,i32,4194304,glibc_t2,P5,2,2,1,15460719.00,8194.0000,0.0000,3752000.0,11713000.0,2.000,33554432.0,0.000,0,0,33554432,2,0,0,0,1,1
1,final_left_i32,i32,4194304,glibc_t2,P6,2,3,1,7949624.00,4097.0000,0.0000,3978000.0,3974000.0,1.000,16777216.0,0.000,0,0,16777216,1,1,0,0,1,1
1,final_left_i32,i32,4194304,glibc_t2,FIXED_TWIN,3,0,1,7211663.00,4097.0000,0.0000,7214000.0,0.0,1.000,16777216.0,0.000,0,0,16777216,1,0,1,0,1,1
1,final_left_i32,i32,4194304,glibc_t2,P5,3,1,1,15560437.00,8194.0000,0.0000,7798000.0,7767000.0,2.000,33554432.0,0.000,0,0,33554432,2,0,0,0,1,1
1,final_left_i32,i32,4194304,glibc_t2,P6,3,2,1,8104780.00,4097.0000,0.0000,4050000.0,4058000.0,1.000,16777216.0,0.000,0,0,16777216,1,1,0,0,1,1
1,final_left_i32,i32,4194304,glibc_t2,P7,3,3,1,7326434.00,4097.0000,0.0000,0.0,7268000.0,1.000,16777216.0,0.000,0,0,16777216,1,0,1,0,1,1
1,final_left_i32,i32,4194304,glibc_t2,P5,4,0,1,16373114.00,8194.0000,0.0000,4175000.0,12202000.0,2.000,33554432.0,0.000,0,0,33554432,2,0,0,0,1,1
1,final_left_i32,i32,4194304,glibc_t2,P6,4,1,1,8683901.00,4097.0000,0.0000,319000.0,8367000.0,1.000,16777216.0,0.000,0,0,16777216,1,1,0,0,1,1
1,final_left_i32,i32,4194304,glibc_t2,P7,4,2,1,7018984.00,4097.0000,0.0000,3559000.0,3464000.0,1.000,16777216.0,0.000,0,0,16777216,1,0,1,0,1,1
1,final_left_i32,i32,4194304,glibc_t2,FIXED_TWIN,4,3,1,6690779.00,4097.0000,0.0000,5250000.0,1443000.0,1.000,16777216.0,0.000,0,0,16777216,1,0,1,0,1,1
1,final_left_i32,i32,4194304,glibc_t2,P6,5,0,1,7485828.00,4097.0000,0.0000,3763000.0,3726000.0,1.000,16777216.0,0.000,0,0,16777216,1,1,0,0,1,1
1,final_left_i32,i32,4194304,glibc_t2,P7,5,1,1,6966274.00,4097.0000,0.0000,0.0,6969000.0,1.000,16777216.0,0.000,0,0,16777216,1,0,1,0,1,1
1,final_left_i32,i32,4194304,glibc_t2,FIXED_TWIN,5,2,1,6929233.00,4097.0000,0.0000,0.0,6931000.0,1.000,16777216.0,0.000,0,0,16777216,1,0,1,0,1,1
1,final_left_i32,i32,4194304,glibc_t2,P5,5,3,1,16202071.00,8194.0000,0.0000,4096000.0,12110000.0,2.000,33554432.0,0.000,0,0,33554432,2,0,0,0,1,1
1,final_left_i32,i32,4194304,glibc_t2,P7,6,0,1,7669390.00,4097.0000,0.0000,7672000.0,0.0,1.000,16777216.0,0.000,0,0,16777216,1,0,1,0,1,1
1,final_left_i32,i32,4194304,glibc_t2,FIXED_TWIN,6,1,1,7420972.00,4097.0000,0.0000,3733000.0,3692000.0,1.000,16777216.0,0.000,0,0,16777216,1,0,1,0,1,1
1,final_left_i32,i32,4194304,glibc_t2,P5,6,2,1,15466610.00,8194.0000,0.0000,9611000.0,5860000.0,2.000,33554432.0,0.000,0,0,33554432,2,0,0,0,1,1
1,final_left_i32,i32,4194304,glibc_t2,P6,6,3,1,8304690.00,4097.0000,0.0000,145000.0,8149000.0,1.000,16777216.0,0.000,0,0,16777216,1,1,0,0,1,1
1,final_left_i32,i32,4194304,glibc_t2,FIXED_TWIN,7,0,1,7481566.00,4097.0000,0.0000,0.0,7484000.0,1.000,16777216.0,0.000,0,0,16777216,1,0,1,0,1,1
1,final_left_i32,i32,4194304,glibc_t2,P5,7,1,1,15992229.00,8194.0000,0.0000,0.0,15996000.0,2.000,33554432.0,0.000,0,0,33554432,2,0,0,0,1,1
1,final_left_i32,i32,4194304,glibc_t2,P6,7,2,1,8082000.00,4097.0000,0.0000,4040000.0,4046000.0,1.000,16777216.0,0.000,0,0,16777216,1,1,0,0,1,1
1,final_left_i32,i32,4194304,glibc_t2,P7,7,3,1,6933118.00,4097.0000,0.0000,3506000.0,3430000.0,1.000,16777216.0,0.000,0,0,16777216,1,0,1,0,1,1
1,final_left_i32,i32,4194304,glibc_t2,P5,8,0,1,16021720.00,8194.0000,0.0000,8013000.0,8014000.0,2.000,33554432.0,0.000,0,0,33554432,2,0,0,0,1,1
1,final_left_i32,i32,4194304,glibc_t2,P6,8,1,1,8762858.00,4097.0000,0.0000,357000.0,8411000.0,1.000,16777216.0,0.000,0,0,16777216,1,1,0,0,1,1
1,final_left_i32,i32,4194304,glibc_t2,P7,8,2,1,7932250.00,4097.0000,0.0000,3970000.0,3966000.0,1.000,16777216.0,0.000,0,0,16777216,1,0,1,0,1,1
1,final_left_i32,i32,4194304,glibc_t2,FIXED_TWIN,8,3,1,7935383.00,4097.0000,0.0000,3972000.0,3967000.0,1.000,16777216.0,0.000,0,0,16777216,1,0,1,0,1,1
1,final_left_i32,i32,4194304,glibc_t2,P6,9,0,1,8616387.00,4097.0000,0.0000,4058000.0,4562000.0,1.000,16777216.0,0.000,0,0,16777216,1,1,0,0,1,1
1,final_left_i32,i32,4194304,glibc_t2,P7,9,1,1,7483559.00,4097.0000,0.0000,3763000.0,3726000.0,1.000,16777216.0,0.000,0,0,16777216,1,0,1,0,1,1
1,final_left_i32,i32,4194304,glibc_t2,FIXED_TWIN,9,2,1,7382159.00,4097.0000,0.0000,659000.0,6726000.0,1.000,16777216.0,0.000,0,0,16777216,1,0,1,0,1,1
1,final_left_i32,i32,4194304,glibc_t2,P5,9,3,1,16160407.00,8194.0000,0.0000,4076000.0,12087000.0,2.000,33554432.0,0.000,0,0,33554432,2,0,0,0,1,1
1,final_left_i32,i32,4194304,glibc_t2,P7,10,0,1,7905901.00,4097.0000,0.0000,3958000.0,3951000.0,1.000,16777216.0,0.000,0,0,16777216,1,0,1,0,1,1
1,final_left_i32,i32,4194304,glibc_t2,FIXED_TWIN,10,1,1,7803427.00,4097.0000,0.0000,0.0,7806000.0,1.000,16777216.0,0.000,0,0,16777216,1,0,1,0,1,1
1,final_left_i32,i32,4194304,glibc_t2,P5,10,2,1,16287353.00,8194.0000,0.0000,4135000.0,12156000.0,2.000,33554432.0,0.000,0,0,33554432,2,0,0,0,1,1
1,final_left_i32,i32,4194304,glibc_t2,P6,10,3,1,8899649.00,4097.0000,0.0000,8419000.0,485000.0,1.000,16777216.0,0.000,0,0,16777216,1,1,0,0,1,1
1,final_left_i32,i32,4194304,glibc_t2,FIXED_TWIN,11,0,1,8057872.00,4097.0000,0.0000,4029000.0,4033000.0,1.000,16777216.0,0.000,0,0,16777216,1,0,1,0,1,1
1,final_left_i32,i32,4194304,glibc_t2,P5,11,1,1,16474835.00,8194.0000,0.0000,8222000.0,8257000.0,2.000,33554432.0,0.000,0,0,33554432,2,0,0,0,1,1
1,final_left_i32,i32,4194304,glibc_t2,P6,11,2,1,9200919.00,4097.0000,0.0000,4559000.0,4646000.0,1.000,16777216.0,0.000,0,0,16777216,1,1,0,0,1,1
1,final_left_i32,i32,4194304,glibc_t2,P7,11,3,1,7997223.00,4097.0000,0.0000,1000.0,8000000.0,1.000,16777216.0,0.000,0,0,16777216,1,0,1,0,1,1
1,final_left_i32,i32,4194304,glibc_t2,P5,12,0,1,17690633.00,8194.0000,0.0000,2931000.0,14764000.0,2.000,33554432.0,0.000,0,0,33554432,2,0,0,0,1,1
1,final_left_i32,i32,4194304,glibc_t2,P6,12,1,1,9717411.00,4097.0000,0.0000,4799000.0,4924000.0,1.000,16777216.0,0.000,0,0,16777216,1,1,0,0,1,1
1,final_left_i32,i32,4194304,glibc_t2,P7,12,2,1,8327757.00,4097.0000,0.0000,4797000.0,3535000.0,1.000,16777216.0,0.000,0,0,16777216,1,0,1,0,1,1
1,final_left_i32,i32,4194304,glibc_t2,FIXED_TWIN,12,3,1,8281147.00,4097.0000,0.0000,4132000.0,4153000.0,1.000,16777216.0,0.000,0,0,16777216,1,0,1,0,1,1
1,final_left_i32,i32,4194304,glibc_t2,P6,13,0,1,8676279.00,4097.0000,0.0000,4316000.0,4365000.0,1.000,16777216.0,0.000,0,0,16777216,1,1,0,0,1,1
1,final_left_i32,i32,4194304,glibc_t2,P7,13,1,1,7842661.00,4097.0000,0.0000,7846000.0,0.0,1.000,16777216.0,0.000,0,0,16777216,1,0,1,0,1,1
1,final_left_i32,i32,4194304,glibc_t2,FIXED_TWIN,13,2,1,7699291.00,4097.0000,0.0000,3862000.0,3841000.0,1.000,16777216.0,0.000,0,0,16777216,1,0,1,0,1,1
1,final_left_i32,i32,4194304,glibc_t2,P5,13,3,1,16674804.00,8194.0000,0.0000,8315000.0,8364000.0,2.000,33554432.0,0.000,0,0,33554432,2,0,0,0,1,1
1,final_left_i32,i32,4194304,glibc_t2,P7,14,0,1,8122987.00,4097.0000,0.0000,8058000.0,69000.0,1.000,16777216.0,0.000,0,0,16777216,1,0,1,0,1,1
1,final_left_i32,i32,4194304,glibc_t2,FIXED_TWIN,14,1,1,7859618.00,4097.0000,0.0000,3937000.0,3927000.0,1.000,16777216.0,0.000,0,0,16777216,1,0,1,0,1,1
1,final_left_i32,i32,4194304,glibc_t2,P5,14,2,1,16926901.00,8194.0000,0.0000,4419000.0,12483000.0,2.000,33554432.0,0.000,0,0,33554432,2,0,0,0,1,1
1,final_left_i32,i32,4194304,glibc_t2,P6,14,3,1,9240056.00,4097.0000,0.0000,6721000.0,2523000.0,1.000,16777216.0,0.000,0,0,16777216,1,1,0,0,1,1
1,final_left_i32,i32,16777216,glibc_t2,P5,0,0,1,77034962.00,32770.0000,0.0000,36482000.0,40525000.0,2.000,134217728.0,0.000,0,0,134217728,2,0,0,0,1,1
1,final_left_i32,i32,16777216,glibc_t2,P6,0,1,1,48143170.00,16385.0000,0.0000,32029000.0,16081000.0,1.000,67108864.0,0.000,0,0,67108864,1,1,0,0,1,1
1,final_left_i32,i32,16777216,glibc_t2,P7,0,2,1,41625277.00,16385.0000,0.0000,28755000.0,12875000.0,1.000,67108864.0,0.000,0,0,67108864,1,0,1,0,1,1
1,final_left_i32,i32,16777216,glibc_t2,FIXED_TWIN,0,3,1,41863752.00,16385.0000,0.0000,7014000.0,34855000.0,1.000,67108864.0,0.000,0,0,67108864,1,0,1,0,1,1
1,final_left_i32,i32,16777216,glibc_t2,P6,1,0,1,48215539.00,16385.0000,0.0000,32102000.0,16120000.0,1.000,67108864.0,0.000,0,0,67108864,1,1,0,0,1,1
1,final_left_i32,i32,16777216,glibc_t2,P7,1,1,1,42646399.00,16385.0000,0.0000,11376000.0,31237000.0,1.000,67108864.0,0.000,0,0,67108864,1,0,1,0,1,1
1,final_left_i32,i32,16777216,glibc_t2,FIXED_TWIN,1,2,1,42131742.00,16385.0000,0.0000,12991000.0,29147000.0,1.000,67108864.0,0.000,0,0,67108864,1,0,1,0,1,1
1,final_left_i32,i32,16777216,glibc_t2,P5,1,3,1,74821403.00,32770.0000,0.0000,19458000.0,55369000.0,2.000,134217728.0,0.000,0,0,134217728,2,0,0,0,1,1
1,final_left_i32,i32,16777216,glibc_t2,P7,2,0,1,41505583.00,16385.0000,0.0000,20700000.0,20811000.0,1.000,67108864.0,0.000,0,0,67108864,1,0,1,0,1,1
1,final_left_i32,i32,16777216,glibc_t2,FIXED_TWIN,2,1,1,42438818.00,16385.0000,0.0000,19280000.0,23165000.0,1.000,67108864.0,0.000,0,0,67108864,1,0,1,0,1,1
1,final_left_i32,i32,16777216,glibc_t2,P5,2,2,1,75799751.00,32770.0000,0.0000,19906000.0,55889000.0,2.000,134217728.0,0.000,0,0,134217728,2,0,0,0,1,1
1,final_left_i32,i32,16777216,glibc_t2,P6,2,3,1,48456497.00,16385.0000,0.0000,16208000.0,32240000.0,1.000,67108864.0,0.000,0,0,67108864,1,1,0,0,1,1
1,final_left_i32,i32,16777216,glibc_t2,FIXED_TWIN,3,0,1,41476432.00,16385.0000,0.0000,16686000.0,24764000.0,1.000,67108864.0,0.000,0,0,67108864,1,0,1,0,1,1
1,final_left_i32,i32,16777216,glibc_t2,P5,3,1,1,75033900.00,32770.0000,0.0000,25408000.0,49631000.0,2.000,134217728.0,0.000,0,0,134217728,2,0,0,0,1,1
1,final_left_i32,i32,16777216,glibc_t2,P6,3,2,1,48295039.00,16385.0000,0.0000,20140000.0,28162000.0,1.000,67108864.0,0.000,0,0,67108864,1,1,0,0,1,1
1,final_left_i32,i32,16777216,glibc_t2,P7,3,3,1,41667238.00,16385.0000,0.0000,10923000.0,30749000.0,1.000,67108864.0,0.000,0,0,67108864,1,0,1,0,1,1
1,final_left_i32,i32,16777216,glibc_t2,P5,4,0,1,74809901.00,32770.0000,0.0000,35451000.0,39364000.0,2.000,134217728.0,0.000,0,0,134217728,2,0,0,0,1,1
1,final_left_i32,i32,16777216,glibc_t2,P6,4,1,1,49020776.00,16385.0000,0.0000,24475000.0,24551000.0,1.000,67108864.0,0.000,0,0,67108864,1,1,0,0,1,1
1,final_left_i32,i32,16777216,glibc_t2,P7,4,2,1,41330717.00,16385.0000,0.0000,18767000.0,22535000.0,1.000,67108864.0,0.000,0,0,67108864,1,0,1,0,1,1
1,final_left_i32,i32,16777216,glibc_t2,FIXED_TWIN,4,3,1,41100312.00,16385.0000,0.0000,18660000.0,22446000.0,1.000,67108864.0,0.000,0,0,67108864,1,0,1,0,1,1
1,final_left_i32,i32,16777216,glibc_t2,P6,5,0,1,48257986.00,16385.0000,0.0000,16123000.0,32142000.0,1.000,67108864.0,0.000,0,0,67108864,1,1,0,0,1,1
1,final_left_i32,i32,16777216,glibc_t2,P7,5,1,1,42162391.00,16385.0000,0.0000,15143000.0,27005000.0,1.000,67108864.0,0.000,0,0,67108864,1,0,1,0,1,1
1,final_left_i32,i32,16777216,glibc_t2,FIXED_TWIN,5,2,1,41155140.00,16385.0000,0.0000,12538000.0,28623000.0,1.000,67108864.0,0.000,0,0,67108864,1,0,1,0,1,1
1,final_left_i32,i32,16777216,glibc_t2,P5,5,3,1,77670910.00,32770.0000,0.0000,20778000.0,56853000.0,2.000,134217728.0,0.000,0,0,134217728,2,0,0,0,1,1
1,final_left_i32,i32,16777216,glibc_t2,P7,6,0,1,43599279.00,16385.0000,0.0000,15817000.0,27787000.0,1.000,67108864.0,0.000,0,0,67108864,1,0,1,0,1,1
1,final_left_i32,i32,16777216,glibc_t2,FIXED_TWIN,6,1,1,42499141.00,16385.0000,0.0000,5161000.0,37334000.0,1.000,67108864.0,0.000,0,0,67108864,1,0,1,0,1,1
1,final_left_i32,i32,16777216,glibc_t2,P5,6,2,1,76301938.00,32770.0000,0.0000,40094000.0,36166000.0,2.000,134217728.0,0.000,0,0,134217728,2,0,0,0,1,1
1,final_left_i32,i32,16777216,glibc_t2,P6,6,3,1,48774019.00,16385.0000,0.0000,20356000.0,28413000.0,1.000,67108864.0,0.000,0,0,67108864,1,1,0,0,1,1
1,final_left_i32,i32,16777216,glibc_t2,FIXED_TWIN,7,0,1,41211210.00,16385.0000,0.0000,28477000.0,12649000.0,1.000,67108864.0,0.000,0,0,67108864,1,0,1,0,1,1
1,final_left_i32,i32,16777216,glibc_t2,P5,7,1,1,74972782.00,32770.0000,0.0000,27527000.0,47450000.0,2.000,134217728.0,0.000,0,0,134217728,2,0,0,0,1,1
1,final_left_i32,i32,16777216,glibc_t2,P6,7,2,1,47129489.00,16385.0000,0.0000,11601000.0,35495000.0,1.000,67108864.0,0.000,0,0,67108864,1,1,0,0,1,1
1,final_left_i32,i32,16777216,glibc_t2,P7,7,3,1,41684812.00,16385.0000,0.0000,20722000.0,20908000.0,1.000,67108864.0,0.000,0,0,67108864,1,0,1,0,1,1
1,final_left_i32,i32,16777216,glibc_t2,P5,8,0,1,74290689.00,32770.0000,0.0000,25028000.0,49233000.0,2.000,134217728.0,0.000,0,0,134217728,2,0,0,0,1,1
1,final_left_i32,i32,16777216,glibc_t2,P6,8,1,1,47724039.00,16385.0000,0.0000,31864000.0,15856000.0,1.000,67108864.0,0.000,0,0,67108864,1,1,0,0,1,1
1,final_left_i32,i32,16777216,glibc_t2,P7,8,2,1,41625741.00,16385.0000,0.0000,16755000.0,24876000.0,1.000,67108864.0,0.000,0,0,67108864,1,0,1,0,1,1
1,final_left_i32,i32,16777216,glibc_t2,FIXED_TWIN,8,3,1,41686802.00,16385.0000,0.0000,10933000.0,30719000.0,1.000,67108864.0,0.000,0,0,67108864,1,0,1,0,1,1
1,final_left_i32,i32,16777216,glibc_t2,P6,9,0,1,48037784.00,16385.0000,0.0000,20020000.0,28023000.0,1.000,67108864.0,0.000,0,0,67108864,1,1,0,0,1,1
1,final_left_i32,i32,16777216,glibc_t2,P7,9,1,1,42105039.00,16385.0000,0.0000,16977000.0,25134000.0,1.000,67108864.0,0.000,0,0,67108864,1,0,1,0,1,1
1,final_left_i32,i32,16777216,glibc_t2,FIXED_TWIN,9,2,1,40930165.00,16385.0000,0.0000,8434000.0,32502000.0,1.000,67108864.0,0.000,0,0,67108864,1,0,1,0,1,1
1,final_left_i32,i32,16777216,glibc_t2,P5,9,3,1,74385587.00,32770.0000,0.0000,15258000.0,59133000.0,2.000,134217728.0,0.000,0,0,134217728,2,0,0,0,1,1
1,final_left_i32,i32,16777216,glibc_t2,P7,10,0,1,41991448.00,16385.0000,0.0000,20889000.0,21074000.0,1.000,67108864.0,0.000,0,0,67108864,1,0,1,0,1,1
1,final_left_i32,i32,16777216,glibc_t2,FIXED_TWIN,10,1,1,41272428.00,16385.0000,0.0000,26741000.0,14537000.0,1.000,67108864.0,0.000,0,0,67108864,1,0,1,0,1,1
1,final_left_i32,i32,16777216,glibc_t2,P5,10,2,1,74951338.00,32770.0000,0.0000,27481000.0,47438000.0,2.000,134217728.0,0.000,0,0,134217728,2,0,0,0,1,1
1,final_left_i32,i32,16777216,glibc_t2,P6,10,3,1,47518883.00,16385.0000,0.0000,19746000.0,27745000.0,1.000,67108864.0,0.000,0,0,67108864,1,1,0,0,1,1
1,final_left_i32,i32,16777216,glibc_t2,FIXED_TWIN,11,0,1,41295018.00,16385.0000,0.0000,14748000.0,26543000.0,1.000,67108864.0,0.000,0,0,67108864,1,0,1,0,1,1
1,final_left_i32,i32,16777216,glibc_t2,P5,11,1,1,75489554.00,32770.0000,0.0000,7764000.0,67720000.0,2.000,134217728.0,0.000,0,0,134217728,2,0,0,0,1,1
1,final_left_i32,i32,16777216,glibc_t2,P6,11,2,1,48497608.00,16385.0000,0.0000,24233000.0,24272000.0,1.000,67108864.0,0.000,0,0,67108864,1,1,0,0,1,1
1,final_left_i32,i32,16777216,glibc_t2,P7,11,3,1,43035888.00,16385.0000,0.0000,15558000.0,27484000.0,1.000,67108864.0,0.000,0,0,67108864,1,0,1,0,1,1
1,final_left_i32,i32,16777216,glibc_t2,P5,12,0,1,76169779.00,32770.0000,0.0000,28082000.0,48093000.0,2.000,134217728.0,0.000,0,0,134217728,2,0,0,0,1,1
1,final_left_i32,i32,16777216,glibc_t2,P6,12,1,1,49681584.00,16385.0000,0.0000,20753000.0,28877000.0,1.000,67108864.0,0.000,0,0,67108864,1,1,0,0,1,1
1,final_left_i32,i32,16777216,glibc_t2,P7,12,2,1,43186731.00,16385.0000,0.0000,19587000.0,23565000.0,1.000,67108864.0,0.000,0,0,67108864,1,0,1,0,1,1
1,final_left_i32,i32,16777216,glibc_t2,FIXED_TWIN,12,3,1,43659405.00,16385.0000,0.0000,23845000.0,19820000.0,1.000,67108864.0,0.000,0,0,67108864,1,0,1,0,1,1
1,final_left_i32,i32,16777216,glibc_t2,P6,13,0,1,48892112.00,16385.0000,0.0000,26566000.0,22330000.0,1.000,67108864.0,0.000,0,0,67108864,1,1,0,0,1,1
1,final_left_i32,i32,16777216,glibc_t2,P7,13,1,1,42085894.00,16385.0000,0.0000,12967000.0,29125000.0,1.000,67108864.0,0.000,0,0,67108864,1,0,1,0,1,1
1,final_left_i32,i32,16777216,glibc_t2,FIXED_TWIN,13,2,1,42212135.00,16385.0000,0.0000,23176000.0,19031000.0,1.000,67108864.0,0.000,0,0,67108864,1,0,1,0,1,1
1,final_left_i32,i32,16777216,glibc_t2,P5,13,3,1,74924769.00,32770.0000,0.0000,29353000.0,45575000.0,2.000,134217728.0,0.000,0,0,134217728,2,0,0,0,1,1
1,final_left_i32,i32,16777216,glibc_t2,P7,14,0,1,42338653.00,16385.0000,0.0000,29082000.0,13262000.0,1.000,67108864.0,0.000,0,0,67108864,1,0,1,0,1,1
1,final_left_i32,i32,16777216,glibc_t2,FIXED_TWIN,14,1,1,43081855.00,16385.0000,0.0000,7580000.0,35508000.0,1.000,67108864.0,0.000,0,0,67108864,1,0,1,0,1,1
1,final_left_i32,i32,16777216,glibc_t2,P5,14,2,1,75265466.00,32770.0000,0.0000,27664000.0,47607000.0,2.000,134217728.0,0.000,0,0,134217728,2,0,0,0,1,1
1,final_left_i32,i32,16777216,glibc_t2,P6,14,3,1,47495866.00,16385.0000,0.0000,23770000.0,23732000.0,1.000,67108864.0,0.000,0,0,67108864,1,1,0,0,1,1
1,chain3_i32,i32,64,glibc_t2,P5,0,0,1000,372.98,0.0000,0.0000,174.0,202.0,3.000,768.0,0.000,0,0,256512,3,0,0,0,1,1
1,chain3_i32,i32,64,glibc_t2,P6,0,1,1000,333.96,0.0000,0.0000,154.0,180.0,1.000,256.0,0.000,0,0,256000,1,2,0,0,1,1
1,chain3_i32,i32,64,glibc_t2,P7,0,2,1000,328.64,0.0000,0.0000,152.0,177.0,1.000,256.0,0.000,0,0,256000,1,1,1,0,1,1
1,chain3_i32,i32,64,glibc_t2,FIXED_TWIN,0,3,1000,378.52,0.0000,0.0000,379.0,0.0,1.000,256.0,0.000,0,0,256000,1,1,1,0,1,1
1,chain3_i32,i32,64,glibc_t2,P6,1,0,1000,330.57,0.0000,0.0000,331.0,0.0,1.000,256.0,0.000,0,0,256000,1,2,0,0,1,1
1,chain3_i32,i32,64,glibc_t2,P7,1,1,1000,316.55,0.0000,0.0000,317.0,0.0,1.000,256.0,0.000,0,0,256000,1,1,1,0,1,1
1,chain3_i32,i32,64,glibc_t2,FIXED_TWIN,1,2,1000,342.15,0.0000,0.0000,342.0,0.0,1.000,256.0,0.000,0,0,256000,1,1,1,0,1,1
1,chain3_i32,i32,64,glibc_t2,P5,1,3,1000,398.16,0.0000,0.0000,399.0,0.0,3.000,768.0,0.000,0,0,256512,3,0,0,0,1,1
1,chain3_i32,i32,64,glibc_t2,P7,2,0,1000,345.04,0.0000,0.0000,345.0,0.0,1.000,256.0,0.000,0,0,256000,1,1,1,0,1,1
1,chain3_i32,i32,64,glibc_t2,FIXED_TWIN,2,1,1000,321.07,0.0000,0.0000,322.0,0.0,1.000,256.0,0.000,0,0,256000,1,1,1,0,1,1
1,chain3_i32,i32,64,glibc_t2,P5,2,2,1000,383.23,0.0000,0.0000,384.0,0.0,3.000,768.0,0.000,0,0,256512,3,0,0,0,1,1
1,chain3_i32,i32,64,glibc_t2,P6,2,3,1000,360.02,0.0000,0.0000,363.0,0.0,1.000,256.0,0.000,0,0,256000,1,2,0,0,1,1
1,chain3_i32,i32,64,glibc_t2,FIXED_TWIN,3,0,1000,351.98,0.0000,0.0000,353.0,0.0,1.000,256.0,0.000,0,0,256000,1,1,1,0,1,1
1,chain3_i32,i32,64,glibc_t2,P5,3,1,1000,484.01,0.0000,0.0000,485.0,0.0,3.000,768.0,0.000,0,0,256512,3,0,0,0,1,1
1,chain3_i32,i32,64,glibc_t2,P6,3,2,1000,349.56,0.0000,0.0000,351.0,0.0,1.000,256.0,0.000,0,0,256000,1,2,0,0,1,1
1,chain3_i32,i32,64,glibc_t2,P7,3,3,1000,321.11,0.0000,0.0000,322.0,0.0,1.000,256.0,0.000,0,0,256000,1,1,1,0,1,1
1,chain3_i32,i32,64,glibc_t2,P5,4,0,1000,384.86,0.0000,0.0000,386.0,0.0,3.000,768.0,0.000,0,0,256512,3,0,0,0,1,1
1,chain3_i32,i32,64,glibc_t2,P6,4,1,1000,349.54,0.0000,0.0000,350.0,0.0,1.000,256.0,0.000,0,0,256000,1,2,0,0,1,1
1,chain3_i32,i32,64,glibc_t2,P7,4,2,1000,375.15,0.0000,0.0000,376.0,0.0,1.000,256.0,0.000,0,0,256000,1,1,1,0,1,1
1,chain3_i32,i32,64,glibc_t2,FIXED_TWIN,4,3,1000,328.66,0.0000,0.0000,329.0,0.0,1.000,256.0,0.000,0,0,256000,1,1,1,0,1,1
1,chain3_i32,i32,64,glibc_t2,P6,5,0,1000,339.60,0.0000,0.0000,340.0,0.0,1.000,256.0,0.000,0,0,256000,1,2,0,0,1,1
1,chain3_i32,i32,64,glibc_t2,P7,5,1,1000,325.52,0.0000,0.0000,326.0,0.0,1.000,256.0,0.000,0,0,256000,1,1,1,0,1,1
1,chain3_i32,i32,64,glibc_t2,FIXED_TWIN,5,2,1000,333.26,0.0000,0.0000,334.0,0.0,1.000,256.0,0.000,0,0,256000,1,1,1,0,1,1
1,chain3_i32,i32,64,glibc_t2,P5,5,3,1000,415.33,0.0000,0.0000,416.0,0.0,3.000,768.0,0.000,0,0,256512,3,0,0,0,1,1
1,chain3_i32,i32,64,glibc_t2,P7,6,0,1000,332.28,0.0000,0.0000,334.0,0.0,1.000,256.0,0.000,0,0,256000,1,1,1,0,1,1
1,chain3_i32,i32,64,glibc_t2,FIXED_TWIN,6,1,1000,328.90,0.0000,0.0000,330.0,0.0,1.000,256.0,0.000,0,0,256000,1,1,1,0,1,1
1,chain3_i32,i32,64,glibc_t2,P5,6,2,1000,406.02,0.0000,0.0000,406.0,0.0,3.000,768.0,0.000,0,0,256512,3,0,0,0,1,1
1,chain3_i32,i32,64,glibc_t2,P6,6,3,1000,355.66,0.0000,0.0000,356.0,0.0,1.000,256.0,0.000,0,0,256000,1,2,0,0,1,1
1,chain3_i32,i32,64,glibc_t2,FIXED_TWIN,7,0,1000,345.86,0.0000,0.0000,347.0,0.0,1.000,256.0,0.000,0,0,256000,1,1,1,0,1,1
1,chain3_i32,i32,64,glibc_t2,P5,7,1,1000,371.78,0.0000,0.0000,372.0,0.0,3.000,768.0,0.000,0,0,256512,3,0,0,0,1,1
1,chain3_i32,i32,64,glibc_t2,P6,7,2,1000,358.17,0.0000,0.0000,359.0,0.0,1.000,256.0,0.000,0,0,256000,1,2,0,0,1,1
1,chain3_i32,i32,64,glibc_t2,P7,7,3,1000,350.48,0.0000,0.0000,351.0,0.0,1.000,256.0,0.000,0,0,256000,1,1,1,0,1,1
1,chain3_i32,i32,64,glibc_t2,P5,8,0,1000,388.84,0.0000,0.0000,389.0,0.0,3.000,768.0,0.000,0,0,256512,3,0,0,0,1,1
1,chain3_i32,i32,64,glibc_t2,P6,8,1,1000,363.44,0.0000,0.0000,364.0,0.0,1.000,256.0,0.000,0,0,256000,1,2,0,0,1,1
1,chain3_i32,i32,64,glibc_t2,P7,8,2,1000,322.63,0.0000,0.0000,324.0,0.0,1.000,256.0,0.000,0,0,256000,1,1,1,0,1,1
1,chain3_i32,i32,64,glibc_t2,FIXED_TWIN,8,3,1000,345.59,0.0000,0.0000,346.0,0.0,1.000,256.0,0.000,0,0,256000,1,1,1,0,1,1
1,chain3_i32,i32,64,glibc_t2,P6,9,0,1000,357.46,0.0000,0.0000,358.0,0.0,1.000,256.0,0.000,0,0,256000,1,2,0,0,1,1
1,chain3_i32,i32,64,glibc_t2,P7,9,1,1000,316.99,0.0000,0.0000,317.0,0.0,1.000,256.0,0.000,0,0,256000,1,1,1,0,1,1
1,chain3_i32,i32,64,glibc_t2,FIXED_TWIN,9,2,1000,319.32,0.0000,0.0000,320.0,0.0,1.000,256.0,0.000,0,0,256000,1,1,1,0,1,1
1,chain3_i32,i32,64,glibc_t2,P5,9,3,1000,383.23,0.0000,0.0000,383.0,0.0,3.000,768.0,0.000,0,0,256512,3,0,0,0,1,1
1,chain3_i32,i32,64,glibc_t2,P7,10,0,1000,337.35,0.0000,0.0000,338.0,0.0,1.000,256.0,0.000,0,0,256000,1,1,1,0,1,1
1,chain3_i32,i32,64,glibc_t2,FIXED_TWIN,10,1,1000,319.63,0.0000,0.0000,320.0,0.0,1.000,256.0,0.000,0,0,256000,1,1,1,0,1,1
1,chain3_i32,i32,64,glibc_t2,P5,10,2,1000,375.80,0.0000,0.0000,377.0,0.0,3.000,768.0,0.000,0,0,256512,3,0,0,0,1,1
1,chain3_i32,i32,64,glibc_t2,P6,10,3,1000,337.60,0.0000,0.0000,338.0,0.0,1.000,256.0,0.000,0,0,256000,1,2,0,0,1,1
1,chain3_i32,i32,64,glibc_t2,FIXED_TWIN,11,0,1000,342.25,0.0000,0.0000,343.0,0.0,1.000,256.0,0.000,0,0,256000,1,1,1,0,1,1
1,chain3_i32,i32,64,glibc_t2,P5,11,1,1000,395.02,0.0000,0.0000,396.0,0.0,3.000,768.0,0.000,0,0,256512,3,0,0,0,1,1
1,chain3_i32,i32,64,glibc_t2,P6,11,2,1000,338.99,0.0000,0.0000,340.0,0.0,1.000,256.0,0.000,0,0,256000,1,2,0,0,1,1
1,chain3_i32,i32,64,glibc_t2,P7,11,3,1000,326.25,0.0000,0.0000,327.0,0.0,1.000,256.0,0.000,0,0,256000,1,1,1,0,1,1
1,chain3_i32,i32,64,glibc_t2,P5,12,0,1000,385.34,0.0000,0.0000,386.0,0.0,3.000,768.0,0.000,0,0,256512,3,0,0,0,1,1
1,chain3_i32,i32,64,glibc_t2,P6,12,1,1000,367.10,0.0000,0.0000,368.0,0.0,1.000,256.0,0.000,0,0,256000,1,2,0,0,1,1
1,chain3_i32,i32,64,glibc_t2,P7,12,2,1000,323.40,0.0000,0.0000,324.0,0.0,1.000,256.0,0.000,0,0,256000,1,1,1,0,1,1
1,chain3_i32,i32,64,glibc_t2,FIXED_TWIN,12,3,1000,321.65,0.0000,0.0000,322.0,0.0,1.000,256.0,0.000,0,0,256000,1,1,1,0,1,1
1,chain3_i32,i32,64,glibc_t2,P6,13,0,1000,346.41,0.0000,0.0000,347.0,0.0,1.000,256.0,0.000,0,0,256000,1,2,0,0,1,1
1,chain3_i32,i32,64,glibc_t2,P7,13,1,1000,337.76,0.0000,0.0000,338.0,0.0,1.000,256.0,0.000,0,0,256000,1,1,1,0,1,1
1,chain3_i32,i32,64,glibc_t2,FIXED_TWIN,13,2,1000,340.88,0.0000,0.0000,342.0,0.0,1.000,256.0,0.000,0,0,256000,1,1,1,0,1,1
1,chain3_i32,i32,64,glibc_t2,P5,13,3,1000,375.82,0.0000,0.0000,377.0,0.0,3.000,768.0,0.000,0,0,256512,3,0,0,0,1,1
1,chain3_i32,i32,64,glibc_t2,P7,14,0,1000,319.06,0.0000,0.0000,319.0,0.0,1.000,256.0,0.000,0,0,256000,1,1,1,0,1,1
1,chain3_i32,i32,64,glibc_t2,FIXED_TWIN,14,1,1000,337.10,0.0000,0.0000,338.0,0.0,1.000,256.0,0.000,0,0,256000,1,1,1,0,1,1
1,chain3_i32,i32,64,glibc_t2,P5,14,2,1000,390.58,0.0000,0.0000,392.0,0.0,3.000,768.0,0.000,0,0,256512,3,0,0,0,1,1
1,chain3_i32,i32,64,glibc_t2,P6,14,3,1000,371.10,0.0000,0.0000,372.0,0.0,1.000,256.0,0.000,0,0,256000,1,2,0,0,1,1
1,chain3_i32,i32,1024,glibc_t2,P5,0,0,1000,745.61,0.0000,0.0000,750.0,0.0,3.000,12288.0,0.000,0,0,4104192,3,0,0,0,1,1
1,chain3_i32,i32,1024,glibc_t2,P6,0,1,1000,714.29,0.0000,0.0000,717.0,0.0,1.000,4096.0,0.000,0,0,4096000,1,2,0,0,1,1
1,chain3_i32,i32,1024,glibc_t2,P7,0,2,1000,624.54,0.0000,0.0000,626.0,0.0,1.000,4096.0,0.000,0,0,4096000,1,1,1,0,1,1
1,chain3_i32,i32,1024,glibc_t2,FIXED_TWIN,0,3,1000,635.46,0.0000,0.0000,639.0,0.0,1.000,4096.0,0.000,0,0,4096000,1,1,1,0,1,1
1,chain3_i32,i32,1024,glibc_t2,P6,1,0,1000,716.80,0.0000,0.0000,719.0,0.0,1.000,4096.0,0.000,0,0,4096000,1,2,0,0,1,1
1,chain3_i32,i32,1024,glibc_t2,P7,1,1,1000,592.45,0.0000,0.0000,594.0,0.0,1.000,4096.0,0.000,0,0,4096000,1,1,1,0,1,1
1,chain3_i32,i32,1024,glibc_t2,FIXED_TWIN,1,2,1000,633.26,0.0000,0.0000,637.0,0.0,1.000,4096.0,0.000,0,0,4096000,1,1,1,0,1,1
1,chain3_i32,i32,1024,glibc_t2,P5,1,3,1000,781.89,0.0000,0.0000,783.0,0.0,3.000,12288.0,0.000,0,0,4104192,3,0,0,0,1,1
1,chain3_i32,i32,1024,glibc_t2,P7,2,0,1000,595.84,0.0000,0.0000,598.0,0.0,1.000,4096.0,0.000,0,0,4096000,1,1,1,0,1,1
1,chain3_i32,i32,1024,glibc_t2,FIXED_TWIN,2,1,1000,711.34,0.0000,0.0000,716.0,0.0,1.000,4096.0,0.000,0,0,4096000,1,1,1,0,1,1
1,chain3_i32,i32,1024,glibc_t2,P5,2,2,1000,1036.67,0.0000,0.0000,1043.0,0.0,3.000,12288.0,0.000,0,0,4104192,3,0,0,0,1,1
1,chain3_i32,i32,1024,glibc_t2,P6,2,3,1000,786.41,0.0000,0.0000,789.0,0.0,1.000,4096.0,0.000,0,0,4096000,1,2,0,0,1,1
1,chain3_i32,i32,1024,glibc_t2,FIXED_TWIN,3,0,1000,654.00,0.0000,0.0000,657.0,0.0,1.000,4096.0,0.000,0,0,4096000,1,1,1,0,1,1
1,chain3_i32,i32,1024,glibc_t2,P5,3,1,1000,832.13,0.0000,0.0000,836.0,0.0,3.000,12288.0,0.000,0,0,4104192,3,0,0,0,1,1
1,chain3_i32,i32,1024,glibc_t2,P6,3,2,1000,713.51,0.0000,0.0000,715.0,0.0,1.000,4096.0,0.000,0,0,4096000,1,2,0,0,1,1
1,chain3_i32,i32,1024,glibc_t2,P7,3,3,1000,619.45,0.0000,0.0000,622.0,0.0,1.000,4096.0,0.000,0,0,4096000,1,1,1,0,1,1
1,chain3_i32,i32,1024,glibc_t2,P5,4,0,1000,758.58,0.0000,0.0000,760.0,0.0,3.000,12288.0,0.000,0,0,4104192,3,0,0,0,1,1
1,chain3_i32,i32,1024,glibc_t2,P6,4,1,1000,717.54,0.0000,0.0000,719.0,0.0,1.000,4096.0,0.000,0,0,4096000,1,2,0,0,1,1
1,chain3_i32,i32,1024,glibc_t2,P7,4,2,1000,628.50,0.0000,0.0000,630.0,0.0,1.000,4096.0,0.000,0,0,4096000,1,1,1,0,1,1
1,chain3_i32,i32,1024,glibc_t2,FIXED_TWIN,4,3,1000,631.37,0.0000,0.0000,633.0,0.0,1.000,4096.0,0.000,0,0,4096000,1,1,1,0,1,1
1,chain3_i32,i32,1024,glibc_t2,P6,5,0,1000,712.87,0.0000,0.0000,714.0,0.0,1.000,4096.0,0.000,0,0,4096000,1,2,0,0,1,1
1,chain3_i32,i32,1024,glibc_t2,P7,5,1,1000,595.58,0.0000,0.0000,597.0,0.0,1.000,4096.0,0.000,0,0,4096000,1,1,1,0,1,1
1,chain3_i32,i32,1024,glibc_t2,FIXED_TWIN,5,2,1000,622.10,0.0000,0.0000,623.0,0.0,1.000,4096.0,0.000,0,0,4096000,1,1,1,0,1,1
1,chain3_i32,i32,1024,glibc_t2,P5,5,3,1000,807.31,0.0000,0.0000,809.0,0.0,3.000,12288.0,0.000,0,0,4104192,3,0,0,0,1,1
1,chain3_i32,i32,1024,glibc_t2,P7,6,0,1000,600.27,0.0000,0.0000,602.0,0.0,1.000,4096.0,0.000,0,0,4096000,1,1,1,0,1,1
1,chain3_i32,i32,1024,glibc_t2,FIXED_TWIN,6,1,1000,621.47,0.0000,0.0000,623.0,0.0,1.000,4096.0,0.000,0,0,4096000,1,1,1,0,1,1
1,chain3_i32,i32,1024,glibc_t2,P5,6,2,1000,800.12,0.0000,0.0000,801.0,0.0,3.000,12288.0,0.000,0,0,4104192,3,0,0,0,1,1
1,chain3_i32,i32,1024,glibc_t2,P6,6,3,1000,694.20,0.0000,0.0000,695.0,0.0,1.000,4096.0,0.000,0,0,4096000,1,2,0,0,1,1
1,chain3_i32,i32,1024,glibc_t2,FIXED_TWIN,7,0,1000,660.39,0.0000,0.0000,662.0,0.0,1.000,4096.0,0.000,0,0,4096000,1,1,1,0,1,1
1,chain3_i32,i32,1024,glibc_t2,P5,7,1,1000,768.72,0.0000,0.0000,771.0,0.0,3.000,12288.0,0.000,0,0,4104192,3,0,0,0,1,1
1,chain3_i32,i32,1024,glibc_t2,P6,7,2,1000,774.42,0.0000,0.0000,776.0,0.0,1.000,4096.0,0.000,0,0,4096000,1,2,0,0,1,1
1,chain3_i32,i32,1024,glibc_t2,P7,7,3,1000,649.75,0.0000,0.0000,653.0,0.0,1.000,4096.0,0.000,0,0,4096000,1,1,1,0,1,1
1,chain3_i32,i32,1024,glibc_t2,P5,8,0,1000,806.40,0.0000,0.0000,808.0,0.0,3.000,12288.0,0.000,0,0,4104192,3,0,0,0,1,1
1,chain3_i32,i32,1024,glibc_t2,P6,8,1,1000,710.44,0.0000,0.0000,712.0,0.0,1.000,4096.0,0.000,0,0,4096000,1,2,0,0,1,1
1,chain3_i32,i32,1024,glibc_t2,P7,8,2,1000,590.90,0.0000,0.0000,592.0,0.0,1.000,4096.0,0.000,0,0,4096000,1,1,1,0,1,1
1,chain3_i32,i32,1024,glibc_t2,FIXED_TWIN,8,3,1000,663.34,0.0000,0.0000,665.0,0.0,1.000,4096.0,0.000,0,0,4096000,1,1,1,0,1,1
1,chain3_i32,i32,1024,glibc_t2,P6,9,0,1000,711.82,0.0000,0.0000,713.0,0.0,1.000,4096.0,0.000,0,0,4096000,1,2,0,0,1,1
1,chain3_i32,i32,1024,glibc_t2,P7,9,1,1000,609.23,0.0000,0.0000,610.0,0.0,1.000,4096.0,0.000,0,0,4096000,1,1,1,0,1,1
1,chain3_i32,i32,1024,glibc_t2,FIXED_TWIN,9,2,1000,615.92,0.0000,0.0000,617.0,0.0,1.000,4096.0,0.000,0,0,4096000,1,1,1,0,1,1
1,chain3_i32,i32,1024,glibc_t2,P5,9,3,1000,718.35,0.0000,0.0000,720.0,0.0,3.000,12288.0,0.000,0,0,4104192,3,0,0,0,1,1
1,chain3_i32,i32,1024,glibc_t2,P7,10,0,1000,634.87,0.0000,0.0000,637.0,0.0,1.000,4096.0,0.000,0,0,4096000,1,1,1,0,1,1
1,chain3_i32,i32,1024,glibc_t2,FIXED_TWIN,10,1,1000,630.79,0.0000,0.0000,632.0,0.0,1.000,4096.0,0.000,0,0,4096000,1,1,1,0,1,1
1,chain3_i32,i32,1024,glibc_t2,P5,10,2,1000,801.61,0.0000,0.0000,804.0,0.0,3.000,12288.0,0.000,0,0,4104192,3,0,0,0,1,1
1,chain3_i32,i32,1024,glibc_t2,P6,10,3,1000,691.86,0.0000,0.0000,693.0,0.0,1.000,4096.0,0.000,0,0,4096000,1,2,0,0,1,1
1,chain3_i32,i32,1024,glibc_t2,FIXED_TWIN,11,0,1000,628.45,0.0000,0.0000,630.0,0.0,1.000,4096.0,0.000,0,0,4096000,1,1,1,0,1,1
1,chain3_i32,i32,1024,glibc_t2,P5,11,1,1000,744.50,0.0000,0.0000,746.0,0.0,3.000,12288.0,0.000,0,0,4104192,3,0,0,0,1,1
1,chain3_i32,i32,1024,glibc_t2,P6,11,2,1000,693.22,0.0000,0.0000,694.0,0.0,1.000,4096.0,0.000,0,0,4096000,1,2,0,0,1,1
1,chain3_i32,i32,1024,glibc_t2,P7,11,3,1000,650.67,0.0000,0.0000,653.0,0.0,1.000,4096.0,0.000,0,0,4096000,1,1,1,0,1,1
1,chain3_i32,i32,1024,glibc_t2,P5,12,0,1000,744.71,0.0000,0.0000,746.0,0.0,3.000,12288.0,0.000,0,0,4104192,3,0,0,0,1,1
1,chain3_i32,i32,1024,glibc_t2,P6,12,1,1000,713.15,0.0000,0.0000,715.0,0.0,1.000,4096.0,0.000,0,0,4096000,1,2,0,0,1,1
1,chain3_i32,i32,1024,glibc_t2,P7,12,2,1000,624.27,0.0000,0.0000,626.0,0.0,1.000,4096.0,0.000,0,0,4096000,1,1,1,0,1,1
1,chain3_i32,i32,1024,glibc_t2,FIXED_TWIN,12,3,1000,632.71,0.0000,0.0000,634.0,0.0,1.000,4096.0,0.000,0,0,4096000,1,1,1,0,1,1
1,chain3_i32,i32,1024,glibc_t2,P6,13,0,1000,699.30,0.0000,0.0000,700.0,0.0,1.000,4096.0,0.000,0,0,4096000,1,2,0,0,1,1
1,chain3_i32,i32,1024,glibc_t2,P7,13,1,1000,626.82,0.0000,0.0000,628.0,0.0,1.000,4096.0,0.000,0,0,4096000,1,1,1,0,1,1
1,chain3_i32,i32,1024,glibc_t2,FIXED_TWIN,13,2,1000,623.99,0.0000,0.0000,625.0,0.0,1.000,4096.0,0.000,0,0,4096000,1,1,1,0,1,1
1,chain3_i32,i32,1024,glibc_t2,P5,13,3,1000,760.54,0.0000,0.0000,762.0,0.0,3.000,12288.0,0.000,0,0,4104192,3,0,0,0,1,1
1,chain3_i32,i32,1024,glibc_t2,P7,14,0,1000,624.86,0.0000,0.0000,626.0,0.0,1.000,4096.0,0.000,0,0,4096000,1,1,1,0,1,1
1,chain3_i32,i32,1024,glibc_t2,FIXED_TWIN,14,1,1000,583.91,0.0000,0.0000,585.0,0.0,1.000,4096.0,0.000,0,0,4096000,1,1,1,0,1,1
1,chain3_i32,i32,1024,glibc_t2,P5,14,2,1000,748.42,0.0000,0.0000,750.0,0.0,3.000,12288.0,0.000,0,0,4104192,3,0,0,0,1,1
1,chain3_i32,i32,1024,glibc_t2,P6,14,3,1000,744.48,0.0000,0.0000,746.0,0.0,1.000,4096.0,0.000,0,0,4096000,1,2,0,0,1,1
1,chain3_i32,i32,4096,glibc_t2,P5,0,0,1,2284.00,0.0000,0.0000,4000.0,0.0,3.000,49152.0,0.000,0,0,49152,3,0,0,0,1,1
1,chain3_i32,i32,4096,glibc_t2,P6,0,1,1,1874.00,0.0000,0.0000,2000.0,0.0,1.000,16384.0,0.000,0,0,16384,1,2,0,0,1,1
1,chain3_i32,i32,4096,glibc_t2,P7,0,2,1,1663.00,0.0000,0.0000,3000.0,0.0,1.000,16384.0,0.000,0,0,16384,1,1,1,0,1,1
1,chain3_i32,i32,4096,glibc_t2,FIXED_TWIN,0,3,1,1660.00,0.0000,0.0000,2000.0,0.0,1.000,16384.0,0.000,0,0,16384,1,1,1,0,1,1
1,chain3_i32,i32,4096,glibc_t2,P6,1,0,1,1856.00,0.0000,0.0000,2000.0,0.0,1.000,16384.0,0.000,0,0,16384,1,2,0,0,1,1
1,chain3_i32,i32,4096,glibc_t2,P7,1,1,1,1635.00,0.0000,0.0000,2000.0,0.0,1.000,16384.0,0.000,0,0,16384,1,1,1,0,1,1
1,chain3_i32,i32,4096,glibc_t2,FIXED_TWIN,1,2,1,1695.00,0.0000,0.0000,2000.0,0.0,1.000,16384.0,0.000,0,0,16384,1,1,1,0,1,1
1,chain3_i32,i32,4096,glibc_t2,P5,1,3,1,2215.00,0.0000,0.0000,3000.0,0.0,3.000,49152.0,0.000,0,0,49152,3,0,0,0,1,1
1,chain3_i32,i32,4096,glibc_t2,P7,2,0,1,1624.00,0.0000,0.0000,2000.0,0.0,1.000,16384.0,0.000,0,0,16384,1,1,1,0,1,1
1,chain3_i32,i32,4096,glibc_t2,FIXED_TWIN,2,1,1,1599.00,0.0000,0.0000,2000.0,0.0,1.000,16384.0,0.000,0,0,16384,1,1,1,0,1,1
1,chain3_i32,i32,4096,glibc_t2,P5,2,2,1,2206.00,0.0000,0.0000,3000.0,0.0,3.000,49152.0,0.000,0,0,49152,3,0,0,0,1,1
1,chain3_i32,i32,4096,glibc_t2,P6,2,3,1,22938.00,0.0000,0.0000,23000.0,0.0,1.000,16384.0,0.000,0,0,16384,1,2,0,0,1,1
1,chain3_i32,i32,4096,glibc_t2,FIXED_TWIN,3,0,1,1987.00,0.0000,0.0000,2000.0,0.0,1.000,16384.0,0.000,0,0,16384,1,1,1,0,1,1
1,chain3_i32,i32,4096,glibc_t2,P5,3,1,1,2421.00,0.0000,0.0000,3000.0,0.0,3.000,49152.0,0.000,0,0,49152,3,0,0,0,1,1
1,chain3_i32,i32,4096,glibc_t2,P6,3,2,1,1852.00,0.0000,0.0000,2000.0,0.0,1.000,16384.0,0.000,0,0,16384,1,2,0,0,1,1
1,chain3_i32,i32,4096,glibc_t2,P7,3,3,1,1710.00,0.0000,0.0000,2000.0,0.0,1.000,16384.0,0.000,0,0,16384,1,1,1,0,1,1
1,chain3_i32,i32,4096,glibc_t2,P5,4,0,1,2183.00,0.0000,0.0000,3000.0,0.0,3.000,49152.0,0.000,0,0,49152,3,0,0,0,1,1
1,chain3_i32,i32,4096,glibc_t2,P6,4,1,1,1844.00,0.0000,0.0000,2000.0,0.0,1.000,16384.0,0.000,0,0,16384,1,2,0,0,1,1
1,chain3_i32,i32,4096,glibc_t2,P7,4,2,1,1611.00,0.0000,0.0000,2000.0,0.0,1.000,16384.0,0.000,0,0,16384,1,1,1,0,1,1
1,chain3_i32,i32,4096,glibc_t2,FIXED_TWIN,4,3,1,1631.00,0.0000,0.0000,2000.0,0.0,1.000,16384.0,0.000,0,0,16384,1,1,1,0,1,1
1,chain3_i32,i32,4096,glibc_t2,P6,5,0,1,1829.00,0.0000,0.0000,2000.0,0.0,1.000,16384.0,0.000,0,0,16384,1,2,0,0,1,1
1,chain3_i32,i32,4096,glibc_t2,P7,5,1,1,1616.00,0.0000,0.0000,2000.0,0.0,1.000,16384.0,0.000,0,0,16384,1,1,1,0,1,1
1,chain3_i32,i32,4096,glibc_t2,FIXED_TWIN,5,2,1,1598.00,0.0000,0.0000,2000.0,0.0,1.000,16384.0,0.000,0,0,16384,1,1,1,0,1,1
1,chain3_i32,i32,4096,glibc_t2,P5,5,3,1,2230.00,0.0000,0.0000,3000.0,0.0,3.000,49152.0,0.000,0,0,49152,3,0,0,0,1,1
1,chain3_i32,i32,4096,glibc_t2,P7,6,0,1,1599.00,0.0000,0.0000,2000.0,0.0,1.000,16384.0,0.000,0,0,16384,1,1,1,0,1,1
1,chain3_i32,i32,4096,glibc_t2,FIXED_TWIN,6,1,1,1712.00,0.0000,0.0000,2000.0,0.0,1.000,16384.0,0.000,0,0,16384,1,1,1,0,1,1
1,chain3_i32,i32,4096,glibc_t2,P5,6,2,1,2238.00,0.0000,0.0000,2000.0,0.0,3.000,49152.0,0.000,0,0,49152,3,0,0,0,1,1
1,chain3_i32,i32,4096,glibc_t2,P6,6,3,1,1852.00,0.0000,0.0000,2000.0,0.0,1.000,16384.0,0.000,0,0,16384,1,2,0,0,1,1
1,chain3_i32,i32,4096,glibc_t2,FIXED_TWIN,7,0,1,1646.00,0.0000,0.0000,2000.0,0.0,1.000,16384.0,0.000,0,0,16384,1,1,1,0,1,1
1,chain3_i32,i32,4096,glibc_t2,P5,7,1,1,2279.00,0.0000,0.0000,3000.0,0.0,3.000,49152.0,0.000,0,0,49152,3,0,0,0,1,1
1,chain3_i32,i32,4096,glibc_t2,P6,7,2,1,1842.00,0.0000,0.0000,3000.0,0.0,1.000,16384.0,0.000,0,0,16384,1,2,0,0,1,1
1,chain3_i32,i32,4096,glibc_t2,P7,7,3,1,1605.00,0.0000,0.0000,2000.0,0.0,1.000,16384.0,0.000,0,0,16384,1,1,1,0,1,1
1,chain3_i32,i32,4096,glibc_t2,P5,8,0,1,2192.00,0.0000,0.0000,3000.0,0.0,3.000,49152.0,0.000,0,0,49152,3,0,0,0,1,1
1,chain3_i32,i32,4096,glibc_t2,P6,8,1,1,1793.00,0.0000,0.0000,2000.0,0.0,1.000,16384.0,0.000,0,0,16384,1,2,0,0,1,1
1,chain3_i32,i32,4096,glibc_t2,P7,8,2,1,1630.00,0.0000,0.0000,2000.0,0.0,1.000,16384.0,0.000,0,0,16384,1,1,1,0,1,1
1,chain3_i32,i32,4096,glibc_t2,FIXED_TWIN,8,3,1,1788.00,0.0000,0.0000,2000.0,0.0,1.000,16384.0,0.000,0,0,16384,1,1,1,0,1,1
1,chain3_i32,i32,4096,glibc_t2,P6,9,0,1,1899.00,0.0000,0.0000,3000.0,0.0,1.000,16384.0,0.000,0,0,16384,1,2,0,0,1,1
1,chain3_i32,i32,4096,glibc_t2,P7,9,1,1,1653.00,0.0000,0.0000,2000.0,0.0,1.000,16384.0,0.000,0,0,16384,1,1,1,0,1,1
1,chain3_i32,i32,4096,glibc_t2,FIXED_TWIN,9,2,1,1609.00,0.0000,0.0000,2000.0,0.0,1.000,16384.0,0.000,0,0,16384,1,1,1,0,1,1
1,chain3_i32,i32,4096,glibc_t2,P5,9,3,1,2219.00,0.0000,0.0000,3000.0,0.0,3.000,49152.0,0.000,0,0,49152,3,0,0,0,1,1
1,chain3_i32,i32,4096,glibc_t2,P7,10,0,1,1626.00,0.0000,0.0000,2000.0,0.0,1.000,16384.0,0.000,0,0,16384,1,1,1,0,1,1
1,chain3_i32,i32,4096,glibc_t2,FIXED_TWIN,10,1,1,1611.00,0.0000,0.0000,2000.0,0.0,1.000,16384.0,0.000,0,0,16384,1,1,1,0,1,1
1,chain3_i32,i32,4096,glibc_t2,P5,10,2,1,2207.00,0.0000,0.0000,2000.0,0.0,3.000,49152.0,0.000,0,0,49152,3,0,0,0,1,1
1,chain3_i32,i32,4096,glibc_t2,P6,10,3,1,1849.00,0.0000,0.0000,2000.0,0.0,1.000,16384.0,0.000,0,0,16384,1,2,0,0,1,1
1,chain3_i32,i32,4096,glibc_t2,FIXED_TWIN,11,0,1,1616.00,0.0000,0.0000,2000.0,0.0,1.000,16384.0,0.000,0,0,16384,1,1,1,0,1,1
1,chain3_i32,i32,4096,glibc_t2,P5,11,1,1,2190.00,0.0000,0.0000,2000.0,0.0,3.000,49152.0,0.000,0,0,49152,3,0,0,0,1,1
1,chain3_i32,i32,4096,glibc_t2,P6,11,2,1,1817.00,0.0000,0.0000,2000.0,0.0,1.000,16384.0,0.000,0,0,16384,1,2,0,0,1,1
1,chain3_i32,i32,4096,glibc_t2,P7,11,3,1,1670.00,0.0000,0.0000,2000.0,0.0,1.000,16384.0,0.000,0,0,16384,1,1,1,0,1,1
1,chain3_i32,i32,4096,glibc_t2,P5,12,0,1,2178.00,0.0000,0.0000,3000.0,0.0,3.000,49152.0,0.000,0,0,49152,3,0,0,0,1,1
1,chain3_i32,i32,4096,glibc_t2,P6,12,1,1,1860.00,0.0000,0.0000,2000.0,0.0,1.000,16384.0,0.000,0,0,16384,1,2,0,0,1,1
1,chain3_i32,i32,4096,glibc_t2,P7,12,2,1,1633.00,0.0000,0.0000,2000.0,0.0,1.000,16384.0,0.000,0,0,16384,1,1,1,0,1,1
1,chain3_i32,i32,4096,glibc_t2,FIXED_TWIN,12,3,1,1614.00,0.0000,0.0000,2000.0,0.0,1.000,16384.0,0.000,0,0,16384,1,1,1,0,1,1
1,chain3_i32,i32,4096,glibc_t2,P6,13,0,1,1845.00,0.0000,0.0000,2000.0,0.0,1.000,16384.0,0.000,0,0,16384,1,2,0,0,1,1
1,chain3_i32,i32,4096,glibc_t2,P7,13,1,1,1720.00,0.0000,0.0000,2000.0,0.0,1.000,16384.0,0.000,0,0,16384,1,1,1,0,1,1
1,chain3_i32,i32,4096,glibc_t2,FIXED_TWIN,13,2,1,1598.00,0.0000,0.0000,2000.0,0.0,1.000,16384.0,0.000,0,0,16384,1,1,1,0,1,1
1,chain3_i32,i32,4096,glibc_t2,P5,13,3,1,2279.00,0.0000,0.0000,3000.0,0.0,3.000,49152.0,0.000,0,0,49152,3,0,0,0,1,1
1,chain3_i32,i32,4096,glibc_t2,P7,14,0,1,1601.00,0.0000,0.0000,2000.0,0.0,1.000,16384.0,0.000,0,0,16384,1,1,1,0,1,1
1,chain3_i32,i32,4096,glibc_t2,FIXED_TWIN,14,1,1,1635.00,0.0000,0.0000,2000.0,0.0,1.000,16384.0,0.000,0,0,16384,1,1,1,0,1,1
1,chain3_i32,i32,4096,glibc_t2,P5,14,2,1,2207.00,0.0000,0.0000,2000.0,0.0,3.000,49152.0,0.000,0,0,49152,3,0,0,0,1,1
1,chain3_i32,i32,4096,glibc_t2,P6,14,3,1,1878.00,0.0000,0.0000,2000.0,0.0,1.000,16384.0,0.000,0,0,16384,1,2,0,0,1,1
1,chain3_i32,i32,16384,glibc_t2,P5,0,0,1,7146.00,0.0000,0.0000,7000.0,0.0,3.000,196608.0,0.000,0,0,196608,3,0,0,0,1,1
1,chain3_i32,i32,16384,glibc_t2,P6,0,1,1,6845.00,0.0000,0.0000,7000.0,0.0,1.000,65536.0,0.000,0,0,65536,1,2,0,0,1,1
1,chain3_i32,i32,16384,glibc_t2,P7,0,2,1,5547.00,0.0000,0.0000,6000.0,0.0,1.000,65536.0,0.000,0,0,65536,1,1,1,0,1,1
1,chain3_i32,i32,16384,glibc_t2,FIXED_TWIN,0,3,1,5596.00,0.0000,0.0000,6000.0,0.0,1.000,65536.0,0.000,0,0,65536,1,1,1,0,1,1
1,chain3_i32,i32,16384,glibc_t2,P6,1,0,1,6716.00,0.0000,0.0000,7000.0,0.0,1.000,65536.0,0.000,0,0,65536,1,2,0,0,1,1
1,chain3_i32,i32,16384,glibc_t2,P7,1,1,1,5630.00,0.0000,0.0000,6000.0,0.0,1.000,65536.0,0.000,0,0,65536,1,1,1,0,1,1
1,chain3_i32,i32,16384,glibc_t2,FIXED_TWIN,1,2,1,5538.00,0.0000,0.0000,6000.0,0.0,1.000,65536.0,0.000,0,0,65536,1,1,1,0,1,1
1,chain3_i32,i32,16384,glibc_t2,P5,1,3,1,7016.00,0.0000,0.0000,8000.0,0.0,3.000,196608.0,0.000,0,0,196608,3,0,0,0,1,1
1,chain3_i32,i32,16384,glibc_t2,P7,2,0,1,5639.00,0.0000,0.0000,6000.0,0.0,1.000,65536.0,0.000,0,0,65536,1,1,1,0,1,1
1,chain3_i32,i32,16384,glibc_t2,FIXED_TWIN,2,1,1,5559.00,0.0000,0.0000,6000.0,0.0,1.000,65536.0,0.000,0,0,65536,1,1,1,0,1,1
1,chain3_i32,i32,16384,glibc_t2,P5,2,2,1,7018.00,0.0000,0.0000,7000.0,0.0,3.000,196608.0,0.000,0,0,196608,3,0,0,0,1,1
1,chain3_i32,i32,16384,glibc_t2,P6,2,3,1,6743.00,0.0000,0.0000,8000.0,0.0,1.000,65536.0,0.000,0,0,65536,1,2,0,0,1,1
1,chain3_i32,i32,16384,glibc_t2,FIXED_TWIN,3,0,1,5535.00,0.0000,0.0000,6000.0,0.0,1.000,65536.0,0.000,0,0,65536,1,1,1,0,1,1
1,chain3_i32,i32,16384,glibc_t2,P5,3,1,1,6946.00,0.0000,0.0000,8000.0,0.0,3.000,196608.0,0.000,0,0,196608,3,0,0,0,1,1
1,chain3_i32,i32,16384,glibc_t2,P6,3,2,1,6743.00,0.0000,0.0000,7000.0,0.0,1.000,65536.0,0.000,0,0,65536,1,2,0,0,1,1
1,chain3_i32,i32,16384,glibc_t2,P7,3,3,1,5552.00,0.0000,0.0000,6000.0,0.0,1.000,65536.0,0.000,0,0,65536,1,1,1,0,1,1
1,chain3_i32,i32,16384,glibc_t2,P5,4,0,1,7044.00,0.0000,0.0000,7000.0,0.0,3.000,196608.0,0.000,0,0,196608,3,0,0,0,1,1
1,chain3_i32,i32,16384,glibc_t2,P6,4,1,1,6743.00,0.0000,0.0000,7000.0,0.0,1.000,65536.0,0.000,0,0,65536,1,2,0,0,1,1
1,chain3_i32,i32,16384,glibc_t2,P7,4,2,1,5612.00,0.0000,0.0000,6000.0,0.0,1.000,65536.0,0.000,0,0,65536,1,1,1,0,1,1
1,chain3_i32,i32,16384,glibc_t2,FIXED_TWIN,4,3,1,5561.00,0.0000,0.0000,6000.0,0.0,1.000,65536.0,0.000,0,0,65536,1,1,1,0,1,1
1,chain3_i32,i32,16384,glibc_t2,P6,5,0,1,6713.00,0.0000,0.0000,7000.0,0.0,1.000,65536.0,0.000,0,0,65536,1,2,0,0,1,1
1,chain3_i32,i32,16384,glibc_t2,P7,5,1,1,5511.00,0.0000,0.0000,6000.0,0.0,1.000,65536.0,0.000,0,0,65536,1,1,1,0,1,1
1,chain3_i32,i32,16384,glibc_t2,FIXED_TWIN,5,2,1,5548.00,0.0000,0.0000,6000.0,0.0,1.000,65536.0,0.000,0,0,65536,1,1,1,0,1,1
1,chain3_i32,i32,16384,glibc_t2,P5,5,3,1,7667.00,0.0000,0.0000,8000.0,0.0,3.000,196608.0,0.000,0,0,196608,3,0,0,0,1,1
1,chain3_i32,i32,16384,glibc_t2,P7,6,0,1,6090.00,0.0000,0.0000,7000.0,0.0,1.000,65536.0,0.000,0,0,65536,1,1,1,0,1,1
1,chain3_i32,i32,16384,glibc_t2,FIXED_TWIN,6,1,1,5924.00,0.0000,0.0000,6000.0,0.0,1.000,65536.0,0.000,0,0,65536,1,1,1,0,1,1
1,chain3_i32,i32,16384,glibc_t2,P5,6,2,1,7098.00,0.0000,0.0000,8000.0,0.0,3.000,196608.0,0.000,0,0,196608,3,0,0,0,1,1
1,chain3_i32,i32,16384,glibc_t2,P6,6,3,1,6810.00,0.0000,0.0000,7000.0,0.0,1.000,65536.0,0.000,0,0,65536,1,2,0,0,1,1
1,chain3_i32,i32,16384,glibc_t2,FIXED_TWIN,7,0,1,5637.00,0.0000,0.0000,6000.0,0.0,1.000,65536.0,0.000,0,0,65536,1,1,1,0,1,1
1,chain3_i32,i32,16384,glibc_t2,P5,7,1,1,6969.00,0.0000,0.0000,7000.0,0.0,3.000,196608.0,0.000,0,0,196608,3,0,0,0,1,1
1,chain3_i32,i32,16384,glibc_t2,P6,7,2,1,6689.00,0.0000,0.0000,8000.0,0.0,1.000,65536.0,0.000,0,0,65536,1,2,0,0,1,1
1,chain3_i32,i32,16384,glibc_t2,P7,7,3,1,5577.00,0.0000,0.0000,6000.0,0.0,1.000,65536.0,0.000,0,0,65536,1,1,1,0,1,1
1,chain3_i32,i32,16384,glibc_t2,P5,8,0,1,6995.00,0.0000,0.0000,7000.0,0.0,3.000,196608.0,0.000,0,0,196608,3,0,0,0,1,1
1,chain3_i32,i32,16384,glibc_t2,P6,8,1,1,6730.00,0.0000,0.0000,7000.0,0.0,1.000,65536.0,0.000,0,0,65536,1,2,0,0,1,1
1,chain3_i32,i32,16384,glibc_t2,P7,8,2,1,5620.00,0.0000,0.0000,7000.0,0.0,1.000,65536.0,0.000,0,0,65536,1,1,1,0,1,1
1,chain3_i32,i32,16384,glibc_t2,FIXED_TWIN,8,3,1,5558.00,0.0000,0.0000,6000.0,0.0,1.000,65536.0,0.000,0,0,65536,1,1,1,0,1,1
1,chain3_i32,i32,16384,glibc_t2,P6,9,0,1,6683.00,0.0000,0.0000,7000.0,0.0,1.000,65536.0,0.000,0,0,65536,1,2,0,0,1,1
1,chain3_i32,i32,16384,glibc_t2,P7,9,1,1,5615.00,0.0000,0.0000,6000.0,0.0,1.000,65536.0,0.000,0,0,65536,1,1,1,0,1,1
1,chain3_i32,i32,16384,glibc_t2,FIXED_TWIN,9,2,1,5570.00,0.0000,0.0000,6000.0,0.0,1.000,65536.0,0.000,0,0,65536,1,1,1,0,1,1
1,chain3_i32,i32,16384,glibc_t2,P5,9,3,1,6938.00,0.0000,0.0000,7000.0,0.0,3.000,196608.0,0.000,0,0,196608,3,0,0,0,1,1
1,chain3_i32,i32,16384,glibc_t2,P7,10,0,1,5629.00,0.0000,0.0000,6000.0,0.0,1.000,65536.0,0.000,0,0,65536,1,1,1,0,1,1
1,chain3_i32,i32,16384,glibc_t2,FIXED_TWIN,10,1,1,5573.00,0.0000,0.0000,6000.0,0.0,1.000,65536.0,0.000,0,0,65536,1,1,1,0,1,1
1,chain3_i32,i32,16384,glibc_t2,P5,10,2,1,6961.00,0.0000,0.0000,7000.0,0.0,3.000,196608.0,0.000,0,0,196608,3,0,0,0,1,1
1,chain3_i32,i32,16384,glibc_t2,P6,10,3,1,6727.00,0.0000,0.0000,8000.0,0.0,1.000,65536.0,0.000,0,0,65536,1,2,0,0,1,1
1,chain3_i32,i32,16384,glibc_t2,FIXED_TWIN,11,0,1,5549.00,0.0000,0.0000,6000.0,0.0,1.000,65536.0,0.000,0,0,65536,1,1,1,0,1,1
1,chain3_i32,i32,16384,glibc_t2,P5,11,1,1,6967.00,0.0000,0.0000,8000.0,0.0,3.000,196608.0,0.000,0,0,196608,3,0,0,0,1,1
1,chain3_i32,i32,16384,glibc_t2,P6,11,2,1,6705.00,0.0000,0.0000,7000.0,0.0,1.000,65536.0,0.000,0,0,65536,1,2,0,0,1,1
1,chain3_i32,i32,16384,glibc_t2,P7,11,3,1,5629.00,0.0000,0.0000,7000.0,0.0,1.000,65536.0,0.000,0,0,65536,1,1,1,0,1,1
1,chain3_i32,i32,16384,glibc_t2,P5,12,0,1,6989.00,0.0000,0.0000,8000.0,0.0,3.000,196608.0,0.000,0,0,196608,3,0,0,0,1,1
1,chain3_i32,i32,16384,glibc_t2,P6,12,1,1,6729.00,0.0000,0.0000,7000.0,0.0,1.000,65536.0,0.000,0,0,65536,1,2,0,0,1,1
1,chain3_i32,i32,16384,glibc_t2,P7,12,2,1,5548.00,0.0000,0.0000,6000.0,0.0,1.000,65536.0,0.000,0,0,65536,1,1,1,0,1,1
1,chain3_i32,i32,16384,glibc_t2,FIXED_TWIN,12,3,1,5594.00,0.0000,0.0000,6000.0,0.0,1.000,65536.0,0.000,0,0,65536,1,1,1,0,1,1
1,chain3_i32,i32,16384,glibc_t2,P6,13,0,1,6669.00,0.0000,0.0000,7000.0,0.0,1.000,65536.0,0.000,0,0,65536,1,2,0,0,1,1
1,chain3_i32,i32,16384,glibc_t2,P7,13,1,1,5600.00,0.0000,0.0000,6000.0,0.0,1.000,65536.0,0.000,0,0,65536,1,1,1,0,1,1
1,chain3_i32,i32,16384,glibc_t2,FIXED_TWIN,13,2,1,5560.00,0.0000,0.0000,6000.0,0.0,1.000,65536.0,0.000,0,0,65536,1,1,1,0,1,1
1,chain3_i32,i32,16384,glibc_t2,P5,13,3,1,7070.00,0.0000,0.0000,8000.0,0.0,3.000,196608.0,0.000,0,0,196608,3,0,0,0,1,1
1,chain3_i32,i32,16384,glibc_t2,P7,14,0,1,5627.00,0.0000,0.0000,6000.0,0.0,1.000,65536.0,0.000,0,0,65536,1,1,1,0,1,1
1,chain3_i32,i32,16384,glibc_t2,FIXED_TWIN,14,1,1,5572.00,0.0000,0.0000,6000.0,0.0,1.000,65536.0,0.000,0,0,65536,1,1,1,0,1,1
1,chain3_i32,i32,16384,glibc_t2,P5,14,2,1,6975.00,0.0000,0.0000,7000.0,0.0,3.000,196608.0,0.000,0,0,196608,3,0,0,0,1,1
1,chain3_i32,i32,16384,glibc_t2,P6,14,3,1,6742.00,0.0000,0.0000,7000.0,0.0,1.000,65536.0,0.000,0,0,65536,1,2,0,0,1,1
1,chain3_i32,i32,65536,glibc_t2,P5,0,0,1,238434.00,195.0000,0.0000,112000.0,129000.0,3.000,786432.0,0.000,0,0,786432,3,0,0,0,1,1
1,chain3_i32,i32,65536,glibc_t2,P6,0,1,1,116175.00,65.0000,0.0000,54000.0,63000.0,1.000,262144.0,0.000,0,0,262144,1,2,0,0,1,1
1,chain3_i32,i32,65536,glibc_t2,P7,0,2,1,84729.00,65.0000,0.0000,40000.0,46000.0,1.000,262144.0,0.000,0,0,262144,1,1,1,0,1,1
1,chain3_i32,i32,65536,glibc_t2,FIXED_TWIN,0,3,1,84331.00,65.0000,0.0000,39000.0,46000.0,1.000,262144.0,0.000,0,0,262144,1,1,1,0,1,1
1,chain3_i32,i32,65536,glibc_t2,P6,1,0,1,88339.00,65.0000,0.0000,41000.0,48000.0,1.000,262144.0,0.000,0,0,262144,1,2,0,0,1,1
1,chain3_i32,i32,65536,glibc_t2,P7,1,1,1,86127.00,65.0000,0.0000,0.0,88000.0,1.000,262144.0,0.000,0,0,262144,1,1,1,0,1,1
1,chain3_i32,i32,65536,glibc_t2,FIXED_TWIN,1,2,1,83982.00,65.0000,0.0000,0.0,85000.0,1.000,262144.0,0.000,0,0,262144,1,1,1,0,1,1
1,chain3_i32,i32,65536,glibc_t2,P5,1,3,1,244422.00,195.0000,0.0000,0.0,246000.0,3.000,786432.0,0.000,0,0,786432,3,0,0,0,1,1
1,chain3_i32,i32,65536,glibc_t2,P7,2,0,1,84754.00,65.0000,0.0000,0.0,85000.0,1.000,262144.0,0.000,0,0,262144,1,1,1,0,1,1
1,chain3_i32,i32,65536,glibc_t2,FIXED_TWIN,2,1,1,85609.00,65.0000,0.0000,0.0,87000.0,1.000,262144.0,0.000,0,0,262144,1,1,1,0,1,1
1,chain3_i32,i32,65536,glibc_t2,P5,2,2,1,258333.00,195.0000,0.0000,0.0,259000.0,3.000,786432.0,0.000,0,0,786432,3,0,0,0,1,1
1,chain3_i32,i32,65536,glibc_t2,P6,2,3,1,88745.00,65.0000,0.0000,0.0,89000.0,1.000,262144.0,0.000,0,0,262144,1,2,0,0,1,1
1,chain3_i32,i32,65536,glibc_t2,FIXED_TWIN,3,0,1,90355.00,65.0000,0.0000,0.0,91000.0,1.000,262144.0,0.000,0,0,262144,1,1,1,0,1,1
1,chain3_i32,i32,65536,glibc_t2,P5,3,1,1,244779.00,195.0000,0.0000,0.0,246000.0,3.000,786432.0,0.000,0,0,786432,3,0,0,0,1,1
1,chain3_i32,i32,65536,glibc_t2,P6,3,2,1,88738.00,65.0000,0.0000,0.0,89000.0,1.000,262144.0,0.000,0,0,262144,1,2,0,0,1,1
1,chain3_i32,i32,65536,glibc_t2,P7,3,3,1,115350.00,65.0000,0.0000,0.0,116000.0,1.000,262144.0,0.000,0,0,262144,1,1,1,0,1,1
1,chain3_i32,i32,65536,glibc_t2,P5,4,0,1,237926.00,195.0000,0.0000,0.0,239000.0,3.000,786432.0,0.000,0,0,786432,3,0,0,0,1,1
1,chain3_i32,i32,65536,glibc_t2,P6,4,1,1,118594.00,65.0000,0.0000,0.0,120000.0,1.000,262144.0,0.000,0,0,262144,1,2,0,0,1,1
1,chain3_i32,i32,65536,glibc_t2,P7,4,2,1,115252.00,65.0000,0.0000,0.0,116000.0,1.000,262144.0,0.000,0,0,262144,1,1,1,0,1,1
1,chain3_i32,i32,65536,glibc_t2,FIXED_TWIN,4,3,1,100667.00,65.0000,0.0000,0.0,102000.0,1.000,262144.0,0.000,0,0,262144,1,1,1,0,1,1
1,chain3_i32,i32,65536,glibc_t2,P6,5,0,1,88081.00,65.0000,0.0000,0.0,89000.0,1.000,262144.0,0.000,0,0,262144,1,2,0,0,1,1
1,chain3_i32,i32,65536,glibc_t2,P7,5,1,1,83749.00,65.0000,0.0000,0.0,84000.0,1.000,262144.0,0.000,0,0,262144,1,1,1,0,1,1
1,chain3_i32,i32,65536,glibc_t2,FIXED_TWIN,5,2,1,83460.00,65.0000,0.0000,0.0,85000.0,1.000,262144.0,0.000,0,0,262144,1,1,1,0,1,1
1,chain3_i32,i32,65536,glibc_t2,P5,5,3,1,238616.00,195.0000,0.0000,0.0,240000.0,3.000,786432.0,0.000,0,0,786432,3,0,0,0,1,1
1,chain3_i32,i32,65536,glibc_t2,P7,6,0,1,84242.00,65.0000,0.0000,0.0,85000.0,1.000,262144.0,0.000,0,0,262144,1,1,1,0,1,1
1,chain3_i32,i32,65536,glibc_t2,FIXED_TWIN,6,1,1,83877.00,65.0000,0.0000,0.0,84000.0,1.000,262144.0,0.000,0,0,262144,1,1,1,0,1,1
1,chain3_i32,i32,65536,glibc_t2,P5,6,2,1,238465.00,195.0000,0.0000,0.0,240000.0,3.000,786432.0,0.000,0,0,786432,3,0,0,0,1,1
1,chain3_i32,i32,65536,glibc_t2,P6,6,3,1,88617.00,65.0000,0.0000,0.0,90000.0,1.000,262144.0,0.000,0,0,262144,1,2,0,0,1,1
1,chain3_i32,i32,65536,glibc_t2,FIXED_TWIN,7,0,1,83795.00,65.0000,0.0000,0.0,84000.0,1.000,262144.0,0.000,0,0,262144,1,1,1,0,1,1
1,chain3_i32,i32,65536,glibc_t2,P5,7,1,1,238370.00,195.0000,0.0000,0.0,239000.0,3.000,786432.0,0.000,0,0,786432,3,0,0,0,1,1
1,chain3_i32,i32,65536,glibc_t2,P6,7,2,1,88549.00,65.0000,0.0000,0.0,89000.0,1.000,262144.0,0.000,0,0,262144,1,2,0,0,1,1
1,chain3_i32,i32,65536,glibc_t2,P7,7,3,1,121391.00,65.0000,0.0000,123000.0,0.0,1.000,262144.0,0.000,0,0,262144,1,1,1,0,1,1
1,chain3_i32,i32,65536,glibc_t2,P5,8,0,1,239454.00,195.0000,0.0000,241000.0,0.0,3.000,786432.0,0.000,0,0,786432,3,0,0,0,1,1
1,chain3_i32,i32,65536,glibc_t2,P6,8,1,1,88380.00,65.0000,0.0000,89000.0,0.0,1.000,262144.0,0.000,0,0,262144,1,2,0,0,1,1
1,chain3_i32,i32,65536,glibc_t2,P7,8,2,1,83618.00,65.0000,0.0000,84000.0,0.0,1.000,262144.0,0.000,0,0,262144,1,1,1,0,1,1
1,chain3_i32,i32,65536,glibc_t2,FIXED_TWIN,8,3,1,103242.00,65.0000,0.0000,104000.0,0.0,1.000,262144.0,0.000,0,0,262144,1,1,1,0,1,1
1,chain3_i32,i32,65536,glibc_t2,P6,9,0,1,87670.00,65.0000,0.0000,89000.0,0.0,1.000,262144.0,0.000,0,0,262144,1,2,0,0,1,1
1,chain3_i32,i32,65536,glibc_t2,P7,9,1,1,99060.00,65.0000,0.0000,101000.0,0.0,1.000,262144.0,0.000,0,0,262144,1,1,1,0,1,1
1,chain3_i32,i32,65536,glibc_t2,FIXED_TWIN,9,2,1,84917.00,65.0000,0.0000,86000.0,0.0,1.000,262144.0,0.000,0,0,262144,1,1,1,0,1,1
1,chain3_i32,i32,65536,glibc_t2,P5,9,3,1,300358.00,195.0000,0.0000,302000.0,0.0,3.000,786432.0,0.000,0,0,786432,3,0,0,0,1,1
1,chain3_i32,i32,65536,glibc_t2,P7,10,0,1,84843.00,65.0000,0.0000,86000.0,0.0,1.000,262144.0,0.000,0,0,262144,1,1,1,0,1,1
1,chain3_i32,i32,65536,glibc_t2,FIXED_TWIN,10,1,1,84722.00,65.0000,0.0000,85000.0,0.0,1.000,262144.0,0.000,0,0,262144,1,1,1,0,1,1
1,chain3_i32,i32,65536,glibc_t2,P5,10,2,1,289726.00,195.0000,0.0000,291000.0,0.0,3.000,786432.0,0.000,0,0,786432,3,0,0,0,1,1
1,chain3_i32,i32,65536,glibc_t2,P6,10,3,1,88966.00,65.0000,0.0000,90000.0,0.0,1.000,262144.0,0.000,0,0,262144,1,2,0,0,1,1
1,chain3_i32,i32,65536,glibc_t2,FIXED_TWIN,11,0,1,84437.00,65.0000,0.0000,85000.0,0.0,1.000,262144.0,0.000,0,0,262144,1,1,1,0,1,1
1,chain3_i32,i32,65536,glibc_t2,P5,11,1,1,270065.00,195.0000,0.0000,0.0,271000.0,3.000,786432.0,0.000,0,0,786432,3,0,0,0,1,1
1,chain3_i32,i32,65536,glibc_t2,P6,11,2,1,88394.00,65.0000,0.0000,0.0,89000.0,1.000,262144.0,0.000,0,0,262144,1,2,0,0,1,1
1,chain3_i32,i32,65536,glibc_t2,P7,11,3,1,84469.00,65.0000,0.0000,0.0,85000.0,1.000,262144.0,0.000,0,0,262144,1,1,1,0,1,1
1,chain3_i32,i32,65536,glibc_t2,P5,12,0,1,269311.00,195.0000,0.0000,0.0,270000.0,3.000,786432.0,0.000,0,0,786432,3,0,0,0,1,1
1,chain3_i32,i32,65536,glibc_t2,P6,12,1,1,89167.00,65.0000,0.0000,0.0,92000.0,1.000,262144.0,0.000,0,0,262144,1,2,0,0,1,1
1,chain3_i32,i32,65536,glibc_t2,P7,12,2,1,86068.00,65.0000,0.0000,0.0,87000.0,1.000,262144.0,0.000,0,0,262144,1,1,1,0,1,1
1,chain3_i32,i32,65536,glibc_t2,FIXED_TWIN,12,3,1,83505.00,65.0000,0.0000,0.0,85000.0,1.000,262144.0,0.000,0,0,262144,1,1,1,0,1,1
1,chain3_i32,i32,65536,glibc_t2,P6,13,0,1,114296.00,65.0000,0.0000,0.0,115000.0,1.000,262144.0,0.000,0,0,262144,1,2,0,0,1,1
1,chain3_i32,i32,65536,glibc_t2,P7,13,1,1,84786.00,65.0000,0.0000,0.0,86000.0,1.000,262144.0,0.000,0,0,262144,1,1,1,0,1,1
1,chain3_i32,i32,65536,glibc_t2,FIXED_TWIN,13,2,1,83622.00,65.0000,0.0000,0.0,84000.0,1.000,262144.0,0.000,0,0,262144,1,1,1,0,1,1
1,chain3_i32,i32,65536,glibc_t2,P5,13,3,1,262914.00,195.0000,0.0000,0.0,264000.0,3.000,786432.0,0.000,0,0,786432,3,0,0,0,1,1
1,chain3_i32,i32,65536,glibc_t2,P7,14,0,1,85957.00,65.0000,0.0000,0.0,87000.0,1.000,262144.0,0.000,0,0,262144,1,1,1,0,1,1
1,chain3_i32,i32,65536,glibc_t2,FIXED_TWIN,14,1,1,82801.00,65.0000,0.0000,0.0,83000.0,1.000,262144.0,0.000,0,0,262144,1,1,1,0,1,1
1,chain3_i32,i32,65536,glibc_t2,P5,14,2,1,336314.00,195.0000,0.0000,0.0,337000.0,3.000,786432.0,0.000,0,0,786432,3,0,0,0,1,1
1,chain3_i32,i32,65536,glibc_t2,P6,14,3,1,89126.00,65.0000,0.0000,0.0,91000.0,1.000,262144.0,0.000,0,0,262144,1,2,0,0,1,1
1,chain3_i32,i32,262144,glibc_t2,P5,0,0,1,1076561.00,771.0000,0.0000,499000.0,580000.0,3.000,3145728.0,0.000,0,0,3145728,3,0,0,0,1,1
1,chain3_i32,i32,262144,glibc_t2,P6,0,1,1,458000.00,257.0000,0.0000,0.0,461000.0,1.000,1048576.0,0.000,0,0,1048576,1,2,0,0,1,1
1,chain3_i32,i32,262144,glibc_t2,P7,0,2,1,453505.00,257.0000,0.0000,0.0,456000.0,1.000,1048576.0,0.000,0,0,1048576,1,1,1,0,1,1
1,chain3_i32,i32,262144,glibc_t2,FIXED_TWIN,0,3,1,436108.00,257.0000,0.0000,0.0,439000.0,1.000,1048576.0,0.000,0,0,1048576,1,1,1,0,1,1
1,chain3_i32,i32,262144,glibc_t2,P6,1,0,1,489353.00,257.0000,0.0000,491000.0,0.0,1.000,1048576.0,0.000,0,0,1048576,1,2,0,0,1,1
1,chain3_i32,i32,262144,glibc_t2,P7,1,1,1,433655.00,257.0000,0.0000,435000.0,0.0,1.000,1048576.0,0.000,0,0,1048576,1,1,1,0,1,1
1,chain3_i32,i32,262144,glibc_t2,FIXED_TWIN,1,2,1,470302.00,257.0000,0.0000,472000.0,0.0,1.000,1048576.0,0.000,0,0,1048576,1,1,1,0,1,1
1,chain3_i32,i32,262144,glibc_t2,P5,1,3,1,1106822.00,771.0000,0.0000,1109000.0,0.0,3.000,3145728.0,0.000,0,0,3145728,3,0,0,0,1,1
1,chain3_i32,i32,262144,glibc_t2,P7,2,0,1,486144.00,257.0000,0.0000,488000.0,0.0,1.000,1048576.0,0.000,0,0,1048576,1,1,1,0,1,1
1,chain3_i32,i32,262144,glibc_t2,FIXED_TWIN,2,1,1,469557.00,257.0000,0.0000,472000.0,0.0,1.000,1048576.0,0.000,0,0,1048576,1,1,1,0,1,1
1,chain3_i32,i32,262144,glibc_t2,P5,2,2,1,1113290.00,771.0000,0.0000,0.0,1116000.0,3.000,3145728.0,0.000,0,0,3145728,3,0,0,0,1,1
1,chain3_i32,i32,262144,glibc_t2,P6,2,3,1,456997.00,257.0000,0.0000,0.0,460000.0,1.000,1048576.0,0.000,0,0,1048576,1,2,0,0,1,1
1,chain3_i32,i32,262144,glibc_t2,FIXED_TWIN,3,0,1,439244.00,257.0000,0.0000,0.0,442000.0,1.000,1048576.0,0.000,0,0,1048576,1,1,1,0,1,1
1,chain3_i32,i32,262144,glibc_t2,P5,3,1,1,1132037.00,771.0000,0.0000,0.0,1135000.0,3.000,3145728.0,0.000,0,0,3145728,3,0,0,0,1,1
1,chain3_i32,i32,262144,glibc_t2,P6,3,2,1,495575.00,257.0000,0.0000,0.0,498000.0,1.000,1048576.0,0.000,0,0,1048576,1,2,0,0,1,1
1,chain3_i32,i32,262144,glibc_t2,P7,3,3,1,438885.00,257.0000,0.0000,0.0,442000.0,1.000,1048576.0,0.000,0,0,1048576,1,1,1,0,1,1
1,chain3_i32,i32,262144,glibc_t2,P5,4,0,1,1113610.00,771.0000,0.0000,0.0,1116000.0,3.000,3145728.0,0.000,0,0,3145728,3,0,0,0,1,1
1,chain3_i32,i32,262144,glibc_t2,P6,4,1,1,471683.00,257.0000,0.0000,0.0,474000.0,1.000,1048576.0,0.000,0,0,1048576,1,2,0,0,1,1
1,chain3_i32,i32,262144,glibc_t2,P7,4,2,1,509766.00,257.0000,0.0000,0.0,512000.0,1.000,1048576.0,0.000,0,0,1048576,1,1,1,0,1,1
1,chain3_i32,i32,262144,glibc_t2,FIXED_TWIN,4,3,1,465512.00,257.0000,0.0000,0.0,468000.0,1.000,1048576.0,0.000,0,0,1048576,1,1,1,0,1,1
1,chain3_i32,i32,262144,glibc_t2,P6,5,0,1,489202.00,257.0000,0.0000,0.0,491000.0,1.000,1048576.0,0.000,0,0,1048576,1,2,0,0,1,1
1,chain3_i32,i32,262144,glibc_t2,P7,5,1,1,469610.00,257.0000,0.0000,0.0,472000.0,1.000,1048576.0,0.000,0,0,1048576,1,1,1,0,1,1
1,chain3_i32,i32,262144,glibc_t2,FIXED_TWIN,5,2,1,468797.00,257.0000,0.0000,471000.0,0.0,1.000,1048576.0,0.000,0,0,1048576,1,1,1,0,1,1
1,chain3_i32,i32,262144,glibc_t2,P5,5,3,1,1090044.00,771.0000,0.0000,1092000.0,0.0,3.000,3145728.0,0.000,0,0,3145728,3,0,0,0,1,1
1,chain3_i32,i32,262144,glibc_t2,P7,6,0,1,436519.00,257.0000,0.0000,203000.0,236000.0,1.000,1048576.0,0.000,0,0,1048576,1,1,1,0,1,1
1,chain3_i32,i32,262144,glibc_t2,FIXED_TWIN,6,1,1,437993.00,257.0000,0.0000,0.0,440000.0,1.000,1048576.0,0.000,0,0,1048576,1,1,1,0,1,1
1,chain3_i32,i32,262144,glibc_t2,P5,6,2,1,1081801.00,771.0000,0.0000,0.0,1084000.0,3.000,3145728.0,0.000,0,0,3145728,3,0,0,0,1,1
1,chain3_i32,i32,262144,glibc_t2,P6,6,3,1,513831.00,257.0000,0.0000,0.0,517000.0,1.000,1048576.0,0.000,0,0,1048576,1,2,0,0,1,1
1,chain3_i32,i32,262144,glibc_t2,FIXED_TWIN,7,0,1,461293.00,257.0000,0.0000,0.0,464000.0,1.000,1048576.0,0.000,0,0,1048576,1,1,1,0,1,1
1,chain3_i32,i32,262144,glibc_t2,P5,7,1,1,1078033.00,771.0000,0.0000,0.0,1080000.0,3.000,3145728.0,0.000,0,0,3145728,3,0,0,0,1,1
1,chain3_i32,i32,262144,glibc_t2,P6,7,2,1,461401.00,257.0000,0.0000,0.0,464000.0,1.000,1048576.0,0.000,0,0,1048576,1,2,0,0,1,1
1,chain3_i32,i32,262144,glibc_t2,P7,7,3,1,436965.00,257.0000,0.0000,0.0,439000.0,1.000,1048576.0,0.000,0,0,1048576,1,1,1,0,1,1
1,chain3_i32,i32,262144,glibc_t2,P5,8,0,1,1140221.00,771.0000,0.0000,0.0,1142000.0,3.000,3145728.0,0.000,0,0,3145728,3,0,0,0,1,1
1,chain3_i32,i32,262144,glibc_t2,P6,8,1,1,485845.00,257.0000,0.0000,0.0,488000.0,1.000,1048576.0,0.000,0,0,1048576,1,2,0,0,1,1
1,chain3_i32,i32,262144,glibc_t2,P7,8,2,1,473276.00,257.0000,0.0000,0.0,476000.0,1.000,1048576.0,0.000,0,0,1048576,1,1,1,0,1,1
1,chain3_i32,i32,262144,glibc_t2,FIXED_TWIN,8,3,1,463073.00,257.0000,0.0000,0.0,465000.0,1.000,1048576.0,0.000,0,0,1048576,1,1,1,0,1,1
1,chain3_i32,i32,262144,glibc_t2,P6,9,0,1,492421.00,257.0000,0.0000,495000.0,0.0,1.000,1048576.0,0.000,0,0,1048576,1,2,0,0,1,1
1,chain3_i32,i32,262144,glibc_t2,P7,9,1,1,444490.00,257.0000,0.0000,447000.0,0.0,1.000,1048576.0,0.000,0,0,1048576,1,1,1,0,1,1
1,chain3_i32,i32,262144,glibc_t2,FIXED_TWIN,9,2,1,435228.00,257.0000,0.0000,437000.0,0.0,1.000,1048576.0,0.000,0,0,1048576,1,1,1,0,1,1
1,chain3_i32,i32,262144,glibc_t2,P5,9,3,1,1123382.00,771.0000,0.0000,0.0,1126000.0,3.000,3145728.0,0.000,0,0,3145728,3,0,0,0,1,1
1,chain3_i32,i32,262144,glibc_t2,P7,10,0,1,433257.00,257.0000,0.0000,0.0,435000.0,1.000,1048576.0,0.000,0,0,1048576,1,1,1,0,1,1
1,chain3_i32,i32,262144,glibc_t2,FIXED_TWIN,10,1,1,436167.00,257.0000,0.0000,0.0,439000.0,1.000,1048576.0,0.000,0,0,1048576,1,1,1,0,1,1
1,chain3_i32,i32,262144,glibc_t2,P5,10,2,1,1075577.00,771.0000,0.0000,1077000.0,0.0,3.000,3145728.0,0.000,0,0,3145728,3,0,0,0,1,1
1,chain3_i32,i32,262144,glibc_t2,P6,10,3,1,487138.00,257.0000,0.0000,418000.0,71000.0,1.000,1048576.0,0.000,0,0,1048576,1,2,0,0,1,1
1,chain3_i32,i32,262144,glibc_t2,FIXED_TWIN,11,0,1,468871.00,257.0000,0.0000,217000.0,254000.0,1.000,1048576.0,0.000,0,0,1048576,1,1,1,0,1,1
1,chain3_i32,i32,262144,glibc_t2,P5,11,1,1,1082555.00,771.0000,0.0000,0.0,1085000.0,3.000,3145728.0,0.000,0,0,3145728,3,0,0,0,1,1
1,chain3_i32,i32,262144,glibc_t2,P6,11,2,1,460535.00,257.0000,0.0000,0.0,463000.0,1.000,1048576.0,0.000,0,0,1048576,1,2,0,0,1,1
1,chain3_i32,i32,262144,glibc_t2,P7,11,3,1,479092.00,257.0000,0.0000,0.0,481000.0,1.000,1048576.0,0.000,0,0,1048576,1,1,1,0,1,1
1,chain3_i32,i32,262144,glibc_t2,P5,12,0,1,1098802.00,771.0000,0.0000,0.0,1101000.0,3.000,3145728.0,0.000,0,0,3145728,3,0,0,0,1,1
1,chain3_i32,i32,262144,glibc_t2,P6,12,1,1,484671.00,257.0000,0.0000,0.0,487000.0,1.000,1048576.0,0.000,0,0,1048576,1,2,0,0,1,1
1,chain3_i32,i32,262144,glibc_t2,P7,12,2,1,466042.00,257.0000,0.0000,0.0,469000.0,1.000,1048576.0,0.000,0,0,1048576,1,1,1,0,1,1
1,chain3_i32,i32,262144,glibc_t2,FIXED_TWIN,12,3,1,471770.00,257.0000,0.0000,0.0,474000.0,1.000,1048576.0,0.000,0,0,1048576,1,1,1,0,1,1
1,chain3_i32,i32,262144,glibc_t2,P6,13,0,1,452119.00,257.0000,0.0000,0.0,455000.0,1.000,1048576.0,0.000,0,0,1048576,1,2,0,0,1,1
1,chain3_i32,i32,262144,glibc_t2,P7,13,1,1,436048.00,257.0000,0.0000,44000.0,394000.0,1.000,1048576.0,0.000,0,0,1048576,1,1,1,0,1,1
1,chain3_i32,i32,262144,glibc_t2,FIXED_TWIN,13,2,1,437966.00,257.0000,0.0000,0.0,440000.0,1.000,1048576.0,0.000,0,0,1048576,1,1,1,0,1,1
1,chain3_i32,i32,262144,glibc_t2,P5,13,3,1,1112356.00,771.0000,0.0000,0.0,1115000.0,3.000,3145728.0,0.000,0,0,3145728,3,0,0,0,1,1
1,chain3_i32,i32,262144,glibc_t2,P7,14,0,1,504283.00,257.0000,0.0000,507000.0,0.0,1.000,1048576.0,0.000,0,0,1048576,1,1,1,0,1,1
1,chain3_i32,i32,262144,glibc_t2,FIXED_TWIN,14,1,1,464648.00,257.0000,0.0000,467000.0,0.0,1.000,1048576.0,0.000,0,0,1048576,1,1,1,0,1,1
1,chain3_i32,i32,262144,glibc_t2,P5,14,2,1,1093973.00,771.0000,0.0000,1097000.0,0.0,3.000,3145728.0,0.000,0,0,3145728,3,0,0,0,1,1
1,chain3_i32,i32,262144,glibc_t2,P6,14,3,1,459822.00,257.0000,0.0000,0.0,462000.0,1.000,1048576.0,0.000,0,0,1048576,1,2,0,0,1,1
1,chain3_i32,i32,1048576,glibc_t2,P5,0,0,1,4468384.00,3075.0000,0.0000,219000.0,4255000.0,3.000,12582912.0,0.000,0,0,12582912,3,0,0,0,1,1
1,chain3_i32,i32,1048576,glibc_t2,P6,0,1,1,2042454.00,1025.0000,0.0000,0.0,2046000.0,1.000,4194304.0,0.000,0,0,4194304,1,2,0,0,1,1
1,chain3_i32,i32,1048576,glibc_t2,P7,0,2,1,1886267.00,1025.0000,0.0000,0.0,1889000.0,1.000,4194304.0,0.000,0,0,4194304,1,1,1,0,1,1
1,chain3_i32,i32,1048576,glibc_t2,FIXED_TWIN,0,3,1,1825614.00,1025.0000,0.0000,844000.0,983000.0,1.000,4194304.0,0.000,0,0,4194304,1,1,1,0,1,1
1,chain3_i32,i32,1048576,glibc_t2,P6,1,0,1,2007489.00,1025.0000,0.0000,1671000.0,339000.0,1.000,4194304.0,0.000,0,0,4194304,1,2,0,0,1,1
1,chain3_i32,i32,1048576,glibc_t2,P7,1,1,1,1846935.00,1025.0000,0.0000,1698000.0,151000.0,1.000,4194304.0,0.000,0,0,4194304,1,1,1,0,1,1
1,chain3_i32,i32,1048576,glibc_t2,FIXED_TWIN,1,2,1,1859099.00,1025.0000,0.0000,144000.0,1718000.0,1.000,4194304.0,0.000,0,0,4194304,1,1,1,0,1,1
1,chain3_i32,i32,1048576,glibc_t2,P5,1,3,1,5009167.00,3075.0000,0.0000,4468000.0,544000.0,3.000,12582912.0,0.000,0,0,12582912,3,0,0,0,1,1
1,chain3_i32,i32,1048576,glibc_t2,P7,2,0,1,1862651.00,1025.0000,0.0000,1663000.0,202000.0,1.000,4194304.0,0.000,0,0,4194304,1,1,1,0,1,1
1,chain3_i32,i32,1048576,glibc_t2,FIXED_TWIN,2,1,1,1866300.00,1025.0000,0.0000,1683000.0,186000.0,1.000,4194304.0,0.000,0,0,4194304,1,1,1,0,1,1
1,chain3_i32,i32,1048576,glibc_t2,P5,2,2,1,4741581.00,3075.0000,0.0000,344000.0,4401000.0,3.000,12582912.0,0.000,0,0,12582912,3,0,0,0,1,1
1,chain3_i32,i32,1048576,glibc_t2,P6,2,3,1,1972398.00,1025.0000,0.0000,1654000.0,320000.0,1.000,4194304.0,0.000,0,0,4194304,1,2,0,0,1,1
1,chain3_i32,i32,1048576,glibc_t2,FIXED_TWIN,3,0,1,1817879.00,1025.0000,0.0000,92000.0,1728000.0,1.000,4194304.0,0.000,0,0,4194304,1,1,1,0,1,1
1,chain3_i32,i32,1048576,glibc_t2,P5,3,1,1,4583044.00,3075.0000,0.0000,2422000.0,2163000.0,3.000,12582912.0,0.000,0,0,12582912,3,0,0,0,1,1
1,chain3_i32,i32,1048576,glibc_t2,P6,3,2,1,2003080.00,1025.0000,0.0000,2011000.0,0.0,1.000,4194304.0,0.000,0,0,4194304,1,2,0,0,1,1
1,chain3_i32,i32,1048576,glibc_t2,P7,3,3,1,1822590.00,1025.0000,0.0000,1825000.0,0.0,1.000,4194304.0,0.000,0,0,4194304,1,1,1,0,1,1
1,chain3_i32,i32,1048576,glibc_t2,P5,4,0,1,4448526.00,3075.0000,0.0000,209000.0,4242000.0,3.000,12582912.0,0.000,0,0,12582912,3,0,0,0,1,1
1,chain3_i32,i32,1048576,glibc_t2,P6,4,1,1,1953089.00,1025.0000,0.0000,236000.0,1720000.0,1.000,4194304.0,0.000,0,0,4194304,1,2,0,0,1,1
1,chain3_i32,i32,1048576,glibc_t2,P7,4,2,1,1806204.00,1025.0000,0.0000,100000.0,1708000.0,1.000,4194304.0,0.000,0,0,4194304,1,1,1,0,1,1
1,chain3_i32,i32,1048576,glibc_t2,FIXED_TWIN,4,3,1,1817929.00,1025.0000,0.0000,93000.0,1728000.0,1.000,4194304.0,0.000,0,0,4194304,1,1,1,0,1,1
1,chain3_i32,i32,1048576,glibc_t2,P6,5,0,1,1970223.00,1025.0000,0.0000,234000.0,1739000.0,1.000,4194304.0,0.000,0,0,4194304,1,2,0,0,1,1
1,chain3_i32,i32,1048576,glibc_t2,P7,5,1,1,1827333.00,1025.0000,0.0000,1830000.0,0.0,1.000,4194304.0,0.000,0,0,4194304,1,1,1,0,1,1
1,chain3_i32,i32,1048576,glibc_t2,FIXED_TWIN,5,2,1,1832337.00,1025.0000,0.0000,1834000.0,0.0,1.000,4194304.0,0.000,0,0,4194304,1,1,1,0,1,1
1,chain3_i32,i32,1048576,glibc_t2,P5,5,3,1,4804861.00,3075.0000,0.0000,1343000.0,3464000.0,3.000,12582912.0,0.000,0,0,12582912,3,0,0,0,1,1
1,chain3_i32,i32,1048576,glibc_t2,P7,6,0,1,1782410.00,1025.0000,0.0000,84000.0,1701000.0,1.000,4194304.0,0.000,0,0,4194304,1,1,1,0,1,1
1,chain3_i32,i32,1048576,glibc_t2,FIXED_TWIN,6,1,1,1798458.00,1025.0000,0.0000,94000.0,1707000.0,1.000,4194304.0,0.000,0,0,4194304,1,1,1,0,1,1
1,chain3_i32,i32,1048576,glibc_t2,P5,6,2,1,4455158.00,3075.0000,0.0000,211000.0,4246000.0,3.000,12582912.0,0.000,0,0,12582912,3,0,0,0,1,1
1,chain3_i32,i32,1048576,glibc_t2,P6,6,3,1,2054903.00,1025.0000,0.0000,0.0,2058000.0,1.000,4194304.0,0.000,0,0,4194304,1,2,0,0,1,1
1,chain3_i32,i32,1048576,glibc_t2,FIXED_TWIN,7,0,1,1828062.00,1025.0000,0.0000,0.0,1830000.0,1.000,4194304.0,0.000,0,0,4194304,1,1,1,0,1,1
1,chain3_i32,i32,1048576,glibc_t2,P5,7,1,1,4554152.00,3075.0000,0.0000,0.0,4556000.0,3.000,12582912.0,0.000,0,0,12582912,3,0,0,0,1,1
1,chain3_i32,i32,1048576,glibc_t2,P6,7,2,1,2007111.00,1025.0000,0.0000,2010000.0,0.0,1.000,4194304.0,0.000,0,0,4194304,1,2,0,0,1,1
1,chain3_i32,i32,1048576,glibc_t2,P7,7,3,1,1836271.00,1025.0000,0.0000,1838000.0,0.0,1.000,4194304.0,0.000,0,0,4194304,1,1,1,0,1,1
1,chain3_i32,i32,1048576,glibc_t2,P5,8,0,1,4721351.00,3075.0000,0.0000,827000.0,3896000.0,3.000,12582912.0,0.000,0,0,12582912,3,0,0,0,1,1
1,chain3_i32,i32,1048576,glibc_t2,P6,8,1,1,1976382.00,1025.0000,0.0000,257000.0,1722000.0,1.000,4194304.0,0.000,0,0,4194304,1,2,0,0,1,1
1,chain3_i32,i32,1048576,glibc_t2,P7,8,2,1,1790572.00,1025.0000,0.0000,98000.0,1694000.0,1.000,4194304.0,0.000,0,0,4194304,1,1,1,0,1,1
1,chain3_i32,i32,1048576,glibc_t2,FIXED_TWIN,8,3,1,1804101.00,1025.0000,0.0000,1690000.0,118000.0,1.000,4194304.0,0.000,0,0,4194304,1,1,1,0,1,1
1,chain3_i32,i32,1048576,glibc_t2,P6,9,0,1,1983167.00,1025.0000,0.0000,241000.0,1745000.0,1.000,4194304.0,0.000,0,0,4194304,1,2,0,0,1,1
1,chain3_i32,i32,1048576,glibc_t2,P7,9,1,1,1791566.00,1025.0000,0.0000,1699000.0,94000.0,1.000,4194304.0,0.000,0,0,4194304,1,1,1,0,1,1
1,chain3_i32,i32,1048576,glibc_t2,FIXED_TWIN,9,2,1,1816800.00,1025.0000,0.0000,1819000.0,0.0,1.000,4194304.0,0.000,0,0,4194304,1,1,1,0,1,1
1,chain3_i32,i32,1048576,glibc_t2,P5,9,3,1,4841949.00,3075.0000,0.0000,390000.0,4454000.0,3.000,12582912.0,0.000,0,0,12582912,3,0,0,0,1,1
1,chain3_i32,i32,1048576,glibc_t2,P7,10,0,1,1797107.00,1025.0000,0.0000,1644000.0,155000.0,1.000,4194304.0,0.000,0,0,4194304,1,1,1,0,1,1
1,chain3_i32,i32,1048576,glibc_t2,FIXED_TWIN,10,1,1,1803526.00,1025.0000,0.0000,85000.0,1721000.0,1.000,4194304.0,0.000,0,0,4194304,1,1,1,0,1,1
1,chain3_i32,i32,1048576,glibc_t2,P5,10,2,1,4539444.00,3075.0000,0.0000,250000.0,4246000.0,3.000,12582912.0,0.000,0,0,12582912,3,0,0,0,1,1
1,chain3_i32,i32,1048576,glibc_t2,P6,10,3,1,1992954.00,1025.0000,0.0000,1995000.0,0.0,1.000,4194304.0,0.000,0,0,4194304,1,2,0,0,1,1
1,chain3_i32,i32,1048576,glibc_t2,FIXED_TWIN,11,0,1,1802019.00,1025.0000,0.0000,833000.0,970000.0,1.000,4194304.0,0.000,0,0,4194304,1,1,1,0,1,1
1,chain3_i32,i32,1048576,glibc_t2,P5,11,1,1,4434982.00,3075.0000,0.0000,4202000.0,235000.0,3.000,12582912.0,0.000,0,0,12582912,3,0,0,0,1,1
1,chain3_i32,i32,1048576,glibc_t2,P6,11,2,1,1957668.00,1025.0000,0.0000,231000.0,1728000.0,1.000,4194304.0,0.000,0,0,4194304,1,2,0,0,1,1
1,chain3_i32,i32,1048576,glibc_t2,P7,11,3,1,1811991.00,1025.0000,0.0000,1814000.0,0.0,1.000,4194304.0,0.000,0,0,4194304,1,1,1,0,1,1
1,chain3_i32,i32,1048576,glibc_t2,P5,12,0,1,4407617.00,3075.0000,0.0000,1580000.0,2829000.0,3.000,12582912.0,0.000,0,0,12582912,3,0,0,0,1,1
1,chain3_i32,i32,1048576,glibc_t2,P6,12,1,1,1973856.00,1025.0000,0.0000,1659000.0,317000.0,1.000,4194304.0,0.000,0,0,4194304,1,2,0,0,1,1
1,chain3_i32,i32,1048576,glibc_t2,P7,12,2,1,1817326.00,1025.0000,0.0000,1712000.0,108000.0,1.000,4194304.0,0.000,0,0,4194304,1,1,1,0,1,1
1,chain3_i32,i32,1048576,glibc_t2,FIXED_TWIN,12,3,1,1799149.00,1025.0000,0.0000,80000.0,1721000.0,1.000,4194304.0,0.000,0,0,4194304,1,1,1,0,1,1
1,chain3_i32,i32,1048576,glibc_t2,P6,13,0,1,2048212.00,1025.0000,0.0000,273000.0,1778000.0,1.000,4194304.0,0.000,0,0,4194304,1,2,0,0,1,1
1,chain3_i32,i32,1048576,glibc_t2,P7,13,1,1,1794443.00,1025.0000,0.0000,93000.0,1705000.0,1.000,4194304.0,0.000,0,0,4194304,1,1,1,0,1,1
1,chain3_i32,i32,1048576,glibc_t2,FIXED_TWIN,13,2,1,1833566.00,1025.0000,0.0000,79000.0,1724000.0,1.000,4194304.0,0.000,0,0,4194304,1,1,1,0,1,1
1,chain3_i32,i32,1048576,glibc_t2,P5,13,3,1,4764067.00,3075.0000,0.0000,3357000.0,1409000.0,3.000,12582912.0,0.000,0,0,12582912,3,0,0,0,1,1
1,chain3_i32,i32,1048576,glibc_t2,P7,14,0,1,1791724.00,1025.0000,0.0000,1666000.0,128000.0,1.000,4194304.0,0.000,0,0,4194304,1,1,1,0,1,1
1,chain3_i32,i32,1048576,glibc_t2,FIXED_TWIN,14,1,1,1784028.00,1025.0000,0.0000,75000.0,1711000.0,1.000,4194304.0,0.000,0,0,4194304,1,1,1,0,1,1
1,chain3_i32,i32,1048576,glibc_t2,P5,14,2,1,4422551.00,3075.0000,0.0000,2348000.0,2076000.0,3.000,12582912.0,0.000,0,0,12582912,3,0,0,0,1,1
1,chain3_i32,i32,1048576,glibc_t2,P6,14,3,1,2002638.00,1025.0000,0.0000,2005000.0,0.0,1.000,4194304.0,0.000,0,0,4194304,1,2,0,0,1,1
1,chain3_i32,i32,4194304,glibc_t2,P5,0,0,1,25816688.00,12291.0000,0.0000,842000.0,24979000.0,3.000,50331648.0,0.000,0,0,50331648,3,0,0,0,1,1
1,chain3_i32,i32,4194304,glibc_t2,P6,0,1,1,10481297.00,4097.0000,0.0000,3301000.0,7185000.0,1.000,16777216.0,0.000,0,0,16777216,1,2,0,0,1,1
1,chain3_i32,i32,4194304,glibc_t2,P7,0,2,1,9412012.00,4097.0000,0.0000,4653000.0,4762000.0,1.000,16777216.0,0.000,0,0,16777216,1,1,1,0,1,1
1,chain3_i32,i32,4194304,glibc_t2,FIXED_TWIN,0,3,1,9374056.00,4097.0000,0.0000,9377000.0,0.0,1.000,16777216.0,0.000,0,0,16777216,1,1,1,0,1,1
1,chain3_i32,i32,4194304,glibc_t2,P6,1,0,1,10031051.00,4097.0000,0.0000,9722000.0,313000.0,1.000,16777216.0,0.000,0,0,16777216,1,2,0,0,1,1
1,chain3_i32,i32,4194304,glibc_t2,P7,1,1,1,9156357.00,4097.0000,0.0000,2688000.0,6472000.0,1.000,16777216.0,0.000,0,0,16777216,1,1,1,0,1,1
1,chain3_i32,i32,4194304,glibc_t2,FIXED_TWIN,1,2,1,9210053.00,4097.0000,0.0000,561000.0,8653000.0,1.000,16777216.0,0.000,0,0,16777216,1,1,1,0,1,1
1,chain3_i32,i32,4194304,glibc_t2,P5,1,3,1,27414428.00,12291.0000,0.0000,3733000.0,23686000.0,3.000,50331648.0,0.000,0,0,50331648,3,0,0,0,1,1
1,chain3_i32,i32,4194304,glibc_t2,P7,2,0,1,10610079.00,4097.0000,0.0000,1208000.0,9406000.0,1.000,16777216.0,0.000,0,0,16777216,1,1,1,0,1,1
1,chain3_i32,i32,4194304,glibc_t2,FIXED_TWIN,2,1,1,9780667.00,4097.0000,0.0000,6977000.0,2808000.0,1.000,16777216.0,0.000,0,0,16777216,1,1,1,0,1,1
1,chain3_i32,i32,4194304,glibc_t2,P5,2,2,1,28279477.00,12291.0000,0.0000,8131000.0,20153000.0,3.000,50331648.0,0.000,0,0,50331648,3,0,0,0,1,1
1,chain3_i32,i32,4194304,glibc_t2,P6,2,3,1,11063068.00,4097.0000,0.0000,3569000.0,7498000.0,1.000,16777216.0,0.000,0,0,16777216,1,2,0,0,1,1
1,chain3_i32,i32,4194304,glibc_t2,FIXED_TWIN,3,0,1,9681334.00,4097.0000,0.0000,6931000.0,2755000.0,1.000,16777216.0,0.000,0,0,16777216,1,1,1,0,1,1
1,chain3_i32,i32,4194304,glibc_t2,P5,3,1,1,28403512.00,12291.0000,0.0000,12188000.0,16220000.0,3.000,50331648.0,0.000,0,0,50331648,3,0,0,0,1,1
1,chain3_i32,i32,4194304,glibc_t2,P6,3,2,1,11016414.00,4097.0000,0.0000,3548000.0,7473000.0,1.000,16777216.0,0.000,0,0,16777216,1,2,0,0,1,1
1,chain3_i32,i32,4194304,glibc_t2,P7,3,3,1,9531561.00,4097.0000,0.0000,709000.0,8826000.0,1.000,16777216.0,0.000,0,0,16777216,1,1,1,0,1,1
1,chain3_i32,i32,4194304,glibc_t2,P5,4,0,1,27555189.00,12291.0000,0.0000,11797000.0,15763000.0,3.000,50331648.0,0.000,0,0,50331648,3,0,0,0,1,1
1,chain3_i32,i32,4194304,glibc_t2,P6,4,1,1,10964463.00,4097.0000,0.0000,3524000.0,7445000.0,1.000,16777216.0,0.000,0,0,16777216,1,2,0,0,1,1
1,chain3_i32,i32,4194304,glibc_t2,P7,4,2,1,9733578.00,4097.0000,0.0000,9738000.0,0.0,1.000,16777216.0,0.000,0,0,16777216,1,1,1,0,1,1
1,chain3_i32,i32,4194304,glibc_t2,FIXED_TWIN,4,3,1,10015189.00,4097.0000,0.0000,4933000.0,5088000.0,1.000,16777216.0,0.000,0,0,16777216,1,1,1,0,1,1
1,chain3_i32,i32,4194304,glibc_t2,P6,5,0,1,10341824.00,4097.0000,0.0000,5084000.0,5263000.0,1.000,16777216.0,0.000,0,0,16777216,1,2,0,0,1,1
1,chain3_i32,i32,4194304,glibc_t2,P7,5,1,1,9758308.00,4097.0000,0.0000,6967000.0,2796000.0,1.000,16777216.0,0.000,0,0,16777216,1,1,1,0,1,1
1,chain3_i32,i32,4194304,glibc_t2,FIXED_TWIN,5,2,1,9727009.00,4097.0000,0.0000,800000.0,8931000.0,1.000,16777216.0,0.000,0,0,16777216,1,1,1,0,1,1
1,chain3_i32,i32,4194304,glibc_t2,P5,5,3,1,27748285.00,12291.0000,0.0000,7887000.0,19866000.0,3.000,50331648.0,0.000,0,0,50331648,3,0,0,0,1,1
1,chain3_i32,i32,4194304,glibc_t2,P7,6,0,1,11184720.00,4097.0000,0.0000,4032000.0,7157000.0,1.000,16777216.0,0.000,0,0,16777216,1,1,1,0,1,1
1,chain3_i32,i32,4194304,glibc_t2,FIXED_TWIN,6,1,1,10460474.00,4097.0000,0.0000,3291000.0,7174000.0,1.000,16777216.0,0.000,0,0,16777216,1,1,1,0,1,1
1,chain3_i32,i32,4194304,glibc_t2,P5,6,2,1,28889347.00,12291.0000,0.0000,0.0,28895000.0,3.000,50331648.0,0.000,0,0,50331648,3,0,0,0,1,1
1,chain3_i32,i32,4194304,glibc_t2,P6,6,3,1,12296089.00,4097.0000,0.0000,8139000.0,4163000.0,1.000,16777216.0,0.000,0,0,16777216,1,2,0,0,1,1
1,chain3_i32,i32,4194304,glibc_t2,FIXED_TWIN,7,0,1,10391129.00,4097.0000,0.0000,5106000.0,5289000.0,1.000,16777216.0,0.000,0,0,16777216,1,1,1,0,1,1
1,chain3_i32,i32,4194304,glibc_t2,P5,7,1,1,28572349.00,12291.0000,0.0000,4267000.0,24309000.0,3.000,50331648.0,0.000,0,0,50331648,3,0,0,0,1,1
1,chain3_i32,i32,4194304,glibc_t2,P6,7,2,1,11888210.00,4097.0000,0.0000,3951000.0,7942000.0,1.000,16777216.0,0.000,0,0,16777216,1,2,0,0,1,1
1,chain3_i32,i32,4194304,glibc_t2,P7,7,3,1,10306832.00,4097.0000,0.0000,7182000.0,3091000.0,1.000,16777216.0,0.000,0,0,16777216,1,1,1,0,1,1
1,chain3_i32,i32,4194304,glibc_t2,P5,8,0,1,28577554.00,12291.0000,0.0000,12269000.0,16313000.0,3.000,50331648.0,0.000,0,0,50331648,3,0,0,0,1,1
1,chain3_i32,i32,4194304,glibc_t2,P6,8,1,1,11990689.00,4097.0000,0.0000,3998000.0,7997000.0,1.000,16777216.0,0.000,0,0,16777216,1,2,0,0,1,1
1,chain3_i32,i32,4194304,glibc_t2,P7,8,2,1,10533923.00,4097.0000,0.0000,7325000.0,3213000.0,1.000,16777216.0,0.000,0,0,16777216,1,1,1,0,1,1
1,chain3_i32,i32,4194304,glibc_t2,FIXED_TWIN,8,3,1,10286204.00,4097.0000,0.0000,1058000.0,9233000.0,1.000,16777216.0,0.000,0,0,16777216,1,1,1,0,1,1
1,chain3_i32,i32,4194304,glibc_t2,P6,9,0,1,11292467.00,4097.0000,0.0000,3675000.0,7621000.0,1.000,16777216.0,0.000,0,0,16777216,1,2,0,0,1,1
1,chain3_i32,i32,4194304,glibc_t2,P7,9,1,1,10220133.00,4097.0000,0.0000,7180000.0,3044000.0,1.000,16777216.0,0.000,0,0,16777216,1,1,1,0,1,1
1,chain3_i32,i32,4194304,glibc_t2,FIXED_TWIN,9,2,1,10348358.00,4097.0000,0.0000,7239000.0,3113000.0,1.000,16777216.0,0.000,0,0,16777216,1,1,1,0,1,1
1,chain3_i32,i32,4194304,glibc_t2,P5,9,3,1,28206258.00,12291.0000,0.0000,8098000.0,20112000.0,3.000,50331648.0,0.000,0,0,50331648,3,0,0,0,1,1
1,chain3_i32,i32,4194304,glibc_t2,P7,10,0,1,11154965.00,4097.0000,0.0000,7612000.0,3548000.0,1.000,16777216.0,0.000,0,0,16777216,1,1,1,0,1,1
1,chain3_i32,i32,4194304,glibc_t2,FIXED_TWIN,10,1,1,10452029.00,4097.0000,0.0000,3229000.0,7168000.0,1.000,16777216.0,0.000,0,0,16777216,1,1,1,0,1,1
1,chain3_i32,i32,4194304,glibc_t2,P5,10,2,1,27935429.00,12291.0000,0.0000,7972000.0,19967000.0,3.000,50331648.0,0.000,0,0,50331648,3,0,0,0,1,1
1,chain3_i32,i32,4194304,glibc_t2,P6,10,3,1,11076481.00,4097.0000,0.0000,3576000.0,7505000.0,1.000,16777216.0,0.000,0,0,16777216,1,2,0,0,1,1
1,chain3_i32,i32,4194304,glibc_t2,FIXED_TWIN,11,0,1,9936933.00,4097.0000,0.0000,8895000.0,1045000.0,1.000,16777216.0,0.000,0,0,16777216,1,1,1,0,1,1
1,chain3_i32,i32,4194304,glibc_t2,P5,11,1,1,28200784.00,12291.0000,0.0000,12095000.0,16110000.0,3.000,50331648.0,0.000,0,0,50331648,3,0,0,0,1,1
1,chain3_i32,i32,4194304,glibc_t2,P6,11,2,1,11100259.00,4097.0000,0.0000,11104000.0,0.0,1.000,16777216.0,0.000,0,0,16777216,1,2,0,0,1,1
1,chain3_i32,i32,4194304,glibc_t2,P7,11,3,1,10341108.00,4097.0000,0.0000,5082000.0,5262000.0,1.000,16777216.0,0.000,0,0,16777216,1,1,1,0,1,1
1,chain3_i32,i32,4194304,glibc_t2,P5,12,0,1,29028290.00,12291.0000,0.0000,16477000.0,12496000.0,3.000,50331648.0,0.000,0,0,50331648,3,0,0,0,1,1
1,chain3_i32,i32,4194304,glibc_t2,P6,12,1,1,12153320.00,4097.0000,0.0000,8073000.0,4085000.0,1.000,16777216.0,0.000,0,0,16777216,1,2,0,0,1,1
1,chain3_i32,i32,4194304,glibc_t2,P7,12,2,1,10917495.00,4097.0000,0.0000,7502000.0,3420000.0,1.000,16777216.0,0.000,0,0,16777216,1,1,1,0,1,1
1,chain3_i32,i32,4194304,glibc_t2,FIXED_TWIN,12,3,1,10760390.00,4097.0000,0.0000,3430000.0,7335000.0,1.000,16777216.0,0.000,0,0,16777216,1,1,1,0,1,1
1,chain3_i32,i32,4194304,glibc_t2,P6,13,0,1,11532294.00,4097.0000,0.0000,3786000.0,7751000.0,1.000,16777216.0,0.000,0,0,16777216,1,2,0,0,1,1
1,chain3_i32,i32,4194304,glibc_t2,P7,13,1,1,10654801.00,4097.0000,0.0000,5228000.0,5431000.0,1.000,16777216.0,0.000,0,0,16777216,1,1,1,0,1,1
1,chain3_i32,i32,4194304,glibc_t2,FIXED_TWIN,13,2,1,10569552.00,4097.0000,0.0000,5188000.0,5385000.0,1.000,16777216.0,0.000,0,0,16777216,1,1,1,0,1,1
1,chain3_i32,i32,4194304,glibc_t2,P5,13,3,1,28596043.00,12291.0000,0.0000,279000.0,28322000.0,3.000,50331648.0,0.000,0,0,50331648,3,0,0,0,1,1
1,chain3_i32,i32,4194304,glibc_t2,P7,14,0,1,11387841.00,4097.0000,0.0000,7719000.0,3673000.0,1.000,16777216.0,0.000,0,0,16777216,1,1,1,0,1,1
1,chain3_i32,i32,4194304,glibc_t2,FIXED_TWIN,14,1,1,10515197.00,4097.0000,0.0000,3317000.0,7203000.0,1.000,16777216.0,0.000,0,0,16777216,1,1,1,0,1,1
1,chain3_i32,i32,4194304,glibc_t2,P5,14,2,1,27820345.00,12291.0000,0.0000,3920000.0,23866000.0,3.000,50331648.0,0.000,0,0,50331648,3,0,0,0,1,1
1,chain3_i32,i32,4194304,glibc_t2,P6,14,3,1,11701997.00,4097.0000,0.0000,3864000.0,7842000.0,1.000,16777216.0,0.000,0,0,16777216,1,2,0,0,1,1
1,chain3_i32,i32,16777216,glibc_t2,P5,0,0,1,112027632.00,49155.0000,0.0000,40017000.0,71878000.0,3.000,201326592.0,0.000,0,0,201326592,3,0,0,0,1,1
1,chain3_i32,i32,16777216,glibc_t2,P6,0,1,1,56961029.00,16385.0000,0.0000,32445000.0,24490000.0,1.000,67108864.0,0.000,0,0,67108864,1,2,0,0,1,1
1,chain3_i32,i32,16777216,glibc_t2,P7,0,2,1,51023261.00,16385.0000,0.0000,19521000.0,31476000.0,1.000,67108864.0,0.000,0,0,67108864,1,1,1,0,1,1
1,chain3_i32,i32,16777216,glibc_t2,FIXED_TWIN,0,3,1,51651571.00,16385.0000,0.0000,23749000.0,27816000.0,1.000,67108864.0,0.000,0,0,67108864,1,1,1,0,1,1
1,chain3_i32,i32,16777216,glibc_t2,P6,1,0,1,56257328.00,16385.0000,0.0000,24122000.0,32141000.0,1.000,67108864.0,0.000,0,0,67108864,1,2,0,0,1,1
1,chain3_i32,i32,16777216,glibc_t2,P7,1,1,1,51040997.00,16385.0000,0.0000,25405000.0,25642000.0,1.000,67108864.0,0.000,0,0,67108864,1,1,1,0,1,1
1,chain3_i32,i32,16777216,glibc_t2,FIXED_TWIN,1,2,1,51139057.00,16385.0000,0.0000,39551000.0,11540000.0,1.000,67108864.0,0.000,0,0,67108864,1,1,1,0,1,1
1,chain3_i32,i32,16777216,glibc_t2,P5,1,3,1,113835756.00,49155.0000,0.0000,30927000.0,82784000.0,3.000,201326592.0,0.000,0,0,201326592,3,0,0,0,1,1
1,chain3_i32,i32,16777216,glibc_t2,P7,2,0,1,52253685.00,16385.0000,0.0000,36082000.0,16140000.0,1.000,67108864.0,0.000,0,0,67108864,1,1,1,0,1,1
1,chain3_i32,i32,16777216,glibc_t2,FIXED_TWIN,2,1,1,54941094.00,16385.0000,0.0000,23514000.0,31433000.0,1.000,67108864.0,0.000,0,0,67108864,1,1,1,0,1,1
1,chain3_i32,i32,16777216,glibc_t2,P5,2,2,1,113229145.00,49155.0000,0.0000,14678000.0,98467000.0,3.000,201326592.0,0.000,0,0,201326592,3,0,0,0,1,1
1,chain3_i32,i32,16777216,glibc_t2,P6,2,3,1,58381999.00,16385.0000,0.0000,35256000.0,23132000.0,1.000,67108864.0,0.000,0,0,67108864,1,2,0,0,1,1
1,chain3_i32,i32,16777216,glibc_t2,FIXED_TWIN,3,0,1,51258691.00,16385.0000,0.0000,23661000.0,27604000.0,1.000,67108864.0,0.000,0,0,67108864,1,1,1,0,1,1
1,chain3_i32,i32,16777216,glibc_t2,P5,3,1,1,114618923.00,49155.0000,0.0000,35368000.0,79224000.0,3.000,201326592.0,0.000,0,0,201326592,3,0,0,0,1,1
1,chain3_i32,i32,16777216,glibc_t2,P6,3,2,1,57641796.00,16385.0000,0.0000,32759000.0,24850000.0,1.000,67108864.0,0.000,0,0,67108864,1,2,0,0,1,1
1,chain3_i32,i32,16777216,glibc_t2,P7,3,3,1,52952217.00,16385.0000,0.0000,20442000.0,32516000.0,1.000,67108864.0,0.000,0,0,67108864,1,1,1,0,1,1
1,chain3_i32,i32,16777216,glibc_t2,P5,4,0,1,115423170.00,49155.0000,0.0000,35648000.0,79652000.0,3.000,201326592.0,0.000,0,0,201326592,3,0,0,0,1,1
1,chain3_i32,i32,16777216,glibc_t2,P6,4,1,1,60436131.00,16385.0000,0.0000,30350000.0,30071000.0,1.000,67108864.0,0.000,0,0,67108864,1,2,0,0,1,1
1,chain3_i32,i32,16777216,glibc_t2,P7,4,2,1,53890507.00,16385.0000,0.0000,20875000.0,32954000.0,1.000,67108864.0,0.000,0,0,67108864,1,1,1,0,1,1
1,chain3_i32,i32,16777216,glibc_t2,FIXED_TWIN,4,3,1,53699602.00,16385.0000,0.0000,32786000.0,20849000.0,1.000,67108864.0,0.000,0,0,67108864,1,1,1,0,1,1
1,chain3_i32,i32,16777216,glibc_t2,P6,5,0,1,58671103.00,16385.0000,0.0000,29235000.0,29364000.0,1.000,67108864.0,0.000,0,0,67108864,1,2,0,0,1,1
1,chain3_i32,i32,16777216,glibc_t2,P7,5,1,1,52128849.00,16385.0000,0.0000,24063000.0,28035000.0,1.000,67108864.0,0.000,0,0,67108864,1,1,1,0,1,1
1,chain3_i32,i32,16777216,glibc_t2,FIXED_TWIN,5,2,1,51545797.00,16385.0000,0.0000,23794000.0,27758000.0,1.000,67108864.0,0.000,0,0,67108864,1,1,1,0,1,1
1,chain3_i32,i32,16777216,glibc_t2,P5,5,3,1,112194415.00,49155.0000,0.0000,28060000.0,84062000.0,3.000,201326592.0,0.000,0,0,201326592,3,0,0,0,1,1
1,chain3_i32,i32,16777216,glibc_t2,P7,6,0,1,52011931.00,16385.0000,0.0000,32008000.0,20011000.0,1.000,67108864.0,0.000,0,0,67108864,1,1,1,0,1,1
1,chain3_i32,i32,16777216,glibc_t2,FIXED_TWIN,6,1,1,52472761.00,16385.0000,0.0000,26340000.0,26102000.0,1.000,67108864.0,0.000,0,0,67108864,1,1,1,0,1,1
1,chain3_i32,i32,16777216,glibc_t2,P5,6,2,1,114935206.00,49155.0000,0.0000,29357000.0,85550000.0,3.000,201326592.0,0.000,0,0,201326592,3,0,0,0,1,1
1,chain3_i32,i32,16777216,glibc_t2,P6,6,3,1,59843858.00,16385.0000,0.0000,35853000.0,23920000.0,1.000,67108864.0,0.000,0,0,67108864,1,2,0,0,1,1
1,chain3_i32,i32,16777216,glibc_t2,FIXED_TWIN,7,0,1,52731543.00,16385.0000,0.0000,12342000.0,40361000.0,1.000,67108864.0,0.000,0,0,67108864,1,1,1,0,1,1
1,chain3_i32,i32,16777216,glibc_t2,P5,7,1,1,113943044.00,49155.0000,0.0000,27052000.0,86785000.0,3.000,201326592.0,0.000,0,0,201326592,3,0,0,0,1,1
1,chain3_i32,i32,16777216,glibc_t2,P6,7,2,1,58818215.00,16385.0000,0.0000,35457000.0,23367000.0,1.000,67108864.0,0.000,0,0,67108864,1,2,0,0,1,1
1,chain3_i32,i32,16777216,glibc_t2,P7,7,3,1,51460374.00,16385.0000,0.0000,31657000.0,19713000.0,1.000,67108864.0,0.000,0,0,67108864,1,1,1,0,1,1
1,chain3_i32,i32,16777216,glibc_t2,P5,8,0,1,114146657.00,49155.0000,0.0000,31150000.0,82845000.0,3.000,201326592.0,0.000,0,0,201326592,3,0,0,0,1,1
1,chain3_i32,i32,16777216,glibc_t2,P6,8,1,1,58381763.00,16385.0000,0.0000,35219000.0,23131000.0,1.000,67108864.0,0.000,0,0,67108864,1,2,0,0,1,1
1,chain3_i32,i32,16777216,glibc_t2,P7,8,2,1,51381362.00,16385.0000,0.0000,31717000.0,19671000.0,1.000,67108864.0,0.000,0,0,67108864,1,1,1,0,1,1
1,chain3_i32,i32,16777216,glibc_t2,FIXED_TWIN,8,3,1,51648620.00,16385.0000,0.0000,31804000.0,19815000.0,1.000,67108864.0,0.000,0,0,67108864,1,1,1,0,1,1
1,chain3_i32,i32,16777216,glibc_t2,P6,9,0,1,67592848.00,16385.0000,0.0000,47784000.0,19786000.0,1.000,67108864.0,0.000,0,0,67108864,1,2,0,0,1,1
1,chain3_i32,i32,16777216,glibc_t2,P7,9,1,1,57039398.00,16385.0000,0.0000,26637000.0,30390000.0,1.000,67108864.0,0.000,0,0,67108864,1,1,1,0,1,1
1,chain3_i32,i32,16777216,glibc_t2,FIXED_TWIN,9,2,1,52632485.00,16385.0000,0.0000,32294000.0,20345000.0,1.000,67108864.0,0.000,0,0,67108864,1,1,1,0,1,1
1,chain3_i32,i32,16777216,glibc_t2,P5,9,3,1,115164734.00,49155.0000,0.0000,43618000.0,71552000.0,3.000,201326592.0,0.000,0,0,201326592,3,0,0,0,1,1
1,chain3_i32,i32,16777216,glibc_t2,P7,10,0,1,53185117.00,16385.0000,0.0000,32529000.0,20642000.0,1.000,67108864.0,0.000,0,0,67108864,1,1,1,0,1,1
1,chain3_i32,i32,16777216,glibc_t2,FIXED_TWIN,10,1,1,56209284.00,16385.0000,0.0000,28100000.0,28117000.0,1.000,67108864.0,0.000,0,0,67108864,1,1,1,0,1,1
1,chain3_i32,i32,16777216,glibc_t2,P5,10,2,1,114065997.00,49155.0000,0.0000,28951000.0,85108000.0,3.000,201326592.0,0.000,0,0,201326592,3,0,0,0,1,1
1,chain3_i32,i32,16777216,glibc_t2,P6,10,3,1,58945410.00,16385.0000,0.0000,31517000.0,27436000.0,1.000,67108864.0,0.000,0,0,67108864,1,2,0,0,1,1
1,chain3_i32,i32,16777216,glibc_t2,FIXED_TWIN,11,0,1,53624508.00,16385.0000,0.0000,32715000.0,20881000.0,1.000,67108864.0,0.000,0,0,67108864,1,1,1,0,1,1
1,chain3_i32,i32,16777216,glibc_t2,P5,11,1,1,116637118.00,49155.0000,0.0000,40198000.0,76346000.0,3.000,201326592.0,0.000,0,0,201326592,3,0,0,0,1,1
1,chain3_i32,i32,16777216,glibc_t2,P6,11,2,1,64245171.00,16385.0000,0.0000,36102000.0,28136000.0,1.000,67108864.0,0.000,0,0,67108864,1,2,0,0,1,1
1,chain3_i32,i32,16777216,glibc_t2,P7,11,3,1,56862375.00,16385.0000,0.0000,24401000.0,32408000.0,1.000,67108864.0,0.000,0,0,67108864,1,1,1,0,1,1
1,chain3_i32,i32,16777216,glibc_t2,P5,12,0,1,116605438.00,49155.0000,0.0000,36278000.0,80281000.0,3.000,201326592.0,0.000,0,0,201326592,3,0,0,0,1,1
1,chain3_i32,i32,16777216,glibc_t2,P6,12,1,1,59744291.00,16385.0000,0.0000,31884000.0,27866000.0,1.000,67108864.0,0.000,0,0,67108864,1,2,0,0,1,1
1,chain3_i32,i32,16777216,glibc_t2,P7,12,2,1,53437597.00,16385.0000,0.0000,34821000.0,18624000.0,1.000,67108864.0,0.000,0,0,67108864,1,1,1,0,1,1
1,chain3_i32,i32,16777216,glibc_t2,FIXED_TWIN,12,3,1,52418299.00,16385.0000,0.0000,14353000.0,38072000.0,1.000,67108864.0,0.000,0,0,67108864,1,1,1,0,1,1
1,chain3_i32,i32,16777216,glibc_t2,P6,13,0,1,58649507.00,16385.0000,0.0000,25214000.0,33431000.0,1.000,67108864.0,0.000,0,0,67108864,1,2,0,0,1,1
1,chain3_i32,i32,16777216,glibc_t2,P7,13,1,1,52724669.00,16385.0000,0.0000,16329000.0,36394000.0,1.000,67108864.0,0.000,0,0,67108864,1,1,1,0,1,1
1,chain3_i32,i32,16777216,glibc_t2,FIXED_TWIN,13,2,1,52662969.00,16385.0000,0.0000,16310000.0,36360000.0,1.000,67108864.0,0.000,0,0,67108864,1,1,1,0,1,1
1,chain3_i32,i32,16777216,glibc_t2,P5,13,3,1,114157089.00,49155.0000,0.0000,43142000.0,70995000.0,3.000,201326592.0,0.000,0,0,201326592,3,0,0,0,1,1
1,chain3_i32,i32,16777216,glibc_t2,P7,14,0,1,52094312.00,16385.0000,0.0000,32046000.0,20055000.0,1.000,67108864.0,0.000,0,0,67108864,1,1,1,0,1,1
1,chain3_i32,i32,16777216,glibc_t2,FIXED_TWIN,14,1,1,51929235.00,16385.0000,0.0000,21814000.0,30121000.0,1.000,67108864.0,0.000,0,0,67108864,1,1,1,0,1,1
1,chain3_i32,i32,16777216,glibc_t2,P5,14,2,1,114233375.00,49155.0000,0.0000,29033000.0,85205000.0,3.000,201326592.0,0.000,0,0,201326592,3,0,0,0,1,1
1,chain3_i32,i32,16777216,glibc_t2,P6,14,3,1,57525830.00,16385.0000,0.0000,34862000.0,22670000.0,1.000,67108864.0,0.000,0,0,67108864,1,2,0,0,1,1
