replicate,program,dtype,n,regime,plan,rep,order_pos,k,ns_per_call,minflt_per_call,majflt_per_call,utime_ns_per_call,stime_ns_per_call,result_allocs_per_call,result_alloc_bytes_per_call,arena_allocs_per_call,arena_fallbacks,table_overflows,peak_live_bytes_interval,fresh,in_place,fused,copies,moves,correct
1,single,f32,64,glibc_t2,P5,0,0,1000,1385.43,0.0020,0.0000,1059.0,356.0,1.000,256.0,0.000,0,0,256000,1,0,0,0,1,1
1,single,f32,64,glibc_t2,FIXED_TWIN,0,1,1000,1325.74,0.0000,0.0000,1328.0,0.0,1.000,256.0,0.000,0,0,256000,1,0,0,0,1,1
1,single,f32,64,glibc_t2,FIXED_TWIN,1,0,1000,1369.71,0.0000,0.0000,1372.0,0.0,1.000,256.0,0.000,0,0,256000,1,0,0,0,1,1
1,single,f32,64,glibc_t2,P5,1,1,1000,1378.06,0.0000,0.0000,1380.0,0.0,1.000,256.0,0.000,0,0,256000,1,0,0,0,1,1
1,single,f32,64,glibc_t2,P5,2,0,1000,1336.58,0.0000,0.0000,1339.0,0.0,1.000,256.0,0.000,0,0,256000,1,0,0,0,1,1
1,single,f32,64,glibc_t2,FIXED_TWIN,2,1,1000,1305.22,0.0000,0.0000,1307.0,0.0,1.000,256.0,0.000,0,0,256000,1,0,0,0,1,1
1,single,f32,64,glibc_t2,FIXED_TWIN,3,0,1000,1333.41,0.0000,0.0000,1335.0,0.0,1.000,256.0,0.000,0,0,256000,1,0,0,0,1,1
1,single,f32,64,glibc_t2,P5,3,1,1000,1309.94,0.0000,0.0000,1311.0,0.0,1.000,256.0,0.000,0,0,256000,1,0,0,0,1,1
1,single,f32,64,glibc_t2,P5,4,0,1000,1294.53,0.0000,0.0000,1296.0,0.0,1.000,256.0,0.000,0,0,256000,1,0,0,0,1,1
1,single,f32,64,glibc_t2,FIXED_TWIN,4,1,1000,1318.74,0.0000,0.0000,1320.0,0.0,1.000,256.0,0.000,0,0,256000,1,0,0,0,1,1
1,single,f32,64,glibc_t2,FIXED_TWIN,5,0,1000,1699.03,0.0000,0.0000,1704.0,0.0,1.000,256.0,0.000,0,0,256000,1,0,0,0,1,1
1,single,f32,64,glibc_t2,P5,5,1,1000,1488.54,0.0000,0.0000,1492.0,0.0,1.000,256.0,0.000,0,0,256000,1,0,0,0,1,1
1,single,f32,64,glibc_t2,P5,6,0,1000,1437.86,0.0000,0.0000,1442.0,0.0,1.000,256.0,0.000,0,0,256000,1,0,0,0,1,1
1,single,f32,64,glibc_t2,FIXED_TWIN,6,1,1000,1407.64,0.0000,0.0000,1409.0,0.0,1.000,256.0,0.000,0,0,256000,1,0,0,0,1,1
1,single,f32,64,glibc_t2,FIXED_TWIN,7,0,1000,1395.94,0.0000,0.0000,1397.0,0.0,1.000,256.0,0.000,0,0,256000,1,0,0,0,1,1
1,single,f32,64,glibc_t2,P5,7,1,1000,1363.00,0.0000,0.0000,1365.0,0.0,1.000,256.0,0.000,0,0,256000,1,0,0,0,1,1
1,single,f32,64,glibc_t2,P5,8,0,1000,1334.79,0.0000,0.0000,1336.0,0.0,1.000,256.0,0.000,0,0,256000,1,0,0,0,1,1
1,single,f32,64,glibc_t2,FIXED_TWIN,8,1,1000,1339.87,0.0000,0.0000,1340.0,0.0,1.000,256.0,0.000,0,0,256000,1,0,0,0,1,1
1,single,f32,64,glibc_t2,FIXED_TWIN,9,0,1000,1336.15,0.0000,0.0000,1337.0,0.0,1.000,256.0,0.000,0,0,256000,1,0,0,0,1,1
1,single,f32,64,glibc_t2,P5,9,1,1000,1347.05,0.0000,0.0000,1349.0,0.0,1.000,256.0,0.000,0,0,256000,1,0,0,0,1,1
1,single,f32,64,glibc_t2,P5,10,0,1000,1369.10,0.0000,0.0000,1371.0,0.0,1.000,256.0,0.000,0,0,256000,1,0,0,0,1,1
1,single,f32,64,glibc_t2,FIXED_TWIN,10,1,1000,1429.00,0.0000,0.0000,1431.0,0.0,1.000,256.0,0.000,0,0,256000,1,0,0,0,1,1
1,single,f32,64,glibc_t2,FIXED_TWIN,11,0,1000,1320.93,0.0000,0.0000,1322.0,0.0,1.000,256.0,0.000,0,0,256000,1,0,0,0,1,1
1,single,f32,64,glibc_t2,P5,11,1,1000,1346.63,0.0000,0.0000,1351.0,0.0,1.000,256.0,0.000,0,0,256000,1,0,0,0,1,1
1,single,f32,64,glibc_t2,P5,12,0,1000,1317.29,0.0000,0.0000,1318.0,0.0,1.000,256.0,0.000,0,0,256000,1,0,0,0,1,1
1,single,f32,64,glibc_t2,FIXED_TWIN,12,1,1000,1332.12,0.0000,0.0000,1335.0,0.0,1.000,256.0,0.000,0,0,256000,1,0,0,0,1,1
1,single,f32,64,glibc_t2,FIXED_TWIN,13,0,1000,1332.07,0.0000,0.0000,1336.0,0.0,1.000,256.0,0.000,0,0,256000,1,0,0,0,1,1
1,single,f32,64,glibc_t2,P5,13,1,1000,1410.43,0.0000,0.0000,1414.0,0.0,1.000,256.0,0.000,0,0,256000,1,0,0,0,1,1
1,single,f32,64,glibc_t2,P5,14,0,1000,1342.87,0.0000,0.0000,1344.0,0.0,1.000,256.0,0.000,0,0,256000,1,0,0,0,1,1
1,single,f32,64,glibc_t2,FIXED_TWIN,14,1,1000,1340.88,0.0000,0.0000,1341.0,0.0,1.000,256.0,0.000,0,0,256000,1,0,0,0,1,1
1,single,f32,1024,glibc_t2,P5,0,0,1000,1560.60,0.0000,0.0000,1565.0,0.0,1.000,4096.0,0.000,0,0,4096000,1,0,0,0,1,1
1,single,f32,1024,glibc_t2,FIXED_TWIN,0,1,1000,1512.92,0.0000,0.0000,1516.0,0.0,1.000,4096.0,0.000,0,0,4096000,1,0,0,0,1,1
1,single,f32,1024,glibc_t2,FIXED_TWIN,1,0,1000,1582.83,0.0000,0.0000,1587.0,0.0,1.000,4096.0,0.000,0,0,4096000,1,0,0,0,1,1
1,single,f32,1024,glibc_t2,P5,1,1,1000,1494.23,0.0000,0.0000,1498.0,0.0,1.000,4096.0,0.000,0,0,4096000,1,0,0,0,1,1
1,single,f32,1024,glibc_t2,P5,2,0,1000,1494.36,0.0000,0.0000,1497.0,0.0,1.000,4096.0,0.000,0,0,4096000,1,0,0,0,1,1
1,single,f32,1024,glibc_t2,FIXED_TWIN,2,1,1000,1526.81,0.0000,0.0000,1530.0,0.0,1.000,4096.0,0.000,0,0,4096000,1,0,0,0,1,1
1,single,f32,1024,glibc_t2,FIXED_TWIN,3,0,1000,1682.80,0.0000,0.0000,1686.0,0.0,1.000,4096.0,0.000,0,0,4096000,1,0,0,0,1,1
1,single,f32,1024,glibc_t2,P5,3,1,1000,1591.36,0.0000,0.0000,1596.0,0.0,1.000,4096.0,0.000,0,0,4096000,1,0,0,0,1,1
1,single,f32,1024,glibc_t2,P5,4,0,1000,1604.82,0.0000,0.0000,1609.0,0.0,1.000,4096.0,0.000,0,0,4096000,1,0,0,0,1,1
1,single,f32,1024,glibc_t2,FIXED_TWIN,4,1,1000,1608.79,0.0000,0.0000,1612.0,0.0,1.000,4096.0,0.000,0,0,4096000,1,0,0,0,1,1
1,single,f32,1024,glibc_t2,FIXED_TWIN,5,0,1000,1474.84,0.0000,0.0000,1478.0,0.0,1.000,4096.0,0.000,0,0,4096000,1,0,0,0,1,1
1,single,f32,1024,glibc_t2,P5,5,1,1000,1610.80,0.0000,0.0000,1615.0,0.0,1.000,4096.0,0.000,0,0,4096000,1,0,0,0,1,1
1,single,f32,1024,glibc_t2,P5,6,0,1000,1586.77,0.0000,0.0000,1591.0,0.0,1.000,4096.0,0.000,0,0,4096000,1,0,0,0,1,1
1,single,f32,1024,glibc_t2,FIXED_TWIN,6,1,1000,1669.45,0.0000,0.0000,1674.0,0.0,1.000,4096.0,0.000,0,0,4096000,1,0,0,0,1,1
1,single,f32,1024,glibc_t2,FIXED_TWIN,7,0,1000,1486.91,0.0000,0.0000,1490.0,0.0,1.000,4096.0,0.000,0,0,4096000,1,0,0,0,1,1
1,single,f32,1024,glibc_t2,P5,7,1,1000,1885.33,0.0000,0.0000,1890.0,0.0,1.000,4096.0,0.000,0,0,4096000,1,0,0,0,1,1
1,single,f32,1024,glibc_t2,P5,8,0,1000,1937.49,0.0000,0.0000,1941.0,0.0,1.000,4096.0,0.000,0,0,4096000,1,0,0,0,1,1
1,single,f32,1024,glibc_t2,FIXED_TWIN,8,1,1000,1966.24,0.0000,0.0000,1970.0,0.0,1.000,4096.0,0.000,0,0,4096000,1,0,0,0,1,1
1,single,f32,1024,glibc_t2,FIXED_TWIN,9,0,1000,1905.33,0.0000,0.0000,1909.0,0.0,1.000,4096.0,0.000,0,0,4096000,1,0,0,0,1,1
1,single,f32,1024,glibc_t2,P5,9,1,1000,1945.84,0.0000,0.0000,1950.0,0.0,1.000,4096.0,0.000,0,0,4096000,1,0,0,0,1,1
1,single,f32,1024,glibc_t2,P5,10,0,1000,1918.54,0.0000,0.0000,1923.0,0.0,1.000,4096.0,0.000,0,0,4096000,1,0,0,0,1,1
1,single,f32,1024,glibc_t2,FIXED_TWIN,10,1,1000,1908.11,0.0000,0.0000,1912.0,0.0,1.000,4096.0,0.000,0,0,4096000,1,0,0,0,1,1
1,single,f32,1024,glibc_t2,FIXED_TWIN,11,0,1000,1949.09,0.0000,0.0000,1953.0,0.0,1.000,4096.0,0.000,0,0,4096000,1,0,0,0,1,1
1,single,f32,1024,glibc_t2,P5,11,1,1000,1817.38,0.0000,0.0000,1822.0,0.0,1.000,4096.0,0.000,0,0,4096000,1,0,0,0,1,1
1,single,f32,1024,glibc_t2,P5,12,0,1000,1518.72,0.0000,0.0000,1521.0,0.0,1.000,4096.0,0.000,0,0,4096000,1,0,0,0,1,1
1,single,f32,1024,glibc_t2,FIXED_TWIN,12,1,1000,1511.93,0.0000,0.0000,1514.0,0.0,1.000,4096.0,0.000,0,0,4096000,1,0,0,0,1,1
1,single,f32,1024,glibc_t2,FIXED_TWIN,13,0,1000,1456.36,0.0000,0.0000,1458.0,0.0,1.000,4096.0,0.000,0,0,4096000,1,0,0,0,1,1
1,single,f32,1024,glibc_t2,P5,13,1,1000,1541.60,0.0000,0.0000,1545.0,0.0,1.000,4096.0,0.000,0,0,4096000,1,0,0,0,1,1
1,single,f32,1024,glibc_t2,P5,14,0,1000,1583.42,0.0000,0.0000,1587.0,0.0,1.000,4096.0,0.000,0,0,4096000,1,0,0,0,1,1
1,single,f32,1024,glibc_t2,FIXED_TWIN,14,1,1000,1555.84,0.0000,0.0000,1558.0,0.0,1.000,4096.0,0.000,0,0,4096000,1,0,0,0,1,1
1,single,f32,4096,glibc_t2,P5,0,0,1,879.00,0.0000,0.0000,3000.0,0.0,1.000,16384.0,0.000,0,0,16384,1,0,0,0,1,1
1,single,f32,4096,glibc_t2,FIXED_TWIN,0,1,1,784.00,0.0000,0.0000,1000.0,0.0,1.000,16384.0,0.000,0,0,16384,1,0,0,0,1,1
1,single,f32,4096,glibc_t2,FIXED_TWIN,1,0,1,771.00,0.0000,0.0000,2000.0,0.0,1.000,16384.0,0.000,0,0,16384,1,0,0,0,1,1
1,single,f32,4096,glibc_t2,P5,1,1,1,819.00,0.0000,0.0000,2000.0,0.0,1.000,16384.0,0.000,0,0,16384,1,0,0,0,1,1
1,single,f32,4096,glibc_t2,P5,2,0,1,1201.00,0.0000,0.0000,1000.0,0.0,1.000,16384.0,0.000,0,0,16384,1,0,0,0,1,1
1,single,f32,4096,glibc_t2,FIXED_TWIN,2,1,1,801.00,0.0000,0.0000,1000.0,0.0,1.000,16384.0,0.000,0,0,16384,1,0,0,0,1,1
1,single,f32,4096,glibc_t2,FIXED_TWIN,3,0,1,751.00,0.0000,0.0000,2000.0,0.0,1.000,16384.0,0.000,0,0,16384,1,0,0,0,1,1
1,single,f32,4096,glibc_t2,P5,3,1,1,827.00,0.0000,0.0000,2000.0,0.0,1.000,16384.0,0.000,0,0,16384,1,0,0,0,1,1
1,single,f32,4096,glibc_t2,P5,4,0,1,797.00,0.0000,0.0000,1000.0,0.0,1.000,16384.0,0.000,0,0,16384,1,0,0,0,1,1
1,single,f32,4096,glibc_t2,FIXED_TWIN,4,1,1,798.00,0.0000,0.0000,1000.0,0.0,1.000,16384.0,0.000,0,0,16384,1,0,0,0,1,1
1,single,f32,4096,glibc_t2,FIXED_TWIN,5,0,1,840.00,0.0000,0.0000,1000.0,0.0,1.000,16384.0,0.000,0,0,16384,1,0,0,0,1,1
1,single,f32,4096,glibc_t2,P5,5,1,1,845.00,0.0000,0.0000,1000.0,0.0,1.000,16384.0,0.000,0,0,16384,1,0,0,0,1,1
1,single,f32,4096,glibc_t2,P5,6,0,1,854.00,0.0000,0.0000,1000.0,0.0,1.000,16384.0,0.000,0,0,16384,1,0,0,0,1,1
1,single,f32,4096,glibc_t2,FIXED_TWIN,6,1,1,780.00,0.0000,0.0000,1000.0,0.0,1.000,16384.0,0.000,0,0,16384,1,0,0,0,1,1
1,single,f32,4096,glibc_t2,FIXED_TWIN,7,0,1,869.00,0.0000,0.0000,1000.0,0.0,1.000,16384.0,0.000,0,0,16384,1,0,0,0,1,1
1,single,f32,4096,glibc_t2,P5,7,1,1,781.00,0.0000,0.0000,1000.0,0.0,1.000,16384.0,0.000,0,0,16384,1,0,0,0,1,1
1,single,f32,4096,glibc_t2,P5,8,0,1,787.00,0.0000,0.0000,2000.0,0.0,1.000,16384.0,0.000,0,0,16384,1,0,0,0,1,1
1,single,f32,4096,glibc_t2,FIXED_TWIN,8,1,1,812.00,0.0000,0.0000,1000.0,0.0,1.000,16384.0,0.000,0,0,16384,1,0,0,0,1,1
1,single,f32,4096,glibc_t2,FIXED_TWIN,9,0,1,796.00,0.0000,0.0000,1000.0,0.0,1.000,16384.0,0.000,0,0,16384,1,0,0,0,1,1
1,single,f32,4096,glibc_t2,P5,9,1,1,782.00,0.0000,0.0000,1000.0,0.0,1.000,16384.0,0.000,0,0,16384,1,0,0,0,1,1
1,single,f32,4096,glibc_t2,P5,10,0,1,799.00,0.0000,0.0000,1000.0,0.0,1.000,16384.0,0.000,0,0,16384,1,0,0,0,1,1
1,single,f32,4096,glibc_t2,FIXED_TWIN,10,1,1,752.00,0.0000,0.0000,2000.0,0.0,1.000,16384.0,0.000,0,0,16384,1,0,0,0,1,1
1,single,f32,4096,glibc_t2,FIXED_TWIN,11,0,1,1033.00,0.0000,0.0000,1000.0,0.0,1.000,16384.0,0.000,0,0,16384,1,0,0,0,1,1
1,single,f32,4096,glibc_t2,P5,11,1,1,847.00,0.0000,0.0000,2000.0,0.0,1.000,16384.0,0.000,0,0,16384,1,0,0,0,1,1
1,single,f32,4096,glibc_t2,P5,12,0,1,876.00,0.0000,0.0000,2000.0,0.0,1.000,16384.0,0.000,0,0,16384,1,0,0,0,1,1
1,single,f32,4096,glibc_t2,FIXED_TWIN,12,1,1,883.00,0.0000,0.0000,1000.0,0.0,1.000,16384.0,0.000,0,0,16384,1,0,0,0,1,1
1,single,f32,4096,glibc_t2,FIXED_TWIN,13,0,1,774.00,0.0000,0.0000,1000.0,0.0,1.000,16384.0,0.000,0,0,16384,1,0,0,0,1,1
1,single,f32,4096,glibc_t2,P5,13,1,1,758.00,0.0000,0.0000,1000.0,0.0,1.000,16384.0,0.000,0,0,16384,1,0,0,0,1,1
1,single,f32,4096,glibc_t2,P5,14,0,1,3597.00,0.0000,0.0000,4000.0,0.0,1.000,16384.0,0.000,0,0,16384,1,0,0,0,1,1
1,single,f32,4096,glibc_t2,FIXED_TWIN,14,1,1,766.00,0.0000,0.0000,1000.0,0.0,1.000,16384.0,0.000,0,0,16384,1,0,0,0,1,1
1,single,f32,16384,glibc_t2,P5,0,0,1,2475.00,0.0000,0.0000,3000.0,0.0,1.000,65536.0,0.000,0,0,65536,1,0,0,0,1,1
1,single,f32,16384,glibc_t2,FIXED_TWIN,0,1,1,2522.00,0.0000,0.0000,3000.0,0.0,1.000,65536.0,0.000,0,0,65536,1,0,0,0,1,1
1,single,f32,16384,glibc_t2,FIXED_TWIN,1,0,1,2474.00,0.0000,0.0000,3000.0,0.0,1.000,65536.0,0.000,0,0,65536,1,0,0,0,1,1
1,single,f32,16384,glibc_t2,P5,1,1,1,2402.00,0.0000,0.0000,3000.0,0.0,1.000,65536.0,0.000,0,0,65536,1,0,0,0,1,1
1,single,f32,16384,glibc_t2,P5,2,0,1,3052.00,0.0000,0.0000,4000.0,0.0,1.000,65536.0,0.000,0,0,65536,1,0,0,0,1,1
1,single,f32,16384,glibc_t2,FIXED_TWIN,2,1,1,2428.00,0.0000,0.0000,3000.0,0.0,1.000,65536.0,0.000,0,0,65536,1,0,0,0,1,1
1,single,f32,16384,glibc_t2,FIXED_TWIN,3,0,1,2419.00,0.0000,0.0000,3000.0,0.0,1.000,65536.0,0.000,0,0,65536,1,0,0,0,1,1
1,single,f32,16384,glibc_t2,P5,3,1,1,2456.00,0.0000,0.0000,3000.0,0.0,1.000,65536.0,0.000,0,0,65536,1,0,0,0,1,1
1,single,f32,16384,glibc_t2,P5,4,0,1,2432.00,0.0000,0.0000,3000.0,0.0,1.000,65536.0,0.000,0,0,65536,1,0,0,0,1,1
1,single,f32,16384,glibc_t2,FIXED_TWIN,4,1,1,2471.00,0.0000,0.0000,3000.0,0.0,1.000,65536.0,0.000,0,0,65536,1,0,0,0,1,1
1,single,f32,16384,glibc_t2,FIXED_TWIN,5,0,1,2423.00,0.0000,0.0000,3000.0,0.0,1.000,65536.0,0.000,0,0,65536,1,0,0,0,1,1
1,single,f32,16384,glibc_t2,P5,5,1,1,2453.00,0.0000,0.0000,3000.0,0.0,1.000,65536.0,0.000,0,0,65536,1,0,0,0,1,1
1,single,f32,16384,glibc_t2,P5,6,0,1,2474.00,0.0000,0.0000,3000.0,0.0,1.000,65536.0,0.000,0,0,65536,1,0,0,0,1,1
1,single,f32,16384,glibc_t2,FIXED_TWIN,6,1,1,2439.00,0.0000,0.0000,3000.0,0.0,1.000,65536.0,0.000,0,0,65536,1,0,0,0,1,1
1,single,f32,16384,glibc_t2,FIXED_TWIN,7,0,1,2454.00,0.0000,0.0000,2000.0,0.0,1.000,65536.0,0.000,0,0,65536,1,0,0,0,1,1
1,single,f32,16384,glibc_t2,P5,7,1,1,2463.00,0.0000,0.0000,3000.0,0.0,1.000,65536.0,0.000,0,0,65536,1,0,0,0,1,1
1,single,f32,16384,glibc_t2,P5,8,0,1,2456.00,0.0000,0.0000,3000.0,0.0,1.000,65536.0,0.000,0,0,65536,1,0,0,0,1,1
1,single,f32,16384,glibc_t2,FIXED_TWIN,8,1,1,2462.00,0.0000,0.0000,3000.0,0.0,1.000,65536.0,0.000,0,0,65536,1,0,0,0,1,1
1,single,f32,16384,glibc_t2,FIXED_TWIN,9,0,1,5152.00,0.0000,0.0000,5000.0,0.0,1.000,65536.0,0.000,0,0,65536,1,0,0,0,1,1
1,single,f32,16384,glibc_t2,P5,9,1,1,2433.00,0.0000,0.0000,3000.0,0.0,1.000,65536.0,0.000,0,0,65536,1,0,0,0,1,1
1,single,f32,16384,glibc_t2,P5,10,0,1,2414.00,0.0000,0.0000,3000.0,0.0,1.000,65536.0,0.000,0,0,65536,1,0,0,0,1,1
1,single,f32,16384,glibc_t2,FIXED_TWIN,10,1,1,2450.00,0.0000,0.0000,3000.0,0.0,1.000,65536.0,0.000,0,0,65536,1,0,0,0,1,1
1,single,f32,16384,glibc_t2,FIXED_TWIN,11,0,1,2584.00,0.0000,0.0000,3000.0,0.0,1.000,65536.0,0.000,0,0,65536,1,0,0,0,1,1
1,single,f32,16384,glibc_t2,P5,11,1,1,2635.00,0.0000,0.0000,3000.0,0.0,1.000,65536.0,0.000,0,0,65536,1,0,0,0,1,1
1,single,f32,16384,glibc_t2,P5,12,0,1,2555.00,0.0000,0.0000,3000.0,0.0,1.000,65536.0,0.000,0,0,65536,1,0,0,0,1,1
1,single,f32,16384,glibc_t2,FIXED_TWIN,12,1,1,2579.00,0.0000,0.0000,3000.0,0.0,1.000,65536.0,0.000,0,0,65536,1,0,0,0,1,1
1,single,f32,16384,glibc_t2,FIXED_TWIN,13,0,1,2499.00,0.0000,0.0000,2000.0,0.0,1.000,65536.0,0.000,0,0,65536,1,0,0,0,1,1
1,single,f32,16384,glibc_t2,P5,13,1,1,2599.00,0.0000,0.0000,3000.0,0.0,1.000,65536.0,0.000,0,0,65536,1,0,0,0,1,1
1,single,f32,16384,glibc_t2,P5,14,0,1,2580.00,0.0000,0.0000,3000.0,0.0,1.000,65536.0,0.000,0,0,65536,1,0,0,0,1,1
1,single,f32,16384,glibc_t2,FIXED_TWIN,14,1,1,2479.00,0.0000,0.0000,3000.0,0.0,1.000,65536.0,0.000,0,0,65536,1,0,0,0,1,1
1,single,f32,65536,glibc_t2,P5,0,0,1,76807.00,65.0000,0.0000,78000.0,0.0,1.000,262144.0,0.000,0,0,262144,1,0,0,0,1,1
1,single,f32,65536,glibc_t2,FIXED_TWIN,0,1,1,90678.00,65.0000,0.0000,91000.0,0.0,1.000,262144.0,0.000,0,0,262144,1,0,0,0,1,1
1,single,f32,65536,glibc_t2,FIXED_TWIN,1,0,1,72827.00,65.0000,0.0000,73000.0,0.0,1.000,262144.0,0.000,0,0,262144,1,0,0,0,1,1
1,single,f32,65536,glibc_t2,P5,1,1,1,80577.00,65.0000,0.0000,82000.0,0.0,1.000,262144.0,0.000,0,0,262144,1,0,0,0,1,1
1,single,f32,65536,glibc_t2,P5,2,0,1,76130.00,65.0000,0.0000,77000.0,0.0,1.000,262144.0,0.000,0,0,262144,1,0,0,0,1,1
1,single,f32,65536,glibc_t2,FIXED_TWIN,2,1,1,78188.00,65.0000,0.0000,79000.0,0.0,1.000,262144.0,0.000,0,0,262144,1,0,0,0,1,1
1,single,f32,65536,glibc_t2,FIXED_TWIN,3,0,1,73811.00,65.0000,0.0000,75000.0,0.0,1.000,262144.0,0.000,0,0,262144,1,0,0,0,1,1
1,single,f32,65536,glibc_t2,P5,3,1,1,114708.00,65.0000,0.0000,0.0,115000.0,1.000,262144.0,0.000,0,0,262144,1,0,0,0,1,1
1,single,f32,65536,glibc_t2,P5,4,0,1,73481.00,65.0000,0.0000,0.0,75000.0,1.000,262144.0,0.000,0,0,262144,1,0,0,0,1,1
1,single,f32,65536,glibc_t2,FIXED_TWIN,4,1,1,77535.00,65.0000,0.0000,0.0,78000.0,1.000,262144.0,0.000,0,0,262144,1,0,0,0,1,1
1,single,f32,65536,glibc_t2,FIXED_TWIN,5,0,1,92006.00,65.0000,0.0000,0.0,93000.0,1.000,262144.0,0.000,0,0,262144,1,0,0,0,1,1
1,single,f32,65536,glibc_t2,P5,5,1,1,79890.00,65.0000,0.0000,0.0,81000.0,1.000,262144.0,0.000,0,0,262144,1,0,0,0,1,1
1,single,f32,65536,glibc_t2,P5,6,0,1,75457.00,65.0000,0.0000,0.0,76000.0,1.000,262144.0,0.000,0,0,262144,1,0,0,0,1,1
1,single,f32,65536,glibc_t2,FIXED_TWIN,6,1,1,78049.00,65.0000,0.0000,0.0,78000.0,1.000,262144.0,0.000,0,0,262144,1,0,0,0,1,1
1,single,f32,65536,glibc_t2,FIXED_TWIN,7,0,1,78254.00,65.0000,0.0000,0.0,80000.0,1.000,262144.0,0.000,0,0,262144,1,0,0,0,1,1
1,single,f32,65536,glibc_t2,P5,7,1,1,78079.00,65.0000,0.0000,0.0,78000.0,1.000,262144.0,0.000,0,0,262144,1,0,0,0,1,1
1,single,f32,65536,glibc_t2,P5,8,0,1,77498.00,65.0000,0.0000,0.0,79000.0,1.000,262144.0,0.000,0,0,262144,1,0,0,0,1,1
1,single,f32,65536,glibc_t2,FIXED_TWIN,8,1,1,72615.00,65.0000,0.0000,0.0,74000.0,1.000,262144.0,0.000,0,0,262144,1,0,0,0,1,1
1,single,f32,65536,glibc_t2,FIXED_TWIN,9,0,1,76084.00,65.0000,0.0000,0.0,77000.0,1.000,262144.0,0.000,0,0,262144,1,0,0,0,1,1
1,single,f32,65536,glibc_t2,P5,9,1,1,74765.00,65.0000,0.0000,0.0,76000.0,1.000,262144.0,0.000,0,0,262144,1,0,0,0,1,1
1,single,f32,65536,glibc_t2,P5,10,0,1,75256.00,65.0000,0.0000,53000.0,23000.0,1.000,262144.0,0.000,0,0,262144,1,0,0,0,1,1
1,single,f32,65536,glibc_t2,FIXED_TWIN,10,1,1,86894.00,65.0000,0.0000,86000.0,2000.0,1.000,262144.0,0.000,0,0,262144,1,0,0,0,1,1
1,single,f32,65536,glibc_t2,FIXED_TWIN,11,0,1,72513.00,65.0000,0.0000,0.0,73000.0,1.000,262144.0,0.000,0,0,262144,1,0,0,0,1,1
1,single,f32,65536,glibc_t2,P5,11,1,1,72892.00,65.0000,0.0000,0.0,73000.0,1.000,262144.0,0.000,0,0,262144,1,0,0,0,1,1
1,single,f32,65536,glibc_t2,P5,12,0,1,74222.00,65.0000,0.0000,0.0,75000.0,1.000,262144.0,0.000,0,0,262144,1,0,0,0,1,1
1,single,f32,65536,glibc_t2,FIXED_TWIN,12,1,1,73618.00,65.0000,0.0000,0.0,75000.0,1.000,262144.0,0.000,0,0,262144,1,0,0,0,1,1
1,single,f32,65536,glibc_t2,FIXED_TWIN,13,0,1,75326.00,65.0000,0.0000,0.0,76000.0,1.000,262144.0,0.000,0,0,262144,1,0,0,0,1,1
1,single,f32,65536,glibc_t2,P5,13,1,1,76422.00,65.0000,0.0000,0.0,77000.0,1.000,262144.0,0.000,0,0,262144,1,0,0,0,1,1
1,single,f32,65536,glibc_t2,P5,14,0,1,72654.00,65.0000,0.0000,0.0,73000.0,1.000,262144.0,0.000,0,0,262144,1,0,0,0,1,1
1,single,f32,65536,glibc_t2,FIXED_TWIN,14,1,1,80076.00,65.0000,0.0000,0.0,81000.0,1.000,262144.0,0.000,0,0,262144,1,0,0,0,1,1
1,single,f32,262144,glibc_t2,P5,0,0,1,351505.00,257.0000,0.0000,342000.0,12000.0,1.000,1048576.0,0.000,0,0,1048576,1,0,0,0,1,1
1,single,f32,262144,glibc_t2,FIXED_TWIN,0,1,1,420014.00,257.0000,0.0000,422000.0,0.0,1.000,1048576.0,0.000,0,0,1048576,1,0,0,0,1,1
1,single,f32,262144,glibc_t2,FIXED_TWIN,1,0,1,383781.00,257.0000,0.0000,386000.0,0.0,1.000,1048576.0,0.000,0,0,1048576,1,0,0,0,1,1
1,single,f32,262144,glibc_t2,P5,1,1,1,442179.00,257.0000,0.0000,445000.0,0.0,1.000,1048576.0,0.000,0,0,1048576,1,0,0,0,1,1
1,single,f32,262144,glibc_t2,P5,2,0,1,436537.00,257.0000,0.0000,439000.0,0.0,1.000,1048576.0,0.000,0,0,1048576,1,0,0,0,1,1
1,single,f32,262144,glibc_t2,FIXED_TWIN,2,1,1,352031.00,257.0000,0.0000,354000.0,0.0,1.000,1048576.0,0.000,0,0,1048576,1,0,0,0,1,1
1,single,f32,262144,glibc_t2,FIXED_TWIN,3,0,1,363620.00,257.0000,0.0000,366000.0,0.0,1.000,1048576.0,0.000,0,0,1048576,1,0,0,0,1,1
1,single,f32,262144,glibc_t2,P5,3,1,1,340164.00,257.0000,0.0000,343000.0,0.0,1.000,1048576.0,0.000,0,0,1048576,1,0,0,0,1,1
1,single,f32,262144,glibc_t2,P5,4,0,1,348501.00,257.0000,0.0000,0.0,351000.0,1.000,1048576.0,0.000,0,0,1048576,1,0,0,0,1,1
1,single,f32,262144,glibc_t2,FIXED_TWIN,4,1,1,358012.00,257.0000,0.0000,0.0,361000.0,1.000,1048576.0,0.000,0,0,1048576,1,0,0,0,1,1
1,single,f32,262144,glibc_t2,FIXED_TWIN,5,0,1,371415.00,257.0000,0.0000,0.0,374000.0,1.000,1048576.0,0.000,0,0,1048576,1,0,0,0,1,1
1,single,f32,262144,glibc_t2,P5,5,1,1,417331.00,257.0000,0.0000,0.0,419000.0,1.000,1048576.0,0.000,0,0,1048576,1,0,0,0,1,1
1,single,f32,262144,glibc_t2,P5,6,0,1,334740.00,257.0000,0.0000,0.0,337000.0,1.000,1048576.0,0.000,0,0,1048576,1,0,0,0,1,1
1,single,f32,262144,glibc_t2,FIXED_TWIN,6,1,1,332790.00,257.0000,0.0000,0.0,335000.0,1.000,1048576.0,0.000,0,0,1048576,1,0,0,0,1,1
1,single,f32,262144,glibc_t2,FIXED_TWIN,7,0,1,357398.00,257.0000,0.0000,318000.0,41000.0,1.000,1048576.0,0.000,0,0,1048576,1,0,0,0,1,1
1,single,f32,262144,glibc_t2,P5,7,1,1,370661.00,257.0000,0.0000,373000.0,0.0,1.000,1048576.0,0.000,0,0,1048576,1,0,0,0,1,1
1,single,f32,262144,glibc_t2,P5,8,0,1,337168.00,257.0000,0.0000,341000.0,0.0,1.000,1048576.0,0.000,0,0,1048576,1,0,0,0,1,1
1,single,f32,262144,glibc_t2,FIXED_TWIN,8,1,1,352211.00,257.0000,0.0000,355000.0,0.0,1.000,1048576.0,0.000,0,0,1048576,1,0,0,0,1,1
1,single,f32,262144,glibc_t2,FIXED_TWIN,9,0,1,341152.00,257.0000,0.0000,343000.0,0.0,1.000,1048576.0,0.000,0,0,1048576,1,0,0,0,1,1
1,single,f32,262144,glibc_t2,P5,9,1,1,355858.00,257.0000,0.0000,358000.0,0.0,1.000,1048576.0,0.000,0,0,1048576,1,0,0,0,1,1
1,single,f32,262144,glibc_t2,P5,10,0,1,370984.00,257.0000,0.0000,373000.0,0.0,1.000,1048576.0,0.000,0,0,1048576,1,0,0,0,1,1
1,single,f32,262144,glibc_t2,FIXED_TWIN,10,1,1,383181.00,257.0000,0.0000,0.0,385000.0,1.000,1048576.0,0.000,0,0,1048576,1,0,0,0,1,1
1,single,f32,262144,glibc_t2,FIXED_TWIN,11,0,1,345291.00,257.0000,0.0000,0.0,348000.0,1.000,1048576.0,0.000,0,0,1048576,1,0,0,0,1,1
1,single,f32,262144,glibc_t2,P5,11,1,1,342005.00,257.0000,0.0000,0.0,344000.0,1.000,1048576.0,0.000,0,0,1048576,1,0,0,0,1,1
1,single,f32,262144,glibc_t2,P5,12,0,1,366374.00,257.0000,0.0000,0.0,368000.0,1.000,1048576.0,0.000,0,0,1048576,1,0,0,0,1,1
1,single,f32,262144,glibc_t2,FIXED_TWIN,12,1,1,366864.00,257.0000,0.0000,369000.0,0.0,1.000,1048576.0,0.000,0,0,1048576,1,0,0,0,1,1
1,single,f32,262144,glibc_t2,FIXED_TWIN,13,0,1,367187.00,257.0000,0.0000,348000.0,21000.0,1.000,1048576.0,0.000,0,0,1048576,1,0,0,0,1,1
1,single,f32,262144,glibc_t2,P5,13,1,1,346422.00,257.0000,0.0000,327000.0,21000.0,1.000,1048576.0,0.000,0,0,1048576,1,0,0,0,1,1
1,single,f32,262144,glibc_t2,P5,14,0,1,336541.00,257.0000,0.0000,0.0,338000.0,1.000,1048576.0,0.000,0,0,1048576,1,0,0,0,1,1
1,single,f32,262144,glibc_t2,FIXED_TWIN,14,1,1,340671.00,257.0000,0.0000,0.0,342000.0,1.000,1048576.0,0.000,0,0,1048576,1,0,0,0,1,1
1,single,f32,1048576,glibc_t2,P5,0,0,1,1474071.00,1025.0000,0.0000,0.0,1479000.0,1.000,4194304.0,0.000,0,0,4194304,1,0,0,0,1,1
1,single,f32,1048576,glibc_t2,FIXED_TWIN,0,1,1,1506641.00,1025.0000,0.0000,1510000.0,0.0,1.000,4194304.0,0.000,0,0,4194304,1,0,0,0,1,1
1,single,f32,1048576,glibc_t2,FIXED_TWIN,1,0,1,1477287.00,1025.0000,0.0000,1017000.0,462000.0,1.000,4194304.0,0.000,0,0,4194304,1,0,0,0,1,1
1,single,f32,1048576,glibc_t2,P5,1,1,1,1433959.00,1025.0000,0.0000,600000.0,837000.0,1.000,4194304.0,0.000,0,0,4194304,1,0,0,0,1,1
1,single,f32,1048576,glibc_t2,P5,2,0,1,1467144.00,1025.0000,0.0000,1346000.0,124000.0,1.000,4194304.0,0.000,0,0,4194304,1,0,0,0,1,1
1,single,f32,1048576,glibc_t2,FIXED_TWIN,2,1,1,1502591.00,1025.0000,0.0000,0.0,1505000.0,1.000,4194304.0,0.000,0,0,4194304,1,0,0,0,1,1
1,single,f32,1048576,glibc_t2,FIXED_TWIN,3,0,1,1535209.00,1025.0000,0.0000,0.0,1538000.0,1.000,4194304.0,0.000,0,0,4194304,1,0,0,0,1,1
1,single,f32,1048576,glibc_t2,P5,3,1,1,1456469.00,1025.0000,0.0000,1220000.0,239000.0,1.000,4194304.0,0.000,0,0,4194304,1,0,0,0,1,1
1,single,f32,1048576,glibc_t2,P5,4,0,1,1447215.00,1025.0000,0.0000,617000.0,832000.0,1.000,4194304.0,0.000,0,0,4194304,1,0,0,0,1,1
1,single,f32,1048576,glibc_t2,FIXED_TWIN,4,1,1,1464694.00,1025.0000,0.0000,1328000.0,140000.0,1.000,4194304.0,0.000,0,0,4194304,1,0,0,0,1,1
1,single,f32,1048576,glibc_t2,FIXED_TWIN,5,0,1,1489257.00,1025.0000,0.0000,1492000.0,0.0,1.000,4194304.0,0.000,0,0,4194304,1,0,0,0,1,1
1,single,f32,1048576,glibc_t2,P5,5,1,1,1521417.00,1025.0000,0.0000,0.0,1525000.0,1.000,4194304.0,0.000,0,0,4194304,1,0,0,0,1,1
1,single,f32,1048576,glibc_t2,P5,6,0,1,1491783.00,1025.0000,0.0000,0.0,1495000.0,1.000,4194304.0,0.000,0,0,4194304,1,0,0,0,1,1
1,single,f32,1048576,glibc_t2,FIXED_TWIN,6,1,1,1471239.00,1025.0000,0.0000,1210000.0,263000.0,1.000,4194304.0,0.000,0,0,4194304,1,0,0,0,1,1
1,single,f32,1048576,glibc_t2,FIXED_TWIN,7,0,1,1429470.00,1025.0000,0.0000,1312000.0,121000.0,1.000,4194304.0,0.000,0,0,4194304,1,0,0,0,1,1
1,single,f32,1048576,glibc_t2,P5,7,1,1,1486286.00,1025.0000,0.0000,1488000.0,0.0,1.000,4194304.0,0.000,0,0,4194304,1,0,0,0,1,1
1,single,f32,1048576,glibc_t2,P5,8,0,1,1534957.00,1025.0000,0.0000,1539000.0,0.0,1.000,4194304.0,0.000,0,0,4194304,1,0,0,0,1,1
1,single,f32,1048576,glibc_t2,FIXED_TWIN,8,1,1,1487063.00,1025.0000,0.0000,1490000.0,0.0,1.000,4194304.0,0.000,0,0,4194304,1,0,0,0,1,1
1,single,f32,1048576,glibc_t2,FIXED_TWIN,9,0,1,1463800.00,1025.0000,0.0000,1466000.0,0.0,1.000,4194304.0,0.000,0,0,4194304,1,0,0,0,1,1
1,single,f32,1048576,glibc_t2,P5,9,1,1,1622545.00,1025.0000,0.0000,1625000.0,0.0,1.000,4194304.0,0.000,0,0,4194304,1,0,0,0,1,1
1,single,f32,1048576,glibc_t2,P5,10,0,1,1553098.00,1025.0000,0.0000,0.0,1556000.0,1.000,4194304.0,0.000,0,0,4194304,1,0,0,0,1,1
1,single,f32,1048576,glibc_t2,FIXED_TWIN,10,1,1,1495528.00,1025.0000,0.0000,0.0,1499000.0,1.000,4194304.0,0.000,0,0,4194304,1,0,0,0,1,1
1,single,f32,1048576,glibc_t2,FIXED_TWIN,11,0,1,1469325.00,1025.0000,0.0000,0.0,1472000.0,1.000,4194304.0,0.000,0,0,4194304,1,0,0,0,1,1
1,single,f32,1048576,glibc_t2,P5,11,1,1,1487720.00,1025.0000,0.0000,1214000.0,277000.0,1.000,4194304.0,0.000,0,0,4194304,1,0,0,0,1,1
1,single,f32,1048576,glibc_t2,P5,12,0,1,1481284.00,1025.0000,0.0000,0.0,1484000.0,1.000,4194304.0,0.000,0,0,4194304,1,0,0,0,1,1
1,single,f32,1048576,glibc_t2,FIXED_TWIN,12,1,1,1488315.00,1025.0000,0.0000,1491000.0,0.0,1.000,4194304.0,0.000,0,0,4194304,1,0,0,0,1,1
1,single,f32,1048576,glibc_t2,FIXED_TWIN,13,0,1,1458151.00,1025.0000,0.0000,1461000.0,0.0,1.000,4194304.0,0.000,0,0,4194304,1,0,0,0,1,1
1,single,f32,1048576,glibc_t2,P5,13,1,1,1473699.00,1025.0000,0.0000,1476000.0,0.0,1.000,4194304.0,0.000,0,0,4194304,1,0,0,0,1,1
1,single,f32,1048576,glibc_t2,P5,14,0,1,1437688.00,1025.0000,0.0000,1440000.0,0.0,1.000,4194304.0,0.000,0,0,4194304,1,0,0,0,1,1
1,single,f32,1048576,glibc_t2,FIXED_TWIN,14,1,1,1497901.00,1025.0000,0.0000,0.0,1500000.0,1.000,4194304.0,0.000,0,0,4194304,1,0,0,0,1,1
1,single,f32,4194304,glibc_t2,P5,0,0,1,7332395.00,4097.0000,0.0000,0.0,7339000.0,1.000,16777216.0,0.000,0,0,16777216,1,0,0,0,1,1
1,single,f32,4194304,glibc_t2,FIXED_TWIN,0,1,1,6928286.00,4097.0000,0.0000,6105000.0,826000.0,1.000,16777216.0,0.000,0,0,16777216,1,0,0,0,1,1
1,single,f32,4194304,glibc_t2,FIXED_TWIN,1,0,1,7320260.00,4097.0000,0.0000,0.0,7325000.0,1.000,16777216.0,0.000,0,0,16777216,1,0,0,0,1,1
1,single,f32,4194304,glibc_t2,P5,1,1,1,7295507.00,4097.0000,0.0000,3505000.0,3793000.0,1.000,16777216.0,0.000,0,0,16777216,1,0,0,0,1,1
1,single,f32,4194304,glibc_t2,P5,2,0,1,7296005.00,4097.0000,0.0000,0.0,7299000.0,1.000,16777216.0,0.000,0,0,16777216,1,0,0,0,1,1
1,single,f32,4194304,glibc_t2,FIXED_TWIN,2,1,1,7175084.00,4097.0000,0.0000,7178000.0,0.0,1.000,16777216.0,0.000,0,0,16777216,1,0,0,0,1,1
1,single,f32,4194304,glibc_t2,FIXED_TWIN,3,0,1,7069090.00,4097.0000,0.0000,0.0,7071000.0,1.000,16777216.0,0.000,0,0,16777216,1,0,0,0,1,1
1,single,f32,4194304,glibc_t2,P5,3,1,1,6918401.00,4097.0000,0.0000,6922000.0,0.0,1.000,16777216.0,0.000,0,0,16777216,1,0,0,0,1,1
1,single,f32,4194304,glibc_t2,P5,4,0,1,7298356.00,4097.0000,0.0000,3522000.0,3779000.0,1.000,16777216.0,0.000,0,0,16777216,1,0,0,0,1,1
1,single,f32,4194304,glibc_t2,FIXED_TWIN,4,1,1,6964805.00,4097.0000,0.0000,0.0,6968000.0,1.000,16777216.0,0.000,0,0,16777216,1,0,0,0,1,1
1,single,f32,4194304,glibc_t2,FIXED_TWIN,5,0,1,6848578.00,4097.0000,0.0000,0.0,6842000.0,1.000,16777216.0,0.000,0,0,16777216,1,0,0,0,1,1
1,single,f32,4194304,glibc_t2,P5,5,1,1,7499379.00,4097.0000,0.0000,2378000.0,5125000.0,1.000,16777216.0,0.000,0,0,16777216,1,0,0,0,1,1
1,single,f32,4194304,glibc_t2,P5,6,0,1,6852970.00,4097.0000,0.0000,3228000.0,3627000.0,1.000,16777216.0,0.000,0,0,16777216,1,0,0,0,1,1
1,single,f32,4194304,glibc_t2,FIXED_TWIN,6,1,1,6716338.00,4097.0000,0.0000,0.0,6719000.0,1.000,16777216.0,0.000,0,0,16777216,1,0,0,0,1,1
1,single,f32,4194304,glibc_t2,FIXED_TWIN,7,0,1,6520593.00,4097.0000,0.0000,1675000.0,4849000.0,1.000,16777216.0,0.000,0,0,16777216,1,0,0,0,1,1
1,single,f32,4194304,glibc_t2,P5,7,1,1,6636141.00,4097.0000,0.0000,0.0,6626000.0,1.000,16777216.0,0.000,0,0,16777216,1,0,0,0,1,1
1,single,f32,4194304,glibc_t2,P5,8,0,1,6941687.00,4097.0000,0.0000,0.0,6944000.0,1.000,16777216.0,0.000,0,0,16777216,1,0,0,0,1,1
1,single,f32,4194304,glibc_t2,FIXED_TWIN,8,1,1,6799294.00,4097.0000,0.0000,1815000.0,4987000.0,1.000,16777216.0,0.000,0,0,16777216,1,0,0,0,1,1
1,single,f32,4194304,glibc_t2,FIXED_TWIN,9,0,1,7203074.00,4097.0000,0.0000,0.0,7206000.0,1.000,16777216.0,0.000,0,0,16777216,1,0,0,0,1,1
1,single,f32,4194304,glibc_t2,P5,9,1,1,7169381.00,4097.0000,0.0000,2031000.0,5141000.0,1.000,16777216.0,0.000,0,0,16777216,1,0,0,0,1,1
1,single,f32,4194304,glibc_t2,P5,10,0,1,7301532.00,4097.0000,0.0000,3556000.0,3749000.0,1.000,16777216.0,0.000,0,0,16777216,1,0,0,0,1,1
1,single,f32,4194304,glibc_t2,FIXED_TWIN,10,1,1,7610459.00,4097.0000,0.0000,0.0,7614000.0,1.000,16777216.0,0.000,0,0,16777216,1,0,0,0,1,1
1,single,f32,4194304,glibc_t2,FIXED_TWIN,11,0,1,9725347.00,4097.0000,0.0000,5085000.0,4643000.0,1.000,16777216.0,0.000,0,0,16777216,1,0,0,0,1,1
1,single,f32,4194304,glibc_t2,P5,11,1,1,7862811.00,4097.0000,0.0000,0.0,7866000.0,1.000,16777216.0,0.000,0,0,16777216,1,0,0,0,1,1
1,single,f32,4194304,glibc_t2,P5,12,0,1,7646854.00,4097.0000,0.0000,0.0,7650000.0,1.000,16777216.0,0.000,0,0,16777216,1,0,0,0,1,1
1,single,f32,4194304,glibc_t2,FIXED_TWIN,12,1,1,7677015.00,4097.0000,0.0000,0.0,7681000.0,1.000,16777216.0,0.000,0,0,16777216,1,0,0,0,1,1
1,single,f32,4194304,glibc_t2,FIXED_TWIN,13,0,1,7651758.00,4097.0000,0.0000,0.0,7656000.0,1.000,16777216.0,0.000,0,0,16777216,1,0,0,0,1,1
1,single,f32,4194304,glibc_t2,P5,13,1,1,7416259.00,4097.0000,0.0000,2077000.0,5343000.0,1.000,16777216.0,0.000,0,0,16777216,1,0,0,0,1,1
1,single,f32,4194304,glibc_t2,P5,14,0,1,8058041.00,4097.0000,0.0000,4037000.0,4025000.0,1.000,16777216.0,0.000,0,0,16777216,1,0,0,0,1,1
1,single,f32,4194304,glibc_t2,FIXED_TWIN,14,1,1,7837332.00,4097.0000,0.0000,3903000.0,3938000.0,1.000,16777216.0,0.000,0,0,16777216,1,0,0,0,1,1
1,single,f32,16777216,glibc_t2,P5,0,0,1,37093038.00,16385.0000,0.0000,10433000.0,26665000.0,1.000,67108864.0,0.000,0,0,67108864,1,0,0,0,1,1
1,single,f32,16777216,glibc_t2,FIXED_TWIN,0,1,1,38000584.00,16385.0000,0.0000,9069000.0,28904000.0,1.000,67108864.0,0.000,0,0,67108864,1,0,0,0,1,1
1,single,f32,16777216,glibc_t2,FIXED_TWIN,1,0,1,37467865.00,16385.0000,0.0000,16773000.0,20689000.0,1.000,67108864.0,0.000,0,0,67108864,1,0,0,0,1,1
1,single,f32,16777216,glibc_t2,P5,1,1,1,37574460.00,16385.0000,0.0000,6718000.0,30862000.0,1.000,67108864.0,0.000,0,0,67108864,1,0,0,0,1,1
1,single,f32,16777216,glibc_t2,P5,2,0,1,37200939.00,16385.0000,0.0000,14535000.0,22672000.0,1.000,67108864.0,0.000,0,0,67108864,1,0,0,0,1,1
1,single,f32,16777216,glibc_t2,FIXED_TWIN,2,1,1,36802210.00,16385.0000,0.0000,12421000.0,24357000.0,1.000,67108864.0,0.000,0,0,67108864,1,0,0,0,1,1
1,single,f32,16777216,glibc_t2,FIXED_TWIN,3,0,1,36964257.00,16385.0000,0.0000,10442000.0,26528000.0,1.000,67108864.0,0.000,0,0,67108864,1,0,0,0,1,1
1,single,f32,16777216,glibc_t2,P5,3,1,1,36828789.00,16385.0000,0.0000,20427000.0,16407000.0,1.000,67108864.0,0.000,0,0,67108864,1,0,0,0,1,1
1,single,f32,16777216,glibc_t2,P5,4,0,1,44547834.00,16385.0000,0.0000,28287000.0,16267000.0,1.000,67108864.0,0.000,0,0,67108864,1,0,0,0,1,1
1,single,f32,16777216,glibc_t2,FIXED_TWIN,4,1,1,36597082.00,16385.0000,0.0000,16312000.0,20290000.0,1.000,67108864.0,0.000,0,0,67108864,1,0,0,0,1,1
1,single,f32,16777216,glibc_t2,FIXED_TWIN,5,0,1,37084201.00,16385.0000,0.0000,10494000.0,26595000.0,1.000,67108864.0,0.000,0,0,67108864,1,0,0,0,1,1
1,single,f32,16777216,glibc_t2,P5,5,1,1,37428242.00,16385.0000,0.0000,12736000.0,24699000.0,1.000,67108864.0,0.000,0,0,67108864,1,0,0,0,1,1
1,single,f32,16777216,glibc_t2,P5,6,0,1,37165210.00,16385.0000,0.0000,12601000.0,24569000.0,1.000,67108864.0,0.000,0,0,67108864,1,0,0,0,1,1
1,single,f32,16777216,glibc_t2,FIXED_TWIN,6,1,1,36639141.00,16385.0000,0.0000,8332000.0,28312000.0,1.000,67108864.0,0.000,0,0,67108864,1,0,0,0,1,1
1,single,f32,16777216,glibc_t2,FIXED_TWIN,7,0,1,36970357.00,16385.0000,0.0000,10464000.0,26512000.0,1.000,67108864.0,0.000,0,0,67108864,1,0,0,0,1,1
1,single,f32,16777216,glibc_t2,P5,7,1,1,40472610.00,16385.0000,0.0000,16244000.0,24236000.0,1.000,67108864.0,0.000,0,0,67108864,1,0,0,0,1,1
1,single,f32,16777216,glibc_t2,P5,8,0,1,37405193.00,16385.0000,0.0000,2683000.0,34728000.0,1.000,67108864.0,0.000,0,0,67108864,1,0,0,0,1,1
1,single,f32,16777216,glibc_t2,FIXED_TWIN,8,1,1,37321552.00,16385.0000,0.0000,14649000.0,22680000.0,1.000,67108864.0,0.000,0,0,67108864,1,0,0,0,1,1
1,single,f32,16777216,glibc_t2,FIXED_TWIN,9,0,1,36718685.00,16385.0000,0.0000,4365000.0,32359000.0,1.000,67108864.0,0.000,0,0,67108864,1,0,0,0,1,1
1,single,f32,16777216,glibc_t2,P5,9,1,1,38867370.00,16385.0000,0.0000,11433000.0,27440000.0,1.000,67108864.0,0.000,0,0,67108864,1,0,0,0,1,1
1,single,f32,16777216,glibc_t2,P5,10,0,1,38581559.00,16385.0000,0.0000,19285000.0,19273000.0,1.000,67108864.0,0.000,0,0,67108864,1,0,0,0,1,1
1,single,f32,16777216,glibc_t2,FIXED_TWIN,10,1,1,37111183.00,16385.0000,0.0000,10535000.0,26583000.0,1.000,67108864.0,0.000,0,0,67108864,1,0,0,0,1,1
1,single,f32,16777216,glibc_t2,FIXED_TWIN,11,0,1,37535729.00,16385.0000,0.0000,14752000.0,22790000.0,1.000,67108864.0,0.000,0,0,67108864,1,0,0,0,1,1
1,single,f32,16777216,glibc_t2,P5,11,1,1,37471272.00,16385.0000,0.0000,10725000.0,26752000.0,1.000,67108864.0,0.000,0,0,67108864,1,0,0,0,1,1
1,single,f32,16777216,glibc_t2,P5,12,0,1,36942654.00,16385.0000,0.0000,20478000.0,16470000.0,1.000,67108864.0,0.000,0,0,67108864,1,0,0,0,1,1
1,single,f32,16777216,glibc_t2,FIXED_TWIN,12,1,1,36479807.00,16385.0000,0.0000,8241000.0,28245000.0,1.000,67108864.0,0.000,0,0,67108864,1,0,0,0,1,1
1,single,f32,16777216,glibc_t2,FIXED_TWIN,13,0,1,36870791.00,16385.0000,0.0000,24444000.0,12434000.0,1.000,67108864.0,0.000,0,0,67108864,1,0,0,0,1,1
1,single,f32,16777216,glibc_t2,P5,13,1,1,37805427.00,16385.0000,0.0000,28912000.0,8891000.0,1.000,67108864.0,0.000,0,0,67108864,1,0,0,0,1,1
1,single,f32,16777216,glibc_t2,P5,14,0,1,38175394.00,16385.0000,0.0000,7075000.0,31108000.0,1.000,67108864.0,0.000,0,0,67108864,1,0,0,0,1,1
1,single,f32,16777216,glibc_t2,FIXED_TWIN,14,1,1,36855854.00,16385.0000,0.0000,2415000.0,34446000.0,1.000,67108864.0,0.000,0,0,67108864,1,0,0,0,1,1
1,final_left,f32,64,glibc_t2,P5,0,0,1000,1400.30,0.0000,0.0000,1404.0,0.0,2.000,512.0,0.000,0,0,256256,2,0,0,0,1,1
1,final_left,f32,64,glibc_t2,P6,0,1,1000,1376.01,0.0000,0.0000,1377.0,0.0,1.000,256.0,0.000,0,0,256000,1,1,0,0,1,1
1,final_left,f32,64,glibc_t2,P7,0,2,1000,1406.86,0.0000,0.0000,1408.0,0.0,1.000,256.0,0.000,0,0,256000,1,0,1,0,1,1
1,final_left,f32,64,glibc_t2,FIXED_TWIN,0,3,1000,1376.81,0.0000,0.0000,1378.0,0.0,1.000,256.0,0.000,0,0,256000,1,0,1,0,1,1
1,final_left,f32,64,glibc_t2,P6,1,0,1000,1371.09,0.0000,0.0000,1373.0,0.0,1.000,256.0,0.000,0,0,256000,1,1,0,0,1,1
1,final_left,f32,64,glibc_t2,P7,1,1,1000,1367.24,0.0000,0.0000,1368.0,0.0,1.000,256.0,0.000,0,0,256000,1,0,1,0,1,1
1,final_left,f32,64,glibc_t2,FIXED_TWIN,1,2,1000,1361.69,0.0000,0.0000,1363.0,0.0,1.000,256.0,0.000,0,0,256000,1,0,1,0,1,1
1,final_left,f32,64,glibc_t2,P5,1,3,1000,1394.12,0.0000,0.0000,1395.0,0.0,2.000,512.0,0.000,0,0,256256,2,0,0,0,1,1
1,final_left,f32,64,glibc_t2,P7,2,0,1000,1413.57,0.0000,0.0000,1415.0,0.0,1.000,256.0,0.000,0,0,256000,1,0,1,0,1,1
1,final_left,f32,64,glibc_t2,FIXED_TWIN,2,1,1000,1360.62,0.0000,0.0000,1361.0,0.0,1.000,256.0,0.000,0,0,256000,1,0,1,0,1,1
1,final_left,f32,64,glibc_t2,P5,2,2,1000,1422.58,0.0000,0.0000,1423.0,0.0,2.000,512.0,0.000,0,0,256256,2,0,0,0,1,1
1,final_left,f32,64,glibc_t2,P6,2,3,1000,1427.53,0.0000,0.0000,1428.0,0.0,1.000,256.0,0.000,0,0,256000,1,1,0,0,1,1
1,final_left,f32,64,glibc_t2,FIXED_TWIN,3,0,1000,1353.76,0.0000,0.0000,1355.0,0.0,1.000,256.0,0.000,0,0,256000,1,0,1,0,1,1
1,final_left,f32,64,glibc_t2,P5,3,1,1000,1448.10,0.0000,0.0000,1449.0,0.0,2.000,512.0,0.000,0,0,256256,2,0,0,0,1,1
1,final_left,f32,64,glibc_t2,P6,3,2,1000,1397.27,0.0000,0.0000,1398.0,0.0,1.000,256.0,0.000,0,0,256000,1,1,0,0,1,1
1,final_left,f32,64,glibc_t2,P7,3,3,1000,1369.20,0.0000,0.0000,1371.0,0.0,1.000,256.0,0.000,0,0,256000,1,0,1,0,1,1
1,final_left,f32,64,glibc_t2,P5,4,0,1000,1497.62,0.0000,0.0000,1499.0,0.0,2.000,512.0,0.000,0,0,256256,2,0,0,0,1,1
1,final_left,f32,64,glibc_t2,P6,4,1,1000,1412.97,0.0000,0.0000,1414.0,0.0,1.000,256.0,0.000,0,0,256000,1,1,0,0,1,1
1,final_left,f32,64,glibc_t2,P7,4,2,1000,1506.08,0.0000,0.0000,1509.0,0.0,1.000,256.0,0.000,0,0,256000,1,0,1,0,1,1
1,final_left,f32,64,glibc_t2,FIXED_TWIN,4,3,1000,1420.72,0.0000,0.0000,1422.0,0.0,1.000,256.0,0.000,0,0,256000,1,0,1,0,1,1
1,final_left,f32,64,glibc_t2,P6,5,0,1000,1383.86,0.0000,0.0000,1385.0,0.0,1.000,256.0,0.000,0,0,256000,1,1,0,0,1,1
1,final_left,f32,64,glibc_t2,P7,5,1,1000,1417.23,0.0000,0.0000,1419.0,0.0,1.000,256.0,0.000,0,0,256000,1,0,1,0,1,1
1,final_left,f32,64,glibc_t2,FIXED_TWIN,5,2,1000,1415.65,0.0000,0.0000,1417.0,0.0,1.000,256.0,0.000,0,0,256000,1,0,1,0,1,1
1,final_left,f32,64,glibc_t2,P5,5,3,1000,1470.10,0.0000,0.0000,1471.0,0.0,2.000,512.0,0.000,0,0,256256,2,0,0,0,1,1
1,final_left,f32,64,glibc_t2,P7,6,0,1000,1405.27,0.0000,0.0000,1408.0,0.0,1.000,256.0,0.000,0,0,256000,1,0,1,0,1,1
1,final_left,f32,64,glibc_t2,FIXED_TWIN,6,1,1000,1365.77,0.0000,0.0000,1366.0,0.0,1.000,256.0,0.000,0,0,256000,1,0,1,0,1,1
1,final_left,f32,64,glibc_t2,P5,6,2,1000,1442.60,0.0000,0.0000,1444.0,0.0,2.000,512.0,0.000,0,0,256256,2,0,0,0,1,1
1,final_left,f32,64,glibc_t2,P6,6,3,1000,1426.64,0.0000,0.0000,1428.0,0.0,1.000,256.0,0.000,0,0,256000,1,1,0,0,1,1
1,final_left,f32,64,glibc_t2,FIXED_TWIN,7,0,1000,1452.09,0.0000,0.0000,1454.0,0.0,1.000,256.0,0.000,0,0,256000,1,0,1,0,1,1
1,final_left,f32,64,glibc_t2,P5,7,1,1000,1421.17,0.0000,0.0000,1423.0,0.0,2.000,512.0,0.000,0,0,256256,2,0,0,0,1,1
1,final_left,f32,64,glibc_t2,P6,7,2,1000,1428.05,0.0000,0.0000,1430.0,0.0,1.000,256.0,0.000,0,0,256000,1,1,0,0,1,1
1,final_left,f32,64,glibc_t2,P7,7,3,1000,1394.28,0.0000,0.0000,1395.0,0.0,1.000,256.0,0.000,0,0,256000,1,0,1,0,1,1
1,final_left,f32,64,glibc_t2,P5,8,0,1000,1634.81,0.0000,0.0000,1639.0,0.0,2.000,512.0,0.000,0,0,256256,2,0,0,0,1,1
1,final_left,f32,64,glibc_t2,P6,8,1,1000,1372.51,0.0000,0.0000,1374.0,0.0,1.000,256.0,0.000,0,0,256000,1,1,0,0,1,1
1,final_left,f32,64,glibc_t2,P7,8,2,1000,1359.22,0.0000,0.0000,1360.0,0.0,1.000,256.0,0.000,0,0,256000,1,0,1,0,1,1
1,final_left,f32,64,glibc_t2,FIXED_TWIN,8,3,1000,1379.30,0.0000,0.0000,1381.0,0.0,1.000,256.0,0.000,0,0,256000,1,0,1,0,1,1
1,final_left,f32,64,glibc_t2,P6,9,0,1000,1537.95,0.0000,0.0000,1541.0,0.0,1.000,256.0,0.000,0,0,256000,1,1,0,0,1,1
1,final_left,f32,64,glibc_t2,P7,9,1,1000,1382.33,0.0000,0.0000,1383.0,0.0,1.000,256.0,0.000,0,0,256000,1,0,1,0,1,1
1,final_left,f32,64,glibc_t2,FIXED_TWIN,9,2,1000,1367.90,0.0000,0.0000,1369.0,0.0,1.000,256.0,0.000,0,0,256000,1,0,1,0,1,1
1,final_left,f32,64,glibc_t2,P5,9,3,1000,1456.57,0.0000,0.0000,1457.0,0.0,2.000,512.0,0.000,0,0,256256,2,0,0,0,1,1
1,final_left,f32,64,glibc_t2,P7,10,0,1000,1367.41,0.0000,0.0000,1368.0,0.0,1.000,256.0,0.000,0,0,256000,1,0,1,0,1,1
1,final_left,f32,64,glibc_t2,FIXED_TWIN,10,1,1000,1564.32,0.0000,0.0000,1567.0,0.0,1.000,256.0,0.000,0,0,256000,1,0,1,0,1,1
1,final_left,f32,64,glibc_t2,P5,10,2,1000,1481.04,0.0000,0.0000,1485.0,0.0,2.000,512.0,0.000,0,0,256256,2,0,0,0,1,1
1,final_left,f32,64,glibc_t2,P6,10,3,1000,1398.21,0.0000,0.0000,1400.0,0.0,1.000,256.0,0.000,0,0,256000,1,1,0,0,1,1
1,final_left,f32,64,glibc_t2,FIXED_TWIN,11,0,1000,1362.65,0.0000,0.0000,1363.0,0.0,1.000,256.0,0.000,0,0,256000,1,0,1,0,1,1
1,final_left,f32,64,glibc_t2,P5,11,1,1000,1460.27,0.0000,0.0000,1461.0,0.0,2.000,512.0,0.000,0,0,256256,2,0,0,0,1,1
1,final_left,f32,64,glibc_t2,P6,11,2,1000,1395.45,0.0000,0.0000,1396.0,0.0,1.000,256.0,0.000,0,0,256000,1,1,0,0,1,1
1,final_left,f32,64,glibc_t2,P7,11,3,1000,1363.06,0.0000,0.0000,1364.0,0.0,1.000,256.0,0.000,0,0,256000,1,0,1,0,1,1
1,final_left,f32,64,glibc_t2,P5,12,0,1000,1396.66,0.0000,0.0000,1397.0,0.0,2.000,512.0,0.000,0,0,256256,2,0,0,0,1,1
1,final_left,f32,64,glibc_t2,P6,12,1,1000,1382.40,0.0000,0.0000,1384.0,0.0,1.000,256.0,0.000,0,0,256000,1,1,0,0,1,1
1,final_left,f32,64,glibc_t2,P7,12,2,1000,1376.71,0.0000,0.0000,1380.0,0.0,1.000,256.0,0.000,0,0,256000,1,0,1,0,1,1
1,final_left,f32,64,glibc_t2,FIXED_TWIN,12,3,1000,1369.27,0.0000,0.0000,1370.0,0.0,1.000,256.0,0.000,0,0,256000,1,0,1,0,1,1
1,final_left,f32,64,glibc_t2,P6,13,0,1000,1412.91,0.0000,0.0000,1413.0,0.0,1.000,256.0,0.000,0,0,256000,1,1,0,0,1,1
1,final_left,f32,64,glibc_t2,P7,13,1,1000,1386.05,0.0000,0.0000,1387.0,0.0,1.000,256.0,0.000,0,0,256000,1,0,1,0,1,1
1,final_left,f32,64,glibc_t2,FIXED_TWIN,13,2,1000,1352.89,0.0000,0.0000,1354.0,0.0,1.000,256.0,0.000,0,0,256000,1,0,1,0,1,1
1,final_left,f32,64,glibc_t2,P5,13,3,1000,1441.80,0.0000,0.0000,1443.0,0.0,2.000,512.0,0.000,0,0,256256,2,0,0,0,1,1
1,final_left,f32,64,glibc_t2,P7,14,0,1000,1375.32,0.0000,0.0000,1376.0,0.0,1.000,256.0,0.000,0,0,256000,1,0,1,0,1,1
1,final_left,f32,64,glibc_t2,FIXED_TWIN,14,1,1000,1359.65,0.0000,0.0000,1360.0,0.0,1.000,256.0,0.000,0,0,256000,1,0,1,0,1,1
1,final_left,f32,64,glibc_t2,P5,14,2,1000,1466.04,0.0000,0.0000,1467.0,0.0,2.000,512.0,0.000,0,0,256256,2,0,0,0,1,1
1,final_left,f32,64,glibc_t2,P6,14,3,1000,1440.76,0.0000,0.0000,1443.0,0.0,1.000,256.0,0.000,0,0,256000,1,1,0,0,1,1
1,final_left,f32,1024,glibc_t2,P5,0,0,1000,1848.30,0.0000,0.0000,1853.0,0.0,2.000,8192.0,0.000,0,0,4100096,2,0,0,0,1,1
1,final_left,f32,1024,glibc_t2,P6,0,1,1000,1711.42,0.0000,0.0000,1714.0,0.0,1.000,4096.0,0.000,0,0,4096000,1,1,0,0,1,1
1,final_left,f32,1024,glibc_t2,P7,0,2,1000,1515.97,0.0000,0.0000,1518.0,0.0,1.000,4096.0,0.000,0,0,4096000,1,0,1,0,1,1
1,final_left,f32,1024,glibc_t2,FIXED_TWIN,0,3,1000,1587.86,0.0000,0.0000,1591.0,0.0,1.000,4096.0,0.000,0,0,4096000,1,0,1,0,1,1
1,final_left,f32,1024,glibc_t2,P6,1,0,1000,1704.58,0.0000,0.0000,1708.0,0.0,1.000,4096.0,0.000,0,0,4096000,1,1,0,0,1,1
1,final_left,f32,1024,glibc_t2,P7,1,1,1000,1559.73,0.0000,0.0000,1565.0,0.0,1.000,4096.0,0.000,0,0,4096000,1,0,1,0,1,1
1,final_left,f32,1024,glibc_t2,FIXED_TWIN,1,2,1000,1550.26,0.0000,0.0000,1552.0,0.0,1.000,4096.0,0.000,0,0,4096000,1,0,1,0,1,1
1,final_left,f32,1024,glibc_t2,P5,1,3,1000,1668.61,0.0000,0.0000,1670.0,0.0,2.000,8192.0,0.000,0,0,4100096,2,0,0,0,1,1
1,final_left,f32,1024,glibc_t2,P7,2,0,1000,1580.32,0.0000,0.0000,1582.0,0.0,1.000,4096.0,0.000,0,0,4096000,1,0,1,0,1,1
1,final_left,f32,1024,glibc_t2,FIXED_TWIN,2,1,1000,1555.32,0.0000,0.0000,1558.0,0.0,1.000,4096.0,0.000,0,0,4096000,1,0,1,0,1,1
1,final_left,f32,1024,glibc_t2,P5,2,2,1000,1710.34,0.0000,0.0000,1712.0,0.0,2.000,8192.0,0.000,0,0,4100096,2,0,0,0,1,1
1,final_left,f32,1024,glibc_t2,P6,2,3,1000,1679.72,0.0000,0.0000,1682.0,0.0,1.000,4096.0,0.000,0,0,4096000,1,1,0,0,1,1
1,final_left,f32,1024,glibc_t2,FIXED_TWIN,3,0,1000,1645.61,0.0000,0.0000,1648.0,0.0,1.000,4096.0,0.000,0,0,4096000,1,0,1,0,1,1
1,final_left,f32,1024,glibc_t2,P5,3,1,1000,1689.82,0.0000,0.0000,1693.0,0.0,2.000,8192.0,0.000,0,0,4100096,2,0,0,0,1,1
1,final_left,f32,1024,glibc_t2,P6,3,2,1000,1714.71,0.0000,0.0000,1720.0,0.0,1.000,4096.0,0.000,0,0,4096000,1,1,0,0,1,1
1,final_left,f32,1024,glibc_t2,P7,3,3,1000,1512.55,0.0000,0.0000,1515.0,0.0,1.000,4096.0,0.000,0,0,4096000,1,0,1,0,1,1
1,final_left,f32,1024,glibc_t2,P5,4,0,1000,1687.53,0.0000,0.0000,1691.0,0.0,2.000,8192.0,0.000,0,0,4100096,2,0,0,0,1,1
1,final_left,f32,1024,glibc_t2,P6,4,1,1000,1782.90,0.0000,0.0000,1785.0,0.0,1.000,4096.0,0.000,0,0,4096000,1,1,0,0,1,1
1,final_left,f32,1024,glibc_t2,P7,4,2,1000,1550.62,0.0000,0.0000,1553.0,0.0,1.000,4096.0,0.000,0,0,4096000,1,0,1,0,1,1
1,final_left,f32,1024,glibc_t2,FIXED_TWIN,4,3,1000,1513.22,0.0000,0.0000,1515.0,0.0,1.000,4096.0,0.000,0,0,4096000,1,0,1,0,1,1
1,final_left,f32,1024,glibc_t2,P6,5,0,1000,1669.69,0.0000,0.0000,1673.0,0.0,1.000,4096.0,0.000,0,0,4096000,1,1,0,0,1,1
1,final_left,f32,1024,glibc_t2,P7,5,1,1000,1540.85,0.0000,0.0000,1543.0,0.0,1.000,4096.0,0.000,0,0,4096000,1,0,1,0,1,1
1,final_left,f32,1024,glibc_t2,FIXED_TWIN,5,2,1000,1538.52,0.0000,0.0000,1541.0,0.0,1.000,4096.0,0.000,0,0,4096000,1,0,1,0,1,1
1,final_left,f32,1024,glibc_t2,P5,5,3,1000,1728.74,0.0000,0.0000,1732.0,0.0,2.000,8192.0,0.000,0,0,4100096,2,0,0,0,1,1
1,final_left,f32,1024,glibc_t2,P7,6,0,1000,1528.86,0.0000,0.0000,1532.0,0.0,1.000,4096.0,0.000,0,0,4096000,1,0,1,0,1,1
1,final_left,f32,1024,glibc_t2,FIXED_TWIN,6,1,1000,1519.16,0.0000,0.0000,1522.0,0.0,1.000,4096.0,0.000,0,0,4096000,1,0,1,0,1,1
1,final_left,f32,1024,glibc_t2,P5,6,2,1000,1671.88,0.0000,0.0000,1674.0,0.0,2.000,8192.0,0.000,0,0,4100096,2,0,0,0,1,1
1,final_left,f32,1024,glibc_t2,P6,6,3,1000,1627.71,0.0000,0.0000,1629.0,0.0,1.000,4096.0,0.000,0,0,4096000,1,1,0,0,1,1
1,final_left,f32,1024,glibc_t2,FIXED_TWIN,7,0,1000,1530.36,0.0000,0.0000,1533.0,0.0,1.000,4096.0,0.000,0,0,4096000,1,0,1,0,1,1
1,final_left,f32,1024,glibc_t2,P5,7,1,1000,1735.24,0.0000,0.0000,1744.0,0.0,2.000,8192.0,0.000,0,0,4100096,2,0,0,0,1,1
1,final_left,f32,1024,glibc_t2,P6,7,2,1000,1623.91,0.0000,0.0000,1626.0,0.0,1.000,4096.0,0.000,0,0,4096000,1,1,0,0,1,1
1,final_left,f32,1024,glibc_t2,P7,7,3,1000,1551.88,0.0000,0.0000,1554.0,0.0,1.000,4096.0,0.000,0,0,4096000,1,0,1,0,1,1
1,final_left,f32,1024,glibc_t2,P5,8,0,1000,1691.35,0.0000,0.0000,1694.0,0.0,2.000,8192.0,0.000,0,0,4100096,2,0,0,0,1,1
1,final_left,f32,1024,glibc_t2,P6,8,1,1000,2066.68,0.0000,0.0000,2072.0,0.0,1.000,4096.0,0.000,0,0,4096000,1,1,0,0,1,1
1,final_left,f32,1024,glibc_t2,P7,8,2,1000,1527.46,0.0000,0.0000,1531.0,0.0,1.000,4096.0,0.000,0,0,4096000,1,0,1,0,1,1
1,final_left,f32,1024,glibc_t2,FIXED_TWIN,8,3,1000,1544.53,0.0000,0.0000,1548.0,0.0,1.000,4096.0,0.000,0,0,4096000,1,0,1,0,1,1
1,final_left,f32,1024,glibc_t2,P6,9,0,1000,1681.18,0.0000,0.0000,1685.0,0.0,1.000,4096.0,0.000,0,0,4096000,1,1,0,0,1,1
1,final_left,f32,1024,glibc_t2,P7,9,1,1000,1602.08,0.0000,0.0000,1604.0,0.0,1.000,4096.0,0.000,0,0,4096000,1,0,1,0,1,1
1,final_left,f32,1024,glibc_t2,FIXED_TWIN,9,2,1000,1531.53,0.0000,0.0000,1534.0,0.0,1.000,4096.0,0.000,0,0,4096000,1,0,1,0,1,1
1,final_left,f32,1024,glibc_t2,P5,9,3,1000,1757.07,0.0000,0.0000,1760.0,0.0,2.000,8192.0,0.000,0,0,4100096,2,0,0,0,1,1
1,final_left,f32,1024,glibc_t2,P7,10,0,1000,1620.03,0.0000,0.0000,1624.0,0.0,1.000,4096.0,0.000,0,0,4096000,1,0,1,0,1,1
1,final_left,f32,1024,glibc_t2,FIXED_TWIN,10,1,1000,1553.49,0.0000,0.0000,1555.0,0.0,1.000,4096.0,0.000,0,0,4096000,1,0,1,0,1,1
1,final_left,f32,1024,glibc_t2,P5,10,2,1000,1673.89,0.0000,0.0000,1676.0,0.0,2.000,8192.0,0.000,0,0,4100096,2,0,0,0,1,1
1,final_left,f32,1024,glibc_t2,P6,10,3,1000,1708.49,0.0000,0.0000,1711.0,0.0,1.000,4096.0,0.000,0,0,4096000,1,1,0,0,1,1
1,final_left,f32,1024,glibc_t2,FIXED_TWIN,11,0,1000,1553.12,0.0000,0.0000,1557.0,0.0,1.000,4096.0,0.000,0,0,4096000,1,0,1,0,1,1
1,final_left,f32,1024,glibc_t2,P5,11,1,1000,1695.15,0.0000,0.0000,1697.0,0.0,2.000,8192.0,0.000,0,0,4100096,2,0,0,0,1,1
1,final_left,f32,1024,glibc_t2,P6,11,2,1000,1692.06,0.0000,0.0000,1696.0,0.0,1.000,4096.0,0.000,0,0,4096000,1,1,0,0,1,1
1,final_left,f32,1024,glibc_t2,P7,11,3,1000,1569.95,0.0000,0.0000,1572.0,0.0,1.000,4096.0,0.000,0,0,4096000,1,0,1,0,1,1
1,final_left,f32,1024,glibc_t2,P5,12,0,1000,1662.11,0.0000,0.0000,1665.0,0.0,2.000,8192.0,0.000,0,0,4100096,2,0,0,0,1,1
1,final_left,f32,1024,glibc_t2,P6,12,1,1000,1701.19,0.0000,0.0000,1706.0,0.0,1.000,4096.0,0.000,0,0,4096000,1,1,0,0,1,1
1,final_left,f32,1024,glibc_t2,P7,12,2,1000,1515.65,0.0000,0.0000,1519.0,0.0,1.000,4096.0,0.000,0,0,4096000,1,0,1,0,1,1
1,final_left,f32,1024,glibc_t2,FIXED_TWIN,12,3,1000,1592.70,0.0000,0.0000,1596.0,0.0,1.000,4096.0,0.000,0,0,4096000,1,0,1,0,1,1
1,final_left,f32,1024,glibc_t2,P6,13,0,1000,1686.36,0.0000,0.0000,1689.0,0.0,1.000,4096.0,0.000,0,0,4096000,1,1,0,0,1,1
1,final_left,f32,1024,glibc_t2,P7,13,1,1000,1590.54,0.0000,0.0000,1593.0,0.0,1.000,4096.0,0.000,0,0,4096000,1,0,1,0,1,1
1,final_left,f32,1024,glibc_t2,FIXED_TWIN,13,2,1000,1512.96,0.0000,0.0000,1514.0,0.0,1.000,4096.0,0.000,0,0,4096000,1,0,1,0,1,1
1,final_left,f32,1024,glibc_t2,P5,13,3,1000,1680.68,0.0000,0.0000,1682.0,0.0,2.000,8192.0,0.000,0,0,4100096,2,0,0,0,1,1
1,final_left,f32,1024,glibc_t2,P7,14,0,1000,1518.30,0.0000,0.0000,1520.0,0.0,1.000,4096.0,0.000,0,0,4096000,1,0,1,0,1,1
1,final_left,f32,1024,glibc_t2,FIXED_TWIN,14,1,1000,1544.76,0.0000,0.0000,1548.0,0.0,1.000,4096.0,0.000,0,0,4096000,1,0,1,0,1,1
1,final_left,f32,1024,glibc_t2,P5,14,2,1000,1669.81,0.0000,0.0000,1672.0,0.0,2.000,8192.0,0.000,0,0,4100096,2,0,0,0,1,1
1,final_left,f32,1024,glibc_t2,P6,14,3,1000,1661.67,0.0000,0.0000,1664.0,0.0,1.000,4096.0,0.000,0,0,4096000,1,1,0,0,1,1
1,final_left,f32,4096,glibc_t2,P5,0,0,1,1634.00,0.0000,0.0000,4000.0,0.0,2.000,32768.0,0.000,0,0,32768,2,0,0,0,1,1
1,final_left,f32,4096,glibc_t2,P6,0,1,1,1340.00,0.0000,0.0000,2000.0,0.0,1.000,16384.0,0.000,0,0,16384,1,1,0,0,1,1
1,final_left,f32,4096,glibc_t2,P7,0,2,1,1220.00,0.0000,0.0000,1000.0,0.0,1.000,16384.0,0.000,0,0,16384,1,0,1,0,1,1
1,final_left,f32,4096,glibc_t2,FIXED_TWIN,0,3,1,1272.00,0.0000,0.0000,2000.0,0.0,1.000,16384.0,0.000,0,0,16384,1,0,1,0,1,1
1,final_left,f32,4096,glibc_t2,P6,1,0,1,1293.00,0.0000,0.0000,2000.0,0.0,1.000,16384.0,0.000,0,0,16384,1,1,0,0,1,1
1,final_left,f32,4096,glibc_t2,P7,1,1,1,1200.00,0.0000,0.0000,2000.0,0.0,1.000,16384.0,0.000,0,0,16384,1,0,1,0,1,1
1,final_left,f32,4096,glibc_t2,FIXED_TWIN,1,2,1,1202.00,0.0000,0.0000,2000.0,0.0,1.000,16384.0,0.000,0,0,16384,1,0,1,0,1,1
1,final_left,f32,4096,glibc_t2,P5,1,3,1,1485.00,0.0000,0.0000,2000.0,0.0,2.000,32768.0,0.000,0,0,32768,2,0,0,0,1,1
1,final_left,f32,4096,glibc_t2,P7,2,0,1,1191.00,0.0000,0.0000,2000.0,0.0,1.000,16384.0,0.000,0,0,16384,1,0,1,0,1,1
1,final_left,f32,4096,glibc_t2,FIXED_TWIN,2,1,1,1200.00,0.0000,0.0000,2000.0,0.0,1.000,16384.0,0.000,0,0,16384,1,0,1,0,1,1
1,final_left,f32,4096,glibc_t2,P5,2,2,1,1471.00,0.0000,0.0000,2000.0,0.0,2.000,32768.0,0.000,0,0,32768,2,0,0,0,1,1
1,final_left,f32,4096,glibc_t2,P6,2,3,1,1303.00,0.0000,0.0000,2000.0,0.0,1.000,16384.0,0.000,0,0,16384,1,1,0,0,1,1
1,final_left,f32,4096,glibc_t2,FIXED_TWIN,3,0,1,1246.00,0.0000,0.0000,2000.0,0.0,1.000,16384.0,0.000,0,0,16384,1,0,1,0,1,1
1,final_left,f32,4096,glibc_t2,P5,3,1,1,1480.00,0.0000,0.0000,2000.0,0.0,2.000,32768.0,0.000,0,0,32768,2,0,0,0,1,1
1,final_left,f32,4096,glibc_t2,P6,3,2,1,1324.00,0.0000,0.0000,2000.0,0.0,1.000,16384.0,0.000,0,0,16384,1,1,0,0,1,1
1,final_left,f32,4096,glibc_t2,P7,3,3,1,1219.00,0.0000,0.0000,2000.0,0.0,1.000,16384.0,0.000,0,0,16384,1,0,1,0,1,1
1,final_left,f32,4096,glibc_t2,P5,4,0,1,1485.00,0.0000,0.0000,2000.0,0.0,2.000,32768.0,0.000,0,0,32768,2,0,0,0,1,1
1,final_left,f32,4096,glibc_t2,P6,4,1,1,1348.00,0.0000,0.0000,2000.0,0.0,1.000,16384.0,0.000,0,0,16384,1,1,0,0,1,1
1,final_left,f32,4096,glibc_t2,P7,4,2,1,1220.00,0.0000,0.0000,1000.0,0.0,1.000,16384.0,0.000,0,0,16384,1,0,1,0,1,1
1,final_left,f32,4096,glibc_t2,FIXED_TWIN,4,3,1,1218.00,0.0000,0.0000,1000.0,0.0,1.000,16384.0,0.000,0,0,16384,1,0,1,0,1,1
1,final_left,f32,4096,glibc_t2,P6,5,0,1,1341.00,0.0000,0.0000,2000.0,0.0,1.000,16384.0,0.000,0,0,16384,1,1,0,0,1,1
1,final_left,f32,4096,glibc_t2,P7,5,1,1,1203.00,0.0000,0.0000,2000.0,0.0,1.000,16384.0,0.000,0,0,16384,1,0,1,0,1,1
1,final_left,f32,4096,glibc_t2,FIXED_TWIN,5,2,1,1206.00,0.0000,0.0000,1000.0,0.0,1.000,16384.0,0.000,0,0,16384,1,0,1,0,1,1
1,final_left,f32,4096,glibc_t2,P5,5,3,1,1458.00,0.0000,0.0000,2000.0,0.0,2.000,32768.0,0.000,0,0,32768,2,0,0,0,1,1
1,final_left,f32,4096,glibc_t2,P7,6,0,1,1203.00,0.0000,0.0000,2000.0,0.0,1.000,16384.0,0.000,0,0,16384,1,0,1,0,1,1
1,final_left,f32,4096,glibc_t2,FIXED_TWIN,6,1,1,1201.00,0.0000,0.0000,1000.0,0.0,1.000,16384.0,0.000,0,0,16384,1,0,1,0,1,1
1,final_left,f32,4096,glibc_t2,P5,6,2,1,1494.00,0.0000,0.0000,2000.0,0.0,2.000,32768.0,0.000,0,0,32768,2,0,0,0,1,1
1,final_left,f32,4096,glibc_t2,P6,6,3,1,1355.00,0.0000,0.0000,2000.0,0.0,1.000,16384.0,0.000,0,0,16384,1,1,0,0,1,1
1,final_left,f32,4096,glibc_t2,FIXED_TWIN,7,0,1,1189.00,0.0000,0.0000,1000.0,0.0,1.000,16384.0,0.000,0,0,16384,1,0,1,0,1,1
1,final_left,f32,4096,glibc_t2,P5,7,1,1,1498.00,0.0000,0.0000,2000.0,0.0,2.000,32768.0,0.000,0,0,32768,2,0,0,0,1,1
1,final_left,f32,4096,glibc_t2,P6,7,2,1,1333.00,0.0000,0.0000,2000.0,0.0,1.000,16384.0,0.000,0,0,16384,1,1,0,0,1,1
1,final_left,f32,4096,glibc_t2,P7,7,3,1,1231.00,0.0000,0.0000,1000.0,0.0,1.000,16384.0,0.000,0,0,16384,1,0,1,0,1,1
1,final_left,f32,4096,glibc_t2,P5,8,0,1,1475.00,0.0000,0.0000,2000.0,0.0,2.000,32768.0,0.000,0,0,32768,2,0,0,0,1,1
1,final_left,f32,4096,glibc_t2,P6,8,1,1,1324.00,0.0000,0.0000,2000.0,0.0,1.000,16384.0,0.000,0,0,16384,1,1,0,0,1,1
1,final_left,f32,4096,glibc_t2,P7,8,2,1,1211.00,0.0000,0.0000,1000.0,0.0,1.000,16384.0,0.000,0,0,16384,1,0,1,0,1,1
1,final_left,f32,4096,glibc_t2,FIXED_TWIN,8,3,1,1235.00,0.0000,0.0000,2000.0,0.0,1.000,16384.0,0.000,0,0,16384,1,0,1,0,1,1
1,final_left,f32,4096,glibc_t2,P6,9,0,1,1328.00,0.0000,0.0000,2000.0,0.0,1.000,16384.0,0.000,0,0,16384,1,1,0,0,1,1
1,final_left,f32,4096,glibc_t2,P7,9,1,1,1219.00,0.0000,0.0000,2000.0,0.0,1.000,16384.0,0.000,0,0,16384,1,0,1,0,1,1
1,final_left,f32,4096,glibc_t2,FIXED_TWIN,9,2,1,1489.00,0.0000,0.0000,2000.0,0.0,1.000,16384.0,0.000,0,0,16384,1,0,1,0,1,1
1,final_left,f32,4096,glibc_t2,P5,9,3,1,1475.00,0.0000,0.0000,2000.0,0.0,2.000,32768.0,0.000,0,0,32768,2,0,0,0,1,1
1,final_left,f32,4096,glibc_t2,P7,10,0,1,1196.00,0.0000,0.0000,2000.0,0.0,1.000,16384.0,0.000,0,0,16384,1,0,1,0,1,1
1,final_left,f32,4096,glibc_t2,FIXED_TWIN,10,1,1,1199.00,0.0000,0.0000,1000.0,0.0,1.000,16384.0,0.000,0,0,16384,1,0,1,0,1,1
1,final_left,f32,4096,glibc_t2,P5,10,2,1,1502.00,0.0000,0.0000,2000.0,0.0,2.000,32768.0,0.000,0,0,32768,2,0,0,0,1,1
1,final_left,f32,4096,glibc_t2,P6,10,3,1,1323.00,0.0000,0.0000,2000.0,0.0,1.000,16384.0,0.000,0,0,16384,1,1,0,0,1,1
1,final_left,f32,4096,glibc_t2,FIXED_TWIN,11,0,1,1189.00,0.0000,0.0000,1000.0,0.0,1.000,16384.0,0.000,0,0,16384,1,0,1,0,1,1
1,final_left,f32,4096,glibc_t2,P5,11,1,1,1472.00,0.0000,0.0000,2000.0,0.0,2.000,32768.0,0.000,0,0,32768,2,0,0,0,1,1
1,final_left,f32,4096,glibc_t2,P6,11,2,1,1346.00,0.0000,0.0000,2000.0,0.0,1.000,16384.0,0.000,0,0,16384,1,1,0,0,1,1
1,final_left,f32,4096,glibc_t2,P7,11,3,1,1218.00,0.0000,0.0000,1000.0,0.0,1.000,16384.0,0.000,0,0,16384,1,0,1,0,1,1
1,final_left,f32,4096,glibc_t2,P5,12,0,1,1497.00,0.0000,0.0000,2000.0,0.0,2.000,32768.0,0.000,0,0,32768,2,0,0,0,1,1
1,final_left,f32,4096,glibc_t2,P6,12,1,1,1293.00,0.0000,0.0000,2000.0,0.0,1.000,16384.0,0.000,0,0,16384,1,1,0,0,1,1
1,final_left,f32,4096,glibc_t2,P7,12,2,1,1213.00,0.0000,0.0000,1000.0,0.0,1.000,16384.0,0.000,0,0,16384,1,0,1,0,1,1
1,final_left,f32,4096,glibc_t2,FIXED_TWIN,12,3,1,1238.00,0.0000,0.0000,1000.0,0.0,1.000,16384.0,0.000,0,0,16384,1,0,1,0,1,1
1,final_left,f32,4096,glibc_t2,P6,13,0,1,1312.00,0.0000,0.0000,2000.0,0.0,1.000,16384.0,0.000,0,0,16384,1,1,0,0,1,1
1,final_left,f32,4096,glibc_t2,P7,13,1,1,1212.00,0.0000,0.0000,2000.0,0.0,1.000,16384.0,0.000,0,0,16384,1,0,1,0,1,1
1,final_left,f32,4096,glibc_t2,FIXED_TWIN,13,2,1,1320.00,0.0000,0.0000,1000.0,0.0,1.000,16384.0,0.000,0,0,16384,1,0,1,0,1,1
1,final_left,f32,4096,glibc_t2,P5,13,3,1,1648.00,0.0000,0.0000,2000.0,0.0,2.000,32768.0,0.000,0,0,32768,2,0,0,0,1,1
1,final_left,f32,4096,glibc_t2,P7,14,0,1,1299.00,0.0000,0.0000,2000.0,0.0,1.000,16384.0,0.000,0,0,16384,1,0,1,0,1,1
1,final_left,f32,4096,glibc_t2,FIXED_TWIN,14,1,1,1220.00,0.0000,0.0000,2000.0,0.0,1.000,16384.0,0.000,0,0,16384,1,0,1,0,1,1
1,final_left,f32,4096,glibc_t2,P5,14,2,1,1508.00,0.0000,0.0000,1000.0,0.0,2.000,32768.0,0.000,0,0,32768,2,0,0,0,1,1
1,final_left,f32,4096,glibc_t2,P6,14,3,1,1397.00,0.0000,0.0000,2000.0,0.0,1.000,16384.0,0.000,0,0,16384,1,1,0,0,1,1
1,final_left,f32,16384,glibc_t2,P5,0,0,1,4747.00,0.0000,0.0000,5000.0,0.0,2.000,131072.0,0.000,0,0,131072,2,0,0,0,1,1
1,final_left,f32,16384,glibc_t2,P6,0,1,1,4604.00,0.0000,0.0000,5000.0,0.0,1.000,65536.0,0.000,0,0,65536,1,1,0,0,1,1
1,final_left,f32,16384,glibc_t2,P7,0,2,1,3818.00,0.0000,0.0000,4000.0,0.0,1.000,65536.0,0.000,0,0,65536,1,0,1,0,1,1
1,final_left,f32,16384,glibc_t2,FIXED_TWIN,0,3,1,3809.00,0.0000,0.0000,4000.0,0.0,1.000,65536.0,0.000,0,0,65536,1,0,1,0,1,1
1,final_left,f32,16384,glibc_t2,P6,1,0,1,4587.00,0.0000,0.0000,5000.0,0.0,1.000,65536.0,0.000,0,0,65536,1,1,0,0,1,1
1,final_left,f32,16384,glibc_t2,P7,1,1,1,3837.00,0.0000,0.0000,4000.0,0.0,1.000,65536.0,0.000,0,0,65536,1,0,1,0,1,1
1,final_left,f32,16384,glibc_t2,FIXED_TWIN,1,2,1,3784.00,0.0000,0.0000,4000.0,0.0,1.000,65536.0,0.000,0,0,65536,1,0,1,0,1,1
1,final_left,f32,16384,glibc_t2,P5,1,3,1,4731.00,0.0000,0.0000,6000.0,0.0,2.000,131072.0,0.000,0,0,131072,2,0,0,0,1,1
1,final_left,f32,16384,glibc_t2,P7,2,0,1,3816.00,0.0000,0.0000,5000.0,0.0,1.000,65536.0,0.000,0,0,65536,1,0,1,0,1,1
1,final_left,f32,16384,glibc_t2,FIXED_TWIN,2,1,1,3833.00,0.0000,0.0000,5000.0,0.0,1.000,65536.0,0.000,0,0,65536,1,0,1,0,1,1
1,final_left,f32,16384,glibc_t2,P5,2,2,1,4677.00,0.0000,0.0000,5000.0,0.0,2.000,131072.0,0.000,0,0,131072,2,0,0,0,1,1
1,final_left,f32,16384,glibc_t2,P6,2,3,1,4647.00,0.0000,0.0000,5000.0,0.0,1.000,65536.0,0.000,0,0,65536,1,1,0,0,1,1
1,final_left,f32,16384,glibc_t2,FIXED_TWIN,3,0,1,3833.00,0.0000,0.0000,5000.0,0.0,1.000,65536.0,0.000,0,0,65536,1,0,1,0,1,1
1,final_left,f32,16384,glibc_t2,P5,3,1,1,4652.00,0.0000,0.0000,5000.0,0.0,2.000,131072.0,0.000,0,0,131072,2,0,0,0,1,1
1,final_left,f32,16384,glibc_t2,P6,3,2,1,4596.00,0.0000,0.0000,5000.0,0.0,1.000,65536.0,0.000,0,0,65536,1,1,0,0,1,1
1,final_left,f32,16384,glibc_t2,P7,3,3,1,3894.00,0.0000,0.0000,4000.0,0.0,1.000,65536.0,0.000,0,0,65536,1,0,1,0,1,1
1,final_left,f32,16384,glibc_t2,P5,4,0,1,4692.00,0.0000,0.0000,5000.0,0.0,2.000,131072.0,0.000,0,0,131072,2,0,0,0,1,1
1,final_left,f32,16384,glibc_t2,P6,4,1,1,4564.00,0.0000,0.0000,5000.0,0.0,1.000,65536.0,0.000,0,0,65536,1,1,0,0,1,1
1,final_left,f32,16384,glibc_t2,P7,4,2,1,3826.00,0.0000,0.0000,4000.0,0.0,1.000,65536.0,0.000,0,0,65536,1,0,1,0,1,1
1,final_left,f32,16384,glibc_t2,FIXED_TWIN,4,3,1,4011.00,0.0000,0.0000,5000.0,0.0,1.000,65536.0,0.000,0,0,65536,1,0,1,0,1,1
1,final_left,f32,16384,glibc_t2,P6,5,0,1,4689.00,0.0000,0.0000,5000.0,0.0,1.000,65536.0,0.000,0,0,65536,1,1,0,0,1,1
1,final_left,f32,16384,glibc_t2,P7,5,1,1,3892.00,0.0000,0.0000,4000.0,0.0,1.000,65536.0,0.000,0,0,65536,1,0,1,0,1,1
1,final_left,f32,16384,glibc_t2,FIXED_TWIN,5,2,1,3865.00,0.0000,0.0000,4000.0,0.0,1.000,65536.0,0.000,0,0,65536,1,0,1,0,1,1
1,final_left,f32,16384,glibc_t2,P5,5,3,1,4787.00,0.0000,0.0000,6000.0,0.0,2.000,131072.0,0.000,0,0,131072,2,0,0,0,1,1
1,final_left,f32,16384,glibc_t2,P7,6,0,1,3977.00,0.0000,0.0000,5000.0,0.0,1.000,65536.0,0.000,0,0,65536,1,0,1,0,1,1
1,final_left,f32,16384,glibc_t2,FIXED_TWIN,6,1,1,3868.00,0.0000,0.0000,4000.0,0.0,1.000,65536.0,0.000,0,0,65536,1,0,1,0,1,1
1,final_left,f32,16384,glibc_t2,P5,6,2,1,4710.00,0.0000,0.0000,5000.0,0.0,2.000,131072.0,0.000,0,0,131072,2,0,0,0,1,1
1,final_left,f32,16384,glibc_t2,P6,6,3,1,4614.00,0.0000,0.0000,5000.0,0.0,1.000,65536.0,0.000,0,0,65536,1,1,0,0,1,1
1,final_left,f32,16384,glibc_t2,FIXED_TWIN,7,0,1,3825.00,0.0000,0.0000,5000.0,0.0,1.000,65536.0,0.000,0,0,65536,1,0,1,0,1,1
1,final_left,f32,16384,glibc_t2,P5,7,1,1,4680.00,0.0000,0.0000,5000.0,0.0,2.000,131072.0,0.000,0,0,131072,2,0,0,0,1,1
1,final_left,f32,16384,glibc_t2,P6,7,2,1,4559.00,0.0000,0.0000,5000.0,0.0,1.000,65536.0,0.000,0,0,65536,1,1,0,0,1,1
1,final_left,f32,16384,glibc_t2,P7,7,3,1,3815.00,0.0000,0.0000,5000.0,0.0,1.000,65536.0,0.000,0,0,65536,1,0,1,0,1,1
1,final_left,f32,16384,glibc_t2,P5,8,0,1,4660.00,0.0000,0.0000,5000.0,0.0,2.000,131072.0,0.000,0,0,131072,2,0,0,0,1,1
1,final_left,f32,16384,glibc_t2,P6,8,1,1,4587.00,0.0000,0.0000,5000.0,0.0,1.000,65536.0,0.000,0,0,65536,1,1,0,0,1,1
1,final_left,f32,16384,glibc_t2,P7,8,2,1,3815.00,0.0000,0.0000,5000.0,0.0,1.000,65536.0,0.000,0,0,65536,1,0,1,0,1,1
1,final_left,f32,16384,glibc_t2,FIXED_TWIN,8,3,1,4080.00,0.0000,0.0000,5000.0,0.0,1.000,65536.0,0.000,0,0,65536,1,0,1,0,1,1
1,final_left,f32,16384,glibc_t2,P6,9,0,1,4575.00,0.0000,0.0000,5000.0,0.0,1.000,65536.0,0.000,0,0,65536,1,1,0,0,1,1
1,final_left,f32,16384,glibc_t2,P7,9,1,1,3864.00,0.0000,0.0000,5000.0,0.0,1.000,65536.0,0.000,0,0,65536,1,0,1,0,1,1
1,final_left,f32,16384,glibc_t2,FIXED_TWIN,9,2,1,3887.00,0.0000,0.0000,5000.0,0.0,1.000,65536.0,0.000,0,0,65536,1,0,1,0,1,1
1,final_left,f32,16384,glibc_t2,P5,9,3,1,4738.00,0.0000,0.0000,5000.0,0.0,2.000,131072.0,0.000,0,0,131072,2,0,0,0,1,1
1,final_left,f32,16384,glibc_t2,P7,10,0,1,3836.00,0.0000,0.0000,4000.0,0.0,1.000,65536.0,0.000,0,0,65536,1,0,1,0,1,1
1,final_left,f32,16384,glibc_t2,FIXED_TWIN,10,1,1,3811.00,0.0000,0.0000,4000.0,0.0,1.000,65536.0,0.000,0,0,65536,1,0,1,0,1,1
1,final_left,f32,16384,glibc_t2,P5,10,2,1,4724.00,0.0000,0.0000,5000.0,0.0,2.000,131072.0,0.000,0,0,131072,2,0,0,0,1,1
1,final_left,f32,16384,glibc_t2,P6,10,3,1,4550.00,0.0000,0.0000,5000.0,0.0,1.000,65536.0,0.000,0,0,65536,1,1,0,0,1,1
1,final_left,f32,16384,glibc_t2,FIXED_TWIN,11,0,1,4057.00,0.0000,0.0000,5000.0,0.0,1.000,65536.0,0.000,0,0,65536,1,0,1,0,1,1
1,final_left,f32,16384,glibc_t2,P5,11,1,1,5814.00,0.0000,0.0000,6000.0,0.0,2.000,131072.0,0.000,0,0,131072,2,0,0,0,1,1
1,final_left,f32,16384,glibc_t2,P6,11,2,1,5293.00,0.0000,0.0000,6000.0,0.0,1.000,65536.0,0.000,0,0,65536,1,1,0,0,1,1
1,final_left,f32,16384,glibc_t2,P7,11,3,1,4736.00,0.0000,0.0000,6000.0,0.0,1.000,65536.0,0.000,0,0,65536,1,0,1,0,1,1
1,final_left,f32,16384,glibc_t2,P5,12,0,1,6222.00,0.0000,0.0000,7000.0,0.0,2.000,131072.0,0.000,0,0,131072,2,0,0,0,1,1
1,final_left,f32,16384,glibc_t2,P6,12,1,1,4665.00,0.0000,0.0000,6000.0,0.0,1.000,65536.0,0.000,0,0,65536,1,1,0,0,1,1
1,final_left,f32,16384,glibc_t2,P7,12,2,1,3892.00,0.0000,0.0000,4000.0,0.0,1.000,65536.0,0.000,0,0,65536,1,0,1,0,1,1
1,final_left,f32,16384,glibc_t2,FIXED_TWIN,12,3,1,3927.00,0.0000,0.0000,5000.0,0.0,1.000,65536.0,0.000,0,0,65536,1,0,1,0,1,1
1,final_left,f32,16384,glibc_t2,P6,13,0,1,4572.00,0.0000,0.0000,5000.0,0.0,1.000,65536.0,0.000,0,0,65536,1,1,0,0,1,1
1,final_left,f32,16384,glibc_t2,P7,13,1,1,3848.00,0.0000,0.0000,4000.0,0.0,1.000,65536.0,0.000,0,0,65536,1,0,1,0,1,1
1,final_left,f32,16384,glibc_t2,FIXED_TWIN,13,2,1,3862.00,0.0000,0.0000,4000.0,0.0,1.000,65536.0,0.000,0,0,65536,1,0,1,0,1,1
1,final_left,f32,16384,glibc_t2,P5,13,3,1,4746.00,0.0000,0.0000,5000.0,0.0,2.000,131072.0,0.000,0,0,131072,2,0,0,0,1,1
1,final_left,f32,16384,glibc_t2,P7,14,0,1,4522.00,0.0000,0.0000,5000.0,0.0,1.000,65536.0,0.000,0,0,65536,1,0,1,0,1,1
1,final_left,f32,16384,glibc_t2,FIXED_TWIN,14,1,1,4271.00,0.0000,0.0000,5000.0,0.0,1.000,65536.0,0.000,0,0,65536,1,0,1,0,1,1
1,final_left,f32,16384,glibc_t2,P5,14,2,1,5528.00,0.0000,0.0000,6000.0,0.0,2.000,131072.0,0.000,0,0,131072,2,0,0,0,1,1
1,final_left,f32,16384,glibc_t2,P6,14,3,1,4629.00,0.0000,0.0000,6000.0,0.0,1.000,65536.0,0.000,0,0,65536,1,1,0,0,1,1
1,final_left,f32,65536,glibc_t2,P5,0,0,1,155135.00,130.0000,0.0000,157000.0,0.0,2.000,524288.0,0.000,0,0,524288,2,0,0,0,1,1
1,final_left,f32,65536,glibc_t2,P6,0,1,1,80281.00,65.0000,0.0000,82000.0,0.0,1.000,262144.0,0.000,0,0,262144,1,1,0,0,1,1
1,final_left,f32,65536,glibc_t2,P7,0,2,1,91940.00,65.0000,0.0000,94000.0,0.0,1.000,262144.0,0.000,0,0,262144,1,0,1,0,1,1
1,final_left,f32,65536,glibc_t2,FIXED_TWIN,0,3,1,77249.00,65.0000,0.0000,78000.0,0.0,1.000,262144.0,0.000,0,0,262144,1,0,1,0,1,1
1,final_left,f32,65536,glibc_t2,P6,1,0,1,83466.00,65.0000,0.0000,124000.0,0.0,1.000,262144.0,0.000,0,0,262144,1,1,0,0,1,1
1,final_left,f32,65536,glibc_t2,P7,1,1,1,75407.00,65.0000,0.0000,77000.0,0.0,1.000,262144.0,0.000,0,0,262144,1,0,1,0,1,1
1,final_left,f32,65536,glibc_t2,FIXED_TWIN,1,2,1,77851.00,65.0000,0.0000,79000.0,0.0,1.000,262144.0,0.000,0,0,262144,1,0,1,0,1,1
1,final_left,f32,65536,glibc_t2,P5,1,3,1,171549.00,130.0000,0.0000,172000.0,0.0,2.000,524288.0,0.000,0,0,524288,2,0,0,0,1,1
1,final_left,f32,65536,glibc_t2,P7,2,0,1,76106.00,65.0000,0.0000,77000.0,0.0,1.000,262144.0,0.000,0,0,262144,1,0,1,0,1,1
1,final_left,f32,65536,glibc_t2,FIXED_TWIN,2,1,1,77210.00,65.0000,0.0000,78000.0,0.0,1.000,262144.0,0.000,0,0,262144,1,0,1,0,1,1
1,final_left,f32,65536,glibc_t2,P5,2,2,1,177537.00,130.0000,0.0000,178000.0,0.0,2.000,524288.0,0.000,0,0,524288,2,0,0,0,1,1
1,final_left,f32,65536,glibc_t2,P6,2,3,1,81224.00,65.0000,0.0000,82000.0,0.0,1.000,262144.0,0.000,0,0,262144,1,1,0,0,1,1
1,final_left,f32,65536,glibc_t2,FIXED_TWIN,3,0,1,76635.00,65.0000,0.0000,78000.0,0.0,1.000,262144.0,0.000,0,0,262144,1,0,1,0,1,1
1,final_left,f32,65536,glibc_t2,P5,3,1,1,173238.00,130.0000,0.0000,174000.0,0.0,2.000,524288.0,0.000,0,0,524288,2,0,0,0,1,1
1,final_left,f32,65536,glibc_t2,P6,3,2,1,80141.00,65.0000,0.0000,81000.0,0.0,1.000,262144.0,0.000,0,0,262144,1,1,0,0,1,1
1,final_left,f32,65536,glibc_t2,P7,3,3,1,78879.00,65.0000,0.0000,80000.0,0.0,1.000,262144.0,0.000,0,0,262144,1,0,1,0,1,1
1,final_left,f32,65536,glibc_t2,P5,4,0,1,168275.00,130.0000,0.0000,169000.0,0.0,2.000,524288.0,0.000,0,0,524288,2,0,0,0,1,1
1,final_left,f32,65536,glibc_t2,P6,4,1,1,79920.00,65.0000,0.0000,81000.0,0.0,1.000,262144.0,0.000,0,0,262144,1,1,0,0,1,1
1,final_left,f32,65536,glibc_t2,P7,4,2,1,78511.00,65.0000,0.0000,80000.0,0.0,1.000,262144.0,0.000,0,0,262144,1,0,1,0,1,1
1,final_left,f32,65536,glibc_t2,FIXED_TWIN,4,3,1,76847.00,65.0000,0.0000,78000.0,0.0,1.000,262144.0,0.000,0,0,262144,1,0,1,0,1,1
1,final_left,f32,65536,glibc_t2,P6,5,0,1,106252.00,65.0000,0.0000,108000.0,0.0,1.000,262144.0,0.000,0,0,262144,1,1,0,0,1,1
1,final_left,f32,65536,glibc_t2,P7,5,1,1,75118.00,65.0000,0.0000,76000.0,0.0,1.000,262144.0,0.000,0,0,262144,1,0,1,0,1,1
1,final_left,f32,65536,glibc_t2,FIXED_TWIN,5,2,1,75023.00,65.0000,0.0000,75000.0,0.0,1.000,262144.0,0.000,0,0,262144,1,0,1,0,1,1
1,final_left,f32,65536,glibc_t2,P5,5,3,1,189544.00,130.0000,0.0000,191000.0,0.0,2.000,524288.0,0.000,0,0,524288,2,0,0,0,1,1
1,final_left,f32,65536,glibc_t2,P7,6,0,1,77352.00,65.0000,0.0000,79000.0,0.0,1.000,262144.0,0.000,0,0,262144,1,0,1,0,1,1
1,final_left,f32,65536,glibc_t2,FIXED_TWIN,6,1,1,74603.00,65.0000,0.0000,75000.0,0.0,1.000,262144.0,0.000,0,0,262144,1,0,1,0,1,1
1,final_left,f32,65536,glibc_t2,P5,6,2,1,170461.00,130.0000,0.0000,171000.0,0.0,2.000,524288.0,0.000,0,0,524288,2,0,0,0,1,1
1,final_left,f32,65536,glibc_t2,P6,6,3,1,82825.00,65.0000,0.0000,84000.0,0.0,1.000,262144.0,0.000,0,0,262144,1,1,0,0,1,1
1,final_left,f32,65536,glibc_t2,FIXED_TWIN,7,0,1,77140.00,65.0000,0.0000,78000.0,0.0,1.000,262144.0,0.000,0,0,262144,1,0,1,0,1,1
1,final_left,f32,65536,glibc_t2,P5,7,1,1,152894.00,130.0000,0.0000,154000.0,0.0,2.000,524288.0,0.000,0,0,524288,2,0,0,0,1,1
1,final_left,f32,65536,glibc_t2,P6,7,2,1,80713.00,65.0000,0.0000,82000.0,0.0,1.000,262144.0,0.000,0,0,262144,1,1,0,0,1,1
1,final_left,f32,65536,glibc_t2,P7,7,3,1,78087.00,65.0000,0.0000,79000.0,0.0,1.000,262144.0,0.000,0,0,262144,1,0,1,0,1,1
1,final_left,f32,65536,glibc_t2,P5,8,0,1,155955.00,130.0000,0.0000,157000.0,0.0,2.000,524288.0,0.000,0,0,524288,2,0,0,0,1,1
1,final_left,f32,65536,glibc_t2,P6,8,1,1,88104.00,65.0000,0.0000,89000.0,0.0,1.000,262144.0,0.000,0,0,262144,1,1,0,0,1,1
1,final_left,f32,65536,glibc_t2,P7,8,2,1,77206.00,65.0000,0.0000,78000.0,0.0,1.000,262144.0,0.000,0,0,262144,1,0,1,0,1,1
1,final_left,f32,65536,glibc_t2,FIXED_TWIN,8,3,1,125358.00,65.0000,0.0000,126000.0,0.0,1.000,262144.0,0.000,0,0,262144,1,0,1,0,1,1
1,final_left,f32,65536,glibc_t2,P6,9,0,1,79953.00,65.0000,0.0000,81000.0,0.0,1.000,262144.0,0.000,0,0,262144,1,1,0,0,1,1
1,final_left,f32,65536,glibc_t2,P7,9,1,1,75658.00,65.0000,0.0000,77000.0,0.0,1.000,262144.0,0.000,0,0,262144,1,0,1,0,1,1
1,final_left,f32,65536,glibc_t2,FIXED_TWIN,9,2,1,75697.00,65.0000,0.0000,77000.0,0.0,1.000,262144.0,0.000,0,0,262144,1,0,1,0,1,1
1,final_left,f32,65536,glibc_t2,P5,9,3,1,154675.00,130.0000,0.0000,156000.0,0.0,2.000,524288.0,0.000,0,0,524288,2,0,0,0,1,1
1,final_left,f32,65536,glibc_t2,P7,10,0,1,75589.00,65.0000,0.0000,76000.0,0.0,1.000,262144.0,0.000,0,0,262144,1,0,1,0,1,1
1,final_left,f32,65536,glibc_t2,FIXED_TWIN,10,1,1,90537.00,65.0000,0.0000,91000.0,0.0,1.000,262144.0,0.000,0,0,262144,1,0,1,0,1,1
1,final_left,f32,65536,glibc_t2,P5,10,2,1,151010.00,130.0000,0.0000,152000.0,0.0,2.000,524288.0,0.000,0,0,524288,2,0,0,0,1,1
1,final_left,f32,65536,glibc_t2,P6,10,3,1,79927.00,65.0000,0.0000,81000.0,0.0,1.000,262144.0,0.000,0,0,262144,1,1,0,0,1,1
1,final_left,f32,65536,glibc_t2,FIXED_TWIN,11,0,1,93688.00,65.0000,0.0000,94000.0,0.0,1.000,262144.0,0.000,0,0,262144,1,0,1,0,1,1
1,final_left,f32,65536,glibc_t2,P5,11,1,1,152106.00,130.0000,0.0000,153000.0,0.0,2.000,524288.0,0.000,0,0,524288,2,0,0,0,1,1
1,final_left,f32,65536,glibc_t2,P6,11,2,1,80043.00,65.0000,0.0000,81000.0,0.0,1.000,262144.0,0.000,0,0,262144,1,1,0,0,1,1
1,final_left,f32,65536,glibc_t2,P7,11,3,1,94152.00,65.0000,0.0000,95000.0,0.0,1.000,262144.0,0.000,0,0,262144,1,0,1,0,1,1
1,final_left,f32,65536,glibc_t2,P5,12,0,1,155150.00,130.0000,0.0000,0.0,156000.0,2.000,524288.0,0.000,0,0,524288,2,0,0,0,1,1
1,final_left,f32,65536,glibc_t2,P6,12,1,1,78758.00,65.0000,0.0000,0.0,79000.0,1.000,262144.0,0.000,0,0,262144,1,1,0,0,1,1
1,final_left,f32,65536,glibc_t2,P7,12,2,1,114225.00,65.0000,0.0000,0.0,115000.0,1.000,262144.0,0.000,0,0,262144,1,0,1,0,1,1
1,final_left,f32,65536,glibc_t2,FIXED_TWIN,12,3,1,75595.00,65.0000,0.0000,0.0,77000.0,1.000,262144.0,0.000,0,0,262144,1,0,1,0,1,1
1,final_left,f32,65536,glibc_t2,P6,13,0,1,81641.00,65.0000,0.0000,0.0,82000.0,1.000,262144.0,0.000,0,0,262144,1,1,0,0,1,1
1,final_left,f32,65536,glibc_t2,P7,13,1,1,77282.00,65.0000,0.0000,0.0,78000.0,1.000,262144.0,0.000,0,0,262144,1,0,1,0,1,1
1,final_left,f32,65536,glibc_t2,FIXED_TWIN,13,2,1,81205.00,65.0000,0.0000,0.0,82000.0,1.000,262144.0,0.000,0,0,262144,1,0,1,0,1,1
1,final_left,f32,65536,glibc_t2,P5,13,3,1,155141.00,130.0000,0.0000,0.0,156000.0,2.000,524288.0,0.000,0,0,524288,2,0,0,0,1,1
1,final_left,f32,65536,glibc_t2,P7,14,0,1,103771.00,65.0000,0.0000,0.0,105000.0,1.000,262144.0,0.000,0,0,262144,1,0,1,0,1,1
1,final_left,f32,65536,glibc_t2,FIXED_TWIN,14,1,1,80594.00,65.0000,0.0000,0.0,82000.0,1.000,262144.0,0.000,0,0,262144,1,0,1,0,1,1
1,final_left,f32,65536,glibc_t2,P5,14,2,1,155241.00,130.0000,0.0000,0.0,156000.0,2.000,524288.0,0.000,0,0,524288,2,0,0,0,1,1
1,final_left,f32,65536,glibc_t2,P6,14,3,1,107769.00,65.0000,0.0000,61000.0,49000.0,1.000,262144.0,0.000,0,0,262144,1,1,0,0,1,1
1,final_left,f32,262144,glibc_t2,P5,0,0,1,717110.00,514.0000,0.0000,0.0,721000.0,2.000,2097152.0,0.000,0,0,2097152,2,0,0,0,1,1
1,final_left,f32,262144,glibc_t2,P6,0,1,1,391213.00,257.0000,0.0000,394000.0,0.0,1.000,1048576.0,0.000,0,0,1048576,1,1,0,0,1,1
1,final_left,f32,262144,glibc_t2,P7,0,2,1,357726.00,257.0000,0.0000,360000.0,0.0,1.000,1048576.0,0.000,0,0,1048576,1,0,1,0,1,1
1,final_left,f32,262144,glibc_t2,FIXED_TWIN,0,3,1,374073.00,257.0000,0.0000,209000.0,166000.0,1.000,1048576.0,0.000,0,0,1048576,1,0,1,0,1,1
1,final_left,f32,262144,glibc_t2,P6,1,0,1,446748.00,257.0000,0.0000,0.0,449000.0,1.000,1048576.0,0.000,0,0,1048576,1,1,0,0,1,1
1,final_left,f32,262144,glibc_t2,P7,1,1,1,351710.00,257.0000,0.0000,0.0,353000.0,1.000,1048576.0,0.000,0,0,1048576,1,0,1,0,1,1
1,final_left,f32,262144,glibc_t2,FIXED_TWIN,1,2,1,352408.00,257.0000,0.0000,0.0,354000.0,1.000,1048576.0,0.000,0,0,1048576,1,0,1,0,1,1
1,final_left,f32,262144,glibc_t2,P5,1,3,1,729091.00,514.0000,0.0000,0.0,731000.0,2.000,2097152.0,0.000,0,0,2097152,2,0,0,0,1,1
1,final_left,f32,262144,glibc_t2,P7,2,0,1,357651.00,257.0000,0.0000,0.0,359000.0,1.000,1048576.0,0.000,0,0,1048576,1,0,1,0,1,1
1,final_left,f32,262144,glibc_t2,FIXED_TWIN,2,1,1,361247.00,257.0000,0.0000,0.0,363000.0,1.000,1048576.0,0.000,0,0,1048576,1,0,1,0,1,1
1,final_left,f32,262144,glibc_t2,P5,2,2,1,721857.00,514.0000,0.0000,725000.0,0.0,2.000,2097152.0,0.000,0,0,2097152,2,0,0,0,1,1
1,final_left,f32,262144,glibc_t2,P6,2,3,1,409718.00,257.0000,0.0000,412000.0,0.0,1.000,1048576.0,0.000,0,0,1048576,1,1,0,0,1,1
1,final_left,f32,262144,glibc_t2,FIXED_TWIN,3,0,1,377925.00,257.0000,0.0000,380000.0,0.0,1.000,1048576.0,0.000,0,0,1048576,1,0,1,0,1,1
1,final_left,f32,262144,glibc_t2,P5,3,1,1,704022.00,514.0000,0.0000,706000.0,0.0,2.000,2097152.0,0.000,0,0,2097152,2,0,0,0,1,1
1,final_left,f32,262144,glibc_t2,P6,3,2,1,392044.00,257.0000,0.0000,394000.0,0.0,1.000,1048576.0,0.000,0,0,1048576,1,1,0,0,1,1
1,final_left,f32,262144,glibc_t2,P7,3,3,1,405947.00,257.0000,0.0000,408000.0,0.0,1.000,1048576.0,0.000,0,0,1048576,1,0,1,0,1,1
1,final_left,f32,262144,glibc_t2,P5,4,0,1,694111.00,514.0000,0.0000,0.0,696000.0,2.000,2097152.0,0.000,0,0,2097152,2,0,0,0,1,1
1,final_left,f32,262144,glibc_t2,P6,4,1,1,390185.00,257.0000,0.0000,0.0,393000.0,1.000,1048576.0,0.000,0,0,1048576,1,1,0,0,1,1
1,final_left,f32,262144,glibc_t2,P7,4,2,1,350145.00,257.0000,0.0000,196000.0,156000.0,1.000,1048576.0,0.000,0,0,1048576,1,0,1,0,1,1
1,final_left,f32,262144,glibc_t2,FIXED_TWIN,4,3,1,377092.00,257.0000,0.0000,379000.0,0.0,1.000,1048576.0,0.000,0,0,1048576,1,0,1,0,1,1
1,final_left,f32,262144,glibc_t2,P6,5,0,1,392200.00,257.0000,0.0000,395000.0,0.0,1.000,1048576.0,0.000,0,0,1048576,1,1,0,0,1,1
1,final_left,f32,262144,glibc_t2,P7,5,1,1,413765.00,257.0000,0.0000,417000.0,0.0,1.000,1048576.0,0.000,0,0,1048576,1,0,1,0,1,1
1,final_left,f32,262144,glibc_t2,FIXED_TWIN,5,2,1,361891.00,257.0000,0.0000,0.0,364000.0,1.000,1048576.0,0.000,0,0,1048576,1,0,1,0,1,1
1,final_left,f32,262144,glibc_t2,P5,5,3,1,685323.00,514.0000,0.0000,0.0,687000.0,2.000,2097152.0,0.000,0,0,2097152,2,0,0,0,1,1
1,final_left,f32,262144,glibc_t2,P7,6,0,1,380103.00,257.0000,0.0000,213000.0,169000.0,1.000,1048576.0,0.000,0,0,1048576,1,0,1,0,1,1
1,final_left,f32,262144,glibc_t2,FIXED_TWIN,6,1,1,384430.00,257.0000,0.0000,386000.0,0.0,1.000,1048576.0,0.000,0,0,1048576,1,0,1,0,1,1
1,final_left,f32,262144,glibc_t2,P5,6,2,1,722220.00,514.0000,0.0000,724000.0,0.0,2.000,2097152.0,0.000,0,0,2097152,2,0,0,0,1,1
1,final_left,f32,262144,glibc_t2,P6,6,3,1,452324.00,257.0000,0.0000,0.0,455000.0,1.000,1048576.0,0.000,0,0,1048576,1,1,0,0,1,1
1,final_left,f32,262144,glibc_t2,FIXED_TWIN,7,0,1,369666.00,257.0000,0.0000,0.0,372000.0,1.000,1048576.0,0.000,0,0,1048576,1,0,1,0,1,1
1,final_left,f32,262144,glibc_t2,P5,7,1,1,708205.00,514.0000,0.0000,0.0,710000.0,2.000,2097152.0,0.000,0,0,2097152,2,0,0,0,1,1
1,final_left,f32,262144,glibc_t2,P6,7,2,1,390220.00,257.0000,0.0000,0.0,392000.0,1.000,1048576.0,0.000,0,0,1048576,1,1,0,0,1,1
1,final_left,f32,262144,glibc_t2,P7,7,3,1,356528.00,257.0000,0.0000,0.0,359000.0,1.000,1048576.0,0.000,0,0,1048576,1,0,1,0,1,1
1,final_left,f32,262144,glibc_t2,P5,8,0,1,716233.00,514.0000,0.0000,0.0,718000.0,2.000,2097152.0,0.000,0,0,2097152,2,0,0,0,1,1
1,final_left,f32,262144,glibc_t2,P6,8,1,1,421747.00,257.0000,0.0000,424000.0,0.0,1.000,1048576.0,0.000,0,0,1048576,1,1,0,0,1,1
1,final_left,f32,262144,glibc_t2,P7,8,2,1,393512.00,257.0000,0.0000,395000.0,0.0,1.000,1048576.0,0.000,0,0,1048576,1,0,1,0,1,1
1,final_left,f32,262144,glibc_t2,FIXED_TWIN,8,3,1,391247.00,257.0000,0.0000,394000.0,0.0,1.000,1048576.0,0.000,0,0,1048576,1,0,1,0,1,1
1,final_left,f32,262144,glibc_t2,P6,9,0,1,388134.00,257.0000,0.0000,0.0,391000.0,1.000,1048576.0,0.000,0,0,1048576,1,1,0,0,1,1
1,final_left,f32,262144,glibc_t2,P7,9,1,1,403144.00,257.0000,0.0000,0.0,405000.0,1.000,1048576.0,0.000,0,0,1048576,1,0,1,0,1,1
1,final_left,f32,262144,glibc_t2,FIXED_TWIN,9,2,1,364291.00,257.0000,0.0000,0.0,367000.0,1.000,1048576.0,0.000,0,0,1048576,1,0,1,0,1,1
1,final_left,f32,262144,glibc_t2,P5,9,3,1,709273.00,514.0000,0.0000,0.0,711000.0,2.000,2097152.0,0.000,0,0,2097152,2,0,0,0,1,1
1,final_left,f32,262144,glibc_t2,P7,10,0,1,385156.00,257.0000,0.0000,0.0,387000.0,1.000,1048576.0,0.000,0,0,1048576,1,0,1,0,1,1
1,final_left,f32,262144,glibc_t2,FIXED_TWIN,10,1,1,361674.00,257.0000,0.0000,88000.0,276000.0,1.000,1048576.0,0.000,0,0,1048576,1,0,1,0,1,1
1,final_left,f32,262144,glibc_t2,P5,10,2,1,707672.00,514.0000,0.0000,0.0,710000.0,2.000,2097152.0,0.000,0,0,2097152,2,0,0,0,1,1
1,final_left,f32,262144,glibc_t2,P6,10,3,1,390919.00,257.0000,0.0000,0.0,393000.0,1.000,1048576.0,0.000,0,0,1048576,1,1,0,0,1,1
1,final_left,f32,262144,glibc_t2,FIXED_TWIN,11,0,1,387784.00,257.0000,0.0000,216000.0,175000.0,1.000,1048576.0,0.000,0,0,1048576,1,0,1,0,1,1
1,final_left,f32,262144,glibc_t2,P5,11,1,1,701889.00,514.0000,0.0000,704000.0,0.0,2.000,2097152.0,0.000,0,0,2097152,2,0,0,0,1,1
1,final_left,f32,262144,glibc_t2,P6,11,2,1,456177.00,257.0000,0.0000,461000.0,0.0,1.000,1048576.0,0.000,0,0,1048576,1,1,0,0,1,1
1,final_left,f32,262144,glibc_t2,P7,11,3,1,355521.00,257.0000,0.0000,0.0,357000.0,1.000,1048576.0,0.000,0,0,1048576,1,0,1,0,1,1
1,final_left,f32,262144,glibc_t2,P5,12,0,1,721426.00,514.0000,0.0000,0.0,723000.0,2.000,2097152.0,0.000,0,0,2097152,2,0,0,0,1,1
1,final_left,f32,262144,glibc_t2,P6,12,1,1,387648.00,257.0000,0.0000,217000.0,173000.0,1.000,1048576.0,0.000,0,0,1048576,1,1,0,0,1,1
1,final_left,f32,262144,glibc_t2,P7,12,2,1,372229.00,257.0000,0.0000,374000.0,0.0,1.000,1048576.0,0.000,0,0,1048576,1,0,1,0,1,1
1,final_left,f32,262144,glibc_t2,FIXED_TWIN,12,3,1,391182.00,257.0000,0.0000,393000.0,0.0,1.000,1048576.0,0.000,0,0,1048576,1,0,1,0,1,1
1,final_left,f32,262144,glibc_t2,P6,13,0,1,406493.00,257.0000,0.0000,409000.0,0.0,1.000,1048576.0,0.000,0,0,1048576,1,1,0,0,1,1
1,final_left,f32,262144,glibc_t2,P7,13,1,1,363157.00,257.0000,0.0000,0.0,365000.0,1.000,1048576.0,0.000,0,0,1048576,1,0,1,0,1,1
1,final_left,f32,262144,glibc_t2,FIXED_TWIN,13,2,1,397325.00,257.0000,0.0000,0.0,400000.0,1.000,1048576.0,0.000,0,0,1048576,1,0,1,0,1,1
1,final_left,f32,262144,glibc_t2,P5,13,3,1,742223.00,514.0000,0.0000,396000.0,349000.0,2.000,2097152.0,0.000,0,0,2097152,2,0,0,0,1,1
1,final_left,f32,262144,glibc_t2,P7,14,0,1,388345.00,257.0000,0.0000,391000.0,0.0,1.000,1048576.0,0.000,0,0,1048576,1,0,1,0,1,1
1,final_left,f32,262144,glibc_t2,FIXED_TWIN,14,1,1,355629.00,257.0000,0.0000,358000.0,0.0,1.000,1048576.0,0.000,0,0,1048576,1,0,1,0,1,1
1,final_left,f32,262144,glibc_t2,P5,14,2,1,738044.00,514.0000,0.0000,740000.0,0.0,2.000,2097152.0,0.000,0,0,2097152,2,0,0,0,1,1
1,final_left,f32,262144,glibc_t2,P6,14,3,1,449401.00,257.0000,0.0000,452000.0,0.0,1.000,1048576.0,0.000,0,0,1048576,1,1,0,0,1,1
1,final_left,f32,1048576,glibc_t2,P5,0,0,1,3078060.00,2050.0000,0.0000,3086000.0,0.0,2.000,8388608.0,0.000,0,0,8388608,2,0,0,0,1,1
1,final_left,f32,1048576,glibc_t2,P6,0,1,1,1703919.00,1025.0000,0.0000,1378000.0,330000.0,1.000,4194304.0,0.000,0,0,4194304,1,1,0,0,1,1
1,final_left,f32,1048576,glibc_t2,P7,0,2,1,2017560.00,1025.0000,0.0000,1123000.0,898000.0,1.000,4194304.0,0.000,0,0,4194304,1,0,1,0,1,1
1,final_left,f32,1048576,glibc_t2,FIXED_TWIN,0,3,1,1561073.00,1025.0000,0.0000,749000.0,816000.0,1.000,4194304.0,0.000,0,0,4194304,1,0,1,0,1,1
1,final_left,f32,1048576,glibc_t2,P6,1,0,1,1692855.00,1025.0000,0.0000,0.0,1697000.0,1.000,4194304.0,0.000,0,0,4194304,1,1,0,0,1,1
1,final_left,f32,1048576,glibc_t2,P7,1,1,1,1485540.00,1025.0000,0.0000,0.0,1487000.0,1.000,4194304.0,0.000,0,0,4194304,1,0,1,0,1,1
1,final_left,f32,1048576,glibc_t2,FIXED_TWIN,1,2,1,1509801.00,1025.0000,0.0000,839000.0,672000.0,1.000,4194304.0,0.000,0,0,4194304,1,0,1,0,1,1
1,final_left,f32,1048576,glibc_t2,P5,1,3,1,3290972.00,2050.0000,0.0000,3293000.0,0.0,2.000,8388608.0,0.000,0,0,8388608,2,0,0,0,1,1
1,final_left,f32,1048576,glibc_t2,P7,2,0,1,1466927.00,1025.0000,0.0000,1461000.0,8000.0,1.000,4194304.0,0.000,0,0,4194304,1,0,1,0,1,1
1,final_left,f32,1048576,glibc_t2,FIXED_TWIN,2,1,1,1513309.00,1025.0000,0.0000,0.0,1518000.0,1.000,4194304.0,0.000,0,0,4194304,1,0,1,0,1,1
1,final_left,f32,1048576,glibc_t2,P5,2,2,1,2962289.00,2050.0000,0.0000,2756000.0,207000.0,2.000,8388608.0,0.000,0,0,8388608,2,0,0,0,1,1
1,final_left,f32,1048576,glibc_t2,P6,2,3,1,1677943.00,1025.0000,0.0000,0.0,1680000.0,1.000,4194304.0,0.000,0,0,4194304,1,1,0,0,1,1
1,final_left,f32,1048576,glibc_t2,FIXED_TWIN,3,0,1,1493367.00,1025.0000,0.0000,0.0,1496000.0,1.000,4194304.0,0.000,0,0,4194304,1,0,1,0,1,1
1,final_left,f32,1048576,glibc_t2,P5,3,1,1,2934005.00,2050.0000,0.0000,0.0,2936000.0,2.000,8388608.0,0.000,0,0,8388608,2,0,0,0,1,1
1,final_left,f32,1048576,glibc_t2,P6,3,2,1,2044699.00,1025.0000,0.0000,0.0,2049000.0,1.000,4194304.0,0.000,0,0,4194304,1,1,0,0,1,1
1,final_left,f32,1048576,glibc_t2,P7,3,3,1,2016137.00,1025.0000,0.0000,0.0,2019000.0,1.000,4194304.0,0.000,0,0,4194304,1,0,1,0,1,1
1,final_left,f32,1048576,glibc_t2,P5,4,0,1,3955079.00,2050.0000,0.0000,0.0,3958000.0,2.000,8388608.0,0.000,0,0,8388608,2,0,0,0,1,1
1,final_left,f32,1048576,glibc_t2,P6,4,1,1,1806845.00,1025.0000,0.0000,1811000.0,0.0,1.000,4194304.0,0.000,0,0,4194304,1,1,0,0,1,1
1,final_left,f32,1048576,glibc_t2,P7,4,2,1,1814814.00,1025.0000,0.0000,1007000.0,810000.0,1.000,4194304.0,0.000,0,0,4194304,1,0,1,0,1,1
1,final_left,f32,1048576,glibc_t2,FIXED_TWIN,4,3,1,1667791.00,1025.0000,0.0000,648000.0,1023000.0,1.000,4194304.0,0.000,0,0,4194304,1,0,1,0,1,1
1,final_left,f32,1048576,glibc_t2,P6,5,0,1,1765214.00,1025.0000,0.0000,0.0,1768000.0,1.000,4194304.0,0.000,0,0,4194304,1,1,0,0,1,1
1,final_left,f32,1048576,glibc_t2,P7,5,1,1,1520500.00,1025.0000,0.0000,0.0,1523000.0,1.000,4194304.0,0.000,0,0,4194304,1,0,1,0,1,1
1,final_left,f32,1048576,glibc_t2,FIXED_TWIN,5,2,1,1612288.00,1025.0000,0.0000,110000.0,1505000.0,1.000,4194304.0,0.000,0,0,4194304,1,0,1,0,1,1
1,final_left,f32,1048576,glibc_t2,P5,5,3,1,3659454.00,2050.0000,0.0000,807000.0,2855000.0,2.000,8388608.0,0.000,0,0,8388608,2,0,0,0,1,1
1,final_left,f32,1048576,glibc_t2,P7,6,0,1,1530252.00,1025.0000,0.0000,1532000.0,0.0,1.000,4194304.0,0.000,0,0,4194304,1,0,1,0,1,1
1,final_left,f32,1048576,glibc_t2,FIXED_TWIN,6,1,1,1597317.00,1025.0000,0.0000,886000.0,715000.0,1.000,4194304.0,0.000,0,0,4194304,1,0,1,0,1,1
1,final_left,f32,1048576,glibc_t2,P5,6,2,1,2939438.00,2050.0000,0.0000,0.0,2944000.0,2.000,8388608.0,0.000,0,0,8388608,2,0,0,0,1,1
1,final_left,f32,1048576,glibc_t2,P6,6,3,1,1690318.00,1025.0000,0.0000,937000.0,757000.0,1.000,4194304.0,0.000,0,0,4194304,1,1,0,0,1,1
1,final_left,f32,1048576,glibc_t2,FIXED_TWIN,7,0,1,1519674.00,1025.0000,0.0000,0.0,1521000.0,1.000,4194304.0,0.000,0,0,4194304,1,0,1,0,1,1
1,final_left,f32,1048576,glibc_t2,P5,7,1,1,2910423.00,2050.0000,0.0000,2913000.0,0.0,2.000,8388608.0,0.000,0,0,8388608,2,0,0,0,1,1
1,final_left,f32,1048576,glibc_t2,P6,7,2,1,1664465.00,1025.0000,0.0000,1667000.0,0.0,1.000,4194304.0,0.000,0,0,4194304,1,1,0,0,1,1
1,final_left,f32,1048576,glibc_t2,P7,7,3,1,1482321.00,1025.0000,0.0000,822000.0,662000.0,1.000,4194304.0,0.000,0,0,4194304,1,0,1,0,1,1
1,final_left,f32,1048576,glibc_t2,P5,8,0,1,2989840.00,2050.0000,0.0000,2993000.0,0.0,2.000,8388608.0,0.000,0,0,8388608,2,0,0,0,1,1
1,final_left,f32,1048576,glibc_t2,P6,8,1,1,1611753.00,1025.0000,0.0000,895000.0,720000.0,1.000,4194304.0,0.000,0,0,4194304,1,1,0,0,1,1
1,final_left,f32,1048576,glibc_t2,P7,8,2,1,1506025.00,1025.0000,0.0000,1181000.0,327000.0,1.000,4194304.0,0.000,0,0,4194304,1,0,1,0,1,1
1,final_left,f32,1048576,glibc_t2,FIXED_TWIN,8,3,1,1490711.00,1025.0000,0.0000,0.0,1493000.0,1.000,4194304.0,0.000,0,0,4194304,1,0,1,0,1,1
1,final_left,f32,1048576,glibc_t2,P6,9,0,1,1711652.00,1025.0000,0.0000,0.0,1714000.0,1.000,4194304.0,0.000,0,0,4194304,1,1,0,0,1,1
1,final_left,f32,1048576,glibc_t2,P7,9,1,1,1523743.00,1025.0000,0.0000,846000.0,681000.0,1.000,4194304.0,0.000,0,0,4194304,1,0,1,0,1,1
1,final_left,f32,1048576,glibc_t2,FIXED_TWIN,9,2,1,1524000.00,1025.0000,0.0000,453000.0,1073000.0,1.000,4194304.0,0.000,0,0,4194304,1,0,1,0,1,1
1,final_left,f32,1048576,glibc_t2,P5,9,3,1,3179257.00,2050.0000,0.0000,1762000.0,1420000.0,2.000,8388608.0,0.000,0,0,8388608,2,0,0,0,1,1
1,final_left,f32,1048576,glibc_t2,P7,10,0,1,1557379.00,1025.0000,0.0000,1560000.0,0.0,1.000,4194304.0,0.000,0,0,4194304,1,0,1,0,1,1
1,final_left,f32,1048576,glibc_t2,FIXED_TWIN,10,1,1,1514565.00,1025.0000,0.0000,0.0,1517000.0,1.000,4194304.0,0.000,0,0,4194304,1,0,1,0,1,1
1,final_left,f32,1048576,glibc_t2,P5,10,2,1,2995656.00,2050.0000,0.0000,2464000.0,534000.0,2.000,8388608.0,0.000,0,0,8388608,2,0,0,0,1,1
1,final_left,f32,1048576,glibc_t2,P6,10,3,1,1609847.00,1025.0000,0.0000,565000.0,1047000.0,1.000,4194304.0,0.000,0,0,4194304,1,1,0,0,1,1
1,final_left,f32,1048576,glibc_t2,FIXED_TWIN,11,0,1,1464992.00,1025.0000,0.0000,468000.0,1001000.0,1.000,4194304.0,0.000,0,0,4194304,1,0,1,0,1,1
1,final_left,f32,1048576,glibc_t2,P5,11,1,1,3106953.00,2050.0000,0.0000,0.0,3109000.0,2.000,8388608.0,0.000,0,0,8388608,2,0,0,0,1,1
1,final_left,f32,1048576,glibc_t2,P6,11,2,1,1652052.00,1025.0000,0.0000,173000.0,1483000.0,1.000,4194304.0,0.000,0,0,4194304,1,1,0,0,1,1
1,final_left,f32,1048576,glibc_t2,P7,11,3,1,1544678.00,1025.0000,0.0000,0.0,1548000.0,1.000,4194304.0,0.000,0,0,4194304,1,0,1,0,1,1
1,final_left,f32,1048576,glibc_t2,P5,12,0,1,3039431.00,2050.0000,0.0000,2796000.0,246000.0,2.000,8388608.0,0.000,0,0,8388608,2,0,0,0,1,1
1,final_left,f32,1048576,glibc_t2,P6,12,1,1,1933474.00,1025.0000,0.0000,0.0,1937000.0,1.000,4194304.0,0.000,0,0,4194304,1,1,0,0,1,1
1,final_left,f32,1048576,glibc_t2,P7,12,2,1,1468166.00,1025.0000,0.0000,0.0,1471000.0,1.000,4194304.0,0.000,0,0,4194304,1,0,1,0,1,1
1,final_left,f32,1048576,glibc_t2,FIXED_TWIN,12,3,1,1538521.00,1025.0000,0.0000,0.0,1541000.0,1.000,4194304.0,0.000,0,0,4194304,1,0,1,0,1,1
1,final_left,f32,1048576,glibc_t2,P6,13,0,1,1679048.00,1025.0000,0.0000,1682000.0,0.0,1.000,4194304.0,0.000,0,0,4194304,1,1,0,0,1,1
1,final_left,f32,1048576,glibc_t2,P7,13,1,1,1531706.00,1025.0000,0.0000,0.0,1536000.0,1.000,4194304.0,0.000,0,0,4194304,1,0,1,0,1,1
1,final_left,f32,1048576,glibc_t2,FIXED_TWIN,13,2,1,1460467.00,1025.0000,0.0000,0.0,1462000.0,1.000,4194304.0,0.000,0,0,4194304,1,0,1,0,1,1
1,final_left,f32,1048576,glibc_t2,P5,13,3,1,3168498.00,2050.0000,0.0000,0.0,3171000.0,2.000,8388608.0,0.000,0,0,8388608,2,0,0,0,1,1
1,final_left,f32,1048576,glibc_t2,P7,14,0,1,1461081.00,1025.0000,0.0000,0.0,1463000.0,1.000,4194304.0,0.000,0,0,4194304,1,0,1,0,1,1
1,final_left,f32,1048576,glibc_t2,FIXED_TWIN,14,1,1,1508177.00,1025.0000,0.0000,832000.0,678000.0,1.000,4194304.0,0.000,0,0,4194304,1,0,1,0,1,1
1,final_left,f32,1048576,glibc_t2,P5,14,2,1,2863381.00,2050.0000,0.0000,1578000.0,1287000.0,2.000,8388608.0,0.000,0,0,8388608,2,0,0,0,1,1
1,final_left,f32,1048576,glibc_t2,P6,14,3,1,1716297.00,1025.0000,0.0000,1719000.0,0.0,1.000,4194304.0,0.000,0,0,4194304,1,1,0,0,1,1
1,final_left,f32,4194304,glibc_t2,P5,0,0,1,18198243.00,8194.0000,0.0000,7024000.0,11145000.0,2.000,33554432.0,0.000,0,0,33554432,2,0,0,0,1,1
1,final_left,f32,4194304,glibc_t2,P6,0,1,1,8837448.00,4097.0000,0.0000,4458000.0,4385000.0,1.000,16777216.0,0.000,0,0,16777216,1,1,0,0,1,1
1,final_left,f32,4194304,glibc_t2,P7,0,2,1,7524908.00,4097.0000,0.0000,3743000.0,3785000.0,1.000,16777216.0,0.000,0,0,16777216,1,0,1,0,1,1
1,final_left,f32,4194304,glibc_t2,FIXED_TWIN,0,3,1,8865054.00,4097.0000,0.0000,4474000.0,4397000.0,1.000,16777216.0,0.000,0,0,16777216,1,0,1,0,1,1
1,final_left,f32,4194304,glibc_t2,P6,1,0,1,8966068.00,4097.0000,0.0000,4528000.0,4443000.0,1.000,16777216.0,0.000,0,0,16777216,1,1,0,0,1,1
1,final_left,f32,4194304,glibc_t2,P7,1,1,1,7771718.00,4097.0000,0.0000,3877000.0,3898000.0,1.000,16777216.0,0.000,0,0,16777216,1,0,1,0,1,1
1,final_left,f32,4194304,glibc_t2,FIXED_TWIN,1,2,1,7470109.00,4097.0000,0.0000,1888000.0,5586000.0,1.000,16777216.0,0.000,0,0,16777216,1,0,1,0,1,1
1,final_left,f32,4194304,glibc_t2,P5,1,3,1,16743578.00,8194.0000,0.0000,8406000.0,8342000.0,2.000,33554432.0,0.000,0,0,33554432,2,0,0,0,1,1
1,final_left,f32,4194304,glibc_t2,P7,2,0,1,9081014.00,4097.0000,0.0000,8591000.0,498000.0,1.000,16777216.0,0.000,0,0,16777216,1,0,1,0,1,1
1,final_left,f32,4194304,glibc_t2,FIXED_TWIN,2,1,1,8850525.00,4097.0000,0.0000,4464000.0,4390000.0,1.000,16777216.0,0.000,0,0,16777216,1,0,1,0,1,1
1,final_left,f32,4194304,glibc_t2,P5,2,2,1,16644956.00,8194.0000,0.0000,12352000.0,4297000.0,2.000,33554432.0,0.000,0,0,33554432,2,0,0,0,1,1
1,final_left,f32,4194304,glibc_t2,P6,2,3,1,8551520.00,4097.0000,0.0000,4302000.0,4253000.0,1.000,16777216.0,0.000,0,0,16777216,1,1,0,0,1,1
1,final_left,f32,4194304,glibc_t2,FIXED_TWIN,3,0,1,7697127.00,4097.0000,0.0000,0.0,7702000.0,1.000,16777216.0,0.000,0,0,16777216,1,0,1,0,1,1
1,final_left,f32,4194304,glibc_t2,P5,3,1,1,17130501.00,8194.0000,0.0000,4616000.0,12518000.0,2.000,33554432.0,0.000,0,0,33554432,2,0,0,0,1,1
1,final_left,f32,4194304,glibc_t2,P6,3,2,1,8655350.00,4097.0000,0.0000,4357000.0,4301000.0,1.000,16777216.0,0.000,0,0,16777216,1,1,0,0,1,1
1,final_left,f32,4194304,glibc_t2,P7,3,3,1,7664439.00,4097.0000,0.0000,3821000.0,3849000.0,1.000,16777216.0,0.000,0,0,16777216,1,0,1,0,1,1
1,final_left,f32,4194304,glibc_t2,P5,4,0,1,16912864.00,8194.0000,0.0000,4497000.0,12419000.0,2.000,33554432.0,0.000,0,0,33554432,2,0,0,0,1,1
1,final_left,f32,4194304,glibc_t2,P6,4,1,1,8741678.00,4097.0000,0.0000,4405000.0,4341000.0,1.000,16777216.0,0.000,0,0,16777216,1,1,0,0,1,1
1,final_left,f32,4194304,glibc_t2,P7,4,2,1,7648556.00,4097.0000,0.0000,0.0,7635000.0,1.000,16777216.0,0.000,0,0,16777216,1,0,1,0,1,1
1,final_left,f32,4194304,glibc_t2,FIXED_TWIN,4,3,1,8340894.00,4097.0000,0.0000,4187000.0,4157000.0,1.000,16777216.0,0.000,0,0,16777216,1,0,1,0,1,1
1,final_left,f32,4194304,glibc_t2,P6,5,0,1,9103712.00,4097.0000,0.0000,6429000.0,2678000.0,1.000,16777216.0,0.000,0,0,16777216,1,1,0,0,1,1
1,final_left,f32,4194304,glibc_t2,P7,5,1,1,7895158.00,4097.0000,0.0000,0.0,7899000.0,1.000,16777216.0,0.000,0,0,16777216,1,0,1,0,1,1
1,final_left,f32,4194304,glibc_t2,FIXED_TWIN,5,2,1,8004511.00,4097.0000,0.0000,4000.0,8004000.0,1.000,16777216.0,0.000,0,0,16777216,1,0,1,0,1,1
1,final_left,f32,4194304,glibc_t2,P5,5,3,1,16858623.00,8194.0000,0.0000,2300000.0,14562000.0,2.000,33554432.0,0.000,0,0,33554432,2,0,0,0,1,1
1,final_left,f32,4194304,glibc_t2,P7,6,0,1,8176983.00,4097.0000,0.0000,8096000.0,84000.0,1.000,16777216.0,0.000,0,0,16777216,1,0,1,0,1,1
1,final_left,f32,4194304,glibc_t2,FIXED_TWIN,6,1,1,8342908.00,4097.0000,0.0000,4188000.0,4158000.0,1.000,16777216.0,0.000,0,0,16777216,1,0,1,0,1,1
1,final_left,f32,4194304,glibc_t2,P5,6,2,1,17400416.00,8194.0000,0.0000,4761000.0,12644000.0,2.000,33554432.0,0.000,0,0,33554432,2,0,0,0,1,1
1,final_left,f32,4194304,glibc_t2,P6,6,3,1,10381835.00,4097.0000,0.0000,7127000.0,3260000.0,1.000,16777216.0,0.000,0,0,16777216,1,1,0,0,1,1
1,final_left,f32,4194304,glibc_t2,FIXED_TWIN,7,0,1,8249253.00,4097.0000,0.0000,4137000.0,4115000.0,1.000,16777216.0,0.000,0,0,16777216,1,0,1,0,1,1
1,final_left,f32,4194304,glibc_t2,P5,7,1,1,18185959.00,8194.0000,0.0000,11020000.0,7143000.0,2.000,33554432.0,0.000,0,0,33554432,2,0,0,0,1,1
1,final_left,f32,4194304,glibc_t2,P6,7,2,1,9583100.00,4097.0000,0.0000,2693000.0,6895000.0,1.000,16777216.0,0.000,0,0,16777216,1,1,0,0,1,1
1,final_left,f32,4194304,glibc_t2,P7,7,3,1,8203805.00,4097.0000,0.0000,4112000.0,4094000.0,1.000,16777216.0,0.000,0,0,16777216,1,0,1,0,1,1
1,final_left,f32,4194304,glibc_t2,P5,8,0,1,18809742.00,8194.0000,0.0000,7359000.0,11455000.0,2.000,33554432.0,0.000,0,0,33554432,2,0,0,0,1,1
1,final_left,f32,4194304,glibc_t2,P6,8,1,1,9294701.00,4097.0000,0.0000,4703000.0,4596000.0,1.000,16777216.0,0.000,0,0,16777216,1,1,0,0,1,1
1,final_left,f32,4194304,glibc_t2,P7,8,2,1,8078742.00,4097.0000,0.0000,4045000.0,4038000.0,1.000,16777216.0,0.000,0,0,16777216,1,0,1,0,1,1
1,final_left,f32,4194304,glibc_t2,FIXED_TWIN,8,3,1,7677684.00,4097.0000,0.0000,0.0,7681000.0,1.000,16777216.0,0.000,0,0,16777216,1,0,1,0,1,1
1,final_left,f32,4194304,glibc_t2,P6,9,0,1,8392498.00,4097.0000,0.0000,214000.0,8182000.0,1.000,16777216.0,0.000,0,0,16777216,1,1,0,0,1,1
1,final_left,f32,4194304,glibc_t2,P7,9,1,1,7855147.00,4097.0000,0.0000,0.0,7858000.0,1.000,16777216.0,0.000,0,0,16777216,1,0,1,0,1,1
1,final_left,f32,4194304,glibc_t2,FIXED_TWIN,9,2,1,7889371.00,4097.0000,0.0000,0.0,7856000.0,1.000,16777216.0,0.000,0,0,16777216,1,0,1,0,1,1
1,final_left,f32,4194304,glibc_t2,P5,9,3,1,17790731.00,8194.0000,0.0000,4969000.0,12825000.0,2.000,33554432.0,0.000,0,0,33554432,2,0,0,0,1,1
1,final_left,f32,4194304,glibc_t2,P7,10,0,1,9190617.00,4097.0000,0.0000,8644000.0,551000.0,1.000,16777216.0,0.000,0,0,16777216,1,0,1,0,1,1
1,final_left,f32,4194304,glibc_t2,FIXED_TWIN,10,1,1,8222646.00,4097.0000,0.0000,8123000.0,103000.0,1.000,16777216.0,0.000,0,0,16777216,1,0,1,0,1,1
1,final_left,f32,4194304,glibc_t2,P5,10,2,1,17059706.00,8194.0000,0.0000,6412000.0,10651000.0,2.000,33554432.0,0.000,0,0,33554432,2,0,0,0,1,1
1,final_left,f32,4194304,glibc_t2,P6,10,3,1,8492301.00,4097.0000,0.0000,4268000.0,4228000.0,1.000,16777216.0,0.000,0,0,16777216,1,1,0,0,1,1
1,final_left,f32,4194304,glibc_t2,FIXED_TWIN,11,0,1,7523237.00,4097.0000,0.0000,1904000.0,5622000.0,1.000,16777216.0,0.000,0,0,16777216,1,0,1,0,1,1
1,final_left,f32,4194304,glibc_t2,P5,11,1,1,16963753.00,8194.0000,0.0000,2364000.0,14604000.0,2.000,33554432.0,0.000,0,0,33554432,2,0,0,0,1,1
1,final_left,f32,4194304,glibc_t2,P6,11,2,1,8723251.00,4097.0000,0.0000,4393000.0,4335000.0,1.000,16777216.0,0.000,0,0,16777216,1,1,0,0,1,1
1,final_left,f32,4194304,glibc_t2,P7,11,3,1,7567325.00,4097.0000,0.0000,7572000.0,0.0,1.000,16777216.0,0.000,0,0,16777216,1,0,1,0,1,1
1,final_left,f32,4194304,glibc_t2,P5,12,0,1,17264393.00,8194.0000,0.0000,8685000.0,8583000.0,2.000,33554432.0,0.000,0,0,33554432,2,0,0,0,1,1
1,final_left,f32,4194304,glibc_t2,P6,12,1,1,9557292.00,4097.0000,0.0000,6684000.0,2879000.0,1.000,16777216.0,0.000,0,0,16777216,1,1,0,0,1,1
1,final_left,f32,4194304,glibc_t2,P7,12,2,1,7800546.00,4097.0000,0.0000,3894000.0,3910000.0,1.000,16777216.0,0.000,0,0,16777216,1,0,1,0,1,1
1,final_left,f32,4194304,glibc_t2,FIXED_TWIN,12,3,1,7569476.00,4097.0000,0.0000,3733000.0,3804000.0,1.000,16777216.0,0.000,0,0,16777216,1,0,1,0,1,1
1,final_left,f32,4194304,glibc_t2,P6,13,0,1,7983147.00,4097.0000,0.0000,3992000.0,3994000.0,1.000,16777216.0,0.000,0,0,16777216,1,1,0,0,1,1
1,final_left,f32,4194304,glibc_t2,P7,13,1,1,7236026.00,4097.0000,0.0000,3589000.0,3651000.0,1.000,16777216.0,0.000,0,0,16777216,1,0,1,0,1,1
1,final_left,f32,4194304,glibc_t2,FIXED_TWIN,13,2,1,7254196.00,4097.0000,0.0000,3621000.0,3638000.0,1.000,16777216.0,0.000,0,0,16777216,1,0,1,0,1,1
1,final_left,f32,4194304,glibc_t2,P5,13,3,1,17083515.00,8194.0000,0.0000,2431000.0,14658000.0,2.000,33554432.0,0.000,0,0,33554432,2,0,0,0,1,1
1,final_left,f32,4194304,glibc_t2,P7,14,0,1,8120384.00,4097.0000,0.0000,4067000.0,4057000.0,1.000,16777216.0,0.000,0,0,16777216,1,0,1,0,1,1
1,final_left,f32,4194304,glibc_t2,FIXED_TWIN,14,1,1,8023719.00,4097.0000,0.0000,4015000.0,4013000.0,1.000,16777216.0,0.000,0,0,16777216,1,0,1,0,1,1
1,final_left,f32,4194304,glibc_t2,P5,14,2,1,17736573.00,8194.0000,0.0000,6745000.0,10959000.0,2.000,33554432.0,0.000,0,0,33554432,2,0,0,0,1,1
1,final_left,f32,4194304,glibc_t2,P6,14,3,1,9058114.00,4097.0000,0.0000,2418000.0,6645000.0,1.000,16777216.0,0.000,0,0,16777216,1,1,0,0,1,1
1,final_left,f32,16777216,glibc_t2,P5,0,0,1,77089970.00,32770.0000,0.0000,24571000.0,52526000.0,2.000,134217728.0,0.000,0,0,134217728,2,0,0,0,1,1
1,final_left,f32,16777216,glibc_t2,P6,0,1,1,48029635.00,16385.0000,0.0000,20019000.0,28017000.0,1.000,67108864.0,0.000,0,0,67108864,1,1,0,0,1,1
1,final_left,f32,16777216,glibc_t2,P7,0,2,1,42063550.00,16385.0000,0.0000,10997000.0,31073000.0,1.000,67108864.0,0.000,0,0,67108864,1,0,1,0,1,1
1,final_left,f32,16777216,glibc_t2,FIXED_TWIN,0,3,1,41688568.00,16385.0000,0.0000,14804000.0,26889000.0,1.000,67108864.0,0.000,0,0,67108864,1,0,1,0,1,1
1,final_left,f32,16777216,glibc_t2,P6,1,0,1,48160224.00,16385.0000,0.0000,36085000.0,12081000.0,1.000,67108864.0,0.000,0,0,67108864,1,1,0,0,1,1
1,final_left,f32,16777216,glibc_t2,P7,1,1,1,41985624.00,16385.0000,0.0000,9034000.0,32958000.0,1.000,67108864.0,0.000,0,0,67108864,1,0,1,0,1,1
1,final_left,f32,16777216,glibc_t2,FIXED_TWIN,1,2,1,42150442.00,16385.0000,0.0000,19043000.0,23112000.0,1.000,67108864.0,0.000,0,0,67108864,1,0,1,0,1,1
1,final_left,f32,16777216,glibc_t2,P5,1,3,1,76088530.00,32770.0000,0.0000,32041000.0,44029000.0,2.000,134217728.0,0.000,0,0,134217728,2,0,0,0,1,1
1,final_left,f32,16777216,glibc_t2,P7,2,0,1,41502209.00,16385.0000,0.0000,4782000.0,36726000.0,1.000,67108864.0,0.000,0,0,67108864,1,0,1,0,1,1
1,final_left,f32,16777216,glibc_t2,FIXED_TWIN,2,1,1,41565425.00,16385.0000,0.0000,10743000.0,30829000.0,1.000,67108864.0,0.000,0,0,67108864,1,0,1,0,1,1
1,final_left,f32,16777216,glibc_t2,P5,2,2,1,74685227.00,32770.0000,0.0000,11330000.0,63359000.0,2.000,134217728.0,0.000,0,0,134217728,2,0,0,0,1,1
1,final_left,f32,16777216,glibc_t2,P6,2,3,1,48444579.00,16385.0000,0.0000,20075000.0,28070000.0,1.000,67108864.0,0.000,0,0,67108864,1,1,0,0,1,1
1,final_left,f32,16777216,glibc_t2,FIXED_TWIN,3,0,1,42120556.00,16385.0000,0.0000,11036000.0,31089000.0,1.000,67108864.0,0.000,0,0,67108864,1,0,1,0,1,1
1,final_left,f32,16777216,glibc_t2,P5,3,1,1,75562821.00,32770.0000,0.0000,23778000.0,51791000.0,2.000,134217728.0,0.000,0,0,134217728,2,0,0,0,1,1
1,final_left,f32,16777216,glibc_t2,P6,3,2,1,50385013.00,16385.0000,0.0000,19174000.0,31217000.0,1.000,67108864.0,0.000,0,0,67108864,1,1,0,0,1,1
1,final_left,f32,16777216,glibc_t2,P7,3,3,1,42766308.00,16385.0000,0.0000,17422000.0,25349000.0,1.000,67108864.0,0.000,0,0,67108864,1,0,1,0,1,1
1,final_left,f32,16777216,glibc_t2,P5,4,0,1,74436311.00,32770.0000,0.0000,23203000.0,51238000.0,2.000,134217728.0,0.000,0,0,134217728,2,0,0,0,1,1
1,final_left,f32,16777216,glibc_t2,P6,4,1,1,49394259.00,16385.0000,0.0000,34669000.0,14732000.0,1.000,67108864.0,0.000,0,0,67108864,1,1,0,0,1,1
1,final_left,f32,16777216,glibc_t2,P7,4,2,1,41592946.00,16385.0000,0.0000,2772000.0,38805000.0,1.000,67108864.0,0.000,0,0,67108864,1,0,1,0,1,1
1,final_left,f32,16777216,glibc_t2,FIXED_TWIN,4,3,1,42051753.00,16385.0000,0.0000,19004000.0,23053000.0,1.000,67108864.0,0.000,0,0,67108864,1,0,1,0,1,1
1,final_left,f32,16777216,glibc_t2,P6,5,0,1,48632802.00,16385.0000,0.0000,24327000.0,24311000.0,1.000,67108864.0,0.000,0,0,67108864,1,1,0,0,1,1
1,final_left,f32,16777216,glibc_t2,P7,5,1,1,42846252.00,16385.0000,0.0000,23410000.0,19443000.0,1.000,67108864.0,0.000,0,0,67108864,1,0,1,0,1,1
1,final_left,f32,16777216,glibc_t2,FIXED_TWIN,5,2,1,41458673.00,16385.0000,0.0000,24754000.0,16711000.0,1.000,67108864.0,0.000,0,0,67108864,1,0,1,0,1,1
1,final_left,f32,16777216,glibc_t2,P5,5,3,1,76117697.00,32770.0000,0.0000,28055000.0,48052000.0,2.000,134217728.0,0.000,0,0,134217728,2,0,0,0,1,1
1,final_left,f32,16777216,glibc_t2,P7,6,0,1,42270023.00,16385.0000,0.0000,19113000.0,23162000.0,1.000,67108864.0,0.000,0,0,67108864,1,0,1,0,1,1
1,final_left,f32,16777216,glibc_t2,FIXED_TWIN,6,1,1,42300742.00,16385.0000,0.0000,17122000.0,25118000.0,1.000,67108864.0,0.000,0,0,67108864,1,0,1,0,1,1
1,final_left,f32,16777216,glibc_t2,P5,6,2,1,76097869.00,32770.0000,0.0000,36054000.0,40051000.0,2.000,134217728.0,0.000,0,0,134217728,2,0,0,0,1,1
1,final_left,f32,16777216,glibc_t2,P6,6,3,1,50310926.00,16385.0000,0.0000,25190000.0,25128000.0,1.000,67108864.0,0.000,0,0,67108864,1,1,0,0,1,1
1,final_left,f32,16777216,glibc_t2,FIXED_TWIN,7,0,1,44090220.00,16385.0000,0.0000,16051000.0,28046000.0,1.000,67108864.0,0.000,0,0,67108864,1,0,1,0,1,1
1,final_left,f32,16777216,glibc_t2,P5,7,1,1,76321837.00,32770.0000,0.0000,30115000.0,46213000.0,2.000,134217728.0,0.000,0,0,134217728,2,0,0,0,1,1
1,final_left,f32,16777216,glibc_t2,P6,7,2,1,48235936.00,16385.0000,0.0000,24125000.0,24118000.0,1.000,67108864.0,0.000,0,0,67108864,1,1,0,0,1,1
1,final_left,f32,16777216,glibc_t2,P7,7,3,1,42273081.00,16385.0000,0.0000,23114000.0,19165000.0,1.000,67108864.0,0.000,0,0,67108864,1,0,1,0,1,1
1,final_left,f32,16777216,glibc_t2,P5,8,0,1,76573807.00,32770.0000,0.0000,24292000.0,52236000.0,2.000,134217728.0,0.000,0,0,134217728,2,0,0,0,1,1
1,final_left,f32,16777216,glibc_t2,P6,8,1,1,48112808.00,16385.0000,0.0000,24060000.0,24057000.0,1.000,67108864.0,0.000,0,0,67108864,1,1,0,0,1,1
1,final_left,f32,16777216,glibc_t2,P7,8,2,1,42164008.00,16385.0000,0.0000,7056000.0,35113000.0,1.000,67108864.0,0.000,0,0,67108864,1,0,1,0,1,1
1,final_left,f32,16777216,glibc_t2,FIXED_TWIN,8,3,1,42360051.00,16385.0000,0.0000,9220000.0,33144000.0,1.000,67108864.0,0.000,0,0,67108864,1,0,1,0,1,1
1,final_left,f32,16777216,glibc_t2,P6,9,0,1,48640361.00,16385.0000,0.0000,18269000.0,30377000.0,1.000,67108864.0,0.000,0,0,67108864,1,1,0,0,1,1
1,final_left,f32,16777216,glibc_t2,P7,9,1,1,45750368.00,16385.0000,0.0000,18842000.0,26916000.0,1.000,67108864.0,0.000,0,0,67108864,1,0,1,0,1,1
1,final_left,f32,16777216,glibc_t2,FIXED_TWIN,9,2,1,43815480.00,16385.0000,0.0000,19908000.0,23914000.0,1.000,67108864.0,0.000,0,0,67108864,1,0,1,0,1,1
1,final_left,f32,16777216,glibc_t2,P5,9,3,1,75856326.00,32770.0000,0.0000,31929000.0,43896000.0,2.000,134217728.0,0.000,0,0,134217728,2,0,0,0,1,1
1,final_left,f32,16777216,glibc_t2,P7,10,0,1,42038158.00,16385.0000,0.0000,13057000.0,28987000.0,1.000,67108864.0,0.000,0,0,67108864,1,0,1,0,1,1
1,final_left,f32,16777216,glibc_t2,FIXED_TWIN,10,1,1,41374223.00,16385.0000,0.0000,16714000.0,24665000.0,1.000,67108864.0,0.000,0,0,67108864,1,0,1,0,1,1
1,final_left,f32,16777216,glibc_t2,P5,10,2,1,76933473.00,32770.0000,0.0000,30418000.0,46520000.0,2.000,134217728.0,0.000,0,0,134217728,2,0,0,0,1,1
1,final_left,f32,16777216,glibc_t2,P6,10,3,1,48327380.00,16385.0000,0.0000,32172000.0,16161000.0,1.000,67108864.0,0.000,0,0,67108864,1,1,0,0,1,1
1,final_left,f32,16777216,glibc_t2,FIXED_TWIN,11,0,1,41643166.00,16385.0000,0.0000,22780000.0,18869000.0,1.000,67108864.0,0.000,0,0,67108864,1,0,1,0,1,1
1,final_left,f32,16777216,glibc_t2,P5,11,1,1,76091500.00,32770.0000,0.0000,16053000.0,60007000.0,2.000,134217728.0,0.000,0,0,134217728,2,0,0,0,1,1
1,final_left,f32,16777216,glibc_t2,P6,11,2,1,52704021.00,16385.0000,0.0000,30297000.0,22413000.0,1.000,67108864.0,0.000,0,0,67108864,1,1,0,0,1,1
1,final_left,f32,16777216,glibc_t2,P7,11,3,1,43370711.00,16385.0000,0.0000,19678000.0,23671000.0,1.000,67108864.0,0.000,0,0,67108864,1,0,1,0,1,1
1,final_left,f32,16777216,glibc_t2,P5,12,0,1,75540089.00,32770.0000,0.0000,23766000.0,51747000.0,2.000,134217728.0,0.000,0,0,134217728,2,0,0,0,1,1
1,final_left,f32,16777216,glibc_t2,P6,12,1,1,52741469.00,16385.0000,0.0000,24389000.0,28362000.0,1.000,67108864.0,0.000,0,0,67108864,1,1,0,0,1,1
1,final_left,f32,16777216,glibc_t2,P7,12,2,1,43670386.00,16385.0000,0.0000,19834000.0,23844000.0,1.000,67108864.0,0.000,0,0,67108864,1,0,1,0,1,1
1,final_left,f32,16777216,glibc_t2,FIXED_TWIN,12,3,1,42038521.00,16385.0000,0.0000,10990000.0,31054000.0,1.000,67108864.0,0.000,0,0,67108864,1,0,1,0,1,1
1,final_left,f32,16777216,glibc_t2,P6,13,0,1,47961894.00,16385.0000,0.0000,27983000.0,19985000.0,1.000,67108864.0,0.000,0,0,67108864,1,1,0,0,1,1
1,final_left,f32,16777216,glibc_t2,P7,13,1,1,42931574.00,16385.0000,0.0000,21522000.0,21415000.0,1.000,67108864.0,0.000,0,0,67108864,1,0,1,0,1,1
1,final_left,f32,16777216,glibc_t2,FIXED_TWIN,13,2,1,41939066.00,16385.0000,0.0000,14930000.0,26971000.0,1.000,67108864.0,0.000,0,0,67108864,1,0,1,0,1,1
1,final_left,f32,16777216,glibc_t2,P5,13,3,1,75399123.00,32770.0000,0.0000,27693000.0,47711000.0,2.000,134217728.0,0.000,0,0,134217728,2,0,0,0,1,1
1,final_left,f32,16777216,glibc_t2,P7,14,0,1,41920110.00,16385.0000,0.0000,8996000.0,32930000.0,1.000,67108864.0,0.000,0,0,67108864,1,0,1,0,1,1
1,final_left,f32,16777216,glibc_t2,FIXED_TWIN,14,1,1,41896216.00,16385.0000,0.0000,20909000.0,20921000.0,1.000,67108864.0,0.000,0,0,67108864,1,0,1,0,1,1
1,final_left,f32,16777216,glibc_t2,P5,14,2,1,76255678.00,32770.0000,0.0000,16137000.0,60125000.0,2.000,134217728.0,0.000,0,0,134217728,2,0,0,0,1,1
1,final_left,f32,16777216,glibc_t2,P6,14,3,1,47995498.00,16385.0000,0.0000,20002000.0,28000000.0,1.000,67108864.0,0.000,0,0,67108864,1,1,0,0,1,1
1,final_left,f32,67108864,glibc_t2,P5,0,0,1,325646473.00,131074.0000,0.0000,103041000.0,222486000.0,2.000,536870912.0,0.000,0,0,536870912,2,0,0,0,1,1
1,final_left,f32,67108864,glibc_t2,P6,0,1,1,525770167.00,65537.0000,0.0000,114768000.0,410127000.0,1.000,268435456.0,0.000,0,0,268435456,1,1,0,0,1,1
1,final_left,f32,67108864,glibc_t2,P7,0,2,1,169338079.00,65537.0000,0.0000,52525000.0,116726000.0,1.000,268435456.0,0.000,0,0,268435456,1,0,1,0,1,1
1,final_left,f32,67108864,glibc_t2,FIXED_TWIN,0,3,1,167001884.00,65537.0000,0.0000,51612000.0,115333000.0,1.000,268435456.0,0.000,0,0,268435456,1,0,1,0,1,1
1,final_left,f32,67108864,glibc_t2,P6,1,0,1,205427177.00,65537.0000,0.0000,86964000.0,118462000.0,1.000,268435456.0,0.000,0,0,268435456,1,1,0,0,1,1
1,final_left,f32,67108864,glibc_t2,P7,1,1,1,171598139.00,65537.0000,0.0000,55844000.0,115761000.0,1.000,268435456.0,0.000,0,0,268435456,1,0,1,0,1,1
1,final_left,f32,67108864,glibc_t2,FIXED_TWIN,1,2,1,170522109.00,65537.0000,0.0000,67369000.0,103125000.0,1.000,268435456.0,0.000,0,0,268435456,1,0,1,0,1,1
1,final_left,f32,67108864,glibc_t2,P5,1,3,1,306753608.00,131074.0000,0.0000,73090000.0,233623000.0,2.000,536870912.0,0.000,0,0,536870912,2,0,0,0,1,1
1,final_left,f32,67108864,glibc_t2,P7,2,0,1,170033614.00,65537.0000,0.0000,56806000.0,113224000.0,1.000,268435456.0,0.000,0,0,268435456,1,0,1,0,1,1
1,final_left,f32,67108864,glibc_t2,FIXED_TWIN,2,1,1,175232613.00,65537.0000,0.0000,57278000.0,117949000.0,1.000,268435456.0,0.000,0,0,268435456,1,0,1,0,1,1
1,final_left,f32,67108864,glibc_t2,P5,2,2,1,303653168.00,131074.0000,0.0000,87867000.0,215680000.0,2.000,536870912.0,0.000,0,0,536870912,2,0,0,0,1,1
1,final_left,f32,67108864,glibc_t2,P6,2,3,1,191207932.00,65537.0000,0.0000,105264000.0,85931000.0,1.000,268435456.0,0.000,0,0,268435456,1,1,0,0,1,1
1,final_left,f32,67108864,glibc_t2,FIXED_TWIN,3,0,1,174716661.00,65537.0000,0.0000,74876000.0,98316000.0,1.000,268435456.0,0.000,0,0,268435456,1,0,1,0,1,1
1,final_left,f32,67108864,glibc_t2,P5,3,1,1,314712833.00,131074.0000,0.0000,75501000.0,239197000.0,2.000,536870912.0,0.000,0,0,536870912,2,0,0,0,1,1
1,final_left,f32,67108864,glibc_t2,P6,3,2,1,193189794.00,65537.0000,0.0000,92473000.0,100724000.0,1.000,268435456.0,0.000,0,0,268435456,1,1,0,0,1,1
1,final_left,f32,67108864,glibc_t2,P7,3,3,1,167268853.00,65537.0000,0.0000,63711000.0,103564000.0,1.000,268435456.0,0.000,0,0,268435456,1,0,1,0,1,1
1,final_left,f32,67108864,glibc_t2,P5,4,0,1,312922773.00,131074.0000,0.0000,92337000.0,220545000.0,2.000,536870912.0,0.000,0,0,536870912,2,0,0,0,1,1
1,final_left,f32,67108864,glibc_t2,P6,4,1,1,197316252.00,65537.0000,0.0000,114924000.0,82384000.0,1.000,268435456.0,0.000,0,0,268435456,1,1,0,0,1,1
1,final_left,f32,67108864,glibc_t2,P7,4,2,1,167904053.00,65537.0000,0.0000,95958000.0,71953000.0,1.000,268435456.0,0.000,0,0,268435456,1,0,1,0,1,1
1,final_left,f32,67108864,glibc_t2,FIXED_TWIN,4,3,1,168832131.00,65537.0000,0.0000,78688000.0,90052000.0,1.000,268435456.0,0.000,0,0,268435456,1,0,1,0,1,1
1,final_left,f32,67108864,glibc_t2,P6,5,0,1,204168225.00,65537.0000,0.0000,112057000.0,92068000.0,1.000,268435456.0,0.000,0,0,268435456,1,1,0,0,1,1
1,final_left,f32,67108864,glibc_t2,P7,5,1,1,171740969.00,65537.0000,0.0000,59843000.0,111838000.0,1.000,268435456.0,0.000,0,0,268435456,1,0,1,0,1,1
1,final_left,f32,67108864,glibc_t2,FIXED_TWIN,5,2,1,170650440.00,65537.0000,0.0000,57079000.0,113566000.0,1.000,268435456.0,0.000,0,0,268435456,1,0,1,0,1,1
1,final_left,f32,67108864,glibc_t2,P5,5,3,1,311810493.00,131074.0000,0.0000,111919000.0,199846000.0,2.000,536870912.0,0.000,0,0,536870912,2,0,0,0,1,1
1,final_left,f32,67108864,glibc_t2,P7,6,0,1,170540446.00,65537.0000,0.0000,47410000.0,123063000.0,1.000,268435456.0,0.000,0,0,268435456,1,0,1,0,1,1
1,final_left,f32,67108864,glibc_t2,FIXED_TWIN,6,1,1,172286893.00,65537.0000,0.0000,58512000.0,113755000.0,1.000,268435456.0,0.000,0,0,268435456,1,0,1,0,1,1
1,final_left,f32,67108864,glibc_t2,P5,6,2,1,300342494.00,131074.0000,0.0000,104083000.0,196117000.0,2.000,536870912.0,0.000,0,0,536870912,2,0,0,0,1,1
1,final_left,f32,67108864,glibc_t2,P6,6,3,1,186929007.00,65537.0000,0.0000,99563000.0,87365000.0,1.000,268435456.0,0.000,0,0,268435456,1,1,0,0,1,1
1,final_left,f32,67108864,glibc_t2,FIXED_TWIN,7,0,1,160529566.00,65537.0000,0.0000,84212000.0,76324000.0,1.000,268435456.0,0.000,0,0,268435456,1,0,1,0,1,1
1,final_left,f32,67108864,glibc_t2,P5,7,1,1,311452472.00,131074.0000,0.0000,67794000.0,243623000.0,2.000,536870912.0,0.000,0,0,536870912,2,0,0,0,1,1
1,final_left,f32,67108864,glibc_t2,P6,7,2,1,507043131.00,65537.0000,0.0000,95635000.0,411365000.0,1.000,268435456.0,0.000,0,0,268435456,1,1,0,0,1,1
1,final_left,f32,67108864,glibc_t2,P7,7,3,1,173533459.00,65537.0000,0.0000,83004000.0,90526000.0,1.000,268435456.0,0.000,0,0,268435456,1,0,1,0,1,1
1,final_left,f32,67108864,glibc_t2,P5,8,0,1,316912322.00,131074.0000,0.0000,92368000.0,224540000.0,2.000,536870912.0,0.000,0,0,536870912,2,0,0,0,1,1
1,final_left,f32,67108864,glibc_t2,P6,8,1,1,186571399.00,65537.0000,0.0000,81025000.0,105553000.0,1.000,268435456.0,0.000,0,0,268435456,1,1,0,0,1,1
1,final_left,f32,67108864,glibc_t2,P7,8,2,1,163325887.00,65537.0000,0.0000,53334000.0,109982000.0,1.000,268435456.0,0.000,0,0,268435456,1,0,1,0,1,1
1,final_left,f32,67108864,glibc_t2,FIXED_TWIN,8,3,1,167545851.00,65537.0000,0.0000,79804000.0,87735000.0,1.000,268435456.0,0.000,0,0,268435456,1,0,1,0,1,1
1,final_left,f32,67108864,glibc_t2,P6,9,0,1,191913667.00,65537.0000,0.0000,99943000.0,91890000.0,1.000,268435456.0,0.000,0,0,268435456,1,1,0,0,1,1
1,final_left,f32,67108864,glibc_t2,P7,9,1,1,164769795.00,65537.0000,0.0000,76228000.0,88427000.0,1.000,268435456.0,0.000,0,0,268435456,1,0,1,0,1,1
1,final_left,f32,67108864,glibc_t2,FIXED_TWIN,9,2,1,163090679.00,65537.0000,0.0000,55632000.0,107454000.0,1.000,268435456.0,0.000,0,0,268435456,1,0,1,0,1,1
1,final_left,f32,67108864,glibc_t2,P5,9,3,1,318291601.00,131074.0000,0.0000,75333000.0,242826000.0,2.000,536870912.0,0.000,0,0,536870912,2,0,0,0,1,1
1,final_left,f32,67108864,glibc_t2,P7,10,0,1,168625878.00,65537.0000,0.0000,80247000.0,88379000.0,1.000,268435456.0,0.000,0,0,268435456,1,0,1,0,1,1
1,final_left,f32,67108864,glibc_t2,FIXED_TWIN,10,1,1,164191426.00,65537.0000,0.0000,60080000.0,104104000.0,1.000,268435456.0,0.000,0,0,268435456,1,0,1,0,1,1
1,final_left,f32,67108864,glibc_t2,P5,10,2,1,294114638.00,131074.0000,0.0000,112853000.0,181268000.0,2.000,536870912.0,0.000,0,0,536870912,2,0,0,0,1,1
1,final_left,f32,67108864,glibc_t2,P6,10,3,1,192397887.00,65537.0000,0.0000,88152000.0,104233000.0,1.000,268435456.0,0.000,0,0,268435456,1,1,0,0,1,1
1,final_left,f32,67108864,glibc_t2,FIXED_TWIN,11,0,1,167265548.00,65537.0000,0.0000,75704000.0,91536000.0,1.000,268435456.0,0.000,0,0,268435456,1,0,1,0,1,1
1,final_left,f32,67108864,glibc_t2,P5,11,1,1,309453366.00,131074.0000,0.0000,104595000.0,204818000.0,2.000,536870912.0,0.000,0,0,536870912,2,0,0,0,1,1
1,final_left,f32,67108864,glibc_t2,P6,11,2,1,192926304.00,65537.0000,0.0000,92345000.0,100520000.0,1.000,268435456.0,0.000,0,0,268435456,1,1,0,0,1,1
1,final_left,f32,67108864,glibc_t2,P7,11,3,1,163337923.00,65537.0000,0.0000,51739000.0,111605000.0,1.000,268435456.0,0.000,0,0,268435456,1,0,1,0,1,1
1,final_left,f32,67108864,glibc_t2,P5,12,0,1,309395501.00,131074.0000,0.0000,62970000.0,246432000.0,2.000,536870912.0,0.000,0,0,536870912,2,0,0,0,1,1
1,final_left,f32,67108864,glibc_t2,P6,12,1,1,456534481.00,65537.0000,0.0000,96110000.0,360180000.0,1.000,268435456.0,0.000,0,0,268435456,1,1,0,0,1,1
1,final_left,f32,67108864,glibc_t2,P7,12,2,1,160366006.00,65537.0000,0.0000,68150000.0,92209000.0,1.000,268435456.0,0.000,0,0,268435456,1,0,1,0,1,1
1,final_left,f32,67108864,glibc_t2,FIXED_TWIN,12,3,1,163005052.00,65537.0000,0.0000,51587000.0,111384000.0,1.000,268435456.0,0.000,0,0,268435456,1,0,1,0,1,1
1,final_left,f32,67108864,glibc_t2,P6,13,0,1,192156664.00,65537.0000,0.0000,120049000.0,72103000.0,1.000,268435456.0,0.000,0,0,268435456,1,1,0,0,1,1
1,final_left,f32,67108864,glibc_t2,P7,13,1,1,168474090.00,65537.0000,0.0000,60182000.0,108278000.0,1.000,268435456.0,0.000,0,0,268435456,1,0,1,0,1,1
1,final_left,f32,67108864,glibc_t2,FIXED_TWIN,13,2,1,162477344.00,65537.0000,0.0000,75360000.0,87103000.0,1.000,268435456.0,0.000,0,0,268435456,1,0,1,0,1,1
1,final_left,f32,67108864,glibc_t2,P5,13,3,1,321632609.00,131074.0000,0.0000,122915000.0,198560000.0,2.000,536870912.0,0.000,0,0,536870912,2,0,0,0,1,1
1,final_left,f32,67108864,glibc_t2,P7,14,0,1,170292643.00,65537.0000,0.0000,71301000.0,98984000.0,1.000,268435456.0,0.000,0,0,268435456,1,0,1,0,1,1
1,final_left,f32,67108864,glibc_t2,FIXED_TWIN,14,1,1,160937683.00,65537.0000,0.0000,60382000.0,100562000.0,1.000,268435456.0,0.000,0,0,268435456,1,0,1,0,1,1
1,final_left,f32,67108864,glibc_t2,P5,14,2,1,293820423.00,131074.0000,0.0000,88737000.0,205068000.0,2.000,536870912.0,0.000,0,0,536870912,2,0,0,0,1,1
1,final_left,f32,67108864,glibc_t2,P6,14,3,1,200036197.00,65537.0000,0.0000,111932000.0,88016000.0,1.000,268435456.0,0.000,0,0,268435456,1,1,0,0,1,1
1,final_right,f32,64,glibc_t2,P5,0,0,1000,2642.41,0.0000,0.0000,2647.0,0.0,2.000,512.0,0.000,0,0,256256,2,0,0,0,1,1
1,final_right,f32,64,glibc_t2,P6,0,1,1000,1429.32,0.0000,0.0000,1434.0,0.0,1.000,256.0,0.000,0,0,256000,1,1,0,0,1,1
1,final_right,f32,64,glibc_t2,P7,0,2,1000,1439.65,0.0000,0.0000,1268.0,175.0,1.000,256.0,0.000,0,0,256000,1,0,1,0,1,1
1,final_right,f32,64,glibc_t2,FIXED_TWIN,0,3,1000,1684.43,0.0000,0.0000,1463.0,223.0,1.000,256.0,0.000,0,0,256000,1,0,1,0,1,1
1,final_right,f32,64,glibc_t2,P6,1,0,1000,1972.61,0.0000,0.0000,1977.0,0.0,1.000,256.0,0.000,0,0,256000,1,1,0,0,1,1
1,final_right,f32,64,glibc_t2,P7,1,1,1000,1398.56,0.0000,0.0000,1399.0,0.0,1.000,256.0,0.000,0,0,256000,1,0,1,0,1,1
1,final_right,f32,64,glibc_t2,FIXED_TWIN,1,2,1000,1457.94,0.0000,0.0000,1459.0,0.0,1.000,256.0,0.000,0,0,256000,1,0,1,0,1,1
1,final_right,f32,64,glibc_t2,P5,1,3,1000,1576.11,0.0000,0.0000,1579.0,0.0,2.000,512.0,0.000,0,0,256256,2,0,0,0,1,1
1,final_right,f32,64,glibc_t2,P7,2,0,1000,1368.45,0.0000,0.0000,1369.0,0.0,1.000,256.0,0.000,0,0,256000,1,0,1,0,1,1
1,final_right,f32,64,glibc_t2,FIXED_TWIN,2,1,1000,1384.08,0.0000,0.0000,1385.0,0.0,1.000,256.0,0.000,0,0,256000,1,0,1,0,1,1
1,final_right,f32,64,glibc_t2,P5,2,2,1000,1411.02,0.0000,0.0000,1412.0,0.0,2.000,512.0,0.000,0,0,256256,2,0,0,0,1,1
1,final_right,f32,64,glibc_t2,P6,2,3,1000,1366.52,0.0000,0.0000,1367.0,0.0,1.000,256.0,0.000,0,0,256000,1,1,0,0,1,1
1,final_right,f32,64,glibc_t2,FIXED_TWIN,3,0,1000,1519.46,0.0000,0.0000,1524.0,0.0,1.000,256.0,0.000,0,0,256000,1,0,1,0,1,1
1,final_right,f32,64,glibc_t2,P5,3,1,1000,1588.28,0.0000,0.0000,1592.0,0.0,2.000,512.0,0.000,0,0,256256,2,0,0,0,1,1
1,final_right,f32,64,glibc_t2,P6,3,2,1000,1395.37,0.0000,0.0000,1397.0,0.0,1.000,256.0,0.000,0,0,256000,1,1,0,0,1,1
1,final_right,f32,64,glibc_t2,P7,3,3,1000,1433.80,0.0000,0.0000,1437.0,0.0,1.000,256.0,0.000,0,0,256000,1,0,1,0,1,1
1,final_right,f32,64,glibc_t2,P5,4,0,1000,1407.16,0.0000,0.0000,1408.0,0.0,2.000,512.0,0.000,0,0,256256,2,0,0,0,1,1
1,final_right,f32,64,glibc_t2,P6,4,1,1000,1480.34,0.0000,0.0000,1482.0,0.0,1.000,256.0,0.000,0,0,256000,1,1,0,0,1,1
1,final_right,f32,64,glibc_t2,P7,4,2,1000,1394.98,0.0000,0.0000,1396.0,0.0,1.000,256.0,0.000,0,0,256000,1,0,1,0,1,1
1,final_right,f32,64,glibc_t2,FIXED_TWIN,4,3,1000,1565.78,0.0000,0.0000,1570.0,0.0,1.000,256.0,0.000,0,0,256000,1,0,1,0,1,1
1,final_right,f32,64,glibc_t2,P6,5,0,1000,1378.44,0.0000,0.0000,1379.0,0.0,1.000,256.0,0.000,0,0,256000,1,1,0,0,1,1
1,final_right,f32,64,glibc_t2,P7,5,1,1000,1391.50,0.0000,0.0000,1395.0,0.0,1.000,256.0,0.000,0,0,256000,1,0,1,0,1,1
1,final_right,f32,64,glibc_t2,FIXED_TWIN,5,2,1000,1391.34,0.0000,0.0000,1392.0,0.0,1.000,256.0,0.000,0,0,256000,1,0,1,0,1,1
1,final_right,f32,64,glibc_t2,P5,5,3,1000,1409.80,0.0000,0.0000,1411.0,0.0,2.000,512.0,0.000,0,0,256256,2,0,0,0,1,1
1,final_right,f32,64,glibc_t2,P7,6,0,1000,1393.23,0.0000,0.0000,1395.0,0.0,1.000,256.0,0.000,0,0,256000,1,0,1,0,1,1
1,final_right,f32,64,glibc_t2,FIXED_TWIN,6,1,1000,1370.33,0.0000,0.0000,1297.0,75.0,1.000,256.0,0.000,0,0,256000,1,0,1,0,1,1
1,final_right,f32,64,glibc_t2,P5,6,2,1000,1416.99,0.0000,0.0000,1359.0,59.0,2.000,512.0,0.000,0,0,256256,2,0,0,0,1,1
1,final_right,f32,64,glibc_t2,P6,6,3,1000,1432.21,0.0000,0.0000,1432.0,0.0,1.000,256.0,0.000,0,0,256000,1,1,0,0,1,1
1,final_right,f32,64,glibc_t2,FIXED_TWIN,7,0,1000,1382.73,0.0000,0.0000,1383.0,0.0,1.000,256.0,0.000,0,0,256000,1,0,1,0,1,1
1,final_right,f32,64,glibc_t2,P5,7,1,1000,1470.11,0.0000,0.0000,1472.0,0.0,2.000,512.0,0.000,0,0,256256,2,0,0,0,1,1
1,final_right,f32,64,glibc_t2,P6,7,2,1000,1391.47,0.0000,0.0000,1393.0,0.0,1.000,256.0,0.000,0,0,256000,1,1,0,0,1,1
1,final_right,f32,64,glibc_t2,P7,7,3,1000,1384.58,0.0000,0.0000,1386.0,0.0,1.000,256.0,0.000,0,0,256000,1,0,1,0,1,1
1,final_right,f32,64,glibc_t2,P5,8,0,1000,1431.68,0.0000,0.0000,1435.0,0.0,2.000,512.0,0.000,0,0,256256,2,0,0,0,1,1
1,final_right,f32,64,glibc_t2,P6,8,1,1000,1408.90,0.0000,0.0000,1409.0,0.0,1.000,256.0,0.000,0,0,256000,1,1,0,0,1,1
1,final_right,f32,64,glibc_t2,P7,8,2,1000,1444.85,0.0000,0.0000,1446.0,0.0,1.000,256.0,0.000,0,0,256000,1,0,1,0,1,1
1,final_right,f32,64,glibc_t2,FIXED_TWIN,8,3,1000,1394.70,0.0000,0.0000,1396.0,0.0,1.000,256.0,0.000,0,0,256000,1,0,1,0,1,1
1,final_right,f32,64,glibc_t2,P6,9,0,1000,1626.79,0.0000,0.0000,1629.0,0.0,1.000,256.0,0.000,0,0,256000,1,1,0,0,1,1
1,final_right,f32,64,glibc_t2,P7,9,1,1000,1373.44,0.0000,0.0000,1375.0,0.0,1.000,256.0,0.000,0,0,256000,1,0,1,0,1,1
1,final_right,f32,64,glibc_t2,FIXED_TWIN,9,2,1000,1367.30,0.0000,0.0000,1368.0,0.0,1.000,256.0,0.000,0,0,256000,1,0,1,0,1,1
1,final_right,f32,64,glibc_t2,P5,9,3,1000,2268.08,0.0000,0.0000,2271.0,0.0,2.000,512.0,0.000,0,0,256256,2,0,0,0,1,1
1,final_right,f32,64,glibc_t2,P7,10,0,1000,1384.21,0.0000,0.0000,1388.0,0.0,1.000,256.0,0.000,0,0,256000,1,0,1,0,1,1
1,final_right,f32,64,glibc_t2,FIXED_TWIN,10,1,1000,1549.44,0.0000,0.0000,1551.0,0.0,1.000,256.0,0.000,0,0,256000,1,0,1,0,1,1
1,final_right,f32,64,glibc_t2,P5,10,2,1000,1495.24,0.0000,0.0000,1497.0,0.0,2.000,512.0,0.000,0,0,256256,2,0,0,0,1,1
1,final_right,f32,64,glibc_t2,P6,10,3,1000,1492.05,0.0000,0.0000,1495.0,0.0,1.000,256.0,0.000,0,0,256000,1,1,0,0,1,1
1,final_right,f32,64,glibc_t2,FIXED_TWIN,11,0,1000,1508.07,0.0000,0.0000,1510.0,0.0,1.000,256.0,0.000,0,0,256000,1,0,1,0,1,1
1,final_right,f32,64,glibc_t2,P5,11,1,1000,1408.51,0.0000,0.0000,1411.0,0.0,2.000,512.0,0.000,0,0,256256,2,0,0,0,1,1
1,final_right,f32,64,glibc_t2,P6,11,2,1000,1442.15,0.0000,0.0000,1443.0,0.0,1.000,256.0,0.000,0,0,256000,1,1,0,0,1,1
1,final_right,f32,64,glibc_t2,P7,11,3,1000,1377.83,0.0000,0.0000,1379.0,0.0,1.000,256.0,0.000,0,0,256000,1,0,1,0,1,1
1,final_right,f32,64,glibc_t2,P5,12,0,1000,1586.55,0.0000,0.0000,1590.0,0.0,2.000,512.0,0.000,0,0,256256,2,0,0,0,1,1
1,final_right,f32,64,glibc_t2,P6,12,1,1000,1405.13,0.0000,0.0000,1406.0,0.0,1.000,256.0,0.000,0,0,256000,1,1,0,0,1,1
1,final_right,f32,64,glibc_t2,P7,12,2,1000,1467.98,0.0000,0.0000,1470.0,0.0,1.000,256.0,0.000,0,0,256000,1,0,1,0,1,1
1,final_right,f32,64,glibc_t2,FIXED_TWIN,12,3,1000,1367.93,0.0000,0.0000,1369.0,0.0,1.000,256.0,0.000,0,0,256000,1,0,1,0,1,1
1,final_right,f32,64,glibc_t2,P6,13,0,1000,1410.96,0.0000,0.0000,1412.0,0.0,1.000,256.0,0.000,0,0,256000,1,1,0,0,1,1
1,final_right,f32,64,glibc_t2,P7,13,1,1000,1371.85,0.0000,0.0000,1372.0,0.0,1.000,256.0,0.000,0,0,256000,1,0,1,0,1,1
1,final_right,f32,64,glibc_t2,FIXED_TWIN,13,2,1000,1376.91,0.0000,0.0000,1378.0,0.0,1.000,256.0,0.000,0,0,256000,1,0,1,0,1,1
1,final_right,f32,64,glibc_t2,P5,13,3,1000,1410.39,0.0000,0.0000,1411.0,0.0,2.000,512.0,0.000,0,0,256256,2,0,0,0,1,1
1,final_right,f32,64,glibc_t2,P7,14,0,1000,1356.15,0.0000,0.0000,1357.0,0.0,1.000,256.0,0.000,0,0,256000,1,0,1,0,1,1
1,final_right,f32,64,glibc_t2,FIXED_TWIN,14,1,1000,1359.37,0.0000,0.0000,1360.0,0.0,1.000,256.0,0.000,0,0,256000,1,0,1,0,1,1
1,final_right,f32,64,glibc_t2,P5,14,2,1000,1604.94,0.0000,0.0000,1609.0,0.0,2.000,512.0,0.000,0,0,256256,2,0,0,0,1,1
1,final_right,f32,64,glibc_t2,P6,14,3,1000,1404.55,0.0000,0.0000,1405.0,0.0,1.000,256.0,0.000,0,0,256000,1,1,0,0,1,1
1,final_right,f32,1024,glibc_t2,P5,0,0,1000,1784.14,0.0000,0.0000,1789.0,0.0,2.000,8192.0,0.000,0,0,4100096,2,0,0,0,1,1
1,final_right,f32,1024,glibc_t2,P6,0,1,1000,1684.04,0.0000,0.0000,1686.0,0.0,1.000,4096.0,0.000,0,0,4096000,1,1,0,0,1,1
1,final_right,f32,1024,glibc_t2,P7,0,2,1000,1566.90,0.0000,0.0000,1569.0,0.0,1.000,4096.0,0.000,0,0,4096000,1,0,1,0,1,1
1,final_right,f32,1024,glibc_t2,FIXED_TWIN,0,3,1000,1549.73,0.0000,0.0000,1551.0,0.0,1.000,4096.0,0.000,0,0,4096000,1,0,1,0,1,1
1,final_right,f32,1024,glibc_t2,P6,1,0,1000,1670.85,0.0000,0.0000,1674.0,0.0,1.000,4096.0,0.000,0,0,4096000,1,1,0,0,1,1
1,final_right,f32,1024,glibc_t2,P7,1,1,1000,1549.68,0.0000,0.0000,1551.0,0.0,1.000,4096.0,0.000,0,0,4096000,1,0,1,0,1,1
1,final_right,f32,1024,glibc_t2,FIXED_TWIN,1,2,1000,1546.03,0.0000,0.0000,1548.0,0.0,1.000,4096.0,0.000,0,0,4096000,1,0,1,0,1,1
1,final_right,f32,1024,glibc_t2,P5,1,3,1000,1691.38,0.0000,0.0000,1693.0,0.0,2.000,8192.0,0.000,0,0,4100096,2,0,0,0,1,1
1,final_right,f32,1024,glibc_t2,P7,2,0,1000,1750.13,0.0000,0.0000,1752.0,0.0,1.000,4096.0,0.000,0,0,4096000,1,0,1,0,1,1
1,final_right,f32,1024,glibc_t2,FIXED_TWIN,2,1,1000,1530.85,0.0000,0.0000,1534.0,0.0,1.000,4096.0,0.000,0,0,4096000,1,0,1,0,1,1
1,final_right,f32,1024,glibc_t2,P5,2,2,1000,1701.36,0.0000,0.0000,1706.0,0.0,2.000,8192.0,0.000,0,0,4100096,2,0,0,0,1,1
1,final_right,f32,1024,glibc_t2,P6,2,3,1000,1672.65,0.0000,0.0000,1676.0,0.0,1.000,4096.0,0.000,0,0,4096000,1,1,0,0,1,1
1,final_right,f32,1024,glibc_t2,FIXED_TWIN,3,0,1000,1546.11,0.0000,0.0000,1548.0,0.0,1.000,4096.0,0.000,0,0,4096000,1,0,1,0,1,1
1,final_right,f32,1024,glibc_t2,P5,3,1,1000,1662.97,0.0000,0.0000,1666.0,0.0,2.000,8192.0,0.000,0,0,4100096,2,0,0,0,1,1
1,final_right,f32,1024,glibc_t2,P6,3,2,1000,1692.81,0.0000,0.0000,1695.0,0.0,1.000,4096.0,0.000,0,0,4096000,1,1,0,0,1,1
1,final_right,f32,1024,glibc_t2,P7,3,3,1000,1560.81,0.0000,0.0000,1564.0,0.0,1.000,4096.0,0.000,0,0,4096000,1,0,1,0,1,1
1,final_right,f32,1024,glibc_t2,P5,4,0,1000,1847.91,0.0000,0.0000,1727.0,0.0,2.000,8192.0,0.000,0,0,4100096,2,0,0,0,1,1
1,final_right,f32,1024,glibc_t2,P6,4,1,1000,1707.81,0.0000,0.0000,1710.0,0.0,1.000,4096.0,0.000,0,0,4096000,1,1,0,0,1,1
1,final_right,f32,1024,glibc_t2,P7,4,2,1000,1576.51,0.0000,0.0000,1580.0,0.0,1.000,4096.0,0.000,0,0,4096000,1,0,1,0,1,1
1,final_right,f32,1024,glibc_t2,FIXED_TWIN,4,3,1000,1551.10,0.0000,0.0000,1553.0,0.0,1.000,4096.0,0.000,0,0,4096000,1,0,1,0,1,1
1,final_right,f32,1024,glibc_t2,P6,5,0,1000,1703.81,0.0000,0.0000,1706.0,0.0,1.000,4096.0,0.000,0,0,4096000,1,1,0,0,1,1
1,final_right,f32,1024,glibc_t2,P7,5,1,1000,1595.63,0.0000,0.0000,1598.0,0.0,1.000,4096.0,0.000,0,0,4096000,1,0,1,0,1,1
1,final_right,f32,1024,glibc_t2,FIXED_TWIN,5,2,1000,1602.82,0.0000,0.0000,1605.0,0.0,1.000,4096.0,0.000,0,0,4096000,1,0,1,0,1,1
1,final_right,f32,1024,glibc_t2,P5,5,3,1000,1703.55,0.0000,0.0000,1706.0,0.0,2.000,8192.0,0.000,0,0,4100096,2,0,0,0,1,1
1,final_right,f32,1024,glibc_t2,P7,6,0,1000,1608.89,0.0000,0.0000,1611.0,0.0,1.000,4096.0,0.000,0,0,4096000,1,0,1,0,1,1
1,final_right,f32,1024,glibc_t2,FIXED_TWIN,6,1,1000,1549.55,0.0000,0.0000,1552.0,0.0,1.000,4096.0,0.000,0,0,4096000,1,0,1,0,1,1
1,final_right,f32,1024,glibc_t2,P5,6,2,1000,1712.56,0.0000,0.0000,1715.0,0.0,2.000,8192.0,0.000,0,0,4100096,2,0,0,0,1,1
1,final_right,f32,1024,glibc_t2,P6,6,3,1000,1671.18,0.0000,0.0000,1673.0,0.0,1.000,4096.0,0.000,0,0,4096000,1,1,0,0,1,1
1,final_right,f32,1024,glibc_t2,FIXED_TWIN,7,0,1000,1547.13,0.0000,0.0000,1548.0,0.0,1.000,4096.0,0.000,0,0,4096000,1,0,1,0,1,1
1,final_right,f32,1024,glibc_t2,P5,7,1,1000,1674.64,0.0000,0.0000,1680.0,0.0,2.000,8192.0,0.000,0,0,4100096,2,0,0,0,1,1
1,final_right,f32,1024,glibc_t2,P6,7,2,1000,1772.36,0.0000,0.0000,1774.0,0.0,1.000,4096.0,0.000,0,0,4096000,1,1,0,0,1,1
1,final_right,f32,1024,glibc_t2,P7,7,3,1000,1568.62,0.0000,0.0000,1571.0,0.0,1.000,4096.0,0.000,0,0,4096000,1,0,1,0,1,1
1,final_right,f32,1024,glibc_t2,P5,8,0,1000,1790.58,0.0000,0.0000,1793.0,0.0,2.000,8192.0,0.000,0,0,4100096,2,0,0,0,1,1
1,final_right,f32,1024,glibc_t2,P6,8,1,1000,1668.52,0.0000,0.0000,1672.0,0.0,1.000,4096.0,0.000,0,0,4096000,1,1,0,0,1,1
1,final_right,f32,1024,glibc_t2,P7,8,2,1000,1534.10,0.0000,0.0000,1538.0,0.0,1.000,4096.0,0.000,0,0,4096000,1,0,1,0,1,1
1,final_right,f32,1024,glibc_t2,FIXED_TWIN,8,3,1000,1561.94,0.0000,0.0000,1565.0,0.0,1.000,4096.0,0.000,0,0,4096000,1,0,1,0,1,1
1,final_right,f32,1024,glibc_t2,P6,9,0,1000,1691.61,0.0000,0.0000,1697.0,0.0,1.000,4096.0,0.000,0,0,4096000,1,1,0,0,1,1
1,final_right,f32,1024,glibc_t2,P7,9,1,1000,1558.18,0.0000,0.0000,1561.0,0.0,1.000,4096.0,0.000,0,0,4096000,1,0,1,0,1,1
1,final_right,f32,1024,glibc_t2,FIXED_TWIN,9,2,1000,1513.39,0.0000,0.0000,1516.0,0.0,1.000,4096.0,0.000,0,0,4096000,1,0,1,0,1,1
1,final_right,f32,1024,glibc_t2,P5,9,3,1000,1715.18,0.0000,0.0000,1718.0,0.0,2.000,8192.0,0.000,0,0,4100096,2,0,0,0,1,1
1,final_right,f32,1024,glibc_t2,P7,10,0,1000,1531.37,0.0000,0.0000,1540.0,0.0,1.000,4096.0,0.000,0,0,4096000,1,0,1,0,1,1
1,final_right,f32,1024,glibc_t2,FIXED_TWIN,10,1,1000,1543.76,0.0000,0.0000,1546.0,0.0,1.000,4096.0,0.000,0,0,4096000,1,0,1,0,1,1
1,final_right,f32,1024,glibc_t2,P5,10,2,1000,1711.84,0.0000,0.0000,1714.0,0.0,2.000,8192.0,0.000,0,0,4100096,2,0,0,0,1,1
1,final_right,f32,1024,glibc_t2,P6,10,3,1000,1771.38,0.0000,0.0000,1775.0,0.0,1.000,4096.0,0.000,0,0,4096000,1,1,0,0,1,1
1,final_right,f32,1024,glibc_t2,FIXED_TWIN,11,0,1000,1540.31,0.0000,0.0000,0.0,1566.0,1.000,4096.0,0.000,0,0,4096000,1,0,1,0,1,1
1,final_right,f32,1024,glibc_t2,P5,11,1,1000,1710.93,0.0000,0.0000,704.0,1010.0,2.000,8192.0,0.000,0,0,4100096,2,0,0,0,1,1
1,final_right,f32,1024,glibc_t2,P6,11,2,1000,1675.26,0.0000,0.0000,1678.0,0.0,1.000,4096.0,0.000,0,0,4096000,1,1,0,0,1,1
1,final_right,f32,1024,glibc_t2,P7,11,3,1000,1538.91,0.0000,0.0000,1540.0,0.0,1.000,4096.0,0.000,0,0,4096000,1,0,1,0,1,1
1,final_right,f32,1024,glibc_t2,P5,12,0,1000,1758.33,0.0000,0.0000,1760.0,0.0,2.000,8192.0,0.000,0,0,4100096,2,0,0,0,1,1
1,final_right,f32,1024,glibc_t2,P6,12,1,1000,1645.12,0.0000,0.0000,1647.0,0.0,1.000,4096.0,0.000,0,0,4096000,1,1,0,0,1,1
1,final_right,f32,1024,glibc_t2,P7,12,2,1000,1524.65,0.0000,0.0000,685.0,841.0,1.000,4096.0,0.000,0,0,4096000,1,0,1,0,1,1
1,final_right,f32,1024,glibc_t2,FIXED_TWIN,12,3,1000,1519.33,0.0000,0.0000,1521.0,0.0,1.000,4096.0,0.000,0,0,4096000,1,0,1,0,1,1
1,final_right,f32,1024,glibc_t2,P6,13,0,1000,1692.48,0.0000,0.0000,1695.0,0.0,1.000,4096.0,0.000,0,0,4096000,1,1,0,0,1,1
1,final_right,f32,1024,glibc_t2,P7,13,1,1000,1521.76,0.0000,0.0000,1523.0,0.0,1.000,4096.0,0.000,0,0,4096000,1,0,1,0,1,1
1,final_right,f32,1024,glibc_t2,FIXED_TWIN,13,2,1000,1520.62,0.0000,0.0000,1522.0,0.0,1.000,4096.0,0.000,0,0,4096000,1,0,1,0,1,1
1,final_right,f32,1024,glibc_t2,P5,13,3,1000,1778.05,0.0000,0.0000,1782.0,0.0,2.000,8192.0,0.000,0,0,4100096,2,0,0,0,1,1
1,final_right,f32,1024,glibc_t2,P7,14,0,1000,1545.67,0.0000,0.0000,1548.0,0.0,1.000,4096.0,0.000,0,0,4096000,1,0,1,0,1,1
1,final_right,f32,1024,glibc_t2,FIXED_TWIN,14,1,1000,1604.88,0.0000,0.0000,1606.0,0.0,1.000,4096.0,0.000,0,0,4096000,1,0,1,0,1,1
1,final_right,f32,1024,glibc_t2,P5,14,2,1000,1788.29,0.0000,0.0000,1792.0,0.0,2.000,8192.0,0.000,0,0,4100096,2,0,0,0,1,1
1,final_right,f32,1024,glibc_t2,P6,14,3,1000,1686.41,0.0000,0.0000,1690.0,0.0,1.000,4096.0,0.000,0,0,4096000,1,1,0,0,1,1
1,final_right,f32,4096,glibc_t2,P5,0,0,1,1698.00,0.0000,0.0000,4000.0,0.0,2.000,32768.0,0.000,0,0,32768,2,0,0,0,1,1
1,final_right,f32,4096,glibc_t2,P6,0,1,1,1364.00,0.0000,0.0000,2000.0,0.0,1.000,16384.0,0.000,0,0,16384,1,1,0,0,1,1
1,final_right,f32,4096,glibc_t2,P7,0,2,1,1218.00,0.0000,0.0000,2000.0,0.0,1.000,16384.0,0.000,0,0,16384,1,0,1,0,1,1
1,final_right,f32,4096,glibc_t2,FIXED_TWIN,0,3,1,1344.00,0.0000,0.0000,2000.0,0.0,1.000,16384.0,0.000,0,0,16384,1,0,1,0,1,1
1,final_right,f32,4096,glibc_t2,P6,1,0,1,1388.00,0.0000,0.0000,2000.0,0.0,1.000,16384.0,0.000,0,0,16384,1,1,0,0,1,1
1,final_right,f32,4096,glibc_t2,P7,1,1,1,1285.00,0.0000,0.0000,2000.0,0.0,1.000,16384.0,0.000,0,0,16384,1,0,1,0,1,1
1,final_right,f32,4096,glibc_t2,FIXED_TWIN,1,2,1,1188.00,0.0000,0.0000,2000.0,0.0,1.000,16384.0,0.000,0,0,16384,1,0,1,0,1,1
1,final_right,f32,4096,glibc_t2,P5,1,3,1,1631.00,0.0000,0.0000,2000.0,0.0,2.000,32768.0,0.000,0,0,32768,2,0,0,0,1,1
1,final_right,f32,4096,glibc_t2,P7,2,0,1,1188.00,0.0000,0.0000,2000.0,0.0,1.000,16384.0,0.000,0,0,16384,1,0,1,0,1,1
1,final_right,f32,4096,glibc_t2,FIXED_TWIN,2,1,1,1197.00,0.0000,0.0000,1000.0,0.0,1.000,16384.0,0.000,0,0,16384,1,0,1,0,1,1
1,final_right,f32,4096,glibc_t2,P5,2,2,1,1580.00,0.0000,0.0000,2000.0,0.0,2.000,32768.0,0.000,0,0,32768,2,0,0,0,1,1
1,final_right,f32,4096,glibc_t2,P6,2,3,1,1362.00,0.0000,0.0000,1000.0,1000.0,1.000,16384.0,0.000,0,0,16384,1,1,0,0,1,1
1,final_right,f32,4096,glibc_t2,FIXED_TWIN,3,0,1,1185.00,0.0000,0.0000,1000.0,1000.0,1.000,16384.0,0.000,0,0,16384,1,0,1,0,1,1
1,final_right,f32,4096,glibc_t2,P5,3,1,1,1513.00,0.0000,0.0000,0.0,1000.0,2.000,32768.0,0.000,0,0,32768,2,0,0,0,1,1
1,final_right,f32,4096,glibc_t2,P6,3,2,1,1387.00,0.0000,0.0000,1000.0,1000.0,1.000,16384.0,0.000,0,0,16384,1,1,0,0,1,1
1,final_right,f32,4096,glibc_t2,P7,3,3,1,1224.00,0.0000,0.0000,0.0,1000.0,1.000,16384.0,0.000,0,0,16384,1,0,1,0,1,1
1,final_right,f32,4096,glibc_t2,P5,4,0,1,1623.00,0.0000,0.0000,2000.0,0.0,2.000,32768.0,0.000,0,0,32768,2,0,0,0,1,1
1,final_right,f32,4096,glibc_t2,P6,4,1,1,1489.00,0.0000,0.0000,2000.0,0.0,1.000,16384.0,0.000,0,0,16384,1,1,0,0,1,1
1,final_right,f32,4096,glibc_t2,P7,4,2,1,1355.00,0.0000,0.0000,2000.0,0.0,1.000,16384.0,0.000,0,0,16384,1,0,1,0,1,1
1,final_right,f32,4096,glibc_t2,FIXED_TWIN,4,3,1,1224.00,0.0000,0.0000,1000.0,0.0,1.000,16384.0,0.000,0,0,16384,1,0,1,0,1,1
1,final_right,f32,4096,glibc_t2,P6,5,0,1,1366.00,0.0000,0.0000,2000.0,0.0,1.000,16384.0,0.000,0,0,16384,1,1,0,0,1,1
1,final_right,f32,4096,glibc_t2,P7,5,1,1,1224.00,0.0000,0.0000,2000.0,0.0,1.000,16384.0,0.000,0,0,16384,1,0,1,0,1,1
1,final_right,f32,4096,glibc_t2,FIXED_TWIN,5,2,1,1243.00,0.0000,0.0000,2000.0,0.0,1.000,16384.0,0.000,0,0,16384,1,0,1,0,1,1
1,final_right,f32,4096,glibc_t2,P5,5,3,1,1521.00,0.0000,0.0000,2000.0,0.0,2.000,32768.0,0.000,0,0,32768,2,0,0,0,1,1
1,final_right,f32,4096,glibc_t2,P7,6,0,1,1207.00,0.0000,0.0000,2000.0,0.0,1.000,16384.0,0.000,0,0,16384,1,0,1,0,1,1
1,final_right,f32,4096,glibc_t2,FIXED_TWIN,6,1,1,1212.00,0.0000,0.0000,1000.0,0.0,1.000,16384.0,0.000,0,0,16384,1,0,1,0,1,1
1,final_right,f32,4096,glibc_t2,P5,6,2,1,1508.00,0.0000,0.0000,2000.0,0.0,2.000,32768.0,0.000,0,0,32768,2,0,0,0,1,1
1,final_right,f32,4096,glibc_t2,P6,6,3,1,1354.00,0.0000,0.0000,2000.0,0.0,1.000,16384.0,0.000,0,0,16384,1,1,0,0,1,1
1,final_right,f32,4096,glibc_t2,FIXED_TWIN,7,0,1,1199.00,0.0000,0.0000,2000.0,0.0,1.000,16384.0,0.000,0,0,16384,1,0,1,0,1,1
1,final_right,f32,4096,glibc_t2,P5,7,1,1,1511.00,0.0000,0.0000,2000.0,0.0,2.000,32768.0,0.000,0,0,32768,2,0,0,0,1,1
1,final_right,f32,4096,glibc_t2,P6,7,2,1,4327.00,0.0000,0.0000,5000.0,0.0,1.000,16384.0,0.000,0,0,16384,1,1,0,0,1,1
1,final_right,f32,4096,glibc_t2,P7,7,3,1,1227.00,0.0000,0.0000,2000.0,0.0,1.000,16384.0,0.000,0,0,16384,1,0,1,0,1,1
1,final_right,f32,4096,glibc_t2,P5,8,0,1,1504.00,0.0000,0.0000,2000.0,0.0,2.000,32768.0,0.000,0,0,32768,2,0,0,0,1,1
1,final_right,f32,4096,glibc_t2,P6,8,1,1,1344.00,0.0000,0.0000,2000.0,0.0,1.000,16384.0,0.000,0,0,16384,1,1,0,0,1,1
1,final_right,f32,4096,glibc_t2,P7,8,2,1,1230.00,0.0000,0.0000,2000.0,0.0,1.000,16384.0,0.000,0,0,16384,1,0,1,0,1,1
1,final_right,f32,4096,glibc_t2,FIXED_TWIN,8,3,1,1207.00,0.0000,0.0000,1000.0,0.0,1.000,16384.0,0.000,0,0,16384,1,0,1,0,1,1
1,final_right,f32,4096,glibc_t2,P6,9,0,1,1345.00,0.0000,0.0000,1000.0,0.0,1.000,16384.0,0.000,0,0,16384,1,1,0,0,1,1
1,final_right,f32,4096,glibc_t2,P7,9,1,1,1177.00,0.0000,0.0000,1000.0,0.0,1.000,16384.0,0.000,0,0,16384,1,0,1,0,1,1
1,final_right,f32,4096,glibc_t2,FIXED_TWIN,9,2,1,1228.00,0.0000,0.0000,2000.0,0.0,1.000,16384.0,0.000,0,0,16384,1,0,1,0,1,1
1,final_right,f32,4096,glibc_t2,P5,9,3,1,1509.00,0.0000,0.0000,2000.0,0.0,2.000,32768.0,0.000,0,0,32768,2,0,0,0,1,1
1,final_right,f32,4096,glibc_t2,P7,10,0,1,1206.00,0.0000,0.0000,2000.0,0.0,1.000,16384.0,0.000,0,0,16384,1,0,1,0,1,1
1,final_right,f32,4096,glibc_t2,FIXED_TWIN,10,1,1,1266.00,0.0000,0.0000,1000.0,0.0,1.000,16384.0,0.000,0,0,16384,1,0,1,0,1,1
1,final_right,f32,4096,glibc_t2,P5,10,2,1,1529.00,0.0000,0.0000,2000.0,0.0,2.000,32768.0,0.000,0,0,32768,2,0,0,0,1,1
1,final_right,f32,4096,glibc_t2,P6,10,3,1,1329.00,0.0000,0.0000,2000.0,0.0,1.000,16384.0,0.000,0,0,16384,1,1,0,0,1,1
1,final_right,f32,4096,glibc_t2,FIXED_TWIN,11,0,1,1211.00,0.0000,0.0000,2000.0,0.0,1.000,16384.0,0.000,0,0,16384,1,0,1,0,1,1
1,final_right,f32,4096,glibc_t2,P5,11,1,1,1527.00,0.0000,0.0000,2000.0,0.0,2.000,32768.0,0.000,0,0,32768,2,0,0,0,1,1
1,final_right,f32,4096,glibc_t2,P6,11,2,1,1349.00,0.0000,0.0000,2000.0,0.0,1.000,16384.0,0.000,0,0,16384,1,1,0,0,1,1
1,final_right,f32,4096,glibc_t2,P7,11,3,1,1216.00,0.0000,0.0000,2000.0,0.0,1.000,16384.0,0.000,0,0,16384,1,0,1,0,1,1
1,final_right,f32,4096,glibc_t2,P5,12,0,1,1502.00,0.0000,0.0000,2000.0,0.0,2.000,32768.0,0.000,0,0,32768,2,0,0,0,1,1
1,final_right,f32,4096,glibc_t2,P6,12,1,1,1316.00,0.0000,0.0000,2000.0,0.0,1.000,16384.0,0.000,0,0,16384,1,1,0,0,1,1
1,final_right,f32,4096,glibc_t2,P7,12,2,1,1257.00,0.0000,0.0000,2000.0,0.0,1.000,16384.0,0.000,0,0,16384,1,0,1,0,1,1
1,final_right,f32,4096,glibc_t2,FIXED_TWIN,12,3,1,1235.00,0.0000,0.0000,2000.0,0.0,1.000,16384.0,0.000,0,0,16384,1,0,1,0,1,1
1,final_right,f32,4096,glibc_t2,P6,13,0,1,1422.00,0.0000,0.0000,2000.0,0.0,1.000,16384.0,0.000,0,0,16384,1,1,0,0,1,1
1,final_right,f32,4096,glibc_t2,P7,13,1,1,1204.00,0.0000,0.0000,1000.0,0.0,1.000,16384.0,0.000,0,0,16384,1,0,1,0,1,1
1,final_right,f32,4096,glibc_t2,FIXED_TWIN,13,2,1,1197.00,0.0000,0.0000,2000.0,0.0,1.000,16384.0,0.000,0,0,16384,1,0,1,0,1,1
1,final_right,f32,4096,glibc_t2,P5,13,3,1,1506.00,0.0000,0.0000,2000.0,0.0,2.000,32768.0,0.000,0,0,32768,2,0,0,0,1,1
1,final_right,f32,4096,glibc_t2,P7,14,0,1,1283.00,0.0000,0.0000,2000.0,0.0,1.000,16384.0,0.000,0,0,16384,1,0,1,0,1,1
1,final_right,f32,4096,glibc_t2,FIXED_TWIN,14,1,1,1206.00,0.0000,0.0000,2000.0,0.0,1.000,16384.0,0.000,0,0,16384,1,0,1,0,1,1
1,final_right,f32,4096,glibc_t2,P5,14,2,1,1527.00,0.0000,0.0000,2000.0,0.0,2.000,32768.0,0.000,0,0,32768,2,0,0,0,1,1
1,final_right,f32,4096,glibc_t2,P6,14,3,1,1369.00,0.0000,0.0000,1000.0,0.0,1.000,16384.0,0.000,0,0,16384,1,1,0,0,1,1
1,final_right,f32,16384,glibc_t2,P5,0,0,1,4790.00,0.0000,0.0000,6000.0,0.0,2.000,131072.0,0.000,0,0,131072,2,0,0,0,1,1
1,final_right,f32,16384,glibc_t2,P6,0,1,1,4674.00,0.0000,0.0000,5000.0,0.0,1.000,65536.0,0.000,0,0,65536,1,1,0,0,1,1
1,final_right,f32,16384,glibc_t2,P7,0,2,1,3848.00,0.0000,0.0000,4000.0,0.0,1.000,65536.0,0.000,0,0,65536,1,0,1,0,1,1
1,final_right,f32,16384,glibc_t2,FIXED_TWIN,0,3,1,3861.00,0.0000,0.0000,4000.0,0.0,1.000,65536.0,0.000,0,0,65536,1,0,1,0,1,1
1,final_right,f32,16384,glibc_t2,P6,1,0,1,4644.00,0.0000,0.0000,6000.0,0.0,1.000,65536.0,0.000,0,0,65536,1,1,0,0,1,1
1,final_right,f32,16384,glibc_t2,P7,1,1,1,3812.00,0.0000,0.0000,5000.0,0.0,1.000,65536.0,0.000,0,0,65536,1,0,1,0,1,1
1,final_right,f32,16384,glibc_t2,FIXED_TWIN,1,2,1,3794.00,0.0000,0.0000,4000.0,0.0,1.000,65536.0,0.000,0,0,65536,1,0,1,0,1,1
1,final_right,f32,16384,glibc_t2,P5,1,3,1,4758.00,0.0000,0.0000,6000.0,0.0,2.000,131072.0,0.000,0,0,131072,2,0,0,0,1,1
1,final_right,f32,16384,glibc_t2,P7,2,0,1,3789.00,0.0000,0.0000,4000.0,0.0,1.000,65536.0,0.000,0,0,65536,1,0,1,0,1,1
1,final_right,f32,16384,glibc_t2,FIXED_TWIN,2,1,1,3832.00,0.0000,0.0000,4000.0,0.0,1.000,65536.0,0.000,0,0,65536,1,0,1,0,1,1
1,final_right,f32,16384,glibc_t2,P5,2,2,1,4707.00,0.0000,0.0000,6000.0,0.0,2.000,131072.0,0.000,0,0,131072,2,0,0,0,1,1
1,final_right,f32,16384,glibc_t2,P6,2,3,1,4599.00,0.0000,0.0000,5000.0,0.0,1.000,65536.0,0.000,0,0,65536,1,1,0,0,1,1
1,final_right,f32,16384,glibc_t2,FIXED_TWIN,3,0,1,3827.00,0.0000,0.0000,4000.0,0.0,1.000,65536.0,0.000,0,0,65536,1,0,1,0,1,1
1,final_right,f32,16384,glibc_t2,P5,3,1,1,4663.00,0.0000,0.0000,5000.0,0.0,2.000,131072.0,0.000,0,0,131072,2,0,0,0,1,1
1,final_right,f32,16384,glibc_t2,P6,3,2,1,4550.00,0.0000,0.0000,5000.0,0.0,1.000,65536.0,0.000,0,0,65536,1,1,0,0,1,1
1,final_right,f32,16384,glibc_t2,P7,3,3,1,3835.00,0.0000,0.0000,5000.0,0.0,1.000,65536.0,0.000,0,0,65536,1,0,1,0,1,1
1,final_right,f32,16384,glibc_t2,P5,4,0,1,4651.00,0.0000,0.0000,5000.0,0.0,2.000,131072.0,0.000,0,0,131072,2,0,0,0,1,1
1,final_right,f32,16384,glibc_t2,P6,4,1,1,4629.00,0.0000,0.0000,5000.0,0.0,1.000,65536.0,0.000,0,0,65536,1,1,0,0,1,1
1,final_right,f32,16384,glibc_t2,P7,4,2,1,3811.00,0.0000,0.0000,4000.0,0.0,1.000,65536.0,0.000,0,0,65536,1,0,1,0,1,1
1,final_right,f32,16384,glibc_t2,FIXED_TWIN,4,3,1,3798.00,0.0000,0.0000,5000.0,0.0,1.000,65536.0,0.000,0,0,65536,1,0,1,0,1,1
1,final_right,f32,16384,glibc_t2,P6,5,0,1,4589.00,0.0000,0.0000,5000.0,0.0,1.000,65536.0,0.000,0,0,65536,1,1,0,0,1,1
1,final_right,f32,16384,glibc_t2,P7,5,1,1,3799.00,0.0000,0.0000,4000.0,0.0,1.000,65536.0,0.000,0,0,65536,1,0,1,0,1,1
1,final_right,f32,16384,glibc_t2,FIXED_TWIN,5,2,1,3741.00,0.0000,0.0000,4000.0,0.0,1.000,65536.0,0.000,0,0,65536,1,0,1,0,1,1
1,final_right,f32,16384,glibc_t2,P5,5,3,1,4701.00,0.0000,0.0000,6000.0,0.0,2.000,131072.0,0.000,0,0,131072,2,0,0,0,1,1
1,final_right,f32,16384,glibc_t2,P7,6,0,1,3807.00,0.0000,0.0000,5000.0,0.0,1.000,65536.0,0.000,0,0,65536,1,0,1,0,1,1
1,final_right,f32,16384,glibc_t2,FIXED_TWIN,6,1,1,3751.00,0.0000,0.0000,4000.0,0.0,1.000,65536.0,0.000,0,0,65536,1,0,1,0,1,1
1,final_right,f32,16384,glibc_t2,P5,6,2,1,4662.00,0.0000,0.0000,5000.0,0.0,2.000,131072.0,0.000,0,0,131072,2,0,0,0,1,1
1,final_right,f32,16384,glibc_t2,P6,6,3,1,4593.00,0.0000,0.0000,5000.0,0.0,1.000,65536.0,0.000,0,0,65536,1,1,0,0,1,1
1,final_right,f32,16384,glibc_t2,FIXED_TWIN,7,0,1,3930.00,0.0000,0.0000,5000.0,0.0,1.000,65536.0,0.000,0,0,65536,1,0,1,0,1,1
1,final_right,f32,16384,glibc_t2,P5,7,1,1,4773.00,0.0000,0.0000,5000.0,0.0,2.000,131072.0,0.000,0,0,131072,2,0,0,0,1,1
1,final_right,f32,16384,glibc_t2,P6,7,2,1,4650.00,0.0000,0.0000,5000.0,0.0,1.000,65536.0,0.000,0,0,65536,1,1,0,0,1,1
1,final_right,f32,16384,glibc_t2,P7,7,3,1,3878.00,0.0000,0.0000,4000.0,0.0,1.000,65536.0,0.000,0,0,65536,1,0,1,0,1,1
1,final_right,f32,16384,glibc_t2,P5,8,0,1,4755.00,0.0000,0.0000,5000.0,0.0,2.000,131072.0,0.000,0,0,131072,2,0,0,0,1,1
1,final_right,f32,16384,glibc_t2,P6,8,1,1,4584.00,0.0000,0.0000,5000.0,0.0,1.000,65536.0,0.000,0,0,65536,1,1,0,0,1,1
1,final_right,f32,16384,glibc_t2,P7,8,2,1,3805.00,0.0000,0.0000,4000.0,0.0,1.000,65536.0,0.000,0,0,65536,1,0,1,0,1,1
1,final_right,f32,16384,glibc_t2,FIXED_TWIN,8,3,1,3831.00,0.0000,0.0000,4000.0,0.0,1.000,65536.0,0.000,0,0,65536,1,0,1,0,1,1
1,final_right,f32,16384,glibc_t2,P6,9,0,1,4543.00,0.0000,0.0000,5000.0,0.0,1.000,65536.0,0.000,0,0,65536,1,1,0,0,1,1
1,final_right,f32,16384,glibc_t2,P7,9,1,1,3823.00,0.0000,0.0000,4000.0,0.0,1.000,65536.0,0.000,0,0,65536,1,0,1,0,1,1
1,final_right,f32,16384,glibc_t2,FIXED_TWIN,9,2,1,3788.00,0.0000,0.0000,5000.0,0.0,1.000,65536.0,0.000,0,0,65536,1,0,1,0,1,1
1,final_right,f32,16384,glibc_t2,P5,9,3,1,4730.00,0.0000,0.0000,6000.0,0.0,2.000,131072.0,0.000,0,0,131072,2,0,0,0,1,1
1,final_right,f32,16384,glibc_t2,P7,10,0,1,3854.00,0.0000,0.0000,5000.0,0.0,1.000,65536.0,0.000,0,0,65536,1,0,1,0,1,1
1,final_right,f32,16384,glibc_t2,FIXED_TWIN,10,1,1,3884.00,0.0000,0.0000,5000.0,0.0,1.000,65536.0,0.000,0,0,65536,1,0,1,0,1,1
1,final_right,f32,16384,glibc_t2,P5,10,2,1,4646.00,0.0000,0.0000,5000.0,0.0,2.000,131072.0,0.000,0,0,131072,2,0,0,0,1,1
1,final_right,f32,16384,glibc_t2,P6,10,3,1,4585.00,0.0000,0.0000,5000.0,0.0,1.000,65536.0,0.000,0,0,65536,1,1,0,0,1,1
1,final_right,f32,16384,glibc_t2,FIXED_TWIN,11,0,1,3857.00,0.0000,0.0000,5000.0,0.0,1.000,65536.0,0.000,0,0,65536,1,0,1,0,1,1
1,final_right,f32,16384,glibc_t2,P5,11,1,1,8976.00,0.0000,0.0000,10000.0,0.0,2.000,131072.0,0.000,0,0,131072,2,0,0,0,1,1
1,final_right,f32,16384,glibc_t2,P6,11,2,1,4561.00,0.0000,0.0000,5000.0,0.0,1.000,65536.0,0.000,0,0,65536,1,1,0,0,1,1
1,final_right,f32,16384,glibc_t2,P7,11,3,1,3865.00,0.0000,0.0000,5000.0,0.0,1.000,65536.0,0.000,0,0,65536,1,0,1,0,1,1
1,final_right,f32,16384,glibc_t2,P5,12,0,1,4617.00,0.0000,0.0000,5000.0,0.0,2.000,131072.0,0.000,0,0,131072,2,0,0,0,1,1
1,final_right,f32,16384,glibc_t2,P6,12,1,1,4559.00,0.0000,0.0000,5000.0,0.0,1.000,65536.0,0.000,0,0,65536,1,1,0,0,1,1
1,final_right,f32,16384,glibc_t2,P7,12,2,1,3782.00,0.0000,0.0000,4000.0,0.0,1.000,65536.0,0.000,0,0,65536,1,0,1,0,1,1
1,final_right,f32,16384,glibc_t2,FIXED_TWIN,12,3,1,3758.00,0.0000,0.0000,4000.0,0.0,1.000,65536.0,0.000,0,0,65536,1,0,1,0,1,1
1,final_right,f32,16384,glibc_t2,P6,13,0,1,4588.00,0.0000,0.0000,5000.0,0.0,1.000,65536.0,0.000,0,0,65536,1,1,0,0,1,1
1,final_right,f32,16384,glibc_t2,P7,13,1,1,3849.00,0.0000,0.0000,4000.0,0.0,1.000,65536.0,0.000,0,0,65536,1,0,1,0,1,1
1,final_right,f32,16384,glibc_t2,FIXED_TWIN,13,2,1,3768.00,0.0000,0.0000,4000.0,0.0,1.000,65536.0,0.000,0,0,65536,1,0,1,0,1,1
1,final_right,f32,16384,glibc_t2,P5,13,3,1,4694.00,0.0000,0.0000,5000.0,0.0,2.000,131072.0,0.000,0,0,131072,2,0,0,0,1,1
1,final_right,f32,16384,glibc_t2,P7,14,0,1,3828.00,0.0000,0.0000,5000.0,0.0,1.000,65536.0,0.000,0,0,65536,1,0,1,0,1,1
1,final_right,f32,16384,glibc_t2,FIXED_TWIN,14,1,1,3829.00,0.0000,0.0000,5000.0,0.0,1.000,65536.0,0.000,0,0,65536,1,0,1,0,1,1
1,final_right,f32,16384,glibc_t2,P5,14,2,1,4745.00,0.0000,0.0000,5000.0,0.0,2.000,131072.0,0.000,0,0,131072,2,0,0,0,1,1
1,final_right,f32,16384,glibc_t2,P6,14,3,1,4637.00,0.0000,0.0000,5000.0,0.0,1.000,65536.0,0.000,0,0,65536,1,1,0,0,1,1
1,final_right,f32,65536,glibc_t2,P5,0,0,1,162613.00,130.0000,0.0000,69000.0,98000.0,2.000,524288.0,0.000,0,0,524288,2,0,0,0,1,1
1,final_right,f32,65536,glibc_t2,P6,0,1,1,78318.00,65.0000,0.0000,32000.0,46000.0,1.000,262144.0,0.000,0,0,262144,1,1,0,0,1,1
1,final_right,f32,65536,glibc_t2,P7,0,2,1,76838.00,65.0000,0.0000,31000.0,46000.0,1.000,262144.0,0.000,0,0,262144,1,0,1,0,1,1
1,final_right,f32,65536,glibc_t2,FIXED_TWIN,0,3,1,81677.00,65.0000,0.0000,34000.0,48000.0,1.000,262144.0,0.000,0,0,262144,1,0,1,0,1,1
1,final_right,f32,65536,glibc_t2,P6,1,0,1,77742.00,65.0000,0.0000,33000.0,46000.0,1.000,262144.0,0.000,0,0,262144,1,1,0,0,1,1
1,final_right,f32,65536,glibc_t2,P7,1,1,1,74562.00,65.0000,0.0000,31000.0,44000.0,1.000,262144.0,0.000,0,0,262144,1,0,1,0,1,1
1,final_right,f32,65536,glibc_t2,FIXED_TWIN,1,2,1,99441.00,65.0000,0.0000,101000.0,0.0,1.000,262144.0,0.000,0,0,262144,1,0,1,0,1,1
1,final_right,f32,65536,glibc_t2,P5,1,3,1,157322.00,130.0000,0.0000,158000.0,0.0,2.000,524288.0,0.000,0,0,524288,2,0,0,0,1,1
1,final_right,f32,65536,glibc_t2,P7,2,0,1,73926.00,65.0000,0.0000,75000.0,0.0,1.000,262144.0,0.000,0,0,262144,1,0,1,0,1,1
1,final_right,f32,65536,glibc_t2,FIXED_TWIN,2,1,1,74679.00,65.0000,0.0000,75000.0,0.0,1.000,262144.0,0.000,0,0,262144,1,0,1,0,1,1
1,final_right,f32,65536,glibc_t2,P5,2,2,1,154714.00,130.0000,0.0000,155000.0,0.0,2.000,524288.0,0.000,0,0,524288,2,0,0,0,1,1
1,final_right,f32,65536,glibc_t2,P6,2,3,1,77141.00,65.0000,0.0000,77000.0,0.0,1.000,262144.0,0.000,0,0,262144,1,1,0,0,1,1
1,final_right,f32,65536,glibc_t2,FIXED_TWIN,3,0,1,74167.00,65.0000,0.0000,75000.0,0.0,1.000,262144.0,0.000,0,0,262144,1,0,1,0,1,1
1,final_right,f32,65536,glibc_t2,P5,3,1,1,171042.00,130.0000,0.0000,172000.0,0.0,2.000,524288.0,0.000,0,0,524288,2,0,0,0,1,1
1,final_right,f32,65536,glibc_t2,P6,3,2,1,104677.00,65.0000,0.0000,105000.0,0.0,1.000,262144.0,0.000,0,0,262144,1,1,0,0,1,1
1,final_right,f32,65536,glibc_t2,P7,3,3,1,78095.00,65.0000,0.0000,79000.0,0.0,1.000,262144.0,0.000,0,0,262144,1,0,1,0,1,1
1,final_right,f32,65536,glibc_t2,P5,4,0,1,150351.00,130.0000,0.0000,152000.0,0.0,2.000,524288.0,0.000,0,0,524288,2,0,0,0,1,1
1,final_right,f32,65536,glibc_t2,P6,4,1,1,124760.00,65.0000,0.0000,126000.0,0.0,1.000,262144.0,0.000,0,0,262144,1,1,0,0,1,1
1,final_right,f32,65536,glibc_t2,P7,4,2,1,101605.00,65.0000,0.0000,103000.0,0.0,1.000,262144.0,0.000,0,0,262144,1,0,1,0,1,1
1,final_right,f32,65536,glibc_t2,FIXED_TWIN,4,3,1,76387.00,65.0000,0.0000,77000.0,0.0,1.000,262144.0,0.000,0,0,262144,1,0,1,0,1,1
1,final_right,f32,65536,glibc_t2,P6,5,0,1,124221.00,65.0000,0.0000,125000.0,0.0,1.000,262144.0,0.000,0,0,262144,1,1,0,0,1,1
1,final_right,f32,65536,glibc_t2,P7,5,1,1,74992.00,65.0000,0.0000,76000.0,0.0,1.000,262144.0,0.000,0,0,262144,1,0,1,0,1,1
1,final_right,f32,65536,glibc_t2,FIXED_TWIN,5,2,1,74952.00,65.0000,0.0000,75000.0,0.0,1.000,262144.0,0.000,0,0,262144,1,0,1,0,1,1
1,final_right,f32,65536,glibc_t2,P5,5,3,1,178968.00,130.0000,0.0000,180000.0,0.0,2.000,524288.0,0.000,0,0,524288,2,0,0,0,1,1
1,final_right,f32,65536,glibc_t2,P7,6,0,1,74519.00,65.0000,0.0000,76000.0,0.0,1.000,262144.0,0.000,0,0,262144,1,0,1,0,1,1
1,final_right,f32,65536,glibc_t2,FIXED_TWIN,6,1,1,74856.00,65.0000,0.0000,76000.0,0.0,1.000,262144.0,0.000,0,0,262144,1,0,1,0,1,1
1,final_right,f32,65536,glibc_t2,P5,6,2,1,169172.00,130.0000,0.0000,170000.0,0.0,2.000,524288.0,0.000,0,0,524288,2,0,0,0,1,1
1,final_right,f32,65536,glibc_t2,P6,6,3,1,87107.00,65.0000,0.0000,87000.0,0.0,1.000,262144.0,0.000,0,0,262144,1,1,0,0,1,1
1,final_right,f32,65536,glibc_t2,FIXED_TWIN,7,0,1,78322.00,65.0000,0.0000,78000.0,0.0,1.000,262144.0,0.000,0,0,262144,1,0,1,0,1,1
1,final_right,f32,65536,glibc_t2,P5,7,1,1,166903.00,130.0000,0.0000,168000.0,0.0,2.000,524288.0,0.000,0,0,524288,2,0,0,0,1,1
1,final_right,f32,65536,glibc_t2,P6,7,2,1,82157.00,65.0000,0.0000,0.0,83000.0,1.000,262144.0,0.000,0,0,262144,1,1,0,0,1,1
1,final_right,f32,65536,glibc_t2,P7,7,3,1,80339.00,65.0000,0.0000,0.0,81000.0,1.000,262144.0,0.000,0,0,262144,1,0,1,0,1,1
1,final_right,f32,65536,glibc_t2,P5,8,0,1,172985.00,130.0000,0.0000,0.0,174000.0,2.000,524288.0,0.000,0,0,524288,2,0,0,0,1,1
1,final_right,f32,65536,glibc_t2,P6,8,1,1,81815.00,65.0000,0.0000,0.0,83000.0,1.000,262144.0,0.000,0,0,262144,1,1,0,0,1,1
1,final_right,f32,65536,glibc_t2,P7,8,2,1,75023.00,65.0000,0.0000,0.0,76000.0,1.000,262144.0,0.000,0,0,262144,1,0,1,0,1,1
1,final_right,f32,65536,glibc_t2,FIXED_TWIN,8,3,1,76538.00,65.0000,0.0000,0.0,77000.0,1.000,262144.0,0.000,0,0,262144,1,0,1,0,1,1
1,final_right,f32,65536,glibc_t2,P6,9,0,1,77514.00,65.0000,0.0000,0.0,79000.0,1.000,262144.0,0.000,0,0,262144,1,1,0,0,1,1
1,final_right,f32,65536,glibc_t2,P7,9,1,1,74363.00,65.0000,0.0000,0.0,75000.0,1.000,262144.0,0.000,0,0,262144,1,0,1,0,1,1
1,final_right,f32,65536,glibc_t2,FIXED_TWIN,9,2,1,74383.00,65.0000,0.0000,0.0,75000.0,1.000,262144.0,0.000,0,0,262144,1,0,1,0,1,1
1,final_right,f32,65536,glibc_t2,P5,9,3,1,162702.00,130.0000,0.0000,0.0,163000.0,2.000,524288.0,0.000,0,0,524288,2,0,0,0,1,1
1,final_right,f32,65536,glibc_t2,P7,10,0,1,73991.00,65.0000,0.0000,0.0,75000.0,1.000,262144.0,0.000,0,0,262144,1,0,1,0,1,1
1,final_right,f32,65536,glibc_t2,FIXED_TWIN,10,1,1,74149.00,65.0000,0.0000,0.0,75000.0,1.000,262144.0,0.000,0,0,262144,1,0,1,0,1,1
1,final_right,f32,65536,glibc_t2,P5,10,2,1,163075.00,130.0000,0.0000,68000.0,97000.0,2.000,524288.0,0.000,0,0,524288,2,0,0,0,1,1
1,final_right,f32,65536,glibc_t2,P6,10,3,1,78884.00,65.0000,0.0000,0.0,80000.0,1.000,262144.0,0.000,0,0,262144,1,1,0,0,1,1
1,final_right,f32,65536,glibc_t2,FIXED_TWIN,11,0,1,77867.00,65.0000,0.0000,0.0,79000.0,1.000,262144.0,0.000,0,0,262144,1,0,1,0,1,1
1,final_right,f32,65536,glibc_t2,P5,11,1,1,166782.00,130.0000,0.0000,0.0,168000.0,2.000,524288.0,0.000,0,0,524288,2,0,0,0,1,1
1,final_right,f32,65536,glibc_t2,P6,11,2,1,82653.00,65.0000,0.0000,0.0,83000.0,1.000,262144.0,0.000,0,0,262144,1,1,0,0,1,1
1,final_right,f32,65536,glibc_t2,P7,11,3,1,79647.00,65.0000,0.0000,0.0,80000.0,1.000,262144.0,0.000,0,0,262144,1,0,1,0,1,1
1,final_right,f32,65536,glibc_t2,P5,12,0,1,160519.00,130.0000,0.0000,0.0,162000.0,2.000,524288.0,0.000,0,0,524288,2,0,0,0,1,1
1,final_right,f32,65536,glibc_t2,P6,12,1,1,78191.00,65.0000,0.0000,0.0,79000.0,1.000,262144.0,0.000,0,0,262144,1,1,0,0,1,1
1,final_right,f32,65536,glibc_t2,P7,12,2,1,80331.00,65.0000,0.0000,0.0,81000.0,1.000,262144.0,0.000,0,0,262144,1,0,1,0,1,1
1,final_right,f32,65536,glibc_t2,FIXED_TWIN,12,3,1,74935.00,65.0000,0.0000,0.0,75000.0,1.000,262144.0,0.000,0,0,262144,1,0,1,0,1,1
1,final_right,f32,65536,glibc_t2,P6,13,0,1,80242.00,65.0000,0.0000,0.0,81000.0,1.000,262144.0,0.000,0,0,262144,1,1,0,0,1,1
1,final_right,f32,65536,glibc_t2,P7,13,1,1,74310.00,65.0000,0.0000,0.0,75000.0,1.000,262144.0,0.000,0,0,262144,1,0,1,0,1,1
1,final_right,f32,65536,glibc_t2,FIXED_TWIN,13,2,1,74739.00,65.0000,0.0000,0.0,76000.0,1.000,262144.0,0.000,0,0,262144,1,0,1,0,1,1
1,final_right,f32,65536,glibc_t2,P5,13,3,1,209195.00,130.0000,0.0000,19000.0,190000.0,2.000,524288.0,0.000,0,0,524288,2,0,0,0,1,1
1,final_right,f32,65536,glibc_t2,P7,14,0,1,115663.00,65.0000,0.0000,118000.0,0.0,1.000,262144.0,0.000,0,0,262144,1,0,1,0,1,1
1,final_right,f32,65536,glibc_t2,FIXED_TWIN,14,1,1,101851.00,65.0000,0.0000,103000.0,0.0,1.000,262144.0,0.000,0,0,262144,1,0,1,0,1,1
1,final_right,f32,65536,glibc_t2,P5,14,2,1,200764.00,130.0000,0.0000,203000.0,0.0,2.000,524288.0,0.000,0,0,524288,2,0,0,0,1,1
1,final_right,f32,65536,glibc_t2,P6,14,3,1,110071.00,65.0000,0.0000,111000.0,0.0,1.000,262144.0,0.000,0,0,262144,1,1,0,0,1,1
1,final_right,f32,262144,glibc_t2,P5,0,0,1,737334.00,514.0000,0.0000,305000.0,436000.0,2.000,2097152.0,0.000,0,0,2097152,2,0,0,0,1,1
1,final_right,f32,262144,glibc_t2,P6,0,1,1,463128.00,257.0000,0.0000,0.0,465000.0,1.000,1048576.0,0.000,0,0,1048576,1,1,0,0,1,1
1,final_right,f32,262144,glibc_t2,P7,0,2,1,367881.00,257.0000,0.0000,0.0,370000.0,1.000,1048576.0,0.000,0,0,1048576,1,0,1,0,1,1
1,final_right,f32,262144,glibc_t2,FIXED_TWIN,0,3,1,409486.00,257.0000,0.0000,0.0,412000.0,1.000,1048576.0,0.000,0,0,1048576,1,0,1,0,1,1
1,final_right,f32,262144,glibc_t2,P6,1,0,1,479582.00,257.0000,0.0000,0.0,483000.0,1.000,1048576.0,0.000,0,0,1048576,1,1,0,0,1,1
1,final_right,f32,262144,glibc_t2,P7,1,1,1,387352.00,257.0000,0.0000,0.0,390000.0,1.000,1048576.0,0.000,0,0,1048576,1,0,1,0,1,1
1,final_right,f32,262144,glibc_t2,FIXED_TWIN,1,2,1,347525.00,257.0000,0.0000,0.0,350000.0,1.000,1048576.0,0.000,0,0,1048576,1,0,1,0,1,1
1,final_right,f32,262144,glibc_t2,P5,1,3,1,1096520.00,514.0000,0.0000,0.0,1100000.0,2.000,2097152.0,0.000,0,0,2097152,2,0,0,0,1,1
1,final_right,f32,262144,glibc_t2,P7,2,0,1,397483.00,257.0000,0.0000,0.0,400000.0,1.000,1048576.0,0.000,0,0,1048576,1,0,1,0,1,1
1,final_right,f32,262144,glibc_t2,FIXED_TWIN,2,1,1,352622.00,257.0000,0.0000,0.0,355000.0,1.000,1048576.0,0.000,0,0,1048576,1,0,1,0,1,1
1,final_right,f32,262144,glibc_t2,P5,2,2,1,701665.00,514.0000,0.0000,704000.0,0.0,2.000,2097152.0,0.000,0,0,2097152,2,0,0,0,1,1
1,final_right,f32,262144,glibc_t2,P6,2,3,1,398585.00,257.0000,0.0000,401000.0,0.0,1.000,1048576.0,0.000,0,0,1048576,1,1,0,0,1,1
1,final_right,f32,262144,glibc_t2,FIXED_TWIN,3,0,1,405117.00,257.0000,0.0000,408000.0,0.0,1.000,1048576.0,0.000,0,0,1048576,1,0,1,0,1,1
1,final_right,f32,262144,glibc_t2,P5,3,1,1,695107.00,514.0000,0.0000,698000.0,0.0,2.000,2097152.0,0.000,0,0,2097152,2,0,0,0,1,1
1,final_right,f32,262144,glibc_t2,P6,3,2,1,394915.00,257.0000,0.0000,397000.0,0.0,1.000,1048576.0,0.000,0,0,1048576,1,1,0,0,1,1
1,final_right,f32,262144,glibc_t2,P7,3,3,1,370150.00,257.0000,0.0000,0.0,372000.0,1.000,1048576.0,0.000,0,0,1048576,1,0,1,0,1,1
1,final_right,f32,262144,glibc_t2,P5,4,0,1,673570.00,514.0000,0.0000,0.0,675000.0,2.000,2097152.0,0.000,0,0,2097152,2,0,0,0,1,1
1,final_right,f32,262144,glibc_t2,P6,4,1,1,374354.00,257.0000,0.0000,0.0,377000.0,1.000,1048576.0,0.000,0,0,1048576,1,1,0,0,1,1
1,final_right,f32,262144,glibc_t2,P7,4,2,1,349653.00,257.0000,0.0000,0.0,351000.0,1.000,1048576.0,0.000,0,0,1048576,1,0,1,0,1,1
1,final_right,f32,262144,glibc_t2,FIXED_TWIN,4,3,1,350205.00,257.0000,0.0000,0.0,352000.0,1.000,1048576.0,0.000,0,0,1048576,1,0,1,0,1,1
1,final_right,f32,262144,glibc_t2,P6,5,0,1,393870.00,257.0000,0.0000,0.0,396000.0,1.000,1048576.0,0.000,0,0,1048576,1,1,0,0,1,1
1,final_right,f32,262144,glibc_t2,P7,5,1,1,405193.00,257.0000,0.0000,0.0,407000.0,1.000,1048576.0,0.000,0,0,1048576,1,0,1,0,1,1
1,final_right,f32,262144,glibc_t2,FIXED_TWIN,5,2,1,386467.00,257.0000,0.0000,0.0,389000.0,1.000,1048576.0,0.000,0,0,1048576,1,0,1,0,1,1
1,final_right,f32,262144,glibc_t2,P5,5,3,1,705944.00,514.0000,0.0000,0.0,709000.0,2.000,2097152.0,0.000,0,0,2097152,2,0,0,0,1,1
1,final_right,f32,262144,glibc_t2,P7,6,0,1,367063.00,257.0000,0.0000,0.0,369000.0,1.000,1048576.0,0.000,0,0,1048576,1,0,1,0,1,1
1,final_right,f32,262144,glibc_t2,FIXED_TWIN,6,1,1,426806.00,257.0000,0.0000,0.0,429000.0,1.000,1048576.0,0.000,0,0,1048576,1,0,1,0,1,1
1,final_right,f32,262144,glibc_t2,P5,6,2,1,752966.00,514.0000,0.0000,6000.0,749000.0,2.000,2097152.0,0.000,0,0,2097152,2,0,0,0,1,1
1,final_right,f32,262144,glibc_t2,P6,6,3,1,381258.00,257.0000,0.0000,384000.0,0.0,1.000,1048576.0,0.000,0,0,1048576,1,1,0,0,1,1
1,final_right,f32,262144,glibc_t2,FIXED_TWIN,7,0,1,356917.00,257.0000,0.0000,359000.0,0.0,1.000,1048576.0,0.000,0,0,1048576,1,0,1,0,1,1
1,final_right,f32,262144,glibc_t2,P5,7,1,1,733045.00,514.0000,0.0000,0.0,736000.0,2.000,2097152.0,0.000,0,0,2097152,2,0,0,0,1,1
1,final_right,f32,262144,glibc_t2,P6,7,2,1,386425.00,257.0000,0.0000,0.0,389000.0,1.000,1048576.0,0.000,0,0,1048576,1,1,0,0,1,1
1,final_right,f32,262144,glibc_t2,P7,7,3,1,347043.00,257.0000,0.0000,0.0,349000.0,1.000,1048576.0,0.000,0,0,1048576,1,0,1,0,1,1
1,final_right,f32,262144,glibc_t2,P5,8,0,1,718920.00,514.0000,0.0000,0.0,721000.0,2.000,2097152.0,0.000,0,0,2097152,2,0,0,0,1,1
1,final_right,f32,262144,glibc_t2,P6,8,1,1,380616.00,257.0000,0.0000,0.0,383000.0,1.000,1048576.0,0.000,0,0,1048576,1,1,0,0,1,1
1,final_right,f32,262144,glibc_t2,P7,8,2,1,364529.00,257.0000,0.0000,0.0,366000.0,1.000,1048576.0,0.000,0,0,1048576,1,0,1,0,1,1
1,final_right,f32,262144,glibc_t2,FIXED_TWIN,8,3,1,419788.00,257.0000,0.0000,0.0,422000.0,1.000,1048576.0,0.000,0,0,1048576,1,0,1,0,1,1
1,final_right,f32,262144,glibc_t2,P6,9,0,1,381024.00,257.0000,0.0000,0.0,383000.0,1.000,1048576.0,0.000,0,0,1048576,1,1,0,0,1,1
1,final_right,f32,262144,glibc_t2,P7,9,1,1,372816.00,257.0000,0.0000,0.0,374000.0,1.000,1048576.0,0.000,0,0,1048576,1,0,1,0,1,1
1,final_right,f32,262144,glibc_t2,FIXED_TWIN,9,2,1,523490.00,257.0000,0.0000,0.0,526000.0,1.000,1048576.0,0.000,0,0,1048576,1,0,1,0,1,1
1,final_right,f32,262144,glibc_t2,P5,9,3,1,710397.00,514.0000,0.0000,0.0,713000.0,2.000,2097152.0,0.000,0,0,2097152,2,0,0,0,1,1
1,final_right,f32,262144,glibc_t2,P7,10,0,1,401966.00,257.0000,0.0000,0.0,405000.0,1.000,1048576.0,0.000,0,0,1048576,1,0,1,0,1,1
1,final_right,f32,262144,glibc_t2,FIXED_TWIN,10,1,1,370210.00,257.0000,0.0000,373000.0,0.0,1.000,1048576.0,0.000,0,0,1048576,1,0,1,0,1,1
1,final_right,f32,262144,glibc_t2,P5,10,2,1,771947.00,514.0000,0.0000,775000.0,0.0,2.000,2097152.0,0.000,0,0,2097152,2,0,0,0,1,1
1,final_right,f32,262144,glibc_t2,P6,10,3,1,538216.00,257.0000,0.0000,0.0,542000.0,1.000,1048576.0,0.000,0,0,1048576,1,1,0,0,1,1
1,final_right,f32,262144,glibc_t2,FIXED_TWIN,11,0,1,357110.00,257.0000,0.0000,0.0,359000.0,1.000,1048576.0,0.000,0,0,1048576,1,0,1,0,1,1
1,final_right,f32,262144,glibc_t2,P5,11,1,1,808577.00,514.0000,0.0000,0.0,811000.0,2.000,2097152.0,0.000,0,0,2097152,2,0,0,0,1,1
1,final_right,f32,262144,glibc_t2,P6,11,2,1,495103.00,257.0000,0.0000,499000.0,0.0,1.000,1048576.0,0.000,0,0,1048576,1,1,0,0,1,1
1,final_right,f32,262144,glibc_t2,P7,11,3,1,421784.00,257.0000,0.0000,425000.0,0.0,1.000,1048576.0,0.000,0,0,1048576,1,0,1,0,1,1
1,final_right,f32,262144,glibc_t2,P5,12,0,1,730178.00,514.0000,0.0000,0.0,732000.0,2.000,2097152.0,0.000,0,0,2097152,2,0,0,0,1,1
1,final_right,f32,262144,glibc_t2,P6,12,1,1,383908.00,257.0000,0.0000,0.0,386000.0,1.000,1048576.0,0.000,0,0,1048576,1,1,0,0,1,1
1,final_right,f32,262144,glibc_t2,P7,12,2,1,364540.00,257.0000,0.0000,0.0,367000.0,1.000,1048576.0,0.000,0,0,1048576,1,0,1,0,1,1
1,final_right,f32,262144,glibc_t2,FIXED_TWIN,12,3,1,480677.00,257.0000,0.0000,484000.0,0.0,1.000,1048576.0,0.000,0,0,1048576,1,0,1,0,1,1
1,final_right,f32,262144,glibc_t2,P6,13,0,1,384315.00,257.0000,0.0000,387000.0,0.0,1.000,1048576.0,0.000,0,0,1048576,1,1,0,0,1,1
1,final_right,f32,262144,glibc_t2,P7,13,1,1,428253.00,257.0000,0.0000,431000.0,0.0,1.000,1048576.0,0.000,0,0,1048576,1,0,1,0,1,1
1,final_right,f32,262144,glibc_t2,FIXED_TWIN,13,2,1,420290.00,257.0000,0.0000,0.0,423000.0,1.000,1048576.0,0.000,0,0,1048576,1,0,1,0,1,1
1,final_right,f32,262144,glibc_t2,P5,13,3,1,874492.00,514.0000,0.0000,0.0,878000.0,2.000,2097152.0,0.000,0,0,2097152,2,0,0,0,1,1
1,final_right,f32,262144,glibc_t2,P7,14,0,1,349963.00,257.0000,0.0000,0.0,352000.0,1.000,1048576.0,0.000,0,0,1048576,1,0,1,0,1,1
1,final_right,f32,262144,glibc_t2,FIXED_TWIN,14,1,1,370681.00,257.0000,0.0000,373000.0,0.0,1.000,1048576.0,0.000,0,0,1048576,1,0,1,0,1,1
1,final_right,f32,262144,glibc_t2,P5,14,2,1,682643.00,514.0000,0.0000,685000.0,0.0,2.000,2097152.0,0.000,0,0,2097152,2,0,0,0,1,1
1,final_right,f32,262144,glibc_t2,P6,14,3,1,410284.00,257.0000,0.0000,171000.0,243000.0,1.000,1048576.0,0.000,0,0,1048576,1,1,0,0,1,1
1,final_right,f32,1048576,glibc_t2,P5,0,0,1,2920272.00,2050.0000,0.0000,1204000.0,1721000.0,2.000,8388608.0,0.000,0,0,8388608,2,0,0,0,1,1
1,final_right,f32,1048576,glibc_t2,P6,0,1,1,1682728.00,1025.0000,0.0000,1687000.0,0.0,1.000,4194304.0,0.000,0,0,4194304,1,1,0,0,1,1
1,final_right,f32,1048576,glibc_t2,P7,0,2,1,1484369.00,1025.0000,0.0000,612000.0,875000.0,1.000,4194304.0,0.000,0,0,4194304,1,0,1,0,1,1
1,final_right,f32,1048576,glibc_t2,FIXED_TWIN,0,3,1,1502425.00,1025.0000,0.0000,360000.0,1145000.0,1.000,4194304.0,0.000,0,0,4194304,1,0,1,0,1,1
1,final_right,f32,1048576,glibc_t2,P6,1,0,1,1658266.00,1025.0000,0.0000,988000.0,673000.0,1.000,4194304.0,0.000,0,0,4194304,1,1,0,0,1,1
1,final_right,f32,1048576,glibc_t2,P7,1,1,1,1522085.00,1025.0000,0.0000,0.0,1525000.0,1.000,4194304.0,0.000,0,0,4194304,1,0,1,0,1,1
1,final_right,f32,1048576,glibc_t2,FIXED_TWIN,1,2,1,1547370.00,1025.0000,0.0000,1550000.0,0.0,1.000,4194304.0,0.000,0,0,4194304,1,0,1,0,1,1
1,final_right,f32,1048576,glibc_t2,P5,1,3,1,3279058.00,2050.0000,0.0000,0.0,3282000.0,2.000,8388608.0,0.000,0,0,8388608,2,0,0,0,1,1
1,final_right,f32,1048576,glibc_t2,P7,2,0,1,1497134.00,1025.0000,0.0000,55000.0,1445000.0,1.000,4194304.0,0.000,0,0,4194304,1,0,1,0,1,1
1,final_right,f32,1048576,glibc_t2,FIXED_TWIN,2,1,1,1508773.00,1025.0000,0.0000,1065000.0,446000.0,1.000,4194304.0,0.000,0,0,4194304,1,0,1,0,1,1
1,final_right,f32,1048576,glibc_t2,P5,2,2,1,3119335.00,2050.0000,0.0000,1285000.0,1837000.0,2.000,8388608.0,0.000,0,0,8388608,2,0,0,0,1,1
1,final_right,f32,1048576,glibc_t2,P6,2,3,1,1733061.00,1025.0000,0.0000,0.0,1736000.0,1.000,4194304.0,0.000,0,0,4194304,1,1,0,0,1,1
1,final_right,f32,1048576,glibc_t2,FIXED_TWIN,3,0,1,1540949.00,1025.0000,0.0000,0.0,1544000.0,1.000,4194304.0,0.000,0,0,4194304,1,0,1,0,1,1
1,final_right,f32,1048576,glibc_t2,P5,3,1,1,3358060.00,2050.0000,0.0000,3350000.0,0.0,2.000,8388608.0,0.000,0,0,8388608,2,0,0,0,1,1
1,final_right,f32,1048576,glibc_t2,P6,3,2,1,1870412.00,1025.0000,0.0000,1398000.0,477000.0,1.000,4194304.0,0.000,0,0,4194304,1,1,0,0,1,1
1,final_right,f32,1048576,glibc_t2,P7,3,3,1,1592100.00,1025.0000,0.0000,0.0,1595000.0,1.000,4194304.0,0.000,0,0,4194304,1,0,1,0,1,1
1,final_right,f32,1048576,glibc_t2,P5,4,0,1,3062142.00,2050.0000,0.0000,3065000.0,0.0,2.000,8388608.0,0.000,0,0,8388608,2,0,0,0,1,1
1,final_right,f32,1048576,glibc_t2,P6,4,1,1,1660325.00,1025.0000,0.0000,0.0,1663000.0,1.000,4194304.0,0.000,0,0,4194304,1,1,0,0,1,1
1,final_right,f32,1048576,glibc_t2,P7,4,2,1,1499586.00,1025.0000,0.0000,619000.0,884000.0,1.000,4194304.0,0.000,0,0,4194304,1,0,1,0,1,1
1,final_right,f32,1048576,glibc_t2,FIXED_TWIN,4,3,1,1530820.00,1025.0000,0.0000,328000.0,1205000.0,1.000,4194304.0,0.000,0,0,4194304,1,0,1,0,1,1
1,final_right,f32,1048576,glibc_t2,P6,5,0,1,1696525.00,1025.0000,0.0000,1700000.0,0.0,1.000,4194304.0,0.000,0,0,4194304,1,1,0,0,1,1
1,final_right,f32,1048576,glibc_t2,P7,5,1,1,1537824.00,1025.0000,0.0000,0.0,1541000.0,1.000,4194304.0,0.000,0,0,4194304,1,0,1,0,1,1
1,final_right,f32,1048576,glibc_t2,FIXED_TWIN,5,2,1,1532070.00,1025.0000,0.0000,0.0,1535000.0,1.000,4194304.0,0.000,0,0,4194304,1,0,1,0,1,1
1,final_right,f32,1048576,glibc_t2,P5,5,3,1,3426993.00,2050.0000,0.0000,0.0,3430000.0,2.000,8388608.0,0.000,0,0,8388608,2,0,0,0,1,1
1,final_right,f32,1048576,glibc_t2,P7,6,0,1,1509130.00,1025.0000,0.0000,94000.0,1418000.0,1.000,4194304.0,0.000,0,0,4194304,1,0,1,0,1,1
1,final_right,f32,1048576,glibc_t2,FIXED_TWIN,6,1,1,1585028.00,1025.0000,0.0000,0.0,1588000.0,1.000,4194304.0,0.000,0,0,4194304,1,0,1,0,1,1
1,final_right,f32,1048576,glibc_t2,P5,6,2,1,3164553.00,2050.0000,0.0000,3167000.0,0.0,2.000,8388608.0,0.000,0,0,8388608,2,0,0,0,1,1
1,final_right,f32,1048576,glibc_t2,P6,6,3,1,1708066.00,1025.0000,0.0000,0.0,1711000.0,1.000,4194304.0,0.000,0,0,4194304,1,1,0,0,1,1
1,final_right,f32,1048576,glibc_t2,FIXED_TWIN,7,0,1,1528524.00,1025.0000,0.0000,0.0,1531000.0,1.000,4194304.0,0.000,0,0,4194304,1,0,1,0,1,1
1,final_right,f32,1048576,glibc_t2,P5,7,1,1,3234090.00,2050.0000,0.0000,0.0,3237000.0,2.000,8388608.0,0.000,0,0,8388608,2,0,0,0,1,1
1,final_right,f32,1048576,glibc_t2,P6,7,2,1,1682577.00,1025.0000,0.0000,0.0,1686000.0,1.000,4194304.0,0.000,0,0,4194304,1,1,0,0,1,1
1,final_right,f32,1048576,glibc_t2,P7,7,3,1,1608113.00,1025.0000,0.0000,1611000.0,0.0,1.000,4194304.0,0.000,0,0,4194304,1,0,1,0,1,1
1,final_right,f32,1048576,glibc_t2,P5,8,0,1,3162989.00,2050.0000,0.0000,0.0,3166000.0,2.000,8388608.0,0.000,0,0,8388608,2,0,0,0,1,1
1,final_right,f32,1048576,glibc_t2,P6,8,1,1,1693647.00,1025.0000,0.0000,698000.0,999000.0,1.000,4194304.0,0.000,0,0,4194304,1,1,0,0,1,1
1,final_right,f32,1048576,glibc_t2,P7,8,2,1,1515074.00,1025.0000,0.0000,315000.0,1203000.0,1.000,4194304.0,0.000,0,0,4194304,1,0,1,0,1,1
1,final_right,f32,1048576,glibc_t2,FIXED_TWIN,8,3,1,1537682.00,1025.0000,0.0000,1041000.0,465000.0,1.000,4194304.0,0.000,0,0,4194304,1,0,1,0,1,1
1,final_right,f32,1048576,glibc_t2,P6,9,0,1,1674944.00,1025.0000,0.0000,0.0,1683000.0,1.000,4194304.0,0.000,0,0,4194304,1,1,0,0,1,1
1,final_right,f32,1048576,glibc_t2,P7,9,1,1,1597438.00,1025.0000,0.0000,0.0,1600000.0,1.000,4194304.0,0.000,0,0,4194304,1,0,1,0,1,1
1,final_right,f32,1048576,glibc_t2,FIXED_TWIN,9,2,1,1503276.00,1025.0000,0.0000,620000.0,885000.0,1.000,4194304.0,0.000,0,0,4194304,1,0,1,0,1,1
1,final_right,f32,1048576,glibc_t2,P5,9,3,1,3320292.00,2050.0000,0.0000,0.0,3324000.0,2.000,8388608.0,0.000,0,0,8388608,2,0,0,0,1,1
1,final_right,f32,1048576,glibc_t2,P7,10,0,1,1469329.00,1025.0000,0.0000,742000.0,730000.0,1.000,4194304.0,0.000,0,0,4194304,1,0,1,0,1,1
1,final_right,f32,1048576,glibc_t2,FIXED_TWIN,10,1,1,1549175.00,1025.0000,0.0000,0.0,1552000.0,1.000,4194304.0,0.000,0,0,4194304,1,0,1,0,1,1
1,final_right,f32,1048576,glibc_t2,P5,10,2,1,3234994.00,2050.0000,0.0000,0.0,3237000.0,2.000,8388608.0,0.000,0,0,8388608,2,0,0,0,1,1
1,final_right,f32,1048576,glibc_t2,P6,10,3,1,1729972.00,1025.0000,0.0000,0.0,1734000.0,1.000,4194304.0,0.000,0,0,4194304,1,1,0,0,1,1
1,final_right,f32,1048576,glibc_t2,FIXED_TWIN,11,0,1,1555435.00,1025.0000,0.0000,0.0,1559000.0,1.000,4194304.0,0.000,0,0,4194304,1,0,1,0,1,1
1,final_right,f32,1048576,glibc_t2,P5,11,1,1,3279204.00,2050.0000,0.0000,0.0,3283000.0,2.000,8388608.0,0.000,0,0,8388608,2,0,0,0,1,1
1,final_right,f32,1048576,glibc_t2,P6,11,2,1,1713941.00,1025.0000,0.0000,0.0,1718000.0,1.000,4194304.0,0.000,0,0,4194304,1,1,0,0,1,1
1,final_right,f32,1048576,glibc_t2,P7,11,3,1,1513992.00,1025.0000,0.0000,1517000.0,0.0,1.000,4194304.0,0.000,0,0,4194304,1,0,1,0,1,1
1,final_right,f32,1048576,glibc_t2,P5,12,0,1,3112332.00,2050.0000,0.0000,0.0,3115000.0,2.000,8388608.0,0.000,0,0,8388608,2,0,0,0,1,1
1,final_right,f32,1048576,glibc_t2,P6,12,1,1,1754830.00,1025.0000,0.0000,281000.0,1478000.0,1.000,4194304.0,0.000,0,0,4194304,1,1,0,0,1,1
1,final_right,f32,1048576,glibc_t2,P7,12,2,1,1622263.00,1025.0000,0.0000,1087000.0,538000.0,1.000,4194304.0,0.000,0,0,4194304,1,0,1,0,1,1
1,final_right,f32,1048576,glibc_t2,FIXED_TWIN,12,3,1,1677530.00,1025.0000,0.0000,0.0,1682000.0,1.000,4194304.0,0.000,0,0,4194304,1,0,1,0,1,1
1,final_right,f32,1048576,glibc_t2,P6,13,0,1,2042146.00,1025.0000,0.0000,112000.0,1935000.0,1.000,4194304.0,0.000,0,0,4194304,1,1,0,0,1,1
1,final_right,f32,1048576,glibc_t2,P7,13,1,1,1580891.00,1025.0000,0.0000,0.0,1584000.0,1.000,4194304.0,0.000,0,0,4194304,1,0,1,0,1,1
1,final_right,f32,1048576,glibc_t2,FIXED_TWIN,13,2,1,1650908.00,1025.0000,0.0000,1655000.0,0.0,1.000,4194304.0,0.000,0,0,4194304,1,0,1,0,1,1
1,final_right,f32,1048576,glibc_t2,P5,13,3,1,3779821.00,2050.0000,0.0000,0.0,3784000.0,2.000,8388608.0,0.000,0,0,8388608,2,0,0,0,1,1
1,final_right,f32,1048576,glibc_t2,P7,14,0,1,1564331.00,1025.0000,0.0000,894000.0,674000.0,1.000,4194304.0,0.000,0,0,4194304,1,0,1,0,1,1
1,final_right,f32,1048576,glibc_t2,FIXED_TWIN,14,1,1,1593036.00,1025.0000,0.0000,0.0,1597000.0,1.000,4194304.0,0.000,0,0,4194304,1,0,1,0,1,1
1,final_right,f32,1048576,glibc_t2,P5,14,2,1,3568708.00,2050.0000,0.0000,0.0,3572000.0,2.000,8388608.0,0.000,0,0,8388608,2,0,0,0,1,1
1,final_right,f32,1048576,glibc_t2,P6,14,3,1,1703881.00,1025.0000,0.0000,55000.0,1651000.0,1.000,4194304.0,0.000,0,0,4194304,1,1,0,0,1,1
1,final_right,f32,4194304,glibc_t2,P5,0,0,1,18037715.00,8194.0000,0.0000,7193000.0,10850000.0,2.000,33554432.0,0.000,0,0,33554432,2,0,0,0,1,1
1,final_right,f32,4194304,glibc_t2,P6,0,1,1,10358475.00,4097.0000,0.0000,3327000.0,7039000.0,1.000,16777216.0,0.000,0,0,16777216,1,1,0,0,1,1
1,final_right,f32,4194304,glibc_t2,P7,0,2,1,8756952.00,4097.0000,0.0000,314000.0,8448000.0,1.000,16777216.0,0.000,0,0,16777216,1,0,1,0,1,1
1,final_right,f32,4194304,glibc_t2,FIXED_TWIN,0,3,1,8767467.00,4097.0000,0.0000,6669000.0,2102000.0,1.000,16777216.0,0.000,0,0,16777216,1,0,1,0,1,1
1,final_right,f32,4194304,glibc_t2,P6,1,0,1,9306372.00,4097.0000,0.0000,8539000.0,771000.0,1.000,16777216.0,0.000,0,0,16777216,1,1,0,0,1,1
1,final_right,f32,4194304,glibc_t2,P7,1,1,1,8614153.00,4097.0000,0.0000,256000.0,8363000.0,1.000,16777216.0,0.000,0,0,16777216,1,0,1,0,1,1
1,final_right,f32,4194304,glibc_t2,FIXED_TWIN,1,2,1,8805818.00,4097.0000,0.0000,4334000.0,4476000.0,1.000,16777216.0,0.000,0,0,16777216,1,0,1,0,1,1
1,final_right,f32,4194304,glibc_t2,P5,1,3,1,17694615.00,8194.0000,0.0000,3053000.0,14649000.0,2.000,33554432.0,0.000,0,0,33554432,2,0,0,0,1,1
1,final_right,f32,4194304,glibc_t2,P7,2,0,1,11559024.00,4097.0000,0.0000,7820000.0,3744000.0,1.000,16777216.0,0.000,0,0,16777216,1,0,1,0,1,1
1,final_right,f32,4194304,glibc_t2,FIXED_TWIN,2,1,1,10040807.00,4097.0000,0.0000,4844000.0,5202000.0,1.000,16777216.0,0.000,0,0,16777216,1,0,1,0,1,1
1,final_right,f32,4194304,glibc_t2,P5,2,2,1,17299825.00,8194.0000,0.0000,539000.0,16765000.0,2.000,33554432.0,0.000,0,0,33554432,2,0,0,0,1,1
1,final_right,f32,4194304,glibc_t2,P6,2,3,1,9922585.00,4097.0000,0.0000,8794000.0,1134000.0,1.000,16777216.0,0.000,0,0,16777216,1,1,0,0,1,1
1,final_right,f32,4194304,glibc_t2,FIXED_TWIN,3,0,1,9249263.00,4097.0000,0.0000,518000.0,8736000.0,1.000,16777216.0,0.000,0,0,16777216,1,0,1,0,1,1
1,final_right,f32,4194304,glibc_t2,P5,3,1,1,16896890.00,8194.0000,0.0000,10721000.0,6181000.0,2.000,33554432.0,0.000,0,0,33554432,2,0,0,0,1,1
1,final_right,f32,4194304,glibc_t2,P6,3,2,1,9989402.00,4097.0000,0.0000,9996000.0,0.0,1.000,16777216.0,0.000,0,0,16777216,1,1,0,0,1,1
1,final_right,f32,4194304,glibc_t2,P7,3,3,1,8872930.00,4097.0000,0.0000,4363000.0,4516000.0,1.000,16777216.0,0.000,0,0,16777216,1,0,1,0,1,1
1,final_right,f32,4194304,glibc_t2,P5,4,0,1,16512190.00,8194.0000,0.0000,214000.0,16303000.0,2.000,33554432.0,0.000,0,0,33554432,2,0,0,0,1,1
1,final_right,f32,4194304,glibc_t2,P6,4,1,1,9747329.00,4097.0000,0.0000,724000.0,9029000.0,1.000,16777216.0,0.000,0,0,16777216,1,1,0,0,1,1
1,final_right,f32,4194304,glibc_t2,P7,4,2,1,8387231.00,4097.0000,0.0000,4161000.0,4230000.0,1.000,16777216.0,0.000,0,0,16777216,1,0,1,0,1,1
1,final_right,f32,4194304,glibc_t2,FIXED_TWIN,4,3,1,8616030.00,4097.0000,0.0000,8256000.0,365000.0,1.000,16777216.0,0.000,0,0,16777216,1,0,1,0,1,1
1,final_right,f32,4194304,glibc_t2,P6,5,0,1,9630093.00,4097.0000,0.0000,3023000.0,6613000.0,1.000,16777216.0,0.000,0,0,16777216,1,1,0,0,1,1
1,final_right,f32,4194304,glibc_t2,P7,5,1,1,8260791.00,4097.0000,0.0000,110000.0,8155000.0,1.000,16777216.0,0.000,0,0,16777216,1,0,1,0,1,1
1,final_right,f32,4194304,glibc_t2,FIXED_TWIN,5,2,1,8728993.00,4097.0000,0.0000,304000.0,8430000.0,1.000,16777216.0,0.000,0,0,16777216,1,0,1,0,1,1
1,final_right,f32,4194304,glibc_t2,P5,5,3,1,16403984.00,8194.0000,0.0000,8169000.0,8240000.0,2.000,33554432.0,0.000,0,0,33554432,2,0,0,0,1,1
1,final_right,f32,4194304,glibc_t2,P7,6,0,1,8319744.00,4097.0000,0.0000,4134000.0,4191000.0,1.000,16777216.0,0.000,0,0,16777216,1,0,1,0,1,1
1,final_right,f32,4194304,glibc_t2,FIXED_TWIN,6,1,1,8811092.00,4097.0000,0.0000,6683000.0,2132000.0,1.000,16777216.0,0.000,0,0,16777216,1,0,1,0,1,1
1,final_right,f32,4194304,glibc_t2,P5,6,2,1,16573389.00,8194.0000,0.0000,8239000.0,8338000.0,2.000,33554432.0,0.000,0,0,33554432,2,0,0,0,1,1
1,final_right,f32,4194304,glibc_t2,P6,6,3,1,9368800.00,4097.0000,0.0000,6913000.0,2460000.0,1.000,16777216.0,0.000,0,0,16777216,1,1,0,0,1,1
1,final_right,f32,4194304,glibc_t2,FIXED_TWIN,7,0,1,8295068.00,4097.0000,0.0000,2468000.0,5830000.0,1.000,16777216.0,0.000,0,0,16777216,1,0,1,0,1,1
1,final_right,f32,4194304,glibc_t2,P5,7,1,1,17754551.00,8194.0000,0.0000,3074000.0,14686000.0,2.000,33554432.0,0.000,0,0,33554432,2,0,0,0,1,1
1,final_right,f32,4194304,glibc_t2,P6,7,2,1,9807984.00,4097.0000,0.0000,3094000.0,6717000.0,1.000,16777216.0,0.000,0,0,16777216,1,1,0,0,1,1
1,final_right,f32,4194304,glibc_t2,P7,7,3,1,8336750.00,4097.0000,0.0000,8140000.0,201000.0,1.000,16777216.0,0.000,0,0,16777216,1,0,1,0,1,1
1,final_right,f32,4194304,glibc_t2,P5,8,0,1,17039076.00,8194.0000,0.0000,8432000.0,8612000.0,2.000,33554432.0,0.000,0,0,33554432,2,0,0,0,1,1
1,final_right,f32,4194304,glibc_t2,P6,8,1,1,11302190.00,4097.0000,0.0000,11308000.0,0.0,1.000,16777216.0,0.000,0,0,16777216,1,1,0,0,1,1
1,final_right,f32,4194304,glibc_t2,P7,8,2,1,8418915.00,4097.0000,0.0000,8175000.0,249000.0,1.000,16777216.0,0.000,0,0,16777216,1,0,1,0,1,1
1,final_right,f32,4194304,glibc_t2,FIXED_TWIN,8,3,1,9246630.00,4097.0000,0.0000,0.0,9252000.0,1.000,16777216.0,0.000,0,0,16777216,1,0,1,0,1,1
1,final_right,f32,4194304,glibc_t2,P6,9,0,1,9372342.00,4097.0000,0.0000,4571000.0,4806000.0,1.000,16777216.0,0.000,0,0,16777216,1,1,0,0,1,1
1,final_right,f32,4194304,glibc_t2,P7,9,1,1,8595420.00,4097.0000,0.0000,4248000.0,4352000.0,1.000,16777216.0,0.000,0,0,16777216,1,0,1,0,1,1
1,final_right,f32,4194304,glibc_t2,FIXED_TWIN,9,2,1,8465323.00,4097.0000,0.0000,195000.0,8274000.0,1.000,16777216.0,0.000,0,0,16777216,1,0,1,0,1,1
1,final_right,f32,4194304,glibc_t2,P5,9,3,1,16678001.00,8194.0000,0.0000,4283000.0,12399000.0,2.000,33554432.0,0.000,0,0,33554432,2,0,0,0,1,1
1,final_right,f32,4194304,glibc_t2,P7,10,0,1,8356483.00,4097.0000,0.0000,150000.0,8211000.0,1.000,16777216.0,0.000,0,0,16777216,1,0,1,0,1,1
1,final_right,f32,4194304,glibc_t2,FIXED_TWIN,10,1,1,8241889.00,4097.0000,0.0000,6444000.0,1802000.0,1.000,16777216.0,0.000,0,0,16777216,1,0,1,0,1,1
1,final_right,f32,4194304,glibc_t2,P5,10,2,1,17159157.00,8194.0000,0.0000,484000.0,16681000.0,2.000,33554432.0,0.000,0,0,33554432,2,0,0,0,1,1
1,final_right,f32,4194304,glibc_t2,P6,10,3,1,9559909.00,4097.0000,0.0000,8648000.0,917000.0,1.000,16777216.0,0.000,0,0,16777216,1,1,0,0,1,1
1,final_right,f32,4194304,glibc_t2,FIXED_TWIN,11,0,1,9157792.00,4097.0000,0.0000,6824000.0,2340000.0,1.000,16777216.0,0.000,0,0,16777216,1,0,1,0,1,1
1,final_right,f32,4194304,glibc_t2,P5,11,1,1,18520626.00,8194.0000,0.0000,11388000.0,7137000.0,2.000,33554432.0,0.000,0,0,33554432,2,0,0,0,1,1
1,final_right,f32,4194304,glibc_t2,P6,11,2,1,9755561.00,4097.0000,0.0000,3072000.0,6690000.0,1.000,16777216.0,0.000,0,0,16777216,1,1,0,0,1,1
1,final_right,f32,4194304,glibc_t2,P7,11,3,1,8610780.00,4097.0000,0.0000,8254000.0,361000.0,1.000,16777216.0,0.000,0,0,16777216,1,0,1,0,1,1
1,final_right,f32,4194304,glibc_t2,P5,12,0,1,17002544.00,8194.0000,0.0000,4418000.0,12589000.0,2.000,33554432.0,0.000,0,0,33554432,2,0,0,0,1,1
1,final_right,f32,4194304,glibc_t2,P6,12,1,1,9115463.00,4097.0000,0.0000,6806000.0,2314000.0,1.000,16777216.0,0.000,0,0,16777216,1,1,0,0,1,1
1,final_right,f32,4194304,glibc_t2,P7,12,2,1,8287029.00,4097.0000,0.0000,122000.0,8171000.0,1.000,16777216.0,0.000,0,0,16777216,1,0,1,0,1,1
1,final_right,f32,4194304,glibc_t2,FIXED_TWIN,12,3,1,8084957.00,4097.0000,0.0000,4037000.0,4052000.0,1.000,16777216.0,0.000,0,0,16777216,1,0,1,0,1,1
1,final_right,f32,4194304,glibc_t2,P6,13,0,1,9444284.00,4097.0000,0.0000,6941000.0,2508000.0,1.000,16777216.0,0.000,0,0,16777216,1,1,0,0,1,1
1,final_right,f32,4194304,glibc_t2,P7,13,1,1,9618856.00,4097.0000,0.0000,0.0,9624000.0,1.000,16777216.0,0.000,0,0,16777216,1,0,1,0,1,1
1,final_right,f32,4194304,glibc_t2,FIXED_TWIN,13,2,1,9115762.00,4097.0000,0.0000,4465000.0,4657000.0,1.000,16777216.0,0.000,0,0,16777216,1,0,1,0,1,1
1,final_right,f32,4194304,glibc_t2,P5,13,3,1,18381404.00,8194.0000,0.0000,7325000.0,11049000.0,2.000,33554432.0,0.000,0,0,33554432,2,0,0,0,1,1
1,final_right,f32,4194304,glibc_t2,P7,14,0,1,9266507.00,4097.0000,0.0000,4528000.0,4744000.0,1.000,16777216.0,0.000,0,0,16777216,1,0,1,0,1,1
1,final_right,f32,4194304,glibc_t2,FIXED_TWIN,14,1,1,8719064.00,4097.0000,0.0000,300000.0,8423000.0,1.000,16777216.0,0.000,0,0,16777216,1,0,1,0,1,1
1,final_right,f32,4194304,glibc_t2,P5,14,2,1,16708453.00,8194.0000,0.0000,298000.0,16417000.0,2.000,33554432.0,0.000,0,0,33554432,2,0,0,0,1,1
1,final_right,f32,4194304,glibc_t2,P6,14,3,1,9307317.00,4097.0000,0.0000,5260000.0,4053000.0,1.000,16777216.0,0.000,0,0,16777216,1,1,0,0,1,1
1,final_right,f32,16777216,glibc_t2,P5,0,0,1,76354469.00,32770.0000,0.0000,16152000.0,60209000.0,2.000,134217728.0,0.000,0,0,134217728,2,0,0,0,1,1
1,final_right,f32,16777216,glibc_t2,P6,0,1,1,50052678.00,16385.0000,0.0000,28855000.0,21193000.0,1.000,67108864.0,0.000,0,0,67108864,1,1,0,0,1,1
1,final_right,f32,16777216,glibc_t2,P7,0,2,1,41564235.00,16385.0000,0.0000,34987000.0,6583000.0,1.000,67108864.0,0.000,0,0,67108864,1,0,1,0,1,1
1,final_right,f32,16777216,glibc_t2,FIXED_TWIN,0,3,1,46027191.00,16385.0000,0.0000,27181000.0,18853000.0,1.000,67108864.0,0.000,0,0,67108864,1,0,1,0,1,1
1,final_right,f32,16777216,glibc_t2,P6,1,0,1,54336615.00,16385.0000,0.0000,31309000.0,23034000.0,1.000,67108864.0,0.000,0,0,67108864,1,1,0,0,1,1
1,final_right,f32,16777216,glibc_t2,P7,1,1,1,42017427.00,16385.0000,0.0000,4845000.0,37178000.0,1.000,67108864.0,0.000,0,0,67108864,1,0,1,0,1,1
1,final_right,f32,16777216,glibc_t2,FIXED_TWIN,1,2,1,41585761.00,16385.0000,0.0000,8665000.0,32928000.0,1.000,67108864.0,0.000,0,0,67108864,1,0,1,0,1,1
1,final_right,f32,16777216,glibc_t2,P5,1,3,1,78207697.00,32770.0000,0.0000,19258000.0,58955000.0,2.000,134217728.0,0.000,0,0,134217728,2,0,0,0,1,1
1,final_right,f32,16777216,glibc_t2,P7,2,0,1,44109358.00,16385.0000,0.0000,24048000.0,20069000.0,1.000,67108864.0,0.000,0,0,67108864,1,0,1,0,1,1
1,final_right,f32,16777216,glibc_t2,FIXED_TWIN,2,1,1,41657057.00,16385.0000,0.0000,12694000.0,28969000.0,1.000,67108864.0,0.000,0,0,67108864,1,0,1,0,1,1
1,final_right,f32,16777216,glibc_t2,P5,2,2,1,79295721.00,32770.0000,0.0000,33376000.0,45926000.0,2.000,134217728.0,0.000,0,0,134217728,2,0,0,0,1,1
1,final_right,f32,16777216,glibc_t2,P6,2,3,1,50654385.00,16385.0000,0.0000,15443000.0,35218000.0,1.000,67108864.0,0.000,0,0,67108864,1,1,0,0,1,1
1,final_right,f32,16777216,glibc_t2,FIXED_TWIN,3,0,1,43447268.00,16385.0000,0.0000,19772000.0,23681000.0,1.000,67108864.0,0.000,0,0,67108864,1,0,1,0,1,1
1,final_right,f32,16777216,glibc_t2,P5,3,1,1,75986027.00,32770.0000,0.0000,23998000.0,51995000.0,2.000,134217728.0,0.000,0,0,134217728,2,0,0,0,1,1
1,final_right,f32,16777216,glibc_t2,P6,3,2,1,48050981.00,16385.0000,0.0000,20024000.0,28033000.0,1.000,67108864.0,0.000,0,0,67108864,1,1,0,0,1,1
1,final_right,f32,16777216,glibc_t2,P7,3,3,1,41471106.00,16385.0000,0.0000,20616000.0,20861000.0,1.000,67108864.0,0.000,0,0,67108864,1,0,1,0,1,1
1,final_right,f32,16777216,glibc_t2,P5,4,0,1,76831248.00,32770.0000,0.0000,32349000.0,44488000.0,2.000,134217728.0,0.000,0,0,134217728,2,0,0,0,1,1
1,final_right,f32,16777216,glibc_t2,P6,4,1,1,49678060.00,16385.0000,0.0000,24703000.0,24982000.0,1.000,67108864.0,0.000,0,0,67108864,1,1,0,0,1,1
1,final_right,f32,16777216,glibc_t2,P7,4,2,1,41854193.00,16385.0000,0.0000,12777000.0,29082000.0,1.000,67108864.0,0.000,0,0,67108864,1,0,1,0,1,1
1,final_right,f32,16777216,glibc_t2,FIXED_TWIN,4,3,1,42296155.00,16385.0000,0.0000,16962000.0,25340000.0,1.000,67108864.0,0.000,0,0,67108864,1,0,1,0,1,1
1,final_right,f32,16777216,glibc_t2,P6,5,0,1,48849080.00,16385.0000,0.0000,18675000.0,30156000.0,1.000,67108864.0,0.000,0,0,67108864,1,1,0,0,1,1
1,final_right,f32,16777216,glibc_t2,P7,5,1,1,43371577.00,16385.0000,0.0000,15742000.0,27641000.0,1.000,67108864.0,0.000,0,0,67108864,1,0,1,0,1,1
1,final_right,f32,16777216,glibc_t2,FIXED_TWIN,5,2,1,45655764.00,16385.0000,0.0000,16695000.0,28966000.0,1.000,67108864.0,0.000,0,0,67108864,1,0,1,0,1,1
1,final_right,f32,16777216,glibc_t2,P5,5,3,1,78671755.00,32770.0000,0.0000,25122000.0,53556000.0,2.000,134217728.0,0.000,0,0,134217728,2,0,0,0,1,1
1,final_right,f32,16777216,glibc_t2,P7,6,0,1,43266406.00,16385.0000,0.0000,15696000.0,27577000.0,1.000,67108864.0,0.000,0,0,67108864,1,0,1,0,1,1
1,final_right,f32,16777216,glibc_t2,FIXED_TWIN,6,1,1,44420695.00,16385.0000,0.0000,26478000.0,17948000.0,1.000,67108864.0,0.000,0,0,67108864,1,0,1,0,1,1
1,final_right,f32,16777216,glibc_t2,P5,6,2,1,76770030.00,32770.0000,0.0000,24316000.0,52437000.0,2.000,134217728.0,0.000,0,0,134217728,2,0,0,0,1,1
1,final_right,f32,16777216,glibc_t2,P6,6,3,1,47503248.00,16385.0000,0.0000,27763000.0,19717000.0,1.000,67108864.0,0.000,0,0,67108864,1,1,0,0,1,1
1,final_right,f32,16777216,glibc_t2,FIXED_TWIN,7,0,1,42035597.00,16385.0000,0.0000,15181000.0,26854000.0,1.000,67108864.0,0.000,0,0,67108864,1,0,1,0,1,1
1,final_right,f32,16777216,glibc_t2,P5,7,1,1,75378252.00,32770.0000,0.0000,23743000.0,51641000.0,2.000,134217728.0,0.000,0,0,134217728,2,0,0,0,1,1
1,final_right,f32,16777216,glibc_t2,P6,7,2,1,47280656.00,16385.0000,0.0000,15702000.0,31585000.0,1.000,67108864.0,0.000,0,0,67108864,1,1,0,0,1,1
1,final_right,f32,16777216,glibc_t2,P7,7,3,1,42001828.00,16385.0000,0.0000,20840000.0,21167000.0,1.000,67108864.0,0.000,0,0,67108864,1,0,1,0,1,1
1,final_right,f32,16777216,glibc_t2,P5,8,0,1,76888263.00,32770.0000,0.0000,28309000.0,48519000.0,2.000,134217728.0,0.000,0,0,134217728,2,0,0,0,1,1
1,final_right,f32,16777216,glibc_t2,P6,8,1,1,50373704.00,16385.0000,0.0000,27320000.0,23060000.0,1.000,67108864.0,0.000,0,0,67108864,1,1,0,0,1,1
1,final_right,f32,16777216,glibc_t2,P7,8,2,1,41945779.00,16385.0000,0.0000,23140000.0,18812000.0,1.000,67108864.0,0.000,0,0,67108864,1,0,1,0,1,1
1,final_right,f32,16777216,glibc_t2,FIXED_TWIN,8,3,1,42142841.00,16385.0000,0.0000,20901000.0,21248000.0,1.000,67108864.0,0.000,0,0,67108864,1,0,1,0,1,1
1,final_right,f32,16777216,glibc_t2,P6,9,0,1,49111633.00,16385.0000,0.0000,24469000.0,24650000.0,1.000,67108864.0,0.000,0,0,67108864,1,1,0,0,1,1
1,final_right,f32,16777216,glibc_t2,P7,9,1,1,41803211.00,16385.0000,0.0000,19079000.0,22730000.0,1.000,67108864.0,0.000,0,0,67108864,1,0,1,0,1,1
1,final_right,f32,16777216,glibc_t2,FIXED_TWIN,9,2,1,43614792.00,16385.0000,0.0000,5523000.0,38097000.0,1.000,67108864.0,0.000,0,0,67108864,1,0,1,0,1,1
1,final_right,f32,16777216,glibc_t2,P5,9,3,1,76565191.00,32770.0000,0.0000,28240000.0,48330000.0,2.000,134217728.0,0.000,0,0,134217728,2,0,0,0,1,1
1,final_right,f32,16777216,glibc_t2,P7,10,0,1,43987924.00,16385.0000,0.0000,11998000.0,31996000.0,1.000,67108864.0,0.000,0,0,67108864,1,0,1,0,1,1
1,final_right,f32,16777216,glibc_t2,FIXED_TWIN,10,1,1,42381534.00,16385.0000,0.0000,7324000.0,34939000.0,1.000,67108864.0,0.000,0,0,67108864,1,0,1,0,1,1
1,final_right,f32,16777216,glibc_t2,P5,10,2,1,76938528.00,32770.0000,0.0000,36396000.0,40548000.0,2.000,134217728.0,0.000,0,0,134217728,2,0,0,0,1,1
1,final_right,f32,16777216,glibc_t2,P6,10,3,1,49062862.00,16385.0000,0.0000,20450000.0,28620000.0,1.000,67108864.0,0.000,0,0,67108864,1,1,0,0,1,1
1,final_right,f32,16777216,glibc_t2,FIXED_TWIN,11,0,1,44028119.00,16385.0000,0.0000,16015000.0,27983000.0,1.000,67108864.0,0.000,0,0,67108864,1,0,1,0,1,1
1,final_right,f32,16777216,glibc_t2,P5,11,1,1,78111613.00,32770.0000,0.0000,24892000.0,53196000.0,2.000,134217728.0,0.000,0,0,134217728,2,0,0,0,1,1
1,final_right,f32,16777216,glibc_t2,P6,11,2,1,50429579.00,16385.0000,0.0000,33021000.0,17407000.0,1.000,67108864.0,0.000,0,0,67108864,1,1,0,0,1,1
1,final_right,f32,16777216,glibc_t2,P7,11,3,1,44605588.00,16385.0000,0.0000,8253000.0,36344000.0,1.000,67108864.0,0.000,0,0,67108864,1,0,1,0,1,1
1,final_right,f32,16777216,glibc_t2,P5,12,0,1,77831662.00,32770.0000,0.0000,19011000.0,58723000.0,2.000,134217728.0,0.000,0,0,134217728,2,0,0,0,1,1
1,final_right,f32,16777216,glibc_t2,P6,12,1,1,48680158.00,16385.0000,0.0000,24289000.0,24397000.0,1.000,67108864.0,0.000,0,0,67108864,1,1,0,0,1,1
1,final_right,f32,16777216,glibc_t2,P7,12,2,1,43409975.00,16385.0000,0.0000,11754000.0,31608000.0,1.000,67108864.0,0.000,0,0,67108864,1,0,1,0,1,1
1,final_right,f32,16777216,glibc_t2,FIXED_TWIN,12,3,1,42055115.00,16385.0000,0.0000,23182000.0,18880000.0,1.000,67108864.0,0.000,0,0,67108864,1,0,1,0,1,1
1,final_right,f32,16777216,glibc_t2,P6,13,0,1,48063600.00,16385.0000,0.0000,28007000.0,20044000.0,1.000,67108864.0,0.000,0,0,67108864,1,1,0,0,1,1
1,final_right,f32,16777216,glibc_t2,P7,13,1,1,42690198.00,16385.0000,0.0000,15451000.0,27247000.0,1.000,67108864.0,0.000,0,0,67108864,1,0,1,0,1,1
1,final_right,f32,16777216,glibc_t2,FIXED_TWIN,13,2,1,42095165.00,16385.0000,0.0000,20887000.0,21214000.0,1.000,67108864.0,0.000,0,0,67108864,1,0,1,0,1,1
1,final_right,f32,16777216,glibc_t2,P5,13,3,1,76866949.00,32770.0000,0.0000,8372000.0,68432000.0,2.000,134217728.0,0.000,0,0,134217728,2,0,0,0,1,1
1,final_right,f32,16777216,glibc_t2,P7,14,0,1,42897888.00,16385.0000,0.0000,19537000.0,23367000.0,1.000,67108864.0,0.000,0,0,67108864,1,0,1,0,1,1
1,final_right,f32,16777216,glibc_t2,FIXED_TWIN,14,1,1,41509784.00,16385.0000,0.0000,16640000.0,24786000.0,1.000,67108864.0,0.000,0,0,67108864,1,0,1,0,1,1
1,final_right,f32,16777216,glibc_t2,P5,14,2,1,83401688.00,32770.0000,0.0000,27751000.0,55621000.0,2.000,134217728.0,0.000,0,0,134217728,2,0,0,0,1,1
1,final_right,f32,16777216,glibc_t2,P6,14,3,1,49127802.00,16385.0000,0.0000,26779000.0,22346000.0,1.000,67108864.0,0.000,0,0,67108864,1,1,0,0,1,1
1,inter_out,f32,64,glibc_t2,P5,0,0,1000,3347.20,0.0000,0.0000,3351.0,0.0,3.000,768.0,0.000,0,0,512256,2,0,0,1,1,1
1,inter_out,f32,64,glibc_t2,P6,0,1,1000,3274.05,0.0000,0.0000,3275.0,0.0,2.000,512.0,0.000,0,0,512000,1,1,0,1,1,1
1,inter_out,f32,64,glibc_t2,FIXED_TWIN,0,2,1000,3273.49,0.0000,0.0000,3274.0,0.0,2.000,512.0,0.000,0,0,512000,1,1,0,1,1,1
1,inter_out,f32,64,glibc_t2,P6,1,0,1000,3297.75,0.0000,0.0000,3298.0,0.0,2.000,512.0,0.000,0,0,512000,1,1,0,1,1,1
1,inter_out,f32,64,glibc_t2,FIXED_TWIN,1,1,1000,3248.89,0.0000,0.0000,3250.0,0.0,2.000,512.0,0.000,0,0,512000,1,1,0,1,1,1
1,inter_out,f32,64,glibc_t2,P5,1,2,1000,3245.07,0.0000,0.0000,3157.0,89.0,3.000,768.0,0.000,0,0,512256,2,0,0,1,1,1
1,inter_out,f32,64,glibc_t2,FIXED_TWIN,2,0,1000,3338.84,0.0000,0.0000,3340.0,0.0,2.000,512.0,0.000,0,0,512000,1,1,0,1,1,1
1,inter_out,f32,64,glibc_t2,P5,2,1,1000,3269.64,0.0000,0.0000,3271.0,0.0,3.000,768.0,0.000,0,0,512256,2,0,0,1,1,1
1,inter_out,f32,64,glibc_t2,P6,2,2,1000,3244.29,0.0000,0.0000,3245.0,0.0,2.000,512.0,0.000,0,0,512000,1,1,0,1,1,1
1,inter_out,f32,64,glibc_t2,P5,3,0,1000,3257.34,0.0000,0.0000,3258.0,0.0,3.000,768.0,0.000,0,0,512256,2,0,0,1,1,1
1,inter_out,f32,64,glibc_t2,P6,3,1,1000,3227.70,0.0000,0.0000,3229.0,0.0,2.000,512.0,0.000,0,0,512000,1,1,0,1,1,1
1,inter_out,f32,64,glibc_t2,FIXED_TWIN,3,2,1000,3301.02,0.0000,0.0000,3302.0,0.0,2.000,512.0,0.000,0,0,512000,1,1,0,1,1,1
1,inter_out,f32,64,glibc_t2,P6,4,0,1000,3246.92,0.0000,0.0000,3249.0,0.0,2.000,512.0,0.000,0,0,512000,1,1,0,1,1,1
1,inter_out,f32,64,glibc_t2,FIXED_TWIN,4,1,1000,3241.67,0.0000,0.0000,3242.0,0.0,2.000,512.0,0.000,0,0,512000,1,1,0,1,1,1
1,inter_out,f32,64,glibc_t2,P5,4,2,1000,3231.77,0.0000,0.0000,3233.0,0.0,3.000,768.0,0.000,0,0,512256,2,0,0,1,1,1
1,inter_out,f32,64,glibc_t2,FIXED_TWIN,5,0,1000,3262.72,0.0000,0.0000,3263.0,0.0,2.000,512.0,0.000,0,0,512000,1,1,0,1,1,1
1,inter_out,f32,64,glibc_t2,P5,5,1,1000,4800.65,0.0000,0.0000,4802.0,0.0,3.000,768.0,0.000,0,0,512256,2,0,0,1,1,1
1,inter_out,f32,64,glibc_t2,P6,5,2,1000,3224.88,0.0000,0.0000,3226.0,0.0,2.000,512.0,0.000,0,0,512000,1,1,0,1,1,1
1,inter_out,f32,64,glibc_t2,P5,6,0,1000,3256.85,0.0000,0.0000,3248.0,11.0,3.000,768.0,0.000,0,0,512256,2,0,0,1,1,1
1,inter_out,f32,64,glibc_t2,P6,6,1,1000,3683.92,0.0000,0.0000,3685.0,0.0,2.000,512.0,0.000,0,0,512000,1,1,0,1,1,1
1,inter_out,f32,64,glibc_t2,FIXED_TWIN,6,2,1000,3237.25,0.0000,0.0000,3238.0,0.0,2.000,512.0,0.000,0,0,512000,1,1,0,1,1,1
1,inter_out,f32,64,glibc_t2,P6,7,0,1000,5098.56,0.0000,0.0000,5100.0,0.0,2.000,512.0,0.000,0,0,512000,1,1,0,1,1,1
1,inter_out,f32,64,glibc_t2,FIXED_TWIN,7,1,1000,3473.26,0.0000,0.0000,3269.0,0.0,2.000,512.0,0.000,0,0,512000,1,1,0,1,1,1
1,inter_out,f32,64,glibc_t2,P5,7,2,1000,3255.95,0.0000,0.0000,3257.0,0.0,3.000,768.0,0.000,0,0,512256,2,0,0,1,1,1
1,inter_out,f32,64,glibc_t2,FIXED_TWIN,8,0,1000,3255.23,0.0000,0.0000,3257.0,0.0,2.000,512.0,0.000,0,0,512000,1,1,0,1,1,1
1,inter_out,f32,64,glibc_t2,P5,8,1,1000,3231.62,0.0000,0.0000,3233.0,0.0,3.000,768.0,0.000,0,0,512256,2,0,0,1,1,1
1,inter_out,f32,64,glibc_t2,P6,8,2,1000,3289.95,0.0000,0.0000,3292.0,0.0,2.000,512.0,0.000,0,0,512000,1,1,0,1,1,1
1,inter_out,f32,64,glibc_t2,P5,9,0,1000,3240.10,0.0000,0.0000,3242.0,0.0,3.000,768.0,0.000,0,0,512256,2,0,0,1,1,1
1,inter_out,f32,64,glibc_t2,P6,9,1,1000,3279.50,0.0000,0.0000,3281.0,0.0,2.000,512.0,0.000,0,0,512000,1,1,0,1,1,1
1,inter_out,f32,64,glibc_t2,FIXED_TWIN,9,2,1000,3257.15,0.0000,0.0000,3257.0,0.0,2.000,512.0,0.000,0,0,512000,1,1,0,1,1,1
1,inter_out,f32,64,glibc_t2,P6,10,0,1000,3255.05,0.0000,0.0000,3256.0,0.0,2.000,512.0,0.000,0,0,512000,1,1,0,1,1,1
1,inter_out,f32,64,glibc_t2,FIXED_TWIN,10,1,1000,3251.48,0.0000,0.0000,3253.0,0.0,2.000,512.0,0.000,0,0,512000,1,1,0,1,1,1
1,inter_out,f32,64,glibc_t2,P5,10,2,1000,3279.41,0.0000,0.0000,3281.0,0.0,3.000,768.0,0.000,0,0,512256,2,0,0,1,1,1
1,inter_out,f32,64,glibc_t2,FIXED_TWIN,11,0,1000,3227.73,0.0000,0.0000,3229.0,0.0,2.000,512.0,0.000,0,0,512000,1,1,0,1,1,1
1,inter_out,f32,64,glibc_t2,P5,11,1,1000,3262.46,0.0000,0.0000,3264.0,0.0,3.000,768.0,0.000,0,0,512256,2,0,0,1,1,1
1,inter_out,f32,64,glibc_t2,P6,11,2,1000,3228.75,0.0000,0.0000,3230.0,0.0,2.000,512.0,0.000,0,0,512000,1,1,0,1,1,1
1,inter_out,f32,64,glibc_t2,P5,12,0,1000,3267.20,0.0000,0.0000,3268.0,0.0,3.000,768.0,0.000,0,0,512256,2,0,0,1,1,1
1,inter_out,f32,64,glibc_t2,P6,12,1,1000,3234.63,0.0000,0.0000,3235.0,0.0,2.000,512.0,0.000,0,0,512000,1,1,0,1,1,1
1,inter_out,f32,64,glibc_t2,FIXED_TWIN,12,2,1000,3276.44,0.0000,0.0000,3277.0,0.0,2.000,512.0,0.000,0,0,512000,1,1,0,1,1,1
1,inter_out,f32,64,glibc_t2,P6,13,0,1000,3297.53,0.0000,0.0000,3299.0,0.0,2.000,512.0,0.000,0,0,512000,1,1,0,1,1,1
1,inter_out,f32,64,glibc_t2,FIXED_TWIN,13,1,1000,3257.84,0.0000,0.0000,3259.0,0.0,2.000,512.0,0.000,0,0,512000,1,1,0,1,1,1
1,inter_out,f32,64,glibc_t2,P5,13,2,1000,3309.91,0.0000,0.0000,3311.0,0.0,3.000,768.0,0.000,0,0,512256,2,0,0,1,1,1
1,inter_out,f32,64,glibc_t2,FIXED_TWIN,14,0,1000,3260.36,0.0000,0.0000,3262.0,0.0,2.000,512.0,0.000,0,0,512000,1,1,0,1,1,1
1,inter_out,f32,64,glibc_t2,P5,14,1,1000,3238.90,0.0000,0.0000,3241.0,0.0,3.000,768.0,0.000,0,0,512256,2,0,0,1,1,1
1,inter_out,f32,64,glibc_t2,P6,14,2,1000,3336.55,0.0000,0.0000,3342.0,0.0,2.000,512.0,0.000,0,0,512000,1,1,0,1,1,1
1,inter_out,f32,1024,glibc_t2,P5,0,0,1000,3982.05,0.0000,0.0000,3987.0,0.0,3.000,12288.0,0.000,0,0,8196096,2,0,0,1,1,1
1,inter_out,f32,1024,glibc_t2,P6,0,1,1000,3839.65,0.0000,0.0000,3844.0,0.0,2.000,8192.0,0.000,0,0,8192000,1,1,0,1,1,1
1,inter_out,f32,1024,glibc_t2,FIXED_TWIN,0,2,1000,3860.76,0.0000,0.0000,3865.0,0.0,2.000,8192.0,0.000,0,0,8192000,1,1,0,1,1,1
1,inter_out,f32,1024,glibc_t2,P6,1,0,1000,3931.11,0.0000,0.0000,3936.0,0.0,2.000,8192.0,0.000,0,0,8192000,1,1,0,1,1,1
1,inter_out,f32,1024,glibc_t2,FIXED_TWIN,1,1,1000,3813.52,0.0000,0.0000,3816.0,0.0,2.000,8192.0,0.000,0,0,8192000,1,1,0,1,1,1
1,inter_out,f32,1024,glibc_t2,P5,1,2,1000,4126.45,0.0000,0.0000,4130.0,0.0,3.000,12288.0,0.000,0,0,8196096,2,0,0,1,1,1
1,inter_out,f32,1024,glibc_t2,FIXED_TWIN,2,0,1000,3970.20,0.0000,0.0000,3975.0,0.0,2.000,8192.0,0.000,0,0,8192000,1,1,0,1,1,1
1,inter_out,f32,1024,glibc_t2,P5,2,1,1000,3884.68,0.0000,0.0000,3889.0,0.0,3.000,12288.0,0.000,0,0,8196096,2,0,0,1,1,1
1,inter_out,f32,1024,glibc_t2,P6,2,2,1000,3795.02,0.0000,0.0000,3803.0,0.0,2.000,8192.0,0.000,0,0,8192000,1,1,0,1,1,1
1,inter_out,f32,1024,glibc_t2,P5,3,0,1000,3924.24,0.0000,0.0000,3928.0,0.0,3.000,12288.0,0.000,0,0,8196096,2,0,0,1,1,1
1,inter_out,f32,1024,glibc_t2,P6,3,1,1000,3865.10,0.0000,0.0000,3868.0,0.0,2.000,8192.0,0.000,0,0,8192000,1,1,0,1,1,1
1,inter_out,f32,1024,glibc_t2,FIXED_TWIN,3,2,1000,3834.26,0.0000,0.0000,3837.0,0.0,2.000,8192.0,0.000,0,0,8192000,1,1,0,1,1,1
1,inter_out,f32,1024,glibc_t2,P6,4,0,1000,4535.09,0.0000,0.0000,4585.0,0.0,2.000,8192.0,0.000,0,0,8192000,1,1,0,1,1,1
1,inter_out,f32,1024,glibc_t2,FIXED_TWIN,4,1,1000,3943.90,0.0000,0.0000,3949.0,0.0,2.000,8192.0,0.000,0,0,8192000,1,1,0,1,1,1
1,inter_out,f32,1024,glibc_t2,P5,4,2,1000,4154.21,0.0000,0.0000,4157.0,0.0,3.000,12288.0,0.000,0,0,8196096,2,0,0,1,1,1
1,inter_out,f32,1024,glibc_t2,FIXED_TWIN,5,0,1000,4072.46,0.0000,0.0000,4076.0,0.0,2.000,8192.0,0.000,0,0,8192000,1,1,0,1,1,1
1,inter_out,f32,1024,glibc_t2,P5,5,1,1000,4027.52,0.0000,0.0000,4031.0,0.0,3.000,12288.0,0.000,0,0,8196096,2,0,0,1,1,1
1,inter_out,f32,1024,glibc_t2,P6,5,2,1000,3892.98,0.0000,0.0000,3896.0,0.0,2.000,8192.0,0.000,0,0,8192000,1,1,0,1,1,1
1,inter_out,f32,1024,glibc_t2,P5,6,0,1000,3887.30,0.0000,0.0000,3889.0,0.0,3.000,12288.0,0.000,0,0,8196096,2,0,0,1,1,1
1,inter_out,f32,1024,glibc_t2,P6,6,1,1000,3783.51,0.0000,0.0000,3786.0,0.0,2.000,8192.0,0.000,0,0,8192000,1,1,0,1,1,1
1,inter_out,f32,1024,glibc_t2,FIXED_TWIN,6,2,1000,3743.26,0.0000,0.0000,3746.0,0.0,2.000,8192.0,0.000,0,0,8192000,1,1,0,1,1,1
1,inter_out,f32,1024,glibc_t2,P6,7,0,1000,3901.49,0.0000,0.0000,3905.0,0.0,2.000,8192.0,0.000,0,0,8192000,1,1,0,1,1,1
1,inter_out,f32,1024,glibc_t2,FIXED_TWIN,7,1,1000,3829.72,0.0000,0.0000,3833.0,0.0,2.000,8192.0,0.000,0,0,8192000,1,1,0,1,1,1
1,inter_out,f32,1024,glibc_t2,P5,7,2,1000,3889.71,0.0000,0.0000,3893.0,0.0,3.000,12288.0,0.000,0,0,8196096,2,0,0,1,1,1
1,inter_out,f32,1024,glibc_t2,FIXED_TWIN,8,0,1000,3807.77,0.0000,0.0000,3811.0,0.0,2.000,8192.0,0.000,0,0,8192000,1,1,0,1,1,1
1,inter_out,f32,1024,glibc_t2,P5,8,1,1000,3904.94,0.0000,0.0000,3907.0,0.0,3.000,12288.0,0.000,0,0,8196096,2,0,0,1,1,1
1,inter_out,f32,1024,glibc_t2,P6,8,2,1000,3946.43,0.0000,0.0000,3964.0,0.0,2.000,8192.0,0.000,0,0,8192000,1,1,0,1,1,1
1,inter_out,f32,1024,glibc_t2,P5,9,0,1000,3839.52,0.0000,0.0000,3841.0,0.0,3.000,12288.0,0.000,0,0,8196096,2,0,0,1,1,1
1,inter_out,f32,1024,glibc_t2,P6,9,1,1000,3857.18,0.0000,0.0000,3861.0,0.0,2.000,8192.0,0.000,0,0,8192000,1,1,0,1,1,1
1,inter_out,f32,1024,glibc_t2,FIXED_TWIN,9,2,1000,3808.53,0.0000,0.0000,3811.0,0.0,2.000,8192.0,0.000,0,0,8192000,1,1,0,1,1,1
1,inter_out,f32,1024,glibc_t2,P6,10,0,1000,3888.82,0.0000,0.0000,3893.0,0.0,2.000,8192.0,0.000,0,0,8192000,1,1,0,1,1,1
1,inter_out,f32,1024,glibc_t2,FIXED_TWIN,10,1,1000,3792.74,0.0000,0.0000,3795.0,0.0,2.000,8192.0,0.000,0,0,8192000,1,1,0,1,1,1
1,inter_out,f32,1024,glibc_t2,P5,10,2,1000,3903.33,0.0000,0.0000,3907.0,0.0,3.000,12288.0,0.000,0,0,8196096,2,0,0,1,1,1
1,inter_out,f32,1024,glibc_t2,FIXED_TWIN,11,0,1000,4119.96,0.0000,0.0000,4123.0,0.0,2.000,8192.0,0.000,0,0,8192000,1,1,0,1,1,1
1,inter_out,f32,1024,glibc_t2,P5,11,1,1000,3971.32,0.0000,0.0000,3976.0,0.0,3.000,12288.0,0.000,0,0,8196096,2,0,0,1,1,1
1,inter_out,f32,1024,glibc_t2,P6,11,2,1000,3860.75,0.0000,0.0000,3864.0,0.0,2.000,8192.0,0.000,0,0,8192000,1,1,0,1,1,1
1,inter_out,f32,1024,glibc_t2,P5,12,0,1000,3933.35,0.0000,0.0000,3938.0,0.0,3.000,12288.0,0.000,0,0,8196096,2,0,0,1,1,1
1,inter_out,f32,1024,glibc_t2,P6,12,1,1000,3936.07,0.0000,0.0000,3940.0,0.0,2.000,8192.0,0.000,0,0,8192000,1,1,0,1,1,1
1,inter_out,f32,1024,glibc_t2,FIXED_TWIN,12,2,1000,4015.40,0.0000,0.0000,4021.0,0.0,2.000,8192.0,0.000,0,0,8192000,1,1,0,1,1,1
1,inter_out,f32,1024,glibc_t2,P6,13,0,1000,3959.80,0.0000,0.0000,3964.0,0.0,2.000,8192.0,0.000,0,0,8192000,1,1,0,1,1,1
1,inter_out,f32,1024,glibc_t2,FIXED_TWIN,13,1,1000,4086.40,0.0000,0.0000,4061.0,0.0,2.000,8192.0,0.000,0,0,8192000,1,1,0,1,1,1
1,inter_out,f32,1024,glibc_t2,P5,13,2,1000,3948.64,0.0000,0.0000,3953.0,0.0,3.000,12288.0,0.000,0,0,8196096,2,0,0,1,1,1
1,inter_out,f32,1024,glibc_t2,FIXED_TWIN,14,0,1000,3824.76,0.0000,0.0000,3827.0,0.0,2.000,8192.0,0.000,0,0,8192000,1,1,0,1,1,1
1,inter_out,f32,1024,glibc_t2,P5,14,1,1000,3907.47,0.0000,0.0000,3910.0,0.0,3.000,12288.0,0.000,0,0,8196096,2,0,0,1,1,1
1,inter_out,f32,1024,glibc_t2,P6,14,2,1000,3843.34,0.0000,0.0000,3845.0,0.0,2.000,8192.0,0.000,0,0,8192000,1,1,0,1,1,1
1,inter_out,f32,4096,glibc_t2,P5,0,0,1,2052.00,0.0000,0.0000,5000.0,0.0,3.000,49152.0,0.000,0,0,49152,2,0,0,1,1,1
1,inter_out,f32,4096,glibc_t2,P6,0,1,1,1690.00,0.0000,0.0000,3000.0,0.0,2.000,32768.0,0.000,0,0,32768,1,1,0,1,1,1
1,inter_out,f32,4096,glibc_t2,FIXED_TWIN,0,2,1,1667.00,0.0000,0.0000,2000.0,0.0,2.000,32768.0,0.000,0,0,32768,1,1,0,1,1,1
1,inter_out,f32,4096,glibc_t2,P6,1,0,1,1627.00,0.0000,0.0000,2000.0,0.0,2.000,32768.0,0.000,0,0,32768,1,1,0,1,1,1
1,inter_out,f32,4096,glibc_t2,FIXED_TWIN,1,1,1,1636.00,0.0000,0.0000,2000.0,0.0,2.000,32768.0,0.000,0,0,32768,1,1,0,1,1,1
1,inter_out,f32,4096,glibc_t2,P5,1,2,1,1953.00,0.0000,0.0000,2000.0,0.0,3.000,49152.0,0.000,0,0,49152,2,0,0,1,1,1
1,inter_out,f32,4096,glibc_t2,FIXED_TWIN,2,0,1,1652.00,0.0000,0.0000,2000.0,0.0,2.000,32768.0,0.000,0,0,32768,1,1,0,1,1,1
1,inter_out,f32,4096,glibc_t2,P5,2,1,1,1897.00,0.0000,0.0000,3000.0,0.0,3.000,49152.0,0.000,0,0,49152,2,0,0,1,1,1
1,inter_out,f32,4096,glibc_t2,P6,2,2,1,1664.00,0.0000,0.0000,2000.0,0.0,2.000,32768.0,0.000,0,0,32768,1,1,0,1,1,1
1,inter_out,f32,4096,glibc_t2,P5,3,0,1,1923.00,0.0000,0.0000,3000.0,0.0,3.000,49152.0,0.000,0,0,49152,2,0,0,1,1,1
1,inter_out,f32,4096,glibc_t2,P6,3,1,1,1617.00,0.0000,0.0000,2000.0,0.0,2.000,32768.0,0.000,0,0,32768,1,1,0,1,1,1
1,inter_out,f32,4096,glibc_t2,FIXED_TWIN,3,2,1,1658.00,0.0000,0.0000,3000.0,0.0,2.000,32768.0,0.000,0,0,32768,1,1,0,1,1,1
1,inter_out,f32,4096,glibc_t2,P6,4,0,1,2413.00,0.0000,0.0000,3000.0,0.0,2.000,32768.0,0.000,0,0,32768,1,1,0,1,1,1
1,inter_out,f32,4096,glibc_t2,FIXED_TWIN,4,1,1,1680.00,0.0000,0.0000,3000.0,0.0,2.000,32768.0,0.000,0,0,32768,1,1,0,1,1,1
1,inter_out,f32,4096,glibc_t2,P5,4,2,1,1891.00,0.0000,0.0000,2000.0,0.0,3.000,49152.0,0.000,0,0,49152,2,0,0,1,1,1
1,inter_out,f32,4096,glibc_t2,FIXED_TWIN,5,0,1,1654.00,0.0000,0.0000,2000.0,0.0,2.000,32768.0,0.000,0,0,32768,1,1,0,1,1,1
1,inter_out,f32,4096,glibc_t2,P5,5,1,1,1922.00,0.0000,0.0000,2000.0,0.0,3.000,49152.0,0.000,0,0,49152,2,0,0,1,1,1
1,inter_out,f32,4096,glibc_t2,P6,5,2,1,1671.00,0.0000,0.0000,2000.0,0.0,2.000,32768.0,0.000,0,0,32768,1,1,0,1,1,1
1,inter_out,f32,4096,glibc_t2,P5,6,0,1,1886.00,0.0000,0.0000,3000.0,0.0,3.000,49152.0,0.000,0,0,49152,2,0,0,1,1,1
1,inter_out,f32,4096,glibc_t2,P6,6,1,1,1656.00,0.0000,0.0000,2000.0,0.0,2.000,32768.0,0.000,0,0,32768,1,1,0,1,1,1
1,inter_out,f32,4096,glibc_t2,FIXED_TWIN,6,2,1,1676.00,0.0000,0.0000,2000.0,0.0,2.000,32768.0,0.000,0,0,32768,1,1,0,1,1,1
1,inter_out,f32,4096,glibc_t2,P6,7,0,1,1643.00,0.0000,0.0000,3000.0,0.0,2.000,32768.0,0.000,0,0,32768,1,1,0,1,1,1
1,inter_out,f32,4096,glibc_t2,FIXED_TWIN,7,1,1,1646.00,0.0000,0.0000,2000.0,0.0,2.000,32768.0,0.000,0,0,32768,1,1,0,1,1,1
1,inter_out,f32,4096,glibc_t2,P5,7,2,1,1926.00,0.0000,0.0000,2000.0,0.0,3.000,49152.0,0.000,0,0,49152,2,0,0,1,1,1
1,inter_out,f32,4096,glibc_t2,FIXED_TWIN,8,0,1,1657.00,0.0000,0.0000,2000.0,0.0,2.000,32768.0,0.000,0,0,32768,1,1,0,1,1,1
1,inter_out,f32,4096,glibc_t2,P5,8,1,1,1882.00,0.0000,0.0000,3000.0,0.0,3.000,49152.0,0.000,0,0,49152,2,0,0,1,1,1
1,inter_out,f32,4096,glibc_t2,P6,8,2,1,1659.00,0.0000,0.0000,2000.0,0.0,2.000,32768.0,0.000,0,0,32768,1,1,0,1,1,1
1,inter_out,f32,4096,glibc_t2,P5,9,0,1,1914.00,0.0000,0.0000,3000.0,0.0,3.000,49152.0,0.000,0,0,49152,2,0,0,1,1,1
1,inter_out,f32,4096,glibc_t2,P6,9,1,1,1650.00,0.0000,0.0000,2000.0,0.0,2.000,32768.0,0.000,0,0,32768,1,1,0,1,1,1
1,inter_out,f32,4096,glibc_t2,FIXED_TWIN,9,2,1,1663.00,0.0000,0.0000,2000.0,0.0,2.000,32768.0,0.000,0,0,32768,1,1,0,1,1,1
1,inter_out,f32,4096,glibc_t2,P6,10,0,1,1660.00,0.0000,0.0000,2000.0,0.0,2.000,32768.0,0.000,0,0,32768,1,1,0,1,1,1
1,inter_out,f32,4096,glibc_t2,FIXED_TWIN,10,1,1,1639.00,0.0000,0.0000,2000.0,0.0,2.000,32768.0,0.000,0,0,32768,1,1,0,1,1,1
1,inter_out,f32,4096,glibc_t2,P5,10,2,1,2045.00,0.0000,0.0000,2000.0,0.0,3.000,49152.0,0.000,0,0,49152,2,0,0,1,1,1
1,inter_out,f32,4096,glibc_t2,FIXED_TWIN,11,0,1,1735.00,0.0000,0.0000,3000.0,0.0,2.000,32768.0,0.000,0,0,32768,1,1,0,1,1,1
1,inter_out,f32,4096,glibc_t2,P5,11,1,1,1949.00,0.0000,0.0000,3000.0,0.0,3.000,49152.0,0.000,0,0,49152,2,0,0,1,1,1
1,inter_out,f32,4096,glibc_t2,P6,11,2,1,1743.00,0.0000,0.0000,3000.0,0.0,2.000,32768.0,0.000,0,0,32768,1,1,0,1,1,1
1,inter_out,f32,4096,glibc_t2,P5,12,0,1,2011.00,0.0000,0.0000,3000.0,0.0,3.000,49152.0,0.000,0,0,49152,2,0,0,1,1,1
1,inter_out,f32,4096,glibc_t2,P6,12,1,1,1717.00,0.0000,0.0000,3000.0,0.0,2.000,32768.0,0.000,0,0,32768,1,1,0,1,1,1
1,inter_out,f32,4096,glibc_t2,FIXED_TWIN,12,2,1,1659.00,0.0000,0.0000,2000.0,0.0,2.000,32768.0,0.000,0,0,32768,1,1,0,1,1,1
1,inter_out,f32,4096,glibc_t2,P6,13,0,1,1671.00,0.0000,0.0000,3000.0,0.0,2.000,32768.0,0.000,0,0,32768,1,1,0,1,1,1
1,inter_out,f32,4096,glibc_t2,FIXED_TWIN,13,1,1,1710.00,0.0000,0.0000,3000.0,0.0,2.000,32768.0,0.000,0,0,32768,1,1,0,1,1,1
1,inter_out,f32,4096,glibc_t2,P5,13,2,1,1912.00,0.0000,0.0000,3000.0,0.0,3.000,49152.0,0.000,0,0,49152,2,0,0,1,1,1
1,inter_out,f32,4096,glibc_t2,FIXED_TWIN,14,0,1,1649.00,0.0000,0.0000,2000.0,0.0,2.000,32768.0,0.000,0,0,32768,1,1,0,1,1,1
1,inter_out,f32,4096,glibc_t2,P5,14,1,1,1913.00,0.0000,0.0000,3000.0,0.0,3.000,49152.0,0.000,0,0,49152,2,0,0,1,1,1
1,inter_out,f32,4096,glibc_t2,P6,14,2,1,1630.00,0.0000,0.0000,2000.0,0.0,2.000,32768.0,0.000,0,0,32768,1,1,0,1,1,1
1,inter_out,f32,16384,glibc_t2,P5,0,0,1,6500.00,0.0000,0.0000,7000.0,0.0,3.000,196608.0,0.000,0,0,196608,2,0,0,1,1,1
1,inter_out,f32,16384,glibc_t2,P6,0,1,1,6188.00,0.0000,0.0000,6000.0,0.0,2.000,131072.0,0.000,0,0,131072,1,1,0,1,1,1
1,inter_out,f32,16384,glibc_t2,FIXED_TWIN,0,2,1,6235.00,0.0000,0.0000,7000.0,0.0,2.000,131072.0,0.000,0,0,131072,1,1,0,1,1,1
1,inter_out,f32,16384,glibc_t2,P6,1,0,1,6180.00,0.0000,0.0000,6000.0,0.0,2.000,131072.0,0.000,0,0,131072,1,1,0,1,1,1
1,inter_out,f32,16384,glibc_t2,FIXED_TWIN,1,1,1,6184.00,0.0000,0.0000,7000.0,0.0,2.000,131072.0,0.000,0,0,131072,1,1,0,1,1,1
1,inter_out,f32,16384,glibc_t2,P5,1,2,1,6378.00,0.0000,0.0000,7000.0,0.0,3.000,196608.0,0.000,0,0,196608,2,0,0,1,1,1
1,inter_out,f32,16384,glibc_t2,FIXED_TWIN,2,0,1,19444.00,0.0000,0.0000,20000.0,0.0,2.000,131072.0,0.000,0,0,131072,1,1,0,1,1,1
1,inter_out,f32,16384,glibc_t2,P5,2,1,1,6575.00,0.0000,0.0000,7000.0,0.0,3.000,196608.0,0.000,0,0,196608,2,0,0,1,1,1
1,inter_out,f32,16384,glibc_t2,P6,2,2,1,6200.00,0.0000,0.0000,7000.0,0.0,2.000,131072.0,0.000,0,0,131072,1,1,0,1,1,1
1,inter_out,f32,16384,glibc_t2,P5,3,0,1,6429.00,0.0000,0.0000,7000.0,0.0,3.000,196608.0,0.000,0,0,196608,2,0,0,1,1,1
1,inter_out,f32,16384,glibc_t2,P6,3,1,1,6180.00,0.0000,0.0000,6000.0,0.0,2.000,131072.0,0.000,0,0,131072,1,1,0,1,1,1
1,inter_out,f32,16384,glibc_t2,FIXED_TWIN,3,2,1,6149.00,0.0000,0.0000,6000.0,0.0,2.000,131072.0,0.000,0,0,131072,1,1,0,1,1,1
1,inter_out,f32,16384,glibc_t2,P6,4,0,1,6193.00,0.0000,0.0000,7000.0,0.0,2.000,131072.0,0.000,0,0,131072,1,1,0,1,1,1
1,inter_out,f32,16384,glibc_t2,FIXED_TWIN,4,1,1,6175.00,0.0000,0.0000,7000.0,0.0,2.000,131072.0,0.000,0,0,131072,1,1,0,1,1,1
1,inter_out,f32,16384,glibc_t2,P5,4,2,1,6436.00,0.0000,0.0000,7000.0,0.0,3.000,196608.0,0.000,0,0,196608,2,0,0,1,1,1
1,inter_out,f32,16384,glibc_t2,FIXED_TWIN,5,0,1,6158.00,0.0000,0.0000,7000.0,0.0,2.000,131072.0,0.000,0,0,131072,1,1,0,1,1,1
1,inter_out,f32,16384,glibc_t2,P5,5,1,1,6368.00,0.0000,0.0000,7000.0,0.0,3.000,196608.0,0.000,0,0,196608,2,0,0,1,1,1
1,inter_out,f32,16384,glibc_t2,P6,5,2,1,6171.00,0.0000,0.0000,7000.0,0.0,2.000,131072.0,0.000,0,0,131072,1,1,0,1,1,1
1,inter_out,f32,16384,glibc_t2,P5,6,0,1,6429.00,0.0000,0.0000,7000.0,0.0,3.000,196608.0,0.000,0,0,196608,2,0,0,1,1,1
1,inter_out,f32,16384,glibc_t2,P6,6,1,1,6168.00,0.0000,0.0000,6000.0,0.0,2.000,131072.0,0.000,0,0,131072,1,1,0,1,1,1
1,inter_out,f32,16384,glibc_t2,FIXED_TWIN,6,2,1,6162.00,0.0000,0.0000,6000.0,0.0,2.000,131072.0,0.000,0,0,131072,1,1,0,1,1,1
1,inter_out,f32,16384,glibc_t2,P6,7,0,1,6162.00,0.0000,0.0000,7000.0,0.0,2.000,131072.0,0.000,0,0,131072,1,1,0,1,1,1
1,inter_out,f32,16384,glibc_t2,FIXED_TWIN,7,1,1,6156.00,0.0000,0.0000,7000.0,0.0,2.000,131072.0,0.000,0,0,131072,1,1,0,1,1,1
1,inter_out,f32,16384,glibc_t2,P5,7,2,1,6593.00,0.0000,0.0000,7000.0,0.0,3.000,196608.0,0.000,0,0,196608,2,0,0,1,1,1
1,inter_out,f32,16384,glibc_t2,FIXED_TWIN,8,0,1,6315.00,0.0000,0.0000,7000.0,0.0,2.000,131072.0,0.000,0,0,131072,1,1,0,1,1,1
1,inter_out,f32,16384,glibc_t2,P5,8,1,1,6460.00,0.0000,0.0000,7000.0,0.0,3.000,196608.0,0.000,0,0,196608,2,0,0,1,1,1
1,inter_out,f32,16384,glibc_t2,P6,8,2,1,6241.00,0.0000,0.0000,6000.0,0.0,2.000,131072.0,0.000,0,0,131072,1,1,0,1,1,1
1,inter_out,f32,16384,glibc_t2,P5,9,0,1,6432.00,0.0000,0.0000,7000.0,0.0,3.000,196608.0,0.000,0,0,196608,2,0,0,1,1,1
1,inter_out,f32,16384,glibc_t2,P6,9,1,1,6230.00,0.0000,0.0000,6000.0,0.0,2.000,131072.0,0.000,0,0,131072,1,1,0,1,1,1
1,inter_out,f32,16384,glibc_t2,FIXED_TWIN,9,2,1,6167.00,0.0000,0.0000,7000.0,0.0,2.000,131072.0,0.000,0,0,131072,1,1,0,1,1,1
1,inter_out,f32,16384,glibc_t2,P6,10,0,1,6126.00,0.0000,0.0000,7000.0,0.0,2.000,131072.0,0.000,0,0,131072,1,1,0,1,1,1
1,inter_out,f32,16384,glibc_t2,FIXED_TWIN,10,1,1,6149.00,0.0000,0.0000,6000.0,0.0,2.000,131072.0,0.000,0,0,131072,1,1,0,1,1,1
1,inter_out,f32,16384,glibc_t2,P5,10,2,1,6415.00,0.0000,0.0000,7000.0,0.0,3.000,196608.0,0.000,0,0,196608,2,0,0,1,1,1
1,inter_out,f32,16384,glibc_t2,FIXED_TWIN,11,0,1,6209.00,0.0000,0.0000,6000.0,0.0,2.000,131072.0,0.000,0,0,131072,1,1,0,1,1,1
1,inter_out,f32,16384,glibc_t2,P5,11,1,1,6409.00,0.0000,0.0000,7000.0,0.0,3.000,196608.0,0.000,0,0,196608,2,0,0,1,1,1
1,inter_out,f32,16384,glibc_t2,P6,11,2,1,6190.00,0.0000,0.0000,7000.0,0.0,2.000,131072.0,0.000,0,0,131072,1,1,0,1,1,1
1,inter_out,f32,16384,glibc_t2,P5,12,0,1,7981.00,0.0000,0.0000,9000.0,0.0,3.000,196608.0,0.000,0,0,196608,2,0,0,1,1,1
1,inter_out,f32,16384,glibc_t2,P6,12,1,1,7752.00,0.0000,0.0000,8000.0,0.0,2.000,131072.0,0.000,0,0,131072,1,1,0,1,1,1
1,inter_out,f32,16384,glibc_t2,FIXED_TWIN,12,2,1,8418.00,0.0000,0.0000,9000.0,0.0,2.000,131072.0,0.000,0,0,131072,1,1,0,1,1,1
1,inter_out,f32,16384,glibc_t2,P6,13,0,1,6320.00,0.0000,0.0000,7000.0,0.0,2.000,131072.0,0.000,0,0,131072,1,1,0,1,1,1
1,inter_out,f32,16384,glibc_t2,FIXED_TWIN,13,1,1,6309.00,0.0000,0.0000,6000.0,0.0,2.000,131072.0,0.000,0,0,131072,1,1,0,1,1,1
1,inter_out,f32,16384,glibc_t2,P5,13,2,1,6629.00,0.0000,0.0000,7000.0,0.0,3.000,196608.0,0.000,0,0,196608,2,0,0,1,1,1
1,inter_out,f32,16384,glibc_t2,FIXED_TWIN,14,0,1,7943.00,0.0000,0.0000,8000.0,0.0,2.000,131072.0,0.000,0,0,131072,1,1,0,1,1,1
1,inter_out,f32,16384,glibc_t2,P5,14,1,1,6521.00,0.0000,0.0000,7000.0,0.0,3.000,196608.0,0.000,0,0,196608,2,0,0,1,1,1
1,inter_out,f32,16384,glibc_t2,P6,14,2,1,6183.00,0.0000,0.0000,7000.0,0.0,2.000,131072.0,0.000,0,0,131072,1,1,0,1,1,1
1,inter_out,f32,65536,glibc_t2,P5,0,0,1,248318.00,195.0000,0.0000,108000.0,143000.0,3.000,786432.0,0.000,0,0,786432,2,0,0,1,1,1
1,inter_out,f32,65536,glibc_t2,P6,0,1,1,185531.00,130.0000,0.0000,80000.0,107000.0,2.000,524288.0,0.000,0,0,524288,1,1,0,1,1,1
1,inter_out,f32,65536,glibc_t2,FIXED_TWIN,0,2,1,167846.00,130.0000,0.0000,73000.0,96000.0,2.000,524288.0,0.000,0,0,524288,1,1,0,1,1,1
1,inter_out,f32,65536,glibc_t2,P6,1,0,1,199091.00,130.0000,0.0000,0.0,201000.0,2.000,524288.0,0.000,0,0,524288,1,1,0,1,1,1
1,inter_out,f32,65536,glibc_t2,FIXED_TWIN,1,1,1,165265.00,130.0000,0.0000,0.0,166000.0,2.000,524288.0,0.000,0,0,524288,1,1,0,1,1,1
1,inter_out,f32,65536,glibc_t2,P5,1,2,1,244075.00,195.0000,0.0000,0.0,246000.0,3.000,786432.0,0.000,0,0,786432,2,0,0,1,1,1
1,inter_out,f32,65536,glibc_t2,FIXED_TWIN,2,0,1,191702.00,130.0000,0.0000,0.0,193000.0,2.000,524288.0,0.000,0,0,524288,1,1,0,1,1,1
1,inter_out,f32,65536,glibc_t2,P5,2,1,1,246306.00,195.0000,0.0000,0.0,248000.0,3.000,786432.0,0.000,0,0,786432,2,0,0,1,1,1
1,inter_out,f32,65536,glibc_t2,P6,2,2,1,167465.00,130.0000,0.0000,0.0,169000.0,2.000,524288.0,0.000,0,0,524288,1,1,0,1,1,1
1,inter_out,f32,65536,glibc_t2,P5,3,0,1,899609.00,195.0000,0.0000,0.0,902000.0,3.000,786432.0,0.000,0,0,786432,2,0,0,1,1,1
1,inter_out,f32,65536,glibc_t2,P6,3,1,1,655972.00,130.0000,0.0000,0.0,658000.0,2.000,524288.0,0.000,0,0,524288,1,1,0,1,1,1
1,inter_out,f32,65536,glibc_t2,FIXED_TWIN,3,2,1,168852.00,130.0000,0.0000,0.0,170000.0,2.000,524288.0,0.000,0,0,524288,1,1,0,1,1,1
1,inter_out,f32,65536,glibc_t2,P6,4,0,1,188841.00,130.0000,0.0000,0.0,190000.0,2.000,524288.0,0.000,0,0,524288,1,1,0,1,1,1
1,inter_out,f32,65536,glibc_t2,FIXED_TWIN,4,1,1,169625.00,130.0000,0.0000,0.0,171000.0,2.000,524288.0,0.000,0,0,524288,1,1,0,1,1,1
1,inter_out,f32,65536,glibc_t2,P5,4,2,1,243472.00,195.0000,0.0000,0.0,245000.0,3.000,786432.0,0.000,0,0,786432,2,0,0,1,1,1
1,inter_out,f32,65536,glibc_t2,FIXED_TWIN,5,0,1,187106.00,130.0000,0.0000,0.0,189000.0,2.000,524288.0,0.000,0,0,524288,1,1,0,1,1,1
1,inter_out,f32,65536,glibc_t2,P5,5,1,1,242245.00,195.0000,0.0000,0.0,243000.0,3.000,786432.0,0.000,0,0,786432,2,0,0,1,1,1
1,inter_out,f32,65536,glibc_t2,P6,5,2,1,169050.00,130.0000,0.0000,0.0,170000.0,2.000,524288.0,0.000,0,0,524288,1,1,0,1,1,1
1,inter_out,f32,65536,glibc_t2,P5,6,0,1,266076.00,195.0000,0.0000,0.0,267000.0,3.000,786432.0,0.000,0,0,786432,2,0,0,1,1,1
1,inter_out,f32,65536,glibc_t2,P6,6,1,1,165519.00,130.0000,0.0000,0.0,167000.0,2.000,524288.0,0.000,0,0,524288,1,1,0,1,1,1
1,inter_out,f32,65536,glibc_t2,FIXED_TWIN,6,2,1,170853.00,130.0000,0.0000,0.0,172000.0,2.000,524288.0,0.000,0,0,524288,1,1,0,1,1,1
1,inter_out,f32,65536,glibc_t2,P6,7,0,1,212902.00,130.0000,0.0000,0.0,215000.0,2.000,524288.0,0.000,0,0,524288,1,1,0,1,1,1
1,inter_out,f32,65536,glibc_t2,FIXED_TWIN,7,1,1,231060.00,130.0000,0.0000,0.0,234000.0,2.000,524288.0,0.000,0,0,524288,1,1,0,1,1,1
1,inter_out,f32,65536,glibc_t2,P5,7,2,1,288495.00,195.0000,0.0000,0.0,290000.0,3.000,786432.0,0.000,0,0,786432,2,0,0,1,1,1
1,inter_out,f32,65536,glibc_t2,FIXED_TWIN,8,0,1,176817.00,130.0000,0.0000,0.0,179000.0,2.000,524288.0,0.000,0,0,524288,1,1,0,1,1,1
1,inter_out,f32,65536,glibc_t2,P5,8,1,1,270122.00,195.0000,0.0000,0.0,271000.0,3.000,786432.0,0.000,0,0,786432,2,0,0,1,1,1
1,inter_out,f32,65536,glibc_t2,P6,8,2,1,166762.00,130.0000,0.0000,0.0,169000.0,2.000,524288.0,0.000,0,0,524288,1,1,0,1,1,1
1,inter_out,f32,65536,glibc_t2,P5,9,0,1,250981.00,195.0000,0.0000,0.0,252000.0,3.000,786432.0,0.000,0,0,786432,2,0,0,1,1,1
1,inter_out,f32,65536,glibc_t2,P6,9,1,1,251041.00,130.0000,0.0000,7000.0,246000.0,2.000,524288.0,0.000,0,0,524288,1,1,0,1,1,1
1,inter_out,f32,65536,glibc_t2,FIXED_TWIN,9,2,1,168377.00,130.0000,0.0000,170000.0,0.0,2.000,524288.0,0.000,0,0,524288,1,1,0,1,1,1
1,inter_out,f32,65536,glibc_t2,P6,10,0,1,174004.00,130.0000,0.0000,176000.0,0.0,2.000,524288.0,0.000,0,0,524288,1,1,0,1,1,1
1,inter_out,f32,65536,glibc_t2,FIXED_TWIN,10,1,1,166286.00,130.0000,0.0000,167000.0,0.0,2.000,524288.0,0.000,0,0,524288,1,1,0,1,1,1
1,inter_out,f32,65536,glibc_t2,P5,10,2,1,244069.00,195.0000,0.0000,246000.0,0.0,3.000,786432.0,0.000,0,0,786432,2,0,0,1,1,1
1,inter_out,f32,65536,glibc_t2,FIXED_TWIN,11,0,1,172998.00,130.0000,0.0000,175000.0,0.0,2.000,524288.0,0.000,0,0,524288,1,1,0,1,1,1
1,inter_out,f32,65536,glibc_t2,P5,11,1,1,242454.00,195.0000,0.0000,243000.0,0.0,3.000,786432.0,0.000,0,0,786432,2,0,0,1,1,1
1,inter_out,f32,65536,glibc_t2,P6,11,2,1,179746.00,130.0000,0.0000,0.0,181000.0,2.000,524288.0,0.000,0,0,524288,1,1,0,1,1,1
1,inter_out,f32,65536,glibc_t2,P5,12,0,1,251831.00,195.0000,0.0000,0.0,253000.0,3.000,786432.0,0.000,0,0,786432,2,0,0,1,1,1
1,inter_out,f32,65536,glibc_t2,P6,12,1,1,164526.00,130.0000,0.0000,0.0,166000.0,2.000,524288.0,0.000,0,0,524288,1,1,0,1,1,1
1,inter_out,f32,65536,glibc_t2,FIXED_TWIN,12,2,1,167273.00,130.0000,0.0000,0.0,169000.0,2.000,524288.0,0.000,0,0,524288,1,1,0,1,1,1
1,inter_out,f32,65536,glibc_t2,P6,13,0,1,183409.00,130.0000,0.0000,0.0,185000.0,2.000,524288.0,0.000,0,0,524288,1,1,0,1,1,1
1,inter_out,f32,65536,glibc_t2,FIXED_TWIN,13,1,1,169431.00,130.0000,0.0000,0.0,172000.0,2.000,524288.0,0.000,0,0,524288,1,1,0,1,1,1
1,inter_out,f32,65536,glibc_t2,P5,13,2,1,246360.00,195.0000,0.0000,248000.0,0.0,3.000,786432.0,0.000,0,0,786432,2,0,0,1,1,1
1,inter_out,f32,65536,glibc_t2,FIXED_TWIN,14,0,1,188178.00,130.0000,0.0000,189000.0,0.0,2.000,524288.0,0.000,0,0,524288,1,1,0,1,1,1
1,inter_out,f32,65536,glibc_t2,P5,14,1,1,384351.00,195.0000,0.0000,386000.0,0.0,3.000,786432.0,0.000,0,0,786432,2,0,0,1,1,1
1,inter_out,f32,65536,glibc_t2,P6,14,2,1,287424.00,130.0000,0.0000,0.0,290000.0,2.000,524288.0,0.000,0,0,524288,1,1,0,1,1,1
1,inter_out,f32,262144,glibc_t2,P5,0,0,1,1176584.00,771.0000,0.0000,1180000.0,0.0,3.000,3145728.0,0.000,0,0,3145728,2,0,0,1,1,1
1,inter_out,f32,262144,glibc_t2,P6,0,1,1,795468.00,514.0000,0.0000,799000.0,0.0,2.000,2097152.0,0.000,0,0,2097152,1,1,0,1,1,1
1,inter_out,f32,262144,glibc_t2,FIXED_TWIN,0,2,1,780437.00,514.0000,0.0000,783000.0,0.0,2.000,2097152.0,0.000,0,0,2097152,1,1,0,1,1,1
1,inter_out,f32,262144,glibc_t2,P6,1,0,1,1106164.00,514.0000,0.0000,894000.0,0.0,2.000,2097152.0,0.000,0,0,2097152,1,1,0,1,1,1
1,inter_out,f32,262144,glibc_t2,FIXED_TWIN,1,1,1,795728.00,514.0000,0.0000,799000.0,0.0,2.000,2097152.0,0.000,0,0,2097152,1,1,0,1,1,1
1,inter_out,f32,262144,glibc_t2,P5,1,2,1,1092224.00,771.0000,0.0000,1094000.0,0.0,3.000,3145728.0,0.000,0,0,3145728,2,0,0,1,1,1
1,inter_out,f32,262144,glibc_t2,FIXED_TWIN,2,0,1,773852.00,514.0000,0.0000,230000.0,546000.0,2.000,2097152.0,0.000,0,0,2097152,1,1,0,1,1,1
1,inter_out,f32,262144,glibc_t2,P5,2,1,1,1123090.00,771.0000,0.0000,0.0,1125000.0,3.000,3145728.0,0.000,0,0,3145728,2,0,0,1,1,1
1,inter_out,f32,262144,glibc_t2,P6,2,2,1,1309996.00,514.0000,0.0000,209000.0,1105000.0,2.000,2097152.0,0.000,0,0,2097152,1,1,0,1,1,1
1,inter_out,f32,262144,glibc_t2,P5,3,0,1,1142456.00,771.0000,0.0000,0.0,1145000.0,3.000,3145728.0,0.000,0,0,3145728,2,0,0,1,1,1
1,inter_out,f32,262144,glibc_t2,P6,3,1,1,784959.00,514.0000,0.0000,88000.0,699000.0,2.000,2097152.0,0.000,0,0,2097152,1,1,0,1,1,1
1,inter_out,f32,262144,glibc_t2,FIXED_TWIN,3,2,1,777948.00,514.0000,0.0000,0.0,780000.0,2.000,2097152.0,0.000,0,0,2097152,1,1,0,1,1,1
1,inter_out,f32,262144,glibc_t2,P6,4,0,1,862492.00,514.0000,0.0000,373000.0,492000.0,2.000,2097152.0,0.000,0,0,2097152,1,1,0,1,1,1
1,inter_out,f32,262144,glibc_t2,FIXED_TWIN,4,1,1,785629.00,514.0000,0.0000,789000.0,0.0,2.000,2097152.0,0.000,0,0,2097152,1,1,0,1,1,1
1,inter_out,f32,262144,glibc_t2,P5,4,2,1,1100853.00,771.0000,0.0000,475000.0,628000.0,3.000,3145728.0,0.000,0,0,3145728,2,0,0,1,1,1
1,inter_out,f32,262144,glibc_t2,FIXED_TWIN,5,0,1,773183.00,514.0000,0.0000,334000.0,441000.0,2.000,2097152.0,0.000,0,0,2097152,1,1,0,1,1,1
1,inter_out,f32,262144,glibc_t2,P5,5,1,1,1119059.00,771.0000,0.0000,1121000.0,0.0,3.000,3145728.0,0.000,0,0,3145728,2,0,0,1,1,1
1,inter_out,f32,262144,glibc_t2,P6,5,2,1,820378.00,514.0000,0.0000,0.0,823000.0,2.000,2097152.0,0.000,0,0,2097152,1,1,0,1,1,1
1,inter_out,f32,262144,glibc_t2,P5,6,0,1,1135619.00,771.0000,0.0000,0.0,1138000.0,3.000,3145728.0,0.000,0,0,3145728,2,0,0,1,1,1
1,inter_out,f32,262144,glibc_t2,P6,6,1,1,794896.00,514.0000,0.0000,0.0,798000.0,2.000,2097152.0,0.000,0,0,2097152,1,1,0,1,1,1
1,inter_out,f32,262144,glibc_t2,FIXED_TWIN,6,2,1,785958.00,514.0000,0.0000,0.0,789000.0,2.000,2097152.0,0.000,0,0,2097152,1,1,0,1,1,1
1,inter_out,f32,262144,glibc_t2,P6,7,0,1,781228.00,514.0000,0.0000,236000.0,549000.0,2.000,2097152.0,0.000,0,0,2097152,1,1,0,1,1,1
1,inter_out,f32,262144,glibc_t2,FIXED_TWIN,7,1,1,857671.00,514.0000,0.0000,860000.0,0.0,2.000,2097152.0,0.000,0,0,2097152,1,1,0,1,1,1
1,inter_out,f32,262144,glibc_t2,P5,7,2,1,1232050.00,771.0000,0.0000,532000.0,703000.0,3.000,3145728.0,0.000,0,0,3145728,2,0,0,1,1,1
1,inter_out,f32,262144,glibc_t2,FIXED_TWIN,8,0,1,808544.00,514.0000,0.0000,0.0,811000.0,2.000,2097152.0,0.000,0,0,2097152,1,1,0,1,1,1
1,inter_out,f32,262144,glibc_t2,P5,8,1,1,1096439.00,771.0000,0.0000,0.0,1098000.0,3.000,3145728.0,0.000,0,0,3145728,2,0,0,1,1,1
1,inter_out,f32,262144,glibc_t2,P6,8,2,1,784739.00,514.0000,0.0000,788000.0,0.0,2.000,2097152.0,0.000,0,0,2097152,1,1,0,1,1,1
1,inter_out,f32,262144,glibc_t2,P5,9,0,1,1094156.00,771.0000,0.0000,420000.0,676000.0,3.000,3145728.0,0.000,0,0,3145728,2,0,0,1,1,1
1,inter_out,f32,262144,glibc_t2,P6,9,1,1,773887.00,514.0000,0.0000,335000.0,442000.0,2.000,2097152.0,0.000,0,0,2097152,1,1,0,1,1,1
1,inter_out,f32,262144,glibc_t2,FIXED_TWIN,9,2,1,930994.00,514.0000,0.0000,934000.0,0.0,2.000,2097152.0,0.000,0,0,2097152,1,1,0,1,1,1
1,inter_out,f32,262144,glibc_t2,P6,10,0,1,839799.00,514.0000,0.0000,298000.0,545000.0,2.000,2097152.0,0.000,0,0,2097152,1,1,0,1,1,1
1,inter_out,f32,262144,glibc_t2,FIXED_TWIN,10,1,1,810917.00,514.0000,0.0000,0.0,814000.0,2.000,2097152.0,0.000,0,0,2097152,1,1,0,1,1,1
1,inter_out,f32,262144,glibc_t2,P5,10,2,1,1095635.00,771.0000,0.0000,11000.0,1087000.0,3.000,3145728.0,0.000,0,0,3145728,2,0,0,1,1,1
1,inter_out,f32,262144,glibc_t2,FIXED_TWIN,11,0,1,782515.00,514.0000,0.0000,787000.0,0.0,2.000,2097152.0,0.000,0,0,2097152,1,1,0,1,1,1
1,inter_out,f32,262144,glibc_t2,P5,11,1,1,1164250.00,771.0000,0.0000,0.0,1166000.0,3.000,3145728.0,0.000,0,0,3145728,2,0,0,1,1,1
1,inter_out,f32,262144,glibc_t2,P6,11,2,1,782546.00,514.0000,0.0000,0.0,785000.0,2.000,2097152.0,0.000,0,0,2097152,1,1,0,1,1,1
1,inter_out,f32,262144,glibc_t2,P5,12,0,1,1425583.00,771.0000,0.0000,1429000.0,0.0,3.000,3145728.0,0.000,0,0,3145728,2,0,0,1,1,1
1,inter_out,f32,262144,glibc_t2,P6,12,1,1,801843.00,514.0000,0.0000,806000.0,0.0,2.000,2097152.0,0.000,0,0,2097152,1,1,0,1,1,1
1,inter_out,f32,262144,glibc_t2,FIXED_TWIN,12,2,1,853680.00,514.0000,0.0000,0.0,857000.0,2.000,2097152.0,0.000,0,0,2097152,1,1,0,1,1,1
1,inter_out,f32,262144,glibc_t2,P6,13,0,1,777858.00,514.0000,0.0000,0.0,782000.0,2.000,2097152.0,0.000,0,0,2097152,1,1,0,1,1,1
1,inter_out,f32,262144,glibc_t2,FIXED_TWIN,13,1,1,837610.00,514.0000,0.0000,840000.0,0.0,2.000,2097152.0,0.000,0,0,2097152,1,1,0,1,1,1
1,inter_out,f32,262144,glibc_t2,P5,13,2,1,1181121.00,771.0000,0.0000,0.0,1183000.0,3.000,3145728.0,0.000,0,0,3145728,2,0,0,1,1,1
1,inter_out,f32,262144,glibc_t2,FIXED_TWIN,14,0,1,813953.00,514.0000,0.0000,0.0,816000.0,2.000,2097152.0,0.000,0,0,2097152,1,1,0,1,1,1
1,inter_out,f32,262144,glibc_t2,P5,14,1,1,1129831.00,771.0000,0.0000,1132000.0,0.0,3.000,3145728.0,0.000,0,0,3145728,2,0,0,1,1,1
1,inter_out,f32,262144,glibc_t2,P6,14,2,1,909645.00,514.0000,0.0000,0.0,913000.0,2.000,2097152.0,0.000,0,0,2097152,1,1,0,1,1,1
1,inter_out,f32,1048576,glibc_t2,P5,0,0,1,4531214.00,3075.0000,0.0000,232000.0,4306000.0,3.000,12582912.0,0.000,0,0,12582912,2,0,0,1,1,1
1,inter_out,f32,1048576,glibc_t2,P6,0,1,1,3386762.00,2050.0000,0.0000,0.0,3392000.0,2.000,8388608.0,0.000,0,0,8388608,1,1,0,1,1,1
1,inter_out,f32,1048576,glibc_t2,FIXED_TWIN,0,2,1,4395800.00,2050.0000,0.0000,261000.0,4139000.0,2.000,8388608.0,0.000,0,0,8388608,1,1,0,1,1,1
1,inter_out,f32,1048576,glibc_t2,P6,1,0,1,3370045.00,2050.0000,0.0000,1454000.0,1921000.0,2.000,8388608.0,0.000,0,0,8388608,1,1,0,1,1,1
1,inter_out,f32,1048576,glibc_t2,FIXED_TWIN,1,1,1,3325813.00,2050.0000,0.0000,0.0,3329000.0,2.000,8388608.0,0.000,0,0,8388608,1,1,0,1,1,1
1,inter_out,f32,1048576,glibc_t2,P5,1,2,1,4970444.00,3075.0000,0.0000,4419000.0,554000.0,3.000,12582912.0,0.000,0,0,12582912,2,0,0,1,1,1
1,inter_out,f32,1048576,glibc_t2,FIXED_TWIN,2,0,1,3267824.00,2050.0000,0.0000,0.0,3271000.0,2.000,8388608.0,0.000,0,0,8388608,1,1,0,1,1,1
1,inter_out,f32,1048576,glibc_t2,P5,2,1,1,4775182.00,3075.0000,0.0000,336000.0,4443000.0,3.000,12582912.0,0.000,0,0,12582912,2,0,0,1,1,1
1,inter_out,f32,1048576,glibc_t2,P6,2,2,1,3254475.00,2050.0000,0.0000,0.0,3258000.0,2.000,8388608.0,0.000,0,0,8388608,1,1,0,1,1,1
1,inter_out,f32,1048576,glibc_t2,P5,3,0,1,4581753.00,3075.0000,0.0000,252000.0,4332000.0,3.000,12582912.0,0.000,0,0,12582912,2,0,0,1,1,1
1,inter_out,f32,1048576,glibc_t2,P6,3,1,1,3378084.00,2050.0000,0.0000,0.0,3382000.0,2.000,8388608.0,0.000,0,0,8388608,1,1,0,1,1,1
1,inter_out,f32,1048576,glibc_t2,FIXED_TWIN,3,2,1,3367132.00,2050.0000,0.0000,0.0,3370000.0,2.000,8388608.0,0.000,0,0,8388608,1,1,0,1,1,1
1,inter_out,f32,1048576,glibc_t2,P6,4,0,1,3315728.00,2050.0000,0.0000,0.0,3320000.0,2.000,8388608.0,0.000,0,0,8388608,1,1,0,1,1,1
1,inter_out,f32,1048576,glibc_t2,FIXED_TWIN,4,1,1,3225853.00,2050.0000,0.0000,1392000.0,1838000.0,2.000,8388608.0,0.000,0,0,8388608,1,1,0,1,1,1
1,inter_out,f32,1048576,glibc_t2,P5,4,2,1,5013520.00,3075.0000,0.0000,4437000.0,579000.0,3.000,12582912.0,0.000,0,0,12582912,2,0,0,1,1,1
1,inter_out,f32,1048576,glibc_t2,FIXED_TWIN,5,0,1,3243122.00,2050.0000,0.0000,1962000.0,1284000.0,2.000,8388608.0,0.000,0,0,8388608,1,1,0,1,1,1
1,inter_out,f32,1048576,glibc_t2,P5,5,1,1,4743176.00,3075.0000,0.0000,4321000.0,425000.0,3.000,12582912.0,0.000,0,0,12582912,2,0,0,1,1,1
1,inter_out,f32,1048576,glibc_t2,P6,5,2,1,3278039.00,2050.0000,0.0000,0.0,3281000.0,2.000,8388608.0,0.000,0,0,8388608,1,1,0,1,1,1
1,inter_out,f32,1048576,glibc_t2,P5,6,0,1,4706493.00,3075.0000,0.0000,0.0,4708000.0,3.000,12582912.0,0.000,0,0,12582912,2,0,0,1,1,1
1,inter_out,f32,1048576,glibc_t2,P6,6,1,1,3270432.00,2050.0000,0.0000,0.0,3274000.0,2.000,8388608.0,0.000,0,0,8388608,1,1,0,1,1,1
1,inter_out,f32,1048576,glibc_t2,FIXED_TWIN,6,2,1,3354616.00,2050.0000,0.0000,0.0,3359000.0,2.000,8388608.0,0.000,0,0,8388608,1,1,0,1,1,1
1,inter_out,f32,1048576,glibc_t2,P6,7,0,1,3349961.00,2050.0000,0.0000,0.0,3353000.0,2.000,8388608.0,0.000,0,0,8388608,1,1,0,1,1,1
1,inter_out,f32,1048576,glibc_t2,FIXED_TWIN,7,1,1,3291371.00,2050.0000,0.0000,3295000.0,0.0,2.000,8388608.0,0.000,0,0,8388608,1,1,0,1,1,1
1,inter_out,f32,1048576,glibc_t2,P5,7,2,1,5050480.00,3075.0000,0.0000,454000.0,4599000.0,3.000,12582912.0,0.000,0,0,12582912,2,0,0,1,1,1
1,inter_out,f32,1048576,glibc_t2,FIXED_TWIN,8,0,1,3316531.00,2050.0000,0.0000,0.0,3320000.0,2.000,8388608.0,0.000,0,0,8388608,1,1,0,1,1,1
1,inter_out,f32,1048576,glibc_t2,P5,8,1,1,5249187.00,3075.0000,0.0000,540000.0,4712000.0,3.000,12582912.0,0.000,0,0,12582912,2,0,0,1,1,1
1,inter_out,f32,1048576,glibc_t2,P6,8,2,1,3548815.00,2050.0000,0.0000,0.0,3463000.0,2.000,8388608.0,0.000,0,0,8388608,1,1,0,1,1,1
1,inter_out,f32,1048576,glibc_t2,P5,9,0,1,4875275.00,3075.0000,0.0000,379000.0,4499000.0,3.000,12582912.0,0.000,0,0,12582912,2,0,0,1,1,1
1,inter_out,f32,1048576,glibc_t2,P6,9,1,1,3327563.00,2050.0000,0.0000,3331000.0,0.0,2.000,8388608.0,0.000,0,0,8388608,1,1,0,1,1,1
1,inter_out,f32,1048576,glibc_t2,FIXED_TWIN,9,2,1,3236764.00,2050.0000,0.0000,1396000.0,1843000.0,2.000,8388608.0,0.000,0,0,8388608,1,1,0,1,1,1
1,inter_out,f32,1048576,glibc_t2,P6,10,0,1,3256649.00,2050.0000,0.0000,0.0,3262000.0,2.000,8388608.0,0.000,0,0,8388608,1,1,0,1,1,1
1,inter_out,f32,1048576,glibc_t2,FIXED_TWIN,10,1,1,3258553.00,2050.0000,0.0000,1692000.0,1570000.0,2.000,8388608.0,0.000,0,0,8388608,1,1,0,1,1,1
1,inter_out,f32,1048576,glibc_t2,P5,10,2,1,5044805.00,3075.0000,0.0000,451000.0,4596000.0,3.000,12582912.0,0.000,0,0,12582912,2,0,0,1,1,1
1,inter_out,f32,1048576,glibc_t2,FIXED_TWIN,11,0,1,3261582.00,2050.0000,0.0000,2015000.0,1249000.0,2.000,8388608.0,0.000,0,0,8388608,1,1,0,1,1,1
1,inter_out,f32,1048576,glibc_t2,P5,11,1,1,4753838.00,3075.0000,0.0000,326000.0,4430000.0,3.000,12582912.0,0.000,0,0,12582912,2,0,0,1,1,1
1,inter_out,f32,1048576,glibc_t2,P6,11,2,1,3325696.00,2050.0000,0.0000,1434000.0,1894000.0,2.000,8388608.0,0.000,0,0,8388608,1,1,0,1,1,1
1,inter_out,f32,1048576,glibc_t2,P5,12,0,1,5028053.00,3075.0000,0.0000,2721000.0,2311000.0,3.000,12582912.0,0.000,0,0,12582912,2,0,0,1,1,1
1,inter_out,f32,1048576,glibc_t2,P6,12,1,1,3351330.00,2050.0000,0.0000,0.0,3354000.0,2.000,8388608.0,0.000,0,0,8388608,1,1,0,1,1,1
1,inter_out,f32,1048576,glibc_t2,FIXED_TWIN,12,2,1,3286774.00,2050.0000,0.0000,0.0,3289000.0,2.000,8388608.0,0.000,0,0,8388608,1,1,0,1,1,1
1,inter_out,f32,1048576,glibc_t2,P6,13,0,1,3310438.00,2050.0000,0.0000,1428000.0,1886000.0,2.000,8388608.0,0.000,0,0,8388608,1,1,0,1,1,1
1,inter_out,f32,1048576,glibc_t2,FIXED_TWIN,13,1,1,3387174.00,2050.0000,0.0000,0.0,3390000.0,2.000,8388608.0,0.000,0,0,8388608,1,1,0,1,1,1
1,inter_out,f32,1048576,glibc_t2,P5,13,2,1,5171764.00,3075.0000,0.0000,0.0,5174000.0,3.000,12582912.0,0.000,0,0,12582912,2,0,0,1,1,1
1,inter_out,f32,1048576,glibc_t2,FIXED_TWIN,14,0,1,3645299.00,2050.0000,0.0000,3650000.0,0.0,2.000,8388608.0,0.000,0,0,8388608,1,1,0,1,1,1
1,inter_out,f32,1048576,glibc_t2,P5,14,1,1,4859804.00,3075.0000,0.0000,0.0,4863000.0,3.000,12582912.0,0.000,0,0,12582912,2,0,0,1,1,1
1,inter_out,f32,1048576,glibc_t2,P6,14,2,1,3357644.00,2050.0000,0.0000,3361000.0,0.0,2.000,8388608.0,0.000,0,0,8388608,1,1,0,1,1,1
1,inter_out,f32,4194304,glibc_t2,P5,0,0,1,28964545.00,12291.0000,0.0000,4408000.0,24538000.0,3.000,50331648.0,0.000,0,0,50331648,2,0,0,1,1,1
1,inter_out,f32,4194304,glibc_t2,P6,0,1,1,19706134.00,8194.0000,0.0000,7877000.0,11836000.0,2.000,33554432.0,0.000,0,0,33554432,1,1,0,1,1,1
1,inter_out,f32,4194304,glibc_t2,FIXED_TWIN,0,2,1,19572670.00,8194.0000,0.0000,11818000.0,7761000.0,2.000,33554432.0,0.000,0,0,33554432,1,1,0,1,1,1
1,inter_out,f32,4194304,glibc_t2,P6,1,0,1,18751680.00,8194.0000,0.0000,1189000.0,17570000.0,2.000,33554432.0,0.000,0,0,33554432,1,1,0,1,1,1
1,inter_out,f32,4194304,glibc_t2,FIXED_TWIN,1,1,1,18861030.00,8194.0000,0.0000,11511000.0,7356000.0,2.000,33554432.0,0.000,0,0,33554432,1,1,0,1,1,1
1,inter_out,f32,4194304,glibc_t2,P5,1,2,1,30217406.00,12291.0000,0.0000,16957000.0,13266000.0,3.000,50331648.0,0.000,0,0,50331648,2,0,0,1,1,1
1,inter_out,f32,4194304,glibc_t2,FIXED_TWIN,2,0,1,22293085.00,8194.0000,0.0000,3270000.0,19032000.0,2.000,33554432.0,0.000,0,0,33554432,1,1,0,1,1,1
1,inter_out,f32,4194304,glibc_t2,P5,2,1,1,31632138.00,12291.0000,0.0000,3845000.0,27793000.0,3.000,50331648.0,0.000,0,0,50331648,2,0,0,1,1,1
1,inter_out,f32,4194304,glibc_t2,P6,2,2,1,21724166.00,8194.0000,0.0000,4746000.0,16968000.0,2.000,33554432.0,0.000,0,0,33554432,1,1,0,1,1,1
1,inter_out,f32,4194304,glibc_t2,P5,3,0,1,29997912.00,12291.0000,0.0000,865000.0,29094000.0,3.000,50331648.0,0.000,0,0,50331648,2,0,0,1,1,1
1,inter_out,f32,4194304,glibc_t2,P6,3,1,1,23872606.00,8194.0000,0.0000,11878000.0,11932000.0,2.000,33554432.0,0.000,0,0,33554432,1,1,0,1,1,1
1,inter_out,f32,4194304,glibc_t2,FIXED_TWIN,3,2,1,20789619.00,8194.0000,0.0000,8342000.0,12453000.0,2.000,33554432.0,0.000,0,0,33554432,1,1,0,1,1,1
1,inter_out,f32,4194304,glibc_t2,P6,4,0,1,22922423.00,8194.0000,0.0000,3540000.0,19390000.0,2.000,33554432.0,0.000,0,0,33554432,1,1,0,1,1,1
1,inter_out,f32,4194304,glibc_t2,FIXED_TWIN,4,1,1,20404118.00,8194.0000,0.0000,2427000.0,17919000.0,2.000,33554432.0,0.000,0,0,33554432,1,1,0,1,1,1
1,inter_out,f32,4194304,glibc_t2,P5,4,2,1,29034576.00,12291.0000,0.0000,12384000.0,16592000.0,3.000,50331648.0,0.000,0,0,50331648,2,0,0,1,1,1
1,inter_out,f32,4194304,glibc_t2,FIXED_TWIN,5,0,1,20278583.00,8194.0000,0.0000,4104000.0,16137000.0,2.000,33554432.0,0.000,0,0,33554432,1,1,0,1,1,1
1,inter_out,f32,4194304,glibc_t2,P5,5,1,1,31115963.00,12291.0000,0.0000,7622000.0,23499000.0,3.000,50331648.0,0.000,0,0,50331648,2,0,0,1,1,1
1,inter_out,f32,4194304,glibc_t2,P6,5,2,1,21420789.00,8194.0000,0.0000,6892000.0,14536000.0,2.000,33554432.0,0.000,0,0,33554432,1,1,0,1,1,1
1,inter_out,f32,4194304,glibc_t2,P5,6,0,1,30115566.00,12291.0000,0.0000,916000.0,29206000.0,3.000,50331648.0,0.000,0,0,50331648,2,0,0,1,1,1
1,inter_out,f32,4194304,glibc_t2,P6,6,1,1,23587200.00,8194.0000,0.0000,7825000.0,15768000.0,2.000,33554432.0,0.000,0,0,33554432,1,1,0,1,1,1
1,inter_out,f32,4194304,glibc_t2,FIXED_TWIN,6,2,1,21927458.00,8194.0000,0.0000,8834000.0,13102000.0,2.000,33554432.0,0.000,0,0,33554432,1,1,0,1,1,1
1,inter_out,f32,4194304,glibc_t2,P6,7,0,1,20731066.00,8194.0000,0.0000,12317000.0,8420000.0,2.000,33554432.0,0.000,0,0,33554432,1,1,0,1,1,1
1,inter_out,f32,4194304,glibc_t2,FIXED_TWIN,7,1,1,21590785.00,8194.0000,0.0000,8644000.0,12909000.0,2.000,33554432.0,0.000,0,0,33554432,1,1,0,1,1,1
1,inter_out,f32,4194304,glibc_t2,P5,7,2,1,33133554.00,12291.0000,0.0000,6769000.0,26372000.0,3.000,50331648.0,0.000,0,0,50331648,2,0,0,1,1,1
1,inter_out,f32,4194304,glibc_t2,FIXED_TWIN,8,0,1,23906351.00,8194.0000,0.0000,7933000.0,15950000.0,2.000,33554432.0,0.000,0,0,33554432,1,1,0,1,1,1
1,inter_out,f32,4194304,glibc_t2,P5,8,1,1,31856038.00,12291.0000,0.0000,3942000.0,27919000.0,3.000,50331648.0,0.000,0,0,50331648,2,0,0,1,1,1
1,inter_out,f32,4194304,glibc_t2,P6,8,2,1,21071325.00,8194.0000,0.0000,14740000.0,6338000.0,2.000,33554432.0,0.000,0,0,33554432,1,1,0,1,1,1
1,inter_out,f32,4194304,glibc_t2,P5,9,0,1,29923275.00,12291.0000,0.0000,8832000.0,21097000.0,3.000,50331648.0,0.000,0,0,50331648,2,0,0,1,1,1
1,inter_out,f32,4194304,glibc_t2,P6,9,1,1,21317964.00,8194.0000,0.0000,4572000.0,16753000.0,2.000,33554432.0,0.000,0,0,33554432,1,1,0,1,1,1
1,inter_out,f32,4194304,glibc_t2,FIXED_TWIN,9,2,1,19847696.00,8194.0000,0.0000,7937000.0,11917000.0,2.000,33554432.0,0.000,0,0,33554432,1,1,0,1,1,1
1,inter_out,f32,4194304,glibc_t2,P6,10,0,1,20187924.00,8194.0000,0.0000,8084000.0,12111000.0,2.000,33554432.0,0.000,0,0,33554432,1,1,0,1,1,1
1,inter_out,f32,4194304,glibc_t2,FIXED_TWIN,10,1,1,22105896.00,8194.0000,0.0000,8911000.0,13203000.0,2.000,33554432.0,0.000,0,0,33554432,1,1,0,1,1,1
1,inter_out,f32,4194304,glibc_t2,P5,10,2,1,32157826.00,12291.0000,0.0000,4072000.0,28027000.0,3.000,50331648.0,0.000,0,0,50331648,2,0,0,1,1,1
1,inter_out,f32,4194304,glibc_t2,FIXED_TWIN,11,0,1,21911116.00,8194.0000,0.0000,4828000.0,17092000.0,2.000,33554432.0,0.000,0,0,33554432,1,1,0,1,1,1
1,inter_out,f32,4194304,glibc_t2,P5,11,1,1,30959402.00,12291.0000,0.0000,19553000.0,11412000.0,3.000,50331648.0,0.000,0,0,50331648,2,0,0,1,1,1
1,inter_out,f32,4194304,glibc_t2,P6,11,2,1,21456375.00,8194.0000,0.0000,8631000.0,12833000.0,2.000,33554432.0,0.000,0,0,33554432,1,1,0,1,1,1
1,inter_out,f32,4194304,glibc_t2,P5,12,0,1,30291814.00,12291.0000,0.0000,8990000.0,21308000.0,3.000,50331648.0,0.000,0,0,50331648,2,0,0,1,1,1
1,inter_out,f32,4194304,glibc_t2,P6,12,1,1,21643559.00,8194.0000,0.0000,2995000.0,18658000.0,2.000,33554432.0,0.000,0,0,33554432,1,1,0,1,1,1
1,inter_out,f32,4194304,glibc_t2,FIXED_TWIN,12,2,1,22033797.00,8194.0000,0.0000,881000.0,21161000.0,2.000,33554432.0,0.000,0,0,33554432,1,1,0,1,1,1
1,inter_out,f32,4194304,glibc_t2,P6,13,0,1,20553805.00,8194.0000,0.0000,12240000.0,8318000.0,2.000,33554432.0,0.000,0,0,33554432,1,1,0,1,1,1
1,inter_out,f32,4194304,glibc_t2,FIXED_TWIN,13,1,1,22586799.00,8194.0000,0.0000,7395000.0,15199000.0,2.000,33554432.0,0.000,0,0,33554432,1,1,0,1,1,1
1,inter_out,f32,4194304,glibc_t2,P5,13,2,1,30593547.00,12291.0000,0.0000,11397000.0,19202000.0,3.000,50331648.0,0.000,0,0,50331648,2,0,0,1,1,1
1,inter_out,f32,4194304,glibc_t2,FIXED_TWIN,14,0,1,21978445.00,8194.0000,0.0000,3133000.0,18852000.0,2.000,33554432.0,0.000,0,0,33554432,1,1,0,1,1,1
1,inter_out,f32,4194304,glibc_t2,P5,14,1,1,31642214.00,12291.0000,0.0000,13571000.0,18078000.0,3.000,50331648.0,0.000,0,0,50331648,2,0,0,1,1,1
1,inter_out,f32,4194304,glibc_t2,P6,14,2,1,24856637.00,8194.0000,0.0000,8373000.0,16492000.0,2.000,33554432.0,0.000,0,0,33554432,1,1,0,1,1,1
1,inter_out,f32,16777216,glibc_t2,P5,0,0,1,118689352.00,49155.0000,0.0000,39376000.0,79252000.0,3.000,201326592.0,0.000,0,0,201326592,2,0,0,1,1,1
1,inter_out,f32,16777216,glibc_t2,P6,0,1,1,101134482.00,32770.0000,0.0000,24492000.0,76650000.0,2.000,134217728.0,0.000,0,0,134217728,1,1,0,1,1,1
1,inter_out,f32,16777216,glibc_t2,FIXED_TWIN,0,2,1,87584088.00,32770.0000,0.0000,23827000.0,63764000.0,2.000,134217728.0,0.000,0,0,134217728,1,1,0,1,1,1
1,inter_out,f32,16777216,glibc_t2,P6,1,0,1,88591490.00,32770.0000,0.0000,32263000.0,56349000.0,2.000,134217728.0,0.000,0,0,134217728,1,1,0,1,1,1
1,inter_out,f32,16777216,glibc_t2,FIXED_TWIN,1,1,1,90997785.00,32770.0000,0.0000,19583000.0,71422000.0,2.000,134217728.0,0.000,0,0,134217728,1,1,0,1,1,1
1,inter_out,f32,16777216,glibc_t2,P5,1,2,1,117700063.00,49155.0000,0.0000,36734000.0,80973000.0,3.000,201326592.0,0.000,0,0,201326592,2,0,0,1,1,1
1,inter_out,f32,16777216,glibc_t2,FIXED_TWIN,2,0,1,87212206.00,32770.0000,0.0000,29381000.0,57838000.0,2.000,134217728.0,0.000,0,0,134217728,1,1,0,1,1,1
1,inter_out,f32,16777216,glibc_t2,P5,2,1,1,113787168.00,49155.0000,0.0000,28766000.0,85015000.0,3.000,201326592.0,0.000,0,0,201326592,2,0,0,1,1,1
1,inter_out,f32,16777216,glibc_t2,P6,2,2,1,87529334.00,32770.0000,0.0000,23803000.0,63732000.0,2.000,134217728.0,0.000,0,0,134217728,1,1,0,1,1,1
1,inter_out,f32,16777216,glibc_t2,P5,3,0,1,114162599.00,49155.0000,0.0000,28894000.0,85208000.0,3.000,201326592.0,0.000,0,0,201326592,2,0,0,1,1,1
1,inter_out,f32,16777216,glibc_t2,P6,3,1,1,88520489.00,32770.0000,0.0000,32226000.0,56261000.0,2.000,134217728.0,0.000,0,0,134217728,1,1,0,1,1,1
1,inter_out,f32,16777216,glibc_t2,FIXED_TWIN,3,2,1,88577504.00,32770.0000,0.0000,24252000.0,64332000.0,2.000,134217728.0,0.000,0,0,134217728,1,1,0,1,1,1
1,inter_out,f32,16777216,glibc_t2,P6,4,0,1,97271855.00,32770.0000,0.0000,32549000.0,64693000.0,2.000,134217728.0,0.000,0,0,134217728,1,1,0,1,1,1
1,inter_out,f32,16777216,glibc_t2,FIXED_TWIN,4,1,1,87682027.00,32770.0000,0.0000,31867000.0,55804000.0,2.000,134217728.0,0.000,0,0,134217728,1,1,0,1,1,1
1,inter_out,f32,16777216,glibc_t2,P5,4,2,1,116879550.00,49155.0000,0.0000,14671000.0,102168000.0,3.000,201326592.0,0.000,0,0,201326592,2,0,0,1,1,1
1,inter_out,f32,16777216,glibc_t2,FIXED_TWIN,5,0,1,90701749.00,32770.0000,0.0000,29134000.0,61548000.0,2.000,134217728.0,0.000,0,0,134217728,1,1,0,1,1,1
1,inter_out,f32,16777216,glibc_t2,P5,5,1,1,113704521.00,49155.0000,0.0000,24735000.0,88975000.0,3.000,201326592.0,0.000,0,0,201326592,2,0,0,1,1,1
1,inter_out,f32,16777216,glibc_t2,P6,5,2,1,87614532.00,32770.0000,0.0000,19841000.0,67771000.0,2.000,134217728.0,0.000,0,0,134217728,1,1,0,1,1,1
1,inter_out,f32,16777216,glibc_t2,P5,6,0,1,113765752.00,49155.0000,0.0000,20762000.0,93009000.0,3.000,201326592.0,0.000,0,0,201326592,2,0,0,1,1,1
1,inter_out,f32,16777216,glibc_t2,P6,6,1,1,86586567.00,32770.0000,0.0000,37109000.0,49483000.0,2.000,134217728.0,0.000,0,0,134217728,1,1,0,1,1,1
1,inter_out,f32,16777216,glibc_t2,FIXED_TWIN,6,2,1,86992233.00,32770.0000,0.0000,15574000.0,71386000.0,2.000,134217728.0,0.000,0,0,134217728,1,1,0,1,1,1
1,inter_out,f32,16777216,glibc_t2,P6,7,0,1,87146455.00,32770.0000,0.0000,27639000.0,59502000.0,2.000,134217728.0,0.000,0,0,134217728,1,1,0,1,1,1
1,inter_out,f32,16777216,glibc_t2,FIXED_TWIN,7,1,1,87337242.00,32770.0000,0.0000,31689000.0,55625000.0,2.000,134217728.0,0.000,0,0,134217728,1,1,0,1,1,1
1,inter_out,f32,16777216,glibc_t2,P5,7,2,1,113471337.00,49155.0000,0.0000,24561000.0,88775000.0,3.000,201326592.0,0.000,0,0,201326592,2,0,0,1,1,1
1,inter_out,f32,16777216,glibc_t2,FIXED_TWIN,8,0,1,86387713.00,32770.0000,0.0000,31313000.0,55081000.0,2.000,134217728.0,0.000,0,0,134217728,1,1,0,1,1,1
1,inter_out,f32,16777216,glibc_t2,P5,8,1,1,112701951.00,49155.0000,0.0000,20271000.0,92324000.0,3.000,201326592.0,0.000,0,0,201326592,2,0,0,1,1,1
1,inter_out,f32,16777216,glibc_t2,P6,8,2,1,87550242.00,32770.0000,0.0000,35807000.0,51741000.0,2.000,134217728.0,0.000,0,0,134217728,1,1,0,1,1,1
1,inter_out,f32,16777216,glibc_t2,P5,9,0,1,116857140.00,49155.0000,0.0000,20374000.0,96490000.0,3.000,201326592.0,0.000,0,0,201326592,2,0,0,1,1,1
1,inter_out,f32,16777216,glibc_t2,P6,9,1,1,87571476.00,32770.0000,0.0000,25532000.0,62045000.0,2.000,134217728.0,0.000,0,0,134217728,1,1,0,1,1,1
1,inter_out,f32,16777216,glibc_t2,FIXED_TWIN,9,2,1,87886487.00,32770.0000,0.0000,43880000.0,43940000.0,2.000,134217728.0,0.000,0,0,134217728,1,1,0,1,1,1
1,inter_out,f32,16777216,glibc_t2,P6,10,0,1,88348409.00,32770.0000,0.0000,38434000.0,49909000.0,2.000,134217728.0,0.000,0,0,134217728,1,1,0,1,1,1
1,inter_out,f32,16777216,glibc_t2,FIXED_TWIN,10,1,1,87682674.00,32770.0000,0.0000,27868000.0,59822000.0,2.000,134217728.0,0.000,0,0,134217728,1,1,0,1,1,1
1,inter_out,f32,16777216,glibc_t2,P5,10,2,1,119703586.00,49155.0000,0.0000,19880000.0,99802000.0,3.000,201326592.0,0.000,0,0,201326592,2,0,0,1,1,1
1,inter_out,f32,16777216,glibc_t2,FIXED_TWIN,11,0,1,89403061.00,32770.0000,0.0000,22893000.0,66516000.0,2.000,134217728.0,0.000,0,0,134217728,1,1,0,1,1,1
1,inter_out,f32,16777216,glibc_t2,P5,11,1,1,121654808.00,49155.0000,0.0000,26397000.0,93796000.0,3.000,201326592.0,0.000,0,0,201326592,2,0,0,1,1,1
1,inter_out,f32,16777216,glibc_t2,P6,11,2,1,92654219.00,32770.0000,0.0000,32284000.0,60377000.0,2.000,134217728.0,0.000,0,0,134217728,1,1,0,1,1,1
1,inter_out,f32,16777216,glibc_t2,P5,12,0,1,119291370.00,49155.0000,0.0000,23708000.0,95589000.0,3.000,201326592.0,0.000,0,0,201326592,2,0,0,1,1,1
1,inter_out,f32,16777216,glibc_t2,P6,12,1,1,91561409.00,32770.0000,0.0000,31817000.0,59752000.0,2.000,134217728.0,0.000,0,0,134217728,1,1,0,1,1,1
1,inter_out,f32,16777216,glibc_t2,FIXED_TWIN,12,2,1,88204735.00,32770.0000,0.0000,24092000.0,64119000.0,2.000,134217728.0,0.000,0,0,134217728,1,1,0,1,1,1
1,inter_out,f32,16777216,glibc_t2,P6,13,0,1,89701815.00,32770.0000,0.0000,31021000.0,58688000.0,2.000,134217728.0,0.000,0,0,134217728,1,1,0,1,1,1
1,inter_out,f32,16777216,glibc_t2,FIXED_TWIN,13,1,1,90051197.00,32770.0000,0.0000,27171000.0,62877000.0,2.000,134217728.0,0.000,0,0,134217728,1,1,0,1,1,1
1,inter_out,f32,16777216,glibc_t2,P5,13,2,1,115876422.00,49155.0000,0.0000,23949000.0,91924000.0,3.000,201326592.0,0.000,0,0,201326592,2,0,0,1,1,1
1,inter_out,f32,16777216,glibc_t2,FIXED_TWIN,14,0,1,90850450.00,32770.0000,0.0000,33214000.0,57621000.0,2.000,134217728.0,0.000,0,0,134217728,1,1,0,1,1,1
1,inter_out,f32,16777216,glibc_t2,P5,14,1,1,122985442.00,49155.0000,0.0000,27572000.0,95346000.0,3.000,201326592.0,0.000,0,0,201326592,2,0,0,1,1,1
1,inter_out,f32,16777216,glibc_t2,P6,14,2,1,89639734.00,32770.0000,0.0000,32705000.0,56942000.0,2.000,134217728.0,0.000,0,0,134217728,1,1,0,1,1,1
1,after_use,f32,64,glibc_t2,P5,0,0,1000,3711.22,0.0000,0.0000,3715.0,0.0,2.000,512.0,0.000,0,0,512000,2,0,0,0,2,1
1,after_use,f32,64,glibc_t2,FIXED_TWIN,0,1,1000,3381.61,0.0000,0.0000,3385.0,0.0,2.000,512.0,0.000,0,0,512000,2,0,0,0,2,1
1,after_use,f32,64,glibc_t2,FIXED_TWIN,1,0,1000,3371.15,0.0000,0.0000,3373.0,0.0,2.000,512.0,0.000,0,0,512000,2,0,0,0,2,1
1,after_use,f32,64,glibc_t2,P5,1,1,1000,3427.85,0.0000,0.0000,3432.0,0.0,2.000,512.0,0.000,0,0,512000,2,0,0,0,2,1
1,after_use,f32,64,glibc_t2,P5,2,0,1000,3466.39,0.0000,0.0000,3469.0,0.0,2.000,512.0,0.000,0,0,512000,2,0,0,0,2,1
1,after_use,f32,64,glibc_t2,FIXED_TWIN,2,1,1000,3406.66,0.0000,0.0000,3409.0,0.0,2.000,512.0,0.000,0,0,512000,2,0,0,0,2,1
1,after_use,f32,64,glibc_t2,FIXED_TWIN,3,0,1000,3363.78,0.0000,0.0000,3367.0,0.0,2.000,512.0,0.000,0,0,512000,2,0,0,0,2,1
1,after_use,f32,64,glibc_t2,P5,3,1,1000,3428.85,0.0000,0.0000,3431.0,0.0,2.000,512.0,0.000,0,0,512000,2,0,0,0,2,1
1,after_use,f32,64,glibc_t2,P5,4,0,1000,3525.47,0.0000,0.0000,3530.0,0.0,2.000,512.0,0.000,0,0,512000,2,0,0,0,2,1
1,after_use,f32,64,glibc_t2,FIXED_TWIN,4,1,1000,3595.64,0.0000,0.0000,3510.0,0.0,2.000,512.0,0.000,0,0,512000,2,0,0,0,2,1
1,after_use,f32,64,glibc_t2,FIXED_TWIN,5,0,1000,3382.60,0.0000,0.0000,3385.0,0.0,2.000,512.0,0.000,0,0,512000,2,0,0,0,2,1
1,after_use,f32,64,glibc_t2,P5,5,1,1000,3352.61,0.0000,0.0000,3355.0,0.0,2.000,512.0,0.000,0,0,512000,2,0,0,0,2,1
1,after_use,f32,64,glibc_t2,P5,6,0,1000,3317.18,0.0000,0.0000,3320.0,0.0,2.000,512.0,0.000,0,0,512000,2,0,0,0,2,1
1,after_use,f32,64,glibc_t2,FIXED_TWIN,6,1,1000,3295.56,0.0000,0.0000,3297.0,0.0,2.000,512.0,0.000,0,0,512000,2,0,0,0,2,1
1,after_use,f32,64,glibc_t2,FIXED_TWIN,7,0,1000,3233.70,0.0000,0.0000,3234.0,0.0,2.000,512.0,0.000,0,0,512000,2,0,0,0,2,1
1,after_use,f32,64,glibc_t2,P5,7,1,1000,3257.43,0.0000,0.0000,3259.0,0.0,2.000,512.0,0.000,0,0,512000,2,0,0,0,2,1
1,after_use,f32,64,glibc_t2,P5,8,0,1000,3239.06,0.0000,0.0000,3242.0,0.0,2.000,512.0,0.000,0,0,512000,2,0,0,0,2,1
1,after_use,f32,64,glibc_t2,FIXED_TWIN,8,1,1000,3246.03,0.0000,0.0000,3247.0,0.0,2.000,512.0,0.000,0,0,512000,2,0,0,0,2,1
1,after_use,f32,64,glibc_t2,FIXED_TWIN,9,0,1000,3207.66,0.0000,0.0000,3209.0,0.0,2.000,512.0,0.000,0,0,512000,2,0,0,0,2,1
1,after_use,f32,64,glibc_t2,P5,9,1,1000,3269.68,0.0000,0.0000,3271.0,0.0,2.000,512.0,0.000,0,0,512000,2,0,0,0,2,1
1,after_use,f32,64,glibc_t2,P5,10,0,1000,3243.49,0.0000,0.0000,3244.0,0.0,2.000,512.0,0.000,0,0,512000,2,0,0,0,2,1
1,after_use,f32,64,glibc_t2,FIXED_TWIN,10,1,1000,3230.69,0.0000,0.0000,3232.0,0.0,2.000,512.0,0.000,0,0,512000,2,0,0,0,2,1
1,after_use,f32,64,glibc_t2,FIXED_TWIN,11,0,1000,3217.07,0.0000,0.0000,3218.0,0.0,2.000,512.0,0.000,0,0,512000,2,0,0,0,2,1
1,after_use,f32,64,glibc_t2,P5,11,1,1000,3192.93,0.0000,0.0000,3194.0,0.0,2.000,512.0,0.000,0,0,512000,2,0,0,0,2,1
1,after_use,f32,64,glibc_t2,P5,12,0,1000,3210.51,0.0000,0.0000,3212.0,0.0,2.000,512.0,0.000,0,0,512000,2,0,0,0,2,1
1,after_use,f32,64,glibc_t2,FIXED_TWIN,12,1,1000,3277.24,0.0000,0.0000,3279.0,0.0,2.000,512.0,0.000,0,0,512000,2,0,0,0,2,1
1,after_use,f32,64,glibc_t2,FIXED_TWIN,13,0,1000,3233.86,0.0000,0.0000,3235.0,0.0,2.000,512.0,0.000,0,0,512000,2,0,0,0,2,1
1,after_use,f32,64,glibc_t2,P5,13,1,1000,3228.19,0.0000,0.0000,3231.0,0.0,2.000,512.0,0.000,0,0,512000,2,0,0,0,2,1
1,after_use,f32,64,glibc_t2,P5,14,0,1000,3267.23,0.0000,0.0000,3268.0,0.0,2.000,512.0,0.000,0,0,512000,2,0,0,0,2,1
1,after_use,f32,64,glibc_t2,FIXED_TWIN,14,1,1000,3246.22,0.0000,0.0000,3247.0,0.0,2.000,512.0,0.000,0,0,512000,2,0,0,0,2,1
1,after_use,f32,1024,glibc_t2,P5,0,0,1000,3713.57,0.0000,0.0000,3718.0,0.0,2.000,8192.0,0.000,0,0,8192000,2,0,0,0,2,1
1,after_use,f32,1024,glibc_t2,FIXED_TWIN,0,1,1000,3766.10,0.0000,0.0000,3770.0,0.0,2.000,8192.0,0.000,0,0,8192000,2,0,0,0,2,1
1,after_use,f32,1024,glibc_t2,FIXED_TWIN,1,0,1000,3699.16,0.0000,0.0000,2833.0,869.0,2.000,8192.0,0.000,0,0,8192000,2,0,0,0,2,1
1,after_use,f32,1024,glibc_t2,P5,1,1,1000,3794.24,0.0000,0.0000,3796.0,0.0,2.000,8192.0,0.000,0,0,8192000,2,0,0,0,2,1
1,after_use,f32,1024,glibc_t2,P5,2,0,1000,3797.12,0.0000,0.0000,3801.0,0.0,2.000,8192.0,0.000,0,0,8192000,2,0,0,0,2,1
1,after_use,f32,1024,glibc_t2,FIXED_TWIN,2,1,1000,3782.41,0.0000,0.0000,3786.0,0.0,2.000,8192.0,0.000,0,0,8192000,2,0,0,0,2,1
1,after_use,f32,1024,glibc_t2,FIXED_TWIN,3,0,1000,3761.77,0.0000,0.0000,3765.0,0.0,2.000,8192.0,0.000,0,0,8192000,2,0,0,0,2,1
1,after_use,f32,1024,glibc_t2,P5,3,1,1000,3747.95,0.0000,0.0000,3749.0,0.0,2.000,8192.0,0.000,0,0,8192000,2,0,0,0,2,1
1,after_use,f32,1024,glibc_t2,P5,4,0,1000,3733.58,0.0000,0.0000,3736.0,0.0,2.000,8192.0,0.000,0,0,8192000,2,0,0,0,2,1
1,after_use,f32,1024,glibc_t2,FIXED_TWIN,4,1,1000,3794.33,0.0000,0.0000,3797.0,0.0,2.000,8192.0,0.000,0,0,8192000,2,0,0,0,2,1
1,after_use,f32,1024,glibc_t2,FIXED_TWIN,5,0,1000,3739.19,0.0000,0.0000,3742.0,0.0,2.000,8192.0,0.000,0,0,8192000,2,0,0,0,2,1
1,after_use,f32,1024,glibc_t2,P5,5,1,1000,3780.48,0.0000,0.0000,3784.0,0.0,2.000,8192.0,0.000,0,0,8192000,2,0,0,0,2,1
1,after_use,f32,1024,glibc_t2,P5,6,0,1000,3719.33,0.0000,0.0000,3721.0,0.0,2.000,8192.0,0.000,0,0,8192000,2,0,0,0,2,1
1,after_use,f32,1024,glibc_t2,FIXED_TWIN,6,1,1000,3715.05,0.0000,0.0000,3719.0,0.0,2.000,8192.0,0.000,0,0,8192000,2,0,0,0,2,1
1,after_use,f32,1024,glibc_t2,FIXED_TWIN,7,0,1000,3740.48,0.0000,0.0000,3743.0,0.0,2.000,8192.0,0.000,0,0,8192000,2,0,0,0,2,1
1,after_use,f32,1024,glibc_t2,P5,7,1,1000,3743.40,0.0000,0.0000,3746.0,0.0,2.000,8192.0,0.000,0,0,8192000,2,0,0,0,2,1
1,after_use,f32,1024,glibc_t2,P5,8,0,1000,3750.74,0.0000,0.0000,3754.0,0.0,2.000,8192.0,0.000,0,0,8192000,2,0,0,0,2,1
1,after_use,f32,1024,glibc_t2,FIXED_TWIN,8,1,1000,3691.12,0.0000,0.0000,3642.0,51.0,2.000,8192.0,0.000,0,0,8192000,2,0,0,0,2,1
1,after_use,f32,1024,glibc_t2,FIXED_TWIN,9,0,1000,3942.28,0.0000,0.0000,3947.0,0.0,2.000,8192.0,0.000,0,0,8192000,2,0,0,0,2,1
1,after_use,f32,1024,glibc_t2,P5,9,1,1000,3784.09,0.0000,0.0000,3788.0,0.0,2.000,8192.0,0.000,0,0,8192000,2,0,0,0,2,1
1,after_use,f32,1024,glibc_t2,P5,10,0,1000,3708.62,0.0000,0.0000,3712.0,0.0,2.000,8192.0,0.000,0,0,8192000,2,0,0,0,2,1
1,after_use,f32,1024,glibc_t2,FIXED_TWIN,10,1,1000,3778.74,0.0000,0.0000,3783.0,0.0,2.000,8192.0,0.000,0,0,8192000,2,0,0,0,2,1
1,after_use,f32,1024,glibc_t2,FIXED_TWIN,11,0,1000,3759.00,0.0000,0.0000,3761.0,0.0,2.000,8192.0,0.000,0,0,8192000,2,0,0,0,2,1
1,after_use,f32,1024,glibc_t2,P5,11,1,1000,3762.71,0.0000,0.0000,3766.0,0.0,2.000,8192.0,0.000,0,0,8192000,2,0,0,0,2,1
1,after_use,f32,1024,glibc_t2,P5,12,0,1000,3739.37,0.0000,0.0000,3742.0,0.0,2.000,8192.0,0.000,0,0,8192000,2,0,0,0,2,1
1,after_use,f32,1024,glibc_t2,FIXED_TWIN,12,1,1000,3930.01,0.0000,0.0000,3935.0,0.0,2.000,8192.0,0.000,0,0,8192000,2,0,0,0,2,1
1,after_use,f32,1024,glibc_t2,FIXED_TWIN,13,0,1000,3939.82,0.0000,0.0000,3945.0,0.0,2.000,8192.0,0.000,0,0,8192000,2,0,0,0,2,1
1,after_use,f32,1024,glibc_t2,P5,13,1,1000,3776.00,0.0000,0.0000,3779.0,0.0,2.000,8192.0,0.000,0,0,8192000,2,0,0,0,2,1
1,after_use,f32,1024,glibc_t2,P5,14,0,1000,3764.68,0.0000,0.0000,3769.0,0.0,2.000,8192.0,0.000,0,0,8192000,2,0,0,0,2,1
1,after_use,f32,1024,glibc_t2,FIXED_TWIN,14,1,1000,3761.84,0.0000,0.0000,3765.0,0.0,2.000,8192.0,0.000,0,0,8192000,2,0,0,0,2,1
1,after_use,f32,4096,glibc_t2,P5,0,0,1,1676.00,0.0000,0.0000,3000.0,0.0,2.000,32768.0,0.000,0,0,32768,2,0,0,0,2,1
1,after_use,f32,4096,glibc_t2,FIXED_TWIN,0,1,1,1441.00,0.0000,0.0000,2000.0,0.0,2.000,32768.0,0.000,0,0,32768,2,0,0,0,2,1
1,after_use,f32,4096,glibc_t2,FIXED_TWIN,1,0,1,1556.00,0.0000,0.0000,2000.0,0.0,2.000,32768.0,0.000,0,0,32768,2,0,0,0,2,1
1,after_use,f32,4096,glibc_t2,P5,1,1,1,1482.00,0.0000,0.0000,2000.0,0.0,2.000,32768.0,0.000,0,0,32768,2,0,0,0,2,1
1,after_use,f32,4096,glibc_t2,P5,2,0,1,1464.00,0.0000,0.0000,2000.0,0.0,2.000,32768.0,0.000,0,0,32768,2,0,0,0,2,1
1,after_use,f32,4096,glibc_t2,FIXED_TWIN,2,1,1,1456.00,0.0000,0.0000,2000.0,0.0,2.000,32768.0,0.000,0,0,32768,2,0,0,0,2,1
1,after_use,f32,4096,glibc_t2,FIXED_TWIN,3,0,1,1455.00,0.0000,0.0000,2000.0,0.0,2.000,32768.0,0.000,0,0,32768,2,0,0,0,2,1
1,after_use,f32,4096,glibc_t2,P5,3,1,1,1484.00,0.0000,0.0000,2000.0,0.0,2.000,32768.0,0.000,0,0,32768,2,0,0,0,2,1
1,after_use,f32,4096,glibc_t2,P5,4,0,1,1471.00,0.0000,0.0000,2000.0,0.0,2.000,32768.0,0.000,0,0,32768,2,0,0,0,2,1
1,after_use,f32,4096,glibc_t2,FIXED_TWIN,4,1,1,1452.00,0.0000,0.0000,2000.0,0.0,2.000,32768.0,0.000,0,0,32768,2,0,0,0,2,1
1,after_use,f32,4096,glibc_t2,FIXED_TWIN,5,0,1,1470.00,0.0000,0.0000,1000.0,0.0,2.000,32768.0,0.000,0,0,32768,2,0,0,0,2,1
1,after_use,f32,4096,glibc_t2,P5,5,1,1,1480.00,0.0000,0.0000,2000.0,0.0,2.000,32768.0,0.000,0,0,32768,2,0,0,0,2,1
1,after_use,f32,4096,glibc_t2,P5,6,0,1,1474.00,0.0000,0.0000,2000.0,0.0,2.000,32768.0,0.000,0,0,32768,2,0,0,0,2,1
1,after_use,f32,4096,glibc_t2,FIXED_TWIN,6,1,1,1509.00,0.0000,0.0000,2000.0,0.0,2.000,32768.0,0.000,0,0,32768,2,0,0,0,2,1
1,after_use,f32,4096,glibc_t2,FIXED_TWIN,7,0,1,1469.00,0.0000,0.0000,2000.0,0.0,2.000,32768.0,0.000,0,0,32768,2,0,0,0,2,1
1,after_use,f32,4096,glibc_t2,P5,7,1,1,1451.00,0.0000,0.0000,2000.0,0.0,2.000,32768.0,0.000,0,0,32768,2,0,0,0,2,1
1,after_use,f32,4096,glibc_t2,P5,8,0,1,1502.00,0.0000,0.0000,2000.0,0.0,2.000,32768.0,0.000,0,0,32768,2,0,0,0,2,1
1,after_use,f32,4096,glibc_t2,FIXED_TWIN,8,1,1,1470.00,0.0000,0.0000,2000.0,0.0,2.000,32768.0,0.000,0,0,32768,2,0,0,0,2,1
1,after_use,f32,4096,glibc_t2,FIXED_TWIN,9,0,1,1482.00,0.0000,0.0000,2000.0,0.0,2.000,32768.0,0.000,0,0,32768,2,0,0,0,2,1
1,after_use,f32,4096,glibc_t2,P5,9,1,1,1454.00,0.0000,0.0000,2000.0,0.0,2.000,32768.0,0.000,0,0,32768,2,0,0,0,2,1
1,after_use,f32,4096,glibc_t2,P5,10,0,1,1476.00,0.0000,0.0000,2000.0,0.0,2.000,32768.0,0.000,0,0,32768,2,0,0,0,2,1
1,after_use,f32,4096,glibc_t2,FIXED_TWIN,10,1,1,1479.00,0.0000,0.0000,2000.0,0.0,2.000,32768.0,0.000,0,0,32768,2,0,0,0,2,1
1,after_use,f32,4096,glibc_t2,FIXED_TWIN,11,0,1,1472.00,0.0000,0.0000,1000.0,0.0,2.000,32768.0,0.000,0,0,32768,2,0,0,0,2,1
1,after_use,f32,4096,glibc_t2,P5,11,1,1,1450.00,0.0000,0.0000,1000.0,0.0,2.000,32768.0,0.000,0,0,32768,2,0,0,0,2,1
1,after_use,f32,4096,glibc_t2,P5,12,0,1,1446.00,0.0000,0.0000,2000.0,0.0,2.000,32768.0,0.000,0,0,32768,2,0,0,0,2,1
1,after_use,f32,4096,glibc_t2,FIXED_TWIN,12,1,1,1493.00,0.0000,0.0000,2000.0,0.0,2.000,32768.0,0.000,0,0,32768,2,0,0,0,2,1
1,after_use,f32,4096,glibc_t2,FIXED_TWIN,13,0,1,1463.00,0.0000,0.0000,2000.0,0.0,2.000,32768.0,0.000,0,0,32768,2,0,0,0,2,1
1,after_use,f32,4096,glibc_t2,P5,13,1,1,1479.00,0.0000,0.0000,2000.0,0.0,2.000,32768.0,0.000,0,0,32768,2,0,0,0,2,1
1,after_use,f32,4096,glibc_t2,P5,14,0,1,1485.00,0.0000,0.0000,2000.0,0.0,2.000,32768.0,0.000,0,0,32768,2,0,0,0,2,1
1,after_use,f32,4096,glibc_t2,FIXED_TWIN,14,1,1,1467.00,0.0000,0.0000,2000.0,0.0,2.000,32768.0,0.000,0,0,32768,2,0,0,0,2,1
1,after_use,f32,16384,glibc_t2,P5,0,0,1,4739.00,0.0000,0.0000,5000.0,0.0,2.000,131072.0,0.000,0,0,131072,2,0,0,0,2,1
1,after_use,f32,16384,glibc_t2,FIXED_TWIN,0,1,1,4822.00,0.0000,0.0000,6000.0,0.0,2.000,131072.0,0.000,0,0,131072,2,0,0,0,2,1
1,after_use,f32,16384,glibc_t2,FIXED_TWIN,1,0,1,4735.00,0.0000,0.0000,5000.0,0.0,2.000,131072.0,0.000,0,0,131072,2,0,0,0,2,1
1,after_use,f32,16384,glibc_t2,P5,1,1,1,4785.00,0.0000,0.0000,5000.0,0.0,2.000,131072.0,0.000,0,0,131072,2,0,0,0,2,1
1,after_use,f32,16384,glibc_t2,P5,2,0,1,4665.00,0.0000,0.0000,5000.0,0.0,2.000,131072.0,0.000,0,0,131072,2,0,0,0,2,1
1,after_use,f32,16384,glibc_t2,FIXED_TWIN,2,1,1,4765.00,0.0000,0.0000,5000.0,0.0,2.000,131072.0,0.000,0,0,131072,2,0,0,0,2,1
1,after_use,f32,16384,glibc_t2,FIXED_TWIN,3,0,1,4642.00,0.0000,0.0000,5000.0,0.0,2.000,131072.0,0.000,0,0,131072,2,0,0,0,2,1
1,after_use,f32,16384,glibc_t2,P5,3,1,1,4704.00,0.0000,0.0000,5000.0,0.0,2.000,131072.0,0.000,0,0,131072,2,0,0,0,2,1
1,after_use,f32,16384,glibc_t2,P5,4,0,1,4640.00,0.0000,0.0000,6000.0,0.0,2.000,131072.0,0.000,0,0,131072,2,0,0,0,2,1
1,after_use,f32,16384,glibc_t2,FIXED_TWIN,4,1,1,4655.00,0.0000,0.0000,5000.0,0.0,2.000,131072.0,0.000,0,0,131072,2,0,0,0,2,1
1,after_use,f32,16384,glibc_t2,FIXED_TWIN,5,0,1,4665.00,0.0000,0.0000,5000.0,0.0,2.000,131072.0,0.000,0,0,131072,2,0,0,0,2,1
1,after_use,f32,16384,glibc_t2,P5,5,1,1,4645.00,0.0000,0.0000,5000.0,0.0,2.000,131072.0,0.000,0,0,131072,2,0,0,0,2,1
1,after_use,f32,16384,glibc_t2,P5,6,0,1,4613.00,0.0000,0.0000,5000.0,0.0,2.000,131072.0,0.000,0,0,131072,2,0,0,0,2,1
1,after_use,f32,16384,glibc_t2,FIXED_TWIN,6,1,1,4618.00,0.0000,0.0000,6000.0,0.0,2.000,131072.0,0.000,0,0,131072,2,0,0,0,2,1
1,after_use,f32,16384,glibc_t2,FIXED_TWIN,7,0,1,4637.00,0.0000,0.0000,5000.0,0.0,2.000,131072.0,0.000,0,0,131072,2,0,0,0,2,1
1,after_use,f32,16384,glibc_t2,P5,7,1,1,4719.00,0.0000,0.0000,5000.0,0.0,2.000,131072.0,0.000,0,0,131072,2,0,0,0,2,1
1,after_use,f32,16384,glibc_t2,P5,8,0,1,4642.00,0.0000,0.0000,5000.0,0.0,2.000,131072.0,0.000,0,0,131072,2,0,0,0,2,1
1,after_use,f32,16384,glibc_t2,FIXED_TWIN,8,1,1,4651.00,0.0000,0.0000,6000.0,0.0,2.000,131072.0,0.000,0,0,131072,2,0,0,0,2,1
1,after_use,f32,16384,glibc_t2,FIXED_TWIN,9,0,1,4840.00,0.0000,0.0000,6000.0,0.0,2.000,131072.0,0.000,0,0,131072,2,0,0,0,2,1
1,after_use,f32,16384,glibc_t2,P5,9,1,1,4788.00,0.0000,0.0000,5000.0,0.0,2.000,131072.0,0.000,0,0,131072,2,0,0,0,2,1
1,after_use,f32,16384,glibc_t2,P5,10,0,1,4777.00,0.0000,0.0000,0.0,27000.0,2.000,131072.0,0.000,0,0,131072,2,0,0,0,2,1
1,after_use,f32,16384,glibc_t2,FIXED_TWIN,10,1,1,4840.00,0.0000,0.0000,0.0,5000.0,2.000,131072.0,0.000,0,0,131072,2,0,0,0,2,1
1,after_use,f32,16384,glibc_t2,FIXED_TWIN,11,0,1,4715.00,0.0000,0.0000,0.0,5000.0,2.000,131072.0,0.000,0,0,131072,2,0,0,0,2,1
1,after_use,f32,16384,glibc_t2,P5,11,1,1,4690.00,0.0000,0.0000,0.0,5000.0,2.000,131072.0,0.000,0,0,131072,2,0,0,0,2,1
1,after_use,f32,16384,glibc_t2,P5,12,0,1,4708.00,0.0000,0.0000,0.0,5000.0,2.000,131072.0,0.000,0,0,131072,2,0,0,0,2,1
1,after_use,f32,16384,glibc_t2,FIXED_TWIN,12,1,1,4665.00,0.0000,0.0000,0.0,6000.0,2.000,131072.0,0.000,0,0,131072,2,0,0,0,2,1
1,after_use,f32,16384,glibc_t2,FIXED_TWIN,13,0,1,4708.00,0.0000,0.0000,0.0,5000.0,2.000,131072.0,0.000,0,0,131072,2,0,0,0,2,1
1,after_use,f32,16384,glibc_t2,P5,13,1,1,4678.00,0.0000,0.0000,0.0,5000.0,2.000,131072.0,0.000,0,0,131072,2,0,0,0,2,1
1,after_use,f32,16384,glibc_t2,P5,14,0,1,4648.00,0.0000,0.0000,0.0,5000.0,2.000,131072.0,0.000,0,0,131072,2,0,0,0,2,1
1,after_use,f32,16384,glibc_t2,FIXED_TWIN,14,1,1,4653.00,0.0000,0.0000,0.0,5000.0,2.000,131072.0,0.000,0,0,131072,2,0,0,0,2,1
1,after_use,f32,65536,glibc_t2,P5,0,0,1,141170.00,130.0000,0.0000,0.0,143000.0,2.000,524288.0,0.000,0,0,524288,2,0,0,0,2,1
1,after_use,f32,65536,glibc_t2,FIXED_TWIN,0,1,1,142901.00,130.0000,0.0000,0.0,144000.0,2.000,524288.0,0.000,0,0,524288,2,0,0,0,2,1
1,after_use,f32,65536,glibc_t2,FIXED_TWIN,1,0,1,144238.00,130.0000,0.0000,0.0,145000.0,2.000,524288.0,0.000,0,0,524288,2,0,0,0,2,1
1,after_use,f32,65536,glibc_t2,P5,1,1,1,145492.00,130.0000,0.0000,0.0,146000.0,2.000,524288.0,0.000,0,0,524288,2,0,0,0,2,1
1,after_use,f32,65536,glibc_t2,P5,2,0,1,141083.00,130.0000,0.0000,0.0,142000.0,2.000,524288.0,0.000,0,0,524288,2,0,0,0,2,1
1,after_use,f32,65536,glibc_t2,FIXED_TWIN,2,1,1,161152.00,130.0000,0.0000,0.0,162000.0,2.000,524288.0,0.000,0,0,524288,2,0,0,0,2,1
1,after_use,f32,65536,glibc_t2,FIXED_TWIN,3,0,1,140882.00,130.0000,0.0000,0.0,142000.0,2.000,524288.0,0.000,0,0,524288,2,0,0,0,2,1
1,after_use,f32,65536,glibc_t2,P5,3,1,1,165407.00,130.0000,0.0000,0.0,167000.0,2.000,524288.0,0.000,0,0,524288,2,0,0,0,2,1
1,after_use,f32,65536,glibc_t2,P5,4,0,1,194190.00,130.0000,0.0000,197000.0,0.0,2.000,524288.0,0.000,0,0,524288,2,0,0,0,2,1
1,after_use,f32,65536,glibc_t2,FIXED_TWIN,4,1,1,152596.00,130.0000,0.0000,154000.0,0.0,2.000,524288.0,0.000,0,0,524288,2,0,0,0,2,1
1,after_use,f32,65536,glibc_t2,FIXED_TWIN,5,0,1,143392.00,130.0000,0.0000,145000.0,0.0,2.000,524288.0,0.000,0,0,524288,2,0,0,0,2,1
1,after_use,f32,65536,glibc_t2,P5,5,1,1,145443.00,130.0000,0.0000,147000.0,0.0,2.000,524288.0,0.000,0,0,524288,2,0,0,0,2,1
1,after_use,f32,65536,glibc_t2,P5,6,0,1,142029.00,130.0000,0.0000,143000.0,0.0,2.000,524288.0,0.000,0,0,524288,2,0,0,0,2,1
1,after_use,f32,65536,glibc_t2,FIXED_TWIN,6,1,1,140468.00,130.0000,0.0000,142000.0,0.0,2.000,524288.0,0.000,0,0,524288,2,0,0,0,2,1
1,after_use,f32,65536,glibc_t2,FIXED_TWIN,7,0,1,159079.00,130.0000,0.0000,161000.0,0.0,2.000,524288.0,0.000,0,0,524288,2,0,0,0,2,1
1,after_use,f32,65536,glibc_t2,P5,7,1,1,154602.00,130.0000,0.0000,156000.0,0.0,2.000,524288.0,0.000,0,0,524288,2,0,0,0,2,1
1,after_use,f32,65536,glibc_t2,P5,8,0,1,160518.00,130.0000,0.0000,162000.0,0.0,2.000,524288.0,0.000,0,0,524288,2,0,0,0,2,1
1,after_use,f32,65536,glibc_t2,FIXED_TWIN,8,1,1,156225.00,130.0000,0.0000,157000.0,0.0,2.000,524288.0,0.000,0,0,524288,2,0,0,0,2,1
1,after_use,f32,65536,glibc_t2,FIXED_TWIN,9,0,1,145351.00,130.0000,0.0000,147000.0,0.0,2.000,524288.0,0.000,0,0,524288,2,0,0,0,2,1
1,after_use,f32,65536,glibc_t2,P5,9,1,1,147322.00,130.0000,0.0000,149000.0,0.0,2.000,524288.0,0.000,0,0,524288,2,0,0,0,2,1
1,after_use,f32,65536,glibc_t2,P5,10,0,1,158865.00,130.0000,0.0000,161000.0,0.0,2.000,524288.0,0.000,0,0,524288,2,0,0,0,2,1
1,after_use,f32,65536,glibc_t2,FIXED_TWIN,10,1,1,141917.00,130.0000,0.0000,143000.0,0.0,2.000,524288.0,0.000,0,0,524288,2,0,0,0,2,1
1,after_use,f32,65536,glibc_t2,FIXED_TWIN,11,0,1,144062.00,130.0000,0.0000,0.0,145000.0,2.000,524288.0,0.000,0,0,524288,2,0,0,0,2,1
1,after_use,f32,65536,glibc_t2,P5,11,1,1,150025.00,130.0000,0.0000,0.0,152000.0,2.000,524288.0,0.000,0,0,524288,2,0,0,0,2,1
1,after_use,f32,65536,glibc_t2,P5,12,0,1,140915.00,130.0000,0.0000,0.0,143000.0,2.000,524288.0,0.000,0,0,524288,2,0,0,0,2,1
1,after_use,f32,65536,glibc_t2,FIXED_TWIN,12,1,1,148498.00,130.0000,0.0000,0.0,150000.0,2.000,524288.0,0.000,0,0,524288,2,0,0,0,2,1
1,after_use,f32,65536,glibc_t2,FIXED_TWIN,13,0,1,149059.00,130.0000,0.0000,0.0,152000.0,2.000,524288.0,0.000,0,0,524288,2,0,0,0,2,1
1,after_use,f32,65536,glibc_t2,P5,13,1,1,159504.00,130.0000,0.0000,0.0,161000.0,2.000,524288.0,0.000,0,0,524288,2,0,0,0,2,1
1,after_use,f32,65536,glibc_t2,P5,14,0,1,147728.00,130.0000,0.0000,65000.0,85000.0,2.000,524288.0,0.000,0,0,524288,2,0,0,0,2,1
1,after_use,f32,65536,glibc_t2,FIXED_TWIN,14,1,1,167301.00,130.0000,0.0000,73000.0,96000.0,2.000,524288.0,0.000,0,0,524288,2,0,0,0,2,1
1,after_use,f32,262144,glibc_t2,P5,0,0,1,723242.00,514.0000,0.0000,0.0,725000.0,2.000,2097152.0,0.000,0,0,2097152,2,0,0,0,2,1
1,after_use,f32,262144,glibc_t2,FIXED_TWIN,0,1,1,925521.00,514.0000,0.0000,0.0,929000.0,2.000,2097152.0,0.000,0,0,2097152,2,0,0,0,2,1
1,after_use,f32,262144,glibc_t2,FIXED_TWIN,1,0,1,670114.00,514.0000,0.0000,673000.0,0.0,2.000,2097152.0,0.000,0,0,2097152,2,0,0,0,2,1
1,after_use,f32,262144,glibc_t2,P5,1,1,1,762901.00,514.0000,0.0000,0.0,766000.0,2.000,2097152.0,0.000,0,0,2097152,2,0,0,0,2,1
1,after_use,f32,262144,glibc_t2,P5,2,0,1,701581.00,514.0000,0.0000,0.0,705000.0,2.000,2097152.0,0.000,0,0,2097152,2,0,0,0,2,1
1,after_use,f32,262144,glibc_t2,FIXED_TWIN,2,1,1,654646.00,514.0000,0.0000,0.0,657000.0,2.000,2097152.0,0.000,0,0,2097152,2,0,0,0,2,1
1,after_use,f32,262144,glibc_t2,FIXED_TWIN,3,0,1,682559.00,514.0000,0.0000,0.0,685000.0,2.000,2097152.0,0.000,0,0,2097152,2,0,0,0,2,1
1,after_use,f32,262144,glibc_t2,P5,3,1,1,702112.00,514.0000,0.0000,0.0,705000.0,2.000,2097152.0,0.000,0,0,2097152,2,0,0,0,2,1
1,after_use,f32,262144,glibc_t2,P5,4,0,1,685212.00,514.0000,0.0000,139000.0,549000.0,2.000,2097152.0,0.000,0,0,2097152,2,0,0,0,2,1
1,after_use,f32,262144,glibc_t2,FIXED_TWIN,4,1,1,681333.00,514.0000,0.0000,684000.0,0.0,2.000,2097152.0,0.000,0,0,2097152,2,0,0,0,2,1
1,after_use,f32,262144,glibc_t2,FIXED_TWIN,5,0,1,731245.00,514.0000,0.0000,733000.0,0.0,2.000,2097152.0,0.000,0,0,2097152,2,0,0,0,2,1
1,after_use,f32,262144,glibc_t2,P5,5,1,1,688090.00,514.0000,0.0000,690000.0,0.0,2.000,2097152.0,0.000,0,0,2097152,2,0,0,0,2,1
1,after_use,f32,262144,glibc_t2,P5,6,0,1,674346.00,514.0000,0.0000,0.0,676000.0,2.000,2097152.0,0.000,0,0,2097152,2,0,0,0,2,1
1,after_use,f32,262144,glibc_t2,FIXED_TWIN,6,1,1,683765.00,514.0000,0.0000,297000.0,389000.0,2.000,2097152.0,0.000,0,0,2097152,2,0,0,0,2,1
1,after_use,f32,262144,glibc_t2,FIXED_TWIN,7,0,1,695406.00,514.0000,0.0000,0.0,699000.0,2.000,2097152.0,0.000,0,0,2097152,2,0,0,0,2,1
1,after_use,f32,262144,glibc_t2,P5,7,1,1,982802.00,514.0000,0.0000,0.0,986000.0,2.000,2097152.0,0.000,0,0,2097152,2,0,0,0,2,1
1,after_use,f32,262144,glibc_t2,P5,8,0,1,877292.00,514.0000,0.0000,0.0,880000.0,2.000,2097152.0,0.000,0,0,2097152,2,0,0,0,2,1
1,after_use,f32,262144,glibc_t2,FIXED_TWIN,8,1,1,962984.00,514.0000,0.0000,966000.0,0.0,2.000,2097152.0,0.000,0,0,2097152,2,0,0,0,2,1
1,after_use,f32,262144,glibc_t2,FIXED_TWIN,9,0,1,956895.00,514.0000,0.0000,52000.0,909000.0,2.000,2097152.0,0.000,0,0,2097152,2,0,0,0,2,1
1,after_use,f32,262144,glibc_t2,P5,9,1,1,937558.00,514.0000,0.0000,0.0,941000.0,2.000,2097152.0,0.000,0,0,2097152,2,0,0,0,2,1
1,after_use,f32,262144,glibc_t2,P5,10,0,1,700118.00,514.0000,0.0000,0.0,703000.0,2.000,2097152.0,0.000,0,0,2097152,2,0,0,0,2,1
1,after_use,f32,262144,glibc_t2,FIXED_TWIN,10,1,1,653675.00,514.0000,0.0000,656000.0,0.0,2.000,2097152.0,0.000,0,0,2097152,2,0,0,0,2,1
1,after_use,f32,262144,glibc_t2,FIXED_TWIN,11,0,1,693581.00,514.0000,0.0000,301000.0,395000.0,2.000,2097152.0,0.000,0,0,2097152,2,0,0,0,2,1
1,after_use,f32,262144,glibc_t2,P5,11,1,1,693213.00,514.0000,0.0000,696000.0,0.0,2.000,2097152.0,0.000,0,0,2097152,2,0,0,0,2,1
1,after_use,f32,262144,glibc_t2,P5,12,0,1,679855.00,514.0000,0.0000,683000.0,0.0,2.000,2097152.0,0.000,0,0,2097152,2,0,0,0,2,1
1,after_use,f32,262144,glibc_t2,FIXED_TWIN,12,1,1,660520.00,514.0000,0.0000,663000.0,0.0,2.000,2097152.0,0.000,0,0,2097152,2,0,0,0,2,1
1,after_use,f32,262144,glibc_t2,FIXED_TWIN,13,0,1,704923.00,514.0000,0.0000,708000.0,0.0,2.000,2097152.0,0.000,0,0,2097152,2,0,0,0,2,1
1,after_use,f32,262144,glibc_t2,P5,13,1,1,690870.00,514.0000,0.0000,694000.0,0.0,2.000,2097152.0,0.000,0,0,2097152,2,0,0,0,2,1
1,after_use,f32,262144,glibc_t2,P5,14,0,1,701045.00,514.0000,0.0000,704000.0,0.0,2.000,2097152.0,0.000,0,0,2097152,2,0,0,0,2,1
1,after_use,f32,262144,glibc_t2,FIXED_TWIN,14,1,1,762233.00,514.0000,0.0000,0.0,765000.0,2.000,2097152.0,0.000,0,0,2097152,2,0,0,0,2,1
1,after_use,f32,1048576,glibc_t2,P5,0,0,1,2796509.00,2050.0000,0.0000,0.0,2807000.0,2.000,8388608.0,0.000,0,0,8388608,2,0,0,0,2,1
1,after_use,f32,1048576,glibc_t2,FIXED_TWIN,0,1,1,3009929.00,2050.0000,0.0000,0.0,3014000.0,2.000,8388608.0,0.000,0,0,8388608,2,0,0,0,2,1
1,after_use,f32,1048576,glibc_t2,FIXED_TWIN,1,0,1,2850099.00,2050.0000,0.0000,2854000.0,0.0,2.000,8388608.0,0.000,0,0,8388608,2,0,0,0,2,1
1,after_use,f32,1048576,glibc_t2,P5,1,1,1,2864944.00,2050.0000,0.0000,2867000.0,0.0,2.000,8388608.0,0.000,0,0,8388608,2,0,0,0,2,1
1,after_use,f32,1048576,glibc_t2,P5,2,0,1,2893605.00,2050.0000,0.0000,2629000.0,267000.0,2.000,8388608.0,0.000,0,0,8388608,2,0,0,0,2,1
1,after_use,f32,1048576,glibc_t2,FIXED_TWIN,2,1,1,2868741.00,2050.0000,0.0000,0.0,2871000.0,2.000,8388608.0,0.000,0,0,8388608,2,0,0,0,2,1
1,after_use,f32,1048576,glibc_t2,FIXED_TWIN,3,0,1,2829811.00,2050.0000,0.0000,0.0,2833000.0,2.000,8388608.0,0.000,0,0,8388608,2,0,0,0,2,1
1,after_use,f32,1048576,glibc_t2,P5,3,1,1,2786929.00,2050.0000,0.0000,1206000.0,1583000.0,2.000,8388608.0,0.000,0,0,8388608,2,0,0,0,2,1
1,after_use,f32,1048576,glibc_t2,P5,4,0,1,2785993.00,2050.0000,0.0000,0.0,2788000.0,2.000,8388608.0,0.000,0,0,8388608,2,0,0,0,2,1
1,after_use,f32,1048576,glibc_t2,FIXED_TWIN,4,1,1,2816878.00,2050.0000,0.0000,2819000.0,0.0,2.000,8388608.0,0.000,0,0,8388608,2,0,0,0,2,1
1,after_use,f32,1048576,glibc_t2,FIXED_TWIN,5,0,1,2737047.00,2050.0000,0.0000,1185000.0,1555000.0,2.000,8388608.0,0.000,0,0,8388608,2,0,0,0,2,1
1,after_use,f32,1048576,glibc_t2,P5,5,1,1,2760974.00,2050.0000,0.0000,0.0,2764000.0,2.000,8388608.0,0.000,0,0,8388608,2,0,0,0,2,1
1,after_use,f32,1048576,glibc_t2,P5,6,0,1,2752483.00,2050.0000,0.0000,0.0,2755000.0,2.000,8388608.0,0.000,0,0,8388608,2,0,0,0,2,1
1,after_use,f32,1048576,glibc_t2,FIXED_TWIN,6,1,1,2833122.00,2050.0000,0.0000,1226000.0,1609000.0,2.000,8388608.0,0.000,0,0,8388608,2,0,0,0,2,1
1,after_use,f32,1048576,glibc_t2,FIXED_TWIN,7,0,1,2778587.00,2050.0000,0.0000,0.0,2782000.0,2.000,8388608.0,0.000,0,0,8388608,2,0,0,0,2,1
1,after_use,f32,1048576,glibc_t2,P5,7,1,1,2878893.00,2050.0000,0.0000,0.0,2865000.0,2.000,8388608.0,0.000,0,0,8388608,2,0,0,0,2,1
1,after_use,f32,1048576,glibc_t2,P5,8,0,1,2760274.00,2050.0000,0.0000,1195000.0,1569000.0,2.000,8388608.0,0.000,0,0,8388608,2,0,0,0,2,1
1,after_use,f32,1048576,glibc_t2,FIXED_TWIN,8,1,1,2771193.00,2050.0000,0.0000,2774000.0,0.0,2.000,8388608.0,0.000,0,0,8388608,2,0,0,0,2,1
1,after_use,f32,1048576,glibc_t2,FIXED_TWIN,9,0,1,2764046.00,2050.0000,0.0000,0.0,2767000.0,2.000,8388608.0,0.000,0,0,8388608,2,0,0,0,2,1
1,after_use,f32,1048576,glibc_t2,P5,9,1,1,2723960.00,2050.0000,0.0000,1178000.0,1547000.0,2.000,8388608.0,0.000,0,0,8388608,2,0,0,0,2,1
1,after_use,f32,1048576,glibc_t2,P5,10,0,1,2864144.00,2050.0000,0.0000,2867000.0,0.0,2.000,8388608.0,0.000,0,0,8388608,2,0,0,0,2,1
1,after_use,f32,1048576,glibc_t2,FIXED_TWIN,10,1,1,2725883.00,2050.0000,0.0000,0.0,2729000.0,2.000,8388608.0,0.000,0,0,8388608,2,0,0,0,2,1
1,after_use,f32,1048576,glibc_t2,FIXED_TWIN,11,0,1,2734448.00,2050.0000,0.0000,1183000.0,1553000.0,2.000,8388608.0,0.000,0,0,8388608,2,0,0,0,2,1
1,after_use,f32,1048576,glibc_t2,P5,11,1,1,2725083.00,2050.0000,0.0000,1180000.0,1548000.0,2.000,8388608.0,0.000,0,0,8388608,2,0,0,0,2,1
1,after_use,f32,1048576,glibc_t2,P5,12,0,1,2822512.00,2050.0000,0.0000,0.0,2825000.0,2.000,8388608.0,0.000,0,0,8388608,2,0,0,0,2,1
1,after_use,f32,1048576,glibc_t2,FIXED_TWIN,12,1,1,2723208.00,2050.0000,0.0000,0.0,2726000.0,2.000,8388608.0,0.000,0,0,8388608,2,0,0,0,2,1
1,after_use,f32,1048576,glibc_t2,FIXED_TWIN,13,0,1,2886780.00,2050.0000,0.0000,1250000.0,1641000.0,2.000,8388608.0,0.000,0,0,8388608,2,0,0,0,2,1
1,after_use,f32,1048576,glibc_t2,P5,13,1,1,2803511.00,2050.0000,0.0000,325000.0,2481000.0,2.000,8388608.0,0.000,0,0,8388608,2,0,0,0,2,1
1,after_use,f32,1048576,glibc_t2,P5,14,0,1,2801482.00,2050.0000,0.0000,0.0,2804000.0,2.000,8388608.0,0.000,0,0,8388608,2,0,0,0,2,1
1,after_use,f32,1048576,glibc_t2,FIXED_TWIN,14,1,1,2882978.00,2050.0000,0.0000,1247000.0,1639000.0,2.000,8388608.0,0.000,0,0,8388608,2,0,0,0,2,1
1,after_use,f32,4194304,glibc_t2,P5,0,0,1,20722446.00,8194.0000,0.0000,316000.0,20324000.0,2.000,33554432.0,0.000,0,0,33554432,2,0,0,0,2,1
1,after_use,f32,4194304,glibc_t2,FIXED_TWIN,0,1,1,18360659.00,8194.0000,0.0000,7294000.0,11073000.0,2.000,33554432.0,0.000,0,0,33554432,2,0,0,0,2,1
1,after_use,f32,4194304,glibc_t2,FIXED_TWIN,1,0,1,17766745.00,8194.0000,0.0000,0.0,17772000.0,2.000,33554432.0,0.000,0,0,33554432,2,0,0,0,2,1
1,after_use,f32,4194304,glibc_t2,P5,1,1,1,17563666.00,8194.0000,0.0000,8678000.0,8890000.0,2.000,33554432.0,0.000,0,0,33554432,2,0,0,0,2,1
1,after_use,f32,4194304,glibc_t2,P5,2,0,1,17154338.00,8194.0000,0.0000,4501000.0,12658000.0,2.000,33554432.0,0.000,0,0,33554432,2,0,0,0,2,1
1,after_use,f32,4194304,glibc_t2,FIXED_TWIN,2,1,1,16887205.00,8194.0000,0.0000,12385000.0,4507000.0,2.000,33554432.0,0.000,0,0,33554432,2,0,0,0,2,1
1,after_use,f32,4194304,glibc_t2,FIXED_TWIN,3,0,1,17595607.00,8194.0000,0.0000,10961000.0,6640000.0,2.000,33554432.0,0.000,0,0,33554432,2,0,0,0,2,1
1,after_use,f32,4194304,glibc_t2,P5,3,1,1,17927997.00,8194.0000,0.0000,7106000.0,10828000.0,2.000,33554432.0,0.000,0,0,33554432,2,0,0,0,2,1
1,after_use,f32,4194304,glibc_t2,P5,4,0,1,17543078.00,8194.0000,0.0000,4670000.0,12877000.0,2.000,33554432.0,0.000,0,0,33554432,2,0,0,0,2,1
1,after_use,f32,4194304,glibc_t2,FIXED_TWIN,4,1,1,17649339.00,8194.0000,0.0000,2987000.0,14671000.0,2.000,33554432.0,0.000,0,0,33554432,2,0,0,0,2,1
1,after_use,f32,4194304,glibc_t2,FIXED_TWIN,5,0,1,17772776.00,8194.0000,0.0000,3039000.0,14739000.0,2.000,33554432.0,0.000,0,0,33554432,2,0,0,0,2,1
1,after_use,f32,4194304,glibc_t2,P5,5,1,1,17376284.00,8194.0000,0.0000,10866000.0,6514000.0,2.000,33554432.0,0.000,0,0,33554432,2,0,0,0,2,1
1,after_use,f32,4194304,glibc_t2,P5,6,0,1,17395435.00,8194.0000,0.0000,606000.0,16792000.0,2.000,33554432.0,0.000,0,0,33554432,2,0,0,0,2,1
1,after_use,f32,4194304,glibc_t2,FIXED_TWIN,6,1,1,17563146.00,8194.0000,0.0000,4678000.0,12889000.0,2.000,33554432.0,0.000,0,0,33554432,2,0,0,0,2,1
1,after_use,f32,4194304,glibc_t2,FIXED_TWIN,7,0,1,18072675.00,8194.0000,0.0000,12899000.0,5179000.0,2.000,33554432.0,0.000,0,0,33554432,2,0,0,0,2,1
1,after_use,f32,4194304,glibc_t2,P5,7,1,1,17670896.00,8194.0000,0.0000,8725000.0,8950000.0,2.000,33554432.0,0.000,0,0,33554432,2,0,0,0,2,1
1,after_use,f32,4194304,glibc_t2,P5,8,0,1,18377150.00,8194.0000,0.0000,11299000.0,7084000.0,2.000,33554432.0,0.000,0,0,33554432,2,0,0,0,2,1
1,after_use,f32,4194304,glibc_t2,FIXED_TWIN,8,1,1,17740905.00,8194.0000,0.0000,0.0,17746000.0,2.000,33554432.0,0.000,0,0,33554432,2,0,0,0,2,1
1,after_use,f32,4194304,glibc_t2,FIXED_TWIN,9,0,1,17791158.00,8194.0000,0.0000,8778000.0,9019000.0,2.000,33554432.0,0.000,0,0,33554432,2,0,0,0,2,1
1,after_use,f32,4194304,glibc_t2,P5,9,1,1,18235140.00,8194.0000,0.0000,3239000.0,15002000.0,2.000,33554432.0,0.000,0,0,33554432,2,0,0,0,2,1
1,after_use,f32,4194304,glibc_t2,P5,10,0,1,17815126.00,8194.0000,0.0000,7036000.0,10784000.0,2.000,33554432.0,0.000,0,0,33554432,2,0,0,0,2,1
1,after_use,f32,4194304,glibc_t2,FIXED_TWIN,10,1,1,19122974.00,8194.0000,0.0000,9355000.0,9774000.0,2.000,33554432.0,0.000,0,0,33554432,2,0,0,0,2,1
1,after_use,f32,4194304,glibc_t2,FIXED_TWIN,11,0,1,17791528.00,8194.0000,0.0000,3046000.0,14749000.0,2.000,33554432.0,0.000,0,0,33554432,2,0,0,0,2,1
1,after_use,f32,4194304,glibc_t2,P5,11,1,1,17383465.00,8194.0000,0.0000,4602000.0,12787000.0,2.000,33554432.0,0.000,0,0,33554432,2,0,0,0,2,1
1,after_use,f32,4194304,glibc_t2,P5,12,0,1,17352061.00,8194.0000,0.0000,8587000.0,8769000.0,2.000,33554432.0,0.000,0,0,33554432,2,0,0,0,2,1
1,after_use,f32,4194304,glibc_t2,FIXED_TWIN,12,1,1,16900236.00,8194.0000,0.0000,8392000.0,8513000.0,2.000,33554432.0,0.000,0,0,33554432,2,0,0,0,2,1
1,after_use,f32,4194304,glibc_t2,FIXED_TWIN,13,0,1,17755457.00,8194.0000,0.0000,3031000.0,14731000.0,2.000,33554432.0,0.000,0,0,33554432,2,0,0,0,2,1
1,after_use,f32,4194304,glibc_t2,P5,13,1,1,17098006.00,8194.0000,0.0000,4478000.0,12625000.0,2.000,33554432.0,0.000,0,0,33554432,2,0,0,0,2,1
1,after_use,f32,4194304,glibc_t2,P5,14,0,1,16807351.00,8194.0000,0.0000,8352000.0,8461000.0,2.000,33554432.0,0.000,0,0,33554432,2,0,0,0,2,1
1,after_use,f32,4194304,glibc_t2,FIXED_TWIN,14,1,1,17406180.00,8194.0000,0.0000,4612000.0,12798000.0,2.000,33554432.0,0.000,0,0,33554432,2,0,0,0,2,1
1,after_use,f32,16777216,glibc_t2,P5,0,0,1,75225272.00,32770.0000,0.0000,23668000.0,51563000.0,2.000,134217728.0,0.000,0,0,134217728,2,0,0,0,2,1
1,after_use,f32,16777216,glibc_t2,FIXED_TWIN,0,1,1,75368104.00,32770.0000,0.0000,17433000.0,57871000.0,2.000,134217728.0,0.000,0,0,134217728,2,0,0,0,2,1
1,after_use,f32,16777216,glibc_t2,FIXED_TWIN,1,0,1,73336720.00,32770.0000,0.0000,18848000.0,54423000.0,2.000,134217728.0,0.000,0,0,134217728,2,0,0,0,2,1
1,after_use,f32,16777216,glibc_t2,P5,1,1,1,73563807.00,32770.0000,0.0000,36680000.0,36890000.0,2.000,134217728.0,0.000,0,0,134217728,2,0,0,0,2,1
1,after_use,f32,16777216,glibc_t2,P5,2,0,1,74471838.00,32770.0000,0.0000,29075000.0,45403000.0,2.000,134217728.0,0.000,0,0,134217728,2,0,0,0,2,1
1,after_use,f32,16777216,glibc_t2,FIXED_TWIN,2,1,1,74468591.00,32770.0000,0.0000,19269000.0,55135000.0,2.000,134217728.0,0.000,0,0,134217728,2,0,0,0,2,1
1,after_use,f32,16777216,glibc_t2,FIXED_TWIN,3,0,1,73435449.00,32770.0000,0.0000,22892000.0,50551000.0,2.000,134217728.0,0.000,0,0,134217728,2,0,0,0,2,1
1,after_use,f32,16777216,glibc_t2,P5,3,1,1,74446444.00,32770.0000,0.0000,29060000.0,45381000.0,2.000,134217728.0,0.000,0,0,134217728,2,0,0,0,2,1
1,after_use,f32,16777216,glibc_t2,P5,4,0,1,75013781.00,32770.0000,0.0000,15577000.0,59442000.0,2.000,134217728.0,0.000,0,0,134217728,2,0,0,0,2,1
1,after_use,f32,16777216,glibc_t2,FIXED_TWIN,4,1,1,71604155.00,32770.0000,0.0000,21568000.0,50041000.0,2.000,134217728.0,0.000,0,0,134217728,2,0,0,0,2,1
1,after_use,f32,16777216,glibc_t2,FIXED_TWIN,5,0,1,73208653.00,32770.0000,0.0000,24528000.0,48686000.0,2.000,134217728.0,0.000,0,0,134217728,2,0,0,0,2,1
1,after_use,f32,16777216,glibc_t2,P5,5,1,1,74367250.00,32770.0000,0.0000,27295000.0,47079000.0,2.000,134217728.0,0.000,0,0,134217728,2,0,0,0,2,1
1,after_use,f32,16777216,glibc_t2,P5,6,0,1,77298436.00,32770.0000,0.0000,22798000.0,54474000.0,2.000,134217728.0,0.000,0,0,134217728,2,0,0,0,2,1
1,after_use,f32,16777216,glibc_t2,FIXED_TWIN,6,1,1,73598077.00,32770.0000,0.0000,26960000.0,46644000.0,2.000,134217728.0,0.000,0,0,134217728,2,0,0,0,2,1
1,after_use,f32,16777216,glibc_t2,FIXED_TWIN,7,0,1,72887932.00,32770.0000,0.0000,20390000.0,52463000.0,2.000,134217728.0,0.000,0,0,134217728,2,0,0,0,2,1
1,after_use,f32,16777216,glibc_t2,P5,7,1,1,72838338.00,32770.0000,0.0000,20368000.0,52476000.0,2.000,134217728.0,0.000,0,0,134217728,2,0,0,0,2,1
1,after_use,f32,16777216,glibc_t2,P5,8,0,1,74576532.00,32770.0000,0.0000,17124000.0,57419000.0,2.000,134217728.0,0.000,0,0,134217728,2,0,0,0,2,1
1,after_use,f32,16777216,glibc_t2,FIXED_TWIN,8,1,1,74287408.00,32770.0000,0.0000,16999000.0,57295000.0,2.000,134217728.0,0.000,0,0,134217728,2,0,0,0,2,1
1,after_use,f32,16777216,glibc_t2,FIXED_TWIN,9,0,1,74893858.00,32770.0000,0.0000,29261000.0,45640000.0,2.000,134217728.0,0.000,0,0,134217728,2,0,0,0,2,1
1,after_use,f32,16777216,glibc_t2,P5,9,1,1,77903327.00,32770.0000,0.0000,31092000.0,46790000.0,2.000,134217728.0,0.000,0,0,134217728,2,0,0,0,2,1
1,after_use,f32,16777216,glibc_t2,P5,10,0,1,81998152.00,32770.0000,0.0000,23135000.0,58870000.0,2.000,134217728.0,0.000,0,0,134217728,2,0,0,0,2,1
1,after_use,f32,16777216,glibc_t2,FIXED_TWIN,10,1,1,74550164.00,32770.0000,0.0000,13109000.0,61435000.0,2.000,134217728.0,0.000,0,0,134217728,2,0,0,0,2,1
1,after_use,f32,16777216,glibc_t2,FIXED_TWIN,11,0,1,74652218.00,32770.0000,0.0000,35415000.0,39242000.0,2.000,134217728.0,0.000,0,0,134217728,2,0,0,0,2,1
1,after_use,f32,16777216,glibc_t2,P5,11,1,1,74672919.00,32770.0000,0.0000,27426000.0,47253000.0,2.000,134217728.0,0.000,0,0,134217728,2,0,0,0,2,1
1,after_use,f32,16777216,glibc_t2,P5,12,0,1,73963564.00,32770.0000,0.0000,27107000.0,46852000.0,2.000,134217728.0,0.000,0,0,134217728,2,0,0,0,2,1
1,after_use,f32,16777216,glibc_t2,FIXED_TWIN,12,1,1,73525553.00,32770.0000,0.0000,18927000.0,54604000.0,2.000,134217728.0,0.000,0,0,134217728,2,0,0,0,2,1
1,after_use,f32,16777216,glibc_t2,FIXED_TWIN,13,0,1,73456330.00,32770.0000,0.0000,26896000.0,46566000.0,2.000,134217728.0,0.000,0,0,134217728,2,0,0,0,2,1
1,after_use,f32,16777216,glibc_t2,P5,13,1,1,73100527.00,32770.0000,0.0000,18742000.0,54365000.0,2.000,134217728.0,0.000,0,0,134217728,2,0,0,0,2,1
1,after_use,f32,16777216,glibc_t2,P5,14,0,1,72671551.00,32770.0000,0.0000,10556000.0,62084000.0,2.000,134217728.0,0.000,0,0,134217728,2,0,0,0,2,1
1,after_use,f32,16777216,glibc_t2,FIXED_TWIN,14,1,1,74442777.00,32770.0000,0.0000,11328000.0,63093000.0,2.000,134217728.0,0.000,0,0,134217728,2,0,0,0,2,1
1,chain3,f32,64,glibc_t2,P5,0,0,1000,1498.87,0.0000,0.0000,654.0,848.0,3.000,768.0,0.000,0,0,256512,3,0,0,0,1,1
1,chain3,f32,64,glibc_t2,P6,0,1,1000,1438.90,0.0000,0.0000,1344.0,97.0,1.000,256.0,0.000,0,0,256000,1,2,0,0,1,1
1,chain3,f32,64,glibc_t2,P7,0,2,1000,1414.62,0.0000,0.0000,1343.0,73.0,1.000,256.0,0.000,0,0,256000,1,1,1,0,1,1
1,chain3,f32,64,glibc_t2,FIXED_TWIN,0,3,1000,1414.83,0.0000,0.0000,1352.0,64.0,1.000,256.0,0.000,0,0,256000,1,1,1,0,1,1
1,chain3,f32,64,glibc_t2,P6,1,0,1000,1429.71,0.0000,0.0000,1353.0,77.0,1.000,256.0,0.000,0,0,256000,1,2,0,0,1,1
1,chain3,f32,64,glibc_t2,P7,1,1,1000,1441.44,0.0000,0.0000,1371.0,71.0,1.000,256.0,0.000,0,0,256000,1,1,1,0,1,1
1,chain3,f32,64,glibc_t2,FIXED_TWIN,1,2,1000,1428.35,0.0000,0.0000,1372.0,58.0,1.000,256.0,0.000,0,0,256000,1,1,1,0,1,1
1,chain3,f32,64,glibc_t2,P5,1,3,1000,1501.36,0.0000,0.0000,1354.0,148.0,3.000,768.0,0.000,0,0,256512,3,0,0,0,1,1
1,chain3,f32,64,glibc_t2,P7,2,0,1000,1426.71,0.0000,0.0000,1363.0,66.0,1.000,256.0,0.000,0,0,256000,1,1,1,0,1,1
1,chain3,f32,64,glibc_t2,FIXED_TWIN,2,1,1000,1417.43,0.0000,0.0000,1352.0,66.0,1.000,256.0,0.000,0,0,256000,1,1,1,0,1,1
1,chain3,f32,64,glibc_t2,P5,2,2,1000,1489.44,0.0000,0.0000,1354.0,136.0,3.000,768.0,0.000,0,0,256512,3,0,0,0,1,1
1,chain3,f32,64,glibc_t2,P6,2,3,1000,1456.90,0.0000,0.0000,1358.0,100.0,1.000,256.0,0.000,0,0,256000,1,2,0,0,1,1
1,chain3,f32,64,glibc_t2,FIXED_TWIN,3,0,1000,1449.35,0.0000,0.0000,1451.0,0.0,1.000,256.0,0.000,0,0,256000,1,1,1,0,1,1
1,chain3,f32,64,glibc_t2,P5,3,1,1000,1514.08,0.0000,0.0000,1515.0,0.0,3.000,768.0,0.000,0,0,256512,3,0,0,0,1,1
1,chain3,f32,64,glibc_t2,P6,3,2,1000,1464.59,0.0000,0.0000,1455.0,0.0,1.000,256.0,0.000,0,0,256000,1,2,0,0,1,1
1,chain3,f32,64,glibc_t2,P7,3,3,1000,1448.36,0.0000,0.0000,1449.0,0.0,1.000,256.0,0.000,0,0,256000,1,1,1,0,1,1
1,chain3,f32,64,glibc_t2,P5,4,0,1000,1518.63,0.0000,0.0000,1520.0,0.0,3.000,768.0,0.000,0,0,256512,3,0,0,0,1,1
1,chain3,f32,64,glibc_t2,P6,4,1,1000,1488.96,0.0000,0.0000,1490.0,0.0,1.000,256.0,0.000,0,0,256000,1,2,0,0,1,1
1,chain3,f32,64,glibc_t2,P7,4,2,1000,1450.71,0.0000,0.0000,1452.0,0.0,1.000,256.0,0.000,0,0,256000,1,1,1,0,1,1
1,chain3,f32,64,glibc_t2,FIXED_TWIN,4,3,1000,1454.75,0.0000,0.0000,1457.0,0.0,1.000,256.0,0.000,0,0,256000,1,1,1,0,1,1
1,chain3,f32,64,glibc_t2,P6,5,0,1000,1459.79,0.0000,0.0000,1460.0,0.0,1.000,256.0,0.000,0,0,256000,1,2,0,0,1,1
1,chain3,f32,64,glibc_t2,P7,5,1,1000,1425.40,0.0000,0.0000,1426.0,0.0,1.000,256.0,0.000,0,0,256000,1,1,1,0,1,1
1,chain3,f32,64,glibc_t2,FIXED_TWIN,5,2,1000,1418.87,0.0000,0.0000,1420.0,0.0,1.000,256.0,0.000,0,0,256000,1,1,1,0,1,1
1,chain3,f32,64,glibc_t2,P5,5,3,1000,1520.38,0.0000,0.0000,1521.0,0.0,3.000,768.0,0.000,0,0,256512,3,0,0,0,1,1
1,chain3,f32,64,glibc_t2,P7,6,0,1000,1425.62,0.0000,0.0000,1426.0,0.0,1.000,256.0,0.000,0,0,256000,1,1,1,0,1,1
1,chain3,f32,64,glibc_t2,FIXED_TWIN,6,1,1000,1433.39,0.0000,0.0000,1434.0,0.0,1.000,256.0,0.000,0,0,256000,1,1,1,0,1,1
1,chain3,f32,64,glibc_t2,P5,6,2,1000,1505.42,0.0000,0.0000,1507.0,0.0,3.000,768.0,0.000,0,0,256512,3,0,0,0,1,1
1,chain3,f32,64,glibc_t2,P6,6,3,1000,1434.78,0.0000,0.0000,1436.0,0.0,1.000,256.0,0.000,0,0,256000,1,2,0,0,1,1
1,chain3,f32,64,glibc_t2,FIXED_TWIN,7,0,1000,1416.07,0.0000,0.0000,1417.0,0.0,1.000,256.0,0.000,0,0,256000,1,1,1,0,1,1
1,chain3,f32,64,glibc_t2,P5,7,1,1000,1506.23,0.0000,0.0000,1506.0,0.0,3.000,768.0,0.000,0,0,256512,3,0,0,0,1,1
1,chain3,f32,64,glibc_t2,P6,7,2,1000,1448.74,0.0000,0.0000,1449.0,0.0,1.000,256.0,0.000,0,0,256000,1,2,0,0,1,1
1,chain3,f32,64,glibc_t2,P7,7,3,1000,1440.48,0.0000,0.0000,1441.0,0.0,1.000,256.0,0.000,0,0,256000,1,1,1,0,1,1
1,chain3,f32,64,glibc_t2,P5,8,0,1000,1492.76,0.0000,0.0000,1493.0,0.0,3.000,768.0,0.000,0,0,256512,3,0,0,0,1,1
1,chain3,f32,64,glibc_t2,P6,8,1,1000,1434.00,0.0000,0.0000,1434.0,0.0,1.000,256.0,0.000,0,0,256000,1,2,0,0,1,1
1,chain3,f32,64,glibc_t2,P7,8,2,1000,1433.82,0.0000,0.0000,1434.0,0.0,1.000,256.0,0.000,0,0,256000,1,1,1,0,1,1
1,chain3,f32,64,glibc_t2,FIXED_TWIN,8,3,1000,1431.58,0.0000,0.0000,1432.0,0.0,1.000,256.0,0.000,0,0,256000,1,1,1,0,1,1
1,chain3,f32,64,glibc_t2,P6,9,0,1000,1467.23,0.0000,0.0000,1467.0,0.0,1.000,256.0,0.000,0,0,256000,1,2,0,0,1,1
1,chain3,f32,64,glibc_t2,P7,9,1,1000,1440.82,0.0000,0.0000,1442.0,0.0,1.000,256.0,0.000,0,0,256000,1,1,1,0,1,1
1,chain3,f32,64,glibc_t2,FIXED_TWIN,9,2,1000,1433.67,0.0000,0.0000,1435.0,0.0,1.000,256.0,0.000,0,0,256000,1,1,1,0,1,1
1,chain3,f32,64,glibc_t2,P5,9,3,1000,1495.43,0.0000,0.0000,1496.0,0.0,3.000,768.0,0.000,0,0,256512,3,0,0,0,1,1
1,chain3,f32,64,glibc_t2,P7,10,0,1000,1449.34,0.0000,0.0000,1450.0,0.0,1.000,256.0,0.000,0,0,256000,1,1,1,0,1,1
1,chain3,f32,64,glibc_t2,FIXED_TWIN,10,1,1000,1448.39,0.0000,0.0000,1449.0,0.0,1.000,256.0,0.000,0,0,256000,1,1,1,0,1,1
1,chain3,f32,64,glibc_t2,P5,10,2,1000,1510.07,0.0000,0.0000,1511.0,0.0,3.000,768.0,0.000,0,0,256512,3,0,0,0,1,1
1,chain3,f32,64,glibc_t2,P6,10,3,1000,1465.60,0.0000,0.0000,1467.0,0.0,1.000,256.0,0.000,0,0,256000,1,2,0,0,1,1
1,chain3,f32,64,glibc_t2,FIXED_TWIN,11,0,1000,1424.39,0.0000,0.0000,1426.0,0.0,1.000,256.0,0.000,0,0,256000,1,1,1,0,1,1
1,chain3,f32,64,glibc_t2,P5,11,1,1000,1476.99,0.0000,0.0000,1478.0,0.0,3.000,768.0,0.000,0,0,256512,3,0,0,0,1,1
1,chain3,f32,64,glibc_t2,P6,11,2,1000,1453.37,0.0000,0.0000,1455.0,0.0,1.000,256.0,0.000,0,0,256000,1,2,0,0,1,1
1,chain3,f32,64,glibc_t2,P7,11,3,1000,1432.16,0.0000,0.0000,1433.0,0.0,1.000,256.0,0.000,0,0,256000,1,1,1,0,1,1
1,chain3,f32,64,glibc_t2,P5,12,0,1000,1490.21,0.0000,0.0000,1491.0,0.0,3.000,768.0,0.000,0,0,256512,3,0,0,0,1,1
1,chain3,f32,64,glibc_t2,P6,12,1,1000,1441.58,0.0000,0.0000,1443.0,0.0,1.000,256.0,0.000,0,0,256000,1,2,0,0,1,1
1,chain3,f32,64,glibc_t2,P7,12,2,1000,1431.53,0.0000,0.0000,1433.0,0.0,1.000,256.0,0.000,0,0,256000,1,1,1,0,1,1
1,chain3,f32,64,glibc_t2,FIXED_TWIN,12,3,1000,1420.64,0.0000,0.0000,1421.0,0.0,1.000,256.0,0.000,0,0,256000,1,1,1,0,1,1
1,chain3,f32,64,glibc_t2,P6,13,0,1000,1456.17,0.0000,0.0000,1457.0,0.0,1.000,256.0,0.000,0,0,256000,1,2,0,0,1,1
1,chain3,f32,64,glibc_t2,P7,13,1,1000,1440.67,0.0000,0.0000,1441.0,0.0,1.000,256.0,0.000,0,0,256000,1,1,1,0,1,1
1,chain3,f32,64,glibc_t2,FIXED_TWIN,13,2,1000,1454.71,0.0000,0.0000,1455.0,0.0,1.000,256.0,0.000,0,0,256000,1,1,1,0,1,1
1,chain3,f32,64,glibc_t2,P5,13,3,1000,1485.06,0.0000,0.0000,1486.0,0.0,3.000,768.0,0.000,0,0,256512,3,0,0,0,1,1
1,chain3,f32,64,glibc_t2,P7,14,0,1000,1423.31,0.0000,0.0000,1424.0,0.0,1.000,256.0,0.000,0,0,256000,1,1,1,0,1,1
1,chain3,f32,64,glibc_t2,FIXED_TWIN,14,1,1000,1421.97,0.0000,0.0000,1423.0,0.0,1.000,256.0,0.000,0,0,256000,1,1,1,0,1,1
1,chain3,f32,64,glibc_t2,P5,14,2,1000,1574.87,0.0000,0.0000,1513.0,0.0,3.000,768.0,0.000,0,0,256512,3,0,0,0,1,1
1,chain3,f32,64,glibc_t2,P6,14,3,1000,1472.36,0.0000,0.0000,1473.0,0.0,1.000,256.0,0.000,0,0,256000,1,2,0,0,1,1
1,chain3,f32,1024,glibc_t2,P5,0,0,1000,1920.98,0.0000,0.0000,1925.0,0.0,3.000,12288.0,0.000,0,0,4104192,3,0,0,0,1,1
1,chain3,f32,1024,glibc_t2,P6,0,1,1000,1851.40,0.0000,0.0000,1662.0,194.0,1.000,4096.0,0.000,0,0,4096000,1,2,0,0,1,1
1,chain3,f32,1024,glibc_t2,P7,0,2,1000,1740.54,0.0000,0.0000,1742.0,0.0,1.000,4096.0,0.000,0,0,4096000,1,1,1,0,1,1
1,chain3,f32,1024,glibc_t2,FIXED_TWIN,0,3,1000,1830.29,0.0000,0.0000,1781.0,54.0,1.000,4096.0,0.000,0,0,4096000,1,1,1,0,1,1
1,chain3,f32,1024,glibc_t2,P6,1,0,1000,1898.96,0.0000,0.0000,1903.0,0.0,1.000,4096.0,0.000,0,0,4096000,1,2,0,0,1,1
1,chain3,f32,1024,glibc_t2,P7,1,1,1000,1911.29,0.0000,0.0000,1915.0,0.0,1.000,4096.0,0.000,0,0,4096000,1,1,1,0,1,1
1,chain3,f32,1024,glibc_t2,FIXED_TWIN,1,2,1000,1807.09,0.0000,0.0000,1809.0,0.0,1.000,4096.0,0.000,0,0,4096000,1,1,1,0,1,1
1,chain3,f32,1024,glibc_t2,P5,1,3,1000,1966.11,0.0000,0.0000,1968.0,0.0,3.000,12288.0,0.000,0,0,4104192,3,0,0,0,1,1
1,chain3,f32,1024,glibc_t2,P7,2,0,1000,1732.10,0.0000,0.0000,1736.0,0.0,1.000,4096.0,0.000,0,0,4096000,1,1,1,0,1,1
1,chain3,f32,1024,glibc_t2,FIXED_TWIN,2,1,1000,1762.01,0.0000,0.0000,1764.0,0.0,1.000,4096.0,0.000,0,0,4096000,1,1,1,0,1,1
1,chain3,f32,1024,glibc_t2,P5,2,2,1000,2031.81,0.0000,0.0000,2034.0,0.0,3.000,12288.0,0.000,0,0,4104192,3,0,0,0,1,1
1,chain3,f32,1024,glibc_t2,P6,2,3,1000,1878.70,0.0000,0.0000,1880.0,0.0,1.000,4096.0,0.000,0,0,4096000,1,2,0,0,1,1
1,chain3,f32,1024,glibc_t2,FIXED_TWIN,3,0,1000,1771.09,0.0000,0.0000,1774.0,0.0,1.000,4096.0,0.000,0,0,4096000,1,1,1,0,1,1
1,chain3,f32,1024,glibc_t2,P5,3,1,1000,2042.72,0.0000,0.0000,2046.0,0.0,3.000,12288.0,0.000,0,0,4104192,3,0,0,0,1,1
1,chain3,f32,1024,glibc_t2,P6,3,2,1000,1845.35,0.0000,0.0000,1847.0,0.0,1.000,4096.0,0.000,0,0,4096000,1,2,0,0,1,1
1,chain3,f32,1024,glibc_t2,P7,3,3,1000,2083.97,0.0000,0.0000,2088.0,0.0,1.000,4096.0,0.000,0,0,4096000,1,1,1,0,1,1
1,chain3,f32,1024,glibc_t2,P5,4,0,1000,1947.15,0.0000,0.0000,1951.0,0.0,3.000,12288.0,0.000,0,0,4104192,3,0,0,0,1,1
1,chain3,f32,1024,glibc_t2,P6,4,1,1000,1850.05,0.0000,0.0000,1853.0,0.0,1.000,4096.0,0.000,0,0,4096000,1,2,0,0,1,1
1,chain3,f32,1024,glibc_t2,P7,4,2,1000,1726.11,0.0000,0.0000,1728.0,0.0,1.000,4096.0,0.000,0,0,4096000,1,1,1,0,1,1
1,chain3,f32,1024,glibc_t2,FIXED_TWIN,4,3,1000,1719.71,0.0000,0.0000,1721.0,0.0,1.000,4096.0,0.000,0,0,4096000,1,1,1,0,1,1
1,chain3,f32,1024,glibc_t2,P6,5,0,1000,1867.36,0.0000,0.0000,1871.0,0.0,1.000,4096.0,0.000,0,0,4096000,1,2,0,0,1,1
1,chain3,f32,1024,glibc_t2,P7,5,1,1000,1729.60,0.0000,0.0000,1733.0,0.0,1.000,4096.0,0.000,0,0,4096000,1,1,1,0,1,1
1,chain3,f32,1024,glibc_t2,FIXED_TWIN,5,2,1000,1716.64,0.0000,0.0000,1718.0,0.0,1.000,4096.0,0.000,0,0,4096000,1,1,1,0,1,1
1,chain3,f32,1024,glibc_t2,P5,5,3,1000,1927.23,0.0000,0.0000,1928.0,0.0,3.000,12288.0,0.000,0,0,4104192,3,0,0,0,1,1
1,chain3,f32,1024,glibc_t2,P7,6,0,1000,1719.25,0.0000,0.0000,1721.0,0.0,1.000,4096.0,0.000,0,0,4096000,1,1,1,0,1,1
1,chain3,f32,1024,glibc_t2,FIXED_TWIN,6,1,1000,1742.27,0.0000,0.0000,1745.0,0.0,1.000,4096.0,0.000,0,0,4096000,1,1,1,0,1,1
1,chain3,f32,1024,glibc_t2,P5,6,2,1000,1894.33,0.0000,0.0000,1897.0,0.0,3.000,12288.0,0.000,0,0,4104192,3,0,0,0,1,1
1,chain3,f32,1024,glibc_t2,P6,6,3,1000,1862.55,0.0000,0.0000,1865.0,0.0,1.000,4096.0,0.000,0,0,4096000,1,2,0,0,1,1
1,chain3,f32,1024,glibc_t2,FIXED_TWIN,7,0,1000,1737.28,0.0000,0.0000,1741.0,0.0,1.000,4096.0,0.000,0,0,4096000,1,1,1,0,1,1
1,chain3,f32,1024,glibc_t2,P5,7,1,1000,2624.89,0.0000,0.0000,2628.0,0.0,3.000,12288.0,0.000,0,0,4104192,3,0,0,0,1,1
1,chain3,f32,1024,glibc_t2,P6,7,2,1000,1954.46,0.0000,0.0000,1958.0,0.0,1.000,4096.0,0.000,0,0,4096000,1,2,0,0,1,1
1,chain3,f32,1024,glibc_t2,P7,7,3,1000,2344.36,0.0000,0.0000,2351.0,0.0,1.000,4096.0,0.000,0,0,4096000,1,1,1,0,1,1
1,chain3,f32,1024,glibc_t2,P5,8,0,1000,1949.98,0.0000,0.0000,1953.0,0.0,3.000,12288.0,0.000,0,0,4104192,3,0,0,0,1,1
1,chain3,f32,1024,glibc_t2,P6,8,1,1000,1853.89,0.0000,0.0000,1856.0,0.0,1.000,4096.0,0.000,0,0,4096000,1,2,0,0,1,1
1,chain3,f32,1024,glibc_t2,P7,8,2,1000,1766.96,0.0000,0.0000,1771.0,0.0,1.000,4096.0,0.000,0,0,4096000,1,1,1,0,1,1
1,chain3,f32,1024,glibc_t2,FIXED_TWIN,8,3,1000,1716.04,0.0000,0.0000,1718.0,0.0,1.000,4096.0,0.000,0,0,4096000,1,1,1,0,1,1
1,chain3,f32,1024,glibc_t2,P6,9,0,1000,1842.15,0.0000,0.0000,1844.0,0.0,1.000,4096.0,0.000,0,0,4096000,1,2,0,0,1,1
1,chain3,f32,1024,glibc_t2,P7,9,1,1000,1771.09,0.0000,0.0000,1774.0,0.0,1.000,4096.0,0.000,0,0,4096000,1,1,1,0,1,1
1,chain3,f32,1024,glibc_t2,FIXED_TWIN,9,2,1000,1719.78,0.0000,0.0000,1722.0,0.0,1.000,4096.0,0.000,0,0,4096000,1,1,1,0,1,1
1,chain3,f32,1024,glibc_t2,P5,9,3,1000,1946.59,0.0000,0.0000,1950.0,0.0,3.000,12288.0,0.000,0,0,4104192,3,0,0,0,1,1
1,chain3,f32,1024,glibc_t2,P7,10,0,1000,1739.98,0.0000,0.0000,1742.0,0.0,1.000,4096.0,0.000,0,0,4096000,1,1,1,0,1,1
1,chain3,f32,1024,glibc_t2,FIXED_TWIN,10,1,1000,1896.11,0.0000,0.0000,1900.0,0.0,1.000,4096.0,0.000,0,0,4096000,1,1,1,0,1,1
1,chain3,f32,1024,glibc_t2,P5,10,2,1000,1947.61,0.0000,0.0000,1951.0,0.0,3.000,12288.0,0.000,0,0,4104192,3,0,0,0,1,1
1,chain3,f32,1024,glibc_t2,P6,10,3,1000,1854.75,0.0000,0.0000,1856.0,0.0,1.000,4096.0,0.000,0,0,4096000,1,2,0,0,1,1
1,chain3,f32,1024,glibc_t2,FIXED_TWIN,11,0,1000,1729.20,0.0000,0.0000,1731.0,0.0,1.000,4096.0,0.000,0,0,4096000,1,1,1,0,1,1
1,chain3,f32,1024,glibc_t2,P5,11,1,1000,1905.66,0.0000,0.0000,1907.0,0.0,3.000,12288.0,0.000,0,0,4104192,3,0,0,0,1,1
1,chain3,f32,1024,glibc_t2,P6,11,2,1000,1854.13,0.0000,0.0000,1856.0,0.0,1.000,4096.0,0.000,0,0,4096000,1,2,0,0,1,1
1,chain3,f32,1024,glibc_t2,P7,11,3,1000,1705.76,0.0000,0.0000,1708.0,0.0,1.000,4096.0,0.000,0,0,4096000,1,1,1,0,1,1
1,chain3,f32,1024,glibc_t2,P5,12,0,1000,1946.04,0.0000,0.0000,1949.0,0.0,3.000,12288.0,0.000,0,0,4104192,3,0,0,0,1,1
1,chain3,f32,1024,glibc_t2,P6,12,1,1000,1851.63,0.0000,0.0000,1854.0,0.0,1.000,4096.0,0.000,0,0,4096000,1,2,0,0,1,1
1,chain3,f32,1024,glibc_t2,P7,12,2,1000,1778.44,0.0000,0.0000,1783.0,0.0,1.000,4096.0,0.000,0,0,4096000,1,1,1,0,1,1
1,chain3,f32,1024,glibc_t2,FIXED_TWIN,12,3,1000,1834.04,0.0000,0.0000,1837.0,0.0,1.000,4096.0,0.000,0,0,4096000,1,1,1,0,1,1
1,chain3,f32,1024,glibc_t2,P6,13,0,1000,1871.63,0.0000,0.0000,1876.0,0.0,1.000,4096.0,0.000,0,0,4096000,1,2,0,0,1,1
1,chain3,f32,1024,glibc_t2,P7,13,1,1000,1751.48,0.0000,0.0000,1754.0,0.0,1.000,4096.0,0.000,0,0,4096000,1,1,1,0,1,1
1,chain3,f32,1024,glibc_t2,FIXED_TWIN,13,2,1000,1738.91,0.0000,0.0000,1741.0,0.0,1.000,4096.0,0.000,0,0,4096000,1,1,1,0,1,1
1,chain3,f32,1024,glibc_t2,P5,13,3,1000,1920.80,0.0000,0.0000,1923.0,0.0,3.000,12288.0,0.000,0,0,4104192,3,0,0,0,1,1
1,chain3,f32,1024,glibc_t2,P7,14,0,1000,1750.33,0.0000,0.0000,1754.0,0.0,1.000,4096.0,0.000,0,0,4096000,1,1,1,0,1,1
1,chain3,f32,1024,glibc_t2,FIXED_TWIN,14,1,1000,1723.72,0.0000,0.0000,1726.0,0.0,1.000,4096.0,0.000,0,0,4096000,1,1,1,0,1,1
1,chain3,f32,1024,glibc_t2,P5,14,2,1000,1942.40,0.0000,0.0000,1945.0,0.0,3.000,12288.0,0.000,0,0,4104192,3,0,0,0,1,1
1,chain3,f32,1024,glibc_t2,P6,14,3,1000,1921.98,0.0000,0.0000,1924.0,0.0,1.000,4096.0,0.000,0,0,4096000,1,2,0,0,1,1
1,chain3,f32,4096,glibc_t2,P5,0,0,1,2293.00,0.0000,0.0000,4000.0,0.0,3.000,49152.0,0.000,0,0,49152,3,0,0,0,1,1
1,chain3,f32,4096,glibc_t2,P6,0,1,1,1992.00,0.0000,0.0000,3000.0,0.0,1.000,16384.0,0.000,0,0,16384,1,2,0,0,1,1
1,chain3,f32,4096,glibc_t2,P7,0,2,1,17479.00,0.0000,0.0000,18000.0,0.0,1.000,16384.0,0.000,0,0,16384,1,1,1,0,1,1
1,chain3,f32,4096,glibc_t2,FIXED_TWIN,0,3,1,1882.00,0.0000,0.0000,3000.0,0.0,1.000,16384.0,0.000,0,0,16384,1,1,1,0,1,1
1,chain3,f32,4096,glibc_t2,P6,1,0,1,1982.00,0.0000,0.0000,3000.0,0.0,1.000,16384.0,0.000,0,0,16384,1,2,0,0,1,1
1,chain3,f32,4096,glibc_t2,P7,1,1,1,1810.00,0.0000,0.0000,3000.0,0.0,1.000,16384.0,0.000,0,0,16384,1,1,1,0,1,1
1,chain3,f32,4096,glibc_t2,FIXED_TWIN,1,2,1,1802.00,0.0000,0.0000,3000.0,0.0,1.000,16384.0,0.000,0,0,16384,1,1,1,0,1,1
1,chain3,f32,4096,glibc_t2,P5,1,3,1,2333.00,0.0000,0.0000,3000.0,0.0,3.000,49152.0,0.000,0,0,49152,3,0,0,0,1,1
1,chain3,f32,4096,glibc_t2,P7,2,0,1,1797.00,0.0000,0.0000,2000.0,0.0,1.000,16384.0,0.000,0,0,16384,1,1,1,0,1,1
1,chain3,f32,4096,glibc_t2,FIXED_TWIN,2,1,1,1729.00,0.0000,0.0000,3000.0,0.0,1.000,16384.0,0.000,0,0,16384,1,1,1,0,1,1
1,chain3,f32,4096,glibc_t2,P5,2,2,1,2289.00,0.0000,0.0000,3000.0,0.0,3.000,49152.0,0.000,0,0,49152,3,0,0,0,1,1
1,chain3,f32,4096,glibc_t2,P6,2,3,1,1906.00,0.0000,0.0000,3000.0,0.0,1.000,16384.0,0.000,0,0,16384,1,2,0,0,1,1
1,chain3,f32,4096,glibc_t2,FIXED_TWIN,3,0,1,1795.00,0.0000,0.0000,2000.0,0.0,1.000,16384.0,0.000,0,0,16384,1,1,1,0,1,1
1,chain3,f32,4096,glibc_t2,P5,3,1,1,2217.00,0.0000,0.0000,2000.0,0.0,3.000,49152.0,0.000,0,0,49152,3,0,0,0,1,1
1,chain3,f32,4096,glibc_t2,P6,3,2,1,1881.00,0.0000,0.0000,3000.0,0.0,1.000,16384.0,0.000,0,0,16384,1,2,0,0,1,1
1,chain3,f32,4096,glibc_t2,P7,3,3,1,1740.00,0.0000,0.0000,3000.0,0.0,1.000,16384.0,0.000,0,0,16384,1,1,1,0,1,1
1,chain3,f32,4096,glibc_t2,P5,4,0,1,2194.00,0.0000,0.0000,2000.0,0.0,3.000,49152.0,0.000,0,0,49152,3,0,0,0,1,1
1,chain3,f32,4096,glibc_t2,P6,4,1,1,1918.00,0.0000,0.0000,2000.0,0.0,1.000,16384.0,0.000,0,0,16384,1,2,0,0,1,1
1,chain3,f32,4096,glibc_t2,P7,4,2,1,1791.00,0.0000,0.0000,2000.0,0.0,1.000,16384.0,0.000,0,0,16384,1,1,1,0,1,1
1,chain3,f32,4096,glibc_t2,FIXED_TWIN,4,3,1,1770.00,0.0000,0.0000,2000.0,0.0,1.000,16384.0,0.000,0,0,16384,1,1,1,0,1,1
1,chain3,f32,4096,glibc_t2,P6,5,0,1,1893.00,0.0000,0.0000,2000.0,0.0,1.000,16384.0,0.000,0,0,16384,1,2,0,0,1,1
1,chain3,f32,4096,glibc_t2,P7,5,1,1,1753.00,0.0000,0.0000,2000.0,0.0,1.000,16384.0,0.000,0,0,16384,1,1,1,0,1,1
1,chain3,f32,4096,glibc_t2,FIXED_TWIN,5,2,1,1735.00,0.0000,0.0000,2000.0,0.0,1.000,16384.0,0.000,0,0,16384,1,1,1,0,1,1
1,chain3,f32,4096,glibc_t2,P5,5,3,1,2214.00,0.0000,0.0000,2000.0,0.0,3.000,49152.0,0.000,0,0,49152,3,0,0,0,1,1
1,chain3,f32,4096,glibc_t2,P7,6,0,1,1749.00,0.0000,0.0000,2000.0,0.0,1.000,16384.0,0.000,0,0,16384,1,1,1,0,1,1
1,chain3,f32,4096,glibc_t2,FIXED_TWIN,6,1,1,2348.00,0.0000,0.0000,3000.0,0.0,1.000,16384.0,0.000,0,0,16384,1,1,1,0,1,1
1,chain3,f32,4096,glibc_t2,P5,6,2,1,2227.00,0.0000,0.0000,3000.0,0.0,3.000,49152.0,0.000,0,0,49152,3,0,0,0,1,1
1,chain3,f32,4096,glibc_t2,P6,6,3,1,1868.00,0.0000,0.0000,2000.0,0.0,1.000,16384.0,0.000,0,0,16384,1,2,0,0,1,1
1,chain3,f32,4096,glibc_t2,FIXED_TWIN,7,0,1,1795.00,0.0000,0.0000,2000.0,0.0,1.000,16384.0,0.000,0,0,16384,1,1,1,0,1,1
1,chain3,f32,4096,glibc_t2,P5,7,1,1,2200.00,0.0000,0.0000,3000.0,0.0,3.000,49152.0,0.000,0,0,49152,3,0,0,0,1,1
1,chain3,f32,4096,glibc_t2,P6,7,2,1,1905.00,0.0000,0.0000,2000.0,0.0,1.000,16384.0,0.000,0,0,16384,1,2,0,0,1,1
1,chain3,f32,4096,glibc_t2,P7,7,3,1,1774.00,0.0000,0.0000,2000.0,0.0,1.000,16384.0,0.000,0,0,16384,1,1,1,0,1,1
1,chain3,f32,4096,glibc_t2,P5,8,0,1,2207.00,0.0000,0.0000,2000.0,0.0,3.000,49152.0,0.000,0,0,49152,3,0,0,0,1,1
1,chain3,f32,4096,glibc_t2,P6,8,1,1,1921.00,0.0000,0.0000,3000.0,0.0,1.000,16384.0,0.000,0,0,16384,1,2,0,0,1,1
1,chain3,f32,4096,glibc_t2,P7,8,2,1,1763.00,0.0000,0.0000,2000.0,0.0,1.000,16384.0,0.000,0,0,16384,1,1,1,0,1,1
1,chain3,f32,4096,glibc_t2,FIXED_TWIN,8,3,1,1760.00,0.0000,0.0000,2000.0,0.0,1.000,16384.0,0.000,0,0,16384,1,1,1,0,1,1
1,chain3,f32,4096,glibc_t2,P6,9,0,1,1856.00,0.0000,0.0000,2000.0,0.0,1.000,16384.0,0.000,0,0,16384,1,2,0,0,1,1
1,chain3,f32,4096,glibc_t2,P7,9,1,1,1765.00,0.0000,0.0000,2000.0,0.0,1.000,16384.0,0.000,0,0,16384,1,1,1,0,1,1
1,chain3,f32,4096,glibc_t2,FIXED_TWIN,9,2,1,1832.00,0.0000,0.0000,2000.0,0.0,1.000,16384.0,0.000,0,0,16384,1,1,1,0,1,1
1,chain3,f32,4096,glibc_t2,P5,9,3,1,2214.00,0.0000,0.0000,3000.0,0.0,3.000,49152.0,0.000,0,0,49152,3,0,0,0,1,1
1,chain3,f32,4096,glibc_t2,P7,10,0,1,1785.00,0.0000,0.0000,2000.0,0.0,1.000,16384.0,0.000,0,0,16384,1,1,1,0,1,1
1,chain3,f32,4096,glibc_t2,FIXED_TWIN,10,1,1,1753.00,0.0000,0.0000,2000.0,0.0,1.000,16384.0,0.000,0,0,16384,1,1,1,0,1,1
1,chain3,f32,4096,glibc_t2,P5,10,2,1,2215.00,0.0000,0.0000,2000.0,0.0,3.000,49152.0,0.000,0,0,49152,3,0,0,0,1,1
1,chain3,f32,4096,glibc_t2,P6,10,3,1,1934.00,0.0000,0.0000,3000.0,0.0,1.000,16384.0,0.000,0,0,16384,1,2,0,0,1,1
1,chain3,f32,4096,glibc_t2,FIXED_TWIN,11,0,1,1757.00,0.0000,0.0000,2000.0,0.0,1.000,16384.0,0.000,0,0,16384,1,1,1,0,1,1
1,chain3,f32,4096,glibc_t2,P5,11,1,1,2226.00,0.0000,0.0000,3000.0,0.0,3.000,49152.0,0.000,0,0,49152,3,0,0,0,1,1
1,chain3,f32,4096,glibc_t2,P6,11,2,1,1925.00,0.0000,0.0000,2000.0,0.0,1.000,16384.0,0.000,0,0,16384,1,2,0,0,1,1
1,chain3,f32,4096,glibc_t2,P7,11,3,1,1794.00,0.0000,0.0000,2000.0,0.0,1.000,16384.0,0.000,0,0,16384,1,1,1,0,1,1
1,chain3,f32,4096,glibc_t2,P5,12,0,1,2185.00,0.0000,0.0000,3000.0,0.0,3.000,49152.0,0.000,0,0,49152,3,0,0,0,1,1
1,chain3,f32,4096,glibc_t2,P6,12,1,1,1910.00,0.0000,0.0000,2000.0,0.0,1.000,16384.0,0.000,0,0,16384,1,2,0,0,1,1
1,chain3,f32,4096,glibc_t2,P7,12,2,1,1771.00,0.0000,0.0000,2000.0,0.0,1.000,16384.0,0.000,0,0,16384,1,1,1,0,1,1
1,chain3,f32,4096,glibc_t2,FIXED_TWIN,12,3,1,1773.00,0.0000,0.0000,2000.0,0.0,1.000,16384.0,0.000,0,0,16384,1,1,1,0,1,1
1,chain3,f32,4096,glibc_t2,P6,13,0,1,1920.00,0.0000,0.0000,2000.0,0.0,1.000,16384.0,0.000,0,0,16384,1,2,0,0,1,1
1,chain3,f32,4096,glibc_t2,P7,13,1,1,1758.00,0.0000,0.0000,2000.0,0.0,1.000,16384.0,0.000,0,0,16384,1,1,1,0,1,1
1,chain3,f32,4096,glibc_t2,FIXED_TWIN,13,2,1,1793.00,0.0000,0.0000,3000.0,0.0,1.000,16384.0,0.000,0,0,16384,1,1,1,0,1,1
1,chain3,f32,4096,glibc_t2,P5,13,3,1,2215.00,0.0000,0.0000,2000.0,0.0,3.000,49152.0,0.000,0,0,49152,3,0,0,0,1,1
1,chain3,f32,4096,glibc_t2,P7,14,0,1,1772.00,0.0000,0.0000,2000.0,0.0,1.000,16384.0,0.000,0,0,16384,1,1,1,0,1,1
1,chain3,f32,4096,glibc_t2,FIXED_TWIN,14,1,1,1747.00,0.0000,0.0000,2000.0,0.0,1.000,16384.0,0.000,0,0,16384,1,1,1,0,1,1
1,chain3,f32,4096,glibc_t2,P5,14,2,1,2191.00,0.0000,0.0000,2000.0,0.0,3.000,49152.0,0.000,0,0,49152,3,0,0,0,1,1
1,chain3,f32,4096,glibc_t2,P6,14,3,1,1870.00,0.0000,0.0000,2000.0,0.0,1.000,16384.0,0.000,0,0,16384,1,2,0,0,1,1
1,chain3,f32,16384,glibc_t2,P5,0,0,1,7020.00,0.0000,0.0000,7000.0,0.0,3.000,196608.0,0.000,0,0,196608,3,0,0,0,1,1
1,chain3,f32,16384,glibc_t2,P6,0,1,1,10082.00,0.0000,0.0000,5000.0,6000.0,1.000,65536.0,0.000,0,0,65536,1,2,0,0,1,1
1,chain3,f32,16384,glibc_t2,P7,0,2,1,6080.00,0.0000,0.0000,7000.0,0.0,1.000,65536.0,0.000,0,0,65536,1,1,1,0,1,1
1,chain3,f32,16384,glibc_t2,FIXED_TWIN,0,3,1,6041.00,0.0000,0.0000,6000.0,0.0,1.000,65536.0,0.000,0,0,65536,1,1,1,0,1,1
1,chain3,f32,16384,glibc_t2,P6,1,0,1,6681.00,0.0000,0.0000,7000.0,0.0,1.000,65536.0,0.000,0,0,65536,1,2,0,0,1,1
1,chain3,f32,16384,glibc_t2,P7,1,1,1,5985.00,0.0000,0.0000,7000.0,0.0,1.000,65536.0,0.000,0,0,65536,1,1,1,0,1,1
1,chain3,f32,16384,glibc_t2,FIXED_TWIN,1,2,1,5919.00,0.0000,0.0000,6000.0,0.0,1.000,65536.0,0.000,0,0,65536,1,1,1,0,1,1
1,chain3,f32,16384,glibc_t2,P5,1,3,1,6973.00,0.0000,0.0000,7000.0,0.0,3.000,196608.0,0.000,0,0,196608,3,0,0,0,1,1
1,chain3,f32,16384,glibc_t2,P7,2,0,1,5904.00,0.0000,0.0000,7000.0,0.0,1.000,65536.0,0.000,0,0,65536,1,1,1,0,1,1
1,chain3,f32,16384,glibc_t2,FIXED_TWIN,2,1,1,5891.00,0.0000,0.0000,6000.0,0.0,1.000,65536.0,0.000,0,0,65536,1,1,1,0,1,1
1,chain3,f32,16384,glibc_t2,P5,2,2,1,6911.00,0.0000,0.0000,7000.0,0.0,3.000,196608.0,0.000,0,0,196608,3,0,0,0,1,1
1,chain3,f32,16384,glibc_t2,P6,2,3,1,6631.00,0.0000,0.0000,7000.0,0.0,1.000,65536.0,0.000,0,0,65536,1,2,0,0,1,1
1,chain3,f32,16384,glibc_t2,FIXED_TWIN,3,0,1,5962.00,0.0000,0.0000,6000.0,0.0,1.000,65536.0,0.000,0,0,65536,1,1,1,0,1,1
1,chain3,f32,16384,glibc_t2,P5,3,1,1,6916.00,0.0000,0.0000,7000.0,0.0,3.000,196608.0,0.000,0,0,196608,3,0,0,0,1,1
1,chain3,f32,16384,glibc_t2,P6,3,2,1,6683.00,0.0000,0.0000,7000.0,0.0,1.000,65536.0,0.000,0,0,65536,1,2,0,0,1,1
1,chain3,f32,16384,glibc_t2,P7,3,3,1,5878.00,0.0000,0.0000,6000.0,0.0,1.000,65536.0,0.000,0,0,65536,1,1,1,0,1,1
1,chain3,f32,16384,glibc_t2,P5,4,0,1,6898.00,0.0000,0.0000,8000.0,0.0,3.000,196608.0,0.000,0,0,196608,3,0,0,0,1,1
1,chain3,f32,16384,glibc_t2,P6,4,1,1,6681.00,0.0000,0.0000,7000.0,0.0,1.000,65536.0,0.000,0,0,65536,1,2,0,0,1,1
1,chain3,f32,16384,glibc_t2,P7,4,2,1,5921.00,0.0000,0.0000,6000.0,0.0,1.000,65536.0,0.000,0,0,65536,1,1,1,0,1,1
1,chain3,f32,16384,glibc_t2,FIXED_TWIN,4,3,1,5917.00,0.0000,0.0000,7000.0,0.0,1.000,65536.0,0.000,0,0,65536,1,1,1,0,1,1
1,chain3,f32,16384,glibc_t2,P6,5,0,1,6649.00,0.0000,0.0000,7000.0,0.0,1.000,65536.0,0.000,0,0,65536,1,2,0,0,1,1
1,chain3,f32,16384,glibc_t2,P7,5,1,1,5911.00,0.0000,0.0000,6000.0,0.0,1.000,65536.0,0.000,0,0,65536,1,1,1,0,1,1
1,chain3,f32,16384,glibc_t2,FIXED_TWIN,5,2,1,5855.00,0.0000,0.0000,6000.0,0.0,1.000,65536.0,0.000,0,0,65536,1,1,1,0,1,1
1,chain3,f32,16384,glibc_t2,P5,5,3,1,7065.00,0.0000,0.0000,7000.0,0.0,3.000,196608.0,0.000,0,0,196608,3,0,0,0,1,1
1,chain3,f32,16384,glibc_t2,P7,6,0,1,6048.00,0.0000,0.0000,6000.0,0.0,1.000,65536.0,0.000,0,0,65536,1,1,1,0,1,1
1,chain3,f32,16384,glibc_t2,FIXED_TWIN,6,1,1,5965.00,0.0000,0.0000,6000.0,0.0,1.000,65536.0,0.000,0,0,65536,1,1,1,0,1,1
1,chain3,f32,16384,glibc_t2,P5,6,2,1,10266.00,0.0000,0.0000,11000.0,0.0,3.000,196608.0,0.000,0,0,196608,3,0,0,0,1,1
1,chain3,f32,16384,glibc_t2,P6,6,3,1,6752.00,0.0000,0.0000,8000.0,0.0,1.000,65536.0,0.000,0,0,65536,1,2,0,0,1,1
1,chain3,f32,16384,glibc_t2,FIXED_TWIN,7,0,1,5950.00,0.0000,0.0000,6000.0,0.0,1.000,65536.0,0.000,0,0,65536,1,1,1,0,1,1
1,chain3,f32,16384,glibc_t2,P5,7,1,1,7034.00,0.0000,0.0000,8000.0,0.0,3.000,196608.0,0.000,0,0,196608,3,0,0,0,1,1
1,chain3,f32,16384,glibc_t2,P6,7,2,1,6646.00,0.0000,0.0000,7000.0,0.0,1.000,65536.0,0.000,0,0,65536,1,2,0,0,1,1
1,chain3,f32,16384,glibc_t2,P7,7,3,1,5933.00,0.0000,0.0000,6000.0,0.0,1.000,65536.0,0.000,0,0,65536,1,1,1,0,1,1
1,chain3,f32,16384,glibc_t2,P5,8,0,1,6888.00,0.0000,0.0000,7000.0,0.0,3.000,196608.0,0.000,0,0,196608,3,0,0,0,1,1
1,chain3,f32,16384,glibc_t2,P6,8,1,1,6625.00,0.0000,0.0000,7000.0,0.0,1.000,65536.0,0.000,0,0,65536,1,2,0,0,1,1
1,chain3,f32,16384,glibc_t2,P7,8,2,1,5898.00,0.0000,0.0000,7000.0,0.0,1.000,65536.0,0.000,0,0,65536,1,1,1,0,1,1
1,chain3,f32,16384,glibc_t2,FIXED_TWIN,8,3,1,5931.00,0.0000,0.0000,7000.0,0.0,1.000,65536.0,0.000,0,0,65536,1,1,1,0,1,1
1,chain3,f32,16384,glibc_t2,P6,9,0,1,6675.00,0.0000,0.0000,7000.0,0.0,1.000,65536.0,0.000,0,0,65536,1,2,0,0,1,1
1,chain3,f32,16384,glibc_t2,P7,9,1,1,5870.00,0.0000,0.0000,7000.0,0.0,1.000,65536.0,0.000,0,0,65536,1,1,1,0,1,1
1,chain3,f32,16384,glibc_t2,FIXED_TWIN,9,2,1,5861.00,0.0000,0.0000,7000.0,0.0,1.000,65536.0,0.000,0,0,65536,1,1,1,0,1,1
1,chain3,f32,16384,glibc_t2,P5,9,3,1,6945.00,0.0000,0.0000,8000.0,0.0,3.000,196608.0,0.000,0,0,196608,3,0,0,0,1,1
1,chain3,f32,16384,glibc_t2,P7,10,0,1,5922.00,0.0000,0.0000,7000.0,0.0,1.000,65536.0,0.000,0,0,65536,1,1,1,0,1,1
1,chain3,f32,16384,glibc_t2,FIXED_TWIN,10,1,1,5897.00,0.0000,0.0000,6000.0,0.0,1.000,65536.0,0.000,0,0,65536,1,1,1,0,1,1
1,chain3,f32,16384,glibc_t2,P5,10,2,1,6896.00,0.0000,0.0000,7000.0,0.0,3.000,196608.0,0.000,0,0,196608,3,0,0,0,1,1
1,chain3,f32,16384,glibc_t2,P6,10,3,1,6636.00,0.0000,0.0000,7000.0,0.0,1.000,65536.0,0.000,0,0,65536,1,2,0,0,1,1
1,chain3,f32,16384,glibc_t2,FIXED_TWIN,11,0,1,5920.00,0.0000,0.0000,7000.0,0.0,1.000,65536.0,0.000,0,0,65536,1,1,1,0,1,1
1,chain3,f32,16384,glibc_t2,P5,11,1,1,6925.00,0.0000,0.0000,8000.0,0.0,3.000,196608.0,0.000,0,0,196608,3,0,0,0,1,1
1,chain3,f32,16384,glibc_t2,P6,11,2,1,6668.00,0.0000,0.0000,7000.0,0.0,1.000,65536.0,0.000,0,0,65536,1,2,0,0,1,1
1,chain3,f32,16384,glibc_t2,P7,11,3,1,5961.00,0.0000,0.0000,6000.0,0.0,1.000,65536.0,0.000,0,0,65536,1,1,1,0,1,1
1,chain3,f32,16384,glibc_t2,P5,12,0,1,7132.00,0.0000,0.0000,8000.0,0.0,3.000,196608.0,0.000,0,0,196608,3,0,0,0,1,1
1,chain3,f32,16384,glibc_t2,P6,12,1,1,6794.00,0.0000,0.0000,7000.0,0.0,1.000,65536.0,0.000,0,0,65536,1,2,0,0,1,1
1,chain3,f32,16384,glibc_t2,P7,12,2,1,5924.00,0.0000,0.0000,6000.0,0.0,1.000,65536.0,0.000,0,0,65536,1,1,1,0,1,1
1,chain3,f32,16384,glibc_t2,FIXED_TWIN,12,3,1,5921.00,0.0000,0.0000,7000.0,0.0,1.000,65536.0,0.000,0,0,65536,1,1,1,0,1,1
1,chain3,f32,16384,glibc_t2,P6,13,0,1,6646.00,0.0000,0.0000,7000.0,0.0,1.000,65536.0,0.000,0,0,65536,1,2,0,0,1,1
1,chain3,f32,16384,glibc_t2,P7,13,1,1,5935.00,0.0000,0.0000,7000.0,0.0,1.000,65536.0,0.000,0,0,65536,1,1,1,0,1,1
1,chain3,f32,16384,glibc_t2,FIXED_TWIN,13,2,1,5937.00,0.0000,0.0000,7000.0,0.0,1.000,65536.0,0.000,0,0,65536,1,1,1,0,1,1
1,chain3,f32,16384,glibc_t2,P5,13,3,1,7051.00,0.0000,0.0000,7000.0,0.0,3.000,196608.0,0.000,0,0,196608,3,0,0,0,1,1
1,chain3,f32,16384,glibc_t2,P7,14,0,1,5944.00,0.0000,0.0000,7000.0,0.0,1.000,65536.0,0.000,0,0,65536,1,1,1,0,1,1
1,chain3,f32,16384,glibc_t2,FIXED_TWIN,14,1,1,5906.00,0.0000,0.0000,7000.0,0.0,1.000,65536.0,0.000,0,0,65536,1,1,1,0,1,1
1,chain3,f32,16384,glibc_t2,P5,14,2,1,6952.00,0.0000,0.0000,8000.0,0.0,3.000,196608.0,0.000,0,0,196608,3,0,0,0,1,1
1,chain3,f32,16384,glibc_t2,P6,14,3,1,6644.00,0.0000,0.0000,7000.0,0.0,1.000,65536.0,0.000,0,0,65536,1,2,0,0,1,1
1,chain3,f32,65536,glibc_t2,P5,0,0,1,237990.00,195.0000,0.0000,240000.0,0.0,3.000,786432.0,0.000,0,0,786432,3,0,0,0,1,1
1,chain3,f32,65536,glibc_t2,P6,0,1,1,107451.00,65.0000,0.0000,108000.0,0.0,1.000,262144.0,0.000,0,0,262144,1,2,0,0,1,1
1,chain3,f32,65536,glibc_t2,P7,0,2,1,83594.00,65.0000,0.0000,85000.0,0.0,1.000,262144.0,0.000,0,0,262144,1,1,1,0,1,1
1,chain3,f32,65536,glibc_t2,FIXED_TWIN,0,3,1,83383.00,65.0000,0.0000,85000.0,0.0,1.000,262144.0,0.000,0,0,262144,1,1,1,0,1,1
1,chain3,f32,65536,glibc_t2,P6,1,0,1,88218.00,65.0000,0.0000,89000.0,0.0,1.000,262144.0,0.000,0,0,262144,1,2,0,0,1,1
1,chain3,f32,65536,glibc_t2,P7,1,1,1,119437.00,65.0000,0.0000,0.0,120000.0,1.000,262144.0,0.000,0,0,262144,1,1,1,0,1,1
1,chain3,f32,65536,glibc_t2,FIXED_TWIN,1,2,1,84977.00,65.0000,0.0000,0.0,86000.0,1.000,262144.0,0.000,0,0,262144,1,1,1,0,1,1
1,chain3,f32,65536,glibc_t2,P5,1,3,1,264346.00,195.0000,0.0000,0.0,266000.0,3.000,786432.0,0.000,0,0,786432,3,0,0,0,1,1
1,chain3,f32,65536,glibc_t2,P7,2,0,1,84622.00,65.0000,0.0000,0.0,86000.0,1.000,262144.0,0.000,0,0,262144,1,1,1,0,1,1
1,chain3,f32,65536,glibc_t2,FIXED_TWIN,2,1,1,84140.00,65.0000,0.0000,0.0,85000.0,1.000,262144.0,0.000,0,0,262144,1,1,1,0,1,1
1,chain3,f32,65536,glibc_t2,P5,2,2,1,243153.00,195.0000,0.0000,0.0,244000.0,3.000,786432.0,0.000,0,0,786432,3,0,0,0,1,1
1,chain3,f32,65536,glibc_t2,P6,2,3,1,88467.00,65.0000,0.0000,0.0,90000.0,1.000,262144.0,0.000,0,0,262144,1,2,0,0,1,1
1,chain3,f32,65536,glibc_t2,FIXED_TWIN,3,0,1,84042.00,65.0000,0.0000,0.0,85000.0,1.000,262144.0,0.000,0,0,262144,1,1,1,0,1,1
1,chain3,f32,65536,glibc_t2,P5,3,1,1,235029.00,195.0000,0.0000,0.0,237000.0,3.000,786432.0,0.000,0,0,786432,3,0,0,0,1,1
1,chain3,f32,65536,glibc_t2,P6,3,2,1,88595.00,65.0000,0.0000,0.0,90000.0,1.000,262144.0,0.000,0,0,262144,1,2,0,0,1,1
1,chain3,f32,65536,glibc_t2,P7,3,3,1,115039.00,65.0000,0.0000,116000.0,0.0,1.000,262144.0,0.000,0,0,262144,1,1,1,0,1,1
1,chain3,f32,65536,glibc_t2,P5,4,0,1,244988.00,195.0000,0.0000,247000.0,0.0,3.000,786432.0,0.000,0,0,786432,3,0,0,0,1,1
1,chain3,f32,65536,glibc_t2,P6,4,1,1,89938.00,65.0000,0.0000,91000.0,0.0,1.000,262144.0,0.000,0,0,262144,1,2,0,0,1,1
1,chain3,f32,65536,glibc_t2,P7,4,2,1,90192.00,65.0000,0.0000,92000.0,0.0,1.000,262144.0,0.000,0,0,262144,1,1,1,0,1,1
1,chain3,f32,65536,glibc_t2,FIXED_TWIN,4,3,1,84052.00,65.0000,0.0000,85000.0,0.0,1.000,262144.0,0.000,0,0,262144,1,1,1,0,1,1
1,chain3,f32,65536,glibc_t2,P6,5,0,1,104887.00,65.0000,0.0000,105000.0,0.0,1.000,262144.0,0.000,0,0,262144,1,2,0,0,1,1
1,chain3,f32,65536,glibc_t2,P7,5,1,1,86873.00,65.0000,0.0000,88000.0,0.0,1.000,262144.0,0.000,0,0,262144,1,1,1,0,1,1
1,chain3,f32,65536,glibc_t2,FIXED_TWIN,5,2,1,85537.00,65.0000,0.0000,87000.0,0.0,1.000,262144.0,0.000,0,0,262144,1,1,1,0,1,1
1,chain3,f32,65536,glibc_t2,P5,5,3,1,276301.00,195.0000,0.0000,278000.0,0.0,3.000,786432.0,0.000,0,0,786432,3,0,0,0,1,1
1,chain3,f32,65536,glibc_t2,P7,6,0,1,83961.00,65.0000,0.0000,85000.0,0.0,1.000,262144.0,0.000,0,0,262144,1,1,1,0,1,1
1,chain3,f32,65536,glibc_t2,FIXED_TWIN,6,1,1,83657.00,65.0000,0.0000,85000.0,0.0,1.000,262144.0,0.000,0,0,262144,1,1,1,0,1,1
1,chain3,f32,65536,glibc_t2,P5,6,2,1,242284.00,195.0000,0.0000,0.0,244000.0,3.000,786432.0,0.000,0,0,786432,3,0,0,0,1,1
1,chain3,f32,65536,glibc_t2,P6,6,3,1,88132.00,65.0000,0.0000,0.0,89000.0,1.000,262144.0,0.000,0,0,262144,1,2,0,0,1,1
1,chain3,f32,65536,glibc_t2,FIXED_TWIN,7,0,1,110808.00,65.0000,0.0000,0.0,112000.0,1.000,262144.0,0.000,0,0,262144,1,1,1,0,1,1
1,chain3,f32,65536,glibc_t2,P5,7,1,1,247501.00,195.0000,0.0000,0.0,249000.0,3.000,786432.0,0.000,0,0,786432,3,0,0,0,1,1
1,chain3,f32,65536,glibc_t2,P6,7,2,1,96922.00,65.0000,0.0000,0.0,99000.0,1.000,262144.0,0.000,0,0,262144,1,2,0,0,1,1
1,chain3,f32,65536,glibc_t2,P7,7,3,1,83883.00,65.0000,0.0000,0.0,85000.0,1.000,262144.0,0.000,0,0,262144,1,1,1,0,1,1
1,chain3,f32,65536,glibc_t2,P5,8,0,1,236949.00,195.0000,0.0000,0.0,238000.0,3.000,786432.0,0.000,0,0,786432,3,0,0,0,1,1
1,chain3,f32,65536,glibc_t2,P6,8,1,1,94541.00,65.0000,0.0000,0.0,95000.0,1.000,262144.0,0.000,0,0,262144,1,2,0,0,1,1
1,chain3,f32,65536,glibc_t2,P7,8,2,1,83575.00,65.0000,0.0000,0.0,85000.0,1.000,262144.0,0.000,0,0,262144,1,1,1,0,1,1
1,chain3,f32,65536,glibc_t2,FIXED_TWIN,8,3,1,83959.00,65.0000,0.0000,38000.0,47000.0,1.000,262144.0,0.000,0,0,262144,1,1,1,0,1,1
1,chain3,f32,65536,glibc_t2,P6,9,0,1,90239.00,65.0000,0.0000,41000.0,51000.0,1.000,262144.0,0.000,0,0,262144,1,2,0,0,1,1
1,chain3,f32,65536,glibc_t2,P7,9,1,1,87253.00,65.0000,0.0000,89000.0,0.0,1.000,262144.0,0.000,0,0,262144,1,1,1,0,1,1
1,chain3,f32,65536,glibc_t2,FIXED_TWIN,9,2,1,83637.00,65.0000,0.0000,85000.0,0.0,1.000,262144.0,0.000,0,0,262144,1,1,1,0,1,1
1,chain3,f32,65536,glibc_t2,P5,9,3,1,244745.00,195.0000,0.0000,246000.0,0.0,3.000,786432.0,0.000,0,0,786432,3,0,0,0,1,1
1,chain3,f32,65536,glibc_t2,P7,10,0,1,86570.00,65.0000,0.0000,88000.0,0.0,1.000,262144.0,0.000,0,0,262144,1,1,1,0,1,1
1,chain3,f32,65536,glibc_t2,FIXED_TWIN,10,1,1,83091.00,65.0000,0.0000,84000.0,0.0,1.000,262144.0,0.000,0,0,262144,1,1,1,0,1,1
1,chain3,f32,65536,glibc_t2,P5,10,2,1,240194.00,195.0000,0.0000,241000.0,0.0,3.000,786432.0,0.000,0,0,786432,3,0,0,0,1,1
1,chain3,f32,65536,glibc_t2,P6,10,3,1,88620.00,65.0000,0.0000,90000.0,0.0,1.000,262144.0,0.000,0,0,262144,1,2,0,0,1,1
1,chain3,f32,65536,glibc_t2,FIXED_TWIN,11,0,1,90345.00,65.0000,0.0000,91000.0,0.0,1.000,262144.0,0.000,0,0,262144,1,1,1,0,1,1
1,chain3,f32,65536,glibc_t2,P5,11,1,1,235476.00,195.0000,0.0000,237000.0,0.0,3.000,786432.0,0.000,0,0,786432,3,0,0,0,1,1
1,chain3,f32,65536,glibc_t2,P6,11,2,1,91253.00,65.0000,0.0000,92000.0,0.0,1.000,262144.0,0.000,0,0,262144,1,2,0,0,1,1
1,chain3,f32,65536,glibc_t2,P7,11,3,1,85372.00,65.0000,0.0000,87000.0,0.0,1.000,262144.0,0.000,0,0,262144,1,1,1,0,1,1
1,chain3,f32,65536,glibc_t2,P5,12,0,1,260544.00,195.0000,0.0000,262000.0,0.0,3.000,786432.0,0.000,0,0,786432,3,0,0,0,1,1
1,chain3,f32,65536,glibc_t2,P6,12,1,1,88801.00,65.0000,0.0000,90000.0,0.0,1.000,262144.0,0.000,0,0,262144,1,2,0,0,1,1
1,chain3,f32,65536,glibc_t2,P7,12,2,1,82463.00,65.0000,0.0000,84000.0,0.0,1.000,262144.0,0.000,0,0,262144,1,1,1,0,1,1
1,chain3,f32,65536,glibc_t2,FIXED_TWIN,12,3,1,83487.00,65.0000,0.0000,85000.0,0.0,1.000,262144.0,0.000,0,0,262144,1,1,1,0,1,1
1,chain3,f32,65536,glibc_t2,P6,13,0,1,88876.00,65.0000,0.0000,94000.0,0.0,1.000,262144.0,0.000,0,0,262144,1,2,0,0,1,1
1,chain3,f32,65536,glibc_t2,P7,13,1,1,84312.00,65.0000,0.0000,85000.0,0.0,1.000,262144.0,0.000,0,0,262144,1,1,1,0,1,1
1,chain3,f32,65536,glibc_t2,FIXED_TWIN,13,2,1,83887.00,65.0000,0.0000,85000.0,0.0,1.000,262144.0,0.000,0,0,262144,1,1,1,0,1,1
1,chain3,f32,65536,glibc_t2,P5,13,3,1,237770.00,195.0000,0.0000,240000.0,0.0,3.000,786432.0,0.000,0,0,786432,3,0,0,0,1,1
1,chain3,f32,65536,glibc_t2,P7,14,0,1,84111.00,65.0000,0.0000,85000.0,0.0,1.000,262144.0,0.000,0,0,262144,1,1,1,0,1,1
1,chain3,f32,65536,glibc_t2,FIXED_TWIN,14,1,1,113348.00,65.0000,0.0000,115000.0,0.0,1.000,262144.0,0.000,0,0,262144,1,1,1,0,1,1
1,chain3,f32,65536,glibc_t2,P5,14,2,1,243445.00,195.0000,0.0000,245000.0,0.0,3.000,786432.0,0.000,0,0,786432,3,0,0,0,1,1
1,chain3,f32,65536,glibc_t2,P6,14,3,1,88384.00,65.0000,0.0000,89000.0,0.0,1.000,262144.0,0.000,0,0,262144,1,2,0,0,1,1
1,chain3,f32,262144,glibc_t2,P5,0,0,1,1086996.00,771.0000,0.0000,478000.0,611000.0,3.000,3145728.0,0.000,0,0,3145728,3,0,0,0,1,1
1,chain3,f32,262144,glibc_t2,P6,0,1,1,448728.00,257.0000,0.0000,198000.0,253000.0,1.000,1048576.0,0.000,0,0,1048576,1,2,0,0,1,1
1,chain3,f32,262144,glibc_t2,P7,0,2,1,484612.00,257.0000,0.0000,0.0,487000.0,1.000,1048576.0,0.000,0,0,1048576,1,1,1,0,1,1
1,chain3,f32,262144,glibc_t2,FIXED_TWIN,0,3,1,445557.00,257.0000,0.0000,0.0,448000.0,1.000,1048576.0,0.000,0,0,1048576,1,1,1,0,1,1
1,chain3,f32,262144,glibc_t2,P6,1,0,1,472749.00,257.0000,0.0000,0.0,476000.0,1.000,1048576.0,0.000,0,0,1048576,1,2,0,0,1,1
1,chain3,f32,262144,glibc_t2,P7,1,1,1,485821.00,257.0000,0.0000,0.0,488000.0,1.000,1048576.0,0.000,0,0,1048576,1,1,1,0,1,1
1,chain3,f32,262144,glibc_t2,FIXED_TWIN,1,2,1,436511.00,257.0000,0.0000,0.0,438000.0,1.000,1048576.0,0.000,0,0,1048576,1,1,1,0,1,1
1,chain3,f32,262144,glibc_t2,P5,1,3,1,1096791.00,771.0000,0.0000,1099000.0,0.0,3.000,3145728.0,0.000,0,0,3145728,3,0,0,0,1,1
1,chain3,f32,262144,glibc_t2,P7,2,0,1,450587.00,257.0000,0.0000,453000.0,0.0,1.000,1048576.0,0.000,0,0,1048576,1,1,1,0,1,1
1,chain3,f32,262144,glibc_t2,FIXED_TWIN,2,1,1,466158.00,257.0000,0.0000,289000.0,179000.0,1.000,1048576.0,0.000,0,0,1048576,1,1,1,0,1,1
1,chain3,f32,262144,glibc_t2,P5,2,2,1,1078691.00,771.0000,0.0000,1081000.0,0.0,3.000,3145728.0,0.000,0,0,3145728,3,0,0,0,1,1
1,chain3,f32,262144,glibc_t2,P6,2,3,1,489570.00,257.0000,0.0000,470000.0,22000.0,1.000,1048576.0,0.000,0,0,1048576,1,2,0,0,1,1
1,chain3,f32,262144,glibc_t2,FIXED_TWIN,3,0,1,478362.00,257.0000,0.0000,0.0,481000.0,1.000,1048576.0,0.000,0,0,1048576,1,1,1,0,1,1
1,chain3,f32,262144,glibc_t2,P5,3,1,1,1072071.00,771.0000,0.0000,0.0,1074000.0,3.000,3145728.0,0.000,0,0,3145728,3,0,0,0,1,1
1,chain3,f32,262144,glibc_t2,P6,3,2,1,482478.00,257.0000,0.0000,485000.0,0.0,1.000,1048576.0,0.000,0,0,1048576,1,2,0,0,1,1
1,chain3,f32,262144,glibc_t2,P7,3,3,1,429259.00,257.0000,0.0000,431000.0,0.0,1.000,1048576.0,0.000,0,0,1048576,1,1,1,0,1,1
1,chain3,f32,262144,glibc_t2,P5,4,0,1,1122591.00,771.0000,0.0000,0.0,1124000.0,3.000,3145728.0,0.000,0,0,3145728,3,0,0,0,1,1
1,chain3,f32,262144,glibc_t2,P6,4,1,1,449180.00,257.0000,0.0000,0.0,452000.0,1.000,1048576.0,0.000,0,0,1048576,1,2,0,0,1,1
1,chain3,f32,262144,glibc_t2,P7,4,2,1,460494.00,257.0000,0.0000,203000.0,260000.0,1.000,1048576.0,0.000,0,0,1048576,1,1,1,0,1,1
1,chain3,f32,262144,glibc_t2,FIXED_TWIN,4,3,1,434560.00,257.0000,0.0000,437000.0,0.0,1.000,1048576.0,0.000,0,0,1048576,1,1,1,0,1,1
1,chain3,f32,262144,glibc_t2,P6,5,0,1,466865.00,257.0000,0.0000,470000.0,0.0,1.000,1048576.0,0.000,0,0,1048576,1,2,0,0,1,1
1,chain3,f32,262144,glibc_t2,P7,5,1,1,465954.00,257.0000,0.0000,423000.0,46000.0,1.000,1048576.0,0.000,0,0,1048576,1,1,1,0,1,1
1,chain3,f32,262144,glibc_t2,FIXED_TWIN,5,2,1,437918.00,257.0000,0.0000,0.0,440000.0,1.000,1048576.0,0.000,0,0,1048576,1,1,1,0,1,1
1,chain3,f32,262144,glibc_t2,P5,5,3,1,1071576.00,771.0000,0.0000,0.0,1074000.0,3.000,3145728.0,0.000,0,0,3145728,3,0,0,0,1,1
1,chain3,f32,262144,glibc_t2,P7,6,0,1,432462.00,257.0000,0.0000,0.0,434000.0,1.000,1048576.0,0.000,0,0,1048576,1,1,1,0,1,1
1,chain3,f32,262144,glibc_t2,FIXED_TWIN,6,1,1,459860.00,257.0000,0.0000,0.0,462000.0,1.000,1048576.0,0.000,0,0,1048576,1,1,1,0,1,1
1,chain3,f32,262144,glibc_t2,P5,6,2,1,1098861.00,771.0000,0.0000,1101000.0,0.0,3.000,3145728.0,0.000,0,0,3145728,3,0,0,0,1,1
1,chain3,f32,262144,glibc_t2,P6,6,3,1,489002.00,257.0000,0.0000,492000.0,0.0,1.000,1048576.0,0.000,0,0,1048576,1,2,0,0,1,1
1,chain3,f32,262144,glibc_t2,FIXED_TWIN,7,0,1,443164.00,257.0000,0.0000,446000.0,0.0,1.000,1048576.0,0.000,0,0,1048576,1,1,1,0,1,1
1,chain3,f32,262144,glibc_t2,P5,7,1,1,1077613.00,771.0000,0.0000,0.0,1080000.0,3.000,3145728.0,0.000,0,0,3145728,3,0,0,0,1,1
1,chain3,f32,262144,glibc_t2,P6,7,2,1,462582.00,257.0000,0.0000,70000.0,395000.0,1.000,1048576.0,0.000,0,0,1048576,1,2,0,0,1,1
1,chain3,f32,262144,glibc_t2,P7,7,3,1,436028.00,257.0000,0.0000,0.0,438000.0,1.000,1048576.0,0.000,0,0,1048576,1,1,1,0,1,1
1,chain3,f32,262144,glibc_t2,P5,8,0,1,1059356.00,771.0000,0.0000,0.0,1062000.0,3.000,3145728.0,0.000,0,0,3145728,3,0,0,0,1,1
1,chain3,f32,262144,glibc_t2,P6,8,1,1,465390.00,257.0000,0.0000,0.0,468000.0,1.000,1048576.0,0.000,0,0,1048576,1,2,0,0,1,1
1,chain3,f32,262144,glibc_t2,P7,8,2,1,467276.00,257.0000,0.0000,0.0,470000.0,1.000,1048576.0,0.000,0,0,1048576,1,1,1,0,1,1
1,chain3,f32,262144,glibc_t2,FIXED_TWIN,8,3,1,431999.00,257.0000,0.0000,55000.0,379000.0,1.000,1048576.0,0.000,0,0,1048576,1,1,1,0,1,1
1,chain3,f32,262144,glibc_t2,P6,9,0,1,491543.00,257.0000,0.0000,0.0,495000.0,1.000,1048576.0,0.000,0,0,1048576,1,2,0,0,1,1
1,chain3,f32,262144,glibc_t2,P7,9,1,1,438432.00,257.0000,0.0000,0.0,441000.0,1.000,1048576.0,0.000,0,0,1048576,1,1,1,0,1,1
1,chain3,f32,262144,glibc_t2,FIXED_TWIN,9,2,1,433540.00,257.0000,0.0000,55000.0,381000.0,1.000,1048576.0,0.000,0,0,1048576,1,1,1,0,1,1
1,chain3,f32,262144,glibc_t2,P5,9,3,1,1062299.00,771.0000,0.0000,1065000.0,0.0,3.000,3145728.0,0.000,0,0,3145728,3,0,0,0,1,1
1,chain3,f32,262144,glibc_t2,P7,10,0,1,433293.00,257.0000,0.0000,436000.0,0.0,1.000,1048576.0,0.000,0,0,1048576,1,1,1,0,1,1
1,chain3,f32,262144,glibc_t2,FIXED_TWIN,10,1,1,464962.00,257.0000,0.0000,467000.0,0.0,1.000,1048576.0,0.000,0,0,1048576,1,1,1,0,1,1
1,chain3,f32,262144,glibc_t2,P5,10,2,1,1059317.00,771.0000,0.0000,1061000.0,0.0,3.000,3145728.0,0.000,0,0,3145728,3,0,0,0,1,1
1,chain3,f32,262144,glibc_t2,P6,10,3,1,496826.00,257.0000,0.0000,0.0,500000.0,1.000,1048576.0,0.000,0,0,1048576,1,2,0,0,1,1
1,chain3,f32,262144,glibc_t2,FIXED_TWIN,11,0,1,436829.00,257.0000,0.0000,0.0,439000.0,1.000,1048576.0,0.000,0,0,1048576,1,1,1,0,1,1
1,chain3,f32,262144,glibc_t2,P5,11,1,1,1147899.00,771.0000,0.0000,0.0,1150000.0,3.000,3145728.0,0.000,0,0,3145728,3,0,0,0,1,1
1,chain3,f32,262144,glibc_t2,P6,11,2,1,461906.00,257.0000,0.0000,0.0,464000.0,1.000,1048576.0,0.000,0,0,1048576,1,2,0,0,1,1
1,chain3,f32,262144,glibc_t2,P7,11,3,1,436291.00,257.0000,0.0000,0.0,439000.0,1.000,1048576.0,0.000,0,0,1048576,1,1,1,0,1,1
1,chain3,f32,262144,glibc_t2,P5,12,0,1,1082926.00,771.0000,0.0000,1085000.0,0.0,3.000,3145728.0,0.000,0,0,3145728,3,0,0,0,1,1
1,chain3,f32,262144,glibc_t2,P6,12,1,1,473128.00,257.0000,0.0000,367000.0,107000.0,1.000,1048576.0,0.000,0,0,1048576,1,2,0,0,1,1
1,chain3,f32,262144,glibc_t2,P7,12,2,1,457024.00,257.0000,0.0000,459000.0,0.0,1.000,1048576.0,0.000,0,0,1048576,1,1,1,0,1,1
1,chain3,f32,262144,glibc_t2,FIXED_TWIN,12,3,1,448384.00,257.0000,0.0000,451000.0,0.0,1.000,1048576.0,0.000,0,0,1048576,1,1,1,0,1,1
1,chain3,f32,262144,glibc_t2,P6,13,0,1,475325.00,257.0000,0.0000,419000.0,60000.0,1.000,1048576.0,0.000,0,0,1048576,1,2,0,0,1,1
1,chain3,f32,262144,glibc_t2,P7,13,1,1,438708.00,257.0000,0.0000,441000.0,0.0,1.000,1048576.0,0.000,0,0,1048576,1,1,1,0,1,1
1,chain3,f32,262144,glibc_t2,FIXED_TWIN,13,2,1,428965.00,257.0000,0.0000,431000.0,0.0,1.000,1048576.0,0.000,0,0,1048576,1,1,1,0,1,1
1,chain3,f32,262144,glibc_t2,P5,13,3,1,1065403.00,771.0000,0.0000,1068000.0,0.0,3.000,3145728.0,0.000,0,0,3145728,3,0,0,0,1,1
1,chain3,f32,262144,glibc_t2,P7,14,0,1,431812.00,257.0000,0.0000,433000.0,0.0,1.000,1048576.0,0.000,0,0,1048576,1,1,1,0,1,1
1,chain3,f32,262144,glibc_t2,FIXED_TWIN,14,1,1,450779.00,257.0000,0.0000,446000.0,7000.0,1.000,1048576.0,0.000,0,0,1048576,1,1,1,0,1,1
1,chain3,f32,262144,glibc_t2,P5,14,2,1,1062661.00,771.0000,0.0000,1065000.0,0.0,3.000,3145728.0,0.000,0,0,3145728,3,0,0,0,1,1
1,chain3,f32,262144,glibc_t2,P6,14,3,1,484391.00,257.0000,0.0000,487000.0,0.0,1.000,1048576.0,0.000,0,0,1048576,1,2,0,0,1,1
1,chain3,f32,1048576,glibc_t2,P5,0,0,1,4505142.00,3075.0000,0.0000,0.0,4509000.0,3.000,12582912.0,0.000,0,0,12582912,3,0,0,0,1,1
1,chain3,f32,1048576,glibc_t2,P6,0,1,1,2003511.00,1025.0000,0.0000,882000.0,1125000.0,1.000,4194304.0,0.000,0,0,4194304,1,2,0,0,1,1
1,chain3,f32,1048576,glibc_t2,P7,0,2,1,1822633.00,1025.0000,0.0000,670000.0,1156000.0,1.000,4194304.0,0.000,0,0,4194304,1,1,1,0,1,1
1,chain3,f32,1048576,glibc_t2,FIXED_TWIN,0,3,1,1884068.00,1025.0000,0.0000,0.0,1887000.0,1.000,4194304.0,0.000,0,0,4194304,1,1,1,0,1,1
1,chain3,f32,1048576,glibc_t2,P6,1,0,1,2024574.00,1025.0000,0.0000,70000.0,1959000.0,1.000,4194304.0,0.000,0,0,4194304,1,2,0,0,1,1
1,chain3,f32,1048576,glibc_t2,P7,1,1,1,1861721.00,1025.0000,0.0000,0.0,1864000.0,1.000,4194304.0,0.000,0,0,4194304,1,1,1,0,1,1
1,chain3,f32,1048576,glibc_t2,FIXED_TWIN,1,2,1,1819722.00,1025.0000,0.0000,801000.0,1022000.0,1.000,4194304.0,0.000,0,0,4194304,1,1,1,0,1,1
1,chain3,f32,1048576,glibc_t2,P5,1,3,1,4903599.00,3075.0000,0.0000,46000.0,4859000.0,3.000,12582912.0,0.000,0,0,12582912,3,0,0,0,1,1
1,chain3,f32,1048576,glibc_t2,P7,2,0,1,1764999.00,1025.0000,0.0000,598000.0,1171000.0,1.000,4194304.0,0.000,0,0,4194304,1,1,1,0,1,1
1,chain3,f32,1048576,glibc_t2,FIXED_TWIN,2,1,1,1817860.00,1025.0000,0.0000,1821000.0,0.0,1.000,4194304.0,0.000,0,0,4194304,1,1,1,0,1,1
1,chain3,f32,1048576,glibc_t2,P5,2,2,1,4589540.00,3075.0000,0.0000,0.0,4591000.0,3.000,12582912.0,0.000,0,0,12582912,3,0,0,0,1,1
1,chain3,f32,1048576,glibc_t2,P6,2,3,1,2017733.00,1025.0000,0.0000,2020000.0,0.0,1.000,4194304.0,0.000,0,0,4194304,1,2,0,0,1,1
1,chain3,f32,1048576,glibc_t2,FIXED_TWIN,3,0,1,1797016.00,1025.0000,0.0000,791000.0,1010000.0,1.000,4194304.0,0.000,0,0,4194304,1,1,1,0,1,1
1,chain3,f32,1048576,glibc_t2,P5,3,1,1,4749572.00,3075.0000,0.0000,331000.0,4422000.0,3.000,12582912.0,0.000,0,0,12582912,3,0,0,0,1,1
1,chain3,f32,1048576,glibc_t2,P6,3,2,1,2001259.00,1025.0000,0.0000,2004000.0,0.0,1.000,4194304.0,0.000,0,0,4194304,1,2,0,0,1,1
1,chain3,f32,1048576,glibc_t2,P7,3,3,1,1794261.00,1025.0000,0.0000,1797000.0,0.0,1.000,4194304.0,0.000,0,0,4194304,1,1,1,0,1,1
1,chain3,f32,1048576,glibc_t2,P5,4,0,1,4545523.00,3075.0000,0.0000,73000.0,4474000.0,3.000,12582912.0,0.000,0,0,12582912,3,0,0,0,1,1
1,chain3,f32,1048576,glibc_t2,P6,4,1,1,1951319.00,1025.0000,0.0000,741000.0,1213000.0,1.000,4194304.0,0.000,0,0,4194304,1,2,0,0,1,1
1,chain3,f32,1048576,glibc_t2,P7,4,2,1,1812141.00,1025.0000,0.0000,1815000.0,0.0,1.000,4194304.0,0.000,0,0,4194304,1,1,1,0,1,1
1,chain3,f32,1048576,glibc_t2,FIXED_TWIN,4,3,1,1836336.00,1025.0000,0.0000,1839000.0,0.0,1.000,4194304.0,0.000,0,0,4194304,1,1,1,0,1,1
1,chain3,f32,1048576,glibc_t2,P6,5,0,1,1963012.00,1025.0000,0.0000,864000.0,1102000.0,1.000,4194304.0,0.000,0,0,4194304,1,2,0,0,1,1
1,chain3,f32,1048576,glibc_t2,P7,5,1,1,1799782.00,1025.0000,0.0000,0.0,1803000.0,1.000,4194304.0,0.000,0,0,4194304,1,1,1,0,1,1
1,chain3,f32,1048576,glibc_t2,FIXED_TWIN,5,2,1,1815458.00,1025.0000,0.0000,798000.0,1019000.0,1.000,4194304.0,0.000,0,0,4194304,1,1,1,0,1,1
1,chain3,f32,1048576,glibc_t2,P5,5,3,1,4807444.00,3075.0000,0.0000,0.0,4810000.0,3.000,12582912.0,0.000,0,0,12582912,3,0,0,0,1,1
1,chain3,f32,1048576,glibc_t2,P7,6,0,1,1817212.00,1025.0000,0.0000,1029000.0,791000.0,1.000,4194304.0,0.000,0,0,4194304,1,1,1,0,1,1
1,chain3,f32,1048576,glibc_t2,FIXED_TWIN,6,1,1,1864832.00,1025.0000,0.0000,0.0,1868000.0,1.000,4194304.0,0.000,0,0,4194304,1,1,1,0,1,1
1,chain3,f32,1048576,glibc_t2,P5,6,2,1,4584445.00,3075.0000,0.0000,0.0,4586000.0,3.000,12582912.0,0.000,0,0,12582912,3,0,0,0,1,1
1,chain3,f32,1048576,glibc_t2,P6,6,3,1,2006001.00,1025.0000,0.0000,0.0,2009000.0,1.000,4194304.0,0.000,0,0,4194304,1,2,0,0,1,1
1,chain3,f32,1048576,glibc_t2,FIXED_TWIN,7,0,1,1804288.00,1025.0000,0.0000,0.0,1807000.0,1.000,4194304.0,0.000,0,0,4194304,1,1,1,0,1,1
1,chain3,f32,1048576,glibc_t2,P5,7,1,1,4606561.00,3075.0000,0.0000,4267000.0,342000.0,3.000,12582912.0,0.000,0,0,12582912,3,0,0,0,1,1
1,chain3,f32,1048576,glibc_t2,P6,7,2,1,1998705.00,1025.0000,0.0000,2001000.0,0.0,1.000,4194304.0,0.000,0,0,4194304,1,2,0,0,1,1
1,chain3,f32,1048576,glibc_t2,P7,7,3,1,1836093.00,1025.0000,0.0000,1839000.0,0.0,1.000,4194304.0,0.000,0,0,4194304,1,1,1,0,1,1
1,chain3,f32,1048576,glibc_t2,P5,8,0,1,4503845.00,3075.0000,0.0000,4222000.0,284000.0,3.000,12582912.0,0.000,0,0,12582912,3,0,0,0,1,1
1,chain3,f32,1048576,glibc_t2,P6,8,1,1,2114970.00,1025.0000,0.0000,1049000.0,1069000.0,1.000,4194304.0,0.000,0,0,4194304,1,2,0,0,1,1
1,chain3,f32,1048576,glibc_t2,P7,8,2,1,1867297.00,1025.0000,0.0000,1870000.0,0.0,1.000,4194304.0,0.000,0,0,4194304,1,1,1,0,1,1
1,chain3,f32,1048576,glibc_t2,FIXED_TWIN,8,3,1,1865964.00,1025.0000,0.0000,1868000.0,0.0,1.000,4194304.0,0.000,0,0,4194304,1,1,1,0,1,1
1,chain3,f32,1048576,glibc_t2,P6,9,0,1,1976520.00,1025.0000,0.0000,869000.0,1109000.0,1.000,4194304.0,0.000,0,0,4194304,1,2,0,0,1,1
1,chain3,f32,1048576,glibc_t2,P7,9,1,1,1829048.00,1025.0000,0.0000,1832000.0,0.0,1.000,4194304.0,0.000,0,0,4194304,1,1,1,0,1,1
1,chain3,f32,1048576,glibc_t2,FIXED_TWIN,9,2,1,1822676.00,1025.0000,0.0000,1825000.0,0.0,1.000,4194304.0,0.000,0,0,4194304,1,1,1,0,1,1
1,chain3,f32,1048576,glibc_t2,P5,9,3,1,4968497.00,3075.0000,0.0000,427000.0,4544000.0,3.000,12582912.0,0.000,0,0,12582912,3,0,0,0,1,1
1,chain3,f32,1048576,glibc_t2,P7,10,0,1,1808068.00,1025.0000,0.0000,638000.0,1173000.0,1.000,4194304.0,0.000,0,0,4194304,1,1,1,0,1,1
1,chain3,f32,1048576,glibc_t2,FIXED_TWIN,10,1,1,1873995.00,1025.0000,0.0000,0.0,1877000.0,1.000,4194304.0,0.000,0,0,4194304,1,1,1,0,1,1
1,chain3,f32,1048576,glibc_t2,P5,10,2,1,4790323.00,3075.0000,0.0000,0.0,4793000.0,3.000,12582912.0,0.000,0,0,12582912,3,0,0,0,1,1
1,chain3,f32,1048576,glibc_t2,P6,10,3,1,1990845.00,1025.0000,0.0000,876000.0,1117000.0,1.000,4194304.0,0.000,0,0,4194304,1,2,0,0,1,1
1,chain3,f32,1048576,glibc_t2,FIXED_TWIN,11,0,1,1856558.00,1025.0000,0.0000,1860000.0,0.0,1.000,4194304.0,0.000,0,0,4194304,1,1,1,0,1,1
1,chain3,f32,1048576,glibc_t2,P5,11,1,1,4608519.00,3075.0000,0.0000,269000.0,4342000.0,3.000,12582912.0,0.000,0,0,12582912,3,0,0,0,1,1
1,chain3,f32,1048576,glibc_t2,P6,11,2,1,2037686.00,1025.0000,0.0000,2040000.0,0.0,1.000,4194304.0,0.000,0,0,4194304,1,2,0,0,1,1
1,chain3,f32,1048576,glibc_t2,P7,11,3,1,1817503.00,1025.0000,0.0000,800000.0,1020000.0,1.000,4194304.0,0.000,0,0,4194304,1,1,1,0,1,1
1,chain3,f32,1048576,glibc_t2,P5,12,0,1,4461027.00,3075.0000,0.0000,204000.0,4260000.0,3.000,12582912.0,0.000,0,0,12582912,3,0,0,0,1,1
1,chain3,f32,1048576,glibc_t2,P6,12,1,1,2048883.00,1025.0000,0.0000,815000.0,1237000.0,1.000,4194304.0,0.000,0,0,4194304,1,2,0,0,1,1
1,chain3,f32,1048576,glibc_t2,P7,12,2,1,1855242.00,1025.0000,0.0000,1859000.0,0.0,1.000,4194304.0,0.000,0,0,4194304,1,1,1,0,1,1
1,chain3,f32,1048576,glibc_t2,FIXED_TWIN,12,3,1,1812737.00,1025.0000,0.0000,798000.0,1018000.0,1.000,4194304.0,0.000,0,0,4194304,1,1,1,0,1,1
1,chain3,f32,1048576,glibc_t2,P6,13,0,1,2002155.00,1025.0000,0.0000,2007000.0,0.0,1.000,4194304.0,0.000,0,0,4194304,1,2,0,0,1,1
1,chain3,f32,1048576,glibc_t2,P7,13,1,1,1805427.00,1025.0000,0.0000,1809000.0,0.0,1.000,4194304.0,0.000,0,0,4194304,1,1,1,0,1,1
1,chain3,f32,1048576,glibc_t2,FIXED_TWIN,13,2,1,1868648.00,1025.0000,0.0000,1872000.0,0.0,1.000,4194304.0,0.000,0,0,4194304,1,1,1,0,1,1
1,chain3,f32,1048576,glibc_t2,P5,13,3,1,4988135.00,3075.0000,0.0000,4435000.0,555000.0,3.000,12582912.0,0.000,0,0,12582912,3,0,0,0,1,1
1,chain3,f32,1048576,glibc_t2,P7,14,0,1,1844468.00,1025.0000,0.0000,0.0,1848000.0,1.000,4194304.0,0.000,0,0,4194304,1,1,1,0,1,1
1,chain3,f32,1048576,glibc_t2,FIXED_TWIN,14,1,1,1816200.00,1025.0000,0.0000,799000.0,1020000.0,1.000,4194304.0,0.000,0,0,4194304,1,1,1,0,1,1
1,chain3,f32,1048576,glibc_t2,P5,14,2,1,4584335.00,3075.0000,0.0000,4587000.0,0.0,3.000,12582912.0,0.000,0,0,12582912,3,0,0,0,1,1
1,chain3,f32,1048576,glibc_t2,P6,14,3,1,1985489.00,1025.0000,0.0000,875000.0,1115000.0,1.000,4194304.0,0.000,0,0,4194304,1,2,0,0,1,1
1,chain3,f32,4194304,glibc_t2,P5,0,0,1,29301220.00,12291.0000,0.0000,4576000.0,24731000.0,3.000,50331648.0,0.000,0,0,50331648,3,0,0,0,1,1
1,chain3,f32,4194304,glibc_t2,P6,0,1,1,11983747.00,4097.0000,0.0000,3995000.0,7994000.0,1.000,16777216.0,0.000,0,0,16777216,1,2,0,0,1,1
1,chain3,f32,4194304,glibc_t2,P7,0,2,1,10693804.00,4097.0000,0.0000,0.0,10698000.0,1.000,16777216.0,0.000,0,0,16777216,1,1,1,0,1,1
1,chain3,f32,4194304,glibc_t2,FIXED_TWIN,0,3,1,10812437.00,4097.0000,0.0000,3594000.0,7258000.0,1.000,16777216.0,0.000,0,0,16777216,1,1,1,0,1,1
1,chain3,f32,4194304,glibc_t2,P6,1,0,1,12010081.00,4097.0000,0.0000,4006000.0,8008000.0,1.000,16777216.0,0.000,0,0,16777216,1,2,0,0,1,1
1,chain3,f32,4194304,glibc_t2,P7,1,1,1,10924220.00,4097.0000,0.0000,10929000.0,0.0,1.000,16777216.0,0.000,0,0,16777216,1,1,1,0,1,1
1,chain3,f32,4194304,glibc_t2,FIXED_TWIN,1,2,1,10828232.00,4097.0000,0.0000,1246000.0,9586000.0,1.000,16777216.0,0.000,0,0,16777216,1,1,1,0,1,1
1,chain3,f32,4194304,glibc_t2,P5,1,3,1,29404904.00,12291.0000,0.0000,8621000.0,20789000.0,3.000,50331648.0,0.000,0,0,50331648,3,0,0,0,1,1
1,chain3,f32,4194304,glibc_t2,P7,2,0,1,11823980.00,4097.0000,0.0000,7924000.0,3904000.0,1.000,16777216.0,0.000,0,0,16777216,1,1,1,0,1,1
1,chain3,f32,4194304,glibc_t2,FIXED_TWIN,2,1,1,11079597.00,4097.0000,0.0000,5346000.0,5714000.0,1.000,16777216.0,0.000,0,0,16777216,1,1,1,0,1,1
1,chain3,f32,4194304,glibc_t2,P5,2,2,1,30189690.00,12291.0000,0.0000,3201000.0,26981000.0,3.000,50331648.0,0.000,0,0,50331648,3,0,0,0,1,1
1,chain3,f32,4194304,glibc_t2,P6,2,3,1,12415046.00,4097.0000,0.0000,8184000.0,4236000.0,1.000,16777216.0,0.000,0,0,16777216,1,2,0,0,1,1
1,chain3,f32,4194304,glibc_t2,FIXED_TWIN,3,0,1,10993255.00,4097.0000,0.0000,7559000.0,3440000.0,1.000,16777216.0,0.000,0,0,16777216,1,1,1,0,1,1
1,chain3,f32,4194304,glibc_t2,P5,3,1,1,28880154.00,12291.0000,0.0000,20389000.0,8497000.0,3.000,50331648.0,0.000,0,0,50331648,3,0,0,0,1,1
1,chain3,f32,4194304,glibc_t2,P6,3,2,1,11677448.00,4097.0000,0.0000,11682000.0,0.0,1.000,16777216.0,0.000,0,0,16777216,1,2,0,0,1,1
1,chain3,f32,4194304,glibc_t2,P7,3,3,1,10639887.00,4097.0000,0.0000,7403000.0,3241000.0,1.000,16777216.0,0.000,0,0,16777216,1,1,1,0,1,1
1,chain3,f32,4194304,glibc_t2,P5,4,0,1,29590772.00,12291.0000,0.0000,8703000.0,20893000.0,3.000,50331648.0,0.000,0,0,50331648,3,0,0,0,1,1
1,chain3,f32,4194304,glibc_t2,P6,4,1,1,12089644.00,4097.0000,0.0000,8041000.0,4053000.0,1.000,16777216.0,0.000,0,0,16777216,1,2,0,0,1,1
1,chain3,f32,4194304,glibc_t2,P7,4,2,1,10631817.00,4097.0000,0.0000,7400000.0,3237000.0,1.000,16777216.0,0.000,0,0,16777216,1,1,1,0,1,1
1,chain3,f32,4194304,glibc_t2,FIXED_TWIN,4,3,1,10971922.00,4097.0000,0.0000,7549000.0,3428000.0,1.000,16777216.0,0.000,0,0,16777216,1,1,1,0,1,1
1,chain3,f32,4194304,glibc_t2,P6,5,0,1,11786453.00,4097.0000,0.0000,7908000.0,3884000.0,1.000,16777216.0,0.000,0,0,16777216,1,2,0,0,1,1
1,chain3,f32,4194304,glibc_t2,P7,5,1,1,11094225.00,4097.0000,0.0000,3604000.0,7496000.0,1.000,16777216.0,0.000,0,0,16777216,1,1,1,0,1,1
1,chain3,f32,4194304,glibc_t2,FIXED_TWIN,5,2,1,11068731.00,4097.0000,0.0000,1355000.0,9720000.0,1.000,16777216.0,0.000,0,0,16777216,1,1,1,0,1,1
1,chain3,f32,4194304,glibc_t2,P5,5,3,1,30590585.00,12291.0000,0.0000,9144000.0,21452000.0,3.000,50331648.0,0.000,0,0,50331648,3,0,0,0,1,1
1,chain3,f32,4194304,glibc_t2,P7,6,0,1,12806920.00,4097.0000,0.0000,12358000.0,456000.0,1.000,16777216.0,0.000,0,0,16777216,1,1,1,0,1,1
1,chain3,f32,4194304,glibc_t2,FIXED_TWIN,6,1,1,11857132.00,4097.0000,0.0000,7939000.0,3923000.0,1.000,16777216.0,0.000,0,0,16777216,1,1,1,0,1,1
1,chain3,f32,4194304,glibc_t2,P5,6,2,1,30278436.00,12291.0000,0.0000,23242000.0,7042000.0,3.000,50331648.0,0.000,0,0,50331648,3,0,0,0,1,1
1,chain3,f32,4194304,glibc_t2,P6,6,3,1,14062885.00,4097.0000,0.0000,4912000.0,9157000.0,1.000,16777216.0,0.000,0,0,16777216,1,2,0,0,1,1
1,chain3,f32,4194304,glibc_t2,FIXED_TWIN,7,0,1,12208047.00,4097.0000,0.0000,8093000.0,4120000.0,1.000,16777216.0,0.000,0,0,16777216,1,1,1,0,1,1
1,chain3,f32,4194304,glibc_t2,P5,7,1,1,30183751.00,12291.0000,0.0000,16965000.0,13225000.0,3.000,50331648.0,0.000,0,0,50331648,3,0,0,0,1,1
1,chain3,f32,4194304,glibc_t2,P6,7,2,1,15415257.00,4097.0000,0.0000,11745000.0,3678000.0,1.000,16777216.0,0.000,0,0,16777216,1,2,0,0,1,1
1,chain3,f32,4194304,glibc_t2,P7,7,3,1,12740822.00,4097.0000,0.0000,8330000.0,4419000.0,1.000,16777216.0,0.000,0,0,16777216,1,1,1,0,1,1
1,chain3,f32,4194304,glibc_t2,P5,8,0,1,30188240.00,12291.0000,0.0000,12967000.0,17226000.0,3.000,50331648.0,0.000,0,0,50331648,3,0,0,0,1,1
1,chain3,f32,4194304,glibc_t2,P6,8,1,1,14034770.00,4097.0000,0.0000,11315000.0,2726000.0,1.000,16777216.0,0.000,0,0,16777216,1,2,0,0,1,1
1,chain3,f32,4194304,glibc_t2,P7,8,2,1,12096271.00,4097.0000,0.0000,8044000.0,4057000.0,1.000,16777216.0,0.000,0,0,16777216,1,1,1,0,1,1
1,chain3,f32,4194304,glibc_t2,FIXED_TWIN,8,3,1,11832503.00,4097.0000,0.0000,7928000.0,3910000.0,1.000,16777216.0,0.000,0,0,16777216,1,1,1,0,1,1
1,chain3,f32,4194304,glibc_t2,P6,9,0,1,12595358.00,4097.0000,0.0000,10499000.0,2102000.0,1.000,16777216.0,0.000,0,0,16777216,1,2,0,0,1,1
1,chain3,f32,4194304,glibc_t2,P7,9,1,1,12252908.00,4097.0000,0.0000,8114000.0,4145000.0,1.000,16777216.0,0.000,0,0,16777216,1,1,1,0,1,1
1,chain3,f32,4194304,glibc_t2,FIXED_TWIN,9,2,1,12016934.00,4097.0000,0.0000,4010000.0,8013000.0,1.000,16777216.0,0.000,0,0,16777216,1,1,1,0,1,1
1,chain3,f32,4194304,glibc_t2,P5,9,3,1,30492537.00,12291.0000,0.0000,3339000.0,27159000.0,3.000,50331648.0,0.000,0,0,50331648,3,0,0,0,1,1
1,chain3,f32,4194304,glibc_t2,P7,10,0,1,12370464.00,4097.0000,0.0000,8166000.0,4210000.0,1.000,16777216.0,0.000,0,0,16777216,1,1,1,0,1,1
1,chain3,f32,4194304,glibc_t2,FIXED_TWIN,10,1,1,11479416.00,4097.0000,0.0000,3773000.0,7712000.0,1.000,16777216.0,0.000,0,0,16777216,1,1,1,0,1,1
1,chain3,f32,4194304,glibc_t2,P5,10,2,1,29878656.00,12291.0000,0.0000,12831000.0,17052000.0,3.000,50331648.0,0.000,0,0,50331648,3,0,0,0,1,1
1,chain3,f32,4194304,glibc_t2,P6,10,3,1,13292868.00,4097.0000,0.0000,4573000.0,8725000.0,1.000,16777216.0,0.000,0,0,16777216,1,2,0,0,1,1
1,chain3,f32,4194304,glibc_t2,FIXED_TWIN,11,0,1,12107724.00,4097.0000,0.0000,4051000.0,8064000.0,1.000,16777216.0,0.000,0,0,16777216,1,1,1,0,1,1
1,chain3,f32,4194304,glibc_t2,P5,11,1,1,30533365.00,12291.0000,0.0000,7356000.0,23183000.0,3.000,50331648.0,0.000,0,0,50331648,3,0,0,0,1,1
1,chain3,f32,4194304,glibc_t2,P6,11,2,1,13244543.00,4097.0000,0.0000,8551000.0,4699000.0,1.000,16777216.0,0.000,0,0,16777216,1,2,0,0,1,1
1,chain3,f32,4194304,glibc_t2,P7,11,3,1,11961864.00,4097.0000,0.0000,7986000.0,3983000.0,1.000,16777216.0,0.000,0,0,16777216,1,1,1,0,1,1
1,chain3,f32,4194304,glibc_t2,P5,12,0,1,29984571.00,12291.0000,0.0000,880000.0,29110000.0,3.000,50331648.0,0.000,0,0,50331648,3,0,0,0,1,1
1,chain3,f32,4194304,glibc_t2,P6,12,1,1,13116227.00,4097.0000,0.0000,6731000.0,6393000.0,1.000,16777216.0,0.000,0,0,16777216,1,2,0,0,1,1
1,chain3,f32,4194304,glibc_t2,P7,12,2,1,11950292.00,4097.0000,0.0000,7983000.0,3979000.0,1.000,16777216.0,0.000,0,0,16777216,1,1,1,0,1,1
1,chain3,f32,4194304,glibc_t2,FIXED_TWIN,12,3,1,11596303.00,4097.0000,0.0000,7824000.0,3778000.0,1.000,16777216.0,0.000,0,0,16777216,1,1,1,0,1,1
1,chain3,f32,4194304,glibc_t2,P6,13,0,1,14265487.00,4097.0000,0.0000,12962000.0,1273000.0,1.000,16777216.0,0.000,0,0,16777216,1,2,0,0,1,1
1,chain3,f32,4194304,glibc_t2,P7,13,1,1,11824390.00,4097.0000,0.0000,3927000.0,7908000.0,1.000,16777216.0,0.000,0,0,16777216,1,1,1,0,1,1
1,chain3,f32,4194304,glibc_t2,FIXED_TWIN,13,2,1,11804024.00,4097.0000,0.0000,3916000.0,7894000.0,1.000,16777216.0,0.000,0,0,16777216,1,1,1,0,1,1
1,chain3,f32,4194304,glibc_t2,P5,13,3,1,30974323.00,12291.0000,0.0000,3550000.0,27429000.0,3.000,50331648.0,0.000,0,0,50331648,3,0,0,0,1,1
1,chain3,f32,4194304,glibc_t2,P7,14,0,1,12794397.00,4097.0000,0.0000,6587000.0,6213000.0,1.000,16777216.0,0.000,0,0,16777216,1,1,1,0,1,1
1,chain3,f32,4194304,glibc_t2,FIXED_TWIN,14,1,1,11832892.00,4097.0000,0.0000,7929000.0,3910000.0,1.000,16777216.0,0.000,0,0,16777216,1,1,1,0,1,1
1,chain3,f32,4194304,glibc_t2,P5,14,2,1,30921133.00,12291.0000,0.0000,3522000.0,27392000.0,3.000,50331648.0,0.000,0,0,50331648,3,0,0,0,1,1
1,chain3,f32,4194304,glibc_t2,P6,14,3,1,13815631.00,4097.0000,0.0000,7038000.0,6784000.0,1.000,16777216.0,0.000,0,0,16777216,1,2,0,0,1,1
1,chain3,f32,16777216,glibc_t2,P5,0,0,1,115933649.00,49155.0000,0.0000,39966000.0,75872000.0,3.000,201326592.0,0.000,0,0,201326592,3,0,0,0,1,1
1,chain3,f32,16777216,glibc_t2,P6,0,1,1,59065870.00,16385.0000,0.0000,39570000.0,19485000.0,1.000,67108864.0,0.000,0,0,67108864,1,2,0,0,1,1
1,chain3,f32,16777216,glibc_t2,P7,0,2,1,52040953.00,16385.0000,0.0000,20021000.0,32026000.0,1.000,67108864.0,0.000,0,0,67108864,1,1,1,0,1,1
1,chain3,f32,16777216,glibc_t2,FIXED_TWIN,0,3,1,52346338.00,16385.0000,0.0000,28155000.0,24188000.0,1.000,67108864.0,0.000,0,0,67108864,1,1,1,0,1,1
1,chain3,f32,16777216,glibc_t2,P6,1,0,1,58350154.00,16385.0000,0.0000,43270000.0,15087000.0,1.000,67108864.0,0.000,0,0,67108864,1,2,0,0,1,1
1,chain3,f32,16777216,glibc_t2,P7,1,1,1,52542979.00,16385.0000,0.0000,28243000.0,24306000.0,1.000,67108864.0,0.000,0,0,67108864,1,1,1,0,1,1
1,chain3,f32,16777216,glibc_t2,FIXED_TWIN,1,2,1,52685446.00,16385.0000,0.0000,26533000.0,26159000.0,1.000,67108864.0,0.000,0,0,67108864,1,1,1,0,1,1
1,chain3,f32,16777216,glibc_t2,P5,1,3,1,113342112.00,49155.0000,0.0000,22829000.0,90521000.0,3.000,201326592.0,0.000,0,0,201326592,3,0,0,0,1,1
1,chain3,f32,16777216,glibc_t2,P7,2,0,1,53196508.00,16385.0000,0.0000,32533000.0,20671000.0,1.000,67108864.0,0.000,0,0,67108864,1,1,1,0,1,1
1,chain3,f32,16777216,glibc_t2,FIXED_TWIN,2,1,1,53441276.00,16385.0000,0.0000,24632000.0,28807000.0,1.000,67108864.0,0.000,0,0,67108864,1,1,1,0,1,1
1,chain3,f32,16777216,glibc_t2,P5,2,2,1,114666934.00,49155.0000,0.0000,31414000.0,83186000.0,3.000,201326592.0,0.000,0,0,201326592,3,0,0,0,1,1
1,chain3,f32,16777216,glibc_t2,P6,2,3,1,59367942.00,16385.0000,0.0000,31722000.0,27653000.0,1.000,67108864.0,0.000,0,0,67108864,1,2,0,0,1,1
1,chain3,f32,16777216,glibc_t2,FIXED_TWIN,3,0,1,53562737.00,16385.0000,0.0000,38920000.0,14650000.0,1.000,67108864.0,0.000,0,0,67108864,1,1,1,0,1,1
1,chain3,f32,16777216,glibc_t2,P5,3,1,1,114999066.00,49155.0000,0.0000,41291000.0,73658000.0,3.000,201326592.0,0.000,0,0,201326592,3,0,0,0,1,1
1,chain3,f32,16777216,glibc_t2,P6,3,2,1,61635374.00,16385.0000,0.0000,34944000.0,26690000.0,1.000,67108864.0,0.000,0,0,67108864,1,2,0,0,1,1
1,chain3,f32,16777216,glibc_t2,P7,3,3,1,51849170.00,16385.0000,0.0000,19937000.0,31920000.0,1.000,67108864.0,0.000,0,0,67108864,1,1,1,0,1,1
1,chain3,f32,16777216,glibc_t2,P5,4,0,1,114402576.00,49155.0000,0.0000,53069000.0,61339000.0,3.000,201326592.0,0.000,0,0,201326592,3,0,0,0,1,1
1,chain3,f32,16777216,glibc_t2,P6,4,1,1,59543219.00,16385.0000,0.0000,35792000.0,23744000.0,1.000,67108864.0,0.000,0,0,67108864,1,2,0,0,1,1
1,chain3,f32,16777216,glibc_t2,P7,4,2,1,52652862.00,16385.0000,0.0000,28292000.0,24367000.0,1.000,67108864.0,0.000,0,0,67108864,1,1,1,0,1,1
1,chain3,f32,16777216,glibc_t2,FIXED_TWIN,4,3,1,52713757.00,16385.0000,0.0000,28319000.0,24400000.0,1.000,67108864.0,0.000,0,0,67108864,1,1,1,0,1,1
1,chain3,f32,16777216,glibc_t2,P6,5,0,1,66669460.00,16385.0000,0.0000,27412000.0,39265000.0,1.000,67108864.0,0.000,0,0,67108864,1,2,0,0,1,1
1,chain3,f32,16777216,glibc_t2,P7,5,1,1,55957119.00,16385.0000,0.0000,19984000.0,35939000.0,1.000,67108864.0,0.000,0,0,67108864,1,1,1,0,1,1
1,chain3,f32,16777216,glibc_t2,FIXED_TWIN,5,2,1,53033449.00,16385.0000,0.0000,20464000.0,32577000.0,1.000,67108864.0,0.000,0,0,67108864,1,1,1,0,1,1
1,chain3,f32,16777216,glibc_t2,P5,5,3,1,114838529.00,49155.0000,0.0000,23471000.0,91332000.0,3.000,201326592.0,0.000,0,0,201326592,3,0,0,0,1,1
1,chain3,f32,16777216,glibc_t2,P7,6,0,1,53107994.00,16385.0000,0.0000,32488000.0,20611000.0,1.000,67108864.0,0.000,0,0,67108864,1,1,1,0,1,1
1,chain3,f32,16777216,glibc_t2,FIXED_TWIN,6,1,1,53428031.00,16385.0000,0.0000,24639000.0,28796000.0,1.000,67108864.0,0.000,0,0,67108864,1,1,1,0,1,1
1,chain3,f32,16777216,glibc_t2,P5,6,2,1,116335900.00,49155.0000,0.0000,32155000.0,84187000.0,3.000,201326592.0,0.000,0,0,201326592,3,0,0,0,1,1
1,chain3,f32,16777216,glibc_t2,P6,6,3,1,59422238.00,16385.0000,0.0000,31746000.0,27684000.0,1.000,67108864.0,0.000,0,0,67108864,1,2,0,0,1,1
1,chain3,f32,16777216,glibc_t2,FIXED_TWIN,7,0,1,54997127.00,16385.0000,0.0000,35491000.0,19450000.0,1.000,67108864.0,0.000,0,0,67108864,1,1,1,0,1,1
1,chain3,f32,16777216,glibc_t2,P5,7,1,1,117591174.00,49155.0000,0.0000,36714000.0,80817000.0,3.000,201326592.0,0.000,0,0,201326592,3,0,0,0,1,1
1,chain3,f32,16777216,glibc_t2,P6,7,2,1,60094976.00,16385.0000,0.0000,36008000.0,24058000.0,1.000,67108864.0,0.000,0,0,67108864,1,2,0,0,1,1
1,chain3,f32,16777216,glibc_t2,P7,7,3,1,55163298.00,16385.0000,0.0000,43628000.0,11544000.0,1.000,67108864.0,0.000,0,0,67108864,1,1,1,0,1,1
1,chain3,f32,16777216,glibc_t2,P5,8,0,1,116896396.00,49155.0000,0.0000,44403000.0,72499000.0,3.000,201326592.0,0.000,0,0,201326592,3,0,0,0,1,1
1,chain3,f32,16777216,glibc_t2,P6,8,1,1,61238717.00,16385.0000,0.0000,44553000.0,16692000.0,1.000,67108864.0,0.000,0,0,67108864,1,2,0,0,1,1
1,chain3,f32,16777216,glibc_t2,P7,8,2,1,53149223.00,16385.0000,0.0000,26683000.0,26408000.0,1.000,67108864.0,0.000,0,0,67108864,1,1,1,0,1,1
1,chain3,f32,16777216,glibc_t2,FIXED_TWIN,8,3,1,52396338.00,16385.0000,0.0000,28162000.0,24224000.0,1.000,67108864.0,0.000,0,0,67108864,1,1,1,0,1,1
1,chain3,f32,16777216,glibc_t2,P6,9,0,1,59675441.00,16385.0000,0.0000,35856000.0,23825000.0,1.000,67108864.0,0.000,0,0,67108864,1,2,0,0,1,1
1,chain3,f32,16777216,glibc_t2,P7,9,1,1,54607700.00,16385.0000,0.0000,19381000.0,35233000.0,1.000,67108864.0,0.000,0,0,67108864,1,1,1,0,1,1
1,chain3,f32,16777216,glibc_t2,FIXED_TWIN,9,2,1,54581506.00,16385.0000,0.0000,27369000.0,27182000.0,1.000,67108864.0,0.000,0,0,67108864,1,1,1,0,1,1
1,chain3,f32,16777216,glibc_t2,P5,9,3,1,137973489.00,49155.0000,0.0000,52887000.0,85049000.0,3.000,201326592.0,0.000,0,0,201326592,3,0,0,0,1,1
1,chain3,f32,16777216,glibc_t2,P7,10,0,1,53504484.00,16385.0000,0.0000,22888000.0,30624000.0,1.000,67108864.0,0.000,0,0,67108864,1,1,1,0,1,1
1,chain3,f32,16777216,glibc_t2,FIXED_TWIN,10,1,1,54340199.00,16385.0000,0.0000,27260000.0,27054000.0,1.000,67108864.0,0.000,0,0,67108864,1,1,1,0,1,1
1,chain3,f32,16777216,glibc_t2,P5,10,2,1,115343727.00,49155.0000,0.0000,25502000.0,89848000.0,3.000,201326592.0,0.000,0,0,201326592,3,0,0,0,1,1
1,chain3,f32,16777216,glibc_t2,P6,10,3,1,60579199.00,16385.0000,0.0000,36244000.0,24305000.0,1.000,67108864.0,0.000,0,0,67108864,1,2,0,0,1,1
1,chain3,f32,16777216,glibc_t2,FIXED_TWIN,11,0,1,55179412.00,16385.0000,0.0000,43633000.0,11553000.0,1.000,67108864.0,0.000,0,0,67108864,1,1,1,0,1,1
1,chain3,f32,16777216,glibc_t2,P5,11,1,1,116300040.00,49155.0000,0.0000,44067000.0,72161000.0,3.000,201326592.0,0.000,0,0,201326592,3,0,0,0,1,1
1,chain3,f32,16777216,glibc_t2,P6,11,2,1,58984875.00,16385.0000,0.0000,31548000.0,27404000.0,1.000,67108864.0,0.000,0,0,67108864,1,2,0,0,1,1
1,chain3,f32,16777216,glibc_t2,P7,11,3,1,52466591.00,16385.0000,0.0000,12213000.0,40260000.0,1.000,67108864.0,0.000,0,0,67108864,1,1,1,0,1,1
1,chain3,f32,16777216,glibc_t2,P5,12,0,1,118751020.00,49155.0000,0.0000,19448000.0,99231000.0,3.000,201326592.0,0.000,0,0,201326592,3,0,0,0,1,1
1,chain3,f32,16777216,glibc_t2,P6,12,1,1,60731483.00,16385.0000,0.0000,24331000.0,36379000.0,1.000,67108864.0,0.000,0,0,67108864,1,2,0,0,1,1
1,chain3,f32,16777216,glibc_t2,P7,12,2,1,53483357.00,16385.0000,0.0000,14877000.0,38613000.0,1.000,67108864.0,0.000,0,0,67108864,1,1,1,0,1,1
1,chain3,f32,16777216,glibc_t2,FIXED_TWIN,12,3,1,53723753.00,16385.0000,0.0000,22983000.0,30681000.0,1.000,67108864.0,0.000,0,0,67108864,1,1,1,0,1,1
1,chain3,f32,16777216,glibc_t2,P6,13,0,1,62941497.00,16385.0000,0.0000,31493000.0,31420000.0,1.000,67108864.0,0.000,0,0,67108864,1,2,0,0,1,1
1,chain3,f32,16777216,glibc_t2,P7,13,1,1,54822836.00,16385.0000,0.0000,39474000.0,15319000.0,1.000,67108864.0,0.000,0,0,67108864,1,1,1,0,1,1
1,chain3,f32,16777216,glibc_t2,FIXED_TWIN,13,2,1,53786480.00,16385.0000,0.0000,19011000.0,34782000.0,1.000,67108864.0,0.000,0,0,67108864,1,1,1,0,1,1
1,chain3,f32,16777216,glibc_t2,P5,13,3,1,115403480.00,49155.0000,0.0000,43737000.0,71638000.0,3.000,201326592.0,0.000,0,0,201326592,3,0,0,0,1,1
1,chain3,f32,16777216,glibc_t2,P7,14,0,1,52952923.00,16385.0000,0.0000,30637000.0,22323000.0,1.000,67108864.0,0.000,0,0,67108864,1,1,1,0,1,1
1,chain3,f32,16777216,glibc_t2,FIXED_TWIN,14,1,1,52925409.00,16385.0000,0.0000,36343000.0,16516000.0,1.000,67108864.0,0.000,0,0,67108864,1,1,1,0,1,1
1,chain3,f32,16777216,glibc_t2,P5,14,2,1,115820995.00,49155.0000,0.0000,31925000.0,83902000.0,3.000,201326592.0,0.000,0,0,201326592,3,0,0,0,1,1
1,chain3,f32,16777216,glibc_t2,P6,14,3,1,58979097.00,16385.0000,0.0000,37338000.0,21648000.0,1.000,67108864.0,0.000,0,0,67108864,1,2,0,0,1,1
1,chain3,f32,67108864,glibc_t2,P5,0,0,1,439264570.00,196611.0000,0.0000,115696000.0,323538000.0,3.000,805306368.0,0.000,0,0,805306368,3,0,0,0,1,1
1,chain3,f32,67108864,glibc_t2,P6,0,1,1,425867794.00,65537.0000,0.0000,156461000.0,268648000.0,1.000,268435456.0,0.000,0,0,268435456,1,2,0,0,1,1
1,chain3,f32,67108864,glibc_t2,P7,0,2,1,207571229.00,65537.0000,0.0000,107775000.0,99750000.0,1.000,268435456.0,0.000,0,0,268435456,1,1,1,0,1,1
1,chain3,f32,67108864,glibc_t2,FIXED_TWIN,0,3,1,224449578.00,65537.0000,0.0000,116194000.0,108223000.0,1.000,268435456.0,0.000,0,0,268435456,1,1,1,0,1,1
1,chain3,f32,67108864,glibc_t2,P6,1,0,1,267922175.00,65537.0000,0.0000,171657000.0,95542000.0,1.000,268435456.0,0.000,0,0,268435456,1,2,0,0,1,1
1,chain3,f32,67108864,glibc_t2,P7,1,1,1,233047981.00,65537.0000,0.0000,144432000.0,88471000.0,1.000,268435456.0,0.000,0,0,268435456,1,1,1,0,1,1
1,chain3,f32,67108864,glibc_t2,FIXED_TWIN,1,2,1,214438805.00,65537.0000,0.0000,103236000.0,111120000.0,1.000,268435456.0,0.000,0,0,268435456,1,1,1,0,1,1
1,chain3,f32,67108864,glibc_t2,P5,1,3,1,452836038.00,196611.0000,0.0000,112323000.0,340384000.0,3.000,805306368.0,0.000,0,0,805306368,3,0,0,0,1,1
1,chain3,f32,67108864,glibc_t2,P7,2,0,1,208741646.00,65537.0000,0.0000,124245000.0,84433000.0,1.000,268435456.0,0.000,0,0,268435456,1,1,1,0,1,1
1,chain3,f32,67108864,glibc_t2,FIXED_TWIN,2,1,1,209072975.00,65537.0000,0.0000,122742000.0,86308000.0,1.000,268435456.0,0.000,0,0,268435456,1,1,1,0,1,1
1,chain3,f32,67108864,glibc_t2,P5,2,2,1,452260740.00,196611.0000,0.0000,132061000.0,320109000.0,3.000,805306368.0,0.000,0,0,805306368,3,0,0,0,1,1
1,chain3,f32,67108864,glibc_t2,P6,2,3,1,246865733.00,65537.0000,0.0000,143512000.0,103330000.0,1.000,268435456.0,0.000,0,0,268435456,1,2,0,0,1,1
1,chain3,f32,67108864,glibc_t2,FIXED_TWIN,3,0,1,211567057.00,65537.0000,0.0000,107811000.0,103754000.0,1.000,268435456.0,0.000,0,0,268435456,1,1,1,0,1,1
1,chain3,f32,67108864,glibc_t2,P5,3,1,1,447955462.00,196611.0000,0.0000,123961000.0,323884000.0,3.000,805306368.0,0.000,0,0,805306368,3,0,0,0,1,1
1,chain3,f32,67108864,glibc_t2,P6,3,2,1,235397970.00,65537.0000,0.0000,135741000.0,99576000.0,1.000,268435456.0,0.000,0,0,268435456,1,2,0,0,1,1
1,chain3,f32,67108864,glibc_t2,P7,3,3,1,208610624.00,65537.0000,0.0000,108217000.0,100351000.0,1.000,268435456.0,0.000,0,0,268435456,1,1,1,0,1,1
1,chain3,f32,67108864,glibc_t2,P5,4,0,1,448126315.00,196611.0000,0.0000,128027000.0,320069000.0,3.000,805306368.0,0.000,0,0,805306368,3,0,0,0,1,1
1,chain3,f32,67108864,glibc_t2,P6,4,1,1,231501310.00,65537.0000,0.0000,123778000.0,107702000.0,1.000,268435456.0,0.000,0,0,268435456,1,2,0,0,1,1
1,chain3,f32,67108864,glibc_t2,P7,4,2,1,208445618.00,65537.0000,0.0000,116118000.0,92258000.0,1.000,268435456.0,0.000,0,0,268435456,1,1,1,0,1,1
1,chain3,f32,67108864,glibc_t2,FIXED_TWIN,4,3,1,285873469.00,65537.0000,0.0000,103727000.0,179588000.0,1.000,268435456.0,0.000,0,0,268435456,1,1,1,0,1,1
1,chain3,f32,67108864,glibc_t2,P6,5,0,1,231535115.00,65537.0000,0.0000,131735000.0,99631000.0,1.000,268435456.0,0.000,0,0,268435456,1,2,0,0,1,1
1,chain3,f32,67108864,glibc_t2,P7,5,1,1,206066305.00,65537.0000,0.0000,139166000.0,66905000.0,1.000,268435456.0,0.000,0,0,268435456,1,1,1,0,1,1
1,chain3,f32,67108864,glibc_t2,FIXED_TWIN,5,2,1,211442187.00,65537.0000,0.0000,123722000.0,87673000.0,1.000,268435456.0,0.000,0,0,268435456,1,1,1,0,1,1
1,chain3,f32,67108864,glibc_t2,P5,5,3,1,464379522.00,196611.0000,0.0000,168115000.0,296055000.0,3.000,805306368.0,0.000,0,0,805306368,3,0,0,0,1,1
1,chain3,f32,67108864,glibc_t2,P7,6,0,1,219397427.00,65537.0000,0.0000,111744000.0,107660000.0,1.000,268435456.0,0.000,0,0,268435456,1,1,1,0,1,1
1,chain3,f32,67108864,glibc_t2,FIXED_TWIN,6,1,1,217215985.00,65537.0000,0.0000,120506000.0,96707000.0,1.000,268435456.0,0.000,0,0,268435456,1,1,1,0,1,1
1,chain3,f32,67108864,glibc_t2,P5,6,2,1,466587012.00,196611.0000,0.0000,165077000.0,301435000.0,3.000,805306368.0,0.000,0,0,805306368,3,0,0,0,1,1
1,chain3,f32,67108864,glibc_t2,P6,6,3,1,231766417.00,65537.0000,0.0000,135848000.0,95869000.0,1.000,268435456.0,0.000,0,0,268435456,1,2,0,0,1,1
1,chain3,f32,67108864,glibc_t2,FIXED_TWIN,7,0,1,208245300.00,65537.0000,0.0000,108104000.0,100050000.0,1.000,268435456.0,0.000,0,0,268435456,1,1,1,0,1,1
1,chain3,f32,67108864,glibc_t2,P5,7,1,1,447586896.00,196611.0000,0.0000,143792000.0,303699000.0,3.000,805306368.0,0.000,0,0,805306368,3,0,0,0,1,1
1,chain3,f32,67108864,glibc_t2,P6,7,2,1,235060303.00,65537.0000,0.0000,129250000.0,105775000.0,1.000,268435456.0,0.000,0,0,268435456,1,2,0,0,1,1
1,chain3,f32,67108864,glibc_t2,P7,7,3,1,213413595.00,65537.0000,0.0000,118871000.0,94517000.0,1.000,268435456.0,0.000,0,0,268435456,1,1,1,0,1,1
1,chain3,f32,67108864,glibc_t2,P5,8,0,1,459214866.00,196611.0000,0.0000,139651000.0,319417000.0,3.000,805306368.0,0.000,0,0,805306368,3,0,0,0,1,1
1,chain3,f32,67108864,glibc_t2,P6,8,1,1,234336501.00,65537.0000,0.0000,136982000.0,97361000.0,1.000,268435456.0,0.000,0,0,268435456,1,2,0,0,1,1
1,chain3,f32,67108864,glibc_t2,P7,8,2,1,209049355.00,65537.0000,0.0000,96445000.0,112612000.0,1.000,268435456.0,0.000,0,0,268435456,1,1,1,0,1,1
1,chain3,f32,67108864,glibc_t2,FIXED_TWIN,8,3,1,554997057.00,65537.0000,0.0000,115219000.0,438687000.0,1.000,268435456.0,0.000,0,0,268435456,1,1,1,0,1,1
1,chain3,f32,67108864,glibc_t2,P6,9,0,1,241976847.00,65537.0000,0.0000,140793000.0,101145000.0,1.000,268435456.0,0.000,0,0,268435456,1,2,0,0,1,1
1,chain3,f32,67108864,glibc_t2,P7,9,1,1,221152744.00,65537.0000,0.0000,116487000.0,104672000.0,1.000,268435456.0,0.000,0,0,268435456,1,1,1,0,1,1
1,chain3,f32,67108864,glibc_t2,FIXED_TWIN,9,2,1,568149840.00,65537.0000,0.0000,139675000.0,427517000.0,1.000,268435456.0,0.000,0,0,268435456,1,1,1,0,1,1
1,chain3,f32,67108864,glibc_t2,P5,9,3,1,460479891.00,196611.0000,0.0000,136177000.0,324183000.0,3.000,805306368.0,0.000,0,0,805306368,3,0,0,0,1,1
1,chain3,f32,67108864,glibc_t2,P7,10,0,1,215067104.00,65537.0000,0.0000,123605000.0,91425000.0,1.000,268435456.0,0.000,0,0,268435456,1,1,1,0,1,1
1,chain3,f32,67108864,glibc_t2,FIXED_TWIN,10,1,1,211731573.00,65537.0000,0.0000,107887000.0,103851000.0,1.000,268435456.0,0.000,0,0,268435456,1,1,1,0,1,1
1,chain3,f32,67108864,glibc_t2,P5,10,2,1,457063384.00,196611.0000,0.0000,138741000.0,318259000.0,3.000,805306368.0,0.000,0,0,805306368,3,0,0,0,1,1
1,chain3,f32,67108864,glibc_t2,P6,10,3,1,238512632.00,65537.0000,0.0000,127337000.0,111146000.0,1.000,268435456.0,0.000,0,0,268435456,1,2,0,0,1,1
1,chain3,f32,67108864,glibc_t2,FIXED_TWIN,11,0,1,208018407.00,65537.0000,0.0000,120005000.0,87984000.0,1.000,268435456.0,0.000,0,0,268435456,1,1,1,0,1,1
1,chain3,f32,67108864,glibc_t2,P5,11,1,1,448080741.00,196611.0000,0.0000,128038000.0,320010000.0,3.000,805306368.0,0.000,0,0,805306368,3,0,0,0,1,1
1,chain3,f32,67108864,glibc_t2,P6,11,2,1,234921511.00,65537.0000,0.0000,131547000.0,103383000.0,1.000,268435456.0,0.000,0,0,268435456,1,2,0,0,1,1
1,chain3,f32,67108864,glibc_t2,P7,11,3,1,206996970.00,65537.0000,0.0000,113243000.0,93749000.0,1.000,268435456.0,0.000,0,0,268435456,1,1,1,0,1,1
1,chain3,f32,67108864,glibc_t2,P5,12,0,1,449816153.00,196611.0000,0.0000,100752000.0,349012000.0,3.000,805306368.0,0.000,0,0,805306368,3,0,0,0,1,1
1,chain3,f32,67108864,glibc_t2,P6,12,1,1,233623330.00,65537.0000,0.0000,158999000.0,74631000.0,1.000,268435456.0,0.000,0,0,268435456,1,2,0,0,1,1
1,chain3,f32,67108864,glibc_t2,P7,12,2,1,210865219.00,65537.0000,0.0000,99526000.0,111310000.0,1.000,268435456.0,0.000,0,0,268435456,1,1,1,0,1,1
1,chain3,f32,67108864,glibc_t2,FIXED_TWIN,12,3,1,410600819.00,65537.0000,0.0000,107182000.0,302675000.0,1.000,268435456.0,0.000,0,0,268435456,1,1,1,0,1,1
1,chain3,f32,67108864,glibc_t2,P6,13,0,1,234417621.00,65537.0000,0.0000,152997000.0,81409000.0,1.000,268435456.0,0.000,0,0,268435456,1,2,0,0,1,1
1,chain3,f32,67108864,glibc_t2,P7,13,1,1,210681573.00,65537.0000,0.0000,115399000.0,95232000.0,1.000,268435456.0,0.000,0,0,268435456,1,1,1,0,1,1
1,chain3,f32,67108864,glibc_t2,FIXED_TWIN,13,2,1,209052643.00,65537.0000,0.0000,110760000.0,98301000.0,1.000,268435456.0,0.000,0,0,268435456,1,1,1,0,1,1
1,chain3,f32,67108864,glibc_t2,P5,13,3,1,1649521320.00,196611.0000,0.0000,144424000.0,1504013000.0,3.000,805306368.0,0.000,0,0,805306368,3,0,0,0,1,1
1,chain3,f32,67108864,glibc_t2,P7,14,0,1,231850987.00,65537.0000,0.0000,123625000.0,107473000.0,1.000,268435456.0,0.000,0,0,268435456,1,1,1,0,1,1
1,chain3,f32,67108864,glibc_t2,FIXED_TWIN,14,1,1,208796275.00,65537.0000,0.0000,122621000.0,86093000.0,1.000,268435456.0,0.000,0,0,268435456,1,1,1,0,1,1
1,chain3,f32,67108864,glibc_t2,P5,14,2,1,456224458.00,196611.0000,0.0000,132090000.0,324112000.0,3.000,805306368.0,0.000,0,0,805306368,3,0,0,0,1,1
1,chain3,f32,67108864,glibc_t2,P6,14,3,1,233306728.00,65537.0000,0.0000,132494000.0,100757000.0,1.000,268435456.0,0.000,0,0,268435456,1,2,0,0,1,1
1,chain4,f32,64,glibc_t2,P5,0,0,1000,1614.31,0.0000,0.0000,1617.0,0.0,4.000,1024.0,0.000,0,0,256768,4,0,0,0,1,1
1,chain4,f32,64,glibc_t2,P6,0,1,1000,1534.65,0.0000,0.0000,1535.0,0.0,1.000,256.0,0.000,0,0,256000,1,3,0,0,1,1
1,chain4,f32,64,glibc_t2,P7,0,2,1000,1513.55,0.0000,0.0000,1514.0,0.0,1.000,256.0,0.000,0,0,256000,1,2,1,0,1,1
1,chain4,f32,64,glibc_t2,FIXED_TWIN,0,3,1000,1490.32,0.0000,0.0000,1491.0,0.0,1.000,256.0,0.000,0,0,256000,1,2,1,0,1,1
1,chain4,f32,64,glibc_t2,P6,1,0,1000,1536.42,0.0000,0.0000,1537.0,0.0,1.000,256.0,0.000,0,0,256000,1,3,0,0,1,1
1,chain4,f32,64,glibc_t2,P7,1,1,1000,1514.77,0.0000,0.0000,1515.0,0.0,1.000,256.0,0.000,0,0,256000,1,2,1,0,1,1
1,chain4,f32,64,glibc_t2,FIXED_TWIN,1,2,1000,1494.53,0.0000,0.0000,1495.0,0.0,1.000,256.0,0.000,0,0,256000,1,2,1,0,1,1
1,chain4,f32,64,glibc_t2,P5,1,3,1000,1613.05,0.0000,0.0000,1614.0,0.0,4.000,1024.0,0.000,0,0,256768,4,0,0,0,1,1
1,chain4,f32,64,glibc_t2,P7,2,0,1000,1554.01,0.0000,0.0000,1554.0,0.0,1.000,256.0,0.000,0,0,256000,1,2,1,0,1,1
1,chain4,f32,64,glibc_t2,FIXED_TWIN,2,1,1000,1506.10,0.0000,0.0000,1508.0,0.0,1.000,256.0,0.000,0,0,256000,1,2,1,0,1,1
1,chain4,f32,64,glibc_t2,P5,2,2,1000,1620.05,0.0000,0.0000,1620.0,0.0,4.000,1024.0,0.000,0,0,256768,4,0,0,0,1,1
1,chain4,f32,64,glibc_t2,P6,2,3,1000,1527.29,0.0000,0.0000,1528.0,0.0,1.000,256.0,0.000,0,0,256000,1,3,0,0,1,1
1,chain4,f32,64,glibc_t2,FIXED_TWIN,3,0,1000,1513.35,0.0000,0.0000,1514.0,0.0,1.000,256.0,0.000,0,0,256000,1,2,1,0,1,1
1,chain4,f32,64,glibc_t2,P5,3,1,1000,1598.52,0.0000,0.0000,1599.0,0.0,4.000,1024.0,0.000,0,0,256768,4,0,0,0,1,1
1,chain4,f32,64,glibc_t2,P6,3,2,1000,1532.32,0.0000,0.0000,1533.0,0.0,1.000,256.0,0.000,0,0,256000,1,3,0,0,1,1
1,chain4,f32,64,glibc_t2,P7,3,3,1000,1490.89,0.0000,0.0000,1492.0,0.0,1.000,256.0,0.000,0,0,256000,1,2,1,0,1,1
1,chain4,f32,64,glibc_t2,P5,4,0,1000,2358.19,0.0000,0.0000,2362.0,0.0,4.000,1024.0,0.000,0,0,256768,4,0,0,0,1,1
1,chain4,f32,64,glibc_t2,P6,4,1,1000,1581.78,0.0000,0.0000,1586.0,0.0,1.000,256.0,0.000,0,0,256000,1,3,0,0,1,1
1,chain4,f32,64,glibc_t2,P7,4,2,1000,1541.57,0.0000,0.0000,1542.0,0.0,1.000,256.0,0.000,0,0,256000,1,2,1,0,1,1
1,chain4,f32,64,glibc_t2,FIXED_TWIN,4,3,1000,1539.10,0.0000,0.0000,1540.0,0.0,1.000,256.0,0.000,0,0,256000,1,2,1,0,1,1
1,chain4,f32,64,glibc_t2,P6,5,0,1000,1535.56,0.0000,0.0000,1536.0,0.0,1.000,256.0,0.000,0,0,256000,1,3,0,0,1,1
1,chain4,f32,64,glibc_t2,P7,5,1,1000,1510.65,0.0000,0.0000,1511.0,0.0,1.000,256.0,0.000,0,0,256000,1,2,1,0,1,1
1,chain4,f32,64,glibc_t2,FIXED_TWIN,5,2,1000,1518.21,0.0000,0.0000,1519.0,0.0,1.000,256.0,0.000,0,0,256000,1,2,1,0,1,1
1,chain4,f32,64,glibc_t2,P5,5,3,1000,1605.48,0.0000,0.0000,1607.0,0.0,4.000,1024.0,0.000,0,0,256768,4,0,0,0,1,1
1,chain4,f32,64,glibc_t2,P7,6,0,1000,1517.91,0.0000,0.0000,1519.0,0.0,1.000,256.0,0.000,0,0,256000,1,2,1,0,1,1
1,chain4,f32,64,glibc_t2,FIXED_TWIN,6,1,1000,1501.14,0.0000,0.0000,1502.0,0.0,1.000,256.0,0.000,0,0,256000,1,2,1,0,1,1
1,chain4,f32,64,glibc_t2,P5,6,2,1000,1604.87,0.0000,0.0000,1605.0,0.0,4.000,1024.0,0.000,0,0,256768,4,0,0,0,1,1
1,chain4,f32,64,glibc_t2,P6,6,3,1000,1543.25,0.0000,0.0000,1544.0,0.0,1.000,256.0,0.000,0,0,256000,1,3,0,0,1,1
1,chain4,f32,64,glibc_t2,FIXED_TWIN,7,0,1000,1515.61,0.0000,0.0000,1516.0,0.0,1.000,256.0,0.000,0,0,256000,1,2,1,0,1,1
1,chain4,f32,64,glibc_t2,P5,7,1,1000,1684.82,0.0000,0.0000,1685.0,0.0,4.000,1024.0,0.000,0,0,256768,4,0,0,0,1,1
1,chain4,f32,64,glibc_t2,P6,7,2,1000,1531.62,0.0000,0.0000,1534.0,0.0,1.000,256.0,0.000,0,0,256000,1,3,0,0,1,1
1,chain4,f32,64,glibc_t2,P7,7,3,1000,1615.44,0.0000,0.0000,1619.0,0.0,1.000,256.0,0.000,0,0,256000,1,2,1,0,1,1
1,chain4,f32,64,glibc_t2,P5,8,0,1000,1652.99,0.0000,0.0000,1654.0,0.0,4.000,1024.0,0.000,0,0,256768,4,0,0,0,1,1
1,chain4,f32,64,glibc_t2,P6,8,1,1000,1539.06,0.0000,0.0000,1540.0,0.0,1.000,256.0,0.000,0,0,256000,1,3,0,0,1,1
1,chain4,f32,64,glibc_t2,P7,8,2,1000,1649.26,0.0000,0.0000,1591.0,0.0,1.000,256.0,0.000,0,0,256000,1,2,1,0,1,1
1,chain4,f32,64,glibc_t2,FIXED_TWIN,8,3,1000,1522.33,0.0000,0.0000,1493.0,31.0,1.000,256.0,0.000,0,0,256000,1,2,1,0,1,1
1,chain4,f32,64,glibc_t2,P6,9,0,1000,1634.00,0.0000,0.0000,1636.0,0.0,1.000,256.0,0.000,0,0,256000,1,3,0,0,1,1
1,chain4,f32,64,glibc_t2,P7,9,1,1000,1579.60,0.0000,0.0000,1581.0,0.0,1.000,256.0,0.000,0,0,256000,1,2,1,0,1,1
1,chain4,f32,64,glibc_t2,FIXED_TWIN,9,2,1000,1538.65,0.0000,0.0000,1540.0,0.0,1.000,256.0,0.000,0,0,256000,1,2,1,0,1,1
1,chain4,f32,64,glibc_t2,P5,9,3,1000,1599.99,0.0000,0.0000,1601.0,0.0,4.000,1024.0,0.000,0,0,256768,4,0,0,0,1,1
1,chain4,f32,64,glibc_t2,P7,10,0,1000,1541.47,0.0000,0.0000,1543.0,0.0,1.000,256.0,0.000,0,0,256000,1,2,1,0,1,1
1,chain4,f32,64,glibc_t2,FIXED_TWIN,10,1,1000,1515.30,0.0000,0.0000,1519.0,0.0,1.000,256.0,0.000,0,0,256000,1,2,1,0,1,1
1,chain4,f32,64,glibc_t2,P5,10,2,1000,1667.34,0.0000,0.0000,1670.0,0.0,4.000,1024.0,0.000,0,0,256768,4,0,0,0,1,1
1,chain4,f32,64,glibc_t2,P6,10,3,1000,1553.59,0.0000,0.0000,1557.0,0.0,1.000,256.0,0.000,0,0,256000,1,3,0,0,1,1
1,chain4,f32,64,glibc_t2,FIXED_TWIN,11,0,1000,1547.40,0.0000,0.0000,1549.0,0.0,1.000,256.0,0.000,0,0,256000,1,2,1,0,1,1
1,chain4,f32,64,glibc_t2,P5,11,1,1000,1621.77,0.0000,0.0000,1623.0,0.0,4.000,1024.0,0.000,0,0,256768,4,0,0,0,1,1
1,chain4,f32,64,glibc_t2,P6,11,2,1000,1549.05,0.0000,0.0000,1550.0,0.0,1.000,256.0,0.000,0,0,256000,1,3,0,0,1,1
1,chain4,f32,64,glibc_t2,P7,11,3,1000,1520.06,0.0000,0.0000,1521.0,0.0,1.000,256.0,0.000,0,0,256000,1,2,1,0,1,1
1,chain4,f32,64,glibc_t2,P5,12,0,1000,1580.22,0.0000,0.0000,1582.0,0.0,4.000,1024.0,0.000,0,0,256768,4,0,0,0,1,1
1,chain4,f32,64,glibc_t2,P6,12,1,1000,1530.59,0.0000,0.0000,1532.0,0.0,1.000,256.0,0.000,0,0,256000,1,3,0,0,1,1
1,chain4,f32,64,glibc_t2,P7,12,2,1000,1524.09,0.0000,0.0000,1526.0,0.0,1.000,256.0,0.000,0,0,256000,1,2,1,0,1,1
1,chain4,f32,64,glibc_t2,FIXED_TWIN,12,3,1000,1517.36,0.0000,0.0000,1518.0,0.0,1.000,256.0,0.000,0,0,256000,1,2,1,0,1,1
1,chain4,f32,64,glibc_t2,P6,13,0,1000,1544.11,0.0000,0.0000,1547.0,0.0,1.000,256.0,0.000,0,0,256000,1,3,0,0,1,1
1,chain4,f32,64,glibc_t2,P7,13,1,1000,1504.76,0.0000,0.0000,1506.0,0.0,1.000,256.0,0.000,0,0,256000,1,2,1,0,1,1
1,chain4,f32,64,glibc_t2,FIXED_TWIN,13,2,1000,1519.01,0.0000,0.0000,1521.0,0.0,1.000,256.0,0.000,0,0,256000,1,2,1,0,1,1
1,chain4,f32,64,glibc_t2,P5,13,3,1000,1619.48,0.0000,0.0000,1621.0,0.0,4.000,1024.0,0.000,0,0,256768,4,0,0,0,1,1
1,chain4,f32,64,glibc_t2,P7,14,0,1000,1527.75,0.0000,0.0000,1529.0,0.0,1.000,256.0,0.000,0,0,256000,1,2,1,0,1,1
1,chain4,f32,64,glibc_t2,FIXED_TWIN,14,1,1000,1522.48,0.0000,0.0000,1523.0,0.0,1.000,256.0,0.000,0,0,256000,1,2,1,0,1,1
1,chain4,f32,64,glibc_t2,P5,14,2,1000,1631.20,0.0000,0.0000,1632.0,0.0,4.000,1024.0,0.000,0,0,256768,4,0,0,0,1,1
1,chain4,f32,64,glibc_t2,P6,14,3,1000,1527.78,0.0000,0.0000,1529.0,0.0,1.000,256.0,0.000,0,0,256000,1,3,0,0,1,1
1,chain4,f32,1024,glibc_t2,P5,0,0,1000,2300.93,0.0000,0.0000,2307.0,0.0,4.000,16384.0,0.000,0,0,4108288,4,0,0,0,1,1
1,chain4,f32,1024,glibc_t2,P6,0,1,1000,2094.20,0.0000,0.0000,2098.0,0.0,1.000,4096.0,0.000,0,0,4096000,1,3,0,0,1,1
1,chain4,f32,1024,glibc_t2,P7,0,2,1000,1944.00,0.0000,0.0000,1950.0,0.0,1.000,4096.0,0.000,0,0,4096000,1,2,1,0,1,1
1,chain4,f32,1024,glibc_t2,FIXED_TWIN,0,3,1000,1957.08,0.0000,0.0000,1959.0,0.0,1.000,4096.0,0.000,0,0,4096000,1,2,1,0,1,1
1,chain4,f32,1024,glibc_t2,P6,1,0,1000,2056.86,0.0000,0.0000,2059.0,0.0,1.000,4096.0,0.000,0,0,4096000,1,3,0,0,1,1
1,chain4,f32,1024,glibc_t2,P7,1,1,1000,1936.22,0.0000,0.0000,1939.0,0.0,1.000,4096.0,0.000,0,0,4096000,1,2,1,0,1,1
1,chain4,f32,1024,glibc_t2,FIXED_TWIN,1,2,1000,1956.02,0.0000,0.0000,1958.0,0.0,1.000,4096.0,0.000,0,0,4096000,1,2,1,0,1,1
1,chain4,f32,1024,glibc_t2,P5,1,3,1000,2249.79,0.0000,0.0000,2253.0,0.0,4.000,16384.0,0.000,0,0,4108288,4,0,0,0,1,1
1,chain4,f32,1024,glibc_t2,P7,2,0,1000,1952.68,0.0000,0.0000,1955.0,0.0,1.000,4096.0,0.000,0,0,4096000,1,2,1,0,1,1
1,chain4,f32,1024,glibc_t2,FIXED_TWIN,2,1,1000,1954.39,0.0000,0.0000,1956.0,0.0,1.000,4096.0,0.000,0,0,4096000,1,2,1,0,1,1
1,chain4,f32,1024,glibc_t2,P5,2,2,1000,2242.38,0.0000,0.0000,2244.0,0.0,4.000,16384.0,0.000,0,0,4108288,4,0,0,0,1,1
1,chain4,f32,1024,glibc_t2,P6,2,3,1000,2051.75,0.0000,0.0000,2053.0,0.0,1.000,4096.0,0.000,0,0,4096000,1,3,0,0,1,1
1,chain4,f32,1024,glibc_t2,FIXED_TWIN,3,0,1000,1979.36,0.0000,0.0000,1982.0,0.0,1.000,4096.0,0.000,0,0,4096000,1,2,1,0,1,1
1,chain4,f32,1024,glibc_t2,P5,3,1,1000,2279.43,0.0000,0.0000,2282.0,0.0,4.000,16384.0,0.000,0,0,4108288,4,0,0,0,1,1
1,chain4,f32,1024,glibc_t2,P6,3,2,1000,2112.36,0.0000,0.0000,2116.0,0.0,1.000,4096.0,0.000,0,0,4096000,1,3,0,0,1,1
1,chain4,f32,1024,glibc_t2,P7,3,3,1000,1946.05,0.0000,0.0000,1948.0,0.0,1.000,4096.0,0.000,0,0,4096000,1,2,1,0,1,1
1,chain4,f32,1024,glibc_t2,P5,4,0,1000,2276.72,0.0000,0.0000,2280.0,0.0,4.000,16384.0,0.000,0,0,4108288,4,0,0,0,1,1
1,chain4,f32,1024,glibc_t2,P6,4,1,1000,2058.98,0.0000,0.0000,2061.0,0.0,1.000,4096.0,0.000,0,0,4096000,1,3,0,0,1,1
1,chain4,f32,1024,glibc_t2,P7,4,2,1000,2020.60,0.0000,0.0000,2024.0,0.0,1.000,4096.0,0.000,0,0,4096000,1,2,1,0,1,1
1,chain4,f32,1024,glibc_t2,FIXED_TWIN,4,3,1000,2005.31,0.0000,0.0000,2007.0,0.0,1.000,4096.0,0.000,0,0,4096000,1,2,1,0,1,1
1,chain4,f32,1024,glibc_t2,P6,5,0,1000,2047.84,0.0000,0.0000,2050.0,0.0,1.000,4096.0,0.000,0,0,4096000,1,3,0,0,1,1
1,chain4,f32,1024,glibc_t2,P7,5,1,1000,1961.39,0.0000,0.0000,1963.0,0.0,1.000,4096.0,0.000,0,0,4096000,1,2,1,0,1,1
1,chain4,f32,1024,glibc_t2,FIXED_TWIN,5,2,1000,1963.64,0.0000,0.0000,1966.0,0.0,1.000,4096.0,0.000,0,0,4096000,1,2,1,0,1,1
1,chain4,f32,1024,glibc_t2,P5,5,3,1000,2245.82,0.0000,0.0000,2248.0,0.0,4.000,16384.0,0.000,0,0,4108288,4,0,0,0,1,1
1,chain4,f32,1024,glibc_t2,P7,6,0,1000,1953.89,0.0000,0.0000,1955.0,0.0,1.000,4096.0,0.000,0,0,4096000,1,2,1,0,1,1
1,chain4,f32,1024,glibc_t2,FIXED_TWIN,6,1,1000,1975.84,0.0000,0.0000,1977.0,0.0,1.000,4096.0,0.000,0,0,4096000,1,2,1,0,1,1
1,chain4,f32,1024,glibc_t2,P5,6,2,1000,2254.80,0.0000,0.0000,2256.0,0.0,4.000,16384.0,0.000,0,0,4108288,4,0,0,0,1,1
1,chain4,f32,1024,glibc_t2,P6,6,3,1000,2041.36,0.0000,0.0000,2043.0,0.0,1.000,4096.0,0.000,0,0,4096000,1,3,0,0,1,1
1,chain4,f32,1024,glibc_t2,FIXED_TWIN,7,0,1000,2026.63,0.0000,0.0000,2030.0,0.0,1.000,4096.0,0.000,0,0,4096000,1,2,1,0,1,1
1,chain4,f32,1024,glibc_t2,P5,7,1,1000,2272.53,0.0000,0.0000,2277.0,0.0,4.000,16384.0,0.000,0,0,4108288,4,0,0,0,1,1
1,chain4,f32,1024,glibc_t2,P6,7,2,1000,2083.69,0.0000,0.0000,2087.0,0.0,1.000,4096.0,0.000,0,0,4096000,1,3,0,0,1,1
1,chain4,f32,1024,glibc_t2,P7,7,3,1000,1936.36,0.0000,0.0000,1938.0,0.0,1.000,4096.0,0.000,0,0,4096000,1,2,1,0,1,1
1,chain4,f32,1024,glibc_t2,P5,8,0,1000,2288.22,0.0000,0.0000,2292.0,0.0,4.000,16384.0,0.000,0,0,4108288,4,0,0,0,1,1
1,chain4,f32,1024,glibc_t2,P6,8,1,1000,2091.89,0.0000,0.0000,2095.0,0.0,1.000,4096.0,0.000,0,0,4096000,1,3,0,0,1,1
1,chain4,f32,1024,glibc_t2,P7,8,2,1000,1995.59,0.0000,0.0000,2002.0,0.0,1.000,4096.0,0.000,0,0,4096000,1,2,1,0,1,1
1,chain4,f32,1024,glibc_t2,FIXED_TWIN,8,3,1000,1943.83,0.0000,0.0000,1945.0,0.0,1.000,4096.0,0.000,0,0,4096000,1,2,1,0,1,1
1,chain4,f32,1024,glibc_t2,P6,9,0,1000,2078.00,0.0000,0.0000,2081.0,0.0,1.000,4096.0,0.000,0,0,4096000,1,3,0,0,1,1
1,chain4,f32,1024,glibc_t2,P7,9,1,1000,1974.93,0.0000,0.0000,1979.0,0.0,1.000,4096.0,0.000,0,0,4096000,1,2,1,0,1,1
1,chain4,f32,1024,glibc_t2,FIXED_TWIN,9,2,1000,1975.43,0.0000,0.0000,822.0,1155.0,1.000,4096.0,0.000,0,0,4096000,1,2,1,0,1,1
1,chain4,f32,1024,glibc_t2,P5,9,3,1000,2291.95,0.0000,0.0000,2296.0,0.0,4.000,16384.0,0.000,0,0,4108288,4,0,0,0,1,1
1,chain4,f32,1024,glibc_t2,P7,10,0,1000,2037.90,0.0000,0.0000,2041.0,0.0,1.000,4096.0,0.000,0,0,4096000,1,2,1,0,1,1
1,chain4,f32,1024,glibc_t2,FIXED_TWIN,10,1,1000,1943.93,0.0000,0.0000,1947.0,0.0,1.000,4096.0,0.000,0,0,4096000,1,2,1,0,1,1
1,chain4,f32,1024,glibc_t2,P5,10,2,1000,2249.76,0.0000,0.0000,2253.0,0.0,4.000,16384.0,0.000,0,0,4108288,4,0,0,0,1,1
1,chain4,f32,1024,glibc_t2,P6,10,3,1000,2108.86,0.0000,0.0000,2116.0,0.0,1.000,4096.0,0.000,0,0,4096000,1,3,0,0,1,1
1,chain4,f32,1024,glibc_t2,FIXED_TWIN,11,0,1000,2020.50,0.0000,0.0000,2023.0,0.0,1.000,4096.0,0.000,0,0,4096000,1,2,1,0,1,1
1,chain4,f32,1024,glibc_t2,P5,11,1,1000,2261.17,0.0000,0.0000,2264.0,0.0,4.000,16384.0,0.000,0,0,4108288,4,0,0,0,1,1
1,chain4,f32,1024,glibc_t2,P6,11,2,1000,2047.73,0.0000,0.0000,2050.0,0.0,1.000,4096.0,0.000,0,0,4096000,1,3,0,0,1,1
1,chain4,f32,1024,glibc_t2,P7,11,3,1000,1954.35,0.0000,0.0000,1956.0,0.0,1.000,4096.0,0.000,0,0,4096000,1,2,1,0,1,1
1,chain4,f32,1024,glibc_t2,P5,12,0,1000,2290.20,0.0000,0.0000,2259.0,0.0,4.000,16384.0,0.000,0,0,4108288,4,0,0,0,1,1
1,chain4,f32,1024,glibc_t2,P6,12,1,1000,2060.25,0.0000,0.0000,2062.0,0.0,1.000,4096.0,0.000,0,0,4096000,1,3,0,0,1,1
1,chain4,f32,1024,glibc_t2,P7,12,2,1000,1999.07,0.0000,0.0000,2003.0,0.0,1.000,4096.0,0.000,0,0,4096000,1,2,1,0,1,1
1,chain4,f32,1024,glibc_t2,FIXED_TWIN,12,3,1000,2008.34,0.0000,0.0000,2013.0,0.0,1.000,4096.0,0.000,0,0,4096000,1,2,1,0,1,1
1,chain4,f32,1024,glibc_t2,P6,13,0,1000,2112.32,0.0000,0.0000,2116.0,0.0,1.000,4096.0,0.000,0,0,4096000,1,3,0,0,1,1
1,chain4,f32,1024,glibc_t2,P7,13,1,1000,1966.47,0.0000,0.0000,1970.0,0.0,1.000,4096.0,0.000,0,0,4096000,1,2,1,0,1,1
1,chain4,f32,1024,glibc_t2,FIXED_TWIN,13,2,1000,1987.10,0.0000,0.0000,1989.0,0.0,1.000,4096.0,0.000,0,0,4096000,1,2,1,0,1,1
1,chain4,f32,1024,glibc_t2,P5,13,3,1000,2428.45,0.0000,0.0000,2430.0,0.0,4.000,16384.0,0.000,0,0,4108288,4,0,0,0,1,1
1,chain4,f32,1024,glibc_t2,P7,14,0,1000,2313.26,0.0000,0.0000,2279.0,40.0,1.000,4096.0,0.000,0,0,4096000,1,2,1,0,1,1
1,chain4,f32,1024,glibc_t2,FIXED_TWIN,14,1,1000,1966.33,0.0000,0.0000,1970.0,0.0,1.000,4096.0,0.000,0,0,4096000,1,2,1,0,1,1
1,chain4,f32,1024,glibc_t2,P5,14,2,1000,2335.72,0.0000,0.0000,2340.0,0.0,4.000,16384.0,0.000,0,0,4108288,4,0,0,0,1,1
1,chain4,f32,1024,glibc_t2,P6,14,3,1000,2153.25,0.0000,0.0000,2157.0,0.0,1.000,4096.0,0.000,0,0,4096000,1,3,0,0,1,1
1,chain4,f32,4096,glibc_t2,P5,0,0,1,2928.00,0.0000,0.0000,5000.0,0.0,4.000,65536.0,0.000,0,0,65536,4,0,0,0,1,1
1,chain4,f32,4096,glibc_t2,P6,0,1,1,2413.00,0.0000,0.0000,1000.0,2000.0,1.000,16384.0,0.000,0,0,16384,1,3,0,0,1,1
1,chain4,f32,4096,glibc_t2,P7,0,2,1,3172.00,0.0000,0.0000,2000.0,2000.0,1.000,16384.0,0.000,0,0,16384,1,2,1,0,1,1
1,chain4,f32,4096,glibc_t2,FIXED_TWIN,0,3,1,2359.00,0.0000,0.0000,2000.0,2000.0,1.000,16384.0,0.000,0,0,16384,1,2,1,0,1,1
1,chain4,f32,4096,glibc_t2,P6,1,0,1,2478.00,0.0000,0.0000,1000.0,2000.0,1.000,16384.0,0.000,0,0,16384,1,3,0,0,1,1
1,chain4,f32,4096,glibc_t2,P7,1,1,1,2316.00,0.0000,0.0000,1000.0,2000.0,1.000,16384.0,0.000,0,0,16384,1,2,1,0,1,1
1,chain4,f32,4096,glibc_t2,FIXED_TWIN,1,2,1,2284.00,0.0000,0.0000,1000.0,1000.0,1.000,16384.0,0.000,0,0,16384,1,2,1,0,1,1
1,chain4,f32,4096,glibc_t2,P5,1,3,1,2877.00,0.0000,0.0000,2000.0,1000.0,4.000,65536.0,0.000,0,0,65536,4,0,0,0,1,1
1,chain4,f32,4096,glibc_t2,P7,2,0,1,2333.00,0.0000,0.0000,1000.0,1000.0,1.000,16384.0,0.000,0,0,16384,1,2,1,0,1,1
1,chain4,f32,4096,glibc_t2,FIXED_TWIN,2,1,1,2346.00,0.0000,0.0000,3000.0,3000.0,1.000,16384.0,0.000,0,0,16384,1,2,1,0,1,1
1,chain4,f32,4096,glibc_t2,P5,2,2,1,2832.00,0.0000,0.0000,2000.0,2000.0,4.000,65536.0,0.000,0,0,65536,4,0,0,0,1,1
1,chain4,f32,4096,glibc_t2,P6,2,3,1,2487.00,0.0000,0.0000,1000.0,2000.0,1.000,16384.0,0.000,0,0,16384,1,3,0,0,1,1
1,chain4,f32,4096,glibc_t2,FIXED_TWIN,3,0,1,2275.00,0.0000,0.0000,1000.0,1000.0,1.000,16384.0,0.000,0,0,16384,1,2,1,0,1,1
1,chain4,f32,4096,glibc_t2,P5,3,1,1,2860.00,0.0000,0.0000,3000.0,0.0,4.000,65536.0,0.000,0,0,65536,4,0,0,0,1,1
1,chain4,f32,4096,glibc_t2,P6,3,2,1,2587.00,0.0000,0.0000,3000.0,0.0,1.000,16384.0,0.000,0,0,16384,1,3,0,0,1,1
1,chain4,f32,4096,glibc_t2,P7,3,3,1,2338.00,0.0000,0.0000,3000.0,0.0,1.000,16384.0,0.000,0,0,16384,1,2,1,0,1,1
1,chain4,f32,4096,glibc_t2,P5,4,0,1,2848.00,0.0000,0.0000,3000.0,0.0,4.000,65536.0,0.000,0,0,65536,4,0,0,0,1,1
1,chain4,f32,4096,glibc_t2,P6,4,1,1,5204.00,0.0000,0.0000,5000.0,0.0,1.000,16384.0,0.000,0,0,16384,1,3,0,0,1,1
1,chain4,f32,4096,glibc_t2,P7,4,2,1,2320.00,0.0000,0.0000,3000.0,0.0,1.000,16384.0,0.000,0,0,16384,1,2,1,0,1,1
1,chain4,f32,4096,glibc_t2,FIXED_TWIN,4,3,1,2320.00,0.0000,0.0000,3000.0,0.0,1.000,16384.0,0.000,0,0,16384,1,2,1,0,1,1
1,chain4,f32,4096,glibc_t2,P6,5,0,1,2473.00,0.0000,0.0000,3000.0,0.0,1.000,16384.0,0.000,0,0,16384,1,3,0,0,1,1
1,chain4,f32,4096,glibc_t2,P7,5,1,1,2299.00,0.0000,0.0000,3000.0,0.0,1.000,16384.0,0.000,0,0,16384,1,2,1,0,1,1
1,chain4,f32,4096,glibc_t2,FIXED_TWIN,5,2,1,2307.00,0.0000,0.0000,3000.0,0.0,1.000,16384.0,0.000,0,0,16384,1,2,1,0,1,1
1,chain4,f32,4096,glibc_t2,P5,5,3,1,2819.00,0.0000,0.0000,3000.0,0.0,4.000,65536.0,0.000,0,0,65536,4,0,0,0,1,1
1,chain4,f32,4096,glibc_t2,P7,6,0,1,2334.00,0.0000,0.0000,3000.0,0.0,1.000,16384.0,0.000,0,0,16384,1,2,1,0,1,1
1,chain4,f32,4096,glibc_t2,FIXED_TWIN,6,1,1,2285.00,0.0000,0.0000,3000.0,0.0,1.000,16384.0,0.000,0,0,16384,1,2,1,0,1,1
1,chain4,f32,4096,glibc_t2,P5,6,2,1,2799.00,0.0000,0.0000,3000.0,0.0,4.000,65536.0,0.000,0,0,65536,4,0,0,0,1,1
1,chain4,f32,4096,glibc_t2,P6,6,3,1,2466.00,0.0000,0.0000,3000.0,0.0,1.000,16384.0,0.000,0,0,16384,1,3,0,0,1,1
1,chain4,f32,4096,glibc_t2,FIXED_TWIN,7,0,1,2284.00,0.0000,0.0000,3000.0,0.0,1.000,16384.0,0.000,0,0,16384,1,2,1,0,1,1
1,chain4,f32,4096,glibc_t2,P5,7,1,1,2774.00,0.0000,0.0000,3000.0,0.0,4.000,65536.0,0.000,0,0,65536,4,0,0,0,1,1
1,chain4,f32,4096,glibc_t2,P6,7,2,1,2451.00,0.0000,0.0000,3000.0,0.0,1.000,16384.0,0.000,0,0,16384,1,3,0,0,1,1
1,chain4,f32,4096,glibc_t2,P7,7,3,1,2295.00,0.0000,0.0000,3000.0,0.0,1.000,16384.0,0.000,0,0,16384,1,2,1,0,1,1
1,chain4,f32,4096,glibc_t2,P5,8,0,1,2776.00,0.0000,0.0000,3000.0,0.0,4.000,65536.0,0.000,0,0,65536,4,0,0,0,1,1
1,chain4,f32,4096,glibc_t2,P6,8,1,1,2480.00,0.0000,0.0000,3000.0,0.0,1.000,16384.0,0.000,0,0,16384,1,3,0,0,1,1
1,chain4,f32,4096,glibc_t2,P7,8,2,1,2320.00,0.0000,0.0000,3000.0,0.0,1.000,16384.0,0.000,0,0,16384,1,2,1,0,1,1
1,chain4,f32,4096,glibc_t2,FIXED_TWIN,8,3,1,2312.00,0.0000,0.0000,3000.0,0.0,1.000,16384.0,0.000,0,0,16384,1,2,1,0,1,1
1,chain4,f32,4096,glibc_t2,P6,9,0,1,2445.00,0.0000,0.0000,3000.0,0.0,1.000,16384.0,0.000,0,0,16384,1,3,0,0,1,1
1,chain4,f32,4096,glibc_t2,P7,9,1,1,2379.00,0.0000,0.0000,3000.0,0.0,1.000,16384.0,0.000,0,0,16384,1,2,1,0,1,1
1,chain4,f32,4096,glibc_t2,FIXED_TWIN,9,2,1,2271.00,0.0000,0.0000,3000.0,0.0,1.000,16384.0,0.000,0,0,16384,1,2,1,0,1,1
1,chain4,f32,4096,glibc_t2,P5,9,3,1,2820.00,0.0000,0.0000,3000.0,0.0,4.000,65536.0,0.000,0,0,65536,4,0,0,0,1,1
1,chain4,f32,4096,glibc_t2,P7,10,0,1,2291.00,0.0000,0.0000,3000.0,0.0,1.000,16384.0,0.000,0,0,16384,1,2,1,0,1,1
1,chain4,f32,4096,glibc_t2,FIXED_TWIN,10,1,1,2268.00,0.0000,0.0000,2000.0,0.0,1.000,16384.0,0.000,0,0,16384,1,2,1,0,1,1
1,chain4,f32,4096,glibc_t2,P5,10,2,1,2795.00,0.0000,0.0000,3000.0,0.0,4.000,65536.0,0.000,0,0,65536,4,0,0,0,1,1
1,chain4,f32,4096,glibc_t2,P6,10,3,1,2453.00,0.0000,0.0000,3000.0,0.0,1.000,16384.0,0.000,0,0,16384,1,3,0,0,1,1
1,chain4,f32,4096,glibc_t2,FIXED_TWIN,11,0,1,2336.00,0.0000,0.0000,3000.0,0.0,1.000,16384.0,0.000,0,0,16384,1,2,1,0,1,1
1,chain4,f32,4096,glibc_t2,P5,11,1,1,2779.00,0.0000,0.0000,3000.0,0.0,4.000,65536.0,0.000,0,0,65536,4,0,0,0,1,1
1,chain4,f32,4096,glibc_t2,P6,11,2,1,2527.00,0.0000,0.0000,3000.0,0.0,1.000,16384.0,0.000,0,0,16384,1,3,0,0,1,1
1,chain4,f32,4096,glibc_t2,P7,11,3,1,2282.00,0.0000,0.0000,3000.0,0.0,1.000,16384.0,0.000,0,0,16384,1,2,1,0,1,1
1,chain4,f32,4096,glibc_t2,P5,12,0,1,2788.00,0.0000,0.0000,3000.0,0.0,4.000,65536.0,0.000,0,0,65536,4,0,0,0,1,1
1,chain4,f32,4096,glibc_t2,P6,12,1,1,2545.00,0.0000,0.0000,3000.0,0.0,1.000,16384.0,0.000,0,0,16384,1,3,0,0,1,1
1,chain4,f32,4096,glibc_t2,P7,12,2,1,2345.00,0.0000,0.0000,3000.0,0.0,1.000,16384.0,0.000,0,0,16384,1,2,1,0,1,1
1,chain4,f32,4096,glibc_t2,FIXED_TWIN,12,3,1,2309.00,0.0000,0.0000,3000.0,0.0,1.000,16384.0,0.000,0,0,16384,1,2,1,0,1,1
1,chain4,f32,4096,glibc_t2,P6,13,0,1,2408.00,0.0000,0.0000,2000.0,0.0,1.000,16384.0,0.000,0,0,16384,1,3,0,0,1,1
1,chain4,f32,4096,glibc_t2,P7,13,1,1,2317.00,0.0000,0.0000,2000.0,0.0,1.000,16384.0,0.000,0,0,16384,1,2,1,0,1,1
1,chain4,f32,4096,glibc_t2,FIXED_TWIN,13,2,1,2312.00,0.0000,0.0000,2000.0,0.0,1.000,16384.0,0.000,0,0,16384,1,2,1,0,1,1
1,chain4,f32,4096,glibc_t2,P5,13,3,1,2780.00,0.0000,0.0000,3000.0,0.0,4.000,65536.0,0.000,0,0,65536,4,0,0,0,1,1
1,chain4,f32,4096,glibc_t2,P7,14,0,1,2281.00,0.0000,0.0000,3000.0,0.0,1.000,16384.0,0.000,0,0,16384,1,2,1,0,1,1
1,chain4,f32,4096,glibc_t2,FIXED_TWIN,14,1,1,2300.00,0.0000,0.0000,3000.0,0.0,1.000,16384.0,0.000,0,0,16384,1,2,1,0,1,1
1,chain4,f32,4096,glibc_t2,P5,14,2,1,2789.00,0.0000,0.0000,3000.0,0.0,4.000,65536.0,0.000,0,0,65536,4,0,0,0,1,1
1,chain4,f32,4096,glibc_t2,P6,14,3,1,2468.00,0.0000,0.0000,3000.0,0.0,1.000,16384.0,0.000,0,0,16384,1,3,0,0,1,1
1,chain4,f32,16384,glibc_t2,P5,0,0,1,9220.00,0.0000,0.0000,10000.0,0.0,4.000,262144.0,0.000,0,0,262144,4,0,0,0,1,1
1,chain4,f32,16384,glibc_t2,P6,0,1,1,8815.00,0.0000,0.0000,9000.0,0.0,1.000,65536.0,0.000,0,0,65536,1,3,0,0,1,1
1,chain4,f32,16384,glibc_t2,P7,0,2,1,8012.00,0.0000,0.0000,9000.0,0.0,1.000,65536.0,0.000,0,0,65536,1,2,1,0,1,1
1,chain4,f32,16384,glibc_t2,FIXED_TWIN,0,3,1,8076.00,0.0000,0.0000,9000.0,0.0,1.000,65536.0,0.000,0,0,65536,1,2,1,0,1,1
1,chain4,f32,16384,glibc_t2,P6,1,0,1,8787.00,0.0000,0.0000,9000.0,0.0,1.000,65536.0,0.000,0,0,65536,1,3,0,0,1,1
1,chain4,f32,16384,glibc_t2,P7,1,1,1,8022.00,0.0000,0.0000,8000.0,0.0,1.000,65536.0,0.000,0,0,65536,1,2,1,0,1,1
1,chain4,f32,16384,glibc_t2,FIXED_TWIN,1,2,1,8017.00,0.0000,0.0000,9000.0,0.0,1.000,65536.0,0.000,0,0,65536,1,2,1,0,1,1
1,chain4,f32,16384,glibc_t2,P5,1,3,1,9144.00,0.0000,0.0000,10000.0,0.0,4.000,262144.0,0.000,0,0,262144,4,0,0,0,1,1
1,chain4,f32,16384,glibc_t2,P7,2,0,1,8050.00,0.0000,0.0000,8000.0,0.0,1.000,65536.0,0.000,0,0,65536,1,2,1,0,1,1
1,chain4,f32,16384,glibc_t2,FIXED_TWIN,2,1,1,8076.00,0.0000,0.0000,9000.0,0.0,1.000,65536.0,0.000,0,0,65536,1,2,1,0,1,1
1,chain4,f32,16384,glibc_t2,P5,2,2,1,9160.00,0.0000,0.0000,10000.0,0.0,4.000,262144.0,0.000,0,0,262144,4,0,0,0,1,1
1,chain4,f32,16384,glibc_t2,P6,2,3,1,8693.00,0.0000,0.0000,9000.0,0.0,1.000,65536.0,0.000,0,0,65536,1,3,0,0,1,1
1,chain4,f32,16384,glibc_t2,FIXED_TWIN,3,0,1,31276.00,0.0000,0.0000,32000.0,0.0,1.000,65536.0,0.000,0,0,65536,1,2,1,0,1,1
1,chain4,f32,16384,glibc_t2,P5,3,1,1,9369.00,0.0000,0.0000,10000.0,0.0,4.000,262144.0,0.000,0,0,262144,4,0,0,0,1,1
1,chain4,f32,16384,glibc_t2,P6,3,2,1,8795.00,0.0000,0.0000,9000.0,0.0,1.000,65536.0,0.000,0,0,65536,1,3,0,0,1,1
1,chain4,f32,16384,glibc_t2,P7,3,3,1,8052.00,0.0000,0.0000,8000.0,0.0,1.000,65536.0,0.000,0,0,65536,1,2,1,0,1,1
1,chain4,f32,16384,glibc_t2,P5,4,0,1,9205.00,0.0000,0.0000,9000.0,0.0,4.000,262144.0,0.000,0,0,262144,4,0,0,0,1,1
1,chain4,f32,16384,glibc_t2,P6,4,1,1,8747.00,0.0000,0.0000,9000.0,0.0,1.000,65536.0,0.000,0,0,65536,1,3,0,0,1,1
1,chain4,f32,16384,glibc_t2,P7,4,2,1,8021.00,0.0000,0.0000,9000.0,0.0,1.000,65536.0,0.000,0,0,65536,1,2,1,0,1,1
1,chain4,f32,16384,glibc_t2,FIXED_TWIN,4,3,1,8015.00,0.0000,0.0000,9000.0,0.0,1.000,65536.0,0.000,0,0,65536,1,2,1,0,1,1
1,chain4,f32,16384,glibc_t2,P6,5,0,1,8651.00,0.0000,0.0000,9000.0,0.0,1.000,65536.0,0.000,0,0,65536,1,3,0,0,1,1
1,chain4,f32,16384,glibc_t2,P7,5,1,1,8017.00,0.0000,0.0000,9000.0,0.0,1.000,65536.0,0.000,0,0,65536,1,2,1,0,1,1
1,chain4,f32,16384,glibc_t2,FIXED_TWIN,5,2,1,7973.00,0.0000,0.0000,9000.0,0.0,1.000,65536.0,0.000,0,0,65536,1,2,1,0,1,1
1,chain4,f32,16384,glibc_t2,P5,5,3,1,9096.00,0.0000,0.0000,9000.0,0.0,4.000,262144.0,0.000,0,0,262144,4,0,0,0,1,1
1,chain4,f32,16384,glibc_t2,P7,6,0,1,7979.00,0.0000,0.0000,9000.0,0.0,1.000,65536.0,0.000,0,0,65536,1,2,1,0,1,1
1,chain4,f32,16384,glibc_t2,FIXED_TWIN,6,1,1,7966.00,0.0000,0.0000,9000.0,0.0,1.000,65536.0,0.000,0,0,65536,1,2,1,0,1,1
1,chain4,f32,16384,glibc_t2,P5,6,2,1,9152.00,0.0000,0.0000,9000.0,0.0,4.000,262144.0,0.000,0,0,262144,4,0,0,0,1,1
1,chain4,f32,16384,glibc_t2,P6,6,3,1,13921.00,0.0000,0.0000,15000.0,0.0,1.000,65536.0,0.000,0,0,65536,1,3,0,0,1,1
1,chain4,f32,16384,glibc_t2,FIXED_TWIN,7,0,1,9684.00,0.0000,0.0000,11000.0,0.0,1.000,65536.0,0.000,0,0,65536,1,2,1,0,1,1
1,chain4,f32,16384,glibc_t2,P5,7,1,1,10314.00,0.0000,0.0000,11000.0,0.0,4.000,262144.0,0.000,0,0,262144,4,0,0,0,1,1
1,chain4,f32,16384,glibc_t2,P6,7,2,1,11015.00,0.0000,0.0000,12000.0,0.0,1.000,65536.0,0.000,0,0,65536,1,3,0,0,1,1
1,chain4,f32,16384,glibc_t2,P7,7,3,1,9028.00,0.0000,0.0000,10000.0,0.0,1.000,65536.0,0.000,0,0,65536,1,2,1,0,1,1
1,chain4,f32,16384,glibc_t2,P5,8,0,1,9234.00,0.0000,0.0000,10000.0,0.0,4.000,262144.0,0.000,0,0,262144,4,0,0,0,1,1
1,chain4,f32,16384,glibc_t2,P6,8,1,1,10170.00,0.0000,0.0000,11000.0,0.0,1.000,65536.0,0.000,0,0,65536,1,3,0,0,1,1
1,chain4,f32,16384,glibc_t2,P7,8,2,1,9835.00,0.0000,0.0000,10000.0,0.0,1.000,65536.0,0.000,0,0,65536,1,2,1,0,1,1
1,chain4,f32,16384,glibc_t2,FIXED_TWIN,8,3,1,10374.00,0.0000,0.0000,11000.0,0.0,1.000,65536.0,0.000,0,0,65536,1,2,1,0,1,1
1,chain4,f32,16384,glibc_t2,P6,9,0,1,8813.00,0.0000,0.0000,9000.0,0.0,1.000,65536.0,0.000,0,0,65536,1,3,0,0,1,1
1,chain4,f32,16384,glibc_t2,P7,9,1,1,8068.00,0.0000,0.0000,9000.0,0.0,1.000,65536.0,0.000,0,0,65536,1,2,1,0,1,1
1,chain4,f32,16384,glibc_t2,FIXED_TWIN,9,2,1,8075.00,0.0000,0.0000,8000.0,0.0,1.000,65536.0,0.000,0,0,65536,1,2,1,0,1,1
1,chain4,f32,16384,glibc_t2,P5,9,3,1,9247.00,0.0000,0.0000,10000.0,0.0,4.000,262144.0,0.000,0,0,262144,4,0,0,0,1,1
1,chain4,f32,16384,glibc_t2,P7,10,0,1,8000.00,0.0000,0.0000,8000.0,0.0,1.000,65536.0,0.000,0,0,65536,1,2,1,0,1,1
1,chain4,f32,16384,glibc_t2,FIXED_TWIN,10,1,1,8024.00,0.0000,0.0000,9000.0,0.0,1.000,65536.0,0.000,0,0,65536,1,2,1,0,1,1
1,chain4,f32,16384,glibc_t2,P5,10,2,1,9181.00,0.0000,0.0000,10000.0,0.0,4.000,262144.0,0.000,0,0,262144,4,0,0,0,1,1
1,chain4,f32,16384,glibc_t2,P6,10,3,1,8716.00,0.0000,0.0000,9000.0,0.0,1.000,65536.0,0.000,0,0,65536,1,3,0,0,1,1
1,chain4,f32,16384,glibc_t2,FIXED_TWIN,11,0,1,8013.00,0.0000,0.0000,8000.0,0.0,1.000,65536.0,0.000,0,0,65536,1,2,1,0,1,1
1,chain4,f32,16384,glibc_t2,P5,11,1,1,9117.00,0.0000,0.0000,10000.0,0.0,4.000,262144.0,0.000,0,0,262144,4,0,0,0,1,1
1,chain4,f32,16384,glibc_t2,P6,11,2,1,8801.00,0.0000,0.0000,10000.0,0.0,1.000,65536.0,0.000,0,0,65536,1,3,0,0,1,1
1,chain4,f32,16384,glibc_t2,P7,11,3,1,8116.00,0.0000,0.0000,9000.0,0.0,1.000,65536.0,0.000,0,0,65536,1,2,1,0,1,1
1,chain4,f32,16384,glibc_t2,P5,12,0,1,9132.00,0.0000,0.0000,10000.0,0.0,4.000,262144.0,0.000,0,0,262144,4,0,0,0,1,1
1,chain4,f32,16384,glibc_t2,P6,12,1,1,8659.00,0.0000,0.0000,9000.0,0.0,1.000,65536.0,0.000,0,0,65536,1,3,0,0,1,1
1,chain4,f32,16384,glibc_t2,P7,12,2,1,8008.00,0.0000,0.0000,9000.0,0.0,1.000,65536.0,0.000,0,0,65536,1,2,1,0,1,1
1,chain4,f32,16384,glibc_t2,FIXED_TWIN,12,3,1,8003.00,0.0000,0.0000,8000.0,0.0,1.000,65536.0,0.000,0,0,65536,1,2,1,0,1,1
1,chain4,f32,16384,glibc_t2,P6,13,0,1,8698.00,0.0000,0.0000,9000.0,0.0,1.000,65536.0,0.000,0,0,65536,1,3,0,0,1,1
1,chain4,f32,16384,glibc_t2,P7,13,1,1,8013.00,0.0000,0.0000,8000.0,0.0,1.000,65536.0,0.000,0,0,65536,1,2,1,0,1,1
1,chain4,f32,16384,glibc_t2,FIXED_TWIN,13,2,1,7993.00,0.0000,0.0000,9000.0,0.0,1.000,65536.0,0.000,0,0,65536,1,2,1,0,1,1
1,chain4,f32,16384,glibc_t2,P5,13,3,1,9140.00,0.0000,0.0000,9000.0,0.0,4.000,262144.0,0.000,0,0,262144,4,0,0,0,1,1
1,chain4,f32,16384,glibc_t2,P7,14,0,1,10749.00,0.0000,0.0000,11000.0,0.0,1.000,65536.0,0.000,0,0,65536,1,2,1,0,1,1
1,chain4,f32,16384,glibc_t2,FIXED_TWIN,14,1,1,8038.00,0.0000,0.0000,8000.0,0.0,1.000,65536.0,0.000,0,0,65536,1,2,1,0,1,1
1,chain4,f32,16384,glibc_t2,P5,14,2,1,9275.00,0.0000,0.0000,10000.0,0.0,4.000,262144.0,0.000,0,0,262144,4,0,0,0,1,1
1,chain4,f32,16384,glibc_t2,P6,14,3,1,8875.00,0.0000,0.0000,10000.0,0.0,1.000,65536.0,0.000,0,0,65536,1,3,0,0,1,1
1,chain4,f32,65536,glibc_t2,P5,0,0,1,335300.00,260.0000,0.0000,141000.0,197000.0,4.000,1048576.0,0.000,0,0,1048576,4,0,0,0,1,1
1,chain4,f32,65536,glibc_t2,P6,0,1,1,120592.00,65.0000,0.0000,51000.0,71000.0,1.000,262144.0,0.000,0,0,262144,1,3,0,0,1,1
1,chain4,f32,65536,glibc_t2,P7,0,2,1,92638.00,65.0000,0.0000,39000.0,55000.0,1.000,262144.0,0.000,0,0,262144,1,2,1,0,1,1
1,chain4,f32,65536,glibc_t2,FIXED_TWIN,0,3,1,92672.00,65.0000,0.0000,39000.0,55000.0,1.000,262144.0,0.000,0,0,262144,1,2,1,0,1,1
1,chain4,f32,65536,glibc_t2,P6,1,0,1,114850.00,65.0000,0.0000,48000.0,67000.0,1.000,262144.0,0.000,0,0,262144,1,3,0,0,1,1
1,chain4,f32,65536,glibc_t2,P7,1,1,1,91999.00,65.0000,0.0000,39000.0,54000.0,1.000,262144.0,0.000,0,0,262144,1,2,1,0,1,1
1,chain4,f32,65536,glibc_t2,FIXED_TWIN,1,2,1,108725.00,65.0000,0.0000,46000.0,64000.0,1.000,262144.0,0.000,0,0,262144,1,2,1,0,1,1
1,chain4,f32,65536,glibc_t2,P5,1,3,1,368441.00,260.0000,0.0000,370000.0,0.0,4.000,1048576.0,0.000,0,0,1048576,4,0,0,0,1,1
1,chain4,f32,65536,glibc_t2,P7,2,0,1,92755.00,65.0000,0.0000,94000.0,0.0,1.000,262144.0,0.000,0,0,262144,1,2,1,0,1,1
1,chain4,f32,65536,glibc_t2,FIXED_TWIN,2,1,1,93995.00,65.0000,0.0000,95000.0,0.0,1.000,262144.0,0.000,0,0,262144,1,2,1,0,1,1
1,chain4,f32,65536,glibc_t2,P5,2,2,1,329576.00,260.0000,0.0000,331000.0,0.0,4.000,1048576.0,0.000,0,0,1048576,4,0,0,0,1,1
1,chain4,f32,65536,glibc_t2,P6,2,3,1,96902.00,65.0000,0.0000,99000.0,0.0,1.000,262144.0,0.000,0,0,262144,1,3,0,0,1,1
1,chain4,f32,65536,glibc_t2,FIXED_TWIN,3,0,1,97887.00,65.0000,0.0000,99000.0,0.0,1.000,262144.0,0.000,0,0,262144,1,2,1,0,1,1
1,chain4,f32,65536,glibc_t2,P5,3,1,1,326810.00,260.0000,0.0000,329000.0,0.0,4.000,1048576.0,0.000,0,0,1048576,4,0,0,0,1,1
1,chain4,f32,65536,glibc_t2,P6,3,2,1,105711.00,65.0000,0.0000,107000.0,0.0,1.000,262144.0,0.000,0,0,262144,1,3,0,0,1,1
1,chain4,f32,65536,glibc_t2,P7,3,3,1,164215.00,65.0000,0.0000,166000.0,0.0,1.000,262144.0,0.000,0,0,262144,1,2,1,0,1,1
1,chain4,f32,65536,glibc_t2,P5,4,0,1,382522.00,260.0000,0.0000,384000.0,0.0,4.000,1048576.0,0.000,0,0,1048576,4,0,0,0,1,1
1,chain4,f32,65536,glibc_t2,P6,4,1,1,98600.00,65.0000,0.0000,101000.0,0.0,1.000,262144.0,0.000,0,0,262144,1,3,0,0,1,1
1,chain4,f32,65536,glibc_t2,P7,4,2,1,101401.00,65.0000,0.0000,102000.0,0.0,1.000,262144.0,0.000,0,0,262144,1,2,1,0,1,1
1,chain4,f32,65536,glibc_t2,FIXED_TWIN,4,3,1,110062.00,65.0000,0.0000,113000.0,0.0,1.000,262144.0,0.000,0,0,262144,1,2,1,0,1,1
1,chain4,f32,65536,glibc_t2,P6,5,0,1,97330.00,65.0000,0.0000,99000.0,0.0,1.000,262144.0,0.000,0,0,262144,1,3,0,0,1,1
1,chain4,f32,65536,glibc_t2,P7,5,1,1,119967.00,65.0000,0.0000,122000.0,0.0,1.000,262144.0,0.000,0,0,262144,1,2,1,0,1,1
1,chain4,f32,65536,glibc_t2,FIXED_TWIN,5,2,1,97541.00,65.0000,0.0000,99000.0,0.0,1.000,262144.0,0.000,0,0,262144,1,2,1,0,1,1
1,chain4,f32,65536,glibc_t2,P5,5,3,1,363548.00,260.0000,0.0000,365000.0,0.0,4.000,1048576.0,0.000,0,0,1048576,4,0,0,0,1,1
1,chain4,f32,65536,glibc_t2,P7,6,0,1,94212.00,65.0000,0.0000,0.0,95000.0,1.000,262144.0,0.000,0,0,262144,1,2,1,0,1,1
1,chain4,f32,65536,glibc_t2,FIXED_TWIN,6,1,1,101148.00,65.0000,0.0000,0.0,103000.0,1.000,262144.0,0.000,0,0,262144,1,2,1,0,1,1
1,chain4,f32,65536,glibc_t2,P5,6,2,1,486366.00,260.0000,0.0000,0.0,490000.0,4.000,1048576.0,0.000,0,0,1048576,4,0,0,0,1,1
1,chain4,f32,65536,glibc_t2,P6,6,3,1,139187.00,65.0000,0.0000,0.0,143000.0,1.000,262144.0,0.000,0,0,262144,1,3,0,0,1,1
1,chain4,f32,65536,glibc_t2,FIXED_TWIN,7,0,1,135369.00,65.0000,0.0000,0.0,138000.0,1.000,262144.0,0.000,0,0,262144,1,2,1,0,1,1
1,chain4,f32,65536,glibc_t2,P5,7,1,1,403515.00,260.0000,0.0000,0.0,406000.0,4.000,1048576.0,0.000,0,0,1048576,4,0,0,0,1,1
1,chain4,f32,65536,glibc_t2,P6,7,2,1,157528.00,65.0000,0.0000,67000.0,93000.0,1.000,262144.0,0.000,0,0,262144,1,3,0,0,1,1
1,chain4,f32,65536,glibc_t2,P7,7,3,1,99363.00,65.0000,0.0000,101000.0,0.0,1.000,262144.0,0.000,0,0,262144,1,2,1,0,1,1
1,chain4,f32,65536,glibc_t2,P5,8,0,1,652636.00,260.0000,0.0000,655000.0,0.0,4.000,1048576.0,0.000,0,0,1048576,4,0,0,0,1,1
1,chain4,f32,65536,glibc_t2,P6,8,1,1,103884.00,65.0000,0.0000,106000.0,0.0,1.000,262144.0,0.000,0,0,262144,1,3,0,0,1,1
1,chain4,f32,65536,glibc_t2,P7,8,2,1,93343.00,65.0000,0.0000,95000.0,0.0,1.000,262144.0,0.000,0,0,262144,1,2,1,0,1,1
1,chain4,f32,65536,glibc_t2,FIXED_TWIN,8,3,1,104326.00,65.0000,0.0000,106000.0,0.0,1.000,262144.0,0.000,0,0,262144,1,2,1,0,1,1
1,chain4,f32,65536,glibc_t2,P6,9,0,1,199841.00,65.0000,0.0000,202000.0,0.0,1.000,262144.0,0.000,0,0,262144,1,3,0,0,1,1
1,chain4,f32,65536,glibc_t2,P7,9,1,1,238998.00,65.0000,0.0000,0.0,241000.0,1.000,262144.0,0.000,0,0,262144,1,2,1,0,1,1
1,chain4,f32,65536,glibc_t2,FIXED_TWIN,9,2,1,200602.00,65.0000,0.0000,0.0,202000.0,1.000,262144.0,0.000,0,0,262144,1,2,1,0,1,1
1,chain4,f32,65536,glibc_t2,P5,9,3,1,446347.00,260.0000,0.0000,0.0,448000.0,4.000,1048576.0,0.000,0,0,1048576,4,0,0,0,1,1
1,chain4,f32,65536,glibc_t2,P7,10,0,1,225775.00,65.0000,0.0000,0.0,227000.0,1.000,262144.0,0.000,0,0,262144,1,2,1,0,1,1
1,chain4,f32,65536,glibc_t2,FIXED_TWIN,10,1,1,197208.00,65.0000,0.0000,0.0,199000.0,1.000,262144.0,0.000,0,0,262144,1,2,1,0,1,1
1,chain4,f32,65536,glibc_t2,P5,10,2,1,452183.00,260.0000,0.0000,41000.0,414000.0,4.000,1048576.0,0.000,0,0,1048576,4,0,0,0,1,1
1,chain4,f32,65536,glibc_t2,P6,10,3,1,144153.00,65.0000,0.0000,60000.0,85000.0,1.000,262144.0,0.000,0,0,262144,1,3,0,0,1,1
1,chain4,f32,65536,glibc_t2,FIXED_TWIN,11,0,1,104133.00,65.0000,0.0000,106000.0,0.0,1.000,262144.0,0.000,0,0,262144,1,2,1,0,1,1
1,chain4,f32,65536,glibc_t2,P5,11,1,1,478503.00,260.0000,0.0000,481000.0,0.0,4.000,1048576.0,0.000,0,0,1048576,4,0,0,0,1,1
1,chain4,f32,65536,glibc_t2,P6,11,2,1,103658.00,65.0000,0.0000,105000.0,0.0,1.000,262144.0,0.000,0,0,262144,1,3,0,0,1,1
1,chain4,f32,65536,glibc_t2,P7,11,3,1,93688.00,65.0000,0.0000,95000.0,0.0,1.000,262144.0,0.000,0,0,262144,1,2,1,0,1,1
1,chain4,f32,65536,glibc_t2,P5,12,0,1,448071.00,260.0000,0.0000,450000.0,0.0,4.000,1048576.0,0.000,0,0,1048576,4,0,0,0,1,1
1,chain4,f32,65536,glibc_t2,P6,12,1,1,264993.00,65.0000,0.0000,267000.0,0.0,1.000,262144.0,0.000,0,0,262144,1,3,0,0,1,1
1,chain4,f32,65536,glibc_t2,P7,12,2,1,93805.00,65.0000,0.0000,95000.0,0.0,1.000,262144.0,0.000,0,0,262144,1,2,1,0,1,1
1,chain4,f32,65536,glibc_t2,FIXED_TWIN,12,3,1,98316.00,65.0000,0.0000,100000.0,0.0,1.000,262144.0,0.000,0,0,262144,1,2,1,0,1,1
1,chain4,f32,65536,glibc_t2,P6,13,0,1,98167.00,65.0000,0.0000,100000.0,0.0,1.000,262144.0,0.000,0,0,262144,1,3,0,0,1,1
1,chain4,f32,65536,glibc_t2,P7,13,1,1,93718.00,65.0000,0.0000,95000.0,0.0,1.000,262144.0,0.000,0,0,262144,1,2,1,0,1,1
1,chain4,f32,65536,glibc_t2,FIXED_TWIN,13,2,1,93395.00,65.0000,0.0000,95000.0,0.0,1.000,262144.0,0.000,0,0,262144,1,2,1,0,1,1
1,chain4,f32,65536,glibc_t2,P5,13,3,1,546173.00,260.0000,0.0000,549000.0,0.0,4.000,1048576.0,0.000,0,0,1048576,4,0,0,0,1,1
1,chain4,f32,65536,glibc_t2,P7,14,0,1,605866.00,65.0000,0.0000,423000.0,0.0,1.000,262144.0,0.000,0,0,262144,1,2,1,0,1,1
1,chain4,f32,65536,glibc_t2,FIXED_TWIN,14,1,1,93666.00,65.0000,0.0000,95000.0,0.0,1.000,262144.0,0.000,0,0,262144,1,2,1,0,1,1
1,chain4,f32,65536,glibc_t2,P5,14,2,1,771453.00,260.0000,0.0000,773000.0,0.0,4.000,1048576.0,0.000,0,0,1048576,4,0,0,0,1,1
1,chain4,f32,65536,glibc_t2,P6,14,3,1,498724.00,65.0000,0.0000,503000.0,0.0,1.000,262144.0,0.000,0,0,262144,1,3,0,0,1,1
1,chain4,f32,262144,glibc_t2,P5,0,0,1,1820447.00,1028.0000,0.0000,0.0,1825000.0,4.000,4194304.0,0.000,0,0,4194304,4,0,0,0,1,1
1,chain4,f32,262144,glibc_t2,P6,0,1,1,576030.00,257.0000,0.0000,0.0,580000.0,1.000,1048576.0,0.000,0,0,1048576,1,3,0,0,1,1
1,chain4,f32,262144,glibc_t2,P7,0,2,1,505764.00,257.0000,0.0000,508000.0,0.0,1.000,1048576.0,0.000,0,0,1048576,1,2,1,0,1,1
1,chain4,f32,262144,glibc_t2,FIXED_TWIN,0,3,1,662527.00,257.0000,0.0000,662000.0,4000.0,1.000,1048576.0,0.000,0,0,1048576,1,2,1,0,1,1
1,chain4,f32,262144,glibc_t2,P6,1,0,1,730776.00,257.0000,0.0000,0.0,734000.0,1.000,1048576.0,0.000,0,0,1048576,1,3,0,0,1,1
1,chain4,f32,262144,glibc_t2,P7,1,1,1,650220.00,257.0000,0.0000,0.0,653000.0,1.000,1048576.0,0.000,0,0,1048576,1,2,1,0,1,1
1,chain4,f32,262144,glibc_t2,FIXED_TWIN,1,2,1,893194.00,257.0000,0.0000,0.0,897000.0,1.000,1048576.0,0.000,0,0,1048576,1,2,1,0,1,1
1,chain4,f32,262144,glibc_t2,P5,1,3,1,2294595.00,1028.0000,0.0000,0.0,2299000.0,4.000,4194304.0,0.000,0,0,4194304,4,0,0,0,1,1
1,chain4,f32,262144,glibc_t2,P7,2,0,1,576225.00,257.0000,0.0000,581000.0,0.0,1.000,1048576.0,0.000,0,0,1048576,1,2,1,0,1,1
1,chain4,f32,262144,glibc_t2,FIXED_TWIN,2,1,1,558264.00,257.0000,0.0000,563000.0,0.0,1.000,1048576.0,0.000,0,0,1048576,1,2,1,0,1,1
1,chain4,f32,262144,glibc_t2,P5,2,2,1,3056629.00,1028.0000,0.0000,0.0,3059000.0,4.000,4194304.0,0.000,0,0,4194304,4,0,0,0,1,1
1,chain4,f32,262144,glibc_t2,P6,2,3,1,547231.00,257.0000,0.0000,229000.0,321000.0,1.000,1048576.0,0.000,0,0,1048576,1,3,0,0,1,1
1,chain4,f32,262144,glibc_t2,FIXED_TWIN,3,0,1,591337.00,257.0000,0.0000,594000.0,0.0,1.000,1048576.0,0.000,0,0,1048576,1,2,1,0,1,1
1,chain4,f32,262144,glibc_t2,P5,3,1,1,1773883.00,1028.0000,0.0000,0.0,1777000.0,4.000,4194304.0,0.000,0,0,4194304,4,0,0,0,1,1
1,chain4,f32,262144,glibc_t2,P6,3,2,1,685592.00,257.0000,0.0000,202000.0,487000.0,1.000,1048576.0,0.000,0,0,1048576,1,3,0,0,1,1
1,chain4,f32,262144,glibc_t2,P7,3,3,1,578838.00,257.0000,0.0000,0.0,583000.0,1.000,1048576.0,0.000,0,0,1048576,1,2,1,0,1,1
1,chain4,f32,262144,glibc_t2,P5,4,0,1,1733464.00,1028.0000,0.0000,0.0,1693000.0,4.000,4194304.0,0.000,0,0,4194304,4,0,0,0,1,1
1,chain4,f32,262144,glibc_t2,P6,4,1,1,555926.00,257.0000,0.0000,0.0,560000.0,1.000,1048576.0,0.000,0,0,1048576,1,3,0,0,1,1
1,chain4,f32,262144,glibc_t2,P7,4,2,1,561747.00,257.0000,0.0000,0.0,566000.0,1.000,1048576.0,0.000,0,0,1048576,1,2,1,0,1,1
1,chain4,f32,262144,glibc_t2,FIXED_TWIN,4,3,1,515121.00,257.0000,0.0000,518000.0,0.0,1.000,1048576.0,0.000,0,0,1048576,1,2,1,0,1,1
1,chain4,f32,262144,glibc_t2,P6,5,0,1,518482.00,257.0000,0.0000,521000.0,0.0,1.000,1048576.0,0.000,0,0,1048576,1,3,0,0,1,1
1,chain4,f32,262144,glibc_t2,P7,5,1,1,652778.00,257.0000,0.0000,657000.0,0.0,1.000,1048576.0,0.000,0,0,1048576,1,2,1,0,1,1
1,chain4,f32,262144,glibc_t2,FIXED_TWIN,5,2,1,495264.00,257.0000,0.0000,498000.0,0.0,1.000,1048576.0,0.000,0,0,1048576,1,2,1,0,1,1
1,chain4,f32,262144,glibc_t2,P5,5,3,1,1437451.00,1028.0000,0.0000,1440000.0,0.0,4.000,4194304.0,0.000,0,0,4194304,4,0,0,0,1,1
1,chain4,f32,262144,glibc_t2,P7,6,0,1,623253.00,257.0000,0.0000,627000.0,0.0,1.000,1048576.0,0.000,0,0,1048576,1,2,1,0,1,1
1,chain4,f32,262144,glibc_t2,FIXED_TWIN,6,1,1,530308.00,257.0000,0.0000,533000.0,0.0,1.000,1048576.0,0.000,0,0,1048576,1,2,1,0,1,1
1,chain4,f32,262144,glibc_t2,P5,6,2,1,1444640.00,1028.0000,0.0000,0.0,1447000.0,4.000,4194304.0,0.000,0,0,4194304,4,0,0,0,1,1
1,chain4,f32,262144,glibc_t2,P6,6,3,1,547272.00,257.0000,0.0000,116000.0,435000.0,1.000,1048576.0,0.000,0,0,1048576,1,3,0,0,1,1
1,chain4,f32,262144,glibc_t2,FIXED_TWIN,7,0,1,507226.00,257.0000,0.0000,212000.0,297000.0,1.000,1048576.0,0.000,0,0,1048576,1,2,1,0,1,1
1,chain4,f32,262144,glibc_t2,P5,7,1,1,1530203.00,1028.0000,0.0000,0.0,1534000.0,4.000,4194304.0,0.000,0,0,4194304,4,0,0,0,1,1
1,chain4,f32,262144,glibc_t2,P6,7,2,1,527041.00,257.0000,0.0000,529000.0,0.0,1.000,1048576.0,0.000,0,0,1048576,1,3,0,0,1,1
1,chain4,f32,262144,glibc_t2,P7,7,3,1,538002.00,257.0000,0.0000,541000.0,0.0,1.000,1048576.0,0.000,0,0,1048576,1,2,1,0,1,1
1,chain4,f32,262144,glibc_t2,P5,8,0,1,1395637.00,1028.0000,0.0000,54000.0,1343000.0,4.000,4194304.0,0.000,0,0,4194304,4,0,0,0,1,1
1,chain4,f32,262144,glibc_t2,P6,8,1,1,590481.00,257.0000,0.0000,247000.0,347000.0,1.000,1048576.0,0.000,0,0,1048576,1,3,0,0,1,1
1,chain4,f32,262144,glibc_t2,P7,8,2,1,509559.00,257.0000,0.0000,513000.0,0.0,1.000,1048576.0,0.000,0,0,1048576,1,2,1,0,1,1
1,chain4,f32,262144,glibc_t2,FIXED_TWIN,8,3,1,527081.00,257.0000,0.0000,530000.0,0.0,1.000,1048576.0,0.000,0,0,1048576,1,2,1,0,1,1
1,chain4,f32,262144,glibc_t2,P6,9,0,1,513916.00,257.0000,0.0000,215000.0,301000.0,1.000,1048576.0,0.000,0,0,1048576,1,3,0,0,1,1
1,chain4,f32,262144,glibc_t2,P7,9,1,1,512362.00,257.0000,0.0000,515000.0,0.0,1.000,1048576.0,0.000,0,0,1048576,1,2,1,0,1,1
1,chain4,f32,262144,glibc_t2,FIXED_TWIN,9,2,1,507345.00,257.0000,0.0000,510000.0,0.0,1.000,1048576.0,0.000,0,0,1048576,1,2,1,0,1,1
1,chain4,f32,262144,glibc_t2,P5,9,3,1,1523053.00,1028.0000,0.0000,409000.0,1117000.0,4.000,4194304.0,0.000,0,0,4194304,4,0,0,0,1,1
1,chain4,f32,262144,glibc_t2,P7,10,0,1,504015.00,257.0000,0.0000,211000.0,296000.0,1.000,1048576.0,0.000,0,0,1048576,1,2,1,0,1,1
1,chain4,f32,262144,glibc_t2,FIXED_TWIN,10,1,1,518036.00,257.0000,0.0000,521000.0,0.0,1.000,1048576.0,0.000,0,0,1048576,1,2,1,0,1,1
1,chain4,f32,262144,glibc_t2,P5,10,2,1,1579094.00,1028.0000,0.0000,0.0,1581000.0,4.000,4194304.0,0.000,0,0,4194304,4,0,0,0,1,1
1,chain4,f32,262144,glibc_t2,P6,10,3,1,602723.00,257.0000,0.0000,17000.0,590000.0,1.000,1048576.0,0.000,0,0,1048576,1,3,0,0,1,1
1,chain4,f32,262144,glibc_t2,FIXED_TWIN,11,0,1,605593.00,257.0000,0.0000,254000.0,356000.0,1.000,1048576.0,0.000,0,0,1048576,1,2,1,0,1,1
1,chain4,f32,262144,glibc_t2,P5,11,1,1,1456355.00,1028.0000,0.0000,1459000.0,0.0,4.000,4194304.0,0.000,0,0,4194304,4,0,0,0,1,1
1,chain4,f32,262144,glibc_t2,P6,11,2,1,538309.00,257.0000,0.0000,0.0,541000.0,1.000,1048576.0,0.000,0,0,1048576,1,3,0,0,1,1
1,chain4,f32,262144,glibc_t2,P7,11,3,1,483096.00,257.0000,0.0000,0.0,485000.0,1.000,1048576.0,0.000,0,0,1048576,1,2,1,0,1,1
1,chain4,f32,262144,glibc_t2,P5,12,0,1,1450849.00,1028.0000,0.0000,0.0,1453000.0,4.000,4194304.0,0.000,0,0,4194304,4,0,0,0,1,1
1,chain4,f32,262144,glibc_t2,P6,12,1,1,520906.00,257.0000,0.0000,218000.0,306000.0,1.000,1048576.0,0.000,0,0,1048576,1,3,0,0,1,1
1,chain4,f32,262144,glibc_t2,P7,12,2,1,520605.00,257.0000,0.0000,0.0,523000.0,1.000,1048576.0,0.000,0,0,1048576,1,2,1,0,1,1
1,chain4,f32,262144,glibc_t2,FIXED_TWIN,12,3,1,519027.00,257.0000,0.0000,0.0,522000.0,1.000,1048576.0,0.000,0,0,1048576,1,2,1,0,1,1
1,chain4,f32,262144,glibc_t2,P6,13,0,1,674009.00,257.0000,0.0000,678000.0,0.0,1.000,1048576.0,0.000,0,0,1048576,1,3,0,0,1,1
1,chain4,f32,262144,glibc_t2,P7,13,1,1,504258.00,257.0000,0.0000,507000.0,0.0,1.000,1048576.0,0.000,0,0,1048576,1,2,1,0,1,1
1,chain4,f32,262144,glibc_t2,FIXED_TWIN,13,2,1,521690.00,257.0000,0.0000,524000.0,0.0,1.000,1048576.0,0.000,0,0,1048576,1,2,1,0,1,1
1,chain4,f32,262144,glibc_t2,P5,13,3,1,1588856.00,1028.0000,0.0000,4000.0,1588000.0,4.000,4194304.0,0.000,0,0,4194304,4,0,0,0,1,1
1,chain4,f32,262144,glibc_t2,P7,14,0,1,614710.00,257.0000,0.0000,0.0,618000.0,1.000,1048576.0,0.000,0,0,1048576,1,2,1,0,1,1
1,chain4,f32,262144,glibc_t2,FIXED_TWIN,14,1,1,543329.00,257.0000,0.0000,0.0,547000.0,1.000,1048576.0,0.000,0,0,1048576,1,2,1,0,1,1
1,chain4,f32,262144,glibc_t2,P5,14,2,1,1510343.00,1028.0000,0.0000,0.0,1513000.0,4.000,4194304.0,0.000,0,0,4194304,4,0,0,0,1,1
1,chain4,f32,262144,glibc_t2,P6,14,3,1,600157.00,257.0000,0.0000,0.0,593000.0,1.000,1048576.0,0.000,0,0,1048576,1,3,0,0,1,1
1,chain4,f32,1048576,glibc_t2,P5,0,0,1,6393097.00,4100.0000,0.0000,3333000.0,3065000.0,4.000,16777216.0,0.000,0,0,16777216,4,0,0,0,1,1
1,chain4,f32,1048576,glibc_t2,P6,0,1,1,2299627.00,1025.0000,0.0000,960000.0,1345000.0,1.000,4194304.0,0.000,0,0,4194304,1,3,0,0,1,1
1,chain4,f32,1048576,glibc_t2,P7,0,2,1,2255125.00,1025.0000,0.0000,0.0,2259000.0,1.000,4194304.0,0.000,0,0,4194304,1,2,1,0,1,1
1,chain4,f32,1048576,glibc_t2,FIXED_TWIN,0,3,1,2305217.00,1025.0000,0.0000,2308000.0,0.0,1.000,4194304.0,0.000,0,0,4194304,1,2,1,0,1,1
1,chain4,f32,1048576,glibc_t2,P6,1,0,1,2498313.00,1025.0000,0.0000,1510000.0,993000.0,1.000,4194304.0,0.000,0,0,4194304,1,3,0,0,1,1
1,chain4,f32,1048576,glibc_t2,P7,1,1,1,2290253.00,1025.0000,0.0000,0.0,2295000.0,1.000,4194304.0,0.000,0,0,4194304,1,2,1,0,1,1
1,chain4,f32,1048576,glibc_t2,FIXED_TWIN,1,2,1,2241524.00,1025.0000,0.0000,2245000.0,0.0,1.000,4194304.0,0.000,0,0,4194304,1,2,1,0,1,1
1,chain4,f32,1048576,glibc_t2,P5,1,3,1,7236425.00,4100.0000,0.0000,0.0,7240000.0,4.000,16777216.0,0.000,0,0,16777216,4,0,0,0,1,1
1,chain4,f32,1048576,glibc_t2,P7,2,0,1,2264598.00,1025.0000,0.0000,2268000.0,0.0,1.000,4194304.0,0.000,0,0,4194304,1,2,1,0,1,1
1,chain4,f32,1048576,glibc_t2,FIXED_TWIN,2,1,1,2149450.00,1025.0000,0.0000,1902000.0,251000.0,1.000,4194304.0,0.000,0,0,4194304,1,2,1,0,1,1
1,chain4,f32,1048576,glibc_t2,P5,2,2,1,6693639.00,4100.0000,0.0000,3458000.0,3240000.0,4.000,16777216.0,0.000,0,0,16777216,4,0,0,0,1,1
1,chain4,f32,1048576,glibc_t2,P6,2,3,1,2430884.00,1025.0000,0.0000,0.0,2435000.0,1.000,4194304.0,0.000,0,0,4194304,1,3,0,0,1,1
1,chain4,f32,1048576,glibc_t2,FIXED_TWIN,3,0,1,2185571.00,1025.0000,0.0000,276000.0,1877000.0,1.000,4194304.0,0.000,0,0,4194304,1,2,1,0,1,1
1,chain4,f32,1048576,glibc_t2,P5,3,1,1,6601871.00,4100.0000,0.0000,1085000.0,5520000.0,4.000,16777216.0,0.000,0,0,16777216,4,0,0,0,1,1
1,chain4,f32,1048576,glibc_t2,P6,3,2,1,2486482.00,1025.0000,0.0000,2491000.0,0.0,1.000,4194304.0,0.000,0,0,4194304,1,3,0,0,1,1
1,chain4,f32,1048576,glibc_t2,P7,3,3,1,2292261.00,1025.0000,0.0000,0.0,2297000.0,1.000,4194304.0,0.000,0,0,4194304,1,2,1,0,1,1
1,chain4,f32,1048576,glibc_t2,P5,4,0,1,6708341.00,4100.0000,0.0000,3288000.0,3427000.0,4.000,16777216.0,0.000,0,0,16777216,4,0,0,0,1,1
1,chain4,f32,1048576,glibc_t2,P6,4,1,1,2484882.00,1025.0000,0.0000,2489000.0,0.0,1.000,4194304.0,0.000,0,0,4194304,1,3,0,0,1,1
1,chain4,f32,1048576,glibc_t2,P7,4,2,1,2278151.00,1025.0000,0.0000,1633000.0,650000.0,1.000,4194304.0,0.000,0,0,4194304,1,2,1,0,1,1
1,chain4,f32,1048576,glibc_t2,FIXED_TWIN,4,3,1,2159209.00,1025.0000,0.0000,0.0,2162000.0,1.000,4194304.0,0.000,0,0,4194304,1,2,1,0,1,1
1,chain4,f32,1048576,glibc_t2,P6,5,0,1,2277896.00,1025.0000,0.0000,234000.0,2047000.0,1.000,4194304.0,0.000,0,0,4194304,1,3,0,0,1,1
1,chain4,f32,1048576,glibc_t2,P7,5,1,1,2291062.00,1025.0000,0.0000,2295000.0,0.0,1.000,4194304.0,0.000,0,0,4194304,1,2,1,0,1,1
1,chain4,f32,1048576,glibc_t2,FIXED_TWIN,5,2,1,2210525.00,1025.0000,0.0000,2214000.0,0.0,1.000,4194304.0,0.000,0,0,4194304,1,2,1,0,1,1
1,chain4,f32,1048576,glibc_t2,P5,5,3,1,6614366.00,4100.0000,0.0000,0.0,6617000.0,4.000,16777216.0,0.000,0,0,16777216,4,0,0,0,1,1
1,chain4,f32,1048576,glibc_t2,P7,6,0,1,2185297.00,1025.0000,0.0000,911000.0,1277000.0,1.000,4194304.0,0.000,0,0,4194304,1,2,1,0,1,1
1,chain4,f32,1048576,glibc_t2,FIXED_TWIN,6,1,1,2253546.00,1025.0000,0.0000,2258000.0,0.0,1.000,4194304.0,0.000,0,0,4194304,1,2,1,0,1,1
1,chain4,f32,1048576,glibc_t2,P5,6,2,1,7256625.00,4100.0000,0.0000,3692000.0,3568000.0,4.000,16777216.0,0.000,0,0,16777216,4,0,0,0,1,1
1,chain4,f32,1048576,glibc_t2,P6,6,3,1,2418369.00,1025.0000,0.0000,2422000.0,0.0,1.000,4194304.0,0.000,0,0,4194304,1,3,0,0,1,1
1,chain4,f32,1048576,glibc_t2,FIXED_TWIN,7,0,1,2185407.00,1025.0000,0.0000,1814000.0,375000.0,1.000,4194304.0,0.000,0,0,4194304,1,2,1,0,1,1
1,chain4,f32,1048576,glibc_t2,P5,7,1,1,6699260.00,4100.0000,0.0000,0.0,6703000.0,4.000,16777216.0,0.000,0,0,16777216,4,0,0,0,1,1
1,chain4,f32,1048576,glibc_t2,P6,7,2,1,2387583.00,1025.0000,0.0000,2391000.0,0.0,1.000,4194304.0,0.000,0,0,4194304,1,3,0,0,1,1
1,chain4,f32,1048576,glibc_t2,P7,7,3,1,2170293.00,1025.0000,0.0000,905000.0,1268000.0,1.000,4194304.0,0.000,0,0,4194304,1,2,1,0,1,1
1,chain4,f32,1048576,glibc_t2,P5,8,0,1,6639420.00,4100.0000,0.0000,1101000.0,5541000.0,4.000,16777216.0,0.000,0,0,16777216,4,0,0,0,1,1
1,chain4,f32,1048576,glibc_t2,P6,8,1,1,2371277.00,1025.0000,0.0000,0.0,2376000.0,1.000,4194304.0,0.000,0,0,4194304,1,3,0,0,1,1
1,chain4,f32,1048576,glibc_t2,P7,8,2,1,2474134.00,1025.0000,0.0000,2478000.0,0.0,1.000,4194304.0,0.000,0,0,4194304,1,2,1,0,1,1
1,chain4,f32,1048576,glibc_t2,FIXED_TWIN,8,3,1,2197396.00,1025.0000,0.0000,954000.0,1248000.0,1.000,4194304.0,0.000,0,0,4194304,1,2,1,0,1,1
1,chain4,f32,1048576,glibc_t2,P6,9,0,1,2558563.00,1025.0000,0.0000,0.0,2564000.0,1.000,4194304.0,0.000,0,0,4194304,1,3,0,0,1,1
1,chain4,f32,1048576,glibc_t2,P7,9,1,1,2135578.00,1025.0000,0.0000,260000.0,1879000.0,1.000,4194304.0,0.000,0,0,4194304,1,2,1,0,1,1
1,chain4,f32,1048576,glibc_t2,FIXED_TWIN,9,2,1,2287364.00,1025.0000,0.0000,0.0,2292000.0,1.000,4194304.0,0.000,0,0,4194304,1,2,1,0,1,1
1,chain4,f32,1048576,glibc_t2,P5,9,3,1,7249199.00,4100.0000,0.0000,0.0,7253000.0,4.000,16777216.0,0.000,0,0,16777216,4,0,0,0,1,1
1,chain4,f32,1048576,glibc_t2,P7,10,0,1,2212889.00,1025.0000,0.0000,0.0,2216000.0,1.000,4194304.0,0.000,0,0,4194304,1,2,1,0,1,1
1,chain4,f32,1048576,glibc_t2,FIXED_TWIN,10,1,1,2291504.00,1025.0000,0.0000,231000.0,2066000.0,1.000,4194304.0,0.000,0,0,4194304,1,2,1,0,1,1
1,chain4,f32,1048576,glibc_t2,P5,10,2,1,6560753.00,4100.0000,0.0000,0.0,6594000.0,4.000,16777216.0,0.000,0,0,16777216,4,0,0,0,1,1
1,chain4,f32,1048576,glibc_t2,P6,10,3,1,2411140.00,1025.0000,0.0000,1006000.0,1409000.0,1.000,4194304.0,0.000,0,0,4194304,1,3,0,0,1,1
1,chain4,f32,1048576,glibc_t2,FIXED_TWIN,11,0,1,2263751.00,1025.0000,0.0000,0.0,2268000.0,1.000,4194304.0,0.000,0,0,4194304,1,2,1,0,1,1
1,chain4,f32,1048576,glibc_t2,P5,11,1,1,6646383.00,4100.0000,0.0000,3153000.0,3498000.0,4.000,16777216.0,0.000,0,0,16777216,4,0,0,0,1,1
1,chain4,f32,1048576,glibc_t2,P6,11,2,1,2686922.00,1025.0000,0.0000,2692000.0,0.0,1.000,4194304.0,0.000,0,0,4194304,1,3,0,0,1,1
1,chain4,f32,1048576,glibc_t2,P7,11,3,1,2266746.00,1025.0000,0.0000,1701000.0,570000.0,1.000,4194304.0,0.000,0,0,4194304,1,2,1,0,1,1
1,chain4,f32,1048576,glibc_t2,P5,12,0,1,6436393.00,4100.0000,0.0000,3350000.0,3090000.0,4.000,16777216.0,0.000,0,0,16777216,4,0,0,0,1,1
1,chain4,f32,1048576,glibc_t2,P6,12,1,1,2441781.00,1025.0000,0.0000,2446000.0,0.0,1.000,4194304.0,0.000,0,0,4194304,1,3,0,0,1,1
1,chain4,f32,1048576,glibc_t2,P7,12,2,1,2314389.00,1025.0000,0.0000,1823000.0,496000.0,1.000,4194304.0,0.000,0,0,4194304,1,2,1,0,1,1
1,chain4,f32,1048576,glibc_t2,FIXED_TWIN,12,3,1,2472842.00,1025.0000,0.0000,2478000.0,0.0,1.000,4194304.0,0.000,0,0,4194304,1,2,1,0,1,1
1,chain4,f32,1048576,glibc_t2,P6,13,0,1,2403345.00,1025.0000,0.0000,2408000.0,0.0,1.000,4194304.0,0.000,0,0,4194304,1,3,0,0,1,1
1,chain4,f32,1048576,glibc_t2,P7,13,1,1,2144758.00,1025.0000,0.0000,1703000.0,446000.0,1.000,4194304.0,0.000,0,0,4194304,1,2,1,0,1,1
1,chain4,f32,1048576,glibc_t2,FIXED_TWIN,13,2,1,2230554.00,1025.0000,0.0000,2234000.0,0.0,1.000,4194304.0,0.000,0,0,4194304,1,2,1,0,1,1
1,chain4,f32,1048576,glibc_t2,P5,13,3,1,7330482.00,4100.0000,0.0000,0.0,7334000.0,4.000,16777216.0,0.000,0,0,16777216,4,0,0,0,1,1
1,chain4,f32,1048576,glibc_t2,P7,14,0,1,2356927.00,1025.0000,0.0000,2361000.0,0.0,1.000,4194304.0,0.000,0,0,4194304,1,2,1,0,1,1
1,chain4,f32,1048576,glibc_t2,FIXED_TWIN,14,1,1,2105211.00,1025.0000,0.0000,878000.0,1231000.0,1.000,4194304.0,0.000,0,0,4194304,1,2,1,0,1,1
1,chain4,f32,1048576,glibc_t2,P5,14,2,1,6449999.00,4100.0000,0.0000,1022000.0,5431000.0,4.000,16777216.0,0.000,0,0,16777216,4,0,0,0,1,1
1,chain4,f32,1048576,glibc_t2,P6,14,3,1,2477003.00,1025.0000,0.0000,0.0,2481000.0,1.000,4194304.0,0.000,0,0,4194304,1,3,0,0,1,1
1,chain4,f32,4194304,glibc_t2,P5,0,0,1,43151647.00,16388.0000,0.0000,7651000.0,35507000.0,4.000,67108864.0,0.000,0,0,67108864,4,0,0,0,1,1
1,chain4,f32,4194304,glibc_t2,P6,0,1,1,15475983.00,4097.0000,0.0000,7784000.0,7697000.0,1.000,16777216.0,0.000,0,0,16777216,1,3,0,0,1,1
1,chain4,f32,4194304,glibc_t2,P7,0,2,1,13347448.00,4097.0000,0.0000,6896000.0,6455000.0,1.000,16777216.0,0.000,0,0,16777216,1,2,1,0,1,1
1,chain4,f32,4194304,glibc_t2,FIXED_TWIN,0,3,1,13204867.00,4097.0000,0.0000,12465000.0,707000.0,1.000,16777216.0,0.000,0,0,16777216,1,2,1,0,1,1
1,chain4,f32,4194304,glibc_t2,P6,1,0,1,14043478.00,4097.0000,0.0000,12853000.0,1197000.0,1.000,16777216.0,0.000,0,0,16777216,1,3,0,0,1,1
1,chain4,f32,4194304,glibc_t2,P7,1,1,1,13132951.00,4097.0000,0.0000,4474000.0,8663000.0,1.000,16777216.0,0.000,0,0,16777216,1,2,1,0,1,1
1,chain4,f32,4194304,glibc_t2,FIXED_TWIN,1,2,1,13389152.00,4097.0000,0.0000,8581000.0,4813000.0,1.000,16777216.0,0.000,0,0,16777216,1,2,1,0,1,1
1,chain4,f32,4194304,glibc_t2,P5,1,3,1,39053198.00,16388.0000,0.0000,17263000.0,21765000.0,4.000,67108864.0,0.000,0,0,67108864,4,0,0,0,1,1
1,chain4,f32,4194304,glibc_t2,P7,2,0,1,13850607.00,4097.0000,0.0000,12772000.0,1083000.0,1.000,16777216.0,0.000,0,0,16777216,1,2,1,0,1,1
1,chain4,f32,4194304,glibc_t2,FIXED_TWIN,2,1,1,13075170.00,4097.0000,0.0000,13079000.0,0.0,1.000,16777216.0,0.000,0,0,16777216,1,2,1,0,1,1
1,chain4,f32,4194304,glibc_t2,P5,2,2,1,39606837.00,16388.0000,0.0000,7839000.0,31772000.0,4.000,67108864.0,0.000,0,0,67108864,4,0,0,0,1,1
1,chain4,f32,4194304,glibc_t2,P6,2,3,1,14462962.00,4097.0000,0.0000,11323000.0,3108000.0,1.000,16777216.0,0.000,0,0,16777216,1,3,0,0,1,1
1,chain4,f32,4194304,glibc_t2,FIXED_TWIN,3,0,1,13126056.00,4097.0000,0.0000,12471000.0,661000.0,1.000,16777216.0,0.000,0,0,16777216,1,2,1,0,1,1
1,chain4,f32,4194304,glibc_t2,P5,3,1,1,38912734.00,16388.0000,0.0000,5219000.0,33699000.0,4.000,67108864.0,0.000,0,0,67108864,4,0,0,0,1,1
1,chain4,f32,4194304,glibc_t2,P6,3,2,1,14405584.00,4097.0000,0.0000,9005000.0,5406000.0,1.000,16777216.0,0.000,0,0,16777216,1,3,0,0,1,1
1,chain4,f32,4194304,glibc_t2,P7,3,3,1,13528405.00,4097.0000,0.0000,13496000.0,0.0,1.000,16777216.0,0.000,0,0,16777216,1,2,1,0,1,1
1,chain4,f32,4194304,glibc_t2,P5,4,0,1,38492839.00,16388.0000,0.0000,13043000.0,25455000.0,4.000,67108864.0,0.000,0,0,67108864,4,0,0,0,1,1
1,chain4,f32,4194304,glibc_t2,P6,4,1,1,14118938.00,4097.0000,0.0000,8886000.0,5239000.0,1.000,16777216.0,0.000,0,0,16777216,1,3,0,0,1,1
1,chain4,f32,4194304,glibc_t2,P7,4,2,1,13163717.00,4097.0000,0.0000,10817000.0,2351000.0,1.000,16777216.0,0.000,0,0,16777216,1,2,1,0,1,1
1,chain4,f32,4194304,glibc_t2,FIXED_TWIN,4,3,1,12917776.00,4097.0000,0.0000,8385000.0,4538000.0,1.000,16777216.0,0.000,0,0,16777216,1,2,1,0,1,1
1,chain4,f32,4194304,glibc_t2,P6,5,0,1,14053160.00,4097.0000,0.0000,8858000.0,5199000.0,1.000,16777216.0,0.000,0,0,16777216,1,3,0,0,1,1
1,chain4,f32,4194304,glibc_t2,P7,5,1,1,12886386.00,4097.0000,0.0000,8371000.0,4519000.0,1.000,16777216.0,0.000,0,0,16777216,1,2,1,0,1,1
1,chain4,f32,4194304,glibc_t2,FIXED_TWIN,5,2,1,12981501.00,4097.0000,0.0000,12410000.0,575000.0,1.000,16777216.0,0.000,0,0,16777216,1,2,1,0,1,1
1,chain4,f32,4194304,glibc_t2,P5,5,3,1,39889184.00,16388.0000,0.0000,15956000.0,23938000.0,4.000,67108864.0,0.000,0,0,67108864,4,0,0,0,1,1
1,chain4,f32,4194304,glibc_t2,P7,6,0,1,13342418.00,4097.0000,0.0000,13347000.0,0.0,1.000,16777216.0,0.000,0,0,16777216,1,2,1,0,1,1
1,chain4,f32,4194304,glibc_t2,FIXED_TWIN,6,1,1,12988385.00,4097.0000,0.0000,8415000.0,4579000.0,1.000,16777216.0,0.000,0,0,16777216,1,2,1,0,1,1
1,chain4,f32,4194304,glibc_t2,P5,6,2,1,38521798.00,16388.0000,0.0000,15380000.0,23136000.0,4.000,67108864.0,0.000,0,0,67108864,4,0,0,0,1,1
1,chain4,f32,4194304,glibc_t2,P6,6,3,1,13946833.00,4097.0000,0.0000,11143000.0,2808000.0,1.000,16777216.0,0.000,0,0,16777216,1,3,0,0,1,1
1,chain4,f32,4194304,glibc_t2,FIXED_TWIN,7,0,1,12991932.00,4097.0000,0.0000,8416000.0,4581000.0,1.000,16777216.0,0.000,0,0,16777216,1,2,1,0,1,1
1,chain4,f32,4194304,glibc_t2,P5,7,1,1,38084871.00,16388.0000,0.0000,11198000.0,26879000.0,4.000,67108864.0,0.000,0,0,67108864,4,0,0,0,1,1
1,chain4,f32,4194304,glibc_t2,P6,7,2,1,14066176.00,4097.0000,0.0000,12864000.0,1208000.0,1.000,16777216.0,0.000,0,0,16777216,1,3,0,0,1,1
1,chain4,f32,4194304,glibc_t2,P7,7,3,1,13023582.00,4097.0000,0.0000,8429000.0,4599000.0,1.000,16777216.0,0.000,0,0,16777216,1,2,1,0,1,1
1,chain4,f32,4194304,glibc_t2,P5,8,0,1,38523667.00,16388.0000,0.0000,7387000.0,31105000.0,4.000,67108864.0,0.000,0,0,67108864,4,0,0,0,1,1
1,chain4,f32,4194304,glibc_t2,P6,8,1,1,14027706.00,4097.0000,0.0000,8848000.0,5153000.0,1.000,16777216.0,0.000,0,0,16777216,1,3,0,0,1,1
1,chain4,f32,4194304,glibc_t2,P7,8,2,1,13259485.00,4097.0000,0.0000,6857000.0,6408000.0,1.000,16777216.0,0.000,0,0,16777216,1,2,1,0,1,1
1,chain4,f32,4194304,glibc_t2,FIXED_TWIN,8,3,1,12909224.00,4097.0000,0.0000,4381000.0,8531000.0,1.000,16777216.0,0.000,0,0,16777216,1,2,1,0,1,1
1,chain4,f32,4194304,glibc_t2,P6,9,0,1,13980421.00,4097.0000,0.0000,8833000.0,5162000.0,1.000,16777216.0,0.000,0,0,16777216,1,3,0,0,1,1
1,chain4,f32,4194304,glibc_t2,P7,9,1,1,13153670.00,4097.0000,0.0000,6813000.0,6346000.0,1.000,16777216.0,0.000,0,0,16777216,1,2,1,0,1,1
1,chain4,f32,4194304,glibc_t2,FIXED_TWIN,9,2,1,14111873.00,4097.0000,0.0000,7214000.0,6905000.0,1.000,16777216.0,0.000,0,0,16777216,1,2,1,0,1,1
1,chain4,f32,4194304,glibc_t2,P5,9,3,1,41504312.00,16388.0000,0.0000,2962000.0,38547000.0,4.000,67108864.0,0.000,0,0,67108864,4,0,0,0,1,1
1,chain4,f32,4194304,glibc_t2,P7,10,0,1,15201334.00,4097.0000,0.0000,15207000.0,0.0,1.000,16777216.0,0.000,0,0,16777216,1,2,1,0,1,1
1,chain4,f32,4194304,glibc_t2,FIXED_TWIN,10,1,1,13289119.00,4097.0000,0.0000,10868000.0,2426000.0,1.000,16777216.0,0.000,0,0,16777216,1,2,1,0,1,1
1,chain4,f32,4194304,glibc_t2,P5,10,2,1,39893322.00,16388.0000,0.0000,11959000.0,27940000.0,4.000,67108864.0,0.000,0,0,67108864,4,0,0,0,1,1
1,chain4,f32,4194304,glibc_t2,P6,10,3,1,14332727.00,4097.0000,0.0000,14340000.0,0.0,1.000,16777216.0,0.000,0,0,16777216,1,3,0,0,1,1
1,chain4,f32,4194304,glibc_t2,FIXED_TWIN,11,0,1,14600550.00,4097.0000,0.0000,7390000.0,7180000.0,1.000,16777216.0,0.000,0,0,16777216,1,2,1,0,1,1
1,chain4,f32,4194304,glibc_t2,P5,11,1,1,47562192.00,16388.0000,0.0000,13492000.0,34076000.0,4.000,67108864.0,0.000,0,0,67108864,4,0,0,0,1,1
1,chain4,f32,4194304,glibc_t2,P6,11,2,1,14173483.00,4097.0000,0.0000,11238000.0,2941000.0,1.000,16777216.0,0.000,0,0,16777216,1,3,0,0,1,1
1,chain4,f32,4194304,glibc_t2,P7,11,3,1,13397039.00,4097.0000,0.0000,8581000.0,4810000.0,1.000,16777216.0,0.000,0,0,16777216,1,2,1,0,1,1
1,chain4,f32,4194304,glibc_t2,P5,12,0,1,39420349.00,16388.0000,0.0000,9433000.0,29992000.0,4.000,67108864.0,0.000,0,0,67108864,4,0,0,0,1,1
1,chain4,f32,4194304,glibc_t2,P6,12,1,1,14957971.00,4097.0000,0.0000,11565000.0,3398000.0,1.000,16777216.0,0.000,0,0,16777216,1,3,0,0,1,1
1,chain4,f32,4194304,glibc_t2,P7,12,2,1,13863251.00,4097.0000,0.0000,12780000.0,1089000.0,1.000,16777216.0,0.000,0,0,16777216,1,2,1,0,1,1
1,chain4,f32,4194304,glibc_t2,FIXED_TWIN,12,3,1,14814835.00,4097.0000,0.0000,13179000.0,1643000.0,1.000,16777216.0,0.000,0,0,16777216,1,2,1,0,1,1
1,chain4,f32,4194304,glibc_t2,P6,13,0,1,15282557.00,4097.0000,0.0000,9375000.0,5914000.0,1.000,16777216.0,0.000,0,0,16777216,1,3,0,0,1,1
1,chain4,f32,4194304,glibc_t2,P7,13,1,1,14545675.00,4097.0000,0.0000,14513000.0,0.0,1.000,16777216.0,0.000,0,0,16777216,1,2,1,0,1,1
1,chain4,f32,4194304,glibc_t2,FIXED_TWIN,13,2,1,14246397.00,4097.0000,0.0000,4942000.0,9310000.0,1.000,16777216.0,0.000,0,0,16777216,1,2,1,0,1,1
1,chain4,f32,4194304,glibc_t2,P5,13,3,1,42194374.00,16388.0000,0.0000,12922000.0,29242000.0,4.000,67108864.0,0.000,0,0,67108864,4,0,0,0,1,1
1,chain4,f32,4194304,glibc_t2,P7,14,0,1,14162356.00,4097.0000,0.0000,14168000.0,0.0,1.000,16777216.0,0.000,0,0,16777216,1,2,1,0,1,1
1,chain4,f32,4194304,glibc_t2,FIXED_TWIN,14,1,1,13751699.00,4097.0000,0.0000,11061000.0,2697000.0,1.000,16777216.0,0.000,0,0,16777216,1,2,1,0,1,1
1,chain4,f32,4194304,glibc_t2,P5,14,2,1,55024353.00,16388.0000,0.0000,7462000.0,47244000.0,4.000,67108864.0,0.000,0,0,67108864,4,0,0,0,1,1
1,chain4,f32,4194304,glibc_t2,P6,14,3,1,16976434.00,4097.0000,0.0000,8411000.0,8572000.0,1.000,16777216.0,0.000,0,0,16777216,1,3,0,0,1,1
1,chain4,f32,16777216,glibc_t2,P5,0,0,1,153665487.00,65540.0000,0.0000,51002000.0,102626000.0,4.000,268435456.0,0.000,0,0,268435456,4,0,0,0,1,1
1,chain4,f32,16777216,glibc_t2,P6,0,1,1,72525364.00,16385.0000,0.0000,60218000.0,12316000.0,1.000,67108864.0,0.000,0,0,67108864,1,3,0,0,1,1
1,chain4,f32,16777216,glibc_t2,P7,0,2,1,64776728.00,16385.0000,0.0000,38648000.0,26135000.0,1.000,67108864.0,0.000,0,0,67108864,1,2,1,0,1,1
1,chain4,f32,16777216,glibc_t2,FIXED_TWIN,0,3,1,64060847.00,16385.0000,0.0000,40026000.0,24005000.0,1.000,67108864.0,0.000,0,0,67108864,1,2,1,0,1,1
1,chain4,f32,16777216,glibc_t2,P6,1,0,1,73804976.00,16385.0000,0.0000,43078000.0,30733000.0,1.000,67108864.0,0.000,0,0,67108864,1,3,0,0,1,1
1,chain4,f32,16777216,glibc_t2,P7,1,1,1,66483087.00,16385.0000,0.0000,37035000.0,29367000.0,1.000,67108864.0,0.000,0,0,67108864,1,2,1,0,1,1
1,chain4,f32,16777216,glibc_t2,FIXED_TWIN,1,2,1,64589464.00,16385.0000,0.0000,44247000.0,20349000.0,1.000,67108864.0,0.000,0,0,67108864,1,2,1,0,1,1
1,chain4,f32,16777216,glibc_t2,P5,1,3,1,156097996.00,65540.0000,0.0000,44048000.0,112057000.0,4.000,268435456.0,0.000,0,0,268435456,4,0,0,0,1,1
1,chain4,f32,16777216,glibc_t2,P7,2,0,1,65222533.00,16385.0000,0.0000,32507000.0,32707000.0,1.000,67108864.0,0.000,0,0,67108864,1,2,1,0,1,1
1,chain4,f32,16777216,glibc_t2,FIXED_TWIN,2,1,1,67325279.00,16385.0000,0.0000,43716000.0,23616000.0,1.000,67108864.0,0.000,0,0,67108864,1,2,1,0,1,1
1,chain4,f32,16777216,glibc_t2,P5,2,2,1,159462208.00,65540.0000,0.0000,63754000.0,95659000.0,4.000,268435456.0,0.000,0,0,268435456,4,0,0,0,1,1
1,chain4,f32,16777216,glibc_t2,P6,2,3,1,73325169.00,16385.0000,0.0000,48557000.0,24775000.0,1.000,67108864.0,0.000,0,0,67108864,1,3,0,0,1,1
1,chain4,f32,16777216,glibc_t2,FIXED_TWIN,3,0,1,65976893.00,16385.0000,0.0000,39138000.0,26834000.0,1.000,67108864.0,0.000,0,0,67108864,1,2,1,0,1,1
1,chain4,f32,16777216,glibc_t2,P5,3,1,1,158993943.00,65540.0000,0.0000,63580000.0,95420000.0,4.000,268435456.0,0.000,0,0,268435456,4,0,0,0,1,1
1,chain4,f32,16777216,glibc_t2,P6,3,2,1,71023988.00,16385.0000,0.0000,43589000.0,27442000.0,1.000,67108864.0,0.000,0,0,67108864,1,3,0,0,1,1
1,chain4,f32,16777216,glibc_t2,P7,3,3,1,64301279.00,16385.0000,0.0000,40128000.0,24182000.0,1.000,67108864.0,0.000,0,0,67108864,1,2,1,0,1,1
1,chain4,f32,16777216,glibc_t2,P5,4,0,1,151467126.00,65540.0000,0.0000,47782000.0,103683000.0,4.000,268435456.0,0.000,0,0,268435456,4,0,0,0,1,1
1,chain4,f32,16777216,glibc_t2,P6,4,1,1,70665287.00,16385.0000,0.0000,43438000.0,27235000.0,1.000,67108864.0,0.000,0,0,67108864,1,3,0,0,1,1
1,chain4,f32,16777216,glibc_t2,P7,4,2,1,63225819.00,16385.0000,0.0000,47672000.0,15560000.0,1.000,67108864.0,0.000,0,0,67108864,1,2,1,0,1,1
1,chain4,f32,16777216,glibc_t2,FIXED_TWIN,4,3,1,63095810.00,16385.0000,0.0000,35621000.0,27483000.0,1.000,67108864.0,0.000,0,0,67108864,1,2,1,0,1,1
1,chain4,f32,16777216,glibc_t2,P6,5,0,1,72846428.00,16385.0000,0.0000,44359000.0,28497000.0,1.000,67108864.0,0.000,0,0,67108864,1,3,0,0,1,1
1,chain4,f32,16777216,glibc_t2,P7,5,1,1,67241255.00,16385.0000,0.0000,43679000.0,23568000.0,1.000,67108864.0,0.000,0,0,67108864,1,2,1,0,1,1
1,chain4,f32,16777216,glibc_t2,FIXED_TWIN,5,2,1,66497584.00,16385.0000,0.0000,57052000.0,9452000.0,1.000,67108864.0,0.000,0,0,67108864,1,2,1,0,1,1
1,chain4,f32,16777216,glibc_t2,P5,5,3,1,163205854.00,65540.0000,0.0000,75666000.0,87546000.0,4.000,268435456.0,0.000,0,0,268435456,4,0,0,0,1,1
1,chain4,f32,16777216,glibc_t2,P7,6,0,1,66200522.00,16385.0000,0.0000,35242000.0,30966000.0,1.000,67108864.0,0.000,0,0,67108864,1,2,1,0,1,1
1,chain4,f32,16777216,glibc_t2,FIXED_TWIN,6,1,1,64394571.00,16385.0000,0.0000,36168000.0,28233000.0,1.000,67108864.0,0.000,0,0,67108864,1,2,1,0,1,1
1,chain4,f32,16777216,glibc_t2,P5,6,2,1,155061401.00,65540.0000,0.0000,31613000.0,123455000.0,4.000,268435456.0,0.000,0,0,268435456,4,0,0,0,1,1
1,chain4,f32,16777216,glibc_t2,P6,6,3,1,70909294.00,16385.0000,0.0000,43539000.0,27377000.0,1.000,67108864.0,0.000,0,0,67108864,1,3,0,0,1,1
1,chain4,f32,16777216,glibc_t2,FIXED_TWIN,7,0,1,64998738.00,16385.0000,0.0000,44423000.0,20584000.0,1.000,67108864.0,0.000,0,0,67108864,1,2,1,0,1,1
1,chain4,f32,16777216,glibc_t2,P5,7,1,1,154304938.00,65540.0000,0.0000,47289000.0,107021000.0,4.000,268435456.0,0.000,0,0,268435456,4,0,0,0,1,1
1,chain4,f32,16777216,glibc_t2,P6,7,2,1,72135940.00,16385.0000,0.0000,44058000.0,28085000.0,1.000,67108864.0,0.000,0,0,67108864,1,3,0,0,1,1
1,chain4,f32,16777216,glibc_t2,P7,7,3,1,65243143.00,16385.0000,0.0000,48525000.0,16725000.0,1.000,67108864.0,0.000,0,0,67108864,1,2,1,0,1,1
1,chain4,f32,16777216,glibc_t2,P5,8,0,1,160762918.00,65540.0000,0.0000,72320000.0,88439000.0,4.000,268435456.0,0.000,0,0,268435456,4,0,0,0,1,1
1,chain4,f32,16777216,glibc_t2,P6,8,1,1,72111766.00,16385.0000,0.0000,48030000.0,24049000.0,1.000,67108864.0,0.000,0,0,67108864,1,3,0,0,1,1
1,chain4,f32,16777216,glibc_t2,P7,8,2,1,69343689.00,16385.0000,0.0000,44569000.0,24782000.0,1.000,67108864.0,0.000,0,0,67108864,1,2,1,0,1,1
1,chain4,f32,16777216,glibc_t2,FIXED_TWIN,8,3,1,68906968.00,16385.0000,0.0000,36386000.0,32528000.0,1.000,67108864.0,0.000,0,0,67108864,1,2,1,0,1,1
1,chain4,f32,16777216,glibc_t2,P6,9,0,1,73088066.00,16385.0000,0.0000,48462000.0,24635000.0,1.000,67108864.0,0.000,0,0,67108864,1,3,0,0,1,1
1,chain4,f32,16777216,glibc_t2,P7,9,1,1,66524203.00,16385.0000,0.0000,47373000.0,19158000.0,1.000,67108864.0,0.000,0,0,67108864,1,2,1,0,1,1
1,chain4,f32,16777216,glibc_t2,FIXED_TWIN,9,2,1,69477605.00,16385.0000,0.0000,46930000.0,22557000.0,1.000,67108864.0,0.000,0,0,67108864,1,2,1,0,1,1
1,chain4,f32,16777216,glibc_t2,P5,9,3,1,165502157.00,65540.0000,0.0000,42948000.0,122561000.0,4.000,268435456.0,0.000,0,0,268435456,4,0,0,0,1,1
1,chain4,f32,16777216,glibc_t2,P7,10,0,1,69555534.00,16385.0000,0.0000,44662000.0,24904000.0,1.000,67108864.0,0.000,0,0,67108864,1,2,1,0,1,1
1,chain4,f32,16777216,glibc_t2,FIXED_TWIN,10,1,1,65367410.00,16385.0000,0.0000,38883000.0,26490000.0,1.000,67108864.0,0.000,0,0,67108864,1,2,1,0,1,1
1,chain4,f32,16777216,glibc_t2,P5,10,2,1,156519134.00,65540.0000,0.0000,38525000.0,117989000.0,4.000,268435456.0,0.000,0,0,268435456,4,0,0,0,1,1
1,chain4,f32,16777216,glibc_t2,P6,10,3,1,72513172.00,16385.0000,0.0000,60214000.0,12305000.0,1.000,67108864.0,0.000,0,0,67108864,1,3,0,0,1,1
1,chain4,f32,16777216,glibc_t2,FIXED_TWIN,11,0,1,65135408.00,16385.0000,0.0000,40483000.0,24659000.0,1.000,67108864.0,0.000,0,0,67108864,1,2,1,0,1,1
1,chain4,f32,16777216,glibc_t2,P5,11,1,1,161405065.00,65540.0000,0.0000,60601000.0,100811000.0,4.000,268435456.0,0.000,0,0,268435456,4,0,0,0,1,1
1,chain4,f32,16777216,glibc_t2,P6,11,2,1,80114040.00,16385.0000,0.0000,52043000.0,28067000.0,1.000,67108864.0,0.000,0,0,67108864,1,3,0,0,1,1
1,chain4,f32,16777216,glibc_t2,P7,11,3,1,64356954.00,16385.0000,0.0000,32132000.0,32180000.0,1.000,67108864.0,0.000,0,0,67108864,1,2,1,0,1,1
1,chain4,f32,16777216,glibc_t2,P5,12,0,1,159841201.00,65540.0000,0.0000,43939000.0,115908000.0,4.000,268435456.0,0.000,0,0,268435456,4,0,0,0,1,1
1,chain4,f32,16777216,glibc_t2,P6,12,1,1,73542481.00,16385.0000,0.0000,40657000.0,32892000.0,1.000,67108864.0,0.000,0,0,67108864,1,3,0,0,1,1
1,chain4,f32,16777216,glibc_t2,P7,12,2,1,68964813.00,16385.0000,0.0000,52409000.0,16563000.0,1.000,67108864.0,0.000,0,0,67108864,1,2,1,0,1,1
1,chain4,f32,16777216,glibc_t2,FIXED_TWIN,12,3,1,68493706.00,16385.0000,0.0000,40200000.0,28274000.0,1.000,67108864.0,0.000,0,0,67108864,1,2,1,0,1,1
1,chain4,f32,16777216,glibc_t2,P6,13,0,1,71307082.00,16385.0000,0.0000,39706000.0,31608000.0,1.000,67108864.0,0.000,0,0,67108864,1,3,0,0,1,1
1,chain4,f32,16777216,glibc_t2,P7,13,1,1,65527267.00,16385.0000,0.0000,52649000.0,12885000.0,1.000,67108864.0,0.000,0,0,67108864,1,2,1,0,1,1
1,chain4,f32,16777216,glibc_t2,FIXED_TWIN,13,2,1,66181138.00,16385.0000,0.0000,48929000.0,17259000.0,1.000,67108864.0,0.000,0,0,67108864,1,2,1,0,1,1
1,chain4,f32,16777216,glibc_t2,P5,13,3,1,160974239.00,65540.0000,0.0000,60420000.0,100561000.0,4.000,268435456.0,0.000,0,0,268435456,4,0,0,0,1,1
1,chain4,f32,16777216,glibc_t2,P7,14,0,1,68229764.00,16385.0000,0.0000,52055000.0,16140000.0,1.000,67108864.0,0.000,0,0,67108864,1,2,1,0,1,1
1,chain4,f32,16777216,glibc_t2,FIXED_TWIN,14,1,1,67557812.00,16385.0000,0.0000,35803000.0,31739000.0,1.000,67108864.0,0.000,0,0,67108864,1,2,1,0,1,1
1,chain4,f32,16777216,glibc_t2,P5,14,2,1,160019219.00,65540.0000,0.0000,36017000.0,123995000.0,4.000,268435456.0,0.000,0,0,268435456,4,0,0,0,1,1
1,chain4,f32,16777216,glibc_t2,P6,14,3,1,72298988.00,16385.0000,0.0000,52126000.0,20179000.0,1.000,67108864.0,0.000,0,0,67108864,1,3,0,0,1,1
1,final_left_i32,i32,64,glibc_t2,P5,0,0,1000,1487.44,0.0000,0.0000,637.0,854.0,2.000,512.0,0.000,0,0,256256,2,0,0,0,1,1
1,final_left_i32,i32,64,glibc_t2,P6,0,1,1000,1395.03,0.0000,0.0000,1396.0,0.0,1.000,256.0,0.000,0,0,256000,1,1,0,0,1,1
1,final_left_i32,i32,64,glibc_t2,P7,0,2,1000,1355.23,0.0000,0.0000,1356.0,0.0,1.000,256.0,0.000,0,0,256000,1,0,1,0,1,1
1,final_left_i32,i32,64,glibc_t2,FIXED_TWIN,0,3,1000,1390.03,0.0000,0.0000,1391.0,0.0,1.000,256.0,0.000,0,0,256000,1,0,1,0,1,1
1,final_left_i32,i32,64,glibc_t2,P6,1,0,1000,1409.52,0.0000,0.0000,1411.0,0.0,1.000,256.0,0.000,0,0,256000,1,1,0,0,1,1
1,final_left_i32,i32,64,glibc_t2,P7,1,1,1000,1397.24,0.0000,0.0000,1398.0,0.0,1.000,256.0,0.000,0,0,256000,1,0,1,0,1,1
1,final_left_i32,i32,64,glibc_t2,FIXED_TWIN,1,2,1000,1382.58,0.0000,0.0000,1384.0,0.0,1.000,256.0,0.000,0,0,256000,1,0,1,0,1,1
1,final_left_i32,i32,64,glibc_t2,P5,1,3,1000,1472.15,0.0000,0.0000,1412.0,62.0,2.000,512.0,0.000,0,0,256256,2,0,0,0,1,1
1,final_left_i32,i32,64,glibc_t2,P7,2,0,1000,1377.31,0.0000,0.0000,1378.0,0.0,1.000,256.0,0.000,0,0,256000,1,0,1,0,1,1
1,final_left_i32,i32,64,glibc_t2,FIXED_TWIN,2,1,1000,1431.65,0.0000,0.0000,1406.0,28.0,1.000,256.0,0.000,0,0,256000,1,0,1,0,1,1
1,final_left_i32,i32,64,glibc_t2,P5,2,2,1000,1416.64,0.0000,0.0000,1366.0,51.0,2.000,512.0,0.000,0,0,256256,2,0,0,0,1,1
1,final_left_i32,i32,64,glibc_t2,P6,2,3,1000,1394.78,0.0000,0.0000,1396.0,0.0,1.000,256.0,0.000,0,0,256000,1,1,0,0,1,1
1,final_left_i32,i32,64,glibc_t2,FIXED_TWIN,3,0,1000,1387.07,0.0000,0.0000,1389.0,0.0,1.000,256.0,0.000,0,0,256000,1,0,1,0,1,1
1,final_left_i32,i32,64,glibc_t2,P5,3,1,1000,1430.21,0.0000,0.0000,1431.0,0.0,2.000,512.0,0.000,0,0,256256,2,0,0,0,1,1
1,final_left_i32,i32,64,glibc_t2,P6,3,2,1000,1545.29,0.0000,0.0000,1493.0,54.0,1.000,256.0,0.000,0,0,256000,1,1,0,0,1,1
1,final_left_i32,i32,64,glibc_t2,P7,3,3,1000,1411.68,0.0000,0.0000,1400.0,12.0,1.000,256.0,0.000,0,0,256000,1,0,1,0,1,1
1,final_left_i32,i32,64,glibc_t2,P5,4,0,1000,1426.94,0.0000,0.0000,1415.0,13.0,2.000,512.0,0.000,0,0,256256,2,0,0,0,1,1
1,final_left_i32,i32,64,glibc_t2,P6,4,1,1000,1402.23,0.0000,0.0000,1403.0,0.0,1.000,256.0,0.000,0,0,256000,1,1,0,0,1,1
1,final_left_i32,i32,64,glibc_t2,P7,4,2,1000,1376.12,0.0000,0.0000,1377.0,0.0,1.000,256.0,0.000,0,0,256000,1,0,1,0,1,1
1,final_left_i32,i32,64,glibc_t2,FIXED_TWIN,4,3,1000,1385.36,0.0000,0.0000,1386.0,0.0,1.000,256.0,0.000,0,0,256000,1,0,1,0,1,1
1,final_left_i32,i32,64,glibc_t2,P6,5,0,1000,1457.96,0.0000,0.0000,1414.0,44.0,1.000,256.0,0.000,0,0,256000,1,1,0,0,1,1
1,final_left_i32,i32,64,glibc_t2,P7,5,1,1000,1375.84,0.0000,0.0000,1377.0,0.0,1.000,256.0,0.000,0,0,256000,1,0,1,0,1,1
1,final_left_i32,i32,64,glibc_t2,FIXED_TWIN,5,2,1000,1387.53,0.0000,0.0000,1388.0,0.0,1.000,256.0,0.000,0,0,256000,1,0,1,0,1,1
1,final_left_i32,i32,64,glibc_t2,P5,5,3,1000,1448.61,0.0000,0.0000,1397.0,55.0,2.000,512.0,0.000,0,0,256256,2,0,0,0,1,1
1,final_left_i32,i32,64,glibc_t2,P7,6,0,1000,1388.77,0.0000,0.0000,1390.0,0.0,1.000,256.0,0.000,0,0,256000,1,0,1,0,1,1
1,final_left_i32,i32,64,glibc_t2,FIXED_TWIN,6,1,1000,1373.27,0.0000,0.0000,1374.0,0.0,1.000,256.0,0.000,0,0,256000,1,0,1,0,1,1
1,final_left_i32,i32,64,glibc_t2,P5,6,2,1000,1423.04,0.0000,0.0000,1424.0,0.0,2.000,512.0,0.000,0,0,256256,2,0,0,0,1,1
1,final_left_i32,i32,64,glibc_t2,P6,6,3,1000,1400.77,0.0000,0.0000,1402.0,0.0,1.000,256.0,0.000,0,0,256000,1,1,0,0,1,1
1,final_left_i32,i32,64,glibc_t2,FIXED_TWIN,7,0,1000,1379.72,0.0000,0.0000,1381.0,0.0,1.000,256.0,0.000,0,0,256000,1,0,1,0,1,1
1,final_left_i32,i32,64,glibc_t2,P5,7,1,1000,1450.20,0.0000,0.0000,1451.0,0.0,2.000,512.0,0.000,0,0,256256,2,0,0,0,1,1
1,final_left_i32,i32,64,glibc_t2,P6,7,2,1000,1399.48,0.0000,0.0000,1400.0,0.0,1.000,256.0,0.000,0,0,256000,1,1,0,0,1,1
1,final_left_i32,i32,64,glibc_t2,P7,7,3,1000,1477.84,0.0000,0.0000,1479.0,0.0,1.000,256.0,0.000,0,0,256000,1,0,1,0,1,1
1,final_left_i32,i32,64,glibc_t2,P5,8,0,1000,1493.13,0.0000,0.0000,1494.0,0.0,2.000,512.0,0.000,0,0,256256,2,0,0,0,1,1
1,final_left_i32,i32,64,glibc_t2,P6,8,1,1000,1412.46,0.0000,0.0000,1413.0,0.0,1.000,256.0,0.000,0,0,256000,1,1,0,0,1,1
1,final_left_i32,i32,64,glibc_t2,P7,8,2,1000,1395.75,0.0000,0.0000,1396.0,0.0,1.000,256.0,0.000,0,0,256000,1,0,1,0,1,1
1,final_left_i32,i32,64,glibc_t2,FIXED_TWIN,8,3,1000,1371.93,0.0000,0.0000,1373.0,0.0,1.000,256.0,0.000,0,0,256000,1,0,1,0,1,1
1,final_left_i32,i32,64,glibc_t2,P6,9,0,1000,1385.29,0.0000,0.0000,1386.0,0.0,1.000,256.0,0.000,0,0,256000,1,1,0,0,1,1
1,final_left_i32,i32,64,glibc_t2,P7,9,1,1000,1392.62,0.0000,0.0000,1394.0,0.0,1.000,256.0,0.000,0,0,256000,1,0,1,0,1,1
1,final_left_i32,i32,64,glibc_t2,FIXED_TWIN,9,2,1000,1411.79,0.0000,0.0000,1413.0,0.0,1.000,256.0,0.000,0,0,256000,1,0,1,0,1,1
1,final_left_i32,i32,64,glibc_t2,P5,9,3,1000,1438.21,0.0000,0.0000,1434.0,5.0,2.000,512.0,0.000,0,0,256256,2,0,0,0,1,1
1,final_left_i32,i32,64,glibc_t2,P7,10,0,1000,1394.19,0.0000,0.0000,1395.0,0.0,1.000,256.0,0.000,0,0,256000,1,0,1,0,1,1
1,final_left_i32,i32,64,glibc_t2,FIXED_TWIN,10,1,1000,1412.02,0.0000,0.0000,1414.0,0.0,1.000,256.0,0.000,0,0,256000,1,0,1,0,1,1
1,final_left_i32,i32,64,glibc_t2,P5,10,2,1000,1428.45,0.0000,0.0000,1429.0,0.0,2.000,512.0,0.000,0,0,256256,2,0,0,0,1,1
1,final_left_i32,i32,64,glibc_t2,P6,10,3,1000,1403.48,0.0000,0.0000,1405.0,0.0,1.000,256.0,0.000,0,0,256000,1,1,0,0,1,1
1,final_left_i32,i32,64,glibc_t2,FIXED_TWIN,11,0,1000,1371.38,0.0000,0.0000,1372.0,0.0,1.000,256.0,0.000,0,0,256000,1,0,1,0,1,1
1,final_left_i32,i32,64,glibc_t2,P5,11,1,1000,1418.26,0.0000,0.0000,1419.0,0.0,2.000,512.0,0.000,0,0,256256,2,0,0,0,1,1
1,final_left_i32,i32,64,glibc_t2,P6,11,2,1000,1392.72,0.0000,0.0000,1394.0,0.0,1.000,256.0,0.000,0,0,256000,1,1,0,0,1,1
1,final_left_i32,i32,64,glibc_t2,P7,11,3,1000,1389.35,0.0000,0.0000,1391.0,0.0,1.000,256.0,0.000,0,0,256000,1,0,1,0,1,1
1,final_left_i32,i32,64,glibc_t2,P5,12,0,1000,1414.15,0.0000,0.0000,1416.0,0.0,2.000,512.0,0.000,0,0,256256,2,0,0,0,1,1
1,final_left_i32,i32,64,glibc_t2,P6,12,1,1000,1390.69,0.0000,0.0000,1391.0,0.0,1.000,256.0,0.000,0,0,256000,1,1,0,0,1,1
1,final_left_i32,i32,64,glibc_t2,P7,12,2,1000,1386.44,0.0000,0.0000,1387.0,0.0,1.000,256.0,0.000,0,0,256000,1,0,1,0,1,1
1,final_left_i32,i32,64,glibc_t2,FIXED_TWIN,12,3,1000,1374.68,0.0000,0.0000,1375.0,0.0,1.000,256.0,0.000,0,0,256000,1,0,1,0,1,1
1,final_left_i32,i32,64,glibc_t2,P6,13,0,1000,1398.46,0.0000,0.0000,1400.0,0.0,1.000,256.0,0.000,0,0,256000,1,1,0,0,1,1
1,final_left_i32,i32,64,glibc_t2,P7,13,1,1000,1373.24,0.0000,0.0000,1375.0,0.0,1.000,256.0,0.000,0,0,256000,1,0,1,0,1,1
1,final_left_i32,i32,64,glibc_t2,FIXED_TWIN,13,2,1000,1373.01,0.0000,0.0000,1374.0,0.0,1.000,256.0,0.000,0,0,256000,1,0,1,0,1,1
1,final_left_i32,i32,64,glibc_t2,P5,13,3,1000,1418.96,0.0000,0.0000,1420.0,0.0,2.000,512.0,0.000,0,0,256256,2,0,0,0,1,1
1,final_left_i32,i32,64,glibc_t2,P7,14,0,1000,1386.87,0.0000,0.0000,1388.0,0.0,1.000,256.0,0.000,0,0,256000,1,0,1,0,1,1
1,final_left_i32,i32,64,glibc_t2,FIXED_TWIN,14,1,1000,1394.64,0.0000,0.0000,1396.0,0.0,1.000,256.0,0.000,0,0,256000,1,0,1,0,1,1
1,final_left_i32,i32,64,glibc_t2,P5,14,2,1000,1423.52,0.0000,0.0000,1425.0,0.0,2.000,512.0,0.000,0,0,256256,2,0,0,0,1,1
1,final_left_i32,i32,64,glibc_t2,P6,14,3,1000,1406.64,0.0000,0.0000,1407.0,0.0,1.000,256.0,0.000,0,0,256000,1,1,0,0,1,1
1,final_left_i32,i32,1024,glibc_t2,P5,0,0,1000,1719.10,0.0000,0.0000,1723.0,0.0,2.000,8192.0,0.000,0,0,4100096,2,0,0,0,1,1
1,final_left_i32,i32,1024,glibc_t2,P6,0,1,1000,1710.07,0.0000,0.0000,1713.0,0.0,1.000,4096.0,0.000,0,0,4096000,1,1,0,0,1,1
1,final_left_i32,i32,1024,glibc_t2,P7,0,2,1000,1575.14,0.0000,0.0000,1578.0,0.0,1.000,4096.0,0.000,0,0,4096000,1,0,1,0,1,1
1,final_left_i32,i32,1024,glibc_t2,FIXED_TWIN,0,3,1000,1587.44,0.0000,0.0000,1590.0,0.0,1.000,4096.0,0.000,0,0,4096000,1,0,1,0,1,1
1,final_left_i32,i32,1024,glibc_t2,P6,1,0,1000,1731.57,0.0000,0.0000,1733.0,0.0,1.000,4096.0,0.000,0,0,4096000,1,1,0,0,1,1
1,final_left_i32,i32,1024,glibc_t2,P7,1,1,1000,1925.09,0.0000,0.0000,1929.0,0.0,1.000,4096.0,0.000,0,0,4096000,1,0,1,0,1,1
1,final_left_i32,i32,1024,glibc_t2,FIXED_TWIN,1,2,1000,1588.07,0.0000,0.0000,1591.0,0.0,1.000,4096.0,0.000,0,0,4096000,1,0,1,0,1,1
1,final_left_i32,i32,1024,glibc_t2,P5,1,3,1000,1732.44,0.0000,0.0000,1735.0,0.0,2.000,8192.0,0.000,0,0,4100096,2,0,0,0,1,1
1,final_left_i32,i32,1024,glibc_t2,P7,2,0,1000,1586.02,0.0000,0.0000,1588.0,0.0,1.000,4096.0,0.000,0,0,4096000,1,0,1,0,1,1
1,final_left_i32,i32,1024,glibc_t2,FIXED_TWIN,2,1,1000,1586.55,0.0000,0.0000,1589.0,0.0,1.000,4096.0,0.000,0,0,4096000,1,0,1,0,1,1
1,final_left_i32,i32,1024,glibc_t2,P5,2,2,1000,1734.60,0.0000,0.0000,1737.0,0.0,2.000,8192.0,0.000,0,0,4100096,2,0,0,0,1,1
1,final_left_i32,i32,1024,glibc_t2,P6,2,3,1000,1718.64,0.0000,0.0000,1720.0,0.0,1.000,4096.0,0.000,0,0,4096000,1,1,0,0,1,1
1,final_left_i32,i32,1024,glibc_t2,FIXED_TWIN,3,0,1000,1590.90,0.0000,0.0000,1594.0,0.0,1.000,4096.0,0.000,0,0,4096000,1,0,1,0,1,1
1,final_left_i32,i32,1024,glibc_t2,P5,3,1,1000,1719.99,0.0000,0.0000,1722.0,0.0,2.000,8192.0,0.000,0,0,4100096,2,0,0,0,1,1
1,final_left_i32,i32,1024,glibc_t2,P6,3,2,1000,1727.85,0.0000,0.0000,1731.0,0.0,1.000,4096.0,0.000,0,0,4096000,1,1,0,0,1,1
1,final_left_i32,i32,1024,glibc_t2,P7,3,3,1000,1591.66,0.0000,0.0000,1595.0,0.0,1.000,4096.0,0.000,0,0,4096000,1,0,1,0,1,1
1,final_left_i32,i32,1024,glibc_t2,P5,4,0,1000,1771.72,0.0000,0.0000,1777.0,0.0,2.000,8192.0,0.000,0,0,4100096,2,0,0,0,1,1
1,final_left_i32,i32,1024,glibc_t2,P6,4,1,1000,1777.14,0.0000,0.0000,1781.0,0.0,1.000,4096.0,0.000,0,0,4096000,1,1,0,0,1,1
1,final_left_i32,i32,1024,glibc_t2,P7,4,2,1000,1939.14,0.0000,0.0000,1944.0,0.0,1.000,4096.0,0.000,0,0,4096000,1,0,1,0,1,1
1,final_left_i32,i32,1024,glibc_t2,FIXED_TWIN,4,3,1000,1635.37,0.0000,0.0000,1639.0,0.0,1.000,4096.0,0.000,0,0,4096000,1,0,1,0,1,1
1,final_left_i32,i32,1024,glibc_t2,P6,5,0,1000,1675.37,0.0000,0.0000,1677.0,0.0,1.000,4096.0,0.000,0,0,4096000,1,1,0,0,1,1
1,final_left_i32,i32,1024,glibc_t2,P7,5,1,1000,1533.13,0.0000,0.0000,1536.0,0.0,1.000,4096.0,0.000,0,0,4096000,1,0,1,0,1,1
1,final_left_i32,i32,1024,glibc_t2,FIXED_TWIN,5,2,1000,1628.94,0.0000,0.0000,1633.0,0.0,1.000,4096.0,0.000,0,0,4096000,1,0,1,0,1,1
1,final_left_i32,i32,1024,glibc_t2,P5,5,3,1000,1783.07,0.0000,0.0000,1787.0,0.0,2.000,8192.0,0.000,0,0,4100096,2,0,0,0,1,1
1,final_left_i32,i32,1024,glibc_t2,P7,6,0,1000,1645.61,0.0000,0.0000,1648.0,0.0,1.000,4096.0,0.000,0,0,4096000,1,0,1,0,1,1
1,final_left_i32,i32,1024,glibc_t2,FIXED_TWIN,6,1,1000,1645.97,0.0000,0.0000,1648.0,0.0,1.000,4096.0,0.000,0,0,4096000,1,0,1,0,1,1
1,final_left_i32,i32,1024,glibc_t2,P5,6,2,1000,1720.78,0.0000,0.0000,1723.0,0.0,2.000,8192.0,0.000,0,0,4100096,2,0,0,0,1,1
1,final_left_i32,i32,1024,glibc_t2,P6,6,3,1000,1727.27,0.0000,0.0000,1730.0,0.0,1.000,4096.0,0.000,0,0,4096000,1,1,0,0,1,1
1,final_left_i32,i32,1024,glibc_t2,FIXED_TWIN,7,0,1000,1598.40,0.0000,0.0000,1600.0,0.0,1.000,4096.0,0.000,0,0,4096000,1,0,1,0,1,1
1,final_left_i32,i32,1024,glibc_t2,P5,7,1,1000,1778.61,0.0000,0.0000,1782.0,0.0,2.000,8192.0,0.000,0,0,4100096,2,0,0,0,1,1
1,final_left_i32,i32,1024,glibc_t2,P6,7,2,1000,1744.69,0.0000,0.0000,1747.0,0.0,1.000,4096.0,0.000,0,0,4096000,1,1,0,0,1,1
1,final_left_i32,i32,1024,glibc_t2,P7,7,3,1000,1568.66,0.0000,0.0000,1571.0,0.0,1.000,4096.0,0.000,0,0,4096000,1,0,1,0,1,1
1,final_left_i32,i32,1024,glibc_t2,P5,8,0,1000,1838.03,0.0000,0.0000,1840.0,0.0,2.000,8192.0,0.000,0,0,4100096,2,0,0,0,1,1
1,final_left_i32,i32,1024,glibc_t2,P6,8,1,1000,1797.79,0.0000,0.0000,1802.0,0.0,1.000,4096.0,0.000,0,0,4096000,1,1,0,0,1,1
1,final_left_i32,i32,1024,glibc_t2,P7,8,2,1000,1633.86,0.0000,0.0000,1637.0,0.0,1.000,4096.0,0.000,0,0,4096000,1,0,1,0,1,1
1,final_left_i32,i32,1024,glibc_t2,FIXED_TWIN,8,3,1000,1560.98,0.0000,0.0000,1563.0,0.0,1.000,4096.0,0.000,0,0,4096000,1,0,1,0,1,1
1,final_left_i32,i32,1024,glibc_t2,P6,9,0,1000,1670.27,0.0000,0.0000,1674.0,0.0,1.000,4096.0,0.000,0,0,4096000,1,1,0,0,1,1
1,final_left_i32,i32,1024,glibc_t2,P7,9,1,1000,1640.79,0.0000,0.0000,1644.0,0.0,1.000,4096.0,0.000,0,0,4096000,1,0,1,0,1,1
1,final_left_i32,i32,1024,glibc_t2,FIXED_TWIN,9,2,1000,1567.78,0.0000,0.0000,1570.0,0.0,1.000,4096.0,0.000,0,0,4096000,1,0,1,0,1,1
1,final_left_i32,i32,1024,glibc_t2,P5,9,3,1000,1757.43,0.0000,0.0000,1760.0,0.0,2.000,8192.0,0.000,0,0,4100096,2,0,0,0,1,1
1,final_left_i32,i32,1024,glibc_t2,P7,10,0,1000,1574.36,0.0000,0.0000,1577.0,0.0,1.000,4096.0,0.000,0,0,4096000,1,0,1,0,1,1
1,final_left_i32,i32,1024,glibc_t2,FIXED_TWIN,10,1,1000,1578.53,0.0000,0.0000,1580.0,0.0,1.000,4096.0,0.000,0,0,4096000,1,0,1,0,1,1
1,final_left_i32,i32,1024,glibc_t2,P5,10,2,1000,1753.52,0.0000,0.0000,1755.0,0.0,2.000,8192.0,0.000,0,0,4100096,2,0,0,0,1,1
1,final_left_i32,i32,1024,glibc_t2,P6,10,3,1000,1708.03,0.0000,0.0000,1711.0,0.0,1.000,4096.0,0.000,0,0,4096000,1,1,0,0,1,1
1,final_left_i32,i32,1024,glibc_t2,FIXED_TWIN,11,0,1000,1590.14,0.0000,0.0000,1592.0,0.0,1.000,4096.0,0.000,0,0,4096000,1,0,1,0,1,1
1,final_left_i32,i32,1024,glibc_t2,P5,11,1,1000,1940.12,0.0000,0.0000,1945.0,0.0,2.000,8192.0,0.000,0,0,4100096,2,0,0,0,1,1
1,final_left_i32,i32,1024,glibc_t2,P6,11,2,1000,1736.83,0.0000,0.0000,1741.0,0.0,1.000,4096.0,0.000,0,0,4096000,1,1,0,0,1,1
1,final_left_i32,i32,1024,glibc_t2,P7,11,3,1000,1614.92,0.0000,0.0000,1617.0,0.0,1.000,4096.0,0.000,0,0,4096000,1,0,1,0,1,1
1,final_left_i32,i32,1024,glibc_t2,P5,12,0,1000,1771.27,0.0000,0.0000,1776.0,0.0,2.000,8192.0,0.000,0,0,4100096,2,0,0,0,1,1
1,final_left_i32,i32,1024,glibc_t2,P6,12,1,1000,1812.07,0.0000,0.0000,1815.0,0.0,1.000,4096.0,0.000,0,0,4096000,1,1,0,0,1,1
1,final_left_i32,i32,1024,glibc_t2,P7,12,2,1000,1587.85,0.0000,0.0000,1591.0,0.0,1.000,4096.0,0.000,0,0,4096000,1,0,1,0,1,1
1,final_left_i32,i32,1024,glibc_t2,FIXED_TWIN,12,3,1000,1656.17,0.0000,0.0000,1658.0,0.0,1.000,4096.0,0.000,0,0,4096000,1,0,1,0,1,1
1,final_left_i32,i32,1024,glibc_t2,P6,13,0,1000,1659.49,0.0000,0.0000,1663.0,0.0,1.000,4096.0,0.000,0,0,4096000,1,1,0,0,1,1
1,final_left_i32,i32,1024,glibc_t2,P7,13,1,1000,1559.08,0.0000,0.0000,1561.0,0.0,1.000,4096.0,0.000,0,0,4096000,1,0,1,0,1,1
1,final_left_i32,i32,1024,glibc_t2,FIXED_TWIN,13,2,1000,1698.61,0.0000,0.0000,1701.0,0.0,1.000,4096.0,0.000,0,0,4096000,1,0,1,0,1,1
1,final_left_i32,i32,1024,glibc_t2,P5,13,3,1000,1756.16,0.0000,0.0000,1759.0,0.0,2.000,8192.0,0.000,0,0,4100096,2,0,0,0,1,1
1,final_left_i32,i32,1024,glibc_t2,P7,14,0,1000,1589.85,0.0000,0.0000,1593.0,0.0,1.000,4096.0,0.000,0,0,4096000,1,0,1,0,1,1
1,final_left_i32,i32,1024,glibc_t2,FIXED_TWIN,14,1,1000,1539.88,0.0000,0.0000,1542.0,0.0,1.000,4096.0,0.000,0,0,4096000,1,0,1,0,1,1
1,final_left_i32,i32,1024,glibc_t2,P5,14,2,1000,1713.12,0.0000,0.0000,1715.0,0.0,2.000,8192.0,0.000,0,0,4100096,2,0,0,0,1,1
1,final_left_i32,i32,1024,glibc_t2,P6,14,3,1000,1692.59,0.0000,0.0000,1695.0,0.0,1.000,4096.0,0.000,0,0,4096000,1,1,0,0,1,1
1,final_left_i32,i32,4096,glibc_t2,P5,0,0,1,1671.00,0.0000,0.0000,3000.0,0.0,2.000,32768.0,0.000,0,0,32768,2,0,0,0,1,1
1,final_left_i32,i32,4096,glibc_t2,P6,0,1,1,1376.00,0.0000,0.0000,2000.0,0.0,1.000,16384.0,0.000,0,0,16384,1,1,0,0,1,1
1,final_left_i32,i32,4096,glibc_t2,P7,0,2,1,1241.00,0.0000,0.0000,2000.0,0.0,1.000,16384.0,0.000,0,0,16384,1,0,1,0,1,1
1,final_left_i32,i32,4096,glibc_t2,FIXED_TWIN,0,3,1,1186.00,0.0000,0.0000,1000.0,0.0,1.000,16384.0,0.000,0,0,16384,1,0,1,0,1,1
1,final_left_i32,i32,4096,glibc_t2,P6,1,0,1,1368.00,0.0000,0.0000,2000.0,0.0,1.000,16384.0,0.000,0,0,16384,1,1,0,0,1,1
1,final_left_i32,i32,4096,glibc_t2,P7,1,1,1,1174.00,0.0000,0.0000,2000.0,0.0,1.000,16384.0,0.000,0,0,16384,1,0,1,0,1,1
1,final_left_i32,i32,4096,glibc_t2,FIXED_TWIN,1,2,1,1190.00,0.0000,0.0000,1000.0,0.0,1.000,16384.0,0.000,0,0,16384,1,0,1,0,1,1
1,final_left_i32,i32,4096,glibc_t2,P5,1,3,1,1577.00,0.0000,0.0000,2000.0,0.0,2.000,32768.0,0.000,0,0,32768,2,0,0,0,1,1
1,final_left_i32,i32,4096,glibc_t2,P7,2,0,1,1243.00,0.0000,0.0000,2000.0,0.0,1.000,16384.0,0.000,0,0,16384,1,0,1,0,1,1
1,final_left_i32,i32,4096,glibc_t2,FIXED_TWIN,2,1,1,1178.00,0.0000,0.0000,1000.0,0.0,1.000,16384.0,0.000,0,0,16384,1,0,1,0,1,1
1,final_left_i32,i32,4096,glibc_t2,P5,2,2,1,1582.00,0.0000,0.0000,2000.0,0.0,2.000,32768.0,0.000,0,0,32768,2,0,0,0,1,1
1,final_left_i32,i32,4096,glibc_t2,P6,2,3,1,1387.00,0.0000,0.0000,2000.0,0.0,1.000,16384.0,0.000,0,0,16384,1,1,0,0,1,1
1,final_left_i32,i32,4096,glibc_t2,FIXED_TWIN,3,0,1,1219.00,0.0000,0.0000,1000.0,0.0,1.000,16384.0,0.000,0,0,16384,1,0,1,0,1,1
1,final_left_i32,i32,4096,glibc_t2,P5,3,1,1,1520.00,0.0000,0.0000,2000.0,0.0,2.000,32768.0,0.000,0,0,32768,2,0,0,0,1,1
1,final_left_i32,i32,4096,glibc_t2,P6,3,2,1,1733.00,0.0000,0.0000,2000.0,0.0,1.000,16384.0,0.000,0,0,16384,1,1,0,0,1,1
1,final_left_i32,i32,4096,glibc_t2,P7,3,3,1,1206.00,0.0000,0.0000,1000.0,0.0,1.000,16384.0,0.000,0,0,16384,1,0,1,0,1,1
1,final_left_i32,i32,4096,glibc_t2,P5,4,0,1,1557.00,0.0000,0.0000,2000.0,0.0,2.000,32768.0,0.000,0,0,32768,2,0,0,0,1,1
1,final_left_i32,i32,4096,glibc_t2,P6,4,1,1,1358.00,0.0000,0.0000,2000.0,0.0,1.000,16384.0,0.000,0,0,16384,1,1,0,0,1,1
1,final_left_i32,i32,4096,glibc_t2,P7,4,2,1,1256.00,0.0000,0.0000,1000.0,0.0,1.000,16384.0,0.000,0,0,16384,1,0,1,0,1,1
1,final_left_i32,i32,4096,glibc_t2,FIXED_TWIN,4,3,1,1219.00,0.0000,0.0000,1000.0,0.0,1.000,16384.0,0.000,0,0,16384,1,0,1,0,1,1
1,final_left_i32,i32,4096,glibc_t2,P6,5,0,1,1351.00,0.0000,0.0000,2000.0,0.0,1.000,16384.0,0.000,0,0,16384,1,1,0,0,1,1
1,final_left_i32,i32,4096,glibc_t2,P7,5,1,1,1201.00,0.0000,0.0000,1000.0,0.0,1.000,16384.0,0.000,0,0,16384,1,0,1,0,1,1
1,final_left_i32,i32,4096,glibc_t2,FIXED_TWIN,5,2,1,1183.00,0.0000,0.0000,2000.0,0.0,1.000,16384.0,0.000,0,0,16384,1,0,1,0,1,1
1,final_left_i32,i32,4096,glibc_t2,P5,5,3,1,1575.00,0.0000,0.0000,2000.0,0.0,2.000,32768.0,0.000,0,0,32768,2,0,0,0,1,1
1,final_left_i32,i32,4096,glibc_t2,P7,6,0,1,1223.00,0.0000,0.0000,2000.0,0.0,1.000,16384.0,0.000,0,0,16384,1,0,1,0,1,1
1,final_left_i32,i32,4096,glibc_t2,FIXED_TWIN,6,1,1,1170.00,0.0000,0.0000,2000.0,0.0,1.000,16384.0,0.000,0,0,16384,1,0,1,0,1,1
1,final_left_i32,i32,4096,glibc_t2,P5,6,2,1,1544.00,0.0000,0.0000,2000.0,0.0,2.000,32768.0,0.000,0,0,32768,2,0,0,0,1,1
1,final_left_i32,i32,4096,glibc_t2,P6,6,3,1,1374.00,0.0000,0.0000,1000.0,0.0,1.000,16384.0,0.000,0,0,16384,1,1,0,0,1,1
1,final_left_i32,i32,4096,glibc_t2,FIXED_TWIN,7,0,1,1216.00,0.0000,0.0000,2000.0,0.0,1.000,16384.0,0.000,0,0,16384,1,0,1,0,1,1
1,final_left_i32,i32,4096,glibc_t2,P5,7,1,1,1568.00,0.0000,0.0000,2000.0,0.0,2.000,32768.0,0.000,0,0,32768,2,0,0,0,1,1
1,final_left_i32,i32,4096,glibc_t2,P6,7,2,1,1349.00,0.0000,0.0000,2000.0,0.0,1.000,16384.0,0.000,0,0,16384,1,1,0,0,1,1
1,final_left_i32,i32,4096,glibc_t2,P7,7,3,1,1205.00,0.0000,0.0000,1000.0,0.0,1.000,16384.0,0.000,0,0,16384,1,0,1,0,1,1
1,final_left_i32,i32,4096,glibc_t2,P5,8,0,1,1592.00,0.0000,0.0000,2000.0,0.0,2.000,32768.0,0.000,0,0,32768,2,0,0,0,1,1
1,final_left_i32,i32,4096,glibc_t2,P6,8,1,1,1365.00,0.0000,0.0000,2000.0,0.0,1.000,16384.0,0.000,0,0,16384,1,1,0,0,1,1
1,final_left_i32,i32,4096,glibc_t2,P7,8,2,1,1262.00,0.0000,0.0000,2000.0,0.0,1.000,16384.0,0.000,0,0,16384,1,0,1,0,1,1
1,final_left_i32,i32,4096,glibc_t2,FIXED_TWIN,8,3,1,1185.00,0.0000,0.0000,2000.0,0.0,1.000,16384.0,0.000,0,0,16384,1,0,1,0,1,1
1,final_left_i32,i32,4096,glibc_t2,P6,9,0,1,19746.00,0.0000,0.0000,20000.0,0.0,1.000,16384.0,0.000,0,0,16384,1,1,0,0,1,1
1,final_left_i32,i32,4096,glibc_t2,P7,9,1,1,1183.00,0.0000,0.0000,1000.0,0.0,1.000,16384.0,0.000,0,0,16384,1,0,1,0,1,1
1,final_left_i32,i32,4096,glibc_t2,FIXED_TWIN,9,2,1,1176.00,0.0000,0.0000,1000.0,0.0,1.000,16384.0,0.000,0,0,16384,1,0,1,0,1,1
1,final_left_i32,i32,4096,glibc_t2,P5,9,3,1,1635.00,0.0000,0.0000,2000.0,0.0,2.000,32768.0,0.000,0,0,32768,2,0,0,0,1,1
1,final_left_i32,i32,4096,glibc_t2,P7,10,0,1,1278.00,0.0000,0.0000,2000.0,0.0,1.000,16384.0,0.000,0,0,16384,1,0,1,0,1,1
1,final_left_i32,i32,4096,glibc_t2,FIXED_TWIN,10,1,1,1173.00,0.0000,0.0000,1000.0,0.0,1.000,16384.0,0.000,0,0,16384,1,0,1,0,1,1
1,final_left_i32,i32,4096,glibc_t2,P5,10,2,1,1574.00,0.0000,0.0000,2000.0,0.0,2.000,32768.0,0.000,0,0,32768,2,0,0,0,1,1
1,final_left_i32,i32,4096,glibc_t2,P6,10,3,1,1411.00,0.0000,0.0000,2000.0,0.0,1.000,16384.0,0.000,0,0,16384,1,1,0,0,1,1
1,final_left_i32,i32,4096,glibc_t2,FIXED_TWIN,11,0,1,1185.00,0.0000,0.0000,1000.0,0.0,1.000,16384.0,0.000,0,0,16384,1,0,1,0,1,1
1,final_left_i32,i32,4096,glibc_t2,P5,11,1,1,1532.00,0.0000,0.0000,2000.0,0.0,2.000,32768.0,0.000,0,0,32768,2,0,0,0,1,1
1,final_left_i32,i32,4096,glibc_t2,P6,11,2,1,1401.00,0.0000,0.0000,2000.0,0.0,1.000,16384.0,0.000,0,0,16384,1,1,0,0,1,1
1,final_left_i32,i32,4096,glibc_t2,P7,11,3,1,1215.00,0.0000,0.0000,1000.0,0.0,1.000,16384.0,0.000,0,0,16384,1,0,1,0,1,1
1,final_left_i32,i32,4096,glibc_t2,P5,12,0,1,1587.00,0.0000,0.0000,2000.0,0.0,2.000,32768.0,0.000,0,0,32768,2,0,0,0,1,1
1,final_left_i32,i32,4096,glibc_t2,P6,12,1,1,1379.00,0.0000,0.0000,2000.0,0.0,1.000,16384.0,0.000,0,0,16384,1,1,0,0,1,1
1,final_left_i32,i32,4096,glibc_t2,P7,12,2,1,1207.00,0.0000,0.0000,1000.0,0.0,1.000,16384.0,0.000,0,0,16384,1,0,1,0,1,1
1,final_left_i32,i32,4096,glibc_t2,FIXED_TWIN,12,3,1,1176.00,0.0000,0.0000,2000.0,0.0,1.000,16384.0,0.000,0,0,16384,1,0,1,0,1,1
1,final_left_i32,i32,4096,glibc_t2,P6,13,0,1,1385.00,0.0000,0.0000,1000.0,0.0,1.000,16384.0,0.000,0,0,16384,1,1,0,0,1,1
1,final_left_i32,i32,4096,glibc_t2,P7,13,1,1,1205.00,0.0000,0.0000,2000.0,0.0,1.000,16384.0,0.000,0,0,16384,1,0,1,0,1,1
1,final_left_i32,i32,4096,glibc_t2,FIXED_TWIN,13,2,1,1180.00,0.0000,0.0000,2000.0,0.0,1.000,16384.0,0.000,0,0,16384,1,0,1,0,1,1
1,final_left_i32,i32,4096,glibc_t2,P5,13,3,1,1606.00,0.0000,0.0000,2000.0,0.0,2.000,32768.0,0.000,0,0,32768,2,0,0,0,1,1
1,final_left_i32,i32,4096,glibc_t2,P7,14,0,1,1216.00,0.0000,0.0000,2000.0,0.0,1.000,16384.0,0.000,0,0,16384,1,0,1,0,1,1
1,final_left_i32,i32,4096,glibc_t2,FIXED_TWIN,14,1,1,1175.00,0.0000,0.0000,2000.0,0.0,1.000,16384.0,0.000,0,0,16384,1,0,1,0,1,1
1,final_left_i32,i32,4096,glibc_t2,P5,14,2,1,1551.00,0.0000,0.0000,2000.0,0.0,2.000,32768.0,0.000,0,0,32768,2,0,0,0,1,1
1,final_left_i32,i32,4096,glibc_t2,P6,14,3,1,1397.00,0.0000,0.0000,1000.0,0.0,1.000,16384.0,0.000,0,0,16384,1,1,0,0,1,1
1,final_left_i32,i32,16384,glibc_t2,P5,0,0,1,4741.00,0.0000,0.0000,5000.0,0.0,2.000,131072.0,0.000,0,0,131072,2,0,0,0,1,1
1,final_left_i32,i32,16384,glibc_t2,P6,0,1,1,4700.00,0.0000,0.0000,5000.0,0.0,1.000,65536.0,0.000,0,0,65536,1,1,0,0,1,1
1,final_left_i32,i32,16384,glibc_t2,P7,0,2,1,3788.00,0.0000,0.0000,4000.0,0.0,1.000,65536.0,0.000,0,0,65536,1,0,1,0,1,1
1,final_left_i32,i32,16384,glibc_t2,FIXED_TWIN,0,3,1,3781.00,0.0000,0.0000,4000.0,0.0,1.000,65536.0,0.000,0,0,65536,1,0,1,0,1,1
1,final_left_i32,i32,16384,glibc_t2,P6,1,0,1,4587.00,0.0000,0.0000,5000.0,0.0,1.000,65536.0,0.000,0,0,65536,1,1,0,0,1,1
1,final_left_i32,i32,16384,glibc_t2,P7,1,1,1,3801.00,0.0000,0.0000,4000.0,0.0,1.000,65536.0,0.000,0,0,65536,1,0,1,0,1,1
1,final_left_i32,i32,16384,glibc_t2,FIXED_TWIN,1,2,1,3773.00,0.0000,0.0000,4000.0,0.0,1.000,65536.0,0.000,0,0,65536,1,0,1,0,1,1
1,final_left_i32,i32,16384,glibc_t2,P5,1,3,1,4731.00,0.0000,0.0000,6000.0,0.0,2.000,131072.0,0.000,0,0,131072,2,0,0,0,1,1
1,final_left_i32,i32,16384,glibc_t2,P7,2,0,1,3801.00,0.0000,0.0000,4000.0,0.0,1.000,65536.0,0.000,0,0,65536,1,0,1,0,1,1
1,final_left_i32,i32,16384,glibc_t2,FIXED_TWIN,2,1,1,3749.00,0.0000,0.0000,5000.0,0.0,1.000,65536.0,0.000,0,0,65536,1,0,1,0,1,1
1,final_left_i32,i32,16384,glibc_t2,P5,2,2,1,4662.00,0.0000,0.0000,6000.0,0.0,2.000,131072.0,0.000,0,0,131072,2,0,0,0,1,1
1,final_left_i32,i32,16384,glibc_t2,P6,2,3,1,21115.00,0.0000,0.0000,22000.0,0.0,1.000,65536.0,0.000,0,0,65536,1,1,0,0,1,1
1,final_left_i32,i32,16384,glibc_t2,FIXED_TWIN,3,0,1,3949.00,0.0000,0.0000,5000.0,0.0,1.000,65536.0,0.000,0,0,65536,1,0,1,0,1,1
1,final_left_i32,i32,16384,glibc_t2,P5,3,1,1,4817.00,0.0000,0.0000,6000.0,0.0,2.000,131072.0,0.000,0,0,131072,2,0,0,0,1,1
1,final_left_i32,i32,16384,glibc_t2,P6,3,2,1,4780.00,0.0000,0.0000,6000.0,0.0,1.000,65536.0,0.000,0,0,65536,1,1,0,0,1,1
1,final_left_i32,i32,16384,glibc_t2,P7,3,3,1,3916.00,0.0000,0.0000,5000.0,0.0,1.000,65536.0,0.000,0,0,65536,1,0,1,0,1,1
1,final_left_i32,i32,16384,glibc_t2,P5,4,0,1,4807.00,0.0000,0.0000,5000.0,0.0,2.000,131072.0,0.000,0,0,131072,2,0,0,0,1,1
1,final_left_i32,i32,16384,glibc_t2,P6,4,1,1,4732.00,0.0000,0.0000,5000.0,0.0,1.000,65536.0,0.000,0,0,65536,1,1,0,0,1,1
1,final_left_i32,i32,16384,glibc_t2,P7,4,2,1,3831.00,0.0000,0.0000,4000.0,0.0,1.000,65536.0,0.000,0,0,65536,1,0,1,0,1,1
1,final_left_i32,i32,16384,glibc_t2,FIXED_TWIN,4,3,1,3810.00,0.0000,0.0000,4000.0,0.0,1.000,65536.0,0.000,0,0,65536,1,0,1,0,1,1
1,final_left_i32,i32,16384,glibc_t2,P6,5,0,1,4675.00,0.0000,0.0000,5000.0,0.0,1.000,65536.0,0.000,0,0,65536,1,1,0,0,1,1
1,final_left_i32,i32,16384,glibc_t2,P7,5,1,1,3765.00,0.0000,0.0000,5000.0,0.0,1.000,65536.0,0.000,0,0,65536,1,0,1,0,1,1
1,final_left_i32,i32,16384,glibc_t2,FIXED_TWIN,5,2,1,3783.00,0.0000,0.0000,4000.0,0.0,1.000,65536.0,0.000,0,0,65536,1,0,1,0,1,1
1,final_left_i32,i32,16384,glibc_t2,P5,5,3,1,4699.00,0.0000,0.0000,5000.0,0.0,2.000,131072.0,0.000,0,0,131072,2,0,0,0,1,1
1,final_left_i32,i32,16384,glibc_t2,P7,6,0,1,3801.00,0.0000,0.0000,5000.0,0.0,1.000,65536.0,0.000,0,0,65536,1,0,1,0,1,1
1,final_left_i32,i32,16384,glibc_t2,FIXED_TWIN,6,1,1,3728.00,0.0000,0.0000,4000.0,0.0,1.000,65536.0,0.000,0,0,65536,1,0,1,0,1,1
1,final_left_i32,i32,16384,glibc_t2,P5,6,2,1,4693.00,0.0000,0.0000,6000.0,0.0,2.000,131072.0,0.000,0,0,131072,2,0,0,0,1,1
1,final_left_i32,i32,16384,glibc_t2,P6,6,3,1,4600.00,0.0000,0.0000,5000.0,0.0,1.000,65536.0,0.000,0,0,65536,1,1,0,0,1,1
1,final_left_i32,i32,16384,glibc_t2,FIXED_TWIN,7,0,1,3758.00,0.0000,0.0000,4000.0,0.0,1.000,65536.0,0.000,0,0,65536,1,0,1,0,1,1
1,final_left_i32,i32,16384,glibc_t2,P5,7,1,1,4730.00,0.0000,0.0000,5000.0,0.0,2.000,131072.0,0.000,0,0,131072,2,0,0,0,1,1
1,final_left_i32,i32,16384,glibc_t2,P6,7,2,1,4649.00,0.0000,0.0000,5000.0,0.0,1.000,65536.0,0.000,0,0,65536,1,1,0,0,1,1
1,final_left_i32,i32,16384,glibc_t2,P7,7,3,1,3791.00,0.0000,0.0000,4000.0,0.0,1.000,65536.0,0.000,0,0,65536,1,0,1,0,1,1
1,final_left_i32,i32,16384,glibc_t2,P5,8,0,1,4769.00,0.0000,0.0000,6000.0,0.0,2.000,131072.0,0.000,0,0,131072,2,0,0,0,1,1
1,final_left_i32,i32,16384,glibc_t2,P6,8,1,1,4652.00,0.0000,0.0000,5000.0,0.0,1.000,65536.0,0.000,0,0,65536,1,1,0,0,1,1
1,final_left_i32,i32,16384,glibc_t2,P7,8,2,1,3823.00,0.0000,0.0000,4000.0,0.0,1.000,65536.0,0.000,0,0,65536,1,0,1,0,1,1
1,final_left_i32,i32,16384,glibc_t2,FIXED_TWIN,8,3,1,3780.00,0.0000,0.0000,5000.0,0.0,1.000,65536.0,0.000,0,0,65536,1,0,1,0,1,1
1,final_left_i32,i32,16384,glibc_t2,P6,9,0,1,4588.00,0.0000,0.0000,5000.0,0.0,1.000,65536.0,0.000,0,0,65536,1,1,0,0,1,1
1,final_left_i32,i32,16384,glibc_t2,P7,9,1,1,3801.00,0.0000,0.0000,4000.0,0.0,1.000,65536.0,0.000,0,0,65536,1,0,1,0,1,1
1,final_left_i32,i32,16384,glibc_t2,FIXED_TWIN,9,2,1,3807.00,0.0000,0.0000,4000.0,0.0,1.000,65536.0,0.000,0,0,65536,1,0,1,0,1,1
1,final_left_i32,i32,16384,glibc_t2,P5,9,3,1,4706.00,0.0000,0.0000,6000.0,0.0,2.000,131072.0,0.000,0,0,131072,2,0,0,0,1,1
1,final_left_i32,i32,16384,glibc_t2,P7,10,0,1,3803.00,0.0000,0.0000,4000.0,0.0,1.000,65536.0,0.000,0,0,65536,1,0,1,0,1,1
1,final_left_i32,i32,16384,glibc_t2,FIXED_TWIN,10,1,1,3767.00,0.0000,0.0000,5000.0,0.0,1.000,65536.0,0.000,0,0,65536,1,0,1,0,1,1
1,final_left_i32,i32,16384,glibc_t2,P5,10,2,1,4717.00,0.0000,0.0000,5000.0,0.0,2.000,131072.0,0.000,0,0,131072,2,0,0,0,1,1
1,final_left_i32,i32,16384,glibc_t2,P6,10,3,1,4622.00,0.0000,0.0000,5000.0,0.0,1.000,65536.0,0.000,0,0,65536,1,1,0,0,1,1
1,final_left_i32,i32,16384,glibc_t2,FIXED_TWIN,11,0,1,3763.00,0.0000,0.0000,4000.0,0.0,1.000,65536.0,0.000,0,0,65536,1,0,1,0,1,1
1,final_left_i32,i32,16384,glibc_t2,P5,11,1,1,4677.00,0.0000,0.0000,5000.0,0.0,2.000,131072.0,0.000,0,0,131072,2,0,0,0,1,1
1,final_left_i32,i32,16384,glibc_t2,P6,11,2,1,4587.00,0.0000,0.0000,5000.0,0.0,1.000,65536.0,0.000,0,0,65536,1,1,0,0,1,1
1,final_left_i32,i32,16384,glibc_t2,P7,11,3,1,3815.00,0.0000,0.0000,5000.0,0.0,1.000,65536.0,0.000,0,0,65536,1,0,1,0,1,1
1,final_left_i32,i32,16384,glibc_t2,P5,12,0,1,4655.00,0.0000,0.0000,5000.0,0.0,2.000,131072.0,0.000,0,0,131072,2,0,0,0,1,1
1,final_left_i32,i32,16384,glibc_t2,P6,12,1,1,4614.00,0.0000,0.0000,5000.0,0.0,1.000,65536.0,0.000,0,0,65536,1,1,0,0,1,1
1,final_left_i32,i32,16384,glibc_t2,P7,12,2,1,3824.00,0.0000,0.0000,5000.0,0.0,1.000,65536.0,0.000,0,0,65536,1,0,1,0,1,1
1,final_left_i32,i32,16384,glibc_t2,FIXED_TWIN,12,3,1,3830.00,0.0000,0.0000,5000.0,0.0,1.000,65536.0,0.000,0,0,65536,1,0,1,0,1,1
1,final_left_i32,i32,16384,glibc_t2,P6,13,0,1,4615.00,0.0000,0.0000,5000.0,0.0,1.000,65536.0,0.000,0,0,65536,1,1,0,0,1,1
1,final_left_i32,i32,16384,glibc_t2,P7,13,1,1,3790.00,0.0000,0.0000,4000.0,0.0,1.000,65536.0,0.000,0,0,65536,1,0,1,0,1,1
1,final_left_i32,i32,16384,glibc_t2,FIXED_TWIN,13,2,1,3760.00,0.0000,0.0000,5000.0,0.0,1.000,65536.0,0.000,0,0,65536,1,0,1,0,1,1
1,final_left_i32,i32,16384,glibc_t2,P5,13,3,1,4679.00,0.0000,0.0000,5000.0,0.0,2.000,131072.0,0.000,0,0,131072,2,0,0,0,1,1
1,final_left_i32,i32,16384,glibc_t2,P7,14,0,1,3732.00,0.0000,0.0000,4000.0,0.0,1.000,65536.0,0.000,0,0,65536,1,0,1,0,1,1
1,final_left_i32,i32,16384,glibc_t2,FIXED_TWIN,14,1,1,3755.00,0.0000,0.0000,5000.0,0.0,1.000,65536.0,0.000,0,0,65536,1,0,1,0,1,1
1,final_left_i32,i32,16384,glibc_t2,P5,14,2,1,4657.00,0.0000,0.0000,6000.0,0.0,2.000,131072.0,0.000,0,0,131072,2,0,0,0,1,1
1,final_left_i32,i32,16384,glibc_t2,P6,14,3,1,4666.00,0.0000,0.0000,5000.0,0.0,1.000,65536.0,0.000,0,0,65536,1,1,0,0,1,1
1,final_left_i32,i32,65536,glibc_t2,P5,0,0,1,152486.00,130.0000,0.0000,155000.0,0.0,2.000,524288.0,0.000,0,0,524288,2,0,0,0,1,1
1,final_left_i32,i32,65536,glibc_t2,P6,0,1,1,85196.00,65.0000,0.0000,86000.0,0.0,1.000,262144.0,0.000,0,0,262144,1,1,0,0,1,1
1,final_left_i32,i32,65536,glibc_t2,P7,0,2,1,94990.00,65.0000,0.0000,96000.0,0.0,1.000,262144.0,0.000,0,0,262144,1,0,1,0,1,1
1,final_left_i32,i32,65536,glibc_t2,FIXED_TWIN,0,3,1,102994.00,65.0000,0.0000,104000.0,0.0,1.000,262144.0,0.000,0,0,262144,1,0,1,0,1,1
1,final_left_i32,i32,65536,glibc_t2,P6,1,0,1,107373.00,65.0000,0.0000,109000.0,0.0,1.000,262144.0,0.000,0,0,262144,1,1,0,0,1,1
1,final_left_i32,i32,65536,glibc_t2,P7,1,1,1,82454.00,65.0000,0.0000,83000.0,0.0,1.000,262144.0,0.000,0,0,262144,1,0,1,0,1,1
1,final_left_i32,i32,65536,glibc_t2,FIXED_TWIN,1,2,1,78473.00,65.0000,0.0000,79000.0,0.0,1.000,262144.0,0.000,0,0,262144,1,0,1,0,1,1
1,final_left_i32,i32,65536,glibc_t2,P5,1,3,1,185884.00,130.0000,0.0000,187000.0,0.0,2.000,524288.0,0.000,0,0,524288,2,0,0,0,1,1
1,final_left_i32,i32,65536,glibc_t2,P7,2,0,1,77791.00,65.0000,0.0000,78000.0,0.0,1.000,262144.0,0.000,0,0,262144,1,0,1,0,1,1
1,final_left_i32,i32,65536,glibc_t2,FIXED_TWIN,2,1,1,84340.00,65.0000,0.0000,86000.0,0.0,1.000,262144.0,0.000,0,0,262144,1,0,1,0,1,1
1,final_left_i32,i32,65536,glibc_t2,P5,2,2,1,176181.00,130.0000,0.0000,178000.0,0.0,2.000,524288.0,0.000,0,0,524288,2,0,0,0,1,1
1,final_left_i32,i32,65536,glibc_t2,P6,2,3,1,92346.00,65.0000,0.0000,94000.0,0.0,1.000,262144.0,0.000,0,0,262144,1,1,0,0,1,1
1,final_left_i32,i32,65536,glibc_t2,FIXED_TWIN,3,0,1,76031.00,65.0000,0.0000,77000.0,0.0,1.000,262144.0,0.000,0,0,262144,1,0,1,0,1,1
1,final_left_i32,i32,65536,glibc_t2,P5,3,1,1,173527.00,130.0000,0.0000,175000.0,0.0,2.000,524288.0,0.000,0,0,524288,2,0,0,0,1,1
1,final_left_i32,i32,65536,glibc_t2,P6,3,2,1,106174.00,65.0000,0.0000,108000.0,0.0,1.000,262144.0,0.000,0,0,262144,1,1,0,0,1,1
1,final_left_i32,i32,65536,glibc_t2,P7,3,3,1,76945.00,65.0000,0.0000,78000.0,0.0,1.000,262144.0,0.000,0,0,262144,1,0,1,0,1,1
1,final_left_i32,i32,65536,glibc_t2,P5,4,0,1,161243.00,130.0000,0.0000,163000.0,0.0,2.000,524288.0,0.000,0,0,524288,2,0,0,0,1,1
1,final_left_i32,i32,65536,glibc_t2,P6,4,1,1,80691.00,65.0000,0.0000,81000.0,0.0,1.000,262144.0,0.000,0,0,262144,1,1,0,0,1,1
1,final_left_i32,i32,65536,glibc_t2,P7,4,2,1,78432.00,65.0000,0.0000,79000.0,0.0,1.000,262144.0,0.000,0,0,262144,1,0,1,0,1,1
1,final_left_i32,i32,65536,glibc_t2,FIXED_TWIN,4,3,1,77741.00,65.0000,0.0000,79000.0,0.0,1.000,262144.0,0.000,0,0,262144,1,0,1,0,1,1
1,final_left_i32,i32,65536,glibc_t2,P6,5,0,1,80236.00,65.0000,0.0000,81000.0,0.0,1.000,262144.0,0.000,0,0,262144,1,1,0,0,1,1
1,final_left_i32,i32,65536,glibc_t2,P7,5,1,1,81615.00,65.0000,0.0000,83000.0,0.0,1.000,262144.0,0.000,0,0,262144,1,0,1,0,1,1
1,final_left_i32,i32,65536,glibc_t2,FIXED_TWIN,5,2,1,76557.00,65.0000,0.0000,78000.0,0.0,1.000,262144.0,0.000,0,0,262144,1,0,1,0,1,1
1,final_left_i32,i32,65536,glibc_t2,P5,5,3,1,185752.00,130.0000,0.0000,0.0,187000.0,2.000,524288.0,0.000,0,0,524288,2,0,0,0,1,1
1,final_left_i32,i32,65536,glibc_t2,P7,6,0,1,76413.00,65.0000,0.0000,0.0,77000.0,1.000,262144.0,0.000,0,0,262144,1,0,1,0,1,1
1,final_left_i32,i32,65536,glibc_t2,FIXED_TWIN,6,1,1,76515.00,65.0000,0.0000,0.0,77000.0,1.000,262144.0,0.000,0,0,262144,1,0,1,0,1,1
1,final_left_i32,i32,65536,glibc_t2,P5,6,2,1,175510.00,130.0000,0.0000,0.0,177000.0,2.000,524288.0,0.000,0,0,524288,2,0,0,0,1,1
1,final_left_i32,i32,65536,glibc_t2,P6,6,3,1,92828.00,65.0000,0.0000,0.0,94000.0,1.000,262144.0,0.000,0,0,262144,1,1,0,0,1,1
1,final_left_i32,i32,65536,glibc_t2,FIXED_TWIN,7,0,1,77230.00,65.0000,0.0000,0.0,78000.0,1.000,262144.0,0.000,0,0,262144,1,0,1,0,1,1
1,final_left_i32,i32,65536,glibc_t2,P5,7,1,1,170295.00,130.0000,0.0000,0.0,171000.0,2.000,524288.0,0.000,0,0,524288,2,0,0,0,1,1
1,final_left_i32,i32,65536,glibc_t2,P6,7,2,1,82345.00,65.0000,0.0000,0.0,83000.0,1.000,262144.0,0.000,0,0,262144,1,1,0,0,1,1
1,final_left_i32,i32,65536,glibc_t2,P7,7,3,1,78231.00,65.0000,0.0000,0.0,79000.0,1.000,262144.0,0.000,0,0,262144,1,0,1,0,1,1
1,final_left_i32,i32,65536,glibc_t2,P5,8,0,1,154437.00,130.0000,0.0000,0.0,155000.0,2.000,524288.0,0.000,0,0,524288,2,0,0,0,1,1
1,final_left_i32,i32,65536,glibc_t2,P6,8,1,1,91560.00,65.0000,0.0000,0.0,93000.0,1.000,262144.0,0.000,0,0,262144,1,1,0,0,1,1
1,final_left_i32,i32,65536,glibc_t2,P7,8,2,1,78222.00,65.0000,0.0000,0.0,79000.0,1.000,262144.0,0.000,0,0,262144,1,0,1,0,1,1
1,final_left_i32,i32,65536,glibc_t2,FIXED_TWIN,8,3,1,79765.00,65.0000,0.0000,0.0,81000.0,1.000,262144.0,0.000,0,0,262144,1,0,1,0,1,1
1,final_left_i32,i32,65536,glibc_t2,P6,9,0,1,81737.00,65.0000,0.0000,0.0,82000.0,1.000,262144.0,0.000,0,0,262144,1,1,0,0,1,1
1,final_left_i32,i32,65536,glibc_t2,P7,9,1,1,77570.00,65.0000,0.0000,34000.0,45000.0,1.000,262144.0,0.000,0,0,262144,1,0,1,0,1,1
1,final_left_i32,i32,65536,glibc_t2,FIXED_TWIN,9,2,1,77830.00,65.0000,0.0000,34000.0,45000.0,1.000,262144.0,0.000,0,0,262144,1,0,1,0,1,1
1,final_left_i32,i32,65536,glibc_t2,P5,9,3,1,173902.00,130.0000,0.0000,75000.0,100000.0,2.000,524288.0,0.000,0,0,524288,2,0,0,0,1,1
1,final_left_i32,i32,65536,glibc_t2,P7,10,0,1,77643.00,65.0000,0.0000,79000.0,0.0,1.000,262144.0,0.000,0,0,262144,1,0,1,0,1,1
1,final_left_i32,i32,65536,glibc_t2,FIXED_TWIN,10,1,1,85288.00,65.0000,0.0000,87000.0,0.0,1.000,262144.0,0.000,0,0,262144,1,0,1,0,1,1
1,final_left_i32,i32,65536,glibc_t2,P5,10,2,1,173171.00,130.0000,0.0000,175000.0,0.0,2.000,524288.0,0.000,0,0,524288,2,0,0,0,1,1
1,final_left_i32,i32,65536,glibc_t2,P6,10,3,1,84782.00,65.0000,0.0000,86000.0,0.0,1.000,262144.0,0.000,0,0,262144,1,1,0,0,1,1
1,final_left_i32,i32,65536,glibc_t2,FIXED_TWIN,11,0,1,93552.00,65.0000,0.0000,95000.0,0.0,1.000,262144.0,0.000,0,0,262144,1,0,1,0,1,1
1,final_left_i32,i32,65536,glibc_t2,P5,11,1,1,163453.00,130.0000,0.0000,165000.0,0.0,2.000,524288.0,0.000,0,0,524288,2,0,0,0,1,1
1,final_left_i32,i32,65536,glibc_t2,P6,11,2,1,123393.00,65.0000,0.0000,125000.0,0.0,1.000,262144.0,0.000,0,0,262144,1,1,0,0,1,1
1,final_left_i32,i32,65536,glibc_t2,P7,11,3,1,77353.00,65.0000,0.0000,79000.0,0.0,1.000,262144.0,0.000,0,0,262144,1,0,1,0,1,1
1,final_left_i32,i32,65536,glibc_t2,P5,12,0,1,155940.00,130.0000,0.0000,157000.0,0.0,2.000,524288.0,0.000,0,0,524288,2,0,0,0,1,1
1,final_left_i32,i32,65536,glibc_t2,P6,12,1,1,80210.00,65.0000,0.0000,81000.0,0.0,1.000,262144.0,0.000,0,0,262144,1,1,0,0,1,1
1,final_left_i32,i32,65536,glibc_t2,P7,12,2,1,78810.00,65.0000,0.0000,80000.0,0.0,1.000,262144.0,0.000,0,0,262144,1,0,1,0,1,1
1,final_left_i32,i32,65536,glibc_t2,FIXED_TWIN,12,3,1,75461.00,65.0000,0.0000,76000.0,0.0,1.000,262144.0,0.000,0,0,262144,1,0,1,0,1,1
1,final_left_i32,i32,65536,glibc_t2,P6,13,0,1,79532.00,65.0000,0.0000,80000.0,0.0,1.000,262144.0,0.000,0,0,262144,1,1,0,0,1,1
1,final_left_i32,i32,65536,glibc_t2,P7,13,1,1,75299.00,65.0000,0.0000,76000.0,0.0,1.000,262144.0,0.000,0,0,262144,1,0,1,0,1,1
1,final_left_i32,i32,65536,glibc_t2,FIXED_TWIN,13,2,1,80777.00,65.0000,0.0000,82000.0,0.0,1.000,262144.0,0.000,0,0,262144,1,0,1,0,1,1
1,final_left_i32,i32,65536,glibc_t2,P5,13,3,1,177572.00,130.0000,0.0000,178000.0,0.0,2.000,524288.0,0.000,0,0,524288,2,0,0,0,1,1
1,final_left_i32,i32,65536,glibc_t2,P7,14,0,1,77692.00,65.0000,0.0000,0.0,79000.0,1.000,262144.0,0.000,0,0,262144,1,0,1,0,1,1
1,final_left_i32,i32,65536,glibc_t2,FIXED_TWIN,14,1,1,77378.00,65.0000,0.0000,0.0,78000.0,1.000,262144.0,0.000,0,0,262144,1,0,1,0,1,1
1,final_left_i32,i32,65536,glibc_t2,P5,14,2,1,158941.00,130.0000,0.0000,0.0,160000.0,2.000,524288.0,0.000,0,0,524288,2,0,0,0,1,1
1,final_left_i32,i32,65536,glibc_t2,P6,14,3,1,131108.00,65.0000,0.0000,0.0,132000.0,1.000,262144.0,0.000,0,0,262144,1,1,0,0,1,1
1,final_left_i32,i32,262144,glibc_t2,P5,0,0,1,723792.00,514.0000,0.0000,311000.0,415000.0,2.000,2097152.0,0.000,0,0,2097152,2,0,0,0,1,1
1,final_left_i32,i32,262144,glibc_t2,P6,0,1,1,405819.00,257.0000,0.0000,0.0,408000.0,1.000,1048576.0,0.000,0,0,1048576,1,1,0,0,1,1
1,final_left_i32,i32,262144,glibc_t2,P7,0,2,1,379259.00,257.0000,0.0000,0.0,382000.0,1.000,1048576.0,0.000,0,0,1048576,1,0,1,0,1,1
1,final_left_i32,i32,262144,glibc_t2,FIXED_TWIN,0,3,1,378313.00,257.0000,0.0000,0.0,381000.0,1.000,1048576.0,0.000,0,0,1048576,1,0,1,0,1,1
1,final_left_i32,i32,262144,glibc_t2,P6,1,0,1,401889.00,257.0000,0.0000,0.0,405000.0,1.000,1048576.0,0.000,0,0,1048576,1,1,0,0,1,1
1,final_left_i32,i32,262144,glibc_t2,P7,1,1,1,409386.00,257.0000,0.0000,0.0,412000.0,1.000,1048576.0,0.000,0,0,1048576,1,0,1,0,1,1
1,final_left_i32,i32,262144,glibc_t2,FIXED_TWIN,1,2,1,393721.00,257.0000,0.0000,0.0,396000.0,1.000,1048576.0,0.000,0,0,1048576,1,0,1,0,1,1
1,final_left_i32,i32,262144,glibc_t2,P5,1,3,1,713082.00,514.0000,0.0000,0.0,715000.0,2.000,2097152.0,0.000,0,0,2097152,2,0,0,0,1,1
1,final_left_i32,i32,262144,glibc_t2,P7,2,0,1,376731.00,257.0000,0.0000,0.0,379000.0,1.000,1048576.0,0.000,0,0,1048576,1,0,1,0,1,1
1,final_left_i32,i32,262144,glibc_t2,FIXED_TWIN,2,1,1,369868.00,257.0000,0.0000,373000.0,0.0,1.000,1048576.0,0.000,0,0,1048576,1,0,1,0,1,1
1,final_left_i32,i32,262144,glibc_t2,P5,2,2,1,719689.00,514.0000,0.0000,722000.0,0.0,2.000,2097152.0,0.000,0,0,2097152,2,0,0,0,1,1
1,final_left_i32,i32,262144,glibc_t2,P6,2,3,1,419144.00,257.0000,0.0000,422000.0,0.0,1.000,1048576.0,0.000,0,0,1048576,1,1,0,0,1,1
1,final_left_i32,i32,262144,glibc_t2,FIXED_TWIN,3,0,1,413933.00,257.0000,0.0000,0.0,416000.0,1.000,1048576.0,0.000,0,0,1048576,1,0,1,0,1,1
1,final_left_i32,i32,262144,glibc_t2,P5,3,1,1,723752.00,514.0000,0.0000,0.0,726000.0,2.000,2097152.0,0.000,0,0,2097152,2,0,0,0,1,1
1,final_left_i32,i32,262144,glibc_t2,P6,3,2,1,397979.00,257.0000,0.0000,0.0,401000.0,1.000,1048576.0,0.000,0,0,1048576,1,1,0,0,1,1
1,final_left_i32,i32,262144,glibc_t2,P7,3,3,1,369595.00,257.0000,0.0000,0.0,372000.0,1.000,1048576.0,0.000,0,0,1048576,1,0,1,0,1,1
1,final_left_i32,i32,262144,glibc_t2,P5,4,0,1,735329.00,514.0000,0.0000,0.0,738000.0,2.000,2097152.0,0.000,0,0,2097152,2,0,0,0,1,1
1,final_left_i32,i32,262144,glibc_t2,P6,4,1,1,423913.00,257.0000,0.0000,0.0,426000.0,1.000,1048576.0,0.000,0,0,1048576,1,1,0,0,1,1
1,final_left_i32,i32,262144,glibc_t2,P7,4,2,1,389504.00,257.0000,0.0000,0.0,391000.0,1.000,1048576.0,0.000,0,0,1048576,1,0,1,0,1,1
1,final_left_i32,i32,262144,glibc_t2,FIXED_TWIN,4,3,1,380814.00,257.0000,0.0000,126000.0,257000.0,1.000,1048576.0,0.000,0,0,1048576,1,0,1,0,1,1
1,final_left_i32,i32,262144,glibc_t2,P6,5,0,1,421626.00,257.0000,0.0000,0.0,424000.0,1.000,1048576.0,0.000,0,0,1048576,1,1,0,0,1,1
1,final_left_i32,i32,262144,glibc_t2,P7,5,1,1,370639.00,257.0000,0.0000,0.0,373000.0,1.000,1048576.0,0.000,0,0,1048576,1,0,1,0,1,1
1,final_left_i32,i32,262144,glibc_t2,FIXED_TWIN,5,2,1,375793.00,257.0000,0.0000,0.0,377000.0,1.000,1048576.0,0.000,0,0,1048576,1,0,1,0,1,1
1,final_left_i32,i32,262144,glibc_t2,P5,5,3,1,781990.00,514.0000,0.0000,785000.0,0.0,2.000,2097152.0,0.000,0,0,2097152,2,0,0,0,1,1
1,final_left_i32,i32,262144,glibc_t2,P7,6,0,1,378009.00,257.0000,0.0000,381000.0,0.0,1.000,1048576.0,0.000,0,0,1048576,1,0,1,0,1,1
1,final_left_i32,i32,262144,glibc_t2,FIXED_TWIN,6,1,1,402725.00,257.0000,0.0000,405000.0,0.0,1.000,1048576.0,0.000,0,0,1048576,1,0,1,0,1,1
1,final_left_i32,i32,262144,glibc_t2,P5,6,2,1,696842.00,514.0000,0.0000,417000.0,282000.0,2.000,2097152.0,0.000,0,0,2097152,2,0,0,0,1,1
1,final_left_i32,i32,262144,glibc_t2,P6,6,3,1,410278.00,257.0000,0.0000,0.0,412000.0,1.000,1048576.0,0.000,0,0,1048576,1,1,0,0,1,1
1,final_left_i32,i32,262144,glibc_t2,FIXED_TWIN,7,0,1,375790.00,257.0000,0.0000,0.0,378000.0,1.000,1048576.0,0.000,0,0,1048576,1,0,1,0,1,1
1,final_left_i32,i32,262144,glibc_t2,P5,7,1,1,749714.00,514.0000,0.0000,0.0,752000.0,2.000,2097152.0,0.000,0,0,2097152,2,0,0,0,1,1
1,final_left_i32,i32,262144,glibc_t2,P6,7,2,1,434703.00,257.0000,0.0000,0.0,437000.0,1.000,1048576.0,0.000,0,0,1048576,1,1,0,0,1,1
1,final_left_i32,i32,262144,glibc_t2,P7,7,3,1,370748.00,257.0000,0.0000,0.0,373000.0,1.000,1048576.0,0.000,0,0,1048576,1,0,1,0,1,1
1,final_left_i32,i32,262144,glibc_t2,P5,8,0,1,747314.00,514.0000,0.0000,0.0,749000.0,2.000,2097152.0,0.000,0,0,2097152,2,0,0,0,1,1
1,final_left_i32,i32,262144,glibc_t2,P6,8,1,1,433366.00,257.0000,0.0000,0.0,436000.0,1.000,1048576.0,0.000,0,0,1048576,1,1,0,0,1,1
1,final_left_i32,i32,262144,glibc_t2,P7,8,2,1,373535.00,257.0000,0.0000,376000.0,0.0,1.000,1048576.0,0.000,0,0,1048576,1,0,1,0,1,1
1,final_left_i32,i32,262144,glibc_t2,FIXED_TWIN,8,3,1,364287.00,257.0000,0.0000,367000.0,0.0,1.000,1048576.0,0.000,0,0,1048576,1,0,1,0,1,1
1,final_left_i32,i32,262144,glibc_t2,P6,9,0,1,398494.00,257.0000,0.0000,401000.0,0.0,1.000,1048576.0,0.000,0,0,1048576,1,1,0,0,1,1
1,final_left_i32,i32,262144,glibc_t2,P7,9,1,1,379691.00,257.0000,0.0000,382000.0,0.0,1.000,1048576.0,0.000,0,0,1048576,1,0,1,0,1,1
1,final_left_i32,i32,262144,glibc_t2,FIXED_TWIN,9,2,1,360120.00,257.0000,0.0000,0.0,361000.0,1.000,1048576.0,0.000,0,0,1048576,1,0,1,0,1,1
1,final_left_i32,i32,262144,glibc_t2,P5,9,3,1,727363.00,514.0000,0.0000,0.0,730000.0,2.000,2097152.0,0.000,0,0,2097152,2,0,0,0,1,1
1,final_left_i32,i32,262144,glibc_t2,P7,10,0,1,390443.00,257.0000,0.0000,0.0,393000.0,1.000,1048576.0,0.000,0,0,1048576,1,0,1,0,1,1
1,final_left_i32,i32,262144,glibc_t2,FIXED_TWIN,10,1,1,388742.00,257.0000,0.0000,167000.0,223000.0,1.000,1048576.0,0.000,0,0,1048576,1,0,1,0,1,1
1,final_left_i32,i32,262144,glibc_t2,P5,10,2,1,732605.00,514.0000,0.0000,0.0,735000.0,2.000,2097152.0,0.000,0,0,2097152,2,0,0,0,1,1
1,final_left_i32,i32,262144,glibc_t2,P6,10,3,1,412573.00,257.0000,0.0000,0.0,415000.0,1.000,1048576.0,0.000,0,0,1048576,1,1,0,0,1,1
1,final_left_i32,i32,262144,glibc_t2,FIXED_TWIN,11,0,1,361162.00,257.0000,0.0000,0.0,364000.0,1.000,1048576.0,0.000,0,0,1048576,1,0,1,0,1,1
1,final_left_i32,i32,262144,glibc_t2,P5,11,1,1,723017.00,514.0000,0.0000,0.0,725000.0,2.000,2097152.0,0.000,0,0,2097152,2,0,0,0,1,1
1,final_left_i32,i32,262144,glibc_t2,P6,11,2,1,438562.00,257.0000,0.0000,0.0,441000.0,1.000,1048576.0,0.000,0,0,1048576,1,1,0,0,1,1
1,final_left_i32,i32,262144,glibc_t2,P7,11,3,1,366524.00,257.0000,0.0000,0.0,368000.0,1.000,1048576.0,0.000,0,0,1048576,1,0,1,0,1,1
1,final_left_i32,i32,262144,glibc_t2,P5,12,0,1,760706.00,514.0000,0.0000,0.0,762000.0,2.000,2097152.0,0.000,0,0,2097152,2,0,0,0,1,1
1,final_left_i32,i32,262144,glibc_t2,P6,12,1,1,400219.00,257.0000,0.0000,0.0,403000.0,1.000,1048576.0,0.000,0,0,1048576,1,1,0,0,1,1
1,final_left_i32,i32,262144,glibc_t2,P7,12,2,1,416260.00,257.0000,0.0000,0.0,418000.0,1.000,1048576.0,0.000,0,0,1048576,1,0,1,0,1,1
1,final_left_i32,i32,262144,glibc_t2,FIXED_TWIN,12,3,1,386234.00,257.0000,0.0000,0.0,389000.0,1.000,1048576.0,0.000,0,0,1048576,1,0,1,0,1,1
1,final_left_i32,i32,262144,glibc_t2,P6,13,0,1,447909.00,257.0000,0.0000,0.0,450000.0,1.000,1048576.0,0.000,0,0,1048576,1,1,0,0,1,1
1,final_left_i32,i32,262144,glibc_t2,P7,13,1,1,381439.00,257.0000,0.0000,0.0,383000.0,1.000,1048576.0,0.000,0,0,1048576,1,0,1,0,1,1
1,final_left_i32,i32,262144,glibc_t2,FIXED_TWIN,13,2,1,405113.00,257.0000,0.0000,0.0,407000.0,1.000,1048576.0,0.000,0,0,1048576,1,0,1,0,1,1
1,final_left_i32,i32,262144,glibc_t2,P5,13,3,1,700464.00,514.0000,0.0000,0.0,702000.0,2.000,2097152.0,0.000,0,0,2097152,2,0,0,0,1,1
1,final_left_i32,i32,262144,glibc_t2,P7,14,0,1,370768.00,257.0000,0.0000,0.0,373000.0,1.000,1048576.0,0.000,0,0,1048576,1,0,1,0,1,1
1,final_left_i32,i32,262144,glibc_t2,FIXED_TWIN,14,1,1,387157.00,257.0000,0.0000,0.0,389000.0,1.000,1048576.0,0.000,0,0,1048576,1,0,1,0,1,1
1,final_left_i32,i32,262144,glibc_t2,P5,14,2,1,708395.00,514.0000,0.0000,0.0,710000.0,2.000,2097152.0,0.000,0,0,2097152,2,0,0,0,1,1
1,final_left_i32,i32,262144,glibc_t2,P6,14,3,1,447781.00,257.0000,0.0000,452000.0,0.0,1.000,1048576.0,0.000,0,0,1048576,1,1,0,0,1,1
1,final_left_i32,i32,1048576,glibc_t2,P5,0,0,1,2901095.00,2050.0000,0.0000,1244000.0,1661000.0,2.000,8388608.0,0.000,0,0,8388608,2,0,0,0,1,1
1,final_left_i32,i32,1048576,glibc_t2,P6,0,1,1,1710889.00,1025.0000,0.0000,48000.0,1666000.0,1.000,4194304.0,0.000,0,0,4194304,1,1,0,0,1,1
1,final_left_i32,i32,1048576,glibc_t2,P7,0,2,1,1542275.00,1025.0000,0.0000,1545000.0,0.0,1.000,4194304.0,0.000,0,0,4194304,1,0,1,0,1,1
1,final_left_i32,i32,1048576,glibc_t2,FIXED_TWIN,0,3,1,1625524.00,1025.0000,0.0000,37000.0,1591000.0,1.000,4194304.0,0.000,0,0,4194304,1,0,1,0,1,1
1,final_left_i32,i32,1048576,glibc_t2,P6,1,0,1,1710057.00,1025.0000,0.0000,1679000.0,34000.0,1.000,4194304.0,0.000,0,0,4194304,1,1,0,0,1,1
1,final_left_i32,i32,1048576,glibc_t2,P7,1,1,1,1519128.00,1025.0000,0.0000,0.0,1521000.0,1.000,4194304.0,0.000,0,0,4194304,1,0,1,0,1,1
1,final_left_i32,i32,1048576,glibc_t2,FIXED_TWIN,1,2,1,1550564.00,1025.0000,0.0000,0.0,1553000.0,1.000,4194304.0,0.000,0,0,4194304,1,0,1,0,1,1
1,final_left_i32,i32,1048576,glibc_t2,P5,1,3,1,3317822.00,2050.0000,0.0000,3321000.0,0.0,2.000,8388608.0,0.000,0,0,8388608,2,0,0,0,1,1
1,final_left_i32,i32,1048576,glibc_t2,P7,2,0,1,1654294.00,1025.0000,0.0000,0.0,1658000.0,1.000,4194304.0,0.000,0,0,4194304,1,0,1,0,1,1
1,final_left_i32,i32,1048576,glibc_t2,FIXED_TWIN,2,1,1,1597464.00,1025.0000,0.0000,0.0,1600000.0,1.000,4194304.0,0.000,0,0,4194304,1,0,1,0,1,1
1,final_left_i32,i32,1048576,glibc_t2,P5,2,2,1,3182051.00,2050.0000,0.0000,137000.0,3048000.0,2.000,8388608.0,0.000,0,0,8388608,2,0,0,0,1,1
1,final_left_i32,i32,1048576,glibc_t2,P6,2,3,1,1944899.00,1025.0000,0.0000,1936000.0,0.0,1.000,4194304.0,0.000,0,0,4194304,1,1,0,0,1,1
1,final_left_i32,i32,1048576,glibc_t2,FIXED_TWIN,3,0,1,1556848.00,1025.0000,0.0000,1555000.0,5000.0,1.000,4194304.0,0.000,0,0,4194304,1,0,1,0,1,1
1,final_left_i32,i32,1048576,glibc_t2,P5,3,1,1,3078024.00,2050.0000,0.0000,0.0,3080000.0,2.000,8388608.0,0.000,0,0,8388608,2,0,0,0,1,1
1,final_left_i32,i32,1048576,glibc_t2,P6,3,2,1,1724521.00,1025.0000,0.0000,0.0,1727000.0,1.000,4194304.0,0.000,0,0,4194304,1,1,0,0,1,1
1,final_left_i32,i32,1048576,glibc_t2,P7,3,3,1,1548691.00,1025.0000,0.0000,1503000.0,48000.0,1.000,4194304.0,0.000,0,0,4194304,1,0,1,0,1,1
1,final_left_i32,i32,1048576,glibc_t2,P5,4,0,1,2990264.00,2050.0000,0.0000,2993000.0,0.0,2.000,8388608.0,0.000,0,0,8388608,2,0,0,0,1,1
1,final_left_i32,i32,1048576,glibc_t2,P6,4,1,1,1753439.00,1025.0000,0.0000,0.0,1758000.0,1.000,4194304.0,0.000,0,0,4194304,1,1,0,0,1,1
1,final_left_i32,i32,1048576,glibc_t2,P7,4,2,1,1611883.00,1025.0000,0.0000,1616000.0,0.0,1.000,4194304.0,0.000,0,0,4194304,1,0,1,0,1,1
1,final_left_i32,i32,1048576,glibc_t2,FIXED_TWIN,4,3,1,1514554.00,1025.0000,0.0000,1517000.0,0.0,1.000,4194304.0,0.000,0,0,4194304,1,0,1,0,1,1
1,final_left_i32,i32,1048576,glibc_t2,P6,5,0,1,1743202.00,1025.0000,0.0000,0.0,1746000.0,1.000,4194304.0,0.000,0,0,4194304,1,1,0,0,1,1
1,final_left_i32,i32,1048576,glibc_t2,P7,5,1,1,1573053.00,1025.0000,0.0000,0.0,1576000.0,1.000,4194304.0,0.000,0,0,4194304,1,0,1,0,1,1
1,final_left_i32,i32,1048576,glibc_t2,FIXED_TWIN,5,2,1,1495312.00,1025.0000,0.0000,489000.0,1010000.0,1.000,4194304.0,0.000,0,0,4194304,1,0,1,0,1,1
1,final_left_i32,i32,1048576,glibc_t2,P5,5,3,1,3316748.00,2050.0000,0.0000,0.0,3319000.0,2.000,8388608.0,0.000,0,0,8388608,2,0,0,0,1,1
1,final_left_i32,i32,1048576,glibc_t2,P7,6,0,1,1516097.00,1025.0000,0.0000,1518000.0,0.0,1.000,4194304.0,0.000,0,0,4194304,1,0,1,0,1,1
1,final_left_i32,i32,1048576,glibc_t2,FIXED_TWIN,6,1,1,1512641.00,1025.0000,0.0000,0.0,1515000.0,1.000,4194304.0,0.000,0,0,4194304,1,0,1,0,1,1
1,final_left_i32,i32,1048576,glibc_t2,P5,6,2,1,3151187.00,2050.0000,0.0000,0.0,3155000.0,2.000,8388608.0,0.000,0,0,8388608,2,0,0,0,1,1
1,final_left_i32,i32,1048576,glibc_t2,P6,6,3,1,1713825.00,1025.0000,0.0000,0.0,1718000.0,1.000,4194304.0,0.000,0,0,4194304,1,1,0,0,1,1
1,final_left_i32,i32,1048576,glibc_t2,FIXED_TWIN,7,0,1,1514358.00,1025.0000,0.0000,0.0,1517000.0,1.000,4194304.0,0.000,0,0,4194304,1,0,1,0,1,1
1,final_left_i32,i32,1048576,glibc_t2,P5,7,1,1,2882098.00,2050.0000,0.0000,0.0,2884000.0,2.000,8388608.0,0.000,0,0,8388608,2,0,0,0,1,1
1,final_left_i32,i32,1048576,glibc_t2,P6,7,2,1,1676709.00,1025.0000,0.0000,0.0,1679000.0,1.000,4194304.0,0.000,0,0,4194304,1,1,0,0,1,1
1,final_left_i32,i32,1048576,glibc_t2,P7,7,3,1,1542410.00,1025.0000,0.0000,0.0,1545000.0,1.000,4194304.0,0.000,0,0,4194304,1,0,1,0,1,1
1,final_left_i32,i32,1048576,glibc_t2,P5,8,0,1,2949434.00,2050.0000,0.0000,2952000.0,0.0,2.000,8388608.0,0.000,0,0,8388608,2,0,0,0,1,1
1,final_left_i32,i32,1048576,glibc_t2,P6,8,1,1,1701882.00,1025.0000,0.0000,0.0,1705000.0,1.000,4194304.0,0.000,0,0,4194304,1,1,0,0,1,1
1,final_left_i32,i32,1048576,glibc_t2,P7,8,2,1,1537906.00,1025.0000,0.0000,1540000.0,0.0,1.000,4194304.0,0.000,0,0,4194304,1,0,1,0,1,1
1,final_left_i32,i32,1048576,glibc_t2,FIXED_TWIN,8,3,1,1549805.00,1025.0000,0.0000,0.0,1552000.0,1.000,4194304.0,0.000,0,0,4194304,1,0,1,0,1,1
1,final_left_i32,i32,1048576,glibc_t2,P6,9,0,1,1916220.00,1025.0000,0.0000,1924000.0,0.0,1.000,4194304.0,0.000,0,0,4194304,1,1,0,0,1,1
1,final_left_i32,i32,1048576,glibc_t2,P7,9,1,1,1529872.00,1025.0000,0.0000,657000.0,876000.0,1.000,4194304.0,0.000,0,0,4194304,1,0,1,0,1,1
1,final_left_i32,i32,1048576,glibc_t2,FIXED_TWIN,9,2,1,1489688.00,1025.0000,0.0000,1492000.0,0.0,1.000,4194304.0,0.000,0,0,4194304,1,0,1,0,1,1
1,final_left_i32,i32,1048576,glibc_t2,P5,9,3,1,3256930.00,2050.0000,0.0000,3260000.0,0.0,2.000,8388608.0,0.000,0,0,8388608,2,0,0,0,1,1
1,final_left_i32,i32,1048576,glibc_t2,P7,10,0,1,1570269.00,1025.0000,0.0000,247000.0,1326000.0,1.000,4194304.0,0.000,0,0,4194304,1,0,1,0,1,1
1,final_left_i32,i32,1048576,glibc_t2,FIXED_TWIN,10,1,1,1521162.00,1025.0000,0.0000,0.0,1523000.0,1.000,4194304.0,0.000,0,0,4194304,1,0,1,0,1,1
1,final_left_i32,i32,1048576,glibc_t2,P5,10,2,1,3271809.00,2050.0000,0.0000,0.0,3275000.0,2.000,8388608.0,0.000,0,0,8388608,2,0,0,0,1,1
1,final_left_i32,i32,1048576,glibc_t2,P6,10,3,1,1713404.00,1025.0000,0.0000,0.0,1716000.0,1.000,4194304.0,0.000,0,0,4194304,1,1,0,0,1,1
1,final_left_i32,i32,1048576,glibc_t2,FIXED_TWIN,11,0,1,1538538.00,1025.0000,0.0000,1541000.0,0.0,1.000,4194304.0,0.000,0,0,4194304,1,0,1,0,1,1
1,final_left_i32,i32,1048576,glibc_t2,P5,11,1,1,2995998.00,2050.0000,0.0000,2999000.0,0.0,2.000,8388608.0,0.000,0,0,8388608,2,0,0,0,1,1
1,final_left_i32,i32,1048576,glibc_t2,P6,11,2,1,1875259.00,1025.0000,0.0000,684000.0,1194000.0,1.000,4194304.0,0.000,0,0,4194304,1,1,0,0,1,1
1,final_left_i32,i32,1048576,glibc_t2,P7,11,3,1,1483184.00,1025.0000,0.0000,0.0,1486000.0,1.000,4194304.0,0.000,0,0,4194304,1,0,1,0,1,1
1,final_left_i32,i32,1048576,glibc_t2,P5,12,0,1,2986807.00,2050.0000,0.0000,0.0,2990000.0,2.000,8388608.0,0.000,0,0,8388608,2,0,0,0,1,1
1,final_left_i32,i32,1048576,glibc_t2,P6,12,1,1,1754474.00,1025.0000,0.0000,0.0,1757000.0,1.000,4194304.0,0.000,0,0,4194304,1,1,0,0,1,1
1,final_left_i32,i32,1048576,glibc_t2,P7,12,2,1,1894135.00,1025.0000,0.0000,0.0,1898000.0,1.000,4194304.0,0.000,0,0,4194304,1,0,1,0,1,1
1,final_left_i32,i32,1048576,glibc_t2,FIXED_TWIN,12,3,1,1625669.00,1025.0000,0.0000,1636000.0,0.0,1.000,4194304.0,0.000,0,0,4194304,1,0,1,0,1,1
1,final_left_i32,i32,1048576,glibc_t2,P6,13,0,1,1733813.00,1025.0000,0.0000,0.0,1737000.0,1.000,4194304.0,0.000,0,0,4194304,1,1,0,0,1,1
1,final_left_i32,i32,1048576,glibc_t2,P7,13,1,1,1523600.00,1025.0000,0.0000,0.0,1527000.0,1.000,4194304.0,0.000,0,0,4194304,1,0,1,0,1,1
1,final_left_i32,i32,1048576,glibc_t2,FIXED_TWIN,13,2,1,1510850.00,1025.0000,0.0000,0.0,1517000.0,1.000,4194304.0,0.000,0,0,4194304,1,0,1,0,1,1
1,final_left_i32,i32,1048576,glibc_t2,P5,13,3,1,3309413.00,2050.0000,0.0000,1418000.0,1894000.0,2.000,8388608.0,0.000,0,0,8388608,2,0,0,0,1,1
1,final_left_i32,i32,1048576,glibc_t2,P7,14,0,1,1595291.00,1025.0000,0.0000,1598000.0,0.0,1.000,4194304.0,0.000,0,0,4194304,1,0,1,0,1,1
1,final_left_i32,i32,1048576,glibc_t2,FIXED_TWIN,14,1,1,1557105.00,1025.0000,0.0000,50000.0,1511000.0,1.000,4194304.0,0.000,0,0,4194304,1,0,1,0,1,1
1,final_left_i32,i32,1048576,glibc_t2,P5,14,2,1,2937500.00,2050.0000,0.0000,0.0,2940000.0,2.000,8388608.0,0.000,0,0,8388608,2,0,0,0,1,1
1,final_left_i32,i32,1048576,glibc_t2,P6,14,3,1,2122227.00,1025.0000,0.0000,2127000.0,0.0,1.000,4194304.0,0.000,0,0,4194304,1,1,0,0,1,1
1,final_left_i32,i32,4194304,glibc_t2,P5,0,0,1,18854145.00,8194.0000,0.0000,3513000.0,15347000.0,2.000,33554432.0,0.000,0,0,33554432,2,0,0,0,1,1
1,final_left_i32,i32,4194304,glibc_t2,P6,0,1,1,9678638.00,4097.0000,0.0000,7009000.0,2677000.0,1.000,16777216.0,0.000,0,0,16777216,1,1,0,0,1,1
1,final_left_i32,i32,4194304,glibc_t2,P7,0,2,1,8591489.00,4097.0000,0.0000,256000.0,8341000.0,1.000,16777216.0,0.000,0,0,16777216,1,0,1,0,1,1
1,final_left_i32,i32,4194304,glibc_t2,FIXED_TWIN,0,3,1,8496416.00,4097.0000,0.0000,215000.0,8286000.0,1.000,16777216.0,0.000,0,0,16777216,1,0,1,0,1,1
1,final_left_i32,i32,4194304,glibc_t2,P6,1,0,1,9355976.00,4097.0000,0.0000,584000.0,8778000.0,1.000,16777216.0,0.000,0,0,16777216,1,1,0,0,1,1
1,final_left_i32,i32,4194304,glibc_t2,P7,1,1,1,7837415.00,4097.0000,0.0000,4641000.0,3201000.0,1.000,16777216.0,0.000,0,0,16777216,1,0,1,0,1,1
1,final_left_i32,i32,4194304,glibc_t2,FIXED_TWIN,1,2,1,7527837.00,4097.0000,0.0000,0.0,7531000.0,1.000,16777216.0,0.000,0,0,16777216,1,0,1,0,1,1
1,final_left_i32,i32,4194304,glibc_t2,P5,1,3,1,22687953.00,8194.0000,0.0000,0.0,22693000.0,2.000,33554432.0,0.000,0,0,33554432,2,0,0,0,1,1
1,final_left_i32,i32,4194304,glibc_t2,P7,2,0,1,10184536.00,4097.0000,0.0000,7225000.0,2965000.0,1.000,16777216.0,0.000,0,0,16777216,1,0,1,0,1,1
1,final_left_i32,i32,4194304,glibc_t2,FIXED_TWIN,2,1,1,9672252.00,4097.0000,0.0000,719000.0,8959000.0,1.000,16777216.0,0.000,0,0,16777216,1,0,1,0,1,1
1,final_left_i32,i32,4194304,glibc_t2,P5,2,2,1,19447501.00,8194.0000,0.0000,3767000.0,15687000.0,2.000,33554432.0,0.000,0,0,33554432,2,0,0,0,1,1
1,final_left_i32,i32,4194304,glibc_t2,P6,2,3,1,11462906.00,4097.0000,0.0000,3774000.0,7697000.0,1.000,16777216.0,0.000,0,0,16777216,1,1,0,0,1,1
1,final_left_i32,i32,4194304,glibc_t2,FIXED_TWIN,3,0,1,9006121.00,4097.0000,0.0000,433000.0,8578000.0,1.000,16777216.0,0.000,0,0,16777216,1,0,1,0,1,1
1,final_left_i32,i32,4194304,glibc_t2,P5,3,1,1,18269331.00,8194.0000,0.0000,3263000.0,15012000.0,2.000,33554432.0,0.000,0,0,33554432,2,0,0,0,1,1
1,final_left_i32,i32,4194304,glibc_t2,P6,3,2,1,10547362.00,4097.0000,0.0000,3381000.0,7172000.0,1.000,16777216.0,0.000,0,0,16777216,1,1,0,0,1,1
1,final_left_i32,i32,4194304,glibc_t2,P7,3,3,1,8636939.00,4097.0000,0.0000,276000.0,8366000.0,1.000,16777216.0,0.000,0,0,16777216,1,0,1,0,1,1
1,final_left_i32,i32,4194304,glibc_t2,P5,4,0,1,18183892.00,8194.0000,0.0000,11224000.0,6965000.0,2.000,33554432.0,0.000,0,0,33554432,2,0,0,0,1,1
1,final_left_i32,i32,4194304,glibc_t2,P6,4,1,1,10204923.00,4097.0000,0.0000,7234000.0,2977000.0,1.000,16777216.0,0.000,0,0,16777216,1,1,0,0,1,1
1,final_left_i32,i32,4194304,glibc_t2,P7,4,2,1,9193134.00,4097.0000,0.0000,0.0,9198000.0,1.000,16777216.0,0.000,0,0,16777216,1,0,1,0,1,1
1,final_left_i32,i32,4194304,glibc_t2,FIXED_TWIN,4,3,1,9636405.00,4097.0000,0.0000,0.0,9643000.0,1.000,16777216.0,0.000,0,0,16777216,1,0,1,0,1,1
1,final_left_i32,i32,4194304,glibc_t2,P6,5,0,1,10523663.00,4097.0000,0.0000,5083000.0,5448000.0,1.000,16777216.0,0.000,0,0,16777216,1,1,0,0,1,1
1,final_left_i32,i32,4194304,glibc_t2,P7,5,1,1,9367716.00,4097.0000,0.0000,6952000.0,2420000.0,1.000,16777216.0,0.000,0,0,16777216,1,0,1,0,1,1
1,final_left_i32,i32,4194304,glibc_t2,FIXED_TWIN,5,2,1,8794234.00,4097.0000,0.0000,343000.0,8457000.0,1.000,16777216.0,0.000,0,0,16777216,1,0,1,0,1,1
1,final_left_i32,i32,4194304,glibc_t2,P5,5,3,1,18620663.00,8194.0000,0.0000,7413000.0,11214000.0,2.000,33554432.0,0.000,0,0,33554432,2,0,0,0,1,1
1,final_left_i32,i32,4194304,glibc_t2,P7,6,0,1,9687152.00,4097.0000,0.0000,7012000.0,2681000.0,1.000,16777216.0,0.000,0,0,16777216,1,0,1,0,1,1
1,final_left_i32,i32,4194304,glibc_t2,FIXED_TWIN,6,1,1,9363857.00,4097.0000,0.0000,4587000.0,4784000.0,1.000,16777216.0,0.000,0,0,16777216,1,0,1,0,1,1
1,final_left_i32,i32,4194304,glibc_t2,P5,6,2,1,19918283.00,8194.0000,0.0000,3818000.0,15756000.0,2.000,33554432.0,0.000,0,0,33554432,2,0,0,0,1,1
1,final_left_i32,i32,4194304,glibc_t2,P6,6,3,1,10086082.00,4097.0000,0.0000,7183000.0,2909000.0,1.000,16777216.0,0.000,0,0,16777216,1,1,0,0,1,1
1,final_left_i32,i32,4194304,glibc_t2,FIXED_TWIN,7,0,1,8590680.00,4097.0000,0.0000,0.0,8595000.0,1.000,16777216.0,0.000,0,0,16777216,1,0,1,0,1,1
1,final_left_i32,i32,4194304,glibc_t2,P5,7,1,1,17458538.00,8194.0000,0.0000,8490000.0,8973000.0,2.000,33554432.0,0.000,0,0,33554432,2,0,0,0,1,1
1,final_left_i32,i32,4194304,glibc_t2,P6,7,2,1,9649959.00,4097.0000,0.0000,9655000.0,0.0,1.000,16777216.0,0.000,0,0,16777216,1,1,0,0,1,1
1,final_left_i32,i32,4194304,glibc_t2,P7,7,3,1,8663690.00,4097.0000,0.0000,4286000.0,4382000.0,1.000,16777216.0,0.000,0,0,16777216,1,0,1,0,1,1
1,final_left_i32,i32,4194304,glibc_t2,P5,8,0,1,19401000.00,8194.0000,0.0000,3741000.0,15652000.0,2.000,33554432.0,0.000,0,0,33554432,2,0,0,0,1,1
1,final_left_i32,i32,4194304,glibc_t2,P6,8,1,1,10601102.00,4097.0000,0.0000,1118000.0,9494000.0,1.000,16777216.0,0.000,0,0,16777216,1,1,0,0,1,1
1,final_left_i32,i32,4194304,glibc_t2,P7,8,2,1,8625864.00,4097.0000,0.0000,4270000.0,4361000.0,1.000,16777216.0,0.000,0,0,16777216,1,0,1,0,1,1
1,final_left_i32,i32,4194304,glibc_t2,FIXED_TWIN,8,3,1,8634671.00,4097.0000,0.0000,4274000.0,4367000.0,1.000,16777216.0,0.000,0,0,16777216,1,0,1,0,1,1
1,final_left_i32,i32,4194304,glibc_t2,P6,9,0,1,9497117.00,4097.0000,0.0000,8641000.0,860000.0,1.000,16777216.0,0.000,0,0,16777216,1,1,0,0,1,1
1,final_left_i32,i32,4194304,glibc_t2,P7,9,1,1,8822972.00,4097.0000,0.0000,4808000.0,4020000.0,1.000,16777216.0,0.000,0,0,16777216,1,0,1,0,1,1
1,final_left_i32,i32,4194304,glibc_t2,FIXED_TWIN,9,2,1,8508010.00,4097.0000,0.0000,8219000.0,294000.0,1.000,16777216.0,0.000,0,0,16777216,1,0,1,0,1,1
1,final_left_i32,i32,4194304,glibc_t2,P5,9,3,1,18318634.00,8194.0000,0.0000,11282000.0,7042000.0,2.000,33554432.0,0.000,0,0,33554432,2,0,0,0,1,1
1,final_left_i32,i32,4194304,glibc_t2,P7,10,0,1,9386666.00,4097.0000,0.0000,4595000.0,4796000.0,1.000,16777216.0,0.000,0,0,16777216,1,0,1,0,1,1
1,final_left_i32,i32,4194304,glibc_t2,FIXED_TWIN,10,1,1,9085720.00,4097.0000,0.0000,2755000.0,6336000.0,1.000,16777216.0,0.000,0,0,16777216,1,0,1,0,1,1
1,final_left_i32,i32,4194304,glibc_t2,P5,10,2,1,20628512.00,8194.0000,0.0000,4272000.0,16362000.0,2.000,33554432.0,0.000,0,0,33554432,2,0,0,0,1,1
1,final_left_i32,i32,4194304,glibc_t2,P6,10,3,1,12949750.00,4097.0000,0.0000,6697000.0,6259000.0,1.000,16777216.0,0.000,0,0,16777216,1,1,0,0,1,1
1,final_left_i32,i32,4194304,glibc_t2,FIXED_TWIN,11,0,1,8919121.00,4097.0000,0.0000,4396000.0,4529000.0,1.000,16777216.0,0.000,0,0,16777216,1,0,1,0,1,1
1,final_left_i32,i32,4194304,glibc_t2,P5,11,1,1,17911309.00,8194.0000,0.0000,0.0,17916000.0,2.000,33554432.0,0.000,0,0,33554432,2,0,0,0,1,1
1,final_left_i32,i32,4194304,glibc_t2,P6,11,2,1,10022957.00,4097.0000,0.0000,869000.0,9160000.0,1.000,16777216.0,0.000,0,0,16777216,1,1,0,0,1,1
1,final_left_i32,i32,4194304,glibc_t2,P7,11,3,1,8815251.00,4097.0000,0.0000,352000.0,8469000.0,1.000,16777216.0,0.000,0,0,16777216,1,0,1,0,1,1
1,final_left_i32,i32,4194304,glibc_t2,P5,12,0,1,18095599.00,8194.0000,0.0000,0.0,18101000.0,2.000,33554432.0,0.000,0,0,33554432,2,0,0,0,1,1
1,final_left_i32,i32,4194304,glibc_t2,P6,12,1,1,9821586.00,4097.0000,0.0000,9827000.0,0.0,1.000,16777216.0,0.000,0,0,16777216,1,1,0,0,1,1
1,final_left_i32,i32,4194304,glibc_t2,P7,12,2,1,8788242.00,4097.0000,0.0000,340000.0,8453000.0,1.000,16777216.0,0.000,0,0,16777216,1,0,1,0,1,1
1,final_left_i32,i32,4194304,glibc_t2,FIXED_TWIN,12,3,1,8750828.00,4097.0000,0.0000,473000.0,8282000.0,1.000,16777216.0,0.000,0,0,16777216,1,0,1,0,1,1
1,final_left_i32,i32,4194304,glibc_t2,P6,13,0,1,9786898.00,4097.0000,0.0000,7054000.0,2738000.0,1.000,16777216.0,0.000,0,0,16777216,1,1,0,0,1,1
1,final_left_i32,i32,4194304,glibc_t2,P7,13,1,1,9108478.00,4097.0000,0.0000,8476000.0,637000.0,1.000,16777216.0,0.000,0,0,16777216,1,0,1,0,1,1
1,final_left_i32,i32,4194304,glibc_t2,FIXED_TWIN,13,2,1,9044160.00,4097.0000,0.0000,450000.0,8600000.0,1.000,16777216.0,0.000,0,0,16777216,1,0,1,0,1,1
1,final_left_i32,i32,4194304,glibc_t2,P5,13,3,1,18286095.00,8194.0000,0.0000,11226000.0,7034000.0,2.000,33554432.0,0.000,0,0,33554432,2,0,0,0,1,1
1,final_left_i32,i32,4194304,glibc_t2,P7,14,0,1,9476557.00,4097.0000,0.0000,2923000.0,6559000.0,1.000,16777216.0,0.000,0,0,16777216,1,0,1,0,1,1
1,final_left_i32,i32,4194304,glibc_t2,FIXED_TWIN,14,1,1,9568709.00,4097.0000,0.0000,674000.0,8899000.0,1.000,16777216.0,0.000,0,0,16777216,1,0,1,0,1,1
1,final_left_i32,i32,4194304,glibc_t2,P5,14,2,1,19218505.00,8194.0000,0.0000,11668000.0,7557000.0,2.000,33554432.0,0.000,0,0,33554432,2,0,0,0,1,1
1,final_left_i32,i32,4194304,glibc_t2,P6,14,3,1,11073108.00,4097.0000,0.0000,3606000.0,7473000.0,1.000,16777216.0,0.000,0,0,16777216,1,1,0,0,1,1
1,final_left_i32,i32,16777216,glibc_t2,P5,0,0,1,78065588.00,32770.0000,0.0000,36868000.0,41162000.0,2.000,134217728.0,0.000,0,0,134217728,2,0,0,0,1,1
1,final_left_i32,i32,16777216,glibc_t2,P6,0,1,1,53154713.00,16385.0000,0.0000,24497000.0,28664000.0,1.000,67108864.0,0.000,0,0,67108864,1,1,0,0,1,1
1,final_left_i32,i32,16777216,glibc_t2,P7,0,2,1,44332689.00,16385.0000,0.0000,24144000.0,20195000.0,1.000,67108864.0,0.000,0,0,67108864,1,0,1,0,1,1
1,final_left_i32,i32,16777216,glibc_t2,FIXED_TWIN,0,3,1,45315404.00,16385.0000,0.0000,20566000.0,24757000.0,1.000,67108864.0,0.000,0,0,67108864,1,0,1,0,1,1
1,final_left_i32,i32,16777216,glibc_t2,P6,1,0,1,49987038.00,16385.0000,0.0000,23103000.0,26853000.0,1.000,67108864.0,0.000,0,0,67108864,1,1,0,0,1,1
1,final_left_i32,i32,16777216,glibc_t2,P7,1,1,1,45472421.00,16385.0000,0.0000,28632000.0,16848000.0,1.000,67108864.0,0.000,0,0,67108864,1,0,1,0,1,1
1,final_left_i32,i32,16777216,glibc_t2,FIXED_TWIN,1,2,1,46371036.00,16385.0000,0.0000,27304000.0,19074000.0,1.000,67108864.0,0.000,0,0,67108864,1,0,1,0,1,1
1,final_left_i32,i32,16777216,glibc_t2,P5,1,3,1,77102758.00,32770.0000,0.0000,24432000.0,52627000.0,2.000,134217728.0,0.000,0,0,134217728,2,0,0,0,1,1
1,final_left_i32,i32,16777216,glibc_t2,P7,2,0,1,43248925.00,16385.0000,0.0000,15682000.0,27574000.0,1.000,67108864.0,0.000,0,0,67108864,1,0,1,0,1,1
1,final_left_i32,i32,16777216,glibc_t2,FIXED_TWIN,2,1,1,42857806.00,16385.0000,0.0000,23513000.0,19351000.0,1.000,67108864.0,0.000,0,0,67108864,1,0,1,0,1,1
1,final_left_i32,i32,16777216,glibc_t2,P5,2,2,1,79026708.00,32770.0000,0.0000,25300000.0,53734000.0,2.000,134217728.0,0.000,0,0,134217728,2,0,0,0,1,1
1,final_left_i32,i32,16777216,glibc_t2,P6,2,3,1,50604595.00,16385.0000,0.0000,19406000.0,31207000.0,1.000,67108864.0,0.000,0,0,67108864,1,1,0,0,1,1
1,final_left_i32,i32,16777216,glibc_t2,FIXED_TWIN,3,0,1,42380492.00,16385.0000,0.0000,11311000.0,31049000.0,1.000,67108864.0,0.000,0,0,67108864,1,0,1,0,1,1
1,final_left_i32,i32,16777216,glibc_t2,P5,3,1,1,77199103.00,32770.0000,0.0000,20518000.0,56687000.0,2.000,134217728.0,0.000,0,0,134217728,2,0,0,0,1,1
1,final_left_i32,i32,16777216,glibc_t2,P6,3,2,1,49177319.00,16385.0000,0.0000,20507000.0,28677000.0,1.000,67108864.0,0.000,0,0,67108864,1,1,0,0,1,1
1,final_left_i32,i32,16777216,glibc_t2,P7,3,3,1,42436945.00,16385.0000,0.0000,11329000.0,31099000.0,1.000,67108864.0,0.000,0,0,67108864,1,0,1,0,1,1
1,final_left_i32,i32,16777216,glibc_t2,P5,4,0,1,76635737.00,32770.0000,0.0000,12278000.0,64364000.0,2.000,134217728.0,0.000,0,0,134217728,2,0,0,0,1,1
1,final_left_i32,i32,16777216,glibc_t2,P6,4,1,1,49014466.00,16385.0000,0.0000,28435000.0,20586000.0,1.000,67108864.0,0.000,0,0,67108864,1,1,0,0,1,1
1,final_left_i32,i32,16777216,glibc_t2,P7,4,2,1,42320521.00,16385.0000,0.0000,11286000.0,31041000.0,1.000,67108864.0,0.000,0,0,67108864,1,0,1,0,1,1
1,final_left_i32,i32,16777216,glibc_t2,FIXED_TWIN,4,3,1,41325149.00,16385.0000,0.0000,12570000.0,28761000.0,1.000,67108864.0,0.000,0,0,67108864,1,0,1,0,1,1
1,final_left_i32,i32,16777216,glibc_t2,P6,5,0,1,48418804.00,16385.0000,0.0000,16183000.0,32242000.0,1.000,67108864.0,0.000,0,0,67108864,1,1,0,0,1,1
1,final_left_i32,i32,16777216,glibc_t2,P7,5,1,1,42193585.00,16385.0000,0.0000,16941000.0,25259000.0,1.000,67108864.0,0.000,0,0,67108864,1,0,1,0,1,1
1,final_left_i32,i32,16777216,glibc_t2,FIXED_TWIN,5,2,1,42530416.00,16385.0000,0.0000,23373000.0,19163000.0,1.000,67108864.0,0.000,0,0,67108864,1,0,1,0,1,1
1,final_left_i32,i32,16777216,glibc_t2,P5,5,3,1,80674099.00,32770.0000,0.0000,24293000.0,56388000.0,2.000,134217728.0,0.000,0,0,134217728,2,0,0,0,1,1
1,final_left_i32,i32,16777216,glibc_t2,P7,6,0,1,51685676.00,16385.0000,0.0000,13581000.0,38111000.0,1.000,67108864.0,0.000,0,0,67108864,1,0,1,0,1,1
1,final_left_i32,i32,16777216,glibc_t2,FIXED_TWIN,6,1,1,42123679.00,16385.0000,0.0000,11193000.0,30916000.0,1.000,67108864.0,0.000,0,0,67108864,1,0,1,0,1,1
1,final_left_i32,i32,16777216,glibc_t2,P5,6,2,1,78272024.00,32770.0000,0.0000,24938000.0,53302000.0,2.000,134217728.0,0.000,0,0,134217728,2,0,0,0,1,1
1,final_left_i32,i32,16777216,glibc_t2,P6,6,3,1,50163866.00,16385.0000,0.0000,28927000.0,21244000.0,1.000,67108864.0,0.000,0,0,67108864,1,1,0,0,1,1
1,final_left_i32,i32,16777216,glibc_t2,FIXED_TWIN,7,0,1,42141940.00,16385.0000,0.0000,11208000.0,30939000.0,1.000,67108864.0,0.000,0,0,67108864,1,0,1,0,1,1
1,final_left_i32,i32,16777216,glibc_t2,P5,7,1,1,79429850.00,32770.0000,0.0000,41468000.0,37930000.0,2.000,134217728.0,0.000,0,0,134217728,2,0,0,0,1,1
1,final_left_i32,i32,16777216,glibc_t2,P6,7,2,1,49034501.00,16385.0000,0.0000,20446000.0,28596000.0,1.000,67108864.0,0.000,0,0,67108864,1,1,0,0,1,1
1,final_left_i32,i32,16777216,glibc_t2,P7,7,3,1,42968874.00,16385.0000,0.0000,27560000.0,15415000.0,1.000,67108864.0,0.000,0,0,67108864,1,0,1,0,1,1
1,final_left_i32,i32,16777216,glibc_t2,P5,8,0,1,82291661.00,32770.0000,0.0000,28984000.0,53287000.0,2.000,134217728.0,0.000,0,0,134217728,2,0,0,0,1,1
1,final_left_i32,i32,16777216,glibc_t2,P6,8,1,1,50856175.00,16385.0000,0.0000,27475000.0,23350000.0,1.000,67108864.0,0.000,0,0,67108864,1,1,0,0,1,1
1,final_left_i32,i32,16777216,glibc_t2,P7,8,2,1,43610955.00,16385.0000,0.0000,19836000.0,23782000.0,1.000,67108864.0,0.000,0,0,67108864,1,0,1,0,1,1
1,final_left_i32,i32,16777216,glibc_t2,FIXED_TWIN,8,3,1,42887586.00,16385.0000,0.0000,17238000.0,25656000.0,1.000,67108864.0,0.000,0,0,67108864,1,0,1,0,1,1
1,final_left_i32,i32,16777216,glibc_t2,P6,9,0,1,49023575.00,16385.0000,0.0000,32439000.0,16592000.0,1.000,67108864.0,0.000,0,0,67108864,1,1,0,0,1,1
1,final_left_i32,i32,16777216,glibc_t2,P7,9,1,1,41757613.00,16385.0000,0.0000,24755000.0,17012000.0,1.000,67108864.0,0.000,0,0,67108864,1,0,1,0,1,1
1,final_left_i32,i32,16777216,glibc_t2,FIXED_TWIN,9,2,1,42563326.00,16385.0000,0.0000,19388000.0,23181000.0,1.000,67108864.0,0.000,0,0,67108864,1,0,1,0,1,1
1,final_left_i32,i32,16777216,glibc_t2,P5,9,3,1,76996400.00,32770.0000,0.0000,12432000.0,64570000.0,2.000,134217728.0,0.000,0,0,134217728,2,0,0,0,1,1
1,final_left_i32,i32,16777216,glibc_t2,P7,10,0,1,42077847.00,16385.0000,0.0000,20881000.0,21181000.0,1.000,67108864.0,0.000,0,0,67108864,1,0,1,0,1,1
1,final_left_i32,i32,16777216,glibc_t2,FIXED_TWIN,10,1,1,52327171.00,16385.0000,0.0000,16123000.0,36163000.0,1.000,67108864.0,0.000,0,0,67108864,1,0,1,0,1,1
1,final_left_i32,i32,16777216,glibc_t2,P5,10,2,1,77408632.00,32770.0000,0.0000,40603000.0,36811000.0,2.000,134217728.0,0.000,0,0,134217728,2,0,0,0,1,1
1,final_left_i32,i32,16777216,glibc_t2,P6,10,3,1,49632224.00,16385.0000,0.0000,20701000.0,28938000.0,1.000,67108864.0,0.000,0,0,67108864,1,1,0,0,1,1
1,final_left_i32,i32,16777216,glibc_t2,FIXED_TWIN,11,0,1,43667772.00,16385.0000,0.0000,19860000.0,23814000.0,1.000,67108864.0,0.000,0,0,67108864,1,0,1,0,1,1
1,final_left_i32,i32,16777216,glibc_t2,P5,11,1,1,77615120.00,32770.0000,0.0000,26984000.0,50637000.0,2.000,134217728.0,0.000,0,0,134217728,2,0,0,0,1,1
1,final_left_i32,i32,16777216,glibc_t2,P6,11,2,1,49546260.00,16385.0000,0.0000,16664000.0,32887000.0,1.000,67108864.0,0.000,0,0,67108864,1,1,0,0,1,1
1,final_left_i32,i32,16777216,glibc_t2,P7,11,3,1,42356174.00,16385.0000,0.0000,11235000.0,31061000.0,1.000,67108864.0,0.000,0,0,67108864,1,0,1,0,1,1
1,final_left_i32,i32,16777216,glibc_t2,P5,12,0,1,77930463.00,32770.0000,0.0000,19121000.0,58815000.0,2.000,134217728.0,0.000,0,0,134217728,2,0,0,0,1,1
1,final_left_i32,i32,16777216,glibc_t2,P6,12,1,1,47883146.00,16385.0000,0.0000,15953000.0,31935000.0,1.000,67108864.0,0.000,0,0,67108864,1,1,0,0,1,1
1,final_left_i32,i32,16777216,glibc_t2,P7,12,2,1,45734891.00,16385.0000,0.0000,20743000.0,24996000.0,1.000,67108864.0,0.000,0,0,67108864,1,0,1,0,1,1
1,final_left_i32,i32,16777216,glibc_t2,FIXED_TWIN,12,3,1,42717028.00,16385.0000,0.0000,23453000.0,19269000.0,1.000,67108864.0,0.000,0,0,67108864,1,0,1,0,1,1
1,final_left_i32,i32,16777216,glibc_t2,P6,13,0,1,49156836.00,16385.0000,0.0000,20498000.0,28665000.0,1.000,67108864.0,0.000,0,0,67108864,1,1,0,0,1,1
1,final_left_i32,i32,16777216,glibc_t2,P7,13,1,1,41780848.00,16385.0000,0.0000,8765000.0,33012000.0,1.000,67108864.0,0.000,0,0,67108864,1,0,1,0,1,1
1,final_left_i32,i32,16777216,glibc_t2,FIXED_TWIN,13,2,1,41908139.00,16385.0000,0.0000,27107000.0,14808000.0,1.000,67108864.0,0.000,0,0,67108864,1,0,1,0,1,1
1,final_left_i32,i32,16777216,glibc_t2,P5,13,3,1,80446136.00,32770.0000,0.0000,20195000.0,60240000.0,2.000,134217728.0,0.000,0,0,134217728,2,0,0,0,1,1
1,final_left_i32,i32,16777216,glibc_t2,P7,14,0,1,42656094.00,16385.0000,0.0000,15426000.0,27173000.0,1.000,67108864.0,0.000,0,0,67108864,1,0,1,0,1,1
1,final_left_i32,i32,16777216,glibc_t2,FIXED_TWIN,14,1,1,42196929.00,16385.0000,0.0000,20941000.0,21262000.0,1.000,67108864.0,0.000,0,0,67108864,1,0,1,0,1,1
1,final_left_i32,i32,16777216,glibc_t2,P5,14,2,1,78538684.00,32770.0000,0.0000,35364000.0,43149000.0,2.000,134217728.0,0.000,0,0,134217728,2,0,0,0,1,1
1,final_left_i32,i32,16777216,glibc_t2,P6,14,3,1,48285548.00,16385.0000,0.0000,20125000.0,28129000.0,1.000,67108864.0,0.000,0,0,67108864,1,1,0,0,1,1
1,chain3_i32,i32,64,glibc_t2,P5,0,0,1000,1509.20,0.0000,0.0000,646.0,867.0,3.000,768.0,0.000,0,0,256512,3,0,0,0,1,1
1,chain3_i32,i32,64,glibc_t2,P6,0,1,1000,1471.59,0.0000,0.0000,1378.0,94.0,1.000,256.0,0.000,0,0,256000,1,2,0,0,1,1
1,chain3_i32,i32,64,glibc_t2,P7,0,2,1000,1443.53,0.0000,0.0000,1411.0,32.0,1.000,256.0,0.000,0,0,256000,1,1,1,0,1,1
1,chain3_i32,i32,64,glibc_t2,FIXED_TWIN,0,3,1000,1478.24,0.0000,0.0000,1479.0,0.0,1.000,256.0,0.000,0,0,256000,1,1,1,0,1,1
1,chain3_i32,i32,64,glibc_t2,P6,1,0,1000,1478.04,0.0000,0.0000,1479.0,0.0,1.000,256.0,0.000,0,0,256000,1,2,0,0,1,1
1,chain3_i32,i32,64,glibc_t2,P7,1,1,1000,1456.53,0.0000,0.0000,1457.0,0.0,1.000,256.0,0.000,0,0,256000,1,1,1,0,1,1
1,chain3_i32,i32,64,glibc_t2,FIXED_TWIN,1,2,1000,1457.29,0.0000,0.0000,1458.0,0.0,1.000,256.0,0.000,0,0,256000,1,1,1,0,1,1
1,chain3_i32,i32,64,glibc_t2,P5,1,3,1000,1503.68,0.0000,0.0000,1504.0,0.0,3.000,768.0,0.000,0,0,256512,3,0,0,0,1,1
1,chain3_i32,i32,64,glibc_t2,P7,2,0,1000,1447.80,0.0000,0.0000,1450.0,0.0,1.000,256.0,0.000,0,0,256000,1,1,1,0,1,1
1,chain3_i32,i32,64,glibc_t2,FIXED_TWIN,2,1,1000,1506.53,0.0000,0.0000,1508.0,0.0,1.000,256.0,0.000,0,0,256000,1,1,1,0,1,1
1,chain3_i32,i32,64,glibc_t2,P5,2,2,1000,1551.14,0.0000,0.0000,1553.0,0.0,3.000,768.0,0.000,0,0,256512,3,0,0,0,1,1
1,chain3_i32,i32,64,glibc_t2,P6,2,3,1000,1479.59,0.0000,0.0000,1480.0,0.0,1.000,256.0,0.000,0,0,256000,1,2,0,0,1,1
1,chain3_i32,i32,64,glibc_t2,FIXED_TWIN,3,0,1000,1459.10,0.0000,0.0000,1460.0,0.0,1.000,256.0,0.000,0,0,256000,1,1,1,0,1,1
1,chain3_i32,i32,64,glibc_t2,P5,3,1,1000,1502.34,0.0000,0.0000,1503.0,0.0,3.000,768.0,0.000,0,0,256512,3,0,0,0,1,1
1,chain3_i32,i32,64,glibc_t2,P6,3,2,1000,1455.34,0.0000,0.0000,1456.0,0.0,1.000,256.0,0.000,0,0,256000,1,2,0,0,1,1
1,chain3_i32,i32,64,glibc_t2,P7,3,3,1000,1423.37,0.0000,0.0000,1424.0,0.0,1.000,256.0,0.000,0,0,256000,1,1,1,0,1,1
1,chain3_i32,i32,64,glibc_t2,P5,4,0,1000,1502.67,0.0000,0.0000,1503.0,0.0,3.000,768.0,0.000,0,0,256512,3,0,0,0,1,1
1,chain3_i32,i32,64,glibc_t2,P6,4,1,1000,1433.27,0.0000,0.0000,1434.0,0.0,1.000,256.0,0.000,0,0,256000,1,2,0,0,1,1
1,chain3_i32,i32,64,glibc_t2,P7,4,2,1000,1435.71,0.0000,0.0000,1436.0,0.0,1.000,256.0,0.000,0,0,256000,1,1,1,0,1,1
1,chain3_i32,i32,64,glibc_t2,FIXED_TWIN,4,3,1000,1439.09,0.0000,0.0000,1440.0,0.0,1.000,256.0,0.000,0,0,256000,1,1,1,0,1,1
1,chain3_i32,i32,64,glibc_t2,P6,5,0,1000,1454.51,0.0000,0.0000,1456.0,0.0,1.000,256.0,0.000,0,0,256000,1,2,0,0,1,1
1,chain3_i32,i32,64,glibc_t2,P7,5,1,1000,1446.71,0.0000,0.0000,1447.0,0.0,1.000,256.0,0.000,0,0,256000,1,1,1,0,1,1
1,chain3_i32,i32,64,glibc_t2,FIXED_TWIN,5,2,1000,1449.86,0.0000,0.0000,1450.0,0.0,1.000,256.0,0.000,0,0,256000,1,1,1,0,1,1
1,chain3_i32,i32,64,glibc_t2,P5,5,3,1000,1543.75,0.0000,0.0000,1545.0,0.0,3.000,768.0,0.000,0,0,256512,3,0,0,0,1,1
1,chain3_i32,i32,64,glibc_t2,P7,6,0,1000,1472.22,0.0000,0.0000,1472.0,0.0,1.000,256.0,0.000,0,0,256000,1,1,1,0,1,1
1,chain3_i32,i32,64,glibc_t2,FIXED_TWIN,6,1,1000,1444.88,0.0000,0.0000,1446.0,0.0,1.000,256.0,0.000,0,0,256000,1,1,1,0,1,1
1,chain3_i32,i32,64,glibc_t2,P5,6,2,1000,1506.49,0.0000,0.0000,1508.0,0.0,3.000,768.0,0.000,0,0,256512,3,0,0,0,1,1
1,chain3_i32,i32,64,glibc_t2,P6,6,3,1000,1466.94,0.0000,0.0000,1467.0,0.0,1.000,256.0,0.000,0,0,256000,1,2,0,0,1,1
1,chain3_i32,i32,64,glibc_t2,FIXED_TWIN,7,0,1000,1453.23,0.0000,0.0000,1454.0,0.0,1.000,256.0,0.000,0,0,256000,1,1,1,0,1,1
1,chain3_i32,i32,64,glibc_t2,P5,7,1,1000,1499.79,0.0000,0.0000,1501.0,0.0,3.000,768.0,0.000,0,0,256512,3,0,0,0,1,1
1,chain3_i32,i32,64,glibc_t2,P6,7,2,1000,1687.67,0.0000,0.0000,1508.0,0.0,1.000,256.0,0.000,0,0,256000,1,2,0,0,1,1
1,chain3_i32,i32,64,glibc_t2,P7,7,3,1000,1488.21,0.0000,0.0000,1489.0,0.0,1.000,256.0,0.000,0,0,256000,1,1,1,0,1,1
1,chain3_i32,i32,64,glibc_t2,P5,8,0,1000,1542.65,0.0000,0.0000,1543.0,0.0,3.000,768.0,0.000,0,0,256512,3,0,0,0,1,1
1,chain3_i32,i32,64,glibc_t2,P6,8,1,1000,1476.22,0.0000,0.0000,1477.0,0.0,1.000,256.0,0.000,0,0,256000,1,2,0,0,1,1
1,chain3_i32,i32,64,glibc_t2,P7,8,2,1000,1454.16,0.0000,0.0000,1455.0,0.0,1.000,256.0,0.000,0,0,256000,1,1,1,0,1,1
1,chain3_i32,i32,64,glibc_t2,FIXED_TWIN,8,3,1000,1455.56,0.0000,0.0000,1456.0,0.0,1.000,256.0,0.000,0,0,256000,1,1,1,0,1,1
1,chain3_i32,i32,64,glibc_t2,P6,9,0,1000,1475.61,0.0000,0.0000,1476.0,0.0,1.000,256.0,0.000,0,0,256000,1,2,0,0,1,1
1,chain3_i32,i32,64,glibc_t2,P7,9,1,1000,1473.11,0.0000,0.0000,1474.0,0.0,1.000,256.0,0.000,0,0,256000,1,1,1,0,1,1
1,chain3_i32,i32,64,glibc_t2,FIXED_TWIN,9,2,1000,1492.72,0.0000,0.0000,1494.0,0.0,1.000,256.0,0.000,0,0,256000,1,1,1,0,1,1
1,chain3_i32,i32,64,glibc_t2,P5,9,3,1000,1524.91,0.0000,0.0000,1525.0,0.0,3.000,768.0,0.000,0,0,256512,3,0,0,0,1,1
1,chain3_i32,i32,64,glibc_t2,P7,10,0,1000,1461.75,0.0000,0.0000,1463.0,0.0,1.000,256.0,0.000,0,0,256000,1,1,1,0,1,1
1,chain3_i32,i32,64,glibc_t2,FIXED_TWIN,10,1,1000,1452.31,0.0000,0.0000,1453.0,0.0,1.000,256.0,0.000,0,0,256000,1,1,1,0,1,1
1,chain3_i32,i32,64,glibc_t2,P5,10,2,1000,1513.45,0.0000,0.0000,1515.0,0.0,3.000,768.0,0.000,0,0,256512,3,0,0,0,1,1
1,chain3_i32,i32,64,glibc_t2,P6,10,3,1000,1453.74,0.0000,0.0000,1454.0,0.0,1.000,256.0,0.000,0,0,256000,1,2,0,0,1,1
1,chain3_i32,i32,64,glibc_t2,FIXED_TWIN,11,0,1000,1428.48,0.0000,0.0000,1429.0,0.0,1.000,256.0,0.000,0,0,256000,1,1,1,0,1,1
1,chain3_i32,i32,64,glibc_t2,P5,11,1,1000,1544.36,0.0000,0.0000,1546.0,0.0,3.000,768.0,0.000,0,0,256512,3,0,0,0,1,1
1,chain3_i32,i32,64,glibc_t2,P6,11,2,1000,1488.39,0.0000,0.0000,1489.0,0.0,1.000,256.0,0.000,0,0,256000,1,2,0,0,1,1
1,chain3_i32,i32,64,glibc_t2,P7,11,3,1000,1489.38,0.0000,0.0000,1491.0,0.0,1.000,256.0,0.000,0,0,256000,1,1,1,0,1,1
1,chain3_i32,i32,64,glibc_t2,P5,12,0,1000,1506.37,0.0000,0.0000,1507.0,0.0,3.000,768.0,0.000,0,0,256512,3,0,0,0,1,1
1,chain3_i32,i32,64,glibc_t2,P6,12,1,1000,1505.44,0.0000,0.0000,1506.0,0.0,1.000,256.0,0.000,0,0,256000,1,2,0,0,1,1
1,chain3_i32,i32,64,glibc_t2,P7,12,2,1000,1478.39,0.0000,0.0000,1480.0,0.0,1.000,256.0,0.000,0,0,256000,1,1,1,0,1,1
1,chain3_i32,i32,64,glibc_t2,FIXED_TWIN,12,3,1000,1434.54,0.0000,0.0000,1435.0,0.0,1.000,256.0,0.000,0,0,256000,1,1,1,0,1,1
1,chain3_i32,i32,64,glibc_t2,P6,13,0,1000,1507.74,0.0000,0.0000,1508.0,0.0,1.000,256.0,0.000,0,0,256000,1,2,0,0,1,1
1,chain3_i32,i32,64,glibc_t2,P7,13,1,1000,1454.47,0.0000,0.0000,1456.0,0.0,1.000,256.0,0.000,0,0,256000,1,1,1,0,1,1
1,chain3_i32,i32,64,glibc_t2,FIXED_TWIN,13,2,1000,1428.14,0.0000,0.0000,1429.0,0.0,1.000,256.0,0.000,0,0,256000,1,1,1,0,1,1
1,chain3_i32,i32,64,glibc_t2,P5,13,3,1000,1560.97,0.0000,0.0000,1563.0,0.0,3.000,768.0,0.000,0,0,256512,3,0,0,0,1,1
1,chain3_i32,i32,64,glibc_t2,P7,14,0,1000,1482.56,0.0000,0.0000,1483.0,0.0,1.000,256.0,0.000,0,0,256000,1,1,1,0,1,1
1,chain3_i32,i32,64,glibc_t2,FIXED_TWIN,14,1,1000,1464.50,0.0000,0.0000,1465.0,0.0,1.000,256.0,0.000,0,0,256000,1,1,1,0,1,1
1,chain3_i32,i32,64,glibc_t2,P5,14,2,1000,1553.48,0.0000,0.0000,1554.0,0.0,3.000,768.0,0.000,0,0,256512,3,0,0,0,1,1
1,chain3_i32,i32,64,glibc_t2,P6,14,3,1000,1462.19,0.0000,0.0000,1464.0,0.0,1.000,256.0,0.000,0,0,256000,1,2,0,0,1,1
1,chain3_i32,i32,1024,glibc_t2,P5,0,0,1000,1932.24,0.0000,0.0000,1936.0,0.0,3.000,12288.0,0.000,0,0,4104192,3,0,0,0,1,1
1,chain3_i32,i32,1024,glibc_t2,P6,0,1,1000,1865.19,0.0000,0.0000,1867.0,0.0,1.000,4096.0,0.000,0,0,4096000,1,2,0,0,1,1
1,chain3_i32,i32,1024,glibc_t2,P7,0,2,1000,1722.91,0.0000,0.0000,1724.0,0.0,1.000,4096.0,0.000,0,0,4096000,1,1,1,0,1,1
1,chain3_i32,i32,1024,glibc_t2,FIXED_TWIN,0,3,1000,1744.04,0.0000,0.0000,1746.0,0.0,1.000,4096.0,0.000,0,0,4096000,1,1,1,0,1,1
1,chain3_i32,i32,1024,glibc_t2,P6,1,0,1000,1876.03,0.0000,0.0000,1879.0,0.0,1.000,4096.0,0.000,0,0,4096000,1,2,0,0,1,1
1,chain3_i32,i32,1024,glibc_t2,P7,1,1,1000,1731.93,0.0000,0.0000,1734.0,0.0,1.000,4096.0,0.000,0,0,4096000,1,1,1,0,1,1
1,chain3_i32,i32,1024,glibc_t2,FIXED_TWIN,1,2,1000,1738.54,0.0000,0.0000,1739.0,0.0,1.000,4096.0,0.000,0,0,4096000,1,1,1,0,1,1
1,chain3_i32,i32,1024,glibc_t2,P5,1,3,1000,1983.82,0.0000,0.0000,1987.0,0.0,3.000,12288.0,0.000,0,0,4104192,3,0,0,0,1,1
1,chain3_i32,i32,1024,glibc_t2,P7,2,0,1000,1907.76,0.0000,0.0000,1912.0,0.0,1.000,4096.0,0.000,0,0,4096000,1,1,1,0,1,1
1,chain3_i32,i32,1024,glibc_t2,FIXED_TWIN,2,1,1000,1859.16,0.0000,0.0000,1863.0,0.0,1.000,4096.0,0.000,0,0,4096000,1,1,1,0,1,1
1,chain3_i32,i32,1024,glibc_t2,P5,2,2,1000,2071.82,0.0000,0.0000,2074.0,0.0,3.000,12288.0,0.000,0,0,4104192,3,0,0,0,1,1
1,chain3_i32,i32,1024,glibc_t2,P6,2,3,1000,2059.02,0.0000,0.0000,2061.0,0.0,1.000,4096.0,0.000,0,0,4096000,1,2,0,0,1,1
1,chain3_i32,i32,1024,glibc_t2,FIXED_TWIN,3,0,1000,1752.13,0.0000,0.0000,1754.0,0.0,1.000,4096.0,0.000,0,0,4096000,1,1,1,0,1,1
1,chain3_i32,i32,1024,glibc_t2,P5,3,1,1000,1947.42,0.0000,0.0000,1949.0,0.0,3.000,12288.0,0.000,0,0,4104192,3,0,0,0,1,1
1,chain3_i32,i32,1024,glibc_t2,P6,3,2,1000,1935.22,0.0000,0.0000,1939.0,0.0,1.000,4096.0,0.000,0,0,4096000,1,2,0,0,1,1
1,chain3_i32,i32,1024,glibc_t2,P7,3,3,1000,1774.80,0.0000,0.0000,1777.0,0.0,1.000,4096.0,0.000,0,0,4096000,1,1,1,0,1,1
1,chain3_i32,i32,1024,glibc_t2,P5,4,0,1000,2119.74,0.0000,0.0000,2123.0,0.0,3.000,12288.0,0.000,0,0,4104192,3,0,0,0,1,1
1,chain3_i32,i32,1024,glibc_t2,P6,4,1,1000,1906.61,0.0000,0.0000,1909.0,0.0,1.000,4096.0,0.000,0,0,4096000,1,2,0,0,1,1
1,chain3_i32,i32,1024,glibc_t2,P7,4,2,1000,1742.55,0.0000,0.0000,1745.0,0.0,1.000,4096.0,0.000,0,0,4096000,1,1,1,0,1,1
1,chain3_i32,i32,1024,glibc_t2,FIXED_TWIN,4,3,1000,1856.36,0.0000,0.0000,1862.0,0.0,1.000,4096.0,0.000,0,0,4096000,1,1,1,0,1,1
1,chain3_i32,i32,1024,glibc_t2,P6,5,0,1000,1989.04,0.0000,0.0000,1994.0,0.0,1.000,4096.0,0.000,0,0,4096000,1,2,0,0,1,1
1,chain3_i32,i32,1024,glibc_t2,P7,5,1,1000,2055.58,0.0000,0.0000,2058.0,0.0,1.000,4096.0,0.000,0,0,4096000,1,1,1,0,1,1
1,chain3_i32,i32,1024,glibc_t2,FIXED_TWIN,5,2,1000,1763.15,0.0000,0.0000,1765.0,0.0,1.000,4096.0,0.000,0,0,4096000,1,1,1,0,1,1
1,chain3_i32,i32,1024,glibc_t2,P5,5,3,1000,1957.78,0.0000,0.0000,1960.0,0.0,3.000,12288.0,0.000,0,0,4104192,3,0,0,0,1,1
1,chain3_i32,i32,1024,glibc_t2,P7,6,0,1000,1954.59,0.0000,0.0000,1958.0,0.0,1.000,4096.0,0.000,0,0,4096000,1,1,1,0,1,1
1,chain3_i32,i32,1024,glibc_t2,FIXED_TWIN,6,1,1000,1968.18,0.0000,0.0000,1972.0,0.0,1.000,4096.0,0.000,0,0,4096000,1,1,1,0,1,1
1,chain3_i32,i32,1024,glibc_t2,P5,6,2,1000,1971.72,0.0000,0.0000,1975.0,0.0,3.000,12288.0,0.000,0,0,4104192,3,0,0,0,1,1
1,chain3_i32,i32,1024,glibc_t2,P6,6,3,1000,1933.51,0.0000,0.0000,1936.0,0.0,1.000,4096.0,0.000,0,0,4096000,1,2,0,0,1,1
1,chain3_i32,i32,1024,glibc_t2,FIXED_TWIN,7,0,1000,1806.98,0.0000,0.0000,1810.0,0.0,1.000,4096.0,0.000,0,0,4096000,1,1,1,0,1,1
1,chain3_i32,i32,1024,glibc_t2,P5,7,1,1000,1953.05,0.0000,0.0000,1955.0,0.0,3.000,12288.0,0.000,0,0,4104192,3,0,0,0,1,1
1,chain3_i32,i32,1024,glibc_t2,P6,7,2,1000,1897.26,0.0000,0.0000,1899.0,0.0,1.000,4096.0,0.000,0,0,4096000,1,2,0,0,1,1
1,chain3_i32,i32,1024,glibc_t2,P7,7,3,1000,1750.06,0.0000,0.0000,1751.0,0.0,1.000,4096.0,0.000,0,0,4096000,1,1,1,0,1,1
1,chain3_i32,i32,1024,glibc_t2,P5,8,0,1000,1988.91,0.0000,0.0000,1991.0,0.0,3.000,12288.0,0.000,0,0,4104192,3,0,0,0,1,1
1,chain3_i32,i32,1024,glibc_t2,P6,8,1,1000,1852.32,0.0000,0.0000,1854.0,0.0,1.000,4096.0,0.000,0,0,4096000,1,2,0,0,1,1
1,chain3_i32,i32,1024,glibc_t2,P7,8,2,1000,1979.40,0.0000,0.0000,1982.0,0.0,1.000,4096.0,0.000,0,0,4096000,1,1,1,0,1,1
1,chain3_i32,i32,1024,glibc_t2,FIXED_TWIN,8,3,1000,1838.13,0.0000,0.0000,1842.0,0.0,1.000,4096.0,0.000,0,0,4096000,1,1,1,0,1,1
1,chain3_i32,i32,1024,glibc_t2,P6,9,0,1000,1923.56,0.0000,0.0000,1926.0,0.0,1.000,4096.0,0.000,0,0,4096000,1,2,0,0,1,1
1,chain3_i32,i32,1024,glibc_t2,P7,9,1,1000,1758.06,0.0000,0.0000,1760.0,0.0,1.000,4096.0,0.000,0,0,4096000,1,1,1,0,1,1
1,chain3_i32,i32,1024,glibc_t2,FIXED_TWIN,9,2,1000,1794.04,0.0000,0.0000,1796.0,0.0,1.000,4096.0,0.000,0,0,4096000,1,1,1,0,1,1
1,chain3_i32,i32,1024,glibc_t2,P5,9,3,1000,1957.49,0.0000,0.0000,1959.0,0.0,3.000,12288.0,0.000,0,0,4104192,3,0,0,0,1,1
1,chain3_i32,i32,1024,glibc_t2,P7,10,0,1000,1754.58,0.0000,0.0000,1757.0,0.0,1.000,4096.0,0.000,0,0,4096000,1,1,1,0,1,1
1,chain3_i32,i32,1024,glibc_t2,FIXED_TWIN,10,1,1000,1823.58,0.0000,0.0000,1828.0,0.0,1.000,4096.0,0.000,0,0,4096000,1,1,1,0,1,1
1,chain3_i32,i32,1024,glibc_t2,P5,10,2,1000,2076.41,0.0000,0.0000,2080.0,0.0,3.000,12288.0,0.000,0,0,4104192,3,0,0,0,1,1
1,chain3_i32,i32,1024,glibc_t2,P6,10,3,1000,1911.52,0.0000,0.0000,1914.0,0.0,1.000,4096.0,0.000,0,0,4096000,1,2,0,0,1,1
1,chain3_i32,i32,1024,glibc_t2,FIXED_TWIN,11,0,1000,1740.56,0.0000,0.0000,1743.0,0.0,1.000,4096.0,0.000,0,0,4096000,1,1,1,0,1,1
1,chain3_i32,i32,1024,glibc_t2,P5,11,1,1000,1978.14,0.0000,0.0000,1981.0,0.0,3.000,12288.0,0.000,0,0,4104192,3,0,0,0,1,1
1,chain3_i32,i32,1024,glibc_t2,P6,11,2,1000,1875.69,0.0000,0.0000,1877.0,0.0,1.000,4096.0,0.000,0,0,4096000,1,2,0,0,1,1
1,chain3_i32,i32,1024,glibc_t2,P7,11,3,1000,1814.03,0.0000,0.0000,1817.0,0.0,1.000,4096.0,0.000,0,0,4096000,1,1,1,0,1,1
1,chain3_i32,i32,1024,glibc_t2,P5,12,0,1000,1994.29,0.0000,0.0000,1997.0,0.0,3.000,12288.0,0.000,0,0,4104192,3,0,0,0,1,1
1,chain3_i32,i32,1024,glibc_t2,P6,12,1,1000,2009.10,0.0000,0.0000,2012.0,0.0,1.000,4096.0,0.000,0,0,4096000,1,2,0,0,1,1
1,chain3_i32,i32,1024,glibc_t2,P7,12,2,1000,1861.52,0.0000,0.0000,1870.0,0.0,1.000,4096.0,0.000,0,0,4096000,1,1,1,0,1,1
1,chain3_i32,i32,1024,glibc_t2,FIXED_TWIN,12,3,1000,1855.82,0.0000,0.0000,1859.0,0.0,1.000,4096.0,0.000,0,0,4096000,1,1,1,0,1,1
1,chain3_i32,i32,1024,glibc_t2,P6,13,0,1000,1985.99,0.0000,0.0000,1989.0,0.0,1.000,4096.0,0.000,0,0,4096000,1,2,0,0,1,1
1,chain3_i32,i32,1024,glibc_t2,P7,13,1,1000,1837.73,0.0000,0.0000,1840.0,0.0,1.000,4096.0,0.000,0,0,4096000,1,1,1,0,1,1
1,chain3_i32,i32,1024,glibc_t2,FIXED_TWIN,13,2,1000,1789.33,0.0000,0.0000,1791.0,0.0,1.000,4096.0,0.000,0,0,4096000,1,1,1,0,1,1
1,chain3_i32,i32,1024,glibc_t2,P5,13,3,1000,2197.95,0.0000,0.0000,2202.0,0.0,3.000,12288.0,0.000,0,0,4104192,3,0,0,0,1,1
1,chain3_i32,i32,1024,glibc_t2,P7,14,0,1000,1794.58,0.0000,0.0000,1797.0,0.0,1.000,4096.0,0.000,0,0,4096000,1,1,1,0,1,1
1,chain3_i32,i32,1024,glibc_t2,FIXED_TWIN,14,1,1000,1794.98,0.0000,0.0000,1797.0,0.0,1.000,4096.0,0.000,0,0,4096000,1,1,1,0,1,1
1,chain3_i32,i32,1024,glibc_t2,P5,14,2,1000,2068.56,0.0000,0.0000,1995.0,0.0,3.000,12288.0,0.000,0,0,4104192,3,0,0,0,1,1
1,chain3_i32,i32,1024,glibc_t2,P6,14,3,1000,1923.51,0.0000,0.0000,1925.0,0.0,1.000,4096.0,0.000,0,0,4096000,1,2,0,0,1,1
1,chain3_i32,i32,4096,glibc_t2,P5,0,0,1,2241.00,0.0000,0.0000,4000.0,0.0,3.000,49152.0,0.000,0,0,49152,3,0,0,0,1,1
1,chain3_i32,i32,4096,glibc_t2,P6,0,1,1,2177.00,0.0000,0.0000,3000.0,0.0,1.000,16384.0,0.000,0,0,16384,1,2,0,0,1,1
1,chain3_i32,i32,4096,glibc_t2,P7,0,2,1,1884.00,0.0000,0.0000,2000.0,0.0,1.000,16384.0,0.000,0,0,16384,1,1,1,0,1,1
1,chain3_i32,i32,4096,glibc_t2,FIXED_TWIN,0,3,1,1859.00,0.0000,0.0000,2000.0,0.0,1.000,16384.0,0.000,0,0,16384,1,1,1,0,1,1
1,chain3_i32,i32,4096,glibc_t2,P6,1,0,1,1928.00,0.0000,0.0000,2000.0,0.0,1.000,16384.0,0.000,0,0,16384,1,2,0,0,1,1
1,chain3_i32,i32,4096,glibc_t2,P7,1,1,1,1779.00,0.0000,0.0000,2000.0,0.0,1.000,16384.0,0.000,0,0,16384,1,1,1,0,1,1
1,chain3_i32,i32,4096,glibc_t2,FIXED_TWIN,1,2,1,1810.00,0.0000,0.0000,2000.0,0.0,1.000,16384.0,0.000,0,0,16384,1,1,1,0,1,1
1,chain3_i32,i32,4096,glibc_t2,P5,1,3,1,2273.00,0.0000,0.0000,2000.0,0.0,3.000,49152.0,0.000,0,0,49152,3,0,0,0,1,1
1,chain3_i32,i32,4096,glibc_t2,P7,2,0,1,1792.00,0.0000,0.0000,2000.0,0.0,1.000,16384.0,0.000,0,0,16384,1,1,1,0,1,1
1,chain3_i32,i32,4096,glibc_t2,FIXED_TWIN,2,1,1,1743.00,0.0000,0.0000,3000.0,0.0,1.000,16384.0,0.000,0,0,16384,1,1,1,0,1,1
1,chain3_i32,i32,4096,glibc_t2,P5,2,2,1,2240.00,0.0000,0.0000,3000.0,0.0,3.000,49152.0,0.000,0,0,49152,3,0,0,0,1,1
1,chain3_i32,i32,4096,glibc_t2,P6,2,3,1,1951.00,0.0000,0.0000,3000.0,0.0,1.000,16384.0,0.000,0,0,16384,1,2,0,0,1,1
1,chain3_i32,i32,4096,glibc_t2,FIXED_TWIN,3,0,1,1782.00,0.0000,0.0000,2000.0,0.0,1.000,16384.0,0.000,0,0,16384,1,1,1,0,1,1
1,chain3_i32,i32,4096,glibc_t2,P5,3,1,1,2244.00,0.0000,0.0000,3000.0,0.0,3.000,49152.0,0.000,0,0,49152,3,0,0,0,1,1
1,chain3_i32,i32,4096,glibc_t2,P6,3,2,1,1917.00,0.0000,0.0000,2000.0,0.0,1.000,16384.0,0.000,0,0,16384,1,2,0,0,1,1
1,chain3_i32,i32,4096,glibc_t2,P7,3,3,1,1796.00,0.0000,0.0000,3000.0,0.0,1.000,16384.0,0.000,0,0,16384,1,1,1,0,1,1
1,chain3_i32,i32,4096,glibc_t2,P5,4,0,1,2180.00,0.0000,0.0000,3000.0,0.0,3.000,49152.0,0.000,0,0,49152,3,0,0,0,1,1
1,chain3_i32,i32,4096,glibc_t2,P6,4,1,1,1920.00,0.0000,0.0000,3000.0,0.0,1.000,16384.0,0.000,0,0,16384,1,2,0,0,1,1
1,chain3_i32,i32,4096,glibc_t2,P7,4,2,1,1802.00,0.0000,0.0000,2000.0,0.0,1.000,16384.0,0.000,0,0,16384,1,1,1,0,1,1
1,chain3_i32,i32,4096,glibc_t2,FIXED_TWIN,4,3,1,1782.00,0.0000,0.0000,2000.0,0.0,1.000,16384.0,0.000,0,0,16384,1,1,1,0,1,1
1,chain3_i32,i32,4096,glibc_t2,P6,5,0,1,1851.00,0.0000,0.0000,2000.0,0.0,1.000,16384.0,0.000,0,0,16384,1,2,0,0,1,1
1,chain3_i32,i32,4096,glibc_t2,P7,5,1,1,1798.00,0.0000,0.0000,2000.0,0.0,1.000,16384.0,0.000,0,0,16384,1,1,1,0,1,1
1,chain3_i32,i32,4096,glibc_t2,FIXED_TWIN,5,2,1,1774.00,0.0000,0.0000,3000.0,0.0,1.000,16384.0,0.000,0,0,16384,1,1,1,0,1,1
1,chain3_i32,i32,4096,glibc_t2,P5,5,3,1,2201.00,0.0000,0.0000,3000.0,0.0,3.000,49152.0,0.000,0,0,49152,3,0,0,0,1,1
1,chain3_i32,i32,4096,glibc_t2,P7,6,0,1,1774.00,0.0000,0.0000,2000.0,0.0,1.000,16384.0,0.000,0,0,16384,1,1,1,0,1,1
1,chain3_i32,i32,4096,glibc_t2,FIXED_TWIN,6,1,1,39876.00,0.0000,0.0000,41000.0,0.0,1.000,16384.0,0.000,0,0,16384,1,1,1,0,1,1
1,chain3_i32,i32,4096,glibc_t2,P5,6,2,1,2486.00,0.0000,0.0000,3000.0,0.0,3.000,49152.0,0.000,0,0,49152,3,0,0,0,1,1
1,chain3_i32,i32,4096,glibc_t2,P6,6,3,1,2545.00,0.0000,0.0000,3000.0,0.0,1.000,16384.0,0.000,0,0,16384,1,2,0,0,1,1
1,chain3_i32,i32,4096,glibc_t2,FIXED_TWIN,7,0,1,1795.00,0.0000,0.0000,3000.0,0.0,1.000,16384.0,0.000,0,0,16384,1,1,1,0,1,1
1,chain3_i32,i32,4096,glibc_t2,P5,7,1,1,2292.00,0.0000,0.0000,2000.0,0.0,3.000,49152.0,0.000,0,0,49152,3,0,0,0,1,1
1,chain3_i32,i32,4096,glibc_t2,P6,7,2,1,1925.00,0.0000,0.0000,3000.0,0.0,1.000,16384.0,0.000,0,0,16384,1,2,0,0,1,1
1,chain3_i32,i32,4096,glibc_t2,P7,7,3,1,1784.00,0.0000,0.0000,2000.0,0.0,1.000,16384.0,0.000,0,0,16384,1,1,1,0,1,1
1,chain3_i32,i32,4096,glibc_t2,P5,8,0,1,2202.00,0.0000,0.0000,3000.0,0.0,3.000,49152.0,0.000,0,0,49152,3,0,0,0,1,1
1,chain3_i32,i32,4096,glibc_t2,P6,8,1,1,1922.00,0.0000,0.0000,3000.0,0.0,1.000,16384.0,0.000,0,0,16384,1,2,0,0,1,1
1,chain3_i32,i32,4096,glibc_t2,P7,8,2,1,1806.00,0.0000,0.0000,2000.0,0.0,1.000,16384.0,0.000,0,0,16384,1,1,1,0,1,1
1,chain3_i32,i32,4096,glibc_t2,FIXED_TWIN,8,3,1,1789.00,0.0000,0.0000,2000.0,0.0,1.000,16384.0,0.000,0,0,16384,1,1,1,0,1,1
1,chain3_i32,i32,4096,glibc_t2,P6,9,0,1,1864.00,0.0000,0.0000,2000.0,0.0,1.000,16384.0,0.000,0,0,16384,1,2,0,0,1,1
1,chain3_i32,i32,4096,glibc_t2,P7,9,1,1,1765.00,0.0000,0.0000,2000.0,0.0,1.000,16384.0,0.000,0,0,16384,1,1,1,0,1,1
1,chain3_i32,i32,4096,glibc_t2,FIXED_TWIN,9,2,1,1828.00,0.0000,0.0000,2000.0,0.0,1.000,16384.0,0.000,0,0,16384,1,1,1,0,1,1
1,chain3_i32,i32,4096,glibc_t2,P5,9,3,1,2201.00,0.0000,0.0000,3000.0,0.0,3.000,49152.0,0.000,0,0,49152,3,0,0,0,1,1
1,chain3_i32,i32,4096,glibc_t2,P7,10,0,1,1775.00,0.0000,0.0000,3000.0,0.0,1.000,16384.0,0.000,0,0,16384,1,1,1,0,1,1
1,chain3_i32,i32,4096,glibc_t2,FIXED_TWIN,10,1,1,1827.00,0.0000,0.0000,2000.0,0.0,1.000,16384.0,0.000,0,0,16384,1,1,1,0,1,1
1,chain3_i32,i32,4096,glibc_t2,P5,10,2,1,2776.00,0.0000,0.0000,3000.0,0.0,3.000,49152.0,0.000,0,0,49152,3,0,0,0,1,1
1,chain3_i32,i32,4096,glibc_t2,P6,10,3,1,2283.00,0.0000,0.0000,2000.0,0.0,1.000,16384.0,0.000,0,0,16384,1,2,0,0,1,1
1,chain3_i32,i32,4096,glibc_t2,FIXED_TWIN,11,0,1,2160.00,0.0000,0.0000,3000.0,0.0,1.000,16384.0,0.000,0,0,16384,1,1,1,0,1,1
1,chain3_i32,i32,4096,glibc_t2,P5,11,1,1,2592.00,0.0000,0.0000,3000.0,0.0,3.000,49152.0,0.000,0,0,49152,3,0,0,0,1,1
1,chain3_i32,i32,4096,glibc_t2,P6,11,2,1,2347.00,0.0000,0.0000,3000.0,0.0,1.000,16384.0,0.000,0,0,16384,1,2,0,0,1,1
1,chain3_i32,i32,4096,glibc_t2,P7,11,3,1,2311.00,0.0000,0.0000,3000.0,0.0,1.000,16384.0,0.000,0,0,16384,1,1,1,0,1,1
1,chain3_i32,i32,4096,glibc_t2,P5,12,0,1,3142.00,0.0000,0.0000,4000.0,0.0,3.000,49152.0,0.000,0,0,49152,3,0,0,0,1,1
1,chain3_i32,i32,4096,glibc_t2,P6,12,1,1,2585.00,0.0000,0.0000,3000.0,0.0,1.000,16384.0,0.000,0,0,16384,1,2,0,0,1,1
1,chain3_i32,i32,4096,glibc_t2,P7,12,2,1,2498.00,0.0000,0.0000,3000.0,0.0,1.000,16384.0,0.000,0,0,16384,1,1,1,0,1,1
1,chain3_i32,i32,4096,glibc_t2,FIXED_TWIN,12,3,1,2265.00,0.0000,0.0000,3000.0,0.0,1.000,16384.0,0.000,0,0,16384,1,1,1,0,1,1
1,chain3_i32,i32,4096,glibc_t2,P6,13,0,1,2509.00,0.0000,0.0000,3000.0,0.0,1.000,16384.0,0.000,0,0,16384,1,2,0,0,1,1
1,chain3_i32,i32,4096,glibc_t2,P7,13,1,1,2670.00,0.0000,0.0000,3000.0,0.0,1.000,16384.0,0.000,0,0,16384,1,1,1,0,1,1
1,chain3_i32,i32,4096,glibc_t2,FIXED_TWIN,13,2,1,2251.00,0.0000,0.0000,2000.0,0.0,1.000,16384.0,0.000,0,0,16384,1,1,1,0,1,1
1,chain3_i32,i32,4096,glibc_t2,P5,13,3,1,2960.00,0.0000,0.0000,4000.0,0.0,3.000,49152.0,0.000,0,0,49152,3,0,0,0,1,1
1,chain3_i32,i32,4096,glibc_t2,P7,14,0,1,2568.00,0.0000,0.0000,3000.0,0.0,1.000,16384.0,0.000,0,0,16384,1,1,1,0,1,1
1,chain3_i32,i32,4096,glibc_t2,FIXED_TWIN,14,1,1,1764.00,0.0000,0.0000,2000.0,0.0,1.000,16384.0,0.000,0,0,16384,1,1,1,0,1,1
1,chain3_i32,i32,4096,glibc_t2,P5,14,2,1,2218.00,0.0000,0.0000,3000.0,0.0,3.000,49152.0,0.000,0,0,49152,3,0,0,0,1,1
1,chain3_i32,i32,4096,glibc_t2,P6,14,3,1,1928.00,0.0000,0.0000,3000.0,0.0,1.000,16384.0,0.000,0,0,16384,1,2,0,0,1,1
1,chain3_i32,i32,16384,glibc_t2,P5,0,0,1,6962.00,0.0000,0.0000,8000.0,0.0,3.000,196608.0,0.000,0,0,196608,3,0,0,0,1,1
1,chain3_i32,i32,16384,glibc_t2,P6,0,1,1,6682.00,0.0000,0.0000,8000.0,0.0,1.000,65536.0,0.000,0,0,65536,1,2,0,0,1,1
1,chain3_i32,i32,16384,glibc_t2,P7,0,2,1,5895.00,0.0000,0.0000,7000.0,0.0,1.000,65536.0,0.000,0,0,65536,1,1,1,0,1,1
1,chain3_i32,i32,16384,glibc_t2,FIXED_TWIN,0,3,1,5873.00,0.0000,0.0000,7000.0,0.0,1.000,65536.0,0.000,0,0,65536,1,1,1,0,1,1
1,chain3_i32,i32,16384,glibc_t2,P6,1,0,1,6633.00,0.0000,0.0000,7000.0,0.0,1.000,65536.0,0.000,0,0,65536,1,2,0,0,1,1
1,chain3_i32,i32,16384,glibc_t2,P7,1,1,1,5904.00,0.0000,0.0000,6000.0,0.0,1.000,65536.0,0.000,0,0,65536,1,1,1,0,1,1
1,chain3_i32,i32,16384,glibc_t2,FIXED_TWIN,1,2,1,5883.00,0.0000,0.0000,6000.0,0.0,1.000,65536.0,0.000,0,0,65536,1,1,1,0,1,1
1,chain3_i32,i32,16384,glibc_t2,P5,1,3,1,6947.00,0.0000,0.0000,7000.0,0.0,3.000,196608.0,0.000,0,0,196608,3,0,0,0,1,1
1,chain3_i32,i32,16384,glibc_t2,P7,2,0,1,5924.00,0.0000,0.0000,6000.0,0.0,1.000,65536.0,0.000,0,0,65536,1,1,1,0,1,1
1,chain3_i32,i32,16384,glibc_t2,FIXED_TWIN,2,1,1,5929.00,0.0000,0.0000,7000.0,0.0,1.000,65536.0,0.000,0,0,65536,1,1,1,0,1,1
1,chain3_i32,i32,16384,glibc_t2,P5,2,2,1,6941.00,0.0000,0.0000,8000.0,0.0,3.000,196608.0,0.000,0,0,196608,3,0,0,0,1,1
1,chain3_i32,i32,16384,glibc_t2,P6,2,3,1,6698.00,0.0000,0.0000,7000.0,0.0,1.000,65536.0,0.000,0,0,65536,1,2,0,0,1,1
1,chain3_i32,i32,16384,glibc_t2,FIXED_TWIN,3,0,1,5871.00,0.0000,0.0000,6000.0,0.0,1.000,65536.0,0.000,0,0,65536,1,1,1,0,1,1
1,chain3_i32,i32,16384,glibc_t2,P5,3,1,1,7036.00,0.0000,0.0000,8000.0,0.0,3.000,196608.0,0.000,0,0,196608,3,0,0,0,1,1
1,chain3_i32,i32,16384,glibc_t2,P6,3,2,1,6817.00,0.0000,0.0000,7000.0,0.0,1.000,65536.0,0.000,0,0,65536,1,2,0,0,1,1
1,chain3_i32,i32,16384,glibc_t2,P7,3,3,1,5969.00,0.0000,0.0000,6000.0,0.0,1.000,65536.0,0.000,0,0,65536,1,1,1,0,1,1
1,chain3_i32,i32,16384,glibc_t2,P5,4,0,1,6978.00,0.0000,0.0000,8000.0,0.0,3.000,196608.0,0.000,0,0,196608,3,0,0,0,1,1
1,chain3_i32,i32,16384,glibc_t2,P6,4,1,1,6693.00,0.0000,0.0000,8000.0,0.0,1.000,65536.0,0.000,0,0,65536,1,2,0,0,1,1
1,chain3_i32,i32,16384,glibc_t2,P7,4,2,1,5888.00,0.0000,0.0000,7000.0,0.0,1.000,65536.0,0.000,0,0,65536,1,1,1,0,1,1
1,chain3_i32,i32,16384,glibc_t2,FIXED_TWIN,4,3,1,5916.00,0.0000,0.0000,7000.0,0.0,1.000,65536.0,0.000,0,0,65536,1,1,1,0,1,1
1,chain3_i32,i32,16384,glibc_t2,P6,5,0,1,6672.00,0.0000,0.0000,7000.0,0.0,1.000,65536.0,0.000,0,0,65536,1,2,0,0,1,1
1,chain3_i32,i32,16384,glibc_t2,P7,5,1,1,5846.00,0.0000,0.0000,7000.0,0.0,1.000,65536.0,0.000,0,0,65536,1,1,1,0,1,1
1,chain3_i32,i32,16384,glibc_t2,FIXED_TWIN,5,2,1,5880.00,0.0000,0.0000,7000.0,0.0,1.000,65536.0,0.000,0,0,65536,1,1,1,0,1,1
1,chain3_i32,i32,16384,glibc_t2,P5,5,3,1,7998.00,0.0000,0.0000,9000.0,0.0,3.000,196608.0,0.000,0,0,196608,3,0,0,0,1,1
1,chain3_i32,i32,16384,glibc_t2,P7,6,0,1,5958.00,0.0000,0.0000,7000.0,0.0,1.000,65536.0,0.000,0,0,65536,1,1,1,0,1,1
1,chain3_i32,i32,16384,glibc_t2,FIXED_TWIN,6,1,1,5863.00,0.0000,0.0000,7000.0,0.0,1.000,65536.0,0.000,0,0,65536,1,1,1,0,1,1
1,chain3_i32,i32,16384,glibc_t2,P5,6,2,1,7105.00,0.0000,0.0000,8000.0,0.0,3.000,196608.0,0.000,0,0,196608,3,0,0,0,1,1
1,chain3_i32,i32,16384,glibc_t2,P6,6,3,1,6704.00,0.0000,0.0000,7000.0,0.0,1.000,65536.0,0.000,0,0,65536,1,2,0,0,1,1
1,chain3_i32,i32,16384,glibc_t2,FIXED_TWIN,7,0,1,5941.00,0.0000,0.0000,7000.0,0.0,1.000,65536.0,0.000,0,0,65536,1,1,1,0,1,1
1,chain3_i32,i32,16384,glibc_t2,P5,7,1,1,6937.00,0.0000,0.0000,7000.0,0.0,3.000,196608.0,0.000,0,0,196608,3,0,0,0,1,1
1,chain3_i32,i32,16384,glibc_t2,P6,7,2,1,6704.00,0.0000,0.0000,7000.0,0.0,1.000,65536.0,0.000,0,0,65536,1,2,0,0,1,1
1,chain3_i32,i32,16384,glibc_t2,P7,7,3,1,5941.00,0.0000,0.0000,6000.0,0.0,1.000,65536.0,0.000,0,0,65536,1,1,1,0,1,1
1,chain3_i32,i32,16384,glibc_t2,P5,8,0,1,6892.00,0.0000,0.0000,8000.0,0.0,3.000,196608.0,0.000,0,0,196608,3,0,0,0,1,1
1,chain3_i32,i32,16384,glibc_t2,P6,8,1,1,6713.00,0.0000,0.0000,8000.0,0.0,1.000,65536.0,0.000,0,0,65536,1,2,0,0,1,1
1,chain3_i32,i32,16384,glibc_t2,P7,8,2,1,8495.00,0.0000,0.0000,8000.0,0.0,1.000,65536.0,0.000,0,0,65536,1,1,1,0,1,1
1,chain3_i32,i32,16384,glibc_t2,FIXED_TWIN,8,3,1,5867.00,0.0000,0.0000,6000.0,0.0,1.000,65536.0,0.000,0,0,65536,1,1,1,0,1,1
1,chain3_i32,i32,16384,glibc_t2,P6,9,0,1,6695.00,0.0000,0.0000,7000.0,0.0,1.000,65536.0,0.000,0,0,65536,1,2,0,0,1,1
1,chain3_i32,i32,16384,glibc_t2,P7,9,1,1,5894.00,0.0000,0.0000,6000.0,0.0,1.000,65536.0,0.000,0,0,65536,1,1,1,0,1,1
1,chain3_i32,i32,16384,glibc_t2,FIXED_TWIN,9,2,1,5861.00,0.0000,0.0000,6000.0,0.0,1.000,65536.0,0.000,0,0,65536,1,1,1,0,1,1
1,chain3_i32,i32,16384,glibc_t2,P5,9,3,1,6929.00,0.0000,0.0000,7000.0,0.0,3.000,196608.0,0.000,0,0,196608,3,0,0,0,1,1
1,chain3_i32,i32,16384,glibc_t2,P7,10,0,1,5871.00,0.0000,0.0000,6000.0,0.0,1.000,65536.0,0.000,0,0,65536,1,1,1,0,1,1
1,chain3_i32,i32,16384,glibc_t2,FIXED_TWIN,10,1,1,5868.00,0.0000,0.0000,6000.0,0.0,1.000,65536.0,0.000,0,0,65536,1,1,1,0,1,1
1,chain3_i32,i32,16384,glibc_t2,P5,10,2,1,6879.00,0.0000,0.0000,7000.0,0.0,3.000,196608.0,0.000,0,0,196608,3,0,0,0,1,1
1,chain3_i32,i32,16384,glibc_t2,P6,10,3,1,6681.00,0.0000,0.0000,7000.0,0.0,1.000,65536.0,0.000,0,0,65536,1,2,0,0,1,1
1,chain3_i32,i32,16384,glibc_t2,FIXED_TWIN,11,0,1,5907.00,0.0000,0.0000,6000.0,0.0,1.000,65536.0,0.000,0,0,65536,1,1,1,0,1,1
1,chain3_i32,i32,16384,glibc_t2,P5,11,1,1,6885.00,0.0000,0.0000,8000.0,0.0,3.000,196608.0,0.000,0,0,196608,3,0,0,0,1,1
1,chain3_i32,i32,16384,glibc_t2,P6,11,2,1,6687.00,0.0000,0.0000,7000.0,0.0,1.000,65536.0,0.000,0,0,65536,1,2,0,0,1,1
1,chain3_i32,i32,16384,glibc_t2,P7,11,3,1,5917.00,0.0000,0.0000,7000.0,0.0,1.000,65536.0,0.000,0,0,65536,1,1,1,0,1,1
1,chain3_i32,i32,16384,glibc_t2,P5,12,0,1,6858.00,0.0000,0.0000,8000.0,0.0,3.000,196608.0,0.000,0,0,196608,3,0,0,0,1,1
1,chain3_i32,i32,16384,glibc_t2,P6,12,1,1,6653.00,0.0000,0.0000,7000.0,0.0,1.000,65536.0,0.000,0,0,65536,1,2,0,0,1,1
1,chain3_i32,i32,16384,glibc_t2,P7,12,2,1,5843.00,0.0000,0.0000,7000.0,0.0,1.000,65536.0,0.000,0,0,65536,1,1,1,0,1,1
1,chain3_i32,i32,16384,glibc_t2,FIXED_TWIN,12,3,1,9693.00,0.0000,0.0000,10000.0,0.0,1.000,65536.0,0.000,0,0,65536,1,1,1,0,1,1
1,chain3_i32,i32,16384,glibc_t2,P6,13,0,1,8672.00,0.0000,0.0000,10000.0,0.0,1.000,65536.0,0.000,0,0,65536,1,2,0,0,1,1
1,chain3_i32,i32,16384,glibc_t2,P7,13,1,1,6817.00,0.0000,0.0000,7000.0,0.0,1.000,65536.0,0.000,0,0,65536,1,1,1,0,1,1
1,chain3_i32,i32,16384,glibc_t2,FIXED_TWIN,13,2,1,7919.00,0.0000,0.0000,9000.0,0.0,1.000,65536.0,0.000,0,0,65536,1,1,1,0,1,1
1,chain3_i32,i32,16384,glibc_t2,P5,13,3,1,8685.00,0.0000,0.0000,9000.0,0.0,3.000,196608.0,0.000,0,0,196608,3,0,0,0,1,1
1,chain3_i32,i32,16384,glibc_t2,P7,14,0,1,7682.00,0.0000,0.0000,8000.0,0.0,1.000,65536.0,0.000,0,0,65536,1,1,1,0,1,1
1,chain3_i32,i32,16384,glibc_t2,FIXED_TWIN,14,1,1,7719.00,0.0000,0.0000,9000.0,0.0,1.000,65536.0,0.000,0,0,65536,1,1,1,0,1,1
1,chain3_i32,i32,16384,glibc_t2,P5,14,2,1,9830.00,0.0000,0.0000,11000.0,0.0,3.000,196608.0,0.000,0,0,196608,3,0,0,0,1,1
1,chain3_i32,i32,16384,glibc_t2,P6,14,3,1,8948.00,0.0000,0.0000,9000.0,0.0,1.000,65536.0,0.000,0,0,65536,1,2,0,0,1,1
1,chain3_i32,i32,65536,glibc_t2,P5,0,0,1,260674.00,195.0000,0.0000,113000.0,151000.0,3.000,786432.0,0.000,0,0,786432,3,0,0,0,1,1
1,chain3_i32,i32,65536,glibc_t2,P6,0,1,1,89567.00,65.0000,0.0000,39000.0,52000.0,1.000,262144.0,0.000,0,0,262144,1,2,0,0,1,1
1,chain3_i32,i32,65536,glibc_t2,P7,0,2,1,117215.00,65.0000,0.0000,51000.0,68000.0,1.000,262144.0,0.000,0,0,262144,1,1,1,0,1,1
1,chain3_i32,i32,65536,glibc_t2,FIXED_TWIN,0,3,1,125649.00,65.0000,0.0000,128000.0,0.0,1.000,262144.0,0.000,0,0,262144,1,1,1,0,1,1
1,chain3_i32,i32,65536,glibc_t2,P6,1,0,1,140183.00,65.0000,0.0000,142000.0,0.0,1.000,262144.0,0.000,0,0,262144,1,2,0,0,1,1
1,chain3_i32,i32,65536,glibc_t2,P7,1,1,1,117538.00,65.0000,0.0000,119000.0,0.0,1.000,262144.0,0.000,0,0,262144,1,1,1,0,1,1
1,chain3_i32,i32,65536,glibc_t2,FIXED_TWIN,1,2,1,85073.00,65.0000,0.0000,86000.0,0.0,1.000,262144.0,0.000,0,0,262144,1,1,1,0,1,1
1,chain3_i32,i32,65536,glibc_t2,P5,1,3,1,323683.00,195.0000,0.0000,325000.0,0.0,3.000,786432.0,0.000,0,0,786432,3,0,0,0,1,1
1,chain3_i32,i32,65536,glibc_t2,P7,2,0,1,86023.00,65.0000,0.0000,88000.0,0.0,1.000,262144.0,0.000,0,0,262144,1,1,1,0,1,1
1,chain3_i32,i32,65536,glibc_t2,FIXED_TWIN,2,1,1,85196.00,65.0000,0.0000,87000.0,0.0,1.000,262144.0,0.000,0,0,262144,1,1,1,0,1,1
1,chain3_i32,i32,65536,glibc_t2,P5,2,2,1,261093.00,195.0000,0.0000,262000.0,0.0,3.000,786432.0,0.000,0,0,786432,3,0,0,0,1,1
1,chain3_i32,i32,65536,glibc_t2,P6,2,3,1,90641.00,65.0000,0.0000,92000.0,0.0,1.000,262144.0,0.000,0,0,262144,1,2,0,0,1,1
1,chain3_i32,i32,65536,glibc_t2,FIXED_TWIN,3,0,1,85916.00,65.0000,0.0000,87000.0,0.0,1.000,262144.0,0.000,0,0,262144,1,1,1,0,1,1
1,chain3_i32,i32,65536,glibc_t2,P5,3,1,1,293606.00,195.0000,0.0000,295000.0,0.0,3.000,786432.0,0.000,0,0,786432,3,0,0,0,1,1
1,chain3_i32,i32,65536,glibc_t2,P6,3,2,1,90607.00,65.0000,0.0000,78000.0,15000.0,1.000,262144.0,0.000,0,0,262144,1,2,0,0,1,1
1,chain3_i32,i32,65536,glibc_t2,P7,3,3,1,99583.00,65.0000,0.0000,101000.0,0.0,1.000,262144.0,0.000,0,0,262144,1,1,1,0,1,1
1,chain3_i32,i32,65536,glibc_t2,P5,4,0,1,282574.00,195.0000,0.0000,284000.0,0.0,3.000,786432.0,0.000,0,0,786432,3,0,0,0,1,1
1,chain3_i32,i32,65536,glibc_t2,P6,4,1,1,100753.00,65.0000,0.0000,103000.0,0.0,1.000,262144.0,0.000,0,0,262144,1,2,0,0,1,1
1,chain3_i32,i32,65536,glibc_t2,P7,4,2,1,84640.00,65.0000,0.0000,86000.0,0.0,1.000,262144.0,0.000,0,0,262144,1,1,1,0,1,1
1,chain3_i32,i32,65536,glibc_t2,FIXED_TWIN,4,3,1,85128.00,65.0000,0.0000,86000.0,0.0,1.000,262144.0,0.000,0,0,262144,1,1,1,0,1,1
1,chain3_i32,i32,65536,glibc_t2,P6,5,0,1,92866.00,65.0000,0.0000,94000.0,0.0,1.000,262144.0,0.000,0,0,262144,1,2,0,0,1,1
1,chain3_i32,i32,65536,glibc_t2,P7,5,1,1,95690.00,65.0000,0.0000,97000.0,0.0,1.000,262144.0,0.000,0,0,262144,1,1,1,0,1,1
1,chain3_i32,i32,65536,glibc_t2,FIXED_TWIN,5,2,1,86735.00,65.0000,0.0000,87000.0,0.0,1.000,262144.0,0.000,0,0,262144,1,1,1,0,1,1
1,chain3_i32,i32,65536,glibc_t2,P5,5,3,1,261837.00,195.0000,0.0000,263000.0,0.0,3.000,786432.0,0.000,0,0,786432,3,0,0,0,1,1
1,chain3_i32,i32,65536,glibc_t2,P7,6,0,1,88492.00,65.0000,0.0000,90000.0,0.0,1.000,262144.0,0.000,0,0,262144,1,1,1,0,1,1
1,chain3_i32,i32,65536,glibc_t2,FIXED_TWIN,6,1,1,84549.00,65.0000,0.0000,85000.0,0.0,1.000,262144.0,0.000,0,0,262144,1,1,1,0,1,1
1,chain3_i32,i32,65536,glibc_t2,P5,6,2,1,250352.00,195.0000,0.0000,251000.0,0.0,3.000,786432.0,0.000,0,0,786432,3,0,0,0,1,1
1,chain3_i32,i32,65536,glibc_t2,P6,6,3,1,116842.00,65.0000,0.0000,118000.0,0.0,1.000,262144.0,0.000,0,0,262144,1,2,0,0,1,1
1,chain3_i32,i32,65536,glibc_t2,FIXED_TWIN,7,0,1,85862.00,65.0000,0.0000,87000.0,0.0,1.000,262144.0,0.000,0,0,262144,1,1,1,0,1,1
1,chain3_i32,i32,65536,glibc_t2,P5,7,1,1,246314.00,195.0000,0.0000,247000.0,0.0,3.000,786432.0,0.000,0,0,786432,3,0,0,0,1,1
1,chain3_i32,i32,65536,glibc_t2,P6,7,2,1,126855.00,65.0000,0.0000,129000.0,0.0,1.000,262144.0,0.000,0,0,262144,1,2,0,0,1,1
1,chain3_i32,i32,65536,glibc_t2,P7,7,3,1,93214.00,65.0000,0.0000,95000.0,0.0,1.000,262144.0,0.000,0,0,262144,1,1,1,0,1,1
1,chain3_i32,i32,65536,glibc_t2,P5,8,0,1,380841.00,195.0000,0.0000,384000.0,0.0,3.000,786432.0,0.000,0,0,786432,3,0,0,0,1,1
1,chain3_i32,i32,65536,glibc_t2,P6,8,1,1,139611.00,65.0000,0.0000,141000.0,0.0,1.000,262144.0,0.000,0,0,262144,1,2,0,0,1,1
1,chain3_i32,i32,65536,glibc_t2,P7,8,2,1,121277.00,65.0000,0.0000,123000.0,0.0,1.000,262144.0,0.000,0,0,262144,1,1,1,0,1,1
1,chain3_i32,i32,65536,glibc_t2,FIXED_TWIN,8,3,1,132702.00,65.0000,0.0000,135000.0,0.0,1.000,262144.0,0.000,0,0,262144,1,1,1,0,1,1
1,chain3_i32,i32,65536,glibc_t2,P6,9,0,1,107511.00,65.0000,0.0000,109000.0,0.0,1.000,262144.0,0.000,0,0,262144,1,2,0,0,1,1
1,chain3_i32,i32,65536,glibc_t2,P7,9,1,1,139692.00,65.0000,0.0000,141000.0,0.0,1.000,262144.0,0.000,0,0,262144,1,1,1,0,1,1
1,chain3_i32,i32,65536,glibc_t2,FIXED_TWIN,9,2,1,124008.00,65.0000,0.0000,125000.0,0.0,1.000,262144.0,0.000,0,0,262144,1,1,1,0,1,1
1,chain3_i32,i32,65536,glibc_t2,P5,9,3,1,354047.00,195.0000,0.0000,0.0,356000.0,3.000,786432.0,0.000,0,0,786432,3,0,0,0,1,1
1,chain3_i32,i32,65536,glibc_t2,P7,10,0,1,124929.00,65.0000,0.0000,0.0,159000.0,1.000,262144.0,0.000,0,0,262144,1,1,1,0,1,1
1,chain3_i32,i32,65536,glibc_t2,FIXED_TWIN,10,1,1,122148.00,65.0000,0.0000,0.0,124000.0,1.000,262144.0,0.000,0,0,262144,1,1,1,0,1,1
1,chain3_i32,i32,65536,glibc_t2,P5,10,2,1,374006.00,195.0000,0.0000,0.0,376000.0,3.000,786432.0,0.000,0,0,786432,3,0,0,0,1,1
1,chain3_i32,i32,65536,glibc_t2,P6,10,3,1,134533.00,65.0000,0.0000,0.0,136000.0,1.000,262144.0,0.000,0,0,262144,1,2,0,0,1,1
1,chain3_i32,i32,65536,glibc_t2,FIXED_TWIN,11,0,1,122182.00,65.0000,0.0000,0.0,124000.0,1.000,262144.0,0.000,0,0,262144,1,1,1,0,1,1
1,chain3_i32,i32,65536,glibc_t2,P5,11,1,1,290866.00,195.0000,0.0000,0.0,293000.0,3.000,786432.0,0.000,0,0,786432,3,0,0,0,1,1
1,chain3_i32,i32,65536,glibc_t2,P6,11,2,1,91051.00,65.0000,0.0000,0.0,92000.0,1.000,262144.0,0.000,0,0,262144,1,2,0,0,1,1
1,chain3_i32,i32,65536,glibc_t2,P7,11,3,1,123470.00,65.0000,0.0000,54000.0,71000.0,1.000,262144.0,0.000,0,0,262144,1,1,1,0,1,1
1,chain3_i32,i32,65536,glibc_t2,P5,12,0,1,331538.00,195.0000,0.0000,334000.0,0.0,3.000,786432.0,0.000,0,0,786432,3,0,0,0,1,1
1,chain3_i32,i32,65536,glibc_t2,P6,12,1,1,117263.00,65.0000,0.0000,120000.0,0.0,1.000,262144.0,0.000,0,0,262144,1,2,0,0,1,1
1,chain3_i32,i32,65536,glibc_t2,P7,12,2,1,115462.00,65.0000,0.0000,118000.0,0.0,1.000,262144.0,0.000,0,0,262144,1,1,1,0,1,1
1,chain3_i32,i32,65536,glibc_t2,FIXED_TWIN,12,3,1,94648.00,65.0000,0.0000,97000.0,0.0,1.000,262144.0,0.000,0,0,262144,1,1,1,0,1,1
1,chain3_i32,i32,65536,glibc_t2,P6,13,0,1,153550.00,65.0000,0.0000,155000.0,0.0,1.000,262144.0,0.000,0,0,262144,1,2,0,0,1,1
1,chain3_i32,i32,65536,glibc_t2,P7,13,1,1,119239.00,65.0000,0.0000,121000.0,0.0,1.000,262144.0,0.000,0,0,262144,1,1,1,0,1,1
1,chain3_i32,i32,65536,glibc_t2,FIXED_TWIN,13,2,1,96646.00,65.0000,0.0000,98000.0,0.0,1.000,262144.0,0.000,0,0,262144,1,1,1,0,1,1
1,chain3_i32,i32,65536,glibc_t2,P5,13,3,1,299276.00,195.0000,0.0000,324000.0,0.0,3.000,786432.0,0.000,0,0,786432,3,0,0,0,1,1
1,chain3_i32,i32,65536,glibc_t2,P7,14,0,1,107248.00,65.0000,0.0000,109000.0,0.0,1.000,262144.0,0.000,0,0,262144,1,1,1,0,1,1
1,chain3_i32,i32,65536,glibc_t2,FIXED_TWIN,14,1,1,90955.00,65.0000,0.0000,93000.0,0.0,1.000,262144.0,0.000,0,0,262144,1,1,1,0,1,1
1,chain3_i32,i32,65536,glibc_t2,P5,14,2,1,358689.00,195.0000,0.0000,0.0,360000.0,3.000,786432.0,0.000,0,0,786432,3,0,0,0,1,1
1,chain3_i32,i32,65536,glibc_t2,P6,14,3,1,99912.00,65.0000,0.0000,0.0,101000.0,1.000,262144.0,0.000,0,0,262144,1,2,0,0,1,1
1,chain3_i32,i32,262144,glibc_t2,P5,0,0,1,1355377.00,771.0000,0.0000,582000.0,776000.0,3.000,3145728.0,0.000,0,0,3145728,3,0,0,0,1,1
1,chain3_i32,i32,262144,glibc_t2,P6,0,1,1,570541.00,257.0000,0.0000,247000.0,329000.0,1.000,1048576.0,0.000,0,0,1048576,1,2,0,0,1,1
1,chain3_i32,i32,262144,glibc_t2,P7,0,2,1,540008.00,257.0000,0.0000,574000.0,0.0,1.000,1048576.0,0.000,0,0,1048576,1,1,1,0,1,1
1,chain3_i32,i32,262144,glibc_t2,FIXED_TWIN,0,3,1,463078.00,257.0000,0.0000,466000.0,0.0,1.000,1048576.0,0.000,0,0,1048576,1,1,1,0,1,1
1,chain3_i32,i32,262144,glibc_t2,P6,1,0,1,497976.00,257.0000,0.0000,500000.0,0.0,1.000,1048576.0,0.000,0,0,1048576,1,2,0,0,1,1
1,chain3_i32,i32,262144,glibc_t2,P7,1,1,1,501751.00,257.0000,0.0000,0.0,504000.0,1.000,1048576.0,0.000,0,0,1048576,1,1,1,0,1,1
1,chain3_i32,i32,262144,glibc_t2,FIXED_TWIN,1,2,1,458096.00,257.0000,0.0000,0.0,461000.0,1.000,1048576.0,0.000,0,0,1048576,1,1,1,0,1,1
1,chain3_i32,i32,262144,glibc_t2,P5,1,3,1,1110316.00,771.0000,0.0000,0.0,1112000.0,3.000,3145728.0,0.000,0,0,3145728,3,0,0,0,1,1
1,chain3_i32,i32,262144,glibc_t2,P7,2,0,1,434354.00,257.0000,0.0000,438000.0,0.0,1.000,1048576.0,0.000,0,0,1048576,1,1,1,0,1,1
1,chain3_i32,i32,262144,glibc_t2,FIXED_TWIN,2,1,1,432943.00,257.0000,0.0000,435000.0,0.0,1.000,1048576.0,0.000,0,0,1048576,1,1,1,0,1,1
1,chain3_i32,i32,262144,glibc_t2,P5,2,2,1,1065946.00,771.0000,0.0000,799000.0,268000.0,3.000,3145728.0,0.000,0,0,3145728,3,0,0,0,1,1
1,chain3_i32,i32,262144,glibc_t2,P6,2,3,1,468407.00,257.0000,0.0000,0.0,471000.0,1.000,1048576.0,0.000,0,0,1048576,1,2,0,0,1,1
1,chain3_i32,i32,262144,glibc_t2,FIXED_TWIN,3,0,1,447403.00,257.0000,0.0000,0.0,450000.0,1.000,1048576.0,0.000,0,0,1048576,1,1,1,0,1,1
1,chain3_i32,i32,262144,glibc_t2,P5,3,1,1,1125507.00,771.0000,0.0000,0.0,1128000.0,3.000,3145728.0,0.000,0,0,3145728,3,0,0,0,1,1
1,chain3_i32,i32,262144,glibc_t2,P6,3,2,1,470690.00,257.0000,0.0000,0.0,473000.0,1.000,1048576.0,0.000,0,0,1048576,1,2,0,0,1,1
1,chain3_i32,i32,262144,glibc_t2,P7,3,3,1,569503.00,257.0000,0.0000,0.0,574000.0,1.000,1048576.0,0.000,0,0,1048576,1,1,1,0,1,1
1,chain3_i32,i32,262144,glibc_t2,P5,4,0,1,1260444.00,771.0000,0.0000,1263000.0,0.0,3.000,3145728.0,0.000,0,0,3145728,3,0,0,0,1,1
1,chain3_i32,i32,262144,glibc_t2,P6,4,1,1,605285.00,257.0000,0.0000,261000.0,348000.0,1.000,1048576.0,0.000,0,0,1048576,1,2,0,0,1,1
1,chain3_i32,i32,262144,glibc_t2,P7,4,2,1,527416.00,257.0000,0.0000,0.0,530000.0,1.000,1048576.0,0.000,0,0,1048576,1,1,1,0,1,1
1,chain3_i32,i32,262144,glibc_t2,FIXED_TWIN,4,3,1,430680.00,257.0000,0.0000,0.0,434000.0,1.000,1048576.0,0.000,0,0,1048576,1,1,1,0,1,1
1,chain3_i32,i32,262144,glibc_t2,P6,5,0,1,451065.00,257.0000,0.0000,0.0,454000.0,1.000,1048576.0,0.000,0,0,1048576,1,2,0,0,1,1
1,chain3_i32,i32,262144,glibc_t2,P7,5,1,1,436156.00,257.0000,0.0000,0.0,439000.0,1.000,1048576.0,0.000,0,0,1048576,1,1,1,0,1,1
1,chain3_i32,i32,262144,glibc_t2,FIXED_TWIN,5,2,1,495796.00,257.0000,0.0000,498000.0,0.0,1.000,1048576.0,0.000,0,0,1048576,1,1,1,0,1,1
1,chain3_i32,i32,262144,glibc_t2,P5,5,3,1,1136759.00,771.0000,0.0000,1140000.0,0.0,3.000,3145728.0,0.000,0,0,3145728,3,0,0,0,1,1
1,chain3_i32,i32,262144,glibc_t2,P7,6,0,1,446824.00,257.0000,0.0000,449000.0,0.0,1.000,1048576.0,0.000,0,0,1048576,1,1,1,0,1,1
1,chain3_i32,i32,262144,glibc_t2,FIXED_TWIN,6,1,1,459426.00,257.0000,0.0000,0.0,462000.0,1.000,1048576.0,0.000,0,0,1048576,1,1,1,0,1,1
1,chain3_i32,i32,262144,glibc_t2,P5,6,2,1,1082070.00,771.0000,0.0000,0.0,1085000.0,3.000,3145728.0,0.000,0,0,3145728,3,0,0,0,1,1
1,chain3_i32,i32,262144,glibc_t2,P6,6,3,1,493478.00,257.0000,0.0000,0.0,496000.0,1.000,1048576.0,0.000,0,0,1048576,1,2,0,0,1,1
1,chain3_i32,i32,262144,glibc_t2,FIXED_TWIN,7,0,1,445372.00,257.0000,0.0000,0.0,447000.0,1.000,1048576.0,0.000,0,0,1048576,1,1,1,0,1,1
1,chain3_i32,i32,262144,glibc_t2,P5,7,1,1,1049807.00,771.0000,0.0000,0.0,1055000.0,3.000,3145728.0,0.000,0,0,3145728,3,0,0,0,1,1
1,chain3_i32,i32,262144,glibc_t2,P6,7,2,1,455938.00,257.0000,0.0000,459000.0,0.0,1.000,1048576.0,0.000,0,0,1048576,1,2,0,0,1,1
1,chain3_i32,i32,262144,glibc_t2,P7,7,3,1,434142.00,257.0000,0.0000,436000.0,0.0,1.000,1048576.0,0.000,0,0,1048576,1,1,1,0,1,1
1,chain3_i32,i32,262144,glibc_t2,P5,8,0,1,1081034.00,771.0000,0.0000,1083000.0,0.0,3.000,3145728.0,0.000,0,0,3145728,3,0,0,0,1,1
1,chain3_i32,i32,262144,glibc_t2,P6,8,1,1,474483.00,257.0000,0.0000,477000.0,0.0,1.000,1048576.0,0.000,0,0,1048576,1,2,0,0,1,1
1,chain3_i32,i32,262144,glibc_t2,P7,8,2,1,437787.00,257.0000,0.0000,441000.0,0.0,1.000,1048576.0,0.000,0,0,1048576,1,1,1,0,1,1
1,chain3_i32,i32,262144,glibc_t2,FIXED_TWIN,8,3,1,440059.00,257.0000,0.0000,442000.0,0.0,1.000,1048576.0,0.000,0,0,1048576,1,1,1,0,1,1
1,chain3_i32,i32,262144,glibc_t2,P6,9,0,1,492958.00,257.0000,0.0000,495000.0,0.0,1.000,1048576.0,0.000,0,0,1048576,1,2,0,0,1,1
1,chain3_i32,i32,262144,glibc_t2,P7,9,1,1,439393.00,257.0000,0.0000,441000.0,0.0,1.000,1048576.0,0.000,0,0,1048576,1,1,1,0,1,1
1,chain3_i32,i32,262144,glibc_t2,FIXED_TWIN,9,2,1,430765.00,257.0000,0.0000,433000.0,0.0,1.000,1048576.0,0.000,0,0,1048576,1,1,1,0,1,1
1,chain3_i32,i32,262144,glibc_t2,P5,9,3,1,1071760.00,771.0000,0.0000,1073000.0,0.0,3.000,3145728.0,0.000,0,0,3145728,3,0,0,0,1,1
1,chain3_i32,i32,262144,glibc_t2,P7,10,0,1,435956.00,257.0000,0.0000,438000.0,0.0,1.000,1048576.0,0.000,0,0,1048576,1,1,1,0,1,1
1,chain3_i32,i32,262144,glibc_t2,FIXED_TWIN,10,1,1,424000.00,257.0000,0.0000,426000.0,0.0,1.000,1048576.0,0.000,0,0,1048576,1,1,1,0,1,1
1,chain3_i32,i32,262144,glibc_t2,P5,10,2,1,1057563.00,771.0000,0.0000,1096000.0,0.0,3.000,3145728.0,0.000,0,0,3145728,3,0,0,0,1,1
1,chain3_i32,i32,262144,glibc_t2,P6,10,3,1,499876.00,257.0000,0.0000,503000.0,0.0,1.000,1048576.0,0.000,0,0,1048576,1,2,0,0,1,1
1,chain3_i32,i32,262144,glibc_t2,FIXED_TWIN,11,0,1,456033.00,257.0000,0.0000,459000.0,0.0,1.000,1048576.0,0.000,0,0,1048576,1,1,1,0,1,1
1,chain3_i32,i32,262144,glibc_t2,P5,11,1,1,1060028.00,771.0000,0.0000,0.0,1062000.0,3.000,3145728.0,0.000,0,0,3145728,3,0,0,0,1,1
1,chain3_i32,i32,262144,glibc_t2,P6,11,2,1,456828.00,257.0000,0.0000,170000.0,289000.0,1.000,1048576.0,0.000,0,0,1048576,1,2,0,0,1,1
1,chain3_i32,i32,262144,glibc_t2,P7,11,3,1,434455.00,257.0000,0.0000,187000.0,250000.0,1.000,1048576.0,0.000,0,0,1048576,1,1,1,0,1,1
1,chain3_i32,i32,262144,glibc_t2,P5,12,0,1,1079158.00,771.0000,0.0000,1082000.0,0.0,3.000,3145728.0,0.000,0,0,3145728,3,0,0,0,1,1
1,chain3_i32,i32,262144,glibc_t2,P6,12,1,1,487685.00,257.0000,0.0000,491000.0,0.0,1.000,1048576.0,0.000,0,0,1048576,1,2,0,0,1,1
1,chain3_i32,i32,262144,glibc_t2,P7,12,2,1,487350.00,257.0000,0.0000,0.0,490000.0,1.000,1048576.0,0.000,0,0,1048576,1,1,1,0,1,1
1,chain3_i32,i32,262144,glibc_t2,FIXED_TWIN,12,3,1,447342.00,257.0000,0.0000,0.0,450000.0,1.000,1048576.0,0.000,0,0,1048576,1,1,1,0,1,1
1,chain3_i32,i32,262144,glibc_t2,P6,13,0,1,453534.00,257.0000,0.0000,0.0,456000.0,1.000,1048576.0,0.000,0,0,1048576,1,2,0,0,1,1
1,chain3_i32,i32,262144,glibc_t2,P7,13,1,1,450058.00,257.0000,0.0000,0.0,452000.0,1.000,1048576.0,0.000,0,0,1048576,1,1,1,0,1,1
1,chain3_i32,i32,262144,glibc_t2,FIXED_TWIN,13,2,1,437228.00,257.0000,0.0000,0.0,440000.0,1.000,1048576.0,0.000,0,0,1048576,1,1,1,0,1,1
1,chain3_i32,i32,262144,glibc_t2,P5,13,3,1,1101022.00,771.0000,0.0000,0.0,1103000.0,3.000,3145728.0,0.000,0,0,3145728,3,0,0,0,1,1
1,chain3_i32,i32,262144,glibc_t2,P7,14,0,1,425562.00,257.0000,0.0000,34000.0,393000.0,1.000,1048576.0,0.000,0,0,1048576,1,1,1,0,1,1
1,chain3_i32,i32,262144,glibc_t2,FIXED_TWIN,14,1,1,504117.00,257.0000,0.0000,0.0,507000.0,1.000,1048576.0,0.000,0,0,1048576,1,1,1,0,1,1
1,chain3_i32,i32,262144,glibc_t2,P5,14,2,1,1077454.00,771.0000,0.0000,0.0,1080000.0,3.000,3145728.0,0.000,0,0,3145728,3,0,0,0,1,1
1,chain3_i32,i32,262144,glibc_t2,P6,14,3,1,506361.00,257.0000,0.0000,0.0,509000.0,1.000,1048576.0,0.000,0,0,1048576,1,2,0,0,1,1
1,chain3_i32,i32,1048576,glibc_t2,P5,0,0,1,4462836.00,3075.0000,0.0000,4200000.0,268000.0,3.000,12582912.0,0.000,0,0,12582912,3,0,0,0,1,1
1,chain3_i32,i32,1048576,glibc_t2,P6,0,1,1,2034923.00,1025.0000,0.0000,2040000.0,0.0,1.000,4194304.0,0.000,0,0,4194304,1,2,0,0,1,1
1,chain3_i32,i32,1048576,glibc_t2,P7,0,2,1,1864260.00,1025.0000,0.0000,0.0,1868000.0,1.000,4194304.0,0.000,0,0,4194304,1,1,1,0,1,1
1,chain3_i32,i32,1048576,glibc_t2,FIXED_TWIN,0,3,1,1863125.00,1025.0000,0.0000,0.0,1867000.0,1.000,4194304.0,0.000,0,0,4194304,1,1,1,0,1,1
1,chain3_i32,i32,1048576,glibc_t2,P6,1,0,1,2040949.00,1025.0000,0.0000,2044000.0,0.0,1.000,4194304.0,0.000,0,0,4194304,1,2,0,0,1,1
1,chain3_i32,i32,1048576,glibc_t2,P7,1,1,1,1846984.00,1025.0000,0.0000,1850000.0,0.0,1.000,4194304.0,0.000,0,0,4194304,1,1,1,0,1,1
1,chain3_i32,i32,1048576,glibc_t2,FIXED_TWIN,1,2,1,1832169.00,1025.0000,0.0000,1835000.0,0.0,1.000,4194304.0,0.000,0,0,4194304,1,1,1,0,1,1
1,chain3_i32,i32,1048576,glibc_t2,P5,1,3,1,4968443.00,3075.0000,0.0000,417000.0,4554000.0,3.000,12582912.0,0.000,0,0,12582912,3,0,0,0,1,1
1,chain3_i32,i32,1048576,glibc_t2,P7,2,0,1,1882633.00,1025.0000,0.0000,1886000.0,0.0,1.000,4194304.0,0.000,0,0,4194304,1,1,1,0,1,1
1,chain3_i32,i32,1048576,glibc_t2,FIXED_TWIN,2,1,1,1901352.00,1025.0000,0.0000,1904000.0,0.0,1.000,4194304.0,0.000,0,0,4194304,1,1,1,0,1,1
1,chain3_i32,i32,1048576,glibc_t2,P5,2,2,1,4497598.00,3075.0000,0.0000,215000.0,4285000.0,3.000,12582912.0,0.000,0,0,12582912,3,0,0,0,1,1
1,chain3_i32,i32,1048576,glibc_t2,P6,2,3,1,2012555.00,1025.0000,0.0000,2014000.0,0.0,1.000,4194304.0,0.000,0,0,4194304,1,2,0,0,1,1
1,chain3_i32,i32,1048576,glibc_t2,FIXED_TWIN,3,0,1,1917294.00,1025.0000,0.0000,0.0,1920000.0,1.000,4194304.0,0.000,0,0,4194304,1,1,1,0,1,1
1,chain3_i32,i32,1048576,glibc_t2,P5,3,1,1,4387958.00,3075.0000,0.0000,0.0,4390000.0,3.000,12582912.0,0.000,0,0,12582912,3,0,0,0,1,1
1,chain3_i32,i32,1048576,glibc_t2,P6,3,2,1,2156300.00,1025.0000,0.0000,1486000.0,674000.0,1.000,4194304.0,0.000,0,0,4194304,1,2,0,0,1,1
1,chain3_i32,i32,1048576,glibc_t2,P7,3,3,1,1847342.00,1025.0000,0.0000,148000.0,1703000.0,1.000,4194304.0,0.000,0,0,4194304,1,1,1,0,1,1
1,chain3_i32,i32,1048576,glibc_t2,P5,4,0,1,4629471.00,3075.0000,0.0000,272000.0,4361000.0,3.000,12582912.0,0.000,0,0,12582912,3,0,0,0,1,1
1,chain3_i32,i32,1048576,glibc_t2,P6,4,1,1,2076083.00,1025.0000,0.0000,2079000.0,0.0,1.000,4194304.0,0.000,0,0,4194304,1,2,0,0,1,1
1,chain3_i32,i32,1048576,glibc_t2,P7,4,2,1,1878944.00,1025.0000,0.0000,1882000.0,0.0,1.000,4194304.0,0.000,0,0,4194304,1,1,1,0,1,1
1,chain3_i32,i32,1048576,glibc_t2,FIXED_TWIN,4,3,1,1921184.00,1025.0000,0.0000,1924000.0,0.0,1.000,4194304.0,0.000,0,0,4194304,1,1,1,0,1,1
1,chain3_i32,i32,1048576,glibc_t2,P6,5,0,1,2046226.00,1025.0000,0.0000,879000.0,1171000.0,1.000,4194304.0,0.000,0,0,4194304,1,2,0,0,1,1
1,chain3_i32,i32,1048576,glibc_t2,P7,5,1,1,1908005.00,1025.0000,0.0000,1653000.0,257000.0,1.000,4194304.0,0.000,0,0,4194304,1,1,1,0,1,1
1,chain3_i32,i32,1048576,glibc_t2,FIXED_TWIN,5,2,1,1892249.00,1025.0000,0.0000,1895000.0,0.0,1.000,4194304.0,0.000,0,0,4194304,1,1,1,0,1,1
1,chain3_i32,i32,1048576,glibc_t2,P5,5,3,1,4977831.00,3075.0000,0.0000,1408000.0,3573000.0,3.000,12582912.0,0.000,0,0,12582912,3,0,0,0,1,1
1,chain3_i32,i32,1048576,glibc_t2,P7,6,0,1,1851530.00,1025.0000,0.0000,119000.0,1735000.0,1.000,4194304.0,0.000,0,0,4194304,1,1,1,0,1,1
1,chain3_i32,i32,1048576,glibc_t2,FIXED_TWIN,6,1,1,1905782.00,1025.0000,0.0000,168000.0,1741000.0,1.000,4194304.0,0.000,0,0,4194304,1,1,1,0,1,1
1,chain3_i32,i32,1048576,glibc_t2,P5,6,2,1,4551840.00,3075.0000,0.0000,238000.0,4316000.0,3.000,12582912.0,0.000,0,0,12582912,3,0,0,0,1,1
1,chain3_i32,i32,1048576,glibc_t2,P6,6,3,1,2103182.00,1025.0000,0.0000,1660000.0,445000.0,1.000,4194304.0,0.000,0,0,4194304,1,2,0,0,1,1
1,chain3_i32,i32,1048576,glibc_t2,FIXED_TWIN,7,0,1,1870854.00,1025.0000,0.0000,1640000.0,235000.0,1.000,4194304.0,0.000,0,0,4194304,1,1,1,0,1,1
1,chain3_i32,i32,1048576,glibc_t2,P5,7,1,1,4650249.00,3075.0000,0.0000,0.0,4653000.0,3.000,12582912.0,0.000,0,0,12582912,3,0,0,0,1,1
1,chain3_i32,i32,1048576,glibc_t2,P6,7,2,1,2090665.00,1025.0000,0.0000,0.0,2094000.0,1.000,4194304.0,0.000,0,0,4194304,1,2,0,0,1,1
1,chain3_i32,i32,1048576,glibc_t2,P7,7,3,1,1886485.00,1025.0000,0.0000,811000.0,1080000.0,1.000,4194304.0,0.000,0,0,4194304,1,1,1,0,1,1
1,chain3_i32,i32,1048576,glibc_t2,P5,8,0,1,4701516.00,3075.0000,0.0000,0.0,4707000.0,3.000,12582912.0,0.000,0,0,12582912,3,0,0,0,1,1
1,chain3_i32,i32,1048576,glibc_t2,P6,8,1,1,2105397.00,1025.0000,0.0000,0.0,2108000.0,1.000,4194304.0,0.000,0,0,4194304,1,2,0,0,1,1
1,chain3_i32,i32,1048576,glibc_t2,P7,8,2,1,1891375.00,1025.0000,0.0000,1894000.0,0.0,1.000,4194304.0,0.000,0,0,4194304,1,1,1,0,1,1
1,chain3_i32,i32,1048576,glibc_t2,FIXED_TWIN,8,3,1,1859851.00,1025.0000,0.0000,0.0,1863000.0,1.000,4194304.0,0.000,0,0,4194304,1,1,1,0,1,1
1,chain3_i32,i32,1048576,glibc_t2,P6,9,0,1,2066101.00,1025.0000,0.0000,887000.0,1182000.0,1.000,4194304.0,0.000,0,0,4194304,1,2,0,0,1,1
1,chain3_i32,i32,1048576,glibc_t2,P7,9,1,1,1937374.00,1025.0000,0.0000,1728000.0,213000.0,1.000,4194304.0,0.000,0,0,4194304,1,1,1,0,1,1
1,chain3_i32,i32,1048576,glibc_t2,FIXED_TWIN,9,2,1,1887372.00,1025.0000,0.0000,150000.0,1740000.0,1.000,4194304.0,0.000,0,0,4194304,1,1,1,0,1,1
1,chain3_i32,i32,1048576,glibc_t2,P5,9,3,1,4944625.00,3075.0000,0.0000,1583000.0,3364000.0,3.000,12582912.0,0.000,0,0,12582912,3,0,0,0,1,1
1,chain3_i32,i32,1048576,glibc_t2,P7,10,0,1,1879181.00,1025.0000,0.0000,124000.0,1759000.0,1.000,4194304.0,0.000,0,0,4194304,1,1,1,0,1,1
1,chain3_i32,i32,1048576,glibc_t2,FIXED_TWIN,10,1,1,1936501.00,1025.0000,0.0000,227000.0,1713000.0,1.000,4194304.0,0.000,0,0,4194304,1,1,1,0,1,1
1,chain3_i32,i32,1048576,glibc_t2,P5,10,2,1,4597253.00,3075.0000,0.0000,0.0,4600000.0,3.000,12582912.0,0.000,0,0,12582912,3,0,0,0,1,1
1,chain3_i32,i32,1048576,glibc_t2,P6,10,3,1,2072237.00,1025.0000,0.0000,2074000.0,0.0,1.000,4194304.0,0.000,0,0,4194304,1,2,0,0,1,1
1,chain3_i32,i32,1048576,glibc_t2,FIXED_TWIN,11,0,1,1860350.00,1025.0000,0.0000,799000.0,1064000.0,1.000,4194304.0,0.000,0,0,4194304,1,1,1,0,1,1
1,chain3_i32,i32,1048576,glibc_t2,P5,11,1,1,4763031.00,3075.0000,0.0000,2614000.0,2154000.0,3.000,12582912.0,0.000,0,0,12582912,3,0,0,0,1,1
1,chain3_i32,i32,1048576,glibc_t2,P6,11,2,1,2103926.00,1025.0000,0.0000,0.0,2107000.0,1.000,4194304.0,0.000,0,0,4194304,1,2,0,0,1,1
1,chain3_i32,i32,1048576,glibc_t2,P7,11,3,1,1880089.00,1025.0000,0.0000,0.0,1883000.0,1.000,4194304.0,0.000,0,0,4194304,1,1,1,0,1,1
1,chain3_i32,i32,1048576,glibc_t2,P5,12,0,1,4536333.00,3075.0000,0.0000,3841000.0,698000.0,3.000,12582912.0,0.000,0,0,12582912,3,0,0,0,1,1
1,chain3_i32,i32,1048576,glibc_t2,P6,12,1,1,2022106.00,1025.0000,0.0000,1663000.0,361000.0,1.000,4194304.0,0.000,0,0,4194304,1,2,0,0,1,1
1,chain3_i32,i32,1048576,glibc_t2,P7,12,2,1,1837459.00,1025.0000,0.0000,1676000.0,164000.0,1.000,4194304.0,0.000,0,0,4194304,1,1,1,0,1,1
1,chain3_i32,i32,1048576,glibc_t2,FIXED_TWIN,12,3,1,1868767.00,1025.0000,0.0000,1871000.0,0.0,1.000,4194304.0,0.000,0,0,4194304,1,1,1,0,1,1
1,chain3_i32,i32,1048576,glibc_t2,P6,13,0,1,2048938.00,1025.0000,0.0000,0.0,2051000.0,1.000,4194304.0,0.000,0,0,4194304,1,2,0,0,1,1
1,chain3_i32,i32,1048576,glibc_t2,P7,13,1,1,1875930.00,1025.0000,0.0000,1879000.0,0.0,1.000,4194304.0,0.000,0,0,4194304,1,1,1,0,1,1
1,chain3_i32,i32,1048576,glibc_t2,FIXED_TWIN,13,2,1,1854976.00,1025.0000,0.0000,1858000.0,0.0,1.000,4194304.0,0.000,0,0,4194304,1,1,1,0,1,1
1,chain3_i32,i32,1048576,glibc_t2,P5,13,3,1,4708943.00,3075.0000,0.0000,4305000.0,407000.0,3.000,12582912.0,0.000,0,0,12582912,3,0,0,0,1,1
1,chain3_i32,i32,1048576,glibc_t2,P7,14,0,1,1910337.00,1025.0000,0.0000,1913000.0,0.0,1.000,4194304.0,0.000,0,0,4194304,1,1,1,0,1,1
1,chain3_i32,i32,1048576,glibc_t2,FIXED_TWIN,14,1,1,1959378.00,1025.0000,0.0000,0.0,1963000.0,1.000,4194304.0,0.000,0,0,4194304,1,1,1,0,1,1
1,chain3_i32,i32,1048576,glibc_t2,P5,14,2,1,4466821.00,3075.0000,0.0000,202000.0,4267000.0,3.000,12582912.0,0.000,0,0,12582912,3,0,0,0,1,1
1,chain3_i32,i32,1048576,glibc_t2,P6,14,3,1,2003876.00,1025.0000,0.0000,297000.0,1709000.0,1.000,4194304.0,0.000,0,0,4194304,1,2,0,0,1,1
1,chain3_i32,i32,4194304,glibc_t2,P5,0,0,1,28755228.00,12291.0000,0.0000,4328000.0,24434000.0,3.000,50331648.0,0.000,0,0,50331648,3,0,0,0,1,1
1,chain3_i32,i32,4194304,glibc_t2,P6,0,1,1,11638361.00,4097.0000,0.0000,3748000.0,7796000.0,1.000,16777216.0,0.000,0,0,16777216,1,2,0,0,1,1
1,chain3_i32,i32,4194304,glibc_t2,P7,0,2,1,10245183.00,4097.0000,0.0000,4964000.0,5284000.0,1.000,16777216.0,0.000,0,0,16777216,1,1,1,0,1,1
1,chain3_i32,i32,4194304,glibc_t2,FIXED_TWIN,0,3,1,10187879.00,4097.0000,0.0000,4940000.0,5252000.0,1.000,16777216.0,0.000,0,0,16777216,1,1,1,0,1,1
1,chain3_i32,i32,4194304,glibc_t2,P6,1,0,1,11035110.00,4097.0000,0.0000,9302000.0,1737000.0,1.000,16777216.0,0.000,0,0,16777216,1,2,0,0,1,1
1,chain3_i32,i32,4194304,glibc_t2,P7,1,1,1,10091581.00,4097.0000,0.0000,4899000.0,5198000.0,1.000,16777216.0,0.000,0,0,16777216,1,1,1,0,1,1
1,chain3_i32,i32,4194304,glibc_t2,FIXED_TWIN,1,2,1,9919995.00,4097.0000,0.0000,825000.0,9098000.0,1.000,16777216.0,0.000,0,0,16777216,1,1,1,0,1,1
1,chain3_i32,i32,4194304,glibc_t2,P5,1,3,1,27886327.00,12291.0000,0.0000,15952000.0,11938000.0,3.000,50331648.0,0.000,0,0,50331648,3,0,0,0,1,1
1,chain3_i32,i32,4194304,glibc_t2,P7,2,0,1,10746657.00,4097.0000,0.0000,7920000.0,2831000.0,1.000,16777216.0,0.000,0,0,16777216,1,1,1,0,1,1
1,chain3_i32,i32,4194304,glibc_t2,FIXED_TWIN,2,1,1,9854906.00,4097.0000,0.0000,8796000.0,1063000.0,1.000,16777216.0,0.000,0,0,16777216,1,1,1,0,1,1
1,chain3_i32,i32,4194304,glibc_t2,P5,2,2,1,28210017.00,12291.0000,0.0000,8092000.0,20121000.0,3.000,50331648.0,0.000,0,0,50331648,3,0,0,0,1,1
1,chain3_i32,i32,4194304,glibc_t2,P6,2,3,1,11451033.00,4097.0000,0.0000,7766000.0,3690000.0,1.000,16777216.0,0.000,0,0,16777216,1,2,0,0,1,1
1,chain3_i32,i32,4194304,glibc_t2,FIXED_TWIN,3,0,1,10152161.00,4097.0000,0.0000,3210000.0,6947000.0,1.000,16777216.0,0.000,0,0,16777216,1,1,1,0,1,1
1,chain3_i32,i32,4194304,glibc_t2,P5,3,1,1,28471286.00,12291.0000,0.0000,4206000.0,24270000.0,3.000,50331648.0,0.000,0,0,50331648,3,0,0,0,1,1
1,chain3_i32,i32,4194304,glibc_t2,P6,3,2,1,12078480.00,4097.0000,0.0000,8036000.0,4048000.0,1.000,16777216.0,0.000,0,0,16777216,1,2,0,0,1,1
1,chain3_i32,i32,4194304,glibc_t2,P7,3,3,1,10280508.00,4097.0000,0.0000,4980000.0,5305000.0,1.000,16777216.0,0.000,0,0,16777216,1,1,1,0,1,1
1,chain3_i32,i32,4194304,glibc_t2,P5,4,0,1,29093512.00,12291.0000,0.0000,14755000.0,14343000.0,3.000,50331648.0,0.000,0,0,50331648,3,0,0,0,1,1
1,chain3_i32,i32,4194304,glibc_t2,P6,4,1,1,11571408.00,4097.0000,0.0000,11576000.0,0.0,1.000,16777216.0,0.000,0,0,16777216,1,2,0,0,1,1
1,chain3_i32,i32,4194304,glibc_t2,P7,4,2,1,10446604.00,4097.0000,0.0000,10432000.0,0.0,1.000,16777216.0,0.000,0,0,16777216,1,1,1,0,1,1
1,chain3_i32,i32,4194304,glibc_t2,FIXED_TWIN,4,3,1,11025709.00,4097.0000,0.0000,11031000.0,0.0,1.000,16777216.0,0.000,0,0,16777216,1,1,1,0,1,1
1,chain3_i32,i32,4194304,glibc_t2,P6,5,0,1,12790269.00,4097.0000,0.0000,8341000.0,4455000.0,1.000,16777216.0,0.000,0,0,16777216,1,2,0,0,1,1
1,chain3_i32,i32,4194304,glibc_t2,P7,5,1,1,10952437.00,4097.0000,0.0000,3553000.0,7405000.0,1.000,16777216.0,0.000,0,0,16777216,1,1,1,0,1,1
1,chain3_i32,i32,4194304,glibc_t2,FIXED_TWIN,5,2,1,10520031.00,4097.0000,0.0000,1084000.0,9442000.0,1.000,16777216.0,0.000,0,0,16777216,1,1,1,0,1,1
1,chain3_i32,i32,4194304,glibc_t2,P5,5,3,1,28994719.00,12291.0000,0.0000,4430000.0,24568000.0,3.000,50331648.0,0.000,0,0,50331648,3,0,0,0,1,1
1,chain3_i32,i32,4194304,glibc_t2,P7,6,0,1,11374820.00,4097.0000,0.0000,3734000.0,7645000.0,1.000,16777216.0,0.000,0,0,16777216,1,1,1,0,1,1
1,chain3_i32,i32,4194304,glibc_t2,FIXED_TWIN,6,1,1,10520069.00,4097.0000,0.0000,7367000.0,3159000.0,1.000,16777216.0,0.000,0,0,16777216,1,1,1,0,1,1
1,chain3_i32,i32,4194304,glibc_t2,P5,6,2,1,30927040.00,12291.0000,0.0000,19540000.0,11391000.0,3.000,50331648.0,0.000,0,0,50331648,3,0,0,0,1,1
1,chain3_i32,i32,4194304,glibc_t2,P6,6,3,1,11945233.00,4097.0000,0.0000,7978000.0,3971000.0,1.000,16777216.0,0.000,0,0,16777216,1,2,0,0,1,1
1,chain3_i32,i32,4194304,glibc_t2,FIXED_TWIN,7,0,1,10359868.00,4097.0000,0.0000,5014000.0,5350000.0,1.000,16777216.0,0.000,0,0,16777216,1,1,1,0,1,1
1,chain3_i32,i32,4194304,glibc_t2,P5,7,1,1,30064318.00,12291.0000,0.0000,8890000.0,21183000.0,3.000,50331648.0,0.000,0,0,50331648,3,0,0,0,1,1
1,chain3_i32,i32,4194304,glibc_t2,P6,7,2,1,12093100.00,4097.0000,0.0000,4037000.0,8049000.0,1.000,16777216.0,0.000,0,0,16777216,1,2,0,0,1,1
1,chain3_i32,i32,4194304,glibc_t2,P7,7,3,1,10678524.00,4097.0000,0.0000,10684000.0,0.0,1.000,16777216.0,0.000,0,0,16777216,1,1,1,0,1,1
1,chain3_i32,i32,4194304,glibc_t2,P5,8,0,1,28985078.00,12291.0000,0.0000,8425000.0,20565000.0,3.000,50331648.0,0.000,0,0,50331648,3,0,0,0,1,1
1,chain3_i32,i32,4194304,glibc_t2,P6,8,1,1,13628669.00,4097.0000,0.0000,8701000.0,4934000.0,1.000,16777216.0,0.000,0,0,16777216,1,2,0,0,1,1
1,chain3_i32,i32,4194304,glibc_t2,P7,8,2,1,10754567.00,4097.0000,0.0000,3468000.0,7292000.0,1.000,16777216.0,0.000,0,0,16777216,1,1,1,0,1,1
1,chain3_i32,i32,4194304,glibc_t2,FIXED_TWIN,8,3,1,10536187.00,4097.0000,0.0000,7374000.0,3167000.0,1.000,16777216.0,0.000,0,0,16777216,1,1,1,0,1,1
1,chain3_i32,i32,4194304,glibc_t2,P6,9,0,1,11407163.00,4097.0000,0.0000,7724000.0,3688000.0,1.000,16777216.0,0.000,0,0,16777216,1,2,0,0,1,1
1,chain3_i32,i32,4194304,glibc_t2,P7,9,1,1,11907094.00,4097.0000,0.0000,3962000.0,7949000.0,1.000,16777216.0,0.000,0,0,16777216,1,1,1,0,1,1
1,chain3_i32,i32,4194304,glibc_t2,FIXED_TWIN,9,2,1,10512978.00,4097.0000,0.0000,3364000.0,7153000.0,1.000,16777216.0,0.000,0,0,16777216,1,1,1,0,1,1
1,chain3_i32,i32,4194304,glibc_t2,P5,9,3,1,30085941.00,12291.0000,0.0000,3183000.0,26908000.0,3.000,50331648.0,0.000,0,0,50331648,3,0,0,0,1,1
1,chain3_i32,i32,4194304,glibc_t2,P7,10,0,1,12128932.00,4097.0000,0.0000,8058000.0,4077000.0,1.000,16777216.0,0.000,0,0,16777216,1,1,1,0,1,1
1,chain3_i32,i32,4194304,glibc_t2,FIXED_TWIN,10,1,1,11345624.00,4097.0000,0.0000,9080000.0,2269000.0,1.000,16777216.0,0.000,0,0,16777216,1,1,1,0,1,1
1,chain3_i32,i32,4194304,glibc_t2,P5,10,2,1,29350461.00,12291.0000,0.0000,4583000.0,24773000.0,3.000,50331648.0,0.000,0,0,50331648,3,0,0,0,1,1
1,chain3_i32,i32,4194304,glibc_t2,P6,10,3,1,12208980.00,4097.0000,0.0000,8082000.0,4124000.0,1.000,16777216.0,0.000,0,0,16777216,1,2,0,0,1,1
1,chain3_i32,i32,4194304,glibc_t2,FIXED_TWIN,11,0,1,11174797.00,4097.0000,0.0000,7648000.0,3532000.0,1.000,16777216.0,0.000,0,0,16777216,1,1,1,0,1,1
1,chain3_i32,i32,4194304,glibc_t2,P5,11,1,1,31097710.00,12291.0000,0.0000,0.0,31103000.0,3.000,50331648.0,0.000,0,0,50331648,3,0,0,0,1,1
1,chain3_i32,i32,4194304,glibc_t2,P6,11,2,1,12337456.00,4097.0000,0.0000,12146000.0,198000.0,1.000,16777216.0,0.000,0,0,16777216,1,2,0,0,1,1
1,chain3_i32,i32,4194304,glibc_t2,P7,11,3,1,10586658.00,4097.0000,0.0000,10591000.0,0.0,1.000,16777216.0,0.000,0,0,16777216,1,1,1,0,1,1
1,chain3_i32,i32,4194304,glibc_t2,P5,12,0,1,32477834.00,12291.0000,0.0000,16207000.0,16277000.0,3.000,50331648.0,0.000,0,0,50331648,3,0,0,0,1,1
1,chain3_i32,i32,4194304,glibc_t2,P6,12,1,1,13055273.00,4097.0000,0.0000,8455000.0,4607000.0,1.000,16777216.0,0.000,0,0,16777216,1,2,0,0,1,1
1,chain3_i32,i32,4194304,glibc_t2,P7,12,2,1,11694091.00,4097.0000,0.0000,7870000.0,3829000.0,1.000,16777216.0,0.000,0,0,16777216,1,1,1,0,1,1
1,chain3_i32,i32,4194304,glibc_t2,FIXED_TWIN,12,3,1,11480059.00,4097.0000,0.0000,7760000.0,3707000.0,1.000,16777216.0,0.000,0,0,16777216,1,1,1,0,1,1
1,chain3_i32,i32,4194304,glibc_t2,P6,13,0,1,12167218.00,4097.0000,0.0000,4075000.0,8099000.0,1.000,16777216.0,0.000,0,0,16777216,1,2,0,0,1,1
1,chain3_i32,i32,4194304,glibc_t2,P7,13,1,1,10766681.00,4097.0000,0.0000,4763000.0,6009000.0,1.000,16777216.0,0.000,0,0,16777216,1,1,1,0,1,1
1,chain3_i32,i32,4194304,glibc_t2,FIXED_TWIN,13,2,1,10885134.00,4097.0000,0.0000,3523000.0,7365000.0,1.000,16777216.0,0.000,0,0,16777216,1,1,1,0,1,1
1,chain3_i32,i32,4194304,glibc_t2,P5,13,3,1,28841048.00,12291.0000,0.0000,2648000.0,26197000.0,3.000,50331648.0,0.000,0,0,50331648,3,0,0,0,1,1
1,chain3_i32,i32,4194304,glibc_t2,P7,14,0,1,11066350.00,4097.0000,0.0000,0.0,11071000.0,1.000,16777216.0,0.000,0,0,16777216,1,1,1,0,1,1
1,chain3_i32,i32,4194304,glibc_t2,FIXED_TWIN,14,1,1,10558975.00,4097.0000,0.0000,5099000.0,5464000.0,1.000,16777216.0,0.000,0,0,16777216,1,1,1,0,1,1
1,chain3_i32,i32,4194304,glibc_t2,P5,14,2,1,29535678.00,12291.0000,0.0000,8661000.0,20879000.0,3.000,50331648.0,0.000,0,0,50331648,3,0,0,0,1,1
1,chain3_i32,i32,4194304,glibc_t2,P6,14,3,1,12162070.00,4097.0000,0.0000,8071000.0,4096000.0,1.000,16777216.0,0.000,0,0,16777216,1,2,0,0,1,1
1,chain3_i32,i32,16777216,glibc_t2,P5,0,0,1,114254273.00,49155.0000,0.0000,27257000.0,86971000.0,3.000,201326592.0,0.000,0,0,201326592,3,0,0,0,1,1
1,chain3_i32,i32,16777216,glibc_t2,P6,0,1,1,59127095.00,16385.0000,0.0000,37342000.0,21791000.0,1.000,67108864.0,0.000,0,0,67108864,1,2,0,0,1,1
1,chain3_i32,i32,16777216,glibc_t2,P7,0,2,1,52179192.00,16385.0000,0.0000,20071000.0,32093000.0,1.000,67108864.0,0.000,0,0,67108864,1,1,1,0,1,1
1,chain3_i32,i32,16777216,glibc_t2,FIXED_TWIN,0,3,1,52155593.00,16385.0000,0.0000,24069000.0,28093000.0,1.000,67108864.0,0.000,0,0,67108864,1,1,1,0,1,1
1,chain3_i32,i32,16777216,glibc_t2,P6,1,0,1,58860955.00,16385.0000,0.0000,27508000.0,31348000.0,1.000,67108864.0,0.000,0,0,67108864,1,2,0,0,1,1
1,chain3_i32,i32,16777216,glibc_t2,P7,1,1,1,52906027.00,16385.0000,0.0000,22674000.0,30237000.0,1.000,67108864.0,0.000,0,0,67108864,1,1,1,0,1,1
1,chain3_i32,i32,16777216,glibc_t2,FIXED_TWIN,1,2,1,52309104.00,16385.0000,0.0000,24135000.0,28180000.0,1.000,67108864.0,0.000,0,0,67108864,1,1,1,0,1,1
1,chain3_i32,i32,16777216,glibc_t2,P5,1,3,1,113781988.00,49155.0000,0.0000,31054000.0,82734000.0,3.000,201326592.0,0.000,0,0,201326592,3,0,0,0,1,1
1,chain3_i32,i32,16777216,glibc_t2,P7,2,0,1,52676749.00,16385.0000,0.0000,40290000.0,12393000.0,1.000,67108864.0,0.000,0,0,67108864,1,1,1,0,1,1
1,chain3_i32,i32,16777216,glibc_t2,FIXED_TWIN,2,1,1,52461722.00,16385.0000,0.0000,30482000.0,21986000.0,1.000,67108864.0,0.000,0,0,67108864,1,1,1,0,1,1
1,chain3_i32,i32,16777216,glibc_t2,P5,2,2,1,113523055.00,49155.0000,0.0000,28660000.0,84869000.0,3.000,201326592.0,0.000,0,0,201326592,3,0,0,0,1,1
1,chain3_i32,i32,16777216,glibc_t2,P6,2,3,1,59892501.00,16385.0000,0.0000,39954000.0,19944000.0,1.000,67108864.0,0.000,0,0,67108864,1,2,0,0,1,1
1,chain3_i32,i32,16777216,glibc_t2,FIXED_TWIN,3,0,1,52545851.00,16385.0000,0.0000,32190000.0,20316000.0,1.000,67108864.0,0.000,0,0,67108864,1,1,1,0,1,1
1,chain3_i32,i32,16777216,glibc_t2,P5,3,1,1,113264959.00,49155.0000,0.0000,56544000.0,56727000.0,3.000,201326592.0,0.000,0,0,201326592,3,0,0,0,1,1
1,chain3_i32,i32,16777216,glibc_t2,P6,3,2,1,59648403.00,16385.0000,0.0000,39863000.0,19783000.0,1.000,67108864.0,0.000,0,0,67108864,1,2,0,0,1,1
1,chain3_i32,i32,16777216,glibc_t2,P7,3,3,1,55200194.00,16385.0000,0.0000,33359000.0,21806000.0,1.000,67108864.0,0.000,0,0,67108864,1,1,1,0,1,1
1,chain3_i32,i32,16777216,glibc_t2,P5,4,0,1,115253041.00,49155.0000,0.0000,29371000.0,85855000.0,3.000,201326592.0,0.000,0,0,201326592,3,0,0,0,1,1
1,chain3_i32,i32,16777216,glibc_t2,P6,4,1,1,61341852.00,16385.0000,0.0000,40577000.0,20771000.0,1.000,67108864.0,0.000,0,0,67108864,1,2,0,0,1,1
1,chain3_i32,i32,16777216,glibc_t2,P7,4,2,1,51978030.00,16385.0000,0.0000,23993000.0,27960000.0,1.000,67108864.0,0.000,0,0,67108864,1,1,1,0,1,1
1,chain3_i32,i32,16777216,glibc_t2,FIXED_TWIN,4,3,1,51713331.00,16385.0000,0.0000,19880000.0,31839000.0,1.000,67108864.0,0.000,0,0,67108864,1,1,1,0,1,1
1,chain3_i32,i32,16777216,glibc_t2,P6,5,0,1,58865963.00,16385.0000,0.0000,39512000.0,19359000.0,1.000,67108864.0,0.000,0,0,67108864,1,2,0,0,1,1
1,chain3_i32,i32,16777216,glibc_t2,P7,5,1,1,52146911.00,16385.0000,0.0000,28060000.0,24082000.0,1.000,67108864.0,0.000,0,0,67108864,1,1,1,0,1,1
1,chain3_i32,i32,16777216,glibc_t2,FIXED_TWIN,5,2,1,52786404.00,16385.0000,0.0000,28340000.0,24386000.0,1.000,67108864.0,0.000,0,0,67108864,1,1,1,0,1,1
1,chain3_i32,i32,16777216,glibc_t2,P5,5,3,1,115985780.00,49155.0000,0.0000,32000000.0,83888000.0,3.000,201326592.0,0.000,0,0,201326592,3,0,0,0,1,1
1,chain3_i32,i32,16777216,glibc_t2,P7,6,0,1,53762224.00,16385.0000,0.0000,31007000.0,22729000.0,1.000,67108864.0,0.000,0,0,67108864,1,1,1,0,1,1
1,chain3_i32,i32,16777216,glibc_t2,FIXED_TWIN,6,1,1,53178130.00,16385.0000,0.0000,28508000.0,24676000.0,1.000,67108864.0,0.000,0,0,67108864,1,1,1,0,1,1
1,chain3_i32,i32,16777216,glibc_t2,P5,6,2,1,118560717.00,49155.0000,0.0000,23402000.0,95166000.0,3.000,201326592.0,0.000,0,0,201326592,3,0,0,0,1,1
1,chain3_i32,i32,16777216,glibc_t2,P6,6,3,1,60817356.00,16385.0000,0.0000,36346000.0,24463000.0,1.000,67108864.0,0.000,0,0,67108864,1,2,0,0,1,1
1,chain3_i32,i32,16777216,glibc_t2,FIXED_TWIN,7,0,1,54631624.00,16385.0000,0.0000,29133000.0,25506000.0,1.000,67108864.0,0.000,0,0,67108864,1,1,1,0,1,1
1,chain3_i32,i32,16777216,glibc_t2,P5,7,1,1,121214246.00,49155.0000,0.0000,36527000.0,84693000.0,3.000,201326592.0,0.000,0,0,201326592,3,0,0,0,1,1
1,chain3_i32,i32,16777216,glibc_t2,P6,7,2,1,62210499.00,16385.0000,0.0000,28953000.0,33265000.0,1.000,67108864.0,0.000,0,0,67108864,1,2,0,0,1,1
1,chain3_i32,i32,16777216,glibc_t2,P7,7,3,1,53138508.00,16385.0000,0.0000,18774000.0,34372000.0,1.000,67108864.0,0.000,0,0,67108864,1,1,1,0,1,1
1,chain3_i32,i32,16777216,glibc_t2,P5,8,0,1,115523163.00,49155.0000,0.0000,39799000.0,75729000.0,3.000,201326592.0,0.000,0,0,201326592,3,0,0,0,1,1
1,chain3_i32,i32,16777216,glibc_t2,P6,8,1,1,61043049.00,16385.0000,0.0000,36445000.0,24595000.0,1.000,67108864.0,0.000,0,0,67108864,1,2,0,0,1,1
1,chain3_i32,i32,16777216,glibc_t2,P7,8,2,1,58165988.00,16385.0000,0.0000,20937000.0,37242000.0,1.000,67108864.0,0.000,0,0,67108864,1,1,1,0,1,1
1,chain3_i32,i32,16777216,glibc_t2,FIXED_TWIN,8,3,1,53159030.00,16385.0000,0.0000,32499000.0,20665000.0,1.000,67108864.0,0.000,0,0,67108864,1,1,1,0,1,1
1,chain3_i32,i32,16777216,glibc_t2,P6,9,0,1,61572594.00,16385.0000,0.0000,42956000.0,18623000.0,1.000,67108864.0,0.000,0,0,67108864,1,2,0,0,1,1
1,chain3_i32,i32,16777216,glibc_t2,P7,9,1,1,53854839.00,16385.0000,0.0000,24800000.0,29061000.0,1.000,67108864.0,0.000,0,0,67108864,1,1,1,0,1,1
1,chain3_i32,i32,16777216,glibc_t2,FIXED_TWIN,9,2,1,53104483.00,16385.0000,0.0000,20478000.0,32633000.0,1.000,67108864.0,0.000,0,0,67108864,1,1,1,0,1,1
1,chain3_i32,i32,16777216,glibc_t2,P5,9,3,1,114482077.00,49155.0000,0.0000,43365000.0,71124000.0,3.000,201326592.0,0.000,0,0,201326592,3,0,0,0,1,1
1,chain3_i32,i32,16777216,glibc_t2,P7,10,0,1,53412438.00,16385.0000,0.0000,28609000.0,24809000.0,1.000,67108864.0,0.000,0,0,67108864,1,1,1,0,1,1
1,chain3_i32,i32,16777216,glibc_t2,FIXED_TWIN,10,1,1,53270055.00,16385.0000,0.0000,16551000.0,36692000.0,1.000,67108864.0,0.000,0,0,67108864,1,1,1,0,1,1
1,chain3_i32,i32,16777216,glibc_t2,P5,10,2,1,114147377.00,49155.0000,0.0000,32929000.0,81224000.0,3.000,201326592.0,0.000,0,0,201326592,3,0,0,0,1,1
1,chain3_i32,i32,16777216,glibc_t2,P6,10,3,1,60671789.00,16385.0000,0.0000,36228000.0,24389000.0,1.000,67108864.0,0.000,0,0,67108864,1,2,0,0,1,1
1,chain3_i32,i32,16777216,glibc_t2,FIXED_TWIN,11,0,1,55215674.00,16385.0000,0.0000,35655000.0,19559000.0,1.000,67108864.0,0.000,0,0,67108864,1,1,1,0,1,1
1,chain3_i32,i32,16777216,glibc_t2,P5,11,1,1,117568627.00,49155.0000,0.0000,32680000.0,84895000.0,3.000,201326592.0,0.000,0,0,201326592,3,0,0,0,1,1
1,chain3_i32,i32,16777216,glibc_t2,P6,11,2,1,60316717.00,16385.0000,0.0000,44072000.0,16102000.0,1.000,67108864.0,0.000,0,0,67108864,1,2,0,0,1,1
1,chain3_i32,i32,16777216,glibc_t2,P7,11,3,1,54406553.00,16385.0000,0.0000,43296000.0,11077000.0,1.000,67108864.0,0.000,0,0,67108864,1,1,1,0,1,1
1,chain3_i32,i32,16777216,glibc_t2,P5,12,0,1,118106939.00,49155.0000,0.0000,35120000.0,82922000.0,3.000,201326592.0,0.000,0,0,201326592,3,0,0,0,1,1
1,chain3_i32,i32,16777216,glibc_t2,P6,12,1,1,62769722.00,16385.0000,0.0000,39471000.0,23305000.0,1.000,67108864.0,0.000,0,0,67108864,1,2,0,0,1,1
1,chain3_i32,i32,16777216,glibc_t2,P7,12,2,1,55606119.00,16385.0000,0.0000,19834000.0,35778000.0,1.000,67108864.0,0.000,0,0,67108864,1,1,1,0,1,1
1,chain3_i32,i32,16777216,glibc_t2,FIXED_TWIN,12,3,1,54896698.00,16385.0000,0.0000,21250000.0,33614000.0,1.000,67108864.0,0.000,0,0,67108864,1,1,1,0,1,1
1,chain3_i32,i32,16777216,glibc_t2,P6,13,0,1,61801718.00,16385.0000,0.0000,39047000.0,22754000.0,1.000,67108864.0,0.000,0,0,67108864,1,2,0,0,1,1
1,chain3_i32,i32,16777216,glibc_t2,P7,13,1,1,53379538.00,16385.0000,0.0000,20597000.0,32723000.0,1.000,67108864.0,0.000,0,0,67108864,1,1,1,0,1,1
1,chain3_i32,i32,16777216,glibc_t2,FIXED_TWIN,13,2,1,52596922.00,16385.0000,0.0000,28254000.0,24338000.0,1.000,67108864.0,0.000,0,0,67108864,1,1,1,0,1,1
1,chain3_i32,i32,16777216,glibc_t2,P5,13,3,1,117978319.00,49155.0000,0.0000,27138000.0,90848000.0,3.000,201326592.0,0.000,0,0,201326592,3,0,0,0,1,1
1,chain3_i32,i32,16777216,glibc_t2,P7,14,0,1,52719731.00,16385.0000,0.0000,24312000.0,28415000.0,1.000,67108864.0,0.000,0,0,67108864,1,1,1,0,1,1
1,chain3_i32,i32,16777216,glibc_t2,FIXED_TWIN,14,1,1,52784400.00,16385.0000,0.0000,30618000.0,22173000.0,1.000,67108864.0,0.000,0,0,67108864,1,1,1,0,1,1
1,chain3_i32,i32,16777216,glibc_t2,P5,14,2,1,114933632.00,49155.0000,0.0000,19550000.0,95390000.0,3.000,201326592.0,0.000,0,0,201326592,3,0,0,0,1,1
1,chain3_i32,i32,16777216,glibc_t2,P6,14,3,1,62861578.00,16385.0000,0.0000,43511000.0,19358000.0,1.000,67108864.0,0.000,0,0,67108864,1,2,0,0,1,1
