replicate,program,dtype,n,regime,plan,rep,order_pos,k,ns_per_call,minflt_per_call,majflt_per_call,utime_ns_per_call,stime_ns_per_call,result_allocs_per_call,result_alloc_bytes_per_call,arena_allocs_per_call,arena_fallbacks,table_overflows,peak_live_bytes_interval,fresh,in_place,fused,copies,moves,correct
3,single,f32,64,glibc_t1,P5,0,0,1000,1314.38,0.0020,0.0000,1340.0,0.0,1.000,256.0,0.000,0,0,256000,1,0,0,0,1,1
3,single,f32,64,glibc_t1,FIXED_TWIN,0,1,1000,1324.97,0.0000,0.0000,1326.0,0.0,1.000,256.0,0.000,0,0,256000,1,0,0,0,1,1
3,single,f32,64,glibc_t1,FIXED_TWIN,1,0,1000,1394.68,0.0000,0.0000,1396.0,0.0,1.000,256.0,0.000,0,0,256000,1,0,0,0,1,1
3,single,f32,64,glibc_t1,P5,1,1,1000,1323.10,0.0000,0.0000,1325.0,0.0,1.000,256.0,0.000,0,0,256000,1,0,0,0,1,1
3,single,f32,64,glibc_t1,P5,2,0,1000,1351.93,0.0000,0.0000,1353.0,0.0,1.000,256.0,0.000,0,0,256000,1,0,0,0,1,1
3,single,f32,64,glibc_t1,FIXED_TWIN,2,1,1000,1325.26,0.0000,0.0000,1327.0,0.0,1.000,256.0,0.000,0,0,256000,1,0,0,0,1,1
3,single,f32,64,glibc_t1,FIXED_TWIN,3,0,1000,1352.04,0.0000,0.0000,1353.0,0.0,1.000,256.0,0.000,0,0,256000,1,0,0,0,1,1
3,single,f32,64,glibc_t1,P5,3,1,1000,1316.78,0.0000,0.0000,1317.0,0.0,1.000,256.0,0.000,0,0,256000,1,0,0,0,1,1
3,single,f32,64,glibc_t1,P5,4,0,1000,1331.04,0.0000,0.0000,1332.0,0.0,1.000,256.0,0.000,0,0,256000,1,0,0,0,1,1
3,single,f32,64,glibc_t1,FIXED_TWIN,4,1,1000,1313.86,0.0000,0.0000,1316.0,0.0,1.000,256.0,0.000,0,0,256000,1,0,0,0,1,1
3,single,f32,64,glibc_t1,FIXED_TWIN,5,0,1000,1330.26,0.0000,0.0000,1331.0,0.0,1.000,256.0,0.000,0,0,256000,1,0,0,0,1,1
3,single,f32,64,glibc_t1,P5,5,1,1000,1354.19,0.0000,0.0000,1355.0,0.0,1.000,256.0,0.000,0,0,256000,1,0,0,0,1,1
3,single,f32,64,glibc_t1,P5,6,0,1000,1314.59,0.0000,0.0000,1316.0,0.0,1.000,256.0,0.000,0,0,256000,1,0,0,0,1,1
3,single,f32,64,glibc_t1,FIXED_TWIN,6,1,1000,1306.34,0.0000,0.0000,1307.0,0.0,1.000,256.0,0.000,0,0,256000,1,0,0,0,1,1
3,single,f32,64,glibc_t1,FIXED_TWIN,7,0,1000,1377.82,0.0000,0.0000,1379.0,0.0,1.000,256.0,0.000,0,0,256000,1,0,0,0,1,1
3,single,f32,64,glibc_t1,P5,7,1,1000,1329.92,0.0000,0.0000,1330.0,0.0,1.000,256.0,0.000,0,0,256000,1,0,0,0,1,1
3,single,f32,64,glibc_t1,P5,8,0,1000,1299.30,0.0000,0.0000,1300.0,0.0,1.000,256.0,0.000,0,0,256000,1,0,0,0,1,1
3,single,f32,64,glibc_t1,FIXED_TWIN,8,1,1000,1325.08,0.0000,0.0000,1326.0,0.0,1.000,256.0,0.000,0,0,256000,1,0,0,0,1,1
3,single,f32,64,glibc_t1,FIXED_TWIN,9,0,1000,1312.21,0.0000,0.0000,1314.0,0.0,1.000,256.0,0.000,0,0,256000,1,0,0,0,1,1
3,single,f32,64,glibc_t1,P5,9,1,1000,1313.19,0.0000,0.0000,1314.0,0.0,1.000,256.0,0.000,0,0,256000,1,0,0,0,1,1
3,single,f32,64,glibc_t1,P5,10,0,1000,1324.92,0.0000,0.0000,1326.0,0.0,1.000,256.0,0.000,0,0,256000,1,0,0,0,1,1
3,single,f32,64,glibc_t1,FIXED_TWIN,10,1,1000,1285.89,0.0000,0.0000,1287.0,0.0,1.000,256.0,0.000,0,0,256000,1,0,0,0,1,1
3,single,f32,64,glibc_t1,FIXED_TWIN,11,0,1000,1304.61,0.0000,0.0000,1305.0,0.0,1.000,256.0,0.000,0,0,256000,1,0,0,0,1,1
3,single,f32,64,glibc_t1,P5,11,1,1000,1298.37,0.0000,0.0000,1299.0,0.0,1.000,256.0,0.000,0,0,256000,1,0,0,0,1,1
3,single,f32,64,glibc_t1,P5,12,0,1000,1304.38,0.0000,0.0000,1305.0,0.0,1.000,256.0,0.000,0,0,256000,1,0,0,0,1,1
3,single,f32,64,glibc_t1,FIXED_TWIN,12,1,1000,1301.53,0.0000,0.0000,1303.0,0.0,1.000,256.0,0.000,0,0,256000,1,0,0,0,1,1
3,single,f32,64,glibc_t1,FIXED_TWIN,13,0,1000,1289.37,0.0000,0.0000,1290.0,0.0,1.000,256.0,0.000,0,0,256000,1,0,0,0,1,1
3,single,f32,64,glibc_t1,P5,13,1,1000,1288.59,0.0000,0.0000,1289.0,0.0,1.000,256.0,0.000,0,0,256000,1,0,0,0,1,1
3,single,f32,64,glibc_t1,P5,14,0,1000,1286.35,0.0000,0.0000,1287.0,0.0,1.000,256.0,0.000,0,0,256000,1,0,0,0,1,1
3,single,f32,64,glibc_t1,FIXED_TWIN,14,1,1000,1290.47,0.0000,0.0000,1291.0,0.0,1.000,256.0,0.000,0,0,256000,1,0,0,0,1,1
3,single,f32,1024,glibc_t1,P5,0,0,1000,1472.31,0.0000,0.0000,1477.0,0.0,1.000,4096.0,0.000,0,0,4096000,1,0,0,0,1,1
3,single,f32,1024,glibc_t1,FIXED_TWIN,0,1,1000,1447.37,0.0000,0.0000,1449.0,0.0,1.000,4096.0,0.000,0,0,4096000,1,0,0,0,1,1
3,single,f32,1024,glibc_t1,FIXED_TWIN,1,0,1000,1479.94,0.0000,0.0000,1481.0,0.0,1.000,4096.0,0.000,0,0,4096000,1,0,0,0,1,1
3,single,f32,1024,glibc_t1,P5,1,1,1000,1439.40,0.0000,0.0000,1441.0,0.0,1.000,4096.0,0.000,0,0,4096000,1,0,0,0,1,1
3,single,f32,1024,glibc_t1,P5,2,0,1000,1434.74,0.0000,0.0000,1436.0,0.0,1.000,4096.0,0.000,0,0,4096000,1,0,0,0,1,1
3,single,f32,1024,glibc_t1,FIXED_TWIN,2,1,1000,1454.85,0.0000,0.0000,1456.0,0.0,1.000,4096.0,0.000,0,0,4096000,1,0,0,0,1,1
3,single,f32,1024,glibc_t1,FIXED_TWIN,3,0,1000,1434.93,0.0000,0.0000,1437.0,0.0,1.000,4096.0,0.000,0,0,4096000,1,0,0,0,1,1
3,single,f32,1024,glibc_t1,P5,3,1,1000,1451.78,0.0000,0.0000,1451.0,3.0,1.000,4096.0,0.000,0,0,4096000,1,0,0,0,1,1
3,single,f32,1024,glibc_t1,P5,4,0,1000,1459.68,0.0000,0.0000,1463.0,0.0,1.000,4096.0,0.000,0,0,4096000,1,0,0,0,1,1
3,single,f32,1024,glibc_t1,FIXED_TWIN,4,1,1000,1531.76,0.0000,0.0000,1535.0,0.0,1.000,4096.0,0.000,0,0,4096000,1,0,0,0,1,1
3,single,f32,1024,glibc_t1,FIXED_TWIN,5,0,1000,1537.45,0.0000,0.0000,1539.0,0.0,1.000,4096.0,0.000,0,0,4096000,1,0,0,0,1,1
3,single,f32,1024,glibc_t1,P5,5,1,1000,1483.16,0.0000,0.0000,1486.0,0.0,1.000,4096.0,0.000,0,0,4096000,1,0,0,0,1,1
3,single,f32,1024,glibc_t1,P5,6,0,1000,1528.48,0.0000,0.0000,1532.0,0.0,1.000,4096.0,0.000,0,0,4096000,1,0,0,0,1,1
3,single,f32,1024,glibc_t1,FIXED_TWIN,6,1,1000,1536.52,0.0000,0.0000,1540.0,0.0,1.000,4096.0,0.000,0,0,4096000,1,0,0,0,1,1
3,single,f32,1024,glibc_t1,FIXED_TWIN,7,0,1000,1735.67,0.0000,0.0000,1740.0,0.0,1.000,4096.0,0.000,0,0,4096000,1,0,0,0,1,1
3,single,f32,1024,glibc_t1,P5,7,1,1000,1539.83,0.0000,0.0000,1542.0,0.0,1.000,4096.0,0.000,0,0,4096000,1,0,0,0,1,1
3,single,f32,1024,glibc_t1,P5,8,0,1000,1584.70,0.0000,0.0000,1588.0,0.0,1.000,4096.0,0.000,0,0,4096000,1,0,0,0,1,1
3,single,f32,1024,glibc_t1,FIXED_TWIN,8,1,1000,1496.35,0.0000,0.0000,1499.0,0.0,1.000,4096.0,0.000,0,0,4096000,1,0,0,0,1,1
3,single,f32,1024,glibc_t1,FIXED_TWIN,9,0,1000,1500.61,0.0000,0.0000,1503.0,0.0,1.000,4096.0,0.000,0,0,4096000,1,0,0,0,1,1
3,single,f32,1024,glibc_t1,P5,9,1,1000,1478.42,0.0000,0.0000,1480.0,0.0,1.000,4096.0,0.000,0,0,4096000,1,0,0,0,1,1
3,single,f32,1024,glibc_t1,P5,10,0,1000,1502.24,0.0000,0.0000,1506.0,0.0,1.000,4096.0,0.000,0,0,4096000,1,0,0,0,1,1
3,single,f32,1024,glibc_t1,FIXED_TWIN,10,1,1000,1483.77,0.0000,0.0000,1487.0,0.0,1.000,4096.0,0.000,0,0,4096000,1,0,0,0,1,1
3,single,f32,1024,glibc_t1,FIXED_TWIN,11,0,1000,1558.34,0.0000,0.0000,1562.0,0.0,1.000,4096.0,0.000,0,0,4096000,1,0,0,0,1,1
3,single,f32,1024,glibc_t1,P5,11,1,1000,1495.59,0.0000,0.0000,1497.0,0.0,1.000,4096.0,0.000,0,0,4096000,1,0,0,0,1,1
3,single,f32,1024,glibc_t1,P5,12,0,1000,1460.04,0.0000,0.0000,1462.0,0.0,1.000,4096.0,0.000,0,0,4096000,1,0,0,0,1,1
3,single,f32,1024,glibc_t1,FIXED_TWIN,12,1,1000,1482.32,0.0000,0.0000,1485.0,0.0,1.000,4096.0,0.000,0,0,4096000,1,0,0,0,1,1
3,single,f32,1024,glibc_t1,FIXED_TWIN,13,0,1000,1475.45,0.0000,0.0000,1476.0,0.0,1.000,4096.0,0.000,0,0,4096000,1,0,0,0,1,1
3,single,f32,1024,glibc_t1,P5,13,1,1000,1464.22,0.0000,0.0000,1465.0,0.0,1.000,4096.0,0.000,0,0,4096000,1,0,0,0,1,1
3,single,f32,1024,glibc_t1,P5,14,0,1000,1572.10,0.0000,0.0000,1574.0,0.0,1.000,4096.0,0.000,0,0,4096000,1,0,0,0,1,1
3,single,f32,1024,glibc_t1,FIXED_TWIN,14,1,1000,1625.83,0.0000,0.0000,1632.0,0.0,1.000,4096.0,0.000,0,0,4096000,1,0,0,0,1,1
3,single,f32,4096,glibc_t1,P5,0,0,1,899.00,0.0000,0.0000,4000.0,0.0,1.000,16384.0,0.000,0,0,16384,1,0,0,0,1,1
3,single,f32,4096,glibc_t1,FIXED_TWIN,0,1,1,785.00,0.0000,0.0000,1000.0,0.0,1.000,16384.0,0.000,0,0,16384,1,0,0,0,1,1
3,single,f32,4096,glibc_t1,FIXED_TWIN,1,0,1,795.00,0.0000,0.0000,2000.0,0.0,1.000,16384.0,0.000,0,0,16384,1,0,0,0,1,1
3,single,f32,4096,glibc_t1,P5,1,1,1,781.00,0.0000,0.0000,2000.0,0.0,1.000,16384.0,0.000,0,0,16384,1,0,0,0,1,1
3,single,f32,4096,glibc_t1,P5,2,0,1,814.00,0.0000,0.0000,1000.0,0.0,1.000,16384.0,0.000,0,0,16384,1,0,0,0,1,1
3,single,f32,4096,glibc_t1,FIXED_TWIN,2,1,1,821.00,0.0000,0.0000,1000.0,0.0,1.000,16384.0,0.000,0,0,16384,1,0,0,0,1,1
3,single,f32,4096,glibc_t1,FIXED_TWIN,3,0,1,834.00,0.0000,0.0000,1000.0,0.0,1.000,16384.0,0.000,0,0,16384,1,0,0,0,1,1
3,single,f32,4096,glibc_t1,P5,3,1,1,789.00,0.0000,0.0000,1000.0,0.0,1.000,16384.0,0.000,0,0,16384,1,0,0,0,1,1
3,single,f32,4096,glibc_t1,P5,4,0,1,805.00,0.0000,0.0000,1000.0,0.0,1.000,16384.0,0.000,0,0,16384,1,0,0,0,1,1
3,single,f32,4096,glibc_t1,FIXED_TWIN,4,1,1,779.00,0.0000,0.0000,1000.0,0.0,1.000,16384.0,0.000,0,0,16384,1,0,0,0,1,1
3,single,f32,4096,glibc_t1,FIXED_TWIN,5,0,1,805.00,0.0000,0.0000,1000.0,0.0,1.000,16384.0,0.000,0,0,16384,1,0,0,0,1,1
3,single,f32,4096,glibc_t1,P5,5,1,1,801.00,0.0000,0.0000,1000.0,0.0,1.000,16384.0,0.000,0,0,16384,1,0,0,0,1,1
3,single,f32,4096,glibc_t1,P5,6,0,1,794.00,0.0000,0.0000,1000.0,0.0,1.000,16384.0,0.000,0,0,16384,1,0,0,0,1,1
3,single,f32,4096,glibc_t1,FIXED_TWIN,6,1,1,780.00,0.0000,0.0000,1000.0,0.0,1.000,16384.0,0.000,0,0,16384,1,0,0,0,1,1
3,single,f32,4096,glibc_t1,FIXED_TWIN,7,0,1,800.00,0.0000,0.0000,1000.0,0.0,1.000,16384.0,0.000,0,0,16384,1,0,0,0,1,1
3,single,f32,4096,glibc_t1,P5,7,1,1,787.00,0.0000,0.0000,1000.0,0.0,1.000,16384.0,0.000,0,0,16384,1,0,0,0,1,1
3,single,f32,4096,glibc_t1,P5,8,0,1,4518.00,0.0000,0.0000,5000.0,0.0,1.000,16384.0,0.000,0,0,16384,1,0,0,0,1,1
3,single,f32,4096,glibc_t1,FIXED_TWIN,8,1,1,784.00,0.0000,0.0000,1000.0,0.0,1.000,16384.0,0.000,0,0,16384,1,0,0,0,1,1
3,single,f32,4096,glibc_t1,FIXED_TWIN,9,0,1,774.00,0.0000,0.0000,1000.0,0.0,1.000,16384.0,0.000,0,0,16384,1,0,0,0,1,1
3,single,f32,4096,glibc_t1,P5,9,1,1,823.00,0.0000,0.0000,1000.0,0.0,1.000,16384.0,0.000,0,0,16384,1,0,0,0,1,1
3,single,f32,4096,glibc_t1,P5,10,0,1,861.00,0.0000,0.0000,1000.0,0.0,1.000,16384.0,0.000,0,0,16384,1,0,0,0,1,1
3,single,f32,4096,glibc_t1,FIXED_TWIN,10,1,1,807.00,0.0000,0.0000,1000.0,0.0,1.000,16384.0,0.000,0,0,16384,1,0,0,0,1,1
3,single,f32,4096,glibc_t1,FIXED_TWIN,11,0,1,817.00,0.0000,0.0000,2000.0,0.0,1.000,16384.0,0.000,0,0,16384,1,0,0,0,1,1
3,single,f32,4096,glibc_t1,P5,11,1,1,795.00,0.0000,0.0000,1000.0,0.0,1.000,16384.0,0.000,0,0,16384,1,0,0,0,1,1
3,single,f32,4096,glibc_t1,P5,12,0,1,784.00,0.0000,0.0000,2000.0,0.0,1.000,16384.0,0.000,0,0,16384,1,0,0,0,1,1
3,single,f32,4096,glibc_t1,FIXED_TWIN,12,1,1,830.00,0.0000,0.0000,1000.0,0.0,1.000,16384.0,0.000,0,0,16384,1,0,0,0,1,1
3,single,f32,4096,glibc_t1,FIXED_TWIN,13,0,1,812.00,0.0000,0.0000,1000.0,0.0,1.000,16384.0,0.000,0,0,16384,1,0,0,0,1,1
3,single,f32,4096,glibc_t1,P5,13,1,1,821.00,0.0000,0.0000,1000.0,0.0,1.000,16384.0,0.000,0,0,16384,1,0,0,0,1,1
3,single,f32,4096,glibc_t1,P5,14,0,1,760.00,0.0000,0.0000,2000.0,0.0,1.000,16384.0,0.000,0,0,16384,1,0,0,0,1,1
3,single,f32,4096,glibc_t1,FIXED_TWIN,14,1,1,779.00,0.0000,0.0000,1000.0,0.0,1.000,16384.0,0.000,0,0,16384,1,0,0,0,1,1
3,single,f32,16384,glibc_t1,P5,0,0,1,2462.00,0.0000,0.0000,3000.0,0.0,1.000,65536.0,0.000,0,0,65536,1,0,0,0,1,1
3,single,f32,16384,glibc_t1,FIXED_TWIN,0,1,1,2424.00,0.0000,0.0000,3000.0,0.0,1.000,65536.0,0.000,0,0,65536,1,0,0,0,1,1
3,single,f32,16384,glibc_t1,FIXED_TWIN,1,0,1,2518.00,0.0000,0.0000,3000.0,0.0,1.000,65536.0,0.000,0,0,65536,1,0,0,0,1,1
3,single,f32,16384,glibc_t1,P5,1,1,1,2407.00,0.0000,0.0000,3000.0,0.0,1.000,65536.0,0.000,0,0,65536,1,0,0,0,1,1
3,single,f32,16384,glibc_t1,P5,2,0,1,2413.00,0.0000,0.0000,2000.0,0.0,1.000,65536.0,0.000,0,0,65536,1,0,0,0,1,1
3,single,f32,16384,glibc_t1,FIXED_TWIN,2,1,1,2421.00,0.0000,0.0000,3000.0,0.0,1.000,65536.0,0.000,0,0,65536,1,0,0,0,1,1
3,single,f32,16384,glibc_t1,FIXED_TWIN,3,0,1,2409.00,0.0000,0.0000,3000.0,0.0,1.000,65536.0,0.000,0,0,65536,1,0,0,0,1,1
3,single,f32,16384,glibc_t1,P5,3,1,1,2407.00,0.0000,0.0000,2000.0,0.0,1.000,65536.0,0.000,0,0,65536,1,0,0,0,1,1
3,single,f32,16384,glibc_t1,P5,4,0,1,3671.00,0.0000,0.0000,8000.0,0.0,1.000,65536.0,0.000,0,0,65536,1,0,0,0,1,1
3,single,f32,16384,glibc_t1,FIXED_TWIN,4,1,1,2480.00,0.0000,0.0000,3000.0,0.0,1.000,65536.0,0.000,0,0,65536,1,0,0,0,1,1
3,single,f32,16384,glibc_t1,FIXED_TWIN,5,0,1,2482.00,0.0000,0.0000,3000.0,0.0,1.000,65536.0,0.000,0,0,65536,1,0,0,0,1,1
3,single,f32,16384,glibc_t1,P5,5,1,1,2485.00,0.0000,0.0000,3000.0,0.0,1.000,65536.0,0.000,0,0,65536,1,0,0,0,1,1
3,single,f32,16384,glibc_t1,P5,6,0,1,2445.00,0.0000,0.0000,3000.0,0.0,1.000,65536.0,0.000,0,0,65536,1,0,0,0,1,1
3,single,f32,16384,glibc_t1,FIXED_TWIN,6,1,1,2473.00,0.0000,0.0000,3000.0,0.0,1.000,65536.0,0.000,0,0,65536,1,0,0,0,1,1
3,single,f32,16384,glibc_t1,FIXED_TWIN,7,0,1,2470.00,0.0000,0.0000,3000.0,0.0,1.000,65536.0,0.000,0,0,65536,1,0,0,0,1,1
3,single,f32,16384,glibc_t1,P5,7,1,1,2435.00,0.0000,0.0000,3000.0,0.0,1.000,65536.0,0.000,0,0,65536,1,0,0,0,1,1
3,single,f32,16384,glibc_t1,P5,8,0,1,2438.00,0.0000,0.0000,3000.0,0.0,1.000,65536.0,0.000,0,0,65536,1,0,0,0,1,1
3,single,f32,16384,glibc_t1,FIXED_TWIN,8,1,1,2460.00,0.0000,0.0000,3000.0,0.0,1.000,65536.0,0.000,0,0,65536,1,0,0,0,1,1
3,single,f32,16384,glibc_t1,FIXED_TWIN,9,0,1,2469.00,0.0000,0.0000,3000.0,0.0,1.000,65536.0,0.000,0,0,65536,1,0,0,0,1,1
3,single,f32,16384,glibc_t1,P5,9,1,1,2476.00,0.0000,0.0000,3000.0,0.0,1.000,65536.0,0.000,0,0,65536,1,0,0,0,1,1
3,single,f32,16384,glibc_t1,P5,10,0,1,2429.00,0.0000,0.0000,3000.0,0.0,1.000,65536.0,0.000,0,0,65536,1,0,0,0,1,1
3,single,f32,16384,glibc_t1,FIXED_TWIN,10,1,1,2440.00,0.0000,0.0000,3000.0,0.0,1.000,65536.0,0.000,0,0,65536,1,0,0,0,1,1
3,single,f32,16384,glibc_t1,FIXED_TWIN,11,0,1,2440.00,0.0000,0.0000,3000.0,0.0,1.000,65536.0,0.000,0,0,65536,1,0,0,0,1,1
3,single,f32,16384,glibc_t1,P5,11,1,1,2438.00,0.0000,0.0000,3000.0,0.0,1.000,65536.0,0.000,0,0,65536,1,0,0,0,1,1
3,single,f32,16384,glibc_t1,P5,12,0,1,2434.00,0.0000,0.0000,3000.0,0.0,1.000,65536.0,0.000,0,0,65536,1,0,0,0,1,1
3,single,f32,16384,glibc_t1,FIXED_TWIN,12,1,1,2491.00,0.0000,0.0000,3000.0,0.0,1.000,65536.0,0.000,0,0,65536,1,0,0,0,1,1
3,single,f32,16384,glibc_t1,FIXED_TWIN,13,0,1,2481.00,0.0000,0.0000,3000.0,0.0,1.000,65536.0,0.000,0,0,65536,1,0,0,0,1,1
3,single,f32,16384,glibc_t1,P5,13,1,1,2418.00,0.0000,0.0000,3000.0,0.0,1.000,65536.0,0.000,0,0,65536,1,0,0,0,1,1
3,single,f32,16384,glibc_t1,P5,14,0,1,2991.00,0.0000,0.0000,4000.0,0.0,1.000,65536.0,0.000,0,0,65536,1,0,0,0,1,1
3,single,f32,16384,glibc_t1,FIXED_TWIN,14,1,1,2949.00,0.0000,0.0000,3000.0,0.0,1.000,65536.0,0.000,0,0,65536,1,0,0,0,1,1
3,single,f32,65536,glibc_t1,P5,0,0,1,8837.00,0.0000,0.0000,11000.0,0.0,1.000,262144.0,0.000,0,0,262144,1,0,0,0,1,1
3,single,f32,65536,glibc_t1,FIXED_TWIN,0,1,1,8830.00,0.0000,0.0000,10000.0,0.0,1.000,262144.0,0.000,0,0,262144,1,0,0,0,1,1
3,single,f32,65536,glibc_t1,FIXED_TWIN,1,0,1,8815.00,0.0000,0.0000,10000.0,0.0,1.000,262144.0,0.000,0,0,262144,1,0,0,0,1,1
3,single,f32,65536,glibc_t1,P5,1,1,1,8853.00,0.0000,0.0000,10000.0,0.0,1.000,262144.0,0.000,0,0,262144,1,0,0,0,1,1
3,single,f32,65536,glibc_t1,P5,2,0,1,8835.00,0.0000,0.0000,10000.0,0.0,1.000,262144.0,0.000,0,0,262144,1,0,0,0,1,1
3,single,f32,65536,glibc_t1,FIXED_TWIN,2,1,1,8735.00,0.0000,0.0000,9000.0,0.0,1.000,262144.0,0.000,0,0,262144,1,0,0,0,1,1
3,single,f32,65536,glibc_t1,FIXED_TWIN,3,0,1,9623.00,0.0000,0.0000,10000.0,0.0,1.000,262144.0,0.000,0,0,262144,1,0,0,0,1,1
3,single,f32,65536,glibc_t1,P5,3,1,1,8762.00,0.0000,0.0000,10000.0,0.0,1.000,262144.0,0.000,0,0,262144,1,0,0,0,1,1
3,single,f32,65536,glibc_t1,P5,4,0,1,8774.00,0.0000,0.0000,10000.0,0.0,1.000,262144.0,0.000,0,0,262144,1,0,0,0,1,1
3,single,f32,65536,glibc_t1,FIXED_TWIN,4,1,1,8774.00,0.0000,0.0000,9000.0,0.0,1.000,262144.0,0.000,0,0,262144,1,0,0,0,1,1
3,single,f32,65536,glibc_t1,FIXED_TWIN,5,0,1,8889.00,0.0000,0.0000,10000.0,0.0,1.000,262144.0,0.000,0,0,262144,1,0,0,0,1,1
3,single,f32,65536,glibc_t1,P5,5,1,1,8863.00,0.0000,0.0000,9000.0,0.0,1.000,262144.0,0.000,0,0,262144,1,0,0,0,1,1
3,single,f32,65536,glibc_t1,P5,6,0,1,8801.00,0.0000,0.0000,9000.0,0.0,1.000,262144.0,0.000,0,0,262144,1,0,0,0,1,1
3,single,f32,65536,glibc_t1,FIXED_TWIN,6,1,1,8788.00,0.0000,0.0000,10000.0,0.0,1.000,262144.0,0.000,0,0,262144,1,0,0,0,1,1
3,single,f32,65536,glibc_t1,FIXED_TWIN,7,0,1,9011.00,0.0000,0.0000,10000.0,0.0,1.000,262144.0,0.000,0,0,262144,1,0,0,0,1,1
3,single,f32,65536,glibc_t1,P5,7,1,1,8777.00,0.0000,0.0000,9000.0,0.0,1.000,262144.0,0.000,0,0,262144,1,0,0,0,1,1
3,single,f32,65536,glibc_t1,P5,8,0,1,8799.00,0.0000,0.0000,9000.0,0.0,1.000,262144.0,0.000,0,0,262144,1,0,0,0,1,1
3,single,f32,65536,glibc_t1,FIXED_TWIN,8,1,1,8780.00,0.0000,0.0000,9000.0,0.0,1.000,262144.0,0.000,0,0,262144,1,0,0,0,1,1
3,single,f32,65536,glibc_t1,FIXED_TWIN,9,0,1,8766.00,0.0000,0.0000,10000.0,0.0,1.000,262144.0,0.000,0,0,262144,1,0,0,0,1,1
3,single,f32,65536,glibc_t1,P5,9,1,1,9075.00,0.0000,0.0000,9000.0,0.0,1.000,262144.0,0.000,0,0,262144,1,0,0,0,1,1
3,single,f32,65536,glibc_t1,P5,10,0,1,8924.00,0.0000,0.0000,9000.0,0.0,1.000,262144.0,0.000,0,0,262144,1,0,0,0,1,1
3,single,f32,65536,glibc_t1,FIXED_TWIN,10,1,1,8856.00,0.0000,0.0000,9000.0,0.0,1.000,262144.0,0.000,0,0,262144,1,0,0,0,1,1
3,single,f32,65536,glibc_t1,FIXED_TWIN,11,0,1,8886.00,0.0000,0.0000,10000.0,0.0,1.000,262144.0,0.000,0,0,262144,1,0,0,0,1,1
3,single,f32,65536,glibc_t1,P5,11,1,1,13619.00,0.0000,0.0000,14000.0,0.0,1.000,262144.0,0.000,0,0,262144,1,0,0,0,1,1
3,single,f32,65536,glibc_t1,P5,12,0,1,8787.00,0.0000,0.0000,9000.0,0.0,1.000,262144.0,0.000,0,0,262144,1,0,0,0,1,1
3,single,f32,65536,glibc_t1,FIXED_TWIN,12,1,1,8744.00,0.0000,0.0000,9000.0,0.0,1.000,262144.0,0.000,0,0,262144,1,0,0,0,1,1
3,single,f32,65536,glibc_t1,FIXED_TWIN,13,0,1,18397.00,0.0000,0.0000,19000.0,0.0,1.000,262144.0,0.000,0,0,262144,1,0,0,0,1,1
3,single,f32,65536,glibc_t1,P5,13,1,1,37134.00,0.0000,0.0000,38000.0,0.0,1.000,262144.0,0.000,0,0,262144,1,0,0,0,1,1
3,single,f32,65536,glibc_t1,P5,14,0,1,8949.00,0.0000,0.0000,10000.0,0.0,1.000,262144.0,0.000,0,0,262144,1,0,0,0,1,1
3,single,f32,65536,glibc_t1,FIXED_TWIN,14,1,1,8840.00,0.0000,0.0000,9000.0,0.0,1.000,262144.0,0.000,0,0,262144,1,0,0,0,1,1
3,single,f32,262144,glibc_t1,P5,0,0,1,125501.00,0.0000,0.0000,128000.0,0.0,1.000,1048576.0,0.000,0,0,1048576,1,0,0,0,1,1
3,single,f32,262144,glibc_t1,FIXED_TWIN,0,1,1,126114.00,0.0000,0.0000,132000.0,0.0,1.000,1048576.0,0.000,0,0,1048576,1,0,0,0,1,1
3,single,f32,262144,glibc_t1,FIXED_TWIN,1,0,1,133096.00,0.0000,0.0000,136000.0,0.0,1.000,1048576.0,0.000,0,0,1048576,1,0,0,0,1,1
3,single,f32,262144,glibc_t1,P5,1,1,1,125245.00,0.0000,0.0000,128000.0,0.0,1.000,1048576.0,0.000,0,0,1048576,1,0,0,0,1,1
3,single,f32,262144,glibc_t1,P5,2,0,1,131645.00,0.0000,0.0000,136000.0,0.0,1.000,1048576.0,0.000,0,0,1048576,1,0,0,0,1,1
3,single,f32,262144,glibc_t1,FIXED_TWIN,2,1,1,157926.00,0.0000,0.0000,160000.0,0.0,1.000,1048576.0,0.000,0,0,1048576,1,0,0,0,1,1
3,single,f32,262144,glibc_t1,FIXED_TWIN,3,0,1,141089.00,0.0000,0.0000,144000.0,0.0,1.000,1048576.0,0.000,0,0,1048576,1,0,0,0,1,1
3,single,f32,262144,glibc_t1,P5,3,1,1,215613.00,0.0000,0.0000,220000.0,0.0,1.000,1048576.0,0.000,0,0,1048576,1,0,0,0,1,1
3,single,f32,262144,glibc_t1,P5,4,0,1,118515.00,0.0000,0.0000,121000.0,0.0,1.000,1048576.0,0.000,0,0,1048576,1,0,0,0,1,1
3,single,f32,262144,glibc_t1,FIXED_TWIN,4,1,1,144587.00,0.0000,0.0000,147000.0,0.0,1.000,1048576.0,0.000,0,0,1048576,1,0,0,0,1,1
3,single,f32,262144,glibc_t1,FIXED_TWIN,5,0,1,111904.00,0.0000,0.0000,116000.0,0.0,1.000,1048576.0,0.000,0,0,1048576,1,0,0,0,1,1
3,single,f32,262144,glibc_t1,P5,5,1,1,111763.00,0.0000,0.0000,114000.0,0.0,1.000,1048576.0,0.000,0,0,1048576,1,0,0,0,1,1
3,single,f32,262144,glibc_t1,P5,6,0,1,145392.00,0.0000,0.0000,147000.0,0.0,1.000,1048576.0,0.000,0,0,1048576,1,0,0,0,1,1
3,single,f32,262144,glibc_t1,FIXED_TWIN,6,1,1,113464.00,0.0000,0.0000,115000.0,0.0,1.000,1048576.0,0.000,0,0,1048576,1,0,0,0,1,1
3,single,f32,262144,glibc_t1,FIXED_TWIN,7,0,1,120254.00,0.0000,0.0000,122000.0,0.0,1.000,1048576.0,0.000,0,0,1048576,1,0,0,0,1,1
3,single,f32,262144,glibc_t1,P5,7,1,1,140231.00,0.0000,0.0000,142000.0,0.0,1.000,1048576.0,0.000,0,0,1048576,1,0,0,0,1,1
3,single,f32,262144,glibc_t1,P5,8,0,1,121016.00,0.0000,0.0000,122000.0,0.0,1.000,1048576.0,0.000,0,0,1048576,1,0,0,0,1,1
3,single,f32,262144,glibc_t1,FIXED_TWIN,8,1,1,147340.00,0.0000,0.0000,150000.0,0.0,1.000,1048576.0,0.000,0,0,1048576,1,0,0,0,1,1
3,single,f32,262144,glibc_t1,FIXED_TWIN,9,0,1,126998.00,0.0000,0.0000,129000.0,0.0,1.000,1048576.0,0.000,0,0,1048576,1,0,0,0,1,1
3,single,f32,262144,glibc_t1,P5,9,1,1,119382.00,0.0000,0.0000,122000.0,0.0,1.000,1048576.0,0.000,0,0,1048576,1,0,0,0,1,1
3,single,f32,262144,glibc_t1,P5,10,0,1,113770.00,0.0000,0.0000,116000.0,0.0,1.000,1048576.0,0.000,0,0,1048576,1,0,0,0,1,1
3,single,f32,262144,glibc_t1,FIXED_TWIN,10,1,1,113835.00,0.0000,0.0000,115000.0,0.0,1.000,1048576.0,0.000,0,0,1048576,1,0,0,0,1,1
3,single,f32,262144,glibc_t1,FIXED_TWIN,11,0,1,113323.00,0.0000,0.0000,114000.0,0.0,1.000,1048576.0,0.000,0,0,1048576,1,0,0,0,1,1
3,single,f32,262144,glibc_t1,P5,11,1,1,137415.00,0.0000,0.0000,139000.0,0.0,1.000,1048576.0,0.000,0,0,1048576,1,0,0,0,1,1
3,single,f32,262144,glibc_t1,P5,12,0,1,116537.00,0.0000,0.0000,119000.0,0.0,1.000,1048576.0,0.000,0,0,1048576,1,0,0,0,1,1
3,single,f32,262144,glibc_t1,FIXED_TWIN,12,1,1,115995.00,0.0000,0.0000,117000.0,0.0,1.000,1048576.0,0.000,0,0,1048576,1,0,0,0,1,1
3,single,f32,262144,glibc_t1,FIXED_TWIN,13,0,1,133400.00,0.0000,0.0000,134000.0,0.0,1.000,1048576.0,0.000,0,0,1048576,1,0,0,0,1,1
3,single,f32,262144,glibc_t1,P5,13,1,1,210781.00,0.0000,0.0000,217000.0,0.0,1.000,1048576.0,0.000,0,0,1048576,1,0,0,0,1,1
3,single,f32,262144,glibc_t1,P5,14,0,1,121102.00,0.0000,0.0000,124000.0,0.0,1.000,1048576.0,0.000,0,0,1048576,1,0,0,0,1,1
3,single,f32,262144,glibc_t1,FIXED_TWIN,14,1,1,110615.00,0.0000,0.0000,112000.0,0.0,1.000,1048576.0,0.000,0,0,1048576,1,0,0,0,1,1
3,single,f32,1048576,glibc_t1,P5,0,0,1,519717.00,0.0000,0.0000,524000.0,0.0,1.000,4194304.0,0.000,0,0,4194304,1,0,0,0,1,1
3,single,f32,1048576,glibc_t1,FIXED_TWIN,0,1,1,527427.00,0.0000,0.0000,532000.0,0.0,1.000,4194304.0,0.000,0,0,4194304,1,0,0,0,1,1
3,single,f32,1048576,glibc_t1,FIXED_TWIN,1,0,1,512967.00,0.0000,0.0000,516000.0,0.0,1.000,4194304.0,0.000,0,0,4194304,1,0,0,0,1,1
3,single,f32,1048576,glibc_t1,P5,1,1,1,540118.00,0.0000,0.0000,545000.0,0.0,1.000,4194304.0,0.000,0,0,4194304,1,0,0,0,1,1
3,single,f32,1048576,glibc_t1,P5,2,0,1,512620.00,0.0000,0.0000,515000.0,0.0,1.000,4194304.0,0.000,0,0,4194304,1,0,0,0,1,1
3,single,f32,1048576,glibc_t1,FIXED_TWIN,2,1,1,499910.00,0.0000,0.0000,503000.0,0.0,1.000,4194304.0,0.000,0,0,4194304,1,0,0,0,1,1
3,single,f32,1048576,glibc_t1,FIXED_TWIN,3,0,1,516966.00,0.0000,0.0000,520000.0,0.0,1.000,4194304.0,0.000,0,0,4194304,1,0,0,0,1,1
3,single,f32,1048576,glibc_t1,P5,3,1,1,496574.00,0.0000,0.0000,501000.0,0.0,1.000,4194304.0,0.000,0,0,4194304,1,0,0,0,1,1
3,single,f32,1048576,glibc_t1,P5,4,0,1,512038.00,0.0000,0.0000,515000.0,0.0,1.000,4194304.0,0.000,0,0,4194304,1,0,0,0,1,1
3,single,f32,1048576,glibc_t1,FIXED_TWIN,4,1,1,491661.00,0.0000,0.0000,495000.0,0.0,1.000,4194304.0,0.000,0,0,4194304,1,0,0,0,1,1
3,single,f32,1048576,glibc_t1,FIXED_TWIN,5,0,1,502983.00,0.0000,0.0000,507000.0,0.0,1.000,4194304.0,0.000,0,0,4194304,1,0,0,0,1,1
3,single,f32,1048576,glibc_t1,P5,5,1,1,487496.00,0.0000,0.0000,490000.0,0.0,1.000,4194304.0,0.000,0,0,4194304,1,0,0,0,1,1
3,single,f32,1048576,glibc_t1,P5,6,0,1,503100.00,0.0000,0.0000,505000.0,0.0,1.000,4194304.0,0.000,0,0,4194304,1,0,0,0,1,1
3,single,f32,1048576,glibc_t1,FIXED_TWIN,6,1,1,499027.00,0.0000,0.0000,502000.0,0.0,1.000,4194304.0,0.000,0,0,4194304,1,0,0,0,1,1
3,single,f32,1048576,glibc_t1,FIXED_TWIN,7,0,1,523905.00,0.0000,0.0000,527000.0,0.0,1.000,4194304.0,0.000,0,0,4194304,1,0,0,0,1,1
3,single,f32,1048576,glibc_t1,P5,7,1,1,496448.00,0.0000,0.0000,500000.0,0.0,1.000,4194304.0,0.000,0,0,4194304,1,0,0,0,1,1
3,single,f32,1048576,glibc_t1,P5,8,0,1,500345.00,0.0000,0.0000,504000.0,0.0,1.000,4194304.0,0.000,0,0,4194304,1,0,0,0,1,1
3,single,f32,1048576,glibc_t1,FIXED_TWIN,8,1,1,509468.00,0.0000,0.0000,513000.0,0.0,1.000,4194304.0,0.000,0,0,4194304,1,0,0,0,1,1
3,single,f32,1048576,glibc_t1,FIXED_TWIN,9,0,1,481234.00,0.0000,0.0000,484000.0,0.0,1.000,4194304.0,0.000,0,0,4194304,1,0,0,0,1,1
3,single,f32,1048576,glibc_t1,P5,9,1,1,492608.00,0.0000,0.0000,495000.0,0.0,1.000,4194304.0,0.000,0,0,4194304,1,0,0,0,1,1
3,single,f32,1048576,glibc_t1,P5,10,0,1,511356.00,0.0000,0.0000,515000.0,0.0,1.000,4194304.0,0.000,0,0,4194304,1,0,0,0,1,1
3,single,f32,1048576,glibc_t1,FIXED_TWIN,10,1,1,492046.00,0.0000,0.0000,495000.0,0.0,1.000,4194304.0,0.000,0,0,4194304,1,0,0,0,1,1
3,single,f32,1048576,glibc_t1,FIXED_TWIN,11,0,1,506120.00,0.0000,0.0000,509000.0,0.0,1.000,4194304.0,0.000,0,0,4194304,1,0,0,0,1,1
3,single,f32,1048576,glibc_t1,P5,11,1,1,503985.00,0.0000,0.0000,508000.0,0.0,1.000,4194304.0,0.000,0,0,4194304,1,0,0,0,1,1
3,single,f32,1048576,glibc_t1,P5,12,0,1,486289.00,0.0000,0.0000,490000.0,0.0,1.000,4194304.0,0.000,0,0,4194304,1,0,0,0,1,1
3,single,f32,1048576,glibc_t1,FIXED_TWIN,12,1,1,522899.00,0.0000,0.0000,525000.0,0.0,1.000,4194304.0,0.000,0,0,4194304,1,0,0,0,1,1
3,single,f32,1048576,glibc_t1,FIXED_TWIN,13,0,1,480207.00,0.0000,0.0000,483000.0,0.0,1.000,4194304.0,0.000,0,0,4194304,1,0,0,0,1,1
3,single,f32,1048576,glibc_t1,P5,13,1,1,491976.00,0.0000,0.0000,494000.0,0.0,1.000,4194304.0,0.000,0,0,4194304,1,0,0,0,1,1
3,single,f32,1048576,glibc_t1,P5,14,0,1,479123.00,0.0000,0.0000,482000.0,0.0,1.000,4194304.0,0.000,0,0,4194304,1,0,0,0,1,1
3,single,f32,1048576,glibc_t1,FIXED_TWIN,14,1,1,518527.00,0.0000,0.0000,523000.0,0.0,1.000,4194304.0,0.000,0,0,4194304,1,0,0,0,1,1
3,single,f32,4194304,glibc_t1,P5,0,0,1,2166651.00,0.0000,0.0000,2019000.0,155000.0,1.000,16777216.0,0.000,0,0,16777216,1,0,0,0,1,1
3,single,f32,4194304,glibc_t1,FIXED_TWIN,0,1,1,2740783.00,0.0000,0.0000,2746000.0,0.0,1.000,16777216.0,0.000,0,0,16777216,1,0,0,0,1,1
3,single,f32,4194304,glibc_t1,FIXED_TWIN,1,0,1,2463717.00,0.0000,0.0000,2457000.0,11000.0,1.000,16777216.0,0.000,0,0,16777216,1,0,0,0,1,1
3,single,f32,4194304,glibc_t1,P5,1,1,1,2220481.00,0.0000,0.0000,2225000.0,0.0,1.000,16777216.0,0.000,0,0,16777216,1,0,0,0,1,1
3,single,f32,4194304,glibc_t1,P5,2,0,1,2273863.00,0.0000,0.0000,2278000.0,0.0,1.000,16777216.0,0.000,0,0,16777216,1,0,0,0,1,1
3,single,f32,4194304,glibc_t1,FIXED_TWIN,2,1,1,2202259.00,0.0000,0.0000,2207000.0,0.0,1.000,16777216.0,0.000,0,0,16777216,1,0,0,0,1,1
3,single,f32,4194304,glibc_t1,FIXED_TWIN,3,0,1,2318727.00,0.0000,0.0000,2300000.0,23000.0,1.000,16777216.0,0.000,0,0,16777216,1,0,0,0,1,1
3,single,f32,4194304,glibc_t1,P5,3,1,1,2117131.00,0.0000,0.0000,2122000.0,0.0,1.000,16777216.0,0.000,0,0,16777216,1,0,0,0,1,1
3,single,f32,4194304,glibc_t1,P5,4,0,1,2320205.00,0.0000,0.0000,2326000.0,0.0,1.000,16777216.0,0.000,0,0,16777216,1,0,0,0,1,1
3,single,f32,4194304,glibc_t1,FIXED_TWIN,4,1,1,2237885.00,0.0000,0.0000,2242000.0,0.0,1.000,16777216.0,0.000,0,0,16777216,1,0,0,0,1,1
3,single,f32,4194304,glibc_t1,FIXED_TWIN,5,0,1,2425091.00,0.0000,0.0000,2431000.0,0.0,1.000,16777216.0,0.000,0,0,16777216,1,0,0,0,1,1
3,single,f32,4194304,glibc_t1,P5,5,1,1,2617012.00,0.0000,0.0000,2622000.0,0.0,1.000,16777216.0,0.000,0,0,16777216,1,0,0,0,1,1
3,single,f32,4194304,glibc_t1,P5,6,0,1,2381647.00,0.0000,0.0000,2386000.0,0.0,1.000,16777216.0,0.000,0,0,16777216,1,0,0,0,1,1
3,single,f32,4194304,glibc_t1,FIXED_TWIN,6,1,1,2182317.00,0.0000,0.0000,2186000.0,0.0,1.000,16777216.0,0.000,0,0,16777216,1,0,0,0,1,1
3,single,f32,4194304,glibc_t1,FIXED_TWIN,7,0,1,2128003.00,0.0000,0.0000,2132000.0,0.0,1.000,16777216.0,0.000,0,0,16777216,1,0,0,0,1,1
3,single,f32,4194304,glibc_t1,P5,7,1,1,2091085.00,0.0000,0.0000,2094000.0,0.0,1.000,16777216.0,0.000,0,0,16777216,1,0,0,0,1,1
3,single,f32,4194304,glibc_t1,P5,8,0,1,2339160.00,0.0000,0.0000,2345000.0,0.0,1.000,16777216.0,0.000,0,0,16777216,1,0,0,0,1,1
3,single,f32,4194304,glibc_t1,FIXED_TWIN,8,1,1,2075272.00,0.0000,0.0000,2080000.0,0.0,1.000,16777216.0,0.000,0,0,16777216,1,0,0,0,1,1
3,single,f32,4194304,glibc_t1,FIXED_TWIN,9,0,1,2088408.00,0.0000,0.0000,2092000.0,0.0,1.000,16777216.0,0.000,0,0,16777216,1,0,0,0,1,1
3,single,f32,4194304,glibc_t1,P5,9,1,1,2697991.00,0.0000,0.0000,2703000.0,0.0,1.000,16777216.0,0.000,0,0,16777216,1,0,0,0,1,1
3,single,f32,4194304,glibc_t1,P5,10,0,1,2283092.00,0.0000,0.0000,2287000.0,0.0,1.000,16777216.0,0.000,0,0,16777216,1,0,0,0,1,1
3,single,f32,4194304,glibc_t1,FIXED_TWIN,10,1,1,2405813.00,0.0000,0.0000,2410000.0,0.0,1.000,16777216.0,0.000,0,0,16777216,1,0,0,0,1,1
3,single,f32,4194304,glibc_t1,FIXED_TWIN,11,0,1,2383931.00,0.0000,0.0000,2387000.0,0.0,1.000,16777216.0,0.000,0,0,16777216,1,0,0,0,1,1
3,single,f32,4194304,glibc_t1,P5,11,1,1,2292720.00,0.0000,0.0000,2296000.0,0.0,1.000,16777216.0,0.000,0,0,16777216,1,0,0,0,1,1
3,single,f32,4194304,glibc_t1,P5,12,0,1,2336872.00,0.0000,0.0000,2342000.0,0.0,1.000,16777216.0,0.000,0,0,16777216,1,0,0,0,1,1
3,single,f32,4194304,glibc_t1,FIXED_TWIN,12,1,1,2248381.00,0.0000,0.0000,2251000.0,0.0,1.000,16777216.0,0.000,0,0,16777216,1,0,0,0,1,1
3,single,f32,4194304,glibc_t1,FIXED_TWIN,13,0,1,2253933.00,0.0000,0.0000,2259000.0,0.0,1.000,16777216.0,0.000,0,0,16777216,1,0,0,0,1,1
3,single,f32,4194304,glibc_t1,P5,13,1,1,2689513.00,0.0000,0.0000,2695000.0,0.0,1.000,16777216.0,0.000,0,0,16777216,1,0,0,0,1,1
3,single,f32,4194304,glibc_t1,P5,14,0,1,2334159.00,0.0000,0.0000,2338000.0,0.0,1.000,16777216.0,0.000,0,0,16777216,1,0,0,0,1,1
3,single,f32,4194304,glibc_t1,FIXED_TWIN,14,1,1,2331332.00,0.0000,0.0000,2337000.0,0.0,1.000,16777216.0,0.000,0,0,16777216,1,0,0,0,1,1
3,single,f32,16777216,glibc_t1,P5,0,0,1,37262189.00,16385.0000,0.0000,24920000.0,12338000.0,1.000,67108864.0,0.000,0,0,67108864,1,0,0,0,1,1
3,single,f32,16777216,glibc_t1,FIXED_TWIN,0,1,1,36811505.00,16385.0000,0.0000,20591000.0,16227000.0,1.000,67108864.0,0.000,0,0,67108864,1,0,0,0,1,1
3,single,f32,16777216,glibc_t1,FIXED_TWIN,1,0,1,41263350.00,16385.0000,0.0000,14065000.0,27204000.0,1.000,67108864.0,0.000,0,0,67108864,1,0,0,0,1,1
3,single,f32,16777216,glibc_t1,P5,1,1,1,39840464.00,16385.0000,0.0000,11900000.0,27946000.0,1.000,67108864.0,0.000,0,0,67108864,1,0,0,0,1,1
3,single,f32,16777216,glibc_t1,P5,2,0,1,38873678.00,16385.0000,0.0000,13981000.0,24900000.0,1.000,67108864.0,0.000,0,0,67108864,1,0,0,0,1,1
3,single,f32,16777216,glibc_t1,FIXED_TWIN,2,1,1,37347382.00,16385.0000,0.0000,10222000.0,27120000.0,1.000,67108864.0,0.000,0,0,67108864,1,0,0,0,1,1
3,single,f32,16777216,glibc_t1,FIXED_TWIN,3,0,1,37431001.00,16385.0000,0.0000,12939000.0,24500000.0,1.000,67108864.0,0.000,0,0,67108864,1,0,0,0,1,1
3,single,f32,16777216,glibc_t1,P5,3,1,1,37644695.00,16385.0000,0.0000,13070000.0,24581000.0,1.000,67108864.0,0.000,0,0,67108864,1,0,0,0,1,1
3,single,f32,16777216,glibc_t1,P5,4,0,1,38358474.00,16385.0000,0.0000,14934000.0,23431000.0,1.000,67108864.0,0.000,0,0,67108864,1,0,0,0,1,1
3,single,f32,16777216,glibc_t1,FIXED_TWIN,4,1,1,37274262.00,16385.0000,0.0000,4796000.0,32483000.0,1.000,67108864.0,0.000,0,0,67108864,1,0,0,0,1,1
3,single,f32,16777216,glibc_t1,FIXED_TWIN,5,0,1,37339948.00,16385.0000,0.0000,12836000.0,24510000.0,1.000,67108864.0,0.000,0,0,67108864,1,0,0,0,1,1
3,single,f32,16777216,glibc_t1,P5,5,1,1,37026745.00,16385.0000,0.0000,20643000.0,16390000.0,1.000,67108864.0,0.000,0,0,67108864,1,0,0,0,1,1
3,single,f32,16777216,glibc_t1,P5,6,0,1,37220164.00,16385.0000,0.0000,0.0,37226000.0,1.000,67108864.0,0.000,0,0,67108864,1,0,0,0,1,1
3,single,f32,16777216,glibc_t1,FIXED_TWIN,6,1,1,37840036.00,16385.0000,0.0000,13105000.0,24717000.0,1.000,67108864.0,0.000,0,0,67108864,1,0,0,0,1,1
3,single,f32,16777216,glibc_t1,FIXED_TWIN,7,0,1,37126951.00,16385.0000,0.0000,12682000.0,24451000.0,1.000,67108864.0,0.000,0,0,67108864,1,0,0,0,1,1
3,single,f32,16777216,glibc_t1,P5,7,1,1,37383547.00,16385.0000,0.0000,16828000.0,20554000.0,1.000,67108864.0,0.000,0,0,67108864,1,0,0,0,1,1
3,single,f32,16777216,glibc_t1,P5,8,0,1,36869116.00,16385.0000,0.0000,16522000.0,20322000.0,1.000,67108864.0,0.000,0,0,67108864,1,0,0,0,1,1
3,single,f32,16777216,glibc_t1,FIXED_TWIN,8,1,1,37241788.00,16385.0000,0.0000,20747000.0,16500000.0,1.000,67108864.0,0.000,0,0,67108864,1,0,0,0,1,1
3,single,f32,16777216,glibc_t1,FIXED_TWIN,9,0,1,38162857.00,16385.0000,0.0000,17291000.0,20865000.0,1.000,67108864.0,0.000,0,0,67108864,1,0,0,0,1,1
3,single,f32,16777216,glibc_t1,P5,9,1,1,37817350.00,16385.0000,0.0000,5073000.0,32738000.0,1.000,67108864.0,0.000,0,0,67108864,1,0,0,0,1,1
3,single,f32,16777216,glibc_t1,P5,10,0,1,37558023.00,16385.0000,0.0000,2536000.0,35004000.0,1.000,67108864.0,0.000,0,0,67108864,1,0,0,0,1,1
3,single,f32,16777216,glibc_t1,FIXED_TWIN,10,1,1,37317861.00,16385.0000,0.0000,14433000.0,22891000.0,1.000,67108864.0,0.000,0,0,67108864,1,0,0,0,1,1
3,single,f32,16777216,glibc_t1,FIXED_TWIN,11,0,1,36444253.00,16385.0000,0.0000,12255000.0,24196000.0,1.000,67108864.0,0.000,0,0,67108864,1,0,0,0,1,1
3,single,f32,16777216,glibc_t1,P5,11,1,1,37846047.00,16385.0000,0.0000,14751000.0,23091000.0,1.000,67108864.0,0.000,0,0,67108864,1,0,0,0,1,1
3,single,f32,16777216,glibc_t1,P5,12,0,1,43418199.00,16385.0000,0.0000,7662000.0,35763000.0,1.000,67108864.0,0.000,0,0,67108864,1,0,0,0,1,1
3,single,f32,16777216,glibc_t1,FIXED_TWIN,12,1,1,36517955.00,16385.0000,0.0000,9998000.0,26526000.0,1.000,67108864.0,0.000,0,0,67108864,1,0,0,0,1,1
3,single,f32,16777216,glibc_t1,FIXED_TWIN,13,0,1,36933107.00,16385.0000,0.0000,16536000.0,20406000.0,1.000,67108864.0,0.000,0,0,67108864,1,0,0,0,1,1
3,single,f32,16777216,glibc_t1,P5,13,1,1,37063205.00,16385.0000,0.0000,20604000.0,16454000.0,1.000,67108864.0,0.000,0,0,67108864,1,0,0,0,1,1
3,single,f32,16777216,glibc_t1,P5,14,0,1,37221201.00,16385.0000,0.0000,10377000.0,26818000.0,1.000,67108864.0,0.000,0,0,67108864,1,0,0,0,1,1
3,single,f32,16777216,glibc_t1,FIXED_TWIN,14,1,1,38512035.00,16385.0000,0.0000,11136000.0,27368000.0,1.000,67108864.0,0.000,0,0,67108864,1,0,0,0,1,1
3,final_left,f32,64,glibc_t1,P5,0,0,1000,1505.81,0.0000,0.0000,1510.0,0.0,2.000,512.0,0.000,0,0,256256,2,0,0,0,1,1
3,final_left,f32,64,glibc_t1,P6,0,1,1000,1413.78,0.0000,0.0000,1415.0,0.0,1.000,256.0,0.000,0,0,256000,1,1,0,0,1,1
3,final_left,f32,64,glibc_t1,P7,0,2,1000,1382.64,0.0000,0.0000,1384.0,0.0,1.000,256.0,0.000,0,0,256000,1,0,1,0,1,1
3,final_left,f32,64,glibc_t1,FIXED_TWIN,0,3,1000,1398.09,0.0000,0.0000,1398.0,0.0,1.000,256.0,0.000,0,0,256000,1,0,1,0,1,1
3,final_left,f32,64,glibc_t1,P6,1,0,1000,1413.49,0.0000,0.0000,1414.0,0.0,1.000,256.0,0.000,0,0,256000,1,1,0,0,1,1
3,final_left,f32,64,glibc_t1,P7,1,1,1000,1428.69,0.0000,0.0000,1432.0,0.0,1.000,256.0,0.000,0,0,256000,1,0,1,0,1,1
3,final_left,f32,64,glibc_t1,FIXED_TWIN,1,2,1000,1419.09,0.0000,0.0000,1421.0,0.0,1.000,256.0,0.000,0,0,256000,1,0,1,0,1,1
3,final_left,f32,64,glibc_t1,P5,1,3,1000,1848.67,0.0000,0.0000,1853.0,0.0,2.000,512.0,0.000,0,0,256256,2,0,0,0,1,1
3,final_left,f32,64,glibc_t1,P7,2,0,1000,1381.28,0.0000,0.0000,1383.0,0.0,1.000,256.0,0.000,0,0,256000,1,0,1,0,1,1
3,final_left,f32,64,glibc_t1,FIXED_TWIN,2,1,1000,1377.31,0.0000,0.0000,1378.0,0.0,1.000,256.0,0.000,0,0,256000,1,0,1,0,1,1
3,final_left,f32,64,glibc_t1,P5,2,2,1000,1445.15,0.0000,0.0000,1448.0,0.0,2.000,512.0,0.000,0,0,256256,2,0,0,0,1,1
3,final_left,f32,64,glibc_t1,P6,2,3,1000,1441.70,0.0000,0.0000,1444.0,0.0,1.000,256.0,0.000,0,0,256000,1,1,0,0,1,1
3,final_left,f32,64,glibc_t1,FIXED_TWIN,3,0,1000,1439.04,0.0000,0.0000,1440.0,0.0,1.000,256.0,0.000,0,0,256000,1,0,1,0,1,1
3,final_left,f32,64,glibc_t1,P5,3,1,1000,1418.31,0.0000,0.0000,1422.0,0.0,2.000,512.0,0.000,0,0,256256,2,0,0,0,1,1
3,final_left,f32,64,glibc_t1,P6,3,2,1000,1407.43,0.0000,0.0000,1408.0,0.0,1.000,256.0,0.000,0,0,256000,1,1,0,0,1,1
3,final_left,f32,64,glibc_t1,P7,3,3,1000,1365.27,0.0000,0.0000,1366.0,0.0,1.000,256.0,0.000,0,0,256000,1,0,1,0,1,1
3,final_left,f32,64,glibc_t1,P5,4,0,1000,1430.66,0.0000,0.0000,1431.0,0.0,2.000,512.0,0.000,0,0,256256,2,0,0,0,1,1
3,final_left,f32,64,glibc_t1,P6,4,1,1000,1379.48,0.0000,0.0000,1380.0,0.0,1.000,256.0,0.000,0,0,256000,1,1,0,0,1,1
3,final_left,f32,64,glibc_t1,P7,4,2,1000,1353.66,0.0000,0.0000,1355.0,0.0,1.000,256.0,0.000,0,0,256000,1,0,1,0,1,1
3,final_left,f32,64,glibc_t1,FIXED_TWIN,4,3,1000,1357.97,0.0000,0.0000,1359.0,0.0,1.000,256.0,0.000,0,0,256000,1,0,1,0,1,1
3,final_left,f32,64,glibc_t1,P6,5,0,1000,1396.60,0.0000,0.0000,1399.0,0.0,1.000,256.0,0.000,0,0,256000,1,1,0,0,1,1
3,final_left,f32,64,glibc_t1,P7,5,1,1000,1361.84,0.0000,0.0000,1363.0,0.0,1.000,256.0,0.000,0,0,256000,1,0,1,0,1,1
3,final_left,f32,64,glibc_t1,FIXED_TWIN,5,2,1000,1366.45,0.0000,0.0000,1367.0,0.0,1.000,256.0,0.000,0,0,256000,1,0,1,0,1,1
3,final_left,f32,64,glibc_t1,P5,5,3,1000,1420.73,0.0000,0.0000,1422.0,0.0,2.000,512.0,0.000,0,0,256256,2,0,0,0,1,1
3,final_left,f32,64,glibc_t1,P7,6,0,1000,1377.84,0.0000,0.0000,1378.0,0.0,1.000,256.0,0.000,0,0,256000,1,0,1,0,1,1
3,final_left,f32,64,glibc_t1,FIXED_TWIN,6,1,1000,1356.92,0.0000,0.0000,1358.0,0.0,1.000,256.0,0.000,0,0,256000,1,0,1,0,1,1
3,final_left,f32,64,glibc_t1,P5,6,2,1000,1405.72,0.0000,0.0000,1406.0,0.0,2.000,512.0,0.000,0,0,256256,2,0,0,0,1,1
3,final_left,f32,64,glibc_t1,P6,6,3,1000,1447.19,0.0000,0.0000,1421.0,0.0,1.000,256.0,0.000,0,0,256000,1,1,0,0,1,1
3,final_left,f32,64,glibc_t1,FIXED_TWIN,7,0,1000,1385.77,0.0000,0.0000,1387.0,0.0,1.000,256.0,0.000,0,0,256000,1,0,1,0,1,1
3,final_left,f32,64,glibc_t1,P5,7,1,1000,1392.57,0.0000,0.0000,1393.0,0.0,2.000,512.0,0.000,0,0,256256,2,0,0,0,1,1
3,final_left,f32,64,glibc_t1,P6,7,2,1000,1389.62,0.0000,0.0000,1390.0,0.0,1.000,256.0,0.000,0,0,256000,1,1,0,0,1,1
3,final_left,f32,64,glibc_t1,P7,7,3,1000,1376.82,0.0000,0.0000,1378.0,0.0,1.000,256.0,0.000,0,0,256000,1,0,1,0,1,1
3,final_left,f32,64,glibc_t1,P5,8,0,1000,1408.32,0.0000,0.0000,1409.0,0.0,2.000,512.0,0.000,0,0,256256,2,0,0,0,1,1
3,final_left,f32,64,glibc_t1,P6,8,1,1000,1393.35,0.0000,0.0000,1395.0,0.0,1.000,256.0,0.000,0,0,256000,1,1,0,0,1,1
3,final_left,f32,64,glibc_t1,P7,8,2,1000,1360.96,0.0000,0.0000,1362.0,0.0,1.000,256.0,0.000,0,0,256000,1,0,1,0,1,1
3,final_left,f32,64,glibc_t1,FIXED_TWIN,8,3,1000,1384.88,0.0000,0.0000,1386.0,0.0,1.000,256.0,0.000,0,0,256000,1,0,1,0,1,1
3,final_left,f32,64,glibc_t1,P6,9,0,1000,1392.79,0.0000,0.0000,1393.0,0.0,1.000,256.0,0.000,0,0,256000,1,1,0,0,1,1
3,final_left,f32,64,glibc_t1,P7,9,1,1000,1360.03,0.0000,0.0000,1361.0,0.0,1.000,256.0,0.000,0,0,256000,1,0,1,0,1,1
3,final_left,f32,64,glibc_t1,FIXED_TWIN,9,2,1000,1366.52,0.0000,0.0000,1367.0,0.0,1.000,256.0,0.000,0,0,256000,1,0,1,0,1,1
3,final_left,f32,64,glibc_t1,P5,9,3,1000,1406.98,0.0000,0.0000,1408.0,0.0,2.000,512.0,0.000,0,0,256256,2,0,0,0,1,1
3,final_left,f32,64,glibc_t1,P7,10,0,1000,1356.22,0.0000,0.0000,1357.0,0.0,1.000,256.0,0.000,0,0,256000,1,0,1,0,1,1
3,final_left,f32,64,glibc_t1,FIXED_TWIN,10,1,1000,1356.24,0.0000,0.0000,1357.0,0.0,1.000,256.0,0.000,0,0,256000,1,0,1,0,1,1
3,final_left,f32,64,glibc_t1,P5,10,2,1000,1415.80,0.0000,0.0000,1416.0,0.0,2.000,512.0,0.000,0,0,256256,2,0,0,0,1,1
3,final_left,f32,64,glibc_t1,P6,10,3,1000,1416.03,0.0000,0.0000,1419.0,0.0,1.000,256.0,0.000,0,0,256000,1,1,0,0,1,1
3,final_left,f32,64,glibc_t1,FIXED_TWIN,11,0,1000,1516.86,0.0000,0.0000,1517.0,0.0,1.000,256.0,0.000,0,0,256000,1,0,1,0,1,1
3,final_left,f32,64,glibc_t1,P5,11,1,1000,1450.93,0.0000,0.0000,1440.0,0.0,2.000,512.0,0.000,0,0,256256,2,0,0,0,1,1
3,final_left,f32,64,glibc_t1,P6,11,2,1000,1409.75,0.0000,0.0000,1410.0,0.0,1.000,256.0,0.000,0,0,256000,1,1,0,0,1,1
3,final_left,f32,64,glibc_t1,P7,11,3,1000,1372.05,0.0000,0.0000,1373.0,0.0,1.000,256.0,0.000,0,0,256000,1,0,1,0,1,1
3,final_left,f32,64,glibc_t1,P5,12,0,1000,1413.70,0.0000,0.0000,1414.0,0.0,2.000,512.0,0.000,0,0,256256,2,0,0,0,1,1
3,final_left,f32,64,glibc_t1,P6,12,1,1000,1407.26,0.0000,0.0000,1408.0,0.0,1.000,256.0,0.000,0,0,256000,1,1,0,0,1,1
3,final_left,f32,64,glibc_t1,P7,12,2,1000,1368.98,0.0000,0.0000,1370.0,0.0,1.000,256.0,0.000,0,0,256000,1,0,1,0,1,1
3,final_left,f32,64,glibc_t1,FIXED_TWIN,12,3,1000,1374.36,0.0000,0.0000,1376.0,0.0,1.000,256.0,0.000,0,0,256000,1,0,1,0,1,1
3,final_left,f32,64,glibc_t1,P6,13,0,1000,1413.60,0.0000,0.0000,1415.0,0.0,1.000,256.0,0.000,0,0,256000,1,1,0,0,1,1
3,final_left,f32,64,glibc_t1,P7,13,1,1000,1373.62,0.0000,0.0000,1375.0,0.0,1.000,256.0,0.000,0,0,256000,1,0,1,0,1,1
3,final_left,f32,64,glibc_t1,FIXED_TWIN,13,2,1000,1408.56,0.0000,0.0000,1409.0,0.0,1.000,256.0,0.000,0,0,256000,1,0,1,0,1,1
3,final_left,f32,64,glibc_t1,P5,13,3,1000,1410.30,0.0000,0.0000,1411.0,0.0,2.000,512.0,0.000,0,0,256256,2,0,0,0,1,1
3,final_left,f32,64,glibc_t1,P7,14,0,1000,1398.88,0.0000,0.0000,1400.0,0.0,1.000,256.0,0.000,0,0,256000,1,0,1,0,1,1
3,final_left,f32,64,glibc_t1,FIXED_TWIN,14,1,1000,1369.94,0.0000,0.0000,1371.0,0.0,1.000,256.0,0.000,0,0,256000,1,0,1,0,1,1
3,final_left,f32,64,glibc_t1,P5,14,2,1000,1492.87,0.0000,0.0000,1494.0,0.0,2.000,512.0,0.000,0,0,256256,2,0,0,0,1,1
3,final_left,f32,64,glibc_t1,P6,14,3,1000,1439.54,0.0000,0.0000,1444.0,0.0,1.000,256.0,0.000,0,0,256000,1,1,0,0,1,1
3,final_left,f32,1024,glibc_t1,P5,0,0,1000,1711.48,0.0000,0.0000,1716.0,0.0,2.000,8192.0,0.000,0,0,4100096,2,0,0,0,1,1
3,final_left,f32,1024,glibc_t1,P6,0,1,1000,1679.77,0.0000,0.0000,1682.0,0.0,1.000,4096.0,0.000,0,0,4096000,1,1,0,0,1,1
3,final_left,f32,1024,glibc_t1,P7,0,2,1000,1591.61,0.0000,0.0000,1594.0,0.0,1.000,4096.0,0.000,0,0,4096000,1,0,1,0,1,1
3,final_left,f32,1024,glibc_t1,FIXED_TWIN,0,3,1000,1523.70,0.0000,0.0000,1526.0,0.0,1.000,4096.0,0.000,0,0,4096000,1,0,1,0,1,1
3,final_left,f32,1024,glibc_t1,P6,1,0,1000,1613.17,0.0000,0.0000,1615.0,0.0,1.000,4096.0,0.000,0,0,4096000,1,1,0,0,1,1
3,final_left,f32,1024,glibc_t1,P7,1,1,1000,1840.22,0.0000,0.0000,1844.0,0.0,1.000,4096.0,0.000,0,0,4096000,1,0,1,0,1,1
3,final_left,f32,1024,glibc_t1,FIXED_TWIN,1,2,1000,1526.66,0.0000,0.0000,1528.0,0.0,1.000,4096.0,0.000,0,0,4096000,1,0,1,0,1,1
3,final_left,f32,1024,glibc_t1,P5,1,3,1000,1670.15,0.0000,0.0000,1672.0,0.0,2.000,8192.0,0.000,0,0,4100096,2,0,0,0,1,1
3,final_left,f32,1024,glibc_t1,P7,2,0,1000,1527.00,0.0000,0.0000,1529.0,0.0,1.000,4096.0,0.000,0,0,4096000,1,0,1,0,1,1
3,final_left,f32,1024,glibc_t1,FIXED_TWIN,2,1,1000,1533.87,0.0000,0.0000,1536.0,0.0,1.000,4096.0,0.000,0,0,4096000,1,0,1,0,1,1
3,final_left,f32,1024,glibc_t1,P5,2,2,1000,1698.60,0.0000,0.0000,1701.0,0.0,2.000,8192.0,0.000,0,0,4100096,2,0,0,0,1,1
3,final_left,f32,1024,glibc_t1,P6,2,3,1000,1632.17,0.0000,0.0000,1634.0,0.0,1.000,4096.0,0.000,0,0,4096000,1,1,0,0,1,1
3,final_left,f32,1024,glibc_t1,FIXED_TWIN,3,0,1000,1549.58,0.0000,0.0000,1552.0,0.0,1.000,4096.0,0.000,0,0,4096000,1,0,1,0,1,1
3,final_left,f32,1024,glibc_t1,P5,3,1,1000,1675.56,0.0000,0.0000,1677.0,0.0,2.000,8192.0,0.000,0,0,4100096,2,0,0,0,1,1
3,final_left,f32,1024,glibc_t1,P6,3,2,1000,1680.59,0.0000,0.0000,1683.0,0.0,1.000,4096.0,0.000,0,0,4096000,1,1,0,0,1,1
3,final_left,f32,1024,glibc_t1,P7,3,3,1000,1501.27,0.0000,0.0000,1503.0,0.0,1.000,4096.0,0.000,0,0,4096000,1,0,1,0,1,1
3,final_left,f32,1024,glibc_t1,P5,4,0,1000,1669.91,0.0000,0.0000,1671.0,0.0,2.000,8192.0,0.000,0,0,4100096,2,0,0,0,1,1
3,final_left,f32,1024,glibc_t1,P6,4,1,1000,1640.90,0.0000,0.0000,1643.0,0.0,1.000,4096.0,0.000,0,0,4096000,1,1,0,0,1,1
3,final_left,f32,1024,glibc_t1,P7,4,2,1000,1590.88,0.0000,0.0000,1593.0,0.0,1.000,4096.0,0.000,0,0,4096000,1,0,1,0,1,1
3,final_left,f32,1024,glibc_t1,FIXED_TWIN,4,3,1000,1821.88,0.0000,0.0000,1825.0,0.0,1.000,4096.0,0.000,0,0,4096000,1,0,1,0,1,1
3,final_left,f32,1024,glibc_t1,P6,5,0,1000,1622.56,0.0000,0.0000,1625.0,0.0,1.000,4096.0,0.000,0,0,4096000,1,1,0,0,1,1
3,final_left,f32,1024,glibc_t1,P7,5,1,1000,1517.06,0.0000,0.0000,1520.0,0.0,1.000,4096.0,0.000,0,0,4096000,1,0,1,0,1,1
3,final_left,f32,1024,glibc_t1,FIXED_TWIN,5,2,1000,1591.17,0.0000,0.0000,1594.0,0.0,1.000,4096.0,0.000,0,0,4096000,1,0,1,0,1,1
3,final_left,f32,1024,glibc_t1,P5,5,3,1000,1683.64,0.0000,0.0000,1685.0,0.0,2.000,8192.0,0.000,0,0,4100096,2,0,0,0,1,1
3,final_left,f32,1024,glibc_t1,P7,6,0,1000,1587.41,0.0000,0.0000,1589.0,0.0,1.000,4096.0,0.000,0,0,4096000,1,0,1,0,1,1
3,final_left,f32,1024,glibc_t1,FIXED_TWIN,6,1,1000,1527.72,0.0000,0.0000,1530.0,0.0,1.000,4096.0,0.000,0,0,4096000,1,0,1,0,1,1
3,final_left,f32,1024,glibc_t1,P5,6,2,1000,1687.99,0.0000,0.0000,1691.0,0.0,2.000,8192.0,0.000,0,0,4100096,2,0,0,0,1,1
3,final_left,f32,1024,glibc_t1,P6,6,3,1000,1649.15,0.0000,0.0000,1651.0,0.0,1.000,4096.0,0.000,0,0,4096000,1,1,0,0,1,1
3,final_left,f32,1024,glibc_t1,FIXED_TWIN,7,0,1000,1536.88,0.0000,0.0000,1540.0,0.0,1.000,4096.0,0.000,0,0,4096000,1,0,1,0,1,1
3,final_left,f32,1024,glibc_t1,P5,7,1,1000,1653.73,0.0000,0.0000,1656.0,0.0,2.000,8192.0,0.000,0,0,4100096,2,0,0,0,1,1
3,final_left,f32,1024,glibc_t1,P6,7,2,1000,1635.14,0.0000,0.0000,1637.0,0.0,1.000,4096.0,0.000,0,0,4096000,1,1,0,0,1,1
3,final_left,f32,1024,glibc_t1,P7,7,3,1000,1536.83,0.0000,0.0000,1538.0,0.0,1.000,4096.0,0.000,0,0,4096000,1,0,1,0,1,1
3,final_left,f32,1024,glibc_t1,P5,8,0,1000,1698.46,0.0000,0.0000,1701.0,0.0,2.000,8192.0,0.000,0,0,4100096,2,0,0,0,1,1
3,final_left,f32,1024,glibc_t1,P6,8,1,1000,1765.54,0.0000,0.0000,1768.0,0.0,1.000,4096.0,0.000,0,0,4096000,1,1,0,0,1,1
3,final_left,f32,1024,glibc_t1,P7,8,2,1000,1608.19,0.0000,0.0000,1612.0,0.0,1.000,4096.0,0.000,0,0,4096000,1,0,1,0,1,1
3,final_left,f32,1024,glibc_t1,FIXED_TWIN,8,3,1000,1553.78,0.0000,0.0000,1556.0,0.0,1.000,4096.0,0.000,0,0,4096000,1,0,1,0,1,1
3,final_left,f32,1024,glibc_t1,P6,9,0,1000,1684.76,0.0000,0.0000,1687.0,0.0,1.000,4096.0,0.000,0,0,4096000,1,1,0,0,1,1
3,final_left,f32,1024,glibc_t1,P7,9,1,1000,1595.75,0.0000,0.0000,1597.0,0.0,1.000,4096.0,0.000,0,0,4096000,1,0,1,0,1,1
3,final_left,f32,1024,glibc_t1,FIXED_TWIN,9,2,1000,1563.93,0.0000,0.0000,1568.0,0.0,1.000,4096.0,0.000,0,0,4096000,1,0,1,0,1,1
3,final_left,f32,1024,glibc_t1,P5,9,3,1000,1709.06,0.0000,0.0000,1712.0,0.0,2.000,8192.0,0.000,0,0,4100096,2,0,0,0,1,1
3,final_left,f32,1024,glibc_t1,P7,10,0,1000,1569.62,0.0000,0.0000,1572.0,0.0,1.000,4096.0,0.000,0,0,4096000,1,0,1,0,1,1
3,final_left,f32,1024,glibc_t1,FIXED_TWIN,10,1,1000,1584.29,0.0000,0.0000,1587.0,0.0,1.000,4096.0,0.000,0,0,4096000,1,0,1,0,1,1
3,final_left,f32,1024,glibc_t1,P5,10,2,1000,1678.29,0.0000,0.0000,1681.0,0.0,2.000,8192.0,0.000,0,0,4100096,2,0,0,0,1,1
3,final_left,f32,1024,glibc_t1,P6,10,3,1000,1662.27,0.0000,0.0000,1664.0,0.0,1.000,4096.0,0.000,0,0,4096000,1,1,0,0,1,1
3,final_left,f32,1024,glibc_t1,FIXED_TWIN,11,0,1000,1639.62,0.0000,0.0000,1648.0,0.0,1.000,4096.0,0.000,0,0,4096000,1,0,1,0,1,1
3,final_left,f32,1024,glibc_t1,P5,11,1,1000,1765.92,0.0000,0.0000,1770.0,0.0,2.000,8192.0,0.000,0,0,4100096,2,0,0,0,1,1
3,final_left,f32,1024,glibc_t1,P6,11,2,1000,1697.29,0.0000,0.0000,1700.0,0.0,1.000,4096.0,0.000,0,0,4096000,1,1,0,0,1,1
3,final_left,f32,1024,glibc_t1,P7,11,3,1000,1553.85,0.0000,0.0000,1556.0,0.0,1.000,4096.0,0.000,0,0,4096000,1,0,1,0,1,1
3,final_left,f32,1024,glibc_t1,P5,12,0,1000,1700.93,0.0000,0.0000,1703.0,0.0,2.000,8192.0,0.000,0,0,4100096,2,0,0,0,1,1
3,final_left,f32,1024,glibc_t1,P6,12,1,1000,1658.18,0.0000,0.0000,1660.0,0.0,1.000,4096.0,0.000,0,0,4096000,1,1,0,0,1,1
3,final_left,f32,1024,glibc_t1,P7,12,2,1000,1532.07,0.0000,0.0000,1534.0,0.0,1.000,4096.0,0.000,0,0,4096000,1,0,1,0,1,1
3,final_left,f32,1024,glibc_t1,FIXED_TWIN,12,3,1000,1511.03,0.0000,0.0000,1513.0,0.0,1.000,4096.0,0.000,0,0,4096000,1,0,1,0,1,1
3,final_left,f32,1024,glibc_t1,P6,13,0,1000,1675.40,0.0000,0.0000,1677.0,0.0,1.000,4096.0,0.000,0,0,4096000,1,1,0,0,1,1
3,final_left,f32,1024,glibc_t1,P7,13,1,1000,1533.38,0.0000,0.0000,1535.0,0.0,1.000,4096.0,0.000,0,0,4096000,1,0,1,0,1,1
3,final_left,f32,1024,glibc_t1,FIXED_TWIN,13,2,1000,1530.23,0.0000,0.0000,1534.0,0.0,1.000,4096.0,0.000,0,0,4096000,1,0,1,0,1,1
3,final_left,f32,1024,glibc_t1,P5,13,3,1000,1671.03,0.0000,0.0000,1673.0,0.0,2.000,8192.0,0.000,0,0,4100096,2,0,0,0,1,1
3,final_left,f32,1024,glibc_t1,P7,14,0,1000,1504.50,0.0000,0.0000,1506.0,0.0,1.000,4096.0,0.000,0,0,4096000,1,0,1,0,1,1
3,final_left,f32,1024,glibc_t1,FIXED_TWIN,14,1,1000,1551.45,0.0000,0.0000,1554.0,0.0,1.000,4096.0,0.000,0,0,4096000,1,0,1,0,1,1
3,final_left,f32,1024,glibc_t1,P5,14,2,1000,1704.03,0.0000,0.0000,1707.0,0.0,2.000,8192.0,0.000,0,0,4100096,2,0,0,0,1,1
3,final_left,f32,1024,glibc_t1,P6,14,3,1000,1644.12,0.0000,0.0000,1646.0,0.0,1.000,4096.0,0.000,0,0,4096000,1,1,0,0,1,1
3,final_left,f32,4096,glibc_t1,P5,0,0,1,1610.00,0.0000,0.0000,3000.0,0.0,2.000,32768.0,0.000,0,0,32768,2,0,0,0,1,1
3,final_left,f32,4096,glibc_t1,P6,0,1,1,1355.00,0.0000,0.0000,2000.0,0.0,1.000,16384.0,0.000,0,0,16384,1,1,0,0,1,1
3,final_left,f32,4096,glibc_t1,P7,0,2,1,1234.00,0.0000,0.0000,1000.0,0.0,1.000,16384.0,0.000,0,0,16384,1,0,1,0,1,1
3,final_left,f32,4096,glibc_t1,FIXED_TWIN,0,3,1,1220.00,0.0000,0.0000,2000.0,0.0,1.000,16384.0,0.000,0,0,16384,1,0,1,0,1,1
3,final_left,f32,4096,glibc_t1,P6,1,0,1,1345.00,0.0000,0.0000,1000.0,0.0,1.000,16384.0,0.000,0,0,16384,1,1,0,0,1,1
3,final_left,f32,4096,glibc_t1,P7,1,1,1,1235.00,0.0000,0.0000,1000.0,0.0,1.000,16384.0,0.000,0,0,16384,1,0,1,0,1,1
3,final_left,f32,4096,glibc_t1,FIXED_TWIN,1,2,1,1221.00,0.0000,0.0000,1000.0,0.0,1.000,16384.0,0.000,0,0,16384,1,0,1,0,1,1
3,final_left,f32,4096,glibc_t1,P5,1,3,1,1510.00,0.0000,0.0000,2000.0,0.0,2.000,32768.0,0.000,0,0,32768,2,0,0,0,1,1
3,final_left,f32,4096,glibc_t1,P7,2,0,1,1196.00,0.0000,0.0000,1000.0,0.0,1.000,16384.0,0.000,0,0,16384,1,0,1,0,1,1
3,final_left,f32,4096,glibc_t1,FIXED_TWIN,2,1,1,1198.00,0.0000,0.0000,1000.0,0.0,1.000,16384.0,0.000,0,0,16384,1,0,1,0,1,1
3,final_left,f32,4096,glibc_t1,P5,2,2,1,1472.00,0.0000,0.0000,1000.0,0.0,2.000,32768.0,0.000,0,0,32768,2,0,0,0,1,1
3,final_left,f32,4096,glibc_t1,P6,2,3,1,1355.00,0.0000,0.0000,2000.0,0.0,1.000,16384.0,0.000,0,0,16384,1,1,0,0,1,1
3,final_left,f32,4096,glibc_t1,FIXED_TWIN,3,0,1,1221.00,0.0000,0.0000,1000.0,0.0,1.000,16384.0,0.000,0,0,16384,1,0,1,0,1,1
3,final_left,f32,4096,glibc_t1,P5,3,1,1,1457.00,0.0000,0.0000,2000.0,0.0,2.000,32768.0,0.000,0,0,32768,2,0,0,0,1,1
3,final_left,f32,4096,glibc_t1,P6,3,2,1,1340.00,0.0000,0.0000,2000.0,0.0,1.000,16384.0,0.000,0,0,16384,1,1,0,0,1,1
3,final_left,f32,4096,glibc_t1,P7,3,3,1,1220.00,0.0000,0.0000,1000.0,0.0,1.000,16384.0,0.000,0,0,16384,1,0,1,0,1,1
3,final_left,f32,4096,glibc_t1,P5,4,0,1,1457.00,0.0000,0.0000,2000.0,0.0,2.000,32768.0,0.000,0,0,32768,2,0,0,0,1,1
3,final_left,f32,4096,glibc_t1,P6,4,1,1,20979.00,0.0000,0.0000,21000.0,0.0,1.000,16384.0,0.000,0,0,16384,1,1,0,0,1,1
3,final_left,f32,4096,glibc_t1,P7,4,2,1,1386.00,0.0000,0.0000,1000.0,0.0,1.000,16384.0,0.000,0,0,16384,1,0,1,0,1,1
3,final_left,f32,4096,glibc_t1,FIXED_TWIN,4,3,1,1348.00,0.0000,0.0000,2000.0,0.0,1.000,16384.0,0.000,0,0,16384,1,0,1,0,1,1
3,final_left,f32,4096,glibc_t1,P6,5,0,1,1485.00,0.0000,0.0000,2000.0,0.0,1.000,16384.0,0.000,0,0,16384,1,1,0,0,1,1
3,final_left,f32,4096,glibc_t1,P7,5,1,1,1246.00,0.0000,0.0000,2000.0,0.0,1.000,16384.0,0.000,0,0,16384,1,0,1,0,1,1
3,final_left,f32,4096,glibc_t1,FIXED_TWIN,5,2,1,1193.00,0.0000,0.0000,2000.0,0.0,1.000,16384.0,0.000,0,0,16384,1,0,1,0,1,1
3,final_left,f32,4096,glibc_t1,P5,5,3,1,1651.00,0.0000,0.0000,3000.0,0.0,2.000,32768.0,0.000,0,0,32768,2,0,0,0,1,1
3,final_left,f32,4096,glibc_t1,P7,6,0,1,1221.00,0.0000,0.0000,2000.0,0.0,1.000,16384.0,0.000,0,0,16384,1,0,1,0,1,1
3,final_left,f32,4096,glibc_t1,FIXED_TWIN,6,1,1,1197.00,0.0000,0.0000,1000.0,0.0,1.000,16384.0,0.000,0,0,16384,1,0,1,0,1,1
3,final_left,f32,4096,glibc_t1,P5,6,2,1,1524.00,0.0000,0.0000,2000.0,0.0,2.000,32768.0,0.000,0,0,32768,2,0,0,0,1,1
3,final_left,f32,4096,glibc_t1,P6,6,3,1,1397.00,0.0000,0.0000,2000.0,0.0,1.000,16384.0,0.000,0,0,16384,1,1,0,0,1,1
3,final_left,f32,4096,glibc_t1,FIXED_TWIN,7,0,1,1223.00,0.0000,0.0000,2000.0,0.0,1.000,16384.0,0.000,0,0,16384,1,0,1,0,1,1
3,final_left,f32,4096,glibc_t1,P5,7,1,1,1466.00,0.0000,0.0000,2000.0,0.0,2.000,32768.0,0.000,0,0,32768,2,0,0,0,1,1
3,final_left,f32,4096,glibc_t1,P6,7,2,1,1345.00,0.0000,0.0000,2000.0,0.0,1.000,16384.0,0.000,0,0,16384,1,1,0,0,1,1
3,final_left,f32,4096,glibc_t1,P7,7,3,1,1216.00,0.0000,0.0000,2000.0,0.0,1.000,16384.0,0.000,0,0,16384,1,0,1,0,1,1
3,final_left,f32,4096,glibc_t1,P5,8,0,1,1443.00,0.0000,0.0000,2000.0,0.0,2.000,32768.0,0.000,0,0,32768,2,0,0,0,1,1
3,final_left,f32,4096,glibc_t1,P6,8,1,1,1392.00,0.0000,0.0000,2000.0,0.0,1.000,16384.0,0.000,0,0,16384,1,1,0,0,1,1
3,final_left,f32,4096,glibc_t1,P7,8,2,1,1223.00,0.0000,0.0000,1000.0,0.0,1.000,16384.0,0.000,0,0,16384,1,0,1,0,1,1
3,final_left,f32,4096,glibc_t1,FIXED_TWIN,8,3,1,1219.00,0.0000,0.0000,2000.0,0.0,1.000,16384.0,0.000,0,0,16384,1,0,1,0,1,1
3,final_left,f32,4096,glibc_t1,P6,9,0,1,1341.00,0.0000,0.0000,1000.0,0.0,1.000,16384.0,0.000,0,0,16384,1,1,0,0,1,1
3,final_left,f32,4096,glibc_t1,P7,9,1,1,1227.00,0.0000,0.0000,1000.0,0.0,1.000,16384.0,0.000,0,0,16384,1,0,1,0,1,1
3,final_left,f32,4096,glibc_t1,FIXED_TWIN,9,2,1,1189.00,0.0000,0.0000,2000.0,0.0,1.000,16384.0,0.000,0,0,16384,1,0,1,0,1,1
3,final_left,f32,4096,glibc_t1,P5,9,3,1,1543.00,0.0000,0.0000,2000.0,0.0,2.000,32768.0,0.000,0,0,32768,2,0,0,0,1,1
3,final_left,f32,4096,glibc_t1,P7,10,0,1,1246.00,0.0000,0.0000,2000.0,0.0,1.000,16384.0,0.000,0,0,16384,1,0,1,0,1,1
3,final_left,f32,4096,glibc_t1,FIXED_TWIN,10,1,1,1194.00,0.0000,0.0000,2000.0,0.0,1.000,16384.0,0.000,0,0,16384,1,0,1,0,1,1
3,final_left,f32,4096,glibc_t1,P5,10,2,1,1492.00,0.0000,0.0000,2000.0,0.0,2.000,32768.0,0.000,0,0,32768,2,0,0,0,1,1
3,final_left,f32,4096,glibc_t1,P6,10,3,1,1391.00,0.0000,0.0000,2000.0,0.0,1.000,16384.0,0.000,0,0,16384,1,1,0,0,1,1
3,final_left,f32,4096,glibc_t1,FIXED_TWIN,11,0,1,1227.00,0.0000,0.0000,2000.0,0.0,1.000,16384.0,0.000,0,0,16384,1,0,1,0,1,1
3,final_left,f32,4096,glibc_t1,P5,11,1,1,1464.00,0.0000,0.0000,2000.0,0.0,2.000,32768.0,0.000,0,0,32768,2,0,0,0,1,1
3,final_left,f32,4096,glibc_t1,P6,11,2,1,1319.00,0.0000,0.0000,1000.0,0.0,1.000,16384.0,0.000,0,0,16384,1,1,0,0,1,1
3,final_left,f32,4096,glibc_t1,P7,11,3,1,1202.00,0.0000,0.0000,1000.0,0.0,1.000,16384.0,0.000,0,0,16384,1,0,1,0,1,1
3,final_left,f32,4096,glibc_t1,P5,12,0,1,1472.00,0.0000,0.0000,2000.0,0.0,2.000,32768.0,0.000,0,0,32768,2,0,0,0,1,1
3,final_left,f32,4096,glibc_t1,P6,12,1,1,1335.00,0.0000,0.0000,2000.0,0.0,1.000,16384.0,0.000,0,0,16384,1,1,0,0,1,1
3,final_left,f32,4096,glibc_t1,P7,12,2,1,1245.00,0.0000,0.0000,1000.0,0.0,1.000,16384.0,0.000,0,0,16384,1,0,1,0,1,1
3,final_left,f32,4096,glibc_t1,FIXED_TWIN,12,3,1,1222.00,0.0000,0.0000,2000.0,0.0,1.000,16384.0,0.000,0,0,16384,1,0,1,0,1,1
3,final_left,f32,4096,glibc_t1,P6,13,0,1,1348.00,0.0000,0.0000,2000.0,0.0,1.000,16384.0,0.000,0,0,16384,1,1,0,0,1,1
3,final_left,f32,4096,glibc_t1,P7,13,1,1,1232.00,0.0000,0.0000,2000.0,0.0,1.000,16384.0,0.000,0,0,16384,1,0,1,0,1,1
3,final_left,f32,4096,glibc_t1,FIXED_TWIN,13,2,1,1207.00,0.0000,0.0000,1000.0,0.0,1.000,16384.0,0.000,0,0,16384,1,0,1,0,1,1
3,final_left,f32,4096,glibc_t1,P5,13,3,1,1486.00,0.0000,0.0000,2000.0,0.0,2.000,32768.0,0.000,0,0,32768,2,0,0,0,1,1
3,final_left,f32,4096,glibc_t1,P7,14,0,1,1177.00,0.0000,0.0000,1000.0,0.0,1.000,16384.0,0.000,0,0,16384,1,0,1,0,1,1
3,final_left,f32,4096,glibc_t1,FIXED_TWIN,14,1,1,1190.00,0.0000,0.0000,2000.0,0.0,1.000,16384.0,0.000,0,0,16384,1,0,1,0,1,1
3,final_left,f32,4096,glibc_t1,P5,14,2,1,1463.00,0.0000,0.0000,2000.0,0.0,2.000,32768.0,0.000,0,0,32768,2,0,0,0,1,1
3,final_left,f32,4096,glibc_t1,P6,14,3,1,1429.00,0.0000,0.0000,1000.0,0.0,1.000,16384.0,0.000,0,0,16384,1,1,0,0,1,1
3,final_left,f32,16384,glibc_t1,P5,0,0,1,4731.00,0.0000,0.0000,5000.0,0.0,2.000,131072.0,0.000,0,0,131072,2,0,0,0,1,1
3,final_left,f32,16384,glibc_t1,P6,0,1,1,4634.00,0.0000,0.0000,6000.0,0.0,1.000,65536.0,0.000,0,0,65536,1,1,0,0,1,1
3,final_left,f32,16384,glibc_t1,P7,0,2,1,3899.00,0.0000,0.0000,4000.0,0.0,1.000,65536.0,0.000,0,0,65536,1,0,1,0,1,1
3,final_left,f32,16384,glibc_t1,FIXED_TWIN,0,3,1,7564.00,0.0000,0.0000,8000.0,0.0,1.000,65536.0,0.000,0,0,65536,1,0,1,0,1,1
3,final_left,f32,16384,glibc_t1,P6,1,0,1,4535.00,0.0000,0.0000,5000.0,0.0,1.000,65536.0,0.000,0,0,65536,1,1,0,0,1,1
3,final_left,f32,16384,glibc_t1,P7,1,1,1,3903.00,0.0000,0.0000,4000.0,0.0,1.000,65536.0,0.000,0,0,65536,1,0,1,0,1,1
3,final_left,f32,16384,glibc_t1,FIXED_TWIN,1,2,1,3767.00,0.0000,0.0000,4000.0,0.0,1.000,65536.0,0.000,0,0,65536,1,0,1,0,1,1
3,final_left,f32,16384,glibc_t1,P5,1,3,1,4663.00,0.0000,0.0000,5000.0,0.0,2.000,131072.0,0.000,0,0,131072,2,0,0,0,1,1
3,final_left,f32,16384,glibc_t1,P7,2,0,1,3868.00,0.0000,0.0000,4000.0,0.0,1.000,65536.0,0.000,0,0,65536,1,0,1,0,1,1
3,final_left,f32,16384,glibc_t1,FIXED_TWIN,2,1,1,3798.00,0.0000,0.0000,4000.0,0.0,1.000,65536.0,0.000,0,0,65536,1,0,1,0,1,1
3,final_left,f32,16384,glibc_t1,P5,2,2,1,4675.00,0.0000,0.0000,5000.0,0.0,2.000,131072.0,0.000,0,0,131072,2,0,0,0,1,1
3,final_left,f32,16384,glibc_t1,P6,2,3,1,4597.00,0.0000,0.0000,5000.0,0.0,1.000,65536.0,0.000,0,0,65536,1,1,0,0,1,1
3,final_left,f32,16384,glibc_t1,FIXED_TWIN,3,0,1,3762.00,0.0000,0.0000,4000.0,0.0,1.000,65536.0,0.000,0,0,65536,1,0,1,0,1,1
3,final_left,f32,16384,glibc_t1,P5,3,1,1,4659.00,0.0000,0.0000,5000.0,0.0,2.000,131072.0,0.000,0,0,131072,2,0,0,0,1,1
3,final_left,f32,16384,glibc_t1,P6,3,2,1,4556.00,0.0000,0.0000,5000.0,0.0,1.000,65536.0,0.000,0,0,65536,1,1,0,0,1,1
3,final_left,f32,16384,glibc_t1,P7,3,3,1,3827.00,0.0000,0.0000,4000.0,0.0,1.000,65536.0,0.000,0,0,65536,1,0,1,0,1,1
3,final_left,f32,16384,glibc_t1,P5,4,0,1,4638.00,0.0000,0.0000,5000.0,0.0,2.000,131072.0,0.000,0,0,131072,2,0,0,0,1,1
3,final_left,f32,16384,glibc_t1,P6,4,1,1,4590.00,0.0000,0.0000,5000.0,0.0,1.000,65536.0,0.000,0,0,65536,1,1,0,0,1,1
3,final_left,f32,16384,glibc_t1,P7,4,2,1,3795.00,0.0000,0.0000,5000.0,0.0,1.000,65536.0,0.000,0,0,65536,1,0,1,0,1,1
3,final_left,f32,16384,glibc_t1,FIXED_TWIN,4,3,1,3768.00,0.0000,0.0000,4000.0,0.0,1.000,65536.0,0.000,0,0,65536,1,0,1,0,1,1
3,final_left,f32,16384,glibc_t1,P6,5,0,1,4545.00,0.0000,0.0000,5000.0,0.0,1.000,65536.0,0.000,0,0,65536,1,1,0,0,1,1
3,final_left,f32,16384,glibc_t1,P7,5,1,1,3758.00,0.0000,0.0000,4000.0,0.0,1.000,65536.0,0.000,0,0,65536,1,0,1,0,1,1
3,final_left,f32,16384,glibc_t1,FIXED_TWIN,5,2,1,3785.00,0.0000,0.0000,4000.0,0.0,1.000,65536.0,0.000,0,0,65536,1,0,1,0,1,1
3,final_left,f32,16384,glibc_t1,P5,5,3,1,4693.00,0.0000,0.0000,6000.0,0.0,2.000,131072.0,0.000,0,0,131072,2,0,0,0,1,1
3,final_left,f32,16384,glibc_t1,P7,6,0,1,3893.00,0.0000,0.0000,4000.0,0.0,1.000,65536.0,0.000,0,0,65536,1,0,1,0,1,1
3,final_left,f32,16384,glibc_t1,FIXED_TWIN,6,1,1,3767.00,0.0000,0.0000,4000.0,0.0,1.000,65536.0,0.000,0,0,65536,1,0,1,0,1,1
3,final_left,f32,16384,glibc_t1,P5,6,2,1,4673.00,0.0000,0.0000,5000.0,0.0,2.000,131072.0,0.000,0,0,131072,2,0,0,0,1,1
3,final_left,f32,16384,glibc_t1,P6,6,3,1,16804.00,0.0000,0.0000,17000.0,0.0,1.000,65536.0,0.000,0,0,65536,1,1,0,0,1,1
3,final_left,f32,16384,glibc_t1,FIXED_TWIN,7,0,1,3943.00,0.0000,0.0000,5000.0,0.0,1.000,65536.0,0.000,0,0,65536,1,0,1,0,1,1
3,final_left,f32,16384,glibc_t1,P5,7,1,1,4820.00,0.0000,0.0000,5000.0,0.0,2.000,131072.0,0.000,0,0,131072,2,0,0,0,1,1
3,final_left,f32,16384,glibc_t1,P6,7,2,1,4666.00,0.0000,0.0000,5000.0,0.0,1.000,65536.0,0.000,0,0,65536,1,1,0,0,1,1
3,final_left,f32,16384,glibc_t1,P7,7,3,1,3937.00,0.0000,0.0000,5000.0,0.0,1.000,65536.0,0.000,0,0,65536,1,0,1,0,1,1
3,final_left,f32,16384,glibc_t1,P5,8,0,1,7974.00,0.0000,0.0000,8000.0,0.0,2.000,131072.0,0.000,0,0,131072,2,0,0,0,1,1
3,final_left,f32,16384,glibc_t1,P6,8,1,1,4683.00,0.0000,0.0000,5000.0,0.0,1.000,65536.0,0.000,0,0,65536,1,1,0,0,1,1
3,final_left,f32,16384,glibc_t1,P7,8,2,1,3953.00,0.0000,0.0000,4000.0,0.0,1.000,65536.0,0.000,0,0,65536,1,0,1,0,1,1
3,final_left,f32,16384,glibc_t1,FIXED_TWIN,8,3,1,3868.00,0.0000,0.0000,4000.0,0.0,1.000,65536.0,0.000,0,0,65536,1,0,1,0,1,1
3,final_left,f32,16384,glibc_t1,P6,9,0,1,4577.00,0.0000,0.0000,5000.0,0.0,1.000,65536.0,0.000,0,0,65536,1,1,0,0,1,1
3,final_left,f32,16384,glibc_t1,P7,9,1,1,3815.00,0.0000,0.0000,4000.0,0.0,1.000,65536.0,0.000,0,0,65536,1,0,1,0,1,1
3,final_left,f32,16384,glibc_t1,FIXED_TWIN,9,2,1,3758.00,0.0000,0.0000,5000.0,0.0,1.000,65536.0,0.000,0,0,65536,1,0,1,0,1,1
3,final_left,f32,16384,glibc_t1,P5,9,3,1,4703.00,0.0000,0.0000,5000.0,0.0,2.000,131072.0,0.000,0,0,131072,2,0,0,0,1,1
3,final_left,f32,16384,glibc_t1,P7,10,0,1,3894.00,0.0000,0.0000,5000.0,0.0,1.000,65536.0,0.000,0,0,65536,1,0,1,0,1,1
3,final_left,f32,16384,glibc_t1,FIXED_TWIN,10,1,1,3815.00,0.0000,0.0000,4000.0,0.0,1.000,65536.0,0.000,0,0,65536,1,0,1,0,1,1
3,final_left,f32,16384,glibc_t1,P5,10,2,1,4674.00,0.0000,0.0000,6000.0,0.0,2.000,131072.0,0.000,0,0,131072,2,0,0,0,1,1
3,final_left,f32,16384,glibc_t1,P6,10,3,1,4605.00,0.0000,0.0000,5000.0,0.0,1.000,65536.0,0.000,0,0,65536,1,1,0,0,1,1
3,final_left,f32,16384,glibc_t1,FIXED_TWIN,11,0,1,3795.00,0.0000,0.0000,4000.0,0.0,1.000,65536.0,0.000,0,0,65536,1,0,1,0,1,1
3,final_left,f32,16384,glibc_t1,P5,11,1,1,4674.00,0.0000,0.0000,5000.0,0.0,2.000,131072.0,0.000,0,0,131072,2,0,0,0,1,1
3,final_left,f32,16384,glibc_t1,P6,11,2,1,4600.00,0.0000,0.0000,5000.0,0.0,1.000,65536.0,0.000,0,0,65536,1,1,0,0,1,1
3,final_left,f32,16384,glibc_t1,P7,11,3,1,3836.00,0.0000,0.0000,5000.0,0.0,1.000,65536.0,0.000,0,0,65536,1,0,1,0,1,1
3,final_left,f32,16384,glibc_t1,P5,12,0,1,4698.00,0.0000,0.0000,5000.0,0.0,2.000,131072.0,0.000,0,0,131072,2,0,0,0,1,1
3,final_left,f32,16384,glibc_t1,P6,12,1,1,4524.00,0.0000,0.0000,5000.0,0.0,1.000,65536.0,0.000,0,0,65536,1,1,0,0,1,1
3,final_left,f32,16384,glibc_t1,P7,12,2,1,3786.00,0.0000,0.0000,4000.0,0.0,1.000,65536.0,0.000,0,0,65536,1,0,1,0,1,1
3,final_left,f32,16384,glibc_t1,FIXED_TWIN,12,3,1,3805.00,0.0000,0.0000,4000.0,0.0,1.000,65536.0,0.000,0,0,65536,1,0,1,0,1,1
3,final_left,f32,16384,glibc_t1,P6,13,0,1,4550.00,0.0000,0.0000,5000.0,0.0,1.000,65536.0,0.000,0,0,65536,1,1,0,0,1,1
3,final_left,f32,16384,glibc_t1,P7,13,1,1,3790.00,0.0000,0.0000,4000.0,0.0,1.000,65536.0,0.000,0,0,65536,1,0,1,0,1,1
3,final_left,f32,16384,glibc_t1,FIXED_TWIN,13,2,1,3777.00,0.0000,0.0000,4000.0,0.0,1.000,65536.0,0.000,0,0,65536,1,0,1,0,1,1
3,final_left,f32,16384,glibc_t1,P5,13,3,1,4689.00,0.0000,0.0000,5000.0,0.0,2.000,131072.0,0.000,0,0,131072,2,0,0,0,1,1
3,final_left,f32,16384,glibc_t1,P7,14,0,1,3972.00,0.0000,0.0000,5000.0,0.0,1.000,65536.0,0.000,0,0,65536,1,0,1,0,1,1
3,final_left,f32,16384,glibc_t1,FIXED_TWIN,14,1,1,3901.00,0.0000,0.0000,5000.0,0.0,1.000,65536.0,0.000,0,0,65536,1,0,1,0,1,1
3,final_left,f32,16384,glibc_t1,P5,14,2,1,4872.00,0.0000,0.0000,5000.0,0.0,2.000,131072.0,0.000,0,0,131072,2,0,0,0,1,1
3,final_left,f32,16384,glibc_t1,P6,14,3,1,4673.00,0.0000,0.0000,6000.0,0.0,1.000,65536.0,0.000,0,0,65536,1,1,0,0,1,1
3,final_left,f32,65536,glibc_t1,P5,0,0,1,20543.00,0.0000,0.0000,21000.0,0.0,2.000,524288.0,0.000,0,0,524288,2,0,0,0,1,1
3,final_left,f32,65536,glibc_t1,P6,0,1,1,16970.00,0.0000,0.0000,18000.0,0.0,1.000,262144.0,0.000,0,0,262144,1,1,0,0,1,1
3,final_left,f32,65536,glibc_t1,P7,0,2,1,14224.00,0.0000,0.0000,15000.0,0.0,1.000,262144.0,0.000,0,0,262144,1,0,1,0,1,1
3,final_left,f32,65536,glibc_t1,FIXED_TWIN,0,3,1,14098.00,0.0000,0.0000,15000.0,0.0,1.000,262144.0,0.000,0,0,262144,1,0,1,0,1,1
3,final_left,f32,65536,glibc_t1,P6,1,0,1,16776.00,0.0000,0.0000,17000.0,0.0,1.000,262144.0,0.000,0,0,262144,1,1,0,0,1,1
3,final_left,f32,65536,glibc_t1,P7,1,1,1,13986.00,0.0000,0.0000,15000.0,0.0,1.000,262144.0,0.000,0,0,262144,1,0,1,0,1,1
3,final_left,f32,65536,glibc_t1,FIXED_TWIN,1,2,1,14124.00,0.0000,0.0000,15000.0,0.0,1.000,262144.0,0.000,0,0,262144,1,0,1,0,1,1
3,final_left,f32,65536,glibc_t1,P5,1,3,1,19885.00,0.0000,0.0000,20000.0,0.0,2.000,524288.0,0.000,0,0,524288,2,0,0,0,1,1
3,final_left,f32,65536,glibc_t1,P7,2,0,1,14256.00,0.0000,0.0000,15000.0,0.0,1.000,262144.0,0.000,0,0,262144,1,0,1,0,1,1
3,final_left,f32,65536,glibc_t1,FIXED_TWIN,2,1,1,14020.00,0.0000,0.0000,14000.0,0.0,1.000,262144.0,0.000,0,0,262144,1,0,1,0,1,1
3,final_left,f32,65536,glibc_t1,P5,2,2,1,19835.00,0.0000,0.0000,20000.0,0.0,2.000,524288.0,0.000,0,0,524288,2,0,0,0,1,1
3,final_left,f32,65536,glibc_t1,P6,2,3,1,17024.00,0.0000,0.0000,17000.0,0.0,1.000,262144.0,0.000,0,0,262144,1,1,0,0,1,1
3,final_left,f32,65536,glibc_t1,FIXED_TWIN,3,0,1,14011.00,0.0000,0.0000,14000.0,0.0,1.000,262144.0,0.000,0,0,262144,1,0,1,0,1,1
3,final_left,f32,65536,glibc_t1,P5,3,1,1,90116.00,0.0000,0.0000,91000.0,0.0,2.000,524288.0,0.000,0,0,524288,2,0,0,0,1,1
3,final_left,f32,65536,glibc_t1,P6,3,2,1,17621.00,0.0000,0.0000,18000.0,0.0,1.000,262144.0,0.000,0,0,262144,1,1,0,0,1,1
3,final_left,f32,65536,glibc_t1,P7,3,3,1,14108.00,0.0000,0.0000,15000.0,0.0,1.000,262144.0,0.000,0,0,262144,1,0,1,0,1,1
3,final_left,f32,65536,glibc_t1,P5,4,0,1,19916.00,0.0000,0.0000,21000.0,0.0,2.000,524288.0,0.000,0,0,524288,2,0,0,0,1,1
3,final_left,f32,65536,glibc_t1,P6,4,1,1,16908.00,0.0000,0.0000,17000.0,0.0,1.000,262144.0,0.000,0,0,262144,1,1,0,0,1,1
3,final_left,f32,65536,glibc_t1,P7,4,2,1,14106.00,0.0000,0.0000,14000.0,0.0,1.000,262144.0,0.000,0,0,262144,1,0,1,0,1,1
3,final_left,f32,65536,glibc_t1,FIXED_TWIN,4,3,1,14518.00,0.0000,0.0000,15000.0,0.0,1.000,262144.0,0.000,0,0,262144,1,0,1,0,1,1
3,final_left,f32,65536,glibc_t1,P6,5,0,1,18638.00,0.0000,0.0000,19000.0,0.0,1.000,262144.0,0.000,0,0,262144,1,1,0,0,1,1
3,final_left,f32,65536,glibc_t1,P7,5,1,1,14284.00,0.0000,0.0000,15000.0,0.0,1.000,262144.0,0.000,0,0,262144,1,0,1,0,1,1
3,final_left,f32,65536,glibc_t1,FIXED_TWIN,5,2,1,14133.00,0.0000,0.0000,15000.0,0.0,1.000,262144.0,0.000,0,0,262144,1,0,1,0,1,1
3,final_left,f32,65536,glibc_t1,P5,5,3,1,20039.00,0.0000,0.0000,21000.0,0.0,2.000,524288.0,0.000,0,0,524288,2,0,0,0,1,1
3,final_left,f32,65536,glibc_t1,P7,6,0,1,14160.00,0.0000,0.0000,15000.0,0.0,1.000,262144.0,0.000,0,0,262144,1,0,1,0,1,1
3,final_left,f32,65536,glibc_t1,FIXED_TWIN,6,1,1,14176.00,0.0000,0.0000,15000.0,0.0,1.000,262144.0,0.000,0,0,262144,1,0,1,0,1,1
3,final_left,f32,65536,glibc_t1,P5,6,2,1,19820.00,0.0000,0.0000,21000.0,0.0,2.000,524288.0,0.000,0,0,524288,2,0,0,0,1,1
3,final_left,f32,65536,glibc_t1,P6,6,3,1,16894.00,0.0000,0.0000,18000.0,0.0,1.000,262144.0,0.000,0,0,262144,1,1,0,0,1,1
3,final_left,f32,65536,glibc_t1,FIXED_TWIN,7,0,1,14412.00,0.0000,0.0000,15000.0,0.0,1.000,262144.0,0.000,0,0,262144,1,0,1,0,1,1
3,final_left,f32,65536,glibc_t1,P5,7,1,1,20015.00,0.0000,0.0000,20000.0,0.0,2.000,524288.0,0.000,0,0,524288,2,0,0,0,1,1
3,final_left,f32,65536,glibc_t1,P6,7,2,1,37260.00,0.0000,0.0000,38000.0,0.0,1.000,262144.0,0.000,0,0,262144,1,1,0,0,1,1
3,final_left,f32,65536,glibc_t1,P7,7,3,1,14208.00,0.0000,0.0000,15000.0,0.0,1.000,262144.0,0.000,0,0,262144,1,0,1,0,1,1
3,final_left,f32,65536,glibc_t1,P5,8,0,1,20008.00,0.0000,0.0000,20000.0,0.0,2.000,524288.0,0.000,0,0,524288,2,0,0,0,1,1
3,final_left,f32,65536,glibc_t1,P6,8,1,1,16869.00,0.0000,0.0000,18000.0,0.0,1.000,262144.0,0.000,0,0,262144,1,1,0,0,1,1
3,final_left,f32,65536,glibc_t1,P7,8,2,1,14272.00,0.0000,0.0000,15000.0,0.0,1.000,262144.0,0.000,0,0,262144,1,0,1,0,1,1
3,final_left,f32,65536,glibc_t1,FIXED_TWIN,8,3,1,13995.00,0.0000,0.0000,15000.0,0.0,1.000,262144.0,0.000,0,0,262144,1,0,1,0,1,1
3,final_left,f32,65536,glibc_t1,P6,9,0,1,16858.00,0.0000,0.0000,18000.0,0.0,1.000,262144.0,0.000,0,0,262144,1,1,0,0,1,1
3,final_left,f32,65536,glibc_t1,P7,9,1,1,14227.00,0.0000,0.0000,15000.0,0.0,1.000,262144.0,0.000,0,0,262144,1,0,1,0,1,1
3,final_left,f32,65536,glibc_t1,FIXED_TWIN,9,2,1,14093.00,0.0000,0.0000,15000.0,0.0,1.000,262144.0,0.000,0,0,262144,1,0,1,0,1,1
3,final_left,f32,65536,glibc_t1,P5,9,3,1,19800.00,0.0000,0.0000,20000.0,0.0,2.000,524288.0,0.000,0,0,524288,2,0,0,0,1,1
3,final_left,f32,65536,glibc_t1,P7,10,0,1,14090.00,0.0000,0.0000,15000.0,0.0,1.000,262144.0,0.000,0,0,262144,1,0,1,0,1,1
3,final_left,f32,65536,glibc_t1,FIXED_TWIN,10,1,1,13984.00,0.0000,0.0000,15000.0,0.0,1.000,262144.0,0.000,0,0,262144,1,0,1,0,1,1
3,final_left,f32,65536,glibc_t1,P5,10,2,1,19667.00,0.0000,0.0000,20000.0,0.0,2.000,524288.0,0.000,0,0,524288,2,0,0,0,1,1
3,final_left,f32,65536,glibc_t1,P6,10,3,1,31880.00,0.0000,0.0000,33000.0,0.0,1.000,262144.0,0.000,0,0,262144,1,1,0,0,1,1
3,final_left,f32,65536,glibc_t1,FIXED_TWIN,11,0,1,14185.00,0.0000,0.0000,15000.0,0.0,1.000,262144.0,0.000,0,0,262144,1,0,1,0,1,1
3,final_left,f32,65536,glibc_t1,P5,11,1,1,19833.00,0.0000,0.0000,21000.0,0.0,2.000,524288.0,0.000,0,0,524288,2,0,0,0,1,1
3,final_left,f32,65536,glibc_t1,P6,11,2,1,16838.00,0.0000,0.0000,17000.0,0.0,1.000,262144.0,0.000,0,0,262144,1,1,0,0,1,1
3,final_left,f32,65536,glibc_t1,P7,11,3,1,14158.00,0.0000,0.0000,15000.0,0.0,1.000,262144.0,0.000,0,0,262144,1,0,1,0,1,1
3,final_left,f32,65536,glibc_t1,P5,12,0,1,19776.00,0.0000,0.0000,21000.0,0.0,2.000,524288.0,0.000,0,0,524288,2,0,0,0,1,1
3,final_left,f32,65536,glibc_t1,P6,12,1,1,16747.00,0.0000,0.0000,17000.0,0.0,1.000,262144.0,0.000,0,0,262144,1,1,0,0,1,1
3,final_left,f32,65536,glibc_t1,P7,12,2,1,14149.00,0.0000,0.0000,15000.0,0.0,1.000,262144.0,0.000,0,0,262144,1,0,1,0,1,1
3,final_left,f32,65536,glibc_t1,FIXED_TWIN,12,3,1,14203.00,0.0000,0.0000,15000.0,0.0,1.000,262144.0,0.000,0,0,262144,1,0,1,0,1,1
3,final_left,f32,65536,glibc_t1,P6,13,0,1,16868.00,0.0000,0.0000,17000.0,0.0,1.000,262144.0,0.000,0,0,262144,1,1,0,0,1,1
3,final_left,f32,65536,glibc_t1,P7,13,1,1,14102.00,0.0000,0.0000,15000.0,0.0,1.000,262144.0,0.000,0,0,262144,1,0,1,0,1,1
3,final_left,f32,65536,glibc_t1,FIXED_TWIN,13,2,1,14041.00,0.0000,0.0000,15000.0,0.0,1.000,262144.0,0.000,0,0,262144,1,0,1,0,1,1
3,final_left,f32,65536,glibc_t1,P5,13,3,1,19904.00,0.0000,0.0000,20000.0,0.0,2.000,524288.0,0.000,0,0,524288,2,0,0,0,1,1
3,final_left,f32,65536,glibc_t1,P7,14,0,1,14042.00,0.0000,0.0000,14000.0,0.0,1.000,262144.0,0.000,0,0,262144,1,0,1,0,1,1
3,final_left,f32,65536,glibc_t1,FIXED_TWIN,14,1,1,14074.00,0.0000,0.0000,15000.0,0.0,1.000,262144.0,0.000,0,0,262144,1,0,1,0,1,1
3,final_left,f32,65536,glibc_t1,P5,14,2,1,19763.00,0.0000,0.0000,20000.0,0.0,2.000,524288.0,0.000,0,0,524288,2,0,0,0,1,1
3,final_left,f32,65536,glibc_t1,P6,14,3,1,16947.00,0.0000,0.0000,18000.0,0.0,1.000,262144.0,0.000,0,0,262144,1,1,0,0,1,1
3,final_left,f32,262144,glibc_t1,P5,0,0,1,246262.00,0.0000,0.0000,250000.0,0.0,2.000,2097152.0,0.000,0,0,2097152,2,0,0,0,1,1
3,final_left,f32,262144,glibc_t1,P6,0,1,1,175196.00,0.0000,0.0000,178000.0,0.0,1.000,1048576.0,0.000,0,0,1048576,1,1,0,0,1,1
3,final_left,f32,262144,glibc_t1,P7,0,2,1,153447.00,0.0000,0.0000,155000.0,0.0,1.000,1048576.0,0.000,0,0,1048576,1,0,1,0,1,1
3,final_left,f32,262144,glibc_t1,FIXED_TWIN,0,3,1,159020.00,0.0000,0.0000,161000.0,0.0,1.000,1048576.0,0.000,0,0,1048576,1,0,1,0,1,1
3,final_left,f32,262144,glibc_t1,P6,1,0,1,173864.00,0.0000,0.0000,175000.0,0.0,1.000,1048576.0,0.000,0,0,1048576,1,1,0,0,1,1
3,final_left,f32,262144,glibc_t1,P7,1,1,1,152343.00,0.0000,0.0000,154000.0,0.0,1.000,1048576.0,0.000,0,0,1048576,1,0,1,0,1,1
3,final_left,f32,262144,glibc_t1,FIXED_TWIN,1,2,1,150143.00,0.0000,0.0000,152000.0,0.0,1.000,1048576.0,0.000,0,0,1048576,1,0,1,0,1,1
3,final_left,f32,262144,glibc_t1,P5,1,3,1,244988.00,0.0000,0.0000,246000.0,0.0,2.000,2097152.0,0.000,0,0,2097152,2,0,0,0,1,1
3,final_left,f32,262144,glibc_t1,P7,2,0,1,150088.00,0.0000,0.0000,152000.0,0.0,1.000,1048576.0,0.000,0,0,1048576,1,0,1,0,1,1
3,final_left,f32,262144,glibc_t1,FIXED_TWIN,2,1,1,149840.00,0.0000,0.0000,151000.0,0.0,1.000,1048576.0,0.000,0,0,1048576,1,0,1,0,1,1
3,final_left,f32,262144,glibc_t1,P5,2,2,1,219737.00,0.0000,0.0000,221000.0,0.0,2.000,2097152.0,0.000,0,0,2097152,2,0,0,0,1,1
3,final_left,f32,262144,glibc_t1,P6,2,3,1,182205.00,0.0000,0.0000,184000.0,0.0,1.000,1048576.0,0.000,0,0,1048576,1,1,0,0,1,1
3,final_left,f32,262144,glibc_t1,FIXED_TWIN,3,0,1,149815.00,0.0000,0.0000,150000.0,0.0,1.000,1048576.0,0.000,0,0,1048576,1,0,1,0,1,1
3,final_left,f32,262144,glibc_t1,P5,3,1,1,220303.00,0.0000,0.0000,222000.0,0.0,2.000,2097152.0,0.000,0,0,2097152,2,0,0,0,1,1
3,final_left,f32,262144,glibc_t1,P6,3,2,1,191683.00,0.0000,0.0000,194000.0,0.0,1.000,1048576.0,0.000,0,0,1048576,1,1,0,0,1,1
3,final_left,f32,262144,glibc_t1,P7,3,3,1,167265.00,0.0000,0.0000,169000.0,0.0,1.000,1048576.0,0.000,0,0,1048576,1,0,1,0,1,1
3,final_left,f32,262144,glibc_t1,P5,4,0,1,260845.00,0.0000,0.0000,263000.0,0.0,2.000,2097152.0,0.000,0,0,2097152,2,0,0,0,1,1
3,final_left,f32,262144,glibc_t1,P6,4,1,1,174698.00,0.0000,0.0000,176000.0,0.0,1.000,1048576.0,0.000,0,0,1048576,1,1,0,0,1,1
3,final_left,f32,262144,glibc_t1,P7,4,2,1,150791.00,0.0000,0.0000,153000.0,0.0,1.000,1048576.0,0.000,0,0,1048576,1,0,1,0,1,1
3,final_left,f32,262144,glibc_t1,FIXED_TWIN,4,3,1,150870.00,0.0000,0.0000,152000.0,0.0,1.000,1048576.0,0.000,0,0,1048576,1,0,1,0,1,1
3,final_left,f32,262144,glibc_t1,P6,5,0,1,193080.00,0.0000,0.0000,195000.0,0.0,1.000,1048576.0,0.000,0,0,1048576,1,1,0,0,1,1
3,final_left,f32,262144,glibc_t1,P7,5,1,1,149932.00,0.0000,0.0000,151000.0,0.0,1.000,1048576.0,0.000,0,0,1048576,1,0,1,0,1,1
3,final_left,f32,262144,glibc_t1,FIXED_TWIN,5,2,1,150492.00,0.0000,0.0000,152000.0,0.0,1.000,1048576.0,0.000,0,0,1048576,1,0,1,0,1,1
3,final_left,f32,262144,glibc_t1,P5,5,3,1,253418.00,0.0000,0.0000,256000.0,0.0,2.000,2097152.0,0.000,0,0,2097152,2,0,0,0,1,1
3,final_left,f32,262144,glibc_t1,P7,6,0,1,168267.00,0.0000,0.0000,169000.0,0.0,1.000,1048576.0,0.000,0,0,1048576,1,0,1,0,1,1
3,final_left,f32,262144,glibc_t1,FIXED_TWIN,6,1,1,149603.00,0.0000,0.0000,151000.0,0.0,1.000,1048576.0,0.000,0,0,1048576,1,0,1,0,1,1
3,final_left,f32,262144,glibc_t1,P5,6,2,1,220436.00,0.0000,0.0000,222000.0,0.0,2.000,2097152.0,0.000,0,0,2097152,2,0,0,0,1,1
3,final_left,f32,262144,glibc_t1,P6,6,3,1,187187.00,0.0000,0.0000,190000.0,0.0,1.000,1048576.0,0.000,0,0,1048576,1,1,0,0,1,1
3,final_left,f32,262144,glibc_t1,FIXED_TWIN,7,0,1,172179.00,0.0000,0.0000,173000.0,0.0,1.000,1048576.0,0.000,0,0,1048576,1,0,1,0,1,1
3,final_left,f32,262144,glibc_t1,P5,7,1,1,220810.00,0.0000,0.0000,222000.0,0.0,2.000,2097152.0,0.000,0,0,2097152,2,0,0,0,1,1
3,final_left,f32,262144,glibc_t1,P6,7,2,1,177093.00,0.0000,0.0000,179000.0,0.0,1.000,1048576.0,0.000,0,0,1048576,1,1,0,0,1,1
3,final_left,f32,262144,glibc_t1,P7,7,3,1,156345.00,0.0000,0.0000,157000.0,0.0,1.000,1048576.0,0.000,0,0,1048576,1,0,1,0,1,1
3,final_left,f32,262144,glibc_t1,P5,8,0,1,267112.00,0.0000,0.0000,269000.0,0.0,2.000,2097152.0,0.000,0,0,2097152,2,0,0,0,1,1
3,final_left,f32,262144,glibc_t1,P6,8,1,1,215739.00,0.0000,0.0000,218000.0,0.0,1.000,1048576.0,0.000,0,0,1048576,1,1,0,0,1,1
3,final_left,f32,262144,glibc_t1,P7,8,2,1,149629.00,0.0000,0.0000,152000.0,0.0,1.000,1048576.0,0.000,0,0,1048576,1,0,1,0,1,1
3,final_left,f32,262144,glibc_t1,FIXED_TWIN,8,3,1,150399.00,0.0000,0.0000,152000.0,0.0,1.000,1048576.0,0.000,0,0,1048576,1,0,1,0,1,1
3,final_left,f32,262144,glibc_t1,P6,9,0,1,181063.00,0.0000,0.0000,183000.0,0.0,1.000,1048576.0,0.000,0,0,1048576,1,1,0,0,1,1
3,final_left,f32,262144,glibc_t1,P7,9,1,1,169323.00,0.0000,0.0000,170000.0,0.0,1.000,1048576.0,0.000,0,0,1048576,1,0,1,0,1,1
3,final_left,f32,262144,glibc_t1,FIXED_TWIN,9,2,1,152256.00,0.0000,0.0000,154000.0,0.0,1.000,1048576.0,0.000,0,0,1048576,1,0,1,0,1,1
3,final_left,f32,262144,glibc_t1,P5,9,3,1,219627.00,0.0000,0.0000,222000.0,0.0,2.000,2097152.0,0.000,0,0,2097152,2,0,0,0,1,1
3,final_left,f32,262144,glibc_t1,P7,10,0,1,156947.00,0.0000,0.0000,160000.0,0.0,1.000,1048576.0,0.000,0,0,1048576,1,0,1,0,1,1
3,final_left,f32,262144,glibc_t1,FIXED_TWIN,10,1,1,168666.00,0.0000,0.0000,170000.0,0.0,1.000,1048576.0,0.000,0,0,1048576,1,0,1,0,1,1
3,final_left,f32,262144,glibc_t1,P5,10,2,1,222762.00,0.0000,0.0000,224000.0,0.0,2.000,2097152.0,0.000,0,0,2097152,2,0,0,0,1,1
3,final_left,f32,262144,glibc_t1,P6,10,3,1,200263.00,0.0000,0.0000,203000.0,0.0,1.000,1048576.0,0.000,0,0,1048576,1,1,0,0,1,1
3,final_left,f32,262144,glibc_t1,FIXED_TWIN,11,0,1,187527.00,0.0000,0.0000,190000.0,0.0,1.000,1048576.0,0.000,0,0,1048576,1,0,1,0,1,1
3,final_left,f32,262144,glibc_t1,P5,11,1,1,242185.00,0.0000,0.0000,244000.0,0.0,2.000,2097152.0,0.000,0,0,2097152,2,0,0,0,1,1
3,final_left,f32,262144,glibc_t1,P6,11,2,1,190331.00,0.0000,0.0000,192000.0,0.0,1.000,1048576.0,0.000,0,0,1048576,1,1,0,0,1,1
3,final_left,f32,262144,glibc_t1,P7,11,3,1,149801.00,0.0000,0.0000,152000.0,0.0,1.000,1048576.0,0.000,0,0,1048576,1,0,1,0,1,1
3,final_left,f32,262144,glibc_t1,P5,12,0,1,221546.00,0.0000,0.0000,223000.0,0.0,2.000,2097152.0,0.000,0,0,2097152,2,0,0,0,1,1
3,final_left,f32,262144,glibc_t1,P6,12,1,1,233546.00,0.0000,0.0000,236000.0,0.0,1.000,1048576.0,0.000,0,0,1048576,1,1,0,0,1,1
3,final_left,f32,262144,glibc_t1,P7,12,2,1,178783.00,0.0000,0.0000,181000.0,0.0,1.000,1048576.0,0.000,0,0,1048576,1,0,1,0,1,1
3,final_left,f32,262144,glibc_t1,FIXED_TWIN,12,3,1,151097.00,0.0000,0.0000,153000.0,0.0,1.000,1048576.0,0.000,0,0,1048576,1,0,1,0,1,1
3,final_left,f32,262144,glibc_t1,P6,13,0,1,174762.00,0.0000,0.0000,177000.0,0.0,1.000,1048576.0,0.000,0,0,1048576,1,1,0,0,1,1
3,final_left,f32,262144,glibc_t1,P7,13,1,1,155908.00,0.0000,0.0000,158000.0,0.0,1.000,1048576.0,0.000,0,0,1048576,1,0,1,0,1,1
3,final_left,f32,262144,glibc_t1,FIXED_TWIN,13,2,1,149933.00,0.0000,0.0000,151000.0,0.0,1.000,1048576.0,0.000,0,0,1048576,1,0,1,0,1,1
3,final_left,f32,262144,glibc_t1,P5,13,3,1,221457.00,0.0000,0.0000,225000.0,0.0,2.000,2097152.0,0.000,0,0,2097152,2,0,0,0,1,1
3,final_left,f32,262144,glibc_t1,P7,14,0,1,149821.00,0.0000,0.0000,151000.0,0.0,1.000,1048576.0,0.000,0,0,1048576,1,0,1,0,1,1
3,final_left,f32,262144,glibc_t1,FIXED_TWIN,14,1,1,148517.00,0.0000,0.0000,151000.0,0.0,1.000,1048576.0,0.000,0,0,1048576,1,0,1,0,1,1
3,final_left,f32,262144,glibc_t1,P5,14,2,1,242218.00,0.0000,0.0000,245000.0,0.0,2.000,2097152.0,0.000,0,0,2097152,2,0,0,0,1,1
3,final_left,f32,262144,glibc_t1,P6,14,3,1,176609.00,0.0000,0.0000,179000.0,0.0,1.000,1048576.0,0.000,0,0,1048576,1,1,0,0,1,1
3,final_left,f32,1048576,glibc_t1,P5,0,0,1,949993.00,0.0000,0.0000,954000.0,0.0,2.000,8388608.0,0.000,0,0,8388608,2,0,0,0,1,1
3,final_left,f32,1048576,glibc_t1,P6,0,1,1,807835.00,0.0000,0.0000,811000.0,0.0,1.000,4194304.0,0.000,0,0,4194304,1,1,0,0,1,1
3,final_left,f32,1048576,glibc_t1,P7,0,2,1,642653.00,0.0000,0.0000,646000.0,0.0,1.000,4194304.0,0.000,0,0,4194304,1,0,1,0,1,1
3,final_left,f32,1048576,glibc_t1,FIXED_TWIN,0,3,1,615692.00,0.0000,0.0000,619000.0,0.0,1.000,4194304.0,0.000,0,0,4194304,1,0,1,0,1,1
3,final_left,f32,1048576,glibc_t1,P6,1,0,1,802732.00,0.0000,0.0000,806000.0,0.0,1.000,4194304.0,0.000,0,0,4194304,1,1,0,0,1,1
3,final_left,f32,1048576,glibc_t1,P7,1,1,1,612579.00,0.0000,0.0000,615000.0,0.0,1.000,4194304.0,0.000,0,0,4194304,1,0,1,0,1,1
3,final_left,f32,1048576,glibc_t1,FIXED_TWIN,1,2,1,651640.00,0.0000,0.0000,655000.0,0.0,1.000,4194304.0,0.000,0,0,4194304,1,0,1,0,1,1
3,final_left,f32,1048576,glibc_t1,P5,1,3,1,1024375.00,0.0000,0.0000,1028000.0,0.0,2.000,8388608.0,0.000,0,0,8388608,2,0,0,0,1,1
3,final_left,f32,1048576,glibc_t1,P7,2,0,1,631562.00,0.0000,0.0000,635000.0,0.0,1.000,4194304.0,0.000,0,0,4194304,1,0,1,0,1,1
3,final_left,f32,1048576,glibc_t1,FIXED_TWIN,2,1,1,616513.00,0.0000,0.0000,620000.0,0.0,1.000,4194304.0,0.000,0,0,4194304,1,0,1,0,1,1
3,final_left,f32,1048576,glibc_t1,P5,2,2,1,948976.00,0.0000,0.0000,952000.0,0.0,2.000,8388608.0,0.000,0,0,8388608,2,0,0,0,1,1
3,final_left,f32,1048576,glibc_t1,P6,2,3,1,839044.00,0.0000,0.0000,842000.0,0.0,1.000,4194304.0,0.000,0,0,4194304,1,1,0,0,1,1
3,final_left,f32,1048576,glibc_t1,FIXED_TWIN,3,0,1,640668.00,0.0000,0.0000,644000.0,0.0,1.000,4194304.0,0.000,0,0,4194304,1,0,1,0,1,1
3,final_left,f32,1048576,glibc_t1,P5,3,1,1,971388.00,0.0000,0.0000,974000.0,0.0,2.000,8388608.0,0.000,0,0,8388608,2,0,0,0,1,1
3,final_left,f32,1048576,glibc_t1,P6,3,2,1,785031.00,0.0000,0.0000,788000.0,0.0,1.000,4194304.0,0.000,0,0,4194304,1,1,0,0,1,1
3,final_left,f32,1048576,glibc_t1,P7,3,3,1,641807.00,0.0000,0.0000,645000.0,0.0,1.000,4194304.0,0.000,0,0,4194304,1,0,1,0,1,1
3,final_left,f32,1048576,glibc_t1,P5,4,0,1,1002135.00,0.0000,0.0000,1005000.0,0.0,2.000,8388608.0,0.000,0,0,8388608,2,0,0,0,1,1
3,final_left,f32,1048576,glibc_t1,P6,4,1,1,819303.00,0.0000,0.0000,823000.0,0.0,1.000,4194304.0,0.000,0,0,4194304,1,1,0,0,1,1
3,final_left,f32,1048576,glibc_t1,P7,4,2,1,637019.00,0.0000,0.0000,640000.0,0.0,1.000,4194304.0,0.000,0,0,4194304,1,0,1,0,1,1
3,final_left,f32,1048576,glibc_t1,FIXED_TWIN,4,3,1,637346.00,0.0000,0.0000,641000.0,0.0,1.000,4194304.0,0.000,0,0,4194304,1,0,1,0,1,1
3,final_left,f32,1048576,glibc_t1,P6,5,0,1,851347.00,0.0000,0.0000,854000.0,0.0,1.000,4194304.0,0.000,0,0,4194304,1,1,0,0,1,1
3,final_left,f32,1048576,glibc_t1,P7,5,1,1,633229.00,0.0000,0.0000,636000.0,0.0,1.000,4194304.0,0.000,0,0,4194304,1,0,1,0,1,1
3,final_left,f32,1048576,glibc_t1,FIXED_TWIN,5,2,1,614667.00,0.0000,0.0000,618000.0,0.0,1.000,4194304.0,0.000,0,0,4194304,1,0,1,0,1,1
3,final_left,f32,1048576,glibc_t1,P5,5,3,1,982008.00,0.0000,0.0000,984000.0,0.0,2.000,8388608.0,0.000,0,0,8388608,2,0,0,0,1,1
3,final_left,f32,1048576,glibc_t1,P7,6,0,1,644715.00,0.0000,0.0000,648000.0,0.0,1.000,4194304.0,0.000,0,0,4194304,1,0,1,0,1,1
3,final_left,f32,1048576,glibc_t1,FIXED_TWIN,6,1,1,637440.00,0.0000,0.0000,640000.0,0.0,1.000,4194304.0,0.000,0,0,4194304,1,0,1,0,1,1
3,final_left,f32,1048576,glibc_t1,P5,6,2,1,999398.00,0.0000,0.0000,1003000.0,0.0,2.000,8388608.0,0.000,0,0,8388608,2,0,0,0,1,1
3,final_left,f32,1048576,glibc_t1,P6,6,3,1,847400.00,0.0000,0.0000,851000.0,0.0,1.000,4194304.0,0.000,0,0,4194304,1,1,0,0,1,1
3,final_left,f32,1048576,glibc_t1,FIXED_TWIN,7,0,1,649245.00,0.0000,0.0000,652000.0,0.0,1.000,4194304.0,0.000,0,0,4194304,1,0,1,0,1,1
3,final_left,f32,1048576,glibc_t1,P5,7,1,1,947125.00,0.0000,0.0000,951000.0,0.0,2.000,8388608.0,0.000,0,0,8388608,2,0,0,0,1,1
3,final_left,f32,1048576,glibc_t1,P6,7,2,1,811495.00,0.0000,0.0000,814000.0,0.0,1.000,4194304.0,0.000,0,0,4194304,1,1,0,0,1,1
3,final_left,f32,1048576,glibc_t1,P7,7,3,1,644652.00,0.0000,0.0000,648000.0,0.0,1.000,4194304.0,0.000,0,0,4194304,1,0,1,0,1,1
3,final_left,f32,1048576,glibc_t1,P5,8,0,1,965612.00,0.0000,0.0000,969000.0,0.0,2.000,8388608.0,0.000,0,0,8388608,2,0,0,0,1,1
3,final_left,f32,1048576,glibc_t1,P6,8,1,1,835756.00,0.0000,0.0000,839000.0,0.0,1.000,4194304.0,0.000,0,0,4194304,1,1,0,0,1,1
3,final_left,f32,1048576,glibc_t1,P7,8,2,1,637904.00,0.0000,0.0000,641000.0,0.0,1.000,4194304.0,0.000,0,0,4194304,1,0,1,0,1,1
3,final_left,f32,1048576,glibc_t1,FIXED_TWIN,8,3,1,637773.00,0.0000,0.0000,640000.0,0.0,1.000,4194304.0,0.000,0,0,4194304,1,0,1,0,1,1
3,final_left,f32,1048576,glibc_t1,P6,9,0,1,815292.00,0.0000,0.0000,819000.0,0.0,1.000,4194304.0,0.000,0,0,4194304,1,1,0,0,1,1
3,final_left,f32,1048576,glibc_t1,P7,9,1,1,648055.00,0.0000,0.0000,651000.0,0.0,1.000,4194304.0,0.000,0,0,4194304,1,0,1,0,1,1
3,final_left,f32,1048576,glibc_t1,FIXED_TWIN,9,2,1,640257.00,0.0000,0.0000,643000.0,0.0,1.000,4194304.0,0.000,0,0,4194304,1,0,1,0,1,1
3,final_left,f32,1048576,glibc_t1,P5,9,3,1,1049719.00,0.0000,0.0000,1053000.0,0.0,2.000,8388608.0,0.000,0,0,8388608,2,0,0,0,1,1
3,final_left,f32,1048576,glibc_t1,P7,10,0,1,639712.00,0.0000,0.0000,643000.0,0.0,1.000,4194304.0,0.000,0,0,4194304,1,0,1,0,1,1
3,final_left,f32,1048576,glibc_t1,FIXED_TWIN,10,1,1,667940.00,0.0000,0.0000,671000.0,0.0,1.000,4194304.0,0.000,0,0,4194304,1,0,1,0,1,1
3,final_left,f32,1048576,glibc_t1,P5,10,2,1,956315.00,0.0000,0.0000,959000.0,0.0,2.000,8388608.0,0.000,0,0,8388608,2,0,0,0,1,1
3,final_left,f32,1048576,glibc_t1,P6,10,3,1,790356.00,0.0000,0.0000,795000.0,0.0,1.000,4194304.0,0.000,0,0,4194304,1,1,0,0,1,1
3,final_left,f32,1048576,glibc_t1,FIXED_TWIN,11,0,1,620605.00,0.0000,0.0000,624000.0,0.0,1.000,4194304.0,0.000,0,0,4194304,1,0,1,0,1,1
3,final_left,f32,1048576,glibc_t1,P5,11,1,1,981303.00,0.0000,0.0000,984000.0,0.0,2.000,8388608.0,0.000,0,0,8388608,2,0,0,0,1,1
3,final_left,f32,1048576,glibc_t1,P6,11,2,1,812378.00,0.0000,0.0000,815000.0,0.0,1.000,4194304.0,0.000,0,0,4194304,1,1,0,0,1,1
3,final_left,f32,1048576,glibc_t1,P7,11,3,1,656272.00,0.0000,0.0000,660000.0,0.0,1.000,4194304.0,0.000,0,0,4194304,1,0,1,0,1,1
3,final_left,f32,1048576,glibc_t1,P5,12,0,1,953132.00,0.0000,0.0000,956000.0,0.0,2.000,8388608.0,0.000,0,0,8388608,2,0,0,0,1,1
3,final_left,f32,1048576,glibc_t1,P6,12,1,1,813477.00,0.0000,0.0000,816000.0,0.0,1.000,4194304.0,0.000,0,0,4194304,1,1,0,0,1,1
3,final_left,f32,1048576,glibc_t1,P7,12,2,1,668198.00,0.0000,0.0000,671000.0,0.0,1.000,4194304.0,0.000,0,0,4194304,1,0,1,0,1,1
3,final_left,f32,1048576,glibc_t1,FIXED_TWIN,12,3,1,641672.00,0.0000,0.0000,645000.0,0.0,1.000,4194304.0,0.000,0,0,4194304,1,0,1,0,1,1
3,final_left,f32,1048576,glibc_t1,P6,13,0,1,821579.00,0.0000,0.0000,825000.0,0.0,1.000,4194304.0,0.000,0,0,4194304,1,1,0,0,1,1
3,final_left,f32,1048576,glibc_t1,P7,13,1,1,674845.00,0.0000,0.0000,677000.0,0.0,1.000,4194304.0,0.000,0,0,4194304,1,0,1,0,1,1
3,final_left,f32,1048576,glibc_t1,FIXED_TWIN,13,2,1,637274.00,0.0000,0.0000,641000.0,0.0,1.000,4194304.0,0.000,0,0,4194304,1,0,1,0,1,1
3,final_left,f32,1048576,glibc_t1,P5,13,3,1,1047322.00,0.0000,0.0000,1050000.0,0.0,2.000,8388608.0,0.000,0,0,8388608,2,0,0,0,1,1
3,final_left,f32,1048576,glibc_t1,P7,14,0,1,642826.00,0.0000,0.0000,646000.0,0.0,1.000,4194304.0,0.000,0,0,4194304,1,0,1,0,1,1
3,final_left,f32,1048576,glibc_t1,FIXED_TWIN,14,1,1,643476.00,0.0000,0.0000,647000.0,0.0,1.000,4194304.0,0.000,0,0,4194304,1,0,1,0,1,1
3,final_left,f32,1048576,glibc_t1,P5,14,2,1,1048428.00,0.0000,0.0000,1053000.0,0.0,2.000,8388608.0,0.000,0,0,8388608,2,0,0,0,1,1
3,final_left,f32,1048576,glibc_t1,P6,14,3,1,825723.00,0.0000,0.0000,830000.0,0.0,1.000,4194304.0,0.000,0,0,4194304,1,1,0,0,1,1
3,final_left,f32,4194304,glibc_t1,P5,0,0,1,6019448.00,0.0000,0.0000,5308000.0,720000.0,2.000,33554432.0,0.000,0,0,33554432,2,0,0,0,1,1
3,final_left,f32,4194304,glibc_t1,P6,0,1,1,3483865.00,0.0000,0.0000,3488000.0,0.0,1.000,16777216.0,0.000,0,0,16777216,1,1,0,0,1,1
3,final_left,f32,4194304,glibc_t1,P7,0,2,1,2834423.00,0.0000,0.0000,2838000.0,0.0,1.000,16777216.0,0.000,0,0,16777216,1,0,1,0,1,1
3,final_left,f32,4194304,glibc_t1,FIXED_TWIN,0,3,1,2816648.00,0.0000,0.0000,2821000.0,0.0,1.000,16777216.0,0.000,0,0,16777216,1,0,1,0,1,1
3,final_left,f32,4194304,glibc_t1,P6,1,0,1,3560832.00,0.0000,0.0000,3566000.0,0.0,1.000,16777216.0,0.000,0,0,16777216,1,1,0,0,1,1
3,final_left,f32,4194304,glibc_t1,P7,1,1,1,2849648.00,0.0000,0.0000,2853000.0,0.0,1.000,16777216.0,0.000,0,0,16777216,1,0,1,0,1,1
3,final_left,f32,4194304,glibc_t1,FIXED_TWIN,1,2,1,2963908.00,0.0000,0.0000,2968000.0,0.0,1.000,16777216.0,0.000,0,0,16777216,1,0,1,0,1,1
3,final_left,f32,4194304,glibc_t1,P5,1,3,1,5321798.00,0.0000,0.0000,5207000.0,118000.0,2.000,33554432.0,0.000,0,0,33554432,2,0,0,0,1,1
3,final_left,f32,4194304,glibc_t1,P7,2,0,1,2984052.00,0.0000,0.0000,2865000.0,122000.0,1.000,16777216.0,0.000,0,0,16777216,1,0,1,0,1,1
3,final_left,f32,4194304,glibc_t1,FIXED_TWIN,2,1,1,2861647.00,0.0000,0.0000,2845000.0,20000.0,1.000,16777216.0,0.000,0,0,16777216,1,0,1,0,1,1
3,final_left,f32,4194304,glibc_t1,P5,2,2,1,5428801.00,0.0000,0.0000,5431000.0,0.0,2.000,33554432.0,0.000,0,0,33554432,2,0,0,0,1,1
3,final_left,f32,4194304,glibc_t1,P6,2,3,1,4186268.00,0.0000,0.0000,4189000.0,0.0,1.000,16777216.0,0.000,0,0,16777216,1,1,0,0,1,1
3,final_left,f32,4194304,glibc_t1,FIXED_TWIN,3,0,1,3169163.00,0.0000,0.0000,3172000.0,0.0,1.000,16777216.0,0.000,0,0,16777216,1,0,1,0,1,1
3,final_left,f32,4194304,glibc_t1,P5,3,1,1,5479714.00,0.0000,0.0000,5483000.0,0.0,2.000,33554432.0,0.000,0,0,33554432,2,0,0,0,1,1
3,final_left,f32,4194304,glibc_t1,P6,3,2,1,4234582.00,0.0000,0.0000,4238000.0,0.0,1.000,16777216.0,0.000,0,0,16777216,1,1,0,0,1,1
3,final_left,f32,4194304,glibc_t1,P7,3,3,1,3066092.00,0.0000,0.0000,3070000.0,0.0,1.000,16777216.0,0.000,0,0,16777216,1,0,1,0,1,1
3,final_left,f32,4194304,glibc_t1,P5,4,0,1,5332001.00,0.0000,0.0000,5334000.0,0.0,2.000,33554432.0,0.000,0,0,33554432,2,0,0,0,1,1
3,final_left,f32,4194304,glibc_t1,P6,4,1,1,3907640.00,0.0000,0.0000,3912000.0,0.0,1.000,16777216.0,0.000,0,0,16777216,1,1,0,0,1,1
3,final_left,f32,4194304,glibc_t1,P7,4,2,1,3023720.00,0.0000,0.0000,3027000.0,0.0,1.000,16777216.0,0.000,0,0,16777216,1,0,1,0,1,1
3,final_left,f32,4194304,glibc_t1,FIXED_TWIN,4,3,1,2957524.00,0.0000,0.0000,2960000.0,0.0,1.000,16777216.0,0.000,0,0,16777216,1,0,1,0,1,1
3,final_left,f32,4194304,glibc_t1,P6,5,0,1,3617058.00,0.0000,0.0000,3620000.0,0.0,1.000,16777216.0,0.000,0,0,16777216,1,1,0,0,1,1
3,final_left,f32,4194304,glibc_t1,P7,5,1,1,2744393.00,0.0000,0.0000,2748000.0,0.0,1.000,16777216.0,0.000,0,0,16777216,1,0,1,0,1,1
3,final_left,f32,4194304,glibc_t1,FIXED_TWIN,5,2,1,2695561.00,0.0000,0.0000,2699000.0,0.0,1.000,16777216.0,0.000,0,0,16777216,1,0,1,0,1,1
3,final_left,f32,4194304,glibc_t1,P5,5,3,1,5209216.00,0.0000,0.0000,5212000.0,0.0,2.000,33554432.0,0.000,0,0,33554432,2,0,0,0,1,1
3,final_left,f32,4194304,glibc_t1,P7,6,0,1,2866234.00,0.0000,0.0000,2832000.0,0.0,1.000,16777216.0,0.000,0,0,16777216,1,0,1,0,1,1
3,final_left,f32,4194304,glibc_t1,FIXED_TWIN,6,1,1,2740894.00,0.0000,0.0000,2745000.0,0.0,1.000,16777216.0,0.000,0,0,16777216,1,0,1,0,1,1
3,final_left,f32,4194304,glibc_t1,P5,6,2,1,5035217.00,0.0000,0.0000,5038000.0,0.0,2.000,33554432.0,0.000,0,0,33554432,2,0,0,0,1,1
3,final_left,f32,4194304,glibc_t1,P6,6,3,1,3764166.00,0.0000,0.0000,3767000.0,0.0,1.000,16777216.0,0.000,0,0,16777216,1,1,0,0,1,1
3,final_left,f32,4194304,glibc_t1,FIXED_TWIN,7,0,1,2744747.00,0.0000,0.0000,2748000.0,0.0,1.000,16777216.0,0.000,0,0,16777216,1,0,1,0,1,1
3,final_left,f32,4194304,glibc_t1,P5,7,1,1,5337557.00,0.0000,0.0000,5341000.0,0.0,2.000,33554432.0,0.000,0,0,33554432,2,0,0,0,1,1
3,final_left,f32,4194304,glibc_t1,P6,7,2,1,3476333.00,0.0000,0.0000,3479000.0,0.0,1.000,16777216.0,0.000,0,0,16777216,1,1,0,0,1,1
3,final_left,f32,4194304,glibc_t1,P7,7,3,1,2680550.00,0.0000,0.0000,2684000.0,0.0,1.000,16777216.0,0.000,0,0,16777216,1,0,1,0,1,1
3,final_left,f32,4194304,glibc_t1,P5,8,0,1,4814817.00,0.0000,0.0000,4818000.0,0.0,2.000,33554432.0,0.000,0,0,33554432,2,0,0,0,1,1
3,final_left,f32,4194304,glibc_t1,P6,8,1,1,3676545.00,0.0000,0.0000,3680000.0,0.0,1.000,16777216.0,0.000,0,0,16777216,1,1,0,0,1,1
3,final_left,f32,4194304,glibc_t1,P7,8,2,1,3009863.00,0.0000,0.0000,3014000.0,0.0,1.000,16777216.0,0.000,0,0,16777216,1,0,1,0,1,1
3,final_left,f32,4194304,glibc_t1,FIXED_TWIN,8,3,1,2997870.00,0.0000,0.0000,3001000.0,0.0,1.000,16777216.0,0.000,0,0,16777216,1,0,1,0,1,1
3,final_left,f32,4194304,glibc_t1,P6,9,0,1,3879638.00,0.0000,0.0000,3884000.0,0.0,1.000,16777216.0,0.000,0,0,16777216,1,1,0,0,1,1
3,final_left,f32,4194304,glibc_t1,P7,9,1,1,3135854.00,0.0000,0.0000,3141000.0,0.0,1.000,16777216.0,0.000,0,0,16777216,1,0,1,0,1,1
3,final_left,f32,4194304,glibc_t1,FIXED_TWIN,9,2,1,3046844.00,0.0000,0.0000,3052000.0,0.0,1.000,16777216.0,0.000,0,0,16777216,1,0,1,0,1,1
3,final_left,f32,4194304,glibc_t1,P5,9,3,1,5609269.00,0.0000,0.0000,5614000.0,0.0,2.000,33554432.0,0.000,0,0,33554432,2,0,0,0,1,1
3,final_left,f32,4194304,glibc_t1,P7,10,0,1,3217116.00,0.0000,0.0000,3221000.0,0.0,1.000,16777216.0,0.000,0,0,16777216,1,0,1,0,1,1
3,final_left,f32,4194304,glibc_t1,FIXED_TWIN,10,1,1,3192867.00,0.0000,0.0000,3196000.0,0.0,1.000,16777216.0,0.000,0,0,16777216,1,0,1,0,1,1
3,final_left,f32,4194304,glibc_t1,P5,10,2,1,5469102.00,0.0000,0.0000,5472000.0,0.0,2.000,33554432.0,0.000,0,0,33554432,2,0,0,0,1,1
3,final_left,f32,4194304,glibc_t1,P6,10,3,1,3796836.00,0.0000,0.0000,3800000.0,0.0,1.000,16777216.0,0.000,0,0,16777216,1,1,0,0,1,1
3,final_left,f32,4194304,glibc_t1,FIXED_TWIN,11,0,1,2885662.00,0.0000,0.0000,2890000.0,0.0,1.000,16777216.0,0.000,0,0,16777216,1,0,1,0,1,1
3,final_left,f32,4194304,glibc_t1,P5,11,1,1,5293638.00,0.0000,0.0000,5297000.0,0.0,2.000,33554432.0,0.000,0,0,33554432,2,0,0,0,1,1
3,final_left,f32,4194304,glibc_t1,P6,11,2,1,4056303.00,0.0000,0.0000,4065000.0,0.0,1.000,16777216.0,0.000,0,0,16777216,1,1,0,0,1,1
3,final_left,f32,4194304,glibc_t1,P7,11,3,1,3129626.00,0.0000,0.0000,3134000.0,0.0,1.000,16777216.0,0.000,0,0,16777216,1,0,1,0,1,1
3,final_left,f32,4194304,glibc_t1,P5,12,0,1,5566922.00,0.0000,0.0000,5572000.0,0.0,2.000,33554432.0,0.000,0,0,33554432,2,0,0,0,1,1
3,final_left,f32,4194304,glibc_t1,P6,12,1,1,3942017.00,0.0000,0.0000,3947000.0,0.0,1.000,16777216.0,0.000,0,0,16777216,1,1,0,0,1,1
3,final_left,f32,4194304,glibc_t1,P7,12,2,1,3025311.00,0.0000,0.0000,3028000.0,0.0,1.000,16777216.0,0.000,0,0,16777216,1,0,1,0,1,1
3,final_left,f32,4194304,glibc_t1,FIXED_TWIN,12,3,1,2820258.00,0.0000,0.0000,2823000.0,0.0,1.000,16777216.0,0.000,0,0,16777216,1,0,1,0,1,1
3,final_left,f32,4194304,glibc_t1,P6,13,0,1,3521867.00,0.0000,0.0000,3527000.0,0.0,1.000,16777216.0,0.000,0,0,16777216,1,1,0,0,1,1
3,final_left,f32,4194304,glibc_t1,P7,13,1,1,2811508.00,0.0000,0.0000,2815000.0,0.0,1.000,16777216.0,0.000,0,0,16777216,1,0,1,0,1,1
3,final_left,f32,4194304,glibc_t1,FIXED_TWIN,13,2,1,2834627.00,0.0000,0.0000,2839000.0,0.0,1.000,16777216.0,0.000,0,0,16777216,1,0,1,0,1,1
3,final_left,f32,4194304,glibc_t1,P5,13,3,1,5320044.00,0.0000,0.0000,5323000.0,0.0,2.000,33554432.0,0.000,0,0,33554432,2,0,0,0,1,1
3,final_left,f32,4194304,glibc_t1,P7,14,0,1,3205409.00,0.0000,0.0000,3209000.0,0.0,1.000,16777216.0,0.000,0,0,16777216,1,0,1,0,1,1
3,final_left,f32,4194304,glibc_t1,FIXED_TWIN,14,1,1,3086345.00,0.0000,0.0000,3091000.0,0.0,1.000,16777216.0,0.000,0,0,16777216,1,0,1,0,1,1
3,final_left,f32,4194304,glibc_t1,P5,14,2,1,5780218.00,0.0000,0.0000,5786000.0,0.0,2.000,33554432.0,0.000,0,0,33554432,2,0,0,0,1,1
3,final_left,f32,4194304,glibc_t1,P6,14,3,1,4332255.00,0.0000,0.0000,4338000.0,0.0,1.000,16777216.0,0.000,0,0,16777216,1,1,0,0,1,1
3,final_left,f32,16777216,glibc_t1,P5,0,0,1,78030617.00,32770.0000,0.0000,22715000.0,55310000.0,2.000,134217728.0,0.000,0,0,134217728,2,0,0,0,1,1
3,final_left,f32,16777216,glibc_t1,P6,0,1,1,51664268.00,16385.0000,0.0000,15780000.0,35891000.0,1.000,67108864.0,0.000,0,0,67108864,1,1,0,0,1,1
3,final_left,f32,16777216,glibc_t1,P7,0,2,1,42777790.00,16385.0000,0.0000,11212000.0,31574000.0,1.000,67108864.0,0.000,0,0,67108864,1,0,1,0,1,1
3,final_left,f32,16777216,glibc_t1,FIXED_TWIN,0,3,1,48032209.00,16385.0000,0.0000,12014000.0,36013000.0,1.000,67108864.0,0.000,0,0,67108864,1,0,1,0,1,1
3,final_left,f32,16777216,glibc_t1,P6,1,0,1,57520472.00,16385.0000,0.0000,30411000.0,27117000.0,1.000,67108864.0,0.000,0,0,67108864,1,1,0,0,1,1
3,final_left,f32,16777216,glibc_t1,P7,1,1,1,52593761.00,16385.0000,0.0000,20353000.0,32216000.0,1.000,67108864.0,0.000,0,0,67108864,1,0,1,0,1,1
3,final_left,f32,16777216,glibc_t1,FIXED_TWIN,1,2,1,47893763.00,16385.0000,0.0000,11933000.0,35967000.0,1.000,67108864.0,0.000,0,0,67108864,1,0,1,0,1,1
3,final_left,f32,16777216,glibc_t1,P5,1,3,1,80063059.00,32770.0000,0.0000,31914000.0,48029000.0,2.000,134217728.0,0.000,0,0,134217728,2,0,0,0,1,1
3,final_left,f32,16777216,glibc_t1,P7,2,0,1,46358256.00,16385.0000,0.0000,0.0,46364000.0,1.000,67108864.0,0.000,0,0,67108864,1,0,1,0,1,1
3,final_left,f32,16777216,glibc_t1,FIXED_TWIN,2,1,1,48400925.00,16385.0000,0.0000,24251000.0,24118000.0,1.000,67108864.0,0.000,0,0,67108864,1,0,1,0,1,1
3,final_left,f32,16777216,glibc_t1,P5,2,2,1,81651045.00,32770.0000,0.0000,25017000.0,56543000.0,2.000,134217728.0,0.000,0,0,134217728,2,0,0,0,1,1
3,final_left,f32,16777216,glibc_t1,P6,2,3,1,49195157.00,16385.0000,0.0000,22247000.0,26944000.0,1.000,67108864.0,0.000,0,0,67108864,1,1,0,0,1,1
3,final_left,f32,16777216,glibc_t1,FIXED_TWIN,3,0,1,43287822.00,16385.0000,0.0000,19558000.0,23737000.0,1.000,67108864.0,0.000,0,0,67108864,1,0,1,0,1,1
3,final_left,f32,16777216,glibc_t1,P5,3,1,1,78809212.00,32770.0000,0.0000,35256000.0,43559000.0,2.000,134217728.0,0.000,0,0,134217728,2,0,0,0,1,1
3,final_left,f32,16777216,glibc_t1,P6,3,2,1,51379310.00,16385.0000,0.0000,15613000.0,35772000.0,1.000,67108864.0,0.000,0,0,67108864,1,1,0,0,1,1
3,final_left,f32,16777216,glibc_t1,P7,3,3,1,42599584.00,16385.0000,0.0000,7129000.0,35478000.0,1.000,67108864.0,0.000,0,0,67108864,1,0,1,0,1,1
3,final_left,f32,16777216,glibc_t1,P5,4,0,1,90714027.00,32770.0000,0.0000,31177000.0,59447000.0,2.000,134217728.0,0.000,0,0,134217728,2,0,0,0,1,1
3,final_left,f32,16777216,glibc_t1,P6,4,1,1,49544109.00,16385.0000,0.0000,24948000.0,24603000.0,1.000,67108864.0,0.000,0,0,67108864,1,1,0,0,1,1
3,final_left,f32,16777216,glibc_t1,P7,4,2,1,43866403.00,16385.0000,0.0000,19918000.0,23955000.0,1.000,67108864.0,0.000,0,0,67108864,1,0,1,0,1,1
3,final_left,f32,16777216,glibc_t1,FIXED_TWIN,4,3,1,41808233.00,16385.0000,0.0000,10656000.0,31159000.0,1.000,67108864.0,0.000,0,0,67108864,1,0,1,0,1,1
3,final_left,f32,16777216,glibc_t1,P6,5,0,1,52122691.00,16385.0000,0.0000,16070000.0,36060000.0,1.000,67108864.0,0.000,0,0,67108864,1,1,0,0,1,1
3,final_left,f32,16777216,glibc_t1,P7,5,1,1,42560611.00,16385.0000,0.0000,15120000.0,27446000.0,1.000,67108864.0,0.000,0,0,67108864,1,0,1,0,1,1
3,final_left,f32,16777216,glibc_t1,FIXED_TWIN,5,2,1,44993743.00,16385.0000,0.0000,24608000.0,20392000.0,1.000,67108864.0,0.000,0,0,67108864,1,0,1,0,1,1
3,final_left,f32,16777216,glibc_t1,P5,5,3,1,76583541.00,32770.0000,0.0000,24348000.0,52241000.0,2.000,134217728.0,0.000,0,0,134217728,2,0,0,0,1,1
3,final_left,f32,16777216,glibc_t1,P7,6,0,1,41773541.00,16385.0000,0.0000,17076000.0,24703000.0,1.000,67108864.0,0.000,0,0,67108864,1,0,1,0,1,1
3,final_left,f32,16777216,glibc_t1,FIXED_TWIN,6,1,1,47714119.00,16385.0000,0.0000,27818000.0,19883000.0,1.000,67108864.0,0.000,0,0,67108864,1,0,1,0,1,1
3,final_left,f32,16777216,glibc_t1,P5,6,2,1,75706448.00,32770.0000,0.0000,31821000.0,43890000.0,2.000,134217728.0,0.000,0,0,134217728,2,0,0,0,1,1
3,final_left,f32,16777216,glibc_t1,P6,6,3,1,50181873.00,16385.0000,0.0000,21315000.0,28874000.0,1.000,67108864.0,0.000,0,0,67108864,1,1,0,0,1,1
3,final_left,f32,16777216,glibc_t1,FIXED_TWIN,7,0,1,43090380.00,16385.0000,0.0000,11450000.0,31647000.0,1.000,67108864.0,0.000,0,0,67108864,1,0,1,0,1,1
3,final_left,f32,16777216,glibc_t1,P5,7,1,1,76796594.00,32770.0000,0.0000,24468000.0,52335000.0,2.000,134217728.0,0.000,0,0,134217728,2,0,0,0,1,1
3,final_left,f32,16777216,glibc_t1,P6,7,2,1,49366843.00,16385.0000,0.0000,14417000.0,34945000.0,1.000,67108864.0,0.000,0,0,67108864,1,1,0,0,1,1
3,final_left,f32,16777216,glibc_t1,P7,7,3,1,41839655.00,16385.0000,0.0000,21099000.0,20747000.0,1.000,67108864.0,0.000,0,0,67108864,1,0,1,0,1,1
3,final_left,f32,16777216,glibc_t1,P5,8,0,1,76840637.00,32770.0000,0.0000,16490000.0,60357000.0,2.000,134217728.0,0.000,0,0,134217728,2,0,0,0,1,1
3,final_left,f32,16777216,glibc_t1,P6,8,1,1,49371663.00,16385.0000,0.0000,12807000.0,36571000.0,1.000,67108864.0,0.000,0,0,67108864,1,1,0,0,1,1
3,final_left,f32,16777216,glibc_t1,P7,8,2,1,40881828.00,16385.0000,0.0000,12519000.0,28369000.0,1.000,67108864.0,0.000,0,0,67108864,1,0,1,0,1,1
3,final_left,f32,16777216,glibc_t1,FIXED_TWIN,8,3,1,42606561.00,16385.0000,0.0000,25532000.0,17070000.0,1.000,67108864.0,0.000,0,0,67108864,1,0,1,0,1,1
3,final_left,f32,16777216,glibc_t1,P6,9,0,1,49515955.00,16385.0000,0.0000,24898000.0,24625000.0,1.000,67108864.0,0.000,0,0,67108864,1,1,0,0,1,1
3,final_left,f32,16777216,glibc_t1,P7,9,1,1,43884603.00,16385.0000,0.0000,11931000.0,31961000.0,1.000,67108864.0,0.000,0,0,67108864,1,0,1,0,1,1
3,final_left,f32,16777216,glibc_t1,FIXED_TWIN,9,2,1,43469944.00,16385.0000,0.0000,15677000.0,27784000.0,1.000,67108864.0,0.000,0,0,67108864,1,0,1,0,1,1
3,final_left,f32,16777216,glibc_t1,P5,9,3,1,76389585.00,32770.0000,0.0000,12227000.0,64155000.0,2.000,134217728.0,0.000,0,0,134217728,2,0,0,0,1,1
3,final_left,f32,16777216,glibc_t1,P7,10,0,1,43568868.00,16385.0000,0.0000,27752000.0,15824000.0,1.000,67108864.0,0.000,0,0,67108864,1,0,1,0,1,1
3,final_left,f32,16777216,glibc_t1,FIXED_TWIN,10,1,1,42507499.00,16385.0000,0.0000,9467000.0,32947000.0,1.000,67108864.0,0.000,0,0,67108864,1,0,1,0,1,1
3,final_left,f32,16777216,glibc_t1,P5,10,2,1,78778439.00,32770.0000,0.0000,13611000.0,65173000.0,2.000,134217728.0,0.000,0,0,134217728,2,0,0,0,1,1
3,final_left,f32,16777216,glibc_t1,P6,10,3,1,52431281.00,16385.0000,0.0000,28255000.0,24185000.0,1.000,67108864.0,0.000,0,0,67108864,1,1,0,0,1,1
3,final_left,f32,16777216,glibc_t1,FIXED_TWIN,11,0,1,43266440.00,16385.0000,0.0000,9899000.0,33304000.0,1.000,67108864.0,0.000,0,0,67108864,1,0,1,0,1,1
3,final_left,f32,16777216,glibc_t1,P5,11,1,1,77633457.00,32770.0000,0.0000,16938000.0,60700000.0,2.000,134217728.0,0.000,0,0,134217728,2,0,0,0,1,1
3,final_left,f32,16777216,glibc_t1,P6,11,2,1,48475656.00,16385.0000,0.0000,24278000.0,24205000.0,1.000,67108864.0,0.000,0,0,67108864,1,1,0,0,1,1
3,final_left,f32,16777216,glibc_t1,P7,11,3,1,41627183.00,16385.0000,0.0000,10624000.0,31009000.0,1.000,67108864.0,0.000,0,0,67108864,1,0,1,0,1,1
3,final_left,f32,16777216,glibc_t1,P5,12,0,1,81509799.00,32770.0000,0.0000,16857000.0,64607000.0,2.000,134217728.0,0.000,0,0,134217728,2,0,0,0,1,1
3,final_left,f32,16777216,glibc_t1,P6,12,1,1,49853563.00,16385.0000,0.0000,21068000.0,28759000.0,1.000,67108864.0,0.000,0,0,67108864,1,1,0,0,1,1
3,final_left,f32,16777216,glibc_t1,P7,12,2,1,42644892.00,16385.0000,0.0000,29528000.0,13123000.0,1.000,67108864.0,0.000,0,0,67108864,1,0,1,0,1,1
3,final_left,f32,16777216,glibc_t1,FIXED_TWIN,12,3,1,42123968.00,16385.0000,0.0000,14924000.0,27213000.0,1.000,67108864.0,0.000,0,0,67108864,1,0,1,0,1,1
3,final_left,f32,16777216,glibc_t1,P6,13,0,1,49683328.00,16385.0000,0.0000,18635000.0,31001000.0,1.000,67108864.0,0.000,0,0,67108864,1,1,0,0,1,1
3,final_left,f32,16777216,glibc_t1,P7,13,1,1,43999125.00,16385.0000,0.0000,16001000.0,27991000.0,1.000,67108864.0,0.000,0,0,67108864,1,0,1,0,1,1
3,final_left,f32,16777216,glibc_t1,FIXED_TWIN,13,2,1,41961476.00,16385.0000,0.0000,14830000.0,27140000.0,1.000,67108864.0,0.000,0,0,67108864,1,0,1,0,1,1
3,final_left,f32,16777216,glibc_t1,P5,13,3,1,76166364.00,32770.0000,0.0000,24092000.0,52018000.0,2.000,134217728.0,0.000,0,0,134217728,2,0,0,0,1,1
3,final_left,f32,16777216,glibc_t1,P7,14,0,1,42509090.00,16385.0000,0.0000,11146000.0,31370000.0,1.000,67108864.0,0.000,0,0,67108864,1,0,1,0,1,1
3,final_left,f32,16777216,glibc_t1,FIXED_TWIN,14,1,1,43913452.00,16385.0000,0.0000,11949000.0,31970000.0,1.000,67108864.0,0.000,0,0,67108864,1,0,1,0,1,1
3,final_left,f32,16777216,glibc_t1,P5,14,2,1,76717931.00,32770.0000,0.0000,28409000.0,48315000.0,2.000,134217728.0,0.000,0,0,134217728,2,0,0,0,1,1
3,final_left,f32,16777216,glibc_t1,P6,14,3,1,48933201.00,16385.0000,0.0000,14245000.0,34683000.0,1.000,67108864.0,0.000,0,0,67108864,1,1,0,0,1,1
3,final_left,f32,67108864,glibc_t1,P5,0,0,1,307310929.00,131074.0000,0.0000,103635000.0,203591000.0,2.000,536870912.0,0.000,0,0,536870912,2,0,0,0,1,1
3,final_left,f32,67108864,glibc_t1,P6,0,1,1,190831692.00,65537.0000,0.0000,87444000.0,103356000.0,1.000,268435456.0,0.000,0,0,268435456,1,1,0,0,1,1
3,final_left,f32,67108864,glibc_t1,P7,0,2,1,181316033.00,65537.0000,0.0000,74487000.0,106173000.0,1.000,268435456.0,0.000,0,0,268435456,1,0,1,0,1,1
3,final_left,f32,67108864,glibc_t1,FIXED_TWIN,0,3,1,162821556.00,65537.0000,0.0000,87278000.0,75388000.0,1.000,268435456.0,0.000,0,0,268435456,1,0,1,0,1,1
3,final_left,f32,67108864,glibc_t1,P6,1,0,1,190539437.00,65537.0000,0.0000,73182000.0,117253000.0,1.000,268435456.0,0.000,0,0,268435456,1,1,0,0,1,1
3,final_left,f32,67108864,glibc_t1,P7,1,1,1,162935933.00,65537.0000,0.0000,79421000.0,83458000.0,1.000,268435456.0,0.000,0,0,268435456,1,0,1,0,1,1
3,final_left,f32,67108864,glibc_t1,FIXED_TWIN,1,2,1,164847826.00,65537.0000,0.0000,48409000.0,116444000.0,1.000,268435456.0,0.000,0,0,268435456,1,0,1,0,1,1
3,final_left,f32,67108864,glibc_t1,P5,1,3,1,298442741.00,131074.0000,0.0000,116785000.0,181189000.0,2.000,536870912.0,0.000,0,0,536870912,2,0,0,0,1,1
3,final_left,f32,67108864,glibc_t1,P7,2,0,1,162404051.00,65537.0000,0.0000,85059000.0,77256000.0,1.000,268435456.0,0.000,0,0,268435456,1,0,1,0,1,1
3,final_left,f32,67108864,glibc_t1,FIXED_TWIN,2,1,1,167362864.00,65537.0000,0.0000,63694000.0,103665000.0,1.000,268435456.0,0.000,0,0,268435456,1,0,1,0,1,1
3,final_left,f32,67108864,glibc_t1,P5,2,2,1,308391355.00,131074.0000,0.0000,96184000.0,212204000.0,2.000,536870912.0,0.000,0,0,536870912,2,0,0,0,1,1
3,final_left,f32,67108864,glibc_t1,P6,2,3,1,186863308.00,65537.0000,0.0000,103454000.0,83288000.0,1.000,268435456.0,0.000,0,0,268435456,1,1,0,0,1,1
3,final_left,f32,67108864,glibc_t1,FIXED_TWIN,3,0,1,169058213.00,65537.0000,0.0000,76421000.0,92452000.0,1.000,268435456.0,0.000,0,0,268435456,1,0,1,0,1,1
3,final_left,f32,67108864,glibc_t1,P5,3,1,1,330876854.00,131074.0000,0.0000,103471000.0,227356000.0,2.000,536870912.0,0.000,0,0,536870912,2,0,0,0,1,1
3,final_left,f32,67108864,glibc_t1,P6,3,2,1,195057925.00,65537.0000,0.0000,95511000.0,99507000.0,1.000,268435456.0,0.000,0,0,268435456,1,1,0,0,1,1
3,final_left,f32,67108864,glibc_t1,P7,3,3,1,170142805.00,65537.0000,0.0000,67124000.0,103027000.0,1.000,268435456.0,0.000,0,0,268435456,1,0,1,0,1,1
3,final_left,f32,67108864,glibc_t1,P5,4,0,1,299270567.00,131074.0000,0.0000,91657000.0,207619000.0,2.000,536870912.0,0.000,0,0,536870912,2,0,0,0,1,1
3,final_left,f32,67108864,glibc_t1,P6,4,1,1,189883460.00,65537.0000,0.0000,98954000.0,90882000.0,1.000,268435456.0,0.000,0,0,268435456,1,1,0,0,1,1
3,final_left,f32,67108864,glibc_t1,P7,4,2,1,166646652.00,65537.0000,0.0000,79365000.0,87287000.0,1.000,268435456.0,0.000,0,0,268435456,1,0,1,0,1,1
3,final_left,f32,67108864,glibc_t1,FIXED_TWIN,4,3,1,163281020.00,65537.0000,0.0000,55662000.0,107626000.0,1.000,268435456.0,0.000,0,0,268435456,1,0,1,0,1,1
3,final_left,f32,67108864,glibc_t1,P6,5,0,1,192595663.00,65537.0000,0.0000,96285000.0,96317000.0,1.000,268435456.0,0.000,0,0,268435456,1,1,0,0,1,1
3,final_left,f32,67108864,glibc_t1,P7,5,1,1,185697028.00,65537.0000,0.0000,70910000.0,114751000.0,1.000,268435456.0,0.000,0,0,268435456,1,0,1,0,1,1
3,final_left,f32,67108864,glibc_t1,FIXED_TWIN,5,2,1,170969429.00,65537.0000,0.0000,73385000.0,97548000.0,1.000,268435456.0,0.000,0,0,268435456,1,0,1,0,1,1
3,final_left,f32,67108864,glibc_t1,P5,5,3,1,303740102.00,131074.0000,0.0000,115871000.0,187729000.0,2.000,536870912.0,0.000,0,0,536870912,2,0,0,0,1,1
3,final_left,f32,67108864,glibc_t1,P7,6,0,1,176199905.00,65537.0000,0.0000,56052000.0,120112000.0,1.000,268435456.0,0.000,0,0,268435456,1,0,1,0,1,1
3,final_left,f32,67108864,glibc_t1,FIXED_TWIN,6,1,1,160884520.00,65537.0000,0.0000,72415000.0,88448000.0,1.000,268435456.0,0.000,0,0,268435456,1,0,1,0,1,1
3,final_left,f32,67108864,glibc_t1,P5,6,2,1,294790585.00,131074.0000,0.0000,103432000.0,191311000.0,2.000,536870912.0,0.000,0,0,536870912,2,0,0,0,1,1
3,final_left,f32,67108864,glibc_t1,P6,6,3,1,193173058.00,65537.0000,0.0000,120400000.0,72628000.0,1.000,268435456.0,0.000,0,0,268435456,1,1,0,0,1,1
3,final_left,f32,67108864,glibc_t1,FIXED_TWIN,7,0,1,167125427.00,65537.0000,0.0000,83564000.0,83523000.0,1.000,268435456.0,0.000,0,0,268435456,1,0,1,0,1,1
3,final_left,f32,67108864,glibc_t1,P5,7,1,1,308117930.00,131074.0000,0.0000,99998000.0,207971000.0,2.000,536870912.0,0.000,0,0,536870912,2,0,0,0,1,1
3,final_left,f32,67108864,glibc_t1,P6,7,2,1,189283792.00,65537.0000,0.0000,84537000.0,104678000.0,1.000,268435456.0,0.000,0,0,268435456,1,1,0,0,1,1
3,final_left,f32,67108864,glibc_t1,P7,7,3,1,166096689.00,65537.0000,0.0000,67070000.0,98967000.0,1.000,268435456.0,0.000,0,0,268435456,1,0,1,0,1,1
3,final_left,f32,67108864,glibc_t1,P5,8,0,1,322852798.00,131074.0000,0.0000,101145000.0,221519000.0,2.000,536870912.0,0.000,0,0,536870912,2,0,0,0,1,1
3,final_left,f32,67108864,glibc_t1,P6,8,1,1,189289454.00,65537.0000,0.0000,102613000.0,86487000.0,1.000,268435456.0,0.000,0,0,268435456,1,1,0,0,1,1
3,final_left,f32,67108864,glibc_t1,P7,8,2,1,164224883.00,65537.0000,0.0000,64089000.0,100102000.0,1.000,268435456.0,0.000,0,0,268435456,1,0,1,0,1,1
3,final_left,f32,67108864,glibc_t1,FIXED_TWIN,8,3,1,161288045.00,65537.0000,0.0000,76586000.0,84686000.0,1.000,268435456.0,0.000,0,0,268435456,1,0,1,0,1,1
3,final_left,f32,67108864,glibc_t1,P6,9,0,1,189885873.00,65537.0000,0.0000,80838000.0,109006000.0,1.000,268435456.0,0.000,0,0,268435456,1,1,0,0,1,1
3,final_left,f32,67108864,glibc_t1,P7,9,1,1,170695585.00,65537.0000,0.0000,63382000.0,107309000.0,1.000,268435456.0,0.000,0,0,268435456,1,0,1,0,1,1
3,final_left,f32,67108864,glibc_t1,FIXED_TWIN,9,2,1,162557232.00,65537.0000,0.0000,59304000.0,103205000.0,1.000,268435456.0,0.000,0,0,268435456,1,0,1,0,1,1
3,final_left,f32,67108864,glibc_t1,P5,9,3,1,304457253.00,131074.0000,0.0000,88190000.0,216135000.0,2.000,536870912.0,0.000,0,0,536870912,2,0,0,0,1,1
3,final_left,f32,67108864,glibc_t1,P7,10,0,1,165080684.00,65537.0000,0.0000,80495000.0,84582000.0,1.000,268435456.0,0.000,0,0,268435456,1,0,1,0,1,1
3,final_left,f32,67108864,glibc_t1,FIXED_TWIN,10,1,1,162219139.00,65537.0000,0.0000,91151000.0,71044000.0,1.000,268435456.0,0.000,0,0,268435456,1,0,1,0,1,1
3,final_left,f32,67108864,glibc_t1,P5,10,2,1,288943703.00,131074.0000,0.0000,100423000.0,188471000.0,2.000,536870912.0,0.000,0,0,536870912,2,0,0,0,1,1
3,final_left,f32,67108864,glibc_t1,P6,10,3,1,185600329.00,65537.0000,0.0000,90898000.0,94701000.0,1.000,268435456.0,0.000,0,0,268435456,1,1,0,0,1,1
3,final_left,f32,67108864,glibc_t1,FIXED_TWIN,11,0,1,164407982.00,65537.0000,0.0000,80121000.0,84140000.0,1.000,268435456.0,0.000,0,0,268435456,1,0,1,0,1,1
3,final_left,f32,67108864,glibc_t1,P5,11,1,1,296714430.00,131074.0000,0.0000,108327000.0,188323000.0,2.000,536870912.0,0.000,0,0,536870912,2,0,0,0,1,1
3,final_left,f32,67108864,glibc_t1,P6,11,2,1,189359668.00,65537.0000,0.0000,96617000.0,92724000.0,1.000,268435456.0,0.000,0,0,268435456,1,1,0,0,1,1
3,final_left,f32,67108864,glibc_t1,P7,11,3,1,163312730.00,65537.0000,0.0000,95611000.0,67628000.0,1.000,268435456.0,0.000,0,0,268435456,1,0,1,0,1,1
3,final_left,f32,67108864,glibc_t1,P5,12,0,1,296298397.00,131074.0000,0.0000,84001000.0,212046000.0,2.000,536870912.0,0.000,0,0,536870912,2,0,0,0,1,1
3,final_left,f32,67108864,glibc_t1,P6,12,1,1,192617626.00,65537.0000,0.0000,104285000.0,88184000.0,1.000,268435456.0,0.000,0,0,268435456,1,1,0,0,1,1
3,final_left,f32,67108864,glibc_t1,P7,12,2,1,166663820.00,65537.0000,0.0000,55391000.0,111241000.0,1.000,268435456.0,0.000,0,0,268435456,1,0,1,0,1,1
3,final_left,f32,67108864,glibc_t1,FIXED_TWIN,12,3,1,164175145.00,65537.0000,0.0000,98239000.0,65920000.0,1.000,268435456.0,0.000,0,0,268435456,1,0,1,0,1,1
3,final_left,f32,67108864,glibc_t1,P6,13,0,1,184106080.00,65537.0000,0.0000,96001000.0,88061000.0,1.000,268435456.0,0.000,0,0,268435456,1,1,0,0,1,1
3,final_left,f32,67108864,glibc_t1,P7,13,1,1,161656517.00,65537.0000,0.0000,58914000.0,102740000.0,1.000,268435456.0,0.000,0,0,268435456,1,0,1,0,1,1
3,final_left,f32,67108864,glibc_t1,FIXED_TWIN,13,2,1,164250448.00,65537.0000,0.0000,72115000.0,92133000.0,1.000,268435456.0,0.000,0,0,268435456,1,0,1,0,1,1
3,final_left,f32,67108864,glibc_t1,P5,13,3,1,299546452.00,131074.0000,0.0000,119764000.0,179736000.0,2.000,536870912.0,0.000,0,0,536870912,2,0,0,0,1,1
3,final_left,f32,67108864,glibc_t1,P7,14,0,1,160680157.00,65537.0000,0.0000,80309000.0,80368000.0,1.000,268435456.0,0.000,0,0,268435456,1,0,1,0,1,1
3,final_left,f32,67108864,glibc_t1,FIXED_TWIN,14,1,1,176095712.00,65537.0000,0.0000,64002000.0,112042000.0,1.000,268435456.0,0.000,0,0,268435456,1,0,1,0,1,1
3,final_left,f32,67108864,glibc_t1,P5,14,2,1,288516688.00,131074.0000,0.0000,84239000.0,204273000.0,2.000,536870912.0,0.000,0,0,536870912,2,0,0,0,1,1
3,final_left,f32,67108864,glibc_t1,P6,14,3,1,186179896.00,65537.0000,0.0000,108967000.0,77186000.0,1.000,268435456.0,0.000,0,0,268435456,1,1,0,0,1,1
3,final_right,f32,64,glibc_t1,P5,0,0,1000,1403.55,0.0000,0.0000,647.0,760.0,2.000,512.0,0.000,0,0,256256,2,0,0,0,1,1
3,final_right,f32,64,glibc_t1,P6,0,1,1000,1394.30,0.0000,0.0000,1369.0,27.0,1.000,256.0,0.000,0,0,256000,1,1,0,0,1,1
3,final_right,f32,64,glibc_t1,P7,0,2,1000,1349.04,0.0000,0.0000,1350.0,0.0,1.000,256.0,0.000,0,0,256000,1,0,1,0,1,1
3,final_right,f32,64,glibc_t1,FIXED_TWIN,0,3,1000,1346.99,0.0000,0.0000,1347.0,0.0,1.000,256.0,0.000,0,0,256000,1,0,1,0,1,1
3,final_right,f32,64,glibc_t1,P6,1,0,1000,1374.48,0.0000,0.0000,1375.0,0.0,1.000,256.0,0.000,0,0,256000,1,1,0,0,1,1
3,final_right,f32,64,glibc_t1,P7,1,1,1000,1338.52,0.0000,0.0000,1339.0,0.0,1.000,256.0,0.000,0,0,256000,1,0,1,0,1,1
3,final_right,f32,64,glibc_t1,FIXED_TWIN,1,2,1000,1344.67,0.0000,0.0000,1346.0,0.0,1.000,256.0,0.000,0,0,256000,1,0,1,0,1,1
3,final_right,f32,64,glibc_t1,P5,1,3,1000,1402.25,0.0000,0.0000,1403.0,0.0,2.000,512.0,0.000,0,0,256256,2,0,0,0,1,1
3,final_right,f32,64,glibc_t1,P7,2,0,1000,1398.09,0.0000,0.0000,1335.0,68.0,1.000,256.0,0.000,0,0,256000,1,0,1,0,1,1
3,final_right,f32,64,glibc_t1,FIXED_TWIN,2,1,1000,1409.36,0.0000,0.0000,1411.0,0.0,1.000,256.0,0.000,0,0,256000,1,0,1,0,1,1
3,final_right,f32,64,glibc_t1,P5,2,2,1000,1473.89,0.0000,0.0000,1476.0,0.0,2.000,512.0,0.000,0,0,256256,2,0,0,0,1,1
3,final_right,f32,64,glibc_t1,P6,2,3,1000,1443.92,0.0000,0.0000,1446.0,0.0,1.000,256.0,0.000,0,0,256000,1,1,0,0,1,1
3,final_right,f32,64,glibc_t1,FIXED_TWIN,3,0,1000,1394.88,0.0000,0.0000,1396.0,0.0,1.000,256.0,0.000,0,0,256000,1,0,1,0,1,1
3,final_right,f32,64,glibc_t1,P5,3,1,1000,1418.39,0.0000,0.0000,1420.0,0.0,2.000,512.0,0.000,0,0,256256,2,0,0,0,1,1
3,final_right,f32,64,glibc_t1,P6,3,2,1000,1428.77,0.0000,0.0000,1430.0,0.0,1.000,256.0,0.000,0,0,256000,1,1,0,0,1,1
3,final_right,f32,64,glibc_t1,P7,3,3,1000,1365.97,0.0000,0.0000,1367.0,0.0,1.000,256.0,0.000,0,0,256000,1,0,1,0,1,1
3,final_right,f32,64,glibc_t1,P5,4,0,1000,1422.35,0.0000,0.0000,1423.0,0.0,2.000,512.0,0.000,0,0,256256,2,0,0,0,1,1
3,final_right,f32,64,glibc_t1,P6,4,1,1000,1408.88,0.0000,0.0000,1410.0,0.0,1.000,256.0,0.000,0,0,256000,1,1,0,0,1,1
3,final_right,f32,64,glibc_t1,P7,4,2,1000,1535.99,0.0000,0.0000,1402.0,0.0,1.000,256.0,0.000,0,0,256000,1,0,1,0,1,1
3,final_right,f32,64,glibc_t1,FIXED_TWIN,4,3,1000,1395.48,0.0000,0.0000,1397.0,0.0,1.000,256.0,0.000,0,0,256000,1,0,1,0,1,1
3,final_right,f32,64,glibc_t1,P6,5,0,1000,1453.54,0.0000,0.0000,1455.0,0.0,1.000,256.0,0.000,0,0,256000,1,1,0,0,1,1
3,final_right,f32,64,glibc_t1,P7,5,1,1000,1372.25,0.0000,0.0000,1373.0,0.0,1.000,256.0,0.000,0,0,256000,1,0,1,0,1,1
3,final_right,f32,64,glibc_t1,FIXED_TWIN,5,2,1000,1363.97,0.0000,0.0000,1365.0,0.0,1.000,256.0,0.000,0,0,256000,1,0,1,0,1,1
3,final_right,f32,64,glibc_t1,P5,5,3,1000,2121.64,0.0000,0.0000,2127.0,0.0,2.000,512.0,0.000,0,0,256256,2,0,0,0,1,1
3,final_right,f32,64,glibc_t1,P7,6,0,1000,1351.55,0.0000,0.0000,1352.0,0.0,1.000,256.0,0.000,0,0,256000,1,0,1,0,1,1
3,final_right,f32,64,glibc_t1,FIXED_TWIN,6,1,1000,1356.37,0.0000,0.0000,1357.0,0.0,1.000,256.0,0.000,0,0,256000,1,0,1,0,1,1
3,final_right,f32,64,glibc_t1,P5,6,2,1000,1389.61,0.0000,0.0000,1390.0,0.0,2.000,512.0,0.000,0,0,256256,2,0,0,0,1,1
3,final_right,f32,64,glibc_t1,P6,6,3,1000,1383.76,0.0000,0.0000,1385.0,0.0,1.000,256.0,0.000,0,0,256000,1,1,0,0,1,1
3,final_right,f32,64,glibc_t1,FIXED_TWIN,7,0,1000,1381.92,0.0000,0.0000,1383.0,0.0,1.000,256.0,0.000,0,0,256000,1,0,1,0,1,1
3,final_right,f32,64,glibc_t1,P5,7,1,1000,1386.10,0.0000,0.0000,1387.0,0.0,2.000,512.0,0.000,0,0,256256,2,0,0,0,1,1
3,final_right,f32,64,glibc_t1,P6,7,2,1000,1387.71,0.0000,0.0000,1388.0,0.0,1.000,256.0,0.000,0,0,256000,1,1,0,0,1,1
3,final_right,f32,64,glibc_t1,P7,7,3,1000,1355.91,0.0000,0.0000,1357.0,0.0,1.000,256.0,0.000,0,0,256000,1,0,1,0,1,1
3,final_right,f32,64,glibc_t1,P5,8,0,1000,1395.98,0.0000,0.0000,1397.0,0.0,2.000,512.0,0.000,0,0,256256,2,0,0,0,1,1
3,final_right,f32,64,glibc_t1,P6,8,1,1000,1379.49,0.0000,0.0000,1381.0,0.0,1.000,256.0,0.000,0,0,256000,1,1,0,0,1,1
3,final_right,f32,64,glibc_t1,P7,8,2,1000,1351.41,0.0000,0.0000,1352.0,0.0,1.000,256.0,0.000,0,0,256000,1,0,1,0,1,1
3,final_right,f32,64,glibc_t1,FIXED_TWIN,8,3,1000,1365.29,0.0000,0.0000,1366.0,0.0,1.000,256.0,0.000,0,0,256000,1,0,1,0,1,1
3,final_right,f32,64,glibc_t1,P6,9,0,1000,1368.67,0.0000,0.0000,1369.0,0.0,1.000,256.0,0.000,0,0,256000,1,1,0,0,1,1
3,final_right,f32,64,glibc_t1,P7,9,1,1000,1415.90,0.0000,0.0000,1419.0,0.0,1.000,256.0,0.000,0,0,256000,1,0,1,0,1,1
3,final_right,f32,64,glibc_t1,FIXED_TWIN,9,2,1000,1372.79,0.0000,0.0000,1373.0,0.0,1.000,256.0,0.000,0,0,256000,1,0,1,0,1,1
3,final_right,f32,64,glibc_t1,P5,9,3,1000,1416.66,0.0000,0.0000,1417.0,0.0,2.000,512.0,0.000,0,0,256256,2,0,0,0,1,1
3,final_right,f32,64,glibc_t1,P7,10,0,1000,1392.52,0.0000,0.0000,1394.0,0.0,1.000,256.0,0.000,0,0,256000,1,0,1,0,1,1
3,final_right,f32,64,glibc_t1,FIXED_TWIN,10,1,1000,1380.85,0.0000,0.0000,1382.0,0.0,1.000,256.0,0.000,0,0,256000,1,0,1,0,1,1
3,final_right,f32,64,glibc_t1,P5,10,2,1000,1413.90,0.0000,0.0000,1414.0,0.0,2.000,512.0,0.000,0,0,256256,2,0,0,0,1,1
3,final_right,f32,64,glibc_t1,P6,10,3,1000,1374.97,0.0000,0.0000,1376.0,0.0,1.000,256.0,0.000,0,0,256000,1,1,0,0,1,1
3,final_right,f32,64,glibc_t1,FIXED_TWIN,11,0,1000,1345.65,0.0000,0.0000,1346.0,0.0,1.000,256.0,0.000,0,0,256000,1,0,1,0,1,1
3,final_right,f32,64,glibc_t1,P5,11,1,1000,1411.11,0.0000,0.0000,1412.0,0.0,2.000,512.0,0.000,0,0,256256,2,0,0,0,1,1
3,final_right,f32,64,glibc_t1,P6,11,2,1000,1377.45,0.0000,0.0000,1378.0,0.0,1.000,256.0,0.000,0,0,256000,1,1,0,0,1,1
3,final_right,f32,64,glibc_t1,P7,11,3,1000,1356.78,0.0000,0.0000,1358.0,0.0,1.000,256.0,0.000,0,0,256000,1,0,1,0,1,1
3,final_right,f32,64,glibc_t1,P5,12,0,1000,1418.47,0.0000,0.0000,1419.0,0.0,2.000,512.0,0.000,0,0,256256,2,0,0,0,1,1
3,final_right,f32,64,glibc_t1,P6,12,1,1000,1369.87,0.0000,0.0000,1370.0,0.0,1.000,256.0,0.000,0,0,256000,1,1,0,0,1,1
3,final_right,f32,64,glibc_t1,P7,12,2,1000,1369.14,0.0000,0.0000,1370.0,0.0,1.000,256.0,0.000,0,0,256000,1,0,1,0,1,1
3,final_right,f32,64,glibc_t1,FIXED_TWIN,12,3,1000,1357.51,0.0000,0.0000,1358.0,0.0,1.000,256.0,0.000,0,0,256000,1,0,1,0,1,1
3,final_right,f32,64,glibc_t1,P6,13,0,1000,1378.38,0.0000,0.0000,1379.0,0.0,1.000,256.0,0.000,0,0,256000,1,1,0,0,1,1
3,final_right,f32,64,glibc_t1,P7,13,1,1000,1342.32,0.0000,0.0000,1343.0,0.0,1.000,256.0,0.000,0,0,256000,1,0,1,0,1,1
3,final_right,f32,64,glibc_t1,FIXED_TWIN,13,2,1000,1344.29,0.0000,0.0000,1345.0,0.0,1.000,256.0,0.000,0,0,256000,1,0,1,0,1,1
3,final_right,f32,64,glibc_t1,P5,13,3,1000,1409.73,0.0000,0.0000,1411.0,0.0,2.000,512.0,0.000,0,0,256256,2,0,0,0,1,1
3,final_right,f32,64,glibc_t1,P7,14,0,1000,1345.09,0.0000,0.0000,1346.0,0.0,1.000,256.0,0.000,0,0,256000,1,0,1,0,1,1
3,final_right,f32,64,glibc_t1,FIXED_TWIN,14,1,1000,1357.84,0.0000,0.0000,1359.0,0.0,1.000,256.0,0.000,0,0,256000,1,0,1,0,1,1
3,final_right,f32,64,glibc_t1,P5,14,2,1000,1394.11,0.0000,0.0000,1395.0,0.0,2.000,512.0,0.000,0,0,256256,2,0,0,0,1,1
3,final_right,f32,64,glibc_t1,P6,14,3,1000,1379.95,0.0000,0.0000,1381.0,0.0,1.000,256.0,0.000,0,0,256000,1,1,0,0,1,1
3,final_right,f32,1024,glibc_t1,P5,0,0,1000,1670.95,0.0000,0.0000,1676.0,0.0,2.000,8192.0,0.000,0,0,4100096,2,0,0,0,1,1
3,final_right,f32,1024,glibc_t1,P6,0,1,1000,1671.77,0.0000,0.0000,1676.0,0.0,1.000,4096.0,0.000,0,0,4096000,1,1,0,0,1,1
3,final_right,f32,1024,glibc_t1,P7,0,2,1000,1530.16,0.0000,0.0000,1532.0,0.0,1.000,4096.0,0.000,0,0,4096000,1,0,1,0,1,1
3,final_right,f32,1024,glibc_t1,FIXED_TWIN,0,3,1000,1562.59,0.0000,0.0000,1565.0,0.0,1.000,4096.0,0.000,0,0,4096000,1,0,1,0,1,1
3,final_right,f32,1024,glibc_t1,P6,1,0,1000,1652.60,0.0000,0.0000,1654.0,0.0,1.000,4096.0,0.000,0,0,4096000,1,1,0,0,1,1
3,final_right,f32,1024,glibc_t1,P7,1,1,1000,1555.06,0.0000,0.0000,1557.0,0.0,1.000,4096.0,0.000,0,0,4096000,1,0,1,0,1,1
3,final_right,f32,1024,glibc_t1,FIXED_TWIN,1,2,1000,1554.89,0.0000,0.0000,1557.0,0.0,1.000,4096.0,0.000,0,0,4096000,1,0,1,0,1,1
3,final_right,f32,1024,glibc_t1,P5,1,3,1000,1731.56,0.0000,0.0000,1733.0,0.0,2.000,8192.0,0.000,0,0,4100096,2,0,0,0,1,1
3,final_right,f32,1024,glibc_t1,P7,2,0,1000,1514.19,0.0000,0.0000,1516.0,0.0,1.000,4096.0,0.000,0,0,4096000,1,0,1,0,1,1
3,final_right,f32,1024,glibc_t1,FIXED_TWIN,2,1,1000,1538.98,0.0000,0.0000,1541.0,0.0,1.000,4096.0,0.000,0,0,4096000,1,0,1,0,1,1
3,final_right,f32,1024,glibc_t1,P5,2,2,1000,1715.69,0.0000,0.0000,1718.0,0.0,2.000,8192.0,0.000,0,0,4100096,2,0,0,0,1,1
3,final_right,f32,1024,glibc_t1,P6,2,3,1000,1655.88,0.0000,0.0000,1659.0,0.0,1.000,4096.0,0.000,0,0,4096000,1,1,0,0,1,1
3,final_right,f32,1024,glibc_t1,FIXED_TWIN,3,0,1000,1535.92,0.0000,0.0000,1538.0,0.0,1.000,4096.0,0.000,0,0,4096000,1,0,1,0,1,1
3,final_right,f32,1024,glibc_t1,P5,3,1,1000,1702.74,0.0000,0.0000,1705.0,0.0,2.000,8192.0,0.000,0,0,4100096,2,0,0,0,1,1
3,final_right,f32,1024,glibc_t1,P6,3,2,1000,1639.52,0.0000,0.0000,1641.0,0.0,1.000,4096.0,0.000,0,0,4096000,1,1,0,0,1,1
3,final_right,f32,1024,glibc_t1,P7,3,3,1000,1557.75,0.0000,0.0000,1560.0,0.0,1.000,4096.0,0.000,0,0,4096000,1,0,1,0,1,1
3,final_right,f32,1024,glibc_t1,P5,4,0,1000,1678.73,0.0000,0.0000,1680.0,0.0,2.000,8192.0,0.000,0,0,4100096,2,0,0,0,1,1
3,final_right,f32,1024,glibc_t1,P6,4,1,1000,1666.22,0.0000,0.0000,1667.0,0.0,1.000,4096.0,0.000,0,0,4096000,1,1,0,0,1,1
3,final_right,f32,1024,glibc_t1,P7,4,2,1000,1550.69,0.0000,0.0000,1553.0,0.0,1.000,4096.0,0.000,0,0,4096000,1,0,1,0,1,1
3,final_right,f32,1024,glibc_t1,FIXED_TWIN,4,3,1000,1528.65,0.0000,0.0000,1530.0,0.0,1.000,4096.0,0.000,0,0,4096000,1,0,1,0,1,1
3,final_right,f32,1024,glibc_t1,P6,5,0,1000,1655.46,0.0000,0.0000,1657.0,0.0,1.000,4096.0,0.000,0,0,4096000,1,1,0,0,1,1
3,final_right,f32,1024,glibc_t1,P7,5,1,1000,1510.98,0.0000,0.0000,1513.0,0.0,1.000,4096.0,0.000,0,0,4096000,1,0,1,0,1,1
3,final_right,f32,1024,glibc_t1,FIXED_TWIN,5,2,1000,1558.77,0.0000,0.0000,1561.0,0.0,1.000,4096.0,0.000,0,0,4096000,1,0,1,0,1,1
3,final_right,f32,1024,glibc_t1,P5,5,3,1000,1680.89,0.0000,0.0000,1683.0,0.0,2.000,8192.0,0.000,0,0,4100096,2,0,0,0,1,1
3,final_right,f32,1024,glibc_t1,P7,6,0,1000,1577.39,0.0000,0.0000,1579.0,0.0,1.000,4096.0,0.000,0,0,4096000,1,0,1,0,1,1
3,final_right,f32,1024,glibc_t1,FIXED_TWIN,6,1,1000,1516.62,0.0000,0.0000,1519.0,0.0,1.000,4096.0,0.000,0,0,4096000,1,0,1,0,1,1
3,final_right,f32,1024,glibc_t1,P5,6,2,1000,1683.84,0.0000,0.0000,1685.0,0.0,2.000,8192.0,0.000,0,0,4100096,2,0,0,0,1,1
3,final_right,f32,1024,glibc_t1,P6,6,3,1000,1856.01,0.0000,0.0000,1860.0,0.0,1.000,4096.0,0.000,0,0,4096000,1,1,0,0,1,1
3,final_right,f32,1024,glibc_t1,FIXED_TWIN,7,0,1000,1541.93,0.0000,0.0000,1544.0,0.0,1.000,4096.0,0.000,0,0,4096000,1,0,1,0,1,1
3,final_right,f32,1024,glibc_t1,P5,7,1,1000,1669.34,0.0000,0.0000,1671.0,0.0,2.000,8192.0,0.000,0,0,4100096,2,0,0,0,1,1
3,final_right,f32,1024,glibc_t1,P6,7,2,1000,1689.18,0.0000,0.0000,1691.0,0.0,1.000,4096.0,0.000,0,0,4096000,1,1,0,0,1,1
3,final_right,f32,1024,glibc_t1,P7,7,3,1000,1501.58,0.0000,0.0000,1503.0,0.0,1.000,4096.0,0.000,0,0,4096000,1,0,1,0,1,1
3,final_right,f32,1024,glibc_t1,P5,8,0,1000,1688.84,0.0000,0.0000,1691.0,0.0,2.000,8192.0,0.000,0,0,4100096,2,0,0,0,1,1
3,final_right,f32,1024,glibc_t1,P6,8,1,1000,1704.82,0.0000,0.0000,1707.0,0.0,1.000,4096.0,0.000,0,0,4096000,1,1,0,0,1,1
3,final_right,f32,1024,glibc_t1,P7,8,2,1000,1837.33,0.0000,0.0000,1842.0,0.0,1.000,4096.0,0.000,0,0,4096000,1,0,1,0,1,1
3,final_right,f32,1024,glibc_t1,FIXED_TWIN,8,3,1000,1649.16,0.0000,0.0000,1653.0,0.0,1.000,4096.0,0.000,0,0,4096000,1,0,1,0,1,1
3,final_right,f32,1024,glibc_t1,P6,9,0,1000,2246.29,0.0000,0.0000,2250.0,0.0,1.000,4096.0,0.000,0,0,4096000,1,1,0,0,1,1
3,final_right,f32,1024,glibc_t1,P7,9,1,1000,1584.09,0.0000,0.0000,1588.0,0.0,1.000,4096.0,0.000,0,0,4096000,1,0,1,0,1,1
3,final_right,f32,1024,glibc_t1,FIXED_TWIN,9,2,1000,1517.51,0.0000,0.0000,1519.0,0.0,1.000,4096.0,0.000,0,0,4096000,1,0,1,0,1,1
3,final_right,f32,1024,glibc_t1,P5,9,3,1000,1676.91,0.0000,0.0000,1679.0,0.0,2.000,8192.0,0.000,0,0,4100096,2,0,0,0,1,1
3,final_right,f32,1024,glibc_t1,P7,10,0,1000,1514.66,0.0000,0.0000,1516.0,0.0,1.000,4096.0,0.000,0,0,4096000,1,0,1,0,1,1
3,final_right,f32,1024,glibc_t1,FIXED_TWIN,10,1,1000,1580.01,0.0000,0.0000,1583.0,0.0,1.000,4096.0,0.000,0,0,4096000,1,0,1,0,1,1
3,final_right,f32,1024,glibc_t1,P5,10,2,1000,1747.16,0.0000,0.0000,1750.0,0.0,2.000,8192.0,0.000,0,0,4100096,2,0,0,0,1,1
3,final_right,f32,1024,glibc_t1,P6,10,3,1000,1667.85,0.0000,0.0000,1670.0,0.0,1.000,4096.0,0.000,0,0,4096000,1,1,0,0,1,1
3,final_right,f32,1024,glibc_t1,FIXED_TWIN,11,0,1000,1543.15,0.0000,0.0000,1545.0,0.0,1.000,4096.0,0.000,0,0,4096000,1,0,1,0,1,1
3,final_right,f32,1024,glibc_t1,P5,11,1,1000,1700.17,0.0000,0.0000,1702.0,0.0,2.000,8192.0,0.000,0,0,4100096,2,0,0,0,1,1
3,final_right,f32,1024,glibc_t1,P6,11,2,1000,1655.83,0.0000,0.0000,1657.0,0.0,1.000,4096.0,0.000,0,0,4096000,1,1,0,0,1,1
3,final_right,f32,1024,glibc_t1,P7,11,3,1000,1528.89,0.0000,0.0000,1531.0,0.0,1.000,4096.0,0.000,0,0,4096000,1,0,1,0,1,1
3,final_right,f32,1024,glibc_t1,P5,12,0,1000,1727.17,0.0000,0.0000,1730.0,0.0,2.000,8192.0,0.000,0,0,4100096,2,0,0,0,1,1
3,final_right,f32,1024,glibc_t1,P6,12,1,1000,1686.47,0.0000,0.0000,1689.0,0.0,1.000,4096.0,0.000,0,0,4096000,1,1,0,0,1,1
3,final_right,f32,1024,glibc_t1,P7,12,2,1000,1552.36,0.0000,0.0000,1554.0,0.0,1.000,4096.0,0.000,0,0,4096000,1,0,1,0,1,1
3,final_right,f32,1024,glibc_t1,FIXED_TWIN,12,3,1000,1575.74,0.0000,0.0000,1531.0,0.0,1.000,4096.0,0.000,0,0,4096000,1,0,1,0,1,1
3,final_right,f32,1024,glibc_t1,P6,13,0,1000,1680.63,0.0000,0.0000,1683.0,0.0,1.000,4096.0,0.000,0,0,4096000,1,1,0,0,1,1
3,final_right,f32,1024,glibc_t1,P7,13,1,1000,1539.79,0.0000,0.0000,1543.0,0.0,1.000,4096.0,0.000,0,0,4096000,1,0,1,0,1,1
3,final_right,f32,1024,glibc_t1,FIXED_TWIN,13,2,1000,1548.76,0.0000,0.0000,1551.0,0.0,1.000,4096.0,0.000,0,0,4096000,1,0,1,0,1,1
3,final_right,f32,1024,glibc_t1,P5,13,3,1000,1672.26,0.0000,0.0000,1676.0,0.0,2.000,8192.0,0.000,0,0,4100096,2,0,0,0,1,1
3,final_right,f32,1024,glibc_t1,P7,14,0,1000,1606.26,0.0000,0.0000,1608.0,0.0,1.000,4096.0,0.000,0,0,4096000,1,0,1,0,1,1
3,final_right,f32,1024,glibc_t1,FIXED_TWIN,14,1,1000,1543.90,0.0000,0.0000,1545.0,0.0,1.000,4096.0,0.000,0,0,4096000,1,0,1,0,1,1
3,final_right,f32,1024,glibc_t1,P5,14,2,1000,1711.44,0.0000,0.0000,1714.0,0.0,2.000,8192.0,0.000,0,0,4100096,2,0,0,0,1,1
3,final_right,f32,1024,glibc_t1,P6,14,3,1000,1668.39,0.0000,0.0000,1671.0,0.0,1.000,4096.0,0.000,0,0,4096000,1,1,0,0,1,1
3,final_right,f32,4096,glibc_t1,P5,0,0,1,1667.00,0.0000,0.0000,3000.0,0.0,2.000,32768.0,0.000,0,0,32768,2,0,0,0,1,1
3,final_right,f32,4096,glibc_t1,P6,0,1,1,1350.00,0.0000,0.0000,2000.0,0.0,1.000,16384.0,0.000,0,0,16384,1,1,0,0,1,1
3,final_right,f32,4096,glibc_t1,P7,0,2,1,1220.00,0.0000,0.0000,1000.0,0.0,1.000,16384.0,0.000,0,0,16384,1,0,1,0,1,1
3,final_right,f32,4096,glibc_t1,FIXED_TWIN,0,3,1,1196.00,0.0000,0.0000,1000.0,0.0,1.000,16384.0,0.000,0,0,16384,1,0,1,0,1,1
3,final_right,f32,4096,glibc_t1,P6,1,0,1,1335.00,0.0000,0.0000,2000.0,0.0,1.000,16384.0,0.000,0,0,16384,1,1,0,0,1,1
3,final_right,f32,4096,glibc_t1,P7,1,1,1,1221.00,0.0000,0.0000,1000.0,0.0,1.000,16384.0,0.000,0,0,16384,1,0,1,0,1,1
3,final_right,f32,4096,glibc_t1,FIXED_TWIN,1,2,1,1187.00,0.0000,0.0000,1000.0,0.0,1.000,16384.0,0.000,0,0,16384,1,0,1,0,1,1
3,final_right,f32,4096,glibc_t1,P5,1,3,1,1545.00,0.0000,0.0000,2000.0,0.0,2.000,32768.0,0.000,0,0,32768,2,0,0,0,1,1
3,final_right,f32,4096,glibc_t1,P7,2,0,1,1196.00,0.0000,0.0000,2000.0,0.0,1.000,16384.0,0.000,0,0,16384,1,0,1,0,1,1
3,final_right,f32,4096,glibc_t1,FIXED_TWIN,2,1,1,1197.00,0.0000,0.0000,1000.0,0.0,1.000,16384.0,0.000,0,0,16384,1,0,1,0,1,1
3,final_right,f32,4096,glibc_t1,P5,2,2,1,1539.00,0.0000,0.0000,2000.0,0.0,2.000,32768.0,0.000,0,0,32768,2,0,0,0,1,1
3,final_right,f32,4096,glibc_t1,P6,2,3,1,1333.00,0.0000,0.0000,2000.0,0.0,1.000,16384.0,0.000,0,0,16384,1,1,0,0,1,1
3,final_right,f32,4096,glibc_t1,FIXED_TWIN,3,0,1,1214.00,0.0000,0.0000,2000.0,0.0,1.000,16384.0,0.000,0,0,16384,1,0,1,0,1,1
3,final_right,f32,4096,glibc_t1,P5,3,1,1,1518.00,0.0000,0.0000,2000.0,0.0,2.000,32768.0,0.000,0,0,32768,2,0,0,0,1,1
3,final_right,f32,4096,glibc_t1,P6,3,2,1,1318.00,0.0000,0.0000,2000.0,0.0,1.000,16384.0,0.000,0,0,16384,1,1,0,0,1,1
3,final_right,f32,4096,glibc_t1,P7,3,3,1,1214.00,0.0000,0.0000,2000.0,0.0,1.000,16384.0,0.000,0,0,16384,1,0,1,0,1,1
3,final_right,f32,4096,glibc_t1,P5,4,0,1,1523.00,0.0000,0.0000,2000.0,0.0,2.000,32768.0,0.000,0,0,32768,2,0,0,0,1,1
3,final_right,f32,4096,glibc_t1,P6,4,1,1,1315.00,0.0000,0.0000,2000.0,0.0,1.000,16384.0,0.000,0,0,16384,1,1,0,0,1,1
3,final_right,f32,4096,glibc_t1,P7,4,2,1,1228.00,0.0000,0.0000,2000.0,0.0,1.000,16384.0,0.000,0,0,16384,1,0,1,0,1,1
3,final_right,f32,4096,glibc_t1,FIXED_TWIN,4,3,1,1217.00,0.0000,0.0000,2000.0,0.0,1.000,16384.0,0.000,0,0,16384,1,0,1,0,1,1
3,final_right,f32,4096,glibc_t1,P6,5,0,1,1324.00,0.0000,0.0000,2000.0,0.0,1.000,16384.0,0.000,0,0,16384,1,1,0,0,1,1
3,final_right,f32,4096,glibc_t1,P7,5,1,1,1215.00,0.0000,0.0000,1000.0,0.0,1.000,16384.0,0.000,0,0,16384,1,0,1,0,1,1
3,final_right,f32,4096,glibc_t1,FIXED_TWIN,5,2,1,1206.00,0.0000,0.0000,2000.0,0.0,1.000,16384.0,0.000,0,0,16384,1,0,1,0,1,1
3,final_right,f32,4096,glibc_t1,P5,5,3,1,1514.00,0.0000,0.0000,2000.0,0.0,2.000,32768.0,0.000,0,0,32768,2,0,0,0,1,1
3,final_right,f32,4096,glibc_t1,P7,6,0,1,1190.00,0.0000,0.0000,2000.0,0.0,1.000,16384.0,0.000,0,0,16384,1,0,1,0,1,1
3,final_right,f32,4096,glibc_t1,FIXED_TWIN,6,1,1,1196.00,0.0000,0.0000,2000.0,0.0,1.000,16384.0,0.000,0,0,16384,1,0,1,0,1,1
3,final_right,f32,4096,glibc_t1,P5,6,2,1,1577.00,0.0000,0.0000,2000.0,0.0,2.000,32768.0,0.000,0,0,32768,2,0,0,0,1,1
3,final_right,f32,4096,glibc_t1,P6,6,3,1,1317.00,0.0000,0.0000,2000.0,0.0,1.000,16384.0,0.000,0,0,16384,1,1,0,0,1,1
3,final_right,f32,4096,glibc_t1,FIXED_TWIN,7,0,1,1222.00,0.0000,0.0000,2000.0,0.0,1.000,16384.0,0.000,0,0,16384,1,0,1,0,1,1
3,final_right,f32,4096,glibc_t1,P5,7,1,1,1535.00,0.0000,0.0000,2000.0,0.0,2.000,32768.0,0.000,0,0,32768,2,0,0,0,1,1
3,final_right,f32,4096,glibc_t1,P6,7,2,1,1369.00,0.0000,0.0000,2000.0,0.0,1.000,16384.0,0.000,0,0,16384,1,1,0,0,1,1
3,final_right,f32,4096,glibc_t1,P7,7,3,1,1268.00,0.0000,0.0000,2000.0,0.0,1.000,16384.0,0.000,0,0,16384,1,0,1,0,1,1
3,final_right,f32,4096,glibc_t1,P5,8,0,1,1535.00,0.0000,0.0000,2000.0,0.0,2.000,32768.0,0.000,0,0,32768,2,0,0,0,1,1
3,final_right,f32,4096,glibc_t1,P6,8,1,1,1332.00,0.0000,0.0000,1000.0,0.0,1.000,16384.0,0.000,0,0,16384,1,1,0,0,1,1
3,final_right,f32,4096,glibc_t1,P7,8,2,1,1218.00,0.0000,0.0000,1000.0,0.0,1.000,16384.0,0.000,0,0,16384,1,0,1,0,1,1
3,final_right,f32,4096,glibc_t1,FIXED_TWIN,8,3,1,1212.00,0.0000,0.0000,2000.0,0.0,1.000,16384.0,0.000,0,0,16384,1,0,1,0,1,1
3,final_right,f32,4096,glibc_t1,P6,9,0,1,1319.00,0.0000,0.0000,2000.0,0.0,1.000,16384.0,0.000,0,0,16384,1,1,0,0,1,1
3,final_right,f32,4096,glibc_t1,P7,9,1,1,1238.00,0.0000,0.0000,2000.0,0.0,1.000,16384.0,0.000,0,0,16384,1,0,1,0,1,1
3,final_right,f32,4096,glibc_t1,FIXED_TWIN,9,2,1,16060.00,0.0000,0.0000,16000.0,0.0,1.000,16384.0,0.000,0,0,16384,1,0,1,0,1,1
3,final_right,f32,4096,glibc_t1,P5,9,3,1,1715.00,0.0000,0.0000,2000.0,0.0,2.000,32768.0,0.000,0,0,32768,2,0,0,0,1,1
3,final_right,f32,4096,glibc_t1,P7,10,0,1,1274.00,0.0000,0.0000,2000.0,0.0,1.000,16384.0,0.000,0,0,16384,1,0,1,0,1,1
3,final_right,f32,4096,glibc_t1,FIXED_TWIN,10,1,1,1277.00,0.0000,0.0000,2000.0,0.0,1.000,16384.0,0.000,0,0,16384,1,0,1,0,1,1
3,final_right,f32,4096,glibc_t1,P5,10,2,1,1589.00,0.0000,0.0000,2000.0,0.0,2.000,32768.0,0.000,0,0,32768,2,0,0,0,1,1
3,final_right,f32,4096,glibc_t1,P6,10,3,1,1453.00,0.0000,0.0000,2000.0,0.0,1.000,16384.0,0.000,0,0,16384,1,1,0,0,1,1
3,final_right,f32,4096,glibc_t1,FIXED_TWIN,11,0,1,1224.00,0.0000,0.0000,1000.0,0.0,1.000,16384.0,0.000,0,0,16384,1,0,1,0,1,1
3,final_right,f32,4096,glibc_t1,P5,11,1,1,1531.00,0.0000,0.0000,2000.0,0.0,2.000,32768.0,0.000,0,0,32768,2,0,0,0,1,1
3,final_right,f32,4096,glibc_t1,P6,11,2,1,1390.00,0.0000,0.0000,2000.0,0.0,1.000,16384.0,0.000,0,0,16384,1,1,0,0,1,1
3,final_right,f32,4096,glibc_t1,P7,11,3,1,1218.00,0.0000,0.0000,2000.0,0.0,1.000,16384.0,0.000,0,0,16384,1,0,1,0,1,1
3,final_right,f32,4096,glibc_t1,P5,12,0,1,1535.00,0.0000,0.0000,2000.0,0.0,2.000,32768.0,0.000,0,0,32768,2,0,0,0,1,1
3,final_right,f32,4096,glibc_t1,P6,12,1,1,1329.00,0.0000,0.0000,2000.0,0.0,1.000,16384.0,0.000,0,0,16384,1,1,0,0,1,1
3,final_right,f32,4096,glibc_t1,P7,12,2,1,1230.00,0.0000,0.0000,2000.0,0.0,1.000,16384.0,0.000,0,0,16384,1,0,1,0,1,1
3,final_right,f32,4096,glibc_t1,FIXED_TWIN,12,3,1,1218.00,0.0000,0.0000,2000.0,0.0,1.000,16384.0,0.000,0,0,16384,1,0,1,0,1,1
3,final_right,f32,4096,glibc_t1,P6,13,0,1,1335.00,0.0000,0.0000,2000.0,0.0,1.000,16384.0,0.000,0,0,16384,1,1,0,0,1,1
3,final_right,f32,4096,glibc_t1,P7,13,1,1,1197.00,0.0000,0.0000,1000.0,0.0,1.000,16384.0,0.000,0,0,16384,1,0,1,0,1,1
3,final_right,f32,4096,glibc_t1,FIXED_TWIN,13,2,1,1189.00,0.0000,0.0000,2000.0,0.0,1.000,16384.0,0.000,0,0,16384,1,0,1,0,1,1
3,final_right,f32,4096,glibc_t1,P5,13,3,1,1533.00,0.0000,0.0000,2000.0,0.0,2.000,32768.0,0.000,0,0,32768,2,0,0,0,1,1
3,final_right,f32,4096,glibc_t1,P7,14,0,1,1203.00,0.0000,0.0000,2000.0,0.0,1.000,16384.0,0.000,0,0,16384,1,0,1,0,1,1
3,final_right,f32,4096,glibc_t1,FIXED_TWIN,14,1,1,1200.00,0.0000,0.0000,2000.0,0.0,1.000,16384.0,0.000,0,0,16384,1,0,1,0,1,1
3,final_right,f32,4096,glibc_t1,P5,14,2,1,1525.00,0.0000,0.0000,2000.0,0.0,2.000,32768.0,0.000,0,0,32768,2,0,0,0,1,1
3,final_right,f32,4096,glibc_t1,P6,14,3,1,1333.00,0.0000,0.0000,2000.0,0.0,1.000,16384.0,0.000,0,0,16384,1,1,0,0,1,1
3,final_right,f32,16384,glibc_t1,P5,0,0,1,4786.00,0.0000,0.0000,5000.0,0.0,2.000,131072.0,0.000,0,0,131072,2,0,0,0,1,1
3,final_right,f32,16384,glibc_t1,P6,0,1,1,4622.00,0.0000,0.0000,5000.0,0.0,1.000,65536.0,0.000,0,0,65536,1,1,0,0,1,1
3,final_right,f32,16384,glibc_t1,P7,0,2,1,3845.00,0.0000,0.0000,4000.0,0.0,1.000,65536.0,0.000,0,0,65536,1,0,1,0,1,1
3,final_right,f32,16384,glibc_t1,FIXED_TWIN,0,3,1,3775.00,0.0000,0.0000,5000.0,0.0,1.000,65536.0,0.000,0,0,65536,1,0,1,0,1,1
3,final_right,f32,16384,glibc_t1,P6,1,0,1,4567.00,0.0000,0.0000,5000.0,0.0,1.000,65536.0,0.000,0,0,65536,1,1,0,0,1,1
3,final_right,f32,16384,glibc_t1,P7,1,1,1,3800.00,0.0000,0.0000,4000.0,0.0,1.000,65536.0,0.000,0,0,65536,1,0,1,0,1,1
3,final_right,f32,16384,glibc_t1,FIXED_TWIN,1,2,1,3744.00,0.0000,0.0000,4000.0,0.0,1.000,65536.0,0.000,0,0,65536,1,0,1,0,1,1
3,final_right,f32,16384,glibc_t1,P5,1,3,1,4714.00,0.0000,0.0000,5000.0,0.0,2.000,131072.0,0.000,0,0,131072,2,0,0,0,1,1
3,final_right,f32,16384,glibc_t1,P7,2,0,1,4119.00,0.0000,0.0000,5000.0,0.0,1.000,65536.0,0.000,0,0,65536,1,0,1,0,1,1
3,final_right,f32,16384,glibc_t1,FIXED_TWIN,2,1,1,3868.00,0.0000,0.0000,5000.0,0.0,1.000,65536.0,0.000,0,0,65536,1,0,1,0,1,1
3,final_right,f32,16384,glibc_t1,P5,2,2,1,4739.00,0.0000,0.0000,5000.0,0.0,2.000,131072.0,0.000,0,0,131072,2,0,0,0,1,1
3,final_right,f32,16384,glibc_t1,P6,2,3,1,4614.00,0.0000,0.0000,5000.0,0.0,1.000,65536.0,0.000,0,0,65536,1,1,0,0,1,1
3,final_right,f32,16384,glibc_t1,FIXED_TWIN,3,0,1,3798.00,0.0000,0.0000,4000.0,0.0,1.000,65536.0,0.000,0,0,65536,1,0,1,0,1,1
3,final_right,f32,16384,glibc_t1,P5,3,1,1,4718.00,0.0000,0.0000,6000.0,0.0,2.000,131072.0,0.000,0,0,131072,2,0,0,0,1,1
3,final_right,f32,16384,glibc_t1,P6,3,2,1,4705.00,0.0000,0.0000,6000.0,0.0,1.000,65536.0,0.000,0,0,65536,1,1,0,0,1,1
3,final_right,f32,16384,glibc_t1,P7,3,3,1,3927.00,0.0000,0.0000,4000.0,0.0,1.000,65536.0,0.000,0,0,65536,1,0,1,0,1,1
3,final_right,f32,16384,glibc_t1,P5,4,0,1,4762.00,0.0000,0.0000,6000.0,0.0,2.000,131072.0,0.000,0,0,131072,2,0,0,0,1,1
3,final_right,f32,16384,glibc_t1,P6,4,1,1,4726.00,0.0000,0.0000,5000.0,0.0,1.000,65536.0,0.000,0,0,65536,1,1,0,0,1,1
3,final_right,f32,16384,glibc_t1,P7,4,2,1,3895.00,0.0000,0.0000,5000.0,0.0,1.000,65536.0,0.000,0,0,65536,1,0,1,0,1,1
3,final_right,f32,16384,glibc_t1,FIXED_TWIN,4,3,1,3819.00,0.0000,0.0000,5000.0,0.0,1.000,65536.0,0.000,0,0,65536,1,0,1,0,1,1
3,final_right,f32,16384,glibc_t1,P6,5,0,1,4587.00,0.0000,0.0000,5000.0,0.0,1.000,65536.0,0.000,0,0,65536,1,1,0,0,1,1
3,final_right,f32,16384,glibc_t1,P7,5,1,1,3781.00,0.0000,0.0000,4000.0,0.0,1.000,65536.0,0.000,0,0,65536,1,0,1,0,1,1
3,final_right,f32,16384,glibc_t1,FIXED_TWIN,5,2,1,3774.00,0.0000,0.0000,4000.0,0.0,1.000,65536.0,0.000,0,0,65536,1,0,1,0,1,1
3,final_right,f32,16384,glibc_t1,P5,5,3,1,4729.00,0.0000,0.0000,5000.0,0.0,2.000,131072.0,0.000,0,0,131072,2,0,0,0,1,1
3,final_right,f32,16384,glibc_t1,P7,6,0,1,3811.00,0.0000,0.0000,4000.0,0.0,1.000,65536.0,0.000,0,0,65536,1,0,1,0,1,1
3,final_right,f32,16384,glibc_t1,FIXED_TWIN,6,1,1,3742.00,0.0000,0.0000,4000.0,0.0,1.000,65536.0,0.000,0,0,65536,1,0,1,0,1,1
3,final_right,f32,16384,glibc_t1,P5,6,2,1,4730.00,0.0000,0.0000,5000.0,0.0,2.000,131072.0,0.000,0,0,131072,2,0,0,0,1,1
3,final_right,f32,16384,glibc_t1,P6,6,3,1,4635.00,0.0000,0.0000,6000.0,0.0,1.000,65536.0,0.000,0,0,65536,1,1,0,0,1,1
3,final_right,f32,16384,glibc_t1,FIXED_TWIN,7,0,1,3781.00,0.0000,0.0000,4000.0,0.0,1.000,65536.0,0.000,0,0,65536,1,0,1,0,1,1
3,final_right,f32,16384,glibc_t1,P5,7,1,1,4686.00,0.0000,0.0000,5000.0,0.0,2.000,131072.0,0.000,0,0,131072,2,0,0,0,1,1
3,final_right,f32,16384,glibc_t1,P6,7,2,1,4591.00,0.0000,0.0000,5000.0,0.0,1.000,65536.0,0.000,0,0,65536,1,1,0,0,1,1
3,final_right,f32,16384,glibc_t1,P7,7,3,1,3791.00,0.0000,0.0000,4000.0,0.0,1.000,65536.0,0.000,0,0,65536,1,0,1,0,1,1
3,final_right,f32,16384,glibc_t1,P5,8,0,1,4626.00,0.0000,0.0000,5000.0,0.0,2.000,131072.0,0.000,0,0,131072,2,0,0,0,1,1
3,final_right,f32,16384,glibc_t1,P6,8,1,1,4630.00,0.0000,0.0000,5000.0,0.0,1.000,65536.0,0.000,0,0,65536,1,1,0,0,1,1
3,final_right,f32,16384,glibc_t1,P7,8,2,1,3787.00,0.0000,0.0000,5000.0,0.0,1.000,65536.0,0.000,0,0,65536,1,0,1,0,1,1
3,final_right,f32,16384,glibc_t1,FIXED_TWIN,8,3,1,3762.00,0.0000,0.0000,5000.0,0.0,1.000,65536.0,0.000,0,0,65536,1,0,1,0,1,1
3,final_right,f32,16384,glibc_t1,P6,9,0,1,4584.00,0.0000,0.0000,5000.0,0.0,1.000,65536.0,0.000,0,0,65536,1,1,0,0,1,1
3,final_right,f32,16384,glibc_t1,P7,9,1,1,3752.00,0.0000,0.0000,4000.0,0.0,1.000,65536.0,0.000,0,0,65536,1,0,1,0,1,1
3,final_right,f32,16384,glibc_t1,FIXED_TWIN,9,2,1,3768.00,0.0000,0.0000,5000.0,0.0,1.000,65536.0,0.000,0,0,65536,1,0,1,0,1,1
3,final_right,f32,16384,glibc_t1,P5,9,3,1,5039.00,0.0000,0.0000,5000.0,0.0,2.000,131072.0,0.000,0,0,131072,2,0,0,0,1,1
3,final_right,f32,16384,glibc_t1,P7,10,0,1,3815.00,0.0000,0.0000,4000.0,0.0,1.000,65536.0,0.000,0,0,65536,1,0,1,0,1,1
3,final_right,f32,16384,glibc_t1,FIXED_TWIN,10,1,1,3732.00,0.0000,0.0000,4000.0,0.0,1.000,65536.0,0.000,0,0,65536,1,0,1,0,1,1
3,final_right,f32,16384,glibc_t1,P5,10,2,1,4878.00,0.0000,0.0000,5000.0,0.0,2.000,131072.0,0.000,0,0,131072,2,0,0,0,1,1
3,final_right,f32,16384,glibc_t1,P6,10,3,1,4690.00,0.0000,0.0000,5000.0,0.0,1.000,65536.0,0.000,0,0,65536,1,1,0,0,1,1
3,final_right,f32,16384,glibc_t1,FIXED_TWIN,11,0,1,3937.00,0.0000,0.0000,5000.0,0.0,1.000,65536.0,0.000,0,0,65536,1,0,1,0,1,1
3,final_right,f32,16384,glibc_t1,P5,11,1,1,4687.00,0.0000,0.0000,5000.0,0.0,2.000,131072.0,0.000,0,0,131072,2,0,0,0,1,1
3,final_right,f32,16384,glibc_t1,P6,11,2,1,4650.00,0.0000,0.0000,5000.0,0.0,1.000,65536.0,0.000,0,0,65536,1,1,0,0,1,1
3,final_right,f32,16384,glibc_t1,P7,11,3,1,3852.00,0.0000,0.0000,4000.0,0.0,1.000,65536.0,0.000,0,0,65536,1,0,1,0,1,1
3,final_right,f32,16384,glibc_t1,P5,12,0,1,4749.00,0.0000,0.0000,5000.0,0.0,2.000,131072.0,0.000,0,0,131072,2,0,0,0,1,1
3,final_right,f32,16384,glibc_t1,P6,12,1,1,4559.00,0.0000,0.0000,5000.0,0.0,1.000,65536.0,0.000,0,0,65536,1,1,0,0,1,1
3,final_right,f32,16384,glibc_t1,P7,12,2,1,4305.00,0.0000,0.0000,5000.0,0.0,1.000,65536.0,0.000,0,0,65536,1,0,1,0,1,1
3,final_right,f32,16384,glibc_t1,FIXED_TWIN,12,3,1,4262.00,0.0000,0.0000,5000.0,0.0,1.000,65536.0,0.000,0,0,65536,1,0,1,0,1,1
3,final_right,f32,16384,glibc_t1,P6,13,0,1,4693.00,0.0000,0.0000,5000.0,0.0,1.000,65536.0,0.000,0,0,65536,1,1,0,0,1,1
3,final_right,f32,16384,glibc_t1,P7,13,1,1,3783.00,0.0000,0.0000,5000.0,0.0,1.000,65536.0,0.000,0,0,65536,1,0,1,0,1,1
3,final_right,f32,16384,glibc_t1,FIXED_TWIN,13,2,1,3773.00,0.0000,0.0000,5000.0,0.0,1.000,65536.0,0.000,0,0,65536,1,0,1,0,1,1
3,final_right,f32,16384,glibc_t1,P5,13,3,1,4892.00,0.0000,0.0000,6000.0,0.0,2.000,131072.0,0.000,0,0,131072,2,0,0,0,1,1
3,final_right,f32,16384,glibc_t1,P7,14,0,1,3817.00,0.0000,0.0000,4000.0,0.0,1.000,65536.0,0.000,0,0,65536,1,0,1,0,1,1
3,final_right,f32,16384,glibc_t1,FIXED_TWIN,14,1,1,3729.00,0.0000,0.0000,5000.0,0.0,1.000,65536.0,0.000,0,0,65536,1,0,1,0,1,1
3,final_right,f32,16384,glibc_t1,P5,14,2,1,4717.00,0.0000,0.0000,5000.0,0.0,2.000,131072.0,0.000,0,0,131072,2,0,0,0,1,1
3,final_right,f32,16384,glibc_t1,P6,14,3,1,4625.00,0.0000,0.0000,5000.0,0.0,1.000,65536.0,0.000,0,0,65536,1,1,0,0,1,1
3,final_right,f32,65536,glibc_t1,P5,0,0,1,18302.00,0.0000,0.0000,19000.0,0.0,2.000,524288.0,0.000,0,0,524288,2,0,0,0,1,1
3,final_right,f32,65536,glibc_t1,P6,0,1,1,20455.00,0.0000,0.0000,22000.0,0.0,1.000,262144.0,0.000,0,0,262144,1,1,0,0,1,1
3,final_right,f32,65536,glibc_t1,P7,0,2,1,16675.00,0.0000,0.0000,17000.0,0.0,1.000,262144.0,0.000,0,0,262144,1,0,1,0,1,1
3,final_right,f32,65536,glibc_t1,FIXED_TWIN,0,3,1,16641.00,0.0000,0.0000,17000.0,0.0,1.000,262144.0,0.000,0,0,262144,1,0,1,0,1,1
3,final_right,f32,65536,glibc_t1,P6,1,0,1,19473.00,0.0000,0.0000,20000.0,0.0,1.000,262144.0,0.000,0,0,262144,1,1,0,0,1,1
3,final_right,f32,65536,glibc_t1,P7,1,1,1,16627.00,0.0000,0.0000,17000.0,0.0,1.000,262144.0,0.000,0,0,262144,1,0,1,0,1,1
3,final_right,f32,65536,glibc_t1,FIXED_TWIN,1,2,1,16559.00,0.0000,0.0000,17000.0,0.0,1.000,262144.0,0.000,0,0,262144,1,0,1,0,1,1
3,final_right,f32,65536,glibc_t1,P5,1,3,1,19440.00,0.0000,0.0000,21000.0,0.0,2.000,524288.0,0.000,0,0,524288,2,0,0,0,1,1
3,final_right,f32,65536,glibc_t1,P7,2,0,1,16712.00,0.0000,0.0000,17000.0,0.0,1.000,262144.0,0.000,0,0,262144,1,0,1,0,1,1
3,final_right,f32,65536,glibc_t1,FIXED_TWIN,2,1,1,16649.00,0.0000,0.0000,17000.0,0.0,1.000,262144.0,0.000,0,0,262144,1,0,1,0,1,1
3,final_right,f32,65536,glibc_t1,P5,2,2,1,23623.00,0.0000,0.0000,24000.0,0.0,2.000,524288.0,0.000,0,0,524288,2,0,0,0,1,1
3,final_right,f32,65536,glibc_t1,P6,2,3,1,19519.00,0.0000,0.0000,20000.0,0.0,1.000,262144.0,0.000,0,0,262144,1,1,0,0,1,1
3,final_right,f32,65536,glibc_t1,FIXED_TWIN,3,0,1,16740.00,0.0000,0.0000,17000.0,0.0,1.000,262144.0,0.000,0,0,262144,1,0,1,0,1,1
3,final_right,f32,65536,glibc_t1,P5,3,1,1,18584.00,0.0000,0.0000,19000.0,0.0,2.000,524288.0,0.000,0,0,524288,2,0,0,0,1,1
3,final_right,f32,65536,glibc_t1,P6,3,2,1,20205.00,0.0000,0.0000,21000.0,0.0,1.000,262144.0,0.000,0,0,262144,1,1,0,0,1,1
3,final_right,f32,65536,glibc_t1,P7,3,3,1,16556.00,0.0000,0.0000,18000.0,0.0,1.000,262144.0,0.000,0,0,262144,1,0,1,0,1,1
3,final_right,f32,65536,glibc_t1,P5,4,0,1,18533.00,0.0000,0.0000,19000.0,0.0,2.000,524288.0,0.000,0,0,524288,2,0,0,0,1,1
3,final_right,f32,65536,glibc_t1,P6,4,1,1,19476.00,0.0000,0.0000,20000.0,0.0,1.000,262144.0,0.000,0,0,262144,1,1,0,0,1,1
3,final_right,f32,65536,glibc_t1,P7,4,2,1,16876.00,0.0000,0.0000,17000.0,0.0,1.000,262144.0,0.000,0,0,262144,1,0,1,0,1,1
3,final_right,f32,65536,glibc_t1,FIXED_TWIN,4,3,1,16674.00,0.0000,0.0000,17000.0,0.0,1.000,262144.0,0.000,0,0,262144,1,0,1,0,1,1
3,final_right,f32,65536,glibc_t1,P6,5,0,1,19466.00,0.0000,0.0000,20000.0,0.0,1.000,262144.0,0.000,0,0,262144,1,1,0,0,1,1
3,final_right,f32,65536,glibc_t1,P7,5,1,1,17912.00,0.0000,0.0000,18000.0,0.0,1.000,262144.0,0.000,0,0,262144,1,0,1,0,1,1
3,final_right,f32,65536,glibc_t1,FIXED_TWIN,5,2,1,16668.00,0.0000,0.0000,17000.0,0.0,1.000,262144.0,0.000,0,0,262144,1,0,1,0,1,1
3,final_right,f32,65536,glibc_t1,P5,5,3,1,33460.00,0.0000,0.0000,35000.0,0.0,2.000,524288.0,0.000,0,0,524288,2,0,0,0,1,1
3,final_right,f32,65536,glibc_t1,P7,6,0,1,16723.00,0.0000,0.0000,17000.0,0.0,1.000,262144.0,0.000,0,0,262144,1,0,1,0,1,1
3,final_right,f32,65536,glibc_t1,FIXED_TWIN,6,1,1,16658.00,0.0000,0.0000,17000.0,0.0,1.000,262144.0,0.000,0,0,262144,1,0,1,0,1,1
3,final_right,f32,65536,glibc_t1,P5,6,2,1,18719.00,0.0000,0.0000,19000.0,0.0,2.000,524288.0,0.000,0,0,524288,2,0,0,0,1,1
3,final_right,f32,65536,glibc_t1,P6,6,3,1,19549.00,0.0000,0.0000,20000.0,0.0,1.000,262144.0,0.000,0,0,262144,1,1,0,0,1,1
3,final_right,f32,65536,glibc_t1,FIXED_TWIN,7,0,1,17281.00,0.0000,0.0000,17000.0,0.0,1.000,262144.0,0.000,0,0,262144,1,0,1,0,1,1
3,final_right,f32,65536,glibc_t1,P5,7,1,1,18564.00,0.0000,0.0000,19000.0,0.0,2.000,524288.0,0.000,0,0,524288,2,0,0,0,1,1
3,final_right,f32,65536,glibc_t1,P6,7,2,1,19374.00,0.0000,0.0000,20000.0,0.0,1.000,262144.0,0.000,0,0,262144,1,1,0,0,1,1
3,final_right,f32,65536,glibc_t1,P7,7,3,1,33045.00,0.0000,0.0000,33000.0,0.0,1.000,262144.0,0.000,0,0,262144,1,0,1,0,1,1
3,final_right,f32,65536,glibc_t1,P5,8,0,1,19087.00,0.0000,0.0000,19000.0,0.0,2.000,524288.0,0.000,0,0,524288,2,0,0,0,1,1
3,final_right,f32,65536,glibc_t1,P6,8,1,1,19482.00,0.0000,0.0000,20000.0,0.0,1.000,262144.0,0.000,0,0,262144,1,1,0,0,1,1
3,final_right,f32,65536,glibc_t1,P7,8,2,1,16699.00,0.0000,0.0000,17000.0,0.0,1.000,262144.0,0.000,0,0,262144,1,0,1,0,1,1
3,final_right,f32,65536,glibc_t1,FIXED_TWIN,8,3,1,16598.00,0.0000,0.0000,17000.0,0.0,1.000,262144.0,0.000,0,0,262144,1,0,1,0,1,1
3,final_right,f32,65536,glibc_t1,P6,9,0,1,19731.00,0.0000,0.0000,20000.0,0.0,1.000,262144.0,0.000,0,0,262144,1,1,0,0,1,1
3,final_right,f32,65536,glibc_t1,P7,9,1,1,16743.00,0.0000,0.0000,17000.0,0.0,1.000,262144.0,0.000,0,0,262144,1,0,1,0,1,1
3,final_right,f32,65536,glibc_t1,FIXED_TWIN,9,2,1,16797.00,0.0000,0.0000,18000.0,0.0,1.000,262144.0,0.000,0,0,262144,1,0,1,0,1,1
3,final_right,f32,65536,glibc_t1,P5,9,3,1,18563.00,0.0000,0.0000,19000.0,0.0,2.000,524288.0,0.000,0,0,524288,2,0,0,0,1,1
3,final_right,f32,65536,glibc_t1,P7,10,0,1,16724.00,0.0000,0.0000,18000.0,0.0,1.000,262144.0,0.000,0,0,262144,1,0,1,0,1,1
3,final_right,f32,65536,glibc_t1,FIXED_TWIN,10,1,1,16601.00,0.0000,0.0000,17000.0,0.0,1.000,262144.0,0.000,0,0,262144,1,0,1,0,1,1
3,final_right,f32,65536,glibc_t1,P5,10,2,1,18573.00,0.0000,0.0000,19000.0,0.0,2.000,524288.0,0.000,0,0,524288,2,0,0,0,1,1
3,final_right,f32,65536,glibc_t1,P6,10,3,1,19431.00,0.0000,0.0000,20000.0,0.0,1.000,262144.0,0.000,0,0,262144,1,1,0,0,1,1
3,final_right,f32,65536,glibc_t1,FIXED_TWIN,11,0,1,16705.00,0.0000,0.0000,17000.0,0.0,1.000,262144.0,0.000,0,0,262144,1,0,1,0,1,1
3,final_right,f32,65536,glibc_t1,P5,11,1,1,18447.00,0.0000,0.0000,19000.0,0.0,2.000,524288.0,0.000,0,0,524288,2,0,0,0,1,1
3,final_right,f32,65536,glibc_t1,P6,11,2,1,19720.00,0.0000,0.0000,21000.0,0.0,1.000,262144.0,0.000,0,0,262144,1,1,0,0,1,1
3,final_right,f32,65536,glibc_t1,P7,11,3,1,16588.00,0.0000,0.0000,17000.0,0.0,1.000,262144.0,0.000,0,0,262144,1,0,1,0,1,1
3,final_right,f32,65536,glibc_t1,P5,12,0,1,45886.00,0.0000,0.0000,47000.0,0.0,2.000,524288.0,0.000,0,0,524288,2,0,0,0,1,1
3,final_right,f32,65536,glibc_t1,P6,12,1,1,20566.00,0.0000,0.0000,22000.0,0.0,1.000,262144.0,0.000,0,0,262144,1,1,0,0,1,1
3,final_right,f32,65536,glibc_t1,P7,12,2,1,16690.00,0.0000,0.0000,17000.0,0.0,1.000,262144.0,0.000,0,0,262144,1,0,1,0,1,1
3,final_right,f32,65536,glibc_t1,FIXED_TWIN,12,3,1,16620.00,0.0000,0.0000,17000.0,0.0,1.000,262144.0,0.000,0,0,262144,1,0,1,0,1,1
3,final_right,f32,65536,glibc_t1,P6,13,0,1,19429.00,0.0000,0.0000,19000.0,0.0,1.000,262144.0,0.000,0,0,262144,1,1,0,0,1,1
3,final_right,f32,65536,glibc_t1,P7,13,1,1,16577.00,0.0000,0.0000,17000.0,0.0,1.000,262144.0,0.000,0,0,262144,1,0,1,0,1,1
3,final_right,f32,65536,glibc_t1,FIXED_TWIN,13,2,1,21385.00,0.0000,0.0000,22000.0,0.0,1.000,262144.0,0.000,0,0,262144,1,0,1,0,1,1
3,final_right,f32,65536,glibc_t1,P5,13,3,1,18758.00,0.0000,0.0000,20000.0,0.0,2.000,524288.0,0.000,0,0,524288,2,0,0,0,1,1
3,final_right,f32,65536,glibc_t1,P7,14,0,1,16767.00,0.0000,0.0000,17000.0,0.0,1.000,262144.0,0.000,0,0,262144,1,0,1,0,1,1
3,final_right,f32,65536,glibc_t1,FIXED_TWIN,14,1,1,16967.00,0.0000,0.0000,17000.0,0.0,1.000,262144.0,0.000,0,0,262144,1,0,1,0,1,1
3,final_right,f32,65536,glibc_t1,P5,14,2,1,18634.00,0.0000,0.0000,19000.0,0.0,2.000,524288.0,0.000,0,0,524288,2,0,0,0,1,1
3,final_right,f32,65536,glibc_t1,P6,14,3,1,20677.00,0.0000,0.0000,21000.0,0.0,1.000,262144.0,0.000,0,0,262144,1,1,0,0,1,1
3,final_right,f32,262144,glibc_t1,P5,0,0,1,220838.00,0.0000,0.0000,224000.0,0.0,2.000,2097152.0,0.000,0,0,2097152,2,0,0,0,1,1
3,final_right,f32,262144,glibc_t1,P6,0,1,1,177157.00,0.0000,0.0000,180000.0,0.0,1.000,1048576.0,0.000,0,0,1048576,1,1,0,0,1,1
3,final_right,f32,262144,glibc_t1,P7,0,2,1,150869.00,0.0000,0.0000,153000.0,0.0,1.000,1048576.0,0.000,0,0,1048576,1,0,1,0,1,1
3,final_right,f32,262144,glibc_t1,FIXED_TWIN,0,3,1,169744.00,0.0000,0.0000,171000.0,0.0,1.000,1048576.0,0.000,0,0,1048576,1,0,1,0,1,1
3,final_right,f32,262144,glibc_t1,P6,1,0,1,176956.00,0.0000,0.0000,179000.0,0.0,1.000,1048576.0,0.000,0,0,1048576,1,1,0,0,1,1
3,final_right,f32,262144,glibc_t1,P7,1,1,1,149147.00,0.0000,0.0000,151000.0,0.0,1.000,1048576.0,0.000,0,0,1048576,1,0,1,0,1,1
3,final_right,f32,262144,glibc_t1,FIXED_TWIN,1,2,1,156422.00,0.0000,0.0000,158000.0,0.0,1.000,1048576.0,0.000,0,0,1048576,1,0,1,0,1,1
3,final_right,f32,262144,glibc_t1,P5,1,3,1,241403.00,0.0000,0.0000,243000.0,0.0,2.000,2097152.0,0.000,0,0,2097152,2,0,0,0,1,1
3,final_right,f32,262144,glibc_t1,P7,2,0,1,151162.00,0.0000,0.0000,152000.0,0.0,1.000,1048576.0,0.000,0,0,1048576,1,0,1,0,1,1
3,final_right,f32,262144,glibc_t1,FIXED_TWIN,2,1,1,150280.00,0.0000,0.0000,152000.0,0.0,1.000,1048576.0,0.000,0,0,1048576,1,0,1,0,1,1
3,final_right,f32,262144,glibc_t1,P5,2,2,1,227761.00,0.0000,0.0000,230000.0,0.0,2.000,2097152.0,0.000,0,0,2097152,2,0,0,0,1,1
3,final_right,f32,262144,glibc_t1,P6,2,3,1,196657.00,0.0000,0.0000,199000.0,0.0,1.000,1048576.0,0.000,0,0,1048576,1,1,0,0,1,1
3,final_right,f32,262144,glibc_t1,FIXED_TWIN,3,0,1,150397.00,0.0000,0.0000,152000.0,0.0,1.000,1048576.0,0.000,0,0,1048576,1,0,1,0,1,1
3,final_right,f32,262144,glibc_t1,P5,3,1,1,220720.00,0.0000,0.0000,223000.0,0.0,2.000,2097152.0,0.000,0,0,2097152,2,0,0,0,1,1
3,final_right,f32,262144,glibc_t1,P6,3,2,1,176343.00,0.0000,0.0000,178000.0,0.0,1.000,1048576.0,0.000,0,0,1048576,1,1,0,0,1,1
3,final_right,f32,262144,glibc_t1,P7,3,3,1,169265.00,0.0000,0.0000,171000.0,0.0,1.000,1048576.0,0.000,0,0,1048576,1,0,1,0,1,1
3,final_right,f32,262144,glibc_t1,P5,4,0,1,220486.00,0.0000,0.0000,223000.0,0.0,2.000,2097152.0,0.000,0,0,2097152,2,0,0,0,1,1
3,final_right,f32,262144,glibc_t1,P6,4,1,1,177890.00,0.0000,0.0000,179000.0,0.0,1.000,1048576.0,0.000,0,0,1048576,1,1,0,0,1,1
3,final_right,f32,262144,glibc_t1,P7,4,2,1,149996.00,0.0000,0.0000,152000.0,0.0,1.000,1048576.0,0.000,0,0,1048576,1,0,1,0,1,1
3,final_right,f32,262144,glibc_t1,FIXED_TWIN,4,3,1,168539.00,0.0000,0.0000,170000.0,0.0,1.000,1048576.0,0.000,0,0,1048576,1,0,1,0,1,1
3,final_right,f32,262144,glibc_t1,P6,5,0,1,174609.00,0.0000,0.0000,176000.0,0.0,1.000,1048576.0,0.000,0,0,1048576,1,1,0,0,1,1
3,final_right,f32,262144,glibc_t1,P7,5,1,1,149973.00,0.0000,0.0000,152000.0,0.0,1.000,1048576.0,0.000,0,0,1048576,1,0,1,0,1,1
3,final_right,f32,262144,glibc_t1,FIXED_TWIN,5,2,1,154285.00,0.0000,0.0000,156000.0,0.0,1.000,1048576.0,0.000,0,0,1048576,1,0,1,0,1,1
3,final_right,f32,262144,glibc_t1,P5,5,3,1,243622.00,0.0000,0.0000,245000.0,0.0,2.000,2097152.0,0.000,0,0,2097152,2,0,0,0,1,1
3,final_right,f32,262144,glibc_t1,P7,6,0,1,149830.00,0.0000,0.0000,152000.0,0.0,1.000,1048576.0,0.000,0,0,1048576,1,0,1,0,1,1
3,final_right,f32,262144,glibc_t1,FIXED_TWIN,6,1,1,149313.00,0.0000,0.0000,151000.0,0.0,1.000,1048576.0,0.000,0,0,1048576,1,0,1,0,1,1
3,final_right,f32,262144,glibc_t1,P5,6,2,1,255494.00,0.0000,0.0000,257000.0,0.0,2.000,2097152.0,0.000,0,0,2097152,2,0,0,0,1,1
3,final_right,f32,262144,glibc_t1,P6,6,3,1,198190.00,0.0000,0.0000,200000.0,0.0,1.000,1048576.0,0.000,0,0,1048576,1,1,0,0,1,1
3,final_right,f32,262144,glibc_t1,FIXED_TWIN,7,0,1,150377.00,0.0000,0.0000,152000.0,0.0,1.000,1048576.0,0.000,0,0,1048576,1,0,1,0,1,1
3,final_right,f32,262144,glibc_t1,P5,7,1,1,224864.00,0.0000,0.0000,228000.0,0.0,2.000,2097152.0,0.000,0,0,2097152,2,0,0,0,1,1
3,final_right,f32,262144,glibc_t1,P6,7,2,1,176760.00,0.0000,0.0000,179000.0,0.0,1.000,1048576.0,0.000,0,0,1048576,1,1,0,0,1,1
3,final_right,f32,262144,glibc_t1,P7,7,3,1,168506.00,0.0000,0.0000,170000.0,0.0,1.000,1048576.0,0.000,0,0,1048576,1,0,1,0,1,1
3,final_right,f32,262144,glibc_t1,P5,8,0,1,220482.00,0.0000,0.0000,223000.0,0.0,2.000,2097152.0,0.000,0,0,2097152,2,0,0,0,1,1
3,final_right,f32,262144,glibc_t1,P6,8,1,1,175424.00,0.0000,0.0000,178000.0,0.0,1.000,1048576.0,0.000,0,0,1048576,1,1,0,0,1,1
3,final_right,f32,262144,glibc_t1,P7,8,2,1,149725.00,0.0000,0.0000,152000.0,0.0,1.000,1048576.0,0.000,0,0,1048576,1,0,1,0,1,1
3,final_right,f32,262144,glibc_t1,FIXED_TWIN,8,3,1,169545.00,0.0000,0.0000,171000.0,0.0,1.000,1048576.0,0.000,0,0,1048576,1,0,1,0,1,1
3,final_right,f32,262144,glibc_t1,P6,9,0,1,174247.00,0.0000,0.0000,176000.0,0.0,1.000,1048576.0,0.000,0,0,1048576,1,1,0,0,1,1
3,final_right,f32,262144,glibc_t1,P7,9,1,1,148025.00,0.0000,0.0000,149000.0,0.0,1.000,1048576.0,0.000,0,0,1048576,1,0,1,0,1,1
3,final_right,f32,262144,glibc_t1,FIXED_TWIN,9,2,1,155679.00,0.0000,0.0000,158000.0,0.0,1.000,1048576.0,0.000,0,0,1048576,1,0,1,0,1,1
3,final_right,f32,262144,glibc_t1,P5,9,3,1,242023.00,0.0000,0.0000,245000.0,0.0,2.000,2097152.0,0.000,0,0,2097152,2,0,0,0,1,1
3,final_right,f32,262144,glibc_t1,P7,10,0,1,154579.00,0.0000,0.0000,157000.0,0.0,1.000,1048576.0,0.000,0,0,1048576,1,0,1,0,1,1
3,final_right,f32,262144,glibc_t1,FIXED_TWIN,10,1,1,153944.00,0.0000,0.0000,156000.0,0.0,1.000,1048576.0,0.000,0,0,1048576,1,0,1,0,1,1
3,final_right,f32,262144,glibc_t1,P5,10,2,1,254223.00,0.0000,0.0000,256000.0,0.0,2.000,2097152.0,0.000,0,0,2097152,2,0,0,0,1,1
3,final_right,f32,262144,glibc_t1,P6,10,3,1,201916.00,0.0000,0.0000,204000.0,0.0,1.000,1048576.0,0.000,0,0,1048576,1,1,0,0,1,1
3,final_right,f32,262144,glibc_t1,FIXED_TWIN,11,0,1,156089.00,0.0000,0.0000,158000.0,0.0,1.000,1048576.0,0.000,0,0,1048576,1,0,1,0,1,1
3,final_right,f32,262144,glibc_t1,P5,11,1,1,227259.00,0.0000,0.0000,229000.0,0.0,2.000,2097152.0,0.000,0,0,2097152,2,0,0,0,1,1
3,final_right,f32,262144,glibc_t1,P6,11,2,1,182192.00,0.0000,0.0000,184000.0,0.0,1.000,1048576.0,0.000,0,0,1048576,1,1,0,0,1,1
3,final_right,f32,262144,glibc_t1,P7,11,3,1,173721.00,0.0000,0.0000,176000.0,0.0,1.000,1048576.0,0.000,0,0,1048576,1,0,1,0,1,1
3,final_right,f32,262144,glibc_t1,P5,12,0,1,218921.00,0.0000,0.0000,221000.0,0.0,2.000,2097152.0,0.000,0,0,2097152,2,0,0,0,1,1
3,final_right,f32,262144,glibc_t1,P6,12,1,1,176520.00,0.0000,0.0000,179000.0,0.0,1.000,1048576.0,0.000,0,0,1048576,1,1,0,0,1,1
3,final_right,f32,262144,glibc_t1,P7,12,2,1,150334.00,0.0000,0.0000,152000.0,0.0,1.000,1048576.0,0.000,0,0,1048576,1,0,1,0,1,1
3,final_right,f32,262144,glibc_t1,FIXED_TWIN,12,3,1,174006.00,0.0000,0.0000,175000.0,0.0,1.000,1048576.0,0.000,0,0,1048576,1,0,1,0,1,1
3,final_right,f32,262144,glibc_t1,P6,13,0,1,174565.00,0.0000,0.0000,176000.0,0.0,1.000,1048576.0,0.000,0,0,1048576,1,1,0,0,1,1
3,final_right,f32,262144,glibc_t1,P7,13,1,1,149954.00,0.0000,0.0000,151000.0,0.0,1.000,1048576.0,0.000,0,0,1048576,1,0,1,0,1,1
3,final_right,f32,262144,glibc_t1,FIXED_TWIN,13,2,1,149995.00,0.0000,0.0000,157000.0,0.0,1.000,1048576.0,0.000,0,0,1048576,1,0,1,0,1,1
3,final_right,f32,262144,glibc_t1,P5,13,3,1,241853.00,0.0000,0.0000,244000.0,0.0,2.000,2097152.0,0.000,0,0,2097152,2,0,0,0,1,1
3,final_right,f32,262144,glibc_t1,P7,14,0,1,148656.00,0.0000,0.0000,150000.0,0.0,1.000,1048576.0,0.000,0,0,1048576,1,0,1,0,1,1
3,final_right,f32,262144,glibc_t1,FIXED_TWIN,14,1,1,150951.00,0.0000,0.0000,152000.0,0.0,1.000,1048576.0,0.000,0,0,1048576,1,0,1,0,1,1
3,final_right,f32,262144,glibc_t1,P5,14,2,1,252379.00,0.0000,0.0000,254000.0,0.0,2.000,2097152.0,0.000,0,0,2097152,2,0,0,0,1,1
3,final_right,f32,262144,glibc_t1,P6,14,3,1,195882.00,0.0000,0.0000,198000.0,0.0,1.000,1048576.0,0.000,0,0,1048576,1,1,0,0,1,1
3,final_right,f32,1048576,glibc_t1,P5,0,0,1,989996.00,0.0000,0.0000,995000.0,0.0,2.000,8388608.0,0.000,0,0,8388608,2,0,0,0,1,1
3,final_right,f32,1048576,glibc_t1,P6,0,1,1,805308.00,0.0000,0.0000,809000.0,0.0,1.000,4194304.0,0.000,0,0,4194304,1,1,0,0,1,1
3,final_right,f32,1048576,glibc_t1,P7,0,2,1,639510.00,0.0000,0.0000,643000.0,0.0,1.000,4194304.0,0.000,0,0,4194304,1,0,1,0,1,1
3,final_right,f32,1048576,glibc_t1,FIXED_TWIN,0,3,1,638423.00,0.0000,0.0000,641000.0,0.0,1.000,4194304.0,0.000,0,0,4194304,1,0,1,0,1,1
3,final_right,f32,1048576,glibc_t1,P6,1,0,1,830871.00,0.0000,0.0000,834000.0,0.0,1.000,4194304.0,0.000,0,0,4194304,1,1,0,0,1,1
3,final_right,f32,1048576,glibc_t1,P7,1,1,1,636764.00,0.0000,0.0000,640000.0,0.0,1.000,4194304.0,0.000,0,0,4194304,1,0,1,0,1,1
3,final_right,f32,1048576,glibc_t1,FIXED_TWIN,1,2,1,631652.00,0.0000,0.0000,635000.0,0.0,1.000,4194304.0,0.000,0,0,4194304,1,0,1,0,1,1
3,final_right,f32,1048576,glibc_t1,P5,1,3,1,1003435.00,0.0000,0.0000,1006000.0,0.0,2.000,8388608.0,0.000,0,0,8388608,2,0,0,0,1,1
3,final_right,f32,1048576,glibc_t1,P7,2,0,1,668807.00,0.0000,0.0000,672000.0,0.0,1.000,4194304.0,0.000,0,0,4194304,1,0,1,0,1,1
3,final_right,f32,1048576,glibc_t1,FIXED_TWIN,2,1,1,638345.00,0.0000,0.0000,641000.0,0.0,1.000,4194304.0,0.000,0,0,4194304,1,0,1,0,1,1
3,final_right,f32,1048576,glibc_t1,P5,2,2,1,949352.00,0.0000,0.0000,953000.0,0.0,2.000,8388608.0,0.000,0,0,8388608,2,0,0,0,1,1
3,final_right,f32,1048576,glibc_t1,P6,2,3,1,808816.00,0.0000,0.0000,812000.0,0.0,1.000,4194304.0,0.000,0,0,4194304,1,1,0,0,1,1
3,final_right,f32,1048576,glibc_t1,FIXED_TWIN,3,0,1,679539.00,0.0000,0.0000,683000.0,0.0,1.000,4194304.0,0.000,0,0,4194304,1,0,1,0,1,1
3,final_right,f32,1048576,glibc_t1,P5,3,1,1,949939.00,0.0000,0.0000,953000.0,0.0,2.000,8388608.0,0.000,0,0,8388608,2,0,0,0,1,1
3,final_right,f32,1048576,glibc_t1,P6,3,2,1,822064.00,0.0000,0.0000,826000.0,0.0,1.000,4194304.0,0.000,0,0,4194304,1,1,0,0,1,1
3,final_right,f32,1048576,glibc_t1,P7,3,3,1,613277.00,0.0000,0.0000,616000.0,0.0,1.000,4194304.0,0.000,0,0,4194304,1,0,1,0,1,1
3,final_right,f32,1048576,glibc_t1,P5,4,0,1,951462.00,0.0000,0.0000,955000.0,0.0,2.000,8388608.0,0.000,0,0,8388608,2,0,0,0,1,1
3,final_right,f32,1048576,glibc_t1,P6,4,1,1,841435.00,0.0000,0.0000,844000.0,0.0,1.000,4194304.0,0.000,0,0,4194304,1,1,0,0,1,1
3,final_right,f32,1048576,glibc_t1,P7,4,2,1,639541.00,0.0000,0.0000,643000.0,0.0,1.000,4194304.0,0.000,0,0,4194304,1,0,1,0,1,1
3,final_right,f32,1048576,glibc_t1,FIXED_TWIN,4,3,1,639730.00,0.0000,0.0000,643000.0,0.0,1.000,4194304.0,0.000,0,0,4194304,1,0,1,0,1,1
3,final_right,f32,1048576,glibc_t1,P6,5,0,1,810191.00,0.0000,0.0000,813000.0,0.0,1.000,4194304.0,0.000,0,0,4194304,1,1,0,0,1,1
3,final_right,f32,1048576,glibc_t1,P7,5,1,1,681530.00,0.0000,0.0000,685000.0,0.0,1.000,4194304.0,0.000,0,0,4194304,1,0,1,0,1,1
3,final_right,f32,1048576,glibc_t1,FIXED_TWIN,5,2,1,640854.00,0.0000,0.0000,644000.0,0.0,1.000,4194304.0,0.000,0,0,4194304,1,0,1,0,1,1
3,final_right,f32,1048576,glibc_t1,P5,5,3,1,1108741.00,0.0000,0.0000,1112000.0,0.0,2.000,8388608.0,0.000,0,0,8388608,2,0,0,0,1,1
3,final_right,f32,1048576,glibc_t1,P7,6,0,1,638463.00,0.0000,0.0000,642000.0,0.0,1.000,4194304.0,0.000,0,0,4194304,1,0,1,0,1,1
3,final_right,f32,1048576,glibc_t1,FIXED_TWIN,6,1,1,673701.00,0.0000,0.0000,677000.0,0.0,1.000,4194304.0,0.000,0,0,4194304,1,0,1,0,1,1
3,final_right,f32,1048576,glibc_t1,P5,6,2,1,975310.00,0.0000,0.0000,979000.0,0.0,2.000,8388608.0,0.000,0,0,8388608,2,0,0,0,1,1
3,final_right,f32,1048576,glibc_t1,P6,6,3,1,816325.00,0.0000,0.0000,820000.0,0.0,1.000,4194304.0,0.000,0,0,4194304,1,1,0,0,1,1
3,final_right,f32,1048576,glibc_t1,FIXED_TWIN,7,0,1,612466.00,0.0000,0.0000,616000.0,0.0,1.000,4194304.0,0.000,0,0,4194304,1,0,1,0,1,1
3,final_right,f32,1048576,glibc_t1,P5,7,1,1,946541.00,0.0000,0.0000,949000.0,0.0,2.000,8388608.0,0.000,0,0,8388608,2,0,0,0,1,1
3,final_right,f32,1048576,glibc_t1,P6,7,2,1,832477.00,0.0000,0.0000,835000.0,0.0,1.000,4194304.0,0.000,0,0,4194304,1,1,0,0,1,1
3,final_right,f32,1048576,glibc_t1,P7,7,3,1,706451.00,0.0000,0.0000,711000.0,0.0,1.000,4194304.0,0.000,0,0,4194304,1,0,1,0,1,1
3,final_right,f32,1048576,glibc_t1,P5,8,0,1,965134.00,0.0000,0.0000,969000.0,0.0,2.000,8388608.0,0.000,0,0,8388608,2,0,0,0,1,1
3,final_right,f32,1048576,glibc_t1,P6,8,1,1,869246.00,0.0000,0.0000,873000.0,0.0,1.000,4194304.0,0.000,0,0,4194304,1,1,0,0,1,1
3,final_right,f32,1048576,glibc_t1,P7,8,2,1,641863.00,0.0000,0.0000,645000.0,0.0,1.000,4194304.0,0.000,0,0,4194304,1,0,1,0,1,1
3,final_right,f32,1048576,glibc_t1,FIXED_TWIN,8,3,1,613345.00,0.0000,0.0000,618000.0,0.0,1.000,4194304.0,0.000,0,0,4194304,1,0,1,0,1,1
3,final_right,f32,1048576,glibc_t1,P6,9,0,1,812590.00,0.0000,0.0000,816000.0,0.0,1.000,4194304.0,0.000,0,0,4194304,1,1,0,0,1,1
3,final_right,f32,1048576,glibc_t1,P7,9,1,1,639702.00,0.0000,0.0000,643000.0,0.0,1.000,4194304.0,0.000,0,0,4194304,1,0,1,0,1,1
3,final_right,f32,1048576,glibc_t1,FIXED_TWIN,9,2,1,642219.00,0.0000,0.0000,646000.0,0.0,1.000,4194304.0,0.000,0,0,4194304,1,0,1,0,1,1
3,final_right,f32,1048576,glibc_t1,P5,9,3,1,1145050.00,0.0000,0.0000,1148000.0,0.0,2.000,8388608.0,0.000,0,0,8388608,2,0,0,0,1,1
3,final_right,f32,1048576,glibc_t1,P7,10,0,1,659156.00,0.0000,0.0000,663000.0,0.0,1.000,4194304.0,0.000,0,0,4194304,1,0,1,0,1,1
3,final_right,f32,1048576,glibc_t1,FIXED_TWIN,10,1,1,653136.00,0.0000,0.0000,657000.0,0.0,1.000,4194304.0,0.000,0,0,4194304,1,0,1,0,1,1
3,final_right,f32,1048576,glibc_t1,P5,10,2,1,1002906.00,0.0000,0.0000,1007000.0,0.0,2.000,8388608.0,0.000,0,0,8388608,2,0,0,0,1,1
3,final_right,f32,1048576,glibc_t1,P6,10,3,1,891682.00,0.0000,0.0000,895000.0,0.0,1.000,4194304.0,0.000,0,0,4194304,1,1,0,0,1,1
3,final_right,f32,1048576,glibc_t1,FIXED_TWIN,11,0,1,693459.00,0.0000,0.0000,698000.0,0.0,1.000,4194304.0,0.000,0,0,4194304,1,0,1,0,1,1
3,final_right,f32,1048576,glibc_t1,P5,11,1,1,1011324.00,0.0000,0.0000,1015000.0,0.0,2.000,8388608.0,0.000,0,0,8388608,2,0,0,0,1,1
3,final_right,f32,1048576,glibc_t1,P6,11,2,1,835749.00,0.0000,0.0000,840000.0,0.0,1.000,4194304.0,0.000,0,0,4194304,1,1,0,0,1,1
3,final_right,f32,1048576,glibc_t1,P7,11,3,1,656514.00,0.0000,0.0000,661000.0,0.0,1.000,4194304.0,0.000,0,0,4194304,1,0,1,0,1,1
3,final_right,f32,1048576,glibc_t1,P5,12,0,1,999394.00,0.0000,0.0000,1002000.0,0.0,2.000,8388608.0,0.000,0,0,8388608,2,0,0,0,1,1
3,final_right,f32,1048576,glibc_t1,P6,12,1,1,874191.00,0.0000,0.0000,878000.0,0.0,1.000,4194304.0,0.000,0,0,4194304,1,1,0,0,1,1
3,final_right,f32,1048576,glibc_t1,P7,12,2,1,659935.00,0.0000,0.0000,664000.0,0.0,1.000,4194304.0,0.000,0,0,4194304,1,0,1,0,1,1
3,final_right,f32,1048576,glibc_t1,FIXED_TWIN,12,3,1,664876.00,0.0000,0.0000,668000.0,0.0,1.000,4194304.0,0.000,0,0,4194304,1,0,1,0,1,1
3,final_right,f32,1048576,glibc_t1,P6,13,0,1,837090.00,0.0000,0.0000,841000.0,0.0,1.000,4194304.0,0.000,0,0,4194304,1,1,0,0,1,1
3,final_right,f32,1048576,glibc_t1,P7,13,1,1,708309.00,0.0000,0.0000,711000.0,0.0,1.000,4194304.0,0.000,0,0,4194304,1,0,1,0,1,1
3,final_right,f32,1048576,glibc_t1,FIXED_TWIN,13,2,1,651887.00,0.0000,0.0000,656000.0,0.0,1.000,4194304.0,0.000,0,0,4194304,1,0,1,0,1,1
3,final_right,f32,1048576,glibc_t1,P5,13,3,1,1091258.00,0.0000,0.0000,1095000.0,0.0,2.000,8388608.0,0.000,0,0,8388608,2,0,0,0,1,1
3,final_right,f32,1048576,glibc_t1,P7,14,0,1,628983.00,0.0000,0.0000,633000.0,0.0,1.000,4194304.0,0.000,0,0,4194304,1,0,1,0,1,1
3,final_right,f32,1048576,glibc_t1,FIXED_TWIN,14,1,1,665977.00,0.0000,0.0000,669000.0,0.0,1.000,4194304.0,0.000,0,0,4194304,1,0,1,0,1,1
3,final_right,f32,1048576,glibc_t1,P5,14,2,1,1052731.00,0.0000,0.0000,1058000.0,0.0,2.000,8388608.0,0.000,0,0,8388608,2,0,0,0,1,1
3,final_right,f32,1048576,glibc_t1,P6,14,3,1,828832.00,0.0000,0.0000,833000.0,0.0,1.000,4194304.0,0.000,0,0,4194304,1,1,0,0,1,1
3,final_right,f32,4194304,glibc_t1,P5,0,0,1,5534663.00,0.0000,0.0000,5541000.0,0.0,2.000,33554432.0,0.000,0,0,33554432,2,0,0,0,1,1
3,final_right,f32,4194304,glibc_t1,P6,0,1,1,4214803.00,0.0000,0.0000,4116000.0,0.0,1.000,16777216.0,0.000,0,0,16777216,1,1,0,0,1,1
3,final_right,f32,4194304,glibc_t1,P7,0,2,1,3135775.00,0.0000,0.0000,3139000.0,0.0,1.000,16777216.0,0.000,0,0,16777216,1,0,1,0,1,1
3,final_right,f32,4194304,glibc_t1,FIXED_TWIN,0,3,1,2950281.00,0.0000,0.0000,2953000.0,0.0,1.000,16777216.0,0.000,0,0,16777216,1,0,1,0,1,1
3,final_right,f32,4194304,glibc_t1,P6,1,0,1,3664214.00,0.0000,0.0000,3667000.0,0.0,1.000,16777216.0,0.000,0,0,16777216,1,1,0,0,1,1
3,final_right,f32,4194304,glibc_t1,P7,1,1,1,2928998.00,0.0000,0.0000,2932000.0,0.0,1.000,16777216.0,0.000,0,0,16777216,1,0,1,0,1,1
3,final_right,f32,4194304,glibc_t1,FIXED_TWIN,1,2,1,2988939.00,0.0000,0.0000,2993000.0,0.0,1.000,16777216.0,0.000,0,0,16777216,1,0,1,0,1,1
3,final_right,f32,4194304,glibc_t1,P5,1,3,1,5380653.00,0.0000,0.0000,5384000.0,0.0,2.000,33554432.0,0.000,0,0,33554432,2,0,0,0,1,1
3,final_right,f32,4194304,glibc_t1,P7,2,0,1,3013076.00,0.0000,0.0000,3016000.0,0.0,1.000,16777216.0,0.000,0,0,16777216,1,0,1,0,1,1
3,final_right,f32,4194304,glibc_t1,FIXED_TWIN,2,1,1,2790646.00,0.0000,0.0000,2793000.0,0.0,1.000,16777216.0,0.000,0,0,16777216,1,0,1,0,1,1
3,final_right,f32,4194304,glibc_t1,P5,2,2,1,4991043.00,0.0000,0.0000,4995000.0,0.0,2.000,33554432.0,0.000,0,0,33554432,2,0,0,0,1,1
3,final_right,f32,4194304,glibc_t1,P6,2,3,1,3806074.00,0.0000,0.0000,3810000.0,0.0,1.000,16777216.0,0.000,0,0,16777216,1,1,0,0,1,1
3,final_right,f32,4194304,glibc_t1,FIXED_TWIN,3,0,1,3016722.00,0.0000,0.0000,3021000.0,0.0,1.000,16777216.0,0.000,0,0,16777216,1,0,1,0,1,1
3,final_right,f32,4194304,glibc_t1,P5,3,1,1,5075080.00,0.0000,0.0000,5078000.0,0.0,2.000,33554432.0,0.000,0,0,33554432,2,0,0,0,1,1
3,final_right,f32,4194304,glibc_t1,P6,3,2,1,4401610.00,0.0000,0.0000,4405000.0,0.0,1.000,16777216.0,0.000,0,0,16777216,1,1,0,0,1,1
3,final_right,f32,4194304,glibc_t1,P7,3,3,1,3404645.00,0.0000,0.0000,3408000.0,0.0,1.000,16777216.0,0.000,0,0,16777216,1,0,1,0,1,1
3,final_right,f32,4194304,glibc_t1,P5,4,0,1,5391634.00,0.0000,0.0000,5395000.0,0.0,2.000,33554432.0,0.000,0,0,33554432,2,0,0,0,1,1
3,final_right,f32,4194304,glibc_t1,P6,4,1,1,4064161.00,0.0000,0.0000,4068000.0,0.0,1.000,16777216.0,0.000,0,0,16777216,1,1,0,0,1,1
3,final_right,f32,4194304,glibc_t1,P7,4,2,1,3033188.00,0.0000,0.0000,3037000.0,0.0,1.000,16777216.0,0.000,0,0,16777216,1,0,1,0,1,1
3,final_right,f32,4194304,glibc_t1,FIXED_TWIN,4,3,1,2935274.00,0.0000,0.0000,2939000.0,0.0,1.000,16777216.0,0.000,0,0,16777216,1,0,1,0,1,1
3,final_right,f32,4194304,glibc_t1,P6,5,0,1,3696051.00,0.0000,0.0000,3699000.0,0.0,1.000,16777216.0,0.000,0,0,16777216,1,1,0,0,1,1
3,final_right,f32,4194304,glibc_t1,P7,5,1,1,2926365.00,0.0000,0.0000,2929000.0,0.0,1.000,16777216.0,0.000,0,0,16777216,1,0,1,0,1,1
3,final_right,f32,4194304,glibc_t1,FIXED_TWIN,5,2,1,2843213.00,0.0000,0.0000,2846000.0,0.0,1.000,16777216.0,0.000,0,0,16777216,1,0,1,0,1,1
3,final_right,f32,4194304,glibc_t1,P5,5,3,1,5250045.00,0.0000,0.0000,5253000.0,0.0,2.000,33554432.0,0.000,0,0,33554432,2,0,0,0,1,1
3,final_right,f32,4194304,glibc_t1,P7,6,0,1,2969044.00,0.0000,0.0000,2972000.0,0.0,1.000,16777216.0,0.000,0,0,16777216,1,0,1,0,1,1
3,final_right,f32,4194304,glibc_t1,FIXED_TWIN,6,1,1,2900681.00,0.0000,0.0000,2904000.0,0.0,1.000,16777216.0,0.000,0,0,16777216,1,0,1,0,1,1
3,final_right,f32,4194304,glibc_t1,P5,6,2,1,5295053.00,0.0000,0.0000,5298000.0,0.0,2.000,33554432.0,0.000,0,0,33554432,2,0,0,0,1,1
3,final_right,f32,4194304,glibc_t1,P6,6,3,1,4126124.00,0.0000,0.0000,4129000.0,0.0,1.000,16777216.0,0.000,0,0,16777216,1,1,0,0,1,1
3,final_right,f32,4194304,glibc_t1,FIXED_TWIN,7,0,1,3112550.00,0.0000,0.0000,3118000.0,0.0,1.000,16777216.0,0.000,0,0,16777216,1,0,1,0,1,1
3,final_right,f32,4194304,glibc_t1,P5,7,1,1,9476944.00,0.0000,0.0000,9481000.0,0.0,2.000,33554432.0,0.000,0,0,33554432,2,0,0,0,1,1
3,final_right,f32,4194304,glibc_t1,P6,7,2,1,7966386.00,0.0000,0.0000,7971000.0,0.0,1.000,16777216.0,0.000,0,0,16777216,1,1,0,0,1,1
3,final_right,f32,4194304,glibc_t1,P7,7,3,1,6477307.00,0.0000,0.0000,6481000.0,0.0,1.000,16777216.0,0.000,0,0,16777216,1,0,1,0,1,1
3,final_right,f32,4194304,glibc_t1,P5,8,0,1,9807187.00,0.0000,0.0000,9811000.0,0.0,2.000,33554432.0,0.000,0,0,33554432,2,0,0,0,1,1
3,final_right,f32,4194304,glibc_t1,P6,8,1,1,5115730.00,0.0000,0.0000,5099000.0,0.0,1.000,16777216.0,0.000,0,0,16777216,1,1,0,0,1,1
3,final_right,f32,4194304,glibc_t1,P7,8,2,1,3983924.00,0.0000,0.0000,3988000.0,0.0,1.000,16777216.0,0.000,0,0,16777216,1,0,1,0,1,1
3,final_right,f32,4194304,glibc_t1,FIXED_TWIN,8,3,1,3665286.00,0.0000,0.0000,3669000.0,0.0,1.000,16777216.0,0.000,0,0,16777216,1,0,1,0,1,1
3,final_right,f32,4194304,glibc_t1,P6,9,0,1,4191492.00,0.0000,0.0000,4195000.0,0.0,1.000,16777216.0,0.000,0,0,16777216,1,1,0,0,1,1
3,final_right,f32,4194304,glibc_t1,P7,9,1,1,3166974.00,0.0000,0.0000,3170000.0,0.0,1.000,16777216.0,0.000,0,0,16777216,1,0,1,0,1,1
3,final_right,f32,4194304,glibc_t1,FIXED_TWIN,9,2,1,2984482.00,0.0000,0.0000,2988000.0,0.0,1.000,16777216.0,0.000,0,0,16777216,1,0,1,0,1,1
3,final_right,f32,4194304,glibc_t1,P5,9,3,1,5322453.00,0.0000,0.0000,5327000.0,0.0,2.000,33554432.0,0.000,0,0,33554432,2,0,0,0,1,1
3,final_right,f32,4194304,glibc_t1,P7,10,0,1,2952527.00,0.0000,0.0000,2955000.0,0.0,1.000,16777216.0,0.000,0,0,16777216,1,0,1,0,1,1
3,final_right,f32,4194304,glibc_t1,FIXED_TWIN,10,1,1,2956655.00,0.0000,0.0000,2960000.0,0.0,1.000,16777216.0,0.000,0,0,16777216,1,0,1,0,1,1
3,final_right,f32,4194304,glibc_t1,P5,10,2,1,5130906.00,0.0000,0.0000,5134000.0,0.0,2.000,33554432.0,0.000,0,0,33554432,2,0,0,0,1,1
3,final_right,f32,4194304,glibc_t1,P6,10,3,1,3881111.00,0.0000,0.0000,3885000.0,0.0,1.000,16777216.0,0.000,0,0,16777216,1,1,0,0,1,1
3,final_right,f32,4194304,glibc_t1,FIXED_TWIN,11,0,1,3101821.00,0.0000,0.0000,3105000.0,0.0,1.000,16777216.0,0.000,0,0,16777216,1,0,1,0,1,1
3,final_right,f32,4194304,glibc_t1,P5,11,1,1,5403529.00,0.0000,0.0000,5407000.0,0.0,2.000,33554432.0,0.000,0,0,33554432,2,0,0,0,1,1
3,final_right,f32,4194304,glibc_t1,P6,11,2,1,4237590.00,0.0000,0.0000,4241000.0,0.0,1.000,16777216.0,0.000,0,0,16777216,1,1,0,0,1,1
3,final_right,f32,4194304,glibc_t1,P7,11,3,1,3386375.00,0.0000,0.0000,3389000.0,0.0,1.000,16777216.0,0.000,0,0,16777216,1,0,1,0,1,1
3,final_right,f32,4194304,glibc_t1,P5,12,0,1,5663819.00,0.0000,0.0000,5667000.0,0.0,2.000,33554432.0,0.000,0,0,33554432,2,0,0,0,1,1
3,final_right,f32,4194304,glibc_t1,P6,12,1,1,4511480.00,0.0000,0.0000,4516000.0,0.0,1.000,16777216.0,0.000,0,0,16777216,1,1,0,0,1,1
3,final_right,f32,4194304,glibc_t1,P7,12,2,1,3327182.00,0.0000,0.0000,3331000.0,0.0,1.000,16777216.0,0.000,0,0,16777216,1,0,1,0,1,1
3,final_right,f32,4194304,glibc_t1,FIXED_TWIN,12,3,1,3106948.00,0.0000,0.0000,3111000.0,0.0,1.000,16777216.0,0.000,0,0,16777216,1,0,1,0,1,1
3,final_right,f32,4194304,glibc_t1,P6,13,0,1,3842850.00,0.0000,0.0000,3847000.0,0.0,1.000,16777216.0,0.000,0,0,16777216,1,1,0,0,1,1
3,final_right,f32,4194304,glibc_t1,P7,13,1,1,2955444.00,0.0000,0.0000,2958000.0,0.0,1.000,16777216.0,0.000,0,0,16777216,1,0,1,0,1,1
3,final_right,f32,4194304,glibc_t1,FIXED_TWIN,13,2,1,2867210.00,0.0000,0.0000,2870000.0,0.0,1.000,16777216.0,0.000,0,0,16777216,1,0,1,0,1,1
3,final_right,f32,4194304,glibc_t1,P5,13,3,1,5858372.00,0.0000,0.0000,5862000.0,0.0,2.000,33554432.0,0.000,0,0,33554432,2,0,0,0,1,1
3,final_right,f32,4194304,glibc_t1,P7,14,0,1,3445521.00,0.0000,0.0000,3450000.0,0.0,1.000,16777216.0,0.000,0,0,16777216,1,0,1,0,1,1
3,final_right,f32,4194304,glibc_t1,FIXED_TWIN,14,1,1,3263882.00,0.0000,0.0000,3267000.0,0.0,1.000,16777216.0,0.000,0,0,16777216,1,0,1,0,1,1
3,final_right,f32,4194304,glibc_t1,P5,14,2,1,5300166.00,0.0000,0.0000,5303000.0,0.0,2.000,33554432.0,0.000,0,0,33554432,2,0,0,0,1,1
3,final_right,f32,4194304,glibc_t1,P6,14,3,1,3973393.00,0.0000,0.0000,3977000.0,0.0,1.000,16777216.0,0.000,0,0,16777216,1,1,0,0,1,1
3,final_right,f32,16777216,glibc_t1,P5,0,0,1,96656007.00,32770.0000,0.0000,36314000.0,60346000.0,2.000,134217728.0,0.000,0,0,134217728,2,0,0,0,1,1
3,final_right,f32,16777216,glibc_t1,P6,0,1,1,49886291.00,16385.0000,0.0000,26999000.0,22895000.0,1.000,67108864.0,0.000,0,0,67108864,1,1,0,0,1,1
3,final_right,f32,16777216,glibc_t1,P7,0,2,1,49554080.00,16385.0000,0.0000,28742000.0,20784000.0,1.000,67108864.0,0.000,0,0,67108864,1,0,1,0,1,1
3,final_right,f32,16777216,glibc_t1,FIXED_TWIN,0,3,1,47949549.00,16385.0000,0.0000,15980000.0,31939000.0,1.000,67108864.0,0.000,0,0,67108864,1,0,1,0,1,1
3,final_right,f32,16777216,glibc_t1,P6,1,0,1,51010280.00,16385.0000,0.0000,27534000.0,23486000.0,1.000,67108864.0,0.000,0,0,67108864,1,1,0,0,1,1
3,final_right,f32,16777216,glibc_t1,P7,1,1,1,47694510.00,16385.0000,0.0000,23852000.0,23838000.0,1.000,67108864.0,0.000,0,0,67108864,1,0,1,0,1,1
3,final_right,f32,16777216,glibc_t1,FIXED_TWIN,1,2,1,48576100.00,16385.0000,0.0000,10376000.0,38206000.0,1.000,67108864.0,0.000,0,0,67108864,1,0,1,0,1,1
3,final_right,f32,16777216,glibc_t1,P5,1,3,1,78388625.00,32770.0000,0.0000,25139000.0,53255000.0,2.000,134217728.0,0.000,0,0,134217728,2,0,0,0,1,1
3,final_right,f32,16777216,glibc_t1,P7,2,0,1,44067111.00,16385.0000,0.0000,12035000.0,32037000.0,1.000,67108864.0,0.000,0,0,67108864,1,0,1,0,1,1
3,final_right,f32,16777216,glibc_t1,FIXED_TWIN,2,1,1,44335439.00,16385.0000,0.0000,20163000.0,24179000.0,1.000,67108864.0,0.000,0,0,67108864,1,0,1,0,1,1
3,final_right,f32,16777216,glibc_t1,P5,2,2,1,75706855.00,32770.0000,0.0000,33764000.0,41947000.0,2.000,134217728.0,0.000,0,0,134217728,2,0,0,0,1,1
3,final_right,f32,16777216,glibc_t1,P6,2,3,1,49004732.00,16385.0000,0.0000,28480000.0,20531000.0,1.000,67108864.0,0.000,0,0,67108864,1,1,0,0,1,1
3,final_right,f32,16777216,glibc_t1,FIXED_TWIN,3,0,1,41840067.00,16385.0000,0.0000,16866000.0,24955000.0,1.000,67108864.0,0.000,0,0,67108864,1,0,1,0,1,1
3,final_right,f32,16777216,glibc_t1,P5,3,1,1,76669308.00,32770.0000,0.0000,36321000.0,40354000.0,2.000,134217728.0,0.000,0,0,134217728,2,0,0,0,1,1
3,final_right,f32,16777216,glibc_t1,P6,3,2,1,49996402.00,16385.0000,0.0000,31050000.0,18954000.0,1.000,67108864.0,0.000,0,0,67108864,1,1,0,0,1,1
3,final_right,f32,16777216,glibc_t1,P7,3,3,1,42064031.00,16385.0000,0.0000,23047000.0,18988000.0,1.000,67108864.0,0.000,0,0,67108864,1,0,1,0,1,1
3,final_right,f32,16777216,glibc_t1,P5,4,0,1,77616360.00,32770.0000,0.0000,24773000.0,52810000.0,2.000,134217728.0,0.000,0,0,134217728,2,0,0,0,1,1
3,final_right,f32,16777216,glibc_t1,P6,4,1,1,49602836.00,16385.0000,0.0000,24766000.0,24843000.0,1.000,67108864.0,0.000,0,0,67108864,1,1,0,0,1,1
3,final_right,f32,16777216,glibc_t1,P7,4,2,1,43244569.00,16385.0000,0.0000,15643000.0,27607000.0,1.000,67108864.0,0.000,0,0,67108864,1,0,1,0,1,1
3,final_right,f32,16777216,glibc_t1,FIXED_TWIN,4,3,1,47154261.00,16385.0000,0.0000,15594000.0,31552000.0,1.000,67108864.0,0.000,0,0,67108864,1,0,1,0,1,1
3,final_right,f32,16777216,glibc_t1,P6,5,0,1,49246345.00,16385.0000,0.0000,24596000.0,24656000.0,1.000,67108864.0,0.000,0,0,67108864,1,1,0,0,1,1
3,final_right,f32,16777216,glibc_t1,P7,5,1,1,41702903.00,16385.0000,0.0000,26907000.0,14802000.0,1.000,67108864.0,0.000,0,0,67108864,1,0,1,0,1,1
3,final_right,f32,16777216,glibc_t1,FIXED_TWIN,5,2,1,41408428.00,16385.0000,0.0000,12674000.0,28705000.0,1.000,67108864.0,0.000,0,0,67108864,1,0,1,0,1,1
3,final_right,f32,16777216,glibc_t1,P5,5,3,1,76221905.00,32770.0000,0.0000,28109000.0,48118000.0,2.000,134217728.0,0.000,0,0,134217728,2,0,0,0,1,1
3,final_right,f32,16777216,glibc_t1,P7,6,0,1,41411148.00,16385.0000,0.0000,22768000.0,18647000.0,1.000,67108864.0,0.000,0,0,67108864,1,0,1,0,1,1
3,final_right,f32,16777216,glibc_t1,FIXED_TWIN,6,1,1,41278320.00,16385.0000,0.0000,6706000.0,34576000.0,1.000,67108864.0,0.000,0,0,67108864,1,0,1,0,1,1
3,final_right,f32,16777216,glibc_t1,P5,6,2,1,75348124.00,32770.0000,0.0000,15694000.0,59623000.0,2.000,134217728.0,0.000,0,0,134217728,2,0,0,0,1,1
3,final_right,f32,16777216,glibc_t1,P6,6,3,1,48226554.00,16385.0000,0.0000,28073000.0,20123000.0,1.000,67108864.0,0.000,0,0,67108864,1,1,0,0,1,1
3,final_right,f32,16777216,glibc_t1,FIXED_TWIN,7,0,1,41510900.00,16385.0000,0.0000,12723000.0,28793000.0,1.000,67108864.0,0.000,0,0,67108864,1,0,1,0,1,1
3,final_right,f32,16777216,glibc_t1,P5,7,1,1,76651708.00,32770.0000,0.0000,34408000.0,42248000.0,2.000,134217728.0,0.000,0,0,134217728,2,0,0,0,1,1
3,final_right,f32,16777216,glibc_t1,P6,7,2,1,48611299.00,16385.0000,0.0000,28284000.0,20323000.0,1.000,67108864.0,0.000,0,0,67108864,1,1,0,0,1,1
3,final_right,f32,16777216,glibc_t1,P7,7,3,1,41488787.00,16385.0000,0.0000,20711000.0,20747000.0,1.000,67108864.0,0.000,0,0,67108864,1,0,1,0,1,1
3,final_right,f32,16777216,glibc_t1,P5,8,0,1,76887215.00,32770.0000,0.0000,20426000.0,56466000.0,2.000,134217728.0,0.000,0,0,134217728,2,0,0,0,1,1
3,final_right,f32,16777216,glibc_t1,P6,8,1,1,48834534.00,16385.0000,0.0000,28400000.0,20440000.0,1.000,67108864.0,0.000,0,0,67108864,1,1,0,0,1,1
3,final_right,f32,16777216,glibc_t1,P7,8,2,1,41583496.00,16385.0000,0.0000,18850000.0,22738000.0,1.000,67108864.0,0.000,0,0,67108864,1,0,1,0,1,1
3,final_right,f32,16777216,glibc_t1,FIXED_TWIN,8,3,1,41418533.00,16385.0000,0.0000,18772000.0,22652000.0,1.000,67108864.0,0.000,0,0,67108864,1,0,1,0,1,1
3,final_right,f32,16777216,glibc_t1,P6,9,0,1,48391484.00,16385.0000,0.0000,20190000.0,28169000.0,1.000,67108864.0,0.000,0,0,67108864,1,1,0,0,1,1
3,final_right,f32,16777216,glibc_t1,P7,9,1,1,41835424.00,16385.0000,0.0000,14970000.0,26870000.0,1.000,67108864.0,0.000,0,0,67108864,1,0,1,0,1,1
3,final_right,f32,16777216,glibc_t1,FIXED_TWIN,9,2,1,41536514.00,16385.0000,0.0000,24735000.0,16807000.0,1.000,67108864.0,0.000,0,0,67108864,1,0,1,0,1,1
3,final_right,f32,16777216,glibc_t1,P5,9,3,1,76377925.00,32770.0000,0.0000,28183000.0,48199000.0,2.000,134217728.0,0.000,0,0,134217728,2,0,0,0,1,1
3,final_right,f32,16777216,glibc_t1,P7,10,0,1,41954757.00,16385.0000,0.0000,16901000.0,25025000.0,1.000,67108864.0,0.000,0,0,67108864,1,0,1,0,1,1
3,final_right,f32,16777216,glibc_t1,FIXED_TWIN,10,1,1,41714511.00,16385.0000,0.0000,16820000.0,24866000.0,1.000,67108864.0,0.000,0,0,67108864,1,0,1,0,1,1
3,final_right,f32,16777216,glibc_t1,P5,10,2,1,76547596.00,32770.0000,0.0000,12265000.0,64229000.0,2.000,134217728.0,0.000,0,0,134217728,2,0,0,0,1,1
3,final_right,f32,16777216,glibc_t1,P6,10,3,1,49515840.00,16385.0000,0.0000,16726000.0,32795000.0,1.000,67108864.0,0.000,0,0,67108864,1,1,0,0,1,1
3,final_right,f32,16777216,glibc_t1,FIXED_TWIN,11,0,1,42319680.00,16385.0000,0.0000,23201000.0,19124000.0,1.000,67108864.0,0.000,0,0,67108864,1,0,1,0,1,1
3,final_right,f32,16777216,glibc_t1,P5,11,1,1,90086853.00,32770.0000,0.0000,21000000.0,69057000.0,2.000,134217728.0,0.000,0,0,134217728,2,0,0,0,1,1
3,final_right,f32,16777216,glibc_t1,P6,11,2,1,51825311.00,16385.0000,0.0000,23920000.0,27912000.0,1.000,67108864.0,0.000,0,0,67108864,1,1,0,0,1,1
3,final_right,f32,16777216,glibc_t1,P7,11,3,1,42843837.00,16385.0000,0.0000,17359000.0,25490000.0,1.000,67108864.0,0.000,0,0,67108864,1,0,1,0,1,1
3,final_right,f32,16777216,glibc_t1,P5,12,0,1,77448405.00,32770.0000,0.0000,16695000.0,60759000.0,2.000,134217728.0,0.000,0,0,134217728,2,0,0,0,1,1
3,final_right,f32,16777216,glibc_t1,P6,12,1,1,49213160.00,16385.0000,0.0000,20582000.0,28575000.0,1.000,67108864.0,0.000,0,0,67108864,1,1,0,0,1,1
3,final_right,f32,16777216,glibc_t1,P7,12,2,1,42326971.00,16385.0000,0.0000,19205000.0,23127000.0,1.000,67108864.0,0.000,0,0,67108864,1,0,1,0,1,1
3,final_right,f32,16777216,glibc_t1,FIXED_TWIN,12,3,1,42070006.00,16385.0000,0.0000,11084000.0,30992000.0,1.000,67108864.0,0.000,0,0,67108864,1,0,1,0,1,1
3,final_right,f32,16777216,glibc_t1,P6,13,0,1,49794250.00,16385.0000,0.0000,22952000.0,26838000.0,1.000,67108864.0,0.000,0,0,67108864,1,1,0,0,1,1
3,final_right,f32,16777216,glibc_t1,P7,13,1,1,42394440.00,16385.0000,0.0000,17144000.0,25255000.0,1.000,67108864.0,0.000,0,0,67108864,1,0,1,0,1,1
3,final_right,f32,16777216,glibc_t1,FIXED_TWIN,13,2,1,44494750.00,16385.0000,0.0000,16239000.0,28187000.0,1.000,67108864.0,0.000,0,0,67108864,1,0,1,0,1,1
3,final_right,f32,16777216,glibc_t1,P5,13,3,1,78409143.00,32770.0000,0.0000,19241000.0,59163000.0,2.000,134217728.0,0.000,0,0,134217728,2,0,0,0,1,1
3,final_right,f32,16777216,glibc_t1,P7,14,0,1,43811719.00,16385.0000,0.0000,7915000.0,35904000.0,1.000,67108864.0,0.000,0,0,67108864,1,0,1,0,1,1
3,final_right,f32,16777216,glibc_t1,FIXED_TWIN,14,1,1,42876052.00,16385.0000,0.0000,23466000.0,19415000.0,1.000,67108864.0,0.000,0,0,67108864,1,0,1,0,1,1
3,final_right,f32,16777216,glibc_t1,P5,14,2,1,78466126.00,32770.0000,0.0000,17180000.0,61292000.0,2.000,134217728.0,0.000,0,0,134217728,2,0,0,0,1,1
3,final_right,f32,16777216,glibc_t1,P6,14,3,1,50465663.00,16385.0000,0.0000,31271000.0,19201000.0,1.000,67108864.0,0.000,0,0,67108864,1,1,0,0,1,1
3,inter_out,f32,64,glibc_t1,P5,0,0,1000,3331.46,0.0000,0.0000,3335.0,0.0,3.000,768.0,0.000,0,0,512256,2,0,0,1,1,1
3,inter_out,f32,64,glibc_t1,P6,0,1,1000,3216.87,0.0000,0.0000,2583.0,635.0,2.000,512.0,0.000,0,0,512000,1,1,0,1,1,1
3,inter_out,f32,64,glibc_t1,FIXED_TWIN,0,2,1000,3258.46,0.0000,0.0000,3260.0,0.0,2.000,512.0,0.000,0,0,512000,1,1,0,1,1,1
3,inter_out,f32,64,glibc_t1,P6,1,0,1000,3237.96,0.0000,0.0000,3239.0,0.0,2.000,512.0,0.000,0,0,512000,1,1,0,1,1,1
3,inter_out,f32,64,glibc_t1,FIXED_TWIN,1,1,1000,3253.69,0.0000,0.0000,3255.0,0.0,2.000,512.0,0.000,0,0,512000,1,1,0,1,1,1
3,inter_out,f32,64,glibc_t1,P5,1,2,1000,3293.70,0.0000,0.0000,3296.0,0.0,3.000,768.0,0.000,0,0,512256,2,0,0,1,1,1
3,inter_out,f32,64,glibc_t1,FIXED_TWIN,2,0,1000,3229.71,0.0000,0.0000,3231.0,0.0,2.000,512.0,0.000,0,0,512000,1,1,0,1,1,1
3,inter_out,f32,64,glibc_t1,P5,2,1,1000,3257.09,0.0000,0.0000,3258.0,0.0,3.000,768.0,0.000,0,0,512256,2,0,0,1,1,1
3,inter_out,f32,64,glibc_t1,P6,2,2,1000,3287.59,0.0000,0.0000,3130.0,160.0,2.000,512.0,0.000,0,0,512000,1,1,0,1,1,1
3,inter_out,f32,64,glibc_t1,P5,3,0,1000,3316.16,0.0000,0.0000,3319.0,0.0,3.000,768.0,0.000,0,0,512256,2,0,0,1,1,1
3,inter_out,f32,64,glibc_t1,P6,3,1,1000,3223.59,0.0000,0.0000,3225.0,0.0,2.000,512.0,0.000,0,0,512000,1,1,0,1,1,1
3,inter_out,f32,64,glibc_t1,FIXED_TWIN,3,2,1000,3259.96,0.0000,0.0000,3263.0,0.0,2.000,512.0,0.000,0,0,512000,1,1,0,1,1,1
3,inter_out,f32,64,glibc_t1,P6,4,0,1000,3237.98,0.0000,0.0000,3240.0,0.0,2.000,512.0,0.000,0,0,512000,1,1,0,1,1,1
3,inter_out,f32,64,glibc_t1,FIXED_TWIN,4,1,1000,3296.16,0.0000,0.0000,3300.0,0.0,2.000,512.0,0.000,0,0,512000,1,1,0,1,1,1
3,inter_out,f32,64,glibc_t1,P5,4,2,1000,3374.43,0.0000,0.0000,3379.0,0.0,3.000,768.0,0.000,0,0,512256,2,0,0,1,1,1
3,inter_out,f32,64,glibc_t1,FIXED_TWIN,5,0,1000,3329.39,0.0000,0.0000,3331.0,0.0,2.000,512.0,0.000,0,0,512000,1,1,0,1,1,1
3,inter_out,f32,64,glibc_t1,P5,5,1,1000,3444.49,0.0000,0.0000,3447.0,0.0,3.000,768.0,0.000,0,0,512256,2,0,0,1,1,1
3,inter_out,f32,64,glibc_t1,P6,5,2,1000,3298.93,0.0000,0.0000,3303.0,0.0,2.000,512.0,0.000,0,0,512000,1,1,0,1,1,1
3,inter_out,f32,64,glibc_t1,P5,6,0,1000,3326.62,0.0000,0.0000,3328.0,0.0,3.000,768.0,0.000,0,0,512256,2,0,0,1,1,1
3,inter_out,f32,64,glibc_t1,P6,6,1,1000,3349.42,0.0000,0.0000,3351.0,0.0,2.000,512.0,0.000,0,0,512000,1,1,0,1,1,1
3,inter_out,f32,64,glibc_t1,FIXED_TWIN,6,2,1000,3258.59,0.0000,0.0000,3261.0,0.0,2.000,512.0,0.000,0,0,512000,1,1,0,1,1,1
3,inter_out,f32,64,glibc_t1,P6,7,0,1000,3614.77,0.0000,0.0000,3620.0,0.0,2.000,512.0,0.000,0,0,512000,1,1,0,1,1,1
3,inter_out,f32,64,glibc_t1,FIXED_TWIN,7,1,1000,3256.71,0.0000,0.0000,3258.0,0.0,2.000,512.0,0.000,0,0,512000,1,1,0,1,1,1
3,inter_out,f32,64,glibc_t1,P5,7,2,1000,3244.16,0.0000,0.0000,3245.0,0.0,3.000,768.0,0.000,0,0,512256,2,0,0,1,1,1
3,inter_out,f32,64,glibc_t1,FIXED_TWIN,8,0,1000,3334.95,0.0000,0.0000,3337.0,0.0,2.000,512.0,0.000,0,0,512000,1,1,0,1,1,1
3,inter_out,f32,64,glibc_t1,P5,8,1,1000,3296.07,0.0000,0.0000,3299.0,0.0,3.000,768.0,0.000,0,0,512256,2,0,0,1,1,1
3,inter_out,f32,64,glibc_t1,P6,8,2,1000,3253.92,0.0000,0.0000,3255.0,0.0,2.000,512.0,0.000,0,0,512000,1,1,0,1,1,1
3,inter_out,f32,64,glibc_t1,P5,9,0,1000,3722.96,0.0000,0.0000,3725.0,0.0,3.000,768.0,0.000,0,0,512256,2,0,0,1,1,1
3,inter_out,f32,64,glibc_t1,P6,9,1,1000,3367.55,0.0000,0.0000,3369.0,0.0,2.000,512.0,0.000,0,0,512000,1,1,0,1,1,1
3,inter_out,f32,64,glibc_t1,FIXED_TWIN,9,2,1000,3254.97,0.0000,0.0000,3256.0,0.0,2.000,512.0,0.000,0,0,512000,1,1,0,1,1,1
3,inter_out,f32,64,glibc_t1,P6,10,0,1000,3274.28,0.0000,0.0000,3276.0,0.0,2.000,512.0,0.000,0,0,512000,1,1,0,1,1,1
3,inter_out,f32,64,glibc_t1,FIXED_TWIN,10,1,1000,3251.82,0.0000,0.0000,3253.0,0.0,2.000,512.0,0.000,0,0,512000,1,1,0,1,1,1
3,inter_out,f32,64,glibc_t1,P5,10,2,1000,3308.12,0.0000,0.0000,3309.0,0.0,3.000,768.0,0.000,0,0,512256,2,0,0,1,1,1
3,inter_out,f32,64,glibc_t1,FIXED_TWIN,11,0,1000,3259.99,0.0000,0.0000,3263.0,0.0,2.000,512.0,0.000,0,0,512000,1,1,0,1,1,1
3,inter_out,f32,64,glibc_t1,P5,11,1,1000,3236.43,0.0000,0.0000,3237.0,0.0,3.000,768.0,0.000,0,0,512256,2,0,0,1,1,1
3,inter_out,f32,64,glibc_t1,P6,11,2,1000,3225.18,0.0000,0.0000,3226.0,0.0,2.000,512.0,0.000,0,0,512000,1,1,0,1,1,1
3,inter_out,f32,64,glibc_t1,P5,12,0,1000,3226.98,0.0000,0.0000,3228.0,0.0,3.000,768.0,0.000,0,0,512256,2,0,0,1,1,1
3,inter_out,f32,64,glibc_t1,P6,12,1,1000,3274.32,0.0000,0.0000,3275.0,0.0,2.000,512.0,0.000,0,0,512000,1,1,0,1,1,1
3,inter_out,f32,64,glibc_t1,FIXED_TWIN,12,2,1000,3306.55,0.0000,0.0000,3308.0,0.0,2.000,512.0,0.000,0,0,512000,1,1,0,1,1,1
3,inter_out,f32,64,glibc_t1,P6,13,0,1000,3311.81,0.0000,0.0000,3313.0,0.0,2.000,512.0,0.000,0,0,512000,1,1,0,1,1,1
3,inter_out,f32,64,glibc_t1,FIXED_TWIN,13,1,1000,3271.20,0.0000,0.0000,3274.0,0.0,2.000,512.0,0.000,0,0,512000,1,1,0,1,1,1
3,inter_out,f32,64,glibc_t1,P5,13,2,1000,3236.30,0.0000,0.0000,3238.0,0.0,3.000,768.0,0.000,0,0,512256,2,0,0,1,1,1
3,inter_out,f32,64,glibc_t1,FIXED_TWIN,14,0,1000,3270.49,0.0000,0.0000,3272.0,0.0,2.000,512.0,0.000,0,0,512000,1,1,0,1,1,1
3,inter_out,f32,64,glibc_t1,P5,14,1,1000,3280.67,0.0000,0.0000,3282.0,0.0,3.000,768.0,0.000,0,0,512256,2,0,0,1,1,1
3,inter_out,f32,64,glibc_t1,P6,14,2,1000,3464.80,0.0000,0.0000,3470.0,0.0,2.000,512.0,0.000,0,0,512000,1,1,0,1,1,1
3,inter_out,f32,1024,glibc_t1,P5,0,0,1000,4000.02,0.0000,0.0000,4007.0,0.0,3.000,12288.0,0.000,0,0,8196096,2,0,0,1,1,1
3,inter_out,f32,1024,glibc_t1,P6,0,1,1000,3964.49,0.0000,0.0000,3968.0,0.0,2.000,8192.0,0.000,0,0,8192000,1,1,0,1,1,1
3,inter_out,f32,1024,glibc_t1,FIXED_TWIN,0,2,1000,3877.33,0.0000,0.0000,3882.0,0.0,2.000,8192.0,0.000,0,0,8192000,1,1,0,1,1,1
3,inter_out,f32,1024,glibc_t1,P6,1,0,1000,3898.00,0.0000,0.0000,3900.0,0.0,2.000,8192.0,0.000,0,0,8192000,1,1,0,1,1,1
3,inter_out,f32,1024,glibc_t1,FIXED_TWIN,1,1,1000,3919.85,0.0000,0.0000,3924.0,0.0,2.000,8192.0,0.000,0,0,8192000,1,1,0,1,1,1
3,inter_out,f32,1024,glibc_t1,P5,1,2,1000,4101.97,0.0000,0.0000,4106.0,0.0,3.000,12288.0,0.000,0,0,8196096,2,0,0,1,1,1
3,inter_out,f32,1024,glibc_t1,FIXED_TWIN,2,0,1000,3954.76,0.0000,0.0000,3958.0,0.0,2.000,8192.0,0.000,0,0,8192000,1,1,0,1,1,1
3,inter_out,f32,1024,glibc_t1,P5,2,1,1000,3967.01,0.0000,0.0000,3970.0,0.0,3.000,12288.0,0.000,0,0,8196096,2,0,0,1,1,1
3,inter_out,f32,1024,glibc_t1,P6,2,2,1000,3944.16,0.0000,0.0000,3948.0,0.0,2.000,8192.0,0.000,0,0,8192000,1,1,0,1,1,1
3,inter_out,f32,1024,glibc_t1,P5,3,0,1000,4051.68,0.0000,0.0000,4055.0,0.0,3.000,12288.0,0.000,0,0,8196096,2,0,0,1,1,1
3,inter_out,f32,1024,glibc_t1,P6,3,1,1000,3893.91,0.0000,0.0000,3897.0,0.0,2.000,8192.0,0.000,0,0,8192000,1,1,0,1,1,1
3,inter_out,f32,1024,glibc_t1,FIXED_TWIN,3,2,1000,3938.01,0.0000,0.0000,3943.0,0.0,2.000,8192.0,0.000,0,0,8192000,1,1,0,1,1,1
3,inter_out,f32,1024,glibc_t1,P6,4,0,1000,3969.75,0.0000,0.0000,3973.0,0.0,2.000,8192.0,0.000,0,0,8192000,1,1,0,1,1,1
3,inter_out,f32,1024,glibc_t1,FIXED_TWIN,4,1,1000,3915.49,0.0000,0.0000,3919.0,0.0,2.000,8192.0,0.000,0,0,8192000,1,1,0,1,1,1
3,inter_out,f32,1024,glibc_t1,P5,4,2,1000,4004.88,0.0000,0.0000,4008.0,0.0,3.000,12288.0,0.000,0,0,8196096,2,0,0,1,1,1
3,inter_out,f32,1024,glibc_t1,FIXED_TWIN,5,0,1000,3974.45,0.0000,0.0000,3979.0,0.0,2.000,8192.0,0.000,0,0,8192000,1,1,0,1,1,1
3,inter_out,f32,1024,glibc_t1,P5,5,1,1000,4062.38,0.0000,0.0000,4066.0,0.0,3.000,12288.0,0.000,0,0,8196096,2,0,0,1,1,1
3,inter_out,f32,1024,glibc_t1,P6,5,2,1000,3903.01,0.0000,0.0000,3905.0,0.0,2.000,8192.0,0.000,0,0,8192000,1,1,0,1,1,1
3,inter_out,f32,1024,glibc_t1,P5,6,0,1000,4072.49,0.0000,0.0000,4076.0,0.0,3.000,12288.0,0.000,0,0,8196096,2,0,0,1,1,1
3,inter_out,f32,1024,glibc_t1,P6,6,1,1000,3956.33,0.0000,0.0000,3959.0,0.0,2.000,8192.0,0.000,0,0,8192000,1,1,0,1,1,1
3,inter_out,f32,1024,glibc_t1,FIXED_TWIN,6,2,1000,3915.81,0.0000,0.0000,3919.0,0.0,2.000,8192.0,0.000,0,0,8192000,1,1,0,1,1,1
3,inter_out,f32,1024,glibc_t1,P6,7,0,1000,3864.84,0.0000,0.0000,3867.0,0.0,2.000,8192.0,0.000,0,0,8192000,1,1,0,1,1,1
3,inter_out,f32,1024,glibc_t1,FIXED_TWIN,7,1,1000,3945.33,0.0000,0.0000,3949.0,0.0,2.000,8192.0,0.000,0,0,8192000,1,1,0,1,1,1
3,inter_out,f32,1024,glibc_t1,P5,7,2,1000,3987.63,0.0000,0.0000,3991.0,0.0,3.000,12288.0,0.000,0,0,8196096,2,0,0,1,1,1
3,inter_out,f32,1024,glibc_t1,FIXED_TWIN,8,0,1000,3984.20,0.0000,0.0000,3988.0,0.0,2.000,8192.0,0.000,0,0,8192000,1,1,0,1,1,1
3,inter_out,f32,1024,glibc_t1,P5,8,1,1000,4032.84,0.0000,0.0000,4035.0,0.0,3.000,12288.0,0.000,0,0,8196096,2,0,0,1,1,1
3,inter_out,f32,1024,glibc_t1,P6,8,2,1000,3925.93,0.0000,0.0000,3929.0,0.0,2.000,8192.0,0.000,0,0,8192000,1,1,0,1,1,1
3,inter_out,f32,1024,glibc_t1,P5,9,0,1000,3974.40,0.0000,0.0000,3977.0,0.0,3.000,12288.0,0.000,0,0,8196096,2,0,0,1,1,1
3,inter_out,f32,1024,glibc_t1,P6,9,1,1000,3889.62,0.0000,0.0000,3892.0,0.0,2.000,8192.0,0.000,0,0,8192000,1,1,0,1,1,1
3,inter_out,f32,1024,glibc_t1,FIXED_TWIN,9,2,1000,3887.70,0.0000,0.0000,3890.0,0.0,2.000,8192.0,0.000,0,0,8192000,1,1,0,1,1,1
3,inter_out,f32,1024,glibc_t1,P6,10,0,1000,3909.84,0.0000,0.0000,3912.0,0.0,2.000,8192.0,0.000,0,0,8192000,1,1,0,1,1,1
3,inter_out,f32,1024,glibc_t1,FIXED_TWIN,10,1,1000,3921.28,0.0000,0.0000,3924.0,0.0,2.000,8192.0,0.000,0,0,8192000,1,1,0,1,1,1
3,inter_out,f32,1024,glibc_t1,P5,10,2,1000,3957.59,0.0000,0.0000,3960.0,0.0,3.000,12288.0,0.000,0,0,8196096,2,0,0,1,1,1
3,inter_out,f32,1024,glibc_t1,FIXED_TWIN,11,0,1000,3928.37,0.0000,0.0000,3933.0,0.0,2.000,8192.0,0.000,0,0,8192000,1,1,0,1,1,1
3,inter_out,f32,1024,glibc_t1,P5,11,1,1000,4109.25,0.0000,0.0000,4113.0,0.0,3.000,12288.0,0.000,0,0,8196096,2,0,0,1,1,1
3,inter_out,f32,1024,glibc_t1,P6,11,2,1000,3899.94,0.0000,0.0000,3904.0,0.0,2.000,8192.0,0.000,0,0,8192000,1,1,0,1,1,1
3,inter_out,f32,1024,glibc_t1,P5,12,0,1000,4028.05,0.0000,0.0000,4031.0,0.0,3.000,12288.0,0.000,0,0,8196096,2,0,0,1,1,1
3,inter_out,f32,1024,glibc_t1,P6,12,1,1000,3903.66,0.0000,0.0000,3908.0,0.0,2.000,8192.0,0.000,0,0,8192000,1,1,0,1,1,1
3,inter_out,f32,1024,glibc_t1,FIXED_TWIN,12,2,1000,3867.97,0.0000,0.0000,3872.0,0.0,2.000,8192.0,0.000,0,0,8192000,1,1,0,1,1,1
3,inter_out,f32,1024,glibc_t1,P6,13,0,1000,3887.11,0.0000,0.0000,3891.0,0.0,2.000,8192.0,0.000,0,0,8192000,1,1,0,1,1,1
3,inter_out,f32,1024,glibc_t1,FIXED_TWIN,13,1,1000,3838.09,0.0000,0.0000,3840.0,0.0,2.000,8192.0,0.000,0,0,8192000,1,1,0,1,1,1
3,inter_out,f32,1024,glibc_t1,P5,13,2,1000,3994.75,0.0000,0.0000,3998.0,0.0,3.000,12288.0,0.000,0,0,8196096,2,0,0,1,1,1
3,inter_out,f32,1024,glibc_t1,FIXED_TWIN,14,0,1000,4087.39,0.0000,0.0000,4092.0,0.0,2.000,8192.0,0.000,0,0,8192000,1,1,0,1,1,1
3,inter_out,f32,1024,glibc_t1,P5,14,1,1000,4200.35,0.0000,0.0000,4205.0,0.0,3.000,12288.0,0.000,0,0,8196096,2,0,0,1,1,1
3,inter_out,f32,1024,glibc_t1,P6,14,2,1000,3996.55,0.0000,0.0000,4003.0,0.0,2.000,8192.0,0.000,0,0,8192000,1,1,0,1,1,1
3,inter_out,f32,4096,glibc_t1,P5,0,0,1,2059.00,0.0000,0.0000,4000.0,0.0,3.000,49152.0,0.000,0,0,49152,2,0,0,1,1,1
3,inter_out,f32,4096,glibc_t1,P6,0,1,1,1720.00,0.0000,0.0000,2000.0,0.0,2.000,32768.0,0.000,0,0,32768,1,1,0,1,1,1
3,inter_out,f32,4096,glibc_t1,FIXED_TWIN,0,2,1,1642.00,0.0000,0.0000,2000.0,0.0,2.000,32768.0,0.000,0,0,32768,1,1,0,1,1,1
3,inter_out,f32,4096,glibc_t1,P6,1,0,1,1671.00,0.0000,0.0000,2000.0,0.0,2.000,32768.0,0.000,0,0,32768,1,1,0,1,1,1
3,inter_out,f32,4096,glibc_t1,FIXED_TWIN,1,1,1,1624.00,0.0000,0.0000,2000.0,0.0,2.000,32768.0,0.000,0,0,32768,1,1,0,1,1,1
3,inter_out,f32,4096,glibc_t1,P5,1,2,1,1916.00,0.0000,0.0000,3000.0,0.0,3.000,49152.0,0.000,0,0,49152,2,0,0,1,1,1
3,inter_out,f32,4096,glibc_t1,FIXED_TWIN,2,0,1,1641.00,0.0000,0.0000,2000.0,0.0,2.000,32768.0,0.000,0,0,32768,1,1,0,1,1,1
3,inter_out,f32,4096,glibc_t1,P5,2,1,1,1921.00,0.0000,0.0000,3000.0,0.0,3.000,49152.0,0.000,0,0,49152,2,0,0,1,1,1
3,inter_out,f32,4096,glibc_t1,P6,2,2,1,1669.00,0.0000,0.0000,2000.0,0.0,2.000,32768.0,0.000,0,0,32768,1,1,0,1,1,1
3,inter_out,f32,4096,glibc_t1,P5,3,0,1,1931.00,0.0000,0.0000,2000.0,0.0,3.000,49152.0,0.000,0,0,49152,2,0,0,1,1,1
3,inter_out,f32,4096,glibc_t1,P6,3,1,1,1669.00,0.0000,0.0000,2000.0,0.0,2.000,32768.0,0.000,0,0,32768,1,1,0,1,1,1
3,inter_out,f32,4096,glibc_t1,FIXED_TWIN,3,2,1,1646.00,0.0000,0.0000,2000.0,0.0,2.000,32768.0,0.000,0,0,32768,1,1,0,1,1,1
3,inter_out,f32,4096,glibc_t1,P6,4,0,1,1691.00,0.0000,0.0000,2000.0,0.0,2.000,32768.0,0.000,0,0,32768,1,1,0,1,1,1
3,inter_out,f32,4096,glibc_t1,FIXED_TWIN,4,1,1,1658.00,0.0000,0.0000,3000.0,0.0,2.000,32768.0,0.000,0,0,32768,1,1,0,1,1,1
3,inter_out,f32,4096,glibc_t1,P5,4,2,1,1913.00,0.0000,0.0000,2000.0,0.0,3.000,49152.0,0.000,0,0,49152,2,0,0,1,1,1
3,inter_out,f32,4096,glibc_t1,FIXED_TWIN,5,0,1,1719.00,0.0000,0.0000,2000.0,0.0,2.000,32768.0,0.000,0,0,32768,1,1,0,1,1,1
3,inter_out,f32,4096,glibc_t1,P5,5,1,1,1918.00,0.0000,0.0000,3000.0,0.0,3.000,49152.0,0.000,0,0,49152,2,0,0,1,1,1
3,inter_out,f32,4096,glibc_t1,P6,5,2,1,1680.00,0.0000,0.0000,2000.0,0.0,2.000,32768.0,0.000,0,0,32768,1,1,0,1,1,1
3,inter_out,f32,4096,glibc_t1,P5,6,0,1,1934.00,0.0000,0.0000,3000.0,0.0,3.000,49152.0,0.000,0,0,49152,2,0,0,1,1,1
3,inter_out,f32,4096,glibc_t1,P6,6,1,1,1662.00,0.0000,0.0000,2000.0,0.0,2.000,32768.0,0.000,0,0,32768,1,1,0,1,1,1
3,inter_out,f32,4096,glibc_t1,FIXED_TWIN,6,2,1,1677.00,0.0000,0.0000,2000.0,0.0,2.000,32768.0,0.000,0,0,32768,1,1,0,1,1,1
3,inter_out,f32,4096,glibc_t1,P6,7,0,1,1666.00,0.0000,0.0000,2000.0,0.0,2.000,32768.0,0.000,0,0,32768,1,1,0,1,1,1
3,inter_out,f32,4096,glibc_t1,FIXED_TWIN,7,1,1,1618.00,0.0000,0.0000,3000.0,0.0,2.000,32768.0,0.000,0,0,32768,1,1,0,1,1,1
3,inter_out,f32,4096,glibc_t1,P5,7,2,1,1944.00,0.0000,0.0000,2000.0,0.0,3.000,49152.0,0.000,0,0,49152,2,0,0,1,1,1
3,inter_out,f32,4096,glibc_t1,FIXED_TWIN,8,0,1,1694.00,0.0000,0.0000,2000.0,0.0,2.000,32768.0,0.000,0,0,32768,1,1,0,1,1,1
3,inter_out,f32,4096,glibc_t1,P5,8,1,1,1903.00,0.0000,0.0000,2000.0,0.0,3.000,49152.0,0.000,0,0,49152,2,0,0,1,1,1
3,inter_out,f32,4096,glibc_t1,P6,8,2,1,1675.00,0.0000,0.0000,2000.0,0.0,2.000,32768.0,0.000,0,0,32768,1,1,0,1,1,1
3,inter_out,f32,4096,glibc_t1,P5,9,0,1,1925.00,0.0000,0.0000,2000.0,0.0,3.000,49152.0,0.000,0,0,49152,2,0,0,1,1,1
3,inter_out,f32,4096,glibc_t1,P6,9,1,1,1709.00,0.0000,0.0000,2000.0,0.0,2.000,32768.0,0.000,0,0,32768,1,1,0,1,1,1
3,inter_out,f32,4096,glibc_t1,FIXED_TWIN,9,2,1,1667.00,0.0000,0.0000,2000.0,0.0,2.000,32768.0,0.000,0,0,32768,1,1,0,1,1,1
3,inter_out,f32,4096,glibc_t1,P6,10,0,1,1684.00,0.0000,0.0000,3000.0,0.0,2.000,32768.0,0.000,0,0,32768,1,1,0,1,1,1
3,inter_out,f32,4096,glibc_t1,FIXED_TWIN,10,1,1,1652.00,0.0000,0.0000,2000.0,0.0,2.000,32768.0,0.000,0,0,32768,1,1,0,1,1,1
3,inter_out,f32,4096,glibc_t1,P5,10,2,1,1953.00,0.0000,0.0000,3000.0,0.0,3.000,49152.0,0.000,0,0,49152,2,0,0,1,1,1
3,inter_out,f32,4096,glibc_t1,FIXED_TWIN,11,0,1,1663.00,0.0000,0.0000,2000.0,0.0,2.000,32768.0,0.000,0,0,32768,1,1,0,1,1,1
3,inter_out,f32,4096,glibc_t1,P5,11,1,1,1896.00,0.0000,0.0000,2000.0,0.0,3.000,49152.0,0.000,0,0,49152,2,0,0,1,1,1
3,inter_out,f32,4096,glibc_t1,P6,11,2,1,1685.00,0.0000,0.0000,3000.0,0.0,2.000,32768.0,0.000,0,0,32768,1,1,0,1,1,1
3,inter_out,f32,4096,glibc_t1,P5,12,0,1,1935.00,0.0000,0.0000,3000.0,0.0,3.000,49152.0,0.000,0,0,49152,2,0,0,1,1,1
3,inter_out,f32,4096,glibc_t1,P6,12,1,1,1706.00,0.0000,0.0000,2000.0,0.0,2.000,32768.0,0.000,0,0,32768,1,1,0,1,1,1
3,inter_out,f32,4096,glibc_t1,FIXED_TWIN,12,2,1,1699.00,0.0000,0.0000,2000.0,0.0,2.000,32768.0,0.000,0,0,32768,1,1,0,1,1,1
3,inter_out,f32,4096,glibc_t1,P6,13,0,1,1652.00,0.0000,0.0000,3000.0,0.0,2.000,32768.0,0.000,0,0,32768,1,1,0,1,1,1
3,inter_out,f32,4096,glibc_t1,FIXED_TWIN,13,1,1,1662.00,0.0000,0.0000,2000.0,0.0,2.000,32768.0,0.000,0,0,32768,1,1,0,1,1,1
3,inter_out,f32,4096,glibc_t1,P5,13,2,1,1908.00,0.0000,0.0000,3000.0,0.0,3.000,49152.0,0.000,0,0,49152,2,0,0,1,1,1
3,inter_out,f32,4096,glibc_t1,FIXED_TWIN,14,0,1,1626.00,0.0000,0.0000,2000.0,0.0,2.000,32768.0,0.000,0,0,32768,1,1,0,1,1,1
3,inter_out,f32,4096,glibc_t1,P5,14,1,1,5365.00,0.0000,0.0000,6000.0,0.0,3.000,49152.0,0.000,0,0,49152,2,0,0,1,1,1
3,inter_out,f32,4096,glibc_t1,P6,14,2,1,1679.00,0.0000,0.0000,2000.0,0.0,2.000,32768.0,0.000,0,0,32768,1,1,0,1,1,1
3,inter_out,f32,16384,glibc_t1,P5,0,0,1,6429.00,0.0000,0.0000,7000.0,0.0,3.000,196608.0,0.000,0,0,196608,2,0,0,1,1,1
3,inter_out,f32,16384,glibc_t1,P6,0,1,1,6245.00,0.0000,0.0000,7000.0,0.0,2.000,131072.0,0.000,0,0,131072,1,1,0,1,1,1
3,inter_out,f32,16384,glibc_t1,FIXED_TWIN,0,2,1,6224.00,0.0000,0.0000,7000.0,0.0,2.000,131072.0,0.000,0,0,131072,1,1,0,1,1,1
3,inter_out,f32,16384,glibc_t1,P6,1,0,1,6191.00,0.0000,0.0000,7000.0,0.0,2.000,131072.0,0.000,0,0,131072,1,1,0,1,1,1
3,inter_out,f32,16384,glibc_t1,FIXED_TWIN,1,1,1,6129.00,0.0000,0.0000,7000.0,0.0,2.000,131072.0,0.000,0,0,131072,1,1,0,1,1,1
3,inter_out,f32,16384,glibc_t1,P5,1,2,1,6409.00,0.0000,0.0000,7000.0,0.0,3.000,196608.0,0.000,0,0,196608,2,0,0,1,1,1
3,inter_out,f32,16384,glibc_t1,FIXED_TWIN,2,0,1,6125.00,0.0000,0.0000,7000.0,0.0,2.000,131072.0,0.000,0,0,131072,1,1,0,1,1,1
3,inter_out,f32,16384,glibc_t1,P5,2,1,1,6440.00,0.0000,0.0000,7000.0,0.0,3.000,196608.0,0.000,0,0,196608,2,0,0,1,1,1
3,inter_out,f32,16384,glibc_t1,P6,2,2,1,6113.00,0.0000,0.0000,6000.0,0.0,2.000,131072.0,0.000,0,0,131072,1,1,0,1,1,1
3,inter_out,f32,16384,glibc_t1,P5,3,0,1,6380.00,0.0000,0.0000,7000.0,0.0,3.000,196608.0,0.000,0,0,196608,2,0,0,1,1,1
3,inter_out,f32,16384,glibc_t1,P6,3,1,1,6356.00,0.0000,0.0000,7000.0,0.0,2.000,131072.0,0.000,0,0,131072,1,1,0,1,1,1
3,inter_out,f32,16384,glibc_t1,FIXED_TWIN,3,2,1,6321.00,0.0000,0.0000,7000.0,0.0,2.000,131072.0,0.000,0,0,131072,1,1,0,1,1,1
3,inter_out,f32,16384,glibc_t1,P6,4,0,1,6225.00,0.0000,0.0000,7000.0,0.0,2.000,131072.0,0.000,0,0,131072,1,1,0,1,1,1
3,inter_out,f32,16384,glibc_t1,FIXED_TWIN,4,1,1,6402.00,0.0000,0.0000,7000.0,0.0,2.000,131072.0,0.000,0,0,131072,1,1,0,1,1,1
3,inter_out,f32,16384,glibc_t1,P5,4,2,1,6624.00,0.0000,0.0000,7000.0,0.0,3.000,196608.0,0.000,0,0,196608,2,0,0,1,1,1
3,inter_out,f32,16384,glibc_t1,FIXED_TWIN,5,0,1,6234.00,0.0000,0.0000,7000.0,0.0,2.000,131072.0,0.000,0,0,131072,1,1,0,1,1,1
3,inter_out,f32,16384,glibc_t1,P5,5,1,1,6505.00,0.0000,0.0000,7000.0,0.0,3.000,196608.0,0.000,0,0,196608,2,0,0,1,1,1
3,inter_out,f32,16384,glibc_t1,P6,5,2,1,6217.00,0.0000,0.0000,7000.0,0.0,2.000,131072.0,0.000,0,0,131072,1,1,0,1,1,1
3,inter_out,f32,16384,glibc_t1,P5,6,0,1,6463.00,0.0000,0.0000,7000.0,0.0,3.000,196608.0,0.000,0,0,196608,2,0,0,1,1,1
3,inter_out,f32,16384,glibc_t1,P6,6,1,1,6149.00,0.0000,0.0000,7000.0,0.0,2.000,131072.0,0.000,0,0,131072,1,1,0,1,1,1
3,inter_out,f32,16384,glibc_t1,FIXED_TWIN,6,2,1,6139.00,0.0000,0.0000,6000.0,0.0,2.000,131072.0,0.000,0,0,131072,1,1,0,1,1,1
3,inter_out,f32,16384,glibc_t1,P6,7,0,1,6147.00,0.0000,0.0000,7000.0,0.0,2.000,131072.0,0.000,0,0,131072,1,1,0,1,1,1
3,inter_out,f32,16384,glibc_t1,FIXED_TWIN,7,1,1,6220.00,0.0000,0.0000,7000.0,0.0,2.000,131072.0,0.000,0,0,131072,1,1,0,1,1,1
3,inter_out,f32,16384,glibc_t1,P5,7,2,1,6413.00,0.0000,0.0000,7000.0,0.0,3.000,196608.0,0.000,0,0,196608,2,0,0,1,1,1
3,inter_out,f32,16384,glibc_t1,FIXED_TWIN,8,0,1,6194.00,0.0000,0.0000,7000.0,0.0,2.000,131072.0,0.000,0,0,131072,1,1,0,1,1,1
3,inter_out,f32,16384,glibc_t1,P5,8,1,1,6402.00,0.0000,0.0000,7000.0,0.0,3.000,196608.0,0.000,0,0,196608,2,0,0,1,1,1
3,inter_out,f32,16384,glibc_t1,P6,8,2,1,6367.00,0.0000,0.0000,7000.0,0.0,2.000,131072.0,0.000,0,0,131072,1,1,0,1,1,1
3,inter_out,f32,16384,glibc_t1,P5,9,0,1,6555.00,0.0000,0.0000,8000.0,0.0,3.000,196608.0,0.000,0,0,196608,2,0,0,1,1,1
3,inter_out,f32,16384,glibc_t1,P6,9,1,1,6170.00,0.0000,0.0000,6000.0,0.0,2.000,131072.0,0.000,0,0,131072,1,1,0,1,1,1
3,inter_out,f32,16384,glibc_t1,FIXED_TWIN,9,2,1,9056.00,0.0000,0.0000,10000.0,0.0,2.000,131072.0,0.000,0,0,131072,1,1,0,1,1,1
3,inter_out,f32,16384,glibc_t1,P6,10,0,1,9211.00,0.0000,0.0000,10000.0,0.0,2.000,131072.0,0.000,0,0,131072,1,1,0,1,1,1
3,inter_out,f32,16384,glibc_t1,FIXED_TWIN,10,1,1,6358.00,0.0000,0.0000,7000.0,0.0,2.000,131072.0,0.000,0,0,131072,1,1,0,1,1,1
3,inter_out,f32,16384,glibc_t1,P5,10,2,1,6518.00,0.0000,0.0000,7000.0,0.0,3.000,196608.0,0.000,0,0,196608,2,0,0,1,1,1
3,inter_out,f32,16384,glibc_t1,FIXED_TWIN,11,0,1,6207.00,0.0000,0.0000,7000.0,0.0,2.000,131072.0,0.000,0,0,131072,1,1,0,1,1,1
3,inter_out,f32,16384,glibc_t1,P5,11,1,1,6483.00,0.0000,0.0000,7000.0,0.0,3.000,196608.0,0.000,0,0,196608,2,0,0,1,1,1
3,inter_out,f32,16384,glibc_t1,P6,11,2,1,6202.00,0.0000,0.0000,6000.0,0.0,2.000,131072.0,0.000,0,0,131072,1,1,0,1,1,1
3,inter_out,f32,16384,glibc_t1,P5,12,0,1,6446.00,0.0000,0.0000,7000.0,0.0,3.000,196608.0,0.000,0,0,196608,2,0,0,1,1,1
3,inter_out,f32,16384,glibc_t1,P6,12,1,1,6144.00,0.0000,0.0000,7000.0,0.0,2.000,131072.0,0.000,0,0,131072,1,1,0,1,1,1
3,inter_out,f32,16384,glibc_t1,FIXED_TWIN,12,2,1,6198.00,0.0000,0.0000,7000.0,0.0,2.000,131072.0,0.000,0,0,131072,1,1,0,1,1,1
3,inter_out,f32,16384,glibc_t1,P6,13,0,1,6188.00,0.0000,0.0000,7000.0,0.0,2.000,131072.0,0.000,0,0,131072,1,1,0,1,1,1
3,inter_out,f32,16384,glibc_t1,FIXED_TWIN,13,1,1,6172.00,0.0000,0.0000,6000.0,0.0,2.000,131072.0,0.000,0,0,131072,1,1,0,1,1,1
3,inter_out,f32,16384,glibc_t1,P5,13,2,1,6511.00,0.0000,0.0000,7000.0,0.0,3.000,196608.0,0.000,0,0,196608,2,0,0,1,1,1
3,inter_out,f32,16384,glibc_t1,FIXED_TWIN,14,0,1,6249.00,0.0000,0.0000,7000.0,0.0,2.000,131072.0,0.000,0,0,131072,1,1,0,1,1,1
3,inter_out,f32,16384,glibc_t1,P5,14,1,1,8008.00,0.0000,0.0000,8000.0,0.0,3.000,196608.0,0.000,0,0,196608,2,0,0,1,1,1
3,inter_out,f32,16384,glibc_t1,P6,14,2,1,7736.00,0.0000,0.0000,8000.0,0.0,2.000,131072.0,0.000,0,0,131072,1,1,0,1,1,1
3,inter_out,f32,65536,glibc_t1,P5,0,0,1,33782.00,0.0000,0.0000,37000.0,0.0,3.000,786432.0,0.000,0,0,786432,2,0,0,1,1,1
3,inter_out,f32,65536,glibc_t1,P6,0,1,1,34265.00,0.0000,0.0000,36000.0,0.0,2.000,524288.0,0.000,0,0,524288,1,1,0,1,1,1
3,inter_out,f32,65536,glibc_t1,FIXED_TWIN,0,2,1,61975.00,0.0000,0.0000,64000.0,0.0,2.000,524288.0,0.000,0,0,524288,1,1,0,1,1,1
3,inter_out,f32,65536,glibc_t1,P6,1,0,1,36826.00,0.0000,0.0000,41000.0,0.0,2.000,524288.0,0.000,0,0,524288,1,1,0,1,1,1
3,inter_out,f32,65536,glibc_t1,FIXED_TWIN,1,1,1,30466.00,0.0000,0.0000,34000.0,0.0,2.000,524288.0,0.000,0,0,524288,1,1,0,1,1,1
3,inter_out,f32,65536,glibc_t1,P5,1,2,1,31871.00,0.0000,0.0000,33000.0,0.0,3.000,786432.0,0.000,0,0,786432,2,0,0,1,1,1
3,inter_out,f32,65536,glibc_t1,FIXED_TWIN,2,0,1,27683.00,0.0000,0.0000,29000.0,0.0,2.000,524288.0,0.000,0,0,524288,1,1,0,1,1,1
3,inter_out,f32,65536,glibc_t1,P5,2,1,1,67753.00,0.0000,0.0000,69000.0,0.0,3.000,786432.0,0.000,0,0,786432,2,0,0,1,1,1
3,inter_out,f32,65536,glibc_t1,P6,2,2,1,63171.00,0.0000,0.0000,64000.0,0.0,2.000,524288.0,0.000,0,0,524288,1,1,0,1,1,1
3,inter_out,f32,65536,glibc_t1,P5,3,0,1,31309.00,0.0000,0.0000,33000.0,0.0,3.000,786432.0,0.000,0,0,786432,2,0,0,1,1,1
3,inter_out,f32,65536,glibc_t1,P6,3,1,1,27032.00,0.0000,0.0000,28000.0,0.0,2.000,524288.0,0.000,0,0,524288,1,1,0,1,1,1
3,inter_out,f32,65536,glibc_t1,FIXED_TWIN,3,2,1,27326.00,0.0000,0.0000,29000.0,0.0,2.000,524288.0,0.000,0,0,524288,1,1,0,1,1,1
3,inter_out,f32,65536,glibc_t1,P6,4,0,1,27282.00,0.0000,0.0000,28000.0,0.0,2.000,524288.0,0.000,0,0,524288,1,1,0,1,1,1
3,inter_out,f32,65536,glibc_t1,FIXED_TWIN,4,1,1,27528.00,0.0000,0.0000,28000.0,0.0,2.000,524288.0,0.000,0,0,524288,1,1,0,1,1,1
3,inter_out,f32,65536,glibc_t1,P5,4,2,1,30142.00,0.0000,0.0000,31000.0,0.0,3.000,786432.0,0.000,0,0,786432,2,0,0,1,1,1
3,inter_out,f32,65536,glibc_t1,FIXED_TWIN,5,0,1,27790.00,0.0000,0.0000,29000.0,0.0,2.000,524288.0,0.000,0,0,524288,1,1,0,1,1,1
3,inter_out,f32,65536,glibc_t1,P5,5,1,1,30416.00,0.0000,0.0000,31000.0,0.0,3.000,786432.0,0.000,0,0,786432,2,0,0,1,1,1
3,inter_out,f32,65536,glibc_t1,P6,5,2,1,27447.00,0.0000,0.0000,28000.0,0.0,2.000,524288.0,0.000,0,0,524288,1,1,0,1,1,1
3,inter_out,f32,65536,glibc_t1,P5,6,0,1,29895.00,0.0000,0.0000,30000.0,0.0,3.000,786432.0,0.000,0,0,786432,2,0,0,1,1,1
3,inter_out,f32,65536,glibc_t1,P6,6,1,1,27772.00,0.0000,0.0000,28000.0,0.0,2.000,524288.0,0.000,0,0,524288,1,1,0,1,1,1
3,inter_out,f32,65536,glibc_t1,FIXED_TWIN,6,2,1,27062.00,0.0000,0.0000,28000.0,0.0,2.000,524288.0,0.000,0,0,524288,1,1,0,1,1,1
3,inter_out,f32,65536,glibc_t1,P6,7,0,1,27217.00,0.0000,0.0000,28000.0,0.0,2.000,524288.0,0.000,0,0,524288,1,1,0,1,1,1
3,inter_out,f32,65536,glibc_t1,FIXED_TWIN,7,1,1,27233.00,0.0000,0.0000,28000.0,0.0,2.000,524288.0,0.000,0,0,524288,1,1,0,1,1,1
3,inter_out,f32,65536,glibc_t1,P5,7,2,1,78338.00,0.0000,0.0000,82000.0,0.0,3.000,786432.0,0.000,0,0,786432,2,0,0,1,1,1
3,inter_out,f32,65536,glibc_t1,FIXED_TWIN,8,0,1,28529.00,0.0000,0.0000,29000.0,0.0,2.000,524288.0,0.000,0,0,524288,1,1,0,1,1,1
3,inter_out,f32,65536,glibc_t1,P5,8,1,1,30874.00,0.0000,0.0000,31000.0,0.0,3.000,786432.0,0.000,0,0,786432,2,0,0,1,1,1
3,inter_out,f32,65536,glibc_t1,P6,8,2,1,28162.00,0.0000,0.0000,29000.0,0.0,2.000,524288.0,0.000,0,0,524288,1,1,0,1,1,1
3,inter_out,f32,65536,glibc_t1,P5,9,0,1,30177.00,0.0000,0.0000,31000.0,0.0,3.000,786432.0,0.000,0,0,786432,2,0,0,1,1,1
3,inter_out,f32,65536,glibc_t1,P6,9,1,1,33894.00,0.0000,0.0000,35000.0,0.0,2.000,524288.0,0.000,0,0,524288,1,1,0,1,1,1
3,inter_out,f32,65536,glibc_t1,FIXED_TWIN,9,2,1,27266.00,0.0000,0.0000,27000.0,0.0,2.000,524288.0,0.000,0,0,524288,1,1,0,1,1,1
3,inter_out,f32,65536,glibc_t1,P6,10,0,1,27856.00,0.0000,0.0000,28000.0,0.0,2.000,524288.0,0.000,0,0,524288,1,1,0,1,1,1
3,inter_out,f32,65536,glibc_t1,FIXED_TWIN,10,1,1,27408.00,0.0000,0.0000,28000.0,0.0,2.000,524288.0,0.000,0,0,524288,1,1,0,1,1,1
3,inter_out,f32,65536,glibc_t1,P5,10,2,1,30180.00,0.0000,0.0000,31000.0,0.0,3.000,786432.0,0.000,0,0,786432,2,0,0,1,1,1
3,inter_out,f32,65536,glibc_t1,FIXED_TWIN,11,0,1,27347.00,0.0000,0.0000,28000.0,0.0,2.000,524288.0,0.000,0,0,524288,1,1,0,1,1,1
3,inter_out,f32,65536,glibc_t1,P5,11,1,1,31035.00,0.0000,0.0000,32000.0,0.0,3.000,786432.0,0.000,0,0,786432,2,0,0,1,1,1
3,inter_out,f32,65536,glibc_t1,P6,11,2,1,27363.00,0.0000,0.0000,28000.0,0.0,2.000,524288.0,0.000,0,0,524288,1,1,0,1,1,1
3,inter_out,f32,65536,glibc_t1,P5,12,0,1,30598.00,0.0000,0.0000,31000.0,0.0,3.000,786432.0,0.000,0,0,786432,2,0,0,1,1,1
3,inter_out,f32,65536,glibc_t1,P6,12,1,1,44929.00,0.0000,0.0000,46000.0,0.0,2.000,524288.0,0.000,0,0,524288,1,1,0,1,1,1
3,inter_out,f32,65536,glibc_t1,FIXED_TWIN,12,2,1,27795.00,0.0000,0.0000,29000.0,0.0,2.000,524288.0,0.000,0,0,524288,1,1,0,1,1,1
3,inter_out,f32,65536,glibc_t1,P6,13,0,1,31220.00,0.0000,0.0000,37000.0,0.0,2.000,524288.0,0.000,0,0,524288,1,1,0,1,1,1
3,inter_out,f32,65536,glibc_t1,FIXED_TWIN,13,1,1,28171.00,0.0000,0.0000,29000.0,0.0,2.000,524288.0,0.000,0,0,524288,1,1,0,1,1,1
3,inter_out,f32,65536,glibc_t1,P5,13,2,1,35931.00,0.0000,0.0000,37000.0,0.0,3.000,786432.0,0.000,0,0,786432,2,0,0,1,1,1
3,inter_out,f32,65536,glibc_t1,FIXED_TWIN,14,0,1,28318.00,0.0000,0.0000,30000.0,0.0,2.000,524288.0,0.000,0,0,524288,1,1,0,1,1,1
3,inter_out,f32,65536,glibc_t1,P5,14,1,1,31130.00,0.0000,0.0000,32000.0,0.0,3.000,786432.0,0.000,0,0,786432,2,0,0,1,1,1
3,inter_out,f32,65536,glibc_t1,P6,14,2,1,27649.00,0.0000,0.0000,29000.0,0.0,2.000,524288.0,0.000,0,0,524288,1,1,0,1,1,1
3,inter_out,f32,262144,glibc_t1,P5,0,0,1,383600.00,0.0000,0.0000,388000.0,0.0,3.000,3145728.0,0.000,0,0,3145728,2,0,0,1,1,1
3,inter_out,f32,262144,glibc_t1,P6,0,1,1,292753.00,0.0000,0.0000,296000.0,0.0,2.000,2097152.0,0.000,0,0,2097152,1,1,0,1,1,1
3,inter_out,f32,262144,glibc_t1,FIXED_TWIN,0,2,1,240674.00,0.0000,0.0000,243000.0,0.0,2.000,2097152.0,0.000,0,0,2097152,1,1,0,1,1,1
3,inter_out,f32,262144,glibc_t1,P6,1,0,1,275854.00,0.0000,0.0000,279000.0,0.0,2.000,2097152.0,0.000,0,0,2097152,1,1,0,1,1,1
3,inter_out,f32,262144,glibc_t1,FIXED_TWIN,1,1,1,270555.00,0.0000,0.0000,272000.0,0.0,2.000,2097152.0,0.000,0,0,2097152,1,1,0,1,1,1
3,inter_out,f32,262144,glibc_t1,P5,1,2,1,292377.00,0.0000,0.0000,294000.0,0.0,3.000,3145728.0,0.000,0,0,3145728,2,0,0,1,1,1
3,inter_out,f32,262144,glibc_t1,FIXED_TWIN,2,0,1,258893.00,0.0000,0.0000,261000.0,0.0,2.000,2097152.0,0.000,0,0,2097152,1,1,0,1,1,1
3,inter_out,f32,262144,glibc_t1,P5,2,1,1,309838.00,0.0000,0.0000,312000.0,0.0,3.000,3145728.0,0.000,0,0,3145728,2,0,0,1,1,1
3,inter_out,f32,262144,glibc_t1,P6,2,2,1,239369.00,0.0000,0.0000,241000.0,0.0,2.000,2097152.0,0.000,0,0,2097152,1,1,0,1,1,1
3,inter_out,f32,262144,glibc_t1,P5,3,0,1,310360.00,0.0000,0.0000,314000.0,0.0,3.000,3145728.0,0.000,0,0,3145728,2,0,0,1,1,1
3,inter_out,f32,262144,glibc_t1,P6,3,1,1,261466.00,0.0000,0.0000,263000.0,0.0,2.000,2097152.0,0.000,0,0,2097152,1,1,0,1,1,1
3,inter_out,f32,262144,glibc_t1,FIXED_TWIN,3,2,1,239795.00,0.0000,0.0000,241000.0,0.0,2.000,2097152.0,0.000,0,0,2097152,1,1,0,1,1,1
3,inter_out,f32,262144,glibc_t1,P6,4,0,1,237532.00,0.0000,0.0000,239000.0,0.0,2.000,2097152.0,0.000,0,0,2097152,1,1,0,1,1,1
3,inter_out,f32,262144,glibc_t1,FIXED_TWIN,4,1,1,267465.00,0.0000,0.0000,269000.0,0.0,2.000,2097152.0,0.000,0,0,2097152,1,1,0,1,1,1
3,inter_out,f32,262144,glibc_t1,P5,4,2,1,302061.00,0.0000,0.0000,304000.0,0.0,3.000,3145728.0,0.000,0,0,3145728,2,0,0,1,1,1
3,inter_out,f32,262144,glibc_t1,FIXED_TWIN,5,0,1,233596.00,0.0000,0.0000,236000.0,0.0,2.000,2097152.0,0.000,0,0,2097152,1,1,0,1,1,1
3,inter_out,f32,262144,glibc_t1,P5,5,1,1,300136.00,0.0000,0.0000,302000.0,0.0,3.000,3145728.0,0.000,0,0,3145728,2,0,0,1,1,1
3,inter_out,f32,262144,glibc_t1,P6,5,2,1,232893.00,0.0000,0.0000,235000.0,0.0,2.000,2097152.0,0.000,0,0,2097152,1,1,0,1,1,1
3,inter_out,f32,262144,glibc_t1,P5,6,0,1,286704.00,0.0000,0.0000,289000.0,0.0,3.000,3145728.0,0.000,0,0,3145728,2,0,0,1,1,1
3,inter_out,f32,262144,glibc_t1,P6,6,1,1,279167.00,0.0000,0.0000,282000.0,0.0,2.000,2097152.0,0.000,0,0,2097152,1,1,0,1,1,1
3,inter_out,f32,262144,glibc_t1,FIXED_TWIN,6,2,1,241438.00,0.0000,0.0000,244000.0,0.0,2.000,2097152.0,0.000,0,0,2097152,1,1,0,1,1,1
3,inter_out,f32,262144,glibc_t1,P6,7,0,1,240499.00,0.0000,0.0000,242000.0,0.0,2.000,2097152.0,0.000,0,0,2097152,1,1,0,1,1,1
3,inter_out,f32,262144,glibc_t1,FIXED_TWIN,7,1,1,261519.00,0.0000,0.0000,263000.0,0.0,2.000,2097152.0,0.000,0,0,2097152,1,1,0,1,1,1
3,inter_out,f32,262144,glibc_t1,P5,7,2,1,287463.00,0.0000,0.0000,290000.0,0.0,3.000,3145728.0,0.000,0,0,3145728,2,0,0,1,1,1
3,inter_out,f32,262144,glibc_t1,FIXED_TWIN,8,0,1,239893.00,0.0000,0.0000,242000.0,0.0,2.000,2097152.0,0.000,0,0,2097152,1,1,0,1,1,1
3,inter_out,f32,262144,glibc_t1,P5,8,1,1,312196.00,0.0000,0.0000,315000.0,0.0,3.000,3145728.0,0.000,0,0,3145728,2,0,0,1,1,1
3,inter_out,f32,262144,glibc_t1,P6,8,2,1,250853.00,0.0000,0.0000,253000.0,0.0,2.000,2097152.0,0.000,0,0,2097152,1,1,0,1,1,1
3,inter_out,f32,262144,glibc_t1,P5,9,0,1,288527.00,0.0000,0.0000,290000.0,0.0,3.000,3145728.0,0.000,0,0,3145728,2,0,0,1,1,1
3,inter_out,f32,262144,glibc_t1,P6,9,1,1,283958.00,0.0000,0.0000,287000.0,0.0,2.000,2097152.0,0.000,0,0,2097152,1,1,0,1,1,1
3,inter_out,f32,262144,glibc_t1,FIXED_TWIN,9,2,1,239327.00,0.0000,0.0000,242000.0,0.0,2.000,2097152.0,0.000,0,0,2097152,1,1,0,1,1,1
3,inter_out,f32,262144,glibc_t1,P6,10,0,1,242291.00,0.0000,0.0000,245000.0,0.0,2.000,2097152.0,0.000,0,0,2097152,1,1,0,1,1,1
3,inter_out,f32,262144,glibc_t1,FIXED_TWIN,10,1,1,235753.00,0.0000,0.0000,238000.0,0.0,2.000,2097152.0,0.000,0,0,2097152,1,1,0,1,1,1
3,inter_out,f32,262144,glibc_t1,P5,10,2,1,306076.00,0.0000,0.0000,309000.0,0.0,3.000,3145728.0,0.000,0,0,3145728,2,0,0,1,1,1
3,inter_out,f32,262144,glibc_t1,FIXED_TWIN,11,0,1,257409.00,0.0000,0.0000,260000.0,0.0,2.000,2097152.0,0.000,0,0,2097152,1,1,0,1,1,1
3,inter_out,f32,262144,glibc_t1,P5,11,1,1,329256.00,0.0000,0.0000,332000.0,0.0,3.000,3145728.0,0.000,0,0,3145728,2,0,0,1,1,1
3,inter_out,f32,262144,glibc_t1,P6,11,2,1,262055.00,0.0000,0.0000,265000.0,0.0,2.000,2097152.0,0.000,0,0,2097152,1,1,0,1,1,1
3,inter_out,f32,262144,glibc_t1,P5,12,0,1,322125.00,0.0000,0.0000,325000.0,0.0,3.000,3145728.0,0.000,0,0,3145728,2,0,0,1,1,1
3,inter_out,f32,262144,glibc_t1,P6,12,1,1,281467.00,0.0000,0.0000,283000.0,0.0,2.000,2097152.0,0.000,0,0,2097152,1,1,0,1,1,1
3,inter_out,f32,262144,glibc_t1,FIXED_TWIN,12,2,1,239121.00,0.0000,0.0000,241000.0,0.0,2.000,2097152.0,0.000,0,0,2097152,1,1,0,1,1,1
3,inter_out,f32,262144,glibc_t1,P6,13,0,1,233180.00,0.0000,0.0000,235000.0,0.0,2.000,2097152.0,0.000,0,0,2097152,1,1,0,1,1,1
3,inter_out,f32,262144,glibc_t1,FIXED_TWIN,13,1,1,261151.00,0.0000,0.0000,264000.0,0.0,2.000,2097152.0,0.000,0,0,2097152,1,1,0,1,1,1
3,inter_out,f32,262144,glibc_t1,P5,13,2,1,313071.00,0.0000,0.0000,319000.0,0.0,3.000,3145728.0,0.000,0,0,3145728,2,0,0,1,1,1
3,inter_out,f32,262144,glibc_t1,FIXED_TWIN,14,0,1,240503.00,0.0000,0.0000,250000.0,0.0,2.000,2097152.0,0.000,0,0,2097152,1,1,0,1,1,1
3,inter_out,f32,262144,glibc_t1,P5,14,1,1,315212.00,0.0000,0.0000,317000.0,0.0,3.000,3145728.0,0.000,0,0,3145728,2,0,0,1,1,1
3,inter_out,f32,262144,glibc_t1,P6,14,2,1,241609.00,0.0000,0.0000,244000.0,0.0,2.000,2097152.0,0.000,0,0,2097152,1,1,0,1,1,1
3,inter_out,f32,1048576,glibc_t1,P5,0,0,1,1291814.00,0.0000,0.0000,1297000.0,0.0,3.000,12582912.0,0.000,0,0,12582912,2,0,0,1,1,1
3,inter_out,f32,1048576,glibc_t1,P6,0,1,1,1164689.00,0.0000,0.0000,1169000.0,0.0,2.000,8388608.0,0.000,0,0,8388608,1,1,0,1,1,1
3,inter_out,f32,1048576,glibc_t1,FIXED_TWIN,0,2,1,1149325.00,0.0000,0.0000,1153000.0,0.0,2.000,8388608.0,0.000,0,0,8388608,1,1,0,1,1,1
3,inter_out,f32,1048576,glibc_t1,P6,1,0,1,1145454.00,0.0000,0.0000,1149000.0,0.0,2.000,8388608.0,0.000,0,0,8388608,1,1,0,1,1,1
3,inter_out,f32,1048576,glibc_t1,FIXED_TWIN,1,1,1,1209084.00,0.0000,0.0000,1212000.0,0.0,2.000,8388608.0,0.000,0,0,8388608,1,1,0,1,1,1
3,inter_out,f32,1048576,glibc_t1,P5,1,2,1,1439421.00,0.0000,0.0000,1443000.0,0.0,3.000,12582912.0,0.000,0,0,12582912,2,0,0,1,1,1
3,inter_out,f32,1048576,glibc_t1,FIXED_TWIN,2,0,1,1134953.00,0.0000,0.0000,1138000.0,0.0,2.000,8388608.0,0.000,0,0,8388608,1,1,0,1,1,1
3,inter_out,f32,1048576,glibc_t1,P5,2,1,1,1315062.00,0.0000,0.0000,1319000.0,0.0,3.000,12582912.0,0.000,0,0,12582912,2,0,0,1,1,1
3,inter_out,f32,1048576,glibc_t1,P6,2,2,1,1149121.00,0.0000,0.0000,1152000.0,0.0,2.000,8388608.0,0.000,0,0,8388608,1,1,0,1,1,1
3,inter_out,f32,1048576,glibc_t1,P5,3,0,1,1338181.00,0.0000,0.0000,1342000.0,0.0,3.000,12582912.0,0.000,0,0,12582912,2,0,0,1,1,1
3,inter_out,f32,1048576,glibc_t1,P6,3,1,1,1144697.00,0.0000,0.0000,1149000.0,0.0,2.000,8388608.0,0.000,0,0,8388608,1,1,0,1,1,1
3,inter_out,f32,1048576,glibc_t1,FIXED_TWIN,3,2,1,1216125.00,0.0000,0.0000,1221000.0,0.0,2.000,8388608.0,0.000,0,0,8388608,1,1,0,1,1,1
3,inter_out,f32,1048576,glibc_t1,P6,4,0,1,1188718.00,0.0000,0.0000,1192000.0,0.0,2.000,8388608.0,0.000,0,0,8388608,1,1,0,1,1,1
3,inter_out,f32,1048576,glibc_t1,FIXED_TWIN,4,1,1,1191314.00,0.0000,0.0000,1195000.0,0.0,2.000,8388608.0,0.000,0,0,8388608,1,1,0,1,1,1
3,inter_out,f32,1048576,glibc_t1,P5,4,2,1,1582071.00,0.0000,0.0000,1585000.0,0.0,3.000,12582912.0,0.000,0,0,12582912,2,0,0,1,1,1
3,inter_out,f32,1048576,glibc_t1,FIXED_TWIN,5,0,1,1146295.00,0.0000,0.0000,1149000.0,0.0,2.000,8388608.0,0.000,0,0,8388608,1,1,0,1,1,1
3,inter_out,f32,1048576,glibc_t1,P5,5,1,1,1363829.00,0.0000,0.0000,1367000.0,0.0,3.000,12582912.0,0.000,0,0,12582912,2,0,0,1,1,1
3,inter_out,f32,1048576,glibc_t1,P6,5,2,1,1225266.00,0.0000,0.0000,1230000.0,0.0,2.000,8388608.0,0.000,0,0,8388608,1,1,0,1,1,1
3,inter_out,f32,1048576,glibc_t1,P5,6,0,1,1359195.00,0.0000,0.0000,1363000.0,0.0,3.000,12582912.0,0.000,0,0,12582912,2,0,0,1,1,1
3,inter_out,f32,1048576,glibc_t1,P6,6,1,1,1175514.00,0.0000,0.0000,1180000.0,0.0,2.000,8388608.0,0.000,0,0,8388608,1,1,0,1,1,1
3,inter_out,f32,1048576,glibc_t1,FIXED_TWIN,6,2,1,1134692.00,0.0000,0.0000,1139000.0,0.0,2.000,8388608.0,0.000,0,0,8388608,1,1,0,1,1,1
3,inter_out,f32,1048576,glibc_t1,P6,7,0,1,1187998.00,0.0000,0.0000,1191000.0,0.0,2.000,8388608.0,0.000,0,0,8388608,1,1,0,1,1,1
3,inter_out,f32,1048576,glibc_t1,FIXED_TWIN,7,1,1,1140735.00,0.0000,0.0000,1145000.0,0.0,2.000,8388608.0,0.000,0,0,8388608,1,1,0,1,1,1
3,inter_out,f32,1048576,glibc_t1,P5,7,2,1,1533414.00,0.0000,0.0000,1538000.0,0.0,3.000,12582912.0,0.000,0,0,12582912,2,0,0,1,1,1
3,inter_out,f32,1048576,glibc_t1,FIXED_TWIN,8,0,1,1319311.00,0.0000,0.0000,1325000.0,0.0,2.000,8388608.0,0.000,0,0,8388608,1,1,0,1,1,1
3,inter_out,f32,1048576,glibc_t1,P5,8,1,1,1454756.00,0.0000,0.0000,1468000.0,0.0,3.000,12582912.0,0.000,0,0,12582912,2,0,0,1,1,1
3,inter_out,f32,1048576,glibc_t1,P6,8,2,1,1146700.00,0.0000,0.0000,1150000.0,0.0,2.000,8388608.0,0.000,0,0,8388608,1,1,0,1,1,1
3,inter_out,f32,1048576,glibc_t1,P5,9,0,1,1410597.00,0.0000,0.0000,1415000.0,0.0,3.000,12582912.0,0.000,0,0,12582912,2,0,0,1,1,1
3,inter_out,f32,1048576,glibc_t1,P6,9,1,1,1342735.00,0.0000,0.0000,1348000.0,0.0,2.000,8388608.0,0.000,0,0,8388608,1,1,0,1,1,1
3,inter_out,f32,1048576,glibc_t1,FIXED_TWIN,9,2,1,1233667.00,0.0000,0.0000,1239000.0,0.0,2.000,8388608.0,0.000,0,0,8388608,1,1,0,1,1,1
3,inter_out,f32,1048576,glibc_t1,P6,10,0,1,1270770.00,0.0000,0.0000,1275000.0,0.0,2.000,8388608.0,0.000,0,0,8388608,1,1,0,1,1,1
3,inter_out,f32,1048576,glibc_t1,FIXED_TWIN,10,1,1,1157036.00,0.0000,0.0000,1161000.0,0.0,2.000,8388608.0,0.000,0,0,8388608,1,1,0,1,1,1
3,inter_out,f32,1048576,glibc_t1,P5,10,2,1,1741599.00,0.0000,0.0000,1746000.0,0.0,3.000,12582912.0,0.000,0,0,12582912,2,0,0,1,1,1
3,inter_out,f32,1048576,glibc_t1,FIXED_TWIN,11,0,1,1186057.00,0.0000,0.0000,1189000.0,0.0,2.000,8388608.0,0.000,0,0,8388608,1,1,0,1,1,1
3,inter_out,f32,1048576,glibc_t1,P5,11,1,1,1317832.00,0.0000,0.0000,1321000.0,0.0,3.000,12582912.0,0.000,0,0,12582912,2,0,0,1,1,1
3,inter_out,f32,1048576,glibc_t1,P6,11,2,1,1119440.00,0.0000,0.0000,1122000.0,0.0,2.000,8388608.0,0.000,0,0,8388608,1,1,0,1,1,1
3,inter_out,f32,1048576,glibc_t1,P5,12,0,1,1481890.00,0.0000,0.0000,1488000.0,0.0,3.000,12582912.0,0.000,0,0,12582912,2,0,0,1,1,1
3,inter_out,f32,1048576,glibc_t1,P6,12,1,1,1245187.00,0.0000,0.0000,1250000.0,0.0,2.000,8388608.0,0.000,0,0,8388608,1,1,0,1,1,1
3,inter_out,f32,1048576,glibc_t1,FIXED_TWIN,12,2,1,1388849.00,0.0000,0.0000,1392000.0,0.0,2.000,8388608.0,0.000,0,0,8388608,1,1,0,1,1,1
3,inter_out,f32,1048576,glibc_t1,P6,13,0,1,1426852.00,0.0000,0.0000,1433000.0,0.0,2.000,8388608.0,0.000,0,0,8388608,1,1,0,1,1,1
3,inter_out,f32,1048576,glibc_t1,FIXED_TWIN,13,1,1,1172902.00,0.0000,0.0000,1178000.0,0.0,2.000,8388608.0,0.000,0,0,8388608,1,1,0,1,1,1
3,inter_out,f32,1048576,glibc_t1,P5,13,2,1,1615223.00,0.0000,0.0000,1619000.0,0.0,3.000,12582912.0,0.000,0,0,12582912,2,0,0,1,1,1
3,inter_out,f32,1048576,glibc_t1,FIXED_TWIN,14,0,1,1267060.00,0.0000,0.0000,1271000.0,0.0,2.000,8388608.0,0.000,0,0,8388608,1,1,0,1,1,1
3,inter_out,f32,1048576,glibc_t1,P5,14,1,1,1463378.00,0.0000,0.0000,1467000.0,0.0,3.000,12582912.0,0.000,0,0,12582912,2,0,0,1,1,1
3,inter_out,f32,1048576,glibc_t1,P6,14,2,1,1149494.00,0.0000,0.0000,1153000.0,0.0,2.000,8388608.0,0.000,0,0,8388608,1,1,0,1,1,1
3,inter_out,f32,4194304,glibc_t1,P5,0,0,1,7286497.00,0.0000,0.0000,7292000.0,0.0,3.000,50331648.0,0.000,0,0,50331648,2,0,0,1,1,1
3,inter_out,f32,4194304,glibc_t1,P6,0,1,1,6596022.00,0.0000,0.0000,6601000.0,0.0,2.000,33554432.0,0.000,0,0,33554432,1,1,0,1,1,1
3,inter_out,f32,4194304,glibc_t1,FIXED_TWIN,0,2,1,6336936.00,0.0000,0.0000,6342000.0,0.0,2.000,33554432.0,0.000,0,0,33554432,1,1,0,1,1,1
3,inter_out,f32,4194304,glibc_t1,P6,1,0,1,6386262.00,0.0000,0.0000,6390000.0,0.0,2.000,33554432.0,0.000,0,0,33554432,1,1,0,1,1,1
3,inter_out,f32,4194304,glibc_t1,FIXED_TWIN,1,1,1,6249309.00,0.0000,0.0000,6255000.0,0.0,2.000,33554432.0,0.000,0,0,33554432,1,1,0,1,1,1
3,inter_out,f32,4194304,glibc_t1,P5,1,2,1,7376282.00,0.0000,0.0000,7381000.0,0.0,3.000,50331648.0,0.000,0,0,50331648,2,0,0,1,1,1
3,inter_out,f32,4194304,glibc_t1,FIXED_TWIN,2,0,1,6154557.00,0.0000,0.0000,6159000.0,0.0,2.000,33554432.0,0.000,0,0,33554432,1,1,0,1,1,1
3,inter_out,f32,4194304,glibc_t1,P5,2,1,1,7331689.00,0.0000,0.0000,7336000.0,0.0,3.000,50331648.0,0.000,0,0,50331648,2,0,0,1,1,1
3,inter_out,f32,4194304,glibc_t1,P6,2,2,1,6653446.00,0.0000,0.0000,6660000.0,0.0,2.000,33554432.0,0.000,0,0,33554432,1,1,0,1,1,1
3,inter_out,f32,4194304,glibc_t1,P5,3,0,1,11770759.00,0.0000,0.0000,11758000.0,0.0,3.000,50331648.0,0.000,0,0,50331648,2,0,0,1,1,1
3,inter_out,f32,4194304,glibc_t1,P6,3,1,1,6746216.00,0.0000,0.0000,6751000.0,0.0,2.000,33554432.0,0.000,0,0,33554432,1,1,0,1,1,1
3,inter_out,f32,4194304,glibc_t1,FIXED_TWIN,3,2,1,7404444.00,0.0000,0.0000,7411000.0,0.0,2.000,33554432.0,0.000,0,0,33554432,1,1,0,1,1,1
3,inter_out,f32,4194304,glibc_t1,P6,4,0,1,6924106.00,0.0000,0.0000,6930000.0,0.0,2.000,33554432.0,0.000,0,0,33554432,1,1,0,1,1,1
3,inter_out,f32,4194304,glibc_t1,FIXED_TWIN,4,1,1,7091538.00,0.0000,0.0000,7098000.0,0.0,2.000,33554432.0,0.000,0,0,33554432,1,1,0,1,1,1
3,inter_out,f32,4194304,glibc_t1,P5,4,2,1,7761605.00,0.0000,0.0000,7767000.0,0.0,3.000,50331648.0,0.000,0,0,50331648,2,0,0,1,1,1
3,inter_out,f32,4194304,glibc_t1,FIXED_TWIN,5,0,1,6952807.00,0.0000,0.0000,6959000.0,0.0,2.000,33554432.0,0.000,0,0,33554432,1,1,0,1,1,1
3,inter_out,f32,4194304,glibc_t1,P5,5,1,1,8772500.00,0.0000,0.0000,8779000.0,0.0,3.000,50331648.0,0.000,0,0,50331648,2,0,0,1,1,1
3,inter_out,f32,4194304,glibc_t1,P6,5,2,1,7341579.00,0.0000,0.0000,7348000.0,0.0,2.000,33554432.0,0.000,0,0,33554432,1,1,0,1,1,1
3,inter_out,f32,4194304,glibc_t1,P5,6,0,1,8208269.00,0.0000,0.0000,8214000.0,0.0,3.000,50331648.0,0.000,0,0,50331648,2,0,0,1,1,1
3,inter_out,f32,4194304,glibc_t1,P6,6,1,1,7121124.00,0.0000,0.0000,7130000.0,0.0,2.000,33554432.0,0.000,0,0,33554432,1,1,0,1,1,1
3,inter_out,f32,4194304,glibc_t1,FIXED_TWIN,6,2,1,7112205.00,0.0000,0.0000,7119000.0,0.0,2.000,33554432.0,0.000,0,0,33554432,1,1,0,1,1,1
3,inter_out,f32,4194304,glibc_t1,P6,7,0,1,7068370.00,0.0000,0.0000,7075000.0,0.0,2.000,33554432.0,0.000,0,0,33554432,1,1,0,1,1,1
3,inter_out,f32,4194304,glibc_t1,FIXED_TWIN,7,1,1,6676944.00,0.0000,0.0000,6682000.0,0.0,2.000,33554432.0,0.000,0,0,33554432,1,1,0,1,1,1
3,inter_out,f32,4194304,glibc_t1,P5,7,2,1,7665595.00,0.0000,0.0000,7671000.0,0.0,3.000,50331648.0,0.000,0,0,50331648,2,0,0,1,1,1
3,inter_out,f32,4194304,glibc_t1,FIXED_TWIN,8,0,1,6679919.00,0.0000,0.0000,6686000.0,0.0,2.000,33554432.0,0.000,0,0,33554432,1,1,0,1,1,1
3,inter_out,f32,4194304,glibc_t1,P5,8,1,1,7721525.00,0.0000,0.0000,7727000.0,0.0,3.000,50331648.0,0.000,0,0,50331648,2,0,0,1,1,1
3,inter_out,f32,4194304,glibc_t1,P6,8,2,1,6508854.00,0.0000,0.0000,6513000.0,0.0,2.000,33554432.0,0.000,0,0,33554432,1,1,0,1,1,1
3,inter_out,f32,4194304,glibc_t1,P5,9,0,1,7559474.00,0.0000,0.0000,7564000.0,0.0,3.000,50331648.0,0.000,0,0,50331648,2,0,0,1,1,1
3,inter_out,f32,4194304,glibc_t1,P6,9,1,1,6936919.00,0.0000,0.0000,6942000.0,0.0,2.000,33554432.0,0.000,0,0,33554432,1,1,0,1,1,1
3,inter_out,f32,4194304,glibc_t1,FIXED_TWIN,9,2,1,6343582.00,0.0000,0.0000,6349000.0,0.0,2.000,33554432.0,0.000,0,0,33554432,1,1,0,1,1,1
3,inter_out,f32,4194304,glibc_t1,P6,10,0,1,6430370.00,0.0000,0.0000,6436000.0,0.0,2.000,33554432.0,0.000,0,0,33554432,1,1,0,1,1,1
3,inter_out,f32,4194304,glibc_t1,FIXED_TWIN,10,1,1,6349560.00,0.0000,0.0000,6354000.0,0.0,2.000,33554432.0,0.000,0,0,33554432,1,1,0,1,1,1
3,inter_out,f32,4194304,glibc_t1,P5,10,2,1,7801238.00,0.0000,0.0000,7806000.0,0.0,3.000,50331648.0,0.000,0,0,50331648,2,0,0,1,1,1
3,inter_out,f32,4194304,glibc_t1,FIXED_TWIN,11,0,1,6565591.00,0.0000,0.0000,6594000.0,0.0,2.000,33554432.0,0.000,0,0,33554432,1,1,0,1,1,1
3,inter_out,f32,4194304,glibc_t1,P5,11,1,1,7543377.00,0.0000,0.0000,7548000.0,0.0,3.000,50331648.0,0.000,0,0,50331648,2,0,0,1,1,1
3,inter_out,f32,4194304,glibc_t1,P6,11,2,1,6231052.00,0.0000,0.0000,6235000.0,0.0,2.000,33554432.0,0.000,0,0,33554432,1,1,0,1,1,1
3,inter_out,f32,4194304,glibc_t1,P5,12,0,1,7772980.00,0.0000,0.0000,7778000.0,0.0,3.000,50331648.0,0.000,0,0,50331648,2,0,0,1,1,1
3,inter_out,f32,4194304,glibc_t1,P6,12,1,1,6545907.00,0.0000,0.0000,6550000.0,0.0,2.000,33554432.0,0.000,0,0,33554432,1,1,0,1,1,1
3,inter_out,f32,4194304,glibc_t1,FIXED_TWIN,12,2,1,6278718.00,0.0000,0.0000,6283000.0,0.0,2.000,33554432.0,0.000,0,0,33554432,1,1,0,1,1,1
3,inter_out,f32,4194304,glibc_t1,P6,13,0,1,6166291.00,0.0000,0.0000,6170000.0,0.0,2.000,33554432.0,0.000,0,0,33554432,1,1,0,1,1,1
3,inter_out,f32,4194304,glibc_t1,FIXED_TWIN,13,1,1,6369497.00,0.0000,0.0000,6375000.0,0.0,2.000,33554432.0,0.000,0,0,33554432,1,1,0,1,1,1
3,inter_out,f32,4194304,glibc_t1,P5,13,2,1,7968142.00,0.0000,0.0000,7975000.0,0.0,3.000,50331648.0,0.000,0,0,50331648,2,0,0,1,1,1
3,inter_out,f32,4194304,glibc_t1,FIXED_TWIN,14,0,1,6815376.00,0.0000,0.0000,6822000.0,0.0,2.000,33554432.0,0.000,0,0,33554432,1,1,0,1,1,1
3,inter_out,f32,4194304,glibc_t1,P5,14,1,1,8328078.00,0.0000,0.0000,8334000.0,0.0,3.000,50331648.0,0.000,0,0,50331648,2,0,0,1,1,1
3,inter_out,f32,4194304,glibc_t1,P6,14,2,1,7182583.00,0.0000,0.0000,7176000.0,0.0,2.000,33554432.0,0.000,0,0,33554432,1,1,0,1,1,1
3,inter_out,f32,16777216,glibc_t1,P5,0,0,1,117737732.00,49155.0000,0.0000,14890000.0,102853000.0,3.000,201326592.0,0.000,0,0,201326592,2,0,0,1,1,1
3,inter_out,f32,16777216,glibc_t1,P6,0,1,1,101172579.00,32770.0000,0.0000,32570000.0,68533000.0,2.000,134217728.0,0.000,0,0,134217728,1,1,0,1,1,1
3,inter_out,f32,16777216,glibc_t1,FIXED_TWIN,0,2,1,93931053.00,32770.0000,0.0000,28958000.0,64981000.0,2.000,134217728.0,0.000,0,0,134217728,1,1,0,1,1,1
3,inter_out,f32,16777216,glibc_t1,P6,1,0,1,114494155.00,32770.0000,0.0000,43264000.0,71240000.0,2.000,134217728.0,0.000,0,0,134217728,1,1,0,1,1,1
3,inter_out,f32,16777216,glibc_t1,FIXED_TWIN,1,1,1,111709511.00,32770.0000,0.0000,23864000.0,87853000.0,2.000,134217728.0,0.000,0,0,134217728,1,1,0,1,1,1
3,inter_out,f32,16777216,glibc_t1,P5,1,2,1,121405772.00,49155.0000,0.0000,28698000.0,92676000.0,3.000,201326592.0,0.000,0,0,201326592,2,0,0,1,1,1
3,inter_out,f32,16777216,glibc_t1,FIXED_TWIN,2,0,1,95180886.00,32770.0000,0.0000,15603000.0,79585000.0,2.000,134217728.0,0.000,0,0,134217728,1,1,0,1,1,1
3,inter_out,f32,16777216,glibc_t1,P5,2,1,1,121721841.00,49155.0000,0.0000,30886000.0,90842000.0,3.000,201326592.0,0.000,0,0,201326592,2,0,0,1,1,1
3,inter_out,f32,16777216,glibc_t1,P6,2,2,1,97544831.00,32770.0000,0.0000,38799000.0,58754000.0,2.000,134217728.0,0.000,0,0,134217728,1,1,0,1,1,1
3,inter_out,f32,16777216,glibc_t1,P5,3,0,1,138526994.00,49155.0000,0.0000,35284000.0,103240000.0,3.000,201326592.0,0.000,0,0,201326592,2,0,0,1,1,1
3,inter_out,f32,16777216,glibc_t1,P6,3,1,1,101866600.00,32770.0000,0.0000,16922000.0,84951000.0,2.000,134217728.0,0.000,0,0,134217728,1,1,0,1,1,1
3,inter_out,f32,16777216,glibc_t1,FIXED_TWIN,3,2,1,104084524.00,32770.0000,0.0000,32036000.0,72034000.0,2.000,134217728.0,0.000,0,0,134217728,1,1,0,1,1,1
3,inter_out,f32,16777216,glibc_t1,P6,4,0,1,96020743.00,32770.0000,0.0000,31997000.0,64012000.0,2.000,134217728.0,0.000,0,0,134217728,1,1,0,1,1,1
3,inter_out,f32,16777216,glibc_t1,FIXED_TWIN,4,1,1,91301147.00,32770.0000,0.0000,27663000.0,63646000.0,2.000,134217728.0,0.000,0,0,134217728,1,1,0,1,1,1
3,inter_out,f32,16777216,glibc_t1,P5,4,2,1,118616716.00,49155.0000,0.0000,39294000.0,79296000.0,3.000,201326592.0,0.000,0,0,201326592,2,0,0,1,1,1
3,inter_out,f32,16777216,glibc_t1,FIXED_TWIN,5,0,1,99214312.00,32770.0000,0.0000,27590000.0,71590000.0,2.000,134217728.0,0.000,0,0,134217728,1,1,0,1,1,1
3,inter_out,f32,16777216,glibc_t1,P5,5,1,1,120457027.00,49155.0000,0.0000,20230000.0,100234000.0,3.000,201326592.0,0.000,0,0,201326592,2,0,0,1,1,1
3,inter_out,f32,16777216,glibc_t1,P6,5,2,1,91136822.00,32770.0000,0.0000,31572000.0,59561000.0,2.000,134217728.0,0.000,0,0,134217728,1,1,0,1,1,1
3,inter_out,f32,16777216,glibc_t1,P5,6,0,1,120015766.00,49155.0000,0.0000,28009000.0,92003000.0,3.000,201326592.0,0.000,0,0,201326592,2,0,0,1,1,1
3,inter_out,f32,16777216,glibc_t1,P6,6,1,1,90592984.00,32770.0000,0.0000,29272000.0,61327000.0,2.000,134217728.0,0.000,0,0,134217728,1,1,0,1,1,1
3,inter_out,f32,16777216,glibc_t1,FIXED_TWIN,6,2,1,90213045.00,32770.0000,0.0000,19132000.0,71086000.0,2.000,134217728.0,0.000,0,0,134217728,1,1,0,1,1,1
3,inter_out,f32,16777216,glibc_t1,P6,7,0,1,92560610.00,32770.0000,0.0000,28279000.0,64235000.0,2.000,134217728.0,0.000,0,0,134217728,1,1,0,1,1,1
3,inter_out,f32,16777216,glibc_t1,FIXED_TWIN,7,1,1,90268909.00,32770.0000,0.0000,33079000.0,57163000.0,2.000,134217728.0,0.000,0,0,134217728,1,1,0,1,1,1
3,inter_out,f32,16777216,glibc_t1,P5,7,2,1,118341541.00,49155.0000,0.0000,23154000.0,95151000.0,3.000,201326592.0,0.000,0,0,201326592,2,0,0,1,1,1
3,inter_out,f32,16777216,glibc_t1,FIXED_TWIN,8,0,1,92739715.00,32770.0000,0.0000,40365000.0,52382000.0,2.000,134217728.0,0.000,0,0,134217728,1,1,0,1,1,1
3,inter_out,f32,16777216,glibc_t1,P5,8,1,1,121427292.00,49155.0000,0.0000,26752000.0,94682000.0,3.000,201326592.0,0.000,0,0,201326592,2,0,0,1,1,1
3,inter_out,f32,16777216,glibc_t1,P6,8,2,1,92314043.00,32770.0000,0.0000,20160000.0,72163000.0,2.000,134217728.0,0.000,0,0,134217728,1,1,0,1,1,1
3,inter_out,f32,16777216,glibc_t1,P5,9,0,1,126570971.00,49155.0000,0.0000,55307000.0,71181000.0,3.000,201326592.0,0.000,0,0,201326592,2,0,0,1,1,1
3,inter_out,f32,16777216,glibc_t1,P6,9,1,1,115104241.00,32770.0000,0.0000,55539000.0,59462000.0,2.000,134217728.0,0.000,0,0,134217728,1,1,0,1,1,1
3,inter_out,f32,16777216,glibc_t1,FIXED_TWIN,9,2,1,92785116.00,32770.0000,0.0000,36387000.0,56406000.0,2.000,134217728.0,0.000,0,0,134217728,1,1,0,1,1,1
3,inter_out,f32,16777216,glibc_t1,P6,10,0,1,89899847.00,32770.0000,0.0000,18970000.0,70911000.0,2.000,134217728.0,0.000,0,0,134217728,1,1,0,1,1,1
3,inter_out,f32,16777216,glibc_t1,FIXED_TWIN,10,1,1,93478485.00,32770.0000,0.0000,26777000.0,66621000.0,2.000,134217728.0,0.000,0,0,134217728,1,1,0,1,1,1
3,inter_out,f32,16777216,glibc_t1,P5,10,2,1,118807009.00,49155.0000,0.0000,45348000.0,73378000.0,3.000,201326592.0,0.000,0,0,201326592,2,0,0,1,1,1
3,inter_out,f32,16777216,glibc_t1,FIXED_TWIN,11,0,1,96462386.00,32770.0000,0.0000,32224000.0,64233000.0,2.000,134217728.0,0.000,0,0,134217728,1,1,0,1,1,1
3,inter_out,f32,16777216,glibc_t1,P5,11,1,1,121457570.00,49155.0000,0.0000,22771000.0,98658000.0,3.000,201326592.0,0.000,0,0,201326592,2,0,0,1,1,1
3,inter_out,f32,16777216,glibc_t1,P6,11,2,1,88453058.00,32770.0000,0.0000,28224000.0,60225000.0,2.000,134217728.0,0.000,0,0,134217728,1,1,0,1,1,1
3,inter_out,f32,16777216,glibc_t1,P5,12,0,1,138338761.00,49155.0000,0.0000,25143000.0,113183000.0,3.000,201326592.0,0.000,0,0,201326592,2,0,0,1,1,1
3,inter_out,f32,16777216,glibc_t1,P6,12,1,1,92744452.00,32770.0000,0.0000,26425000.0,66327000.0,2.000,134217728.0,0.000,0,0,134217728,1,1,0,1,1,1
3,inter_out,f32,16777216,glibc_t1,FIXED_TWIN,12,2,1,92964292.00,32770.0000,0.0000,24474000.0,68499000.0,2.000,134217728.0,0.000,0,0,134217728,1,1,0,1,1,1
3,inter_out,f32,16777216,glibc_t1,P6,13,0,1,111765931.00,32770.0000,0.0000,31892000.0,79880000.0,2.000,134217728.0,0.000,0,0,134217728,1,1,0,1,1,1
3,inter_out,f32,16777216,glibc_t1,FIXED_TWIN,13,1,1,90092702.00,32770.0000,0.0000,37013000.0,53074000.0,2.000,134217728.0,0.000,0,0,134217728,1,1,0,1,1,1
3,inter_out,f32,16777216,glibc_t1,P5,13,2,1,126034753.00,49155.0000,0.0000,19054000.0,106987000.0,3.000,201326592.0,0.000,0,0,201326592,2,0,0,1,1,1
3,inter_out,f32,16777216,glibc_t1,FIXED_TWIN,14,0,1,93437125.00,32770.0000,0.0000,36701000.0,56743000.0,2.000,134217728.0,0.000,0,0,134217728,1,1,0,1,1,1
3,inter_out,f32,16777216,glibc_t1,P5,14,1,1,127739674.00,49155.0000,0.0000,43878000.0,83652000.0,3.000,201326592.0,0.000,0,0,201326592,2,0,0,1,1,1
3,inter_out,f32,16777216,glibc_t1,P6,14,2,1,93164526.00,32770.0000,0.0000,24570000.0,68602000.0,2.000,134217728.0,0.000,0,0,134217728,1,1,0,1,1,1
3,after_use,f32,64,glibc_t1,P5,0,0,1000,3219.15,0.0000,0.0000,1563.0,1661.0,2.000,512.0,0.000,0,0,512000,2,0,0,0,2,1
3,after_use,f32,64,glibc_t1,FIXED_TWIN,0,1,1000,3284.86,0.0000,0.0000,3288.0,0.0,2.000,512.0,0.000,0,0,512000,2,0,0,0,2,1
3,after_use,f32,64,glibc_t1,FIXED_TWIN,1,0,1000,3246.79,0.0000,0.0000,3176.0,71.0,2.000,512.0,0.000,0,0,512000,2,0,0,0,2,1
3,after_use,f32,64,glibc_t1,P5,1,1,1000,3240.38,0.0000,0.0000,3244.0,0.0,2.000,512.0,0.000,0,0,512000,2,0,0,0,2,1
3,after_use,f32,64,glibc_t1,P5,2,0,1000,3309.16,0.0000,0.0000,3329.0,0.0,2.000,512.0,0.000,0,0,512000,2,0,0,0,2,1
3,after_use,f32,64,glibc_t1,FIXED_TWIN,2,1,1000,3387.69,0.0000,0.0000,3390.0,0.0,2.000,512.0,0.000,0,0,512000,2,0,0,0,2,1
3,after_use,f32,64,glibc_t1,FIXED_TWIN,3,0,1000,3217.68,0.0000,0.0000,3219.0,0.0,2.000,512.0,0.000,0,0,512000,2,0,0,0,2,1
3,after_use,f32,64,glibc_t1,P5,3,1,1000,3263.90,0.0000,0.0000,3265.0,0.0,2.000,512.0,0.000,0,0,512000,2,0,0,0,2,1
3,after_use,f32,64,glibc_t1,P5,4,0,1000,3718.14,0.0000,0.0000,3692.0,32.0,2.000,512.0,0.000,0,0,512000,2,0,0,0,2,1
3,after_use,f32,64,glibc_t1,FIXED_TWIN,4,1,1000,3214.86,0.0000,0.0000,3217.0,0.0,2.000,512.0,0.000,0,0,512000,2,0,0,0,2,1
3,after_use,f32,64,glibc_t1,FIXED_TWIN,5,0,1000,3210.90,0.0000,0.0000,3212.0,0.0,2.000,512.0,0.000,0,0,512000,2,0,0,0,2,1
3,after_use,f32,64,glibc_t1,P5,5,1,1000,3209.64,0.0000,0.0000,3210.0,0.0,2.000,512.0,0.000,0,0,512000,2,0,0,0,2,1
3,after_use,f32,64,glibc_t1,P5,6,0,1000,3275.58,0.0000,0.0000,3254.0,0.0,2.000,512.0,0.000,0,0,512000,2,0,0,0,2,1
3,after_use,f32,64,glibc_t1,FIXED_TWIN,6,1,1000,3397.22,0.0000,0.0000,3401.0,0.0,2.000,512.0,0.000,0,0,512000,2,0,0,0,2,1
3,after_use,f32,64,glibc_t1,FIXED_TWIN,7,0,1000,3832.17,0.0000,0.0000,3838.0,0.0,2.000,512.0,0.000,0,0,512000,2,0,0,0,2,1
3,after_use,f32,64,glibc_t1,P5,7,1,1000,3220.87,0.0000,0.0000,3223.0,0.0,2.000,512.0,0.000,0,0,512000,2,0,0,0,2,1
3,after_use,f32,64,glibc_t1,P5,8,0,1000,3227.47,0.0000,0.0000,3228.0,0.0,2.000,512.0,0.000,0,0,512000,2,0,0,0,2,1
3,after_use,f32,64,glibc_t1,FIXED_TWIN,8,1,1000,3246.89,0.0000,0.0000,3249.0,0.0,2.000,512.0,0.000,0,0,512000,2,0,0,0,2,1
3,after_use,f32,64,glibc_t1,FIXED_TWIN,9,0,1000,3292.17,0.0000,0.0000,3294.0,0.0,2.000,512.0,0.000,0,0,512000,2,0,0,0,2,1
3,after_use,f32,64,glibc_t1,P5,9,1,1000,3270.44,0.0000,0.0000,3274.0,0.0,2.000,512.0,0.000,0,0,512000,2,0,0,0,2,1
3,after_use,f32,64,glibc_t1,P5,10,0,1000,3822.07,0.0000,0.0000,3825.0,0.0,2.000,512.0,0.000,0,0,512000,2,0,0,0,2,1
3,after_use,f32,64,glibc_t1,FIXED_TWIN,10,1,1000,3219.11,0.0000,0.0000,3221.0,0.0,2.000,512.0,0.000,0,0,512000,2,0,0,0,2,1
3,after_use,f32,64,glibc_t1,FIXED_TWIN,11,0,1000,3213.82,0.0000,0.0000,3215.0,0.0,2.000,512.0,0.000,0,0,512000,2,0,0,0,2,1
3,after_use,f32,64,glibc_t1,P5,11,1,1000,3211.87,0.0000,0.0000,3213.0,0.0,2.000,512.0,0.000,0,0,512000,2,0,0,0,2,1
3,after_use,f32,64,glibc_t1,P5,12,0,1000,3239.72,0.0000,0.0000,3241.0,0.0,2.000,512.0,0.000,0,0,512000,2,0,0,0,2,1
3,after_use,f32,64,glibc_t1,FIXED_TWIN,12,1,1000,3191.47,0.0000,0.0000,3192.0,0.0,2.000,512.0,0.000,0,0,512000,2,0,0,0,2,1
3,after_use,f32,64,glibc_t1,FIXED_TWIN,13,0,1000,3215.61,0.0000,0.0000,3217.0,0.0,2.000,512.0,0.000,0,0,512000,2,0,0,0,2,1
3,after_use,f32,64,glibc_t1,P5,13,1,1000,3216.81,0.0000,0.0000,3218.0,0.0,2.000,512.0,0.000,0,0,512000,2,0,0,0,2,1
3,after_use,f32,64,glibc_t1,P5,14,0,1000,3213.26,0.0000,0.0000,3214.0,0.0,2.000,512.0,0.000,0,0,512000,2,0,0,0,2,1
3,after_use,f32,64,glibc_t1,FIXED_TWIN,14,1,1000,3207.97,0.0000,0.0000,3209.0,0.0,2.000,512.0,0.000,0,0,512000,2,0,0,0,2,1
3,after_use,f32,1024,glibc_t1,P5,0,0,1000,3772.52,0.0000,0.0000,3778.0,0.0,2.000,8192.0,0.000,0,0,8192000,2,0,0,0,2,1
3,after_use,f32,1024,glibc_t1,FIXED_TWIN,0,1,1000,5900.83,0.0000,0.0000,5907.0,0.0,2.000,8192.0,0.000,0,0,8192000,2,0,0,0,2,1
3,after_use,f32,1024,glibc_t1,FIXED_TWIN,1,0,1000,4674.24,0.0000,0.0000,4678.0,0.0,2.000,8192.0,0.000,0,0,8192000,2,0,0,0,2,1
3,after_use,f32,1024,glibc_t1,P5,1,1,1000,3834.82,0.0000,0.0000,3839.0,0.0,2.000,8192.0,0.000,0,0,8192000,2,0,0,0,2,1
3,after_use,f32,1024,glibc_t1,P5,2,0,1000,3857.79,0.0000,0.0000,3861.0,0.0,2.000,8192.0,0.000,0,0,8192000,2,0,0,0,2,1
3,after_use,f32,1024,glibc_t1,FIXED_TWIN,2,1,1000,3851.70,0.0000,0.0000,3856.0,0.0,2.000,8192.0,0.000,0,0,8192000,2,0,0,0,2,1
3,after_use,f32,1024,glibc_t1,FIXED_TWIN,3,0,1000,3852.72,0.0000,0.0000,3855.0,0.0,2.000,8192.0,0.000,0,0,8192000,2,0,0,0,2,1
3,after_use,f32,1024,glibc_t1,P5,3,1,1000,4122.91,0.0000,0.0000,4100.0,0.0,2.000,8192.0,0.000,0,0,8192000,2,0,0,0,2,1
3,after_use,f32,1024,glibc_t1,P5,4,0,1000,3818.11,0.0000,0.0000,3820.0,0.0,2.000,8192.0,0.000,0,0,8192000,2,0,0,0,2,1
3,after_use,f32,1024,glibc_t1,FIXED_TWIN,4,1,1000,3883.62,0.0000,0.0000,3887.0,0.0,2.000,8192.0,0.000,0,0,8192000,2,0,0,0,2,1
3,after_use,f32,1024,glibc_t1,FIXED_TWIN,5,0,1000,3758.82,0.0000,0.0000,3764.0,0.0,2.000,8192.0,0.000,0,0,8192000,2,0,0,0,2,1
3,after_use,f32,1024,glibc_t1,P5,5,1,1000,3818.41,0.0000,0.0000,3822.0,0.0,2.000,8192.0,0.000,0,0,8192000,2,0,0,0,2,1
3,after_use,f32,1024,glibc_t1,P5,6,0,1000,4008.55,0.0000,0.0000,4012.0,0.0,2.000,8192.0,0.000,0,0,8192000,2,0,0,0,2,1
3,after_use,f32,1024,glibc_t1,FIXED_TWIN,6,1,1000,3924.74,0.0000,0.0000,3929.0,0.0,2.000,8192.0,0.000,0,0,8192000,2,0,0,0,2,1
3,after_use,f32,1024,glibc_t1,FIXED_TWIN,7,0,1000,3868.83,0.0000,0.0000,3872.0,0.0,2.000,8192.0,0.000,0,0,8192000,2,0,0,0,2,1
3,after_use,f32,1024,glibc_t1,P5,7,1,1000,3809.68,0.0000,0.0000,3814.0,0.0,2.000,8192.0,0.000,0,0,8192000,2,0,0,0,2,1
3,after_use,f32,1024,glibc_t1,P5,8,0,1000,3789.88,0.0000,0.0000,3792.0,0.0,2.000,8192.0,0.000,0,0,8192000,2,0,0,0,2,1
3,after_use,f32,1024,glibc_t1,FIXED_TWIN,8,1,1000,3884.71,0.0000,0.0000,3888.0,0.0,2.000,8192.0,0.000,0,0,8192000,2,0,0,0,2,1
3,after_use,f32,1024,glibc_t1,FIXED_TWIN,9,0,1000,3807.70,0.0000,0.0000,3810.0,0.0,2.000,8192.0,0.000,0,0,8192000,2,0,0,0,2,1
3,after_use,f32,1024,glibc_t1,P5,9,1,1000,3763.06,0.0000,0.0000,3766.0,0.0,2.000,8192.0,0.000,0,0,8192000,2,0,0,0,2,1
3,after_use,f32,1024,glibc_t1,P5,10,0,1000,3842.01,0.0000,0.0000,3845.0,0.0,2.000,8192.0,0.000,0,0,8192000,2,0,0,0,2,1
3,after_use,f32,1024,glibc_t1,FIXED_TWIN,10,1,1000,3726.52,0.0000,0.0000,3731.0,0.0,2.000,8192.0,0.000,0,0,8192000,2,0,0,0,2,1
3,after_use,f32,1024,glibc_t1,FIXED_TWIN,11,0,1000,3740.07,0.0000,0.0000,3744.0,0.0,2.000,8192.0,0.000,0,0,8192000,2,0,0,0,2,1
3,after_use,f32,1024,glibc_t1,P5,11,1,1000,3775.44,0.0000,0.0000,3777.0,0.0,2.000,8192.0,0.000,0,0,8192000,2,0,0,0,2,1
3,after_use,f32,1024,glibc_t1,P5,12,0,1000,4150.79,0.0000,0.0000,4156.0,0.0,2.000,8192.0,0.000,0,0,8192000,2,0,0,0,2,1
3,after_use,f32,1024,glibc_t1,FIXED_TWIN,12,1,1000,3724.27,0.0000,0.0000,3728.0,0.0,2.000,8192.0,0.000,0,0,8192000,2,0,0,0,2,1
3,after_use,f32,1024,glibc_t1,FIXED_TWIN,13,0,1000,3820.97,0.0000,0.0000,3826.0,0.0,2.000,8192.0,0.000,0,0,8192000,2,0,0,0,2,1
3,after_use,f32,1024,glibc_t1,P5,13,1,1000,3800.59,0.0000,0.0000,3804.0,0.0,2.000,8192.0,0.000,0,0,8192000,2,0,0,0,2,1
3,after_use,f32,1024,glibc_t1,P5,14,0,1000,3789.10,0.0000,0.0000,3793.0,0.0,2.000,8192.0,0.000,0,0,8192000,2,0,0,0,2,1
3,after_use,f32,1024,glibc_t1,FIXED_TWIN,14,1,1000,3777.28,0.0000,0.0000,3781.0,0.0,2.000,8192.0,0.000,0,0,8192000,2,0,0,0,2,1
3,after_use,f32,4096,glibc_t1,P5,0,0,1,1601.00,0.0000,0.0000,3000.0,0.0,2.000,32768.0,0.000,0,0,32768,2,0,0,0,2,1
3,after_use,f32,4096,glibc_t1,FIXED_TWIN,0,1,1,1523.00,0.0000,0.0000,2000.0,0.0,2.000,32768.0,0.000,0,0,32768,2,0,0,0,2,1
3,after_use,f32,4096,glibc_t1,FIXED_TWIN,1,0,1,1510.00,0.0000,0.0000,2000.0,0.0,2.000,32768.0,0.000,0,0,32768,2,0,0,0,2,1
3,after_use,f32,4096,glibc_t1,P5,1,1,1,1512.00,0.0000,0.0000,2000.0,0.0,2.000,32768.0,0.000,0,0,32768,2,0,0,0,2,1
3,after_use,f32,4096,glibc_t1,P5,2,0,1,1510.00,0.0000,0.0000,2000.0,0.0,2.000,32768.0,0.000,0,0,32768,2,0,0,0,2,1
3,after_use,f32,4096,glibc_t1,FIXED_TWIN,2,1,1,1522.00,0.0000,0.0000,2000.0,0.0,2.000,32768.0,0.000,0,0,32768,2,0,0,0,2,1
3,after_use,f32,4096,glibc_t1,FIXED_TWIN,3,0,1,1492.00,0.0000,0.0000,2000.0,0.0,2.000,32768.0,0.000,0,0,32768,2,0,0,0,2,1
3,after_use,f32,4096,glibc_t1,P5,3,1,1,1504.00,0.0000,0.0000,2000.0,0.0,2.000,32768.0,0.000,0,0,32768,2,0,0,0,2,1
3,after_use,f32,4096,glibc_t1,P5,4,0,1,1646.00,0.0000,0.0000,2000.0,0.0,2.000,32768.0,0.000,0,0,32768,2,0,0,0,2,1
3,after_use,f32,4096,glibc_t1,FIXED_TWIN,4,1,1,1560.00,0.0000,0.0000,2000.0,0.0,2.000,32768.0,0.000,0,0,32768,2,0,0,0,2,1
3,after_use,f32,4096,glibc_t1,FIXED_TWIN,5,0,1,1504.00,0.0000,0.0000,2000.0,0.0,2.000,32768.0,0.000,0,0,32768,2,0,0,0,2,1
3,after_use,f32,4096,glibc_t1,P5,5,1,1,1503.00,0.0000,0.0000,2000.0,0.0,2.000,32768.0,0.000,0,0,32768,2,0,0,0,2,1
3,after_use,f32,4096,glibc_t1,P5,6,0,1,1494.00,0.0000,0.0000,2000.0,0.0,2.000,32768.0,0.000,0,0,32768,2,0,0,0,2,1
3,after_use,f32,4096,glibc_t1,FIXED_TWIN,6,1,1,1501.00,0.0000,0.0000,2000.0,0.0,2.000,32768.0,0.000,0,0,32768,2,0,0,0,2,1
3,after_use,f32,4096,glibc_t1,FIXED_TWIN,7,0,1,1486.00,0.0000,0.0000,2000.0,0.0,2.000,32768.0,0.000,0,0,32768,2,0,0,0,2,1
3,after_use,f32,4096,glibc_t1,P5,7,1,1,1520.00,0.0000,0.0000,2000.0,0.0,2.000,32768.0,0.000,0,0,32768,2,0,0,0,2,1
3,after_use,f32,4096,glibc_t1,P5,8,0,1,1487.00,0.0000,0.0000,2000.0,0.0,2.000,32768.0,0.000,0,0,32768,2,0,0,0,2,1
3,after_use,f32,4096,glibc_t1,FIXED_TWIN,8,1,1,1498.00,0.0000,0.0000,2000.0,0.0,2.000,32768.0,0.000,0,0,32768,2,0,0,0,2,1
3,after_use,f32,4096,glibc_t1,FIXED_TWIN,9,0,1,1482.00,0.0000,0.0000,2000.0,0.0,2.000,32768.0,0.000,0,0,32768,2,0,0,0,2,1
3,after_use,f32,4096,glibc_t1,P5,9,1,1,1515.00,0.0000,0.0000,2000.0,0.0,2.000,32768.0,0.000,0,0,32768,2,0,0,0,2,1
3,after_use,f32,4096,glibc_t1,P5,10,0,1,1529.00,0.0000,0.0000,2000.0,0.0,2.000,32768.0,0.000,0,0,32768,2,0,0,0,2,1
3,after_use,f32,4096,glibc_t1,FIXED_TWIN,10,1,1,1522.00,0.0000,0.0000,2000.0,0.0,2.000,32768.0,0.000,0,0,32768,2,0,0,0,2,1
3,after_use,f32,4096,glibc_t1,FIXED_TWIN,11,0,1,1492.00,0.0000,0.0000,2000.0,0.0,2.000,32768.0,0.000,0,0,32768,2,0,0,0,2,1
3,after_use,f32,4096,glibc_t1,P5,11,1,1,1505.00,0.0000,0.0000,2000.0,0.0,2.000,32768.0,0.000,0,0,32768,2,0,0,0,2,1
3,after_use,f32,4096,glibc_t1,P5,12,0,1,1536.00,0.0000,0.0000,2000.0,0.0,2.000,32768.0,0.000,0,0,32768,2,0,0,0,2,1
3,after_use,f32,4096,glibc_t1,FIXED_TWIN,12,1,1,1536.00,0.0000,0.0000,1000.0,0.0,2.000,32768.0,0.000,0,0,32768,2,0,0,0,2,1
3,after_use,f32,4096,glibc_t1,FIXED_TWIN,13,0,1,1505.00,0.0000,0.0000,2000.0,0.0,2.000,32768.0,0.000,0,0,32768,2,0,0,0,2,1
3,after_use,f32,4096,glibc_t1,P5,13,1,1,1512.00,0.0000,0.0000,2000.0,0.0,2.000,32768.0,0.000,0,0,32768,2,0,0,0,2,1
3,after_use,f32,4096,glibc_t1,P5,14,0,1,1499.00,0.0000,0.0000,2000.0,0.0,2.000,32768.0,0.000,0,0,32768,2,0,0,0,2,1
3,after_use,f32,4096,glibc_t1,FIXED_TWIN,14,1,1,1490.00,0.0000,0.0000,2000.0,0.0,2.000,32768.0,0.000,0,0,32768,2,0,0,0,2,1
3,after_use,f32,16384,glibc_t1,P5,0,0,1,4662.00,0.0000,0.0000,5000.0,0.0,2.000,131072.0,0.000,0,0,131072,2,0,0,0,2,1
3,after_use,f32,16384,glibc_t1,FIXED_TWIN,0,1,1,4683.00,0.0000,0.0000,5000.0,0.0,2.000,131072.0,0.000,0,0,131072,2,0,0,0,2,1
3,after_use,f32,16384,glibc_t1,FIXED_TWIN,1,0,1,4725.00,0.0000,0.0000,5000.0,0.0,2.000,131072.0,0.000,0,0,131072,2,0,0,0,2,1
3,after_use,f32,16384,glibc_t1,P5,1,1,1,4637.00,0.0000,0.0000,5000.0,0.0,2.000,131072.0,0.000,0,0,131072,2,0,0,0,2,1
3,after_use,f32,16384,glibc_t1,P5,2,0,1,4627.00,0.0000,0.0000,5000.0,0.0,2.000,131072.0,0.000,0,0,131072,2,0,0,0,2,1
3,after_use,f32,16384,glibc_t1,FIXED_TWIN,2,1,1,4853.00,0.0000,0.0000,6000.0,0.0,2.000,131072.0,0.000,0,0,131072,2,0,0,0,2,1
3,after_use,f32,16384,glibc_t1,FIXED_TWIN,3,0,1,4791.00,0.0000,0.0000,5000.0,0.0,2.000,131072.0,0.000,0,0,131072,2,0,0,0,2,1
3,after_use,f32,16384,glibc_t1,P5,3,1,1,4687.00,0.0000,0.0000,5000.0,0.0,2.000,131072.0,0.000,0,0,131072,2,0,0,0,2,1
3,after_use,f32,16384,glibc_t1,P5,4,0,1,4675.00,0.0000,0.0000,5000.0,0.0,2.000,131072.0,0.000,0,0,131072,2,0,0,0,2,1
3,after_use,f32,16384,glibc_t1,FIXED_TWIN,4,1,1,5181.00,0.0000,0.0000,30000.0,0.0,2.000,131072.0,0.000,0,0,131072,2,0,0,0,2,1
3,after_use,f32,16384,glibc_t1,FIXED_TWIN,5,0,1,4809.00,0.0000,0.0000,5000.0,0.0,2.000,131072.0,0.000,0,0,131072,2,0,0,0,2,1
3,after_use,f32,16384,glibc_t1,P5,5,1,1,4716.00,0.0000,0.0000,5000.0,0.0,2.000,131072.0,0.000,0,0,131072,2,0,0,0,2,1
3,after_use,f32,16384,glibc_t1,P5,6,0,1,4672.00,0.0000,0.0000,5000.0,0.0,2.000,131072.0,0.000,0,0,131072,2,0,0,0,2,1
3,after_use,f32,16384,glibc_t1,FIXED_TWIN,6,1,1,4716.00,0.0000,0.0000,6000.0,0.0,2.000,131072.0,0.000,0,0,131072,2,0,0,0,2,1
3,after_use,f32,16384,glibc_t1,FIXED_TWIN,7,0,1,4655.00,0.0000,0.0000,5000.0,0.0,2.000,131072.0,0.000,0,0,131072,2,0,0,0,2,1
3,after_use,f32,16384,glibc_t1,P5,7,1,1,6150.00,0.0000,0.0000,7000.0,0.0,2.000,131072.0,0.000,0,0,131072,2,0,0,0,2,1
3,after_use,f32,16384,glibc_t1,P5,8,0,1,4733.00,0.0000,0.0000,5000.0,0.0,2.000,131072.0,0.000,0,0,131072,2,0,0,0,2,1
3,after_use,f32,16384,glibc_t1,FIXED_TWIN,8,1,1,4826.00,0.0000,0.0000,5000.0,0.0,2.000,131072.0,0.000,0,0,131072,2,0,0,0,2,1
3,after_use,f32,16384,glibc_t1,FIXED_TWIN,9,0,1,4707.00,0.0000,0.0000,5000.0,0.0,2.000,131072.0,0.000,0,0,131072,2,0,0,0,2,1
3,after_use,f32,16384,glibc_t1,P5,9,1,1,4704.00,0.0000,0.0000,5000.0,0.0,2.000,131072.0,0.000,0,0,131072,2,0,0,0,2,1
3,after_use,f32,16384,glibc_t1,P5,10,0,1,4628.00,0.0000,0.0000,5000.0,0.0,2.000,131072.0,0.000,0,0,131072,2,0,0,0,2,1
3,after_use,f32,16384,glibc_t1,FIXED_TWIN,10,1,1,4864.00,0.0000,0.0000,5000.0,0.0,2.000,131072.0,0.000,0,0,131072,2,0,0,0,2,1
3,after_use,f32,16384,glibc_t1,FIXED_TWIN,11,0,1,15745.00,0.0000,0.0000,17000.0,0.0,2.000,131072.0,0.000,0,0,131072,2,0,0,0,2,1
3,after_use,f32,16384,glibc_t1,P5,11,1,1,4732.00,0.0000,0.0000,5000.0,0.0,2.000,131072.0,0.000,0,0,131072,2,0,0,0,2,1
3,after_use,f32,16384,glibc_t1,P5,12,0,1,4722.00,0.0000,0.0000,5000.0,0.0,2.000,131072.0,0.000,0,0,131072,2,0,0,0,2,1
3,after_use,f32,16384,glibc_t1,FIXED_TWIN,12,1,1,4691.00,0.0000,0.0000,5000.0,0.0,2.000,131072.0,0.000,0,0,131072,2,0,0,0,2,1
3,after_use,f32,16384,glibc_t1,FIXED_TWIN,13,0,1,4690.00,0.0000,0.0000,5000.0,0.0,2.000,131072.0,0.000,0,0,131072,2,0,0,0,2,1
3,after_use,f32,16384,glibc_t1,P5,13,1,1,4701.00,0.0000,0.0000,6000.0,0.0,2.000,131072.0,0.000,0,0,131072,2,0,0,0,2,1
3,after_use,f32,16384,glibc_t1,P5,14,0,1,5713.00,0.0000,0.0000,6000.0,0.0,2.000,131072.0,0.000,0,0,131072,2,0,0,0,2,1
3,after_use,f32,16384,glibc_t1,FIXED_TWIN,14,1,1,4695.00,0.0000,0.0000,5000.0,0.0,2.000,131072.0,0.000,0,0,131072,2,0,0,0,2,1
3,after_use,f32,65536,glibc_t1,P5,0,0,1,19775.00,0.0000,0.0000,21000.0,0.0,2.000,524288.0,0.000,0,0,524288,2,0,0,0,2,1
3,after_use,f32,65536,glibc_t1,FIXED_TWIN,0,1,1,19528.00,0.0000,0.0000,21000.0,0.0,2.000,524288.0,0.000,0,0,524288,2,0,0,0,2,1
3,after_use,f32,65536,glibc_t1,FIXED_TWIN,1,0,1,20067.00,0.0000,0.0000,21000.0,0.0,2.000,524288.0,0.000,0,0,524288,2,0,0,0,2,1
3,after_use,f32,65536,glibc_t1,P5,1,1,1,18881.00,0.0000,0.0000,19000.0,0.0,2.000,524288.0,0.000,0,0,524288,2,0,0,0,2,1
3,after_use,f32,65536,glibc_t1,P5,2,0,1,18697.00,0.0000,0.0000,19000.0,0.0,2.000,524288.0,0.000,0,0,524288,2,0,0,0,2,1
3,after_use,f32,65536,glibc_t1,FIXED_TWIN,2,1,1,18993.00,0.0000,0.0000,19000.0,0.0,2.000,524288.0,0.000,0,0,524288,2,0,0,0,2,1
3,after_use,f32,65536,glibc_t1,FIXED_TWIN,3,0,1,18868.00,0.0000,0.0000,20000.0,0.0,2.000,524288.0,0.000,0,0,524288,2,0,0,0,2,1
3,after_use,f32,65536,glibc_t1,P5,3,1,1,18832.00,0.0000,0.0000,19000.0,0.0,2.000,524288.0,0.000,0,0,524288,2,0,0,0,2,1
3,after_use,f32,65536,glibc_t1,P5,4,0,1,18817.00,0.0000,0.0000,20000.0,0.0,2.000,524288.0,0.000,0,0,524288,2,0,0,0,2,1
3,after_use,f32,65536,glibc_t1,FIXED_TWIN,4,1,1,18960.00,0.0000,0.0000,19000.0,0.0,2.000,524288.0,0.000,0,0,524288,2,0,0,0,2,1
3,after_use,f32,65536,glibc_t1,FIXED_TWIN,5,0,1,19013.00,0.0000,0.0000,20000.0,0.0,2.000,524288.0,0.000,0,0,524288,2,0,0,0,2,1
3,after_use,f32,65536,glibc_t1,P5,5,1,1,18813.00,0.0000,0.0000,19000.0,0.0,2.000,524288.0,0.000,0,0,524288,2,0,0,0,2,1
3,after_use,f32,65536,glibc_t1,P5,6,0,1,18732.00,0.0000,0.0000,19000.0,0.0,2.000,524288.0,0.000,0,0,524288,2,0,0,0,2,1
3,after_use,f32,65536,glibc_t1,FIXED_TWIN,6,1,1,20238.00,0.0000,0.0000,21000.0,0.0,2.000,524288.0,0.000,0,0,524288,2,0,0,0,2,1
3,after_use,f32,65536,glibc_t1,FIXED_TWIN,7,0,1,19349.00,0.0000,0.0000,20000.0,0.0,2.000,524288.0,0.000,0,0,524288,2,0,0,0,2,1
3,after_use,f32,65536,glibc_t1,P5,7,1,1,18784.00,0.0000,0.0000,19000.0,0.0,2.000,524288.0,0.000,0,0,524288,2,0,0,0,2,1
3,after_use,f32,65536,glibc_t1,P5,8,0,1,18758.00,0.0000,0.0000,19000.0,0.0,2.000,524288.0,0.000,0,0,524288,2,0,0,0,2,1
3,after_use,f32,65536,glibc_t1,FIXED_TWIN,8,1,1,45768.00,0.0000,0.0000,47000.0,0.0,2.000,524288.0,0.000,0,0,524288,2,0,0,0,2,1
3,after_use,f32,65536,glibc_t1,FIXED_TWIN,9,0,1,19215.00,0.0000,0.0000,20000.0,0.0,2.000,524288.0,0.000,0,0,524288,2,0,0,0,2,1
3,after_use,f32,65536,glibc_t1,P5,9,1,1,18688.00,0.0000,0.0000,20000.0,0.0,2.000,524288.0,0.000,0,0,524288,2,0,0,0,2,1
3,after_use,f32,65536,glibc_t1,P5,10,0,1,24122.00,0.0000,0.0000,25000.0,0.0,2.000,524288.0,0.000,0,0,524288,2,0,0,0,2,1
3,after_use,f32,65536,glibc_t1,FIXED_TWIN,10,1,1,25045.00,0.0000,0.0000,26000.0,0.0,2.000,524288.0,0.000,0,0,524288,2,0,0,0,2,1
3,after_use,f32,65536,glibc_t1,FIXED_TWIN,11,0,1,19815.00,0.0000,0.0000,21000.0,0.0,2.000,524288.0,0.000,0,0,524288,2,0,0,0,2,1
3,after_use,f32,65536,glibc_t1,P5,11,1,1,24483.00,0.0000,0.0000,25000.0,0.0,2.000,524288.0,0.000,0,0,524288,2,0,0,0,2,1
3,after_use,f32,65536,glibc_t1,P5,12,0,1,18955.00,0.0000,0.0000,19000.0,0.0,2.000,524288.0,0.000,0,0,524288,2,0,0,0,2,1
3,after_use,f32,65536,glibc_t1,FIXED_TWIN,12,1,1,19818.00,0.0000,0.0000,20000.0,0.0,2.000,524288.0,0.000,0,0,524288,2,0,0,0,2,1
3,after_use,f32,65536,glibc_t1,FIXED_TWIN,13,0,1,19842.00,0.0000,0.0000,21000.0,0.0,2.000,524288.0,0.000,0,0,524288,2,0,0,0,2,1
3,after_use,f32,65536,glibc_t1,P5,13,1,1,18892.00,0.0000,0.0000,20000.0,0.0,2.000,524288.0,0.000,0,0,524288,2,0,0,0,2,1
3,after_use,f32,65536,glibc_t1,P5,14,0,1,18858.00,0.0000,0.0000,19000.0,0.0,2.000,524288.0,0.000,0,0,524288,2,0,0,0,2,1
3,after_use,f32,65536,glibc_t1,FIXED_TWIN,14,1,1,19008.00,0.0000,0.0000,20000.0,0.0,2.000,524288.0,0.000,0,0,524288,2,0,0,0,2,1
3,after_use,f32,262144,glibc_t1,P5,0,0,1,233799.00,0.0000,0.0000,237000.0,0.0,2.000,2097152.0,0.000,0,0,2097152,2,0,0,0,2,1
3,after_use,f32,262144,glibc_t1,FIXED_TWIN,0,1,1,246368.00,0.0000,0.0000,249000.0,0.0,2.000,2097152.0,0.000,0,0,2097152,2,0,0,0,2,1
3,after_use,f32,262144,glibc_t1,FIXED_TWIN,1,0,1,257941.00,0.0000,0.0000,260000.0,0.0,2.000,2097152.0,0.000,0,0,2097152,2,0,0,0,2,1
3,after_use,f32,262144,glibc_t1,P5,1,1,1,229152.00,0.0000,0.0000,232000.0,0.0,2.000,2097152.0,0.000,0,0,2097152,2,0,0,0,2,1
3,after_use,f32,262144,glibc_t1,P5,2,0,1,244466.00,0.0000,0.0000,248000.0,0.0,2.000,2097152.0,0.000,0,0,2097152,2,0,0,0,2,1
3,after_use,f32,262144,glibc_t1,FIXED_TWIN,2,1,1,263852.00,0.0000,0.0000,266000.0,0.0,2.000,2097152.0,0.000,0,0,2097152,2,0,0,0,2,1
3,after_use,f32,262144,glibc_t1,FIXED_TWIN,3,0,1,229432.00,0.0000,0.0000,232000.0,0.0,2.000,2097152.0,0.000,0,0,2097152,2,0,0,0,2,1
3,after_use,f32,262144,glibc_t1,P5,3,1,1,226407.00,0.0000,0.0000,229000.0,0.0,2.000,2097152.0,0.000,0,0,2097152,2,0,0,0,2,1
3,after_use,f32,262144,glibc_t1,P5,4,0,1,249410.00,0.0000,0.0000,252000.0,0.0,2.000,2097152.0,0.000,0,0,2097152,2,0,0,0,2,1
3,after_use,f32,262144,glibc_t1,FIXED_TWIN,4,1,1,259486.00,0.0000,0.0000,263000.0,0.0,2.000,2097152.0,0.000,0,0,2097152,2,0,0,0,2,1
3,after_use,f32,262144,glibc_t1,FIXED_TWIN,5,0,1,229095.00,0.0000,0.0000,231000.0,0.0,2.000,2097152.0,0.000,0,0,2097152,2,0,0,0,2,1
3,after_use,f32,262144,glibc_t1,P5,5,1,1,226809.00,0.0000,0.0000,229000.0,0.0,2.000,2097152.0,0.000,0,0,2097152,2,0,0,0,2,1
3,after_use,f32,262144,glibc_t1,P5,6,0,1,235539.00,0.0000,0.0000,238000.0,0.0,2.000,2097152.0,0.000,0,0,2097152,2,0,0,0,2,1
3,after_use,f32,262144,glibc_t1,FIXED_TWIN,6,1,1,261735.00,0.0000,0.0000,264000.0,0.0,2.000,2097152.0,0.000,0,0,2097152,2,0,0,0,2,1
3,after_use,f32,262144,glibc_t1,FIXED_TWIN,7,0,1,230233.00,0.0000,0.0000,234000.0,0.0,2.000,2097152.0,0.000,0,0,2097152,2,0,0,0,2,1
3,after_use,f32,262144,glibc_t1,P5,7,1,1,232644.00,0.0000,0.0000,235000.0,0.0,2.000,2097152.0,0.000,0,0,2097152,2,0,0,0,2,1
3,after_use,f32,262144,glibc_t1,P5,8,0,1,236447.00,0.0000,0.0000,245000.0,0.0,2.000,2097152.0,0.000,0,0,2097152,2,0,0,0,2,1
3,after_use,f32,262144,glibc_t1,FIXED_TWIN,8,1,1,255245.00,0.0000,0.0000,258000.0,0.0,2.000,2097152.0,0.000,0,0,2097152,2,0,0,0,2,1
3,after_use,f32,262144,glibc_t1,FIXED_TWIN,9,0,1,266126.00,0.0000,0.0000,269000.0,0.0,2.000,2097152.0,0.000,0,0,2097152,2,0,0,0,2,1
3,after_use,f32,262144,glibc_t1,P5,9,1,1,236116.00,0.0000,0.0000,238000.0,0.0,2.000,2097152.0,0.000,0,0,2097152,2,0,0,0,2,1
3,after_use,f32,262144,glibc_t1,P5,10,0,1,258819.00,0.0000,0.0000,261000.0,0.0,2.000,2097152.0,0.000,0,0,2097152,2,0,0,0,2,1
3,after_use,f32,262144,glibc_t1,FIXED_TWIN,10,1,1,271577.00,0.0000,0.0000,273000.0,0.0,2.000,2097152.0,0.000,0,0,2097152,2,0,0,0,2,1
3,after_use,f32,262144,glibc_t1,FIXED_TWIN,11,0,1,228348.00,0.0000,0.0000,231000.0,0.0,2.000,2097152.0,0.000,0,0,2097152,2,0,0,0,2,1
3,after_use,f32,262144,glibc_t1,P5,11,1,1,241305.00,0.0000,0.0000,246000.0,0.0,2.000,2097152.0,0.000,0,0,2097152,2,0,0,0,2,1
3,after_use,f32,262144,glibc_t1,P5,12,0,1,238846.00,0.0000,0.0000,243000.0,0.0,2.000,2097152.0,0.000,0,0,2097152,2,0,0,0,2,1
3,after_use,f32,262144,glibc_t1,FIXED_TWIN,12,1,1,219411.00,0.0000,0.0000,222000.0,0.0,2.000,2097152.0,0.000,0,0,2097152,2,0,0,0,2,1
3,after_use,f32,262144,glibc_t1,FIXED_TWIN,13,0,1,236519.00,0.0000,0.0000,239000.0,0.0,2.000,2097152.0,0.000,0,0,2097152,2,0,0,0,2,1
3,after_use,f32,262144,glibc_t1,P5,13,1,1,260589.00,0.0000,0.0000,264000.0,0.0,2.000,2097152.0,0.000,0,0,2097152,2,0,0,0,2,1
3,after_use,f32,262144,glibc_t1,P5,14,0,1,232865.00,0.0000,0.0000,235000.0,0.0,2.000,2097152.0,0.000,0,0,2097152,2,0,0,0,2,1
3,after_use,f32,262144,glibc_t1,FIXED_TWIN,14,1,1,226923.00,0.0000,0.0000,230000.0,0.0,2.000,2097152.0,0.000,0,0,2097152,2,0,0,0,2,1
3,after_use,f32,1048576,glibc_t1,P5,0,0,1,998411.00,0.0000,0.0000,1006000.0,0.0,2.000,8388608.0,0.000,0,0,8388608,2,0,0,0,2,1
3,after_use,f32,1048576,glibc_t1,FIXED_TWIN,0,1,1,997352.00,0.0000,0.0000,1002000.0,0.0,2.000,8388608.0,0.000,0,0,8388608,2,0,0,0,2,1
3,after_use,f32,1048576,glibc_t1,FIXED_TWIN,1,0,1,975415.00,0.0000,0.0000,980000.0,0.0,2.000,8388608.0,0.000,0,0,8388608,2,0,0,0,2,1
3,after_use,f32,1048576,glibc_t1,P5,1,1,1,1006635.00,0.0000,0.0000,1010000.0,0.0,2.000,8388608.0,0.000,0,0,8388608,2,0,0,0,2,1
3,after_use,f32,1048576,glibc_t1,P5,2,0,1,982115.00,0.0000,0.0000,985000.0,0.0,2.000,8388608.0,0.000,0,0,8388608,2,0,0,0,2,1
3,after_use,f32,1048576,glibc_t1,FIXED_TWIN,2,1,1,974812.00,0.0000,0.0000,978000.0,0.0,2.000,8388608.0,0.000,0,0,8388608,2,0,0,0,2,1
3,after_use,f32,1048576,glibc_t1,FIXED_TWIN,3,0,1,1008395.00,0.0000,0.0000,1013000.0,0.0,2.000,8388608.0,0.000,0,0,8388608,2,0,0,0,2,1
3,after_use,f32,1048576,glibc_t1,P5,3,1,1,1009747.00,0.0000,0.0000,1014000.0,0.0,2.000,8388608.0,0.000,0,0,8388608,2,0,0,0,2,1
3,after_use,f32,1048576,glibc_t1,P5,4,0,1,969279.00,0.0000,0.0000,974000.0,0.0,2.000,8388608.0,0.000,0,0,8388608,2,0,0,0,2,1
3,after_use,f32,1048576,glibc_t1,FIXED_TWIN,4,1,1,957288.00,0.0000,0.0000,961000.0,0.0,2.000,8388608.0,0.000,0,0,8388608,2,0,0,0,2,1
3,after_use,f32,1048576,glibc_t1,FIXED_TWIN,5,0,1,990967.00,0.0000,0.0000,995000.0,0.0,2.000,8388608.0,0.000,0,0,8388608,2,0,0,0,2,1
3,after_use,f32,1048576,glibc_t1,P5,5,1,1,995940.00,0.0000,0.0000,999000.0,0.0,2.000,8388608.0,0.000,0,0,8388608,2,0,0,0,2,1
3,after_use,f32,1048576,glibc_t1,P5,6,0,1,977849.00,0.0000,0.0000,982000.0,0.0,2.000,8388608.0,0.000,0,0,8388608,2,0,0,0,2,1
3,after_use,f32,1048576,glibc_t1,FIXED_TWIN,6,1,1,967634.00,0.0000,0.0000,971000.0,0.0,2.000,8388608.0,0.000,0,0,8388608,2,0,0,0,2,1
3,after_use,f32,1048576,glibc_t1,FIXED_TWIN,7,0,1,1041723.00,0.0000,0.0000,1045000.0,0.0,2.000,8388608.0,0.000,0,0,8388608,2,0,0,0,2,1
3,after_use,f32,1048576,glibc_t1,P5,7,1,1,949716.00,0.0000,0.0000,954000.0,0.0,2.000,8388608.0,0.000,0,0,8388608,2,0,0,0,2,1
3,after_use,f32,1048576,glibc_t1,P5,8,0,1,929143.00,0.0000,0.0000,933000.0,0.0,2.000,8388608.0,0.000,0,0,8388608,2,0,0,0,2,1
3,after_use,f32,1048576,glibc_t1,FIXED_TWIN,8,1,1,926997.00,0.0000,0.0000,931000.0,0.0,2.000,8388608.0,0.000,0,0,8388608,2,0,0,0,2,1
3,after_use,f32,1048576,glibc_t1,FIXED_TWIN,9,0,1,986943.00,0.0000,0.0000,990000.0,0.0,2.000,8388608.0,0.000,0,0,8388608,2,0,0,0,2,1
3,after_use,f32,1048576,glibc_t1,P5,9,1,1,949746.00,0.0000,0.0000,953000.0,0.0,2.000,8388608.0,0.000,0,0,8388608,2,0,0,0,2,1
3,after_use,f32,1048576,glibc_t1,P5,10,0,1,948369.00,0.0000,0.0000,952000.0,0.0,2.000,8388608.0,0.000,0,0,8388608,2,0,0,0,2,1
3,after_use,f32,1048576,glibc_t1,FIXED_TWIN,10,1,1,988333.00,0.0000,0.0000,974000.0,0.0,2.000,8388608.0,0.000,0,0,8388608,2,0,0,0,2,1
3,after_use,f32,1048576,glibc_t1,FIXED_TWIN,11,0,1,985708.00,0.0000,0.0000,989000.0,0.0,2.000,8388608.0,0.000,0,0,8388608,2,0,0,0,2,1
3,after_use,f32,1048576,glibc_t1,P5,11,1,1,974152.00,0.0000,0.0000,977000.0,0.0,2.000,8388608.0,0.000,0,0,8388608,2,0,0,0,2,1
3,after_use,f32,1048576,glibc_t1,P5,12,0,1,950776.00,0.0000,0.0000,954000.0,0.0,2.000,8388608.0,0.000,0,0,8388608,2,0,0,0,2,1
3,after_use,f32,1048576,glibc_t1,FIXED_TWIN,12,1,1,1000391.00,0.0000,0.0000,1005000.0,0.0,2.000,8388608.0,0.000,0,0,8388608,2,0,0,0,2,1
3,after_use,f32,1048576,glibc_t1,FIXED_TWIN,13,0,1,985607.00,0.0000,0.0000,989000.0,0.0,2.000,8388608.0,0.000,0,0,8388608,2,0,0,0,2,1
3,after_use,f32,1048576,glibc_t1,P5,13,1,1,951256.00,0.0000,0.0000,955000.0,0.0,2.000,8388608.0,0.000,0,0,8388608,2,0,0,0,2,1
3,after_use,f32,1048576,glibc_t1,P5,14,0,1,980200.00,0.0000,0.0000,984000.0,0.0,2.000,8388608.0,0.000,0,0,8388608,2,0,0,0,2,1
3,after_use,f32,1048576,glibc_t1,FIXED_TWIN,14,1,1,967726.00,0.0000,0.0000,971000.0,0.0,2.000,8388608.0,0.000,0,0,8388608,2,0,0,0,2,1
3,after_use,f32,4194304,glibc_t1,P5,0,0,1,3991940.00,0.0000,0.0000,3997000.0,0.0,2.000,33554432.0,0.000,0,0,33554432,2,0,0,0,2,1
3,after_use,f32,4194304,glibc_t1,FIXED_TWIN,0,1,1,4722502.00,0.0000,0.0000,4727000.0,0.0,2.000,33554432.0,0.000,0,0,33554432,2,0,0,0,2,1
3,after_use,f32,4194304,glibc_t1,FIXED_TWIN,1,0,1,5041359.00,0.0000,0.0000,5045000.0,0.0,2.000,33554432.0,0.000,0,0,33554432,2,0,0,0,2,1
3,after_use,f32,4194304,glibc_t1,P5,1,1,1,4933854.00,0.0000,0.0000,4929000.0,0.0,2.000,33554432.0,0.000,0,0,33554432,2,0,0,0,2,1
3,after_use,f32,4194304,glibc_t1,P5,2,0,1,5264139.00,0.0000,0.0000,5268000.0,0.0,2.000,33554432.0,0.000,0,0,33554432,2,0,0,0,2,1
3,after_use,f32,4194304,glibc_t1,FIXED_TWIN,2,1,1,6365096.00,0.0000,0.0000,6371000.0,0.0,2.000,33554432.0,0.000,0,0,33554432,2,0,0,0,2,1
3,after_use,f32,4194304,glibc_t1,FIXED_TWIN,3,0,1,6050100.00,0.0000,0.0000,6055000.0,0.0,2.000,33554432.0,0.000,0,0,33554432,2,0,0,0,2,1
3,after_use,f32,4194304,glibc_t1,P5,3,1,1,5706631.00,0.0000,0.0000,5714000.0,0.0,2.000,33554432.0,0.000,0,0,33554432,2,0,0,0,2,1
3,after_use,f32,4194304,glibc_t1,P5,4,0,1,5345261.00,0.0000,0.0000,5350000.0,0.0,2.000,33554432.0,0.000,0,0,33554432,2,0,0,0,2,1
3,after_use,f32,4194304,glibc_t1,FIXED_TWIN,4,1,1,5100740.00,0.0000,0.0000,5104000.0,0.0,2.000,33554432.0,0.000,0,0,33554432,2,0,0,0,2,1
3,after_use,f32,4194304,glibc_t1,FIXED_TWIN,5,0,1,5010538.00,0.0000,0.0000,5013000.0,0.0,2.000,33554432.0,0.000,0,0,33554432,2,0,0,0,2,1
3,after_use,f32,4194304,glibc_t1,P5,5,1,1,5105501.00,0.0000,0.0000,5110000.0,0.0,2.000,33554432.0,0.000,0,0,33554432,2,0,0,0,2,1
3,after_use,f32,4194304,glibc_t1,P5,6,0,1,5095169.00,0.0000,0.0000,5099000.0,0.0,2.000,33554432.0,0.000,0,0,33554432,2,0,0,0,2,1
3,after_use,f32,4194304,glibc_t1,FIXED_TWIN,6,1,1,5051175.00,0.0000,0.0000,5055000.0,0.0,2.000,33554432.0,0.000,0,0,33554432,2,0,0,0,2,1
3,after_use,f32,4194304,glibc_t1,FIXED_TWIN,7,0,1,5184395.00,0.0000,0.0000,5189000.0,0.0,2.000,33554432.0,0.000,0,0,33554432,2,0,0,0,2,1
3,after_use,f32,4194304,glibc_t1,P5,7,1,1,5044200.00,0.0000,0.0000,5048000.0,0.0,2.000,33554432.0,0.000,0,0,33554432,2,0,0,0,2,1
3,after_use,f32,4194304,glibc_t1,P5,8,0,1,5286717.00,0.0000,0.0000,5293000.0,0.0,2.000,33554432.0,0.000,0,0,33554432,2,0,0,0,2,1
3,after_use,f32,4194304,glibc_t1,FIXED_TWIN,8,1,1,5920458.00,0.0000,0.0000,5927000.0,0.0,2.000,33554432.0,0.000,0,0,33554432,2,0,0,0,2,1
3,after_use,f32,4194304,glibc_t1,FIXED_TWIN,9,0,1,5709816.00,0.0000,0.0000,5715000.0,0.0,2.000,33554432.0,0.000,0,0,33554432,2,0,0,0,2,1
3,after_use,f32,4194304,glibc_t1,P5,9,1,1,5710758.00,0.0000,0.0000,5715000.0,0.0,2.000,33554432.0,0.000,0,0,33554432,2,0,0,0,2,1
3,after_use,f32,4194304,glibc_t1,P5,10,0,1,5538248.00,0.0000,0.0000,5544000.0,0.0,2.000,33554432.0,0.000,0,0,33554432,2,0,0,0,2,1
3,after_use,f32,4194304,glibc_t1,FIXED_TWIN,10,1,1,5383157.00,0.0000,0.0000,5387000.0,0.0,2.000,33554432.0,0.000,0,0,33554432,2,0,0,0,2,1
3,after_use,f32,4194304,glibc_t1,FIXED_TWIN,11,0,1,5230629.00,0.0000,0.0000,5235000.0,0.0,2.000,33554432.0,0.000,0,0,33554432,2,0,0,0,2,1
3,after_use,f32,4194304,glibc_t1,P5,11,1,1,5295093.00,0.0000,0.0000,5298000.0,0.0,2.000,33554432.0,0.000,0,0,33554432,2,0,0,0,2,1
3,after_use,f32,4194304,glibc_t1,P5,12,0,1,5616084.00,0.0000,0.0000,5620000.0,0.0,2.000,33554432.0,0.000,0,0,33554432,2,0,0,0,2,1
3,after_use,f32,4194304,glibc_t1,FIXED_TWIN,12,1,1,5285000.00,0.0000,0.0000,5289000.0,0.0,2.000,33554432.0,0.000,0,0,33554432,2,0,0,0,2,1
3,after_use,f32,4194304,glibc_t1,FIXED_TWIN,13,0,1,5073742.00,0.0000,0.0000,5078000.0,0.0,2.000,33554432.0,0.000,0,0,33554432,2,0,0,0,2,1
3,after_use,f32,4194304,glibc_t1,P5,13,1,1,5510209.00,0.0000,0.0000,5514000.0,0.0,2.000,33554432.0,0.000,0,0,33554432,2,0,0,0,2,1
3,after_use,f32,4194304,glibc_t1,P5,14,0,1,5479482.00,0.0000,0.0000,5484000.0,0.0,2.000,33554432.0,0.000,0,0,33554432,2,0,0,0,2,1
3,after_use,f32,4194304,glibc_t1,FIXED_TWIN,14,1,1,5846013.00,0.0000,0.0000,5853000.0,0.0,2.000,33554432.0,0.000,0,0,33554432,2,0,0,0,2,1
3,after_use,f32,16777216,glibc_t1,P5,0,0,1,75921955.00,32770.0000,0.0000,15967000.0,59961000.0,2.000,134217728.0,0.000,0,0,134217728,2,0,0,0,2,1
3,after_use,f32,16777216,glibc_t1,FIXED_TWIN,0,1,1,79447400.00,32770.0000,0.0000,27731000.0,51723000.0,2.000,134217728.0,0.000,0,0,134217728,2,0,0,0,2,1
3,after_use,f32,16777216,glibc_t1,FIXED_TWIN,1,0,1,74956881.00,32770.0000,0.0000,27481000.0,47467000.0,2.000,134217728.0,0.000,0,0,134217728,2,0,0,0,2,1
3,after_use,f32,16777216,glibc_t1,P5,1,1,1,77230516.00,32770.0000,0.0000,22622000.0,54588000.0,2.000,134217728.0,0.000,0,0,134217728,2,0,0,0,2,1
3,after_use,f32,16777216,glibc_t1,P5,2,0,1,76766613.00,32770.0000,0.0000,24383000.0,52353000.0,2.000,134217728.0,0.000,0,0,134217728,2,0,0,0,2,1
3,after_use,f32,16777216,glibc_t1,FIXED_TWIN,2,1,1,75818488.00,32770.0000,0.0000,27915000.0,47911000.0,2.000,134217728.0,0.000,0,0,134217728,2,0,0,0,2,1
3,after_use,f32,16777216,glibc_t1,FIXED_TWIN,3,0,1,76717018.00,32770.0000,0.0000,24359000.0,52364000.0,2.000,134217728.0,0.000,0,0,134217728,2,0,0,0,2,1
3,after_use,f32,16777216,glibc_t1,P5,3,1,1,77470573.00,32770.0000,0.0000,28665000.0,48745000.0,2.000,134217728.0,0.000,0,0,134217728,2,0,0,0,2,1
3,after_use,f32,16777216,glibc_t1,P5,4,0,1,76750681.00,32770.0000,0.0000,18399000.0,58290000.0,2.000,134217728.0,0.000,0,0,134217728,2,0,0,0,2,1
3,after_use,f32,16777216,glibc_t1,FIXED_TWIN,4,1,1,76245105.00,32770.0000,0.0000,26149000.0,50103000.0,2.000,134217728.0,0.000,0,0,134217728,2,0,0,0,2,1
3,after_use,f32,16777216,glibc_t1,FIXED_TWIN,5,0,1,76788259.00,32770.0000,0.0000,32393000.0,44402000.0,2.000,134217728.0,0.000,0,0,134217728,2,0,0,0,2,1
3,after_use,f32,16777216,glibc_t1,P5,5,1,1,76245853.00,32770.0000,0.0000,24120000.0,52009000.0,2.000,134217728.0,0.000,0,0,134217728,2,0,0,0,2,1
3,after_use,f32,16777216,glibc_t1,P5,6,0,1,76046047.00,32770.0000,0.0000,16028000.0,60025000.0,2.000,134217728.0,0.000,0,0,134217728,2,0,0,0,2,1
3,after_use,f32,16777216,glibc_t1,FIXED_TWIN,6,1,1,77570077.00,32770.0000,0.0000,16781000.0,60796000.0,2.000,134217728.0,0.000,0,0,134217728,2,0,0,0,2,1
3,after_use,f32,16777216,glibc_t1,FIXED_TWIN,7,0,1,77836733.00,32770.0000,0.0000,20912000.0,56931000.0,2.000,134217728.0,0.000,0,0,134217728,2,0,0,0,2,1
3,after_use,f32,16777216,glibc_t1,P5,7,1,1,76504048.00,32770.0000,0.0000,20253000.0,56257000.0,2.000,134217728.0,0.000,0,0,134217728,2,0,0,0,2,1
3,after_use,f32,16777216,glibc_t1,P5,8,0,1,76914992.00,32770.0000,0.0000,16421000.0,60433000.0,2.000,134217728.0,0.000,0,0,134217728,2,0,0,0,2,1
3,after_use,f32,16777216,glibc_t1,FIXED_TWIN,8,1,1,77487516.00,32770.0000,0.0000,28738000.0,48688000.0,2.000,134217728.0,0.000,0,0,134217728,2,0,0,0,2,1
3,after_use,f32,16777216,glibc_t1,FIXED_TWIN,9,0,1,76272829.00,32770.0000,0.0000,24140000.0,52104000.0,2.000,134217728.0,0.000,0,0,134217728,2,0,0,0,2,1
3,after_use,f32,16777216,glibc_t1,P5,9,1,1,76349984.00,32770.0000,0.0000,24177000.0,52179000.0,2.000,134217728.0,0.000,0,0,134217728,2,0,0,0,2,1
3,after_use,f32,16777216,glibc_t1,P5,10,0,1,79158091.00,32770.0000,0.0000,11546000.0,67564000.0,2.000,134217728.0,0.000,0,0,134217728,2,0,0,0,2,1
3,after_use,f32,16777216,glibc_t1,FIXED_TWIN,10,1,1,75811384.00,32770.0000,0.0000,27866000.0,47894000.0,2.000,134217728.0,0.000,0,0,134217728,2,0,0,0,2,1
3,after_use,f32,16777216,glibc_t1,FIXED_TWIN,11,0,1,75789765.00,32770.0000,0.0000,31900000.0,43896000.0,2.000,134217728.0,0.000,0,0,134217728,2,0,0,0,2,1
3,after_use,f32,16777216,glibc_t1,P5,11,1,1,80800546.00,32770.0000,0.0000,14430000.0,66378000.0,2.000,134217728.0,0.000,0,0,134217728,2,0,0,0,2,1
3,after_use,f32,16777216,glibc_t1,P5,12,0,1,93417640.00,32770.0000,0.0000,20704000.0,72694000.0,2.000,134217728.0,0.000,0,0,134217728,2,0,0,0,2,1
3,after_use,f32,16777216,glibc_t1,FIXED_TWIN,12,1,1,95127603.00,32770.0000,0.0000,29546000.0,65590000.0,2.000,134217728.0,0.000,0,0,134217728,2,0,0,0,2,1
3,after_use,f32,16777216,glibc_t1,FIXED_TWIN,13,0,1,80874502.00,32770.0000,0.0000,26465000.0,54415000.0,2.000,134217728.0,0.000,0,0,134217728,2,0,0,0,2,1
3,after_use,f32,16777216,glibc_t1,P5,13,1,1,84584839.00,32770.0000,0.0000,34319000.0,50264000.0,2.000,134217728.0,0.000,0,0,134217728,2,0,0,0,2,1
3,after_use,f32,16777216,glibc_t1,P5,14,0,1,79224022.00,32770.0000,0.0000,19584000.0,59607000.0,2.000,134217728.0,0.000,0,0,134217728,2,0,0,0,2,1
3,after_use,f32,16777216,glibc_t1,FIXED_TWIN,14,1,1,75223784.00,32770.0000,0.0000,15622000.0,59578000.0,2.000,134217728.0,0.000,0,0,134217728,2,0,0,0,2,1
3,chain3,f32,64,glibc_t1,P5,0,0,1000,1513.93,0.0000,0.0000,1517.0,0.0,3.000,768.0,0.000,0,0,256512,3,0,0,0,1,1
3,chain3,f32,64,glibc_t1,P6,0,1,1000,1499.01,0.0000,0.0000,1500.0,0.0,1.000,256.0,0.000,0,0,256000,1,2,0,0,1,1
3,chain3,f32,64,glibc_t1,P7,0,2,1000,1463.98,0.0000,0.0000,1468.0,0.0,1.000,256.0,0.000,0,0,256000,1,1,1,0,1,1
3,chain3,f32,64,glibc_t1,FIXED_TWIN,0,3,1000,1507.61,0.0000,0.0000,1509.0,0.0,1.000,256.0,0.000,0,0,256000,1,1,1,0,1,1
3,chain3,f32,64,glibc_t1,P6,1,0,1000,1502.22,0.0000,0.0000,1503.0,0.0,1.000,256.0,0.000,0,0,256000,1,2,0,0,1,1
3,chain3,f32,64,glibc_t1,P7,1,1,1000,1564.62,0.0000,0.0000,1568.0,0.0,1.000,256.0,0.000,0,0,256000,1,1,1,0,1,1
3,chain3,f32,64,glibc_t1,FIXED_TWIN,1,2,1000,1439.77,0.0000,0.0000,1443.0,0.0,1.000,256.0,0.000,0,0,256000,1,1,1,0,1,1
3,chain3,f32,64,glibc_t1,P5,1,3,1000,1521.31,0.0000,0.0000,1522.0,0.0,3.000,768.0,0.000,0,0,256512,3,0,0,0,1,1
3,chain3,f32,64,glibc_t1,P7,2,0,1000,1446.91,0.0000,0.0000,1448.0,0.0,1.000,256.0,0.000,0,0,256000,1,1,1,0,1,1
3,chain3,f32,64,glibc_t1,FIXED_TWIN,2,1,1000,1431.47,0.0000,0.0000,1433.0,0.0,1.000,256.0,0.000,0,0,256000,1,1,1,0,1,1
3,chain3,f32,64,glibc_t1,P5,2,2,1000,1508.51,0.0000,0.0000,1510.0,0.0,3.000,768.0,0.000,0,0,256512,3,0,0,0,1,1
3,chain3,f32,64,glibc_t1,P6,2,3,1000,1502.37,0.0000,0.0000,1506.0,0.0,1.000,256.0,0.000,0,0,256000,1,2,0,0,1,1
3,chain3,f32,64,glibc_t1,FIXED_TWIN,3,0,1000,1690.80,0.0000,0.0000,1695.0,0.0,1.000,256.0,0.000,0,0,256000,1,1,1,0,1,1
3,chain3,f32,64,glibc_t1,P5,3,1,1000,1700.23,0.0000,0.0000,1702.0,0.0,3.000,768.0,0.000,0,0,256512,3,0,0,0,1,1
3,chain3,f32,64,glibc_t1,P6,3,2,1000,1471.46,0.0000,0.0000,1474.0,0.0,1.000,256.0,0.000,0,0,256000,1,2,0,0,1,1
3,chain3,f32,64,glibc_t1,P7,3,3,1000,1460.21,0.0000,0.0000,1462.0,0.0,1.000,256.0,0.000,0,0,256000,1,1,1,0,1,1
3,chain3,f32,64,glibc_t1,P5,4,0,1000,1504.19,0.0000,0.0000,1508.0,0.0,3.000,768.0,0.000,0,0,256512,3,0,0,0,1,1
3,chain3,f32,64,glibc_t1,P6,4,1,1000,1488.37,0.0000,0.0000,1490.0,0.0,1.000,256.0,0.000,0,0,256000,1,2,0,0,1,1
3,chain3,f32,64,glibc_t1,P7,4,2,1000,1440.28,0.0000,0.0000,1441.0,0.0,1.000,256.0,0.000,0,0,256000,1,1,1,0,1,1
3,chain3,f32,64,glibc_t1,FIXED_TWIN,4,3,1000,1445.64,0.0000,0.0000,1447.0,0.0,1.000,256.0,0.000,0,0,256000,1,1,1,0,1,1
3,chain3,f32,64,glibc_t1,P6,5,0,1000,1458.11,0.0000,0.0000,1459.0,0.0,1.000,256.0,0.000,0,0,256000,1,2,0,0,1,1
3,chain3,f32,64,glibc_t1,P7,5,1,1000,1494.37,0.0000,0.0000,1495.0,0.0,1.000,256.0,0.000,0,0,256000,1,1,1,0,1,1
3,chain3,f32,64,glibc_t1,FIXED_TWIN,5,2,1000,1460.83,0.0000,0.0000,1463.0,0.0,1.000,256.0,0.000,0,0,256000,1,1,1,0,1,1
3,chain3,f32,64,glibc_t1,P5,5,3,1000,1491.78,0.0000,0.0000,1493.0,0.0,3.000,768.0,0.000,0,0,256512,3,0,0,0,1,1
3,chain3,f32,64,glibc_t1,P7,6,0,1000,1466.61,0.0000,0.0000,1467.0,0.0,1.000,256.0,0.000,0,0,256000,1,1,1,0,1,1
3,chain3,f32,64,glibc_t1,FIXED_TWIN,6,1,1000,1439.04,0.0000,0.0000,1429.0,10.0,1.000,256.0,0.000,0,0,256000,1,1,1,0,1,1
3,chain3,f32,64,glibc_t1,P5,6,2,1000,1513.81,0.0000,0.0000,1514.0,0.0,3.000,768.0,0.000,0,0,256512,3,0,0,0,1,1
3,chain3,f32,64,glibc_t1,P6,6,3,1000,1497.38,0.0000,0.0000,1499.0,0.0,1.000,256.0,0.000,0,0,256000,1,2,0,0,1,1
3,chain3,f32,64,glibc_t1,FIXED_TWIN,7,0,1000,1435.96,0.0000,0.0000,1436.0,0.0,1.000,256.0,0.000,0,0,256000,1,1,1,0,1,1
3,chain3,f32,64,glibc_t1,P5,7,1,1000,1534.56,0.0000,0.0000,1535.0,0.0,3.000,768.0,0.000,0,0,256512,3,0,0,0,1,1
3,chain3,f32,64,glibc_t1,P6,7,2,1000,1481.17,0.0000,0.0000,1483.0,0.0,1.000,256.0,0.000,0,0,256000,1,2,0,0,1,1
3,chain3,f32,64,glibc_t1,P7,7,3,1000,1582.83,0.0000,0.0000,1584.0,0.0,1.000,256.0,0.000,0,0,256000,1,1,1,0,1,1
3,chain3,f32,64,glibc_t1,P5,8,0,1000,1879.35,0.0000,0.0000,1881.0,0.0,3.000,768.0,0.000,0,0,256512,3,0,0,0,1,1
3,chain3,f32,64,glibc_t1,P6,8,1,1000,1849.74,0.0000,0.0000,1844.0,9.0,1.000,256.0,0.000,0,0,256000,1,2,0,0,1,1
3,chain3,f32,64,glibc_t1,P7,8,2,1000,1779.32,0.0000,0.0000,1781.0,0.0,1.000,256.0,0.000,0,0,256000,1,1,1,0,1,1
3,chain3,f32,64,glibc_t1,FIXED_TWIN,8,3,1000,1727.00,0.0000,0.0000,1728.0,0.0,1.000,256.0,0.000,0,0,256000,1,1,1,0,1,1
3,chain3,f32,64,glibc_t1,P6,9,0,1000,1738.68,0.0000,0.0000,1741.0,0.0,1.000,256.0,0.000,0,0,256000,1,2,0,0,1,1
3,chain3,f32,64,glibc_t1,P7,9,1,1000,1751.60,0.0000,0.0000,1737.0,16.0,1.000,256.0,0.000,0,0,256000,1,1,1,0,1,1
3,chain3,f32,64,glibc_t1,FIXED_TWIN,9,2,1000,1757.14,0.0000,0.0000,1759.0,0.0,1.000,256.0,0.000,0,0,256000,1,1,1,0,1,1
3,chain3,f32,64,glibc_t1,P5,9,3,1000,1877.47,0.0000,0.0000,1880.0,0.0,3.000,768.0,0.000,0,0,256512,3,0,0,0,1,1
3,chain3,f32,64,glibc_t1,P7,10,0,1000,1833.36,0.0000,0.0000,1836.0,0.0,1.000,256.0,0.000,0,0,256000,1,1,1,0,1,1
3,chain3,f32,64,glibc_t1,FIXED_TWIN,10,1,1000,1925.09,0.0000,0.0000,1928.0,0.0,1.000,256.0,0.000,0,0,256000,1,1,1,0,1,1
3,chain3,f32,64,glibc_t1,P5,10,2,1000,1901.76,0.0000,0.0000,1906.0,0.0,3.000,768.0,0.000,0,0,256512,3,0,0,0,1,1
3,chain3,f32,64,glibc_t1,P6,10,3,1000,1750.69,0.0000,0.0000,1753.0,0.0,1.000,256.0,0.000,0,0,256000,1,2,0,0,1,1
3,chain3,f32,64,glibc_t1,FIXED_TWIN,11,0,1000,1805.74,0.0000,0.0000,1809.0,0.0,1.000,256.0,0.000,0,0,256000,1,1,1,0,1,1
3,chain3,f32,64,glibc_t1,P5,11,1,1000,2007.87,0.0000,0.0000,2012.0,0.0,3.000,768.0,0.000,0,0,256512,3,0,0,0,1,1
3,chain3,f32,64,glibc_t1,P6,11,2,1000,1979.82,0.0000,0.0000,1983.0,0.0,1.000,256.0,0.000,0,0,256000,1,2,0,0,1,1
3,chain3,f32,64,glibc_t1,P7,11,3,1000,1574.21,0.0000,0.0000,1576.0,0.0,1.000,256.0,0.000,0,0,256000,1,1,1,0,1,1
3,chain3,f32,64,glibc_t1,P5,12,0,1000,2018.25,0.0000,0.0000,2023.0,0.0,3.000,768.0,0.000,0,0,256512,3,0,0,0,1,1
3,chain3,f32,64,glibc_t1,P6,12,1,1000,1459.13,0.0000,0.0000,1460.0,0.0,1.000,256.0,0.000,0,0,256000,1,2,0,0,1,1
3,chain3,f32,64,glibc_t1,P7,12,2,1000,1440.18,0.0000,0.0000,1441.0,0.0,1.000,256.0,0.000,0,0,256000,1,1,1,0,1,1
3,chain3,f32,64,glibc_t1,FIXED_TWIN,12,3,1000,1433.88,0.0000,0.0000,1435.0,0.0,1.000,256.0,0.000,0,0,256000,1,1,1,0,1,1
3,chain3,f32,64,glibc_t1,P6,13,0,1000,1436.28,0.0000,0.0000,1437.0,0.0,1.000,256.0,0.000,0,0,256000,1,2,0,0,1,1
3,chain3,f32,64,glibc_t1,P7,13,1,1000,1469.98,0.0000,0.0000,1471.0,0.0,1.000,256.0,0.000,0,0,256000,1,1,1,0,1,1
3,chain3,f32,64,glibc_t1,FIXED_TWIN,13,2,1000,1423.89,0.0000,0.0000,1425.0,0.0,1.000,256.0,0.000,0,0,256000,1,1,1,0,1,1
3,chain3,f32,64,glibc_t1,P5,13,3,1000,1623.65,0.0000,0.0000,1581.0,0.0,3.000,768.0,0.000,0,0,256512,3,0,0,0,1,1
3,chain3,f32,64,glibc_t1,P7,14,0,1000,1421.10,0.0000,0.0000,1422.0,0.0,1.000,256.0,0.000,0,0,256000,1,1,1,0,1,1
3,chain3,f32,64,glibc_t1,FIXED_TWIN,14,1,1000,1433.63,0.0000,0.0000,1435.0,0.0,1.000,256.0,0.000,0,0,256000,1,1,1,0,1,1
3,chain3,f32,64,glibc_t1,P5,14,2,1000,1774.59,0.0000,0.0000,1779.0,0.0,3.000,768.0,0.000,0,0,256512,3,0,0,0,1,1
3,chain3,f32,64,glibc_t1,P6,14,3,1000,1681.44,0.0000,0.0000,1683.0,0.0,1.000,256.0,0.000,0,0,256000,1,2,0,0,1,1
3,chain3,f32,1024,glibc_t1,P5,0,0,1000,2122.12,0.0000,0.0000,2129.0,0.0,3.000,12288.0,0.000,0,0,4104192,3,0,0,0,1,1
3,chain3,f32,1024,glibc_t1,P6,0,1,1000,1963.04,0.0000,0.0000,1967.0,0.0,1.000,4096.0,0.000,0,0,4096000,1,2,0,0,1,1
3,chain3,f32,1024,glibc_t1,P7,0,2,1000,1912.89,0.0000,0.0000,1917.0,0.0,1.000,4096.0,0.000,0,0,4096000,1,1,1,0,1,1
3,chain3,f32,1024,glibc_t1,FIXED_TWIN,0,3,1000,1894.47,0.0000,0.0000,1899.0,0.0,1.000,4096.0,0.000,0,0,4096000,1,1,1,0,1,1
3,chain3,f32,1024,glibc_t1,P6,1,0,1000,2130.60,0.0000,0.0000,2137.0,0.0,1.000,4096.0,0.000,0,0,4096000,1,2,0,0,1,1
3,chain3,f32,1024,glibc_t1,P7,1,1,1000,1959.01,0.0000,0.0000,1962.0,0.0,1.000,4096.0,0.000,0,0,4096000,1,1,1,0,1,1
3,chain3,f32,1024,glibc_t1,FIXED_TWIN,1,2,1000,1822.92,0.0000,0.0000,1826.0,0.0,1.000,4096.0,0.000,0,0,4096000,1,1,1,0,1,1
3,chain3,f32,1024,glibc_t1,P5,1,3,1000,1985.29,0.0000,0.0000,1988.0,0.0,3.000,12288.0,0.000,0,0,4104192,3,0,0,0,1,1
3,chain3,f32,1024,glibc_t1,P7,2,0,1000,1820.01,0.0000,0.0000,1822.0,0.0,1.000,4096.0,0.000,0,0,4096000,1,1,1,0,1,1
3,chain3,f32,1024,glibc_t1,FIXED_TWIN,2,1,1000,1760.00,0.0000,0.0000,1764.0,0.0,1.000,4096.0,0.000,0,0,4096000,1,1,1,0,1,1
3,chain3,f32,1024,glibc_t1,P5,2,2,1000,2015.80,0.0000,0.0000,2018.0,0.0,3.000,12288.0,0.000,0,0,4104192,3,0,0,0,1,1
3,chain3,f32,1024,glibc_t1,P6,2,3,1000,1916.23,0.0000,0.0000,1875.0,1.0,1.000,4096.0,0.000,0,0,4096000,1,2,0,0,1,1
3,chain3,f32,1024,glibc_t1,FIXED_TWIN,3,0,1000,1757.21,0.0000,0.0000,1759.0,0.0,1.000,4096.0,0.000,0,0,4096000,1,1,1,0,1,1
3,chain3,f32,1024,glibc_t1,P5,3,1,1000,1999.57,0.0000,0.0000,2002.0,0.0,3.000,12288.0,0.000,0,0,4104192,3,0,0,0,1,1
3,chain3,f32,1024,glibc_t1,P6,3,2,1000,1835.14,0.0000,0.0000,1837.0,0.0,1.000,4096.0,0.000,0,0,4096000,1,2,0,0,1,1
3,chain3,f32,1024,glibc_t1,P7,3,3,1000,1720.69,0.0000,0.0000,1723.0,0.0,1.000,4096.0,0.000,0,0,4096000,1,1,1,0,1,1
3,chain3,f32,1024,glibc_t1,P5,4,0,1000,1958.50,0.0000,0.0000,1960.0,0.0,3.000,12288.0,0.000,0,0,4104192,3,0,0,0,1,1
3,chain3,f32,1024,glibc_t1,P6,4,1,1000,1824.95,0.0000,0.0000,1827.0,0.0,1.000,4096.0,0.000,0,0,4096000,1,2,0,0,1,1
3,chain3,f32,1024,glibc_t1,P7,4,2,1000,1743.07,0.0000,0.0000,1746.0,0.0,1.000,4096.0,0.000,0,0,4096000,1,1,1,0,1,1
3,chain3,f32,1024,glibc_t1,FIXED_TWIN,4,3,1000,1714.86,0.0000,0.0000,1717.0,0.0,1.000,4096.0,0.000,0,0,4096000,1,1,1,0,1,1
3,chain3,f32,1024,glibc_t1,P6,5,0,1000,1906.14,0.0000,0.0000,1911.0,0.0,1.000,4096.0,0.000,0,0,4096000,1,2,0,0,1,1
3,chain3,f32,1024,glibc_t1,P7,5,1,1000,1789.86,0.0000,0.0000,1746.0,0.0,1.000,4096.0,0.000,0,0,4096000,1,1,1,0,1,1
3,chain3,f32,1024,glibc_t1,FIXED_TWIN,5,2,1000,1720.70,0.0000,0.0000,1722.0,0.0,1.000,4096.0,0.000,0,0,4096000,1,1,1,0,1,1
3,chain3,f32,1024,glibc_t1,P5,5,3,1000,1999.90,0.0000,0.0000,2002.0,0.0,3.000,12288.0,0.000,0,0,4104192,3,0,0,0,1,1
3,chain3,f32,1024,glibc_t1,P7,6,0,1000,1764.58,0.0000,0.0000,1768.0,0.0,1.000,4096.0,0.000,0,0,4096000,1,1,1,0,1,1
3,chain3,f32,1024,glibc_t1,FIXED_TWIN,6,1,1000,1756.15,0.0000,0.0000,1759.0,0.0,1.000,4096.0,0.000,0,0,4096000,1,1,1,0,1,1
3,chain3,f32,1024,glibc_t1,P5,6,2,1000,1954.69,0.0000,0.0000,1958.0,0.0,3.000,12288.0,0.000,0,0,4104192,3,0,0,0,1,1
3,chain3,f32,1024,glibc_t1,P6,6,3,1000,1837.40,0.0000,0.0000,1839.0,0.0,1.000,4096.0,0.000,0,0,4096000,1,2,0,0,1,1
3,chain3,f32,1024,glibc_t1,FIXED_TWIN,7,0,1000,1735.34,0.0000,0.0000,1738.0,0.0,1.000,4096.0,0.000,0,0,4096000,1,1,1,0,1,1
3,chain3,f32,1024,glibc_t1,P5,7,1,1000,2062.55,0.0000,0.0000,2065.0,0.0,3.000,12288.0,0.000,0,0,4104192,3,0,0,0,1,1
3,chain3,f32,1024,glibc_t1,P6,7,2,1000,1874.93,0.0000,0.0000,1877.0,0.0,1.000,4096.0,0.000,0,0,4096000,1,2,0,0,1,1
3,chain3,f32,1024,glibc_t1,P7,7,3,1000,1727.61,0.0000,0.0000,1730.0,0.0,1.000,4096.0,0.000,0,0,4096000,1,1,1,0,1,1
3,chain3,f32,1024,glibc_t1,P5,8,0,1000,1947.34,0.0000,0.0000,1949.0,0.0,3.000,12288.0,0.000,0,0,4104192,3,0,0,0,1,1
3,chain3,f32,1024,glibc_t1,P6,8,1,1000,1867.81,0.0000,0.0000,1869.0,0.0,1.000,4096.0,0.000,0,0,4096000,1,2,0,0,1,1
3,chain3,f32,1024,glibc_t1,P7,8,2,1000,1762.16,0.0000,0.0000,1765.0,0.0,1.000,4096.0,0.000,0,0,4096000,1,1,1,0,1,1
3,chain3,f32,1024,glibc_t1,FIXED_TWIN,8,3,1000,1748.14,0.0000,0.0000,1751.0,0.0,1.000,4096.0,0.000,0,0,4096000,1,1,1,0,1,1
3,chain3,f32,1024,glibc_t1,P6,9,0,1000,1824.91,0.0000,0.0000,1828.0,0.0,1.000,4096.0,0.000,0,0,4096000,1,2,0,0,1,1
3,chain3,f32,1024,glibc_t1,P7,9,1,1000,1762.67,0.0000,0.0000,1765.0,0.0,1.000,4096.0,0.000,0,0,4096000,1,1,1,0,1,1
3,chain3,f32,1024,glibc_t1,FIXED_TWIN,9,2,1000,1759.92,0.0000,0.0000,1761.0,0.0,1.000,4096.0,0.000,0,0,4096000,1,1,1,0,1,1
3,chain3,f32,1024,glibc_t1,P5,9,3,1000,2018.33,0.0000,0.0000,2021.0,0.0,3.000,12288.0,0.000,0,0,4104192,3,0,0,0,1,1
3,chain3,f32,1024,glibc_t1,P7,10,0,1000,1794.57,0.0000,0.0000,1798.0,0.0,1.000,4096.0,0.000,0,0,4096000,1,1,1,0,1,1
3,chain3,f32,1024,glibc_t1,FIXED_TWIN,10,1,1000,1803.44,0.0000,0.0000,1806.0,0.0,1.000,4096.0,0.000,0,0,4096000,1,1,1,0,1,1
3,chain3,f32,1024,glibc_t1,P5,10,2,1000,1956.01,0.0000,0.0000,1958.0,0.0,3.000,12288.0,0.000,0,0,4104192,3,0,0,0,1,1
3,chain3,f32,1024,glibc_t1,P6,10,3,1000,1984.38,0.0000,0.0000,1987.0,0.0,1.000,4096.0,0.000,0,0,4096000,1,2,0,0,1,1
3,chain3,f32,1024,glibc_t1,FIXED_TWIN,11,0,1000,1752.19,0.0000,0.0000,1755.0,0.0,1.000,4096.0,0.000,0,0,4096000,1,1,1,0,1,1
3,chain3,f32,1024,glibc_t1,P5,11,1,1000,2031.42,0.0000,0.0000,2040.0,0.0,3.000,12288.0,0.000,0,0,4104192,3,0,0,0,1,1
3,chain3,f32,1024,glibc_t1,P6,11,2,1000,2292.21,0.0000,0.0000,2295.0,0.0,1.000,4096.0,0.000,0,0,4096000,1,2,0,0,1,1
3,chain3,f32,1024,glibc_t1,P7,11,3,1000,1772.84,0.0000,0.0000,1777.0,0.0,1.000,4096.0,0.000,0,0,4096000,1,1,1,0,1,1
3,chain3,f32,1024,glibc_t1,P5,12,0,1000,2172.84,0.0000,0.0000,2177.0,0.0,3.000,12288.0,0.000,0,0,4104192,3,0,0,0,1,1
3,chain3,f32,1024,glibc_t1,P6,12,1,1000,2064.18,0.0000,0.0000,2069.0,0.0,1.000,4096.0,0.000,0,0,4096000,1,2,0,0,1,1
3,chain3,f32,1024,glibc_t1,P7,12,2,1000,2007.99,0.0000,0.0000,2012.0,0.0,1.000,4096.0,0.000,0,0,4096000,1,1,1,0,1,1
3,chain3,f32,1024,glibc_t1,FIXED_TWIN,12,3,1000,1834.21,0.0000,0.0000,1838.0,0.0,1.000,4096.0,0.000,0,0,4096000,1,1,1,0,1,1
3,chain3,f32,1024,glibc_t1,P6,13,0,1000,2026.80,0.0000,0.0000,2030.0,0.0,1.000,4096.0,0.000,0,0,4096000,1,2,0,0,1,1
3,chain3,f32,1024,glibc_t1,P7,13,1,1000,1776.81,0.0000,0.0000,1781.0,0.0,1.000,4096.0,0.000,0,0,4096000,1,1,1,0,1,1
3,chain3,f32,1024,glibc_t1,FIXED_TWIN,13,2,1000,1755.12,0.0000,0.0000,1757.0,0.0,1.000,4096.0,0.000,0,0,4096000,1,1,1,0,1,1
3,chain3,f32,1024,glibc_t1,P5,13,3,1000,2312.97,0.0000,0.0000,2322.0,0.0,3.000,12288.0,0.000,0,0,4104192,3,0,0,0,1,1
3,chain3,f32,1024,glibc_t1,P7,14,0,1000,1754.69,0.0000,0.0000,1758.0,0.0,1.000,4096.0,0.000,0,0,4096000,1,1,1,0,1,1
3,chain3,f32,1024,glibc_t1,FIXED_TWIN,14,1,1000,1720.55,0.0000,0.0000,1723.0,0.0,1.000,4096.0,0.000,0,0,4096000,1,1,1,0,1,1
3,chain3,f32,1024,glibc_t1,P5,14,2,1000,2021.85,0.0000,0.0000,2025.0,0.0,3.000,12288.0,0.000,0,0,4104192,3,0,0,0,1,1
3,chain3,f32,1024,glibc_t1,P6,14,3,1000,1880.50,0.0000,0.0000,1885.0,0.0,1.000,4096.0,0.000,0,0,4096000,1,2,0,0,1,1
3,chain3,f32,4096,glibc_t1,P5,0,0,1,2328.00,0.0000,0.0000,4000.0,0.0,3.000,49152.0,0.000,0,0,49152,3,0,0,0,1,1
3,chain3,f32,4096,glibc_t1,P6,0,1,1,1959.00,0.0000,0.0000,2000.0,0.0,1.000,16384.0,0.000,0,0,16384,1,2,0,0,1,1
3,chain3,f32,4096,glibc_t1,P7,0,2,1,5386.00,0.0000,0.0000,6000.0,0.0,1.000,16384.0,0.000,0,0,16384,1,1,1,0,1,1
3,chain3,f32,4096,glibc_t1,FIXED_TWIN,0,3,1,1779.00,0.0000,0.0000,3000.0,0.0,1.000,16384.0,0.000,0,0,16384,1,1,1,0,1,1
3,chain3,f32,4096,glibc_t1,P6,1,0,1,1913.00,0.0000,0.0000,2000.0,0.0,1.000,16384.0,0.000,0,0,16384,1,2,0,0,1,1
3,chain3,f32,4096,glibc_t1,P7,1,1,1,1752.00,0.0000,0.0000,2000.0,0.0,1.000,16384.0,0.000,0,0,16384,1,1,1,0,1,1
3,chain3,f32,4096,glibc_t1,FIXED_TWIN,1,2,1,1826.00,0.0000,0.0000,2000.0,0.0,1.000,16384.0,0.000,0,0,16384,1,1,1,0,1,1
3,chain3,f32,4096,glibc_t1,P5,1,3,1,2234.00,0.0000,0.0000,3000.0,0.0,3.000,49152.0,0.000,0,0,49152,3,0,0,0,1,1
3,chain3,f32,4096,glibc_t1,P7,2,0,1,1757.00,0.0000,0.0000,3000.0,0.0,1.000,16384.0,0.000,0,0,16384,1,1,1,0,1,1
3,chain3,f32,4096,glibc_t1,FIXED_TWIN,2,1,1,1837.00,0.0000,0.0000,2000.0,0.0,1.000,16384.0,0.000,0,0,16384,1,1,1,0,1,1
3,chain3,f32,4096,glibc_t1,P5,2,2,1,2219.00,0.0000,0.0000,3000.0,0.0,3.000,49152.0,0.000,0,0,49152,3,0,0,0,1,1
3,chain3,f32,4096,glibc_t1,P6,2,3,1,1940.00,0.0000,0.0000,2000.0,0.0,1.000,16384.0,0.000,0,0,16384,1,2,0,0,1,1
3,chain3,f32,4096,glibc_t1,FIXED_TWIN,3,0,1,1798.00,0.0000,0.0000,2000.0,0.0,1.000,16384.0,0.000,0,0,16384,1,1,1,0,1,1
3,chain3,f32,4096,glibc_t1,P5,3,1,1,2204.00,0.0000,0.0000,2000.0,0.0,3.000,49152.0,0.000,0,0,49152,3,0,0,0,1,1
3,chain3,f32,4096,glibc_t1,P6,3,2,1,1863.00,0.0000,0.0000,3000.0,0.0,1.000,16384.0,0.000,0,0,16384,1,2,0,0,1,1
3,chain3,f32,4096,glibc_t1,P7,3,3,1,1782.00,0.0000,0.0000,2000.0,0.0,1.000,16384.0,0.000,0,0,16384,1,1,1,0,1,1
3,chain3,f32,4096,glibc_t1,P5,4,0,1,2338.00,0.0000,0.0000,3000.0,0.0,3.000,49152.0,0.000,0,0,49152,3,0,0,0,1,1
3,chain3,f32,4096,glibc_t1,P6,4,1,1,2006.00,0.0000,0.0000,3000.0,0.0,1.000,16384.0,0.000,0,0,16384,1,2,0,0,1,1
3,chain3,f32,4096,glibc_t1,P7,4,2,1,1875.00,0.0000,0.0000,2000.0,0.0,1.000,16384.0,0.000,0,0,16384,1,1,1,0,1,1
3,chain3,f32,4096,glibc_t1,FIXED_TWIN,4,3,1,1835.00,0.0000,0.0000,3000.0,0.0,1.000,16384.0,0.000,0,0,16384,1,1,1,0,1,1
3,chain3,f32,4096,glibc_t1,P6,5,0,1,1942.00,0.0000,0.0000,2000.0,0.0,1.000,16384.0,0.000,0,0,16384,1,2,0,0,1,1
3,chain3,f32,4096,glibc_t1,P7,5,1,1,1771.00,0.0000,0.0000,2000.0,0.0,1.000,16384.0,0.000,0,0,16384,1,1,1,0,1,1
3,chain3,f32,4096,glibc_t1,FIXED_TWIN,5,2,1,6092.00,0.0000,0.0000,7000.0,0.0,1.000,16384.0,0.000,0,0,16384,1,1,1,0,1,1
3,chain3,f32,4096,glibc_t1,P5,5,3,1,2375.00,0.0000,0.0000,3000.0,0.0,3.000,49152.0,0.000,0,0,49152,3,0,0,0,1,1
3,chain3,f32,4096,glibc_t1,P7,6,0,1,1798.00,0.0000,0.0000,2000.0,0.0,1.000,16384.0,0.000,0,0,16384,1,1,1,0,1,1
3,chain3,f32,4096,glibc_t1,FIXED_TWIN,6,1,1,1773.00,0.0000,0.0000,2000.0,0.0,1.000,16384.0,0.000,0,0,16384,1,1,1,0,1,1
3,chain3,f32,4096,glibc_t1,P5,6,2,1,2249.00,0.0000,0.0000,2000.0,0.0,3.000,49152.0,0.000,0,0,49152,3,0,0,0,1,1
3,chain3,f32,4096,glibc_t1,P6,6,3,1,1915.00,0.0000,0.0000,3000.0,0.0,1.000,16384.0,0.000,0,0,16384,1,2,0,0,1,1
3,chain3,f32,4096,glibc_t1,FIXED_TWIN,7,0,1,1760.00,0.0000,0.0000,2000.0,0.0,1.000,16384.0,0.000,0,0,16384,1,1,1,0,1,1
3,chain3,f32,4096,glibc_t1,P5,7,1,1,2207.00,0.0000,0.0000,3000.0,0.0,3.000,49152.0,0.000,0,0,49152,3,0,0,0,1,1
3,chain3,f32,4096,glibc_t1,P6,7,2,1,1888.00,0.0000,0.0000,2000.0,0.0,1.000,16384.0,0.000,0,0,16384,1,2,0,0,1,1
3,chain3,f32,4096,glibc_t1,P7,7,3,1,1805.00,0.0000,0.0000,2000.0,0.0,1.000,16384.0,0.000,0,0,16384,1,1,1,0,1,1
3,chain3,f32,4096,glibc_t1,P5,8,0,1,2206.00,0.0000,0.0000,3000.0,0.0,3.000,49152.0,0.000,0,0,49152,3,0,0,0,1,1
3,chain3,f32,4096,glibc_t1,P6,8,1,1,1895.00,0.0000,0.0000,3000.0,0.0,1.000,16384.0,0.000,0,0,16384,1,2,0,0,1,1
3,chain3,f32,4096,glibc_t1,P7,8,2,1,1776.00,0.0000,0.0000,2000.0,0.0,1.000,16384.0,0.000,0,0,16384,1,1,1,0,1,1
3,chain3,f32,4096,glibc_t1,FIXED_TWIN,8,3,1,1827.00,0.0000,0.0000,2000.0,0.0,1.000,16384.0,0.000,0,0,16384,1,1,1,0,1,1
3,chain3,f32,4096,glibc_t1,P6,9,0,1,1894.00,0.0000,0.0000,2000.0,0.0,1.000,16384.0,0.000,0,0,16384,1,2,0,0,1,1
3,chain3,f32,4096,glibc_t1,P7,9,1,1,1787.00,0.0000,0.0000,2000.0,0.0,1.000,16384.0,0.000,0,0,16384,1,1,1,0,1,1
3,chain3,f32,4096,glibc_t1,FIXED_TWIN,9,2,1,1744.00,0.0000,0.0000,2000.0,0.0,1.000,16384.0,0.000,0,0,16384,1,1,1,0,1,1
3,chain3,f32,4096,glibc_t1,P5,9,3,1,2220.00,0.0000,0.0000,3000.0,0.0,3.000,49152.0,0.000,0,0,49152,3,0,0,0,1,1
3,chain3,f32,4096,glibc_t1,P7,10,0,1,1829.00,0.0000,0.0000,3000.0,0.0,1.000,16384.0,0.000,0,0,16384,1,1,1,0,1,1
3,chain3,f32,4096,glibc_t1,FIXED_TWIN,10,1,1,1772.00,0.0000,0.0000,2000.0,0.0,1.000,16384.0,0.000,0,0,16384,1,1,1,0,1,1
3,chain3,f32,4096,glibc_t1,P5,10,2,1,2221.00,0.0000,0.0000,2000.0,0.0,3.000,49152.0,0.000,0,0,49152,3,0,0,0,1,1
3,chain3,f32,4096,glibc_t1,P6,10,3,1,1893.00,0.0000,0.0000,3000.0,0.0,1.000,16384.0,0.000,0,0,16384,1,2,0,0,1,1
3,chain3,f32,4096,glibc_t1,FIXED_TWIN,11,0,1,1779.00,0.0000,0.0000,2000.0,0.0,1.000,16384.0,0.000,0,0,16384,1,1,1,0,1,1
3,chain3,f32,4096,glibc_t1,P5,11,1,1,2191.00,0.0000,0.0000,3000.0,0.0,3.000,49152.0,0.000,0,0,49152,3,0,0,0,1,1
3,chain3,f32,4096,glibc_t1,P6,11,2,1,1863.00,0.0000,0.0000,2000.0,0.0,1.000,16384.0,0.000,0,0,16384,1,2,0,0,1,1
3,chain3,f32,4096,glibc_t1,P7,11,3,1,1760.00,0.0000,0.0000,2000.0,0.0,1.000,16384.0,0.000,0,0,16384,1,1,1,0,1,1
3,chain3,f32,4096,glibc_t1,P5,12,0,1,2258.00,0.0000,0.0000,2000.0,0.0,3.000,49152.0,0.000,0,0,49152,3,0,0,0,1,1
3,chain3,f32,4096,glibc_t1,P6,12,1,1,1903.00,0.0000,0.0000,3000.0,0.0,1.000,16384.0,0.000,0,0,16384,1,2,0,0,1,1
3,chain3,f32,4096,glibc_t1,P7,12,2,1,1790.00,0.0000,0.0000,2000.0,0.0,1.000,16384.0,0.000,0,0,16384,1,1,1,0,1,1
3,chain3,f32,4096,glibc_t1,FIXED_TWIN,12,3,1,1767.00,0.0000,0.0000,2000.0,0.0,1.000,16384.0,0.000,0,0,16384,1,1,1,0,1,1
3,chain3,f32,4096,glibc_t1,P6,13,0,1,1868.00,0.0000,0.0000,2000.0,0.0,1.000,16384.0,0.000,0,0,16384,1,2,0,0,1,1
3,chain3,f32,4096,glibc_t1,P7,13,1,1,1796.00,0.0000,0.0000,2000.0,0.0,1.000,16384.0,0.000,0,0,16384,1,1,1,0,1,1
3,chain3,f32,4096,glibc_t1,FIXED_TWIN,13,2,1,1755.00,0.0000,0.0000,2000.0,0.0,1.000,16384.0,0.000,0,0,16384,1,1,1,0,1,1
3,chain3,f32,4096,glibc_t1,P5,13,3,1,2199.00,0.0000,0.0000,2000.0,0.0,3.000,49152.0,0.000,0,0,49152,3,0,0,0,1,1
3,chain3,f32,4096,glibc_t1,P7,14,0,1,1775.00,0.0000,0.0000,2000.0,0.0,1.000,16384.0,0.000,0,0,16384,1,1,1,0,1,1
3,chain3,f32,4096,glibc_t1,FIXED_TWIN,14,1,1,1738.00,0.0000,0.0000,2000.0,0.0,1.000,16384.0,0.000,0,0,16384,1,1,1,0,1,1
3,chain3,f32,4096,glibc_t1,P5,14,2,1,2225.00,0.0000,0.0000,2000.0,0.0,3.000,49152.0,0.000,0,0,49152,3,0,0,0,1,1
3,chain3,f32,4096,glibc_t1,P6,14,3,1,1890.00,0.0000,0.0000,3000.0,0.0,1.000,16384.0,0.000,0,0,16384,1,2,0,0,1,1
3,chain3,f32,16384,glibc_t1,P5,0,0,1,8541.00,0.0000,0.0000,9000.0,0.0,3.000,196608.0,0.000,0,0,196608,3,0,0,0,1,1
3,chain3,f32,16384,glibc_t1,P6,0,1,1,6791.00,0.0000,0.0000,7000.0,0.0,1.000,65536.0,0.000,0,0,65536,1,2,0,0,1,1
3,chain3,f32,16384,glibc_t1,P7,0,2,1,6001.00,0.0000,0.0000,7000.0,0.0,1.000,65536.0,0.000,0,0,65536,1,1,1,0,1,1
3,chain3,f32,16384,glibc_t1,FIXED_TWIN,0,3,1,5935.00,0.0000,0.0000,6000.0,1000.0,1.000,65536.0,0.000,0,0,65536,1,1,1,0,1,1
3,chain3,f32,16384,glibc_t1,P6,1,0,1,6784.00,0.0000,0.0000,3000.0,3000.0,1.000,65536.0,0.000,0,0,65536,1,2,0,0,1,1
3,chain3,f32,16384,glibc_t1,P7,1,1,1,5915.00,0.0000,0.0000,4000.0,3000.0,1.000,65536.0,0.000,0,0,65536,1,1,1,0,1,1
3,chain3,f32,16384,glibc_t1,FIXED_TWIN,1,2,1,5857.00,0.0000,0.0000,3000.0,3000.0,1.000,65536.0,0.000,0,0,65536,1,1,1,0,1,1
3,chain3,f32,16384,glibc_t1,P5,1,3,1,8648.00,0.0000,0.0000,4000.0,5000.0,3.000,196608.0,0.000,0,0,196608,3,0,0,0,1,1
3,chain3,f32,16384,glibc_t1,P7,2,0,1,5994.00,0.0000,0.0000,7000.0,0.0,1.000,65536.0,0.000,0,0,65536,1,1,1,0,1,1
3,chain3,f32,16384,glibc_t1,FIXED_TWIN,2,1,1,5971.00,0.0000,0.0000,7000.0,0.0,1.000,65536.0,0.000,0,0,65536,1,1,1,0,1,1
3,chain3,f32,16384,glibc_t1,P5,2,2,1,8604.00,0.0000,0.0000,9000.0,0.0,3.000,196608.0,0.000,0,0,196608,3,0,0,0,1,1
3,chain3,f32,16384,glibc_t1,P6,2,3,1,6674.00,0.0000,0.0000,7000.0,0.0,1.000,65536.0,0.000,0,0,65536,1,2,0,0,1,1
3,chain3,f32,16384,glibc_t1,FIXED_TWIN,3,0,1,5919.00,0.0000,0.0000,7000.0,0.0,1.000,65536.0,0.000,0,0,65536,1,1,1,0,1,1
3,chain3,f32,16384,glibc_t1,P5,3,1,1,8537.00,0.0000,0.0000,9000.0,0.0,3.000,196608.0,0.000,0,0,196608,3,0,0,0,1,1
3,chain3,f32,16384,glibc_t1,P6,3,2,1,6630.00,0.0000,0.0000,7000.0,0.0,1.000,65536.0,0.000,0,0,65536,1,2,0,0,1,1
3,chain3,f32,16384,glibc_t1,P7,3,3,1,5916.00,0.0000,0.0000,7000.0,0.0,1.000,65536.0,0.000,0,0,65536,1,1,1,0,1,1
3,chain3,f32,16384,glibc_t1,P5,4,0,1,8530.00,0.0000,0.0000,9000.0,0.0,3.000,196608.0,0.000,0,0,196608,3,0,0,0,1,1
3,chain3,f32,16384,glibc_t1,P6,4,1,1,6621.00,0.0000,0.0000,7000.0,0.0,1.000,65536.0,0.000,0,0,65536,1,2,0,0,1,1
3,chain3,f32,16384,glibc_t1,P7,4,2,1,5924.00,0.0000,0.0000,6000.0,0.0,1.000,65536.0,0.000,0,0,65536,1,1,1,0,1,1
3,chain3,f32,16384,glibc_t1,FIXED_TWIN,4,3,1,5931.00,0.0000,0.0000,7000.0,0.0,1.000,65536.0,0.000,0,0,65536,1,1,1,0,1,1
3,chain3,f32,16384,glibc_t1,P6,5,0,1,6646.00,0.0000,0.0000,7000.0,0.0,1.000,65536.0,0.000,0,0,65536,1,2,0,0,1,1
3,chain3,f32,16384,glibc_t1,P7,5,1,1,5898.00,0.0000,0.0000,6000.0,0.0,1.000,65536.0,0.000,0,0,65536,1,1,1,0,1,1
3,chain3,f32,16384,glibc_t1,FIXED_TWIN,5,2,1,5896.00,0.0000,0.0000,6000.0,0.0,1.000,65536.0,0.000,0,0,65536,1,1,1,0,1,1
3,chain3,f32,16384,glibc_t1,P5,5,3,1,8521.00,0.0000,0.0000,9000.0,0.0,3.000,196608.0,0.000,0,0,196608,3,0,0,0,1,1
3,chain3,f32,16384,glibc_t1,P7,6,0,1,5872.00,0.0000,0.0000,6000.0,0.0,1.000,65536.0,0.000,0,0,65536,1,1,1,0,1,1
3,chain3,f32,16384,glibc_t1,FIXED_TWIN,6,1,1,5910.00,0.0000,0.0000,6000.0,0.0,1.000,65536.0,0.000,0,0,65536,1,1,1,0,1,1
3,chain3,f32,16384,glibc_t1,P5,6,2,1,8710.00,0.0000,0.0000,9000.0,0.0,3.000,196608.0,0.000,0,0,196608,3,0,0,0,1,1
3,chain3,f32,16384,glibc_t1,P6,6,3,1,10302.00,0.0000,0.0000,11000.0,0.0,1.000,65536.0,0.000,0,0,65536,1,2,0,0,1,1
3,chain3,f32,16384,glibc_t1,FIXED_TWIN,7,0,1,6001.00,0.0000,0.0000,7000.0,0.0,1.000,65536.0,0.000,0,0,65536,1,1,1,0,1,1
3,chain3,f32,16384,glibc_t1,P5,7,1,1,8564.00,0.0000,0.0000,9000.0,0.0,3.000,196608.0,0.000,0,0,196608,3,0,0,0,1,1
3,chain3,f32,16384,glibc_t1,P6,7,2,1,6656.00,0.0000,0.0000,8000.0,0.0,1.000,65536.0,0.000,0,0,65536,1,2,0,0,1,1
3,chain3,f32,16384,glibc_t1,P7,7,3,1,5928.00,0.0000,0.0000,7000.0,0.0,1.000,65536.0,0.000,0,0,65536,1,1,1,0,1,1
3,chain3,f32,16384,glibc_t1,P5,8,0,1,8509.00,0.0000,0.0000,9000.0,0.0,3.000,196608.0,0.000,0,0,196608,3,0,0,0,1,1
3,chain3,f32,16384,glibc_t1,P6,8,1,1,6658.00,0.0000,0.0000,7000.0,0.0,1.000,65536.0,0.000,0,0,65536,1,2,0,0,1,1
3,chain3,f32,16384,glibc_t1,P7,8,2,1,5935.00,0.0000,0.0000,6000.0,0.0,1.000,65536.0,0.000,0,0,65536,1,1,1,0,1,1
3,chain3,f32,16384,glibc_t1,FIXED_TWIN,8,3,1,5930.00,0.0000,0.0000,6000.0,0.0,1.000,65536.0,0.000,0,0,65536,1,1,1,0,1,1
3,chain3,f32,16384,glibc_t1,P6,9,0,1,6632.00,0.0000,0.0000,7000.0,0.0,1.000,65536.0,0.000,0,0,65536,1,2,0,0,1,1
3,chain3,f32,16384,glibc_t1,P7,9,1,1,5957.00,0.0000,0.0000,7000.0,0.0,1.000,65536.0,0.000,0,0,65536,1,1,1,0,1,1
3,chain3,f32,16384,glibc_t1,FIXED_TWIN,9,2,1,6484.00,0.0000,0.0000,7000.0,0.0,1.000,65536.0,0.000,0,0,65536,1,1,1,0,1,1
3,chain3,f32,16384,glibc_t1,P5,9,3,1,8570.00,0.0000,0.0000,9000.0,0.0,3.000,196608.0,0.000,0,0,196608,3,0,0,0,1,1
3,chain3,f32,16384,glibc_t1,P7,10,0,1,5888.00,0.0000,0.0000,6000.0,0.0,1.000,65536.0,0.000,0,0,65536,1,1,1,0,1,1
3,chain3,f32,16384,glibc_t1,FIXED_TWIN,10,1,1,5880.00,0.0000,0.0000,6000.0,0.0,1.000,65536.0,0.000,0,0,65536,1,1,1,0,1,1
3,chain3,f32,16384,glibc_t1,P5,10,2,1,8490.00,0.0000,0.0000,9000.0,0.0,3.000,196608.0,0.000,0,0,196608,3,0,0,0,1,1
3,chain3,f32,16384,glibc_t1,P6,10,3,1,6658.00,0.0000,0.0000,7000.0,0.0,1.000,65536.0,0.000,0,0,65536,1,2,0,0,1,1
3,chain3,f32,16384,glibc_t1,FIXED_TWIN,11,0,1,5896.00,0.0000,0.0000,6000.0,0.0,1.000,65536.0,0.000,0,0,65536,1,1,1,0,1,1
3,chain3,f32,16384,glibc_t1,P5,11,1,1,8537.00,0.0000,0.0000,9000.0,0.0,3.000,196608.0,0.000,0,0,196608,3,0,0,0,1,1
3,chain3,f32,16384,glibc_t1,P6,11,2,1,6632.00,0.0000,0.0000,7000.0,0.0,1.000,65536.0,0.000,0,0,65536,1,2,0,0,1,1
3,chain3,f32,16384,glibc_t1,P7,11,3,1,5972.00,0.0000,0.0000,6000.0,0.0,1.000,65536.0,0.000,0,0,65536,1,1,1,0,1,1
3,chain3,f32,16384,glibc_t1,P5,12,0,1,8490.00,0.0000,0.0000,9000.0,0.0,3.000,196608.0,0.000,0,0,196608,3,0,0,0,1,1
3,chain3,f32,16384,glibc_t1,P6,12,1,1,6620.00,0.0000,0.0000,7000.0,0.0,1.000,65536.0,0.000,0,0,65536,1,2,0,0,1,1
3,chain3,f32,16384,glibc_t1,P7,12,2,1,6101.00,0.0000,0.0000,6000.0,0.0,1.000,65536.0,0.000,0,0,65536,1,1,1,0,1,1
3,chain3,f32,16384,glibc_t1,FIXED_TWIN,12,3,1,5922.00,0.0000,0.0000,7000.0,0.0,1.000,65536.0,0.000,0,0,65536,1,1,1,0,1,1
3,chain3,f32,16384,glibc_t1,P6,13,0,1,6726.00,0.0000,0.0000,7000.0,0.0,1.000,65536.0,0.000,0,0,65536,1,2,0,0,1,1
3,chain3,f32,16384,glibc_t1,P7,13,1,1,5990.00,0.0000,0.0000,6000.0,0.0,1.000,65536.0,0.000,0,0,65536,1,1,1,0,1,1
3,chain3,f32,16384,glibc_t1,FIXED_TWIN,13,2,1,5891.00,0.0000,0.0000,6000.0,0.0,1.000,65536.0,0.000,0,0,65536,1,1,1,0,1,1
3,chain3,f32,16384,glibc_t1,P5,13,3,1,8622.00,0.0000,0.0000,9000.0,0.0,3.000,196608.0,0.000,0,0,196608,3,0,0,0,1,1
3,chain3,f32,16384,glibc_t1,P7,14,0,1,5919.00,0.0000,0.0000,6000.0,0.0,1.000,65536.0,0.000,0,0,65536,1,1,1,0,1,1
3,chain3,f32,16384,glibc_t1,FIXED_TWIN,14,1,1,5895.00,0.0000,0.0000,7000.0,0.0,1.000,65536.0,0.000,0,0,65536,1,1,1,0,1,1
3,chain3,f32,16384,glibc_t1,P5,14,2,1,8623.00,0.0000,0.0000,9000.0,0.0,3.000,196608.0,0.000,0,0,196608,3,0,0,0,1,1
3,chain3,f32,16384,glibc_t1,P6,14,3,1,6638.00,0.0000,0.0000,7000.0,0.0,1.000,65536.0,0.000,0,0,65536,1,2,0,0,1,1
3,chain3,f32,65536,glibc_t1,P5,0,0,1,35700.00,0.0000,0.0000,37000.0,0.0,3.000,786432.0,0.000,0,0,786432,3,0,0,0,1,1
3,chain3,f32,65536,glibc_t1,P6,0,1,1,31758.00,0.0000,0.0000,33000.0,0.0,1.000,262144.0,0.000,0,0,262144,1,2,0,0,1,1
3,chain3,f32,65536,glibc_t1,P7,0,2,1,22285.00,0.0000,0.0000,23000.0,0.0,1.000,262144.0,0.000,0,0,262144,1,1,1,0,1,1
3,chain3,f32,65536,glibc_t1,FIXED_TWIN,0,3,1,22551.00,0.0000,0.0000,23000.0,0.0,1.000,262144.0,0.000,0,0,262144,1,1,1,0,1,1
3,chain3,f32,65536,glibc_t1,P6,1,0,1,25038.00,0.0000,0.0000,25000.0,0.0,1.000,262144.0,0.000,0,0,262144,1,2,0,0,1,1
3,chain3,f32,65536,glibc_t1,P7,1,1,1,22297.00,0.0000,0.0000,23000.0,0.0,1.000,262144.0,0.000,0,0,262144,1,1,1,0,1,1
3,chain3,f32,65536,glibc_t1,FIXED_TWIN,1,2,1,22171.00,0.0000,0.0000,22000.0,0.0,1.000,262144.0,0.000,0,0,262144,1,1,1,0,1,1
3,chain3,f32,65536,glibc_t1,P5,1,3,1,57508.00,0.0000,0.0000,59000.0,0.0,3.000,786432.0,0.000,0,0,786432,3,0,0,0,1,1
3,chain3,f32,65536,glibc_t1,P7,2,0,1,22737.00,0.0000,0.0000,23000.0,0.0,1.000,262144.0,0.000,0,0,262144,1,1,1,0,1,1
3,chain3,f32,65536,glibc_t1,FIXED_TWIN,2,1,1,22343.00,0.0000,0.0000,23000.0,0.0,1.000,262144.0,0.000,0,0,262144,1,1,1,0,1,1
3,chain3,f32,65536,glibc_t1,P5,2,2,1,39556.00,0.0000,0.0000,40000.0,0.0,3.000,786432.0,0.000,0,0,786432,3,0,0,0,1,1
3,chain3,f32,65536,glibc_t1,P6,2,3,1,25666.00,0.0000,0.0000,26000.0,0.0,1.000,262144.0,0.000,0,0,262144,1,2,0,0,1,1
3,chain3,f32,65536,glibc_t1,FIXED_TWIN,3,0,1,22208.00,0.0000,0.0000,23000.0,0.0,1.000,262144.0,0.000,0,0,262144,1,1,1,0,1,1
3,chain3,f32,65536,glibc_t1,P5,3,1,1,37872.00,0.0000,0.0000,39000.0,0.0,3.000,786432.0,0.000,0,0,786432,3,0,0,0,1,1
3,chain3,f32,65536,glibc_t1,P6,3,2,1,26083.00,0.0000,0.0000,27000.0,0.0,1.000,262144.0,0.000,0,0,262144,1,2,0,0,1,1
3,chain3,f32,65536,glibc_t1,P7,3,3,1,22548.00,0.0000,0.0000,23000.0,0.0,1.000,262144.0,0.000,0,0,262144,1,1,1,0,1,1
3,chain3,f32,65536,glibc_t1,P5,4,0,1,37989.00,0.0000,0.0000,39000.0,0.0,3.000,786432.0,0.000,0,0,786432,3,0,0,0,1,1
3,chain3,f32,65536,glibc_t1,P6,4,1,1,25640.00,0.0000,0.0000,26000.0,0.0,1.000,262144.0,0.000,0,0,262144,1,2,0,0,1,1
3,chain3,f32,65536,glibc_t1,P7,4,2,1,22255.00,0.0000,0.0000,23000.0,0.0,1.000,262144.0,0.000,0,0,262144,1,1,1,0,1,1
3,chain3,f32,65536,glibc_t1,FIXED_TWIN,4,3,1,22263.00,0.0000,0.0000,23000.0,0.0,1.000,262144.0,0.000,0,0,262144,1,1,1,0,1,1
3,chain3,f32,65536,glibc_t1,P6,5,0,1,25244.00,0.0000,0.0000,26000.0,0.0,1.000,262144.0,0.000,0,0,262144,1,2,0,0,1,1
3,chain3,f32,65536,glibc_t1,P7,5,1,1,22431.00,0.0000,0.0000,23000.0,0.0,1.000,262144.0,0.000,0,0,262144,1,1,1,0,1,1
3,chain3,f32,65536,glibc_t1,FIXED_TWIN,5,2,1,22373.00,0.0000,0.0000,23000.0,0.0,1.000,262144.0,0.000,0,0,262144,1,1,1,0,1,1
3,chain3,f32,65536,glibc_t1,P5,5,3,1,37869.00,0.0000,0.0000,39000.0,0.0,3.000,786432.0,0.000,0,0,786432,3,0,0,0,1,1
3,chain3,f32,65536,glibc_t1,P7,6,0,1,22634.00,0.0000,0.0000,23000.0,0.0,1.000,262144.0,0.000,0,0,262144,1,1,1,0,1,1
3,chain3,f32,65536,glibc_t1,FIXED_TWIN,6,1,1,22364.00,0.0000,0.0000,23000.0,0.0,1.000,262144.0,0.000,0,0,262144,1,1,1,0,1,1
3,chain3,f32,65536,glibc_t1,P5,6,2,1,56186.00,0.0000,0.0000,57000.0,0.0,3.000,786432.0,0.000,0,0,786432,3,0,0,0,1,1
3,chain3,f32,65536,glibc_t1,P6,6,3,1,26046.00,0.0000,0.0000,27000.0,0.0,1.000,262144.0,0.000,0,0,262144,1,2,0,0,1,1
3,chain3,f32,65536,glibc_t1,FIXED_TWIN,7,0,1,23335.00,0.0000,0.0000,24000.0,0.0,1.000,262144.0,0.000,0,0,262144,1,1,1,0,1,1
3,chain3,f32,65536,glibc_t1,P5,7,1,1,37867.00,0.0000,0.0000,39000.0,0.0,3.000,786432.0,0.000,0,0,786432,3,0,0,0,1,1
3,chain3,f32,65536,glibc_t1,P6,7,2,1,25685.00,0.0000,0.0000,26000.0,0.0,1.000,262144.0,0.000,0,0,262144,1,2,0,0,1,1
3,chain3,f32,65536,glibc_t1,P7,7,3,1,22212.00,0.0000,0.0000,23000.0,0.0,1.000,262144.0,0.000,0,0,262144,1,1,1,0,1,1
3,chain3,f32,65536,glibc_t1,P5,8,0,1,37728.00,0.0000,0.0000,38000.0,0.0,3.000,786432.0,0.000,0,0,786432,3,0,0,0,1,1
3,chain3,f32,65536,glibc_t1,P6,8,1,1,26184.00,0.0000,0.0000,27000.0,0.0,1.000,262144.0,0.000,0,0,262144,1,2,0,0,1,1
3,chain3,f32,65536,glibc_t1,P7,8,2,1,22452.00,0.0000,0.0000,23000.0,0.0,1.000,262144.0,0.000,0,0,262144,1,1,1,0,1,1
3,chain3,f32,65536,glibc_t1,FIXED_TWIN,8,3,1,22245.00,0.0000,0.0000,23000.0,0.0,1.000,262144.0,0.000,0,0,262144,1,1,1,0,1,1
3,chain3,f32,65536,glibc_t1,P6,9,0,1,24961.00,0.0000,0.0000,26000.0,0.0,1.000,262144.0,0.000,0,0,262144,1,2,0,0,1,1
3,chain3,f32,65536,glibc_t1,P7,9,1,1,22077.00,0.0000,0.0000,22000.0,0.0,1.000,262144.0,0.000,0,0,262144,1,1,1,0,1,1
3,chain3,f32,65536,glibc_t1,FIXED_TWIN,9,2,1,22101.00,0.0000,0.0000,23000.0,0.0,1.000,262144.0,0.000,0,0,262144,1,1,1,0,1,1
3,chain3,f32,65536,glibc_t1,P5,9,3,1,40594.00,0.0000,0.0000,41000.0,0.0,3.000,786432.0,0.000,0,0,786432,3,0,0,0,1,1
3,chain3,f32,65536,glibc_t1,P7,10,0,1,22717.00,0.0000,0.0000,23000.0,0.0,1.000,262144.0,0.000,0,0,262144,1,1,1,0,1,1
3,chain3,f32,65536,glibc_t1,FIXED_TWIN,10,1,1,22305.00,0.0000,0.0000,23000.0,0.0,1.000,262144.0,0.000,0,0,262144,1,1,1,0,1,1
3,chain3,f32,65536,glibc_t1,P5,10,2,1,46633.00,0.0000,0.0000,47000.0,0.0,3.000,786432.0,0.000,0,0,786432,3,0,0,0,1,1
3,chain3,f32,65536,glibc_t1,P6,10,3,1,25744.00,0.0000,0.0000,26000.0,0.0,1.000,262144.0,0.000,0,0,262144,1,2,0,0,1,1
3,chain3,f32,65536,glibc_t1,FIXED_TWIN,11,0,1,22214.00,0.0000,0.0000,23000.0,0.0,1.000,262144.0,0.000,0,0,262144,1,1,1,0,1,1
3,chain3,f32,65536,glibc_t1,P5,11,1,1,63095.00,0.0000,0.0000,65000.0,0.0,3.000,786432.0,0.000,0,0,786432,3,0,0,0,1,1
3,chain3,f32,65536,glibc_t1,P6,11,2,1,25785.00,0.0000,0.0000,27000.0,0.0,1.000,262144.0,0.000,0,0,262144,1,2,0,0,1,1
3,chain3,f32,65536,glibc_t1,P7,11,3,1,22170.00,0.0000,0.0000,23000.0,0.0,1.000,262144.0,0.000,0,0,262144,1,1,1,0,1,1
3,chain3,f32,65536,glibc_t1,P5,12,0,1,39251.00,0.0000,0.0000,40000.0,0.0,3.000,786432.0,0.000,0,0,786432,3,0,0,0,1,1
3,chain3,f32,65536,glibc_t1,P6,12,1,1,32633.00,0.0000,0.0000,33000.0,0.0,1.000,262144.0,0.000,0,0,262144,1,2,0,0,1,1
3,chain3,f32,65536,glibc_t1,P7,12,2,1,22309.00,0.0000,0.0000,23000.0,0.0,1.000,262144.0,0.000,0,0,262144,1,1,1,0,1,1
3,chain3,f32,65536,glibc_t1,FIXED_TWIN,12,3,1,22145.00,0.0000,0.0000,23000.0,0.0,1.000,262144.0,0.000,0,0,262144,1,1,1,0,1,1
3,chain3,f32,65536,glibc_t1,P6,13,0,1,25575.00,0.0000,0.0000,27000.0,0.0,1.000,262144.0,0.000,0,0,262144,1,2,0,0,1,1
3,chain3,f32,65536,glibc_t1,P7,13,1,1,22355.00,0.0000,0.0000,20000.0,3000.0,1.000,262144.0,0.000,0,0,262144,1,1,1,0,1,1
3,chain3,f32,65536,glibc_t1,FIXED_TWIN,13,2,1,22297.00,0.0000,0.0000,23000.0,0.0,1.000,262144.0,0.000,0,0,262144,1,1,1,0,1,1
3,chain3,f32,65536,glibc_t1,P5,13,3,1,38140.00,0.0000,0.0000,39000.0,0.0,3.000,786432.0,0.000,0,0,786432,3,0,0,0,1,1
3,chain3,f32,65536,glibc_t1,P7,14,0,1,22576.00,0.0000,0.0000,23000.0,0.0,1.000,262144.0,0.000,0,0,262144,1,1,1,0,1,1
3,chain3,f32,65536,glibc_t1,FIXED_TWIN,14,1,1,22208.00,0.0000,0.0000,22000.0,0.0,1.000,262144.0,0.000,0,0,262144,1,1,1,0,1,1
3,chain3,f32,65536,glibc_t1,P5,14,2,1,38659.00,0.0000,0.0000,40000.0,0.0,3.000,786432.0,0.000,0,0,786432,3,0,0,0,1,1
3,chain3,f32,65536,glibc_t1,P6,14,3,1,26181.00,0.0000,0.0000,27000.0,0.0,1.000,262144.0,0.000,0,0,262144,1,2,0,0,1,1
3,chain3,f32,262144,glibc_t1,P5,0,0,1,342421.00,0.0000,0.0000,346000.0,0.0,3.000,3145728.0,0.000,0,0,3145728,3,0,0,0,1,1
3,chain3,f32,262144,glibc_t1,P6,0,1,1,235504.00,0.0000,0.0000,238000.0,0.0,1.000,1048576.0,0.000,0,0,1048576,1,2,0,0,1,1
3,chain3,f32,262144,glibc_t1,P7,0,2,1,221803.00,0.0000,0.0000,223000.0,0.0,1.000,1048576.0,0.000,0,0,1048576,1,1,1,0,1,1
3,chain3,f32,262144,glibc_t1,FIXED_TWIN,0,3,1,222975.00,0.0000,0.0000,225000.0,0.0,1.000,1048576.0,0.000,0,0,1048576,1,1,1,0,1,1
3,chain3,f32,262144,glibc_t1,P6,1,0,1,234770.00,0.0000,0.0000,236000.0,0.0,1.000,1048576.0,0.000,0,0,1048576,1,2,0,0,1,1
3,chain3,f32,262144,glibc_t1,P7,1,1,1,228084.00,0.0000,0.0000,230000.0,0.0,1.000,1048576.0,0.000,0,0,1048576,1,1,1,0,1,1
3,chain3,f32,262144,glibc_t1,FIXED_TWIN,1,2,1,245327.00,0.0000,0.0000,246000.0,0.0,1.000,1048576.0,0.000,0,0,1048576,1,1,1,0,1,1
3,chain3,f32,262144,glibc_t1,P5,1,3,1,370783.00,0.0000,0.0000,373000.0,0.0,3.000,3145728.0,0.000,0,0,3145728,3,0,0,0,1,1
3,chain3,f32,262144,glibc_t1,P7,2,0,1,241980.00,0.0000,0.0000,243000.0,0.0,1.000,1048576.0,0.000,0,0,1048576,1,1,1,0,1,1
3,chain3,f32,262144,glibc_t1,FIXED_TWIN,2,1,1,220194.00,0.0000,0.0000,222000.0,0.0,1.000,1048576.0,0.000,0,0,1048576,1,1,1,0,1,1
3,chain3,f32,262144,glibc_t1,P5,2,2,1,377660.00,0.0000,0.0000,380000.0,0.0,3.000,3145728.0,0.000,0,0,3145728,3,0,0,0,1,1
3,chain3,f32,262144,glibc_t1,P6,2,3,1,237418.00,0.0000,0.0000,239000.0,0.0,1.000,1048576.0,0.000,0,0,1048576,1,2,0,0,1,1
3,chain3,f32,262144,glibc_t1,FIXED_TWIN,3,0,1,222332.00,0.0000,0.0000,224000.0,0.0,1.000,1048576.0,0.000,0,0,1048576,1,1,1,0,1,1
3,chain3,f32,262144,glibc_t1,P5,3,1,1,348583.00,0.0000,0.0000,351000.0,0.0,3.000,3145728.0,0.000,0,0,3145728,3,0,0,0,1,1
3,chain3,f32,262144,glibc_t1,P6,3,2,1,235909.00,0.0000,0.0000,239000.0,0.0,1.000,1048576.0,0.000,0,0,1048576,1,2,0,0,1,1
3,chain3,f32,262144,glibc_t1,P7,3,3,1,225685.00,0.0000,0.0000,227000.0,0.0,1.000,1048576.0,0.000,0,0,1048576,1,1,1,0,1,1
3,chain3,f32,262144,glibc_t1,P5,4,0,1,342325.00,0.0000,0.0000,345000.0,0.0,3.000,3145728.0,0.000,0,0,3145728,3,0,0,0,1,1
3,chain3,f32,262144,glibc_t1,P6,4,1,1,240813.00,0.0000,0.0000,243000.0,0.0,1.000,1048576.0,0.000,0,0,1048576,1,2,0,0,1,1
3,chain3,f32,262144,glibc_t1,P7,4,2,1,220839.00,0.0000,0.0000,222000.0,0.0,1.000,1048576.0,0.000,0,0,1048576,1,1,1,0,1,1
3,chain3,f32,262144,glibc_t1,FIXED_TWIN,4,3,1,224664.00,0.0000,0.0000,247000.0,0.0,1.000,1048576.0,0.000,0,0,1048576,1,1,1,0,1,1
3,chain3,f32,262144,glibc_t1,P6,5,0,1,262791.00,0.0000,0.0000,265000.0,0.0,1.000,1048576.0,0.000,0,0,1048576,1,2,0,0,1,1
3,chain3,f32,262144,glibc_t1,P7,5,1,1,245359.00,0.0000,0.0000,247000.0,0.0,1.000,1048576.0,0.000,0,0,1048576,1,1,1,0,1,1
3,chain3,f32,262144,glibc_t1,FIXED_TWIN,5,2,1,228502.00,0.0000,0.0000,233000.0,0.0,1.000,1048576.0,0.000,0,0,1048576,1,1,1,0,1,1
3,chain3,f32,262144,glibc_t1,P5,5,3,1,390957.00,0.0000,0.0000,393000.0,0.0,3.000,3145728.0,0.000,0,0,3145728,3,0,0,0,1,1
3,chain3,f32,262144,glibc_t1,P7,6,0,1,260646.00,0.0000,0.0000,265000.0,0.0,1.000,1048576.0,0.000,0,0,1048576,1,1,1,0,1,1
3,chain3,f32,262144,glibc_t1,FIXED_TWIN,6,1,1,257307.00,0.0000,0.0000,260000.0,0.0,1.000,1048576.0,0.000,0,0,1048576,1,1,1,0,1,1
3,chain3,f32,262144,glibc_t1,P5,6,2,1,396717.00,0.0000,0.0000,400000.0,0.0,3.000,3145728.0,0.000,0,0,3145728,3,0,0,0,1,1
3,chain3,f32,262144,glibc_t1,P6,6,3,1,290455.00,0.0000,0.0000,293000.0,0.0,1.000,1048576.0,0.000,0,0,1048576,1,2,0,0,1,1
3,chain3,f32,262144,glibc_t1,FIXED_TWIN,7,0,1,264826.00,0.0000,0.0000,268000.0,0.0,1.000,1048576.0,0.000,0,0,1048576,1,1,1,0,1,1
3,chain3,f32,262144,glibc_t1,P5,7,1,1,469250.00,0.0000,0.0000,473000.0,0.0,3.000,3145728.0,0.000,0,0,3145728,3,0,0,0,1,1
3,chain3,f32,262144,glibc_t1,P6,7,2,1,294293.00,0.0000,0.0000,297000.0,0.0,1.000,1048576.0,0.000,0,0,1048576,1,2,0,0,1,1
3,chain3,f32,262144,glibc_t1,P7,7,3,1,253810.00,0.0000,0.0000,256000.0,0.0,1.000,1048576.0,0.000,0,0,1048576,1,1,1,0,1,1
3,chain3,f32,262144,glibc_t1,P5,8,0,1,402255.00,0.0000,0.0000,406000.0,0.0,3.000,3145728.0,0.000,0,0,3145728,3,0,0,0,1,1
3,chain3,f32,262144,glibc_t1,P6,8,1,1,267864.00,0.0000,0.0000,271000.0,0.0,1.000,1048576.0,0.000,0,0,1048576,1,2,0,0,1,1
3,chain3,f32,262144,glibc_t1,P7,8,2,1,260178.00,0.0000,0.0000,262000.0,0.0,1.000,1048576.0,0.000,0,0,1048576,1,1,1,0,1,1
3,chain3,f32,262144,glibc_t1,FIXED_TWIN,8,3,1,319593.00,0.0000,0.0000,322000.0,0.0,1.000,1048576.0,0.000,0,0,1048576,1,1,1,0,1,1
3,chain3,f32,262144,glibc_t1,P6,9,0,1,265671.00,0.0000,0.0000,267000.0,0.0,1.000,1048576.0,0.000,0,0,1048576,1,2,0,0,1,1
3,chain3,f32,262144,glibc_t1,P7,9,1,1,228571.00,0.0000,0.0000,231000.0,0.0,1.000,1048576.0,0.000,0,0,1048576,1,1,1,0,1,1
3,chain3,f32,262144,glibc_t1,FIXED_TWIN,9,2,1,227672.00,0.0000,0.0000,229000.0,0.0,1.000,1048576.0,0.000,0,0,1048576,1,1,1,0,1,1
3,chain3,f32,262144,glibc_t1,P5,9,3,1,353521.00,0.0000,0.0000,356000.0,0.0,3.000,3145728.0,0.000,0,0,3145728,3,0,0,0,1,1
3,chain3,f32,262144,glibc_t1,P7,10,0,1,231660.00,0.0000,0.0000,234000.0,0.0,1.000,1048576.0,0.000,0,0,1048576,1,1,1,0,1,1
3,chain3,f32,262144,glibc_t1,FIXED_TWIN,10,1,1,225702.00,0.0000,0.0000,228000.0,0.0,1.000,1048576.0,0.000,0,0,1048576,1,1,1,0,1,1
3,chain3,f32,262144,glibc_t1,P5,10,2,1,348503.00,0.0000,0.0000,351000.0,0.0,3.000,3145728.0,0.000,0,0,3145728,3,0,0,0,1,1
3,chain3,f32,262144,glibc_t1,P6,10,3,1,239852.00,0.0000,0.0000,241000.0,0.0,1.000,1048576.0,0.000,0,0,1048576,1,2,0,0,1,1
3,chain3,f32,262144,glibc_t1,FIXED_TWIN,11,0,1,250174.00,0.0000,0.0000,252000.0,0.0,1.000,1048576.0,0.000,0,0,1048576,1,1,1,0,1,1
3,chain3,f32,262144,glibc_t1,P5,11,1,1,349092.00,0.0000,0.0000,351000.0,0.0,3.000,3145728.0,0.000,0,0,3145728,3,0,0,0,1,1
3,chain3,f32,262144,glibc_t1,P6,11,2,1,260524.00,0.0000,0.0000,263000.0,0.0,1.000,1048576.0,0.000,0,0,1048576,1,2,0,0,1,1
3,chain3,f32,262144,glibc_t1,P7,11,3,1,240629.00,0.0000,0.0000,242000.0,0.0,1.000,1048576.0,0.000,0,0,1048576,1,1,1,0,1,1
3,chain3,f32,262144,glibc_t1,P5,12,0,1,390488.00,0.0000,0.0000,393000.0,0.0,3.000,3145728.0,0.000,0,0,3145728,3,0,0,0,1,1
3,chain3,f32,262144,glibc_t1,P6,12,1,1,239248.00,0.0000,0.0000,241000.0,0.0,1.000,1048576.0,0.000,0,0,1048576,1,2,0,0,1,1
3,chain3,f32,262144,glibc_t1,P7,12,2,1,239788.00,0.0000,0.0000,241000.0,0.0,1.000,1048576.0,0.000,0,0,1048576,1,1,1,0,1,1
3,chain3,f32,262144,glibc_t1,FIXED_TWIN,12,3,1,233957.00,0.0000,0.0000,236000.0,0.0,1.000,1048576.0,0.000,0,0,1048576,1,1,1,0,1,1
3,chain3,f32,262144,glibc_t1,P6,13,0,1,248728.00,0.0000,0.0000,252000.0,0.0,1.000,1048576.0,0.000,0,0,1048576,1,2,0,0,1,1
3,chain3,f32,262144,glibc_t1,P7,13,1,1,261370.00,0.0000,0.0000,264000.0,0.0,1.000,1048576.0,0.000,0,0,1048576,1,1,1,0,1,1
3,chain3,f32,262144,glibc_t1,FIXED_TWIN,13,2,1,251726.00,0.0000,0.0000,254000.0,0.0,1.000,1048576.0,0.000,0,0,1048576,1,1,1,0,1,1
3,chain3,f32,262144,glibc_t1,P5,13,3,1,432933.00,0.0000,0.0000,436000.0,0.0,3.000,3145728.0,0.000,0,0,3145728,3,0,0,0,1,1
3,chain3,f32,262144,glibc_t1,P7,14,0,1,253089.00,0.0000,0.0000,256000.0,0.0,1.000,1048576.0,0.000,0,0,1048576,1,1,1,0,1,1
3,chain3,f32,262144,glibc_t1,FIXED_TWIN,14,1,1,251479.00,0.0000,0.0000,254000.0,0.0,1.000,1048576.0,0.000,0,0,1048576,1,1,1,0,1,1
3,chain3,f32,262144,glibc_t1,P5,14,2,1,379818.00,0.0000,0.0000,391000.0,0.0,3.000,3145728.0,0.000,0,0,3145728,3,0,0,0,1,1
3,chain3,f32,262144,glibc_t1,P6,14,3,1,261915.00,0.0000,0.0000,264000.0,0.0,1.000,1048576.0,0.000,0,0,1048576,1,2,0,0,1,1
3,chain3,f32,1048576,glibc_t1,P5,0,0,1,1514481.00,0.0000,0.0000,1521000.0,0.0,3.000,12582912.0,0.000,0,0,12582912,3,0,0,0,1,1
3,chain3,f32,1048576,glibc_t1,P6,0,1,1,1172513.00,0.0000,0.0000,1176000.0,0.0,1.000,4194304.0,0.000,0,0,4194304,1,2,0,0,1,1
3,chain3,f32,1048576,glibc_t1,P7,0,2,1,981553.00,0.0000,0.0000,985000.0,0.0,1.000,4194304.0,0.000,0,0,4194304,1,1,1,0,1,1
3,chain3,f32,1048576,glibc_t1,FIXED_TWIN,0,3,1,995444.00,0.0000,0.0000,999000.0,0.0,1.000,4194304.0,0.000,0,0,4194304,1,1,1,0,1,1
3,chain3,f32,1048576,glibc_t1,P6,1,0,1,1215871.00,0.0000,0.0000,1219000.0,0.0,1.000,4194304.0,0.000,0,0,4194304,1,2,0,0,1,1
3,chain3,f32,1048576,glibc_t1,P7,1,1,1,1010485.00,0.0000,0.0000,1014000.0,0.0,1.000,4194304.0,0.000,0,0,4194304,1,1,1,0,1,1
3,chain3,f32,1048576,glibc_t1,FIXED_TWIN,1,2,1,989094.00,0.0000,0.0000,993000.0,0.0,1.000,4194304.0,0.000,0,0,4194304,1,1,1,0,1,1
3,chain3,f32,1048576,glibc_t1,P5,1,3,1,1746406.00,0.0000,0.0000,1751000.0,0.0,3.000,12582912.0,0.000,0,0,12582912,3,0,0,0,1,1
3,chain3,f32,1048576,glibc_t1,P7,2,0,1,1009645.00,0.0000,0.0000,1013000.0,0.0,1.000,4194304.0,0.000,0,0,4194304,1,1,1,0,1,1
3,chain3,f32,1048576,glibc_t1,FIXED_TWIN,2,1,1,1074154.00,0.0000,0.0000,1077000.0,0.0,1.000,4194304.0,0.000,0,0,4194304,1,1,1,0,1,1
3,chain3,f32,1048576,glibc_t1,P5,2,2,1,1543116.00,0.0000,0.0000,1547000.0,0.0,3.000,12582912.0,0.000,0,0,12582912,3,0,0,0,1,1
3,chain3,f32,1048576,glibc_t1,P6,2,3,1,1177105.00,0.0000,0.0000,1181000.0,0.0,1.000,4194304.0,0.000,0,0,4194304,1,2,0,0,1,1
3,chain3,f32,1048576,glibc_t1,FIXED_TWIN,3,0,1,998509.00,0.0000,0.0000,1002000.0,0.0,1.000,4194304.0,0.000,0,0,4194304,1,1,1,0,1,1
3,chain3,f32,1048576,glibc_t1,P5,3,1,1,1569366.00,0.0000,0.0000,1573000.0,0.0,3.000,12582912.0,0.000,0,0,12582912,3,0,0,0,1,1
3,chain3,f32,1048576,glibc_t1,P6,3,2,1,1195905.00,0.0000,0.0000,1200000.0,0.0,1.000,4194304.0,0.000,0,0,4194304,1,2,0,0,1,1
3,chain3,f32,1048576,glibc_t1,P7,3,3,1,995888.00,0.0000,0.0000,999000.0,0.0,1.000,4194304.0,0.000,0,0,4194304,1,1,1,0,1,1
3,chain3,f32,1048576,glibc_t1,P5,4,0,1,1500577.00,0.0000,0.0000,1504000.0,0.0,3.000,12582912.0,0.000,0,0,12582912,3,0,0,0,1,1
3,chain3,f32,1048576,glibc_t1,P6,4,1,1,1197683.00,0.0000,0.0000,1202000.0,0.0,1.000,4194304.0,0.000,0,0,4194304,1,2,0,0,1,1
3,chain3,f32,1048576,glibc_t1,P7,4,2,1,995108.00,0.0000,0.0000,998000.0,0.0,1.000,4194304.0,0.000,0,0,4194304,1,1,1,0,1,1
3,chain3,f32,1048576,glibc_t1,FIXED_TWIN,4,3,1,1016668.00,0.0000,0.0000,1020000.0,0.0,1.000,4194304.0,0.000,0,0,4194304,1,1,1,0,1,1
3,chain3,f32,1048576,glibc_t1,P6,5,0,1,1189375.00,0.0000,0.0000,1194000.0,0.0,1.000,4194304.0,0.000,0,0,4194304,1,2,0,0,1,1
3,chain3,f32,1048576,glibc_t1,P7,5,1,1,975803.00,0.0000,0.0000,979000.0,0.0,1.000,4194304.0,0.000,0,0,4194304,1,1,1,0,1,1
3,chain3,f32,1048576,glibc_t1,FIXED_TWIN,5,2,1,987519.00,0.0000,0.0000,991000.0,0.0,1.000,4194304.0,0.000,0,0,4194304,1,1,1,0,1,1
3,chain3,f32,1048576,glibc_t1,P5,5,3,1,1699319.00,0.0000,0.0000,1703000.0,0.0,3.000,12582912.0,0.000,0,0,12582912,3,0,0,0,1,1
3,chain3,f32,1048576,glibc_t1,P7,6,0,1,990535.00,0.0000,0.0000,994000.0,0.0,1.000,4194304.0,0.000,0,0,4194304,1,1,1,0,1,1
3,chain3,f32,1048576,glibc_t1,FIXED_TWIN,6,1,1,983620.00,0.0000,0.0000,987000.0,0.0,1.000,4194304.0,0.000,0,0,4194304,1,1,1,0,1,1
3,chain3,f32,1048576,glibc_t1,P5,6,2,1,1590148.00,0.0000,0.0000,1593000.0,0.0,3.000,12582912.0,0.000,0,0,12582912,3,0,0,0,1,1
3,chain3,f32,1048576,glibc_t1,P6,6,3,1,1144875.00,0.0000,0.0000,1148000.0,0.0,1.000,4194304.0,0.000,0,0,4194304,1,2,0,0,1,1
3,chain3,f32,1048576,glibc_t1,FIXED_TWIN,7,0,1,985638.00,0.0000,0.0000,990000.0,0.0,1.000,4194304.0,0.000,0,0,4194304,1,1,1,0,1,1
3,chain3,f32,1048576,glibc_t1,P5,7,1,1,1534265.00,0.0000,0.0000,1537000.0,0.0,3.000,12582912.0,0.000,0,0,12582912,3,0,0,0,1,1
3,chain3,f32,1048576,glibc_t1,P6,7,2,1,1176304.00,0.0000,0.0000,1180000.0,0.0,1.000,4194304.0,0.000,0,0,4194304,1,2,0,0,1,1
3,chain3,f32,1048576,glibc_t1,P7,7,3,1,1047514.00,0.0000,0.0000,1051000.0,0.0,1.000,4194304.0,0.000,0,0,4194304,1,1,1,0,1,1
3,chain3,f32,1048576,glibc_t1,P5,8,0,1,1529154.00,0.0000,0.0000,1532000.0,0.0,3.000,12582912.0,0.000,0,0,12582912,3,0,0,0,1,1
3,chain3,f32,1048576,glibc_t1,P6,8,1,1,1307252.00,0.0000,0.0000,1311000.0,0.0,1.000,4194304.0,0.000,0,0,4194304,1,2,0,0,1,1
3,chain3,f32,1048576,glibc_t1,P7,8,2,1,1072582.00,0.0000,0.0000,1076000.0,0.0,1.000,4194304.0,0.000,0,0,4194304,1,1,1,0,1,1
3,chain3,f32,1048576,glibc_t1,FIXED_TWIN,8,3,1,1070780.00,0.0000,0.0000,1043000.0,0.0,1.000,4194304.0,0.000,0,0,4194304,1,1,1,0,1,1
3,chain3,f32,1048576,glibc_t1,P6,9,0,1,1152070.00,0.0000,0.0000,1156000.0,0.0,1.000,4194304.0,0.000,0,0,4194304,1,2,0,0,1,1
3,chain3,f32,1048576,glibc_t1,P7,9,1,1,991935.00,0.0000,0.0000,995000.0,0.0,1.000,4194304.0,0.000,0,0,4194304,1,1,1,0,1,1
3,chain3,f32,1048576,glibc_t1,FIXED_TWIN,9,2,1,993903.00,0.0000,0.0000,998000.0,0.0,1.000,4194304.0,0.000,0,0,4194304,1,1,1,0,1,1
3,chain3,f32,1048576,glibc_t1,P5,9,3,1,1627973.00,0.0000,0.0000,1632000.0,0.0,3.000,12582912.0,0.000,0,0,12582912,3,0,0,0,1,1
3,chain3,f32,1048576,glibc_t1,P7,10,0,1,963460.00,0.0000,0.0000,966000.0,0.0,1.000,4194304.0,0.000,0,0,4194304,1,1,1,0,1,1
3,chain3,f32,1048576,glibc_t1,FIXED_TWIN,10,1,1,963625.00,0.0000,0.0000,967000.0,0.0,1.000,4194304.0,0.000,0,0,4194304,1,1,1,0,1,1
3,chain3,f32,1048576,glibc_t1,P5,10,2,1,1565026.00,0.0000,0.0000,1569000.0,0.0,3.000,12582912.0,0.000,0,0,12582912,3,0,0,0,1,1
3,chain3,f32,1048576,glibc_t1,P6,10,3,1,1197689.00,0.0000,0.0000,1202000.0,0.0,1.000,4194304.0,0.000,0,0,4194304,1,2,0,0,1,1
3,chain3,f32,1048576,glibc_t1,FIXED_TWIN,11,0,1,962812.00,0.0000,0.0000,966000.0,0.0,1.000,4194304.0,0.000,0,0,4194304,1,1,1,0,1,1
3,chain3,f32,1048576,glibc_t1,P5,11,1,1,1518349.00,0.0000,0.0000,1522000.0,0.0,3.000,12582912.0,0.000,0,0,12582912,3,0,0,0,1,1
3,chain3,f32,1048576,glibc_t1,P6,11,2,1,1127308.00,0.0000,0.0000,1132000.0,0.0,1.000,4194304.0,0.000,0,0,4194304,1,2,0,0,1,1
3,chain3,f32,1048576,glibc_t1,P7,11,3,1,991161.00,0.0000,0.0000,995000.0,0.0,1.000,4194304.0,0.000,0,0,4194304,1,1,1,0,1,1
3,chain3,f32,1048576,glibc_t1,P5,12,0,1,1610897.00,0.0000,0.0000,1615000.0,0.0,3.000,12582912.0,0.000,0,0,12582912,3,0,0,0,1,1
3,chain3,f32,1048576,glibc_t1,P6,12,1,1,1161205.00,0.0000,0.0000,1165000.0,0.0,1.000,4194304.0,0.000,0,0,4194304,1,2,0,0,1,1
3,chain3,f32,1048576,glibc_t1,P7,12,2,1,982551.00,0.0000,0.0000,986000.0,0.0,1.000,4194304.0,0.000,0,0,4194304,1,1,1,0,1,1
3,chain3,f32,1048576,glibc_t1,FIXED_TWIN,12,3,1,964859.00,0.0000,0.0000,968000.0,0.0,1.000,4194304.0,0.000,0,0,4194304,1,1,1,0,1,1
3,chain3,f32,1048576,glibc_t1,P6,13,0,1,1153124.00,0.0000,0.0000,1157000.0,0.0,1.000,4194304.0,0.000,0,0,4194304,1,2,0,0,1,1
3,chain3,f32,1048576,glibc_t1,P7,13,1,1,1162433.00,0.0000,0.0000,1166000.0,0.0,1.000,4194304.0,0.000,0,0,4194304,1,1,1,0,1,1
3,chain3,f32,1048576,glibc_t1,FIXED_TWIN,13,2,1,979400.00,0.0000,0.0000,983000.0,0.0,1.000,4194304.0,0.000,0,0,4194304,1,1,1,0,1,1
3,chain3,f32,1048576,glibc_t1,P5,13,3,1,1682920.00,0.0000,0.0000,1687000.0,0.0,3.000,12582912.0,0.000,0,0,12582912,3,0,0,0,1,1
3,chain3,f32,1048576,glibc_t1,P7,14,0,1,977766.00,0.0000,0.0000,981000.0,0.0,1.000,4194304.0,0.000,0,0,4194304,1,1,1,0,1,1
3,chain3,f32,1048576,glibc_t1,FIXED_TWIN,14,1,1,968841.00,0.0000,0.0000,972000.0,0.0,1.000,4194304.0,0.000,0,0,4194304,1,1,1,0,1,1
3,chain3,f32,1048576,glibc_t1,P5,14,2,1,1551730.00,0.0000,0.0000,1555000.0,0.0,3.000,12582912.0,0.000,0,0,12582912,3,0,0,0,1,1
3,chain3,f32,1048576,glibc_t1,P6,14,3,1,1195509.00,0.0000,0.0000,1200000.0,0.0,1.000,4194304.0,0.000,0,0,4194304,1,2,0,0,1,1
3,chain3,f32,4194304,glibc_t1,P5,0,0,1,8523335.00,0.0000,0.0000,8529000.0,0.0,3.000,50331648.0,0.000,0,0,50331648,3,0,0,0,1,1
3,chain3,f32,4194304,glibc_t1,P6,0,1,1,5823906.00,0.0000,0.0000,5829000.0,0.0,1.000,16777216.0,0.000,0,0,16777216,1,2,0,0,1,1
3,chain3,f32,4194304,glibc_t1,P7,0,2,1,5247940.00,0.0000,0.0000,5252000.0,0.0,1.000,16777216.0,0.000,0,0,16777216,1,1,1,0,1,1
3,chain3,f32,4194304,glibc_t1,FIXED_TWIN,0,3,1,5423527.00,0.0000,0.0000,5428000.0,0.0,1.000,16777216.0,0.000,0,0,16777216,1,1,1,0,1,1
3,chain3,f32,4194304,glibc_t1,P6,1,0,1,6317154.00,0.0000,0.0000,6321000.0,0.0,1.000,16777216.0,0.000,0,0,16777216,1,2,0,0,1,1
3,chain3,f32,4194304,glibc_t1,P7,1,1,1,5452489.00,0.0000,0.0000,5456000.0,0.0,1.000,16777216.0,0.000,0,0,16777216,1,1,1,0,1,1
3,chain3,f32,4194304,glibc_t1,FIXED_TWIN,1,2,1,5259042.00,0.0000,0.0000,5262000.0,0.0,1.000,16777216.0,0.000,0,0,16777216,1,1,1,0,1,1
3,chain3,f32,4194304,glibc_t1,P5,1,3,1,9232682.00,0.0000,0.0000,9227000.0,0.0,3.000,50331648.0,0.000,0,0,50331648,3,0,0,0,1,1
3,chain3,f32,4194304,glibc_t1,P7,2,0,1,5769612.00,0.0000,0.0000,5774000.0,0.0,1.000,16777216.0,0.000,0,0,16777216,1,1,1,0,1,1
3,chain3,f32,4194304,glibc_t1,FIXED_TWIN,2,1,1,5559755.00,0.0000,0.0000,5564000.0,0.0,1.000,16777216.0,0.000,0,0,16777216,1,1,1,0,1,1
3,chain3,f32,4194304,glibc_t1,P5,2,2,1,9013821.00,0.0000,0.0000,9018000.0,0.0,3.000,50331648.0,0.000,0,0,50331648,3,0,0,0,1,1
3,chain3,f32,4194304,glibc_t1,P6,2,3,1,6392956.00,0.0000,0.0000,6397000.0,0.0,1.000,16777216.0,0.000,0,0,16777216,1,2,0,0,1,1
3,chain3,f32,4194304,glibc_t1,FIXED_TWIN,3,0,1,5471481.00,0.0000,0.0000,5475000.0,0.0,1.000,16777216.0,0.000,0,0,16777216,1,1,1,0,1,1
3,chain3,f32,4194304,glibc_t1,P5,3,1,1,9075528.00,0.0000,0.0000,9080000.0,0.0,3.000,50331648.0,0.000,0,0,50331648,3,0,0,0,1,1
3,chain3,f32,4194304,glibc_t1,P6,3,2,1,6798675.00,0.0000,0.0000,6803000.0,0.0,1.000,16777216.0,0.000,0,0,16777216,1,2,0,0,1,1
3,chain3,f32,4194304,glibc_t1,P7,3,3,1,5664214.00,0.0000,0.0000,5668000.0,0.0,1.000,16777216.0,0.000,0,0,16777216,1,1,1,0,1,1
3,chain3,f32,4194304,glibc_t1,P5,4,0,1,9490711.00,0.0000,0.0000,9495000.0,0.0,3.000,50331648.0,0.000,0,0,50331648,3,0,0,0,1,1
3,chain3,f32,4194304,glibc_t1,P6,4,1,1,6719086.00,0.0000,0.0000,6723000.0,0.0,1.000,16777216.0,0.000,0,0,16777216,1,2,0,0,1,1
3,chain3,f32,4194304,glibc_t1,P7,4,2,1,5585373.00,0.0000,0.0000,5589000.0,0.0,1.000,16777216.0,0.000,0,0,16777216,1,1,1,0,1,1
3,chain3,f32,4194304,glibc_t1,FIXED_TWIN,4,3,1,5530256.00,0.0000,0.0000,5533000.0,0.0,1.000,16777216.0,0.000,0,0,16777216,1,1,1,0,1,1
3,chain3,f32,4194304,glibc_t1,P6,5,0,1,6273226.00,0.0000,0.0000,6277000.0,0.0,1.000,16777216.0,0.000,0,0,16777216,1,2,0,0,1,1
3,chain3,f32,4194304,glibc_t1,P7,5,1,1,5472548.00,0.0000,0.0000,5476000.0,0.0,1.000,16777216.0,0.000,0,0,16777216,1,1,1,0,1,1
3,chain3,f32,4194304,glibc_t1,FIXED_TWIN,5,2,1,5441937.00,0.0000,0.0000,5445000.0,0.0,1.000,16777216.0,0.000,0,0,16777216,1,1,1,0,1,1
3,chain3,f32,4194304,glibc_t1,P5,5,3,1,9411410.00,0.0000,0.0000,9376000.0,0.0,3.000,50331648.0,0.000,0,0,50331648,3,0,0,0,1,1
3,chain3,f32,4194304,glibc_t1,P7,6,0,1,6245832.00,0.0000,0.0000,6250000.0,0.0,1.000,16777216.0,0.000,0,0,16777216,1,1,1,0,1,1
3,chain3,f32,4194304,glibc_t1,FIXED_TWIN,6,1,1,6088362.00,0.0000,0.0000,6093000.0,0.0,1.000,16777216.0,0.000,0,0,16777216,1,1,1,0,1,1
3,chain3,f32,4194304,glibc_t1,P5,6,2,1,9114967.00,0.0000,0.0000,9119000.0,0.0,3.000,50331648.0,0.000,0,0,50331648,3,0,0,0,1,1
3,chain3,f32,4194304,glibc_t1,P6,6,3,1,6993190.00,0.0000,0.0000,6997000.0,0.0,1.000,16777216.0,0.000,0,0,16777216,1,2,0,0,1,1
3,chain3,f32,4194304,glibc_t1,FIXED_TWIN,7,0,1,5925935.00,0.0000,0.0000,5930000.0,0.0,1.000,16777216.0,0.000,0,0,16777216,1,1,1,0,1,1
3,chain3,f32,4194304,glibc_t1,P5,7,1,1,9278668.00,0.0000,0.0000,9283000.0,0.0,3.000,50331648.0,0.000,0,0,50331648,3,0,0,0,1,1
3,chain3,f32,4194304,glibc_t1,P6,7,2,1,6997933.00,0.0000,0.0000,7001000.0,0.0,1.000,16777216.0,0.000,0,0,16777216,1,2,0,0,1,1
3,chain3,f32,4194304,glibc_t1,P7,7,3,1,5975794.00,0.0000,0.0000,5979000.0,0.0,1.000,16777216.0,0.000,0,0,16777216,1,1,1,0,1,1
3,chain3,f32,4194304,glibc_t1,P5,8,0,1,8952131.00,0.0000,0.0000,8956000.0,0.0,3.000,50331648.0,0.000,0,0,50331648,3,0,0,0,1,1
3,chain3,f32,4194304,glibc_t1,P6,8,1,1,6811485.00,0.0000,0.0000,6815000.0,0.0,1.000,16777216.0,0.000,0,0,16777216,1,2,0,0,1,1
3,chain3,f32,4194304,glibc_t1,P7,8,2,1,5750904.00,0.0000,0.0000,5754000.0,0.0,1.000,16777216.0,0.000,0,0,16777216,1,1,1,0,1,1
3,chain3,f32,4194304,glibc_t1,FIXED_TWIN,8,3,1,5400232.00,0.0000,0.0000,5403000.0,0.0,1.000,16777216.0,0.000,0,0,16777216,1,1,1,0,1,1
3,chain3,f32,4194304,glibc_t1,P6,9,0,1,5975791.00,0.0000,0.0000,5955000.0,0.0,1.000,16777216.0,0.000,0,0,16777216,1,2,0,0,1,1
3,chain3,f32,4194304,glibc_t1,P7,9,1,1,5026505.00,0.0000,0.0000,5030000.0,0.0,1.000,16777216.0,0.000,0,0,16777216,1,1,1,0,1,1
3,chain3,f32,4194304,glibc_t1,FIXED_TWIN,9,2,1,5050655.00,0.0000,0.0000,5054000.0,0.0,1.000,16777216.0,0.000,0,0,16777216,1,1,1,0,1,1
3,chain3,f32,4194304,glibc_t1,P5,9,3,1,8833883.00,0.0000,0.0000,8777000.0,0.0,3.000,50331648.0,0.000,0,0,50331648,3,0,0,0,1,1
3,chain3,f32,4194304,glibc_t1,P7,10,0,1,5678305.00,0.0000,0.0000,5684000.0,0.0,1.000,16777216.0,0.000,0,0,16777216,1,1,1,0,1,1
3,chain3,f32,4194304,glibc_t1,FIXED_TWIN,10,1,1,5577872.00,0.0000,0.0000,5582000.0,0.0,1.000,16777216.0,0.000,0,0,16777216,1,1,1,0,1,1
3,chain3,f32,4194304,glibc_t1,P5,10,2,1,9212365.00,0.0000,0.0000,9216000.0,0.0,3.000,50331648.0,0.000,0,0,50331648,3,0,0,0,1,1
3,chain3,f32,4194304,glibc_t1,P6,10,3,1,6973126.00,0.0000,0.0000,6977000.0,0.0,1.000,16777216.0,0.000,0,0,16777216,1,2,0,0,1,1
3,chain3,f32,4194304,glibc_t1,FIXED_TWIN,11,0,1,5725213.00,0.0000,0.0000,5731000.0,0.0,1.000,16777216.0,0.000,0,0,16777216,1,1,1,0,1,1
3,chain3,f32,4194304,glibc_t1,P5,11,1,1,8936278.00,0.0000,0.0000,8940000.0,0.0,3.000,50331648.0,0.000,0,0,50331648,3,0,0,0,1,1
3,chain3,f32,4194304,glibc_t1,P6,11,2,1,6402067.00,0.0000,0.0000,6406000.0,0.0,1.000,16777216.0,0.000,0,0,16777216,1,2,0,0,1,1
3,chain3,f32,4194304,glibc_t1,P7,11,3,1,5280029.00,0.0000,0.0000,5306000.0,0.0,1.000,16777216.0,0.000,0,0,16777216,1,1,1,0,1,1
3,chain3,f32,4194304,glibc_t1,P5,12,0,1,9288113.00,0.0000,0.0000,9292000.0,0.0,3.000,50331648.0,0.000,0,0,50331648,3,0,0,0,1,1
3,chain3,f32,4194304,glibc_t1,P6,12,1,1,6988798.00,0.0000,0.0000,6994000.0,0.0,1.000,16777216.0,0.000,0,0,16777216,1,2,0,0,1,1
3,chain3,f32,4194304,glibc_t1,P7,12,2,1,6580084.00,0.0000,0.0000,6587000.0,0.0,1.000,16777216.0,0.000,0,0,16777216,1,1,1,0,1,1
3,chain3,f32,4194304,glibc_t1,FIXED_TWIN,12,3,1,6436897.00,0.0000,0.0000,6442000.0,0.0,1.000,16777216.0,0.000,0,0,16777216,1,1,1,0,1,1
3,chain3,f32,4194304,glibc_t1,P6,13,0,1,7013635.00,0.0000,0.0000,7019000.0,0.0,1.000,16777216.0,0.000,0,0,16777216,1,2,0,0,1,1
3,chain3,f32,4194304,glibc_t1,P7,13,1,1,6119086.00,0.0000,0.0000,6123000.0,0.0,1.000,16777216.0,0.000,0,0,16777216,1,1,1,0,1,1
3,chain3,f32,4194304,glibc_t1,FIXED_TWIN,13,2,1,5892709.00,0.0000,0.0000,5897000.0,0.0,1.000,16777216.0,0.000,0,0,16777216,1,1,1,0,1,1
3,chain3,f32,4194304,glibc_t1,P5,13,3,1,10383857.00,0.0000,0.0000,10390000.0,0.0,3.000,50331648.0,0.000,0,0,50331648,3,0,0,0,1,1
3,chain3,f32,4194304,glibc_t1,P7,14,0,1,6187479.00,0.0000,0.0000,6192000.0,0.0,1.000,16777216.0,0.000,0,0,16777216,1,1,1,0,1,1
3,chain3,f32,4194304,glibc_t1,FIXED_TWIN,14,1,1,6085451.00,0.0000,0.0000,6090000.0,0.0,1.000,16777216.0,0.000,0,0,16777216,1,1,1,0,1,1
3,chain3,f32,4194304,glibc_t1,P5,14,2,1,9402016.00,0.0000,0.0000,9406000.0,0.0,3.000,50331648.0,0.000,0,0,50331648,3,0,0,0,1,1
3,chain3,f32,4194304,glibc_t1,P6,14,3,1,6912141.00,0.0000,0.0000,6916000.0,0.0,1.000,16777216.0,0.000,0,0,16777216,1,2,0,0,1,1
3,chain3,f32,16777216,glibc_t1,P5,0,0,1,121431415.00,49155.0000,0.0000,40726000.0,80695000.0,3.000,201326592.0,0.000,0,0,201326592,3,0,0,0,1,1
3,chain3,f32,16777216,glibc_t1,P6,0,1,1,63570584.00,16385.0000,0.0000,43786000.0,19791000.0,1.000,67108864.0,0.000,0,0,67108864,1,2,0,0,1,1
3,chain3,f32,16777216,glibc_t1,P7,0,2,1,59215583.00,16385.0000,0.0000,51605000.0,7617000.0,1.000,67108864.0,0.000,0,0,67108864,1,1,1,0,1,1
3,chain3,f32,16777216,glibc_t1,FIXED_TWIN,0,3,1,57400220.00,16385.0000,0.0000,24710000.0,32697000.0,1.000,67108864.0,0.000,0,0,67108864,1,1,1,0,1,1
3,chain3,f32,16777216,glibc_t1,P6,1,0,1,65132011.00,16385.0000,0.0000,38557000.0,26583000.0,1.000,67108864.0,0.000,0,0,67108864,1,2,0,0,1,1
3,chain3,f32,16777216,glibc_t1,P7,1,1,1,55579361.00,16385.0000,0.0000,27792000.0,27795000.0,1.000,67108864.0,0.000,0,0,67108864,1,1,1,0,1,1
3,chain3,f32,16777216,glibc_t1,FIXED_TWIN,1,2,1,55173795.00,16385.0000,0.0000,29605000.0,25575000.0,1.000,67108864.0,0.000,0,0,67108864,1,1,1,0,1,1
3,chain3,f32,16777216,glibc_t1,P5,1,3,1,129417061.00,49155.0000,0.0000,24721000.0,104611000.0,3.000,201326592.0,0.000,0,0,201326592,3,0,0,0,1,1
3,chain3,f32,16777216,glibc_t1,P7,2,0,1,55351098.00,16385.0000,0.0000,31653000.0,23659000.0,1.000,67108864.0,0.000,0,0,67108864,1,1,1,0,1,1
3,chain3,f32,16777216,glibc_t1,FIXED_TWIN,2,1,1,54036036.00,16385.0000,0.0000,27012000.0,27029000.0,1.000,67108864.0,0.000,0,0,67108864,1,1,1,0,1,1
3,chain3,f32,16777216,glibc_t1,P5,2,2,1,125156844.00,49155.0000,0.0000,22573000.0,102590000.0,3.000,201326592.0,0.000,0,0,201326592,3,0,0,0,1,1
3,chain3,f32,16777216,glibc_t1,P6,2,3,1,61827753.00,16385.0000,0.0000,40915000.0,20910000.0,1.000,67108864.0,0.000,0,0,67108864,1,2,0,0,1,1
3,chain3,f32,16777216,glibc_t1,FIXED_TWIN,3,0,1,56585033.00,16385.0000,0.0000,30281000.0,26311000.0,1.000,67108864.0,0.000,0,0,67108864,1,1,1,0,1,1
3,chain3,f32,16777216,glibc_t1,P5,3,1,1,148736930.00,49155.0000,0.0000,60368000.0,88342000.0,3.000,201326592.0,0.000,0,0,201326592,3,0,0,0,1,1
3,chain3,f32,16777216,glibc_t1,P6,3,2,1,67720862.00,16385.0000,0.0000,43845000.0,23866000.0,1.000,67108864.0,0.000,0,0,67108864,1,2,0,0,1,1
3,chain3,f32,16777216,glibc_t1,P7,3,3,1,54554158.00,16385.0000,0.0000,23275000.0,31287000.0,1.000,67108864.0,0.000,0,0,67108864,1,1,1,0,1,1
3,chain3,f32,16777216,glibc_t1,P5,4,0,1,130395324.00,49155.0000,0.0000,21197000.0,109179000.0,3.000,201326592.0,0.000,0,0,201326592,3,0,0,0,1,1
3,chain3,f32,16777216,glibc_t1,P6,4,1,1,70305529.00,16385.0000,0.0000,39149000.0,31164000.0,1.000,67108864.0,0.000,0,0,67108864,1,2,0,0,1,1
3,chain3,f32,16777216,glibc_t1,P7,4,2,1,57189828.00,16385.0000,0.0000,30580000.0,26605000.0,1.000,67108864.0,0.000,0,0,67108864,1,1,1,0,1,1
3,chain3,f32,16777216,glibc_t1,FIXED_TWIN,4,3,1,57731645.00,16385.0000,0.0000,24870000.0,32862000.0,1.000,67108864.0,0.000,0,0,67108864,1,1,1,0,1,1
3,chain3,f32,16777216,glibc_t1,P6,5,0,1,81281491.00,16385.0000,0.0000,40633000.0,40639000.0,1.000,67108864.0,0.000,0,0,67108864,1,2,0,0,1,1
3,chain3,f32,16777216,glibc_t1,P7,5,1,1,70668056.00,16385.0000,0.0000,35333000.0,35312000.0,1.000,67108864.0,0.000,0,0,67108864,1,1,1,0,1,1
3,chain3,f32,16777216,glibc_t1,FIXED_TWIN,5,2,1,58542362.00,16385.0000,0.0000,35267000.0,23282000.0,1.000,67108864.0,0.000,0,0,67108864,1,1,1,0,1,1
3,chain3,f32,16777216,glibc_t1,P5,5,3,1,142822606.00,49155.0000,0.0000,49414000.0,93340000.0,3.000,201326592.0,0.000,0,0,201326592,3,0,0,0,1,1
3,chain3,f32,16777216,glibc_t1,P7,6,0,1,68888056.00,16385.0000,0.0000,42434000.0,26465000.0,1.000,67108864.0,0.000,0,0,67108864,1,1,1,0,1,1
3,chain3,f32,16777216,glibc_t1,FIXED_TWIN,6,1,1,55426046.00,16385.0000,0.0000,19715000.0,35718000.0,1.000,67108864.0,0.000,0,0,67108864,1,1,1,0,1,1
3,chain3,f32,16777216,glibc_t1,P5,6,2,1,122508108.00,49155.0000,0.0000,23255000.0,99251000.0,3.000,201326592.0,0.000,0,0,201326592,3,0,0,0,1,1
3,chain3,f32,16777216,glibc_t1,P6,6,3,1,73405165.00,16385.0000,0.0000,34696000.0,38717000.0,1.000,67108864.0,0.000,0,0,67108864,1,2,0,0,1,1
3,chain3,f32,16777216,glibc_t1,FIXED_TWIN,7,0,1,63752847.00,16385.0000,0.0000,39872000.0,23876000.0,1.000,67108864.0,0.000,0,0,67108864,1,1,1,0,1,1
3,chain3,f32,16777216,glibc_t1,P5,7,1,1,157296110.00,49155.0000,0.0000,52648000.0,104602000.0,3.000,201326592.0,0.000,0,0,201326592,3,0,0,0,1,1
3,chain3,f32,16777216,glibc_t1,P6,7,2,1,66969691.00,16385.0000,0.0000,39483000.0,27494000.0,1.000,67108864.0,0.000,0,0,67108864,1,2,0,0,1,1
3,chain3,f32,16777216,glibc_t1,P7,7,3,1,61078978.00,16385.0000,0.0000,32563000.0,28500000.0,1.000,67108864.0,0.000,0,0,67108864,1,1,1,0,1,1
3,chain3,f32,16777216,glibc_t1,P5,8,0,1,131748314.00,49155.0000,0.0000,39879000.0,91830000.0,3.000,201326592.0,0.000,0,0,201326592,3,0,0,0,1,1
3,chain3,f32,16777216,glibc_t1,P6,8,1,1,60692942.00,16385.0000,0.0000,32352000.0,28346000.0,1.000,67108864.0,0.000,0,0,67108864,1,2,0,0,1,1
3,chain3,f32,16777216,glibc_t1,P7,8,2,1,52878507.00,16385.0000,0.0000,38426000.0,14458000.0,1.000,67108864.0,0.000,0,0,67108864,1,1,1,0,1,1
3,chain3,f32,16777216,glibc_t1,FIXED_TWIN,8,3,1,52793489.00,16385.0000,0.0000,30383000.0,22416000.0,1.000,67108864.0,0.000,0,0,67108864,1,1,1,0,1,1
3,chain3,f32,16777216,glibc_t1,P6,9,0,1,60438220.00,16385.0000,0.0000,40224000.0,20221000.0,1.000,67108864.0,0.000,0,0,67108864,1,2,0,0,1,1
3,chain3,f32,16777216,glibc_t1,P7,9,1,1,53604120.00,16385.0000,0.0000,28809000.0,24792000.0,1.000,67108864.0,0.000,0,0,67108864,1,1,1,0,1,1
3,chain3,f32,16777216,glibc_t1,FIXED_TWIN,9,2,1,53753740.00,16385.0000,0.0000,32889000.0,20871000.0,1.000,67108864.0,0.000,0,0,67108864,1,1,1,0,1,1
3,chain3,f32,16777216,glibc_t1,P5,9,3,1,117422879.00,49155.0000,0.0000,36723000.0,80706000.0,3.000,201326592.0,0.000,0,0,201326592,3,0,0,0,1,1
3,chain3,f32,16777216,glibc_t1,P7,10,0,1,54275284.00,16385.0000,0.0000,21102000.0,33130000.0,1.000,67108864.0,0.000,0,0,67108864,1,1,1,0,1,1
3,chain3,f32,16777216,glibc_t1,FIXED_TWIN,10,1,1,54338702.00,16385.0000,0.0000,27164000.0,27181000.0,1.000,67108864.0,0.000,0,0,67108864,1,1,1,0,1,1
3,chain3,f32,16777216,glibc_t1,P5,10,2,1,115167946.00,49155.0000,0.0000,51583000.0,63590000.0,3.000,201326592.0,0.000,0,0,201326592,3,0,0,0,1,1
3,chain3,f32,16777216,glibc_t1,P6,10,3,1,59969617.00,16385.0000,0.0000,35988000.0,23989000.0,1.000,67108864.0,0.000,0,0,67108864,1,2,0,0,1,1
3,chain3,f32,16777216,glibc_t1,FIXED_TWIN,11,0,1,53012026.00,16385.0000,0.0000,24514000.0,28503000.0,1.000,67108864.0,0.000,0,0,67108864,1,1,1,0,1,1
3,chain3,f32,16777216,glibc_t1,P5,11,1,1,115962655.00,49155.0000,0.0000,47985000.0,67983000.0,3.000,201326592.0,0.000,0,0,201326592,3,0,0,0,1,1
3,chain3,f32,16777216,glibc_t1,P6,11,2,1,59571225.00,16385.0000,0.0000,29806000.0,29771000.0,1.000,67108864.0,0.000,0,0,67108864,1,2,0,0,1,1
3,chain3,f32,16777216,glibc_t1,P7,11,3,1,55641582.00,16385.0000,0.0000,39822000.0,15827000.0,1.000,67108864.0,0.000,0,0,67108864,1,1,1,0,1,1
3,chain3,f32,16777216,glibc_t1,P5,12,0,1,115610391.00,49155.0000,0.0000,39803000.0,75803000.0,3.000,201326592.0,0.000,0,0,201326592,3,0,0,0,1,1
3,chain3,f32,16777216,glibc_t1,P6,12,1,1,59425755.00,16385.0000,0.0000,29734000.0,29699000.0,1.000,67108864.0,0.000,0,0,67108864,1,2,0,0,1,1
3,chain3,f32,16777216,glibc_t1,P7,12,2,1,52813749.00,16385.0000,0.0000,20415000.0,32405000.0,1.000,67108864.0,0.000,0,0,67108864,1,1,1,0,1,1
3,chain3,f32,16777216,glibc_t1,FIXED_TWIN,12,3,1,52163557.00,16385.0000,0.0000,28074000.0,24073000.0,1.000,67108864.0,0.000,0,0,67108864,1,1,1,0,1,1
3,chain3,f32,16777216,glibc_t1,P6,13,0,1,59650112.00,16385.0000,0.0000,39825000.0,19831000.0,1.000,67108864.0,0.000,0,0,67108864,1,2,0,0,1,1
3,chain3,f32,16777216,glibc_t1,P7,13,1,1,52500743.00,16385.0000,0.0000,36255000.0,16251000.0,1.000,67108864.0,0.000,0,0,67108864,1,1,1,0,1,1
3,chain3,f32,16777216,glibc_t1,FIXED_TWIN,13,2,1,53254707.00,16385.0000,0.0000,32637000.0,20624000.0,1.000,67108864.0,0.000,0,0,67108864,1,1,1,0,1,1
3,chain3,f32,16777216,glibc_t1,P5,13,3,1,116611015.00,49155.0000,0.0000,20316000.0,96301000.0,3.000,201326592.0,0.000,0,0,201326592,3,0,0,0,1,1
3,chain3,f32,16777216,glibc_t1,P7,14,0,1,52030168.00,16385.0000,0.0000,20020000.0,32018000.0,1.000,67108864.0,0.000,0,0,67108864,1,1,1,0,1,1
3,chain3,f32,16777216,glibc_t1,FIXED_TWIN,14,1,1,52607388.00,16385.0000,0.0000,26288000.0,26326000.0,1.000,67108864.0,0.000,0,0,67108864,1,1,1,0,1,1
3,chain3,f32,16777216,glibc_t1,P5,14,2,1,117724587.00,49155.0000,0.0000,38855000.0,78876000.0,3.000,201326592.0,0.000,0,0,201326592,3,0,0,0,1,1
3,chain3,f32,16777216,glibc_t1,P6,14,3,1,59697450.00,16385.0000,0.0000,43849000.0,15854000.0,1.000,67108864.0,0.000,0,0,67108864,1,2,0,0,1,1
3,chain3,f32,67108864,glibc_t1,P5,0,0,1,724826290.00,196611.0000,0.0000,261207000.0,450735000.0,3.000,805306368.0,0.000,0,0,805306368,3,0,0,0,1,1
3,chain3,f32,67108864,glibc_t1,P6,0,1,1,640814290.00,65537.0000,0.0000,154253000.0,486384000.0,1.000,268435456.0,0.000,0,0,268435456,1,2,0,0,1,1
3,chain3,f32,67108864,glibc_t1,P7,0,2,1,217471813.00,65537.0000,0.0000,96693000.0,120775000.0,1.000,268435456.0,0.000,0,0,268435456,1,1,1,0,1,1
3,chain3,f32,67108864,glibc_t1,FIXED_TWIN,0,3,1,429657086.00,65537.0000,0.0000,122536000.0,306467000.0,1.000,268435456.0,0.000,0,0,268435456,1,1,1,0,1,1
3,chain3,f32,67108864,glibc_t1,P6,1,0,1,294572618.00,65537.0000,0.0000,141187000.0,153339000.0,1.000,268435456.0,0.000,0,0,268435456,1,2,0,0,1,1
3,chain3,f32,67108864,glibc_t1,P7,1,1,1,208080343.00,65537.0000,0.0000,128057000.0,79975000.0,1.000,268435456.0,0.000,0,0,268435456,1,1,1,0,1,1
3,chain3,f32,67108864,glibc_t1,FIXED_TWIN,1,2,1,211581569.00,65537.0000,0.0000,111644000.0,99576000.0,1.000,268435456.0,0.000,0,0,268435456,1,1,1,0,1,1
3,chain3,f32,67108864,glibc_t1,P5,1,3,1,454073359.00,196611.0000,0.0000,174979000.0,278966000.0,3.000,805306368.0,0.000,0,0,805306368,3,0,0,0,1,1
3,chain3,f32,67108864,glibc_t1,P7,2,0,1,208747823.00,65537.0000,0.0000,104352000.0,104380000.0,1.000,268435456.0,0.000,0,0,268435456,1,1,1,0,1,1
3,chain3,f32,67108864,glibc_t1,FIXED_TWIN,2,1,1,205277720.00,65537.0000,0.0000,88598000.0,116653000.0,1.000,268435456.0,0.000,0,0,268435456,1,1,1,0,1,1
3,chain3,f32,67108864,glibc_t1,P5,2,2,1,452657032.00,196611.0000,0.0000,132173000.0,320434000.0,3.000,805306368.0,0.000,0,0,805306368,3,0,0,0,1,1
3,chain3,f32,67108864,glibc_t1,P6,2,3,1,234958450.00,65537.0000,0.0000,135467000.0,99400000.0,1.000,268435456.0,0.000,0,0,268435456,1,2,0,0,1,1
3,chain3,f32,67108864,glibc_t1,FIXED_TWIN,3,0,1,211255697.00,65537.0000,0.0000,115622000.0,95556000.0,1.000,268435456.0,0.000,0,0,268435456,1,1,1,0,1,1
3,chain3,f32,67108864,glibc_t1,P5,3,1,1,461684584.00,196611.0000,0.0000,126813000.0,334824000.0,3.000,805306368.0,0.000,0,0,805306368,3,0,0,0,1,1
3,chain3,f32,67108864,glibc_t1,P6,3,2,1,237043728.00,65537.0000,0.0000,132434000.0,104528000.0,1.000,268435456.0,0.000,0,0,268435456,1,2,0,0,1,1
3,chain3,f32,67108864,glibc_t1,P7,3,3,1,210708844.00,65537.0000,0.0000,107386000.0,103309000.0,1.000,268435456.0,0.000,0,0,268435456,1,1,1,0,1,1
3,chain3,f32,67108864,glibc_t1,P5,4,0,1,487192652.00,196611.0000,0.0000,103482000.0,383460000.0,3.000,805306368.0,0.000,0,0,805306368,3,0,0,0,1,1
3,chain3,f32,67108864,glibc_t1,P6,4,1,1,244080154.00,65537.0000,0.0000,144039000.0,99949000.0,1.000,268435456.0,0.000,0,0,268435456,1,2,0,0,1,1
3,chain3,f32,67108864,glibc_t1,P7,4,2,1,215795967.00,65537.0000,0.0000,115918000.0,99873000.0,1.000,268435456.0,0.000,0,0,268435456,1,1,1,0,1,1
3,chain3,f32,67108864,glibc_t1,FIXED_TWIN,4,3,1,228474797.00,65537.0000,0.0000,120216000.0,108228000.0,1.000,268435456.0,0.000,0,0,268435456,1,1,1,0,1,1
3,chain3,f32,67108864,glibc_t1,P6,5,0,1,238149309.00,65537.0000,0.0000,135145000.0,102970000.0,1.000,268435456.0,0.000,0,0,268435456,1,2,0,0,1,1
3,chain3,f32,67108864,glibc_t1,P7,5,1,1,221373483.00,65537.0000,0.0000,108647000.0,112725000.0,1.000,268435456.0,0.000,0,0,268435456,1,1,1,0,1,1
3,chain3,f32,67108864,glibc_t1,FIXED_TWIN,5,2,1,222061355.00,65537.0000,0.0000,115106000.0,106961000.0,1.000,268435456.0,0.000,0,0,268435456,1,1,1,0,1,1
3,chain3,f32,67108864,glibc_t1,P5,5,3,1,456593443.00,196611.0000,0.0000,134360000.0,322263000.0,3.000,805306368.0,0.000,0,0,805306368,3,0,0,0,1,1
3,chain3,f32,67108864,glibc_t1,P7,6,0,1,222686404.00,65537.0000,0.0000,147402000.0,75245000.0,1.000,268435456.0,0.000,0,0,268435456,1,1,1,0,1,1
3,chain3,f32,67108864,glibc_t1,FIXED_TWIN,6,1,1,214205657.00,65537.0000,0.0000,125042000.0,89161000.0,1.000,268435456.0,0.000,0,0,268435456,1,1,1,0,1,1
3,chain3,f32,67108864,glibc_t1,P5,6,2,1,463169513.00,196611.0000,0.0000,131537000.0,331558000.0,3.000,805306368.0,0.000,0,0,805306368,3,0,0,0,1,1
3,chain3,f32,67108864,glibc_t1,P6,6,3,1,244949684.00,65537.0000,0.0000,140464000.0,104453000.0,1.000,268435456.0,0.000,0,0,268435456,1,2,0,0,1,1
3,chain3,f32,67108864,glibc_t1,FIXED_TWIN,7,0,1,215655213.00,65537.0000,0.0000,123869000.0,91784000.0,1.000,268435456.0,0.000,0,0,268435456,1,1,1,0,1,1
3,chain3,f32,67108864,glibc_t1,P5,7,1,1,457853928.00,196611.0000,0.0000,136748000.0,320864000.0,3.000,805306368.0,0.000,0,0,805306368,3,0,0,0,1,1
3,chain3,f32,67108864,glibc_t1,P6,7,2,1,606823472.00,65537.0000,0.0000,155252000.0,451396000.0,1.000,268435456.0,0.000,0,0,268435456,1,2,0,0,1,1
3,chain3,f32,67108864,glibc_t1,P7,7,3,1,215475905.00,65537.0000,0.0000,99764000.0,115717000.0,1.000,268435456.0,0.000,0,0,268435456,1,1,1,0,1,1
3,chain3,f32,67108864,glibc_t1,P5,8,0,1,441785592.00,196611.0000,0.0000,120733000.0,321047000.0,3.000,805306368.0,0.000,0,0,805306368,3,0,0,0,1,1
3,chain3,f32,67108864,glibc_t1,P6,8,1,1,237932767.00,65537.0000,0.0000,135076000.0,102831000.0,1.000,268435456.0,0.000,0,0,268435456,1,2,0,0,1,1
3,chain3,f32,67108864,glibc_t1,P7,8,2,1,216716767.00,65537.0000,0.0000,136322000.0,80359000.0,1.000,268435456.0,0.000,0,0,268435456,1,1,1,0,1,1
3,chain3,f32,67108864,glibc_t1,FIXED_TWIN,8,3,1,624671065.00,65537.0000,0.0000,101874000.0,521722000.0,1.000,268435456.0,0.000,0,0,268435456,1,1,1,0,1,1
3,chain3,f32,67108864,glibc_t1,P6,9,0,1,235698917.00,65537.0000,0.0000,143894000.0,91760000.0,1.000,268435456.0,0.000,0,0,268435456,1,2,0,0,1,1
3,chain3,f32,67108864,glibc_t1,P7,9,1,1,224967033.00,65537.0000,0.0000,136478000.0,88497000.0,1.000,268435456.0,0.000,0,0,268435456,1,1,1,0,1,1
3,chain3,f32,67108864,glibc_t1,FIXED_TWIN,9,2,1,601001109.00,65537.0000,0.0000,143970000.0,456234000.0,1.000,268435456.0,0.000,0,0,268435456,1,1,1,0,1,1
3,chain3,f32,67108864,glibc_t1,P5,9,3,1,456773770.00,196611.0000,0.0000,168261000.0,288452000.0,3.000,805306368.0,0.000,0,0,805306368,3,0,0,0,1,1
3,chain3,f32,67108864,glibc_t1,P7,10,0,1,207319126.00,65537.0000,0.0000,87634000.0,119470000.0,1.000,268435456.0,0.000,0,0,268435456,1,1,1,0,1,1
3,chain3,f32,67108864,glibc_t1,FIXED_TWIN,10,1,1,206157629.00,65537.0000,0.0000,107184000.0,98938000.0,1.000,268435456.0,0.000,0,0,268435456,1,1,1,0,1,1
3,chain3,f32,67108864,glibc_t1,P5,10,2,1,459070862.00,196611.0000,0.0000,123389000.0,335526000.0,3.000,805306368.0,0.000,0,0,805306368,3,0,0,0,1,1
3,chain3,f32,67108864,glibc_t1,P6,10,3,1,231695508.00,65537.0000,0.0000,147855000.0,83792000.0,1.000,268435456.0,0.000,0,0,268435456,1,2,0,0,1,1
3,chain3,f32,67108864,glibc_t1,FIXED_TWIN,11,0,1,209104187.00,65537.0000,0.0000,96490000.0,112534000.0,1.000,268435456.0,0.000,0,0,268435456,1,1,1,0,1,1
3,chain3,f32,67108864,glibc_t1,P5,11,1,1,518048889.00,196611.0000,0.0000,144798000.0,373158000.0,3.000,805306368.0,0.000,0,0,805306368,3,0,0,0,1,1
3,chain3,f32,67108864,glibc_t1,P6,11,2,1,283168913.00,65537.0000,0.0000,143646000.0,139517000.0,1.000,268435456.0,0.000,0,0,268435456,1,2,0,0,1,1
3,chain3,f32,67108864,glibc_t1,P7,11,3,1,241506029.00,65537.0000,0.0000,96616000.0,144765000.0,1.000,268435456.0,0.000,0,0,268435456,1,1,1,0,1,1
3,chain3,f32,67108864,glibc_t1,P5,12,0,1,527866912.00,196611.0000,0.0000,175882000.0,351815000.0,3.000,805306368.0,0.000,0,0,805306368,3,0,0,0,1,1
3,chain3,f32,67108864,glibc_t1,P6,12,1,1,597332742.00,65537.0000,0.0000,162696000.0,434555000.0,1.000,268435456.0,0.000,0,0,268435456,1,2,0,0,1,1
3,chain3,f32,67108864,glibc_t1,P7,12,2,1,230787214.00,65537.0000,0.0000,115456000.0,115280000.0,1.000,268435456.0,0.000,0,0,268435456,1,1,1,0,1,1
3,chain3,f32,67108864,glibc_t1,FIXED_TWIN,12,3,1,253111523.00,65537.0000,0.0000,132198000.0,120161000.0,1.000,268435456.0,0.000,0,0,268435456,1,1,1,0,1,1
3,chain3,f32,67108864,glibc_t1,P6,13,0,1,249385134.00,65537.0000,0.0000,156618000.0,92692000.0,1.000,268435456.0,0.000,0,0,268435456,1,2,0,0,1,1
3,chain3,f32,67108864,glibc_t1,P7,13,1,1,224879280.00,65537.0000,0.0000,100383000.0,124480000.0,1.000,268435456.0,0.000,0,0,268435456,1,1,1,0,1,1
3,chain3,f32,67108864,glibc_t1,FIXED_TWIN,13,2,1,219940871.00,65537.0000,0.0000,127925000.0,91948000.0,1.000,268435456.0,0.000,0,0,268435456,1,1,1,0,1,1
3,chain3,f32,67108864,glibc_t1,P5,13,3,1,468326860.00,196611.0000,0.0000,139993000.0,328204000.0,3.000,805306368.0,0.000,0,0,805306368,3,0,0,0,1,1
3,chain3,f32,67108864,glibc_t1,P7,14,0,1,213494121.00,65537.0000,0.0000,94856000.0,118591000.0,1.000,268435456.0,0.000,0,0,268435456,1,1,1,0,1,1
3,chain3,f32,67108864,glibc_t1,FIXED_TWIN,14,1,1,220294381.00,65537.0000,0.0000,108142000.0,112082000.0,1.000,268435456.0,0.000,0,0,268435456,1,1,1,0,1,1
3,chain3,f32,67108864,glibc_t1,P5,14,2,1,469483325.00,196611.0000,0.0000,136592000.0,332819000.0,3.000,805306368.0,0.000,0,0,805306368,3,0,0,0,1,1
3,chain3,f32,67108864,glibc_t1,P6,14,3,1,237295709.00,65537.0000,0.0000,138739000.0,98460000.0,1.000,268435456.0,0.000,0,0,268435456,1,2,0,0,1,1
3,chain4,f32,64,glibc_t1,P5,0,0,1000,1624.29,0.0000,0.0000,1628.0,0.0,4.000,1024.0,0.000,0,0,256768,4,0,0,0,1,1
3,chain4,f32,64,glibc_t1,P6,0,1,1000,1531.39,0.0000,0.0000,1532.0,0.0,1.000,256.0,0.000,0,0,256000,1,3,0,0,1,1
3,chain4,f32,64,glibc_t1,P7,0,2,1000,1519.30,0.0000,0.0000,1520.0,0.0,1.000,256.0,0.000,0,0,256000,1,2,1,0,1,1
3,chain4,f32,64,glibc_t1,FIXED_TWIN,0,3,1000,1500.07,0.0000,0.0000,1502.0,0.0,1.000,256.0,0.000,0,0,256000,1,2,1,0,1,1
3,chain4,f32,64,glibc_t1,P6,1,0,1000,1527.91,0.0000,0.0000,1528.0,0.0,1.000,256.0,0.000,0,0,256000,1,3,0,0,1,1
3,chain4,f32,64,glibc_t1,P7,1,1,1000,1491.71,0.0000,0.0000,1492.0,0.0,1.000,256.0,0.000,0,0,256000,1,2,1,0,1,1
3,chain4,f32,64,glibc_t1,FIXED_TWIN,1,2,1000,1480.09,0.0000,0.0000,1481.0,0.0,1.000,256.0,0.000,0,0,256000,1,2,1,0,1,1
3,chain4,f32,64,glibc_t1,P5,1,3,1000,1613.58,0.0000,0.0000,1614.0,0.0,4.000,1024.0,0.000,0,0,256768,4,0,0,0,1,1
3,chain4,f32,64,glibc_t1,P7,2,0,1000,1507.13,0.0000,0.0000,1508.0,0.0,1.000,256.0,0.000,0,0,256000,1,2,1,0,1,1
3,chain4,f32,64,glibc_t1,FIXED_TWIN,2,1,1000,1517.76,0.0000,0.0000,1519.0,0.0,1.000,256.0,0.000,0,0,256000,1,2,1,0,1,1
3,chain4,f32,64,glibc_t1,P5,2,2,1000,1611.54,0.0000,0.0000,1612.0,0.0,4.000,1024.0,0.000,0,0,256768,4,0,0,0,1,1
3,chain4,f32,64,glibc_t1,P6,2,3,1000,1524.41,0.0000,0.0000,1525.0,0.0,1.000,256.0,0.000,0,0,256000,1,3,0,0,1,1
3,chain4,f32,64,glibc_t1,FIXED_TWIN,3,0,1000,1502.43,0.0000,0.0000,1503.0,0.0,1.000,256.0,0.000,0,0,256000,1,2,1,0,1,1
3,chain4,f32,64,glibc_t1,P5,3,1,1000,1610.09,0.0000,0.0000,1611.0,0.0,4.000,1024.0,0.000,0,0,256768,4,0,0,0,1,1
3,chain4,f32,64,glibc_t1,P6,3,2,1000,1530.74,0.0000,0.0000,1532.0,0.0,1.000,256.0,0.000,0,0,256000,1,3,0,0,1,1
3,chain4,f32,64,glibc_t1,P7,3,3,1000,1495.78,0.0000,0.0000,1497.0,0.0,1.000,256.0,0.000,0,0,256000,1,2,1,0,1,1
3,chain4,f32,64,glibc_t1,P5,4,0,1000,1604.74,0.0000,0.0000,1606.0,0.0,4.000,1024.0,0.000,0,0,256768,4,0,0,0,1,1
3,chain4,f32,64,glibc_t1,P6,4,1,1000,1513.64,0.0000,0.0000,1515.0,0.0,1.000,256.0,0.000,0,0,256000,1,3,0,0,1,1
3,chain4,f32,64,glibc_t1,P7,4,2,1000,1503.45,0.0000,0.0000,1504.0,0.0,1.000,256.0,0.000,0,0,256000,1,2,1,0,1,1
3,chain4,f32,64,glibc_t1,FIXED_TWIN,4,3,1000,1487.15,0.0000,0.0000,1487.0,0.0,1.000,256.0,0.000,0,0,256000,1,2,1,0,1,1
3,chain4,f32,64,glibc_t1,P6,5,0,1000,1521.40,0.0000,0.0000,1522.0,0.0,1.000,256.0,0.000,0,0,256000,1,3,0,0,1,1
3,chain4,f32,64,glibc_t1,P7,5,1,1000,1509.20,0.0000,0.0000,1510.0,0.0,1.000,256.0,0.000,0,0,256000,1,2,1,0,1,1
3,chain4,f32,64,glibc_t1,FIXED_TWIN,5,2,1000,1556.21,0.0000,0.0000,1557.0,0.0,1.000,256.0,0.000,0,0,256000,1,2,1,0,1,1
3,chain4,f32,64,glibc_t1,P5,5,3,1000,1635.49,0.0000,0.0000,1637.0,0.0,4.000,1024.0,0.000,0,0,256768,4,0,0,0,1,1
3,chain4,f32,64,glibc_t1,P7,6,0,1000,1520.94,0.0000,0.0000,1522.0,0.0,1.000,256.0,0.000,0,0,256000,1,2,1,0,1,1
3,chain4,f32,64,glibc_t1,FIXED_TWIN,6,1,1000,1528.83,0.0000,0.0000,1529.0,0.0,1.000,256.0,0.000,0,0,256000,1,2,1,0,1,1
3,chain4,f32,64,glibc_t1,P5,6,2,1000,1630.21,0.0000,0.0000,1631.0,0.0,4.000,1024.0,0.000,0,0,256768,4,0,0,0,1,1
3,chain4,f32,64,glibc_t1,P6,6,3,1000,1518.67,0.0000,0.0000,1520.0,0.0,1.000,256.0,0.000,0,0,256000,1,3,0,0,1,1
3,chain4,f32,64,glibc_t1,FIXED_TWIN,7,0,1000,1497.94,0.0000,0.0000,1499.0,0.0,1.000,256.0,0.000,0,0,256000,1,2,1,0,1,1
3,chain4,f32,64,glibc_t1,P5,7,1,1000,1641.54,0.0000,0.0000,1643.0,0.0,4.000,1024.0,0.000,0,0,256768,4,0,0,0,1,1
3,chain4,f32,64,glibc_t1,P6,7,2,1000,2019.39,0.0000,0.0000,2021.0,0.0,1.000,256.0,0.000,0,0,256000,1,3,0,0,1,1
3,chain4,f32,64,glibc_t1,P7,7,3,1000,1493.94,0.0000,0.0000,1495.0,0.0,1.000,256.0,0.000,0,0,256000,1,2,1,0,1,1
3,chain4,f32,64,glibc_t1,P5,8,0,1000,1628.31,0.0000,0.0000,1629.0,0.0,4.000,1024.0,0.000,0,0,256768,4,0,0,0,1,1
3,chain4,f32,64,glibc_t1,P6,8,1,1000,1526.39,0.0000,0.0000,1527.0,0.0,1.000,256.0,0.000,0,0,256000,1,3,0,0,1,1
3,chain4,f32,64,glibc_t1,P7,8,2,1000,1511.46,0.0000,0.0000,1512.0,0.0,1.000,256.0,0.000,0,0,256000,1,2,1,0,1,1
3,chain4,f32,64,glibc_t1,FIXED_TWIN,8,3,1000,1516.12,0.0000,0.0000,1517.0,0.0,1.000,256.0,0.000,0,0,256000,1,2,1,0,1,1
3,chain4,f32,64,glibc_t1,P6,9,0,1000,1538.50,0.0000,0.0000,1539.0,0.0,1.000,256.0,0.000,0,0,256000,1,3,0,0,1,1
3,chain4,f32,64,glibc_t1,P7,9,1,1000,1513.33,0.0000,0.0000,1514.0,0.0,1.000,256.0,0.000,0,0,256000,1,2,1,0,1,1
3,chain4,f32,64,glibc_t1,FIXED_TWIN,9,2,1000,1495.74,0.0000,0.0000,1497.0,0.0,1.000,256.0,0.000,0,0,256000,1,2,1,0,1,1
3,chain4,f32,64,glibc_t1,P5,9,3,1000,1575.39,0.0000,0.0000,1576.0,0.0,4.000,1024.0,0.000,0,0,256768,4,0,0,0,1,1
3,chain4,f32,64,glibc_t1,P7,10,0,1000,1503.28,0.0000,0.0000,1504.0,0.0,1.000,256.0,0.000,0,0,256000,1,2,1,0,1,1
3,chain4,f32,64,glibc_t1,FIXED_TWIN,10,1,1000,1513.90,0.0000,0.0000,1515.0,0.0,1.000,256.0,0.000,0,0,256000,1,2,1,0,1,1
3,chain4,f32,64,glibc_t1,P5,10,2,1000,1605.02,0.0000,0.0000,1605.0,0.0,4.000,1024.0,0.000,0,0,256768,4,0,0,0,1,1
3,chain4,f32,64,glibc_t1,P6,10,3,1000,1513.56,0.0000,0.0000,1514.0,0.0,1.000,256.0,0.000,0,0,256000,1,3,0,0,1,1
3,chain4,f32,64,glibc_t1,FIXED_TWIN,11,0,1000,1493.59,0.0000,0.0000,1495.0,0.0,1.000,256.0,0.000,0,0,256000,1,2,1,0,1,1
3,chain4,f32,64,glibc_t1,P5,11,1,1000,1614.08,0.0000,0.0000,1615.0,0.0,4.000,1024.0,0.000,0,0,256768,4,0,0,0,1,1
3,chain4,f32,64,glibc_t1,P6,11,2,1000,1541.69,0.0000,0.0000,1542.0,0.0,1.000,256.0,0.000,0,0,256000,1,3,0,0,1,1
3,chain4,f32,64,glibc_t1,P7,11,3,1000,1522.55,0.0000,0.0000,1523.0,0.0,1.000,256.0,0.000,0,0,256000,1,2,1,0,1,1
3,chain4,f32,64,glibc_t1,P5,12,0,1000,1616.74,0.0000,0.0000,1617.0,0.0,4.000,1024.0,0.000,0,0,256768,4,0,0,0,1,1
3,chain4,f32,64,glibc_t1,P6,12,1,1000,1517.20,0.0000,0.0000,1518.0,0.0,1.000,256.0,0.000,0,0,256000,1,3,0,0,1,1
3,chain4,f32,64,glibc_t1,P7,12,2,1000,1529.86,0.0000,0.0000,1530.0,0.0,1.000,256.0,0.000,0,0,256000,1,2,1,0,1,1
3,chain4,f32,64,glibc_t1,FIXED_TWIN,12,3,1000,1499.15,0.0000,0.0000,1500.0,0.0,1.000,256.0,0.000,0,0,256000,1,2,1,0,1,1
3,chain4,f32,64,glibc_t1,P6,13,0,1000,1514.38,0.0000,0.0000,1515.0,0.0,1.000,256.0,0.000,0,0,256000,1,3,0,0,1,1
3,chain4,f32,64,glibc_t1,P7,13,1,1000,1500.53,0.0000,0.0000,1502.0,0.0,1.000,256.0,0.000,0,0,256000,1,2,1,0,1,1
3,chain4,f32,64,glibc_t1,FIXED_TWIN,13,2,1000,1512.30,0.0000,0.0000,1513.0,0.0,1.000,256.0,0.000,0,0,256000,1,2,1,0,1,1
3,chain4,f32,64,glibc_t1,P5,13,3,1000,1642.02,0.0000,0.0000,1643.0,0.0,4.000,1024.0,0.000,0,0,256768,4,0,0,0,1,1
3,chain4,f32,64,glibc_t1,P7,14,0,1000,1539.31,0.0000,0.0000,1540.0,0.0,1.000,256.0,0.000,0,0,256000,1,2,1,0,1,1
3,chain4,f32,64,glibc_t1,FIXED_TWIN,14,1,1000,1506.58,0.0000,0.0000,1507.0,0.0,1.000,256.0,0.000,0,0,256000,1,2,1,0,1,1
3,chain4,f32,64,glibc_t1,P5,14,2,1000,1648.92,0.0000,0.0000,1649.0,0.0,4.000,1024.0,0.000,0,0,256768,4,0,0,0,1,1
3,chain4,f32,64,glibc_t1,P6,14,3,1000,1539.95,0.0000,0.0000,1540.0,0.0,1.000,256.0,0.000,0,0,256000,1,3,0,0,1,1
3,chain4,f32,1024,glibc_t1,P5,0,0,1000,2258.17,0.0000,0.0000,2264.0,0.0,4.000,16384.0,0.000,0,0,4108288,4,0,0,0,1,1
3,chain4,f32,1024,glibc_t1,P6,0,1,1000,2012.98,0.0000,0.0000,2015.0,0.0,1.000,4096.0,0.000,0,0,4096000,1,3,0,0,1,1
3,chain4,f32,1024,glibc_t1,P7,0,2,1000,1931.48,0.0000,0.0000,1933.0,0.0,1.000,4096.0,0.000,0,0,4096000,1,2,1,0,1,1
3,chain4,f32,1024,glibc_t1,FIXED_TWIN,0,3,1000,1892.93,0.0000,0.0000,1894.0,0.0,1.000,4096.0,0.000,0,0,4096000,1,2,1,0,1,1
3,chain4,f32,1024,glibc_t1,P6,1,0,1000,2043.81,0.0000,0.0000,2045.0,0.0,1.000,4096.0,0.000,0,0,4096000,1,3,0,0,1,1
3,chain4,f32,1024,glibc_t1,P7,1,1,1000,2012.32,0.0000,0.0000,2017.0,0.0,1.000,4096.0,0.000,0,0,4096000,1,2,1,0,1,1
3,chain4,f32,1024,glibc_t1,FIXED_TWIN,1,2,1000,1984.98,0.0000,0.0000,1988.0,0.0,1.000,4096.0,0.000,0,0,4096000,1,2,1,0,1,1
3,chain4,f32,1024,glibc_t1,P5,1,3,1000,2292.44,0.0000,0.0000,2294.0,0.0,4.000,16384.0,0.000,0,0,4108288,4,0,0,0,1,1
3,chain4,f32,1024,glibc_t1,P7,2,0,1000,1970.77,0.0000,0.0000,1974.0,0.0,1.000,4096.0,0.000,0,0,4096000,1,2,1,0,1,1
3,chain4,f32,1024,glibc_t1,FIXED_TWIN,2,1,1000,1965.06,0.0000,0.0000,1967.0,0.0,1.000,4096.0,0.000,0,0,4096000,1,2,1,0,1,1
3,chain4,f32,1024,glibc_t1,P5,2,2,1000,2233.30,0.0000,0.0000,2235.0,0.0,4.000,16384.0,0.000,0,0,4108288,4,0,0,0,1,1
3,chain4,f32,1024,glibc_t1,P6,2,3,1000,2032.31,0.0000,0.0000,2034.0,0.0,1.000,4096.0,0.000,0,0,4096000,1,3,0,0,1,1
3,chain4,f32,1024,glibc_t1,FIXED_TWIN,3,0,1000,1921.58,0.0000,0.0000,1924.0,0.0,1.000,4096.0,0.000,0,0,4096000,1,2,1,0,1,1
3,chain4,f32,1024,glibc_t1,P5,3,1,1000,2247.20,0.0000,0.0000,2248.0,0.0,4.000,16384.0,0.000,0,0,4108288,4,0,0,0,1,1
3,chain4,f32,1024,glibc_t1,P6,3,2,1000,2083.35,0.0000,0.0000,2084.0,0.0,1.000,4096.0,0.000,0,0,4096000,1,3,0,0,1,1
3,chain4,f32,1024,glibc_t1,P7,3,3,1000,1943.93,0.0000,0.0000,1945.0,0.0,1.000,4096.0,0.000,0,0,4096000,1,2,1,0,1,1
3,chain4,f32,1024,glibc_t1,P5,4,0,1000,2249.00,0.0000,0.0000,2250.0,0.0,4.000,16384.0,0.000,0,0,4108288,4,0,0,0,1,1
3,chain4,f32,1024,glibc_t1,P6,4,1,1000,2090.19,0.0000,0.0000,2063.0,0.0,1.000,4096.0,0.000,0,0,4096000,1,3,0,0,1,1
3,chain4,f32,1024,glibc_t1,P7,4,2,1000,1926.41,0.0000,0.0000,1927.0,0.0,1.000,4096.0,0.000,0,0,4096000,1,2,1,0,1,1
3,chain4,f32,1024,glibc_t1,FIXED_TWIN,4,3,1000,1939.10,0.0000,0.0000,1941.0,0.0,1.000,4096.0,0.000,0,0,4096000,1,2,1,0,1,1
3,chain4,f32,1024,glibc_t1,P6,5,0,1000,2008.82,0.0000,0.0000,2010.0,0.0,1.000,4096.0,0.000,0,0,4096000,1,3,0,0,1,1
3,chain4,f32,1024,glibc_t1,P7,5,1,1000,1911.11,0.0000,0.0000,1912.0,0.0,1.000,4096.0,0.000,0,0,4096000,1,2,1,0,1,1
3,chain4,f32,1024,glibc_t1,FIXED_TWIN,5,2,1000,1920.57,0.0000,0.0000,1922.0,0.0,1.000,4096.0,0.000,0,0,4096000,1,2,1,0,1,1
3,chain4,f32,1024,glibc_t1,P5,5,3,1000,2276.57,0.0000,0.0000,2278.0,0.0,4.000,16384.0,0.000,0,0,4108288,4,0,0,0,1,1
3,chain4,f32,1024,glibc_t1,P7,6,0,1000,1934.93,0.0000,0.0000,1936.0,0.0,1.000,4096.0,0.000,0,0,4096000,1,2,1,0,1,1
3,chain4,f32,1024,glibc_t1,FIXED_TWIN,6,1,1000,1938.04,0.0000,0.0000,1939.0,0.0,1.000,4096.0,0.000,0,0,4096000,1,2,1,0,1,1
3,chain4,f32,1024,glibc_t1,P5,6,2,1000,2253.06,0.0000,0.0000,2254.0,0.0,4.000,16384.0,0.000,0,0,4108288,4,0,0,0,1,1
3,chain4,f32,1024,glibc_t1,P6,6,3,1000,2119.80,0.0000,0.0000,2125.0,0.0,1.000,4096.0,0.000,0,0,4096000,1,3,0,0,1,1
3,chain4,f32,1024,glibc_t1,FIXED_TWIN,7,0,1000,1919.66,0.0000,0.0000,1922.0,0.0,1.000,4096.0,0.000,0,0,4096000,1,2,1,0,1,1
3,chain4,f32,1024,glibc_t1,P5,7,1,1000,2281.77,0.0000,0.0000,2283.0,0.0,4.000,16384.0,0.000,0,0,4108288,4,0,0,0,1,1
3,chain4,f32,1024,glibc_t1,P6,7,2,1000,2063.11,0.0000,0.0000,2065.0,0.0,1.000,4096.0,0.000,0,0,4096000,1,3,0,0,1,1
3,chain4,f32,1024,glibc_t1,P7,7,3,1000,1909.65,0.0000,0.0000,1913.0,0.0,1.000,4096.0,0.000,0,0,4096000,1,2,1,0,1,1
3,chain4,f32,1024,glibc_t1,P5,8,0,1000,2247.05,0.0000,0.0000,2249.0,0.0,4.000,16384.0,0.000,0,0,4108288,4,0,0,0,1,1
3,chain4,f32,1024,glibc_t1,P6,8,1,1000,2039.52,0.0000,0.0000,2041.0,0.0,1.000,4096.0,0.000,0,0,4096000,1,3,0,0,1,1
3,chain4,f32,1024,glibc_t1,P7,8,2,1000,1936.64,0.0000,0.0000,1940.0,0.0,1.000,4096.0,0.000,0,0,4096000,1,2,1,0,1,1
3,chain4,f32,1024,glibc_t1,FIXED_TWIN,8,3,1000,1952.26,0.0000,0.0000,1955.0,0.0,1.000,4096.0,0.000,0,0,4096000,1,2,1,0,1,1
3,chain4,f32,1024,glibc_t1,P6,9,0,1000,2069.47,0.0000,0.0000,2071.0,0.0,1.000,4096.0,0.000,0,0,4096000,1,3,0,0,1,1
3,chain4,f32,1024,glibc_t1,P7,9,1,1000,1919.07,0.0000,0.0000,1920.0,0.0,1.000,4096.0,0.000,0,0,4096000,1,2,1,0,1,1
3,chain4,f32,1024,glibc_t1,FIXED_TWIN,9,2,1000,1909.89,0.0000,0.0000,1911.0,0.0,1.000,4096.0,0.000,0,0,4096000,1,2,1,0,1,1
3,chain4,f32,1024,glibc_t1,P5,9,3,1000,2246.01,0.0000,0.0000,2248.0,0.0,4.000,16384.0,0.000,0,0,4108288,4,0,0,0,1,1
3,chain4,f32,1024,glibc_t1,P7,10,0,1000,1920.85,0.0000,0.0000,1922.0,0.0,1.000,4096.0,0.000,0,0,4096000,1,2,1,0,1,1
3,chain4,f32,1024,glibc_t1,FIXED_TWIN,10,1,1000,1906.79,0.0000,0.0000,1908.0,0.0,1.000,4096.0,0.000,0,0,4096000,1,2,1,0,1,1
3,chain4,f32,1024,glibc_t1,P5,10,2,1000,2272.42,0.0000,0.0000,2275.0,0.0,4.000,16384.0,0.000,0,0,4108288,4,0,0,0,1,1
3,chain4,f32,1024,glibc_t1,P6,10,3,1000,2042.55,0.0000,0.0000,2044.0,0.0,1.000,4096.0,0.000,0,0,4096000,1,3,0,0,1,1
3,chain4,f32,1024,glibc_t1,FIXED_TWIN,11,0,1000,1932.24,0.0000,0.0000,1933.0,0.0,1.000,4096.0,0.000,0,0,4096000,1,2,1,0,1,1
3,chain4,f32,1024,glibc_t1,P5,11,1,1000,2265.56,0.0000,0.0000,2267.0,0.0,4.000,16384.0,0.000,0,0,4108288,4,0,0,0,1,1
3,chain4,f32,1024,glibc_t1,P6,11,2,1000,2065.10,0.0000,0.0000,2066.0,0.0,1.000,4096.0,0.000,0,0,4096000,1,3,0,0,1,1
3,chain4,f32,1024,glibc_t1,P7,11,3,1000,1920.38,0.0000,0.0000,1923.0,0.0,1.000,4096.0,0.000,0,0,4096000,1,2,1,0,1,1
3,chain4,f32,1024,glibc_t1,P5,12,0,1000,2228.54,0.0000,0.0000,2230.0,0.0,4.000,16384.0,0.000,0,0,4108288,4,0,0,0,1,1
3,chain4,f32,1024,glibc_t1,P6,12,1,1000,2032.73,0.0000,0.0000,2034.0,0.0,1.000,4096.0,0.000,0,0,4096000,1,3,0,0,1,1
3,chain4,f32,1024,glibc_t1,P7,12,2,1000,2088.57,0.0000,0.0000,2092.0,0.0,1.000,4096.0,0.000,0,0,4096000,1,2,1,0,1,1
3,chain4,f32,1024,glibc_t1,FIXED_TWIN,12,3,1000,1894.81,0.0000,0.0000,1897.0,0.0,1.000,4096.0,0.000,0,0,4096000,1,2,1,0,1,1
3,chain4,f32,1024,glibc_t1,P6,13,0,1000,2054.67,0.0000,0.0000,2057.0,0.0,1.000,4096.0,0.000,0,0,4096000,1,3,0,0,1,1
3,chain4,f32,1024,glibc_t1,P7,13,1,1000,1997.00,0.0000,0.0000,1999.0,0.0,1.000,4096.0,0.000,0,0,4096000,1,2,1,0,1,1
3,chain4,f32,1024,glibc_t1,FIXED_TWIN,13,2,1000,1948.06,0.0000,0.0000,1951.0,0.0,1.000,4096.0,0.000,0,0,4096000,1,2,1,0,1,1
3,chain4,f32,1024,glibc_t1,P5,13,3,1000,2354.58,0.0000,0.0000,2358.0,0.0,4.000,16384.0,0.000,0,0,4108288,4,0,0,0,1,1
3,chain4,f32,1024,glibc_t1,P7,14,0,1000,2134.32,0.0000,0.0000,1994.0,0.0,1.000,4096.0,0.000,0,0,4096000,1,2,1,0,1,1
3,chain4,f32,1024,glibc_t1,FIXED_TWIN,14,1,1000,1941.64,0.0000,0.0000,1944.0,0.0,1.000,4096.0,0.000,0,0,4096000,1,2,1,0,1,1
3,chain4,f32,1024,glibc_t1,P5,14,2,1000,2229.51,0.0000,0.0000,2231.0,0.0,4.000,16384.0,0.000,0,0,4108288,4,0,0,0,1,1
3,chain4,f32,1024,glibc_t1,P6,14,3,1000,2039.19,0.0000,0.0000,2042.0,0.0,1.000,4096.0,0.000,0,0,4096000,1,3,0,0,1,1
3,chain4,f32,4096,glibc_t1,P5,0,0,1,2959.00,0.0000,0.0000,4000.0,0.0,4.000,65536.0,0.000,0,0,65536,4,0,0,0,1,1
3,chain4,f32,4096,glibc_t1,P6,0,1,1,2477.00,0.0000,0.0000,3000.0,0.0,1.000,16384.0,0.000,0,0,16384,1,3,0,0,1,1
3,chain4,f32,4096,glibc_t1,P7,0,2,1,2333.00,0.0000,0.0000,2000.0,0.0,1.000,16384.0,0.000,0,0,16384,1,2,1,0,1,1
3,chain4,f32,4096,glibc_t1,FIXED_TWIN,0,3,1,2316.00,0.0000,0.0000,2000.0,0.0,1.000,16384.0,0.000,0,0,16384,1,2,1,0,1,1
3,chain4,f32,4096,glibc_t1,P6,1,0,1,2387.00,0.0000,0.0000,3000.0,0.0,1.000,16384.0,0.000,0,0,16384,1,3,0,0,1,1
3,chain4,f32,4096,glibc_t1,P7,1,1,1,2308.00,0.0000,0.0000,3000.0,0.0,1.000,16384.0,0.000,0,0,16384,1,2,1,0,1,1
3,chain4,f32,4096,glibc_t1,FIXED_TWIN,1,2,1,2290.00,0.0000,0.0000,3000.0,0.0,1.000,16384.0,0.000,0,0,16384,1,2,1,0,1,1
3,chain4,f32,4096,glibc_t1,P5,1,3,1,2831.00,0.0000,0.0000,4000.0,0.0,4.000,65536.0,0.000,0,0,65536,4,0,0,0,1,1
3,chain4,f32,4096,glibc_t1,P7,2,0,1,6211.00,0.0000,0.0000,7000.0,0.0,1.000,16384.0,0.000,0,0,16384,1,2,1,0,1,1
3,chain4,f32,4096,glibc_t1,FIXED_TWIN,2,1,1,2307.00,0.0000,0.0000,3000.0,0.0,1.000,16384.0,0.000,0,0,16384,1,2,1,0,1,1
3,chain4,f32,4096,glibc_t1,P5,2,2,1,2807.00,0.0000,0.0000,4000.0,0.0,4.000,65536.0,0.000,0,0,65536,4,0,0,0,1,1
3,chain4,f32,4096,glibc_t1,P6,2,3,1,2412.00,0.0000,0.0000,3000.0,0.0,1.000,16384.0,0.000,0,0,16384,1,3,0,0,1,1
3,chain4,f32,4096,glibc_t1,FIXED_TWIN,3,0,1,2312.00,0.0000,0.0000,3000.0,0.0,1.000,16384.0,0.000,0,0,16384,1,2,1,0,1,1
3,chain4,f32,4096,glibc_t1,P5,3,1,1,2837.00,0.0000,0.0000,4000.0,0.0,4.000,65536.0,0.000,0,0,65536,4,0,0,0,1,1
3,chain4,f32,4096,glibc_t1,P6,3,2,1,2383.00,0.0000,0.0000,3000.0,0.0,1.000,16384.0,0.000,0,0,16384,1,3,0,0,1,1
3,chain4,f32,4096,glibc_t1,P7,3,3,1,2311.00,0.0000,0.0000,3000.0,0.0,1.000,16384.0,0.000,0,0,16384,1,2,1,0,1,1
3,chain4,f32,4096,glibc_t1,P5,4,0,1,2819.00,0.0000,0.0000,3000.0,0.0,4.000,65536.0,0.000,0,0,65536,4,0,0,0,1,1
3,chain4,f32,4096,glibc_t1,P6,4,1,1,2422.00,0.0000,0.0000,3000.0,0.0,1.000,16384.0,0.000,0,0,16384,1,3,0,0,1,1
3,chain4,f32,4096,glibc_t1,P7,4,2,1,2301.00,0.0000,0.0000,3000.0,0.0,1.000,16384.0,0.000,0,0,16384,1,2,1,0,1,1
3,chain4,f32,4096,glibc_t1,FIXED_TWIN,4,3,1,2301.00,0.0000,0.0000,3000.0,0.0,1.000,16384.0,0.000,0,0,16384,1,2,1,0,1,1
3,chain4,f32,4096,glibc_t1,P6,5,0,1,2401.00,0.0000,0.0000,2000.0,0.0,1.000,16384.0,0.000,0,0,16384,1,3,0,0,1,1
3,chain4,f32,4096,glibc_t1,P7,5,1,1,2296.00,0.0000,0.0000,2000.0,0.0,1.000,16384.0,0.000,0,0,16384,1,2,1,0,1,1
3,chain4,f32,4096,glibc_t1,FIXED_TWIN,5,2,1,2264.00,0.0000,0.0000,2000.0,0.0,1.000,16384.0,0.000,0,0,16384,1,2,1,0,1,1
3,chain4,f32,4096,glibc_t1,P5,5,3,1,2795.00,0.0000,0.0000,3000.0,0.0,4.000,65536.0,0.000,0,0,65536,4,0,0,0,1,1
3,chain4,f32,4096,glibc_t1,P7,6,0,1,2329.00,0.0000,0.0000,3000.0,0.0,1.000,16384.0,0.000,0,0,16384,1,2,1,0,1,1
3,chain4,f32,4096,glibc_t1,FIXED_TWIN,6,1,1,2255.00,0.0000,0.0000,3000.0,0.0,1.000,16384.0,0.000,0,0,16384,1,2,1,0,1,1
3,chain4,f32,4096,glibc_t1,P5,6,2,1,2830.00,0.0000,0.0000,3000.0,0.0,4.000,65536.0,0.000,0,0,65536,4,0,0,0,1,1
3,chain4,f32,4096,glibc_t1,P6,6,3,1,2450.00,0.0000,0.0000,3000.0,0.0,1.000,16384.0,0.000,0,0,16384,1,3,0,0,1,1
3,chain4,f32,4096,glibc_t1,FIXED_TWIN,7,0,1,2289.00,0.0000,0.0000,3000.0,0.0,1.000,16384.0,0.000,0,0,16384,1,2,1,0,1,1
3,chain4,f32,4096,glibc_t1,P5,7,1,1,2846.00,0.0000,0.0000,3000.0,0.0,4.000,65536.0,0.000,0,0,65536,4,0,0,0,1,1
3,chain4,f32,4096,glibc_t1,P6,7,2,1,2375.00,0.0000,0.0000,3000.0,0.0,1.000,16384.0,0.000,0,0,16384,1,3,0,0,1,1
3,chain4,f32,4096,glibc_t1,P7,7,3,1,2299.00,0.0000,0.0000,3000.0,0.0,1.000,16384.0,0.000,0,0,16384,1,2,1,0,1,1
3,chain4,f32,4096,glibc_t1,P5,8,0,1,2754.00,0.0000,0.0000,3000.0,0.0,4.000,65536.0,0.000,0,0,65536,4,0,0,0,1,1
3,chain4,f32,4096,glibc_t1,P6,8,1,1,2358.00,0.0000,0.0000,3000.0,0.0,1.000,16384.0,0.000,0,0,16384,1,3,0,0,1,1
3,chain4,f32,4096,glibc_t1,P7,8,2,1,2296.00,0.0000,0.0000,3000.0,0.0,1.000,16384.0,0.000,0,0,16384,1,2,1,0,1,1
3,chain4,f32,4096,glibc_t1,FIXED_TWIN,8,3,1,2349.00,0.0000,0.0000,3000.0,0.0,1.000,16384.0,0.000,0,0,16384,1,2,1,0,1,1
3,chain4,f32,4096,glibc_t1,P6,9,0,1,2416.00,0.0000,0.0000,3000.0,0.0,1.000,16384.0,0.000,0,0,16384,1,3,0,0,1,1
3,chain4,f32,4096,glibc_t1,P7,9,1,1,2322.00,0.0000,0.0000,3000.0,0.0,1.000,16384.0,0.000,0,0,16384,1,2,1,0,1,1
3,chain4,f32,4096,glibc_t1,FIXED_TWIN,9,2,1,2330.00,0.0000,0.0000,3000.0,0.0,1.000,16384.0,0.000,0,0,16384,1,2,1,0,1,1
3,chain4,f32,4096,glibc_t1,P5,9,3,1,2834.00,0.0000,0.0000,3000.0,0.0,4.000,65536.0,0.000,0,0,65536,4,0,0,0,1,1
3,chain4,f32,4096,glibc_t1,P7,10,0,1,2321.00,0.0000,0.0000,2000.0,0.0,1.000,16384.0,0.000,0,0,16384,1,2,1,0,1,1
3,chain4,f32,4096,glibc_t1,FIXED_TWIN,10,1,1,2288.00,0.0000,0.0000,2000.0,0.0,1.000,16384.0,0.000,0,0,16384,1,2,1,0,1,1
3,chain4,f32,4096,glibc_t1,P5,10,2,1,2826.00,0.0000,0.0000,3000.0,0.0,4.000,65536.0,0.000,0,0,65536,4,0,0,0,1,1
3,chain4,f32,4096,glibc_t1,P6,10,3,1,2430.00,0.0000,0.0000,3000.0,0.0,1.000,16384.0,0.000,0,0,16384,1,3,0,0,1,1
3,chain4,f32,4096,glibc_t1,FIXED_TWIN,11,0,1,16054.00,0.0000,0.0000,16000.0,0.0,1.000,16384.0,0.000,0,0,16384,1,2,1,0,1,1
3,chain4,f32,4096,glibc_t1,P5,11,1,1,2964.00,0.0000,0.0000,3000.0,0.0,4.000,65536.0,0.000,0,0,65536,4,0,0,0,1,1
3,chain4,f32,4096,glibc_t1,P6,11,2,1,2517.00,0.0000,0.0000,3000.0,0.0,1.000,16384.0,0.000,0,0,16384,1,3,0,0,1,1
3,chain4,f32,4096,glibc_t1,P7,11,3,1,2346.00,0.0000,0.0000,3000.0,0.0,1.000,16384.0,0.000,0,0,16384,1,2,1,0,1,1
3,chain4,f32,4096,glibc_t1,P5,12,0,1,2917.00,0.0000,0.0000,4000.0,0.0,4.000,65536.0,0.000,0,0,65536,4,0,0,0,1,1
3,chain4,f32,4096,glibc_t1,P6,12,1,1,2431.00,0.0000,0.0000,3000.0,0.0,1.000,16384.0,0.000,0,0,16384,1,3,0,0,1,1
3,chain4,f32,4096,glibc_t1,P7,12,2,1,2309.00,0.0000,0.0000,3000.0,0.0,1.000,16384.0,0.000,0,0,16384,1,2,1,0,1,1
3,chain4,f32,4096,glibc_t1,FIXED_TWIN,12,3,1,2298.00,0.0000,0.0000,3000.0,0.0,1.000,16384.0,0.000,0,0,16384,1,2,1,0,1,1
3,chain4,f32,4096,glibc_t1,P6,13,0,1,2455.00,0.0000,0.0000,3000.0,0.0,1.000,16384.0,0.000,0,0,16384,1,3,0,0,1,1
3,chain4,f32,4096,glibc_t1,P7,13,1,1,2292.00,0.0000,0.0000,3000.0,0.0,1.000,16384.0,0.000,0,0,16384,1,2,1,0,1,1
3,chain4,f32,4096,glibc_t1,FIXED_TWIN,13,2,1,2284.00,0.0000,0.0000,3000.0,0.0,1.000,16384.0,0.000,0,0,16384,1,2,1,0,1,1
3,chain4,f32,4096,glibc_t1,P5,13,3,1,2859.00,0.0000,0.0000,3000.0,0.0,4.000,65536.0,0.000,0,0,65536,4,0,0,0,1,1
3,chain4,f32,4096,glibc_t1,P7,14,0,1,2286.00,0.0000,0.0000,3000.0,0.0,1.000,16384.0,0.000,0,0,16384,1,2,1,0,1,1
3,chain4,f32,4096,glibc_t1,FIXED_TWIN,14,1,1,2247.00,0.0000,0.0000,3000.0,0.0,1.000,16384.0,0.000,0,0,16384,1,2,1,0,1,1
3,chain4,f32,4096,glibc_t1,P5,14,2,1,2784.00,0.0000,0.0000,4000.0,0.0,4.000,65536.0,0.000,0,0,65536,4,0,0,0,1,1
3,chain4,f32,4096,glibc_t1,P6,14,3,1,2437.00,0.0000,0.0000,3000.0,0.0,1.000,16384.0,0.000,0,0,16384,1,3,0,0,1,1
3,chain4,f32,16384,glibc_t1,P5,0,0,1,10773.00,0.0000,0.0000,12000.0,0.0,4.000,262144.0,0.000,0,0,262144,4,0,0,0,1,1
3,chain4,f32,16384,glibc_t1,P6,0,1,1,8693.00,0.0000,0.0000,9000.0,0.0,1.000,65536.0,0.000,0,0,65536,1,3,0,0,1,1
3,chain4,f32,16384,glibc_t1,P7,0,2,1,7978.00,0.0000,0.0000,9000.0,0.0,1.000,65536.0,0.000,0,0,65536,1,2,1,0,1,1
3,chain4,f32,16384,glibc_t1,FIXED_TWIN,0,3,1,7987.00,0.0000,0.0000,9000.0,0.0,1.000,65536.0,0.000,0,0,65536,1,2,1,0,1,1
3,chain4,f32,16384,glibc_t1,P6,1,0,1,8643.00,0.0000,0.0000,10000.0,0.0,1.000,65536.0,0.000,0,0,65536,1,3,0,0,1,1
3,chain4,f32,16384,glibc_t1,P7,1,1,1,8033.00,0.0000,0.0000,8000.0,0.0,1.000,65536.0,0.000,0,0,65536,1,2,1,0,1,1
3,chain4,f32,16384,glibc_t1,FIXED_TWIN,1,2,1,7977.00,0.0000,0.0000,8000.0,0.0,1.000,65536.0,0.000,0,0,65536,1,2,1,0,1,1
3,chain4,f32,16384,glibc_t1,P5,1,3,1,10754.00,0.0000,0.0000,11000.0,0.0,4.000,262144.0,0.000,0,0,262144,4,0,0,0,1,1
3,chain4,f32,16384,glibc_t1,P7,2,0,1,10742.00,0.0000,0.0000,11000.0,0.0,1.000,65536.0,0.000,0,0,65536,1,2,1,0,1,1
3,chain4,f32,16384,glibc_t1,FIXED_TWIN,2,1,1,8037.00,0.0000,0.0000,8000.0,0.0,1.000,65536.0,0.000,0,0,65536,1,2,1,0,1,1
3,chain4,f32,16384,glibc_t1,P5,2,2,1,10864.00,0.0000,0.0000,11000.0,0.0,4.000,262144.0,0.000,0,0,262144,4,0,0,0,1,1
3,chain4,f32,16384,glibc_t1,P6,2,3,1,8731.00,0.0000,0.0000,9000.0,0.0,1.000,65536.0,0.000,0,0,65536,1,3,0,0,1,1
3,chain4,f32,16384,glibc_t1,FIXED_TWIN,3,0,1,8038.00,0.0000,0.0000,8000.0,0.0,1.000,65536.0,0.000,0,0,65536,1,2,1,0,1,1
3,chain4,f32,16384,glibc_t1,P5,3,1,1,10766.00,0.0000,0.0000,12000.0,0.0,4.000,262144.0,0.000,0,0,262144,4,0,0,0,1,1
3,chain4,f32,16384,glibc_t1,P6,3,2,1,8663.00,0.0000,0.0000,9000.0,0.0,1.000,65536.0,0.000,0,0,65536,1,3,0,0,1,1
3,chain4,f32,16384,glibc_t1,P7,3,3,1,7996.00,0.0000,0.0000,9000.0,0.0,1.000,65536.0,0.000,0,0,65536,1,2,1,0,1,1
3,chain4,f32,16384,glibc_t1,P5,4,0,1,10724.00,0.0000,0.0000,11000.0,0.0,4.000,262144.0,0.000,0,0,262144,4,0,0,0,1,1
3,chain4,f32,16384,glibc_t1,P6,4,1,1,8662.00,0.0000,0.0000,9000.0,0.0,1.000,65536.0,0.000,0,0,65536,1,3,0,0,1,1
3,chain4,f32,16384,glibc_t1,P7,4,2,1,7946.00,0.0000,0.0000,8000.0,0.0,1.000,65536.0,0.000,0,0,65536,1,2,1,0,1,1
3,chain4,f32,16384,glibc_t1,FIXED_TWIN,4,3,1,7962.00,0.0000,0.0000,9000.0,0.0,1.000,65536.0,0.000,0,0,65536,1,2,1,0,1,1
3,chain4,f32,16384,glibc_t1,P6,5,0,1,8711.00,0.0000,0.0000,9000.0,0.0,1.000,65536.0,0.000,0,0,65536,1,3,0,0,1,1
3,chain4,f32,16384,glibc_t1,P7,5,1,1,7935.00,0.0000,0.0000,8000.0,0.0,1.000,65536.0,0.000,0,0,65536,1,2,1,0,1,1
3,chain4,f32,16384,glibc_t1,FIXED_TWIN,5,2,1,11280.00,0.0000,0.0000,12000.0,0.0,1.000,65536.0,0.000,0,0,65536,1,2,1,0,1,1
3,chain4,f32,16384,glibc_t1,P5,5,3,1,10799.00,0.0000,0.0000,11000.0,0.0,4.000,262144.0,0.000,0,0,262144,4,0,0,0,1,1
3,chain4,f32,16384,glibc_t1,P7,6,0,1,7953.00,0.0000,0.0000,8000.0,0.0,1.000,65536.0,0.000,0,0,65536,1,2,1,0,1,1
3,chain4,f32,16384,glibc_t1,FIXED_TWIN,6,1,1,8010.00,0.0000,0.0000,9000.0,0.0,1.000,65536.0,0.000,0,0,65536,1,2,1,0,1,1
3,chain4,f32,16384,glibc_t1,P5,6,2,1,10768.00,0.0000,0.0000,11000.0,0.0,4.000,262144.0,0.000,0,0,262144,4,0,0,0,1,1
3,chain4,f32,16384,glibc_t1,P6,6,3,1,8680.00,0.0000,0.0000,9000.0,0.0,1.000,65536.0,0.000,0,0,65536,1,3,0,0,1,1
3,chain4,f32,16384,glibc_t1,FIXED_TWIN,7,0,1,7921.00,0.0000,0.0000,8000.0,0.0,1.000,65536.0,0.000,0,0,65536,1,2,1,0,1,1
3,chain4,f32,16384,glibc_t1,P5,7,1,1,10744.00,0.0000,0.0000,11000.0,0.0,4.000,262144.0,0.000,0,0,262144,4,0,0,0,1,1
3,chain4,f32,16384,glibc_t1,P6,7,2,1,8802.00,0.0000,0.0000,10000.0,0.0,1.000,65536.0,0.000,0,0,65536,1,3,0,0,1,1
3,chain4,f32,16384,glibc_t1,P7,7,3,1,8064.00,0.0000,0.0000,8000.0,0.0,1.000,65536.0,0.000,0,0,65536,1,2,1,0,1,1
3,chain4,f32,16384,glibc_t1,P5,8,0,1,10872.00,0.0000,0.0000,11000.0,0.0,4.000,262144.0,0.000,0,0,262144,4,0,0,0,1,1
3,chain4,f32,16384,glibc_t1,P6,8,1,1,8727.00,0.0000,0.0000,9000.0,0.0,1.000,65536.0,0.000,0,0,65536,1,3,0,0,1,1
3,chain4,f32,16384,glibc_t1,P7,8,2,1,7975.00,0.0000,0.0000,9000.0,0.0,1.000,65536.0,0.000,0,0,65536,1,2,1,0,1,1
3,chain4,f32,16384,glibc_t1,FIXED_TWIN,8,3,1,8000.00,0.0000,0.0000,8000.0,0.0,1.000,65536.0,0.000,0,0,65536,1,2,1,0,1,1
3,chain4,f32,16384,glibc_t1,P6,9,0,1,8659.00,0.0000,0.0000,9000.0,0.0,1.000,65536.0,0.000,0,0,65536,1,3,0,0,1,1
3,chain4,f32,16384,glibc_t1,P7,9,1,1,7949.00,0.0000,0.0000,8000.0,0.0,1.000,65536.0,0.000,0,0,65536,1,2,1,0,1,1
3,chain4,f32,16384,glibc_t1,FIXED_TWIN,9,2,1,7948.00,0.0000,0.0000,8000.0,0.0,1.000,65536.0,0.000,0,0,65536,1,2,1,0,1,1
3,chain4,f32,16384,glibc_t1,P5,9,3,1,10794.00,0.0000,0.0000,12000.0,0.0,4.000,262144.0,0.000,0,0,262144,4,0,0,0,1,1
3,chain4,f32,16384,glibc_t1,P7,10,0,1,7953.00,0.0000,0.0000,8000.0,0.0,1.000,65536.0,0.000,0,0,65536,1,2,1,0,1,1
3,chain4,f32,16384,glibc_t1,FIXED_TWIN,10,1,1,7884.00,0.0000,0.0000,8000.0,0.0,1.000,65536.0,0.000,0,0,65536,1,2,1,0,1,1
3,chain4,f32,16384,glibc_t1,P5,10,2,1,10788.00,0.0000,0.0000,12000.0,0.0,4.000,262144.0,0.000,0,0,262144,4,0,0,0,1,1
3,chain4,f32,16384,glibc_t1,P6,10,3,1,8669.00,0.0000,0.0000,9000.0,0.0,1.000,65536.0,0.000,0,0,65536,1,3,0,0,1,1
3,chain4,f32,16384,glibc_t1,FIXED_TWIN,11,0,1,7974.00,0.0000,0.0000,8000.0,0.0,1.000,65536.0,0.000,0,0,65536,1,2,1,0,1,1
3,chain4,f32,16384,glibc_t1,P5,11,1,1,10751.00,0.0000,0.0000,11000.0,0.0,4.000,262144.0,0.000,0,0,262144,4,0,0,0,1,1
3,chain4,f32,16384,glibc_t1,P6,11,2,1,8677.00,0.0000,0.0000,9000.0,0.0,1.000,65536.0,0.000,0,0,65536,1,3,0,0,1,1
3,chain4,f32,16384,glibc_t1,P7,11,3,1,7992.00,0.0000,0.0000,8000.0,0.0,1.000,65536.0,0.000,0,0,65536,1,2,1,0,1,1
3,chain4,f32,16384,glibc_t1,P5,12,0,1,10724.00,0.0000,0.0000,11000.0,0.0,4.000,262144.0,0.000,0,0,262144,4,0,0,0,1,1
3,chain4,f32,16384,glibc_t1,P6,12,1,1,8643.00,0.0000,0.0000,9000.0,0.0,1.000,65536.0,0.000,0,0,65536,1,3,0,0,1,1
3,chain4,f32,16384,glibc_t1,P7,12,2,1,7953.00,0.0000,0.0000,8000.0,0.0,1.000,65536.0,0.000,0,0,65536,1,2,1,0,1,1
3,chain4,f32,16384,glibc_t1,FIXED_TWIN,12,3,1,8061.00,0.0000,0.0000,8000.0,0.0,1.000,65536.0,0.000,0,0,65536,1,2,1,0,1,1
3,chain4,f32,16384,glibc_t1,P6,13,0,1,8692.00,0.0000,0.0000,9000.0,0.0,1.000,65536.0,0.000,0,0,65536,1,3,0,0,1,1
3,chain4,f32,16384,glibc_t1,P7,13,1,1,8100.00,0.0000,0.0000,9000.0,0.0,1.000,65536.0,0.000,0,0,65536,1,2,1,0,1,1
3,chain4,f32,16384,glibc_t1,FIXED_TWIN,13,2,1,8020.00,0.0000,0.0000,8000.0,0.0,1.000,65536.0,0.000,0,0,65536,1,2,1,0,1,1
3,chain4,f32,16384,glibc_t1,P5,13,3,1,10809.00,0.0000,0.0000,12000.0,0.0,4.000,262144.0,0.000,0,0,262144,4,0,0,0,1,1
3,chain4,f32,16384,glibc_t1,P7,14,0,1,8061.00,0.0000,0.0000,8000.0,0.0,1.000,65536.0,0.000,0,0,65536,1,2,1,0,1,1
3,chain4,f32,16384,glibc_t1,FIXED_TWIN,14,1,1,9716.00,0.0000,0.0000,11000.0,0.0,1.000,65536.0,0.000,0,0,65536,1,2,1,0,1,1
3,chain4,f32,16384,glibc_t1,P5,14,2,1,14351.00,0.0000,0.0000,15000.0,0.0,4.000,262144.0,0.000,0,0,262144,4,0,0,0,1,1
3,chain4,f32,16384,glibc_t1,P6,14,3,1,8849.00,0.0000,0.0000,9000.0,0.0,1.000,65536.0,0.000,0,0,65536,1,3,0,0,1,1
3,chain4,f32,65536,glibc_t1,P5,0,0,1,70538.00,0.0000,0.0000,72000.0,0.0,4.000,1048576.0,0.000,0,0,1048576,4,0,0,0,1,1
3,chain4,f32,65536,glibc_t1,P6,0,1,1,44297.00,0.0000,0.0000,45000.0,0.0,1.000,262144.0,0.000,0,0,262144,1,3,0,0,1,1
3,chain4,f32,65536,glibc_t1,P7,0,2,1,32965.00,0.0000,0.0000,33000.0,0.0,1.000,262144.0,0.000,0,0,262144,1,2,1,0,1,1
3,chain4,f32,65536,glibc_t1,FIXED_TWIN,0,3,1,51004.00,0.0000,0.0000,52000.0,0.0,1.000,262144.0,0.000,0,0,262144,1,2,1,0,1,1
3,chain4,f32,65536,glibc_t1,P6,1,0,1,41667.00,0.0000,0.0000,42000.0,0.0,1.000,262144.0,0.000,0,0,262144,1,3,0,0,1,1
3,chain4,f32,65536,glibc_t1,P7,1,1,1,36867.00,0.0000,0.0000,38000.0,0.0,1.000,262144.0,0.000,0,0,262144,1,2,1,0,1,1
3,chain4,f32,65536,glibc_t1,FIXED_TWIN,1,2,1,33419.00,0.0000,0.0000,34000.0,0.0,1.000,262144.0,0.000,0,0,262144,1,2,1,0,1,1
3,chain4,f32,65536,glibc_t1,P5,1,3,1,63200.00,0.0000,0.0000,64000.0,0.0,4.000,1048576.0,0.000,0,0,1048576,4,0,0,0,1,1
3,chain4,f32,65536,glibc_t1,P7,2,0,1,56544.00,0.0000,0.0000,58000.0,0.0,1.000,262144.0,0.000,0,0,262144,1,2,1,0,1,1
3,chain4,f32,65536,glibc_t1,FIXED_TWIN,2,1,1,33326.00,0.0000,0.0000,34000.0,0.0,1.000,262144.0,0.000,0,0,262144,1,2,1,0,1,1
3,chain4,f32,65536,glibc_t1,P5,2,2,1,66058.00,0.0000,0.0000,67000.0,0.0,4.000,1048576.0,0.000,0,0,1048576,4,0,0,0,1,1
3,chain4,f32,65536,glibc_t1,P6,2,3,1,38204.00,0.0000,0.0000,39000.0,0.0,1.000,262144.0,0.000,0,0,262144,1,3,0,0,1,1
3,chain4,f32,65536,glibc_t1,FIXED_TWIN,3,0,1,32805.00,0.0000,0.0000,33000.0,0.0,1.000,262144.0,0.000,0,0,262144,1,2,1,0,1,1
3,chain4,f32,65536,glibc_t1,P5,3,1,1,84093.00,0.0000,0.0000,85000.0,0.0,4.000,1048576.0,0.000,0,0,1048576,4,0,0,0,1,1
3,chain4,f32,65536,glibc_t1,P6,3,2,1,38023.00,0.0000,0.0000,39000.0,0.0,1.000,262144.0,0.000,0,0,262144,1,3,0,0,1,1
3,chain4,f32,65536,glibc_t1,P7,3,3,1,32840.00,0.0000,0.0000,33000.0,0.0,1.000,262144.0,0.000,0,0,262144,1,2,1,0,1,1
3,chain4,f32,65536,glibc_t1,P5,4,0,1,63895.00,0.0000,0.0000,65000.0,0.0,4.000,1048576.0,0.000,0,0,1048576,4,0,0,0,1,1
3,chain4,f32,65536,glibc_t1,P6,4,1,1,37975.00,0.0000,0.0000,39000.0,0.0,1.000,262144.0,0.000,0,0,262144,1,3,0,0,1,1
3,chain4,f32,65536,glibc_t1,P7,4,2,1,32933.00,0.0000,0.0000,34000.0,0.0,1.000,262144.0,0.000,0,0,262144,1,2,1,0,1,1
3,chain4,f32,65536,glibc_t1,FIXED_TWIN,4,3,1,33071.00,0.0000,0.0000,34000.0,0.0,1.000,262144.0,0.000,0,0,262144,1,2,1,0,1,1
3,chain4,f32,65536,glibc_t1,P6,5,0,1,36597.00,0.0000,0.0000,37000.0,0.0,1.000,262144.0,0.000,0,0,262144,1,3,0,0,1,1
3,chain4,f32,65536,glibc_t1,P7,5,1,1,37774.00,0.0000,0.0000,38000.0,0.0,1.000,262144.0,0.000,0,0,262144,1,2,1,0,1,1
3,chain4,f32,65536,glibc_t1,FIXED_TWIN,5,2,1,32802.00,0.0000,0.0000,33000.0,0.0,1.000,262144.0,0.000,0,0,262144,1,2,1,0,1,1
3,chain4,f32,65536,glibc_t1,P5,5,3,1,63760.00,0.0000,0.0000,65000.0,0.0,4.000,1048576.0,0.000,0,0,1048576,4,0,0,0,1,1
3,chain4,f32,65536,glibc_t1,P7,6,0,1,34941.00,0.0000,0.0000,36000.0,0.0,1.000,262144.0,0.000,0,0,262144,1,2,1,0,1,1
3,chain4,f32,65536,glibc_t1,FIXED_TWIN,6,1,1,33083.00,0.0000,0.0000,34000.0,0.0,1.000,262144.0,0.000,0,0,262144,1,2,1,0,1,1
3,chain4,f32,65536,glibc_t1,P5,6,2,1,72995.00,0.0000,0.0000,76000.0,0.0,4.000,1048576.0,0.000,0,0,1048576,4,0,0,0,1,1
3,chain4,f32,65536,glibc_t1,P6,6,3,1,44763.00,0.0000,0.0000,46000.0,0.0,1.000,262144.0,0.000,0,0,262144,1,3,0,0,1,1
3,chain4,f32,65536,glibc_t1,FIXED_TWIN,7,0,1,32797.00,0.0000,0.0000,34000.0,0.0,1.000,262144.0,0.000,0,0,262144,1,2,1,0,1,1
3,chain4,f32,65536,glibc_t1,P5,7,1,1,91160.00,0.0000,0.0000,92000.0,0.0,4.000,1048576.0,0.000,0,0,1048576,4,0,0,0,1,1
3,chain4,f32,65536,glibc_t1,P6,7,2,1,38181.00,0.0000,0.0000,39000.0,0.0,1.000,262144.0,0.000,0,0,262144,1,3,0,0,1,1
3,chain4,f32,65536,glibc_t1,P7,7,3,1,33158.00,0.0000,0.0000,33000.0,0.0,1.000,262144.0,0.000,0,0,262144,1,2,1,0,1,1
3,chain4,f32,65536,glibc_t1,P5,8,0,1,70327.00,0.0000,0.0000,71000.0,0.0,4.000,1048576.0,0.000,0,0,1048576,4,0,0,0,1,1
3,chain4,f32,65536,glibc_t1,P6,8,1,1,37749.00,0.0000,0.0000,39000.0,0.0,1.000,262144.0,0.000,0,0,262144,1,3,0,0,1,1
3,chain4,f32,65536,glibc_t1,P7,8,2,1,34027.00,0.0000,0.0000,34000.0,0.0,1.000,262144.0,0.000,0,0,262144,1,2,1,0,1,1
3,chain4,f32,65536,glibc_t1,FIXED_TWIN,8,3,1,33059.00,0.0000,0.0000,34000.0,0.0,1.000,262144.0,0.000,0,0,262144,1,2,1,0,1,1
3,chain4,f32,65536,glibc_t1,P6,9,0,1,36376.00,0.0000,0.0000,37000.0,0.0,1.000,262144.0,0.000,0,0,262144,1,3,0,0,1,1
3,chain4,f32,65536,glibc_t1,P7,9,1,1,32802.00,0.0000,0.0000,33000.0,0.0,1.000,262144.0,0.000,0,0,262144,1,2,1,0,1,1
3,chain4,f32,65536,glibc_t1,FIXED_TWIN,9,2,1,32833.00,0.0000,0.0000,34000.0,0.0,1.000,262144.0,0.000,0,0,262144,1,2,1,0,1,1
3,chain4,f32,65536,glibc_t1,P5,9,3,1,63882.00,0.0000,0.0000,65000.0,0.0,4.000,1048576.0,0.000,0,0,1048576,4,0,0,0,1,1
3,chain4,f32,65536,glibc_t1,P7,10,0,1,37036.00,0.0000,0.0000,38000.0,0.0,1.000,262144.0,0.000,0,0,262144,1,2,1,0,1,1
3,chain4,f32,65536,glibc_t1,FIXED_TWIN,10,1,1,32943.00,0.0000,0.0000,33000.0,0.0,1.000,262144.0,0.000,0,0,262144,1,2,1,0,1,1
3,chain4,f32,65536,glibc_t1,P5,10,2,1,64321.00,0.0000,0.0000,65000.0,0.0,4.000,1048576.0,0.000,0,0,1048576,4,0,0,0,1,1
3,chain4,f32,65536,glibc_t1,P6,10,3,1,38248.00,0.0000,0.0000,39000.0,0.0,1.000,262144.0,0.000,0,0,262144,1,3,0,0,1,1
3,chain4,f32,65536,glibc_t1,FIXED_TWIN,11,0,1,33204.00,0.0000,0.0000,34000.0,0.0,1.000,262144.0,0.000,0,0,262144,1,2,1,0,1,1
3,chain4,f32,65536,glibc_t1,P5,11,1,1,64719.00,0.0000,0.0000,67000.0,0.0,4.000,1048576.0,0.000,0,0,1048576,4,0,0,0,1,1
3,chain4,f32,65536,glibc_t1,P6,11,2,1,37891.00,0.0000,0.0000,39000.0,0.0,1.000,262144.0,0.000,0,0,262144,1,3,0,0,1,1
3,chain4,f32,65536,glibc_t1,P7,11,3,1,32857.00,0.0000,0.0000,34000.0,0.0,1.000,262144.0,0.000,0,0,262144,1,2,1,0,1,1
3,chain4,f32,65536,glibc_t1,P5,12,0,1,64843.00,0.0000,0.0000,66000.0,0.0,4.000,1048576.0,0.000,0,0,1048576,4,0,0,0,1,1
3,chain4,f32,65536,glibc_t1,P6,12,1,1,37897.00,0.0000,0.0000,39000.0,0.0,1.000,262144.0,0.000,0,0,262144,1,3,0,0,1,1
3,chain4,f32,65536,glibc_t1,P7,12,2,1,33201.00,0.0000,0.0000,34000.0,0.0,1.000,262144.0,0.000,0,0,262144,1,2,1,0,1,1
3,chain4,f32,65536,glibc_t1,FIXED_TWIN,12,3,1,32817.00,0.0000,0.0000,33000.0,0.0,1.000,262144.0,0.000,0,0,262144,1,2,1,0,1,1
3,chain4,f32,65536,glibc_t1,P6,13,0,1,37207.00,0.0000,0.0000,38000.0,0.0,1.000,262144.0,0.000,0,0,262144,1,3,0,0,1,1
3,chain4,f32,65536,glibc_t1,P7,13,1,1,32723.00,0.0000,0.0000,33000.0,0.0,1.000,262144.0,0.000,0,0,262144,1,2,1,0,1,1
3,chain4,f32,65536,glibc_t1,FIXED_TWIN,13,2,1,32771.00,0.0000,0.0000,34000.0,0.0,1.000,262144.0,0.000,0,0,262144,1,2,1,0,1,1
3,chain4,f32,65536,glibc_t1,P5,13,3,1,82545.00,0.0000,0.0000,83000.0,0.0,4.000,1048576.0,0.000,0,0,1048576,4,0,0,0,1,1
3,chain4,f32,65536,glibc_t1,P7,14,0,1,34099.00,0.0000,0.0000,35000.0,0.0,1.000,262144.0,0.000,0,0,262144,1,2,1,0,1,1
3,chain4,f32,65536,glibc_t1,FIXED_TWIN,14,1,1,33560.00,0.0000,0.0000,35000.0,0.0,1.000,262144.0,0.000,0,0,262144,1,2,1,0,1,1
3,chain4,f32,65536,glibc_t1,P5,14,2,1,69398.00,0.0000,0.0000,70000.0,0.0,4.000,1048576.0,0.000,0,0,1048576,4,0,0,0,1,1
3,chain4,f32,65536,glibc_t1,P6,14,3,1,37880.00,0.0000,0.0000,39000.0,0.0,1.000,262144.0,0.000,0,0,262144,1,3,0,0,1,1
3,chain4,f32,262144,glibc_t1,P5,0,0,1,489776.00,0.0000,0.0000,493000.0,0.0,4.000,4194304.0,0.000,0,0,4194304,4,0,0,0,1,1
3,chain4,f32,262144,glibc_t1,P6,0,1,1,331416.00,0.0000,0.0000,334000.0,0.0,1.000,1048576.0,0.000,0,0,1048576,1,3,0,0,1,1
3,chain4,f32,262144,glibc_t1,P7,0,2,1,336387.00,0.0000,0.0000,338000.0,0.0,1.000,1048576.0,0.000,0,0,1048576,1,2,1,0,1,1
3,chain4,f32,262144,glibc_t1,FIXED_TWIN,0,3,1,327119.00,0.0000,0.0000,328000.0,0.0,1.000,1048576.0,0.000,0,0,1048576,1,2,1,0,1,1
3,chain4,f32,262144,glibc_t1,P6,1,0,1,340287.00,0.0000,0.0000,342000.0,0.0,1.000,1048576.0,0.000,0,0,1048576,1,3,0,0,1,1
3,chain4,f32,262144,glibc_t1,P7,1,1,1,320246.00,0.0000,0.0000,322000.0,0.0,1.000,1048576.0,0.000,0,0,1048576,1,2,1,0,1,1
3,chain4,f32,262144,glibc_t1,FIXED_TWIN,1,2,1,320093.00,0.0000,0.0000,323000.0,0.0,1.000,1048576.0,0.000,0,0,1048576,1,2,1,0,1,1
3,chain4,f32,262144,glibc_t1,P5,1,3,1,513002.00,0.0000,0.0000,516000.0,0.0,4.000,4194304.0,0.000,0,0,4194304,4,0,0,0,1,1
3,chain4,f32,262144,glibc_t1,P7,2,0,1,297223.00,0.0000,0.0000,300000.0,0.0,1.000,1048576.0,0.000,0,0,1048576,1,2,1,0,1,1
3,chain4,f32,262144,glibc_t1,FIXED_TWIN,2,1,1,945399.00,0.0000,0.0000,669000.0,0.0,1.000,1048576.0,0.000,0,0,1048576,1,2,1,0,1,1
3,chain4,f32,262144,glibc_t1,P5,2,2,1,787455.00,0.0000,0.0000,791000.0,0.0,4.000,4194304.0,0.000,0,0,4194304,4,0,0,0,1,1
3,chain4,f32,262144,glibc_t1,P6,2,3,1,624875.00,0.0000,0.0000,629000.0,0.0,1.000,1048576.0,0.000,0,0,1048576,1,3,0,0,1,1
3,chain4,f32,262144,glibc_t1,FIXED_TWIN,3,0,1,301756.00,0.0000,0.0000,305000.0,0.0,1.000,1048576.0,0.000,0,0,1048576,1,2,1,0,1,1
3,chain4,f32,262144,glibc_t1,P5,3,1,1,785232.00,0.0000,0.0000,789000.0,0.0,4.000,4194304.0,0.000,0,0,4194304,4,0,0,0,1,1
3,chain4,f32,262144,glibc_t1,P6,3,2,1,594567.00,0.0000,0.0000,598000.0,0.0,1.000,1048576.0,0.000,0,0,1048576,1,3,0,0,1,1
3,chain4,f32,262144,glibc_t1,P7,3,3,1,606659.00,0.0000,0.0000,609000.0,0.0,1.000,1048576.0,0.000,0,0,1048576,1,2,1,0,1,1
3,chain4,f32,262144,glibc_t1,P5,4,0,1,778758.00,0.0000,0.0000,783000.0,0.0,4.000,4194304.0,0.000,0,0,4194304,4,0,0,0,1,1
3,chain4,f32,262144,glibc_t1,P6,4,1,1,654176.00,0.0000,0.0000,657000.0,0.0,1.000,1048576.0,0.000,0,0,1048576,1,3,0,0,1,1
3,chain4,f32,262144,glibc_t1,P7,4,2,1,610583.00,0.0000,0.0000,614000.0,0.0,1.000,1048576.0,0.000,0,0,1048576,1,2,1,0,1,1
3,chain4,f32,262144,glibc_t1,FIXED_TWIN,4,3,1,586825.00,0.0000,0.0000,591000.0,0.0,1.000,1048576.0,0.000,0,0,1048576,1,2,1,0,1,1
3,chain4,f32,262144,glibc_t1,P6,5,0,1,601491.00,0.0000,0.0000,606000.0,0.0,1.000,1048576.0,0.000,0,0,1048576,1,3,0,0,1,1
3,chain4,f32,262144,glibc_t1,P7,5,1,1,309905.00,0.0000,0.0000,313000.0,0.0,1.000,1048576.0,0.000,0,0,1048576,1,2,1,0,1,1
3,chain4,f32,262144,glibc_t1,FIXED_TWIN,5,2,1,330938.00,0.0000,0.0000,334000.0,0.0,1.000,1048576.0,0.000,0,0,1048576,1,2,1,0,1,1
3,chain4,f32,262144,glibc_t1,P5,5,3,1,1065941.00,0.0000,0.0000,1070000.0,0.0,4.000,4194304.0,0.000,0,0,4194304,4,0,0,0,1,1
3,chain4,f32,262144,glibc_t1,P7,6,0,1,640275.00,0.0000,0.0000,643000.0,0.0,1.000,1048576.0,0.000,0,0,1048576,1,2,1,0,1,1
3,chain4,f32,262144,glibc_t1,FIXED_TWIN,6,1,1,318469.00,0.0000,0.0000,323000.0,0.0,1.000,1048576.0,0.000,0,0,1048576,1,2,1,0,1,1
3,chain4,f32,262144,glibc_t1,P5,6,2,1,1249833.00,0.0000,0.0000,1253000.0,0.0,4.000,4194304.0,0.000,0,0,4194304,4,0,0,0,1,1
3,chain4,f32,262144,glibc_t1,P6,6,3,1,356654.00,0.0000,0.0000,362000.0,0.0,1.000,1048576.0,0.000,0,0,1048576,1,3,0,0,1,1
3,chain4,f32,262144,glibc_t1,FIXED_TWIN,7,0,1,707885.00,0.0000,0.0000,711000.0,0.0,1.000,1048576.0,0.000,0,0,1048576,1,2,1,0,1,1
3,chain4,f32,262144,glibc_t1,P5,7,1,1,823368.00,0.0000,0.0000,827000.0,0.0,4.000,4194304.0,0.000,0,0,4194304,4,0,0,0,1,1
3,chain4,f32,262144,glibc_t1,P6,7,2,1,712267.00,0.0000,0.0000,716000.0,0.0,1.000,1048576.0,0.000,0,0,1048576,1,3,0,0,1,1
3,chain4,f32,262144,glibc_t1,P7,7,3,1,580018.00,0.0000,0.0000,584000.0,0.0,1.000,1048576.0,0.000,0,0,1048576,1,2,1,0,1,1
3,chain4,f32,262144,glibc_t1,P5,8,0,1,816776.00,0.0000,0.0000,821000.0,0.0,4.000,4194304.0,0.000,0,0,4194304,4,0,0,0,1,1
3,chain4,f32,262144,glibc_t1,P6,8,1,1,614963.00,0.0000,0.0000,619000.0,0.0,1.000,1048576.0,0.000,0,0,1048576,1,3,0,0,1,1
3,chain4,f32,262144,glibc_t1,P7,8,2,1,609430.00,0.0000,0.0000,614000.0,0.0,1.000,1048576.0,0.000,0,0,1048576,1,2,1,0,1,1
3,chain4,f32,262144,glibc_t1,FIXED_TWIN,8,3,1,897881.00,0.0000,0.0000,657000.0,0.0,1.000,1048576.0,0.000,0,0,1048576,1,2,1,0,1,1
3,chain4,f32,262144,glibc_t1,P6,9,0,1,345686.00,0.0000,0.0000,348000.0,0.0,1.000,1048576.0,0.000,0,0,1048576,1,3,0,0,1,1
3,chain4,f32,262144,glibc_t1,P7,9,1,1,317405.00,0.0000,0.0000,320000.0,0.0,1.000,1048576.0,0.000,0,0,1048576,1,2,1,0,1,1
3,chain4,f32,262144,glibc_t1,FIXED_TWIN,9,2,1,305973.00,0.0000,0.0000,309000.0,0.0,1.000,1048576.0,0.000,0,0,1048576,1,2,1,0,1,1
3,chain4,f32,262144,glibc_t1,P5,9,3,1,1042703.00,0.0000,0.0000,1046000.0,0.0,4.000,4194304.0,0.000,0,0,4194304,4,0,0,0,1,1
3,chain4,f32,262144,glibc_t1,P7,10,0,1,309517.00,0.0000,0.0000,312000.0,0.0,1.000,1048576.0,0.000,0,0,1048576,1,2,1,0,1,1
3,chain4,f32,262144,glibc_t1,FIXED_TWIN,10,1,1,327695.00,0.0000,0.0000,330000.0,0.0,1.000,1048576.0,0.000,0,0,1048576,1,2,1,0,1,1
3,chain4,f32,262144,glibc_t1,P5,10,2,1,491935.00,0.0000,0.0000,496000.0,0.0,4.000,4194304.0,0.000,0,0,4194304,4,0,0,0,1,1
3,chain4,f32,262144,glibc_t1,P6,10,3,1,334159.00,0.0000,0.0000,337000.0,0.0,1.000,1048576.0,0.000,0,0,1048576,1,3,0,0,1,1
3,chain4,f32,262144,glibc_t1,FIXED_TWIN,11,0,1,296558.00,0.0000,0.0000,299000.0,0.0,1.000,1048576.0,0.000,0,0,1048576,1,2,1,0,1,1
3,chain4,f32,262144,glibc_t1,P5,11,1,1,505740.00,0.0000,0.0000,509000.0,0.0,4.000,4194304.0,0.000,0,0,4194304,4,0,0,0,1,1
3,chain4,f32,262144,glibc_t1,P6,11,2,1,330744.00,0.0000,0.0000,334000.0,0.0,1.000,1048576.0,0.000,0,0,1048576,1,3,0,0,1,1
3,chain4,f32,262144,glibc_t1,P7,11,3,1,313298.00,0.0000,0.0000,316000.0,0.0,1.000,1048576.0,0.000,0,0,1048576,1,2,1,0,1,1
3,chain4,f32,262144,glibc_t1,P5,12,0,1,602401.00,0.0000,0.0000,608000.0,0.0,4.000,4194304.0,0.000,0,0,4194304,4,0,0,0,1,1
3,chain4,f32,262144,glibc_t1,P6,12,1,1,350760.00,0.0000,0.0000,353000.0,0.0,1.000,1048576.0,0.000,0,0,1048576,1,3,0,0,1,1
3,chain4,f32,262144,glibc_t1,P7,12,2,1,320936.00,0.0000,0.0000,325000.0,0.0,1.000,1048576.0,0.000,0,0,1048576,1,2,1,0,1,1
3,chain4,f32,262144,glibc_t1,FIXED_TWIN,12,3,1,321345.00,0.0000,0.0000,324000.0,0.0,1.000,1048576.0,0.000,0,0,1048576,1,2,1,0,1,1
3,chain4,f32,262144,glibc_t1,P6,13,0,1,320301.00,0.0000,0.0000,324000.0,0.0,1.000,1048576.0,0.000,0,0,1048576,1,3,0,0,1,1
3,chain4,f32,262144,glibc_t1,P7,13,1,1,327289.00,0.0000,0.0000,330000.0,0.0,1.000,1048576.0,0.000,0,0,1048576,1,2,1,0,1,1
3,chain4,f32,262144,glibc_t1,FIXED_TWIN,13,2,1,326375.00,0.0000,0.0000,331000.0,0.0,1.000,1048576.0,0.000,0,0,1048576,1,2,1,0,1,1
3,chain4,f32,262144,glibc_t1,P5,13,3,1,887865.00,0.0000,0.0000,892000.0,0.0,4.000,4194304.0,0.000,0,0,4194304,4,0,0,0,1,1
3,chain4,f32,262144,glibc_t1,P7,14,0,1,335599.00,0.0000,0.0000,339000.0,0.0,1.000,1048576.0,0.000,0,0,1048576,1,2,1,0,1,1
3,chain4,f32,262144,glibc_t1,FIXED_TWIN,14,1,1,297129.00,0.0000,0.0000,300000.0,0.0,1.000,1048576.0,0.000,0,0,1048576,1,2,1,0,1,1
3,chain4,f32,262144,glibc_t1,P5,14,2,1,817746.00,0.0000,0.0000,820000.0,0.0,4.000,4194304.0,0.000,0,0,4194304,4,0,0,0,1,1
3,chain4,f32,262144,glibc_t1,P6,14,3,1,309393.00,0.0000,0.0000,312000.0,0.0,1.000,1048576.0,0.000,0,0,1048576,1,3,0,0,1,1
3,chain4,f32,1048576,glibc_t1,P5,0,0,1,2128209.00,0.0000,0.0000,2134000.0,0.0,4.000,16777216.0,0.000,0,0,16777216,4,0,0,0,1,1
3,chain4,f32,1048576,glibc_t1,P6,0,1,1,1578046.00,0.0000,0.0000,1581000.0,0.0,1.000,4194304.0,0.000,0,0,4194304,1,3,0,0,1,1
3,chain4,f32,1048576,glibc_t1,P7,0,2,1,1375049.00,0.0000,0.0000,1378000.0,0.0,1.000,4194304.0,0.000,0,0,4194304,1,2,1,0,1,1
3,chain4,f32,1048576,glibc_t1,FIXED_TWIN,0,3,1,1338252.00,0.0000,0.0000,1341000.0,0.0,1.000,4194304.0,0.000,0,0,4194304,1,2,1,0,1,1
3,chain4,f32,1048576,glibc_t1,P6,1,0,1,1549909.00,0.0000,0.0000,1555000.0,0.0,1.000,4194304.0,0.000,0,0,4194304,1,3,0,0,1,1
3,chain4,f32,1048576,glibc_t1,P7,1,1,1,1333738.00,0.0000,0.0000,1338000.0,0.0,1.000,4194304.0,0.000,0,0,4194304,1,2,1,0,1,1
3,chain4,f32,1048576,glibc_t1,FIXED_TWIN,1,2,1,1377426.00,0.0000,0.0000,1381000.0,0.0,1.000,4194304.0,0.000,0,0,4194304,1,2,1,0,1,1
3,chain4,f32,1048576,glibc_t1,P5,1,3,1,2372739.00,0.0000,0.0000,2378000.0,0.0,4.000,16777216.0,0.000,0,0,16777216,4,0,0,0,1,1
3,chain4,f32,1048576,glibc_t1,P7,2,0,1,1333688.00,0.0000,0.0000,1337000.0,0.0,1.000,4194304.0,0.000,0,0,4194304,1,2,1,0,1,1
3,chain4,f32,1048576,glibc_t1,FIXED_TWIN,2,1,1,1328830.00,0.0000,0.0000,1332000.0,0.0,1.000,4194304.0,0.000,0,0,4194304,1,2,1,0,1,1
3,chain4,f32,1048576,glibc_t1,P5,2,2,1,2312751.00,0.0000,0.0000,2316000.0,0.0,4.000,16777216.0,0.000,0,0,16777216,4,0,0,0,1,1
3,chain4,f32,1048576,glibc_t1,P6,2,3,1,1597099.00,0.0000,0.0000,1600000.0,0.0,1.000,4194304.0,0.000,0,0,4194304,1,3,0,0,1,1
3,chain4,f32,1048576,glibc_t1,FIXED_TWIN,3,0,1,1456652.00,0.0000,0.0000,1460000.0,0.0,1.000,4194304.0,0.000,0,0,4194304,1,2,1,0,1,1
3,chain4,f32,1048576,glibc_t1,P5,3,1,1,2841984.00,0.0000,0.0000,2873000.0,0.0,4.000,16777216.0,0.000,0,0,16777216,4,0,0,0,1,1
3,chain4,f32,1048576,glibc_t1,P6,3,2,1,1559095.00,0.0000,0.0000,1562000.0,0.0,1.000,4194304.0,0.000,0,0,4194304,1,3,0,0,1,1
3,chain4,f32,1048576,glibc_t1,P7,3,3,1,1470298.00,0.0000,0.0000,1433000.0,0.0,1.000,4194304.0,0.000,0,0,4194304,1,2,1,0,1,1
3,chain4,f32,1048576,glibc_t1,P5,4,0,1,2419156.00,0.0000,0.0000,2422000.0,0.0,4.000,16777216.0,0.000,0,0,16777216,4,0,0,0,1,1
3,chain4,f32,1048576,glibc_t1,P6,4,1,1,1661452.00,0.0000,0.0000,1665000.0,0.0,1.000,4194304.0,0.000,0,0,4194304,1,3,0,0,1,1
3,chain4,f32,1048576,glibc_t1,P7,4,2,1,1411244.00,0.0000,0.0000,1414000.0,0.0,1.000,4194304.0,0.000,0,0,4194304,1,2,1,0,1,1
3,chain4,f32,1048576,glibc_t1,FIXED_TWIN,4,3,1,1415788.00,0.0000,0.0000,1418000.0,0.0,1.000,4194304.0,0.000,0,0,4194304,1,2,1,0,1,1
3,chain4,f32,1048576,glibc_t1,P6,5,0,1,1602955.00,0.0000,0.0000,1606000.0,0.0,1.000,4194304.0,0.000,0,0,4194304,1,3,0,0,1,1
3,chain4,f32,1048576,glibc_t1,P7,5,1,1,1442165.00,0.0000,0.0000,1446000.0,0.0,1.000,4194304.0,0.000,0,0,4194304,1,2,1,0,1,1
3,chain4,f32,1048576,glibc_t1,FIXED_TWIN,5,2,1,1407915.00,0.0000,0.0000,1411000.0,0.0,1.000,4194304.0,0.000,0,0,4194304,1,2,1,0,1,1
3,chain4,f32,1048576,glibc_t1,P5,5,3,1,2603984.00,0.0000,0.0000,2607000.0,0.0,4.000,16777216.0,0.000,0,0,16777216,4,0,0,0,1,1
3,chain4,f32,1048576,glibc_t1,P7,6,0,1,1390281.00,0.0000,0.0000,1393000.0,0.0,1.000,4194304.0,0.000,0,0,4194304,1,2,1,0,1,1
3,chain4,f32,1048576,glibc_t1,FIXED_TWIN,6,1,1,1369506.00,0.0000,0.0000,1372000.0,0.0,1.000,4194304.0,0.000,0,0,4194304,1,2,1,0,1,1
3,chain4,f32,1048576,glibc_t1,P5,6,2,1,2118195.00,0.0000,0.0000,2122000.0,0.0,4.000,16777216.0,0.000,0,0,16777216,4,0,0,0,1,1
3,chain4,f32,1048576,glibc_t1,P6,6,3,1,1556401.00,0.0000,0.0000,1560000.0,0.0,1.000,4194304.0,0.000,0,0,4194304,1,3,0,0,1,1
3,chain4,f32,1048576,glibc_t1,FIXED_TWIN,7,0,1,1392217.00,0.0000,0.0000,1396000.0,0.0,1.000,4194304.0,0.000,0,0,4194304,1,2,1,0,1,1
3,chain4,f32,1048576,glibc_t1,P5,7,1,1,2130228.00,0.0000,0.0000,2133000.0,0.0,4.000,16777216.0,0.000,0,0,16777216,4,0,0,0,1,1
3,chain4,f32,1048576,glibc_t1,P6,7,2,1,1556870.00,0.0000,0.0000,1560000.0,0.0,1.000,4194304.0,0.000,0,0,4194304,1,3,0,0,1,1
3,chain4,f32,1048576,glibc_t1,P7,7,3,1,1377689.00,0.0000,0.0000,1381000.0,0.0,1.000,4194304.0,0.000,0,0,4194304,1,2,1,0,1,1
3,chain4,f32,1048576,glibc_t1,P5,8,0,1,2344631.00,0.0000,0.0000,2351000.0,0.0,4.000,16777216.0,0.000,0,0,16777216,4,0,0,0,1,1
3,chain4,f32,1048576,glibc_t1,P6,8,1,1,1920892.00,0.0000,0.0000,1928000.0,0.0,1.000,4194304.0,0.000,0,0,4194304,1,3,0,0,1,1
3,chain4,f32,1048576,glibc_t1,P7,8,2,1,1587398.00,0.0000,0.0000,1591000.0,0.0,1.000,4194304.0,0.000,0,0,4194304,1,2,1,0,1,1
3,chain4,f32,1048576,glibc_t1,FIXED_TWIN,8,3,1,1443615.00,0.0000,0.0000,1448000.0,0.0,1.000,4194304.0,0.000,0,0,4194304,1,2,1,0,1,1
3,chain4,f32,1048576,glibc_t1,P6,9,0,1,1527472.00,0.0000,0.0000,1531000.0,0.0,1.000,4194304.0,0.000,0,0,4194304,1,3,0,0,1,1
3,chain4,f32,1048576,glibc_t1,P7,9,1,1,1579896.00,0.0000,0.0000,1587000.0,0.0,1.000,4194304.0,0.000,0,0,4194304,1,2,1,0,1,1
3,chain4,f32,1048576,glibc_t1,FIXED_TWIN,9,2,1,1415244.00,0.0000,0.0000,1419000.0,0.0,1.000,4194304.0,0.000,0,0,4194304,1,2,1,0,1,1
3,chain4,f32,1048576,glibc_t1,P5,9,3,1,2383254.00,0.0000,0.0000,2386000.0,0.0,4.000,16777216.0,0.000,0,0,16777216,4,0,0,0,1,1
3,chain4,f32,1048576,glibc_t1,P7,10,0,1,1408394.00,0.0000,0.0000,1413000.0,0.0,1.000,4194304.0,0.000,0,0,4194304,1,2,1,0,1,1
3,chain4,f32,1048576,glibc_t1,FIXED_TWIN,10,1,1,1373186.00,0.0000,0.0000,1378000.0,0.0,1.000,4194304.0,0.000,0,0,4194304,1,2,1,0,1,1
3,chain4,f32,1048576,glibc_t1,P5,10,2,1,2288230.00,0.0000,0.0000,2292000.0,0.0,4.000,16777216.0,0.000,0,0,16777216,4,0,0,0,1,1
3,chain4,f32,1048576,glibc_t1,P6,10,3,1,1481153.00,0.0000,0.0000,1484000.0,0.0,1.000,4194304.0,0.000,0,0,4194304,1,3,0,0,1,1
3,chain4,f32,1048576,glibc_t1,FIXED_TWIN,11,0,1,1306533.00,0.0000,0.0000,1309000.0,0.0,1.000,4194304.0,0.000,0,0,4194304,1,2,1,0,1,1
3,chain4,f32,1048576,glibc_t1,P5,11,1,1,2084034.00,0.0000,0.0000,2087000.0,0.0,4.000,16777216.0,0.000,0,0,16777216,4,0,0,0,1,1
3,chain4,f32,1048576,glibc_t1,P6,11,2,1,1545666.00,0.0000,0.0000,1549000.0,0.0,1.000,4194304.0,0.000,0,0,4194304,1,3,0,0,1,1
3,chain4,f32,1048576,glibc_t1,P7,11,3,1,1357345.00,0.0000,0.0000,1362000.0,0.0,1.000,4194304.0,0.000,0,0,4194304,1,2,1,0,1,1
3,chain4,f32,1048576,glibc_t1,P5,12,0,1,2264199.00,0.0000,0.0000,2269000.0,0.0,4.000,16777216.0,0.000,0,0,16777216,4,0,0,0,1,1
3,chain4,f32,1048576,glibc_t1,P6,12,1,1,1562645.00,0.0000,0.0000,1565000.0,0.0,1.000,4194304.0,0.000,0,0,4194304,1,3,0,0,1,1
3,chain4,f32,1048576,glibc_t1,P7,12,2,1,1544193.00,0.0000,0.0000,1548000.0,0.0,1.000,4194304.0,0.000,0,0,4194304,1,2,1,0,1,1
3,chain4,f32,1048576,glibc_t1,FIXED_TWIN,12,3,1,1479674.00,0.0000,0.0000,1485000.0,0.0,1.000,4194304.0,0.000,0,0,4194304,1,2,1,0,1,1
3,chain4,f32,1048576,glibc_t1,P6,13,0,1,1619858.00,0.0000,0.0000,1622000.0,0.0,1.000,4194304.0,0.000,0,0,4194304,1,3,0,0,1,1
3,chain4,f32,1048576,glibc_t1,P7,13,1,1,1427205.00,0.0000,0.0000,1431000.0,0.0,1.000,4194304.0,0.000,0,0,4194304,1,2,1,0,1,1
3,chain4,f32,1048576,glibc_t1,FIXED_TWIN,13,2,1,1424945.00,0.0000,0.0000,1428000.0,0.0,1.000,4194304.0,0.000,0,0,4194304,1,2,1,0,1,1
3,chain4,f32,1048576,glibc_t1,P5,13,3,1,2697656.00,0.0000,0.0000,2701000.0,0.0,4.000,16777216.0,0.000,0,0,16777216,4,0,0,0,1,1
3,chain4,f32,1048576,glibc_t1,P7,14,0,1,1455917.00,0.0000,0.0000,1459000.0,0.0,1.000,4194304.0,0.000,0,0,4194304,1,2,1,0,1,1
3,chain4,f32,1048576,glibc_t1,FIXED_TWIN,14,1,1,1420654.00,0.0000,0.0000,1425000.0,0.0,1.000,4194304.0,0.000,0,0,4194304,1,2,1,0,1,1
3,chain4,f32,1048576,glibc_t1,P5,14,2,1,2434729.00,0.0000,0.0000,2438000.0,0.0,4.000,16777216.0,0.000,0,0,16777216,4,0,0,0,1,1
3,chain4,f32,1048576,glibc_t1,P6,14,3,1,1660508.00,0.0000,0.0000,1664000.0,0.0,1.000,4194304.0,0.000,0,0,4194304,1,3,0,0,1,1
3,chain4,f32,4194304,glibc_t1,P5,0,0,1,13733270.00,0.0000,0.0000,12782000.0,958000.0,4.000,67108864.0,0.000,0,0,67108864,4,0,0,0,1,1
3,chain4,f32,4194304,glibc_t1,P6,0,1,1,10463630.00,0.0000,0.0000,10470000.0,0.0,1.000,16777216.0,0.000,0,0,16777216,1,3,0,0,1,1
3,chain4,f32,4194304,glibc_t1,P7,0,2,1,9523030.00,0.0000,0.0000,9527000.0,0.0,1.000,16777216.0,0.000,0,0,16777216,1,2,1,0,1,1
3,chain4,f32,4194304,glibc_t1,FIXED_TWIN,0,3,1,9096423.00,0.0000,0.0000,9101000.0,0.0,1.000,16777216.0,0.000,0,0,16777216,1,2,1,0,1,1
3,chain4,f32,4194304,glibc_t1,P6,1,0,1,11075436.00,0.0000,0.0000,11081000.0,0.0,1.000,16777216.0,0.000,0,0,16777216,1,3,0,0,1,1
3,chain4,f32,4194304,glibc_t1,P7,1,1,1,10157130.00,0.0000,0.0000,10150000.0,0.0,1.000,16777216.0,0.000,0,0,16777216,1,2,1,0,1,1
3,chain4,f32,4194304,glibc_t1,FIXED_TWIN,1,2,1,9523561.00,0.0000,0.0000,9478000.0,0.0,1.000,16777216.0,0.000,0,0,16777216,1,2,1,0,1,1
3,chain4,f32,4194304,glibc_t1,P5,1,3,1,13073870.00,0.0000,0.0000,13080000.0,0.0,4.000,67108864.0,0.000,0,0,67108864,4,0,0,0,1,1
3,chain4,f32,4194304,glibc_t1,P7,2,0,1,9675837.00,0.0000,0.0000,9681000.0,0.0,1.000,16777216.0,0.000,0,0,16777216,1,2,1,0,1,1
3,chain4,f32,4194304,glibc_t1,FIXED_TWIN,2,1,1,9298806.00,0.0000,0.0000,9306000.0,0.0,1.000,16777216.0,0.000,0,0,16777216,1,2,1,0,1,1
3,chain4,f32,4194304,glibc_t1,P5,2,2,1,12749104.00,0.0000,0.0000,12752000.0,0.0,4.000,67108864.0,0.000,0,0,67108864,4,0,0,0,1,1
3,chain4,f32,4194304,glibc_t1,P6,2,3,1,10372035.00,0.0000,0.0000,10378000.0,0.0,1.000,16777216.0,0.000,0,0,16777216,1,3,0,0,1,1
3,chain4,f32,4194304,glibc_t1,FIXED_TWIN,3,0,1,9152972.00,0.0000,0.0000,9158000.0,0.0,1.000,16777216.0,0.000,0,0,16777216,1,2,1,0,1,1
3,chain4,f32,4194304,glibc_t1,P5,3,1,1,14687160.00,0.0000,0.0000,14694000.0,0.0,4.000,67108864.0,0.000,0,0,67108864,4,0,0,0,1,1
3,chain4,f32,4194304,glibc_t1,P6,3,2,1,10552046.00,0.0000,0.0000,10558000.0,0.0,1.000,16777216.0,0.000,0,0,16777216,1,3,0,0,1,1
3,chain4,f32,4194304,glibc_t1,P7,3,3,1,9058475.00,0.0000,0.0000,9064000.0,0.0,1.000,16777216.0,0.000,0,0,16777216,1,2,1,0,1,1
3,chain4,f32,4194304,glibc_t1,P5,4,0,1,13580671.00,0.0000,0.0000,13586000.0,0.0,4.000,67108864.0,0.000,0,0,67108864,4,0,0,0,1,1
3,chain4,f32,4194304,glibc_t1,P6,4,1,1,10526901.00,0.0000,0.0000,10532000.0,0.0,1.000,16777216.0,0.000,0,0,16777216,1,3,0,0,1,1
3,chain4,f32,4194304,glibc_t1,P7,4,2,1,10595840.00,0.0000,0.0000,10601000.0,0.0,1.000,16777216.0,0.000,0,0,16777216,1,2,1,0,1,1
3,chain4,f32,4194304,glibc_t1,FIXED_TWIN,4,3,1,10074676.00,0.0000,0.0000,10080000.0,0.0,1.000,16777216.0,0.000,0,0,16777216,1,2,1,0,1,1
3,chain4,f32,4194304,glibc_t1,P6,5,0,1,10926476.00,0.0000,0.0000,10932000.0,0.0,1.000,16777216.0,0.000,0,0,16777216,1,3,0,0,1,1
3,chain4,f32,4194304,glibc_t1,P7,5,1,1,10295421.00,0.0000,0.0000,10301000.0,0.0,1.000,16777216.0,0.000,0,0,16777216,1,2,1,0,1,1
3,chain4,f32,4194304,glibc_t1,FIXED_TWIN,5,2,1,9975691.00,0.0000,0.0000,9981000.0,0.0,1.000,16777216.0,0.000,0,0,16777216,1,2,1,0,1,1
3,chain4,f32,4194304,glibc_t1,P5,5,3,1,13991149.00,0.0000,0.0000,13996000.0,0.0,4.000,67108864.0,0.000,0,0,67108864,4,0,0,0,1,1
3,chain4,f32,4194304,glibc_t1,P7,6,0,1,9114578.00,0.0000,0.0000,9119000.0,0.0,1.000,16777216.0,0.000,0,0,16777216,1,2,1,0,1,1
3,chain4,f32,4194304,glibc_t1,FIXED_TWIN,6,1,1,9362184.00,0.0000,0.0000,9367000.0,0.0,1.000,16777216.0,0.000,0,0,16777216,1,2,1,0,1,1
3,chain4,f32,4194304,glibc_t1,P5,6,2,1,15131335.00,0.0000,0.0000,15125000.0,0.0,4.000,67108864.0,0.000,0,0,67108864,4,0,0,0,1,1
3,chain4,f32,4194304,glibc_t1,P6,6,3,1,10767422.00,0.0000,0.0000,10773000.0,0.0,1.000,16777216.0,0.000,0,0,16777216,1,3,0,0,1,1
3,chain4,f32,4194304,glibc_t1,FIXED_TWIN,7,0,1,9406088.00,0.0000,0.0000,9412000.0,0.0,1.000,16777216.0,0.000,0,0,16777216,1,2,1,0,1,1
3,chain4,f32,4194304,glibc_t1,P5,7,1,1,13439175.00,0.0000,0.0000,13445000.0,0.0,4.000,67108864.0,0.000,0,0,67108864,4,0,0,0,1,1
3,chain4,f32,4194304,glibc_t1,P6,7,2,1,10320439.00,0.0000,0.0000,10326000.0,0.0,1.000,16777216.0,0.000,0,0,16777216,1,3,0,0,1,1
3,chain4,f32,4194304,glibc_t1,P7,7,3,1,8991084.00,0.0000,0.0000,8996000.0,0.0,1.000,16777216.0,0.000,0,0,16777216,1,2,1,0,1,1
3,chain4,f32,4194304,glibc_t1,P5,8,0,1,14029046.00,0.0000,0.0000,14034000.0,0.0,4.000,67108864.0,0.000,0,0,67108864,4,0,0,0,1,1
3,chain4,f32,4194304,glibc_t1,P6,8,1,1,10874420.00,0.0000,0.0000,10880000.0,0.0,1.000,16777216.0,0.000,0,0,16777216,1,3,0,0,1,1
3,chain4,f32,4194304,glibc_t1,P7,8,2,1,9647356.00,0.0000,0.0000,9654000.0,0.0,1.000,16777216.0,0.000,0,0,16777216,1,2,1,0,1,1
3,chain4,f32,4194304,glibc_t1,FIXED_TWIN,8,3,1,9378292.00,0.0000,0.0000,9394000.0,0.0,1.000,16777216.0,0.000,0,0,16777216,1,2,1,0,1,1
3,chain4,f32,4194304,glibc_t1,P6,9,0,1,10609324.00,0.0000,0.0000,10614000.0,0.0,1.000,16777216.0,0.000,0,0,16777216,1,3,0,0,1,1
3,chain4,f32,4194304,glibc_t1,P7,9,1,1,9546479.00,0.0000,0.0000,9551000.0,0.0,1.000,16777216.0,0.000,0,0,16777216,1,2,1,0,1,1
3,chain4,f32,4194304,glibc_t1,FIXED_TWIN,9,2,1,9055512.00,0.0000,0.0000,9060000.0,0.0,1.000,16777216.0,0.000,0,0,16777216,1,2,1,0,1,1
3,chain4,f32,4194304,glibc_t1,P5,9,3,1,15403543.00,0.0000,0.0000,15409000.0,0.0,4.000,67108864.0,0.000,0,0,67108864,4,0,0,0,1,1
3,chain4,f32,4194304,glibc_t1,P7,10,0,1,10524968.00,0.0000,0.0000,10531000.0,0.0,1.000,16777216.0,0.000,0,0,16777216,1,2,1,0,1,1
3,chain4,f32,4194304,glibc_t1,FIXED_TWIN,10,1,1,9859353.00,0.0000,0.0000,9865000.0,0.0,1.000,16777216.0,0.000,0,0,16777216,1,2,1,0,1,1
3,chain4,f32,4194304,glibc_t1,P5,10,2,1,14984850.00,0.0000,0.0000,14991000.0,0.0,4.000,67108864.0,0.000,0,0,67108864,4,0,0,0,1,1
3,chain4,f32,4194304,glibc_t1,P6,10,3,1,10864427.00,0.0000,0.0000,10870000.0,0.0,1.000,16777216.0,0.000,0,0,16777216,1,3,0,0,1,1
3,chain4,f32,4194304,glibc_t1,FIXED_TWIN,11,0,1,9780798.00,0.0000,0.0000,9773000.0,0.0,1.000,16777216.0,0.000,0,0,16777216,1,2,1,0,1,1
3,chain4,f32,4194304,glibc_t1,P5,11,1,1,14677477.00,0.0000,0.0000,14684000.0,0.0,4.000,67108864.0,0.000,0,0,67108864,4,0,0,0,1,1
3,chain4,f32,4194304,glibc_t1,P6,11,2,1,11385934.00,0.0000,0.0000,11392000.0,0.0,1.000,16777216.0,0.000,0,0,16777216,1,3,0,0,1,1
3,chain4,f32,4194304,glibc_t1,P7,11,3,1,10490710.00,0.0000,0.0000,10469000.0,0.0,1.000,16777216.0,0.000,0,0,16777216,1,2,1,0,1,1
3,chain4,f32,4194304,glibc_t1,P5,12,0,1,17479828.00,0.0000,0.0000,17221000.0,0.0,4.000,67108864.0,0.000,0,0,67108864,4,0,0,0,1,1
3,chain4,f32,4194304,glibc_t1,P6,12,1,1,16947968.00,0.0000,0.0000,16954000.0,0.0,1.000,16777216.0,0.000,0,0,16777216,1,3,0,0,1,1
3,chain4,f32,4194304,glibc_t1,P7,12,2,1,15345989.00,0.0000,0.0000,15351000.0,0.0,1.000,16777216.0,0.000,0,0,16777216,1,2,1,0,1,1
3,chain4,f32,4194304,glibc_t1,FIXED_TWIN,12,3,1,9885947.00,0.0000,0.0000,9892000.0,0.0,1.000,16777216.0,0.000,0,0,16777216,1,2,1,0,1,1
3,chain4,f32,4194304,glibc_t1,P6,13,0,1,10936194.00,0.0000,0.0000,10942000.0,0.0,1.000,16777216.0,0.000,0,0,16777216,1,3,0,0,1,1
3,chain4,f32,4194304,glibc_t1,P7,13,1,1,9475277.00,0.0000,0.0000,9480000.0,0.0,1.000,16777216.0,0.000,0,0,16777216,1,2,1,0,1,1
3,chain4,f32,4194304,glibc_t1,FIXED_TWIN,13,2,1,9312125.00,0.0000,0.0000,9316000.0,0.0,1.000,16777216.0,0.000,0,0,16777216,1,2,1,0,1,1
3,chain4,f32,4194304,glibc_t1,P5,13,3,1,14743371.00,0.0000,0.0000,14749000.0,0.0,4.000,67108864.0,0.000,0,0,67108864,4,0,0,0,1,1
3,chain4,f32,4194304,glibc_t1,P7,14,0,1,9505337.00,0.0000,0.0000,9510000.0,0.0,1.000,16777216.0,0.000,0,0,16777216,1,2,1,0,1,1
3,chain4,f32,4194304,glibc_t1,FIXED_TWIN,14,1,1,9112182.00,0.0000,0.0000,9116000.0,0.0,1.000,16777216.0,0.000,0,0,16777216,1,2,1,0,1,1
3,chain4,f32,4194304,glibc_t1,P5,14,2,1,14186467.00,0.0000,0.0000,14191000.0,0.0,4.000,67108864.0,0.000,0,0,67108864,4,0,0,0,1,1
3,chain4,f32,4194304,glibc_t1,P6,14,3,1,10494004.00,0.0000,0.0000,10498000.0,0.0,1.000,16777216.0,0.000,0,0,16777216,1,3,0,0,1,1
3,chain4,f32,16777216,glibc_t1,P5,0,0,1,160792457.00,65540.0000,0.0000,52341000.0,108378000.0,4.000,268435456.0,0.000,0,0,268435456,4,0,0,0,1,1
3,chain4,f32,16777216,glibc_t1,P6,0,1,1,74288358.00,16385.0000,0.0000,55207000.0,19049000.0,1.000,67108864.0,0.000,0,0,67108864,1,3,0,0,1,1
3,chain4,f32,16777216,glibc_t1,P7,0,2,1,68799154.00,16385.0000,0.0000,40371000.0,28434000.0,1.000,67108864.0,0.000,0,0,67108864,1,2,1,0,1,1
3,chain4,f32,16777216,glibc_t1,FIXED_TWIN,0,3,1,69576357.00,16385.0000,0.0000,44726000.0,24856000.0,1.000,67108864.0,0.000,0,0,67108864,1,2,1,0,1,1
3,chain4,f32,16777216,glibc_t1,P6,1,0,1,78647652.00,16385.0000,0.0000,47360000.0,31255000.0,1.000,67108864.0,0.000,0,0,67108864,1,3,0,0,1,1
3,chain4,f32,16777216,glibc_t1,P7,1,1,1,70894939.00,16385.0000,0.0000,55515000.0,15375000.0,1.000,67108864.0,0.000,0,0,67108864,1,2,1,0,1,1
3,chain4,f32,16777216,glibc_t1,FIXED_TWIN,1,2,1,69926347.00,16385.0000,0.0000,43072000.0,26861000.0,1.000,67108864.0,0.000,0,0,67108864,1,2,1,0,1,1
3,chain4,f32,16777216,glibc_t1,P5,1,3,1,163974233.00,65540.0000,0.0000,43968000.0,119961000.0,4.000,268435456.0,0.000,0,0,268435456,4,0,0,0,1,1
3,chain4,f32,16777216,glibc_t1,P7,2,0,1,68017373.00,16385.0000,0.0000,40017000.0,28005000.0,1.000,67108864.0,0.000,0,0,67108864,1,2,1,0,1,1
3,chain4,f32,16777216,glibc_t1,FIXED_TWIN,2,1,1,70851630.00,16385.0000,0.0000,43491000.0,27367000.0,1.000,67108864.0,0.000,0,0,67108864,1,2,1,0,1,1
3,chain4,f32,16777216,glibc_t1,P5,2,2,1,164623916.00,65540.0000,0.0000,48265000.0,116364000.0,4.000,268435456.0,0.000,0,0,268435456,4,0,0,0,1,1
3,chain4,f32,16777216,glibc_t1,P6,2,3,1,77505107.00,16385.0000,0.0000,52666000.0,24813000.0,1.000,67108864.0,0.000,0,0,67108864,1,3,0,0,1,1
3,chain4,f32,16777216,glibc_t1,FIXED_TWIN,3,0,1,68939138.00,16385.0000,0.0000,36433000.0,32513000.0,1.000,67108864.0,0.000,0,0,67108864,1,2,1,0,1,1
3,chain4,f32,16777216,glibc_t1,P5,3,1,1,166233427.00,65540.0000,0.0000,43171000.0,123053000.0,4.000,268435456.0,0.000,0,0,268435456,4,0,0,0,1,1
3,chain4,f32,16777216,glibc_t1,P6,3,2,1,76030161.00,16385.0000,0.0000,60036000.0,16002000.0,1.000,67108864.0,0.000,0,0,67108864,1,3,0,0,1,1
3,chain4,f32,16777216,glibc_t1,P7,3,3,1,69738624.00,16385.0000,0.0000,44802000.0,24944000.0,1.000,67108864.0,0.000,0,0,67108864,1,2,1,0,1,1
3,chain4,f32,16777216,glibc_t1,P5,4,0,1,164144791.00,65540.0000,0.0000,40032000.0,124047000.0,4.000,268435456.0,0.000,0,0,268435456,4,0,0,0,1,1
3,chain4,f32,16777216,glibc_t1,P6,4,1,1,77087802.00,16385.0000,0.0000,50696000.0,26360000.0,1.000,67108864.0,0.000,0,0,67108864,1,3,0,0,1,1
3,chain4,f32,16777216,glibc_t1,P7,4,2,1,67394431.00,16385.0000,0.0000,31653000.0,35580000.0,1.000,67108864.0,0.000,0,0,67108864,1,2,1,0,1,1
3,chain4,f32,16777216,glibc_t1,FIXED_TWIN,4,3,1,67933422.00,16385.0000,0.0000,35976000.0,31963000.0,1.000,67108864.0,0.000,0,0,67108864,1,2,1,0,1,1
3,chain4,f32,16777216,glibc_t1,P6,5,0,1,74817432.00,16385.0000,0.0000,47476000.0,27347000.0,1.000,67108864.0,0.000,0,0,67108864,1,3,0,0,1,1
3,chain4,f32,16777216,glibc_t1,P7,5,1,1,65348137.00,16385.0000,0.0000,38795000.0,26549000.0,1.000,67108864.0,0.000,0,0,67108864,1,2,1,0,1,1
3,chain4,f32,16777216,glibc_t1,FIXED_TWIN,5,2,1,68470732.00,16385.0000,0.0000,48231000.0,20249000.0,1.000,67108864.0,0.000,0,0,67108864,1,2,1,0,1,1
3,chain4,f32,16777216,glibc_t1,P5,5,3,1,163061119.00,65540.0000,0.0000,59541000.0,103472000.0,4.000,268435456.0,0.000,0,0,268435456,4,0,0,0,1,1
3,chain4,f32,16777216,glibc_t1,P7,6,0,1,67127530.00,16385.0000,0.0000,51616000.0,15505000.0,1.000,67108864.0,0.000,0,0,67108864,1,2,1,0,1,1
3,chain4,f32,16777216,glibc_t1,FIXED_TWIN,6,1,1,69379751.00,16385.0000,0.0000,44639000.0,24746000.0,1.000,67108864.0,0.000,0,0,67108864,1,2,1,0,1,1
3,chain4,f32,16777216,glibc_t1,P5,6,2,1,157423548.00,65540.0000,0.0000,48633000.0,108797000.0,4.000,268435456.0,0.000,0,0,268435456,4,0,0,0,1,1
3,chain4,f32,16777216,glibc_t1,P6,6,3,1,76252081.00,16385.0000,0.0000,48128000.0,28131000.0,1.000,67108864.0,0.000,0,0,67108864,1,3,0,0,1,1
3,chain4,f32,16777216,glibc_t1,FIXED_TWIN,7,0,1,68708569.00,16385.0000,0.0000,48338000.0,20377000.0,1.000,67108864.0,0.000,0,0,67108864,1,2,1,0,1,1
3,chain4,f32,16777216,glibc_t1,P5,7,1,1,159302375.00,65540.0000,0.0000,59676000.0,99633000.0,4.000,268435456.0,0.000,0,0,268435456,4,0,0,0,1,1
3,chain4,f32,16777216,glibc_t1,P6,7,2,1,72251826.00,16385.0000,0.0000,44127000.0,28133000.0,1.000,67108864.0,0.000,0,0,67108864,1,3,0,0,1,1
3,chain4,f32,16777216,glibc_t1,P7,7,3,1,69007349.00,16385.0000,0.0000,56480000.0,12534000.0,1.000,67108864.0,0.000,0,0,67108864,1,2,1,0,1,1
3,chain4,f32,16777216,glibc_t1,P5,8,0,1,156544790.00,65540.0000,0.0000,42409000.0,114141000.0,4.000,268435456.0,0.000,0,0,268435456,4,0,0,0,1,1
3,chain4,f32,16777216,glibc_t1,P6,8,1,1,71542169.00,16385.0000,0.0000,51809000.0,19682000.0,1.000,67108864.0,0.000,0,0,67108864,1,3,0,0,1,1
3,chain4,f32,16777216,glibc_t1,P7,8,2,1,65685342.00,16385.0000,0.0000,30914000.0,34741000.0,1.000,67108864.0,0.000,0,0,67108864,1,2,1,0,1,1
3,chain4,f32,16777216,glibc_t1,FIXED_TWIN,8,3,1,66433768.00,16385.0000,0.0000,39296000.0,27145000.0,1.000,67108864.0,0.000,0,0,67108864,1,2,1,0,1,1
3,chain4,f32,16777216,glibc_t1,P6,9,0,1,73169943.00,16385.0000,0.0000,48489000.0,24630000.0,1.000,67108864.0,0.000,0,0,67108864,1,3,0,0,1,1
3,chain4,f32,16777216,glibc_t1,P7,9,1,1,66422982.00,16385.0000,0.0000,43254000.0,23089000.0,1.000,67108864.0,0.000,0,0,67108864,1,2,1,0,1,1
3,chain4,f32,16777216,glibc_t1,FIXED_TWIN,9,2,1,64402473.00,16385.0000,0.0000,40194000.0,24214000.0,1.000,67108864.0,0.000,0,0,67108864,1,2,1,0,1,1
3,chain4,f32,16777216,glibc_t1,P5,9,3,1,156833611.00,65540.0000,0.0000,32354000.0,124474000.0,4.000,268435456.0,0.000,0,0,268435456,4,0,0,0,1,1
3,chain4,f32,16777216,glibc_t1,P7,10,0,1,66128587.00,16385.0000,0.0000,48987000.0,17147000.0,1.000,67108864.0,0.000,0,0,67108864,1,2,1,0,1,1
3,chain4,f32,16777216,glibc_t1,FIXED_TWIN,10,1,1,65013204.00,16385.0000,0.0000,44469000.0,20534000.0,1.000,67108864.0,0.000,0,0,67108864,1,2,1,0,1,1
3,chain4,f32,16777216,glibc_t1,P5,10,2,1,155662677.00,65540.0000,0.0000,27796000.0,127838000.0,4.000,268435456.0,0.000,0,0,268435456,4,0,0,0,1,1
3,chain4,f32,16777216,glibc_t1,P6,10,3,1,72504397.00,16385.0000,0.0000,48205000.0,24267000.0,1.000,67108864.0,0.000,0,0,67108864,1,3,0,0,1,1
3,chain4,f32,16777216,glibc_t1,FIXED_TWIN,11,0,1,68550259.00,16385.0000,0.0000,58409000.0,10108000.0,1.000,67108864.0,0.000,0,0,67108864,1,2,1,0,1,1
3,chain4,f32,16777216,glibc_t1,P5,11,1,1,157051085.00,65540.0000,0.0000,48407000.0,108561000.0,4.000,268435456.0,0.000,0,0,268435456,4,0,0,0,1,1
3,chain4,f32,16777216,glibc_t1,P6,11,2,1,73923905.00,16385.0000,0.0000,56899000.0,17033000.0,1.000,67108864.0,0.000,0,0,67108864,1,3,0,0,1,1
3,chain4,f32,16777216,glibc_t1,P7,11,3,1,64884185.00,16385.0000,0.0000,52393000.0,12467000.0,1.000,67108864.0,0.000,0,0,67108864,1,2,1,0,1,1
3,chain4,f32,16777216,glibc_t1,P5,12,0,1,155152176.00,65540.0000,0.0000,71605000.0,83542000.0,4.000,268435456.0,0.000,0,0,268435456,4,0,0,0,1,1
3,chain4,f32,16777216,glibc_t1,P6,12,1,1,73137593.00,16385.0000,0.0000,52536000.0,20608000.0,1.000,67108864.0,0.000,0,0,67108864,1,3,0,0,1,1
3,chain4,f32,16777216,glibc_t1,P7,12,2,1,67486002.00,16385.0000,0.0000,47780000.0,19712000.0,1.000,67108864.0,0.000,0,0,67108864,1,2,1,0,1,1
3,chain4,f32,16777216,glibc_t1,FIXED_TWIN,12,3,1,65365226.00,16385.0000,0.0000,44638000.0,20734000.0,1.000,67108864.0,0.000,0,0,67108864,1,2,1,0,1,1
3,chain4,f32,16777216,glibc_t1,P6,13,0,1,75724568.00,16385.0000,0.0000,47857000.0,27844000.0,1.000,67108864.0,0.000,0,0,67108864,1,3,0,0,1,1
3,chain4,f32,16777216,glibc_t1,P7,13,1,1,65767214.00,16385.0000,0.0000,40819000.0,24955000.0,1.000,67108864.0,0.000,0,0,67108864,1,2,1,0,1,1
3,chain4,f32,16777216,glibc_t1,FIXED_TWIN,13,2,1,69908841.00,16385.0000,0.0000,55029000.0,14853000.0,1.000,67108864.0,0.000,0,0,67108864,1,2,1,0,1,1
3,chain4,f32,16777216,glibc_t1,P5,13,3,1,184121492.00,65540.0000,0.0000,52031000.0,132086000.0,4.000,268435456.0,0.000,0,0,268435456,4,0,0,0,1,1
3,chain4,f32,16777216,glibc_t1,P7,14,0,1,74101561.00,16385.0000,0.0000,52978000.0,21130000.0,1.000,67108864.0,0.000,0,0,67108864,1,2,1,0,1,1
3,chain4,f32,16777216,glibc_t1,FIXED_TWIN,14,1,1,80557179.00,16385.0000,0.0000,60276000.0,20290000.0,1.000,67108864.0,0.000,0,0,67108864,1,2,1,0,1,1
3,chain4,f32,16777216,glibc_t1,P5,14,2,1,185081310.00,65540.0000,0.0000,64483000.0,120548000.0,4.000,268435456.0,0.000,0,0,268435456,4,0,0,0,1,1
3,chain4,f32,16777216,glibc_t1,P6,14,3,1,83400207.00,16385.0000,0.0000,59744000.0,23664000.0,1.000,67108864.0,0.000,0,0,67108864,1,3,0,0,1,1
3,final_left_i32,i32,64,glibc_t1,P5,0,0,1000,1513.24,0.0000,0.0000,1517.0,0.0,2.000,512.0,0.000,0,0,256256,2,0,0,0,1,1
3,final_left_i32,i32,64,glibc_t1,P6,0,1,1000,1468.71,0.0000,0.0000,1470.0,0.0,1.000,256.0,0.000,0,0,256000,1,1,0,0,1,1
3,final_left_i32,i32,64,glibc_t1,P7,0,2,1000,1530.83,0.0000,0.0000,1532.0,0.0,1.000,256.0,0.000,0,0,256000,1,0,1,0,1,1
3,final_left_i32,i32,64,glibc_t1,FIXED_TWIN,0,3,1000,1370.52,0.0000,0.0000,1373.0,0.0,1.000,256.0,0.000,0,0,256000,1,0,1,0,1,1
3,final_left_i32,i32,64,glibc_t1,P6,1,0,1000,1482.45,0.0000,0.0000,1484.0,0.0,1.000,256.0,0.000,0,0,256000,1,1,0,0,1,1
3,final_left_i32,i32,64,glibc_t1,P7,1,1,1000,1380.04,0.0000,0.0000,1381.0,0.0,1.000,256.0,0.000,0,0,256000,1,0,1,0,1,1
3,final_left_i32,i32,64,glibc_t1,FIXED_TWIN,1,2,1000,1369.02,0.0000,0.0000,1370.0,0.0,1.000,256.0,0.000,0,0,256000,1,0,1,0,1,1
3,final_left_i32,i32,64,glibc_t1,P5,1,3,1000,1412.85,0.0000,0.0000,1415.0,0.0,2.000,512.0,0.000,0,0,256256,2,0,0,0,1,1
3,final_left_i32,i32,64,glibc_t1,P7,2,0,1000,1373.98,0.0000,0.0000,1375.0,0.0,1.000,256.0,0.000,0,0,256000,1,0,1,0,1,1
3,final_left_i32,i32,64,glibc_t1,FIXED_TWIN,2,1,1000,1377.77,0.0000,0.0000,1379.0,0.0,1.000,256.0,0.000,0,0,256000,1,0,1,0,1,1
3,final_left_i32,i32,64,glibc_t1,P5,2,2,1000,1442.96,0.0000,0.0000,1444.0,0.0,2.000,512.0,0.000,0,0,256256,2,0,0,0,1,1
3,final_left_i32,i32,64,glibc_t1,P6,2,3,1000,1425.72,0.0000,0.0000,1427.0,0.0,1.000,256.0,0.000,0,0,256000,1,1,0,0,1,1
3,final_left_i32,i32,64,glibc_t1,FIXED_TWIN,3,0,1000,1468.65,0.0000,0.0000,1470.0,0.0,1.000,256.0,0.000,0,0,256000,1,0,1,0,1,1
3,final_left_i32,i32,64,glibc_t1,P5,3,1,1000,1479.30,0.0000,0.0000,1481.0,0.0,2.000,512.0,0.000,0,0,256256,2,0,0,0,1,1
3,final_left_i32,i32,64,glibc_t1,P6,3,2,1000,1451.71,0.0000,0.0000,1454.0,0.0,1.000,256.0,0.000,0,0,256000,1,1,0,0,1,1
3,final_left_i32,i32,64,glibc_t1,P7,3,3,1000,1362.84,0.0000,0.0000,1364.0,0.0,1.000,256.0,0.000,0,0,256000,1,0,1,0,1,1
3,final_left_i32,i32,64,glibc_t1,P5,4,0,1000,1458.82,0.0000,0.0000,1459.0,0.0,2.000,512.0,0.000,0,0,256256,2,0,0,0,1,1
3,final_left_i32,i32,64,glibc_t1,P6,4,1,1000,1402.96,0.0000,0.0000,1404.0,0.0,1.000,256.0,0.000,0,0,256000,1,1,0,0,1,1
3,final_left_i32,i32,64,glibc_t1,P7,4,2,1000,1392.94,0.0000,0.0000,1394.0,0.0,1.000,256.0,0.000,0,0,256000,1,0,1,0,1,1
3,final_left_i32,i32,64,glibc_t1,FIXED_TWIN,4,3,1000,1436.99,0.0000,0.0000,1438.0,0.0,1.000,256.0,0.000,0,0,256000,1,0,1,0,1,1
3,final_left_i32,i32,64,glibc_t1,P6,5,0,1000,1398.00,0.0000,0.0000,1402.0,0.0,1.000,256.0,0.000,0,0,256000,1,1,0,0,1,1
3,final_left_i32,i32,64,glibc_t1,P7,5,1,1000,1685.58,0.0000,0.0000,1692.0,0.0,1.000,256.0,0.000,0,0,256000,1,0,1,0,1,1
3,final_left_i32,i32,64,glibc_t1,FIXED_TWIN,5,2,1000,1450.34,0.0000,0.0000,1453.0,0.0,1.000,256.0,0.000,0,0,256000,1,0,1,0,1,1
3,final_left_i32,i32,64,glibc_t1,P5,5,3,1000,1463.06,0.0000,0.0000,1465.0,0.0,2.000,512.0,0.000,0,0,256256,2,0,0,0,1,1
3,final_left_i32,i32,64,glibc_t1,P7,6,0,1000,1432.15,0.0000,0.0000,1433.0,0.0,1.000,256.0,0.000,0,0,256000,1,0,1,0,1,1
3,final_left_i32,i32,64,glibc_t1,FIXED_TWIN,6,1,1000,1423.72,0.0000,0.0000,1426.0,0.0,1.000,256.0,0.000,0,0,256000,1,0,1,0,1,1
3,final_left_i32,i32,64,glibc_t1,P5,6,2,1000,1700.95,0.0000,0.0000,1707.0,0.0,2.000,512.0,0.000,0,0,256256,2,0,0,0,1,1
3,final_left_i32,i32,64,glibc_t1,P6,6,3,1000,1412.94,0.0000,0.0000,1416.0,0.0,1.000,256.0,0.000,0,0,256000,1,1,0,0,1,1
3,final_left_i32,i32,64,glibc_t1,FIXED_TWIN,7,0,1000,1734.49,0.0000,0.0000,1737.0,0.0,1.000,256.0,0.000,0,0,256000,1,0,1,0,1,1
3,final_left_i32,i32,64,glibc_t1,P5,7,1,1000,1468.12,0.0000,0.0000,1470.0,0.0,2.000,512.0,0.000,0,0,256256,2,0,0,0,1,1
3,final_left_i32,i32,64,glibc_t1,P6,7,2,1000,1526.14,0.0000,0.0000,1527.0,0.0,1.000,256.0,0.000,0,0,256000,1,1,0,0,1,1
3,final_left_i32,i32,64,glibc_t1,P7,7,3,1000,1435.65,0.0000,0.0000,1438.0,0.0,1.000,256.0,0.000,0,0,256000,1,0,1,0,1,1
3,final_left_i32,i32,64,glibc_t1,P5,8,0,1000,1594.80,0.0000,0.0000,1596.0,0.0,2.000,512.0,0.000,0,0,256256,2,0,0,0,1,1
3,final_left_i32,i32,64,glibc_t1,P6,8,1,1000,1634.99,0.0000,0.0000,1638.0,0.0,1.000,256.0,0.000,0,0,256000,1,1,0,0,1,1
3,final_left_i32,i32,64,glibc_t1,P7,8,2,1000,1506.57,0.0000,0.0000,1509.0,0.0,1.000,256.0,0.000,0,0,256000,1,0,1,0,1,1
3,final_left_i32,i32,64,glibc_t1,FIXED_TWIN,8,3,1000,1860.68,0.0000,0.0000,1865.0,0.0,1.000,256.0,0.000,0,0,256000,1,0,1,0,1,1
3,final_left_i32,i32,64,glibc_t1,P6,9,0,1000,1702.62,0.0000,0.0000,1707.0,0.0,1.000,256.0,0.000,0,0,256000,1,1,0,0,1,1
3,final_left_i32,i32,64,glibc_t1,P7,9,1,1000,1386.46,0.0000,0.0000,1387.0,0.0,1.000,256.0,0.000,0,0,256000,1,0,1,0,1,1
3,final_left_i32,i32,64,glibc_t1,FIXED_TWIN,9,2,1000,1429.39,0.0000,0.0000,1431.0,0.0,1.000,256.0,0.000,0,0,256000,1,0,1,0,1,1
3,final_left_i32,i32,64,glibc_t1,P5,9,3,1000,1472.45,0.0000,0.0000,1473.0,0.0,2.000,512.0,0.000,0,0,256256,2,0,0,0,1,1
3,final_left_i32,i32,64,glibc_t1,P7,10,0,1000,1384.49,0.0000,0.0000,1385.0,0.0,1.000,256.0,0.000,0,0,256000,1,0,1,0,1,1
3,final_left_i32,i32,64,glibc_t1,FIXED_TWIN,10,1,1000,1396.91,0.0000,0.0000,1398.0,0.0,1.000,256.0,0.000,0,0,256000,1,0,1,0,1,1
3,final_left_i32,i32,64,glibc_t1,P5,10,2,1000,1710.24,0.0000,0.0000,1713.0,0.0,2.000,512.0,0.000,0,0,256256,2,0,0,0,1,1
3,final_left_i32,i32,64,glibc_t1,P6,10,3,1000,1571.98,0.0000,0.0000,1575.0,0.0,1.000,256.0,0.000,0,0,256000,1,1,0,0,1,1
3,final_left_i32,i32,64,glibc_t1,FIXED_TWIN,11,0,1000,1421.32,0.0000,0.0000,1422.0,0.0,1.000,256.0,0.000,0,0,256000,1,0,1,0,1,1
3,final_left_i32,i32,64,glibc_t1,P5,11,1,1000,1483.73,0.0000,0.0000,1485.0,0.0,2.000,512.0,0.000,0,0,256256,2,0,0,0,1,1
3,final_left_i32,i32,64,glibc_t1,P6,11,2,1000,1434.47,0.0000,0.0000,1436.0,0.0,1.000,256.0,0.000,0,0,256000,1,1,0,0,1,1
3,final_left_i32,i32,64,glibc_t1,P7,11,3,1000,1786.41,0.0000,0.0000,1791.0,0.0,1.000,256.0,0.000,0,0,256000,1,0,1,0,1,1
3,final_left_i32,i32,64,glibc_t1,P5,12,0,1000,1436.40,0.0000,0.0000,1438.0,0.0,2.000,512.0,0.000,0,0,256256,2,0,0,0,1,1
3,final_left_i32,i32,64,glibc_t1,P6,12,1,1000,1620.80,0.0000,0.0000,1623.0,0.0,1.000,256.0,0.000,0,0,256000,1,1,0,0,1,1
3,final_left_i32,i32,64,glibc_t1,P7,12,2,1000,1408.81,0.0000,0.0000,1412.0,0.0,1.000,256.0,0.000,0,0,256000,1,0,1,0,1,1
3,final_left_i32,i32,64,glibc_t1,FIXED_TWIN,12,3,1000,1716.01,0.0000,0.0000,1721.0,0.0,1.000,256.0,0.000,0,0,256000,1,0,1,0,1,1
3,final_left_i32,i32,64,glibc_t1,P6,13,0,1000,2037.51,0.0000,0.0000,2039.0,0.0,1.000,256.0,0.000,0,0,256000,1,1,0,0,1,1
3,final_left_i32,i32,64,glibc_t1,P7,13,1,1000,2038.81,0.0000,0.0000,2040.0,0.0,1.000,256.0,0.000,0,0,256000,1,0,1,0,1,1
3,final_left_i32,i32,64,glibc_t1,FIXED_TWIN,13,2,1000,1908.75,0.0000,0.0000,1910.0,0.0,1.000,256.0,0.000,0,0,256000,1,0,1,0,1,1
3,final_left_i32,i32,64,glibc_t1,P5,13,3,1000,2027.00,0.0000,0.0000,2028.0,0.0,2.000,512.0,0.000,0,0,256256,2,0,0,0,1,1
3,final_left_i32,i32,64,glibc_t1,P7,14,0,1000,1990.45,0.0000,0.0000,1991.0,0.0,1.000,256.0,0.000,0,0,256000,1,0,1,0,1,1
3,final_left_i32,i32,64,glibc_t1,FIXED_TWIN,14,1,1000,2023.25,0.0000,0.0000,2024.0,0.0,1.000,256.0,0.000,0,0,256000,1,0,1,0,1,1
3,final_left_i32,i32,64,glibc_t1,P5,14,2,1000,2040.06,0.0000,0.0000,2042.0,0.0,2.000,512.0,0.000,0,0,256256,2,0,0,0,1,1
3,final_left_i32,i32,64,glibc_t1,P6,14,3,1000,1577.54,0.0000,0.0000,1581.0,0.0,1.000,256.0,0.000,0,0,256000,1,1,0,0,1,1
3,final_left_i32,i32,1024,glibc_t1,P5,0,0,1000,3014.64,0.0000,0.0000,3022.0,0.0,2.000,8192.0,0.000,0,0,4100096,2,0,0,0,1,1
3,final_left_i32,i32,1024,glibc_t1,P6,0,1,1000,2644.22,0.0000,0.0000,2649.0,0.0,1.000,4096.0,0.000,0,0,4096000,1,1,0,0,1,1
3,final_left_i32,i32,1024,glibc_t1,P7,0,2,1000,2410.48,0.0000,0.0000,2416.0,0.0,1.000,4096.0,0.000,0,0,4096000,1,0,1,0,1,1
3,final_left_i32,i32,1024,glibc_t1,FIXED_TWIN,0,3,1000,2436.16,0.0000,0.0000,2441.0,0.0,1.000,4096.0,0.000,0,0,4096000,1,0,1,0,1,1
3,final_left_i32,i32,1024,glibc_t1,P6,1,0,1000,2660.31,0.0000,0.0000,2664.0,0.0,1.000,4096.0,0.000,0,0,4096000,1,1,0,0,1,1
3,final_left_i32,i32,1024,glibc_t1,P7,1,1,1000,2366.76,0.0000,0.0000,2369.0,0.0,1.000,4096.0,0.000,0,0,4096000,1,0,1,0,1,1
3,final_left_i32,i32,1024,glibc_t1,FIXED_TWIN,1,2,1000,1790.24,0.0000,0.0000,1799.0,0.0,1.000,4096.0,0.000,0,0,4096000,1,0,1,0,1,1
3,final_left_i32,i32,1024,glibc_t1,P5,1,3,1000,1872.31,0.0000,0.0000,1877.0,0.0,2.000,8192.0,0.000,0,0,4100096,2,0,0,0,1,1
3,final_left_i32,i32,1024,glibc_t1,P7,2,0,1000,1853.38,0.0000,0.0000,1859.0,0.0,1.000,4096.0,0.000,0,0,4096000,1,0,1,0,1,1
3,final_left_i32,i32,1024,glibc_t1,FIXED_TWIN,2,1,1000,1624.02,0.0000,0.0000,1627.0,0.0,1.000,4096.0,0.000,0,0,4096000,1,0,1,0,1,1
3,final_left_i32,i32,1024,glibc_t1,P5,2,2,1000,1856.45,0.0000,0.0000,1860.0,0.0,2.000,8192.0,0.000,0,0,4100096,2,0,0,0,1,1
3,final_left_i32,i32,1024,glibc_t1,P6,2,3,1000,1779.92,0.0000,0.0000,1783.0,0.0,1.000,4096.0,0.000,0,0,4096000,1,1,0,0,1,1
3,final_left_i32,i32,1024,glibc_t1,FIXED_TWIN,3,0,1000,2017.88,0.0000,0.0000,2025.0,0.0,1.000,4096.0,0.000,0,0,4096000,1,0,1,0,1,1
3,final_left_i32,i32,1024,glibc_t1,P5,3,1,1000,2225.42,0.0000,0.0000,2231.0,0.0,2.000,8192.0,0.000,0,0,4100096,2,0,0,0,1,1
3,final_left_i32,i32,1024,glibc_t1,P6,3,2,1000,2365.41,0.0000,0.0000,2369.0,0.0,1.000,4096.0,0.000,0,0,4096000,1,1,0,0,1,1
3,final_left_i32,i32,1024,glibc_t1,P7,3,3,1000,2292.90,0.0000,0.0000,2298.0,0.0,1.000,4096.0,0.000,0,0,4096000,1,0,1,0,1,1
3,final_left_i32,i32,1024,glibc_t1,P5,4,0,1000,2761.18,0.0000,0.0000,2768.0,0.0,2.000,8192.0,0.000,0,0,4100096,2,0,0,0,1,1
3,final_left_i32,i32,1024,glibc_t1,P6,4,1,1000,2581.91,0.0000,0.0000,2589.0,0.0,1.000,4096.0,0.000,0,0,4096000,1,1,0,0,1,1
3,final_left_i32,i32,1024,glibc_t1,P7,4,2,1000,1851.33,0.0000,0.0000,1856.0,0.0,1.000,4096.0,0.000,0,0,4096000,1,0,1,0,1,1
3,final_left_i32,i32,1024,glibc_t1,FIXED_TWIN,4,3,1000,2660.82,0.0000,0.0000,2667.0,0.0,1.000,4096.0,0.000,0,0,4096000,1,0,1,0,1,1
3,final_left_i32,i32,1024,glibc_t1,P6,5,0,1000,2150.35,0.0000,0.0000,2156.0,0.0,1.000,4096.0,0.000,0,0,4096000,1,1,0,0,1,1
3,final_left_i32,i32,1024,glibc_t1,P7,5,1,1000,1752.05,0.0000,0.0000,1757.0,0.0,1.000,4096.0,0.000,0,0,4096000,1,0,1,0,1,1
3,final_left_i32,i32,1024,glibc_t1,FIXED_TWIN,5,2,1000,1991.81,0.0000,0.0000,1995.0,0.0,1.000,4096.0,0.000,0,0,4096000,1,0,1,0,1,1
3,final_left_i32,i32,1024,glibc_t1,P5,5,3,1000,2551.05,0.0000,0.0000,2556.0,0.0,2.000,8192.0,0.000,0,0,4100096,2,0,0,0,1,1
3,final_left_i32,i32,1024,glibc_t1,P7,6,0,1000,1728.39,0.0000,0.0000,1733.0,0.0,1.000,4096.0,0.000,0,0,4096000,1,0,1,0,1,1
3,final_left_i32,i32,1024,glibc_t1,FIXED_TWIN,6,1,1000,1693.67,0.0000,0.0000,1699.0,0.0,1.000,4096.0,0.000,0,0,4096000,1,0,1,0,1,1
3,final_left_i32,i32,1024,glibc_t1,P5,6,2,1000,1852.87,0.0000,0.0000,1857.0,0.0,2.000,8192.0,0.000,0,0,4100096,2,0,0,0,1,1
3,final_left_i32,i32,1024,glibc_t1,P6,6,3,1000,1849.80,0.0000,0.0000,1854.0,0.0,1.000,4096.0,0.000,0,0,4096000,1,1,0,0,1,1
3,final_left_i32,i32,1024,glibc_t1,FIXED_TWIN,7,0,1000,1633.11,0.0000,0.0000,1636.0,0.0,1.000,4096.0,0.000,0,0,4096000,1,0,1,0,1,1
3,final_left_i32,i32,1024,glibc_t1,P5,7,1,1000,1942.53,0.0000,0.0000,1948.0,0.0,2.000,8192.0,0.000,0,0,4100096,2,0,0,0,1,1
3,final_left_i32,i32,1024,glibc_t1,P6,7,2,1000,1850.68,0.0000,0.0000,1854.0,0.0,1.000,4096.0,0.000,0,0,4096000,1,1,0,0,1,1
3,final_left_i32,i32,1024,glibc_t1,P7,7,3,1000,1750.88,0.0000,0.0000,1755.0,0.0,1.000,4096.0,0.000,0,0,4096000,1,0,1,0,1,1
3,final_left_i32,i32,1024,glibc_t1,P5,8,0,1000,1932.28,0.0000,0.0000,1937.0,0.0,2.000,8192.0,0.000,0,0,4100096,2,0,0,0,1,1
3,final_left_i32,i32,1024,glibc_t1,P6,8,1,1000,1822.12,0.0000,0.0000,1825.0,0.0,1.000,4096.0,0.000,0,0,4096000,1,1,0,0,1,1
3,final_left_i32,i32,1024,glibc_t1,P7,8,2,1000,1821.69,0.0000,0.0000,1823.0,0.0,1.000,4096.0,0.000,0,0,4096000,1,0,1,0,1,1
3,final_left_i32,i32,1024,glibc_t1,FIXED_TWIN,8,3,1000,1922.89,0.0000,0.0000,1926.0,0.0,1.000,4096.0,0.000,0,0,4096000,1,0,1,0,1,1
3,final_left_i32,i32,1024,glibc_t1,P6,9,0,1000,1776.02,0.0000,0.0000,1779.0,0.0,1.000,4096.0,0.000,0,0,4096000,1,1,0,0,1,1
3,final_left_i32,i32,1024,glibc_t1,P7,9,1,1000,1670.70,0.0000,0.0000,1674.0,0.0,1.000,4096.0,0.000,0,0,4096000,1,0,1,0,1,1
3,final_left_i32,i32,1024,glibc_t1,FIXED_TWIN,9,2,1000,1727.03,0.0000,0.0000,1732.0,0.0,1.000,4096.0,0.000,0,0,4096000,1,0,1,0,1,1
3,final_left_i32,i32,1024,glibc_t1,P5,9,3,1000,1774.63,0.0000,0.0000,1777.0,0.0,2.000,8192.0,0.000,0,0,4100096,2,0,0,0,1,1
3,final_left_i32,i32,1024,glibc_t1,P7,10,0,1000,1619.20,0.0000,0.0000,1624.0,0.0,1.000,4096.0,0.000,0,0,4096000,1,0,1,0,1,1
3,final_left_i32,i32,1024,glibc_t1,FIXED_TWIN,10,1,1000,1590.79,0.0000,0.0000,1596.0,0.0,1.000,4096.0,0.000,0,0,4096000,1,0,1,0,1,1
3,final_left_i32,i32,1024,glibc_t1,P5,10,2,1000,1784.90,0.0000,0.0000,1788.0,0.0,2.000,8192.0,0.000,0,0,4100096,2,0,0,0,1,1
3,final_left_i32,i32,1024,glibc_t1,P6,10,3,1000,1716.63,0.0000,0.0000,1719.0,0.0,1.000,4096.0,0.000,0,0,4096000,1,1,0,0,1,1
3,final_left_i32,i32,1024,glibc_t1,FIXED_TWIN,11,0,1000,1768.20,0.0000,0.0000,1773.0,0.0,1.000,4096.0,0.000,0,0,4096000,1,0,1,0,1,1
3,final_left_i32,i32,1024,glibc_t1,P5,11,1,1000,1736.16,0.0000,0.0000,1740.0,0.0,2.000,8192.0,0.000,0,0,4100096,2,0,0,0,1,1
3,final_left_i32,i32,1024,glibc_t1,P6,11,2,1000,1781.49,0.0000,0.0000,1785.0,0.0,1.000,4096.0,0.000,0,0,4096000,1,1,0,0,1,1
3,final_left_i32,i32,1024,glibc_t1,P7,11,3,1000,1640.78,0.0000,0.0000,1647.0,0.0,1.000,4096.0,0.000,0,0,4096000,1,0,1,0,1,1
3,final_left_i32,i32,1024,glibc_t1,P5,12,0,1000,1703.55,0.0000,0.0000,1706.0,0.0,2.000,8192.0,0.000,0,0,4100096,2,0,0,0,1,1
3,final_left_i32,i32,1024,glibc_t1,P6,12,1,1000,1986.82,0.0000,0.0000,1992.0,0.0,1.000,4096.0,0.000,0,0,4096000,1,1,0,0,1,1
3,final_left_i32,i32,1024,glibc_t1,P7,12,2,1000,1563.72,0.0000,0.0000,1566.0,0.0,1.000,4096.0,0.000,0,0,4096000,1,0,1,0,1,1
3,final_left_i32,i32,1024,glibc_t1,FIXED_TWIN,12,3,1000,1579.12,0.0000,0.0000,1582.0,0.0,1.000,4096.0,0.000,0,0,4096000,1,0,1,0,1,1
3,final_left_i32,i32,1024,glibc_t1,P6,13,0,1000,1723.61,0.0000,0.0000,1726.0,0.0,1.000,4096.0,0.000,0,0,4096000,1,1,0,0,1,1
3,final_left_i32,i32,1024,glibc_t1,P7,13,1,1000,1658.35,0.0000,0.0000,1661.0,0.0,1.000,4096.0,0.000,0,0,4096000,1,0,1,0,1,1
3,final_left_i32,i32,1024,glibc_t1,FIXED_TWIN,13,2,1000,1610.41,0.0000,0.0000,1614.0,0.0,1.000,4096.0,0.000,0,0,4096000,1,0,1,0,1,1
3,final_left_i32,i32,1024,glibc_t1,P5,13,3,1000,1771.45,0.0000,0.0000,1776.0,0.0,2.000,8192.0,0.000,0,0,4100096,2,0,0,0,1,1
3,final_left_i32,i32,1024,glibc_t1,P7,14,0,1000,1748.04,0.0000,0.0000,1753.0,0.0,1.000,4096.0,0.000,0,0,4096000,1,0,1,0,1,1
3,final_left_i32,i32,1024,glibc_t1,FIXED_TWIN,14,1,1000,1573.95,0.0000,0.0000,1577.0,0.0,1.000,4096.0,0.000,0,0,4096000,1,0,1,0,1,1
3,final_left_i32,i32,1024,glibc_t1,P5,14,2,1000,1727.86,0.0000,0.0000,1730.0,0.0,2.000,8192.0,0.000,0,0,4100096,2,0,0,0,1,1
3,final_left_i32,i32,1024,glibc_t1,P6,14,3,1000,1703.55,0.0000,0.0000,1706.0,0.0,1.000,4096.0,0.000,0,0,4096000,1,1,0,0,1,1
3,final_left_i32,i32,4096,glibc_t1,P5,0,0,1,1664.00,0.0000,0.0000,4000.0,0.0,2.000,32768.0,0.000,0,0,32768,2,0,0,0,1,1
3,final_left_i32,i32,4096,glibc_t1,P6,0,1,1,1396.00,0.0000,0.0000,2000.0,0.0,1.000,16384.0,0.000,0,0,16384,1,1,0,0,1,1
3,final_left_i32,i32,4096,glibc_t1,P7,0,2,1,1225.00,0.0000,0.0000,1000.0,0.0,1.000,16384.0,0.000,0,0,16384,1,0,1,0,1,1
3,final_left_i32,i32,4096,glibc_t1,FIXED_TWIN,0,3,1,1462.00,0.0000,0.0000,0.0,15000.0,1.000,16384.0,0.000,0,0,16384,1,0,1,0,1,1
3,final_left_i32,i32,4096,glibc_t1,P6,1,0,1,1448.00,0.0000,0.0000,0.0,2000.0,1.000,16384.0,0.000,0,0,16384,1,1,0,0,1,1
3,final_left_i32,i32,4096,glibc_t1,P7,1,1,1,1244.00,0.0000,0.0000,0.0,1000.0,1.000,16384.0,0.000,0,0,16384,1,0,1,0,1,1
3,final_left_i32,i32,4096,glibc_t1,FIXED_TWIN,1,2,1,1181.00,0.0000,0.0000,0.0,2000.0,1.000,16384.0,0.000,0,0,16384,1,0,1,0,1,1
3,final_left_i32,i32,4096,glibc_t1,P5,1,3,1,1710.00,0.0000,0.0000,0.0,3000.0,2.000,32768.0,0.000,0,0,32768,2,0,0,0,1,1
3,final_left_i32,i32,4096,glibc_t1,P7,2,0,1,1248.00,0.0000,0.0000,0.0,1000.0,1.000,16384.0,0.000,0,0,16384,1,0,1,0,1,1
3,final_left_i32,i32,4096,glibc_t1,FIXED_TWIN,2,1,1,1190.00,0.0000,0.0000,0.0,2000.0,1.000,16384.0,0.000,0,0,16384,1,0,1,0,1,1
3,final_left_i32,i32,4096,glibc_t1,P5,2,2,1,1634.00,0.0000,0.0000,0.0,2000.0,2.000,32768.0,0.000,0,0,32768,2,0,0,0,1,1
3,final_left_i32,i32,4096,glibc_t1,P6,2,3,1,1425.00,0.0000,0.0000,0.0,2000.0,1.000,16384.0,0.000,0,0,16384,1,1,0,0,1,1
3,final_left_i32,i32,4096,glibc_t1,FIXED_TWIN,3,0,1,1184.00,0.0000,0.0000,0.0,2000.0,1.000,16384.0,0.000,0,0,16384,1,0,1,0,1,1
3,final_left_i32,i32,4096,glibc_t1,P5,3,1,1,1553.00,0.0000,0.0000,0.0,2000.0,2.000,32768.0,0.000,0,0,32768,2,0,0,0,1,1
3,final_left_i32,i32,4096,glibc_t1,P6,3,2,1,1377.00,0.0000,0.0000,0.0,2000.0,1.000,16384.0,0.000,0,0,16384,1,1,0,0,1,1
3,final_left_i32,i32,4096,glibc_t1,P7,3,3,1,1231.00,0.0000,0.0000,0.0,2000.0,1.000,16384.0,0.000,0,0,16384,1,0,1,0,1,1
3,final_left_i32,i32,4096,glibc_t1,P5,4,0,1,1555.00,0.0000,0.0000,0.0,2000.0,2.000,32768.0,0.000,0,0,32768,2,0,0,0,1,1
3,final_left_i32,i32,4096,glibc_t1,P6,4,1,1,1390.00,0.0000,0.0000,0.0,2000.0,1.000,16384.0,0.000,0,0,16384,1,1,0,0,1,1
3,final_left_i32,i32,4096,glibc_t1,P7,4,2,1,1212.00,0.0000,0.0000,0.0,2000.0,1.000,16384.0,0.000,0,0,16384,1,0,1,0,1,1
3,final_left_i32,i32,4096,glibc_t1,FIXED_TWIN,4,3,1,1185.00,0.0000,0.0000,0.0,1000.0,1.000,16384.0,0.000,0,0,16384,1,0,1,0,1,1
3,final_left_i32,i32,4096,glibc_t1,P6,5,0,1,1352.00,0.0000,0.0000,0.0,2000.0,1.000,16384.0,0.000,0,0,16384,1,1,0,0,1,1
3,final_left_i32,i32,4096,glibc_t1,P7,5,1,1,1170.00,0.0000,0.0000,0.0,1000.0,1.000,16384.0,0.000,0,0,16384,1,0,1,0,1,1
3,final_left_i32,i32,4096,glibc_t1,FIXED_TWIN,5,2,1,1167.00,0.0000,0.0000,0.0,2000.0,1.000,16384.0,0.000,0,0,16384,1,0,1,0,1,1
3,final_left_i32,i32,4096,glibc_t1,P5,5,3,1,1596.00,0.0000,0.0000,0.0,2000.0,2.000,32768.0,0.000,0,0,32768,2,0,0,0,1,1
3,final_left_i32,i32,4096,glibc_t1,P7,6,0,1,1221.00,0.0000,0.0000,0.0,2000.0,1.000,16384.0,0.000,0,0,16384,1,0,1,0,1,1
3,final_left_i32,i32,4096,glibc_t1,FIXED_TWIN,6,1,1,1179.00,0.0000,0.0000,0.0,2000.0,1.000,16384.0,0.000,0,0,16384,1,0,1,0,1,1
3,final_left_i32,i32,4096,glibc_t1,P5,6,2,1,1654.00,0.0000,0.0000,0.0,5000.0,2.000,32768.0,0.000,0,0,32768,2,0,0,0,1,1
3,final_left_i32,i32,4096,glibc_t1,P6,6,3,1,1395.00,0.0000,0.0000,0.0,2000.0,1.000,16384.0,0.000,0,0,16384,1,1,0,0,1,1
3,final_left_i32,i32,4096,glibc_t1,FIXED_TWIN,7,0,1,1215.00,0.0000,0.0000,0.0,2000.0,1.000,16384.0,0.000,0,0,16384,1,0,1,0,1,1
3,final_left_i32,i32,4096,glibc_t1,P5,7,1,1,4479.00,0.0000,0.0000,0.0,4000.0,2.000,32768.0,0.000,0,0,32768,2,0,0,0,1,1
3,final_left_i32,i32,4096,glibc_t1,P6,7,2,1,1402.00,0.0000,0.0000,0.0,1000.0,1.000,16384.0,0.000,0,0,16384,1,1,0,0,1,1
3,final_left_i32,i32,4096,glibc_t1,P7,7,3,1,1219.00,0.0000,0.0000,0.0,2000.0,1.000,16384.0,0.000,0,0,16384,1,0,1,0,1,1
3,final_left_i32,i32,4096,glibc_t1,P5,8,0,1,1643.00,0.0000,0.0000,0.0,5000.0,2.000,32768.0,0.000,0,0,32768,2,0,0,0,1,1
3,final_left_i32,i32,4096,glibc_t1,P6,8,1,1,1371.00,0.0000,0.0000,0.0,2000.0,1.000,16384.0,0.000,0,0,16384,1,1,0,0,1,1
3,final_left_i32,i32,4096,glibc_t1,P7,8,2,1,1219.00,0.0000,0.0000,0.0,2000.0,1.000,16384.0,0.000,0,0,16384,1,0,1,0,1,1
3,final_left_i32,i32,4096,glibc_t1,FIXED_TWIN,8,3,1,1222.00,0.0000,0.0000,0.0,2000.0,1.000,16384.0,0.000,0,0,16384,1,0,1,0,1,1
3,final_left_i32,i32,4096,glibc_t1,P6,9,0,1,1376.00,0.0000,0.0000,0.0,2000.0,1.000,16384.0,0.000,0,0,16384,1,1,0,0,1,1
3,final_left_i32,i32,4096,glibc_t1,P7,9,1,1,1201.00,0.0000,0.0000,0.0,1000.0,1.000,16384.0,0.000,0,0,16384,1,0,1,0,1,1
3,final_left_i32,i32,4096,glibc_t1,FIXED_TWIN,9,2,1,1205.00,0.0000,0.0000,0.0,2000.0,1.000,16384.0,0.000,0,0,16384,1,0,1,0,1,1
3,final_left_i32,i32,4096,glibc_t1,P5,9,3,1,1623.00,0.0000,0.0000,0.0,2000.0,2.000,32768.0,0.000,0,0,32768,2,0,0,0,1,1
3,final_left_i32,i32,4096,glibc_t1,P7,10,0,1,1228.00,0.0000,0.0000,0.0,2000.0,1.000,16384.0,0.000,0,0,16384,1,0,1,0,1,1
3,final_left_i32,i32,4096,glibc_t1,FIXED_TWIN,10,1,1,1183.00,0.0000,0.0000,0.0,2000.0,1.000,16384.0,0.000,0,0,16384,1,0,1,0,1,1
3,final_left_i32,i32,4096,glibc_t1,P5,10,2,1,1573.00,0.0000,0.0000,0.0,2000.0,2.000,32768.0,0.000,0,0,32768,2,0,0,0,1,1
3,final_left_i32,i32,4096,glibc_t1,P6,10,3,1,1443.00,0.0000,0.0000,0.0,2000.0,1.000,16384.0,0.000,0,0,16384,1,1,0,0,1,1
3,final_left_i32,i32,4096,glibc_t1,FIXED_TWIN,11,0,1,1193.00,0.0000,0.0000,0.0,1000.0,1.000,16384.0,0.000,0,0,16384,1,0,1,0,1,1
3,final_left_i32,i32,4096,glibc_t1,P5,11,1,1,1529.00,0.0000,0.0000,0.0,2000.0,2.000,32768.0,0.000,0,0,32768,2,0,0,0,1,1
3,final_left_i32,i32,4096,glibc_t1,P6,11,2,1,1376.00,0.0000,0.0000,0.0,2000.0,1.000,16384.0,0.000,0,0,16384,1,1,0,0,1,1
3,final_left_i32,i32,4096,glibc_t1,P7,11,3,1,1238.00,0.0000,0.0000,0.0,1000.0,1.000,16384.0,0.000,0,0,16384,1,0,1,0,1,1
3,final_left_i32,i32,4096,glibc_t1,P5,12,0,1,1572.00,0.0000,0.0000,0.0,2000.0,2.000,32768.0,0.000,0,0,32768,2,0,0,0,1,1
3,final_left_i32,i32,4096,glibc_t1,P6,12,1,1,1383.00,0.0000,0.0000,0.0,2000.0,1.000,16384.0,0.000,0,0,16384,1,1,0,0,1,1
3,final_left_i32,i32,4096,glibc_t1,P7,12,2,1,1213.00,0.0000,0.0000,0.0,1000.0,1.000,16384.0,0.000,0,0,16384,1,0,1,0,1,1
3,final_left_i32,i32,4096,glibc_t1,FIXED_TWIN,12,3,1,1167.00,0.0000,0.0000,0.0,1000.0,1.000,16384.0,0.000,0,0,16384,1,0,1,0,1,1
3,final_left_i32,i32,4096,glibc_t1,P6,13,0,1,1344.00,0.0000,0.0000,0.0,2000.0,1.000,16384.0,0.000,0,0,16384,1,1,0,0,1,1
3,final_left_i32,i32,4096,glibc_t1,P7,13,1,1,1176.00,0.0000,0.0000,0.0,1000.0,1.000,16384.0,0.000,0,0,16384,1,0,1,0,1,1
3,final_left_i32,i32,4096,glibc_t1,FIXED_TWIN,13,2,1,1176.00,0.0000,0.0000,0.0,2000.0,1.000,16384.0,0.000,0,0,16384,1,0,1,0,1,1
3,final_left_i32,i32,4096,glibc_t1,P5,13,3,1,1580.00,0.0000,0.0000,0.0,2000.0,2.000,32768.0,0.000,0,0,32768,2,0,0,0,1,1
3,final_left_i32,i32,4096,glibc_t1,P7,14,0,1,1253.00,0.0000,0.0000,0.0,2000.0,1.000,16384.0,0.000,0,0,16384,1,0,1,0,1,1
3,final_left_i32,i32,4096,glibc_t1,FIXED_TWIN,14,1,1,1207.00,0.0000,0.0000,0.0,1000.0,1.000,16384.0,0.000,0,0,16384,1,0,1,0,1,1
3,final_left_i32,i32,4096,glibc_t1,P5,14,2,1,1568.00,0.0000,0.0000,0.0,2000.0,2.000,32768.0,0.000,0,0,32768,2,0,0,0,1,1
3,final_left_i32,i32,4096,glibc_t1,P6,14,3,1,1382.00,0.0000,0.0000,0.0,2000.0,1.000,16384.0,0.000,0,0,16384,1,1,0,0,1,1
3,final_left_i32,i32,16384,glibc_t1,P5,0,0,1,4788.00,0.0000,0.0000,0.0,5000.0,2.000,131072.0,0.000,0,0,131072,2,0,0,0,1,1
3,final_left_i32,i32,16384,glibc_t1,P6,0,1,1,4684.00,0.0000,0.0000,0.0,5000.0,1.000,65536.0,0.000,0,0,65536,1,1,0,0,1,1
3,final_left_i32,i32,16384,glibc_t1,P7,0,2,1,3807.00,0.0000,0.0000,0.0,5000.0,1.000,65536.0,0.000,0,0,65536,1,0,1,0,1,1
3,final_left_i32,i32,16384,glibc_t1,FIXED_TWIN,0,3,1,3801.00,0.0000,0.0000,0.0,4000.0,1.000,65536.0,0.000,0,0,65536,1,0,1,0,1,1
3,final_left_i32,i32,16384,glibc_t1,P6,1,0,1,4675.00,0.0000,0.0000,0.0,5000.0,1.000,65536.0,0.000,0,0,65536,1,1,0,0,1,1
3,final_left_i32,i32,16384,glibc_t1,P7,1,1,1,3779.00,0.0000,0.0000,0.0,4000.0,1.000,65536.0,0.000,0,0,65536,1,0,1,0,1,1
3,final_left_i32,i32,16384,glibc_t1,FIXED_TWIN,1,2,1,3830.00,0.0000,0.0000,0.0,5000.0,1.000,65536.0,0.000,0,0,65536,1,0,1,0,1,1
3,final_left_i32,i32,16384,glibc_t1,P5,1,3,1,4737.00,0.0000,0.0000,0.0,5000.0,2.000,131072.0,0.000,0,0,131072,2,0,0,0,1,1
3,final_left_i32,i32,16384,glibc_t1,P7,2,0,1,3766.00,0.0000,0.0000,0.0,4000.0,1.000,65536.0,0.000,0,0,65536,1,0,1,0,1,1
3,final_left_i32,i32,16384,glibc_t1,FIXED_TWIN,2,1,1,4613.00,0.0000,0.0000,0.0,5000.0,1.000,65536.0,0.000,0,0,65536,1,0,1,0,1,1
3,final_left_i32,i32,16384,glibc_t1,P5,2,2,1,4888.00,0.0000,0.0000,0.0,6000.0,2.000,131072.0,0.000,0,0,131072,2,0,0,0,1,1
3,final_left_i32,i32,16384,glibc_t1,P6,2,3,1,4754.00,0.0000,0.0000,0.0,5000.0,1.000,65536.0,0.000,0,0,65536,1,1,0,0,1,1
3,final_left_i32,i32,16384,glibc_t1,FIXED_TWIN,3,0,1,3880.00,0.0000,0.0000,0.0,5000.0,1.000,65536.0,0.000,0,0,65536,1,0,1,0,1,1
3,final_left_i32,i32,16384,glibc_t1,P5,3,1,1,4748.00,0.0000,0.0000,0.0,6000.0,2.000,131072.0,0.000,0,0,131072,2,0,0,0,1,1
3,final_left_i32,i32,16384,glibc_t1,P6,3,2,1,4686.00,0.0000,0.0000,0.0,5000.0,1.000,65536.0,0.000,0,0,65536,1,1,0,0,1,1
3,final_left_i32,i32,16384,glibc_t1,P7,3,3,1,3806.00,0.0000,0.0000,0.0,4000.0,1.000,65536.0,0.000,0,0,65536,1,0,1,0,1,1
3,final_left_i32,i32,16384,glibc_t1,P5,4,0,1,4741.00,0.0000,0.0000,0.0,5000.0,2.000,131072.0,0.000,0,0,131072,2,0,0,0,1,1
3,final_left_i32,i32,16384,glibc_t1,P6,4,1,1,4692.00,0.0000,0.0000,0.0,5000.0,1.000,65536.0,0.000,0,0,65536,1,1,0,0,1,1
3,final_left_i32,i32,16384,glibc_t1,P7,4,2,1,3815.00,0.0000,0.0000,0.0,4000.0,1.000,65536.0,0.000,0,0,65536,1,0,1,0,1,1
3,final_left_i32,i32,16384,glibc_t1,FIXED_TWIN,4,3,1,3855.00,0.0000,0.0000,0.0,5000.0,1.000,65536.0,0.000,0,0,65536,1,0,1,0,1,1
3,final_left_i32,i32,16384,glibc_t1,P6,5,0,1,4612.00,0.0000,0.0000,0.0,5000.0,1.000,65536.0,0.000,0,0,65536,1,1,0,0,1,1
3,final_left_i32,i32,16384,glibc_t1,P7,5,1,1,3865.00,0.0000,0.0000,0.0,5000.0,1.000,65536.0,0.000,0,0,65536,1,0,1,0,1,1
3,final_left_i32,i32,16384,glibc_t1,FIXED_TWIN,5,2,1,4081.00,0.0000,0.0000,0.0,4000.0,1.000,65536.0,0.000,0,0,65536,1,0,1,0,1,1
3,final_left_i32,i32,16384,glibc_t1,P5,5,3,1,4730.00,0.0000,0.0000,0.0,5000.0,2.000,131072.0,0.000,0,0,131072,2,0,0,0,1,1
3,final_left_i32,i32,16384,glibc_t1,P7,6,0,1,3808.00,0.0000,0.0000,0.0,4000.0,1.000,65536.0,0.000,0,0,65536,1,0,1,0,1,1
3,final_left_i32,i32,16384,glibc_t1,FIXED_TWIN,6,1,1,3777.00,0.0000,0.0000,0.0,4000.0,1.000,65536.0,0.000,0,0,65536,1,0,1,0,1,1
3,final_left_i32,i32,16384,glibc_t1,P5,6,2,1,5718.00,0.0000,0.0000,0.0,6000.0,2.000,131072.0,0.000,0,0,131072,2,0,0,0,1,1
3,final_left_i32,i32,16384,glibc_t1,P6,6,3,1,5615.00,0.0000,0.0000,0.0,6000.0,1.000,65536.0,0.000,0,0,65536,1,1,0,0,1,1
3,final_left_i32,i32,16384,glibc_t1,FIXED_TWIN,7,0,1,4518.00,0.0000,0.0000,0.0,5000.0,1.000,65536.0,0.000,0,0,65536,1,0,1,0,1,1
3,final_left_i32,i32,16384,glibc_t1,P5,7,1,1,5702.00,0.0000,0.0000,0.0,6000.0,2.000,131072.0,0.000,0,0,131072,2,0,0,0,1,1
3,final_left_i32,i32,16384,glibc_t1,P6,7,2,1,5615.00,0.0000,0.0000,0.0,6000.0,1.000,65536.0,0.000,0,0,65536,1,1,0,0,1,1
3,final_left_i32,i32,16384,glibc_t1,P7,7,3,1,4594.00,0.0000,0.0000,0.0,5000.0,1.000,65536.0,0.000,0,0,65536,1,0,1,0,1,1
3,final_left_i32,i32,16384,glibc_t1,P5,8,0,1,5650.00,0.0000,0.0000,0.0,6000.0,2.000,131072.0,0.000,0,0,131072,2,0,0,0,1,1
3,final_left_i32,i32,16384,glibc_t1,P6,8,1,1,4646.00,0.0000,0.0000,0.0,6000.0,1.000,65536.0,0.000,0,0,65536,1,1,0,0,1,1
3,final_left_i32,i32,16384,glibc_t1,P7,8,2,1,3840.00,0.0000,0.0000,0.0,4000.0,1.000,65536.0,0.000,0,0,65536,1,0,1,0,1,1
3,final_left_i32,i32,16384,glibc_t1,FIXED_TWIN,8,3,1,3829.00,0.0000,0.0000,0.0,5000.0,1.000,65536.0,0.000,0,0,65536,1,0,1,0,1,1
3,final_left_i32,i32,16384,glibc_t1,P6,9,0,1,4705.00,0.0000,0.0000,0.0,6000.0,1.000,65536.0,0.000,0,0,65536,1,1,0,0,1,1
3,final_left_i32,i32,16384,glibc_t1,P7,9,1,1,3865.00,0.0000,0.0000,0.0,4000.0,1.000,65536.0,0.000,0,0,65536,1,0,1,0,1,1
3,final_left_i32,i32,16384,glibc_t1,FIXED_TWIN,9,2,1,3736.00,0.0000,0.0000,0.0,4000.0,1.000,65536.0,0.000,0,0,65536,1,0,1,0,1,1
3,final_left_i32,i32,16384,glibc_t1,P5,9,3,1,4736.00,0.0000,0.0000,0.0,5000.0,2.000,131072.0,0.000,0,0,131072,2,0,0,0,1,1
3,final_left_i32,i32,16384,glibc_t1,P7,10,0,1,3861.00,0.0000,0.0000,0.0,4000.0,1.000,65536.0,0.000,0,0,65536,1,0,1,0,1,1
3,final_left_i32,i32,16384,glibc_t1,FIXED_TWIN,10,1,1,3809.00,0.0000,0.0000,0.0,4000.0,1.000,65536.0,0.000,0,0,65536,1,0,1,0,1,1
3,final_left_i32,i32,16384,glibc_t1,P5,10,2,1,4729.00,0.0000,0.0000,0.0,5000.0,2.000,131072.0,0.000,0,0,131072,2,0,0,0,1,1
3,final_left_i32,i32,16384,glibc_t1,P6,10,3,1,4645.00,0.0000,0.0000,0.0,5000.0,1.000,65536.0,0.000,0,0,65536,1,1,0,0,1,1
3,final_left_i32,i32,16384,glibc_t1,FIXED_TWIN,11,0,1,3832.00,0.0000,0.0000,0.0,4000.0,1.000,65536.0,0.000,0,0,65536,1,0,1,0,1,1
3,final_left_i32,i32,16384,glibc_t1,P5,11,1,1,4684.00,0.0000,0.0000,0.0,5000.0,2.000,131072.0,0.000,0,0,131072,2,0,0,0,1,1
3,final_left_i32,i32,16384,glibc_t1,P6,11,2,1,4696.00,0.0000,0.0000,0.0,6000.0,1.000,65536.0,0.000,0,0,65536,1,1,0,0,1,1
3,final_left_i32,i32,16384,glibc_t1,P7,11,3,1,3796.00,0.0000,0.0000,0.0,4000.0,1.000,65536.0,0.000,0,0,65536,1,0,1,0,1,1
3,final_left_i32,i32,16384,glibc_t1,P5,12,0,1,4733.00,0.0000,0.0000,0.0,5000.0,2.000,131072.0,0.000,0,0,131072,2,0,0,0,1,1
3,final_left_i32,i32,16384,glibc_t1,P6,12,1,1,4680.00,0.0000,0.0000,0.0,5000.0,1.000,65536.0,0.000,0,0,65536,1,1,0,0,1,1
3,final_left_i32,i32,16384,glibc_t1,P7,12,2,1,3832.00,0.0000,0.0000,0.0,4000.0,1.000,65536.0,0.000,0,0,65536,1,0,1,0,1,1
3,final_left_i32,i32,16384,glibc_t1,FIXED_TWIN,12,3,1,3783.00,0.0000,0.0000,0.0,5000.0,1.000,65536.0,0.000,0,0,65536,1,0,1,0,1,1
3,final_left_i32,i32,16384,glibc_t1,P6,13,0,1,4650.00,0.0000,0.0000,0.0,5000.0,1.000,65536.0,0.000,0,0,65536,1,1,0,0,1,1
3,final_left_i32,i32,16384,glibc_t1,P7,13,1,1,3845.00,0.0000,0.0000,0.0,4000.0,1.000,65536.0,0.000,0,0,65536,1,0,1,0,1,1
3,final_left_i32,i32,16384,glibc_t1,FIXED_TWIN,13,2,1,3813.00,0.0000,0.0000,0.0,4000.0,1.000,65536.0,0.000,0,0,65536,1,0,1,0,1,1
3,final_left_i32,i32,16384,glibc_t1,P5,13,3,1,4713.00,0.0000,0.0000,0.0,5000.0,2.000,131072.0,0.000,0,0,131072,2,0,0,0,1,1
3,final_left_i32,i32,16384,glibc_t1,P7,14,0,1,3788.00,0.0000,0.0000,0.0,4000.0,1.000,65536.0,0.000,0,0,65536,1,0,1,0,1,1
3,final_left_i32,i32,16384,glibc_t1,FIXED_TWIN,14,1,1,3812.00,0.0000,0.0000,0.0,4000.0,1.000,65536.0,0.000,0,0,65536,1,0,1,0,1,1
3,final_left_i32,i32,16384,glibc_t1,P5,14,2,1,4680.00,0.0000,0.0000,0.0,6000.0,2.000,131072.0,0.000,0,0,131072,2,0,0,0,1,1
3,final_left_i32,i32,16384,glibc_t1,P6,14,3,1,4644.00,0.0000,0.0000,0.0,5000.0,1.000,65536.0,0.000,0,0,65536,1,1,0,0,1,1
3,final_left_i32,i32,65536,glibc_t1,P5,0,0,1,18314.00,0.0000,0.0000,0.0,20000.0,2.000,524288.0,0.000,0,0,524288,2,0,0,0,1,1
3,final_left_i32,i32,65536,glibc_t1,P6,0,1,1,19374.00,0.0000,0.0000,0.0,20000.0,1.000,262144.0,0.000,0,0,262144,1,1,0,0,1,1
3,final_left_i32,i32,65536,glibc_t1,P7,0,2,1,16367.00,0.0000,0.0000,0.0,17000.0,1.000,262144.0,0.000,0,0,262144,1,0,1,0,1,1
3,final_left_i32,i32,65536,glibc_t1,FIXED_TWIN,0,3,1,16186.00,0.0000,0.0000,0.0,17000.0,1.000,262144.0,0.000,0,0,262144,1,0,1,0,1,1
3,final_left_i32,i32,65536,glibc_t1,P6,1,0,1,25346.00,0.0000,0.0000,0.0,26000.0,1.000,262144.0,0.000,0,0,262144,1,1,0,0,1,1
3,final_left_i32,i32,65536,glibc_t1,P7,1,1,1,16258.00,0.0000,0.0000,0.0,17000.0,1.000,262144.0,0.000,0,0,262144,1,0,1,0,1,1
3,final_left_i32,i32,65536,glibc_t1,FIXED_TWIN,1,2,1,16257.00,0.0000,0.0000,0.0,16000.0,1.000,262144.0,0.000,0,0,262144,1,0,1,0,1,1
3,final_left_i32,i32,65536,glibc_t1,P5,1,3,1,18585.00,0.0000,0.0000,0.0,19000.0,2.000,524288.0,0.000,0,0,524288,2,0,0,0,1,1
3,final_left_i32,i32,65536,glibc_t1,P7,2,0,1,16229.00,0.0000,0.0000,0.0,17000.0,1.000,262144.0,0.000,0,0,262144,1,0,1,0,1,1
3,final_left_i32,i32,65536,glibc_t1,FIXED_TWIN,2,1,1,16197.00,0.0000,0.0000,0.0,16000.0,1.000,262144.0,0.000,0,0,262144,1,0,1,0,1,1
3,final_left_i32,i32,65536,glibc_t1,P5,2,2,1,18406.00,0.0000,0.0000,0.0,19000.0,2.000,524288.0,0.000,0,0,524288,2,0,0,0,1,1
3,final_left_i32,i32,65536,glibc_t1,P6,2,3,1,25176.00,0.0000,0.0000,0.0,26000.0,1.000,262144.0,0.000,0,0,262144,1,1,0,0,1,1
3,final_left_i32,i32,65536,glibc_t1,FIXED_TWIN,3,0,1,16279.00,0.0000,0.0000,0.0,17000.0,1.000,262144.0,0.000,0,0,262144,1,0,1,0,1,1
3,final_left_i32,i32,65536,glibc_t1,P5,3,1,1,18764.00,0.0000,0.0000,0.0,19000.0,2.000,524288.0,0.000,0,0,524288,2,0,0,0,1,1
3,final_left_i32,i32,65536,glibc_t1,P6,3,2,1,20096.00,0.0000,0.0000,0.0,21000.0,1.000,262144.0,0.000,0,0,262144,1,1,0,0,1,1
3,final_left_i32,i32,65536,glibc_t1,P7,3,3,1,20722.00,0.0000,0.0000,0.0,21000.0,1.000,262144.0,0.000,0,0,262144,1,0,1,0,1,1
3,final_left_i32,i32,65536,glibc_t1,P5,4,0,1,18861.00,0.0000,0.0000,0.0,19000.0,2.000,524288.0,0.000,0,0,524288,2,0,0,0,1,1
3,final_left_i32,i32,65536,glibc_t1,P6,4,1,1,19125.00,0.0000,0.0000,0.0,20000.0,1.000,262144.0,0.000,0,0,262144,1,1,0,0,1,1
3,final_left_i32,i32,65536,glibc_t1,P7,4,2,1,16194.00,0.0000,0.0000,0.0,17000.0,1.000,262144.0,0.000,0,0,262144,1,0,1,0,1,1
3,final_left_i32,i32,65536,glibc_t1,FIXED_TWIN,4,3,1,16340.00,0.0000,0.0000,0.0,16000.0,1.000,262144.0,0.000,0,0,262144,1,0,1,0,1,1
3,final_left_i32,i32,65536,glibc_t1,P6,5,0,1,18996.00,0.0000,0.0000,0.0,20000.0,1.000,262144.0,0.000,0,0,262144,1,1,0,0,1,1
3,final_left_i32,i32,65536,glibc_t1,P7,5,1,1,16211.00,0.0000,0.0000,0.0,17000.0,1.000,262144.0,0.000,0,0,262144,1,0,1,0,1,1
3,final_left_i32,i32,65536,glibc_t1,FIXED_TWIN,5,2,1,16260.00,0.0000,0.0000,0.0,17000.0,1.000,262144.0,0.000,0,0,262144,1,0,1,0,1,1
3,final_left_i32,i32,65536,glibc_t1,P5,5,3,1,18315.00,0.0000,0.0000,0.0,19000.0,2.000,524288.0,0.000,0,0,524288,2,0,0,0,1,1
3,final_left_i32,i32,65536,glibc_t1,P7,6,0,1,16328.00,0.0000,0.0000,0.0,17000.0,1.000,262144.0,0.000,0,0,262144,1,0,1,0,1,1
3,final_left_i32,i32,65536,glibc_t1,FIXED_TWIN,6,1,1,16231.00,0.0000,0.0000,0.0,16000.0,1.000,262144.0,0.000,0,0,262144,1,0,1,0,1,1
3,final_left_i32,i32,65536,glibc_t1,P5,6,2,1,19339.00,0.0000,0.0000,0.0,20000.0,2.000,524288.0,0.000,0,0,524288,2,0,0,0,1,1
3,final_left_i32,i32,65536,glibc_t1,P6,6,3,1,19233.00,0.0000,0.0000,0.0,20000.0,1.000,262144.0,0.000,0,0,262144,1,1,0,0,1,1
3,final_left_i32,i32,65536,glibc_t1,FIXED_TWIN,7,0,1,16320.00,0.0000,0.0000,0.0,17000.0,1.000,262144.0,0.000,0,0,262144,1,0,1,0,1,1
3,final_left_i32,i32,65536,glibc_t1,P5,7,1,1,18351.00,0.0000,0.0000,0.0,19000.0,2.000,524288.0,0.000,0,0,524288,2,0,0,0,1,1
3,final_left_i32,i32,65536,glibc_t1,P6,7,2,1,19336.00,0.0000,0.0000,9000.0,11000.0,1.000,262144.0,0.000,0,0,262144,1,1,0,0,1,1
3,final_left_i32,i32,65536,glibc_t1,P7,7,3,1,16233.00,0.0000,0.0000,8000.0,9000.0,1.000,262144.0,0.000,0,0,262144,1,0,1,0,1,1
3,final_left_i32,i32,65536,glibc_t1,P5,8,0,1,44791.00,0.0000,0.0000,21000.0,25000.0,2.000,524288.0,0.000,0,0,524288,2,0,0,0,1,1
3,final_left_i32,i32,65536,glibc_t1,P6,8,1,1,19421.00,0.0000,0.0000,9000.0,11000.0,1.000,262144.0,0.000,0,0,262144,1,1,0,0,1,1
3,final_left_i32,i32,65536,glibc_t1,P7,8,2,1,16381.00,0.0000,0.0000,8000.0,9000.0,1.000,262144.0,0.000,0,0,262144,1,0,1,0,1,1
3,final_left_i32,i32,65536,glibc_t1,FIXED_TWIN,8,3,1,16225.00,0.0000,0.0000,8000.0,9000.0,1.000,262144.0,0.000,0,0,262144,1,0,1,0,1,1
3,final_left_i32,i32,65536,glibc_t1,P6,9,0,1,19108.00,0.0000,0.0000,9000.0,11000.0,1.000,262144.0,0.000,0,0,262144,1,1,0,0,1,1
3,final_left_i32,i32,65536,glibc_t1,P7,9,1,1,16224.00,0.0000,0.0000,8000.0,9000.0,1.000,262144.0,0.000,0,0,262144,1,0,1,0,1,1
3,final_left_i32,i32,65536,glibc_t1,FIXED_TWIN,9,2,1,41222.00,0.0000,0.0000,42000.0,0.0,1.000,262144.0,0.000,0,0,262144,1,0,1,0,1,1
3,final_left_i32,i32,65536,glibc_t1,P5,9,3,1,18717.00,0.0000,0.0000,19000.0,0.0,2.000,524288.0,0.000,0,0,524288,2,0,0,0,1,1
3,final_left_i32,i32,65536,glibc_t1,P7,10,0,1,16387.00,0.0000,0.0000,17000.0,0.0,1.000,262144.0,0.000,0,0,262144,1,0,1,0,1,1
3,final_left_i32,i32,65536,glibc_t1,FIXED_TWIN,10,1,1,16331.00,0.0000,0.0000,17000.0,0.0,1.000,262144.0,0.000,0,0,262144,1,0,1,0,1,1
3,final_left_i32,i32,65536,glibc_t1,P5,10,2,1,18790.00,0.0000,0.0000,19000.0,0.0,2.000,524288.0,0.000,0,0,524288,2,0,0,0,1,1
3,final_left_i32,i32,65536,glibc_t1,P6,10,3,1,19289.00,0.0000,0.0000,20000.0,0.0,1.000,262144.0,0.000,0,0,262144,1,1,0,0,1,1
3,final_left_i32,i32,65536,glibc_t1,FIXED_TWIN,11,0,1,16194.00,0.0000,0.0000,16000.0,0.0,1.000,262144.0,0.000,0,0,262144,1,0,1,0,1,1
3,final_left_i32,i32,65536,glibc_t1,P5,11,1,1,18596.00,0.0000,0.0000,19000.0,0.0,2.000,524288.0,0.000,0,0,524288,2,0,0,0,1,1
3,final_left_i32,i32,65536,glibc_t1,P6,11,2,1,19599.00,0.0000,0.0000,20000.0,0.0,1.000,262144.0,0.000,0,0,262144,1,1,0,0,1,1
3,final_left_i32,i32,65536,glibc_t1,P7,11,3,1,16287.00,0.0000,0.0000,16000.0,0.0,1.000,262144.0,0.000,0,0,262144,1,0,1,0,1,1
3,final_left_i32,i32,65536,glibc_t1,P5,12,0,1,18544.00,0.0000,0.0000,19000.0,0.0,2.000,524288.0,0.000,0,0,524288,2,0,0,0,1,1
3,final_left_i32,i32,65536,glibc_t1,P6,12,1,1,19377.00,0.0000,0.0000,20000.0,0.0,1.000,262144.0,0.000,0,0,262144,1,1,0,0,1,1
3,final_left_i32,i32,65536,glibc_t1,P7,12,2,1,16217.00,0.0000,0.0000,17000.0,0.0,1.000,262144.0,0.000,0,0,262144,1,0,1,0,1,1
3,final_left_i32,i32,65536,glibc_t1,FIXED_TWIN,12,3,1,16284.00,0.0000,0.0000,16000.0,0.0,1.000,262144.0,0.000,0,0,262144,1,0,1,0,1,1
3,final_left_i32,i32,65536,glibc_t1,P6,13,0,1,19101.00,0.0000,0.0000,20000.0,0.0,1.000,262144.0,0.000,0,0,262144,1,1,0,0,1,1
3,final_left_i32,i32,65536,glibc_t1,P7,13,1,1,18876.00,0.0000,0.0000,20000.0,0.0,1.000,262144.0,0.000,0,0,262144,1,0,1,0,1,1
3,final_left_i32,i32,65536,glibc_t1,FIXED_TWIN,13,2,1,16374.00,0.0000,0.0000,17000.0,0.0,1.000,262144.0,0.000,0,0,262144,1,0,1,0,1,1
3,final_left_i32,i32,65536,glibc_t1,P5,13,3,1,18856.00,0.0000,0.0000,19000.0,0.0,2.000,524288.0,0.000,0,0,524288,2,0,0,0,1,1
3,final_left_i32,i32,65536,glibc_t1,P7,14,0,1,16388.00,0.0000,0.0000,17000.0,0.0,1.000,262144.0,0.000,0,0,262144,1,0,1,0,1,1
3,final_left_i32,i32,65536,glibc_t1,FIXED_TWIN,14,1,1,16227.00,0.0000,0.0000,17000.0,0.0,1.000,262144.0,0.000,0,0,262144,1,0,1,0,1,1
3,final_left_i32,i32,65536,glibc_t1,P5,14,2,1,18384.00,0.0000,0.0000,19000.0,0.0,2.000,524288.0,0.000,0,0,524288,2,0,0,0,1,1
3,final_left_i32,i32,65536,glibc_t1,P6,14,3,1,19328.00,0.0000,0.0000,20000.0,0.0,1.000,262144.0,0.000,0,0,262144,1,1,0,0,1,1
3,final_left_i32,i32,262144,glibc_t1,P5,0,0,1,229551.00,0.0000,0.0000,232000.0,0.0,2.000,2097152.0,0.000,0,0,2097152,2,0,0,0,1,1
3,final_left_i32,i32,262144,glibc_t1,P6,0,1,1,189101.00,0.0000,0.0000,192000.0,0.0,1.000,1048576.0,0.000,0,0,1048576,1,1,0,0,1,1
3,final_left_i32,i32,262144,glibc_t1,P7,0,2,1,165708.00,0.0000,0.0000,168000.0,0.0,1.000,1048576.0,0.000,0,0,1048576,1,0,1,0,1,1
3,final_left_i32,i32,262144,glibc_t1,FIXED_TWIN,0,3,1,152720.00,0.0000,0.0000,154000.0,0.0,1.000,1048576.0,0.000,0,0,1048576,1,0,1,0,1,1
3,final_left_i32,i32,262144,glibc_t1,P6,1,0,1,197209.00,0.0000,0.0000,199000.0,0.0,1.000,1048576.0,0.000,0,0,1048576,1,1,0,0,1,1
3,final_left_i32,i32,262144,glibc_t1,P7,1,1,1,152605.00,0.0000,0.0000,154000.0,0.0,1.000,1048576.0,0.000,0,0,1048576,1,0,1,0,1,1
3,final_left_i32,i32,262144,glibc_t1,FIXED_TWIN,1,2,1,186317.00,0.0000,0.0000,191000.0,0.0,1.000,1048576.0,0.000,0,0,1048576,1,0,1,0,1,1
3,final_left_i32,i32,262144,glibc_t1,P5,1,3,1,244148.00,0.0000,0.0000,247000.0,0.0,2.000,2097152.0,0.000,0,0,2097152,2,0,0,0,1,1
3,final_left_i32,i32,262144,glibc_t1,P7,2,0,1,184675.00,0.0000,0.0000,186000.0,0.0,1.000,1048576.0,0.000,0,0,1048576,1,0,1,0,1,1
3,final_left_i32,i32,262144,glibc_t1,FIXED_TWIN,2,1,1,184155.00,0.0000,0.0000,187000.0,0.0,1.000,1048576.0,0.000,0,0,1048576,1,0,1,0,1,1
3,final_left_i32,i32,262144,glibc_t1,P5,2,2,1,258934.00,0.0000,0.0000,262000.0,0.0,2.000,2097152.0,0.000,0,0,2097152,2,0,0,0,1,1
3,final_left_i32,i32,262144,glibc_t1,P6,2,3,1,199340.00,0.0000,0.0000,201000.0,0.0,1.000,1048576.0,0.000,0,0,1048576,1,1,0,0,1,1
3,final_left_i32,i32,262144,glibc_t1,FIXED_TWIN,3,0,1,154424.00,0.0000,0.0000,156000.0,0.0,1.000,1048576.0,0.000,0,0,1048576,1,0,1,0,1,1
3,final_left_i32,i32,262144,glibc_t1,P5,3,1,1,254770.00,0.0000,0.0000,257000.0,0.0,2.000,2097152.0,0.000,0,0,2097152,2,0,0,0,1,1
3,final_left_i32,i32,262144,glibc_t1,P6,3,2,1,215262.00,0.0000,0.0000,217000.0,0.0,1.000,1048576.0,0.000,0,0,1048576,1,1,0,0,1,1
3,final_left_i32,i32,262144,glibc_t1,P7,3,3,1,154740.00,0.0000,0.0000,156000.0,0.0,1.000,1048576.0,0.000,0,0,1048576,1,0,1,0,1,1
3,final_left_i32,i32,262144,glibc_t1,P5,4,0,1,264983.00,0.0000,0.0000,267000.0,0.0,2.000,2097152.0,0.000,0,0,2097152,2,0,0,0,1,1
3,final_left_i32,i32,262144,glibc_t1,P6,4,1,1,205233.00,0.0000,0.0000,208000.0,0.0,1.000,1048576.0,0.000,0,0,1048576,1,1,0,0,1,1
3,final_left_i32,i32,262144,glibc_t1,P7,4,2,1,152628.00,0.0000,0.0000,154000.0,0.0,1.000,1048576.0,0.000,0,0,1048576,1,0,1,0,1,1
3,final_left_i32,i32,262144,glibc_t1,FIXED_TWIN,4,3,1,152363.00,0.0000,0.0000,154000.0,0.0,1.000,1048576.0,0.000,0,0,1048576,1,0,1,0,1,1
3,final_left_i32,i32,262144,glibc_t1,P6,5,0,1,180115.00,0.0000,0.0000,182000.0,0.0,1.000,1048576.0,0.000,0,0,1048576,1,1,0,0,1,1
3,final_left_i32,i32,262144,glibc_t1,P7,5,1,1,179184.00,0.0000,0.0000,180000.0,0.0,1.000,1048576.0,0.000,0,0,1048576,1,0,1,0,1,1
3,final_left_i32,i32,262144,glibc_t1,FIXED_TWIN,5,2,1,163244.00,0.0000,0.0000,165000.0,0.0,1.000,1048576.0,0.000,0,0,1048576,1,0,1,0,1,1
3,final_left_i32,i32,262144,glibc_t1,P5,5,3,1,249949.00,0.0000,0.0000,252000.0,0.0,2.000,2097152.0,0.000,0,0,2097152,2,0,0,0,1,1
3,final_left_i32,i32,262144,glibc_t1,P7,6,0,1,152369.00,0.0000,0.0000,153000.0,0.0,1.000,1048576.0,0.000,0,0,1048576,1,0,1,0,1,1
3,final_left_i32,i32,262144,glibc_t1,FIXED_TWIN,6,1,1,156550.00,0.0000,0.0000,157000.0,0.0,1.000,1048576.0,0.000,0,0,1048576,1,0,1,0,1,1
3,final_left_i32,i32,262144,glibc_t1,P5,6,2,1,257180.00,0.0000,0.0000,259000.0,0.0,2.000,2097152.0,0.000,0,0,2097152,2,0,0,0,1,1
3,final_left_i32,i32,262144,glibc_t1,P6,6,3,1,192347.00,0.0000,0.0000,194000.0,0.0,1.000,1048576.0,0.000,0,0,1048576,1,1,0,0,1,1
3,final_left_i32,i32,262144,glibc_t1,FIXED_TWIN,7,0,1,188495.00,0.0000,0.0000,191000.0,0.0,1.000,1048576.0,0.000,0,0,1048576,1,0,1,0,1,1
3,final_left_i32,i32,262144,glibc_t1,P5,7,1,1,235761.00,0.0000,0.0000,238000.0,0.0,2.000,2097152.0,0.000,0,0,2097152,2,0,0,0,1,1
3,final_left_i32,i32,262144,glibc_t1,P6,7,2,1,213318.00,0.0000,0.0000,216000.0,0.0,1.000,1048576.0,0.000,0,0,1048576,1,1,0,0,1,1
3,final_left_i32,i32,262144,glibc_t1,P7,7,3,1,158695.00,0.0000,0.0000,160000.0,0.0,1.000,1048576.0,0.000,0,0,1048576,1,0,1,0,1,1
3,final_left_i32,i32,262144,glibc_t1,P5,8,0,1,233828.00,0.0000,0.0000,236000.0,0.0,2.000,2097152.0,0.000,0,0,2097152,2,0,0,0,1,1
3,final_left_i32,i32,262144,glibc_t1,P6,8,1,1,186510.00,0.0000,0.0000,189000.0,0.0,1.000,1048576.0,0.000,0,0,1048576,1,1,0,0,1,1
3,final_left_i32,i32,262144,glibc_t1,P7,8,2,1,165993.00,0.0000,0.0000,169000.0,0.0,1.000,1048576.0,0.000,0,0,1048576,1,0,1,0,1,1
3,final_left_i32,i32,262144,glibc_t1,FIXED_TWIN,8,3,1,176598.00,0.0000,0.0000,178000.0,0.0,1.000,1048576.0,0.000,0,0,1048576,1,0,1,0,1,1
3,final_left_i32,i32,262144,glibc_t1,P6,9,0,1,280369.00,0.0000,0.0000,284000.0,0.0,1.000,1048576.0,0.000,0,0,1048576,1,1,0,0,1,1
3,final_left_i32,i32,262144,glibc_t1,P7,9,1,1,170558.00,0.0000,0.0000,173000.0,0.0,1.000,1048576.0,0.000,0,0,1048576,1,0,1,0,1,1
3,final_left_i32,i32,262144,glibc_t1,FIXED_TWIN,9,2,1,157538.00,0.0000,0.0000,160000.0,0.0,1.000,1048576.0,0.000,0,0,1048576,1,0,1,0,1,1
3,final_left_i32,i32,262144,glibc_t1,P5,9,3,1,236271.00,0.0000,0.0000,238000.0,0.0,2.000,2097152.0,0.000,0,0,2097152,2,0,0,0,1,1
3,final_left_i32,i32,262144,glibc_t1,P7,10,0,1,161910.00,0.0000,0.0000,164000.0,0.0,1.000,1048576.0,0.000,0,0,1048576,1,0,1,0,1,1
3,final_left_i32,i32,262144,glibc_t1,FIXED_TWIN,10,1,1,172171.00,0.0000,0.0000,174000.0,0.0,1.000,1048576.0,0.000,0,0,1048576,1,0,1,0,1,1
3,final_left_i32,i32,262144,glibc_t1,P5,10,2,1,228768.00,0.0000,0.0000,231000.0,0.0,2.000,2097152.0,0.000,0,0,2097152,2,0,0,0,1,1
3,final_left_i32,i32,262144,glibc_t1,P6,10,3,1,201831.00,0.0000,0.0000,203000.0,0.0,1.000,1048576.0,0.000,0,0,1048576,1,1,0,0,1,1
3,final_left_i32,i32,262144,glibc_t1,FIXED_TWIN,11,0,1,154284.00,0.0000,0.0000,156000.0,0.0,1.000,1048576.0,0.000,0,0,1048576,1,0,1,0,1,1
3,final_left_i32,i32,262144,glibc_t1,P5,11,1,1,246598.00,0.0000,0.0000,249000.0,0.0,2.000,2097152.0,0.000,0,0,2097152,2,0,0,0,1,1
3,final_left_i32,i32,262144,glibc_t1,P6,11,2,1,186402.00,0.0000,0.0000,189000.0,0.0,1.000,1048576.0,0.000,0,0,1048576,1,1,0,0,1,1
3,final_left_i32,i32,262144,glibc_t1,P7,11,3,1,168717.00,0.0000,0.0000,172000.0,0.0,1.000,1048576.0,0.000,0,0,1048576,1,0,1,0,1,1
3,final_left_i32,i32,262144,glibc_t1,P5,12,0,1,264487.00,0.0000,0.0000,266000.0,0.0,2.000,2097152.0,0.000,0,0,2097152,2,0,0,0,1,1
3,final_left_i32,i32,262144,glibc_t1,P6,12,1,1,194436.00,0.0000,0.0000,196000.0,0.0,1.000,1048576.0,0.000,0,0,1048576,1,1,0,0,1,1
3,final_left_i32,i32,262144,glibc_t1,P7,12,2,1,180572.00,0.0000,0.0000,182000.0,0.0,1.000,1048576.0,0.000,0,0,1048576,1,0,1,0,1,1
3,final_left_i32,i32,262144,glibc_t1,FIXED_TWIN,12,3,1,182991.00,0.0000,0.0000,184000.0,0.0,1.000,1048576.0,0.000,0,0,1048576,1,0,1,0,1,1
3,final_left_i32,i32,262144,glibc_t1,P6,13,0,1,177046.00,0.0000,0.0000,178000.0,0.0,1.000,1048576.0,0.000,0,0,1048576,1,1,0,0,1,1
3,final_left_i32,i32,262144,glibc_t1,P7,13,1,1,187009.00,0.0000,0.0000,188000.0,0.0,1.000,1048576.0,0.000,0,0,1048576,1,0,1,0,1,1
3,final_left_i32,i32,262144,glibc_t1,FIXED_TWIN,13,2,1,153720.00,0.0000,0.0000,155000.0,0.0,1.000,1048576.0,0.000,0,0,1048576,1,0,1,0,1,1
3,final_left_i32,i32,262144,glibc_t1,P5,13,3,1,229962.00,0.0000,0.0000,232000.0,0.0,2.000,2097152.0,0.000,0,0,2097152,2,0,0,0,1,1
3,final_left_i32,i32,262144,glibc_t1,P7,14,0,1,151722.00,0.0000,0.0000,153000.0,0.0,1.000,1048576.0,0.000,0,0,1048576,1,0,1,0,1,1
3,final_left_i32,i32,262144,glibc_t1,FIXED_TWIN,14,1,1,167538.00,0.0000,0.0000,169000.0,0.0,1.000,1048576.0,0.000,0,0,1048576,1,0,1,0,1,1
3,final_left_i32,i32,262144,glibc_t1,P5,14,2,1,250013.00,0.0000,0.0000,252000.0,0.0,2.000,2097152.0,0.000,0,0,2097152,2,0,0,0,1,1
3,final_left_i32,i32,262144,glibc_t1,P6,14,3,1,176913.00,0.0000,0.0000,178000.0,0.0,1.000,1048576.0,0.000,0,0,1048576,1,1,0,0,1,1
3,final_left_i32,i32,1048576,glibc_t1,P5,0,0,1,1023742.00,0.0000,0.0000,1031000.0,0.0,2.000,8388608.0,0.000,0,0,8388608,2,0,0,0,1,1
3,final_left_i32,i32,1048576,glibc_t1,P6,0,1,1,858750.00,0.0000,0.0000,862000.0,0.0,1.000,4194304.0,0.000,0,0,4194304,1,1,0,0,1,1
3,final_left_i32,i32,1048576,glibc_t1,P7,0,2,1,627600.00,0.0000,0.0000,630000.0,0.0,1.000,4194304.0,0.000,0,0,4194304,1,0,1,0,1,1
3,final_left_i32,i32,1048576,glibc_t1,FIXED_TWIN,0,3,1,658140.00,0.0000,0.0000,660000.0,0.0,1.000,4194304.0,0.000,0,0,4194304,1,0,1,0,1,1
3,final_left_i32,i32,1048576,glibc_t1,P6,1,0,1,792005.00,0.0000,0.0000,795000.0,0.0,1.000,4194304.0,0.000,0,0,4194304,1,1,0,0,1,1
3,final_left_i32,i32,1048576,glibc_t1,P7,1,1,1,621190.00,0.0000,0.0000,624000.0,0.0,1.000,4194304.0,0.000,0,0,4194304,1,0,1,0,1,1
3,final_left_i32,i32,1048576,glibc_t1,FIXED_TWIN,1,2,1,706543.00,0.0000,0.0000,711000.0,0.0,1.000,4194304.0,0.000,0,0,4194304,1,0,1,0,1,1
3,final_left_i32,i32,1048576,glibc_t1,P5,1,3,1,1002925.00,0.0000,0.0000,1006000.0,0.0,2.000,8388608.0,0.000,0,0,8388608,2,0,0,0,1,1
3,final_left_i32,i32,1048576,glibc_t1,P7,2,0,1,615269.00,0.0000,0.0000,618000.0,0.0,1.000,4194304.0,0.000,0,0,4194304,1,0,1,0,1,1
3,final_left_i32,i32,1048576,glibc_t1,FIXED_TWIN,2,1,1,627029.00,0.0000,0.0000,631000.0,0.0,1.000,4194304.0,0.000,0,0,4194304,1,0,1,0,1,1
3,final_left_i32,i32,1048576,glibc_t1,P5,2,2,1,928758.00,0.0000,0.0000,932000.0,0.0,2.000,8388608.0,0.000,0,0,8388608,2,0,0,0,1,1
3,final_left_i32,i32,1048576,glibc_t1,P6,2,3,1,875384.00,0.0000,0.0000,880000.0,0.0,1.000,4194304.0,0.000,0,0,4194304,1,1,0,0,1,1
3,final_left_i32,i32,1048576,glibc_t1,FIXED_TWIN,3,0,1,627996.00,0.0000,0.0000,631000.0,0.0,1.000,4194304.0,0.000,0,0,4194304,1,0,1,0,1,1
3,final_left_i32,i32,1048576,glibc_t1,P5,3,1,1,1020829.00,0.0000,0.0000,1025000.0,0.0,2.000,8388608.0,0.000,0,0,8388608,2,0,0,0,1,1
3,final_left_i32,i32,1048576,glibc_t1,P6,3,2,1,843967.00,0.0000,0.0000,847000.0,0.0,1.000,4194304.0,0.000,0,0,4194304,1,1,0,0,1,1
3,final_left_i32,i32,1048576,glibc_t1,P7,3,3,1,642610.00,0.0000,0.0000,645000.0,0.0,1.000,4194304.0,0.000,0,0,4194304,1,0,1,0,1,1
3,final_left_i32,i32,1048576,glibc_t1,P5,4,0,1,1223555.00,0.0000,0.0000,1227000.0,0.0,2.000,8388608.0,0.000,0,0,8388608,2,0,0,0,1,1
3,final_left_i32,i32,1048576,glibc_t1,P6,4,1,1,808103.00,0.0000,0.0000,812000.0,0.0,1.000,4194304.0,0.000,0,0,4194304,1,1,0,0,1,1
3,final_left_i32,i32,1048576,glibc_t1,P7,4,2,1,800218.00,0.0000,0.0000,805000.0,0.0,1.000,4194304.0,0.000,0,0,4194304,1,0,1,0,1,1
3,final_left_i32,i32,1048576,glibc_t1,FIXED_TWIN,4,3,1,716064.00,0.0000,0.0000,721000.0,0.0,1.000,4194304.0,0.000,0,0,4194304,1,0,1,0,1,1
3,final_left_i32,i32,1048576,glibc_t1,P6,5,0,1,967393.00,0.0000,0.0000,971000.0,0.0,1.000,4194304.0,0.000,0,0,4194304,1,1,0,0,1,1
3,final_left_i32,i32,1048576,glibc_t1,P7,5,1,1,674938.00,0.0000,0.0000,679000.0,0.0,1.000,4194304.0,0.000,0,0,4194304,1,0,1,0,1,1
3,final_left_i32,i32,1048576,glibc_t1,FIXED_TWIN,5,2,1,673849.00,0.0000,0.0000,677000.0,0.0,1.000,4194304.0,0.000,0,0,4194304,1,0,1,0,1,1
3,final_left_i32,i32,1048576,glibc_t1,P5,5,3,1,1094916.00,0.0000,0.0000,1098000.0,0.0,2.000,8388608.0,0.000,0,0,8388608,2,0,0,0,1,1
3,final_left_i32,i32,1048576,glibc_t1,P7,6,0,1,674617.00,0.0000,0.0000,679000.0,0.0,1.000,4194304.0,0.000,0,0,4194304,1,0,1,0,1,1
3,final_left_i32,i32,1048576,glibc_t1,FIXED_TWIN,6,1,1,643282.00,0.0000,0.0000,647000.0,0.0,1.000,4194304.0,0.000,0,0,4194304,1,0,1,0,1,1
3,final_left_i32,i32,1048576,glibc_t1,P5,6,2,1,999192.00,0.0000,0.0000,1004000.0,0.0,2.000,8388608.0,0.000,0,0,8388608,2,0,0,0,1,1
3,final_left_i32,i32,1048576,glibc_t1,P6,6,3,1,820794.00,0.0000,0.0000,824000.0,0.0,1.000,4194304.0,0.000,0,0,4194304,1,1,0,0,1,1
3,final_left_i32,i32,1048576,glibc_t1,FIXED_TWIN,7,0,1,637548.00,0.0000,0.0000,641000.0,0.0,1.000,4194304.0,0.000,0,0,4194304,1,0,1,0,1,1
3,final_left_i32,i32,1048576,glibc_t1,P5,7,1,1,1006282.00,0.0000,0.0000,1010000.0,0.0,2.000,8388608.0,0.000,0,0,8388608,2,0,0,0,1,1
3,final_left_i32,i32,1048576,glibc_t1,P6,7,2,1,913065.00,0.0000,0.0000,916000.0,0.0,1.000,4194304.0,0.000,0,0,4194304,1,1,0,0,1,1
3,final_left_i32,i32,1048576,glibc_t1,P7,7,3,1,685935.00,0.0000,0.0000,690000.0,0.0,1.000,4194304.0,0.000,0,0,4194304,1,0,1,0,1,1
3,final_left_i32,i32,1048576,glibc_t1,P5,8,0,1,1118204.00,0.0000,0.0000,1122000.0,0.0,2.000,8388608.0,0.000,0,0,8388608,2,0,0,0,1,1
3,final_left_i32,i32,1048576,glibc_t1,P6,8,1,1,923269.00,0.0000,0.0000,928000.0,0.0,1.000,4194304.0,0.000,0,0,4194304,1,1,0,0,1,1
3,final_left_i32,i32,1048576,glibc_t1,P7,8,2,1,767885.00,0.0000,0.0000,772000.0,0.0,1.000,4194304.0,0.000,0,0,4194304,1,0,1,0,1,1
3,final_left_i32,i32,1048576,glibc_t1,FIXED_TWIN,8,3,1,698535.00,0.0000,0.0000,703000.0,0.0,1.000,4194304.0,0.000,0,0,4194304,1,0,1,0,1,1
3,final_left_i32,i32,1048576,glibc_t1,P6,9,0,1,1003358.00,0.0000,0.0000,1008000.0,0.0,1.000,4194304.0,0.000,0,0,4194304,1,1,0,0,1,1
3,final_left_i32,i32,1048576,glibc_t1,P7,9,1,1,812442.00,0.0000,0.0000,818000.0,0.0,1.000,4194304.0,0.000,0,0,4194304,1,0,1,0,1,1
3,final_left_i32,i32,1048576,glibc_t1,FIXED_TWIN,9,2,1,886035.00,0.0000,0.0000,891000.0,0.0,1.000,4194304.0,0.000,0,0,4194304,1,0,1,0,1,1
3,final_left_i32,i32,1048576,glibc_t1,P5,9,3,1,1256626.00,0.0000,0.0000,1265000.0,0.0,2.000,8388608.0,0.000,0,0,8388608,2,0,0,0,1,1
3,final_left_i32,i32,1048576,glibc_t1,P7,10,0,1,739782.00,0.0000,0.0000,744000.0,0.0,1.000,4194304.0,0.000,0,0,4194304,1,0,1,0,1,1
3,final_left_i32,i32,1048576,glibc_t1,FIXED_TWIN,10,1,1,697730.00,0.0000,0.0000,701000.0,0.0,1.000,4194304.0,0.000,0,0,4194304,1,0,1,0,1,1
3,final_left_i32,i32,1048576,glibc_t1,P5,10,2,1,1116207.00,0.0000,0.0000,1121000.0,0.0,2.000,8388608.0,0.000,0,0,8388608,2,0,0,0,1,1
3,final_left_i32,i32,1048576,glibc_t1,P6,10,3,1,906196.00,0.0000,0.0000,911000.0,0.0,1.000,4194304.0,0.000,0,0,4194304,1,1,0,0,1,1
3,final_left_i32,i32,1048576,glibc_t1,FIXED_TWIN,11,0,1,727320.00,0.0000,0.0000,731000.0,0.0,1.000,4194304.0,0.000,0,0,4194304,1,0,1,0,1,1
3,final_left_i32,i32,1048576,glibc_t1,P5,11,1,1,1141031.00,0.0000,0.0000,1144000.0,0.0,2.000,8388608.0,0.000,0,0,8388608,2,0,0,0,1,1
3,final_left_i32,i32,1048576,glibc_t1,P6,11,2,1,866889.00,0.0000,0.0000,872000.0,0.0,1.000,4194304.0,0.000,0,0,4194304,1,1,0,0,1,1
3,final_left_i32,i32,1048576,glibc_t1,P7,11,3,1,678456.00,0.0000,0.0000,682000.0,0.0,1.000,4194304.0,0.000,0,0,4194304,1,0,1,0,1,1
3,final_left_i32,i32,1048576,glibc_t1,P5,12,0,1,1162940.00,0.0000,0.0000,1169000.0,0.0,2.000,8388608.0,0.000,0,0,8388608,2,0,0,0,1,1
3,final_left_i32,i32,1048576,glibc_t1,P6,12,1,1,910105.00,0.0000,0.0000,915000.0,0.0,1.000,4194304.0,0.000,0,0,4194304,1,1,0,0,1,1
3,final_left_i32,i32,1048576,glibc_t1,P7,12,2,1,718962.00,0.0000,0.0000,723000.0,0.0,1.000,4194304.0,0.000,0,0,4194304,1,0,1,0,1,1
3,final_left_i32,i32,1048576,glibc_t1,FIXED_TWIN,12,3,1,704254.00,0.0000,0.0000,707000.0,0.0,1.000,4194304.0,0.000,0,0,4194304,1,0,1,0,1,1
3,final_left_i32,i32,1048576,glibc_t1,P6,13,0,1,892078.00,0.0000,0.0000,896000.0,0.0,1.000,4194304.0,0.000,0,0,4194304,1,1,0,0,1,1
3,final_left_i32,i32,1048576,glibc_t1,P7,13,1,1,755737.00,0.0000,0.0000,760000.0,0.0,1.000,4194304.0,0.000,0,0,4194304,1,0,1,0,1,1
3,final_left_i32,i32,1048576,glibc_t1,FIXED_TWIN,13,2,1,759519.00,0.0000,0.0000,763000.0,0.0,1.000,4194304.0,0.000,0,0,4194304,1,0,1,0,1,1
3,final_left_i32,i32,1048576,glibc_t1,P5,13,3,1,1230520.00,0.0000,0.0000,1234000.0,0.0,2.000,8388608.0,0.000,0,0,8388608,2,0,0,0,1,1
3,final_left_i32,i32,1048576,glibc_t1,P7,14,0,1,743340.00,0.0000,0.0000,748000.0,0.0,1.000,4194304.0,0.000,0,0,4194304,1,0,1,0,1,1
3,final_left_i32,i32,1048576,glibc_t1,FIXED_TWIN,14,1,1,751448.00,0.0000,0.0000,757000.0,0.0,1.000,4194304.0,0.000,0,0,4194304,1,0,1,0,1,1
3,final_left_i32,i32,1048576,glibc_t1,P5,14,2,1,1231010.00,0.0000,0.0000,1235000.0,0.0,2.000,8388608.0,0.000,0,0,8388608,2,0,0,0,1,1
3,final_left_i32,i32,1048576,glibc_t1,P6,14,3,1,941108.00,0.0000,0.0000,949000.0,0.0,1.000,4194304.0,0.000,0,0,4194304,1,1,0,0,1,1
3,final_left_i32,i32,4194304,glibc_t1,P5,0,0,1,6687661.00,0.0000,0.0000,6697000.0,0.0,2.000,33554432.0,0.000,0,0,33554432,2,0,0,0,1,1
3,final_left_i32,i32,4194304,glibc_t1,P6,0,1,1,4987088.00,0.0000,0.0000,4994000.0,0.0,1.000,16777216.0,0.000,0,0,16777216,1,1,0,0,1,1
3,final_left_i32,i32,4194304,glibc_t1,P7,0,2,1,3798023.00,0.0000,0.0000,3805000.0,0.0,1.000,16777216.0,0.000,0,0,16777216,1,0,1,0,1,1
3,final_left_i32,i32,4194304,glibc_t1,FIXED_TWIN,0,3,1,3611704.00,0.0000,0.0000,3616000.0,0.0,1.000,16777216.0,0.000,0,0,16777216,1,0,1,0,1,1
3,final_left_i32,i32,4194304,glibc_t1,P6,1,0,1,4263321.00,0.0000,0.0000,4269000.0,0.0,1.000,16777216.0,0.000,0,0,16777216,1,1,0,0,1,1
3,final_left_i32,i32,4194304,glibc_t1,P7,1,1,1,3490700.00,0.0000,0.0000,3495000.0,0.0,1.000,16777216.0,0.000,0,0,16777216,1,0,1,0,1,1
3,final_left_i32,i32,4194304,glibc_t1,FIXED_TWIN,1,2,1,3114687.00,0.0000,0.0000,3119000.0,0.0,1.000,16777216.0,0.000,0,0,16777216,1,0,1,0,1,1
3,final_left_i32,i32,4194304,glibc_t1,P5,1,3,1,5975976.00,0.0000,0.0000,5980000.0,0.0,2.000,33554432.0,0.000,0,0,33554432,2,0,0,0,1,1
3,final_left_i32,i32,4194304,glibc_t1,P7,2,0,1,3003125.00,0.0000,0.0000,3007000.0,0.0,1.000,16777216.0,0.000,0,0,16777216,1,0,1,0,1,1
3,final_left_i32,i32,4194304,glibc_t1,FIXED_TWIN,2,1,1,2986819.00,0.0000,0.0000,2992000.0,0.0,1.000,16777216.0,0.000,0,0,16777216,1,0,1,0,1,1
3,final_left_i32,i32,4194304,glibc_t1,P5,2,2,1,5917502.00,0.0000,0.0000,5923000.0,0.0,2.000,33554432.0,0.000,0,0,33554432,2,0,0,0,1,1
3,final_left_i32,i32,4194304,glibc_t1,P6,2,3,1,4079744.00,0.0000,0.0000,4084000.0,0.0,1.000,16777216.0,0.000,0,0,16777216,1,1,0,0,1,1
3,final_left_i32,i32,4194304,glibc_t1,FIXED_TWIN,3,0,1,3142831.00,0.0000,0.0000,3147000.0,0.0,1.000,16777216.0,0.000,0,0,16777216,1,0,1,0,1,1
3,final_left_i32,i32,4194304,glibc_t1,P5,3,1,1,6307257.00,0.0000,0.0000,6314000.0,0.0,2.000,33554432.0,0.000,0,0,33554432,2,0,0,0,1,1
3,final_left_i32,i32,4194304,glibc_t1,P6,3,2,1,4015228.00,0.0000,0.0000,4011000.0,8000.0,1.000,16777216.0,0.000,0,0,16777216,1,1,0,0,1,1
3,final_left_i32,i32,4194304,glibc_t1,P7,3,3,1,3086092.00,0.0000,0.0000,3091000.0,0.0,1.000,16777216.0,0.000,0,0,16777216,1,0,1,0,1,1
3,final_left_i32,i32,4194304,glibc_t1,P5,4,0,1,5602552.00,0.0000,0.0000,5606000.0,0.0,2.000,33554432.0,0.000,0,0,33554432,2,0,0,0,1,1
3,final_left_i32,i32,4194304,glibc_t1,P6,4,1,1,4035584.00,0.0000,0.0000,4044000.0,0.0,1.000,16777216.0,0.000,0,0,16777216,1,1,0,0,1,1
3,final_left_i32,i32,4194304,glibc_t1,P7,4,2,1,3192444.00,0.0000,0.0000,3168000.0,29000.0,1.000,16777216.0,0.000,0,0,16777216,1,0,1,0,1,1
3,final_left_i32,i32,4194304,glibc_t1,FIXED_TWIN,4,3,1,3394505.00,0.0000,0.0000,3400000.0,0.0,1.000,16777216.0,0.000,0,0,16777216,1,0,1,0,1,1
3,final_left_i32,i32,4194304,glibc_t1,P6,5,0,1,4137588.00,0.0000,0.0000,4144000.0,0.0,1.000,16777216.0,0.000,0,0,16777216,1,1,0,0,1,1
3,final_left_i32,i32,4194304,glibc_t1,P7,5,1,1,3126138.00,0.0000,0.0000,3131000.0,0.0,1.000,16777216.0,0.000,0,0,16777216,1,0,1,0,1,1
3,final_left_i32,i32,4194304,glibc_t1,FIXED_TWIN,5,2,1,3024776.00,0.0000,0.0000,3030000.0,0.0,1.000,16777216.0,0.000,0,0,16777216,1,0,1,0,1,1
3,final_left_i32,i32,4194304,glibc_t1,P5,5,3,1,6744006.00,0.0000,0.0000,6752000.0,0.0,2.000,33554432.0,0.000,0,0,33554432,2,0,0,0,1,1
3,final_left_i32,i32,4194304,glibc_t1,P7,6,0,1,3523747.00,0.0000,0.0000,3529000.0,0.0,1.000,16777216.0,0.000,0,0,16777216,1,0,1,0,1,1
3,final_left_i32,i32,4194304,glibc_t1,FIXED_TWIN,6,1,1,3100170.00,0.0000,0.0000,3105000.0,0.0,1.000,16777216.0,0.000,0,0,16777216,1,0,1,0,1,1
3,final_left_i32,i32,4194304,glibc_t1,P5,6,2,1,5756220.00,0.0000,0.0000,5763000.0,0.0,2.000,33554432.0,0.000,0,0,33554432,2,0,0,0,1,1
3,final_left_i32,i32,4194304,glibc_t1,P6,6,3,1,3933457.00,0.0000,0.0000,3938000.0,0.0,1.000,16777216.0,0.000,0,0,16777216,1,1,0,0,1,1
3,final_left_i32,i32,4194304,glibc_t1,FIXED_TWIN,7,0,1,2617581.00,0.0000,0.0000,2620000.0,0.0,1.000,16777216.0,0.000,0,0,16777216,1,0,1,0,1,1
3,final_left_i32,i32,4194304,glibc_t1,P5,7,1,1,5394303.00,0.0000,0.0000,5399000.0,0.0,2.000,33554432.0,0.000,0,0,33554432,2,0,0,0,1,1
3,final_left_i32,i32,4194304,glibc_t1,P6,7,2,1,4289768.00,0.0000,0.0000,4295000.0,0.0,1.000,16777216.0,0.000,0,0,16777216,1,1,0,0,1,1
3,final_left_i32,i32,4194304,glibc_t1,P7,7,3,1,2718802.00,0.0000,0.0000,2722000.0,0.0,1.000,16777216.0,0.000,0,0,16777216,1,0,1,0,1,1
3,final_left_i32,i32,4194304,glibc_t1,P5,8,0,1,5473487.00,0.0000,0.0000,5478000.0,0.0,2.000,33554432.0,0.000,0,0,33554432,2,0,0,0,1,1
3,final_left_i32,i32,4194304,glibc_t1,P6,8,1,1,3499928.00,0.0000,0.0000,3504000.0,0.0,1.000,16777216.0,0.000,0,0,16777216,1,1,0,0,1,1
3,final_left_i32,i32,4194304,glibc_t1,P7,8,2,1,2696139.00,0.0000,0.0000,2700000.0,0.0,1.000,16777216.0,0.000,0,0,16777216,1,0,1,0,1,1
3,final_left_i32,i32,4194304,glibc_t1,FIXED_TWIN,8,3,1,6380684.00,0.0000,0.0000,6386000.0,0.0,1.000,16777216.0,0.000,0,0,16777216,1,0,1,0,1,1
3,final_left_i32,i32,4194304,glibc_t1,P6,9,0,1,3945935.00,0.0000,0.0000,3950000.0,0.0,1.000,16777216.0,0.000,0,0,16777216,1,1,0,0,1,1
3,final_left_i32,i32,4194304,glibc_t1,P7,9,1,1,3561425.00,0.0000,0.0000,3566000.0,0.0,1.000,16777216.0,0.000,0,0,16777216,1,0,1,0,1,1
3,final_left_i32,i32,4194304,glibc_t1,FIXED_TWIN,9,2,1,3590001.00,0.0000,0.0000,3594000.0,0.0,1.000,16777216.0,0.000,0,0,16777216,1,0,1,0,1,1
3,final_left_i32,i32,4194304,glibc_t1,P5,9,3,1,8058579.00,0.0000,0.0000,8064000.0,0.0,2.000,33554432.0,0.000,0,0,33554432,2,0,0,0,1,1
3,final_left_i32,i32,4194304,glibc_t1,P7,10,0,1,4140088.00,0.0000,0.0000,4146000.0,0.0,1.000,16777216.0,0.000,0,0,16777216,1,0,1,0,1,1
3,final_left_i32,i32,4194304,glibc_t1,FIXED_TWIN,10,1,1,4635389.00,0.0000,0.0000,4641000.0,0.0,1.000,16777216.0,0.000,0,0,16777216,1,0,1,0,1,1
3,final_left_i32,i32,4194304,glibc_t1,P5,10,2,1,6535033.00,0.0000,0.0000,6540000.0,0.0,2.000,33554432.0,0.000,0,0,33554432,2,0,0,0,1,1
3,final_left_i32,i32,4194304,glibc_t1,P6,10,3,1,6362773.00,0.0000,0.0000,6367000.0,0.0,1.000,16777216.0,0.000,0,0,16777216,1,1,0,0,1,1
3,final_left_i32,i32,4194304,glibc_t1,FIXED_TWIN,11,0,1,4264670.00,0.0000,0.0000,4270000.0,0.0,1.000,16777216.0,0.000,0,0,16777216,1,0,1,0,1,1
3,final_left_i32,i32,4194304,glibc_t1,P5,11,1,1,7320822.00,0.0000,0.0000,7327000.0,0.0,2.000,33554432.0,0.000,0,0,33554432,2,0,0,0,1,1
3,final_left_i32,i32,4194304,glibc_t1,P6,11,2,1,4618971.00,0.0000,0.0000,4624000.0,0.0,1.000,16777216.0,0.000,0,0,16777216,1,1,0,0,1,1
3,final_left_i32,i32,4194304,glibc_t1,P7,11,3,1,3873651.00,0.0000,0.0000,3881000.0,0.0,1.000,16777216.0,0.000,0,0,16777216,1,0,1,0,1,1
3,final_left_i32,i32,4194304,glibc_t1,P5,12,0,1,6309781.00,0.0000,0.0000,6317000.0,0.0,2.000,33554432.0,0.000,0,0,33554432,2,0,0,0,1,1
3,final_left_i32,i32,4194304,glibc_t1,P6,12,1,1,5194350.00,0.0000,0.0000,5201000.0,0.0,1.000,16777216.0,0.000,0,0,16777216,1,1,0,0,1,1
3,final_left_i32,i32,4194304,glibc_t1,P7,12,2,1,3659464.00,0.0000,0.0000,3664000.0,0.0,1.000,16777216.0,0.000,0,0,16777216,1,0,1,0,1,1
3,final_left_i32,i32,4194304,glibc_t1,FIXED_TWIN,12,3,1,3500385.00,0.0000,0.0000,3505000.0,0.0,1.000,16777216.0,0.000,0,0,16777216,1,0,1,0,1,1
3,final_left_i32,i32,4194304,glibc_t1,P6,13,0,1,4344385.00,0.0000,0.0000,4350000.0,0.0,1.000,16777216.0,0.000,0,0,16777216,1,1,0,0,1,1
3,final_left_i32,i32,4194304,glibc_t1,P7,13,1,1,3219023.00,0.0000,0.0000,3223000.0,0.0,1.000,16777216.0,0.000,0,0,16777216,1,0,1,0,1,1
3,final_left_i32,i32,4194304,glibc_t1,FIXED_TWIN,13,2,1,3038875.00,0.0000,0.0000,3042000.0,0.0,1.000,16777216.0,0.000,0,0,16777216,1,0,1,0,1,1
3,final_left_i32,i32,4194304,glibc_t1,P5,13,3,1,6441062.00,0.0000,0.0000,6449000.0,0.0,2.000,33554432.0,0.000,0,0,33554432,2,0,0,0,1,1
3,final_left_i32,i32,4194304,glibc_t1,P7,14,0,1,3848420.00,0.0000,0.0000,3855000.0,0.0,1.000,16777216.0,0.000,0,0,16777216,1,0,1,0,1,1
3,final_left_i32,i32,4194304,glibc_t1,FIXED_TWIN,14,1,1,3757545.00,0.0000,0.0000,3763000.0,0.0,1.000,16777216.0,0.000,0,0,16777216,1,0,1,0,1,1
3,final_left_i32,i32,4194304,glibc_t1,P5,14,2,1,8165085.00,0.0000,0.0000,8172000.0,0.0,2.000,33554432.0,0.000,0,0,33554432,2,0,0,0,1,1
3,final_left_i32,i32,4194304,glibc_t1,P6,14,3,1,6325549.00,0.0000,0.0000,6333000.0,0.0,1.000,16777216.0,0.000,0,0,16777216,1,1,0,0,1,1
3,final_left_i32,i32,16777216,glibc_t1,P5,0,0,1,79510622.00,32770.0000,0.0000,33623000.0,45892000.0,2.000,134217728.0,0.000,0,0,134217728,2,0,0,0,1,1
3,final_left_i32,i32,16777216,glibc_t1,P6,0,1,1,49872274.00,16385.0000,0.0000,28873000.0,21007000.0,1.000,67108864.0,0.000,0,0,67108864,1,1,0,0,1,1
3,final_left_i32,i32,16777216,glibc_t1,P7,0,2,1,43183812.00,16385.0000,0.0000,11620000.0,31571000.0,1.000,67108864.0,0.000,0,0,67108864,1,0,1,0,1,1
3,final_left_i32,i32,16777216,glibc_t1,FIXED_TWIN,0,3,1,42501622.00,16385.0000,0.0000,17157000.0,25337000.0,1.000,67108864.0,0.000,0,0,67108864,1,0,1,0,1,1
3,final_left_i32,i32,16777216,glibc_t1,P6,1,0,1,49721248.00,16385.0000,0.0000,30955000.0,18773000.0,1.000,67108864.0,0.000,0,0,67108864,1,1,0,0,1,1
3,final_left_i32,i32,16777216,glibc_t1,P7,1,1,1,42800738.00,16385.0000,0.0000,15445000.0,27361000.0,1.000,67108864.0,0.000,0,0,67108864,1,0,1,0,1,1
3,final_left_i32,i32,16777216,glibc_t1,FIXED_TWIN,1,2,1,42861822.00,16385.0000,0.0000,27481000.0,15386000.0,1.000,67108864.0,0.000,0,0,67108864,1,0,1,0,1,1
3,final_left_i32,i32,16777216,glibc_t1,P5,1,3,1,79334881.00,32770.0000,0.0000,29539000.0,49801000.0,2.000,134217728.0,0.000,0,0,134217728,2,0,0,0,1,1
3,final_left_i32,i32,16777216,glibc_t1,P7,2,0,1,43773383.00,16385.0000,0.0000,27893000.0,15864000.0,1.000,67108864.0,0.000,0,0,67108864,1,0,1,0,1,1
3,final_left_i32,i32,16777216,glibc_t1,FIXED_TWIN,2,1,1,42656913.00,16385.0000,0.0000,19381000.0,23281000.0,1.000,67108864.0,0.000,0,0,67108864,1,0,1,0,1,1
3,final_left_i32,i32,16777216,glibc_t1,P5,2,2,1,79208551.00,32770.0000,0.0000,23628000.0,55587000.0,2.000,134217728.0,0.000,0,0,134217728,2,0,0,0,1,1
3,final_left_i32,i32,16777216,glibc_t1,P6,2,3,1,49288480.00,16385.0000,0.0000,32605000.0,16689000.0,1.000,67108864.0,0.000,0,0,67108864,1,1,0,0,1,1
3,final_left_i32,i32,16777216,glibc_t1,FIXED_TWIN,3,0,1,43697815.00,16385.0000,0.0000,15860000.0,27793000.0,1.000,67108864.0,0.000,0,0,67108864,1,0,1,0,1,1
3,final_left_i32,i32,16777216,glibc_t1,P5,3,1,1,79305181.00,32770.0000,0.0000,39684000.0,39627000.0,2.000,134217728.0,0.000,0,0,134217728,2,0,0,0,1,1
3,final_left_i32,i32,16777216,glibc_t1,P6,3,2,1,50385079.00,16385.0000,0.0000,39239000.0,11090000.0,1.000,67108864.0,0.000,0,0,67108864,1,1,0,0,1,1
3,final_left_i32,i32,16777216,glibc_t1,P7,3,3,1,42934747.00,16385.0000,0.0000,27516000.0,15424000.0,1.000,67108864.0,0.000,0,0,67108864,1,0,1,0,1,1
3,final_left_i32,i32,16777216,glibc_t1,P5,4,0,1,79558344.00,32770.0000,0.0000,23790000.0,55775000.0,2.000,134217728.0,0.000,0,0,134217728,2,0,0,0,1,1
3,final_left_i32,i32,16777216,glibc_t1,P6,4,1,1,51880283.00,16385.0000,0.0000,19945000.0,31942000.0,1.000,67108864.0,0.000,0,0,67108864,1,1,0,0,1,1
3,final_left_i32,i32,16777216,glibc_t1,P7,4,2,1,44454873.00,16385.0000,0.0000,20213000.0,24248000.0,1.000,67108864.0,0.000,0,0,67108864,1,0,1,0,1,1
3,final_left_i32,i32,16777216,glibc_t1,FIXED_TWIN,4,3,1,43911556.00,16385.0000,0.0000,15959000.0,27959000.0,1.000,67108864.0,0.000,0,0,67108864,1,0,1,0,1,1
3,final_left_i32,i32,16777216,glibc_t1,P6,5,0,1,50760312.00,16385.0000,0.0000,29283000.0,21484000.0,1.000,67108864.0,0.000,0,0,67108864,1,1,0,0,1,1
3,final_left_i32,i32,16777216,glibc_t1,P7,5,1,1,43027992.00,16385.0000,0.0000,15550000.0,27452000.0,1.000,67108864.0,0.000,0,0,67108864,1,0,1,0,1,1
3,final_left_i32,i32,16777216,glibc_t1,FIXED_TWIN,5,2,1,45296557.00,16385.0000,0.0000,14745000.0,30548000.0,1.000,67108864.0,0.000,0,0,67108864,1,0,1,0,1,1
3,final_left_i32,i32,16777216,glibc_t1,P5,5,3,1,80750144.00,32770.0000,0.0000,12332000.0,68424000.0,2.000,134217728.0,0.000,0,0,134217728,2,0,0,0,1,1
3,final_left_i32,i32,16777216,glibc_t1,P7,6,0,1,42874191.00,16385.0000,0.0000,19483000.0,23398000.0,1.000,67108864.0,0.000,0,0,67108864,1,0,1,0,1,1
3,final_left_i32,i32,16777216,glibc_t1,FIXED_TWIN,6,1,1,44654310.00,16385.0000,0.0000,32313000.0,12346000.0,1.000,67108864.0,0.000,0,0,67108864,1,0,1,0,1,1
3,final_left_i32,i32,16777216,glibc_t1,P5,6,2,1,79610881.00,32770.0000,0.0000,35823000.0,43795000.0,2.000,134217728.0,0.000,0,0,134217728,2,0,0,0,1,1
3,final_left_i32,i32,16777216,glibc_t1,P6,6,3,1,49836365.00,16385.0000,0.0000,20849000.0,28993000.0,1.000,67108864.0,0.000,0,0,67108864,1,1,0,0,1,1
3,final_left_i32,i32,16777216,glibc_t1,FIXED_TWIN,7,0,1,43206197.00,16385.0000,0.0000,23638000.0,19529000.0,1.000,67108864.0,0.000,0,0,67108864,1,0,1,0,1,1
3,final_left_i32,i32,16777216,glibc_t1,P5,7,1,1,79543454.00,32770.0000,0.0000,27786000.0,51764000.0,2.000,134217728.0,0.000,0,0,134217728,2,0,0,0,1,1
3,final_left_i32,i32,16777216,glibc_t1,P6,7,2,1,50512854.00,16385.0000,0.0000,19308000.0,31199000.0,1.000,67108864.0,0.000,0,0,67108864,1,1,0,0,1,1
3,final_left_i32,i32,16777216,glibc_t1,P7,7,3,1,44586028.00,16385.0000,0.0000,22397000.0,22165000.0,1.000,67108864.0,0.000,0,0,67108864,1,0,1,0,1,1
3,final_left_i32,i32,16777216,glibc_t1,P5,8,0,1,79351871.00,32770.0000,0.0000,15689000.0,63636000.0,2.000,134217728.0,0.000,0,0,134217728,2,0,0,0,1,1
3,final_left_i32,i32,16777216,glibc_t1,P6,8,1,1,49537046.00,16385.0000,0.0000,34873000.0,14669000.0,1.000,67108864.0,0.000,0,0,67108864,1,1,0,0,1,1
3,final_left_i32,i32,16777216,glibc_t1,P7,8,2,1,42945118.00,16385.0000,0.0000,17361000.0,25546000.0,1.000,67108864.0,0.000,0,0,67108864,1,0,1,0,1,1
3,final_left_i32,i32,16777216,glibc_t1,FIXED_TWIN,8,3,1,42250758.00,16385.0000,0.0000,17041000.0,25215000.0,1.000,67108864.0,0.000,0,0,67108864,1,0,1,0,1,1
3,final_left_i32,i32,16777216,glibc_t1,P6,9,0,1,52172908.00,16385.0000,0.0000,28077000.0,24094000.0,1.000,67108864.0,0.000,0,0,67108864,1,1,0,0,1,1
3,final_left_i32,i32,16777216,glibc_t1,P7,9,1,1,43017830.00,16385.0000,0.0000,13392000.0,29595000.0,1.000,67108864.0,0.000,0,0,67108864,1,0,1,0,1,1
3,final_left_i32,i32,16777216,glibc_t1,FIXED_TWIN,9,2,1,44312340.00,16385.0000,0.0000,24145000.0,20164000.0,1.000,67108864.0,0.000,0,0,67108864,1,0,1,0,1,1
3,final_left_i32,i32,16777216,glibc_t1,P5,9,3,1,78363456.00,32770.0000,0.0000,21084000.0,57285000.0,2.000,134217728.0,0.000,0,0,134217728,2,0,0,0,1,1
3,final_left_i32,i32,16777216,glibc_t1,P7,10,0,1,43313278.00,16385.0000,0.0000,19685000.0,23633000.0,1.000,67108864.0,0.000,0,0,67108864,1,0,1,0,1,1
3,final_left_i32,i32,16777216,glibc_t1,FIXED_TWIN,10,1,1,42556848.00,16385.0000,0.0000,15333000.0,27230000.0,1.000,67108864.0,0.000,0,0,67108864,1,0,1,0,1,1
3,final_left_i32,i32,16777216,glibc_t1,P5,10,2,1,78359391.00,32770.0000,0.0000,19234000.0,59131000.0,2.000,134217728.0,0.000,0,0,134217728,2,0,0,0,1,1
3,final_left_i32,i32,16777216,glibc_t1,P6,10,3,1,50036733.00,16385.0000,0.0000,23096000.0,26946000.0,1.000,67108864.0,0.000,0,0,67108864,1,1,0,0,1,1
3,final_left_i32,i32,16777216,glibc_t1,FIXED_TWIN,11,0,1,43767363.00,16385.0000,0.0000,15893000.0,27880000.0,1.000,67108864.0,0.000,0,0,67108864,1,0,1,0,1,1
3,final_left_i32,i32,16777216,glibc_t1,P5,11,1,1,81477563.00,32770.0000,0.0000,22829000.0,58655000.0,2.000,134217728.0,0.000,0,0,134217728,2,0,0,0,1,1
3,final_left_i32,i32,16777216,glibc_t1,P6,11,2,1,51455259.00,16385.0000,0.0000,27755000.0,23709000.0,1.000,67108864.0,0.000,0,0,67108864,1,1,0,0,1,1
3,final_left_i32,i32,16777216,glibc_t1,P7,11,3,1,44696342.00,16385.0000,0.0000,8278000.0,36387000.0,1.000,67108864.0,0.000,0,0,67108864,1,0,1,0,1,1
3,final_left_i32,i32,16777216,glibc_t1,P5,12,0,1,79605650.00,32770.0000,0.0000,23811000.0,55735000.0,2.000,134217728.0,0.000,0,0,134217728,2,0,0,0,1,1
3,final_left_i32,i32,16777216,glibc_t1,P6,12,1,1,52849499.00,16385.0000,0.0000,26551000.0,26305000.0,1.000,67108864.0,0.000,0,0,67108864,1,1,0,0,1,1
3,final_left_i32,i32,16777216,glibc_t1,P7,12,2,1,43463383.00,16385.0000,0.0000,19755000.0,23715000.0,1.000,67108864.0,0.000,0,0,67108864,1,0,1,0,1,1
3,final_left_i32,i32,16777216,glibc_t1,FIXED_TWIN,12,3,1,43664247.00,16385.0000,0.0000,7840000.0,35830000.0,1.000,67108864.0,0.000,0,0,67108864,1,0,1,0,1,1
3,final_left_i32,i32,16777216,glibc_t1,P6,13,0,1,49653095.00,16385.0000,0.0000,24767000.0,24892000.0,1.000,67108864.0,0.000,0,0,67108864,1,1,0,0,1,1
3,final_left_i32,i32,16777216,glibc_t1,P7,13,1,1,42711784.00,16385.0000,0.0000,11403000.0,31273000.0,1.000,67108864.0,0.000,0,0,67108864,1,0,1,0,1,1
3,final_left_i32,i32,16777216,glibc_t1,FIXED_TWIN,13,2,1,43917933.00,16385.0000,0.0000,11960000.0,31965000.0,1.000,67108864.0,0.000,0,0,67108864,1,0,1,0,1,1
3,final_left_i32,i32,16777216,glibc_t1,P5,13,3,1,79861058.00,32770.0000,0.0000,27920000.0,51920000.0,2.000,134217728.0,0.000,0,0,134217728,2,0,0,0,1,1
3,final_left_i32,i32,16777216,glibc_t1,P7,14,0,1,42860179.00,16385.0000,0.0000,11471000.0,31394000.0,1.000,67108864.0,0.000,0,0,67108864,1,0,1,0,1,1
3,final_left_i32,i32,16777216,glibc_t1,FIXED_TWIN,14,1,1,45115495.00,16385.0000,0.0000,24520000.0,20602000.0,1.000,67108864.0,0.000,0,0,67108864,1,0,1,0,1,1
3,final_left_i32,i32,16777216,glibc_t1,P5,14,2,1,79766680.00,32770.0000,0.0000,23886000.0,55886000.0,2.000,134217728.0,0.000,0,0,134217728,2,0,0,0,1,1
3,final_left_i32,i32,16777216,glibc_t1,P6,14,3,1,49831564.00,16385.0000,0.0000,28851000.0,20986000.0,1.000,67108864.0,0.000,0,0,67108864,1,1,0,0,1,1
3,chain3_i32,i32,64,glibc_t1,P5,0,0,1000,1520.36,0.0000,0.0000,703.0,821.0,3.000,768.0,0.000,0,0,256512,3,0,0,0,1,1
3,chain3_i32,i32,64,glibc_t1,P6,0,1,1000,1525.59,0.0000,0.0000,1409.0,117.0,1.000,256.0,0.000,0,0,256000,1,2,0,0,1,1
3,chain3_i32,i32,64,glibc_t1,P7,0,2,1000,1567.00,0.0000,0.0000,1399.0,174.0,1.000,256.0,0.000,0,0,256000,1,1,1,0,1,1
3,chain3_i32,i32,64,glibc_t1,FIXED_TWIN,0,3,1000,1458.85,0.0000,0.0000,1366.0,95.0,1.000,256.0,0.000,0,0,256000,1,1,1,0,1,1
3,chain3_i32,i32,64,glibc_t1,P6,1,0,1000,1479.25,0.0000,0.0000,1401.0,79.0,1.000,256.0,0.000,0,0,256000,1,2,0,0,1,1
3,chain3_i32,i32,64,glibc_t1,P7,1,1,1000,1432.92,0.0000,0.0000,1401.0,33.0,1.000,256.0,0.000,0,0,256000,1,1,1,0,1,1
3,chain3_i32,i32,64,glibc_t1,FIXED_TWIN,1,2,1000,1443.99,0.0000,0.0000,1390.0,55.0,1.000,256.0,0.000,0,0,256000,1,1,1,0,1,1
3,chain3_i32,i32,64,glibc_t1,P5,1,3,1000,1512.13,0.0000,0.0000,1389.0,124.0,3.000,768.0,0.000,0,0,256512,3,0,0,0,1,1
3,chain3_i32,i32,64,glibc_t1,P7,2,0,1000,1442.50,0.0000,0.0000,1412.0,32.0,1.000,256.0,0.000,0,0,256000,1,1,1,0,1,1
3,chain3_i32,i32,64,glibc_t1,FIXED_TWIN,2,1,1000,1449.95,0.0000,0.0000,1413.0,37.0,1.000,256.0,0.000,0,0,256000,1,1,1,0,1,1
3,chain3_i32,i32,64,glibc_t1,P5,2,2,1000,1531.75,0.0000,0.0000,1532.0,0.0,3.000,768.0,0.000,0,0,256512,3,0,0,0,1,1
3,chain3_i32,i32,64,glibc_t1,P6,2,3,1000,1532.97,0.0000,0.0000,1495.0,0.0,1.000,256.0,0.000,0,0,256000,1,2,0,0,1,1
3,chain3_i32,i32,64,glibc_t1,FIXED_TWIN,3,0,1000,1451.41,0.0000,0.0000,1455.0,0.0,1.000,256.0,0.000,0,0,256000,1,1,1,0,1,1
3,chain3_i32,i32,64,glibc_t1,P5,3,1,1000,1520.90,0.0000,0.0000,1522.0,0.0,3.000,768.0,0.000,0,0,256512,3,0,0,0,1,1
3,chain3_i32,i32,64,glibc_t1,P6,3,2,1000,1471.90,0.0000,0.0000,1473.0,0.0,1.000,256.0,0.000,0,0,256000,1,2,0,0,1,1
3,chain3_i32,i32,64,glibc_t1,P7,3,3,1000,1458.81,0.0000,0.0000,1459.0,0.0,1.000,256.0,0.000,0,0,256000,1,1,1,0,1,1
3,chain3_i32,i32,64,glibc_t1,P5,4,0,1000,1518.76,0.0000,0.0000,1520.0,0.0,3.000,768.0,0.000,0,0,256512,3,0,0,0,1,1
3,chain3_i32,i32,64,glibc_t1,P6,4,1,1000,1470.05,0.0000,0.0000,1470.0,0.0,1.000,256.0,0.000,0,0,256000,1,2,0,0,1,1
3,chain3_i32,i32,64,glibc_t1,P7,4,2,1000,1440.52,0.0000,0.0000,1441.0,0.0,1.000,256.0,0.000,0,0,256000,1,1,1,0,1,1
3,chain3_i32,i32,64,glibc_t1,FIXED_TWIN,4,3,1000,1446.72,0.0000,0.0000,1448.0,0.0,1.000,256.0,0.000,0,0,256000,1,1,1,0,1,1
3,chain3_i32,i32,64,glibc_t1,P6,5,0,1000,1470.68,0.0000,0.0000,1472.0,0.0,1.000,256.0,0.000,0,0,256000,1,2,0,0,1,1
3,chain3_i32,i32,64,glibc_t1,P7,5,1,1000,1441.88,0.0000,0.0000,1443.0,0.0,1.000,256.0,0.000,0,0,256000,1,1,1,0,1,1
3,chain3_i32,i32,64,glibc_t1,FIXED_TWIN,5,2,1000,1440.10,0.0000,0.0000,1441.0,0.0,1.000,256.0,0.000,0,0,256000,1,1,1,0,1,1
3,chain3_i32,i32,64,glibc_t1,P5,5,3,1000,1503.75,0.0000,0.0000,1505.0,0.0,3.000,768.0,0.000,0,0,256512,3,0,0,0,1,1
3,chain3_i32,i32,64,glibc_t1,P7,6,0,1000,1421.27,0.0000,0.0000,1422.0,0.0,1.000,256.0,0.000,0,0,256000,1,1,1,0,1,1
3,chain3_i32,i32,64,glibc_t1,FIXED_TWIN,6,1,1000,1543.01,0.0000,0.0000,1545.0,0.0,1.000,256.0,0.000,0,0,256000,1,1,1,0,1,1
3,chain3_i32,i32,64,glibc_t1,P5,6,2,1000,1500.95,0.0000,0.0000,1502.0,0.0,3.000,768.0,0.000,0,0,256512,3,0,0,0,1,1
3,chain3_i32,i32,64,glibc_t1,P6,6,3,1000,1461.93,0.0000,0.0000,1463.0,0.0,1.000,256.0,0.000,0,0,256000,1,2,0,0,1,1
3,chain3_i32,i32,64,glibc_t1,FIXED_TWIN,7,0,1000,1430.89,0.0000,0.0000,1432.0,0.0,1.000,256.0,0.000,0,0,256000,1,1,1,0,1,1
3,chain3_i32,i32,64,glibc_t1,P5,7,1,1000,1517.35,0.0000,0.0000,1518.0,0.0,3.000,768.0,0.000,0,0,256512,3,0,0,0,1,1
3,chain3_i32,i32,64,glibc_t1,P6,7,2,1000,1463.03,0.0000,0.0000,1464.0,0.0,1.000,256.0,0.000,0,0,256000,1,2,0,0,1,1
3,chain3_i32,i32,64,glibc_t1,P7,7,3,1000,1430.64,0.0000,0.0000,1432.0,0.0,1.000,256.0,0.000,0,0,256000,1,1,1,0,1,1
3,chain3_i32,i32,64,glibc_t1,P5,8,0,1000,1492.87,0.0000,0.0000,1494.0,0.0,3.000,768.0,0.000,0,0,256512,3,0,0,0,1,1
3,chain3_i32,i32,64,glibc_t1,P6,8,1,1000,1461.48,0.0000,0.0000,1462.0,0.0,1.000,256.0,0.000,0,0,256000,1,2,0,0,1,1
3,chain3_i32,i32,64,glibc_t1,P7,8,2,1000,1444.84,0.0000,0.0000,1445.0,0.0,1.000,256.0,0.000,0,0,256000,1,1,1,0,1,1
3,chain3_i32,i32,64,glibc_t1,FIXED_TWIN,8,3,1000,1466.21,0.0000,0.0000,1469.0,0.0,1.000,256.0,0.000,0,0,256000,1,1,1,0,1,1
3,chain3_i32,i32,64,glibc_t1,P6,9,0,1000,1449.14,0.0000,0.0000,1450.0,0.0,1.000,256.0,0.000,0,0,256000,1,2,0,0,1,1
3,chain3_i32,i32,64,glibc_t1,P7,9,1,1000,1439.87,0.0000,0.0000,1440.0,0.0,1.000,256.0,0.000,0,0,256000,1,1,1,0,1,1
3,chain3_i32,i32,64,glibc_t1,FIXED_TWIN,9,2,1000,1428.52,0.0000,0.0000,1429.0,0.0,1.000,256.0,0.000,0,0,256000,1,1,1,0,1,1
3,chain3_i32,i32,64,glibc_t1,P5,9,3,1000,1483.88,0.0000,0.0000,1484.0,0.0,3.000,768.0,0.000,0,0,256512,3,0,0,0,1,1
3,chain3_i32,i32,64,glibc_t1,P7,10,0,1000,1445.22,0.0000,0.0000,1446.0,0.0,1.000,256.0,0.000,0,0,256000,1,1,1,0,1,1
3,chain3_i32,i32,64,glibc_t1,FIXED_TWIN,10,1,1000,1425.09,0.0000,0.0000,1426.0,0.0,1.000,256.0,0.000,0,0,256000,1,1,1,0,1,1
3,chain3_i32,i32,64,glibc_t1,P5,10,2,1000,1528.96,0.0000,0.0000,1530.0,0.0,3.000,768.0,0.000,0,0,256512,3,0,0,0,1,1
3,chain3_i32,i32,64,glibc_t1,P6,10,3,1000,1743.62,0.0000,0.0000,1745.0,0.0,1.000,256.0,0.000,0,0,256000,1,2,0,0,1,1
3,chain3_i32,i32,64,glibc_t1,FIXED_TWIN,11,0,1000,1455.92,0.0000,0.0000,1457.0,0.0,1.000,256.0,0.000,0,0,256000,1,1,1,0,1,1
3,chain3_i32,i32,64,glibc_t1,P5,11,1,1000,1583.78,0.0000,0.0000,1588.0,0.0,3.000,768.0,0.000,0,0,256512,3,0,0,0,1,1
3,chain3_i32,i32,64,glibc_t1,P6,11,2,1000,1557.23,0.0000,0.0000,1559.0,0.0,1.000,256.0,0.000,0,0,256000,1,2,0,0,1,1
3,chain3_i32,i32,64,glibc_t1,P7,11,3,1000,1483.37,0.0000,0.0000,1484.0,0.0,1.000,256.0,0.000,0,0,256000,1,1,1,0,1,1
3,chain3_i32,i32,64,glibc_t1,P5,12,0,1000,1551.88,0.0000,0.0000,1553.0,0.0,3.000,768.0,0.000,0,0,256512,3,0,0,0,1,1
3,chain3_i32,i32,64,glibc_t1,P6,12,1,1000,1548.97,0.0000,0.0000,1551.0,0.0,1.000,256.0,0.000,0,0,256000,1,2,0,0,1,1
3,chain3_i32,i32,64,glibc_t1,P7,12,2,1000,1429.97,0.0000,0.0000,1431.0,0.0,1.000,256.0,0.000,0,0,256000,1,1,1,0,1,1
3,chain3_i32,i32,64,glibc_t1,FIXED_TWIN,12,3,1000,1429.87,0.0000,0.0000,1431.0,0.0,1.000,256.0,0.000,0,0,256000,1,1,1,0,1,1
3,chain3_i32,i32,64,glibc_t1,P6,13,0,1000,1459.54,0.0000,0.0000,1460.0,0.0,1.000,256.0,0.000,0,0,256000,1,2,0,0,1,1
3,chain3_i32,i32,64,glibc_t1,P7,13,1,1000,1443.18,0.0000,0.0000,1446.0,0.0,1.000,256.0,0.000,0,0,256000,1,1,1,0,1,1
3,chain3_i32,i32,64,glibc_t1,FIXED_TWIN,13,2,1000,1441.22,0.0000,0.0000,1442.0,0.0,1.000,256.0,0.000,0,0,256000,1,1,1,0,1,1
3,chain3_i32,i32,64,glibc_t1,P5,13,3,1000,1509.95,0.0000,0.0000,1511.0,0.0,3.000,768.0,0.000,0,0,256512,3,0,0,0,1,1
3,chain3_i32,i32,64,glibc_t1,P7,14,0,1000,1441.97,0.0000,0.0000,1443.0,0.0,1.000,256.0,0.000,0,0,256000,1,1,1,0,1,1
3,chain3_i32,i32,64,glibc_t1,FIXED_TWIN,14,1,1000,1437.44,0.0000,0.0000,1438.0,0.0,1.000,256.0,0.000,0,0,256000,1,1,1,0,1,1
3,chain3_i32,i32,64,glibc_t1,P5,14,2,1000,1491.27,0.0000,0.0000,1492.0,0.0,3.000,768.0,0.000,0,0,256512,3,0,0,0,1,1
3,chain3_i32,i32,64,glibc_t1,P6,14,3,1000,1459.95,0.0000,0.0000,1461.0,0.0,1.000,256.0,0.000,0,0,256000,1,2,0,0,1,1
3,chain3_i32,i32,1024,glibc_t1,P5,0,0,1000,1938.48,0.0000,0.0000,1943.0,0.0,3.000,12288.0,0.000,0,0,4104192,3,0,0,0,1,1
3,chain3_i32,i32,1024,glibc_t1,P6,0,1,1000,1864.66,0.0000,0.0000,1866.0,0.0,1.000,4096.0,0.000,0,0,4096000,1,2,0,0,1,1
3,chain3_i32,i32,1024,glibc_t1,P7,0,2,1000,1801.13,0.0000,0.0000,1803.0,0.0,1.000,4096.0,0.000,0,0,4096000,1,1,1,0,1,1
3,chain3_i32,i32,1024,glibc_t1,FIXED_TWIN,0,3,1000,1758.44,0.0000,0.0000,1762.0,0.0,1.000,4096.0,0.000,0,0,4096000,1,1,1,0,1,1
3,chain3_i32,i32,1024,glibc_t1,P6,1,0,1000,1878.04,0.0000,0.0000,1880.0,0.0,1.000,4096.0,0.000,0,0,4096000,1,2,0,0,1,1
3,chain3_i32,i32,1024,glibc_t1,P7,1,1,1000,1722.90,0.0000,0.0000,1724.0,0.0,1.000,4096.0,0.000,0,0,4096000,1,1,1,0,1,1
3,chain3_i32,i32,1024,glibc_t1,FIXED_TWIN,1,2,1000,1715.91,0.0000,0.0000,1718.0,0.0,1.000,4096.0,0.000,0,0,4096000,1,1,1,0,1,1
3,chain3_i32,i32,1024,glibc_t1,P5,1,3,1000,1923.83,0.0000,0.0000,1925.0,0.0,3.000,12288.0,0.000,0,0,4104192,3,0,0,0,1,1
3,chain3_i32,i32,1024,glibc_t1,P7,2,0,1000,1740.66,0.0000,0.0000,1742.0,0.0,1.000,4096.0,0.000,0,0,4096000,1,1,1,0,1,1
3,chain3_i32,i32,1024,glibc_t1,FIXED_TWIN,2,1,1000,1854.92,0.0000,0.0000,1857.0,0.0,1.000,4096.0,0.000,0,0,4096000,1,1,1,0,1,1
3,chain3_i32,i32,1024,glibc_t1,P5,2,2,1000,1912.75,0.0000,0.0000,1915.0,0.0,3.000,12288.0,0.000,0,0,4104192,3,0,0,0,1,1
3,chain3_i32,i32,1024,glibc_t1,P6,2,3,1000,1876.22,0.0000,0.0000,1878.0,0.0,1.000,4096.0,0.000,0,0,4096000,1,2,0,0,1,1
3,chain3_i32,i32,1024,glibc_t1,FIXED_TWIN,3,0,1000,1749.97,0.0000,0.0000,1752.0,0.0,1.000,4096.0,0.000,0,0,4096000,1,1,1,0,1,1
3,chain3_i32,i32,1024,glibc_t1,P5,3,1,1000,1932.54,0.0000,0.0000,1934.0,0.0,3.000,12288.0,0.000,0,0,4104192,3,0,0,0,1,1
3,chain3_i32,i32,1024,glibc_t1,P6,3,2,1000,1823.16,0.0000,0.0000,1825.0,0.0,1.000,4096.0,0.000,0,0,4096000,1,2,0,0,1,1
3,chain3_i32,i32,1024,glibc_t1,P7,3,3,1000,1741.42,0.0000,0.0000,1744.0,0.0,1.000,4096.0,0.000,0,0,4096000,1,1,1,0,1,1
3,chain3_i32,i32,1024,glibc_t1,P5,4,0,1000,1940.70,0.0000,0.0000,1942.0,0.0,3.000,12288.0,0.000,0,0,4104192,3,0,0,0,1,1
3,chain3_i32,i32,1024,glibc_t1,P6,4,1,1000,1910.79,0.0000,0.0000,1913.0,0.0,1.000,4096.0,0.000,0,0,4096000,1,2,0,0,1,1
3,chain3_i32,i32,1024,glibc_t1,P7,4,2,1000,1707.63,0.0000,0.0000,1709.0,0.0,1.000,4096.0,0.000,0,0,4096000,1,1,1,0,1,1
3,chain3_i32,i32,1024,glibc_t1,FIXED_TWIN,4,3,1000,1880.94,0.0000,0.0000,1751.0,0.0,1.000,4096.0,0.000,0,0,4096000,1,1,1,0,1,1
3,chain3_i32,i32,1024,glibc_t1,P6,5,0,1000,1874.77,0.0000,0.0000,1879.0,0.0,1.000,4096.0,0.000,0,0,4096000,1,2,0,0,1,1
3,chain3_i32,i32,1024,glibc_t1,P7,5,1,1000,1734.31,0.0000,0.0000,1736.0,0.0,1.000,4096.0,0.000,0,0,4096000,1,1,1,0,1,1
3,chain3_i32,i32,1024,glibc_t1,FIXED_TWIN,5,2,1000,1719.29,0.0000,0.0000,1721.0,0.0,1.000,4096.0,0.000,0,0,4096000,1,1,1,0,1,1
3,chain3_i32,i32,1024,glibc_t1,P5,5,3,1000,1949.42,0.0000,0.0000,1951.0,0.0,3.000,12288.0,0.000,0,0,4104192,3,0,0,0,1,1
3,chain3_i32,i32,1024,glibc_t1,P7,6,0,1000,1813.78,0.0000,0.0000,1817.0,0.0,1.000,4096.0,0.000,0,0,4096000,1,1,1,0,1,1
3,chain3_i32,i32,1024,glibc_t1,FIXED_TWIN,6,1,1000,1719.89,0.0000,0.0000,1721.0,0.0,1.000,4096.0,0.000,0,0,4096000,1,1,1,0,1,1
3,chain3_i32,i32,1024,glibc_t1,P5,6,2,1000,2012.41,0.0000,0.0000,2014.0,0.0,3.000,12288.0,0.000,0,0,4104192,3,0,0,0,1,1
3,chain3_i32,i32,1024,glibc_t1,P6,6,3,1000,1858.06,0.0000,0.0000,1859.0,0.0,1.000,4096.0,0.000,0,0,4096000,1,2,0,0,1,1
3,chain3_i32,i32,1024,glibc_t1,FIXED_TWIN,7,0,1000,1719.26,0.0000,0.0000,1721.0,0.0,1.000,4096.0,0.000,0,0,4096000,1,1,1,0,1,1
3,chain3_i32,i32,1024,glibc_t1,P5,7,1,1000,1934.35,0.0000,0.0000,1937.0,0.0,3.000,12288.0,0.000,0,0,4104192,3,0,0,0,1,1
3,chain3_i32,i32,1024,glibc_t1,P6,7,2,1000,1908.18,0.0000,0.0000,1882.0,0.0,1.000,4096.0,0.000,0,0,4096000,1,2,0,0,1,1
3,chain3_i32,i32,1024,glibc_t1,P7,7,3,1000,1757.30,0.0000,0.0000,1758.0,0.0,1.000,4096.0,0.000,0,0,4096000,1,1,1,0,1,1
3,chain3_i32,i32,1024,glibc_t1,P5,8,0,1000,1942.58,0.0000,0.0000,1945.0,0.0,3.000,12288.0,0.000,0,0,4104192,3,0,0,0,1,1
3,chain3_i32,i32,1024,glibc_t1,P6,8,1,1000,1872.34,0.0000,0.0000,1874.0,0.0,1.000,4096.0,0.000,0,0,4096000,1,2,0,0,1,1
3,chain3_i32,i32,1024,glibc_t1,P7,8,2,1000,1778.81,0.0000,0.0000,1781.0,0.0,1.000,4096.0,0.000,0,0,4096000,1,1,1,0,1,1
3,chain3_i32,i32,1024,glibc_t1,FIXED_TWIN,8,3,1000,1757.71,0.0000,0.0000,1761.0,0.0,1.000,4096.0,0.000,0,0,4096000,1,1,1,0,1,1
3,chain3_i32,i32,1024,glibc_t1,P6,9,0,1000,1840.24,0.0000,0.0000,1841.0,0.0,1.000,4096.0,0.000,0,0,4096000,1,2,0,0,1,1
3,chain3_i32,i32,1024,glibc_t1,P7,9,1,1000,1743.19,0.0000,0.0000,1745.0,0.0,1.000,4096.0,0.000,0,0,4096000,1,1,1,0,1,1
3,chain3_i32,i32,1024,glibc_t1,FIXED_TWIN,9,2,1000,1715.68,0.0000,0.0000,1718.0,0.0,1.000,4096.0,0.000,0,0,4096000,1,1,1,0,1,1
3,chain3_i32,i32,1024,glibc_t1,P5,9,3,1000,2000.14,0.0000,0.0000,2005.0,0.0,3.000,12288.0,0.000,0,0,4104192,3,0,0,0,1,1
3,chain3_i32,i32,1024,glibc_t1,P7,10,0,1000,1829.92,0.0000,0.0000,1834.0,0.0,1.000,4096.0,0.000,0,0,4096000,1,1,1,0,1,1
3,chain3_i32,i32,1024,glibc_t1,FIXED_TWIN,10,1,1000,1807.29,0.0000,0.0000,1809.0,0.0,1.000,4096.0,0.000,0,0,4096000,1,1,1,0,1,1
3,chain3_i32,i32,1024,glibc_t1,P5,10,2,1000,2032.12,0.0000,0.0000,2035.0,0.0,3.000,12288.0,0.000,0,0,4104192,3,0,0,0,1,1
3,chain3_i32,i32,1024,glibc_t1,P6,10,3,1000,2046.04,0.0000,0.0000,2050.0,0.0,1.000,4096.0,0.000,0,0,4096000,1,2,0,0,1,1
3,chain3_i32,i32,1024,glibc_t1,FIXED_TWIN,11,0,1000,1906.03,0.0000,0.0000,1911.0,0.0,1.000,4096.0,0.000,0,0,4096000,1,1,1,0,1,1
3,chain3_i32,i32,1024,glibc_t1,P5,11,1,1000,2046.38,0.0000,0.0000,2051.0,0.0,3.000,12288.0,0.000,0,0,4104192,3,0,0,0,1,1
3,chain3_i32,i32,1024,glibc_t1,P6,11,2,1000,1939.92,0.0000,0.0000,1943.0,0.0,1.000,4096.0,0.000,0,0,4096000,1,2,0,0,1,1
3,chain3_i32,i32,1024,glibc_t1,P7,11,3,1000,1757.47,0.0000,0.0000,1760.0,0.0,1.000,4096.0,0.000,0,0,4096000,1,1,1,0,1,1
3,chain3_i32,i32,1024,glibc_t1,P5,12,0,1000,1972.28,0.0000,0.0000,1974.0,0.0,3.000,12288.0,0.000,0,0,4104192,3,0,0,0,1,1
3,chain3_i32,i32,1024,glibc_t1,P6,12,1,1000,1868.26,0.0000,0.0000,1872.0,0.0,1.000,4096.0,0.000,0,0,4096000,1,2,0,0,1,1
3,chain3_i32,i32,1024,glibc_t1,P7,12,2,1000,1716.07,0.0000,0.0000,1718.0,0.0,1.000,4096.0,0.000,0,0,4096000,1,1,1,0,1,1
3,chain3_i32,i32,1024,glibc_t1,FIXED_TWIN,12,3,1000,1824.06,0.0000,0.0000,1826.0,0.0,1.000,4096.0,0.000,0,0,4096000,1,1,1,0,1,1
3,chain3_i32,i32,1024,glibc_t1,P6,13,0,1000,1856.83,0.0000,0.0000,1859.0,0.0,1.000,4096.0,0.000,0,0,4096000,1,2,0,0,1,1
3,chain3_i32,i32,1024,glibc_t1,P7,13,1,1000,1738.18,0.0000,0.0000,1740.0,0.0,1.000,4096.0,0.000,0,0,4096000,1,1,1,0,1,1
3,chain3_i32,i32,1024,glibc_t1,FIXED_TWIN,13,2,1000,1731.29,0.0000,0.0000,1733.0,0.0,1.000,4096.0,0.000,0,0,4096000,1,1,1,0,1,1
3,chain3_i32,i32,1024,glibc_t1,P5,13,3,1000,1997.20,0.0000,0.0000,1935.0,0.0,3.000,12288.0,0.000,0,0,4104192,3,0,0,0,1,1
3,chain3_i32,i32,1024,glibc_t1,P7,14,0,1000,1719.98,0.0000,0.0000,1721.0,0.0,1.000,4096.0,0.000,0,0,4096000,1,1,1,0,1,1
3,chain3_i32,i32,1024,glibc_t1,FIXED_TWIN,14,1,1000,1758.28,0.0000,0.0000,1759.0,0.0,1.000,4096.0,0.000,0,0,4096000,1,1,1,0,1,1
3,chain3_i32,i32,1024,glibc_t1,P5,14,2,1000,1922.66,0.0000,0.0000,1924.0,0.0,3.000,12288.0,0.000,0,0,4104192,3,0,0,0,1,1
3,chain3_i32,i32,1024,glibc_t1,P6,14,3,1000,1822.50,0.0000,0.0000,1824.0,0.0,1.000,4096.0,0.000,0,0,4096000,1,2,0,0,1,1
3,chain3_i32,i32,4096,glibc_t1,P5,0,0,1,2232.00,0.0000,0.0000,3000.0,0.0,3.000,49152.0,0.000,0,0,49152,3,0,0,0,1,1
3,chain3_i32,i32,4096,glibc_t1,P6,0,1,1,1885.00,0.0000,0.0000,3000.0,0.0,1.000,16384.0,0.000,0,0,16384,1,2,0,0,1,1
3,chain3_i32,i32,4096,glibc_t1,P7,0,2,1,1796.00,0.0000,0.0000,3000.0,0.0,1.000,16384.0,0.000,0,0,16384,1,1,1,0,1,1
3,chain3_i32,i32,4096,glibc_t1,FIXED_TWIN,0,3,1,1793.00,0.0000,0.0000,2000.0,0.0,1.000,16384.0,0.000,0,0,16384,1,1,1,0,1,1
3,chain3_i32,i32,4096,glibc_t1,P6,1,0,1,1970.00,0.0000,0.0000,3000.0,0.0,1.000,16384.0,0.000,0,0,16384,1,2,0,0,1,1
3,chain3_i32,i32,4096,glibc_t1,P7,1,1,1,1828.00,0.0000,0.0000,2000.0,0.0,1.000,16384.0,0.000,0,0,16384,1,1,1,0,1,1
3,chain3_i32,i32,4096,glibc_t1,FIXED_TWIN,1,2,1,1833.00,0.0000,0.0000,3000.0,0.0,1.000,16384.0,0.000,0,0,16384,1,1,1,0,1,1
3,chain3_i32,i32,4096,glibc_t1,P5,1,3,1,2225.00,0.0000,0.0000,3000.0,0.0,3.000,49152.0,0.000,0,0,49152,3,0,0,0,1,1
3,chain3_i32,i32,4096,glibc_t1,P7,2,0,1,1774.00,0.0000,0.0000,2000.0,0.0,1.000,16384.0,0.000,0,0,16384,1,1,1,0,1,1
3,chain3_i32,i32,4096,glibc_t1,FIXED_TWIN,2,1,1,1771.00,0.0000,0.0000,3000.0,0.0,1.000,16384.0,0.000,0,0,16384,1,1,1,0,1,1
3,chain3_i32,i32,4096,glibc_t1,P5,2,2,1,2213.00,0.0000,0.0000,3000.0,0.0,3.000,49152.0,0.000,0,0,49152,3,0,0,0,1,1
3,chain3_i32,i32,4096,glibc_t1,P6,2,3,1,1929.00,0.0000,0.0000,2000.0,0.0,1.000,16384.0,0.000,0,0,16384,1,2,0,0,1,1
3,chain3_i32,i32,4096,glibc_t1,FIXED_TWIN,3,0,1,1789.00,0.0000,0.0000,3000.0,0.0,1.000,16384.0,0.000,0,0,16384,1,1,1,0,1,1
3,chain3_i32,i32,4096,glibc_t1,P5,3,1,1,2176.00,0.0000,0.0000,3000.0,0.0,3.000,49152.0,0.000,0,0,49152,3,0,0,0,1,1
3,chain3_i32,i32,4096,glibc_t1,P6,3,2,1,2052.00,0.0000,0.0000,3000.0,0.0,1.000,16384.0,0.000,0,0,16384,1,2,0,0,1,1
3,chain3_i32,i32,4096,glibc_t1,P7,3,3,1,1874.00,0.0000,0.0000,2000.0,0.0,1.000,16384.0,0.000,0,0,16384,1,1,1,0,1,1
3,chain3_i32,i32,4096,glibc_t1,P5,4,0,1,2278.00,0.0000,0.0000,3000.0,0.0,3.000,49152.0,0.000,0,0,49152,3,0,0,0,1,1
3,chain3_i32,i32,4096,glibc_t1,P6,4,1,1,1943.00,0.0000,0.0000,2000.0,0.0,1.000,16384.0,0.000,0,0,16384,1,2,0,0,1,1
3,chain3_i32,i32,4096,glibc_t1,P7,4,2,1,1831.00,0.0000,0.0000,3000.0,0.0,1.000,16384.0,0.000,0,0,16384,1,1,1,0,1,1
3,chain3_i32,i32,4096,glibc_t1,FIXED_TWIN,4,3,1,1827.00,0.0000,0.0000,2000.0,0.0,1.000,16384.0,0.000,0,0,16384,1,1,1,0,1,1
3,chain3_i32,i32,4096,glibc_t1,P6,5,0,1,2089.00,0.0000,0.0000,3000.0,0.0,1.000,16384.0,0.000,0,0,16384,1,2,0,0,1,1
3,chain3_i32,i32,4096,glibc_t1,P7,5,1,1,1779.00,0.0000,0.0000,3000.0,0.0,1.000,16384.0,0.000,0,0,16384,1,1,1,0,1,1
3,chain3_i32,i32,4096,glibc_t1,FIXED_TWIN,5,2,1,1749.00,0.0000,0.0000,2000.0,0.0,1.000,16384.0,0.000,0,0,16384,1,1,1,0,1,1
3,chain3_i32,i32,4096,glibc_t1,P5,5,3,1,2379.00,0.0000,0.0000,2000.0,0.0,3.000,49152.0,0.000,0,0,49152,3,0,0,0,1,1
3,chain3_i32,i32,4096,glibc_t1,P7,6,0,1,1785.00,0.0000,0.0000,2000.0,0.0,1.000,16384.0,0.000,0,0,16384,1,1,1,0,1,1
3,chain3_i32,i32,4096,glibc_t1,FIXED_TWIN,6,1,1,1755.00,0.0000,0.0000,2000.0,0.0,1.000,16384.0,0.000,0,0,16384,1,1,1,0,1,1
3,chain3_i32,i32,4096,glibc_t1,P5,6,2,1,6415.00,0.0000,0.0000,7000.0,0.0,3.000,49152.0,0.000,0,0,49152,3,0,0,0,1,1
3,chain3_i32,i32,4096,glibc_t1,P6,6,3,1,1906.00,0.0000,0.0000,3000.0,0.0,1.000,16384.0,0.000,0,0,16384,1,2,0,0,1,1
3,chain3_i32,i32,4096,glibc_t1,FIXED_TWIN,7,0,1,1791.00,0.0000,0.0000,2000.0,0.0,1.000,16384.0,0.000,0,0,16384,1,1,1,0,1,1
3,chain3_i32,i32,4096,glibc_t1,P5,7,1,1,2190.00,0.0000,0.0000,2000.0,0.0,3.000,49152.0,0.000,0,0,49152,3,0,0,0,1,1
3,chain3_i32,i32,4096,glibc_t1,P6,7,2,1,1924.00,0.0000,0.0000,2000.0,0.0,1.000,16384.0,0.000,0,0,16384,1,2,0,0,1,1
3,chain3_i32,i32,4096,glibc_t1,P7,7,3,1,1794.00,0.0000,0.0000,2000.0,0.0,1.000,16384.0,0.000,0,0,16384,1,1,1,0,1,1
3,chain3_i32,i32,4096,glibc_t1,P5,8,0,1,2157.00,0.0000,0.0000,2000.0,0.0,3.000,49152.0,0.000,0,0,49152,3,0,0,0,1,1
3,chain3_i32,i32,4096,glibc_t1,P6,8,1,1,1913.00,0.0000,0.0000,2000.0,0.0,1.000,16384.0,0.000,0,0,16384,1,2,0,0,1,1
3,chain3_i32,i32,4096,glibc_t1,P7,8,2,1,1825.00,0.0000,0.0000,3000.0,0.0,1.000,16384.0,0.000,0,0,16384,1,1,1,0,1,1
3,chain3_i32,i32,4096,glibc_t1,FIXED_TWIN,8,3,1,1787.00,0.0000,0.0000,2000.0,0.0,1.000,16384.0,0.000,0,0,16384,1,1,1,0,1,1
3,chain3_i32,i32,4096,glibc_t1,P6,9,0,1,1927.00,0.0000,0.0000,2000.0,0.0,1.000,16384.0,0.000,0,0,16384,1,2,0,0,1,1
3,chain3_i32,i32,4096,glibc_t1,P7,9,1,1,1791.00,0.0000,0.0000,2000.0,0.0,1.000,16384.0,0.000,0,0,16384,1,1,1,0,1,1
3,chain3_i32,i32,4096,glibc_t1,FIXED_TWIN,9,2,1,1795.00,0.0000,0.0000,2000.0,0.0,1.000,16384.0,0.000,0,0,16384,1,1,1,0,1,1
3,chain3_i32,i32,4096,glibc_t1,P5,9,3,1,2188.00,0.0000,0.0000,3000.0,0.0,3.000,49152.0,0.000,0,0,49152,3,0,0,0,1,1
3,chain3_i32,i32,4096,glibc_t1,P7,10,0,1,1772.00,0.0000,0.0000,2000.0,0.0,1.000,16384.0,0.000,0,0,16384,1,1,1,0,1,1
3,chain3_i32,i32,4096,glibc_t1,FIXED_TWIN,10,1,1,1771.00,0.0000,0.0000,2000.0,0.0,1.000,16384.0,0.000,0,0,16384,1,1,1,0,1,1
3,chain3_i32,i32,4096,glibc_t1,P5,10,2,1,2191.00,0.0000,0.0000,3000.0,0.0,3.000,49152.0,0.000,0,0,49152,3,0,0,0,1,1
3,chain3_i32,i32,4096,glibc_t1,P6,10,3,1,1960.00,0.0000,0.0000,3000.0,0.0,1.000,16384.0,0.000,0,0,16384,1,2,0,0,1,1
3,chain3_i32,i32,4096,glibc_t1,FIXED_TWIN,11,0,1,2613.00,0.0000,0.0000,3000.0,0.0,1.000,16384.0,0.000,0,0,16384,1,1,1,0,1,1
3,chain3_i32,i32,4096,glibc_t1,P5,11,1,1,2224.00,0.0000,0.0000,2000.0,0.0,3.000,49152.0,0.000,0,0,49152,3,0,0,0,1,1
3,chain3_i32,i32,4096,glibc_t1,P6,11,2,1,1941.00,0.0000,0.0000,2000.0,0.0,1.000,16384.0,0.000,0,0,16384,1,2,0,0,1,1
3,chain3_i32,i32,4096,glibc_t1,P7,11,3,1,1794.00,0.0000,0.0000,2000.0,0.0,1.000,16384.0,0.000,0,0,16384,1,1,1,0,1,1
3,chain3_i32,i32,4096,glibc_t1,P5,12,0,1,2240.00,0.0000,0.0000,2000.0,0.0,3.000,49152.0,0.000,0,0,49152,3,0,0,0,1,1
3,chain3_i32,i32,4096,glibc_t1,P6,12,1,1,1916.00,0.0000,0.0000,2000.0,0.0,1.000,16384.0,0.000,0,0,16384,1,2,0,0,1,1
3,chain3_i32,i32,4096,glibc_t1,P7,12,2,1,1805.00,0.0000,0.0000,3000.0,0.0,1.000,16384.0,0.000,0,0,16384,1,1,1,0,1,1
3,chain3_i32,i32,4096,glibc_t1,FIXED_TWIN,12,3,1,1801.00,0.0000,0.0000,2000.0,0.0,1.000,16384.0,0.000,0,0,16384,1,1,1,0,1,1
3,chain3_i32,i32,4096,glibc_t1,P6,13,0,1,1959.00,0.0000,0.0000,3000.0,0.0,1.000,16384.0,0.000,0,0,16384,1,2,0,0,1,1
3,chain3_i32,i32,4096,glibc_t1,P7,13,1,1,1784.00,0.0000,0.0000,2000.0,0.0,1.000,16384.0,0.000,0,0,16384,1,1,1,0,1,1
3,chain3_i32,i32,4096,glibc_t1,FIXED_TWIN,13,2,1,1788.00,0.0000,0.0000,2000.0,0.0,1.000,16384.0,0.000,0,0,16384,1,1,1,0,1,1
3,chain3_i32,i32,4096,glibc_t1,P5,13,3,1,2215.00,0.0000,0.0000,2000.0,0.0,3.000,49152.0,0.000,0,0,49152,3,0,0,0,1,1
3,chain3_i32,i32,4096,glibc_t1,P7,14,0,1,1810.00,0.0000,0.0000,2000.0,0.0,1.000,16384.0,0.000,0,0,16384,1,1,1,0,1,1
3,chain3_i32,i32,4096,glibc_t1,FIXED_TWIN,14,1,1,1775.00,0.0000,0.0000,2000.0,0.0,1.000,16384.0,0.000,0,0,16384,1,1,1,0,1,1
3,chain3_i32,i32,4096,glibc_t1,P5,14,2,1,2124.00,0.0000,0.0000,2000.0,0.0,3.000,49152.0,0.000,0,0,49152,3,0,0,0,1,1
3,chain3_i32,i32,4096,glibc_t1,P6,14,3,1,1927.00,0.0000,0.0000,2000.0,0.0,1.000,16384.0,0.000,0,0,16384,1,2,0,0,1,1
3,chain3_i32,i32,16384,glibc_t1,P5,0,0,1,8542.00,0.0000,0.0000,9000.0,0.0,3.000,196608.0,0.000,0,0,196608,3,0,0,0,1,1
3,chain3_i32,i32,16384,glibc_t1,P6,0,1,1,6695.00,0.0000,0.0000,7000.0,0.0,1.000,65536.0,0.000,0,0,65536,1,2,0,0,1,1
3,chain3_i32,i32,16384,glibc_t1,P7,0,2,1,5877.00,0.0000,0.0000,6000.0,0.0,1.000,65536.0,0.000,0,0,65536,1,1,1,0,1,1
3,chain3_i32,i32,16384,glibc_t1,FIXED_TWIN,0,3,1,5947.00,0.0000,0.0000,6000.0,0.0,1.000,65536.0,0.000,0,0,65536,1,1,1,0,1,1
3,chain3_i32,i32,16384,glibc_t1,P6,1,0,1,6687.00,0.0000,0.0000,7000.0,0.0,1.000,65536.0,0.000,0,0,65536,1,2,0,0,1,1
3,chain3_i32,i32,16384,glibc_t1,P7,1,1,1,5903.00,0.0000,0.0000,7000.0,0.0,1.000,65536.0,0.000,0,0,65536,1,1,1,0,1,1
3,chain3_i32,i32,16384,glibc_t1,FIXED_TWIN,1,2,1,5876.00,0.0000,0.0000,6000.0,0.0,1.000,65536.0,0.000,0,0,65536,1,1,1,0,1,1
3,chain3_i32,i32,16384,glibc_t1,P5,1,3,1,8511.00,0.0000,0.0000,9000.0,0.0,3.000,196608.0,0.000,0,0,196608,3,0,0,0,1,1
3,chain3_i32,i32,16384,glibc_t1,P7,2,0,1,5927.00,0.0000,0.0000,6000.0,0.0,1.000,65536.0,0.000,0,0,65536,1,1,1,0,1,1
3,chain3_i32,i32,16384,glibc_t1,FIXED_TWIN,2,1,1,5903.00,0.0000,0.0000,6000.0,0.0,1.000,65536.0,0.000,0,0,65536,1,1,1,0,1,1
3,chain3_i32,i32,16384,glibc_t1,P5,2,2,1,8570.00,0.0000,0.0000,9000.0,0.0,3.000,196608.0,0.000,0,0,196608,3,0,0,0,1,1
3,chain3_i32,i32,16384,glibc_t1,P6,2,3,1,6713.00,0.0000,0.0000,7000.0,0.0,1.000,65536.0,0.000,0,0,65536,1,2,0,0,1,1
3,chain3_i32,i32,16384,glibc_t1,FIXED_TWIN,3,0,1,5910.00,0.0000,0.0000,6000.0,0.0,1.000,65536.0,0.000,0,0,65536,1,1,1,0,1,1
3,chain3_i32,i32,16384,glibc_t1,P5,3,1,1,8629.00,0.0000,0.0000,9000.0,0.0,3.000,196608.0,0.000,0,0,196608,3,0,0,0,1,1
3,chain3_i32,i32,16384,glibc_t1,P6,3,2,1,6702.00,0.0000,0.0000,7000.0,0.0,1.000,65536.0,0.000,0,0,65536,1,2,0,0,1,1
3,chain3_i32,i32,16384,glibc_t1,P7,3,3,1,5900.00,0.0000,0.0000,7000.0,0.0,1.000,65536.0,0.000,0,0,65536,1,1,1,0,1,1
3,chain3_i32,i32,16384,glibc_t1,P5,4,0,1,8954.00,0.0000,0.0000,9000.0,0.0,3.000,196608.0,0.000,0,0,196608,3,0,0,0,1,1
3,chain3_i32,i32,16384,glibc_t1,P6,4,1,1,6763.00,0.0000,0.0000,7000.0,0.0,1.000,65536.0,0.000,0,0,65536,1,2,0,0,1,1
3,chain3_i32,i32,16384,glibc_t1,P7,4,2,1,5890.00,0.0000,0.0000,6000.0,0.0,1.000,65536.0,0.000,0,0,65536,1,1,1,0,1,1
3,chain3_i32,i32,16384,glibc_t1,FIXED_TWIN,4,3,1,5932.00,0.0000,0.0000,6000.0,0.0,1.000,65536.0,0.000,0,0,65536,1,1,1,0,1,1
3,chain3_i32,i32,16384,glibc_t1,P6,5,0,1,6704.00,0.0000,0.0000,7000.0,0.0,1.000,65536.0,0.000,0,0,65536,1,2,0,0,1,1
3,chain3_i32,i32,16384,glibc_t1,P7,5,1,1,6084.00,0.0000,0.0000,7000.0,0.0,1.000,65536.0,0.000,0,0,65536,1,1,1,0,1,1
3,chain3_i32,i32,16384,glibc_t1,FIXED_TWIN,5,2,1,5977.00,0.0000,0.0000,6000.0,0.0,1.000,65536.0,0.000,0,0,65536,1,1,1,0,1,1
3,chain3_i32,i32,16384,glibc_t1,P5,5,3,1,8578.00,0.0000,0.0000,9000.0,0.0,3.000,196608.0,0.000,0,0,196608,3,0,0,0,1,1
3,chain3_i32,i32,16384,glibc_t1,P7,6,0,1,5994.00,0.0000,0.0000,6000.0,0.0,1.000,65536.0,0.000,0,0,65536,1,1,1,0,1,1
3,chain3_i32,i32,16384,glibc_t1,FIXED_TWIN,6,1,1,5894.00,0.0000,0.0000,7000.0,0.0,1.000,65536.0,0.000,0,0,65536,1,1,1,0,1,1
3,chain3_i32,i32,16384,glibc_t1,P5,6,2,1,8595.00,0.0000,0.0000,9000.0,0.0,3.000,196608.0,0.000,0,0,196608,3,0,0,0,1,1
3,chain3_i32,i32,16384,glibc_t1,P6,6,3,1,6787.00,0.0000,0.0000,7000.0,0.0,1.000,65536.0,0.000,0,0,65536,1,2,0,0,1,1
3,chain3_i32,i32,16384,glibc_t1,FIXED_TWIN,7,0,1,5890.00,0.0000,0.0000,6000.0,0.0,1.000,65536.0,0.000,0,0,65536,1,1,1,0,1,1
3,chain3_i32,i32,16384,glibc_t1,P5,7,1,1,8525.00,0.0000,0.0000,9000.0,0.0,3.000,196608.0,0.000,0,0,196608,3,0,0,0,1,1
3,chain3_i32,i32,16384,glibc_t1,P6,7,2,1,6741.00,0.0000,0.0000,8000.0,0.0,1.000,65536.0,0.000,0,0,65536,1,2,0,0,1,1
3,chain3_i32,i32,16384,glibc_t1,P7,7,3,1,5924.00,0.0000,0.0000,7000.0,0.0,1.000,65536.0,0.000,0,0,65536,1,1,1,0,1,1
3,chain3_i32,i32,16384,glibc_t1,P5,8,0,1,8457.00,0.0000,0.0000,9000.0,0.0,3.000,196608.0,0.000,0,0,196608,3,0,0,0,1,1
3,chain3_i32,i32,16384,glibc_t1,P6,8,1,1,6713.00,0.0000,0.0000,7000.0,0.0,1.000,65536.0,0.000,0,0,65536,1,2,0,0,1,1
3,chain3_i32,i32,16384,glibc_t1,P7,8,2,1,5911.00,0.0000,0.0000,6000.0,0.0,1.000,65536.0,0.000,0,0,65536,1,1,1,0,1,1
3,chain3_i32,i32,16384,glibc_t1,FIXED_TWIN,8,3,1,5907.00,0.0000,0.0000,6000.0,0.0,1.000,65536.0,0.000,0,0,65536,1,1,1,0,1,1
3,chain3_i32,i32,16384,glibc_t1,P6,9,0,1,6724.00,0.0000,0.0000,8000.0,0.0,1.000,65536.0,0.000,0,0,65536,1,2,0,0,1,1
3,chain3_i32,i32,16384,glibc_t1,P7,9,1,1,5846.00,0.0000,0.0000,6000.0,0.0,1.000,65536.0,0.000,0,0,65536,1,1,1,0,1,1
3,chain3_i32,i32,16384,glibc_t1,FIXED_TWIN,9,2,1,5838.00,0.0000,0.0000,6000.0,0.0,1.000,65536.0,0.000,0,0,65536,1,1,1,0,1,1
3,chain3_i32,i32,16384,glibc_t1,P5,9,3,1,8486.00,0.0000,0.0000,9000.0,0.0,3.000,196608.0,0.000,0,0,196608,3,0,0,0,1,1
3,chain3_i32,i32,16384,glibc_t1,P7,10,0,1,5933.00,0.0000,0.0000,6000.0,0.0,1.000,65536.0,0.000,0,0,65536,1,1,1,0,1,1
3,chain3_i32,i32,16384,glibc_t1,FIXED_TWIN,10,1,1,5912.00,0.0000,0.0000,6000.0,0.0,1.000,65536.0,0.000,0,0,65536,1,1,1,0,1,1
3,chain3_i32,i32,16384,glibc_t1,P5,10,2,1,8475.00,0.0000,0.0000,9000.0,0.0,3.000,196608.0,0.000,0,0,196608,3,0,0,0,1,1
3,chain3_i32,i32,16384,glibc_t1,P6,10,3,1,6707.00,0.0000,0.0000,8000.0,0.0,1.000,65536.0,0.000,0,0,65536,1,2,0,0,1,1
3,chain3_i32,i32,16384,glibc_t1,FIXED_TWIN,11,0,1,5899.00,0.0000,0.0000,7000.0,0.0,1.000,65536.0,0.000,0,0,65536,1,1,1,0,1,1
3,chain3_i32,i32,16384,glibc_t1,P5,11,1,1,9156.00,0.0000,0.0000,10000.0,0.0,3.000,196608.0,0.000,0,0,196608,3,0,0,0,1,1
3,chain3_i32,i32,16384,glibc_t1,P6,11,2,1,6744.00,0.0000,0.0000,7000.0,0.0,1.000,65536.0,0.000,0,0,65536,1,2,0,0,1,1
3,chain3_i32,i32,16384,glibc_t1,P7,11,3,1,5927.00,0.0000,0.0000,7000.0,0.0,1.000,65536.0,0.000,0,0,65536,1,1,1,0,1,1
3,chain3_i32,i32,16384,glibc_t1,P5,12,0,1,8525.00,0.0000,0.0000,9000.0,0.0,3.000,196608.0,0.000,0,0,196608,3,0,0,0,1,1
3,chain3_i32,i32,16384,glibc_t1,P6,12,1,1,6739.00,0.0000,0.0000,7000.0,0.0,1.000,65536.0,0.000,0,0,65536,1,2,0,0,1,1
3,chain3_i32,i32,16384,glibc_t1,P7,12,2,1,5938.00,0.0000,0.0000,6000.0,0.0,1.000,65536.0,0.000,0,0,65536,1,1,1,0,1,1
3,chain3_i32,i32,16384,glibc_t1,FIXED_TWIN,12,3,1,5906.00,0.0000,0.0000,6000.0,0.0,1.000,65536.0,0.000,0,0,65536,1,1,1,0,1,1
3,chain3_i32,i32,16384,glibc_t1,P6,13,0,1,6709.00,0.0000,0.0000,7000.0,0.0,1.000,65536.0,0.000,0,0,65536,1,2,0,0,1,1
3,chain3_i32,i32,16384,glibc_t1,P7,13,1,1,5902.00,0.0000,0.0000,7000.0,0.0,1.000,65536.0,0.000,0,0,65536,1,1,1,0,1,1
3,chain3_i32,i32,16384,glibc_t1,FIXED_TWIN,13,2,1,5863.00,0.0000,0.0000,7000.0,0.0,1.000,65536.0,0.000,0,0,65536,1,1,1,0,1,1
3,chain3_i32,i32,16384,glibc_t1,P5,13,3,1,8512.00,0.0000,0.0000,9000.0,0.0,3.000,196608.0,0.000,0,0,196608,3,0,0,0,1,1
3,chain3_i32,i32,16384,glibc_t1,P7,14,0,1,5931.00,0.0000,0.0000,7000.0,0.0,1.000,65536.0,0.000,0,0,65536,1,1,1,0,1,1
3,chain3_i32,i32,16384,glibc_t1,FIXED_TWIN,14,1,1,5929.00,0.0000,0.0000,7000.0,0.0,1.000,65536.0,0.000,0,0,65536,1,1,1,0,1,1
3,chain3_i32,i32,16384,glibc_t1,P5,14,2,1,8506.00,0.0000,0.0000,9000.0,0.0,3.000,196608.0,0.000,0,0,196608,3,0,0,0,1,1
3,chain3_i32,i32,16384,glibc_t1,P6,14,3,1,6712.00,0.0000,0.0000,7000.0,0.0,1.000,65536.0,0.000,0,0,65536,1,2,0,0,1,1
3,chain3_i32,i32,65536,glibc_t1,P5,0,0,1,37124.00,0.0000,0.0000,39000.0,0.0,3.000,786432.0,0.000,0,0,786432,3,0,0,0,1,1
3,chain3_i32,i32,65536,glibc_t1,P6,0,1,1,26867.00,0.0000,0.0000,28000.0,0.0,1.000,262144.0,0.000,0,0,262144,1,2,0,0,1,1
3,chain3_i32,i32,65536,glibc_t1,P7,0,2,1,22545.00,0.0000,0.0000,24000.0,0.0,1.000,262144.0,0.000,0,0,262144,1,1,1,0,1,1
3,chain3_i32,i32,65536,glibc_t1,FIXED_TWIN,0,3,1,23757.00,0.0000,0.0000,24000.0,0.0,1.000,262144.0,0.000,0,0,262144,1,1,1,0,1,1
3,chain3_i32,i32,65536,glibc_t1,P6,1,0,1,26276.00,0.0000,0.0000,27000.0,0.0,1.000,262144.0,0.000,0,0,262144,1,2,0,0,1,1
3,chain3_i32,i32,65536,glibc_t1,P7,1,1,1,22428.00,0.0000,0.0000,23000.0,0.0,1.000,262144.0,0.000,0,0,262144,1,1,1,0,1,1
3,chain3_i32,i32,65536,glibc_t1,FIXED_TWIN,1,2,1,45760.00,0.0000,0.0000,47000.0,0.0,1.000,262144.0,0.000,0,0,262144,1,1,1,0,1,1
3,chain3_i32,i32,65536,glibc_t1,P5,1,3,1,43739.00,0.0000,0.0000,44000.0,0.0,3.000,786432.0,0.000,0,0,786432,3,0,0,0,1,1
3,chain3_i32,i32,65536,glibc_t1,P7,2,0,1,22720.00,0.0000,0.0000,24000.0,0.0,1.000,262144.0,0.000,0,0,262144,1,1,1,0,1,1
3,chain3_i32,i32,65536,glibc_t1,FIXED_TWIN,2,1,1,22500.00,0.0000,0.0000,23000.0,0.0,1.000,262144.0,0.000,0,0,262144,1,1,1,0,1,1
3,chain3_i32,i32,65536,glibc_t1,P5,2,2,1,39384.00,0.0000,0.0000,40000.0,0.0,3.000,786432.0,0.000,0,0,786432,3,0,0,0,1,1
3,chain3_i32,i32,65536,glibc_t1,P6,2,3,1,26115.00,0.0000,0.0000,26000.0,0.0,1.000,262144.0,0.000,0,0,262144,1,2,0,0,1,1
3,chain3_i32,i32,65536,glibc_t1,FIXED_TWIN,3,0,1,22309.00,0.0000,0.0000,23000.0,0.0,1.000,262144.0,0.000,0,0,262144,1,1,1,0,1,1
3,chain3_i32,i32,65536,glibc_t1,P5,3,1,1,38154.00,0.0000,0.0000,39000.0,0.0,3.000,786432.0,0.000,0,0,786432,3,0,0,0,1,1
3,chain3_i32,i32,65536,glibc_t1,P6,3,2,1,27155.00,0.0000,0.0000,28000.0,0.0,1.000,262144.0,0.000,0,0,262144,1,2,0,0,1,1
3,chain3_i32,i32,65536,glibc_t1,P7,3,3,1,22494.00,0.0000,0.0000,24000.0,0.0,1.000,262144.0,0.000,0,0,262144,1,1,1,0,1,1
3,chain3_i32,i32,65536,glibc_t1,P5,4,0,1,44650.00,0.0000,0.0000,46000.0,0.0,3.000,786432.0,0.000,0,0,786432,3,0,0,0,1,1
3,chain3_i32,i32,65536,glibc_t1,P6,4,1,1,26012.00,0.0000,0.0000,27000.0,0.0,1.000,262144.0,0.000,0,0,262144,1,2,0,0,1,1
3,chain3_i32,i32,65536,glibc_t1,P7,4,2,1,22453.00,0.0000,0.0000,23000.0,0.0,1.000,262144.0,0.000,0,0,262144,1,1,1,0,1,1
3,chain3_i32,i32,65536,glibc_t1,FIXED_TWIN,4,3,1,22307.00,0.0000,0.0000,23000.0,0.0,1.000,262144.0,0.000,0,0,262144,1,1,1,0,1,1
3,chain3_i32,i32,65536,glibc_t1,P6,5,0,1,26271.00,0.0000,0.0000,27000.0,0.0,1.000,262144.0,0.000,0,0,262144,1,2,0,0,1,1
3,chain3_i32,i32,65536,glibc_t1,P7,5,1,1,22456.00,0.0000,0.0000,23000.0,0.0,1.000,262144.0,0.000,0,0,262144,1,1,1,0,1,1
3,chain3_i32,i32,65536,glibc_t1,FIXED_TWIN,5,2,1,22391.00,0.0000,0.0000,23000.0,0.0,1.000,262144.0,0.000,0,0,262144,1,1,1,0,1,1
3,chain3_i32,i32,65536,glibc_t1,P5,5,3,1,38036.00,0.0000,0.0000,38000.0,0.0,3.000,786432.0,0.000,0,0,786432,3,0,0,0,1,1
3,chain3_i32,i32,65536,glibc_t1,P7,6,0,1,23068.00,0.0000,0.0000,24000.0,0.0,1.000,262144.0,0.000,0,0,262144,1,1,1,0,1,1
3,chain3_i32,i32,65536,glibc_t1,FIXED_TWIN,6,1,1,22468.00,0.0000,0.0000,23000.0,0.0,1.000,262144.0,0.000,0,0,262144,1,1,1,0,1,1
3,chain3_i32,i32,65536,glibc_t1,P5,6,2,1,37482.00,0.0000,0.0000,38000.0,0.0,3.000,786432.0,0.000,0,0,786432,3,0,0,0,1,1
3,chain3_i32,i32,65536,glibc_t1,P6,6,3,1,25737.00,0.0000,0.0000,27000.0,0.0,1.000,262144.0,0.000,0,0,262144,1,2,0,0,1,1
3,chain3_i32,i32,65536,glibc_t1,FIXED_TWIN,7,0,1,22262.00,0.0000,0.0000,23000.0,0.0,1.000,262144.0,0.000,0,0,262144,1,1,1,0,1,1
3,chain3_i32,i32,65536,glibc_t1,P5,7,1,1,37217.00,0.0000,0.0000,38000.0,0.0,3.000,786432.0,0.000,0,0,786432,3,0,0,0,1,1
3,chain3_i32,i32,65536,glibc_t1,P6,7,2,1,26601.00,0.0000,0.0000,28000.0,0.0,1.000,262144.0,0.000,0,0,262144,1,2,0,0,1,1
3,chain3_i32,i32,65536,glibc_t1,P7,7,3,1,23653.00,0.0000,0.0000,24000.0,0.0,1.000,262144.0,0.000,0,0,262144,1,1,1,0,1,1
3,chain3_i32,i32,65536,glibc_t1,P5,8,0,1,39131.00,0.0000,0.0000,40000.0,0.0,3.000,786432.0,0.000,0,0,786432,3,0,0,0,1,1
3,chain3_i32,i32,65536,glibc_t1,P6,8,1,1,26552.00,0.0000,0.0000,27000.0,0.0,1.000,262144.0,0.000,0,0,262144,1,2,0,0,1,1
3,chain3_i32,i32,65536,glibc_t1,P7,8,2,1,22444.00,0.0000,0.0000,23000.0,0.0,1.000,262144.0,0.000,0,0,262144,1,1,1,0,1,1
3,chain3_i32,i32,65536,glibc_t1,FIXED_TWIN,8,3,1,22366.00,0.0000,0.0000,23000.0,0.0,1.000,262144.0,0.000,0,0,262144,1,1,1,0,1,1
3,chain3_i32,i32,65536,glibc_t1,P6,9,0,1,25202.00,0.0000,0.0000,26000.0,0.0,1.000,262144.0,0.000,0,0,262144,1,2,0,0,1,1
3,chain3_i32,i32,65536,glibc_t1,P7,9,1,1,41519.00,0.0000,0.0000,42000.0,0.0,1.000,262144.0,0.000,0,0,262144,1,1,1,0,1,1
3,chain3_i32,i32,65536,glibc_t1,FIXED_TWIN,9,2,1,23421.00,0.0000,0.0000,24000.0,0.0,1.000,262144.0,0.000,0,0,262144,1,1,1,0,1,1
3,chain3_i32,i32,65536,glibc_t1,P5,9,3,1,37708.00,0.0000,0.0000,38000.0,0.0,3.000,786432.0,0.000,0,0,786432,3,0,0,0,1,1
3,chain3_i32,i32,65536,glibc_t1,P7,10,0,1,22781.00,0.0000,0.0000,23000.0,0.0,1.000,262144.0,0.000,0,0,262144,1,1,1,0,1,1
3,chain3_i32,i32,65536,glibc_t1,FIXED_TWIN,10,1,1,22337.00,0.0000,0.0000,23000.0,0.0,1.000,262144.0,0.000,0,0,262144,1,1,1,0,1,1
3,chain3_i32,i32,65536,glibc_t1,P5,10,2,1,39344.00,0.0000,0.0000,40000.0,0.0,3.000,786432.0,0.000,0,0,786432,3,0,0,0,1,1
3,chain3_i32,i32,65536,glibc_t1,P6,10,3,1,25830.00,0.0000,0.0000,27000.0,0.0,1.000,262144.0,0.000,0,0,262144,1,2,0,0,1,1
3,chain3_i32,i32,65536,glibc_t1,FIXED_TWIN,11,0,1,22778.00,0.0000,0.0000,24000.0,0.0,1.000,262144.0,0.000,0,0,262144,1,1,1,0,1,1
3,chain3_i32,i32,65536,glibc_t1,P5,11,1,1,39198.00,0.0000,0.0000,40000.0,0.0,3.000,786432.0,0.000,0,0,786432,3,0,0,0,1,1
3,chain3_i32,i32,65536,glibc_t1,P6,11,2,1,25839.00,0.0000,0.0000,26000.0,0.0,1.000,262144.0,0.000,0,0,262144,1,2,0,0,1,1
3,chain3_i32,i32,65536,glibc_t1,P7,11,3,1,23594.00,0.0000,0.0000,24000.0,0.0,1.000,262144.0,0.000,0,0,262144,1,1,1,0,1,1
3,chain3_i32,i32,65536,glibc_t1,P5,12,0,1,38091.00,0.0000,0.0000,39000.0,0.0,3.000,786432.0,0.000,0,0,786432,3,0,0,0,1,1
3,chain3_i32,i32,65536,glibc_t1,P6,12,1,1,25772.00,0.0000,0.0000,27000.0,0.0,1.000,262144.0,0.000,0,0,262144,1,2,0,0,1,1
3,chain3_i32,i32,65536,glibc_t1,P7,12,2,1,22618.00,0.0000,0.0000,23000.0,0.0,1.000,262144.0,0.000,0,0,262144,1,1,1,0,1,1
3,chain3_i32,i32,65536,glibc_t1,FIXED_TWIN,12,3,1,22839.00,0.0000,0.0000,23000.0,0.0,1.000,262144.0,0.000,0,0,262144,1,1,1,0,1,1
3,chain3_i32,i32,65536,glibc_t1,P6,13,0,1,25320.00,0.0000,0.0000,26000.0,0.0,1.000,262144.0,0.000,0,0,262144,1,2,0,0,1,1
3,chain3_i32,i32,65536,glibc_t1,P7,13,1,1,27834.00,0.0000,0.0000,28000.0,0.0,1.000,262144.0,0.000,0,0,262144,1,1,1,0,1,1
3,chain3_i32,i32,65536,glibc_t1,FIXED_TWIN,13,2,1,28658.00,0.0000,0.0000,30000.0,0.0,1.000,262144.0,0.000,0,0,262144,1,1,1,0,1,1
3,chain3_i32,i32,65536,glibc_t1,P5,13,3,1,37677.00,0.0000,0.0000,38000.0,0.0,3.000,786432.0,0.000,0,0,786432,3,0,0,0,1,1
3,chain3_i32,i32,65536,glibc_t1,P7,14,0,1,23595.00,0.0000,0.0000,24000.0,0.0,1.000,262144.0,0.000,0,0,262144,1,1,1,0,1,1
3,chain3_i32,i32,65536,glibc_t1,FIXED_TWIN,14,1,1,39379.00,0.0000,0.0000,40000.0,0.0,1.000,262144.0,0.000,0,0,262144,1,1,1,0,1,1
3,chain3_i32,i32,65536,glibc_t1,P5,14,2,1,46755.00,0.0000,0.0000,48000.0,0.0,3.000,786432.0,0.000,0,0,786432,3,0,0,0,1,1
3,chain3_i32,i32,65536,glibc_t1,P6,14,3,1,26370.00,0.0000,0.0000,27000.0,0.0,1.000,262144.0,0.000,0,0,262144,1,2,0,0,1,1
3,chain3_i32,i32,262144,glibc_t1,P5,0,0,1,391843.00,0.0000,0.0000,396000.0,0.0,3.000,3145728.0,0.000,0,0,3145728,3,0,0,0,1,1
3,chain3_i32,i32,262144,glibc_t1,P6,0,1,1,284968.00,0.0000,0.0000,288000.0,0.0,1.000,1048576.0,0.000,0,0,1048576,1,2,0,0,1,1
3,chain3_i32,i32,262144,glibc_t1,P7,0,2,1,247860.00,0.0000,0.0000,249000.0,0.0,1.000,1048576.0,0.000,0,0,1048576,1,1,1,0,1,1
3,chain3_i32,i32,262144,glibc_t1,FIXED_TWIN,0,3,1,229799.00,0.0000,0.0000,232000.0,0.0,1.000,1048576.0,0.000,0,0,1048576,1,1,1,0,1,1
3,chain3_i32,i32,262144,glibc_t1,P6,1,0,1,237209.00,0.0000,0.0000,239000.0,0.0,1.000,1048576.0,0.000,0,0,1048576,1,2,0,0,1,1
3,chain3_i32,i32,262144,glibc_t1,P7,1,1,1,222053.00,0.0000,0.0000,224000.0,0.0,1.000,1048576.0,0.000,0,0,1048576,1,1,1,0,1,1
3,chain3_i32,i32,262144,glibc_t1,FIXED_TWIN,1,2,1,223480.00,0.0000,0.0000,225000.0,0.0,1.000,1048576.0,0.000,0,0,1048576,1,1,1,0,1,1
3,chain3_i32,i32,262144,glibc_t1,P5,1,3,1,370451.00,0.0000,0.0000,372000.0,0.0,3.000,3145728.0,0.000,0,0,3145728,3,0,0,0,1,1
3,chain3_i32,i32,262144,glibc_t1,P7,2,0,1,225327.00,0.0000,0.0000,227000.0,0.0,1.000,1048576.0,0.000,0,0,1048576,1,1,1,0,1,1
3,chain3_i32,i32,262144,glibc_t1,FIXED_TWIN,2,1,1,223384.00,0.0000,0.0000,224000.0,0.0,1.000,1048576.0,0.000,0,0,1048576,1,1,1,0,1,1
3,chain3_i32,i32,262144,glibc_t1,P5,2,2,1,351121.00,0.0000,0.0000,354000.0,0.0,3.000,3145728.0,0.000,0,0,3145728,3,0,0,0,1,1
3,chain3_i32,i32,262144,glibc_t1,P6,2,3,1,282943.00,0.0000,0.0000,286000.0,0.0,1.000,1048576.0,0.000,0,0,1048576,1,2,0,0,1,1
3,chain3_i32,i32,262144,glibc_t1,FIXED_TWIN,3,0,1,225553.00,0.0000,0.0000,227000.0,0.0,1.000,1048576.0,0.000,0,0,1048576,1,1,1,0,1,1
3,chain3_i32,i32,262144,glibc_t1,P5,3,1,1,390165.00,0.0000,0.0000,393000.0,0.0,3.000,3145728.0,0.000,0,0,3145728,3,0,0,0,1,1
3,chain3_i32,i32,262144,glibc_t1,P6,3,2,1,270318.00,0.0000,0.0000,272000.0,0.0,1.000,1048576.0,0.000,0,0,1048576,1,2,0,0,1,1
3,chain3_i32,i32,262144,glibc_t1,P7,3,3,1,225896.00,0.0000,0.0000,228000.0,0.0,1.000,1048576.0,0.000,0,0,1048576,1,1,1,0,1,1
3,chain3_i32,i32,262144,glibc_t1,P5,4,0,1,349897.00,0.0000,0.0000,353000.0,0.0,3.000,3145728.0,0.000,0,0,3145728,3,0,0,0,1,1
3,chain3_i32,i32,262144,glibc_t1,P6,4,1,1,275998.00,0.0000,0.0000,279000.0,0.0,1.000,1048576.0,0.000,0,0,1048576,1,2,0,0,1,1
3,chain3_i32,i32,262144,glibc_t1,P7,4,2,1,225549.00,0.0000,0.0000,227000.0,0.0,1.000,1048576.0,0.000,0,0,1048576,1,1,1,0,1,1
3,chain3_i32,i32,262144,glibc_t1,FIXED_TWIN,4,3,1,252026.00,0.0000,0.0000,253000.0,0.0,1.000,1048576.0,0.000,0,0,1048576,1,1,1,0,1,1
3,chain3_i32,i32,262144,glibc_t1,P6,5,0,1,241429.00,0.0000,0.0000,243000.0,0.0,1.000,1048576.0,0.000,0,0,1048576,1,2,0,0,1,1
3,chain3_i32,i32,262144,glibc_t1,P7,5,1,1,232192.00,0.0000,0.0000,234000.0,0.0,1.000,1048576.0,0.000,0,0,1048576,1,1,1,0,1,1
3,chain3_i32,i32,262144,glibc_t1,FIXED_TWIN,5,2,1,224345.00,0.0000,0.0000,226000.0,0.0,1.000,1048576.0,0.000,0,0,1048576,1,1,1,0,1,1
3,chain3_i32,i32,262144,glibc_t1,P5,5,3,1,350404.00,0.0000,0.0000,353000.0,0.0,3.000,3145728.0,0.000,0,0,3145728,3,0,0,0,1,1
3,chain3_i32,i32,262144,glibc_t1,P7,6,0,1,253713.00,0.0000,0.0000,256000.0,0.0,1.000,1048576.0,0.000,0,0,1048576,1,1,1,0,1,1
3,chain3_i32,i32,262144,glibc_t1,FIXED_TWIN,6,1,1,225016.00,0.0000,0.0000,227000.0,0.0,1.000,1048576.0,0.000,0,0,1048576,1,1,1,0,1,1
3,chain3_i32,i32,262144,glibc_t1,P5,6,2,1,376185.00,0.0000,0.0000,379000.0,0.0,3.000,3145728.0,0.000,0,0,3145728,3,0,0,0,1,1
3,chain3_i32,i32,262144,glibc_t1,P6,6,3,1,270944.00,0.0000,0.0000,274000.0,0.0,1.000,1048576.0,0.000,0,0,1048576,1,2,0,0,1,1
3,chain3_i32,i32,262144,glibc_t1,FIXED_TWIN,7,0,1,311490.00,0.0000,0.0000,313000.0,0.0,1.000,1048576.0,0.000,0,0,1048576,1,1,1,0,1,1
3,chain3_i32,i32,262144,glibc_t1,P5,7,1,1,348110.00,0.0000,0.0000,351000.0,0.0,3.000,3145728.0,0.000,0,0,3145728,3,0,0,0,1,1
3,chain3_i32,i32,262144,glibc_t1,P6,7,2,1,272256.00,0.0000,0.0000,274000.0,0.0,1.000,1048576.0,0.000,0,0,1048576,1,2,0,0,1,1
3,chain3_i32,i32,262144,glibc_t1,P7,7,3,1,226441.00,0.0000,0.0000,228000.0,0.0,1.000,1048576.0,0.000,0,0,1048576,1,1,1,0,1,1
3,chain3_i32,i32,262144,glibc_t1,P5,8,0,1,385158.00,0.0000,0.0000,388000.0,0.0,3.000,3145728.0,0.000,0,0,3145728,3,0,0,0,1,1
3,chain3_i32,i32,262144,glibc_t1,P6,8,1,1,266793.00,0.0000,0.0000,269000.0,0.0,1.000,1048576.0,0.000,0,0,1048576,1,2,0,0,1,1
3,chain3_i32,i32,262144,glibc_t1,P7,8,2,1,225905.00,0.0000,0.0000,228000.0,0.0,1.000,1048576.0,0.000,0,0,1048576,1,1,1,0,1,1
3,chain3_i32,i32,262144,glibc_t1,FIXED_TWIN,8,3,1,253414.00,0.0000,0.0000,255000.0,0.0,1.000,1048576.0,0.000,0,0,1048576,1,1,1,0,1,1
3,chain3_i32,i32,262144,glibc_t1,P6,9,0,1,240260.00,0.0000,0.0000,242000.0,0.0,1.000,1048576.0,0.000,0,0,1048576,1,2,0,0,1,1
3,chain3_i32,i32,262144,glibc_t1,P7,9,1,1,253710.00,0.0000,0.0000,254000.0,0.0,1.000,1048576.0,0.000,0,0,1048576,1,1,1,0,1,1
3,chain3_i32,i32,262144,glibc_t1,FIXED_TWIN,9,2,1,225873.00,0.0000,0.0000,227000.0,0.0,1.000,1048576.0,0.000,0,0,1048576,1,1,1,0,1,1
3,chain3_i32,i32,262144,glibc_t1,P5,9,3,1,379461.00,0.0000,0.0000,382000.0,0.0,3.000,3145728.0,0.000,0,0,3145728,3,0,0,0,1,1
3,chain3_i32,i32,262144,glibc_t1,P7,10,0,1,255248.00,0.0000,0.0000,257000.0,0.0,1.000,1048576.0,0.000,0,0,1048576,1,1,1,0,1,1
3,chain3_i32,i32,262144,glibc_t1,FIXED_TWIN,10,1,1,226124.00,0.0000,0.0000,227000.0,0.0,1.000,1048576.0,0.000,0,0,1048576,1,1,1,0,1,1
3,chain3_i32,i32,262144,glibc_t1,P5,10,2,1,355423.00,0.0000,0.0000,358000.0,0.0,3.000,3145728.0,0.000,0,0,3145728,3,0,0,0,1,1
3,chain3_i32,i32,262144,glibc_t1,P6,10,3,1,315206.00,0.0000,0.0000,281000.0,0.0,1.000,1048576.0,0.000,0,0,1048576,1,2,0,0,1,1
3,chain3_i32,i32,262144,glibc_t1,FIXED_TWIN,11,0,1,226872.00,0.0000,0.0000,230000.0,0.0,1.000,1048576.0,0.000,0,0,1048576,1,1,1,0,1,1
3,chain3_i32,i32,262144,glibc_t1,P5,11,1,1,384181.00,0.0000,0.0000,386000.0,0.0,3.000,3145728.0,0.000,0,0,3145728,3,0,0,0,1,1
3,chain3_i32,i32,262144,glibc_t1,P6,11,2,1,267357.00,0.0000,0.0000,270000.0,0.0,1.000,1048576.0,0.000,0,0,1048576,1,2,0,0,1,1
3,chain3_i32,i32,262144,glibc_t1,P7,11,3,1,227236.00,0.0000,0.0000,229000.0,0.0,1.000,1048576.0,0.000,0,0,1048576,1,1,1,0,1,1
3,chain3_i32,i32,262144,glibc_t1,P5,12,0,1,552383.00,0.0000,0.0000,557000.0,0.0,3.000,3145728.0,0.000,0,0,3145728,3,0,0,0,1,1
3,chain3_i32,i32,262144,glibc_t1,P6,12,1,1,300403.00,0.0000,0.0000,304000.0,0.0,1.000,1048576.0,0.000,0,0,1048576,1,2,0,0,1,1
3,chain3_i32,i32,262144,glibc_t1,P7,12,2,1,231930.00,0.0000,0.0000,234000.0,0.0,1.000,1048576.0,0.000,0,0,1048576,1,1,1,0,1,1
3,chain3_i32,i32,262144,glibc_t1,FIXED_TWIN,12,3,1,237916.00,0.0000,0.0000,240000.0,0.0,1.000,1048576.0,0.000,0,0,1048576,1,1,1,0,1,1
3,chain3_i32,i32,262144,glibc_t1,P6,13,0,1,239805.00,0.0000,0.0000,242000.0,0.0,1.000,1048576.0,0.000,0,0,1048576,1,2,0,0,1,1
3,chain3_i32,i32,262144,glibc_t1,P7,13,1,1,224790.00,0.0000,0.0000,227000.0,0.0,1.000,1048576.0,0.000,0,0,1048576,1,1,1,0,1,1
3,chain3_i32,i32,262144,glibc_t1,FIXED_TWIN,13,2,1,223843.00,0.0000,0.0000,226000.0,0.0,1.000,1048576.0,0.000,0,0,1048576,1,1,1,0,1,1
3,chain3_i32,i32,262144,glibc_t1,P5,13,3,1,361462.00,0.0000,0.0000,366000.0,0.0,3.000,3145728.0,0.000,0,0,3145728,3,0,0,0,1,1
3,chain3_i32,i32,262144,glibc_t1,P7,14,0,1,233237.00,0.0000,0.0000,236000.0,0.0,1.000,1048576.0,0.000,0,0,1048576,1,1,1,0,1,1
3,chain3_i32,i32,262144,glibc_t1,FIXED_TWIN,14,1,1,227586.00,0.0000,0.0000,230000.0,0.0,1.000,1048576.0,0.000,0,0,1048576,1,1,1,0,1,1
3,chain3_i32,i32,262144,glibc_t1,P5,14,2,1,392080.00,0.0000,0.0000,395000.0,0.0,3.000,3145728.0,0.000,0,0,3145728,3,0,0,0,1,1
3,chain3_i32,i32,262144,glibc_t1,P6,14,3,1,248828.00,0.0000,0.0000,251000.0,0.0,1.000,1048576.0,0.000,0,0,1048576,1,2,0,0,1,1
3,chain3_i32,i32,1048576,glibc_t1,P5,0,0,1,1559492.00,0.0000,0.0000,1565000.0,0.0,3.000,12582912.0,0.000,0,0,12582912,3,0,0,0,1,1
3,chain3_i32,i32,1048576,glibc_t1,P6,0,1,1,1277602.00,0.0000,0.0000,1284000.0,0.0,1.000,4194304.0,0.000,0,0,4194304,1,2,0,0,1,1
3,chain3_i32,i32,1048576,glibc_t1,P7,0,2,1,1028157.00,0.0000,0.0000,1033000.0,0.0,1.000,4194304.0,0.000,0,0,4194304,1,1,1,0,1,1
3,chain3_i32,i32,1048576,glibc_t1,FIXED_TWIN,0,3,1,1096198.00,0.0000,0.0000,1100000.0,0.0,1.000,4194304.0,0.000,0,0,4194304,1,1,1,0,1,1
3,chain3_i32,i32,1048576,glibc_t1,P6,1,0,1,1256430.00,0.0000,0.0000,1260000.0,0.0,1.000,4194304.0,0.000,0,0,4194304,1,2,0,0,1,1
3,chain3_i32,i32,1048576,glibc_t1,P7,1,1,1,1038603.00,0.0000,0.0000,1042000.0,0.0,1.000,4194304.0,0.000,0,0,4194304,1,1,1,0,1,1
3,chain3_i32,i32,1048576,glibc_t1,FIXED_TWIN,1,2,1,1097598.00,0.0000,0.0000,1102000.0,0.0,1.000,4194304.0,0.000,0,0,4194304,1,1,1,0,1,1
3,chain3_i32,i32,1048576,glibc_t1,P5,1,3,1,1774036.00,0.0000,0.0000,1778000.0,0.0,3.000,12582912.0,0.000,0,0,12582912,3,0,0,0,1,1
3,chain3_i32,i32,1048576,glibc_t1,P7,2,0,1,1059095.00,0.0000,0.0000,1062000.0,0.0,1.000,4194304.0,0.000,0,0,4194304,1,1,1,0,1,1
3,chain3_i32,i32,1048576,glibc_t1,FIXED_TWIN,2,1,1,1019248.00,0.0000,0.0000,1022000.0,0.0,1.000,4194304.0,0.000,0,0,4194304,1,1,1,0,1,1
3,chain3_i32,i32,1048576,glibc_t1,P5,2,2,1,1558436.00,0.0000,0.0000,1562000.0,0.0,3.000,12582912.0,0.000,0,0,12582912,3,0,0,0,1,1
3,chain3_i32,i32,1048576,glibc_t1,P6,2,3,1,1180921.00,0.0000,0.0000,1184000.0,0.0,1.000,4194304.0,0.000,0,0,4194304,1,2,0,0,1,1
3,chain3_i32,i32,1048576,glibc_t1,FIXED_TWIN,3,0,1,1015689.00,0.0000,0.0000,1020000.0,0.0,1.000,4194304.0,0.000,0,0,4194304,1,1,1,0,1,1
3,chain3_i32,i32,1048576,glibc_t1,P5,3,1,1,1557495.00,0.0000,0.0000,1561000.0,0.0,3.000,12582912.0,0.000,0,0,12582912,3,0,0,0,1,1
3,chain3_i32,i32,1048576,glibc_t1,P6,3,2,1,1180277.00,0.0000,0.0000,1184000.0,0.0,1.000,4194304.0,0.000,0,0,4194304,1,2,0,0,1,1
3,chain3_i32,i32,1048576,glibc_t1,P7,3,3,1,1045466.00,0.0000,0.0000,1050000.0,0.0,1.000,4194304.0,0.000,0,0,4194304,1,1,1,0,1,1
3,chain3_i32,i32,1048576,glibc_t1,P5,4,0,1,1548606.00,0.0000,0.0000,1551000.0,0.0,3.000,12582912.0,0.000,0,0,12582912,3,0,0,0,1,1
3,chain3_i32,i32,1048576,glibc_t1,P6,4,1,1,1215812.00,0.0000,0.0000,1220000.0,0.0,1.000,4194304.0,0.000,0,0,4194304,1,2,0,0,1,1
3,chain3_i32,i32,1048576,glibc_t1,P7,4,2,1,1013758.00,0.0000,0.0000,1017000.0,0.0,1.000,4194304.0,0.000,0,0,4194304,1,1,1,0,1,1
3,chain3_i32,i32,1048576,glibc_t1,FIXED_TWIN,4,3,1,1020852.00,0.0000,0.0000,1025000.0,0.0,1.000,4194304.0,0.000,0,0,4194304,1,1,1,0,1,1
3,chain3_i32,i32,1048576,glibc_t1,P6,5,0,1,1210817.00,0.0000,0.0000,1215000.0,0.0,1.000,4194304.0,0.000,0,0,4194304,1,2,0,0,1,1
3,chain3_i32,i32,1048576,glibc_t1,P7,5,1,1,1025796.00,0.0000,0.0000,1030000.0,0.0,1.000,4194304.0,0.000,0,0,4194304,1,1,1,0,1,1
3,chain3_i32,i32,1048576,glibc_t1,FIXED_TWIN,5,2,1,1024381.00,0.0000,0.0000,1028000.0,0.0,1.000,4194304.0,0.000,0,0,4194304,1,1,1,0,1,1
3,chain3_i32,i32,1048576,glibc_t1,P5,5,3,1,1733421.00,0.0000,0.0000,1737000.0,0.0,3.000,12582912.0,0.000,0,0,12582912,3,0,0,0,1,1
3,chain3_i32,i32,1048576,glibc_t1,P7,6,0,1,1001940.00,0.0000,0.0000,1005000.0,0.0,1.000,4194304.0,0.000,0,0,4194304,1,1,1,0,1,1
3,chain3_i32,i32,1048576,glibc_t1,FIXED_TWIN,6,1,1,1039269.00,0.0000,0.0000,1043000.0,0.0,1.000,4194304.0,0.000,0,0,4194304,1,1,1,0,1,1
3,chain3_i32,i32,1048576,glibc_t1,P5,6,2,1,1516973.00,0.0000,0.0000,1520000.0,0.0,3.000,12582912.0,0.000,0,0,12582912,3,0,0,0,1,1
3,chain3_i32,i32,1048576,glibc_t1,P6,6,3,1,1165414.00,0.0000,0.0000,1168000.0,0.0,1.000,4194304.0,0.000,0,0,4194304,1,2,0,0,1,1
3,chain3_i32,i32,1048576,glibc_t1,FIXED_TWIN,7,0,1,1007918.00,0.0000,0.0000,1011000.0,0.0,1.000,4194304.0,0.000,0,0,4194304,1,1,1,0,1,1
3,chain3_i32,i32,1048576,glibc_t1,P5,7,1,1,1504311.00,0.0000,0.0000,1507000.0,0.0,3.000,12582912.0,0.000,0,0,12582912,3,0,0,0,1,1
3,chain3_i32,i32,1048576,glibc_t1,P6,7,2,1,1132413.00,0.0000,0.0000,1135000.0,0.0,1.000,4194304.0,0.000,0,0,4194304,1,2,0,0,1,1
3,chain3_i32,i32,1048576,glibc_t1,P7,7,3,1,1008274.00,0.0000,0.0000,1011000.0,0.0,1.000,4194304.0,0.000,0,0,4194304,1,1,1,0,1,1
3,chain3_i32,i32,1048576,glibc_t1,P5,8,0,1,1496531.00,0.0000,0.0000,1499000.0,0.0,3.000,12582912.0,0.000,0,0,12582912,3,0,0,0,1,1
3,chain3_i32,i32,1048576,glibc_t1,P6,8,1,1,1153034.00,0.0000,0.0000,1155000.0,0.0,1.000,4194304.0,0.000,0,0,4194304,1,2,0,0,1,1
3,chain3_i32,i32,1048576,glibc_t1,P7,8,2,1,965118.00,0.0000,0.0000,967000.0,0.0,1.000,4194304.0,0.000,0,0,4194304,1,1,1,0,1,1
3,chain3_i32,i32,1048576,glibc_t1,FIXED_TWIN,8,3,1,970240.00,0.0000,0.0000,973000.0,0.0,1.000,4194304.0,0.000,0,0,4194304,1,1,1,0,1,1
3,chain3_i32,i32,1048576,glibc_t1,P6,9,0,1,1140624.00,0.0000,0.0000,1143000.0,0.0,1.000,4194304.0,0.000,0,0,4194304,1,2,0,0,1,1
3,chain3_i32,i32,1048576,glibc_t1,P7,9,1,1,1002973.00,0.0000,0.0000,1005000.0,0.0,1.000,4194304.0,0.000,0,0,4194304,1,1,1,0,1,1
3,chain3_i32,i32,1048576,glibc_t1,FIXED_TWIN,9,2,1,996123.00,0.0000,0.0000,998000.0,0.0,1.000,4194304.0,0.000,0,0,4194304,1,1,1,0,1,1
3,chain3_i32,i32,1048576,glibc_t1,P5,9,3,1,1556583.00,0.0000,0.0000,1559000.0,0.0,3.000,12582912.0,0.000,0,0,12582912,3,0,0,0,1,1
3,chain3_i32,i32,1048576,glibc_t1,P7,10,0,1,994601.00,0.0000,0.0000,997000.0,0.0,1.000,4194304.0,0.000,0,0,4194304,1,1,1,0,1,1
3,chain3_i32,i32,1048576,glibc_t1,FIXED_TWIN,10,1,1,968822.00,0.0000,0.0000,972000.0,0.0,1.000,4194304.0,0.000,0,0,4194304,1,1,1,0,1,1
3,chain3_i32,i32,1048576,glibc_t1,P5,10,2,1,1496283.00,0.0000,0.0000,1499000.0,0.0,3.000,12582912.0,0.000,0,0,12582912,3,0,0,0,1,1
3,chain3_i32,i32,1048576,glibc_t1,P6,10,3,1,1180154.00,0.0000,0.0000,1182000.0,0.0,1.000,4194304.0,0.000,0,0,4194304,1,2,0,0,1,1
3,chain3_i32,i32,1048576,glibc_t1,FIXED_TWIN,11,0,1,972563.00,0.0000,0.0000,975000.0,0.0,1.000,4194304.0,0.000,0,0,4194304,1,1,1,0,1,1
3,chain3_i32,i32,1048576,glibc_t1,P5,11,1,1,1460073.00,0.0000,0.0000,1462000.0,0.0,3.000,12582912.0,0.000,0,0,12582912,3,0,0,0,1,1
3,chain3_i32,i32,1048576,glibc_t1,P6,11,2,1,1212071.00,0.0000,0.0000,1215000.0,0.0,1.000,4194304.0,0.000,0,0,4194304,1,2,0,0,1,1
3,chain3_i32,i32,1048576,glibc_t1,P7,11,3,1,969421.00,0.0000,0.0000,972000.0,0.0,1.000,4194304.0,0.000,0,0,4194304,1,1,1,0,1,1
3,chain3_i32,i32,1048576,glibc_t1,P5,12,0,1,1449735.00,0.0000,0.0000,1452000.0,0.0,3.000,12582912.0,0.000,0,0,12582912,3,0,0,0,1,1
3,chain3_i32,i32,1048576,glibc_t1,P6,12,1,1,1159364.00,0.0000,0.0000,1162000.0,0.0,1.000,4194304.0,0.000,0,0,4194304,1,2,0,0,1,1
3,chain3_i32,i32,1048576,glibc_t1,P7,12,2,1,976042.00,0.0000,0.0000,979000.0,0.0,1.000,4194304.0,0.000,0,0,4194304,1,1,1,0,1,1
3,chain3_i32,i32,1048576,glibc_t1,FIXED_TWIN,12,3,1,965942.00,0.0000,0.0000,968000.0,0.0,1.000,4194304.0,0.000,0,0,4194304,1,1,1,0,1,1
3,chain3_i32,i32,1048576,glibc_t1,P6,13,0,1,1160142.00,0.0000,0.0000,1163000.0,0.0,1.000,4194304.0,0.000,0,0,4194304,1,2,0,0,1,1
3,chain3_i32,i32,1048576,glibc_t1,P7,13,1,1,968145.00,0.0000,0.0000,971000.0,0.0,1.000,4194304.0,0.000,0,0,4194304,1,1,1,0,1,1
3,chain3_i32,i32,1048576,glibc_t1,FIXED_TWIN,13,2,1,1003976.00,0.0000,0.0000,1007000.0,0.0,1.000,4194304.0,0.000,0,0,4194304,1,1,1,0,1,1
3,chain3_i32,i32,1048576,glibc_t1,P5,13,3,1,1546158.00,0.0000,0.0000,1549000.0,0.0,3.000,12582912.0,0.000,0,0,12582912,3,0,0,0,1,1
3,chain3_i32,i32,1048576,glibc_t1,P7,14,0,1,955582.00,0.0000,0.0000,958000.0,0.0,1.000,4194304.0,0.000,0,0,4194304,1,1,1,0,1,1
3,chain3_i32,i32,1048576,glibc_t1,FIXED_TWIN,14,1,1,1019499.00,0.0000,0.0000,1022000.0,0.0,1.000,4194304.0,0.000,0,0,4194304,1,1,1,0,1,1
3,chain3_i32,i32,1048576,glibc_t1,P5,14,2,1,1533615.00,0.0000,0.0000,1535000.0,0.0,3.000,12582912.0,0.000,0,0,12582912,3,0,0,0,1,1
3,chain3_i32,i32,1048576,glibc_t1,P6,14,3,1,1143361.00,0.0000,0.0000,1146000.0,0.0,1.000,4194304.0,0.000,0,0,4194304,1,2,0,0,1,1
3,chain3_i32,i32,4194304,glibc_t1,P5,0,0,1,8341037.00,0.0000,0.0000,8348000.0,0.0,3.000,50331648.0,0.000,0,0,50331648,3,0,0,0,1,1
3,chain3_i32,i32,4194304,glibc_t1,P6,0,1,1,5581802.00,0.0000,0.0000,5587000.0,0.0,1.000,16777216.0,0.000,0,0,16777216,1,2,0,0,1,1
3,chain3_i32,i32,4194304,glibc_t1,P7,0,2,1,4664932.00,0.0000,0.0000,4669000.0,0.0,1.000,16777216.0,0.000,0,0,16777216,1,1,1,0,1,1
3,chain3_i32,i32,4194304,glibc_t1,FIXED_TWIN,0,3,1,4756556.00,0.0000,0.0000,4760000.0,0.0,1.000,16777216.0,0.000,0,0,16777216,1,1,1,0,1,1
3,chain3_i32,i32,4194304,glibc_t1,P6,1,0,1,5534153.00,0.0000,0.0000,5538000.0,0.0,1.000,16777216.0,0.000,0,0,16777216,1,2,0,0,1,1
3,chain3_i32,i32,4194304,glibc_t1,P7,1,1,1,4761662.00,0.0000,0.0000,4766000.0,0.0,1.000,16777216.0,0.000,0,0,16777216,1,1,1,0,1,1
3,chain3_i32,i32,4194304,glibc_t1,FIXED_TWIN,1,2,1,4823437.00,0.0000,0.0000,4827000.0,0.0,1.000,16777216.0,0.000,0,0,16777216,1,1,1,0,1,1
3,chain3_i32,i32,4194304,glibc_t1,P5,1,3,1,9098699.00,0.0000,0.0000,9103000.0,0.0,3.000,50331648.0,0.000,0,0,50331648,3,0,0,0,1,1
3,chain3_i32,i32,4194304,glibc_t1,P7,2,0,1,5056753.00,0.0000,0.0000,5061000.0,0.0,1.000,16777216.0,0.000,0,0,16777216,1,1,1,0,1,1
3,chain3_i32,i32,4194304,glibc_t1,FIXED_TWIN,2,1,1,4719565.00,0.0000,0.0000,4685000.0,0.0,1.000,16777216.0,0.000,0,0,16777216,1,1,1,0,1,1
3,chain3_i32,i32,4194304,glibc_t1,P5,2,2,1,8664222.00,0.0000,0.0000,8668000.0,0.0,3.000,50331648.0,0.000,0,0,50331648,3,0,0,0,1,1
3,chain3_i32,i32,4194304,glibc_t1,P6,2,3,1,5823465.00,0.0000,0.0000,5827000.0,0.0,1.000,16777216.0,0.000,0,0,16777216,1,2,0,0,1,1
3,chain3_i32,i32,4194304,glibc_t1,FIXED_TWIN,3,0,1,4805168.00,0.0000,0.0000,4809000.0,0.0,1.000,16777216.0,0.000,0,0,16777216,1,1,1,0,1,1
3,chain3_i32,i32,4194304,glibc_t1,P5,3,1,1,9082310.00,0.0000,0.0000,9049000.0,0.0,3.000,50331648.0,0.000,0,0,50331648,3,0,0,0,1,1
3,chain3_i32,i32,4194304,glibc_t1,P6,3,2,1,6139298.00,0.0000,0.0000,6144000.0,0.0,1.000,16777216.0,0.000,0,0,16777216,1,2,0,0,1,1
3,chain3_i32,i32,4194304,glibc_t1,P7,3,3,1,5165835.00,0.0000,0.0000,5170000.0,0.0,1.000,16777216.0,0.000,0,0,16777216,1,1,1,0,1,1
3,chain3_i32,i32,4194304,glibc_t1,P5,4,0,1,9045042.00,0.0000,0.0000,9050000.0,0.0,3.000,50331648.0,0.000,0,0,50331648,3,0,0,0,1,1
3,chain3_i32,i32,4194304,glibc_t1,P6,4,1,1,6180413.00,0.0000,0.0000,6185000.0,0.0,1.000,16777216.0,0.000,0,0,16777216,1,2,0,0,1,1
3,chain3_i32,i32,4194304,glibc_t1,P7,4,2,1,4757817.00,0.0000,0.0000,4750000.0,0.0,1.000,16777216.0,0.000,0,0,16777216,1,1,1,0,1,1
3,chain3_i32,i32,4194304,glibc_t1,FIXED_TWIN,4,3,1,4401224.00,0.0000,0.0000,4406000.0,0.0,1.000,16777216.0,0.000,0,0,16777216,1,1,1,0,1,1
3,chain3_i32,i32,4194304,glibc_t1,P6,5,0,1,5058717.00,0.0000,0.0000,5062000.0,0.0,1.000,16777216.0,0.000,0,0,16777216,1,2,0,0,1,1
3,chain3_i32,i32,4194304,glibc_t1,P7,5,1,1,4523788.00,0.0000,0.0000,4528000.0,0.0,1.000,16777216.0,0.000,0,0,16777216,1,1,1,0,1,1
3,chain3_i32,i32,4194304,glibc_t1,FIXED_TWIN,5,2,1,4590420.00,0.0000,0.0000,4593000.0,0.0,1.000,16777216.0,0.000,0,0,16777216,1,1,1,0,1,1
3,chain3_i32,i32,4194304,glibc_t1,P5,5,3,1,8917680.00,0.0000,0.0000,8921000.0,0.0,3.000,50331648.0,0.000,0,0,50331648,3,0,0,0,1,1
3,chain3_i32,i32,4194304,glibc_t1,P7,6,0,1,5218036.00,0.0000,0.0000,5222000.0,0.0,1.000,16777216.0,0.000,0,0,16777216,1,1,1,0,1,1
3,chain3_i32,i32,4194304,glibc_t1,FIXED_TWIN,6,1,1,4788817.00,0.0000,0.0000,4793000.0,0.0,1.000,16777216.0,0.000,0,0,16777216,1,1,1,0,1,1
3,chain3_i32,i32,4194304,glibc_t1,P5,6,2,1,8913629.00,0.0000,0.0000,8918000.0,0.0,3.000,50331648.0,0.000,0,0,50331648,3,0,0,0,1,1
3,chain3_i32,i32,4194304,glibc_t1,P6,6,3,1,6037006.00,0.0000,0.0000,6041000.0,0.0,1.000,16777216.0,0.000,0,0,16777216,1,2,0,0,1,1
3,chain3_i32,i32,4194304,glibc_t1,FIXED_TWIN,7,0,1,4820143.00,0.0000,0.0000,4824000.0,0.0,1.000,16777216.0,0.000,0,0,16777216,1,1,1,0,1,1
3,chain3_i32,i32,4194304,glibc_t1,P5,7,1,1,8672169.00,0.0000,0.0000,8677000.0,0.0,3.000,50331648.0,0.000,0,0,50331648,3,0,0,0,1,1
3,chain3_i32,i32,4194304,glibc_t1,P6,7,2,1,5621011.00,0.0000,0.0000,5625000.0,0.0,1.000,16777216.0,0.000,0,0,16777216,1,2,0,0,1,1
3,chain3_i32,i32,4194304,glibc_t1,P7,7,3,1,4224311.00,0.0000,0.0000,4228000.0,0.0,1.000,16777216.0,0.000,0,0,16777216,1,1,1,0,1,1
3,chain3_i32,i32,4194304,glibc_t1,P5,8,0,1,8409126.00,0.0000,0.0000,8413000.0,0.0,3.000,50331648.0,0.000,0,0,50331648,3,0,0,0,1,1
3,chain3_i32,i32,4194304,glibc_t1,P6,8,1,1,5336206.00,0.0000,0.0000,5340000.0,0.0,1.000,16777216.0,0.000,0,0,16777216,1,2,0,0,1,1
3,chain3_i32,i32,4194304,glibc_t1,P7,8,2,1,4336448.00,0.0000,0.0000,4340000.0,0.0,1.000,16777216.0,0.000,0,0,16777216,1,1,1,0,1,1
3,chain3_i32,i32,4194304,glibc_t1,FIXED_TWIN,8,3,1,4383025.00,0.0000,0.0000,4386000.0,0.0,1.000,16777216.0,0.000,0,0,16777216,1,1,1,0,1,1
3,chain3_i32,i32,4194304,glibc_t1,P6,9,0,1,5007584.00,0.0000,0.0000,5012000.0,0.0,1.000,16777216.0,0.000,0,0,16777216,1,2,0,0,1,1
3,chain3_i32,i32,4194304,glibc_t1,P7,9,1,1,4043633.00,0.0000,0.0000,4048000.0,0.0,1.000,16777216.0,0.000,0,0,16777216,1,1,1,0,1,1
3,chain3_i32,i32,4194304,glibc_t1,FIXED_TWIN,9,2,1,4059318.00,0.0000,0.0000,4063000.0,0.0,1.000,16777216.0,0.000,0,0,16777216,1,1,1,0,1,1
3,chain3_i32,i32,4194304,glibc_t1,P5,9,3,1,8577482.00,0.0000,0.0000,8581000.0,0.0,3.000,50331648.0,0.000,0,0,50331648,3,0,0,0,1,1
3,chain3_i32,i32,4194304,glibc_t1,P7,10,0,1,4706878.00,0.0000,0.0000,4712000.0,0.0,1.000,16777216.0,0.000,0,0,16777216,1,1,1,0,1,1
3,chain3_i32,i32,4194304,glibc_t1,FIXED_TWIN,10,1,1,4034706.00,0.0000,0.0000,4038000.0,0.0,1.000,16777216.0,0.000,0,0,16777216,1,1,1,0,1,1
3,chain3_i32,i32,4194304,glibc_t1,P5,10,2,1,7942546.00,0.0000,0.0000,7934000.0,0.0,3.000,50331648.0,0.000,0,0,50331648,3,0,0,0,1,1
3,chain3_i32,i32,4194304,glibc_t1,P6,10,3,1,5325588.00,0.0000,0.0000,5329000.0,0.0,1.000,16777216.0,0.000,0,0,16777216,1,2,0,0,1,1
3,chain3_i32,i32,4194304,glibc_t1,FIXED_TWIN,11,0,1,4206339.00,0.0000,0.0000,4210000.0,0.0,1.000,16777216.0,0.000,0,0,16777216,1,1,1,0,1,1
3,chain3_i32,i32,4194304,glibc_t1,P5,11,1,1,8545532.00,0.0000,0.0000,8549000.0,0.0,3.000,50331648.0,0.000,0,0,50331648,3,0,0,0,1,1
3,chain3_i32,i32,4194304,glibc_t1,P6,11,2,1,5539942.00,0.0000,0.0000,5544000.0,0.0,1.000,16777216.0,0.000,0,0,16777216,1,2,0,0,1,1
3,chain3_i32,i32,4194304,glibc_t1,P7,11,3,1,4268850.00,0.0000,0.0000,4294000.0,0.0,1.000,16777216.0,0.000,0,0,16777216,1,1,1,0,1,1
3,chain3_i32,i32,4194304,glibc_t1,P5,12,0,1,8321324.00,0.0000,0.0000,8325000.0,0.0,3.000,50331648.0,0.000,0,0,50331648,3,0,0,0,1,1
3,chain3_i32,i32,4194304,glibc_t1,P6,12,1,1,5468908.00,0.0000,0.0000,5473000.0,0.0,1.000,16777216.0,0.000,0,0,16777216,1,2,0,0,1,1
3,chain3_i32,i32,4194304,glibc_t1,P7,12,2,1,4305691.00,0.0000,0.0000,4310000.0,0.0,1.000,16777216.0,0.000,0,0,16777216,1,1,1,0,1,1
3,chain3_i32,i32,4194304,glibc_t1,FIXED_TWIN,12,3,1,4070549.00,0.0000,0.0000,4074000.0,0.0,1.000,16777216.0,0.000,0,0,16777216,1,1,1,0,1,1
3,chain3_i32,i32,4194304,glibc_t1,P6,13,0,1,4864127.00,0.0000,0.0000,4868000.0,0.0,1.000,16777216.0,0.000,0,0,16777216,1,2,0,0,1,1
3,chain3_i32,i32,4194304,glibc_t1,P7,13,1,1,4085984.00,0.0000,0.0000,4090000.0,0.0,1.000,16777216.0,0.000,0,0,16777216,1,1,1,0,1,1
3,chain3_i32,i32,4194304,glibc_t1,FIXED_TWIN,13,2,1,4606378.00,0.0000,0.0000,4610000.0,0.0,1.000,16777216.0,0.000,0,0,16777216,1,1,1,0,1,1
3,chain3_i32,i32,4194304,glibc_t1,P5,13,3,1,9752790.00,0.0000,0.0000,9758000.0,0.0,3.000,50331648.0,0.000,0,0,50331648,3,0,0,0,1,1
3,chain3_i32,i32,4194304,glibc_t1,P7,14,0,1,5853601.00,0.0000,0.0000,5859000.0,0.0,1.000,16777216.0,0.000,0,0,16777216,1,1,1,0,1,1
3,chain3_i32,i32,4194304,glibc_t1,FIXED_TWIN,14,1,1,5368882.00,0.0000,0.0000,5373000.0,0.0,1.000,16777216.0,0.000,0,0,16777216,1,1,1,0,1,1
3,chain3_i32,i32,4194304,glibc_t1,P5,14,2,1,9030180.00,0.0000,0.0000,9035000.0,0.0,3.000,50331648.0,0.000,0,0,50331648,3,0,0,0,1,1
3,chain3_i32,i32,4194304,glibc_t1,P6,14,3,1,5978937.00,0.0000,0.0000,5983000.0,0.0,1.000,16777216.0,0.000,0,0,16777216,1,2,0,0,1,1
3,chain3_i32,i32,16777216,glibc_t1,P5,0,0,1,118129244.00,49155.0000,0.0000,44987000.0,73148000.0,3.000,201326592.0,0.000,0,0,201326592,3,0,0,0,1,1
3,chain3_i32,i32,16777216,glibc_t1,P6,0,1,1,61643504.00,16385.0000,0.0000,38877000.0,22737000.0,1.000,67108864.0,0.000,0,0,67108864,1,2,0,0,1,1
3,chain3_i32,i32,16777216,glibc_t1,P7,0,2,1,57176148.00,16385.0000,0.0000,22673000.0,34497000.0,1.000,67108864.0,0.000,0,0,67108864,1,1,1,0,1,1
3,chain3_i32,i32,16777216,glibc_t1,FIXED_TWIN,0,3,1,53842339.00,16385.0000,0.0000,18948000.0,34854000.0,1.000,67108864.0,0.000,0,0,67108864,1,1,1,0,1,1
3,chain3_i32,i32,16777216,glibc_t1,P6,1,0,1,64126573.00,16385.0000,0.0000,44033000.0,20062000.0,1.000,67108864.0,0.000,0,0,67108864,1,2,0,0,1,1
3,chain3_i32,i32,16777216,glibc_t1,P7,1,1,1,56806215.00,16385.0000,0.0000,28374000.0,28427000.0,1.000,67108864.0,0.000,0,0,67108864,1,1,1,0,1,1
3,chain3_i32,i32,16777216,glibc_t1,FIXED_TWIN,1,2,1,55217183.00,16385.0000,0.0000,39648000.0,15576000.0,1.000,67108864.0,0.000,0,0,67108864,1,1,1,0,1,1
3,chain3_i32,i32,16777216,glibc_t1,P5,1,3,1,121181124.00,49155.0000,0.0000,32537000.0,88564000.0,3.000,201326592.0,0.000,0,0,201326592,3,0,0,0,1,1
3,chain3_i32,i32,16777216,glibc_t1,P7,2,0,1,55944926.00,16385.0000,0.0000,35984000.0,19968000.0,1.000,67108864.0,0.000,0,0,67108864,1,1,1,0,1,1
3,chain3_i32,i32,16777216,glibc_t1,FIXED_TWIN,2,1,1,54064627.00,16385.0000,0.0000,20953000.0,33110000.0,1.000,67108864.0,0.000,0,0,67108864,1,1,1,0,1,1
3,chain3_i32,i32,16777216,glibc_t1,P5,2,2,1,123299666.00,49155.0000,0.0000,11634000.0,111583000.0,3.000,201326592.0,0.000,0,0,201326592,3,0,0,0,1,1
3,chain3_i32,i32,16777216,glibc_t1,P6,2,3,1,61545365.00,16385.0000,0.0000,36728000.0,24824000.0,1.000,67108864.0,0.000,0,0,67108864,1,2,0,0,1,1
3,chain3_i32,i32,16777216,glibc_t1,FIXED_TWIN,3,0,1,55162777.00,16385.0000,0.0000,19609000.0,35559000.0,1.000,67108864.0,0.000,0,0,67108864,1,1,1,0,1,1
3,chain3_i32,i32,16777216,glibc_t1,P5,3,1,1,121006280.00,49155.0000,0.0000,28453000.0,92560000.0,3.000,201326592.0,0.000,0,0,201326592,3,0,0,0,1,1
3,chain3_i32,i32,16777216,glibc_t1,P6,3,2,1,64805481.00,16385.0000,0.0000,32379000.0,32432000.0,1.000,67108864.0,0.000,0,0,67108864,1,2,0,0,1,1
3,chain3_i32,i32,16777216,glibc_t1,P7,3,3,1,53892855.00,16385.0000,0.0000,39031000.0,14852000.0,1.000,67108864.0,0.000,0,0,67108864,1,1,1,0,1,1
3,chain3_i32,i32,16777216,glibc_t1,P5,4,0,1,117572743.00,49155.0000,0.0000,60738000.0,56840000.0,3.000,201326592.0,0.000,0,0,201326592,3,0,0,0,1,1
3,chain3_i32,i32,16777216,glibc_t1,P6,4,1,1,59808076.00,16385.0000,0.0000,31917000.0,27898000.0,1.000,67108864.0,0.000,0,0,67108864,1,2,0,0,1,1
3,chain3_i32,i32,16777216,glibc_t1,P7,4,2,1,52600842.00,16385.0000,0.0000,40236000.0,12314000.0,1.000,67108864.0,0.000,0,0,67108864,1,1,1,0,1,1
3,chain3_i32,i32,16777216,glibc_t1,FIXED_TWIN,4,3,1,53361057.00,16385.0000,0.0000,32644000.0,20728000.0,1.000,67108864.0,0.000,0,0,67108864,1,1,1,0,1,1
3,chain3_i32,i32,16777216,glibc_t1,P6,5,0,1,58940295.00,16385.0000,0.0000,37378000.0,21568000.0,1.000,67108864.0,0.000,0,0,67108864,1,2,0,0,1,1
3,chain3_i32,i32,16777216,glibc_t1,P7,5,1,1,52779956.00,16385.0000,0.0000,28358000.0,24417000.0,1.000,67108864.0,0.000,0,0,67108864,1,1,1,0,1,1
3,chain3_i32,i32,16777216,glibc_t1,FIXED_TWIN,5,2,1,52546567.00,16385.0000,0.0000,18390000.0,34162000.0,1.000,67108864.0,0.000,0,0,67108864,1,1,1,0,1,1
3,chain3_i32,i32,16777216,glibc_t1,P5,5,3,1,115920531.00,49155.0000,0.0000,35949000.0,79966000.0,3.000,201326592.0,0.000,0,0,201326592,3,0,0,0,1,1
3,chain3_i32,i32,16777216,glibc_t1,P7,6,0,1,53256265.00,16385.0000,0.0000,22724000.0,30539000.0,1.000,67108864.0,0.000,0,0,67108864,1,1,1,0,1,1
3,chain3_i32,i32,16777216,glibc_t1,FIXED_TWIN,6,1,1,52918215.00,16385.0000,0.0000,18563000.0,34313000.0,1.000,67108864.0,0.000,0,0,67108864,1,1,1,0,1,1
3,chain3_i32,i32,16777216,glibc_t1,P5,6,2,1,118635404.00,49155.0000,0.0000,55367000.0,63274000.0,3.000,201326592.0,0.000,0,0,201326592,3,0,0,0,1,1
3,chain3_i32,i32,16777216,glibc_t1,P6,6,3,1,59288440.00,16385.0000,0.0000,39679000.0,19615000.0,1.000,67108864.0,0.000,0,0,67108864,1,2,0,0,1,1
3,chain3_i32,i32,16777216,glibc_t1,FIXED_TWIN,7,0,1,52754035.00,16385.0000,0.0000,24316000.0,28406000.0,1.000,67108864.0,0.000,0,0,67108864,1,1,1,0,1,1
3,chain3_i32,i32,16777216,glibc_t1,P5,7,1,1,121283839.00,49155.0000,0.0000,60604000.0,60686000.0,3.000,201326592.0,0.000,0,0,201326592,3,0,0,0,1,1
3,chain3_i32,i32,16777216,glibc_t1,P6,7,2,1,59222576.00,16385.0000,0.0000,39649000.0,19581000.0,1.000,67108864.0,0.000,0,0,67108864,1,2,0,0,1,1
3,chain3_i32,i32,16777216,glibc_t1,P7,7,3,1,54159749.00,16385.0000,0.0000,31149000.0,23017000.0,1.000,67108864.0,0.000,0,0,67108864,1,1,1,0,1,1
3,chain3_i32,i32,16777216,glibc_t1,P5,8,0,1,119855985.00,49155.0000,0.0000,23907000.0,95950000.0,3.000,201326592.0,0.000,0,0,201326592,3,0,0,0,1,1
3,chain3_i32,i32,16777216,glibc_t1,P6,8,1,1,61076125.00,16385.0000,0.0000,32507000.0,28576000.0,1.000,67108864.0,0.000,0,0,67108864,1,2,0,0,1,1
3,chain3_i32,i32,16777216,glibc_t1,P7,8,2,1,55078407.00,16385.0000,0.0000,23573000.0,31512000.0,1.000,67108864.0,0.000,0,0,67108864,1,1,1,0,1,1
3,chain3_i32,i32,16777216,glibc_t1,FIXED_TWIN,8,3,1,56312042.00,16385.0000,0.0000,24147000.0,32172000.0,1.000,67108864.0,0.000,0,0,67108864,1,1,1,0,1,1
3,chain3_i32,i32,16777216,glibc_t1,P6,9,0,1,60959846.00,16385.0000,0.0000,28445000.0,32511000.0,1.000,67108864.0,0.000,0,0,67108864,1,2,0,0,1,1
3,chain3_i32,i32,16777216,glibc_t1,P7,9,1,1,53280687.00,16385.0000,0.0000,28603000.0,24687000.0,1.000,67108864.0,0.000,0,0,67108864,1,1,1,0,1,1
3,chain3_i32,i32,16777216,glibc_t1,FIXED_TWIN,9,2,1,54657859.00,16385.0000,0.0000,35370000.0,19265000.0,1.000,67108864.0,0.000,0,0,67108864,1,1,1,0,1,1
3,chain3_i32,i32,16777216,glibc_t1,P5,9,3,1,119229984.00,49155.0000,0.0000,35632000.0,83605000.0,3.000,201326592.0,0.000,0,0,201326592,3,0,0,0,1,1
3,chain3_i32,i32,16777216,glibc_t1,P7,10,0,1,55437049.00,16385.0000,0.0000,27742000.0,27690000.0,1.000,67108864.0,0.000,0,0,67108864,1,1,1,0,1,1
3,chain3_i32,i32,16777216,glibc_t1,FIXED_TWIN,10,1,1,54348787.00,16385.0000,0.0000,13089000.0,41267000.0,1.000,67108864.0,0.000,0,0,67108864,1,1,1,0,1,1
3,chain3_i32,i32,16777216,glibc_t1,P5,10,2,1,120673100.00,49155.0000,0.0000,28294000.0,92375000.0,3.000,201326592.0,0.000,0,0,201326592,3,0,0,0,1,1
3,chain3_i32,i32,16777216,glibc_t1,P6,10,3,1,62699369.00,16385.0000,0.0000,43390000.0,19299000.0,1.000,67108864.0,0.000,0,0,67108864,1,2,0,0,1,1
3,chain3_i32,i32,16777216,glibc_t1,FIXED_TWIN,11,0,1,56426966.00,16385.0000,0.0000,24201000.0,32233000.0,1.000,67108864.0,0.000,0,0,67108864,1,1,1,0,1,1
3,chain3_i32,i32,16777216,glibc_t1,P5,11,1,1,122100854.00,49155.0000,0.0000,24960000.0,97146000.0,3.000,201326592.0,0.000,0,0,201326592,3,0,0,0,1,1
3,chain3_i32,i32,16777216,glibc_t1,P6,11,2,1,62283072.00,16385.0000,0.0000,33068000.0,29221000.0,1.000,67108864.0,0.000,0,0,67108864,1,2,0,0,1,1
3,chain3_i32,i32,16777216,glibc_t1,P7,11,3,1,55499346.00,16385.0000,0.0000,27771000.0,27734000.0,1.000,67108864.0,0.000,0,0,67108864,1,1,1,0,1,1
3,chain3_i32,i32,16777216,glibc_t1,P5,12,0,1,119045950.00,49155.0000,0.0000,51547000.0,67484000.0,3.000,201326592.0,0.000,0,0,201326592,3,0,0,0,1,1
3,chain3_i32,i32,16777216,glibc_t1,P6,12,1,1,62907194.00,16385.0000,0.0000,27493000.0,35394000.0,1.000,67108864.0,0.000,0,0,67108864,1,2,0,0,1,1
3,chain3_i32,i32,16777216,glibc_t1,P7,12,2,1,57768970.00,16385.0000,0.0000,32810000.0,24945000.0,1.000,67108864.0,0.000,0,0,67108864,1,1,1,0,1,1
3,chain3_i32,i32,16777216,glibc_t1,FIXED_TWIN,12,3,1,58148777.00,16385.0000,0.0000,32990000.0,25148000.0,1.000,67108864.0,0.000,0,0,67108864,1,1,1,0,1,1
3,chain3_i32,i32,16777216,glibc_t1,P6,13,0,1,62286178.00,16385.0000,0.0000,39212000.0,23081000.0,1.000,67108864.0,0.000,0,0,67108864,1,2,0,0,1,1
3,chain3_i32,i32,16777216,glibc_t1,P7,13,1,1,53466284.00,16385.0000,0.0000,26815000.0,26648000.0,1.000,67108864.0,0.000,0,0,67108864,1,1,1,0,1,1
3,chain3_i32,i32,16777216,glibc_t1,FIXED_TWIN,13,2,1,54886148.00,16385.0000,0.0000,33353000.0,21542000.0,1.000,67108864.0,0.000,0,0,67108864,1,1,1,0,1,1
3,chain3_i32,i32,16777216,glibc_t1,P5,13,3,1,118358566.00,49155.0000,0.0000,59236000.0,59118000.0,3.000,201326592.0,0.000,0,0,201326592,3,0,0,0,1,1
3,chain3_i32,i32,16777216,glibc_t1,P7,14,0,1,54163690.00,16385.0000,0.0000,29013000.0,25156000.0,1.000,67108864.0,0.000,0,0,67108864,1,1,1,0,1,1
3,chain3_i32,i32,16777216,glibc_t1,FIXED_TWIN,14,1,1,56638294.00,16385.0000,0.0000,20296000.0,36348000.0,1.000,67108864.0,0.000,0,0,67108864,1,1,1,0,1,1
3,chain3_i32,i32,16777216,glibc_t1,P5,14,2,1,119642333.00,49155.0000,0.0000,27818000.0,91830000.0,3.000,201326592.0,0.000,0,0,201326592,3,0,0,0,1,1
3,chain3_i32,i32,16777216,glibc_t1,P6,14,3,1,62574126.00,16385.0000,0.0000,27338000.0,35243000.0,1.000,67108864.0,0.000,0,0,67108864,1,2,0,0,1,1
