
/tmp/cg2/clang.o:     file format elf64-x86-64


Disassembly of section .text:

0000000000000000 <lume::to_string(lume::ExecutionErrorCode)>:
       0:	cmp    dil,0x3
       4:	ja     24 <lume::to_string(lume::ExecutionErrorCode)+0x24>
       6:	lea    rax,[rip+0x0]        # d <lume::to_string(lume::ExecutionErrorCode)+0xd>
       d:	movzx  ecx,dil
      11:	movsxd rdx,DWORD PTR [rax+rcx*4]
      15:	add    rdx,rax
      18:	lea    rax,[rip+0x0]        # 1f <lume::to_string(lume::ExecutionErrorCode)+0x1f>
      1f:	mov    rax,QWORD PTR [rax+rcx*8]
      23:	ret
      24:	mov    eax,0x1e
      29:	lea    rdx,[rip+0x0]        # 30 <lume::to_string(lume::ExecutionErrorCode)+0x30>
      30:	ret
      31:	data16 data16 data16 data16 data16 cs nop WORD PTR [rax+rax*1+0x0]

0000000000000040 <lume::detail::validate_inputs(lume::ProgramStorage const&, std::span<lume::Buffer const, 18446744073709551615ul>)>:
      40:	push   rbp
      41:	push   r15
      43:	push   r14
      45:	push   r13
      47:	push   r12
      49:	push   rbx
      4a:	sub    rsp,0x128
      51:	mov    r14,rcx
      54:	mov    QWORD PTR [rsp+0x118],rdx
      5c:	mov    rbp,rdi
      5f:	mov    r12,QWORD PTR [rsi+0x30]
      63:	mov    QWORD PTR [rsp+0x120],rsi
      6b:	mov    rdx,QWORD PTR [rsi+0x38]
      6f:	cmp    r12,rdx
      72:	mov    QWORD PTR [rsp+0xd0],rdi
      7a:	je     fa7 <lume::detail::validate_inputs(lume::ProgramStorage const&, std::span<lume::Buffer const, 18446744073709551615ul>)+0xf67>
      80:	xor    ebx,ebx
      82:	mov    rax,r12
      85:	data16 cs nop WORD PTR [rax+rax*1+0x0]
      90:	xor    ecx,ecx
      92:	cmp    BYTE PTR [rax],0x1
      95:	sete   cl
      98:	add    rbx,rcx
      9b:	add    rax,0x10
      9f:	cmp    rax,rdx
      a2:	jne    90 <lume::detail::validate_inputs(lume::ProgramStorage const&, std::span<lume::Buffer const, 18446744073709551615ul>)+0x50>
      a4:	cmp    rbx,r14
      a7:	jne    fbe <lume::detail::validate_inputs(lume::ProgramStorage const&, std::span<lume::Buffer const, 18446744073709551615ul>)+0xf7e>
      ad:	cmp    r12,rdx
      b0:	je     fb5 <lume::detail::validate_inputs(lume::ProgramStorage const&, std::span<lume::Buffer const, 18446744073709551615ul>)+0xf75>
      b6:	lea    rdi,[rsp+0x80]
      be:	lea    rax,[rbp+0x18]
      c2:	mov    QWORD PTR [rsp+0x108],rax
      ca:	xor    r13d,r13d
      cd:	lea    r15,[rip+0x0]        # d4 <lume::detail::validate_inputs(lume::ProgramStorage const&, std::span<lume::Buffer const, 18446744073709551615ul>)+0x94>
      d4:	mov    QWORD PTR [rsp+0x110],rdx
      dc:	jmp    12a <lume::detail::validate_inputs(lume::ProgramStorage const&, std::span<lume::Buffer const, 18446744073709551615ul>)+0xea>
      de:	inc    r13
      e1:	mov    bl,0x1
      e3:	mov    rbp,QWORD PTR [rsp+0xd0]
      eb:	mov    rdi,QWORD PTR [rsp+0xb0]
      f3:	lea    rax,[rsp+0xc0]
      fb:	cmp    rdi,rax
      fe:	je     105 <lume::detail::validate_inputs(lume::ProgramStorage const&, std::span<lume::Buffer const, 18446744073709551615ul>)+0xc5>
     100:	call   105 <lume::detail::validate_inputs(lume::ProgramStorage const&, std::span<lume::Buffer const, 18446744073709551615ul>)+0xc5>
     105:	test   bl,bl
     107:	lea    rdi,[rsp+0x80]
     10f:	mov    rdx,QWORD PTR [rsp+0x110]
     117:	je     1563 <lume::detail::validate_inputs(lume::ProgramStorage const&, std::span<lume::Buffer const, 18446744073709551615ul>)+0x1523>
     11d:	add    r12,0x10
     121:	cmp    r12,rdx
     124:	je     fb5 <lume::detail::validate_inputs(lume::ProgramStorage const&, std::span<lume::Buffer const, 18446744073709551615ul>)+0xf75>
     12a:	cmp    BYTE PTR [r12],0x1
     12f:	jne    11d <lume::detail::validate_inputs(lume::ProgramStorage const&, std::span<lume::Buffer const, 18446744073709551615ul>)+0xdd>
     131:	mov    eax,DWORD PTR [r12+0xc]
     136:	mov    rdx,QWORD PTR [rsp+0x120]
     13e:	mov    rcx,QWORD PTR [rdx]
     141:	mov    rdx,QWORD PTR [rdx+0x18]
     145:	mov    eax,DWORD PTR [rdx+rax*8]
     148:	movzx  r9d,BYTE PTR [rcx+rax*8]
     14d:	mov    ebx,DWORD PTR [rcx+rax*8+0x4]
     151:	cmp    r13,0xa
     155:	mov    QWORD PTR [rsp+0xf8],r13
     15d:	mov    DWORD PTR [rsp+0x104],r9d
     165:	jae    190 <lume::detail::validate_inputs(lume::ProgramStorage const&, std::span<lume::Buffer const, 18446744073709551615ul>)+0x150>
     167:	mov    QWORD PTR [rsp+0x70],rdi
     16c:	lea    rbp,[rsp+0x18]
     171:	mov    BYTE PTR [rsp+0x80],0x0
     179:	mov    r13d,0x1
     17f:	mov    r14,rdi
     182:	jmp    250 <lume::detail::validate_inputs(lume::ProgramStorage const&, std::span<lume::Buffer const, 18446744073709551615ul>)+0x210>
     187:	nop    WORD PTR [rax+rax*1+0x0]
     190:	mov    esi,0x4
     195:	mov    rcx,r13
     198:	lea    rbp,[rsp+0x18]
     19d:	movabs r8,0x346dc5d63886594b
     1a7:	nop    WORD PTR [rax+rax*1+0x0]
     1b0:	cmp    rcx,0x63
     1b4:	jbe    1f3 <lume::detail::validate_inputs(lume::ProgramStorage const&, std::span<lume::Buffer const, 18446744073709551615ul>)+0x1b3>
     1b6:	cmp    rcx,0x3e7
     1bd:	jbe    21e <lume::detail::validate_inputs(lume::ProgramStorage const&, std::span<lume::Buffer const, 18446744073709551615ul>)+0x1de>
     1bf:	cmp    rcx,0x2710
     1c6:	jb     1f6 <lume::detail::validate_inputs(lume::ProgramStorage const&, std::span<lume::Buffer const, 18446744073709551615ul>)+0x1b6>
     1c8:	mov    rax,rcx
     1cb:	mul    r8
     1ce:	shr    rdx,0xb
     1d2:	add    esi,0x4
     1d5:	cmp    rcx,0x1869f
     1dc:	mov    rcx,rdx
     1df:	ja     1b0 <lume::detail::validate_inputs(lume::ProgramStorage const&, std::span<lume::Buffer const, 18446744073709551615ul>)+0x170>
     1e1:	add    esi,0xfffffffd
     1e4:	mov    r13d,esi
     1e7:	mov    QWORD PTR [rsp+0x70],rdi
     1ec:	cmp    esi,0x10
     1ef:	jae    203 <lume::detail::validate_inputs(lume::ProgramStorage const&, std::span<lume::Buffer const, 18446744073709551615ul>)+0x1c3>
     1f1:	jmp    22d <lume::detail::validate_inputs(lume::ProgramStorage const&, std::span<lume::Buffer const, 18446744073709551615ul>)+0x1ed>
     1f3:	add    esi,0xfffffffe
     1f6:	mov    r13d,esi
     1f9:	mov    QWORD PTR [rsp+0x70],rdi
     1fe:	cmp    esi,0x10
     201:	jb     22d <lume::detail::validate_inputs(lume::ProgramStorage const&, std::span<lume::Buffer const, 18446744073709551615ul>)+0x1ed>
     203:	lea    rdi,[r13+0x1]
     207:	call   20c <lume::detail::validate_inputs(lume::ProgramStorage const&, std::span<lume::Buffer const, 18446744073709551615ul>)+0x1cc>
     20c:	mov    r14,rax
     20f:	mov    QWORD PTR [rsp+0x70],rax
     214:	mov    QWORD PTR [rsp+0x80],r13
     21c:	jmp    243 <lume::detail::validate_inputs(lume::ProgramStorage const&, std::span<lume::Buffer const, 18446744073709551615ul>)+0x203>
     21e:	dec    esi
     220:	mov    r13d,esi
     223:	mov    QWORD PTR [rsp+0x70],rdi
     228:	cmp    esi,0x10
     22b:	jae    203 <lume::detail::validate_inputs(lume::ProgramStorage const&, std::span<lume::Buffer const, 18446744073709551615ul>)+0x1c3>
     22d:	test   r13,r13
     230:	je     17f <lume::detail::validate_inputs(lume::ProgramStorage const&, std::span<lume::Buffer const, 18446744073709551615ul>)+0x13f>
     236:	mov    r14,rdi
     239:	cmp    r13d,0x1
     23d:	je     171 <lume::detail::validate_inputs(lume::ProgramStorage const&, std::span<lume::Buffer const, 18446744073709551615ul>)+0x131>
     243:	mov    rdi,r14
     246:	xor    esi,esi
     248:	mov    rdx,r13
     24b:	call   250 <lume::detail::validate_inputs(lume::ProgramStorage const&, std::span<lume::Buffer const, 18446744073709551615ul>)+0x210>
     250:	mov    QWORD PTR [rsp+0x78],r13
     255:	mov    BYTE PTR [r14+r13*1],0x0
     25a:	mov    rcx,QWORD PTR [rsp+0x70]
     25f:	mov    rdi,QWORD PTR [rsp+0xf8]
     267:	mov    rdx,rdi
     26a:	cmp    rdi,0x64
     26e:	movabs r10,0x28f5c28f5c28f5c3
     278:	jb     2d0 <lume::detail::validate_inputs(lume::ProgramStorage const&, std::span<lume::Buffer const, 18446744073709551615ul>)+0x290>
     27a:	mov    esi,DWORD PTR [rsp+0x78]
     27e:	add    esi,0xfffffffe
     281:	data16 data16 data16 data16 data16 cs nop WORD PTR [rax+rax*1+0x0]
     290:	lea    r8d,[rsi+0x1]
     294:	mov    rax,rdi
     297:	shr    rax,0x2
     29b:	mul    r10
     29e:	shr    rdx,0x2
     2a2:	imul   eax,edx,0x64
     2a5:	mov    r9d,edi
     2a8:	sub    r9d,eax
     2ab:	movzx  eax,BYTE PTR [r15+r9*2]
     2b0:	movzx  r9d,BYTE PTR [r15+r9*2+0x1]
     2b6:	mov    BYTE PTR [rcx+r8*1],r9b
     2ba:	mov    r8d,esi
     2bd:	mov    BYTE PTR [rcx+r8*1],al
     2c1:	add    esi,0xfffffffe
     2c4:	cmp    rdi,0x270f
     2cb:	mov    rdi,rdx
     2ce:	ja     290 <lume::detail::validate_inputs(lume::ProgramStorage const&, std::span<lume::Buffer const, 18446744073709551615ul>)+0x250>
     2d0:	cmp    rdx,0xa
     2d4:	jb     2f0 <lume::detail::validate_inputs(lume::ProgramStorage const&, std::span<lume::Buffer const, 18446744073709551615ul>)+0x2b0>
     2d6:	movzx  eax,BYTE PTR [r15+rdx*2]
     2db:	movzx  edx,BYTE PTR [r15+rdx*2+0x1]
     2e1:	mov    BYTE PTR [rcx+0x1],dl
     2e4:	jmp    2f5 <lume::detail::validate_inputs(lume::ProgramStorage const&, std::span<lume::Buffer const, 18446744073709551615ul>)+0x2b5>
     2e6:	cs nop WORD PTR [rax+rax*1+0x0]
     2f0:	or     dl,0x30
     2f3:	mov    eax,edx
     2f5:	mov    BYTE PTR [rcx],al
     2f7:	mov    r8d,0x6
     2fd:	lea    rdi,[rsp+0x70]
     302:	xor    esi,esi
     304:	xor    edx,edx
     306:	lea    rcx,[rip+0x0]        # 30d <lume::detail::validate_inputs(lume::ProgramStorage const&, std::span<lume::Buffer const, 18446744073709551615ul>)+0x2cd>
     30d:	call   312 <lume::detail::validate_inputs(lume::ProgramStorage const&, std::span<lume::Buffer const, 18446744073709551615ul>)+0x2d2>
     312:	mov    QWORD PTR [rsp+0x8],rbp
     317:	mov    rsi,QWORD PTR [rax]
     31a:	mov    r14,rax
     31d:	add    r14,0x10
     321:	cmp    rsi,r14
     324:	je     33a <lume::detail::validate_inputs(lume::ProgramStorage const&, std::span<lume::Buffer const, 18446744073709551615ul>)+0x2fa>
     326:	mov    QWORD PTR [rsp+0x8],rsi
     32b:	mov    rcx,QWORD PTR [rax+0x10]
     32f:	mov    QWORD PTR [rsp+0x18],rcx
     334:	mov    r13,QWORD PTR [rax+0x8]
     338:	jmp    355 <lume::detail::validate_inputs(lume::ProgramStorage const&, std::span<lume::Buffer const, 18446744073709551615ul>)+0x315>
     33a:	mov    r13,QWORD PTR [rax+0x8]
     33e:	lea    rdx,[r13+0x1]
     342:	mov    rdi,rbp
     345:	mov    rbp,rax
     348:	call   34d <lume::detail::validate_inputs(lume::ProgramStorage const&, std::span<lume::Buffer const, 18446744073709551615ul>)+0x30d>
     34d:	mov    rax,rbp
     350:	lea    rbp,[rsp+0x18]
     355:	mov    QWORD PTR [rsp+0x10],r13
     35a:	mov    QWORD PTR [rax],r14
     35d:	mov    QWORD PTR [rax+0x8],0x0
     365:	mov    BYTE PTR [rax+0x10],0x0
     369:	mov    rsi,QWORD PTR [rsp+0x10]
     36e:	movabs rax,0x7ffffffffffffff9
     378:	add    rax,0x3
     37c:	cmp    rsi,rax
     37f:	jg     15e1 <lume::detail::validate_inputs(lume::ProgramStorage const&, std::span<lume::Buffer const, 18446744073709551615ul>)+0x15a1>
     385:	mov    rax,QWORD PTR [rsp+0x8]
     38a:	mov    ecx,0xf
     38f:	cmp    rax,rbp
     392:	lea    r13,[rsp+0xa0]
     39a:	je     3a1 <lume::detail::validate_inputs(lume::ProgramStorage const&, std::span<lume::Buffer const, 18446744073709551615ul>)+0x361>
     39c:	mov    rcx,QWORD PTR [rsp+0x18]
     3a1:	lea    r14,[rsi+0x3]
     3a5:	cmp    r14,rcx
     3a8:	jbe    3d0 <lume::detail::validate_inputs(lume::ProgramStorage const&, std::span<lume::Buffer const, 18446744073709551615ul>)+0x390>
     3aa:	mov    r8d,0x3
     3b0:	lea    rdi,[rsp+0x8]
     3b5:	xor    edx,edx
     3b7:	lea    rcx,[rip+0x0]        # 3be <lume::detail::validate_inputs(lume::ProgramStorage const&, std::span<lume::Buffer const, 18446744073709551615ul>)+0x37e>
     3be:	call   3c3 <lume::detail::validate_inputs(lume::ProgramStorage const&, std::span<lume::Buffer const, 18446744073709551615ul>)+0x383>
     3c3:	jmp    3db <lume::detail::validate_inputs(lume::ProgramStorage const&, std::span<lume::Buffer const, 18446744073709551615ul>)+0x39b>
     3c5:	data16 cs nop WORD PTR [rax+rax*1+0x0]
     3d0:	mov    BYTE PTR [rax+rsi*1+0x2],0x25
     3d5:	mov    WORD PTR [rax+rsi*1],0x2820
     3db:	mov    QWORD PTR [rsp+0x10],r14
     3e0:	mov    rax,QWORD PTR [rsp+0x8]
     3e5:	mov    BYTE PTR [rax+r14*1],0x0
     3ea:	mov    QWORD PTR [rsp+0x90],r13
     3f2:	mov    rax,QWORD PTR [rsp+0x8]
     3f7:	cmp    rax,rbp
     3fa:	je     418 <lume::detail::validate_inputs(lume::ProgramStorage const&, std::span<lume::Buffer const, 18446744073709551615ul>)+0x3d8>
     3fc:	mov    QWORD PTR [rsp+0x90],rax
     404:	mov    r14,QWORD PTR [rsp+0x10]
     409:	mov    rax,QWORD PTR [rsp+0x18]
     40e:	mov    QWORD PTR [rsp+0xa0],rax
     416:	jmp    42c <lume::detail::validate_inputs(lume::ProgramStorage const&, std::span<lume::Buffer const, 18446744073709551615ul>)+0x3ec>
     418:	mov    r14,QWORD PTR [rsp+0x10]
     41d:	lea    rdx,[r14+0x1]
     421:	mov    rdi,r13
     424:	mov    rsi,rbp
     427:	call   42c <lume::detail::validate_inputs(lume::ProgramStorage const&, std::span<lume::Buffer const, 18446744073709551615ul>)+0x3ec>
     42c:	mov    esi,0xd1b71759
     431:	mov    QWORD PTR [rsp+0x98],r14
     439:	mov    QWORD PTR [rsp+0x8],rbp
     43e:	mov    QWORD PTR [rsp+0x10],0x0
     447:	mov    BYTE PTR [rsp+0x18],0x0
     44c:	mov    ebp,DWORD PTR [r12+0xc]
     451:	cmp    ebp,0xa
     454:	jae    480 <lume::detail::validate_inputs(lume::ProgramStorage const&, std::span<lume::Buffer const, 18446744073709551615ul>)+0x440>
     456:	lea    rax,[rsp+0x38]
     45b:	mov    QWORD PTR [rsp+0x28],rax
     460:	mov    BYTE PTR [rsp+0x38],0x0
     465:	mov    r13d,0x1
     46b:	mov    r14,rax
     46e:	jmp    520 <lume::detail::validate_inputs(lume::ProgramStorage const&, std::span<lume::Buffer const, 18446744073709551615ul>)+0x4e0>
     473:	data16 data16 data16 cs nop WORD PTR [rax+rax*1+0x0]
     480:	mov    eax,0x4
     485:	mov    ecx,ebp
     487:	nop    WORD PTR [rax+rax*1+0x0]
     490:	cmp    ecx,0x63
     493:	jbe    4c1 <lume::detail::validate_inputs(lume::ProgramStorage const&, std::span<lume::Buffer const, 18446744073709551615ul>)+0x481>
     495:	cmp    ecx,0x3e7
     49b:	jbe    4c6 <lume::detail::validate_inputs(lume::ProgramStorage const&, std::span<lume::Buffer const, 18446744073709551615ul>)+0x486>
     49d:	cmp    ecx,0x2710
     4a3:	jb     4c8 <lume::detail::validate_inputs(lume::ProgramStorage const&, std::span<lume::Buffer const, 18446744073709551615ul>)+0x488>
     4a5:	mov    edx,ecx
     4a7:	imul   rdx,rsi
     4ab:	shr    rdx,0x2d
     4af:	add    eax,0x4
     4b2:	cmp    ecx,0x1869f
     4b8:	mov    ecx,edx
     4ba:	ja     490 <lume::detail::validate_inputs(lume::ProgramStorage const&, std::span<lume::Buffer const, 18446744073709551615ul>)+0x450>
     4bc:	add    eax,0xfffffffd
     4bf:	jmp    4c8 <lume::detail::validate_inputs(lume::ProgramStorage const&, std::span<lume::Buffer const, 18446744073709551615ul>)+0x488>
     4c1:	add    eax,0xfffffffe
     4c4:	jmp    4c8 <lume::detail::validate_inputs(lume::ProgramStorage const&, std::span<lume::Buffer const, 18446744073709551615ul>)+0x488>
     4c6:	dec    eax
     4c8:	mov    r13d,eax
     4cb:	lea    rcx,[rsp+0x38]
     4d0:	mov    QWORD PTR [rsp+0x28],rcx
     4d5:	cmp    eax,0x10
     4d8:	jb     4f2 <lume::detail::validate_inputs(lume::ProgramStorage const&, std::span<lume::Buffer const, 18446744073709551615ul>)+0x4b2>
     4da:	lea    rdi,[r13+0x1]
     4de:	call   4e3 <lume::detail::validate_inputs(lume::ProgramStorage const&, std::span<lume::Buffer const, 18446744073709551615ul>)+0x4a3>
     4e3:	mov    r14,rax
     4e6:	mov    QWORD PTR [rsp+0x28],rax
     4eb:	mov    QWORD PTR [rsp+0x38],r13
     4f0:	jmp    509 <lume::detail::validate_inputs(lume::ProgramStorage const&, std::span<lume::Buffer const, 18446744073709551615ul>)+0x4c9>
     4f2:	test   r13,r13
     4f5:	je     518 <lume::detail::validate_inputs(lume::ProgramStorage const&, std::span<lume::Buffer const, 18446744073709551615ul>)+0x4d8>
     4f7:	lea    rax,[rsp+0x38]
     4fc:	mov    r14,rax
     4ff:	cmp    r13d,0x1
     503:	je     460 <lume::detail::validate_inputs(lume::ProgramStorage const&, std::span<lume::Buffer const, 18446744073709551615ul>)+0x420>
     509:	mov    rdi,r14
     50c:	xor    esi,esi
     50e:	mov    rdx,r13
     511:	call   516 <lume::detail::validate_inputs(lume::ProgramStorage const&, std::span<lume::Buffer const, 18446744073709551615ul>)+0x4d6>
     516:	jmp    520 <lume::detail::validate_inputs(lume::ProgramStorage const&, std::span<lume::Buffer const, 18446744073709551615ul>)+0x4e0>
     518:	lea    r14,[rsp+0x38]
     51d:	nop    DWORD PTR [rax]
     520:	mov    QWORD PTR [rsp+0x30],r13
     525:	mov    BYTE PTR [r14+r13*1],0x0
     52a:	mov    rax,QWORD PTR [rsp+0x28]
     52f:	cmp    ebp,0x64
     532:	jb     5b0 <lume::detail::validate_inputs(lume::ProgramStorage const&, std::span<lume::Buffer const, 18446744073709551615ul>)+0x570>
     534:	mov    edx,DWORD PTR [rsp+0x30]
     538:	add    edx,0xfffffffe
     53b:	lea    r13,[rsp+0xc0]
     543:	data16 data16 data16 cs nop WORD PTR [rax+rax*1+0x0]
     550:	lea    esi,[rdx+0x1]
     553:	mov    ecx,ebp
     555:	imul   rcx,rcx,0x51eb851f
     55c:	shr    rcx,0x25
     560:	imul   edi,ecx,0x64
     563:	mov    r8d,ebp
     566:	sub    r8d,edi
     569:	movzx  edi,BYTE PTR [r15+r8*2]
     56e:	movzx  r8d,BYTE PTR [r15+r8*2+0x1]
     574:	mov    BYTE PTR [rax+rsi*1],r8b
     578:	mov    esi,edx
     57a:	mov    BYTE PTR [rax+rsi*1],dil
     57e:	add    edx,0xfffffffe
     581:	cmp    ebp,0x270f
     587:	mov    ebp,ecx
     589:	ja     550 <lume::detail::validate_inputs(lume::ProgramStorage const&, std::span<lume::Buffer const, 18446744073709551615ul>)+0x510>
     58b:	cmp    ecx,0xa
     58e:	jb     5bf <lume::detail::validate_inputs(lume::ProgramStorage const&, std::span<lume::Buffer const, 18446744073709551615ul>)+0x57f>
     590:	mov    ecx,ecx
     592:	lea    rdx,[rcx+rcx*1]
     596:	mov    edx,edx
     598:	movzx  edx,BYTE PTR [rdx+r15*1+0x1]
     59e:	mov    BYTE PTR [rax+0x1],dl
     5a1:	movzx  ecx,BYTE PTR [r15+rcx*2]
     5a6:	jmp    5c2 <lume::detail::validate_inputs(lume::ProgramStorage const&, std::span<lume::Buffer const, 18446744073709551615ul>)+0x582>
     5a8:	nop    DWORD PTR [rax+rax*1+0x0]
     5b0:	mov    ecx,ebp
     5b2:	lea    r13,[rsp+0xc0]
     5ba:	cmp    ecx,0xa
     5bd:	jae    590 <lume::detail::validate_inputs(lume::ProgramStorage const&, std::span<lume::Buffer const, 18446744073709551615ul>)+0x550>
     5bf:	or     cl,0x30
     5c2:	lea    rbp,[rsp+0x18]
     5c7:	mov    BYTE PTR [rax],cl
     5c9:	lea    rdi,[rsp+0x48]
     5ce:	lea    rsi,[rsp+0x90]
     5d6:	lea    rdx,[rsp+0x28]
     5db:	call   5e0 <lume::detail::validate_inputs(lume::ProgramStorage const&, std::span<lume::Buffer const, 18446744073709551615ul>)+0x5a0>
     5e0:	mov    rsi,QWORD PTR [rsp+0x50]
     5e5:	movabs rax,0x7ffffffffffffff9
     5ef:	add    rax,0x6
     5f3:	cmp    rsi,rax
     5f6:	je     15d5 <lume::detail::validate_inputs(lume::ProgramStorage const&, std::span<lume::Buffer const, 18446744073709551615ul>)+0x1595>
     5fc:	mov    rax,QWORD PTR [rsp+0x48]
     601:	mov    ecx,0xf
     606:	lea    rdx,[rsp+0x58]
     60b:	cmp    rax,rdx
     60e:	je     615 <lume::detail::validate_inputs(lume::ProgramStorage const&, std::span<lume::Buffer const, 18446744073709551615ul>)+0x5d5>
     610:	mov    rcx,QWORD PTR [rsp+0x58]
     615:	lea    r14,[rsi+0x1]
     619:	cmp    r14,rcx
     61c:	jbe    640 <lume::detail::validate_inputs(lume::ProgramStorage const&, std::span<lume::Buffer const, 18446744073709551615ul>)+0x600>
     61e:	mov    r8d,0x1
     624:	lea    rdi,[rsp+0x48]
     629:	xor    edx,edx
     62b:	lea    rcx,[rip+0x0]        # 632 <lume::detail::validate_inputs(lume::ProgramStorage const&, std::span<lume::Buffer const, 18446744073709551615ul>)+0x5f2>
     632:	call   637 <lume::detail::validate_inputs(lume::ProgramStorage const&, std::span<lume::Buffer const, 18446744073709551615ul>)+0x5f7>
     637:	jmp    644 <lume::detail::validate_inputs(lume::ProgramStorage const&, std::span<lume::Buffer const, 18446744073709551615ul>)+0x604>
     639:	nop    DWORD PTR [rax+0x0]
     640:	mov    BYTE PTR [rax+rsi*1],0x29
     644:	mov    QWORD PTR [rsp+0x50],r14
     649:	mov    rax,QWORD PTR [rsp+0x48]
     64e:	mov    BYTE PTR [rax+r14*1],0x0
     653:	mov    QWORD PTR [rsp+0xb0],r13
     65b:	mov    rax,QWORD PTR [rsp+0x48]
     660:	mov    rdi,r13
     663:	lea    r13,[rsp+0x58]
     668:	cmp    rax,r13
     66b:	je     689 <lume::detail::validate_inputs(lume::ProgramStorage const&, std::span<lume::Buffer const, 18446744073709551615ul>)+0x649>
     66d:	mov    QWORD PTR [rsp+0xb0],rax
     675:	mov    r14,QWORD PTR [rsp+0x50]
     67a:	mov    rax,QWORD PTR [rsp+0x58]
     67f:	mov    QWORD PTR [rsp+0xc0],rax
     687:	jmp    69a <lume::detail::validate_inputs(lume::ProgramStorage const&, std::span<lume::Buffer const, 18446744073709551615ul>)+0x65a>
     689:	mov    r14,QWORD PTR [rsp+0x50]
     68e:	lea    rdx,[r14+0x1]
     692:	mov    rsi,r13
     695:	call   69a <lume::detail::validate_inputs(lume::ProgramStorage const&, std::span<lume::Buffer const, 18446744073709551615ul>)+0x65a>
     69a:	mov    QWORD PTR [rsp+0xb8],r14
     6a2:	mov    QWORD PTR [rsp+0x48],r13
     6a7:	mov    QWORD PTR [rsp+0x50],0x0
     6b0:	mov    BYTE PTR [rsp+0x58],0x0
     6b5:	mov    rdi,QWORD PTR [rsp+0x28]
     6ba:	lea    rax,[rsp+0x38]
     6bf:	cmp    rdi,rax
     6c2:	je     6c9 <lume::detail::validate_inputs(lume::ProgramStorage const&, std::span<lume::Buffer const, 18446744073709551615ul>)+0x689>
     6c4:	call   6c9 <lume::detail::validate_inputs(lume::ProgramStorage const&, std::span<lume::Buffer const, 18446744073709551615ul>)+0x689>
     6c9:	mov    rdi,QWORD PTR [rsp+0x90]
     6d1:	lea    rax,[rsp+0xa0]
     6d9:	cmp    rdi,rax
     6dc:	mov    r13,QWORD PTR [rsp+0xf8]
     6e4:	mov    r14d,DWORD PTR [rsp+0x104]
     6ec:	je     6f3 <lume::detail::validate_inputs(lume::ProgramStorage const&, std::span<lume::Buffer const, 18446744073709551615ul>)+0x6b3>
     6ee:	call   6f3 <lume::detail::validate_inputs(lume::ProgramStorage const&, std::span<lume::Buffer const, 18446744073709551615ul>)+0x6b3>
     6f3:	mov    rdi,QWORD PTR [rsp+0x8]
     6f8:	cmp    rdi,rbp
     6fb:	je     702 <lume::detail::validate_inputs(lume::ProgramStorage const&, std::span<lume::Buffer const, 18446744073709551615ul>)+0x6c2>
     6fd:	call   702 <lume::detail::validate_inputs(lume::ProgramStorage const&, std::span<lume::Buffer const, 18446744073709551615ul>)+0x6c2>
     702:	mov    rdi,QWORD PTR [rsp+0x70]
     707:	lea    rax,[rsp+0x80]
     70f:	cmp    rdi,rax
     712:	je     719 <lume::detail::validate_inputs(lume::ProgramStorage const&, std::span<lume::Buffer const, 18446744073709551615ul>)+0x6d9>
     714:	call   719 <lume::detail::validate_inputs(lume::ProgramStorage const&, std::span<lume::Buffer const, 18446744073709551615ul>)+0x6d9>
     719:	mov    rbp,r13
     71c:	shl    rbp,0x5
     720:	add    rbp,QWORD PTR [rsp+0x118]
     728:	movzx  eax,BYTE PTR [rbp+0x18]
     72c:	cmp    rax,0x3
     730:	ja     161d <lume::detail::validate_inputs(lume::ProgramStorage const&, std::span<lume::Buffer const, 18446744073709551615ul>)+0x15dd>
     736:	mov    cl,0x1
     738:	lea    rsi,[rip+0x0]        # 73f <lume::detail::validate_inputs(lume::ProgramStorage const&, std::span<lume::Buffer const, 18446744073709551615ul>)+0x6ff>
     73f:	movsxd rdx,DWORD PTR [rsi+rax*4]
     743:	add    rdx,rsi
     746:	jmp    rdx
     748:	mov    cl,0x2
     74a:	cmp    cl,r14b
     74d:	jne    780 <lume::detail::validate_inputs(lume::ProgramStorage const&, std::span<lume::Buffer const, 18446744073709551615ul>)+0x740>
     74f:	mov    eax,eax
     751:	lea    rcx,[rip+0x0]        # 758 <lume::detail::validate_inputs(lume::ProgramStorage const&, std::span<lume::Buffer const, 18446744073709551615ul>)+0x718>
     758:	movsxd rax,DWORD PTR [rcx+rax*4]
     75c:	add    rax,rcx
     75f:	jmp    rax
     761:	mov    rax,QWORD PTR [rbp+0x8]
     765:	sub    rax,QWORD PTR [rbp+0x0]
     769:	sar    rax,0x2
     76d:	cmp    rax,rbx
     770:	je     de <lume::detail::validate_inputs(lume::ProgramStorage const&, std::span<lume::Buffer const, 18446744073709551615ul>)+0x9e>
     776:	jmp    7f1 <lume::detail::validate_inputs(lume::ProgramStorage const&, std::span<lume::Buffer const, 18446744073709551615ul>)+0x7b1>
     778:	nop    DWORD PTR [rax+rax*1+0x0]
     780:	mov    BYTE PTR [rsp+0x48],0x1
     785:	mov    rsi,QWORD PTR [rsp+0xb0]
     78d:	mov    rdx,QWORD PTR [rsp+0xb8]
     795:	mov    r8d,0xb
     79b:	lea    rdi,[rsp+0x70]
     7a0:	lea    rcx,[rip+0x0]        # 7a7 <lume::detail::validate_inputs(lume::ProgramStorage const&, std::span<lume::Buffer const, 18446744073709551615ul>)+0x767>
     7a7:	lea    r9,[rsp+0x28]
     7ac:	call   7b1 <lume::detail::validate_inputs(lume::ProgramStorage const&, std::span<lume::Buffer const, 18446744073709551615ul>)+0x771>
     7b1:	lea    rsi,[rip+0x0]        # 7b8 <lume::detail::validate_inputs(lume::ProgramStorage const&, std::span<lume::Buffer const, 18446744073709551615ul>)+0x778>
     7b8:	cmp    r14d,0x1
     7bc:	je     7cf <lume::detail::validate_inputs(lume::ProgramStorage const&, std::span<lume::Buffer const, 18446744073709551615ul>)+0x78f>
     7be:	cmp    r14d,0x2
     7c2:	jne    848 <lume::detail::validate_inputs(lume::ProgramStorage const&, std::span<lume::Buffer const, 18446744073709551615ul>)+0x808>
     7c8:	lea    rsi,[rip+0x0]        # 7cf <lume::detail::validate_inputs(lume::ProgramStorage const&, std::span<lume::Buffer const, 18446744073709551615ul>)+0x78f>
     7cf:	lea    r14,[rsp+0x38]
     7d4:	mov    QWORD PTR [rsp+0x28],r14
     7d9:	mov    r13d,0x3
     7df:	jmp    870 <lume::detail::validate_inputs(lume::ProgramStorage const&, std::span<lume::Buffer const, 18446744073709551615ul>)+0x830>
     7e4:	mov    rax,QWORD PTR [rbp+0x8]
     7e8:	cmp    rax,rbx
     7eb:	je     de <lume::detail::validate_inputs(lume::ProgramStorage const&, std::span<lume::Buffer const, 18446744073709551615ul>)+0x9e>
     7f1:	mov    BYTE PTR [rsp+0x48],0x2
     7f6:	mov    rsi,QWORD PTR [rsp+0xb0]
     7fe:	mov    rdx,QWORD PTR [rsp+0xb8]
     806:	mov    r8d,0x12
     80c:	lea    rdi,[rsp+0x70]
     811:	lea    rcx,[rip+0x0]        # 818 <lume::detail::validate_inputs(lume::ProgramStorage const&, std::span<lume::Buffer const, 18446744073709551615ul>)+0x7d8>
     818:	lea    r9,[rsp+0x28]
     81d:	call   822 <lume::detail::validate_inputs(lume::ProgramStorage const&, std::span<lume::Buffer const, 18446744073709551615ul>)+0x7e2>
     822:	cmp    ebx,0xa
     825:	lea    rsi,[rsp+0x38]
     82a:	jae    af0 <lume::detail::validate_inputs(lume::ProgramStorage const&, std::span<lume::Buffer const, 18446744073709551615ul>)+0xab0>
     830:	mov    QWORD PTR [rsp+0x28],rsi
     835:	mov    BYTE PTR [rsp+0x38],0x0
     83a:	mov    r13d,0x1
     840:	mov    r14,rsi
     843:	jmp    b98 <lume::detail::validate_inputs(lume::ProgramStorage const&, std::span<lume::Buffer const, 18446744073709551615ul>)+0xb58>
     848:	mov    edi,0x11
     84d:	call   852 <lume::detail::validate_inputs(lume::ProgramStorage const&, std::span<lume::Buffer const, 18446744073709551615ul>)+0x812>
     852:	mov    r14,rax
     855:	mov    QWORD PTR [rsp+0x28],rax
     85a:	mov    QWORD PTR [rsp+0x38],0x10
     863:	mov    r13d,0x10
     869:	lea    rsi,[rip+0x0]        # 870 <lume::detail::validate_inputs(lume::ProgramStorage const&, std::span<lume::Buffer const, 18446744073709551615ul>)+0x830>
     870:	mov    rdi,r14
     873:	mov    rdx,r13
     876:	call   87b <lume::detail::validate_inputs(lume::ProgramStorage const&, std::span<lume::Buffer const, 18446744073709551615ul>)+0x83b>
     87b:	mov    QWORD PTR [rsp+0x30],r13
     880:	mov    BYTE PTR [r14+r13*1],0x0
     885:	lea    rdi,[rsp+0x8]
     88a:	lea    rsi,[rsp+0x70]
     88f:	lea    rdx,[rsp+0x28]
     894:	call   899 <lume::detail::validate_inputs(lume::ProgramStorage const&, std::span<lume::Buffer const, 18446744073709551615ul>)+0x859>
     899:	mov    rsi,QWORD PTR [rsp+0x10]
     89e:	movabs rax,0x7ffffffffffffff9
     8a8:	cmp    rsi,rax
     8ab:	jg     15ed <lume::detail::validate_inputs(lume::ProgramStorage const&, std::span<lume::Buffer const, 18446744073709551615ul>)+0x15ad>
     8b1:	mov    rax,QWORD PTR [rsp+0x8]
     8b6:	mov    ecx,0xf
     8bb:	lea    rdx,[rsp+0x18]
     8c0:	cmp    rax,rdx
     8c3:	lea    r13,[rsp+0xe8]
     8cb:	je     8d2 <lume::detail::validate_inputs(lume::ProgramStorage const&, std::span<lume::Buffer const, 18446744073709551615ul>)+0x892>
     8cd:	mov    rcx,QWORD PTR [rsp+0x18]
     8d2:	lea    rbx,[rsi+0x6]
     8d6:	cmp    rbx,rcx
     8d9:	jbe    8f6 <lume::detail::validate_inputs(lume::ProgramStorage const&, std::span<lume::Buffer const, 18446744073709551615ul>)+0x8b6>
     8db:	mov    r8d,0x6
     8e1:	lea    rdi,[rsp+0x8]
     8e6:	xor    edx,edx
     8e8:	lea    rcx,[rip+0x0]        # 8ef <lume::detail::validate_inputs(lume::ProgramStorage const&, std::span<lume::Buffer const, 18446744073709551615ul>)+0x8af>
     8ef:	call   8f4 <lume::detail::validate_inputs(lume::ProgramStorage const&, std::span<lume::Buffer const, 18446744073709551615ul>)+0x8b4>
     8f4:	jmp    904 <lume::detail::validate_inputs(lume::ProgramStorage const&, std::span<lume::Buffer const, 18446744073709551615ul>)+0x8c4>
     8f6:	mov    WORD PTR [rax+rsi*1+0x4],0x2074
     8fd:	mov    DWORD PTR [rax+rsi*1],0x6f67202c
     904:	mov    QWORD PTR [rsp+0x10],rbx
     909:	mov    rax,QWORD PTR [rsp+0x8]
     90e:	mov    BYTE PTR [rax+rbx*1],0x0
     912:	lea    rdi,[rsp+0xa0]
     91a:	mov    QWORD PTR [rsp+0x90],rdi
     922:	mov    rax,QWORD PTR [rsp+0x8]
     927:	lea    r14,[rsp+0x18]
     92c:	cmp    rax,r14
     92f:	je     94d <lume::detail::validate_inputs(lume::ProgramStorage const&, std::span<lume::Buffer const, 18446744073709551615ul>)+0x90d>
     931:	mov    QWORD PTR [rsp+0x90],rax
     939:	mov    rbx,QWORD PTR [rsp+0x10]
     93e:	mov    rax,QWORD PTR [rsp+0x18]
     943:	mov    QWORD PTR [rsp+0xa0],rax
     94b:	jmp    95e <lume::detail::validate_inputs(lume::ProgramStorage const&, std::span<lume::Buffer const, 18446744073709551615ul>)+0x91e>
     94d:	mov    rbx,QWORD PTR [rsp+0x10]
     952:	lea    rdx,[rbx+0x1]
     956:	mov    rsi,r14
     959:	call   95e <lume::detail::validate_inputs(lume::ProgramStorage const&, std::span<lume::Buffer const, 18446744073709551615ul>)+0x91e>
     95e:	mov    QWORD PTR [rsp+0x98],rbx
     966:	mov    QWORD PTR [rsp+0x8],r14
     96b:	mov    QWORD PTR [rsp+0x10],0x0
     974:	mov    BYTE PTR [rsp+0x18],0x0
     979:	movzx  eax,BYTE PTR [rbp+0x18]
     97d:	cmp    rax,0x3
     981:	ja     1652 <lume::detail::validate_inputs(lume::ProgramStorage const&, std::span<lume::Buffer const, 18446744073709551615ul>)+0x1612>
     987:	lea    rdx,[rip+0x0]        # 98e <lume::detail::validate_inputs(lume::ProgramStorage const&, std::span<lume::Buffer const, 18446744073709551615ul>)+0x94e>
     98e:	movsxd rcx,DWORD PTR [rdx+rax*4]
     992:	add    rcx,rdx
     995:	lea    rax,[rip+0x0]        # 99c <lume::detail::validate_inputs(lume::ProgramStorage const&, std::span<lume::Buffer const, 18446744073709551615ul>)+0x95c>
     99c:	mov    rbp,QWORD PTR [rsp+0xd0]
     9a4:	jmp    rcx
     9a6:	lea    rax,[rip+0x0]        # 9ad <lume::detail::validate_inputs(lume::ProgramStorage const&, std::span<lume::Buffer const, 18446744073709551615ul>)+0x96d>
     9ad:	mov    QWORD PTR [rsp+0xd8],r13
     9b5:	movzx  ecx,BYTE PTR [rax+0x2]
     9b9:	mov    BYTE PTR [r13+0x2],cl
     9bd:	movzx  eax,WORD PTR [rax]
     9c0:	mov    WORD PTR [r13+0x0],ax
     9c5:	mov    QWORD PTR [rsp+0xe0],0x3
     9d1:	mov    BYTE PTR [rsp+0xeb],0x0
     9d9:	lea    rdi,[rsp+0x50]
     9de:	lea    rsi,[rsp+0x90]
     9e6:	lea    rdx,[rsp+0xd8]
     9ee:	call   9f3 <lume::detail::validate_inputs(lume::ProgramStorage const&, std::span<lume::Buffer const, 18446744073709551615ul>)+0x9b3>
     9f3:	movzx  eax,BYTE PTR [rsp+0x48]
     9f8:	mov    BYTE PTR [rbp+0x0],al
     9fb:	mov    rdi,QWORD PTR [rsp+0x108]
     a03:	mov    QWORD PTR [rbp+0x8],rdi
     a07:	mov    rax,QWORD PTR [rsp+0x50]
     a0c:	lea    rcx,[rsp+0x60]
     a11:	cmp    rax,rcx
     a14:	je     a2a <lume::detail::validate_inputs(lume::ProgramStorage const&, std::span<lume::Buffer const, 18446744073709551615ul>)+0x9ea>
     a16:	mov    QWORD PTR [rbp+0x8],rax
     a1a:	mov    rax,QWORD PTR [rsp+0x60]
     a1f:	mov    QWORD PTR [rbp+0x18],rax
     a23:	mov    rbx,QWORD PTR [rsp+0x58]
     a28:	jmp    a42 <lume::detail::validate_inputs(lume::ProgramStorage const&, std::span<lume::Buffer const, 18446744073709551615ul>)+0xa02>
     a2a:	mov    rbx,QWORD PTR [rsp+0x58]
     a2f:	lea    rdx,[rbx+0x1]
     a33:	lea    rsi,[rsp+0x60]
     a38:	call   a3d <lume::detail::validate_inputs(lume::ProgramStorage const&, std::span<lume::Buffer const, 18446744073709551615ul>)+0x9fd>
     a3d:	lea    rcx,[rsp+0x60]
     a42:	mov    QWORD PTR [rbp+0x10],rbx
     a46:	mov    QWORD PTR [rsp+0x50],rcx
     a4b:	mov    QWORD PTR [rsp+0x58],0x0
     a54:	mov    BYTE PTR [rsp+0x60],0x0
     a59:	mov    BYTE PTR [rbp+0x28],0x1
     a5d:	mov    rdi,QWORD PTR [rsp+0xd8]
     a65:	cmp    rdi,r13
     a68:	je     a6f <lume::detail::validate_inputs(lume::ProgramStorage const&, std::span<lume::Buffer const, 18446744073709551615ul>)+0xa2f>
     a6a:	call   a6f <lume::detail::validate_inputs(lume::ProgramStorage const&, std::span<lume::Buffer const, 18446744073709551615ul>)+0xa2f>
     a6f:	mov    rdi,QWORD PTR [rsp+0x90]
     a77:	lea    rax,[rsp+0xa0]
     a7f:	cmp    rdi,rax
     a82:	mov    r13,QWORD PTR [rsp+0xf8]
     a8a:	je     a91 <lume::detail::validate_inputs(lume::ProgramStorage const&, std::span<lume::Buffer const, 18446744073709551615ul>)+0xa51>
     a8c:	call   a91 <lume::detail::validate_inputs(lume::ProgramStorage const&, std::span<lume::Buffer const, 18446744073709551615ul>)+0xa51>
     a91:	mov    rdi,QWORD PTR [rsp+0x8]
     a96:	lea    rax,[rsp+0x18]
     a9b:	cmp    rdi,rax
     a9e:	je     aa5 <lume::detail::validate_inputs(lume::ProgramStorage const&, std::span<lume::Buffer const, 18446744073709551615ul>)+0xa65>
     aa0:	call   aa5 <lume::detail::validate_inputs(lume::ProgramStorage const&, std::span<lume::Buffer const, 18446744073709551615ul>)+0xa65>
     aa5:	mov    rdi,QWORD PTR [rsp+0x28]
     aaa:	lea    rax,[rsp+0x38]
     aaf:	cmp    rdi,rax
     ab2:	je     ab9 <lume::detail::validate_inputs(lume::ProgramStorage const&, std::span<lume::Buffer const, 18446744073709551615ul>)+0xa79>
     ab4:	call   ab9 <lume::detail::validate_inputs(lume::ProgramStorage const&, std::span<lume::Buffer const, 18446744073709551615ul>)+0xa79>
     ab9:	mov    rdi,QWORD PTR [rsp+0x70]
     abe:	lea    rax,[rsp+0x80]
     ac6:	cmp    rdi,rax
     ac9:	je     ad0 <lume::detail::validate_inputs(lume::ProgramStorage const&, std::span<lume::Buffer const, 18446744073709551615ul>)+0xa90>
     acb:	call   ad0 <lume::detail::validate_inputs(lume::ProgramStorage const&, std::span<lume::Buffer const, 18446744073709551615ul>)+0xa90>
     ad0:	xor    ebx,ebx
     ad2:	mov    rdi,QWORD PTR [rsp+0xb0]
     ada:	lea    rax,[rsp+0xc0]
     ae2:	cmp    rdi,rax
     ae5:	jne    100 <lume::detail::validate_inputs(lume::ProgramStorage const&, std::span<lume::Buffer const, 18446744073709551615ul>)+0xc0>
     aeb:	jmp    105 <lume::detail::validate_inputs(lume::ProgramStorage const&, std::span<lume::Buffer const, 18446744073709551615ul>)+0xc5>
     af0:	mov    eax,0x4
     af5:	mov    ecx,ebx
     af7:	mov    edi,0xd1b71759
     afc:	nop    DWORD PTR [rax+0x0]
     b00:	cmp    ecx,0x63
     b03:	jbe    b3e <lume::detail::validate_inputs(lume::ProgramStorage const&, std::span<lume::Buffer const, 18446744073709551615ul>)+0xafe>
     b05:	cmp    ecx,0x3e7
     b0b:	jbe    b66 <lume::detail::validate_inputs(lume::ProgramStorage const&, std::span<lume::Buffer const, 18446744073709551615ul>)+0xb26>
     b0d:	cmp    ecx,0x2710
     b13:	jb     b41 <lume::detail::validate_inputs(lume::ProgramStorage const&, std::span<lume::Buffer const, 18446744073709551615ul>)+0xb01>
     b15:	mov    edx,ecx
     b17:	imul   rdx,rdi
     b1b:	shr    rdx,0x2d
     b1f:	add    eax,0x4
     b22:	cmp    ecx,0x1869f
     b28:	mov    ecx,edx
     b2a:	ja     b00 <lume::detail::validate_inputs(lume::ProgramStorage const&, std::span<lume::Buffer const, 18446744073709551615ul>)+0xac0>
     b2c:	add    eax,0xfffffffd
     b2f:	mov    r13d,eax
     b32:	mov    QWORD PTR [rsp+0x28],rsi
     b37:	cmp    eax,0x10
     b3a:	jae    b4e <lume::detail::validate_inputs(lume::ProgramStorage const&, std::span<lume::Buffer const, 18446744073709551615ul>)+0xb0e>
     b3c:	jmp    b75 <lume::detail::validate_inputs(lume::ProgramStorage const&, std::span<lume::Buffer const, 18446744073709551615ul>)+0xb35>
     b3e:	add    eax,0xfffffffe
     b41:	mov    r13d,eax
     b44:	mov    QWORD PTR [rsp+0x28],rsi
     b49:	cmp    eax,0x10
     b4c:	jb     b75 <lume::detail::validate_inputs(lume::ProgramStorage const&, std::span<lume::Buffer const, 18446744073709551615ul>)+0xb35>
     b4e:	lea    rdi,[r13+0x1]
     b52:	call   b57 <lume::detail::validate_inputs(lume::ProgramStorage const&, std::span<lume::Buffer const, 18446744073709551615ul>)+0xb17>
     b57:	mov    r14,rax
     b5a:	mov    QWORD PTR [rsp+0x28],rax
     b5f:	mov    QWORD PTR [rsp+0x38],r13
     b64:	jmp    b8b <lume::detail::validate_inputs(lume::ProgramStorage const&, std::span<lume::Buffer const, 18446744073709551615ul>)+0xb4b>
     b66:	dec    eax
     b68:	mov    r13d,eax
     b6b:	mov    QWORD PTR [rsp+0x28],rsi
     b70:	cmp    eax,0x10
     b73:	jae    b4e <lume::detail::validate_inputs(lume::ProgramStorage const&, std::span<lume::Buffer const, 18446744073709551615ul>)+0xb0e>
     b75:	test   r13,r13
     b78:	je     840 <lume::detail::validate_inputs(lume::ProgramStorage const&, std::span<lume::Buffer const, 18446744073709551615ul>)+0x800>
     b7e:	mov    r14,rsi
     b81:	cmp    r13d,0x1
     b85:	je     835 <lume::detail::validate_inputs(lume::ProgramStorage const&, std::span<lume::Buffer const, 18446744073709551615ul>)+0x7f5>
     b8b:	mov    rdi,r14
     b8e:	xor    esi,esi
     b90:	mov    rdx,r13
     b93:	call   b98 <lume::detail::validate_inputs(lume::ProgramStorage const&, std::span<lume::Buffer const, 18446744073709551615ul>)+0xb58>
     b98:	mov    QWORD PTR [rsp+0x30],r13
     b9d:	mov    BYTE PTR [r14+r13*1],0x0
     ba2:	mov    rax,QWORD PTR [rsp+0x28]
     ba7:	cmp    ebx,0x64
     baa:	jb     c18 <lume::detail::validate_inputs(lume::ProgramStorage const&, std::span<lume::Buffer const, 18446744073709551615ul>)+0xbd8>
     bac:	mov    edx,DWORD PTR [rsp+0x30]
     bb0:	add    edx,0xfffffffe
     bb3:	lea    r13,[rsp+0xa0]
     bbb:	nop    DWORD PTR [rax+rax*1+0x0]
     bc0:	lea    esi,[rdx+0x1]
     bc3:	mov    ecx,ebx
     bc5:	imul   rcx,rcx,0x51eb851f
     bcc:	shr    rcx,0x25
     bd0:	imul   edi,ecx,0x64
     bd3:	mov    r8d,ebx
     bd6:	sub    r8d,edi
     bd9:	movzx  edi,BYTE PTR [r15+r8*2]
     bde:	movzx  r8d,BYTE PTR [r15+r8*2+0x1]
     be4:	mov    BYTE PTR [rax+rsi*1],r8b
     be8:	mov    esi,edx
     bea:	mov    BYTE PTR [rax+rsi*1],dil
     bee:	add    edx,0xfffffffe
     bf1:	cmp    ebx,0x270f
     bf7:	mov    ebx,ecx
     bf9:	ja     bc0 <lume::detail::validate_inputs(lume::ProgramStorage const&, std::span<lume::Buffer const, 18446744073709551615ul>)+0xb80>
     bfb:	cmp    ecx,0xa
     bfe:	jb     c27 <lume::detail::validate_inputs(lume::ProgramStorage const&, std::span<lume::Buffer const, 18446744073709551615ul>)+0xbe7>
     c00:	mov    ecx,ecx
     c02:	lea    rdx,[rcx+rcx*1]
     c06:	mov    edx,edx
     c08:	movzx  edx,BYTE PTR [rdx+r15*1+0x1]
     c0e:	mov    BYTE PTR [rax+0x1],dl
     c11:	movzx  ecx,BYTE PTR [r15+rcx*2]
     c16:	jmp    c2a <lume::detail::validate_inputs(lume::ProgramStorage const&, std::span<lume::Buffer const, 18446744073709551615ul>)+0xbea>
     c18:	mov    ecx,ebx
     c1a:	lea    r13,[rsp+0xa0]
     c22:	cmp    ecx,0xa
     c25:	jae    c00 <lume::detail::validate_inputs(lume::ProgramStorage const&, std::span<lume::Buffer const, 18446744073709551615ul>)+0xbc0>
     c27:	or     cl,0x30
     c2a:	mov    BYTE PTR [rax],cl
     c2c:	lea    rdi,[rsp+0x8]
     c31:	lea    rsi,[rsp+0x70]
     c36:	lea    rdx,[rsp+0x28]
     c3b:	call   c40 <lume::detail::validate_inputs(lume::ProgramStorage const&, std::span<lume::Buffer const, 18446744073709551615ul>)+0xc00>
     c40:	mov    rsi,QWORD PTR [rsp+0x10]
     c45:	movabs rax,0x7ffffffffffffff9
     c4f:	cmp    rsi,rax
     c52:	jg     1611 <lume::detail::validate_inputs(lume::ProgramStorage const&, std::span<lume::Buffer const, 18446744073709551615ul>)+0x15d1>
     c58:	mov    rax,QWORD PTR [rsp+0x8]
     c5d:	mov    ecx,0xf
     c62:	lea    rdx,[rsp+0x18]
     c67:	cmp    rax,rdx
     c6a:	je     c71 <lume::detail::validate_inputs(lume::ProgramStorage const&, std::span<lume::Buffer const, 18446744073709551615ul>)+0xc31>
     c6c:	mov    rcx,QWORD PTR [rsp+0x18]
     c71:	lea    rbx,[rsi+0x6]
     c75:	cmp    rbx,rcx
     c78:	jbe    c95 <lume::detail::validate_inputs(lume::ProgramStorage const&, std::span<lume::Buffer const, 18446744073709551615ul>)+0xc55>
     c7a:	mov    r8d,0x6
     c80:	lea    rdi,[rsp+0x8]
     c85:	xor    edx,edx
     c87:	lea    rcx,[rip+0x0]        # c8e <lume::detail::validate_inputs(lume::ProgramStorage const&, std::span<lume::Buffer const, 18446744073709551615ul>)+0xc4e>
     c8e:	call   c93 <lume::detail::validate_inputs(lume::ProgramStorage const&, std::span<lume::Buffer const, 18446744073709551615ul>)+0xc53>
     c93:	jmp    ca3 <lume::detail::validate_inputs(lume::ProgramStorage const&, std::span<lume::Buffer const, 18446744073709551615ul>)+0xc63>
     c95:	mov    WORD PTR [rax+rsi*1+0x4],0x2074
     c9c:	mov    DWORD PTR [rax+rsi*1],0x6f67202c
     ca3:	mov    QWORD PTR [rsp+0x10],rbx
     ca8:	mov    rax,QWORD PTR [rsp+0x8]
     cad:	mov    BYTE PTR [rax+rbx*1],0x0
     cb1:	mov    QWORD PTR [rsp+0x90],r13
     cb9:	mov    rax,QWORD PTR [rsp+0x8]
     cbe:	lea    r14,[rsp+0x18]
     cc3:	cmp    rax,r14
     cc6:	je     ce4 <lume::detail::validate_inputs(lume::ProgramStorage const&, std::span<lume::Buffer const, 18446744073709551615ul>)+0xca4>
     cc8:	mov    QWORD PTR [rsp+0x90],rax
     cd0:	mov    rbx,QWORD PTR [rsp+0x10]
     cd5:	mov    rax,QWORD PTR [rsp+0x18]
     cda:	mov    QWORD PTR [rsp+0xa0],rax
     ce2:	jmp    cf8 <lume::detail::validate_inputs(lume::ProgramStorage const&, std::span<lume::Buffer const, 18446744073709551615ul>)+0xcb8>
     ce4:	mov    rbx,QWORD PTR [rsp+0x10]
     ce9:	lea    rdx,[rbx+0x1]
     ced:	mov    rdi,r13
     cf0:	mov    rsi,r14
     cf3:	call   cf8 <lume::detail::validate_inputs(lume::ProgramStorage const&, std::span<lume::Buffer const, 18446744073709551615ul>)+0xcb8>
     cf8:	lea    rcx,[rsp+0xe8]
     d00:	movabs rdi,0x346dc5d63886594b
     d0a:	mov    QWORD PTR [rsp+0x98],rbx
     d12:	mov    QWORD PTR [rsp+0x8],r14
     d17:	mov    QWORD PTR [rsp+0x10],0x0
     d20:	mov    BYTE PTR [rsp+0x18],0x0
     d25:	movzx  eax,BYTE PTR [rbp+0x18]
     d29:	cmp    rax,0x3
     d2d:	ja     1687 <lume::detail::validate_inputs(lume::ProgramStorage const&, std::span<lume::Buffer const, 18446744073709551615ul>)+0x1647>
     d33:	lea    rdx,[rip+0x0]        # d3a <lume::detail::validate_inputs(lume::ProgramStorage const&, std::span<lume::Buffer const, 18446744073709551615ul>)+0xcfa>
     d3a:	movsxd rax,DWORD PTR [rdx+rax*4]
     d3e:	add    rax,rdx
     d41:	jmp    rax
     d43:	mov    rbx,QWORD PTR [rbp+0x8]
     d47:	sub    rbx,QWORD PTR [rbp+0x0]
     d4b:	sar    rbx,0x2
     d4f:	cmp    rbx,0xa
     d53:	mov    rbp,QWORD PTR [rsp+0xd0]
     d5b:	jb     db8 <lume::detail::validate_inputs(lume::ProgramStorage const&, std::span<lume::Buffer const, 18446744073709551615ul>)+0xd78>
     d5d:	mov    esi,0x4
     d62:	mov    rcx,rbx
     d65:	data16 cs nop WORD PTR [rax+rax*1+0x0]
     d70:	cmp    rcx,0x63
     d74:	jbe    dd6 <lume::detail::validate_inputs(lume::ProgramStorage const&, std::span<lume::Buffer const, 18446744073709551615ul>)+0xd96>
     d76:	cmp    rcx,0x3e7
     d7d:	jbe    ddb <lume::detail::validate_inputs(lume::ProgramStorage const&, std::span<lume::Buffer const, 18446744073709551615ul>)+0xd9b>
     d7f:	cmp    rcx,0x2710
     d86:	jb     ddd <lume::detail::validate_inputs(lume::ProgramStorage const&, std::span<lume::Buffer const, 18446744073709551615ul>)+0xd9d>
     d88:	mov    rax,rcx
     d8b:	mul    rdi
     d8e:	shr    rdx,0xb
     d92:	add    esi,0x4
     d95:	cmp    rcx,0x1869f
     d9c:	mov    rcx,rdx
     d9f:	ja     d70 <lume::detail::validate_inputs(lume::ProgramStorage const&, std::span<lume::Buffer const, 18446744073709551615ul>)+0xd30>
     da1:	add    esi,0xfffffffd
     da4:	jmp    ddd <lume::detail::validate_inputs(lume::ProgramStorage const&, std::span<lume::Buffer const, 18446744073709551615ul>)+0xd9d>
     da6:	mov    rbx,QWORD PTR [rbp+0x8]
     daa:	cmp    rbx,0xa
     dae:	mov    rbp,QWORD PTR [rsp+0xd0]
     db6:	jae    d5d <lume::detail::validate_inputs(lume::ProgramStorage const&, std::span<lume::Buffer const, 18446744073709551615ul>)+0xd1d>
     db8:	mov    QWORD PTR [rsp+0xd8],rcx
     dc0:	mov    rax,rcx
     dc3:	mov    BYTE PTR [rsp+0xe8],0x0
     dcb:	mov    r13d,0x1
     dd1:	mov    r14,rax
     dd4:	jmp    e38 <lume::detail::validate_inputs(lume::ProgramStorage const&, std::span<lume::Buffer const, 18446744073709551615ul>)+0xdf8>
     dd6:	add    esi,0xfffffffe
     dd9:	jmp    ddd <lume::detail::validate_inputs(lume::ProgramStorage const&, std::span<lume::Buffer const, 18446744073709551615ul>)+0xd9d>
     ddb:	dec    esi
     ddd:	mov    r13d,esi
     de0:	lea    rax,[rsp+0xe8]
     de8:	mov    QWORD PTR [rsp+0xd8],rax
     df0:	cmp    esi,0x10
     df3:	jb     e13 <lume::detail::validate_inputs(lume::ProgramStorage const&, std::span<lume::Buffer const, 18446744073709551615ul>)+0xdd3>
     df5:	lea    rdi,[r13+0x1]
     df9:	call   dfe <lume::detail::validate_inputs(lume::ProgramStorage const&, std::span<lume::Buffer const, 18446744073709551615ul>)+0xdbe>
     dfe:	mov    r14,rax
     e01:	mov    QWORD PTR [rsp+0xd8],rax
     e09:	mov    QWORD PTR [rsp+0xe8],r13
     e11:	jmp    e21 <lume::detail::validate_inputs(lume::ProgramStorage const&, std::span<lume::Buffer const, 18446744073709551615ul>)+0xde1>
     e13:	test   r13,r13
     e16:	je     e30 <lume::detail::validate_inputs(lume::ProgramStorage const&, std::span<lume::Buffer const, 18446744073709551615ul>)+0xdf0>
     e18:	mov    r14,rax
     e1b:	cmp    r13d,0x1
     e1f:	je     dc3 <lume::detail::validate_inputs(lume::ProgramStorage const&, std::span<lume::Buffer const, 18446744073709551615ul>)+0xd83>
     e21:	mov    rdi,r14
     e24:	xor    esi,esi
     e26:	mov    rdx,r13
     e29:	call   e2e <lume::detail::validate_inputs(lume::ProgramStorage const&, std::span<lume::Buffer const, 18446744073709551615ul>)+0xdee>
     e2e:	jmp    e38 <lume::detail::validate_inputs(lume::ProgramStorage const&, std::span<lume::Buffer const, 18446744073709551615ul>)+0xdf8>
     e30:	lea    r14,[rsp+0xe8]
     e38:	mov    QWORD PTR [rsp+0xe0],r13
     e40:	mov    BYTE PTR [r14+r13*1],0x0
     e45:	mov    rcx,QWORD PTR [rsp+0xd8]
     e4d:	cmp    rbx,0x64
     e51:	jb     ed3 <lume::detail::validate_inputs(lume::ProgramStorage const&, std::span<lume::Buffer const, 18446744073709551615ul>)+0xe93>
     e57:	mov    esi,DWORD PTR [rsp+0xe0]
     e5e:	add    esi,0xfffffffe
     e61:	movabs r9,0x28f5c28f5c28f5c3
     e6b:	nop    DWORD PTR [rax+rax*1+0x0]
     e70:	lea    edi,[rsi+0x1]
     e73:	mov    rax,rbx
     e76:	shr    rax,0x2
     e7a:	mul    r9
     e7d:	shr    rdx,0x2
     e81:	imul   eax,edx,0x64
     e84:	mov    r8d,ebx
     e87:	sub    r8d,eax
     e8a:	movzx  eax,BYTE PTR [r15+r8*2]
     e8f:	movzx  r8d,BYTE PTR [r15+r8*2+0x1]
     e95:	mov    BYTE PTR [rcx+rdi*1],r8b
     e99:	mov    edi,esi
     e9b:	mov    BYTE PTR [rcx+rdi*1],al
     e9e:	add    esi,0xfffffffe
     ea1:	cmp    rbx,0x270f
     ea8:	mov    rbx,rdx
     eab:	ja     e70 <lume::detail::validate_inputs(lume::ProgramStorage const&, std::span<lume::Buffer const, 18446744073709551615ul>)+0xe30>
     ead:	cmp    rdx,0xa
     eb1:	lea    r14,[rsp+0xe8]
     eb9:	mov    r13,QWORD PTR [rsp+0xf8]
     ec1:	jb     eec <lume::detail::validate_inputs(lume::ProgramStorage const&, std::span<lume::Buffer const, 18446744073709551615ul>)+0xeac>
     ec3:	movzx  eax,BYTE PTR [r15+rdx*2]
     ec8:	movzx  edx,BYTE PTR [r15+rdx*2+0x1]
     ece:	mov    BYTE PTR [rcx+0x1],dl
     ed1:	jmp    ef1 <lume::detail::validate_inputs(lume::ProgramStorage const&, std::span<lume::Buffer const, 18446744073709551615ul>)+0xeb1>
     ed3:	mov    rdx,rbx
     ed6:	cmp    rdx,0xa
     eda:	lea    r14,[rsp+0xe8]
     ee2:	mov    r13,QWORD PTR [rsp+0xf8]
     eea:	jae    ec3 <lume::detail::validate_inputs(lume::ProgramStorage const&, std::span<lume::Buffer const, 18446744073709551615ul>)+0xe83>
     eec:	or     dl,0x30
     eef:	mov    eax,edx
     ef1:	mov    BYTE PTR [rcx],al
     ef3:	lea    rdi,[rsp+0x50]
     ef8:	lea    rsi,[rsp+0x90]
     f00:	lea    rdx,[rsp+0xd8]
     f08:	call   f0d <lume::detail::validate_inputs(lume::ProgramStorage const&, std::span<lume::Buffer const, 18446744073709551615ul>)+0xecd>
     f0d:	movzx  eax,BYTE PTR [rsp+0x48]
     f12:	mov    BYTE PTR [rbp+0x0],al
     f15:	mov    rdi,QWORD PTR [rsp+0x108]
     f1d:	mov    QWORD PTR [rbp+0x8],rdi
     f21:	mov    rax,QWORD PTR [rsp+0x50]
     f26:	lea    rcx,[rsp+0x60]
     f2b:	cmp    rax,rcx
     f2e:	je     f44 <lume::detail::validate_inputs(lume::ProgramStorage const&, std::span<lume::Buffer const, 18446744073709551615ul>)+0xf04>
     f30:	mov    QWORD PTR [rbp+0x8],rax
     f34:	mov    rax,QWORD PTR [rsp+0x60]
     f39:	mov    QWORD PTR [rbp+0x18],rax
     f3d:	mov    rbx,QWORD PTR [rsp+0x58]
     f42:	jmp    f5c <lume::detail::validate_inputs(lume::ProgramStorage const&, std::span<lume::Buffer const, 18446744073709551615ul>)+0xf1c>
     f44:	mov    rbx,QWORD PTR [rsp+0x58]
     f49:	lea    rdx,[rbx+0x1]
     f4d:	lea    rsi,[rsp+0x60]
     f52:	call   f57 <lume::detail::validate_inputs(lume::ProgramStorage const&, std::span<lume::Buffer const, 18446744073709551615ul>)+0xf17>
     f57:	lea    rcx,[rsp+0x60]
     f5c:	mov    QWORD PTR [rbp+0x10],rbx
     f60:	mov    QWORD PTR [rsp+0x50],rcx
     f65:	mov    QWORD PTR [rsp+0x58],0x0
     f6e:	mov    BYTE PTR [rsp+0x60],0x0
     f73:	mov    BYTE PTR [rbp+0x28],0x1
     f77:	mov    rdi,QWORD PTR [rsp+0xd8]
     f7f:	cmp    rdi,r14
     f82:	je     f89 <lume::detail::validate_inputs(lume::ProgramStorage const&, std::span<lume::Buffer const, 18446744073709551615ul>)+0xf49>
     f84:	call   f89 <lume::detail::validate_inputs(lume::ProgramStorage const&, std::span<lume::Buffer const, 18446744073709551615ul>)+0xf49>
     f89:	mov    rdi,QWORD PTR [rsp+0x90]
     f91:	lea    rax,[rsp+0xa0]
     f99:	cmp    rdi,rax
     f9c:	jne    a8c <lume::detail::validate_inputs(lume::ProgramStorage const&, std::span<lume::Buffer const, 18446744073709551615ul>)+0xa4c>
     fa2:	jmp    a91 <lume::detail::validate_inputs(lume::ProgramStorage const&, std::span<lume::Buffer const, 18446744073709551615ul>)+0xa51>
     fa7:	test   r14,r14
     faa:	je     fb5 <lume::detail::validate_inputs(lume::ProgramStorage const&, std::span<lume::Buffer const, 18446744073709551615ul>)+0xf75>
     fac:	mov    BYTE PTR [rsp+0x48],0x0
     fb1:	xor    ebx,ebx
     fb3:	jmp    fcd <lume::detail::validate_inputs(lume::ProgramStorage const&, std::span<lume::Buffer const, 18446744073709551615ul>)+0xf8d>
     fb5:	mov    BYTE PTR [rbp+0x28],0x0
     fb9:	jmp    1563 <lume::detail::validate_inputs(lume::ProgramStorage const&, std::span<lume::Buffer const, 18446744073709551615ul>)+0x1523>
     fbe:	mov    BYTE PTR [rsp+0x48],0x0
     fc3:	cmp    rbx,0xa
     fc7:	jae    1262 <lume::detail::validate_inputs(lume::ProgramStorage const&, std::span<lume::Buffer const, 18446744073709551615ul>)+0x1222>
     fcd:	lea    r15,[rsp+0x80]
     fd5:	mov    QWORD PTR [rsp+0x70],r15
     fda:	mov    BYTE PTR [rsp+0x80],0x0
     fe2:	mov    r12d,0x1
     fe8:	mov    QWORD PTR [rsp+0x78],r12
     fed:	mov    BYTE PTR [r15+r12*1],0x0
     ff2:	mov    rcx,QWORD PTR [rsp+0x70]
     ff7:	cmp    rbx,0x64
     ffb:	jb     107b <lume::detail::validate_inputs(lume::ProgramStorage const&, std::span<lume::Buffer const, 18446744073709551615ul>)+0x103b>
     ffd:	mov    esi,DWORD PTR [rsp+0x78]
    1001:	add    esi,0xfffffffe
    1004:	movabs rdi,0x28f5c28f5c28f5c3
    100e:	lea    r8,[rip+0x0]        # 1015 <lume::detail::validate_inputs(lume::ProgramStorage const&, std::span<lume::Buffer const, 18446744073709551615ul>)+0xfd5>
    1015:	data16 cs nop WORD PTR [rax+rax*1+0x0]
    1020:	lea    r9d,[rsi+0x1]
    1024:	mov    rax,rbx
    1027:	shr    rax,0x2
    102b:	mul    rdi
    102e:	shr    rdx,0x2
    1032:	imul   eax,edx,0x64
    1035:	mov    r10d,ebx
    1038:	sub    r10d,eax
    103b:	movzx  eax,BYTE PTR [r8+r10*2]
    1040:	movzx  r10d,BYTE PTR [r8+r10*2+0x1]
    1046:	mov    BYTE PTR [rcx+r9*1],r10b
    104a:	mov    r9d,esi
    104d:	mov    BYTE PTR [rcx+r9*1],al
    1051:	add    esi,0xfffffffe
    1054:	cmp    rbx,0x270f
    105b:	mov    rbx,rdx
    105e:	ja     1020 <lume::detail::validate_inputs(lume::ProgramStorage const&, std::span<lume::Buffer const, 18446744073709551615ul>)+0xfe0>
    1060:	cmp    rdx,0xa
    1064:	jb     1084 <lume::detail::validate_inputs(lume::ProgramStorage const&, std::span<lume::Buffer const, 18446744073709551615ul>)+0x1044>
    1066:	lea    rsi,[rip+0x0]        # 106d <lume::detail::validate_inputs(lume::ProgramStorage const&, std::span<lume::Buffer const, 18446744073709551615ul>)+0x102d>
    106d:	movzx  eax,BYTE PTR [rsi+rdx*2]
    1071:	movzx  edx,BYTE PTR [rsi+rdx*2+0x1]
    1076:	mov    BYTE PTR [rcx+0x1],dl
    1079:	jmp    1089 <lume::detail::validate_inputs(lume::ProgramStorage const&, std::span<lume::Buffer const, 18446744073709551615ul>)+0x1049>
    107b:	mov    rdx,rbx
    107e:	cmp    rdx,0xa
    1082:	jae    1066 <lume::detail::validate_inputs(lume::ProgramStorage const&, std::span<lume::Buffer const, 18446744073709551615ul>)+0x1026>
    1084:	or     dl,0x30
    1087:	mov    eax,edx
    1089:	mov    BYTE PTR [rcx],al
    108b:	lea    rcx,[rip+0x0]        # 1092 <lume::detail::validate_inputs(lume::ProgramStorage const&, std::span<lume::Buffer const, 18446744073709551615ul>)+0x1052>
    1092:	lea    rdi,[rsp+0x70]
    1097:	mov    r8d,0xc
    109d:	xor    esi,esi
    109f:	xor    edx,edx
    10a1:	call   10a6 <lume::detail::validate_inputs(lume::ProgramStorage const&, std::span<lume::Buffer const, 18446744073709551615ul>)+0x1066>
    10a6:	lea    r15,[rsp+0x18]
    10ab:	mov    QWORD PTR [rsp+0x8],r15
    10b0:	mov    rsi,QWORD PTR [rax]
    10b3:	mov    r12,rax
    10b6:	add    r12,0x10
    10ba:	cmp    rsi,r12
    10bd:	je     10d3 <lume::detail::validate_inputs(lume::ProgramStorage const&, std::span<lume::Buffer const, 18446744073709551615ul>)+0x1093>
    10bf:	mov    QWORD PTR [rsp+0x8],rsi
    10c4:	mov    rcx,QWORD PTR [rax+0x10]
    10c8:	mov    QWORD PTR [rsp+0x18],rcx
    10cd:	mov    r13,QWORD PTR [rax+0x8]
    10d1:	jmp    10e9 <lume::detail::validate_inputs(lume::ProgramStorage const&, std::span<lume::Buffer const, 18446744073709551615ul>)+0x10a9>
    10d3:	mov    r13,QWORD PTR [rax+0x8]
    10d7:	lea    rdx,[r13+0x1]
    10db:	mov    rdi,r15
    10de:	mov    rbx,rax
    10e1:	call   10e6 <lume::detail::validate_inputs(lume::ProgramStorage const&, std::span<lume::Buffer const, 18446744073709551615ul>)+0x10a6>
    10e6:	mov    rax,rbx
    10e9:	movabs rbx,0x7ffffffffffffff9
    10f3:	mov    QWORD PTR [rsp+0x10],r13
    10f8:	mov    QWORD PTR [rax],r12
    10fb:	mov    QWORD PTR [rax+0x8],0x0
    1103:	mov    BYTE PTR [rax+0x10],0x0
    1107:	mov    rsi,QWORD PTR [rsp+0x10]
    110c:	lea    rax,[rbx-0x7]
    1110:	cmp    rsi,rax
    1113:	jg     15f9 <lume::detail::validate_inputs(lume::ProgramStorage const&, std::span<lume::Buffer const, 18446744073709551615ul>)+0x15b9>
    1119:	lea    r12,[rsi+0xd]
    111d:	mov    rax,QWORD PTR [rsp+0x8]
    1122:	mov    ecx,0xf
    1127:	cmp    rax,r15
    112a:	je     1131 <lume::detail::validate_inputs(lume::ProgramStorage const&, std::span<lume::Buffer const, 18446744073709551615ul>)+0x10f1>
    112c:	mov    rcx,QWORD PTR [rsp+0x18]
    1131:	cmp    r12,rcx
    1134:	jbe    1151 <lume::detail::validate_inputs(lume::ProgramStorage const&, std::span<lume::Buffer const, 18446744073709551615ul>)+0x1111>
    1136:	lea    rcx,[rip+0x0]        # 113d <lume::detail::validate_inputs(lume::ProgramStorage const&, std::span<lume::Buffer const, 18446744073709551615ul>)+0x10fd>
    113d:	lea    rdi,[rsp+0x8]
    1142:	mov    r8d,0xd
    1148:	xor    edx,edx
    114a:	call   114f <lume::detail::validate_inputs(lume::ProgramStorage const&, std::span<lume::Buffer const, 18446744073709551615ul>)+0x110f>
    114f:	jmp    116e <lume::detail::validate_inputs(lume::ProgramStorage const&, std::span<lume::Buffer const, 18446744073709551615ul>)+0x112e>
    1151:	movabs rcx,0x20746f67202c7374
    115b:	mov    QWORD PTR [rax+rsi*1+0x5],rcx
    1160:	movabs rcx,0x2c737475706e6920
    116a:	mov    QWORD PTR [rax+rsi*1],rcx
    116e:	mov    QWORD PTR [rsp+0x10],r12
    1173:	mov    rax,QWORD PTR [rsp+0x8]
    1178:	mov    BYTE PTR [rax+r12*1],0x0
    117d:	lea    r12,[rsp+0xa0]
    1185:	mov    QWORD PTR [rsp+0x90],r12
    118d:	mov    rax,QWORD PTR [rsp+0x8]
    1192:	cmp    rax,r15
    1195:	je     11b3 <lume::detail::validate_inputs(lume::ProgramStorage const&, std::span<lume::Buffer const, 18446744073709551615ul>)+0x1173>
    1197:	mov    QWORD PTR [rsp+0x90],rax
    119f:	mov    r13,QWORD PTR [rsp+0x10]
    11a4:	mov    rax,QWORD PTR [rsp+0x18]
    11a9:	mov    QWORD PTR [rsp+0xa0],rax
    11b1:	jmp    11c7 <lume::detail::validate_inputs(lume::ProgramStorage const&, std::span<lume::Buffer const, 18446744073709551615ul>)+0x1187>
    11b3:	mov    r13,QWORD PTR [rsp+0x10]
    11b8:	lea    rdx,[r13+0x1]
    11bc:	mov    rdi,r12
    11bf:	mov    rsi,r15
    11c2:	call   11c7 <lume::detail::validate_inputs(lume::ProgramStorage const&, std::span<lume::Buffer const, 18446744073709551615ul>)+0x1187>
    11c7:	mov    QWORD PTR [rsp+0x98],r13
    11cf:	mov    QWORD PTR [rsp+0x8],r15
    11d4:	mov    QWORD PTR [rsp+0x10],0x0
    11dd:	mov    BYTE PTR [rsp+0x18],0x0
    11e2:	cmp    r14,0xa
    11e6:	jae    1202 <lume::detail::validate_inputs(lume::ProgramStorage const&, std::span<lume::Buffer const, 18446744073709551615ul>)+0x11c2>
    11e8:	lea    rbp,[rsp+0x38]
    11ed:	mov    QWORD PTR [rsp+0x28],rbp
    11f2:	mov    BYTE PTR [rsp+0x38],0x0
    11f7:	mov    r13d,0x1
    11fd:	jmp    1312 <lume::detail::validate_inputs(lume::ProgramStorage const&, std::span<lume::Buffer const, 18446744073709551615ul>)+0x12d2>
    1202:	mov    esi,0x4
    1207:	movabs rdi,0x346dc5d63886594b
    1211:	mov    rcx,r14
    1214:	data16 data16 cs nop WORD PTR [rax+rax*1+0x0]
    1220:	cmp    rcx,0x63
    1224:	jbe    12c5 <lume::detail::validate_inputs(lume::ProgramStorage const&, std::span<lume::Buffer const, 18446744073709551615ul>)+0x1285>
    122a:	cmp    rcx,0x3e7
    1231:	jbe    12ca <lume::detail::validate_inputs(lume::ProgramStorage const&, std::span<lume::Buffer const, 18446744073709551615ul>)+0x128a>
    1237:	cmp    rcx,0x2710
    123e:	jb     12cc <lume::detail::validate_inputs(lume::ProgramStorage const&, std::span<lume::Buffer const, 18446744073709551615ul>)+0x128c>
    1244:	mov    rax,rcx
    1247:	mul    rdi
    124a:	shr    rdx,0xb
    124e:	add    esi,0x4
    1251:	cmp    rcx,0x1869f
    1258:	mov    rcx,rdx
    125b:	ja     1220 <lume::detail::validate_inputs(lume::ProgramStorage const&, std::span<lume::Buffer const, 18446744073709551615ul>)+0x11e0>
    125d:	add    esi,0xfffffffd
    1260:	jmp    12cc <lume::detail::validate_inputs(lume::ProgramStorage const&, std::span<lume::Buffer const, 18446744073709551615ul>)+0x128c>
    1262:	mov    esi,0x4
    1267:	movabs rdi,0x346dc5d63886594b
    1271:	mov    rcx,rbx
    1274:	data16 data16 cs nop WORD PTR [rax+rax*1+0x0]
    1280:	cmp    rcx,0x63
    1284:	jbe    1578 <lume::detail::validate_inputs(lume::ProgramStorage const&, std::span<lume::Buffer const, 18446744073709551615ul>)+0x1538>
    128a:	cmp    rcx,0x3e7
    1291:	jbe    157d <lume::detail::validate_inputs(lume::ProgramStorage const&, std::span<lume::Buffer const, 18446744073709551615ul>)+0x153d>
    1297:	cmp    rcx,0x2710
    129e:	jb     157f <lume::detail::validate_inputs(lume::ProgramStorage const&, std::span<lume::Buffer const, 18446744073709551615ul>)+0x153f>
    12a4:	mov    rax,rcx
    12a7:	mul    rdi
    12aa:	shr    rdx,0xb
    12ae:	add    esi,0x4
    12b1:	cmp    rcx,0x1869f
    12b8:	mov    rcx,rdx
    12bb:	ja     1280 <lume::detail::validate_inputs(lume::ProgramStorage const&, std::span<lume::Buffer const, 18446744073709551615ul>)+0x1240>
    12bd:	add    esi,0xfffffffd
    12c0:	jmp    157f <lume::detail::validate_inputs(lume::ProgramStorage const&, std::span<lume::Buffer const, 18446744073709551615ul>)+0x153f>
    12c5:	add    esi,0xfffffffe
    12c8:	jmp    12cc <lume::detail::validate_inputs(lume::ProgramStorage const&, std::span<lume::Buffer const, 18446744073709551615ul>)+0x128c>
    12ca:	dec    esi
    12cc:	mov    r13d,esi
    12cf:	lea    rbp,[rsp+0x38]
    12d4:	mov    QWORD PTR [rsp+0x28],rbp
    12d9:	cmp    esi,0x10
    12dc:	jb     12f6 <lume::detail::validate_inputs(lume::ProgramStorage const&, std::span<lume::Buffer const, 18446744073709551615ul>)+0x12b6>
    12de:	lea    rdi,[r13+0x1]
    12e2:	call   12e7 <lume::detail::validate_inputs(lume::ProgramStorage const&, std::span<lume::Buffer const, 18446744073709551615ul>)+0x12a7>
    12e7:	mov    rbp,rax
    12ea:	mov    QWORD PTR [rsp+0x28],rax
    12ef:	mov    QWORD PTR [rsp+0x38],r13
    12f4:	jmp    1305 <lume::detail::validate_inputs(lume::ProgramStorage const&, std::span<lume::Buffer const, 18446744073709551615ul>)+0x12c5>
    12f6:	test   r13,r13
    12f9:	je     1312 <lume::detail::validate_inputs(lume::ProgramStorage const&, std::span<lume::Buffer const, 18446744073709551615ul>)+0x12d2>
    12fb:	cmp    r13d,0x1
    12ff:	je     11f2 <lume::detail::validate_inputs(lume::ProgramStorage const&, std::span<lume::Buffer const, 18446744073709551615ul>)+0x11b2>
    1305:	mov    rdi,rbp
    1308:	xor    esi,esi
    130a:	mov    rdx,r13
    130d:	call   1312 <lume::detail::validate_inputs(lume::ProgramStorage const&, std::span<lume::Buffer const, 18446744073709551615ul>)+0x12d2>
    1312:	mov    QWORD PTR [rsp+0x30],r13
    1317:	mov    BYTE PTR [rbp+r13*1+0x0],0x0
    131d:	mov    rcx,QWORD PTR [rsp+0x28]
    1322:	cmp    r14,0x64
    1326:	jb     13ab <lume::detail::validate_inputs(lume::ProgramStorage const&, std::span<lume::Buffer const, 18446744073709551615ul>)+0x136b>
    132c:	mov    esi,DWORD PTR [rsp+0x30]
    1330:	add    esi,0xfffffffe
    1333:	movabs rdi,0x28f5c28f5c28f5c3
    133d:	lea    r8,[rip+0x0]        # 1344 <lume::detail::validate_inputs(lume::ProgramStorage const&, std::span<lume::Buffer const, 18446744073709551615ul>)+0x1304>
    1344:	mov    rbp,QWORD PTR [rsp+0xd0]
    134c:	nop    DWORD PTR [rax+0x0]
    1350:	lea    r9d,[rsi+0x1]
    1354:	mov    rax,r14
    1357:	shr    rax,0x2
    135b:	mul    rdi
    135e:	shr    rdx,0x2
    1362:	imul   eax,edx,0x64
    1365:	mov    r10d,r14d
    1368:	sub    r10d,eax
    136b:	movzx  eax,BYTE PTR [r8+r10*2]
    1370:	movzx  r10d,BYTE PTR [r8+r10*2+0x1]
    1376:	mov    BYTE PTR [rcx+r9*1],r10b
    137a:	mov    r9d,esi
    137d:	mov    BYTE PTR [rcx+r9*1],al
    1381:	add    esi,0xfffffffe
    1384:	cmp    r14,0x270f
    138b:	mov    r14,rdx
    138e:	ja     1350 <lume::detail::validate_inputs(lume::ProgramStorage const&, std::span<lume::Buffer const, 18446744073709551615ul>)+0x1310>
    1390:	cmp    rdx,0xa
    1394:	jb     13bc <lume::detail::validate_inputs(lume::ProgramStorage const&, std::span<lume::Buffer const, 18446744073709551615ul>)+0x137c>
    1396:	lea    rsi,[rip+0x0]        # 139d <lume::detail::validate_inputs(lume::ProgramStorage const&, std::span<lume::Buffer const, 18446744073709551615ul>)+0x135d>
    139d:	movzx  eax,BYTE PTR [rsi+rdx*2]
    13a1:	movzx  edx,BYTE PTR [rsi+rdx*2+0x1]
    13a6:	mov    BYTE PTR [rcx+0x1],dl
    13a9:	jmp    13c1 <lume::detail::validate_inputs(lume::ProgramStorage const&, std::span<lume::Buffer const, 18446744073709551615ul>)+0x1381>
    13ab:	mov    rdx,r14
    13ae:	mov    rbp,QWORD PTR [rsp+0xd0]
    13b6:	cmp    rdx,0xa
    13ba:	jae    1396 <lume::detail::validate_inputs(lume::ProgramStorage const&, std::span<lume::Buffer const, 18446744073709551615ul>)+0x1356>
    13bc:	or     dl,0x30
    13bf:	mov    eax,edx
    13c1:	mov    BYTE PTR [rcx],al
    13c3:	lea    rdi,[rsp+0xb0]
    13cb:	lea    rsi,[rsp+0x90]
    13d3:	lea    rdx,[rsp+0x28]
    13d8:	call   13dd <lume::detail::validate_inputs(lume::ProgramStorage const&, std::span<lume::Buffer const, 18446744073709551615ul>)+0x139d>
    13dd:	mov    rsi,QWORD PTR [rsp+0xb8]
    13e5:	mov    rax,rsi
    13e8:	and    rax,0xfffffffffffffff8
    13ec:	dec    rbx
    13ef:	cmp    rax,rbx
    13f2:	je     1605 <lume::detail::validate_inputs(lume::ProgramStorage const&, std::span<lume::Buffer const, 18446744073709551615ul>)+0x15c5>
    13f8:	lea    rbx,[rsi+0x8]
    13fc:	mov    rax,QWORD PTR [rsp+0xb0]
    1404:	lea    r14,[rsp+0xc0]
    140c:	mov    ecx,0xf
    1411:	cmp    rax,r14
    1414:	je     141e <lume::detail::validate_inputs(lume::ProgramStorage const&, std::span<lume::Buffer const, 18446744073709551615ul>)+0x13de>
    1416:	mov    rcx,QWORD PTR [rsp+0xc0]
    141e:	cmp    rbx,rcx
    1421:	jbe    1441 <lume::detail::validate_inputs(lume::ProgramStorage const&, std::span<lume::Buffer const, 18446744073709551615ul>)+0x1401>
    1423:	lea    rcx,[rip+0x0]        # 142a <lume::detail::validate_inputs(lume::ProgramStorage const&, std::span<lume::Buffer const, 18446744073709551615ul>)+0x13ea>
    142a:	lea    rdi,[rsp+0xb0]
    1432:	mov    r8d,0x8
    1438:	xor    edx,edx
    143a:	call   143f <lume::detail::validate_inputs(lume::ProgramStorage const&, std::span<lume::Buffer const, 18446744073709551615ul>)+0x13ff>
    143f:	jmp    144f <lume::detail::validate_inputs(lume::ProgramStorage const&, std::span<lume::Buffer const, 18446744073709551615ul>)+0x140f>
    1441:	movabs rcx,0x7372656666756220
    144b:	mov    QWORD PTR [rax+rsi*1],rcx
    144f:	mov    QWORD PTR [rsp+0xb8],rbx
    1457:	mov    rax,QWORD PTR [rsp+0xb0]
    145f:	mov    BYTE PTR [rax+rbx*1],0x0
    1463:	lea    r13,[rsp+0x60]
    1468:	mov    QWORD PTR [rsp+0x50],r13
    146d:	mov    rax,QWORD PTR [rsp+0xb0]
    1475:	cmp    rax,r14
    1478:	je     1496 <lume::detail::validate_inputs(lume::ProgramStorage const&, std::span<lume::Buffer const, 18446744073709551615ul>)+0x1456>
    147a:	mov    QWORD PTR [rsp+0x50],rax
    147f:	mov    rbx,QWORD PTR [rsp+0xb8]
    1487:	mov    rcx,QWORD PTR [rsp+0xc0]
    148f:	mov    QWORD PTR [rsp+0x60],rcx
    1494:	jmp    14b0 <lume::detail::validate_inputs(lume::ProgramStorage const&, std::span<lume::Buffer const, 18446744073709551615ul>)+0x1470>
    1496:	mov    rbx,QWORD PTR [rsp+0xb8]
    149e:	lea    rdx,[rbx+0x1]
    14a2:	mov    rdi,r13
    14a5:	mov    rsi,r14
    14a8:	call   14ad <lume::detail::validate_inputs(lume::ProgramStorage const&, std::span<lume::Buffer const, 18446744073709551615ul>)+0x146d>
    14ad:	mov    rax,r13
    14b0:	mov    QWORD PTR [rsp+0xb0],r14
    14b8:	mov    QWORD PTR [rsp+0xb8],0x0
    14c4:	mov    BYTE PTR [rsp+0xc0],0x0
    14cc:	movzx  ecx,BYTE PTR [rsp+0x48]
    14d1:	mov    BYTE PTR [rbp+0x0],cl
    14d4:	lea    rdi,[rbp+0x18]
    14d8:	mov    QWORD PTR [rbp+0x8],rdi
    14dc:	cmp    rax,r13
    14df:	je     14f0 <lume::detail::validate_inputs(lume::ProgramStorage const&, std::span<lume::Buffer const, 18446744073709551615ul>)+0x14b0>
    14e1:	mov    QWORD PTR [rbp+0x8],rax
    14e5:	mov    rax,QWORD PTR [rsp+0x60]
    14ea:	mov    QWORD PTR [rbp+0x18],rax
    14ee:	jmp    14fc <lume::detail::validate_inputs(lume::ProgramStorage const&, std::span<lume::Buffer const, 18446744073709551615ul>)+0x14bc>
    14f0:	lea    rdx,[rbx+0x1]
    14f4:	mov    rsi,r13
    14f7:	call   14fc <lume::detail::validate_inputs(lume::ProgramStorage const&, std::span<lume::Buffer const, 18446744073709551615ul>)+0x14bc>
    14fc:	mov    QWORD PTR [rbp+0x10],rbx
    1500:	mov    QWORD PTR [rsp+0x50],r13
    1505:	mov    QWORD PTR [rsp+0x58],0x0
    150e:	mov    BYTE PTR [rsp+0x60],0x0
    1513:	mov    BYTE PTR [rbp+0x28],0x1
    1517:	mov    rdi,QWORD PTR [rsp+0x28]
    151c:	lea    rax,[rsp+0x38]
    1521:	cmp    rdi,rax
    1524:	je     152b <lume::detail::validate_inputs(lume::ProgramStorage const&, std::span<lume::Buffer const, 18446744073709551615ul>)+0x14eb>
    1526:	call   152b <lume::detail::validate_inputs(lume::ProgramStorage const&, std::span<lume::Buffer const, 18446744073709551615ul>)+0x14eb>
    152b:	mov    rdi,QWORD PTR [rsp+0x90]
    1533:	cmp    rdi,r12
    1536:	je     153d <lume::detail::validate_inputs(lume::ProgramStorage const&, std::span<lume::Buffer const, 18446744073709551615ul>)+0x14fd>
    1538:	call   153d <lume::detail::validate_inputs(lume::ProgramStorage const&, std::span<lume::Buffer const, 18446744073709551615ul>)+0x14fd>
    153d:	mov    rdi,QWORD PTR [rsp+0x8]
    1542:	cmp    rdi,r15
    1545:	je     154c <lume::detail::validate_inputs(lume::ProgramStorage const&, std::span<lume::Buffer const, 18446744073709551615ul>)+0x150c>
    1547:	call   154c <lume::detail::validate_inputs(lume::ProgramStorage const&, std::span<lume::Buffer const, 18446744073709551615ul>)+0x150c>
    154c:	mov    rdi,QWORD PTR [rsp+0x70]
    1551:	lea    rax,[rsp+0x80]
    1559:	cmp    rdi,rax
    155c:	je     1563 <lume::detail::validate_inputs(lume::ProgramStorage const&, std::span<lume::Buffer const, 18446744073709551615ul>)+0x1523>
    155e:	call   1563 <lume::detail::validate_inputs(lume::ProgramStorage const&, std::span<lume::Buffer const, 18446744073709551615ul>)+0x1523>
    1563:	mov    rax,rbp
    1566:	add    rsp,0x128
    156d:	pop    rbx
    156e:	pop    r12
    1570:	pop    r13
    1572:	pop    r14
    1574:	pop    r15
    1576:	pop    rbp
    1577:	ret
    1578:	add    esi,0xfffffffe
    157b:	jmp    157f <lume::detail::validate_inputs(lume::ProgramStorage const&, std::span<lume::Buffer const, 18446744073709551615ul>)+0x153f>
    157d:	dec    esi
    157f:	mov    r12d,esi
    1582:	lea    r15,[rsp+0x80]
    158a:	mov    QWORD PTR [rsp+0x70],r15
    158f:	cmp    esi,0x10
    1592:	jb     15b0 <lume::detail::validate_inputs(lume::ProgramStorage const&, std::span<lume::Buffer const, 18446744073709551615ul>)+0x1570>
    1594:	lea    rdi,[r12+0x1]
    1599:	call   159e <lume::detail::validate_inputs(lume::ProgramStorage const&, std::span<lume::Buffer const, 18446744073709551615ul>)+0x155e>
    159e:	mov    r15,rax
    15a1:	mov    QWORD PTR [rsp+0x70],rax
    15a6:	mov    QWORD PTR [rsp+0x80],r12
    15ae:	jmp    15c3 <lume::detail::validate_inputs(lume::ProgramStorage const&, std::span<lume::Buffer const, 18446744073709551615ul>)+0x1583>
    15b0:	test   r12,r12
    15b3:	je     fe8 <lume::detail::validate_inputs(lume::ProgramStorage const&, std::span<lume::Buffer const, 18446744073709551615ul>)+0xfa8>
    15b9:	cmp    r12d,0x1
    15bd:	je     fda <lume::detail::validate_inputs(lume::ProgramStorage const&, std::span<lume::Buffer const, 18446744073709551615ul>)+0xf9a>
    15c3:	mov    rdi,r15
    15c6:	xor    esi,esi
    15c8:	mov    rdx,r12
    15cb:	call   15d0 <lume::detail::validate_inputs(lume::ProgramStorage const&, std::span<lume::Buffer const, 18446744073709551615ul>)+0x1590>
    15d0:	jmp    fe8 <lume::detail::validate_inputs(lume::ProgramStorage const&, std::span<lume::Buffer const, 18446744073709551615ul>)+0xfa8>
    15d5:	lea    rdi,[rip+0x0]        # 15dc <lume::detail::validate_inputs(lume::ProgramStorage const&, std::span<lume::Buffer const, 18446744073709551615ul>)+0x159c>
    15dc:	call   15e1 <lume::detail::validate_inputs(lume::ProgramStorage const&, std::span<lume::Buffer const, 18446744073709551615ul>)+0x15a1>
    15e1:	lea    rdi,[rip+0x0]        # 15e8 <lume::detail::validate_inputs(lume::ProgramStorage const&, std::span<lume::Buffer const, 18446744073709551615ul>)+0x15a8>
    15e8:	call   15ed <lume::detail::validate_inputs(lume::ProgramStorage const&, std::span<lume::Buffer const, 18446744073709551615ul>)+0x15ad>
    15ed:	lea    rdi,[rip+0x0]        # 15f4 <lume::detail::validate_inputs(lume::ProgramStorage const&, std::span<lume::Buffer const, 18446744073709551615ul>)+0x15b4>
    15f4:	call   15f9 <lume::detail::validate_inputs(lume::ProgramStorage const&, std::span<lume::Buffer const, 18446744073709551615ul>)+0x15b9>
    15f9:	lea    rdi,[rip+0x0]        # 1600 <lume::detail::validate_inputs(lume::ProgramStorage const&, std::span<lume::Buffer const, 18446744073709551615ul>)+0x15c0>
    1600:	call   1605 <lume::detail::validate_inputs(lume::ProgramStorage const&, std::span<lume::Buffer const, 18446744073709551615ul>)+0x15c5>
    1605:	lea    rdi,[rip+0x0]        # 160c <lume::detail::validate_inputs(lume::ProgramStorage const&, std::span<lume::Buffer const, 18446744073709551615ul>)+0x15cc>
    160c:	call   1611 <lume::detail::validate_inputs(lume::ProgramStorage const&, std::span<lume::Buffer const, 18446744073709551615ul>)+0x15d1>
    1611:	lea    rdi,[rip+0x0]        # 1618 <lume::detail::validate_inputs(lume::ProgramStorage const&, std::span<lume::Buffer const, 18446744073709551615ul>)+0x15d8>
    1618:	call   161d <lume::detail::validate_inputs(lume::ProgramStorage const&, std::span<lume::Buffer const, 18446744073709551615ul>)+0x15dd>
    161d:	mov    edi,0x10
    1622:	call   1627 <lume::detail::validate_inputs(lume::ProgramStorage const&, std::span<lume::Buffer const, 18446744073709551615ul>)+0x15e7>
    1627:	lea    rcx,[rip+0x0]        # 162e <lume::detail::validate_inputs(lume::ProgramStorage const&, std::span<lume::Buffer const, 18446744073709551615ul>)+0x15ee>
    162e:	mov    QWORD PTR [rax],rcx
    1631:	lea    rcx,[rip+0x0]        # 1638 <lume::detail::validate_inputs(lume::ProgramStorage const&, std::span<lume::Buffer const, 18446744073709551615ul>)+0x15f8>
    1638:	mov    QWORD PTR [rax+0x8],rcx
    163c:	lea    rsi,[rip+0x0]        # 1643 <lume::detail::validate_inputs(lume::ProgramStorage const&, std::span<lume::Buffer const, 18446744073709551615ul>)+0x1603>
    1643:	mov    rdx,QWORD PTR [rip+0x0]        # 164a <lume::detail::validate_inputs(lume::ProgramStorage const&, std::span<lume::Buffer const, 18446744073709551615ul>)+0x160a>
    164a:	mov    rdi,rax
    164d:	call   1652 <lume::detail::validate_inputs(lume::ProgramStorage const&, std::span<lume::Buffer const, 18446744073709551615ul>)+0x1612>
    1652:	mov    edi,0x10
    1657:	call   165c <lume::detail::validate_inputs(lume::ProgramStorage const&, std::span<lume::Buffer const, 18446744073709551615ul>)+0x161c>
    165c:	lea    rcx,[rip+0x0]        # 1663 <lume::detail::validate_inputs(lume::ProgramStorage const&, std::span<lume::Buffer const, 18446744073709551615ul>)+0x1623>
    1663:	mov    QWORD PTR [rax],rcx
    1666:	lea    rcx,[rip+0x0]        # 166d <lume::detail::validate_inputs(lume::ProgramStorage const&, std::span<lume::Buffer const, 18446744073709551615ul>)+0x162d>
    166d:	mov    QWORD PTR [rax+0x8],rcx
    1671:	lea    rsi,[rip+0x0]        # 1678 <lume::detail::validate_inputs(lume::ProgramStorage const&, std::span<lume::Buffer const, 18446744073709551615ul>)+0x1638>
    1678:	mov    rdx,QWORD PTR [rip+0x0]        # 167f <lume::detail::validate_inputs(lume::ProgramStorage const&, std::span<lume::Buffer const, 18446744073709551615ul>)+0x163f>
    167f:	mov    rdi,rax
    1682:	call   1687 <lume::detail::validate_inputs(lume::ProgramStorage const&, std::span<lume::Buffer const, 18446744073709551615ul>)+0x1647>
    1687:	mov    edi,0x10
    168c:	call   1691 <lume::detail::validate_inputs(lume::ProgramStorage const&, std::span<lume::Buffer const, 18446744073709551615ul>)+0x1651>
    1691:	lea    rcx,[rip+0x0]        # 1698 <lume::detail::validate_inputs(lume::ProgramStorage const&, std::span<lume::Buffer const, 18446744073709551615ul>)+0x1658>
    1698:	mov    QWORD PTR [rax],rcx
    169b:	lea    rcx,[rip+0x0]        # 16a2 <lume::detail::validate_inputs(lume::ProgramStorage const&, std::span<lume::Buffer const, 18446744073709551615ul>)+0x1662>
    16a2:	mov    QWORD PTR [rax+0x8],rcx
    16a6:	lea    rsi,[rip+0x0]        # 16ad <lume::detail::validate_inputs(lume::ProgramStorage const&, std::span<lume::Buffer const, 18446744073709551615ul>)+0x166d>
    16ad:	mov    rdx,QWORD PTR [rip+0x0]        # 16b4 <lume::detail::validate_inputs(lume::ProgramStorage const&, std::span<lume::Buffer const, 18446744073709551615ul>)+0x1674>
    16b4:	mov    rdi,rax
    16b7:	call   16bc <lume::detail::validate_inputs(lume::ProgramStorage const&, std::span<lume::Buffer const, 18446744073709551615ul>)+0x167c>
    16bc:	mov    rdi,rax
    16bf:	call   16c4 <lume::detail::validate_inputs(lume::ProgramStorage const&, std::span<lume::Buffer const, 18446744073709551615ul>)+0x1684>
    16c4:	mov    rbx,rax
    16c7:	mov    rdi,QWORD PTR [rsp+0x90]
    16cf:	lea    rax,[rsp+0xa0]
    16d7:	cmp    rdi,rax
    16da:	je     18ca <lume::detail::validate_inputs(lume::ProgramStorage const&, std::span<lume::Buffer const, 18446744073709551615ul>)+0x188a>
    16e0:	jmp    1778 <lume::detail::validate_inputs(lume::ProgramStorage const&, std::span<lume::Buffer const, 18446744073709551615ul>)+0x1738>
    16e5:	mov    rdi,rax
    16e8:	call   16ed <lume::detail::validate_inputs(lume::ProgramStorage const&, std::span<lume::Buffer const, 18446744073709551615ul>)+0x16ad>
    16ed:	mov    rbx,rax
    16f0:	mov    rdi,QWORD PTR [rsp+0x90]
    16f8:	cmp    rdi,r12
    16fb:	je     181c <lume::detail::validate_inputs(lume::ProgramStorage const&, std::span<lume::Buffer const, 18446744073709551615ul>)+0x17dc>
    1701:	jmp    17c8 <lume::detail::validate_inputs(lume::ProgramStorage const&, std::span<lume::Buffer const, 18446744073709551615ul>)+0x1788>
    1706:	jmp    185e <lume::detail::validate_inputs(lume::ProgramStorage const&, std::span<lume::Buffer const, 18446744073709551615ul>)+0x181e>
    170b:	mov    rdi,rax
    170e:	call   1713 <lume::detail::validate_inputs(lume::ProgramStorage const&, std::span<lume::Buffer const, 18446744073709551615ul>)+0x16d3>
    1713:	mov    rbx,rax
    1716:	mov    rdi,QWORD PTR [rsp+0x70]
    171b:	lea    rax,[rsp+0x80]
    1723:	cmp    rdi,rax
    1726:	je     191b <lume::detail::validate_inputs(lume::ProgramStorage const&, std::span<lume::Buffer const, 18446744073709551615ul>)+0x18db>
    172c:	jmp    18fa <lume::detail::validate_inputs(lume::ProgramStorage const&, std::span<lume::Buffer const, 18446744073709551615ul>)+0x18ba>
    1731:	mov    rdi,rax
    1734:	call   1739 <lume::detail::validate_inputs(lume::ProgramStorage const&, std::span<lume::Buffer const, 18446744073709551615ul>)+0x16f9>
    1739:	mov    rdi,rax
    173c:	call   1741 <lume::detail::validate_inputs(lume::ProgramStorage const&, std::span<lume::Buffer const, 18446744073709551615ul>)+0x1701>
    1741:	jmp    185e <lume::detail::validate_inputs(lume::ProgramStorage const&, std::span<lume::Buffer const, 18446744073709551615ul>)+0x181e>
    1746:	mov    rbx,rax
    1749:	mov    rdi,QWORD PTR [rsp+0xd8]
    1751:	cmp    rdi,r14
    1754:	je     18b1 <lume::detail::validate_inputs(lume::ProgramStorage const&, std::span<lume::Buffer const, 18446744073709551615ul>)+0x1871>
    175a:	call   175f <lume::detail::validate_inputs(lume::ProgramStorage const&, std::span<lume::Buffer const, 18446744073709551615ul>)+0x171f>
    175f:	mov    rdi,QWORD PTR [rsp+0x90]
    1767:	lea    rax,[rsp+0xa0]
    176f:	cmp    rdi,rax
    1772:	je     18ca <lume::detail::validate_inputs(lume::ProgramStorage const&, std::span<lume::Buffer const, 18446744073709551615ul>)+0x188a>
    1778:	call   177d <lume::detail::validate_inputs(lume::ProgramStorage const&, std::span<lume::Buffer const, 18446744073709551615ul>)+0x173d>
    177d:	mov    rdi,QWORD PTR [rsp+0x8]
    1782:	lea    rax,[rsp+0x18]
    1787:	cmp    rdi,rax
    178a:	je     18d9 <lume::detail::validate_inputs(lume::ProgramStorage const&, std::span<lume::Buffer const, 18446744073709551615ul>)+0x1899>
    1790:	jmp    1870 <lume::detail::validate_inputs(lume::ProgramStorage const&, std::span<lume::Buffer const, 18446744073709551615ul>)+0x1830>
    1795:	jmp    1901 <lume::detail::validate_inputs(lume::ProgramStorage const&, std::span<lume::Buffer const, 18446744073709551615ul>)+0x18c1>
    179a:	jmp    1918 <lume::detail::validate_inputs(lume::ProgramStorage const&, std::span<lume::Buffer const, 18446744073709551615ul>)+0x18d8>
    179f:	jmp    185e <lume::detail::validate_inputs(lume::ProgramStorage const&, std::span<lume::Buffer const, 18446744073709551615ul>)+0x181e>
    17a4:	mov    rbx,rax
    17a7:	mov    rdi,QWORD PTR [rsp+0x28]
    17ac:	lea    rax,[rsp+0x38]
    17b1:	cmp    rdi,rax
    17b4:	je     180f <lume::detail::validate_inputs(lume::ProgramStorage const&, std::span<lume::Buffer const, 18446744073709551615ul>)+0x17cf>
    17b6:	call   17bb <lume::detail::validate_inputs(lume::ProgramStorage const&, std::span<lume::Buffer const, 18446744073709551615ul>)+0x177b>
    17bb:	mov    rdi,QWORD PTR [rsp+0x90]
    17c3:	cmp    rdi,r12
    17c6:	je     181c <lume::detail::validate_inputs(lume::ProgramStorage const&, std::span<lume::Buffer const, 18446744073709551615ul>)+0x17dc>
    17c8:	call   17cd <lume::detail::validate_inputs(lume::ProgramStorage const&, std::span<lume::Buffer const, 18446744073709551615ul>)+0x178d>
    17cd:	mov    rdi,QWORD PTR [rsp+0x8]
    17d2:	cmp    rdi,r15
    17d5:	jne    1988 <lume::detail::validate_inputs(lume::ProgramStorage const&, std::span<lume::Buffer const, 18446744073709551615ul>)+0x1948>
    17db:	jmp    198d <lume::detail::validate_inputs(lume::ProgramStorage const&, std::span<lume::Buffer const, 18446744073709551615ul>)+0x194d>
    17e0:	mov    rbx,rax
    17e3:	jmp    198d <lume::detail::validate_inputs(lume::ProgramStorage const&, std::span<lume::Buffer const, 18446744073709551615ul>)+0x194d>
    17e8:	mov    rbx,rax
    17eb:	mov    rdi,QWORD PTR [rsp+0xb0]
    17f3:	lea    rax,[rsp+0xc0]
    17fb:	cmp    rdi,rax
    17fe:	jne    182f <lume::detail::validate_inputs(lume::ProgramStorage const&, std::span<lume::Buffer const, 18446744073709551615ul>)+0x17ef>
    1800:	mov    rdi,QWORD PTR [rsp+0x28]
    1805:	lea    rax,[rsp+0x38]
    180a:	cmp    rdi,rax
    180d:	jne    17b6 <lume::detail::validate_inputs(lume::ProgramStorage const&, std::span<lume::Buffer const, 18446744073709551615ul>)+0x1776>
    180f:	mov    rdi,QWORD PTR [rsp+0x90]
    1817:	cmp    rdi,r12
    181a:	jne    17c8 <lume::detail::validate_inputs(lume::ProgramStorage const&, std::span<lume::Buffer const, 18446744073709551615ul>)+0x1788>
    181c:	mov    rdi,QWORD PTR [rsp+0x8]
    1821:	cmp    rdi,r15
    1824:	jne    1988 <lume::detail::validate_inputs(lume::ProgramStorage const&, std::span<lume::Buffer const, 18446744073709551615ul>)+0x1948>
    182a:	jmp    198d <lume::detail::validate_inputs(lume::ProgramStorage const&, std::span<lume::Buffer const, 18446744073709551615ul>)+0x194d>
    182f:	call   1834 <lume::detail::validate_inputs(lume::ProgramStorage const&, std::span<lume::Buffer const, 18446744073709551615ul>)+0x17f4>
    1834:	mov    rdi,QWORD PTR [rsp+0x28]
    1839:	lea    rax,[rsp+0x38]
    183e:	cmp    rdi,rax
    1841:	je     180f <lume::detail::validate_inputs(lume::ProgramStorage const&, std::span<lume::Buffer const, 18446744073709551615ul>)+0x17cf>
    1843:	jmp    17b6 <lume::detail::validate_inputs(lume::ProgramStorage const&, std::span<lume::Buffer const, 18446744073709551615ul>)+0x1776>
    1848:	mov    rbx,rax
    184b:	mov    rdi,QWORD PTR [rsp+0x8]
    1850:	cmp    rdi,r15
    1853:	jne    1988 <lume::detail::validate_inputs(lume::ProgramStorage const&, std::span<lume::Buffer const, 18446744073709551615ul>)+0x1948>
    1859:	jmp    198d <lume::detail::validate_inputs(lume::ProgramStorage const&, std::span<lume::Buffer const, 18446744073709551615ul>)+0x194d>
    185e:	mov    rbx,rax
    1861:	mov    rdi,QWORD PTR [rsp+0x8]
    1866:	lea    rax,[rsp+0x18]
    186b:	cmp    rdi,rax
    186e:	je     18d9 <lume::detail::validate_inputs(lume::ProgramStorage const&, std::span<lume::Buffer const, 18446744073709551615ul>)+0x1899>
    1870:	call   1875 <lume::detail::validate_inputs(lume::ProgramStorage const&, std::span<lume::Buffer const, 18446744073709551615ul>)+0x1835>
    1875:	mov    rdi,QWORD PTR [rsp+0x28]
    187a:	lea    rax,[rsp+0x38]
    187f:	cmp    rdi,rax
    1882:	je     18e8 <lume::detail::validate_inputs(lume::ProgramStorage const&, std::span<lume::Buffer const, 18446744073709551615ul>)+0x18a8>
    1884:	call   1889 <lume::detail::validate_inputs(lume::ProgramStorage const&, std::span<lume::Buffer const, 18446744073709551615ul>)+0x1849>
    1889:	mov    rdi,QWORD PTR [rsp+0x70]
    188e:	lea    rax,[rsp+0x80]
    1896:	cmp    rdi,rax
    1899:	jne    18fa <lume::detail::validate_inputs(lume::ProgramStorage const&, std::span<lume::Buffer const, 18446744073709551615ul>)+0x18ba>
    189b:	jmp    191b <lume::detail::validate_inputs(lume::ProgramStorage const&, std::span<lume::Buffer const, 18446744073709551615ul>)+0x18db>
    189d:	mov    rbx,rax
    18a0:	mov    rdi,QWORD PTR [rsp+0xd8]
    18a8:	cmp    rdi,r13
    18ab:	jne    175a <lume::detail::validate_inputs(lume::ProgramStorage const&, std::span<lume::Buffer const, 18446744073709551615ul>)+0x171a>
    18b1:	mov    rdi,QWORD PTR [rsp+0x90]
    18b9:	lea    rax,[rsp+0xa0]
    18c1:	cmp    rdi,rax
    18c4:	jne    1778 <lume::detail::validate_inputs(lume::ProgramStorage const&, std::span<lume::Buffer const, 18446744073709551615ul>)+0x1738>
    18ca:	mov    rdi,QWORD PTR [rsp+0x8]
    18cf:	lea    rax,[rsp+0x18]
    18d4:	cmp    rdi,rax
    18d7:	jne    1870 <lume::detail::validate_inputs(lume::ProgramStorage const&, std::span<lume::Buffer const, 18446744073709551615ul>)+0x1830>
    18d9:	mov    rdi,QWORD PTR [rsp+0x28]
    18de:	lea    rax,[rsp+0x38]
    18e3:	cmp    rdi,rax
    18e6:	jne    1884 <lume::detail::validate_inputs(lume::ProgramStorage const&, std::span<lume::Buffer const, 18446744073709551615ul>)+0x1844>
    18e8:	mov    rdi,QWORD PTR [rsp+0x70]
    18ed:	lea    rax,[rsp+0x80]
    18f5:	cmp    rdi,rax
    18f8:	je     191b <lume::detail::validate_inputs(lume::ProgramStorage const&, std::span<lume::Buffer const, 18446744073709551615ul>)+0x18db>
    18fa:	call   18ff <lume::detail::validate_inputs(lume::ProgramStorage const&, std::span<lume::Buffer const, 18446744073709551615ul>)+0x18bf>
    18ff:	jmp    191b <lume::detail::validate_inputs(lume::ProgramStorage const&, std::span<lume::Buffer const, 18446744073709551615ul>)+0x18db>
    1901:	mov    rbx,rax
    1904:	mov    rdi,QWORD PTR [rsp+0x28]
    1909:	lea    rax,[rsp+0x38]
    190e:	cmp    rdi,rax
    1911:	je     18e8 <lume::detail::validate_inputs(lume::ProgramStorage const&, std::span<lume::Buffer const, 18446744073709551615ul>)+0x18a8>
    1913:	jmp    1884 <lume::detail::validate_inputs(lume::ProgramStorage const&, std::span<lume::Buffer const, 18446744073709551615ul>)+0x1844>
    1918:	mov    rbx,rax
    191b:	mov    rdi,QWORD PTR [rsp+0xb0]
    1923:	lea    rax,[rsp+0xc0]
    192b:	jmp    199a <lume::detail::validate_inputs(lume::ProgramStorage const&, std::span<lume::Buffer const, 18446744073709551615ul>)+0x195a>
    192d:	jmp    193e <lume::detail::validate_inputs(lume::ProgramStorage const&, std::span<lume::Buffer const, 18446744073709551615ul>)+0x18fe>
    192f:	mov    rbx,rax
    1932:	jmp    1979 <lume::detail::validate_inputs(lume::ProgramStorage const&, std::span<lume::Buffer const, 18446744073709551615ul>)+0x1939>
    1934:	mov    rbx,rax
    1937:	jmp    198d <lume::detail::validate_inputs(lume::ProgramStorage const&, std::span<lume::Buffer const, 18446744073709551615ul>)+0x194d>
    1939:	mov    rbx,rax
    193c:	jmp    1979 <lume::detail::validate_inputs(lume::ProgramStorage const&, std::span<lume::Buffer const, 18446744073709551615ul>)+0x1939>
    193e:	mov    rbx,rax
    1941:	mov    rdi,QWORD PTR [rsp+0x48]
    1946:	lea    rax,[rsp+0x58]
    194b:	cmp    rdi,rax
    194e:	jne    19ac <lume::detail::validate_inputs(lume::ProgramStorage const&, std::span<lume::Buffer const, 18446744073709551615ul>)+0x196c>
    1950:	mov    rdi,QWORD PTR [rsp+0x28]
    1955:	lea    rax,[rsp+0x38]
    195a:	cmp    rdi,rax
    195d:	jne    19d4 <lume::detail::validate_inputs(lume::ProgramStorage const&, std::span<lume::Buffer const, 18446744073709551615ul>)+0x1994>
    195f:	mov    rdi,QWORD PTR [rsp+0x90]
    1967:	lea    rax,[rsp+0xa0]
    196f:	cmp    rdi,rax
    1972:	je     1979 <lume::detail::validate_inputs(lume::ProgramStorage const&, std::span<lume::Buffer const, 18446744073709551615ul>)+0x1939>
    1974:	call   1979 <lume::detail::validate_inputs(lume::ProgramStorage const&, std::span<lume::Buffer const, 18446744073709551615ul>)+0x1939>
    1979:	mov    rdi,QWORD PTR [rsp+0x8]
    197e:	lea    rax,[rsp+0x18]
    1983:	cmp    rdi,rax
    1986:	je     198d <lume::detail::validate_inputs(lume::ProgramStorage const&, std::span<lume::Buffer const, 18446744073709551615ul>)+0x194d>
    1988:	call   198d <lume::detail::validate_inputs(lume::ProgramStorage const&, std::span<lume::Buffer const, 18446744073709551615ul>)+0x194d>
    198d:	mov    rdi,QWORD PTR [rsp+0x70]
    1992:	lea    rax,[rsp+0x80]
    199a:	cmp    rdi,rax
    199d:	je     19a4 <lume::detail::validate_inputs(lume::ProgramStorage const&, std::span<lume::Buffer const, 18446744073709551615ul>)+0x1964>
    199f:	call   19a4 <lume::detail::validate_inputs(lume::ProgramStorage const&, std::span<lume::Buffer const, 18446744073709551615ul>)+0x1964>
    19a4:	mov    rdi,rbx
    19a7:	call   19ac <lume::detail::validate_inputs(lume::ProgramStorage const&, std::span<lume::Buffer const, 18446744073709551615ul>)+0x196c>
    19ac:	call   19b1 <lume::detail::validate_inputs(lume::ProgramStorage const&, std::span<lume::Buffer const, 18446744073709551615ul>)+0x1971>
    19b1:	mov    rdi,QWORD PTR [rsp+0x28]
    19b6:	lea    rax,[rsp+0x38]
    19bb:	cmp    rdi,rax
    19be:	je     195f <lume::detail::validate_inputs(lume::ProgramStorage const&, std::span<lume::Buffer const, 18446744073709551615ul>)+0x191f>
    19c0:	jmp    19d4 <lume::detail::validate_inputs(lume::ProgramStorage const&, std::span<lume::Buffer const, 18446744073709551615ul>)+0x1994>
    19c2:	mov    rbx,rax
    19c5:	mov    rdi,QWORD PTR [rsp+0x28]
    19ca:	lea    rax,[rsp+0x38]
    19cf:	cmp    rdi,rax
    19d2:	je     195f <lume::detail::validate_inputs(lume::ProgramStorage const&, std::span<lume::Buffer const, 18446744073709551615ul>)+0x191f>
    19d4:	call   19d9 <lume::detail::validate_inputs(lume::ProgramStorage const&, std::span<lume::Buffer const, 18446744073709551615ul>)+0x1999>
    19d9:	mov    rdi,QWORD PTR [rsp+0x90]
    19e1:	lea    rax,[rsp+0xa0]
    19e9:	cmp    rdi,rax
    19ec:	jne    1974 <lume::detail::validate_inputs(lume::ProgramStorage const&, std::span<lume::Buffer const, 18446744073709551615ul>)+0x1934>
    19ee:	jmp    1979 <lume::detail::validate_inputs(lume::ProgramStorage const&, std::span<lume::Buffer const, 18446744073709551615ul>)+0x1939>

00000000000019f0 <lume::execute_cpu_reference(lume::VerifiedProgram const&, std::span<lume::Buffer const, 18446744073709551615ul>)>:
    19f0:	push   rbx
    19f1:	sub    rsp,0x10
    19f5:	mov    rbx,rdi
    19f8:	mov    WORD PTR [rsp+0xd],0x101
    19ff:	mov    BYTE PTR [rsp+0xf],0x0
    1a04:	mov    QWORD PTR [rsp],0x0
    1a0c:	lea    r8,[rsp+0xd]
    1a11:	xor    r9d,r9d
    1a14:	call   1a19 <lume::execute_cpu_reference(lume::VerifiedProgram const&, std::span<lume::Buffer const, 18446744073709551615ul>)+0x29>
    1a19:	mov    rax,rbx
    1a1c:	add    rsp,0x10
    1a20:	pop    rbx
    1a21:	ret
    1a22:	data16 data16 data16 data16 cs nop WORD PTR [rax+rax*1+0x0]

0000000000001a30 <lume::detail::execute_cpu_reference_observed(lume::VerifiedProgram const&, std::span<lume::Buffer const, 18446744073709551615ul>, std::vector<unsigned int, std::allocator<unsigned int> >*)>:
    1a30:	push   rbx
    1a31:	sub    rsp,0x10
    1a35:	mov    rbx,rdi
    1a38:	mov    WORD PTR [rsp+0xd],0x101
    1a3f:	mov    BYTE PTR [rsp+0xf],0x0
    1a44:	mov    QWORD PTR [rsp],r8
    1a48:	lea    r8,[rsp+0xd]
    1a4d:	xor    r9d,r9d
    1a50:	call   1a55 <lume::detail::execute_cpu_reference_observed(lume::VerifiedProgram const&, std::span<lume::Buffer const, 18446744073709551615ul>, std::vector<unsigned int, std::allocator<unsigned int> >*)+0x25>
    1a55:	mov    rax,rbx
    1a58:	add    rsp,0x10
    1a5c:	pop    rbx
    1a5d:	ret
    1a5e:	xchg   ax,ax

0000000000001a60 <lume::detail::execute_cpu_reference_with_policy(lume::VerifiedProgram const&, std::span<lume::Buffer const, 18446744073709551615ul>, lume::detail::ExecutionPolicy const&, lume::detail::ExecutionStats*, std::vector<unsigned int, std::allocator<unsigned int> >*)>:
    1a60:	push   rbp
    1a61:	push   r15
    1a63:	push   r14
    1a65:	push   r13
    1a67:	push   r12
    1a69:	push   rbx
    1a6a:	sub    rsp,0x2f8
    1a71:	mov    r15,r9
    1a74:	mov    rbp,r8
    1a77:	mov    rbx,rdx
    1a7a:	mov    r12,rsi
    1a7d:	mov    r14,rdi
    1a80:	lea    rdi,[rsp+0x260]
    1a88:	call   1a8d <lume::detail::execute_cpu_reference_with_policy(lume::VerifiedProgram const&, std::span<lume::Buffer const, 18446744073709551615ul>, lume::detail::ExecutionPolicy const&, lume::detail::ExecutionStats*, std::vector<unsigned int, std::allocator<unsigned int> >*)+0x2d>
    1a8d:	cmp    BYTE PTR [rsp+0x288],0x0
    1a95:	mov    QWORD PTR [rsp+0x48],r14
    1a9a:	je     1af7 <lume::detail::execute_cpu_reference_with_policy(lume::VerifiedProgram const&, std::span<lume::Buffer const, 18446744073709551615ul>, lume::detail::ExecutionPolicy const&, lume::detail::ExecutionStats*, std::vector<unsigned int, std::allocator<unsigned int> >*)+0x97>
    1a9c:	pxor   xmm0,xmm0
    1aa0:	movdqu XMMWORD PTR [r14],xmm0
    1aa5:	mov    QWORD PTR [r14+0x10],0x0
    1aad:	movzx  eax,BYTE PTR [rsp+0x260]
    1ab5:	mov    BYTE PTR [r14+0x18],al
    1ab9:	lea    rdi,[r14+0x30]
    1abd:	mov    QWORD PTR [r14+0x20],rdi
    1ac1:	mov    rsi,QWORD PTR [rsp+0x268]
    1ac9:	lea    rax,[rsp+0x278]
    1ad1:	cmp    rsi,rax
    1ad4:	je     1c58 <lume::detail::execute_cpu_reference_with_policy(lume::VerifiedProgram const&, std::span<lume::Buffer const, 18446744073709551615ul>, lume::detail::ExecutionPolicy const&, lume::detail::ExecutionStats*, std::vector<unsigned int, std::allocator<unsigned int> >*)+0x1f8>
    1ada:	mov    QWORD PTR [r14+0x20],rsi
    1ade:	mov    rax,QWORD PTR [rsp+0x278]
    1ae6:	mov    QWORD PTR [r14+0x30],rax
    1aea:	mov    rbx,QWORD PTR [rsp+0x270]
    1af2:	jmp    1c69 <lume::detail::execute_cpu_reference_with_policy(lume::VerifiedProgram const&, std::span<lume::Buffer const, 18446744073709551615ul>, lume::detail::ExecutionPolicy const&, lume::detail::ExecutionStats*, std::vector<unsigned int, std::allocator<unsigned int> >*)+0x209>
    1af7:	mov    QWORD PTR [rsp+0x2f0],rbx
    1aff:	mov    r9,QWORD PTR [r12+0x18]
    1b04:	mov    QWORD PTR [rsp+0x2e8],r12
    1b0c:	mov    r13,QWORD PTR [r12+0x20]
    1b11:	mov    rbx,r13
    1b14:	sub    rbx,r9
    1b17:	mov    r12,rbx
    1b1a:	sar    r12,0x3
    1b1e:	mov    rax,r12
    1b21:	shr    rax,0x3c
    1b25:	jne    673c <lume::detail::execute_cpu_reference_with_policy(lume::VerifiedProgram const&, std::span<lume::Buffer const, 18446744073709551615ul>, lume::detail::ExecutionPolicy const&, lume::detail::ExecutionStats*, std::vector<unsigned int, std::allocator<unsigned int> >*)+0x4cdc>
    1b2b:	mov    QWORD PTR [rsp+0xd8],r15
    1b33:	mov    r14,r13
    1b36:	sub    r14,r9
    1b39:	mov    QWORD PTR [rsp+0x210],rbp
    1b41:	je     1c77 <lume::detail::execute_cpu_reference_with_policy(lume::VerifiedProgram const&, std::span<lume::Buffer const, 18446744073709551615ul>, lume::detail::ExecutionPolicy const&, lume::detail::ExecutionStats*, std::vector<unsigned int, std::allocator<unsigned int> >*)+0x217>
    1b47:	mov    QWORD PTR [rsp+0x78],r9
    1b4c:	mov    rdi,rbx
    1b4f:	call   1b54 <lume::detail::execute_cpu_reference_with_policy(lume::VerifiedProgram const&, std::span<lume::Buffer const, 18446744073709551615ul>, lume::detail::ExecutionPolicy const&, lume::detail::ExecutionStats*, std::vector<unsigned int, std::allocator<unsigned int> >*)+0xf4>
    1b54:	mov    r15,rax
    1b57:	add    r14,0xfffffffffffffff8
    1b5b:	and    r14,0xfffffffffffffff8
    1b5f:	add    r14,0x8
    1b63:	mov    rdi,rax
    1b66:	xor    esi,esi
    1b68:	mov    rdx,r14
    1b6b:	call   1b70 <lume::detail::execute_cpu_reference_with_policy(lume::VerifiedProgram const&, std::span<lume::Buffer const, 18446744073709551615ul>, lume::detail::ExecutionPolicy const&, lume::detail::ExecutionStats*, std::vector<unsigned int, std::allocator<unsigned int> >*)+0x110>
    1b70:	movabs rax,0x333333333333334
    1b7a:	cmp    r12,rax
    1b7d:	jae    6748 <lume::detail::execute_cpu_reference_with_policy(lume::VerifiedProgram const&, std::span<lume::Buffer const, 18446744073709551615ul>, lume::detail::ExecutionPolicy const&, lume::detail::ExecutionStats*, std::vector<unsigned int, std::allocator<unsigned int> >*)+0x4ce8>
    1b83:	lea    rax,[r12*8+0x0]
    1b8b:	lea    rdi,[rax+rax*4]
    1b8f:	call   1b94 <lume::detail::execute_cpu_reference_with_policy(lume::VerifiedProgram const&, std::span<lume::Buffer const, 18446744073709551615ul>, lume::detail::ExecutionPolicy const&, lume::detail::ExecutionStats*, std::vector<unsigned int, std::allocator<unsigned int> >*)+0x134>
    1b94:	mov    QWORD PTR [rsp+0x1d0],rax
    1b9c:	lea    rcx,[r12+r12*4]
    1ba0:	lea    rcx,[rax+rcx*8]
    1ba4:	mov    QWORD PTR [rsp+0x1e0],rcx
    1bac:	lea    rdx,[r12-0x1]
    1bb1:	mov    rcx,r12
    1bb4:	and    rcx,0x7
    1bb8:	je     4859 <lume::detail::execute_cpu_reference_with_policy(lume::VerifiedProgram const&, std::span<lume::Buffer const, 18446744073709551615ul>, lume::detail::ExecutionPolicy const&, lume::detail::ExecutionStats*, std::vector<unsigned int, std::allocator<unsigned int> >*)+0x2df9>
    1bbe:	xor    esi,esi
    1bc0:	mov    BYTE PTR [rax+0x20],0x0
    1bc4:	add    rax,0x28
    1bc8:	inc    rsi
    1bcb:	cmp    rcx,rsi
    1bce:	jne    1bc0 <lume::detail::execute_cpu_reference_with_policy(lume::VerifiedProgram const&, std::span<lume::Buffer const, 18446744073709551615ul>, lume::detail::ExecutionPolicy const&, lume::detail::ExecutionStats*, std::vector<unsigned int, std::allocator<unsigned int> >*)+0x160>
    1bd0:	mov    rcx,r12
    1bd3:	sub    rcx,rsi
    1bd6:	cmp    rdx,0x7
    1bda:	jb     1c1b <lume::detail::execute_cpu_reference_with_policy(lume::VerifiedProgram const&, std::span<lume::Buffer const, 18446744073709551615ul>, lume::detail::ExecutionPolicy const&, lume::detail::ExecutionStats*, std::vector<unsigned int, std::allocator<unsigned int> >*)+0x1bb>
    1bdc:	nop    DWORD PTR [rax+0x0]
    1be0:	mov    BYTE PTR [rax+0x20],0x0
    1be4:	mov    BYTE PTR [rax+0x48],0x0
    1be8:	mov    BYTE PTR [rax+0x70],0x0
    1bec:	mov    BYTE PTR [rax+0x98],0x0
    1bf3:	mov    BYTE PTR [rax+0xc0],0x0
    1bfa:	mov    BYTE PTR [rax+0xe8],0x0
    1c01:	mov    BYTE PTR [rax+0x110],0x0
    1c08:	mov    BYTE PTR [rax+0x138],0x0
    1c0f:	add    rax,0x140
    1c15:	add    rcx,0xfffffffffffffff8
    1c19:	jne    1be0 <lume::detail::execute_cpu_reference_with_policy(lume::VerifiedProgram const&, std::span<lume::Buffer const, 18446744073709551615ul>, lume::detail::ExecutionPolicy const&, lume::detail::ExecutionStats*, std::vector<unsigned int, std::allocator<unsigned int> >*)+0x180>
    1c1b:	mov    QWORD PTR [rsp+0x1d8],rax
    1c23:	mov    r14,rbx
    1c26:	sar    r14,1
    1c29:	mov    rdi,r14
    1c2c:	call   1c31 <lume::detail::execute_cpu_reference_with_policy(lume::VerifiedProgram const&, std::span<lume::Buffer const, 18446744073709551615ul>, lume::detail::ExecutionPolicy const&, lume::detail::ExecutionStats*, std::vector<unsigned int, std::allocator<unsigned int> >*)+0x1d1>
    1c31:	mov    rcx,r15
    1c34:	add    rcx,rbx
    1c37:	mov    QWORD PTR [rsp+0x70],rcx
    1c3c:	mov    QWORD PTR [rsp+0x58],rax
    1c41:	mov    rdi,rax
    1c44:	mov    esi,0xff
    1c49:	mov    rdx,r14
    1c4c:	call   1c51 <lume::detail::execute_cpu_reference_with_policy(lume::VerifiedProgram const&, std::span<lume::Buffer const, 18446744073709551615ul>, lume::detail::ExecutionPolicy const&, lume::detail::ExecutionStats*, std::vector<unsigned int, std::allocator<unsigned int> >*)+0x1f1>
    1c51:	mov    r9,QWORD PTR [rsp+0x78]
    1c56:	jmp    1ca1 <lume::detail::execute_cpu_reference_with_policy(lume::VerifiedProgram const&, std::span<lume::Buffer const, 18446744073709551615ul>, lume::detail::ExecutionPolicy const&, lume::detail::ExecutionStats*, std::vector<unsigned int, std::allocator<unsigned int> >*)+0x241>
    1c58:	mov    rbx,QWORD PTR [rsp+0x270]
    1c60:	lea    rdx,[rbx+0x1]
    1c64:	call   1c69 <lume::detail::execute_cpu_reference_with_policy(lume::VerifiedProgram const&, std::span<lume::Buffer const, 18446744073709551615ul>, lume::detail::ExecutionPolicy const&, lume::detail::ExecutionStats*, std::vector<unsigned int, std::allocator<unsigned int> >*)+0x209>
    1c69:	mov    QWORD PTR [r14+0x28],rbx
    1c6d:	mov    BYTE PTR [r14+0x40],0x1
    1c72:	jmp    4842 <lume::detail::execute_cpu_reference_with_policy(lume::VerifiedProgram const&, std::span<lume::Buffer const, 18446744073709551615ul>, lume::detail::ExecutionPolicy const&, lume::detail::ExecutionStats*, std::vector<unsigned int, std::allocator<unsigned int> >*)+0x2de2>
    1c77:	pxor   xmm0,xmm0
    1c7b:	movdqa XMMWORD PTR [rsp+0x1d0],xmm0
    1c84:	mov    QWORD PTR [rsp+0x1e0],0x0
    1c90:	xor    r15d,r15d
    1c93:	xor    eax,eax
    1c95:	mov    QWORD PTR [rsp+0x70],rax
    1c9a:	xor    eax,eax
    1c9c:	mov    QWORD PTR [rsp+0x58],rax
    1ca1:	mov    rax,QWORD PTR [rsp+0x2e8]
    1ca9:	mov    r14,QWORD PTR [rax+0x30]
    1cad:	mov    rbp,QWORD PTR [rax+0x38]
    1cb1:	mov    rax,rbp
    1cb4:	sub    rax,r14
    1cb7:	sar    rax,0x4
    1cbb:	mov    QWORD PTR [rsp+0xa8],rax
    1cc3:	cmp    rbp,r14
    1cc6:	je     1d1f <lume::detail::execute_cpu_reference_with_policy(lume::VerifiedProgram const&, std::span<lume::Buffer const, 18446744073709551615ul>, lume::detail::ExecutionPolicy const&, lume::detail::ExecutionStats*, std::vector<unsigned int, std::allocator<unsigned int> >*)+0x2bf>
    1cc8:	mov    rax,QWORD PTR [rsp+0xa8]
    1cd0:	cmp    rax,0x1
    1cd4:	adc    rax,0x0
    1cd8:	lea    rcx,[r14+0x8]
    1cdc:	xor    edx,edx
    1cde:	mov    esi,0xffffffff
    1ce3:	jmp    1cfc <lume::detail::execute_cpu_reference_with_policy(lume::VerifiedProgram const&, std::span<lume::Buffer const, 18446744073709551615ul>, lume::detail::ExecutionPolicy const&, lume::detail::ExecutionStats*, std::vector<unsigned int, std::allocator<unsigned int> >*)+0x29c>
    1ce5:	data16 cs nop WORD PTR [rax+rax*1+0x0]
    1cf0:	inc    rdx
    1cf3:	add    rcx,0x10
    1cf7:	cmp    rax,rdx
    1cfa:	je     1d1f <lume::detail::execute_cpu_reference_with_policy(lume::VerifiedProgram const&, std::span<lume::Buffer const, 18446744073709551615ul>, lume::detail::ExecutionPolicy const&, lume::detail::ExecutionStats*, std::vector<unsigned int, std::allocator<unsigned int> >*)+0x2bf>
    1cfc:	mov    edi,DWORD PTR [rcx-0x4]
    1cff:	cmp    rdi,rsi
    1d02:	je     1d0d <lume::detail::execute_cpu_reference_with_policy(lume::VerifiedProgram const&, std::span<lume::Buffer const, 18446744073709551615ul>, lume::detail::ExecutionPolicy const&, lume::detail::ExecutionStats*, std::vector<unsigned int, std::allocator<unsigned int> >*)+0x2ad>
    1d04:	mov    r8,QWORD PTR [rsp+0x58]
    1d09:	mov    DWORD PTR [r8+rdi*4],edx
    1d0d:	mov    edi,DWORD PTR [rcx]
    1d0f:	cmp    rdi,rsi
    1d12:	je     1cf0 <lume::detail::execute_cpu_reference_with_policy(lume::VerifiedProgram const&, std::span<lume::Buffer const, 18446744073709551615ul>, lume::detail::ExecutionPolicy const&, lume::detail::ExecutionStats*, std::vector<unsigned int, std::allocator<unsigned int> >*)+0x290>
    1d14:	mov    r8,QWORD PTR [rsp+0x58]
    1d19:	mov    DWORD PTR [r8+rdi*4],edx
    1d1d:	jmp    1cf0 <lume::detail::execute_cpu_reference_with_policy(lume::VerifiedProgram const&, std::span<lume::Buffer const, 18446744073709551615ul>, lume::detail::ExecutionPolicy const&, lume::detail::ExecutionStats*, std::vector<unsigned int, std::allocator<unsigned int> >*)+0x290>
    1d1f:	sub    r13,r9
    1d22:	mov    QWORD PTR [rsp+0x50],r15
    1d27:	je     1e2d <lume::detail::execute_cpu_reference_with_policy(lume::VerifiedProgram const&, std::span<lume::Buffer const, 18446744073709551615ul>, lume::detail::ExecutionPolicy const&, lume::detail::ExecutionStats*, std::vector<unsigned int, std::allocator<unsigned int> >*)+0x3cd>
    1d2d:	mov    rdi,rbx
    1d30:	call   1d35 <lume::detail::execute_cpu_reference_with_policy(lume::VerifiedProgram const&, std::span<lume::Buffer const, 18446744073709551615ul>, lume::detail::ExecutionPolicy const&, lume::detail::ExecutionStats*, std::vector<unsigned int, std::allocator<unsigned int> >*)+0x2d5>
    1d35:	add    r13,0xfffffffffffffff8
    1d39:	mov    QWORD PTR [rsp+0x68],rax
    1d3e:	cmp    r13,0x18
    1d42:	mov    rdx,QWORD PTR [rsp+0xa8]
    1d4a:	jb     1da1 <lume::detail::execute_cpu_reference_with_policy(lume::VerifiedProgram const&, std::span<lume::Buffer const, 18446744073709551615ul>, lume::detail::ExecutionPolicy const&, lume::detail::ExecutionStats*, std::vector<unsigned int, std::allocator<unsigned int> >*)+0x341>
    1d4c:	shr    r13,0x3
    1d50:	inc    r13
    1d53:	movabs rcx,0x3fffffffffffffff
    1d5d:	add    rcx,0xfffffffffffffffd
    1d61:	and    rcx,r13
    1d64:	mov    rsi,QWORD PTR [rsp+0x68]
    1d69:	lea    rax,[rsi+rcx*8]
    1d6d:	movq   xmm0,rdx
    1d72:	pshufd xmm0,xmm0,0x44
    1d77:	xor    edx,edx
    1d79:	nop    DWORD PTR [rax+0x0]
    1d80:	movdqu XMMWORD PTR [rsi+rdx*8],xmm0
    1d85:	movdqu XMMWORD PTR [rsi+rdx*8+0x10],xmm0
    1d8b:	add    rdx,0x4
    1d8f:	cmp    rcx,rdx
    1d92:	jne    1d80 <lume::detail::execute_cpu_reference_with_policy(lume::VerifiedProgram const&, std::span<lume::Buffer const, 18446744073709551615ul>, lume::detail::ExecutionPolicy const&, lume::detail::ExecutionStats*, std::vector<unsigned int, std::allocator<unsigned int> >*)+0x320>
    1d94:	cmp    r13,rcx
    1d97:	mov    rdx,QWORD PTR [rsp+0xa8]
    1d9f:	je     1dbc <lume::detail::execute_cpu_reference_with_policy(lume::VerifiedProgram const&, std::span<lume::Buffer const, 18446744073709551615ul>, lume::detail::ExecutionPolicy const&, lume::detail::ExecutionStats*, std::vector<unsigned int, std::allocator<unsigned int> >*)+0x35c>
    1da1:	mov    rcx,QWORD PTR [rsp+0x68]
    1da6:	add    rcx,rbx
    1da9:	nop    DWORD PTR [rax+0x0]
    1db0:	mov    QWORD PTR [rax],rdx
    1db3:	add    rax,0x8
    1db7:	cmp    rax,rcx
    1dba:	jne    1db0 <lume::detail::execute_cpu_reference_with_policy(lume::VerifiedProgram const&, std::span<lume::Buffer const, 18446744073709551615ul>, lume::detail::ExecutionPolicy const&, lume::detail::ExecutionStats*, std::vector<unsigned int, std::allocator<unsigned int> >*)+0x350>
    1dbc:	mov    rdi,r12
    1dbf:	call   1dc4 <lume::detail::execute_cpu_reference_with_policy(lume::VerifiedProgram const&, std::span<lume::Buffer const, 18446744073709551615ul>, lume::detail::ExecutionPolicy const&, lume::detail::ExecutionStats*, std::vector<unsigned int, std::allocator<unsigned int> >*)+0x364>
    1dc4:	mov    QWORD PTR [rsp+0xe8],rax
    1dcc:	mov    rdi,rax
    1dcf:	xor    esi,esi
    1dd1:	mov    rdx,r12
    1dd4:	call   1dd9 <lume::detail::execute_cpu_reference_with_policy(lume::VerifiedProgram const&, std::span<lume::Buffer const, 18446744073709551615ul>, lume::detail::ExecutionPolicy const&, lume::detail::ExecutionStats*, std::vector<unsigned int, std::allocator<unsigned int> >*)+0x379>
    1dd9:	mov    rdi,r12
    1ddc:	call   1de1 <lume::detail::execute_cpu_reference_with_policy(lume::VerifiedProgram const&, std::span<lume::Buffer const, 18446744073709551615ul>, lume::detail::ExecutionPolicy const&, lume::detail::ExecutionStats*, std::vector<unsigned int, std::allocator<unsigned int> >*)+0x381>
    1de1:	mov    QWORD PTR [rsp+0x78],rax
    1de6:	mov    rdi,rax
    1de9:	xor    esi,esi
    1deb:	mov    rdx,r12
    1dee:	call   1df3 <lume::detail::execute_cpu_reference_with_policy(lume::VerifiedProgram const&, std::span<lume::Buffer const, 18446744073709551615ul>, lume::detail::ExecutionPolicy const&, lume::detail::ExecutionStats*, std::vector<unsigned int, std::allocator<unsigned int> >*)+0x393>
    1df3:	mov    rdi,r12
    1df6:	call   1dfb <lume::detail::execute_cpu_reference_with_policy(lume::VerifiedProgram const&, std::span<lume::Buffer const, 18446744073709551615ul>, lume::detail::ExecutionPolicy const&, lume::detail::ExecutionStats*, std::vector<unsigned int, std::allocator<unsigned int> >*)+0x39b>
    1dfb:	mov    QWORD PTR [rsp+0xe0],rax
    1e03:	mov    rdi,rax
    1e06:	xor    esi,esi
    1e08:	mov    rdx,r12
    1e0b:	call   1e10 <lume::detail::execute_cpu_reference_with_policy(lume::VerifiedProgram const&, std::span<lume::Buffer const, 18446744073709551615ul>, lume::detail::ExecutionPolicy const&, lume::detail::ExecutionStats*, std::vector<unsigned int, std::allocator<unsigned int> >*)+0x3b0>
    1e10:	mov    rbx,QWORD PTR [rsp+0x68]
    1e15:	mov    rax,QWORD PTR [rsp+0x210]
    1e1d:	cmp    BYTE PTR [rax+0x2],0x0
    1e21:	mov    QWORD PTR [rsp+0x68],rbx
    1e26:	jne    1e61 <lume::detail::execute_cpu_reference_with_policy(lume::VerifiedProgram const&, std::span<lume::Buffer const, 18446744073709551615ul>, lume::detail::ExecutionPolicy const&, lume::detail::ExecutionStats*, std::vector<unsigned int, std::allocator<unsigned int> >*)+0x401>
    1e28:	jmp    209f <lume::detail::execute_cpu_reference_with_policy(lume::VerifiedProgram const&, std::span<lume::Buffer const, 18446744073709551615ul>, lume::detail::ExecutionPolicy const&, lume::detail::ExecutionStats*, std::vector<unsigned int, std::allocator<unsigned int> >*)+0x63f>
    1e2d:	xor    eax,eax
    1e2f:	mov    QWORD PTR [rsp+0x78],rax
    1e34:	xor    ebx,ebx
    1e36:	xor    eax,eax
    1e38:	mov    QWORD PTR [rsp+0xe8],rax
    1e40:	xor    eax,eax
    1e42:	mov    QWORD PTR [rsp+0xe0],rax
    1e4a:	mov    rax,QWORD PTR [rsp+0x210]
    1e52:	cmp    BYTE PTR [rax+0x2],0x0
    1e56:	mov    QWORD PTR [rsp+0x68],rbx
    1e5b:	je     209f <lume::detail::execute_cpu_reference_with_policy(lume::VerifiedProgram const&, std::span<lume::Buffer const, 18446744073709551615ul>, lume::detail::ExecutionPolicy const&, lume::detail::ExecutionStats*, std::vector<unsigned int, std::allocator<unsigned int> >*)+0x63f>
    1e61:	cmp    rbp,r14
    1e64:	je     478e <lume::detail::execute_cpu_reference_with_policy(lume::VerifiedProgram const&, std::span<lume::Buffer const, 18446744073709551615ul>, lume::detail::ExecutionPolicy const&, lume::detail::ExecutionStats*, std::vector<unsigned int, std::allocator<unsigned int> >*)+0x2d2e>
    1e6a:	mov    rax,QWORD PTR [rsp+0xa8]
    1e72:	cmp    rax,0x1
    1e76:	adc    rax,0x0
    1e7a:	xor    ecx,ecx
    1e7c:	mov    rdx,r14
    1e7f:	mov    rdi,QWORD PTR [rsp+0xe8]
    1e87:	jmp    1e9c <lume::detail::execute_cpu_reference_with_policy(lume::VerifiedProgram const&, std::span<lume::Buffer const, 18446744073709551615ul>, lume::detail::ExecutionPolicy const&, lume::detail::ExecutionStats*, std::vector<unsigned int, std::allocator<unsigned int> >*)+0x43c>
    1e89:	nop    DWORD PTR [rax+0x0]
    1e90:	inc    rcx
    1e93:	add    rdx,0x10
    1e97:	cmp    rax,rcx
    1e9a:	je     1ecf <lume::detail::execute_cpu_reference_with_policy(lume::VerifiedProgram const&, std::span<lume::Buffer const, 18446744073709551615ul>, lume::detail::ExecutionPolicy const&, lume::detail::ExecutionStats*, std::vector<unsigned int, std::allocator<unsigned int> >*)+0x46f>
    1e9c:	movzx  esi,BYTE PTR [rdx]
    1e9f:	cmp    sil,0x1
    1ea3:	jne    1ec0 <lume::detail::execute_cpu_reference_with_policy(lume::VerifiedProgram const&, std::span<lume::Buffer const, 18446744073709551615ul>, lume::detail::ExecutionPolicy const&, lume::detail::ExecutionStats*, std::vector<unsigned int, std::allocator<unsigned int> >*)+0x460>
    1ea5:	mov    esi,DWORD PTR [rdx+0xc]
    1ea8:	mov    BYTE PTR [rdi+rsi*1],0x1
    1eac:	movzx  esi,BYTE PTR [rdx]
    1eaf:	cmp    sil,0x2
    1eb3:	jne    1e90 <lume::detail::execute_cpu_reference_with_policy(lume::VerifiedProgram const&, std::span<lume::Buffer const, 18446744073709551615ul>, lume::detail::ExecutionPolicy const&, lume::detail::ExecutionStats*, std::vector<unsigned int, std::allocator<unsigned int> >*)+0x430>
    1eb5:	jmp    1ec6 <lume::detail::execute_cpu_reference_with_policy(lume::VerifiedProgram const&, std::span<lume::Buffer const, 18446744073709551615ul>, lume::detail::ExecutionPolicy const&, lume::detail::ExecutionStats*, std::vector<unsigned int, std::allocator<unsigned int> >*)+0x466>
    1eb7:	nop    WORD PTR [rax+rax*1+0x0]
    1ec0:	cmp    sil,0x2
    1ec4:	jne    1e90 <lume::detail::execute_cpu_reference_with_policy(lume::VerifiedProgram const&, std::span<lume::Buffer const, 18446744073709551615ul>, lume::detail::ExecutionPolicy const&, lume::detail::ExecutionStats*, std::vector<unsigned int, std::allocator<unsigned int> >*)+0x430>
    1ec6:	mov    esi,DWORD PTR [rdx+0xc]
    1ec9:	mov    QWORD PTR [rbx+rsi*8],rcx
    1ecd:	jmp    1e90 <lume::detail::execute_cpu_reference_with_policy(lume::VerifiedProgram const&, std::span<lume::Buffer const, 18446744073709551615ul>, lume::detail::ExecutionPolicy const&, lume::detail::ExecutionStats*, std::vector<unsigned int, std::allocator<unsigned int> >*)+0x430>
    1ecf:	cmp    rbp,r14
    1ed2:	je     478e <lume::detail::execute_cpu_reference_with_policy(lume::VerifiedProgram const&, std::span<lume::Buffer const, 18446744073709551615ul>, lume::detail::ExecutionPolicy const&, lume::detail::ExecutionStats*, std::vector<unsigned int, std::allocator<unsigned int> >*)+0x2d2e>
    1ed8:	mov    rax,QWORD PTR [rsp+0xa8]
    1ee0:	cmp    rax,0x1
    1ee4:	adc    rax,0x0
    1ee8:	xor    ecx,ecx
    1eea:	xor    edx,edx
    1eec:	mov    QWORD PTR [rsp+0xa0],r14
    1ef4:	jmp    1f0c <lume::detail::execute_cpu_reference_with_policy(lume::VerifiedProgram const&, std::span<lume::Buffer const, 18446744073709551615ul>, lume::detail::ExecutionPolicy const&, lume::detail::ExecutionStats*, std::vector<unsigned int, std::allocator<unsigned int> >*)+0x4ac>
    1ef6:	cs nop WORD PTR [rax+rax*1+0x0]
    1f00:	inc    rdx
    1f03:	cmp    rdx,rax
    1f06:	je     1fee <lume::detail::execute_cpu_reference_with_policy(lume::VerifiedProgram const&, std::span<lume::Buffer const, 18446744073709551615ul>, lume::detail::ExecutionPolicy const&, lume::detail::ExecutionStats*, std::vector<unsigned int, std::allocator<unsigned int> >*)+0x58e>
    1f0c:	mov    rsi,rdx
    1f0f:	shl    rsi,0x4
    1f13:	cmp    BYTE PTR [r14+rsi*1],0x2
    1f18:	jne    1f00 <lume::detail::execute_cpu_reference_with_policy(lume::VerifiedProgram const&, std::span<lume::Buffer const, 18446744073709551615ul>, lume::detail::ExecutionPolicy const&, lume::detail::ExecutionStats*, std::vector<unsigned int, std::allocator<unsigned int> >*)+0x4a0>
    1f1a:	mov    edi,DWORD PTR [r14+rsi*1+0x4]
    1f1f:	mov    r8,QWORD PTR [rsp+0xe8]
    1f27:	cmp    BYTE PTR [r8+rdi*1],0x0
    1f2c:	je     1f00 <lume::detail::execute_cpu_reference_with_policy(lume::VerifiedProgram const&, std::span<lume::Buffer const, 18446744073709551615ul>, lume::detail::ExecutionPolicy const&, lume::detail::ExecutionStats*, std::vector<unsigned int, std::allocator<unsigned int> >*)+0x4a0>
    1f2e:	lea    rdi,[r14+rsi*1]
    1f32:	add    rdi,0x4
    1f36:	mov    edi,DWORD PTR [rdi+0x4]
    1f39:	mov    r8,QWORD PTR [rsp+0xe8]
    1f41:	cmp    BYTE PTR [r8+rdi*1],0x0
    1f46:	je     1f00 <lume::detail::execute_cpu_reference_with_policy(lume::VerifiedProgram const&, std::span<lume::Buffer const, 18446744073709551615ul>, lume::detail::ExecutionPolicy const&, lume::detail::ExecutionStats*, std::vector<unsigned int, std::allocator<unsigned int> >*)+0x4a0>
    1f48:	mov    esi,DWORD PTR [r14+rsi*1+0xc]
    1f4d:	mov    dil,0x1
    1f50:	xor    r8d,r8d
    1f53:	mov    r9,r14
    1f56:	jmp    1f8b <lume::detail::execute_cpu_reference_with_policy(lume::VerifiedProgram const&, std::span<lume::Buffer const, 18446744073709551615ul>, lume::detail::ExecutionPolicy const&, lume::detail::ExecutionStats*, std::vector<unsigned int, std::allocator<unsigned int> >*)+0x52b>
    1f58:	nop    DWORD PTR [rax+rax*1+0x0]
    1f60:	xor    r14d,esi
    1f63:	xor    r13d,esi
    1f66:	or     r13d,r14d
    1f69:	movzx  edi,dil
    1f6d:	cmove  edi,ecx
    1f70:	mov    r11b,r12b
    1f73:	mov    r14,r8
    1f76:	add    r14,r11
    1f79:	mov    r10b,bl
    1f7c:	mov    r8,r10
    1f7f:	add    r8,r14
    1f82:	add    r9,0x10
    1f86:	cmp    r9,rbp
    1f89:	je     1fbb <lume::detail::execute_cpu_reference_with_policy(lume::VerifiedProgram const&, std::span<lume::Buffer const, 18446744073709551615ul>, lume::detail::ExecutionPolicy const&, lume::detail::ExecutionStats*, std::vector<unsigned int, std::allocator<unsigned int> >*)+0x55b>
    1f8b:	mov    r13d,DWORD PTR [r9+0x4]
    1f8f:	mov    r14d,DWORD PTR [r9+0x8]
    1f93:	xor    r11d,r11d
    1f96:	cmp    r13d,esi
    1f99:	sete   r12b
    1f9d:	xor    r10d,r10d
    1fa0:	cmp    r14d,esi
    1fa3:	sete   bl
    1fa6:	movzx  r15d,BYTE PTR [r9]
    1faa:	cmp    r15d,0x2
    1fae:	je     1f60 <lume::detail::execute_cpu_reference_with_policy(lume::VerifiedProgram const&, std::span<lume::Buffer const, 18446744073709551615ul>, lume::detail::ExecutionPolicy const&, lume::detail::ExecutionStats*, std::vector<unsigned int, std::allocator<unsigned int> >*)+0x500>
    1fb0:	cmp    r15d,0x3
    1fb4:	jne    1f70 <lume::detail::execute_cpu_reference_with_policy(lume::VerifiedProgram const&, std::span<lume::Buffer const, 18446744073709551615ul>, lume::detail::ExecutionPolicy const&, lume::detail::ExecutionStats*, std::vector<unsigned int, std::allocator<unsigned int> >*)+0x510>
    1fb6:	cmp    r13d,esi
    1fb9:	jmp    1f69 <lume::detail::execute_cpu_reference_with_policy(lume::VerifiedProgram const&, std::span<lume::Buffer const, 18446744073709551615ul>, lume::detail::ExecutionPolicy const&, lume::detail::ExecutionStats*, std::vector<unsigned int, std::allocator<unsigned int> >*)+0x509>
    1fbb:	test   dil,0x1
    1fbf:	mov    r15,QWORD PTR [rsp+0x50]
    1fc4:	mov    rbx,QWORD PTR [rsp+0x68]
    1fc9:	mov    r14,QWORD PTR [rsp+0xa0]
    1fd1:	je     1f00 <lume::detail::execute_cpu_reference_with_policy(lume::VerifiedProgram const&, std::span<lume::Buffer const, 18446744073709551615ul>, lume::detail::ExecutionPolicy const&, lume::detail::ExecutionStats*, std::vector<unsigned int, std::allocator<unsigned int> >*)+0x4a0>
    1fd7:	test   r8,r8
    1fda:	je     1f00 <lume::detail::execute_cpu_reference_with_policy(lume::VerifiedProgram const&, std::span<lume::Buffer const, 18446744073709551615ul>, lume::detail::ExecutionPolicy const&, lume::detail::ExecutionStats*, std::vector<unsigned int, std::allocator<unsigned int> >*)+0x4a0>
    1fe0:	mov    rdi,QWORD PTR [rsp+0x78]
    1fe5:	mov    BYTE PTR [rdi+rsi*1],0x1
    1fe9:	jmp    1f00 <lume::detail::execute_cpu_reference_with_policy(lume::VerifiedProgram const&, std::span<lume::Buffer const, 18446744073709551615ul>, lume::detail::ExecutionPolicy const&, lume::detail::ExecutionStats*, std::vector<unsigned int, std::allocator<unsigned int> >*)+0x4a0>
    1fee:	cmp    rbp,r14
    1ff1:	je     478e <lume::detail::execute_cpu_reference_with_policy(lume::VerifiedProgram const&, std::span<lume::Buffer const, 18446744073709551615ul>, lume::detail::ExecutionPolicy const&, lume::detail::ExecutionStats*, std::vector<unsigned int, std::allocator<unsigned int> >*)+0x2d2e>
    1ff7:	mov    r11,QWORD PTR [rsp+0xa8]
    1fff:	cmp    r11,0x1
    2003:	adc    r11,0x0
    2007:	xor    eax,eax
    2009:	xor    ecx,ecx
    200b:	mov    r10,QWORD PTR [rsp+0x78]
    2010:	jmp    2038 <lume::detail::execute_cpu_reference_with_policy(lume::VerifiedProgram const&, std::span<lume::Buffer const, 18446744073709551615ul>, lume::detail::ExecutionPolicy const&, lume::detail::ExecutionStats*, std::vector<unsigned int, std::allocator<unsigned int> >*)+0x5d8>
    2012:	data16 data16 data16 data16 cs nop WORD PTR [rax+rax*1+0x0]
    2020:	and    sil,0x1
    2024:	mov    rdi,QWORD PTR [rsp+0xe0]
    202c:	mov    BYTE PTR [rdi+rdx*1],sil
    2030:	inc    rcx
    2033:	cmp    rcx,r11
    2036:	je     209f <lume::detail::execute_cpu_reference_with_policy(lume::VerifiedProgram const&, std::span<lume::Buffer const, 18446744073709551615ul>, lume::detail::ExecutionPolicy const&, lume::detail::ExecutionStats*, std::vector<unsigned int, std::allocator<unsigned int> >*)+0x63f>
    2038:	mov    rdx,rcx
    203b:	shl    rdx,0x4
    203f:	cmp    BYTE PTR [r14+rdx*1],0x2
    2044:	jne    2030 <lume::detail::execute_cpu_reference_with_policy(lume::VerifiedProgram const&, std::span<lume::Buffer const, 18446744073709551615ul>, lume::detail::ExecutionPolicy const&, lume::detail::ExecutionStats*, std::vector<unsigned int, std::allocator<unsigned int> >*)+0x5d0>
    2046:	mov    edx,DWORD PTR [r14+rdx*1+0xc]
    204b:	mov    rsi,QWORD PTR [rsp+0x78]
    2050:	cmp    BYTE PTR [rsi+rdx*1],0x0
    2054:	je     2030 <lume::detail::execute_cpu_reference_with_policy(lume::VerifiedProgram const&, std::span<lume::Buffer const, 18446744073709551615ul>, lume::detail::ExecutionPolicy const&, lume::detail::ExecutionStats*, std::vector<unsigned int, std::allocator<unsigned int> >*)+0x5d0>
    2056:	mov    sil,0x1
    2059:	mov    rdi,r14
    205c:	jmp    2069 <lume::detail::execute_cpu_reference_with_policy(lume::VerifiedProgram const&, std::span<lume::Buffer const, 18446744073709551615ul>, lume::detail::ExecutionPolicy const&, lume::detail::ExecutionStats*, std::vector<unsigned int, std::allocator<unsigned int> >*)+0x609>
    205e:	xchg   ax,ax
    2060:	add    rdi,0x10
    2064:	cmp    rdi,rbp
    2067:	je     2020 <lume::detail::execute_cpu_reference_with_policy(lume::VerifiedProgram const&, std::span<lume::Buffer const, 18446744073709551615ul>, lume::detail::ExecutionPolicy const&, lume::detail::ExecutionStats*, std::vector<unsigned int, std::allocator<unsigned int> >*)+0x5c0>
    2069:	cmp    BYTE PTR [rdi],0x2
    206c:	jne    2060 <lume::detail::execute_cpu_reference_with_policy(lume::VerifiedProgram const&, std::span<lume::Buffer const, 18446744073709551615ul>, lume::detail::ExecutionPolicy const&, lume::detail::ExecutionStats*, std::vector<unsigned int, std::allocator<unsigned int> >*)+0x600>
    206e:	mov    r8d,DWORD PTR [rdi+0x4]
    2072:	mov    r9d,DWORD PTR [rdi+0x8]
    2076:	cmp    r8d,edx
    2079:	jne    2087 <lume::detail::execute_cpu_reference_with_policy(lume::VerifiedProgram const&, std::span<lume::Buffer const, 18446744073709551615ul>, lume::detail::ExecutionPolicy const&, lume::detail::ExecutionStats*, std::vector<unsigned int, std::allocator<unsigned int> >*)+0x627>
    207b:	cmp    BYTE PTR [r10+r9*1],0x0
    2080:	movzx  esi,sil
    2084:	cmovne esi,eax
    2087:	cmp    r9d,edx
    208a:	jne    2060 <lume::detail::execute_cpu_reference_with_policy(lume::VerifiedProgram const&, std::span<lume::Buffer const, 18446744073709551615ul>, lume::detail::ExecutionPolicy const&, lume::detail::ExecutionStats*, std::vector<unsigned int, std::allocator<unsigned int> >*)+0x600>
    208c:	mov    r9,QWORD PTR [rsp+0x78]
    2091:	cmp    BYTE PTR [r9+r8*1],0x0
    2096:	movzx  esi,sil
    209a:	cmovne esi,eax
    209d:	jmp    2060 <lume::detail::execute_cpu_reference_with_policy(lume::VerifiedProgram const&, std::span<lume::Buffer const, 18446744073709551615ul>, lume::detail::ExecutionPolicy const&, lume::detail::ExecutionStats*, std::vector<unsigned int, std::allocator<unsigned int> >*)+0x600>
    209f:	pxor   xmm0,xmm0
    20a3:	movdqa XMMWORD PTR [rsp+0x260],xmm0
    20ac:	mov    QWORD PTR [rsp+0x270],0x0
    20b8:	mov    BYTE PTR [rsp+0x2a0],0x0
    20c0:	cmp    rbp,r14
    20c3:	je     4796 <lume::detail::execute_cpu_reference_with_policy(lume::VerifiedProgram const&, std::span<lume::Buffer const, 18446744073709551615ul>, lume::detail::ExecutionPolicy const&, lume::detail::ExecutionStats*, std::vector<unsigned int, std::allocator<unsigned int> >*)+0x2d36>
    20c9:	mov    rax,QWORD PTR [rsp+0x70]
    20ce:	sub    rax,r15
    20d1:	sar    rax,0x3
    20d5:	mov    QWORD PTR [rsp+0x70],rax
    20da:	mov    rax,QWORD PTR [rsp+0x48]
    20df:	add    rax,0x30
    20e3:	mov    QWORD PTR [rsp+0x60],rax
    20e8:	xor    eax,eax
    20ea:	mov    QWORD PTR [rsp+0xa8],rax
    20f2:	lea    rax,[rip+0x0]        # 20f9 <lume::detail::execute_cpu_reference_with_policy(lume::VerifiedProgram const&, std::span<lume::Buffer const, 18446744073709551615ul>, lume::detail::ExecutionPolicy const&, lume::detail::ExecutionStats*, std::vector<unsigned int, std::allocator<unsigned int> >*)+0x699>
    20f9:	mov    QWORD PTR [rsp+0x258],rax
    2101:	xor    r15d,r15d
    2104:	jmp    2136 <lume::detail::execute_cpu_reference_with_policy(lume::VerifiedProgram const&, std::span<lume::Buffer const, 18446744073709551615ul>, lume::detail::ExecutionPolicy const&, lume::detail::ExecutionStats*, std::vector<unsigned int, std::allocator<unsigned int> >*)+0x6d6>
    2106:	cmp    ebx,0x19
    2109:	jne    6156 <lume::detail::execute_cpu_reference_with_policy(lume::VerifiedProgram const&, std::span<lume::Buffer const, 18446744073709551615ul>, lume::detail::ExecutionPolicy const&, lume::detail::ExecutionStats*, std::vector<unsigned int, std::allocator<unsigned int> >*)+0x46f6>
    210f:	nop
    2110:	inc    r15
    2113:	mov    rax,QWORD PTR [rsp+0x2e8]
    211b:	mov    r14,QWORD PTR [rax+0x30]
    211f:	mov    rbp,QWORD PTR [rax+0x38]
    2123:	mov    rax,rbp
    2126:	sub    rax,r14
    2129:	sar    rax,0x4
    212d:	cmp    r15,rax
    2130:	jae    486b <lume::detail::execute_cpu_reference_with_policy(lume::VerifiedProgram const&, std::span<lume::Buffer const, 18446744073709551615ul>, lume::detail::ExecutionPolicy const&, lume::detail::ExecutionStats*, std::vector<unsigned int, std::allocator<unsigned int> >*)+0x2e0b>
    2136:	mov    r12,r15
    2139:	shl    r12,0x4
    213d:	movzx  eax,BYTE PTR [r14+r12*1]
    2142:	cmp    eax,0x3
    2145:	je     21e0 <lume::detail::execute_cpu_reference_with_policy(lume::VerifiedProgram const&, std::span<lume::Buffer const, 18446744073709551615ul>, lume::detail::ExecutionPolicy const&, lume::detail::ExecutionStats*, std::vector<unsigned int, std::allocator<unsigned int> >*)+0x780>
    214b:	cmp    eax,0x2
    214e:	je     2190 <lume::detail::execute_cpu_reference_with_policy(lume::VerifiedProgram const&, std::span<lume::Buffer const, 18446744073709551615ul>, lume::detail::ExecutionPolicy const&, lume::detail::ExecutionStats*, std::vector<unsigned int, std::allocator<unsigned int> >*)+0x730>
    2150:	cmp    eax,0x1
    2153:	jne    492d <lume::detail::execute_cpu_reference_with_policy(lume::VerifiedProgram const&, std::span<lume::Buffer const, 18446744073709551615ul>, lume::detail::ExecutionPolicy const&, lume::detail::ExecutionStats*, std::vector<unsigned int, std::allocator<unsigned int> >*)+0x2ecd>
    2159:	mov    rsi,QWORD PTR [rsp+0xa8]
    2161:	lea    rax,[rsi+0x1]
    2165:	shl    rsi,0x5
    2169:	add    rsi,QWORD PTR [rsp+0x2f0]
    2171:	mov    ecx,DWORD PTR [r14+r12*1+0xc]
    2176:	mov    rdx,QWORD PTR [rsp+0x50]
    217b:	mov    QWORD PTR [rdx+rcx*8],rsi
    217f:	mov    QWORD PTR [rsp+0xa8],rax
    2187:	jmp    2110 <lume::detail::execute_cpu_reference_with_policy(lume::VerifiedProgram const&, std::span<lume::Buffer const, 18446744073709551615ul>, lume::detail::ExecutionPolicy const&, lume::detail::ExecutionStats*, std::vector<unsigned int, std::allocator<unsigned int> >*)+0x6b0>
    2189:	nop    DWORD PTR [rax+0x0]
    2190:	mov    esi,DWORD PTR [r14+r12*1+0x4]
    2195:	cmp    QWORD PTR [rsp+0x70],rsi
    219a:	jbe    2295 <lume::detail::execute_cpu_reference_with_policy(lume::VerifiedProgram const&, std::span<lume::Buffer const, 18446744073709551615ul>, lume::detail::ExecutionPolicy const&, lume::detail::ExecutionStats*, std::vector<unsigned int, std::allocator<unsigned int> >*)+0x835>
    21a0:	mov    rax,QWORD PTR [rsp+0x50]
    21a5:	mov    rax,QWORD PTR [rax+rsi*8]
    21a9:	lea    rcx,[r14+r12*1]
    21ad:	add    rcx,0x4
    21b1:	mov    edi,DWORD PTR [rcx+0x4]
    21b4:	cmp    QWORD PTR [rsp+0x70],rdi
    21b9:	ja     22ad <lume::detail::execute_cpu_reference_with_policy(lume::VerifiedProgram const&, std::span<lume::Buffer const, 18446744073709551615ul>, lume::detail::ExecutionPolicy const&, lume::detail::ExecutionStats*, std::vector<unsigned int, std::allocator<unsigned int> >*)+0x84d>
    21bf:	xor    edx,edx
    21c1:	mov    r8,QWORD PTR [rsp+0x210]
    21c9:	cmp    BYTE PTR [r8+0x2],0x0
    21ce:	jne    22c9 <lume::detail::execute_cpu_reference_with_policy(lume::VerifiedProgram const&, std::span<lume::Buffer const, 18446744073709551615ul>, lume::detail::ExecutionPolicy const&, lume::detail::ExecutionStats*, std::vector<unsigned int, std::allocator<unsigned int> >*)+0x869>
    21d4:	jmp    23ce <lume::detail::execute_cpu_reference_with_policy(lume::VerifiedProgram const&, std::span<lume::Buffer const, 18446744073709551615ul>, lume::detail::ExecutionPolicy const&, lume::detail::ExecutionStats*, std::vector<unsigned int, std::allocator<unsigned int> >*)+0x96e>
    21d9:	nop    DWORD PTR [rax+0x0]
    21e0:	mov    ebx,DWORD PTR [r14+r12*1+0x4]
    21e5:	cmp    QWORD PTR [rsp+0x70],rbx
    21ea:	jbe    490e <lume::detail::execute_cpu_reference_with_policy(lume::VerifiedProgram const&, std::span<lume::Buffer const, 18446744073709551615ul>, lume::detail::ExecutionPolicy const&, lume::detail::ExecutionStats*, std::vector<unsigned int, std::allocator<unsigned int> >*)+0x2eae>
    21f0:	mov    rax,QWORD PTR [rsp+0x50]
    21f5:	mov    r12,QWORD PTR [rax+rbx*8]
    21f9:	test   r12,r12
    21fc:	je     490e <lume::detail::execute_cpu_reference_with_policy(lume::VerifiedProgram const&, std::span<lume::Buffer const, 18446744073709551615ul>, lume::detail::ExecutionPolicy const&, lume::detail::ExecutionStats*, std::vector<unsigned int, std::allocator<unsigned int> >*)+0x2eae>
    2202:	mov    rax,QWORD PTR [rsp+0x1d0]
    220a:	lea    rcx,[rbx+rbx*4]
    220e:	cmp    BYTE PTR [rax+rcx*8+0x20],0x0
    2213:	je     22fa <lume::detail::execute_cpu_reference_with_policy(lume::VerifiedProgram const&, std::span<lume::Buffer const, 18446744073709551615ul>, lume::detail::ExecutionPolicy const&, lume::detail::ExecutionStats*, std::vector<unsigned int, std::allocator<unsigned int> >*)+0x89a>
    2219:	mov    rbp,QWORD PTR [rsp+0x268]
    2221:	mov    rsi,QWORD PTR [rsp+0x270]
    2229:	mov    rdx,QWORD PTR [rsp+0x58]
    222e:	cmp    DWORD PTR [rdx+rbx*4],r15d
    2232:	jne    230a <lume::detail::execute_cpu_reference_with_policy(lume::VerifiedProgram const&, std::span<lume::Buffer const, 18446744073709551615ul>, lume::detail::ExecutionPolicy const&, lume::detail::ExecutionStats*, std::vector<unsigned int, std::allocator<unsigned int> >*)+0x8aa>
    2238:	lea    r12,[rax+rcx*8]
    223c:	cmp    rbp,rsi
    223f:	je     2602 <lume::detail::execute_cpu_reference_with_policy(lume::VerifiedProgram const&, std::span<lume::Buffer const, 18446744073709551615ul>, lume::detail::ExecutionPolicy const&, lume::detail::ExecutionStats*, std::vector<unsigned int, std::allocator<unsigned int> >*)+0xba2>
    2245:	mov    BYTE PTR [rbp+0x18],0xff
    2249:	movzx  eax,BYTE PTR [r12+0x18]
    224f:	cmp    rax,0x3
    2253:	ja     2729 <lume::detail::execute_cpu_reference_with_policy(lume::VerifiedProgram const&, std::span<lume::Buffer const, 18446744073709551615ul>, lume::detail::ExecutionPolicy const&, lume::detail::ExecutionStats*, std::vector<unsigned int, std::allocator<unsigned int> >*)+0xcc9>
    2259:	lea    rdx,[rip+0x0]        # 2260 <lume::detail::execute_cpu_reference_with_policy(lume::VerifiedProgram const&, std::span<lume::Buffer const, 18446744073709551615ul>, lume::detail::ExecutionPolicy const&, lume::detail::ExecutionStats*, std::vector<unsigned int, std::allocator<unsigned int> >*)+0x800>
    2260:	movsxd rcx,DWORD PTR [rdx+rax*4]
    2264:	add    rcx,rdx
    2267:	jmp    rcx
    2269:	movdqu xmm0,XMMWORD PTR [r12]
    226f:	movdqu XMMWORD PTR [rbp+0x0],xmm0
    2274:	mov    rcx,QWORD PTR [r12+0x10]
    2279:	mov    QWORD PTR [rbp+0x10],rcx
    227d:	pxor   xmm0,xmm0
    2281:	movdqu XMMWORD PTR [r12],xmm0
    2287:	mov    QWORD PTR [r12+0x10],0x0
    2290:	jmp    2729 <lume::detail::execute_cpu_reference_with_policy(lume::VerifiedProgram const&, std::span<lume::Buffer const, 18446744073709551615ul>, lume::detail::ExecutionPolicy const&, lume::detail::ExecutionStats*, std::vector<unsigned int, std::allocator<unsigned int> >*)+0xcc9>
    2295:	xor    eax,eax
    2297:	lea    rcx,[r14+r12*1]
    229b:	add    rcx,0x4
    229f:	mov    edi,DWORD PTR [rcx+0x4]
    22a2:	cmp    QWORD PTR [rsp+0x70],rdi
    22a7:	jbe    21bf <lume::detail::execute_cpu_reference_with_policy(lume::VerifiedProgram const&, std::span<lume::Buffer const, 18446744073709551615ul>, lume::detail::ExecutionPolicy const&, lume::detail::ExecutionStats*, std::vector<unsigned int, std::allocator<unsigned int> >*)+0x75f>
    22ad:	mov    rdx,QWORD PTR [rsp+0x50]
    22b2:	mov    rdx,QWORD PTR [rdx+rdi*8]
    22b6:	mov    r8,QWORD PTR [rsp+0x210]
    22be:	cmp    BYTE PTR [r8+0x2],0x0
    22c3:	je     23ce <lume::detail::execute_cpu_reference_with_policy(lume::VerifiedProgram const&, std::span<lume::Buffer const, 18446744073709551615ul>, lume::detail::ExecutionPolicy const&, lume::detail::ExecutionStats*, std::vector<unsigned int, std::allocator<unsigned int> >*)+0x96e>
    22c9:	mov    r8d,DWORD PTR [r14+r12*1+0xc]
    22ce:	mov    r9,QWORD PTR [rsp+0xe0]
    22d6:	cmp    BYTE PTR [r9+r8*1],0x0
    22db:	je     2368 <lume::detail::execute_cpu_reference_with_policy(lume::VerifiedProgram const&, std::span<lume::Buffer const, 18446744073709551615ul>, lume::detail::ExecutionPolicy const&, lume::detail::ExecutionStats*, std::vector<unsigned int, std::allocator<unsigned int> >*)+0x908>
    22e1:	mov    rax,QWORD PTR [rsp+0xd8]
    22e9:	test   rax,rax
    22ec:	je     2110 <lume::detail::execute_cpu_reference_with_policy(lume::VerifiedProgram const&, std::span<lume::Buffer const, 18446744073709551615ul>, lume::detail::ExecutionPolicy const&, lume::detail::ExecutionStats*, std::vector<unsigned int, std::allocator<unsigned int> >*)+0x6b0>
    22f2:	inc    DWORD PTR [rax+0x18]
    22f5:	jmp    2110 <lume::detail::execute_cpu_reference_with_policy(lume::VerifiedProgram const&, std::span<lume::Buffer const, 18446744073709551615ul>, lume::detail::ExecutionPolicy const&, lume::detail::ExecutionStats*, std::vector<unsigned int, std::allocator<unsigned int> >*)+0x6b0>
    22fa:	mov    rbp,QWORD PTR [rsp+0x268]
    2302:	mov    rsi,QWORD PTR [rsp+0x270]
    230a:	cmp    rbp,rsi
    230d:	je     233f <lume::detail::execute_cpu_reference_with_policy(lume::VerifiedProgram const&, std::span<lume::Buffer const, 18446744073709551615ul>, lume::detail::ExecutionPolicy const&, lume::detail::ExecutionStats*, std::vector<unsigned int, std::allocator<unsigned int> >*)+0x8df>
    230f:	mov    BYTE PTR [rbp+0x18],0xff
    2313:	mov    QWORD PTR [rsp+0xb0],rbp
    231b:	lea    rdi,[rsp+0xb0]
    2323:	mov    rsi,r12
    2326:	call   232b <lume::detail::execute_cpu_reference_with_policy(lume::VerifiedProgram const&, std::span<lume::Buffer const, 18446744073709551615ul>, lume::detail::ExecutionPolicy const&, lume::detail::ExecutionStats*, std::vector<unsigned int, std::allocator<unsigned int> >*)+0x8cb>
    232b:	movzx  eax,BYTE PTR [r12+0x18]
    2331:	mov    BYTE PTR [rbp+0x18],al
    2334:	add    QWORD PTR [rsp+0x268],0x20
    233d:	jmp    234f <lume::detail::execute_cpu_reference_with_policy(lume::VerifiedProgram const&, std::span<lume::Buffer const, 18446744073709551615ul>, lume::detail::ExecutionPolicy const&, lume::detail::ExecutionStats*, std::vector<unsigned int, std::allocator<unsigned int> >*)+0x8ef>
    233f:	lea    rdi,[rsp+0x260]
    2347:	mov    rdx,r12
    234a:	call   234f <lume::detail::execute_cpu_reference_with_policy(lume::VerifiedProgram const&, std::span<lume::Buffer const, 18446744073709551615ul>, lume::detail::ExecutionPolicy const&, lume::detail::ExecutionStats*, std::vector<unsigned int, std::allocator<unsigned int> >*)+0x8ef>
    234f:	mov    rax,QWORD PTR [rsp+0xd8]
    2357:	test   rax,rax
    235a:	je     2110 <lume::detail::execute_cpu_reference_with_policy(lume::VerifiedProgram const&, std::span<lume::Buffer const, 18446744073709551615ul>, lume::detail::ExecutionPolicy const&, lume::detail::ExecutionStats*, std::vector<unsigned int, std::allocator<unsigned int> >*)+0x6b0>
    2360:	inc    DWORD PTR [rax+0x10]
    2363:	jmp    2110 <lume::detail::execute_cpu_reference_with_policy(lume::VerifiedProgram const&, std::span<lume::Buffer const, 18446744073709551615ul>, lume::detail::ExecutionPolicy const&, lume::detail::ExecutionStats*, std::vector<unsigned int, std::allocator<unsigned int> >*)+0x6b0>
    2368:	movzx  r9d,BYTE PTR [r9+rsi*1]
    236d:	test   r9b,r9b
    2370:	jne    2381 <lume::detail::execute_cpu_reference_with_policy(lume::VerifiedProgram const&, std::span<lume::Buffer const, 18446744073709551615ul>, lume::detail::ExecutionPolicy const&, lume::detail::ExecutionStats*, std::vector<unsigned int, std::allocator<unsigned int> >*)+0x921>
    2372:	mov    r8,QWORD PTR [rsp+0xe0]
    237a:	cmp    BYTE PTR [r8+rdi*1],0x0
    237f:	je     23ce <lume::detail::execute_cpu_reference_with_policy(lume::VerifiedProgram const&, std::span<lume::Buffer const, 18446744073709551615ul>, lume::detail::ExecutionPolicy const&, lume::detail::ExecutionStats*, std::vector<unsigned int, std::allocator<unsigned int> >*)+0x96e>
    2381:	xor    eax,eax
    2383:	test   r9b,r9b
    2386:	sete   al
    2389:	mov    eax,DWORD PTR [rcx+rax*4]
    238c:	mov    rdx,QWORD PTR [rsp+0x68]
    2391:	mov    rax,QWORD PTR [rdx+rax*8]
    2395:	shl    rax,0x4
    2399:	mov    edx,DWORD PTR [r14+rax*1+0x4]
    239e:	cmp    QWORD PTR [rsp+0x70],rdx
    23a3:	jbe    262c <lume::detail::execute_cpu_reference_with_policy(lume::VerifiedProgram const&, std::span<lume::Buffer const, 18446744073709551615ul>, lume::detail::ExecutionPolicy const&, lume::detail::ExecutionStats*, std::vector<unsigned int, std::allocator<unsigned int> >*)+0xbcc>
    23a9:	mov    rsi,QWORD PTR [rsp+0x50]
    23ae:	mov    rsi,QWORD PTR [rsi+rdx*8]
    23b2:	add    rax,r14
    23b5:	add    rax,0x4
    23b9:	mov    eax,DWORD PTR [rax+0x4]
    23bc:	cmp    QWORD PTR [rsp+0x70],rax
    23c1:	ja     2643 <lume::detail::execute_cpu_reference_with_policy(lume::VerifiedProgram const&, std::span<lume::Buffer const, 18446744073709551615ul>, lume::detail::ExecutionPolicy const&, lume::detail::ExecutionStats*, std::vector<unsigned int, std::allocator<unsigned int> >*)+0xbe3>
    23c7:	xor    edx,edx
    23c9:	jmp    264c <lume::detail::execute_cpu_reference_with_policy(lume::VerifiedProgram const&, std::span<lume::Buffer const, 18446744073709551615ul>, lume::detail::ExecutionPolicy const&, lume::detail::ExecutionStats*, std::vector<unsigned int, std::allocator<unsigned int> >*)+0xbec>
    23ce:	test   rax,rax
    23d1:	je     4a3e <lume::detail::execute_cpu_reference_with_policy(lume::VerifiedProgram const&, std::span<lume::Buffer const, 18446744073709551615ul>, lume::detail::ExecutionPolicy const&, lume::detail::ExecutionStats*, std::vector<unsigned int, std::allocator<unsigned int> >*)+0x2fde>
    23d7:	test   rdx,rdx
    23da:	je     4a3e <lume::detail::execute_cpu_reference_with_policy(lume::VerifiedProgram const&, std::span<lume::Buffer const, 18446744073709551615ul>, lume::detail::ExecutionPolicy const&, lume::detail::ExecutionStats*, std::vector<unsigned int, std::allocator<unsigned int> >*)+0x2fde>
    23e0:	mov    rcx,QWORD PTR [rsp+0x210]
    23e8:	cmp    BYTE PTR [rcx+0x1],0x0
    23ec:	je     24ed <lume::detail::execute_cpu_reference_with_policy(lume::VerifiedProgram const&, std::span<lume::Buffer const, 18446744073709551615ul>, lume::detail::ExecutionPolicy const&, lume::detail::ExecutionStats*, std::vector<unsigned int, std::allocator<unsigned int> >*)+0xa8d>
    23f2:	lea    r13,[r15+0x1]
    23f6:	sub    rbp,r14
    23f9:	sar    rbp,0x4
    23fd:	cmp    r13,rbp
    2400:	jae    24ed <lume::detail::execute_cpu_reference_with_policy(lume::VerifiedProgram const&, std::span<lume::Buffer const, 18446744073709551615ul>, lume::detail::ExecutionPolicy const&, lume::detail::ExecutionStats*, std::vector<unsigned int, std::allocator<unsigned int> >*)+0xa8d>
    2406:	mov    rbx,r13
    2409:	shl    rbx,0x4
    240d:	cmp    BYTE PTR [r14+rbx*1],0x2
    2412:	jne    24ed <lume::detail::execute_cpu_reference_with_policy(lume::VerifiedProgram const&, std::span<lume::Buffer const, 18446744073709551615ul>, lume::detail::ExecutionPolicy const&, lume::detail::ExecutionStats*, std::vector<unsigned int, std::allocator<unsigned int> >*)+0xa8d>
    2418:	mov    ecx,DWORD PTR [r14+r12*1+0xc]
    241d:	mov    r10d,DWORD PTR [r14+rbx*1+0x4]
    2422:	cmp    r10d,ecx
    2425:	sete   r8b
    2429:	cmp    DWORD PTR [r14+rbx*1+0x8],ecx
    242e:	sete   r9b
    2432:	cmp    r8b,r9b
    2435:	je     24ed <lume::detail::execute_cpu_reference_with_policy(lume::VerifiedProgram const&, std::span<lume::Buffer const, 18446744073709551615ul>, lume::detail::ExecutionPolicy const&, lume::detail::ExecutionStats*, std::vector<unsigned int, std::allocator<unsigned int> >*)+0xa8d>
    243b:	xor    r8d,r8d
    243e:	cmp    r10d,ecx
    2441:	setne  BYTE PTR [rsp+0xa0]
    2449:	mov    r11,QWORD PTR [rsp+0x58]
    244e:	mov    r11d,DWORD PTR [r11+rcx*4]
    2452:	cmp    r11d,r13d
    2455:	jne    24ed <lume::detail::execute_cpu_reference_with_policy(lume::VerifiedProgram const&, std::span<lume::Buffer const, 18446744073709551615ul>, lume::detail::ExecutionPolicy const&, lume::detail::ExecutionStats*, std::vector<unsigned int, std::allocator<unsigned int> >*)+0xa8d>
    245b:	mov    QWORD PTR [rsp+0x208],r13
    2463:	mov    r9,r14
    2466:	lea    r13,[r14+rbx*1]
    246a:	add    r13,0x4
    246e:	mov    r14,QWORD PTR [rsp+0x210]
    2476:	cmp    BYTE PTR [r14],0x0
    247a:	je     3a2e <lume::detail::execute_cpu_reference_with_policy(lume::VerifiedProgram const&, std::span<lume::Buffer const, 18446744073709551615ul>, lume::detail::ExecutionPolicy const&, lume::detail::ExecutionStats*, std::vector<unsigned int, std::allocator<unsigned int> >*)+0x1fce>
    2480:	mov    rbp,QWORD PTR [rsp+0x1d0]
    2488:	lea    r14,[rsi+rsi*4]
    248c:	cmp    BYTE PTR [rbp+r14*8+0x20],0x0
    2492:	je     24a2 <lume::detail::execute_cpu_reference_with_policy(lume::VerifiedProgram const&, std::span<lume::Buffer const, 18446744073709551615ul>, lume::detail::ExecutionPolicy const&, lume::detail::ExecutionStats*, std::vector<unsigned int, std::allocator<unsigned int> >*)+0xa42>
    2494:	mov    r14,QWORD PTR [rsp+0x58]
    2499:	cmp    DWORD PTR [r14+rsi*4],r15d
    249d:	mov    r14,r9
    24a0:	je     24ed <lume::detail::execute_cpu_reference_with_policy(lume::VerifiedProgram const&, std::span<lume::Buffer const, 18446744073709551615ul>, lume::detail::ExecutionPolicy const&, lume::detail::ExecutionStats*, std::vector<unsigned int, std::allocator<unsigned int> >*)+0xa8d>
    24a2:	lea    r14,[rdi+rdi*4]
    24a6:	cmp    BYTE PTR [rbp+r14*8+0x20],0x0
    24ac:	je     24bc <lume::detail::execute_cpu_reference_with_policy(lume::VerifiedProgram const&, std::span<lume::Buffer const, 18446744073709551615ul>, lume::detail::ExecutionPolicy const&, lume::detail::ExecutionStats*, std::vector<unsigned int, std::allocator<unsigned int> >*)+0xa5c>
    24ae:	mov    r14,QWORD PTR [rsp+0x58]
    24b3:	cmp    DWORD PTR [r14+rdi*4],r15d
    24b7:	mov    r14,r9
    24ba:	je     24ed <lume::detail::execute_cpu_reference_with_policy(lume::VerifiedProgram const&, std::span<lume::Buffer const, 18446744073709551615ul>, lume::detail::ExecutionPolicy const&, lume::detail::ExecutionStats*, std::vector<unsigned int, std::allocator<unsigned int> >*)+0xa8d>
    24bc:	xor    r14d,r14d
    24bf:	cmp    r10d,ecx
    24c2:	sete   r14b
    24c6:	mov    ecx,DWORD PTR [r13+r14*4+0x0]
    24cb:	lea    r10,[rcx+rcx*4]
    24cf:	cmp    BYTE PTR [rbp+r10*8+0x20],0x0
    24d5:	je     3a3c <lume::detail::execute_cpu_reference_with_policy(lume::VerifiedProgram const&, std::span<lume::Buffer const, 18446744073709551615ul>, lume::detail::ExecutionPolicy const&, lume::detail::ExecutionStats*, std::vector<unsigned int, std::allocator<unsigned int> >*)+0x1fdc>
    24db:	mov    r10,QWORD PTR [rsp+0x58]
    24e0:	cmp    DWORD PTR [r10+rcx*4],r11d
    24e4:	mov    r14,r9
    24e7:	jne    3a3f <lume::detail::execute_cpu_reference_with_policy(lume::VerifiedProgram const&, std::span<lume::Buffer const, 18446744073709551615ul>, lume::detail::ExecutionPolicy const&, lume::detail::ExecutionStats*, std::vector<unsigned int, std::allocator<unsigned int> >*)+0x1fdf>
    24ed:	mov    rcx,QWORD PTR [rsp+0x210]
    24f5:	cmp    BYTE PTR [rcx],0x0
    24f8:	je     25b4 <lume::detail::execute_cpu_reference_with_policy(lume::VerifiedProgram const&, std::span<lume::Buffer const, 18446744073709551615ul>, lume::detail::ExecutionPolicy const&, lume::detail::ExecutionStats*, std::vector<unsigned int, std::allocator<unsigned int> >*)+0xb54>
    24fe:	mov    rcx,QWORD PTR [rsp+0x1d0]
    2506:	lea    r8,[rsi+rsi*4]
    250a:	cmp    BYTE PTR [rcx+r8*8+0x20],0x0
    2510:	je     251d <lume::detail::execute_cpu_reference_with_policy(lume::VerifiedProgram const&, std::span<lume::Buffer const, 18446744073709551615ul>, lume::detail::ExecutionPolicy const&, lume::detail::ExecutionStats*, std::vector<unsigned int, std::allocator<unsigned int> >*)+0xabd>
    2512:	mov    r8,QWORD PTR [rsp+0x58]
    2517:	cmp    DWORD PTR [r8+rsi*4],r15d
    251b:	je     2539 <lume::detail::execute_cpu_reference_with_policy(lume::VerifiedProgram const&, std::span<lume::Buffer const, 18446744073709551615ul>, lume::detail::ExecutionPolicy const&, lume::detail::ExecutionStats*, std::vector<unsigned int, std::allocator<unsigned int> >*)+0xad9>
    251d:	lea    rsi,[rdi+rdi*4]
    2521:	cmp    BYTE PTR [rcx+rsi*8+0x20],0x0
    2526:	je     25b4 <lume::detail::execute_cpu_reference_with_policy(lume::VerifiedProgram const&, std::span<lume::Buffer const, 18446744073709551615ul>, lume::detail::ExecutionPolicy const&, lume::detail::ExecutionStats*, std::vector<unsigned int, std::allocator<unsigned int> >*)+0xb54>
    252c:	mov    esi,edi
    252e:	mov    r8,QWORD PTR [rsp+0x58]
    2533:	cmp    DWORD PTR [r8+rdi*4],r15d
    2537:	jne    25b4 <lume::detail::execute_cpu_reference_with_policy(lume::VerifiedProgram const&, std::span<lume::Buffer const, 18446744073709551615ul>, lume::detail::ExecutionPolicy const&, lume::detail::ExecutionStats*, std::vector<unsigned int, std::allocator<unsigned int> >*)+0xb54>
    2539:	cmp    esi,0xffffffff
    253c:	je     25b4 <lume::detail::execute_cpu_reference_with_policy(lume::VerifiedProgram const&, std::span<lume::Buffer const, 18446744073709551615ul>, lume::detail::ExecutionPolicy const&, lume::detail::ExecutionStats*, std::vector<unsigned int, std::allocator<unsigned int> >*)+0xb54>
    253e:	mov    r13d,esi
    2541:	lea    rbp,[r13*4+0x0]
    2549:	add    rbp,r13
    254c:	lea    rsi,[rcx+rbp*8]
    2550:	cmp    rax,rsi
    2553:	je     255e <lume::detail::execute_cpu_reference_with_policy(lume::VerifiedProgram const&, std::span<lume::Buffer const, 18446744073709551615ul>, lume::detail::ExecutionPolicy const&, lume::detail::ExecutionStats*, std::vector<unsigned int, std::allocator<unsigned int> >*)+0xafe>
    2555:	cmp    rdx,rsi
    2558:	jne    4e11 <lume::detail::execute_cpu_reference_with_policy(lume::VerifiedProgram const&, std::span<lume::Buffer const, 18446744073709551615ul>, lume::detail::ExecutionPolicy const&, lume::detail::ExecutionStats*, std::vector<unsigned int, std::allocator<unsigned int> >*)+0x33b1>
    255e:	xor    edi,edi
    2560:	cmp    rax,rsi
    2563:	setne  dil
    2567:	mov    r9,rdx
    256a:	cmovne r9,rax
    256e:	cmp    rdx,rsi
    2571:	mov    r8d,0x2
    2577:	cmovne r8d,edi
    257b:	cmp    rax,rsi
    257e:	cmovne r8d,edi
    2582:	movzx  eax,BYTE PTR [r9+0x18]
    2587:	cmp    rax,0x3
    258b:	ja     4e11 <lume::detail::execute_cpu_reference_with_policy(lume::VerifiedProgram const&, std::span<lume::Buffer const, 18446744073709551615ul>, lume::detail::ExecutionPolicy const&, lume::detail::ExecutionStats*, std::vector<unsigned int, std::allocator<unsigned int> >*)+0x33b1>
    2591:	lea    rdx,[rip+0x0]        # 2598 <lume::detail::execute_cpu_reference_with_policy(lume::VerifiedProgram const&, std::span<lume::Buffer const, 18446744073709551615ul>, lume::detail::ExecutionPolicy const&, lume::detail::ExecutionStats*, std::vector<unsigned int, std::allocator<unsigned int> >*)+0xb38>
    2598:	movsxd rax,DWORD PTR [rdx+rax*4]
    259c:	add    rax,rdx
    259f:	jmp    rax
    25a1:	mov    rdi,QWORD PTR [r9]
    25a4:	mov    rax,QWORD PTR [r9+0x8]
    25a8:	sub    rax,rdi
    25ab:	sar    rax,0x2
    25af:	jmp    30a7 <lume::detail::execute_cpu_reference_with_policy(lume::VerifiedProgram const&, std::span<lume::Buffer const, 18446744073709551615ul>, lume::detail::ExecutionPolicy const&, lume::detail::ExecutionStats*, std::vector<unsigned int, std::allocator<unsigned int> >*)+0x1647>
    25b4:	movzx  ecx,BYTE PTR [rax+0x18]
    25b8:	cmp    rcx,0x3
    25bc:	ja     2a48 <lume::detail::execute_cpu_reference_with_policy(lume::VerifiedProgram const&, std::span<lume::Buffer const, 18446744073709551615ul>, lume::detail::ExecutionPolicy const&, lume::detail::ExecutionStats*, std::vector<unsigned int, std::allocator<unsigned int> >*)+0xfe8>
    25c2:	lea    rsi,[rip+0x0]        # 25c9 <lume::detail::execute_cpu_reference_with_policy(lume::VerifiedProgram const&, std::span<lume::Buffer const, 18446744073709551615ul>, lume::detail::ExecutionPolicy const&, lume::detail::ExecutionStats*, std::vector<unsigned int, std::allocator<unsigned int> >*)+0xb69>
    25c9:	movsxd rcx,DWORD PTR [rsi+rcx*4]
    25cd:	add    rcx,rsi
    25d0:	jmp    rcx
    25d2:	mov    rbx,QWORD PTR [rax]
    25d5:	mov    rbp,QWORD PTR [rax+0x8]
    25d9:	sub    rbp,rbx
    25dc:	sar    rbp,0x2
    25e0:	movzx  eax,BYTE PTR [rdx+0x18]
    25e4:	cmp    eax,0x2
    25e7:	jne    27ec <lume::detail::execute_cpu_reference_with_policy(lume::VerifiedProgram const&, std::span<lume::Buffer const, 18446744073709551615ul>, lume::detail::ExecutionPolicy const&, lume::detail::ExecutionStats*, std::vector<unsigned int, std::allocator<unsigned int> >*)+0xd8c>
    25ed:	mov    r13,QWORD PTR [rdx]
    25f0:	mov    rax,QWORD PTR [rdx+0x8]
    25f4:	cmp    rbp,rax
    25f7:	je     280b <lume::detail::execute_cpu_reference_with_policy(lume::VerifiedProgram const&, std::span<lume::Buffer const, 18446744073709551615ul>, lume::detail::ExecutionPolicy const&, lume::detail::ExecutionStats*, std::vector<unsigned int, std::allocator<unsigned int> >*)+0xdab>
    25fd:	jmp    2a48 <lume::detail::execute_cpu_reference_with_policy(lume::VerifiedProgram const&, std::span<lume::Buffer const, 18446744073709551615ul>, lume::detail::ExecutionPolicy const&, lume::detail::ExecutionStats*, std::vector<unsigned int, std::allocator<unsigned int> >*)+0xfe8>
    2602:	lea    rdi,[rsp+0x260]
    260a:	mov    rsi,rbp
    260d:	mov    rdx,r12
    2610:	call   2615 <lume::detail::execute_cpu_reference_with_policy(lume::VerifiedProgram const&, std::span<lume::Buffer const, 18446744073709551615ul>, lume::detail::ExecutionPolicy const&, lume::detail::ExecutionStats*, std::vector<unsigned int, std::allocator<unsigned int> >*)+0xbb5>
    2615:	cmp    BYTE PTR [r12+0x20],0x0
    261b:	mov    BYTE PTR [r12+0x20],0x0
    2621:	jne    273b <lume::detail::execute_cpu_reference_with_policy(lume::VerifiedProgram const&, std::span<lume::Buffer const, 18446744073709551615ul>, lume::detail::ExecutionPolicy const&, lume::detail::ExecutionStats*, std::vector<unsigned int, std::allocator<unsigned int> >*)+0xcdb>
    2627:	jmp    2782 <lume::detail::execute_cpu_reference_with_policy(lume::VerifiedProgram const&, std::span<lume::Buffer const, 18446744073709551615ul>, lume::detail::ExecutionPolicy const&, lume::detail::ExecutionStats*, std::vector<unsigned int, std::allocator<unsigned int> >*)+0xd22>
    262c:	xor    esi,esi
    262e:	add    rax,r14
    2631:	add    rax,0x4
    2635:	mov    eax,DWORD PTR [rax+0x4]
    2638:	cmp    QWORD PTR [rsp+0x70],rax
    263d:	jbe    23c7 <lume::detail::execute_cpu_reference_with_policy(lume::VerifiedProgram const&, std::span<lume::Buffer const, 18446744073709551615ul>, lume::detail::ExecutionPolicy const&, lume::detail::ExecutionStats*, std::vector<unsigned int, std::allocator<unsigned int> >*)+0x967>
    2643:	mov    rdx,QWORD PTR [rsp+0x50]
    2648:	mov    rdx,QWORD PTR [rdx+rax*8]
    264c:	xor    eax,eax
    264e:	test   r9b,r9b
    2651:	setne  al
    2654:	mov    eax,DWORD PTR [rcx+rax*4]
    2657:	cmp    QWORD PTR [rsp+0x70],rax
    265c:	jbe    4a61 <lume::detail::execute_cpu_reference_with_policy(lume::VerifiedProgram const&, std::span<lume::Buffer const, 18446744073709551615ul>, lume::detail::ExecutionPolicy const&, lume::detail::ExecutionStats*, std::vector<unsigned int, std::allocator<unsigned int> >*)+0x3001>
    2662:	test   rsi,rsi
    2665:	je     4a61 <lume::detail::execute_cpu_reference_with_policy(lume::VerifiedProgram const&, std::span<lume::Buffer const, 18446744073709551615ul>, lume::detail::ExecutionPolicy const&, lume::detail::ExecutionStats*, std::vector<unsigned int, std::allocator<unsigned int> >*)+0x3001>
    266b:	test   rdx,rdx
    266e:	je     4a61 <lume::detail::execute_cpu_reference_with_policy(lume::VerifiedProgram const&, std::span<lume::Buffer const, 18446744073709551615ul>, lume::detail::ExecutionPolicy const&, lume::detail::ExecutionStats*, std::vector<unsigned int, std::allocator<unsigned int> >*)+0x3001>
    2674:	mov    rcx,QWORD PTR [rsp+0x50]
    2679:	mov    rcx,QWORD PTR [rcx+rax*8]
    267d:	test   rcx,rcx
    2680:	je     4a61 <lume::detail::execute_cpu_reference_with_policy(lume::VerifiedProgram const&, std::span<lume::Buffer const, 18446744073709551615ul>, lume::detail::ExecutionPolicy const&, lume::detail::ExecutionStats*, std::vector<unsigned int, std::allocator<unsigned int> >*)+0x3001>
    2686:	xor    r8d,r8d
    2689:	test   r9b,r9b
    268c:	sete   r8b
    2690:	lea    rdi,[rsp+0xb0]
    2698:	call   6d80 <lume::(anonymous namespace)::add_add_buffers(lume::Buffer const&, lume::Buffer const&, lume::Buffer const&, bool)>
    269d:	cmp    BYTE PTR [rsp+0xd0],0x0
    26a5:	je     27a8 <lume::detail::execute_cpu_reference_with_policy(lume::VerifiedProgram const&, std::span<lume::Buffer const, 18446744073709551615ul>, lume::detail::ExecutionPolicy const&, lume::detail::ExecutionStats*, std::vector<unsigned int, std::allocator<unsigned int> >*)+0xd48>
    26ab:	lea    rbx,[r14+r12*1]
    26af:	add    rbx,0xc
    26b3:	mov    eax,DWORD PTR [rbx]
    26b5:	lea    rdi,[rax+rax*4]
    26b9:	shl    rdi,0x3
    26bd:	add    rdi,QWORD PTR [rsp+0x1d0]
    26c5:	lea    rsi,[rsp+0xb0]
    26cd:	call   26d2 <lume::detail::execute_cpu_reference_with_policy(lume::VerifiedProgram const&, std::span<lume::Buffer const, 18446744073709551615ul>, lume::detail::ExecutionPolicy const&, lume::detail::ExecutionStats*, std::vector<unsigned int, std::allocator<unsigned int> >*)+0xc72>
    26d2:	mov    eax,DWORD PTR [rbx]
    26d4:	lea    rcx,[rax+rax*4]
    26d8:	shl    rcx,0x3
    26dc:	add    rcx,QWORD PTR [rsp+0x1d0]
    26e4:	mov    rdx,QWORD PTR [rsp+0x50]
    26e9:	mov    QWORD PTR [rdx+rax*8],rcx
    26ed:	mov    ebx,0x19
    26f2:	mov    rax,QWORD PTR [rsp+0xd8]
    26fa:	test   rax,rax
    26fd:	je     39d8 <lume::detail::execute_cpu_reference_with_policy(lume::VerifiedProgram const&, std::span<lume::Buffer const, 18446744073709551615ul>, lume::detail::ExecutionPolicy const&, lume::detail::ExecutionStats*, std::vector<unsigned int, std::allocator<unsigned int> >*)+0x1f78>
    2703:	inc    DWORD PTR [rax]
    2705:	inc    DWORD PTR [rax+0x14]
    2708:	jmp    39d8 <lume::detail::execute_cpu_reference_with_policy(lume::VerifiedProgram const&, std::span<lume::Buffer const, 18446744073709551615ul>, lume::detail::ExecutionPolicy const&, lume::detail::ExecutionStats*, std::vector<unsigned int, std::allocator<unsigned int> >*)+0x1f78>
    270d:	movdqu xmm0,XMMWORD PTR [r12]
    2713:	mov    QWORD PTR [r12+0x8],0x0
    271c:	movdqu XMMWORD PTR [rbp+0x0],xmm0
    2721:	mov    QWORD PTR [r12],0x0
    2729:	mov    BYTE PTR [rbp+0x18],al
    272c:	add    QWORD PTR [rsp+0x268],0x20
    2735:	mov    BYTE PTR [r12+0x20],0x0
    273b:	movzx  eax,BYTE PTR [r12+0x18]
    2741:	cmp    eax,0xff
    2746:	je     2782 <lume::detail::execute_cpu_reference_with_policy(lume::VerifiedProgram const&, std::span<lume::Buffer const, 18446744073709551615ul>, lume::detail::ExecutionPolicy const&, lume::detail::ExecutionStats*, std::vector<unsigned int, std::allocator<unsigned int> >*)+0xd22>
    2748:	mov    rdi,QWORD PTR [r12]
    274c:	mov    eax,eax
    274e:	lea    rcx,[rip+0x0]        # 2755 <lume::detail::execute_cpu_reference_with_policy(lume::VerifiedProgram const&, std::span<lume::Buffer const, 18446744073709551615ul>, lume::detail::ExecutionPolicy const&, lume::detail::ExecutionStats*, std::vector<unsigned int, std::allocator<unsigned int> >*)+0xcf5>
    2755:	movsxd rax,DWORD PTR [rcx+rax*4]
    2759:	add    rax,rcx
    275c:	jmp    rax
    275e:	test   rdi,rdi
    2761:	je     277c <lume::detail::execute_cpu_reference_with_policy(lume::VerifiedProgram const&, std::span<lume::Buffer const, 18446744073709551615ul>, lume::detail::ExecutionPolicy const&, lume::detail::ExecutionStats*, std::vector<unsigned int, std::allocator<unsigned int> >*)+0xd1c>
    2763:	call   2768 <lume::detail::execute_cpu_reference_with_policy(lume::VerifiedProgram const&, std::span<lume::Buffer const, 18446744073709551615ul>, lume::detail::ExecutionPolicy const&, lume::detail::ExecutionStats*, std::vector<unsigned int, std::allocator<unsigned int> >*)+0xd08>
    2768:	jmp    277c <lume::detail::execute_cpu_reference_with_policy(lume::VerifiedProgram const&, std::span<lume::Buffer const, 18446744073709551615ul>, lume::detail::ExecutionPolicy const&, lume::detail::ExecutionStats*, std::vector<unsigned int, std::allocator<unsigned int> >*)+0xd1c>
    276a:	test   rdi,rdi
    276d:	je     2774 <lume::detail::execute_cpu_reference_with_policy(lume::VerifiedProgram const&, std::span<lume::Buffer const, 18446744073709551615ul>, lume::detail::ExecutionPolicy const&, lume::detail::ExecutionStats*, std::vector<unsigned int, std::allocator<unsigned int> >*)+0xd14>
    276f:	call   2774 <lume::detail::execute_cpu_reference_with_policy(lume::VerifiedProgram const&, std::span<lume::Buffer const, 18446744073709551615ul>, lume::detail::ExecutionPolicy const&, lume::detail::ExecutionStats*, std::vector<unsigned int, std::allocator<unsigned int> >*)+0xd14>
    2774:	mov    QWORD PTR [r12],0x0
    277c:	mov    BYTE PTR [r12+0x18],0xff
    2782:	mov    rax,QWORD PTR [rsp+0x50]
    2787:	mov    QWORD PTR [rax+rbx*8],0x0
    278f:	mov    rax,QWORD PTR [rsp+0xd8]
    2797:	test   rax,rax
    279a:	je     2110 <lume::detail::execute_cpu_reference_with_policy(lume::VerifiedProgram const&, std::span<lume::Buffer const, 18446744073709551615ul>, lume::detail::ExecutionPolicy const&, lume::detail::ExecutionStats*, std::vector<unsigned int, std::allocator<unsigned int> >*)+0x6b0>
    27a0:	inc    DWORD PTR [rax+0xc]
    27a3:	jmp    2110 <lume::detail::execute_cpu_reference_with_policy(lume::VerifiedProgram const&, std::span<lume::Buffer const, 18446744073709551615ul>, lume::detail::ExecutionPolicy const&, lume::detail::ExecutionStats*, std::vector<unsigned int, std::allocator<unsigned int> >*)+0x6b0>
    27a8:	cmp    r15,0xa
    27ac:	jae    2ae7 <lume::detail::execute_cpu_reference_with_policy(lume::VerifiedProgram const&, std::span<lume::Buffer const, 18446744073709551615ul>, lume::detail::ExecutionPolicy const&, lume::detail::ExecutionStats*, std::vector<unsigned int, std::allocator<unsigned int> >*)+0x1087>
    27b2:	lea    rax,[rsp+0x90]
    27ba:	mov    QWORD PTR [rsp+0x80],rax
    27c2:	mov    BYTE PTR [rsp+0x90],0x0
    27ca:	mov    r12d,0x1
    27d0:	mov    r14,rax
    27d3:	jmp    3513 <lume::detail::execute_cpu_reference_with_policy(lume::VerifiedProgram const&, std::span<lume::Buffer const, 18446744073709551615ul>, lume::detail::ExecutionPolicy const&, lume::detail::ExecutionStats*, std::vector<unsigned int, std::allocator<unsigned int> >*)+0x1ab3>
    27d8:	mov    rbx,QWORD PTR [rax]
    27db:	mov    rbp,QWORD PTR [rax+0x8]
    27df:	movzx  eax,BYTE PTR [rdx+0x18]
    27e3:	cmp    eax,0x2
    27e6:	je     25ed <lume::detail::execute_cpu_reference_with_policy(lume::VerifiedProgram const&, std::span<lume::Buffer const, 18446744073709551615ul>, lume::detail::ExecutionPolicy const&, lume::detail::ExecutionStats*, std::vector<unsigned int, std::allocator<unsigned int> >*)+0xb8d>
    27ec:	test   eax,eax
    27ee:	jne    2a48 <lume::detail::execute_cpu_reference_with_policy(lume::VerifiedProgram const&, std::span<lume::Buffer const, 18446744073709551615ul>, lume::detail::ExecutionPolicy const&, lume::detail::ExecutionStats*, std::vector<unsigned int, std::allocator<unsigned int> >*)+0xfe8>
    27f4:	mov    r13,QWORD PTR [rdx]
    27f7:	mov    rax,QWORD PTR [rdx+0x8]
    27fb:	sub    rax,r13
    27fe:	sar    rax,0x2
    2802:	cmp    rbp,rax
    2805:	jne    2a48 <lume::detail::execute_cpu_reference_with_policy(lume::VerifiedProgram const&, std::span<lume::Buffer const, 18446744073709551615ul>, lume::detail::ExecutionPolicy const&, lume::detail::ExecutionStats*, std::vector<unsigned int, std::allocator<unsigned int> >*)+0xfe8>
    280b:	mov    rax,rbp
    280e:	shr    rax,0x3e
    2812:	lea    rcx,[rbp*4+0x0]
    281a:	neg    rax
    281d:	mov    edi,0x0
    2822:	sbb    rdi,rdi
    2825:	or     rdi,rcx
    2828:	call   282d <lume::detail::execute_cpu_reference_with_policy(lume::VerifiedProgram const&, std::span<lume::Buffer const, 18446744073709551615ul>, lume::detail::ExecutionPolicy const&, lume::detail::ExecutionStats*, std::vector<unsigned int, std::allocator<unsigned int> >*)+0xdcd>
    282d:	mov    cl,0x2
    282f:	test   rbp,rbp
    2832:	je     2b4e <lume::detail::execute_cpu_reference_with_policy(lume::VerifiedProgram const&, std::span<lume::Buffer const, 18446744073709551615ul>, lume::detail::ExecutionPolicy const&, lume::detail::ExecutionStats*, std::vector<unsigned int, std::allocator<unsigned int> >*)+0x10ee>
    2838:	cmp    rbp,0x8
    283c:	jae    325f <lume::detail::execute_cpu_reference_with_policy(lume::VerifiedProgram const&, std::span<lume::Buffer const, 18446744073709551615ul>, lume::detail::ExecutionPolicy const&, lume::detail::ExecutionStats*, std::vector<unsigned int, std::allocator<unsigned int> >*)+0x17ff>
    2842:	xor    edx,edx
    2844:	mov    rdi,rbp
    2847:	mov    rsi,rdx
    284a:	and    rdi,0x3
    284e:	je     2879 <lume::detail::execute_cpu_reference_with_policy(lume::VerifiedProgram const&, std::span<lume::Buffer const, 18446744073709551615ul>, lume::detail::ExecutionPolicy const&, lume::detail::ExecutionStats*, std::vector<unsigned int, std::allocator<unsigned int> >*)+0xe19>
    2850:	mov    rsi,rdx
    2853:	data16 data16 data16 cs nop WORD PTR [rax+rax*1+0x0]
    2860:	movss  xmm0,DWORD PTR [rbx+rsi*4]
    2865:	addss  xmm0,DWORD PTR [r13+rsi*4+0x0]
    286c:	movss  DWORD PTR [rax+rsi*4],xmm0
    2871:	inc    rsi
    2874:	dec    rdi
    2877:	jne    2860 <lume::detail::execute_cpu_reference_with_policy(lume::VerifiedProgram const&, std::span<lume::Buffer const, 18446744073709551615ul>, lume::detail::ExecutionPolicy const&, lume::detail::ExecutionStats*, std::vector<unsigned int, std::allocator<unsigned int> >*)+0xe00>
    2879:	sub    rdx,rbp
    287c:	cmp    rdx,0xfffffffffffffffc
    2880:	ja     2b50 <lume::detail::execute_cpu_reference_with_policy(lume::VerifiedProgram const&, std::span<lume::Buffer const, 18446744073709551615ul>, lume::detail::ExecutionPolicy const&, lume::detail::ExecutionStats*, std::vector<unsigned int, std::allocator<unsigned int> >*)+0x10f0>
    2886:	mov    rdx,rbp
    2889:	sub    rdx,rsi
    288c:	lea    rdi,[rax+rsi*4]
    2890:	add    rdi,0xc
    2894:	lea    r8,[rsi*4+0xc]
    289c:	add    r8,r13
    289f:	lea    rsi,[rbx+rsi*4]
    28a3:	add    rsi,0xc
    28a7:	xor    r9d,r9d
    28aa:	movss  xmm0,DWORD PTR [rsi+r9*4-0xc]
    28b1:	addss  xmm0,DWORD PTR [r8+r9*4-0xc]
    28b8:	movss  DWORD PTR [rdi+r9*4-0xc],xmm0
    28bf:	movss  xmm0,DWORD PTR [rsi+r9*4-0x8]
    28c6:	addss  xmm0,DWORD PTR [r8+r9*4-0x8]
    28cd:	movss  DWORD PTR [rdi+r9*4-0x8],xmm0
    28d4:	movss  xmm0,DWORD PTR [rsi+r9*4-0x4]
    28db:	addss  xmm0,DWORD PTR [r8+r9*4-0x4]
    28e2:	movss  DWORD PTR [rdi+r9*4-0x4],xmm0
    28e9:	movss  xmm0,DWORD PTR [rsi+r9*4]
    28ef:	addss  xmm0,DWORD PTR [r8+r9*4]
    28f5:	movss  DWORD PTR [rdi+r9*4],xmm0
    28fb:	add    r9,0x4
    28ff:	cmp    rdx,r9
    2902:	jne    28aa <lume::detail::execute_cpu_reference_with_policy(lume::VerifiedProgram const&, std::span<lume::Buffer const, 18446744073709551615ul>, lume::detail::ExecutionPolicy const&, lume::detail::ExecutionStats*, std::vector<unsigned int, std::allocator<unsigned int> >*)+0xe4a>
    2904:	jmp    2b50 <lume::detail::execute_cpu_reference_with_policy(lume::VerifiedProgram const&, std::span<lume::Buffer const, 18446744073709551615ul>, lume::detail::ExecutionPolicy const&, lume::detail::ExecutionStats*, std::vector<unsigned int, std::allocator<unsigned int> >*)+0x10f0>
    2909:	mov    rbx,QWORD PTR [rax]
    290c:	mov    rbp,QWORD PTR [rax+0x8]
    2910:	movzx  eax,BYTE PTR [rdx+0x18]
    2914:	cmp    eax,0x3
    2917:	je     2a38 <lume::detail::execute_cpu_reference_with_policy(lume::VerifiedProgram const&, std::span<lume::Buffer const, 18446744073709551615ul>, lume::detail::ExecutionPolicy const&, lume::detail::ExecutionStats*, std::vector<unsigned int, std::allocator<unsigned int> >*)+0xfd8>
    291d:	cmp    eax,0x1
    2920:	jne    2a48 <lume::detail::execute_cpu_reference_with_policy(lume::VerifiedProgram const&, std::span<lume::Buffer const, 18446744073709551615ul>, lume::detail::ExecutionPolicy const&, lume::detail::ExecutionStats*, std::vector<unsigned int, std::allocator<unsigned int> >*)+0xfe8>
    2926:	mov    r13,QWORD PTR [rdx]
    2929:	mov    rax,QWORD PTR [rdx+0x8]
    292d:	sub    rax,r13
    2930:	sar    rax,0x2
    2934:	cmp    rbp,rax
    2937:	jne    2a48 <lume::detail::execute_cpu_reference_with_policy(lume::VerifiedProgram const&, std::span<lume::Buffer const, 18446744073709551615ul>, lume::detail::ExecutionPolicy const&, lume::detail::ExecutionStats*, std::vector<unsigned int, std::allocator<unsigned int> >*)+0xfe8>
    293d:	mov    rax,rbp
    2940:	shr    rax,0x3e
    2944:	lea    rcx,[rbp*4+0x0]
    294c:	neg    rax
    294f:	mov    edi,0x0
    2954:	sbb    rdi,rdi
    2957:	or     rdi,rcx
    295a:	call   295f <lume::detail::execute_cpu_reference_with_policy(lume::VerifiedProgram const&, std::span<lume::Buffer const, 18446744073709551615ul>, lume::detail::ExecutionPolicy const&, lume::detail::ExecutionStats*, std::vector<unsigned int, std::allocator<unsigned int> >*)+0xeff>
    295f:	mov    cl,0x3
    2961:	test   rbp,rbp
    2964:	je     2b4e <lume::detail::execute_cpu_reference_with_policy(lume::VerifiedProgram const&, std::span<lume::Buffer const, 18446744073709551615ul>, lume::detail::ExecutionPolicy const&, lume::detail::ExecutionStats*, std::vector<unsigned int, std::allocator<unsigned int> >*)+0x10ee>
    296a:	cmp    rbp,0x8
    296e:	jae    32c8 <lume::detail::execute_cpu_reference_with_policy(lume::VerifiedProgram const&, std::span<lume::Buffer const, 18446744073709551615ul>, lume::detail::ExecutionPolicy const&, lume::detail::ExecutionStats*, std::vector<unsigned int, std::allocator<unsigned int> >*)+0x1868>
    2974:	xor    edx,edx
    2976:	mov    rdi,rbp
    2979:	mov    rsi,rdx
    297c:	and    rdi,0x3
    2980:	je     29a5 <lume::detail::execute_cpu_reference_with_policy(lume::VerifiedProgram const&, std::span<lume::Buffer const, 18446744073709551615ul>, lume::detail::ExecutionPolicy const&, lume::detail::ExecutionStats*, std::vector<unsigned int, std::allocator<unsigned int> >*)+0xf45>
    2982:	mov    rsi,rdx
    2985:	data16 cs nop WORD PTR [rax+rax*1+0x0]
    2990:	mov    r8d,DWORD PTR [r13+rsi*4+0x0]
    2995:	add    r8d,DWORD PTR [rbx+rsi*4]
    2999:	mov    DWORD PTR [rax+rsi*4],r8d
    299d:	inc    rsi
    29a0:	dec    rdi
    29a3:	jne    2990 <lume::detail::execute_cpu_reference_with_policy(lume::VerifiedProgram const&, std::span<lume::Buffer const, 18446744073709551615ul>, lume::detail::ExecutionPolicy const&, lume::detail::ExecutionStats*, std::vector<unsigned int, std::allocator<unsigned int> >*)+0xf30>
    29a5:	sub    rdx,rbp
    29a8:	cmp    rdx,0xfffffffffffffffc
    29ac:	ja     2b50 <lume::detail::execute_cpu_reference_with_policy(lume::VerifiedProgram const&, std::span<lume::Buffer const, 18446744073709551615ul>, lume::detail::ExecutionPolicy const&, lume::detail::ExecutionStats*, std::vector<unsigned int, std::allocator<unsigned int> >*)+0x10f0>
    29b2:	mov    rdx,rbp
    29b5:	sub    rdx,rsi
    29b8:	lea    rdi,[rax+rsi*4]
    29bc:	add    rdi,0xc
    29c0:	lea    r8,[rsi*4+0xc]
    29c8:	add    r8,r13
    29cb:	lea    rsi,[rbx+rsi*4]
    29cf:	add    rsi,0xc
    29d3:	xor    r9d,r9d
    29d6:	mov    r10d,DWORD PTR [r8+r9*4-0xc]
    29db:	add    r10d,DWORD PTR [rsi+r9*4-0xc]
    29e0:	mov    DWORD PTR [rdi+r9*4-0xc],r10d
    29e5:	mov    r10d,DWORD PTR [r8+r9*4-0x8]
    29ea:	add    r10d,DWORD PTR [rsi+r9*4-0x8]
    29ef:	mov    DWORD PTR [rdi+r9*4-0x8],r10d
    29f4:	mov    r10d,DWORD PTR [r8+r9*4-0x4]
    29f9:	add    r10d,DWORD PTR [rsi+r9*4-0x4]
    29fe:	mov    DWORD PTR [rdi+r9*4-0x4],r10d
    2a03:	mov    r10d,DWORD PTR [r8+r9*4]
    2a07:	add    r10d,DWORD PTR [rsi+r9*4]
    2a0b:	mov    DWORD PTR [rdi+r9*4],r10d
    2a0f:	add    r9,0x4
    2a13:	cmp    rdx,r9
    2a16:	jne    29d6 <lume::detail::execute_cpu_reference_with_policy(lume::VerifiedProgram const&, std::span<lume::Buffer const, 18446744073709551615ul>, lume::detail::ExecutionPolicy const&, lume::detail::ExecutionStats*, std::vector<unsigned int, std::allocator<unsigned int> >*)+0xf76>
    2a18:	jmp    2b50 <lume::detail::execute_cpu_reference_with_policy(lume::VerifiedProgram const&, std::span<lume::Buffer const, 18446744073709551615ul>, lume::detail::ExecutionPolicy const&, lume::detail::ExecutionStats*, std::vector<unsigned int, std::allocator<unsigned int> >*)+0x10f0>
    2a1d:	mov    rbx,QWORD PTR [rax]
    2a20:	mov    rbp,QWORD PTR [rax+0x8]
    2a24:	sub    rbp,rbx
    2a27:	sar    rbp,0x2
    2a2b:	movzx  eax,BYTE PTR [rdx+0x18]
    2a2f:	cmp    eax,0x3
    2a32:	jne    291d <lume::detail::execute_cpu_reference_with_policy(lume::VerifiedProgram const&, std::span<lume::Buffer const, 18446744073709551615ul>, lume::detail::ExecutionPolicy const&, lume::detail::ExecutionStats*, std::vector<unsigned int, std::allocator<unsigned int> >*)+0xebd>
    2a38:	mov    r13,QWORD PTR [rdx]
    2a3b:	mov    rax,QWORD PTR [rdx+0x8]
    2a3f:	cmp    rbp,rax
    2a42:	je     293d <lume::detail::execute_cpu_reference_with_policy(lume::VerifiedProgram const&, std::span<lume::Buffer const, 18446744073709551615ul>, lume::detail::ExecutionPolicy const&, lume::detail::ExecutionStats*, std::vector<unsigned int, std::allocator<unsigned int> >*)+0xedd>
    2a48:	mov    BYTE PTR [rsp+0xd0],0x0
    2a50:	cmp    r15,0xa
    2a54:	jae    2a7c <lume::detail::execute_cpu_reference_with_policy(lume::VerifiedProgram const&, std::span<lume::Buffer const, 18446744073709551615ul>, lume::detail::ExecutionPolicy const&, lume::detail::ExecutionStats*, std::vector<unsigned int, std::allocator<unsigned int> >*)+0x101c>
    2a56:	lea    rax,[rsp+0x90]
    2a5e:	mov    QWORD PTR [rsp+0x80],rax
    2a66:	mov    BYTE PTR [rsp+0x90],0x0
    2a6e:	mov    r12d,0x1
    2a74:	mov    r14,rax
    2a77:	jmp    2c21 <lume::detail::execute_cpu_reference_with_policy(lume::VerifiedProgram const&, std::span<lume::Buffer const, 18446744073709551615ul>, lume::detail::ExecutionPolicy const&, lume::detail::ExecutionStats*, std::vector<unsigned int, std::allocator<unsigned int> >*)+0x11c1>
    2a7c:	mov    esi,0x4
    2a81:	mov    rcx,r15
    2a84:	lea    rax,[rsp+0x90]
    2a8c:	nop    DWORD PTR [rax+0x0]
    2a90:	cmp    rcx,0x63
    2a94:	jbe    2bc8 <lume::detail::execute_cpu_reference_with_policy(lume::VerifiedProgram const&, std::span<lume::Buffer const, 18446744073709551615ul>, lume::detail::ExecutionPolicy const&, lume::detail::ExecutionStats*, std::vector<unsigned int, std::allocator<unsigned int> >*)+0x1168>
    2a9a:	cmp    rcx,0x3e7
    2aa1:	jbe    2bcd <lume::detail::execute_cpu_reference_with_policy(lume::VerifiedProgram const&, std::span<lume::Buffer const, 18446744073709551615ul>, lume::detail::ExecutionPolicy const&, lume::detail::ExecutionStats*, std::vector<unsigned int, std::allocator<unsigned int> >*)+0x116d>
    2aa7:	cmp    rcx,0x2710
    2aae:	jb     2bcf <lume::detail::execute_cpu_reference_with_policy(lume::VerifiedProgram const&, std::span<lume::Buffer const, 18446744073709551615ul>, lume::detail::ExecutionPolicy const&, lume::detail::ExecutionStats*, std::vector<unsigned int, std::allocator<unsigned int> >*)+0x116f>
    2ab4:	mov    rax,rcx
    2ab7:	movabs rdx,0x346dc5d63886594b
    2ac1:	mul    rdx
    2ac4:	lea    rax,[rsp+0x90]
    2acc:	shr    rdx,0xb
    2ad0:	add    esi,0x4
    2ad3:	cmp    rcx,0x1869f
    2ada:	mov    rcx,rdx
    2add:	ja     2a90 <lume::detail::execute_cpu_reference_with_policy(lume::VerifiedProgram const&, std::span<lume::Buffer const, 18446744073709551615ul>, lume::detail::ExecutionPolicy const&, lume::detail::ExecutionStats*, std::vector<unsigned int, std::allocator<unsigned int> >*)+0x1030>
    2adf:	add    esi,0xfffffffd
    2ae2:	jmp    2bcf <lume::detail::execute_cpu_reference_with_policy(lume::VerifiedProgram const&, std::span<lume::Buffer const, 18446744073709551615ul>, lume::detail::ExecutionPolicy const&, lume::detail::ExecutionStats*, std::vector<unsigned int, std::allocator<unsigned int> >*)+0x116f>
    2ae7:	mov    esi,0x4
    2aec:	mov    rcx,r15
    2aef:	lea    rax,[rsp+0x90]
    2af7:	cmp    rcx,0x63
    2afb:	jbe    34ba <lume::detail::execute_cpu_reference_with_policy(lume::VerifiedProgram const&, std::span<lume::Buffer const, 18446744073709551615ul>, lume::detail::ExecutionPolicy const&, lume::detail::ExecutionStats*, std::vector<unsigned int, std::allocator<unsigned int> >*)+0x1a5a>
    2b01:	cmp    rcx,0x3e7
    2b08:	jbe    34bf <lume::detail::execute_cpu_reference_with_policy(lume::VerifiedProgram const&, std::span<lume::Buffer const, 18446744073709551615ul>, lume::detail::ExecutionPolicy const&, lume::detail::ExecutionStats*, std::vector<unsigned int, std::allocator<unsigned int> >*)+0x1a5f>
    2b0e:	cmp    rcx,0x2710
    2b15:	jb     34c1 <lume::detail::execute_cpu_reference_with_policy(lume::VerifiedProgram const&, std::span<lume::Buffer const, 18446744073709551615ul>, lume::detail::ExecutionPolicy const&, lume::detail::ExecutionStats*, std::vector<unsigned int, std::allocator<unsigned int> >*)+0x1a61>
    2b1b:	mov    rax,rcx
    2b1e:	movabs rdx,0x346dc5d63886594b
    2b28:	mul    rdx
    2b2b:	lea    rax,[rsp+0x90]
    2b33:	shr    rdx,0xb
    2b37:	add    esi,0x4
    2b3a:	cmp    rcx,0x1869f
    2b41:	mov    rcx,rdx
    2b44:	ja     2af7 <lume::detail::execute_cpu_reference_with_policy(lume::VerifiedProgram const&, std::span<lume::Buffer const, 18446744073709551615ul>, lume::detail::ExecutionPolicy const&, lume::detail::ExecutionStats*, std::vector<unsigned int, std::allocator<unsigned int> >*)+0x1097>
    2b46:	add    esi,0xfffffffd
    2b49:	jmp    34c1 <lume::detail::execute_cpu_reference_with_policy(lume::VerifiedProgram const&, std::span<lume::Buffer const, 18446744073709551615ul>, lume::detail::ExecutionPolicy const&, lume::detail::ExecutionStats*, std::vector<unsigned int, std::allocator<unsigned int> >*)+0x1a61>
    2b4e:	xor    ebp,ebp
    2b50:	mov    QWORD PTR [rsp+0xb0],rax
    2b58:	mov    QWORD PTR [rsp+0xb8],rbp
    2b60:	mov    BYTE PTR [rsp+0xc8],cl
    2b67:	mov    BYTE PTR [rsp+0xd0],0x1
    2b6f:	mov    rax,QWORD PTR [rsp+0xd8]
    2b77:	test   rax,rax
    2b7a:	je     2b7e <lume::detail::execute_cpu_reference_with_policy(lume::VerifiedProgram const&, std::span<lume::Buffer const, 18446744073709551615ul>, lume::detail::ExecutionPolicy const&, lume::detail::ExecutionStats*, std::vector<unsigned int, std::allocator<unsigned int> >*)+0x111e>
    2b7c:	inc    DWORD PTR [rax]
    2b7e:	mov    eax,DWORD PTR [r14+r12*1+0xc]
    2b83:	lea    rdi,[rax+rax*4]
    2b87:	shl    rdi,0x3
    2b8b:	add    rdi,QWORD PTR [rsp+0x1d0]
    2b93:	lea    rsi,[rsp+0xb0]
    2b9b:	call   2ba0 <lume::detail::execute_cpu_reference_with_policy(lume::VerifiedProgram const&, std::span<lume::Buffer const, 18446744073709551615ul>, lume::detail::ExecutionPolicy const&, lume::detail::ExecutionStats*, std::vector<unsigned int, std::allocator<unsigned int> >*)+0x1140>
    2ba0:	mov    eax,DWORD PTR [r14+r12*1+0xc]
    2ba5:	lea    rcx,[rax+rax*4]
    2ba9:	shl    rcx,0x3
    2bad:	add    rcx,QWORD PTR [rsp+0x1d0]
    2bb5:	mov    rdx,QWORD PTR [rsp+0x50]
    2bba:	mov    QWORD PTR [rdx+rax*8],rcx
    2bbe:	mov    ebx,0x19
    2bc3:	jmp    304a <lume::detail::execute_cpu_reference_with_policy(lume::VerifiedProgram const&, std::span<lume::Buffer const, 18446744073709551615ul>, lume::detail::ExecutionPolicy const&, lume::detail::ExecutionStats*, std::vector<unsigned int, std::allocator<unsigned int> >*)+0x15ea>
    2bc8:	add    esi,0xfffffffe
    2bcb:	jmp    2bcf <lume::detail::execute_cpu_reference_with_policy(lume::VerifiedProgram const&, std::span<lume::Buffer const, 18446744073709551615ul>, lume::detail::ExecutionPolicy const&, lume::detail::ExecutionStats*, std::vector<unsigned int, std::allocator<unsigned int> >*)+0x116f>
    2bcd:	dec    esi
    2bcf:	mov    r12d,esi
    2bd2:	mov    QWORD PTR [rsp+0x80],rax
    2bda:	cmp    esi,0x10
    2bdd:	jb     2bfe <lume::detail::execute_cpu_reference_with_policy(lume::VerifiedProgram const&, std::span<lume::Buffer const, 18446744073709551615ul>, lume::detail::ExecutionPolicy const&, lume::detail::ExecutionStats*, std::vector<unsigned int, std::allocator<unsigned int> >*)+0x119e>
    2bdf:	lea    rdi,[r12+0x1]
    2be4:	call   2be9 <lume::detail::execute_cpu_reference_with_policy(lume::VerifiedProgram const&, std::span<lume::Buffer const, 18446744073709551615ul>, lume::detail::ExecutionPolicy const&, lume::detail::ExecutionStats*, std::vector<unsigned int, std::allocator<unsigned int> >*)+0x1189>
    2be9:	mov    r14,rax
    2bec:	mov    QWORD PTR [rsp+0x80],rax
    2bf4:	mov    QWORD PTR [rsp+0x90],r12
    2bfc:	jmp    2c14 <lume::detail::execute_cpu_reference_with_policy(lume::VerifiedProgram const&, std::span<lume::Buffer const, 18446744073709551615ul>, lume::detail::ExecutionPolicy const&, lume::detail::ExecutionStats*, std::vector<unsigned int, std::allocator<unsigned int> >*)+0x11b4>
    2bfe:	test   r12,r12
    2c01:	je     2a74 <lume::detail::execute_cpu_reference_with_policy(lume::VerifiedProgram const&, std::span<lume::Buffer const, 18446744073709551615ul>, lume::detail::ExecutionPolicy const&, lume::detail::ExecutionStats*, std::vector<unsigned int, std::allocator<unsigned int> >*)+0x1014>
    2c07:	mov    r14,rax
    2c0a:	cmp    r12d,0x1
    2c0e:	je     2a66 <lume::detail::execute_cpu_reference_with_policy(lume::VerifiedProgram const&, std::span<lume::Buffer const, 18446744073709551615ul>, lume::detail::ExecutionPolicy const&, lume::detail::ExecutionStats*, std::vector<unsigned int, std::allocator<unsigned int> >*)+0x1006>
    2c14:	mov    rdi,r14
    2c17:	xor    esi,esi
    2c19:	mov    rdx,r12
    2c1c:	call   2c21 <lume::detail::execute_cpu_reference_with_policy(lume::VerifiedProgram const&, std::span<lume::Buffer const, 18446744073709551615ul>, lume::detail::ExecutionPolicy const&, lume::detail::ExecutionStats*, std::vector<unsigned int, std::allocator<unsigned int> >*)+0x11c1>
    2c21:	mov    QWORD PTR [rsp+0x88],r12
    2c29:	mov    BYTE PTR [r14+r12*1],0x0
    2c2e:	mov    rcx,QWORD PTR [rsp+0x80]
    2c36:	mov    rdx,r15
    2c39:	cmp    r15,0x64
    2c3d:	lea    r10,[rip+0x0]        # 2c44 <lume::detail::execute_cpu_reference_with_policy(lume::VerifiedProgram const&, std::span<lume::Buffer const, 18446744073709551615ul>, lume::detail::ExecutionPolicy const&, lume::detail::ExecutionStats*, std::vector<unsigned int, std::allocator<unsigned int> >*)+0x11e4>
    2c44:	movabs r11,0x28f5c28f5c28f5c3
    2c4e:	jb     2ca0 <lume::detail::execute_cpu_reference_with_policy(lume::VerifiedProgram const&, std::span<lume::Buffer const, 18446744073709551615ul>, lume::detail::ExecutionPolicy const&, lume::detail::ExecutionStats*, std::vector<unsigned int, std::allocator<unsigned int> >*)+0x1240>
    2c50:	mov    esi,DWORD PTR [rsp+0x88]
    2c57:	add    esi,0xfffffffe
    2c5a:	mov    rdi,r15
    2c5d:	nop    DWORD PTR [rax]
    2c60:	lea    r8d,[rsi+0x1]
    2c64:	mov    rax,rdi
    2c67:	shr    rax,0x2
    2c6b:	mul    r11
    2c6e:	shr    rdx,0x2
    2c72:	imul   eax,edx,0x64
    2c75:	mov    r9d,edi
    2c78:	sub    r9d,eax
    2c7b:	movzx  eax,BYTE PTR [r10+r9*2]
    2c80:	movzx  r9d,BYTE PTR [r10+r9*2+0x1]
    2c86:	mov    BYTE PTR [rcx+r8*1],r9b
    2c8a:	mov    r8d,esi
    2c8d:	mov    BYTE PTR [rcx+r8*1],al
    2c91:	add    esi,0xfffffffe
    2c94:	cmp    rdi,0x270f
    2c9b:	mov    rdi,rdx
    2c9e:	ja     2c60 <lume::detail::execute_cpu_reference_with_policy(lume::VerifiedProgram const&, std::span<lume::Buffer const, 18446744073709551615ul>, lume::detail::ExecutionPolicy const&, lume::detail::ExecutionStats*, std::vector<unsigned int, std::allocator<unsigned int> >*)+0x1200>
    2ca0:	cmp    rdx,0xa
    2ca4:	jb     2cbb <lume::detail::execute_cpu_reference_with_policy(lume::VerifiedProgram const&, std::span<lume::Buffer const, 18446744073709551615ul>, lume::detail::ExecutionPolicy const&, lume::detail::ExecutionStats*, std::vector<unsigned int, std::allocator<unsigned int> >*)+0x125b>
    2ca6:	lea    rsi,[rip+0x0]        # 2cad <lume::detail::execute_cpu_reference_with_policy(lume::VerifiedProgram const&, std::span<lume::Buffer const, 18446744073709551615ul>, lume::detail::ExecutionPolicy const&, lume::detail::ExecutionStats*, std::vector<unsigned int, std::allocator<unsigned int> >*)+0x124d>
    2cad:	movzx  eax,BYTE PTR [rsi+rdx*2]
    2cb1:	movzx  edx,BYTE PTR [rsi+rdx*2+0x1]
    2cb6:	mov    BYTE PTR [rcx+0x1],dl
    2cb9:	jmp    2cc0 <lume::detail::execute_cpu_reference_with_policy(lume::VerifiedProgram const&, std::span<lume::Buffer const, 18446744073709551615ul>, lume::detail::ExecutionPolicy const&, lume::detail::ExecutionStats*, std::vector<unsigned int, std::allocator<unsigned int> >*)+0x1260>
    2cbb:	or     dl,0x30
    2cbe:	mov    eax,edx
    2cc0:	mov    BYTE PTR [rcx],al
    2cc2:	mov    r8d,0x3
    2cc8:	lea    rdi,[rsp+0x80]
    2cd0:	xor    esi,esi
    2cd2:	xor    edx,edx
    2cd4:	lea    rcx,[rip+0x0]        # 2cdb <lume::detail::execute_cpu_reference_with_policy(lume::VerifiedProgram const&, std::span<lume::Buffer const, 18446744073709551615ul>, lume::detail::ExecutionPolicy const&, lume::detail::ExecutionStats*, std::vector<unsigned int, std::allocator<unsigned int> >*)+0x127b>
    2cdb:	call   2ce0 <lume::detail::execute_cpu_reference_with_policy(lume::VerifiedProgram const&, std::span<lume::Buffer const, 18446744073709551615ul>, lume::detail::ExecutionPolicy const&, lume::detail::ExecutionStats*, std::vector<unsigned int, std::allocator<unsigned int> >*)+0x1280>
    2ce0:	lea    rdi,[rsp+0x38]
    2ce5:	mov    QWORD PTR [rsp+0x28],rdi
    2cea:	mov    rsi,QWORD PTR [rax]
    2ced:	mov    rbx,rax
    2cf0:	add    rbx,0x10
    2cf4:	cmp    rsi,rbx
    2cf7:	je     2d0d <lume::detail::execute_cpu_reference_with_policy(lume::VerifiedProgram const&, std::span<lume::Buffer const, 18446744073709551615ul>, lume::detail::ExecutionPolicy const&, lume::detail::ExecutionStats*, std::vector<unsigned int, std::allocator<unsigned int> >*)+0x12ad>
    2cf9:	mov    QWORD PTR [rsp+0x28],rsi
    2cfe:	mov    rcx,QWORD PTR [rax+0x10]
    2d02:	mov    QWORD PTR [rsp+0x38],rcx
    2d07:	mov    r14,QWORD PTR [rax+0x8]
    2d0b:	jmp    2d20 <lume::detail::execute_cpu_reference_with_policy(lume::VerifiedProgram const&, std::span<lume::Buffer const, 18446744073709551615ul>, lume::detail::ExecutionPolicy const&, lume::detail::ExecutionStats*, std::vector<unsigned int, std::allocator<unsigned int> >*)+0x12c0>
    2d0d:	mov    r14,QWORD PTR [rax+0x8]
    2d11:	lea    rdx,[r14+0x1]
    2d15:	mov    r12,rax
    2d18:	call   2d1d <lume::detail::execute_cpu_reference_with_policy(lume::VerifiedProgram const&, std::span<lume::Buffer const, 18446744073709551615ul>, lume::detail::ExecutionPolicy const&, lume::detail::ExecutionStats*, std::vector<unsigned int, std::allocator<unsigned int> >*)+0x12bd>
    2d1d:	mov    rax,r12
    2d20:	mov    QWORD PTR [rsp+0x30],r14
    2d25:	mov    QWORD PTR [rax],rbx
    2d28:	mov    QWORD PTR [rax+0x8],0x0
    2d30:	mov    BYTE PTR [rax+0x10],0x0
    2d34:	mov    rsi,QWORD PTR [rsp+0x30]
    2d39:	movabs rax,0x7fffffffffffffe1
    2d43:	add    rax,0x5
    2d47:	cmp    rsi,rax
    2d4a:	jg     6754 <lume::detail::execute_cpu_reference_with_policy(lume::VerifiedProgram const&, std::span<lume::Buffer const, 18446744073709551615ul>, lume::detail::ExecutionPolicy const&, lume::detail::ExecutionStats*, std::vector<unsigned int, std::allocator<unsigned int> >*)+0x4cf4>
    2d50:	mov    rax,QWORD PTR [rsp+0x28]
    2d55:	mov    ecx,0xf
    2d5a:	lea    rdx,[rsp+0x38]
    2d5f:	cmp    rax,rdx
    2d62:	je     2d69 <lume::detail::execute_cpu_reference_with_policy(lume::VerifiedProgram const&, std::span<lume::Buffer const, 18446744073709551615ul>, lume::detail::ExecutionPolicy const&, lume::detail::ExecutionStats*, std::vector<unsigned int, std::allocator<unsigned int> >*)+0x1309>
    2d64:	mov    rcx,QWORD PTR [rsp+0x38]
    2d69:	lea    rbx,[rsi+0x19]
    2d6d:	cmp    rbx,rcx
    2d70:	jbe    2d8d <lume::detail::execute_cpu_reference_with_policy(lume::VerifiedProgram const&, std::span<lume::Buffer const, 18446744073709551615ul>, lume::detail::ExecutionPolicy const&, lume::detail::ExecutionStats*, std::vector<unsigned int, std::allocator<unsigned int> >*)+0x132d>
    2d72:	mov    r8d,0x19
    2d78:	lea    rdi,[rsp+0x28]
    2d7d:	xor    edx,edx
    2d7f:	lea    rcx,[rip+0x0]        # 2d86 <lume::detail::execute_cpu_reference_with_policy(lume::VerifiedProgram const&, std::span<lume::Buffer const, 18446744073709551615ul>, lume::detail::ExecutionPolicy const&, lume::detail::ExecutionStats*, std::vector<unsigned int, std::allocator<unsigned int> >*)+0x1326>
    2d86:	call   2d8b <lume::detail::execute_cpu_reference_with_policy(lume::VerifiedProgram const&, std::span<lume::Buffer const, 18446744073709551615ul>, lume::detail::ExecutionPolicy const&, lume::detail::ExecutionStats*, std::vector<unsigned int, std::allocator<unsigned int> >*)+0x132b>
    2d8b:	jmp    2da6 <lume::detail::execute_cpu_reference_with_policy(lume::VerifiedProgram const&, std::span<lume::Buffer const, 18446744073709551615ul>, lume::detail::ExecutionPolicy const&, lume::detail::ExecutionStats*, std::vector<unsigned int, std::allocator<unsigned int> >*)+0x1346>
    2d8d:	movups xmm0,XMMWORD PTR [rip+0x0]        # 2d94 <lume::detail::execute_cpu_reference_with_policy(lume::VerifiedProgram const&, std::span<lume::Buffer const, 18446744073709551615ul>, lume::detail::ExecutionPolicy const&, lume::detail::ExecutionStats*, std::vector<unsigned int, std::allocator<unsigned int> >*)+0x1334>
    2d94:	movups XMMWORD PTR [rax+rsi*1+0x9],xmm0
    2d99:	movdqu xmm0,XMMWORD PTR [rip+0x0]        # 2da1 <lume::detail::execute_cpu_reference_with_policy(lume::VerifiedProgram const&, std::span<lume::Buffer const, 18446744073709551615ul>, lume::detail::ExecutionPolicy const&, lume::detail::ExecutionStats*, std::vector<unsigned int, std::allocator<unsigned int> >*)+0x1341>
    2da1:	movdqu XMMWORD PTR [rax+rsi*1],xmm0
    2da6:	mov    QWORD PTR [rsp+0x30],rbx
    2dab:	mov    rax,QWORD PTR [rsp+0x28]
    2db0:	mov    BYTE PTR [rax+rbx*1],0x0
    2db4:	lea    r14,[rsp+0x1f8]
    2dbc:	mov    QWORD PTR [rsp+0x1e8],r14
    2dc4:	mov    rbp,QWORD PTR [rsp+0x28]
    2dc9:	lea    rsi,[rsp+0x38]
    2dce:	cmp    rbp,rsi
    2dd1:	je     2e3f <lume::detail::execute_cpu_reference_with_policy(lume::VerifiedProgram const&, std::span<lume::Buffer const, 18446744073709551615ul>, lume::detail::ExecutionPolicy const&, lume::detail::ExecutionStats*, std::vector<unsigned int, std::allocator<unsigned int> >*)+0x13df>
    2dd3:	mov    QWORD PTR [rsp+0x1e8],rbp
    2ddb:	mov    r12,QWORD PTR [rsp+0x30]
    2de0:	mov    rax,QWORD PTR [rsp+0x30]
    2de5:	mov    QWORD PTR [rsp+0x1f0],rax
    2ded:	mov    rax,QWORD PTR [rsp+0x38]
    2df2:	mov    QWORD PTR [rsp+0x1f8],rax
    2dfa:	mov    QWORD PTR [rsp+0x28],rsi
    2dff:	mov    QWORD PTR [rsp+0x30],0x0
    2e08:	mov    BYTE PTR [rsp+0x38],0x0
    2e0d:	movabs rax,0x7fffffffffffffe1
    2e17:	cmp    r12,rax
    2e1a:	jg     6765 <lume::detail::execute_cpu_reference_with_policy(lume::VerifiedProgram const&, std::span<lume::Buffer const, 18446744073709551615ul>, lume::detail::ExecutionPolicy const&, lume::detail::ExecutionStats*, std::vector<unsigned int, std::allocator<unsigned int> >*)+0x4d05>
    2e20:	lea    rbx,[r12+0x1e]
    2e25:	lea    rax,[rsp+0x1f8]
    2e2d:	cmp    rbp,rax
    2e30:	je     2e77 <lume::detail::execute_cpu_reference_with_policy(lume::VerifiedProgram const&, std::span<lume::Buffer const, 18446744073709551615ul>, lume::detail::ExecutionPolicy const&, lume::detail::ExecutionStats*, std::vector<unsigned int, std::allocator<unsigned int> >*)+0x1417>
    2e32:	xor    eax,eax
    2e34:	mov    ecx,0xf
    2e39:	test   al,al
    2e3b:	je     2e82 <lume::detail::execute_cpu_reference_with_policy(lume::VerifiedProgram const&, std::span<lume::Buffer const, 18446744073709551615ul>, lume::detail::ExecutionPolicy const&, lume::detail::ExecutionStats*, std::vector<unsigned int, std::allocator<unsigned int> >*)+0x1422>
    2e3d:	jmp    2e8a <lume::detail::execute_cpu_reference_with_policy(lume::VerifiedProgram const&, std::span<lume::Buffer const, 18446744073709551615ul>, lume::detail::ExecutionPolicy const&, lume::detail::ExecutionStats*, std::vector<unsigned int, std::allocator<unsigned int> >*)+0x142a>
    2e3f:	mov    r12,QWORD PTR [rsp+0x30]
    2e44:	lea    rdx,[r12+0x1]
    2e49:	mov    rdi,r14
    2e4c:	mov    rbx,rsi
    2e4f:	call   2e54 <lume::detail::execute_cpu_reference_with_policy(lume::VerifiedProgram const&, std::span<lume::Buffer const, 18446744073709551615ul>, lume::detail::ExecutionPolicy const&, lume::detail::ExecutionStats*, std::vector<unsigned int, std::allocator<unsigned int> >*)+0x13f4>
    2e54:	mov    QWORD PTR [rsp+0x1f0],r12
    2e5c:	mov    QWORD PTR [rsp+0x28],rbx
    2e61:	mov    QWORD PTR [rsp+0x30],0x0
    2e6a:	mov    BYTE PTR [rsp+0x38],0x0
    2e6f:	lea    rbx,[r12+0x1e]
    2e74:	mov    rbp,r14
    2e77:	mov    al,0x1
    2e79:	mov    ecx,0xf
    2e7e:	test   al,al
    2e80:	jne    2e8a <lume::detail::execute_cpu_reference_with_policy(lume::VerifiedProgram const&, std::span<lume::Buffer const, 18446744073709551615ul>, lume::detail::ExecutionPolicy const&, lume::detail::ExecutionStats*, std::vector<unsigned int, std::allocator<unsigned int> >*)+0x142a>
    2e82:	mov    rcx,QWORD PTR [rsp+0x1f8]
    2e8a:	cmp    rbx,rcx
    2e8d:	jbe    2eaf <lume::detail::execute_cpu_reference_with_policy(lume::VerifiedProgram const&, std::span<lume::Buffer const, 18446744073709551615ul>, lume::detail::ExecutionPolicy const&, lume::detail::ExecutionStats*, std::vector<unsigned int, std::allocator<unsigned int> >*)+0x144f>
    2e8f:	mov    r8d,0x1e
    2e95:	lea    rdi,[rsp+0x1e8]
    2e9d:	xor    esi,esi
    2e9f:	xor    edx,edx
    2ea1:	lea    rcx,[rip+0x0]        # 2ea8 <lume::detail::execute_cpu_reference_with_policy(lume::VerifiedProgram const&, std::span<lume::Buffer const, 18446744073709551615ul>, lume::detail::ExecutionPolicy const&, lume::detail::ExecutionStats*, std::vector<unsigned int, std::allocator<unsigned int> >*)+0x1448>
    2ea8:	call   2ead <lume::detail::execute_cpu_reference_with_policy(lume::VerifiedProgram const&, std::span<lume::Buffer const, 18446744073709551615ul>, lume::detail::ExecutionPolicy const&, lume::detail::ExecutionStats*, std::vector<unsigned int, std::allocator<unsigned int> >*)+0x144d>
    2ead:	jmp    2f0a <lume::detail::execute_cpu_reference_with_policy(lume::VerifiedProgram const&, std::span<lume::Buffer const, 18446744073709551615ul>, lume::detail::ExecutionPolicy const&, lume::detail::ExecutionStats*, std::vector<unsigned int, std::allocator<unsigned int> >*)+0x14aa>
    2eaf:	lea    rax,[rip+0x0]        # 2eb6 <lume::detail::execute_cpu_reference_with_policy(lume::VerifiedProgram const&, std::span<lume::Buffer const, 18446744073709551615ul>, lume::detail::ExecutionPolicy const&, lume::detail::ExecutionStats*, std::vector<unsigned int, std::allocator<unsigned int> >*)+0x1456>
    2eb6:	cmp    rbp,rax
    2eb9:	ja     2ecf <lume::detail::execute_cpu_reference_with_policy(lume::VerifiedProgram const&, std::span<lume::Buffer const, 18446744073709551615ul>, lume::detail::ExecutionPolicy const&, lume::detail::ExecutionStats*, std::vector<unsigned int, std::allocator<unsigned int> >*)+0x146f>
    2ebb:	lea    rax,[r12+rbp*1]
    2ebf:	lea    rcx,[rip+0x0]        # 2ec6 <lume::detail::execute_cpu_reference_with_policy(lume::VerifiedProgram const&, std::span<lume::Buffer const, 18446744073709551615ul>, lume::detail::ExecutionPolicy const&, lume::detail::ExecutionStats*, std::vector<unsigned int, std::allocator<unsigned int> >*)+0x1466>
    2ec6:	cmp    rax,rcx
    2ec9:	jae    4646 <lume::detail::execute_cpu_reference_with_policy(lume::VerifiedProgram const&, std::span<lume::Buffer const, 18446744073709551615ul>, lume::detail::ExecutionPolicy const&, lume::detail::ExecutionStats*, std::vector<unsigned int, std::allocator<unsigned int> >*)+0x2be6>
    2ecf:	test   r12,r12
    2ed2:	je     2ef2 <lume::detail::execute_cpu_reference_with_policy(lume::VerifiedProgram const&, std::span<lume::Buffer const, 18446744073709551615ul>, lume::detail::ExecutionPolicy const&, lume::detail::ExecutionStats*, std::vector<unsigned int, std::allocator<unsigned int> >*)+0x1492>
    2ed4:	cmp    r12,0x1
    2ed8:	jne    2ee3 <lume::detail::execute_cpu_reference_with_policy(lume::VerifiedProgram const&, std::span<lume::Buffer const, 18446744073709551615ul>, lume::detail::ExecutionPolicy const&, lume::detail::ExecutionStats*, std::vector<unsigned int, std::allocator<unsigned int> >*)+0x1483>
    2eda:	movzx  eax,BYTE PTR [rbp+0x0]
    2ede:	mov    BYTE PTR [rbp+0x1e],al
    2ee1:	jmp    2ef2 <lume::detail::execute_cpu_reference_with_policy(lume::VerifiedProgram const&, std::span<lume::Buffer const, 18446744073709551615ul>, lume::detail::ExecutionPolicy const&, lume::detail::ExecutionStats*, std::vector<unsigned int, std::allocator<unsigned int> >*)+0x1492>
    2ee3:	lea    rdi,[rbp+0x1e]
    2ee7:	mov    rsi,rbp
    2eea:	mov    rdx,r12
    2eed:	call   2ef2 <lume::detail::execute_cpu_reference_with_policy(lume::VerifiedProgram const&, std::span<lume::Buffer const, 18446744073709551615ul>, lume::detail::ExecutionPolicy const&, lume::detail::ExecutionStats*, std::vector<unsigned int, std::allocator<unsigned int> >*)+0x1492>
    2ef2:	movups xmm0,XMMWORD PTR [rip+0x0]        # 2ef9 <lume::detail::execute_cpu_reference_with_policy(lume::VerifiedProgram const&, std::span<lume::Buffer const, 18446744073709551615ul>, lume::detail::ExecutionPolicy const&, lume::detail::ExecutionStats*, std::vector<unsigned int, std::allocator<unsigned int> >*)+0x1499>
    2ef9:	movups XMMWORD PTR [rbp+0xe],xmm0
    2efd:	movdqu xmm0,XMMWORD PTR [rip+0x0]        # 2f05 <lume::detail::execute_cpu_reference_with_policy(lume::VerifiedProgram const&, std::span<lume::Buffer const, 18446744073709551615ul>, lume::detail::ExecutionPolicy const&, lume::detail::ExecutionStats*, std::vector<unsigned int, std::allocator<unsigned int> >*)+0x14a5>
    2f05:	movdqu XMMWORD PTR [rbp+0x0],xmm0
    2f0a:	mov    QWORD PTR [rsp+0x1f0],rbx
    2f12:	mov    rax,QWORD PTR [rsp+0x1e8]
    2f1a:	mov    BYTE PTR [rax+rbx*1],0x0
    2f1e:	lea    r13,[rsp+0x18]
    2f23:	mov    QWORD PTR [rsp+0x8],r13
    2f28:	mov    rax,QWORD PTR [rsp+0x1e8]
    2f30:	lea    r12,[rsp+0x1f8]
    2f38:	cmp    rax,r12
    2f3b:	je     2f9d <lume::detail::execute_cpu_reference_with_policy(lume::VerifiedProgram const&, std::span<lume::Buffer const, 18446744073709551615ul>, lume::detail::ExecutionPolicy const&, lume::detail::ExecutionStats*, std::vector<unsigned int, std::allocator<unsigned int> >*)+0x153d>
    2f3d:	mov    rbx,QWORD PTR [rsp+0x1f0]
    2f45:	mov    rcx,QWORD PTR [rsp+0x1f8]
    2f4d:	mov    QWORD PTR [rsp+0x18],rcx
    2f52:	mov    QWORD PTR [rsp+0x1e8],r12
    2f5a:	mov    QWORD PTR [rsp+0x1f0],0x0
    2f66:	mov    BYTE PTR [rsp+0x1f8],0x0
    2f6e:	mov    r12,QWORD PTR [rsp+0x48]
    2f73:	pxor   xmm0,xmm0
    2f77:	movdqu XMMWORD PTR [r12],xmm0
    2f7d:	mov    QWORD PTR [r12+0x10],0x0
    2f86:	cmp    rax,r13
    2f89:	je     2fed <lume::detail::execute_cpu_reference_with_policy(lume::VerifiedProgram const&, std::span<lume::Buffer const, 18446744073709551615ul>, lume::detail::ExecutionPolicy const&, lume::detail::ExecutionStats*, std::vector<unsigned int, std::allocator<unsigned int> >*)+0x158d>
    2f8b:	mov    BYTE PTR [r12+0x18],0x3
    2f91:	mov    QWORD PTR [r12+0x20],rax
    2f96:	mov    QWORD PTR [r12+0x30],rcx
    2f9b:	jmp    300c <lume::detail::execute_cpu_reference_with_policy(lume::VerifiedProgram const&, std::span<lume::Buffer const, 18446744073709551615ul>, lume::detail::ExecutionPolicy const&, lume::detail::ExecutionStats*, std::vector<unsigned int, std::allocator<unsigned int> >*)+0x15ac>
    2f9d:	mov    rbx,QWORD PTR [rsp+0x1f0]
    2fa5:	lea    r14,[rbx+0x1]
    2fa9:	mov    rdi,r13
    2fac:	mov    rsi,r12
    2faf:	mov    rdx,r14
    2fb2:	call   2fb7 <lume::detail::execute_cpu_reference_with_policy(lume::VerifiedProgram const&, std::span<lume::Buffer const, 18446744073709551615ul>, lume::detail::ExecutionPolicy const&, lume::detail::ExecutionStats*, std::vector<unsigned int, std::allocator<unsigned int> >*)+0x1557>
    2fb7:	mov    QWORD PTR [rsp+0x1e8],r12
    2fbf:	mov    QWORD PTR [rsp+0x1f0],0x0
    2fcb:	mov    BYTE PTR [rsp+0x1f8],0x0
    2fd3:	mov    r12,QWORD PTR [rsp+0x48]
    2fd8:	pxor   xmm0,xmm0
    2fdc:	movdqu XMMWORD PTR [r12],xmm0
    2fe2:	mov    QWORD PTR [r12+0x10],0x0
    2feb:	jmp    2ff1 <lume::detail::execute_cpu_reference_with_policy(lume::VerifiedProgram const&, std::span<lume::Buffer const, 18446744073709551615ul>, lume::detail::ExecutionPolicy const&, lume::detail::ExecutionStats*, std::vector<unsigned int, std::allocator<unsigned int> >*)+0x1591>
    2fed:	lea    r14,[rbx+0x1]
    2ff1:	mov    BYTE PTR [r12+0x18],0x3
    2ff7:	mov    rdi,QWORD PTR [rsp+0x60]
    2ffc:	mov    QWORD PTR [r12+0x20],rdi
    3001:	mov    rsi,r13
    3004:	mov    rdx,r14
    3007:	call   300c <lume::detail::execute_cpu_reference_with_policy(lume::VerifiedProgram const&, std::span<lume::Buffer const, 18446744073709551615ul>, lume::detail::ExecutionPolicy const&, lume::detail::ExecutionStats*, std::vector<unsigned int, std::allocator<unsigned int> >*)+0x15ac>
    300c:	mov    QWORD PTR [r12+0x28],rbx
    3011:	mov    BYTE PTR [r12+0x40],0x1
    3017:	mov    rdi,QWORD PTR [rsp+0x28]
    301c:	lea    rax,[rsp+0x38]
    3021:	cmp    rdi,rax
    3024:	je     302b <lume::detail::execute_cpu_reference_with_policy(lume::VerifiedProgram const&, std::span<lume::Buffer const, 18446744073709551615ul>, lume::detail::ExecutionPolicy const&, lume::detail::ExecutionStats*, std::vector<unsigned int, std::allocator<unsigned int> >*)+0x15cb>
    3026:	call   302b <lume::detail::execute_cpu_reference_with_policy(lume::VerifiedProgram const&, std::span<lume::Buffer const, 18446744073709551615ul>, lume::detail::ExecutionPolicy const&, lume::detail::ExecutionStats*, std::vector<unsigned int, std::allocator<unsigned int> >*)+0x15cb>
    302b:	mov    rdi,QWORD PTR [rsp+0x80]
    3033:	lea    rax,[rsp+0x90]
    303b:	cmp    rdi,rax
    303e:	je     3045 <lume::detail::execute_cpu_reference_with_policy(lume::VerifiedProgram const&, std::span<lume::Buffer const, 18446744073709551615ul>, lume::detail::ExecutionPolicy const&, lume::detail::ExecutionStats*, std::vector<unsigned int, std::allocator<unsigned int> >*)+0x15e5>
    3040:	call   3045 <lume::detail::execute_cpu_reference_with_policy(lume::VerifiedProgram const&, std::span<lume::Buffer const, 18446744073709551615ul>, lume::detail::ExecutionPolicy const&, lume::detail::ExecutionStats*, std::vector<unsigned int, std::allocator<unsigned int> >*)+0x15e5>
    3045:	mov    ebx,0x1
    304a:	cmp    BYTE PTR [rsp+0xd0],0x0
    3052:	mov    BYTE PTR [rsp+0xd0],0x0
    305a:	je     2106 <lume::detail::execute_cpu_reference_with_policy(lume::VerifiedProgram const&, std::span<lume::Buffer const, 18446744073709551615ul>, lume::detail::ExecutionPolicy const&, lume::detail::ExecutionStats*, std::vector<unsigned int, std::allocator<unsigned int> >*)+0x6a6>
    3060:	movzx  eax,BYTE PTR [rsp+0xc8]
    3068:	cmp    eax,0xff
    306d:	je     2106 <lume::detail::execute_cpu_reference_with_policy(lume::VerifiedProgram const&, std::span<lume::Buffer const, 18446744073709551615ul>, lume::detail::ExecutionPolicy const&, lume::detail::ExecutionStats*, std::vector<unsigned int, std::allocator<unsigned int> >*)+0x6a6>
    3073:	mov    rdi,QWORD PTR [rsp+0xb0]
    307b:	mov    eax,eax
    307d:	lea    rcx,[rip+0x0]        # 3084 <lume::detail::execute_cpu_reference_with_policy(lume::VerifiedProgram const&, std::span<lume::Buffer const, 18446744073709551615ul>, lume::detail::ExecutionPolicy const&, lume::detail::ExecutionStats*, std::vector<unsigned int, std::allocator<unsigned int> >*)+0x1624>
    3084:	movsxd rax,DWORD PTR [rcx+rax*4]
    3088:	add    rax,rcx
    308b:	jmp    rax
    308d:	test   rdi,rdi
    3090:	je     2106 <lume::detail::execute_cpu_reference_with_policy(lume::VerifiedProgram const&, std::span<lume::Buffer const, 18446744073709551615ul>, lume::detail::ExecutionPolicy const&, lume::detail::ExecutionStats*, std::vector<unsigned int, std::allocator<unsigned int> >*)+0x6a6>
    3096:	call   309b <lume::detail::execute_cpu_reference_with_policy(lume::VerifiedProgram const&, std::span<lume::Buffer const, 18446744073709551615ul>, lume::detail::ExecutionPolicy const&, lume::detail::ExecutionStats*, std::vector<unsigned int, std::allocator<unsigned int> >*)+0x163b>
    309b:	jmp    2106 <lume::detail::execute_cpu_reference_with_policy(lume::VerifiedProgram const&, std::span<lume::Buffer const, 18446744073709551615ul>, lume::detail::ExecutionPolicy const&, lume::detail::ExecutionStats*, std::vector<unsigned int, std::allocator<unsigned int> >*)+0x6a6>
    30a0:	mov    rdi,QWORD PTR [r9]
    30a3:	mov    rax,QWORD PTR [r9+0x8]
    30a7:	cmp    BYTE PTR [rsi+0x18],0x2
    30ab:	jne    4e11 <lume::detail::execute_cpu_reference_with_policy(lume::VerifiedProgram const&, std::span<lume::Buffer const, 18446744073709551615ul>, lume::detail::ExecutionPolicy const&, lume::detail::ExecutionStats*, std::vector<unsigned int, std::allocator<unsigned int> >*)+0x33b1>
    30b1:	cmp    QWORD PTR [rsi+0x8],rax
    30b5:	jne    4e11 <lume::detail::execute_cpu_reference_with_policy(lume::VerifiedProgram const&, std::span<lume::Buffer const, 18446744073709551615ul>, lume::detail::ExecutionPolicy const&, lume::detail::ExecutionStats*, std::vector<unsigned int, std::allocator<unsigned int> >*)+0x33b1>
    30bb:	mov    rdx,QWORD PTR [rsi]
    30be:	test   r8d,r8d
    30c1:	je     3339 <lume::detail::execute_cpu_reference_with_policy(lume::VerifiedProgram const&, std::span<lume::Buffer const, 18446744073709551615ul>, lume::detail::ExecutionPolicy const&, lume::detail::ExecutionStats*, std::vector<unsigned int, std::allocator<unsigned int> >*)+0x18d9>
    30c7:	cmp    r8d,0x1
    30cb:	jne    3486 <lume::detail::execute_cpu_reference_with_policy(lume::VerifiedProgram const&, std::span<lume::Buffer const, 18446744073709551615ul>, lume::detail::ExecutionPolicy const&, lume::detail::ExecutionStats*, std::vector<unsigned int, std::allocator<unsigned int> >*)+0x1a26>
    30d1:	test   rax,rax
    30d4:	je     46c6 <lume::detail::execute_cpu_reference_with_policy(lume::VerifiedProgram const&, std::span<lume::Buffer const, 18446744073709551615ul>, lume::detail::ExecutionPolicy const&, lume::detail::ExecutionStats*, std::vector<unsigned int, std::allocator<unsigned int> >*)+0x2c66>
    30da:	cmp    rax,0x8
    30de:	jb     30fa <lume::detail::execute_cpu_reference_with_policy(lume::VerifiedProgram const&, std::span<lume::Buffer const, 18446744073709551615ul>, lume::detail::ExecutionPolicy const&, lume::detail::ExecutionStats*, std::vector<unsigned int, std::allocator<unsigned int> >*)+0x169a>
    30e0:	lea    r8,[rdi+rax*4]
    30e4:	cmp    rdx,r8
    30e7:	jae    3ba3 <lume::detail::execute_cpu_reference_with_policy(lume::VerifiedProgram const&, std::span<lume::Buffer const, 18446744073709551615ul>, lume::detail::ExecutionPolicy const&, lume::detail::ExecutionStats*, std::vector<unsigned int, std::allocator<unsigned int> >*)+0x2143>
    30ed:	lea    r8,[rdx+rax*4]
    30f1:	cmp    rdi,r8
    30f4:	jae    3ba3 <lume::detail::execute_cpu_reference_with_policy(lume::VerifiedProgram const&, std::span<lume::Buffer const, 18446744073709551615ul>, lume::detail::ExecutionPolicy const&, lume::detail::ExecutionStats*, std::vector<unsigned int, std::allocator<unsigned int> >*)+0x2143>
    30fa:	xor    r8d,r8d
    30fd:	mov    r10,rax
    3100:	mov    r9,r8
    3103:	and    r10,0x3
    3107:	je     3126 <lume::detail::execute_cpu_reference_with_policy(lume::VerifiedProgram const&, std::span<lume::Buffer const, 18446744073709551615ul>, lume::detail::ExecutionPolicy const&, lume::detail::ExecutionStats*, std::vector<unsigned int, std::allocator<unsigned int> >*)+0x16c6>
    3109:	mov    r9,r8
    310c:	movss  xmm0,DWORD PTR [rdi+r9*4]
    3112:	addss  xmm0,DWORD PTR [rdx+r9*4]
    3118:	movss  DWORD PTR [rdx+r9*4],xmm0
    311e:	inc    r9
    3121:	dec    r10
    3124:	jne    310c <lume::detail::execute_cpu_reference_with_policy(lume::VerifiedProgram const&, std::span<lume::Buffer const, 18446744073709551615ul>, lume::detail::ExecutionPolicy const&, lume::detail::ExecutionStats*, std::vector<unsigned int, std::allocator<unsigned int> >*)+0x16ac>
    3126:	sub    r8,rax
    3129:	cmp    r8,0xfffffffffffffffc
    312d:	ja     46c6 <lume::detail::execute_cpu_reference_with_policy(lume::VerifiedProgram const&, std::span<lume::Buffer const, 18446744073709551615ul>, lume::detail::ExecutionPolicy const&, lume::detail::ExecutionStats*, std::vector<unsigned int, std::allocator<unsigned int> >*)+0x2c66>
    3133:	movss  xmm0,DWORD PTR [rdi+r9*4]
    3139:	addss  xmm0,DWORD PTR [rdx+r9*4]
    313f:	movss  DWORD PTR [rdx+r9*4],xmm0
    3145:	movss  xmm0,DWORD PTR [rdi+r9*4+0x4]
    314c:	addss  xmm0,DWORD PTR [rdx+r9*4+0x4]
    3153:	movss  DWORD PTR [rdx+r9*4+0x4],xmm0
    315a:	movss  xmm0,DWORD PTR [rdi+r9*4+0x8]
    3161:	addss  xmm0,DWORD PTR [rdx+r9*4+0x8]
    3168:	movss  DWORD PTR [rdx+r9*4+0x8],xmm0
    316f:	movss  xmm0,DWORD PTR [rdi+r9*4+0xc]
    3176:	addss  xmm0,DWORD PTR [rdx+r9*4+0xc]
    317d:	movss  DWORD PTR [rdx+r9*4+0xc],xmm0
    3184:	add    r9,0x4
    3188:	cmp    rax,r9
    318b:	jne    3133 <lume::detail::execute_cpu_reference_with_policy(lume::VerifiedProgram const&, std::span<lume::Buffer const, 18446744073709551615ul>, lume::detail::ExecutionPolicy const&, lume::detail::ExecutionStats*, std::vector<unsigned int, std::allocator<unsigned int> >*)+0x16d3>
    318d:	jmp    46c6 <lume::detail::execute_cpu_reference_with_policy(lume::VerifiedProgram const&, std::span<lume::Buffer const, 18446744073709551615ul>, lume::detail::ExecutionPolicy const&, lume::detail::ExecutionStats*, std::vector<unsigned int, std::allocator<unsigned int> >*)+0x2c66>
    3192:	mov    rdi,QWORD PTR [r9]
    3195:	mov    rax,QWORD PTR [r9+0x8]
    3199:	jmp    31a9 <lume::detail::execute_cpu_reference_with_policy(lume::VerifiedProgram const&, std::span<lume::Buffer const, 18446744073709551615ul>, lume::detail::ExecutionPolicy const&, lume::detail::ExecutionStats*, std::vector<unsigned int, std::allocator<unsigned int> >*)+0x1749>
    319b:	mov    rdi,QWORD PTR [r9]
    319e:	mov    rax,QWORD PTR [r9+0x8]
    31a2:	sub    rax,rdi
    31a5:	sar    rax,0x2
    31a9:	cmp    BYTE PTR [rsi+0x18],0x3
    31ad:	jne    4e11 <lume::detail::execute_cpu_reference_with_policy(lume::VerifiedProgram const&, std::span<lume::Buffer const, 18446744073709551615ul>, lume::detail::ExecutionPolicy const&, lume::detail::ExecutionStats*, std::vector<unsigned int, std::allocator<unsigned int> >*)+0x33b1>
    31b3:	cmp    QWORD PTR [rsi+0x8],rax
    31b7:	jne    4e11 <lume::detail::execute_cpu_reference_with_policy(lume::VerifiedProgram const&, std::span<lume::Buffer const, 18446744073709551615ul>, lume::detail::ExecutionPolicy const&, lume::detail::ExecutionStats*, std::vector<unsigned int, std::allocator<unsigned int> >*)+0x33b1>
    31bd:	mov    rdx,QWORD PTR [rsi]
    31c0:	test   r8d,r8d
    31c3:	je     33fa <lume::detail::execute_cpu_reference_with_policy(lume::VerifiedProgram const&, std::span<lume::Buffer const, 18446744073709551615ul>, lume::detail::ExecutionPolicy const&, lume::detail::ExecutionStats*, std::vector<unsigned int, std::allocator<unsigned int> >*)+0x199a>
    31c9:	cmp    r8d,0x1
    31cd:	jne    34a0 <lume::detail::execute_cpu_reference_with_policy(lume::VerifiedProgram const&, std::span<lume::Buffer const, 18446744073709551615ul>, lume::detail::ExecutionPolicy const&, lume::detail::ExecutionStats*, std::vector<unsigned int, std::allocator<unsigned int> >*)+0x1a40>
    31d3:	test   rax,rax
    31d6:	je     46c6 <lume::detail::execute_cpu_reference_with_policy(lume::VerifiedProgram const&, std::span<lume::Buffer const, 18446744073709551615ul>, lume::detail::ExecutionPolicy const&, lume::detail::ExecutionStats*, std::vector<unsigned int, std::allocator<unsigned int> >*)+0x2c66>
    31dc:	cmp    rax,0x8
    31e0:	jb     31fc <lume::detail::execute_cpu_reference_with_policy(lume::VerifiedProgram const&, std::span<lume::Buffer const, 18446744073709551615ul>, lume::detail::ExecutionPolicy const&, lume::detail::ExecutionStats*, std::vector<unsigned int, std::allocator<unsigned int> >*)+0x179c>
    31e2:	lea    r8,[rdi+rax*4]
    31e6:	cmp    rdx,r8
    31e9:	jae    3beb <lume::detail::execute_cpu_reference_with_policy(lume::VerifiedProgram const&, std::span<lume::Buffer const, 18446744073709551615ul>, lume::detail::ExecutionPolicy const&, lume::detail::ExecutionStats*, std::vector<unsigned int, std::allocator<unsigned int> >*)+0x218b>
    31ef:	lea    r8,[rdx+rax*4]
    31f3:	cmp    rdi,r8
    31f6:	jae    3beb <lume::detail::execute_cpu_reference_with_policy(lume::VerifiedProgram const&, std::span<lume::Buffer const, 18446744073709551615ul>, lume::detail::ExecutionPolicy const&, lume::detail::ExecutionStats*, std::vector<unsigned int, std::allocator<unsigned int> >*)+0x218b>
    31fc:	xor    r8d,r8d
    31ff:	mov    r10,rax
    3202:	mov    r9,r8
    3205:	and    r10,0x3
    3209:	je     321e <lume::detail::execute_cpu_reference_with_policy(lume::VerifiedProgram const&, std::span<lume::Buffer const, 18446744073709551615ul>, lume::detail::ExecutionPolicy const&, lume::detail::ExecutionStats*, std::vector<unsigned int, std::allocator<unsigned int> >*)+0x17be>
    320b:	mov    r9,r8
    320e:	mov    r11d,DWORD PTR [rdi+r9*4]
    3212:	add    DWORD PTR [rdx+r9*4],r11d
    3216:	inc    r9
    3219:	dec    r10
    321c:	jne    320e <lume::detail::execute_cpu_reference_with_policy(lume::VerifiedProgram const&, std::span<lume::Buffer const, 18446744073709551615ul>, lume::detail::ExecutionPolicy const&, lume::detail::ExecutionStats*, std::vector<unsigned int, std::allocator<unsigned int> >*)+0x17ae>
    321e:	sub    r8,rax
    3221:	cmp    r8,0xfffffffffffffffc
    3225:	ja     46c6 <lume::detail::execute_cpu_reference_with_policy(lume::VerifiedProgram const&, std::span<lume::Buffer const, 18446744073709551615ul>, lume::detail::ExecutionPolicy const&, lume::detail::ExecutionStats*, std::vector<unsigned int, std::allocator<unsigned int> >*)+0x2c66>
    322b:	mov    r8d,DWORD PTR [rdi+r9*4]
    322f:	add    DWORD PTR [rdx+r9*4],r8d
    3233:	mov    r8d,DWORD PTR [rdi+r9*4+0x4]
    3238:	add    DWORD PTR [rdx+r9*4+0x4],r8d
    323d:	mov    r8d,DWORD PTR [rdi+r9*4+0x8]
    3242:	add    DWORD PTR [rdx+r9*4+0x8],r8d
    3247:	mov    r8d,DWORD PTR [rdi+r9*4+0xc]
    324c:	add    DWORD PTR [rdx+r9*4+0xc],r8d
    3251:	add    r9,0x4
    3255:	cmp    rax,r9
    3258:	jne    322b <lume::detail::execute_cpu_reference_with_policy(lume::VerifiedProgram const&, std::span<lume::Buffer const, 18446744073709551615ul>, lume::detail::ExecutionPolicy const&, lume::detail::ExecutionStats*, std::vector<unsigned int, std::allocator<unsigned int> >*)+0x17cb>
    325a:	jmp    46c6 <lume::detail::execute_cpu_reference_with_policy(lume::VerifiedProgram const&, std::span<lume::Buffer const, 18446744073709551615ul>, lume::detail::ExecutionPolicy const&, lume::detail::ExecutionStats*, std::vector<unsigned int, std::allocator<unsigned int> >*)+0x2c66>
    325f:	mov    rdx,rax
    3262:	sub    rdx,rbx
    3265:	cmp    rdx,0x20
    3269:	jb     2842 <lume::detail::execute_cpu_reference_with_policy(lume::VerifiedProgram const&, std::span<lume::Buffer const, 18446744073709551615ul>, lume::detail::ExecutionPolicy const&, lume::detail::ExecutionStats*, std::vector<unsigned int, std::allocator<unsigned int> >*)+0xde2>
    326f:	mov    rsi,rax
    3272:	sub    rsi,r13
    3275:	mov    edx,0x0
    327a:	cmp    rsi,0x20
    327e:	jb     2844 <lume::detail::execute_cpu_reference_with_policy(lume::VerifiedProgram const&, std::span<lume::Buffer const, 18446744073709551615ul>, lume::detail::ExecutionPolicy const&, lume::detail::ExecutionStats*, std::vector<unsigned int, std::allocator<unsigned int> >*)+0xde4>
    3284:	mov    rdx,rbp
    3287:	and    rdx,0xfffffffffffffff8
    328b:	xor    esi,esi
    328d:	movups xmm0,XMMWORD PTR [rbx+rsi*4]
    3291:	movups xmm1,XMMWORD PTR [rbx+rsi*4+0x10]
    3296:	movups xmm2,XMMWORD PTR [r13+rsi*4+0x0]
    329c:	addps  xmm2,xmm0
    329f:	movups xmm0,XMMWORD PTR [r13+rsi*4+0x10]
    32a5:	addps  xmm0,xmm1
    32a8:	movups XMMWORD PTR [rax+rsi*4],xmm2
    32ac:	movups XMMWORD PTR [rax+rsi*4+0x10],xmm0
    32b1:	add    rsi,0x8
    32b5:	cmp    rdx,rsi
    32b8:	jne    328d <lume::detail::execute_cpu_reference_with_policy(lume::VerifiedProgram const&, std::span<lume::Buffer const, 18446744073709551615ul>, lume::detail::ExecutionPolicy const&, lume::detail::ExecutionStats*, std::vector<unsigned int, std::allocator<unsigned int> >*)+0x182d>
    32ba:	cmp    rbp,rdx
    32bd:	jne    2844 <lume::detail::execute_cpu_reference_with_policy(lume::VerifiedProgram const&, std::span<lume::Buffer const, 18446744073709551615ul>, lume::detail::ExecutionPolicy const&, lume::detail::ExecutionStats*, std::vector<unsigned int, std::allocator<unsigned int> >*)+0xde4>
    32c3:	jmp    2b50 <lume::detail::execute_cpu_reference_with_policy(lume::VerifiedProgram const&, std::span<lume::Buffer const, 18446744073709551615ul>, lume::detail::ExecutionPolicy const&, lume::detail::ExecutionStats*, std::vector<unsigned int, std::allocator<unsigned int> >*)+0x10f0>
    32c8:	mov    rdx,rax
    32cb:	sub    rdx,rbx
    32ce:	cmp    rdx,0x20
    32d2:	jb     2974 <lume::detail::execute_cpu_reference_with_policy(lume::VerifiedProgram const&, std::span<lume::Buffer const, 18446744073709551615ul>, lume::detail::ExecutionPolicy const&, lume::detail::ExecutionStats*, std::vector<unsigned int, std::allocator<unsigned int> >*)+0xf14>
    32d8:	mov    rsi,rax
    32db:	sub    rsi,r13
    32de:	mov    edx,0x0
    32e3:	cmp    rsi,0x20
    32e7:	jb     2976 <lume::detail::execute_cpu_reference_with_policy(lume::VerifiedProgram const&, std::span<lume::Buffer const, 18446744073709551615ul>, lume::detail::ExecutionPolicy const&, lume::detail::ExecutionStats*, std::vector<unsigned int, std::allocator<unsigned int> >*)+0xf16>
    32ed:	mov    rdx,rbp
    32f0:	and    rdx,0xfffffffffffffff8
    32f4:	xor    esi,esi
    32f6:	movdqu xmm0,XMMWORD PTR [rbx+rsi*4]
    32fb:	movdqu xmm1,XMMWORD PTR [rbx+rsi*4+0x10]
    3301:	movdqu xmm2,XMMWORD PTR [r13+rsi*4+0x0]
    3308:	paddd  xmm2,xmm0
    330c:	movdqu xmm0,XMMWORD PTR [r13+rsi*4+0x10]
    3313:	paddd  xmm0,xmm1
    3317:	movdqu XMMWORD PTR [rax+rsi*4],xmm2
    331c:	movdqu XMMWORD PTR [rax+rsi*4+0x10],xmm0
    3322:	add    rsi,0x8
    3326:	cmp    rdx,rsi
    3329:	jne    32f6 <lume::detail::execute_cpu_reference_with_policy(lume::VerifiedProgram const&, std::span<lume::Buffer const, 18446744073709551615ul>, lume::detail::ExecutionPolicy const&, lume::detail::ExecutionStats*, std::vector<unsigned int, std::allocator<unsigned int> >*)+0x1896>
    332b:	cmp    rbp,rdx
    332e:	jne    2976 <lume::detail::execute_cpu_reference_with_policy(lume::VerifiedProgram const&, std::span<lume::Buffer const, 18446744073709551615ul>, lume::detail::ExecutionPolicy const&, lume::detail::ExecutionStats*, std::vector<unsigned int, std::allocator<unsigned int> >*)+0xf16>
    3334:	jmp    2b50 <lume::detail::execute_cpu_reference_with_policy(lume::VerifiedProgram const&, std::span<lume::Buffer const, 18446744073709551615ul>, lume::detail::ExecutionPolicy const&, lume::detail::ExecutionStats*, std::vector<unsigned int, std::allocator<unsigned int> >*)+0x10f0>
    3339:	test   rax,rax
    333c:	je     46c6 <lume::detail::execute_cpu_reference_with_policy(lume::VerifiedProgram const&, std::span<lume::Buffer const, 18446744073709551615ul>, lume::detail::ExecutionPolicy const&, lume::detail::ExecutionStats*, std::vector<unsigned int, std::allocator<unsigned int> >*)+0x2c66>
    3342:	cmp    rax,0x8
    3346:	jb     3362 <lume::detail::execute_cpu_reference_with_policy(lume::VerifiedProgram const&, std::span<lume::Buffer const, 18446744073709551615ul>, lume::detail::ExecutionPolicy const&, lume::detail::ExecutionStats*, std::vector<unsigned int, std::allocator<unsigned int> >*)+0x1902>
    3348:	lea    r8,[rdi+rax*4]
    334c:	cmp    rdx,r8
    334f:	jae    3c3b <lume::detail::execute_cpu_reference_with_policy(lume::VerifiedProgram const&, std::span<lume::Buffer const, 18446744073709551615ul>, lume::detail::ExecutionPolicy const&, lume::detail::ExecutionStats*, std::vector<unsigned int, std::allocator<unsigned int> >*)+0x21db>
    3355:	lea    r8,[rdx+rax*4]
    3359:	cmp    rdi,r8
    335c:	jae    3c3b <lume::detail::execute_cpu_reference_with_policy(lume::VerifiedProgram const&, std::span<lume::Buffer const, 18446744073709551615ul>, lume::detail::ExecutionPolicy const&, lume::detail::ExecutionStats*, std::vector<unsigned int, std::allocator<unsigned int> >*)+0x21db>
    3362:	xor    r8d,r8d
    3365:	mov    r10,rax
    3368:	mov    r9,r8
    336b:	and    r10,0x3
    336f:	je     338e <lume::detail::execute_cpu_reference_with_policy(lume::VerifiedProgram const&, std::span<lume::Buffer const, 18446744073709551615ul>, lume::detail::ExecutionPolicy const&, lume::detail::ExecutionStats*, std::vector<unsigned int, std::allocator<unsigned int> >*)+0x192e>
    3371:	mov    r9,r8
    3374:	movss  xmm0,DWORD PTR [rdx+r9*4]
    337a:	addss  xmm0,DWORD PTR [rdi+r9*4]
    3380:	movss  DWORD PTR [rdx+r9*4],xmm0
    3386:	inc    r9
    3389:	dec    r10
    338c:	jne    3374 <lume::detail::execute_cpu_reference_with_policy(lume::VerifiedProgram const&, std::span<lume::Buffer const, 18446744073709551615ul>, lume::detail::ExecutionPolicy const&, lume::detail::ExecutionStats*, std::vector<unsigned int, std::allocator<unsigned int> >*)+0x1914>
    338e:	sub    r8,rax
    3391:	cmp    r8,0xfffffffffffffffc
    3395:	ja     46c6 <lume::detail::execute_cpu_reference_with_policy(lume::VerifiedProgram const&, std::span<lume::Buffer const, 18446744073709551615ul>, lume::detail::ExecutionPolicy const&, lume::detail::ExecutionStats*, std::vector<unsigned int, std::allocator<unsigned int> >*)+0x2c66>
    339b:	movss  xmm0,DWORD PTR [rdx+r9*4]
    33a1:	addss  xmm0,DWORD PTR [rdi+r9*4]
    33a7:	movss  xmm1,DWORD PTR [rdx+r9*4+0x4]
    33ae:	movss  DWORD PTR [rdx+r9*4],xmm0
    33b4:	addss  xmm1,DWORD PTR [rdi+r9*4+0x4]
    33bb:	movss  DWORD PTR [rdx+r9*4+0x4],xmm1
    33c2:	movss  xmm0,DWORD PTR [rdx+r9*4+0x8]
    33c9:	addss  xmm0,DWORD PTR [rdi+r9*4+0x8]
    33d0:	movss  DWORD PTR [rdx+r9*4+0x8],xmm0
    33d7:	movss  xmm0,DWORD PTR [rdx+r9*4+0xc]
    33de:	addss  xmm0,DWORD PTR [rdi+r9*4+0xc]
    33e5:	movss  DWORD PTR [rdx+r9*4+0xc],xmm0
    33ec:	add    r9,0x4
    33f0:	cmp    rax,r9
    33f3:	jne    339b <lume::detail::execute_cpu_reference_with_policy(lume::VerifiedProgram const&, std::span<lume::Buffer const, 18446744073709551615ul>, lume::detail::ExecutionPolicy const&, lume::detail::ExecutionStats*, std::vector<unsigned int, std::allocator<unsigned int> >*)+0x193b>
    33f5:	jmp    46c6 <lume::detail::execute_cpu_reference_with_policy(lume::VerifiedProgram const&, std::span<lume::Buffer const, 18446744073709551615ul>, lume::detail::ExecutionPolicy const&, lume::detail::ExecutionStats*, std::vector<unsigned int, std::allocator<unsigned int> >*)+0x2c66>
    33fa:	test   rax,rax
    33fd:	je     46c6 <lume::detail::execute_cpu_reference_with_policy(lume::VerifiedProgram const&, std::span<lume::Buffer const, 18446744073709551615ul>, lume::detail::ExecutionPolicy const&, lume::detail::ExecutionStats*, std::vector<unsigned int, std::allocator<unsigned int> >*)+0x2c66>
    3403:	cmp    rax,0x8
    3407:	jb     3423 <lume::detail::execute_cpu_reference_with_policy(lume::VerifiedProgram const&, std::span<lume::Buffer const, 18446744073709551615ul>, lume::detail::ExecutionPolicy const&, lume::detail::ExecutionStats*, std::vector<unsigned int, std::allocator<unsigned int> >*)+0x19c3>
    3409:	lea    r8,[rdi+rax*4]
    340d:	cmp    rdx,r8
    3410:	jae    3c83 <lume::detail::execute_cpu_reference_with_policy(lume::VerifiedProgram const&, std::span<lume::Buffer const, 18446744073709551615ul>, lume::detail::ExecutionPolicy const&, lume::detail::ExecutionStats*, std::vector<unsigned int, std::allocator<unsigned int> >*)+0x2223>
    3416:	lea    r8,[rdx+rax*4]
    341a:	cmp    rdi,r8
    341d:	jae    3c83 <lume::detail::execute_cpu_reference_with_policy(lume::VerifiedProgram const&, std::span<lume::Buffer const, 18446744073709551615ul>, lume::detail::ExecutionPolicy const&, lume::detail::ExecutionStats*, std::vector<unsigned int, std::allocator<unsigned int> >*)+0x2223>
    3423:	xor    r8d,r8d
    3426:	mov    r10,rax
    3429:	mov    r9,r8
    342c:	and    r10,0x3
    3430:	je     3445 <lume::detail::execute_cpu_reference_with_policy(lume::VerifiedProgram const&, std::span<lume::Buffer const, 18446744073709551615ul>, lume::detail::ExecutionPolicy const&, lume::detail::ExecutionStats*, std::vector<unsigned int, std::allocator<unsigned int> >*)+0x19e5>
    3432:	mov    r9,r8
    3435:	mov    r11d,DWORD PTR [rdi+r9*4]
    3439:	add    DWORD PTR [rdx+r9*4],r11d
    343d:	inc    r9
    3440:	dec    r10
    3443:	jne    3435 <lume::detail::execute_cpu_reference_with_policy(lume::VerifiedProgram const&, std::span<lume::Buffer const, 18446744073709551615ul>, lume::detail::ExecutionPolicy const&, lume::detail::ExecutionStats*, std::vector<unsigned int, std::allocator<unsigned int> >*)+0x19d5>
    3445:	sub    r8,rax
    3448:	cmp    r8,0xfffffffffffffffc
    344c:	ja     46c6 <lume::detail::execute_cpu_reference_with_policy(lume::VerifiedProgram const&, std::span<lume::Buffer const, 18446744073709551615ul>, lume::detail::ExecutionPolicy const&, lume::detail::ExecutionStats*, std::vector<unsigned int, std::allocator<unsigned int> >*)+0x2c66>
    3452:	mov    r8d,DWORD PTR [rdi+r9*4]
    3456:	add    DWORD PTR [rdx+r9*4],r8d
    345a:	mov    r8d,DWORD PTR [rdi+r9*4+0x4]
    345f:	add    DWORD PTR [rdx+r9*4+0x4],r8d
    3464:	mov    r8d,DWORD PTR [rdi+r9*4+0x8]
    3469:	add    DWORD PTR [rdx+r9*4+0x8],r8d
    346e:	mov    r8d,DWORD PTR [rdi+r9*4+0xc]
    3473:	add    DWORD PTR [rdx+r9*4+0xc],r8d
    3478:	add    r9,0x4
    347c:	cmp    rax,r9
    347f:	jne    3452 <lume::detail::execute_cpu_reference_with_policy(lume::VerifiedProgram const&, std::span<lume::Buffer const, 18446744073709551615ul>, lume::detail::ExecutionPolicy const&, lume::detail::ExecutionStats*, std::vector<unsigned int, std::allocator<unsigned int> >*)+0x19f2>
    3481:	jmp    46c6 <lume::detail::execute_cpu_reference_with_policy(lume::VerifiedProgram const&, std::span<lume::Buffer const, 18446744073709551615ul>, lume::detail::ExecutionPolicy const&, lume::detail::ExecutionStats*, std::vector<unsigned int, std::allocator<unsigned int> >*)+0x2c66>
    3486:	test   rax,rax
    3489:	je     46c6 <lume::detail::execute_cpu_reference_with_policy(lume::VerifiedProgram const&, std::span<lume::Buffer const, 18446744073709551615ul>, lume::detail::ExecutionPolicy const&, lume::detail::ExecutionStats*, std::vector<unsigned int, std::allocator<unsigned int> >*)+0x2c66>
    348f:	cmp    rax,0x8
    3493:	jae    3afd <lume::detail::execute_cpu_reference_with_policy(lume::VerifiedProgram const&, std::span<lume::Buffer const, 18446744073709551615ul>, lume::detail::ExecutionPolicy const&, lume::detail::ExecutionStats*, std::vector<unsigned int, std::allocator<unsigned int> >*)+0x209d>
    3499:	xor    edi,edi
    349b:	jmp    477b <lume::detail::execute_cpu_reference_with_policy(lume::VerifiedProgram const&, std::span<lume::Buffer const, 18446744073709551615ul>, lume::detail::ExecutionPolicy const&, lume::detail::ExecutionStats*, std::vector<unsigned int, std::allocator<unsigned int> >*)+0x2d1b>
    34a0:	test   rax,rax
    34a3:	je     46c6 <lume::detail::execute_cpu_reference_with_policy(lume::VerifiedProgram const&, std::span<lume::Buffer const, 18446744073709551615ul>, lume::detail::ExecutionPolicy const&, lume::detail::ExecutionStats*, std::vector<unsigned int, std::allocator<unsigned int> >*)+0x2c66>
    34a9:	cmp    rax,0x8
    34ad:	jae    3b31 <lume::detail::execute_cpu_reference_with_policy(lume::VerifiedProgram const&, std::span<lume::Buffer const, 18446744073709551615ul>, lume::detail::ExecutionPolicy const&, lume::detail::ExecutionStats*, std::vector<unsigned int, std::allocator<unsigned int> >*)+0x20d1>
    34b3:	xor    edi,edi
    34b5:	jmp    46bb <lume::detail::execute_cpu_reference_with_policy(lume::VerifiedProgram const&, std::span<lume::Buffer const, 18446744073709551615ul>, lume::detail::ExecutionPolicy const&, lume::detail::ExecutionStats*, std::vector<unsigned int, std::allocator<unsigned int> >*)+0x2c5b>
    34ba:	add    esi,0xfffffffe
    34bd:	jmp    34c1 <lume::detail::execute_cpu_reference_with_policy(lume::VerifiedProgram const&, std::span<lume::Buffer const, 18446744073709551615ul>, lume::detail::ExecutionPolicy const&, lume::detail::ExecutionStats*, std::vector<unsigned int, std::allocator<unsigned int> >*)+0x1a61>
    34bf:	dec    esi
    34c1:	mov    r12d,esi
    34c4:	mov    QWORD PTR [rsp+0x80],rax
    34cc:	cmp    esi,0x10
    34cf:	jb     34f0 <lume::detail::execute_cpu_reference_with_policy(lume::VerifiedProgram const&, std::span<lume::Buffer const, 18446744073709551615ul>, lume::detail::ExecutionPolicy const&, lume::detail::ExecutionStats*, std::vector<unsigned int, std::allocator<unsigned int> >*)+0x1a90>
    34d1:	lea    rdi,[r12+0x1]
    34d6:	call   34db <lume::detail::execute_cpu_reference_with_policy(lume::VerifiedProgram const&, std::span<lume::Buffer const, 18446744073709551615ul>, lume::detail::ExecutionPolicy const&, lume::detail::ExecutionStats*, std::vector<unsigned int, std::allocator<unsigned int> >*)+0x1a7b>
    34db:	mov    r14,rax
    34de:	mov    QWORD PTR [rsp+0x80],rax
    34e6:	mov    QWORD PTR [rsp+0x90],r12
    34ee:	jmp    3506 <lume::detail::execute_cpu_reference_with_policy(lume::VerifiedProgram const&, std::span<lume::Buffer const, 18446744073709551615ul>, lume::detail::ExecutionPolicy const&, lume::detail::ExecutionStats*, std::vector<unsigned int, std::allocator<unsigned int> >*)+0x1aa6>
    34f0:	test   r12,r12
    34f3:	je     27d0 <lume::detail::execute_cpu_reference_with_policy(lume::VerifiedProgram const&, std::span<lume::Buffer const, 18446744073709551615ul>, lume::detail::ExecutionPolicy const&, lume::detail::ExecutionStats*, std::vector<unsigned int, std::allocator<unsigned int> >*)+0xd70>
    34f9:	mov    r14,rax
    34fc:	cmp    r12d,0x1
    3500:	je     27c2 <lume::detail::execute_cpu_reference_with_policy(lume::VerifiedProgram const&, std::span<lume::Buffer const, 18446744073709551615ul>, lume::detail::ExecutionPolicy const&, lume::detail::ExecutionStats*, std::vector<unsigned int, std::allocator<unsigned int> >*)+0xd62>
    3506:	mov    rdi,r14
    3509:	xor    esi,esi
    350b:	mov    rdx,r12
    350e:	call   3513 <lume::detail::execute_cpu_reference_with_policy(lume::VerifiedProgram const&, std::span<lume::Buffer const, 18446744073709551615ul>, lume::detail::ExecutionPolicy const&, lume::detail::ExecutionStats*, std::vector<unsigned int, std::allocator<unsigned int> >*)+0x1ab3>
    3513:	mov    QWORD PTR [rsp+0x88],r12
    351b:	mov    BYTE PTR [r14+r12*1],0x0
    3520:	mov    rcx,QWORD PTR [rsp+0x80]
    3528:	mov    rdx,r15
    352b:	cmp    r15,0x64
    352f:	lea    r10,[rip+0x0]        # 3536 <lume::detail::execute_cpu_reference_with_policy(lume::VerifiedProgram const&, std::span<lume::Buffer const, 18446744073709551615ul>, lume::detail::ExecutionPolicy const&, lume::detail::ExecutionStats*, std::vector<unsigned int, std::allocator<unsigned int> >*)+0x1ad6>
    3536:	movabs r11,0x28f5c28f5c28f5c3
    3540:	jb     3590 <lume::detail::execute_cpu_reference_with_policy(lume::VerifiedProgram const&, std::span<lume::Buffer const, 18446744073709551615ul>, lume::detail::ExecutionPolicy const&, lume::detail::ExecutionStats*, std::vector<unsigned int, std::allocator<unsigned int> >*)+0x1b30>
    3542:	mov    esi,DWORD PTR [rsp+0x88]
    3549:	add    esi,0xfffffffe
    354c:	mov    rdi,r15
    354f:	nop
    3550:	lea    r8d,[rsi+0x1]
    3554:	mov    rax,rdi
    3557:	shr    rax,0x2
    355b:	mul    r11
    355e:	shr    rdx,0x2
    3562:	imul   eax,edx,0x64
    3565:	mov    r9d,edi
    3568:	sub    r9d,eax
    356b:	movzx  eax,BYTE PTR [r10+r9*2]
    3570:	movzx  r9d,BYTE PTR [r10+r9*2+0x1]
    3576:	mov    BYTE PTR [rcx+r8*1],r9b
    357a:	mov    r8d,esi
    357d:	mov    BYTE PTR [rcx+r8*1],al
    3581:	add    esi,0xfffffffe
    3584:	cmp    rdi,0x270f
    358b:	mov    rdi,rdx
    358e:	ja     3550 <lume::detail::execute_cpu_reference_with_policy(lume::VerifiedProgram const&, std::span<lume::Buffer const, 18446744073709551615ul>, lume::detail::ExecutionPolicy const&, lume::detail::ExecutionStats*, std::vector<unsigned int, std::allocator<unsigned int> >*)+0x1af0>
    3590:	cmp    rdx,0xa
    3594:	jb     35ab <lume::detail::execute_cpu_reference_with_policy(lume::VerifiedProgram const&, std::span<lume::Buffer const, 18446744073709551615ul>, lume::detail::ExecutionPolicy const&, lume::detail::ExecutionStats*, std::vector<unsigned int, std::allocator<unsigned int> >*)+0x1b4b>
    3596:	lea    rsi,[rip+0x0]        # 359d <lume::detail::execute_cpu_reference_with_policy(lume::VerifiedProgram const&, std::span<lume::Buffer const, 18446744073709551615ul>, lume::detail::ExecutionPolicy const&, lume::detail::ExecutionStats*, std::vector<unsigned int, std::allocator<unsigned int> >*)+0x1b3d>
    359d:	movzx  eax,BYTE PTR [rsi+rdx*2]
    35a1:	movzx  edx,BYTE PTR [rsi+rdx*2+0x1]
    35a6:	mov    BYTE PTR [rcx+0x1],dl
    35a9:	jmp    35b0 <lume::detail::execute_cpu_reference_with_policy(lume::VerifiedProgram const&, std::span<lume::Buffer const, 18446744073709551615ul>, lume::detail::ExecutionPolicy const&, lume::detail::ExecutionStats*, std::vector<unsigned int, std::allocator<unsigned int> >*)+0x1b50>
    35ab:	or     dl,0x30
    35ae:	mov    eax,edx
    35b0:	mov    BYTE PTR [rcx],al
    35b2:	mov    r8d,0x3
    35b8:	lea    rdi,[rsp+0x80]
    35c0:	xor    esi,esi
    35c2:	xor    edx,edx
    35c4:	lea    rcx,[rip+0x0]        # 35cb <lume::detail::execute_cpu_reference_with_policy(lume::VerifiedProgram const&, std::span<lume::Buffer const, 18446744073709551615ul>, lume::detail::ExecutionPolicy const&, lume::detail::ExecutionStats*, std::vector<unsigned int, std::allocator<unsigned int> >*)+0x1b6b>
    35cb:	call   35d0 <lume::detail::execute_cpu_reference_with_policy(lume::VerifiedProgram const&, std::span<lume::Buffer const, 18446744073709551615ul>, lume::detail::ExecutionPolicy const&, lume::detail::ExecutionStats*, std::vector<unsigned int, std::allocator<unsigned int> >*)+0x1b70>
    35d0:	lea    rdi,[rsp+0x38]
    35d5:	mov    QWORD PTR [rsp+0x28],rdi
    35da:	mov    rsi,QWORD PTR [rax]
    35dd:	mov    rbx,rax
    35e0:	add    rbx,0x10
    35e4:	cmp    rsi,rbx
    35e7:	je     35fd <lume::detail::execute_cpu_reference_with_policy(lume::VerifiedProgram const&, std::span<lume::Buffer const, 18446744073709551615ul>, lume::detail::ExecutionPolicy const&, lume::detail::ExecutionStats*, std::vector<unsigned int, std::allocator<unsigned int> >*)+0x1b9d>
    35e9:	mov    QWORD PTR [rsp+0x28],rsi
    35ee:	mov    rcx,QWORD PTR [rax+0x10]
    35f2:	mov    QWORD PTR [rsp+0x38],rcx
    35f7:	mov    r14,QWORD PTR [rax+0x8]
    35fb:	jmp    3610 <lume::detail::execute_cpu_reference_with_policy(lume::VerifiedProgram const&, std::span<lume::Buffer const, 18446744073709551615ul>, lume::detail::ExecutionPolicy const&, lume::detail::ExecutionStats*, std::vector<unsigned int, std::allocator<unsigned int> >*)+0x1bb0>
    35fd:	mov    r14,QWORD PTR [rax+0x8]
    3601:	lea    rdx,[r14+0x1]
    3605:	mov    r12,rax
    3608:	call   360d <lume::detail::execute_cpu_reference_with_policy(lume::VerifiedProgram const&, std::span<lume::Buffer const, 18446744073709551615ul>, lume::detail::ExecutionPolicy const&, lume::detail::ExecutionStats*, std::vector<unsigned int, std::allocator<unsigned int> >*)+0x1bad>
    360d:	mov    rax,r12
    3610:	mov    QWORD PTR [rsp+0x30],r14
    3615:	mov    QWORD PTR [rax],rbx
    3618:	mov    QWORD PTR [rax+0x8],0x0
    3620:	mov    BYTE PTR [rax+0x10],0x0
    3624:	mov    rsi,QWORD PTR [rsp+0x30]
    3629:	movabs rax,0x7fffffffffffffe1
    3633:	add    rax,0xfffffffffffffffb
    3637:	cmp    rsi,rax
    363a:	jg     6798 <lume::detail::execute_cpu_reference_with_policy(lume::VerifiedProgram const&, std::span<lume::Buffer const, 18446744073709551615ul>, lume::detail::ExecutionPolicy const&, lume::detail::ExecutionStats*, std::vector<unsigned int, std::allocator<unsigned int> >*)+0x4d38>
    3640:	mov    rax,QWORD PTR [rsp+0x28]
    3645:	mov    ecx,0xf
    364a:	lea    rdx,[rsp+0x38]
    364f:	cmp    rax,rdx
    3652:	je     3659 <lume::detail::execute_cpu_reference_with_policy(lume::VerifiedProgram const&, std::span<lume::Buffer const, 18446744073709551615ul>, lume::detail::ExecutionPolicy const&, lume::detail::ExecutionStats*, std::vector<unsigned int, std::allocator<unsigned int> >*)+0x1bf9>
    3654:	mov    rcx,QWORD PTR [rsp+0x38]
    3659:	lea    rbx,[rsi+0x23]
    365d:	cmp    rbx,rcx
    3660:	jbe    3682 <lume::detail::execute_cpu_reference_with_policy(lume::VerifiedProgram const&, std::span<lume::Buffer const, 18446744073709551615ul>, lume::detail::ExecutionPolicy const&, lume::detail::ExecutionStats*, std::vector<unsigned int, std::allocator<unsigned int> >*)+0x1c22>
    3662:	mov    r8d,0x23
    3668:	lea    rdi,[rsp+0x28]
    366d:	xor    edx,edx
    366f:	lea    rcx,[rip+0x0]        # 3676 <lume::detail::execute_cpu_reference_with_policy(lume::VerifiedProgram const&, std::span<lume::Buffer const, 18446744073709551615ul>, lume::detail::ExecutionPolicy const&, lume::detail::ExecutionStats*, std::vector<unsigned int, std::allocator<unsigned int> >*)+0x1c16>
    3676:	call   367b <lume::detail::execute_cpu_reference_with_policy(lume::VerifiedProgram const&, std::span<lume::Buffer const, 18446744073709551615ul>, lume::detail::ExecutionPolicy const&, lume::detail::ExecutionStats*, std::vector<unsigned int, std::allocator<unsigned int> >*)+0x1c1b>
    367b:	mov    rax,QWORD PTR [rsp+0x28]
    3680:	jmp    36a3 <lume::detail::execute_cpu_reference_with_policy(lume::VerifiedProgram const&, std::span<lume::Buffer const, 18446744073709551615ul>, lume::detail::ExecutionPolicy const&, lume::detail::ExecutionStats*, std::vector<unsigned int, std::allocator<unsigned int> >*)+0x1c43>
    3682:	movups xmm0,XMMWORD PTR [rip+0x0]        # 3689 <lume::detail::execute_cpu_reference_with_policy(lume::VerifiedProgram const&, std::span<lume::Buffer const, 18446744073709551615ul>, lume::detail::ExecutionPolicy const&, lume::detail::ExecutionStats*, std::vector<unsigned int, std::allocator<unsigned int> >*)+0x1c29>
    3689:	movups XMMWORD PTR [rax+rsi*1+0x10],xmm0
    368e:	movdqu xmm0,XMMWORD PTR [rip+0x0]        # 3696 <lume::detail::execute_cpu_reference_with_policy(lume::VerifiedProgram const&, std::span<lume::Buffer const, 18446744073709551615ul>, lume::detail::ExecutionPolicy const&, lume::detail::ExecutionStats*, std::vector<unsigned int, std::allocator<unsigned int> >*)+0x1c36>
    3696:	movdqu XMMWORD PTR [rax+rsi*1],xmm0
    369b:	mov    DWORD PTR [rax+rsi*1+0x1f],0x65657267
    36a3:	mov    QWORD PTR [rsp+0x30],rbx
    36a8:	mov    BYTE PTR [rax+rbx*1],0x0
    36ac:	lea    rdi,[rsp+0x1a0]
    36b4:	mov    QWORD PTR [rsp+0x190],rdi
    36bc:	mov    r12,QWORD PTR [rsp+0x28]
    36c1:	lea    rsi,[rsp+0x38]
    36c6:	cmp    r12,rsi
    36c9:	je     3757 <lume::detail::execute_cpu_reference_with_policy(lume::VerifiedProgram const&, std::span<lume::Buffer const, 18446744073709551615ul>, lume::detail::ExecutionPolicy const&, lume::detail::ExecutionStats*, std::vector<unsigned int, std::allocator<unsigned int> >*)+0x1cf7>
    36cf:	mov    QWORD PTR [rsp+0x190],r12
    36d7:	mov    rbp,QWORD PTR [rsp+0x30]
    36dc:	mov    rax,QWORD PTR [rsp+0x30]
    36e1:	mov    QWORD PTR [rsp+0x198],rax
    36e9:	mov    rax,QWORD PTR [rsp+0x38]
    36ee:	mov    QWORD PTR [rsp+0x1a0],rax
    36f6:	mov    QWORD PTR [rsp+0x28],rsi
    36fb:	mov    QWORD PTR [rsp+0x30],0x0
    3704:	mov    BYTE PTR [rsp+0x38],0x0
    3709:	movabs rax,0x7fffffffffffffe1
    3713:	cmp    rbp,rax
    3716:	jg     67d7 <lume::detail::execute_cpu_reference_with_policy(lume::VerifiedProgram const&, std::span<lume::Buffer const, 18446744073709551615ul>, lume::detail::ExecutionPolicy const&, lume::detail::ExecutionStats*, std::vector<unsigned int, std::allocator<unsigned int> >*)+0x4d77>
    371c:	lea    rbx,[rbp+0x1e]
    3720:	lea    rax,[rsp+0x1a0]
    3728:	cmp    r12,rax
    372b:	sete   cl
    372e:	je     37f8 <lume::detail::execute_cpu_reference_with_policy(lume::VerifiedProgram const&, std::span<lume::Buffer const, 18446744073709551615ul>, lume::detail::ExecutionPolicy const&, lume::detail::ExecutionStats*, std::vector<unsigned int, std::allocator<unsigned int> >*)+0x1d98>
    3734:	mov    rax,QWORD PTR [rsp+0x1a0]
    373c:	cmp    rbx,rax
    373f:	jbe    3807 <lume::detail::execute_cpu_reference_with_policy(lume::VerifiedProgram const&, std::span<lume::Buffer const, 18446744073709551615ul>, lume::detail::ExecutionPolicy const&, lume::detail::ExecutionStats*, std::vector<unsigned int, std::allocator<unsigned int> >*)+0x1da7>
    3745:	mov    BYTE PTR [rsp+0xa0],cl
    374c:	cmp    rbp,0xffffffffffffffe2
    3750:	jge    3797 <lume::detail::execute_cpu_reference_with_policy(lume::VerifiedProgram const&, std::span<lume::Buffer const, 18446744073709551615ul>, lume::detail::ExecutionPolicy const&, lume::detail::ExecutionStats*, std::vector<unsigned int, std::allocator<unsigned int> >*)+0x1d37>
    3752:	jmp    67c8 <lume::detail::execute_cpu_reference_with_policy(lume::VerifiedProgram const&, std::span<lume::Buffer const, 18446744073709551615ul>, lume::detail::ExecutionPolicy const&, lume::detail::ExecutionStats*, std::vector<unsigned int, std::allocator<unsigned int> >*)+0x4d68>
    3757:	mov    rbp,QWORD PTR [rsp+0x30]
    375c:	lea    rdx,[rbp+0x1]
    3760:	mov    rbx,rsi
    3763:	mov    r12,rdi
    3766:	call   376b <lume::detail::execute_cpu_reference_with_policy(lume::VerifiedProgram const&, std::span<lume::Buffer const, 18446744073709551615ul>, lume::detail::ExecutionPolicy const&, lume::detail::ExecutionStats*, std::vector<unsigned int, std::allocator<unsigned int> >*)+0x1d0b>
    376b:	mov    QWORD PTR [rsp+0x198],rbp
    3773:	mov    QWORD PTR [rsp+0x28],rbx
    3778:	mov    QWORD PTR [rsp+0x30],0x0
    3781:	mov    BYTE PTR [rsp+0x38],0x0
    3786:	lea    rbx,[rbp+0x1e]
    378a:	mov    BYTE PTR [rsp+0xa0],0x1
    3792:	mov    eax,0xf
    3797:	add    rax,rax
    379a:	movabs r13,0x7fffffffffffffff
    37a4:	cmp    rax,r13
    37a7:	cmovb  r13,rax
    37ab:	cmp    rbx,rax
    37ae:	cmovae r13,rbx
    37b2:	mov    rdi,r13
    37b5:	inc    rdi
    37b8:	js     665b <lume::detail::execute_cpu_reference_with_policy(lume::VerifiedProgram const&, std::span<lume::Buffer const, 18446744073709551615ul>, lume::detail::ExecutionPolicy const&, lume::detail::ExecutionStats*, std::vector<unsigned int, std::allocator<unsigned int> >*)+0x4bfb>
    37be:	call   37c3 <lume::detail::execute_cpu_reference_with_policy(lume::VerifiedProgram const&, std::span<lume::Buffer const, 18446744073709551615ul>, lume::detail::ExecutionPolicy const&, lume::detail::ExecutionStats*, std::vector<unsigned int, std::allocator<unsigned int> >*)+0x1d63>
    37c3:	mov    r14,rax
    37c6:	movups xmm0,XMMWORD PTR [rip+0x0]        # 37cd <lume::detail::execute_cpu_reference_with_policy(lume::VerifiedProgram const&, std::span<lume::Buffer const, 18446744073709551615ul>, lume::detail::ExecutionPolicy const&, lume::detail::ExecutionStats*, std::vector<unsigned int, std::allocator<unsigned int> >*)+0x1d6d>
    37cd:	movups XMMWORD PTR [rax+0xe],xmm0
    37d1:	movdqu xmm0,XMMWORD PTR [rip+0x0]        # 37d9 <lume::detail::execute_cpu_reference_with_policy(lume::VerifiedProgram const&, std::span<lume::Buffer const, 18446744073709551615ul>, lume::detail::ExecutionPolicy const&, lume::detail::ExecutionStats*, std::vector<unsigned int, std::allocator<unsigned int> >*)+0x1d79>
    37d9:	movdqu XMMWORD PTR [rax],xmm0
    37dd:	test   rbp,rbp
    37e0:	je     3849 <lume::detail::execute_cpu_reference_with_policy(lume::VerifiedProgram const&, std::span<lume::Buffer const, 18446744073709551615ul>, lume::detail::ExecutionPolicy const&, lume::detail::ExecutionStats*, std::vector<unsigned int, std::allocator<unsigned int> >*)+0x1de9>
    37e2:	mov    rdi,r14
    37e5:	add    rdi,0x1e
    37e9:	cmp    rbp,0x1
    37ed:	jne    383e <lume::detail::execute_cpu_reference_with_policy(lume::VerifiedProgram const&, std::span<lume::Buffer const, 18446744073709551615ul>, lume::detail::ExecutionPolicy const&, lume::detail::ExecutionStats*, std::vector<unsigned int, std::allocator<unsigned int> >*)+0x1dde>
    37ef:	movzx  eax,BYTE PTR [r12]
    37f4:	mov    BYTE PTR [rdi],al
    37f6:	jmp    3849 <lume::detail::execute_cpu_reference_with_policy(lume::VerifiedProgram const&, std::span<lume::Buffer const, 18446744073709551615ul>, lume::detail::ExecutionPolicy const&, lume::detail::ExecutionStats*, std::vector<unsigned int, std::allocator<unsigned int> >*)+0x1de9>
    37f8:	mov    eax,0xf
    37fd:	cmp    rbx,0xf
    3801:	ja     3745 <lume::detail::execute_cpu_reference_with_policy(lume::VerifiedProgram const&, std::span<lume::Buffer const, 18446744073709551615ul>, lume::detail::ExecutionPolicy const&, lume::detail::ExecutionStats*, std::vector<unsigned int, std::allocator<unsigned int> >*)+0x1ce5>
    3807:	lea    rax,[rip+0x0]        # 380e <lume::detail::execute_cpu_reference_with_policy(lume::VerifiedProgram const&, std::span<lume::Buffer const, 18446744073709551615ul>, lume::detail::ExecutionPolicy const&, lume::detail::ExecutionStats*, std::vector<unsigned int, std::allocator<unsigned int> >*)+0x1dae>
    380e:	cmp    r12,rax
    3811:	ja     3827 <lume::detail::execute_cpu_reference_with_policy(lume::VerifiedProgram const&, std::span<lume::Buffer const, 18446744073709551615ul>, lume::detail::ExecutionPolicy const&, lume::detail::ExecutionStats*, std::vector<unsigned int, std::allocator<unsigned int> >*)+0x1dc7>
    3813:	lea    rax,[r12+rbp*1]
    3817:	lea    rcx,[rip+0x0]        # 381e <lume::detail::execute_cpu_reference_with_policy(lume::VerifiedProgram const&, std::span<lume::Buffer const, 18446744073709551615ul>, lume::detail::ExecutionPolicy const&, lume::detail::ExecutionStats*, std::vector<unsigned int, std::allocator<unsigned int> >*)+0x1dbe>
    381e:	cmp    rax,rcx
    3821:	jae    466d <lume::detail::execute_cpu_reference_with_policy(lume::VerifiedProgram const&, std::span<lume::Buffer const, 18446744073709551615ul>, lume::detail::ExecutionPolicy const&, lume::detail::ExecutionStats*, std::vector<unsigned int, std::allocator<unsigned int> >*)+0x2c0d>
    3827:	test   rbp,rbp
    382a:	je     387d <lume::detail::execute_cpu_reference_with_policy(lume::VerifiedProgram const&, std::span<lume::Buffer const, 18446744073709551615ul>, lume::detail::ExecutionPolicy const&, lume::detail::ExecutionStats*, std::vector<unsigned int, std::allocator<unsigned int> >*)+0x1e1d>
    382c:	cmp    rbp,0x1
    3830:	jne    386d <lume::detail::execute_cpu_reference_with_policy(lume::VerifiedProgram const&, std::span<lume::Buffer const, 18446744073709551615ul>, lume::detail::ExecutionPolicy const&, lume::detail::ExecutionStats*, std::vector<unsigned int, std::allocator<unsigned int> >*)+0x1e0d>
    3832:	movzx  eax,BYTE PTR [r12]
    3837:	mov    BYTE PTR [r12+0x1e],al
    383c:	jmp    387d <lume::detail::execute_cpu_reference_with_policy(lume::VerifiedProgram const&, std::span<lume::Buffer const, 18446744073709551615ul>, lume::detail::ExecutionPolicy const&, lume::detail::ExecutionStats*, std::vector<unsigned int, std::allocator<unsigned int> >*)+0x1e1d>
    383e:	mov    rsi,r12
    3841:	mov    rdx,rbp
    3844:	call   3849 <lume::detail::execute_cpu_reference_with_policy(lume::VerifiedProgram const&, std::span<lume::Buffer const, 18446744073709551615ul>, lume::detail::ExecutionPolicy const&, lume::detail::ExecutionStats*, std::vector<unsigned int, std::allocator<unsigned int> >*)+0x1de9>
    3849:	cmp    BYTE PTR [rsp+0xa0],0x0
    3851:	jne    385b <lume::detail::execute_cpu_reference_with_policy(lume::VerifiedProgram const&, std::span<lume::Buffer const, 18446744073709551615ul>, lume::detail::ExecutionPolicy const&, lume::detail::ExecutionStats*, std::vector<unsigned int, std::allocator<unsigned int> >*)+0x1dfb>
    3853:	mov    rdi,r12
    3856:	call   385b <lume::detail::execute_cpu_reference_with_policy(lume::VerifiedProgram const&, std::span<lume::Buffer const, 18446744073709551615ul>, lume::detail::ExecutionPolicy const&, lume::detail::ExecutionStats*, std::vector<unsigned int, std::allocator<unsigned int> >*)+0x1dfb>
    385b:	mov    QWORD PTR [rsp+0x190],r14
    3863:	mov    QWORD PTR [rsp+0x1a0],r13
    386b:	jmp    3898 <lume::detail::execute_cpu_reference_with_policy(lume::VerifiedProgram const&, std::span<lume::Buffer const, 18446744073709551615ul>, lume::detail::ExecutionPolicy const&, lume::detail::ExecutionStats*, std::vector<unsigned int, std::allocator<unsigned int> >*)+0x1e38>
    386d:	lea    rdi,[r12+0x1e]
    3872:	mov    rsi,r12
    3875:	mov    rdx,rbp
    3878:	call   387d <lume::detail::execute_cpu_reference_with_policy(lume::VerifiedProgram const&, std::span<lume::Buffer const, 18446744073709551615ul>, lume::detail::ExecutionPolicy const&, lume::detail::ExecutionStats*, std::vector<unsigned int, std::allocator<unsigned int> >*)+0x1e1d>
    387d:	movups xmm0,XMMWORD PTR [rip+0x0]        # 3884 <lume::detail::execute_cpu_reference_with_policy(lume::VerifiedProgram const&, std::span<lume::Buffer const, 18446744073709551615ul>, lume::detail::ExecutionPolicy const&, lume::detail::ExecutionStats*, std::vector<unsigned int, std::allocator<unsigned int> >*)+0x1e24>
    3884:	movups XMMWORD PTR [r12+0xe],xmm0
    388a:	movdqu xmm0,XMMWORD PTR [rip+0x0]        # 3892 <lume::detail::execute_cpu_reference_with_policy(lume::VerifiedProgram const&, std::span<lume::Buffer const, 18446744073709551615ul>, lume::detail::ExecutionPolicy const&, lume::detail::ExecutionStats*, std::vector<unsigned int, std::allocator<unsigned int> >*)+0x1e32>
    3892:	movdqu XMMWORD PTR [r12],xmm0
    3898:	mov    QWORD PTR [rsp+0x198],rbx
    38a0:	mov    rax,QWORD PTR [rsp+0x190]
    38a8:	mov    BYTE PTR [rax+rbx*1],0x0
    38ac:	lea    r13,[rsp+0x18]
    38b1:	mov    QWORD PTR [rsp+0x8],r13
    38b6:	mov    rax,QWORD PTR [rsp+0x190]
    38be:	lea    r12,[rsp+0x1a0]
    38c6:	cmp    rax,r12
    38c9:	je     392b <lume::detail::execute_cpu_reference_with_policy(lume::VerifiedProgram const&, std::span<lume::Buffer const, 18446744073709551615ul>, lume::detail::ExecutionPolicy const&, lume::detail::ExecutionStats*, std::vector<unsigned int, std::allocator<unsigned int> >*)+0x1ecb>
    38cb:	mov    rbx,QWORD PTR [rsp+0x198]
    38d3:	mov    rcx,QWORD PTR [rsp+0x1a0]
    38db:	mov    QWORD PTR [rsp+0x18],rcx
    38e0:	mov    QWORD PTR [rsp+0x190],r12
    38e8:	mov    QWORD PTR [rsp+0x198],0x0
    38f4:	mov    BYTE PTR [rsp+0x1a0],0x0
    38fc:	mov    r12,QWORD PTR [rsp+0x48]
    3901:	pxor   xmm0,xmm0
    3905:	movdqu XMMWORD PTR [r12],xmm0
    390b:	mov    QWORD PTR [r12+0x10],0x0
    3914:	cmp    rax,r13
    3917:	je     397b <lume::detail::execute_cpu_reference_with_policy(lume::VerifiedProgram const&, std::span<lume::Buffer const, 18446744073709551615ul>, lume::detail::ExecutionPolicy const&, lume::detail::ExecutionStats*, std::vector<unsigned int, std::allocator<unsigned int> >*)+0x1f1b>
    3919:	mov    BYTE PTR [r12+0x18],0x3
    391f:	mov    QWORD PTR [r12+0x20],rax
    3924:	mov    QWORD PTR [r12+0x30],rcx
    3929:	jmp    399a <lume::detail::execute_cpu_reference_with_policy(lume::VerifiedProgram const&, std::span<lume::Buffer const, 18446744073709551615ul>, lume::detail::ExecutionPolicy const&, lume::detail::ExecutionStats*, std::vector<unsigned int, std::allocator<unsigned int> >*)+0x1f3a>
    392b:	mov    rbx,QWORD PTR [rsp+0x198]
    3933:	lea    r14,[rbx+0x1]
    3937:	mov    rdi,r13
    393a:	mov    rsi,r12
    393d:	mov    rdx,r14
    3940:	call   3945 <lume::detail::execute_cpu_reference_with_policy(lume::VerifiedProgram const&, std::span<lume::Buffer const, 18446744073709551615ul>, lume::detail::ExecutionPolicy const&, lume::detail::ExecutionStats*, std::vector<unsigned int, std::allocator<unsigned int> >*)+0x1ee5>
    3945:	mov    QWORD PTR [rsp+0x190],r12
    394d:	mov    QWORD PTR [rsp+0x198],0x0
    3959:	mov    BYTE PTR [rsp+0x1a0],0x0
    3961:	mov    r12,QWORD PTR [rsp+0x48]
    3966:	pxor   xmm0,xmm0
    396a:	movdqu XMMWORD PTR [r12],xmm0
    3970:	mov    QWORD PTR [r12+0x10],0x0
    3979:	jmp    397f <lume::detail::execute_cpu_reference_with_policy(lume::VerifiedProgram const&, std::span<lume::Buffer const, 18446744073709551615ul>, lume::detail::ExecutionPolicy const&, lume::detail::ExecutionStats*, std::vector<unsigned int, std::allocator<unsigned int> >*)+0x1f1f>
    397b:	lea    r14,[rbx+0x1]
    397f:	mov    BYTE PTR [r12+0x18],0x3
    3985:	mov    rdi,QWORD PTR [rsp+0x60]
    398a:	mov    QWORD PTR [r12+0x20],rdi
    398f:	mov    rsi,r13
    3992:	mov    rdx,r14
    3995:	call   399a <lume::detail::execute_cpu_reference_with_policy(lume::VerifiedProgram const&, std::span<lume::Buffer const, 18446744073709551615ul>, lume::detail::ExecutionPolicy const&, lume::detail::ExecutionStats*, std::vector<unsigned int, std::allocator<unsigned int> >*)+0x1f3a>
    399a:	mov    QWORD PTR [r12+0x28],rbx
    399f:	mov    BYTE PTR [r12+0x40],0x1
    39a5:	mov    rdi,QWORD PTR [rsp+0x28]
    39aa:	lea    rax,[rsp+0x38]
    39af:	cmp    rdi,rax
    39b2:	je     39b9 <lume::detail::execute_cpu_reference_with_policy(lume::VerifiedProgram const&, std::span<lume::Buffer const, 18446744073709551615ul>, lume::detail::ExecutionPolicy const&, lume::detail::ExecutionStats*, std::vector<unsigned int, std::allocator<unsigned int> >*)+0x1f59>
    39b4:	call   39b9 <lume::detail::execute_cpu_reference_with_policy(lume::VerifiedProgram const&, std::span<lume::Buffer const, 18446744073709551615ul>, lume::detail::ExecutionPolicy const&, lume::detail::ExecutionStats*, std::vector<unsigned int, std::allocator<unsigned int> >*)+0x1f59>
    39b9:	mov    rdi,QWORD PTR [rsp+0x80]
    39c1:	lea    rax,[rsp+0x90]
    39c9:	cmp    rdi,rax
    39cc:	je     39d3 <lume::detail::execute_cpu_reference_with_policy(lume::VerifiedProgram const&, std::span<lume::Buffer const, 18446744073709551615ul>, lume::detail::ExecutionPolicy const&, lume::detail::ExecutionStats*, std::vector<unsigned int, std::allocator<unsigned int> >*)+0x1f73>
    39ce:	call   39d3 <lume::detail::execute_cpu_reference_with_policy(lume::VerifiedProgram const&, std::span<lume::Buffer const, 18446744073709551615ul>, lume::detail::ExecutionPolicy const&, lume::detail::ExecutionStats*, std::vector<unsigned int, std::allocator<unsigned int> >*)+0x1f73>
    39d3:	mov    ebx,0x1
    39d8:	cmp    BYTE PTR [rsp+0xd0],0x0
    39e0:	mov    BYTE PTR [rsp+0xd0],0x0
    39e8:	je     2106 <lume::detail::execute_cpu_reference_with_policy(lume::VerifiedProgram const&, std::span<lume::Buffer const, 18446744073709551615ul>, lume::detail::ExecutionPolicy const&, lume::detail::ExecutionStats*, std::vector<unsigned int, std::allocator<unsigned int> >*)+0x6a6>
    39ee:	movzx  eax,BYTE PTR [rsp+0xc8]
    39f6:	cmp    eax,0xff
    39fb:	je     2106 <lume::detail::execute_cpu_reference_with_policy(lume::VerifiedProgram const&, std::span<lume::Buffer const, 18446744073709551615ul>, lume::detail::ExecutionPolicy const&, lume::detail::ExecutionStats*, std::vector<unsigned int, std::allocator<unsigned int> >*)+0x6a6>
    3a01:	mov    rdi,QWORD PTR [rsp+0xb0]
    3a09:	mov    eax,eax
    3a0b:	lea    rcx,[rip+0x0]        # 3a12 <lume::detail::execute_cpu_reference_with_policy(lume::VerifiedProgram const&, std::span<lume::Buffer const, 18446744073709551615ul>, lume::detail::ExecutionPolicy const&, lume::detail::ExecutionStats*, std::vector<unsigned int, std::allocator<unsigned int> >*)+0x1fb2>
    3a12:	movsxd rax,DWORD PTR [rcx+rax*4]
    3a16:	add    rax,rcx
    3a19:	jmp    rax
    3a1b:	test   rdi,rdi
    3a1e:	je     2106 <lume::detail::execute_cpu_reference_with_policy(lume::VerifiedProgram const&, std::span<lume::Buffer const, 18446744073709551615ul>, lume::detail::ExecutionPolicy const&, lume::detail::ExecutionStats*, std::vector<unsigned int, std::allocator<unsigned int> >*)+0x6a6>
    3a24:	call   3a29 <lume::detail::execute_cpu_reference_with_policy(lume::VerifiedProgram const&, std::span<lume::Buffer const, 18446744073709551615ul>, lume::detail::ExecutionPolicy const&, lume::detail::ExecutionStats*, std::vector<unsigned int, std::allocator<unsigned int> >*)+0x1fc9>
    3a29:	jmp    2106 <lume::detail::execute_cpu_reference_with_policy(lume::VerifiedProgram const&, std::span<lume::Buffer const, 18446744073709551615ul>, lume::detail::ExecutionPolicy const&, lume::detail::ExecutionStats*, std::vector<unsigned int, std::allocator<unsigned int> >*)+0x6a6>
    3a2e:	xor    esi,esi
    3a30:	cmp    r10d,ecx
    3a33:	sete   sil
    3a37:	mov    ecx,DWORD PTR [r13+rsi*4+0x0]
    3a3c:	mov    r14,r9
    3a3f:	cmp    QWORD PTR [rsp+0x70],rcx
    3a44:	jbe    6199 <lume::detail::execute_cpu_reference_with_policy(lume::VerifiedProgram const&, std::span<lume::Buffer const, 18446744073709551615ul>, lume::detail::ExecutionPolicy const&, lume::detail::ExecutionStats*, std::vector<unsigned int, std::allocator<unsigned int> >*)+0x4739>
    3a4a:	mov    rsi,QWORD PTR [rsp+0x50]
    3a4f:	mov    rcx,QWORD PTR [rsi+rcx*8]
    3a53:	test   rcx,rcx
    3a56:	je     6199 <lume::detail::execute_cpu_reference_with_policy(lume::VerifiedProgram const&, std::span<lume::Buffer const, 18446744073709551615ul>, lume::detail::ExecutionPolicy const&, lume::detail::ExecutionStats*, std::vector<unsigned int, std::allocator<unsigned int> >*)+0x4739>
    3a5c:	movzx  esi,BYTE PTR [rsp+0xa0]
    3a64:	mov    r8b,sil
    3a67:	lea    rdi,[rsp+0xb0]
    3a6f:	mov    rsi,rax
    3a72:	call   6d80 <lume::(anonymous namespace)::add_add_buffers(lume::Buffer const&, lume::Buffer const&, lume::Buffer const&, bool)>
    3a77:	cmp    BYTE PTR [rsp+0xd0],0x0
    3a7f:	je     3b6b <lume::detail::execute_cpu_reference_with_policy(lume::VerifiedProgram const&, std::span<lume::Buffer const, 18446744073709551615ul>, lume::detail::ExecutionPolicy const&, lume::detail::ExecutionStats*, std::vector<unsigned int, std::allocator<unsigned int> >*)+0x210b>
    3a85:	mov    eax,DWORD PTR [r14+rbx*1+0xc]
    3a8a:	lea    rdi,[rax+rax*4]
    3a8e:	shl    rdi,0x3
    3a92:	add    rdi,QWORD PTR [rsp+0x1d0]
    3a9a:	lea    rsi,[rsp+0xb0]
    3aa2:	call   3aa7 <lume::detail::execute_cpu_reference_with_policy(lume::VerifiedProgram const&, std::span<lume::Buffer const, 18446744073709551615ul>, lume::detail::ExecutionPolicy const&, lume::detail::ExecutionStats*, std::vector<unsigned int, std::allocator<unsigned int> >*)+0x2047>
    3aa7:	mov    eax,DWORD PTR [r14+rbx*1+0xc]
    3aac:	lea    rcx,[rax+rax*4]
    3ab0:	shl    rcx,0x3
    3ab4:	add    rcx,QWORD PTR [rsp+0x1d0]
    3abc:	mov    rdx,QWORD PTR [rsp+0x50]
    3ac1:	mov    QWORD PTR [rdx+rax*8],rcx
    3ac5:	mov    rax,QWORD PTR [rsp+0x330]
    3acd:	test   rax,rax
    3ad0:	mov    r13,QWORD PTR [rsp+0x208]
    3ad8:	je     3dea <lume::detail::execute_cpu_reference_with_policy(lume::VerifiedProgram const&, std::span<lume::Buffer const, 18446744073709551615ul>, lume::detail::ExecutionPolicy const&, lume::detail::ExecutionStats*, std::vector<unsigned int, std::allocator<unsigned int> >*)+0x238a>
    3ade:	mov    r12,QWORD PTR [rax+0x8]
    3ae2:	cmp    r12,QWORD PTR [rax+0x10]
    3ae6:	je     3d3a <lume::detail::execute_cpu_reference_with_policy(lume::VerifiedProgram const&, std::span<lume::Buffer const, 18446744073709551615ul>, lume::detail::ExecutionPolicy const&, lume::detail::ExecutionStats*, std::vector<unsigned int, std::allocator<unsigned int> >*)+0x22da>
    3aec:	mov    DWORD PTR [r12],r15d
    3af0:	add    r12,0x4
    3af4:	mov    QWORD PTR [rax+0x8],r12
    3af8:	jmp    3dea <lume::detail::execute_cpu_reference_with_policy(lume::VerifiedProgram const&, std::span<lume::Buffer const, 18446744073709551615ul>, lume::detail::ExecutionPolicy const&, lume::detail::ExecutionStats*, std::vector<unsigned int, std::allocator<unsigned int> >*)+0x238a>
    3afd:	mov    rdi,rax
    3b00:	and    rdi,0xfffffffffffffff8
    3b04:	xor    r8d,r8d
    3b07:	movups xmm0,XMMWORD PTR [rdx+r8*4]
    3b0c:	movups xmm1,XMMWORD PTR [rdx+r8*4+0x10]
    3b12:	addps  xmm0,xmm0
    3b15:	addps  xmm1,xmm1
    3b18:	movups XMMWORD PTR [rdx+r8*4],xmm0
    3b1d:	movups XMMWORD PTR [rdx+r8*4+0x10],xmm1
    3b23:	add    r8,0x8
    3b27:	cmp    rdi,r8
    3b2a:	jne    3b07 <lume::detail::execute_cpu_reference_with_policy(lume::VerifiedProgram const&, std::span<lume::Buffer const, 18446744073709551615ul>, lume::detail::ExecutionPolicy const&, lume::detail::ExecutionStats*, std::vector<unsigned int, std::allocator<unsigned int> >*)+0x20a7>
    3b2c:	jmp    4772 <lume::detail::execute_cpu_reference_with_policy(lume::VerifiedProgram const&, std::span<lume::Buffer const, 18446744073709551615ul>, lume::detail::ExecutionPolicy const&, lume::detail::ExecutionStats*, std::vector<unsigned int, std::allocator<unsigned int> >*)+0x2d12>
    3b31:	mov    rdi,rax
    3b34:	and    rdi,0xfffffffffffffff8
    3b38:	xor    r8d,r8d
    3b3b:	movdqu xmm0,XMMWORD PTR [rdx+r8*4]
    3b41:	movdqu xmm1,XMMWORD PTR [rdx+r8*4+0x10]
    3b48:	paddd  xmm0,xmm0
    3b4c:	paddd  xmm1,xmm1
    3b50:	movdqu XMMWORD PTR [rdx+r8*4],xmm0
    3b56:	movdqu XMMWORD PTR [rdx+r8*4+0x10],xmm1
    3b5d:	add    r8,0x8
    3b61:	cmp    rdi,r8
    3b64:	jne    3b3b <lume::detail::execute_cpu_reference_with_policy(lume::VerifiedProgram const&, std::span<lume::Buffer const, 18446744073709551615ul>, lume::detail::ExecutionPolicy const&, lume::detail::ExecutionStats*, std::vector<unsigned int, std::allocator<unsigned int> >*)+0x20db>
    3b66:	jmp    46c1 <lume::detail::execute_cpu_reference_with_policy(lume::VerifiedProgram const&, std::span<lume::Buffer const, 18446744073709551615ul>, lume::detail::ExecutionPolicy const&, lume::detail::ExecutionStats*, std::vector<unsigned int, std::allocator<unsigned int> >*)+0x2c61>
    3b6b:	cmp    r15,0xa
    3b6f:	mov    r13,QWORD PTR [rsp+0x208]
    3b77:	jae    3cd3 <lume::detail::execute_cpu_reference_with_policy(lume::VerifiedProgram const&, std::span<lume::Buffer const, 18446744073709551615ul>, lume::detail::ExecutionPolicy const&, lume::detail::ExecutionStats*, std::vector<unsigned int, std::allocator<unsigned int> >*)+0x2273>
    3b7d:	lea    rax,[rsp+0x2b8]
    3b85:	mov    QWORD PTR [rsp+0x2a8],rax
    3b8d:	mov    BYTE PTR [rsp+0x2b8],0x0
    3b95:	mov    r12d,0x1
    3b9b:	mov    r14,rax
    3b9e:	jmp    3e62 <lume::detail::execute_cpu_reference_with_policy(lume::VerifiedProgram const&, std::span<lume::Buffer const, 18446744073709551615ul>, lume::detail::ExecutionPolicy const&, lume::detail::ExecutionStats*, std::vector<unsigned int, std::allocator<unsigned int> >*)+0x2402>
    3ba3:	mov    r8,rax
    3ba6:	and    r8,0xfffffffffffffff8
    3baa:	xor    r9d,r9d
    3bad:	movups xmm0,XMMWORD PTR [rdi+r9*4]
    3bb2:	movups xmm1,XMMWORD PTR [rdi+r9*4+0x10]
    3bb8:	movups xmm2,XMMWORD PTR [rdx+r9*4]
    3bbd:	addps  xmm2,xmm0
    3bc0:	movups xmm0,XMMWORD PTR [rdx+r9*4+0x10]
    3bc6:	addps  xmm0,xmm1
    3bc9:	movups XMMWORD PTR [rdx+r9*4],xmm2
    3bce:	movups XMMWORD PTR [rdx+r9*4+0x10],xmm0
    3bd4:	add    r9,0x8
    3bd8:	cmp    r8,r9
    3bdb:	jne    3bad <lume::detail::execute_cpu_reference_with_policy(lume::VerifiedProgram const&, std::span<lume::Buffer const, 18446744073709551615ul>, lume::detail::ExecutionPolicy const&, lume::detail::ExecutionStats*, std::vector<unsigned int, std::allocator<unsigned int> >*)+0x214d>
    3bdd:	cmp    rax,r8
    3be0:	je     46c6 <lume::detail::execute_cpu_reference_with_policy(lume::VerifiedProgram const&, std::span<lume::Buffer const, 18446744073709551615ul>, lume::detail::ExecutionPolicy const&, lume::detail::ExecutionStats*, std::vector<unsigned int, std::allocator<unsigned int> >*)+0x2c66>
    3be6:	jmp    30fd <lume::detail::execute_cpu_reference_with_policy(lume::VerifiedProgram const&, std::span<lume::Buffer const, 18446744073709551615ul>, lume::detail::ExecutionPolicy const&, lume::detail::ExecutionStats*, std::vector<unsigned int, std::allocator<unsigned int> >*)+0x169d>
    3beb:	mov    r8,rax
    3bee:	and    r8,0xfffffffffffffff8
    3bf2:	xor    r9d,r9d
    3bf5:	movdqu xmm0,XMMWORD PTR [rdi+r9*4]
    3bfb:	movdqu xmm1,XMMWORD PTR [rdi+r9*4+0x10]
    3c02:	movdqu xmm2,XMMWORD PTR [rdx+r9*4]
    3c08:	paddd  xmm2,xmm0
    3c0c:	movdqu xmm0,XMMWORD PTR [rdx+r9*4+0x10]
    3c13:	paddd  xmm0,xmm1
    3c17:	movdqu XMMWORD PTR [rdx+r9*4],xmm2
    3c1d:	movdqu XMMWORD PTR [rdx+r9*4+0x10],xmm0
    3c24:	add    r9,0x8
    3c28:	cmp    r8,r9
    3c2b:	jne    3bf5 <lume::detail::execute_cpu_reference_with_policy(lume::VerifiedProgram const&, std::span<lume::Buffer const, 18446744073709551615ul>, lume::detail::ExecutionPolicy const&, lume::detail::ExecutionStats*, std::vector<unsigned int, std::allocator<unsigned int> >*)+0x2195>
    3c2d:	cmp    rax,r8
    3c30:	je     46c6 <lume::detail::execute_cpu_reference_with_policy(lume::VerifiedProgram const&, std::span<lume::Buffer const, 18446744073709551615ul>, lume::detail::ExecutionPolicy const&, lume::detail::ExecutionStats*, std::vector<unsigned int, std::allocator<unsigned int> >*)+0x2c66>
    3c36:	jmp    31ff <lume::detail::execute_cpu_reference_with_policy(lume::VerifiedProgram const&, std::span<lume::Buffer const, 18446744073709551615ul>, lume::detail::ExecutionPolicy const&, lume::detail::ExecutionStats*, std::vector<unsigned int, std::allocator<unsigned int> >*)+0x179f>
    3c3b:	mov    r8,rax
    3c3e:	and    r8,0xfffffffffffffff8
    3c42:	xor    r9d,r9d
    3c45:	movups xmm0,XMMWORD PTR [rdx+r9*4]
    3c4a:	movups xmm1,XMMWORD PTR [rdx+r9*4+0x10]
    3c50:	movups xmm2,XMMWORD PTR [rdi+r9*4]
    3c55:	addps  xmm2,xmm0
    3c58:	movups xmm0,XMMWORD PTR [rdi+r9*4+0x10]
    3c5e:	addps  xmm0,xmm1
    3c61:	movups XMMWORD PTR [rdx+r9*4],xmm2
    3c66:	movups XMMWORD PTR [rdx+r9*4+0x10],xmm0
    3c6c:	add    r9,0x8
    3c70:	cmp    r8,r9
    3c73:	jne    3c45 <lume::detail::execute_cpu_reference_with_policy(lume::VerifiedProgram const&, std::span<lume::Buffer const, 18446744073709551615ul>, lume::detail::ExecutionPolicy const&, lume::detail::ExecutionStats*, std::vector<unsigned int, std::allocator<unsigned int> >*)+0x21e5>
    3c75:	cmp    rax,r8
    3c78:	je     46c6 <lume::detail::execute_cpu_reference_with_policy(lume::VerifiedProgram const&, std::span<lume::Buffer const, 18446744073709551615ul>, lume::detail::ExecutionPolicy const&, lume::detail::ExecutionStats*, std::vector<unsigned int, std::allocator<unsigned int> >*)+0x2c66>
    3c7e:	jmp    3365 <lume::detail::execute_cpu_reference_with_policy(lume::VerifiedProgram const&, std::span<lume::Buffer const, 18446744073709551615ul>, lume::detail::ExecutionPolicy const&, lume::detail::ExecutionStats*, std::vector<unsigned int, std::allocator<unsigned int> >*)+0x1905>
    3c83:	mov    r8,rax
    3c86:	and    r8,0xfffffffffffffff8
    3c8a:	xor    r9d,r9d
    3c8d:	movdqu xmm0,XMMWORD PTR [rdx+r9*4]
    3c93:	movdqu xmm1,XMMWORD PTR [rdx+r9*4+0x10]
    3c9a:	movdqu xmm2,XMMWORD PTR [rdi+r9*4]
    3ca0:	paddd  xmm2,xmm0
    3ca4:	movdqu xmm0,XMMWORD PTR [rdi+r9*4+0x10]
    3cab:	paddd  xmm0,xmm1
    3caf:	movdqu XMMWORD PTR [rdx+r9*4],xmm2
    3cb5:	movdqu XMMWORD PTR [rdx+r9*4+0x10],xmm0
    3cbc:	add    r9,0x8
    3cc0:	cmp    r8,r9
    3cc3:	jne    3c8d <lume::detail::execute_cpu_reference_with_policy(lume::VerifiedProgram const&, std::span<lume::Buffer const, 18446744073709551615ul>, lume::detail::ExecutionPolicy const&, lume::detail::ExecutionStats*, std::vector<unsigned int, std::allocator<unsigned int> >*)+0x222d>
    3cc5:	cmp    rax,r8
    3cc8:	je     46c6 <lume::detail::execute_cpu_reference_with_policy(lume::VerifiedProgram const&, std::span<lume::Buffer const, 18446744073709551615ul>, lume::detail::ExecutionPolicy const&, lume::detail::ExecutionStats*, std::vector<unsigned int, std::allocator<unsigned int> >*)+0x2c66>
    3cce:	jmp    3426 <lume::detail::execute_cpu_reference_with_policy(lume::VerifiedProgram const&, std::span<lume::Buffer const, 18446744073709551615ul>, lume::detail::ExecutionPolicy const&, lume::detail::ExecutionStats*, std::vector<unsigned int, std::allocator<unsigned int> >*)+0x19c6>
    3cd3:	mov    esi,0x4
    3cd8:	mov    rcx,r15
    3cdb:	lea    rax,[rsp+0x2b8]
    3ce3:	cmp    rcx,0x63
    3ce7:	jbe    3e09 <lume::detail::execute_cpu_reference_with_policy(lume::VerifiedProgram const&, std::span<lume::Buffer const, 18446744073709551615ul>, lume::detail::ExecutionPolicy const&, lume::detail::ExecutionStats*, std::vector<unsigned int, std::allocator<unsigned int> >*)+0x23a9>
    3ced:	cmp    rcx,0x3e7
    3cf4:	jbe    3e0e <lume::detail::execute_cpu_reference_with_policy(lume::VerifiedProgram const&, std::span<lume::Buffer const, 18446744073709551615ul>, lume::detail::ExecutionPolicy const&, lume::detail::ExecutionStats*, std::vector<unsigned int, std::allocator<unsigned int> >*)+0x23ae>
    3cfa:	cmp    rcx,0x2710
    3d01:	jb     3e10 <lume::detail::execute_cpu_reference_with_policy(lume::VerifiedProgram const&, std::span<lume::Buffer const, 18446744073709551615ul>, lume::detail::ExecutionPolicy const&, lume::detail::ExecutionStats*, std::vector<unsigned int, std::allocator<unsigned int> >*)+0x23b0>
    3d07:	mov    rax,rcx
    3d0a:	movabs rdx,0x346dc5d63886594b
    3d14:	mul    rdx
    3d17:	lea    rax,[rsp+0x2b8]
    3d1f:	shr    rdx,0xb
    3d23:	add    esi,0x4
    3d26:	cmp    rcx,0x1869f
    3d2d:	mov    rcx,rdx
    3d30:	ja     3ce3 <lume::detail::execute_cpu_reference_with_policy(lume::VerifiedProgram const&, std::span<lume::Buffer const, 18446744073709551615ul>, lume::detail::ExecutionPolicy const&, lume::detail::ExecutionStats*, std::vector<unsigned int, std::allocator<unsigned int> >*)+0x2283>
    3d32:	add    esi,0xfffffffd
    3d35:	jmp    3e10 <lume::detail::execute_cpu_reference_with_policy(lume::VerifiedProgram const&, std::span<lume::Buffer const, 18446744073709551615ul>, lume::detail::ExecutionPolicy const&, lume::detail::ExecutionStats*, std::vector<unsigned int, std::allocator<unsigned int> >*)+0x23b0>
    3d3a:	mov    rbp,QWORD PTR [rax]
    3d3d:	sub    r12,rbp
    3d40:	movabs rax,0x7fffffffffffffe1
    3d4a:	add    rax,0x1b
    3d4e:	cmp    r12,rax
    3d51:	je     6850 <lume::detail::execute_cpu_reference_with_policy(lume::VerifiedProgram const&, std::span<lume::Buffer const, 18446744073709551615ul>, lume::detail::ExecutionPolicy const&, lume::detail::ExecutionStats*, std::vector<unsigned int, std::allocator<unsigned int> >*)+0x4df0>
    3d57:	mov    r13,r12
    3d5a:	sar    r13,0x2
    3d5e:	cmp    r13,0x1
    3d62:	mov    rax,r13
    3d65:	adc    rax,0x0
    3d69:	lea    rbx,[rax+r13*1]
    3d6d:	movabs rcx,0x1fffffffffffffff
    3d77:	cmp    rbx,rcx
    3d7a:	cmovae rbx,rcx
    3d7e:	add    rax,r13
    3d81:	cmovb  rbx,rcx
    3d85:	test   rbx,rbx
    3d88:	je     3d9c <lume::detail::execute_cpu_reference_with_policy(lume::VerifiedProgram const&, std::span<lume::Buffer const, 18446744073709551615ul>, lume::detail::ExecutionPolicy const&, lume::detail::ExecutionStats*, std::vector<unsigned int, std::allocator<unsigned int> >*)+0x233c>
    3d8a:	lea    rdi,[rbx*4+0x0]
    3d92:	call   3d97 <lume::detail::execute_cpu_reference_with_policy(lume::VerifiedProgram const&, std::span<lume::Buffer const, 18446744073709551615ul>, lume::detail::ExecutionPolicy const&, lume::detail::ExecutionStats*, std::vector<unsigned int, std::allocator<unsigned int> >*)+0x2337>
    3d97:	mov    r14,rax
    3d9a:	jmp    3d9f <lume::detail::execute_cpu_reference_with_policy(lume::VerifiedProgram const&, std::span<lume::Buffer const, 18446744073709551615ul>, lume::detail::ExecutionPolicy const&, lume::detail::ExecutionStats*, std::vector<unsigned int, std::allocator<unsigned int> >*)+0x233f>
    3d9c:	xor    r14d,r14d
    3d9f:	mov    DWORD PTR [r14+r13*4],r15d
    3da3:	test   r12,r12
    3da6:	jle    3db6 <lume::detail::execute_cpu_reference_with_policy(lume::VerifiedProgram const&, std::span<lume::Buffer const, 18446744073709551615ul>, lume::detail::ExecutionPolicy const&, lume::detail::ExecutionStats*, std::vector<unsigned int, std::allocator<unsigned int> >*)+0x2356>
    3da8:	mov    rdi,r14
    3dab:	mov    rsi,rbp
    3dae:	mov    rdx,r12
    3db1:	call   3db6 <lume::detail::execute_cpu_reference_with_policy(lume::VerifiedProgram const&, std::span<lume::Buffer const, 18446744073709551615ul>, lume::detail::ExecutionPolicy const&, lume::detail::ExecutionStats*, std::vector<unsigned int, std::allocator<unsigned int> >*)+0x2356>
    3db6:	test   rbp,rbp
    3db9:	mov    r13,QWORD PTR [rsp+0x208]
    3dc1:	je     3dcb <lume::detail::execute_cpu_reference_with_policy(lume::VerifiedProgram const&, std::span<lume::Buffer const, 18446744073709551615ul>, lume::detail::ExecutionPolicy const&, lume::detail::ExecutionStats*, std::vector<unsigned int, std::allocator<unsigned int> >*)+0x236b>
    3dc3:	mov    rdi,rbp
    3dc6:	call   3dcb <lume::detail::execute_cpu_reference_with_policy(lume::VerifiedProgram const&, std::span<lume::Buffer const, 18446744073709551615ul>, lume::detail::ExecutionPolicy const&, lume::detail::ExecutionStats*, std::vector<unsigned int, std::allocator<unsigned int> >*)+0x236b>
    3dcb:	lea    rax,[r14+r12*1]
    3dcf:	add    rax,0x4
    3dd3:	mov    rcx,QWORD PTR [rsp+0x330]
    3ddb:	mov    QWORD PTR [rcx],r14
    3dde:	mov    QWORD PTR [rcx+0x8],rax
    3de2:	lea    rax,[r14+rbx*4]
    3de6:	mov    QWORD PTR [rcx+0x10],rax
    3dea:	mov    ebx,0x19
    3def:	mov    rax,QWORD PTR [rsp+0xd8]
    3df7:	test   rax,rax
    3dfa:	je     3e01 <lume::detail::execute_cpu_reference_with_policy(lume::VerifiedProgram const&, std::span<lume::Buffer const, 18446744073709551615ul>, lume::detail::ExecutionPolicy const&, lume::detail::ExecutionStats*, std::vector<unsigned int, std::allocator<unsigned int> >*)+0x23a1>
    3dfc:	inc    DWORD PTR [rax]
    3dfe:	inc    DWORD PTR [rax+0x8]
    3e01:	mov    r15,r13
    3e04:	jmp    4603 <lume::detail::execute_cpu_reference_with_policy(lume::VerifiedProgram const&, std::span<lume::Buffer const, 18446744073709551615ul>, lume::detail::ExecutionPolicy const&, lume::detail::ExecutionStats*, std::vector<unsigned int, std::allocator<unsigned int> >*)+0x2ba3>
    3e09:	add    esi,0xfffffffe
    3e0c:	jmp    3e10 <lume::detail::execute_cpu_reference_with_policy(lume::VerifiedProgram const&, std::span<lume::Buffer const, 18446744073709551615ul>, lume::detail::ExecutionPolicy const&, lume::detail::ExecutionStats*, std::vector<unsigned int, std::allocator<unsigned int> >*)+0x23b0>
    3e0e:	dec    esi
    3e10:	mov    r12d,esi
    3e13:	mov    QWORD PTR [rsp+0x2a8],rax
    3e1b:	cmp    esi,0x10
    3e1e:	jb     3e3f <lume::detail::execute_cpu_reference_with_policy(lume::VerifiedProgram const&, std::span<lume::Buffer const, 18446744073709551615ul>, lume::detail::ExecutionPolicy const&, lume::detail::ExecutionStats*, std::vector<unsigned int, std::allocator<unsigned int> >*)+0x23df>
    3e20:	lea    rdi,[r12+0x1]
    3e25:	call   3e2a <lume::detail::execute_cpu_reference_with_policy(lume::VerifiedProgram const&, std::span<lume::Buffer const, 18446744073709551615ul>, lume::detail::ExecutionPolicy const&, lume::detail::ExecutionStats*, std::vector<unsigned int, std::allocator<unsigned int> >*)+0x23ca>
    3e2a:	mov    r14,rax
    3e2d:	mov    QWORD PTR [rsp+0x2a8],rax
    3e35:	mov    QWORD PTR [rsp+0x2b8],r12
    3e3d:	jmp    3e55 <lume::detail::execute_cpu_reference_with_policy(lume::VerifiedProgram const&, std::span<lume::Buffer const, 18446744073709551615ul>, lume::detail::ExecutionPolicy const&, lume::detail::ExecutionStats*, std::vector<unsigned int, std::allocator<unsigned int> >*)+0x23f5>
    3e3f:	test   r12,r12
    3e42:	je     3b9b <lume::detail::execute_cpu_reference_with_policy(lume::VerifiedProgram const&, std::span<lume::Buffer const, 18446744073709551615ul>, lume::detail::ExecutionPolicy const&, lume::detail::ExecutionStats*, std::vector<unsigned int, std::allocator<unsigned int> >*)+0x213b>
    3e48:	mov    r14,rax
    3e4b:	cmp    r12d,0x1
    3e4f:	je     3b8d <lume::detail::execute_cpu_reference_with_policy(lume::VerifiedProgram const&, std::span<lume::Buffer const, 18446744073709551615ul>, lume::detail::ExecutionPolicy const&, lume::detail::ExecutionStats*, std::vector<unsigned int, std::allocator<unsigned int> >*)+0x212d>
    3e55:	mov    rdi,r14
    3e58:	xor    esi,esi
    3e5a:	mov    rdx,r12
    3e5d:	call   3e62 <lume::detail::execute_cpu_reference_with_policy(lume::VerifiedProgram const&, std::span<lume::Buffer const, 18446744073709551615ul>, lume::detail::ExecutionPolicy const&, lume::detail::ExecutionStats*, std::vector<unsigned int, std::allocator<unsigned int> >*)+0x2402>
    3e62:	mov    QWORD PTR [rsp+0x2b0],r12
    3e6a:	mov    BYTE PTR [r14+r12*1],0x0
    3e6f:	mov    rcx,QWORD PTR [rsp+0x2a8]
    3e77:	mov    rdx,r15
    3e7a:	cmp    r15,0x64
    3e7e:	lea    r10,[rip+0x0]        # 3e85 <lume::detail::execute_cpu_reference_with_policy(lume::VerifiedProgram const&, std::span<lume::Buffer const, 18446744073709551615ul>, lume::detail::ExecutionPolicy const&, lume::detail::ExecutionStats*, std::vector<unsigned int, std::allocator<unsigned int> >*)+0x2425>
    3e85:	movabs r11,0x28f5c28f5c28f5c3
    3e8f:	jb     3ede <lume::detail::execute_cpu_reference_with_policy(lume::VerifiedProgram const&, std::span<lume::Buffer const, 18446744073709551615ul>, lume::detail::ExecutionPolicy const&, lume::detail::ExecutionStats*, std::vector<unsigned int, std::allocator<unsigned int> >*)+0x247e>
    3e91:	mov    esi,DWORD PTR [rsp+0x2b0]
    3e98:	add    esi,0xfffffffe
    3e9b:	mov    rdi,r15
    3e9e:	lea    r8d,[rsi+0x1]
    3ea2:	mov    rax,rdi
    3ea5:	shr    rax,0x2
    3ea9:	mul    r11
    3eac:	shr    rdx,0x2
    3eb0:	imul   eax,edx,0x64
    3eb3:	mov    r9d,edi
    3eb6:	sub    r9d,eax
    3eb9:	movzx  eax,BYTE PTR [r10+r9*2]
    3ebe:	movzx  r9d,BYTE PTR [r10+r9*2+0x1]
    3ec4:	mov    BYTE PTR [rcx+r8*1],r9b
    3ec8:	mov    r8d,esi
    3ecb:	mov    BYTE PTR [rcx+r8*1],al
    3ecf:	add    esi,0xfffffffe
    3ed2:	cmp    rdi,0x270f
    3ed9:	mov    rdi,rdx
    3edc:	ja     3e9e <lume::detail::execute_cpu_reference_with_policy(lume::VerifiedProgram const&, std::span<lume::Buffer const, 18446744073709551615ul>, lume::detail::ExecutionPolicy const&, lume::detail::ExecutionStats*, std::vector<unsigned int, std::allocator<unsigned int> >*)+0x243e>
    3ede:	cmp    rdx,0xa
    3ee2:	jb     3ef9 <lume::detail::execute_cpu_reference_with_policy(lume::VerifiedProgram const&, std::span<lume::Buffer const, 18446744073709551615ul>, lume::detail::ExecutionPolicy const&, lume::detail::ExecutionStats*, std::vector<unsigned int, std::allocator<unsigned int> >*)+0x2499>
    3ee4:	lea    rsi,[rip+0x0]        # 3eeb <lume::detail::execute_cpu_reference_with_policy(lume::VerifiedProgram const&, std::span<lume::Buffer const, 18446744073709551615ul>, lume::detail::ExecutionPolicy const&, lume::detail::ExecutionStats*, std::vector<unsigned int, std::allocator<unsigned int> >*)+0x248b>
    3eeb:	movzx  eax,BYTE PTR [rsi+rdx*2]
    3eef:	movzx  edx,BYTE PTR [rsi+rdx*2+0x1]
    3ef4:	mov    BYTE PTR [rcx+0x1],dl
    3ef7:	jmp    3efe <lume::detail::execute_cpu_reference_with_policy(lume::VerifiedProgram const&, std::span<lume::Buffer const, 18446744073709551615ul>, lume::detail::ExecutionPolicy const&, lume::detail::ExecutionStats*, std::vector<unsigned int, std::allocator<unsigned int> >*)+0x249e>
    3ef9:	or     dl,0x30
    3efc:	mov    eax,edx
    3efe:	mov    BYTE PTR [rcx],al
    3f00:	mov    r8d,0x4
    3f06:	lea    rdi,[rsp+0x2a8]
    3f0e:	xor    esi,esi
    3f10:	xor    edx,edx
    3f12:	lea    rcx,[rip+0x0]        # 3f19 <lume::detail::execute_cpu_reference_with_policy(lume::VerifiedProgram const&, std::span<lume::Buffer const, 18446744073709551615ul>, lume::detail::ExecutionPolicy const&, lume::detail::ExecutionStats*, std::vector<unsigned int, std::allocator<unsigned int> >*)+0x24b9>
    3f19:	call   3f1e <lume::detail::execute_cpu_reference_with_policy(lume::VerifiedProgram const&, std::span<lume::Buffer const, 18446744073709551615ul>, lume::detail::ExecutionPolicy const&, lume::detail::ExecutionStats*, std::vector<unsigned int, std::allocator<unsigned int> >*)+0x24be>
    3f1e:	lea    rdi,[rsp+0x228]
    3f26:	mov    QWORD PTR [rsp+0x218],rdi
    3f2e:	mov    rsi,QWORD PTR [rax]
    3f31:	mov    rbx,rax
    3f34:	add    rbx,0x10
    3f38:	cmp    rsi,rbx
    3f3b:	je     3f57 <lume::detail::execute_cpu_reference_with_policy(lume::VerifiedProgram const&, std::span<lume::Buffer const, 18446744073709551615ul>, lume::detail::ExecutionPolicy const&, lume::detail::ExecutionStats*, std::vector<unsigned int, std::allocator<unsigned int> >*)+0x24f7>
    3f3d:	mov    QWORD PTR [rsp+0x218],rsi
    3f45:	mov    rcx,QWORD PTR [rax+0x10]
    3f49:	mov    QWORD PTR [rsp+0x228],rcx
    3f51:	mov    r14,QWORD PTR [rax+0x8]
    3f55:	jmp    3f6a <lume::detail::execute_cpu_reference_with_policy(lume::VerifiedProgram const&, std::span<lume::Buffer const, 18446744073709551615ul>, lume::detail::ExecutionPolicy const&, lume::detail::ExecutionStats*, std::vector<unsigned int, std::allocator<unsigned int> >*)+0x250a>
    3f57:	mov    r14,QWORD PTR [rax+0x8]
    3f5b:	lea    rdx,[r14+0x1]
    3f5f:	mov    r12,rax
    3f62:	call   3f67 <lume::detail::execute_cpu_reference_with_policy(lume::VerifiedProgram const&, std::span<lume::Buffer const, 18446744073709551615ul>, lume::detail::ExecutionPolicy const&, lume::detail::ExecutionStats*, std::vector<unsigned int, std::allocator<unsigned int> >*)+0x2507>
    3f67:	mov    rax,r12
    3f6a:	mov    QWORD PTR [rsp+0x220],r14
    3f72:	mov    QWORD PTR [rax],rbx
    3f75:	mov    QWORD PTR [rax+0x8],0x0
    3f7d:	mov    BYTE PTR [rax+0x10],0x0
    3f81:	mov    rsi,QWORD PTR [rsp+0x220]
    3f89:	movabs rax,0x7fffffffffffffe1
    3f93:	add    rax,0x1e
    3f97:	cmp    rsi,rax
    3f9a:	je     6838 <lume::detail::execute_cpu_reference_with_policy(lume::VerifiedProgram const&, std::span<lume::Buffer const, 18446744073709551615ul>, lume::detail::ExecutionPolicy const&, lume::detail::ExecutionStats*, std::vector<unsigned int, std::allocator<unsigned int> >*)+0x4dd8>
    3fa0:	mov    rax,QWORD PTR [rsp+0x218]
    3fa8:	mov    ecx,0xf
    3fad:	lea    rdx,[rsp+0x228]
    3fb5:	cmp    rax,rdx
    3fb8:	je     3fc2 <lume::detail::execute_cpu_reference_with_policy(lume::VerifiedProgram const&, std::span<lume::Buffer const, 18446744073709551615ul>, lume::detail::ExecutionPolicy const&, lume::detail::ExecutionStats*, std::vector<unsigned int, std::allocator<unsigned int> >*)+0x2562>
    3fba:	mov    rcx,QWORD PTR [rsp+0x228]
    3fc2:	lea    rbx,[rsi+0x1]
    3fc6:	cmp    rbx,rcx
    3fc9:	jbe    3fe9 <lume::detail::execute_cpu_reference_with_policy(lume::VerifiedProgram const&, std::span<lume::Buffer const, 18446744073709551615ul>, lume::detail::ExecutionPolicy const&, lume::detail::ExecutionStats*, std::vector<unsigned int, std::allocator<unsigned int> >*)+0x2589>
    3fcb:	mov    r8d,0x1
    3fd1:	lea    rdi,[rsp+0x218]
    3fd9:	xor    edx,edx
    3fdb:	lea    rcx,[rip+0x0]        # 3fe2 <lume::detail::execute_cpu_reference_with_policy(lume::VerifiedProgram const&, std::span<lume::Buffer const, 18446744073709551615ul>, lume::detail::ExecutionPolicy const&, lume::detail::ExecutionStats*, std::vector<unsigned int, std::allocator<unsigned int> >*)+0x2582>
    3fe2:	call   3fe7 <lume::detail::execute_cpu_reference_with_policy(lume::VerifiedProgram const&, std::span<lume::Buffer const, 18446744073709551615ul>, lume::detail::ExecutionPolicy const&, lume::detail::ExecutionStats*, std::vector<unsigned int, std::allocator<unsigned int> >*)+0x2587>
    3fe7:	jmp    3fed <lume::detail::execute_cpu_reference_with_policy(lume::VerifiedProgram const&, std::span<lume::Buffer const, 18446744073709551615ul>, lume::detail::ExecutionPolicy const&, lume::detail::ExecutionStats*, std::vector<unsigned int, std::allocator<unsigned int> >*)+0x258d>
    3fe9:	mov    BYTE PTR [rax+rsi*1],0x2d
    3fed:	mov    QWORD PTR [rsp+0x220],rbx
    3ff5:	mov    rax,QWORD PTR [rsp+0x218]
    3ffd:	mov    BYTE PTR [rax+rbx*1],0x0
    4001:	lea    rdi,[rsp+0x90]
    4009:	mov    QWORD PTR [rsp+0x80],rdi
    4011:	mov    rax,QWORD PTR [rsp+0x218]
    4019:	lea    r14,[rsp+0x228]
    4021:	cmp    rax,r14
    4024:	je     4048 <lume::detail::execute_cpu_reference_with_policy(lume::VerifiedProgram const&, std::span<lume::Buffer const, 18446744073709551615ul>, lume::detail::ExecutionPolicy const&, lume::detail::ExecutionStats*, std::vector<unsigned int, std::allocator<unsigned int> >*)+0x25e8>
    4026:	mov    QWORD PTR [rsp+0x80],rax
    402e:	mov    rbx,QWORD PTR [rsp+0x220]
    4036:	mov    rax,QWORD PTR [rsp+0x228]
    403e:	mov    QWORD PTR [rsp+0x90],rax
    4046:	jmp    405c <lume::detail::execute_cpu_reference_with_policy(lume::VerifiedProgram const&, std::span<lume::Buffer const, 18446744073709551615ul>, lume::detail::ExecutionPolicy const&, lume::detail::ExecutionStats*, std::vector<unsigned int, std::allocator<unsigned int> >*)+0x25fc>
    4048:	mov    rbx,QWORD PTR [rsp+0x220]
    4050:	lea    rdx,[rbx+0x1]
    4054:	mov    rsi,r14
    4057:	call   405c <lume::detail::execute_cpu_reference_with_policy(lume::VerifiedProgram const&, std::span<lume::Buffer const, 18446744073709551615ul>, lume::detail::ExecutionPolicy const&, lume::detail::ExecutionStats*, std::vector<unsigned int, std::allocator<unsigned int> >*)+0x25fc>
    405c:	mov    QWORD PTR [rsp+0x88],rbx
    4064:	mov    QWORD PTR [rsp+0x218],r14
    406c:	mov    QWORD PTR [rsp+0x220],0x0
    4078:	mov    BYTE PTR [rsp+0x228],0x0
    4080:	cmp    r15,0x9
    4084:	lea    rax,[rsp+0x2d8]
    408c:	jae    40ac <lume::detail::execute_cpu_reference_with_policy(lume::VerifiedProgram const&, std::span<lume::Buffer const, 18446744073709551615ul>, lume::detail::ExecutionPolicy const&, lume::detail::ExecutionStats*, std::vector<unsigned int, std::allocator<unsigned int> >*)+0x264c>
    408e:	mov    QWORD PTR [rsp+0x2c8],rax
    4096:	mov    BYTE PTR [rsp+0x2d8],0x0
    409e:	mov    r12d,0x1
    40a4:	mov    r14,rax
    40a7:	jmp    4155 <lume::detail::execute_cpu_reference_with_policy(lume::VerifiedProgram const&, std::span<lume::Buffer const, 18446744073709551615ul>, lume::detail::ExecutionPolicy const&, lume::detail::ExecutionStats*, std::vector<unsigned int, std::allocator<unsigned int> >*)+0x26f5>
    40ac:	mov    esi,0x4
    40b1:	mov    rcx,r13
    40b4:	cmp    rcx,0x63
    40b8:	jbe    40fc <lume::detail::execute_cpu_reference_with_policy(lume::VerifiedProgram const&, std::span<lume::Buffer const, 18446744073709551615ul>, lume::detail::ExecutionPolicy const&, lume::detail::ExecutionStats*, std::vector<unsigned int, std::allocator<unsigned int> >*)+0x269c>
    40ba:	cmp    rcx,0x3e7
    40c1:	jbe    4101 <lume::detail::execute_cpu_reference_with_policy(lume::VerifiedProgram const&, std::span<lume::Buffer const, 18446744073709551615ul>, lume::detail::ExecutionPolicy const&, lume::detail::ExecutionStats*, std::vector<unsigned int, std::allocator<unsigned int> >*)+0x26a1>
    40c3:	cmp    rcx,0x2710
    40ca:	jb     4103 <lume::detail::execute_cpu_reference_with_policy(lume::VerifiedProgram const&, std::span<lume::Buffer const, 18446744073709551615ul>, lume::detail::ExecutionPolicy const&, lume::detail::ExecutionStats*, std::vector<unsigned int, std::allocator<unsigned int> >*)+0x26a3>
    40cc:	mov    rax,rcx
    40cf:	movabs rdx,0x346dc5d63886594b
    40d9:	mul    rdx
    40dc:	lea    rax,[rsp+0x2d8]
    40e4:	shr    rdx,0xb
    40e8:	add    esi,0x4
    40eb:	cmp    rcx,0x1869f
    40f2:	mov    rcx,rdx
    40f5:	ja     40b4 <lume::detail::execute_cpu_reference_with_policy(lume::VerifiedProgram const&, std::span<lume::Buffer const, 18446744073709551615ul>, lume::detail::ExecutionPolicy const&, lume::detail::ExecutionStats*, std::vector<unsigned int, std::allocator<unsigned int> >*)+0x2654>
    40f7:	add    esi,0xfffffffd
    40fa:	jmp    4103 <lume::detail::execute_cpu_reference_with_policy(lume::VerifiedProgram const&, std::span<lume::Buffer const, 18446744073709551615ul>, lume::detail::ExecutionPolicy const&, lume::detail::ExecutionStats*, std::vector<unsigned int, std::allocator<unsigned int> >*)+0x26a3>
    40fc:	add    esi,0xfffffffe
    40ff:	jmp    4103 <lume::detail::execute_cpu_reference_with_policy(lume::VerifiedProgram const&, std::span<lume::Buffer const, 18446744073709551615ul>, lume::detail::ExecutionPolicy const&, lume::detail::ExecutionStats*, std::vector<unsigned int, std::allocator<unsigned int> >*)+0x26a3>
    4101:	dec    esi
    4103:	mov    r12d,esi
    4106:	mov    QWORD PTR [rsp+0x2c8],rax
    410e:	cmp    esi,0x10
    4111:	jb     4132 <lume::detail::execute_cpu_reference_with_policy(lume::VerifiedProgram const&, std::span<lume::Buffer const, 18446744073709551615ul>, lume::detail::ExecutionPolicy const&, lume::detail::ExecutionStats*, std::vector<unsigned int, std::allocator<unsigned int> >*)+0x26d2>
    4113:	lea    rdi,[r12+0x1]
    4118:	call   411d <lume::detail::execute_cpu_reference_with_policy(lume::VerifiedProgram const&, std::span<lume::Buffer const, 18446744073709551615ul>, lume::detail::ExecutionPolicy const&, lume::detail::ExecutionStats*, std::vector<unsigned int, std::allocator<unsigned int> >*)+0x26bd>
    411d:	mov    r14,rax
    4120:	mov    QWORD PTR [rsp+0x2c8],rax
    4128:	mov    QWORD PTR [rsp+0x2d8],r12
    4130:	jmp    4148 <lume::detail::execute_cpu_reference_with_policy(lume::VerifiedProgram const&, std::span<lume::Buffer const, 18446744073709551615ul>, lume::detail::ExecutionPolicy const&, lume::detail::ExecutionStats*, std::vector<unsigned int, std::allocator<unsigned int> >*)+0x26e8>
    4132:	test   r12,r12
    4135:	je     40a4 <lume::detail::execute_cpu_reference_with_policy(lume::VerifiedProgram const&, std::span<lume::Buffer const, 18446744073709551615ul>, lume::detail::ExecutionPolicy const&, lume::detail::ExecutionStats*, std::vector<unsigned int, std::allocator<unsigned int> >*)+0x2644>
    413b:	mov    r14,rax
    413e:	cmp    r12d,0x1
    4142:	je     4096 <lume::detail::execute_cpu_reference_with_policy(lume::VerifiedProgram const&, std::span<lume::Buffer const, 18446744073709551615ul>, lume::detail::ExecutionPolicy const&, lume::detail::ExecutionStats*, std::vector<unsigned int, std::allocator<unsigned int> >*)+0x2636>
    4148:	mov    rdi,r14
    414b:	xor    esi,esi
    414d:	mov    rdx,r12
    4150:	call   4155 <lume::detail::execute_cpu_reference_with_policy(lume::VerifiedProgram const&, std::span<lume::Buffer const, 18446744073709551615ul>, lume::detail::ExecutionPolicy const&, lume::detail::ExecutionStats*, std::vector<unsigned int, std::allocator<unsigned int> >*)+0x26f5>
    4155:	mov    QWORD PTR [rsp+0x2d0],r12
    415d:	mov    BYTE PTR [r14+r12*1],0x0
    4162:	mov    rcx,QWORD PTR [rsp+0x2c8]
    416a:	cmp    r15,0x63
    416e:	jb     41ca <lume::detail::execute_cpu_reference_with_policy(lume::VerifiedProgram const&, std::span<lume::Buffer const, 18446744073709551615ul>, lume::detail::ExecutionPolicy const&, lume::detail::ExecutionStats*, std::vector<unsigned int, std::allocator<unsigned int> >*)+0x276a>
    4170:	mov    esi,DWORD PTR [rsp+0x2d0]
    4177:	add    esi,0xfffffffe
    417a:	lea    r9,[rip+0x0]        # 4181 <lume::detail::execute_cpu_reference_with_policy(lume::VerifiedProgram const&, std::span<lume::Buffer const, 18446744073709551615ul>, lume::detail::ExecutionPolicy const&, lume::detail::ExecutionStats*, std::vector<unsigned int, std::allocator<unsigned int> >*)+0x2721>
    4181:	movabs r10,0x28f5c28f5c28f5c3
    418b:	lea    edi,[rsi+0x1]
    418e:	mov    rax,r13
    4191:	shr    rax,0x2
    4195:	mul    r10
    4198:	shr    rdx,0x2
    419c:	imul   eax,edx,0x64
    419f:	mov    r8d,r13d
    41a2:	sub    r8d,eax
    41a5:	movzx  eax,BYTE PTR [r9+r8*2]
    41aa:	movzx  r8d,BYTE PTR [r9+r8*2+0x1]
    41b0:	mov    BYTE PTR [rcx+rdi*1],r8b
    41b4:	mov    edi,esi
    41b6:	mov    BYTE PTR [rcx+rdi*1],al
    41b9:	add    esi,0xfffffffe
    41bc:	cmp    r13,0x270f
    41c3:	mov    r13,rdx
    41c6:	ja     418b <lume::detail::execute_cpu_reference_with_policy(lume::VerifiedProgram const&, std::span<lume::Buffer const, 18446744073709551615ul>, lume::detail::ExecutionPolicy const&, lume::detail::ExecutionStats*, std::vector<unsigned int, std::allocator<unsigned int> >*)+0x272b>
    41c8:	jmp    41cd <lume::detail::execute_cpu_reference_with_policy(lume::VerifiedProgram const&, std::span<lume::Buffer const, 18446744073709551615ul>, lume::detail::ExecutionPolicy const&, lume::detail::ExecutionStats*, std::vector<unsigned int, std::allocator<unsigned int> >*)+0x276d>
    41ca:	mov    rdx,r13
    41cd:	cmp    rdx,0xa
    41d1:	jb     41e8 <lume::detail::execute_cpu_reference_with_policy(lume::VerifiedProgram const&, std::span<lume::Buffer const, 18446744073709551615ul>, lume::detail::ExecutionPolicy const&, lume::detail::ExecutionStats*, std::vector<unsigned int, std::allocator<unsigned int> >*)+0x2788>
    41d3:	lea    rsi,[rip+0x0]        # 41da <lume::detail::execute_cpu_reference_with_policy(lume::VerifiedProgram const&, std::span<lume::Buffer const, 18446744073709551615ul>, lume::detail::ExecutionPolicy const&, lume::detail::ExecutionStats*, std::vector<unsigned int, std::allocator<unsigned int> >*)+0x277a>
    41da:	movzx  eax,BYTE PTR [rsi+rdx*2]
    41de:	movzx  edx,BYTE PTR [rsi+rdx*2+0x1]
    41e3:	mov    BYTE PTR [rcx+0x1],dl
    41e6:	jmp    41ed <lume::detail::execute_cpu_reference_with_policy(lume::VerifiedProgram const&, std::span<lume::Buffer const, 18446744073709551615ul>, lume::detail::ExecutionPolicy const&, lume::detail::ExecutionStats*, std::vector<unsigned int, std::allocator<unsigned int> >*)+0x278d>
    41e8:	or     dl,0x30
    41eb:	mov    eax,edx
    41ed:	mov    BYTE PTR [rcx],al
    41ef:	lea    rdi,[rsp+0x28]
    41f4:	lea    rsi,[rsp+0x80]
    41fc:	lea    rdx,[rsp+0x2c8]
    4204:	call   4209 <lume::detail::execute_cpu_reference_with_policy(lume::VerifiedProgram const&, std::span<lume::Buffer const, 18446744073709551615ul>, lume::detail::ExecutionPolicy const&, lume::detail::ExecutionStats*, std::vector<unsigned int, std::allocator<unsigned int> >*)+0x27a9>
    4209:	mov    rsi,QWORD PTR [rsp+0x30]
    420e:	movabs rax,0x7fffffffffffffe1
    4218:	add    rax,0x5
    421c:	cmp    rsi,rax
    421f:	jg     6844 <lume::detail::execute_cpu_reference_with_policy(lume::VerifiedProgram const&, std::span<lume::Buffer const, 18446744073709551615ul>, lume::detail::ExecutionPolicy const&, lume::detail::ExecutionStats*, std::vector<unsigned int, std::allocator<unsigned int> >*)+0x4de4>
    4225:	mov    rax,QWORD PTR [rsp+0x28]
    422a:	mov    ecx,0xf
    422f:	lea    rdx,[rsp+0x38]
    4234:	cmp    rax,rdx
    4237:	je     423e <lume::detail::execute_cpu_reference_with_policy(lume::VerifiedProgram const&, std::span<lume::Buffer const, 18446744073709551615ul>, lume::detail::ExecutionPolicy const&, lume::detail::ExecutionStats*, std::vector<unsigned int, std::allocator<unsigned int> >*)+0x27de>
    4239:	mov    rcx,QWORD PTR [rsp+0x38]
    423e:	lea    rbx,[rsi+0x19]
    4242:	cmp    rbx,rcx
    4245:	jbe    4262 <lume::detail::execute_cpu_reference_with_policy(lume::VerifiedProgram const&, std::span<lume::Buffer const, 18446744073709551615ul>, lume::detail::ExecutionPolicy const&, lume::detail::ExecutionStats*, std::vector<unsigned int, std::allocator<unsigned int> >*)+0x2802>
    4247:	mov    r8d,0x19
    424d:	lea    rdi,[rsp+0x28]
    4252:	xor    edx,edx
    4254:	lea    rcx,[rip+0x0]        # 425b <lume::detail::execute_cpu_reference_with_policy(lume::VerifiedProgram const&, std::span<lume::Buffer const, 18446744073709551615ul>, lume::detail::ExecutionPolicy const&, lume::detail::ExecutionStats*, std::vector<unsigned int, std::allocator<unsigned int> >*)+0x27fb>
    425b:	call   4260 <lume::detail::execute_cpu_reference_with_policy(lume::VerifiedProgram const&, std::span<lume::Buffer const, 18446744073709551615ul>, lume::detail::ExecutionPolicy const&, lume::detail::ExecutionStats*, std::vector<unsigned int, std::allocator<unsigned int> >*)+0x2800>
    4260:	jmp    427b <lume::detail::execute_cpu_reference_with_policy(lume::VerifiedProgram const&, std::span<lume::Buffer const, 18446744073709551615ul>, lume::detail::ExecutionPolicy const&, lume::detail::ExecutionStats*, std::vector<unsigned int, std::allocator<unsigned int> >*)+0x281b>
    4262:	movups xmm0,XMMWORD PTR [rip+0x0]        # 4269 <lume::detail::execute_cpu_reference_with_policy(lume::VerifiedProgram const&, std::span<lume::Buffer const, 18446744073709551615ul>, lume::detail::ExecutionPolicy const&, lume::detail::ExecutionStats*, std::vector<unsigned int, std::allocator<unsigned int> >*)+0x2809>
    4269:	movups XMMWORD PTR [rax+rsi*1+0x9],xmm0
    426e:	movdqu xmm0,XMMWORD PTR [rip+0x0]        # 4276 <lume::detail::execute_cpu_reference_with_policy(lume::VerifiedProgram const&, std::span<lume::Buffer const, 18446744073709551615ul>, lume::detail::ExecutionPolicy const&, lume::detail::ExecutionStats*, std::vector<unsigned int, std::allocator<unsigned int> >*)+0x2816>
    4276:	movdqu XMMWORD PTR [rax+rsi*1],xmm0
    427b:	mov    QWORD PTR [rsp+0x30],rbx
    4280:	mov    rax,QWORD PTR [rsp+0x28]
    4285:	mov    BYTE PTR [rax+rbx*1],0x0
    4289:	lea    rdi,[rsp+0x140]
    4291:	mov    QWORD PTR [rsp+0x130],rdi
    4299:	mov    r12,QWORD PTR [rsp+0x28]
    429e:	lea    rsi,[rsp+0x38]
    42a3:	cmp    r12,rsi
    42a6:	je     4334 <lume::detail::execute_cpu_reference_with_policy(lume::VerifiedProgram const&, std::span<lume::Buffer const, 18446744073709551615ul>, lume::detail::ExecutionPolicy const&, lume::detail::ExecutionStats*, std::vector<unsigned int, std::allocator<unsigned int> >*)+0x28d4>
    42ac:	mov    QWORD PTR [rsp+0x130],r12
    42b4:	mov    rbp,QWORD PTR [rsp+0x30]
    42b9:	mov    rax,QWORD PTR [rsp+0x30]
    42be:	mov    QWORD PTR [rsp+0x138],rax
    42c6:	mov    rax,QWORD PTR [rsp+0x38]
    42cb:	mov    QWORD PTR [rsp+0x140],rax
    42d3:	mov    QWORD PTR [rsp+0x28],rsi
    42d8:	mov    QWORD PTR [rsp+0x30],0x0
    42e1:	mov    BYTE PTR [rsp+0x38],0x0
    42e6:	movabs rax,0x7fffffffffffffe1
    42f0:	cmp    rbp,rax
    42f3:	jg     686b <lume::detail::execute_cpu_reference_with_policy(lume::VerifiedProgram const&, std::span<lume::Buffer const, 18446744073709551615ul>, lume::detail::ExecutionPolicy const&, lume::detail::ExecutionStats*, std::vector<unsigned int, std::allocator<unsigned int> >*)+0x4e0b>
    42f9:	lea    rbx,[rbp+0x1e]
    42fd:	lea    rax,[rsp+0x140]
    4305:	cmp    r12,rax
    4308:	sete   cl
    430b:	je     43d5 <lume::detail::execute_cpu_reference_with_policy(lume::VerifiedProgram const&, std::span<lume::Buffer const, 18446744073709551615ul>, lume::detail::ExecutionPolicy const&, lume::detail::ExecutionStats*, std::vector<unsigned int, std::allocator<unsigned int> >*)+0x2975>
    4311:	mov    rax,QWORD PTR [rsp+0x140]
    4319:	cmp    rbx,rax
    431c:	jbe    43e4 <lume::detail::execute_cpu_reference_with_policy(lume::VerifiedProgram const&, std::span<lume::Buffer const, 18446744073709551615ul>, lume::detail::ExecutionPolicy const&, lume::detail::ExecutionStats*, std::vector<unsigned int, std::allocator<unsigned int> >*)+0x2984>
    4322:	mov    BYTE PTR [rsp+0xa0],cl
    4329:	cmp    rbp,0xffffffffffffffe2
    432d:	jge    4374 <lume::detail::execute_cpu_reference_with_policy(lume::VerifiedProgram const&, std::span<lume::Buffer const, 18446744073709551615ul>, lume::detail::ExecutionPolicy const&, lume::detail::ExecutionStats*, std::vector<unsigned int, std::allocator<unsigned int> >*)+0x2914>
    432f:	jmp    685c <lume::detail::execute_cpu_reference_with_policy(lume::VerifiedProgram const&, std::span<lume::Buffer const, 18446744073709551615ul>, lume::detail::ExecutionPolicy const&, lume::detail::ExecutionStats*, std::vector<unsigned int, std::allocator<unsigned int> >*)+0x4dfc>
    4334:	mov    rbp,QWORD PTR [rsp+0x30]
    4339:	lea    rdx,[rbp+0x1]
    433d:	mov    rbx,rsi
    4340:	mov    r12,rdi
    4343:	call   4348 <lume::detail::execute_cpu_reference_with_policy(lume::VerifiedProgram const&, std::span<lume::Buffer const, 18446744073709551615ul>, lume::detail::ExecutionPolicy const&, lume::detail::ExecutionStats*, std::vector<unsigned int, std::allocator<unsigned int> >*)+0x28e8>
    4348:	mov    QWORD PTR [rsp+0x138],rbp
    4350:	mov    QWORD PTR [rsp+0x28],rbx
    4355:	mov    QWORD PTR [rsp+0x30],0x0
    435e:	mov    BYTE PTR [rsp+0x38],0x0
    4363:	lea    rbx,[rbp+0x1e]
    4367:	mov    BYTE PTR [rsp+0xa0],0x1
    436f:	mov    eax,0xf
    4374:	add    rax,rax
    4377:	movabs r13,0x7fffffffffffffff
    4381:	cmp    rax,r13
    4384:	cmovb  r13,rax
    4388:	cmp    rbx,rax
    438b:	cmovae r13,rbx
    438f:	mov    rdi,r13
    4392:	inc    rdi
    4395:	js     6737 <lume::detail::execute_cpu_reference_with_policy(lume::VerifiedProgram const&, std::span<lume::Buffer const, 18446744073709551615ul>, lume::detail::ExecutionPolicy const&, lume::detail::ExecutionStats*, std::vector<unsigned int, std::allocator<unsigned int> >*)+0x4cd7>
    439b:	call   43a0 <lume::detail::execute_cpu_reference_with_policy(lume::VerifiedProgram const&, std::span<lume::Buffer const, 18446744073709551615ul>, lume::detail::ExecutionPolicy const&, lume::detail::ExecutionStats*, std::vector<unsigned int, std::allocator<unsigned int> >*)+0x2940>
    43a0:	mov    r14,rax
    43a3:	movups xmm0,XMMWORD PTR [rip+0x0]        # 43aa <lume::detail::execute_cpu_reference_with_policy(lume::VerifiedProgram const&, std::span<lume::Buffer const, 18446744073709551615ul>, lume::detail::ExecutionPolicy const&, lume::detail::ExecutionStats*, std::vector<unsigned int, std::allocator<unsigned int> >*)+0x294a>
    43aa:	movups XMMWORD PTR [rax+0xe],xmm0
    43ae:	movdqu xmm0,XMMWORD PTR [rip+0x0]        # 43b6 <lume::detail::execute_cpu_reference_with_policy(lume::VerifiedProgram const&, std::span<lume::Buffer const, 18446744073709551615ul>, lume::detail::ExecutionPolicy const&, lume::detail::ExecutionStats*, std::vector<unsigned int, std::allocator<unsigned int> >*)+0x2956>
    43b6:	movdqu XMMWORD PTR [rax],xmm0
    43ba:	test   rbp,rbp
    43bd:	je     4426 <lume::detail::execute_cpu_reference_with_policy(lume::VerifiedProgram const&, std::span<lume::Buffer const, 18446744073709551615ul>, lume::detail::ExecutionPolicy const&, lume::detail::ExecutionStats*, std::vector<unsigned int, std::allocator<unsigned int> >*)+0x29c6>
    43bf:	mov    rdi,r14
    43c2:	add    rdi,0x1e
    43c6:	cmp    rbp,0x1
    43ca:	jne    441b <lume::detail::execute_cpu_reference_with_policy(lume::VerifiedProgram const&, std::span<lume::Buffer const, 18446744073709551615ul>, lume::detail::ExecutionPolicy const&, lume::detail::ExecutionStats*, std::vector<unsigned int, std::allocator<unsigned int> >*)+0x29bb>
    43cc:	movzx  eax,BYTE PTR [r12]
    43d1:	mov    BYTE PTR [rdi],al
    43d3:	jmp    4426 <lume::detail::execute_cpu_reference_with_policy(lume::VerifiedProgram const&, std::span<lume::Buffer const, 18446744073709551615ul>, lume::detail::ExecutionPolicy const&, lume::detail::ExecutionStats*, std::vector<unsigned int, std::allocator<unsigned int> >*)+0x29c6>
    43d5:	mov    eax,0xf
    43da:	cmp    rbx,0xf
    43de:	ja     4322 <lume::detail::execute_cpu_reference_with_policy(lume::VerifiedProgram const&, std::span<lume::Buffer const, 18446744073709551615ul>, lume::detail::ExecutionPolicy const&, lume::detail::ExecutionStats*, std::vector<unsigned int, std::allocator<unsigned int> >*)+0x28c2>
    43e4:	lea    rax,[rip+0x0]        # 43eb <lume::detail::execute_cpu_reference_with_policy(lume::VerifiedProgram const&, std::span<lume::Buffer const, 18446744073709551615ul>, lume::detail::ExecutionPolicy const&, lume::detail::ExecutionStats*, std::vector<unsigned int, std::allocator<unsigned int> >*)+0x298b>
    43eb:	cmp    r12,rax
    43ee:	ja     4404 <lume::detail::execute_cpu_reference_with_policy(lume::VerifiedProgram const&, std::span<lume::Buffer const, 18446744073709551615ul>, lume::detail::ExecutionPolicy const&, lume::detail::ExecutionStats*, std::vector<unsigned int, std::allocator<unsigned int> >*)+0x29a4>
    43f0:	lea    rax,[r12+rbp*1]
    43f4:	lea    rcx,[rip+0x0]        # 43fb <lume::detail::execute_cpu_reference_with_policy(lume::VerifiedProgram const&, std::span<lume::Buffer const, 18446744073709551615ul>, lume::detail::ExecutionPolicy const&, lume::detail::ExecutionStats*, std::vector<unsigned int, std::allocator<unsigned int> >*)+0x299b>
    43fb:	cmp    rax,rcx
    43fe:	jae    4694 <lume::detail::execute_cpu_reference_with_policy(lume::VerifiedProgram const&, std::span<lume::Buffer const, 18446744073709551615ul>, lume::detail::ExecutionPolicy const&, lume::detail::ExecutionStats*, std::vector<unsigned int, std::allocator<unsigned int> >*)+0x2c34>
    4404:	test   rbp,rbp
    4407:	je     445a <lume::detail::execute_cpu_reference_with_policy(lume::VerifiedProgram const&, std::span<lume::Buffer const, 18446744073709551615ul>, lume::detail::ExecutionPolicy const&, lume::detail::ExecutionStats*, std::vector<unsigned int, std::allocator<unsigned int> >*)+0x29fa>
    4409:	cmp    rbp,0x1
    440d:	jne    444a <lume::detail::execute_cpu_reference_with_policy(lume::VerifiedProgram const&, std::span<lume::Buffer const, 18446744073709551615ul>, lume::detail::ExecutionPolicy const&, lume::detail::ExecutionStats*, std::vector<unsigned int, std::allocator<unsigned int> >*)+0x29ea>
    440f:	movzx  eax,BYTE PTR [r12]
    4414:	mov    BYTE PTR [r12+0x1e],al
    4419:	jmp    445a <lume::detail::execute_cpu_reference_with_policy(lume::VerifiedProgram const&, std::span<lume::Buffer const, 18446744073709551615ul>, lume::detail::ExecutionPolicy const&, lume::detail::ExecutionStats*, std::vector<unsigned int, std::allocator<unsigned int> >*)+0x29fa>
    441b:	mov    rsi,r12
    441e:	mov    rdx,rbp
    4421:	call   4426 <lume::detail::execute_cpu_reference_with_policy(lume::VerifiedProgram const&, std::span<lume::Buffer const, 18446744073709551615ul>, lume::detail::ExecutionPolicy const&, lume::detail::ExecutionStats*, std::vector<unsigned int, std::allocator<unsigned int> >*)+0x29c6>
    4426:	cmp    BYTE PTR [rsp+0xa0],0x0
    442e:	jne    4438 <lume::detail::execute_cpu_reference_with_policy(lume::VerifiedProgram const&, std::span<lume::Buffer const, 18446744073709551615ul>, lume::detail::ExecutionPolicy const&, lume::detail::ExecutionStats*, std::vector<unsigned int, std::allocator<unsigned int> >*)+0x29d8>
    4430:	mov    rdi,r12
    4433:	call   4438 <lume::detail::execute_cpu_reference_with_policy(lume::VerifiedProgram const&, std::span<lume::Buffer const, 18446744073709551615ul>, lume::detail::ExecutionPolicy const&, lume::detail::ExecutionStats*, std::vector<unsigned int, std::allocator<unsigned int> >*)+0x29d8>
    4438:	mov    QWORD PTR [rsp+0x130],r14
    4440:	mov    QWORD PTR [rsp+0x140],r13
    4448:	jmp    4475 <lume::detail::execute_cpu_reference_with_policy(lume::VerifiedProgram const&, std::span<lume::Buffer const, 18446744073709551615ul>, lume::detail::ExecutionPolicy const&, lume::detail::ExecutionStats*, std::vector<unsigned int, std::allocator<unsigned int> >*)+0x2a15>
    444a:	lea    rdi,[r12+0x1e]
    444f:	mov    rsi,r12
    4452:	mov    rdx,rbp
    4455:	call   445a <lume::detail::execute_cpu_reference_with_policy(lume::VerifiedProgram const&, std::span<lume::Buffer const, 18446744073709551615ul>, lume::detail::ExecutionPolicy const&, lume::detail::ExecutionStats*, std::vector<unsigned int, std::allocator<unsigned int> >*)+0x29fa>
    445a:	movups xmm0,XMMWORD PTR [rip+0x0]        # 4461 <lume::detail::execute_cpu_reference_with_policy(lume::VerifiedProgram const&, std::span<lume::Buffer const, 18446744073709551615ul>, lume::detail::ExecutionPolicy const&, lume::detail::ExecutionStats*, std::vector<unsigned int, std::allocator<unsigned int> >*)+0x2a01>
    4461:	movups XMMWORD PTR [r12+0xe],xmm0
    4467:	movdqu xmm0,XMMWORD PTR [rip+0x0]        # 446f <lume::detail::execute_cpu_reference_with_policy(lume::VerifiedProgram const&, std::span<lume::Buffer const, 18446744073709551615ul>, lume::detail::ExecutionPolicy const&, lume::detail::ExecutionStats*, std::vector<unsigned int, std::allocator<unsigned int> >*)+0x2a0f>
    446f:	movdqu XMMWORD PTR [r12],xmm0
    4475:	mov    QWORD PTR [rsp+0x138],rbx
    447d:	mov    rax,QWORD PTR [rsp+0x130]
    4485:	mov    BYTE PTR [rax+rbx*1],0x0
    4489:	lea    r13,[rsp+0x18]
    448e:	mov    QWORD PTR [rsp+0x8],r13
    4493:	mov    rax,QWORD PTR [rsp+0x130]
    449b:	lea    r12,[rsp+0x140]
    44a3:	cmp    rax,r12
    44a6:	je     4508 <lume::detail::execute_cpu_reference_with_policy(lume::VerifiedProgram const&, std::span<lume::Buffer const, 18446744073709551615ul>, lume::detail::ExecutionPolicy const&, lume::detail::ExecutionStats*, std::vector<unsigned int, std::allocator<unsigned int> >*)+0x2aa8>
    44a8:	mov    rbx,QWORD PTR [rsp+0x138]
    44b0:	mov    rcx,QWORD PTR [rsp+0x140]
    44b8:	mov    QWORD PTR [rsp+0x18],rcx
    44bd:	mov    QWORD PTR [rsp+0x130],r12
    44c5:	mov    QWORD PTR [rsp+0x138],0x0
    44d1:	mov    BYTE PTR [rsp+0x140],0x0
    44d9:	mov    r12,QWORD PTR [rsp+0x48]
    44de:	pxor   xmm0,xmm0
    44e2:	movdqu XMMWORD PTR [r12],xmm0
    44e8:	mov    QWORD PTR [r12+0x10],0x0
    44f1:	cmp    rax,r13
    44f4:	je     4558 <lume::detail::execute_cpu_reference_with_policy(lume::VerifiedProgram const&, std::span<lume::Buffer const, 18446744073709551615ul>, lume::detail::ExecutionPolicy const&, lume::detail::ExecutionStats*, std::vector<unsigned int, std::allocator<unsigned int> >*)+0x2af8>
    44f6:	mov    BYTE PTR [r12+0x18],0x3
    44fc:	mov    QWORD PTR [r12+0x20],rax
    4501:	mov    QWORD PTR [r12+0x30],rcx
    4506:	jmp    4577 <lume::detail::execute_cpu_reference_with_policy(lume::VerifiedProgram const&, std::span<lume::Buffer const, 18446744073709551615ul>, lume::detail::ExecutionPolicy const&, lume::detail::ExecutionStats*, std::vector<unsigned int, std::allocator<unsigned int> >*)+0x2b17>
    4508:	mov    rbx,QWORD PTR [rsp+0x138]
    4510:	lea    r14,[rbx+0x1]
    4514:	mov    rdi,r13
    4517:	mov    rsi,r12
    451a:	mov    rdx,r14
    451d:	call   4522 <lume::detail::execute_cpu_reference_with_policy(lume::VerifiedProgram const&, std::span<lume::Buffer const, 18446744073709551615ul>, lume::detail::ExecutionPolicy const&, lume::detail::ExecutionStats*, std::vector<unsigned int, std::allocator<unsigned int> >*)+0x2ac2>
    4522:	mov    QWORD PTR [rsp+0x130],r12
    452a:	mov    QWORD PTR [rsp+0x138],0x0
    4536:	mov    BYTE PTR [rsp+0x140],0x0
    453e:	mov    r12,QWORD PTR [rsp+0x48]
    4543:	pxor   xmm0,xmm0
    4547:	movdqu XMMWORD PTR [r12],xmm0
    454d:	mov    QWORD PTR [r12+0x10],0x0
    4556:	jmp    455c <lume::detail::execute_cpu_reference_with_policy(lume::VerifiedProgram const&, std::span<lume::Buffer const, 18446744073709551615ul>, lume::detail::ExecutionPolicy const&, lume::detail::ExecutionStats*, std::vector<unsigned int, std::allocator<unsigned int> >*)+0x2afc>
    4558:	lea    r14,[rbx+0x1]
    455c:	mov    BYTE PTR [r12+0x18],0x3
    4562:	mov    rdi,QWORD PTR [rsp+0x60]
    4567:	mov    QWORD PTR [r12+0x20],rdi
    456c:	mov    rsi,r13
    456f:	mov    rdx,r14
    4572:	call   4577 <lume::detail::execute_cpu_reference_with_policy(lume::VerifiedProgram const&, std::span<lume::Buffer const, 18446744073709551615ul>, lume::detail::ExecutionPolicy const&, lume::detail::ExecutionStats*, std::vector<unsigned int, std::allocator<unsigned int> >*)+0x2b17>
    4577:	mov    QWORD PTR [r12+0x28],rbx
    457c:	mov    BYTE PTR [r12+0x40],0x1
    4582:	mov    rdi,QWORD PTR [rsp+0x28]
    4587:	lea    rax,[rsp+0x38]
    458c:	cmp    rdi,rax
    458f:	je     4596 <lume::detail::execute_cpu_reference_with_policy(lume::VerifiedProgram const&, std::span<lume::Buffer const, 18446744073709551615ul>, lume::detail::ExecutionPolicy const&, lume::detail::ExecutionStats*, std::vector<unsigned int, std::allocator<unsigned int> >*)+0x2b36>
    4591:	call   4596 <lume::detail::execute_cpu_reference_with_policy(lume::VerifiedProgram const&, std::span<lume::Buffer const, 18446744073709551615ul>, lume::detail::ExecutionPolicy const&, lume::detail::ExecutionStats*, std::vector<unsigned int, std::allocator<unsigned int> >*)+0x2b36>
    4596:	mov    rdi,QWORD PTR [rsp+0x2c8]
    459e:	lea    rax,[rsp+0x2d8]
    45a6:	cmp    rdi,rax
    45a9:	je     45b0 <lume::detail::execute_cpu_reference_with_policy(lume::VerifiedProgram const&, std::span<lume::Buffer const, 18446744073709551615ul>, lume::detail::ExecutionPolicy const&, lume::detail::ExecutionStats*, std::vector<unsigned int, std::allocator<unsigned int> >*)+0x2b50>
    45ab:	call   45b0 <lume::detail::execute_cpu_reference_with_policy(lume::VerifiedProgram const&, std::span<lume::Buffer const, 18446744073709551615ul>, lume::detail::ExecutionPolicy const&, lume::detail::ExecutionStats*, std::vector<unsigned int, std::allocator<unsigned int> >*)+0x2b50>
    45b0:	mov    rdi,QWORD PTR [rsp+0x80]
    45b8:	lea    rax,[rsp+0x90]
    45c0:	cmp    rdi,rax
    45c3:	je     45ca <lume::detail::execute_cpu_reference_with_policy(lume::VerifiedProgram const&, std::span<lume::Buffer const, 18446744073709551615ul>, lume::detail::ExecutionPolicy const&, lume::detail::ExecutionStats*, std::vector<unsigned int, std::allocator<unsigned int> >*)+0x2b6a>
    45c5:	call   45ca <lume::detail::execute_cpu_reference_with_policy(lume::VerifiedProgram const&, std::span<lume::Buffer const, 18446744073709551615ul>, lume::detail::ExecutionPolicy const&, lume::detail::ExecutionStats*, std::vector<unsigned int, std::allocator<unsigned int> >*)+0x2b6a>
    45ca:	mov    rdi,QWORD PTR [rsp+0x218]
    45d2:	lea    rax,[rsp+0x228]
    45da:	cmp    rdi,rax
    45dd:	je     45e4 <lume::detail::execute_cpu_reference_with_policy(lume::VerifiedProgram const&, std::span<lume::Buffer const, 18446744073709551615ul>, lume::detail::ExecutionPolicy const&, lume::detail::ExecutionStats*, std::vector<unsigned int, std::allocator<unsigned int> >*)+0x2b84>
    45df:	call   45e4 <lume::detail::execute_cpu_reference_with_policy(lume::VerifiedProgram const&, std::span<lume::Buffer const, 18446744073709551615ul>, lume::detail::ExecutionPolicy const&, lume::detail::ExecutionStats*, std::vector<unsigned int, std::allocator<unsigned int> >*)+0x2b84>
    45e4:	mov    rdi,QWORD PTR [rsp+0x2a8]
    45ec:	lea    rax,[rsp+0x2b8]
    45f4:	cmp    rdi,rax
    45f7:	je     45fe <lume::detail::execute_cpu_reference_with_policy(lume::VerifiedProgram const&, std::span<lume::Buffer const, 18446744073709551615ul>, lume::detail::ExecutionPolicy const&, lume::detail::ExecutionStats*, std::vector<unsigned int, std::allocator<unsigned int> >*)+0x2b9e>
    45f9:	call   45fe <lume::detail::execute_cpu_reference_with_policy(lume::VerifiedProgram const&, std::span<lume::Buffer const, 18446744073709551615ul>, lume::detail::ExecutionPolicy const&, lume::detail::ExecutionStats*, std::vector<unsigned int, std::allocator<unsigned int> >*)+0x2b9e>
    45fe:	mov    ebx,0x1
    4603:	cmp    BYTE PTR [rsp+0xd0],0x0
    460b:	mov    BYTE PTR [rsp+0xd0],0x0
    4613:	je     2106 <lume::detail::execute_cpu_reference_with_policy(lume::VerifiedProgram const&, std::span<lume::Buffer const, 18446744073709551615ul>, lume::detail::ExecutionPolicy const&, lume::detail::ExecutionStats*, std::vector<unsigned int, std::allocator<unsigned int> >*)+0x6a6>
    4619:	movzx  eax,BYTE PTR [rsp+0xc8]
    4621:	cmp    eax,0xff
    4626:	je     2106 <lume::detail::execute_cpu_reference_with_policy(lume::VerifiedProgram const&, std::span<lume::Buffer const, 18446744073709551615ul>, lume::detail::ExecutionPolicy const&, lume::detail::ExecutionStats*, std::vector<unsigned int, std::allocator<unsigned int> >*)+0x6a6>
    462c:	mov    rdi,QWORD PTR [rsp+0xb0]
    4634:	mov    eax,eax
    4636:	lea    rcx,[rip+0x0]        # 463d <lume::detail::execute_cpu_reference_with_policy(lume::VerifiedProgram const&, std::span<lume::Buffer const, 18446744073709551615ul>, lume::detail::ExecutionPolicy const&, lume::detail::ExecutionStats*, std::vector<unsigned int, std::allocator<unsigned int> >*)+0x2bdd>
    463d:	movsxd rax,DWORD PTR [rcx+rax*4]
    4641:	add    rax,rcx
    4644:	jmp    rax
    4646:	mov    r8d,0x1e
    464c:	lea    rdi,[rsp+0x1e8]
    4654:	mov    rsi,rbp
    4657:	xor    edx,edx
    4659:	lea    rcx,[rip+0x0]        # 4660 <lume::detail::execute_cpu_reference_with_policy(lume::VerifiedProgram const&, std::span<lume::Buffer const, 18446744073709551615ul>, lume::detail::ExecutionPolicy const&, lume::detail::ExecutionStats*, std::vector<unsigned int, std::allocator<unsigned int> >*)+0x2c00>
    4660:	mov    r9,r12
    4663:	call   4668 <lume::detail::execute_cpu_reference_with_policy(lume::VerifiedProgram const&, std::span<lume::Buffer const, 18446744073709551615ul>, lume::detail::ExecutionPolicy const&, lume::detail::ExecutionStats*, std::vector<unsigned int, std::allocator<unsigned int> >*)+0x2c08>
    4668:	jmp    2f0a <lume::detail::execute_cpu_reference_with_policy(lume::VerifiedProgram const&, std::span<lume::Buffer const, 18446744073709551615ul>, lume::detail::ExecutionPolicy const&, lume::detail::ExecutionStats*, std::vector<unsigned int, std::allocator<unsigned int> >*)+0x14aa>
    466d:	mov    r8d,0x1e
    4673:	lea    rdi,[rsp+0x190]
    467b:	mov    rsi,r12
    467e:	xor    edx,edx
    4680:	lea    rcx,[rip+0x0]        # 4687 <lume::detail::execute_cpu_reference_with_policy(lume::VerifiedProgram const&, std::span<lume::Buffer const, 18446744073709551615ul>, lume::detail::ExecutionPolicy const&, lume::detail::ExecutionStats*, std::vector<unsigned int, std::allocator<unsigned int> >*)+0x2c27>
    4687:	mov    r9,rbp
    468a:	call   468f <lume::detail::execute_cpu_reference_with_policy(lume::VerifiedProgram const&, std::span<lume::Buffer const, 18446744073709551615ul>, lume::detail::ExecutionPolicy const&, lume::detail::ExecutionStats*, std::vector<unsigned int, std::allocator<unsigned int> >*)+0x2c2f>
    468f:	jmp    3898 <lume::detail::execute_cpu_reference_with_policy(lume::VerifiedProgram const&, std::span<lume::Buffer const, 18446744073709551615ul>, lume::detail::ExecutionPolicy const&, lume::detail::ExecutionStats*, std::vector<unsigned int, std::allocator<unsigned int> >*)+0x1e38>
    4694:	mov    r8d,0x1e
    469a:	lea    rdi,[rsp+0x130]
    46a2:	mov    rsi,r12
    46a5:	xor    edx,edx
    46a7:	lea    rcx,[rip+0x0]        # 46ae <lume::detail::execute_cpu_reference_with_policy(lume::VerifiedProgram const&, std::span<lume::Buffer const, 18446744073709551615ul>, lume::detail::ExecutionPolicy const&, lume::detail::ExecutionStats*, std::vector<unsigned int, std::allocator<unsigned int> >*)+0x2c4e>
    46ae:	mov    r9,rbp
    46b1:	call   46b6 <lume::detail::execute_cpu_reference_with_policy(lume::VerifiedProgram const&, std::span<lume::Buffer const, 18446744073709551615ul>, lume::detail::ExecutionPolicy const&, lume::detail::ExecutionStats*, std::vector<unsigned int, std::allocator<unsigned int> >*)+0x2c56>
    46b6:	jmp    4475 <lume::detail::execute_cpu_reference_with_policy(lume::VerifiedProgram const&, std::span<lume::Buffer const, 18446744073709551615ul>, lume::detail::ExecutionPolicy const&, lume::detail::ExecutionStats*, std::vector<unsigned int, std::allocator<unsigned int> >*)+0x2a15>
    46bb:	shl    DWORD PTR [rdx+rdi*4],1
    46be:	inc    rdi
    46c1:	cmp    rax,rdi
    46c4:	jne    46bb <lume::detail::execute_cpu_reference_with_policy(lume::VerifiedProgram const&, std::span<lume::Buffer const, 18446744073709551615ul>, lume::detail::ExecutionPolicy const&, lume::detail::ExecutionStats*, std::vector<unsigned int, std::allocator<unsigned int> >*)+0x2c5b>
    46c6:	mov    rax,QWORD PTR [rsp+0xd8]
    46ce:	test   rax,rax
    46d1:	je     46d6 <lume::detail::execute_cpu_reference_with_policy(lume::VerifiedProgram const&, std::span<lume::Buffer const, 18446744073709551615ul>, lume::detail::ExecutionPolicy const&, lume::detail::ExecutionStats*, std::vector<unsigned int, std::allocator<unsigned int> >*)+0x2c76>
    46d3:	inc    DWORD PTR [rax+0x4]
    46d6:	mov    eax,DWORD PTR [r14+r12*1+0xc]
    46db:	lea    rax,[rax+rax*4]
    46df:	lea    rdi,[rcx+rax*8]
    46e3:	call   46e8 <lume::detail::execute_cpu_reference_with_policy(lume::VerifiedProgram const&, std::span<lume::Buffer const, 18446744073709551615ul>, lume::detail::ExecutionPolicy const&, lume::detail::ExecutionStats*, std::vector<unsigned int, std::allocator<unsigned int> >*)+0x2c88>
    46e8:	mov    rax,QWORD PTR [rsp+0x1d0]
    46f0:	cmp    BYTE PTR [rax+rbp*8+0x20],0x0
    46f5:	mov    BYTE PTR [rax+rbp*8+0x20],0x0
    46fa:	je     474a <lume::detail::execute_cpu_reference_with_policy(lume::VerifiedProgram const&, std::span<lume::Buffer const, 18446744073709551615ul>, lume::detail::ExecutionPolicy const&, lume::detail::ExecutionStats*, std::vector<unsigned int, std::allocator<unsigned int> >*)+0x2cea>
    46fc:	lea    rbx,[rax+rbp*8]
    4700:	movzx  ecx,BYTE PTR [rbx+0x18]
    4704:	cmp    ecx,0xff
    470a:	je     474a <lume::detail::execute_cpu_reference_with_policy(lume::VerifiedProgram const&, std::span<lume::Buffer const, 18446744073709551615ul>, lume::detail::ExecutionPolicy const&, lume::detail::ExecutionStats*, std::vector<unsigned int, std::allocator<unsigned int> >*)+0x2cea>
    470c:	mov    rdi,QWORD PTR [rbx]
    470f:	mov    eax,ecx
    4711:	lea    rcx,[rip+0x0]        # 4718 <lume::detail::execute_cpu_reference_with_policy(lume::VerifiedProgram const&, std::span<lume::Buffer const, 18446744073709551615ul>, lume::detail::ExecutionPolicy const&, lume::detail::ExecutionStats*, std::vector<unsigned int, std::allocator<unsigned int> >*)+0x2cb8>
    4718:	movsxd rax,DWORD PTR [rcx+rax*4]
    471c:	add    rax,rcx
    471f:	jmp    rax
    4721:	test   rdi,rdi
    4724:	je     473e <lume::detail::execute_cpu_reference_with_policy(lume::VerifiedProgram const&, std::span<lume::Buffer const, 18446744073709551615ul>, lume::detail::ExecutionPolicy const&, lume::detail::ExecutionStats*, std::vector<unsigned int, std::allocator<unsigned int> >*)+0x2cde>
    4726:	call   472b <lume::detail::execute_cpu_reference_with_policy(lume::VerifiedProgram const&, std::span<lume::Buffer const, 18446744073709551615ul>, lume::detail::ExecutionPolicy const&, lume::detail::ExecutionStats*, std::vector<unsigned int, std::allocator<unsigned int> >*)+0x2ccb>
    472b:	jmp    473e <lume::detail::execute_cpu_reference_with_policy(lume::VerifiedProgram const&, std::span<lume::Buffer const, 18446744073709551615ul>, lume::detail::ExecutionPolicy const&, lume::detail::ExecutionStats*, std::vector<unsigned int, std::allocator<unsigned int> >*)+0x2cde>
    472d:	test   rdi,rdi
    4730:	je     4737 <lume::detail::execute_cpu_reference_with_policy(lume::VerifiedProgram const&, std::span<lume::Buffer const, 18446744073709551615ul>, lume::detail::ExecutionPolicy const&, lume::detail::ExecutionStats*, std::vector<unsigned int, std::allocator<unsigned int> >*)+0x2cd7>
    4732:	call   4737 <lume::detail::execute_cpu_reference_with_policy(lume::VerifiedProgram const&, std::span<lume::Buffer const, 18446744073709551615ul>, lume::detail::ExecutionPolicy const&, lume::detail::ExecutionStats*, std::vector<unsigned int, std::allocator<unsigned int> >*)+0x2cd7>
    4737:	mov    QWORD PTR [rbx],0x0
    473e:	mov    BYTE PTR [rbx+0x18],0xff
    4742:	mov    rax,QWORD PTR [rsp+0x1d0]
    474a:	lea    rcx,[r14+r12*1]
    474e:	add    rcx,0xc
    4752:	mov    rsi,QWORD PTR [rsp+0x50]
    4757:	mov    QWORD PTR [rsi+r13*8],0x0
    475f:	mov    ecx,DWORD PTR [rcx]
    4761:	lea    rdx,[rcx+rcx*4]
    4765:	lea    rax,[rax+rdx*8]
    4769:	mov    QWORD PTR [rsi+rcx*8],rax
    476d:	jmp    2110 <lume::detail::execute_cpu_reference_with_policy(lume::VerifiedProgram const&, std::span<lume::Buffer const, 18446744073709551615ul>, lume::detail::ExecutionPolicy const&, lume::detail::ExecutionStats*, std::vector<unsigned int, std::allocator<unsigned int> >*)+0x6b0>
    4772:	cmp    rax,rdi
    4775:	je     46c6 <lume::detail::execute_cpu_reference_with_policy(lume::VerifiedProgram const&, std::span<lume::Buffer const, 18446744073709551615ul>, lume::detail::ExecutionPolicy const&, lume::detail::ExecutionStats*, std::vector<unsigned int, std::allocator<unsigned int> >*)+0x2c66>
    477b:	movss  xmm0,DWORD PTR [rdx+rdi*4]
    4780:	addss  xmm0,xmm0
    4784:	movss  DWORD PTR [rdx+rdi*4],xmm0
    4789:	inc    rdi
    478c:	jmp    4772 <lume::detail::execute_cpu_reference_with_policy(lume::VerifiedProgram const&, std::span<lume::Buffer const, 18446744073709551615ul>, lume::detail::ExecutionPolicy const&, lume::detail::ExecutionStats*, std::vector<unsigned int, std::allocator<unsigned int> >*)+0x2d12>
    478e:	mov    BYTE PTR [rsp+0x2a0],0x0
    4796:	pxor   xmm0,xmm0
    479a:	mov    rax,QWORD PTR [rsp+0x48]
    479f:	movdqu XMMWORD PTR [rax],xmm0
    47a3:	mov    QWORD PTR [rax+0x10],0x0
    47ab:	movdqa XMMWORD PTR [rsp+0x260],xmm0
    47b4:	mov    QWORD PTR [rsp+0x270],0x0
    47c0:	mov    BYTE PTR [rax+0x40],0x0
    47c4:	mov    BYTE PTR [rsp+0x2a0],0x0
    47cc:	lea    rdi,[rsp+0x260]
    47d4:	call   47d9 <lume::detail::execute_cpu_reference_with_policy(lume::VerifiedProgram const&, std::span<lume::Buffer const, 18446744073709551615ul>, lume::detail::ExecutionPolicy const&, lume::detail::ExecutionStats*, std::vector<unsigned int, std::allocator<unsigned int> >*)+0x2d79>
    47d9:	mov    rdi,QWORD PTR [rsp+0xe0]
    47e1:	test   rdi,rdi
    47e4:	je     47eb <lume::detail::execute_cpu_reference_with_policy(lume::VerifiedProgram const&, std::span<lume::Buffer const, 18446744073709551615ul>, lume::detail::ExecutionPolicy const&, lume::detail::ExecutionStats*, std::vector<unsigned int, std::allocator<unsigned int> >*)+0x2d8b>
    47e6:	call   47eb <lume::detail::execute_cpu_reference_with_policy(lume::VerifiedProgram const&, std::span<lume::Buffer const, 18446744073709551615ul>, lume::detail::ExecutionPolicy const&, lume::detail::ExecutionStats*, std::vector<unsigned int, std::allocator<unsigned int> >*)+0x2d8b>
    47eb:	mov    rdi,QWORD PTR [rsp+0x78]
    47f0:	test   rdi,rdi
    47f3:	je     47fa <lume::detail::execute_cpu_reference_with_policy(lume::VerifiedProgram const&, std::span<lume::Buffer const, 18446744073709551615ul>, lume::detail::ExecutionPolicy const&, lume::detail::ExecutionStats*, std::vector<unsigned int, std::allocator<unsigned int> >*)+0x2d9a>
    47f5:	call   47fa <lume::detail::execute_cpu_reference_with_policy(lume::VerifiedProgram const&, std::span<lume::Buffer const, 18446744073709551615ul>, lume::detail::ExecutionPolicy const&, lume::detail::ExecutionStats*, std::vector<unsigned int, std::allocator<unsigned int> >*)+0x2d9a>
    47fa:	mov    rdi,QWORD PTR [rsp+0xe8]
    4802:	test   rdi,rdi
    4805:	je     480c <lume::detail::execute_cpu_reference_with_policy(lume::VerifiedProgram const&, std::span<lume::Buffer const, 18446744073709551615ul>, lume::detail::ExecutionPolicy const&, lume::detail::ExecutionStats*, std::vector<unsigned int, std::allocator<unsigned int> >*)+0x2dac>
    4807:	call   480c <lume::detail::execute_cpu_reference_with_policy(lume::VerifiedProgram const&, std::span<lume::Buffer const, 18446744073709551615ul>, lume::detail::ExecutionPolicy const&, lume::detail::ExecutionStats*, std::vector<unsigned int, std::allocator<unsigned int> >*)+0x2dac>
    480c:	test   rbx,rbx
    480f:	je     4819 <lume::detail::execute_cpu_reference_with_policy(lume::VerifiedProgram const&, std::span<lume::Buffer const, 18446744073709551615ul>, lume::detail::ExecutionPolicy const&, lume::detail::ExecutionStats*, std::vector<unsigned int, std::allocator<unsigned int> >*)+0x2db9>
    4811:	mov    rdi,rbx
    4814:	call   4819 <lume::detail::execute_cpu_reference_with_policy(lume::VerifiedProgram const&, std::span<lume::Buffer const, 18446744073709551615ul>, lume::detail::ExecutionPolicy const&, lume::detail::ExecutionStats*, std::vector<unsigned int, std::allocator<unsigned int> >*)+0x2db9>
    4819:	mov    rdi,QWORD PTR [rsp+0x58]
    481e:	test   rdi,rdi
    4821:	je     4828 <lume::detail::execute_cpu_reference_with_policy(lume::VerifiedProgram const&, std::span<lume::Buffer const, 18446744073709551615ul>, lume::detail::ExecutionPolicy const&, lume::detail::ExecutionStats*, std::vector<unsigned int, std::allocator<unsigned int> >*)+0x2dc8>
    4823:	call   4828 <lume::detail::execute_cpu_reference_with_policy(lume::VerifiedProgram const&, std::span<lume::Buffer const, 18446744073709551615ul>, lume::detail::ExecutionPolicy const&, lume::detail::ExecutionStats*, std::vector<unsigned int, std::allocator<unsigned int> >*)+0x2dc8>
    4828:	lea    rdi,[rsp+0x1d0]
    4830:	call   4835 <lume::detail::execute_cpu_reference_with_policy(lume::VerifiedProgram const&, std::span<lume::Buffer const, 18446744073709551615ul>, lume::detail::ExecutionPolicy const&, lume::detail::ExecutionStats*, std::vector<unsigned int, std::allocator<unsigned int> >*)+0x2dd5>
    4835:	test   r15,r15
    4838:	je     4842 <lume::detail::execute_cpu_reference_with_policy(lume::VerifiedProgram const&, std::span<lume::Buffer const, 18446744073709551615ul>, lume::detail::ExecutionPolicy const&, lume::detail::ExecutionStats*, std::vector<unsigned int, std::allocator<unsigned int> >*)+0x2de2>
    483a:	mov    rdi,r15
    483d:	call   4842 <lume::detail::execute_cpu_reference_with_policy(lume::VerifiedProgram const&, std::span<lume::Buffer const, 18446744073709551615ul>, lume::detail::ExecutionPolicy const&, lume::detail::ExecutionStats*, std::vector<unsigned int, std::allocator<unsigned int> >*)+0x2de2>
    4842:	mov    rax,QWORD PTR [rsp+0x48]
    4847:	add    rsp,0x2f8
    484e:	pop    rbx
    484f:	pop    r12
    4851:	pop    r13
    4853:	pop    r14
    4855:	pop    r15
    4857:	pop    rbp
    4858:	ret
    4859:	mov    rcx,r12
    485c:	cmp    rdx,0x7
    4860:	jae    1be0 <lume::detail::execute_cpu_reference_with_policy(lume::VerifiedProgram const&, std::span<lume::Buffer const, 18446744073709551615ul>, lume::detail::ExecutionPolicy const&, lume::detail::ExecutionStats*, std::vector<unsigned int, std::allocator<unsigned int> >*)+0x180>
    4866:	jmp    1c1b <lume::detail::execute_cpu_reference_with_policy(lume::VerifiedProgram const&, std::span<lume::Buffer const, 18446744073709551615ul>, lume::detail::ExecutionPolicy const&, lume::detail::ExecutionStats*, std::vector<unsigned int, std::allocator<unsigned int> >*)+0x1bb>
    486b:	cmp    BYTE PTR [rsp+0x2a0],0x0
    4873:	mov    rax,QWORD PTR [rsp+0x270]
    487b:	movdqa xmm0,XMMWORD PTR [rsp+0x260]
    4884:	mov    rcx,QWORD PTR [rsp+0x48]
    4889:	movdqu XMMWORD PTR [rcx],xmm0
    488d:	mov    QWORD PTR [rcx+0x10],rax
    4891:	pxor   xmm0,xmm0
    4895:	movdqa XMMWORD PTR [rsp+0x260],xmm0
    489e:	mov    QWORD PTR [rsp+0x270],0x0
    48aa:	mov    BYTE PTR [rcx+0x40],0x0
    48ae:	mov    r15,QWORD PTR [rsp+0x50]
    48b3:	mov    rbx,QWORD PTR [rsp+0x68]
    48b8:	je     47c4 <lume::detail::execute_cpu_reference_with_policy(lume::VerifiedProgram const&, std::span<lume::Buffer const, 18446744073709551615ul>, lume::detail::ExecutionPolicy const&, lume::detail::ExecutionStats*, std::vector<unsigned int, std::allocator<unsigned int> >*)+0x2d64>
    48be:	movzx  eax,BYTE PTR [rsp+0x278]
    48c6:	mov    r15,QWORD PTR [rsp+0x48]
    48cb:	mov    BYTE PTR [r15+0x18],al
    48cf:	mov    rdi,QWORD PTR [rsp+0x60]
    48d4:	mov    QWORD PTR [r15+0x20],rdi
    48d8:	mov    rsi,QWORD PTR [rsp+0x280]
    48e0:	lea    rbx,[rsp+0x290]
    48e8:	cmp    rsi,rbx
    48eb:	je     49a7 <lume::detail::execute_cpu_reference_with_policy(lume::VerifiedProgram const&, std::span<lume::Buffer const, 18446744073709551615ul>, lume::detail::ExecutionPolicy const&, lume::detail::ExecutionStats*, std::vector<unsigned int, std::allocator<unsigned int> >*)+0x2f47>
    48f1:	mov    QWORD PTR [r15+0x20],rsi
    48f5:	mov    rax,QWORD PTR [rsp+0x290]
    48fd:	mov    QWORD PTR [r15+0x30],rax
    4901:	mov    r14,QWORD PTR [rsp+0x288]
    4909:	jmp    49b8 <lume::detail::execute_cpu_reference_with_policy(lume::VerifiedProgram const&, std::span<lume::Buffer const, 18446744073709551615ul>, lume::detail::ExecutionPolicy const&, lume::detail::ExecutionStats*, std::vector<unsigned int, std::allocator<unsigned int> >*)+0x2f58>
    490e:	cmp    r15,0xa
    4912:	jae    4950 <lume::detail::execute_cpu_reference_with_policy(lume::VerifiedProgram const&, std::span<lume::Buffer const, 18446744073709551615ul>, lume::detail::ExecutionPolicy const&, lume::detail::ExecutionStats*, std::vector<unsigned int, std::allocator<unsigned int> >*)+0x2ef0>
    4914:	lea    r12,[rsp+0x38]
    4919:	mov    QWORD PTR [rsp+0x28],r12
    491e:	mov    BYTE PTR [rsp+0x38],0x0
    4923:	mov    ebx,0x1
    4928:	jmp    4acf <lume::detail::execute_cpu_reference_with_policy(lume::VerifiedProgram const&, std::span<lume::Buffer const, 18446744073709551615ul>, lume::detail::ExecutionPolicy const&, lume::detail::ExecutionStats*, std::vector<unsigned int, std::allocator<unsigned int> >*)+0x306f>
    492d:	cmp    r15,0xa
    4931:	jae    49e2 <lume::detail::execute_cpu_reference_with_policy(lume::VerifiedProgram const&, std::span<lume::Buffer const, 18446744073709551615ul>, lume::detail::ExecutionPolicy const&, lume::detail::ExecutionStats*, std::vector<unsigned int, std::allocator<unsigned int> >*)+0x2f82>
    4937:	lea    rdi,[rsp+0x38]
    493c:	mov    QWORD PTR [rsp+0x28],rdi
    4941:	mov    BYTE PTR [rsp+0x38],0x0
    4946:	mov    ebx,0x1
    494b:	jmp    4fff <lume::detail::execute_cpu_reference_with_policy(lume::VerifiedProgram const&, std::span<lume::Buffer const, 18446744073709551615ul>, lume::detail::ExecutionPolicy const&, lume::detail::ExecutionStats*, std::vector<unsigned int, std::allocator<unsigned int> >*)+0x359f>
    4950:	mov    esi,0x4
    4955:	mov    rcx,r15
    4958:	cmp    rcx,0x63
    495c:	jbe    4a84 <lume::detail::execute_cpu_reference_with_policy(lume::VerifiedProgram const&, std::span<lume::Buffer const, 18446744073709551615ul>, lume::detail::ExecutionPolicy const&, lume::detail::ExecutionStats*, std::vector<unsigned int, std::allocator<unsigned int> >*)+0x3024>
    4962:	cmp    rcx,0x3e7
    4969:	jbe    4a89 <lume::detail::execute_cpu_reference_with_policy(lume::VerifiedProgram const&, std::span<lume::Buffer const, 18446744073709551615ul>, lume::detail::ExecutionPolicy const&, lume::detail::ExecutionStats*, std::vector<unsigned int, std::allocator<unsigned int> >*)+0x3029>
    496f:	cmp    rcx,0x2710
    4976:	jb     4a8b <lume::detail::execute_cpu_reference_with_policy(lume::VerifiedProgram const&, std::span<lume::Buffer const, 18446744073709551615ul>, lume::detail::ExecutionPolicy const&, lume::detail::ExecutionStats*, std::vector<unsigned int, std::allocator<unsigned int> >*)+0x302b>
    497c:	mov    rax,rcx
    497f:	movabs rdx,0x346dc5d63886594b
    4989:	mul    rdx
    498c:	shr    rdx,0xb
    4990:	add    esi,0x4
    4993:	cmp    rcx,0x1869f
    499a:	mov    rcx,rdx
    499d:	ja     4958 <lume::detail::execute_cpu_reference_with_policy(lume::VerifiedProgram const&, std::span<lume::Buffer const, 18446744073709551615ul>, lume::detail::ExecutionPolicy const&, lume::detail::ExecutionStats*, std::vector<unsigned int, std::allocator<unsigned int> >*)+0x2ef8>
    499f:	add    esi,0xfffffffd
    49a2:	jmp    4a8b <lume::detail::execute_cpu_reference_with_policy(lume::VerifiedProgram const&, std::span<lume::Buffer const, 18446744073709551615ul>, lume::detail::ExecutionPolicy const&, lume::detail::ExecutionStats*, std::vector<unsigned int, std::allocator<unsigned int> >*)+0x302b>
    49a7:	mov    r14,QWORD PTR [rsp+0x288]
    49af:	lea    rdx,[r14+0x1]
    49b3:	call   49b8 <lume::detail::execute_cpu_reference_with_policy(lume::VerifiedProgram const&, std::span<lume::Buffer const, 18446744073709551615ul>, lume::detail::ExecutionPolicy const&, lume::detail::ExecutionStats*, std::vector<unsigned int, std::allocator<unsigned int> >*)+0x2f58>
    49b8:	mov    QWORD PTR [r15+0x28],r14
    49bc:	mov    QWORD PTR [rsp+0x280],rbx
    49c4:	mov    QWORD PTR [rsp+0x288],0x0
    49d0:	mov    BYTE PTR [rsp+0x290],0x0
    49d8:	mov    BYTE PTR [r15+0x40],0x1
    49dd:	jmp    6156 <lume::detail::execute_cpu_reference_with_policy(lume::VerifiedProgram const&, std::span<lume::Buffer const, 18446744073709551615ul>, lume::detail::ExecutionPolicy const&, lume::detail::ExecutionStats*, std::vector<unsigned int, std::allocator<unsigned int> >*)+0x46f6>
    49e2:	mov    esi,0x4
    49e7:	mov    rcx,r15
    49ea:	cmp    rcx,0x63
    49ee:	lea    rdi,[rsp+0x38]
    49f3:	jbe    4fb6 <lume::detail::execute_cpu_reference_with_policy(lume::VerifiedProgram const&, std::span<lume::Buffer const, 18446744073709551615ul>, lume::detail::ExecutionPolicy const&, lume::detail::ExecutionStats*, std::vector<unsigned int, std::allocator<unsigned int> >*)+0x3556>
    49f9:	cmp    rcx,0x3e7
    4a00:	jbe    4fbb <lume::detail::execute_cpu_reference_with_policy(lume::VerifiedProgram const&, std::span<lume::Buffer const, 18446744073709551615ul>, lume::detail::ExecutionPolicy const&, lume::detail::ExecutionStats*, std::vector<unsigned int, std::allocator<unsigned int> >*)+0x355b>
    4a06:	cmp    rcx,0x2710
    4a0d:	jb     4fbd <lume::detail::execute_cpu_reference_with_policy(lume::VerifiedProgram const&, std::span<lume::Buffer const, 18446744073709551615ul>, lume::detail::ExecutionPolicy const&, lume::detail::ExecutionStats*, std::vector<unsigned int, std::allocator<unsigned int> >*)+0x355d>
    4a13:	mov    rax,rcx
    4a16:	movabs rdx,0x346dc5d63886594b
    4a20:	mul    rdx
    4a23:	shr    rdx,0xb
    4a27:	add    esi,0x4
    4a2a:	cmp    rcx,0x1869f
    4a31:	mov    rcx,rdx
    4a34:	ja     49ea <lume::detail::execute_cpu_reference_with_policy(lume::VerifiedProgram const&, std::span<lume::Buffer const, 18446744073709551615ul>, lume::detail::ExecutionPolicy const&, lume::detail::ExecutionStats*, std::vector<unsigned int, std::allocator<unsigned int> >*)+0x2f8a>
    4a36:	add    esi,0xfffffffd
    4a39:	jmp    4fbd <lume::detail::execute_cpu_reference_with_policy(lume::VerifiedProgram const&, std::span<lume::Buffer const, 18446744073709551615ul>, lume::detail::ExecutionPolicy const&, lume::detail::ExecutionStats*, std::vector<unsigned int, std::allocator<unsigned int> >*)+0x355d>
    4a3e:	cmp    r15,0xa
    4a42:	jae    4e34 <lume::detail::execute_cpu_reference_with_policy(lume::VerifiedProgram const&, std::span<lume::Buffer const, 18446744073709551615ul>, lume::detail::ExecutionPolicy const&, lume::detail::ExecutionStats*, std::vector<unsigned int, std::allocator<unsigned int> >*)+0x33d4>
    4a48:	lea    r12,[rsp+0x38]
    4a4d:	mov    QWORD PTR [rsp+0x28],r12
    4a52:	mov    BYTE PTR [rsp+0x38],0x0
    4a57:	mov    ebx,0x1
    4a5c:	jmp    54b4 <lume::detail::execute_cpu_reference_with_policy(lume::VerifiedProgram const&, std::span<lume::Buffer const, 18446744073709551615ul>, lume::detail::ExecutionPolicy const&, lume::detail::ExecutionStats*, std::vector<unsigned int, std::allocator<unsigned int> >*)+0x3a54>
    4a61:	cmp    r15,0xa
    4a65:	jae    4e8b <lume::detail::execute_cpu_reference_with_policy(lume::VerifiedProgram const&, std::span<lume::Buffer const, 18446744073709551615ul>, lume::detail::ExecutionPolicy const&, lume::detail::ExecutionStats*, std::vector<unsigned int, std::allocator<unsigned int> >*)+0x342b>
    4a6b:	lea    r12,[rsp+0x38]
    4a70:	mov    QWORD PTR [rsp+0x28],r12
    4a75:	mov    BYTE PTR [rsp+0x38],0x0
    4a7a:	mov    ebx,0x1
    4a7f:	jmp    582f <lume::detail::execute_cpu_reference_with_policy(lume::VerifiedProgram const&, std::span<lume::Buffer const, 18446744073709551615ul>, lume::detail::ExecutionPolicy const&, lume::detail::ExecutionStats*, std::vector<unsigned int, std::allocator<unsigned int> >*)+0x3dcf>
    4a84:	add    esi,0xfffffffe
    4a87:	jmp    4a8b <lume::detail::execute_cpu_reference_with_policy(lume::VerifiedProgram const&, std::span<lume::Buffer const, 18446744073709551615ul>, lume::detail::ExecutionPolicy const&, lume::detail::ExecutionStats*, std::vector<unsigned int, std::allocator<unsigned int> >*)+0x302b>
    4a89:	dec    esi
    4a8b:	mov    ebx,esi
    4a8d:	lea    r12,[rsp+0x38]
    4a92:	mov    QWORD PTR [rsp+0x28],r12
    4a97:	cmp    esi,0x10
    4a9a:	jb     4ab4 <lume::detail::execute_cpu_reference_with_policy(lume::VerifiedProgram const&, std::span<lume::Buffer const, 18446744073709551615ul>, lume::detail::ExecutionPolicy const&, lume::detail::ExecutionStats*, std::vector<unsigned int, std::allocator<unsigned int> >*)+0x3054>
    4a9c:	lea    rdi,[rbx+0x1]
    4aa0:	call   4aa5 <lume::detail::execute_cpu_reference_with_policy(lume::VerifiedProgram const&, std::span<lume::Buffer const, 18446744073709551615ul>, lume::detail::ExecutionPolicy const&, lume::detail::ExecutionStats*, std::vector<unsigned int, std::allocator<unsigned int> >*)+0x3045>
    4aa5:	mov    r12,rax
    4aa8:	mov    QWORD PTR [rsp+0x28],rax
    4aad:	mov    QWORD PTR [rsp+0x38],rbx
    4ab2:	jmp    4ac2 <lume::detail::execute_cpu_reference_with_policy(lume::VerifiedProgram const&, std::span<lume::Buffer const, 18446744073709551615ul>, lume::detail::ExecutionPolicy const&, lume::detail::ExecutionStats*, std::vector<unsigned int, std::allocator<unsigned int> >*)+0x3062>
    4ab4:	test   rbx,rbx
    4ab7:	je     4acf <lume::detail::execute_cpu_reference_with_policy(lume::VerifiedProgram const&, std::span<lume::Buffer const, 18446744073709551615ul>, lume::detail::ExecutionPolicy const&, lume::detail::ExecutionStats*, std::vector<unsigned int, std::allocator<unsigned int> >*)+0x306f>
    4ab9:	cmp    ebx,0x1
    4abc:	je     491e <lume::detail::execute_cpu_reference_with_policy(lume::VerifiedProgram const&, std::span<lume::Buffer const, 18446744073709551615ul>, lume::detail::ExecutionPolicy const&, lume::detail::ExecutionStats*, std::vector<unsigned int, std::allocator<unsigned int> >*)+0x2ebe>
    4ac2:	mov    rdi,r12
    4ac5:	xor    esi,esi
    4ac7:	mov    rdx,rbx
    4aca:	call   4acf <lume::detail::execute_cpu_reference_with_policy(lume::VerifiedProgram const&, std::span<lume::Buffer const, 18446744073709551615ul>, lume::detail::ExecutionPolicy const&, lume::detail::ExecutionStats*, std::vector<unsigned int, std::allocator<unsigned int> >*)+0x306f>
    4acf:	mov    QWORD PTR [rsp+0x30],rbx
    4ad4:	mov    BYTE PTR [r12+rbx*1],0x0
    4ad9:	mov    rcx,QWORD PTR [rsp+0x28]
    4ade:	cmp    r15,0x64
    4ae2:	jb     4b3f <lume::detail::execute_cpu_reference_with_policy(lume::VerifiedProgram const&, std::span<lume::Buffer const, 18446744073709551615ul>, lume::detail::ExecutionPolicy const&, lume::detail::ExecutionStats*, std::vector<unsigned int, std::allocator<unsigned int> >*)+0x30df>
    4ae4:	mov    esi,DWORD PTR [rsp+0x30]
    4ae8:	add    esi,0xfffffffe
    4aeb:	lea    r9,[rip+0x0]        # 4af2 <lume::detail::execute_cpu_reference_with_policy(lume::VerifiedProgram const&, std::span<lume::Buffer const, 18446744073709551615ul>, lume::detail::ExecutionPolicy const&, lume::detail::ExecutionStats*, std::vector<unsigned int, std::allocator<unsigned int> >*)+0x3092>
    4af2:	movabs r10,0x28f5c28f5c28f5c3
    4afc:	nop    DWORD PTR [rax+0x0]
    4b00:	lea    edi,[rsi+0x1]
    4b03:	mov    rax,r15
    4b06:	shr    rax,0x2
    4b0a:	mul    r10
    4b0d:	shr    rdx,0x2
    4b11:	imul   eax,edx,0x64
    4b14:	mov    r8d,r15d
    4b17:	sub    r8d,eax
    4b1a:	movzx  eax,BYTE PTR [r9+r8*2]
    4b1f:	movzx  r8d,BYTE PTR [r9+r8*2+0x1]
    4b25:	mov    BYTE PTR [rcx+rdi*1],r8b
    4b29:	mov    edi,esi
    4b2b:	mov    BYTE PTR [rcx+rdi*1],al
    4b2e:	add    esi,0xfffffffe
    4b31:	cmp    r15,0x270f
    4b38:	mov    r15,rdx
    4b3b:	ja     4b00 <lume::detail::execute_cpu_reference_with_policy(lume::VerifiedProgram const&, std::span<lume::Buffer const, 18446744073709551615ul>, lume::detail::ExecutionPolicy const&, lume::detail::ExecutionStats*, std::vector<unsigned int, std::allocator<unsigned int> >*)+0x30a0>
    4b3d:	jmp    4b42 <lume::detail::execute_cpu_reference_with_policy(lume::VerifiedProgram const&, std::span<lume::Buffer const, 18446744073709551615ul>, lume::detail::ExecutionPolicy const&, lume::detail::ExecutionStats*, std::vector<unsigned int, std::allocator<unsigned int> >*)+0x30e2>
    4b3f:	mov    rdx,r15
    4b42:	cmp    rdx,0xa
    4b46:	jb     4b5d <lume::detail::execute_cpu_reference_with_policy(lume::VerifiedProgram const&, std::span<lume::Buffer const, 18446744073709551615ul>, lume::detail::ExecutionPolicy const&, lume::detail::ExecutionStats*, std::vector<unsigned int, std::allocator<unsigned int> >*)+0x30fd>
    4b48:	lea    rsi,[rip+0x0]        # 4b4f <lume::detail::execute_cpu_reference_with_policy(lume::VerifiedProgram const&, std::span<lume::Buffer const, 18446744073709551615ul>, lume::detail::ExecutionPolicy const&, lume::detail::ExecutionStats*, std::vector<unsigned int, std::allocator<unsigned int> >*)+0x30ef>
    4b4f:	movzx  eax,BYTE PTR [rsi+rdx*2]
    4b53:	movzx  edx,BYTE PTR [rsi+rdx*2+0x1]
    4b58:	mov    BYTE PTR [rcx+0x1],dl
    4b5b:	jmp    4b62 <lume::detail::execute_cpu_reference_with_policy(lume::VerifiedProgram const&, std::span<lume::Buffer const, 18446744073709551615ul>, lume::detail::ExecutionPolicy const&, lume::detail::ExecutionStats*, std::vector<unsigned int, std::allocator<unsigned int> >*)+0x3102>
    4b5d:	or     dl,0x30
    4b60:	mov    eax,edx
    4b62:	lea    r15,[rsp+0x18]
    4b67:	mov    BYTE PTR [rcx],al
    4b69:	lea    rcx,[rip+0x0]        # 4b70 <lume::detail::execute_cpu_reference_with_policy(lume::VerifiedProgram const&, std::span<lume::Buffer const, 18446744073709551615ul>, lume::detail::ExecutionPolicy const&, lume::detail::ExecutionStats*, std::vector<unsigned int, std::allocator<unsigned int> >*)+0x3110>
    4b70:	lea    rdi,[rsp+0x28]
    4b75:	mov    r8d,0x3
    4b7b:	xor    esi,esi
    4b7d:	xor    edx,edx
    4b7f:	call   4b84 <lume::detail::execute_cpu_reference_with_policy(lume::VerifiedProgram const&, std::span<lume::Buffer const, 18446744073709551615ul>, lume::detail::ExecutionPolicy const&, lume::detail::ExecutionStats*, std::vector<unsigned int, std::allocator<unsigned int> >*)+0x3124>
    4b84:	mov    QWORD PTR [rsp+0x8],r15
    4b89:	mov    rsi,QWORD PTR [rax]
    4b8c:	mov    rbx,rax
    4b8f:	add    rbx,0x10
    4b93:	cmp    rsi,rbx
    4b96:	je     4bac <lume::detail::execute_cpu_reference_with_policy(lume::VerifiedProgram const&, std::span<lume::Buffer const, 18446744073709551615ul>, lume::detail::ExecutionPolicy const&, lume::detail::ExecutionStats*, std::vector<unsigned int, std::allocator<unsigned int> >*)+0x314c>
    4b98:	mov    QWORD PTR [rsp+0x8],rsi
    4b9d:	mov    rcx,QWORD PTR [rax+0x10]
    4ba1:	mov    QWORD PTR [rsp+0x18],rcx
    4ba6:	mov    r14,QWORD PTR [rax+0x8]
    4baa:	jmp    4bc7 <lume::detail::execute_cpu_reference_with_policy(lume::VerifiedProgram const&, std::span<lume::Buffer const, 18446744073709551615ul>, lume::detail::ExecutionPolicy const&, lume::detail::ExecutionStats*, std::vector<unsigned int, std::allocator<unsigned int> >*)+0x3167>
    4bac:	mov    r14,QWORD PTR [rax+0x8]
    4bb0:	lea    rdx,[r14+0x1]
    4bb4:	mov    rdi,r15
    4bb7:	mov    r15,rax
    4bba:	call   4bbf <lume::detail::execute_cpu_reference_with_policy(lume::VerifiedProgram const&, std::span<lume::Buffer const, 18446744073709551615ul>, lume::detail::ExecutionPolicy const&, lume::detail::ExecutionStats*, std::vector<unsigned int, std::allocator<unsigned int> >*)+0x315f>
    4bbf:	mov    rax,r15
    4bc2:	lea    r15,[rsp+0x18]
    4bc7:	mov    QWORD PTR [rsp+0x10],r14
    4bcc:	mov    QWORD PTR [rax],rbx
    4bcf:	mov    QWORD PTR [rax+0x8],0x0
    4bd7:	mov    BYTE PTR [rax+0x10],0x0
    4bdb:	mov    rsi,QWORD PTR [rsp+0x10]
    4be0:	movabs rax,0x7fffffffffffffe1
    4bea:	add    rax,0xf
    4bee:	cmp    rsi,rax
    4bf1:	jg     67a4 <lume::detail::execute_cpu_reference_with_policy(lume::VerifiedProgram const&, std::span<lume::Buffer const, 18446744073709551615ul>, lume::detail::ExecutionPolicy const&, lume::detail::ExecutionStats*, std::vector<unsigned int, std::allocator<unsigned int> >*)+0x4d44>
    4bf7:	lea    rbx,[rsi+0xf]
    4bfb:	mov    rax,QWORD PTR [rsp+0x8]
    4c00:	mov    ecx,0xf
    4c05:	cmp    rax,r15
    4c08:	je     4c0f <lume::detail::execute_cpu_reference_with_policy(lume::VerifiedProgram const&, std::span<lume::Buffer const, 18446744073709551615ul>, lume::detail::ExecutionPolicy const&, lume::detail::ExecutionStats*, std::vector<unsigned int, std::allocator<unsigned int> >*)+0x31af>
    4c0a:	mov    rcx,QWORD PTR [rsp+0x18]
    4c0f:	cmp    rbx,rcx
    4c12:	jbe    4c2f <lume::detail::execute_cpu_reference_with_policy(lume::VerifiedProgram const&, std::span<lume::Buffer const, 18446744073709551615ul>, lume::detail::ExecutionPolicy const&, lume::detail::ExecutionStats*, std::vector<unsigned int, std::allocator<unsigned int> >*)+0x31cf>
    4c14:	lea    rcx,[rip+0x0]        # 4c1b <lume::detail::execute_cpu_reference_with_policy(lume::VerifiedProgram const&, std::span<lume::Buffer const, 18446744073709551615ul>, lume::detail::ExecutionPolicy const&, lume::detail::ExecutionStats*, std::vector<unsigned int, std::allocator<unsigned int> >*)+0x31bb>
    4c1b:	lea    rdi,[rsp+0x8]
    4c20:	mov    r8d,0xf
    4c26:	xor    edx,edx
    4c28:	call   4c2d <lume::detail::execute_cpu_reference_with_policy(lume::VerifiedProgram const&, std::span<lume::Buffer const, 18446744073709551615ul>, lume::detail::ExecutionPolicy const&, lume::detail::ExecutionStats*, std::vector<unsigned int, std::allocator<unsigned int> >*)+0x31cd>
    4c2d:	jmp    4c4c <lume::detail::execute_cpu_reference_with_policy(lume::VerifiedProgram const&, std::span<lume::Buffer const, 18446744073709551615ul>, lume::detail::ExecutionPolicy const&, lume::detail::ExecutionStats*, std::vector<unsigned int, std::allocator<unsigned int> >*)+0x31ec>
    4c2f:	movabs rcx,0x646e756f626e7520
    4c39:	mov    QWORD PTR [rax+rsi*1+0x7],rcx
    4c3e:	movabs rcx,0x2074757074756f20
    4c48:	mov    QWORD PTR [rax+rsi*1],rcx
    4c4c:	mov    QWORD PTR [rsp+0x10],rbx
    4c51:	mov    rax,QWORD PTR [rsp+0x8]
    4c56:	mov    BYTE PTR [rax+rbx*1],0x0
    4c5a:	lea    rdi,[rsp+0x120]
    4c62:	mov    QWORD PTR [rsp+0x110],rdi
    4c6a:	mov    rbx,QWORD PTR [rsp+0x8]
    4c6f:	cmp    rbx,r15
    4c72:	je     4d02 <lume::detail::execute_cpu_reference_with_policy(lume::VerifiedProgram const&, std::span<lume::Buffer const, 18446744073709551615ul>, lume::detail::ExecutionPolicy const&, lume::detail::ExecutionStats*, std::vector<unsigned int, std::allocator<unsigned int> >*)+0x32a2>
    4c78:	mov    QWORD PTR [rsp+0x110],rbx
    4c80:	mov    r12,QWORD PTR [rsp+0x10]
    4c85:	mov    rax,QWORD PTR [rsp+0x10]
    4c8a:	mov    QWORD PTR [rsp+0x118],rax
    4c92:	mov    rax,QWORD PTR [rsp+0x18]
    4c97:	mov    QWORD PTR [rsp+0x120],rax
    4c9f:	mov    QWORD PTR [rsp+0x8],r15
    4ca4:	mov    QWORD PTR [rsp+0x10],0x0
    4cad:	mov    BYTE PTR [rsp+0x18],0x0
    4cb2:	movabs rax,0x7fffffffffffffe1
    4cbc:	cmp    r12,rax
    4cbf:	jg     67b0 <lume::detail::execute_cpu_reference_with_policy(lume::VerifiedProgram const&, std::span<lume::Buffer const, 18446744073709551615ul>, lume::detail::ExecutionPolicy const&, lume::detail::ExecutionStats*, std::vector<unsigned int, std::allocator<unsigned int> >*)+0x4d50>
    4cc5:	lea    r15,[r12+0x1e]
    4cca:	lea    rax,[rsp+0x120]
    4cd2:	cmp    rbx,rax
    4cd5:	sete   bpl
    4cd9:	je     4d9e <lume::detail::execute_cpu_reference_with_policy(lume::VerifiedProgram const&, std::span<lume::Buffer const, 18446744073709551615ul>, lume::detail::ExecutionPolicy const&, lume::detail::ExecutionStats*, std::vector<unsigned int, std::allocator<unsigned int> >*)+0x333e>
    4cdf:	mov    rax,QWORD PTR [rsp+0x120]
    4ce7:	cmp    r15,rax
    4cea:	jbe    4dad <lume::detail::execute_cpu_reference_with_policy(lume::VerifiedProgram const&, std::span<lume::Buffer const, 18446744073709551615ul>, lume::detail::ExecutionPolicy const&, lume::detail::ExecutionStats*, std::vector<unsigned int, std::allocator<unsigned int> >*)+0x334d>
    4cf0:	cmp    r12,0xffffffffffffffe1
    4cf4:	jg     4d3f <lume::detail::execute_cpu_reference_with_policy(lume::VerifiedProgram const&, std::span<lume::Buffer const, 18446744073709551615ul>, lume::detail::ExecutionPolicy const&, lume::detail::ExecutionStats*, std::vector<unsigned int, std::allocator<unsigned int> >*)+0x32df>
    4cf6:	lea    rdi,[rip+0x0]        # 4cfd <lume::detail::execute_cpu_reference_with_policy(lume::VerifiedProgram const&, std::span<lume::Buffer const, 18446744073709551615ul>, lume::detail::ExecutionPolicy const&, lume::detail::ExecutionStats*, std::vector<unsigned int, std::allocator<unsigned int> >*)+0x329d>
    4cfd:	jmp    67b7 <lume::detail::execute_cpu_reference_with_policy(lume::VerifiedProgram const&, std::span<lume::Buffer const, 18446744073709551615ul>, lume::detail::ExecutionPolicy const&, lume::detail::ExecutionStats*, std::vector<unsigned int, std::allocator<unsigned int> >*)+0x4d57>
    4d02:	mov    r12,QWORD PTR [rsp+0x10]
    4d07:	lea    rdx,[r12+0x1]
    4d0c:	mov    rsi,r15
    4d0f:	mov    rbx,rdi
    4d12:	call   4d17 <lume::detail::execute_cpu_reference_with_policy(lume::VerifiedProgram const&, std::span<lume::Buffer const, 18446744073709551615ul>, lume::detail::ExecutionPolicy const&, lume::detail::ExecutionStats*, std::vector<unsigned int, std::allocator<unsigned int> >*)+0x32b7>
    4d17:	mov    QWORD PTR [rsp+0x118],r12
    4d1f:	mov    QWORD PTR [rsp+0x8],r15
    4d24:	mov    QWORD PTR [rsp+0x10],0x0
    4d2d:	mov    BYTE PTR [rsp+0x18],0x0
    4d32:	lea    r15,[r12+0x1e]
    4d37:	mov    bpl,0x1
    4d3a:	mov    eax,0xf
    4d3f:	add    rax,rax
    4d42:	movabs rdi,0x7fffffffffffffff
    4d4c:	cmp    rax,rdi
    4d4f:	cmovb  rdi,rax
    4d53:	cmp    r15,rax
    4d56:	cmovae rdi,r15
    4d5a:	mov    r13,rdi
    4d5d:	inc    rdi
    4d60:	js     6660 <lume::detail::execute_cpu_reference_with_policy(lume::VerifiedProgram const&, std::span<lume::Buffer const, 18446744073709551615ul>, lume::detail::ExecutionPolicy const&, lume::detail::ExecutionStats*, std::vector<unsigned int, std::allocator<unsigned int> >*)+0x4c00>
    4d66:	call   4d6b <lume::detail::execute_cpu_reference_with_policy(lume::VerifiedProgram const&, std::span<lume::Buffer const, 18446744073709551615ul>, lume::detail::ExecutionPolicy const&, lume::detail::ExecutionStats*, std::vector<unsigned int, std::allocator<unsigned int> >*)+0x330b>
    4d6b:	mov    r14,rax
    4d6e:	movups xmm0,XMMWORD PTR [rip+0x0]        # 4d75 <lume::detail::execute_cpu_reference_with_policy(lume::VerifiedProgram const&, std::span<lume::Buffer const, 18446744073709551615ul>, lume::detail::ExecutionPolicy const&, lume::detail::ExecutionStats*, std::vector<unsigned int, std::allocator<unsigned int> >*)+0x3315>
    4d75:	movups XMMWORD PTR [rax+0xe],xmm0
    4d79:	movdqu xmm0,XMMWORD PTR [rip+0x0]        # 4d81 <lume::detail::execute_cpu_reference_with_policy(lume::VerifiedProgram const&, std::span<lume::Buffer const, 18446744073709551615ul>, lume::detail::ExecutionPolicy const&, lume::detail::ExecutionStats*, std::vector<unsigned int, std::allocator<unsigned int> >*)+0x3321>
    4d81:	movdqu XMMWORD PTR [rax],xmm0
    4d85:	test   r12,r12
    4d88:	je     4def <lume::detail::execute_cpu_reference_with_policy(lume::VerifiedProgram const&, std::span<lume::Buffer const, 18446744073709551615ul>, lume::detail::ExecutionPolicy const&, lume::detail::ExecutionStats*, std::vector<unsigned int, std::allocator<unsigned int> >*)+0x338f>
    4d8a:	mov    rdi,r14
    4d8d:	add    rdi,0x1e
    4d91:	cmp    r12,0x1
    4d95:	jne    4de4 <lume::detail::execute_cpu_reference_with_policy(lume::VerifiedProgram const&, std::span<lume::Buffer const, 18446744073709551615ul>, lume::detail::ExecutionPolicy const&, lume::detail::ExecutionStats*, std::vector<unsigned int, std::allocator<unsigned int> >*)+0x3384>
    4d97:	movzx  eax,BYTE PTR [rbx]
    4d9a:	mov    BYTE PTR [rdi],al
    4d9c:	jmp    4def <lume::detail::execute_cpu_reference_with_policy(lume::VerifiedProgram const&, std::span<lume::Buffer const, 18446744073709551615ul>, lume::detail::ExecutionPolicy const&, lume::detail::ExecutionStats*, std::vector<unsigned int, std::allocator<unsigned int> >*)+0x338f>
    4d9e:	mov    eax,0xf
    4da3:	cmp    r15,0xf
    4da7:	ja     4cf0 <lume::detail::execute_cpu_reference_with_policy(lume::VerifiedProgram const&, std::span<lume::Buffer const, 18446744073709551615ul>, lume::detail::ExecutionPolicy const&, lume::detail::ExecutionStats*, std::vector<unsigned int, std::allocator<unsigned int> >*)+0x3290>
    4dad:	lea    rcx,[rip+0x0]        # 4db4 <lume::detail::execute_cpu_reference_with_policy(lume::VerifiedProgram const&, std::span<lume::Buffer const, 18446744073709551615ul>, lume::detail::ExecutionPolicy const&, lume::detail::ExecutionStats*, std::vector<unsigned int, std::allocator<unsigned int> >*)+0x3354>
    4db4:	cmp    rbx,rcx
    4db7:	ja     4dc6 <lume::detail::execute_cpu_reference_with_policy(lume::VerifiedProgram const&, std::span<lume::Buffer const, 18446744073709551615ul>, lume::detail::ExecutionPolicy const&, lume::detail::ExecutionStats*, std::vector<unsigned int, std::allocator<unsigned int> >*)+0x3366>
    4db9:	lea    rax,[rbx+r12*1]
    4dbd:	cmp    rax,rcx
    4dc0:	jae    666a <lume::detail::execute_cpu_reference_with_policy(lume::VerifiedProgram const&, std::span<lume::Buffer const, 18446744073709551615ul>, lume::detail::ExecutionPolicy const&, lume::detail::ExecutionStats*, std::vector<unsigned int, std::allocator<unsigned int> >*)+0x4c0a>
    4dc6:	test   r12,r12
    4dc9:	je     4ef1 <lume::detail::execute_cpu_reference_with_policy(lume::VerifiedProgram const&, std::span<lume::Buffer const, 18446744073709551615ul>, lume::detail::ExecutionPolicy const&, lume::detail::ExecutionStats*, std::vector<unsigned int, std::allocator<unsigned int> >*)+0x3491>
    4dcf:	cmp    r12,0x1
    4dd3:	jne    4ee2 <lume::detail::execute_cpu_reference_with_policy(lume::VerifiedProgram const&, std::span<lume::Buffer const, 18446744073709551615ul>, lume::detail::ExecutionPolicy const&, lume::detail::ExecutionStats*, std::vector<unsigned int, std::allocator<unsigned int> >*)+0x3482>
    4dd9:	movzx  eax,BYTE PTR [rbx]
    4ddc:	mov    BYTE PTR [rbx+0x1e],al
    4ddf:	jmp    4ef1 <lume::detail::execute_cpu_reference_with_policy(lume::VerifiedProgram const&, std::span<lume::Buffer const, 18446744073709551615ul>, lume::detail::ExecutionPolicy const&, lume::detail::ExecutionStats*, std::vector<unsigned int, std::allocator<unsigned int> >*)+0x3491>
    4de4:	mov    rsi,rbx
    4de7:	mov    rdx,r12
    4dea:	call   4def <lume::detail::execute_cpu_reference_with_policy(lume::VerifiedProgram const&, std::span<lume::Buffer const, 18446744073709551615ul>, lume::detail::ExecutionPolicy const&, lume::detail::ExecutionStats*, std::vector<unsigned int, std::allocator<unsigned int> >*)+0x338f>
    4def:	test   bpl,bpl
    4df2:	jne    4dfc <lume::detail::execute_cpu_reference_with_policy(lume::VerifiedProgram const&, std::span<lume::Buffer const, 18446744073709551615ul>, lume::detail::ExecutionPolicy const&, lume::detail::ExecutionStats*, std::vector<unsigned int, std::allocator<unsigned int> >*)+0x339c>
    4df4:	mov    rdi,rbx
    4df7:	call   4dfc <lume::detail::execute_cpu_reference_with_policy(lume::VerifiedProgram const&, std::span<lume::Buffer const, 18446744073709551615ul>, lume::detail::ExecutionPolicy const&, lume::detail::ExecutionStats*, std::vector<unsigned int, std::allocator<unsigned int> >*)+0x339c>
    4dfc:	mov    QWORD PTR [rsp+0x110],r14
    4e04:	mov    QWORD PTR [rsp+0x120],r13
    4e0c:	jmp    4f08 <lume::detail::execute_cpu_reference_with_policy(lume::VerifiedProgram const&, std::span<lume::Buffer const, 18446744073709551615ul>, lume::detail::ExecutionPolicy const&, lume::detail::ExecutionStats*, std::vector<unsigned int, std::allocator<unsigned int> >*)+0x34a8>
    4e11:	cmp    r15,0xa
    4e15:	jae    5336 <lume::detail::execute_cpu_reference_with_policy(lume::VerifiedProgram const&, std::span<lume::Buffer const, 18446744073709551615ul>, lume::detail::ExecutionPolicy const&, lume::detail::ExecutionStats*, std::vector<unsigned int, std::allocator<unsigned int> >*)+0x38d6>
    4e1b:	lea    r12,[rsp+0x38]
    4e20:	mov    QWORD PTR [rsp+0x28],r12
    4e25:	mov    BYTE PTR [rsp+0x38],0x0
    4e2a:	mov    ebx,0x1
    4e2f:	jmp    5d5f <lume::detail::execute_cpu_reference_with_policy(lume::VerifiedProgram const&, std::span<lume::Buffer const, 18446744073709551615ul>, lume::detail::ExecutionPolicy const&, lume::detail::ExecutionStats*, std::vector<unsigned int, std::allocator<unsigned int> >*)+0x42ff>
    4e34:	mov    esi,0x4
    4e39:	mov    rcx,r15
    4e3c:	cmp    rcx,0x63
    4e40:	jbe    5461 <lume::detail::execute_cpu_reference_with_policy(lume::VerifiedProgram const&, std::span<lume::Buffer const, 18446744073709551615ul>, lume::detail::ExecutionPolicy const&, lume::detail::ExecutionStats*, std::vector<unsigned int, std::allocator<unsigned int> >*)+0x3a01>
    4e46:	cmp    rcx,0x3e7
    4e4d:	jbe    546e <lume::detail::execute_cpu_reference_with_policy(lume::VerifiedProgram const&, std::span<lume::Buffer const, 18446744073709551615ul>, lume::detail::ExecutionPolicy const&, lume::detail::ExecutionStats*, std::vector<unsigned int, std::allocator<unsigned int> >*)+0x3a0e>
    4e53:	cmp    rcx,0x2710
    4e5a:	jb     5470 <lume::detail::execute_cpu_reference_with_policy(lume::VerifiedProgram const&, std::span<lume::Buffer const, 18446744073709551615ul>, lume::detail::ExecutionPolicy const&, lume::detail::ExecutionStats*, std::vector<unsigned int, std::allocator<unsigned int> >*)+0x3a10>
    4e60:	mov    rax,rcx
    4e63:	movabs rdx,0x346dc5d63886594b
    4e6d:	mul    rdx
    4e70:	shr    rdx,0xb
    4e74:	add    esi,0x4
    4e77:	cmp    rcx,0x1869f
    4e7e:	mov    rcx,rdx
    4e81:	ja     4e3c <lume::detail::execute_cpu_reference_with_policy(lume::VerifiedProgram const&, std::span<lume::Buffer const, 18446744073709551615ul>, lume::detail::ExecutionPolicy const&, lume::detail::ExecutionStats*, std::vector<unsigned int, std::allocator<unsigned int> >*)+0x33dc>
    4e83:	add    esi,0xfffffffd
    4e86:	jmp    5470 <lume::detail::execute_cpu_reference_with_policy(lume::VerifiedProgram const&, std::span<lume::Buffer const, 18446744073709551615ul>, lume::detail::ExecutionPolicy const&, lume::detail::ExecutionStats*, std::vector<unsigned int, std::allocator<unsigned int> >*)+0x3a10>
    4e8b:	mov    esi,0x4
    4e90:	mov    rcx,r15
    4e93:	cmp    rcx,0x63
    4e97:	jbe    5466 <lume::detail::execute_cpu_reference_with_policy(lume::VerifiedProgram const&, std::span<lume::Buffer const, 18446744073709551615ul>, lume::detail::ExecutionPolicy const&, lume::detail::ExecutionStats*, std::vector<unsigned int, std::allocator<unsigned int> >*)+0x3a06>
    4e9d:	cmp    rcx,0x3e7
    4ea4:	jbe    57e9 <lume::detail::execute_cpu_reference_with_policy(lume::VerifiedProgram const&, std::span<lume::Buffer const, 18446744073709551615ul>, lume::detail::ExecutionPolicy const&, lume::detail::ExecutionStats*, std::vector<unsigned int, std::allocator<unsigned int> >*)+0x3d89>
    4eaa:	cmp    rcx,0x2710
    4eb1:	jb     57eb <lume::detail::execute_cpu_reference_with_policy(lume::VerifiedProgram const&, std::span<lume::Buffer const, 18446744073709551615ul>, lume::detail::ExecutionPolicy const&, lume::detail::ExecutionStats*, std::vector<unsigned int, std::allocator<unsigned int> >*)+0x3d8b>
    4eb7:	mov    rax,rcx
    4eba:	movabs rdx,0x346dc5d63886594b
    4ec4:	mul    rdx
    4ec7:	shr    rdx,0xb
    4ecb:	add    esi,0x4
    4ece:	cmp    rcx,0x1869f
    4ed5:	mov    rcx,rdx
    4ed8:	ja     4e93 <lume::detail::execute_cpu_reference_with_policy(lume::VerifiedProgram const&, std::span<lume::Buffer const, 18446744073709551615ul>, lume::detail::ExecutionPolicy const&, lume::detail::ExecutionStats*, std::vector<unsigned int, std::allocator<unsigned int> >*)+0x3433>
    4eda:	add    esi,0xfffffffd
    4edd:	jmp    57eb <lume::detail::execute_cpu_reference_with_policy(lume::VerifiedProgram const&, std::span<lume::Buffer const, 18446744073709551615ul>, lume::detail::ExecutionPolicy const&, lume::detail::ExecutionStats*, std::vector<unsigned int, std::allocator<unsigned int> >*)+0x3d8b>
    4ee2:	lea    rdi,[rbx+0x1e]
    4ee6:	mov    rsi,rbx
    4ee9:	mov    rdx,r12
    4eec:	call   4ef1 <lume::detail::execute_cpu_reference_with_policy(lume::VerifiedProgram const&, std::span<lume::Buffer const, 18446744073709551615ul>, lume::detail::ExecutionPolicy const&, lume::detail::ExecutionStats*, std::vector<unsigned int, std::allocator<unsigned int> >*)+0x3491>
    4ef1:	movups xmm0,XMMWORD PTR [rip+0x0]        # 4ef8 <lume::detail::execute_cpu_reference_with_policy(lume::VerifiedProgram const&, std::span<lume::Buffer const, 18446744073709551615ul>, lume::detail::ExecutionPolicy const&, lume::detail::ExecutionStats*, std::vector<unsigned int, std::allocator<unsigned int> >*)+0x3498>
    4ef8:	movups XMMWORD PTR [rbx+0xe],xmm0
    4efc:	movdqu xmm0,XMMWORD PTR [rip+0x0]        # 4f04 <lume::detail::execute_cpu_reference_with_policy(lume::VerifiedProgram const&, std::span<lume::Buffer const, 18446744073709551615ul>, lume::detail::ExecutionPolicy const&, lume::detail::ExecutionStats*, std::vector<unsigned int, std::allocator<unsigned int> >*)+0x34a4>
    4f04:	movdqu XMMWORD PTR [rbx],xmm0
    4f08:	mov    QWORD PTR [rsp+0x118],r15
    4f10:	mov    rax,QWORD PTR [rsp+0x110]
    4f18:	mov    BYTE PTR [rax+r15*1],0x0
    4f1d:	lea    rbx,[rsp+0xc0]
    4f25:	mov    QWORD PTR [rsp+0xb0],rbx
    4f2d:	mov    rax,QWORD PTR [rsp+0x110]
    4f35:	lea    r12,[rsp+0x120]
    4f3d:	cmp    rax,r12
    4f40:	je     4f7b <lume::detail::execute_cpu_reference_with_policy(lume::VerifiedProgram const&, std::span<lume::Buffer const, 18446744073709551615ul>, lume::detail::ExecutionPolicy const&, lume::detail::ExecutionStats*, std::vector<unsigned int, std::allocator<unsigned int> >*)+0x351b>
    4f42:	mov    r15,QWORD PTR [rsp+0x118]
    4f4a:	mov    rcx,QWORD PTR [rsp+0x120]
    4f52:	mov    QWORD PTR [rsp+0xc0],rcx
    4f5a:	mov    QWORD PTR [rsp+0x110],r12
    4f62:	mov    QWORD PTR [rsp+0x118],0x0
    4f6e:	mov    BYTE PTR [rsp+0x120],0x0
    4f76:	jmp    6085 <lume::detail::execute_cpu_reference_with_policy(lume::VerifiedProgram const&, std::span<lume::Buffer const, 18446744073709551615ul>, lume::detail::ExecutionPolicy const&, lume::detail::ExecutionStats*, std::vector<unsigned int, std::allocator<unsigned int> >*)+0x4625>
    4f7b:	mov    r15,QWORD PTR [rsp+0x118]
    4f83:	lea    r14,[r15+0x1]
    4f87:	mov    rdi,rbx
    4f8a:	mov    rsi,r12
    4f8d:	mov    rdx,r14
    4f90:	call   4f95 <lume::detail::execute_cpu_reference_with_policy(lume::VerifiedProgram const&, std::span<lume::Buffer const, 18446744073709551615ul>, lume::detail::ExecutionPolicy const&, lume::detail::ExecutionStats*, std::vector<unsigned int, std::allocator<unsigned int> >*)+0x3535>
    4f95:	mov    QWORD PTR [rsp+0x110],r12
    4f9d:	mov    QWORD PTR [rsp+0x118],0x0
    4fa9:	mov    BYTE PTR [rsp+0x120],0x0
    4fb1:	jmp    60f0 <lume::detail::execute_cpu_reference_with_policy(lume::VerifiedProgram const&, std::span<lume::Buffer const, 18446744073709551615ul>, lume::detail::ExecutionPolicy const&, lume::detail::ExecutionStats*, std::vector<unsigned int, std::allocator<unsigned int> >*)+0x4690>
    4fb6:	add    esi,0xfffffffe
    4fb9:	jmp    4fbd <lume::detail::execute_cpu_reference_with_policy(lume::VerifiedProgram const&, std::span<lume::Buffer const, 18446744073709551615ul>, lume::detail::ExecutionPolicy const&, lume::detail::ExecutionStats*, std::vector<unsigned int, std::allocator<unsigned int> >*)+0x355d>
    4fbb:	dec    esi
    4fbd:	mov    ebx,esi
    4fbf:	mov    QWORD PTR [rsp+0x28],rdi
    4fc4:	cmp    esi,0x10
    4fc7:	jb     4fe1 <lume::detail::execute_cpu_reference_with_policy(lume::VerifiedProgram const&, std::span<lume::Buffer const, 18446744073709551615ul>, lume::detail::ExecutionPolicy const&, lume::detail::ExecutionStats*, std::vector<unsigned int, std::allocator<unsigned int> >*)+0x3581>
    4fc9:	lea    rdi,[rbx+0x1]
    4fcd:	call   4fd2 <lume::detail::execute_cpu_reference_with_policy(lume::VerifiedProgram const&, std::span<lume::Buffer const, 18446744073709551615ul>, lume::detail::ExecutionPolicy const&, lume::detail::ExecutionStats*, std::vector<unsigned int, std::allocator<unsigned int> >*)+0x3572>
    4fd2:	mov    rdi,rax
    4fd5:	mov    QWORD PTR [rsp+0x28],rax
    4fda:	mov    QWORD PTR [rsp+0x38],rbx
    4fdf:	jmp    4fef <lume::detail::execute_cpu_reference_with_policy(lume::VerifiedProgram const&, std::span<lume::Buffer const, 18446744073709551615ul>, lume::detail::ExecutionPolicy const&, lume::detail::ExecutionStats*, std::vector<unsigned int, std::allocator<unsigned int> >*)+0x358f>
    4fe1:	test   rbx,rbx
    4fe4:	je     4fff <lume::detail::execute_cpu_reference_with_policy(lume::VerifiedProgram const&, std::span<lume::Buffer const, 18446744073709551615ul>, lume::detail::ExecutionPolicy const&, lume::detail::ExecutionStats*, std::vector<unsigned int, std::allocator<unsigned int> >*)+0x359f>
    4fe6:	cmp    ebx,0x1
    4fe9:	je     4941 <lume::detail::execute_cpu_reference_with_policy(lume::VerifiedProgram const&, std::span<lume::Buffer const, 18446744073709551615ul>, lume::detail::ExecutionPolicy const&, lume::detail::ExecutionStats*, std::vector<unsigned int, std::allocator<unsigned int> >*)+0x2ee1>
    4fef:	xor    esi,esi
    4ff1:	mov    rdx,rbx
    4ff4:	mov    r14,rdi
    4ff7:	call   4ffc <lume::detail::execute_cpu_reference_with_policy(lume::VerifiedProgram const&, std::span<lume::Buffer const, 18446744073709551615ul>, lume::detail::ExecutionPolicy const&, lume::detail::ExecutionStats*, std::vector<unsigned int, std::allocator<unsigned int> >*)+0x359c>
    4ffc:	mov    rdi,r14
    4fff:	mov    QWORD PTR [rsp+0x30],rbx
    5004:	mov    BYTE PTR [rdi+rbx*1],0x0
    5008:	mov    rcx,QWORD PTR [rsp+0x28]
    500d:	cmp    r15,0x64
    5011:	jb     506f <lume::detail::execute_cpu_reference_with_policy(lume::VerifiedProgram const&, std::span<lume::Buffer const, 18446744073709551615ul>, lume::detail::ExecutionPolicy const&, lume::detail::ExecutionStats*, std::vector<unsigned int, std::allocator<unsigned int> >*)+0x360f>
    5013:	mov    esi,DWORD PTR [rsp+0x30]
    5017:	add    esi,0xfffffffe
    501a:	lea    r9,[rip+0x0]        # 5021 <lume::detail::execute_cpu_reference_with_policy(lume::VerifiedProgram const&, std::span<lume::Buffer const, 18446744073709551615ul>, lume::detail::ExecutionPolicy const&, lume::detail::ExecutionStats*, std::vector<unsigned int, std::allocator<unsigned int> >*)+0x35c1>
    5021:	movabs r10,0x28f5c28f5c28f5c3
    502b:	nop    DWORD PTR [rax+rax*1+0x0]
    5030:	lea    edi,[rsi+0x1]
    5033:	mov    rax,r15
    5036:	shr    rax,0x2
    503a:	mul    r10
    503d:	shr    rdx,0x2
    5041:	imul   eax,edx,0x64
    5044:	mov    r8d,r15d
    5047:	sub    r8d,eax
    504a:	movzx  eax,BYTE PTR [r9+r8*2]
    504f:	movzx  r8d,BYTE PTR [r9+r8*2+0x1]
    5055:	mov    BYTE PTR [rcx+rdi*1],r8b
    5059:	mov    edi,esi
    505b:	mov    BYTE PTR [rcx+rdi*1],al
    505e:	add    esi,0xfffffffe
    5061:	cmp    r15,0x270f
    5068:	mov    r15,rdx
    506b:	ja     5030 <lume::detail::execute_cpu_reference_with_policy(lume::VerifiedProgram const&, std::span<lume::Buffer const, 18446744073709551615ul>, lume::detail::ExecutionPolicy const&, lume::detail::ExecutionStats*, std::vector<unsigned int, std::allocator<unsigned int> >*)+0x35d0>
    506d:	jmp    5072 <lume::detail::execute_cpu_reference_with_policy(lume::VerifiedProgram const&, std::span<lume::Buffer const, 18446744073709551615ul>, lume::detail::ExecutionPolicy const&, lume::detail::ExecutionStats*, std::vector<unsigned int, std::allocator<unsigned int> >*)+0x3612>
    506f:	mov    rdx,r15
    5072:	cmp    rdx,0xa
    5076:	jb     508d <lume::detail::execute_cpu_reference_with_policy(lume::VerifiedProgram const&, std::span<lume::Buffer const, 18446744073709551615ul>, lume::detail::ExecutionPolicy const&, lume::detail::ExecutionStats*, std::vector<unsigned int, std::allocator<unsigned int> >*)+0x362d>
    5078:	lea    rsi,[rip+0x0]        # 507f <lume::detail::execute_cpu_reference_with_policy(lume::VerifiedProgram const&, std::span<lume::Buffer const, 18446744073709551615ul>, lume::detail::ExecutionPolicy const&, lume::detail::ExecutionStats*, std::vector<unsigned int, std::allocator<unsigned int> >*)+0x361f>
    507f:	movzx  eax,BYTE PTR [rsi+rdx*2]
    5083:	movzx  edx,BYTE PTR [rsi+rdx*2+0x1]
    5088:	mov    BYTE PTR [rcx+0x1],dl
    508b:	jmp    5092 <lume::detail::execute_cpu_reference_with_policy(lume::VerifiedProgram const&, std::span<lume::Buffer const, 18446744073709551615ul>, lume::detail::ExecutionPolicy const&, lume::detail::ExecutionStats*, std::vector<unsigned int, std::allocator<unsigned int> >*)+0x3632>
    508d:	or     dl,0x30
    5090:	mov    eax,edx
    5092:	lea    r15,[rsp+0x18]
    5097:	mov    BYTE PTR [rcx],al
    5099:	lea    rcx,[rip+0x0]        # 50a0 <lume::detail::execute_cpu_reference_with_policy(lume::VerifiedProgram const&, std::span<lume::Buffer const, 18446744073709551615ul>, lume::detail::ExecutionPolicy const&, lume::detail::ExecutionStats*, std::vector<unsigned int, std::allocator<unsigned int> >*)+0x3640>
    50a0:	lea    rdi,[rsp+0x28]
    50a5:	mov    r8d,0x3
    50ab:	xor    esi,esi
    50ad:	xor    edx,edx
    50af:	call   50b4 <lume::detail::execute_cpu_reference_with_policy(lume::VerifiedProgram const&, std::span<lume::Buffer const, 18446744073709551615ul>, lume::detail::ExecutionPolicy const&, lume::detail::ExecutionStats*, std::vector<unsigned int, std::allocator<unsigned int> >*)+0x3654>
    50b4:	mov    QWORD PTR [rsp+0x8],r15
    50b9:	mov    rsi,QWORD PTR [rax]
    50bc:	mov    rbx,rax
    50bf:	add    rbx,0x10
    50c3:	cmp    rsi,rbx
    50c6:	je     50dc <lume::detail::execute_cpu_reference_with_policy(lume::VerifiedProgram const&, std::span<lume::Buffer const, 18446744073709551615ul>, lume::detail::ExecutionPolicy const&, lume::detail::ExecutionStats*, std::vector<unsigned int, std::allocator<unsigned int> >*)+0x367c>
    50c8:	mov    QWORD PTR [rsp+0x8],rsi
    50cd:	mov    rcx,QWORD PTR [rax+0x10]
    50d1:	mov    QWORD PTR [rsp+0x18],rcx
    50d6:	mov    r14,QWORD PTR [rax+0x8]
    50da:	jmp    50f7 <lume::detail::execute_cpu_reference_with_policy(lume::VerifiedProgram const&, std::span<lume::Buffer const, 18446744073709551615ul>, lume::detail::ExecutionPolicy const&, lume::detail::ExecutionStats*, std::vector<unsigned int, std::allocator<unsigned int> >*)+0x3697>
    50dc:	mov    r14,QWORD PTR [rax+0x8]
    50e0:	lea    rdx,[r14+0x1]
    50e4:	mov    rdi,r15
    50e7:	mov    r15,rax
    50ea:	call   50ef <lume::detail::execute_cpu_reference_with_policy(lume::VerifiedProgram const&, std::span<lume::Buffer const, 18446744073709551615ul>, lume::detail::ExecutionPolicy const&, lume::detail::ExecutionStats*, std::vector<unsigned int, std::allocator<unsigned int> >*)+0x368f>
    50ef:	mov    rax,r15
    50f2:	lea    r15,[rsp+0x18]
    50f7:	mov    QWORD PTR [rsp+0x10],r14
    50fc:	mov    QWORD PTR [rax],rbx
    50ff:	mov    QWORD PTR [rax+0x8],0x0
    5107:	mov    BYTE PTR [rax+0x10],0x0
    510b:	mov    rsi,QWORD PTR [rsp+0x10]
    5110:	movabs rax,0x7fffffffffffffe1
    511a:	add    rax,0xb
    511e:	cmp    rsi,rax
    5121:	jg     67bc <lume::detail::execute_cpu_reference_with_policy(lume::VerifiedProgram const&, std::span<lume::Buffer const, 18446744073709551615ul>, lume::detail::ExecutionPolicy const&, lume::detail::ExecutionStats*, std::vector<unsigned int, std::allocator<unsigned int> >*)+0x4d5c>
    5127:	lea    rbx,[rsi+0x13]
    512b:	mov    rax,QWORD PTR [rsp+0x8]
    5130:	mov    ecx,0xf
    5135:	cmp    rax,r15
    5138:	je     513f <lume::detail::execute_cpu_reference_with_policy(lume::VerifiedProgram const&, std::span<lume::Buffer const, 18446744073709551615ul>, lume::detail::ExecutionPolicy const&, lume::detail::ExecutionStats*, std::vector<unsigned int, std::allocator<unsigned int> >*)+0x36df>
    513a:	mov    rcx,QWORD PTR [rsp+0x18]
    513f:	cmp    rbx,rcx
    5142:	jbe    515f <lume::detail::execute_cpu_reference_with_policy(lume::VerifiedProgram const&, std::span<lume::Buffer const, 18446744073709551615ul>, lume::detail::ExecutionPolicy const&, lume::detail::ExecutionStats*, std::vector<unsigned int, std::allocator<unsigned int> >*)+0x36ff>
    5144:	lea    rcx,[rip+0x0]        # 514b <lume::detail::execute_cpu_reference_with_policy(lume::VerifiedProgram const&, std::span<lume::Buffer const, 18446744073709551615ul>, lume::detail::ExecutionPolicy const&, lume::detail::ExecutionStats*, std::vector<unsigned int, std::allocator<unsigned int> >*)+0x36eb>
    514b:	lea    rdi,[rsp+0x8]
    5150:	mov    r8d,0x13
    5156:	xor    edx,edx
    5158:	call   515d <lume::detail::execute_cpu_reference_with_policy(lume::VerifiedProgram const&, std::span<lume::Buffer const, 18446744073709551615ul>, lume::detail::ExecutionPolicy const&, lume::detail::ExecutionStats*, std::vector<unsigned int, std::allocator<unsigned int> >*)+0x36fd>
    515d:	jmp    5174 <lume::detail::execute_cpu_reference_with_policy(lume::VerifiedProgram const&, std::span<lume::Buffer const, 18446744073709551615ul>, lume::detail::ExecutionPolicy const&, lume::detail::ExecutionStats*, std::vector<unsigned int, std::allocator<unsigned int> >*)+0x3714>
    515f:	movdqu xmm0,XMMWORD PTR [rip+0x0]        # 5167 <lume::detail::execute_cpu_reference_with_policy(lume::VerifiedProgram const&, std::span<lume::Buffer const, 18446744073709551615ul>, lume::detail::ExecutionPolicy const&, lume::detail::ExecutionStats*, std::vector<unsigned int, std::allocator<unsigned int> >*)+0x3707>
    5167:	movdqu XMMWORD PTR [rax+rsi*1],xmm0
    516c:	mov    DWORD PTR [rax+rsi*1+0xf],0x65646f63
    5174:	mov    QWORD PTR [rsp+0x10],rbx
    5179:	mov    rax,QWORD PTR [rsp+0x8]
    517e:	mov    BYTE PTR [rax+rbx*1],0x0
    5182:	lea    rdi,[rsp+0x100]
    518a:	mov    QWORD PTR [rsp+0xf0],rdi
    5192:	mov    rbx,QWORD PTR [rsp+0x8]
    5197:	cmp    rbx,r15
    519a:	je     522a <lume::detail::execute_cpu_reference_with_policy(lume::VerifiedProgram const&, std::span<lume::Buffer const, 18446744073709551615ul>, lume::detail::ExecutionPolicy const&, lume::detail::ExecutionStats*, std::vector<unsigned int, std::allocator<unsigned int> >*)+0x37ca>
    51a0:	mov    QWORD PTR [rsp+0xf0],rbx
    51a8:	mov    r12,QWORD PTR [rsp+0x10]
    51ad:	mov    rax,QWORD PTR [rsp+0x10]
    51b2:	mov    QWORD PTR [rsp+0xf8],rax
    51ba:	mov    rax,QWORD PTR [rsp+0x18]
    51bf:	mov    QWORD PTR [rsp+0x100],rax
    51c7:	mov    QWORD PTR [rsp+0x8],r15
    51cc:	mov    QWORD PTR [rsp+0x10],0x0
    51d5:	mov    BYTE PTR [rsp+0x18],0x0
    51da:	movabs rax,0x7fffffffffffffe1
    51e4:	cmp    r12,rax
    51e7:	jg     67e4 <lume::detail::execute_cpu_reference_with_policy(lume::VerifiedProgram const&, std::span<lume::Buffer const, 18446744073709551615ul>, lume::detail::ExecutionPolicy const&, lume::detail::ExecutionStats*, std::vector<unsigned int, std::allocator<unsigned int> >*)+0x4d84>
    51ed:	lea    r15,[r12+0x1e]
    51f2:	lea    rax,[rsp+0x100]
    51fa:	cmp    rbx,rax
    51fd:	sete   bpl
    5201:	je     52c6 <lume::detail::execute_cpu_reference_with_policy(lume::VerifiedProgram const&, std::span<lume::Buffer const, 18446744073709551615ul>, lume::detail::ExecutionPolicy const&, lume::detail::ExecutionStats*, std::vector<unsigned int, std::allocator<unsigned int> >*)+0x3866>
    5207:	mov    rax,QWORD PTR [rsp+0x100]
    520f:	cmp    r15,rax
    5212:	jbe    52d5 <lume::detail::execute_cpu_reference_with_policy(lume::VerifiedProgram const&, std::span<lume::Buffer const, 18446744073709551615ul>, lume::detail::ExecutionPolicy const&, lume::detail::ExecutionStats*, std::vector<unsigned int, std::allocator<unsigned int> >*)+0x3875>
    5218:	cmp    r12,0xffffffffffffffe1
    521c:	jg     5267 <lume::detail::execute_cpu_reference_with_policy(lume::VerifiedProgram const&, std::span<lume::Buffer const, 18446744073709551615ul>, lume::detail::ExecutionPolicy const&, lume::detail::ExecutionStats*, std::vector<unsigned int, std::allocator<unsigned int> >*)+0x3807>
    521e:	lea    rdi,[rip+0x0]        # 5225 <lume::detail::execute_cpu_reference_with_policy(lume::VerifiedProgram const&, std::span<lume::Buffer const, 18446744073709551615ul>, lume::detail::ExecutionPolicy const&, lume::detail::ExecutionStats*, std::vector<unsigned int, std::allocator<unsigned int> >*)+0x37c5>
    5225:	jmp    67eb <lume::detail::execute_cpu_reference_with_policy(lume::VerifiedProgram const&, std::span<lume::Buffer const, 18446744073709551615ul>, lume::detail::ExecutionPolicy const&, lume::detail::ExecutionStats*, std::vector<unsigned int, std::allocator<unsigned int> >*)+0x4d8b>
    522a:	mov    r12,QWORD PTR [rsp+0x10]
    522f:	lea    rdx,[r12+0x1]
    5234:	mov    rsi,r15
    5237:	mov    rbx,rdi
    523a:	call   523f <lume::detail::execute_cpu_reference_with_policy(lume::VerifiedProgram const&, std::span<lume::Buffer const, 18446744073709551615ul>, lume::detail::ExecutionPolicy const&, lume::detail::ExecutionStats*, std::vector<unsigned int, std::allocator<unsigned int> >*)+0x37df>
    523f:	mov    QWORD PTR [rsp+0xf8],r12
    5247:	mov    QWORD PTR [rsp+0x8],r15
    524c:	mov    QWORD PTR [rsp+0x10],0x0
    5255:	mov    BYTE PTR [rsp+0x18],0x0
    525a:	lea    r15,[r12+0x1e]
    525f:	mov    bpl,0x1
    5262:	mov    eax,0xf
    5267:	add    rax,rax
    526a:	movabs rdi,0x7fffffffffffffff
    5274:	cmp    rax,rdi
    5277:	cmovb  rdi,rax
    527b:	cmp    r15,rax
    527e:	cmovae rdi,r15
    5282:	mov    r13,rdi
    5285:	inc    rdi
    5288:	js     6665 <lume::detail::execute_cpu_reference_with_policy(lume::VerifiedProgram const&, std::span<lume::Buffer const, 18446744073709551615ul>, lume::detail::ExecutionPolicy const&, lume::detail::ExecutionStats*, std::vector<unsigned int, std::allocator<unsigned int> >*)+0x4c05>
    528e:	call   5293 <lume::detail::execute_cpu_reference_with_policy(lume::VerifiedProgram const&, std::span<lume::Buffer const, 18446744073709551615ul>, lume::detail::ExecutionPolicy const&, lume::detail::ExecutionStats*, std::vector<unsigned int, std::allocator<unsigned int> >*)+0x3833>
    5293:	mov    r14,rax
    5296:	movups xmm0,XMMWORD PTR [rip+0x0]        # 529d <lume::detail::execute_cpu_reference_with_policy(lume::VerifiedProgram const&, std::span<lume::Buffer const, 18446744073709551615ul>, lume::detail::ExecutionPolicy const&, lume::detail::ExecutionStats*, std::vector<unsigned int, std::allocator<unsigned int> >*)+0x383d>
    529d:	movups XMMWORD PTR [rax+0xe],xmm0
    52a1:	movdqu xmm0,XMMWORD PTR [rip+0x0]        # 52a9 <lume::detail::execute_cpu_reference_with_policy(lume::VerifiedProgram const&, std::span<lume::Buffer const, 18446744073709551615ul>, lume::detail::ExecutionPolicy const&, lume::detail::ExecutionStats*, std::vector<unsigned int, std::allocator<unsigned int> >*)+0x3849>
    52a9:	movdqu XMMWORD PTR [rax],xmm0
    52ad:	test   r12,r12
    52b0:	je     5317 <lume::detail::execute_cpu_reference_with_policy(lume::VerifiedProgram const&, std::span<lume::Buffer const, 18446744073709551615ul>, lume::detail::ExecutionPolicy const&, lume::detail::ExecutionStats*, std::vector<unsigned int, std::allocator<unsigned int> >*)+0x38b7>
    52b2:	mov    rdi,r14
    52b5:	add    rdi,0x1e
    52b9:	cmp    r12,0x1
    52bd:	jne    530c <lume::detail::execute_cpu_reference_with_policy(lume::VerifiedProgram const&, std::span<lume::Buffer const, 18446744073709551615ul>, lume::detail::ExecutionPolicy const&, lume::detail::ExecutionStats*, std::vector<unsigned int, std::allocator<unsigned int> >*)+0x38ac>
    52bf:	movzx  eax,BYTE PTR [rbx]
    52c2:	mov    BYTE PTR [rdi],al
    52c4:	jmp    5317 <lume::detail::execute_cpu_reference_with_policy(lume::VerifiedProgram const&, std::span<lume::Buffer const, 18446744073709551615ul>, lume::detail::ExecutionPolicy const&, lume::detail::ExecutionStats*, std::vector<unsigned int, std::allocator<unsigned int> >*)+0x38b7>
    52c6:	mov    eax,0xf
    52cb:	cmp    r15,0xf
    52cf:	ja     5218 <lume::detail::execute_cpu_reference_with_policy(lume::VerifiedProgram const&, std::span<lume::Buffer const, 18446744073709551615ul>, lume::detail::ExecutionPolicy const&, lume::detail::ExecutionStats*, std::vector<unsigned int, std::allocator<unsigned int> >*)+0x37b8>
    52d5:	lea    rcx,[rip+0x0]        # 52dc <lume::detail::execute_cpu_reference_with_policy(lume::VerifiedProgram const&, std::span<lume::Buffer const, 18446744073709551615ul>, lume::detail::ExecutionPolicy const&, lume::detail::ExecutionStats*, std::vector<unsigned int, std::allocator<unsigned int> >*)+0x387c>
    52dc:	cmp    rbx,rcx
    52df:	ja     52ee <lume::detail::execute_cpu_reference_with_policy(lume::VerifiedProgram const&, std::span<lume::Buffer const, 18446744073709551615ul>, lume::detail::ExecutionPolicy const&, lume::detail::ExecutionStats*, std::vector<unsigned int, std::allocator<unsigned int> >*)+0x388e>
    52e1:	lea    rax,[rbx+r12*1]
    52e5:	cmp    rax,rcx
    52e8:	jae    6691 <lume::detail::execute_cpu_reference_with_policy(lume::VerifiedProgram const&, std::span<lume::Buffer const, 18446744073709551615ul>, lume::detail::ExecutionPolicy const&, lume::detail::ExecutionStats*, std::vector<unsigned int, std::allocator<unsigned int> >*)+0x4c31>
    52ee:	test   r12,r12
    52f1:	je     539c <lume::detail::execute_cpu_reference_with_policy(lume::VerifiedProgram const&, std::span<lume::Buffer const, 18446744073709551615ul>, lume::detail::ExecutionPolicy const&, lume::detail::ExecutionStats*, std::vector<unsigned int, std::allocator<unsigned int> >*)+0x393c>
    52f7:	cmp    r12,0x1
    52fb:	jne    538d <lume::detail::execute_cpu_reference_with_policy(lume::VerifiedProgram const&, std::span<lume::Buffer const, 18446744073709551615ul>, lume::detail::ExecutionPolicy const&, lume::detail::ExecutionStats*, std::vector<unsigned int, std::allocator<unsigned int> >*)+0x392d>
    5301:	movzx  eax,BYTE PTR [rbx]
    5304:	mov    BYTE PTR [rbx+0x1e],al
    5307:	jmp    539c <lume::detail::execute_cpu_reference_with_policy(lume::VerifiedProgram const&, std::span<lume::Buffer const, 18446744073709551615ul>, lume::detail::ExecutionPolicy const&, lume::detail::ExecutionStats*, std::vector<unsigned int, std::allocator<unsigned int> >*)+0x393c>
    530c:	mov    rsi,rbx
    530f:	mov    rdx,r12
    5312:	call   5317 <lume::detail::execute_cpu_reference_with_policy(lume::VerifiedProgram const&, std::span<lume::Buffer const, 18446744073709551615ul>, lume::detail::ExecutionPolicy const&, lume::detail::ExecutionStats*, std::vector<unsigned int, std::allocator<unsigned int> >*)+0x38b7>
    5317:	test   bpl,bpl
    531a:	jne    5324 <lume::detail::execute_cpu_reference_with_policy(lume::VerifiedProgram const&, std::span<lume::Buffer const, 18446744073709551615ul>, lume::detail::ExecutionPolicy const&, lume::detail::ExecutionStats*, std::vector<unsigned int, std::allocator<unsigned int> >*)+0x38c4>
    531c:	mov    rdi,rbx
    531f:	call   5324 <lume::detail::execute_cpu_reference_with_policy(lume::VerifiedProgram const&, std::span<lume::Buffer const, 18446744073709551615ul>, lume::detail::ExecutionPolicy const&, lume::detail::ExecutionStats*, std::vector<unsigned int, std::allocator<unsigned int> >*)+0x38c4>
    5324:	mov    QWORD PTR [rsp+0xf0],r14
    532c:	mov    QWORD PTR [rsp+0x100],r13
    5334:	jmp    53b3 <lume::detail::execute_cpu_reference_with_policy(lume::VerifiedProgram const&, std::span<lume::Buffer const, 18446744073709551615ul>, lume::detail::ExecutionPolicy const&, lume::detail::ExecutionStats*, std::vector<unsigned int, std::allocator<unsigned int> >*)+0x3953>
    5336:	mov    esi,0x4
    533b:	mov    rcx,r15
    533e:	cmp    rcx,0x63
    5342:	jbe    5d14 <lume::detail::execute_cpu_reference_with_policy(lume::VerifiedProgram const&, std::span<lume::Buffer const, 18446744073709551615ul>, lume::detail::ExecutionPolicy const&, lume::detail::ExecutionStats*, std::vector<unsigned int, std::allocator<unsigned int> >*)+0x42b4>
    5348:	cmp    rcx,0x3e7
    534f:	jbe    5d19 <lume::detail::execute_cpu_reference_with_policy(lume::VerifiedProgram const&, std::span<lume::Buffer const, 18446744073709551615ul>, lume::detail::ExecutionPolicy const&, lume::detail::ExecutionStats*, std::vector<unsigned int, std::allocator<unsigned int> >*)+0x42b9>
    5355:	cmp    rcx,0x2710
    535c:	jb     5d1b <lume::detail::execute_cpu_reference_with_policy(lume::VerifiedProgram const&, std::span<lume::Buffer const, 18446744073709551615ul>, lume::detail::ExecutionPolicy const&, lume::detail::ExecutionStats*, std::vector<unsigned int, std::allocator<unsigned int> >*)+0x42bb>
    5362:	mov    rax,rcx
    5365:	movabs rdx,0x346dc5d63886594b
    536f:	mul    rdx
    5372:	shr    rdx,0xb
    5376:	add    esi,0x4
    5379:	cmp    rcx,0x1869f
    5380:	mov    rcx,rdx
    5383:	ja     533e <lume::detail::execute_cpu_reference_with_policy(lume::VerifiedProgram const&, std::span<lume::Buffer const, 18446744073709551615ul>, lume::detail::ExecutionPolicy const&, lume::detail::ExecutionStats*, std::vector<unsigned int, std::allocator<unsigned int> >*)+0x38de>
    5385:	add    esi,0xfffffffd
    5388:	jmp    5d1b <lume::detail::execute_cpu_reference_with_policy(lume::VerifiedProgram const&, std::span<lume::Buffer const, 18446744073709551615ul>, lume::detail::ExecutionPolicy const&, lume::detail::ExecutionStats*, std::vector<unsigned int, std::allocator<unsigned int> >*)+0x42bb>
    538d:	lea    rdi,[rbx+0x1e]
    5391:	mov    rsi,rbx
    5394:	mov    rdx,r12
    5397:	call   539c <lume::detail::execute_cpu_reference_with_policy(lume::VerifiedProgram const&, std::span<lume::Buffer const, 18446744073709551615ul>, lume::detail::ExecutionPolicy const&, lume::detail::ExecutionStats*, std::vector<unsigned int, std::allocator<unsigned int> >*)+0x393c>
    539c:	movups xmm0,XMMWORD PTR [rip+0x0]        # 53a3 <lume::detail::execute_cpu_reference_with_policy(lume::VerifiedProgram const&, std::span<lume::Buffer const, 18446744073709551615ul>, lume::detail::ExecutionPolicy const&, lume::detail::ExecutionStats*, std::vector<unsigned int, std::allocator<unsigned int> >*)+0x3943>
    53a3:	movups XMMWORD PTR [rbx+0xe],xmm0
    53a7:	movdqu xmm0,XMMWORD PTR [rip+0x0]        # 53af <lume::detail::execute_cpu_reference_with_policy(lume::VerifiedProgram const&, std::span<lume::Buffer const, 18446744073709551615ul>, lume::detail::ExecutionPolicy const&, lume::detail::ExecutionStats*, std::vector<unsigned int, std::allocator<unsigned int> >*)+0x394f>
    53af:	movdqu XMMWORD PTR [rbx],xmm0
    53b3:	mov    QWORD PTR [rsp+0xf8],r15
    53bb:	mov    rax,QWORD PTR [rsp+0xf0]
    53c3:	mov    BYTE PTR [rax+r15*1],0x0
    53c8:	lea    rbx,[rsp+0xc0]
    53d0:	mov    QWORD PTR [rsp+0xb0],rbx
    53d8:	mov    rax,QWORD PTR [rsp+0xf0]
    53e0:	lea    r12,[rsp+0x100]
    53e8:	cmp    rax,r12
    53eb:	je     5426 <lume::detail::execute_cpu_reference_with_policy(lume::VerifiedProgram const&, std::span<lume::Buffer const, 18446744073709551615ul>, lume::detail::ExecutionPolicy const&, lume::detail::ExecutionStats*, std::vector<unsigned int, std::allocator<unsigned int> >*)+0x39c6>
    53ed:	mov    r15,QWORD PTR [rsp+0xf8]
    53f5:	mov    rcx,QWORD PTR [rsp+0x100]
    53fd:	mov    QWORD PTR [rsp+0xc0],rcx
    5405:	mov    QWORD PTR [rsp+0xf0],r12
    540d:	mov    QWORD PTR [rsp+0xf8],0x0
    5419:	mov    BYTE PTR [rsp+0x100],0x0
    5421:	jmp    6085 <lume::detail::execute_cpu_reference_with_policy(lume::VerifiedProgram const&, std::span<lume::Buffer const, 18446744073709551615ul>, lume::detail::ExecutionPolicy const&, lume::detail::ExecutionStats*, std::vector<unsigned int, std::allocator<unsigned int> >*)+0x4625>
    5426:	mov    r15,QWORD PTR [rsp+0xf8]
    542e:	lea    r14,[r15+0x1]
    5432:	mov    rdi,rbx
    5435:	mov    rsi,r12
    5438:	mov    rdx,r14
    543b:	call   5440 <lume::detail::execute_cpu_reference_with_policy(lume::VerifiedProgram const&, std::span<lume::Buffer const, 18446744073709551615ul>, lume::detail::ExecutionPolicy const&, lume::detail::ExecutionStats*, std::vector<unsigned int, std::allocator<unsigned int> >*)+0x39e0>
    5440:	mov    QWORD PTR [rsp+0xf0],r12
    5448:	mov    QWORD PTR [rsp+0xf8],0x0
    5454:	mov    BYTE PTR [rsp+0x100],0x0
    545c:	jmp    60f0 <lume::detail::execute_cpu_reference_with_policy(lume::VerifiedProgram const&, std::span<lume::Buffer const, 18446744073709551615ul>, lume::detail::ExecutionPolicy const&, lume::detail::ExecutionStats*, std::vector<unsigned int, std::allocator<unsigned int> >*)+0x4690>
    5461:	add    esi,0xfffffffe
    5464:	jmp    5470 <lume::detail::execute_cpu_reference_with_policy(lume::VerifiedProgram const&, std::span<lume::Buffer const, 18446744073709551615ul>, lume::detail::ExecutionPolicy const&, lume::detail::ExecutionStats*, std::vector<unsigned int, std::allocator<unsigned int> >*)+0x3a10>
    5466:	add    esi,0xfffffffe
    5469:	jmp    57eb <lume::detail::execute_cpu_reference_with_policy(lume::VerifiedProgram const&, std::span<lume::Buffer const, 18446744073709551615ul>, lume::detail::ExecutionPolicy const&, lume::detail::ExecutionStats*, std::vector<unsigned int, std::allocator<unsigned int> >*)+0x3d8b>
    546e:	dec    esi
    5470:	mov    ebx,esi
    5472:	lea    r12,[rsp+0x38]
    5477:	mov    QWORD PTR [rsp+0x28],r12
    547c:	cmp    esi,0x10
    547f:	jb     5499 <lume::detail::execute_cpu_reference_with_policy(lume::VerifiedProgram const&, std::span<lume::Buffer const, 18446744073709551615ul>, lume::detail::ExecutionPolicy const&, lume::detail::ExecutionStats*, std::vector<unsigned int, std::allocator<unsigned int> >*)+0x3a39>
    5481:	lea    rdi,[rbx+0x1]
    5485:	call   548a <lume::detail::execute_cpu_reference_with_policy(lume::VerifiedProgram const&, std::span<lume::Buffer const, 18446744073709551615ul>, lume::detail::ExecutionPolicy const&, lume::detail::ExecutionStats*, std::vector<unsigned int, std::allocator<unsigned int> >*)+0x3a2a>
    548a:	mov    r12,rax
    548d:	mov    QWORD PTR [rsp+0x28],rax
    5492:	mov    QWORD PTR [rsp+0x38],rbx
    5497:	jmp    54a7 <lume::detail::execute_cpu_reference_with_policy(lume::VerifiedProgram const&, std::span<lume::Buffer const, 18446744073709551615ul>, lume::detail::ExecutionPolicy const&, lume::detail::ExecutionStats*, std::vector<unsigned int, std::allocator<unsigned int> >*)+0x3a47>
    5499:	test   rbx,rbx
    549c:	je     54b4 <lume::detail::execute_cpu_reference_with_policy(lume::VerifiedProgram const&, std::span<lume::Buffer const, 18446744073709551615ul>, lume::detail::ExecutionPolicy const&, lume::detail::ExecutionStats*, std::vector<unsigned int, std::allocator<unsigned int> >*)+0x3a54>
    549e:	cmp    ebx,0x1
    54a1:	je     4a52 <lume::detail::execute_cpu_reference_with_policy(lume::VerifiedProgram const&, std::span<lume::Buffer const, 18446744073709551615ul>, lume::detail::ExecutionPolicy const&, lume::detail::ExecutionStats*, std::vector<unsigned int, std::allocator<unsigned int> >*)+0x2ff2>
    54a7:	mov    rdi,r12
    54aa:	xor    esi,esi
    54ac:	mov    rdx,rbx
    54af:	call   54b4 <lume::detail::execute_cpu_reference_with_policy(lume::VerifiedProgram const&, std::span<lume::Buffer const, 18446744073709551615ul>, lume::detail::ExecutionPolicy const&, lume::detail::ExecutionStats*, std::vector<unsigned int, std::allocator<unsigned int> >*)+0x3a54>
    54b4:	mov    QWORD PTR [rsp+0x30],rbx
    54b9:	mov    BYTE PTR [r12+rbx*1],0x0
    54be:	mov    rcx,QWORD PTR [rsp+0x28]
    54c3:	cmp    r15,0x64
    54c7:	jb     5520 <lume::detail::execute_cpu_reference_with_policy(lume::VerifiedProgram const&, std::span<lume::Buffer const, 18446744073709551615ul>, lume::detail::ExecutionPolicy const&, lume::detail::ExecutionStats*, std::vector<unsigned int, std::allocator<unsigned int> >*)+0x3ac0>
    54c9:	mov    esi,DWORD PTR [rsp+0x30]
    54cd:	add    esi,0xfffffffe
    54d0:	lea    r9,[rip+0x0]        # 54d7 <lume::detail::execute_cpu_reference_with_policy(lume::VerifiedProgram const&, std::span<lume::Buffer const, 18446744073709551615ul>, lume::detail::ExecutionPolicy const&, lume::detail::ExecutionStats*, std::vector<unsigned int, std::allocator<unsigned int> >*)+0x3a77>
    54d7:	movabs r10,0x28f5c28f5c28f5c3
    54e1:	lea    edi,[rsi+0x1]
    54e4:	mov    rax,r15
    54e7:	shr    rax,0x2
    54eb:	mul    r10
    54ee:	shr    rdx,0x2
    54f2:	imul   eax,edx,0x64
    54f5:	mov    r8d,r15d
    54f8:	sub    r8d,eax
    54fb:	movzx  eax,BYTE PTR [r9+r8*2]
    5500:	movzx  r8d,BYTE PTR [r9+r8*2+0x1]
    5506:	mov    BYTE PTR [rcx+rdi*1],r8b
    550a:	mov    edi,esi
    550c:	mov    BYTE PTR [rcx+rdi*1],al
    550f:	add    esi,0xfffffffe
    5512:	cmp    r15,0x270f
    5519:	mov    r15,rdx
    551c:	ja     54e1 <lume::detail::execute_cpu_reference_with_policy(lume::VerifiedProgram const&, std::span<lume::Buffer const, 18446744073709551615ul>, lume::detail::ExecutionPolicy const&, lume::detail::ExecutionStats*, std::vector<unsigned int, std::allocator<unsigned int> >*)+0x3a81>
    551e:	jmp    5523 <lume::detail::execute_cpu_reference_with_policy(lume::VerifiedProgram const&, std::span<lume::Buffer const, 18446744073709551615ul>, lume::detail::ExecutionPolicy const&, lume::detail::ExecutionStats*, std::vector<unsigned int, std::allocator<unsigned int> >*)+0x3ac3>
    5520:	mov    rdx,r15
    5523:	cmp    rdx,0xa
    5527:	jb     553e <lume::detail::execute_cpu_reference_with_policy(lume::VerifiedProgram const&, std::span<lume::Buffer const, 18446744073709551615ul>, lume::detail::ExecutionPolicy const&, lume::detail::ExecutionStats*, std::vector<unsigned int, std::allocator<unsigned int> >*)+0x3ade>
    5529:	lea    rsi,[rip+0x0]        # 5530 <lume::detail::execute_cpu_reference_with_policy(lume::VerifiedProgram const&, std::span<lume::Buffer const, 18446744073709551615ul>, lume::detail::ExecutionPolicy const&, lume::detail::ExecutionStats*, std::vector<unsigned int, std::allocator<unsigned int> >*)+0x3ad0>
    5530:	movzx  eax,BYTE PTR [rsi+rdx*2]
    5534:	movzx  edx,BYTE PTR [rsi+rdx*2+0x1]
    5539:	mov    BYTE PTR [rcx+0x1],dl
    553c:	jmp    5543 <lume::detail::execute_cpu_reference_with_policy(lume::VerifiedProgram const&, std::span<lume::Buffer const, 18446744073709551615ul>, lume::detail::ExecutionPolicy const&, lume::detail::ExecutionStats*, std::vector<unsigned int, std::allocator<unsigned int> >*)+0x3ae3>
    553e:	or     dl,0x30
    5541:	mov    eax,edx
    5543:	lea    r15,[rsp+0x18]
    5548:	mov    BYTE PTR [rcx],al
    554a:	lea    rcx,[rip+0x0]        # 5551 <lume::detail::execute_cpu_reference_with_policy(lume::VerifiedProgram const&, std::span<lume::Buffer const, 18446744073709551615ul>, lume::detail::ExecutionPolicy const&, lume::detail::ExecutionStats*, std::vector<unsigned int, std::allocator<unsigned int> >*)+0x3af1>
    5551:	lea    rdi,[rsp+0x28]
    5556:	mov    r8d,0x3
    555c:	xor    esi,esi
    555e:	xor    edx,edx
    5560:	call   5565 <lume::detail::execute_cpu_reference_with_policy(lume::VerifiedProgram const&, std::span<lume::Buffer const, 18446744073709551615ul>, lume::detail::ExecutionPolicy const&, lume::detail::ExecutionStats*, std::vector<unsigned int, std::allocator<unsigned int> >*)+0x3b05>
    5565:	mov    QWORD PTR [rsp+0x8],r15
    556a:	mov    rsi,QWORD PTR [rax]
    556d:	mov    rbx,rax
    5570:	add    rbx,0x10
    5574:	cmp    rsi,rbx
    5577:	je     558d <lume::detail::execute_cpu_reference_with_policy(lume::VerifiedProgram const&, std::span<lume::Buffer const, 18446744073709551615ul>, lume::detail::ExecutionPolicy const&, lume::detail::ExecutionStats*, std::vector<unsigned int, std::allocator<unsigned int> >*)+0x3b2d>
    5579:	mov    QWORD PTR [rsp+0x8],rsi
    557e:	mov    rcx,QWORD PTR [rax+0x10]
    5582:	mov    QWORD PTR [rsp+0x18],rcx
    5587:	mov    r14,QWORD PTR [rax+0x8]
    558b:	jmp    55a8 <lume::detail::execute_cpu_reference_with_policy(lume::VerifiedProgram const&, std::span<lume::Buffer const, 18446744073709551615ul>, lume::detail::ExecutionPolicy const&, lume::detail::ExecutionStats*, std::vector<unsigned int, std::allocator<unsigned int> >*)+0x3b48>
    558d:	mov    r14,QWORD PTR [rax+0x8]
    5591:	lea    rdx,[r14+0x1]
    5595:	mov    rdi,r15
    5598:	mov    r15,rax
    559b:	call   55a0 <lume::detail::execute_cpu_reference_with_policy(lume::VerifiedProgram const&, std::span<lume::Buffer const, 18446744073709551615ul>, lume::detail::ExecutionPolicy const&, lume::detail::ExecutionStats*, std::vector<unsigned int, std::allocator<unsigned int> >*)+0x3b40>
    55a0:	mov    rax,r15
    55a3:	lea    r15,[rsp+0x18]
    55a8:	mov    QWORD PTR [rsp+0x10],r14
    55ad:	mov    QWORD PTR [rax],rbx
    55b0:	mov    QWORD PTR [rax+0x8],0x0
    55b8:	mov    BYTE PTR [rax+0x10],0x0
    55bc:	mov    rsi,QWORD PTR [rsp+0x10]
    55c1:	mov    rax,rsi
    55c4:	and    rax,0xfffffffffffffff0
    55c8:	movabs rcx,0x7fffffffffffffe1
    55d2:	add    rcx,0xf
    55d6:	cmp    rax,rcx
    55d9:	je     67f0 <lume::detail::execute_cpu_reference_with_policy(lume::VerifiedProgram const&, std::span<lume::Buffer const, 18446744073709551615ul>, lume::detail::ExecutionPolicy const&, lume::detail::ExecutionStats*, std::vector<unsigned int, std::allocator<unsigned int> >*)+0x4d90>
    55df:	lea    rbx,[rsi+0x10]
    55e3:	mov    rax,QWORD PTR [rsp+0x8]
    55e8:	mov    ecx,0xf
    55ed:	cmp    rax,r15
    55f0:	je     55f7 <lume::detail::execute_cpu_reference_with_policy(lume::VerifiedProgram const&, std::span<lume::Buffer const, 18446744073709551615ul>, lume::detail::ExecutionPolicy const&, lume::detail::ExecutionStats*, std::vector<unsigned int, std::allocator<unsigned int> >*)+0x3b97>
    55f2:	mov    rcx,QWORD PTR [rsp+0x18]
    55f7:	cmp    rbx,rcx
    55fa:	jbe    5617 <lume::detail::execute_cpu_reference_with_policy(lume::VerifiedProgram const&, std::span<lume::Buffer const, 18446744073709551615ul>, lume::detail::ExecutionPolicy const&, lume::detail::ExecutionStats*, std::vector<unsigned int, std::allocator<unsigned int> >*)+0x3bb7>
    55fc:	lea    rcx,[rip+0x0]        # 5603 <lume::detail::execute_cpu_reference_with_policy(lume::VerifiedProgram const&, std::span<lume::Buffer const, 18446744073709551615ul>, lume::detail::ExecutionPolicy const&, lume::detail::ExecutionStats*, std::vector<unsigned int, std::allocator<unsigned int> >*)+0x3ba3>
    5603:	lea    rdi,[rsp+0x8]
    5608:	mov    r8d,0x10
    560e:	xor    edx,edx
    5610:	call   5615 <lume::detail::execute_cpu_reference_with_policy(lume::VerifiedProgram const&, std::span<lume::Buffer const, 18446744073709551615ul>, lume::detail::ExecutionPolicy const&, lume::detail::ExecutionStats*, std::vector<unsigned int, std::allocator<unsigned int> >*)+0x3bb5>
    5615:	jmp    5624 <lume::detail::execute_cpu_reference_with_policy(lume::VerifiedProgram const&, std::span<lume::Buffer const, 18446744073709551615ul>, lume::detail::ExecutionPolicy const&, lume::detail::ExecutionStats*, std::vector<unsigned int, std::allocator<unsigned int> >*)+0x3bc4>
    5617:	movdqu xmm0,XMMWORD PTR [rip+0x0]        # 561f <lume::detail::execute_cpu_reference_with_policy(lume::VerifiedProgram const&, std::span<lume::Buffer const, 18446744073709551615ul>, lume::detail::ExecutionPolicy const&, lume::detail::ExecutionStats*, std::vector<unsigned int, std::allocator<unsigned int> >*)+0x3bbf>
    561f:	movdqu XMMWORD PTR [rax+rsi*1],xmm0
    5624:	mov    QWORD PTR [rsp+0x10],rbx
    5629:	mov    rax,QWORD PTR [rsp+0x8]
    562e:	mov    BYTE PTR [rax+rbx*1],0x0
    5632:	lea    rdi,[rsp+0x180]
    563a:	mov    QWORD PTR [rsp+0x170],rdi
    5642:	mov    rbx,QWORD PTR [rsp+0x8]
    5647:	cmp    rbx,r15
    564a:	je     56da <lume::detail::execute_cpu_reference_with_policy(lume::VerifiedProgram const&, std::span<lume::Buffer const, 18446744073709551615ul>, lume::detail::ExecutionPolicy const&, lume::detail::ExecutionStats*, std::vector<unsigned int, std::allocator<unsigned int> >*)+0x3c7a>
    5650:	mov    QWORD PTR [rsp+0x170],rbx
    5658:	mov    r12,QWORD PTR [rsp+0x10]
    565d:	mov    rax,QWORD PTR [rsp+0x10]
    5662:	mov    QWORD PTR [rsp+0x178],rax
    566a:	mov    rax,QWORD PTR [rsp+0x18]
    566f:	mov    QWORD PTR [rsp+0x180],rax
    5677:	mov    QWORD PTR [rsp+0x8],r15
    567c:	mov    QWORD PTR [rsp+0x10],0x0
    5685:	mov    BYTE PTR [rsp+0x18],0x0
    568a:	movabs rax,0x7fffffffffffffe1
    5694:	cmp    r12,rax
    5697:	jg     6808 <lume::detail::execute_cpu_reference_with_policy(lume::VerifiedProgram const&, std::span<lume::Buffer const, 18446744073709551615ul>, lume::detail::ExecutionPolicy const&, lume::detail::ExecutionStats*, std::vector<unsigned int, std::allocator<unsigned int> >*)+0x4da8>
    569d:	lea    r15,[r12+0x1e]
    56a2:	lea    rax,[rsp+0x180]
    56aa:	cmp    rbx,rax
    56ad:	sete   bpl
    56b1:	je     5776 <lume::detail::execute_cpu_reference_with_policy(lume::VerifiedProgram const&, std::span<lume::Buffer const, 18446744073709551615ul>, lume::detail::ExecutionPolicy const&, lume::detail::ExecutionStats*, std::vector<unsigned int, std::allocator<unsigned int> >*)+0x3d16>
    56b7:	mov    rax,QWORD PTR [rsp+0x180]
    56bf:	cmp    r15,rax
    56c2:	jbe    5785 <lume::detail::execute_cpu_reference_with_policy(lume::VerifiedProgram const&, std::span<lume::Buffer const, 18446744073709551615ul>, lume::detail::ExecutionPolicy const&, lume::detail::ExecutionStats*, std::vector<unsigned int, std::allocator<unsigned int> >*)+0x3d25>
    56c8:	cmp    r12,0xffffffffffffffe1
    56cc:	jg     5717 <lume::detail::execute_cpu_reference_with_policy(lume::VerifiedProgram const&, std::span<lume::Buffer const, 18446744073709551615ul>, lume::detail::ExecutionPolicy const&, lume::detail::ExecutionStats*, std::vector<unsigned int, std::allocator<unsigned int> >*)+0x3cb7>
    56ce:	lea    rdi,[rip+0x0]        # 56d5 <lume::detail::execute_cpu_reference_with_policy(lume::VerifiedProgram const&, std::span<lume::Buffer const, 18446744073709551615ul>, lume::detail::ExecutionPolicy const&, lume::detail::ExecutionStats*, std::vector<unsigned int, std::allocator<unsigned int> >*)+0x3c75>
    56d5:	jmp    680f <lume::detail::execute_cpu_reference_with_policy(lume::VerifiedProgram const&, std::span<lume::Buffer const, 18446744073709551615ul>, lume::detail::ExecutionPolicy const&, lume::detail::ExecutionStats*, std::vector<unsigned int, std::allocator<unsigned int> >*)+0x4daf>
    56da:	mov    r12,QWORD PTR [rsp+0x10]
    56df:	lea    rdx,[r12+0x1]
    56e4:	mov    rsi,r15
    56e7:	mov    rbx,rdi
    56ea:	call   56ef <lume::detail::execute_cpu_reference_with_policy(lume::VerifiedProgram const&, std::span<lume::Buffer const, 18446744073709551615ul>, lume::detail::ExecutionPolicy const&, lume::detail::ExecutionStats*, std::vector<unsigned int, std::allocator<unsigned int> >*)+0x3c8f>
    56ef:	mov    QWORD PTR [rsp+0x178],r12
    56f7:	mov    QWORD PTR [rsp+0x8],r15
    56fc:	mov    QWORD PTR [rsp+0x10],0x0
    5705:	mov    BYTE PTR [rsp+0x18],0x0
    570a:	lea    r15,[r12+0x1e]
    570f:	mov    bpl,0x1
    5712:	mov    eax,0xf
    5717:	add    rax,rax
    571a:	movabs rdi,0x7fffffffffffffff
    5724:	cmp    rax,rdi
    5727:	cmovb  rdi,rax
    572b:	cmp    r15,rax
    572e:	cmovae rdi,r15
    5732:	mov    r13,rdi
    5735:	inc    rdi
    5738:	js     66b8 <lume::detail::execute_cpu_reference_with_policy(lume::VerifiedProgram const&, std::span<lume::Buffer const, 18446744073709551615ul>, lume::detail::ExecutionPolicy const&, lume::detail::ExecutionStats*, std::vector<unsigned int, std::allocator<unsigned int> >*)+0x4c58>
    573e:	call   5743 <lume::detail::execute_cpu_reference_with_policy(lume::VerifiedProgram const&, std::span<lume::Buffer const, 18446744073709551615ul>, lume::detail::ExecutionPolicy const&, lume::detail::ExecutionStats*, std::vector<unsigned int, std::allocator<unsigned int> >*)+0x3ce3>
    5743:	mov    r14,rax
    5746:	movups xmm0,XMMWORD PTR [rip+0x0]        # 574d <lume::detail::execute_cpu_reference_with_policy(lume::VerifiedProgram const&, std::span<lume::Buffer const, 18446744073709551615ul>, lume::detail::ExecutionPolicy const&, lume::detail::ExecutionStats*, std::vector<unsigned int, std::allocator<unsigned int> >*)+0x3ced>
    574d:	movups XMMWORD PTR [rax+0xe],xmm0
    5751:	movdqu xmm0,XMMWORD PTR [rip+0x0]        # 5759 <lume::detail::execute_cpu_reference_with_policy(lume::VerifiedProgram const&, std::span<lume::Buffer const, 18446744073709551615ul>, lume::detail::ExecutionPolicy const&, lume::detail::ExecutionStats*, std::vector<unsigned int, std::allocator<unsigned int> >*)+0x3cf9>
    5759:	movdqu XMMWORD PTR [rax],xmm0
    575d:	test   r12,r12
    5760:	je     57c7 <lume::detail::execute_cpu_reference_with_policy(lume::VerifiedProgram const&, std::span<lume::Buffer const, 18446744073709551615ul>, lume::detail::ExecutionPolicy const&, lume::detail::ExecutionStats*, std::vector<unsigned int, std::allocator<unsigned int> >*)+0x3d67>
    5762:	mov    rdi,r14
    5765:	add    rdi,0x1e
    5769:	cmp    r12,0x1
    576d:	jne    57bc <lume::detail::execute_cpu_reference_with_policy(lume::VerifiedProgram const&, std::span<lume::Buffer const, 18446744073709551615ul>, lume::detail::ExecutionPolicy const&, lume::detail::ExecutionStats*, std::vector<unsigned int, std::allocator<unsigned int> >*)+0x3d5c>
    576f:	movzx  eax,BYTE PTR [rbx]
    5772:	mov    BYTE PTR [rdi],al
    5774:	jmp    57c7 <lume::detail::execute_cpu_reference_with_policy(lume::VerifiedProgram const&, std::span<lume::Buffer const, 18446744073709551615ul>, lume::detail::ExecutionPolicy const&, lume::detail::ExecutionStats*, std::vector<unsigned int, std::allocator<unsigned int> >*)+0x3d67>
    5776:	mov    eax,0xf
    577b:	cmp    r15,0xf
    577f:	ja     56c8 <lume::detail::execute_cpu_reference_with_policy(lume::VerifiedProgram const&, std::span<lume::Buffer const, 18446744073709551615ul>, lume::detail::ExecutionPolicy const&, lume::detail::ExecutionStats*, std::vector<unsigned int, std::allocator<unsigned int> >*)+0x3c68>
    5785:	lea    rcx,[rip+0x0]        # 578c <lume::detail::execute_cpu_reference_with_policy(lume::VerifiedProgram const&, std::span<lume::Buffer const, 18446744073709551615ul>, lume::detail::ExecutionPolicy const&, lume::detail::ExecutionStats*, std::vector<unsigned int, std::allocator<unsigned int> >*)+0x3d2c>
    578c:	cmp    rbx,rcx
    578f:	ja     579e <lume::detail::execute_cpu_reference_with_policy(lume::VerifiedProgram const&, std::span<lume::Buffer const, 18446744073709551615ul>, lume::detail::ExecutionPolicy const&, lume::detail::ExecutionStats*, std::vector<unsigned int, std::allocator<unsigned int> >*)+0x3d3e>
    5791:	lea    rax,[rbx+r12*1]
    5795:	cmp    rax,rcx
    5798:	jae    66c2 <lume::detail::execute_cpu_reference_with_policy(lume::VerifiedProgram const&, std::span<lume::Buffer const, 18446744073709551615ul>, lume::detail::ExecutionPolicy const&, lume::detail::ExecutionStats*, std::vector<unsigned int, std::allocator<unsigned int> >*)+0x4c62>
    579e:	test   r12,r12
    57a1:	je     5b7b <lume::detail::execute_cpu_reference_with_policy(lume::VerifiedProgram const&, std::span<lume::Buffer const, 18446744073709551615ul>, lume::detail::ExecutionPolicy const&, lume::detail::ExecutionStats*, std::vector<unsigned int, std::allocator<unsigned int> >*)+0x411b>
    57a7:	cmp    r12,0x1
    57ab:	jne    5b6c <lume::detail::execute_cpu_reference_with_policy(lume::VerifiedProgram const&, std::span<lume::Buffer const, 18446744073709551615ul>, lume::detail::ExecutionPolicy const&, lume::detail::ExecutionStats*, std::vector<unsigned int, std::allocator<unsigned int> >*)+0x410c>
    57b1:	movzx  eax,BYTE PTR [rbx]
    57b4:	mov    BYTE PTR [rbx+0x1e],al
    57b7:	jmp    5b7b <lume::detail::execute_cpu_reference_with_policy(lume::VerifiedProgram const&, std::span<lume::Buffer const, 18446744073709551615ul>, lume::detail::ExecutionPolicy const&, lume::detail::ExecutionStats*, std::vector<unsigned int, std::allocator<unsigned int> >*)+0x411b>
    57bc:	mov    rsi,rbx
    57bf:	mov    rdx,r12
    57c2:	call   57c7 <lume::detail::execute_cpu_reference_with_policy(lume::VerifiedProgram const&, std::span<lume::Buffer const, 18446744073709551615ul>, lume::detail::ExecutionPolicy const&, lume::detail::ExecutionStats*, std::vector<unsigned int, std::allocator<unsigned int> >*)+0x3d67>
    57c7:	test   bpl,bpl
    57ca:	jne    57d4 <lume::detail::execute_cpu_reference_with_policy(lume::VerifiedProgram const&, std::span<lume::Buffer const, 18446744073709551615ul>, lume::detail::ExecutionPolicy const&, lume::detail::ExecutionStats*, std::vector<unsigned int, std::allocator<unsigned int> >*)+0x3d74>
    57cc:	mov    rdi,rbx
    57cf:	call   57d4 <lume::detail::execute_cpu_reference_with_policy(lume::VerifiedProgram const&, std::span<lume::Buffer const, 18446744073709551615ul>, lume::detail::ExecutionPolicy const&, lume::detail::ExecutionStats*, std::vector<unsigned int, std::allocator<unsigned int> >*)+0x3d74>
    57d4:	mov    QWORD PTR [rsp+0x170],r14
    57dc:	mov    QWORD PTR [rsp+0x180],r13
    57e4:	jmp    5b92 <lume::detail::execute_cpu_reference_with_policy(lume::VerifiedProgram const&, std::span<lume::Buffer const, 18446744073709551615ul>, lume::detail::ExecutionPolicy const&, lume::detail::ExecutionStats*, std::vector<unsigned int, std::allocator<unsigned int> >*)+0x4132>
    57e9:	dec    esi
    57eb:	mov    ebx,esi
    57ed:	lea    r12,[rsp+0x38]
    57f2:	mov    QWORD PTR [rsp+0x28],r12
    57f7:	cmp    esi,0x10
    57fa:	jb     5814 <lume::detail::execute_cpu_reference_with_policy(lume::VerifiedProgram const&, std::span<lume::Buffer const, 18446744073709551615ul>, lume::detail::ExecutionPolicy const&, lume::detail::ExecutionStats*, std::vector<unsigned int, std::allocator<unsigned int> >*)+0x3db4>
    57fc:	lea    rdi,[rbx+0x1]
    5800:	call   5805 <lume::detail::execute_cpu_reference_with_policy(lume::VerifiedProgram const&, std::span<lume::Buffer const, 18446744073709551615ul>, lume::detail::ExecutionPolicy const&, lume::detail::ExecutionStats*, std::vector<unsigned int, std::allocator<unsigned int> >*)+0x3da5>
    5805:	mov    r12,rax
    5808:	mov    QWORD PTR [rsp+0x28],rax
    580d:	mov    QWORD PTR [rsp+0x38],rbx
    5812:	jmp    5822 <lume::detail::execute_cpu_reference_with_policy(lume::VerifiedProgram const&, std::span<lume::Buffer const, 18446744073709551615ul>, lume::detail::ExecutionPolicy const&, lume::detail::ExecutionStats*, std::vector<unsigned int, std::allocator<unsigned int> >*)+0x3dc2>
    5814:	test   rbx,rbx
    5817:	je     582f <lume::detail::execute_cpu_reference_with_policy(lume::VerifiedProgram const&, std::span<lume::Buffer const, 18446744073709551615ul>, lume::detail::ExecutionPolicy const&, lume::detail::ExecutionStats*, std::vector<unsigned int, std::allocator<unsigned int> >*)+0x3dcf>
    5819:	cmp    ebx,0x1
    581c:	je     4a75 <lume::detail::execute_cpu_reference_with_policy(lume::VerifiedProgram const&, std::span<lume::Buffer const, 18446744073709551615ul>, lume::detail::ExecutionPolicy const&, lume::detail::ExecutionStats*, std::vector<unsigned int, std::allocator<unsigned int> >*)+0x3015>
    5822:	mov    rdi,r12
    5825:	xor    esi,esi
    5827:	mov    rdx,rbx
    582a:	call   582f <lume::detail::execute_cpu_reference_with_policy(lume::VerifiedProgram const&, std::span<lume::Buffer const, 18446744073709551615ul>, lume::detail::ExecutionPolicy const&, lume::detail::ExecutionStats*, std::vector<unsigned int, std::allocator<unsigned int> >*)+0x3dcf>
    582f:	mov    QWORD PTR [rsp+0x30],rbx
    5834:	mov    BYTE PTR [r12+rbx*1],0x0
    5839:	mov    rcx,QWORD PTR [rsp+0x28]
    583e:	cmp    r15,0x64
    5842:	jb     589b <lume::detail::execute_cpu_reference_with_policy(lume::VerifiedProgram const&, std::span<lume::Buffer const, 18446744073709551615ul>, lume::detail::ExecutionPolicy const&, lume::detail::ExecutionStats*, std::vector<unsigned int, std::allocator<unsigned int> >*)+0x3e3b>
    5844:	mov    esi,DWORD PTR [rsp+0x30]
    5848:	add    esi,0xfffffffe
    584b:	lea    r9,[rip+0x0]        # 5852 <lume::detail::execute_cpu_reference_with_policy(lume::VerifiedProgram const&, std::span<lume::Buffer const, 18446744073709551615ul>, lume::detail::ExecutionPolicy const&, lume::detail::ExecutionStats*, std::vector<unsigned int, std::allocator<unsigned int> >*)+0x3df2>
    5852:	movabs r10,0x28f5c28f5c28f5c3
    585c:	lea    edi,[rsi+0x1]
    585f:	mov    rax,r15
    5862:	shr    rax,0x2
    5866:	mul    r10
    5869:	shr    rdx,0x2
    586d:	imul   eax,edx,0x64
    5870:	mov    r8d,r15d
    5873:	sub    r8d,eax
    5876:	movzx  eax,BYTE PTR [r9+r8*2]
    587b:	movzx  r8d,BYTE PTR [r9+r8*2+0x1]
    5881:	mov    BYTE PTR [rcx+rdi*1],r8b
    5885:	mov    edi,esi
    5887:	mov    BYTE PTR [rcx+rdi*1],al
    588a:	add    esi,0xfffffffe
    588d:	cmp    r15,0x270f
    5894:	mov    r15,rdx
    5897:	ja     585c <lume::detail::execute_cpu_reference_with_policy(lume::VerifiedProgram const&, std::span<lume::Buffer const, 18446744073709551615ul>, lume::detail::ExecutionPolicy const&, lume::detail::ExecutionStats*, std::vector<unsigned int, std::allocator<unsigned int> >*)+0x3dfc>
    5899:	jmp    589e <lume::detail::execute_cpu_reference_with_policy(lume::VerifiedProgram const&, std::span<lume::Buffer const, 18446744073709551615ul>, lume::detail::ExecutionPolicy const&, lume::detail::ExecutionStats*, std::vector<unsigned int, std::allocator<unsigned int> >*)+0x3e3e>
    589b:	mov    rdx,r15
    589e:	cmp    rdx,0xa
    58a2:	jb     58b9 <lume::detail::execute_cpu_reference_with_policy(lume::VerifiedProgram const&, std::span<lume::Buffer const, 18446744073709551615ul>, lume::detail::ExecutionPolicy const&, lume::detail::ExecutionStats*, std::vector<unsigned int, std::allocator<unsigned int> >*)+0x3e59>
    58a4:	lea    rsi,[rip+0x0]        # 58ab <lume::detail::execute_cpu_reference_with_policy(lume::VerifiedProgram const&, std::span<lume::Buffer const, 18446744073709551615ul>, lume::detail::ExecutionPolicy const&, lume::detail::ExecutionStats*, std::vector<unsigned int, std::allocator<unsigned int> >*)+0x3e4b>
    58ab:	movzx  eax,BYTE PTR [rsi+rdx*2]
    58af:	movzx  edx,BYTE PTR [rsi+rdx*2+0x1]
    58b4:	mov    BYTE PTR [rcx+0x1],dl
    58b7:	jmp    58be <lume::detail::execute_cpu_reference_with_policy(lume::VerifiedProgram const&, std::span<lume::Buffer const, 18446744073709551615ul>, lume::detail::ExecutionPolicy const&, lume::detail::ExecutionStats*, std::vector<unsigned int, std::allocator<unsigned int> >*)+0x3e5e>
    58b9:	or     dl,0x30
    58bc:	mov    eax,edx
    58be:	lea    r15,[rsp+0x18]
    58c3:	mov    BYTE PTR [rcx],al
    58c5:	lea    rcx,[rip+0x0]        # 58cc <lume::detail::execute_cpu_reference_with_policy(lume::VerifiedProgram const&, std::span<lume::Buffer const, 18446744073709551615ul>, lume::detail::ExecutionPolicy const&, lume::detail::ExecutionStats*, std::vector<unsigned int, std::allocator<unsigned int> >*)+0x3e6c>
    58cc:	lea    rdi,[rsp+0x28]
    58d1:	mov    r8d,0x3
    58d7:	xor    esi,esi
    58d9:	xor    edx,edx
    58db:	call   58e0 <lume::detail::execute_cpu_reference_with_policy(lume::VerifiedProgram const&, std::span<lume::Buffer const, 18446744073709551615ul>, lume::detail::ExecutionPolicy const&, lume::detail::ExecutionStats*, std::vector<unsigned int, std::allocator<unsigned int> >*)+0x3e80>
    58e0:	mov    QWORD PTR [rsp+0x8],r15
    58e5:	mov    rsi,QWORD PTR [rax]
    58e8:	mov    rbx,rax
    58eb:	add    rbx,0x10
    58ef:	cmp    rsi,rbx
    58f2:	je     5908 <lume::detail::execute_cpu_reference_with_policy(lume::VerifiedProgram const&, std::span<lume::Buffer const, 18446744073709551615ul>, lume::detail::ExecutionPolicy const&, lume::detail::ExecutionStats*, std::vector<unsigned int, std::allocator<unsigned int> >*)+0x3ea8>
    58f4:	mov    QWORD PTR [rsp+0x8],rsi
    58f9:	mov    rcx,QWORD PTR [rax+0x10]
    58fd:	mov    QWORD PTR [rsp+0x18],rcx
    5902:	mov    r14,QWORD PTR [rax+0x8]
    5906:	jmp    5923 <lume::detail::execute_cpu_reference_with_policy(lume::VerifiedProgram const&, std::span<lume::Buffer const, 18446744073709551615ul>, lume::detail::ExecutionPolicy const&, lume::detail::ExecutionStats*, std::vector<unsigned int, std::allocator<unsigned int> >*)+0x3ec3>
    5908:	mov    r14,QWORD PTR [rax+0x8]
    590c:	lea    rdx,[r14+0x1]
    5910:	mov    rdi,r15
    5913:	mov    r15,rax
    5916:	call   591b <lume::detail::execute_cpu_reference_with_policy(lume::VerifiedProgram const&, std::span<lume::Buffer const, 18446744073709551615ul>, lume::detail::ExecutionPolicy const&, lume::detail::ExecutionStats*, std::vector<unsigned int, std::allocator<unsigned int> >*)+0x3ebb>
    591b:	mov    rax,r15
    591e:	lea    r15,[rsp+0x18]
    5923:	mov    QWORD PTR [rsp+0x10],r14
    5928:	mov    QWORD PTR [rax],rbx
    592b:	mov    QWORD PTR [rax+0x8],0x0
    5933:	mov    BYTE PTR [rax+0x10],0x0
    5937:	mov    rsi,QWORD PTR [rsp+0x10]
    593c:	movabs rax,0x7fffffffffffffe1
    5946:	add    rax,0x4
    594a:	cmp    rsi,rax
    594d:	jg     67fc <lume::detail::execute_cpu_reference_with_policy(lume::VerifiedProgram const&, std::span<lume::Buffer const, 18446744073709551615ul>, lume::detail::ExecutionPolicy const&, lume::detail::ExecutionStats*, std::vector<unsigned int, std::allocator<unsigned int> >*)+0x4d9c>
    5953:	lea    rbx,[rsi+0x1a]
    5957:	mov    rax,QWORD PTR [rsp+0x8]
    595c:	mov    ecx,0xf
    5961:	cmp    rax,r15
    5964:	je     596b <lume::detail::execute_cpu_reference_with_policy(lume::VerifiedProgram const&, std::span<lume::Buffer const, 18446744073709551615ul>, lume::detail::ExecutionPolicy const&, lume::detail::ExecutionStats*, std::vector<unsigned int, std::allocator<unsigned int> >*)+0x3f0b>
    5966:	mov    rcx,QWORD PTR [rsp+0x18]
    596b:	cmp    rbx,rcx
    596e:	jbe    598b <lume::detail::execute_cpu_reference_with_policy(lume::VerifiedProgram const&, std::span<lume::Buffer const, 18446744073709551615ul>, lume::detail::ExecutionPolicy const&, lume::detail::ExecutionStats*, std::vector<unsigned int, std::allocator<unsigned int> >*)+0x3f2b>
    5970:	lea    rcx,[rip+0x0]        # 5977 <lume::detail::execute_cpu_reference_with_policy(lume::VerifiedProgram const&, std::span<lume::Buffer const, 18446744073709551615ul>, lume::detail::ExecutionPolicy const&, lume::detail::ExecutionStats*, std::vector<unsigned int, std::allocator<unsigned int> >*)+0x3f17>
    5977:	lea    rdi,[rsp+0x8]
    597c:	mov    r8d,0x1a
    5982:	xor    edx,edx
    5984:	call   5989 <lume::detail::execute_cpu_reference_with_policy(lume::VerifiedProgram const&, std::span<lume::Buffer const, 18446744073709551615ul>, lume::detail::ExecutionPolicy const&, lume::detail::ExecutionStats*, std::vector<unsigned int, std::allocator<unsigned int> >*)+0x3f29>
    5989:	jmp    59a4 <lume::detail::execute_cpu_reference_with_policy(lume::VerifiedProgram const&, std::span<lume::Buffer const, 18446744073709551615ul>, lume::detail::ExecutionPolicy const&, lume::detail::ExecutionStats*, std::vector<unsigned int, std::allocator<unsigned int> >*)+0x3f44>
    598b:	movups xmm0,XMMWORD PTR [rip+0x0]        # 5992 <lume::detail::execute_cpu_reference_with_policy(lume::VerifiedProgram const&, std::span<lume::Buffer const, 18446744073709551615ul>, lume::detail::ExecutionPolicy const&, lume::detail::ExecutionStats*, std::vector<unsigned int, std::allocator<unsigned int> >*)+0x3f32>
    5992:	movups XMMWORD PTR [rax+rsi*1+0xa],xmm0
    5997:	movdqu xmm0,XMMWORD PTR [rip+0x0]        # 599f <lume::detail::execute_cpu_reference_with_policy(lume::VerifiedProgram const&, std::span<lume::Buffer const, 18446744073709551615ul>, lume::detail::ExecutionPolicy const&, lume::detail::ExecutionStats*, std::vector<unsigned int, std::allocator<unsigned int> >*)+0x3f3f>
    599f:	movdqu XMMWORD PTR [rax+rsi*1],xmm0
    59a4:	mov    QWORD PTR [rsp+0x10],rbx
    59a9:	mov    rax,QWORD PTR [rsp+0x8]
    59ae:	mov    BYTE PTR [rax+rbx*1],0x0
    59b2:	lea    r14,[rsp+0x1c0]
    59ba:	mov    QWORD PTR [rsp+0x1b0],r14
    59c2:	mov    rbx,QWORD PTR [rsp+0x8]
    59c7:	cmp    rbx,r15
    59ca:	je     5a5a <lume::detail::execute_cpu_reference_with_policy(lume::VerifiedProgram const&, std::span<lume::Buffer const, 18446744073709551615ul>, lume::detail::ExecutionPolicy const&, lume::detail::ExecutionStats*, std::vector<unsigned int, std::allocator<unsigned int> >*)+0x3ffa>
    59d0:	mov    QWORD PTR [rsp+0x1b0],rbx
    59d8:	mov    r12,QWORD PTR [rsp+0x10]
    59dd:	mov    rax,QWORD PTR [rsp+0x10]
    59e2:	mov    QWORD PTR [rsp+0x1b8],rax
    59ea:	mov    rax,QWORD PTR [rsp+0x18]
    59ef:	mov    QWORD PTR [rsp+0x1c0],rax
    59f7:	mov    QWORD PTR [rsp+0x8],r15
    59fc:	mov    QWORD PTR [rsp+0x10],0x0
    5a05:	mov    BYTE PTR [rsp+0x18],0x0
    5a0a:	movabs rax,0x7fffffffffffffe1
    5a14:	cmp    r12,rax
    5a17:	jg     6820 <lume::detail::execute_cpu_reference_with_policy(lume::VerifiedProgram const&, std::span<lume::Buffer const, 18446744073709551615ul>, lume::detail::ExecutionPolicy const&, lume::detail::ExecutionStats*, std::vector<unsigned int, std::allocator<unsigned int> >*)+0x4dc0>
    5a1d:	lea    r14,[r12+0x1e]
    5a22:	lea    rax,[rsp+0x1c0]
    5a2a:	cmp    rbx,rax
    5a2d:	sete   r15b
    5a31:	je     5af9 <lume::detail::execute_cpu_reference_with_policy(lume::VerifiedProgram const&, std::span<lume::Buffer const, 18446744073709551615ul>, lume::detail::ExecutionPolicy const&, lume::detail::ExecutionStats*, std::vector<unsigned int, std::allocator<unsigned int> >*)+0x4099>
    5a37:	mov    rax,QWORD PTR [rsp+0x1c0]
    5a3f:	cmp    r14,rax
    5a42:	jbe    5b08 <lume::detail::execute_cpu_reference_with_policy(lume::VerifiedProgram const&, std::span<lume::Buffer const, 18446744073709551615ul>, lume::detail::ExecutionPolicy const&, lume::detail::ExecutionStats*, std::vector<unsigned int, std::allocator<unsigned int> >*)+0x40a8>
    5a48:	cmp    r12,0xffffffffffffffe1
    5a4c:	jg     5a9a <lume::detail::execute_cpu_reference_with_policy(lume::VerifiedProgram const&, std::span<lume::Buffer const, 18446744073709551615ul>, lume::detail::ExecutionPolicy const&, lume::detail::ExecutionStats*, std::vector<unsigned int, std::allocator<unsigned int> >*)+0x403a>
    5a4e:	lea    rdi,[rip+0x0]        # 5a55 <lume::detail::execute_cpu_reference_with_policy(lume::VerifiedProgram const&, std::span<lume::Buffer const, 18446744073709551615ul>, lume::detail::ExecutionPolicy const&, lume::detail::ExecutionStats*, std::vector<unsigned int, std::allocator<unsigned int> >*)+0x3ff5>
    5a55:	jmp    6827 <lume::detail::execute_cpu_reference_with_policy(lume::VerifiedProgram const&, std::span<lume::Buffer const, 18446744073709551615ul>, lume::detail::ExecutionPolicy const&, lume::detail::ExecutionStats*, std::vector<unsigned int, std::allocator<unsigned int> >*)+0x4dc7>
    5a5a:	mov    r12,QWORD PTR [rsp+0x10]
    5a5f:	lea    rdx,[r12+0x1]
    5a64:	mov    rdi,r14
    5a67:	mov    rsi,r15
    5a6a:	call   5a6f <lume::detail::execute_cpu_reference_with_policy(lume::VerifiedProgram const&, std::span<lume::Buffer const, 18446744073709551615ul>, lume::detail::ExecutionPolicy const&, lume::detail::ExecutionStats*, std::vector<unsigned int, std::allocator<unsigned int> >*)+0x400f>
    5a6f:	mov    QWORD PTR [rsp+0x1b8],r12
    5a77:	mov    QWORD PTR [rsp+0x8],r15
    5a7c:	mov    QWORD PTR [rsp+0x10],0x0
    5a85:	mov    BYTE PTR [rsp+0x18],0x0
    5a8a:	mov    rbx,r14
    5a8d:	lea    r14,[r12+0x1e]
    5a92:	mov    r15b,0x1
    5a95:	mov    eax,0xf
    5a9a:	add    rax,rax
    5a9d:	movabs rdi,0x7fffffffffffffff
    5aa7:	cmp    rax,rdi
    5aaa:	cmovb  rdi,rax
    5aae:	cmp    r14,rax
    5ab1:	cmovae rdi,r14
    5ab5:	mov    r13,rdi
    5ab8:	inc    rdi
    5abb:	js     66bd <lume::detail::execute_cpu_reference_with_policy(lume::VerifiedProgram const&, std::span<lume::Buffer const, 18446744073709551615ul>, lume::detail::ExecutionPolicy const&, lume::detail::ExecutionStats*, std::vector<unsigned int, std::allocator<unsigned int> >*)+0x4c5d>
    5ac1:	call   5ac6 <lume::detail::execute_cpu_reference_with_policy(lume::VerifiedProgram const&, std::span<lume::Buffer const, 18446744073709551615ul>, lume::detail::ExecutionPolicy const&, lume::detail::ExecutionStats*, std::vector<unsigned int, std::allocator<unsigned int> >*)+0x4066>
    5ac6:	mov    rbp,rax
    5ac9:	movups xmm0,XMMWORD PTR [rip+0x0]        # 5ad0 <lume::detail::execute_cpu_reference_with_policy(lume::VerifiedProgram const&, std::span<lume::Buffer const, 18446744073709551615ul>, lume::detail::ExecutionPolicy const&, lume::detail::ExecutionStats*, std::vector<unsigned int, std::allocator<unsigned int> >*)+0x4070>
    5ad0:	movups XMMWORD PTR [rax+0xe],xmm0
    5ad4:	movdqu xmm0,XMMWORD PTR [rip+0x0]        # 5adc <lume::detail::execute_cpu_reference_with_policy(lume::VerifiedProgram const&, std::span<lume::Buffer const, 18446744073709551615ul>, lume::detail::ExecutionPolicy const&, lume::detail::ExecutionStats*, std::vector<unsigned int, std::allocator<unsigned int> >*)+0x407c>
    5adc:	movdqu XMMWORD PTR [rax],xmm0
    5ae0:	test   r12,r12
    5ae3:	je     5b4a <lume::detail::execute_cpu_reference_with_policy(lume::VerifiedProgram const&, std::span<lume::Buffer const, 18446744073709551615ul>, lume::detail::ExecutionPolicy const&, lume::detail::ExecutionStats*, std::vector<unsigned int, std::allocator<unsigned int> >*)+0x40ea>
    5ae5:	mov    rdi,rbp
    5ae8:	add    rdi,0x1e
    5aec:	cmp    r12,0x1
    5af0:	jne    5b3f <lume::detail::execute_cpu_reference_with_policy(lume::VerifiedProgram const&, std::span<lume::Buffer const, 18446744073709551615ul>, lume::detail::ExecutionPolicy const&, lume::detail::ExecutionStats*, std::vector<unsigned int, std::allocator<unsigned int> >*)+0x40df>
    5af2:	movzx  eax,BYTE PTR [rbx]
    5af5:	mov    BYTE PTR [rdi],al
    5af7:	jmp    5b4a <lume::detail::execute_cpu_reference_with_policy(lume::VerifiedProgram const&, std::span<lume::Buffer const, 18446744073709551615ul>, lume::detail::ExecutionPolicy const&, lume::detail::ExecutionStats*, std::vector<unsigned int, std::allocator<unsigned int> >*)+0x40ea>
    5af9:	mov    eax,0xf
    5afe:	cmp    r14,0xf
    5b02:	ja     5a48 <lume::detail::execute_cpu_reference_with_policy(lume::VerifiedProgram const&, std::span<lume::Buffer const, 18446744073709551615ul>, lume::detail::ExecutionPolicy const&, lume::detail::ExecutionStats*, std::vector<unsigned int, std::allocator<unsigned int> >*)+0x3fe8>
    5b08:	lea    rcx,[rip+0x0]        # 5b0f <lume::detail::execute_cpu_reference_with_policy(lume::VerifiedProgram const&, std::span<lume::Buffer const, 18446744073709551615ul>, lume::detail::ExecutionPolicy const&, lume::detail::ExecutionStats*, std::vector<unsigned int, std::allocator<unsigned int> >*)+0x40af>
    5b0f:	cmp    rbx,rcx
    5b12:	ja     5b21 <lume::detail::execute_cpu_reference_with_policy(lume::VerifiedProgram const&, std::span<lume::Buffer const, 18446744073709551615ul>, lume::detail::ExecutionPolicy const&, lume::detail::ExecutionStats*, std::vector<unsigned int, std::allocator<unsigned int> >*)+0x40c1>
    5b14:	lea    rax,[rbx+r12*1]
    5b18:	cmp    rax,rcx
    5b1b:	jae    6710 <lume::detail::execute_cpu_reference_with_policy(lume::VerifiedProgram const&, std::span<lume::Buffer const, 18446744073709551615ul>, lume::detail::ExecutionPolicy const&, lume::detail::ExecutionStats*, std::vector<unsigned int, std::allocator<unsigned int> >*)+0x4cb0>
    5b21:	test   r12,r12
    5b24:	je     5c4f <lume::detail::execute_cpu_reference_with_policy(lume::VerifiedProgram const&, std::span<lume::Buffer const, 18446744073709551615ul>, lume::detail::ExecutionPolicy const&, lume::detail::ExecutionStats*, std::vector<unsigned int, std::allocator<unsigned int> >*)+0x41ef>
    5b2a:	cmp    r12,0x1
    5b2e:	jne    5c40 <lume::detail::execute_cpu_reference_with_policy(lume::VerifiedProgram const&, std::span<lume::Buffer const, 18446744073709551615ul>, lume::detail::ExecutionPolicy const&, lume::detail::ExecutionStats*, std::vector<unsigned int, std::allocator<unsigned int> >*)+0x41e0>
    5b34:	movzx  eax,BYTE PTR [rbx]
    5b37:	mov    BYTE PTR [rbx+0x1e],al
    5b3a:	jmp    5c4f <lume::detail::execute_cpu_reference_with_policy(lume::VerifiedProgram const&, std::span<lume::Buffer const, 18446744073709551615ul>, lume::detail::ExecutionPolicy const&, lume::detail::ExecutionStats*, std::vector<unsigned int, std::allocator<unsigned int> >*)+0x41ef>
    5b3f:	mov    rsi,rbx
    5b42:	mov    rdx,r12
    5b45:	call   5b4a <lume::detail::execute_cpu_reference_with_policy(lume::VerifiedProgram const&, std::span<lume::Buffer const, 18446744073709551615ul>, lume::detail::ExecutionPolicy const&, lume::detail::ExecutionStats*, std::vector<unsigned int, std::allocator<unsigned int> >*)+0x40ea>
    5b4a:	test   r15b,r15b
    5b4d:	jne    5b57 <lume::detail::execute_cpu_reference_with_policy(lume::VerifiedProgram const&, std::span<lume::Buffer const, 18446744073709551615ul>, lume::detail::ExecutionPolicy const&, lume::detail::ExecutionStats*, std::vector<unsigned int, std::allocator<unsigned int> >*)+0x40f7>
    5b4f:	mov    rdi,rbx
    5b52:	call   5b57 <lume::detail::execute_cpu_reference_with_policy(lume::VerifiedProgram const&, std::span<lume::Buffer const, 18446744073709551615ul>, lume::detail::ExecutionPolicy const&, lume::detail::ExecutionStats*, std::vector<unsigned int, std::allocator<unsigned int> >*)+0x40f7>
    5b57:	mov    QWORD PTR [rsp+0x1b0],rbp
    5b5f:	mov    QWORD PTR [rsp+0x1c0],r13
    5b67:	jmp    5c66 <lume::detail::execute_cpu_reference_with_policy(lume::VerifiedProgram const&, std::span<lume::Buffer const, 18446744073709551615ul>, lume::detail::ExecutionPolicy const&, lume::detail::ExecutionStats*, std::vector<unsigned int, std::allocator<unsigned int> >*)+0x4206>
    5b6c:	lea    rdi,[rbx+0x1e]
    5b70:	mov    rsi,rbx
    5b73:	mov    rdx,r12
    5b76:	call   5b7b <lume::detail::execute_cpu_reference_with_policy(lume::VerifiedProgram const&, std::span<lume::Buffer const, 18446744073709551615ul>, lume::detail::ExecutionPolicy const&, lume::detail::ExecutionStats*, std::vector<unsigned int, std::allocator<unsigned int> >*)+0x411b>
    5b7b:	movups xmm0,XMMWORD PTR [rip+0x0]        # 5b82 <lume::detail::execute_cpu_reference_with_policy(lume::VerifiedProgram const&, std::span<lume::Buffer const, 18446744073709551615ul>, lume::detail::ExecutionPolicy const&, lume::detail::ExecutionStats*, std::vector<unsigned int, std::allocator<unsigned int> >*)+0x4122>
    5b82:	movups XMMWORD PTR [rbx+0xe],xmm0
    5b86:	movdqu xmm0,XMMWORD PTR [rip+0x0]        # 5b8e <lume::detail::execute_cpu_reference_with_policy(lume::VerifiedProgram const&, std::span<lume::Buffer const, 18446744073709551615ul>, lume::detail::ExecutionPolicy const&, lume::detail::ExecutionStats*, std::vector<unsigned int, std::allocator<unsigned int> >*)+0x412e>
    5b8e:	movdqu XMMWORD PTR [rbx],xmm0
    5b92:	mov    QWORD PTR [rsp+0x178],r15
    5b9a:	mov    rax,QWORD PTR [rsp+0x170]
    5ba2:	mov    BYTE PTR [rax+r15*1],0x0
    5ba7:	lea    rbx,[rsp+0xc0]
    5baf:	mov    QWORD PTR [rsp+0xb0],rbx
    5bb7:	mov    rax,QWORD PTR [rsp+0x170]
    5bbf:	lea    r12,[rsp+0x180]
    5bc7:	cmp    rax,r12
    5bca:	je     5c05 <lume::detail::execute_cpu_reference_with_policy(lume::VerifiedProgram const&, std::span<lume::Buffer const, 18446744073709551615ul>, lume::detail::ExecutionPolicy const&, lume::detail::ExecutionStats*, std::vector<unsigned int, std::allocator<unsigned int> >*)+0x41a5>
    5bcc:	mov    r15,QWORD PTR [rsp+0x178]
    5bd4:	mov    rcx,QWORD PTR [rsp+0x180]
    5bdc:	mov    QWORD PTR [rsp+0xc0],rcx
    5be4:	mov    QWORD PTR [rsp+0x170],r12
    5bec:	mov    QWORD PTR [rsp+0x178],0x0
    5bf8:	mov    BYTE PTR [rsp+0x180],0x0
    5c00:	jmp    6085 <lume::detail::execute_cpu_reference_with_policy(lume::VerifiedProgram const&, std::span<lume::Buffer const, 18446744073709551615ul>, lume::detail::ExecutionPolicy const&, lume::detail::ExecutionStats*, std::vector<unsigned int, std::allocator<unsigned int> >*)+0x4625>
    5c05:	mov    r15,QWORD PTR [rsp+0x178]
    5c0d:	lea    r14,[r15+0x1]
    5c11:	mov    rdi,rbx
    5c14:	mov    rsi,r12
    5c17:	mov    rdx,r14
    5c1a:	call   5c1f <lume::detail::execute_cpu_reference_with_policy(lume::VerifiedProgram const&, std::span<lume::Buffer const, 18446744073709551615ul>, lume::detail::ExecutionPolicy const&, lume::detail::ExecutionStats*, std::vector<unsigned int, std::allocator<unsigned int> >*)+0x41bf>
    5c1f:	mov    QWORD PTR [rsp+0x170],r12
    5c27:	mov    QWORD PTR [rsp+0x178],0x0
    5c33:	mov    BYTE PTR [rsp+0x180],0x0
    5c3b:	jmp    60f0 <lume::detail::execute_cpu_reference_with_policy(lume::VerifiedProgram const&, std::span<lume::Buffer const, 18446744073709551615ul>, lume::detail::ExecutionPolicy const&, lume::detail::ExecutionStats*, std::vector<unsigned int, std::allocator<unsigned int> >*)+0x4690>
    5c40:	lea    rdi,[rbx+0x1e]
    5c44:	mov    rsi,rbx
    5c47:	mov    rdx,r12
    5c4a:	call   5c4f <lume::detail::execute_cpu_reference_with_policy(lume::VerifiedProgram const&, std::span<lume::Buffer const, 18446744073709551615ul>, lume::detail::ExecutionPolicy const&, lume::detail::ExecutionStats*, std::vector<unsigned int, std::allocator<unsigned int> >*)+0x41ef>
    5c4f:	movups xmm0,XMMWORD PTR [rip+0x0]        # 5c56 <lume::detail::execute_cpu_reference_with_policy(lume::VerifiedProgram const&, std::span<lume::Buffer const, 18446744073709551615ul>, lume::detail::ExecutionPolicy const&, lume::detail::ExecutionStats*, std::vector<unsigned int, std::allocator<unsigned int> >*)+0x41f6>
    5c56:	movups XMMWORD PTR [rbx+0xe],xmm0
    5c5a:	movdqu xmm0,XMMWORD PTR [rip+0x0]        # 5c62 <lume::detail::execute_cpu_reference_with_policy(lume::VerifiedProgram const&, std::span<lume::Buffer const, 18446744073709551615ul>, lume::detail::ExecutionPolicy const&, lume::detail::ExecutionStats*, std::vector<unsigned int, std::allocator<unsigned int> >*)+0x4202>
    5c62:	movdqu XMMWORD PTR [rbx],xmm0
    5c66:	mov    QWORD PTR [rsp+0x1b8],r14
    5c6e:	mov    rax,QWORD PTR [rsp+0x1b0]
    5c76:	mov    BYTE PTR [rax+r14*1],0x0
    5c7b:	lea    rbx,[rsp+0xc0]
    5c83:	mov    QWORD PTR [rsp+0xb0],rbx
    5c8b:	mov    rax,QWORD PTR [rsp+0x1b0]
    5c93:	lea    r12,[rsp+0x1c0]
    5c9b:	cmp    rax,r12
    5c9e:	je     5cd9 <lume::detail::execute_cpu_reference_with_policy(lume::VerifiedProgram const&, std::span<lume::Buffer const, 18446744073709551615ul>, lume::detail::ExecutionPolicy const&, lume::detail::ExecutionStats*, std::vector<unsigned int, std::allocator<unsigned int> >*)+0x4279>
    5ca0:	mov    r15,QWORD PTR [rsp+0x1b8]
    5ca8:	mov    rcx,QWORD PTR [rsp+0x1c0]
    5cb0:	mov    QWORD PTR [rsp+0xc0],rcx
    5cb8:	mov    QWORD PTR [rsp+0x1b0],r12
    5cc0:	mov    QWORD PTR [rsp+0x1b8],0x0
    5ccc:	mov    BYTE PTR [rsp+0x1c0],0x0
    5cd4:	jmp    6085 <lume::detail::execute_cpu_reference_with_policy(lume::VerifiedProgram const&, std::span<lume::Buffer const, 18446744073709551615ul>, lume::detail::ExecutionPolicy const&, lume::detail::ExecutionStats*, std::vector<unsigned int, std::allocator<unsigned int> >*)+0x4625>
    5cd9:	mov    r15,QWORD PTR [rsp+0x1b8]
    5ce1:	lea    r14,[r15+0x1]
    5ce5:	mov    rdi,rbx
    5ce8:	mov    rsi,r12
    5ceb:	mov    rdx,r14
    5cee:	call   5cf3 <lume::detail::execute_cpu_reference_with_policy(lume::VerifiedProgram const&, std::span<lume::Buffer const, 18446744073709551615ul>, lume::detail::ExecutionPolicy const&, lume::detail::ExecutionStats*, std::vector<unsigned int, std::allocator<unsigned int> >*)+0x4293>
    5cf3:	mov    QWORD PTR [rsp+0x1b0],r12
    5cfb:	mov    QWORD PTR [rsp+0x1b8],0x0
    5d07:	mov    BYTE PTR [rsp+0x1c0],0x0
    5d0f:	jmp    60f0 <lume::detail::execute_cpu_reference_with_policy(lume::VerifiedProgram const&, std::span<lume::Buffer const, 18446744073709551615ul>, lume::detail::ExecutionPolicy const&, lume::detail::ExecutionStats*, std::vector<unsigned int, std::allocator<unsigned int> >*)+0x4690>
    5d14:	add    esi,0xfffffffe
    5d17:	jmp    5d1b <lume::detail::execute_cpu_reference_with_policy(lume::VerifiedProgram const&, std::span<lume::Buffer const, 18446744073709551615ul>, lume::detail::ExecutionPolicy const&, lume::detail::ExecutionStats*, std::vector<unsigned int, std::allocator<unsigned int> >*)+0x42bb>
    5d19:	dec    esi
    5d1b:	mov    ebx,esi
    5d1d:	lea    r12,[rsp+0x38]
    5d22:	mov    QWORD PTR [rsp+0x28],r12
    5d27:	cmp    esi,0x10
    5d2a:	jb     5d44 <lume::detail::execute_cpu_reference_with_policy(lume::VerifiedProgram const&, std::span<lume::Buffer const, 18446744073709551615ul>, lume::detail::ExecutionPolicy const&, lume::detail::ExecutionStats*, std::vector<unsigned int, std::allocator<unsigned int> >*)+0x42e4>
    5d2c:	lea    rdi,[rbx+0x1]
    5d30:	call   5d35 <lume::detail::execute_cpu_reference_with_policy(lume::VerifiedProgram const&, std::span<lume::Buffer const, 18446744073709551615ul>, lume::detail::ExecutionPolicy const&, lume::detail::ExecutionStats*, std::vector<unsigned int, std::allocator<unsigned int> >*)+0x42d5>
    5d35:	mov    r12,rax
    5d38:	mov    QWORD PTR [rsp+0x28],rax
    5d3d:	mov    QWORD PTR [rsp+0x38],rbx
    5d42:	jmp    5d52 <lume::detail::execute_cpu_reference_with_policy(lume::VerifiedProgram const&, std::span<lume::Buffer const, 18446744073709551615ul>, lume::detail::ExecutionPolicy const&, lume::detail::ExecutionStats*, std::vector<unsigned int, std::allocator<unsigned int> >*)+0x42f2>
    5d44:	test   rbx,rbx
    5d47:	je     5d5f <lume::detail::execute_cpu_reference_with_policy(lume::VerifiedProgram const&, std::span<lume::Buffer const, 18446744073709551615ul>, lume::detail::ExecutionPolicy const&, lume::detail::ExecutionStats*, std::vector<unsigned int, std::allocator<unsigned int> >*)+0x42ff>
    5d49:	cmp    ebx,0x1
    5d4c:	je     4e25 <lume::detail::execute_cpu_reference_with_policy(lume::VerifiedProgram const&, std::span<lume::Buffer const, 18446744073709551615ul>, lume::detail::ExecutionPolicy const&, lume::detail::ExecutionStats*, std::vector<unsigned int, std::allocator<unsigned int> >*)+0x33c5>
    5d52:	mov    rdi,r12
    5d55:	xor    esi,esi
    5d57:	mov    rdx,rbx
    5d5a:	call   5d5f <lume::detail::execute_cpu_reference_with_policy(lume::VerifiedProgram const&, std::span<lume::Buffer const, 18446744073709551615ul>, lume::detail::ExecutionPolicy const&, lume::detail::ExecutionStats*, std::vector<unsigned int, std::allocator<unsigned int> >*)+0x42ff>
    5d5f:	mov    QWORD PTR [rsp+0x30],rbx
    5d64:	mov    BYTE PTR [r12+rbx*1],0x0
    5d69:	mov    rcx,QWORD PTR [rsp+0x28]
    5d6e:	cmp    r15,0x64
    5d72:	jb     5dcb <lume::detail::execute_cpu_reference_with_policy(lume::VerifiedProgram const&, std::span<lume::Buffer const, 18446744073709551615ul>, lume::detail::ExecutionPolicy const&, lume::detail::ExecutionStats*, std::vector<unsigned int, std::allocator<unsigned int> >*)+0x436b>
    5d74:	mov    esi,DWORD PTR [rsp+0x30]
    5d78:	add    esi,0xfffffffe
    5d7b:	lea    r9,[rip+0x0]        # 5d82 <lume::detail::execute_cpu_reference_with_policy(lume::VerifiedProgram const&, std::span<lume::Buffer const, 18446744073709551615ul>, lume::detail::ExecutionPolicy const&, lume::detail::ExecutionStats*, std::vector<unsigned int, std::allocator<unsigned int> >*)+0x4322>
    5d82:	movabs r10,0x28f5c28f5c28f5c3
    5d8c:	lea    edi,[rsi+0x1]
    5d8f:	mov    rax,r15
    5d92:	shr    rax,0x2
    5d96:	mul    r10
    5d99:	shr    rdx,0x2
    5d9d:	imul   eax,edx,0x64
    5da0:	mov    r8d,r15d
    5da3:	sub    r8d,eax
    5da6:	movzx  eax,BYTE PTR [r9+r8*2]
    5dab:	movzx  r8d,BYTE PTR [r9+r8*2+0x1]
    5db1:	mov    BYTE PTR [rcx+rdi*1],r8b
    5db5:	mov    edi,esi
    5db7:	mov    BYTE PTR [rcx+rdi*1],al
    5dba:	add    esi,0xfffffffe
    5dbd:	cmp    r15,0x270f
    5dc4:	mov    r15,rdx
    5dc7:	ja     5d8c <lume::detail::execute_cpu_reference_with_policy(lume::VerifiedProgram const&, std::span<lume::Buffer const, 18446744073709551615ul>, lume::detail::ExecutionPolicy const&, lume::detail::ExecutionStats*, std::vector<unsigned int, std::allocator<unsigned int> >*)+0x432c>
    5dc9:	jmp    5dce <lume::detail::execute_cpu_reference_with_policy(lume::VerifiedProgram const&, std::span<lume::Buffer const, 18446744073709551615ul>, lume::detail::ExecutionPolicy const&, lume::detail::ExecutionStats*, std::vector<unsigned int, std::allocator<unsigned int> >*)+0x436e>
    5dcb:	mov    rdx,r15
    5dce:	cmp    rdx,0xa
    5dd2:	jb     5de9 <lume::detail::execute_cpu_reference_with_policy(lume::VerifiedProgram const&, std::span<lume::Buffer const, 18446744073709551615ul>, lume::detail::ExecutionPolicy const&, lume::detail::ExecutionStats*, std::vector<unsigned int, std::allocator<unsigned int> >*)+0x4389>
    5dd4:	lea    rsi,[rip+0x0]        # 5ddb <lume::detail::execute_cpu_reference_with_policy(lume::VerifiedProgram const&, std::span<lume::Buffer const, 18446744073709551615ul>, lume::detail::ExecutionPolicy const&, lume::detail::ExecutionStats*, std::vector<unsigned int, std::allocator<unsigned int> >*)+0x437b>
    5ddb:	movzx  eax,BYTE PTR [rsi+rdx*2]
    5ddf:	movzx  edx,BYTE PTR [rsi+rdx*2+0x1]
    5de4:	mov    BYTE PTR [rcx+0x1],dl
    5de7:	jmp    5dee <lume::detail::execute_cpu_reference_with_policy(lume::VerifiedProgram const&, std::span<lume::Buffer const, 18446744073709551615ul>, lume::detail::ExecutionPolicy const&, lume::detail::ExecutionStats*, std::vector<unsigned int, std::allocator<unsigned int> >*)+0x438e>
    5de9:	or     dl,0x30
    5dec:	mov    eax,edx
    5dee:	lea    r15,[rsp+0x18]
    5df3:	mov    BYTE PTR [rcx],al
    5df5:	lea    rcx,[rip+0x0]        # 5dfc <lume::detail::execute_cpu_reference_with_policy(lume::VerifiedProgram const&, std::span<lume::Buffer const, 18446744073709551615ul>, lume::detail::ExecutionPolicy const&, lume::detail::ExecutionStats*, std::vector<unsigned int, std::allocator<unsigned int> >*)+0x439c>
    5dfc:	lea    rdi,[rsp+0x28]
    5e01:	mov    r8d,0x3
    5e07:	xor    esi,esi
    5e09:	xor    edx,edx
    5e0b:	call   5e10 <lume::detail::execute_cpu_reference_with_policy(lume::VerifiedProgram const&, std::span<lume::Buffer const, 18446744073709551615ul>, lume::detail::ExecutionPolicy const&, lume::detail::ExecutionStats*, std::vector<unsigned int, std::allocator<unsigned int> >*)+0x43b0>
    5e10:	mov    QWORD PTR [rsp+0x8],r15
    5e15:	mov    rsi,QWORD PTR [rax]
    5e18:	mov    rbx,rax
    5e1b:	add    rbx,0x10
    5e1f:	cmp    rsi,rbx
    5e22:	je     5e38 <lume::detail::execute_cpu_reference_with_policy(lume::VerifiedProgram const&, std::span<lume::Buffer const, 18446744073709551615ul>, lume::detail::ExecutionPolicy const&, lume::detail::ExecutionStats*, std::vector<unsigned int, std::allocator<unsigned int> >*)+0x43d8>
    5e24:	mov    QWORD PTR [rsp+0x8],rsi
    5e29:	mov    rcx,QWORD PTR [rax+0x10]
    5e2d:	mov    QWORD PTR [rsp+0x18],rcx
    5e32:	mov    r14,QWORD PTR [rax+0x8]
    5e36:	jmp    5e53 <lume::detail::execute_cpu_reference_with_policy(lume::VerifiedProgram const&, std::span<lume::Buffer const, 18446744073709551615ul>, lume::detail::ExecutionPolicy const&, lume::detail::ExecutionStats*, std::vector<unsigned int, std::allocator<unsigned int> >*)+0x43f3>
    5e38:	mov    r14,QWORD PTR [rax+0x8]
    5e3c:	lea    rdx,[r14+0x1]
    5e40:	mov    rdi,r15
    5e43:	mov    r15,rax
    5e46:	call   5e4b <lume::detail::execute_cpu_reference_with_policy(lume::VerifiedProgram const&, std::span<lume::Buffer const, 18446744073709551615ul>, lume::detail::ExecutionPolicy const&, lume::detail::ExecutionStats*, std::vector<unsigned int, std::allocator<unsigned int> >*)+0x43eb>
    5e4b:	mov    rax,r15
    5e4e:	lea    r15,[rsp+0x18]
    5e53:	mov    QWORD PTR [rsp+0x10],r14
    5e58:	mov    QWORD PTR [rax],rbx
    5e5b:	mov    QWORD PTR [rax+0x8],0x0
    5e63:	mov    BYTE PTR [rax+0x10],0x0
    5e67:	mov    rsi,QWORD PTR [rsp+0x10]
    5e6c:	movabs rax,0x7fffffffffffffe1
    5e76:	add    rax,0x5
    5e7a:	cmp    rsi,rax
    5e7d:	jg     6814 <lume::detail::execute_cpu_reference_with_policy(lume::VerifiedProgram const&, std::span<lume::Buffer const, 18446744073709551615ul>, lume::detail::ExecutionPolicy const&, lume::detail::ExecutionStats*, std::vector<unsigned int, std::allocator<unsigned int> >*)+0x4db4>
    5e83:	lea    rbx,[rsi+0x19]
    5e87:	mov    rax,QWORD PTR [rsp+0x8]
    5e8c:	mov    ecx,0xf
    5e91:	cmp    rax,r15
    5e94:	je     5e9b <lume::detail::execute_cpu_reference_with_policy(lume::VerifiedProgram const&, std::span<lume::Buffer const, 18446744073709551615ul>, lume::detail::ExecutionPolicy const&, lume::detail::ExecutionStats*, std::vector<unsigned int, std::allocator<unsigned int> >*)+0x443b>
    5e96:	mov    rcx,QWORD PTR [rsp+0x18]
    5e9b:	cmp    rbx,rcx
    5e9e:	jbe    5ebb <lume::detail::execute_cpu_reference_with_policy(lume::VerifiedProgram const&, std::span<lume::Buffer const, 18446744073709551615ul>, lume::detail::ExecutionPolicy const&, lume::detail::ExecutionStats*, std::vector<unsigned int, std::allocator<unsigned int> >*)+0x445b>
    5ea0:	lea    rcx,[rip+0x0]        # 5ea7 <lume::detail::execute_cpu_reference_with_policy(lume::VerifiedProgram const&, std::span<lume::Buffer const, 18446744073709551615ul>, lume::detail::ExecutionPolicy const&, lume::detail::ExecutionStats*, std::vector<unsigned int, std::allocator<unsigned int> >*)+0x4447>
    5ea7:	lea    rdi,[rsp+0x8]
    5eac:	mov    r8d,0x19
    5eb2:	xor    edx,edx
    5eb4:	call   5eb9 <lume::detail::execute_cpu_reference_with_policy(lume::VerifiedProgram const&, std::span<lume::Buffer const, 18446744073709551615ul>, lume::detail::ExecutionPolicy const&, lume::detail::ExecutionStats*, std::vector<unsigned int, std::allocator<unsigned int> >*)+0x4459>
    5eb9:	jmp    5ed4 <lume::detail::execute_cpu_reference_with_policy(lume::VerifiedProgram const&, std::span<lume::Buffer const, 18446744073709551615ul>, lume::detail::ExecutionPolicy const&, lume::detail::ExecutionStats*, std::vector<unsigned int, std::allocator<unsigned int> >*)+0x4474>
    5ebb:	movups xmm0,XMMWORD PTR [rip+0x0]        # 5ec2 <lume::detail::execute_cpu_reference_with_policy(lume::VerifiedProgram const&, std::span<lume::Buffer const, 18446744073709551615ul>, lume::detail::ExecutionPolicy const&, lume::detail::ExecutionStats*, std::vector<unsigned int, std::allocator<unsigned int> >*)+0x4462>
    5ec2:	movups XMMWORD PTR [rax+rsi*1+0x9],xmm0
    5ec7:	movdqu xmm0,XMMWORD PTR [rip+0x0]        # 5ecf <lume::detail::execute_cpu_reference_with_policy(lume::VerifiedProgram const&, std::span<lume::Buffer const, 18446744073709551615ul>, lume::detail::ExecutionPolicy const&, lume::detail::ExecutionStats*, std::vector<unsigned int, std::allocator<unsigned int> >*)+0x446f>
    5ecf:	movdqu XMMWORD PTR [rax+rsi*1],xmm0
    5ed4:	mov    QWORD PTR [rsp+0x10],rbx
    5ed9:	mov    rax,QWORD PTR [rsp+0x8]
    5ede:	mov    BYTE PTR [rax+rbx*1],0x0
    5ee2:	lea    r12,[rsp+0x248]
    5eea:	mov    QWORD PTR [rsp+0x238],r12
    5ef2:	mov    rbp,QWORD PTR [rsp+0x8]
    5ef7:	cmp    rbp,r15
    5efa:	je     5f5d <lume::detail::execute_cpu_reference_with_policy(lume::VerifiedProgram const&, std::span<lume::Buffer const, 18446744073709551615ul>, lume::detail::ExecutionPolicy const&, lume::detail::ExecutionStats*, std::vector<unsigned int, std::allocator<unsigned int> >*)+0x44fd>
    5efc:	mov    QWORD PTR [rsp+0x238],rbp
    5f04:	mov    rbx,QWORD PTR [rsp+0x10]
    5f09:	mov    rax,QWORD PTR [rsp+0x10]
    5f0e:	mov    QWORD PTR [rsp+0x240],rax
    5f16:	mov    rax,QWORD PTR [rsp+0x18]
    5f1b:	mov    QWORD PTR [rsp+0x248],rax
    5f23:	mov    QWORD PTR [rsp+0x8],r15
    5f28:	mov    QWORD PTR [rsp+0x10],0x0
    5f31:	mov    BYTE PTR [rsp+0x18],0x0
    5f36:	movabs rax,0x7fffffffffffffe1
    5f40:	cmp    rbx,rax
    5f43:	jg     682c <lume::detail::execute_cpu_reference_with_policy(lume::VerifiedProgram const&, std::span<lume::Buffer const, 18446744073709551615ul>, lume::detail::ExecutionPolicy const&, lume::detail::ExecutionStats*, std::vector<unsigned int, std::allocator<unsigned int> >*)+0x4dcc>
    5f49:	lea    r14,[rbx+0x1e]
    5f4d:	cmp    rbp,r12
    5f50:	lea    rdx,[rip+0x0]        # 5f57 <lume::detail::execute_cpu_reference_with_policy(lume::VerifiedProgram const&, std::span<lume::Buffer const, 18446744073709551615ul>, lume::detail::ExecutionPolicy const&, lume::detail::ExecutionStats*, std::vector<unsigned int, std::allocator<unsigned int> >*)+0x44f7>
    5f57:	je     5f9a <lume::detail::execute_cpu_reference_with_policy(lume::VerifiedProgram const&, std::span<lume::Buffer const, 18446744073709551615ul>, lume::detail::ExecutionPolicy const&, lume::detail::ExecutionStats*, std::vector<unsigned int, std::allocator<unsigned int> >*)+0x453a>
    5f59:	xor    eax,eax
    5f5b:	jmp    5f9c <lume::detail::execute_cpu_reference_with_policy(lume::VerifiedProgram const&, std::span<lume::Buffer const, 18446744073709551615ul>, lume::detail::ExecutionPolicy const&, lume::detail::ExecutionStats*, std::vector<unsigned int, std::allocator<unsigned int> >*)+0x453c>
    5f5d:	mov    rbx,QWORD PTR [rsp+0x10]
    5f62:	lea    rdx,[rbx+0x1]
    5f66:	mov    rdi,r12
    5f69:	mov    rsi,r15
    5f6c:	call   5f71 <lume::detail::execute_cpu_reference_with_policy(lume::VerifiedProgram const&, std::span<lume::Buffer const, 18446744073709551615ul>, lume::detail::ExecutionPolicy const&, lume::detail::ExecutionStats*, std::vector<unsigned int, std::allocator<unsigned int> >*)+0x4511>
    5f71:	mov    QWORD PTR [rsp+0x240],rbx
    5f79:	mov    QWORD PTR [rsp+0x8],r15
    5f7e:	mov    QWORD PTR [rsp+0x10],0x0
    5f87:	mov    BYTE PTR [rsp+0x18],0x0
    5f8c:	lea    r14,[rbx+0x1e]
    5f90:	mov    rbp,r12
    5f93:	lea    rdx,[rip+0x0]        # 5f9a <lume::detail::execute_cpu_reference_with_policy(lume::VerifiedProgram const&, std::span<lume::Buffer const, 18446744073709551615ul>, lume::detail::ExecutionPolicy const&, lume::detail::ExecutionStats*, std::vector<unsigned int, std::allocator<unsigned int> >*)+0x453a>
    5f9a:	mov    al,0x1
    5f9c:	mov    ecx,0xf
    5fa1:	test   al,al
    5fa3:	jne    5fad <lume::detail::execute_cpu_reference_with_policy(lume::VerifiedProgram const&, std::span<lume::Buffer const, 18446744073709551615ul>, lume::detail::ExecutionPolicy const&, lume::detail::ExecutionStats*, std::vector<unsigned int, std::allocator<unsigned int> >*)+0x454d>
    5fa5:	mov    rcx,QWORD PTR [rsp+0x248]
    5fad:	cmp    r14,rcx
    5fb0:	jbe    5fd2 <lume::detail::execute_cpu_reference_with_policy(lume::VerifiedProgram const&, std::span<lume::Buffer const, 18446744073709551615ul>, lume::detail::ExecutionPolicy const&, lume::detail::ExecutionStats*, std::vector<unsigned int, std::allocator<unsigned int> >*)+0x4572>
    5fb2:	lea    rcx,[rip+0x0]        # 5fb9 <lume::detail::execute_cpu_reference_with_policy(lume::VerifiedProgram const&, std::span<lume::Buffer const, 18446744073709551615ul>, lume::detail::ExecutionPolicy const&, lume::detail::ExecutionStats*, std::vector<unsigned int, std::allocator<unsigned int> >*)+0x4559>
    5fb9:	lea    rdi,[rsp+0x238]
    5fc1:	mov    r8d,0x1e
    5fc7:	xor    esi,esi
    5fc9:	xor    edx,edx
    5fcb:	call   5fd0 <lume::detail::execute_cpu_reference_with_policy(lume::VerifiedProgram const&, std::span<lume::Buffer const, 18446744073709551615ul>, lume::detail::ExecutionPolicy const&, lume::detail::ExecutionStats*, std::vector<unsigned int, std::allocator<unsigned int> >*)+0x4570>
    5fd0:	jmp    601f <lume::detail::execute_cpu_reference_with_policy(lume::VerifiedProgram const&, std::span<lume::Buffer const, 18446744073709551615ul>, lume::detail::ExecutionPolicy const&, lume::detail::ExecutionStats*, std::vector<unsigned int, std::allocator<unsigned int> >*)+0x45bf>
    5fd2:	cmp    rbp,rdx
    5fd5:	ja     5fe4 <lume::detail::execute_cpu_reference_with_policy(lume::VerifiedProgram const&, std::span<lume::Buffer const, 18446744073709551615ul>, lume::detail::ExecutionPolicy const&, lume::detail::ExecutionStats*, std::vector<unsigned int, std::allocator<unsigned int> >*)+0x4584>
    5fd7:	lea    rax,[rbx+rbp*1]
    5fdb:	cmp    rax,rdx
    5fde:	jae    66e9 <lume::detail::execute_cpu_reference_with_policy(lume::VerifiedProgram const&, std::span<lume::Buffer const, 18446744073709551615ul>, lume::detail::ExecutionPolicy const&, lume::detail::ExecutionStats*, std::vector<unsigned int, std::allocator<unsigned int> >*)+0x4c89>
    5fe4:	test   rbx,rbx
    5fe7:	je     6007 <lume::detail::execute_cpu_reference_with_policy(lume::VerifiedProgram const&, std::span<lume::Buffer const, 18446744073709551615ul>, lume::detail::ExecutionPolicy const&, lume::detail::ExecutionStats*, std::vector<unsigned int, std::allocator<unsigned int> >*)+0x45a7>
    5fe9:	cmp    rbx,0x1
    5fed:	jne    5ff8 <lume::detail::execute_cpu_reference_with_policy(lume::VerifiedProgram const&, std::span<lume::Buffer const, 18446744073709551615ul>, lume::detail::ExecutionPolicy const&, lume::detail::ExecutionStats*, std::vector<unsigned int, std::allocator<unsigned int> >*)+0x4598>
    5fef:	movzx  eax,BYTE PTR [rbp+0x0]
    5ff3:	mov    BYTE PTR [rbp+0x1e],al
    5ff6:	jmp    6007 <lume::detail::execute_cpu_reference_with_policy(lume::VerifiedProgram const&, std::span<lume::Buffer const, 18446744073709551615ul>, lume::detail::ExecutionPolicy const&, lume::detail::ExecutionStats*, std::vector<unsigned int, std::allocator<unsigned int> >*)+0x45a7>
    5ff8:	lea    rdi,[rbp+0x1e]
    5ffc:	mov    rsi,rbp
    5fff:	mov    rdx,rbx
    6002:	call   6007 <lume::detail::execute_cpu_reference_with_policy(lume::VerifiedProgram const&, std::span<lume::Buffer const, 18446744073709551615ul>, lume::detail::ExecutionPolicy const&, lume::detail::ExecutionStats*, std::vector<unsigned int, std::allocator<unsigned int> >*)+0x45a7>
    6007:	movups xmm0,XMMWORD PTR [rip+0x0]        # 600e <lume::detail::execute_cpu_reference_with_policy(lume::VerifiedProgram const&, std::span<lume::Buffer const, 18446744073709551615ul>, lume::detail::ExecutionPolicy const&, lume::detail::ExecutionStats*, std::vector<unsigned int, std::allocator<unsigned int> >*)+0x45ae>
    600e:	movups XMMWORD PTR [rbp+0xe],xmm0
    6012:	movdqu xmm0,XMMWORD PTR [rip+0x0]        # 601a <lume::detail::execute_cpu_reference_with_policy(lume::VerifiedProgram const&, std::span<lume::Buffer const, 18446744073709551615ul>, lume::detail::ExecutionPolicy const&, lume::detail::ExecutionStats*, std::vector<unsigned int, std::allocator<unsigned int> >*)+0x45ba>
    601a:	movdqu XMMWORD PTR [rbp+0x0],xmm0
    601f:	mov    QWORD PTR [rsp+0x240],r14
    6027:	mov    rax,QWORD PTR [rsp+0x238]
    602f:	mov    BYTE PTR [rax+r14*1],0x0
    6034:	lea    rbx,[rsp+0xc0]
    603c:	mov    QWORD PTR [rsp+0xb0],rbx
    6044:	mov    rax,QWORD PTR [rsp+0x238]
    604c:	cmp    rax,r12
    604f:	je     60ba <lume::detail::execute_cpu_reference_with_policy(lume::VerifiedProgram const&, std::span<lume::Buffer const, 18446744073709551615ul>, lume::detail::ExecutionPolicy const&, lume::detail::ExecutionStats*, std::vector<unsigned int, std::allocator<unsigned int> >*)+0x465a>
    6051:	mov    r15,QWORD PTR [rsp+0x240]
    6059:	mov    rcx,QWORD PTR [rsp+0x248]
    6061:	mov    QWORD PTR [rsp+0xc0],rcx
    6069:	mov    QWORD PTR [rsp+0x238],r12
    6071:	mov    QWORD PTR [rsp+0x240],0x0
    607d:	mov    BYTE PTR [rsp+0x248],0x0
    6085:	pxor   xmm0,xmm0
    6089:	mov    r12,QWORD PTR [rsp+0x48]
    608e:	movdqu XMMWORD PTR [r12],xmm0
    6094:	mov    QWORD PTR [r12+0x10],0x0
    609d:	cmp    rax,rbx
    60a0:	je     60b4 <lume::detail::execute_cpu_reference_with_policy(lume::VerifiedProgram const&, std::span<lume::Buffer const, 18446744073709551615ul>, lume::detail::ExecutionPolicy const&, lume::detail::ExecutionStats*, std::vector<unsigned int, std::allocator<unsigned int> >*)+0x4654>
    60a2:	mov    BYTE PTR [r12+0x18],0x3
    60a8:	mov    QWORD PTR [r12+0x20],rax
    60ad:	mov    QWORD PTR [r12+0x30],rcx
    60b2:	jmp    6123 <lume::detail::execute_cpu_reference_with_policy(lume::VerifiedProgram const&, std::span<lume::Buffer const, 18446744073709551615ul>, lume::detail::ExecutionPolicy const&, lume::detail::ExecutionStats*, std::vector<unsigned int, std::allocator<unsigned int> >*)+0x46c3>
    60b4:	lea    r14,[r15+0x1]
    60b8:	jmp    6108 <lume::detail::execute_cpu_reference_with_policy(lume::VerifiedProgram const&, std::span<lume::Buffer const, 18446744073709551615ul>, lume::detail::ExecutionPolicy const&, lume::detail::ExecutionStats*, std::vector<unsigned int, std::allocator<unsigned int> >*)+0x46a8>
    60ba:	mov    r15,QWORD PTR [rsp+0x240]
    60c2:	lea    r14,[r15+0x1]
    60c6:	mov    rdi,rbx
    60c9:	mov    rsi,r12
    60cc:	mov    rdx,r14
    60cf:	call   60d4 <lume::detail::execute_cpu_reference_with_policy(lume::VerifiedProgram const&, std::span<lume::Buffer const, 18446744073709551615ul>, lume::detail::ExecutionPolicy const&, lume::detail::ExecutionStats*, std::vector<unsigned int, std::allocator<unsigned int> >*)+0x4674>
    60d4:	mov    QWORD PTR [rsp+0x238],r12
    60dc:	mov    QWORD PTR [rsp+0x240],0x0
    60e8:	mov    BYTE PTR [rsp+0x248],0x0
    60f0:	pxor   xmm0,xmm0
    60f4:	mov    r12,QWORD PTR [rsp+0x48]
    60f9:	movdqu XMMWORD PTR [r12],xmm0
    60ff:	mov    QWORD PTR [r12+0x10],0x0
    6108:	mov    BYTE PTR [r12+0x18],0x3
    610e:	mov    rdi,QWORD PTR [rsp+0x60]
    6113:	mov    QWORD PTR [r12+0x20],rdi
    6118:	mov    rsi,rbx
    611b:	mov    rdx,r14
    611e:	call   6123 <lume::detail::execute_cpu_reference_with_policy(lume::VerifiedProgram const&, std::span<lume::Buffer const, 18446744073709551615ul>, lume::detail::ExecutionPolicy const&, lume::detail::ExecutionStats*, std::vector<unsigned int, std::allocator<unsigned int> >*)+0x46c3>
    6123:	mov    QWORD PTR [r12+0x28],r15
    6128:	mov    BYTE PTR [r12+0x40],0x1
    612e:	mov    rdi,QWORD PTR [rsp+0x8]
    6133:	lea    rax,[rsp+0x18]
    6138:	cmp    rdi,rax
    613b:	je     6142 <lume::detail::execute_cpu_reference_with_policy(lume::VerifiedProgram const&, std::span<lume::Buffer const, 18446744073709551615ul>, lume::detail::ExecutionPolicy const&, lume::detail::ExecutionStats*, std::vector<unsigned int, std::allocator<unsigned int> >*)+0x46e2>
    613d:	call   6142 <lume::detail::execute_cpu_reference_with_policy(lume::VerifiedProgram const&, std::span<lume::Buffer const, 18446744073709551615ul>, lume::detail::ExecutionPolicy const&, lume::detail::ExecutionStats*, std::vector<unsigned int, std::allocator<unsigned int> >*)+0x46e2>
    6142:	mov    rdi,QWORD PTR [rsp+0x28]
    6147:	lea    rax,[rsp+0x38]
    614c:	cmp    rdi,rax
    614f:	je     6156 <lume::detail::execute_cpu_reference_with_policy(lume::VerifiedProgram const&, std::span<lume::Buffer const, 18446744073709551615ul>, lume::detail::ExecutionPolicy const&, lume::detail::ExecutionStats*, std::vector<unsigned int, std::allocator<unsigned int> >*)+0x46f6>
    6151:	call   6156 <lume::detail::execute_cpu_reference_with_policy(lume::VerifiedProgram const&, std::span<lume::Buffer const, 18446744073709551615ul>, lume::detail::ExecutionPolicy const&, lume::detail::ExecutionStats*, std::vector<unsigned int, std::allocator<unsigned int> >*)+0x46f6>
    6156:	cmp    BYTE PTR [rsp+0x2a0],0x0
    615e:	mov    BYTE PTR [rsp+0x2a0],0x0
    6166:	mov    r15,QWORD PTR [rsp+0x50]
    616b:	mov    rbx,QWORD PTR [rsp+0x68]
    6170:	je     47cc <lume::detail::execute_cpu_reference_with_policy(lume::VerifiedProgram const&, std::span<lume::Buffer const, 18446744073709551615ul>, lume::detail::ExecutionPolicy const&, lume::detail::ExecutionStats*, std::vector<unsigned int, std::allocator<unsigned int> >*)+0x2d6c>
    6176:	mov    rdi,QWORD PTR [rsp+0x280]
    617e:	lea    rax,[rsp+0x290]
    6186:	cmp    rdi,rax
    6189:	je     47cc <lume::detail::execute_cpu_reference_with_policy(lume::VerifiedProgram const&, std::span<lume::Buffer const, 18446744073709551615ul>, lume::detail::ExecutionPolicy const&, lume::detail::ExecutionStats*, std::vector<unsigned int, std::allocator<unsigned int> >*)+0x2d6c>
    618f:	call   6194 <lume::detail::execute_cpu_reference_with_policy(lume::VerifiedProgram const&, std::span<lume::Buffer const, 18446744073709551615ul>, lume::detail::ExecutionPolicy const&, lume::detail::ExecutionStats*, std::vector<unsigned int, std::allocator<unsigned int> >*)+0x4734>
    6194:	jmp    47cc <lume::detail::execute_cpu_reference_with_policy(lume::VerifiedProgram const&, std::span<lume::Buffer const, 18446744073709551615ul>, lume::detail::ExecutionPolicy const&, lume::detail::ExecutionStats*, std::vector<unsigned int, std::allocator<unsigned int> >*)+0x2d6c>
    6199:	cmp    r15,0x9
    619d:	jae    61c0 <lume::detail::execute_cpu_reference_with_policy(lume::VerifiedProgram const&, std::span<lume::Buffer const, 18446744073709551615ul>, lume::detail::ExecutionPolicy const&, lume::detail::ExecutionStats*, std::vector<unsigned int, std::allocator<unsigned int> >*)+0x4760>
    619f:	lea    r12,[rsp+0x38]
    61a4:	mov    QWORD PTR [rsp+0x28],r12
    61a9:	mov    r14,QWORD PTR [rsp+0x208]
    61b1:	mov    BYTE PTR [rsp+0x38],0x0
    61b6:	mov    ebx,0x1
    61bb:	jmp    625b <lume::detail::execute_cpu_reference_with_policy(lume::VerifiedProgram const&, std::span<lume::Buffer const, 18446744073709551615ul>, lume::detail::ExecutionPolicy const&, lume::detail::ExecutionStats*, std::vector<unsigned int, std::allocator<unsigned int> >*)+0x47fb>
    61c0:	mov    esi,0x4
    61c5:	mov    r14,QWORD PTR [rsp+0x208]
    61cd:	mov    rcx,r14
    61d0:	cmp    rcx,0x63
    61d4:	jbe    6210 <lume::detail::execute_cpu_reference_with_policy(lume::VerifiedProgram const&, std::span<lume::Buffer const, 18446744073709551615ul>, lume::detail::ExecutionPolicy const&, lume::detail::ExecutionStats*, std::vector<unsigned int, std::allocator<unsigned int> >*)+0x47b0>
    61d6:	cmp    rcx,0x3e7
    61dd:	jbe    6215 <lume::detail::execute_cpu_reference_with_policy(lume::VerifiedProgram const&, std::span<lume::Buffer const, 18446744073709551615ul>, lume::detail::ExecutionPolicy const&, lume::detail::ExecutionStats*, std::vector<unsigned int, std::allocator<unsigned int> >*)+0x47b5>
    61df:	cmp    rcx,0x2710
    61e6:	jb     6217 <lume::detail::execute_cpu_reference_with_policy(lume::VerifiedProgram const&, std::span<lume::Buffer const, 18446744073709551615ul>, lume::detail::ExecutionPolicy const&, lume::detail::ExecutionStats*, std::vector<unsigned int, std::allocator<unsigned int> >*)+0x47b7>
    61e8:	mov    rax,rcx
    61eb:	movabs rdx,0x346dc5d63886594b
    61f5:	mul    rdx
    61f8:	shr    rdx,0xb
    61fc:	add    esi,0x4
    61ff:	cmp    rcx,0x1869f
    6206:	mov    rcx,rdx
    6209:	ja     61d0 <lume::detail::execute_cpu_reference_with_policy(lume::VerifiedProgram const&, std::span<lume::Buffer const, 18446744073709551615ul>, lume::detail::ExecutionPolicy const&, lume::detail::ExecutionStats*, std::vector<unsigned int, std::allocator<unsigned int> >*)+0x4770>
    620b:	add    esi,0xfffffffd
    620e:	jmp    6217 <lume::detail::execute_cpu_reference_with_policy(lume::VerifiedProgram const&, std::span<lume::Buffer const, 18446744073709551615ul>, lume::detail::ExecutionPolicy const&, lume::detail::ExecutionStats*, std::vector<unsigned int, std::allocator<unsigned int> >*)+0x47b7>
    6210:	add    esi,0xfffffffe
    6213:	jmp    6217 <lume::detail::execute_cpu_reference_with_policy(lume::VerifiedProgram const&, std::span<lume::Buffer const, 18446744073709551615ul>, lume::detail::ExecutionPolicy const&, lume::detail::ExecutionStats*, std::vector<unsigned int, std::allocator<unsigned int> >*)+0x47b7>
    6215:	dec    esi
    6217:	mov    ebx,esi
    6219:	lea    r12,[rsp+0x38]
    621e:	mov    QWORD PTR [rsp+0x28],r12
    6223:	cmp    esi,0x10
    6226:	jb     6240 <lume::detail::execute_cpu_reference_with_policy(lume::VerifiedProgram const&, std::span<lume::Buffer const, 18446744073709551615ul>, lume::detail::ExecutionPolicy const&, lume::detail::ExecutionStats*, std::vector<unsigned int, std::allocator<unsigned int> >*)+0x47e0>
    6228:	lea    rdi,[rbx+0x1]
    622c:	call   6231 <lume::detail::execute_cpu_reference_with_policy(lume::VerifiedProgram const&, std::span<lume::Buffer const, 18446744073709551615ul>, lume::detail::ExecutionPolicy const&, lume::detail::ExecutionStats*, std::vector<unsigned int, std::allocator<unsigned int> >*)+0x47d1>
    6231:	mov    r12,rax
    6234:	mov    QWORD PTR [rsp+0x28],rax
    6239:	mov    QWORD PTR [rsp+0x38],rbx
    623e:	jmp    624e <lume::detail::execute_cpu_reference_with_policy(lume::VerifiedProgram const&, std::span<lume::Buffer const, 18446744073709551615ul>, lume::detail::ExecutionPolicy const&, lume::detail::ExecutionStats*, std::vector<unsigned int, std::allocator<unsigned int> >*)+0x47ee>
    6240:	test   rbx,rbx
    6243:	je     625b <lume::detail::execute_cpu_reference_with_policy(lume::VerifiedProgram const&, std::span<lume::Buffer const, 18446744073709551615ul>, lume::detail::ExecutionPolicy const&, lume::detail::ExecutionStats*, std::vector<unsigned int, std::allocator<unsigned int> >*)+0x47fb>
    6245:	cmp    ebx,0x1
    6248:	je     61b1 <lume::detail::execute_cpu_reference_with_policy(lume::VerifiedProgram const&, std::span<lume::Buffer const, 18446744073709551615ul>, lume::detail::ExecutionPolicy const&, lume::detail::ExecutionStats*, std::vector<unsigned int, std::allocator<unsigned int> >*)+0x4751>
    624e:	mov    rdi,r12
    6251:	xor    esi,esi
    6253:	mov    rdx,rbx
    6256:	call   625b <lume::detail::execute_cpu_reference_with_policy(lume::VerifiedProgram const&, std::span<lume::Buffer const, 18446744073709551615ul>, lume::detail::ExecutionPolicy const&, lume::detail::ExecutionStats*, std::vector<unsigned int, std::allocator<unsigned int> >*)+0x47fb>
    625b:	mov    QWORD PTR [rsp+0x30],rbx
    6260:	mov    BYTE PTR [r12+rbx*1],0x0
    6265:	mov    rcx,QWORD PTR [rsp+0x28]
    626a:	cmp    r15,0x63
    626e:	jb     62cc <lume::detail::execute_cpu_reference_with_policy(lume::VerifiedProgram const&, std::span<lume::Buffer const, 18446744073709551615ul>, lume::detail::ExecutionPolicy const&, lume::detail::ExecutionStats*, std::vector<unsigned int, std::allocator<unsigned int> >*)+0x486c>
    6270:	mov    esi,DWORD PTR [rsp+0x30]
    6274:	add    esi,0xfffffffe
    6277:	lea    r15,[rsp+0x18]
    627c:	lea    r9,[rip+0x0]        # 6283 <lume::detail::execute_cpu_reference_with_policy(lume::VerifiedProgram const&, std::span<lume::Buffer const, 18446744073709551615ul>, lume::detail::ExecutionPolicy const&, lume::detail::ExecutionStats*, std::vector<unsigned int, std::allocator<unsigned int> >*)+0x4823>
    6283:	movabs r10,0x28f5c28f5c28f5c3
    628d:	lea    edi,[rsi+0x1]
    6290:	mov    rax,r14
    6293:	shr    rax,0x2
    6297:	mul    r10
    629a:	shr    rdx,0x2
    629e:	imul   eax,edx,0x64
    62a1:	mov    r8d,r14d
    62a4:	sub    r8d,eax
    62a7:	movzx  eax,BYTE PTR [r9+r8*2]
    62ac:	movzx  r8d,BYTE PTR [r9+r8*2+0x1]
    62b2:	mov    BYTE PTR [rcx+rdi*1],r8b
    62b6:	mov    edi,esi
    62b8:	mov    BYTE PTR [rcx+rdi*1],al
    62bb:	add    esi,0xfffffffe
    62be:	cmp    r14,0x270f
    62c5:	mov    r14,rdx
    62c8:	ja     628d <lume::detail::execute_cpu_reference_with_policy(lume::VerifiedProgram const&, std::span<lume::Buffer const, 18446744073709551615ul>, lume::detail::ExecutionPolicy const&, lume::detail::ExecutionStats*, std::vector<unsigned int, std::allocator<unsigned int> >*)+0x482d>
    62ca:	jmp    62d4 <lume::detail::execute_cpu_reference_with_policy(lume::VerifiedProgram const&, std::span<lume::Buffer const, 18446744073709551615ul>, lume::detail::ExecutionPolicy const&, lume::detail::ExecutionStats*, std::vector<unsigned int, std::allocator<unsigned int> >*)+0x4874>
    62cc:	mov    rdx,r14
    62cf:	lea    r15,[rsp+0x18]
    62d4:	cmp    rdx,0xa
    62d8:	jb     62ef <lume::detail::execute_cpu_reference_with_policy(lume::VerifiedProgram const&, std::span<lume::Buffer const, 18446744073709551615ul>, lume::detail::ExecutionPolicy const&, lume::detail::ExecutionStats*, std::vector<unsigned int, std::allocator<unsigned int> >*)+0x488f>
    62da:	lea    rsi,[rip+0x0]        # 62e1 <lume::detail::execute_cpu_reference_with_policy(lume::VerifiedProgram const&, std::span<lume::Buffer const, 18446744073709551615ul>, lume::detail::ExecutionPolicy const&, lume::detail::ExecutionStats*, std::vector<unsigned int, std::allocator<unsigned int> >*)+0x4881>
    62e1:	movzx  eax,BYTE PTR [rsi+rdx*2]
    62e5:	movzx  edx,BYTE PTR [rsi+rdx*2+0x1]
    62ea:	mov    BYTE PTR [rcx+0x1],dl
    62ed:	jmp    62f4 <lume::detail::execute_cpu_reference_with_policy(lume::VerifiedProgram const&, std::span<lume::Buffer const, 18446744073709551615ul>, lume::detail::ExecutionPolicy const&, lume::detail::ExecutionStats*, std::vector<unsigned int, std::allocator<unsigned int> >*)+0x4894>
    62ef:	or     dl,0x30
    62f2:	mov    eax,edx
    62f4:	mov    BYTE PTR [rcx],al
    62f6:	lea    rcx,[rip+0x0]        # 62fd <lume::detail::execute_cpu_reference_with_policy(lume::VerifiedProgram const&, std::span<lume::Buffer const, 18446744073709551615ul>, lume::detail::ExecutionPolicy const&, lume::detail::ExecutionStats*, std::vector<unsigned int, std::allocator<unsigned int> >*)+0x489d>
    62fd:	lea    rdi,[rsp+0x28]
    6302:	mov    r8d,0x3
    6308:	xor    esi,esi
    630a:	xor    edx,edx
    630c:	call   6311 <lume::detail::execute_cpu_reference_with_policy(lume::VerifiedProgram const&, std::span<lume::Buffer const, 18446744073709551615ul>, lume::detail::ExecutionPolicy const&, lume::detail::ExecutionStats*, std::vector<unsigned int, std::allocator<unsigned int> >*)+0x48b1>
    6311:	mov    QWORD PTR [rsp+0x8],r15
    6316:	mov    rsi,QWORD PTR [rax]
    6319:	mov    rbx,rax
    631c:	add    rbx,0x10
    6320:	cmp    rsi,rbx
    6323:	je     6339 <lume::detail::execute_cpu_reference_with_policy(lume::VerifiedProgram const&, std::span<lume::Buffer const, 18446744073709551615ul>, lume::detail::ExecutionPolicy const&, lume::detail::ExecutionStats*, std::vector<unsigned int, std::allocator<unsigned int> >*)+0x48d9>
    6325:	mov    QWORD PTR [rsp+0x8],rsi
    632a:	mov    rcx,QWORD PTR [rax+0x10]
    632e:	mov    QWORD PTR [rsp+0x18],rcx
    6333:	mov    r14,QWORD PTR [rax+0x8]
    6337:	jmp    6354 <lume::detail::execute_cpu_reference_with_policy(lume::VerifiedProgram const&, std::span<lume::Buffer const, 18446744073709551615ul>, lume::detail::ExecutionPolicy const&, lume::detail::ExecutionStats*, std::vector<unsigned int, std::allocator<unsigned int> >*)+0x48f4>
    6339:	mov    r14,QWORD PTR [rax+0x8]
    633d:	lea    rdx,[r14+0x1]
    6341:	mov    rdi,r15
    6344:	mov    r15,rax
    6347:	call   634c <lume::detail::execute_cpu_reference_with_policy(lume::VerifiedProgram const&, std::span<lume::Buffer const, 18446744073709551615ul>, lume::detail::ExecutionPolicy const&, lume::detail::ExecutionStats*, std::vector<unsigned int, std::allocator<unsigned int> >*)+0x48ec>
    634c:	mov    rax,r15
    634f:	lea    r15,[rsp+0x18]
    6354:	mov    QWORD PTR [rsp+0x10],r14
    6359:	mov    QWORD PTR [rax],rbx
    635c:	mov    QWORD PTR [rax+0x8],0x0
    6364:	mov    BYTE PTR [rax+0x10],0x0
    6368:	mov    rsi,QWORD PTR [rsp+0x10]
    636d:	mov    rax,rsi
    6370:	and    rax,0xfffffffffffffff0
    6374:	movabs rcx,0x7fffffffffffffe1
    637e:	add    rcx,0xf
    6382:	cmp    rax,rcx
    6385:	je     6878 <lume::detail::execute_cpu_reference_with_policy(lume::VerifiedProgram const&, std::span<lume::Buffer const, 18446744073709551615ul>, lume::detail::ExecutionPolicy const&, lume::detail::ExecutionStats*, std::vector<unsigned int, std::allocator<unsigned int> >*)+0x4e18>
    638b:	lea    rbx,[rsi+0x10]
    638f:	mov    rax,QWORD PTR [rsp+0x8]
    6394:	mov    ecx,0xf
    6399:	cmp    rax,r15
    639c:	je     63a3 <lume::detail::execute_cpu_reference_with_policy(lume::VerifiedProgram const&, std::span<lume::Buffer const, 18446744073709551615ul>, lume::detail::ExecutionPolicy const&, lume::detail::ExecutionStats*, std::vector<unsigned int, std::allocator<unsigned int> >*)+0x4943>
    639e:	mov    rcx,QWORD PTR [rsp+0x18]
    63a3:	cmp    rbx,rcx
    63a6:	jbe    63c3 <lume::detail::execute_cpu_reference_with_policy(lume::VerifiedProgram const&, std::span<lume::Buffer const, 18446744073709551615ul>, lume::detail::ExecutionPolicy const&, lume::detail::ExecutionStats*, std::vector<unsigned int, std::allocator<unsigned int> >*)+0x4963>
    63a8:	lea    rcx,[rip+0x0]        # 63af <lume::detail::execute_cpu_reference_with_policy(lume::VerifiedProgram const&, std::span<lume::Buffer const, 18446744073709551615ul>, lume::detail::ExecutionPolicy const&, lume::detail::ExecutionStats*, std::vector<unsigned int, std::allocator<unsigned int> >*)+0x494f>
    63af:	lea    rdi,[rsp+0x8]
    63b4:	mov    r8d,0x10
    63ba:	xor    edx,edx
    63bc:	call   63c1 <lume::detail::execute_cpu_reference_with_policy(lume::VerifiedProgram const&, std::span<lume::Buffer const, 18446744073709551615ul>, lume::detail::ExecutionPolicy const&, lume::detail::ExecutionStats*, std::vector<unsigned int, std::allocator<unsigned int> >*)+0x4961>
    63c1:	jmp    63d0 <lume::detail::execute_cpu_reference_with_policy(lume::VerifiedProgram const&, std::span<lume::Buffer const, 18446744073709551615ul>, lume::detail::ExecutionPolicy const&, lume::detail::ExecutionStats*, std::vector<unsigned int, std::allocator<unsigned int> >*)+0x4970>
    63c3:	movdqu xmm0,XMMWORD PTR [rip+0x0]        # 63cb <lume::detail::execute_cpu_reference_with_policy(lume::VerifiedProgram const&, std::span<lume::Buffer const, 18446744073709551615ul>, lume::detail::ExecutionPolicy const&, lume::detail::ExecutionStats*, std::vector<unsigned int, std::allocator<unsigned int> >*)+0x496b>
    63cb:	movdqu XMMWORD PTR [rax+rsi*1],xmm0
    63d0:	mov    QWORD PTR [rsp+0x10],rbx
    63d5:	mov    rax,QWORD PTR [rsp+0x8]
    63da:	mov    BYTE PTR [rax+rbx*1],0x0
    63de:	lea    rdi,[rsp+0x160]
    63e6:	mov    QWORD PTR [rsp+0x150],rdi
    63ee:	mov    rbx,QWORD PTR [rsp+0x8]
    63f3:	cmp    rbx,r15
    63f6:	je     6486 <lume::detail::execute_cpu_reference_with_policy(lume::VerifiedProgram const&, std::span<lume::Buffer const, 18446744073709551615ul>, lume::detail::ExecutionPolicy const&, lume::detail::ExecutionStats*, std::vector<unsigned int, std::allocator<unsigned int> >*)+0x4a26>
    63fc:	mov    QWORD PTR [rsp+0x150],rbx
    6404:	mov    r12,QWORD PTR [rsp+0x10]
    6409:	mov    rax,QWORD PTR [rsp+0x10]
    640e:	mov    QWORD PTR [rsp+0x158],rax
    6416:	mov    rax,QWORD PTR [rsp+0x18]
    641b:	mov    QWORD PTR [rsp+0x160],rax
    6423:	mov    QWORD PTR [rsp+0x8],r15
    6428:	mov    QWORD PTR [rsp+0x10],0x0
    6431:	mov    BYTE PTR [rsp+0x18],0x0
    6436:	movabs rax,0x7fffffffffffffe1
    6440:	cmp    r12,rax
    6443:	jg     6884 <lume::detail::execute_cpu_reference_with_policy(lume::VerifiedProgram const&, std::span<lume::Buffer const, 18446744073709551615ul>, lume::detail::ExecutionPolicy const&, lume::detail::ExecutionStats*, std::vector<unsigned int, std::allocator<unsigned int> >*)+0x4e24>
    6449:	lea    r15,[r12+0x1e]
    644e:	lea    rax,[rsp+0x160]
    6456:	cmp    rbx,rax
    6459:	sete   bpl
    645d:	je     6522 <lume::detail::execute_cpu_reference_with_policy(lume::VerifiedProgram const&, std::span<lume::Buffer const, 18446744073709551615ul>, lume::detail::ExecutionPolicy const&, lume::detail::ExecutionStats*, std::vector<unsigned int, std::allocator<unsigned int> >*)+0x4ac2>
    6463:	mov    rax,QWORD PTR [rsp+0x160]
    646b:	cmp    r15,rax
    646e:	jbe    6531 <lume::detail::execute_cpu_reference_with_policy(lume::VerifiedProgram const&, std::span<lume::Buffer const, 18446744073709551615ul>, lume::detail::ExecutionPolicy const&, lume::detail::ExecutionStats*, std::vector<unsigned int, std::allocator<unsigned int> >*)+0x4ad1>
    6474:	cmp    r12,0xffffffffffffffe1
    6478:	jg     64c3 <lume::detail::execute_cpu_reference_with_policy(lume::VerifiedProgram const&, std::span<lume::Buffer const, 18446744073709551615ul>, lume::detail::ExecutionPolicy const&, lume::detail::ExecutionStats*, std::vector<unsigned int, std::allocator<unsigned int> >*)+0x4a63>
    647a:	lea    rdi,[rip+0x0]        # 6481 <lume::detail::execute_cpu_reference_with_policy(lume::VerifiedProgram const&, std::span<lume::Buffer const, 18446744073709551615ul>, lume::detail::ExecutionPolicy const&, lume::detail::ExecutionStats*, std::vector<unsigned int, std::allocator<unsigned int> >*)+0x4a21>
    6481:	jmp    688b <lume::detail::execute_cpu_reference_with_policy(lume::VerifiedProgram const&, std::span<lume::Buffer const, 18446744073709551615ul>, lume::detail::ExecutionPolicy const&, lume::detail::ExecutionStats*, std::vector<unsigned int, std::allocator<unsigned int> >*)+0x4e2b>
    6486:	mov    r12,QWORD PTR [rsp+0x10]
    648b:	lea    rdx,[r12+0x1]
    6490:	mov    rsi,r15
    6493:	mov    rbx,rdi
    6496:	call   649b <lume::detail::execute_cpu_reference_with_policy(lume::VerifiedProgram const&, std::span<lume::Buffer const, 18446744073709551615ul>, lume::detail::ExecutionPolicy const&, lume::detail::ExecutionStats*, std::vector<unsigned int, std::allocator<unsigned int> >*)+0x4a3b>
    649b:	mov    QWORD PTR [rsp+0x158],r12
    64a3:	mov    QWORD PTR [rsp+0x8],r15
    64a8:	mov    QWORD PTR [rsp+0x10],0x0
    64b1:	mov    BYTE PTR [rsp+0x18],0x0
    64b6:	lea    r15,[r12+0x1e]
    64bb:	mov    bpl,0x1
    64be:	mov    eax,0xf
    64c3:	add    rax,rax
    64c6:	movabs rdi,0x7fffffffffffffff
    64d0:	cmp    rax,rdi
    64d3:	cmovb  rdi,rax
    64d7:	cmp    r15,rax
    64da:	cmovae rdi,r15
    64de:	mov    r13,rdi
    64e1:	inc    rdi
    64e4:	js     6760 <lume::detail::execute_cpu_reference_with_policy(lume::VerifiedProgram const&, std::span<lume::Buffer const, 18446744073709551615ul>, lume::detail::ExecutionPolicy const&, lume::detail::ExecutionStats*, std::vector<unsigned int, std::allocator<unsigned int> >*)+0x4d00>
    64ea:	call   64ef <lume::detail::execute_cpu_reference_with_policy(lume::VerifiedProgram const&, std::span<lume::Buffer const, 18446744073709551615ul>, lume::detail::ExecutionPolicy const&, lume::detail::ExecutionStats*, std::vector<unsigned int, std::allocator<unsigned int> >*)+0x4a8f>
    64ef:	mov    r14,rax
    64f2:	movups xmm0,XMMWORD PTR [rip+0x0]        # 64f9 <lume::detail::execute_cpu_reference_with_policy(lume::VerifiedProgram const&, std::span<lume::Buffer const, 18446744073709551615ul>, lume::detail::ExecutionPolicy const&, lume::detail::ExecutionStats*, std::vector<unsigned int, std::allocator<unsigned int> >*)+0x4a99>
    64f9:	movups XMMWORD PTR [rax+0xe],xmm0
    64fd:	movdqu xmm0,XMMWORD PTR [rip+0x0]        # 6505 <lume::detail::execute_cpu_reference_with_policy(lume::VerifiedProgram const&, std::span<lume::Buffer const, 18446744073709551615ul>, lume::detail::ExecutionPolicy const&, lume::detail::ExecutionStats*, std::vector<unsigned int, std::allocator<unsigned int> >*)+0x4aa5>
    6505:	movdqu XMMWORD PTR [rax],xmm0
    6509:	test   r12,r12
    650c:	je     6568 <lume::detail::execute_cpu_reference_with_policy(lume::VerifiedProgram const&, std::span<lume::Buffer const, 18446744073709551615ul>, lume::detail::ExecutionPolicy const&, lume::detail::ExecutionStats*, std::vector<unsigned int, std::allocator<unsigned int> >*)+0x4b08>
    650e:	mov    rdi,r14
    6511:	add    rdi,0x1e
    6515:	cmp    r12,0x1
    6519:	jne    655d <lume::detail::execute_cpu_reference_with_policy(lume::VerifiedProgram const&, std::span<lume::Buffer const, 18446744073709551615ul>, lume::detail::ExecutionPolicy const&, lume::detail::ExecutionStats*, std::vector<unsigned int, std::allocator<unsigned int> >*)+0x4afd>
    651b:	movzx  eax,BYTE PTR [rbx]
    651e:	mov    BYTE PTR [rdi],al
    6520:	jmp    6568 <lume::detail::execute_cpu_reference_with_policy(lume::VerifiedProgram const&, std::span<lume::Buffer const, 18446744073709551615ul>, lume::detail::ExecutionPolicy const&, lume::detail::ExecutionStats*, std::vector<unsigned int, std::allocator<unsigned int> >*)+0x4b08>
    6522:	mov    eax,0xf
    6527:	cmp    r15,0xf
    652b:	ja     6474 <lume::detail::execute_cpu_reference_with_policy(lume::VerifiedProgram const&, std::span<lume::Buffer const, 18446744073709551615ul>, lume::detail::ExecutionPolicy const&, lume::detail::ExecutionStats*, std::vector<unsigned int, std::allocator<unsigned int> >*)+0x4a14>
    6531:	lea    rcx,[rip+0x0]        # 6538 <lume::detail::execute_cpu_reference_with_policy(lume::VerifiedProgram const&, std::span<lume::Buffer const, 18446744073709551615ul>, lume::detail::ExecutionPolicy const&, lume::detail::ExecutionStats*, std::vector<unsigned int, std::allocator<unsigned int> >*)+0x4ad8>
    6538:	cmp    rbx,rcx
    653b:	ja     654a <lume::detail::execute_cpu_reference_with_policy(lume::VerifiedProgram const&, std::span<lume::Buffer const, 18446744073709551615ul>, lume::detail::ExecutionPolicy const&, lume::detail::ExecutionStats*, std::vector<unsigned int, std::allocator<unsigned int> >*)+0x4aea>
    653d:	lea    rax,[rbx+r12*1]
    6541:	cmp    rax,rcx
    6544:	jae    6771 <lume::detail::execute_cpu_reference_with_policy(lume::VerifiedProgram const&, std::span<lume::Buffer const, 18446744073709551615ul>, lume::detail::ExecutionPolicy const&, lume::detail::ExecutionStats*, std::vector<unsigned int, std::allocator<unsigned int> >*)+0x4d11>
    654a:	test   r12,r12
    654d:	je     6596 <lume::detail::execute_cpu_reference_with_policy(lume::VerifiedProgram const&, std::span<lume::Buffer const, 18446744073709551615ul>, lume::detail::ExecutionPolicy const&, lume::detail::ExecutionStats*, std::vector<unsigned int, std::allocator<unsigned int> >*)+0x4b36>
    654f:	cmp    r12,0x1
    6553:	jne    6587 <lume::detail::execute_cpu_reference_with_policy(lume::VerifiedProgram const&, std::span<lume::Buffer const, 18446744073709551615ul>, lume::detail::ExecutionPolicy const&, lume::detail::ExecutionStats*, std::vector<unsigned int, std::allocator<unsigned int> >*)+0x4b27>
    6555:	movzx  eax,BYTE PTR [rbx]
    6558:	mov    BYTE PTR [rbx+0x1e],al
    655b:	jmp    6596 <lume::detail::execute_cpu_reference_with_policy(lume::VerifiedProgram const&, std::span<lume::Buffer const, 18446744073709551615ul>, lume::detail::ExecutionPolicy const&, lume::detail::ExecutionStats*, std::vector<unsigned int, std::allocator<unsigned int> >*)+0x4b36>
    655d:	mov    rsi,rbx
    6560:	mov    rdx,r12
    6563:	call   6568 <lume::detail::execute_cpu_reference_with_policy(lume::VerifiedProgram const&, std::span<lume::Buffer const, 18446744073709551615ul>, lume::detail::ExecutionPolicy const&, lume::detail::ExecutionStats*, std::vector<unsigned int, std::allocator<unsigned int> >*)+0x4b08>
    6568:	test   bpl,bpl
    656b:	jne    6575 <lume::detail::execute_cpu_reference_with_policy(lume::VerifiedProgram const&, std::span<lume::Buffer const, 18446744073709551615ul>, lume::detail::ExecutionPolicy const&, lume::detail::ExecutionStats*, std::vector<unsigned int, std::allocator<unsigned int> >*)+0x4b15>
    656d:	mov    rdi,rbx
    6570:	call   6575 <lume::detail::execute_cpu_reference_with_policy(lume::VerifiedProgram const&, std::span<lume::Buffer const, 18446744073709551615ul>, lume::detail::ExecutionPolicy const&, lume::detail::ExecutionStats*, std::vector<unsigned int, std::allocator<unsigned int> >*)+0x4b15>
    6575:	mov    QWORD PTR [rsp+0x150],r14
    657d:	mov    QWORD PTR [rsp+0x160],r13
    6585:	jmp    65ad <lume::detail::execute_cpu_reference_with_policy(lume::VerifiedProgram const&, std::span<lume::Buffer const, 18446744073709551615ul>, lume::detail::ExecutionPolicy const&, lume::detail::ExecutionStats*, std::vector<unsigned int, std::allocator<unsigned int> >*)+0x4b4d>
    6587:	lea    rdi,[rbx+0x1e]
    658b:	mov    rsi,rbx
    658e:	mov    rdx,r12
    6591:	call   6596 <lume::detail::execute_cpu_reference_with_policy(lume::VerifiedProgram const&, std::span<lume::Buffer const, 18446744073709551615ul>, lume::detail::ExecutionPolicy const&, lume::detail::ExecutionStats*, std::vector<unsigned int, std::allocator<unsigned int> >*)+0x4b36>
    6596:	movups xmm0,XMMWORD PTR [rip+0x0]        # 659d <lume::detail::execute_cpu_reference_with_policy(lume::VerifiedProgram const&, std::span<lume::Buffer const, 18446744073709551615ul>, lume::detail::ExecutionPolicy const&, lume::detail::ExecutionStats*, std::vector<unsigned int, std::allocator<unsigned int> >*)+0x4b3d>
    659d:	movups XMMWORD PTR [rbx+0xe],xmm0
    65a1:	movdqu xmm0,XMMWORD PTR [rip+0x0]        # 65a9 <lume::detail::execute_cpu_reference_with_policy(lume::VerifiedProgram const&, std::span<lume::Buffer const, 18446744073709551615ul>, lume::detail::ExecutionPolicy const&, lume::detail::ExecutionStats*, std::vector<unsigned int, std::allocator<unsigned int> >*)+0x4b49>
    65a9:	movdqu XMMWORD PTR [rbx],xmm0
    65ad:	mov    QWORD PTR [rsp+0x158],r15
    65b5:	mov    rax,QWORD PTR [rsp+0x150]
    65bd:	mov    BYTE PTR [rax+r15*1],0x0
    65c2:	lea    rbx,[rsp+0xc0]
    65ca:	mov    QWORD PTR [rsp+0xb0],rbx
    65d2:	mov    rax,QWORD PTR [rsp+0x150]
    65da:	lea    r12,[rsp+0x160]
    65e2:	cmp    rax,r12
    65e5:	je     6620 <lume::detail::execute_cpu_reference_with_policy(lume::VerifiedProgram const&, std::span<lume::Buffer const, 18446744073709551615ul>, lume::detail::ExecutionPolicy const&, lume::detail::ExecutionStats*, std::vector<unsigned int, std::allocator<unsigned int> >*)+0x4bc0>
    65e7:	mov    r15,QWORD PTR [rsp+0x158]
    65ef:	mov    rcx,QWORD PTR [rsp+0x160]
    65f7:	mov    QWORD PTR [rsp+0xc0],rcx
    65ff:	mov    QWORD PTR [rsp+0x150],r12
    6607:	mov    QWORD PTR [rsp+0x158],0x0
    6613:	mov    BYTE PTR [rsp+0x160],0x0
    661b:	jmp    6085 <lume::detail::execute_cpu_reference_with_policy(lume::VerifiedProgram const&, std::span<lume::Buffer const, 18446744073709551615ul>, lume::detail::ExecutionPolicy const&, lume::detail::ExecutionStats*, std::vector<unsigned int, std::allocator<unsigned int> >*)+0x4625>
    6620:	mov    r15,QWORD PTR [rsp+0x158]
    6628:	lea    r14,[r15+0x1]
    662c:	mov    rdi,rbx
    662f:	mov    rsi,r12
    6632:	mov    rdx,r14
    6635:	call   663a <lume::detail::execute_cpu_reference_with_policy(lume::VerifiedProgram const&, std::span<lume::Buffer const, 18446744073709551615ul>, lume::detail::ExecutionPolicy const&, lume::detail::ExecutionStats*, std::vector<unsigned int, std::allocator<unsigned int> >*)+0x4bda>
    663a:	mov    QWORD PTR [rsp+0x150],r12
    6642:	mov    QWORD PTR [rsp+0x158],0x0
    664e:	mov    BYTE PTR [rsp+0x160],0x0
    6656:	jmp    60f0 <lume::detail::execute_cpu_reference_with_policy(lume::VerifiedProgram const&, std::span<lume::Buffer const, 18446744073709551615ul>, lume::detail::ExecutionPolicy const&, lume::detail::ExecutionStats*, std::vector<unsigned int, std::allocator<unsigned int> >*)+0x4690>
    665b:	call   6660 <lume::detail::execute_cpu_reference_with_policy(lume::VerifiedProgram const&, std::span<lume::Buffer const, 18446744073709551615ul>, lume::detail::ExecutionPolicy const&, lume::detail::ExecutionStats*, std::vector<unsigned int, std::allocator<unsigned int> >*)+0x4c00>
    6660:	call   6665 <lume::detail::execute_cpu_reference_with_policy(lume::VerifiedProgram const&, std::span<lume::Buffer const, 18446744073709551615ul>, lume::detail::ExecutionPolicy const&, lume::detail::ExecutionStats*, std::vector<unsigned int, std::allocator<unsigned int> >*)+0x4c05>
    6665:	call   666a <lume::detail::execute_cpu_reference_with_policy(lume::VerifiedProgram const&, std::span<lume::Buffer const, 18446744073709551615ul>, lume::detail::ExecutionPolicy const&, lume::detail::ExecutionStats*, std::vector<unsigned int, std::allocator<unsigned int> >*)+0x4c0a>
    666a:	lea    rcx,[rip+0x0]        # 6671 <lume::detail::execute_cpu_reference_with_policy(lume::VerifiedProgram const&, std::span<lume::Buffer const, 18446744073709551615ul>, lume::detail::ExecutionPolicy const&, lume::detail::ExecutionStats*, std::vector<unsigned int, std::allocator<unsigned int> >*)+0x4c11>
    6671:	lea    rdi,[rsp+0x110]
    6679:	mov    r8d,0x1e
    667f:	mov    rsi,rbx
    6682:	xor    edx,edx
    6684:	mov    r9,r12
    6687:	call   668c <lume::detail::execute_cpu_reference_with_policy(lume::VerifiedProgram const&, std::span<lume::Buffer const, 18446744073709551615ul>, lume::detail::ExecutionPolicy const&, lume::detail::ExecutionStats*, std::vector<unsigned int, std::allocator<unsigned int> >*)+0x4c2c>
    668c:	jmp    4f08 <lume::detail::execute_cpu_reference_with_policy(lume::VerifiedProgram const&, std::span<lume::Buffer const, 18446744073709551615ul>, lume::detail::ExecutionPolicy const&, lume::detail::ExecutionStats*, std::vector<unsigned int, std::allocator<unsigned int> >*)+0x34a8>
    6691:	lea    rcx,[rip+0x0]        # 6698 <lume::detail::execute_cpu_reference_with_policy(lume::VerifiedProgram const&, std::span<lume::Buffer const, 18446744073709551615ul>, lume::detail::ExecutionPolicy const&, lume::detail::ExecutionStats*, std::vector<unsigned int, std::allocator<unsigned int> >*)+0x4c38>
    6698:	lea    rdi,[rsp+0xf0]
    66a0:	mov    r8d,0x1e
    66a6:	mov    rsi,rbx
    66a9:	xor    edx,edx
    66ab:	mov    r9,r12
    66ae:	call   66b3 <lume::detail::execute_cpu_reference_with_policy(lume::VerifiedProgram const&, std::span<lume::Buffer const, 18446744073709551615ul>, lume::detail::ExecutionPolicy const&, lume::detail::ExecutionStats*, std::vector<unsigned int, std::allocator<unsigned int> >*)+0x4c53>
    66b3:	jmp    53b3 <lume::detail::execute_cpu_reference_with_policy(lume::VerifiedProgram const&, std::span<lume::Buffer const, 18446744073709551615ul>, lume::detail::ExecutionPolicy const&, lume::detail::ExecutionStats*, std::vector<unsigned int, std::allocator<unsigned int> >*)+0x3953>
    66b8:	call   66bd <lume::detail::execute_cpu_reference_with_policy(lume::VerifiedProgram const&, std::span<lume::Buffer const, 18446744073709551615ul>, lume::detail::ExecutionPolicy const&, lume::detail::ExecutionStats*, std::vector<unsigned int, std::allocator<unsigned int> >*)+0x4c5d>
    66bd:	call   66c2 <lume::detail::execute_cpu_reference_with_policy(lume::VerifiedProgram const&, std::span<lume::Buffer const, 18446744073709551615ul>, lume::detail::ExecutionPolicy const&, lume::detail::ExecutionStats*, std::vector<unsigned int, std::allocator<unsigned int> >*)+0x4c62>
    66c2:	lea    rcx,[rip+0x0]        # 66c9 <lume::detail::execute_cpu_reference_with_policy(lume::VerifiedProgram const&, std::span<lume::Buffer const, 18446744073709551615ul>, lume::detail::ExecutionPolicy const&, lume::detail::ExecutionStats*, std::vector<unsigned int, std::allocator<unsigned int> >*)+0x4c69>
    66c9:	lea    rdi,[rsp+0x170]
    66d1:	mov    r8d,0x1e
    66d7:	mov    rsi,rbx
    66da:	xor    edx,edx
    66dc:	mov    r9,r12
    66df:	call   66e4 <lume::detail::execute_cpu_reference_with_policy(lume::VerifiedProgram const&, std::span<lume::Buffer const, 18446744073709551615ul>, lume::detail::ExecutionPolicy const&, lume::detail::ExecutionStats*, std::vector<unsigned int, std::allocator<unsigned int> >*)+0x4c84>
    66e4:	jmp    5b92 <lume::detail::execute_cpu_reference_with_policy(lume::VerifiedProgram const&, std::span<lume::Buffer const, 18446744073709551615ul>, lume::detail::ExecutionPolicy const&, lume::detail::ExecutionStats*, std::vector<unsigned int, std::allocator<unsigned int> >*)+0x4132>
    66e9:	lea    rcx,[rip+0x0]        # 66f0 <lume::detail::execute_cpu_reference_with_policy(lume::VerifiedProgram const&, std::span<lume::Buffer const, 18446744073709551615ul>, lume::detail::ExecutionPolicy const&, lume::detail::ExecutionStats*, std::vector<unsigned int, std::allocator<unsigned int> >*)+0x4c90>
    66f0:	lea    rdi,[rsp+0x238]
    66f8:	mov    r8d,0x1e
    66fe:	mov    rsi,rbp
    6701:	xor    edx,edx
    6703:	mov    r9,rbx
    6706:	call   670b <lume::detail::execute_cpu_reference_with_policy(lume::VerifiedProgram const&, std::span<lume::Buffer const, 18446744073709551615ul>, lume::detail::ExecutionPolicy const&, lume::detail::ExecutionStats*, std::vector<unsigned int, std::allocator<unsigned int> >*)+0x4cab>
    670b:	jmp    601f <lume::detail::execute_cpu_reference_with_policy(lume::VerifiedProgram const&, std::span<lume::Buffer const, 18446744073709551615ul>, lume::detail::ExecutionPolicy const&, lume::detail::ExecutionStats*, std::vector<unsigned int, std::allocator<unsigned int> >*)+0x45bf>
    6710:	lea    rcx,[rip+0x0]        # 6717 <lume::detail::execute_cpu_reference_with_policy(lume::VerifiedProgram const&, std::span<lume::Buffer const, 18446744073709551615ul>, lume::detail::ExecutionPolicy const&, lume::detail::ExecutionStats*, std::vector<unsigned int, std::allocator<unsigned int> >*)+0x4cb7>
    6717:	lea    rdi,[rsp+0x1b0]
    671f:	mov    r8d,0x1e
    6725:	mov    rsi,rbx
    6728:	xor    edx,edx
    672a:	mov    r9,r12
    672d:	call   6732 <lume::detail::execute_cpu_reference_with_policy(lume::VerifiedProgram const&, std::span<lume::Buffer const, 18446744073709551615ul>, lume::detail::ExecutionPolicy const&, lume::detail::ExecutionStats*, std::vector<unsigned int, std::allocator<unsigned int> >*)+0x4cd2>
    6732:	jmp    5c66 <lume::detail::execute_cpu_reference_with_policy(lume::VerifiedProgram const&, std::span<lume::Buffer const, 18446744073709551615ul>, lume::detail::ExecutionPolicy const&, lume::detail::ExecutionStats*, std::vector<unsigned int, std::allocator<unsigned int> >*)+0x4206>
    6737:	call   673c <lume::detail::execute_cpu_reference_with_policy(lume::VerifiedProgram const&, std::span<lume::Buffer const, 18446744073709551615ul>, lume::detail::ExecutionPolicy const&, lume::detail::ExecutionStats*, std::vector<unsigned int, std::allocator<unsigned int> >*)+0x4cdc>
    673c:	lea    rdi,[rip+0x0]        # 6743 <lume::detail::execute_cpu_reference_with_policy(lume::VerifiedProgram const&, std::span<lume::Buffer const, 18446744073709551615ul>, lume::detail::ExecutionPolicy const&, lume::detail::ExecutionStats*, std::vector<unsigned int, std::allocator<unsigned int> >*)+0x4ce3>
    6743:	call   6748 <lume::detail::execute_cpu_reference_with_policy(lume::VerifiedProgram const&, std::span<lume::Buffer const, 18446744073709551615ul>, lume::detail::ExecutionPolicy const&, lume::detail::ExecutionStats*, std::vector<unsigned int, std::allocator<unsigned int> >*)+0x4ce8>
    6748:	lea    rdi,[rip+0x0]        # 674f <lume::detail::execute_cpu_reference_with_policy(lume::VerifiedProgram const&, std::span<lume::Buffer const, 18446744073709551615ul>, lume::detail::ExecutionPolicy const&, lume::detail::ExecutionStats*, std::vector<unsigned int, std::allocator<unsigned int> >*)+0x4cef>
    674f:	call   6754 <lume::detail::execute_cpu_reference_with_policy(lume::VerifiedProgram const&, std::span<lume::Buffer const, 18446744073709551615ul>, lume::detail::ExecutionPolicy const&, lume::detail::ExecutionStats*, std::vector<unsigned int, std::allocator<unsigned int> >*)+0x4cf4>
    6754:	lea    rdi,[rip+0x0]        # 675b <lume::detail::execute_cpu_reference_with_policy(lume::VerifiedProgram const&, std::span<lume::Buffer const, 18446744073709551615ul>, lume::detail::ExecutionPolicy const&, lume::detail::ExecutionStats*, std::vector<unsigned int, std::allocator<unsigned int> >*)+0x4cfb>
    675b:	call   6760 <lume::detail::execute_cpu_reference_with_policy(lume::VerifiedProgram const&, std::span<lume::Buffer const, 18446744073709551615ul>, lume::detail::ExecutionPolicy const&, lume::detail::ExecutionStats*, std::vector<unsigned int, std::allocator<unsigned int> >*)+0x4d00>
    6760:	call   6765 <lume::detail::execute_cpu_reference_with_policy(lume::VerifiedProgram const&, std::span<lume::Buffer const, 18446744073709551615ul>, lume::detail::ExecutionPolicy const&, lume::detail::ExecutionStats*, std::vector<unsigned int, std::allocator<unsigned int> >*)+0x4d05>
    6765:	lea    rdi,[rip+0x0]        # 676c <lume::detail::execute_cpu_reference_with_policy(lume::VerifiedProgram const&, std::span<lume::Buffer const, 18446744073709551615ul>, lume::detail::ExecutionPolicy const&, lume::detail::ExecutionStats*, std::vector<unsigned int, std::allocator<unsigned int> >*)+0x4d0c>
    676c:	call   6771 <lume::detail::execute_cpu_reference_with_policy(lume::VerifiedProgram const&, std::span<lume::Buffer const, 18446744073709551615ul>, lume::detail::ExecutionPolicy const&, lume::detail::ExecutionStats*, std::vector<unsigned int, std::allocator<unsigned int> >*)+0x4d11>
    6771:	lea    rcx,[rip+0x0]        # 6778 <lume::detail::execute_cpu_reference_with_policy(lume::VerifiedProgram const&, std::span<lume::Buffer const, 18446744073709551615ul>, lume::detail::ExecutionPolicy const&, lume::detail::ExecutionStats*, std::vector<unsigned int, std::allocator<unsigned int> >*)+0x4d18>
    6778:	lea    rdi,[rsp+0x150]
    6780:	mov    r8d,0x1e
    6786:	mov    rsi,rbx
    6789:	xor    edx,edx
    678b:	mov    r9,r12
    678e:	call   6793 <lume::detail::execute_cpu_reference_with_policy(lume::VerifiedProgram const&, std::span<lume::Buffer const, 18446744073709551615ul>, lume::detail::ExecutionPolicy const&, lume::detail::ExecutionStats*, std::vector<unsigned int, std::allocator<unsigned int> >*)+0x4d33>
    6793:	jmp    65ad <lume::detail::execute_cpu_reference_with_policy(lume::VerifiedProgram const&, std::span<lume::Buffer const, 18446744073709551615ul>, lume::detail::ExecutionPolicy const&, lume::detail::ExecutionStats*, std::vector<unsigned int, std::allocator<unsigned int> >*)+0x4b4d>
    6798:	lea    rdi,[rip+0x0]        # 679f <lume::detail::execute_cpu_reference_with_policy(lume::VerifiedProgram const&, std::span<lume::Buffer const, 18446744073709551615ul>, lume::detail::ExecutionPolicy const&, lume::detail::ExecutionStats*, std::vector<unsigned int, std::allocator<unsigned int> >*)+0x4d3f>
    679f:	call   67a4 <lume::detail::execute_cpu_reference_with_policy(lume::VerifiedProgram const&, std::span<lume::Buffer const, 18446744073709551615ul>, lume::detail::ExecutionPolicy const&, lume::detail::ExecutionStats*, std::vector<unsigned int, std::allocator<unsigned int> >*)+0x4d44>
    67a4:	lea    rdi,[rip+0x0]        # 67ab <lume::detail::execute_cpu_reference_with_policy(lume::VerifiedProgram const&, std::span<lume::Buffer const, 18446744073709551615ul>, lume::detail::ExecutionPolicy const&, lume::detail::ExecutionStats*, std::vector<unsigned int, std::allocator<unsigned int> >*)+0x4d4b>
    67ab:	call   67b0 <lume::detail::execute_cpu_reference_with_policy(lume::VerifiedProgram const&, std::span<lume::Buffer const, 18446744073709551615ul>, lume::detail::ExecutionPolicy const&, lume::detail::ExecutionStats*, std::vector<unsigned int, std::allocator<unsigned int> >*)+0x4d50>
    67b0:	lea    rdi,[rip+0x0]        # 67b7 <lume::detail::execute_cpu_reference_with_policy(lume::VerifiedProgram const&, std::span<lume::Buffer const, 18446744073709551615ul>, lume::detail::ExecutionPolicy const&, lume::detail::ExecutionStats*, std::vector<unsigned int, std::allocator<unsigned int> >*)+0x4d57>
    67b7:	call   67bc <lume::detail::execute_cpu_reference_with_policy(lume::VerifiedProgram const&, std::span<lume::Buffer const, 18446744073709551615ul>, lume::detail::ExecutionPolicy const&, lume::detail::ExecutionStats*, std::vector<unsigned int, std::allocator<unsigned int> >*)+0x4d5c>
    67bc:	lea    rdi,[rip+0x0]        # 67c3 <lume::detail::execute_cpu_reference_with_policy(lume::VerifiedProgram const&, std::span<lume::Buffer const, 18446744073709551615ul>, lume::detail::ExecutionPolicy const&, lume::detail::ExecutionStats*, std::vector<unsigned int, std::allocator<unsigned int> >*)+0x4d63>
    67c3:	call   67c8 <lume::detail::execute_cpu_reference_with_policy(lume::VerifiedProgram const&, std::span<lume::Buffer const, 18446744073709551615ul>, lume::detail::ExecutionPolicy const&, lume::detail::ExecutionStats*, std::vector<unsigned int, std::allocator<unsigned int> >*)+0x4d68>
    67c8:	lea    rax,[rip+0x0]        # 67cf <lume::detail::execute_cpu_reference_with_policy(lume::VerifiedProgram const&, std::span<lume::Buffer const, 18446744073709551615ul>, lume::detail::ExecutionPolicy const&, lume::detail::ExecutionStats*, std::vector<unsigned int, std::allocator<unsigned int> >*)+0x4d6f>
    67cf:	mov    QWORD PTR [rsp+0x258],rax
    67d7:	mov    rdi,QWORD PTR [rsp+0x258]
    67df:	call   67e4 <lume::detail::execute_cpu_reference_with_policy(lume::VerifiedProgram const&, std::span<lume::Buffer const, 18446744073709551615ul>, lume::detail::ExecutionPolicy const&, lume::detail::ExecutionStats*, std::vector<unsigned int, std::allocator<unsigned int> >*)+0x4d84>
    67e4:	lea    rdi,[rip+0x0]        # 67eb <lume::detail::execute_cpu_reference_with_policy(lume::VerifiedProgram const&, std::span<lume::Buffer const, 18446744073709551615ul>, lume::detail::ExecutionPolicy const&, lume::detail::ExecutionStats*, std::vector<unsigned int, std::allocator<unsigned int> >*)+0x4d8b>
    67eb:	call   67f0 <lume::detail::execute_cpu_reference_with_policy(lume::VerifiedProgram const&, std::span<lume::Buffer const, 18446744073709551615ul>, lume::detail::ExecutionPolicy const&, lume::detail::ExecutionStats*, std::vector<unsigned int, std::allocator<unsigned int> >*)+0x4d90>
    67f0:	lea    rdi,[rip+0x0]        # 67f7 <lume::detail::execute_cpu_reference_with_policy(lume::VerifiedProgram const&, std::span<lume::Buffer const, 18446744073709551615ul>, lume::detail::ExecutionPolicy const&, lume::detail::ExecutionStats*, std::vector<unsigned int, std::allocator<unsigned int> >*)+0x4d97>
    67f7:	call   67fc <lume::detail::execute_cpu_reference_with_policy(lume::VerifiedProgram const&, std::span<lume::Buffer const, 18446744073709551615ul>, lume::detail::ExecutionPolicy const&, lume::detail::ExecutionStats*, std::vector<unsigned int, std::allocator<unsigned int> >*)+0x4d9c>
    67fc:	lea    rdi,[rip+0x0]        # 6803 <lume::detail::execute_cpu_reference_with_policy(lume::VerifiedProgram const&, std::span<lume::Buffer const, 18446744073709551615ul>, lume::detail::ExecutionPolicy const&, lume::detail::ExecutionStats*, std::vector<unsigned int, std::allocator<unsigned int> >*)+0x4da3>
    6803:	call   6808 <lume::detail::execute_cpu_reference_with_policy(lume::VerifiedProgram const&, std::span<lume::Buffer const, 18446744073709551615ul>, lume::detail::ExecutionPolicy const&, lume::detail::ExecutionStats*, std::vector<unsigned int, std::allocator<unsigned int> >*)+0x4da8>
    6808:	lea    rdi,[rip+0x0]        # 680f <lume::detail::execute_cpu_reference_with_policy(lume::VerifiedProgram const&, std::span<lume::Buffer const, 18446744073709551615ul>, lume::detail::ExecutionPolicy const&, lume::detail::ExecutionStats*, std::vector<unsigned int, std::allocator<unsigned int> >*)+0x4daf>
    680f:	call   6814 <lume::detail::execute_cpu_reference_with_policy(lume::VerifiedProgram const&, std::span<lume::Buffer const, 18446744073709551615ul>, lume::detail::ExecutionPolicy const&, lume::detail::ExecutionStats*, std::vector<unsigned int, std::allocator<unsigned int> >*)+0x4db4>
    6814:	lea    rdi,[rip+0x0]        # 681b <lume::detail::execute_cpu_reference_with_policy(lume::VerifiedProgram const&, std::span<lume::Buffer const, 18446744073709551615ul>, lume::detail::ExecutionPolicy const&, lume::detail::ExecutionStats*, std::vector<unsigned int, std::allocator<unsigned int> >*)+0x4dbb>
    681b:	call   6820 <lume::detail::execute_cpu_reference_with_policy(lume::VerifiedProgram const&, std::span<lume::Buffer const, 18446744073709551615ul>, lume::detail::ExecutionPolicy const&, lume::detail::ExecutionStats*, std::vector<unsigned int, std::allocator<unsigned int> >*)+0x4dc0>
    6820:	lea    rdi,[rip+0x0]        # 6827 <lume::detail::execute_cpu_reference_with_policy(lume::VerifiedProgram const&, std::span<lume::Buffer const, 18446744073709551615ul>, lume::detail::ExecutionPolicy const&, lume::detail::ExecutionStats*, std::vector<unsigned int, std::allocator<unsigned int> >*)+0x4dc7>
    6827:	call   682c <lume::detail::execute_cpu_reference_with_policy(lume::VerifiedProgram const&, std::span<lume::Buffer const, 18446744073709551615ul>, lume::detail::ExecutionPolicy const&, lume::detail::ExecutionStats*, std::vector<unsigned int, std::allocator<unsigned int> >*)+0x4dcc>
    682c:	lea    rdi,[rip+0x0]        # 6833 <lume::detail::execute_cpu_reference_with_policy(lume::VerifiedProgram const&, std::span<lume::Buffer const, 18446744073709551615ul>, lume::detail::ExecutionPolicy const&, lume::detail::ExecutionStats*, std::vector<unsigned int, std::allocator<unsigned int> >*)+0x4dd3>
    6833:	call   6838 <lume::detail::execute_cpu_reference_with_policy(lume::VerifiedProgram const&, std::span<lume::Buffer const, 18446744073709551615ul>, lume::detail::ExecutionPolicy const&, lume::detail::ExecutionStats*, std::vector<unsigned int, std::allocator<unsigned int> >*)+0x4dd8>
    6838:	lea    rdi,[rip+0x0]        # 683f <lume::detail::execute_cpu_reference_with_policy(lume::VerifiedProgram const&, std::span<lume::Buffer const, 18446744073709551615ul>, lume::detail::ExecutionPolicy const&, lume::detail::ExecutionStats*, std::vector<unsigned int, std::allocator<unsigned int> >*)+0x4ddf>
    683f:	call   6844 <lume::detail::execute_cpu_reference_with_policy(lume::VerifiedProgram const&, std::span<lume::Buffer const, 18446744073709551615ul>, lume::detail::ExecutionPolicy const&, lume::detail::ExecutionStats*, std::vector<unsigned int, std::allocator<unsigned int> >*)+0x4de4>
    6844:	lea    rdi,[rip+0x0]        # 684b <lume::detail::execute_cpu_reference_with_policy(lume::VerifiedProgram const&, std::span<lume::Buffer const, 18446744073709551615ul>, lume::detail::ExecutionPolicy const&, lume::detail::ExecutionStats*, std::vector<unsigned int, std::allocator<unsigned int> >*)+0x4deb>
    684b:	call   6850 <lume::detail::execute_cpu_reference_with_policy(lume::VerifiedProgram const&, std::span<lume::Buffer const, 18446744073709551615ul>, lume::detail::ExecutionPolicy const&, lume::detail::ExecutionStats*, std::vector<unsigned int, std::allocator<unsigned int> >*)+0x4df0>
    6850:	lea    rdi,[rip+0x0]        # 6857 <lume::detail::execute_cpu_reference_with_policy(lume::VerifiedProgram const&, std::span<lume::Buffer const, 18446744073709551615ul>, lume::detail::ExecutionPolicy const&, lume::detail::ExecutionStats*, std::vector<unsigned int, std::allocator<unsigned int> >*)+0x4df7>
    6857:	call   685c <lume::detail::execute_cpu_reference_with_policy(lume::VerifiedProgram const&, std::span<lume::Buffer const, 18446744073709551615ul>, lume::detail::ExecutionPolicy const&, lume::detail::ExecutionStats*, std::vector<unsigned int, std::allocator<unsigned int> >*)+0x4dfc>
    685c:	lea    rax,[rip+0x0]        # 6863 <lume::detail::execute_cpu_reference_with_policy(lume::VerifiedProgram const&, std::span<lume::Buffer const, 18446744073709551615ul>, lume::detail::ExecutionPolicy const&, lume::detail::ExecutionStats*, std::vector<unsigned int, std::allocator<unsigned int> >*)+0x4e03>
    6863:	mov    QWORD PTR [rsp+0x258],rax
    686b:	mov    rdi,QWORD PTR [rsp+0x258]
    6873:	call   6878 <lume::detail::execute_cpu_reference_with_policy(lume::VerifiedProgram const&, std::span<lume::Buffer const, 18446744073709551615ul>, lume::detail::ExecutionPolicy const&, lume::detail::ExecutionStats*, std::vector<unsigned int, std::allocator<unsigned int> >*)+0x4e18>
    6878:	lea    rdi,[rip+0x0]        # 687f <lume::detail::execute_cpu_reference_with_policy(lume::VerifiedProgram const&, std::span<lume::Buffer const, 18446744073709551615ul>, lume::detail::ExecutionPolicy const&, lume::detail::ExecutionStats*, std::vector<unsigned int, std::allocator<unsigned int> >*)+0x4e1f>
    687f:	call   6884 <lume::detail::execute_cpu_reference_with_policy(lume::VerifiedProgram const&, std::span<lume::Buffer const, 18446744073709551615ul>, lume::detail::ExecutionPolicy const&, lume::detail::ExecutionStats*, std::vector<unsigned int, std::allocator<unsigned int> >*)+0x4e24>
    6884:	lea    rdi,[rip+0x0]        # 688b <lume::detail::execute_cpu_reference_with_policy(lume::VerifiedProgram const&, std::span<lume::Buffer const, 18446744073709551615ul>, lume::detail::ExecutionPolicy const&, lume::detail::ExecutionStats*, std::vector<unsigned int, std::allocator<unsigned int> >*)+0x4e2b>
    688b:	call   6890 <lume::detail::execute_cpu_reference_with_policy(lume::VerifiedProgram const&, std::span<lume::Buffer const, 18446744073709551615ul>, lume::detail::ExecutionPolicy const&, lume::detail::ExecutionStats*, std::vector<unsigned int, std::allocator<unsigned int> >*)+0x4e30>
    6890:	jmp    6a47 <lume::detail::execute_cpu_reference_with_policy(lume::VerifiedProgram const&, std::span<lume::Buffer const, 18446744073709551615ul>, lume::detail::ExecutionPolicy const&, lume::detail::ExecutionStats*, std::vector<unsigned int, std::allocator<unsigned int> >*)+0x4fe7>
    6895:	jmp    69aa <lume::detail::execute_cpu_reference_with_policy(lume::VerifiedProgram const&, std::span<lume::Buffer const, 18446744073709551615ul>, lume::detail::ExecutionPolicy const&, lume::detail::ExecutionStats*, std::vector<unsigned int, std::allocator<unsigned int> >*)+0x4f4a>
    689a:	mov    rbx,rax
    689d:	mov    rdi,QWORD PTR [rsp+0x80]
    68a5:	lea    rax,[rsp+0x90]
    68ad:	cmp    rdi,rax
    68b0:	je     6b03 <lume::detail::execute_cpu_reference_with_policy(lume::VerifiedProgram const&, std::span<lume::Buffer const, 18446744073709551615ul>, lume::detail::ExecutionPolicy const&, lume::detail::ExecutionStats*, std::vector<unsigned int, std::allocator<unsigned int> >*)+0x50a3>
    68b6:	jmp    6b7a <lume::detail::execute_cpu_reference_with_policy(lume::VerifiedProgram const&, std::span<lume::Buffer const, 18446744073709551615ul>, lume::detail::ExecutionPolicy const&, lume::detail::ExecutionStats*, std::vector<unsigned int, std::allocator<unsigned int> >*)+0x511a>
    68bb:	mov    rbx,rax
    68be:	jmp    6c98 <lume::detail::execute_cpu_reference_with_policy(lume::VerifiedProgram const&, std::span<lume::Buffer const, 18446744073709551615ul>, lume::detail::ExecutionPolicy const&, lume::detail::ExecutionStats*, std::vector<unsigned int, std::allocator<unsigned int> >*)+0x5238>
    68c3:	mov    rbx,rax
    68c6:	jmp    6c98 <lume::detail::execute_cpu_reference_with_policy(lume::VerifiedProgram const&, std::span<lume::Buffer const, 18446744073709551615ul>, lume::detail::ExecutionPolicy const&, lume::detail::ExecutionStats*, std::vector<unsigned int, std::allocator<unsigned int> >*)+0x5238>
    68cb:	jmp    69d7 <lume::detail::execute_cpu_reference_with_policy(lume::VerifiedProgram const&, std::span<lume::Buffer const, 18446744073709551615ul>, lume::detail::ExecutionPolicy const&, lume::detail::ExecutionStats*, std::vector<unsigned int, std::allocator<unsigned int> >*)+0x4f77>
    68d0:	mov    rbx,rax
    68d3:	jmp    6c98 <lume::detail::execute_cpu_reference_with_policy(lume::VerifiedProgram const&, std::span<lume::Buffer const, 18446744073709551615ul>, lume::detail::ExecutionPolicy const&, lume::detail::ExecutionStats*, std::vector<unsigned int, std::allocator<unsigned int> >*)+0x5238>
    68d8:	jmp    68eb <lume::detail::execute_cpu_reference_with_policy(lume::VerifiedProgram const&, std::span<lume::Buffer const, 18446744073709551615ul>, lume::detail::ExecutionPolicy const&, lume::detail::ExecutionStats*, std::vector<unsigned int, std::allocator<unsigned int> >*)+0x4e8b>
    68da:	jmp    6906 <lume::detail::execute_cpu_reference_with_policy(lume::VerifiedProgram const&, std::span<lume::Buffer const, 18446744073709551615ul>, lume::detail::ExecutionPolicy const&, lume::detail::ExecutionStats*, std::vector<unsigned int, std::allocator<unsigned int> >*)+0x4ea6>
    68dc:	jmp    6a47 <lume::detail::execute_cpu_reference_with_policy(lume::VerifiedProgram const&, std::span<lume::Buffer const, 18446744073709551615ul>, lume::detail::ExecutionPolicy const&, lume::detail::ExecutionStats*, std::vector<unsigned int, std::allocator<unsigned int> >*)+0x4fe7>
    68e1:	jmp    6ab2 <lume::detail::execute_cpu_reference_with_policy(lume::VerifiedProgram const&, std::span<lume::Buffer const, 18446744073709551615ul>, lume::detail::ExecutionPolicy const&, lume::detail::ExecutionStats*, std::vector<unsigned int, std::allocator<unsigned int> >*)+0x5052>
    68e6:	jmp    6a47 <lume::detail::execute_cpu_reference_with_policy(lume::VerifiedProgram const&, std::span<lume::Buffer const, 18446744073709551615ul>, lume::detail::ExecutionPolicy const&, lume::detail::ExecutionStats*, std::vector<unsigned int, std::allocator<unsigned int> >*)+0x4fe7>
    68eb:	mov    rbx,rax
    68ee:	mov    rdi,QWORD PTR [rsp+0x28]
    68f3:	lea    rax,[rsp+0x38]
    68f8:	cmp    rdi,rax
    68fb:	je     6ad9 <lume::detail::execute_cpu_reference_with_policy(lume::VerifiedProgram const&, std::span<lume::Buffer const, 18446744073709551615ul>, lume::detail::ExecutionPolicy const&, lume::detail::ExecutionStats*, std::vector<unsigned int, std::allocator<unsigned int> >*)+0x5079>
    6901:	jmp    6b46 <lume::detail::execute_cpu_reference_with_policy(lume::VerifiedProgram const&, std::span<lume::Buffer const, 18446744073709551615ul>, lume::detail::ExecutionPolicy const&, lume::detail::ExecutionStats*, std::vector<unsigned int, std::allocator<unsigned int> >*)+0x50e6>
    6906:	mov    rbx,rax
    6909:	mov    rdi,QWORD PTR [rsp+0x218]
    6911:	lea    rax,[rsp+0x228]
    6919:	cmp    rdi,rax
    691c:	jne    6b18 <lume::detail::execute_cpu_reference_with_policy(lume::VerifiedProgram const&, std::span<lume::Buffer const, 18446744073709551615ul>, lume::detail::ExecutionPolicy const&, lume::detail::ExecutionStats*, std::vector<unsigned int, std::allocator<unsigned int> >*)+0x50b8>
    6922:	jmp    6b1d <lume::detail::execute_cpu_reference_with_policy(lume::VerifiedProgram const&, std::span<lume::Buffer const, 18446744073709551615ul>, lume::detail::ExecutionPolicy const&, lume::detail::ExecutionStats*, std::vector<unsigned int, std::allocator<unsigned int> >*)+0x50bd>
    6927:	mov    rbx,rax
    692a:	mov    rdi,QWORD PTR [rsp+0x2c8]
    6932:	lea    rax,[rsp+0x2d8]
    693a:	cmp    rdi,rax
    693d:	je     6aee <lume::detail::execute_cpu_reference_with_policy(lume::VerifiedProgram const&, std::span<lume::Buffer const, 18446744073709551615ul>, lume::detail::ExecutionPolicy const&, lume::detail::ExecutionStats*, std::vector<unsigned int, std::allocator<unsigned int> >*)+0x508e>
    6943:	jmp    6b60 <lume::detail::execute_cpu_reference_with_policy(lume::VerifiedProgram const&, std::span<lume::Buffer const, 18446744073709551615ul>, lume::detail::ExecutionPolicy const&, lume::detail::ExecutionStats*, std::vector<unsigned int, std::allocator<unsigned int> >*)+0x5100>
    6948:	mov    rbx,rax
    694b:	jmp    6b1d <lume::detail::execute_cpu_reference_with_policy(lume::VerifiedProgram const&, std::span<lume::Buffer const, 18446744073709551615ul>, lume::detail::ExecutionPolicy const&, lume::detail::ExecutionStats*, std::vector<unsigned int, std::allocator<unsigned int> >*)+0x50bd>
    6950:	jmp    6a47 <lume::detail::execute_cpu_reference_with_policy(lume::VerifiedProgram const&, std::span<lume::Buffer const, 18446744073709551615ul>, lume::detail::ExecutionPolicy const&, lume::detail::ExecutionStats*, std::vector<unsigned int, std::allocator<unsigned int> >*)+0x4fe7>
    6955:	jmp    69aa <lume::detail::execute_cpu_reference_with_policy(lume::VerifiedProgram const&, std::span<lume::Buffer const, 18446744073709551615ul>, lume::detail::ExecutionPolicy const&, lume::detail::ExecutionStats*, std::vector<unsigned int, std::allocator<unsigned int> >*)+0x4f4a>
    6957:	jmp    6a47 <lume::detail::execute_cpu_reference_with_policy(lume::VerifiedProgram const&, std::span<lume::Buffer const, 18446744073709551615ul>, lume::detail::ExecutionPolicy const&, lume::detail::ExecutionStats*, std::vector<unsigned int, std::allocator<unsigned int> >*)+0x4fe7>
    695c:	jmp    6a47 <lume::detail::execute_cpu_reference_with_policy(lume::VerifiedProgram const&, std::span<lume::Buffer const, 18446744073709551615ul>, lume::detail::ExecutionPolicy const&, lume::detail::ExecutionStats*, std::vector<unsigned int, std::allocator<unsigned int> >*)+0x4fe7>
    6961:	mov    rbx,rax
    6964:	mov    rdi,QWORD PTR [rsp+0x238]
    696c:	cmp    rdi,r12
    696f:	jne    6be2 <lume::detail::execute_cpu_reference_with_policy(lume::VerifiedProgram const&, std::span<lume::Buffer const, 18446744073709551615ul>, lume::detail::ExecutionPolicy const&, lume::detail::ExecutionStats*, std::vector<unsigned int, std::allocator<unsigned int> >*)+0x5182>
    6975:	jmp    6c28 <lume::detail::execute_cpu_reference_with_policy(lume::VerifiedProgram const&, std::span<lume::Buffer const, 18446744073709551615ul>, lume::detail::ExecutionPolicy const&, lume::detail::ExecutionStats*, std::vector<unsigned int, std::allocator<unsigned int> >*)+0x51c8>
    697a:	jmp    69d7 <lume::detail::execute_cpu_reference_with_policy(lume::VerifiedProgram const&, std::span<lume::Buffer const, 18446744073709551615ul>, lume::detail::ExecutionPolicy const&, lume::detail::ExecutionStats*, std::vector<unsigned int, std::allocator<unsigned int> >*)+0x4f77>
    697c:	jmp    69aa <lume::detail::execute_cpu_reference_with_policy(lume::VerifiedProgram const&, std::span<lume::Buffer const, 18446744073709551615ul>, lume::detail::ExecutionPolicy const&, lume::detail::ExecutionStats*, std::vector<unsigned int, std::allocator<unsigned int> >*)+0x4f4a>
    697e:	jmp    69aa <lume::detail::execute_cpu_reference_with_policy(lume::VerifiedProgram const&, std::span<lume::Buffer const, 18446744073709551615ul>, lume::detail::ExecutionPolicy const&, lume::detail::ExecutionStats*, std::vector<unsigned int, std::allocator<unsigned int> >*)+0x4f4a>
    6980:	jmp    6a47 <lume::detail::execute_cpu_reference_with_policy(lume::VerifiedProgram const&, std::span<lume::Buffer const, 18446744073709551615ul>, lume::detail::ExecutionPolicy const&, lume::detail::ExecutionStats*, std::vector<unsigned int, std::allocator<unsigned int> >*)+0x4fe7>
    6985:	mov    rbx,rax
    6988:	jmp    6c98 <lume::detail::execute_cpu_reference_with_policy(lume::VerifiedProgram const&, std::span<lume::Buffer const, 18446744073709551615ul>, lume::detail::ExecutionPolicy const&, lume::detail::ExecutionStats*, std::vector<unsigned int, std::allocator<unsigned int> >*)+0x5238>
    698d:	jmp    69d7 <lume::detail::execute_cpu_reference_with_policy(lume::VerifiedProgram const&, std::span<lume::Buffer const, 18446744073709551615ul>, lume::detail::ExecutionPolicy const&, lume::detail::ExecutionStats*, std::vector<unsigned int, std::allocator<unsigned int> >*)+0x4f77>
    698f:	jmp    69d7 <lume::detail::execute_cpu_reference_with_policy(lume::VerifiedProgram const&, std::span<lume::Buffer const, 18446744073709551615ul>, lume::detail::ExecutionPolicy const&, lume::detail::ExecutionStats*, std::vector<unsigned int, std::allocator<unsigned int> >*)+0x4f77>
    6991:	jmp    69aa <lume::detail::execute_cpu_reference_with_policy(lume::VerifiedProgram const&, std::span<lume::Buffer const, 18446744073709551615ul>, lume::detail::ExecutionPolicy const&, lume::detail::ExecutionStats*, std::vector<unsigned int, std::allocator<unsigned int> >*)+0x4f4a>
    6993:	mov    rbx,rax
    6996:	jmp    6c6a <lume::detail::execute_cpu_reference_with_policy(lume::VerifiedProgram const&, std::span<lume::Buffer const, 18446744073709551615ul>, lume::detail::ExecutionPolicy const&, lume::detail::ExecutionStats*, std::vector<unsigned int, std::allocator<unsigned int> >*)+0x520a>
    699b:	jmp    69d7 <lume::detail::execute_cpu_reference_with_policy(lume::VerifiedProgram const&, std::span<lume::Buffer const, 18446744073709551615ul>, lume::detail::ExecutionPolicy const&, lume::detail::ExecutionStats*, std::vector<unsigned int, std::allocator<unsigned int> >*)+0x4f77>
    699d:	jmp    6c4d <lume::detail::execute_cpu_reference_with_policy(lume::VerifiedProgram const&, std::span<lume::Buffer const, 18446744073709551615ul>, lume::detail::ExecutionPolicy const&, lume::detail::ExecutionStats*, std::vector<unsigned int, std::allocator<unsigned int> >*)+0x51ed>
    69a2:	mov    rbx,rax
    69a5:	jmp    6c98 <lume::detail::execute_cpu_reference_with_policy(lume::VerifiedProgram const&, std::span<lume::Buffer const, 18446744073709551615ul>, lume::detail::ExecutionPolicy const&, lume::detail::ExecutionStats*, std::vector<unsigned int, std::allocator<unsigned int> >*)+0x5238>
    69aa:	mov    rbx,rax
    69ad:	mov    rdi,QWORD PTR [rsp+0x28]
    69b2:	lea    rax,[rsp+0x38]
    69b7:	cmp    rdi,rax
    69ba:	jne    6c46 <lume::detail::execute_cpu_reference_with_policy(lume::VerifiedProgram const&, std::span<lume::Buffer const, 18446744073709551615ul>, lume::detail::ExecutionPolicy const&, lume::detail::ExecutionStats*, std::vector<unsigned int, std::allocator<unsigned int> >*)+0x51e6>
    69c0:	jmp    6ca5 <lume::detail::execute_cpu_reference_with_policy(lume::VerifiedProgram const&, std::span<lume::Buffer const, 18446744073709551615ul>, lume::detail::ExecutionPolicy const&, lume::detail::ExecutionStats*, std::vector<unsigned int, std::allocator<unsigned int> >*)+0x5245>
    69c5:	mov    rbx,rax
    69c8:	jmp    6c6a <lume::detail::execute_cpu_reference_with_policy(lume::VerifiedProgram const&, std::span<lume::Buffer const, 18446744073709551615ul>, lume::detail::ExecutionPolicy const&, lume::detail::ExecutionStats*, std::vector<unsigned int, std::allocator<unsigned int> >*)+0x520a>
    69cd:	mov    rbx,rax
    69d0:	jmp    6c7e <lume::detail::execute_cpu_reference_with_policy(lume::VerifiedProgram const&, std::span<lume::Buffer const, 18446744073709551615ul>, lume::detail::ExecutionPolicy const&, lume::detail::ExecutionStats*, std::vector<unsigned int, std::allocator<unsigned int> >*)+0x521e>
    69d5:	jmp    6a47 <lume::detail::execute_cpu_reference_with_policy(lume::VerifiedProgram const&, std::span<lume::Buffer const, 18446744073709551615ul>, lume::detail::ExecutionPolicy const&, lume::detail::ExecutionStats*, std::vector<unsigned int, std::allocator<unsigned int> >*)+0x4fe7>
    69d7:	mov    rbx,rax
    69da:	mov    rdi,QWORD PTR [rsp+0x8]
    69df:	lea    rax,[rsp+0x18]
    69e4:	cmp    rdi,rax
    69e7:	je     6c37 <lume::detail::execute_cpu_reference_with_policy(lume::VerifiedProgram const&, std::span<lume::Buffer const, 18446744073709551615ul>, lume::detail::ExecutionPolicy const&, lume::detail::ExecutionStats*, std::vector<unsigned int, std::allocator<unsigned int> >*)+0x51d7>
    69ed:	jmp    6bf6 <lume::detail::execute_cpu_reference_with_policy(lume::VerifiedProgram const&, std::span<lume::Buffer const, 18446744073709551615ul>, lume::detail::ExecutionPolicy const&, lume::detail::ExecutionStats*, std::vector<unsigned int, std::allocator<unsigned int> >*)+0x5196>
    69f2:	jmp    69fc <lume::detail::execute_cpu_reference_with_policy(lume::VerifiedProgram const&, std::span<lume::Buffer const, 18446744073709551615ul>, lume::detail::ExecutionPolicy const&, lume::detail::ExecutionStats*, std::vector<unsigned int, std::allocator<unsigned int> >*)+0x4f9c>
    69f4:	mov    rbx,rax
    69f7:	jmp    6c6a <lume::detail::execute_cpu_reference_with_policy(lume::VerifiedProgram const&, std::span<lume::Buffer const, 18446744073709551615ul>, lume::detail::ExecutionPolicy const&, lume::detail::ExecutionStats*, std::vector<unsigned int, std::allocator<unsigned int> >*)+0x520a>
    69fc:	mov    rbx,rax
    69ff:	mov    rdi,QWORD PTR [rsp+0x1e8]
    6a07:	lea    rax,[rsp+0x1f8]
    6a0f:	jmp    6c60 <lume::detail::execute_cpu_reference_with_policy(lume::VerifiedProgram const&, std::span<lume::Buffer const, 18446744073709551615ul>, lume::detail::ExecutionPolicy const&, lume::detail::ExecutionStats*, std::vector<unsigned int, std::allocator<unsigned int> >*)+0x5200>
    6a14:	jmp    6a47 <lume::detail::execute_cpu_reference_with_policy(lume::VerifiedProgram const&, std::span<lume::Buffer const, 18446744073709551615ul>, lume::detail::ExecutionPolicy const&, lume::detail::ExecutionStats*, std::vector<unsigned int, std::allocator<unsigned int> >*)+0x4fe7>
    6a16:	mov    rbx,rax
    6a19:	mov    rdi,QWORD PTR [rsp+0x150]
    6a21:	lea    rax,[rsp+0x160]
    6a29:	cmp    rdi,rax
    6a2c:	je     6c28 <lume::detail::execute_cpu_reference_with_policy(lume::VerifiedProgram const&, std::span<lume::Buffer const, 18446744073709551615ul>, lume::detail::ExecutionPolicy const&, lume::detail::ExecutionStats*, std::vector<unsigned int, std::allocator<unsigned int> >*)+0x51c8>
    6a32:	jmp    6be2 <lume::detail::execute_cpu_reference_with_policy(lume::VerifiedProgram const&, std::span<lume::Buffer const, 18446744073709551615ul>, lume::detail::ExecutionPolicy const&, lume::detail::ExecutionStats*, std::vector<unsigned int, std::allocator<unsigned int> >*)+0x5182>
    6a37:	mov    rbx,rax
    6a3a:	jmp    6c6a <lume::detail::execute_cpu_reference_with_policy(lume::VerifiedProgram const&, std::span<lume::Buffer const, 18446744073709551615ul>, lume::detail::ExecutionPolicy const&, lume::detail::ExecutionStats*, std::vector<unsigned int, std::allocator<unsigned int> >*)+0x520a>
    6a3f:	mov    rbx,rax
    6a42:	jmp    6c7e <lume::detail::execute_cpu_reference_with_policy(lume::VerifiedProgram const&, std::span<lume::Buffer const, 18446744073709551615ul>, lume::detail::ExecutionPolicy const&, lume::detail::ExecutionStats*, std::vector<unsigned int, std::allocator<unsigned int> >*)+0x521e>
    6a47:	mov    rbx,rax
    6a4a:	jmp    6ca5 <lume::detail::execute_cpu_reference_with_policy(lume::VerifiedProgram const&, std::span<lume::Buffer const, 18446744073709551615ul>, lume::detail::ExecutionPolicy const&, lume::detail::ExecutionStats*, std::vector<unsigned int, std::allocator<unsigned int> >*)+0x5245>
    6a4f:	mov    rbx,rax
    6a52:	mov    rdi,rbp
    6a55:	call   6a5a <lume::detail::execute_cpu_reference_with_policy(lume::VerifiedProgram const&, std::span<lume::Buffer const, 18446744073709551615ul>, lume::detail::ExecutionPolicy const&, lume::detail::ExecutionStats*, std::vector<unsigned int, std::allocator<unsigned int> >*)+0x4ffa>
    6a5a:	jmp    6ca5 <lume::detail::execute_cpu_reference_with_policy(lume::VerifiedProgram const&, std::span<lume::Buffer const, 18446744073709551615ul>, lume::detail::ExecutionPolicy const&, lume::detail::ExecutionStats*, std::vector<unsigned int, std::allocator<unsigned int> >*)+0x5245>
    6a5f:	mov    rbx,rax
    6a62:	jmp    6d32 <lume::detail::execute_cpu_reference_with_policy(lume::VerifiedProgram const&, std::span<lume::Buffer const, 18446744073709551615ul>, lume::detail::ExecutionPolicy const&, lume::detail::ExecutionStats*, std::vector<unsigned int, std::allocator<unsigned int> >*)+0x52d2>
    6a67:	mov    rbx,rax
    6a6a:	jmp    6d47 <lume::detail::execute_cpu_reference_with_policy(lume::VerifiedProgram const&, std::span<lume::Buffer const, 18446744073709551615ul>, lume::detail::ExecutionPolicy const&, lume::detail::ExecutionStats*, std::vector<unsigned int, std::allocator<unsigned int> >*)+0x52e7>
    6a6f:	mov    rbx,rax
    6a72:	jmp    6d5c <lume::detail::execute_cpu_reference_with_policy(lume::VerifiedProgram const&, std::span<lume::Buffer const, 18446744073709551615ul>, lume::detail::ExecutionPolicy const&, lume::detail::ExecutionStats*, std::vector<unsigned int, std::allocator<unsigned int> >*)+0x52fc>
    6a77:	mov    QWORD PTR [rsp+0x50],r15
    6a7c:	mov    rbx,rax
    6a7f:	lea    rdi,[rsp+0x1d0]
    6a87:	call   6a8c <lume::detail::execute_cpu_reference_with_policy(lume::VerifiedProgram const&, std::span<lume::Buffer const, 18446744073709551615ul>, lume::detail::ExecutionPolicy const&, lume::detail::ExecutionStats*, std::vector<unsigned int, std::allocator<unsigned int> >*)+0x502c>
    6a8c:	jmp    6d0b <lume::detail::execute_cpu_reference_with_policy(lume::VerifiedProgram const&, std::span<lume::Buffer const, 18446744073709551615ul>, lume::detail::ExecutionPolicy const&, lume::detail::ExecutionStats*, std::vector<unsigned int, std::allocator<unsigned int> >*)+0x52ab>
    6a91:	mov    rbx,rax
    6a94:	cmp    QWORD PTR [rsp+0x58],0x0
    6a9a:	jne    6ce4 <lume::detail::execute_cpu_reference_with_policy(lume::VerifiedProgram const&, std::span<lume::Buffer const, 18446744073709551615ul>, lume::detail::ExecutionPolicy const&, lume::detail::ExecutionStats*, std::vector<unsigned int, std::allocator<unsigned int> >*)+0x5284>
    6aa0:	jmp    6cee <lume::detail::execute_cpu_reference_with_policy(lume::VerifiedProgram const&, std::span<lume::Buffer const, 18446744073709551615ul>, lume::detail::ExecutionPolicy const&, lume::detail::ExecutionStats*, std::vector<unsigned int, std::allocator<unsigned int> >*)+0x528e>
    6aa5:	mov    QWORD PTR [rsp+0x50],r15
    6aaa:	mov    rbx,rax
    6aad:	jmp    6d0b <lume::detail::execute_cpu_reference_with_policy(lume::VerifiedProgram const&, std::span<lume::Buffer const, 18446744073709551615ul>, lume::detail::ExecutionPolicy const&, lume::detail::ExecutionStats*, std::vector<unsigned int, std::allocator<unsigned int> >*)+0x52ab>
    6ab2:	mov    rbx,rax
    6ab5:	mov    rdi,QWORD PTR [rsp+0x130]
    6abd:	lea    rax,[rsp+0x140]
    6ac5:	cmp    rdi,rax
    6ac8:	jne    6b32 <lume::detail::execute_cpu_reference_with_policy(lume::VerifiedProgram const&, std::span<lume::Buffer const, 18446744073709551615ul>, lume::detail::ExecutionPolicy const&, lume::detail::ExecutionStats*, std::vector<unsigned int, std::allocator<unsigned int> >*)+0x50d2>
    6aca:	mov    rdi,QWORD PTR [rsp+0x28]
    6acf:	lea    rax,[rsp+0x38]
    6ad4:	cmp    rdi,rax
    6ad7:	jne    6b46 <lume::detail::execute_cpu_reference_with_policy(lume::VerifiedProgram const&, std::span<lume::Buffer const, 18446744073709551615ul>, lume::detail::ExecutionPolicy const&, lume::detail::ExecutionStats*, std::vector<unsigned int, std::allocator<unsigned int> >*)+0x50e6>
    6ad9:	mov    rdi,QWORD PTR [rsp+0x2c8]
    6ae1:	lea    rax,[rsp+0x2d8]
    6ae9:	cmp    rdi,rax
    6aec:	jne    6b60 <lume::detail::execute_cpu_reference_with_policy(lume::VerifiedProgram const&, std::span<lume::Buffer const, 18446744073709551615ul>, lume::detail::ExecutionPolicy const&, lume::detail::ExecutionStats*, std::vector<unsigned int, std::allocator<unsigned int> >*)+0x5100>
    6aee:	mov    rdi,QWORD PTR [rsp+0x80]
    6af6:	lea    rax,[rsp+0x90]
    6afe:	cmp    rdi,rax
    6b01:	jne    6b7a <lume::detail::execute_cpu_reference_with_policy(lume::VerifiedProgram const&, std::span<lume::Buffer const, 18446744073709551615ul>, lume::detail::ExecutionPolicy const&, lume::detail::ExecutionStats*, std::vector<unsigned int, std::allocator<unsigned int> >*)+0x511a>
    6b03:	mov    rdi,QWORD PTR [rsp+0x218]
    6b0b:	lea    rax,[rsp+0x228]
    6b13:	cmp    rdi,rax
    6b16:	je     6b1d <lume::detail::execute_cpu_reference_with_policy(lume::VerifiedProgram const&, std::span<lume::Buffer const, 18446744073709551615ul>, lume::detail::ExecutionPolicy const&, lume::detail::ExecutionStats*, std::vector<unsigned int, std::allocator<unsigned int> >*)+0x50bd>
    6b18:	call   6b1d <lume::detail::execute_cpu_reference_with_policy(lume::VerifiedProgram const&, std::span<lume::Buffer const, 18446744073709551615ul>, lume::detail::ExecutionPolicy const&, lume::detail::ExecutionStats*, std::vector<unsigned int, std::allocator<unsigned int> >*)+0x50bd>
    6b1d:	mov    rdi,QWORD PTR [rsp+0x2a8]
    6b25:	lea    rax,[rsp+0x2b8]
    6b2d:	jmp    6c8e <lume::detail::execute_cpu_reference_with_policy(lume::VerifiedProgram const&, std::span<lume::Buffer const, 18446744073709551615ul>, lume::detail::ExecutionPolicy const&, lume::detail::ExecutionStats*, std::vector<unsigned int, std::allocator<unsigned int> >*)+0x522e>
    6b32:	call   6b37 <lume::detail::execute_cpu_reference_with_policy(lume::VerifiedProgram const&, std::span<lume::Buffer const, 18446744073709551615ul>, lume::detail::ExecutionPolicy const&, lume::detail::ExecutionStats*, std::vector<unsigned int, std::allocator<unsigned int> >*)+0x50d7>
    6b37:	mov    rdi,QWORD PTR [rsp+0x28]
    6b3c:	lea    rax,[rsp+0x38]
    6b41:	cmp    rdi,rax
    6b44:	je     6ad9 <lume::detail::execute_cpu_reference_with_policy(lume::VerifiedProgram const&, std::span<lume::Buffer const, 18446744073709551615ul>, lume::detail::ExecutionPolicy const&, lume::detail::ExecutionStats*, std::vector<unsigned int, std::allocator<unsigned int> >*)+0x5079>
    6b46:	call   6b4b <lume::detail::execute_cpu_reference_with_policy(lume::VerifiedProgram const&, std::span<lume::Buffer const, 18446744073709551615ul>, lume::detail::ExecutionPolicy const&, lume::detail::ExecutionStats*, std::vector<unsigned int, std::allocator<unsigned int> >*)+0x50eb>
    6b4b:	mov    rdi,QWORD PTR [rsp+0x2c8]
    6b53:	lea    rax,[rsp+0x2d8]
    6b5b:	cmp    rdi,rax
    6b5e:	je     6aee <lume::detail::execute_cpu_reference_with_policy(lume::VerifiedProgram const&, std::span<lume::Buffer const, 18446744073709551615ul>, lume::detail::ExecutionPolicy const&, lume::detail::ExecutionStats*, std::vector<unsigned int, std::allocator<unsigned int> >*)+0x508e>
    6b60:	call   6b65 <lume::detail::execute_cpu_reference_with_policy(lume::VerifiedProgram const&, std::span<lume::Buffer const, 18446744073709551615ul>, lume::detail::ExecutionPolicy const&, lume::detail::ExecutionStats*, std::vector<unsigned int, std::allocator<unsigned int> >*)+0x5105>
    6b65:	mov    rdi,QWORD PTR [rsp+0x80]
    6b6d:	lea    rax,[rsp+0x90]
    6b75:	cmp    rdi,rax
    6b78:	je     6b03 <lume::detail::execute_cpu_reference_with_policy(lume::VerifiedProgram const&, std::span<lume::Buffer const, 18446744073709551615ul>, lume::detail::ExecutionPolicy const&, lume::detail::ExecutionStats*, std::vector<unsigned int, std::allocator<unsigned int> >*)+0x50a3>
    6b7a:	call   6b7f <lume::detail::execute_cpu_reference_with_policy(lume::VerifiedProgram const&, std::span<lume::Buffer const, 18446744073709551615ul>, lume::detail::ExecutionPolicy const&, lume::detail::ExecutionStats*, std::vector<unsigned int, std::allocator<unsigned int> >*)+0x511f>
    6b7f:	mov    rdi,QWORD PTR [rsp+0x218]
    6b87:	lea    rax,[rsp+0x228]
    6b8f:	cmp    rdi,rax
    6b92:	jne    6b18 <lume::detail::execute_cpu_reference_with_policy(lume::VerifiedProgram const&, std::span<lume::Buffer const, 18446744073709551615ul>, lume::detail::ExecutionPolicy const&, lume::detail::ExecutionStats*, std::vector<unsigned int, std::allocator<unsigned int> >*)+0x50b8>
    6b94:	jmp    6b1d <lume::detail::execute_cpu_reference_with_policy(lume::VerifiedProgram const&, std::span<lume::Buffer const, 18446744073709551615ul>, lume::detail::ExecutionPolicy const&, lume::detail::ExecutionStats*, std::vector<unsigned int, std::allocator<unsigned int> >*)+0x50bd>
    6b96:	mov    rbx,rax
    6b99:	mov    rdi,QWORD PTR [rsp+0x1b0]
    6ba1:	lea    rax,[rsp+0x1c0]
    6ba9:	cmp    rdi,rax
    6bac:	je     6c28 <lume::detail::execute_cpu_reference_with_policy(lume::VerifiedProgram const&, std::span<lume::Buffer const, 18446744073709551615ul>, lume::detail::ExecutionPolicy const&, lume::detail::ExecutionStats*, std::vector<unsigned int, std::allocator<unsigned int> >*)+0x51c8>
    6bae:	jmp    6be2 <lume::detail::execute_cpu_reference_with_policy(lume::VerifiedProgram const&, std::span<lume::Buffer const, 18446744073709551615ul>, lume::detail::ExecutionPolicy const&, lume::detail::ExecutionStats*, std::vector<unsigned int, std::allocator<unsigned int> >*)+0x5182>
    6bb0:	mov    rbx,rax
    6bb3:	mov    rdi,QWORD PTR [rsp+0x170]
    6bbb:	lea    rax,[rsp+0x180]
    6bc3:	cmp    rdi,rax
    6bc6:	je     6c28 <lume::detail::execute_cpu_reference_with_policy(lume::VerifiedProgram const&, std::span<lume::Buffer const, 18446744073709551615ul>, lume::detail::ExecutionPolicy const&, lume::detail::ExecutionStats*, std::vector<unsigned int, std::allocator<unsigned int> >*)+0x51c8>
    6bc8:	jmp    6be2 <lume::detail::execute_cpu_reference_with_policy(lume::VerifiedProgram const&, std::span<lume::Buffer const, 18446744073709551615ul>, lume::detail::ExecutionPolicy const&, lume::detail::ExecutionStats*, std::vector<unsigned int, std::allocator<unsigned int> >*)+0x5182>
    6bca:	mov    rbx,rax
    6bcd:	mov    rdi,QWORD PTR [rsp+0xf0]
    6bd5:	lea    rax,[rsp+0x100]
    6bdd:	cmp    rdi,rax
    6be0:	je     6c28 <lume::detail::execute_cpu_reference_with_policy(lume::VerifiedProgram const&, std::span<lume::Buffer const, 18446744073709551615ul>, lume::detail::ExecutionPolicy const&, lume::detail::ExecutionStats*, std::vector<unsigned int, std::allocator<unsigned int> >*)+0x51c8>
    6be2:	call   6be7 <lume::detail::execute_cpu_reference_with_policy(lume::VerifiedProgram const&, std::span<lume::Buffer const, 18446744073709551615ul>, lume::detail::ExecutionPolicy const&, lume::detail::ExecutionStats*, std::vector<unsigned int, std::allocator<unsigned int> >*)+0x5187>
    6be7:	mov    rdi,QWORD PTR [rsp+0x8]
    6bec:	lea    rax,[rsp+0x18]
    6bf1:	cmp    rdi,rax
    6bf4:	je     6c37 <lume::detail::execute_cpu_reference_with_policy(lume::VerifiedProgram const&, std::span<lume::Buffer const, 18446744073709551615ul>, lume::detail::ExecutionPolicy const&, lume::detail::ExecutionStats*, std::vector<unsigned int, std::allocator<unsigned int> >*)+0x51d7>
    6bf6:	call   6bfb <lume::detail::execute_cpu_reference_with_policy(lume::VerifiedProgram const&, std::span<lume::Buffer const, 18446744073709551615ul>, lume::detail::ExecutionPolicy const&, lume::detail::ExecutionStats*, std::vector<unsigned int, std::allocator<unsigned int> >*)+0x519b>
    6bfb:	mov    rdi,QWORD PTR [rsp+0x28]
    6c00:	lea    rax,[rsp+0x38]
    6c05:	cmp    rdi,rax
    6c08:	je     6ca5 <lume::detail::execute_cpu_reference_with_policy(lume::VerifiedProgram const&, std::span<lume::Buffer const, 18446744073709551615ul>, lume::detail::ExecutionPolicy const&, lume::detail::ExecutionStats*, std::vector<unsigned int, std::allocator<unsigned int> >*)+0x5245>
    6c0e:	jmp    6c46 <lume::detail::execute_cpu_reference_with_policy(lume::VerifiedProgram const&, std::span<lume::Buffer const, 18446744073709551615ul>, lume::detail::ExecutionPolicy const&, lume::detail::ExecutionStats*, std::vector<unsigned int, std::allocator<unsigned int> >*)+0x51e6>
    6c10:	mov    rbx,rax
    6c13:	mov    rdi,QWORD PTR [rsp+0x110]
    6c1b:	lea    rax,[rsp+0x120]
    6c23:	cmp    rdi,rax
    6c26:	jne    6be2 <lume::detail::execute_cpu_reference_with_policy(lume::VerifiedProgram const&, std::span<lume::Buffer const, 18446744073709551615ul>, lume::detail::ExecutionPolicy const&, lume::detail::ExecutionStats*, std::vector<unsigned int, std::allocator<unsigned int> >*)+0x5182>
    6c28:	mov    rdi,QWORD PTR [rsp+0x8]
    6c2d:	lea    rax,[rsp+0x18]
    6c32:	cmp    rdi,rax
    6c35:	jne    6bf6 <lume::detail::execute_cpu_reference_with_policy(lume::VerifiedProgram const&, std::span<lume::Buffer const, 18446744073709551615ul>, lume::detail::ExecutionPolicy const&, lume::detail::ExecutionStats*, std::vector<unsigned int, std::allocator<unsigned int> >*)+0x5196>
    6c37:	mov    rdi,QWORD PTR [rsp+0x28]
    6c3c:	lea    rax,[rsp+0x38]
    6c41:	cmp    rdi,rax
    6c44:	je     6ca5 <lume::detail::execute_cpu_reference_with_policy(lume::VerifiedProgram const&, std::span<lume::Buffer const, 18446744073709551615ul>, lume::detail::ExecutionPolicy const&, lume::detail::ExecutionStats*, std::vector<unsigned int, std::allocator<unsigned int> >*)+0x5245>
    6c46:	call   6c4b <lume::detail::execute_cpu_reference_with_policy(lume::VerifiedProgram const&, std::span<lume::Buffer const, 18446744073709551615ul>, lume::detail::ExecutionPolicy const&, lume::detail::ExecutionStats*, std::vector<unsigned int, std::allocator<unsigned int> >*)+0x51eb>
    6c4b:	jmp    6ca5 <lume::detail::execute_cpu_reference_with_policy(lume::VerifiedProgram const&, std::span<lume::Buffer const, 18446744073709551615ul>, lume::detail::ExecutionPolicy const&, lume::detail::ExecutionStats*, std::vector<unsigned int, std::allocator<unsigned int> >*)+0x5245>
    6c4d:	mov    rbx,rax
    6c50:	mov    rdi,QWORD PTR [rsp+0x190]
    6c58:	lea    rax,[rsp+0x1a0]
    6c60:	cmp    rdi,rax
    6c63:	je     6c6a <lume::detail::execute_cpu_reference_with_policy(lume::VerifiedProgram const&, std::span<lume::Buffer const, 18446744073709551615ul>, lume::detail::ExecutionPolicy const&, lume::detail::ExecutionStats*, std::vector<unsigned int, std::allocator<unsigned int> >*)+0x520a>
    6c65:	call   6c6a <lume::detail::execute_cpu_reference_with_policy(lume::VerifiedProgram const&, std::span<lume::Buffer const, 18446744073709551615ul>, lume::detail::ExecutionPolicy const&, lume::detail::ExecutionStats*, std::vector<unsigned int, std::allocator<unsigned int> >*)+0x520a>
    6c6a:	mov    rdi,QWORD PTR [rsp+0x28]
    6c6f:	lea    rax,[rsp+0x38]
    6c74:	cmp    rdi,rax
    6c77:	je     6c7e <lume::detail::execute_cpu_reference_with_policy(lume::VerifiedProgram const&, std::span<lume::Buffer const, 18446744073709551615ul>, lume::detail::ExecutionPolicy const&, lume::detail::ExecutionStats*, std::vector<unsigned int, std::allocator<unsigned int> >*)+0x521e>
    6c79:	call   6c7e <lume::detail::execute_cpu_reference_with_policy(lume::VerifiedProgram const&, std::span<lume::Buffer const, 18446744073709551615ul>, lume::detail::ExecutionPolicy const&, lume::detail::ExecutionStats*, std::vector<unsigned int, std::allocator<unsigned int> >*)+0x521e>
    6c7e:	mov    rdi,QWORD PTR [rsp+0x80]
    6c86:	lea    rax,[rsp+0x90]
    6c8e:	cmp    rdi,rax
    6c91:	je     6c98 <lume::detail::execute_cpu_reference_with_policy(lume::VerifiedProgram const&, std::span<lume::Buffer const, 18446744073709551615ul>, lume::detail::ExecutionPolicy const&, lume::detail::ExecutionStats*, std::vector<unsigned int, std::allocator<unsigned int> >*)+0x5238>
    6c93:	call   6c98 <lume::detail::execute_cpu_reference_with_policy(lume::VerifiedProgram const&, std::span<lume::Buffer const, 18446744073709551615ul>, lume::detail::ExecutionPolicy const&, lume::detail::ExecutionStats*, std::vector<unsigned int, std::allocator<unsigned int> >*)+0x5238>
    6c98:	lea    rdi,[rsp+0xb0]
    6ca0:	call   6ca5 <lume::detail::execute_cpu_reference_with_policy(lume::VerifiedProgram const&, std::span<lume::Buffer const, 18446744073709551615ul>, lume::detail::ExecutionPolicy const&, lume::detail::ExecutionStats*, std::vector<unsigned int, std::allocator<unsigned int> >*)+0x5245>
    6ca5:	lea    rdi,[rsp+0x260]
    6cad:	call   6cb2 <lume::detail::execute_cpu_reference_with_policy(lume::VerifiedProgram const&, std::span<lume::Buffer const, 18446744073709551615ul>, lume::detail::ExecutionPolicy const&, lume::detail::ExecutionStats*, std::vector<unsigned int, std::allocator<unsigned int> >*)+0x5252>
    6cb2:	cmp    QWORD PTR [rsp+0xe0],0x0
    6cbb:	jne    6d1d <lume::detail::execute_cpu_reference_with_policy(lume::VerifiedProgram const&, std::span<lume::Buffer const, 18446744073709551615ul>, lume::detail::ExecutionPolicy const&, lume::detail::ExecutionStats*, std::vector<unsigned int, std::allocator<unsigned int> >*)+0x52bd>
    6cbd:	cmp    QWORD PTR [rsp+0x78],0x0
    6cc3:	jne    6d32 <lume::detail::execute_cpu_reference_with_policy(lume::VerifiedProgram const&, std::span<lume::Buffer const, 18446744073709551615ul>, lume::detail::ExecutionPolicy const&, lume::detail::ExecutionStats*, std::vector<unsigned int, std::allocator<unsigned int> >*)+0x52d2>
    6cc5:	cmp    QWORD PTR [rsp+0xe8],0x0
    6cce:	jne    6d47 <lume::detail::execute_cpu_reference_with_policy(lume::VerifiedProgram const&, std::span<lume::Buffer const, 18446744073709551615ul>, lume::detail::ExecutionPolicy const&, lume::detail::ExecutionStats*, std::vector<unsigned int, std::allocator<unsigned int> >*)+0x52e7>
    6cd0:	cmp    QWORD PTR [rsp+0x68],0x0
    6cd6:	jne    6d5c <lume::detail::execute_cpu_reference_with_policy(lume::VerifiedProgram const&, std::span<lume::Buffer const, 18446744073709551615ul>, lume::detail::ExecutionPolicy const&, lume::detail::ExecutionStats*, std::vector<unsigned int, std::allocator<unsigned int> >*)+0x52fc>
    6cdc:	cmp    QWORD PTR [rsp+0x58],0x0
    6ce2:	je     6cee <lume::detail::execute_cpu_reference_with_policy(lume::VerifiedProgram const&, std::span<lume::Buffer const, 18446744073709551615ul>, lume::detail::ExecutionPolicy const&, lume::detail::ExecutionStats*, std::vector<unsigned int, std::allocator<unsigned int> >*)+0x528e>
    6ce4:	mov    rdi,QWORD PTR [rsp+0x58]
    6ce9:	call   6cee <lume::detail::execute_cpu_reference_with_policy(lume::VerifiedProgram const&, std::span<lume::Buffer const, 18446744073709551615ul>, lume::detail::ExecutionPolicy const&, lume::detail::ExecutionStats*, std::vector<unsigned int, std::allocator<unsigned int> >*)+0x528e>
    6cee:	lea    rdi,[rsp+0x1d0]
    6cf6:	call   6cfb <lume::detail::execute_cpu_reference_with_policy(lume::VerifiedProgram const&, std::span<lume::Buffer const, 18446744073709551615ul>, lume::detail::ExecutionPolicy const&, lume::detail::ExecutionStats*, std::vector<unsigned int, std::allocator<unsigned int> >*)+0x529b>
    6cfb:	cmp    QWORD PTR [rsp+0x50],0x0
    6d01:	jne    6d0b <lume::detail::execute_cpu_reference_with_policy(lume::VerifiedProgram const&, std::span<lume::Buffer const, 18446744073709551615ul>, lume::detail::ExecutionPolicy const&, lume::detail::ExecutionStats*, std::vector<unsigned int, std::allocator<unsigned int> >*)+0x52ab>
    6d03:	mov    rdi,rbx
    6d06:	call   6d0b <lume::detail::execute_cpu_reference_with_policy(lume::VerifiedProgram const&, std::span<lume::Buffer const, 18446744073709551615ul>, lume::detail::ExecutionPolicy const&, lume::detail::ExecutionStats*, std::vector<unsigned int, std::allocator<unsigned int> >*)+0x52ab>
    6d0b:	mov    rdi,QWORD PTR [rsp+0x50]
    6d10:	call   6d15 <lume::detail::execute_cpu_reference_with_policy(lume::VerifiedProgram const&, std::span<lume::Buffer const, 18446744073709551615ul>, lume::detail::ExecutionPolicy const&, lume::detail::ExecutionStats*, std::vector<unsigned int, std::allocator<unsigned int> >*)+0x52b5>
    6d15:	mov    rdi,rbx
    6d18:	call   6d1d <lume::detail::execute_cpu_reference_with_policy(lume::VerifiedProgram const&, std::span<lume::Buffer const, 18446744073709551615ul>, lume::detail::ExecutionPolicy const&, lume::detail::ExecutionStats*, std::vector<unsigned int, std::allocator<unsigned int> >*)+0x52bd>
    6d1d:	mov    rdi,QWORD PTR [rsp+0xe0]
    6d25:	call   6d2a <lume::detail::execute_cpu_reference_with_policy(lume::VerifiedProgram const&, std::span<lume::Buffer const, 18446744073709551615ul>, lume::detail::ExecutionPolicy const&, lume::detail::ExecutionStats*, std::vector<unsigned int, std::allocator<unsigned int> >*)+0x52ca>
    6d2a:	cmp    QWORD PTR [rsp+0x78],0x0
    6d30:	je     6cc5 <lume::detail::execute_cpu_reference_with_policy(lume::VerifiedProgram const&, std::span<lume::Buffer const, 18446744073709551615ul>, lume::detail::ExecutionPolicy const&, lume::detail::ExecutionStats*, std::vector<unsigned int, std::allocator<unsigned int> >*)+0x5265>
    6d32:	mov    rdi,QWORD PTR [rsp+0x78]
    6d37:	call   6d3c <lume::detail::execute_cpu_reference_with_policy(lume::VerifiedProgram const&, std::span<lume::Buffer const, 18446744073709551615ul>, lume::detail::ExecutionPolicy const&, lume::detail::ExecutionStats*, std::vector<unsigned int, std::allocator<unsigned int> >*)+0x52dc>
    6d3c:	cmp    QWORD PTR [rsp+0xe8],0x0
    6d45:	je     6cd0 <lume::detail::execute_cpu_reference_with_policy(lume::VerifiedProgram const&, std::span<lume::Buffer const, 18446744073709551615ul>, lume::detail::ExecutionPolicy const&, lume::detail::ExecutionStats*, std::vector<unsigned int, std::allocator<unsigned int> >*)+0x5270>
    6d47:	mov    rdi,QWORD PTR [rsp+0xe8]
    6d4f:	call   6d54 <lume::detail::execute_cpu_reference_with_policy(lume::VerifiedProgram const&, std::span<lume::Buffer const, 18446744073709551615ul>, lume::detail::ExecutionPolicy const&, lume::detail::ExecutionStats*, std::vector<unsigned int, std::allocator<unsigned int> >*)+0x52f4>
    6d54:	cmp    QWORD PTR [rsp+0x68],0x0
    6d5a:	je     6cdc <lume::detail::execute_cpu_reference_with_policy(lume::VerifiedProgram const&, std::span<lume::Buffer const, 18446744073709551615ul>, lume::detail::ExecutionPolicy const&, lume::detail::ExecutionStats*, std::vector<unsigned int, std::allocator<unsigned int> >*)+0x527c>
    6d5c:	mov    rdi,QWORD PTR [rsp+0x68]
    6d61:	call   6d66 <lume::detail::execute_cpu_reference_with_policy(lume::VerifiedProgram const&, std::span<lume::Buffer const, 18446744073709551615ul>, lume::detail::ExecutionPolicy const&, lume::detail::ExecutionStats*, std::vector<unsigned int, std::allocator<unsigned int> >*)+0x5306>
    6d66:	cmp    QWORD PTR [rsp+0x58],0x0
    6d6c:	jne    6ce4 <lume::detail::execute_cpu_reference_with_policy(lume::VerifiedProgram const&, std::span<lume::Buffer const, 18446744073709551615ul>, lume::detail::ExecutionPolicy const&, lume::detail::ExecutionStats*, std::vector<unsigned int, std::allocator<unsigned int> >*)+0x5284>
    6d72:	jmp    6cee <lume::detail::execute_cpu_reference_with_policy(lume::VerifiedProgram const&, std::span<lume::Buffer const, 18446744073709551615ul>, lume::detail::ExecutionPolicy const&, lume::detail::ExecutionStats*, std::vector<unsigned int, std::allocator<unsigned int> >*)+0x528e>
    6d77:	nop    WORD PTR [rax+rax*1+0x0]

0000000000006d80 <lume::(anonymous namespace)::add_add_buffers(lume::Buffer const&, lume::Buffer const&, lume::Buffer const&, bool)>:
    6d80:	push   rbp
    6d81:	push   r15
    6d83:	push   r14
    6d85:	push   r13
    6d87:	push   r12
    6d89:	push   rbx
    6d8a:	sub    rsp,0x38
    6d8e:	mov    rax,rdx
    6d91:	movzx  edx,BYTE PTR [rsi+0x18]
    6d95:	cmp    rdx,0x3
    6d99:	ja     6ffc <lume::(anonymous namespace)::add_add_buffers(lume::Buffer const&, lume::Buffer const&, lume::Buffer const&, bool)+0x27c>
    6d9f:	lea    r9,[rip+0x0]        # 6da6 <lume::(anonymous namespace)::add_add_buffers(lume::Buffer const&, lume::Buffer const&, lume::Buffer const&, bool)+0x26>
    6da6:	movsxd rdx,DWORD PTR [r9+rdx*4]
    6daa:	add    rdx,r9
    6dad:	jmp    rdx
    6daf:	mov    r14,QWORD PTR [rsi]
    6db2:	mov    rbx,QWORD PTR [rsi+0x8]
    6db6:	sub    rbx,r14
    6db9:	sar    rbx,0x2
    6dbd:	movzx  edx,BYTE PTR [rax+0x18]
    6dc1:	cmp    edx,0x2
    6dc4:	jne    6ddf <lume::(anonymous namespace)::add_add_buffers(lume::Buffer const&, lume::Buffer const&, lume::Buffer const&, bool)+0x5f>
    6dc6:	mov    r15,QWORD PTR [rax]
    6dc9:	mov    rdx,QWORD PTR [rax+0x8]
    6dcd:	jmp    6df5 <lume::(anonymous namespace)::add_add_buffers(lume::Buffer const&, lume::Buffer const&, lume::Buffer const&, bool)+0x75>
    6dcf:	mov    r14,QWORD PTR [rsi]
    6dd2:	mov    rbx,QWORD PTR [rsi+0x8]
    6dd6:	movzx  edx,BYTE PTR [rax+0x18]
    6dda:	cmp    edx,0x2
    6ddd:	je     6dc6 <lume::(anonymous namespace)::add_add_buffers(lume::Buffer const&, lume::Buffer const&, lume::Buffer const&, bool)+0x46>
    6ddf:	test   edx,edx
    6de1:	jne    6e9d <lume::(anonymous namespace)::add_add_buffers(lume::Buffer const&, lume::Buffer const&, lume::Buffer const&, bool)+0x11d>
    6de7:	mov    r15,QWORD PTR [rax]
    6dea:	mov    rdx,QWORD PTR [rax+0x8]
    6dee:	sub    rdx,r15
    6df1:	sar    rdx,0x2
    6df5:	mov    al,0x1
    6df7:	movzx  esi,BYTE PTR [rcx+0x18]
    6dfb:	cmp    esi,0x2
    6dfe:	je     6eac <lume::(anonymous namespace)::add_add_buffers(lume::Buffer const&, lume::Buffer const&, lume::Buffer const&, bool)+0x12c>
    6e04:	test   esi,esi
    6e06:	jne    6ffc <lume::(anonymous namespace)::add_add_buffers(lume::Buffer const&, lume::Buffer const&, lume::Buffer const&, bool)+0x27c>
    6e0c:	mov    r12,QWORD PTR [rcx]
    6e0f:	mov    rcx,QWORD PTR [rcx+0x8]
    6e13:	sub    rcx,r12
    6e16:	sar    rcx,0x2
    6e1a:	jmp    6eb3 <lume::(anonymous namespace)::add_add_buffers(lume::Buffer const&, lume::Buffer const&, lume::Buffer const&, bool)+0x133>
    6e1f:	mov    rdx,rsi
    6e22:	mov    rsi,QWORD PTR [rsi]
    6e25:	mov    rdx,QWORD PTR [rdx+0x8]
    6e29:	movzx  r9d,BYTE PTR [rax+0x18]
    6e2e:	cmp    r9d,0x3
    6e32:	je     6e6a <lume::(anonymous namespace)::add_add_buffers(lume::Buffer const&, lume::Buffer const&, lume::Buffer const&, bool)+0xea>
    6e34:	cmp    r9d,0x1
    6e38:	jne    6f90 <lume::(anonymous namespace)::add_add_buffers(lume::Buffer const&, lume::Buffer const&, lume::Buffer const&, bool)+0x210>
    6e3e:	mov    r10,QWORD PTR [rax]
    6e41:	mov    r11,QWORD PTR [rax+0x8]
    6e45:	sub    r11,r10
    6e48:	sar    r11,0x2
    6e4c:	jmp    6e71 <lume::(anonymous namespace)::add_add_buffers(lume::Buffer const&, lume::Buffer const&, lume::Buffer const&, bool)+0xf1>
    6e4e:	mov    rdx,rsi
    6e51:	mov    rsi,QWORD PTR [rsi]
    6e54:	mov    rdx,QWORD PTR [rdx+0x8]
    6e58:	sub    rdx,rsi
    6e5b:	sar    rdx,0x2
    6e5f:	movzx  r9d,BYTE PTR [rax+0x18]
    6e64:	cmp    r9d,0x3
    6e68:	jne    6e34 <lume::(anonymous namespace)::add_add_buffers(lume::Buffer const&, lume::Buffer const&, lume::Buffer const&, bool)+0xb4>
    6e6a:	mov    r10,QWORD PTR [rax]
    6e6d:	mov    r11,QWORD PTR [rax+0x8]
    6e71:	mov    r9b,0x1
    6e74:	movzx  eax,BYTE PTR [rcx+0x18]
    6e78:	cmp    eax,0x3
    6e7b:	je     6fa0 <lume::(anonymous namespace)::add_add_buffers(lume::Buffer const&, lume::Buffer const&, lume::Buffer const&, bool)+0x220>
    6e81:	cmp    eax,0x1
    6e84:	jne    6ffc <lume::(anonymous namespace)::add_add_buffers(lume::Buffer const&, lume::Buffer const&, lume::Buffer const&, bool)+0x27c>
    6e8a:	mov    rax,QWORD PTR [rcx]
    6e8d:	mov    rcx,QWORD PTR [rcx+0x8]
    6e91:	sub    rcx,rax
    6e94:	sar    rcx,0x2
    6e98:	jmp    6fa7 <lume::(anonymous namespace)::add_add_buffers(lume::Buffer const&, lume::Buffer const&, lume::Buffer const&, bool)+0x227>
    6e9d:	xor    eax,eax
    6e9f:	movzx  esi,BYTE PTR [rcx+0x18]
    6ea3:	cmp    esi,0x2
    6ea6:	jne    6e04 <lume::(anonymous namespace)::add_add_buffers(lume::Buffer const&, lume::Buffer const&, lume::Buffer const&, bool)+0x84>
    6eac:	mov    r12,QWORD PTR [rcx]
    6eaf:	mov    rcx,QWORD PTR [rcx+0x8]
    6eb3:	cmp    rbx,rdx
    6eb6:	sete   dl
    6eb9:	and    al,dl
    6ebb:	cmp    al,0x1
    6ebd:	jne    6ffc <lume::(anonymous namespace)::add_add_buffers(lume::Buffer const&, lume::Buffer const&, lume::Buffer const&, bool)+0x27c>
    6ec3:	cmp    rbx,rcx
    6ec6:	jne    6ffc <lume::(anonymous namespace)::add_add_buffers(lume::Buffer const&, lume::Buffer const&, lume::Buffer const&, bool)+0x27c>
    6ecc:	mov    r13,rdi
    6ecf:	mov    rax,rbx
    6ed2:	shr    rax,0x3e
    6ed6:	lea    rcx,[rbx*4+0x0]
    6ede:	xor    edi,edi
    6ee0:	neg    rax
    6ee3:	sbb    rdi,rdi
    6ee6:	or     rdi,rcx
    6ee9:	mov    ebp,r8d
    6eec:	call   6ef1 <lume::(anonymous namespace)::add_add_buffers(lume::Buffer const&, lume::Buffer const&, lume::Buffer const&, bool)+0x171>
    6ef1:	test   bpl,bpl
    6ef4:	je     700f <lume::(anonymous namespace)::add_add_buffers(lume::Buffer const&, lume::Buffer const&, lume::Buffer const&, bool)+0x28f>
    6efa:	test   rbx,rbx
    6efd:	mov    rcx,r13
    6f00:	je     71b8 <lume::(anonymous namespace)::add_add_buffers(lume::Buffer const&, lume::Buffer const&, lume::Buffer const&, bool)+0x438>
    6f06:	cmp    rbx,0x8
    6f0a:	jae    70a0 <lume::(anonymous namespace)::add_add_buffers(lume::Buffer const&, lume::Buffer const&, lume::Buffer const&, bool)+0x320>
    6f10:	xor    edx,edx
    6f12:	mov    rsi,rdx
    6f15:	or     rsi,0x1
    6f19:	test   bl,0x1
    6f1c:	je     6f38 <lume::(anonymous namespace)::add_add_buffers(lume::Buffer const&, lume::Buffer const&, lume::Buffer const&, bool)+0x1b8>
    6f1e:	movss  xmm0,DWORD PTR [r14+rdx*4]
    6f24:	addss  xmm0,DWORD PTR [r15+rdx*4]
    6f2a:	addss  xmm0,DWORD PTR [r12+rdx*4]
    6f30:	movss  DWORD PTR [rax+rdx*4],xmm0
    6f35:	mov    rdx,rsi
    6f38:	cmp    rbx,rsi
    6f3b:	je     71b8 <lume::(anonymous namespace)::add_add_buffers(lume::Buffer const&, lume::Buffer const&, lume::Buffer const&, bool)+0x438>
    6f41:	data16 data16 data16 data16 data16 cs nop WORD PTR [rax+rax*1+0x0]
    6f50:	movss  xmm0,DWORD PTR [r14+rdx*4]
    6f56:	addss  xmm0,DWORD PTR [r15+rdx*4]
    6f5c:	addss  xmm0,DWORD PTR [r12+rdx*4]
    6f62:	movss  DWORD PTR [rax+rdx*4],xmm0
    6f67:	movss  xmm0,DWORD PTR [r14+rdx*4+0x4]
    6f6e:	addss  xmm0,DWORD PTR [r15+rdx*4+0x4]
    6f75:	addss  xmm0,DWORD PTR [r12+rdx*4+0x4]
    6f7c:	movss  DWORD PTR [rax+rdx*4+0x4],xmm0
    6f82:	add    rdx,0x2
    6f86:	cmp    rbx,rdx
    6f89:	jne    6f50 <lume::(anonymous namespace)::add_add_buffers(lume::Buffer const&, lume::Buffer const&, lume::Buffer const&, bool)+0x1d0>
    6f8b:	jmp    71b8 <lume::(anonymous namespace)::add_add_buffers(lume::Buffer const&, lume::Buffer const&, lume::Buffer const&, bool)+0x438>
    6f90:	xor    r9d,r9d
    6f93:	movzx  eax,BYTE PTR [rcx+0x18]
    6f97:	cmp    eax,0x3
    6f9a:	jne    6e81 <lume::(anonymous namespace)::add_add_buffers(lume::Buffer const&, lume::Buffer const&, lume::Buffer const&, bool)+0x101>
    6fa0:	mov    rax,QWORD PTR [rcx]
    6fa3:	mov    rcx,QWORD PTR [rcx+0x8]
    6fa7:	cmp    rdx,r11
    6faa:	sete   r11b
    6fae:	and    r9b,r11b
    6fb1:	cmp    r9b,0x1
    6fb5:	jne    6ffc <lume::(anonymous namespace)::add_add_buffers(lume::Buffer const&, lume::Buffer const&, lume::Buffer const&, bool)+0x27c>
    6fb7:	cmp    rdx,rcx
    6fba:	jne    6ffc <lume::(anonymous namespace)::add_add_buffers(lume::Buffer const&, lume::Buffer const&, lume::Buffer const&, bool)+0x27c>
    6fbc:	movzx  r9d,r8b
    6fc0:	mov    rcx,rsp
    6fc3:	mov    rbx,rdi
    6fc6:	mov    rdi,rcx
    6fc9:	mov    rcx,r10
    6fcc:	mov    r8,rax
    6fcf:	call   71d0 <lume::OwnedArray<int> lume::(anonymous namespace)::add_add<int, int (*)(int, int) noexcept>(std::span<int const, 18446744073709551615ul>, std::span<int const, 18446744073709551615ul>, std::span<int const, 18446744073709551615ul>, bool, int (*)(int, int) noexcept)>
    6fd4:	movaps xmm0,XMMWORD PTR [rsp]
    6fd8:	movaps XMMWORD PTR [rsp+0x10],xmm0
    6fdd:	mov    BYTE PTR [rsp+0x28],0x3
    6fe2:	lea    r14,[rsp+0x10]
    6fe7:	mov    rdi,rbx
    6fea:	mov    rsi,r14
    6fed:	call   6ff2 <lume::(anonymous namespace)::add_add_buffers(lume::Buffer const&, lume::Buffer const&, lume::Buffer const&, bool)+0x272>
    6ff2:	mov    rdi,r14
    6ff5:	call   6ffa <lume::(anonymous namespace)::add_add_buffers(lume::Buffer const&, lume::Buffer const&, lume::Buffer const&, bool)+0x27a>
    6ffa:	jmp    7000 <lume::(anonymous namespace)::add_add_buffers(lume::Buffer const&, lume::Buffer const&, lume::Buffer const&, bool)+0x280>
    6ffc:	mov    BYTE PTR [rdi+0x20],0x0
    7000:	add    rsp,0x38
    7004:	pop    rbx
    7005:	pop    r12
    7007:	pop    r13
    7009:	pop    r14
    700b:	pop    r15
    700d:	pop    rbp
    700e:	ret
    700f:	test   rbx,rbx
    7012:	mov    rcx,r13
    7015:	je     71b8 <lume::(anonymous namespace)::add_add_buffers(lume::Buffer const&, lume::Buffer const&, lume::Buffer const&, bool)+0x438>
    701b:	cmp    rbx,0x8
    701f:	jae    712d <lume::(anonymous namespace)::add_add_buffers(lume::Buffer const&, lume::Buffer const&, lume::Buffer const&, bool)+0x3ad>
    7025:	xor    edx,edx
    7027:	mov    rsi,rdx
    702a:	or     rsi,0x1
    702e:	test   bl,0x1
    7031:	je     704d <lume::(anonymous namespace)::add_add_buffers(lume::Buffer const&, lume::Buffer const&, lume::Buffer const&, bool)+0x2cd>
    7033:	movss  xmm0,DWORD PTR [r14+rdx*4]
    7039:	addss  xmm0,DWORD PTR [r15+rdx*4]
    703f:	addss  xmm0,DWORD PTR [r12+rdx*4]
    7045:	movss  DWORD PTR [rax+rdx*4],xmm0
    704a:	mov    rdx,rsi
    704d:	cmp    rbx,rsi
    7050:	je     71b8 <lume::(anonymous namespace)::add_add_buffers(lume::Buffer const&, lume::Buffer const&, lume::Buffer const&, bool)+0x438>
    7056:	cs nop WORD PTR [rax+rax*1+0x0]
    7060:	movss  xmm0,DWORD PTR [r14+rdx*4]
    7066:	addss  xmm0,DWORD PTR [r15+rdx*4]
    706c:	addss  xmm0,DWORD PTR [r12+rdx*4]
    7072:	movss  DWORD PTR [rax+rdx*4],xmm0
    7077:	movss  xmm0,DWORD PTR [r14+rdx*4+0x4]
    707e:	addss  xmm0,DWORD PTR [r15+rdx*4+0x4]
    7085:	addss  xmm0,DWORD PTR [r12+rdx*4+0x4]
    708c:	movss  DWORD PTR [rax+rdx*4+0x4],xmm0
    7092:	add    rdx,0x2
    7096:	cmp    rbx,rdx
    7099:	jne    7060 <lume::(anonymous namespace)::add_add_buffers(lume::Buffer const&, lume::Buffer const&, lume::Buffer const&, bool)+0x2e0>
    709b:	jmp    71b8 <lume::(anonymous namespace)::add_add_buffers(lume::Buffer const&, lume::Buffer const&, lume::Buffer const&, bool)+0x438>
    70a0:	mov    rsi,rax
    70a3:	sub    rsi,r14
    70a6:	xor    edx,edx
    70a8:	cmp    rsi,0x20
    70ac:	jb     6f12 <lume::(anonymous namespace)::add_add_buffers(lume::Buffer const&, lume::Buffer const&, lume::Buffer const&, bool)+0x192>
    70b2:	mov    rsi,rax
    70b5:	sub    rsi,r15
    70b8:	cmp    rsi,0x20
    70bc:	jb     6f12 <lume::(anonymous namespace)::add_add_buffers(lume::Buffer const&, lume::Buffer const&, lume::Buffer const&, bool)+0x192>
    70c2:	mov    rsi,rax
    70c5:	sub    rsi,r12
    70c8:	cmp    rsi,0x20
    70cc:	jb     6f12 <lume::(anonymous namespace)::add_add_buffers(lume::Buffer const&, lume::Buffer const&, lume::Buffer const&, bool)+0x192>
    70d2:	mov    rdx,rbx
    70d5:	and    rdx,0xfffffffffffffff8
    70d9:	xor    esi,esi
    70db:	nop    DWORD PTR [rax+rax*1+0x0]
    70e0:	movups xmm0,XMMWORD PTR [r14+rsi*4]
    70e5:	movups xmm1,XMMWORD PTR [r14+rsi*4+0x10]
    70eb:	movups xmm2,XMMWORD PTR [r15+rsi*4]
    70f0:	addps  xmm2,xmm0
    70f3:	movups xmm0,XMMWORD PTR [r15+rsi*4+0x10]
    70f9:	addps  xmm0,xmm1
    70fc:	movups xmm1,XMMWORD PTR [r12+rsi*4]
    7101:	addps  xmm1,xmm2
    7104:	movups xmm2,XMMWORD PTR [r12+rsi*4+0x10]
    710a:	addps  xmm2,xmm0
    710d:	movups XMMWORD PTR [rax+rsi*4],xmm1
    7111:	movups XMMWORD PTR [rax+rsi*4+0x10],xmm2
    7116:	add    rsi,0x8
    711a:	cmp    rdx,rsi
    711d:	jne    70e0 <lume::(anonymous namespace)::add_add_buffers(lume::Buffer const&, lume::Buffer const&, lume::Buffer const&, bool)+0x360>
    711f:	cmp    rbx,rdx
    7122:	jne    6f12 <lume::(anonymous namespace)::add_add_buffers(lume::Buffer const&, lume::Buffer const&, lume::Buffer const&, bool)+0x192>
    7128:	jmp    71b8 <lume::(anonymous namespace)::add_add_buffers(lume::Buffer const&, lume::Buffer const&, lume::Buffer const&, bool)+0x438>
    712d:	mov    rsi,rax
    7130:	sub    rsi,r14
    7133:	xor    edx,edx
    7135:	cmp    rsi,0x20
    7139:	jb     7027 <lume::(anonymous namespace)::add_add_buffers(lume::Buffer const&, lume::Buffer const&, lume::Buffer const&, bool)+0x2a7>
    713f:	mov    rsi,rax
    7142:	sub    rsi,r15
    7145:	cmp    rsi,0x20
    7149:	jb     7027 <lume::(anonymous namespace)::add_add_buffers(lume::Buffer const&, lume::Buffer const&, lume::Buffer const&, bool)+0x2a7>
    714f:	mov    rsi,rax
    7152:	sub    rsi,r12
    7155:	cmp    rsi,0x20
    7159:	jb     7027 <lume::(anonymous namespace)::add_add_buffers(lume::Buffer const&, lume::Buffer const&, lume::Buffer const&, bool)+0x2a7>
    715f:	mov    rdx,rbx
    7162:	and    rdx,0xfffffffffffffff8
    7166:	xor    esi,esi
    7168:	nop    DWORD PTR [rax+rax*1+0x0]
    7170:	movups xmm0,XMMWORD PTR [r14+rsi*4]
    7175:	movups xmm1,XMMWORD PTR [r14+rsi*4+0x10]
    717b:	movups xmm2,XMMWORD PTR [r15+rsi*4]
    7180:	addps  xmm2,xmm0
    7183:	movups xmm0,XMMWORD PTR [r15+rsi*4+0x10]
    7189:	addps  xmm0,xmm1
    718c:	movups xmm1,XMMWORD PTR [r12+rsi*4]
    7191:	addps  xmm1,xmm2
    7194:	movups xmm2,XMMWORD PTR [r12+rsi*4+0x10]
    719a:	addps  xmm2,xmm0
    719d:	movups XMMWORD PTR [rax+rsi*4],xmm1
    71a1:	movups XMMWORD PTR [rax+rsi*4+0x10],xmm2
    71a6:	add    rsi,0x8
    71aa:	cmp    rdx,rsi
    71ad:	jne    7170 <lume::(anonymous namespace)::add_add_buffers(lume::Buffer const&, lume::Buffer const&, lume::Buffer const&, bool)+0x3f0>
    71af:	cmp    rbx,rdx
    71b2:	jne    7027 <lume::(anonymous namespace)::add_add_buffers(lume::Buffer const&, lume::Buffer const&, lume::Buffer const&, bool)+0x2a7>
    71b8:	mov    QWORD PTR [rcx],rax
    71bb:	mov    QWORD PTR [rcx+0x8],rbx
    71bf:	mov    BYTE PTR [rcx+0x18],0x2
    71c3:	mov    BYTE PTR [rcx+0x20],0x1
    71c7:	jmp    7000 <lume::(anonymous namespace)::add_add_buffers(lume::Buffer const&, lume::Buffer const&, lume::Buffer const&, bool)+0x280>
    71cc:	nop    DWORD PTR [rax+0x0]

00000000000071d0 <lume::OwnedArray<int> lume::(anonymous namespace)::add_add<int, int (*)(int, int) noexcept>(std::span<int const, 18446744073709551615ul>, std::span<int const, 18446744073709551615ul>, std::span<int const, 18446744073709551615ul>, bool, int (*)(int, int) noexcept)>:
    71d0:	push   rbp
    71d1:	push   r15
    71d3:	push   r14
    71d5:	push   r13
    71d7:	push   r12
    71d9:	push   rbx
    71da:	push   rax
    71db:	mov    ebp,r9d
    71de:	mov    rbx,r8
    71e1:	mov    r14,rcx
    71e4:	mov    r15,rdx
    71e7:	mov    r12,rsi
    71ea:	mov    r13,rdi
    71ed:	mov    rax,rdx
    71f0:	shr    rax,0x3e
    71f4:	lea    rcx,[rdx*4+0x0]
    71fc:	xor    edi,edi
    71fe:	neg    rax
    7201:	sbb    rdi,rdi
    7204:	or     rdi,rcx
    7207:	call   720c <lume::OwnedArray<int> lume::(anonymous namespace)::add_add<int, int (*)(int, int) noexcept>(std::span<int const, 18446744073709551615ul>, std::span<int const, 18446744073709551615ul>, std::span<int const, 18446744073709551615ul>, bool, int (*)(int, int) noexcept)+0x3c>
    720c:	mov    QWORD PTR [r13+0x0],rax
    7210:	mov    QWORD PTR [r13+0x8],r15
    7214:	test   ebp,ebp
    7216:	je     722e <lume::OwnedArray<int> lume::(anonymous namespace)::add_add<int, int (*)(int, int) noexcept>(std::span<int const, 18446744073709551615ul>, std::span<int const, 18446744073709551615ul>, std::span<int const, 18446744073709551615ul>, bool, int (*)(int, int) noexcept)+0x5e>
    7218:	test   r15,r15
    721b:	je     7356 <lume::OwnedArray<int> lume::(anonymous namespace)::add_add<int, int (*)(int, int) noexcept>(std::span<int const, 18446744073709551615ul>, std::span<int const, 18446744073709551615ul>, std::span<int const, 18446744073709551615ul>, bool, int (*)(int, int) noexcept)+0x186>
    7221:	cmp    r15,0x8
    7225:	jae    7248 <lume::OwnedArray<int> lume::(anonymous namespace)::add_add<int, int (*)(int, int) noexcept>(std::span<int const, 18446744073709551615ul>, std::span<int const, 18446744073709551615ul>, std::span<int const, 18446744073709551615ul>, bool, int (*)(int, int) noexcept)+0x78>
    7227:	xor    ecx,ecx
    7229:	jmp    72c0 <lume::OwnedArray<int> lume::(anonymous namespace)::add_add<int, int (*)(int, int) noexcept>(std::span<int const, 18446744073709551615ul>, std::span<int const, 18446744073709551615ul>, std::span<int const, 18446744073709551615ul>, bool, int (*)(int, int) noexcept)+0xf0>
    722e:	test   r15,r15
    7231:	je     7356 <lume::OwnedArray<int> lume::(anonymous namespace)::add_add<int, int (*)(int, int) noexcept>(std::span<int const, 18446744073709551615ul>, std::span<int const, 18446744073709551615ul>, std::span<int const, 18446744073709551615ul>, bool, int (*)(int, int) noexcept)+0x186>
    7237:	cmp    r15,0x8
    723b:	jae    72d8 <lume::OwnedArray<int> lume::(anonymous namespace)::add_add<int, int (*)(int, int) noexcept>(std::span<int const, 18446744073709551615ul>, std::span<int const, 18446744073709551615ul>, std::span<int const, 18446744073709551615ul>, bool, int (*)(int, int) noexcept)+0x108>
    7241:	xor    ecx,ecx
    7243:	jmp    7340 <lume::OwnedArray<int> lume::(anonymous namespace)::add_add<int, int (*)(int, int) noexcept>(std::span<int const, 18446744073709551615ul>, std::span<int const, 18446744073709551615ul>, std::span<int const, 18446744073709551615ul>, bool, int (*)(int, int) noexcept)+0x170>
    7248:	mov    rcx,r15
    724b:	and    rcx,0xfffffffffffffff8
    724f:	xor    edx,edx
    7251:	data16 data16 data16 data16 data16 cs nop WORD PTR [rax+rax*1+0x0]
    7260:	movdqu xmm0,XMMWORD PTR [r12+rdx*4]
    7266:	movdqu xmm1,XMMWORD PTR [r12+rdx*4+0x10]
    726d:	movdqu xmm2,XMMWORD PTR [r14+rdx*4]
    7273:	paddd  xmm2,xmm0
    7277:	movdqu xmm0,XMMWORD PTR [r14+rdx*4+0x10]
    727e:	paddd  xmm0,xmm1
    7282:	movdqu xmm1,XMMWORD PTR [rbx+rdx*4]
    7287:	paddd  xmm1,xmm2
    728b:	movdqu xmm2,XMMWORD PTR [rbx+rdx*4+0x10]
    7291:	paddd  xmm2,xmm0
    7295:	movdqu XMMWORD PTR [rax+rdx*4],xmm1
    729a:	movdqu XMMWORD PTR [rax+rdx*4+0x10],xmm2
    72a0:	add    rdx,0x8
    72a4:	cmp    rcx,rdx
    72a7:	jne    7260 <lume::OwnedArray<int> lume::(anonymous namespace)::add_add<int, int (*)(int, int) noexcept>(std::span<int const, 18446744073709551615ul>, std::span<int const, 18446744073709551615ul>, std::span<int const, 18446744073709551615ul>, bool, int (*)(int, int) noexcept)+0x90>
    72a9:	cmp    rcx,r15
    72ac:	je     7356 <lume::OwnedArray<int> lume::(anonymous namespace)::add_add<int, int (*)(int, int) noexcept>(std::span<int const, 18446744073709551615ul>, std::span<int const, 18446744073709551615ul>, std::span<int const, 18446744073709551615ul>, bool, int (*)(int, int) noexcept)+0x186>
    72b2:	data16 data16 data16 data16 cs nop WORD PTR [rax+rax*1+0x0]
    72c0:	mov    edx,DWORD PTR [r14+rcx*4]
    72c4:	add    edx,DWORD PTR [r12+rcx*4]
    72c8:	add    edx,DWORD PTR [rbx+rcx*4]
    72cb:	mov    DWORD PTR [rax+rcx*4],edx
    72ce:	inc    rcx
    72d1:	cmp    r15,rcx
    72d4:	jne    72c0 <lume::OwnedArray<int> lume::(anonymous namespace)::add_add<int, int (*)(int, int) noexcept>(std::span<int const, 18446744073709551615ul>, std::span<int const, 18446744073709551615ul>, std::span<int const, 18446744073709551615ul>, bool, int (*)(int, int) noexcept)+0xf0>
    72d6:	jmp    7356 <lume::OwnedArray<int> lume::(anonymous namespace)::add_add<int, int (*)(int, int) noexcept>(std::span<int const, 18446744073709551615ul>, std::span<int const, 18446744073709551615ul>, std::span<int const, 18446744073709551615ul>, bool, int (*)(int, int) noexcept)+0x186>
    72d8:	mov    rcx,r15
    72db:	and    rcx,0xfffffffffffffff8
    72df:	xor    edx,edx
    72e1:	data16 data16 data16 data16 data16 cs nop WORD PTR [rax+rax*1+0x0]
    72f0:	movdqu xmm0,XMMWORD PTR [r12+rdx*4]
    72f6:	movdqu xmm1,XMMWORD PTR [r12+rdx*4+0x10]
    72fd:	movdqu xmm2,XMMWORD PTR [r14+rdx*4]
    7303:	paddd  xmm2,xmm0
    7307:	movdqu xmm0,XMMWORD PTR [r14+rdx*4+0x10]
    730e:	paddd  xmm0,xmm1
    7312:	movdqu xmm1,XMMWORD PTR [rbx+rdx*4]
    7317:	paddd  xmm1,xmm2
    731b:	movdqu xmm2,XMMWORD PTR [rbx+rdx*4+0x10]
    7321:	paddd  xmm2,xmm0
    7325:	movdqu XMMWORD PTR [rax+rdx*4],xmm1
    732a:	movdqu XMMWORD PTR [rax+rdx*4+0x10],xmm2
    7330:	add    rdx,0x8
    7334:	cmp    rcx,rdx
    7337:	jne    72f0 <lume::OwnedArray<int> lume::(anonymous namespace)::add_add<int, int (*)(int, int) noexcept>(std::span<int const, 18446744073709551615ul>, std::span<int const, 18446744073709551615ul>, std::span<int const, 18446744073709551615ul>, bool, int (*)(int, int) noexcept)+0x120>
    7339:	cmp    rcx,r15
    733c:	je     7356 <lume::OwnedArray<int> lume::(anonymous namespace)::add_add<int, int (*)(int, int) noexcept>(std::span<int const, 18446744073709551615ul>, std::span<int const, 18446744073709551615ul>, std::span<int const, 18446744073709551615ul>, bool, int (*)(int, int) noexcept)+0x186>
    733e:	xchg   ax,ax
    7340:	mov    edx,DWORD PTR [r14+rcx*4]
    7344:	add    edx,DWORD PTR [r12+rcx*4]
    7348:	add    edx,DWORD PTR [rbx+rcx*4]
    734b:	mov    DWORD PTR [rax+rcx*4],edx
    734e:	inc    rcx
    7351:	cmp    r15,rcx
    7354:	jne    7340 <lume::OwnedArray<int> lume::(anonymous namespace)::add_add<int, int (*)(int, int) noexcept>(std::span<int const, 18446744073709551615ul>, std::span<int const, 18446744073709551615ul>, std::span<int const, 18446744073709551615ul>, bool, int (*)(int, int) noexcept)+0x170>
    7356:	add    rsp,0x8
    735a:	pop    rbx
    735b:	pop    r12
    735d:	pop    r13
    735f:	pop    r14
    7361:	pop    r15
    7363:	pop    rbp
    7364:	ret

Disassembly of section .text._ZStplIcSt11char_traitsIcESaIcEENSt7__cxx1112basic_stringIT_T0_T1_EEOS8_S9_:

0000000000000000 <std::__cxx11::basic_string<char, std::char_traits<char>, std::allocator<char> > std::operator+<char, std::char_traits<char>, std::allocator<char> >(std::__cxx11::basic_string<char, std::char_traits<char>, std::allocator<char> >&&, std::__cxx11::basic_string<char, std::char_traits<char>, std::allocator<char> >&&)>:
   0:	push   r15
   2:	push   r14
   4:	push   r13
   6:	push   r12
   8:	push   rbx
   9:	mov    r15,rsi
   c:	mov    rbx,rdi
   f:	mov    rcx,QWORD PTR [rsi]
  12:	mov    rax,QWORD PTR [rsi+0x8]
  16:	mov    r8,QWORD PTR [rdx+0x8]
  1a:	lea    r12,[r8+rax*1]
  1e:	lea    r14,[rsi+0x10]
  22:	mov    esi,0xf
  27:	cmp    rcx,r14
  2a:	je     30 <std::__cxx11::basic_string<char, std::char_traits<char>, std::allocator<char> > std::operator+<char, std::char_traits<char>, std::allocator<char> >(std::__cxx11::basic_string<char, std::char_traits<char>, std::allocator<char> >&&, std::__cxx11::basic_string<char, std::char_traits<char>, std::allocator<char> >&&)+0x30>
  2c:	mov    rsi,QWORD PTR [r15+0x10]
  30:	mov    r9,QWORD PTR [rdx]
  33:	cmp    r12,rsi
  36:	jbe    4f <std::__cxx11::basic_string<char, std::char_traits<char>, std::allocator<char> > std::operator+<char, std::char_traits<char>, std::allocator<char> >(std::__cxx11::basic_string<char, std::char_traits<char>, std::allocator<char> >&&, std::__cxx11::basic_string<char, std::char_traits<char>, std::allocator<char> >&&)+0x4f>
  38:	lea    r10,[rdx+0x10]
  3c:	mov    edi,0xf
  41:	cmp    r9,r10
  44:	je     4a <std::__cxx11::basic_string<char, std::char_traits<char>, std::allocator<char> > std::operator+<char, std::char_traits<char>, std::allocator<char> >(std::__cxx11::basic_string<char, std::char_traits<char>, std::allocator<char> >&&, std::__cxx11::basic_string<char, std::char_traits<char>, std::allocator<char> >&&)+0x4a>
  46:	mov    rdi,QWORD PTR [rdx+0x10]
  4a:	cmp    r12,rdi
  4d:	jbe    92 <std::__cxx11::basic_string<char, std::char_traits<char>, std::allocator<char> > std::operator+<char, std::char_traits<char>, std::allocator<char> >(std::__cxx11::basic_string<char, std::char_traits<char>, std::allocator<char> >&&, std::__cxx11::basic_string<char, std::char_traits<char>, std::allocator<char> >&&)+0x92>
  4f:	movabs rdx,0x7fffffffffffffff
  59:	xor    rdx,rax
  5c:	cmp    rdx,r8
  5f:	jb     14e <std::__cxx11::basic_string<char, std::char_traits<char>, std::allocator<char> > std::operator+<char, std::char_traits<char>, std::allocator<char> >(std::__cxx11::basic_string<char, std::char_traits<char>, std::allocator<char> >&&, std::__cxx11::basic_string<char, std::char_traits<char>, std::allocator<char> >&&)+0x14e>
  65:	cmp    r12,rsi
  68:	jbe    7c <std::__cxx11::basic_string<char, std::char_traits<char>, std::allocator<char> > std::operator+<char, std::char_traits<char>, std::allocator<char> >(std::__cxx11::basic_string<char, std::char_traits<char>, std::allocator<char> >&&, std::__cxx11::basic_string<char, std::char_traits<char>, std::allocator<char> >&&)+0x7c>
  6a:	mov    rdi,r15
  6d:	mov    rsi,rax
  70:	xor    edx,edx
  72:	mov    rcx,r9
  75:	call   7a <std::__cxx11::basic_string<char, std::char_traits<char>, std::allocator<char> > std::operator+<char, std::char_traits<char>, std::allocator<char> >(std::__cxx11::basic_string<char, std::char_traits<char>, std::allocator<char> >&&, std::__cxx11::basic_string<char, std::char_traits<char>, std::allocator<char> >&&)+0x7a>
  7a:	jmp    d1 <std::__cxx11::basic_string<char, std::char_traits<char>, std::allocator<char> > std::operator+<char, std::char_traits<char>, std::allocator<char> >(std::__cxx11::basic_string<char, std::char_traits<char>, std::allocator<char> >&&, std::__cxx11::basic_string<char, std::char_traits<char>, std::allocator<char> >&&)+0xd1>
  7c:	test   r8,r8
  7f:	je     d1 <std::__cxx11::basic_string<char, std::char_traits<char>, std::allocator<char> > std::operator+<char, std::char_traits<char>, std::allocator<char> >(std::__cxx11::basic_string<char, std::char_traits<char>, std::allocator<char> >&&, std::__cxx11::basic_string<char, std::char_traits<char>, std::allocator<char> >&&)+0xd1>
  81:	add    rcx,rax
  84:	cmp    r8,0x1
  88:	jne    c3 <std::__cxx11::basic_string<char, std::char_traits<char>, std::allocator<char> > std::operator+<char, std::char_traits<char>, std::allocator<char> >(std::__cxx11::basic_string<char, std::char_traits<char>, std::allocator<char> >&&, std::__cxx11::basic_string<char, std::char_traits<char>, std::allocator<char> >&&)+0xc3>
  8a:	movzx  eax,BYTE PTR [r9]
  8e:	mov    BYTE PTR [rcx],al
  90:	jmp    d1 <std::__cxx11::basic_string<char, std::char_traits<char>, std::allocator<char> > std::operator+<char, std::char_traits<char>, std::allocator<char> >(std::__cxx11::basic_string<char, std::char_traits<char>, std::allocator<char> >&&, std::__cxx11::basic_string<char, std::char_traits<char>, std::allocator<char> >&&)+0xd1>
  92:	mov    rdi,rdx
  95:	xor    esi,esi
  97:	xor    edx,edx
  99:	mov    r8,rax
  9c:	call   a1 <std::__cxx11::basic_string<char, std::char_traits<char>, std::allocator<char> > std::operator+<char, std::char_traits<char>, std::allocator<char> >(std::__cxx11::basic_string<char, std::char_traits<char>, std::allocator<char> >&&, std::__cxx11::basic_string<char, std::char_traits<char>, std::allocator<char> >&&)+0xa1>
  a1:	mov    r15,rax
  a4:	lea    rdi,[rbx+0x10]
  a8:	mov    QWORD PTR [rbx],rdi
  ab:	mov    rsi,QWORD PTR [rax]
  ae:	lea    r14,[rax+0x10]
  b2:	cmp    rsi,r14
  b5:	je     117 <std::__cxx11::basic_string<char, std::char_traits<char>, std::allocator<char> > std::operator+<char, std::char_traits<char>, std::allocator<char> >(std::__cxx11::basic_string<char, std::char_traits<char>, std::allocator<char> >&&, std::__cxx11::basic_string<char, std::char_traits<char>, std::allocator<char> >&&)+0x117>
  b7:	mov    QWORD PTR [rbx],rsi
  ba:	mov    rax,QWORD PTR [r14]
  bd:	mov    QWORD PTR [rbx+0x10],rax
  c1:	jmp    123 <std::__cxx11::basic_string<char, std::char_traits<char>, std::allocator<char> > std::operator+<char, std::char_traits<char>, std::allocator<char> >(std::__cxx11::basic_string<char, std::char_traits<char>, std::allocator<char> >&&, std::__cxx11::basic_string<char, std::char_traits<char>, std::allocator<char> >&&)+0x123>
  c3:	mov    rdi,rcx
  c6:	mov    rsi,r9
  c9:	mov    rdx,r8
  cc:	call   d1 <std::__cxx11::basic_string<char, std::char_traits<char>, std::allocator<char> > std::operator+<char, std::char_traits<char>, std::allocator<char> >(std::__cxx11::basic_string<char, std::char_traits<char>, std::allocator<char> >&&, std::__cxx11::basic_string<char, std::char_traits<char>, std::allocator<char> >&&)+0xd1>
  d1:	lea    r13,[r15+0x8]
  d5:	mov    QWORD PTR [r15+0x8],r12
  d9:	mov    rax,QWORD PTR [r15]
  dc:	mov    BYTE PTR [rax+r12*1],0x0
  e1:	lea    rdi,[rbx+0x10]
  e5:	mov    QWORD PTR [rbx],rdi
  e8:	mov    rax,QWORD PTR [r15]
  eb:	cmp    rax,r14
  ee:	je     100 <std::__cxx11::basic_string<char, std::char_traits<char>, std::allocator<char> > std::operator+<char, std::char_traits<char>, std::allocator<char> >(std::__cxx11::basic_string<char, std::char_traits<char>, std::allocator<char> >&&, std::__cxx11::basic_string<char, std::char_traits<char>, std::allocator<char> >&&)+0x100>
  f0:	mov    QWORD PTR [rbx],rax
  f3:	mov    rax,QWORD PTR [r14]
  f6:	mov    QWORD PTR [rbx+0x10],rax
  fa:	mov    r12,QWORD PTR [r13+0x0]
  fe:	jmp    111 <std::__cxx11::basic_string<char, std::char_traits<char>, std::allocator<char> > std::operator+<char, std::char_traits<char>, std::allocator<char> >(std::__cxx11::basic_string<char, std::char_traits<char>, std::allocator<char> >&&, std::__cxx11::basic_string<char, std::char_traits<char>, std::allocator<char> >&&)+0x111>
 100:	mov    r12,QWORD PTR [r13+0x0]
 104:	lea    rdx,[r12+0x1]
 109:	mov    rsi,r14
 10c:	call   111 <std::__cxx11::basic_string<char, std::char_traits<char>, std::allocator<char> > std::operator+<char, std::char_traits<char>, std::allocator<char> >(std::__cxx11::basic_string<char, std::char_traits<char>, std::allocator<char> >&&, std::__cxx11::basic_string<char, std::char_traits<char>, std::allocator<char> >&&)+0x111>
 111:	mov    QWORD PTR [rbx+0x8],r12
 115:	jmp    132 <std::__cxx11::basic_string<char, std::char_traits<char>, std::allocator<char> > std::operator+<char, std::char_traits<char>, std::allocator<char> >(std::__cxx11::basic_string<char, std::char_traits<char>, std::allocator<char> >&&, std::__cxx11::basic_string<char, std::char_traits<char>, std::allocator<char> >&&)+0x132>
 117:	mov    rdx,QWORD PTR [r15+0x8]
 11b:	inc    rdx
 11e:	call   123 <std::__cxx11::basic_string<char, std::char_traits<char>, std::allocator<char> > std::operator+<char, std::char_traits<char>, std::allocator<char> >(std::__cxx11::basic_string<char, std::char_traits<char>, std::allocator<char> >&&, std::__cxx11::basic_string<char, std::char_traits<char>, std::allocator<char> >&&)+0x123>
 123:	mov    r13,r15
 126:	add    r13,0x8
 12a:	mov    rax,QWORD PTR [r15+0x8]
 12e:	mov    QWORD PTR [rbx+0x8],rax
 132:	mov    QWORD PTR [r15],r14
 135:	mov    QWORD PTR [r13+0x0],0x0
 13d:	mov    BYTE PTR [r14],0x0
 141:	mov    rax,rbx
 144:	pop    rbx
 145:	pop    r12
 147:	pop    r13
 149:	pop    r14
 14b:	pop    r15
 14d:	ret
 14e:	lea    rdi,[rip+0x0]        # 155 <std::__cxx11::basic_string<char, std::char_traits<char>, std::allocator<char> > std::operator+<char, std::char_traits<char>, std::allocator<char> >(std::__cxx11::basic_string<char, std::char_traits<char>, std::allocator<char> >&&, std::__cxx11::basic_string<char, std::char_traits<char>, std::allocator<char> >&&)+0x155>
 155:	call   15a <.L.str.22+0x1>

Disassembly of section .text._ZNSt14_Optional_baseIN4lume6BufferELb0ELb0EED2Ev:

0000000000000000 <std::_Optional_base<lume::Buffer, false, false>::~_Optional_base()>:
   0:	cmp    BYTE PTR [rdi+0x20],0x0
   4:	mov    BYTE PTR [rdi+0x20],0x0
   8:	je     50 <std::_Optional_base<lume::Buffer, false, false>::~_Optional_base()+0x50>
   a:	push   rbx
   b:	mov    rbx,rdi
   e:	movzx  eax,BYTE PTR [rdi+0x18]
  12:	cmp    eax,0xff
  17:	je     4f <std::_Optional_base<lume::Buffer, false, false>::~_Optional_base()+0x4f>
  19:	mov    rdi,QWORD PTR [rbx]
  1c:	mov    eax,eax
  1e:	lea    rcx,[rip+0x0]        # 25 <std::_Optional_base<lume::Buffer, false, false>::~_Optional_base()+0x25>
  25:	movsxd rax,DWORD PTR [rcx+rax*4]
  29:	add    rax,rcx
  2c:	jmp    rax
  2e:	test   rdi,rdi
  31:	je     4b <std::_Optional_base<lume::Buffer, false, false>::~_Optional_base()+0x4b>
  33:	call   38 <std::_Optional_base<lume::Buffer, false, false>::~_Optional_base()+0x38>
  38:	jmp    4b <std::_Optional_base<lume::Buffer, false, false>::~_Optional_base()+0x4b>
  3a:	test   rdi,rdi
  3d:	je     44 <std::_Optional_base<lume::Buffer, false, false>::~_Optional_base()+0x44>
  3f:	call   44 <std::_Optional_base<lume::Buffer, false, false>::~_Optional_base()+0x44>
  44:	mov    QWORD PTR [rbx],0x0
  4b:	mov    BYTE PTR [rbx+0x18],0xff
  4f:	pop    rbx
  50:	ret

Disassembly of section .text._ZN4lume15ExecutionResultD2Ev:

0000000000000000 <lume::ExecutionResult::~ExecutionResult()>:
   0:	cmp    BYTE PTR [rdi+0x40],0x0
   4:	mov    BYTE PTR [rdi+0x40],0x0
   8:	je     e <lume::ExecutionResult::~ExecutionResult()+0xe>
   e:	mov    rax,QWORD PTR [rdi+0x20]
  12:	lea    rcx,[rdi+0x30]
  16:	cmp    rax,rcx
  19:	je     1f <lume::ExecutionResult::~ExecutionResult()+0x1f>
  1f:	push   rbx
  20:	mov    rbx,rdi
  23:	mov    rdi,rax
  26:	call   2b <lume::ExecutionResult::~ExecutionResult()+0x2b>
  2b:	mov    rdi,rbx
  2e:	pop    rbx
  2f:	jmp    34 <.L.str.2+0x9>

Disassembly of section .text._ZNSt6vectorISt8optionalIN4lume6BufferEESaIS3_EED2Ev:

0000000000000000 <std::vector<std::optional<lume::Buffer>, std::allocator<std::optional<lume::Buffer> > >::~vector()>:
   0:	push   r15
   2:	push   r14
   4:	push   r12
   6:	push   rbx
   7:	push   rax
   8:	mov    rbx,QWORD PTR [rdi]
   b:	mov    r15,QWORD PTR [rdi+0x8]
   f:	cmp    rbx,r15
  12:	je     7f <std::vector<std::optional<lume::Buffer>, std::allocator<std::optional<lume::Buffer> > >::~vector()+0x7f>
  14:	mov    r14,rdi
  17:	lea    r12,[rip+0x0]        # 1e <std::vector<std::optional<lume::Buffer>, std::allocator<std::optional<lume::Buffer> > >::~vector()+0x1e>
  1e:	jmp    34 <std::vector<std::optional<lume::Buffer>, std::allocator<std::optional<lume::Buffer> > >::~vector()+0x34>
  20:	mov    QWORD PTR [rbx],0x0
  27:	mov    BYTE PTR [rbx+0x18],0xff
  2b:	add    rbx,0x28
  2f:	cmp    rbx,r15
  32:	je     7c <std::vector<std::optional<lume::Buffer>, std::allocator<std::optional<lume::Buffer> > >::~vector()+0x7c>
  34:	cmp    BYTE PTR [rbx+0x20],0x0
  38:	mov    BYTE PTR [rbx+0x20],0x0
  3c:	je     2b <std::vector<std::optional<lume::Buffer>, std::allocator<std::optional<lume::Buffer> > >::~vector()+0x2b>
  3e:	movzx  eax,BYTE PTR [rbx+0x18]
  42:	cmp    eax,0xff
  47:	je     2b <std::vector<std::optional<lume::Buffer>, std::allocator<std::optional<lume::Buffer> > >::~vector()+0x2b>
  49:	mov    rdi,QWORD PTR [rbx]
  4c:	mov    eax,eax
  4e:	movsxd rax,DWORD PTR [r12+rax*4]
  52:	add    rax,r12
  55:	jmp    rax
  57:	test   rdi,rdi
  5a:	je     27 <std::vector<std::optional<lume::Buffer>, std::allocator<std::optional<lume::Buffer> > >::~vector()+0x27>
  5c:	call   61 <std::vector<std::optional<lume::Buffer>, std::allocator<std::optional<lume::Buffer> > >::~vector()+0x61>
  61:	jmp    27 <std::vector<std::optional<lume::Buffer>, std::allocator<std::optional<lume::Buffer> > >::~vector()+0x27>
  63:	data16 data16 data16 cs nop WORD PTR [rax+rax*1+0x0]
  70:	test   rdi,rdi
  73:	je     20 <std::vector<std::optional<lume::Buffer>, std::allocator<std::optional<lume::Buffer> > >::~vector()+0x20>
  75:	call   7a <std::vector<std::optional<lume::Buffer>, std::allocator<std::optional<lume::Buffer> > >::~vector()+0x7a>
  7a:	jmp    20 <std::vector<std::optional<lume::Buffer>, std::allocator<std::optional<lume::Buffer> > >::~vector()+0x20>
  7c:	mov    rbx,QWORD PTR [r14]
  7f:	test   rbx,rbx
  82:	je     97 <std::vector<std::optional<lume::Buffer>, std::allocator<std::optional<lume::Buffer> > >::~vector()+0x97>
  84:	mov    rdi,rbx
  87:	add    rsp,0x8
  8b:	pop    rbx
  8c:	pop    r12
  8e:	pop    r14
  90:	pop    r15
  92:	jmp    97 <std::vector<std::optional<lume::Buffer>, std::allocator<std::optional<lume::Buffer> > >::~vector()+0x97>
  97:	add    rsp,0x8
  9b:	pop    rbx
  9c:	pop    r12
  9e:	pop    r14
  a0:	pop    r15
  a2:	ret

Disassembly of section .text.__clang_call_terminate:

0000000000000000 <__clang_call_terminate>:
   0:	push   rax
   1:	call   6 <__clang_call_terminate+0x6>
   6:	call   b <__clang_call_terminate+0xb>

Disassembly of section .text._ZNSt7__cxx1112basic_stringIcSt11char_traitsIcESaIcEE9_M_mutateEmmPKcm:

0000000000000000 <std::__cxx11::basic_string<char, std::char_traits<char>, std::allocator<char> >::_M_mutate(unsigned long, unsigned long, char const*, unsigned long)>:
   0:	push   rbp
   1:	push   r15
   3:	push   r14
   5:	push   r13
   7:	push   r12
   9:	push   rbx
   a:	sub    rsp,0x28
   e:	mov    rbp,r8
  11:	mov    QWORD PTR [rsp+0x20],rcx
  16:	mov    r15,rsi
  19:	mov    rbx,rdi
  1c:	mov    r14,QWORD PTR [rdi]
  1f:	mov    r12,QWORD PTR [rdi+0x8]
  23:	mov    QWORD PTR [rsp],r8
  27:	mov    QWORD PTR [rsp+0x10],rdx
  2c:	sub    rbp,rdx
  2f:	lea    rcx,[rdi+0x10]
  33:	mov    eax,0xf
  38:	cmp    r14,rcx
  3b:	je     41 <std::__cxx11::basic_string<char, std::char_traits<char>, std::allocator<char> >::_M_mutate(unsigned long, unsigned long, char const*, unsigned long)+0x41>
  3d:	mov    rax,QWORD PTR [rbx+0x10]
  41:	add    rbp,r12
  44:	js     14d <std::__cxx11::basic_string<char, std::char_traits<char>, std::allocator<char> >::_M_mutate(unsigned long, unsigned long, char const*, unsigned long)+0x14d>
  4a:	cmp    rbp,rax
  4d:	jbe    68 <std::__cxx11::basic_string<char, std::char_traits<char>, std::allocator<char> >::_M_mutate(unsigned long, unsigned long, char const*, unsigned long)+0x68>
  4f:	add    rax,rax
  52:	cmp    rbp,rax
  55:	jae    68 <std::__cxx11::basic_string<char, std::char_traits<char>, std::allocator<char> >::_M_mutate(unsigned long, unsigned long, char const*, unsigned long)+0x68>
  57:	movabs rbp,0x7fffffffffffffff
  61:	cmp    rax,rbp
  64:	cmovb  rbp,rax
  68:	mov    rdi,rbp
  6b:	inc    rdi
  6e:	js     148 <std::__cxx11::basic_string<char, std::char_traits<char>, std::allocator<char> >::_M_mutate(unsigned long, unsigned long, char const*, unsigned long)+0x148>
  74:	mov    QWORD PTR [rsp+0x18],rcx
  79:	call   7e <std::__cxx11::basic_string<char, std::char_traits<char>, std::allocator<char> >::_M_mutate(unsigned long, unsigned long, char const*, unsigned long)+0x7e>
  7e:	mov    r13,rax
  81:	test   r15,r15
  84:	je     a4 <std::__cxx11::basic_string<char, std::char_traits<char>, std::allocator<char> >::_M_mutate(unsigned long, unsigned long, char const*, unsigned long)+0xa4>
  86:	cmp    r15,0x1
  8a:	jne    96 <std::__cxx11::basic_string<char, std::char_traits<char>, std::allocator<char> >::_M_mutate(unsigned long, unsigned long, char const*, unsigned long)+0x96>
  8c:	movzx  eax,BYTE PTR [r14]
  90:	mov    BYTE PTR [r13+0x0],al
  94:	jmp    a4 <std::__cxx11::basic_string<char, std::char_traits<char>, std::allocator<char> >::_M_mutate(unsigned long, unsigned long, char const*, unsigned long)+0xa4>
  96:	mov    rdi,r13
  99:	mov    rsi,r14
  9c:	mov    rdx,r15
  9f:	call   a4 <std::__cxx11::basic_string<char, std::char_traits<char>, std::allocator<char> >::_M_mutate(unsigned long, unsigned long, char const*, unsigned long)+0xa4>
  a4:	mov    QWORD PTR [rsp+0x8],r14
  a9:	mov    rax,QWORD PTR [rsp+0x10]
  ae:	lea    r14,[rax+r15*1]
  b2:	mov    rsi,QWORD PTR [rsp+0x20]
  b7:	test   rsi,rsi
  ba:	mov    rdx,QWORD PTR [rsp]
  be:	je     df <std::__cxx11::basic_string<char, std::char_traits<char>, std::allocator<char> >::_M_mutate(unsigned long, unsigned long, char const*, unsigned long)+0xdf>
  c0:	test   rdx,rdx
  c3:	je     df <std::__cxx11::basic_string<char, std::char_traits<char>, std::allocator<char> >::_M_mutate(unsigned long, unsigned long, char const*, unsigned long)+0xdf>
  c5:	lea    rdi,[r15+r13*1]
  c9:	cmp    rdx,0x1
  cd:	jne    d6 <std::__cxx11::basic_string<char, std::char_traits<char>, std::allocator<char> >::_M_mutate(unsigned long, unsigned long, char const*, unsigned long)+0xd6>
  cf:	movzx  eax,BYTE PTR [rsi]
  d2:	mov    BYTE PTR [rdi],al
  d4:	jmp    db <std::__cxx11::basic_string<char, std::char_traits<char>, std::allocator<char> >::_M_mutate(unsigned long, unsigned long, char const*, unsigned long)+0xdb>
  d6:	call   db <std::__cxx11::basic_string<char, std::char_traits<char>, std::allocator<char> >::_M_mutate(unsigned long, unsigned long, char const*, unsigned long)+0xdb>
  db:	mov    rdx,QWORD PTR [rsp]
  df:	cmp    r12,r14
  e2:	je     108 <std::__cxx11::basic_string<char, std::char_traits<char>, std::allocator<char> >::_M_mutate(unsigned long, unsigned long, char const*, unsigned long)+0x108>
  e4:	sub    r12,r14
  e7:	je     108 <std::__cxx11::basic_string<char, std::char_traits<char>, std::allocator<char> >::_M_mutate(unsigned long, unsigned long, char const*, unsigned long)+0x108>
  e9:	mov    rdi,r13
  ec:	add    rdi,r15
  ef:	add    rdi,rdx
  f2:	add    r15,QWORD PTR [rsp+0x8]
  f7:	add    r15,QWORD PTR [rsp+0x10]
  fc:	cmp    r12,0x1
 100:	jne    12f <std::__cxx11::basic_string<char, std::char_traits<char>, std::allocator<char> >::_M_mutate(unsigned long, unsigned long, char const*, unsigned long)+0x12f>
 102:	movzx  eax,BYTE PTR [r15]
 106:	mov    BYTE PTR [rdi],al
 108:	mov    rdi,QWORD PTR [rsp+0x8]
 10d:	cmp    rdi,QWORD PTR [rsp+0x18]
 112:	je     119 <std::__cxx11::basic_string<char, std::char_traits<char>, std::allocator<char> >::_M_mutate(unsigned long, unsigned long, char const*, unsigned long)+0x119>
 114:	call   119 <std::__cxx11::basic_string<char, std::char_traits<char>, std::allocator<char> >::_M_mutate(unsigned long, unsigned long, char const*, unsigned long)+0x119>
 119:	mov    QWORD PTR [rbx],r13
 11c:	mov    QWORD PTR [rbx+0x10],rbp
 120:	add    rsp,0x28
 124:	pop    rbx
 125:	pop    r12
 127:	pop    r13
 129:	pop    r14
 12b:	pop    r15
 12d:	pop    rbp
 12e:	ret
 12f:	mov    rsi,r15
 132:	mov    rdx,r12
 135:	call   13a <std::__cxx11::basic_string<char, std::char_traits<char>, std::allocator<char> >::_M_mutate(unsigned long, unsigned long, char const*, unsigned long)+0x13a>
 13a:	mov    rdi,QWORD PTR [rsp+0x8]
 13f:	cmp    rdi,QWORD PTR [rsp+0x18]
 144:	jne    114 <std::__cxx11::basic_string<char, std::char_traits<char>, std::allocator<char> >::_M_mutate(unsigned long, unsigned long, char const*, unsigned long)+0x114>
 146:	jmp    119 <std::__cxx11::basic_string<char, std::char_traits<char>, std::allocator<char> >::_M_mutate(unsigned long, unsigned long, char const*, unsigned long)+0x119>
 148:	call   14d <std::__cxx11::basic_string<char, std::char_traits<char>, std::allocator<char> >::_M_mutate(unsigned long, unsigned long, char const*, unsigned long)+0x14d>
 14d:	lea    rdi,[rip+0x0]        # 154 <std::__cxx11::basic_string<char, std::char_traits<char>, std::allocator<char> >::_M_mutate(unsigned long, unsigned long, char const*, unsigned long)+0x154>
 154:	call   159 <.L.str.22>

Disassembly of section .text._ZNSt7__cxx1112basic_stringIcSt11char_traitsIcESaIcEE10_M_replaceEmmPKcm:

0000000000000000 <std::__cxx11::basic_string<char, std::char_traits<char>, std::allocator<char> >::_M_replace(unsigned long, unsigned long, char const*, unsigned long)>:
   0:	push   r15
   2:	push   r14
   4:	push   r13
   6:	push   r12
   8:	push   rbx
   9:	mov    rbx,rdi
   c:	mov    rax,QWORD PTR [rdi+0x8]
  10:	mov    rdi,rdx
  13:	sub    rdi,rax
  16:	movabs r9,0x7fffffffffffffff
  20:	add    r9,rdi
  23:	cmp    r9,r8
  26:	jb     fa <std::__cxx11::basic_string<char, std::char_traits<char>, std::allocator<char> >::_M_replace(unsigned long, unsigned long, char const*, unsigned long)+0xfa>
  2c:	mov    r15,r8
  2f:	sub    r15,rdx
  32:	add    r15,rax
  35:	mov    rdi,QWORD PTR [rbx]
  38:	lea    r10,[rbx+0x10]
  3c:	mov    r9d,0xf
  42:	cmp    rdi,r10
  45:	je     4b <std::__cxx11::basic_string<char, std::char_traits<char>, std::allocator<char> >::_M_replace(unsigned long, unsigned long, char const*, unsigned long)+0x4b>
  47:	mov    r9,QWORD PTR [rbx+0x10]
  4b:	cmp    r15,r9
  4e:	jbe    5a <std::__cxx11::basic_string<char, std::char_traits<char>, std::allocator<char> >::_M_replace(unsigned long, unsigned long, char const*, unsigned long)+0x5a>
  50:	mov    rdi,rbx
  53:	call   58 <std::__cxx11::basic_string<char, std::char_traits<char>, std::allocator<char> >::_M_replace(unsigned long, unsigned long, char const*, unsigned long)+0x58>
  58:	jmp    b6 <std::__cxx11::basic_string<char, std::char_traits<char>, std::allocator<char> >::_M_replace(unsigned long, unsigned long, char const*, unsigned long)+0xb6>
  5a:	lea    r14,[rdi+rsi*1]
  5e:	add    rsi,rdx
  61:	mov    r9,rax
  64:	sub    r9,rsi
  67:	cmp    rdi,rcx
  6a:	ja     74 <std::__cxx11::basic_string<char, std::char_traits<char>, std::allocator<char> >::_M_replace(unsigned long, unsigned long, char const*, unsigned long)+0x74>
  6c:	add    rdi,rax
  6f:	cmp    rdi,rcx
  72:	jae    ed <std::__cxx11::basic_string<char, std::char_traits<char>, std::allocator<char> >::_M_replace(unsigned long, unsigned long, char const*, unsigned long)+0xed>
  74:	cmp    r8,rdx
  77:	je     95 <std::__cxx11::basic_string<char, std::char_traits<char>, std::allocator<char> >::_M_replace(unsigned long, unsigned long, char const*, unsigned long)+0x95>
  79:	cmp    rax,rsi
  7c:	je     95 <std::__cxx11::basic_string<char, std::char_traits<char>, std::allocator<char> >::_M_replace(unsigned long, unsigned long, char const*, unsigned long)+0x95>
  7e:	test   r9,r9
  81:	je     95 <std::__cxx11::basic_string<char, std::char_traits<char>, std::allocator<char> >::_M_replace(unsigned long, unsigned long, char const*, unsigned long)+0x95>
  83:	lea    rdi,[r14+r8*1]
  87:	add    rdx,r14
  8a:	cmp    r9,0x1
  8e:	jne    cf <std::__cxx11::basic_string<char, std::char_traits<char>, std::allocator<char> >::_M_replace(unsigned long, unsigned long, char const*, unsigned long)+0xcf>
  90:	movzx  eax,BYTE PTR [rdx]
  93:	mov    BYTE PTR [rdi],al
  95:	test   r8,r8
  98:	je     b6 <std::__cxx11::basic_string<char, std::char_traits<char>, std::allocator<char> >::_M_replace(unsigned long, unsigned long, char const*, unsigned long)+0xb6>
  9a:	cmp    r8,0x1
  9e:	jne    a8 <std::__cxx11::basic_string<char, std::char_traits<char>, std::allocator<char> >::_M_replace(unsigned long, unsigned long, char const*, unsigned long)+0xa8>
  a0:	movzx  eax,BYTE PTR [rcx]
  a3:	mov    BYTE PTR [r14],al
  a6:	jmp    b6 <std::__cxx11::basic_string<char, std::char_traits<char>, std::allocator<char> >::_M_replace(unsigned long, unsigned long, char const*, unsigned long)+0xb6>
  a8:	mov    rdi,r14
  ab:	mov    rsi,rcx
  ae:	mov    rdx,r8
  b1:	call   b6 <std::__cxx11::basic_string<char, std::char_traits<char>, std::allocator<char> >::_M_replace(unsigned long, unsigned long, char const*, unsigned long)+0xb6>
  b6:	mov    QWORD PTR [rbx+0x8],r15
  ba:	mov    rax,QWORD PTR [rbx]
  bd:	mov    BYTE PTR [rax+r15*1],0x0
  c2:	mov    rax,rbx
  c5:	pop    rbx
  c6:	pop    r12
  c8:	pop    r13
  ca:	pop    r14
  cc:	pop    r15
  ce:	ret
  cf:	mov    rsi,rdx
  d2:	mov    rdx,r9
  d5:	mov    r12,r8
  d8:	mov    r13,rcx
  db:	call   e0 <std::__cxx11::basic_string<char, std::char_traits<char>, std::allocator<char> >::_M_replace(unsigned long, unsigned long, char const*, unsigned long)+0xe0>
  e0:	mov    rcx,r13
  e3:	mov    r8,r12
  e6:	test   r8,r8
  e9:	jne    9a <std::__cxx11::basic_string<char, std::char_traits<char>, std::allocator<char> >::_M_replace(unsigned long, unsigned long, char const*, unsigned long)+0x9a>
  eb:	jmp    b6 <std::__cxx11::basic_string<char, std::char_traits<char>, std::allocator<char> >::_M_replace(unsigned long, unsigned long, char const*, unsigned long)+0xb6>
  ed:	mov    rdi,rbx
  f0:	mov    rsi,r14
  f3:	call   f8 <std::__cxx11::basic_string<char, std::char_traits<char>, std::allocator<char> >::_M_replace(unsigned long, unsigned long, char const*, unsigned long)+0xf8>
  f8:	jmp    b6 <std::__cxx11::basic_string<char, std::char_traits<char>, std::allocator<char> >::_M_replace(unsigned long, unsigned long, char const*, unsigned long)+0xb6>
  fa:	lea    rdi,[rip+0x0]        # 101 <std::__cxx11::basic_string<char, std::char_traits<char>, std::allocator<char> >::_M_replace(unsigned long, unsigned long, char const*, unsigned long)+0x101>
 101:	call   106 <.L.str.16+0x13>

Disassembly of section .text._ZNSt18bad_variant_accessD0Ev:

0000000000000000 <std::bad_variant_access::~bad_variant_access()>:
   0:	push   rbx
   1:	mov    rbx,rdi
   4:	call   9 <std::bad_variant_access::~bad_variant_access()+0x9>
   9:	mov    rdi,rbx
   c:	pop    rbx
   d:	jmp    12 <std::bad_variant_access::~bad_variant_access()+0x12>

Disassembly of section .text._ZNKSt18bad_variant_access4whatEv:

0000000000000000 <std::bad_variant_access::what() const>:
   0:	mov    rax,QWORD PTR [rdi+0x8]
   4:	ret

Disassembly of section .text._ZSt12__str_concatINSt7__cxx1112basic_stringIcSt11char_traitsIcESaIcEEEET_PKNS6_10value_typeENS6_9size_typeES9_SA_RKNS6_14allocator_typeE:

0000000000000000 <std::__cxx11::basic_string<char, std::char_traits<char>, std::allocator<char> > std::__str_concat<std::__cxx11::basic_string<char, std::char_traits<char>, std::allocator<char> > >(std::__cxx11::basic_string<char, std::char_traits<char>, std::allocator<char> >::value_type const*, std::__cxx11::basic_string<char, std::char_traits<char>, std::allocator<char> >::size_type, std::__cxx11::basic_string<char, std::char_traits<char>, std::allocator<char> >::value_type const*, std::__cxx11::basic_string<char, std::char_traits<char>, std::allocator<char> >::size_type, std::__cxx11::basic_string<char, std::char_traits<char>, std::allocator<char> >::allocator_type const&)>:
   0:	push   rbp
   1:	push   r15
   3:	push   r14
   5:	push   r13
   7:	push   r12
   9:	push   rbx
   a:	sub    rsp,0x18
   e:	mov    r14,r8
  11:	mov    QWORD PTR [rsp+0x8],rcx
  16:	mov    r12,rdx
  19:	mov    QWORD PTR [rsp+0x10],rsi
  1e:	mov    rbx,rdi
  21:	lea    r15,[rdi+0x10]
  25:	mov    QWORD PTR [rdi],r15
  28:	mov    QWORD PTR [rdi+0x8],0x0
  30:	mov    BYTE PTR [rdi+0x10],0x0
  34:	lea    rax,[r8+rdx*1]
  38:	mov    r13,r15
  3b:	cmp    rax,0x10
  3f:	jb     75 <std::__cxx11::basic_string<char, std::char_traits<char>, std::allocator<char> > std::__str_concat<std::__cxx11::basic_string<char, std::char_traits<char>, std::allocator<char> > >(std::__cxx11::basic_string<char, std::char_traits<char>, std::allocator<char> >::value_type const*, std::__cxx11::basic_string<char, std::char_traits<char>, std::allocator<char> >::size_type, std::__cxx11::basic_string<char, std::char_traits<char>, std::allocator<char> >::value_type const*, std::__cxx11::basic_string<char, std::char_traits<char>, std::allocator<char> >::size_type, std::__cxx11::basic_string<char, std::char_traits<char>, std::allocator<char> >::allocator_type const&)+0x75>
  41:	test   rax,rax
  44:	js     170 <std::__cxx11::basic_string<char, std::char_traits<char>, std::allocator<char> > std::__str_concat<std::__cxx11::basic_string<char, std::char_traits<char>, std::allocator<char> > >(std::__cxx11::basic_string<char, std::char_traits<char>, std::allocator<char> >::value_type const*, std::__cxx11::basic_string<char, std::char_traits<char>, std::allocator<char> >::size_type, std::__cxx11::basic_string<char, std::char_traits<char>, std::allocator<char> >::value_type const*, std::__cxx11::basic_string<char, std::char_traits<char>, std::allocator<char> >::size_type, std::__cxx11::basic_string<char, std::char_traits<char>, std::allocator<char> >::allocator_type const&)+0x170>
  4a:	cmp    rax,0x1f
  4e:	mov    ebp,0x1e
  53:	cmovae rbp,rax
  57:	mov    rdi,rbp
  5a:	inc    rdi
  5d:	js     16b <std::__cxx11::basic_string<char, std::char_traits<char>, std::allocator<char> > std::__str_concat<std::__cxx11::basic_string<char, std::char_traits<char>, std::allocator<char> > >(std::__cxx11::basic_string<char, std::char_traits<char>, std::allocator<char> >::value_type const*, std::__cxx11::basic_string<char, std::char_traits<char>, std::allocator<char> >::size_type, std::__cxx11::basic_string<char, std::char_traits<char>, std::allocator<char> >::value_type const*, std::__cxx11::basic_string<char, std::char_traits<char>, std::allocator<char> >::size_type, std::__cxx11::basic_string<char, std::char_traits<char>, std::allocator<char> >::allocator_type const&)+0x16b>
  63:	call   68 <std::__cxx11::basic_string<char, std::char_traits<char>, std::allocator<char> > std::__str_concat<std::__cxx11::basic_string<char, std::char_traits<char>, std::allocator<char> > >(std::__cxx11::basic_string<char, std::char_traits<char>, std::allocator<char> >::value_type const*, std::__cxx11::basic_string<char, std::char_traits<char>, std::allocator<char> >::size_type, std::__cxx11::basic_string<char, std::char_traits<char>, std::allocator<char> >::value_type const*, std::__cxx11::basic_string<char, std::char_traits<char>, std::allocator<char> >::size_type, std::__cxx11::basic_string<char, std::char_traits<char>, std::allocator<char> >::allocator_type const&)+0x68>
  68:	mov    r13,rax
  6b:	mov    BYTE PTR [rax],0x0
  6e:	mov    QWORD PTR [rbx],rax
  71:	mov    QWORD PTR [rbx+0x10],rbp
  75:	lea    rbp,[rip+0x0]        # 7c <std::__cxx11::basic_string<char, std::char_traits<char>, std::allocator<char> > std::__str_concat<std::__cxx11::basic_string<char, std::char_traits<char>, std::allocator<char> > >(std::__cxx11::basic_string<char, std::char_traits<char>, std::allocator<char> >::value_type const*, std::__cxx11::basic_string<char, std::char_traits<char>, std::allocator<char> >::size_type, std::__cxx11::basic_string<char, std::char_traits<char>, std::allocator<char> >::value_type const*, std::__cxx11::basic_string<char, std::char_traits<char>, std::allocator<char> >::size_type, std::__cxx11::basic_string<char, std::char_traits<char>, std::allocator<char> >::allocator_type const&)+0x7c>
  7c:	test   r12,r12
  7f:	js     177 <std::__cxx11::basic_string<char, std::char_traits<char>, std::allocator<char> > std::__str_concat<std::__cxx11::basic_string<char, std::char_traits<char>, std::allocator<char> > >(std::__cxx11::basic_string<char, std::char_traits<char>, std::allocator<char> >::value_type const*, std::__cxx11::basic_string<char, std::char_traits<char>, std::allocator<char> >::size_type, std::__cxx11::basic_string<char, std::char_traits<char>, std::allocator<char> >::value_type const*, std::__cxx11::basic_string<char, std::char_traits<char>, std::allocator<char> >::size_type, std::__cxx11::basic_string<char, std::char_traits<char>, std::allocator<char> >::allocator_type const&)+0x177>
  85:	mov    eax,0xf
  8a:	cmp    r13,r15
  8d:	je     92 <std::__cxx11::basic_string<char, std::char_traits<char>, std::allocator<char> > std::__str_concat<std::__cxx11::basic_string<char, std::char_traits<char>, std::allocator<char> > >(std::__cxx11::basic_string<char, std::char_traits<char>, std::allocator<char> >::value_type const*, std::__cxx11::basic_string<char, std::char_traits<char>, std::allocator<char> >::size_type, std::__cxx11::basic_string<char, std::char_traits<char>, std::allocator<char> >::value_type const*, std::__cxx11::basic_string<char, std::char_traits<char>, std::allocator<char> >::size_type, std::__cxx11::basic_string<char, std::char_traits<char>, std::allocator<char> >::allocator_type const&)+0x92>
  8f:	mov    rax,QWORD PTR [r15]
  92:	cmp    rax,r12
  95:	jae    b0 <std::__cxx11::basic_string<char, std::char_traits<char>, std::allocator<char> > std::__str_concat<std::__cxx11::basic_string<char, std::char_traits<char>, std::allocator<char> > >(std::__cxx11::basic_string<char, std::char_traits<char>, std::allocator<char> >::value_type const*, std::__cxx11::basic_string<char, std::char_traits<char>, std::allocator<char> >::size_type, std::__cxx11::basic_string<char, std::char_traits<char>, std::allocator<char> >::value_type const*, std::__cxx11::basic_string<char, std::char_traits<char>, std::allocator<char> >::size_type, std::__cxx11::basic_string<char, std::char_traits<char>, std::allocator<char> >::allocator_type const&)+0xb0>
  97:	mov    rdi,rbx
  9a:	xor    esi,esi
  9c:	xor    edx,edx
  9e:	mov    rcx,QWORD PTR [rsp+0x10]
  a3:	mov    r8,r12
  a6:	call   ab <std::__cxx11::basic_string<char, std::char_traits<char>, std::allocator<char> > std::__str_concat<std::__cxx11::basic_string<char, std::char_traits<char>, std::allocator<char> > >(std::__cxx11::basic_string<char, std::char_traits<char>, std::allocator<char> >::value_type const*, std::__cxx11::basic_string<char, std::char_traits<char>, std::allocator<char> >::size_type, std::__cxx11::basic_string<char, std::char_traits<char>, std::allocator<char> >::value_type const*, std::__cxx11::basic_string<char, std::char_traits<char>, std::allocator<char> >::size_type, std::__cxx11::basic_string<char, std::char_traits<char>, std::allocator<char> >::allocator_type const&)+0xab>
  ab:	mov    r13,QWORD PTR [rbx]
  ae:	jmp    d9 <std::__cxx11::basic_string<char, std::char_traits<char>, std::allocator<char> > std::__str_concat<std::__cxx11::basic_string<char, std::char_traits<char>, std::allocator<char> > >(std::__cxx11::basic_string<char, std::char_traits<char>, std::allocator<char> >::value_type const*, std::__cxx11::basic_string<char, std::char_traits<char>, std::allocator<char> >::size_type, std::__cxx11::basic_string<char, std::char_traits<char>, std::allocator<char> >::value_type const*, std::__cxx11::basic_string<char, std::char_traits<char>, std::allocator<char> >::size_type, std::__cxx11::basic_string<char, std::char_traits<char>, std::allocator<char> >::allocator_type const&)+0xd9>
  b0:	test   r12,r12
  b3:	je     d9 <std::__cxx11::basic_string<char, std::char_traits<char>, std::allocator<char> > std::__str_concat<std::__cxx11::basic_string<char, std::char_traits<char>, std::allocator<char> > >(std::__cxx11::basic_string<char, std::char_traits<char>, std::allocator<char> >::value_type const*, std::__cxx11::basic_string<char, std::char_traits<char>, std::allocator<char> >::size_type, std::__cxx11::basic_string<char, std::char_traits<char>, std::allocator<char> >::value_type const*, std::__cxx11::basic_string<char, std::char_traits<char>, std::allocator<char> >::size_type, std::__cxx11::basic_string<char, std::char_traits<char>, std::allocator<char> >::allocator_type const&)+0xd9>
  b5:	cmp    r12,0x1
  b9:	jne    c9 <std::__cxx11::basic_string<char, std::char_traits<char>, std::allocator<char> > std::__str_concat<std::__cxx11::basic_string<char, std::char_traits<char>, std::allocator<char> > >(std::__cxx11::basic_string<char, std::char_traits<char>, std::allocator<char> >::value_type const*, std::__cxx11::basic_string<char, std::char_traits<char>, std::allocator<char> >::size_type, std::__cxx11::basic_string<char, std::char_traits<char>, std::allocator<char> >::value_type const*, std::__cxx11::basic_string<char, std::char_traits<char>, std::allocator<char> >::size_type, std::__cxx11::basic_string<char, std::char_traits<char>, std::allocator<char> >::allocator_type const&)+0xc9>
  bb:	mov    rax,QWORD PTR [rsp+0x10]
  c0:	movzx  eax,BYTE PTR [rax]
  c3:	mov    BYTE PTR [r13+0x0],al
  c7:	jmp    d9 <std::__cxx11::basic_string<char, std::char_traits<char>, std::allocator<char> > std::__str_concat<std::__cxx11::basic_string<char, std::char_traits<char>, std::allocator<char> > >(std::__cxx11::basic_string<char, std::char_traits<char>, std::allocator<char> >::value_type const*, std::__cxx11::basic_string<char, std::char_traits<char>, std::allocator<char> >::size_type, std::__cxx11::basic_string<char, std::char_traits<char>, std::allocator<char> >::value_type const*, std::__cxx11::basic_string<char, std::char_traits<char>, std::allocator<char> >::size_type, std::__cxx11::basic_string<char, std::char_traits<char>, std::allocator<char> >::allocator_type const&)+0xd9>
  c9:	mov    rdi,r13
  cc:	mov    rsi,QWORD PTR [rsp+0x10]
  d1:	mov    rdx,r12
  d4:	call   d9 <std::__cxx11::basic_string<char, std::char_traits<char>, std::allocator<char> > std::__str_concat<std::__cxx11::basic_string<char, std::char_traits<char>, std::allocator<char> > >(std::__cxx11::basic_string<char, std::char_traits<char>, std::allocator<char> >::value_type const*, std::__cxx11::basic_string<char, std::char_traits<char>, std::allocator<char> >::size_type, std::__cxx11::basic_string<char, std::char_traits<char>, std::allocator<char> >::value_type const*, std::__cxx11::basic_string<char, std::char_traits<char>, std::allocator<char> >::size_type, std::__cxx11::basic_string<char, std::char_traits<char>, std::allocator<char> >::allocator_type const&)+0xd9>
  d9:	mov    QWORD PTR [rbx+0x8],r12
  dd:	mov    BYTE PTR [r13+r12*1+0x0],0x0
  e3:	mov    rsi,QWORD PTR [rbx+0x8]
  e7:	movabs rax,0x7fffffffffffffff
  f1:	xor    rax,rsi
  f4:	cmp    rax,r14
  f7:	jb     177 <std::__cxx11::basic_string<char, std::char_traits<char>, std::allocator<char> > std::__str_concat<std::__cxx11::basic_string<char, std::char_traits<char>, std::allocator<char> > >(std::__cxx11::basic_string<char, std::char_traits<char>, std::allocator<char> >::value_type const*, std::__cxx11::basic_string<char, std::char_traits<char>, std::allocator<char> >::size_type, std::__cxx11::basic_string<char, std::char_traits<char>, std::allocator<char> >::value_type const*, std::__cxx11::basic_string<char, std::char_traits<char>, std::allocator<char> >::size_type, std::__cxx11::basic_string<char, std::char_traits<char>, std::allocator<char> >::allocator_type const&)+0x177>
  f9:	lea    r12,[rsi+r14*1]
  fd:	mov    rdi,QWORD PTR [rbx]
 100:	mov    eax,0xf
 105:	cmp    rdi,r15
 108:	je     10d <std::__cxx11::basic_string<char, std::char_traits<char>, std::allocator<char> > std::__str_concat<std::__cxx11::basic_string<char, std::char_traits<char>, std::allocator<char> > >(std::__cxx11::basic_string<char, std::char_traits<char>, std::allocator<char> >::value_type const*, std::__cxx11::basic_string<char, std::char_traits<char>, std::allocator<char> >::size_type, std::__cxx11::basic_string<char, std::char_traits<char>, std::allocator<char> >::value_type const*, std::__cxx11::basic_string<char, std::char_traits<char>, std::allocator<char> >::size_type, std::__cxx11::basic_string<char, std::char_traits<char>, std::allocator<char> >::allocator_type const&)+0x10d>
 10a:	mov    rax,QWORD PTR [r15]
 10d:	cmp    r12,rax
 110:	jbe    126 <std::__cxx11::basic_string<char, std::char_traits<char>, std::allocator<char> > std::__str_concat<std::__cxx11::basic_string<char, std::char_traits<char>, std::allocator<char> > >(std::__cxx11::basic_string<char, std::char_traits<char>, std::allocator<char> >::value_type const*, std::__cxx11::basic_string<char, std::char_traits<char>, std::allocator<char> >::size_type, std::__cxx11::basic_string<char, std::char_traits<char>, std::allocator<char> >::value_type const*, std::__cxx11::basic_string<char, std::char_traits<char>, std::allocator<char> >::size_type, std::__cxx11::basic_string<char, std::char_traits<char>, std::allocator<char> >::allocator_type const&)+0x126>
 112:	mov    rdi,rbx
 115:	xor    edx,edx
 117:	mov    rcx,QWORD PTR [rsp+0x8]
 11c:	mov    r8,r14
 11f:	call   124 <std::__cxx11::basic_string<char, std::char_traits<char>, std::allocator<char> > std::__str_concat<std::__cxx11::basic_string<char, std::char_traits<char>, std::allocator<char> > >(std::__cxx11::basic_string<char, std::char_traits<char>, std::allocator<char> >::value_type const*, std::__cxx11::basic_string<char, std::char_traits<char>, std::allocator<char> >::size_type, std::__cxx11::basic_string<char, std::char_traits<char>, std::allocator<char> >::value_type const*, std::__cxx11::basic_string<char, std::char_traits<char>, std::allocator<char> >::size_type, std::__cxx11::basic_string<char, std::char_traits<char>, std::allocator<char> >::allocator_type const&)+0x124>
 124:	jmp    14d <std::__cxx11::basic_string<char, std::char_traits<char>, std::allocator<char> > std::__str_concat<std::__cxx11::basic_string<char, std::char_traits<char>, std::allocator<char> > >(std::__cxx11::basic_string<char, std::char_traits<char>, std::allocator<char> >::value_type const*, std::__cxx11::basic_string<char, std::char_traits<char>, std::allocator<char> >::size_type, std::__cxx11::basic_string<char, std::char_traits<char>, std::allocator<char> >::value_type const*, std::__cxx11::basic_string<char, std::char_traits<char>, std::allocator<char> >::size_type, std::__cxx11::basic_string<char, std::char_traits<char>, std::allocator<char> >::allocator_type const&)+0x14d>
 126:	test   r14,r14
 129:	je     14d <std::__cxx11::basic_string<char, std::char_traits<char>, std::allocator<char> > std::__str_concat<std::__cxx11::basic_string<char, std::char_traits<char>, std::allocator<char> > >(std::__cxx11::basic_string<char, std::char_traits<char>, std::allocator<char> >::value_type const*, std::__cxx11::basic_string<char, std::char_traits<char>, std::allocator<char> >::size_type, std::__cxx11::basic_string<char, std::char_traits<char>, std::allocator<char> >::value_type const*, std::__cxx11::basic_string<char, std::char_traits<char>, std::allocator<char> >::size_type, std::__cxx11::basic_string<char, std::char_traits<char>, std::allocator<char> >::allocator_type const&)+0x14d>
 12b:	add    rdi,rsi
 12e:	cmp    r14,0x1
 132:	jne    140 <std::__cxx11::basic_string<char, std::char_traits<char>, std::allocator<char> > std::__str_concat<std::__cxx11::basic_string<char, std::char_traits<char>, std::allocator<char> > >(std::__cxx11::basic_string<char, std::char_traits<char>, std::allocator<char> >::value_type const*, std::__cxx11::basic_string<char, std::char_traits<char>, std::allocator<char> >::size_type, std::__cxx11::basic_string<char, std::char_traits<char>, std::allocator<char> >::value_type const*, std::__cxx11::basic_string<char, std::char_traits<char>, std::allocator<char> >::size_type, std::__cxx11::basic_string<char, std::char_traits<char>, std::allocator<char> >::allocator_type const&)+0x140>
 134:	mov    rax,QWORD PTR [rsp+0x8]
 139:	movzx  eax,BYTE PTR [rax]
 13c:	mov    BYTE PTR [rdi],al
 13e:	jmp    14d <std::__cxx11::basic_string<char, std::char_traits<char>, std::allocator<char> > std::__str_concat<std::__cxx11::basic_string<char, std::char_traits<char>, std::allocator<char> > >(std::__cxx11::basic_string<char, std::char_traits<char>, std::allocator<char> >::value_type const*, std::__cxx11::basic_string<char, std::char_traits<char>, std::allocator<char> >::size_type, std::__cxx11::basic_string<char, std::char_traits<char>, std::allocator<char> >::value_type const*, std::__cxx11::basic_string<char, std::char_traits<char>, std::allocator<char> >::size_type, std::__cxx11::basic_string<char, std::char_traits<char>, std::allocator<char> >::allocator_type const&)+0x14d>
 140:	mov    rsi,QWORD PTR [rsp+0x8]
 145:	mov    rdx,r14
 148:	call   14d <std::__cxx11::basic_string<char, std::char_traits<char>, std::allocator<char> > std::__str_concat<std::__cxx11::basic_string<char, std::char_traits<char>, std::allocator<char> > >(std::__cxx11::basic_string<char, std::char_traits<char>, std::allocator<char> >::value_type const*, std::__cxx11::basic_string<char, std::char_traits<char>, std::allocator<char> >::size_type, std::__cxx11::basic_string<char, std::char_traits<char>, std::allocator<char> >::value_type const*, std::__cxx11::basic_string<char, std::char_traits<char>, std::allocator<char> >::size_type, std::__cxx11::basic_string<char, std::char_traits<char>, std::allocator<char> >::allocator_type const&)+0x14d>
 14d:	mov    QWORD PTR [rbx+0x8],r12
 151:	mov    rax,QWORD PTR [rbx]
 154:	mov    BYTE PTR [rax+r12*1],0x0
 159:	mov    rax,rbx
 15c:	add    rsp,0x18
 160:	pop    rbx
 161:	pop    r12
 163:	pop    r13
 165:	pop    r14
 167:	pop    r15
 169:	pop    rbp
 16a:	ret
 16b:	call   170 <std::__cxx11::basic_string<char, std::char_traits<char>, std::allocator<char> > std::__str_concat<std::__cxx11::basic_string<char, std::char_traits<char>, std::allocator<char> > >(std::__cxx11::basic_string<char, std::char_traits<char>, std::allocator<char> >::value_type const*, std::__cxx11::basic_string<char, std::char_traits<char>, std::allocator<char> >::size_type, std::__cxx11::basic_string<char, std::char_traits<char>, std::allocator<char> >::value_type const*, std::__cxx11::basic_string<char, std::char_traits<char>, std::allocator<char> >::size_type, std::__cxx11::basic_string<char, std::char_traits<char>, std::allocator<char> >::allocator_type const&)+0x170>
 170:	lea    rbp,[rip+0x0]        # 177 <std::__cxx11::basic_string<char, std::char_traits<char>, std::allocator<char> > std::__str_concat<std::__cxx11::basic_string<char, std::char_traits<char>, std::allocator<char> > >(std::__cxx11::basic_string<char, std::char_traits<char>, std::allocator<char> >::value_type const*, std::__cxx11::basic_string<char, std::char_traits<char>, std::allocator<char> >::size_type, std::__cxx11::basic_string<char, std::char_traits<char>, std::allocator<char> >::value_type const*, std::__cxx11::basic_string<char, std::char_traits<char>, std::allocator<char> >::size_type, std::__cxx11::basic_string<char, std::char_traits<char>, std::allocator<char> >::allocator_type const&)+0x177>
 177:	mov    rdi,rbp
 17a:	call   17f <std::__cxx11::basic_string<char, std::char_traits<char>, std::allocator<char> > std::__str_concat<std::__cxx11::basic_string<char, std::char_traits<char>, std::allocator<char> > >(std::__cxx11::basic_string<char, std::char_traits<char>, std::allocator<char> >::value_type const*, std::__cxx11::basic_string<char, std::char_traits<char>, std::allocator<char> >::size_type, std::__cxx11::basic_string<char, std::char_traits<char>, std::allocator<char> >::value_type const*, std::__cxx11::basic_string<char, std::char_traits<char>, std::allocator<char> >::size_type, std::__cxx11::basic_string<char, std::char_traits<char>, std::allocator<char> >::allocator_type const&)+0x17f>
 17f:	mov    r14,rax
 182:	mov    rdi,QWORD PTR [rbx]
 185:	cmp    rdi,r15
 188:	je     18f <std::__cxx11::basic_string<char, std::char_traits<char>, std::allocator<char> > std::__str_concat<std::__cxx11::basic_string<char, std::char_traits<char>, std::allocator<char> > >(std::__cxx11::basic_string<char, std::char_traits<char>, std::allocator<char> >::value_type const*, std::__cxx11::basic_string<char, std::char_traits<char>, std::allocator<char> >::size_type, std::__cxx11::basic_string<char, std::char_traits<char>, std::allocator<char> >::value_type const*, std::__cxx11::basic_string<char, std::char_traits<char>, std::allocator<char> >::size_type, std::__cxx11::basic_string<char, std::char_traits<char>, std::allocator<char> >::allocator_type const&)+0x18f>
 18a:	call   18f <std::__cxx11::basic_string<char, std::char_traits<char>, std::allocator<char> > std::__str_concat<std::__cxx11::basic_string<char, std::char_traits<char>, std::allocator<char> > >(std::__cxx11::basic_string<char, std::char_traits<char>, std::allocator<char> >::value_type const*, std::__cxx11::basic_string<char, std::char_traits<char>, std::allocator<char> >::size_type, std::__cxx11::basic_string<char, std::char_traits<char>, std::allocator<char> >::value_type const*, std::__cxx11::basic_string<char, std::char_traits<char>, std::allocator<char> >::size_type, std::__cxx11::basic_string<char, std::char_traits<char>, std::allocator<char> >::allocator_type const&)+0x18f>
 18f:	mov    rdi,r14
 192:	call   197 <.L.str.24+0x15>

Disassembly of section .text._ZNSt8optionalIN4lume6BufferEEC2IS1_TnNSt9enable_ifIX7__and_vISt6__not_ISt7is_sameIS2_NSt9remove_cvINSt16remove_referenceIT_E4typeEE4typeEEES5_IS6_ISt10in_place_tSD_EESt16is_constructibleIS1_JS9_EESt14is_convertibleIS9_S1_EEEbE4typeELb1EEEOS9_:

0000000000000000 <_ZNSt8optionalIN4lume6BufferEEC2IS1_TnNSt9enable_ifIX7__and_vISt6__not_ISt7is_sameIS2_NSt9remove_cvINSt16remove_referenceIT_E4typeEE4typeEEES5_IS6_ISt10in_place_tSD_EESt16is_constructibleIS1_JS9_EESt14is_convertibleIS9_S1_EEEbE4typeELb1EEEOS9_>:
   0:	mov    BYTE PTR [rdi+0x18],0xff
   4:	movzx  eax,BYTE PTR [rsi+0x18]
   8:	cmp    rax,0x3
   c:	ja     3a <_ZNSt8optionalIN4lume6BufferEEC2IS1_TnNSt9enable_ifIX7__and_vISt6__not_ISt7is_sameIS2_NSt9remove_cvINSt16remove_referenceIT_E4typeEE4typeEEES5_IS6_ISt10in_place_tSD_EESt16is_constructibleIS1_JS9_EESt14is_convertibleIS9_S1_EEEbE4typeELb1EEEOS9_+0x3a>
   e:	lea    rcx,[rip+0x0]        # 15 <_ZNSt8optionalIN4lume6BufferEEC2IS1_TnNSt9enable_ifIX7__and_vISt6__not_ISt7is_sameIS2_NSt9remove_cvINSt16remove_referenceIT_E4typeEE4typeEEES5_IS6_ISt10in_place_tSD_EESt16is_constructibleIS1_JS9_EESt14is_convertibleIS9_S1_EEEbE4typeELb1EEEOS9_+0x15>
  15:	movsxd rdx,DWORD PTR [rcx+rax*4]
  19:	add    rdx,rcx
  1c:	jmp    rdx
  1e:	movups xmm0,XMMWORD PTR [rsi]
  21:	movups XMMWORD PTR [rdi],xmm0
  24:	mov    rcx,QWORD PTR [rsi+0x10]
  28:	mov    QWORD PTR [rdi+0x10],rcx
  2c:	xorps  xmm0,xmm0
  2f:	movups XMMWORD PTR [rsi],xmm0
  32:	mov    QWORD PTR [rsi+0x10],0x0
  3a:	mov    BYTE PTR [rdi+0x18],al
  3d:	mov    BYTE PTR [rdi+0x20],0x1
  41:	ret
  42:	movups xmm0,XMMWORD PTR [rsi]
  45:	mov    QWORD PTR [rsi+0x8],0x0
  4d:	movups XMMWORD PTR [rdi],xmm0
  50:	mov    QWORD PTR [rsi],0x0
  57:	mov    BYTE PTR [rdi+0x18],al
  5a:	mov    BYTE PTR [rdi+0x20],0x1
  5e:	ret

Disassembly of section .text._ZN4lume6BufferD2Ev:

0000000000000000 <lume::Buffer::~Buffer()>:
   0:	movzx  eax,BYTE PTR [rdi+0x18]
   4:	cmp    eax,0xff
   9:	je     46 <lume::Buffer::~Buffer()+0x46>
   b:	push   rbx
   c:	mov    rbx,rdi
   f:	mov    rdi,QWORD PTR [rdi]
  12:	mov    eax,eax
  14:	lea    rcx,[rip+0x0]        # 1b <lume::Buffer::~Buffer()+0x1b>
  1b:	movsxd rax,DWORD PTR [rcx+rax*4]
  1f:	add    rax,rcx
  22:	jmp    rax
  24:	test   rdi,rdi
  27:	je     41 <lume::Buffer::~Buffer()+0x41>
  29:	call   2e <lume::Buffer::~Buffer()+0x2e>
  2e:	jmp    41 <lume::Buffer::~Buffer()+0x41>
  30:	test   rdi,rdi
  33:	je     3a <lume::Buffer::~Buffer()+0x3a>
  35:	call   3a <lume::Buffer::~Buffer()+0x3a>
  3a:	mov    QWORD PTR [rbx],0x0
  41:	mov    BYTE PTR [rbx+0x18],0xff
  45:	pop    rbx
  46:	ret

Disassembly of section .text._ZNSt8__detail9__variant16_Variant_storageILb0EJSt6vectorIfSaIfEES2_IiSaIiEEN4lume10OwnedArrayIfEENS8_IiEEEED2Ev:

0000000000000000 <std::__detail::__variant::_Variant_storage<false, std::vector<float, std::allocator<float> >, std::vector<int, std::allocator<int> >, lume::OwnedArray<float>, lume::OwnedArray<int> >::~_Variant_storage()>:
   0:	movzx  eax,BYTE PTR [rdi+0x18]
   4:	cmp    eax,0xff
   9:	je     46 <std::__detail::__variant::_Variant_storage<false, std::vector<float, std::allocator<float> >, std::vector<int, std::allocator<int> >, lume::OwnedArray<float>, lume::OwnedArray<int> >::~_Variant_storage()+0x46>
   b:	push   rbx
   c:	mov    rbx,rdi
   f:	mov    rdi,QWORD PTR [rdi]
  12:	mov    eax,eax
  14:	lea    rcx,[rip+0x0]        # 1b <std::__detail::__variant::_Variant_storage<false, std::vector<float, std::allocator<float> >, std::vector<int, std::allocator<int> >, lume::OwnedArray<float>, lume::OwnedArray<int> >::~_Variant_storage()+0x1b>
  1b:	movsxd rax,DWORD PTR [rcx+rax*4]
  1f:	add    rax,rcx
  22:	jmp    rax
  24:	test   rdi,rdi
  27:	je     41 <std::__detail::__variant::_Variant_storage<false, std::vector<float, std::allocator<float> >, std::vector<int, std::allocator<int> >, lume::OwnedArray<float>, lume::OwnedArray<int> >::~_Variant_storage()+0x41>
  29:	call   2e <std::__detail::__variant::_Variant_storage<false, std::vector<float, std::allocator<float> >, std::vector<int, std::allocator<int> >, lume::OwnedArray<float>, lume::OwnedArray<int> >::~_Variant_storage()+0x2e>
  2e:	jmp    41 <std::__detail::__variant::_Variant_storage<false, std::vector<float, std::allocator<float> >, std::vector<int, std::allocator<int> >, lume::OwnedArray<float>, lume::OwnedArray<int> >::~_Variant_storage()+0x41>
  30:	test   rdi,rdi
  33:	je     3a <std::__detail::__variant::_Variant_storage<false, std::vector<float, std::allocator<float> >, std::vector<int, std::allocator<int> >, lume::OwnedArray<float>, lume::OwnedArray<int> >::~_Variant_storage()+0x3a>
  35:	call   3a <std::__detail::__variant::_Variant_storage<false, std::vector<float, std::allocator<float> >, std::vector<int, std::allocator<int> >, lume::OwnedArray<float>, lume::OwnedArray<int> >::~_Variant_storage()+0x3a>
  3a:	mov    QWORD PTR [rbx],0x0
  41:	mov    BYTE PTR [rbx+0x18],0xff
  45:	pop    rbx
  46:	ret

Disassembly of section .text._ZNSt22_Optional_payload_baseIN4lume6BufferEE14_M_move_assignEOS2_:

0000000000000000 <std::_Optional_payload_base<lume::Buffer>::_M_move_assign(std::_Optional_payload_base<lume::Buffer>&&)>:
   0:	push   rbx
   1:	sub    rsp,0x10
   5:	movzx  eax,BYTE PTR [rdi+0x20]
   9:	movzx  ecx,BYTE PTR [rsi+0x20]
   d:	test   al,al
   f:	je     2a <std::_Optional_payload_base<lume::Buffer>::_M_move_assign(std::_Optional_payload_base<lume::Buffer>&&)+0x2a>
  11:	test   cl,cl
  13:	je     2a <std::_Optional_payload_base<lume::Buffer>::_M_move_assign(std::_Optional_payload_base<lume::Buffer>&&)+0x2a>
  15:	mov    QWORD PTR [rsp+0x8],rdi
  1a:	lea    rdi,[rsp+0x8]
  1f:	call   24 <std::_Optional_payload_base<lume::Buffer>::_M_move_assign(std::_Optional_payload_base<lume::Buffer>&&)+0x24>
  24:	add    rsp,0x10
  28:	pop    rbx
  29:	ret
  2a:	test   cl,cl
  2c:	je     6e <std::_Optional_payload_base<lume::Buffer>::_M_move_assign(std::_Optional_payload_base<lume::Buffer>&&)+0x6e>
  2e:	mov    BYTE PTR [rdi+0x18],0xff
  32:	movzx  eax,BYTE PTR [rsi+0x18]
  36:	cmp    rax,0x3
  3a:	ja     c9 <std::_Optional_payload_base<lume::Buffer>::_M_move_assign(std::_Optional_payload_base<lume::Buffer>&&)+0xc9>
  40:	lea    rcx,[rip+0x0]        # 47 <std::_Optional_payload_base<lume::Buffer>::_M_move_assign(std::_Optional_payload_base<lume::Buffer>&&)+0x47>
  47:	movsxd rdx,DWORD PTR [rcx+rax*4]
  4b:	add    rdx,rcx
  4e:	jmp    rdx
  50:	movups xmm0,XMMWORD PTR [rsi]
  53:	movups XMMWORD PTR [rdi],xmm0
  56:	mov    rcx,QWORD PTR [rsi+0x10]
  5a:	mov    QWORD PTR [rdi+0x10],rcx
  5e:	xorps  xmm0,xmm0
  61:	movups XMMWORD PTR [rsi],xmm0
  64:	mov    QWORD PTR [rsi+0x10],0x0
  6c:	jmp    c9 <std::_Optional_payload_base<lume::Buffer>::_M_move_assign(std::_Optional_payload_base<lume::Buffer>&&)+0xc9>
  6e:	mov    BYTE PTR [rdi+0x20],0x0
  72:	test   al,al
  74:	je     24 <std::_Optional_payload_base<lume::Buffer>::_M_move_assign(std::_Optional_payload_base<lume::Buffer>&&)+0x24>
  76:	movzx  ecx,BYTE PTR [rdi+0x18]
  7a:	cmp    ecx,0xff
  80:	je     24 <std::_Optional_payload_base<lume::Buffer>::_M_move_assign(std::_Optional_payload_base<lume::Buffer>&&)+0x24>
  82:	mov    rax,QWORD PTR [rdi]
  85:	mov    ecx,ecx
  87:	lea    rdx,[rip+0x0]        # 8e <std::_Optional_payload_base<lume::Buffer>::_M_move_assign(std::_Optional_payload_base<lume::Buffer>&&)+0x8e>
  8e:	movsxd rcx,DWORD PTR [rdx+rcx*4]
  92:	add    rcx,rdx
  95:	jmp    rcx
  97:	test   rax,rax
  9a:	je     aa <std::_Optional_payload_base<lume::Buffer>::_M_move_assign(std::_Optional_payload_base<lume::Buffer>&&)+0xaa>
  9c:	mov    rbx,rdi
  9f:	mov    rdi,rax
  a2:	call   a7 <std::_Optional_payload_base<lume::Buffer>::_M_move_assign(std::_Optional_payload_base<lume::Buffer>&&)+0xa7>
  a7:	mov    rdi,rbx
  aa:	mov    BYTE PTR [rdi+0x18],0xff
  ae:	add    rsp,0x10
  b2:	pop    rbx
  b3:	ret
  b4:	movups xmm0,XMMWORD PTR [rsi]
  b7:	mov    QWORD PTR [rsi+0x8],0x0
  bf:	movups XMMWORD PTR [rdi],xmm0
  c2:	mov    QWORD PTR [rsi],0x0
  c9:	mov    BYTE PTR [rdi+0x18],al
  cc:	mov    BYTE PTR [rdi+0x20],0x1
  d0:	add    rsp,0x10
  d4:	pop    rbx
  d5:	ret
  d6:	test   rax,rax
  d9:	je     e9 <std::_Optional_payload_base<lume::Buffer>::_M_move_assign(std::_Optional_payload_base<lume::Buffer>&&)+0xe9>
  db:	mov    rbx,rdi
  de:	mov    rdi,rax
  e1:	call   e6 <std::_Optional_payload_base<lume::Buffer>::_M_move_assign(std::_Optional_payload_base<lume::Buffer>&&)+0xe6>
  e6:	mov    rdi,rbx
  e9:	mov    QWORD PTR [rdi],0x0
  f0:	mov    BYTE PTR [rdi+0x18],0xff
  f4:	add    rsp,0x10
  f8:	pop    rbx
  f9:	ret
  fa:	mov    rdi,rax
  fd:	call   102 <.L.str.16+0xf>

Disassembly of section .text._ZSt10__do_visitINSt8__detail9__variant20__variant_idx_cookieEZNS1_17_Move_assign_baseILb0EJSt6vectorIfSaIfEES4_IiSaIiEEN4lume10OwnedArrayIfEENSA_IiEEEEaSEOSD_EUlOT_T0_E_JRSt7variantIJS6_S8_SB_SC_EEEEDcOSH_DpOT1_:

0000000000000000 <decltype(auto) std::__do_visit<std::__detail::__variant::__variant_idx_cookie, std::__detail::__variant::_Move_assign_base<false, std::vector<float, std::allocator<float> >, std::vector<int, std::allocator<int> >, lume::OwnedArray<float>, lume::OwnedArray<int> >::operator=(std::__detail::__variant::_Move_assign_base<false, std::vector<float, std::allocator<float> >, std::vector<int, std::allocator<int> >, lume::OwnedArray<float>, lume::OwnedArray<int> >&&)::{lambda(auto:1&&, auto:2)#1}, std::variant<std::vector<float, std::allocator<float> >, std::vector<int, std::allocator<int> >, lume::OwnedArray<float>, lume::OwnedArray<int> >&>(std::__detail::__variant::_Move_assign_base<false, std::vector<float, std::allocator<float> >, std::vector<int, std::allocator<int> >, lume::OwnedArray<float>, lume::OwnedArray<int> >::operator=(std::__detail::__variant::_Move_assign_base<false, std::vector<float, std::allocator<float> >, std::vector<int, std::allocator<int> >, lume::OwnedArray<float>, lume::OwnedArray<int> >&&)::{lambda(auto:1&&, auto:2)#1}&&, std::variant<std::vector<float, std::allocator<float> >, std::vector<int, std::allocator<int> >, lume::OwnedArray<float>, lume::OwnedArray<int> >&)>:
   0:	push   rbx
   1:	sub    rsp,0x10
   5:	movzx  eax,BYTE PTR [rsi+0x18]
   9:	cmp    rax,0x3
   d:	ja     5f <decltype(auto) std::__do_visit<std::__detail::__variant::__variant_idx_cookie, std::__detail::__variant::_Move_assign_base<false, std::vector<float, std::allocator<float> >, std::vector<int, std::allocator<int> >, lume::OwnedArray<float>, lume::OwnedArray<int> >::operator=(std::__detail::__variant::_Move_assign_base<false, std::vector<float, std::allocator<float> >, std::vector<int, std::allocator<int> >, lume::OwnedArray<float>, lume::OwnedArray<int> >&&)::{lambda(auto:1&&, auto:2)#1}, std::variant<std::vector<float, std::allocator<float> >, std::vector<int, std::allocator<int> >, lume::OwnedArray<float>, lume::OwnedArray<int> >&>(std::__detail::__variant::_Move_assign_base<false, std::vector<float, std::allocator<float> >, std::vector<int, std::allocator<int> >, lume::OwnedArray<float>, lume::OwnedArray<int> >::operator=(std::__detail::__variant::_Move_assign_base<false, std::vector<float, std::allocator<float> >, std::vector<int, std::allocator<int> >, lume::OwnedArray<float>, lume::OwnedArray<int> >&&)::{lambda(auto:1&&, auto:2)#1}&&, std::variant<std::vector<float, std::allocator<float> >, std::vector<int, std::allocator<int> >, lume::OwnedArray<float>, lume::OwnedArray<int> >&)+0x5f>
   f:	lea    rcx,[rip+0x0]        # 16 <decltype(auto) std::__do_visit<std::__detail::__variant::__variant_idx_cookie, std::__detail::__variant::_Move_assign_base<false, std::vector<float, std::allocator<float> >, std::vector<int, std::allocator<int> >, lume::OwnedArray<float>, lume::OwnedArray<int> >::operator=(std::__detail::__variant::_Move_assign_base<false, std::vector<float, std::allocator<float> >, std::vector<int, std::allocator<int> >, lume::OwnedArray<float>, lume::OwnedArray<int> >&&)::{lambda(auto:1&&, auto:2)#1}, std::variant<std::vector<float, std::allocator<float> >, std::vector<int, std::allocator<int> >, lume::OwnedArray<float>, lume::OwnedArray<int> >&>(std::__detail::__variant::_Move_assign_base<false, std::vector<float, std::allocator<float> >, std::vector<int, std::allocator<int> >, lume::OwnedArray<float>, lume::OwnedArray<int> >::operator=(std::__detail::__variant::_Move_assign_base<false, std::vector<float, std::allocator<float> >, std::vector<int, std::allocator<int> >, lume::OwnedArray<float>, lume::OwnedArray<int> >&&)::{lambda(auto:1&&, auto:2)#1}&&, std::variant<std::vector<float, std::allocator<float> >, std::vector<int, std::allocator<int> >, lume::OwnedArray<float>, lume::OwnedArray<int> >&)+0x16>
  16:	movsxd rax,DWORD PTR [rcx+rax*4]
  1a:	add    rax,rcx
  1d:	jmp    rax
  1f:	lea    rdx,[rsp+0xc]
  24:	call   29 <decltype(auto) std::__do_visit<std::__detail::__variant::__variant_idx_cookie, std::__detail::__variant::_Move_assign_base<false, std::vector<float, std::allocator<float> >, std::vector<int, std::allocator<int> >, lume::OwnedArray<float>, lume::OwnedArray<int> >::operator=(std::__detail::__variant::_Move_assign_base<false, std::vector<float, std::allocator<float> >, std::vector<int, std::allocator<int> >, lume::OwnedArray<float>, lume::OwnedArray<int> >&&)::{lambda(auto:1&&, auto:2)#1}, std::variant<std::vector<float, std::allocator<float> >, std::vector<int, std::allocator<int> >, lume::OwnedArray<float>, lume::OwnedArray<int> >&>(std::__detail::__variant::_Move_assign_base<false, std::vector<float, std::allocator<float> >, std::vector<int, std::allocator<int> >, lume::OwnedArray<float>, lume::OwnedArray<int> >::operator=(std::__detail::__variant::_Move_assign_base<false, std::vector<float, std::allocator<float> >, std::vector<int, std::allocator<int> >, lume::OwnedArray<float>, lume::OwnedArray<int> >&&)::{lambda(auto:1&&, auto:2)#1}&&, std::variant<std::vector<float, std::allocator<float> >, std::vector<int, std::allocator<int> >, lume::OwnedArray<float>, lume::OwnedArray<int> >&)+0x29>
  29:	add    rsp,0x10
  2d:	pop    rbx
  2e:	ret
  2f:	lea    rdx,[rsp+0xe]
  34:	call   39 <decltype(auto) std::__do_visit<std::__detail::__variant::__variant_idx_cookie, std::__detail::__variant::_Move_assign_base<false, std::vector<float, std::allocator<float> >, std::vector<int, std::allocator<int> >, lume::OwnedArray<float>, lume::OwnedArray<int> >::operator=(std::__detail::__variant::_Move_assign_base<false, std::vector<float, std::allocator<float> >, std::vector<int, std::allocator<int> >, lume::OwnedArray<float>, lume::OwnedArray<int> >&&)::{lambda(auto:1&&, auto:2)#1}, std::variant<std::vector<float, std::allocator<float> >, std::vector<int, std::allocator<int> >, lume::OwnedArray<float>, lume::OwnedArray<int> >&>(std::__detail::__variant::_Move_assign_base<false, std::vector<float, std::allocator<float> >, std::vector<int, std::allocator<int> >, lume::OwnedArray<float>, lume::OwnedArray<int> >::operator=(std::__detail::__variant::_Move_assign_base<false, std::vector<float, std::allocator<float> >, std::vector<int, std::allocator<int> >, lume::OwnedArray<float>, lume::OwnedArray<int> >&&)::{lambda(auto:1&&, auto:2)#1}&&, std::variant<std::vector<float, std::allocator<float> >, std::vector<int, std::allocator<int> >, lume::OwnedArray<float>, lume::OwnedArray<int> >&)+0x39>
  39:	add    rsp,0x10
  3d:	pop    rbx
  3e:	ret
  3f:	lea    rdx,[rsp+0xf]
  44:	call   49 <decltype(auto) std::__do_visit<std::__detail::__variant::__variant_idx_cookie, std::__detail::__variant::_Move_assign_base<false, std::vector<float, std::allocator<float> >, std::vector<int, std::allocator<int> >, lume::OwnedArray<float>, lume::OwnedArray<int> >::operator=(std::__detail::__variant::_Move_assign_base<false, std::vector<float, std::allocator<float> >, std::vector<int, std::allocator<int> >, lume::OwnedArray<float>, lume::OwnedArray<int> >&&)::{lambda(auto:1&&, auto:2)#1}, std::variant<std::vector<float, std::allocator<float> >, std::vector<int, std::allocator<int> >, lume::OwnedArray<float>, lume::OwnedArray<int> >&>(std::__detail::__variant::_Move_assign_base<false, std::vector<float, std::allocator<float> >, std::vector<int, std::allocator<int> >, lume::OwnedArray<float>, lume::OwnedArray<int> >::operator=(std::__detail::__variant::_Move_assign_base<false, std::vector<float, std::allocator<float> >, std::vector<int, std::allocator<int> >, lume::OwnedArray<float>, lume::OwnedArray<int> >&&)::{lambda(auto:1&&, auto:2)#1}&&, std::variant<std::vector<float, std::allocator<float> >, std::vector<int, std::allocator<int> >, lume::OwnedArray<float>, lume::OwnedArray<int> >&)+0x49>
  49:	add    rsp,0x10
  4d:	pop    rbx
  4e:	ret
  4f:	lea    rdx,[rsp+0xd]
  54:	call   59 <decltype(auto) std::__do_visit<std::__detail::__variant::__variant_idx_cookie, std::__detail::__variant::_Move_assign_base<false, std::vector<float, std::allocator<float> >, std::vector<int, std::allocator<int> >, lume::OwnedArray<float>, lume::OwnedArray<int> >::operator=(std::__detail::__variant::_Move_assign_base<false, std::vector<float, std::allocator<float> >, std::vector<int, std::allocator<int> >, lume::OwnedArray<float>, lume::OwnedArray<int> >&&)::{lambda(auto:1&&, auto:2)#1}, std::variant<std::vector<float, std::allocator<float> >, std::vector<int, std::allocator<int> >, lume::OwnedArray<float>, lume::OwnedArray<int> >&>(std::__detail::__variant::_Move_assign_base<false, std::vector<float, std::allocator<float> >, std::vector<int, std::allocator<int> >, lume::OwnedArray<float>, lume::OwnedArray<int> >::operator=(std::__detail::__variant::_Move_assign_base<false, std::vector<float, std::allocator<float> >, std::vector<int, std::allocator<int> >, lume::OwnedArray<float>, lume::OwnedArray<int> >&&)::{lambda(auto:1&&, auto:2)#1}&&, std::variant<std::vector<float, std::allocator<float> >, std::vector<int, std::allocator<int> >, lume::OwnedArray<float>, lume::OwnedArray<int> >&)+0x59>
  59:	add    rsp,0x10
  5d:	pop    rbx
  5e:	ret
  5f:	mov    rbx,QWORD PTR [rdi]
  62:	movzx  eax,BYTE PTR [rbx+0x18]
  66:	cmp    eax,0xff
  6b:	je     29 <decltype(auto) std::__do_visit<std::__detail::__variant::__variant_idx_cookie, std::__detail::__variant::_Move_assign_base<false, std::vector<float, std::allocator<float> >, std::vector<int, std::allocator<int> >, lume::OwnedArray<float>, lume::OwnedArray<int> >::operator=(std::__detail::__variant::_Move_assign_base<false, std::vector<float, std::allocator<float> >, std::vector<int, std::allocator<int> >, lume::OwnedArray<float>, lume::OwnedArray<int> >&&)::{lambda(auto:1&&, auto:2)#1}, std::variant<std::vector<float, std::allocator<float> >, std::vector<int, std::allocator<int> >, lume::OwnedArray<float>, lume::OwnedArray<int> >&>(std::__detail::__variant::_Move_assign_base<false, std::vector<float, std::allocator<float> >, std::vector<int, std::allocator<int> >, lume::OwnedArray<float>, lume::OwnedArray<int> >::operator=(std::__detail::__variant::_Move_assign_base<false, std::vector<float, std::allocator<float> >, std::vector<int, std::allocator<int> >, lume::OwnedArray<float>, lume::OwnedArray<int> >&&)::{lambda(auto:1&&, auto:2)#1}&&, std::variant<std::vector<float, std::allocator<float> >, std::vector<int, std::allocator<int> >, lume::OwnedArray<float>, lume::OwnedArray<int> >&)+0x29>
  6d:	mov    rdi,QWORD PTR [rbx]
  70:	mov    eax,eax
  72:	lea    rcx,[rip+0x0]        # 79 <decltype(auto) std::__do_visit<std::__detail::__variant::__variant_idx_cookie, std::__detail::__variant::_Move_assign_base<false, std::vector<float, std::allocator<float> >, std::vector<int, std::allocator<int> >, lume::OwnedArray<float>, lume::OwnedArray<int> >::operator=(std::__detail::__variant::_Move_assign_base<false, std::vector<float, std::allocator<float> >, std::vector<int, std::allocator<int> >, lume::OwnedArray<float>, lume::OwnedArray<int> >&&)::{lambda(auto:1&&, auto:2)#1}, std::variant<std::vector<float, std::allocator<float> >, std::vector<int, std::allocator<int> >, lume::OwnedArray<float>, lume::OwnedArray<int> >&>(std::__detail::__variant::_Move_assign_base<false, std::vector<float, std::allocator<float> >, std::vector<int, std::allocator<int> >, lume::OwnedArray<float>, lume::OwnedArray<int> >::operator=(std::__detail::__variant::_Move_assign_base<false, std::vector<float, std::allocator<float> >, std::vector<int, std::allocator<int> >, lume::OwnedArray<float>, lume::OwnedArray<int> >&&)::{lambda(auto:1&&, auto:2)#1}&&, std::variant<std::vector<float, std::allocator<float> >, std::vector<int, std::allocator<int> >, lume::OwnedArray<float>, lume::OwnedArray<int> >&)+0x79>
  79:	movsxd rax,DWORD PTR [rcx+rax*4]
  7d:	add    rax,rcx
  80:	jmp    rax
  82:	test   rdi,rdi
  85:	je     a7 <decltype(auto) std::__do_visit<std::__detail::__variant::__variant_idx_cookie, std::__detail::__variant::_Move_assign_base<false, std::vector<float, std::allocator<float> >, std::vector<int, std::allocator<int> >, lume::OwnedArray<float>, lume::OwnedArray<int> >::operator=(std::__detail::__variant::_Move_assign_base<false, std::vector<float, std::allocator<float> >, std::vector<int, std::allocator<int> >, lume::OwnedArray<float>, lume::OwnedArray<int> >&&)::{lambda(auto:1&&, auto:2)#1}, std::variant<std::vector<float, std::allocator<float> >, std::vector<int, std::allocator<int> >, lume::OwnedArray<float>, lume::OwnedArray<int> >&>(std::__detail::__variant::_Move_assign_base<false, std::vector<float, std::allocator<float> >, std::vector<int, std::allocator<int> >, lume::OwnedArray<float>, lume::OwnedArray<int> >::operator=(std::__detail::__variant::_Move_assign_base<false, std::vector<float, std::allocator<float> >, std::vector<int, std::allocator<int> >, lume::OwnedArray<float>, lume::OwnedArray<int> >&&)::{lambda(auto:1&&, auto:2)#1}&&, std::variant<std::vector<float, std::allocator<float> >, std::vector<int, std::allocator<int> >, lume::OwnedArray<float>, lume::OwnedArray<int> >&)+0xa7>
  87:	call   8c <decltype(auto) std::__do_visit<std::__detail::__variant::__variant_idx_cookie, std::__detail::__variant::_Move_assign_base<false, std::vector<float, std::allocator<float> >, std::vector<int, std::allocator<int> >, lume::OwnedArray<float>, lume::OwnedArray<int> >::operator=(std::__detail::__variant::_Move_assign_base<false, std::vector<float, std::allocator<float> >, std::vector<int, std::allocator<int> >, lume::OwnedArray<float>, lume::OwnedArray<int> >&&)::{lambda(auto:1&&, auto:2)#1}, std::variant<std::vector<float, std::allocator<float> >, std::vector<int, std::allocator<int> >, lume::OwnedArray<float>, lume::OwnedArray<int> >&>(std::__detail::__variant::_Move_assign_base<false, std::vector<float, std::allocator<float> >, std::vector<int, std::allocator<int> >, lume::OwnedArray<float>, lume::OwnedArray<int> >::operator=(std::__detail::__variant::_Move_assign_base<false, std::vector<float, std::allocator<float> >, std::vector<int, std::allocator<int> >, lume::OwnedArray<float>, lume::OwnedArray<int> >&&)::{lambda(auto:1&&, auto:2)#1}&&, std::variant<std::vector<float, std::allocator<float> >, std::vector<int, std::allocator<int> >, lume::OwnedArray<float>, lume::OwnedArray<int> >&)+0x8c>
  8c:	mov    BYTE PTR [rbx+0x18],0xff
  90:	add    rsp,0x10
  94:	pop    rbx
  95:	ret
  96:	test   rdi,rdi
  99:	je     a0 <decltype(auto) std::__do_visit<std::__detail::__variant::__variant_idx_cookie, std::__detail::__variant::_Move_assign_base<false, std::vector<float, std::allocator<float> >, std::vector<int, std::allocator<int> >, lume::OwnedArray<float>, lume::OwnedArray<int> >::operator=(std::__detail::__variant::_Move_assign_base<false, std::vector<float, std::allocator<float> >, std::vector<int, std::allocator<int> >, lume::OwnedArray<float>, lume::OwnedArray<int> >&&)::{lambda(auto:1&&, auto:2)#1}, std::variant<std::vector<float, std::allocator<float> >, std::vector<int, std::allocator<int> >, lume::OwnedArray<float>, lume::OwnedArray<int> >&>(std::__detail::__variant::_Move_assign_base<false, std::vector<float, std::allocator<float> >, std::vector<int, std::allocator<int> >, lume::OwnedArray<float>, lume::OwnedArray<int> >::operator=(std::__detail::__variant::_Move_assign_base<false, std::vector<float, std::allocator<float> >, std::vector<int, std::allocator<int> >, lume::OwnedArray<float>, lume::OwnedArray<int> >&&)::{lambda(auto:1&&, auto:2)#1}&&, std::variant<std::vector<float, std::allocator<float> >, std::vector<int, std::allocator<int> >, lume::OwnedArray<float>, lume::OwnedArray<int> >&)+0xa0>
  9b:	call   a0 <decltype(auto) std::__do_visit<std::__detail::__variant::__variant_idx_cookie, std::__detail::__variant::_Move_assign_base<false, std::vector<float, std::allocator<float> >, std::vector<int, std::allocator<int> >, lume::OwnedArray<float>, lume::OwnedArray<int> >::operator=(std::__detail::__variant::_Move_assign_base<false, std::vector<float, std::allocator<float> >, std::vector<int, std::allocator<int> >, lume::OwnedArray<float>, lume::OwnedArray<int> >&&)::{lambda(auto:1&&, auto:2)#1}, std::variant<std::vector<float, std::allocator<float> >, std::vector<int, std::allocator<int> >, lume::OwnedArray<float>, lume::OwnedArray<int> >&>(std::__detail::__variant::_Move_assign_base<false, std::vector<float, std::allocator<float> >, std::vector<int, std::allocator<int> >, lume::OwnedArray<float>, lume::OwnedArray<int> >::operator=(std::__detail::__variant::_Move_assign_base<false, std::vector<float, std::allocator<float> >, std::vector<int, std::allocator<int> >, lume::OwnedArray<float>, lume::OwnedArray<int> >&&)::{lambda(auto:1&&, auto:2)#1}&&, std::variant<std::vector<float, std::allocator<float> >, std::vector<int, std::allocator<int> >, lume::OwnedArray<float>, lume::OwnedArray<int> >&)+0xa0>
  a0:	mov    QWORD PTR [rbx],0x0
  a7:	mov    BYTE PTR [rbx+0x18],0xff
  ab:	add    rsp,0x10
  af:	pop    rbx
  b0:	ret

Disassembly of section .text._ZSt13__invoke_implIvZNSt8__detail9__variant17_Move_assign_baseILb0EJSt6vectorIfSaIfEES3_IiSaIiEEN4lume10OwnedArrayIfEENS9_IiEEEEaSEOSC_EUlOT_T0_E_JRS5_St17integral_constantImLm0EEEESE_St14__invoke_otherOSG_DpOT1_:

0000000000000000 <void std::__invoke_impl<void, std::__detail::__variant::_Move_assign_base<false, std::vector<float, std::allocator<float> >, std::vector<int, std::allocator<int> >, lume::OwnedArray<float>, lume::OwnedArray<int> >::operator=(std::__detail::__variant::_Move_assign_base<false, std::vector<float, std::allocator<float> >, std::vector<int, std::allocator<int> >, lume::OwnedArray<float>, lume::OwnedArray<int> >&&)::{lambda(auto:1&&, auto:2)#1}, std::vector<float, std::allocator<float> >&, std::integral_constant<unsigned long, 0ul> >(std::__invoke_other, std::__detail::__variant::_Move_assign_base<false, std::vector<float, std::allocator<float> >, std::vector<int, std::allocator<int> >, lume::OwnedArray<float>, lume::OwnedArray<int> >::operator=(std::__detail::__variant::_Move_assign_base<false, std::vector<float, std::allocator<float> >, std::vector<int, std::allocator<int> >, lume::OwnedArray<float>, lume::OwnedArray<int> >&&)::{lambda(auto:1&&, auto:2)#1}&&, std::vector<float, std::allocator<float> >&, std::integral_constant<unsigned long, 0ul>&&)>:
   0:	push   r14
   2:	push   rbx
   3:	push   rax
   4:	mov    rbx,QWORD PTR [rdi]
   7:	movzx  eax,BYTE PTR [rbx+0x18]
   b:	test   eax,eax
   d:	jne    3f <void std::__invoke_impl<void, std::__detail::__variant::_Move_assign_base<false, std::vector<float, std::allocator<float> >, std::vector<int, std::allocator<int> >, lume::OwnedArray<float>, lume::OwnedArray<int> >::operator=(std::__detail::__variant::_Move_assign_base<false, std::vector<float, std::allocator<float> >, std::vector<int, std::allocator<int> >, lume::OwnedArray<float>, lume::OwnedArray<int> >&&)::{lambda(auto:1&&, auto:2)#1}, std::vector<float, std::allocator<float> >&, std::integral_constant<unsigned long, 0ul> >(std::__invoke_other, std::__detail::__variant::_Move_assign_base<false, std::vector<float, std::allocator<float> >, std::vector<int, std::allocator<int> >, lume::OwnedArray<float>, lume::OwnedArray<int> >::operator=(std::__detail::__variant::_Move_assign_base<false, std::vector<float, std::allocator<float> >, std::vector<int, std::allocator<int> >, lume::OwnedArray<float>, lume::OwnedArray<int> >&&)::{lambda(auto:1&&, auto:2)#1}&&, std::vector<float, std::allocator<float> >&, std::integral_constant<unsigned long, 0ul>&&)+0x3f>
   f:	mov    rdi,QWORD PTR [rbx]
  12:	movups xmm0,XMMWORD PTR [rsi]
  15:	movups XMMWORD PTR [rbx],xmm0
  18:	mov    rax,QWORD PTR [rsi+0x10]
  1c:	mov    QWORD PTR [rbx+0x10],rax
  20:	xorps  xmm0,xmm0
  23:	movups XMMWORD PTR [rsi],xmm0
  26:	mov    QWORD PTR [rsi+0x10],0x0
  2e:	test   rdi,rdi
  31:	je     9c <void std::__invoke_impl<void, std::__detail::__variant::_Move_assign_base<false, std::vector<float, std::allocator<float> >, std::vector<int, std::allocator<int> >, lume::OwnedArray<float>, lume::OwnedArray<int> >::operator=(std::__detail::__variant::_Move_assign_base<false, std::vector<float, std::allocator<float> >, std::vector<int, std::allocator<int> >, lume::OwnedArray<float>, lume::OwnedArray<int> >&&)::{lambda(auto:1&&, auto:2)#1}, std::vector<float, std::allocator<float> >&, std::integral_constant<unsigned long, 0ul> >(std::__invoke_other, std::__detail::__variant::_Move_assign_base<false, std::vector<float, std::allocator<float> >, std::vector<int, std::allocator<int> >, lume::OwnedArray<float>, lume::OwnedArray<int> >::operator=(std::__detail::__variant::_Move_assign_base<false, std::vector<float, std::allocator<float> >, std::vector<int, std::allocator<int> >, lume::OwnedArray<float>, lume::OwnedArray<int> >&&)::{lambda(auto:1&&, auto:2)#1}&&, std::vector<float, std::allocator<float> >&, std::integral_constant<unsigned long, 0ul>&&)+0x9c>
  33:	add    rsp,0x8
  37:	pop    rbx
  38:	pop    r14
  3a:	jmp    3f <void std::__invoke_impl<void, std::__detail::__variant::_Move_assign_base<false, std::vector<float, std::allocator<float> >, std::vector<int, std::allocator<int> >, lume::OwnedArray<float>, lume::OwnedArray<int> >::operator=(std::__detail::__variant::_Move_assign_base<false, std::vector<float, std::allocator<float> >, std::vector<int, std::allocator<int> >, lume::OwnedArray<float>, lume::OwnedArray<int> >&&)::{lambda(auto:1&&, auto:2)#1}, std::vector<float, std::allocator<float> >&, std::integral_constant<unsigned long, 0ul> >(std::__invoke_other, std::__detail::__variant::_Move_assign_base<false, std::vector<float, std::allocator<float> >, std::vector<int, std::allocator<int> >, lume::OwnedArray<float>, lume::OwnedArray<int> >::operator=(std::__detail::__variant::_Move_assign_base<false, std::vector<float, std::allocator<float> >, std::vector<int, std::allocator<int> >, lume::OwnedArray<float>, lume::OwnedArray<int> >&&)::{lambda(auto:1&&, auto:2)#1}&&, std::vector<float, std::allocator<float> >&, std::integral_constant<unsigned long, 0ul>&&)+0x3f>
  3f:	cmp    eax,0xff
  44:	je     7c <void std::__invoke_impl<void, std::__detail::__variant::_Move_assign_base<false, std::vector<float, std::allocator<float> >, std::vector<int, std::allocator<int> >, lume::OwnedArray<float>, lume::OwnedArray<int> >::operator=(std::__detail::__variant::_Move_assign_base<false, std::vector<float, std::allocator<float> >, std::vector<int, std::allocator<int> >, lume::OwnedArray<float>, lume::OwnedArray<int> >&&)::{lambda(auto:1&&, auto:2)#1}, std::vector<float, std::allocator<float> >&, std::integral_constant<unsigned long, 0ul> >(std::__invoke_other, std::__detail::__variant::_Move_assign_base<false, std::vector<float, std::allocator<float> >, std::vector<int, std::allocator<int> >, lume::OwnedArray<float>, lume::OwnedArray<int> >::operator=(std::__detail::__variant::_Move_assign_base<false, std::vector<float, std::allocator<float> >, std::vector<int, std::allocator<int> >, lume::OwnedArray<float>, lume::OwnedArray<int> >&&)::{lambda(auto:1&&, auto:2)#1}&&, std::vector<float, std::allocator<float> >&, std::integral_constant<unsigned long, 0ul>&&)+0x7c>
  46:	mov    rdi,QWORD PTR [rbx]
  49:	cmp    eax,0x3
  4c:	je     53 <void std::__invoke_impl<void, std::__detail::__variant::_Move_assign_base<false, std::vector<float, std::allocator<float> >, std::vector<int, std::allocator<int> >, lume::OwnedArray<float>, lume::OwnedArray<int> >::operator=(std::__detail::__variant::_Move_assign_base<false, std::vector<float, std::allocator<float> >, std::vector<int, std::allocator<int> >, lume::OwnedArray<float>, lume::OwnedArray<int> >&&)::{lambda(auto:1&&, auto:2)#1}, std::vector<float, std::allocator<float> >&, std::integral_constant<unsigned long, 0ul> >(std::__invoke_other, std::__detail::__variant::_Move_assign_base<false, std::vector<float, std::allocator<float> >, std::vector<int, std::allocator<int> >, lume::OwnedArray<float>, lume::OwnedArray<int> >::operator=(std::__detail::__variant::_Move_assign_base<false, std::vector<float, std::allocator<float> >, std::vector<int, std::allocator<int> >, lume::OwnedArray<float>, lume::OwnedArray<int> >&&)::{lambda(auto:1&&, auto:2)#1}&&, std::vector<float, std::allocator<float> >&, std::integral_constant<unsigned long, 0ul>&&)+0x53>
  4e:	cmp    eax,0x2
  51:	jne    6c <void std::__invoke_impl<void, std::__detail::__variant::_Move_assign_base<false, std::vector<float, std::allocator<float> >, std::vector<int, std::allocator<int> >, lume::OwnedArray<float>, lume::OwnedArray<int> >::operator=(std::__detail::__variant::_Move_assign_base<false, std::vector<float, std::allocator<float> >, std::vector<int, std::allocator<int> >, lume::OwnedArray<float>, lume::OwnedArray<int> >&&)::{lambda(auto:1&&, auto:2)#1}, std::vector<float, std::allocator<float> >&, std::integral_constant<unsigned long, 0ul> >(std::__invoke_other, std::__detail::__variant::_Move_assign_base<false, std::vector<float, std::allocator<float> >, std::vector<int, std::allocator<int> >, lume::OwnedArray<float>, lume::OwnedArray<int> >::operator=(std::__detail::__variant::_Move_assign_base<false, std::vector<float, std::allocator<float> >, std::vector<int, std::allocator<int> >, lume::OwnedArray<float>, lume::OwnedArray<int> >&&)::{lambda(auto:1&&, auto:2)#1}&&, std::vector<float, std::allocator<float> >&, std::integral_constant<unsigned long, 0ul>&&)+0x6c>
  53:	test   rdi,rdi
  56:	je     63 <void std::__invoke_impl<void, std::__detail::__variant::_Move_assign_base<false, std::vector<float, std::allocator<float> >, std::vector<int, std::allocator<int> >, lume::OwnedArray<float>, lume::OwnedArray<int> >::operator=(std::__detail::__variant::_Move_assign_base<false, std::vector<float, std::allocator<float> >, std::vector<int, std::allocator<int> >, lume::OwnedArray<float>, lume::OwnedArray<int> >&&)::{lambda(auto:1&&, auto:2)#1}, std::vector<float, std::allocator<float> >&, std::integral_constant<unsigned long, 0ul> >(std::__invoke_other, std::__detail::__variant::_Move_assign_base<false, std::vector<float, std::allocator<float> >, std::vector<int, std::allocator<int> >, lume::OwnedArray<float>, lume::OwnedArray<int> >::operator=(std::__detail::__variant::_Move_assign_base<false, std::vector<float, std::allocator<float> >, std::vector<int, std::allocator<int> >, lume::OwnedArray<float>, lume::OwnedArray<int> >&&)::{lambda(auto:1&&, auto:2)#1}&&, std::vector<float, std::allocator<float> >&, std::integral_constant<unsigned long, 0ul>&&)+0x63>
  58:	mov    r14,rsi
  5b:	call   60 <void std::__invoke_impl<void, std::__detail::__variant::_Move_assign_base<false, std::vector<float, std::allocator<float> >, std::vector<int, std::allocator<int> >, lume::OwnedArray<float>, lume::OwnedArray<int> >::operator=(std::__detail::__variant::_Move_assign_base<false, std::vector<float, std::allocator<float> >, std::vector<int, std::allocator<int> >, lume::OwnedArray<float>, lume::OwnedArray<int> >&&)::{lambda(auto:1&&, auto:2)#1}, std::vector<float, std::allocator<float> >&, std::integral_constant<unsigned long, 0ul> >(std::__invoke_other, std::__detail::__variant::_Move_assign_base<false, std::vector<float, std::allocator<float> >, std::vector<int, std::allocator<int> >, lume::OwnedArray<float>, lume::OwnedArray<int> >::operator=(std::__detail::__variant::_Move_assign_base<false, std::vector<float, std::allocator<float> >, std::vector<int, std::allocator<int> >, lume::OwnedArray<float>, lume::OwnedArray<int> >&&)::{lambda(auto:1&&, auto:2)#1}&&, std::vector<float, std::allocator<float> >&, std::integral_constant<unsigned long, 0ul>&&)+0x60>
  60:	mov    rsi,r14
  63:	mov    QWORD PTR [rbx],0x0
  6a:	jmp    7c <void std::__invoke_impl<void, std::__detail::__variant::_Move_assign_base<false, std::vector<float, std::allocator<float> >, std::vector<int, std::allocator<int> >, lume::OwnedArray<float>, lume::OwnedArray<int> >::operator=(std::__detail::__variant::_Move_assign_base<false, std::vector<float, std::allocator<float> >, std::vector<int, std::allocator<int> >, lume::OwnedArray<float>, lume::OwnedArray<int> >&&)::{lambda(auto:1&&, auto:2)#1}, std::vector<float, std::allocator<float> >&, std::integral_constant<unsigned long, 0ul> >(std::__invoke_other, std::__detail::__variant::_Move_assign_base<false, std::vector<float, std::allocator<float> >, std::vector<int, std::allocator<int> >, lume::OwnedArray<float>, lume::OwnedArray<int> >::operator=(std::__detail::__variant::_Move_assign_base<false, std::vector<float, std::allocator<float> >, std::vector<int, std::allocator<int> >, lume::OwnedArray<float>, lume::OwnedArray<int> >&&)::{lambda(auto:1&&, auto:2)#1}&&, std::vector<float, std::allocator<float> >&, std::integral_constant<unsigned long, 0ul>&&)+0x7c>
  6c:	test   rdi,rdi
  6f:	je     7c <void std::__invoke_impl<void, std::__detail::__variant::_Move_assign_base<false, std::vector<float, std::allocator<float> >, std::vector<int, std::allocator<int> >, lume::OwnedArray<float>, lume::OwnedArray<int> >::operator=(std::__detail::__variant::_Move_assign_base<false, std::vector<float, std::allocator<float> >, std::vector<int, std::allocator<int> >, lume::OwnedArray<float>, lume::OwnedArray<int> >&&)::{lambda(auto:1&&, auto:2)#1}, std::vector<float, std::allocator<float> >&, std::integral_constant<unsigned long, 0ul> >(std::__invoke_other, std::__detail::__variant::_Move_assign_base<false, std::vector<float, std::allocator<float> >, std::vector<int, std::allocator<int> >, lume::OwnedArray<float>, lume::OwnedArray<int> >::operator=(std::__detail::__variant::_Move_assign_base<false, std::vector<float, std::allocator<float> >, std::vector<int, std::allocator<int> >, lume::OwnedArray<float>, lume::OwnedArray<int> >&&)::{lambda(auto:1&&, auto:2)#1}&&, std::vector<float, std::allocator<float> >&, std::integral_constant<unsigned long, 0ul>&&)+0x7c>
  71:	mov    r14,rsi
  74:	call   79 <void std::__invoke_impl<void, std::__detail::__variant::_Move_assign_base<false, std::vector<float, std::allocator<float> >, std::vector<int, std::allocator<int> >, lume::OwnedArray<float>, lume::OwnedArray<int> >::operator=(std::__detail::__variant::_Move_assign_base<false, std::vector<float, std::allocator<float> >, std::vector<int, std::allocator<int> >, lume::OwnedArray<float>, lume::OwnedArray<int> >&&)::{lambda(auto:1&&, auto:2)#1}, std::vector<float, std::allocator<float> >&, std::integral_constant<unsigned long, 0ul> >(std::__invoke_other, std::__detail::__variant::_Move_assign_base<false, std::vector<float, std::allocator<float> >, std::vector<int, std::allocator<int> >, lume::OwnedArray<float>, lume::OwnedArray<int> >::operator=(std::__detail::__variant::_Move_assign_base<false, std::vector<float, std::allocator<float> >, std::vector<int, std::allocator<int> >, lume::OwnedArray<float>, lume::OwnedArray<int> >&&)::{lambda(auto:1&&, auto:2)#1}&&, std::vector<float, std::allocator<float> >&, std::integral_constant<unsigned long, 0ul>&&)+0x79>
  79:	mov    rsi,r14
  7c:	movups xmm0,XMMWORD PTR [rsi]
  7f:	movups XMMWORD PTR [rbx],xmm0
  82:	mov    rax,QWORD PTR [rsi+0x10]
  86:	mov    QWORD PTR [rbx+0x10],rax
  8a:	xorps  xmm0,xmm0
  8d:	movups XMMWORD PTR [rsi],xmm0
  90:	mov    QWORD PTR [rsi+0x10],0x0
  98:	mov    BYTE PTR [rbx+0x18],0x0
  9c:	add    rsp,0x8
  a0:	pop    rbx
  a1:	pop    r14
  a3:	ret

Disassembly of section .text._ZSt13__invoke_implIvZNSt8__detail9__variant17_Move_assign_baseILb0EJSt6vectorIfSaIfEES3_IiSaIiEEN4lume10OwnedArrayIfEENS9_IiEEEEaSEOSC_EUlOT_T0_E_JRS7_St17integral_constantImLm1EEEESE_St14__invoke_otherOSG_DpOT1_:

0000000000000000 <void std::__invoke_impl<void, std::__detail::__variant::_Move_assign_base<false, std::vector<float, std::allocator<float> >, std::vector<int, std::allocator<int> >, lume::OwnedArray<float>, lume::OwnedArray<int> >::operator=(std::__detail::__variant::_Move_assign_base<false, std::vector<float, std::allocator<float> >, std::vector<int, std::allocator<int> >, lume::OwnedArray<float>, lume::OwnedArray<int> >&&)::{lambda(auto:1&&, auto:2)#1}, std::vector<int, std::allocator<int> >&, std::integral_constant<unsigned long, 1ul> >(std::__invoke_other, std::__detail::__variant::_Move_assign_base<false, std::vector<float, std::allocator<float> >, std::vector<int, std::allocator<int> >, lume::OwnedArray<float>, lume::OwnedArray<int> >::operator=(std::__detail::__variant::_Move_assign_base<false, std::vector<float, std::allocator<float> >, std::vector<int, std::allocator<int> >, lume::OwnedArray<float>, lume::OwnedArray<int> >&&)::{lambda(auto:1&&, auto:2)#1}&&, std::vector<int, std::allocator<int> >&, std::integral_constant<unsigned long, 1ul>&&)>:
   0:	push   r14
   2:	push   rbx
   3:	push   rax
   4:	mov    rbx,QWORD PTR [rdi]
   7:	movzx  eax,BYTE PTR [rbx+0x18]
   b:	cmp    eax,0x1
   e:	jne    40 <void std::__invoke_impl<void, std::__detail::__variant::_Move_assign_base<false, std::vector<float, std::allocator<float> >, std::vector<int, std::allocator<int> >, lume::OwnedArray<float>, lume::OwnedArray<int> >::operator=(std::__detail::__variant::_Move_assign_base<false, std::vector<float, std::allocator<float> >, std::vector<int, std::allocator<int> >, lume::OwnedArray<float>, lume::OwnedArray<int> >&&)::{lambda(auto:1&&, auto:2)#1}, std::vector<int, std::allocator<int> >&, std::integral_constant<unsigned long, 1ul> >(std::__invoke_other, std::__detail::__variant::_Move_assign_base<false, std::vector<float, std::allocator<float> >, std::vector<int, std::allocator<int> >, lume::OwnedArray<float>, lume::OwnedArray<int> >::operator=(std::__detail::__variant::_Move_assign_base<false, std::vector<float, std::allocator<float> >, std::vector<int, std::allocator<int> >, lume::OwnedArray<float>, lume::OwnedArray<int> >&&)::{lambda(auto:1&&, auto:2)#1}&&, std::vector<int, std::allocator<int> >&, std::integral_constant<unsigned long, 1ul>&&)+0x40>
  10:	mov    rdi,QWORD PTR [rbx]
  13:	movups xmm0,XMMWORD PTR [rsi]
  16:	movups XMMWORD PTR [rbx],xmm0
  19:	mov    rax,QWORD PTR [rsi+0x10]
  1d:	mov    QWORD PTR [rbx+0x10],rax
  21:	xorps  xmm0,xmm0
  24:	movups XMMWORD PTR [rsi],xmm0
  27:	mov    QWORD PTR [rsi+0x10],0x0
  2f:	test   rdi,rdi
  32:	je     9d <void std::__invoke_impl<void, std::__detail::__variant::_Move_assign_base<false, std::vector<float, std::allocator<float> >, std::vector<int, std::allocator<int> >, lume::OwnedArray<float>, lume::OwnedArray<int> >::operator=(std::__detail::__variant::_Move_assign_base<false, std::vector<float, std::allocator<float> >, std::vector<int, std::allocator<int> >, lume::OwnedArray<float>, lume::OwnedArray<int> >&&)::{lambda(auto:1&&, auto:2)#1}, std::vector<int, std::allocator<int> >&, std::integral_constant<unsigned long, 1ul> >(std::__invoke_other, std::__detail::__variant::_Move_assign_base<false, std::vector<float, std::allocator<float> >, std::vector<int, std::allocator<int> >, lume::OwnedArray<float>, lume::OwnedArray<int> >::operator=(std::__detail::__variant::_Move_assign_base<false, std::vector<float, std::allocator<float> >, std::vector<int, std::allocator<int> >, lume::OwnedArray<float>, lume::OwnedArray<int> >&&)::{lambda(auto:1&&, auto:2)#1}&&, std::vector<int, std::allocator<int> >&, std::integral_constant<unsigned long, 1ul>&&)+0x9d>
  34:	add    rsp,0x8
  38:	pop    rbx
  39:	pop    r14
  3b:	jmp    40 <void std::__invoke_impl<void, std::__detail::__variant::_Move_assign_base<false, std::vector<float, std::allocator<float> >, std::vector<int, std::allocator<int> >, lume::OwnedArray<float>, lume::OwnedArray<int> >::operator=(std::__detail::__variant::_Move_assign_base<false, std::vector<float, std::allocator<float> >, std::vector<int, std::allocator<int> >, lume::OwnedArray<float>, lume::OwnedArray<int> >&&)::{lambda(auto:1&&, auto:2)#1}, std::vector<int, std::allocator<int> >&, std::integral_constant<unsigned long, 1ul> >(std::__invoke_other, std::__detail::__variant::_Move_assign_base<false, std::vector<float, std::allocator<float> >, std::vector<int, std::allocator<int> >, lume::OwnedArray<float>, lume::OwnedArray<int> >::operator=(std::__detail::__variant::_Move_assign_base<false, std::vector<float, std::allocator<float> >, std::vector<int, std::allocator<int> >, lume::OwnedArray<float>, lume::OwnedArray<int> >&&)::{lambda(auto:1&&, auto:2)#1}&&, std::vector<int, std::allocator<int> >&, std::integral_constant<unsigned long, 1ul>&&)+0x40>
  40:	cmp    eax,0xff
  45:	je     7d <void std::__invoke_impl<void, std::__detail::__variant::_Move_assign_base<false, std::vector<float, std::allocator<float> >, std::vector<int, std::allocator<int> >, lume::OwnedArray<float>, lume::OwnedArray<int> >::operator=(std::__detail::__variant::_Move_assign_base<false, std::vector<float, std::allocator<float> >, std::vector<int, std::allocator<int> >, lume::OwnedArray<float>, lume::OwnedArray<int> >&&)::{lambda(auto:1&&, auto:2)#1}, std::vector<int, std::allocator<int> >&, std::integral_constant<unsigned long, 1ul> >(std::__invoke_other, std::__detail::__variant::_Move_assign_base<false, std::vector<float, std::allocator<float> >, std::vector<int, std::allocator<int> >, lume::OwnedArray<float>, lume::OwnedArray<int> >::operator=(std::__detail::__variant::_Move_assign_base<false, std::vector<float, std::allocator<float> >, std::vector<int, std::allocator<int> >, lume::OwnedArray<float>, lume::OwnedArray<int> >&&)::{lambda(auto:1&&, auto:2)#1}&&, std::vector<int, std::allocator<int> >&, std::integral_constant<unsigned long, 1ul>&&)+0x7d>
  47:	mov    rdi,QWORD PTR [rbx]
  4a:	cmp    eax,0x3
  4d:	je     54 <void std::__invoke_impl<void, std::__detail::__variant::_Move_assign_base<false, std::vector<float, std::allocator<float> >, std::vector<int, std::allocator<int> >, lume::OwnedArray<float>, lume::OwnedArray<int> >::operator=(std::__detail::__variant::_Move_assign_base<false, std::vector<float, std::allocator<float> >, std::vector<int, std::allocator<int> >, lume::OwnedArray<float>, lume::OwnedArray<int> >&&)::{lambda(auto:1&&, auto:2)#1}, std::vector<int, std::allocator<int> >&, std::integral_constant<unsigned long, 1ul> >(std::__invoke_other, std::__detail::__variant::_Move_assign_base<false, std::vector<float, std::allocator<float> >, std::vector<int, std::allocator<int> >, lume::OwnedArray<float>, lume::OwnedArray<int> >::operator=(std::__detail::__variant::_Move_assign_base<false, std::vector<float, std::allocator<float> >, std::vector<int, std::allocator<int> >, lume::OwnedArray<float>, lume::OwnedArray<int> >&&)::{lambda(auto:1&&, auto:2)#1}&&, std::vector<int, std::allocator<int> >&, std::integral_constant<unsigned long, 1ul>&&)+0x54>
  4f:	cmp    eax,0x2
  52:	jne    6d <void std::__invoke_impl<void, std::__detail::__variant::_Move_assign_base<false, std::vector<float, std::allocator<float> >, std::vector<int, std::allocator<int> >, lume::OwnedArray<float>, lume::OwnedArray<int> >::operator=(std::__detail::__variant::_Move_assign_base<false, std::vector<float, std::allocator<float> >, std::vector<int, std::allocator<int> >, lume::OwnedArray<float>, lume::OwnedArray<int> >&&)::{lambda(auto:1&&, auto:2)#1}, std::vector<int, std::allocator<int> >&, std::integral_constant<unsigned long, 1ul> >(std::__invoke_other, std::__detail::__variant::_Move_assign_base<false, std::vector<float, std::allocator<float> >, std::vector<int, std::allocator<int> >, lume::OwnedArray<float>, lume::OwnedArray<int> >::operator=(std::__detail::__variant::_Move_assign_base<false, std::vector<float, std::allocator<float> >, std::vector<int, std::allocator<int> >, lume::OwnedArray<float>, lume::OwnedArray<int> >&&)::{lambda(auto:1&&, auto:2)#1}&&, std::vector<int, std::allocator<int> >&, std::integral_constant<unsigned long, 1ul>&&)+0x6d>
  54:	test   rdi,rdi
  57:	je     64 <void std::__invoke_impl<void, std::__detail::__variant::_Move_assign_base<false, std::vector<float, std::allocator<float> >, std::vector<int, std::allocator<int> >, lume::OwnedArray<float>, lume::OwnedArray<int> >::operator=(std::__detail::__variant::_Move_assign_base<false, std::vector<float, std::allocator<float> >, std::vector<int, std::allocator<int> >, lume::OwnedArray<float>, lume::OwnedArray<int> >&&)::{lambda(auto:1&&, auto:2)#1}, std::vector<int, std::allocator<int> >&, std::integral_constant<unsigned long, 1ul> >(std::__invoke_other, std::__detail::__variant::_Move_assign_base<false, std::vector<float, std::allocator<float> >, std::vector<int, std::allocator<int> >, lume::OwnedArray<float>, lume::OwnedArray<int> >::operator=(std::__detail::__variant::_Move_assign_base<false, std::vector<float, std::allocator<float> >, std::vector<int, std::allocator<int> >, lume::OwnedArray<float>, lume::OwnedArray<int> >&&)::{lambda(auto:1&&, auto:2)#1}&&, std::vector<int, std::allocator<int> >&, std::integral_constant<unsigned long, 1ul>&&)+0x64>
  59:	mov    r14,rsi
  5c:	call   61 <void std::__invoke_impl<void, std::__detail::__variant::_Move_assign_base<false, std::vector<float, std::allocator<float> >, std::vector<int, std::allocator<int> >, lume::OwnedArray<float>, lume::OwnedArray<int> >::operator=(std::__detail::__variant::_Move_assign_base<false, std::vector<float, std::allocator<float> >, std::vector<int, std::allocator<int> >, lume::OwnedArray<float>, lume::OwnedArray<int> >&&)::{lambda(auto:1&&, auto:2)#1}, std::vector<int, std::allocator<int> >&, std::integral_constant<unsigned long, 1ul> >(std::__invoke_other, std::__detail::__variant::_Move_assign_base<false, std::vector<float, std::allocator<float> >, std::vector<int, std::allocator<int> >, lume::OwnedArray<float>, lume::OwnedArray<int> >::operator=(std::__detail::__variant::_Move_assign_base<false, std::vector<float, std::allocator<float> >, std::vector<int, std::allocator<int> >, lume::OwnedArray<float>, lume::OwnedArray<int> >&&)::{lambda(auto:1&&, auto:2)#1}&&, std::vector<int, std::allocator<int> >&, std::integral_constant<unsigned long, 1ul>&&)+0x61>
  61:	mov    rsi,r14
  64:	mov    QWORD PTR [rbx],0x0
  6b:	jmp    7d <void std::__invoke_impl<void, std::__detail::__variant::_Move_assign_base<false, std::vector<float, std::allocator<float> >, std::vector<int, std::allocator<int> >, lume::OwnedArray<float>, lume::OwnedArray<int> >::operator=(std::__detail::__variant::_Move_assign_base<false, std::vector<float, std::allocator<float> >, std::vector<int, std::allocator<int> >, lume::OwnedArray<float>, lume::OwnedArray<int> >&&)::{lambda(auto:1&&, auto:2)#1}, std::vector<int, std::allocator<int> >&, std::integral_constant<unsigned long, 1ul> >(std::__invoke_other, std::__detail::__variant::_Move_assign_base<false, std::vector<float, std::allocator<float> >, std::vector<int, std::allocator<int> >, lume::OwnedArray<float>, lume::OwnedArray<int> >::operator=(std::__detail::__variant::_Move_assign_base<false, std::vector<float, std::allocator<float> >, std::vector<int, std::allocator<int> >, lume::OwnedArray<float>, lume::OwnedArray<int> >&&)::{lambda(auto:1&&, auto:2)#1}&&, std::vector<int, std::allocator<int> >&, std::integral_constant<unsigned long, 1ul>&&)+0x7d>
  6d:	test   rdi,rdi
  70:	je     7d <void std::__invoke_impl<void, std::__detail::__variant::_Move_assign_base<false, std::vector<float, std::allocator<float> >, std::vector<int, std::allocator<int> >, lume::OwnedArray<float>, lume::OwnedArray<int> >::operator=(std::__detail::__variant::_Move_assign_base<false, std::vector<float, std::allocator<float> >, std::vector<int, std::allocator<int> >, lume::OwnedArray<float>, lume::OwnedArray<int> >&&)::{lambda(auto:1&&, auto:2)#1}, std::vector<int, std::allocator<int> >&, std::integral_constant<unsigned long, 1ul> >(std::__invoke_other, std::__detail::__variant::_Move_assign_base<false, std::vector<float, std::allocator<float> >, std::vector<int, std::allocator<int> >, lume::OwnedArray<float>, lume::OwnedArray<int> >::operator=(std::__detail::__variant::_Move_assign_base<false, std::vector<float, std::allocator<float> >, std::vector<int, std::allocator<int> >, lume::OwnedArray<float>, lume::OwnedArray<int> >&&)::{lambda(auto:1&&, auto:2)#1}&&, std::vector<int, std::allocator<int> >&, std::integral_constant<unsigned long, 1ul>&&)+0x7d>
  72:	mov    r14,rsi
  75:	call   7a <void std::__invoke_impl<void, std::__detail::__variant::_Move_assign_base<false, std::vector<float, std::allocator<float> >, std::vector<int, std::allocator<int> >, lume::OwnedArray<float>, lume::OwnedArray<int> >::operator=(std::__detail::__variant::_Move_assign_base<false, std::vector<float, std::allocator<float> >, std::vector<int, std::allocator<int> >, lume::OwnedArray<float>, lume::OwnedArray<int> >&&)::{lambda(auto:1&&, auto:2)#1}, std::vector<int, std::allocator<int> >&, std::integral_constant<unsigned long, 1ul> >(std::__invoke_other, std::__detail::__variant::_Move_assign_base<false, std::vector<float, std::allocator<float> >, std::vector<int, std::allocator<int> >, lume::OwnedArray<float>, lume::OwnedArray<int> >::operator=(std::__detail::__variant::_Move_assign_base<false, std::vector<float, std::allocator<float> >, std::vector<int, std::allocator<int> >, lume::OwnedArray<float>, lume::OwnedArray<int> >&&)::{lambda(auto:1&&, auto:2)#1}&&, std::vector<int, std::allocator<int> >&, std::integral_constant<unsigned long, 1ul>&&)+0x7a>
  7a:	mov    rsi,r14
  7d:	movups xmm0,XMMWORD PTR [rsi]
  80:	movups XMMWORD PTR [rbx],xmm0
  83:	mov    rax,QWORD PTR [rsi+0x10]
  87:	mov    QWORD PTR [rbx+0x10],rax
  8b:	xorps  xmm0,xmm0
  8e:	movups XMMWORD PTR [rsi],xmm0
  91:	mov    QWORD PTR [rsi+0x10],0x0
  99:	mov    BYTE PTR [rbx+0x18],0x1
  9d:	add    rsp,0x8
  a1:	pop    rbx
  a2:	pop    r14
  a4:	ret

Disassembly of section .text._ZSt13__invoke_implIvZNSt8__detail9__variant17_Move_assign_baseILb0EJSt6vectorIfSaIfEES3_IiSaIiEEN4lume10OwnedArrayIfEENS9_IiEEEEaSEOSC_EUlOT_T0_E_JRSA_St17integral_constantImLm2EEEESE_St14__invoke_otherOSG_DpOT1_:

0000000000000000 <void std::__invoke_impl<void, std::__detail::__variant::_Move_assign_base<false, std::vector<float, std::allocator<float> >, std::vector<int, std::allocator<int> >, lume::OwnedArray<float>, lume::OwnedArray<int> >::operator=(std::__detail::__variant::_Move_assign_base<false, std::vector<float, std::allocator<float> >, std::vector<int, std::allocator<int> >, lume::OwnedArray<float>, lume::OwnedArray<int> >&&)::{lambda(auto:1&&, auto:2)#1}, lume::OwnedArray<float>&, std::integral_constant<unsigned long, 2ul> >(std::__invoke_other, std::__detail::__variant::_Move_assign_base<false, std::vector<float, std::allocator<float> >, std::vector<int, std::allocator<int> >, lume::OwnedArray<float>, lume::OwnedArray<int> >::operator=(std::__detail::__variant::_Move_assign_base<false, std::vector<float, std::allocator<float> >, std::vector<int, std::allocator<int> >, lume::OwnedArray<float>, lume::OwnedArray<int> >&&)::{lambda(auto:1&&, auto:2)#1}&&, lume::OwnedArray<float>&, std::integral_constant<unsigned long, 2ul>&&)>:
   0:	push   r14
   2:	push   rbx
   3:	push   rax
   4:	mov    rbx,rsi
   7:	mov    r14,QWORD PTR [rdi]
   a:	movzx  eax,BYTE PTR [r14+0x18]
   f:	cmp    eax,0x2
  12:	jne    46 <void std::__invoke_impl<void, std::__detail::__variant::_Move_assign_base<false, std::vector<float, std::allocator<float> >, std::vector<int, std::allocator<int> >, lume::OwnedArray<float>, lume::OwnedArray<int> >::operator=(std::__detail::__variant::_Move_assign_base<false, std::vector<float, std::allocator<float> >, std::vector<int, std::allocator<int> >, lume::OwnedArray<float>, lume::OwnedArray<int> >&&)::{lambda(auto:1&&, auto:2)#1}, lume::OwnedArray<float>&, std::integral_constant<unsigned long, 2ul> >(std::__invoke_other, std::__detail::__variant::_Move_assign_base<false, std::vector<float, std::allocator<float> >, std::vector<int, std::allocator<int> >, lume::OwnedArray<float>, lume::OwnedArray<int> >::operator=(std::__detail::__variant::_Move_assign_base<false, std::vector<float, std::allocator<float> >, std::vector<int, std::allocator<int> >, lume::OwnedArray<float>, lume::OwnedArray<int> >&&)::{lambda(auto:1&&, auto:2)#1}&&, lume::OwnedArray<float>&, std::integral_constant<unsigned long, 2ul>&&)+0x46>
  14:	mov    rax,QWORD PTR [rbx]
  17:	mov    QWORD PTR [rbx],0x0
  1e:	mov    rdi,QWORD PTR [r14]
  21:	mov    QWORD PTR [r14],rax
  24:	test   rdi,rdi
  27:	je     2e <void std::__invoke_impl<void, std::__detail::__variant::_Move_assign_base<false, std::vector<float, std::allocator<float> >, std::vector<int, std::allocator<int> >, lume::OwnedArray<float>, lume::OwnedArray<int> >::operator=(std::__detail::__variant::_Move_assign_base<false, std::vector<float, std::allocator<float> >, std::vector<int, std::allocator<int> >, lume::OwnedArray<float>, lume::OwnedArray<int> >&&)::{lambda(auto:1&&, auto:2)#1}, lume::OwnedArray<float>&, std::integral_constant<unsigned long, 2ul> >(std::__invoke_other, std::__detail::__variant::_Move_assign_base<false, std::vector<float, std::allocator<float> >, std::vector<int, std::allocator<int> >, lume::OwnedArray<float>, lume::OwnedArray<int> >::operator=(std::__detail::__variant::_Move_assign_base<false, std::vector<float, std::allocator<float> >, std::vector<int, std::allocator<int> >, lume::OwnedArray<float>, lume::OwnedArray<int> >&&)::{lambda(auto:1&&, auto:2)#1}&&, lume::OwnedArray<float>&, std::integral_constant<unsigned long, 2ul>&&)+0x2e>
  29:	call   2e <void std::__invoke_impl<void, std::__detail::__variant::_Move_assign_base<false, std::vector<float, std::allocator<float> >, std::vector<int, std::allocator<int> >, lume::OwnedArray<float>, lume::OwnedArray<int> >::operator=(std::__detail::__variant::_Move_assign_base<false, std::vector<float, std::allocator<float> >, std::vector<int, std::allocator<int> >, lume::OwnedArray<float>, lume::OwnedArray<int> >&&)::{lambda(auto:1&&, auto:2)#1}, lume::OwnedArray<float>&, std::integral_constant<unsigned long, 2ul> >(std::__invoke_other, std::__detail::__variant::_Move_assign_base<false, std::vector<float, std::allocator<float> >, std::vector<int, std::allocator<int> >, lume::OwnedArray<float>, lume::OwnedArray<int> >::operator=(std::__detail::__variant::_Move_assign_base<false, std::vector<float, std::allocator<float> >, std::vector<int, std::allocator<int> >, lume::OwnedArray<float>, lume::OwnedArray<int> >&&)::{lambda(auto:1&&, auto:2)#1}&&, lume::OwnedArray<float>&, std::integral_constant<unsigned long, 2ul>&&)+0x2e>
  2e:	mov    rax,QWORD PTR [rbx+0x8]
  32:	mov    QWORD PTR [rbx+0x8],0x0
  3a:	mov    QWORD PTR [r14+0x8],rax
  3e:	add    rsp,0x8
  42:	pop    rbx
  43:	pop    r14
  45:	ret
  46:	cmp    eax,0xff
  4b:	je     75 <void std::__invoke_impl<void, std::__detail::__variant::_Move_assign_base<false, std::vector<float, std::allocator<float> >, std::vector<int, std::allocator<int> >, lume::OwnedArray<float>, lume::OwnedArray<int> >::operator=(std::__detail::__variant::_Move_assign_base<false, std::vector<float, std::allocator<float> >, std::vector<int, std::allocator<int> >, lume::OwnedArray<float>, lume::OwnedArray<int> >&&)::{lambda(auto:1&&, auto:2)#1}, lume::OwnedArray<float>&, std::integral_constant<unsigned long, 2ul> >(std::__invoke_other, std::__detail::__variant::_Move_assign_base<false, std::vector<float, std::allocator<float> >, std::vector<int, std::allocator<int> >, lume::OwnedArray<float>, lume::OwnedArray<int> >::operator=(std::__detail::__variant::_Move_assign_base<false, std::vector<float, std::allocator<float> >, std::vector<int, std::allocator<int> >, lume::OwnedArray<float>, lume::OwnedArray<int> >&&)::{lambda(auto:1&&, auto:2)#1}&&, lume::OwnedArray<float>&, std::integral_constant<unsigned long, 2ul>&&)+0x75>
  4d:	mov    rdi,QWORD PTR [r14]
  50:	cmp    eax,0x3
  53:	je     64 <void std::__invoke_impl<void, std::__detail::__variant::_Move_assign_base<false, std::vector<float, std::allocator<float> >, std::vector<int, std::allocator<int> >, lume::OwnedArray<float>, lume::OwnedArray<int> >::operator=(std::__detail::__variant::_Move_assign_base<false, std::vector<float, std::allocator<float> >, std::vector<int, std::allocator<int> >, lume::OwnedArray<float>, lume::OwnedArray<int> >&&)::{lambda(auto:1&&, auto:2)#1}, lume::OwnedArray<float>&, std::integral_constant<unsigned long, 2ul> >(std::__invoke_other, std::__detail::__variant::_Move_assign_base<false, std::vector<float, std::allocator<float> >, std::vector<int, std::allocator<int> >, lume::OwnedArray<float>, lume::OwnedArray<int> >::operator=(std::__detail::__variant::_Move_assign_base<false, std::vector<float, std::allocator<float> >, std::vector<int, std::allocator<int> >, lume::OwnedArray<float>, lume::OwnedArray<int> >&&)::{lambda(auto:1&&, auto:2)#1}&&, lume::OwnedArray<float>&, std::integral_constant<unsigned long, 2ul>&&)+0x64>
  55:	cmp    eax,0x1
  58:	test   rdi,rdi
  5b:	je     75 <void std::__invoke_impl<void, std::__detail::__variant::_Move_assign_base<false, std::vector<float, std::allocator<float> >, std::vector<int, std::allocator<int> >, lume::OwnedArray<float>, lume::OwnedArray<int> >::operator=(std::__detail::__variant::_Move_assign_base<false, std::vector<float, std::allocator<float> >, std::vector<int, std::allocator<int> >, lume::OwnedArray<float>, lume::OwnedArray<int> >&&)::{lambda(auto:1&&, auto:2)#1}, lume::OwnedArray<float>&, std::integral_constant<unsigned long, 2ul> >(std::__invoke_other, std::__detail::__variant::_Move_assign_base<false, std::vector<float, std::allocator<float> >, std::vector<int, std::allocator<int> >, lume::OwnedArray<float>, lume::OwnedArray<int> >::operator=(std::__detail::__variant::_Move_assign_base<false, std::vector<float, std::allocator<float> >, std::vector<int, std::allocator<int> >, lume::OwnedArray<float>, lume::OwnedArray<int> >&&)::{lambda(auto:1&&, auto:2)#1}&&, lume::OwnedArray<float>&, std::integral_constant<unsigned long, 2ul>&&)+0x75>
  5d:	call   62 <void std::__invoke_impl<void, std::__detail::__variant::_Move_assign_base<false, std::vector<float, std::allocator<float> >, std::vector<int, std::allocator<int> >, lume::OwnedArray<float>, lume::OwnedArray<int> >::operator=(std::__detail::__variant::_Move_assign_base<false, std::vector<float, std::allocator<float> >, std::vector<int, std::allocator<int> >, lume::OwnedArray<float>, lume::OwnedArray<int> >&&)::{lambda(auto:1&&, auto:2)#1}, lume::OwnedArray<float>&, std::integral_constant<unsigned long, 2ul> >(std::__invoke_other, std::__detail::__variant::_Move_assign_base<false, std::vector<float, std::allocator<float> >, std::vector<int, std::allocator<int> >, lume::OwnedArray<float>, lume::OwnedArray<int> >::operator=(std::__detail::__variant::_Move_assign_base<false, std::vector<float, std::allocator<float> >, std::vector<int, std::allocator<int> >, lume::OwnedArray<float>, lume::OwnedArray<int> >&&)::{lambda(auto:1&&, auto:2)#1}&&, lume::OwnedArray<float>&, std::integral_constant<unsigned long, 2ul>&&)+0x62>
  62:	jmp    75 <void std::__invoke_impl<void, std::__detail::__variant::_Move_assign_base<false, std::vector<float, std::allocator<float> >, std::vector<int, std::allocator<int> >, lume::OwnedArray<float>, lume::OwnedArray<int> >::operator=(std::__detail::__variant::_Move_assign_base<false, std::vector<float, std::allocator<float> >, std::vector<int, std::allocator<int> >, lume::OwnedArray<float>, lume::OwnedArray<int> >&&)::{lambda(auto:1&&, auto:2)#1}, lume::OwnedArray<float>&, std::integral_constant<unsigned long, 2ul> >(std::__invoke_other, std::__detail::__variant::_Move_assign_base<false, std::vector<float, std::allocator<float> >, std::vector<int, std::allocator<int> >, lume::OwnedArray<float>, lume::OwnedArray<int> >::operator=(std::__detail::__variant::_Move_assign_base<false, std::vector<float, std::allocator<float> >, std::vector<int, std::allocator<int> >, lume::OwnedArray<float>, lume::OwnedArray<int> >&&)::{lambda(auto:1&&, auto:2)#1}&&, lume::OwnedArray<float>&, std::integral_constant<unsigned long, 2ul>&&)+0x75>
  64:	test   rdi,rdi
  67:	je     6e <void std::__invoke_impl<void, std::__detail::__variant::_Move_assign_base<false, std::vector<float, std::allocator<float> >, std::vector<int, std::allocator<int> >, lume::OwnedArray<float>, lume::OwnedArray<int> >::operator=(std::__detail::__variant::_Move_assign_base<false, std::vector<float, std::allocator<float> >, std::vector<int, std::allocator<int> >, lume::OwnedArray<float>, lume::OwnedArray<int> >&&)::{lambda(auto:1&&, auto:2)#1}, lume::OwnedArray<float>&, std::integral_constant<unsigned long, 2ul> >(std::__invoke_other, std::__detail::__variant::_Move_assign_base<false, std::vector<float, std::allocator<float> >, std::vector<int, std::allocator<int> >, lume::OwnedArray<float>, lume::OwnedArray<int> >::operator=(std::__detail::__variant::_Move_assign_base<false, std::vector<float, std::allocator<float> >, std::vector<int, std::allocator<int> >, lume::OwnedArray<float>, lume::OwnedArray<int> >&&)::{lambda(auto:1&&, auto:2)#1}&&, lume::OwnedArray<float>&, std::integral_constant<unsigned long, 2ul>&&)+0x6e>
  69:	call   6e <void std::__invoke_impl<void, std::__detail::__variant::_Move_assign_base<false, std::vector<float, std::allocator<float> >, std::vector<int, std::allocator<int> >, lume::OwnedArray<float>, lume::OwnedArray<int> >::operator=(std::__detail::__variant::_Move_assign_base<false, std::vector<float, std::allocator<float> >, std::vector<int, std::allocator<int> >, lume::OwnedArray<float>, lume::OwnedArray<int> >&&)::{lambda(auto:1&&, auto:2)#1}, lume::OwnedArray<float>&, std::integral_constant<unsigned long, 2ul> >(std::__invoke_other, std::__detail::__variant::_Move_assign_base<false, std::vector<float, std::allocator<float> >, std::vector<int, std::allocator<int> >, lume::OwnedArray<float>, lume::OwnedArray<int> >::operator=(std::__detail::__variant::_Move_assign_base<false, std::vector<float, std::allocator<float> >, std::vector<int, std::allocator<int> >, lume::OwnedArray<float>, lume::OwnedArray<int> >&&)::{lambda(auto:1&&, auto:2)#1}&&, lume::OwnedArray<float>&, std::integral_constant<unsigned long, 2ul>&&)+0x6e>
  6e:	mov    QWORD PTR [r14],0x0
  75:	movups xmm0,XMMWORD PTR [rbx]
  78:	mov    QWORD PTR [rbx+0x8],0x0
  80:	movups XMMWORD PTR [r14],xmm0
  84:	mov    QWORD PTR [rbx],0x0
  8b:	mov    BYTE PTR [r14+0x18],0x2
  90:	add    rsp,0x8
  94:	pop    rbx
  95:	pop    r14
  97:	ret

Disassembly of section .text._ZSt13__invoke_implIvZNSt8__detail9__variant17_Move_assign_baseILb0EJSt6vectorIfSaIfEES3_IiSaIiEEN4lume10OwnedArrayIfEENS9_IiEEEEaSEOSC_EUlOT_T0_E_JRSB_St17integral_constantImLm3EEEESE_St14__invoke_otherOSG_DpOT1_:

0000000000000000 <void std::__invoke_impl<void, std::__detail::__variant::_Move_assign_base<false, std::vector<float, std::allocator<float> >, std::vector<int, std::allocator<int> >, lume::OwnedArray<float>, lume::OwnedArray<int> >::operator=(std::__detail::__variant::_Move_assign_base<false, std::vector<float, std::allocator<float> >, std::vector<int, std::allocator<int> >, lume::OwnedArray<float>, lume::OwnedArray<int> >&&)::{lambda(auto:1&&, auto:2)#1}, lume::OwnedArray<int>&, std::integral_constant<unsigned long, 3ul> >(std::__invoke_other, std::__detail::__variant::_Move_assign_base<false, std::vector<float, std::allocator<float> >, std::vector<int, std::allocator<int> >, lume::OwnedArray<float>, lume::OwnedArray<int> >::operator=(std::__detail::__variant::_Move_assign_base<false, std::vector<float, std::allocator<float> >, std::vector<int, std::allocator<int> >, lume::OwnedArray<float>, lume::OwnedArray<int> >&&)::{lambda(auto:1&&, auto:2)#1}&&, lume::OwnedArray<int>&, std::integral_constant<unsigned long, 3ul>&&)>:
   0:	push   r14
   2:	push   rbx
   3:	push   rax
   4:	mov    rbx,rsi
   7:	mov    r14,QWORD PTR [rdi]
   a:	movzx  eax,BYTE PTR [r14+0x18]
   f:	cmp    eax,0x3
  12:	jne    46 <void std::__invoke_impl<void, std::__detail::__variant::_Move_assign_base<false, std::vector<float, std::allocator<float> >, std::vector<int, std::allocator<int> >, lume::OwnedArray<float>, lume::OwnedArray<int> >::operator=(std::__detail::__variant::_Move_assign_base<false, std::vector<float, std::allocator<float> >, std::vector<int, std::allocator<int> >, lume::OwnedArray<float>, lume::OwnedArray<int> >&&)::{lambda(auto:1&&, auto:2)#1}, lume::OwnedArray<int>&, std::integral_constant<unsigned long, 3ul> >(std::__invoke_other, std::__detail::__variant::_Move_assign_base<false, std::vector<float, std::allocator<float> >, std::vector<int, std::allocator<int> >, lume::OwnedArray<float>, lume::OwnedArray<int> >::operator=(std::__detail::__variant::_Move_assign_base<false, std::vector<float, std::allocator<float> >, std::vector<int, std::allocator<int> >, lume::OwnedArray<float>, lume::OwnedArray<int> >&&)::{lambda(auto:1&&, auto:2)#1}&&, lume::OwnedArray<int>&, std::integral_constant<unsigned long, 3ul>&&)+0x46>
  14:	mov    rax,QWORD PTR [rbx]
  17:	mov    QWORD PTR [rbx],0x0
  1e:	mov    rdi,QWORD PTR [r14]
  21:	mov    QWORD PTR [r14],rax
  24:	test   rdi,rdi
  27:	je     2e <void std::__invoke_impl<void, std::__detail::__variant::_Move_assign_base<false, std::vector<float, std::allocator<float> >, std::vector<int, std::allocator<int> >, lume::OwnedArray<float>, lume::OwnedArray<int> >::operator=(std::__detail::__variant::_Move_assign_base<false, std::vector<float, std::allocator<float> >, std::vector<int, std::allocator<int> >, lume::OwnedArray<float>, lume::OwnedArray<int> >&&)::{lambda(auto:1&&, auto:2)#1}, lume::OwnedArray<int>&, std::integral_constant<unsigned long, 3ul> >(std::__invoke_other, std::__detail::__variant::_Move_assign_base<false, std::vector<float, std::allocator<float> >, std::vector<int, std::allocator<int> >, lume::OwnedArray<float>, lume::OwnedArray<int> >::operator=(std::__detail::__variant::_Move_assign_base<false, std::vector<float, std::allocator<float> >, std::vector<int, std::allocator<int> >, lume::OwnedArray<float>, lume::OwnedArray<int> >&&)::{lambda(auto:1&&, auto:2)#1}&&, lume::OwnedArray<int>&, std::integral_constant<unsigned long, 3ul>&&)+0x2e>
  29:	call   2e <void std::__invoke_impl<void, std::__detail::__variant::_Move_assign_base<false, std::vector<float, std::allocator<float> >, std::vector<int, std::allocator<int> >, lume::OwnedArray<float>, lume::OwnedArray<int> >::operator=(std::__detail::__variant::_Move_assign_base<false, std::vector<float, std::allocator<float> >, std::vector<int, std::allocator<int> >, lume::OwnedArray<float>, lume::OwnedArray<int> >&&)::{lambda(auto:1&&, auto:2)#1}, lume::OwnedArray<int>&, std::integral_constant<unsigned long, 3ul> >(std::__invoke_other, std::__detail::__variant::_Move_assign_base<false, std::vector<float, std::allocator<float> >, std::vector<int, std::allocator<int> >, lume::OwnedArray<float>, lume::OwnedArray<int> >::operator=(std::__detail::__variant::_Move_assign_base<false, std::vector<float, std::allocator<float> >, std::vector<int, std::allocator<int> >, lume::OwnedArray<float>, lume::OwnedArray<int> >&&)::{lambda(auto:1&&, auto:2)#1}&&, lume::OwnedArray<int>&, std::integral_constant<unsigned long, 3ul>&&)+0x2e>
  2e:	mov    rax,QWORD PTR [rbx+0x8]
  32:	mov    QWORD PTR [rbx+0x8],0x0
  3a:	mov    QWORD PTR [r14+0x8],rax
  3e:	add    rsp,0x8
  42:	pop    rbx
  43:	pop    r14
  45:	ret
  46:	cmp    eax,0xff
  4b:	je     75 <void std::__invoke_impl<void, std::__detail::__variant::_Move_assign_base<false, std::vector<float, std::allocator<float> >, std::vector<int, std::allocator<int> >, lume::OwnedArray<float>, lume::OwnedArray<int> >::operator=(std::__detail::__variant::_Move_assign_base<false, std::vector<float, std::allocator<float> >, std::vector<int, std::allocator<int> >, lume::OwnedArray<float>, lume::OwnedArray<int> >&&)::{lambda(auto:1&&, auto:2)#1}, lume::OwnedArray<int>&, std::integral_constant<unsigned long, 3ul> >(std::__invoke_other, std::__detail::__variant::_Move_assign_base<false, std::vector<float, std::allocator<float> >, std::vector<int, std::allocator<int> >, lume::OwnedArray<float>, lume::OwnedArray<int> >::operator=(std::__detail::__variant::_Move_assign_base<false, std::vector<float, std::allocator<float> >, std::vector<int, std::allocator<int> >, lume::OwnedArray<float>, lume::OwnedArray<int> >&&)::{lambda(auto:1&&, auto:2)#1}&&, lume::OwnedArray<int>&, std::integral_constant<unsigned long, 3ul>&&)+0x75>
  4d:	mov    rdi,QWORD PTR [r14]
  50:	cmp    eax,0x2
  53:	je     64 <void std::__invoke_impl<void, std::__detail::__variant::_Move_assign_base<false, std::vector<float, std::allocator<float> >, std::vector<int, std::allocator<int> >, lume::OwnedArray<float>, lume::OwnedArray<int> >::operator=(std::__detail::__variant::_Move_assign_base<false, std::vector<float, std::allocator<float> >, std::vector<int, std::allocator<int> >, lume::OwnedArray<float>, lume::OwnedArray<int> >&&)::{lambda(auto:1&&, auto:2)#1}, lume::OwnedArray<int>&, std::integral_constant<unsigned long, 3ul> >(std::__invoke_other, std::__detail::__variant::_Move_assign_base<false, std::vector<float, std::allocator<float> >, std::vector<int, std::allocator<int> >, lume::OwnedArray<float>, lume::OwnedArray<int> >::operator=(std::__detail::__variant::_Move_assign_base<false, std::vector<float, std::allocator<float> >, std::vector<int, std::allocator<int> >, lume::OwnedArray<float>, lume::OwnedArray<int> >&&)::{lambda(auto:1&&, auto:2)#1}&&, lume::OwnedArray<int>&, std::integral_constant<unsigned long, 3ul>&&)+0x64>
  55:	cmp    eax,0x1
  58:	test   rdi,rdi
  5b:	je     75 <void std::__invoke_impl<void, std::__detail::__variant::_Move_assign_base<false, std::vector<float, std::allocator<float> >, std::vector<int, std::allocator<int> >, lume::OwnedArray<float>, lume::OwnedArray<int> >::operator=(std::__detail::__variant::_Move_assign_base<false, std::vector<float, std::allocator<float> >, std::vector<int, std::allocator<int> >, lume::OwnedArray<float>, lume::OwnedArray<int> >&&)::{lambda(auto:1&&, auto:2)#1}, lume::OwnedArray<int>&, std::integral_constant<unsigned long, 3ul> >(std::__invoke_other, std::__detail::__variant::_Move_assign_base<false, std::vector<float, std::allocator<float> >, std::vector<int, std::allocator<int> >, lume::OwnedArray<float>, lume::OwnedArray<int> >::operator=(std::__detail::__variant::_Move_assign_base<false, std::vector<float, std::allocator<float> >, std::vector<int, std::allocator<int> >, lume::OwnedArray<float>, lume::OwnedArray<int> >&&)::{lambda(auto:1&&, auto:2)#1}&&, lume::OwnedArray<int>&, std::integral_constant<unsigned long, 3ul>&&)+0x75>
  5d:	call   62 <void std::__invoke_impl<void, std::__detail::__variant::_Move_assign_base<false, std::vector<float, std::allocator<float> >, std::vector<int, std::allocator<int> >, lume::OwnedArray<float>, lume::OwnedArray<int> >::operator=(std::__detail::__variant::_Move_assign_base<false, std::vector<float, std::allocator<float> >, std::vector<int, std::allocator<int> >, lume::OwnedArray<float>, lume::OwnedArray<int> >&&)::{lambda(auto:1&&, auto:2)#1}, lume::OwnedArray<int>&, std::integral_constant<unsigned long, 3ul> >(std::__invoke_other, std::__detail::__variant::_Move_assign_base<false, std::vector<float, std::allocator<float> >, std::vector<int, std::allocator<int> >, lume::OwnedArray<float>, lume::OwnedArray<int> >::operator=(std::__detail::__variant::_Move_assign_base<false, std::vector<float, std::allocator<float> >, std::vector<int, std::allocator<int> >, lume::OwnedArray<float>, lume::OwnedArray<int> >&&)::{lambda(auto:1&&, auto:2)#1}&&, lume::OwnedArray<int>&, std::integral_constant<unsigned long, 3ul>&&)+0x62>
  62:	jmp    75 <void std::__invoke_impl<void, std::__detail::__variant::_Move_assign_base<false, std::vector<float, std::allocator<float> >, std::vector<int, std::allocator<int> >, lume::OwnedArray<float>, lume::OwnedArray<int> >::operator=(std::__detail::__variant::_Move_assign_base<false, std::vector<float, std::allocator<float> >, std::vector<int, std::allocator<int> >, lume::OwnedArray<float>, lume::OwnedArray<int> >&&)::{lambda(auto:1&&, auto:2)#1}, lume::OwnedArray<int>&, std::integral_constant<unsigned long, 3ul> >(std::__invoke_other, std::__detail::__variant::_Move_assign_base<false, std::vector<float, std::allocator<float> >, std::vector<int, std::allocator<int> >, lume::OwnedArray<float>, lume::OwnedArray<int> >::operator=(std::__detail::__variant::_Move_assign_base<false, std::vector<float, std::allocator<float> >, std::vector<int, std::allocator<int> >, lume::OwnedArray<float>, lume::OwnedArray<int> >&&)::{lambda(auto:1&&, auto:2)#1}&&, lume::OwnedArray<int>&, std::integral_constant<unsigned long, 3ul>&&)+0x75>
  64:	test   rdi,rdi
  67:	je     6e <void std::__invoke_impl<void, std::__detail::__variant::_Move_assign_base<false, std::vector<float, std::allocator<float> >, std::vector<int, std::allocator<int> >, lume::OwnedArray<float>, lume::OwnedArray<int> >::operator=(std::__detail::__variant::_Move_assign_base<false, std::vector<float, std::allocator<float> >, std::vector<int, std::allocator<int> >, lume::OwnedArray<float>, lume::OwnedArray<int> >&&)::{lambda(auto:1&&, auto:2)#1}, lume::OwnedArray<int>&, std::integral_constant<unsigned long, 3ul> >(std::__invoke_other, std::__detail::__variant::_Move_assign_base<false, std::vector<float, std::allocator<float> >, std::vector<int, std::allocator<int> >, lume::OwnedArray<float>, lume::OwnedArray<int> >::operator=(std::__detail::__variant::_Move_assign_base<false, std::vector<float, std::allocator<float> >, std::vector<int, std::allocator<int> >, lume::OwnedArray<float>, lume::OwnedArray<int> >&&)::{lambda(auto:1&&, auto:2)#1}&&, lume::OwnedArray<int>&, std::integral_constant<unsigned long, 3ul>&&)+0x6e>
  69:	call   6e <void std::__invoke_impl<void, std::__detail::__variant::_Move_assign_base<false, std::vector<float, std::allocator<float> >, std::vector<int, std::allocator<int> >, lume::OwnedArray<float>, lume::OwnedArray<int> >::operator=(std::__detail::__variant::_Move_assign_base<false, std::vector<float, std::allocator<float> >, std::vector<int, std::allocator<int> >, lume::OwnedArray<float>, lume::OwnedArray<int> >&&)::{lambda(auto:1&&, auto:2)#1}, lume::OwnedArray<int>&, std::integral_constant<unsigned long, 3ul> >(std::__invoke_other, std::__detail::__variant::_Move_assign_base<false, std::vector<float, std::allocator<float> >, std::vector<int, std::allocator<int> >, lume::OwnedArray<float>, lume::OwnedArray<int> >::operator=(std::__detail::__variant::_Move_assign_base<false, std::vector<float, std::allocator<float> >, std::vector<int, std::allocator<int> >, lume::OwnedArray<float>, lume::OwnedArray<int> >&&)::{lambda(auto:1&&, auto:2)#1}&&, lume::OwnedArray<int>&, std::integral_constant<unsigned long, 3ul>&&)+0x6e>
  6e:	mov    QWORD PTR [r14],0x0
  75:	movups xmm0,XMMWORD PTR [rbx]
  78:	mov    QWORD PTR [rbx+0x8],0x0
  80:	movups XMMWORD PTR [r14],xmm0
  84:	mov    QWORD PTR [rbx],0x0
  8b:	mov    BYTE PTR [r14+0x18],0x3
  90:	add    rsp,0x8
  94:	pop    rbx
  95:	pop    r14
  97:	ret

Disassembly of section .text._ZNSt6vectorIN4lume6BufferESaIS1_EE17_M_realloc_insertIJS1_EEEvN9__gnu_cxx17__normal_iteratorIPS1_S3_EEDpOT_:

0000000000000000 <void std::vector<lume::Buffer, std::allocator<lume::Buffer> >::_M_realloc_insert<lume::Buffer>(__gnu_cxx::__normal_iterator<lume::Buffer*, std::vector<lume::Buffer, std::allocator<lume::Buffer> > >, lume::Buffer&&)>:
   0:	push   rbp
   1:	push   r15
   3:	push   r14
   5:	push   r13
   7:	push   r12
   9:	push   rbx
   a:	push   rax
   b:	mov    r14,QWORD PTR [rdi]
   e:	mov    QWORD PTR [rsp],rdi
  12:	mov    rbx,QWORD PTR [rdi+0x8]
  16:	mov    rax,rbx
  19:	sub    rax,r14
  1c:	movabs rcx,0x7fffffffffffffe0
  26:	cmp    rax,rcx
  29:	je     2eb <void std::vector<lume::Buffer, std::allocator<lume::Buffer> >::_M_realloc_insert<lume::Buffer>(__gnu_cxx::__normal_iterator<lume::Buffer*, std::vector<lume::Buffer, std::allocator<lume::Buffer> > >, lume::Buffer&&)+0x2eb>
  2f:	mov    r13,rdx
  32:	mov    r15,rsi
  35:	sar    rax,0x5
  39:	cmp    rax,0x1
  3d:	mov    rcx,rax
  40:	adc    rcx,0x0
  44:	lea    rbp,[rcx+rax*1]
  48:	movabs rdx,0x3ffffffffffffff
  52:	cmp    rbp,rdx
  55:	cmovae rbp,rdx
  59:	add    rcx,rax
  5c:	cmovb  rbp,rdx
  60:	mov    r12,rsi
  63:	sub    r12,r14
  66:	sar    r12,0x5
  6a:	test   rbp,rbp
  6d:	je     7d <void std::vector<lume::Buffer, std::allocator<lume::Buffer> >::_M_realloc_insert<lume::Buffer>(__gnu_cxx::__normal_iterator<lume::Buffer*, std::vector<lume::Buffer, std::allocator<lume::Buffer> > >, lume::Buffer&&)+0x7d>
  6f:	mov    rdi,rbp
  72:	shl    rdi,0x5
  76:	call   7b <void std::vector<lume::Buffer, std::allocator<lume::Buffer> >::_M_realloc_insert<lume::Buffer>(__gnu_cxx::__normal_iterator<lume::Buffer*, std::vector<lume::Buffer, std::allocator<lume::Buffer> > >, lume::Buffer&&)+0x7b>
  7b:	jmp    7f <void std::vector<lume::Buffer, std::allocator<lume::Buffer> >::_M_realloc_insert<lume::Buffer>(__gnu_cxx::__normal_iterator<lume::Buffer*, std::vector<lume::Buffer, std::allocator<lume::Buffer> > >, lume::Buffer&&)+0x7f>
  7d:	xor    eax,eax
  7f:	shl    r12,0x5
  83:	add    r12,rax
  86:	movzx  esi,BYTE PTR [r13+0x18]
  8b:	cmp    rsi,0x3
  8f:	ja     c4 <void std::vector<lume::Buffer, std::allocator<lume::Buffer> >::_M_realloc_insert<lume::Buffer>(__gnu_cxx::__normal_iterator<lume::Buffer*, std::vector<lume::Buffer, std::allocator<lume::Buffer> > >, lume::Buffer&&)+0xc4>
  91:	lea    rcx,[rip+0x0]        # 98 <void std::vector<lume::Buffer, std::allocator<lume::Buffer> >::_M_realloc_insert<lume::Buffer>(__gnu_cxx::__normal_iterator<lume::Buffer*, std::vector<lume::Buffer, std::allocator<lume::Buffer> > >, lume::Buffer&&)+0x98>
  98:	movsxd rdx,DWORD PTR [rcx+rsi*4]
  9c:	add    rdx,rcx
  9f:	jmp    rdx
  a1:	movups xmm0,XMMWORD PTR [r13+0x0]
  a6:	movups XMMWORD PTR [r12],xmm0
  ab:	mov    rcx,QWORD PTR [r13+0x10]
  af:	mov    QWORD PTR [r12+0x10],rcx
  b4:	xorps  xmm0,xmm0
  b7:	movups XMMWORD PTR [r13+0x0],xmm0
  bc:	mov    QWORD PTR [r13+0x10],0x0
  c4:	mov    BYTE PTR [r12+0x18],sil
  c9:	mov    r13,rax
  cc:	cmp    r14,r15
  cf:	jne    1fe <void std::vector<lume::Buffer, std::allocator<lume::Buffer> >::_M_realloc_insert<lume::Buffer>(__gnu_cxx::__normal_iterator<lume::Buffer*, std::vector<lume::Buffer, std::allocator<lume::Buffer> > >, lume::Buffer&&)+0x1fe>
  d5:	cmp    rbx,r15
  d8:	je     2d9 <void std::vector<lume::Buffer, std::allocator<lume::Buffer> >::_M_realloc_insert<lume::Buffer>(__gnu_cxx::__normal_iterator<lume::Buffer*, std::vector<lume::Buffer, std::allocator<lume::Buffer> > >, lume::Buffer&&)+0x2d9>
  de:	add    r13,0x38
  e2:	lea    rsi,[rip+0x0]        # e9 <void std::vector<lume::Buffer, std::allocator<lume::Buffer> >::_M_realloc_insert<lume::Buffer>(__gnu_cxx::__normal_iterator<lume::Buffer*, std::vector<lume::Buffer, std::allocator<lume::Buffer> > >, lume::Buffer&&)+0xe9>
  e9:	xorps  xmm0,xmm0
  ec:	jmp    121 <void std::vector<lume::Buffer, std::allocator<lume::Buffer> >::_M_realloc_insert<lume::Buffer>(__gnu_cxx::__normal_iterator<lume::Buffer*, std::vector<lume::Buffer, std::allocator<lume::Buffer> > >, lume::Buffer&&)+0x121>
  ee:	xchg   ax,ax
  f0:	movups xmm1,XMMWORD PTR [r15]
  f4:	mov    QWORD PTR [r15+0x8],0x0
  fc:	movups XMMWORD PTR [r13-0x18],xmm1
 101:	mov    BYTE PTR [r13+0x0],0x2
 106:	mov    QWORD PTR [r15],0x0
 10d:	mov    BYTE PTR [rcx],0xff
 110:	add    r15,0x20
 114:	add    r13,0x20
 118:	cmp    r15,rbx
 11b:	je     19f <void std::vector<lume::Buffer, std::allocator<lume::Buffer> >::_M_realloc_insert<lume::Buffer>(__gnu_cxx::__normal_iterator<lume::Buffer*, std::vector<lume::Buffer, std::allocator<lume::Buffer> > >, lume::Buffer&&)+0x19f>
 121:	movzx  edx,BYTE PTR [r15+0x18]
 126:	mov    rcx,r13
 129:	cmp    rdx,0x3
 12d:	ja     10d <void std::vector<lume::Buffer, std::allocator<lume::Buffer> >::_M_realloc_insert<lume::Buffer>(__gnu_cxx::__normal_iterator<lume::Buffer*, std::vector<lume::Buffer, std::allocator<lume::Buffer> > >, lume::Buffer&&)+0x10d>
 12f:	lea    rcx,[r15+0x18]
 133:	movsxd rdx,DWORD PTR [rsi+rdx*4]
 137:	add    rdx,rsi
 13a:	jmp    rdx
 13c:	movups xmm1,XMMWORD PTR [r15]
 140:	movups XMMWORD PTR [r13-0x18],xmm1
 145:	mov    rdx,QWORD PTR [r15+0x10]
 149:	mov    QWORD PTR [r13-0x8],rdx
 14d:	movups XMMWORD PTR [r15],xmm0
 151:	mov    QWORD PTR [r15+0x10],0x0
 159:	mov    BYTE PTR [r13+0x0],0x0
 15e:	jmp    10d <void std::vector<lume::Buffer, std::allocator<lume::Buffer> >::_M_realloc_insert<lume::Buffer>(__gnu_cxx::__normal_iterator<lume::Buffer*, std::vector<lume::Buffer, std::allocator<lume::Buffer> > >, lume::Buffer&&)+0x10d>
 160:	movups xmm1,XMMWORD PTR [r15]
 164:	mov    QWORD PTR [r15+0x8],0x0
 16c:	movups XMMWORD PTR [r13-0x18],xmm1
 171:	mov    BYTE PTR [r13+0x0],0x3
 176:	jmp    106 <void std::vector<lume::Buffer, std::allocator<lume::Buffer> >::_M_realloc_insert<lume::Buffer>(__gnu_cxx::__normal_iterator<lume::Buffer*, std::vector<lume::Buffer, std::allocator<lume::Buffer> > >, lume::Buffer&&)+0x106>
 178:	movups xmm1,XMMWORD PTR [r15]
 17c:	movups XMMWORD PTR [r13-0x18],xmm1
 181:	mov    rdx,QWORD PTR [r15+0x10]
 185:	mov    QWORD PTR [r13-0x8],rdx
 189:	movups XMMWORD PTR [r15],xmm0
 18d:	mov    QWORD PTR [r15+0x10],0x0
 195:	mov    BYTE PTR [r13+0x0],0x1
 19a:	jmp    10d <void std::vector<lume::Buffer, std::allocator<lume::Buffer> >::_M_realloc_insert<lume::Buffer>(__gnu_cxx::__normal_iterator<lume::Buffer*, std::vector<lume::Buffer, std::allocator<lume::Buffer> > >, lume::Buffer&&)+0x10d>
 19f:	add    r13,0xffffffffffffffe8
 1a3:	test   r14,r14
 1a6:	je     1b6 <void std::vector<lume::Buffer, std::allocator<lume::Buffer> >::_M_realloc_insert<lume::Buffer>(__gnu_cxx::__normal_iterator<lume::Buffer*, std::vector<lume::Buffer, std::allocator<lume::Buffer> > >, lume::Buffer&&)+0x1b6>
 1a8:	mov    rbx,rax
 1ab:	mov    rdi,r14
 1ae:	call   1b3 <void std::vector<lume::Buffer, std::allocator<lume::Buffer> >::_M_realloc_insert<lume::Buffer>(__gnu_cxx::__normal_iterator<lume::Buffer*, std::vector<lume::Buffer, std::allocator<lume::Buffer> > >, lume::Buffer&&)+0x1b3>
 1b3:	mov    rax,rbx
 1b6:	mov    rcx,QWORD PTR [rsp]
 1ba:	mov    QWORD PTR [rcx],rax
 1bd:	mov    QWORD PTR [rcx+0x8],r13
 1c1:	shl    rbp,0x5
 1c5:	add    rbp,rax
 1c8:	mov    QWORD PTR [rcx+0x10],rbp
 1cc:	add    rsp,0x8
 1d0:	pop    rbx
 1d1:	pop    r12
 1d3:	pop    r13
 1d5:	pop    r14
 1d7:	pop    r15
 1d9:	pop    rbp
 1da:	ret
 1db:	movups xmm0,XMMWORD PTR [r13+0x0]
 1e0:	xorps  xmm1,xmm1
 1e3:	movups XMMWORD PTR [r13+0x0],xmm1
 1e8:	movups XMMWORD PTR [r12],xmm0
 1ed:	mov    BYTE PTR [r12+0x18],sil
 1f2:	mov    r13,rax
 1f5:	cmp    r14,r15
 1f8:	je     d5 <void std::vector<lume::Buffer, std::allocator<lume::Buffer> >::_M_realloc_insert<lume::Buffer>(__gnu_cxx::__normal_iterator<lume::Buffer*, std::vector<lume::Buffer, std::allocator<lume::Buffer> > >, lume::Buffer&&)+0xd5>
 1fe:	lea    r13,[rax+0x18]
 202:	lea    rdi,[rip+0x0]        # 209 <void std::vector<lume::Buffer, std::allocator<lume::Buffer> >::_M_realloc_insert<lume::Buffer>(__gnu_cxx::__normal_iterator<lume::Buffer*, std::vector<lume::Buffer, std::allocator<lume::Buffer> > >, lume::Buffer&&)+0x209>
 209:	xorps  xmm0,xmm0
 20c:	mov    rcx,r14
 20f:	jmp    250 <void std::vector<lume::Buffer, std::allocator<lume::Buffer> >::_M_realloc_insert<lume::Buffer>(__gnu_cxx::__normal_iterator<lume::Buffer*, std::vector<lume::Buffer, std::allocator<lume::Buffer> > >, lume::Buffer&&)+0x250>
 211:	data16 data16 data16 data16 data16 cs nop WORD PTR [rax+rax*1+0x0]
 220:	movups xmm1,XMMWORD PTR [rcx]
 223:	mov    QWORD PTR [rcx+0x8],0x0
 22b:	movups XMMWORD PTR [r13-0x18],xmm1
 230:	mov    BYTE PTR [r13+0x0],0x2
 235:	mov    QWORD PTR [rcx],0x0
 23c:	mov    BYTE PTR [rdx],0xff
 23f:	add    rcx,0x20
 243:	add    r13,0x20
 247:	cmp    rcx,r15
 24a:	je     2cc <void std::vector<lume::Buffer, std::allocator<lume::Buffer> >::_M_realloc_insert<lume::Buffer>(__gnu_cxx::__normal_iterator<lume::Buffer*, std::vector<lume::Buffer, std::allocator<lume::Buffer> > >, lume::Buffer&&)+0x2cc>
 250:	movzx  esi,BYTE PTR [rcx+0x18]
 254:	mov    rdx,r13
 257:	cmp    rsi,0x3
 25b:	ja     23c <void std::vector<lume::Buffer, std::allocator<lume::Buffer> >::_M_realloc_insert<lume::Buffer>(__gnu_cxx::__normal_iterator<lume::Buffer*, std::vector<lume::Buffer, std::allocator<lume::Buffer> > >, lume::Buffer&&)+0x23c>
 25d:	lea    rdx,[rcx+0x18]
 261:	movsxd rsi,DWORD PTR [rdi+rsi*4]
 265:	add    rsi,rdi
 268:	jmp    rsi
 26a:	movups xmm1,XMMWORD PTR [rcx]
 26d:	movups XMMWORD PTR [r13-0x18],xmm1
 272:	mov    rsi,QWORD PTR [rcx+0x10]
 276:	mov    QWORD PTR [r13-0x8],rsi
 27a:	movups XMMWORD PTR [rcx],xmm0
 27d:	mov    QWORD PTR [rcx+0x10],0x0
 285:	mov    BYTE PTR [r13+0x0],0x0
 28a:	jmp    23c <void std::vector<lume::Buffer, std::allocator<lume::Buffer> >::_M_realloc_insert<lume::Buffer>(__gnu_cxx::__normal_iterator<lume::Buffer*, std::vector<lume::Buffer, std::allocator<lume::Buffer> > >, lume::Buffer&&)+0x23c>
 28c:	nop    DWORD PTR [rax+0x0]
 290:	movups xmm1,XMMWORD PTR [rcx]
 293:	mov    QWORD PTR [rcx+0x8],0x0
 29b:	movups XMMWORD PTR [r13-0x18],xmm1
 2a0:	mov    BYTE PTR [r13+0x0],0x3
 2a5:	jmp    235 <void std::vector<lume::Buffer, std::allocator<lume::Buffer> >::_M_realloc_insert<lume::Buffer>(__gnu_cxx::__normal_iterator<lume::Buffer*, std::vector<lume::Buffer, std::allocator<lume::Buffer> > >, lume::Buffer&&)+0x235>
 2a7:	movups xmm1,XMMWORD PTR [rcx]
 2aa:	movups XMMWORD PTR [r13-0x18],xmm1
 2af:	mov    rsi,QWORD PTR [rcx+0x10]
 2b3:	mov    QWORD PTR [r13-0x8],rsi
 2b7:	movups XMMWORD PTR [rcx],xmm0
 2ba:	mov    QWORD PTR [rcx+0x10],0x0
 2c2:	mov    BYTE PTR [r13+0x0],0x1
 2c7:	jmp    23c <void std::vector<lume::Buffer, std::allocator<lume::Buffer> >::_M_realloc_insert<lume::Buffer>(__gnu_cxx::__normal_iterator<lume::Buffer*, std::vector<lume::Buffer, std::allocator<lume::Buffer> > >, lume::Buffer&&)+0x23c>
 2cc:	add    r13,0xffffffffffffffe8
 2d0:	cmp    rbx,r15
 2d3:	jne    de <void std::vector<lume::Buffer, std::allocator<lume::Buffer> >::_M_realloc_insert<lume::Buffer>(__gnu_cxx::__normal_iterator<lume::Buffer*, std::vector<lume::Buffer, std::allocator<lume::Buffer> > >, lume::Buffer&&)+0xde>
 2d9:	add    r13,0x20
 2dd:	test   r14,r14
 2e0:	jne    1a8 <void std::vector<lume::Buffer, std::allocator<lume::Buffer> >::_M_realloc_insert<lume::Buffer>(__gnu_cxx::__normal_iterator<lume::Buffer*, std::vector<lume::Buffer, std::allocator<lume::Buffer> > >, lume::Buffer&&)+0x1a8>
 2e6:	jmp    1b6 <void std::vector<lume::Buffer, std::allocator<lume::Buffer> >::_M_realloc_insert<lume::Buffer>(__gnu_cxx::__normal_iterator<lume::Buffer*, std::vector<lume::Buffer, std::allocator<lume::Buffer> > >, lume::Buffer&&)+0x1b6>
 2eb:	lea    rdi,[rip+0x0]        # 2f2 <void std::vector<lume::Buffer, std::allocator<lume::Buffer> >::_M_realloc_insert<lume::Buffer>(__gnu_cxx::__normal_iterator<lume::Buffer*, std::vector<lume::Buffer, std::allocator<lume::Buffer> > >, lume::Buffer&&)+0x2f2>
 2f2:	call   2f7 <.L.str.35+0xba>

Disassembly of section .text._ZNSt6vectorIN4lume6BufferESaIS1_EE17_M_realloc_insertIJRKS1_EEEvN9__gnu_cxx17__normal_iteratorIPS1_S3_EEDpOT_:

0000000000000000 <void std::vector<lume::Buffer, std::allocator<lume::Buffer> >::_M_realloc_insert<lume::Buffer const&>(__gnu_cxx::__normal_iterator<lume::Buffer*, std::vector<lume::Buffer, std::allocator<lume::Buffer> > >, lume::Buffer const&)>:
   0:	push   rbp
   1:	push   r15
   3:	push   r14
   5:	push   r13
   7:	push   r12
   9:	push   rbx
   a:	sub    rsp,0x28
   e:	mov    r15,rsi
  11:	mov    rsi,QWORD PTR [rdi]
  14:	mov    r14,QWORD PTR [rdi+0x8]
  18:	mov    rax,r14
  1b:	sub    rax,rsi
  1e:	movabs rcx,0x7fffffffffffffe0
  28:	cmp    rax,rcx
  2b:	je     2b1 <void std::vector<lume::Buffer, std::allocator<lume::Buffer> >::_M_realloc_insert<lume::Buffer const&>(__gnu_cxx::__normal_iterator<lume::Buffer*, std::vector<lume::Buffer, std::allocator<lume::Buffer> > >, lume::Buffer const&)+0x2b1>
  31:	mov    r13,rdx
  34:	sar    rax,0x5
  38:	cmp    rax,0x1
  3c:	mov    rcx,rax
  3f:	adc    rcx,0x0
  43:	lea    r8,[rcx+rax*1]
  47:	movabs rdx,0x3ffffffffffffff
  51:	cmp    r8,rdx
  54:	cmovae r8,rdx
  58:	add    rcx,rax
  5b:	cmovb  r8,rdx
  5f:	mov    r12,r15
  62:	mov    QWORD PTR [rsp+0x10],rsi
  67:	sub    r12,rsi
  6a:	sar    r12,0x5
  6e:	test   r8,r8
  71:	mov    QWORD PTR [rsp+0x18],rdi
  76:	mov    QWORD PTR [rsp+0x8],r8
  7b:	je     8e <void std::vector<lume::Buffer, std::allocator<lume::Buffer> >::_M_realloc_insert<lume::Buffer const&>(__gnu_cxx::__normal_iterator<lume::Buffer*, std::vector<lume::Buffer, std::allocator<lume::Buffer> > >, lume::Buffer const&)+0x8e>
  7d:	mov    rdi,r8
  80:	shl    rdi,0x5
  84:	call   89 <void std::vector<lume::Buffer, std::allocator<lume::Buffer> >::_M_realloc_insert<lume::Buffer const&>(__gnu_cxx::__normal_iterator<lume::Buffer*, std::vector<lume::Buffer, std::allocator<lume::Buffer> > >, lume::Buffer const&)+0x89>
  89:	mov    rbx,rax
  8c:	jmp    90 <void std::vector<lume::Buffer, std::allocator<lume::Buffer> >::_M_realloc_insert<lume::Buffer const&>(__gnu_cxx::__normal_iterator<lume::Buffer*, std::vector<lume::Buffer, std::allocator<lume::Buffer> > >, lume::Buffer const&)+0x90>
  8e:	xor    ebx,ebx
  90:	shl    r12,0x5
  94:	lea    rbp,[rbx+r12*1]
  98:	mov    BYTE PTR [rbx+r12*1+0x18],0xff
  9e:	mov    QWORD PTR [rsp+0x20],rbp
  a3:	lea    rdi,[rsp+0x20]
  a8:	mov    rsi,r13
  ab:	call   b0 <void std::vector<lume::Buffer, std::allocator<lume::Buffer> >::_M_realloc_insert<lume::Buffer const&>(__gnu_cxx::__normal_iterator<lume::Buffer*, std::vector<lume::Buffer, std::allocator<lume::Buffer> > >, lume::Buffer const&)+0xb0>
  b0:	movzx  eax,BYTE PTR [r13+0x18]
  b5:	mov    BYTE PTR [rbp+0x18],al
  b8:	mov    r13,rbx
  bb:	mov    rdi,QWORD PTR [rsp+0x10]
  c0:	cmp    rdi,r15
  c3:	mov    r12,QWORD PTR [rsp+0x18]
  c8:	je     1a0 <void std::vector<lume::Buffer, std::allocator<lume::Buffer> >::_M_realloc_insert<lume::Buffer const&>(__gnu_cxx::__normal_iterator<lume::Buffer*, std::vector<lume::Buffer, std::allocator<lume::Buffer> > >, lume::Buffer const&)+0x1a0>
  ce:	lea    r13,[rbx+0x18]
  d2:	lea    rax,[rip+0x0]        # d9 <void std::vector<lume::Buffer, std::allocator<lume::Buffer> >::_M_realloc_insert<lume::Buffer const&>(__gnu_cxx::__normal_iterator<lume::Buffer*, std::vector<lume::Buffer, std::allocator<lume::Buffer> > >, lume::Buffer const&)+0xd9>
  d9:	xorps  xmm0,xmm0
  dc:	mov    rcx,rdi
  df:	jmp    120 <void std::vector<lume::Buffer, std::allocator<lume::Buffer> >::_M_realloc_insert<lume::Buffer const&>(__gnu_cxx::__normal_iterator<lume::Buffer*, std::vector<lume::Buffer, std::allocator<lume::Buffer> > >, lume::Buffer const&)+0x120>
  e1:	data16 data16 data16 data16 data16 cs nop WORD PTR [rax+rax*1+0x0]
  f0:	movups xmm1,XMMWORD PTR [rcx]
  f3:	mov    QWORD PTR [rcx+0x8],0x0
  fb:	movups XMMWORD PTR [r13-0x18],xmm1
 100:	mov    BYTE PTR [r13+0x0],0x2
 105:	mov    QWORD PTR [rcx],0x0
 10c:	mov    BYTE PTR [rdx],0xff
 10f:	add    rcx,0x20
 113:	add    r13,0x20
 117:	cmp    rcx,r15
 11a:	je     19c <void std::vector<lume::Buffer, std::allocator<lume::Buffer> >::_M_realloc_insert<lume::Buffer const&>(__gnu_cxx::__normal_iterator<lume::Buffer*, std::vector<lume::Buffer, std::allocator<lume::Buffer> > >, lume::Buffer const&)+0x19c>
 120:	movzx  esi,BYTE PTR [rcx+0x18]
 124:	mov    rdx,r13
 127:	cmp    rsi,0x3
 12b:	ja     10c <void std::vector<lume::Buffer, std::allocator<lume::Buffer> >::_M_realloc_insert<lume::Buffer const&>(__gnu_cxx::__normal_iterator<lume::Buffer*, std::vector<lume::Buffer, std::allocator<lume::Buffer> > >, lume::Buffer const&)+0x10c>
 12d:	lea    rdx,[rcx+0x18]
 131:	movsxd rsi,DWORD PTR [rax+rsi*4]
 135:	add    rsi,rax
 138:	jmp    rsi
 13a:	movups xmm1,XMMWORD PTR [rcx]
 13d:	movups XMMWORD PTR [r13-0x18],xmm1
 142:	mov    rsi,QWORD PTR [rcx+0x10]
 146:	mov    QWORD PTR [r13-0x8],rsi
 14a:	movups XMMWORD PTR [rcx],xmm0
 14d:	mov    QWORD PTR [rcx+0x10],0x0
 155:	mov    BYTE PTR [r13+0x0],0x0
 15a:	jmp    10c <void std::vector<lume::Buffer, std::allocator<lume::Buffer> >::_M_realloc_insert<lume::Buffer const&>(__gnu_cxx::__normal_iterator<lume::Buffer*, std::vector<lume::Buffer, std::allocator<lume::Buffer> > >, lume::Buffer const&)+0x10c>
 15c:	nop    DWORD PTR [rax+0x0]
 160:	movups xmm1,XMMWORD PTR [rcx]
 163:	mov    QWORD PTR [rcx+0x8],0x0
 16b:	movups XMMWORD PTR [r13-0x18],xmm1
 170:	mov    BYTE PTR [r13+0x0],0x3
 175:	jmp    105 <void std::vector<lume::Buffer, std::allocator<lume::Buffer> >::_M_realloc_insert<lume::Buffer const&>(__gnu_cxx::__normal_iterator<lume::Buffer*, std::vector<lume::Buffer, std::allocator<lume::Buffer> > >, lume::Buffer const&)+0x105>
 177:	movups xmm1,XMMWORD PTR [rcx]
 17a:	movups XMMWORD PTR [r13-0x18],xmm1
 17f:	mov    rsi,QWORD PTR [rcx+0x10]
 183:	mov    QWORD PTR [r13-0x8],rsi
 187:	movups XMMWORD PTR [rcx],xmm0
 18a:	mov    QWORD PTR [rcx+0x10],0x0
 192:	mov    BYTE PTR [r13+0x0],0x1
 197:	jmp    10c <void std::vector<lume::Buffer, std::allocator<lume::Buffer> >::_M_realloc_insert<lume::Buffer const&>(__gnu_cxx::__normal_iterator<lume::Buffer*, std::vector<lume::Buffer, std::allocator<lume::Buffer> > >, lume::Buffer const&)+0x10c>
 19c:	add    r13,0xffffffffffffffe8
 1a0:	cmp    r14,r15
 1a3:	je     2a6 <void std::vector<lume::Buffer, std::allocator<lume::Buffer> >::_M_realloc_insert<lume::Buffer const&>(__gnu_cxx::__normal_iterator<lume::Buffer*, std::vector<lume::Buffer, std::allocator<lume::Buffer> > >, lume::Buffer const&)+0x2a6>
 1a9:	add    r13,0x38
 1ad:	lea    rax,[rip+0x0]        # 1b4 <void std::vector<lume::Buffer, std::allocator<lume::Buffer> >::_M_realloc_insert<lume::Buffer const&>(__gnu_cxx::__normal_iterator<lume::Buffer*, std::vector<lume::Buffer, std::allocator<lume::Buffer> > >, lume::Buffer const&)+0x1b4>
 1b4:	xorps  xmm0,xmm0
 1b7:	jmp    1f1 <void std::vector<lume::Buffer, std::allocator<lume::Buffer> >::_M_realloc_insert<lume::Buffer const&>(__gnu_cxx::__normal_iterator<lume::Buffer*, std::vector<lume::Buffer, std::allocator<lume::Buffer> > >, lume::Buffer const&)+0x1f1>
 1b9:	nop    DWORD PTR [rax+0x0]
 1c0:	movups xmm1,XMMWORD PTR [r15]
 1c4:	mov    QWORD PTR [r15+0x8],0x0
 1cc:	movups XMMWORD PTR [r13-0x18],xmm1
 1d1:	mov    BYTE PTR [r13+0x0],0x2
 1d6:	mov    QWORD PTR [r15],0x0
 1dd:	mov    BYTE PTR [rcx],0xff
 1e0:	add    r15,0x20
 1e4:	add    r13,0x20
 1e8:	cmp    r15,r14
 1eb:	je     26f <void std::vector<lume::Buffer, std::allocator<lume::Buffer> >::_M_realloc_insert<lume::Buffer const&>(__gnu_cxx::__normal_iterator<lume::Buffer*, std::vector<lume::Buffer, std::allocator<lume::Buffer> > >, lume::Buffer const&)+0x26f>
 1f1:	movzx  edx,BYTE PTR [r15+0x18]
 1f6:	mov    rcx,r13
 1f9:	cmp    rdx,0x3
 1fd:	ja     1dd <void std::vector<lume::Buffer, std::allocator<lume::Buffer> >::_M_realloc_insert<lume::Buffer const&>(__gnu_cxx::__normal_iterator<lume::Buffer*, std::vector<lume::Buffer, std::allocator<lume::Buffer> > >, lume::Buffer const&)+0x1dd>
 1ff:	lea    rcx,[r15+0x18]
 203:	movsxd rdx,DWORD PTR [rax+rdx*4]
 207:	add    rdx,rax
 20a:	jmp    rdx
 20c:	movups xmm1,XMMWORD PTR [r15]
 210:	movups XMMWORD PTR [r13-0x18],xmm1
 215:	mov    rdx,QWORD PTR [r15+0x10]
 219:	mov    QWORD PTR [r13-0x8],rdx
 21d:	movups XMMWORD PTR [r15],xmm0
 221:	mov    QWORD PTR [r15+0x10],0x0
 229:	mov    BYTE PTR [r13+0x0],0x0
 22e:	jmp    1dd <void std::vector<lume::Buffer, std::allocator<lume::Buffer> >::_M_realloc_insert<lume::Buffer const&>(__gnu_cxx::__normal_iterator<lume::Buffer*, std::vector<lume::Buffer, std::allocator<lume::Buffer> > >, lume::Buffer const&)+0x1dd>
 230:	movups xmm1,XMMWORD PTR [r15]
 234:	mov    QWORD PTR [r15+0x8],0x0
 23c:	movups XMMWORD PTR [r13-0x18],xmm1
 241:	mov    BYTE PTR [r13+0x0],0x3
 246:	jmp    1d6 <void std::vector<lume::Buffer, std::allocator<lume::Buffer> >::_M_realloc_insert<lume::Buffer const&>(__gnu_cxx::__normal_iterator<lume::Buffer*, std::vector<lume::Buffer, std::allocator<lume::Buffer> > >, lume::Buffer const&)+0x1d6>
 248:	movups xmm1,XMMWORD PTR [r15]
 24c:	movups XMMWORD PTR [r13-0x18],xmm1
 251:	mov    rdx,QWORD PTR [r15+0x10]
 255:	mov    QWORD PTR [r13-0x8],rdx
 259:	movups XMMWORD PTR [r15],xmm0
 25d:	mov    QWORD PTR [r15+0x10],0x0
 265:	mov    BYTE PTR [r13+0x0],0x1
 26a:	jmp    1dd <void std::vector<lume::Buffer, std::allocator<lume::Buffer> >::_M_realloc_insert<lume::Buffer const&>(__gnu_cxx::__normal_iterator<lume::Buffer*, std::vector<lume::Buffer, std::allocator<lume::Buffer> > >, lume::Buffer const&)+0x1dd>
 26f:	add    r13,0xffffffffffffffe8
 273:	test   rdi,rdi
 276:	je     27d <void std::vector<lume::Buffer, std::allocator<lume::Buffer> >::_M_realloc_insert<lume::Buffer const&>(__gnu_cxx::__normal_iterator<lume::Buffer*, std::vector<lume::Buffer, std::allocator<lume::Buffer> > >, lume::Buffer const&)+0x27d>
 278:	call   27d <void std::vector<lume::Buffer, std::allocator<lume::Buffer> >::_M_realloc_insert<lume::Buffer const&>(__gnu_cxx::__normal_iterator<lume::Buffer*, std::vector<lume::Buffer, std::allocator<lume::Buffer> > >, lume::Buffer const&)+0x27d>
 27d:	mov    QWORD PTR [r12],rbx
 281:	mov    QWORD PTR [r12+0x8],r13
 286:	mov    rax,QWORD PTR [rsp+0x8]
 28b:	shl    rax,0x5
 28f:	add    rax,rbx
 292:	mov    QWORD PTR [r12+0x10],rax
 297:	add    rsp,0x28
 29b:	pop    rbx
 29c:	pop    r12
 29e:	pop    r13
 2a0:	pop    r14
 2a2:	pop    r15
 2a4:	pop    rbp
 2a5:	ret
 2a6:	add    r13,0x20
 2aa:	test   rdi,rdi
 2ad:	jne    278 <void std::vector<lume::Buffer, std::allocator<lume::Buffer> >::_M_realloc_insert<lume::Buffer const&>(__gnu_cxx::__normal_iterator<lume::Buffer*, std::vector<lume::Buffer, std::allocator<lume::Buffer> > >, lume::Buffer const&)+0x278>
 2af:	jmp    27d <void std::vector<lume::Buffer, std::allocator<lume::Buffer> >::_M_realloc_insert<lume::Buffer const&>(__gnu_cxx::__normal_iterator<lume::Buffer*, std::vector<lume::Buffer, std::allocator<lume::Buffer> > >, lume::Buffer const&)+0x27d>
 2b1:	lea    rdi,[rip+0x0]        # 2b8 <void std::vector<lume::Buffer, std::allocator<lume::Buffer> >::_M_realloc_insert<lume::Buffer const&>(__gnu_cxx::__normal_iterator<lume::Buffer*, std::vector<lume::Buffer, std::allocator<lume::Buffer> > >, lume::Buffer const&)+0x2b8>
 2b8:	call   2bd <void std::vector<lume::Buffer, std::allocator<lume::Buffer> >::_M_realloc_insert<lume::Buffer const&>(__gnu_cxx::__normal_iterator<lume::Buffer*, std::vector<lume::Buffer, std::allocator<lume::Buffer> > >, lume::Buffer const&)+0x2bd>
 2bd:	mov    r14,rax
 2c0:	mov    rdi,rbp
 2c3:	call   2c8 <void std::vector<lume::Buffer, std::allocator<lume::Buffer> >::_M_realloc_insert<lume::Buffer const&>(__gnu_cxx::__normal_iterator<lume::Buffer*, std::vector<lume::Buffer, std::allocator<lume::Buffer> > >, lume::Buffer const&)+0x2c8>
 2c8:	mov    rdi,r14
 2cb:	call   2d0 <void std::vector<lume::Buffer, std::allocator<lume::Buffer> >::_M_realloc_insert<lume::Buffer const&>(__gnu_cxx::__normal_iterator<lume::Buffer*, std::vector<lume::Buffer, std::allocator<lume::Buffer> > >, lume::Buffer const&)+0x2d0>
 2d0:	mov    rdi,rbx
 2d3:	call   2d8 <void std::vector<lume::Buffer, std::allocator<lume::Buffer> >::_M_realloc_insert<lume::Buffer const&>(__gnu_cxx::__normal_iterator<lume::Buffer*, std::vector<lume::Buffer, std::allocator<lume::Buffer> > >, lume::Buffer const&)+0x2d8>
 2d8:	call   2dd <void std::vector<lume::Buffer, std::allocator<lume::Buffer> >::_M_realloc_insert<lume::Buffer const&>(__gnu_cxx::__normal_iterator<lume::Buffer*, std::vector<lume::Buffer, std::allocator<lume::Buffer> > >, lume::Buffer const&)+0x2dd>
 2dd:	mov    rbx,rax
 2e0:	call   2e5 <void std::vector<lume::Buffer, std::allocator<lume::Buffer> >::_M_realloc_insert<lume::Buffer const&>(__gnu_cxx::__normal_iterator<lume::Buffer*, std::vector<lume::Buffer, std::allocator<lume::Buffer> > >, lume::Buffer const&)+0x2e5>
 2e5:	mov    rdi,rbx
 2e8:	call   2ed <void std::vector<lume::Buffer, std::allocator<lume::Buffer> >::_M_realloc_insert<lume::Buffer const&>(__gnu_cxx::__normal_iterator<lume::Buffer*, std::vector<lume::Buffer, std::allocator<lume::Buffer> > >, lume::Buffer const&)+0x2ed>
 2ed:	mov    rdi,rax
 2f0:	call   2f5 <.L.str.35+0xb8>

Disassembly of section .text._ZSt10__do_visitINSt8__detail9__variant20__variant_idx_cookieEZNS1_15_Copy_ctor_baseILb0EJSt6vectorIfSaIfEES4_IiSaIiEEN4lume10OwnedArrayIfEENSA_IiEEEEC1ERKSD_EUlOT_T0_E_JRKSt7variantIJS6_S8_SB_SC_EEEEDcOSI_DpOT1_:

0000000000000000 <decltype(auto) std::__do_visit<std::__detail::__variant::__variant_idx_cookie, std::__detail::__variant::_Copy_ctor_base<false, std::vector<float, std::allocator<float> >, std::vector<int, std::allocator<int> >, lume::OwnedArray<float>, lume::OwnedArray<int> >::_Copy_ctor_base(std::__detail::__variant::_Copy_ctor_base<false, std::vector<float, std::allocator<float> >, std::vector<int, std::allocator<int> >, lume::OwnedArray<float>, lume::OwnedArray<int> > const&)::{lambda(auto:1&&, auto:2)#1}, std::variant<std::vector<float, std::allocator<float> >, std::vector<int, std::allocator<int> >, lume::OwnedArray<float>, lume::OwnedArray<int> > const&>(std::__detail::__variant::_Copy_ctor_base<false, std::vector<float, std::allocator<float> >, std::vector<int, std::allocator<int> >, lume::OwnedArray<float>, lume::OwnedArray<int> >::_Copy_ctor_base(std::__detail::__variant::_Copy_ctor_base<false, std::vector<float, std::allocator<float> >, std::vector<int, std::allocator<int> >, lume::OwnedArray<float>, lume::OwnedArray<int> > const&)::{lambda(auto:1&&, auto:2)#1}&&, std::variant<std::vector<float, std::allocator<float> >, std::vector<int, std::allocator<int> >, lume::OwnedArray<float>, lume::OwnedArray<int> > const&)>:
   0:	push   r15
   2:	push   r14
   4:	push   r12
   6:	push   rbx
   7:	push   rax
   8:	movzx  eax,BYTE PTR [rsi+0x18]
   c:	cmp    rax,0x3
  10:	ja     1ce <decltype(auto) std::__do_visit<std::__detail::__variant::__variant_idx_cookie, std::__detail::__variant::_Copy_ctor_base<false, std::vector<float, std::allocator<float> >, std::vector<int, std::allocator<int> >, lume::OwnedArray<float>, lume::OwnedArray<int> >::_Copy_ctor_base(std::__detail::__variant::_Copy_ctor_base<false, std::vector<float, std::allocator<float> >, std::vector<int, std::allocator<int> >, lume::OwnedArray<float>, lume::OwnedArray<int> > const&)::{lambda(auto:1&&, auto:2)#1}, std::variant<std::vector<float, std::allocator<float> >, std::vector<int, std::allocator<int> >, lume::OwnedArray<float>, lume::OwnedArray<int> > const&>(std::__detail::__variant::_Copy_ctor_base<false, std::vector<float, std::allocator<float> >, std::vector<int, std::allocator<int> >, lume::OwnedArray<float>, lume::OwnedArray<int> >::_Copy_ctor_base(std::__detail::__variant::_Copy_ctor_base<false, std::vector<float, std::allocator<float> >, std::vector<int, std::allocator<int> >, lume::OwnedArray<float>, lume::OwnedArray<int> > const&)::{lambda(auto:1&&, auto:2)#1}&&, std::variant<std::vector<float, std::allocator<float> >, std::vector<int, std::allocator<int> >, lume::OwnedArray<float>, lume::OwnedArray<int> > const&)+0x1ce>
  16:	mov    rbx,rsi
  19:	lea    rcx,[rip+0x0]        # 20 <decltype(auto) std::__do_visit<std::__detail::__variant::__variant_idx_cookie, std::__detail::__variant::_Copy_ctor_base<false, std::vector<float, std::allocator<float> >, std::vector<int, std::allocator<int> >, lume::OwnedArray<float>, lume::OwnedArray<int> >::_Copy_ctor_base(std::__detail::__variant::_Copy_ctor_base<false, std::vector<float, std::allocator<float> >, std::vector<int, std::allocator<int> >, lume::OwnedArray<float>, lume::OwnedArray<int> > const&)::{lambda(auto:1&&, auto:2)#1}, std::variant<std::vector<float, std::allocator<float> >, std::vector<int, std::allocator<int> >, lume::OwnedArray<float>, lume::OwnedArray<int> > const&>(std::__detail::__variant::_Copy_ctor_base<false, std::vector<float, std::allocator<float> >, std::vector<int, std::allocator<int> >, lume::OwnedArray<float>, lume::OwnedArray<int> >::_Copy_ctor_base(std::__detail::__variant::_Copy_ctor_base<false, std::vector<float, std::allocator<float> >, std::vector<int, std::allocator<int> >, lume::OwnedArray<float>, lume::OwnedArray<int> > const&)::{lambda(auto:1&&, auto:2)#1}&&, std::variant<std::vector<float, std::allocator<float> >, std::vector<int, std::allocator<int> >, lume::OwnedArray<float>, lume::OwnedArray<int> > const&)+0x20>
  20:	movsxd rax,DWORD PTR [rcx+rax*4]
  24:	add    rax,rcx
  27:	jmp    rax
  29:	mov    rax,QWORD PTR [rbx+0x8]
  2d:	mov    rcx,QWORD PTR [rbx]
  30:	mov    r12,rax
  33:	sub    r12,rcx
  36:	sar    r12,0x2
  3a:	mov    r15,QWORD PTR [rdi]
  3d:	xorps  xmm0,xmm0
  40:	movups XMMWORD PTR [r15],xmm0
  44:	mov    QWORD PTR [r15+0x10],0x0
  4c:	sub    rax,rcx
  4f:	je     167 <decltype(auto) std::__do_visit<std::__detail::__variant::__variant_idx_cookie, std::__detail::__variant::_Copy_ctor_base<false, std::vector<float, std::allocator<float> >, std::vector<int, std::allocator<int> >, lume::OwnedArray<float>, lume::OwnedArray<int> >::_Copy_ctor_base(std::__detail::__variant::_Copy_ctor_base<false, std::vector<float, std::allocator<float> >, std::vector<int, std::allocator<int> >, lume::OwnedArray<float>, lume::OwnedArray<int> > const&)::{lambda(auto:1&&, auto:2)#1}, std::variant<std::vector<float, std::allocator<float> >, std::vector<int, std::allocator<int> >, lume::OwnedArray<float>, lume::OwnedArray<int> > const&>(std::__detail::__variant::_Copy_ctor_base<false, std::vector<float, std::allocator<float> >, std::vector<int, std::allocator<int> >, lume::OwnedArray<float>, lume::OwnedArray<int> >::_Copy_ctor_base(std::__detail::__variant::_Copy_ctor_base<false, std::vector<float, std::allocator<float> >, std::vector<int, std::allocator<int> >, lume::OwnedArray<float>, lume::OwnedArray<int> > const&)::{lambda(auto:1&&, auto:2)#1}&&, std::variant<std::vector<float, std::allocator<float> >, std::vector<int, std::allocator<int> >, lume::OwnedArray<float>, lume::OwnedArray<int> > const&)+0x167>
  55:	mov    rcx,r12
  58:	shr    rcx,0x3d
  5c:	jne    1da <decltype(auto) std::__do_visit<std::__detail::__variant::__variant_idx_cookie, std::__detail::__variant::_Copy_ctor_base<false, std::vector<float, std::allocator<float> >, std::vector<int, std::allocator<int> >, lume::OwnedArray<float>, lume::OwnedArray<int> >::_Copy_ctor_base(std::__detail::__variant::_Copy_ctor_base<false, std::vector<float, std::allocator<float> >, std::vector<int, std::allocator<int> >, lume::OwnedArray<float>, lume::OwnedArray<int> > const&)::{lambda(auto:1&&, auto:2)#1}, std::variant<std::vector<float, std::allocator<float> >, std::vector<int, std::allocator<int> >, lume::OwnedArray<float>, lume::OwnedArray<int> > const&>(std::__detail::__variant::_Copy_ctor_base<false, std::vector<float, std::allocator<float> >, std::vector<int, std::allocator<int> >, lume::OwnedArray<float>, lume::OwnedArray<int> >::_Copy_ctor_base(std::__detail::__variant::_Copy_ctor_base<false, std::vector<float, std::allocator<float> >, std::vector<int, std::allocator<int> >, lume::OwnedArray<float>, lume::OwnedArray<int> > const&)::{lambda(auto:1&&, auto:2)#1}&&, std::variant<std::vector<float, std::allocator<float> >, std::vector<int, std::allocator<int> >, lume::OwnedArray<float>, lume::OwnedArray<int> > const&)+0x1da>
  62:	mov    rdi,rax
  65:	call   6a <decltype(auto) std::__do_visit<std::__detail::__variant::__variant_idx_cookie, std::__detail::__variant::_Copy_ctor_base<false, std::vector<float, std::allocator<float> >, std::vector<int, std::allocator<int> >, lume::OwnedArray<float>, lume::OwnedArray<int> >::_Copy_ctor_base(std::__detail::__variant::_Copy_ctor_base<false, std::vector<float, std::allocator<float> >, std::vector<int, std::allocator<int> >, lume::OwnedArray<float>, lume::OwnedArray<int> > const&)::{lambda(auto:1&&, auto:2)#1}, std::variant<std::vector<float, std::allocator<float> >, std::vector<int, std::allocator<int> >, lume::OwnedArray<float>, lume::OwnedArray<int> > const&>(std::__detail::__variant::_Copy_ctor_base<false, std::vector<float, std::allocator<float> >, std::vector<int, std::allocator<int> >, lume::OwnedArray<float>, lume::OwnedArray<int> >::_Copy_ctor_base(std::__detail::__variant::_Copy_ctor_base<false, std::vector<float, std::allocator<float> >, std::vector<int, std::allocator<int> >, lume::OwnedArray<float>, lume::OwnedArray<int> > const&)::{lambda(auto:1&&, auto:2)#1}&&, std::variant<std::vector<float, std::allocator<float> >, std::vector<int, std::allocator<int> >, lume::OwnedArray<float>, lume::OwnedArray<int> > const&)+0x6a>
  6a:	mov    r14,rax
  6d:	jmp    16a <decltype(auto) std::__do_visit<std::__detail::__variant::__variant_idx_cookie, std::__detail::__variant::_Copy_ctor_base<false, std::vector<float, std::allocator<float> >, std::vector<int, std::allocator<int> >, lume::OwnedArray<float>, lume::OwnedArray<int> >::_Copy_ctor_base(std::__detail::__variant::_Copy_ctor_base<false, std::vector<float, std::allocator<float> >, std::vector<int, std::allocator<int> >, lume::OwnedArray<float>, lume::OwnedArray<int> > const&)::{lambda(auto:1&&, auto:2)#1}, std::variant<std::vector<float, std::allocator<float> >, std::vector<int, std::allocator<int> >, lume::OwnedArray<float>, lume::OwnedArray<int> > const&>(std::__detail::__variant::_Copy_ctor_base<false, std::vector<float, std::allocator<float> >, std::vector<int, std::allocator<int> >, lume::OwnedArray<float>, lume::OwnedArray<int> >::_Copy_ctor_base(std::__detail::__variant::_Copy_ctor_base<false, std::vector<float, std::allocator<float> >, std::vector<int, std::allocator<int> >, lume::OwnedArray<float>, lume::OwnedArray<int> > const&)::{lambda(auto:1&&, auto:2)#1}&&, std::variant<std::vector<float, std::allocator<float> >, std::vector<int, std::allocator<int> >, lume::OwnedArray<float>, lume::OwnedArray<int> > const&)+0x16a>
  72:	mov    r12,QWORD PTR [rdi]
  75:	mov    r15,QWORD PTR [rbx+0x8]
  79:	mov    rax,r15
  7c:	shr    rax,0x3e
  80:	lea    r14,[r15*4+0x0]
  88:	xor    edi,edi
  8a:	neg    rax
  8d:	sbb    rdi,rdi
  90:	or     rdi,r14
  93:	call   98 <decltype(auto) std::__do_visit<std::__detail::__variant::__variant_idx_cookie, std::__detail::__variant::_Copy_ctor_base<false, std::vector<float, std::allocator<float> >, std::vector<int, std::allocator<int> >, lume::OwnedArray<float>, lume::OwnedArray<int> >::_Copy_ctor_base(std::__detail::__variant::_Copy_ctor_base<false, std::vector<float, std::allocator<float> >, std::vector<int, std::allocator<int> >, lume::OwnedArray<float>, lume::OwnedArray<int> > const&)::{lambda(auto:1&&, auto:2)#1}, std::variant<std::vector<float, std::allocator<float> >, std::vector<int, std::allocator<int> >, lume::OwnedArray<float>, lume::OwnedArray<int> > const&>(std::__detail::__variant::_Copy_ctor_base<false, std::vector<float, std::allocator<float> >, std::vector<int, std::allocator<int> >, lume::OwnedArray<float>, lume::OwnedArray<int> >::_Copy_ctor_base(std::__detail::__variant::_Copy_ctor_base<false, std::vector<float, std::allocator<float> >, std::vector<int, std::allocator<int> >, lume::OwnedArray<float>, lume::OwnedArray<int> > const&)::{lambda(auto:1&&, auto:2)#1}&&, std::variant<std::vector<float, std::allocator<float> >, std::vector<int, std::allocator<int> >, lume::OwnedArray<float>, lume::OwnedArray<int> > const&)+0x98>
  98:	mov    QWORD PTR [r12],rax
  9c:	mov    QWORD PTR [r12+0x8],r15
  a1:	test   r15,r15
  a4:	je     1ce <decltype(auto) std::__do_visit<std::__detail::__variant::__variant_idx_cookie, std::__detail::__variant::_Copy_ctor_base<false, std::vector<float, std::allocator<float> >, std::vector<int, std::allocator<int> >, lume::OwnedArray<float>, lume::OwnedArray<int> >::_Copy_ctor_base(std::__detail::__variant::_Copy_ctor_base<false, std::vector<float, std::allocator<float> >, std::vector<int, std::allocator<int> >, lume::OwnedArray<float>, lume::OwnedArray<int> > const&)::{lambda(auto:1&&, auto:2)#1}, std::variant<std::vector<float, std::allocator<float> >, std::vector<int, std::allocator<int> >, lume::OwnedArray<float>, lume::OwnedArray<int> > const&>(std::__detail::__variant::_Copy_ctor_base<false, std::vector<float, std::allocator<float> >, std::vector<int, std::allocator<int> >, lume::OwnedArray<float>, lume::OwnedArray<int> >::_Copy_ctor_base(std::__detail::__variant::_Copy_ctor_base<false, std::vector<float, std::allocator<float> >, std::vector<int, std::allocator<int> >, lume::OwnedArray<float>, lume::OwnedArray<int> > const&)::{lambda(auto:1&&, auto:2)#1}&&, std::variant<std::vector<float, std::allocator<float> >, std::vector<int, std::allocator<int> >, lume::OwnedArray<float>, lume::OwnedArray<int> > const&)+0x1ce>
  aa:	mov    rsi,QWORD PTR [rbx]
  ad:	cmp    r15,0x2
  b1:	jge    10f <decltype(auto) std::__do_visit<std::__detail::__variant::__variant_idx_cookie, std::__detail::__variant::_Copy_ctor_base<false, std::vector<float, std::allocator<float> >, std::vector<int, std::allocator<int> >, lume::OwnedArray<float>, lume::OwnedArray<int> >::_Copy_ctor_base(std::__detail::__variant::_Copy_ctor_base<false, std::vector<float, std::allocator<float> >, std::vector<int, std::allocator<int> >, lume::OwnedArray<float>, lume::OwnedArray<int> > const&)::{lambda(auto:1&&, auto:2)#1}, std::variant<std::vector<float, std::allocator<float> >, std::vector<int, std::allocator<int> >, lume::OwnedArray<float>, lume::OwnedArray<int> > const&>(std::__detail::__variant::_Copy_ctor_base<false, std::vector<float, std::allocator<float> >, std::vector<int, std::allocator<int> >, lume::OwnedArray<float>, lume::OwnedArray<int> >::_Copy_ctor_base(std::__detail::__variant::_Copy_ctor_base<false, std::vector<float, std::allocator<float> >, std::vector<int, std::allocator<int> >, lume::OwnedArray<float>, lume::OwnedArray<int> > const&)::{lambda(auto:1&&, auto:2)#1}&&, std::variant<std::vector<float, std::allocator<float> >, std::vector<int, std::allocator<int> >, lume::OwnedArray<float>, lume::OwnedArray<int> > const&)+0x10f>
  b3:	cmp    r15,0x1
  b7:	jne    1ce <decltype(auto) std::__do_visit<std::__detail::__variant::__variant_idx_cookie, std::__detail::__variant::_Copy_ctor_base<false, std::vector<float, std::allocator<float> >, std::vector<int, std::allocator<int> >, lume::OwnedArray<float>, lume::OwnedArray<int> >::_Copy_ctor_base(std::__detail::__variant::_Copy_ctor_base<false, std::vector<float, std::allocator<float> >, std::vector<int, std::allocator<int> >, lume::OwnedArray<float>, lume::OwnedArray<int> > const&)::{lambda(auto:1&&, auto:2)#1}, std::variant<std::vector<float, std::allocator<float> >, std::vector<int, std::allocator<int> >, lume::OwnedArray<float>, lume::OwnedArray<int> > const&>(std::__detail::__variant::_Copy_ctor_base<false, std::vector<float, std::allocator<float> >, std::vector<int, std::allocator<int> >, lume::OwnedArray<float>, lume::OwnedArray<int> >::_Copy_ctor_base(std::__detail::__variant::_Copy_ctor_base<false, std::vector<float, std::allocator<float> >, std::vector<int, std::allocator<int> >, lume::OwnedArray<float>, lume::OwnedArray<int> > const&)::{lambda(auto:1&&, auto:2)#1}&&, std::variant<std::vector<float, std::allocator<float> >, std::vector<int, std::allocator<int> >, lume::OwnedArray<float>, lume::OwnedArray<int> > const&)+0x1ce>
  bd:	movss  xmm0,DWORD PTR [rsi]
  c1:	movss  DWORD PTR [rax],xmm0
  c5:	jmp    1ce <decltype(auto) std::__do_visit<std::__detail::__variant::__variant_idx_cookie, std::__detail::__variant::_Copy_ctor_base<false, std::vector<float, std::allocator<float> >, std::vector<int, std::allocator<int> >, lume::OwnedArray<float>, lume::OwnedArray<int> >::_Copy_ctor_base(std::__detail::__variant::_Copy_ctor_base<false, std::vector<float, std::allocator<float> >, std::vector<int, std::allocator<int> >, lume::OwnedArray<float>, lume::OwnedArray<int> > const&)::{lambda(auto:1&&, auto:2)#1}, std::variant<std::vector<float, std::allocator<float> >, std::vector<int, std::allocator<int> >, lume::OwnedArray<float>, lume::OwnedArray<int> > const&>(std::__detail::__variant::_Copy_ctor_base<false, std::vector<float, std::allocator<float> >, std::vector<int, std::allocator<int> >, lume::OwnedArray<float>, lume::OwnedArray<int> >::_Copy_ctor_base(std::__detail::__variant::_Copy_ctor_base<false, std::vector<float, std::allocator<float> >, std::vector<int, std::allocator<int> >, lume::OwnedArray<float>, lume::OwnedArray<int> > const&)::{lambda(auto:1&&, auto:2)#1}&&, std::variant<std::vector<float, std::allocator<float> >, std::vector<int, std::allocator<int> >, lume::OwnedArray<float>, lume::OwnedArray<int> > const&)+0x1ce>
  ca:	mov    r12,QWORD PTR [rdi]
  cd:	mov    r15,QWORD PTR [rbx+0x8]
  d1:	mov    rax,r15
  d4:	shr    rax,0x3e
  d8:	lea    r14,[r15*4+0x0]
  e0:	xor    edi,edi
  e2:	neg    rax
  e5:	sbb    rdi,rdi
  e8:	or     rdi,r14
  eb:	call   f0 <decltype(auto) std::__do_visit<std::__detail::__variant::__variant_idx_cookie, std::__detail::__variant::_Copy_ctor_base<false, std::vector<float, std::allocator<float> >, std::vector<int, std::allocator<int> >, lume::OwnedArray<float>, lume::OwnedArray<int> >::_Copy_ctor_base(std::__detail::__variant::_Copy_ctor_base<false, std::vector<float, std::allocator<float> >, std::vector<int, std::allocator<int> >, lume::OwnedArray<float>, lume::OwnedArray<int> > const&)::{lambda(auto:1&&, auto:2)#1}, std::variant<std::vector<float, std::allocator<float> >, std::vector<int, std::allocator<int> >, lume::OwnedArray<float>, lume::OwnedArray<int> > const&>(std::__detail::__variant::_Copy_ctor_base<false, std::vector<float, std::allocator<float> >, std::vector<int, std::allocator<int> >, lume::OwnedArray<float>, lume::OwnedArray<int> >::_Copy_ctor_base(std::__detail::__variant::_Copy_ctor_base<false, std::vector<float, std::allocator<float> >, std::vector<int, std::allocator<int> >, lume::OwnedArray<float>, lume::OwnedArray<int> > const&)::{lambda(auto:1&&, auto:2)#1}&&, std::variant<std::vector<float, std::allocator<float> >, std::vector<int, std::allocator<int> >, lume::OwnedArray<float>, lume::OwnedArray<int> > const&)+0xf0>
  f0:	mov    QWORD PTR [r12],rax
  f4:	mov    QWORD PTR [r12+0x8],r15
  f9:	test   r15,r15
  fc:	je     1ce <decltype(auto) std::__do_visit<std::__detail::__variant::__variant_idx_cookie, std::__detail::__variant::_Copy_ctor_base<false, std::vector<float, std::allocator<float> >, std::vector<int, std::allocator<int> >, lume::OwnedArray<float>, lume::OwnedArray<int> >::_Copy_ctor_base(std::__detail::__variant::_Copy_ctor_base<false, std::vector<float, std::allocator<float> >, std::vector<int, std::allocator<int> >, lume::OwnedArray<float>, lume::OwnedArray<int> > const&)::{lambda(auto:1&&, auto:2)#1}, std::variant<std::vector<float, std::allocator<float> >, std::vector<int, std::allocator<int> >, lume::OwnedArray<float>, lume::OwnedArray<int> > const&>(std::__detail::__variant::_Copy_ctor_base<false, std::vector<float, std::allocator<float> >, std::vector<int, std::allocator<int> >, lume::OwnedArray<float>, lume::OwnedArray<int> >::_Copy_ctor_base(std::__detail::__variant::_Copy_ctor_base<false, std::vector<float, std::allocator<float> >, std::vector<int, std::allocator<int> >, lume::OwnedArray<float>, lume::OwnedArray<int> > const&)::{lambda(auto:1&&, auto:2)#1}&&, std::variant<std::vector<float, std::allocator<float> >, std::vector<int, std::allocator<int> >, lume::OwnedArray<float>, lume::OwnedArray<int> > const&)+0x1ce>
 102:	mov    rsi,QWORD PTR [rbx]
 105:	cmp    r15,0x2
 109:	jl     1ec <decltype(auto) std::__do_visit<std::__detail::__variant::__variant_idx_cookie, std::__detail::__variant::_Copy_ctor_base<false, std::vector<float, std::allocator<float> >, std::vector<int, std::allocator<int> >, lume::OwnedArray<float>, lume::OwnedArray<int> >::_Copy_ctor_base(std::__detail::__variant::_Copy_ctor_base<false, std::vector<float, std::allocator<float> >, std::vector<int, std::allocator<int> >, lume::OwnedArray<float>, lume::OwnedArray<int> > const&)::{lambda(auto:1&&, auto:2)#1}, std::variant<std::vector<float, std::allocator<float> >, std::vector<int, std::allocator<int> >, lume::OwnedArray<float>, lume::OwnedArray<int> > const&>(std::__detail::__variant::_Copy_ctor_base<false, std::vector<float, std::allocator<float> >, std::vector<int, std::allocator<int> >, lume::OwnedArray<float>, lume::OwnedArray<int> >::_Copy_ctor_base(std::__detail::__variant::_Copy_ctor_base<false, std::vector<float, std::allocator<float> >, std::vector<int, std::allocator<int> >, lume::OwnedArray<float>, lume::OwnedArray<int> > const&)::{lambda(auto:1&&, auto:2)#1}&&, std::variant<std::vector<float, std::allocator<float> >, std::vector<int, std::allocator<int> >, lume::OwnedArray<float>, lume::OwnedArray<int> > const&)+0x1ec>
 10f:	mov    rdi,rax
 112:	mov    rdx,r14
 115:	add    rsp,0x8
 119:	pop    rbx
 11a:	pop    r12
 11c:	pop    r14
 11e:	pop    r15
 120:	jmp    125 <decltype(auto) std::__do_visit<std::__detail::__variant::__variant_idx_cookie, std::__detail::__variant::_Copy_ctor_base<false, std::vector<float, std::allocator<float> >, std::vector<int, std::allocator<int> >, lume::OwnedArray<float>, lume::OwnedArray<int> >::_Copy_ctor_base(std::__detail::__variant::_Copy_ctor_base<false, std::vector<float, std::allocator<float> >, std::vector<int, std::allocator<int> >, lume::OwnedArray<float>, lume::OwnedArray<int> > const&)::{lambda(auto:1&&, auto:2)#1}, std::variant<std::vector<float, std::allocator<float> >, std::vector<int, std::allocator<int> >, lume::OwnedArray<float>, lume::OwnedArray<int> > const&>(std::__detail::__variant::_Copy_ctor_base<false, std::vector<float, std::allocator<float> >, std::vector<int, std::allocator<int> >, lume::OwnedArray<float>, lume::OwnedArray<int> >::_Copy_ctor_base(std::__detail::__variant::_Copy_ctor_base<false, std::vector<float, std::allocator<float> >, std::vector<int, std::allocator<int> >, lume::OwnedArray<float>, lume::OwnedArray<int> > const&)::{lambda(auto:1&&, auto:2)#1}&&, std::variant<std::vector<float, std::allocator<float> >, std::vector<int, std::allocator<int> >, lume::OwnedArray<float>, lume::OwnedArray<int> > const&)+0x125>
 125:	mov    rax,QWORD PTR [rbx+0x8]
 129:	mov    rcx,QWORD PTR [rbx]
 12c:	mov    r12,rax
 12f:	sub    r12,rcx
 132:	sar    r12,0x2
 136:	mov    r15,QWORD PTR [rdi]
 139:	xorps  xmm0,xmm0
 13c:	movups XMMWORD PTR [r15],xmm0
 140:	mov    QWORD PTR [r15+0x10],0x0
 148:	sub    rax,rcx
 14b:	je     19a <decltype(auto) std::__do_visit<std::__detail::__variant::__variant_idx_cookie, std::__detail::__variant::_Copy_ctor_base<false, std::vector<float, std::allocator<float> >, std::vector<int, std::allocator<int> >, lume::OwnedArray<float>, lume::OwnedArray<int> >::_Copy_ctor_base(std::__detail::__variant::_Copy_ctor_base<false, std::vector<float, std::allocator<float> >, std::vector<int, std::allocator<int> >, lume::OwnedArray<float>, lume::OwnedArray<int> > const&)::{lambda(auto:1&&, auto:2)#1}, std::variant<std::vector<float, std::allocator<float> >, std::vector<int, std::allocator<int> >, lume::OwnedArray<float>, lume::OwnedArray<int> > const&>(std::__detail::__variant::_Copy_ctor_base<false, std::vector<float, std::allocator<float> >, std::vector<int, std::allocator<int> >, lume::OwnedArray<float>, lume::OwnedArray<int> >::_Copy_ctor_base(std::__detail::__variant::_Copy_ctor_base<false, std::vector<float, std::allocator<float> >, std::vector<int, std::allocator<int> >, lume::OwnedArray<float>, lume::OwnedArray<int> > const&)::{lambda(auto:1&&, auto:2)#1}&&, std::variant<std::vector<float, std::allocator<float> >, std::vector<int, std::allocator<int> >, lume::OwnedArray<float>, lume::OwnedArray<int> > const&)+0x19a>
 14d:	mov    rcx,r12
 150:	shr    rcx,0x3d
 154:	jne    1da <decltype(auto) std::__do_visit<std::__detail::__variant::__variant_idx_cookie, std::__detail::__variant::_Copy_ctor_base<false, std::vector<float, std::allocator<float> >, std::vector<int, std::allocator<int> >, lume::OwnedArray<float>, lume::OwnedArray<int> >::_Copy_ctor_base(std::__detail::__variant::_Copy_ctor_base<false, std::vector<float, std::allocator<float> >, std::vector<int, std::allocator<int> >, lume::OwnedArray<float>, lume::OwnedArray<int> > const&)::{lambda(auto:1&&, auto:2)#1}, std::variant<std::vector<float, std::allocator<float> >, std::vector<int, std::allocator<int> >, lume::OwnedArray<float>, lume::OwnedArray<int> > const&>(std::__detail::__variant::_Copy_ctor_base<false, std::vector<float, std::allocator<float> >, std::vector<int, std::allocator<int> >, lume::OwnedArray<float>, lume::OwnedArray<int> >::_Copy_ctor_base(std::__detail::__variant::_Copy_ctor_base<false, std::vector<float, std::allocator<float> >, std::vector<int, std::allocator<int> >, lume::OwnedArray<float>, lume::OwnedArray<int> > const&)::{lambda(auto:1&&, auto:2)#1}&&, std::variant<std::vector<float, std::allocator<float> >, std::vector<int, std::allocator<int> >, lume::OwnedArray<float>, lume::OwnedArray<int> > const&)+0x1da>
 15a:	mov    rdi,rax
 15d:	call   162 <decltype(auto) std::__do_visit<std::__detail::__variant::__variant_idx_cookie, std::__detail::__variant::_Copy_ctor_base<false, std::vector<float, std::allocator<float> >, std::vector<int, std::allocator<int> >, lume::OwnedArray<float>, lume::OwnedArray<int> >::_Copy_ctor_base(std::__detail::__variant::_Copy_ctor_base<false, std::vector<float, std::allocator<float> >, std::vector<int, std::allocator<int> >, lume::OwnedArray<float>, lume::OwnedArray<int> > const&)::{lambda(auto:1&&, auto:2)#1}, std::variant<std::vector<float, std::allocator<float> >, std::vector<int, std::allocator<int> >, lume::OwnedArray<float>, lume::OwnedArray<int> > const&>(std::__detail::__variant::_Copy_ctor_base<false, std::vector<float, std::allocator<float> >, std::vector<int, std::allocator<int> >, lume::OwnedArray<float>, lume::OwnedArray<int> >::_Copy_ctor_base(std::__detail::__variant::_Copy_ctor_base<false, std::vector<float, std::allocator<float> >, std::vector<int, std::allocator<int> >, lume::OwnedArray<float>, lume::OwnedArray<int> > const&)::{lambda(auto:1&&, auto:2)#1}&&, std::variant<std::vector<float, std::allocator<float> >, std::vector<int, std::allocator<int> >, lume::OwnedArray<float>, lume::OwnedArray<int> > const&)+0x162>
 162:	mov    r14,rax
 165:	jmp    19d <decltype(auto) std::__do_visit<std::__detail::__variant::__variant_idx_cookie, std::__detail::__variant::_Copy_ctor_base<false, std::vector<float, std::allocator<float> >, std::vector<int, std::allocator<int> >, lume::OwnedArray<float>, lume::OwnedArray<int> >::_Copy_ctor_base(std::__detail::__variant::_Copy_ctor_base<false, std::vector<float, std::allocator<float> >, std::vector<int, std::allocator<int> >, lume::OwnedArray<float>, lume::OwnedArray<int> > const&)::{lambda(auto:1&&, auto:2)#1}, std::variant<std::vector<float, std::allocator<float> >, std::vector<int, std::allocator<int> >, lume::OwnedArray<float>, lume::OwnedArray<int> > const&>(std::__detail::__variant::_Copy_ctor_base<false, std::vector<float, std::allocator<float> >, std::vector<int, std::allocator<int> >, lume::OwnedArray<float>, lume::OwnedArray<int> >::_Copy_ctor_base(std::__detail::__variant::_Copy_ctor_base<false, std::vector<float, std::allocator<float> >, std::vector<int, std::allocator<int> >, lume::OwnedArray<float>, lume::OwnedArray<int> > const&)::{lambda(auto:1&&, auto:2)#1}&&, std::variant<std::vector<float, std::allocator<float> >, std::vector<int, std::allocator<int> >, lume::OwnedArray<float>, lume::OwnedArray<int> > const&)+0x19d>
 167:	xor    r14d,r14d
 16a:	mov    QWORD PTR [r15],r14
 16d:	mov    QWORD PTR [r15+0x8],r14
 171:	lea    rax,[r14+r12*4]
 175:	mov    QWORD PTR [r15+0x10],rax
 179:	mov    rsi,QWORD PTR [rbx]
 17c:	mov    rbx,QWORD PTR [rbx+0x8]
 180:	sub    rbx,rsi
 183:	cmp    rbx,0x5
 187:	jge    1bc <decltype(auto) std::__do_visit<std::__detail::__variant::__variant_idx_cookie, std::__detail::__variant::_Copy_ctor_base<false, std::vector<float, std::allocator<float> >, std::vector<int, std::allocator<int> >, lume::OwnedArray<float>, lume::OwnedArray<int> >::_Copy_ctor_base(std::__detail::__variant::_Copy_ctor_base<false, std::vector<float, std::allocator<float> >, std::vector<int, std::allocator<int> >, lume::OwnedArray<float>, lume::OwnedArray<int> > const&)::{lambda(auto:1&&, auto:2)#1}, std::variant<std::vector<float, std::allocator<float> >, std::vector<int, std::allocator<int> >, lume::OwnedArray<float>, lume::OwnedArray<int> > const&>(std::__detail::__variant::_Copy_ctor_base<false, std::vector<float, std::allocator<float> >, std::vector<int, std::allocator<int> >, lume::OwnedArray<float>, lume::OwnedArray<int> >::_Copy_ctor_base(std::__detail::__variant::_Copy_ctor_base<false, std::vector<float, std::allocator<float> >, std::vector<int, std::allocator<int> >, lume::OwnedArray<float>, lume::OwnedArray<int> > const&)::{lambda(auto:1&&, auto:2)#1}&&, std::variant<std::vector<float, std::allocator<float> >, std::vector<int, std::allocator<int> >, lume::OwnedArray<float>, lume::OwnedArray<int> > const&)+0x1bc>
 189:	cmp    rbx,0x4
 18d:	jne    1c7 <decltype(auto) std::__do_visit<std::__detail::__variant::__variant_idx_cookie, std::__detail::__variant::_Copy_ctor_base<false, std::vector<float, std::allocator<float> >, std::vector<int, std::allocator<int> >, lume::OwnedArray<float>, lume::OwnedArray<int> >::_Copy_ctor_base(std::__detail::__variant::_Copy_ctor_base<false, std::vector<float, std::allocator<float> >, std::vector<int, std::allocator<int> >, lume::OwnedArray<float>, lume::OwnedArray<int> > const&)::{lambda(auto:1&&, auto:2)#1}, std::variant<std::vector<float, std::allocator<float> >, std::vector<int, std::allocator<int> >, lume::OwnedArray<float>, lume::OwnedArray<int> > const&>(std::__detail::__variant::_Copy_ctor_base<false, std::vector<float, std::allocator<float> >, std::vector<int, std::allocator<int> >, lume::OwnedArray<float>, lume::OwnedArray<int> >::_Copy_ctor_base(std::__detail::__variant::_Copy_ctor_base<false, std::vector<float, std::allocator<float> >, std::vector<int, std::allocator<int> >, lume::OwnedArray<float>, lume::OwnedArray<int> > const&)::{lambda(auto:1&&, auto:2)#1}&&, std::variant<std::vector<float, std::allocator<float> >, std::vector<int, std::allocator<int> >, lume::OwnedArray<float>, lume::OwnedArray<int> > const&)+0x1c7>
 18f:	movss  xmm0,DWORD PTR [rsi]
 193:	movss  DWORD PTR [r14],xmm0
 198:	jmp    1c7 <decltype(auto) std::__do_visit<std::__detail::__variant::__variant_idx_cookie, std::__detail::__variant::_Copy_ctor_base<false, std::vector<float, std::allocator<float> >, std::vector<int, std::allocator<int> >, lume::OwnedArray<float>, lume::OwnedArray<int> >::_Copy_ctor_base(std::__detail::__variant::_Copy_ctor_base<false, std::vector<float, std::allocator<float> >, std::vector<int, std::allocator<int> >, lume::OwnedArray<float>, lume::OwnedArray<int> > const&)::{lambda(auto:1&&, auto:2)#1}, std::variant<std::vector<float, std::allocator<float> >, std::vector<int, std::allocator<int> >, lume::OwnedArray<float>, lume::OwnedArray<int> > const&>(std::__detail::__variant::_Copy_ctor_base<false, std::vector<float, std::allocator<float> >, std::vector<int, std::allocator<int> >, lume::OwnedArray<float>, lume::OwnedArray<int> >::_Copy_ctor_base(std::__detail::__variant::_Copy_ctor_base<false, std::vector<float, std::allocator<float> >, std::vector<int, std::allocator<int> >, lume::OwnedArray<float>, lume::OwnedArray<int> > const&)::{lambda(auto:1&&, auto:2)#1}&&, std::variant<std::vector<float, std::allocator<float> >, std::vector<int, std::allocator<int> >, lume::OwnedArray<float>, lume::OwnedArray<int> > const&)+0x1c7>
 19a:	xor    r14d,r14d
 19d:	mov    QWORD PTR [r15],r14
 1a0:	mov    QWORD PTR [r15+0x8],r14
 1a4:	lea    rax,[r14+r12*4]
 1a8:	mov    QWORD PTR [r15+0x10],rax
 1ac:	mov    rsi,QWORD PTR [rbx]
 1af:	mov    rbx,QWORD PTR [rbx+0x8]
 1b3:	sub    rbx,rsi
 1b6:	cmp    rbx,0x5
 1ba:	jl     1df <decltype(auto) std::__do_visit<std::__detail::__variant::__variant_idx_cookie, std::__detail::__variant::_Copy_ctor_base<false, std::vector<float, std::allocator<float> >, std::vector<int, std::allocator<int> >, lume::OwnedArray<float>, lume::OwnedArray<int> >::_Copy_ctor_base(std::__detail::__variant::_Copy_ctor_base<false, std::vector<float, std::allocator<float> >, std::vector<int, std::allocator<int> >, lume::OwnedArray<float>, lume::OwnedArray<int> > const&)::{lambda(auto:1&&, auto:2)#1}, std::variant<std::vector<float, std::allocator<float> >, std::vector<int, std::allocator<int> >, lume::OwnedArray<float>, lume::OwnedArray<int> > const&>(std::__detail::__variant::_Copy_ctor_base<false, std::vector<float, std::allocator<float> >, std::vector<int, std::allocator<int> >, lume::OwnedArray<float>, lume::OwnedArray<int> >::_Copy_ctor_base(std::__detail::__variant::_Copy_ctor_base<false, std::vector<float, std::allocator<float> >, std::vector<int, std::allocator<int> >, lume::OwnedArray<float>, lume::OwnedArray<int> > const&)::{lambda(auto:1&&, auto:2)#1}&&, std::variant<std::vector<float, std::allocator<float> >, std::vector<int, std::allocator<int> >, lume::OwnedArray<float>, lume::OwnedArray<int> > const&)+0x1df>
 1bc:	mov    rdi,r14
 1bf:	mov    rdx,rbx
 1c2:	call   1c7 <decltype(auto) std::__do_visit<std::__detail::__variant::__variant_idx_cookie, std::__detail::__variant::_Copy_ctor_base<false, std::vector<float, std::allocator<float> >, std::vector<int, std::allocator<int> >, lume::OwnedArray<float>, lume::OwnedArray<int> >::_Copy_ctor_base(std::__detail::__variant::_Copy_ctor_base<false, std::vector<float, std::allocator<float> >, std::vector<int, std::allocator<int> >, lume::OwnedArray<float>, lume::OwnedArray<int> > const&)::{lambda(auto:1&&, auto:2)#1}, std::variant<std::vector<float, std::allocator<float> >, std::vector<int, std::allocator<int> >, lume::OwnedArray<float>, lume::OwnedArray<int> > const&>(std::__detail::__variant::_Copy_ctor_base<false, std::vector<float, std::allocator<float> >, std::vector<int, std::allocator<int> >, lume::OwnedArray<float>, lume::OwnedArray<int> >::_Copy_ctor_base(std::__detail::__variant::_Copy_ctor_base<false, std::vector<float, std::allocator<float> >, std::vector<int, std::allocator<int> >, lume::OwnedArray<float>, lume::OwnedArray<int> > const&)::{lambda(auto:1&&, auto:2)#1}&&, std::variant<std::vector<float, std::allocator<float> >, std::vector<int, std::allocator<int> >, lume::OwnedArray<float>, lume::OwnedArray<int> > const&)+0x1c7>
 1c7:	add    r14,rbx
 1ca:	mov    QWORD PTR [r15+0x8],r14
 1ce:	add    rsp,0x8
 1d2:	pop    rbx
 1d3:	pop    r12
 1d5:	pop    r14
 1d7:	pop    r15
 1d9:	ret
 1da:	call   1df <decltype(auto) std::__do_visit<std::__detail::__variant::__variant_idx_cookie, std::__detail::__variant::_Copy_ctor_base<false, std::vector<float, std::allocator<float> >, std::vector<int, std::allocator<int> >, lume::OwnedArray<float>, lume::OwnedArray<int> >::_Copy_ctor_base(std::__detail::__variant::_Copy_ctor_base<false, std::vector<float, std::allocator<float> >, std::vector<int, std::allocator<int> >, lume::OwnedArray<float>, lume::OwnedArray<int> > const&)::{lambda(auto:1&&, auto:2)#1}, std::variant<std::vector<float, std::allocator<float> >, std::vector<int, std::allocator<int> >, lume::OwnedArray<float>, lume::OwnedArray<int> > const&>(std::__detail::__variant::_Copy_ctor_base<false, std::vector<float, std::allocator<float> >, std::vector<int, std::allocator<int> >, lume::OwnedArray<float>, lume::OwnedArray<int> >::_Copy_ctor_base(std::__detail::__variant::_Copy_ctor_base<false, std::vector<float, std::allocator<float> >, std::vector<int, std::allocator<int> >, lume::OwnedArray<float>, lume::OwnedArray<int> > const&)::{lambda(auto:1&&, auto:2)#1}&&, std::variant<std::vector<float, std::allocator<float> >, std::vector<int, std::allocator<int> >, lume::OwnedArray<float>, lume::OwnedArray<int> > const&)+0x1df>
 1df:	cmp    rbx,0x4
 1e3:	jne    1c7 <decltype(auto) std::__do_visit<std::__detail::__variant::__variant_idx_cookie, std::__detail::__variant::_Copy_ctor_base<false, std::vector<float, std::allocator<float> >, std::vector<int, std::allocator<int> >, lume::OwnedArray<float>, lume::OwnedArray<int> >::_Copy_ctor_base(std::__detail::__variant::_Copy_ctor_base<false, std::vector<float, std::allocator<float> >, std::vector<int, std::allocator<int> >, lume::OwnedArray<float>, lume::OwnedArray<int> > const&)::{lambda(auto:1&&, auto:2)#1}, std::variant<std::vector<float, std::allocator<float> >, std::vector<int, std::allocator<int> >, lume::OwnedArray<float>, lume::OwnedArray<int> > const&>(std::__detail::__variant::_Copy_ctor_base<false, std::vector<float, std::allocator<float> >, std::vector<int, std::allocator<int> >, lume::OwnedArray<float>, lume::OwnedArray<int> >::_Copy_ctor_base(std::__detail::__variant::_Copy_ctor_base<false, std::vector<float, std::allocator<float> >, std::vector<int, std::allocator<int> >, lume::OwnedArray<float>, lume::OwnedArray<int> > const&)::{lambda(auto:1&&, auto:2)#1}&&, std::variant<std::vector<float, std::allocator<float> >, std::vector<int, std::allocator<int> >, lume::OwnedArray<float>, lume::OwnedArray<int> > const&)+0x1c7>
 1e5:	mov    eax,DWORD PTR [rsi]
 1e7:	mov    DWORD PTR [r14],eax
 1ea:	jmp    1c7 <decltype(auto) std::__do_visit<std::__detail::__variant::__variant_idx_cookie, std::__detail::__variant::_Copy_ctor_base<false, std::vector<float, std::allocator<float> >, std::vector<int, std::allocator<int> >, lume::OwnedArray<float>, lume::OwnedArray<int> >::_Copy_ctor_base(std::__detail::__variant::_Copy_ctor_base<false, std::vector<float, std::allocator<float> >, std::vector<int, std::allocator<int> >, lume::OwnedArray<float>, lume::OwnedArray<int> > const&)::{lambda(auto:1&&, auto:2)#1}, std::variant<std::vector<float, std::allocator<float> >, std::vector<int, std::allocator<int> >, lume::OwnedArray<float>, lume::OwnedArray<int> > const&>(std::__detail::__variant::_Copy_ctor_base<false, std::vector<float, std::allocator<float> >, std::vector<int, std::allocator<int> >, lume::OwnedArray<float>, lume::OwnedArray<int> >::_Copy_ctor_base(std::__detail::__variant::_Copy_ctor_base<false, std::vector<float, std::allocator<float> >, std::vector<int, std::allocator<int> >, lume::OwnedArray<float>, lume::OwnedArray<int> > const&)::{lambda(auto:1&&, auto:2)#1}&&, std::variant<std::vector<float, std::allocator<float> >, std::vector<int, std::allocator<int> >, lume::OwnedArray<float>, lume::OwnedArray<int> > const&)+0x1c7>
 1ec:	cmp    r15,0x1
 1f0:	jne    1ce <decltype(auto) std::__do_visit<std::__detail::__variant::__variant_idx_cookie, std::__detail::__variant::_Copy_ctor_base<false, std::vector<float, std::allocator<float> >, std::vector<int, std::allocator<int> >, lume::OwnedArray<float>, lume::OwnedArray<int> >::_Copy_ctor_base(std::__detail::__variant::_Copy_ctor_base<false, std::vector<float, std::allocator<float> >, std::vector<int, std::allocator<int> >, lume::OwnedArray<float>, lume::OwnedArray<int> > const&)::{lambda(auto:1&&, auto:2)#1}, std::variant<std::vector<float, std::allocator<float> >, std::vector<int, std::allocator<int> >, lume::OwnedArray<float>, lume::OwnedArray<int> > const&>(std::__detail::__variant::_Copy_ctor_base<false, std::vector<float, std::allocator<float> >, std::vector<int, std::allocator<int> >, lume::OwnedArray<float>, lume::OwnedArray<int> >::_Copy_ctor_base(std::__detail::__variant::_Copy_ctor_base<false, std::vector<float, std::allocator<float> >, std::vector<int, std::allocator<int> >, lume::OwnedArray<float>, lume::OwnedArray<int> > const&)::{lambda(auto:1&&, auto:2)#1}&&, std::variant<std::vector<float, std::allocator<float> >, std::vector<int, std::allocator<int> >, lume::OwnedArray<float>, lume::OwnedArray<int> > const&)+0x1ce>
 1f2:	mov    ecx,DWORD PTR [rsi]
 1f4:	mov    DWORD PTR [rax],ecx
 1f6:	jmp    1ce <decltype(auto) std::__do_visit<std::__detail::__variant::__variant_idx_cookie, std::__detail::__variant::_Copy_ctor_base<false, std::vector<float, std::allocator<float> >, std::vector<int, std::allocator<int> >, lume::OwnedArray<float>, lume::OwnedArray<int> >::_Copy_ctor_base(std::__detail::__variant::_Copy_ctor_base<false, std::vector<float, std::allocator<float> >, std::vector<int, std::allocator<int> >, lume::OwnedArray<float>, lume::OwnedArray<int> > const&)::{lambda(auto:1&&, auto:2)#1}, std::variant<std::vector<float, std::allocator<float> >, std::vector<int, std::allocator<int> >, lume::OwnedArray<float>, lume::OwnedArray<int> > const&>(std::__detail::__variant::_Copy_ctor_base<false, std::vector<float, std::allocator<float> >, std::vector<int, std::allocator<int> >, lume::OwnedArray<float>, lume::OwnedArray<int> >::_Copy_ctor_base(std::__detail::__variant::_Copy_ctor_base<false, std::vector<float, std::allocator<float> >, std::vector<int, std::allocator<int> >, lume::OwnedArray<float>, lume::OwnedArray<int> > const&)::{lambda(auto:1&&, auto:2)#1}&&, std::variant<std::vector<float, std::allocator<float> >, std::vector<int, std::allocator<int> >, lume::OwnedArray<float>, lume::OwnedArray<int> > const&)+0x1ce>

Disassembly of section .text._ZNSt6vectorIN4lume6BufferESaIS1_EED2Ev:

0000000000000000 <std::vector<lume::Buffer, std::allocator<lume::Buffer> >::~vector()>:
   0:	push   r15
   2:	push   r14
   4:	push   r12
   6:	push   rbx
   7:	push   rax
   8:	mov    rbx,QWORD PTR [rdi]
   b:	mov    r15,QWORD PTR [rdi+0x8]
   f:	cmp    rbx,r15
  12:	je     71 <std::vector<lume::Buffer, std::allocator<lume::Buffer> >::~vector()+0x71>
  14:	mov    r14,rdi
  17:	lea    r12,[rip+0x0]        # 1e <std::vector<lume::Buffer, std::allocator<lume::Buffer> >::~vector()+0x1e>
  1e:	xchg   ax,ax
  20:	movzx  eax,BYTE PTR [rbx+0x18]
  24:	cmp    eax,0xff
  29:	je     65 <std::vector<lume::Buffer, std::allocator<lume::Buffer> >::~vector()+0x65>
  2b:	mov    rdi,QWORD PTR [rbx]
  2e:	mov    eax,eax
  30:	movsxd rax,DWORD PTR [r12+rax*4]
  34:	add    rax,r12
  37:	jmp    rax
  39:	test   rdi,rdi
  3c:	je     61 <std::vector<lume::Buffer, std::allocator<lume::Buffer> >::~vector()+0x61>
  3e:	call   43 <std::vector<lume::Buffer, std::allocator<lume::Buffer> >::~vector()+0x43>
  43:	jmp    61 <std::vector<lume::Buffer, std::allocator<lume::Buffer> >::~vector()+0x61>
  45:	data16 cs nop WORD PTR [rax+rax*1+0x0]
  50:	test   rdi,rdi
  53:	je     5a <std::vector<lume::Buffer, std::allocator<lume::Buffer> >::~vector()+0x5a>
  55:	call   5a <std::vector<lume::Buffer, std::allocator<lume::Buffer> >::~vector()+0x5a>
  5a:	mov    QWORD PTR [rbx],0x0
  61:	mov    BYTE PTR [rbx+0x18],0xff
  65:	add    rbx,0x20
  69:	cmp    rbx,r15
  6c:	jne    20 <std::vector<lume::Buffer, std::allocator<lume::Buffer> >::~vector()+0x20>
  6e:	mov    rbx,QWORD PTR [r14]
  71:	test   rbx,rbx
  74:	je     89 <std::vector<lume::Buffer, std::allocator<lume::Buffer> >::~vector()+0x89>
  76:	mov    rdi,rbx
  79:	add    rsp,0x8
  7d:	pop    rbx
  7e:	pop    r12
  80:	pop    r14
  82:	pop    r15
  84:	jmp    89 <std::vector<lume::Buffer, std::allocator<lume::Buffer> >::~vector()+0x89>
  89:	add    rsp,0x8
  8d:	pop    rbx
  8e:	pop    r12
  90:	pop    r14
  92:	pop    r15
  94:	ret
