
/tmp/cg2/gcc.o:     file format elf64-x86-64


Disassembly of section .text:

0000000000000000 <decltype(auto) std::__do_visit<void, std::__detail::__variant::_Variant_storage<false, std::vector<float, std::allocator<float> >, std::vector<int, std::allocator<int> >, lume::OwnedArray<float>, lume::OwnedArray<int> >::_M_reset()::{lambda(auto:1&&)#1}, std::variant<std::vector<float, std::allocator<float> >, std::vector<int, std::allocator<int> >, lume::OwnedArray<float>, lume::OwnedArray<int> >&>(std::__detail::__variant::_Variant_storage<false, std::vector<float, std::allocator<float> >, std::vector<int, std::allocator<int> >, lume::OwnedArray<float>, lume::OwnedArray<int> >::_M_reset()::{lambda(auto:1&&)#1}&&, std::variant<std::vector<float, std::allocator<float> >, std::vector<int, std::allocator<int> >, lume::OwnedArray<float>, lume::OwnedArray<int> >&) [clone .isra.0]>:
       0:	movzx  eax,BYTE PTR [rdi+0x18]
       4:	cmp    al,0x2
       6:	je     28 <decltype(auto) std::__do_visit<void, std::__detail::__variant::_Variant_storage<false, std::vector<float, std::allocator<float> >, std::vector<int, std::allocator<int> >, lume::OwnedArray<float>, lume::OwnedArray<int> >::_M_reset()::{lambda(auto:1&&)#1}, std::variant<std::vector<float, std::allocator<float> >, std::vector<int, std::allocator<int> >, lume::OwnedArray<float>, lume::OwnedArray<int> >&>(std::__detail::__variant::_Variant_storage<false, std::vector<float, std::allocator<float> >, std::vector<int, std::allocator<int> >, lume::OwnedArray<float>, lume::OwnedArray<int> >::_M_reset()::{lambda(auto:1&&)#1}&&, std::variant<std::vector<float, std::allocator<float> >, std::vector<int, std::allocator<int> >, lume::OwnedArray<float>, lume::OwnedArray<int> >&) [clone .isra.0]+0x28>
       8:	ja     28 <decltype(auto) std::__do_visit<void, std::__detail::__variant::_Variant_storage<false, std::vector<float, std::allocator<float> >, std::vector<int, std::allocator<int> >, lume::OwnedArray<float>, lume::OwnedArray<int> >::_M_reset()::{lambda(auto:1&&)#1}, std::variant<std::vector<float, std::allocator<float> >, std::vector<int, std::allocator<int> >, lume::OwnedArray<float>, lume::OwnedArray<int> >&>(std::__detail::__variant::_Variant_storage<false, std::vector<float, std::allocator<float> >, std::vector<int, std::allocator<int> >, lume::OwnedArray<float>, lume::OwnedArray<int> >::_M_reset()::{lambda(auto:1&&)#1}&&, std::variant<std::vector<float, std::allocator<float> >, std::vector<int, std::allocator<int> >, lume::OwnedArray<float>, lume::OwnedArray<int> >&) [clone .isra.0]+0x28>
       a:	mov    rax,QWORD PTR [rdi]
       d:	test   rax,rax
      10:	je     38 <decltype(auto) std::__do_visit<void, std::__detail::__variant::_Variant_storage<false, std::vector<float, std::allocator<float> >, std::vector<int, std::allocator<int> >, lume::OwnedArray<float>, lume::OwnedArray<int> >::_M_reset()::{lambda(auto:1&&)#1}, std::variant<std::vector<float, std::allocator<float> >, std::vector<int, std::allocator<int> >, lume::OwnedArray<float>, lume::OwnedArray<int> >&>(std::__detail::__variant::_Variant_storage<false, std::vector<float, std::allocator<float> >, std::vector<int, std::allocator<int> >, lume::OwnedArray<float>, lume::OwnedArray<int> >::_M_reset()::{lambda(auto:1&&)#1}&&, std::variant<std::vector<float, std::allocator<float> >, std::vector<int, std::allocator<int> >, lume::OwnedArray<float>, lume::OwnedArray<int> >&) [clone .isra.0]+0x38>
      12:	mov    rsi,QWORD PTR [rdi+0x10]
      16:	mov    rdi,rax
      19:	sub    rsi,rax
      1c:	jmp    21 <decltype(auto) std::__do_visit<void, std::__detail::__variant::_Variant_storage<false, std::vector<float, std::allocator<float> >, std::vector<int, std::allocator<int> >, lume::OwnedArray<float>, lume::OwnedArray<int> >::_M_reset()::{lambda(auto:1&&)#1}, std::variant<std::vector<float, std::allocator<float> >, std::vector<int, std::allocator<int> >, lume::OwnedArray<float>, lume::OwnedArray<int> >&>(std::__detail::__variant::_Variant_storage<false, std::vector<float, std::allocator<float> >, std::vector<int, std::allocator<int> >, lume::OwnedArray<float>, lume::OwnedArray<int> >::_M_reset()::{lambda(auto:1&&)#1}&&, std::variant<std::vector<float, std::allocator<float> >, std::vector<int, std::allocator<int> >, lume::OwnedArray<float>, lume::OwnedArray<int> >&) [clone .isra.0]+0x21>
      21:	nop    DWORD PTR [rax+0x0]
      28:	mov    rdi,QWORD PTR [rdi]
      2b:	test   rdi,rdi
      2e:	je     38 <decltype(auto) std::__do_visit<void, std::__detail::__variant::_Variant_storage<false, std::vector<float, std::allocator<float> >, std::vector<int, std::allocator<int> >, lume::OwnedArray<float>, lume::OwnedArray<int> >::_M_reset()::{lambda(auto:1&&)#1}, std::variant<std::vector<float, std::allocator<float> >, std::vector<int, std::allocator<int> >, lume::OwnedArray<float>, lume::OwnedArray<int> >&>(std::__detail::__variant::_Variant_storage<false, std::vector<float, std::allocator<float> >, std::vector<int, std::allocator<int> >, lume::OwnedArray<float>, lume::OwnedArray<int> >::_M_reset()::{lambda(auto:1&&)#1}&&, std::variant<std::vector<float, std::allocator<float> >, std::vector<int, std::allocator<int> >, lume::OwnedArray<float>, lume::OwnedArray<int> >&) [clone .isra.0]+0x38>
      30:	jmp    35 <decltype(auto) std::__do_visit<void, std::__detail::__variant::_Variant_storage<false, std::vector<float, std::allocator<float> >, std::vector<int, std::allocator<int> >, lume::OwnedArray<float>, lume::OwnedArray<int> >::_M_reset()::{lambda(auto:1&&)#1}, std::variant<std::vector<float, std::allocator<float> >, std::vector<int, std::allocator<int> >, lume::OwnedArray<float>, lume::OwnedArray<int> >&>(std::__detail::__variant::_Variant_storage<false, std::vector<float, std::allocator<float> >, std::vector<int, std::allocator<int> >, lume::OwnedArray<float>, lume::OwnedArray<int> >::_M_reset()::{lambda(auto:1&&)#1}&&, std::variant<std::vector<float, std::allocator<float> >, std::vector<int, std::allocator<int> >, lume::OwnedArray<float>, lume::OwnedArray<int> >&) [clone .isra.0]+0x35>
      35:	nop    DWORD PTR [rax]
      38:	ret
      39:	nop    DWORD PTR [rax+0x0]

0000000000000040 <lume::(anonymous namespace)::internal_error(std::__cxx11::basic_string<char, std::char_traits<char>, std::allocator<char> >)>:
      40:	push   r15
      42:	push   r14
      44:	push   r13
      46:	push   r12
      48:	push   rbp
      49:	push   rbx
      4a:	sub    rsp,0x68
      4e:	mov    r12,QWORD PTR [rsi+0x8]
      52:	mov    rax,QWORD PTR fs:0x28
      5b:	mov    QWORD PTR [rsp+0x58],rax
      60:	xor    eax,eax
      62:	movabs rax,0x7fffffffffffffff
      6c:	sub    rax,r12
      6f:	cmp    rax,0x1d
      73:	jbe    523 <lume::(anonymous namespace)::internal_error(std::__cxx11::basic_string<char, std::char_traits<char>, std::allocator<char> >)+0x4e3>
      79:	mov    r13,QWORD PTR [rsi]
      7c:	lea    r14,[rsi+0x10]
      80:	mov    rbp,rdi
      83:	mov    rbx,rsi
      86:	lea    r10,[r12+0x1e]
      8b:	cmp    r13,r14
      8e:	je     200 <lume::(anonymous namespace)::internal_error(std::__cxx11::basic_string<char, std::char_traits<char>, std::allocator<char> >)+0x1c0>
      94:	mov    r15,QWORD PTR [rsi+0x10]
      98:	cmp    r15,r10
      9b:	jb     378 <lume::(anonymous namespace)::internal_error(std::__cxx11::basic_string<char, std::char_traits<char>, std::allocator<char> >)+0x338>
      a1:	lea    rcx,[rip+0x0]        # a8 <lume::(anonymous namespace)::internal_error(std::__cxx11::basic_string<char, std::char_traits<char>, std::allocator<char> >)+0x68>
      a8:	cmp    rcx,r13
      ab:	jae    1e0 <lume::(anonymous namespace)::internal_error(std::__cxx11::basic_string<char, std::char_traits<char>, std::allocator<char> >)+0x1a0>
      b1:	test   r12,r12
      b4:	jne    1b0 <lume::(anonymous namespace)::internal_error(std::__cxx11::basic_string<char, std::char_traits<char>, std::allocator<char> >)+0x170>
      ba:	movdqa xmm0,XMMWORD PTR [rip+0x0]        # c2 <lume::(anonymous namespace)::internal_error(std::__cxx11::basic_string<char, std::char_traits<char>, std::allocator<char> >)+0x82>
      c2:	movups XMMWORD PTR [r13+0x0],xmm0
      c7:	movdqa xmm0,XMMWORD PTR [rip+0x0]        # cf <lume::(anonymous namespace)::internal_error(std::__cxx11::basic_string<char, std::char_traits<char>, std::allocator<char> >)+0x8f>
      cf:	movups XMMWORD PTR [r13+0xe],xmm0
      d4:	mov    r13,QWORD PTR [rbx]
      d7:	mov    QWORD PTR [rbx+0x8],r10
      db:	mov    BYTE PTR [r13+r12*1+0x1e],0x0
      e1:	mov    rax,QWORD PTR [rbx]
      e4:	cmp    rax,r14
      e7:	je     290 <lume::(anonymous namespace)::internal_error(std::__cxx11::basic_string<char, std::char_traits<char>, std::allocator<char> >)+0x250>
      ed:	movdqu xmm1,XMMWORD PTR [rbx+0x8]
      f2:	pxor   xmm0,xmm0
      f6:	mov    rsi,QWORD PTR [rbx+0x8]
      fa:	mov    QWORD PTR [rbx],r14
      fd:	lea    rdx,[rsp+0x20]
     102:	mov    QWORD PTR [rbx+0x8],0x0
     10a:	mov    BYTE PTR [rbx+0x10],0x0
     10e:	mov    QWORD PTR [rsp+0x10],rax
     113:	mov    QWORD PTR [rbp+0x40],0x0
     11b:	mov    BYTE PTR [rsp+0x30],0x3
     120:	movups XMMWORD PTR [rsp+0x18],xmm1
     125:	movups XMMWORD PTR [rbp+0x0],xmm0
     129:	movups XMMWORD PTR [rbp+0x10],xmm0
     12d:	movups XMMWORD PTR [rbp+0x20],xmm0
     131:	movups XMMWORD PTR [rbp+0x30],xmm0
     135:	cmp    rax,rdx
     138:	je     3d0 <lume::(anonymous namespace)::internal_error(std::__cxx11::basic_string<char, std::char_traits<char>, std::allocator<char> >)+0x390>
     13e:	movdqa xmm2,xmm1
     142:	lea    rcx,[rsp+0x48]
     147:	mov    QWORD PTR [rsp+0x38],rax
     14c:	mov    QWORD PTR [rsp+0x10],rdx
     151:	psrldq xmm2,0x8
     156:	mov    QWORD PTR [rsp+0x18],0x0
     15f:	mov    BYTE PTR [rsp+0x20],0x0
     164:	mov    BYTE PTR [rbp+0x18],0x3
     168:	movaps XMMWORD PTR [rsp+0x40],xmm1
     16d:	cmp    rax,rcx
     170:	je     3b8 <lume::(anonymous namespace)::internal_error(std::__cxx11::basic_string<char, std::char_traits<char>, std::allocator<char> >)+0x378>
     176:	mov    QWORD PTR [rbp+0x20],rax
     17a:	movq   QWORD PTR [rbp+0x30],xmm2
     17f:	mov    QWORD PTR [rbp+0x28],rsi
     183:	mov    BYTE PTR [rbp+0x40],0x1
     187:	mov    rax,QWORD PTR [rsp+0x58]
     18c:	sub    rax,QWORD PTR fs:0x28
     195:	jne    51e <lume::(anonymous namespace)::internal_error(std::__cxx11::basic_string<char, std::char_traits<char>, std::allocator<char> >)+0x4de>
     19b:	add    rsp,0x68
     19f:	mov    rax,rbp
     1a2:	pop    rbx
     1a3:	pop    rbp
     1a4:	pop    r12
     1a6:	pop    r13
     1a8:	pop    r14
     1aa:	pop    r15
     1ac:	ret
     1ad:	nop    DWORD PTR [rax]
     1b0:	cmp    r12,0x1
     1b4:	je     3e0 <lume::(anonymous namespace)::internal_error(std::__cxx11::basic_string<char, std::char_traits<char>, std::allocator<char> >)+0x3a0>
     1ba:	lea    rdi,[r13+0x1e]
     1be:	mov    rdx,r12
     1c1:	mov    rsi,r13
     1c4:	mov    QWORD PTR [rsp],r10
     1c8:	call   1cd <lume::(anonymous namespace)::internal_error(std::__cxx11::basic_string<char, std::char_traits<char>, std::allocator<char> >)+0x18d>
     1cd:	mov    r10,QWORD PTR [rsp]
     1d1:	jmp    ba <lume::(anonymous namespace)::internal_error(std::__cxx11::basic_string<char, std::char_traits<char>, std::allocator<char> >)+0x7a>
     1d6:	cs nop WORD PTR [rax+rax*1+0x0]
     1e0:	lea    rax,[r13+r12*1+0x0]
     1e5:	cmp    rax,rcx
     1e8:	jae    1ee <lume::(anonymous namespace)::internal_error(std::__cxx11::basic_string<char, std::char_traits<char>, std::allocator<char> >)+0x1ae>
     1ee:	test   r12,r12
     1f1:	je     ba <lume::(anonymous namespace)::internal_error(std::__cxx11::basic_string<char, std::char_traits<char>, std::allocator<char> >)+0x7a>
     1f7:	jmp    1b0 <lume::(anonymous namespace)::internal_error(std::__cxx11::basic_string<char, std::char_traits<char>, std::allocator<char> >)+0x170>
     1f9:	nop    DWORD PTR [rax+0x0]
     200:	lea    rdi,[r12+0x1f]
     205:	mov    r15,r10
     208:	mov    QWORD PTR [rsp],r10
     20c:	call   211 <lume::(anonymous namespace)::internal_error(std::__cxx11::basic_string<char, std::char_traits<char>, std::allocator<char> >)+0x1d1>
     211:	test   r12,r12
     214:	mov    rcx,QWORD PTR [rbx]
     217:	mov    r10,QWORD PTR [rsp]
     21b:	movdqa xmm0,XMMWORD PTR [rip+0x0]        # 223 <lume::(anonymous namespace)::internal_error(std::__cxx11::basic_string<char, std::char_traits<char>, std::allocator<char> >)+0x1e3>
     223:	mov    r13,rax
     226:	movups XMMWORD PTR [rax],xmm0
     229:	movdqa xmm0,XMMWORD PTR [rip+0x0]        # 231 <lume::(anonymous namespace)::internal_error(std::__cxx11::basic_string<char, std::char_traits<char>, std::allocator<char> >)+0x1f1>
     231:	movups XMMWORD PTR [rax+0xe],xmm0
     235:	je     262 <lume::(anonymous namespace)::internal_error(std::__cxx11::basic_string<char, std::char_traits<char>, std::allocator<char> >)+0x222>
     237:	cmp    r12,0x1
     23b:	je     4c0 <lume::(anonymous namespace)::internal_error(std::__cxx11::basic_string<char, std::char_traits<char>, std::allocator<char> >)+0x480>
     241:	mov    rsi,rcx
     244:	lea    rdi,[rax+0x1e]
     248:	mov    rdx,r12
     24b:	mov    QWORD PTR [rsp+0x8],r10
     250:	mov    QWORD PTR [rsp],rcx
     254:	call   259 <lume::(anonymous namespace)::internal_error(std::__cxx11::basic_string<char, std::char_traits<char>, std::allocator<char> >)+0x219>
     259:	mov    r10,QWORD PTR [rsp+0x8]
     25e:	mov    rcx,QWORD PTR [rsp]
     262:	cmp    r14,rcx
     265:	je     27f <lume::(anonymous namespace)::internal_error(std::__cxx11::basic_string<char, std::char_traits<char>, std::allocator<char> >)+0x23f>
     267:	mov    rax,QWORD PTR [rbx+0x10]
     26b:	mov    rdi,rcx
     26e:	mov    QWORD PTR [rsp],r10
     272:	lea    rsi,[rax+0x1]
     276:	call   27b <lume::(anonymous namespace)::internal_error(std::__cxx11::basic_string<char, std::char_traits<char>, std::allocator<char> >)+0x23b>
     27b:	mov    r10,QWORD PTR [rsp]
     27f:	mov    QWORD PTR [rbx],r13
     282:	mov    QWORD PTR [rbx+0x10],r15
     286:	jmp    d7 <lume::(anonymous namespace)::internal_error(std::__cxx11::basic_string<char, std::char_traits<char>, std::allocator<char> >)+0x97>
     28b:	nop    DWORD PTR [rax+rax*1+0x0]
     290:	mov    rsi,QWORD PTR [rbx+0x8]
     294:	lea    rdx,[rsp+0x20]
     299:	mov    rcx,r14
     29c:	mov    r9,rdx
     29f:	lea    rax,[rsi+0x1]
     2a3:	mov    r8d,eax
     2a6:	cmp    eax,0x8
     2a9:	jae    480 <lume::(anonymous namespace)::internal_error(std::__cxx11::basic_string<char, std::char_traits<char>, std::allocator<char> >)+0x440>
     2af:	xor    edi,edi
     2b1:	test   r8b,0x4
     2b5:	je     2c1 <lume::(anonymous namespace)::internal_error(std::__cxx11::basic_string<char, std::char_traits<char>, std::allocator<char> >)+0x281>
     2b7:	mov    edi,DWORD PTR [rcx]
     2b9:	mov    DWORD PTR [r9],edi
     2bc:	mov    edi,0x4
     2c1:	test   r8b,0x2
     2c5:	je     2d5 <lume::(anonymous namespace)::internal_error(std::__cxx11::basic_string<char, std::char_traits<char>, std::allocator<char> >)+0x295>
     2c7:	movzx  r10d,WORD PTR [rcx+rdi*1]
     2cc:	mov    WORD PTR [r9+rdi*1],r10w
     2d1:	add    rdi,0x2
     2d5:	and    r8d,0x1
     2d9:	je     2e3 <lume::(anonymous namespace)::internal_error(std::__cxx11::basic_string<char, std::char_traits<char>, std::allocator<char> >)+0x2a3>
     2db:	movzx  ecx,BYTE PTR [rcx+rdi*1]
     2df:	mov    BYTE PTR [r9+rdi*1],cl
     2e3:	mov    QWORD PTR [rbx+0x8],0x0
     2eb:	pxor   xmm0,xmm0
     2ef:	mov    BYTE PTR [rbx+0x10],0x0
     2f3:	mov    QWORD PTR [rbp+0x40],0x0
     2fb:	movups XMMWORD PTR [rbp+0x0],xmm0
     2ff:	movups XMMWORD PTR [rbp+0x10],xmm0
     303:	movups XMMWORD PTR [rbp+0x20],xmm0
     307:	movups XMMWORD PTR [rbp+0x30],xmm0
     30b:	lea    rcx,[rsp+0x48]
     310:	mov    edi,eax
     312:	cmp    eax,0x8
     315:	jae    3f0 <lume::(anonymous namespace)::internal_error(std::__cxx11::basic_string<char, std::char_traits<char>, std::allocator<char> >)+0x3b0>
     31b:	test   al,0x4
     31d:	jne    507 <lume::(anonymous namespace)::internal_error(std::__cxx11::basic_string<char, std::char_traits<char>, std::allocator<char> >)+0x4c7>
     323:	test   edi,edi
     325:	jne    4d0 <lume::(anonymous namespace)::internal_error(std::__cxx11::basic_string<char, std::char_traits<char>, std::allocator<char> >)+0x490>
     32b:	lea    rdx,[rbp+0x30]
     32f:	mov    BYTE PTR [rbp+0x18],0x3
     333:	mov    QWORD PTR [rbp+0x20],rdx
     337:	mov    edi,eax
     339:	cmp    eax,0x8
     33c:	jae    430 <lume::(anonymous namespace)::internal_error(std::__cxx11::basic_string<char, std::char_traits<char>, std::allocator<char> >)+0x3f0>
     342:	test   al,0x4
     344:	jne    4f4 <lume::(anonymous namespace)::internal_error(std::__cxx11::basic_string<char, std::char_traits<char>, std::allocator<char> >)+0x4b4>
     34a:	test   edi,edi
     34c:	je     17f <lume::(anonymous namespace)::internal_error(std::__cxx11::basic_string<char, std::char_traits<char>, std::allocator<char> >)+0x13f>
     352:	movzx  eax,BYTE PTR [rsp+0x48]
     357:	mov    BYTE PTR [rdx],al
     359:	test   dil,0x2
     35d:	je     17f <lume::(anonymous namespace)::internal_error(std::__cxx11::basic_string<char, std::char_traits<char>, std::allocator<char> >)+0x13f>
     363:	movzx  eax,WORD PTR [rcx+rdi*1-0x2]
     368:	mov    WORD PTR [rdx+rdi*1-0x2],ax
     36d:	jmp    17f <lume::(anonymous namespace)::internal_error(std::__cxx11::basic_string<char, std::char_traits<char>, std::allocator<char> >)+0x13f>
     372:	nop    WORD PTR [rax+rax*1+0x0]
     378:	test   r10,r10
     37b:	js     53f <lume::(anonymous namespace)::internal_error(std::__cxx11::basic_string<char, std::char_traits<char>, std::allocator<char> >)+0x4ff>
     381:	add    r15,r15
     384:	cmp    r10,r15
     387:	jae    4a7 <lume::(anonymous namespace)::internal_error(std::__cxx11::basic_string<char, std::char_traits<char>, std::allocator<char> >)+0x467>
     38d:	lea    rdi,[r15+0x1]
     391:	test   r15,r15
     394:	jns    208 <lume::(anonymous namespace)::internal_error(std::__cxx11::basic_string<char, std::char_traits<char>, std::allocator<char> >)+0x1c8>
     39a:	mov    rax,QWORD PTR [rsp+0x58]
     39f:	sub    rax,QWORD PTR fs:0x28
     3a8:	jne    51e <lume::(anonymous namespace)::internal_error(std::__cxx11::basic_string<char, std::char_traits<char>, std::allocator<char> >)+0x4de>
     3ae:	call   3b3 <lume::(anonymous namespace)::internal_error(std::__cxx11::basic_string<char, std::char_traits<char>, std::allocator<char> >)+0x373>
     3b3:	nop    DWORD PTR [rax+rax*1+0x0]
     3b8:	lea    rdx,[rbp+0x30]
     3bc:	lea    rax,[rsi+0x1]
     3c0:	mov    QWORD PTR [rbp+0x20],rdx
     3c4:	jmp    337 <lume::(anonymous namespace)::internal_error(std::__cxx11::basic_string<char, std::char_traits<char>, std::allocator<char> >)+0x2f7>
     3c9:	nop    DWORD PTR [rax+0x0]
     3d0:	lea    rax,[rsi+0x1]
     3d4:	jmp    30b <lume::(anonymous namespace)::internal_error(std::__cxx11::basic_string<char, std::char_traits<char>, std::allocator<char> >)+0x2cb>
     3d9:	nop    DWORD PTR [rax+0x0]
     3e0:	movzx  eax,BYTE PTR [r13+0x0]
     3e5:	mov    BYTE PTR [r13+0x1e],al
     3e9:	jmp    ba <lume::(anonymous namespace)::internal_error(std::__cxx11::basic_string<char, std::char_traits<char>, std::allocator<char> >)+0x7a>
     3ee:	xchg   ax,ax
     3f0:	mov    edi,eax
     3f2:	mov    r8,QWORD PTR [rdx+rdi*1-0x8]
     3f7:	mov    QWORD PTR [rcx+rdi*1-0x8],r8
     3fc:	lea    edi,[rax-0x1]
     3ff:	cmp    edi,0x8
     402:	jb     32b <lume::(anonymous namespace)::internal_error(std::__cxx11::basic_string<char, std::char_traits<char>, std::allocator<char> >)+0x2eb>
     408:	and    edi,0xfffffff8
     40b:	mov    r8d,edi
     40e:	xor    edi,edi
     410:	mov    r9d,edi
     413:	add    edi,0x8
     416:	mov    r10,QWORD PTR [rdx+r9*1]
     41a:	mov    QWORD PTR [rcx+r9*1],r10
     41e:	cmp    edi,r8d
     421:	jb     410 <lume::(anonymous namespace)::internal_error(std::__cxx11::basic_string<char, std::char_traits<char>, std::allocator<char> >)+0x3d0>
     423:	jmp    32b <lume::(anonymous namespace)::internal_error(std::__cxx11::basic_string<char, std::char_traits<char>, std::allocator<char> >)+0x2eb>
     428:	nop    DWORD PTR [rax+rax*1+0x0]
     430:	mov    rdi,QWORD PTR [rsp+0x48]
     435:	mov    QWORD PTR [rdx],rdi
     438:	mov    edi,eax
     43a:	mov    r8,QWORD PTR [rcx+rdi*1-0x8]
     43f:	mov    QWORD PTR [rdx+rdi*1-0x8],r8
     444:	lea    r8,[rdx+0x8]
     448:	and    r8,0xfffffffffffffff8
     44c:	sub    rdx,r8
     44f:	lea    edi,[rax+rdx*1]
     452:	sub    rcx,rdx
     455:	and    edi,0xfffffff8
     458:	cmp    edi,0x8
     45b:	jb     17f <lume::(anonymous namespace)::internal_error(std::__cxx11::basic_string<char, std::char_traits<char>, std::allocator<char> >)+0x13f>
     461:	and    edi,0xfffffff8
     464:	xor    eax,eax
     466:	mov    edx,eax
     468:	add    eax,0x8
     46b:	mov    r9,QWORD PTR [rcx+rdx*1]
     46f:	mov    QWORD PTR [r8+rdx*1],r9
     473:	cmp    eax,edi
     475:	jb     466 <lume::(anonymous namespace)::internal_error(std::__cxx11::basic_string<char, std::char_traits<char>, std::allocator<char> >)+0x426>
     477:	jmp    17f <lume::(anonymous namespace)::internal_error(std::__cxx11::basic_string<char, std::char_traits<char>, std::allocator<char> >)+0x13f>
     47c:	nop    DWORD PTR [rax+0x0]
     480:	mov    r10d,eax
     483:	xor    ecx,ecx
     485:	and    r10d,0xfffffff8
     489:	mov    edi,ecx
     48b:	add    ecx,0x8
     48e:	mov    r9,QWORD PTR [r14+rdi*1]
     492:	mov    QWORD PTR [rdx+rdi*1],r9
     496:	cmp    ecx,r10d
     499:	jb     489 <lume::(anonymous namespace)::internal_error(std::__cxx11::basic_string<char, std::char_traits<char>, std::allocator<char> >)+0x449>
     49b:	lea    r9,[rdx+rcx*1]
     49f:	add    rcx,r14
     4a2:	jmp    2af <lume::(anonymous namespace)::internal_error(std::__cxx11::basic_string<char, std::char_traits<char>, std::allocator<char> >)+0x26f>
     4a7:	mov    rdi,r12
     4aa:	mov    r15,r10
     4ad:	add    rdi,0x1f
     4b1:	jns    208 <lume::(anonymous namespace)::internal_error(std::__cxx11::basic_string<char, std::char_traits<char>, std::allocator<char> >)+0x1c8>
     4b7:	jmp    39a <lume::(anonymous namespace)::internal_error(std::__cxx11::basic_string<char, std::char_traits<char>, std::allocator<char> >)+0x35a>
     4bc:	nop    DWORD PTR [rax+0x0]
     4c0:	movzx  eax,BYTE PTR [rcx]
     4c3:	mov    BYTE PTR [r13+0x1e],al
     4c7:	jmp    262 <lume::(anonymous namespace)::internal_error(std::__cxx11::basic_string<char, std::char_traits<char>, std::allocator<char> >)+0x222>
     4cc:	nop    DWORD PTR [rax+0x0]
     4d0:	movzx  r8d,BYTE PTR [rsp+0x20]
     4d6:	mov    BYTE PTR [rsp+0x48],r8b
     4db:	test   dil,0x2
     4df:	je     32b <lume::(anonymous namespace)::internal_error(std::__cxx11::basic_string<char, std::char_traits<char>, std::allocator<char> >)+0x2eb>
     4e5:	movzx  edx,WORD PTR [rdx+rdi*1-0x2]
     4ea:	mov    WORD PTR [rcx+rdi*1-0x2],dx
     4ef:	jmp    32b <lume::(anonymous namespace)::internal_error(std::__cxx11::basic_string<char, std::char_traits<char>, std::allocator<char> >)+0x2eb>
     4f4:	mov    eax,DWORD PTR [rsp+0x48]
     4f8:	mov    DWORD PTR [rdx],eax
     4fa:	mov    eax,DWORD PTR [rcx+rdi*1-0x4]
     4fe:	mov    DWORD PTR [rdx+rdi*1-0x4],eax
     502:	jmp    17f <lume::(anonymous namespace)::internal_error(std::__cxx11::basic_string<char, std::char_traits<char>, std::allocator<char> >)+0x13f>
     507:	mov    r8d,DWORD PTR [rsp+0x20]
     50c:	mov    DWORD PTR [rsp+0x48],r8d
     511:	mov    edx,DWORD PTR [rdx+rdi*1-0x4]
     515:	mov    DWORD PTR [rcx+rdi*1-0x4],edx
     519:	jmp    32b <lume::(anonymous namespace)::internal_error(std::__cxx11::basic_string<char, std::char_traits<char>, std::allocator<char> >)+0x2eb>
     51e:	call   523 <lume::(anonymous namespace)::internal_error(std::__cxx11::basic_string<char, std::char_traits<char>, std::allocator<char> >)+0x4e3>
     523:	mov    rax,QWORD PTR [rsp+0x58]
     528:	sub    rax,QWORD PTR fs:0x28
     531:	jne    51e <lume::(anonymous namespace)::internal_error(std::__cxx11::basic_string<char, std::char_traits<char>, std::allocator<char> >)+0x4de>
     533:	lea    rdi,[rip+0x0]        # 53a <lume::(anonymous namespace)::internal_error(std::__cxx11::basic_string<char, std::char_traits<char>, std::allocator<char> >)+0x4fa>
     53a:	call   53f <lume::(anonymous namespace)::internal_error(std::__cxx11::basic_string<char, std::char_traits<char>, std::allocator<char> >)+0x4ff>
     53f:	mov    rax,QWORD PTR [rsp+0x58]
     544:	sub    rax,QWORD PTR fs:0x28
     54d:	jne    51e <lume::(anonymous namespace)::internal_error(std::__cxx11::basic_string<char, std::char_traits<char>, std::allocator<char> >)+0x4de>
     54f:	lea    rdi,[rip+0x0]        # 556 <lume::(anonymous namespace)::internal_error(std::__cxx11::basic_string<char, std::char_traits<char>, std::allocator<char> >)+0x516>
     556:	call   55b <lume::(anonymous namespace)::internal_error(std::__cxx11::basic_string<char, std::char_traits<char>, std::allocator<char> >)+0x51b>
     55b:	nop    DWORD PTR [rax+rax*1+0x0]

0000000000000560 <lume::(anonymous namespace)::add_add_buffers(lume::Buffer const&, lume::Buffer const&, lume::Buffer const&, bool)>:
     560:	push   r13
     562:	mov    rax,rdx
     565:	push   r12
     567:	push   rbp
     568:	push   rbx
     569:	mov    rbx,rdi
     56c:	sub    rsp,0x58
     570:	movzx  edx,BYTE PTR [rsi+0x18]
     574:	test   dl,dl
     576:	jne    5e8 <lume::(anonymous namespace)::add_add_buffers(lume::Buffer const&, lume::Buffer const&, lume::Buffer const&, bool)+0x88>
     578:	mov    rbp,QWORD PTR [rsi]
     57b:	mov    rdx,QWORD PTR [rsi+0x8]
     57f:	movzx  esi,BYTE PTR [rax+0x18]
     583:	sub    rdx,rbp
     586:	sar    rdx,0x2
     58a:	test   sil,sil
     58d:	jne    600 <lume::(anonymous namespace)::add_add_buffers(lume::Buffer const&, lume::Buffer const&, lume::Buffer const&, bool)+0xa0>
     58f:	mov    rsi,QWORD PTR [rax]
     592:	mov    rax,QWORD PTR [rax+0x8]
     596:	mov    QWORD PTR [rsp+0x10],rsi
     59b:	sub    rax,rsi
     59e:	sar    rax,0x2
     5a2:	mov    QWORD PTR [rsp+0x18],rax
     5a7:	mov    edi,0x1
     5ac:	movzx  eax,BYTE PTR [rcx+0x18]
     5b0:	test   al,al
     5b2:	jne    820 <lume::(anonymous namespace)::add_add_buffers(lume::Buffer const&, lume::Buffer const&, lume::Buffer const&, bool)+0x2c0>
     5b8:	mov    r12,QWORD PTR [rcx]
     5bb:	mov    rax,QWORD PTR [rcx+0x8]
     5bf:	sub    rax,r12
     5c2:	sar    rax,0x2
     5c6:	test   dil,dil
     5c9:	jne    838 <lume::(anonymous namespace)::add_add_buffers(lume::Buffer const&, lume::Buffer const&, lume::Buffer const&, bool)+0x2d8>
     5cf:	mov    BYTE PTR [rbx+0x20],0x0
     5d3:	add    rsp,0x58
     5d7:	mov    rax,rbx
     5da:	pop    rbx
     5db:	pop    rbp
     5dc:	pop    r12
     5de:	pop    r13
     5e0:	ret
     5e1:	nop    DWORD PTR [rax+0x0]
     5e8:	cmp    dl,0x2
     5eb:	jne    620 <lume::(anonymous namespace)::add_add_buffers(lume::Buffer const&, lume::Buffer const&, lume::Buffer const&, bool)+0xc0>
     5ed:	mov    rbp,QWORD PTR [rsi]
     5f0:	mov    rdx,QWORD PTR [rsi+0x8]
     5f4:	movzx  esi,BYTE PTR [rax+0x18]
     5f8:	test   sil,sil
     5fb:	je     58f <lume::(anonymous namespace)::add_add_buffers(lume::Buffer const&, lume::Buffer const&, lume::Buffer const&, bool)+0x2f>
     5fd:	nop    DWORD PTR [rax]
     600:	xor    edi,edi
     602:	cmp    sil,0x2
     606:	jne    5ac <lume::(anonymous namespace)::add_add_buffers(lume::Buffer const&, lume::Buffer const&, lume::Buffer const&, bool)+0x4c>
     608:	mov    rsi,QWORD PTR [rax]
     60b:	mov    rax,QWORD PTR [rax+0x8]
     60f:	mov    QWORD PTR [rsp+0x10],rsi
     614:	jmp    5a2 <lume::(anonymous namespace)::add_add_buffers(lume::Buffer const&, lume::Buffer const&, lume::Buffer const&, bool)+0x42>
     616:	cs nop WORD PTR [rax+rax*1+0x0]
     620:	cmp    dl,0x1
     623:	jne    7e0 <lume::(anonymous namespace)::add_add_buffers(lume::Buffer const&, lume::Buffer const&, lume::Buffer const&, bool)+0x280>
     629:	mov    rbp,QWORD PTR [rsi]
     62c:	mov    rdx,QWORD PTR [rsi+0x8]
     630:	movzx  esi,BYTE PTR [rax+0x18]
     634:	sub    rdx,rbp
     637:	sar    rdx,0x2
     63b:	cmp    sil,0x1
     63f:	jne    7fe <lume::(anonymous namespace)::add_add_buffers(lume::Buffer const&, lume::Buffer const&, lume::Buffer const&, bool)+0x29e>
     645:	mov    rsi,QWORD PTR [rax]
     648:	mov    rax,QWORD PTR [rax+0x8]
     64c:	mov    QWORD PTR [rsp+0x30],rsi
     651:	sub    rax,rsi
     654:	sar    rax,0x2
     658:	mov    QWORD PTR [rsp+0x38],rax
     65d:	mov    edi,0x1
     662:	movzx  eax,BYTE PTR [rcx+0x18]
     666:	cmp    al,0x1
     668:	jne    990 <lume::(anonymous namespace)::add_add_buffers(lume::Buffer const&, lume::Buffer const&, lume::Buffer const&, bool)+0x430>
     66e:	mov    r12,QWORD PTR [rcx]
     671:	mov    rax,QWORD PTR [rcx+0x8]
     675:	sub    rax,r12
     678:	sar    rax,0x2
     67c:	test   dil,dil
     67f:	je     5cf <lume::(anonymous namespace)::add_add_buffers(lume::Buffer const&, lume::Buffer const&, lume::Buffer const&, bool)+0x6f>
     685:	cmp    QWORD PTR [rsp+0x38],rdx
     68a:	jne    5cf <lume::(anonymous namespace)::add_add_buffers(lume::Buffer const&, lume::Buffer const&, lume::Buffer const&, bool)+0x6f>
     690:	cmp    rdx,rax
     693:	jne    5cf <lume::(anonymous namespace)::add_add_buffers(lume::Buffer const&, lume::Buffer const&, lume::Buffer const&, bool)+0x6f>
     699:	movabs rax,0x1ffffffffffffffe
     6a3:	mov    DWORD PTR [rsp+0xc],r8d
     6a8:	mov    r13,QWORD PTR [rsp+0x30]
     6ad:	cmp    rax,rdx
     6b0:	jb     6b6 <lume::(anonymous namespace)::add_add_buffers(lume::Buffer const&, lume::Buffer const&, lume::Buffer const&, bool)+0x156>
     6b6:	lea    rdi,[rdx*4+0x0]
     6be:	mov    QWORD PTR [rsp],rdx
     6c2:	call   6c7 <lume::(anonymous namespace)::add_add_buffers(lume::Buffer const&, lume::Buffer const&, lume::Buffer const&, bool)+0x167>
     6c7:	mov    r8d,DWORD PTR [rsp+0xc]
     6cc:	mov    rdx,QWORD PTR [rsp]
     6d0:	mov    rcx,rax
     6d3:	test   r8b,r8b
     6d6:	jne    ab6 <lume::(anonymous namespace)::add_add_buffers(lume::Buffer const&, lume::Buffer const&, lume::Buffer const&, bool)+0x556>
     6dc:	test   rdx,rdx
     6df:	je     7c5 <lume::(anonymous namespace)::add_add_buffers(lume::Buffer const&, lume::Buffer const&, lume::Buffer const&, bool)+0x265>
     6e5:	cmp    rdx,0x1
     6e9:	je     b47 <lume::(anonymous namespace)::add_add_buffers(lume::Buffer const&, lume::Buffer const&, lume::Buffer const&, bool)+0x5e7>
     6ef:	lea    rsi,[rbp+0x4]
     6f3:	lea    rdi,[r12+0x4]
     6f8:	sub    rax,rsi
     6fb:	cmp    rax,0x8
     6ff:	mov    rax,rcx
     702:	seta   sil
     706:	sub    rax,rdi
     709:	cmp    rax,0x8
     70d:	seta   al
     710:	test   sil,al
     713:	je     b47 <lume::(anonymous namespace)::add_add_buffers(lume::Buffer const&, lume::Buffer const&, lume::Buffer const&, bool)+0x5e7>
     719:	lea    rsi,[r13+0x4]
     71d:	mov    rax,rcx
     720:	sub    rax,rsi
     723:	cmp    rax,0x8
     727:	jbe    b47 <lume::(anonymous namespace)::add_add_buffers(lume::Buffer const&, lume::Buffer const&, lume::Buffer const&, bool)+0x5e7>
     72d:	lea    rax,[rdx-0x1]
     731:	mov    rsi,rdx
     734:	cmp    rax,0x2
     738:	jbe    b8e <lume::(anonymous namespace)::add_add_buffers(lume::Buffer const&, lume::Buffer const&, lume::Buffer const&, bool)+0x62e>
     73e:	shr    rsi,0x2
     742:	xor    eax,eax
     744:	shl    rsi,0x4
     748:	movdqu xmm0,XMMWORD PTR [rbp+rax*1+0x0]
     74e:	movdqu xmm6,XMMWORD PTR [r13+rax*1+0x0]
     755:	movdqu xmm7,XMMWORD PTR [r12+rax*1]
     75b:	paddd  xmm0,xmm6
     75f:	paddd  xmm0,xmm7
     763:	movups XMMWORD PTR [rcx+rax*1],xmm0
     767:	add    rax,0x10
     76b:	cmp    rax,rsi
     76e:	jne    748 <lume::(anonymous namespace)::add_add_buffers(lume::Buffer const&, lume::Buffer const&, lume::Buffer const&, bool)+0x1e8>
     770:	mov    rax,rdx
     773:	and    rax,0xfffffffffffffffc
     777:	test   dl,0x3
     77a:	je     7c5 <lume::(anonymous namespace)::add_add_buffers(lume::Buffer const&, lume::Buffer const&, lume::Buffer const&, bool)+0x265>
     77c:	mov    rsi,rdx
     77f:	sub    rsi,rax
     782:	cmp    rsi,0x1
     786:	je     7b5 <lume::(anonymous namespace)::add_add_buffers(lume::Buffer const&, lume::Buffer const&, lume::Buffer const&, bool)+0x255>
     788:	movq   xmm1,QWORD PTR [r13+rax*4+0x0]
     78f:	movq   xmm0,QWORD PTR [rbp+rax*4+0x0]
     795:	paddd  xmm0,xmm1
     799:	movq   xmm1,QWORD PTR [r12+rax*4]
     79f:	paddd  xmm0,xmm1
     7a3:	movq   QWORD PTR [rcx+rax*4],xmm0
     7a8:	test   sil,0x1
     7ac:	je     7c5 <lume::(anonymous namespace)::add_add_buffers(lume::Buffer const&, lume::Buffer const&, lume::Buffer const&, bool)+0x265>
     7ae:	and    rsi,0xfffffffffffffffe
     7b2:	add    rax,rsi
     7b5:	mov    esi,DWORD PTR [r13+rax*4+0x0]
     7ba:	add    esi,DWORD PTR [rbp+rax*4+0x0]
     7be:	add    esi,DWORD PTR [r12+rax*4]
     7c2:	mov    DWORD PTR [rcx+rax*4],esi
     7c5:	mov    QWORD PTR [rbx],rcx
     7c8:	mov    QWORD PTR [rbx+0x8],rdx
     7cc:	mov    BYTE PTR [rbx+0x18],0x3
     7d0:	mov    BYTE PTR [rbx+0x20],0x1
     7d4:	jmp    5d3 <lume::(anonymous namespace)::add_add_buffers(lume::Buffer const&, lume::Buffer const&, lume::Buffer const&, bool)+0x73>
     7d9:	nop    DWORD PTR [rax+0x0]
     7e0:	cmp    dl,0x3
     7e3:	jne    5cf <lume::(anonymous namespace)::add_add_buffers(lume::Buffer const&, lume::Buffer const&, lume::Buffer const&, bool)+0x6f>
     7e9:	mov    rbp,QWORD PTR [rsi]
     7ec:	mov    rdx,QWORD PTR [rsi+0x8]
     7f0:	movzx  esi,BYTE PTR [rax+0x18]
     7f4:	cmp    sil,0x1
     7f8:	je     645 <lume::(anonymous namespace)::add_add_buffers(lume::Buffer const&, lume::Buffer const&, lume::Buffer const&, bool)+0xe5>
     7fe:	xor    edi,edi
     800:	cmp    sil,0x3
     804:	jne    662 <lume::(anonymous namespace)::add_add_buffers(lume::Buffer const&, lume::Buffer const&, lume::Buffer const&, bool)+0x102>
     80a:	mov    rsi,QWORD PTR [rax]
     80d:	mov    rax,QWORD PTR [rax+0x8]
     811:	mov    QWORD PTR [rsp+0x30],rsi
     816:	jmp    658 <lume::(anonymous namespace)::add_add_buffers(lume::Buffer const&, lume::Buffer const&, lume::Buffer const&, bool)+0xf8>
     81b:	nop    DWORD PTR [rax+rax*1+0x0]
     820:	cmp    al,0x2
     822:	jne    5cf <lume::(anonymous namespace)::add_add_buffers(lume::Buffer const&, lume::Buffer const&, lume::Buffer const&, bool)+0x6f>
     828:	mov    r12,QWORD PTR [rcx]
     82b:	mov    rax,QWORD PTR [rcx+0x8]
     82f:	jmp    5c6 <lume::(anonymous namespace)::add_add_buffers(lume::Buffer const&, lume::Buffer const&, lume::Buffer const&, bool)+0x66>
     834:	nop    DWORD PTR [rax+0x0]
     838:	cmp    QWORD PTR [rsp+0x18],rdx
     83d:	jne    5cf <lume::(anonymous namespace)::add_add_buffers(lume::Buffer const&, lume::Buffer const&, lume::Buffer const&, bool)+0x6f>
     843:	cmp    rdx,rax
     846:	jne    5cf <lume::(anonymous namespace)::add_add_buffers(lume::Buffer const&, lume::Buffer const&, lume::Buffer const&, bool)+0x6f>
     84c:	movabs rax,0x1ffffffffffffffe
     856:	mov    DWORD PTR [rsp+0xc],r8d
     85b:	mov    r13,QWORD PTR [rsp+0x10]
     860:	cmp    rax,rdx
     863:	jb     869 <lume::(anonymous namespace)::add_add_buffers(lume::Buffer const&, lume::Buffer const&, lume::Buffer const&, bool)+0x309>
     869:	lea    rdi,[rdx*4+0x0]
     871:	mov    QWORD PTR [rsp],rdx
     875:	call   87a <lume::(anonymous namespace)::add_add_buffers(lume::Buffer const&, lume::Buffer const&, lume::Buffer const&, bool)+0x31a>
     87a:	mov    r8d,DWORD PTR [rsp+0xc]
     87f:	mov    rdx,QWORD PTR [rsp]
     883:	mov    rcx,rax
     886:	test   r8b,r8b
     889:	jne    9a4 <lume::(anonymous namespace)::add_add_buffers(lume::Buffer const&, lume::Buffer const&, lume::Buffer const&, bool)+0x444>
     88f:	test   rdx,rdx
     892:	je     978 <lume::(anonymous namespace)::add_add_buffers(lume::Buffer const&, lume::Buffer const&, lume::Buffer const&, bool)+0x418>
     898:	cmp    rdx,0x1
     89c:	je     a86 <lume::(anonymous namespace)::add_add_buffers(lume::Buffer const&, lume::Buffer const&, lume::Buffer const&, bool)+0x526>
     8a2:	lea    rsi,[r13+0x4]
     8a6:	lea    rdi,[rbp+0x4]
     8aa:	sub    rax,rsi
     8ad:	cmp    rax,0x8
     8b1:	mov    rax,rcx
     8b4:	seta   sil
     8b8:	sub    rax,rdi
     8bb:	cmp    rax,0x8
     8bf:	seta   al
     8c2:	test   sil,al
     8c5:	je     a86 <lume::(anonymous namespace)::add_add_buffers(lume::Buffer const&, lume::Buffer const&, lume::Buffer const&, bool)+0x526>
     8cb:	lea    rsi,[r12+0x4]
     8d0:	mov    rax,rcx
     8d3:	sub    rax,rsi
     8d6:	cmp    rax,0x8
     8da:	jbe    a86 <lume::(anonymous namespace)::add_add_buffers(lume::Buffer const&, lume::Buffer const&, lume::Buffer const&, bool)+0x526>
     8e0:	lea    rax,[rdx-0x1]
     8e4:	mov    rsi,rdx
     8e7:	cmp    rax,0x2
     8eb:	jbe    b9c <lume::(anonymous namespace)::add_add_buffers(lume::Buffer const&, lume::Buffer const&, lume::Buffer const&, bool)+0x63c>
     8f1:	shr    rsi,0x2
     8f5:	xor    eax,eax
     8f7:	shl    rsi,0x4
     8fb:	movups xmm0,XMMWORD PTR [rbp+rax*1+0x0]
     900:	movups xmm4,XMMWORD PTR [r13+rax*1+0x0]
     906:	movups xmm5,XMMWORD PTR [r12+rax*1]
     90b:	addps  xmm0,xmm4
     90e:	addps  xmm0,xmm5
     911:	movups XMMWORD PTR [rcx+rax*1],xmm0
     915:	add    rax,0x10
     919:	cmp    rax,rsi
     91c:	jne    8fb <lume::(anonymous namespace)::add_add_buffers(lume::Buffer const&, lume::Buffer const&, lume::Buffer const&, bool)+0x39b>
     91e:	test   dl,0x3
     921:	je     978 <lume::(anonymous namespace)::add_add_buffers(lume::Buffer const&, lume::Buffer const&, lume::Buffer const&, bool)+0x418>
     923:	mov    rsi,rdx
     926:	mov    rax,rdx
     929:	and    esi,0x3
     92c:	and    rax,0xfffffffffffffffc
     930:	cmp    rsi,0x1
     934:	je     960 <lume::(anonymous namespace)::add_add_buffers(lume::Buffer const&, lume::Buffer const&, lume::Buffer const&, bool)+0x400>
     936:	movq   xmm0,QWORD PTR [r13+rax*4+0x0]
     93d:	movq   xmm1,QWORD PTR [rbp+rax*4+0x0]
     943:	addps  xmm0,xmm1
     946:	movq   xmm1,QWORD PTR [r12+rax*4]
     94c:	addps  xmm0,xmm1
     94f:	movlps QWORD PTR [rcx+rax*4],xmm0
     953:	test   sil,0x1
     957:	je     978 <lume::(anonymous namespace)::add_add_buffers(lume::Buffer const&, lume::Buffer const&, lume::Buffer const&, bool)+0x418>
     959:	and    rsi,0xfffffffffffffffe
     95d:	add    rax,rsi
     960:	movss  xmm0,DWORD PTR [rbp+rax*4+0x0]
     966:	addss  xmm0,DWORD PTR [r13+rax*4+0x0]
     96d:	addss  xmm0,DWORD PTR [r12+rax*4]
     973:	movss  DWORD PTR [rcx+rax*4],xmm0
     978:	mov    QWORD PTR [rbx],rcx
     97b:	mov    QWORD PTR [rbx+0x8],rdx
     97f:	mov    BYTE PTR [rbx+0x18],0x2
     983:	mov    BYTE PTR [rbx+0x20],0x1
     987:	jmp    5d3 <lume::(anonymous namespace)::add_add_buffers(lume::Buffer const&, lume::Buffer const&, lume::Buffer const&, bool)+0x73>
     98c:	nop    DWORD PTR [rax+0x0]
     990:	cmp    al,0x3
     992:	jne    5cf <lume::(anonymous namespace)::add_add_buffers(lume::Buffer const&, lume::Buffer const&, lume::Buffer const&, bool)+0x6f>
     998:	mov    r12,QWORD PTR [rcx]
     99b:	mov    rax,QWORD PTR [rcx+0x8]
     99f:	jmp    67c <lume::(anonymous namespace)::add_add_buffers(lume::Buffer const&, lume::Buffer const&, lume::Buffer const&, bool)+0x11c>
     9a4:	test   rdx,rdx
     9a7:	je     978 <lume::(anonymous namespace)::add_add_buffers(lume::Buffer const&, lume::Buffer const&, lume::Buffer const&, bool)+0x418>
     9a9:	cmp    rdx,0x1
     9ad:	je     a5d <lume::(anonymous namespace)::add_add_buffers(lume::Buffer const&, lume::Buffer const&, lume::Buffer const&, bool)+0x4fd>
     9b3:	lea    rsi,[r13+0x4]
     9b7:	lea    rdi,[rbp+0x4]
     9bb:	sub    rax,rsi
     9be:	cmp    rax,0x8
     9c2:	mov    rax,rcx
     9c5:	seta   sil
     9c9:	sub    rax,rdi
     9cc:	cmp    rax,0x8
     9d0:	seta   al
     9d3:	test   sil,al
     9d6:	je     a5d <lume::(anonymous namespace)::add_add_buffers(lume::Buffer const&, lume::Buffer const&, lume::Buffer const&, bool)+0x4fd>
     9dc:	lea    rsi,[r12+0x4]
     9e1:	mov    rax,rcx
     9e4:	sub    rax,rsi
     9e7:	cmp    rax,0x8
     9eb:	jbe    a5d <lume::(anonymous namespace)::add_add_buffers(lume::Buffer const&, lume::Buffer const&, lume::Buffer const&, bool)+0x4fd>
     9ed:	lea    rax,[rdx-0x1]
     9f1:	mov    rsi,rdx
     9f4:	cmp    rax,0x2
     9f8:	jbe    b95 <lume::(anonymous namespace)::add_add_buffers(lume::Buffer const&, lume::Buffer const&, lume::Buffer const&, bool)+0x635>
     9fe:	shr    rsi,0x2
     a02:	xor    eax,eax
     a04:	shl    rsi,0x4
     a08:	movups xmm0,XMMWORD PTR [rbp+rax*1+0x0]
     a0d:	movups xmm2,XMMWORD PTR [r13+rax*1+0x0]
     a13:	movups xmm3,XMMWORD PTR [r12+rax*1]
     a18:	addps  xmm0,xmm2
     a1b:	addps  xmm0,xmm3
     a1e:	movups XMMWORD PTR [rcx+rax*1],xmm0
     a22:	add    rax,0x10
     a26:	cmp    rsi,rax
     a29:	jne    a08 <lume::(anonymous namespace)::add_add_buffers(lume::Buffer const&, lume::Buffer const&, lume::Buffer const&, bool)+0x4a8>
     a2b:	test   dl,0x3
     a2e:	je     978 <lume::(anonymous namespace)::add_add_buffers(lume::Buffer const&, lume::Buffer const&, lume::Buffer const&, bool)+0x418>
     a34:	mov    rsi,rdx
     a37:	mov    rax,rdx
     a3a:	and    esi,0x3
     a3d:	and    rax,0xfffffffffffffffc
     a41:	cmp    rsi,0x1
     a45:	je     960 <lume::(anonymous namespace)::add_add_buffers(lume::Buffer const&, lume::Buffer const&, lume::Buffer const&, bool)+0x400>
     a4b:	movq   xmm0,QWORD PTR [rbp+rax*4+0x0]
     a51:	movq   xmm1,QWORD PTR [r13+rax*4+0x0]
     a58:	jmp    943 <lume::(anonymous namespace)::add_add_buffers(lume::Buffer const&, lume::Buffer const&, lume::Buffer const&, bool)+0x3e3>
     a5d:	xor    eax,eax
     a5f:	nop
     a60:	movss  xmm0,DWORD PTR [rbp+rax*4+0x0]
     a66:	addss  xmm0,DWORD PTR [r13+rax*4+0x0]
     a6d:	addss  xmm0,DWORD PTR [r12+rax*4]
     a73:	movss  DWORD PTR [rcx+rax*4],xmm0
     a78:	add    rax,0x1
     a7c:	cmp    rax,rdx
     a7f:	jne    a60 <lume::(anonymous namespace)::add_add_buffers(lume::Buffer const&, lume::Buffer const&, lume::Buffer const&, bool)+0x500>
     a81:	jmp    978 <lume::(anonymous namespace)::add_add_buffers(lume::Buffer const&, lume::Buffer const&, lume::Buffer const&, bool)+0x418>
     a86:	xor    eax,eax
     a88:	nop    DWORD PTR [rax+rax*1+0x0]
     a90:	movss  xmm0,DWORD PTR [r13+rax*4+0x0]
     a97:	addss  xmm0,DWORD PTR [rbp+rax*4+0x0]
     a9d:	addss  xmm0,DWORD PTR [r12+rax*4]
     aa3:	movss  DWORD PTR [rcx+rax*4],xmm0
     aa8:	add    rax,0x1
     aac:	cmp    rax,rdx
     aaf:	jne    a90 <lume::(anonymous namespace)::add_add_buffers(lume::Buffer const&, lume::Buffer const&, lume::Buffer const&, bool)+0x530>
     ab1:	jmp    978 <lume::(anonymous namespace)::add_add_buffers(lume::Buffer const&, lume::Buffer const&, lume::Buffer const&, bool)+0x418>
     ab6:	test   rdx,rdx
     ab9:	je     7c5 <lume::(anonymous namespace)::add_add_buffers(lume::Buffer const&, lume::Buffer const&, lume::Buffer const&, bool)+0x265>
     abf:	cmp    rdx,0x1
     ac3:	je     b6e <lume::(anonymous namespace)::add_add_buffers(lume::Buffer const&, lume::Buffer const&, lume::Buffer const&, bool)+0x60e>
     ac9:	lea    rsi,[rbp+0x4]
     acd:	lea    rdi,[r12+0x4]
     ad2:	sub    rax,rsi
     ad5:	cmp    rax,0x8
     ad9:	mov    rax,rcx
     adc:	seta   sil
     ae0:	sub    rax,rdi
     ae3:	cmp    rax,0x8
     ae7:	seta   al
     aea:	test   sil,al
     aed:	je     b6e <lume::(anonymous namespace)::add_add_buffers(lume::Buffer const&, lume::Buffer const&, lume::Buffer const&, bool)+0x60e>
     aef:	lea    rsi,[r13+0x4]
     af3:	mov    rax,rcx
     af6:	sub    rax,rsi
     af9:	cmp    rax,0x8
     afd:	jbe    b6e <lume::(anonymous namespace)::add_add_buffers(lume::Buffer const&, lume::Buffer const&, lume::Buffer const&, bool)+0x60e>
     aff:	lea    rax,[rdx-0x1]
     b03:	mov    rsi,rdx
     b06:	cmp    rax,0x2
     b0a:	jbe    b8e <lume::(anonymous namespace)::add_add_buffers(lume::Buffer const&, lume::Buffer const&, lume::Buffer const&, bool)+0x62e>
     b10:	shr    rsi,0x2
     b14:	xor    eax,eax
     b16:	shl    rsi,0x4
     b1a:	movdqu xmm0,XMMWORD PTR [rbp+rax*1+0x0]
     b20:	movdqu xmm6,XMMWORD PTR [r13+rax*1+0x0]
     b27:	movdqu xmm7,XMMWORD PTR [r12+rax*1]
     b2d:	paddd  xmm0,xmm6
     b31:	paddd  xmm0,xmm7
     b35:	movups XMMWORD PTR [rcx+rax*1],xmm0
     b39:	add    rax,0x10
     b3d:	cmp    rax,rsi
     b40:	jne    b1a <lume::(anonymous namespace)::add_add_buffers(lume::Buffer const&, lume::Buffer const&, lume::Buffer const&, bool)+0x5ba>
     b42:	jmp    770 <lume::(anonymous namespace)::add_add_buffers(lume::Buffer const&, lume::Buffer const&, lume::Buffer const&, bool)+0x210>
     b47:	xor    eax,eax
     b49:	nop    DWORD PTR [rax+0x0]
     b50:	mov    esi,DWORD PTR [r13+rax*4+0x0]
     b55:	add    esi,DWORD PTR [rbp+rax*4+0x0]
     b59:	add    esi,DWORD PTR [r12+rax*4]
     b5d:	mov    DWORD PTR [rcx+rax*4],esi
     b60:	add    rax,0x1
     b64:	cmp    rdx,rax
     b67:	jne    b50 <lume::(anonymous namespace)::add_add_buffers(lume::Buffer const&, lume::Buffer const&, lume::Buffer const&, bool)+0x5f0>
     b69:	jmp    7c5 <lume::(anonymous namespace)::add_add_buffers(lume::Buffer const&, lume::Buffer const&, lume::Buffer const&, bool)+0x265>
     b6e:	xor    eax,eax
     b70:	mov    esi,DWORD PTR [r13+rax*4+0x0]
     b75:	add    esi,DWORD PTR [rbp+rax*4+0x0]
     b79:	add    esi,DWORD PTR [r12+rax*4]
     b7d:	mov    DWORD PTR [rcx+rax*4],esi
     b80:	add    rax,0x1
     b84:	cmp    rdx,rax
     b87:	jne    b70 <lume::(anonymous namespace)::add_add_buffers(lume::Buffer const&, lume::Buffer const&, lume::Buffer const&, bool)+0x610>
     b89:	jmp    7c5 <lume::(anonymous namespace)::add_add_buffers(lume::Buffer const&, lume::Buffer const&, lume::Buffer const&, bool)+0x265>
     b8e:	xor    eax,eax
     b90:	jmp    788 <lume::(anonymous namespace)::add_add_buffers(lume::Buffer const&, lume::Buffer const&, lume::Buffer const&, bool)+0x228>
     b95:	xor    eax,eax
     b97:	jmp    a4b <lume::(anonymous namespace)::add_add_buffers(lume::Buffer const&, lume::Buffer const&, lume::Buffer const&, bool)+0x4eb>
     b9c:	xor    eax,eax
     b9e:	jmp    936 <lume::(anonymous namespace)::add_add_buffers(lume::Buffer const&, lume::Buffer const&, lume::Buffer const&, bool)+0x3d6>
     ba3:	data16 cs nop WORD PTR [rax+rax*1+0x0]
     bae:	xchg   ax,ax

0000000000000bb0 <lume::to_string(lume::ExecutionErrorCode)>:
     bb0:	endbr64
     bb4:	cmp    dil,0x2
     bb8:	je     c08 <lume::to_string(lume::ExecutionErrorCode)+0x58>
     bba:	ja     be0 <lume::to_string(lume::ExecutionErrorCode)+0x30>
     bbc:	cmp    dil,0x1
     bc0:	lea    rcx,[rip+0x0]        # bc7 <lume::to_string(lume::ExecutionErrorCode)+0x17>
     bc7:	lea    rdx,[rip+0x0]        # bce <lume::to_string(lume::ExecutionErrorCode)+0x1e>
     bce:	sbb    rax,rax
     bd1:	add    rax,0x15
     bd5:	test   dil,dil
     bd8:	cmovne rdx,rcx
     bdc:	ret
     bdd:	nop    DWORD PTR [rax]
     be0:	xor    eax,eax
     be2:	cmp    dil,0x3
     be6:	lea    rcx,[rip+0x0]        # bed <lume::to_string(lume::ExecutionErrorCode)+0x3d>
     bed:	setne  al
     bf0:	lea    rdx,[rip+0x0]        # bf7 <lume::to_string(lume::ExecutionErrorCode)+0x47>
     bf7:	cmovne rdx,rcx
     bfb:	lea    rax,[rax+rax*1+0x1c]
     c00:	ret
     c01:	nop    DWORD PTR [rax+0x0]
     c08:	mov    eax,0x15
     c0d:	lea    rdx,[rip+0x0]        # c14 <lume::to_string(lume::ExecutionErrorCode)+0x64>
     c14:	ret
     c15:	data16 cs nop WORD PTR [rax+rax*1+0x0]

0000000000000c20 <lume::detail::validate_inputs(lume::ProgramStorage const&, std::span<lume::Buffer const, 18446744073709551615ul>)>:
     c20:	endbr64
     c24:	push   r15
     c26:	push   r14
     c28:	mov    r14,rcx
     c2b:	push   r13
     c2d:	mov    r13,rcx
     c30:	push   r12
     c32:	push   rbp
     c33:	push   rbx
     c34:	sub    rsp,0x248
     c3b:	mov    rbx,QWORD PTR [rsi+0x30]
     c3f:	mov    rbp,QWORD PTR [rsi+0x38]
     c43:	mov    QWORD PTR [rsp+0x38],rdi
     c48:	mov    QWORD PTR [rsp+0x40],rsi
     c4d:	mov    QWORD PTR [rsp+0x48],rdx
     c52:	mov    rax,QWORD PTR fs:0x28
     c5b:	mov    QWORD PTR [rsp+0x238],rax
     c63:	xor    eax,eax
     c65:	cmp    rbx,rbp
     c68:	je     29b0 <lume::detail::validate_inputs(lume::ProgramStorage const&, std::span<lume::Buffer const, 18446744073709551615ul>)+0x1d90>
     c6e:	mov    rax,rbx
     c71:	xor    r12d,r12d
     c74:	nop    DWORD PTR [rax+0x0]
     c78:	xor    edx,edx
     c7a:	cmp    BYTE PTR [rax],0x1
     c7d:	sete   dl
     c80:	add    rax,0x10
     c84:	add    r12,rdx
     c87:	cmp    rbp,rax
     c8a:	jne    c78 <lume::detail::validate_inputs(lume::ProgramStorage const&, std::span<lume::Buffer const, 18446744073709551615ul>)+0x58>
     c8c:	mov    QWORD PTR [rsp],0x0
     c94:	cmp    r14,r12
     c97:	je     1d56 <lume::detail::validate_inputs(lume::ProgramStorage const&, std::span<lume::Buffer const, 18446744073709551615ul>)+0x1136>
     c9d:	mov    QWORD PTR [rsp+0x150],0x0
     ca9:	pxor   xmm0,xmm0
     cad:	movaps XMMWORD PTR [rsp+0x130],xmm0
     cb5:	movaps XMMWORD PTR [rsp+0x140],xmm0
     cbd:	cmp    r14,0x9
     cc1:	jbe    3b50 <lume::detail::validate_inputs(lume::ProgramStorage const&, std::span<lume::Buffer const, 18446744073709551615ul>)+0x2f30>
     cc7:	cmp    r14,0x63
     ccb:	jbe    3af7 <lume::detail::validate_inputs(lume::ProgramStorage const&, std::span<lume::Buffer const, 18446744073709551615ul>)+0x2ed7>
     cd1:	cmp    r14,0x3e7
     cd8:	jbe    3b19 <lume::detail::validate_inputs(lume::ProgramStorage const&, std::span<lume::Buffer const, 18446744073709551615ul>)+0x2ef9>
     cde:	cmp    r14,0x270f
     ce5:	jbe    3cb9 <lume::detail::validate_inputs(lume::ProgramStorage const&, std::span<lume::Buffer const, 18446744073709551615ul>)+0x3099>
     ceb:	mov    rdx,r14
     cee:	mov    esi,0x1
     cf3:	movabs rdi,0x346dc5d63886594b
     cfd:	jmp    d27 <lume::detail::validate_inputs(lume::ProgramStorage const&, std::span<lume::Buffer const, 18446744073709551615ul>)+0x107>
     cff:	nop
     d00:	cmp    rcx,0xf423f
     d07:	jbe    29a8 <lume::detail::validate_inputs(lume::ProgramStorage const&, std::span<lume::Buffer const, 18446744073709551615ul>)+0x1d88>
     d0d:	cmp    rcx,0x98967f
     d14:	jbe    29c1 <lume::detail::validate_inputs(lume::ProgramStorage const&, std::span<lume::Buffer const, 18446744073709551615ul>)+0x1da1>
     d1a:	cmp    rcx,0x5f5e0ff
     d21:	jbe    29d1 <lume::detail::validate_inputs(lume::ProgramStorage const&, std::span<lume::Buffer const, 18446744073709551615ul>)+0x1db1>
     d27:	mov    rax,rdx
     d2a:	mov    rcx,rdx
     d2d:	mul    rdi
     d30:	mov    eax,esi
     d32:	add    esi,0x4
     d35:	shr    rdx,0xb
     d39:	cmp    rcx,0x1869f
     d40:	ja     d00 <lume::detail::validate_inputs(lume::ProgramStorage const&, std::span<lume::Buffer const, 18446744073709551615ul>)+0xe0>
     d42:	lea    rax,[rsp+0x100]
     d4a:	mov    ebx,esi
     d4c:	mov    QWORD PTR [rsp+0x20],rax
     d51:	mov    QWORD PTR [rsp+0xf0],rax
     d59:	cmp    esi,0xf
     d5c:	ja     2660 <lume::detail::validate_inputs(lume::ProgramStorage const&, std::span<lume::Buffer const, 18446744073709551615ul>)+0x1a40>
     d62:	test   rbx,rbx
     d65:	jne    319e <lume::detail::validate_inputs(lume::ProgramStorage const&, std::span<lume::Buffer const, 18446744073709551615ul>)+0x257e>
     d6b:	movdqa xmm0,XMMWORD PTR [rip+0x0]        # d73 <lume::detail::validate_inputs(lume::ProgramStorage const&, std::span<lume::Buffer const, 18446744073709551615ul>)+0x153>
     d73:	mov    BYTE PTR [rsp+0x100],0x0
     d7b:	mov    rdi,rax
     d7e:	mov    ecx,0xffffffff
     d83:	mov    QWORD PTR [rsp+0xf8],0x0
     d8f:	movaps XMMWORD PTR [rsp+0x160],xmm0
     d97:	movdqa xmm0,XMMWORD PTR [rip+0x0]        # d9f <lume::detail::validate_inputs(lume::ProgramStorage const&, std::span<lume::Buffer const, 18446744073709551615ul>)+0x17f>
     d9f:	movaps XMMWORD PTR [rsp+0x170],xmm0
     da7:	movdqa xmm0,XMMWORD PTR [rip+0x0]        # daf <lume::detail::validate_inputs(lume::ProgramStorage const&, std::span<lume::Buffer const, 18446744073709551615ul>)+0x18f>
     daf:	movaps XMMWORD PTR [rsp+0x180],xmm0
     db7:	movdqa xmm0,XMMWORD PTR [rip+0x0]        # dbf <lume::detail::validate_inputs(lume::ProgramStorage const&, std::span<lume::Buffer const, 18446744073709551615ul>)+0x19f>
     dbf:	movaps XMMWORD PTR [rsp+0x190],xmm0
     dc7:	movdqa xmm0,XMMWORD PTR [rip+0x0]        # dcf <lume::detail::validate_inputs(lume::ProgramStorage const&, std::span<lume::Buffer const, 18446744073709551615ul>)+0x1af>
     dcf:	movaps XMMWORD PTR [rsp+0x1a0],xmm0
     dd7:	movdqa xmm0,XMMWORD PTR [rip+0x0]        # ddf <lume::detail::validate_inputs(lume::ProgramStorage const&, std::span<lume::Buffer const, 18446744073709551615ul>)+0x1bf>
     ddf:	movaps XMMWORD PTR [rsp+0x1b0],xmm0
     de7:	movdqa xmm0,XMMWORD PTR [rip+0x0]        # def <lume::detail::validate_inputs(lume::ProgramStorage const&, std::span<lume::Buffer const, 18446744073709551615ul>)+0x1cf>
     def:	movaps XMMWORD PTR [rsp+0x1c0],xmm0
     df7:	movdqa xmm0,XMMWORD PTR [rip+0x0]        # dff <lume::detail::validate_inputs(lume::ProgramStorage const&, std::span<lume::Buffer const, 18446744073709551615ul>)+0x1df>
     dff:	movaps XMMWORD PTR [rsp+0x1d0],xmm0
     e07:	movdqa xmm0,XMMWORD PTR [rip+0x0]        # e0f <lume::detail::validate_inputs(lume::ProgramStorage const&, std::span<lume::Buffer const, 18446744073709551615ul>)+0x1ef>
     e0f:	movaps XMMWORD PTR [rsp+0x1e0],xmm0
     e17:	movdqa xmm0,XMMWORD PTR [rip+0x0]        # e1f <lume::detail::validate_inputs(lume::ProgramStorage const&, std::span<lume::Buffer const, 18446744073709551615ul>)+0x1ff>
     e1f:	movaps XMMWORD PTR [rsp+0x1f0],xmm0
     e27:	movdqa xmm0,XMMWORD PTR [rip+0x0]        # e2f <lume::detail::validate_inputs(lume::ProgramStorage const&, std::span<lume::Buffer const, 18446744073709551615ul>)+0x20f>
     e2f:	movaps XMMWORD PTR [rsp+0x200],xmm0
     e37:	movdqa xmm0,XMMWORD PTR [rip+0x0]        # e3f <lume::detail::validate_inputs(lume::ProgramStorage const&, std::span<lume::Buffer const, 18446744073709551615ul>)+0x21f>
     e3f:	movaps XMMWORD PTR [rsp+0x210],xmm0
     e47:	movdqa xmm0,XMMWORD PTR [rip+0x0]        # e4f <lume::detail::validate_inputs(lume::ProgramStorage const&, std::span<lume::Buffer const, 18446744073709551615ul>)+0x22f>
     e4f:	movups XMMWORD PTR [rsp+0x219],xmm0
     e57:	movabs rsi,0x28f5c28f5c28f5c3
     e61:	nop    DWORD PTR [rax+0x0]
     e68:	mov    rdx,r13
     e6b:	shr    rdx,0x2
     e6f:	mov    rax,rdx
     e72:	mul    rsi
     e75:	mov    rax,r13
     e78:	mov    r8,rdx
     e7b:	and    rdx,0xfffffffffffffffc
     e7f:	shr    r8,0x2
     e83:	add    rdx,r8
     e86:	lea    rdx,[rdx+rdx*4]
     e8a:	shl    rdx,0x2
     e8e:	sub    rax,rdx
     e91:	mov    rdx,r13
     e94:	mov    r13,r8
     e97:	mov    r8d,ecx
     e9a:	add    rax,rax
     e9d:	movzx  r9d,BYTE PTR [rsp+rax*1+0x161]
     ea6:	movzx  eax,BYTE PTR [rsp+rax*1+0x160]
     eae:	mov    BYTE PTR [rdi+r8*1],r9b
     eb2:	lea    r8d,[rcx-0x1]
     eb6:	sub    ecx,0x2
     eb9:	mov    BYTE PTR [rdi+r8*1],al
     ebd:	cmp    rdx,0x270f
     ec4:	ja     e68 <lume::detail::validate_inputs(lume::ProgramStorage const&, std::span<lume::Buffer const, 18446744073709551615ul>)+0x248>
     ec6:	lea    eax,[r13+0x30]
     eca:	cmp    r13,0x9
     ece:	jbe    ee8 <lume::detail::validate_inputs(lume::ProgramStorage const&, std::span<lume::Buffer const, 18446744073709551615ul>)+0x2c8>
     ed0:	add    r13,r13
     ed3:	movzx  eax,BYTE PTR [rsp+r13*1+0x161]
     edc:	mov    BYTE PTR [rdi+0x1],al
     edf:	movzx  eax,BYTE PTR [rsp+r13*1+0x160]
     ee8:	mov    BYTE PTR [rdi],al
     eea:	cmp    r12,0x9
     eee:	jbe    3b3b <lume::detail::validate_inputs(lume::ProgramStorage const&, std::span<lume::Buffer const, 18446744073709551615ul>)+0x2f1b>
     ef4:	cmp    r12,0x63
     ef8:	jbe    3ad7 <lume::detail::validate_inputs(lume::ProgramStorage const&, std::span<lume::Buffer const, 18446744073709551615ul>)+0x2eb7>
     efe:	cmp    r12,0x3e7
     f05:	jbe    3cdb <lume::detail::validate_inputs(lume::ProgramStorage const&, std::span<lume::Buffer const, 18446744073709551615ul>)+0x30bb>
     f0b:	cmp    r12,0x270f
     f12:	jbe    3cfb <lume::detail::validate_inputs(lume::ProgramStorage const&, std::span<lume::Buffer const, 18446744073709551615ul>)+0x30db>
     f18:	mov    rdx,r12
     f1b:	mov    esi,0x1
     f20:	movabs rdi,0x346dc5d63886594b
     f2a:	jmp    f57 <lume::detail::validate_inputs(lume::ProgramStorage const&, std::span<lume::Buffer const, 18446744073709551615ul>)+0x337>
     f2c:	nop    DWORD PTR [rax+0x0]
     f30:	cmp    rcx,0xf423f
     f37:	jbe    29c9 <lume::detail::validate_inputs(lume::ProgramStorage const&, std::span<lume::Buffer const, 18446744073709551615ul>)+0x1da9>
     f3d:	cmp    rcx,0x98967f
     f44:	jbe    29d9 <lume::detail::validate_inputs(lume::ProgramStorage const&, std::span<lume::Buffer const, 18446744073709551615ul>)+0x1db9>
     f4a:	cmp    rcx,0x5f5e0ff
     f51:	jbe    29e1 <lume::detail::validate_inputs(lume::ProgramStorage const&, std::span<lume::Buffer const, 18446744073709551615ul>)+0x1dc1>
     f57:	mov    rax,rdx
     f5a:	mov    rcx,rdx
     f5d:	mul    rdi
     f60:	mov    eax,esi
     f62:	add    esi,0x4
     f65:	shr    rdx,0xb
     f69:	cmp    rcx,0x1869f
     f70:	ja     f30 <lume::detail::validate_inputs(lume::ProgramStorage const&, std::span<lume::Buffer const, 18446744073709551615ul>)+0x310>
     f72:	lea    r13,[rsp+0xa0]
     f7a:	mov    ebx,esi
     f7c:	mov    QWORD PTR [rsp+0x90],r13
     f84:	cmp    esi,0xf
     f87:	ja     278d <lume::detail::validate_inputs(lume::ProgramStorage const&, std::span<lume::Buffer const, 18446744073709551615ul>)+0x1b6d>
     f8d:	test   rbx,rbx
     f90:	jne    23b5 <lume::detail::validate_inputs(lume::ProgramStorage const&, std::span<lume::Buffer const, 18446744073709551615ul>)+0x1795>
     f96:	movdqa xmm0,XMMWORD PTR [rip+0x0]        # f9e <lume::detail::validate_inputs(lume::ProgramStorage const&, std::span<lume::Buffer const, 18446744073709551615ul>)+0x37e>
     f9e:	mov    BYTE PTR [rsp+0xa0],0x0
     fa6:	mov    rdi,r13
     fa9:	mov    esi,0xffffffff
     fae:	mov    QWORD PTR [rsp+0x98],0x0
     fba:	movaps XMMWORD PTR [rsp+0x160],xmm0
     fc2:	movdqa xmm0,XMMWORD PTR [rip+0x0]        # fca <lume::detail::validate_inputs(lume::ProgramStorage const&, std::span<lume::Buffer const, 18446744073709551615ul>)+0x3aa>
     fca:	movaps XMMWORD PTR [rsp+0x170],xmm0
     fd2:	movdqa xmm0,XMMWORD PTR [rip+0x0]        # fda <lume::detail::validate_inputs(lume::ProgramStorage const&, std::span<lume::Buffer const, 18446744073709551615ul>)+0x3ba>
     fda:	movaps XMMWORD PTR [rsp+0x180],xmm0
     fe2:	movdqa xmm0,XMMWORD PTR [rip+0x0]        # fea <lume::detail::validate_inputs(lume::ProgramStorage const&, std::span<lume::Buffer const, 18446744073709551615ul>)+0x3ca>
     fea:	movaps XMMWORD PTR [rsp+0x190],xmm0
     ff2:	movdqa xmm0,XMMWORD PTR [rip+0x0]        # ffa <lume::detail::validate_inputs(lume::ProgramStorage const&, std::span<lume::Buffer const, 18446744073709551615ul>)+0x3da>
     ffa:	movaps XMMWORD PTR [rsp+0x1a0],xmm0
    1002:	movdqa xmm0,XMMWORD PTR [rip+0x0]        # 100a <lume::detail::validate_inputs(lume::ProgramStorage const&, std::span<lume::Buffer const, 18446744073709551615ul>)+0x3ea>
    100a:	movaps XMMWORD PTR [rsp+0x1b0],xmm0
    1012:	movdqa xmm0,XMMWORD PTR [rip+0x0]        # 101a <lume::detail::validate_inputs(lume::ProgramStorage const&, std::span<lume::Buffer const, 18446744073709551615ul>)+0x3fa>
    101a:	movaps XMMWORD PTR [rsp+0x1c0],xmm0
    1022:	movdqa xmm0,XMMWORD PTR [rip+0x0]        # 102a <lume::detail::validate_inputs(lume::ProgramStorage const&, std::span<lume::Buffer const, 18446744073709551615ul>)+0x40a>
    102a:	movaps XMMWORD PTR [rsp+0x1d0],xmm0
    1032:	movdqa xmm0,XMMWORD PTR [rip+0x0]        # 103a <lume::detail::validate_inputs(lume::ProgramStorage const&, std::span<lume::Buffer const, 18446744073709551615ul>)+0x41a>
    103a:	movaps XMMWORD PTR [rsp+0x1e0],xmm0
    1042:	movdqa xmm0,XMMWORD PTR [rip+0x0]        # 104a <lume::detail::validate_inputs(lume::ProgramStorage const&, std::span<lume::Buffer const, 18446744073709551615ul>)+0x42a>
    104a:	movaps XMMWORD PTR [rsp+0x1f0],xmm0
    1052:	movdqa xmm0,XMMWORD PTR [rip+0x0]        # 105a <lume::detail::validate_inputs(lume::ProgramStorage const&, std::span<lume::Buffer const, 18446744073709551615ul>)+0x43a>
    105a:	movaps XMMWORD PTR [rsp+0x200],xmm0
    1062:	movdqa xmm0,XMMWORD PTR [rip+0x0]        # 106a <lume::detail::validate_inputs(lume::ProgramStorage const&, std::span<lume::Buffer const, 18446744073709551615ul>)+0x44a>
    106a:	movaps XMMWORD PTR [rsp+0x210],xmm0
    1072:	movdqa xmm0,XMMWORD PTR [rip+0x0]        # 107a <lume::detail::validate_inputs(lume::ProgramStorage const&, std::span<lume::Buffer const, 18446744073709551615ul>)+0x45a>
    107a:	movups XMMWORD PTR [rsp+0x219],xmm0
    1082:	movabs rcx,0x28f5c28f5c28f5c3
    108c:	nop    DWORD PTR [rax+0x0]
    1090:	mov    rdx,r12
    1093:	shr    rdx,0x2
    1097:	mov    rax,rdx
    109a:	mul    rcx
    109d:	mov    rax,r12
    10a0:	mov    r8,rdx
    10a3:	and    rdx,0xfffffffffffffffc
    10a7:	shr    r8,0x2
    10ab:	add    rdx,r8
    10ae:	lea    rdx,[rdx+rdx*4]
    10b2:	shl    rdx,0x2
    10b6:	sub    rax,rdx
    10b9:	mov    rdx,r12
    10bc:	mov    r12,r8
    10bf:	mov    r8d,esi
    10c2:	add    rax,rax
    10c5:	movzx  r9d,BYTE PTR [rsp+rax*1+0x161]
    10ce:	movzx  eax,BYTE PTR [rsp+rax*1+0x160]
    10d6:	mov    BYTE PTR [rdi+r8*1],r9b
    10da:	lea    r8d,[rsi-0x1]
    10de:	sub    esi,0x2
    10e1:	mov    BYTE PTR [rdi+r8*1],al
    10e5:	cmp    rdx,0x270f
    10ec:	ja     1090 <lume::detail::validate_inputs(lume::ProgramStorage const&, std::span<lume::Buffer const, 18446744073709551615ul>)+0x470>
    10ee:	lea    eax,[r12+0x30]
    10f3:	cmp    r12,0x9
    10f7:	jbe    1111 <lume::detail::validate_inputs(lume::ProgramStorage const&, std::span<lume::Buffer const, 18446744073709551615ul>)+0x4f1>
    10f9:	add    r12,r12
    10fc:	movzx  eax,BYTE PTR [rsp+r12*1+0x161]
    1105:	mov    BYTE PTR [rdi+0x1],al
    1108:	movzx  eax,BYTE PTR [rsp+r12*1+0x160]
    1111:	mov    BYTE PTR [rdi],al
    1113:	mov    rbx,QWORD PTR [rsp+0x98]
    111b:	movabs rax,0x7fffffffffffffff
    1125:	sub    rax,rbx
    1128:	cmp    rax,0xb
    112c:	jbe    467c <lume::detail::validate_inputs(lume::ProgramStorage const&, std::span<lume::Buffer const, 18446744073709551615ul>)+0x3a5c>
    1132:	mov    r14,QWORD PTR [rsp+0x90]
    113a:	lea    rbp,[rbx+0xc]
    113e:	cmp    r14,r13
    1141:	je     29e9 <lume::detail::validate_inputs(lume::ProgramStorage const&, std::span<lume::Buffer const, 18446744073709551615ul>)+0x1dc9>
    1147:	mov    r12,QWORD PTR [rsp+0xa0]
    114f:	cmp    r12,rbp
    1152:	jb     27f3 <lume::detail::validate_inputs(lume::ProgramStorage const&, std::span<lume::Buffer const, 18446744073709551615ul>)+0x1bd3>
    1158:	lea    rcx,[rip+0x0]        # 115f <lume::detail::validate_inputs(lume::ProgramStorage const&, std::span<lume::Buffer const, 18446744073709551615ul>)+0x53f>
    115f:	cmp    rcx,r14
    1162:	jb     1171 <lume::detail::validate_inputs(lume::ProgramStorage const&, std::span<lume::Buffer const, 18446744073709551615ul>)+0x551>
    1164:	lea    rax,[r14+rbx*1]
    1168:	cmp    rax,rcx
    116b:	jae    1171 <lume::detail::validate_inputs(lume::ProgramStorage const&, std::span<lume::Buffer const, 18446744073709551615ul>)+0x551>
    1171:	test   rbx,rbx
    1174:	je     118f <lume::detail::validate_inputs(lume::ProgramStorage const&, std::span<lume::Buffer const, 18446744073709551615ul>)+0x56f>
    1176:	cmp    rbx,0x1
    117a:	je     2bd8 <lume::detail::validate_inputs(lume::ProgramStorage const&, std::span<lume::Buffer const, 18446744073709551615ul>)+0x1fb8>
    1180:	lea    rdi,[r14+0xc]
    1184:	mov    rdx,rbx
    1187:	mov    rsi,r14
    118a:	call   118f <lume::detail::validate_inputs(lume::ProgramStorage const&, std::span<lume::Buffer const, 18446744073709551615ul>)+0x56f>
    118f:	movabs rax,0x206d6172676f7270
    1199:	mov    DWORD PTR [r14+0x8],0x20736168
    11a1:	mov    QWORD PTR [r14],rax
    11a4:	mov    r14,QWORD PTR [rsp+0x90]
    11ac:	lea    rax,[rsp+0xc0]
    11b4:	mov    QWORD PTR [rsp+0x98],rbp
    11bc:	mov    QWORD PTR [rsp+0x8],rax
    11c1:	mov    BYTE PTR [r14+rbx*1+0xc],0x0
    11c7:	mov    QWORD PTR [rsp+0xb0],rax
    11cf:	mov    rax,QWORD PTR [rsp+0x90]
    11d7:	cmp    rax,r13
    11da:	je     2a03 <lume::detail::validate_inputs(lume::ProgramStorage const&, std::span<lume::Buffer const, 18446744073709551615ul>)+0x1de3>
    11e0:	mov    rbx,QWORD PTR [rsp+0x98]
    11e8:	mov    r12,QWORD PTR [rsp+0xa0]
    11f0:	movabs rdx,0x7fffffffffffffff
    11fa:	mov    QWORD PTR [rsp+0xb0],rax
    1202:	mov    QWORD PTR [rsp+0x90],r13
    120a:	sub    rdx,rbx
    120d:	mov    QWORD PTR [rsp+0xc0],r12
    1215:	mov    QWORD PTR [rsp+0xb8],rbx
    121d:	mov    QWORD PTR [rsp+0x98],0x0
    1229:	mov    BYTE PTR [rsp+0xa0],0x0
    1231:	cmp    rdx,0xc
    1235:	jbe    4659 <lume::detail::validate_inputs(lume::ProgramStorage const&, std::span<lume::Buffer const, 18446744073709551615ul>)+0x3a39>
    123b:	mov    rdi,QWORD PTR [rsp+0x8]
    1240:	lea    rbp,[rbx+0xd]
    1244:	cmp    rax,rdi
    1247:	je     2a6d <lume::detail::validate_inputs(lume::ProgramStorage const&, std::span<lume::Buffer const, 18446744073709551615ul>)+0x1e4d>
    124d:	cmp    r12,rbp
    1250:	jb     2895 <lume::detail::validate_inputs(lume::ProgramStorage const&, std::span<lume::Buffer const, 18446744073709551615ul>)+0x1c75>
    1256:	add    rax,rbx
    1259:	movabs rbx,0x2c737475706e6920
    1263:	mov    QWORD PTR [rax],rbx
    1266:	movabs rbx,0x20746f67202c7374
    1270:	mov    QWORD PTR [rax+0x5],rbx
    1274:	mov    r14,QWORD PTR [rsp+0xb0]
    127c:	lea    rax,[rsp+0xe0]
    1284:	mov    QWORD PTR [rsp+0xb8],rbp
    128c:	mov    rbx,QWORD PTR [rsp+0x8]
    1291:	mov    BYTE PTR [r14+rbp*1],0x0
    1296:	mov    QWORD PTR [rsp+0x10],rax
    129b:	mov    QWORD PTR [rsp+0xd0],rax
    12a3:	mov    rax,QWORD PTR [rsp+0xb0]
    12ab:	cmp    rax,rbx
    12ae:	je     2add <lume::detail::validate_inputs(lume::ProgramStorage const&, std::span<lume::Buffer const, 18446744073709551615ul>)+0x1ebd>
    12b4:	mov    QWORD PTR [rsp+0xd0],rax
    12bc:	mov    rax,QWORD PTR [rsp+0xc0]
    12c4:	mov    QWORD PTR [rsp+0xe0],rax
    12cc:	mov    rax,QWORD PTR [rsp+0xb8]
    12d4:	mov    QWORD PTR [rsp+0xd8],rax
    12dc:	mov    rax,QWORD PTR [rsp+0x8]
    12e1:	lea    r14,[rsp+0xd0]
    12e9:	lea    rdi,[rsp+0x110]
    12f1:	mov    rsi,r14
    12f4:	mov    BYTE PTR [rsp+0xc0],0x0
    12fc:	mov    QWORD PTR [rsp+0xb0],rax
    1304:	lea    rax,[rsp+0xf0]
    130c:	mov    rdx,rax
    130f:	mov    QWORD PTR [rsp+0x50],rdi
    1314:	mov    QWORD PTR [rsp+0xb8],0x0
    1320:	mov    QWORD PTR [rsp+0x58],rax
    1325:	call   132a <lume::detail::validate_inputs(lume::ProgramStorage const&, std::span<lume::Buffer const, 18446744073709551615ul>)+0x70a>
    132a:	mov    rbx,QWORD PTR [rsp+0x118]
    1332:	movabs rax,0x7fffffffffffffff
    133c:	sub    rax,rbx
    133f:	cmp    rax,0x7
    1343:	jbe    4875 <lume::detail::validate_inputs(lume::ProgramStorage const&, std::span<lume::Buffer const, 18446744073709551615ul>)+0x3c55>
    1349:	mov    rax,QWORD PTR [rsp+0x110]
    1351:	lea    rsi,[rsp+0x120]
    1359:	lea    rbp,[rbx+0x8]
    135d:	mov    QWORD PTR [rsp+0x18],rsi
    1362:	cmp    rax,rsi
    1365:	je     2aa5 <lume::detail::validate_inputs(lume::ProgramStorage const&, std::span<lume::Buffer const, 18446744073709551615ul>)+0x1e85>
    136b:	mov    r12,QWORD PTR [rsp+0x120]
    1373:	cmp    r12,rbp
    1376:	jb     2929 <lume::detail::validate_inputs(lume::ProgramStorage const&, std::span<lume::Buffer const, 18446744073709551615ul>)+0x1d09>
    137c:	movabs rsi,0x7372656666756220
    1386:	mov    QWORD PTR [rax+rbx*1],rsi
    138a:	mov    r14,QWORD PTR [rsp+0x110]
    1392:	mov    QWORD PTR [rsp+0x118],rbp
    139a:	mov    BYTE PTR [r14+rbx*1+0x8],0x0
    13a0:	mov    rbx,QWORD PTR [rsp+0x18]
    13a5:	mov    rax,QWORD PTR [rsp+0x110]
    13ad:	cmp    rax,rbx
    13b0:	je     2b29 <lume::detail::validate_inputs(lume::ProgramStorage const&, std::span<lume::Buffer const, 18446744073709551615ul>)+0x1f09>
    13b6:	movzx  edx,BYTE PTR [rsp+0x130]
    13be:	mov    QWORD PTR [rsp+0x110],rbx
    13c6:	movdqu xmm0,XMMWORD PTR [rsp+0x118]
    13cf:	mov    rbx,QWORD PTR [rsp+0x38]
    13d4:	mov    QWORD PTR [rsp+0x138],rax
    13dc:	mov    rcx,QWORD PTR [rsp+0x118]
    13e4:	mov    BYTE PTR [rsp+0x120],0x0
    13ec:	mov    BYTE PTR [rbx],dl
    13ee:	movdqa xmm7,xmm0
    13f2:	lea    rdx,[rsp+0x148]
    13fa:	psrldq xmm7,0x8
    13ff:	movaps XMMWORD PTR [rsp+0x140],xmm0
    1407:	mov    QWORD PTR [rsp+0x118],0x0
    1413:	cmp    rax,rdx
    1416:	je     2b8b <lume::detail::validate_inputs(lume::ProgramStorage const&, std::span<lume::Buffer const, 18446744073709551615ul>)+0x1f6b>
    141c:	mov    QWORD PTR [rbx+0x8],rax
    1420:	movq   QWORD PTR [rbx+0x18],xmm7
    1425:	mov    rax,QWORD PTR [rsp+0x38]
    142a:	mov    rdi,QWORD PTR [rsp+0xd0]
    1432:	mov    QWORD PTR [rax+0x10],rcx
    1436:	mov    BYTE PTR [rax+0x28],0x1
    143a:	mov    rax,QWORD PTR [rsp+0x10]
    143f:	cmp    rdi,rax
    1442:	je     1455 <lume::detail::validate_inputs(lume::ProgramStorage const&, std::span<lume::Buffer const, 18446744073709551615ul>)+0x835>
    1444:	mov    rax,QWORD PTR [rsp+0xe0]
    144c:	lea    rsi,[rax+0x1]
    1450:	call   1455 <lume::detail::validate_inputs(lume::ProgramStorage const&, std::span<lume::Buffer const, 18446744073709551615ul>)+0x835>
    1455:	mov    rdi,QWORD PTR [rsp+0xb0]
    145d:	mov    rax,QWORD PTR [rsp+0x8]
    1462:	cmp    rdi,rax
    1465:	je     1478 <lume::detail::validate_inputs(lume::ProgramStorage const&, std::span<lume::Buffer const, 18446744073709551615ul>)+0x858>
    1467:	mov    rax,QWORD PTR [rsp+0xc0]
    146f:	lea    rsi,[rax+0x1]
    1473:	call   1478 <lume::detail::validate_inputs(lume::ProgramStorage const&, std::span<lume::Buffer const, 18446744073709551615ul>)+0x858>
    1478:	mov    rdi,QWORD PTR [rsp+0x90]
    1480:	cmp    rdi,r13
    1483:	je     1496 <lume::detail::validate_inputs(lume::ProgramStorage const&, std::span<lume::Buffer const, 18446744073709551615ul>)+0x876>
    1485:	mov    rax,QWORD PTR [rsp+0xa0]
    148d:	lea    rsi,[rax+0x1]
    1491:	call   1496 <lume::detail::validate_inputs(lume::ProgramStorage const&, std::span<lume::Buffer const, 18446744073709551615ul>)+0x876>
    1496:	mov    rdi,QWORD PTR [rsp+0xf0]
    149e:	mov    rax,QWORD PTR [rsp+0x20]
    14a3:	cmp    rdi,rax
    14a6:	je     14b9 <lume::detail::validate_inputs(lume::ProgramStorage const&, std::span<lume::Buffer const, 18446744073709551615ul>)+0x899>
    14a8:	mov    rax,QWORD PTR [rsp+0x100]
    14b0:	lea    rsi,[rax+0x1]
    14b4:	call   14b9 <lume::detail::validate_inputs(lume::ProgramStorage const&, std::span<lume::Buffer const, 18446744073709551615ul>)+0x899>
    14b9:	mov    rax,QWORD PTR [rsp+0x238]
    14c1:	sub    rax,QWORD PTR fs:0x28
    14ca:	jne    4870 <lume::detail::validate_inputs(lume::ProgramStorage const&, std::span<lume::Buffer const, 18446744073709551615ul>)+0x3c50>
    14d0:	mov    rax,QWORD PTR [rsp+0x38]
    14d5:	add    rsp,0x248
    14dc:	pop    rbx
    14dd:	pop    rbp
    14de:	pop    r12
    14e0:	pop    r13
    14e2:	pop    r14
    14e4:	pop    r15
    14e6:	ret
    14e7:	nop    WORD PTR [rax+rax*1+0x0]
    14f0:	mov    rax,QWORD PTR [rsp]
    14f4:	mov    rsi,QWORD PTR [rsp+0x48]
    14f9:	mov    rdi,QWORD PTR [rsp+0x40]
    14fe:	shl    rax,0x5
    1502:	add    rax,rsi
    1505:	mov    rdx,QWORD PTR [rdi+0x18]
    1509:	mov    QWORD PTR [rsp+0x28],rax
    150e:	mov    eax,DWORD PTR [rbx+0xc]
    1511:	mov    esi,DWORD PTR [rdx+rax*8]
    1514:	mov    rdx,QWORD PTR [rdi]
    1517:	mov    rcx,rax
    151a:	mov    rdi,QWORD PTR [rdx+rsi*8]
    151e:	mov    QWORD PTR [rsp+0x30],rdi
    1523:	cmp    eax,0x9
    1526:	jbe    2216 <lume::detail::validate_inputs(lume::ProgramStorage const&, std::span<lume::Buffer const, 18446744073709551615ul>)+0x15f6>
    152c:	cmp    eax,0x63
    152f:	jbe    30b5 <lume::detail::validate_inputs(lume::ProgramStorage const&, std::span<lume::Buffer const, 18446744073709551615ul>)+0x2495>
    1535:	cmp    eax,0x3e7
    153a:	jbe    3114 <lume::detail::validate_inputs(lume::ProgramStorage const&, std::span<lume::Buffer const, 18446744073709551615ul>)+0x24f4>
    1540:	cmp    eax,0x270f
    1545:	jbe    3136 <lume::detail::validate_inputs(lume::ProgramStorage const&, std::span<lume::Buffer const, 18446744073709551615ul>)+0x2516>
    154b:	mov    edx,0x5
    1550:	cmp    eax,0x1869f
    1555:	jbe    158f <lume::detail::validate_inputs(lume::ProgramStorage const&, std::span<lume::Buffer const, 18446744073709551615ul>)+0x96f>
    1557:	cmp    ecx,0xf423f
    155d:	jbe    3fc6 <lume::detail::validate_inputs(lume::ProgramStorage const&, std::span<lume::Buffer const, 18446744073709551615ul>)+0x33a6>
    1563:	cmp    ecx,0x98967f
    1569:	jbe    20e0 <lume::detail::validate_inputs(lume::ProgramStorage const&, std::span<lume::Buffer const, 18446744073709551615ul>)+0x14c0>
    156f:	cmp    ecx,0x5f5e0ff
    1575:	jbe    2100 <lume::detail::validate_inputs(lume::ProgramStorage const&, std::span<lume::Buffer const, 18446744073709551615ul>)+0x14e0>
    157b:	cmp    rax,0x3b9ac9ff
    1581:	jbe    2120 <lume::detail::validate_inputs(lume::ProgramStorage const&, std::span<lume::Buffer const, 18446744073709551615ul>)+0x1500>
    1587:	mov    edx,0x5
    158c:	add    edx,0x5
    158f:	lea    rsi,[rsp+0x120]
    1597:	mov    QWORD PTR [rsp+0x18],rsi
    159c:	mov    r11,rsi
    159f:	mov    QWORD PTR [rsp+0x110],rsi
    15a7:	mov    edi,edx
    15a9:	mov    rsi,r11
    15ac:	xor    r9d,r9d
    15af:	cmp    edx,0x8
    15b2:	jae    2390 <lume::detail::validate_inputs(lume::ProgramStorage const&, std::span<lume::Buffer const, 18446744073709551615ul>)+0x1770>
    15b8:	test   dil,0x4
    15bc:	je     15c8 <lume::detail::validate_inputs(lume::ProgramStorage const&, std::span<lume::Buffer const, 18446744073709551615ul>)+0x9a8>
    15be:	mov    DWORD PTR [rsi],0x0
    15c4:	add    rsi,0x4
    15c8:	test   dil,0x2
    15cc:	je     15da <lume::detail::validate_inputs(lume::ProgramStorage const&, std::span<lume::Buffer const, 18446744073709551615ul>)+0x9ba>
    15ce:	xor    r8d,r8d
    15d1:	add    rsi,0x2
    15d5:	mov    WORD PTR [rsi-0x2],r8w
    15da:	and    edi,0x1
    15dd:	je     15e2 <lume::detail::validate_inputs(lume::ProgramStorage const&, std::span<lume::Buffer const, 18446744073709551615ul>)+0x9c2>
    15df:	mov    BYTE PTR [rsi],0x0
    15e2:	mov    rsi,QWORD PTR [rsp+0x110]
    15ea:	add    rsi,rdx
    15ed:	movdqa xmm0,XMMWORD PTR [rip+0x0]        # 15f5 <lume::detail::validate_inputs(lume::ProgramStorage const&, std::span<lume::Buffer const, 18446744073709551615ul>)+0x9d5>
    15f5:	mov    QWORD PTR [rsp+0x118],rdx
    15fd:	movdqa xmm2,XMMWORD PTR [rip+0x0]        # 1605 <lume::detail::validate_inputs(lume::ProgramStorage const&, std::span<lume::Buffer const, 18446744073709551615ul>)+0x9e5>
    1605:	mov    BYTE PTR [rsi],0x0
    1608:	movaps XMMWORD PTR [rsp+0x1a0],xmm0
    1610:	movdqa xmm0,XMMWORD PTR [rip+0x0]        # 1618 <lume::detail::validate_inputs(lume::ProgramStorage const&, std::span<lume::Buffer const, 18446744073709551615ul>)+0x9f8>
    1618:	movdqa xmm3,XMMWORD PTR [rip+0x0]        # 1620 <lume::detail::validate_inputs(lume::ProgramStorage const&, std::span<lume::Buffer const, 18446744073709551615ul>)+0xa00>
    1620:	movdqa xmm4,XMMWORD PTR [rip+0x0]        # 1628 <lume::detail::validate_inputs(lume::ProgramStorage const&, std::span<lume::Buffer const, 18446744073709551615ul>)+0xa08>
    1628:	movdqa xmm5,XMMWORD PTR [rip+0x0]        # 1630 <lume::detail::validate_inputs(lume::ProgramStorage const&, std::span<lume::Buffer const, 18446744073709551615ul>)+0xa10>
    1630:	movaps XMMWORD PTR [rsp+0x160],xmm2
    1638:	movaps XMMWORD PTR [rsp+0x1b0],xmm0
    1640:	movdqa xmm0,XMMWORD PTR [rip+0x0]        # 1648 <lume::detail::validate_inputs(lume::ProgramStorage const&, std::span<lume::Buffer const, 18446744073709551615ul>)+0xa28>
    1648:	mov    edi,DWORD PTR [rsp+0x118]
    164f:	mov    rsi,QWORD PTR [rsp+0x110]
    1657:	movaps XMMWORD PTR [rsp+0x170],xmm3
    165f:	movaps XMMWORD PTR [rsp+0x1c0],xmm0
    1667:	movdqa xmm0,XMMWORD PTR [rip+0x0]        # 166f <lume::detail::validate_inputs(lume::ProgramStorage const&, std::span<lume::Buffer const, 18446744073709551615ul>)+0xa4f>
    166f:	sub    edi,0x1
    1672:	movaps XMMWORD PTR [rsp+0x180],xmm4
    167a:	movaps XMMWORD PTR [rsp+0x1d0],xmm0
    1682:	movdqa xmm0,XMMWORD PTR [rip+0x0]        # 168a <lume::detail::validate_inputs(lume::ProgramStorage const&, std::span<lume::Buffer const, 18446744073709551615ul>)+0xa6a>
    168a:	movaps XMMWORD PTR [rsp+0x190],xmm5
    1692:	movaps XMMWORD PTR [rsp+0x1e0],xmm0
    169a:	movdqa xmm0,XMMWORD PTR [rip+0x0]        # 16a2 <lume::detail::validate_inputs(lume::ProgramStorage const&, std::span<lume::Buffer const, 18446744073709551615ul>)+0xa82>
    16a2:	movaps XMMWORD PTR [rsp+0x1f0],xmm0
    16aa:	movdqa xmm0,XMMWORD PTR [rip+0x0]        # 16b2 <lume::detail::validate_inputs(lume::ProgramStorage const&, std::span<lume::Buffer const, 18446744073709551615ul>)+0xa92>
    16b2:	movaps XMMWORD PTR [rsp+0x200],xmm0
    16ba:	movdqa xmm0,XMMWORD PTR [rip+0x0]        # 16c2 <lume::detail::validate_inputs(lume::ProgramStorage const&, std::span<lume::Buffer const, 18446744073709551615ul>)+0xaa2>
    16c2:	movaps XMMWORD PTR [rsp+0x210],xmm0
    16ca:	movdqa xmm0,XMMWORD PTR [rip+0x0]        # 16d2 <lume::detail::validate_inputs(lume::ProgramStorage const&, std::span<lume::Buffer const, 18446744073709551615ul>)+0xab2>
    16d2:	movups XMMWORD PTR [rsp+0x219],xmm0
    16da:	cmp    ecx,0x63
    16dd:	jbe    1732 <lume::detail::validate_inputs(lume::ProgramStorage const&, std::span<lume::Buffer const, 18446744073709551615ul>)+0xb12>
    16df:	mov    rdx,rax
    16e2:	jmp    16ea <lume::detail::validate_inputs(lume::ProgramStorage const&, std::span<lume::Buffer const, 18446744073709551615ul>)+0xaca>
    16e4:	nop    DWORD PTR [rax+0x0]
    16e8:	mov    edx,ecx
    16ea:	imul   rdx,rdx,0x51eb851f
    16f1:	mov    eax,ecx
    16f3:	shr    rdx,0x25
    16f7:	imul   r8d,edx,0x64
    16fb:	sub    eax,r8d
    16fe:	mov    r8d,ecx
    1701:	mov    ecx,edx
    1703:	mov    edx,edi
    1705:	add    eax,eax
    1707:	lea    r9d,[rax+0x1]
    170b:	movzx  eax,BYTE PTR [rsp+rax*1+0x160]
    1713:	movzx  r9d,BYTE PTR [rsp+r9*1+0x160]
    171c:	mov    BYTE PTR [rsi+rdx*1],r9b
    1720:	lea    edx,[rdi-0x1]
    1723:	sub    edi,0x2
    1726:	mov    BYTE PTR [rsi+rdx*1],al
    1729:	cmp    r8d,0x270f
    1730:	ja     16e8 <lume::detail::validate_inputs(lume::ProgramStorage const&, std::span<lume::Buffer const, 18446744073709551615ul>)+0xac8>
    1732:	lea    eax,[rcx+0x30]
    1735:	cmp    ecx,0x9
    1738:	jbe    1753 <lume::detail::validate_inputs(lume::ProgramStorage const&, std::span<lume::Buffer const, 18446744073709551615ul>)+0xb33>
    173a:	lea    eax,[rcx+rcx*1]
    173d:	lea    edx,[rax+0x1]
    1740:	movzx  eax,BYTE PTR [rsp+rax*1+0x160]
    1748:	movzx  edx,BYTE PTR [rsp+rdx*1+0x160]
    1750:	mov    BYTE PTR [rsi+0x1],dl
    1753:	cmp    QWORD PTR [rsp],0x9
    1758:	mov    BYTE PTR [rsi],al
    175a:	jbe    30d7 <lume::detail::validate_inputs(lume::ProgramStorage const&, std::span<lume::Buffer const, 18446744073709551615ul>)+0x24b7>
    1760:	cmp    QWORD PTR [rsp],0x63
    1765:	jbe    3158 <lume::detail::validate_inputs(lume::ProgramStorage const&, std::span<lume::Buffer const, 18446744073709551615ul>)+0x2538>
    176b:	cmp    QWORD PTR [rsp],0x3e7
    1773:	jbe    30f1 <lume::detail::validate_inputs(lume::ProgramStorage const&, std::span<lume::Buffer const, 18446744073709551615ul>)+0x24d1>
    1779:	mov    rax,QWORD PTR [rsp]
    177d:	cmp    rax,0x270f
    1783:	jbe    317b <lume::detail::validate_inputs(lume::ProgramStorage const&, std::span<lume::Buffer const, 18446744073709551615ul>)+0x255b>
    1789:	mov    rdx,rax
    178c:	mov    esi,0x1
    1791:	movabs rdi,0x346dc5d63886594b
    179b:	jmp    17c7 <lume::detail::validate_inputs(lume::ProgramStorage const&, std::span<lume::Buffer const, 18446744073709551615ul>)+0xba7>
    179d:	nop    DWORD PTR [rax]
    17a0:	cmp    rcx,0xf423f
    17a7:	jbe    20f0 <lume::detail::validate_inputs(lume::ProgramStorage const&, std::span<lume::Buffer const, 18446744073709551615ul>)+0x14d0>
    17ad:	cmp    rcx,0x98967f
    17b4:	jbe    2110 <lume::detail::validate_inputs(lume::ProgramStorage const&, std::span<lume::Buffer const, 18446744073709551615ul>)+0x14f0>
    17ba:	cmp    rcx,0x5f5e0ff
    17c1:	jbe    2130 <lume::detail::validate_inputs(lume::ProgramStorage const&, std::span<lume::Buffer const, 18446744073709551615ul>)+0x1510>
    17c7:	mov    rax,rdx
    17ca:	mov    rcx,rdx
    17cd:	mul    rdi
    17d0:	mov    eax,esi
    17d2:	add    esi,0x4
    17d5:	shr    rdx,0xb
    17d9:	cmp    rcx,0x1869f
    17e0:	ja     17a0 <lume::detail::validate_inputs(lume::ProgramStorage const&, std::span<lume::Buffer const, 18446744073709551615ul>)+0xb80>
    17e2:	lea    rax,[rsp+0xc0]
    17ea:	mov    r12d,esi
    17ed:	mov    QWORD PTR [rsp+0x8],rax
    17f2:	mov    QWORD PTR [rsp+0xb0],rax
    17fa:	cmp    esi,0xf
    17fd:	ja     1d80 <lume::detail::validate_inputs(lume::ProgramStorage const&, std::span<lume::Buffer const, 18446744073709551615ul>)+0x1160>
    1803:	test   r12,r12
    1806:	jne    2028 <lume::detail::validate_inputs(lume::ProgramStorage const&, std::span<lume::Buffer const, 18446744073709551615ul>)+0x1408>
    180c:	movdqa xmm0,XMMWORD PTR [rip+0x0]        # 1814 <lume::detail::validate_inputs(lume::ProgramStorage const&, std::span<lume::Buffer const, 18446744073709551615ul>)+0xbf4>
    1814:	mov    BYTE PTR [rsp+0xc0],0x0
    181c:	mov    rdi,rax
    181f:	mov    r8d,0xffffffff
    1825:	mov    QWORD PTR [rsp+0xb8],0x0
    1831:	movaps XMMWORD PTR [rsp+0x160],xmm0
    1839:	movdqa xmm0,XMMWORD PTR [rip+0x0]        # 1841 <lume::detail::validate_inputs(lume::ProgramStorage const&, std::span<lume::Buffer const, 18446744073709551615ul>)+0xc21>
    1841:	movaps XMMWORD PTR [rsp+0x170],xmm0
    1849:	movdqa xmm0,XMMWORD PTR [rip+0x0]        # 1851 <lume::detail::validate_inputs(lume::ProgramStorage const&, std::span<lume::Buffer const, 18446744073709551615ul>)+0xc31>
    1851:	movaps XMMWORD PTR [rsp+0x180],xmm0
    1859:	movdqa xmm0,XMMWORD PTR [rip+0x0]        # 1861 <lume::detail::validate_inputs(lume::ProgramStorage const&, std::span<lume::Buffer const, 18446744073709551615ul>)+0xc41>
    1861:	movaps XMMWORD PTR [rsp+0x190],xmm0
    1869:	movdqa xmm0,XMMWORD PTR [rip+0x0]        # 1871 <lume::detail::validate_inputs(lume::ProgramStorage const&, std::span<lume::Buffer const, 18446744073709551615ul>)+0xc51>
    1871:	movaps XMMWORD PTR [rsp+0x1a0],xmm0
    1879:	movdqa xmm0,XMMWORD PTR [rip+0x0]        # 1881 <lume::detail::validate_inputs(lume::ProgramStorage const&, std::span<lume::Buffer const, 18446744073709551615ul>)+0xc61>
    1881:	movaps XMMWORD PTR [rsp+0x1b0],xmm0
    1889:	movdqa xmm0,XMMWORD PTR [rip+0x0]        # 1891 <lume::detail::validate_inputs(lume::ProgramStorage const&, std::span<lume::Buffer const, 18446744073709551615ul>)+0xc71>
    1891:	movaps XMMWORD PTR [rsp+0x1c0],xmm0
    1899:	movdqa xmm0,XMMWORD PTR [rip+0x0]        # 18a1 <lume::detail::validate_inputs(lume::ProgramStorage const&, std::span<lume::Buffer const, 18446744073709551615ul>)+0xc81>
    18a1:	movaps XMMWORD PTR [rsp+0x1d0],xmm0
    18a9:	movdqa xmm0,XMMWORD PTR [rip+0x0]        # 18b1 <lume::detail::validate_inputs(lume::ProgramStorage const&, std::span<lume::Buffer const, 18446744073709551615ul>)+0xc91>
    18b1:	movaps XMMWORD PTR [rsp+0x1e0],xmm0
    18b9:	movdqa xmm0,XMMWORD PTR [rip+0x0]        # 18c1 <lume::detail::validate_inputs(lume::ProgramStorage const&, std::span<lume::Buffer const, 18446744073709551615ul>)+0xca1>
    18c1:	movaps XMMWORD PTR [rsp+0x1f0],xmm0
    18c9:	movdqa xmm0,XMMWORD PTR [rip+0x0]        # 18d1 <lume::detail::validate_inputs(lume::ProgramStorage const&, std::span<lume::Buffer const, 18446744073709551615ul>)+0xcb1>
    18d1:	movaps XMMWORD PTR [rsp+0x200],xmm0
    18d9:	movdqa xmm0,XMMWORD PTR [rip+0x0]        # 18e1 <lume::detail::validate_inputs(lume::ProgramStorage const&, std::span<lume::Buffer const, 18446744073709551615ul>)+0xcc1>
    18e1:	movaps XMMWORD PTR [rsp+0x210],xmm0
    18e9:	movdqa xmm0,XMMWORD PTR [rip+0x0]        # 18f1 <lume::detail::validate_inputs(lume::ProgramStorage const&, std::span<lume::Buffer const, 18446744073709551615ul>)+0xcd1>
    18f1:	movups XMMWORD PTR [rsp+0x219],xmm0
    18f9:	movabs rsi,0x28f5c28f5c28f5c3
    1903:	mov    rcx,QWORD PTR [rsp]
    1907:	nop    WORD PTR [rax+rax*1+0x0]
    1910:	mov    rdx,rcx
    1913:	shr    rdx,0x2
    1917:	mov    rax,rdx
    191a:	mul    rsi
    191d:	mov    rax,rcx
    1920:	mov    r9,rdx
    1923:	and    rdx,0xfffffffffffffffc
    1927:	shr    r9,0x2
    192b:	add    rdx,r9
    192e:	lea    rdx,[rdx+rdx*4]
    1932:	shl    rdx,0x2
    1936:	sub    rax,rdx
    1939:	mov    rdx,rcx
    193c:	mov    rcx,r9
    193f:	mov    r9d,r8d
    1942:	add    rax,rax
    1945:	movzx  r10d,BYTE PTR [rsp+rax*1+0x161]
    194e:	movzx  eax,BYTE PTR [rsp+rax*1+0x160]
    1956:	mov    BYTE PTR [rdi+r9*1],r10b
    195a:	lea    r9d,[r8-0x1]
    195e:	sub    r8d,0x2
    1962:	mov    BYTE PTR [rdi+r9*1],al
    1966:	cmp    rdx,0x270f
    196d:	ja     1910 <lume::detail::validate_inputs(lume::ProgramStorage const&, std::span<lume::Buffer const, 18446744073709551615ul>)+0xcf0>
    196f:	lea    eax,[rcx+0x30]
    1972:	cmp    rcx,0x9
    1976:	jbe    198e <lume::detail::validate_inputs(lume::ProgramStorage const&, std::span<lume::Buffer const, 18446744073709551615ul>)+0xd6e>
    1978:	add    rcx,rcx
    197b:	movzx  eax,BYTE PTR [rsp+rcx*1+0x161]
    1983:	mov    BYTE PTR [rdi+0x1],al
    1986:	movzx  eax,BYTE PTR [rsp+rcx*1+0x160]
    198e:	mov    BYTE PTR [rdi],al
    1990:	mov    r12,QWORD PTR [rsp+0xb8]
    1998:	movabs rax,0x7fffffffffffffff
    19a2:	sub    rax,r12
    19a5:	cmp    rax,0x5
    19a9:	jbe    45c0 <lume::detail::validate_inputs(lume::ProgramStorage const&, std::span<lume::Buffer const, 18446744073709551615ul>)+0x39a0>
    19af:	mov    r15,QWORD PTR [rsp+0xb0]
    19b7:	mov    rax,QWORD PTR [rsp+0x8]
    19bc:	lea    r13,[r12+0x6]
    19c1:	cmp    r15,rax
    19c4:	je     2140 <lume::detail::validate_inputs(lume::ProgramStorage const&, std::span<lume::Buffer const, 18446744073709551615ul>)+0x1520>
    19ca:	mov    r14,QWORD PTR [rsp+0xc0]
    19d2:	cmp    r14,r13
    19d5:	jb     1ee8 <lume::detail::validate_inputs(lume::ProgramStorage const&, std::span<lume::Buffer const, 18446744073709551615ul>)+0x12c8>
    19db:	lea    rcx,[rip+0x0]        # 19e2 <lume::detail::validate_inputs(lume::ProgramStorage const&, std::span<lume::Buffer const, 18446744073709551615ul>)+0xdc2>
    19e2:	cmp    rcx,r15
    19e5:	jb     19f4 <lume::detail::validate_inputs(lume::ProgramStorage const&, std::span<lume::Buffer const, 18446744073709551615ul>)+0xdd4>
    19e7:	lea    rax,[r15+r12*1]
    19eb:	cmp    rax,rcx
    19ee:	jae    19f4 <lume::detail::validate_inputs(lume::ProgramStorage const&, std::span<lume::Buffer const, 18446744073709551615ul>)+0xdd4>
    19f4:	test   r12,r12
    19f7:	je     1a12 <lume::detail::validate_inputs(lume::ProgramStorage const&, std::span<lume::Buffer const, 18446744073709551615ul>)+0xdf2>
    19f9:	cmp    r12,0x1
    19fd:	je     2650 <lume::detail::validate_inputs(lume::ProgramStorage const&, std::span<lume::Buffer const, 18446744073709551615ul>)+0x1a30>
    1a03:	lea    rdi,[r15+0x6]
    1a07:	mov    rdx,r12
    1a0a:	mov    rsi,r15
    1a0d:	call   1a12 <lume::detail::validate_inputs(lume::ProgramStorage const&, std::span<lume::Buffer const, 18446744073709551615ul>)+0xdf2>
    1a12:	mov    eax,0x2074
    1a17:	mov    DWORD PTR [r15],0x75706e69
    1a1e:	mov    WORD PTR [r15+0x4],ax
    1a23:	mov    r15,QWORD PTR [rsp+0xb0]
    1a2b:	lea    rax,[rsp+0xe0]
    1a33:	mov    QWORD PTR [rsp+0xb8],r13
    1a3b:	mov    rsi,QWORD PTR [rsp+0x8]
    1a40:	mov    BYTE PTR [r15+r12*1+0x6],0x0
    1a46:	mov    QWORD PTR [rsp+0x10],rax
    1a4b:	mov    QWORD PTR [rsp+0xd0],rax
    1a53:	mov    rax,QWORD PTR [rsp+0xb0]
    1a5b:	cmp    rax,rsi
    1a5e:	je     2160 <lume::detail::validate_inputs(lume::ProgramStorage const&, std::span<lume::Buffer const, 18446744073709551615ul>)+0x1540>
    1a64:	mov    r12,QWORD PTR [rsp+0xb8]
    1a6c:	mov    r14,QWORD PTR [rsp+0xc0]
    1a74:	movabs rdx,0x7fffffffffffffff
    1a7e:	mov    QWORD PTR [rsp+0xd0],rax
    1a86:	mov    QWORD PTR [rsp+0xb0],rsi
    1a8e:	sub    rdx,r12
    1a91:	mov    QWORD PTR [rsp+0xe0],r14
    1a99:	mov    QWORD PTR [rsp+0xd8],r12
    1aa1:	mov    QWORD PTR [rsp+0xb8],0x0
    1aad:	mov    BYTE PTR [rsp+0xc0],0x0
    1ab5:	cmp    rdx,0x2
    1ab9:	jbe    474d <lume::detail::validate_inputs(lume::ProgramStorage const&, std::span<lume::Buffer const, 18446744073709551615ul>)+0x3b2d>
    1abf:	mov    rdi,QWORD PTR [rsp+0x10]
    1ac4:	lea    r13,[r12+0x3]
    1ac9:	cmp    rax,rdi
    1acc:	je     21d4 <lume::detail::validate_inputs(lume::ProgramStorage const&, std::span<lume::Buffer const, 18446744073709551615ul>)+0x15b4>
    1ad2:	cmp    r14,r13
    1ad5:	jb     1f98 <lume::detail::validate_inputs(lume::ProgramStorage const&, std::span<lume::Buffer const, 18446744073709551615ul>)+0x1378>
    1adb:	add    rax,r12
    1ade:	mov    r12d,0x2820
    1ae4:	mov    WORD PTR [rax],r12w
    1ae8:	mov    BYTE PTR [rax+0x2],0x25
    1aec:	mov    r15,QWORD PTR [rsp+0xd0]
    1af4:	lea    rax,[rsp+0x100]
    1afc:	mov    QWORD PTR [rsp+0xd8],r13
    1b04:	mov    rdi,QWORD PTR [rsp+0x10]
    1b09:	mov    BYTE PTR [r15+r13*1],0x0
    1b0e:	mov    QWORD PTR [rsp+0x20],rax
    1b13:	mov    QWORD PTR [rsp+0xf0],rax
    1b1b:	mov    rax,QWORD PTR [rsp+0xd0]
    1b23:	cmp    rax,rdi
    1b26:	je     2248 <lume::detail::validate_inputs(lume::ProgramStorage const&, std::span<lume::Buffer const, 18446744073709551615ul>)+0x1628>
    1b2c:	mov    QWORD PTR [rsp+0xf0],rax
    1b34:	mov    rax,QWORD PTR [rsp+0xe0]
    1b3c:	mov    QWORD PTR [rsp+0x100],rax
    1b44:	mov    rax,QWORD PTR [rsp+0xd8]
    1b4c:	mov    QWORD PTR [rsp+0xf8],rax
    1b54:	mov    rax,QWORD PTR [rsp+0x10]
    1b59:	lea    r15,[rsp+0x130]
    1b61:	lea    rdx,[rsp+0x110]
    1b69:	mov    rdi,r15
    1b6c:	mov    BYTE PTR [rsp+0xe0],0x0
    1b74:	mov    QWORD PTR [rsp+0xd0],rax
    1b7c:	lea    rax,[rsp+0xf0]
    1b84:	mov    rsi,rax
    1b87:	mov    QWORD PTR [rsp+0x50],rdx
    1b8c:	mov    QWORD PTR [rsp+0xd8],0x0
    1b98:	mov    QWORD PTR [rsp+0x58],rax
    1b9d:	call   1ba2 <lume::detail::validate_inputs(lume::ProgramStorage const&, std::span<lume::Buffer const, 18446744073709551615ul>)+0xf82>
    1ba2:	mov    r12,QWORD PTR [rsp+0x138]
    1baa:	movabs rax,0x7fffffffffffffff
    1bb4:	cmp    r12,rax
    1bb7:	je     4770 <lume::detail::validate_inputs(lume::ProgramStorage const&, std::span<lume::Buffer const, 18446744073709551615ul>)+0x3b50>
    1bbd:	mov    rax,QWORD PTR [rsp+0x130]
    1bc5:	lea    r13,[rsp+0x140]
    1bcd:	lea    r14,[r12+0x1]
    1bd2:	cmp    rax,r13
    1bd5:	je     2298 <lume::detail::validate_inputs(lume::ProgramStorage const&, std::span<lume::Buffer const, 18446744073709551615ul>)+0x1678>
    1bdb:	mov    rdx,QWORD PTR [rsp+0x140]
    1be3:	cmp    rdx,r14
    1be6:	jb     2058 <lume::detail::validate_inputs(lume::ProgramStorage const&, std::span<lume::Buffer const, 18446744073709551615ul>)+0x1438>
    1bec:	mov    BYTE PTR [rax+r12*1],0x29
    1bf1:	mov    r15,QWORD PTR [rsp+0x130]
    1bf9:	mov    QWORD PTR [rsp+0x138],r14
    1c01:	mov    BYTE PTR [r15+r12*1+0x1],0x0
    1c07:	mov    rax,QWORD PTR [rsp+0x130]
    1c0f:	lea    r15,[rsp+0x80]
    1c17:	mov    QWORD PTR [rsp+0x70],r15
    1c1c:	cmp    rax,r13
    1c1f:	je     22e0 <lume::detail::validate_inputs(lume::ProgramStorage const&, std::span<lume::Buffer const, 18446744073709551615ul>)+0x16c0>
    1c25:	mov    QWORD PTR [rsp+0x70],rax
    1c2a:	mov    rax,QWORD PTR [rsp+0x140]
    1c32:	mov    QWORD PTR [rsp+0x80],rax
    1c3a:	mov    rax,QWORD PTR [rsp+0x138]
    1c42:	mov    QWORD PTR [rsp+0x78],rax
    1c47:	mov    rdi,QWORD PTR [rsp+0xf0]
    1c4f:	mov    rax,QWORD PTR [rsp+0x20]
    1c54:	cmp    rdi,rax
    1c57:	je     1c6a <lume::detail::validate_inputs(lume::ProgramStorage const&, std::span<lume::Buffer const, 18446744073709551615ul>)+0x104a>
    1c59:	mov    rax,QWORD PTR [rsp+0x100]
    1c61:	lea    rsi,[rax+0x1]
    1c65:	call   1c6a <lume::detail::validate_inputs(lume::ProgramStorage const&, std::span<lume::Buffer const, 18446744073709551615ul>)+0x104a>
    1c6a:	mov    rdi,QWORD PTR [rsp+0xd0]
    1c72:	mov    rax,QWORD PTR [rsp+0x10]
    1c77:	cmp    rdi,rax
    1c7a:	je     1c8d <lume::detail::validate_inputs(lume::ProgramStorage const&, std::span<lume::Buffer const, 18446744073709551615ul>)+0x106d>
    1c7c:	mov    rax,QWORD PTR [rsp+0xe0]
    1c84:	lea    rsi,[rax+0x1]
    1c88:	call   1c8d <lume::detail::validate_inputs(lume::ProgramStorage const&, std::span<lume::Buffer const, 18446744073709551615ul>)+0x106d>
    1c8d:	mov    rdi,QWORD PTR [rsp+0xb0]
    1c95:	mov    rax,QWORD PTR [rsp+0x8]
    1c9a:	cmp    rdi,rax
    1c9d:	je     1cb0 <lume::detail::validate_inputs(lume::ProgramStorage const&, std::span<lume::Buffer const, 18446744073709551615ul>)+0x1090>
    1c9f:	mov    rax,QWORD PTR [rsp+0xc0]
    1ca7:	lea    rsi,[rax+0x1]
    1cab:	call   1cb0 <lume::detail::validate_inputs(lume::ProgramStorage const&, std::span<lume::Buffer const, 18446744073709551615ul>)+0x1090>
    1cb0:	mov    rdi,QWORD PTR [rsp+0x110]
    1cb8:	mov    rax,QWORD PTR [rsp+0x18]
    1cbd:	cmp    rdi,rax
    1cc0:	je     1cd3 <lume::detail::validate_inputs(lume::ProgramStorage const&, std::span<lume::Buffer const, 18446744073709551615ul>)+0x10b3>
    1cc2:	mov    rax,QWORD PTR [rsp+0x120]
    1cca:	lea    rsi,[rax+0x1]
    1cce:	call   1cd3 <lume::detail::validate_inputs(lume::ProgramStorage const&, std::span<lume::Buffer const, 18446744073709551615ul>)+0x10b3>
    1cd3:	mov    rax,QWORD PTR [rsp+0x28]
    1cd8:	movzx  edx,BYTE PTR [rax+0x18]
    1cdc:	cmp    dl,0xff
    1cdf:	je     1ce5 <lume::detail::validate_inputs(lume::ProgramStorage const&, std::span<lume::Buffer const, 18446744073709551615ul>)+0x10c5>
    1ce5:	cmp    dl,0x1
    1ce8:	je     2338 <lume::detail::validate_inputs(lume::ProgramStorage const&, std::span<lume::Buffer const, 18446744073709551615ul>)+0x1718>
    1cee:	jbe    1eb8 <lume::detail::validate_inputs(lume::ProgramStorage const&, std::span<lume::Buffer const, 18446744073709551615ul>)+0x1298>
    1cf4:	cmp    dl,0x2
    1cf7:	jne    2368 <lume::detail::validate_inputs(lume::ProgramStorage const&, std::span<lume::Buffer const, 18446744073709551615ul>)+0x1748>
    1cfd:	mov    rsi,QWORD PTR [rsp+0x30]
    1d02:	mov    eax,esi
    1d04:	cmp    sil,0x1
    1d08:	jne    31c6 <lume::detail::validate_inputs(lume::ProgramStorage const&, std::span<lume::Buffer const, 18446744073709551615ul>)+0x25a6>
    1d0e:	mov    rax,QWORD PTR [rsp+0x28]
    1d13:	mov    r12,rsi
    1d16:	mov    rax,QWORD PTR [rax+0x8]
    1d1a:	shr    r12,0x20
    1d1e:	mov    r13d,r12d
    1d21:	mov    r14d,r12d
    1d24:	cmp    r12,rax
    1d27:	jne    2da8 <lume::detail::validate_inputs(lume::ProgramStorage const&, std::span<lume::Buffer const, 18446744073709551615ul>)+0x2188>
    1d2d:	mov    rdi,QWORD PTR [rsp+0x70]
    1d32:	add    QWORD PTR [rsp],0x1
    1d37:	cmp    rdi,r15
    1d3a:	je     1d4d <lume::detail::validate_inputs(lume::ProgramStorage const&, std::span<lume::Buffer const, 18446744073709551615ul>)+0x112d>
    1d3c:	mov    rax,QWORD PTR [rsp+0x80]
    1d44:	lea    rsi,[rax+0x1]
    1d48:	call   1d4d <lume::detail::validate_inputs(lume::ProgramStorage const&, std::span<lume::Buffer const, 18446744073709551615ul>)+0x112d>
    1d4d:	add    rbx,0x10
    1d51:	cmp    rbp,rbx
    1d54:	je     1d68 <lume::detail::validate_inputs(lume::ProgramStorage const&, std::span<lume::Buffer const, 18446744073709551615ul>)+0x1148>
    1d56:	cmp    BYTE PTR [rbx],0x1
    1d59:	je     14f0 <lume::detail::validate_inputs(lume::ProgramStorage const&, std::span<lume::Buffer const, 18446744073709551615ul>)+0x8d0>
    1d5f:	add    rbx,0x10
    1d63:	cmp    rbp,rbx
    1d66:	jne    1d56 <lume::detail::validate_inputs(lume::ProgramStorage const&, std::span<lume::Buffer const, 18446744073709551615ul>)+0x1136>
    1d68:	mov    rax,QWORD PTR [rsp+0x38]
    1d6d:	mov    BYTE PTR [rax+0x28],0x0
    1d71:	jmp    14b9 <lume::detail::validate_inputs(lume::ProgramStorage const&, std::span<lume::Buffer const, 18446744073709551615ul>)+0x899>
    1d76:	cs nop WORD PTR [rax+rax*1+0x0]
    1d80:	lea    rdi,[r12+0x1]
    1d85:	call   1d8a <lume::detail::validate_inputs(lume::ProgramStorage const&, std::span<lume::Buffer const, 18446744073709551615ul>)+0x116a>
    1d8a:	mov    QWORD PTR [rsp+0xb0],rax
    1d92:	mov    rdi,rax
    1d95:	mov    QWORD PTR [rsp+0xc0],r12
    1d9d:	mov    rdx,r12
    1da0:	xor    esi,esi
    1da2:	call   1da7 <lume::detail::validate_inputs(lume::ProgramStorage const&, std::span<lume::Buffer const, 18446744073709551615ul>)+0x1187>
    1da7:	mov    rax,QWORD PTR [rsp+0xb0]
    1daf:	add    rax,r12
    1db2:	movdqa xmm0,XMMWORD PTR [rip+0x0]        # 1dba <lume::detail::validate_inputs(lume::ProgramStorage const&, std::span<lume::Buffer const, 18446744073709551615ul>)+0x119a>
    1dba:	movdqa xmm6,XMMWORD PTR [rip+0x0]        # 1dc2 <lume::detail::validate_inputs(lume::ProgramStorage const&, std::span<lume::Buffer const, 18446744073709551615ul>)+0x11a2>
    1dc2:	mov    QWORD PTR [rsp+0xb8],r12
    1dca:	movdqa xmm7,XMMWORD PTR [rip+0x0]        # 1dd2 <lume::detail::validate_inputs(lume::ProgramStorage const&, std::span<lume::Buffer const, 18446744073709551615ul>)+0x11b2>
    1dd2:	movdqa xmm1,XMMWORD PTR [rip+0x0]        # 1dda <lume::detail::validate_inputs(lume::ProgramStorage const&, std::span<lume::Buffer const, 18446744073709551615ul>)+0x11ba>
    1dda:	mov    BYTE PTR [rax],0x0
    1ddd:	movaps XMMWORD PTR [rsp+0x1a0],xmm0
    1de5:	movdqa xmm0,XMMWORD PTR [rip+0x0]        # 1ded <lume::detail::validate_inputs(lume::ProgramStorage const&, std::span<lume::Buffer const, 18446744073709551615ul>)+0x11cd>
    1ded:	mov    eax,DWORD PTR [rsp+0xb8]
    1df4:	movaps XMMWORD PTR [rsp+0x160],xmm6
    1dfc:	movdqa xmm6,XMMWORD PTR [rip+0x0]        # 1e04 <lume::detail::validate_inputs(lume::ProgramStorage const&, std::span<lume::Buffer const, 18446744073709551615ul>)+0x11e4>
    1e04:	cmp    QWORD PTR [rsp],0x63
    1e09:	movaps XMMWORD PTR [rsp+0x1b0],xmm0
    1e11:	movdqa xmm0,XMMWORD PTR [rip+0x0]        # 1e19 <lume::detail::validate_inputs(lume::ProgramStorage const&, std::span<lume::Buffer const, 18446744073709551615ul>)+0x11f9>
    1e19:	lea    r8d,[rax-0x1]
    1e1d:	mov    rdi,QWORD PTR [rsp+0xb0]
    1e25:	movaps XMMWORD PTR [rsp+0x170],xmm7
    1e2d:	movaps XMMWORD PTR [rsp+0x1c0],xmm0
    1e35:	movdqa xmm0,XMMWORD PTR [rip+0x0]        # 1e3d <lume::detail::validate_inputs(lume::ProgramStorage const&, std::span<lume::Buffer const, 18446744073709551615ul>)+0x121d>
    1e3d:	movaps XMMWORD PTR [rsp+0x180],xmm1
    1e45:	movaps XMMWORD PTR [rsp+0x1d0],xmm0
    1e4d:	movdqa xmm0,XMMWORD PTR [rip+0x0]        # 1e55 <lume::detail::validate_inputs(lume::ProgramStorage const&, std::span<lume::Buffer const, 18446744073709551615ul>)+0x1235>
    1e55:	movaps XMMWORD PTR [rsp+0x190],xmm6
    1e5d:	movaps XMMWORD PTR [rsp+0x1e0],xmm0
    1e65:	movdqa xmm0,XMMWORD PTR [rip+0x0]        # 1e6d <lume::detail::validate_inputs(lume::ProgramStorage const&, std::span<lume::Buffer const, 18446744073709551615ul>)+0x124d>
    1e6d:	movaps XMMWORD PTR [rsp+0x1f0],xmm0
    1e75:	movdqa xmm0,XMMWORD PTR [rip+0x0]        # 1e7d <lume::detail::validate_inputs(lume::ProgramStorage const&, std::span<lume::Buffer const, 18446744073709551615ul>)+0x125d>
    1e7d:	movaps XMMWORD PTR [rsp+0x200],xmm0
    1e85:	movdqa xmm0,XMMWORD PTR [rip+0x0]        # 1e8d <lume::detail::validate_inputs(lume::ProgramStorage const&, std::span<lume::Buffer const, 18446744073709551615ul>)+0x126d>
    1e8d:	movaps XMMWORD PTR [rsp+0x210],xmm0
    1e95:	movdqa xmm0,XMMWORD PTR [rip+0x0]        # 1e9d <lume::detail::validate_inputs(lume::ProgramStorage const&, std::span<lume::Buffer const, 18446744073709551615ul>)+0x127d>
    1e9d:	movups XMMWORD PTR [rsp+0x219],xmm0
    1ea5:	ja     18f9 <lume::detail::validate_inputs(lume::ProgramStorage const&, std::span<lume::Buffer const, 18446744073709551615ul>)+0xcd9>
    1eab:	mov    rcx,QWORD PTR [rsp]
    1eaf:	jmp    196f <lume::detail::validate_inputs(lume::ProgramStorage const&, std::span<lume::Buffer const, 18446744073709551615ul>)+0xd4f>
    1eb4:	nop    DWORD PTR [rax+0x0]
    1eb8:	mov    rsi,QWORD PTR [rsp+0x30]
    1ebd:	mov    eax,esi
    1ebf:	cmp    sil,0x1
    1ec3:	jne    31c6 <lume::detail::validate_inputs(lume::ProgramStorage const&, std::span<lume::Buffer const, 18446744073709551615ul>)+0x25a6>
    1ec9:	mov    rsi,QWORD PTR [rsp+0x28]
    1ece:	mov    r12,QWORD PTR [rsp+0x30]
    1ed3:	mov    rax,QWORD PTR [rsi+0x8]
    1ed7:	sub    rax,QWORD PTR [rsi]
    1eda:	sar    rax,0x2
    1ede:	jmp    1d1a <lume::detail::validate_inputs(lume::ProgramStorage const&, std::span<lume::Buffer const, 18446744073709551615ul>)+0x10fa>
    1ee3:	nop    DWORD PTR [rax+rax*1+0x0]
    1ee8:	test   r13,r13
    1eeb:	js     47d9 <lume::detail::validate_inputs(lume::ProgramStorage const&, std::span<lume::Buffer const, 18446744073709551615ul>)+0x3bb9>
    1ef1:	add    r14,r14
    1ef4:	cmp    r13,r14
    1ef7:	jb     25c1 <lume::detail::validate_inputs(lume::ProgramStorage const&, std::span<lume::Buffer const, 18446744073709551615ul>)+0x19a1>
    1efd:	mov    rdi,r12
    1f00:	add    rdi,0x7
    1f04:	js     25ca <lume::detail::validate_inputs(lume::ProgramStorage const&, std::span<lume::Buffer const, 18446744073709551615ul>)+0x19aa>
    1f0a:	mov    r14,r13
    1f0d:	lea    rax,[rsp+0xb0]
    1f15:	mov    QWORD PTR [rsp+0x60],rax
    1f1a:	call   1f1f <lume::detail::validate_inputs(lume::ProgramStorage const&, std::span<lume::Buffer const, 18446744073709551615ul>)+0x12ff>
    1f1f:	mov    DWORD PTR [rax],0x75706e69
    1f25:	mov    r15,rax
    1f28:	mov    eax,0x2074
    1f2d:	mov    rcx,QWORD PTR [rsp+0xb0]
    1f35:	mov    WORD PTR [r15+0x4],ax
    1f3a:	test   r12,r12
    1f3d:	je     1f62 <lume::detail::validate_inputs(lume::ProgramStorage const&, std::span<lume::Buffer const, 18446744073709551615ul>)+0x1342>
    1f3f:	cmp    r12,0x1
    1f43:	je     2618 <lume::detail::validate_inputs(lume::ProgramStorage const&, std::span<lume::Buffer const, 18446744073709551615ul>)+0x19f8>
    1f49:	mov    rsi,rcx
    1f4c:	lea    rdi,[r15+0x6]
    1f50:	mov    rdx,r12
    1f53:	mov    QWORD PTR [rsp+0x10],rcx
    1f58:	call   1f5d <lume::detail::validate_inputs(lume::ProgramStorage const&, std::span<lume::Buffer const, 18446744073709551615ul>)+0x133d>
    1f5d:	mov    rcx,QWORD PTR [rsp+0x10]
    1f62:	mov    rax,QWORD PTR [rsp+0x8]
    1f67:	cmp    rcx,rax
    1f6a:	je     1f80 <lume::detail::validate_inputs(lume::ProgramStorage const&, std::span<lume::Buffer const, 18446744073709551615ul>)+0x1360>
    1f6c:	mov    rax,QWORD PTR [rsp+0xc0]
    1f74:	mov    rdi,rcx
    1f77:	lea    rsi,[rax+0x1]
    1f7b:	call   1f80 <lume::detail::validate_inputs(lume::ProgramStorage const&, std::span<lume::Buffer const, 18446744073709551615ul>)+0x1360>
    1f80:	mov    QWORD PTR [rsp+0xb0],r15
    1f88:	mov    QWORD PTR [rsp+0xc0],r14
    1f90:	jmp    1a2b <lume::detail::validate_inputs(lume::ProgramStorage const&, std::span<lume::Buffer const, 18446744073709551615ul>)+0xe0b>
    1f95:	nop    DWORD PTR [rax]
    1f98:	test   r13,r13
    1f9b:	js     47b6 <lume::detail::validate_inputs(lume::ProgramStorage const&, std::span<lume::Buffer const, 18446744073709551615ul>)+0x3b96>
    1fa1:	add    r14,r14
    1fa4:	cmp    r13,r14
    1fa7:	jb     25f3 <lume::detail::validate_inputs(lume::ProgramStorage const&, std::span<lume::Buffer const, 18446744073709551615ul>)+0x19d3>
    1fad:	mov    rdi,r12
    1fb0:	add    rdi,0x4
    1fb4:	js     25fc <lume::detail::validate_inputs(lume::ProgramStorage const&, std::span<lume::Buffer const, 18446744073709551615ul>)+0x19dc>
    1fba:	mov    r14,r13
    1fbd:	call   1fc2 <lume::detail::validate_inputs(lume::ProgramStorage const&, std::span<lume::Buffer const, 18446744073709551615ul>)+0x13a2>
    1fc2:	mov    rcx,QWORD PTR [rsp+0xd0]
    1fca:	mov    r15,rax
    1fcd:	test   r12,r12
    1fd0:	jne    27c3 <lume::detail::validate_inputs(lume::ProgramStorage const&, std::span<lume::Buffer const, 18446744073709551615ul>)+0x1ba3>
    1fd6:	mov    r13d,0x3
    1fdc:	mov    rax,QWORD PTR [rsp+0x10]
    1fe1:	add    r12,r15
    1fe4:	mov    r11d,0x2820
    1fea:	mov    WORD PTR [r12],r11w
    1fef:	mov    BYTE PTR [r12+0x2],0x25
    1ff5:	cmp    rcx,rax
    1ff8:	je     200e <lume::detail::validate_inputs(lume::ProgramStorage const&, std::span<lume::Buffer const, 18446744073709551615ul>)+0x13ee>
    1ffa:	mov    rax,QWORD PTR [rsp+0xe0]
    2002:	mov    rdi,rcx
    2005:	lea    rsi,[rax+0x1]
    2009:	call   200e <lume::detail::validate_inputs(lume::ProgramStorage const&, std::span<lume::Buffer const, 18446744073709551615ul>)+0x13ee>
    200e:	mov    QWORD PTR [rsp+0xd0],r15
    2016:	mov    QWORD PTR [rsp+0xe0],r14
    201e:	jmp    1af4 <lume::detail::validate_inputs(lume::ProgramStorage const&, std::span<lume::Buffer const, 18446744073709551615ul>)+0xed4>
    2023:	nop    DWORD PTR [rax+rax*1+0x0]
    2028:	cmp    r12,0x1
    202c:	jne    2b83 <lume::detail::validate_inputs(lume::ProgramStorage const&, std::span<lume::Buffer const, 18446744073709551615ul>)+0x1f63>
    2032:	mov    rax,QWORD PTR [rsp+0xb0]
    203a:	mov    BYTE PTR [rsp+0xc0],0x0
    2042:	mov    r12d,0x1
    2048:	add    rax,0x1
    204c:	jmp    1db2 <lume::detail::validate_inputs(lume::ProgramStorage const&, std::span<lume::Buffer const, 18446744073709551615ul>)+0x1192>
    2051:	nop    DWORD PTR [rax+0x0]
    2058:	test   r14,r14
    205b:	js     4793 <lume::detail::validate_inputs(lume::ProgramStorage const&, std::span<lume::Buffer const, 18446744073709551615ul>)+0x3b73>
    2061:	lea    rax,[rdx+rdx*1]
    2065:	mov    QWORD PTR [rsp+0x60],rax
    206a:	cmp    r14,rax
    206d:	jb     2624 <lume::detail::validate_inputs(lume::ProgramStorage const&, std::span<lume::Buffer const, 18446744073709551615ul>)+0x1a04>
    2073:	mov    rdi,r12
    2076:	add    rdi,0x2
    207a:	js     262d <lume::detail::validate_inputs(lume::ProgramStorage const&, std::span<lume::Buffer const, 18446744073709551615ul>)+0x1a0d>
    2080:	mov    QWORD PTR [rsp+0x60],r14
    2085:	call   208a <lume::detail::validate_inputs(lume::ProgramStorage const&, std::span<lume::Buffer const, 18446744073709551615ul>)+0x146a>
    208a:	mov    rcx,QWORD PTR [rsp+0x130]
    2092:	mov    r15,rax
    2095:	test   r12,r12
    2098:	jne    27de <lume::detail::validate_inputs(lume::ProgramStorage const&, std::span<lume::Buffer const, 18446744073709551615ul>)+0x1bbe>
    209e:	mov    BYTE PTR [r15+r12*1],0x29
    20a3:	cmp    rcx,r13
    20a6:	je     20bc <lume::detail::validate_inputs(lume::ProgramStorage const&, std::span<lume::Buffer const, 18446744073709551615ul>)+0x149c>
    20a8:	mov    rax,QWORD PTR [rsp+0x140]
    20b0:	mov    rdi,rcx
    20b3:	lea    rsi,[rax+0x1]
    20b7:	call   20bc <lume::detail::validate_inputs(lume::ProgramStorage const&, std::span<lume::Buffer const, 18446744073709551615ul>)+0x149c>
    20bc:	mov    rax,QWORD PTR [rsp+0x60]
    20c1:	mov    QWORD PTR [rsp+0x130],r15
    20c9:	mov    QWORD PTR [rsp+0x140],rax
    20d1:	jmp    1bf9 <lume::detail::validate_inputs(lume::ProgramStorage const&, std::span<lume::Buffer const, 18446744073709551615ul>)+0xfd9>
    20d6:	cs nop WORD PTR [rax+rax*1+0x0]
    20e0:	mov    edx,0x7
    20e5:	jmp    158f <lume::detail::validate_inputs(lume::ProgramStorage const&, std::span<lume::Buffer const, 18446744073709551615ul>)+0x96f>
    20ea:	nop    WORD PTR [rax+rax*1+0x0]
    20f0:	lea    esi,[rax+0x5]
    20f3:	jmp    17e2 <lume::detail::validate_inputs(lume::ProgramStorage const&, std::span<lume::Buffer const, 18446744073709551615ul>)+0xbc2>
    20f8:	nop    DWORD PTR [rax+rax*1+0x0]
    2100:	mov    edx,0x8
    2105:	jmp    158f <lume::detail::validate_inputs(lume::ProgramStorage const&, std::span<lume::Buffer const, 18446744073709551615ul>)+0x96f>
    210a:	nop    WORD PTR [rax+rax*1+0x0]
    2110:	lea    esi,[rax+0x6]
    2113:	jmp    17e2 <lume::detail::validate_inputs(lume::ProgramStorage const&, std::span<lume::Buffer const, 18446744073709551615ul>)+0xbc2>
    2118:	nop    DWORD PTR [rax+rax*1+0x0]
    2120:	mov    edx,0x9
    2125:	jmp    158f <lume::detail::validate_inputs(lume::ProgramStorage const&, std::span<lume::Buffer const, 18446744073709551615ul>)+0x96f>
    212a:	nop    WORD PTR [rax+rax*1+0x0]
    2130:	lea    esi,[rax+0x7]
    2133:	jmp    17e2 <lume::detail::validate_inputs(lume::ProgramStorage const&, std::span<lume::Buffer const, 18446744073709551615ul>)+0xbc2>
    2138:	nop    DWORD PTR [rax+rax*1+0x0]
    2140:	mov    edi,0x1f
    2145:	mov    r14d,0x1e
    214b:	cmp    r13,0xf
    214f:	jbe    19db <lume::detail::validate_inputs(lume::ProgramStorage const&, std::span<lume::Buffer const, 18446744073709551615ul>)+0xdbb>
    2155:	jmp    1f0d <lume::detail::validate_inputs(lume::ProgramStorage const&, std::span<lume::Buffer const, 18446744073709551615ul>)+0x12ed>
    215a:	nop    WORD PTR [rax+rax*1+0x0]
    2160:	mov    r12,QWORD PTR [rsp+0xb8]
    2168:	mov    r9,QWORD PTR [rsp+0x10]
    216d:	mov    r8,rsi
    2170:	mov    rax,r8
    2173:	lea    rdx,[r12+0x1]
    2178:	mov    rsi,r9
    217b:	cmp    edx,0x8
    217e:	jae    253b <lume::detail::validate_inputs(lume::ProgramStorage const&, std::span<lume::Buffer const, 18446744073709551615ul>)+0x191b>
    2184:	xor    ecx,ecx
    2186:	test   dl,0x4
    2189:	jne    24f7 <lume::detail::validate_inputs(lume::ProgramStorage const&, std::span<lume::Buffer const, 18446744073709551615ul>)+0x18d7>
    218f:	test   dl,0x2
    2192:	jne    24e0 <lume::detail::validate_inputs(lume::ProgramStorage const&, std::span<lume::Buffer const, 18446744073709551615ul>)+0x18c0>
    2198:	and    edx,0x1
    219b:	jne    24d4 <lume::detail::validate_inputs(lume::ProgramStorage const&, std::span<lume::Buffer const, 18446744073709551615ul>)+0x18b4>
    21a1:	mov    rax,QWORD PTR [rsp+0x8]
    21a6:	mov    QWORD PTR [rsp+0xd8],r12
    21ae:	lea    r13,[r12+0x3]
    21b3:	mov    QWORD PTR [rsp+0xb8],0x0
    21bf:	mov    BYTE PTR [rsp+0xc0],0x0
    21c7:	mov    QWORD PTR [rsp+0xb0],rax
    21cf:	mov    rax,QWORD PTR [rsp+0x10]
    21d4:	cmp    r13,0xf
    21d8:	jbe    1adb <lume::detail::validate_inputs(lume::ProgramStorage const&, std::span<lume::Buffer const, 18446744073709551615ul>)+0xebb>
    21de:	mov    edi,0x1f
    21e3:	call   21e8 <lume::detail::validate_inputs(lume::ProgramStorage const&, std::span<lume::Buffer const, 18446744073709551615ul>)+0x15c8>
    21e8:	mov    rcx,QWORD PTR [rsp+0xd0]
    21f0:	mov    r15,rax
    21f3:	mov    r14d,0x1e
    21f9:	mov    rsi,rcx
    21fc:	mov    rdx,r12
    21ff:	mov    rdi,r15
    2202:	mov    QWORD PTR [rsp+0x20],rcx
    2207:	call   220c <lume::detail::validate_inputs(lume::ProgramStorage const&, std::span<lume::Buffer const, 18446744073709551615ul>)+0x15ec>
    220c:	mov    rcx,QWORD PTR [rsp+0x20]
    2211:	jmp    1fdc <lume::detail::validate_inputs(lume::ProgramStorage const&, std::span<lume::Buffer const, 18446744073709551615ul>)+0x13bc>
    2216:	lea    rsi,[rsp+0x120]
    221e:	mov    BYTE PTR [rsp+0x120],0x0
    2226:	mov    edx,0x1
    222b:	mov    QWORD PTR [rsp+0x18],rsi
    2230:	mov    QWORD PTR [rsp+0x110],rsi
    2238:	lea    rsi,[rsp+0x121]
    2240:	jmp    15ed <lume::detail::validate_inputs(lume::ProgramStorage const&, std::span<lume::Buffer const, 18446744073709551615ul>)+0x9cd>
    2245:	nop    DWORD PTR [rax]
    2248:	mov    rax,QWORD PTR [rsp+0xd8]
    2250:	mov    r10,QWORD PTR [rsp+0x20]
    2255:	mov    r9,rdi
    2258:	mov    rdx,r9
    225b:	lea    rcx,[rax+0x1]
    225f:	mov    rdi,r10
    2262:	cmp    ecx,0x8
    2265:	jae    2568 <lume::detail::validate_inputs(lume::ProgramStorage const&, std::span<lume::Buffer const, 18446744073709551615ul>)+0x1948>
    226b:	xor    esi,esi
    226d:	test   cl,0x4
    2270:	jne    2527 <lume::detail::validate_inputs(lume::ProgramStorage const&, std::span<lume::Buffer const, 18446744073709551615ul>)+0x1907>
    2276:	test   cl,0x2
    2279:	jne    250b <lume::detail::validate_inputs(lume::ProgramStorage const&, std::span<lume::Buffer const, 18446744073709551615ul>)+0x18eb>
    227f:	and    ecx,0x1
    2282:	je     1b4c <lume::detail::validate_inputs(lume::ProgramStorage const&, std::span<lume::Buffer const, 18446744073709551615ul>)+0xf2c>
    2288:	movzx  edx,BYTE PTR [rdx+rsi*1]
    228c:	mov    BYTE PTR [rdi+rsi*1],dl
    228f:	jmp    1b4c <lume::detail::validate_inputs(lume::ProgramStorage const&, std::span<lume::Buffer const, 18446744073709551615ul>)+0xf2c>
    2294:	nop    DWORD PTR [rax+0x0]
    2298:	cmp    r14,0x10
    229c:	jne    1bec <lume::detail::validate_inputs(lume::ProgramStorage const&, std::span<lume::Buffer const, 18446744073709551615ul>)+0xfcc>
    22a2:	mov    edi,0x1f
    22a7:	call   22ac <lume::detail::validate_inputs(lume::ProgramStorage const&, std::span<lume::Buffer const, 18446744073709551615ul>)+0x168c>
    22ac:	mov    QWORD PTR [rsp+0x60],0x1e
    22b5:	mov    rcx,QWORD PTR [rsp+0x130]
    22bd:	mov    r15,rax
    22c0:	mov    rsi,rcx
    22c3:	mov    rdx,r12
    22c6:	mov    rdi,r15
    22c9:	mov    QWORD PTR [rsp+0x68],rcx
    22ce:	call   22d3 <lume::detail::validate_inputs(lume::ProgramStorage const&, std::span<lume::Buffer const, 18446744073709551615ul>)+0x16b3>
    22d3:	mov    rcx,QWORD PTR [rsp+0x68]
    22d8:	jmp    209e <lume::detail::validate_inputs(lume::ProgramStorage const&, std::span<lume::Buffer const, 18446744073709551615ul>)+0x147e>
    22dd:	nop    DWORD PTR [rax]
    22e0:	mov    rax,QWORD PTR [rsp+0x138]
    22e8:	mov    rdi,r15
    22eb:	mov    rdx,r13
    22ee:	lea    rcx,[rax+0x1]
    22f2:	cmp    ecx,0x8
    22f5:	jae    2599 <lume::detail::validate_inputs(lume::ProgramStorage const&, std::span<lume::Buffer const, 18446744073709551615ul>)+0x1979>
    22fb:	xor    esi,esi
    22fd:	test   cl,0x4
    2300:	je     230b <lume::detail::validate_inputs(lume::ProgramStorage const&, std::span<lume::Buffer const, 18446744073709551615ul>)+0x16eb>
    2302:	mov    esi,DWORD PTR [rdx]
    2304:	mov    DWORD PTR [rdi],esi
    2306:	mov    esi,0x4
    230b:	test   cl,0x2
    230e:	je     231e <lume::detail::validate_inputs(lume::ProgramStorage const&, std::span<lume::Buffer const, 18446744073709551615ul>)+0x16fe>
    2310:	movzx  r8d,WORD PTR [rdx+rsi*1]
    2315:	mov    WORD PTR [rdi+rsi*1],r8w
    231a:	add    rsi,0x2
    231e:	and    ecx,0x1
    2321:	je     1c42 <lume::detail::validate_inputs(lume::ProgramStorage const&, std::span<lume::Buffer const, 18446744073709551615ul>)+0x1022>
    2327:	movzx  edx,BYTE PTR [rdx+rsi*1]
    232b:	mov    BYTE PTR [rdi+rsi*1],dl
    232e:	jmp    1c42 <lume::detail::validate_inputs(lume::ProgramStorage const&, std::span<lume::Buffer const, 18446744073709551615ul>)+0x1022>
    2333:	nop    DWORD PTR [rax+rax*1+0x0]
    2338:	mov    rsi,QWORD PTR [rsp+0x30]
    233d:	mov    eax,esi
    233f:	cmp    sil,0x2
    2343:	jne    3a88 <lume::detail::validate_inputs(lume::ProgramStorage const&, std::span<lume::Buffer const, 18446744073709551615ul>)+0x2e68>
    2349:	mov    rdi,QWORD PTR [rsp+0x28]
    234e:	mov    r12,rsi
    2351:	mov    rax,QWORD PTR [rdi+0x8]
    2355:	sub    rax,QWORD PTR [rdi]
    2358:	sar    rax,0x2
    235c:	jmp    1d1a <lume::detail::validate_inputs(lume::ProgramStorage const&, std::span<lume::Buffer const, 18446744073709551615ul>)+0x10fa>
    2361:	nop    DWORD PTR [rax+0x0]
    2368:	mov    rdi,QWORD PTR [rsp+0x30]
    236d:	mov    eax,edi
    236f:	cmp    dil,0x2
    2373:	jne    3a88 <lume::detail::validate_inputs(lume::ProgramStorage const&, std::span<lume::Buffer const, 18446744073709551615ul>)+0x2e68>
    2379:	mov    rax,QWORD PTR [rsp+0x28]
    237e:	mov    r12,rdi
    2381:	mov    rax,QWORD PTR [rax+0x8]
    2385:	jmp    1d1a <lume::detail::validate_inputs(lume::ProgramStorage const&, std::span<lume::Buffer const, 18446744073709551615ul>)+0x10fa>
    238a:	nop    WORD PTR [rax+rax*1+0x0]
    2390:	mov    r10d,edx
    2393:	xor    esi,esi
    2395:	and    r10d,0xfffffff8
    2399:	mov    r8d,esi
    239c:	add    esi,0x8
    239f:	mov    QWORD PTR [r11+r8*1],r9
    23a3:	cmp    esi,r10d
    23a6:	jb     2399 <lume::detail::validate_inputs(lume::ProgramStorage const&, std::span<lume::Buffer const, 18446744073709551615ul>)+0x1779>
    23a8:	mov    r11,QWORD PTR [rsp+0x18]
    23ad:	add    rsi,r11
    23b0:	jmp    15b8 <lume::detail::validate_inputs(lume::ProgramStorage const&, std::span<lume::Buffer const, 18446744073709551615ul>)+0x998>
    23b5:	cmp    rbx,0x1
    23b9:	jne    36a4 <lume::detail::validate_inputs(lume::ProgramStorage const&, std::span<lume::Buffer const, 18446744073709551615ul>)+0x2a84>
    23bf:	mov    rax,QWORD PTR [rsp+0x90]
    23c7:	mov    BYTE PTR [rsp+0xa0],0x0
    23cf:	mov    ebx,0x1
    23d4:	add    rax,0x1
    23d8:	movdqa xmm0,XMMWORD PTR [rip+0x0]        # 23e0 <lume::detail::validate_inputs(lume::ProgramStorage const&, std::span<lume::Buffer const, 18446744073709551615ul>)+0x17c0>
    23e0:	mov    QWORD PTR [rsp+0x98],rbx
    23e8:	mov    BYTE PTR [rax],0x0
    23eb:	mov    eax,DWORD PTR [rsp+0x98]
    23f2:	movaps XMMWORD PTR [rsp+0x160],xmm0
    23fa:	movdqa xmm0,XMMWORD PTR [rip+0x0]        # 2402 <lume::detail::validate_inputs(lume::ProgramStorage const&, std::span<lume::Buffer const, 18446744073709551615ul>)+0x17e2>
    2402:	mov    rdi,QWORD PTR [rsp+0x90]
    240a:	lea    esi,[rax-0x1]
    240d:	movaps XMMWORD PTR [rsp+0x170],xmm0
    2415:	movdqa xmm0,XMMWORD PTR [rip+0x0]        # 241d <lume::detail::validate_inputs(lume::ProgramStorage const&, std::span<lume::Buffer const, 18446744073709551615ul>)+0x17fd>
    241d:	movaps XMMWORD PTR [rsp+0x180],xmm0
    2425:	movdqa xmm0,XMMWORD PTR [rip+0x0]        # 242d <lume::detail::validate_inputs(lume::ProgramStorage const&, std::span<lume::Buffer const, 18446744073709551615ul>)+0x180d>
    242d:	movaps XMMWORD PTR [rsp+0x190],xmm0
    2435:	movdqa xmm0,XMMWORD PTR [rip+0x0]        # 243d <lume::detail::validate_inputs(lume::ProgramStorage const&, std::span<lume::Buffer const, 18446744073709551615ul>)+0x181d>
    243d:	movaps XMMWORD PTR [rsp+0x1a0],xmm0
    2445:	movdqa xmm0,XMMWORD PTR [rip+0x0]        # 244d <lume::detail::validate_inputs(lume::ProgramStorage const&, std::span<lume::Buffer const, 18446744073709551615ul>)+0x182d>
    244d:	movaps XMMWORD PTR [rsp+0x1b0],xmm0
    2455:	movdqa xmm0,XMMWORD PTR [rip+0x0]        # 245d <lume::detail::validate_inputs(lume::ProgramStorage const&, std::span<lume::Buffer const, 18446744073709551615ul>)+0x183d>
    245d:	movaps XMMWORD PTR [rsp+0x1c0],xmm0
    2465:	movdqa xmm0,XMMWORD PTR [rip+0x0]        # 246d <lume::detail::validate_inputs(lume::ProgramStorage const&, std::span<lume::Buffer const, 18446744073709551615ul>)+0x184d>
    246d:	movaps XMMWORD PTR [rsp+0x1d0],xmm0
    2475:	movdqa xmm0,XMMWORD PTR [rip+0x0]        # 247d <lume::detail::validate_inputs(lume::ProgramStorage const&, std::span<lume::Buffer const, 18446744073709551615ul>)+0x185d>
    247d:	movaps XMMWORD PTR [rsp+0x1e0],xmm0
    2485:	movdqa xmm0,XMMWORD PTR [rip+0x0]        # 248d <lume::detail::validate_inputs(lume::ProgramStorage const&, std::span<lume::Buffer const, 18446744073709551615ul>)+0x186d>
    248d:	movaps XMMWORD PTR [rsp+0x1f0],xmm0
    2495:	movdqa xmm0,XMMWORD PTR [rip+0x0]        # 249d <lume::detail::validate_inputs(lume::ProgramStorage const&, std::span<lume::Buffer const, 18446744073709551615ul>)+0x187d>
    249d:	movaps XMMWORD PTR [rsp+0x200],xmm0
    24a5:	movdqa xmm0,XMMWORD PTR [rip+0x0]        # 24ad <lume::detail::validate_inputs(lume::ProgramStorage const&, std::span<lume::Buffer const, 18446744073709551615ul>)+0x188d>
    24ad:	movaps XMMWORD PTR [rsp+0x210],xmm0
    24b5:	movdqa xmm0,XMMWORD PTR [rip+0x0]        # 24bd <lume::detail::validate_inputs(lume::ProgramStorage const&, std::span<lume::Buffer const, 18446744073709551615ul>)+0x189d>
    24bd:	movups XMMWORD PTR [rsp+0x219],xmm0
    24c5:	cmp    r12,0x63
    24c9:	ja     1082 <lume::detail::validate_inputs(lume::ProgramStorage const&, std::span<lume::Buffer const, 18446744073709551615ul>)+0x462>
    24cf:	jmp    10ee <lume::detail::validate_inputs(lume::ProgramStorage const&, std::span<lume::Buffer const, 18446744073709551615ul>)+0x4ce>
    24d4:	movzx  eax,BYTE PTR [rax+rcx*1]
    24d8:	mov    BYTE PTR [rsi+rcx*1],al
    24db:	jmp    21a1 <lume::detail::validate_inputs(lume::ProgramStorage const&, std::span<lume::Buffer const, 18446744073709551615ul>)+0x1581>
    24e0:	movzx  edi,WORD PTR [rax+rcx*1]
    24e4:	mov    WORD PTR [rsi+rcx*1],di
    24e8:	add    rcx,0x2
    24ec:	and    edx,0x1
    24ef:	je     21a1 <lume::detail::validate_inputs(lume::ProgramStorage const&, std::span<lume::Buffer const, 18446744073709551615ul>)+0x1581>
    24f5:	jmp    24d4 <lume::detail::validate_inputs(lume::ProgramStorage const&, std::span<lume::Buffer const, 18446744073709551615ul>)+0x18b4>
    24f7:	mov    ecx,DWORD PTR [rax]
    24f9:	mov    DWORD PTR [rsi],ecx
    24fb:	mov    ecx,0x4
    2500:	test   dl,0x2
    2503:	je     2198 <lume::detail::validate_inputs(lume::ProgramStorage const&, std::span<lume::Buffer const, 18446744073709551615ul>)+0x1578>
    2509:	jmp    24e0 <lume::detail::validate_inputs(lume::ProgramStorage const&, std::span<lume::Buffer const, 18446744073709551615ul>)+0x18c0>
    250b:	movzx  r8d,WORD PTR [rdx+rsi*1]
    2510:	mov    WORD PTR [rdi+rsi*1],r8w
    2515:	add    rsi,0x2
    2519:	and    ecx,0x1
    251c:	je     1b4c <lume::detail::validate_inputs(lume::ProgramStorage const&, std::span<lume::Buffer const, 18446744073709551615ul>)+0xf2c>
    2522:	jmp    2288 <lume::detail::validate_inputs(lume::ProgramStorage const&, std::span<lume::Buffer const, 18446744073709551615ul>)+0x1668>
    2527:	mov    esi,DWORD PTR [rdx]
    2529:	mov    DWORD PTR [rdi],esi
    252b:	mov    esi,0x4
    2530:	test   cl,0x2
    2533:	je     227f <lume::detail::validate_inputs(lume::ProgramStorage const&, std::span<lume::Buffer const, 18446744073709551615ul>)+0x165f>
    2539:	jmp    250b <lume::detail::validate_inputs(lume::ProgramStorage const&, std::span<lume::Buffer const, 18446744073709551615ul>)+0x18eb>
    253b:	mov    edi,edx
    253d:	xor    eax,eax
    253f:	and    edi,0xfffffff8
    2542:	mov    ecx,eax
    2544:	add    eax,0x8
    2547:	mov    rsi,QWORD PTR [r8+rcx*1]
    254b:	mov    QWORD PTR [r9+rcx*1],rsi
    254f:	cmp    eax,edi
    2551:	jb     2542 <lume::detail::validate_inputs(lume::ProgramStorage const&, std::span<lume::Buffer const, 18446744073709551615ul>)+0x1922>
    2553:	mov    rsi,QWORD PTR [rsp+0x10]
    2558:	mov    rdi,QWORD PTR [rsp+0x8]
    255d:	add    rsi,rax
    2560:	add    rax,rdi
    2563:	jmp    2184 <lume::detail::validate_inputs(lume::ProgramStorage const&, std::span<lume::Buffer const, 18446744073709551615ul>)+0x1564>
    2568:	mov    r8d,ecx
    256b:	xor    edx,edx
    256d:	and    r8d,0xfffffff8
    2571:	mov    esi,edx
    2573:	add    edx,0x8
    2576:	mov    rdi,QWORD PTR [r9+rsi*1]
    257a:	mov    QWORD PTR [r10+rsi*1],rdi
    257e:	cmp    edx,r8d
    2581:	jb     2571 <lume::detail::validate_inputs(lume::ProgramStorage const&, std::span<lume::Buffer const, 18446744073709551615ul>)+0x1951>
    2583:	mov    rsi,QWORD PTR [rsp+0x20]
    2588:	lea    rdi,[rsi+rdx*1]
    258c:	mov    rsi,QWORD PTR [rsp+0x10]
    2591:	add    rdx,rsi
    2594:	jmp    226b <lume::detail::validate_inputs(lume::ProgramStorage const&, std::span<lume::Buffer const, 18446744073709551615ul>)+0x164b>
    2599:	mov    r8d,ecx
    259c:	xor    edx,edx
    259e:	and    r8d,0xfffffff8
    25a2:	mov    esi,edx
    25a4:	add    edx,0x8
    25a7:	mov    rdi,QWORD PTR [r13+rsi*1+0x0]
    25ac:	mov    QWORD PTR [r15+rsi*1],rdi
    25b0:	cmp    edx,r8d
    25b3:	jb     25a2 <lume::detail::validate_inputs(lume::ProgramStorage const&, std::span<lume::Buffer const, 18446744073709551615ul>)+0x1982>
    25b5:	lea    rdi,[r15+rdx*1]
    25b9:	add    rdx,r13
    25bc:	jmp    22fb <lume::detail::validate_inputs(lume::ProgramStorage const&, std::span<lume::Buffer const, 18446744073709551615ul>)+0x16db>
    25c1:	test   r14,r14
    25c4:	jns    4390 <lume::detail::validate_inputs(lume::ProgramStorage const&, std::span<lume::Buffer const, 18446744073709551615ul>)+0x3770>
    25ca:	mov    rax,QWORD PTR [rsp+0x238]
    25d2:	sub    rax,QWORD PTR fs:0x28
    25db:	jne    4870 <lume::detail::validate_inputs(lume::ProgramStorage const&, std::span<lume::Buffer const, 18446744073709551615ul>)+0x3c50>
    25e1:	lea    rax,[rsp+0xb0]
    25e9:	mov    QWORD PTR [rsp+0x60],rax
    25ee:	call   25f3 <lume::detail::validate_inputs(lume::ProgramStorage const&, std::span<lume::Buffer const, 18446744073709551615ul>)+0x19d3>
    25f3:	test   r14,r14
    25f6:	jns    437e <lume::detail::validate_inputs(lume::ProgramStorage const&, std::span<lume::Buffer const, 18446744073709551615ul>)+0x375e>
    25fc:	mov    rax,QWORD PTR [rsp+0x238]
    2604:	sub    rax,QWORD PTR fs:0x28
    260d:	jne    4870 <lume::detail::validate_inputs(lume::ProgramStorage const&, std::span<lume::Buffer const, 18446744073709551615ul>)+0x3c50>
    2613:	call   2618 <lume::detail::validate_inputs(lume::ProgramStorage const&, std::span<lume::Buffer const, 18446744073709551615ul>)+0x19f8>
    2618:	movzx  eax,BYTE PTR [rcx]
    261b:	mov    BYTE PTR [r15+0x6],al
    261f:	jmp    1f62 <lume::detail::validate_inputs(lume::ProgramStorage const&, std::span<lume::Buffer const, 18446744073709551615ul>)+0x1342>
    2624:	test   rax,rax
    2627:	jns    4387 <lume::detail::validate_inputs(lume::ProgramStorage const&, std::span<lume::Buffer const, 18446744073709551615ul>)+0x3767>
    262d:	mov    rax,QWORD PTR [rsp+0x238]
    2635:	sub    rax,QWORD PTR fs:0x28
    263e:	jne    4870 <lume::detail::validate_inputs(lume::ProgramStorage const&, std::span<lume::Buffer const, 18446744073709551615ul>)+0x3c50>
    2644:	call   2649 <lume::detail::validate_inputs(lume::ProgramStorage const&, std::span<lume::Buffer const, 18446744073709551615ul>)+0x1a29>
    2649:	nop    DWORD PTR [rax+0x0]
    2650:	movzx  eax,BYTE PTR [r15]
    2654:	mov    BYTE PTR [r15+0x6],al
    2658:	jmp    1a12 <lume::detail::validate_inputs(lume::ProgramStorage const&, std::span<lume::Buffer const, 18446744073709551615ul>)+0xdf2>
    265d:	nop    DWORD PTR [rax]
    2660:	lea    rdi,[rbx+0x1]
    2664:	call   2669 <lume::detail::validate_inputs(lume::ProgramStorage const&, std::span<lume::Buffer const, 18446744073709551615ul>)+0x1a49>
    2669:	mov    QWORD PTR [rsp+0x100],rbx
    2671:	mov    QWORD PTR [rsp+0xf0],rax
    2679:	mov    rdi,rax
    267c:	mov    rdx,rbx
    267f:	xor    esi,esi
    2681:	call   2686 <lume::detail::validate_inputs(lume::ProgramStorage const&, std::span<lume::Buffer const, 18446744073709551615ul>)+0x1a66>
    2686:	mov    rax,QWORD PTR [rsp+0xf0]
    268e:	add    rax,rbx
    2691:	movdqa xmm0,XMMWORD PTR [rip+0x0]        # 2699 <lume::detail::validate_inputs(lume::ProgramStorage const&, std::span<lume::Buffer const, 18446744073709551615ul>)+0x1a79>
    2699:	mov    QWORD PTR [rsp+0xf8],rbx
    26a1:	mov    BYTE PTR [rax],0x0
    26a4:	mov    eax,DWORD PTR [rsp+0xf8]
    26ab:	movaps XMMWORD PTR [rsp+0x160],xmm0
    26b3:	movdqa xmm0,XMMWORD PTR [rip+0x0]        # 26bb <lume::detail::validate_inputs(lume::ProgramStorage const&, std::span<lume::Buffer const, 18446744073709551615ul>)+0x1a9b>
    26bb:	mov    rdi,QWORD PTR [rsp+0xf0]
    26c3:	lea    ecx,[rax-0x1]
    26c6:	movaps XMMWORD PTR [rsp+0x170],xmm0
    26ce:	movdqa xmm0,XMMWORD PTR [rip+0x0]        # 26d6 <lume::detail::validate_inputs(lume::ProgramStorage const&, std::span<lume::Buffer const, 18446744073709551615ul>)+0x1ab6>
    26d6:	movaps XMMWORD PTR [rsp+0x180],xmm0
    26de:	movdqa xmm0,XMMWORD PTR [rip+0x0]        # 26e6 <lume::detail::validate_inputs(lume::ProgramStorage const&, std::span<lume::Buffer const, 18446744073709551615ul>)+0x1ac6>
    26e6:	movaps XMMWORD PTR [rsp+0x190],xmm0
    26ee:	movdqa xmm0,XMMWORD PTR [rip+0x0]        # 26f6 <lume::detail::validate_inputs(lume::ProgramStorage const&, std::span<lume::Buffer const, 18446744073709551615ul>)+0x1ad6>
    26f6:	movaps XMMWORD PTR [rsp+0x1a0],xmm0
    26fe:	movdqa xmm0,XMMWORD PTR [rip+0x0]        # 2706 <lume::detail::validate_inputs(lume::ProgramStorage const&, std::span<lume::Buffer const, 18446744073709551615ul>)+0x1ae6>
    2706:	movaps XMMWORD PTR [rsp+0x1b0],xmm0
    270e:	movdqa xmm0,XMMWORD PTR [rip+0x0]        # 2716 <lume::detail::validate_inputs(lume::ProgramStorage const&, std::span<lume::Buffer const, 18446744073709551615ul>)+0x1af6>
    2716:	movaps XMMWORD PTR [rsp+0x1c0],xmm0
    271e:	movdqa xmm0,XMMWORD PTR [rip+0x0]        # 2726 <lume::detail::validate_inputs(lume::ProgramStorage const&, std::span<lume::Buffer const, 18446744073709551615ul>)+0x1b06>
    2726:	movaps XMMWORD PTR [rsp+0x1d0],xmm0
    272e:	movdqa xmm0,XMMWORD PTR [rip+0x0]        # 2736 <lume::detail::validate_inputs(lume::ProgramStorage const&, std::span<lume::Buffer const, 18446744073709551615ul>)+0x1b16>
    2736:	movaps XMMWORD PTR [rsp+0x1e0],xmm0
    273e:	movdqa xmm0,XMMWORD PTR [rip+0x0]        # 2746 <lume::detail::validate_inputs(lume::ProgramStorage const&, std::span<lume::Buffer const, 18446744073709551615ul>)+0x1b26>
    2746:	movaps XMMWORD PTR [rsp+0x1f0],xmm0
    274e:	movdqa xmm0,XMMWORD PTR [rip+0x0]        # 2756 <lume::detail::validate_inputs(lume::ProgramStorage const&, std::span<lume::Buffer const, 18446744073709551615ul>)+0x1b36>
    2756:	movaps XMMWORD PTR [rsp+0x200],xmm0
    275e:	movdqa xmm0,XMMWORD PTR [rip+0x0]        # 2766 <lume::detail::validate_inputs(lume::ProgramStorage const&, std::span<lume::Buffer const, 18446744073709551615ul>)+0x1b46>
    2766:	movaps XMMWORD PTR [rsp+0x210],xmm0
    276e:	movdqa xmm0,XMMWORD PTR [rip+0x0]        # 2776 <lume::detail::validate_inputs(lume::ProgramStorage const&, std::span<lume::Buffer const, 18446744073709551615ul>)+0x1b56>
    2776:	movups XMMWORD PTR [rsp+0x219],xmm0
    277e:	cmp    r14,0x63
    2782:	ja     e57 <lume::detail::validate_inputs(lume::ProgramStorage const&, std::span<lume::Buffer const, 18446744073709551615ul>)+0x237>
    2788:	jmp    ec6 <lume::detail::validate_inputs(lume::ProgramStorage const&, std::span<lume::Buffer const, 18446744073709551615ul>)+0x2a6>
    278d:	lea    rdi,[rbx+0x1]
    2791:	call   2796 <lume::detail::validate_inputs(lume::ProgramStorage const&, std::span<lume::Buffer const, 18446744073709551615ul>)+0x1b76>
    2796:	mov    QWORD PTR [rsp+0x90],rax
    279e:	mov    rdi,rax
    27a1:	mov    QWORD PTR [rsp+0xa0],rbx
    27a9:	mov    rdx,rbx
    27ac:	xor    esi,esi
    27ae:	call   27b3 <lume::detail::validate_inputs(lume::ProgramStorage const&, std::span<lume::Buffer const, 18446744073709551615ul>)+0x1b93>
    27b3:	mov    rax,QWORD PTR [rsp+0x90]
    27bb:	add    rax,rbx
    27be:	jmp    23d8 <lume::detail::validate_inputs(lume::ProgramStorage const&, std::span<lume::Buffer const, 18446744073709551615ul>)+0x17b8>
    27c3:	cmp    r12,0x1
    27c7:	jne    21f9 <lume::detail::validate_inputs(lume::ProgramStorage const&, std::span<lume::Buffer const, 18446744073709551615ul>)+0x15d9>
    27cd:	movzx  eax,BYTE PTR [rcx]
    27d0:	mov    r13d,0x4
    27d6:	mov    BYTE PTR [r15],al
    27d9:	jmp    1fdc <lume::detail::validate_inputs(lume::ProgramStorage const&, std::span<lume::Buffer const, 18446744073709551615ul>)+0x13bc>
    27de:	cmp    r12,0x1
    27e2:	jne    22c0 <lume::detail::validate_inputs(lume::ProgramStorage const&, std::span<lume::Buffer const, 18446744073709551615ul>)+0x16a0>
    27e8:	movzx  eax,BYTE PTR [rcx]
    27eb:	mov    BYTE PTR [r15],al
    27ee:	jmp    209e <lume::detail::validate_inputs(lume::ProgramStorage const&, std::span<lume::Buffer const, 18446744073709551615ul>)+0x147e>
    27f3:	test   rbp,rbp
    27f6:	js     46fb <lume::detail::validate_inputs(lume::ProgramStorage const&, std::span<lume::Buffer const, 18446744073709551615ul>)+0x3adb>
    27fc:	add    r12,r12
    27ff:	cmp    rbp,r12
    2802:	jb     2d48 <lume::detail::validate_inputs(lume::ProgramStorage const&, std::span<lume::Buffer const, 18446744073709551615ul>)+0x2128>
    2808:	mov    rdi,rbx
    280b:	mov    r12,rbp
    280e:	add    rdi,0xd
    2812:	js     2d56 <lume::detail::validate_inputs(lume::ProgramStorage const&, std::span<lume::Buffer const, 18446744073709551615ul>)+0x2136>
    2818:	lea    rax,[rsp+0x90]
    2820:	mov    QWORD PTR [rsp],rax
    2824:	call   2829 <lume::detail::validate_inputs(lume::ProgramStorage const&, std::span<lume::Buffer const, 18446744073709551615ul>)+0x1c09>
    2829:	mov    r14,rax
    282c:	mov    r15,QWORD PTR [rsp+0x90]
    2834:	movabs rax,0x206d6172676f7270
    283e:	mov    QWORD PTR [r14],rax
    2841:	mov    DWORD PTR [r14+0x8],0x20736168
    2849:	test   rbx,rbx
    284c:	je     2867 <lume::detail::validate_inputs(lume::ProgramStorage const&, std::span<lume::Buffer const, 18446744073709551615ul>)+0x1c47>
    284e:	cmp    rbx,0x1
    2852:	je     2d11 <lume::detail::validate_inputs(lume::ProgramStorage const&, std::span<lume::Buffer const, 18446744073709551615ul>)+0x20f1>
    2858:	lea    rdi,[r14+0xc]
    285c:	mov    rdx,rbx
    285f:	mov    rsi,r15
    2862:	call   2867 <lume::detail::validate_inputs(lume::ProgramStorage const&, std::span<lume::Buffer const, 18446744073709551615ul>)+0x1c47>
    2867:	cmp    r15,r13
    286a:	je     2880 <lume::detail::validate_inputs(lume::ProgramStorage const&, std::span<lume::Buffer const, 18446744073709551615ul>)+0x1c60>
    286c:	mov    rax,QWORD PTR [rsp+0xa0]
    2874:	mov    rdi,r15
    2877:	lea    rsi,[rax+0x1]
    287b:	call   2880 <lume::detail::validate_inputs(lume::ProgramStorage const&, std::span<lume::Buffer const, 18446744073709551615ul>)+0x1c60>
    2880:	mov    QWORD PTR [rsp+0x90],r14
    2888:	mov    QWORD PTR [rsp+0xa0],r12
    2890:	jmp    11ac <lume::detail::validate_inputs(lume::ProgramStorage const&, std::span<lume::Buffer const, 18446744073709551615ul>)+0x58c>
    2895:	test   rbp,rbp
    2898:	js     4636 <lume::detail::validate_inputs(lume::ProgramStorage const&, std::span<lume::Buffer const, 18446744073709551615ul>)+0x3a16>
    289e:	add    r12,r12
    28a1:	cmp    rbp,r12
    28a4:	jb     2d1e <lume::detail::validate_inputs(lume::ProgramStorage const&, std::span<lume::Buffer const, 18446744073709551615ul>)+0x20fe>
    28aa:	mov    rdi,rbx
    28ad:	mov    r12,rbp
    28b0:	add    rdi,0xe
    28b4:	js     2d2c <lume::detail::validate_inputs(lume::ProgramStorage const&, std::span<lume::Buffer const, 18446744073709551615ul>)+0x210c>
    28ba:	call   28bf <lume::detail::validate_inputs(lume::ProgramStorage const&, std::span<lume::Buffer const, 18446744073709551615ul>)+0x1c9f>
    28bf:	mov    r15,QWORD PTR [rsp+0xb0]
    28c7:	mov    r14,rax
    28ca:	test   rbx,rbx
    28cd:	jne    3084 <lume::detail::validate_inputs(lume::ProgramStorage const&, std::span<lume::Buffer const, 18446744073709551615ul>)+0x2464>
    28d3:	mov    ebp,0xd
    28d8:	movabs rax,0x2c737475706e6920
    28e2:	add    rbx,r14
    28e5:	mov    QWORD PTR [rbx],rax
    28e8:	movabs rax,0x20746f67202c7374
    28f2:	mov    QWORD PTR [rbx+0x5],rax
    28f6:	mov    rax,QWORD PTR [rsp+0x8]
    28fb:	cmp    r15,rax
    28fe:	je     2914 <lume::detail::validate_inputs(lume::ProgramStorage const&, std::span<lume::Buffer const, 18446744073709551615ul>)+0x1cf4>
    2900:	mov    rax,QWORD PTR [rsp+0xc0]
    2908:	mov    rdi,r15
    290b:	lea    rsi,[rax+0x1]
    290f:	call   2914 <lume::detail::validate_inputs(lume::ProgramStorage const&, std::span<lume::Buffer const, 18446744073709551615ul>)+0x1cf4>
    2914:	mov    QWORD PTR [rsp+0xb0],r14
    291c:	mov    QWORD PTR [rsp+0xc0],r12
    2924:	jmp    127c <lume::detail::validate_inputs(lume::ProgramStorage const&, std::span<lume::Buffer const, 18446744073709551615ul>)+0x65c>
    2929:	test   rbp,rbp
    292c:	js     472a <lume::detail::validate_inputs(lume::ProgramStorage const&, std::span<lume::Buffer const, 18446744073709551615ul>)+0x3b0a>
    2932:	add    r12,r12
    2935:	cmp    rbp,r12
    2938:	jb     2d7e <lume::detail::validate_inputs(lume::ProgramStorage const&, std::span<lume::Buffer const, 18446744073709551615ul>)+0x215e>
    293e:	mov    rdi,rbx
    2941:	mov    r12,rbp
    2944:	add    rdi,0x9
    2948:	js     2d8c <lume::detail::validate_inputs(lume::ProgramStorage const&, std::span<lume::Buffer const, 18446744073709551615ul>)+0x216c>
    294e:	call   2953 <lume::detail::validate_inputs(lume::ProgramStorage const&, std::span<lume::Buffer const, 18446744073709551615ul>)+0x1d33>
    2953:	mov    r15,QWORD PTR [rsp+0x110]
    295b:	mov    r14,rax
    295e:	test   rbx,rbx
    2961:	jne    309f <lume::detail::validate_inputs(lume::ProgramStorage const&, std::span<lume::Buffer const, 18446744073709551615ul>)+0x247f>
    2967:	movabs rax,0x7372656666756220
    2971:	mov    QWORD PTR [r14+rbx*1],rax
    2975:	mov    rax,QWORD PTR [rsp+0x18]
    297a:	cmp    r15,rax
    297d:	je     2993 <lume::detail::validate_inputs(lume::ProgramStorage const&, std::span<lume::Buffer const, 18446744073709551615ul>)+0x1d73>
    297f:	mov    rax,QWORD PTR [rsp+0x120]
    2987:	mov    rdi,r15
    298a:	lea    rsi,[rax+0x1]
    298e:	call   2993 <lume::detail::validate_inputs(lume::ProgramStorage const&, std::span<lume::Buffer const, 18446744073709551615ul>)+0x1d73>
    2993:	mov    QWORD PTR [rsp+0x110],r14
    299b:	mov    QWORD PTR [rsp+0x120],r12
    29a3:	jmp    1392 <lume::detail::validate_inputs(lume::ProgramStorage const&, std::span<lume::Buffer const, 18446744073709551615ul>)+0x772>
    29a8:	lea    esi,[rax+0x5]
    29ab:	jmp    d42 <lume::detail::validate_inputs(lume::ProgramStorage const&, std::span<lume::Buffer const, 18446744073709551615ul>)+0x122>
    29b0:	xor    r12d,r12d
    29b3:	test   rcx,rcx
    29b6:	jne    c9d <lume::detail::validate_inputs(lume::ProgramStorage const&, std::span<lume::Buffer const, 18446744073709551615ul>)+0x7d>
    29bc:	jmp    1d68 <lume::detail::validate_inputs(lume::ProgramStorage const&, std::span<lume::Buffer const, 18446744073709551615ul>)+0x1148>
    29c1:	lea    esi,[rax+0x6]
    29c4:	jmp    d42 <lume::detail::validate_inputs(lume::ProgramStorage const&, std::span<lume::Buffer const, 18446744073709551615ul>)+0x122>
    29c9:	lea    esi,[rax+0x5]
    29cc:	jmp    f72 <lume::detail::validate_inputs(lume::ProgramStorage const&, std::span<lume::Buffer const, 18446744073709551615ul>)+0x352>
    29d1:	lea    esi,[rax+0x7]
    29d4:	jmp    d42 <lume::detail::validate_inputs(lume::ProgramStorage const&, std::span<lume::Buffer const, 18446744073709551615ul>)+0x122>
    29d9:	lea    esi,[rax+0x6]
    29dc:	jmp    f72 <lume::detail::validate_inputs(lume::ProgramStorage const&, std::span<lume::Buffer const, 18446744073709551615ul>)+0x352>
    29e1:	lea    esi,[rax+0x7]
    29e4:	jmp    f72 <lume::detail::validate_inputs(lume::ProgramStorage const&, std::span<lume::Buffer const, 18446744073709551615ul>)+0x352>
    29e9:	mov    edi,0x1f
    29ee:	mov    r12d,0x1e
    29f4:	cmp    rbp,0xf
    29f8:	jbe    1158 <lume::detail::validate_inputs(lume::ProgramStorage const&, std::span<lume::Buffer const, 18446744073709551615ul>)+0x538>
    29fe:	jmp    2818 <lume::detail::validate_inputs(lume::ProgramStorage const&, std::span<lume::Buffer const, 18446744073709551615ul>)+0x1bf8>
    2a03:	mov    rbx,QWORD PTR [rsp+0x98]
    2a0b:	mov    r8,QWORD PTR [rsp+0x8]
    2a10:	mov    rax,r13
    2a13:	lea    rdx,[rbx+0x1]
    2a17:	mov    rsi,r8
    2a1a:	cmp    edx,0x8
    2a1d:	jae    2cb7 <lume::detail::validate_inputs(lume::ProgramStorage const&, std::span<lume::Buffer const, 18446744073709551615ul>)+0x2097>
    2a23:	xor    ecx,ecx
    2a25:	test   dl,0x4
    2a28:	jne    2c88 <lume::detail::validate_inputs(lume::ProgramStorage const&, std::span<lume::Buffer const, 18446744073709551615ul>)+0x2068>
    2a2e:	test   dl,0x2
    2a31:	jne    2c77 <lume::detail::validate_inputs(lume::ProgramStorage const&, std::span<lume::Buffer const, 18446744073709551615ul>)+0x2057>
    2a37:	and    edx,0x1
    2a3a:	jne    2c6b <lume::detail::validate_inputs(lume::ProgramStorage const&, std::span<lume::Buffer const, 18446744073709551615ul>)+0x204b>
    2a40:	mov    QWORD PTR [rsp+0xb8],rbx
    2a48:	mov    rax,QWORD PTR [rsp+0x8]
    2a4d:	lea    rbp,[rbx+0xd]
    2a51:	mov    QWORD PTR [rsp+0x90],r13
    2a59:	mov    QWORD PTR [rsp+0x98],0x0
    2a65:	mov    BYTE PTR [rsp+0xa0],0x0
    2a6d:	cmp    rbp,0xf
    2a71:	jbe    1256 <lume::detail::validate_inputs(lume::ProgramStorage const&, std::span<lume::Buffer const, 18446744073709551615ul>)+0x636>
    2a77:	mov    edi,0x1f
    2a7c:	call   2a81 <lume::detail::validate_inputs(lume::ProgramStorage const&, std::span<lume::Buffer const, 18446744073709551615ul>)+0x1e61>
    2a81:	mov    r15,QWORD PTR [rsp+0xb0]
    2a89:	mov    r14,rax
    2a8c:	mov    r12d,0x1e
    2a92:	mov    rdx,rbx
    2a95:	mov    rsi,r15
    2a98:	mov    rdi,r14
    2a9b:	call   2aa0 <lume::detail::validate_inputs(lume::ProgramStorage const&, std::span<lume::Buffer const, 18446744073709551615ul>)+0x1e80>
    2aa0:	jmp    28d8 <lume::detail::validate_inputs(lume::ProgramStorage const&, std::span<lume::Buffer const, 18446744073709551615ul>)+0x1cb8>
    2aa5:	cmp    rbp,0xf
    2aa9:	jbe    137c <lume::detail::validate_inputs(lume::ProgramStorage const&, std::span<lume::Buffer const, 18446744073709551615ul>)+0x75c>
    2aaf:	mov    edi,0x1f
    2ab4:	call   2ab9 <lume::detail::validate_inputs(lume::ProgramStorage const&, std::span<lume::Buffer const, 18446744073709551615ul>)+0x1e99>
    2ab9:	mov    r15,QWORD PTR [rsp+0x110]
    2ac1:	mov    r14,rax
    2ac4:	mov    r12d,0x1e
    2aca:	mov    rdx,rbx
    2acd:	mov    rsi,r15
    2ad0:	mov    rdi,r14
    2ad3:	call   2ad8 <lume::detail::validate_inputs(lume::ProgramStorage const&, std::span<lume::Buffer const, 18446744073709551615ul>)+0x1eb8>
    2ad8:	jmp    2967 <lume::detail::validate_inputs(lume::ProgramStorage const&, std::span<lume::Buffer const, 18446744073709551615ul>)+0x1d47>
    2add:	mov    rax,QWORD PTR [rsp+0xb8]
    2ae5:	mov    r10,QWORD PTR [rsp+0x10]
    2aea:	mov    r9,rbx
    2aed:	mov    rdx,rbx
    2af0:	lea    rcx,[rax+0x1]
    2af4:	mov    rdi,r10
    2af7:	cmp    ecx,0x8
    2afa:	jae    2ce0 <lume::detail::validate_inputs(lume::ProgramStorage const&, std::span<lume::Buffer const, 18446744073709551615ul>)+0x20c0>
    2b00:	xor    esi,esi
    2b02:	test   cl,0x4
    2b05:	jne    2ca9 <lume::detail::validate_inputs(lume::ProgramStorage const&, std::span<lume::Buffer const, 18446744073709551615ul>)+0x2089>
    2b0b:	test   cl,0x2
    2b0e:	jne    2c96 <lume::detail::validate_inputs(lume::ProgramStorage const&, std::span<lume::Buffer const, 18446744073709551615ul>)+0x2076>
    2b14:	and    ecx,0x1
    2b17:	je     12d4 <lume::detail::validate_inputs(lume::ProgramStorage const&, std::span<lume::Buffer const, 18446744073709551615ul>)+0x6b4>
    2b1d:	movzx  edx,BYTE PTR [rdx+rsi*1]
    2b21:	mov    BYTE PTR [rdi+rsi*1],dl
    2b24:	jmp    12d4 <lume::detail::validate_inputs(lume::ProgramStorage const&, std::span<lume::Buffer const, 18446744073709551615ul>)+0x6b4>
    2b29:	mov    rcx,QWORD PTR [rsp+0x118]
    2b31:	lea    rdx,[rsp+0x148]
    2b39:	lea    rsi,[rcx+0x1]
    2b3d:	mov    edi,esi
    2b3f:	cmp    esi,0x8
    2b42:	jae    2be5 <lume::detail::validate_inputs(lume::ProgramStorage const&, std::span<lume::Buffer const, 18446744073709551615ul>)+0x1fc5>
    2b48:	test   sil,0x4
    2b4c:	jne    4404 <lume::detail::validate_inputs(lume::ProgramStorage const&, std::span<lume::Buffer const, 18446744073709551615ul>)+0x37e4>
    2b52:	test   edi,edi
    2b54:	je     2b6a <lume::detail::validate_inputs(lume::ProgramStorage const&, std::span<lume::Buffer const, 18446744073709551615ul>)+0x1f4a>
    2b56:	movzx  eax,BYTE PTR [rbx]
    2b59:	mov    BYTE PTR [rsp+0x148],al
    2b60:	test   dil,0x2
    2b64:	jne    44cd <lume::detail::validate_inputs(lume::ProgramStorage const&, std::span<lume::Buffer const, 18446744073709551615ul>)+0x38ad>
    2b6a:	mov    rbx,QWORD PTR [rsp+0x38]
    2b6f:	movzx  eax,BYTE PTR [rsp+0x130]
    2b77:	lea    rdi,[rbx+0x18]
    2b7b:	mov    BYTE PTR [rbx],al
    2b7d:	mov    QWORD PTR [rbx+0x8],rdi
    2b81:	jmp    2b97 <lume::detail::validate_inputs(lume::ProgramStorage const&, std::span<lume::Buffer const, 18446744073709551615ul>)+0x1f77>
    2b83:	mov    rdi,rax
    2b86:	jmp    1d9d <lume::detail::validate_inputs(lume::ProgramStorage const&, std::span<lume::Buffer const, 18446744073709551615ul>)+0x117d>
    2b8b:	lea    rdi,[rbx+0x18]
    2b8f:	lea    rsi,[rcx+0x1]
    2b93:	mov    QWORD PTR [rbx+0x8],rdi
    2b97:	mov    eax,esi
    2b99:	cmp    esi,0x8
    2b9c:	jae    2c1c <lume::detail::validate_inputs(lume::ProgramStorage const&, std::span<lume::Buffer const, 18446744073709551615ul>)+0x1ffc>
    2b9e:	and    esi,0x4
    2ba1:	jne    43ee <lume::detail::validate_inputs(lume::ProgramStorage const&, std::span<lume::Buffer const, 18446744073709551615ul>)+0x37ce>
    2ba7:	test   eax,eax
    2ba9:	je     1425 <lume::detail::validate_inputs(lume::ProgramStorage const&, std::span<lume::Buffer const, 18446744073709551615ul>)+0x805>
    2baf:	movzx  esi,BYTE PTR [rsp+0x148]
    2bb7:	mov    BYTE PTR [rdi],sil
    2bba:	test   al,0x2
    2bbc:	je     1425 <lume::detail::validate_inputs(lume::ProgramStorage const&, std::span<lume::Buffer const, 18446744073709551615ul>)+0x805>
    2bc2:	movzx  edx,WORD PTR [rdx+rax*1-0x2]
    2bc7:	mov    WORD PTR [rdi+rax*1-0x2],dx
    2bcc:	jmp    1425 <lume::detail::validate_inputs(lume::ProgramStorage const&, std::span<lume::Buffer const, 18446744073709551615ul>)+0x805>
    2bd1:	nop    DWORD PTR [rax+0x0]
    2bd8:	movzx  eax,BYTE PTR [r14]
    2bdc:	mov    BYTE PTR [r14+0xc],al
    2be0:	jmp    118f <lume::detail::validate_inputs(lume::ProgramStorage const&, std::span<lume::Buffer const, 18446744073709551615ul>)+0x56f>
    2be5:	mov    edi,esi
    2be7:	mov    r8,QWORD PTR [rbx+rdi*1-0x8]
    2bec:	mov    QWORD PTR [rdx+rdi*1-0x8],r8
    2bf1:	lea    edi,[rsi-0x1]
    2bf4:	cmp    edi,0x8
    2bf7:	jb     2b6a <lume::detail::validate_inputs(lume::ProgramStorage const&, std::span<lume::Buffer const, 18446744073709551615ul>)+0x1f4a>
    2bfd:	and    edi,0xfffffff8
    2c00:	xor    r8d,r8d
    2c03:	mov    r9d,r8d
    2c06:	add    r8d,0x8
    2c0a:	mov    r10,QWORD PTR [rax+r9*1]
    2c0e:	mov    QWORD PTR [rdx+r9*1],r10
    2c12:	cmp    r8d,edi
    2c15:	jb     2c03 <lume::detail::validate_inputs(lume::ProgramStorage const&, std::span<lume::Buffer const, 18446744073709551615ul>)+0x1fe3>
    2c17:	jmp    2b6a <lume::detail::validate_inputs(lume::ProgramStorage const&, std::span<lume::Buffer const, 18446744073709551615ul>)+0x1f4a>
    2c1c:	mov    rax,QWORD PTR [rsp+0x148]
    2c24:	mov    QWORD PTR [rdi],rax
    2c27:	mov    eax,esi
    2c29:	mov    r8,QWORD PTR [rdx+rax*1-0x8]
    2c2e:	mov    QWORD PTR [rdi+rax*1-0x8],r8
    2c33:	lea    r8,[rdi+0x8]
    2c37:	and    r8,0xfffffffffffffff8
    2c3b:	sub    rdi,r8
    2c3e:	lea    eax,[rsi+rdi*1]
    2c41:	sub    rdx,rdi
    2c44:	and    eax,0xfffffff8
    2c47:	cmp    eax,0x8
    2c4a:	jb     1425 <lume::detail::validate_inputs(lume::ProgramStorage const&, std::span<lume::Buffer const, 18446744073709551615ul>)+0x805>
    2c50:	and    eax,0xfffffff8
    2c53:	xor    esi,esi
    2c55:	mov    edi,esi
    2c57:	add    esi,0x8
    2c5a:	mov    r9,QWORD PTR [rdx+rdi*1]
    2c5e:	mov    QWORD PTR [r8+rdi*1],r9
    2c62:	cmp    esi,eax
    2c64:	jb     2c55 <lume::detail::validate_inputs(lume::ProgramStorage const&, std::span<lume::Buffer const, 18446744073709551615ul>)+0x2035>
    2c66:	jmp    1425 <lume::detail::validate_inputs(lume::ProgramStorage const&, std::span<lume::Buffer const, 18446744073709551615ul>)+0x805>
    2c6b:	movzx  eax,BYTE PTR [rax+rcx*1]
    2c6f:	mov    BYTE PTR [rsi+rcx*1],al
    2c72:	jmp    2a40 <lume::detail::validate_inputs(lume::ProgramStorage const&, std::span<lume::Buffer const, 18446744073709551615ul>)+0x1e20>
    2c77:	movzx  edi,WORD PTR [rax+rcx*1]
    2c7b:	mov    WORD PTR [rsi+rcx*1],di
    2c7f:	add    rcx,0x2
    2c83:	jmp    2a37 <lume::detail::validate_inputs(lume::ProgramStorage const&, std::span<lume::Buffer const, 18446744073709551615ul>)+0x1e17>
    2c88:	mov    ecx,DWORD PTR [rax]
    2c8a:	mov    DWORD PTR [rsi],ecx
    2c8c:	mov    ecx,0x4
    2c91:	jmp    2a2e <lume::detail::validate_inputs(lume::ProgramStorage const&, std::span<lume::Buffer const, 18446744073709551615ul>)+0x1e0e>
    2c96:	movzx  r8d,WORD PTR [rdx+rsi*1]
    2c9b:	mov    WORD PTR [rdi+rsi*1],r8w
    2ca0:	add    rsi,0x2
    2ca4:	jmp    2b14 <lume::detail::validate_inputs(lume::ProgramStorage const&, std::span<lume::Buffer const, 18446744073709551615ul>)+0x1ef4>
    2ca9:	mov    esi,DWORD PTR [rdx]
    2cab:	mov    DWORD PTR [rdi],esi
    2cad:	mov    esi,0x4
    2cb2:	jmp    2b0b <lume::detail::validate_inputs(lume::ProgramStorage const&, std::span<lume::Buffer const, 18446744073709551615ul>)+0x1eeb>
    2cb7:	mov    edi,edx
    2cb9:	xor    eax,eax
    2cbb:	and    edi,0xfffffff8
    2cbe:	mov    ecx,eax
    2cc0:	add    eax,0x8
    2cc3:	mov    rsi,QWORD PTR [r13+rcx*1+0x0]
    2cc8:	mov    QWORD PTR [r8+rcx*1],rsi
    2ccc:	cmp    eax,edi
    2cce:	jb     2cbe <lume::detail::validate_inputs(lume::ProgramStorage const&, std::span<lume::Buffer const, 18446744073709551615ul>)+0x209e>
    2cd0:	mov    rsi,QWORD PTR [rsp+0x8]
    2cd5:	add    rsi,rax
    2cd8:	add    rax,r13
    2cdb:	jmp    2a23 <lume::detail::validate_inputs(lume::ProgramStorage const&, std::span<lume::Buffer const, 18446744073709551615ul>)+0x1e03>
    2ce0:	mov    r8d,ecx
    2ce3:	xor    edx,edx
    2ce5:	and    r8d,0xfffffff8
    2ce9:	mov    esi,edx
    2ceb:	add    edx,0x8
    2cee:	mov    rdi,QWORD PTR [r9+rsi*1]
    2cf2:	mov    QWORD PTR [r10+rsi*1],rdi
    2cf6:	cmp    edx,r8d
    2cf9:	jb     2ce9 <lume::detail::validate_inputs(lume::ProgramStorage const&, std::span<lume::Buffer const, 18446744073709551615ul>)+0x20c9>
    2cfb:	mov    rbx,QWORD PTR [rsp+0x10]
    2d00:	lea    rdi,[rbx+rdx*1]
    2d04:	mov    rbx,QWORD PTR [rsp+0x8]
    2d09:	add    rdx,rbx
    2d0c:	jmp    2b00 <lume::detail::validate_inputs(lume::ProgramStorage const&, std::span<lume::Buffer const, 18446744073709551615ul>)+0x1ee0>
    2d11:	movzx  eax,BYTE PTR [r15]
    2d15:	mov    BYTE PTR [r14+0xc],al
    2d19:	jmp    2867 <lume::detail::validate_inputs(lume::ProgramStorage const&, std::span<lume::Buffer const, 18446744073709551615ul>)+0x1c47>
    2d1e:	lea    rdi,[r12+0x1]
    2d23:	test   r12,r12
    2d26:	jns    28ba <lume::detail::validate_inputs(lume::ProgramStorage const&, std::span<lume::Buffer const, 18446744073709551615ul>)+0x1c9a>
    2d2c:	mov    rax,QWORD PTR [rsp+0x238]
    2d34:	sub    rax,QWORD PTR fs:0x28
    2d3d:	jne    4870 <lume::detail::validate_inputs(lume::ProgramStorage const&, std::span<lume::Buffer const, 18446744073709551615ul>)+0x3c50>
    2d43:	call   2d48 <lume::detail::validate_inputs(lume::ProgramStorage const&, std::span<lume::Buffer const, 18446744073709551615ul>)+0x2128>
    2d48:	lea    rdi,[r12+0x1]
    2d4d:	test   r12,r12
    2d50:	jns    2818 <lume::detail::validate_inputs(lume::ProgramStorage const&, std::span<lume::Buffer const, 18446744073709551615ul>)+0x1bf8>
    2d56:	mov    rax,QWORD PTR [rsp+0x238]
    2d5e:	sub    rax,QWORD PTR fs:0x28
    2d67:	jne    4870 <lume::detail::validate_inputs(lume::ProgramStorage const&, std::span<lume::Buffer const, 18446744073709551615ul>)+0x3c50>
    2d6d:	lea    rax,[rsp+0x90]
    2d75:	mov    QWORD PTR [rsp],rax
    2d79:	call   2d7e <lume::detail::validate_inputs(lume::ProgramStorage const&, std::span<lume::Buffer const, 18446744073709551615ul>)+0x215e>
    2d7e:	lea    rdi,[r12+0x1]
    2d83:	test   r12,r12
    2d86:	jns    294e <lume::detail::validate_inputs(lume::ProgramStorage const&, std::span<lume::Buffer const, 18446744073709551615ul>)+0x1d2e>
    2d8c:	mov    rax,QWORD PTR [rsp+0x238]
    2d94:	sub    rax,QWORD PTR fs:0x28
    2d9d:	jne    4870 <lume::detail::validate_inputs(lume::ProgramStorage const&, std::span<lume::Buffer const, 18446744073709551615ul>)+0x3c50>
    2da3:	call   2da8 <lume::detail::validate_inputs(lume::ProgramStorage const&, std::span<lume::Buffer const, 18446744073709551615ul>)+0x2188>
    2da8:	mov    rax,QWORD PTR [rsp+0x28]
    2dad:	pxor   xmm0,xmm0
    2db1:	mov    QWORD PTR [rsp+0x150],0x0
    2dbd:	movaps XMMWORD PTR [rsp+0x130],xmm0
    2dc5:	movaps XMMWORD PTR [rsp+0x140],xmm0
    2dcd:	mov    BYTE PTR [rsp+0x130],0x2
    2dd5:	mov    rsi,QWORD PTR [rax+0x8]
    2dd9:	cmp    dl,0x2
    2ddc:	je     2dea <lume::detail::validate_inputs(lume::ProgramStorage const&, std::span<lume::Buffer const, 18446744073709551615ul>)+0x21ca>
    2dde:	cmp    dl,0x3
    2de1:	je     2dea <lume::detail::validate_inputs(lume::ProgramStorage const&, std::span<lume::Buffer const, 18446744073709551615ul>)+0x21ca>
    2de3:	sub    rsi,QWORD PTR [rax]
    2de6:	sar    rsi,0x2
    2dea:	mov    rdi,QWORD PTR [rsp+0x50]
    2def:	call   2df4 <lume::detail::validate_inputs(lume::ProgramStorage const&, std::span<lume::Buffer const, 18446744073709551615ul>)+0x21d4>
    2df4:	cmp    r12d,0x9
    2df8:	jbe    4290 <lume::detail::validate_inputs(lume::ProgramStorage const&, std::span<lume::Buffer const, 18446744073709551615ul>)+0x3670>
    2dfe:	cmp    r12d,0x63
    2e02:	jbe    453b <lume::detail::validate_inputs(lume::ProgramStorage const&, std::span<lume::Buffer const, 18446744073709551615ul>)+0x391b>
    2e08:	cmp    r12d,0x3e7
    2e0f:	jbe    451f <lume::detail::validate_inputs(lume::ProgramStorage const&, std::span<lume::Buffer const, 18446744073709551615ul>)+0x38ff>
    2e15:	cmp    r12d,0x270f
    2e1c:	jbe    4503 <lume::detail::validate_inputs(lume::ProgramStorage const&, std::span<lume::Buffer const, 18446744073709551615ul>)+0x38e3>
    2e22:	mov    eax,0x5
    2e27:	cmp    r12d,0x1869f
    2e2e:	jbe    2e6c <lume::detail::validate_inputs(lume::ProgramStorage const&, std::span<lume::Buffer const, 18446744073709551615ul>)+0x224c>
    2e30:	cmp    r12d,0xf423f
    2e37:	jbe    46f1 <lume::detail::validate_inputs(lume::ProgramStorage const&, std::span<lume::Buffer const, 18446744073709551615ul>)+0x3ad1>
    2e3d:	cmp    r12d,0x98967f
    2e44:	jbe    3dde <lume::detail::validate_inputs(lume::ProgramStorage const&, std::span<lume::Buffer const, 18446744073709551615ul>)+0x31be>
    2e4a:	cmp    r12d,0x5f5e0ff
    2e51:	jbe    3dd4 <lume::detail::validate_inputs(lume::ProgramStorage const&, std::span<lume::Buffer const, 18446744073709551615ul>)+0x31b4>
    2e57:	cmp    r14,0x3b9ac9ff
    2e5e:	jbe    3dca <lume::detail::validate_inputs(lume::ProgramStorage const&, std::span<lume::Buffer const, 18446744073709551615ul>)+0x31aa>
    2e64:	mov    eax,0x5
    2e69:	add    eax,0x5
    2e6c:	mov    rbx,QWORD PTR [rsp+0x8]
    2e71:	mov    QWORD PTR [rsp+0xb0],rbx
    2e79:	mov    rdx,rbx
    2e7c:	mov    ecx,eax
    2e7e:	xor    edi,edi
    2e80:	cmp    eax,0x8
    2e83:	jae    435c <lume::detail::validate_inputs(lume::ProgramStorage const&, std::span<lume::Buffer const, 18446744073709551615ul>)+0x373c>
    2e89:	test   cl,0x4
    2e8c:	je     2e98 <lume::detail::validate_inputs(lume::ProgramStorage const&, std::span<lume::Buffer const, 18446744073709551615ul>)+0x2278>
    2e8e:	mov    DWORD PTR [rdx],0x0
    2e94:	add    rdx,0x4
    2e98:	test   cl,0x2
    2e9b:	je     2ea9 <lume::detail::validate_inputs(lume::ProgramStorage const&, std::span<lume::Buffer const, 18446744073709551615ul>)+0x2289>
    2e9d:	xor    r8d,r8d
    2ea0:	add    rdx,0x2
    2ea4:	mov    WORD PTR [rdx-0x2],r8w
    2ea9:	and    ecx,0x1
    2eac:	je     2eb1 <lume::detail::validate_inputs(lume::ProgramStorage const&, std::span<lume::Buffer const, 18446744073709551615ul>)+0x2291>
    2eae:	mov    BYTE PTR [rdx],0x0
    2eb1:	mov    rdx,QWORD PTR [rsp+0xb0]
    2eb9:	add    rdx,rax
    2ebc:	movdqa xmm0,XMMWORD PTR [rip+0x0]        # 2ec4 <lume::detail::validate_inputs(lume::ProgramStorage const&, std::span<lume::Buffer const, 18446744073709551615ul>)+0x22a4>
    2ec4:	mov    QWORD PTR [rsp+0xb8],rax
    2ecc:	mov    BYTE PTR [rdx],0x0
    2ecf:	mov    eax,DWORD PTR [rsp+0xb8]
    2ed6:	movaps XMMWORD PTR [rsp+0x160],xmm0
    2ede:	movdqa xmm0,XMMWORD PTR [rip+0x0]        # 2ee6 <lume::detail::validate_inputs(lume::ProgramStorage const&, std::span<lume::Buffer const, 18446744073709551615ul>)+0x22c6>
    2ee6:	mov    rcx,QWORD PTR [rsp+0xb0]
    2eee:	lea    esi,[rax-0x1]
    2ef1:	movaps XMMWORD PTR [rsp+0x170],xmm0
    2ef9:	movdqa xmm0,XMMWORD PTR [rip+0x0]        # 2f01 <lume::detail::validate_inputs(lume::ProgramStorage const&, std::span<lume::Buffer const, 18446744073709551615ul>)+0x22e1>
    2f01:	movaps XMMWORD PTR [rsp+0x180],xmm0
    2f09:	movdqa xmm0,XMMWORD PTR [rip+0x0]        # 2f11 <lume::detail::validate_inputs(lume::ProgramStorage const&, std::span<lume::Buffer const, 18446744073709551615ul>)+0x22f1>
    2f11:	movaps XMMWORD PTR [rsp+0x190],xmm0
    2f19:	movdqa xmm0,XMMWORD PTR [rip+0x0]        # 2f21 <lume::detail::validate_inputs(lume::ProgramStorage const&, std::span<lume::Buffer const, 18446744073709551615ul>)+0x2301>
    2f21:	movaps XMMWORD PTR [rsp+0x1a0],xmm0
    2f29:	movdqa xmm0,XMMWORD PTR [rip+0x0]        # 2f31 <lume::detail::validate_inputs(lume::ProgramStorage const&, std::span<lume::Buffer const, 18446744073709551615ul>)+0x2311>
    2f31:	movaps XMMWORD PTR [rsp+0x1b0],xmm0
    2f39:	movdqa xmm0,XMMWORD PTR [rip+0x0]        # 2f41 <lume::detail::validate_inputs(lume::ProgramStorage const&, std::span<lume::Buffer const, 18446744073709551615ul>)+0x2321>
    2f41:	movaps XMMWORD PTR [rsp+0x1c0],xmm0
    2f49:	movdqa xmm0,XMMWORD PTR [rip+0x0]        # 2f51 <lume::detail::validate_inputs(lume::ProgramStorage const&, std::span<lume::Buffer const, 18446744073709551615ul>)+0x2331>
    2f51:	movaps XMMWORD PTR [rsp+0x1d0],xmm0
    2f59:	movdqa xmm0,XMMWORD PTR [rip+0x0]        # 2f61 <lume::detail::validate_inputs(lume::ProgramStorage const&, std::span<lume::Buffer const, 18446744073709551615ul>)+0x2341>
    2f61:	movaps XMMWORD PTR [rsp+0x1e0],xmm0
    2f69:	movdqa xmm0,XMMWORD PTR [rip+0x0]        # 2f71 <lume::detail::validate_inputs(lume::ProgramStorage const&, std::span<lume::Buffer const, 18446744073709551615ul>)+0x2351>
    2f71:	movaps XMMWORD PTR [rsp+0x1f0],xmm0
    2f79:	movdqa xmm0,XMMWORD PTR [rip+0x0]        # 2f81 <lume::detail::validate_inputs(lume::ProgramStorage const&, std::span<lume::Buffer const, 18446744073709551615ul>)+0x2361>
    2f81:	movaps XMMWORD PTR [rsp+0x200],xmm0
    2f89:	movdqa xmm0,XMMWORD PTR [rip+0x0]        # 2f91 <lume::detail::validate_inputs(lume::ProgramStorage const&, std::span<lume::Buffer const, 18446744073709551615ul>)+0x2371>
    2f91:	movaps XMMWORD PTR [rsp+0x210],xmm0
    2f99:	movdqa xmm0,XMMWORD PTR [rip+0x0]        # 2fa1 <lume::detail::validate_inputs(lume::ProgramStorage const&, std::span<lume::Buffer const, 18446744073709551615ul>)+0x2381>
    2fa1:	movups XMMWORD PTR [rsp+0x219],xmm0
    2fa9:	cmp    r12d,0x63
    2fad:	jbe    2ffa <lume::detail::validate_inputs(lume::ProgramStorage const&, std::span<lume::Buffer const, 18446744073709551615ul>)+0x23da>
    2faf:	nop
    2fb0:	mov    edx,r13d
    2fb3:	mov    eax,r13d
    2fb6:	imul   rdx,rdx,0x51eb851f
    2fbd:	shr    rdx,0x25
    2fc1:	imul   edi,edx,0x64
    2fc4:	sub    eax,edi
    2fc6:	mov    edi,r13d
    2fc9:	mov    r13d,edx
    2fcc:	mov    edx,esi
    2fce:	add    eax,eax
    2fd0:	lea    r8d,[rax+0x1]
    2fd4:	movzx  eax,BYTE PTR [rsp+rax*1+0x160]
    2fdc:	movzx  r8d,BYTE PTR [rsp+r8*1+0x160]
    2fe5:	mov    BYTE PTR [rcx+rdx*1],r8b
    2fe9:	lea    edx,[rsi-0x1]
    2fec:	sub    esi,0x2
    2fef:	mov    BYTE PTR [rcx+rdx*1],al
    2ff2:	cmp    edi,0x270f
    2ff8:	ja     2fb0 <lume::detail::validate_inputs(lume::ProgramStorage const&, std::span<lume::Buffer const, 18446744073709551615ul>)+0x2390>
    2ffa:	lea    eax,[r13+0x30]
    2ffe:	cmp    r13d,0x9
    3002:	jbe    301f <lume::detail::validate_inputs(lume::ProgramStorage const&, std::span<lume::Buffer const, 18446744073709551615ul>)+0x23ff>
    3004:	add    r13d,r13d
    3007:	lea    eax,[r13+0x1]
    300b:	movzx  eax,BYTE PTR [rsp+rax*1+0x160]
    3013:	mov    BYTE PTR [rcx+0x1],al
    3016:	movzx  eax,BYTE PTR [rsp+r13*1+0x160]
    301f:	mov    BYTE PTR [rcx],al
    3021:	mov    rbp,QWORD PTR [rsp+0x78]
    3026:	lea    r13,[rsp+0xa0]
    302e:	mov    rax,QWORD PTR [rsp+0x70]
    3033:	mov    QWORD PTR [rsp+0x90],r13
    303b:	lea    rbx,[rbp+0x12]
    303f:	mov    BYTE PTR [rsp+0xa0],0x0
    3047:	mov    QWORD PTR [rsp],rax
    304b:	mov    QWORD PTR [rsp+0x98],0x0
    3057:	cmp    rbx,0xf
    305b:	ja     36ac <lume::detail::validate_inputs(lume::ProgramStorage const&, std::span<lume::Buffer const, 18446744073709551615ul>)+0x2a8c>
    3061:	mov    rax,QWORD PTR [rsp+0x238]
    3069:	sub    rax,QWORD PTR fs:0x28
    3072:	jne    4870 <lume::detail::validate_inputs(lume::ProgramStorage const&, std::span<lume::Buffer const, 18446744073709551615ul>)+0x3c50>
    3078:	lea    rdi,[rip+0x0]        # 307f <lume::detail::validate_inputs(lume::ProgramStorage const&, std::span<lume::Buffer const, 18446744073709551615ul>)+0x245f>
    307f:	call   3084 <lume::detail::validate_inputs(lume::ProgramStorage const&, std::span<lume::Buffer const, 18446744073709551615ul>)+0x2464>
    3084:	cmp    rbx,0x1
    3088:	jne    2a92 <lume::detail::validate_inputs(lume::ProgramStorage const&, std::span<lume::Buffer const, 18446744073709551615ul>)+0x1e72>
    308e:	movzx  eax,BYTE PTR [r15]
    3092:	mov    ebp,0xe
    3097:	mov    BYTE PTR [r14],al
    309a:	jmp    28d8 <lume::detail::validate_inputs(lume::ProgramStorage const&, std::span<lume::Buffer const, 18446744073709551615ul>)+0x1cb8>
    309f:	cmp    rbx,0x1
    30a3:	jne    2aca <lume::detail::validate_inputs(lume::ProgramStorage const&, std::span<lume::Buffer const, 18446744073709551615ul>)+0x1eaa>
    30a9:	movzx  eax,BYTE PTR [r15]
    30ad:	mov    BYTE PTR [r14],al
    30b0:	jmp    2967 <lume::detail::validate_inputs(lume::ProgramStorage const&, std::span<lume::Buffer const, 18446744073709551615ul>)+0x1d47>
    30b5:	lea    rsi,[rsp+0x120]
    30bd:	mov    edx,0x2
    30c2:	mov    QWORD PTR [rsp+0x18],rsi
    30c7:	mov    r11,rsi
    30ca:	mov    QWORD PTR [rsp+0x110],rsi
    30d2:	jmp    15a7 <lume::detail::validate_inputs(lume::ProgramStorage const&, std::span<lume::Buffer const, 18446744073709551615ul>)+0x987>
    30d7:	lea    rax,[rsp+0xc0]
    30df:	mov    QWORD PTR [rsp+0x8],rax
    30e4:	mov    QWORD PTR [rsp+0xb0],rax
    30ec:	jmp    2032 <lume::detail::validate_inputs(lume::ProgramStorage const&, std::span<lume::Buffer const, 18446744073709551615ul>)+0x1412>
    30f1:	lea    rax,[rsp+0xc0]
    30f9:	mov    r12d,0x3
    30ff:	mov    QWORD PTR [rsp+0xb0],rax
    3107:	mov    rdi,rax
    310a:	mov    QWORD PTR [rsp+0x8],rax
    310f:	jmp    1d9d <lume::detail::validate_inputs(lume::ProgramStorage const&, std::span<lume::Buffer const, 18446744073709551615ul>)+0x117d>
    3114:	lea    rsi,[rsp+0x120]
    311c:	mov    edx,0x3
    3121:	mov    QWORD PTR [rsp+0x18],rsi
    3126:	mov    r11,rsi
    3129:	mov    QWORD PTR [rsp+0x110],rsi
    3131:	jmp    15a7 <lume::detail::validate_inputs(lume::ProgramStorage const&, std::span<lume::Buffer const, 18446744073709551615ul>)+0x987>
    3136:	lea    rsi,[rsp+0x120]
    313e:	mov    edx,0x4
    3143:	mov    QWORD PTR [rsp+0x18],rsi
    3148:	mov    r11,rsi
    314b:	mov    QWORD PTR [rsp+0x110],rsi
    3153:	jmp    15a7 <lume::detail::validate_inputs(lume::ProgramStorage const&, std::span<lume::Buffer const, 18446744073709551615ul>)+0x987>
    3158:	lea    rax,[rsp+0xc0]
    3160:	mov    r12d,0x2
    3166:	mov    QWORD PTR [rsp+0xb0],rax
    316e:	mov    rdi,rax
    3171:	mov    QWORD PTR [rsp+0x8],rax
    3176:	jmp    1d9d <lume::detail::validate_inputs(lume::ProgramStorage const&, std::span<lume::Buffer const, 18446744073709551615ul>)+0x117d>
    317b:	lea    rax,[rsp+0xc0]
    3183:	mov    r12d,0x4
    3189:	mov    QWORD PTR [rsp+0xb0],rax
    3191:	mov    rdi,rax
    3194:	mov    QWORD PTR [rsp+0x8],rax
    3199:	jmp    1d9d <lume::detail::validate_inputs(lume::ProgramStorage const&, std::span<lume::Buffer const, 18446744073709551615ul>)+0x117d>
    319e:	cmp    rbx,0x1
    31a2:	jne    4866 <lume::detail::validate_inputs(lume::ProgramStorage const&, std::span<lume::Buffer const, 18446744073709551615ul>)+0x3c46>
    31a8:	mov    rax,QWORD PTR [rsp+0xf0]
    31b0:	mov    BYTE PTR [rsp+0x100],0x0
    31b8:	mov    ebx,0x1
    31bd:	add    rax,0x1
    31c1:	jmp    2691 <lume::detail::validate_inputs(lume::ProgramStorage const&, std::span<lume::Buffer const, 18446744073709551615ul>)+0x1a71>
    31c6:	mov    rbx,QWORD PTR [rsp+0x18]
    31cb:	pxor   xmm0,xmm0
    31cf:	mov    QWORD PTR [rsp+0x150],0x0
    31db:	lea    rdx,[rip+0x0]        # 31e2 <lume::detail::validate_inputs(lume::ProgramStorage const&, std::span<lume::Buffer const, 18446744073709551615ul>)+0x25c2>
    31e2:	movaps XMMWORD PTR [rsp+0x130],xmm0
    31ea:	mov    QWORD PTR [rsp+0x110],rbx
    31f2:	mov    BYTE PTR [rsp+0x130],0x1
    31fa:	movaps XMMWORD PTR [rsp+0x140],xmm0
    3202:	mov    QWORD PTR [rsp+0x118],0x3
    320e:	movzx  ecx,WORD PTR [rdx]
    3211:	movzx  edx,BYTE PTR [rdx+0x2]
    3215:	mov    WORD PTR [rsp+0x120],cx
    321d:	mov    BYTE PTR [rsp+0x122],dl
    3224:	mov    rdx,QWORD PTR [rsp+0x110]
    322c:	mov    BYTE PTR [rdx+0x3],0x0
    3230:	cmp    al,0x1
    3232:	je     3a46 <lume::detail::validate_inputs(lume::ProgramStorage const&, std::span<lume::Buffer const, 18446744073709551615ul>)+0x2e26>
    3238:	cmp    al,0x2
    323a:	mov    rax,QWORD PTR [rsp+0x8]
    323f:	mov    QWORD PTR [rsp+0xb0],rax
    3247:	je     3a32 <lume::detail::validate_inputs(lume::ProgramStorage const&, std::span<lume::Buffer const, 18446744073709551615ul>)+0x2e12>
    324d:	mov    edi,0x11
    3252:	call   3257 <lume::detail::validate_inputs(lume::ProgramStorage const&, std::span<lume::Buffer const, 18446744073709551615ul>)+0x2637>
    3257:	mov    QWORD PTR [rsp+0xb0],rax
    325f:	mov    rcx,rax
    3262:	mov    edx,0x10
    3267:	lea    rsi,[rip+0x0]        # 326e <lume::detail::validate_inputs(lume::ProgramStorage const&, std::span<lume::Buffer const, 18446744073709551615ul>)+0x264e>
    326e:	mov    QWORD PTR [rsp+0xc0],0x10
    327a:	mov    eax,edx
    327c:	cmp    edx,0x8
    327f:	jae    39c0 <lume::detail::validate_inputs(lume::ProgramStorage const&, std::span<lume::Buffer const, 18446744073709551615ul>)+0x2da0>
    3285:	test   eax,eax
    3287:	je     3297 <lume::detail::validate_inputs(lume::ProgramStorage const&, std::span<lume::Buffer const, 18446744073709551615ul>)+0x2677>
    3289:	movzx  edi,BYTE PTR [rsi]
    328c:	mov    BYTE PTR [rcx],dil
    328f:	test   al,0x2
    3291:	jne    4557 <lume::detail::validate_inputs(lume::ProgramStorage const&, std::span<lume::Buffer const, 18446744073709551615ul>)+0x3937>
    3297:	mov    rax,QWORD PTR [rsp+0xb0]
    329f:	mov    QWORD PTR [rsp+0xb8],rdx
    32a7:	lea    r13,[rsp+0xa0]
    32af:	mov    BYTE PTR [rax+rdx*1],0x0
    32b3:	mov    rbp,QWORD PTR [rsp+0x78]
    32b8:	mov    rax,QWORD PTR [rsp+0x70]
    32bd:	mov    QWORD PTR [rsp+0x90],r13
    32c5:	lea    rbx,[rbp+0xb]
    32c9:	mov    BYTE PTR [rsp+0xa0],0x0
    32d1:	mov    QWORD PTR [rsp],rax
    32d5:	mov    QWORD PTR [rsp+0x98],0x0
    32e1:	cmp    rbx,0xf
    32e5:	jbe    3678 <lume::detail::validate_inputs(lume::ProgramStorage const&, std::span<lume::Buffer const, 18446744073709551615ul>)+0x2a58>
    32eb:	test   rbx,rbx
    32ee:	js     4847 <lume::detail::validate_inputs(lume::ProgramStorage const&, std::span<lume::Buffer const, 18446744073709551615ul>)+0x3c27>
    32f4:	cmp    rbx,0x1d
    32f8:	ja     3a5f <lume::detail::validate_inputs(lume::ProgramStorage const&, std::span<lume::Buffer const, 18446744073709551615ul>)+0x2e3f>
    32fe:	mov    ebx,0x1e
    3303:	mov    edi,0x1f
    3308:	call   330d <lume::detail::validate_inputs(lume::ProgramStorage const&, std::span<lume::Buffer const, 18446744073709551615ul>)+0x26ed>
    330d:	mov    r12,QWORD PTR [rsp+0x98]
    3315:	mov    r14,QWORD PTR [rsp+0x90]
    331d:	mov    rcx,rax
    3320:	lea    rdx,[r12+0x1]
    3325:	test   r12,r12
    3328:	je     41e5 <lume::detail::validate_inputs(lume::ProgramStorage const&, std::span<lume::Buffer const, 18446744073709551615ul>)+0x35c5>
    332e:	test   rdx,rdx
    3331:	jne    42b7 <lume::detail::validate_inputs(lume::ProgramStorage const&, std::span<lume::Buffer const, 18446744073709551615ul>)+0x3697>
    3337:	cmp    r14,r13
    333a:	je     44e7 <lume::detail::validate_inputs(lume::ProgramStorage const&, std::span<lume::Buffer const, 18446744073709551615ul>)+0x38c7>
    3340:	mov    rax,QWORD PTR [rsp+0xa0]
    3348:	mov    rdi,r14
    334b:	mov    QWORD PTR [rsp+0x28],rcx
    3350:	lea    rsi,[rax+0x1]
    3354:	call   3359 <lume::detail::validate_inputs(lume::ProgramStorage const&, std::span<lume::Buffer const, 18446744073709551615ul>)+0x2739>
    3359:	mov    r12,QWORD PTR [rsp+0x98]
    3361:	mov    rcx,QWORD PTR [rsp+0x28]
    3366:	movabs rax,0x7fffffffffffffff
    3370:	mov    QWORD PTR [rsp+0x90],rcx
    3378:	sub    rax,r12
    337b:	mov    QWORD PTR [rsp+0xa0],rbx
    3383:	cmp    rax,rbp
    3386:	jb     3681 <lume::detail::validate_inputs(lume::ProgramStorage const&, std::span<lume::Buffer const, 18446744073709551615ul>)+0x2a61>
    338c:	lea    r14,[rbp+r12*1+0x0]
    3391:	cmp    rbx,r14
    3394:	jb     3c7f <lume::detail::validate_inputs(lume::ProgramStorage const&, std::span<lume::Buffer const, 18446744073709551615ul>)+0x305f>
    339a:	lea    rdi,[rcx+r12*1]
    339e:	mov    rsi,QWORD PTR [rsp]
    33a2:	mov    rdx,rbp
    33a5:	mov    rbp,r14
    33a8:	call   33ad <lume::detail::validate_inputs(lume::ProgramStorage const&, std::span<lume::Buffer const, 18446744073709551615ul>)+0x278d>
    33ad:	mov    rcx,QWORD PTR [rsp+0x90]
    33b5:	mov    QWORD PTR [rsp+0x98],rbp
    33bd:	movabs rax,0x7fffffffffffffff
    33c7:	mov    BYTE PTR [rcx+rbp*1],0x0
    33cb:	mov    rbx,QWORD PTR [rsp+0x98]
    33d3:	sub    rax,rbx
    33d6:	cmp    rax,0xa
    33da:	jbe    48b3 <lume::detail::validate_inputs(lume::ProgramStorage const&, std::span<lume::Buffer const, 18446744073709551615ul>)+0x3c93>
    33e0:	mov    rax,QWORD PTR [rsp+0x90]
    33e8:	lea    r12,[rbx+0xb]
    33ec:	cmp    rax,r13
    33ef:	je     4220 <lume::detail::validate_inputs(lume::ProgramStorage const&, std::span<lume::Buffer const, 18446744073709551615ul>)+0x3600>
    33f5:	mov    rbp,QWORD PTR [rsp+0xa0]
    33fd:	cmp    rbp,r12
    3400:	jb     3b6a <lume::detail::validate_inputs(lume::ProgramStorage const&, std::span<lume::Buffer const, 18446744073709551615ul>)+0x2f4a>
    3406:	movabs rsi,0x746365707865203a
    3410:	add    rax,rbx
    3413:	mov    QWORD PTR [rax],rsi
    3416:	mov    DWORD PTR [rax+0x7],0x20646574
    341d:	mov    r14,QWORD PTR [rsp+0x90]
    3425:	mov    QWORD PTR [rsp+0x98],r12
    342d:	lea    rax,[rsp+0x90]
    3435:	lea    rdx,[rsp+0xb0]
    343d:	mov    BYTE PTR [r14+rbx*1+0xb],0x0
    3443:	lea    r14,[rsp+0xd0]
    344b:	mov    rsi,rax
    344e:	mov    rdi,r14
    3451:	mov    QWORD PTR [rsp+0x60],rdx
    3456:	mov    QWORD PTR [rsp],rax
    345a:	call   345f <lume::detail::validate_inputs(lume::ProgramStorage const&, std::span<lume::Buffer const, 18446744073709551615ul>)+0x283f>
    345f:	mov    rbx,QWORD PTR [rsp+0xd8]
    3467:	movabs rax,0x7fffffffffffffff
    3471:	sub    rax,rbx
    3474:	cmp    rax,0x5
    3478:	jbe    45f0 <lume::detail::validate_inputs(lume::ProgramStorage const&, std::span<lume::Buffer const, 18446744073709551615ul>)+0x39d0>
    347e:	mov    rax,QWORD PTR [rsp+0xd0]
    3486:	mov    rsi,QWORD PTR [rsp+0x10]
    348b:	lea    rbp,[rbx+0x6]
    348f:	cmp    rax,rsi
    3492:	je     40e8 <lume::detail::validate_inputs(lume::ProgramStorage const&, std::span<lume::Buffer const, 18446744073709551615ul>)+0x34c8>
    3498:	mov    rdx,QWORD PTR [rsp+0xe0]
    34a0:	cmp    rdx,rbp
    34a3:	jb     3d8a <lume::detail::validate_inputs(lume::ProgramStorage const&, std::span<lume::Buffer const, 18446744073709551615ul>)+0x316a>
    34a9:	add    rax,rbx
    34ac:	mov    r10d,0x2074
    34b2:	mov    DWORD PTR [rax],0x6f67202c
    34b8:	mov    WORD PTR [rax+0x4],r10w
    34bd:	mov    rcx,QWORD PTR [rsp+0xd0]
    34c5:	mov    rax,QWORD PTR [rsp+0x20]
    34ca:	mov    QWORD PTR [rsp+0xd8],rbp
    34d2:	mov    BYTE PTR [rcx+rbx*1+0x6],0x0
    34d7:	mov    rbx,QWORD PTR [rsp+0x10]
    34dc:	mov    QWORD PTR [rsp+0xf0],rax
    34e4:	mov    rax,QWORD PTR [rsp+0xd0]
    34ec:	cmp    rax,rbx
    34ef:	je     4036 <lume::detail::validate_inputs(lume::ProgramStorage const&, std::span<lume::Buffer const, 18446744073709551615ul>)+0x3416>
    34f5:	mov    QWORD PTR [rsp+0xf0],rax
    34fd:	mov    rax,QWORD PTR [rsp+0xe0]
    3505:	mov    rcx,QWORD PTR [rsp+0xd8]
    350d:	mov    QWORD PTR [rsp+0x100],rax
    3515:	mov    rax,QWORD PTR [rsp+0x10]
    351a:	mov    rdx,QWORD PTR [rsp+0x50]
    351f:	lea    rdi,[rsp+0x138]
    3527:	mov    QWORD PTR [rsp+0xf8],rcx
    352f:	mov    rsi,QWORD PTR [rsp+0x58]
    3534:	mov    BYTE PTR [rsp+0xe0],0x0
    353c:	mov    QWORD PTR [rsp+0xd0],rax
    3544:	mov    QWORD PTR [rsp+0xd8],0x0
    3550:	call   3555 <lume::detail::validate_inputs(lume::ProgramStorage const&, std::span<lume::Buffer const, 18446744073709551615ul>)+0x2935>
    3555:	mov    rbx,QWORD PTR [rsp+0x38]
    355a:	movzx  eax,BYTE PTR [rsp+0x130]
    3562:	mov    rdi,QWORD PTR [rsp+0x138]
    356a:	mov    rcx,QWORD PTR [rsp+0x140]
    3572:	mov    BYTE PTR [rbx],al
    3574:	lea    rdx,[rbx+0x18]
    3578:	lea    rax,[rsp+0x148]
    3580:	mov    QWORD PTR [rbx+0x8],rdx
    3584:	cmp    rdi,rax
    3587:	je     4090 <lume::detail::validate_inputs(lume::ProgramStorage const&, std::span<lume::Buffer const, 18446744073709551615ul>)+0x3470>
    358d:	mov    QWORD PTR [rbx+0x8],rdi
    3591:	mov    rax,QWORD PTR [rsp+0x148]
    3599:	mov    QWORD PTR [rbx+0x18],rax
    359d:	mov    rax,QWORD PTR [rsp+0x38]
    35a2:	mov    rdi,QWORD PTR [rsp+0xf0]
    35aa:	mov    QWORD PTR [rax+0x10],rcx
    35ae:	mov    BYTE PTR [rax+0x28],0x1
    35b2:	mov    rax,QWORD PTR [rsp+0x20]
    35b7:	cmp    rdi,rax
    35ba:	je     35cd <lume::detail::validate_inputs(lume::ProgramStorage const&, std::span<lume::Buffer const, 18446744073709551615ul>)+0x29ad>
    35bc:	mov    rax,QWORD PTR [rsp+0x100]
    35c4:	lea    rsi,[rax+0x1]
    35c8:	call   35cd <lume::detail::validate_inputs(lume::ProgramStorage const&, std::span<lume::Buffer const, 18446744073709551615ul>)+0x29ad>
    35cd:	mov    rdi,QWORD PTR [rsp+0xd0]
    35d5:	mov    rax,QWORD PTR [rsp+0x10]
    35da:	cmp    rdi,rax
    35dd:	je     35f0 <lume::detail::validate_inputs(lume::ProgramStorage const&, std::span<lume::Buffer const, 18446744073709551615ul>)+0x29d0>
    35df:	mov    rax,QWORD PTR [rsp+0xe0]
    35e7:	lea    rsi,[rax+0x1]
    35eb:	call   35f0 <lume::detail::validate_inputs(lume::ProgramStorage const&, std::span<lume::Buffer const, 18446744073709551615ul>)+0x29d0>
    35f0:	mov    rdi,QWORD PTR [rsp+0x90]
    35f8:	cmp    rdi,r13
    35fb:	je     360e <lume::detail::validate_inputs(lume::ProgramStorage const&, std::span<lume::Buffer const, 18446744073709551615ul>)+0x29ee>
    35fd:	mov    rax,QWORD PTR [rsp+0xa0]
    3605:	lea    rsi,[rax+0x1]
    3609:	call   360e <lume::detail::validate_inputs(lume::ProgramStorage const&, std::span<lume::Buffer const, 18446744073709551615ul>)+0x29ee>
    360e:	mov    rdi,QWORD PTR [rsp+0xb0]
    3616:	mov    rax,QWORD PTR [rsp+0x8]
    361b:	cmp    rdi,rax
    361e:	je     3631 <lume::detail::validate_inputs(lume::ProgramStorage const&, std::span<lume::Buffer const, 18446744073709551615ul>)+0x2a11>
    3620:	mov    rax,QWORD PTR [rsp+0xc0]
    3628:	lea    rsi,[rax+0x1]
    362c:	call   3631 <lume::detail::validate_inputs(lume::ProgramStorage const&, std::span<lume::Buffer const, 18446744073709551615ul>)+0x2a11>
    3631:	mov    rdi,QWORD PTR [rsp+0x110]
    3639:	mov    rax,QWORD PTR [rsp+0x18]
    363e:	cmp    rdi,rax
    3641:	je     3654 <lume::detail::validate_inputs(lume::ProgramStorage const&, std::span<lume::Buffer const, 18446744073709551615ul>)+0x2a34>
    3643:	mov    rax,QWORD PTR [rsp+0x120]
    364b:	lea    rsi,[rax+0x1]
    364f:	call   3654 <lume::detail::validate_inputs(lume::ProgramStorage const&, std::span<lume::Buffer const, 18446744073709551615ul>)+0x2a34>
    3654:	mov    rdi,QWORD PTR [rsp+0x70]
    3659:	cmp    rdi,r15
    365c:	je     14b9 <lume::detail::validate_inputs(lume::ProgramStorage const&, std::span<lume::Buffer const, 18446744073709551615ul>)+0x899>
    3662:	mov    rax,QWORD PTR [rsp+0x80]
    366a:	lea    rsi,[rax+0x1]
    366e:	call   3673 <lume::detail::validate_inputs(lume::ProgramStorage const&, std::span<lume::Buffer const, 18446744073709551615ul>)+0x2a53>
    3673:	jmp    14b9 <lume::detail::validate_inputs(lume::ProgramStorage const&, std::span<lume::Buffer const, 18446744073709551615ul>)+0x899>
    3678:	test   rbp,rbp
    367b:	jns    3ac9 <lume::detail::validate_inputs(lume::ProgramStorage const&, std::span<lume::Buffer const, 18446744073709551615ul>)+0x2ea9>
    3681:	mov    rax,QWORD PTR [rsp+0x238]
    3689:	sub    rax,QWORD PTR fs:0x28
    3692:	jne    4870 <lume::detail::validate_inputs(lume::ProgramStorage const&, std::span<lume::Buffer const, 18446744073709551615ul>)+0x3c50>
    3698:	lea    rdi,[rip+0x0]        # 369f <lume::detail::validate_inputs(lume::ProgramStorage const&, std::span<lume::Buffer const, 18446744073709551615ul>)+0x2a7f>
    369f:	call   36a4 <lume::detail::validate_inputs(lume::ProgramStorage const&, std::span<lume::Buffer const, 18446744073709551615ul>)+0x2a84>
    36a4:	mov    rdi,r13
    36a7:	jmp    27a9 <lume::detail::validate_inputs(lume::ProgramStorage const&, std::span<lume::Buffer const, 18446744073709551615ul>)+0x1b89>
    36ac:	test   rbx,rbx
    36af:	js     48d2 <lume::detail::validate_inputs(lume::ProgramStorage const&, std::span<lume::Buffer const, 18446744073709551615ul>)+0x3cb2>
    36b5:	cmp    rbx,0x1d
    36b9:	ja     3a09 <lume::detail::validate_inputs(lume::ProgramStorage const&, std::span<lume::Buffer const, 18446744073709551615ul>)+0x2de9>
    36bf:	mov    ebx,0x1e
    36c4:	mov    edi,0x1f
    36c9:	call   36ce <lume::detail::validate_inputs(lume::ProgramStorage const&, std::span<lume::Buffer const, 18446744073709551615ul>)+0x2aae>
    36ce:	mov    r14,QWORD PTR [rsp+0x98]
    36d6:	mov    r12,QWORD PTR [rsp+0x90]
    36de:	mov    rcx,rax
    36e1:	lea    rdx,[r14+0x1]
    36e5:	test   r14,r14
    36e8:	je     402a <lume::detail::validate_inputs(lume::ProgramStorage const&, std::span<lume::Buffer const, 18446744073709551615ul>)+0x340a>
    36ee:	test   rdx,rdx
    36f1:	je     3701 <lume::detail::validate_inputs(lume::ProgramStorage const&, std::span<lume::Buffer const, 18446744073709551615ul>)+0x2ae1>
    36f3:	mov    rsi,r12
    36f6:	mov    rdi,rax
    36f9:	call   36fe <lume::detail::validate_inputs(lume::ProgramStorage const&, std::span<lume::Buffer const, 18446744073709551615ul>)+0x2ade>
    36fe:	mov    rcx,rax
    3701:	cmp    r12,r13
    3704:	je     372c <lume::detail::validate_inputs(lume::ProgramStorage const&, std::span<lume::Buffer const, 18446744073709551615ul>)+0x2b0c>
    3706:	mov    rax,QWORD PTR [rsp+0xa0]
    370e:	mov    rdi,r12
    3711:	mov    QWORD PTR [rsp+0x28],rcx
    3716:	lea    rsi,[rax+0x1]
    371a:	call   371f <lume::detail::validate_inputs(lume::ProgramStorage const&, std::span<lume::Buffer const, 18446744073709551615ul>)+0x2aff>
    371f:	mov    r14,QWORD PTR [rsp+0x98]
    3727:	mov    rcx,QWORD PTR [rsp+0x28]
    372c:	movabs rax,0x7fffffffffffffff
    3736:	mov    QWORD PTR [rsp+0x90],rcx
    373e:	sub    rax,r14
    3741:	mov    QWORD PTR [rsp+0xa0],rbx
    3749:	cmp    rax,rbp
    374c:	jb     3061 <lume::detail::validate_inputs(lume::ProgramStorage const&, std::span<lume::Buffer const, 18446744073709551615ul>)+0x2441>
    3752:	lea    r12,[rbp+r14*1+0x0]
    3757:	cmp    rbx,r12
    375a:	jb     3ba8 <lume::detail::validate_inputs(lume::ProgramStorage const&, std::span<lume::Buffer const, 18446744073709551615ul>)+0x2f88>
    3760:	test   rbp,rbp
    3763:	je     3787 <lume::detail::validate_inputs(lume::ProgramStorage const&, std::span<lume::Buffer const, 18446744073709551615ul>)+0x2b67>
    3765:	lea    rdi,[rcx+r14*1]
    3769:	cmp    rbp,0x1
    376d:	je     43ae <lume::detail::validate_inputs(lume::ProgramStorage const&, std::span<lume::Buffer const, 18446744073709551615ul>)+0x378e>
    3773:	mov    rsi,QWORD PTR [rsp]
    3777:	mov    rdx,rbp
    377a:	call   377f <lume::detail::validate_inputs(lume::ProgramStorage const&, std::span<lume::Buffer const, 18446744073709551615ul>)+0x2b5f>
    377f:	mov    rcx,QWORD PTR [rsp+0x90]
    3787:	mov    QWORD PTR [rsp+0x98],r12
    378f:	movabs rax,0x7fffffffffffffff
    3799:	mov    BYTE PTR [rcx+r12*1],0x0
    379e:	mov    rbx,QWORD PTR [rsp+0x98]
    37a6:	sub    rax,rbx
    37a9:	cmp    rax,0x11
    37ad:	jbe    4828 <lume::detail::validate_inputs(lume::ProgramStorage const&, std::span<lume::Buffer const, 18446744073709551615ul>)+0x3c08>
    37b3:	mov    rax,QWORD PTR [rsp+0x90]
    37bb:	lea    r12,[rbx+0x12]
    37bf:	cmp    rax,r13
    37c2:	je     4172 <lume::detail::validate_inputs(lume::ProgramStorage const&, std::span<lume::Buffer const, 18446744073709551615ul>)+0x3552>
    37c8:	mov    rbp,QWORD PTR [rsp+0xa0]
    37d0:	cmp    rbp,r12
    37d3:	jb     42d3 <lume::detail::validate_inputs(lume::ProgramStorage const&, std::span<lume::Buffer const, 18446744073709551615ul>)+0x36b3>
    37d9:	movdqa xmm0,XMMWORD PTR [rip+0x0]        # 37e1 <lume::detail::validate_inputs(lume::ProgramStorage const&, std::span<lume::Buffer const, 18446744073709551615ul>)+0x2bc1>
    37e1:	add    rax,rbx
    37e4:	mov    edi,0x2068
    37e9:	mov    WORD PTR [rax+0x10],di
    37ed:	movups XMMWORD PTR [rax],xmm0
    37f0:	mov    r14,QWORD PTR [rsp+0x90]
    37f8:	mov    QWORD PTR [rsp+0x98],r12
    3800:	lea    rax,[rsp+0x90]
    3808:	lea    rdx,[rsp+0xb0]
    3810:	mov    BYTE PTR [r14+rbx*1+0x12],0x0
    3816:	lea    r14,[rsp+0xd0]
    381e:	mov    rsi,rax
    3821:	mov    rdi,r14
    3824:	mov    QWORD PTR [rsp+0x60],rdx
    3829:	mov    QWORD PTR [rsp],rax
    382d:	call   3832 <lume::detail::validate_inputs(lume::ProgramStorage const&, std::span<lume::Buffer const, 18446744073709551615ul>)+0x2c12>
    3832:	mov    rbx,QWORD PTR [rsp+0xd8]
    383a:	movabs rax,0x7fffffffffffffff
    3844:	sub    rax,rbx
    3847:	cmp    rax,0x5
    384b:	jbe    4613 <lume::detail::validate_inputs(lume::ProgramStorage const&, std::span<lume::Buffer const, 18446744073709551615ul>)+0x39f3>
    3851:	mov    rax,QWORD PTR [rsp+0xd0]
    3859:	mov    rsi,QWORD PTR [rsp+0x10]
    385e:	lea    rbp,[rbx+0x6]
    3862:	cmp    rax,rsi
    3865:	je     412d <lume::detail::validate_inputs(lume::ProgramStorage const&, std::span<lume::Buffer const, 18446744073709551615ul>)+0x350d>
    386b:	mov    rdx,QWORD PTR [rsp+0xe0]
    3873:	cmp    rdx,rbp
    3876:	jb     3de8 <lume::detail::validate_inputs(lume::ProgramStorage const&, std::span<lume::Buffer const, 18446744073709551615ul>)+0x31c8>
    387c:	add    rax,rbx
    387f:	mov    ecx,0x2074
    3884:	mov    DWORD PTR [rax],0x6f67202c
    388a:	mov    WORD PTR [rax+0x4],cx
    388e:	mov    rcx,QWORD PTR [rsp+0xd0]
    3896:	mov    rax,QWORD PTR [rsp+0x20]
    389b:	mov    QWORD PTR [rsp+0xd8],rbp
    38a3:	mov    BYTE PTR [rcx+rbx*1+0x6],0x0
    38a8:	mov    rbx,QWORD PTR [rsp+0x10]
    38ad:	mov    QWORD PTR [rsp+0xf0],rax
    38b5:	mov    rax,QWORD PTR [rsp+0xd0]
    38bd:	cmp    rax,rbx
    38c0:	je     3fd0 <lume::detail::validate_inputs(lume::ProgramStorage const&, std::span<lume::Buffer const, 18446744073709551615ul>)+0x33b0>
    38c6:	mov    QWORD PTR [rsp+0xf0],rax
    38ce:	mov    rax,QWORD PTR [rsp+0xe0]
    38d6:	mov    rsi,QWORD PTR [rsp+0xd8]
    38de:	mov    QWORD PTR [rsp+0x100],rax
    38e6:	mov    QWORD PTR [rsp+0xf8],rsi
    38ee:	mov    rax,QWORD PTR [rsp+0x10]
    38f3:	lea    rdi,[rsp+0x138]
    38fb:	mov    rdx,QWORD PTR [rsp+0x50]
    3900:	mov    rsi,QWORD PTR [rsp+0x58]
    3905:	mov    QWORD PTR [rsp+0xd8],0x0
    3911:	mov    QWORD PTR [rsp+0xd0],rax
    3919:	mov    BYTE PTR [rsp+0xe0],0x0
    3921:	call   3926 <lume::detail::validate_inputs(lume::ProgramStorage const&, std::span<lume::Buffer const, 18446744073709551615ul>)+0x2d06>
    3926:	mov    rbx,QWORD PTR [rsp+0x38]
    392b:	movzx  eax,BYTE PTR [rsp+0x130]
    3933:	mov    rdi,QWORD PTR [rsp+0x138]
    393b:	mov    rcx,QWORD PTR [rsp+0x140]
    3943:	mov    BYTE PTR [rbx],al
    3945:	lea    rdx,[rbx+0x18]
    3949:	lea    rax,[rsp+0x148]
    3951:	mov    QWORD PTR [rbx+0x8],rdx
    3955:	cmp    rdi,rax
    3958:	jne    358d <lume::detail::validate_inputs(lume::ProgramStorage const&, std::span<lume::Buffer const, 18446744073709551615ul>)+0x296d>
    395e:	lea    rax,[rcx+0x1]
    3962:	cmp    eax,0x8
    3965:	jb     425f <lume::detail::validate_inputs(lume::ProgramStorage const&, std::span<lume::Buffer const, 18446744073709551615ul>)+0x363f>
    396b:	mov    rsi,QWORD PTR [rdi]
    396e:	mov    QWORD PTR [rbx+0x18],rsi
    3972:	mov    esi,eax
    3974:	mov    r8,QWORD PTR [rdi+rsi*1-0x8]
    3979:	mov    QWORD PTR [rdx+rsi*1-0x8],r8
    397e:	lea    rsi,[rbx+0x20]
    3982:	and    rsi,0xfffffffffffffff8
    3986:	sub    rdx,rsi
    3989:	add    eax,edx
    398b:	sub    rdi,rdx
    398e:	and    eax,0xfffffff8
    3991:	cmp    eax,0x8
    3994:	jb     359d <lume::detail::validate_inputs(lume::ProgramStorage const&, std::span<lume::Buffer const, 18446744073709551615ul>)+0x297d>
    399a:	and    eax,0xfffffff8
    399d:	xor    edx,edx
    399f:	mov    r8d,edx
    39a2:	add    edx,0x8
    39a5:	mov    r9,QWORD PTR [rdi+r8*1]
    39a9:	mov    QWORD PTR [rsi+r8*1],r9
    39ad:	cmp    edx,eax
    39af:	jb     399f <lume::detail::validate_inputs(lume::ProgramStorage const&, std::span<lume::Buffer const, 18446744073709551615ul>)+0x2d7f>
    39b1:	jmp    359d <lume::detail::validate_inputs(lume::ProgramStorage const&, std::span<lume::Buffer const, 18446744073709551615ul>)+0x297d>
    39b6:	cs nop WORD PTR [rax+rax*1+0x0]
    39c0:	mov    rax,QWORD PTR [rsi]
    39c3:	lea    rdi,[rcx+0x8]
    39c7:	and    rdi,0xfffffffffffffff8
    39cb:	mov    QWORD PTR [rcx],rax
    39ce:	mov    rax,QWORD PTR [rsi+rdx*1-0x8]
    39d3:	mov    QWORD PTR [rcx+rdx*1-0x8],rax
    39d8:	sub    rcx,rdi
    39db:	lea    eax,[rdx+rcx*1]
    39de:	sub    rsi,rcx
    39e1:	and    eax,0xfffffff8
    39e4:	cmp    eax,0x8
    39e7:	jb     3297 <lume::detail::validate_inputs(lume::ProgramStorage const&, std::span<lume::Buffer const, 18446744073709551615ul>)+0x2677>
    39ed:	and    eax,0xfffffff8
    39f0:	xor    ecx,ecx
    39f2:	mov    r8d,ecx
    39f5:	add    ecx,0x8
    39f8:	mov    r9,QWORD PTR [rsi+r8*1]
    39fc:	mov    QWORD PTR [rdi+r8*1],r9
    3a00:	cmp    ecx,eax
    3a02:	jb     39f2 <lume::detail::validate_inputs(lume::ProgramStorage const&, std::span<lume::Buffer const, 18446744073709551615ul>)+0x2dd2>
    3a04:	jmp    3297 <lume::detail::validate_inputs(lume::ProgramStorage const&, std::span<lume::Buffer const, 18446744073709551615ul>)+0x2677>
    3a09:	mov    rdi,rbp
    3a0c:	add    rdi,0x13
    3a10:	jns    36c9 <lume::detail::validate_inputs(lume::ProgramStorage const&, std::span<lume::Buffer const, 18446744073709551615ul>)+0x2aa9>
    3a16:	mov    rax,QWORD PTR [rsp+0x238]
    3a1e:	sub    rax,QWORD PTR fs:0x28
    3a27:	jne    4870 <lume::detail::validate_inputs(lume::ProgramStorage const&, std::span<lume::Buffer const, 18446744073709551615ul>)+0x3c50>
    3a2d:	call   3a32 <lume::detail::validate_inputs(lume::ProgramStorage const&, std::span<lume::Buffer const, 18446744073709551615ul>)+0x2e12>
    3a32:	lea    rsi,[rip+0x0]        # 3a39 <lume::detail::validate_inputs(lume::ProgramStorage const&, std::span<lume::Buffer const, 18446744073709551615ul>)+0x2e19>
    3a39:	mov    rcx,rax
    3a3c:	mov    edx,0x3
    3a41:	jmp    327a <lume::detail::validate_inputs(lume::ProgramStorage const&, std::span<lume::Buffer const, 18446744073709551615ul>)+0x265a>
    3a46:	mov    rax,QWORD PTR [rsp+0x8]
    3a4b:	lea    rsi,[rip+0x0]        # 3a52 <lume::detail::validate_inputs(lume::ProgramStorage const&, std::span<lume::Buffer const, 18446744073709551615ul>)+0x2e32>
    3a52:	mov    QWORD PTR [rsp+0xb0],rax
    3a5a:	mov    rcx,rax
    3a5d:	jmp    3a3c <lume::detail::validate_inputs(lume::ProgramStorage const&, std::span<lume::Buffer const, 18446744073709551615ul>)+0x2e1c>
    3a5f:	mov    rdi,rbp
    3a62:	add    rdi,0xc
    3a66:	jns    3308 <lume::detail::validate_inputs(lume::ProgramStorage const&, std::span<lume::Buffer const, 18446744073709551615ul>)+0x26e8>
    3a6c:	mov    rax,QWORD PTR [rsp+0x238]
    3a74:	sub    rax,QWORD PTR fs:0x28
    3a7d:	jne    4870 <lume::detail::validate_inputs(lume::ProgramStorage const&, std::span<lume::Buffer const, 18446744073709551615ul>)+0x3c50>
    3a83:	call   3a88 <lume::detail::validate_inputs(lume::ProgramStorage const&, std::span<lume::Buffer const, 18446744073709551615ul>)+0x2e68>
    3a88:	mov    rbx,QWORD PTR [rsp+0x18]
    3a8d:	pxor   xmm0,xmm0
    3a91:	mov    QWORD PTR [rsp+0x150],0x0
    3a9d:	lea    rdx,[rip+0x0]        # 3aa4 <lume::detail::validate_inputs(lume::ProgramStorage const&, std::span<lume::Buffer const, 18446744073709551615ul>)+0x2e84>
    3aa4:	movaps XMMWORD PTR [rsp+0x130],xmm0
    3aac:	mov    QWORD PTR [rsp+0x110],rbx
    3ab4:	mov    BYTE PTR [rsp+0x130],0x1
    3abc:	movaps XMMWORD PTR [rsp+0x140],xmm0
    3ac4:	jmp    3202 <lume::detail::validate_inputs(lume::ProgramStorage const&, std::span<lume::Buffer const, 18446744073709551615ul>)+0x25e2>
    3ac9:	jne    48f1 <lume::detail::validate_inputs(lume::ProgramStorage const&, std::span<lume::Buffer const, 18446744073709551615ul>)+0x3cd1>
    3acf:	mov    rcx,r13
    3ad2:	jmp    33b5 <lume::detail::validate_inputs(lume::ProgramStorage const&, std::span<lume::Buffer const, 18446744073709551615ul>)+0x2795>
    3ad7:	lea    rax,[rsp+0xa0]
    3adf:	mov    ebx,0x2
    3ae4:	mov    QWORD PTR [rsp+0x90],rax
    3aec:	mov    r13,rax
    3aef:	mov    rdi,rax
    3af2:	jmp    27a9 <lume::detail::validate_inputs(lume::ProgramStorage const&, std::span<lume::Buffer const, 18446744073709551615ul>)+0x1b89>
    3af7:	lea    rax,[rsp+0x100]
    3aff:	mov    ebx,0x2
    3b04:	mov    QWORD PTR [rsp+0xf0],rax
    3b0c:	mov    rdi,rax
    3b0f:	mov    QWORD PTR [rsp+0x20],rax
    3b14:	jmp    267c <lume::detail::validate_inputs(lume::ProgramStorage const&, std::span<lume::Buffer const, 18446744073709551615ul>)+0x1a5c>
    3b19:	lea    rax,[rsp+0x100]
    3b21:	mov    ebx,0x3
    3b26:	mov    QWORD PTR [rsp+0xf0],rax
    3b2e:	mov    rdi,rax
    3b31:	mov    QWORD PTR [rsp+0x20],rax
    3b36:	jmp    267c <lume::detail::validate_inputs(lume::ProgramStorage const&, std::span<lume::Buffer const, 18446744073709551615ul>)+0x1a5c>
    3b3b:	lea    r13,[rsp+0xa0]
    3b43:	mov    QWORD PTR [rsp+0x90],r13
    3b4b:	jmp    23bf <lume::detail::validate_inputs(lume::ProgramStorage const&, std::span<lume::Buffer const, 18446744073709551615ul>)+0x179f>
    3b50:	lea    rax,[rsp+0x100]
    3b58:	mov    QWORD PTR [rsp+0x20],rax
    3b5d:	mov    QWORD PTR [rsp+0xf0],rax
    3b65:	jmp    31a8 <lume::detail::validate_inputs(lume::ProgramStorage const&, std::span<lume::Buffer const, 18446744073709551615ul>)+0x2588>
    3b6a:	test   r12,r12
    3b6d:	js     4809 <lume::detail::validate_inputs(lume::ProgramStorage const&, std::span<lume::Buffer const, 18446744073709551615ul>)+0x3be9>
    3b73:	add    rbp,rbp
    3b76:	cmp    r12,rbp
    3b79:	jae    3d1b <lume::detail::validate_inputs(lume::ProgramStorage const&, std::span<lume::Buffer const, 18446744073709551615ul>)+0x30fb>
    3b7f:	lea    rdi,[rbp+0x1]
    3b83:	test   rbp,rbp
    3b86:	jns    3d2b <lume::detail::validate_inputs(lume::ProgramStorage const&, std::span<lume::Buffer const, 18446744073709551615ul>)+0x310b>
    3b8c:	mov    rax,QWORD PTR [rsp+0x238]
    3b94:	sub    rax,QWORD PTR fs:0x28
    3b9d:	jne    4870 <lume::detail::validate_inputs(lume::ProgramStorage const&, std::span<lume::Buffer const, 18446744073709551615ul>)+0x3c50>
    3ba3:	call   3ba8 <lume::detail::validate_inputs(lume::ProgramStorage const&, std::span<lume::Buffer const, 18446744073709551615ul>)+0x2f88>
    3ba8:	test   r12,r12
    3bab:	js     46ce <lume::detail::validate_inputs(lume::ProgramStorage const&, std::span<lume::Buffer const, 18446744073709551615ul>)+0x3aae>
    3bb1:	add    rbx,rbx
    3bb4:	cmp    r12,rbx
    3bb7:	jae    3bde <lume::detail::validate_inputs(lume::ProgramStorage const&, std::span<lume::Buffer const, 18446744073709551615ul>)+0x2fbe>
    3bb9:	lea    rdi,[rbx+0x1]
    3bbd:	test   rbx,rbx
    3bc0:	jns    3bea <lume::detail::validate_inputs(lume::ProgramStorage const&, std::span<lume::Buffer const, 18446744073709551615ul>)+0x2fca>
    3bc2:	mov    rax,QWORD PTR [rsp+0x238]
    3bca:	sub    rax,QWORD PTR fs:0x28
    3bd3:	jne    4870 <lume::detail::validate_inputs(lume::ProgramStorage const&, std::span<lume::Buffer const, 18446744073709551615ul>)+0x3c50>
    3bd9:	call   3bde <lume::detail::validate_inputs(lume::ProgramStorage const&, std::span<lume::Buffer const, 18446744073709551615ul>)+0x2fbe>
    3bde:	mov    rdi,r12
    3be1:	mov    rbx,r12
    3be4:	add    rdi,0x1
    3be8:	js     3bc2 <lume::detail::validate_inputs(lume::ProgramStorage const&, std::span<lume::Buffer const, 18446744073709551615ul>)+0x2fa2>
    3bea:	call   3bef <lume::detail::validate_inputs(lume::ProgramStorage const&, std::span<lume::Buffer const, 18446744073709551615ul>)+0x2fcf>
    3bef:	mov    r8,QWORD PTR [rsp+0x90]
    3bf7:	mov    rcx,rax
    3bfa:	test   r14,r14
    3bfd:	je     4320 <lume::detail::validate_inputs(lume::ProgramStorage const&, std::span<lume::Buffer const, 18446744073709551615ul>)+0x3700>
    3c03:	cmp    r14,0x1
    3c07:	je     44dc <lume::detail::validate_inputs(lume::ProgramStorage const&, std::span<lume::Buffer const, 18446744073709551615ul>)+0x38bc>
    3c0d:	mov    rsi,r8
    3c10:	mov    rdx,r14
    3c13:	mov    rdi,rax
    3c16:	mov    QWORD PTR [rsp+0x28],r8
    3c1b:	call   3c20 <lume::detail::validate_inputs(lume::ProgramStorage const&, std::span<lume::Buffer const, 18446744073709551615ul>)+0x3000>
    3c20:	mov    r8,QWORD PTR [rsp+0x28]
    3c25:	mov    rcx,rax
    3c28:	mov    rax,QWORD PTR [rsp]
    3c2c:	test   rax,rax
    3c2f:	je     3c49 <lume::detail::validate_inputs(lume::ProgramStorage const&, std::span<lume::Buffer const, 18446744073709551615ul>)+0x3029>
    3c31:	test   rbp,rbp
    3c34:	je     3c49 <lume::detail::validate_inputs(lume::ProgramStorage const&, std::span<lume::Buffer const, 18446744073709551615ul>)+0x3029>
    3c36:	lea    rdi,[rcx+r14*1]
    3c3a:	cmp    rbp,0x1
    3c3e:	jne    4337 <lume::detail::validate_inputs(lume::ProgramStorage const&, std::span<lume::Buffer const, 18446744073709551615ul>)+0x3717>
    3c44:	movzx  eax,BYTE PTR [rax]
    3c47:	mov    BYTE PTR [rdi],al
    3c49:	cmp    r8,r13
    3c4c:	je     3c6a <lume::detail::validate_inputs(lume::ProgramStorage const&, std::span<lume::Buffer const, 18446744073709551615ul>)+0x304a>
    3c4e:	mov    rax,QWORD PTR [rsp+0xa0]
    3c56:	mov    rdi,r8
    3c59:	mov    QWORD PTR [rsp],rcx
    3c5d:	lea    rsi,[rax+0x1]
    3c61:	call   3c66 <lume::detail::validate_inputs(lume::ProgramStorage const&, std::span<lume::Buffer const, 18446744073709551615ul>)+0x3046>
    3c66:	mov    rcx,QWORD PTR [rsp]
    3c6a:	mov    QWORD PTR [rsp+0x90],rcx
    3c72:	mov    QWORD PTR [rsp+0xa0],rbx
    3c7a:	jmp    3787 <lume::detail::validate_inputs(lume::ProgramStorage const&, std::span<lume::Buffer const, 18446744073709551615ul>)+0x2b67>
    3c7f:	test   r14,r14
    3c82:	js     457a <lume::detail::validate_inputs(lume::ProgramStorage const&, std::span<lume::Buffer const, 18446744073709551615ul>)+0x395a>
    3c88:	add    rbx,rbx
    3c8b:	cmp    r14,rbx
    3c8e:	jae    3e28 <lume::detail::validate_inputs(lume::ProgramStorage const&, std::span<lume::Buffer const, 18446744073709551615ul>)+0x3208>
    3c94:	test   rbx,rbx
    3c97:	jns    44b9 <lume::detail::validate_inputs(lume::ProgramStorage const&, std::span<lume::Buffer const, 18446744073709551615ul>)+0x3899>
    3c9d:	mov    rax,QWORD PTR [rsp+0x238]
    3ca5:	sub    rax,QWORD PTR fs:0x28
    3cae:	jne    4870 <lume::detail::validate_inputs(lume::ProgramStorage const&, std::span<lume::Buffer const, 18446744073709551615ul>)+0x3c50>
    3cb4:	call   3cb9 <lume::detail::validate_inputs(lume::ProgramStorage const&, std::span<lume::Buffer const, 18446744073709551615ul>)+0x3099>
    3cb9:	lea    rax,[rsp+0x100]
    3cc1:	mov    ebx,0x4
    3cc6:	mov    QWORD PTR [rsp+0xf0],rax
    3cce:	mov    rdi,rax
    3cd1:	mov    QWORD PTR [rsp+0x20],rax
    3cd6:	jmp    267c <lume::detail::validate_inputs(lume::ProgramStorage const&, std::span<lume::Buffer const, 18446744073709551615ul>)+0x1a5c>
    3cdb:	lea    rax,[rsp+0xa0]
    3ce3:	mov    ebx,0x3
    3ce8:	mov    QWORD PTR [rsp+0x90],rax
    3cf0:	mov    r13,rax
    3cf3:	mov    rdi,rax
    3cf6:	jmp    27a9 <lume::detail::validate_inputs(lume::ProgramStorage const&, std::span<lume::Buffer const, 18446744073709551615ul>)+0x1b89>
    3cfb:	lea    rax,[rsp+0xa0]
    3d03:	mov    ebx,0x4
    3d08:	mov    QWORD PTR [rsp+0x90],rax
    3d10:	mov    r13,rax
    3d13:	mov    rdi,rax
    3d16:	jmp    27a9 <lume::detail::validate_inputs(lume::ProgramStorage const&, std::span<lume::Buffer const, 18446744073709551615ul>)+0x1b89>
    3d1b:	mov    rdi,rbx
    3d1e:	mov    rbp,r12
    3d21:	add    rdi,0xc
    3d25:	js     3b8c <lume::detail::validate_inputs(lume::ProgramStorage const&, std::span<lume::Buffer const, 18446744073709551615ul>)+0x2f6c>
    3d2b:	call   3d30 <lume::detail::validate_inputs(lume::ProgramStorage const&, std::span<lume::Buffer const, 18446744073709551615ul>)+0x3110>
    3d30:	mov    rcx,QWORD PTR [rsp+0x90]
    3d38:	mov    r14,rax
    3d3b:	test   rbx,rbx
    3d3e:	jne    4399 <lume::detail::validate_inputs(lume::ProgramStorage const&, std::span<lume::Buffer const, 18446744073709551615ul>)+0x3779>
    3d44:	movabs rsi,0x746365707865203a
    3d4e:	lea    rax,[r14+rbx*1]
    3d52:	mov    QWORD PTR [rax],rsi
    3d55:	mov    DWORD PTR [rax+0x7],0x20646574
    3d5c:	cmp    rcx,r13
    3d5f:	je     3d75 <lume::detail::validate_inputs(lume::ProgramStorage const&, std::span<lume::Buffer const, 18446744073709551615ul>)+0x3155>
    3d61:	mov    rax,QWORD PTR [rsp+0xa0]
    3d69:	mov    rdi,rcx
    3d6c:	lea    rsi,[rax+0x1]
    3d70:	call   3d75 <lume::detail::validate_inputs(lume::ProgramStorage const&, std::span<lume::Buffer const, 18446744073709551615ul>)+0x3155>
    3d75:	mov    QWORD PTR [rsp+0x90],r14
    3d7d:	mov    QWORD PTR [rsp+0xa0],rbp
    3d85:	jmp    3425 <lume::detail::validate_inputs(lume::ProgramStorage const&, std::span<lume::Buffer const, 18446744073709551615ul>)+0x2805>
    3d8a:	test   rbp,rbp
    3d8d:	js     4894 <lume::detail::validate_inputs(lume::ProgramStorage const&, std::span<lume::Buffer const, 18446744073709551615ul>)+0x3c74>
    3d93:	lea    r12,[rdx+rdx*1]
    3d97:	cmp    rbp,r12
    3d9a:	jae    3ed2 <lume::detail::validate_inputs(lume::ProgramStorage const&, std::span<lume::Buffer const, 18446744073709551615ul>)+0x32b2>
    3da0:	lea    rdi,[r12+0x1]
    3da5:	test   r12,r12
    3da8:	jns    3ee2 <lume::detail::validate_inputs(lume::ProgramStorage const&, std::span<lume::Buffer const, 18446744073709551615ul>)+0x32c2>
    3dae:	mov    rax,QWORD PTR [rsp+0x238]
    3db6:	sub    rax,QWORD PTR fs:0x28
    3dbf:	jne    4870 <lume::detail::validate_inputs(lume::ProgramStorage const&, std::span<lume::Buffer const, 18446744073709551615ul>)+0x3c50>
    3dc5:	call   3dca <lume::detail::validate_inputs(lume::ProgramStorage const&, std::span<lume::Buffer const, 18446744073709551615ul>)+0x31aa>
    3dca:	mov    eax,0x9
    3dcf:	jmp    2e6c <lume::detail::validate_inputs(lume::ProgramStorage const&, std::span<lume::Buffer const, 18446744073709551615ul>)+0x224c>
    3dd4:	mov    eax,0x8
    3dd9:	jmp    2e6c <lume::detail::validate_inputs(lume::ProgramStorage const&, std::span<lume::Buffer const, 18446744073709551615ul>)+0x224c>
    3dde:	mov    eax,0x7
    3de3:	jmp    2e6c <lume::detail::validate_inputs(lume::ProgramStorage const&, std::span<lume::Buffer const, 18446744073709551615ul>)+0x224c>
    3de8:	test   rbp,rbp
    3deb:	js     459d <lume::detail::validate_inputs(lume::ProgramStorage const&, std::span<lume::Buffer const, 18446744073709551615ul>)+0x397d>
    3df1:	lea    r12,[rdx+rdx*1]
    3df5:	cmp    rbp,r12
    3df8:	jae    3f4d <lume::detail::validate_inputs(lume::ProgramStorage const&, std::span<lume::Buffer const, 18446744073709551615ul>)+0x332d>
    3dfe:	lea    rdi,[r12+0x1]
    3e03:	test   r12,r12
    3e06:	jns    3f5d <lume::detail::validate_inputs(lume::ProgramStorage const&, std::span<lume::Buffer const, 18446744073709551615ul>)+0x333d>
    3e0c:	mov    rax,QWORD PTR [rsp+0x238]
    3e14:	sub    rax,QWORD PTR fs:0x28
    3e1d:	jne    4870 <lume::detail::validate_inputs(lume::ProgramStorage const&, std::span<lume::Buffer const, 18446744073709551615ul>)+0x3c50>
    3e23:	call   3e28 <lume::detail::validate_inputs(lume::ProgramStorage const&, std::span<lume::Buffer const, 18446744073709551615ul>)+0x3208>
    3e28:	mov    rdi,r14
    3e2b:	add    rdi,0x1
    3e2f:	js     3c9d <lume::detail::validate_inputs(lume::ProgramStorage const&, std::span<lume::Buffer const, 18446744073709551615ul>)+0x307d>
    3e35:	mov    rbx,r14
    3e38:	call   3e3d <lume::detail::validate_inputs(lume::ProgramStorage const&, std::span<lume::Buffer const, 18446744073709551615ul>)+0x321d>
    3e3d:	mov    r8,QWORD PTR [rsp+0x90]
    3e45:	mov    rcx,rax
    3e48:	test   r12,r12
    3e4b:	je     3e72 <lume::detail::validate_inputs(lume::ProgramStorage const&, std::span<lume::Buffer const, 18446744073709551615ul>)+0x3252>
    3e4d:	cmp    r12,0x1
    3e51:	je     44c2 <lume::detail::validate_inputs(lume::ProgramStorage const&, std::span<lume::Buffer const, 18446744073709551615ul>)+0x38a2>
    3e57:	mov    rsi,r8
    3e5a:	mov    rdx,r12
    3e5d:	mov    rdi,rax
    3e60:	mov    QWORD PTR [rsp+0x28],r8
    3e65:	call   3e6a <lume::detail::validate_inputs(lume::ProgramStorage const&, std::span<lume::Buffer const, 18446744073709551615ul>)+0x324a>
    3e6a:	mov    r8,QWORD PTR [rsp+0x28]
    3e6f:	mov    rcx,rax
    3e72:	mov    rsi,QWORD PTR [rsp]
    3e76:	test   rsi,rsi
    3e79:	je     3e99 <lume::detail::validate_inputs(lume::ProgramStorage const&, std::span<lume::Buffer const, 18446744073709551615ul>)+0x3279>
    3e7b:	lea    rdi,[rcx+r12*1]
    3e7f:	mov    rdx,rbp
    3e82:	mov    QWORD PTR [rsp+0x28],r8
    3e87:	mov    QWORD PTR [rsp],rcx
    3e8b:	call   3e90 <lume::detail::validate_inputs(lume::ProgramStorage const&, std::span<lume::Buffer const, 18446744073709551615ul>)+0x3270>
    3e90:	mov    r8,QWORD PTR [rsp+0x28]
    3e95:	mov    rcx,QWORD PTR [rsp]
    3e99:	cmp    r8,r13
    3e9c:	je     3eba <lume::detail::validate_inputs(lume::ProgramStorage const&, std::span<lume::Buffer const, 18446744073709551615ul>)+0x329a>
    3e9e:	mov    rax,QWORD PTR [rsp+0xa0]
    3ea6:	mov    rdi,r8
    3ea9:	mov    QWORD PTR [rsp],rcx
    3ead:	lea    rsi,[rax+0x1]
    3eb1:	call   3eb6 <lume::detail::validate_inputs(lume::ProgramStorage const&, std::span<lume::Buffer const, 18446744073709551615ul>)+0x3296>
    3eb6:	mov    rcx,QWORD PTR [rsp]
    3eba:	mov    QWORD PTR [rsp+0x90],rcx
    3ec2:	mov    rbp,r14
    3ec5:	mov    QWORD PTR [rsp+0xa0],rbx
    3ecd:	jmp    33b5 <lume::detail::validate_inputs(lume::ProgramStorage const&, std::span<lume::Buffer const, 18446744073709551615ul>)+0x2795>
    3ed2:	mov    rdi,rbx
    3ed5:	mov    r12,rbp
    3ed8:	add    rdi,0x7
    3edc:	js     3dae <lume::detail::validate_inputs(lume::ProgramStorage const&, std::span<lume::Buffer const, 18446744073709551615ul>)+0x318e>
    3ee2:	call   3ee7 <lume::detail::validate_inputs(lume::ProgramStorage const&, std::span<lume::Buffer const, 18446744073709551615ul>)+0x32c7>
    3ee7:	mov    r8,QWORD PTR [rsp+0xd0]
    3eef:	mov    rcx,rax
    3ef2:	test   rbx,rbx
    3ef5:	jne    43c4 <lume::detail::validate_inputs(lume::ProgramStorage const&, std::span<lume::Buffer const, 18446744073709551615ul>)+0x37a4>
    3efb:	lea    rax,[rcx+rbx*1]
    3eff:	mov    r9d,0x2074
    3f05:	mov    DWORD PTR [rax],0x6f67202c
    3f0b:	mov    WORD PTR [rax+0x4],r9w
    3f10:	mov    rax,QWORD PTR [rsp+0x10]
    3f15:	cmp    r8,rax
    3f18:	je     3f38 <lume::detail::validate_inputs(lume::ProgramStorage const&, std::span<lume::Buffer const, 18446744073709551615ul>)+0x3318>
    3f1a:	mov    rax,QWORD PTR [rsp+0xe0]
    3f22:	mov    rdi,r8
    3f25:	mov    QWORD PTR [rsp+0x28],rcx
    3f2a:	lea    rsi,[rax+0x1]
    3f2e:	call   3f33 <lume::detail::validate_inputs(lume::ProgramStorage const&, std::span<lume::Buffer const, 18446744073709551615ul>)+0x3313>
    3f33:	mov    rcx,QWORD PTR [rsp+0x28]
    3f38:	mov    QWORD PTR [rsp+0xd0],rcx
    3f40:	mov    QWORD PTR [rsp+0xe0],r12
    3f48:	jmp    34c5 <lume::detail::validate_inputs(lume::ProgramStorage const&, std::span<lume::Buffer const, 18446744073709551615ul>)+0x28a5>
    3f4d:	mov    rdi,rbx
    3f50:	mov    r12,rbp
    3f53:	add    rdi,0x7
    3f57:	js     3e0c <lume::detail::validate_inputs(lume::ProgramStorage const&, std::span<lume::Buffer const, 18446744073709551615ul>)+0x31ec>
    3f5d:	call   3f62 <lume::detail::validate_inputs(lume::ProgramStorage const&, std::span<lume::Buffer const, 18446744073709551615ul>)+0x3342>
    3f62:	mov    r8,QWORD PTR [rsp+0xd0]
    3f6a:	mov    rcx,rax
    3f6d:	test   rbx,rbx
    3f70:	jne    43d9 <lume::detail::validate_inputs(lume::ProgramStorage const&, std::span<lume::Buffer const, 18446744073709551615ul>)+0x37b9>
    3f76:	lea    rax,[rcx+rbx*1]
    3f7a:	mov    edx,0x2074
    3f7f:	mov    DWORD PTR [rax],0x6f67202c
    3f85:	mov    WORD PTR [rax+0x4],dx
    3f89:	mov    rax,QWORD PTR [rsp+0x10]
    3f8e:	cmp    r8,rax
    3f91:	je     3fb1 <lume::detail::validate_inputs(lume::ProgramStorage const&, std::span<lume::Buffer const, 18446744073709551615ul>)+0x3391>
    3f93:	mov    rax,QWORD PTR [rsp+0xe0]
    3f9b:	mov    rdi,r8
    3f9e:	mov    QWORD PTR [rsp+0x28],rcx
    3fa3:	lea    rsi,[rax+0x1]
    3fa7:	call   3fac <lume::detail::validate_inputs(lume::ProgramStorage const&, std::span<lume::Buffer const, 18446744073709551615ul>)+0x338c>
    3fac:	mov    rcx,QWORD PTR [rsp+0x28]
    3fb1:	mov    QWORD PTR [rsp+0xd0],rcx
    3fb9:	mov    QWORD PTR [rsp+0xe0],r12
    3fc1:	jmp    3896 <lume::detail::validate_inputs(lume::ProgramStorage const&, std::span<lume::Buffer const, 18446744073709551615ul>)+0x2c76>
    3fc6:	mov    edx,0x1
    3fcb:	jmp    158c <lume::detail::validate_inputs(lume::ProgramStorage const&, std::span<lume::Buffer const, 18446744073709551615ul>)+0x96c>
    3fd0:	mov    rsi,QWORD PTR [rsp+0xd8]
    3fd8:	mov    rcx,QWORD PTR [rsp+0x20]
    3fdd:	mov    r9,rbx
    3fe0:	mov    rax,rbx
    3fe3:	lea    rdi,[rsi+0x1]
    3fe7:	cmp    edi,0x8
    3fea:	jae    441a <lume::detail::validate_inputs(lume::ProgramStorage const&, std::span<lume::Buffer const, 18446744073709551615ul>)+0x37fa>
    3ff0:	xor    edx,edx
    3ff2:	test   dil,0x4
    3ff6:	je     4001 <lume::detail::validate_inputs(lume::ProgramStorage const&, std::span<lume::Buffer const, 18446744073709551615ul>)+0x33e1>
    3ff8:	mov    edx,DWORD PTR [rax]
    3ffa:	mov    DWORD PTR [rcx],edx
    3ffc:	mov    edx,0x4
    4001:	test   dil,0x2
    4005:	je     4015 <lume::detail::validate_inputs(lume::ProgramStorage const&, std::span<lume::Buffer const, 18446744073709551615ul>)+0x33f5>
    4007:	movzx  r8d,WORD PTR [rax+rdx*1]
    400c:	mov    WORD PTR [rcx+rdx*1],r8w
    4011:	add    rdx,0x2
    4015:	and    edi,0x1
    4018:	je     38e6 <lume::detail::validate_inputs(lume::ProgramStorage const&, std::span<lume::Buffer const, 18446744073709551615ul>)+0x2cc6>
    401e:	movzx  eax,BYTE PTR [rax+rdx*1]
    4022:	mov    BYTE PTR [rcx+rdx*1],al
    4025:	jmp    38e6 <lume::detail::validate_inputs(lume::ProgramStorage const&, std::span<lume::Buffer const, 18446744073709551615ul>)+0x2cc6>
    402a:	movzx  eax,BYTE PTR [r12]
    402f:	mov    BYTE PTR [rcx],al
    4031:	jmp    3701 <lume::detail::validate_inputs(lume::ProgramStorage const&, std::span<lume::Buffer const, 18446744073709551615ul>)+0x2ae1>
    4036:	mov    rcx,QWORD PTR [rsp+0xd8]
    403e:	mov    rdi,QWORD PTR [rsp+0x20]
    4043:	mov    r9,rbx
    4046:	mov    rax,rbx
    4049:	lea    rsi,[rcx+0x1]
    404d:	cmp    esi,0x8
    4050:	jae    448b <lume::detail::validate_inputs(lume::ProgramStorage const&, std::span<lume::Buffer const, 18446744073709551615ul>)+0x386b>
    4056:	xor    edx,edx
    4058:	test   sil,0x4
    405c:	je     4067 <lume::detail::validate_inputs(lume::ProgramStorage const&, std::span<lume::Buffer const, 18446744073709551615ul>)+0x3447>
    405e:	mov    edx,DWORD PTR [rax]
    4060:	mov    DWORD PTR [rdi],edx
    4062:	mov    edx,0x4
    4067:	test   sil,0x2
    406b:	je     407b <lume::detail::validate_inputs(lume::ProgramStorage const&, std::span<lume::Buffer const, 18446744073709551615ul>)+0x345b>
    406d:	movzx  r8d,WORD PTR [rax+rdx*1]
    4072:	mov    WORD PTR [rdi+rdx*1],r8w
    4077:	add    rdx,0x2
    407b:	and    esi,0x1
    407e:	je     3515 <lume::detail::validate_inputs(lume::ProgramStorage const&, std::span<lume::Buffer const, 18446744073709551615ul>)+0x28f5>
    4084:	movzx  eax,BYTE PTR [rax+rdx*1]
    4088:	mov    BYTE PTR [rdi+rdx*1],al
    408b:	jmp    3515 <lume::detail::validate_inputs(lume::ProgramStorage const&, std::span<lume::Buffer const, 18446744073709551615ul>)+0x28f5>
    4090:	lea    rax,[rcx+0x1]
    4094:	cmp    eax,0x8
    4097:	jb     425f <lume::detail::validate_inputs(lume::ProgramStorage const&, std::span<lume::Buffer const, 18446744073709551615ul>)+0x363f>
    409d:	mov    rsi,QWORD PTR [rdi]
    40a0:	mov    QWORD PTR [rbx+0x18],rsi
    40a4:	mov    esi,eax
    40a6:	mov    r8,QWORD PTR [rdi+rsi*1-0x8]
    40ab:	mov    QWORD PTR [rdx+rsi*1-0x8],r8
    40b0:	lea    rsi,[rbx+0x20]
    40b4:	and    rsi,0xfffffffffffffff8
    40b8:	sub    rdx,rsi
    40bb:	add    eax,edx
    40bd:	sub    rdi,rdx
    40c0:	and    eax,0xfffffff8
    40c3:	cmp    eax,0x8
    40c6:	jb     359d <lume::detail::validate_inputs(lume::ProgramStorage const&, std::span<lume::Buffer const, 18446744073709551615ul>)+0x297d>
    40cc:	and    eax,0xfffffff8
    40cf:	xor    edx,edx
    40d1:	mov    r8d,edx
    40d4:	add    edx,0x8
    40d7:	mov    r9,QWORD PTR [rdi+r8*1]
    40db:	mov    QWORD PTR [rsi+r8*1],r9
    40df:	cmp    edx,eax
    40e1:	jb     40d1 <lume::detail::validate_inputs(lume::ProgramStorage const&, std::span<lume::Buffer const, 18446744073709551615ul>)+0x34b1>
    40e3:	jmp    359d <lume::detail::validate_inputs(lume::ProgramStorage const&, std::span<lume::Buffer const, 18446744073709551615ul>)+0x297d>
    40e8:	cmp    rbp,0xf
    40ec:	jbe    34a9 <lume::detail::validate_inputs(lume::ProgramStorage const&, std::span<lume::Buffer const, 18446744073709551615ul>)+0x2889>
    40f2:	mov    edi,0x1f
    40f7:	call   40fc <lume::detail::validate_inputs(lume::ProgramStorage const&, std::span<lume::Buffer const, 18446744073709551615ul>)+0x34dc>
    40fc:	mov    r8,QWORD PTR [rsp+0xd0]
    4104:	mov    rcx,rax
    4107:	mov    r12d,0x1e
    410d:	mov    rsi,r8
    4110:	mov    rdi,rcx
    4113:	mov    rdx,rbx
    4116:	mov    QWORD PTR [rsp+0x28],r8
    411b:	call   4120 <lume::detail::validate_inputs(lume::ProgramStorage const&, std::span<lume::Buffer const, 18446744073709551615ul>)+0x3500>
    4120:	mov    r8,QWORD PTR [rsp+0x28]
    4125:	mov    rcx,rax
    4128:	jmp    3efb <lume::detail::validate_inputs(lume::ProgramStorage const&, std::span<lume::Buffer const, 18446744073709551615ul>)+0x32db>
    412d:	cmp    rbp,0xf
    4131:	jbe    387c <lume::detail::validate_inputs(lume::ProgramStorage const&, std::span<lume::Buffer const, 18446744073709551615ul>)+0x2c5c>
    4137:	mov    edi,0x1f
    413c:	call   4141 <lume::detail::validate_inputs(lume::ProgramStorage const&, std::span<lume::Buffer const, 18446744073709551615ul>)+0x3521>
    4141:	mov    r8,QWORD PTR [rsp+0xd0]
    4149:	mov    rcx,rax
    414c:	mov    r12d,0x1e
    4152:	mov    rsi,r8
    4155:	mov    rdi,rcx
    4158:	mov    rdx,rbx
    415b:	mov    QWORD PTR [rsp+0x28],r8
    4160:	call   4165 <lume::detail::validate_inputs(lume::ProgramStorage const&, std::span<lume::Buffer const, 18446744073709551615ul>)+0x3545>
    4165:	mov    r8,QWORD PTR [rsp+0x28]
    416a:	mov    rcx,rax
    416d:	jmp    3f76 <lume::detail::validate_inputs(lume::ProgramStorage const&, std::span<lume::Buffer const, 18446744073709551615ul>)+0x3356>
    4172:	cmp    r12,0x1d
    4176:	ja     4459 <lume::detail::validate_inputs(lume::ProgramStorage const&, std::span<lume::Buffer const, 18446744073709551615ul>)+0x3839>
    417c:	mov    edi,0x1f
    4181:	mov    ebp,0x1e
    4186:	call   418b <lume::detail::validate_inputs(lume::ProgramStorage const&, std::span<lume::Buffer const, 18446744073709551615ul>)+0x356b>
    418b:	mov    rcx,QWORD PTR [rsp+0x90]
    4193:	mov    r14,rax
    4196:	test   rbx,rbx
    4199:	jne    4448 <lume::detail::validate_inputs(lume::ProgramStorage const&, std::span<lume::Buffer const, 18446744073709551615ul>)+0x3828>
    419f:	movdqa xmm0,XMMWORD PTR [rip+0x0]        # 41a7 <lume::detail::validate_inputs(lume::ProgramStorage const&, std::span<lume::Buffer const, 18446744073709551615ul>)+0x3587>
    41a7:	lea    rax,[r14+rbx*1]
    41ab:	mov    esi,0x2068
    41b0:	mov    WORD PTR [rax+0x10],si
    41b4:	movups XMMWORD PTR [rax],xmm0
    41b7:	cmp    rcx,r13
    41ba:	je     41d0 <lume::detail::validate_inputs(lume::ProgramStorage const&, std::span<lume::Buffer const, 18446744073709551615ul>)+0x35b0>
    41bc:	mov    rax,QWORD PTR [rsp+0xa0]
    41c4:	mov    rdi,rcx
    41c7:	lea    rsi,[rax+0x1]
    41cb:	call   41d0 <lume::detail::validate_inputs(lume::ProgramStorage const&, std::span<lume::Buffer const, 18446744073709551615ul>)+0x35b0>
    41d0:	mov    QWORD PTR [rsp+0x90],r14
    41d8:	mov    QWORD PTR [rsp+0xa0],rbp
    41e0:	jmp    37f8 <lume::detail::validate_inputs(lume::ProgramStorage const&, std::span<lume::Buffer const, 18446744073709551615ul>)+0x2bd8>
    41e5:	movzx  eax,BYTE PTR [r14]
    41e9:	mov    BYTE PTR [rcx],al
    41eb:	cmp    r14,r13
    41ee:	jne    3340 <lume::detail::validate_inputs(lume::ProgramStorage const&, std::span<lume::Buffer const, 18446744073709551615ul>)+0x2720>
    41f4:	mov    QWORD PTR [rsp+0x90],rcx
    41fc:	mov    r14,rbp
    41ff:	xor    r12d,r12d
    4202:	mov    QWORD PTR [rsp+0xa0],rbx
    420a:	cmp    rbx,rbp
    420d:	jae    339a <lume::detail::validate_inputs(lume::ProgramStorage const&, std::span<lume::Buffer const, 18446744073709551615ul>)+0x277a>
    4213:	jmp    3c88 <lume::detail::validate_inputs(lume::ProgramStorage const&, std::span<lume::Buffer const, 18446744073709551615ul>)+0x3068>
    4218:	nop    DWORD PTR [rax+rax*1+0x0]
    4220:	cmp    r12,0xf
    4224:	jbe    3406 <lume::detail::validate_inputs(lume::ProgramStorage const&, std::span<lume::Buffer const, 18446744073709551615ul>)+0x27e6>
    422a:	mov    edi,0x1f
    422f:	call   4234 <lume::detail::validate_inputs(lume::ProgramStorage const&, std::span<lume::Buffer const, 18446744073709551615ul>)+0x3614>
    4234:	mov    rcx,QWORD PTR [rsp+0x90]
    423c:	mov    r14,rax
    423f:	mov    ebp,0x1e
    4244:	mov    rsi,rcx
    4247:	mov    rdx,rbx
    424a:	mov    rdi,r14
    424d:	mov    QWORD PTR [rsp],rcx
    4251:	call   4256 <lume::detail::validate_inputs(lume::ProgramStorage const&, std::span<lume::Buffer const, 18446744073709551615ul>)+0x3636>
    4256:	mov    rcx,QWORD PTR [rsp]
    425a:	jmp    3d44 <lume::detail::validate_inputs(lume::ProgramStorage const&, std::span<lume::Buffer const, 18446744073709551615ul>)+0x3124>
    425f:	test   al,0x4
    4261:	jne    4566 <lume::detail::validate_inputs(lume::ProgramStorage const&, std::span<lume::Buffer const, 18446744073709551615ul>)+0x3946>
    4267:	test   eax,eax
    4269:	je     359d <lume::detail::validate_inputs(lume::ProgramStorage const&, std::span<lume::Buffer const, 18446744073709551615ul>)+0x297d>
    426f:	movzx  esi,BYTE PTR [rdi]
    4272:	mov    BYTE PTR [rbx+0x18],sil
    4276:	test   al,0x2
    4278:	je     359d <lume::detail::validate_inputs(lume::ProgramStorage const&, std::span<lume::Buffer const, 18446744073709551615ul>)+0x297d>
    427e:	mov    eax,eax
    4280:	movzx  esi,WORD PTR [rdi+rax*1-0x2]
    4285:	mov    WORD PTR [rdx+rax*1-0x2],si
    428a:	jmp    359d <lume::detail::validate_inputs(lume::ProgramStorage const&, std::span<lume::Buffer const, 18446744073709551615ul>)+0x297d>
    428f:	nop
    4290:	mov    rax,QWORD PTR [rsp+0x8]
    4295:	mov    BYTE PTR [rsp+0xc0],0x0
    429d:	lea    rdx,[rsp+0xc1]
    42a5:	mov    QWORD PTR [rsp+0xb0],rax
    42ad:	mov    eax,0x1
    42b2:	jmp    2ebc <lume::detail::validate_inputs(lume::ProgramStorage const&, std::span<lume::Buffer const, 18446744073709551615ul>)+0x229c>
    42b7:	mov    rsi,r14
    42ba:	mov    rdi,rax
    42bd:	call   42c2 <lume::detail::validate_inputs(lume::ProgramStorage const&, std::span<lume::Buffer const, 18446744073709551615ul>)+0x36a2>
    42c2:	mov    rcx,rax
    42c5:	cmp    r14,r13
    42c8:	jne    3340 <lume::detail::validate_inputs(lume::ProgramStorage const&, std::span<lume::Buffer const, 18446744073709551615ul>)+0x2720>
    42ce:	jmp    3366 <lume::detail::validate_inputs(lume::ProgramStorage const&, std::span<lume::Buffer const, 18446744073709551615ul>)+0x2746>
    42d3:	test   r12,r12
    42d6:	js     46ab <lume::detail::validate_inputs(lume::ProgramStorage const&, std::span<lume::Buffer const, 18446744073709551615ul>)+0x3a8b>
    42dc:	add    rbp,rbp
    42df:	cmp    r12,rbp
    42e2:	jae    430d <lume::detail::validate_inputs(lume::ProgramStorage const&, std::span<lume::Buffer const, 18446744073709551615ul>)+0x36ed>
    42e4:	lea    rdi,[rbp+0x1]
    42e8:	test   rbp,rbp
    42eb:	jns    4186 <lume::detail::validate_inputs(lume::ProgramStorage const&, std::span<lume::Buffer const, 18446744073709551615ul>)+0x3566>
    42f1:	mov    rax,QWORD PTR [rsp+0x238]
    42f9:	sub    rax,QWORD PTR fs:0x28
    4302:	jne    4870 <lume::detail::validate_inputs(lume::ProgramStorage const&, std::span<lume::Buffer const, 18446744073709551615ul>)+0x3c50>
    4308:	call   430d <lume::detail::validate_inputs(lume::ProgramStorage const&, std::span<lume::Buffer const, 18446744073709551615ul>)+0x36ed>
    430d:	mov    rdi,rbx
    4310:	mov    rbp,r12
    4313:	add    rdi,0x13
    4317:	jns    4186 <lume::detail::validate_inputs(lume::ProgramStorage const&, std::span<lume::Buffer const, 18446744073709551615ul>)+0x3566>
    431d:	jmp    42f1 <lume::detail::validate_inputs(lume::ProgramStorage const&, std::span<lume::Buffer const, 18446744073709551615ul>)+0x36d1>
    431f:	nop
    4320:	cmp    QWORD PTR [rsp],0x0
    4325:	je     3c49 <lume::detail::validate_inputs(lume::ProgramStorage const&, std::span<lume::Buffer const, 18446744073709551615ul>)+0x3029>
    432b:	mov    rdi,rax
    432e:	test   rbp,rbp
    4331:	je     3c49 <lume::detail::validate_inputs(lume::ProgramStorage const&, std::span<lume::Buffer const, 18446744073709551615ul>)+0x3029>
    4337:	mov    rsi,QWORD PTR [rsp]
    433b:	mov    rdx,rbp
    433e:	mov    QWORD PTR [rsp+0x30],r8
    4343:	mov    QWORD PTR [rsp+0x28],rcx
    4348:	call   434d <lume::detail::validate_inputs(lume::ProgramStorage const&, std::span<lume::Buffer const, 18446744073709551615ul>)+0x372d>
    434d:	mov    r8,QWORD PTR [rsp+0x30]
    4352:	mov    rcx,QWORD PTR [rsp+0x28]
    4357:	jmp    3c49 <lume::detail::validate_inputs(lume::ProgramStorage const&, std::span<lume::Buffer const, 18446744073709551615ul>)+0x3029>
    435c:	mov    esi,eax
    435e:	xor    edx,edx
    4360:	and    esi,0xfffffff8
    4363:	mov    rbx,QWORD PTR [rsp+0x8]
    4368:	mov    r8d,edx
    436b:	add    edx,0x8
    436e:	mov    QWORD PTR [rbx+r8*1],rdi
    4372:	cmp    edx,esi
    4374:	jb     4363 <lume::detail::validate_inputs(lume::ProgramStorage const&, std::span<lume::Buffer const, 18446744073709551615ul>)+0x3743>
    4376:	add    rdx,rbx
    4379:	jmp    2e89 <lume::detail::validate_inputs(lume::ProgramStorage const&, std::span<lume::Buffer const, 18446744073709551615ul>)+0x2269>
    437e:	lea    rdi,[r14+0x1]
    4382:	jmp    1fbd <lume::detail::validate_inputs(lume::ProgramStorage const&, std::span<lume::Buffer const, 18446744073709551615ul>)+0x139d>
    4387:	lea    rdi,[rax+0x1]
    438b:	jmp    2085 <lume::detail::validate_inputs(lume::ProgramStorage const&, std::span<lume::Buffer const, 18446744073709551615ul>)+0x1465>
    4390:	lea    rdi,[r14+0x1]
    4394:	jmp    1f0d <lume::detail::validate_inputs(lume::ProgramStorage const&, std::span<lume::Buffer const, 18446744073709551615ul>)+0x12ed>
    4399:	cmp    rbx,0x1
    439d:	jne    4244 <lume::detail::validate_inputs(lume::ProgramStorage const&, std::span<lume::Buffer const, 18446744073709551615ul>)+0x3624>
    43a3:	movzx  eax,BYTE PTR [rcx]
    43a6:	mov    BYTE PTR [r14],al
    43a9:	jmp    3d44 <lume::detail::validate_inputs(lume::ProgramStorage const&, std::span<lume::Buffer const, 18446744073709551615ul>)+0x3124>
    43ae:	mov    rax,QWORD PTR [rsp]
    43b2:	movzx  eax,BYTE PTR [rax]
    43b5:	mov    BYTE PTR [rdi],al
    43b7:	mov    rcx,QWORD PTR [rsp+0x90]
    43bf:	jmp    3787 <lume::detail::validate_inputs(lume::ProgramStorage const&, std::span<lume::Buffer const, 18446744073709551615ul>)+0x2b67>
    43c4:	cmp    rbx,0x1
    43c8:	jne    410d <lume::detail::validate_inputs(lume::ProgramStorage const&, std::span<lume::Buffer const, 18446744073709551615ul>)+0x34ed>
    43ce:	movzx  eax,BYTE PTR [r8]
    43d2:	mov    BYTE PTR [rcx],al
    43d4:	jmp    3efb <lume::detail::validate_inputs(lume::ProgramStorage const&, std::span<lume::Buffer const, 18446744073709551615ul>)+0x32db>
    43d9:	cmp    rbx,0x1
    43dd:	jne    4152 <lume::detail::validate_inputs(lume::ProgramStorage const&, std::span<lume::Buffer const, 18446744073709551615ul>)+0x3532>
    43e3:	movzx  eax,BYTE PTR [r8]
    43e7:	mov    BYTE PTR [rcx],al
    43e9:	jmp    3f76 <lume::detail::validate_inputs(lume::ProgramStorage const&, std::span<lume::Buffer const, 18446744073709551615ul>)+0x3356>
    43ee:	mov    esi,DWORD PTR [rsp+0x148]
    43f5:	mov    DWORD PTR [rdi],esi
    43f7:	mov    edx,DWORD PTR [rdx+rax*1-0x4]
    43fb:	mov    DWORD PTR [rdi+rax*1-0x4],edx
    43ff:	jmp    1425 <lume::detail::validate_inputs(lume::ProgramStorage const&, std::span<lume::Buffer const, 18446744073709551615ul>)+0x805>
    4404:	mov    eax,DWORD PTR [rbx]
    4406:	mov    DWORD PTR [rsp+0x148],eax
    440d:	mov    eax,DWORD PTR [rbx+rdi*1-0x4]
    4411:	mov    DWORD PTR [rdx+rdi*1-0x4],eax
    4415:	jmp    2b6a <lume::detail::validate_inputs(lume::ProgramStorage const&, std::span<lume::Buffer const, 18446744073709551615ul>)+0x1f4a>
    441a:	mov    ecx,edi
    441c:	xor    eax,eax
    441e:	and    ecx,0xfffffff8
    4421:	mov    edx,eax
    4423:	mov    rbx,QWORD PTR [rsp+0x20]
    4428:	add    eax,0x8
    442b:	mov    r8,QWORD PTR [r9+rdx*1]
    442f:	mov    QWORD PTR [rbx+rdx*1],r8
    4433:	cmp    eax,ecx
    4435:	jb     4421 <lume::detail::validate_inputs(lume::ProgramStorage const&, std::span<lume::Buffer const, 18446744073709551615ul>)+0x3801>
    4437:	lea    rcx,[rbx+rax*1]
    443b:	mov    rbx,QWORD PTR [rsp+0x10]
    4440:	add    rax,rbx
    4443:	jmp    3ff0 <lume::detail::validate_inputs(lume::ProgramStorage const&, std::span<lume::Buffer const, 18446744073709551615ul>)+0x33d0>
    4448:	cmp    rbx,0x1
    444c:	jne    4470 <lume::detail::validate_inputs(lume::ProgramStorage const&, std::span<lume::Buffer const, 18446744073709551615ul>)+0x3850>
    444e:	movzx  eax,BYTE PTR [rcx]
    4451:	mov    BYTE PTR [r14],al
    4454:	jmp    419f <lume::detail::validate_inputs(lume::ProgramStorage const&, std::span<lume::Buffer const, 18446744073709551615ul>)+0x357f>
    4459:	lea    rdi,[rbx+0x13]
    445d:	call   4462 <lume::detail::validate_inputs(lume::ProgramStorage const&, std::span<lume::Buffer const, 18446744073709551615ul>)+0x3842>
    4462:	mov    rcx,QWORD PTR [rsp+0x90]
    446a:	mov    r14,rax
    446d:	mov    rbp,r12
    4470:	mov    rsi,rcx
    4473:	mov    rdx,rbx
    4476:	mov    rdi,r14
    4479:	mov    QWORD PTR [rsp],rcx
    447d:	call   4482 <lume::detail::validate_inputs(lume::ProgramStorage const&, std::span<lume::Buffer const, 18446744073709551615ul>)+0x3862>
    4482:	mov    rcx,QWORD PTR [rsp]
    4486:	jmp    419f <lume::detail::validate_inputs(lume::ProgramStorage const&, std::span<lume::Buffer const, 18446744073709551615ul>)+0x357f>
    448b:	mov    edi,esi
    448d:	xor    eax,eax
    448f:	and    edi,0xfffffff8
    4492:	mov    edx,eax
    4494:	mov    rbx,QWORD PTR [rsp+0x20]
    4499:	add    eax,0x8
    449c:	mov    r8,QWORD PTR [r9+rdx*1]
    44a0:	mov    QWORD PTR [rbx+rdx*1],r8
    44a4:	cmp    eax,edi
    44a6:	jb     4492 <lume::detail::validate_inputs(lume::ProgramStorage const&, std::span<lume::Buffer const, 18446744073709551615ul>)+0x3872>
    44a8:	lea    rdi,[rbx+rax*1]
    44ac:	mov    rbx,QWORD PTR [rsp+0x10]
    44b1:	add    rax,rbx
    44b4:	jmp    4056 <lume::detail::validate_inputs(lume::ProgramStorage const&, std::span<lume::Buffer const, 18446744073709551615ul>)+0x3436>
    44b9:	lea    rdi,[rbx+0x1]
    44bd:	jmp    3e38 <lume::detail::validate_inputs(lume::ProgramStorage const&, std::span<lume::Buffer const, 18446744073709551615ul>)+0x3218>
    44c2:	movzx  eax,BYTE PTR [r8]
    44c6:	mov    BYTE PTR [rcx],al
    44c8:	jmp    3e72 <lume::detail::validate_inputs(lume::ProgramStorage const&, std::span<lume::Buffer const, 18446744073709551615ul>)+0x3252>
    44cd:	movzx  eax,WORD PTR [rbx+rdi*1-0x2]
    44d2:	mov    WORD PTR [rdx+rdi*1-0x2],ax
    44d7:	jmp    2b6a <lume::detail::validate_inputs(lume::ProgramStorage const&, std::span<lume::Buffer const, 18446744073709551615ul>)+0x1f4a>
    44dc:	movzx  eax,BYTE PTR [r8]
    44e0:	mov    BYTE PTR [rcx],al
    44e2:	jmp    3c28 <lume::detail::validate_inputs(lume::ProgramStorage const&, std::span<lume::Buffer const, 18446744073709551615ul>)+0x3008>
    44e7:	mov    QWORD PTR [rsp+0x90],rax
    44ef:	mov    r12,0xffffffffffffffff
    44f6:	mov    QWORD PTR [rsp+0xa0],rbx
    44fe:	jmp    338c <lume::detail::validate_inputs(lume::ProgramStorage const&, std::span<lume::Buffer const, 18446744073709551615ul>)+0x276c>
    4503:	mov    rax,QWORD PTR [rsp+0x8]
    4508:	mov    rdx,QWORD PTR [rsp+0x8]
    450d:	mov    QWORD PTR [rsp+0xb0],rax
    4515:	mov    eax,0x4
    451a:	jmp    2e7c <lume::detail::validate_inputs(lume::ProgramStorage const&, std::span<lume::Buffer const, 18446744073709551615ul>)+0x225c>
    451f:	mov    rax,QWORD PTR [rsp+0x8]
    4524:	mov    rdx,QWORD PTR [rsp+0x8]
    4529:	mov    QWORD PTR [rsp+0xb0],rax
    4531:	mov    eax,0x3
    4536:	jmp    2e7c <lume::detail::validate_inputs(lume::ProgramStorage const&, std::span<lume::Buffer const, 18446744073709551615ul>)+0x225c>
    453b:	mov    rax,QWORD PTR [rsp+0x8]
    4540:	mov    rdx,QWORD PTR [rsp+0x8]
    4545:	mov    QWORD PTR [rsp+0xb0],rax
    454d:	mov    eax,0x2
    4552:	jmp    2e7c <lume::detail::validate_inputs(lume::ProgramStorage const&, std::span<lume::Buffer const, 18446744073709551615ul>)+0x225c>
    4557:	movzx  esi,WORD PTR [rsi+rax*1-0x2]
    455c:	mov    WORD PTR [rcx+rax*1-0x2],si
    4561:	jmp    3297 <lume::detail::validate_inputs(lume::ProgramStorage const&, std::span<lume::Buffer const, 18446744073709551615ul>)+0x2677>
    4566:	mov    esi,DWORD PTR [rdi]
    4568:	mov    eax,eax
    456a:	mov    DWORD PTR [rbx+0x18],esi
    456d:	mov    esi,DWORD PTR [rdi+rax*1-0x4]
    4571:	mov    DWORD PTR [rdx+rax*1-0x4],esi
    4575:	jmp    359d <lume::detail::validate_inputs(lume::ProgramStorage const&, std::span<lume::Buffer const, 18446744073709551615ul>)+0x297d>
    457a:	mov    rax,QWORD PTR [rsp+0x238]
    4582:	sub    rax,QWORD PTR fs:0x28
    458b:	jne    4870 <lume::detail::validate_inputs(lume::ProgramStorage const&, std::span<lume::Buffer const, 18446744073709551615ul>)+0x3c50>
    4591:	lea    rdi,[rip+0x0]        # 4598 <lume::detail::validate_inputs(lume::ProgramStorage const&, std::span<lume::Buffer const, 18446744073709551615ul>)+0x3978>
    4598:	call   459d <lume::detail::validate_inputs(lume::ProgramStorage const&, std::span<lume::Buffer const, 18446744073709551615ul>)+0x397d>
    459d:	mov    rax,QWORD PTR [rsp+0x238]
    45a5:	sub    rax,QWORD PTR fs:0x28
    45ae:	jne    4870 <lume::detail::validate_inputs(lume::ProgramStorage const&, std::span<lume::Buffer const, 18446744073709551615ul>)+0x3c50>
    45b4:	lea    rdi,[rip+0x0]        # 45bb <lume::detail::validate_inputs(lume::ProgramStorage const&, std::span<lume::Buffer const, 18446744073709551615ul>)+0x399b>
    45bb:	call   45c0 <lume::detail::validate_inputs(lume::ProgramStorage const&, std::span<lume::Buffer const, 18446744073709551615ul>)+0x39a0>
    45c0:	mov    rax,QWORD PTR [rsp+0x238]
    45c8:	sub    rax,QWORD PTR fs:0x28
    45d1:	jne    4870 <lume::detail::validate_inputs(lume::ProgramStorage const&, std::span<lume::Buffer const, 18446744073709551615ul>)+0x3c50>
    45d7:	lea    rax,[rsp+0xb0]
    45df:	lea    rdi,[rip+0x0]        # 45e6 <lume::detail::validate_inputs(lume::ProgramStorage const&, std::span<lume::Buffer const, 18446744073709551615ul>)+0x39c6>
    45e6:	mov    QWORD PTR [rsp+0x60],rax
    45eb:	call   45f0 <lume::detail::validate_inputs(lume::ProgramStorage const&, std::span<lume::Buffer const, 18446744073709551615ul>)+0x39d0>
    45f0:	mov    rax,QWORD PTR [rsp+0x238]
    45f8:	sub    rax,QWORD PTR fs:0x28
    4601:	jne    4870 <lume::detail::validate_inputs(lume::ProgramStorage const&, std::span<lume::Buffer const, 18446744073709551615ul>)+0x3c50>
    4607:	lea    rdi,[rip+0x0]        # 460e <lume::detail::validate_inputs(lume::ProgramStorage const&, std::span<lume::Buffer const, 18446744073709551615ul>)+0x39ee>
    460e:	call   4613 <lume::detail::validate_inputs(lume::ProgramStorage const&, std::span<lume::Buffer const, 18446744073709551615ul>)+0x39f3>
    4613:	mov    rax,QWORD PTR [rsp+0x238]
    461b:	sub    rax,QWORD PTR fs:0x28
    4624:	jne    4870 <lume::detail::validate_inputs(lume::ProgramStorage const&, std::span<lume::Buffer const, 18446744073709551615ul>)+0x3c50>
    462a:	lea    rdi,[rip+0x0]        # 4631 <lume::detail::validate_inputs(lume::ProgramStorage const&, std::span<lume::Buffer const, 18446744073709551615ul>)+0x3a11>
    4631:	call   4636 <lume::detail::validate_inputs(lume::ProgramStorage const&, std::span<lume::Buffer const, 18446744073709551615ul>)+0x3a16>
    4636:	mov    rax,QWORD PTR [rsp+0x238]
    463e:	sub    rax,QWORD PTR fs:0x28
    4647:	jne    4870 <lume::detail::validate_inputs(lume::ProgramStorage const&, std::span<lume::Buffer const, 18446744073709551615ul>)+0x3c50>
    464d:	lea    rdi,[rip+0x0]        # 4654 <lume::detail::validate_inputs(lume::ProgramStorage const&, std::span<lume::Buffer const, 18446744073709551615ul>)+0x3a34>
    4654:	call   4659 <lume::detail::validate_inputs(lume::ProgramStorage const&, std::span<lume::Buffer const, 18446744073709551615ul>)+0x3a39>
    4659:	mov    rax,QWORD PTR [rsp+0x238]
    4661:	sub    rax,QWORD PTR fs:0x28
    466a:	jne    4870 <lume::detail::validate_inputs(lume::ProgramStorage const&, std::span<lume::Buffer const, 18446744073709551615ul>)+0x3c50>
    4670:	lea    rdi,[rip+0x0]        # 4677 <lume::detail::validate_inputs(lume::ProgramStorage const&, std::span<lume::Buffer const, 18446744073709551615ul>)+0x3a57>
    4677:	call   467c <lume::detail::validate_inputs(lume::ProgramStorage const&, std::span<lume::Buffer const, 18446744073709551615ul>)+0x3a5c>
    467c:	mov    rax,QWORD PTR [rsp+0x238]
    4684:	sub    rax,QWORD PTR fs:0x28
    468d:	jne    4870 <lume::detail::validate_inputs(lume::ProgramStorage const&, std::span<lume::Buffer const, 18446744073709551615ul>)+0x3c50>
    4693:	lea    rax,[rsp+0x90]
    469b:	lea    rdi,[rip+0x0]        # 46a2 <lume::detail::validate_inputs(lume::ProgramStorage const&, std::span<lume::Buffer const, 18446744073709551615ul>)+0x3a82>
    46a2:	mov    QWORD PTR [rsp],rax
    46a6:	call   46ab <lume::detail::validate_inputs(lume::ProgramStorage const&, std::span<lume::Buffer const, 18446744073709551615ul>)+0x3a8b>
    46ab:	mov    rax,QWORD PTR [rsp+0x238]
    46b3:	sub    rax,QWORD PTR fs:0x28
    46bc:	jne    4870 <lume::detail::validate_inputs(lume::ProgramStorage const&, std::span<lume::Buffer const, 18446744073709551615ul>)+0x3c50>
    46c2:	lea    rdi,[rip+0x0]        # 46c9 <lume::detail::validate_inputs(lume::ProgramStorage const&, std::span<lume::Buffer const, 18446744073709551615ul>)+0x3aa9>
    46c9:	call   46ce <lume::detail::validate_inputs(lume::ProgramStorage const&, std::span<lume::Buffer const, 18446744073709551615ul>)+0x3aae>
    46ce:	mov    rax,QWORD PTR [rsp+0x238]
    46d6:	sub    rax,QWORD PTR fs:0x28
    46df:	jne    4870 <lume::detail::validate_inputs(lume::ProgramStorage const&, std::span<lume::Buffer const, 18446744073709551615ul>)+0x3c50>
    46e5:	lea    rdi,[rip+0x0]        # 46ec <lume::detail::validate_inputs(lume::ProgramStorage const&, std::span<lume::Buffer const, 18446744073709551615ul>)+0x3acc>
    46ec:	call   46f1 <lume::detail::validate_inputs(lume::ProgramStorage const&, std::span<lume::Buffer const, 18446744073709551615ul>)+0x3ad1>
    46f1:	mov    eax,0x1
    46f6:	jmp    2e69 <lume::detail::validate_inputs(lume::ProgramStorage const&, std::span<lume::Buffer const, 18446744073709551615ul>)+0x2249>
    46fb:	mov    rax,QWORD PTR [rsp+0x238]
    4703:	sub    rax,QWORD PTR fs:0x28
    470c:	jne    4870 <lume::detail::validate_inputs(lume::ProgramStorage const&, std::span<lume::Buffer const, 18446744073709551615ul>)+0x3c50>
    4712:	lea    rax,[rsp+0x90]
    471a:	lea    rdi,[rip+0x0]        # 4721 <lume::detail::validate_inputs(lume::ProgramStorage const&, std::span<lume::Buffer const, 18446744073709551615ul>)+0x3b01>
    4721:	mov    QWORD PTR [rsp],rax
    4725:	call   472a <lume::detail::validate_inputs(lume::ProgramStorage const&, std::span<lume::Buffer const, 18446744073709551615ul>)+0x3b0a>
    472a:	mov    rax,QWORD PTR [rsp+0x238]
    4732:	sub    rax,QWORD PTR fs:0x28
    473b:	jne    4870 <lume::detail::validate_inputs(lume::ProgramStorage const&, std::span<lume::Buffer const, 18446744073709551615ul>)+0x3c50>
    4741:	lea    rdi,[rip+0x0]        # 4748 <lume::detail::validate_inputs(lume::ProgramStorage const&, std::span<lume::Buffer const, 18446744073709551615ul>)+0x3b28>
    4748:	call   474d <lume::detail::validate_inputs(lume::ProgramStorage const&, std::span<lume::Buffer const, 18446744073709551615ul>)+0x3b2d>
    474d:	mov    rax,QWORD PTR [rsp+0x238]
    4755:	sub    rax,QWORD PTR fs:0x28
    475e:	jne    4870 <lume::detail::validate_inputs(lume::ProgramStorage const&, std::span<lume::Buffer const, 18446744073709551615ul>)+0x3c50>
    4764:	lea    rdi,[rip+0x0]        # 476b <lume::detail::validate_inputs(lume::ProgramStorage const&, std::span<lume::Buffer const, 18446744073709551615ul>)+0x3b4b>
    476b:	call   4770 <lume::detail::validate_inputs(lume::ProgramStorage const&, std::span<lume::Buffer const, 18446744073709551615ul>)+0x3b50>
    4770:	mov    rax,QWORD PTR [rsp+0x238]
    4778:	sub    rax,QWORD PTR fs:0x28
    4781:	jne    4870 <lume::detail::validate_inputs(lume::ProgramStorage const&, std::span<lume::Buffer const, 18446744073709551615ul>)+0x3c50>
    4787:	lea    rdi,[rip+0x0]        # 478e <lume::detail::validate_inputs(lume::ProgramStorage const&, std::span<lume::Buffer const, 18446744073709551615ul>)+0x3b6e>
    478e:	call   4793 <lume::detail::validate_inputs(lume::ProgramStorage const&, std::span<lume::Buffer const, 18446744073709551615ul>)+0x3b73>
    4793:	mov    rax,QWORD PTR [rsp+0x238]
    479b:	sub    rax,QWORD PTR fs:0x28
    47a4:	jne    4870 <lume::detail::validate_inputs(lume::ProgramStorage const&, std::span<lume::Buffer const, 18446744073709551615ul>)+0x3c50>
    47aa:	lea    rdi,[rip+0x0]        # 47b1 <lume::detail::validate_inputs(lume::ProgramStorage const&, std::span<lume::Buffer const, 18446744073709551615ul>)+0x3b91>
    47b1:	call   47b6 <lume::detail::validate_inputs(lume::ProgramStorage const&, std::span<lume::Buffer const, 18446744073709551615ul>)+0x3b96>
    47b6:	mov    rax,QWORD PTR [rsp+0x238]
    47be:	sub    rax,QWORD PTR fs:0x28
    47c7:	jne    4870 <lume::detail::validate_inputs(lume::ProgramStorage const&, std::span<lume::Buffer const, 18446744073709551615ul>)+0x3c50>
    47cd:	lea    rdi,[rip+0x0]        # 47d4 <lume::detail::validate_inputs(lume::ProgramStorage const&, std::span<lume::Buffer const, 18446744073709551615ul>)+0x3bb4>
    47d4:	call   47d9 <lume::detail::validate_inputs(lume::ProgramStorage const&, std::span<lume::Buffer const, 18446744073709551615ul>)+0x3bb9>
    47d9:	mov    rax,QWORD PTR [rsp+0x238]
    47e1:	sub    rax,QWORD PTR fs:0x28
    47ea:	jne    4870 <lume::detail::validate_inputs(lume::ProgramStorage const&, std::span<lume::Buffer const, 18446744073709551615ul>)+0x3c50>
    47f0:	lea    rax,[rsp+0xb0]
    47f8:	lea    rdi,[rip+0x0]        # 47ff <lume::detail::validate_inputs(lume::ProgramStorage const&, std::span<lume::Buffer const, 18446744073709551615ul>)+0x3bdf>
    47ff:	mov    QWORD PTR [rsp+0x60],rax
    4804:	call   4809 <lume::detail::validate_inputs(lume::ProgramStorage const&, std::span<lume::Buffer const, 18446744073709551615ul>)+0x3be9>
    4809:	mov    rax,QWORD PTR [rsp+0x238]
    4811:	sub    rax,QWORD PTR fs:0x28
    481a:	jne    4870 <lume::detail::validate_inputs(lume::ProgramStorage const&, std::span<lume::Buffer const, 18446744073709551615ul>)+0x3c50>
    481c:	lea    rdi,[rip+0x0]        # 4823 <lume::detail::validate_inputs(lume::ProgramStorage const&, std::span<lume::Buffer const, 18446744073709551615ul>)+0x3c03>
    4823:	call   4828 <lume::detail::validate_inputs(lume::ProgramStorage const&, std::span<lume::Buffer const, 18446744073709551615ul>)+0x3c08>
    4828:	mov    rax,QWORD PTR [rsp+0x238]
    4830:	sub    rax,QWORD PTR fs:0x28
    4839:	jne    4870 <lume::detail::validate_inputs(lume::ProgramStorage const&, std::span<lume::Buffer const, 18446744073709551615ul>)+0x3c50>
    483b:	lea    rdi,[rip+0x0]        # 4842 <lume::detail::validate_inputs(lume::ProgramStorage const&, std::span<lume::Buffer const, 18446744073709551615ul>)+0x3c22>
    4842:	call   4847 <lume::detail::validate_inputs(lume::ProgramStorage const&, std::span<lume::Buffer const, 18446744073709551615ul>)+0x3c27>
    4847:	mov    rax,QWORD PTR [rsp+0x238]
    484f:	sub    rax,QWORD PTR fs:0x28
    4858:	jne    4870 <lume::detail::validate_inputs(lume::ProgramStorage const&, std::span<lume::Buffer const, 18446744073709551615ul>)+0x3c50>
    485a:	lea    rdi,[rip+0x0]        # 4861 <lume::detail::validate_inputs(lume::ProgramStorage const&, std::span<lume::Buffer const, 18446744073709551615ul>)+0x3c41>
    4861:	call   4866 <lume::detail::validate_inputs(lume::ProgramStorage const&, std::span<lume::Buffer const, 18446744073709551615ul>)+0x3c46>
    4866:	mov    rdi,QWORD PTR [rsp+0x20]
    486b:	jmp    267c <lume::detail::validate_inputs(lume::ProgramStorage const&, std::span<lume::Buffer const, 18446744073709551615ul>)+0x1a5c>
    4870:	call   4875 <lume::detail::validate_inputs(lume::ProgramStorage const&, std::span<lume::Buffer const, 18446744073709551615ul>)+0x3c55>
    4875:	mov    rax,QWORD PTR [rsp+0x238]
    487d:	sub    rax,QWORD PTR fs:0x28
    4886:	jne    4870 <lume::detail::validate_inputs(lume::ProgramStorage const&, std::span<lume::Buffer const, 18446744073709551615ul>)+0x3c50>
    4888:	lea    rdi,[rip+0x0]        # 488f <lume::detail::validate_inputs(lume::ProgramStorage const&, std::span<lume::Buffer const, 18446744073709551615ul>)+0x3c6f>
    488f:	call   4894 <lume::detail::validate_inputs(lume::ProgramStorage const&, std::span<lume::Buffer const, 18446744073709551615ul>)+0x3c74>
    4894:	mov    rax,QWORD PTR [rsp+0x238]
    489c:	sub    rax,QWORD PTR fs:0x28
    48a5:	jne    4870 <lume::detail::validate_inputs(lume::ProgramStorage const&, std::span<lume::Buffer const, 18446744073709551615ul>)+0x3c50>
    48a7:	lea    rdi,[rip+0x0]        # 48ae <lume::detail::validate_inputs(lume::ProgramStorage const&, std::span<lume::Buffer const, 18446744073709551615ul>)+0x3c8e>
    48ae:	call   48b3 <lume::detail::validate_inputs(lume::ProgramStorage const&, std::span<lume::Buffer const, 18446744073709551615ul>)+0x3c93>
    48b3:	mov    rax,QWORD PTR [rsp+0x238]
    48bb:	sub    rax,QWORD PTR fs:0x28
    48c4:	jne    4870 <lume::detail::validate_inputs(lume::ProgramStorage const&, std::span<lume::Buffer const, 18446744073709551615ul>)+0x3c50>
    48c6:	lea    rdi,[rip+0x0]        # 48cd <lume::detail::validate_inputs(lume::ProgramStorage const&, std::span<lume::Buffer const, 18446744073709551615ul>)+0x3cad>
    48cd:	call   48d2 <lume::detail::validate_inputs(lume::ProgramStorage const&, std::span<lume::Buffer const, 18446744073709551615ul>)+0x3cb2>
    48d2:	mov    rax,QWORD PTR [rsp+0x238]
    48da:	sub    rax,QWORD PTR fs:0x28
    48e3:	jne    4870 <lume::detail::validate_inputs(lume::ProgramStorage const&, std::span<lume::Buffer const, 18446744073709551615ul>)+0x3c50>
    48e5:	lea    rdi,[rip+0x0]        # 48ec <lume::detail::validate_inputs(lume::ProgramStorage const&, std::span<lume::Buffer const, 18446744073709551615ul>)+0x3ccc>
    48ec:	call   48f1 <lume::detail::validate_inputs(lume::ProgramStorage const&, std::span<lume::Buffer const, 18446744073709551615ul>)+0x3cd1>
    48f1:	cmp    rbp,0x1
    48f5:	jne    4909 <lume::detail::validate_inputs(lume::ProgramStorage const&, std::span<lume::Buffer const, 18446744073709551615ul>)+0x3ce9>
    48f7:	movzx  eax,BYTE PTR [rax]
    48fa:	mov    rcx,r13
    48fd:	mov    BYTE PTR [rsp+0xa0],al
    4904:	jmp    33b5 <lume::detail::validate_inputs(lume::ProgramStorage const&, std::span<lume::Buffer const, 18446744073709551615ul>)+0x2795>
    4909:	mov    r14,rbp
    490c:	mov    rdi,r13
    490f:	jmp    339e <lume::detail::validate_inputs(lume::ProgramStorage const&, std::span<lume::Buffer const, 18446744073709551615ul>)+0x277e>
    4914:	endbr64
    4918:	mov    rbx,rax
    491b:	jmp    4920 <lume::detail::validate_inputs(lume::ProgramStorage const&, std::span<lume::Buffer const, 18446744073709551615ul>)+0x3d00>
    4920:	endbr64
    4924:	mov    rbx,rax
    4927:	jmp    492c <lume::detail::validate_inputs(lume::ProgramStorage const&, std::span<lume::Buffer const, 18446744073709551615ul>)+0x3d0c>
    492c:	endbr64
    4930:	mov    rbx,rax
    4933:	jmp    4938 <lume::detail::validate_inputs(lume::ProgramStorage const&, std::span<lume::Buffer const, 18446744073709551615ul>)+0x3d18>
    4938:	endbr64
    493c:	mov    rbx,rax
    493f:	jmp    4944 <lume::detail::validate_inputs(lume::ProgramStorage const&, std::span<lume::Buffer const, 18446744073709551615ul>)+0x3d24>
    4944:	endbr64
    4948:	mov    rbx,rax
    494b:	jmp    4950 <lume::detail::validate_inputs(lume::ProgramStorage const&, std::span<lume::Buffer const, 18446744073709551615ul>)+0x3d30>
    4950:	endbr64
    4954:	mov    rbx,rax
    4957:	jmp    495c <lume::detail::validate_inputs(lume::ProgramStorage const&, std::span<lume::Buffer const, 18446744073709551615ul>)+0x3d3c>
    495c:	endbr64
    4960:	mov    rbx,rax
    4963:	jmp    4968 <lume::detail::validate_inputs(lume::ProgramStorage const&, std::span<lume::Buffer const, 18446744073709551615ul>)+0x3d48>
    4968:	endbr64
    496c:	mov    rbx,rax
    496f:	jmp    4974 <lume::detail::validate_inputs(lume::ProgramStorage const&, std::span<lume::Buffer const, 18446744073709551615ul>)+0x3d54>
    4974:	endbr64
    4978:	mov    rbx,rax
    497b:	jmp    4980 <lume::detail::validate_inputs(lume::ProgramStorage const&, std::span<lume::Buffer const, 18446744073709551615ul>)+0x3d60>
    4980:	endbr64
    4984:	mov    rbx,rax
    4987:	lea    rax,[rsp+0xf0]
    498f:	mov    QWORD PTR [rsp+0x58],rax
    4994:	jmp    4999 <lume::detail::validate_inputs(lume::ProgramStorage const&, std::span<lume::Buffer const, 18446744073709551615ul>)+0x3d79>
    4999:	endbr64
    499d:	mov    rbx,rax
    49a0:	lea    rax,[rsp+0xf0]
    49a8:	mov    QWORD PTR [rsp+0x58],rax
    49ad:	jmp    49b2 <lume::detail::validate_inputs(lume::ProgramStorage const&, std::span<lume::Buffer const, 18446744073709551615ul>)+0x3d92>
    49b2:	endbr64
    49b6:	mov    rbx,rax
    49b9:	lea    rax,[rsp+0x110]
    49c1:	mov    QWORD PTR [rsp+0x50],rax
    49c6:	jmp    49cb <lume::detail::validate_inputs(lume::ProgramStorage const&, std::span<lume::Buffer const, 18446744073709551615ul>)+0x3dab>
    49cb:	endbr64
    49cf:	mov    rbx,rax
    49d2:	jmp    49d7 <lume::detail::validate_inputs(lume::ProgramStorage const&, std::span<lume::Buffer const, 18446744073709551615ul>)+0x3db7>
    49d7:	endbr64
    49db:	mov    rbx,rax
    49de:	lea    rax,[rsp+0xf0]
    49e6:	mov    QWORD PTR [rsp+0x58],rax
    49eb:	jmp    49f0 <lume::detail::validate_inputs(lume::ProgramStorage const&, std::span<lume::Buffer const, 18446744073709551615ul>)+0x3dd0>
    49f0:	endbr64
    49f4:	mov    rbx,rax
    49f7:	jmp    49fc <lume::detail::validate_inputs(lume::ProgramStorage const&, std::span<lume::Buffer const, 18446744073709551615ul>)+0x3ddc>
    49fc:	endbr64
    4a00:	mov    rbx,rax
    4a03:	jmp    4a08 <lume::detail::validate_inputs(lume::ProgramStorage const&, std::span<lume::Buffer const, 18446744073709551615ul>)+0x3de8>
    4a08:	endbr64
    4a0c:	mov    rbx,rax
    4a0f:	jmp    4a14 <lume::detail::validate_inputs(lume::ProgramStorage const&, std::span<lume::Buffer const, 18446744073709551615ul>)+0x3df4>
    4a14:	endbr64
    4a18:	mov    rbx,rax
    4a1b:	lea    rax,[rsp+0x110]
    4a23:	mov    QWORD PTR [rsp+0x50],rax
    4a28:	jmp    4a2d <lume::detail::validate_inputs(lume::ProgramStorage const&, std::span<lume::Buffer const, 18446744073709551615ul>)+0x3e0d>
    4a2d:	endbr64
    4a31:	mov    rbx,rax
    4a34:	lea    rax,[rsp+0x110]
    4a3c:	mov    QWORD PTR [rsp+0x50],rax
    4a41:	jmp    4a46 <lume::detail::validate_inputs(lume::ProgramStorage const&, std::span<lume::Buffer const, 18446744073709551615ul>)+0x3e26>
    4a46:	endbr64
    4a4a:	mov    rbx,rax
    4a4d:	jmp    4a52 <lume::detail::validate_inputs(lume::ProgramStorage const&, std::span<lume::Buffer const, 18446744073709551615ul>)+0x3e32>
    4a52:	data16 cs nop WORD PTR [rax+rax*1+0x0]
    4a5d:	nop    DWORD PTR [rax]

0000000000004a60 <lume::detail::execute_cpu_reference_with_policy(lume::VerifiedProgram const&, std::span<lume::Buffer const, 18446744073709551615ul>, lume::detail::ExecutionPolicy const&, lume::detail::ExecutionStats*, std::vector<unsigned int, std::allocator<unsigned int> >*)>:
    4a60:	endbr64
    4a64:	push   r15
    4a66:	push   r14
    4a68:	mov    r14,rdi
    4a6b:	push   r13
    4a6d:	push   r12
    4a6f:	push   rbp
    4a70:	push   rbx
    4a71:	mov    rbx,rsi
    4a74:	sub    rsp,0x328
    4a7b:	mov    rax,QWORD PTR [rsp+0x360]
    4a83:	mov    QWORD PTR [rsp+0x48],rdx
    4a88:	mov    QWORD PTR [rsp+0x20],r8
    4a8d:	mov    QWORD PTR [rsp+0x30],r9
    4a92:	mov    QWORD PTR [rsp+0x60],rax
    4a97:	mov    rax,QWORD PTR fs:0x28
    4aa0:	mov    QWORD PTR [rsp+0x318],rax
    4aa8:	xor    eax,eax
    4aaa:	lea    rax,[rsp+0x2d0]
    4ab2:	mov    rdi,rax
    4ab5:	mov    QWORD PTR [rsp+0x68],rax
    4aba:	call   4abf <lume::detail::execute_cpu_reference_with_policy(lume::VerifiedProgram const&, std::span<lume::Buffer const, 18446744073709551615ul>, lume::detail::ExecutionPolicy const&, lume::detail::ExecutionStats*, std::vector<unsigned int, std::allocator<unsigned int> >*)+0x5f>
    4abf:	cmp    BYTE PTR [rsp+0x2f8],0x0
    4ac7:	je     4b70 <lume::detail::execute_cpu_reference_with_policy(lume::VerifiedProgram const&, std::span<lume::Buffer const, 18446744073709551615ul>, lume::detail::ExecutionPolicy const&, lume::detail::ExecutionStats*, std::vector<unsigned int, std::allocator<unsigned int> >*)+0x110>
    4acd:	movzx  eax,BYTE PTR [rsp+0x2d0]
    4ad5:	pxor   xmm0,xmm0
    4ad9:	lea    rdx,[r14+0x30]
    4add:	lea    rcx,[rsp+0x2e8]
    4ae5:	movups XMMWORD PTR [r14+0x10],xmm0
    4aea:	mov    rsi,QWORD PTR [rsp+0x2e0]
    4af2:	mov    BYTE PTR [r14+0x18],al
    4af6:	mov    rax,QWORD PTR [rsp+0x2d8]
    4afe:	movups XMMWORD PTR [r14+0x20],xmm0
    4b03:	mov    QWORD PTR [r14+0x40],0x0
    4b0b:	mov    QWORD PTR [r14+0x20],rdx
    4b0f:	movups XMMWORD PTR [r14],xmm0
    4b13:	movups XMMWORD PTR [r14+0x30],xmm0
    4b18:	cmp    rax,rcx
    4b1b:	je     5146 <lume::detail::execute_cpu_reference_with_policy(lume::VerifiedProgram const&, std::span<lume::Buffer const, 18446744073709551615ul>, lume::detail::ExecutionPolicy const&, lume::detail::ExecutionStats*, std::vector<unsigned int, std::allocator<unsigned int> >*)+0x6e6>
    4b21:	mov    QWORD PTR [r14+0x20],rax
    4b25:	mov    rax,QWORD PTR [rsp+0x2e8]
    4b2d:	mov    QWORD PTR [r14+0x30],rax
    4b31:	mov    QWORD PTR [r14+0x28],rsi
    4b35:	mov    BYTE PTR [r14+0x40],0x1
    4b3a:	mov    rax,QWORD PTR [rsp+0x318]
    4b42:	sub    rax,QWORD PTR fs:0x28
    4b4b:	jne    7603 <lume::detail::execute_cpu_reference_with_policy(lume::VerifiedProgram const&, std::span<lume::Buffer const, 18446744073709551615ul>, lume::detail::ExecutionPolicy const&, lume::detail::ExecutionStats*, std::vector<unsigned int, std::allocator<unsigned int> >*)+0x2ba3>
    4b51:	add    rsp,0x328
    4b58:	mov    rax,r14
    4b5b:	pop    rbx
    4b5c:	pop    rbp
    4b5d:	pop    r12
    4b5f:	pop    r13
    4b61:	pop    r14
    4b63:	pop    r15
    4b65:	ret
    4b66:	cs nop WORD PTR [rax+rax*1+0x0]
    4b70:	mov    rax,QWORD PTR [rbx+0x20]
    4b74:	sub    rax,QWORD PTR [rbx+0x18]
    4b78:	mov    QWORD PTR [rsp+0x28],rax
    4b7d:	mov    rsi,rax
    4b80:	movabs rax,0x7ffffffffffffff8
    4b8a:	cmp    rax,rsi
    4b8d:	jb     73b8 <lume::detail::execute_cpu_reference_with_policy(lume::VerifiedProgram const&, std::span<lume::Buffer const, 18446744073709551615ul>, lume::detail::ExecutionPolicy const&, lume::detail::ExecutionStats*, std::vector<unsigned int, std::allocator<unsigned int> >*)+0x2958>
    4b93:	mov    r15,rsi
    4b96:	test   rsi,rsi
    4b99:	je     5098 <lume::detail::execute_cpu_reference_with_policy(lume::VerifiedProgram const&, std::span<lume::Buffer const, 18446744073709551615ul>, lume::detail::ExecutionPolicy const&, lume::detail::ExecutionStats*, std::vector<unsigned int, std::allocator<unsigned int> >*)+0x638>
    4b9f:	mov    rdi,rsi
    4ba2:	call   4ba7 <lume::detail::execute_cpu_reference_with_policy(lume::VerifiedProgram const&, std::span<lume::Buffer const, 18446744073709551615ul>, lume::detail::ExecutionPolicy const&, lume::detail::ExecutionStats*, std::vector<unsigned int, std::allocator<unsigned int> >*)+0x147>
    4ba7:	mov    QWORD PTR [rsp+0x10],rax
    4bac:	mov    rsi,rax
    4baf:	lea    rax,[rax+r15*1]
    4bb3:	cmp    rsi,rax
    4bb6:	je     64cb <lume::detail::execute_cpu_reference_with_policy(lume::VerifiedProgram const&, std::span<lume::Buffer const, 18446744073709551615ul>, lume::detail::ExecutionPolicy const&, lume::detail::ExecutionStats*, std::vector<unsigned int, std::allocator<unsigned int> >*)+0x1a6b>
    4bbc:	mov    r15,QWORD PTR [rsp+0x28]
    4bc1:	mov    rdi,rsi
    4bc4:	xor    esi,esi
    4bc6:	mov    rdx,r15
    4bc9:	call   4bce <lume::detail::execute_cpu_reference_with_policy(lume::VerifiedProgram const&, std::span<lume::Buffer const, 18446744073709551615ul>, lume::detail::ExecutionPolicy const&, lume::detail::ExecutionStats*, std::vector<unsigned int, std::allocator<unsigned int> >*)+0x16e>
    4bce:	mov    rax,QWORD PTR [rbx+0x20]
    4bd2:	sub    rax,QWORD PTR [rbx+0x18]
    4bd6:	mov    QWORD PTR [rsp+0x70],r15
    4bdb:	mov    QWORD PTR [rsp+0x8],rax
    4be0:	mov    rsi,rax
    4be3:	movabs rdx,0x1999999999999998
    4bed:	mov    rax,rsi
    4bf0:	sar    rax,0x3
    4bf4:	cmp    rdx,rsi
    4bf7:	jb     7627 <lume::detail::execute_cpu_reference_with_policy(lume::VerifiedProgram const&, std::span<lume::Buffer const, 18446744073709551615ul>, lume::detail::ExecutionPolicy const&, lume::detail::ExecutionStats*, std::vector<unsigned int, std::allocator<unsigned int> >*)+0x2bc7>
    4bfd:	pxor   xmm0,xmm0
    4c01:	movups XMMWORD PTR [rsp+0xe8],xmm0
    4c09:	test   rax,rax
    4c0c:	je     50b3 <lume::detail::execute_cpu_reference_with_policy(lume::VerifiedProgram const&, std::span<lume::Buffer const, 18446744073709551615ul>, lume::detail::ExecutionPolicy const&, lume::detail::ExecutionStats*, std::vector<unsigned int, std::allocator<unsigned int> >*)+0x653>
    4c12:	lea    rbp,[rax+rax*4]
    4c16:	shl    rbp,0x3
    4c1a:	mov    rdi,rbp
    4c1d:	mov    QWORD PTR [rsp+0x88],rbp
    4c25:	call   4c2a <lume::detail::execute_cpu_reference_with_policy(lume::VerifiedProgram const&, std::span<lume::Buffer const, 18446744073709551615ul>, lume::detail::ExecutionPolicy const&, lume::detail::ExecutionStats*, std::vector<unsigned int, std::allocator<unsigned int> >*)+0x1ca>
    4c2a:	lea    rcx,[rax+rbp*1]
    4c2e:	mov    QWORD PTR [rsp+0x18],rax
    4c33:	mov    rdx,rcx
    4c36:	mov    QWORD PTR [rsp+0xe0],rax
    4c3e:	sub    rdx,rax
    4c41:	mov    QWORD PTR [rsp+0x40],rcx
    4c46:	and    edx,0x8
    4c49:	mov    QWORD PTR [rsp+0xf0],rcx
    4c51:	mov    rdx,rcx
    4c54:	jne    5128 <lume::detail::execute_cpu_reference_with_policy(lume::VerifiedProgram const&, std::span<lume::Buffer const, 18446744073709551615ul>, lume::detail::ExecutionPolicy const&, lume::detail::ExecutionStats*, std::vector<unsigned int, std::allocator<unsigned int> >*)+0x6c8>
    4c5a:	nop    WORD PTR [rax+rax*1+0x0]
    4c60:	mov    BYTE PTR [rax+0x20],0x0
    4c64:	add    rax,0x50
    4c68:	mov    BYTE PTR [rax-0x8],0x0
    4c6c:	cmp    rax,rdx
    4c6f:	jne    4c60 <lume::detail::execute_cpu_reference_with_policy(lume::VerifiedProgram const&, std::span<lume::Buffer const, 18446744073709551615ul>, lume::detail::ExecutionPolicy const&, lume::detail::ExecutionStats*, std::vector<unsigned int, std::allocator<unsigned int> >*)+0x200>
    4c71:	mov    rdx,QWORD PTR [rbx+0x20]
    4c75:	sub    rdx,QWORD PTR [rbx+0x18]
    4c79:	mov    QWORD PTR [rsp+0xe8],rax
    4c81:	mov    QWORD PTR [rsp+0x8],rdx
    4c86:	js     7395 <lume::detail::execute_cpu_reference_with_policy(lume::VerifiedProgram const&, std::span<lume::Buffer const, 18446744073709551615ul>, lume::detail::ExecutionPolicy const&, lume::detail::ExecutionStats*, std::vector<unsigned int, std::allocator<unsigned int> >*)+0x2935>
    4c8c:	mov    rax,rdx
    4c8f:	sar    rax,0x3
    4c93:	je     50f5 <lume::detail::execute_cpu_reference_with_policy(lume::VerifiedProgram const&, std::span<lume::Buffer const, 18446744073709551615ul>, lume::detail::ExecutionPolicy const&, lume::detail::ExecutionStats*, std::vector<unsigned int, std::allocator<unsigned int> >*)+0x695>
    4c99:	lea    rbp,[rax*4+0x0]
    4ca1:	mov    rdi,rbp
    4ca4:	mov    QWORD PTR [rsp+0x90],rbp
    4cac:	call   4cb1 <lume::detail::execute_cpu_reference_with_policy(lume::VerifiedProgram const&, std::span<lume::Buffer const, 18446744073709551615ul>, lume::detail::ExecutionPolicy const&, lume::detail::ExecutionStats*, std::vector<unsigned int, std::allocator<unsigned int> >*)+0x251>
    4cb1:	mov    r15,rax
    4cb4:	mov    QWORD PTR [rsp+0x100],rax
    4cbc:	mov    rdx,rbp
    4cbf:	lea    rax,[rax+rbp*1]
    4cc3:	mov    esi,0xff
    4cc8:	mov    rdi,r15
    4ccb:	mov    QWORD PTR [rsp+0x110],rax
    4cd3:	call   4cd8 <lume::detail::execute_cpu_reference_with_policy(lume::VerifiedProgram const&, std::span<lume::Buffer const, 18446744073709551615ul>, lume::detail::ExecutionPolicy const&, lume::detail::ExecutionStats*, std::vector<unsigned int, std::allocator<unsigned int> >*)+0x278>
    4cd8:	mov    rax,QWORD PTR [rbx+0x20]
    4cdc:	sub    rax,QWORD PTR [rbx+0x18]
    4ce0:	mov    QWORD PTR [rsp+0x8],rax
    4ce5:	mov    rdx,QWORD PTR [rbx+0x38]
    4ce9:	mov    rsi,QWORD PTR [rbx+0x30]
    4ced:	xor    eax,eax
    4cef:	mov    rbp,rdx
    4cf2:	lea    rcx,[rsi+0x4]
    4cf6:	sub    rbp,rsi
    4cf9:	sar    rbp,0x4
    4cfd:	cmp    rsi,rdx
    4d00:	je     4d2c <lume::detail::execute_cpu_reference_with_policy(lume::VerifiedProgram const&, std::span<lume::Buffer const, 18446744073709551615ul>, lume::detail::ExecutionPolicy const&, lume::detail::ExecutionStats*, std::vector<unsigned int, std::allocator<unsigned int> >*)+0x2cc>
    4d02:	nop    WORD PTR [rax+rax*1+0x0]
    4d08:	mov    edi,DWORD PTR [rcx]
    4d0a:	cmp    edi,0xffffffff
    4d0d:	je     4d13 <lume::detail::execute_cpu_reference_with_policy(lume::VerifiedProgram const&, std::span<lume::Buffer const, 18446744073709551615ul>, lume::detail::ExecutionPolicy const&, lume::detail::ExecutionStats*, std::vector<unsigned int, std::allocator<unsigned int> >*)+0x2b3>
    4d0f:	mov    DWORD PTR [r15+rdi*4],eax
    4d13:	mov    edi,DWORD PTR [rcx+0x4]
    4d16:	cmp    edi,0xffffffff
    4d19:	je     4d1f <lume::detail::execute_cpu_reference_with_policy(lume::VerifiedProgram const&, std::span<lume::Buffer const, 18446744073709551615ul>, lume::detail::ExecutionPolicy const&, lume::detail::ExecutionStats*, std::vector<unsigned int, std::allocator<unsigned int> >*)+0x2bf>
    4d1b:	mov    DWORD PTR [r15+rdi*4],eax
    4d1f:	add    rax,0x1
    4d23:	add    rcx,0x10
    4d27:	cmp    rax,rbp
    4d2a:	jb     4d08 <lume::detail::execute_cpu_reference_with_policy(lume::VerifiedProgram const&, std::span<lume::Buffer const, 18446744073709551615ul>, lume::detail::ExecutionPolicy const&, lume::detail::ExecutionStats*, std::vector<unsigned int, std::allocator<unsigned int> >*)+0x2a8>
    4d2c:	movabs rax,0x7ffffffffffffff8
    4d36:	mov    rcx,QWORD PTR [rsp+0x8]
    4d3b:	cmp    rax,rcx
    4d3e:	jb     7608 <lume::detail::execute_cpu_reference_with_policy(lume::VerifiedProgram const&, std::span<lume::Buffer const, 18446744073709551615ul>, lume::detail::ExecutionPolicy const&, lume::detail::ExecutionStats*, std::vector<unsigned int, std::allocator<unsigned int> >*)+0x2ba8>
    4d44:	cmp    QWORD PTR [rsp+0x8],0x0
    4d4a:	je     5b00 <lume::detail::execute_cpu_reference_with_policy(lume::VerifiedProgram const&, std::span<lume::Buffer const, 18446744073709551615ul>, lume::detail::ExecutionPolicy const&, lume::detail::ExecutionStats*, std::vector<unsigned int, std::allocator<unsigned int> >*)+0x10a0>
    4d50:	mov    rdi,rcx
    4d53:	mov    r12,rcx
    4d56:	call   4d5b <lume::detail::execute_cpu_reference_with_policy(lume::VerifiedProgram const&, std::span<lume::Buffer const, 18446744073709551615ul>, lume::detail::ExecutionPolicy const&, lume::detail::ExecutionStats*, std::vector<unsigned int, std::allocator<unsigned int> >*)+0x2fb>
    4d5b:	mov    rcx,QWORD PTR [rbx+0x20]
    4d5f:	mov    rdi,rax
    4d62:	sub    rcx,QWORD PTR [rbx+0x18]
    4d66:	mov    QWORD PTR [rsp+0x58],rax
    4d6b:	test   r12,r12
    4d6e:	je     4dd5 <lume::detail::execute_cpu_reference_with_policy(lume::VerifiedProgram const&, std::span<lume::Buffer const, 18446744073709551615ul>, lume::detail::ExecutionPolicy const&, lume::detail::ExecutionStats*, std::vector<unsigned int, std::allocator<unsigned int> >*)+0x375>
    4d70:	lea    rdx,[r12-0x8]
    4d75:	shr    rdx,0x3
    4d79:	add    rdx,0x1
    4d7d:	cmp    r12,0x8
    4d81:	je     4dd2 <lume::detail::execute_cpu_reference_with_policy(lume::VerifiedProgram const&, std::span<lume::Buffer const, 18446744073709551615ul>, lume::detail::ExecutionPolicy const&, lume::detail::ExecutionStats*, std::vector<unsigned int, std::allocator<unsigned int> >*)+0x372>
    4d83:	mov    rsi,rdx
    4d86:	movq   xmm0,rbp
    4d8b:	shr    rsi,1
    4d8e:	punpcklqdq xmm0,xmm0
    4d92:	shl    rsi,0x4
    4d96:	add    rdi,rsi
    4d99:	and    esi,0x10
    4d9c:	je     4db0 <lume::detail::execute_cpu_reference_with_policy(lume::VerifiedProgram const&, std::span<lume::Buffer const, 18446744073709551615ul>, lume::detail::ExecutionPolicy const&, lume::detail::ExecutionStats*, std::vector<unsigned int, std::allocator<unsigned int> >*)+0x350>
    4d9e:	mov    rax,QWORD PTR [rsp+0x58]
    4da3:	movups XMMWORD PTR [rax],xmm0
    4da6:	add    rax,0x10
    4daa:	cmp    rdi,rax
    4dad:	je     4dc0 <lume::detail::execute_cpu_reference_with_policy(lume::VerifiedProgram const&, std::span<lume::Buffer const, 18446744073709551615ul>, lume::detail::ExecutionPolicy const&, lume::detail::ExecutionStats*, std::vector<unsigned int, std::allocator<unsigned int> >*)+0x360>
    4daf:	nop
    4db0:	movups XMMWORD PTR [rax],xmm0
    4db3:	add    rax,0x20
    4db7:	movups XMMWORD PTR [rax-0x10],xmm0
    4dbb:	cmp    rdi,rax
    4dbe:	jne    4db0 <lume::detail::execute_cpu_reference_with_policy(lume::VerifiedProgram const&, std::span<lume::Buffer const, 18446744073709551615ul>, lume::detail::ExecutionPolicy const&, lume::detail::ExecutionStats*, std::vector<unsigned int, std::allocator<unsigned int> >*)+0x350>
    4dc0:	test   dl,0x1
    4dc3:	je     4dd5 <lume::detail::execute_cpu_reference_with_policy(lume::VerifiedProgram const&, std::span<lume::Buffer const, 18446744073709551615ul>, lume::detail::ExecutionPolicy const&, lume::detail::ExecutionStats*, std::vector<unsigned int, std::allocator<unsigned int> >*)+0x375>
    4dc5:	mov    rax,QWORD PTR [rsp+0x58]
    4dca:	and    rdx,0xfffffffffffffffe
    4dce:	lea    rax,[rax+rdx*8]
    4dd2:	mov    QWORD PTR [rax],rbp
    4dd5:	mov    rbp,rcx
    4dd8:	sar    rbp,0x3
    4ddc:	mov    QWORD PTR [rsp+0x98],rbp
    4de4:	test   rcx,rcx
    4de7:	js     75e4 <lume::detail::execute_cpu_reference_with_policy(lume::VerifiedProgram const&, std::span<lume::Buffer const, 18446744073709551615ul>, lume::detail::ExecutionPolicy const&, lume::detail::ExecutionStats*, std::vector<unsigned int, std::allocator<unsigned int> >*)+0x2b84>
    4ded:	pxor   xmm0,xmm0
    4df1:	movups XMMWORD PTR [rsp+0x128],xmm0
    4df9:	test   rbp,rbp
    4dfc:	je     606a <lume::detail::execute_cpu_reference_with_policy(lume::VerifiedProgram const&, std::span<lume::Buffer const, 18446744073709551615ul>, lume::detail::ExecutionPolicy const&, lume::detail::ExecutionStats*, std::vector<unsigned int, std::allocator<unsigned int> >*)+0x160a>
    4e02:	mov    rdi,rbp
    4e05:	call   4e0a <lume::detail::execute_cpu_reference_with_policy(lume::VerifiedProgram const&, std::span<lume::Buffer const, 18446744073709551615ul>, lume::detail::ExecutionPolicy const&, lume::detail::ExecutionStats*, std::vector<unsigned int, std::allocator<unsigned int> >*)+0x3aa>
    4e0a:	lea    r12,[rax+rbp*1]
    4e0e:	mov    rdx,rbp
    4e11:	mov    rdi,rax
    4e14:	xor    esi,esi
    4e16:	mov    QWORD PTR [rsp+0x38],rax
    4e1b:	mov    QWORD PTR [rsp+0x120],rax
    4e23:	mov    QWORD PTR [rsp+0x130],r12
    4e2b:	call   4e30 <lume::detail::execute_cpu_reference_with_policy(lume::VerifiedProgram const&, std::span<lume::Buffer const, 18446744073709551615ul>, lume::detail::ExecutionPolicy const&, lume::detail::ExecutionStats*, std::vector<unsigned int, std::allocator<unsigned int> >*)+0x3d0>
    4e30:	mov    rax,QWORD PTR [rbx+0x20]
    4e34:	sub    rax,QWORD PTR [rbx+0x18]
    4e38:	mov    QWORD PTR [rsp+0x128],r12
    4e40:	mov    rbp,rax
    4e43:	sar    rbp,0x3
    4e47:	mov    QWORD PTR [rsp+0xa0],rbp
    4e4f:	test   rax,rax
    4e52:	js     759f <lume::detail::execute_cpu_reference_with_policy(lume::VerifiedProgram const&, std::span<lume::Buffer const, 18446744073709551615ul>, lume::detail::ExecutionPolicy const&, lume::detail::ExecutionStats*, std::vector<unsigned int, std::allocator<unsigned int> >*)+0x2b3f>
    4e58:	pxor   xmm0,xmm0
    4e5c:	movups XMMWORD PTR [rsp+0x148],xmm0
    4e64:	test   rbp,rbp
    4e67:	je     7592 <lume::detail::execute_cpu_reference_with_policy(lume::VerifiedProgram const&, std::span<lume::Buffer const, 18446744073709551615ul>, lume::detail::ExecutionPolicy const&, lume::detail::ExecutionStats*, std::vector<unsigned int, std::allocator<unsigned int> >*)+0x2b32>
    4e6d:	mov    rdi,rbp
    4e70:	call   4e75 <lume::detail::execute_cpu_reference_with_policy(lume::VerifiedProgram const&, std::span<lume::Buffer const, 18446744073709551615ul>, lume::detail::ExecutionPolicy const&, lume::detail::ExecutionStats*, std::vector<unsigned int, std::allocator<unsigned int> >*)+0x415>
    4e75:	lea    r12,[rax+rbp*1]
    4e79:	mov    rdx,rbp
    4e7c:	mov    rdi,rax
    4e7f:	xor    esi,esi
    4e81:	mov    QWORD PTR [rsp+0x78],rax
    4e86:	mov    QWORD PTR [rsp+0x140],rax
    4e8e:	mov    QWORD PTR [rsp+0x150],r12
    4e96:	call   4e9b <lume::detail::execute_cpu_reference_with_policy(lume::VerifiedProgram const&, std::span<lume::Buffer const, 18446744073709551615ul>, lume::detail::ExecutionPolicy const&, lume::detail::ExecutionStats*, std::vector<unsigned int, std::allocator<unsigned int> >*)+0x43b>
    4e9b:	mov    rax,QWORD PTR [rbx+0x20]
    4e9f:	sub    rax,QWORD PTR [rbx+0x18]
    4ea3:	mov    QWORD PTR [rsp+0x148],r12
    4eab:	mov    rbp,rax
    4eae:	sar    rbp,0x3
    4eb2:	mov    QWORD PTR [rsp+0xa8],rbp
    4eba:	test   rax,rax
    4ebd:	js     7573 <lume::detail::execute_cpu_reference_with_policy(lume::VerifiedProgram const&, std::span<lume::Buffer const, 18446744073709551615ul>, lume::detail::ExecutionPolicy const&, lume::detail::ExecutionStats*, std::vector<unsigned int, std::allocator<unsigned int> >*)+0x2b13>
    4ec3:	pxor   xmm0,xmm0
    4ec7:	movups XMMWORD PTR [rsp+0x168],xmm0
    4ecf:	test   rbp,rbp
    4ed2:	je     77b0 <lume::detail::execute_cpu_reference_with_policy(lume::VerifiedProgram const&, std::span<lume::Buffer const, 18446744073709551615ul>, lume::detail::ExecutionPolicy const&, lume::detail::ExecutionStats*, std::vector<unsigned int, std::allocator<unsigned int> >*)+0x2d50>
    4ed8:	mov    rdi,rbp
    4edb:	call   4ee0 <lume::detail::execute_cpu_reference_with_policy(lume::VerifiedProgram const&, std::span<lume::Buffer const, 18446744073709551615ul>, lume::detail::ExecutionPolicy const&, lume::detail::ExecutionStats*, std::vector<unsigned int, std::allocator<unsigned int> >*)+0x480>
    4ee0:	lea    r12,[rax+rbp*1]
    4ee4:	mov    rdx,rbp
    4ee7:	xor    esi,esi
    4ee9:	mov    rdi,rax
    4eec:	mov    QWORD PTR [rsp+0x50],rax
    4ef1:	mov    QWORD PTR [rsp+0x160],rax
    4ef9:	mov    QWORD PTR [rsp+0x170],r12
    4f01:	call   4f06 <lume::detail::execute_cpu_reference_with_policy(lume::VerifiedProgram const&, std::span<lume::Buffer const, 18446744073709551615ul>, lume::detail::ExecutionPolicy const&, lume::detail::ExecutionStats*, std::vector<unsigned int, std::allocator<unsigned int> >*)+0x4a6>
    4f06:	mov    rdx,QWORD PTR [rbx+0x38]
    4f0a:	mov    rsi,QWORD PTR [rbx+0x30]
    4f0e:	mov    rax,QWORD PTR [rsp+0x20]
    4f13:	mov    r10,rdx
    4f16:	mov    QWORD PTR [rsp+0x168],r12
    4f1e:	mov    r9,rdx
    4f21:	sub    r10,rsi
    4f24:	movzx  r13d,BYTE PTR [rax+0x2]
    4f29:	mov    rbp,r10
    4f2c:	mov    rax,rsi
    4f2f:	sar    rbp,0x4
    4f33:	mov    r8,rbp
    4f36:	test   r13b,r13b
    4f39:	je     51a3 <lume::detail::execute_cpu_reference_with_policy(lume::VerifiedProgram const&, std::span<lume::Buffer const, 18446744073709551615ul>, lume::detail::ExecutionPolicy const&, lume::detail::ExecutionStats*, std::vector<unsigned int, std::allocator<unsigned int> >*)+0x743>
    4f3f:	mov    rcx,rsi
    4f42:	xor    edi,edi
    4f44:	cmp    rsi,rdx
    4f47:	je     66a3 <lume::detail::execute_cpu_reference_with_policy(lume::VerifiedProgram const&, std::span<lume::Buffer const, 18446744073709551615ul>, lume::detail::ExecutionPolicy const&, lume::detail::ExecutionStats*, std::vector<unsigned int, std::allocator<unsigned int> >*)+0x1c43>
    4f4d:	mov    QWORD PTR [rsp+0x80],rsi
    4f55:	mov    r12,QWORD PTR [rsp+0x58]
    4f5a:	nop    WORD PTR [rax+rax*1+0x0]
    4f60:	movzx  r11d,BYTE PTR [rcx]
    4f64:	cmp    r11b,0x1
    4f68:	jne    4f7c <lume::detail::execute_cpu_reference_with_policy(lume::VerifiedProgram const&, std::span<lume::Buffer const, 18446744073709551615ul>, lume::detail::ExecutionPolicy const&, lume::detail::ExecutionStats*, std::vector<unsigned int, std::allocator<unsigned int> >*)+0x51c>
    4f6a:	mov    r11d,DWORD PTR [rcx+0xc]
    4f6e:	mov    rax,QWORD PTR [rsp+0x38]
    4f73:	mov    BYTE PTR [rax+r11*1],0x1
    4f78:	movzx  r11d,BYTE PTR [rcx]
    4f7c:	cmp    r11b,0x2
    4f80:	jne    4f8a <lume::detail::execute_cpu_reference_with_policy(lume::VerifiedProgram const&, std::span<lume::Buffer const, 18446744073709551615ul>, lume::detail::ExecutionPolicy const&, lume::detail::ExecutionStats*, std::vector<unsigned int, std::allocator<unsigned int> >*)+0x52a>
    4f82:	mov    r11d,DWORD PTR [rcx+0xc]
    4f86:	mov    QWORD PTR [r12+r11*8],rdi
    4f8a:	add    rdi,0x1
    4f8e:	add    rcx,0x10
    4f92:	cmp    rdi,rbp
    4f95:	jb     4f60 <lume::detail::execute_cpu_reference_with_policy(lume::VerifiedProgram const&, std::span<lume::Buffer const, 18446744073709551615ul>, lume::detail::ExecutionPolicy const&, lume::detail::ExecutionStats*, std::vector<unsigned int, std::allocator<unsigned int> >*)+0x500>
    4f97:	mov    rax,QWORD PTR [rsp+0x80]
    4f9f:	test   rbp,rbp
    4fa2:	je     66cd <lume::detail::execute_cpu_reference_with_policy(lume::VerifiedProgram const&, std::span<lume::Buffer const, 18446744073709551615ul>, lume::detail::ExecutionPolicy const&, lume::detail::ExecutionStats*, std::vector<unsigned int, std::allocator<unsigned int> >*)+0x1c6d>
    4fa8:	mov    r11,QWORD PTR [rsp+0x38]
    4fad:	add    r10,rsi
    4fb0:	mov    rdi,rsi
    4fb3:	mov    rbp,r8
    4fb6:	mov    QWORD PTR [rsp+0xb8],rax
    4fbe:	jmp    4fcd <lume::detail::execute_cpu_reference_with_policy(lume::VerifiedProgram const&, std::span<lume::Buffer const, 18446744073709551615ul>, lume::detail::ExecutionPolicy const&, lume::detail::ExecutionStats*, std::vector<unsigned int, std::allocator<unsigned int> >*)+0x56d>
    4fc0:	add    rdi,0x10
    4fc4:	cmp    rdi,r10
    4fc7:	je     5bb0 <lume::detail::execute_cpu_reference_with_policy(lume::VerifiedProgram const&, std::span<lume::Buffer const, 18446744073709551615ul>, lume::detail::ExecutionPolicy const&, lume::detail::ExecutionStats*, std::vector<unsigned int, std::allocator<unsigned int> >*)+0x1150>
    4fcd:	cmp    BYTE PTR [rdi],0x2
    4fd0:	jne    4fc0 <lume::detail::execute_cpu_reference_with_policy(lume::VerifiedProgram const&, std::span<lume::Buffer const, 18446744073709551615ul>, lume::detail::ExecutionPolicy const&, lume::detail::ExecutionStats*, std::vector<unsigned int, std::allocator<unsigned int> >*)+0x560>
    4fd2:	mov    eax,DWORD PTR [rdi+0x4]
    4fd5:	cmp    BYTE PTR [r11+rax*1],0x0
    4fda:	je     4fc0 <lume::detail::execute_cpu_reference_with_policy(lume::VerifiedProgram const&, std::span<lume::Buffer const, 18446744073709551615ul>, lume::detail::ExecutionPolicy const&, lume::detail::ExecutionStats*, std::vector<unsigned int, std::allocator<unsigned int> >*)+0x560>
    4fdc:	mov    eax,DWORD PTR [rdi+0x8]
    4fdf:	cmp    BYTE PTR [r11+rax*1],0x0
    4fe4:	je     4fc0 <lume::detail::execute_cpu_reference_with_policy(lume::VerifiedProgram const&, std::span<lume::Buffer const, 18446744073709551615ul>, lume::detail::ExecutionPolicy const&, lume::detail::ExecutionStats*, std::vector<unsigned int, std::allocator<unsigned int> >*)+0x560>
    4fe6:	cmp    rsi,rdx
    4fe9:	je     4fc0 <lume::detail::execute_cpu_reference_with_policy(lume::VerifiedProgram const&, std::span<lume::Buffer const, 18446744073709551615ul>, lume::detail::ExecutionPolicy const&, lume::detail::ExecutionStats*, std::vector<unsigned int, std::allocator<unsigned int> >*)+0x560>
    4feb:	mov    BYTE PTR [rsp+0x80],r13b
    4ff3:	mov    rax,rsi
    4ff6:	mov    r12d,r13d
    4ff9:	xor    ecx,ecx
    4ffb:	mov    QWORD PTR [rsp+0xb0],r11
    5003:	mov    r8d,DWORD PTR [rdi+0xc]
    5007:	jmp    5036 <lume::detail::execute_cpu_reference_with_policy(lume::VerifiedProgram const&, std::span<lume::Buffer const, 18446744073709551615ul>, lume::detail::ExecutionPolicy const&, lume::detail::ExecutionStats*, std::vector<unsigned int, std::allocator<unsigned int> >*)+0x5d6>
    5009:	nop    DWORD PTR [rax+0x0]
    5010:	add    rcx,0x1
    5014:	cmp    r13b,0x3
    5018:	je     5020 <lume::detail::execute_cpu_reference_with_policy(lume::VerifiedProgram const&, std::span<lume::Buffer const, 18446744073709551615ul>, lume::detail::ExecutionPolicy const&, lume::detail::ExecutionStats*, std::vector<unsigned int, std::allocator<unsigned int> >*)+0x5c0>
    501a:	cmp    r13b,0x2
    501e:	jne    502d <lume::detail::execute_cpu_reference_with_policy(lume::VerifiedProgram const&, std::span<lume::Buffer const, 18446744073709551615ul>, lume::detail::ExecutionPolicy const&, lume::detail::ExecutionStats*, std::vector<unsigned int, std::allocator<unsigned int> >*)+0x5cd>
    5020:	cmp    r8d,r11d
    5023:	mov    r11d,0x0
    5029:	cmove  r12d,r11d
    502d:	add    rax,0x10
    5031:	cmp    rax,rdx
    5034:	je     5060 <lume::detail::execute_cpu_reference_with_policy(lume::VerifiedProgram const&, std::span<lume::Buffer const, 18446744073709551615ul>, lume::detail::ExecutionPolicy const&, lume::detail::ExecutionStats*, std::vector<unsigned int, std::allocator<unsigned int> >*)+0x600>
    5036:	mov    r11d,DWORD PTR [rax+0x4]
    503a:	xor    r13d,r13d
    503d:	cmp    r8d,r11d
    5040:	sete   r13b
    5044:	add    rcx,r13
    5047:	movzx  r13d,BYTE PTR [rax]
    504b:	cmp    r8d,DWORD PTR [rax+0x8]
    504f:	je     5010 <lume::detail::execute_cpu_reference_with_policy(lume::VerifiedProgram const&, std::span<lume::Buffer const, 18446744073709551615ul>, lume::detail::ExecutionPolicy const&, lume::detail::ExecutionStats*, std::vector<unsigned int, std::allocator<unsigned int> >*)+0x5b0>
    5051:	cmp    r13b,0x3
    5055:	je     5020 <lume::detail::execute_cpu_reference_with_policy(lume::VerifiedProgram const&, std::span<lume::Buffer const, 18446744073709551615ul>, lume::detail::ExecutionPolicy const&, lume::detail::ExecutionStats*, std::vector<unsigned int, std::allocator<unsigned int> >*)+0x5c0>
    5057:	add    rax,0x10
    505b:	cmp    rax,rdx
    505e:	jne    5036 <lume::detail::execute_cpu_reference_with_policy(lume::VerifiedProgram const&, std::span<lume::Buffer const, 18446744073709551615ul>, lume::detail::ExecutionPolicy const&, lume::detail::ExecutionStats*, std::vector<unsigned int, std::allocator<unsigned int> >*)+0x5d6>
    5060:	movzx  r13d,BYTE PTR [rsp+0x80]
    5069:	mov    r11,QWORD PTR [rsp+0xb0]
    5071:	test   rcx,rcx
    5074:	je     4fc0 <lume::detail::execute_cpu_reference_with_policy(lume::VerifiedProgram const&, std::span<lume::Buffer const, 18446744073709551615ul>, lume::detail::ExecutionPolicy const&, lume::detail::ExecutionStats*, std::vector<unsigned int, std::allocator<unsigned int> >*)+0x560>
    507a:	test   r12b,r12b
    507d:	je     4fc0 <lume::detail::execute_cpu_reference_with_policy(lume::VerifiedProgram const&, std::span<lume::Buffer const, 18446744073709551615ul>, lume::detail::ExecutionPolicy const&, lume::detail::ExecutionStats*, std::vector<unsigned int, std::allocator<unsigned int> >*)+0x560>
    5083:	mov    rax,QWORD PTR [rsp+0x78]
    5088:	mov    BYTE PTR [rax+r8*1],0x1
    508d:	jmp    4fc0 <lume::detail::execute_cpu_reference_with_policy(lume::VerifiedProgram const&, std::span<lume::Buffer const, 18446744073709551615ul>, lume::detail::ExecutionPolicy const&, lume::detail::ExecutionStats*, std::vector<unsigned int, std::allocator<unsigned int> >*)+0x560>
    5092:	nop    WORD PTR [rax+rax*1+0x0]
    5098:	mov    QWORD PTR [rsp+0x70],0x0
    50a1:	mov    QWORD PTR [rsp+0x8],0x0
    50aa:	mov    QWORD PTR [rsp+0x10],0x0
    50b3:	mov    QWORD PTR [rsp+0xe0],0x0
    50bf:	mov    QWORD PTR [rsp+0xf0],0x0
    50cb:	mov    QWORD PTR [rsp+0xe8],0x0
    50d7:	mov    QWORD PTR [rsp+0x18],0x0
    50e0:	mov    QWORD PTR [rsp+0x88],0x0
    50ec:	mov    QWORD PTR [rsp+0x40],0x0
    50f5:	mov    QWORD PTR [rsp+0x100],0x0
    5101:	xor    r15d,r15d
    5104:	mov    QWORD PTR [rsp+0x110],0x0
    5110:	mov    QWORD PTR [rsp+0x90],0x0
    511c:	jmp    4ce5 <lume::detail::execute_cpu_reference_with_policy(lume::VerifiedProgram const&, std::span<lume::Buffer const, 18446744073709551615ul>, lume::detail::ExecutionPolicy const&, lume::detail::ExecutionStats*, std::vector<unsigned int, std::allocator<unsigned int> >*)+0x285>
    5121:	nop    DWORD PTR [rax+0x0]
    5128:	mov    rsi,QWORD PTR [rsp+0x40]
    512d:	mov    BYTE PTR [rax+0x20],0x0
    5131:	add    rax,0x28
    5135:	mov    rdx,rsi
    5138:	cmp    rax,rsi
    513b:	jne    4c60 <lume::detail::execute_cpu_reference_with_policy(lume::VerifiedProgram const&, std::span<lume::Buffer const, 18446744073709551615ul>, lume::detail::ExecutionPolicy const&, lume::detail::ExecutionStats*, std::vector<unsigned int, std::allocator<unsigned int> >*)+0x200>
    5141:	jmp    4c71 <lume::detail::execute_cpu_reference_with_policy(lume::VerifiedProgram const&, std::span<lume::Buffer const, 18446744073709551615ul>, lume::detail::ExecutionPolicy const&, lume::detail::ExecutionStats*, std::vector<unsigned int, std::allocator<unsigned int> >*)+0x211>
    5146:	lea    rcx,[rsi+0x1]
    514a:	cmp    ecx,0x8
    514d:	jae    6010 <lume::detail::execute_cpu_reference_with_policy(lume::VerifiedProgram const&, std::span<lume::Buffer const, 18446744073709551615ul>, lume::detail::ExecutionPolicy const&, lume::detail::ExecutionStats*, std::vector<unsigned int, std::allocator<unsigned int> >*)+0x15b0>
    5153:	test   cl,0x4
    5156:	jne    6c0a <lume::detail::execute_cpu_reference_with_policy(lume::VerifiedProgram const&, std::span<lume::Buffer const, 18446744073709551615ul>, lume::detail::ExecutionPolicy const&, lume::detail::ExecutionStats*, std::vector<unsigned int, std::allocator<unsigned int> >*)+0x21aa>
    515c:	test   ecx,ecx
    515e:	je     4b31 <lume::detail::execute_cpu_reference_with_policy(lume::VerifiedProgram const&, std::span<lume::Buffer const, 18446744073709551615ul>, lume::detail::ExecutionPolicy const&, lume::detail::ExecutionStats*, std::vector<unsigned int, std::allocator<unsigned int> >*)+0xd1>
    5164:	movzx  edi,BYTE PTR [rax]
    5167:	mov    BYTE PTR [r14+0x30],dil
    516b:	test   cl,0x2
    516e:	je     4b31 <lume::detail::execute_cpu_reference_with_policy(lume::VerifiedProgram const&, std::span<lume::Buffer const, 18446744073709551615ul>, lume::detail::ExecutionPolicy const&, lume::detail::ExecutionStats*, std::vector<unsigned int, std::allocator<unsigned int> >*)+0xd1>
    5174:	mov    ecx,ecx
    5176:	movzx  eax,WORD PTR [rax+rcx*1-0x2]
    517b:	mov    WORD PTR [rdx+rcx*1-0x2],ax
    5180:	jmp    4b31 <lume::detail::execute_cpu_reference_with_policy(lume::VerifiedProgram const&, std::span<lume::Buffer const, 18446744073709551615ul>, lume::detail::ExecutionPolicy const&, lume::detail::ExecutionStats*, std::vector<unsigned int, std::allocator<unsigned int> >*)+0xd1>
    5185:	nop    DWORD PTR [rax]
    5188:	mov    r9,r15
    518b:	mov    rax,QWORD PTR [rsp+0xb8]
    5193:	mov    r8,QWORD PTR [rsp+0xc0]
    519b:	mov    r15,QWORD PTR [rsp+0xc8]
    51a3:	mov    QWORD PTR [rsp+0x310],0x0
    51af:	pxor   xmm0,xmm0
    51b3:	movaps XMMWORD PTR [rsp+0x2d0],xmm0
    51bb:	movaps XMMWORD PTR [rsp+0x2e0],xmm0
    51c3:	movaps XMMWORD PTR [rsp+0x2f0],xmm0
    51cb:	movaps XMMWORD PTR [rsp+0x300],xmm0
    51d3:	cmp    rsi,rdx
    51d6:	je     66ac <lume::detail::execute_cpu_reference_with_policy(lume::VerifiedProgram const&, std::span<lume::Buffer const, 18446744073709551615ul>, lume::detail::ExecutionPolicy const&, lume::detail::ExecutionStats*, std::vector<unsigned int, std::allocator<unsigned int> >*)+0x1c4c>
    51dc:	mov    QWORD PTR [rsp+0x80],0x0
    51e8:	xor    r13d,r13d
    51eb:	mov    rdx,r13
    51ee:	shl    rdx,0x4
    51f2:	lea    rbp,[rax+rdx*1]
    51f6:	movzx  ecx,BYTE PTR [rbp+0x0]
    51fa:	cmp    cl,0x2
    51fd:	je     5310 <lume::detail::execute_cpu_reference_with_policy(lume::VerifiedProgram const&, std::span<lume::Buffer const, 18446744073709551615ul>, lume::detail::ExecutionPolicy const&, lume::detail::ExecutionStats*, std::vector<unsigned int, std::allocator<unsigned int> >*)+0x8b0>
    5203:	cmp    cl,0x3
    5206:	je     59f8 <lume::detail::execute_cpu_reference_with_policy(lume::VerifiedProgram const&, std::span<lume::Buffer const, 18446744073709551615ul>, lume::detail::ExecutionPolicy const&, lume::detail::ExecutionStats*, std::vector<unsigned int, std::allocator<unsigned int> >*)+0xf98>
    520c:	cmp    cl,0x1
    520f:	jne    5698 <lume::detail::execute_cpu_reference_with_policy(lume::VerifiedProgram const&, std::span<lume::Buffer const, 18446744073709551615ul>, lume::detail::ExecutionPolicy const&, lume::detail::ExecutionStats*, std::vector<unsigned int, std::allocator<unsigned int> >*)+0xc38>
    5215:	mov    rsi,QWORD PTR [rsp+0x80]
    521d:	mov    rdi,QWORD PTR [rsp+0x48]
    5222:	mov    ecx,DWORD PTR [rbp+0xc]
    5225:	mov    rdx,rsi
    5228:	add    rsi,0x1
    522c:	shl    rdx,0x5
    5230:	mov    QWORD PTR [rsp+0x80],rsi
    5238:	add    rdx,rdi
    523b:	mov    rdi,QWORD PTR [rsp+0x10]
    5240:	mov    QWORD PTR [rdi+rcx*8],rdx
    5244:	mov    r8,r9
    5247:	add    r13,0x1
    524b:	sub    r8,rax
    524e:	sar    r8,0x4
    5252:	cmp    r13,r8
    5255:	jb     51eb <lume::detail::execute_cpu_reference_with_policy(lume::VerifiedProgram const&, std::span<lume::Buffer const, 18446744073709551615ul>, lume::detail::ExecutionPolicy const&, lume::detail::ExecutionStats*, std::vector<unsigned int, std::allocator<unsigned int> >*)+0x78b>
    5257:	mov    rax,QWORD PTR [rsp+0x2d0]
    525f:	pxor   xmm0,xmm0
    5263:	mov    BYTE PTR [r14+0x40],0x0
    5268:	cmp    BYTE PTR [rsp+0x310],0x0
    5270:	mov    QWORD PTR [r14],rax
    5273:	mov    rax,QWORD PTR [rsp+0x2d8]
    527b:	movaps XMMWORD PTR [rsp+0x2d0],xmm0
    5283:	mov    QWORD PTR [r14+0x8],rax
    5287:	mov    rax,QWORD PTR [rsp+0x2e0]
    528f:	mov    QWORD PTR [rsp+0x2e0],0x0
    529b:	mov    QWORD PTR [r14+0x10],rax
    529f:	je     58ce <lume::detail::execute_cpu_reference_with_policy(lume::VerifiedProgram const&, std::span<lume::Buffer const, 18446744073709551615ul>, lume::detail::ExecutionPolicy const&, lume::detail::ExecutionStats*, std::vector<unsigned int, std::allocator<unsigned int> >*)+0xe6e>
    52a5:	movzx  eax,BYTE PTR [rsp+0x2e8]
    52ad:	lea    rsi,[rsp+0x2f0]
    52b5:	lea    rdi,[r14+0x20]
    52b9:	mov    BYTE PTR [r14+0x18],al
    52bd:	call   52c2 <lume::detail::execute_cpu_reference_with_policy(lume::VerifiedProgram const&, std::span<lume::Buffer const, 18446744073709551615ul>, lume::detail::ExecutionPolicy const&, lume::detail::ExecutionStats*, std::vector<unsigned int, std::allocator<unsigned int> >*)+0x862>
    52c2:	mov    BYTE PTR [r14+0x40],0x1
    52c7:	nop    WORD PTR [rax+rax*1+0x0]
    52d0:	mov    rdi,QWORD PTR [rsp+0x2f0]
    52d8:	lea    rax,[rsp+0x300]
    52e0:	mov    BYTE PTR [rsp+0x310],0x0
    52e8:	cmp    rdi,rax
    52eb:	je     5853 <lume::detail::execute_cpu_reference_with_policy(lume::VerifiedProgram const&, std::span<lume::Buffer const, 18446744073709551615ul>, lume::detail::ExecutionPolicy const&, lume::detail::ExecutionStats*, std::vector<unsigned int, std::allocator<unsigned int> >*)+0xdf3>
    52f1:	mov    rax,QWORD PTR [rsp+0x300]
    52f9:	lea    rsi,[rax+0x1]
    52fd:	call   5302 <lume::detail::execute_cpu_reference_with_policy(lume::VerifiedProgram const&, std::span<lume::Buffer const, 18446744073709551615ul>, lume::detail::ExecutionPolicy const&, lume::detail::ExecutionStats*, std::vector<unsigned int, std::allocator<unsigned int> >*)+0x8a2>
    5302:	jmp    5853 <lume::detail::execute_cpu_reference_with_policy(lume::VerifiedProgram const&, std::span<lume::Buffer const, 18446744073709551615ul>, lume::detail::ExecutionPolicy const&, lume::detail::ExecutionStats*, std::vector<unsigned int, std::allocator<unsigned int> >*)+0xdf3>
    5307:	nop    WORD PTR [rax+rax*1+0x0]
    5310:	mov    rcx,QWORD PTR [rsp+0x70]
    5315:	mov    r10d,DWORD PTR [rbp+0x4]
    5319:	xor    edi,edi
    531b:	sar    rcx,0x3
    531f:	mov    DWORD PTR [rsp+0xb8],r10d
    5327:	cmp    r10,rcx
    532a:	jae    5335 <lume::detail::execute_cpu_reference_with_policy(lume::VerifiedProgram const&, std::span<lume::Buffer const, 18446744073709551615ul>, lume::detail::ExecutionPolicy const&, lume::detail::ExecutionStats*, std::vector<unsigned int, std::allocator<unsigned int> >*)+0x8d5>
    532c:	mov    rsi,QWORD PTR [rsp+0x10]
    5331:	mov    rdi,QWORD PTR [rsi+r10*8]
    5335:	mov    esi,DWORD PTR [rbp+0x8]
    5338:	mov    r11,QWORD PTR [rsp+0x20]
    533d:	mov    DWORD PTR [rsp+0xc0],esi
    5344:	movzx  r12d,BYTE PTR [r11+0x2]
    5349:	cmp    rsi,rcx
    534c:	jae    5c6a <lume::detail::execute_cpu_reference_with_policy(lume::VerifiedProgram const&, std::span<lume::Buffer const, 18446744073709551615ul>, lume::detail::ExecutionPolicy const&, lume::detail::ExecutionStats*, std::vector<unsigned int, std::allocator<unsigned int> >*)+0x120a>
    5352:	mov    r11,QWORD PTR [rsp+0x10]
    5357:	mov    r11,QWORD PTR [r11+rsi*8]
    535b:	mov    QWORD PTR [rsp+0xb0],r11
    5363:	test   r12b,r12b
    5366:	jne    5c7f <lume::detail::execute_cpu_reference_with_policy(lume::VerifiedProgram const&, std::span<lume::Buffer const, 18446744073709551615ul>, lume::detail::ExecutionPolicy const&, lume::detail::ExecutionStats*, std::vector<unsigned int, std::allocator<unsigned int> >*)+0x121f>
    536c:	test   rdi,rdi
    536f:	je     60a9 <lume::detail::execute_cpu_reference_with_policy(lume::VerifiedProgram const&, std::span<lume::Buffer const, 18446744073709551615ul>, lume::detail::ExecutionPolicy const&, lume::detail::ExecutionStats*, std::vector<unsigned int, std::allocator<unsigned int> >*)+0x1649>
    5375:	cmp    QWORD PTR [rsp+0xb0],0x0
    537e:	je     60a9 <lume::detail::execute_cpu_reference_with_policy(lume::VerifiedProgram const&, std::span<lume::Buffer const, 18446744073709551615ul>, lume::detail::ExecutionPolicy const&, lume::detail::ExecutionStats*, std::vector<unsigned int, std::allocator<unsigned int> >*)+0x1649>
    5384:	mov    r9,QWORD PTR [rsp+0x20]
    5389:	cmp    BYTE PTR [r9+0x1],0x0
    538e:	je     5592 <lume::detail::execute_cpu_reference_with_policy(lume::VerifiedProgram const&, std::span<lume::Buffer const, 18446744073709551615ul>, lume::detail::ExecutionPolicy const&, lume::detail::ExecutionStats*, std::vector<unsigned int, std::allocator<unsigned int> >*)+0xb32>
    5394:	lea    r12,[r13+0x1]
    5398:	cmp    r12,r8
    539b:	jae    5592 <lume::detail::execute_cpu_reference_with_policy(lume::VerifiedProgram const&, std::span<lume::Buffer const, 18446744073709551615ul>, lume::detail::ExecutionPolicy const&, lume::detail::ExecutionStats*, std::vector<unsigned int, std::allocator<unsigned int> >*)+0xb32>
    53a1:	add    rdx,0x10
    53a5:	mov    QWORD PTR [rsp+0xd8],rdx
    53ad:	add    rdx,rax
    53b0:	cmp    BYTE PTR [rdx],0x2
    53b3:	jne    5592 <lume::detail::execute_cpu_reference_with_policy(lume::VerifiedProgram const&, std::span<lume::Buffer const, 18446744073709551615ul>, lume::detail::ExecutionPolicy const&, lume::detail::ExecutionStats*, std::vector<unsigned int, std::allocator<unsigned int> >*)+0xb32>
    53b9:	mov    r8d,DWORD PTR [rdx+0x4]
    53bd:	mov    r9d,DWORD PTR [rbp+0xc]
    53c1:	mov    edx,DWORD PTR [rdx+0x8]
    53c4:	mov    DWORD PTR [rsp+0xd0],r8d
    53cc:	cmp    r9d,r8d
    53cf:	jne    6c1f <lume::detail::execute_cpu_reference_with_policy(lume::VerifiedProgram const&, std::span<lume::Buffer const, 18446744073709551615ul>, lume::detail::ExecutionPolicy const&, lume::detail::ExecutionStats*, std::vector<unsigned int, std::allocator<unsigned int> >*)+0x21bf>
    53d5:	cmp    r9d,edx
    53d8:	je     5592 <lume::detail::execute_cpu_reference_with_policy(lume::VerifiedProgram const&, std::span<lume::Buffer const, 18446744073709551615ul>, lume::detail::ExecutionPolicy const&, lume::detail::ExecutionStats*, std::vector<unsigned int, std::allocator<unsigned int> >*)+0xb32>
    53de:	mov    DWORD PTR [rsp+0xd0],edx
    53e5:	mov    QWORD PTR [rsp+0xc8],0x0
    53f1:	mov    edx,r9d
    53f4:	mov    r11d,r13d
    53f7:	lea    r8d,[r13+0x1]
    53fb:	cmp    r8d,DWORD PTR [r15+rdx*4]
    53ff:	jne    5592 <lume::detail::execute_cpu_reference_with_policy(lume::VerifiedProgram const&, std::span<lume::Buffer const, 18446744073709551615ul>, lume::detail::ExecutionPolicy const&, lume::detail::ExecutionStats*, std::vector<unsigned int, std::allocator<unsigned int> >*)+0xb32>
    5405:	mov    rdx,QWORD PTR [rsp+0x20]
    540a:	cmp    BYTE PTR [rdx],0x0
    540d:	je     5470 <lume::detail::execute_cpu_reference_with_policy(lume::VerifiedProgram const&, std::span<lume::Buffer const, 18446744073709551615ul>, lume::detail::ExecutionPolicy const&, lume::detail::ExecutionStats*, std::vector<unsigned int, std::allocator<unsigned int> >*)+0xa10>
    540f:	mov    r9,QWORD PTR [rsp+0x18]
    5414:	lea    rdx,[r10*4+0x0]
    541c:	lea    r8,[rdx+r10*1]
    5420:	cmp    BYTE PTR [r9+r8*8+0x20],0x0
    5426:	je     5432 <lume::detail::execute_cpu_reference_with_policy(lume::VerifiedProgram const&, std::span<lume::Buffer const, 18446744073709551615ul>, lume::detail::ExecutionPolicy const&, lume::detail::ExecutionStats*, std::vector<unsigned int, std::allocator<unsigned int> >*)+0x9d2>
    5428:	cmp    r13d,DWORD PTR [r15+r10*4]
    542c:	je     64e9 <lume::detail::execute_cpu_reference_with_policy(lume::VerifiedProgram const&, std::span<lume::Buffer const, 18446744073709551615ul>, lume::detail::ExecutionPolicy const&, lume::detail::ExecutionStats*, std::vector<unsigned int, std::allocator<unsigned int> >*)+0x1a89>
    5432:	mov    r9,QWORD PTR [rsp+0x18]
    5437:	lea    r8,[rsi+rsi*4]
    543b:	cmp    BYTE PTR [r9+r8*8+0x20],0x0
    5441:	je     544d <lume::detail::execute_cpu_reference_with_policy(lume::VerifiedProgram const&, std::span<lume::Buffer const, 18446744073709551615ul>, lume::detail::ExecutionPolicy const&, lume::detail::ExecutionStats*, std::vector<unsigned int, std::allocator<unsigned int> >*)+0x9ed>
    5443:	cmp    r11d,DWORD PTR [r15+rsi*4]
    5447:	je     64e9 <lume::detail::execute_cpu_reference_with_policy(lume::VerifiedProgram const&, std::span<lume::Buffer const, 18446744073709551615ul>, lume::detail::ExecutionPolicy const&, lume::detail::ExecutionStats*, std::vector<unsigned int, std::allocator<unsigned int> >*)+0x1a89>
    544d:	mov    r8d,DWORD PTR [rsp+0xd0]
    5455:	mov    r11,QWORD PTR [rsp+0x18]
    545a:	lea    r9,[r8+r8*4]
    545e:	cmp    BYTE PTR [r11+r9*8+0x20],0x0
    5464:	je     5470 <lume::detail::execute_cpu_reference_with_policy(lume::VerifiedProgram const&, std::span<lume::Buffer const, 18446744073709551615ul>, lume::detail::ExecutionPolicy const&, lume::detail::ExecutionStats*, std::vector<unsigned int, std::allocator<unsigned int> >*)+0xa10>
    5466:	cmp    DWORD PTR [r15+r8*4],r12d
    546a:	je     64e9 <lume::detail::execute_cpu_reference_with_policy(lume::VerifiedProgram const&, std::span<lume::Buffer const, 18446744073709551615ul>, lume::detail::ExecutionPolicy const&, lume::detail::ExecutionStats*, std::vector<unsigned int, std::allocator<unsigned int> >*)+0x1a89>
    5470:	mov    rbp,QWORD PTR [rsp+0xd8]
    5478:	mov    BYTE PTR [rsp+0x1c8],0x1
    5480:	add    rbp,rax
    5483:	mov    rax,QWORD PTR [rsp+0xc8]
    548b:	xor    rax,0x1
    548f:	mov    eax,DWORD PTR [rbp+rax*4+0x4]
    5493:	cmp    rax,rcx
    5496:	jae    6820 <lume::detail::execute_cpu_reference_with_policy(lume::VerifiedProgram const&, std::span<lume::Buffer const, 18446744073709551615ul>, lume::detail::ExecutionPolicy const&, lume::detail::ExecutionStats*, std::vector<unsigned int, std::allocator<unsigned int> >*)+0x1dc0>
    549c:	mov    rsi,QWORD PTR [rsp+0x10]
    54a1:	mov    rcx,QWORD PTR [rsi+rax*8]
    54a5:	test   rcx,rcx
    54a8:	je     6820 <lume::detail::execute_cpu_reference_with_policy(lume::VerifiedProgram const&, std::span<lume::Buffer const, 18446744073709551615ul>, lume::detail::ExecutionPolicy const&, lume::detail::ExecutionStats*, std::vector<unsigned int, std::allocator<unsigned int> >*)+0x1dc0>
    54ae:	lea    rax,[rsp+0x1e0]
    54b6:	mov    r8d,DWORD PTR [rsp+0xc8]
    54be:	mov    rdx,QWORD PTR [rsp+0xb0]
    54c6:	mov    rsi,rdi
    54c9:	mov    rdi,rax
    54cc:	mov    QWORD PTR [rsp+0xb8],rax
    54d4:	call   560 <lume::(anonymous namespace)::add_add_buffers(lume::Buffer const&, lume::Buffer const&, lume::Buffer const&, bool)>
    54d9:	cmp    BYTE PTR [rsp+0x200],0x0
    54e1:	je     7242 <lume::detail::execute_cpu_reference_with_policy(lume::VerifiedProgram const&, std::span<lume::Buffer const, 18446744073709551615ul>, lume::detail::ExecutionPolicy const&, lume::detail::ExecutionStats*, std::vector<unsigned int, std::allocator<unsigned int> >*)+0x27e2>
    54e7:	mov    eax,DWORD PTR [rbp+0xc]
    54ea:	mov    rdx,QWORD PTR [rsp+0x18]
    54ef:	mov    rsi,QWORD PTR [rsp+0xb8]
    54f7:	lea    rax,[rax+rax*4]
    54fb:	lea    rdi,[rdx+rax*8]
    54ff:	call   5504 <lume::detail::execute_cpu_reference_with_policy(lume::VerifiedProgram const&, std::span<lume::Buffer const, 18446744073709551615ul>, lume::detail::ExecutionPolicy const&, lume::detail::ExecutionStats*, std::vector<unsigned int, std::allocator<unsigned int> >*)+0xaa4>
    5504:	mov    eax,DWORD PTR [rbp+0xc]
    5507:	mov    rsi,QWORD PTR [rsp+0x18]
    550c:	lea    rdx,[rax+rax*4]
    5510:	lea    rdx,[rsi+rdx*8]
    5514:	mov    rsi,QWORD PTR [rsp+0x10]
    5519:	mov    QWORD PTR [rsi+rax*8],rdx
    551d:	mov    rax,QWORD PTR [rsp+0x60]
    5522:	test   rax,rax
    5525:	je     5548 <lume::detail::execute_cpu_reference_with_policy(lume::VerifiedProgram const&, std::span<lume::Buffer const, 18446744073709551615ul>, lume::detail::ExecutionPolicy const&, lume::detail::ExecutionStats*, std::vector<unsigned int, std::allocator<unsigned int> >*)+0xae8>
    5527:	mov    DWORD PTR [rsp+0xb0],r13d
    552f:	mov    rdx,QWORD PTR [rax+0x8]
    5533:	cmp    rdx,QWORD PTR [rax+0x10]
    5537:	je     6c39 <lume::detail::execute_cpu_reference_with_policy(lume::VerifiedProgram const&, std::span<lume::Buffer const, 18446744073709551615ul>, lume::detail::ExecutionPolicy const&, lume::detail::ExecutionStats*, std::vector<unsigned int, std::allocator<unsigned int> >*)+0x21d9>
    553d:	mov    DWORD PTR [rdx],r13d
    5540:	add    rdx,0x4
    5544:	mov    QWORD PTR [rax+0x8],rdx
    5548:	mov    rax,QWORD PTR [rsp+0x30]
    554d:	test   rax,rax
    5550:	je     5559 <lume::detail::execute_cpu_reference_with_policy(lume::VerifiedProgram const&, std::span<lume::Buffer const, 18446744073709551615ul>, lume::detail::ExecutionPolicy const&, lume::detail::ExecutionStats*, std::vector<unsigned int, std::allocator<unsigned int> >*)+0xaf9>
    5552:	add    DWORD PTR [rax],0x1
    5555:	add    DWORD PTR [rax+0x8],0x1
    5559:	cmp    BYTE PTR [rsp+0x200],0x0
    5561:	je     5582 <lume::detail::execute_cpu_reference_with_policy(lume::VerifiedProgram const&, std::span<lume::Buffer const, 18446744073709551615ul>, lume::detail::ExecutionPolicy const&, lume::detail::ExecutionStats*, std::vector<unsigned int, std::allocator<unsigned int> >*)+0xb22>
    5563:	cmp    BYTE PTR [rsp+0x1f8],0xff
    556b:	mov    BYTE PTR [rsp+0x200],0x0
    5573:	je     5582 <lume::detail::execute_cpu_reference_with_policy(lume::VerifiedProgram const&, std::span<lume::Buffer const, 18446744073709551615ul>, lume::detail::ExecutionPolicy const&, lume::detail::ExecutionStats*, std::vector<unsigned int, std::allocator<unsigned int> >*)+0xb22>
    5575:	mov    rdi,QWORD PTR [rsp+0xb8]
    557d:	call   0 <decltype(auto) std::__do_visit<void, std::__detail::__variant::_Variant_storage<false, std::vector<float, std::allocator<float> >, std::vector<int, std::allocator<int> >, lume::OwnedArray<float>, lume::OwnedArray<int> >::_M_reset()::{lambda(auto:1&&)#1}, std::variant<std::vector<float, std::allocator<float> >, std::vector<int, std::allocator<int> >, lume::OwnedArray<float>, lume::OwnedArray<int> >&>(std::__detail::__variant::_Variant_storage<false, std::vector<float, std::allocator<float> >, std::vector<int, std::allocator<int> >, lume::OwnedArray<float>, lume::OwnedArray<int> >::_M_reset()::{lambda(auto:1&&)#1}&&, std::variant<std::vector<float, std::allocator<float> >, std::vector<int, std::allocator<int> >, lume::OwnedArray<float>, lume::OwnedArray<int> >&) [clone .isra.0]>
    5582:	mov    r9,QWORD PTR [rbx+0x38]
    5586:	mov    rax,QWORD PTR [rbx+0x30]
    558a:	mov    r13,r12
    558d:	jmp    5244 <lume::detail::execute_cpu_reference_with_policy(lume::VerifiedProgram const&, std::span<lume::Buffer const, 18446744073709551615ul>, lume::detail::ExecutionPolicy const&, lume::detail::ExecutionStats*, std::vector<unsigned int, std::allocator<unsigned int> >*)+0x7e4>
    5592:	mov    rax,QWORD PTR [rsp+0x20]
    5597:	mov    BYTE PTR [rsp+0x1c8],0x0
    559f:	lea    rdx,[r10*4+0x0]
    55a7:	cmp    BYTE PTR [rax],0x0
    55aa:	jne    64e9 <lume::detail::execute_cpu_reference_with_policy(lume::VerifiedProgram const&, std::span<lume::Buffer const, 18446744073709551615ul>, lume::detail::ExecutionPolicy const&, lume::detail::ExecutionStats*, std::vector<unsigned int, std::allocator<unsigned int> >*)+0x1a89>
    55b0:	movzx  eax,BYTE PTR [rdi+0x18]
    55b4:	test   al,al
    55b6:	jne    6421 <lume::detail::execute_cpu_reference_with_policy(lume::VerifiedProgram const&, std::span<lume::Buffer const, 18446744073709551615ul>, lume::detail::ExecutionPolicy const&, lume::detail::ExecutionStats*, std::vector<unsigned int, std::allocator<unsigned int> >*)+0x19c1>
    55bc:	mov    rdx,QWORD PTR [rdi]
    55bf:	mov    rax,QWORD PTR [rdi+0x8]
    55c3:	mov    QWORD PTR [rsp+0x180],rdx
    55cb:	sub    rax,rdx
    55ce:	sar    rax,0x2
    55d2:	mov    r12,rax
    55d5:	mov    rdx,QWORD PTR [rsp+0xb0]
    55dd:	mov    QWORD PTR [rsp+0x188],r12
    55e5:	movzx  eax,BYTE PTR [rdx+0x18]
    55e9:	test   al,al
    55eb:	jne    6d9e <lume::detail::execute_cpu_reference_with_policy(lume::VerifiedProgram const&, std::span<lume::Buffer const, 18446744073709551615ul>, lume::detail::ExecutionPolicy const&, lume::detail::ExecutionStats*, std::vector<unsigned int, std::allocator<unsigned int> >*)+0x233e>
    55f1:	mov    rax,rdx
    55f4:	mov    rdx,QWORD PTR [rdx]
    55f7:	mov    rax,QWORD PTR [rax+0x8]
    55fb:	mov    QWORD PTR [rsp+0x1a0],rdx
    5603:	sub    rax,rdx
    5606:	sar    rax,0x2
    560a:	mov    QWORD PTR [rsp+0x1a8],rax
    5612:	cmp    r12,rax
    5615:	je     6ff2 <lume::detail::execute_cpu_reference_with_policy(lume::VerifiedProgram const&, std::span<lume::Buffer const, 18446744073709551615ul>, lume::detail::ExecutionPolicy const&, lume::detail::ExecutionStats*, std::vector<unsigned int, std::allocator<unsigned int> >*)+0x2592>
    561b:	lea    r12,[rsp+0x270]
    5623:	mov    rsi,r13
    5626:	mov    BYTE PTR [rsp+0x200],0x0
    562e:	mov    rdi,r12
    5631:	mov    QWORD PTR [rsp+0x20],r12
    5636:	call   563b <lume::detail::execute_cpu_reference_with_policy(lume::VerifiedProgram const&, std::span<lume::Buffer const, 18446744073709551615ul>, lume::detail::ExecutionPolicy const&, lume::detail::ExecutionStats*, std::vector<unsigned int, std::allocator<unsigned int> >*)+0xbdb>
    563b:	lea    rdx,[rip+0x0]        # 5642 <lume::detail::execute_cpu_reference_with_policy(lume::VerifiedProgram const&, std::span<lume::Buffer const, 18446744073709551615ul>, lume::detail::ExecutionPolicy const&, lume::detail::ExecutionStats*, std::vector<unsigned int, std::allocator<unsigned int> >*)+0xbe2>
    5642:	xor    esi,esi
    5644:	mov    rdi,r12
    5647:	call   564c <lume::detail::execute_cpu_reference_with_policy(lume::VerifiedProgram const&, std::span<lume::Buffer const, 18446744073709551615ul>, lume::detail::ExecutionPolicy const&, lume::detail::ExecutionStats*, std::vector<unsigned int, std::allocator<unsigned int> >*)+0xbec>
    564c:	lea    rbx,[rsp+0x290]
    5654:	mov    rsi,rax
    5657:	mov    rdi,rbx
    565a:	call   565f <lume::detail::execute_cpu_reference_with_policy(lume::VerifiedProgram const&, std::span<lume::Buffer const, 18446744073709551615ul>, lume::detail::ExecutionPolicy const&, lume::detail::ExecutionStats*, std::vector<unsigned int, std::allocator<unsigned int> >*)+0xbff>
    565f:	lea    rsi,[rip+0x0]        # 5666 <lume::detail::execute_cpu_reference_with_policy(lume::VerifiedProgram const&, std::span<lume::Buffer const, 18446744073709551615ul>, lume::detail::ExecutionPolicy const&, lume::detail::ExecutionStats*, std::vector<unsigned int, std::allocator<unsigned int> >*)+0xc06>
    5666:	mov    rdi,rbx
    5669:	call   566e <lume::detail::execute_cpu_reference_with_policy(lume::VerifiedProgram const&, std::span<lume::Buffer const, 18446744073709551615ul>, lume::detail::ExecutionPolicy const&, lume::detail::ExecutionStats*, std::vector<unsigned int, std::allocator<unsigned int> >*)+0xc0e>
    566e:	lea    rbp,[rsp+0x2b0]
    5676:	mov    rsi,rax
    5679:	mov    rdi,rbp
    567c:	call   5681 <lume::detail::execute_cpu_reference_with_policy(lume::VerifiedProgram const&, std::span<lume::Buffer const, 18446744073709551615ul>, lume::detail::ExecutionPolicy const&, lume::detail::ExecutionStats*, std::vector<unsigned int, std::allocator<unsigned int> >*)+0xc21>
    5681:	mov    rsi,rbp
    5684:	mov    rdi,r14
    5687:	call   40 <lume::(anonymous namespace)::internal_error(std::__cxx11::basic_string<char, std::char_traits<char>, std::allocator<char> >)>
    568c:	jmp    5f53 <lume::detail::execute_cpu_reference_with_policy(lume::VerifiedProgram const&, std::span<lume::Buffer const, 18446744073709551615ul>, lume::detail::ExecutionPolicy const&, lume::detail::ExecutionStats*, std::vector<unsigned int, std::allocator<unsigned int> >*)+0x14f3>
    5691:	nop    DWORD PTR [rax+0x0]
    5698:	lea    rax,[rsp+0x270]
    56a0:	mov    rsi,r13
    56a3:	mov    rdi,rax
    56a6:	mov    QWORD PTR [rsp+0x20],rax
    56ab:	call   56b0 <lume::detail::execute_cpu_reference_with_policy(lume::VerifiedProgram const&, std::span<lume::Buffer const, 18446744073709551615ul>, lume::detail::ExecutionPolicy const&, lume::detail::ExecutionStats*, std::vector<unsigned int, std::allocator<unsigned int> >*)+0xc50>
    56b0:	mov    rbx,QWORD PTR [rsp+0x278]
    56b8:	movabs rax,0x7fffffffffffffff
    56c2:	sub    rax,rbx
    56c5:	cmp    rax,0x2
    56c9:	jbe    7665 <lume::detail::execute_cpu_reference_with_policy(lume::VerifiedProgram const&, std::span<lume::Buffer const, 18446744073709551615ul>, lume::detail::ExecutionPolicy const&, lume::detail::ExecutionStats*, std::vector<unsigned int, std::allocator<unsigned int> >*)+0x2c05>
    56cf:	mov    r13,QWORD PTR [rsp+0x270]
    56d7:	lea    r12,[rsp+0x280]
    56df:	lea    rbp,[rbx+0x3]
    56e3:	cmp    r13,r12
    56e6:	je     6440 <lume::detail::execute_cpu_reference_with_policy(lume::VerifiedProgram const&, std::span<lume::Buffer const, 18446744073709551615ul>, lume::detail::ExecutionPolicy const&, lume::detail::ExecutionStats*, std::vector<unsigned int, std::allocator<unsigned int> >*)+0x19e0>
    56ec:	mov    rax,QWORD PTR [rsp+0x280]
    56f4:	cmp    rax,rbp
    56f7:	jb     5f70 <lume::detail::execute_cpu_reference_with_policy(lume::VerifiedProgram const&, std::span<lume::Buffer const, 18446744073709551615ul>, lume::detail::ExecutionPolicy const&, lume::detail::ExecutionStats*, std::vector<unsigned int, std::allocator<unsigned int> >*)+0x1510>
    56fd:	lea    rcx,[rip+0x0]        # 5704 <lume::detail::execute_cpu_reference_with_policy(lume::VerifiedProgram const&, std::span<lume::Buffer const, 18446744073709551615ul>, lume::detail::ExecutionPolicy const&, lume::detail::ExecutionStats*, std::vector<unsigned int, std::allocator<unsigned int> >*)+0xca4>
    5704:	cmp    rcx,r13
    5707:	jb     5717 <lume::detail::execute_cpu_reference_with_policy(lume::VerifiedProgram const&, std::span<lume::Buffer const, 18446744073709551615ul>, lume::detail::ExecutionPolicy const&, lume::detail::ExecutionStats*, std::vector<unsigned int, std::allocator<unsigned int> >*)+0xcb7>
    5709:	lea    rax,[r13+rbx*1+0x0]
    570e:	cmp    rax,rcx
    5711:	jae    5717 <lume::detail::execute_cpu_reference_with_policy(lume::VerifiedProgram const&, std::span<lume::Buffer const, 18446744073709551615ul>, lume::detail::ExecutionPolicy const&, lume::detail::ExecutionStats*, std::vector<unsigned int, std::allocator<unsigned int> >*)+0xcb7>
    5717:	test   rbx,rbx
    571a:	je     5735 <lume::detail::execute_cpu_reference_with_policy(lume::VerifiedProgram const&, std::span<lume::Buffer const, 18446744073709551615ul>, lume::detail::ExecutionPolicy const&, lume::detail::ExecutionStats*, std::vector<unsigned int, std::allocator<unsigned int> >*)+0xcd5>
    571c:	cmp    rbx,0x1
    5720:	je     61e5 <lume::detail::execute_cpu_reference_with_policy(lume::VerifiedProgram const&, std::span<lume::Buffer const, 18446744073709551615ul>, lume::detail::ExecutionPolicy const&, lume::detail::ExecutionStats*, std::vector<unsigned int, std::allocator<unsigned int> >*)+0x1785>
    5726:	lea    rdi,[r13+0x3]
    572a:	mov    rdx,rbx
    572d:	mov    rsi,r13
    5730:	call   5735 <lume::detail::execute_cpu_reference_with_policy(lume::VerifiedProgram const&, std::span<lume::Buffer const, 18446744073709551615ul>, lume::detail::ExecutionPolicy const&, lume::detail::ExecutionStats*, std::vector<unsigned int, std::allocator<unsigned int> >*)+0xcd5>
    5735:	mov    edx,0x706f
    573a:	mov    BYTE PTR [r13+0x2],0x20
    573f:	mov    WORD PTR [r13+0x0],dx
    5744:	mov    rcx,QWORD PTR [rsp+0x270]
    574c:	mov    QWORD PTR [rsp+0x278],rbp
    5754:	mov    rsi,QWORD PTR [rsp+0x20]
    5759:	mov    BYTE PTR [rcx+rbx*1+0x3],0x0
    575e:	lea    rbx,[rsp+0x290]
    5766:	mov    rdi,rbx
    5769:	call   576e <lume::detail::execute_cpu_reference_with_policy(lume::VerifiedProgram const&, std::span<lume::Buffer const, 18446744073709551615ul>, lume::detail::ExecutionPolicy const&, lume::detail::ExecutionStats*, std::vector<unsigned int, std::allocator<unsigned int> >*)+0xd0e>
    576e:	lea    rsi,[rip+0x0]        # 5775 <lume::detail::execute_cpu_reference_with_policy(lume::VerifiedProgram const&, std::span<lume::Buffer const, 18446744073709551615ul>, lume::detail::ExecutionPolicy const&, lume::detail::ExecutionStats*, std::vector<unsigned int, std::allocator<unsigned int> >*)+0xd15>
    5775:	mov    rdi,rbx
    5778:	call   577d <lume::detail::execute_cpu_reference_with_policy(lume::VerifiedProgram const&, std::span<lume::Buffer const, 18446744073709551615ul>, lume::detail::ExecutionPolicy const&, lume::detail::ExecutionStats*, std::vector<unsigned int, std::allocator<unsigned int> >*)+0xd1d>
    577d:	lea    r13,[rsp+0x2c0]
    5785:	lea    rcx,[rax+0x10]
    5789:	mov    rsi,QWORD PTR [rax+0x8]
    578d:	mov    QWORD PTR [rsp+0x2b0],r13
    5795:	mov    rdx,QWORD PTR [rax]
    5798:	cmp    rdx,rcx
    579b:	je     645a <lume::detail::execute_cpu_reference_with_policy(lume::VerifiedProgram const&, std::span<lume::Buffer const, 18446744073709551615ul>, lume::detail::ExecutionPolicy const&, lume::detail::ExecutionStats*, std::vector<unsigned int, std::allocator<unsigned int> >*)+0x19fa>
    57a1:	mov    QWORD PTR [rsp+0x2b0],rdx
    57a9:	mov    rdx,QWORD PTR [rax+0x10]
    57ad:	mov    QWORD PTR [rsp+0x2c0],rdx
    57b5:	mov    rdx,QWORD PTR [rax+0x8]
    57b9:	lea    rbp,[rsp+0x2b0]
    57c1:	mov    rdi,r14
    57c4:	mov    rsi,rbp
    57c7:	mov    QWORD PTR [rsp+0x2b8],rdx
    57cf:	mov    QWORD PTR [rax],rcx
    57d2:	mov    QWORD PTR [rax+0x8],0x0
    57da:	mov    BYTE PTR [rax+0x10],0x0
    57de:	call   40 <lume::(anonymous namespace)::internal_error(std::__cxx11::basic_string<char, std::char_traits<char>, std::allocator<char> >)>
    57e3:	mov    rdi,QWORD PTR [rsp+0x2b0]
    57eb:	cmp    rdi,r13
    57ee:	je     5801 <lume::detail::execute_cpu_reference_with_policy(lume::VerifiedProgram const&, std::span<lume::Buffer const, 18446744073709551615ul>, lume::detail::ExecutionPolicy const&, lume::detail::ExecutionStats*, std::vector<unsigned int, std::allocator<unsigned int> >*)+0xda1>
    57f0:	mov    rax,QWORD PTR [rsp+0x2c0]
    57f8:	lea    rsi,[rax+0x1]
    57fc:	call   5801 <lume::detail::execute_cpu_reference_with_policy(lume::VerifiedProgram const&, std::span<lume::Buffer const, 18446744073709551615ul>, lume::detail::ExecutionPolicy const&, lume::detail::ExecutionStats*, std::vector<unsigned int, std::allocator<unsigned int> >*)+0xda1>
    5801:	mov    rdi,QWORD PTR [rsp+0x290]
    5809:	lea    rax,[rsp+0x2a0]
    5811:	cmp    rdi,rax
    5814:	je     5827 <lume::detail::execute_cpu_reference_with_policy(lume::VerifiedProgram const&, std::span<lume::Buffer const, 18446744073709551615ul>, lume::detail::ExecutionPolicy const&, lume::detail::ExecutionStats*, std::vector<unsigned int, std::allocator<unsigned int> >*)+0xdc7>
    5816:	mov    rax,QWORD PTR [rsp+0x2a0]
    581e:	lea    rsi,[rax+0x1]
    5822:	call   5827 <lume::detail::execute_cpu_reference_with_policy(lume::VerifiedProgram const&, std::span<lume::Buffer const, 18446744073709551615ul>, lume::detail::ExecutionPolicy const&, lume::detail::ExecutionStats*, std::vector<unsigned int, std::allocator<unsigned int> >*)+0xdc7>
    5827:	mov    rdi,QWORD PTR [rsp+0x270]
    582f:	cmp    rdi,r12
    5832:	je     5845 <lume::detail::execute_cpu_reference_with_policy(lume::VerifiedProgram const&, std::span<lume::Buffer const, 18446744073709551615ul>, lume::detail::ExecutionPolicy const&, lume::detail::ExecutionStats*, std::vector<unsigned int, std::allocator<unsigned int> >*)+0xde5>
    5834:	mov    rax,QWORD PTR [rsp+0x280]
    583c:	lea    rsi,[rax+0x1]
    5840:	call   5845 <lume::detail::execute_cpu_reference_with_policy(lume::VerifiedProgram const&, std::span<lume::Buffer const, 18446744073709551615ul>, lume::detail::ExecutionPolicy const&, lume::detail::ExecutionStats*, std::vector<unsigned int, std::allocator<unsigned int> >*)+0xde5>
    5845:	cmp    BYTE PTR [rsp+0x310],0x0
    584d:	jne    52d0 <lume::detail::execute_cpu_reference_with_policy(lume::VerifiedProgram const&, std::span<lume::Buffer const, 18446744073709551615ul>, lume::detail::ExecutionPolicy const&, lume::detail::ExecutionStats*, std::vector<unsigned int, std::allocator<unsigned int> >*)+0x870>
    5853:	mov    rbp,QWORD PTR [rsp+0x2d8]
    585b:	mov    rbx,QWORD PTR [rsp+0x2d0]
    5863:	cmp    rbp,rbx
    5866:	jne    588a <lume::detail::execute_cpu_reference_with_policy(lume::VerifiedProgram const&, std::span<lume::Buffer const, 18446744073709551615ul>, lume::detail::ExecutionPolicy const&, lume::detail::ExecutionStats*, std::vector<unsigned int, std::allocator<unsigned int> >*)+0xe2a>
    5868:	jmp    58b6 <lume::detail::execute_cpu_reference_with_policy(lume::VerifiedProgram const&, std::span<lume::Buffer const, 18446744073709551615ul>, lume::detail::ExecutionPolicy const&, lume::detail::ExecutionStats*, std::vector<unsigned int, std::allocator<unsigned int> >*)+0xe56>
    586a:	nop    WORD PTR [rax+rax*1+0x0]
    5870:	test   rdi,rdi
    5873:	je     5881 <lume::detail::execute_cpu_reference_with_policy(lume::VerifiedProgram const&, std::span<lume::Buffer const, 18446744073709551615ul>, lume::detail::ExecutionPolicy const&, lume::detail::ExecutionStats*, std::vector<unsigned int, std::allocator<unsigned int> >*)+0xe21>
    5875:	mov    rsi,QWORD PTR [rbx+0x10]
    5879:	sub    rsi,rdi
    587c:	call   5881 <lume::detail::execute_cpu_reference_with_policy(lume::VerifiedProgram const&, std::span<lume::Buffer const, 18446744073709551615ul>, lume::detail::ExecutionPolicy const&, lume::detail::ExecutionStats*, std::vector<unsigned int, std::allocator<unsigned int> >*)+0xe21>
    5881:	add    rbx,0x20
    5885:	cmp    rbp,rbx
    5888:	je     58ae <lume::detail::execute_cpu_reference_with_policy(lume::VerifiedProgram const&, std::span<lume::Buffer const, 18446744073709551615ul>, lume::detail::ExecutionPolicy const&, lume::detail::ExecutionStats*, std::vector<unsigned int, std::allocator<unsigned int> >*)+0xe4e>
    588a:	movzx  eax,BYTE PTR [rbx+0x18]
    588e:	cmp    al,0xff
    5890:	je     5881 <lume::detail::execute_cpu_reference_with_policy(lume::VerifiedProgram const&, std::span<lume::Buffer const, 18446744073709551615ul>, lume::detail::ExecutionPolicy const&, lume::detail::ExecutionStats*, std::vector<unsigned int, std::allocator<unsigned int> >*)+0xe21>
    5892:	mov    rdi,QWORD PTR [rbx]
    5895:	cmp    al,0x2
    5897:	je     589b <lume::detail::execute_cpu_reference_with_policy(lume::VerifiedProgram const&, std::span<lume::Buffer const, 18446744073709551615ul>, lume::detail::ExecutionPolicy const&, lume::detail::ExecutionStats*, std::vector<unsigned int, std::allocator<unsigned int> >*)+0xe3b>
    5899:	jbe    5870 <lume::detail::execute_cpu_reference_with_policy(lume::VerifiedProgram const&, std::span<lume::Buffer const, 18446744073709551615ul>, lume::detail::ExecutionPolicy const&, lume::detail::ExecutionStats*, std::vector<unsigned int, std::allocator<unsigned int> >*)+0xe10>
    589b:	test   rdi,rdi
    589e:	je     5881 <lume::detail::execute_cpu_reference_with_policy(lume::VerifiedProgram const&, std::span<lume::Buffer const, 18446744073709551615ul>, lume::detail::ExecutionPolicy const&, lume::detail::ExecutionStats*, std::vector<unsigned int, std::allocator<unsigned int> >*)+0xe21>
    58a0:	call   58a5 <lume::detail::execute_cpu_reference_with_policy(lume::VerifiedProgram const&, std::span<lume::Buffer const, 18446744073709551615ul>, lume::detail::ExecutionPolicy const&, lume::detail::ExecutionStats*, std::vector<unsigned int, std::allocator<unsigned int> >*)+0xe45>
    58a5:	add    rbx,0x20
    58a9:	cmp    rbp,rbx
    58ac:	jne    588a <lume::detail::execute_cpu_reference_with_policy(lume::VerifiedProgram const&, std::span<lume::Buffer const, 18446744073709551615ul>, lume::detail::ExecutionPolicy const&, lume::detail::ExecutionStats*, std::vector<unsigned int, std::allocator<unsigned int> >*)+0xe2a>
    58ae:	mov    rbx,QWORD PTR [rsp+0x2d0]
    58b6:	test   rbx,rbx
    58b9:	je     58ce <lume::detail::execute_cpu_reference_with_policy(lume::VerifiedProgram const&, std::span<lume::Buffer const, 18446744073709551615ul>, lume::detail::ExecutionPolicy const&, lume::detail::ExecutionStats*, std::vector<unsigned int, std::allocator<unsigned int> >*)+0xe6e>
    58bb:	mov    rsi,QWORD PTR [rsp+0x2e0]
    58c3:	mov    rdi,rbx
    58c6:	sub    rsi,rbx
    58c9:	call   58ce <lume::detail::execute_cpu_reference_with_policy(lume::VerifiedProgram const&, std::span<lume::Buffer const, 18446744073709551615ul>, lume::detail::ExecutionPolicy const&, lume::detail::ExecutionStats*, std::vector<unsigned int, std::allocator<unsigned int> >*)+0xe6e>
    58ce:	mov    rax,QWORD PTR [rsp+0x50]
    58d3:	test   rax,rax
    58d6:	je     58e8 <lume::detail::execute_cpu_reference_with_policy(lume::VerifiedProgram const&, std::span<lume::Buffer const, 18446744073709551615ul>, lume::detail::ExecutionPolicy const&, lume::detail::ExecutionStats*, std::vector<unsigned int, std::allocator<unsigned int> >*)+0xe88>
    58d8:	mov    rsi,QWORD PTR [rsp+0xa8]
    58e0:	mov    rdi,rax
    58e3:	call   58e8 <lume::detail::execute_cpu_reference_with_policy(lume::VerifiedProgram const&, std::span<lume::Buffer const, 18446744073709551615ul>, lume::detail::ExecutionPolicy const&, lume::detail::ExecutionStats*, std::vector<unsigned int, std::allocator<unsigned int> >*)+0xe88>
    58e8:	mov    rax,QWORD PTR [rsp+0x78]
    58ed:	test   rax,rax
    58f0:	je     5902 <lume::detail::execute_cpu_reference_with_policy(lume::VerifiedProgram const&, std::span<lume::Buffer const, 18446744073709551615ul>, lume::detail::ExecutionPolicy const&, lume::detail::ExecutionStats*, std::vector<unsigned int, std::allocator<unsigned int> >*)+0xea2>
    58f2:	mov    rsi,QWORD PTR [rsp+0xa0]
    58fa:	mov    rdi,rax
    58fd:	call   5902 <lume::detail::execute_cpu_reference_with_policy(lume::VerifiedProgram const&, std::span<lume::Buffer const, 18446744073709551615ul>, lume::detail::ExecutionPolicy const&, lume::detail::ExecutionStats*, std::vector<unsigned int, std::allocator<unsigned int> >*)+0xea2>
    5902:	mov    rax,QWORD PTR [rsp+0x38]
    5907:	test   rax,rax
    590a:	je     591c <lume::detail::execute_cpu_reference_with_policy(lume::VerifiedProgram const&, std::span<lume::Buffer const, 18446744073709551615ul>, lume::detail::ExecutionPolicy const&, lume::detail::ExecutionStats*, std::vector<unsigned int, std::allocator<unsigned int> >*)+0xebc>
    590c:	mov    rsi,QWORD PTR [rsp+0x98]
    5914:	mov    rdi,rax
    5917:	call   591c <lume::detail::execute_cpu_reference_with_policy(lume::VerifiedProgram const&, std::span<lume::Buffer const, 18446744073709551615ul>, lume::detail::ExecutionPolicy const&, lume::detail::ExecutionStats*, std::vector<unsigned int, std::allocator<unsigned int> >*)+0xebc>
    591c:	mov    rax,QWORD PTR [rsp+0x58]
    5921:	test   rax,rax
    5924:	je     5933 <lume::detail::execute_cpu_reference_with_policy(lume::VerifiedProgram const&, std::span<lume::Buffer const, 18446744073709551615ul>, lume::detail::ExecutionPolicy const&, lume::detail::ExecutionStats*, std::vector<unsigned int, std::allocator<unsigned int> >*)+0xed3>
    5926:	mov    rsi,QWORD PTR [rsp+0x8]
    592b:	mov    rdi,rax
    592e:	call   5933 <lume::detail::execute_cpu_reference_with_policy(lume::VerifiedProgram const&, std::span<lume::Buffer const, 18446744073709551615ul>, lume::detail::ExecutionPolicy const&, lume::detail::ExecutionStats*, std::vector<unsigned int, std::allocator<unsigned int> >*)+0xed3>
    5933:	test   r15,r15
    5936:	je     5948 <lume::detail::execute_cpu_reference_with_policy(lume::VerifiedProgram const&, std::span<lume::Buffer const, 18446744073709551615ul>, lume::detail::ExecutionPolicy const&, lume::detail::ExecutionStats*, std::vector<unsigned int, std::allocator<unsigned int> >*)+0xee8>
    5938:	mov    rsi,QWORD PTR [rsp+0x90]
    5940:	mov    rdi,r15
    5943:	call   5948 <lume::detail::execute_cpu_reference_with_policy(lume::VerifiedProgram const&, std::span<lume::Buffer const, 18446744073709551615ul>, lume::detail::ExecutionPolicy const&, lume::detail::ExecutionStats*, std::vector<unsigned int, std::allocator<unsigned int> >*)+0xee8>
    5948:	mov    rax,QWORD PTR [rsp+0x18]
    594d:	mov    rdx,QWORD PTR [rsp+0x40]
    5952:	mov    rbx,rax
    5955:	mov    rbp,rdx
    5958:	cmp    rax,rdx
    595b:	jne    5989 <lume::detail::execute_cpu_reference_with_policy(lume::VerifiedProgram const&, std::span<lume::Buffer const, 18446744073709551615ul>, lume::detail::ExecutionPolicy const&, lume::detail::ExecutionStats*, std::vector<unsigned int, std::allocator<unsigned int> >*)+0xf29>
    595d:	jmp    59b8 <lume::detail::execute_cpu_reference_with_policy(lume::VerifiedProgram const&, std::span<lume::Buffer const, 18446744073709551615ul>, lume::detail::ExecutionPolicy const&, lume::detail::ExecutionStats*, std::vector<unsigned int, std::allocator<unsigned int> >*)+0xf58>
    595f:	nop
    5960:	ja     599f <lume::detail::execute_cpu_reference_with_policy(lume::VerifiedProgram const&, std::span<lume::Buffer const, 18446744073709551615ul>, lume::detail::ExecutionPolicy const&, lume::detail::ExecutionStats*, std::vector<unsigned int, std::allocator<unsigned int> >*)+0xf3f>
    5962:	mov    rdi,QWORD PTR [rbx]
    5965:	mov    rsi,QWORD PTR [rbx+0x10]
    5969:	test   rdi,rdi
    596c:	je     5980 <lume::detail::execute_cpu_reference_with_policy(lume::VerifiedProgram const&, std::span<lume::Buffer const, 18446744073709551615ul>, lume::detail::ExecutionPolicy const&, lume::detail::ExecutionStats*, std::vector<unsigned int, std::allocator<unsigned int> >*)+0xf20>
    596e:	sub    rsi,rdi
    5971:	call   5976 <lume::detail::execute_cpu_reference_with_policy(lume::VerifiedProgram const&, std::span<lume::Buffer const, 18446744073709551615ul>, lume::detail::ExecutionPolicy const&, lume::detail::ExecutionStats*, std::vector<unsigned int, std::allocator<unsigned int> >*)+0xf16>
    5976:	cs nop WORD PTR [rax+rax*1+0x0]
    5980:	add    rbx,0x28
    5984:	cmp    rbx,rbp
    5987:	je     59b8 <lume::detail::execute_cpu_reference_with_policy(lume::VerifiedProgram const&, std::span<lume::Buffer const, 18446744073709551615ul>, lume::detail::ExecutionPolicy const&, lume::detail::ExecutionStats*, std::vector<unsigned int, std::allocator<unsigned int> >*)+0xf58>
    5989:	cmp    BYTE PTR [rbx+0x20],0x0
    598d:	je     5980 <lume::detail::execute_cpu_reference_with_policy(lume::VerifiedProgram const&, std::span<lume::Buffer const, 18446744073709551615ul>, lume::detail::ExecutionPolicy const&, lume::detail::ExecutionStats*, std::vector<unsigned int, std::allocator<unsigned int> >*)+0xf20>
    598f:	movzx  eax,BYTE PTR [rbx+0x18]
    5993:	mov    BYTE PTR [rbx+0x20],0x0
    5997:	cmp    al,0xff
    5999:	je     5980 <lume::detail::execute_cpu_reference_with_policy(lume::VerifiedProgram const&, std::span<lume::Buffer const, 18446744073709551615ul>, lume::detail::ExecutionPolicy const&, lume::detail::ExecutionStats*, std::vector<unsigned int, std::allocator<unsigned int> >*)+0xf20>
    599b:	cmp    al,0x2
    599d:	jne    5960 <lume::detail::execute_cpu_reference_with_policy(lume::VerifiedProgram const&, std::span<lume::Buffer const, 18446744073709551615ul>, lume::detail::ExecutionPolicy const&, lume::detail::ExecutionStats*, std::vector<unsigned int, std::allocator<unsigned int> >*)+0xf00>
    599f:	mov    rdi,QWORD PTR [rbx]
    59a2:	test   rdi,rdi
    59a5:	je     5980 <lume::detail::execute_cpu_reference_with_policy(lume::VerifiedProgram const&, std::span<lume::Buffer const, 18446744073709551615ul>, lume::detail::ExecutionPolicy const&, lume::detail::ExecutionStats*, std::vector<unsigned int, std::allocator<unsigned int> >*)+0xf20>
    59a7:	call   59ac <lume::detail::execute_cpu_reference_with_policy(lume::VerifiedProgram const&, std::span<lume::Buffer const, 18446744073709551615ul>, lume::detail::ExecutionPolicy const&, lume::detail::ExecutionStats*, std::vector<unsigned int, std::allocator<unsigned int> >*)+0xf4c>
    59ac:	add    rbx,0x28
    59b0:	cmp    rbx,rbp
    59b3:	jne    5989 <lume::detail::execute_cpu_reference_with_policy(lume::VerifiedProgram const&, std::span<lume::Buffer const, 18446744073709551615ul>, lume::detail::ExecutionPolicy const&, lume::detail::ExecutionStats*, std::vector<unsigned int, std::allocator<unsigned int> >*)+0xf29>
    59b5:	nop    DWORD PTR [rax]
    59b8:	cmp    QWORD PTR [rsp+0x18],0x0
    59be:	je     59d2 <lume::detail::execute_cpu_reference_with_policy(lume::VerifiedProgram const&, std::span<lume::Buffer const, 18446744073709551615ul>, lume::detail::ExecutionPolicy const&, lume::detail::ExecutionStats*, std::vector<unsigned int, std::allocator<unsigned int> >*)+0xf72>
    59c0:	mov    rsi,QWORD PTR [rsp+0x88]
    59c8:	mov    rdi,QWORD PTR [rsp+0x18]
    59cd:	call   59d2 <lume::detail::execute_cpu_reference_with_policy(lume::VerifiedProgram const&, std::span<lume::Buffer const, 18446744073709551615ul>, lume::detail::ExecutionPolicy const&, lume::detail::ExecutionStats*, std::vector<unsigned int, std::allocator<unsigned int> >*)+0xf72>
    59d2:	mov    rax,QWORD PTR [rsp+0x10]
    59d7:	test   rax,rax
    59da:	je     4b3a <lume::detail::execute_cpu_reference_with_policy(lume::VerifiedProgram const&, std::span<lume::Buffer const, 18446744073709551615ul>, lume::detail::ExecutionPolicy const&, lume::detail::ExecutionStats*, std::vector<unsigned int, std::allocator<unsigned int> >*)+0xda>
    59e0:	mov    rsi,QWORD PTR [rsp+0x28]
    59e5:	mov    rdi,rax
    59e8:	call   59ed <lume::detail::execute_cpu_reference_with_policy(lume::VerifiedProgram const&, std::span<lume::Buffer const, 18446744073709551615ul>, lume::detail::ExecutionPolicy const&, lume::detail::ExecutionStats*, std::vector<unsigned int, std::allocator<unsigned int> >*)+0xf8d>
    59ed:	jmp    4b3a <lume::detail::execute_cpu_reference_with_policy(lume::VerifiedProgram const&, std::span<lume::Buffer const, 18446744073709551615ul>, lume::detail::ExecutionPolicy const&, lume::detail::ExecutionStats*, std::vector<unsigned int, std::allocator<unsigned int> >*)+0xda>
    59f2:	nop    WORD PTR [rax+rax*1+0x0]
    59f8:	mov    rdx,QWORD PTR [rsp+0x70]
    59fd:	mov    eax,DWORD PTR [rbp+0x4]
    5a00:	sar    rdx,0x3
    5a04:	cmp    rax,rdx
    5a07:	jae    5e4d <lume::detail::execute_cpu_reference_with_policy(lume::VerifiedProgram const&, std::span<lume::Buffer const, 18446744073709551615ul>, lume::detail::ExecutionPolicy const&, lume::detail::ExecutionStats*, std::vector<unsigned int, std::allocator<unsigned int> >*)+0x13ed>
    5a0d:	mov    rcx,QWORD PTR [rsp+0x10]
    5a12:	lea    rdx,[rcx+rax*8]
    5a16:	mov    QWORD PTR [rsp+0xb8],rdx
    5a1e:	mov    rdx,QWORD PTR [rdx]
    5a21:	mov    QWORD PTR [rsp+0xb0],rdx
    5a29:	test   rdx,rdx
    5a2c:	je     5e4d <lume::detail::execute_cpu_reference_with_policy(lume::VerifiedProgram const&, std::span<lume::Buffer const, 18446744073709551615ul>, lume::detail::ExecutionPolicy const&, lume::detail::ExecutionStats*, std::vector<unsigned int, std::allocator<unsigned int> >*)+0x13ed>
    5a32:	mov    rcx,QWORD PTR [rsp+0x18]
    5a37:	lea    rdx,[rax+rax*4]
    5a3b:	mov    r12,QWORD PTR [rsp+0x2d8]
    5a43:	mov    rsi,QWORD PTR [rsp+0x2e0]
    5a4b:	lea    rbp,[rcx+rdx*8]
    5a4f:	cmp    BYTE PTR [rbp+0x20],0x0
    5a53:	je     5cb0 <lume::detail::execute_cpu_reference_with_policy(lume::VerifiedProgram const&, std::span<lume::Buffer const, 18446744073709551615ul>, lume::detail::ExecutionPolicy const&, lume::detail::ExecutionStats*, std::vector<unsigned int, std::allocator<unsigned int> >*)+0x1250>
    5a59:	cmp    DWORD PTR [r15+rax*4],r13d
    5a5d:	jne    5cb0 <lume::detail::execute_cpu_reference_with_policy(lume::VerifiedProgram const&, std::span<lume::Buffer const, 18446744073709551615ul>, lume::detail::ExecutionPolicy const&, lume::detail::ExecutionStats*, std::vector<unsigned int, std::allocator<unsigned int> >*)+0x1250>
    5a63:	cmp    rsi,r12
    5a66:	je     62a0 <lume::detail::execute_cpu_reference_with_policy(lume::VerifiedProgram const&, std::span<lume::Buffer const, 18446744073709551615ul>, lume::detail::ExecutionPolicy const&, lume::detail::ExecutionStats*, std::vector<unsigned int, std::allocator<unsigned int> >*)+0x1840>
    5a6c:	mov    BYTE PTR [r12+0x18],0xff
    5a72:	movsx  rdx,BYTE PTR [rbp+0x18]
    5a77:	mov    rax,rdx
    5a7a:	cmp    rdx,0x2
    5a7e:	je     694a <lume::detail::execute_cpu_reference_with_policy(lume::VerifiedProgram const&, std::span<lume::Buffer const, 18446744073709551615ul>, lume::detail::ExecutionPolicy const&, lume::detail::ExecutionStats*, std::vector<unsigned int, std::allocator<unsigned int> >*)+0x1eea>
    5a84:	ja     6940 <lume::detail::execute_cpu_reference_with_policy(lume::VerifiedProgram const&, std::span<lume::Buffer const, 18446744073709551615ul>, lume::detail::ExecutionPolicy const&, lume::detail::ExecutionStats*, std::vector<unsigned int, std::allocator<unsigned int> >*)+0x1ee0>
    5a8a:	test   rdx,rdx
    5a8d:	je     6b54 <lume::detail::execute_cpu_reference_with_policy(lume::VerifiedProgram const&, std::span<lume::Buffer const, 18446744073709551615ul>, lume::detail::ExecutionPolicy const&, lume::detail::ExecutionStats*, std::vector<unsigned int, std::allocator<unsigned int> >*)+0x20f4>
    5a93:	movdqu xmm6,XMMWORD PTR [rbp+0x0]
    5a98:	movups XMMWORD PTR [r12],xmm6
    5a9d:	mov    rdx,QWORD PTR [rbp+0x10]
    5aa1:	pxor   xmm0,xmm0
    5aa5:	mov    QWORD PTR [r12+0x10],rdx
    5aaa:	mov    QWORD PTR [rbp+0x10],0x0
    5ab2:	movups XMMWORD PTR [rbp+0x0],xmm0
    5ab6:	mov    BYTE PTR [r12+0x18],al
    5abb:	lea    rax,[r12+0x20]
    5ac0:	mov    QWORD PTR [rsp+0x2d8],rax
    5ac8:	cmp    BYTE PTR [rbp+0x18],0xff
    5acc:	mov    BYTE PTR [rbp+0x20],0x0
    5ad0:	je     5ada <lume::detail::execute_cpu_reference_with_policy(lume::VerifiedProgram const&, std::span<lume::Buffer const, 18446744073709551615ul>, lume::detail::ExecutionPolicy const&, lume::detail::ExecutionStats*, std::vector<unsigned int, std::allocator<unsigned int> >*)+0x107a>
    5ad2:	mov    rdi,rbp
    5ad5:	call   0 <decltype(auto) std::__do_visit<void, std::__detail::__variant::_Variant_storage<false, std::vector<float, std::allocator<float> >, std::vector<int, std::allocator<int> >, lume::OwnedArray<float>, lume::OwnedArray<int> >::_M_reset()::{lambda(auto:1&&)#1}, std::variant<std::vector<float, std::allocator<float> >, std::vector<int, std::allocator<int> >, lume::OwnedArray<float>, lume::OwnedArray<int> >&>(std::__detail::__variant::_Variant_storage<false, std::vector<float, std::allocator<float> >, std::vector<int, std::allocator<int> >, lume::OwnedArray<float>, lume::OwnedArray<int> >::_M_reset()::{lambda(auto:1&&)#1}&&, std::variant<std::vector<float, std::allocator<float> >, std::vector<int, std::allocator<int> >, lume::OwnedArray<float>, lume::OwnedArray<int> >&) [clone .isra.0]>
    5ada:	mov    rax,QWORD PTR [rsp+0xb8]
    5ae2:	mov    QWORD PTR [rax],0x0
    5ae9:	mov    rax,QWORD PTR [rsp+0x30]
    5aee:	test   rax,rax
    5af1:	je     5e40 <lume::detail::execute_cpu_reference_with_policy(lume::VerifiedProgram const&, std::span<lume::Buffer const, 18446744073709551615ul>, lume::detail::ExecutionPolicy const&, lume::detail::ExecutionStats*, std::vector<unsigned int, std::allocator<unsigned int> >*)+0x13e0>
    5af7:	add    DWORD PTR [rax+0xc],0x1
    5afb:	jmp    5e40 <lume::detail::execute_cpu_reference_with_policy(lume::VerifiedProgram const&, std::span<lume::Buffer const, 18446744073709551615ul>, lume::detail::ExecutionPolicy const&, lume::detail::ExecutionStats*, std::vector<unsigned int, std::allocator<unsigned int> >*)+0x13e0>
    5b00:	mov    QWORD PTR [rsp+0x58],0x0
    5b09:	mov    QWORD PTR [rsp+0x120],0x0
    5b15:	mov    QWORD PTR [rsp+0x130],0x0
    5b21:	mov    QWORD PTR [rsp+0x128],0x0
    5b2d:	mov    QWORD PTR [rsp+0x98],0x0
    5b39:	mov    QWORD PTR [rsp+0x38],0x0
    5b42:	mov    QWORD PTR [rsp+0x140],0x0
    5b4e:	mov    QWORD PTR [rsp+0x150],0x0
    5b5a:	mov    QWORD PTR [rsp+0x148],0x0
    5b66:	mov    QWORD PTR [rsp+0x78],0x0
    5b6f:	mov    QWORD PTR [rsp+0xa0],0x0
    5b7b:	mov    QWORD PTR [rsp+0x160],0x0
    5b87:	xor    r12d,r12d
    5b8a:	mov    QWORD PTR [rsp+0x170],0x0
    5b96:	mov    QWORD PTR [rsp+0xa8],0x0
    5ba2:	mov    QWORD PTR [rsp+0x50],0x0
    5bab:	jmp    4f0e <lume::detail::execute_cpu_reference_with_policy(lume::VerifiedProgram const&, std::span<lume::Buffer const, 18446744073709551615ul>, lume::detail::ExecutionPolicy const&, lume::detail::ExecutionStats*, std::vector<unsigned int, std::allocator<unsigned int> >*)+0x4ae>
    5bb0:	mov    QWORD PTR [rsp+0xc0],rbp
    5bb8:	xor    r12d,r12d
    5bbb:	mov    rbp,QWORD PTR [rsp+0x78]
    5bc0:	mov    r11,rsi
    5bc3:	mov    QWORD PTR [rsp+0xc8],r15
    5bcb:	mov    r15,r9
    5bce:	mov    BYTE PTR [rsp+0xb0],r13b
    5bd6:	jmp    5bed <lume::detail::execute_cpu_reference_with_policy(lume::VerifiedProgram const&, std::span<lume::Buffer const, 18446744073709551615ul>, lume::detail::ExecutionPolicy const&, lume::detail::ExecutionStats*, std::vector<unsigned int, std::allocator<unsigned int> >*)+0x118d>
    5bd8:	nop    DWORD PTR [rax+rax*1+0x0]
    5be0:	add    r11,0x10
    5be4:	cmp    r11,r10
    5be7:	je     5188 <lume::detail::execute_cpu_reference_with_policy(lume::VerifiedProgram const&, std::span<lume::Buffer const, 18446744073709551615ul>, lume::detail::ExecutionPolicy const&, lume::detail::ExecutionStats*, std::vector<unsigned int, std::allocator<unsigned int> >*)+0x728>
    5bed:	cmp    BYTE PTR [r11],0x2
    5bf1:	jne    5be0 <lume::detail::execute_cpu_reference_with_policy(lume::VerifiedProgram const&, std::span<lume::Buffer const, 18446744073709551615ul>, lume::detail::ExecutionPolicy const&, lume::detail::ExecutionStats*, std::vector<unsigned int, std::allocator<unsigned int> >*)+0x1180>
    5bf3:	mov    r13d,DWORD PTR [r11+0xc]
    5bf7:	cmp    BYTE PTR [rbp+r13*1+0x0],0x0
    5bfd:	mov    r8,r13
    5c00:	je     5be0 <lume::detail::execute_cpu_reference_with_policy(lume::VerifiedProgram const&, std::span<lume::Buffer const, 18446744073709551615ul>, lume::detail::ExecutionPolicy const&, lume::detail::ExecutionStats*, std::vector<unsigned int, std::allocator<unsigned int> >*)+0x1180>
    5c02:	cmp    rsi,rdx
    5c05:	je     64a9 <lume::detail::execute_cpu_reference_with_policy(lume::VerifiedProgram const&, std::span<lume::Buffer const, 18446744073709551615ul>, lume::detail::ExecutionPolicy const&, lume::detail::ExecutionStats*, std::vector<unsigned int, std::allocator<unsigned int> >*)+0x1a49>
    5c0b:	mov    QWORD PTR [rsp+0x80],r13
    5c13:	mov    rax,rsi
    5c16:	movzx  r9d,BYTE PTR [rsp+0xb0]
    5c1f:	nop
    5c20:	cmp    BYTE PTR [rax],0x2
    5c23:	jne    5c4b <lume::detail::execute_cpu_reference_with_policy(lume::VerifiedProgram const&, std::span<lume::Buffer const, 18446744073709551615ul>, lume::detail::ExecutionPolicy const&, lume::detail::ExecutionStats*, std::vector<unsigned int, std::allocator<unsigned int> >*)+0x11eb>
    5c25:	mov    ecx,DWORD PTR [rax+0x4]
    5c28:	mov    edi,DWORD PTR [rax+0x8]
    5c2b:	cmp    r8d,ecx
    5c2e:	jne    5c3d <lume::detail::execute_cpu_reference_with_policy(lume::VerifiedProgram const&, std::span<lume::Buffer const, 18446744073709551615ul>, lume::detail::ExecutionPolicy const&, lume::detail::ExecutionStats*, std::vector<unsigned int, std::allocator<unsigned int> >*)+0x11dd>
    5c30:	mov    r13d,edi
    5c33:	cmp    BYTE PTR [rbp+r13*1+0x0],0x0
    5c39:	cmovne r9d,r12d
    5c3d:	cmp    r8d,edi
    5c40:	jne    5c4b <lume::detail::execute_cpu_reference_with_policy(lume::VerifiedProgram const&, std::span<lume::Buffer const, 18446744073709551615ul>, lume::detail::ExecutionPolicy const&, lume::detail::ExecutionStats*, std::vector<unsigned int, std::allocator<unsigned int> >*)+0x11eb>
    5c42:	cmp    BYTE PTR [rbp+rcx*1+0x0],0x0
    5c47:	cmovne r9d,r12d
    5c4b:	add    rax,0x10
    5c4f:	cmp    rax,rdx
    5c52:	jne    5c20 <lume::detail::execute_cpu_reference_with_policy(lume::VerifiedProgram const&, std::span<lume::Buffer const, 18446744073709551615ul>, lume::detail::ExecutionPolicy const&, lume::detail::ExecutionStats*, std::vector<unsigned int, std::allocator<unsigned int> >*)+0x11c0>
    5c54:	mov    r13,QWORD PTR [rsp+0x80]
    5c5c:	mov    rax,QWORD PTR [rsp+0x50]
    5c61:	mov    BYTE PTR [rax+r13*1],r9b
    5c65:	jmp    5be0 <lume::detail::execute_cpu_reference_with_policy(lume::VerifiedProgram const&, std::span<lume::Buffer const, 18446744073709551615ul>, lume::detail::ExecutionPolicy const&, lume::detail::ExecutionStats*, std::vector<unsigned int, std::allocator<unsigned int> >*)+0x1180>
    5c6a:	test   r12b,r12b
    5c6d:	je     60a9 <lume::detail::execute_cpu_reference_with_policy(lume::VerifiedProgram const&, std::span<lume::Buffer const, 18446744073709551615ul>, lume::detail::ExecutionPolicy const&, lume::detail::ExecutionStats*, std::vector<unsigned int, std::allocator<unsigned int> >*)+0x1649>
    5c73:	mov    QWORD PTR [rsp+0xb0],0x0
    5c7f:	mov    r12d,DWORD PTR [rbp+0xc]
    5c83:	mov    r11,QWORD PTR [rsp+0x50]
    5c88:	cmp    BYTE PTR [r11+r12*1],0x0
    5c8d:	je     5d19 <lume::detail::execute_cpu_reference_with_policy(lume::VerifiedProgram const&, std::span<lume::Buffer const, 18446744073709551615ul>, lume::detail::ExecutionPolicy const&, lume::detail::ExecutionStats*, std::vector<unsigned int, std::allocator<unsigned int> >*)+0x12b9>
    5c93:	mov    rdx,QWORD PTR [rsp+0x30]
    5c98:	test   rdx,rdx
    5c9b:	je     5244 <lume::detail::execute_cpu_reference_with_policy(lume::VerifiedProgram const&, std::span<lume::Buffer const, 18446744073709551615ul>, lume::detail::ExecutionPolicy const&, lume::detail::ExecutionStats*, std::vector<unsigned int, std::allocator<unsigned int> >*)+0x7e4>
    5ca1:	add    DWORD PTR [rdx+0x18],0x1
    5ca5:	jmp    5244 <lume::detail::execute_cpu_reference_with_policy(lume::VerifiedProgram const&, std::span<lume::Buffer const, 18446744073709551615ul>, lume::detail::ExecutionPolicy const&, lume::detail::ExecutionStats*, std::vector<unsigned int, std::allocator<unsigned int> >*)+0x7e4>
    5caa:	nop    WORD PTR [rax+rax*1+0x0]
    5cb0:	cmp    rsi,r12
    5cb3:	je     64b4 <lume::detail::execute_cpu_reference_with_policy(lume::VerifiedProgram const&, std::span<lume::Buffer const, 18446744073709551615ul>, lume::detail::ExecutionPolicy const&, lume::detail::ExecutionStats*, std::vector<unsigned int, std::allocator<unsigned int> >*)+0x1a54>
    5cb9:	mov    rax,QWORD PTR [rsp+0xb0]
    5cc1:	mov    BYTE PTR [r12+0x18],0xff
    5cc7:	movsx  rbp,BYTE PTR [rax+0x18]
    5ccc:	cmp    rbp,0x2
    5cd0:	je     6970 <lume::detail::execute_cpu_reference_with_policy(lume::VerifiedProgram const&, std::span<lume::Buffer const, 18446744073709551615ul>, lume::detail::ExecutionPolicy const&, lume::detail::ExecutionStats*, std::vector<unsigned int, std::allocator<unsigned int> >*)+0x1f10>
    5cd6:	jbe    6120 <lume::detail::execute_cpu_reference_with_policy(lume::VerifiedProgram const&, std::span<lume::Buffer const, 18446744073709551615ul>, lume::detail::ExecutionPolicy const&, lume::detail::ExecutionStats*, std::vector<unsigned int, std::allocator<unsigned int> >*)+0x16c0>
    5cdc:	cmp    rbp,0x3
    5ce0:	je     69df <lume::detail::execute_cpu_reference_with_policy(lume::VerifiedProgram const&, std::span<lume::Buffer const, 18446744073709551615ul>, lume::detail::ExecutionPolicy const&, lume::detail::ExecutionStats*, std::vector<unsigned int, std::allocator<unsigned int> >*)+0x1f7f>
    5ce6:	mov    rcx,r12
    5ce9:	mov    eax,0xffffffff
    5cee:	mov    BYTE PTR [r12+0x18],al
    5cf3:	lea    rax,[rcx+0x20]
    5cf7:	mov    QWORD PTR [rsp+0x2d8],rax
    5cff:	cmp    QWORD PTR [rsp+0x30],0x0
    5d05:	je     5e40 <lume::detail::execute_cpu_reference_with_policy(lume::VerifiedProgram const&, std::span<lume::Buffer const, 18446744073709551615ul>, lume::detail::ExecutionPolicy const&, lume::detail::ExecutionStats*, std::vector<unsigned int, std::allocator<unsigned int> >*)+0x13e0>
    5d0b:	mov    rax,QWORD PTR [rsp+0x30]
    5d10:	add    DWORD PTR [rax+0x10],0x1
    5d14:	jmp    5e40 <lume::detail::execute_cpu_reference_with_policy(lume::VerifiedProgram const&, std::span<lume::Buffer const, 18446744073709551615ul>, lume::detail::ExecutionPolicy const&, lume::detail::ExecutionStats*, std::vector<unsigned int, std::allocator<unsigned int> >*)+0x13e0>
    5d19:	movzx  r9d,BYTE PTR [r11+r10*1]
    5d1e:	test   r9b,r9b
    5d21:	je     605a <lume::detail::execute_cpu_reference_with_policy(lume::VerifiedProgram const&, std::span<lume::Buffer const, 18446744073709551615ul>, lume::detail::ExecutionPolicy const&, lume::detail::ExecutionStats*, std::vector<unsigned int, std::allocator<unsigned int> >*)+0x15fa>
    5d27:	test   r9b,r9b
    5d2a:	mov    rsi,QWORD PTR [rsp+0x58]
    5d2f:	sete   dl
    5d32:	sete   r8b
    5d36:	movzx  edx,dl
    5d39:	mov    edx,DWORD PTR [rbp+rdx*4+0x4]
    5d3d:	mov    rdx,QWORD PTR [rsi+rdx*8]
    5d41:	xor    esi,esi
    5d43:	shl    rdx,0x4
    5d47:	add    rax,rdx
    5d4a:	mov    edx,DWORD PTR [rax+0x4]
    5d4d:	cmp    rdx,rcx
    5d50:	jae    5d5b <lume::detail::execute_cpu_reference_with_policy(lume::VerifiedProgram const&, std::span<lume::Buffer const, 18446744073709551615ul>, lume::detail::ExecutionPolicy const&, lume::detail::ExecutionStats*, std::vector<unsigned int, std::allocator<unsigned int> >*)+0x12fb>
    5d52:	mov    rsi,QWORD PTR [rsp+0x10]
    5d57:	mov    rsi,QWORD PTR [rsi+rdx*8]
    5d5b:	mov    edx,DWORD PTR [rax+0x8]
    5d5e:	xor    eax,eax
    5d60:	test   r9b,r9b
    5d63:	setne  al
    5d66:	mov    eax,DWORD PTR [rbp+rax*4+0x4]
    5d6a:	cmp    rdx,rcx
    5d6d:	jae    6232 <lume::detail::execute_cpu_reference_with_policy(lume::VerifiedProgram const&, std::span<lume::Buffer const, 18446744073709551615ul>, lume::detail::ExecutionPolicy const&, lume::detail::ExecutionStats*, std::vector<unsigned int, std::allocator<unsigned int> >*)+0x17d2>
    5d73:	mov    rdi,QWORD PTR [rsp+0x10]
    5d78:	mov    rdx,QWORD PTR [rdi+rdx*8]
    5d7c:	cmp    rax,rcx
    5d7f:	jae    6232 <lume::detail::execute_cpu_reference_with_policy(lume::VerifiedProgram const&, std::span<lume::Buffer const, 18446744073709551615ul>, lume::detail::ExecutionPolicy const&, lume::detail::ExecutionStats*, std::vector<unsigned int, std::allocator<unsigned int> >*)+0x17d2>
    5d85:	mov    rcx,QWORD PTR [rdi+rax*8]
    5d89:	test   rdx,rdx
    5d8c:	sete   al
    5d8f:	test   rcx,rcx
    5d92:	sete   dil
    5d96:	or     al,dil
    5d99:	jne    6232 <lume::detail::execute_cpu_reference_with_policy(lume::VerifiedProgram const&, std::span<lume::Buffer const, 18446744073709551615ul>, lume::detail::ExecutionPolicy const&, lume::detail::ExecutionStats*, std::vector<unsigned int, std::allocator<unsigned int> >*)+0x17d2>
    5d9f:	test   rsi,rsi
    5da2:	je     6232 <lume::detail::execute_cpu_reference_with_policy(lume::VerifiedProgram const&, std::span<lume::Buffer const, 18446744073709551615ul>, lume::detail::ExecutionPolicy const&, lume::detail::ExecutionStats*, std::vector<unsigned int, std::allocator<unsigned int> >*)+0x17d2>
    5da8:	lea    rax,[rsp+0x1e0]
    5db0:	and    r8d,0x1
    5db4:	mov    rdi,rax
    5db7:	mov    QWORD PTR [rsp+0xb8],rax
    5dbf:	call   560 <lume::(anonymous namespace)::add_add_buffers(lume::Buffer const&, lume::Buffer const&, lume::Buffer const&, bool)>
    5dc4:	cmp    BYTE PTR [rsp+0x200],0x0
    5dcc:	je     6f84 <lume::detail::execute_cpu_reference_with_policy(lume::VerifiedProgram const&, std::span<lume::Buffer const, 18446744073709551615ul>, lume::detail::ExecutionPolicy const&, lume::detail::ExecutionStats*, std::vector<unsigned int, std::allocator<unsigned int> >*)+0x2524>
    5dd2:	mov    eax,DWORD PTR [rbp+0xc]
    5dd5:	mov    r12,QWORD PTR [rsp+0x18]
    5dda:	mov    rsi,QWORD PTR [rsp+0xb8]
    5de2:	lea    rax,[rax+rax*4]
    5de6:	lea    rdi,[r12+rax*8]
    5dea:	call   5def <lume::detail::execute_cpu_reference_with_policy(lume::VerifiedProgram const&, std::span<lume::Buffer const, 18446744073709551615ul>, lume::detail::ExecutionPolicy const&, lume::detail::ExecutionStats*, std::vector<unsigned int, std::allocator<unsigned int> >*)+0x138f>
    5def:	mov    eax,DWORD PTR [rbp+0xc]
    5df2:	mov    rcx,QWORD PTR [rsp+0x10]
    5df7:	lea    rdx,[rax+rax*4]
    5dfb:	lea    rdx,[r12+rdx*8]
    5dff:	mov    QWORD PTR [rcx+rax*8],rdx
    5e03:	mov    rax,QWORD PTR [rsp+0x30]
    5e08:	test   rax,rax
    5e0b:	je     5e14 <lume::detail::execute_cpu_reference_with_policy(lume::VerifiedProgram const&, std::span<lume::Buffer const, 18446744073709551615ul>, lume::detail::ExecutionPolicy const&, lume::detail::ExecutionStats*, std::vector<unsigned int, std::allocator<unsigned int> >*)+0x13b4>
    5e0d:	add    DWORD PTR [rax],0x1
    5e10:	add    DWORD PTR [rax+0x14],0x1
    5e14:	cmp    BYTE PTR [rsp+0x200],0x0
    5e1c:	je     5e40 <lume::detail::execute_cpu_reference_with_policy(lume::VerifiedProgram const&, std::span<lume::Buffer const, 18446744073709551615ul>, lume::detail::ExecutionPolicy const&, lume::detail::ExecutionStats*, std::vector<unsigned int, std::allocator<unsigned int> >*)+0x13e0>
    5e1e:	cmp    BYTE PTR [rsp+0x1f8],0xff
    5e26:	mov    BYTE PTR [rsp+0x200],0x0
    5e2e:	je     5e40 <lume::detail::execute_cpu_reference_with_policy(lume::VerifiedProgram const&, std::span<lume::Buffer const, 18446744073709551615ul>, lume::detail::ExecutionPolicy const&, lume::detail::ExecutionStats*, std::vector<unsigned int, std::allocator<unsigned int> >*)+0x13e0>
    5e30:	mov    rdi,QWORD PTR [rsp+0xb8]
    5e38:	call   0 <decltype(auto) std::__do_visit<void, std::__detail::__variant::_Variant_storage<false, std::vector<float, std::allocator<float> >, std::vector<int, std::allocator<int> >, lume::OwnedArray<float>, lume::OwnedArray<int> >::_M_reset()::{lambda(auto:1&&)#1}, std::variant<std::vector<float, std::allocator<float> >, std::vector<int, std::allocator<int> >, lume::OwnedArray<float>, lume::OwnedArray<int> >&>(std::__detail::__variant::_Variant_storage<false, std::vector<float, std::allocator<float> >, std::vector<int, std::allocator<int> >, lume::OwnedArray<float>, lume::OwnedArray<int> >::_M_reset()::{lambda(auto:1&&)#1}&&, std::variant<std::vector<float, std::allocator<float> >, std::vector<int, std::allocator<int> >, lume::OwnedArray<float>, lume::OwnedArray<int> >&) [clone .isra.0]>
    5e3d:	nop    DWORD PTR [rax]
    5e40:	mov    r9,QWORD PTR [rbx+0x38]
    5e44:	mov    rax,QWORD PTR [rbx+0x30]
    5e48:	jmp    5244 <lume::detail::execute_cpu_reference_with_policy(lume::VerifiedProgram const&, std::span<lume::Buffer const, 18446744073709551615ul>, lume::detail::ExecutionPolicy const&, lume::detail::ExecutionStats*, std::vector<unsigned int, std::allocator<unsigned int> >*)+0x7e4>
    5e4d:	lea    rax,[rsp+0x270]
    5e55:	mov    rsi,r13
    5e58:	mov    rdi,rax
    5e5b:	mov    QWORD PTR [rsp+0x20],rax
    5e60:	call   5e65 <lume::detail::execute_cpu_reference_with_policy(lume::VerifiedProgram const&, std::span<lume::Buffer const, 18446744073709551615ul>, lume::detail::ExecutionPolicy const&, lume::detail::ExecutionStats*, std::vector<unsigned int, std::allocator<unsigned int> >*)+0x1405>
    5e65:	mov    rbx,QWORD PTR [rsp+0x278]
    5e6d:	movabs rax,0x7fffffffffffffff
    5e77:	sub    rax,rbx
    5e7a:	cmp    rax,0x2
    5e7e:	jbe    77bd <lume::detail::execute_cpu_reference_with_policy(lume::VerifiedProgram const&, std::span<lume::Buffer const, 18446744073709551615ul>, lume::detail::ExecutionPolicy const&, lume::detail::ExecutionStats*, std::vector<unsigned int, std::allocator<unsigned int> >*)+0x2d5d>
    5e84:	mov    r13,QWORD PTR [rsp+0x270]
    5e8c:	lea    r12,[rsp+0x280]
    5e94:	lea    rbp,[rbx+0x3]
    5e98:	cmp    r13,r12
    5e9b:	je     6af0 <lume::detail::execute_cpu_reference_with_policy(lume::VerifiedProgram const&, std::span<lume::Buffer const, 18446744073709551615ul>, lume::detail::ExecutionPolicy const&, lume::detail::ExecutionStats*, std::vector<unsigned int, std::allocator<unsigned int> >*)+0x2090>
    5ea1:	mov    rax,QWORD PTR [rsp+0x280]
    5ea9:	cmp    rax,rbp
    5eac:	jb     61f3 <lume::detail::execute_cpu_reference_with_policy(lume::VerifiedProgram const&, std::span<lume::Buffer const, 18446744073709551615ul>, lume::detail::ExecutionPolicy const&, lume::detail::ExecutionStats*, std::vector<unsigned int, std::allocator<unsigned int> >*)+0x1793>
    5eb2:	lea    rcx,[rip+0x0]        # 5eb9 <lume::detail::execute_cpu_reference_with_policy(lume::VerifiedProgram const&, std::span<lume::Buffer const, 18446744073709551615ul>, lume::detail::ExecutionPolicy const&, lume::detail::ExecutionStats*, std::vector<unsigned int, std::allocator<unsigned int> >*)+0x1459>
    5eb9:	cmp    rcx,r13
    5ebc:	jb     5ecc <lume::detail::execute_cpu_reference_with_policy(lume::VerifiedProgram const&, std::span<lume::Buffer const, 18446744073709551615ul>, lume::detail::ExecutionPolicy const&, lume::detail::ExecutionStats*, std::vector<unsigned int, std::allocator<unsigned int> >*)+0x146c>
    5ebe:	lea    rax,[r13+rbx*1+0x0]
    5ec3:	cmp    rax,rcx
    5ec6:	jae    5ecc <lume::detail::execute_cpu_reference_with_policy(lume::VerifiedProgram const&, std::span<lume::Buffer const, 18446744073709551615ul>, lume::detail::ExecutionPolicy const&, lume::detail::ExecutionStats*, std::vector<unsigned int, std::allocator<unsigned int> >*)+0x146c>
    5ecc:	test   rbx,rbx
    5ecf:	je     5eea <lume::detail::execute_cpu_reference_with_policy(lume::VerifiedProgram const&, std::span<lume::Buffer const, 18446744073709551615ul>, lume::detail::ExecutionPolicy const&, lume::detail::ExecutionStats*, std::vector<unsigned int, std::allocator<unsigned int> >*)+0x148a>
    5ed1:	cmp    rbx,0x1
    5ed5:	je     6b46 <lume::detail::execute_cpu_reference_with_policy(lume::VerifiedProgram const&, std::span<lume::Buffer const, 18446744073709551615ul>, lume::detail::ExecutionPolicy const&, lume::detail::ExecutionStats*, std::vector<unsigned int, std::allocator<unsigned int> >*)+0x20e6>
    5edb:	lea    rdi,[r13+0x3]
    5edf:	mov    rdx,rbx
    5ee2:	mov    rsi,r13
    5ee5:	call   5eea <lume::detail::execute_cpu_reference_with_policy(lume::VerifiedProgram const&, std::span<lume::Buffer const, 18446744073709551615ul>, lume::detail::ExecutionPolicy const&, lume::detail::ExecutionStats*, std::vector<unsigned int, std::allocator<unsigned int> >*)+0x148a>
    5eea:	mov    edi,0x706f
    5eef:	mov    BYTE PTR [r13+0x2],0x20
    5ef4:	mov    WORD PTR [r13+0x0],di
    5ef9:	mov    rcx,QWORD PTR [rsp+0x270]
    5f01:	mov    QWORD PTR [rsp+0x278],rbp
    5f09:	mov    r12,QWORD PTR [rsp+0x20]
    5f0e:	mov    BYTE PTR [rcx+rbx*1+0x3],0x0
    5f13:	lea    rbx,[rsp+0x290]
    5f1b:	mov    rsi,r12
    5f1e:	mov    rdi,rbx
    5f21:	call   5f26 <lume::detail::execute_cpu_reference_with_policy(lume::VerifiedProgram const&, std::span<lume::Buffer const, 18446744073709551615ul>, lume::detail::ExecutionPolicy const&, lume::detail::ExecutionStats*, std::vector<unsigned int, std::allocator<unsigned int> >*)+0x14c6>
    5f26:	lea    rsi,[rip+0x0]        # 5f2d <lume::detail::execute_cpu_reference_with_policy(lume::VerifiedProgram const&, std::span<lume::Buffer const, 18446744073709551615ul>, lume::detail::ExecutionPolicy const&, lume::detail::ExecutionStats*, std::vector<unsigned int, std::allocator<unsigned int> >*)+0x14cd>
    5f2d:	mov    rdi,rbx
    5f30:	call   5f35 <lume::detail::execute_cpu_reference_with_policy(lume::VerifiedProgram const&, std::span<lume::Buffer const, 18446744073709551615ul>, lume::detail::ExecutionPolicy const&, lume::detail::ExecutionStats*, std::vector<unsigned int, std::allocator<unsigned int> >*)+0x14d5>
    5f35:	lea    rbp,[rsp+0x2b0]
    5f3d:	mov    rsi,rax
    5f40:	mov    rdi,rbp
    5f43:	call   5f48 <lume::detail::execute_cpu_reference_with_policy(lume::VerifiedProgram const&, std::span<lume::Buffer const, 18446744073709551615ul>, lume::detail::ExecutionPolicy const&, lume::detail::ExecutionStats*, std::vector<unsigned int, std::allocator<unsigned int> >*)+0x14e8>
    5f48:	mov    rsi,rbp
    5f4b:	mov    rdi,r14
    5f4e:	call   40 <lume::(anonymous namespace)::internal_error(std::__cxx11::basic_string<char, std::char_traits<char>, std::allocator<char> >)>
    5f53:	mov    rdi,rbp
    5f56:	call   5f5b <lume::detail::execute_cpu_reference_with_policy(lume::VerifiedProgram const&, std::span<lume::Buffer const, 18446744073709551615ul>, lume::detail::ExecutionPolicy const&, lume::detail::ExecutionStats*, std::vector<unsigned int, std::allocator<unsigned int> >*)+0x14fb>
    5f5b:	mov    rdi,rbx
    5f5e:	call   5f63 <lume::detail::execute_cpu_reference_with_policy(lume::VerifiedProgram const&, std::span<lume::Buffer const, 18446744073709551615ul>, lume::detail::ExecutionPolicy const&, lume::detail::ExecutionStats*, std::vector<unsigned int, std::allocator<unsigned int> >*)+0x1503>
    5f63:	mov    rdi,r12
    5f66:	call   5f6b <lume::detail::execute_cpu_reference_with_policy(lume::VerifiedProgram const&, std::span<lume::Buffer const, 18446744073709551615ul>, lume::detail::ExecutionPolicy const&, lume::detail::ExecutionStats*, std::vector<unsigned int, std::allocator<unsigned int> >*)+0x150b>
    5f6b:	jmp    5845 <lume::detail::execute_cpu_reference_with_policy(lume::VerifiedProgram const&, std::span<lume::Buffer const, 18446744073709551615ul>, lume::detail::ExecutionPolicy const&, lume::detail::ExecutionStats*, std::vector<unsigned int, std::allocator<unsigned int> >*)+0xde5>
    5f70:	test   rbp,rbp
    5f73:	js     7646 <lume::detail::execute_cpu_reference_with_policy(lume::VerifiedProgram const&, std::span<lume::Buffer const, 18446744073709551615ul>, lume::detail::ExecutionPolicy const&, lume::detail::ExecutionStats*, std::vector<unsigned int, std::allocator<unsigned int> >*)+0x2be6>
    5f79:	lea    r13,[rax+rax*1]
    5f7d:	cmp    rbp,r13
    5f80:	jae    5fa7 <lume::detail::execute_cpu_reference_with_policy(lume::VerifiedProgram const&, std::span<lume::Buffer const, 18446744073709551615ul>, lume::detail::ExecutionPolicy const&, lume::detail::ExecutionStats*, std::vector<unsigned int, std::allocator<unsigned int> >*)+0x1547>
    5f82:	lea    rdi,[r13+0x1]
    5f86:	test   r13,r13
    5f89:	jns    5fb3 <lume::detail::execute_cpu_reference_with_policy(lume::VerifiedProgram const&, std::span<lume::Buffer const, 18446744073709551615ul>, lume::detail::ExecutionPolicy const&, lume::detail::ExecutionStats*, std::vector<unsigned int, std::allocator<unsigned int> >*)+0x1553>
    5f8b:	mov    rax,QWORD PTR [rsp+0x318]
    5f93:	sub    rax,QWORD PTR fs:0x28
    5f9c:	jne    7603 <lume::detail::execute_cpu_reference_with_policy(lume::VerifiedProgram const&, std::span<lume::Buffer const, 18446744073709551615ul>, lume::detail::ExecutionPolicy const&, lume::detail::ExecutionStats*, std::vector<unsigned int, std::allocator<unsigned int> >*)+0x2ba3>
    5fa2:	call   5fa7 <lume::detail::execute_cpu_reference_with_policy(lume::VerifiedProgram const&, std::span<lume::Buffer const, 18446744073709551615ul>, lume::detail::ExecutionPolicy const&, lume::detail::ExecutionStats*, std::vector<unsigned int, std::allocator<unsigned int> >*)+0x1547>
    5fa7:	mov    rdi,rbx
    5faa:	mov    r13,rbp
    5fad:	add    rdi,0x4
    5fb1:	js     5f8b <lume::detail::execute_cpu_reference_with_policy(lume::VerifiedProgram const&, std::span<lume::Buffer const, 18446744073709551615ul>, lume::detail::ExecutionPolicy const&, lume::detail::ExecutionStats*, std::vector<unsigned int, std::allocator<unsigned int> >*)+0x152b>
    5fb3:	call   5fb8 <lume::detail::execute_cpu_reference_with_policy(lume::VerifiedProgram const&, std::span<lume::Buffer const, 18446744073709551615ul>, lume::detail::ExecutionPolicy const&, lume::detail::ExecutionStats*, std::vector<unsigned int, std::allocator<unsigned int> >*)+0x1558>
    5fb8:	mov    rcx,rax
    5fbb:	mov    eax,0x706f
    5fc0:	mov    r8,QWORD PTR [rsp+0x270]
    5fc8:	mov    WORD PTR [rcx],ax
    5fcb:	mov    BYTE PTR [rcx+0x2],0x20
    5fcf:	test   rbx,rbx
    5fd2:	jne    6077 <lume::detail::execute_cpu_reference_with_policy(lume::VerifiedProgram const&, std::span<lume::Buffer const, 18446744073709551615ul>, lume::detail::ExecutionPolicy const&, lume::detail::ExecutionStats*, std::vector<unsigned int, std::allocator<unsigned int> >*)+0x1617>
    5fd8:	cmp    r8,r12
    5fdb:	je     5ffb <lume::detail::execute_cpu_reference_with_policy(lume::VerifiedProgram const&, std::span<lume::Buffer const, 18446744073709551615ul>, lume::detail::ExecutionPolicy const&, lume::detail::ExecutionStats*, std::vector<unsigned int, std::allocator<unsigned int> >*)+0x159b>
    5fdd:	mov    rax,QWORD PTR [rsp+0x280]
    5fe5:	mov    rdi,r8
    5fe8:	mov    QWORD PTR [rsp+0x30],rcx
    5fed:	lea    rsi,[rax+0x1]
    5ff1:	call   5ff6 <lume::detail::execute_cpu_reference_with_policy(lume::VerifiedProgram const&, std::span<lume::Buffer const, 18446744073709551615ul>, lume::detail::ExecutionPolicy const&, lume::detail::ExecutionStats*, std::vector<unsigned int, std::allocator<unsigned int> >*)+0x1596>
    5ff6:	mov    rcx,QWORD PTR [rsp+0x30]
    5ffb:	mov    QWORD PTR [rsp+0x270],rcx
    6003:	mov    QWORD PTR [rsp+0x280],r13
    600b:	jmp    574c <lume::detail::execute_cpu_reference_with_policy(lume::VerifiedProgram const&, std::span<lume::Buffer const, 18446744073709551615ul>, lume::detail::ExecutionPolicy const&, lume::detail::ExecutionStats*, std::vector<unsigned int, std::allocator<unsigned int> >*)+0xcec>
    6010:	mov    rdi,QWORD PTR [rax]
    6013:	mov    QWORD PTR [r14+0x30],rdi
    6017:	mov    edi,ecx
    6019:	mov    r8,QWORD PTR [rax+rdi*1-0x8]
    601e:	mov    QWORD PTR [rdx+rdi*1-0x8],r8
    6023:	lea    r8,[r14+0x38]
    6027:	and    r8,0xfffffffffffffff8
    602b:	sub    rdx,r8
    602e:	add    ecx,edx
    6030:	sub    rax,rdx
    6033:	and    ecx,0xfffffff8
    6036:	cmp    ecx,0x8
    6039:	jb     4b31 <lume::detail::execute_cpu_reference_with_policy(lume::VerifiedProgram const&, std::span<lume::Buffer const, 18446744073709551615ul>, lume::detail::ExecutionPolicy const&, lume::detail::ExecutionStats*, std::vector<unsigned int, std::allocator<unsigned int> >*)+0xd1>
    603f:	and    ecx,0xfffffff8
    6042:	xor    edx,edx
    6044:	mov    edi,edx
    6046:	add    edx,0x8
    6049:	mov    r9,QWORD PTR [rax+rdi*1]
    604d:	mov    QWORD PTR [r8+rdi*1],r9
    6051:	cmp    edx,ecx
    6053:	jb     6044 <lume::detail::execute_cpu_reference_with_policy(lume::VerifiedProgram const&, std::span<lume::Buffer const, 18446744073709551615ul>, lume::detail::ExecutionPolicy const&, lume::detail::ExecutionStats*, std::vector<unsigned int, std::allocator<unsigned int> >*)+0x15e4>
    6055:	jmp    4b31 <lume::detail::execute_cpu_reference_with_policy(lume::VerifiedProgram const&, std::span<lume::Buffer const, 18446744073709551615ul>, lume::detail::ExecutionPolicy const&, lume::detail::ExecutionStats*, std::vector<unsigned int, std::allocator<unsigned int> >*)+0xd1>
    605a:	cmp    BYTE PTR [r11+rsi*1],0x0
    605f:	je     536c <lume::detail::execute_cpu_reference_with_policy(lume::VerifiedProgram const&, std::span<lume::Buffer const, 18446744073709551615ul>, lume::detail::ExecutionPolicy const&, lume::detail::ExecutionStats*, std::vector<unsigned int, std::allocator<unsigned int> >*)+0x90c>
    6065:	jmp    5d27 <lume::detail::execute_cpu_reference_with_policy(lume::VerifiedProgram const&, std::span<lume::Buffer const, 18446744073709551615ul>, lume::detail::ExecutionPolicy const&, lume::detail::ExecutionStats*, std::vector<unsigned int, std::allocator<unsigned int> >*)+0x12c7>
    606a:	mov    rdx,QWORD PTR [rbx+0x38]
    606e:	mov    rsi,QWORD PTR [rbx+0x30]
    6072:	jmp    5b09 <lume::detail::execute_cpu_reference_with_policy(lume::VerifiedProgram const&, std::span<lume::Buffer const, 18446744073709551615ul>, lume::detail::ExecutionPolicy const&, lume::detail::ExecutionStats*, std::vector<unsigned int, std::allocator<unsigned int> >*)+0x10a9>
    6077:	cmp    rbx,0x1
    607b:	je     6b29 <lume::detail::execute_cpu_reference_with_policy(lume::VerifiedProgram const&, std::span<lume::Buffer const, 18446744073709551615ul>, lume::detail::ExecutionPolicy const&, lume::detail::ExecutionStats*, std::vector<unsigned int, std::allocator<unsigned int> >*)+0x20c9>
    6081:	lea    rdi,[rcx+0x3]
    6085:	mov    rsi,r8
    6088:	mov    rdx,rbx
    608b:	mov    QWORD PTR [rsp+0x48],rcx
    6090:	mov    QWORD PTR [rsp+0x30],r8
    6095:	call   609a <lume::detail::execute_cpu_reference_with_policy(lume::VerifiedProgram const&, std::span<lume::Buffer const, 18446744073709551615ul>, lume::detail::ExecutionPolicy const&, lume::detail::ExecutionStats*, std::vector<unsigned int, std::allocator<unsigned int> >*)+0x163a>
    609a:	mov    rcx,QWORD PTR [rsp+0x48]
    609f:	mov    r8,QWORD PTR [rsp+0x30]
    60a4:	jmp    5fd8 <lume::detail::execute_cpu_reference_with_policy(lume::VerifiedProgram const&, std::span<lume::Buffer const, 18446744073709551615ul>, lume::detail::ExecutionPolicy const&, lume::detail::ExecutionStats*, std::vector<unsigned int, std::allocator<unsigned int> >*)+0x1578>
    60a9:	lea    r12,[rsp+0x270]
    60b1:	mov    rsi,r13
    60b4:	mov    rdi,r12
    60b7:	mov    QWORD PTR [rsp+0x20],r12
    60bc:	call   60c1 <lume::detail::execute_cpu_reference_with_policy(lume::VerifiedProgram const&, std::span<lume::Buffer const, 18446744073709551615ul>, lume::detail::ExecutionPolicy const&, lume::detail::ExecutionStats*, std::vector<unsigned int, std::allocator<unsigned int> >*)+0x1661>
    60c1:	lea    rdx,[rip+0x0]        # 60c8 <lume::detail::execute_cpu_reference_with_policy(lume::VerifiedProgram const&, std::span<lume::Buffer const, 18446744073709551615ul>, lume::detail::ExecutionPolicy const&, lume::detail::ExecutionStats*, std::vector<unsigned int, std::allocator<unsigned int> >*)+0x1668>
    60c8:	xor    esi,esi
    60ca:	mov    rdi,r12
    60cd:	call   60d2 <lume::detail::execute_cpu_reference_with_policy(lume::VerifiedProgram const&, std::span<lume::Buffer const, 18446744073709551615ul>, lume::detail::ExecutionPolicy const&, lume::detail::ExecutionStats*, std::vector<unsigned int, std::allocator<unsigned int> >*)+0x1672>
    60d2:	lea    rbx,[rsp+0x290]
    60da:	mov    rsi,rax
    60dd:	mov    rdi,rbx
    60e0:	call   60e5 <lume::detail::execute_cpu_reference_with_policy(lume::VerifiedProgram const&, std::span<lume::Buffer const, 18446744073709551615ul>, lume::detail::ExecutionPolicy const&, lume::detail::ExecutionStats*, std::vector<unsigned int, std::allocator<unsigned int> >*)+0x1685>
    60e5:	lea    rsi,[rip+0x0]        # 60ec <lume::detail::execute_cpu_reference_with_policy(lume::VerifiedProgram const&, std::span<lume::Buffer const, 18446744073709551615ul>, lume::detail::ExecutionPolicy const&, lume::detail::ExecutionStats*, std::vector<unsigned int, std::allocator<unsigned int> >*)+0x168c>
    60ec:	mov    rdi,rbx
    60ef:	call   60f4 <lume::detail::execute_cpu_reference_with_policy(lume::VerifiedProgram const&, std::span<lume::Buffer const, 18446744073709551615ul>, lume::detail::ExecutionPolicy const&, lume::detail::ExecutionStats*, std::vector<unsigned int, std::allocator<unsigned int> >*)+0x1694>
    60f4:	lea    rbp,[rsp+0x2b0]
    60fc:	mov    rsi,rax
    60ff:	mov    rdi,rbp
    6102:	call   6107 <lume::detail::execute_cpu_reference_with_policy(lume::VerifiedProgram const&, std::span<lume::Buffer const, 18446744073709551615ul>, lume::detail::ExecutionPolicy const&, lume::detail::ExecutionStats*, std::vector<unsigned int, std::allocator<unsigned int> >*)+0x16a7>
    6107:	mov    rsi,rbp
    610a:	mov    rdi,r14
    610d:	call   40 <lume::(anonymous namespace)::internal_error(std::__cxx11::basic_string<char, std::char_traits<char>, std::allocator<char> >)>
    6112:	jmp    5f53 <lume::detail::execute_cpu_reference_with_policy(lume::VerifiedProgram const&, std::span<lume::Buffer const, 18446744073709551615ul>, lume::detail::ExecutionPolicy const&, lume::detail::ExecutionStats*, std::vector<unsigned int, std::allocator<unsigned int> >*)+0x14f3>
    6117:	nop    WORD PTR [rax+rax*1+0x0]
    6120:	test   rbp,rbp
    6123:	je     6a53 <lume::detail::execute_cpu_reference_with_policy(lume::VerifiedProgram const&, std::span<lume::Buffer const, 18446744073709551615ul>, lume::detail::ExecutionPolicy const&, lume::detail::ExecutionStats*, std::vector<unsigned int, std::allocator<unsigned int> >*)+0x1ff3>
    6129:	mov    rdx,rax
    612c:	pxor   xmm0,xmm0
    6130:	mov    rax,QWORD PTR [rax+0x8]
    6134:	sub    rax,QWORD PTR [rdx]
    6137:	movups XMMWORD PTR [r12],xmm0
    613c:	mov    QWORD PTR [r12+0x10],0x0
    6145:	je     6b6d <lume::detail::execute_cpu_reference_with_policy(lume::VerifiedProgram const&, std::span<lume::Buffer const, 18446744073709551615ul>, lume::detail::ExecutionPolicy const&, lume::detail::ExecutionStats*, std::vector<unsigned int, std::allocator<unsigned int> >*)+0x210d>
    614b:	movabs rdx,0x7ffffffffffffffc
    6155:	mov    rbp,rax
    6158:	cmp    rdx,rax
    615b:	jb     720e <lume::detail::execute_cpu_reference_with_policy(lume::VerifiedProgram const&, std::span<lume::Buffer const, 18446744073709551615ul>, lume::detail::ExecutionPolicy const&, lume::detail::ExecutionStats*, std::vector<unsigned int, std::allocator<unsigned int> >*)+0x27ae>
    6161:	mov    rdi,rax
    6164:	call   6169 <lume::detail::execute_cpu_reference_with_policy(lume::VerifiedProgram const&, std::span<lume::Buffer const, 18446744073709551615ul>, lume::detail::ExecutionPolicy const&, lume::detail::ExecutionStats*, std::vector<unsigned int, std::allocator<unsigned int> >*)+0x1709>
    6169:	mov    rcx,QWORD PTR [rsp+0x2d8]
    6171:	mov    rdi,rax
    6174:	mov    rax,QWORD PTR [rsp+0xb0]
    617c:	movq   xmm0,rdi
    6181:	add    rbp,rdi
    6184:	punpcklqdq xmm0,xmm0
    6188:	mov    QWORD PTR [r12+0x10],rbp
    618d:	movups XMMWORD PTR [r12],xmm0
    6192:	mov    rsi,QWORD PTR [rax]
    6195:	mov    rax,QWORD PTR [rax+0x8]
    6199:	mov    rbp,rax
    619c:	mov    QWORD PTR [rsp+0xb8],rax
    61a4:	sub    rbp,rsi
    61a7:	cmp    rbp,0x4
    61ab:	jle    7233 <lume::detail::execute_cpu_reference_with_policy(lume::VerifiedProgram const&, std::span<lume::Buffer const, 18446744073709551615ul>, lume::detail::ExecutionPolicy const&, lume::detail::ExecutionStats*, std::vector<unsigned int, std::allocator<unsigned int> >*)+0x27d3>
    61b1:	mov    rdx,rbp
    61b4:	mov    QWORD PTR [rsp+0xb8],rcx
    61bc:	call   61c1 <lume::detail::execute_cpu_reference_with_policy(lume::VerifiedProgram const&, std::span<lume::Buffer const, 18446744073709551615ul>, lume::detail::ExecutionPolicy const&, lume::detail::ExecutionStats*, std::vector<unsigned int, std::allocator<unsigned int> >*)+0x1761>
    61c1:	mov    rcx,QWORD PTR [rsp+0xb8]
    61c9:	mov    rdi,rax
    61cc:	add    rdi,rbp
    61cf:	mov    QWORD PTR [r12+0x8],rdi
    61d4:	mov    rax,QWORD PTR [rsp+0xb0]
    61dc:	movzx  eax,BYTE PTR [rax+0x18]
    61e0:	jmp    5cee <lume::detail::execute_cpu_reference_with_policy(lume::VerifiedProgram const&, std::span<lume::Buffer const, 18446744073709551615ul>, lume::detail::ExecutionPolicy const&, lume::detail::ExecutionStats*, std::vector<unsigned int, std::allocator<unsigned int> >*)+0x128e>
    61e5:	movzx  eax,BYTE PTR [r13+0x0]
    61ea:	mov    BYTE PTR [r13+0x3],al
    61ee:	jmp    5735 <lume::detail::execute_cpu_reference_with_policy(lume::VerifiedProgram const&, std::span<lume::Buffer const, 18446744073709551615ul>, lume::detail::ExecutionPolicy const&, lume::detail::ExecutionStats*, std::vector<unsigned int, std::allocator<unsigned int> >*)+0xcd5>
    61f3:	test   rbp,rbp
    61f6:	js     75be <lume::detail::execute_cpu_reference_with_policy(lume::VerifiedProgram const&, std::span<lume::Buffer const, 18446744073709551615ul>, lume::detail::ExecutionPolicy const&, lume::detail::ExecutionStats*, std::vector<unsigned int, std::allocator<unsigned int> >*)+0x2b5e>
    61fc:	lea    r13,[rax+rax*1]
    6200:	cmp    rbp,r13
    6203:	jae    660d <lume::detail::execute_cpu_reference_with_policy(lume::VerifiedProgram const&, std::span<lume::Buffer const, 18446744073709551615ul>, lume::detail::ExecutionPolicy const&, lume::detail::ExecutionStats*, std::vector<unsigned int, std::allocator<unsigned int> >*)+0x1bad>
    6209:	lea    rdi,[r13+0x1]
    620d:	test   r13,r13
    6210:	jns    661d <lume::detail::execute_cpu_reference_with_policy(lume::VerifiedProgram const&, std::span<lume::Buffer const, 18446744073709551615ul>, lume::detail::ExecutionPolicy const&, lume::detail::ExecutionStats*, std::vector<unsigned int, std::allocator<unsigned int> >*)+0x1bbd>
    6216:	mov    rax,QWORD PTR [rsp+0x318]
    621e:	sub    rax,QWORD PTR fs:0x28
    6227:	jne    7603 <lume::detail::execute_cpu_reference_with_policy(lume::VerifiedProgram const&, std::span<lume::Buffer const, 18446744073709551615ul>, lume::detail::ExecutionPolicy const&, lume::detail::ExecutionStats*, std::vector<unsigned int, std::allocator<unsigned int> >*)+0x2ba3>
    622d:	call   6232 <lume::detail::execute_cpu_reference_with_policy(lume::VerifiedProgram const&, std::span<lume::Buffer const, 18446744073709551615ul>, lume::detail::ExecutionPolicy const&, lume::detail::ExecutionStats*, std::vector<unsigned int, std::allocator<unsigned int> >*)+0x17d2>
    6232:	lea    r12,[rsp+0x270]
    623a:	mov    rsi,r13
    623d:	mov    rdi,r12
    6240:	mov    QWORD PTR [rsp+0x20],r12
    6245:	call   624a <lume::detail::execute_cpu_reference_with_policy(lume::VerifiedProgram const&, std::span<lume::Buffer const, 18446744073709551615ul>, lume::detail::ExecutionPolicy const&, lume::detail::ExecutionStats*, std::vector<unsigned int, std::allocator<unsigned int> >*)+0x17ea>
    624a:	lea    rdx,[rip+0x0]        # 6251 <lume::detail::execute_cpu_reference_with_policy(lume::VerifiedProgram const&, std::span<lume::Buffer const, 18446744073709551615ul>, lume::detail::ExecutionPolicy const&, lume::detail::ExecutionStats*, std::vector<unsigned int, std::allocator<unsigned int> >*)+0x17f1>
    6251:	xor    esi,esi
    6253:	mov    rdi,r12
    6256:	call   625b <lume::detail::execute_cpu_reference_with_policy(lume::VerifiedProgram const&, std::span<lume::Buffer const, 18446744073709551615ul>, lume::detail::ExecutionPolicy const&, lume::detail::ExecutionStats*, std::vector<unsigned int, std::allocator<unsigned int> >*)+0x17fb>
    625b:	lea    rbx,[rsp+0x290]
    6263:	mov    rsi,rax
    6266:	mov    rdi,rbx
    6269:	call   626e <lume::detail::execute_cpu_reference_with_policy(lume::VerifiedProgram const&, std::span<lume::Buffer const, 18446744073709551615ul>, lume::detail::ExecutionPolicy const&, lume::detail::ExecutionStats*, std::vector<unsigned int, std::allocator<unsigned int> >*)+0x180e>
    626e:	lea    rsi,[rip+0x0]        # 6275 <lume::detail::execute_cpu_reference_with_policy(lume::VerifiedProgram const&, std::span<lume::Buffer const, 18446744073709551615ul>, lume::detail::ExecutionPolicy const&, lume::detail::ExecutionStats*, std::vector<unsigned int, std::allocator<unsigned int> >*)+0x1815>
    6275:	mov    rdi,rbx
    6278:	call   627d <lume::detail::execute_cpu_reference_with_policy(lume::VerifiedProgram const&, std::span<lume::Buffer const, 18446744073709551615ul>, lume::detail::ExecutionPolicy const&, lume::detail::ExecutionStats*, std::vector<unsigned int, std::allocator<unsigned int> >*)+0x181d>
    627d:	lea    rbp,[rsp+0x2b0]
    6285:	mov    rsi,rax
    6288:	mov    rdi,rbp
    628b:	call   6290 <lume::detail::execute_cpu_reference_with_policy(lume::VerifiedProgram const&, std::span<lume::Buffer const, 18446744073709551615ul>, lume::detail::ExecutionPolicy const&, lume::detail::ExecutionStats*, std::vector<unsigned int, std::allocator<unsigned int> >*)+0x1830>
    6290:	mov    rsi,rbp
    6293:	mov    rdi,r14
    6296:	call   40 <lume::(anonymous namespace)::internal_error(std::__cxx11::basic_string<char, std::char_traits<char>, std::allocator<char> >)>
    629b:	jmp    5f53 <lume::detail::execute_cpu_reference_with_policy(lume::VerifiedProgram const&, std::span<lume::Buffer const, 18446744073709551615ul>, lume::detail::ExecutionPolicy const&, lume::detail::ExecutionStats*, std::vector<unsigned int, std::allocator<unsigned int> >*)+0x14f3>
    62a0:	mov    rax,QWORD PTR [rsp+0x2d0]
    62a8:	movabs rdx,0x3ffffffffffffff
    62b2:	sub    rsi,rax
    62b5:	mov    QWORD PTR [rsp+0xc8],rax
    62bd:	mov    rax,rsi
    62c0:	mov    QWORD PTR [rsp+0xd0],rsi
    62c8:	sar    rax,0x5
    62cc:	cmp    rax,rdx
    62cf:	je     7905 <lume::detail::execute_cpu_reference_with_policy(lume::VerifiedProgram const&, std::span<lume::Buffer const, 18446744073709551615ul>, lume::detail::ExecutionPolicy const&, lume::detail::ExecutionStats*, std::vector<unsigned int, std::allocator<unsigned int> >*)+0x2ea5>
    62d5:	cmp    QWORD PTR [rsp+0xc8],r12
    62dd:	je     6bbb <lume::detail::execute_cpu_reference_with_policy(lume::VerifiedProgram const&, std::span<lume::Buffer const, 18446744073709551615ul>, lume::detail::ExecutionPolicy const&, lume::detail::ExecutionStats*, std::vector<unsigned int, std::allocator<unsigned int> >*)+0x215b>
    62e3:	lea    rdx,[rax+rax*1]
    62e7:	mov    QWORD PTR [rsp+0xb0],rdx
    62ef:	cmp    rdx,rax
    62f2:	jb     6bf3 <lume::detail::execute_cpu_reference_with_policy(lume::VerifiedProgram const&, std::span<lume::Buffer const, 18446744073709551615ul>, lume::detail::ExecutionPolicy const&, lume::detail::ExecutionStats*, std::vector<unsigned int, std::allocator<unsigned int> >*)+0x2193>
    62f8:	mov    QWORD PTR [rsp+0xc0],0x0
    6304:	test   rdx,rdx
    6307:	jne    77e0 <lume::detail::execute_cpu_reference_with_policy(lume::VerifiedProgram const&, std::span<lume::Buffer const, 18446744073709551615ul>, lume::detail::ExecutionPolicy const&, lume::detail::ExecutionStats*, std::vector<unsigned int, std::allocator<unsigned int> >*)+0x2d80>
    630d:	mov    rdx,QWORD PTR [rsp+0xc0]
    6315:	mov    rax,QWORD PTR [rsp+0xd0]
    631d:	add    rax,rdx
    6320:	movsx  rdx,BYTE PTR [rbp+0x18]
    6325:	mov    BYTE PTR [rax+0x18],0xff
    6329:	mov    rcx,rdx
    632c:	cmp    rdx,0x2
    6330:	je     6b83 <lume::detail::execute_cpu_reference_with_policy(lume::VerifiedProgram const&, std::span<lume::Buffer const, 18446744073709551615ul>, lume::detail::ExecutionPolicy const&, lume::detail::ExecutionStats*, std::vector<unsigned int, std::allocator<unsigned int> >*)+0x2123>
    6336:	ja     6b79 <lume::detail::execute_cpu_reference_with_policy(lume::VerifiedProgram const&, std::span<lume::Buffer const, 18446744073709551615ul>, lume::detail::ExecutionPolicy const&, lume::detail::ExecutionStats*, std::vector<unsigned int, std::allocator<unsigned int> >*)+0x2119>
    633c:	test   rdx,rdx
    633f:	je     6cd2 <lume::detail::execute_cpu_reference_with_policy(lume::VerifiedProgram const&, std::span<lume::Buffer const, 18446744073709551615ul>, lume::detail::ExecutionPolicy const&, lume::detail::ExecutionStats*, std::vector<unsigned int, std::allocator<unsigned int> >*)+0x2272>
    6345:	movdqu xmm2,XMMWORD PTR [rbp+0x0]
    634a:	movups XMMWORD PTR [rax],xmm2
    634d:	mov    rdx,QWORD PTR [rbp+0x10]
    6351:	pxor   xmm0,xmm0
    6355:	mov    QWORD PTR [rax+0x10],rdx
    6359:	mov    QWORD PTR [rbp+0x10],0x0
    6361:	movups XMMWORD PTR [rbp+0x0],xmm0
    6365:	mov    BYTE PTR [rax+0x18],cl
    6368:	mov    rax,QWORD PTR [rsp+0xc8]
    6370:	mov    rdx,QWORD PTR [rsp+0xc0]
    6378:	cmp    rax,r12
    637b:	je     68e0 <lume::detail::execute_cpu_reference_with_policy(lume::VerifiedProgram const&, std::span<lume::Buffer const, 18446744073709551615ul>, lume::detail::ExecutionPolicy const&, lume::detail::ExecutionStats*, std::vector<unsigned int, std::allocator<unsigned int> >*)+0x1e80>
    6381:	mov    QWORD PTR [rsp+0xd0],rbp
    6389:	mov    rbp,rdx
    638c:	mov    QWORD PTR [rsp+0xd8],rbx
    6394:	mov    rbx,rax
    6397:	jmp    63e7 <lume::detail::execute_cpu_reference_with_policy(lume::VerifiedProgram const&, std::span<lume::Buffer const, 18446744073709551615ul>, lume::detail::ExecutionPolicy const&, lume::detail::ExecutionStats*, std::vector<unsigned int, std::allocator<unsigned int> >*)+0x1987>
    6399:	test   rcx,rcx
    639c:	je     65b0 <lume::detail::execute_cpu_reference_with_policy(lume::VerifiedProgram const&, std::span<lume::Buffer const, 18446744073709551615ul>, lume::detail::ExecutionPolicy const&, lume::detail::ExecutionStats*, std::vector<unsigned int, std::allocator<unsigned int> >*)+0x1b50>
    63a2:	mov    rcx,QWORD PTR [rbx+0x10]
    63a6:	movdqu xmm4,XMMWORD PTR [rbx]
    63aa:	mov    QWORD PTR [rbx+0x10],0x0
    63b2:	pxor   xmm5,xmm5
    63b6:	movups XMMWORD PTR [rbx],xmm5
    63b9:	mov    QWORD PTR [rbp+0x10],rcx
    63bd:	movups XMMWORD PTR [rbp+0x0],xmm4
    63c1:	mov    BYTE PTR [rbp+0x18],al
    63c4:	cmp    BYTE PTR [rbx+0x18],0xff
    63c8:	je     68bc <lume::detail::execute_cpu_reference_with_policy(lume::VerifiedProgram const&, std::span<lume::Buffer const, 18446744073709551615ul>, lume::detail::ExecutionPolicy const&, lume::detail::ExecutionStats*, std::vector<unsigned int, std::allocator<unsigned int> >*)+0x1e5c>
    63ce:	mov    rdi,rbx
    63d1:	add    rbx,0x20
    63d5:	add    rbp,0x20
    63d9:	call   0 <decltype(auto) std::__do_visit<void, std::__detail::__variant::_Variant_storage<false, std::vector<float, std::allocator<float> >, std::vector<int, std::allocator<int> >, lume::OwnedArray<float>, lume::OwnedArray<int> >::_M_reset()::{lambda(auto:1&&)#1}, std::variant<std::vector<float, std::allocator<float> >, std::vector<int, std::allocator<int> >, lume::OwnedArray<float>, lume::OwnedArray<int> >&>(std::__detail::__variant::_Variant_storage<false, std::vector<float, std::allocator<float> >, std::vector<int, std::allocator<int> >, lume::OwnedArray<float>, lume::OwnedArray<int> >::_M_reset()::{lambda(auto:1&&)#1}&&, std::variant<std::vector<float, std::allocator<float> >, std::vector<int, std::allocator<int> >, lume::OwnedArray<float>, lume::OwnedArray<int> >&) [clone .isra.0]>
    63de:	cmp    rbx,r12
    63e1:	je     68cd <lume::detail::execute_cpu_reference_with_policy(lume::VerifiedProgram const&, std::span<lume::Buffer const, 18446744073709551615ul>, lume::detail::ExecutionPolicy const&, lume::detail::ExecutionStats*, std::vector<unsigned int, std::allocator<unsigned int> >*)+0x1e6d>
    63e7:	mov    BYTE PTR [rbp+0x18],0xff
    63eb:	movsx  rcx,BYTE PTR [rbx+0x18]
    63f0:	mov    rax,rcx
    63f3:	cmp    rcx,0x2
    63f7:	je     6401 <lume::detail::execute_cpu_reference_with_policy(lume::VerifiedProgram const&, std::span<lume::Buffer const, 18446744073709551615ul>, lume::detail::ExecutionPolicy const&, lume::detail::ExecutionStats*, std::vector<unsigned int, std::allocator<unsigned int> >*)+0x19a1>
    63f9:	jbe    6399 <lume::detail::execute_cpu_reference_with_policy(lume::VerifiedProgram const&, std::span<lume::Buffer const, 18446744073709551615ul>, lume::detail::ExecutionPolicy const&, lume::detail::ExecutionStats*, std::vector<unsigned int, std::allocator<unsigned int> >*)+0x1939>
    63fb:	cmp    rcx,0x3
    63ff:	jne    63c1 <lume::detail::execute_cpu_reference_with_policy(lume::VerifiedProgram const&, std::span<lume::Buffer const, 18446744073709551615ul>, lume::detail::ExecutionPolicy const&, lume::detail::ExecutionStats*, std::vector<unsigned int, std::allocator<unsigned int> >*)+0x1961>
    6401:	mov    rcx,QWORD PTR [rbx]
    6404:	mov    QWORD PTR [rbp+0x0],rcx
    6408:	mov    rcx,QWORD PTR [rbx+0x8]
    640c:	mov    QWORD PTR [rbx],0x0
    6413:	mov    QWORD PTR [rbx+0x8],0x0
    641b:	mov    QWORD PTR [rbp+0x8],rcx
    641f:	jmp    63c1 <lume::detail::execute_cpu_reference_with_policy(lume::VerifiedProgram const&, std::span<lume::Buffer const, 18446744073709551615ul>, lume::detail::ExecutionPolicy const&, lume::detail::ExecutionStats*, std::vector<unsigned int, std::allocator<unsigned int> >*)+0x1961>
    6421:	cmp    al,0x2
    6423:	jne    6e02 <lume::detail::execute_cpu_reference_with_policy(lume::VerifiedProgram const&, std::span<lume::Buffer const, 18446744073709551615ul>, lume::detail::ExecutionPolicy const&, lume::detail::ExecutionStats*, std::vector<unsigned int, std::allocator<unsigned int> >*)+0x23a2>
    6429:	mov    rax,QWORD PTR [rdi]
    642c:	mov    r12,QWORD PTR [rdi+0x8]
    6430:	mov    QWORD PTR [rsp+0x180],rax
    6438:	jmp    55d5 <lume::detail::execute_cpu_reference_with_policy(lume::VerifiedProgram const&, std::span<lume::Buffer const, 18446744073709551615ul>, lume::detail::ExecutionPolicy const&, lume::detail::ExecutionStats*, std::vector<unsigned int, std::allocator<unsigned int> >*)+0xb75>
    643d:	nop    DWORD PTR [rax]
    6440:	cmp    rbp,0xf
    6444:	jbe    56fd <lume::detail::execute_cpu_reference_with_policy(lume::VerifiedProgram const&, std::span<lume::Buffer const, 18446744073709551615ul>, lume::detail::ExecutionPolicy const&, lume::detail::ExecutionStats*, std::vector<unsigned int, std::allocator<unsigned int> >*)+0xc9d>
    644a:	mov    edi,0x1f
    644f:	mov    r13d,0x1e
    6455:	jmp    5fb3 <lume::detail::execute_cpu_reference_with_policy(lume::VerifiedProgram const&, std::span<lume::Buffer const, 18446744073709551615ul>, lume::detail::ExecutionPolicy const&, lume::detail::ExecutionStats*, std::vector<unsigned int, std::allocator<unsigned int> >*)+0x1553>
    645a:	add    rsi,0x1
    645e:	mov    r8,r13
    6461:	mov    rdx,rcx
    6464:	cmp    esi,0x8
    6467:	jae    6891 <lume::detail::execute_cpu_reference_with_policy(lume::VerifiedProgram const&, std::span<lume::Buffer const, 18446744073709551615ul>, lume::detail::ExecutionPolicy const&, lume::detail::ExecutionStats*, std::vector<unsigned int, std::allocator<unsigned int> >*)+0x1e31>
    646d:	xor    edi,edi
    646f:	test   sil,0x4
    6473:	je     647f <lume::detail::execute_cpu_reference_with_policy(lume::VerifiedProgram const&, std::span<lume::Buffer const, 18446744073709551615ul>, lume::detail::ExecutionPolicy const&, lume::detail::ExecutionStats*, std::vector<unsigned int, std::allocator<unsigned int> >*)+0x1a1f>
    6475:	mov    edi,DWORD PTR [rdx]
    6477:	mov    DWORD PTR [r8],edi
    647a:	mov    edi,0x4
    647f:	test   sil,0x2
    6483:	je     6493 <lume::detail::execute_cpu_reference_with_policy(lume::VerifiedProgram const&, std::span<lume::Buffer const, 18446744073709551615ul>, lume::detail::ExecutionPolicy const&, lume::detail::ExecutionStats*, std::vector<unsigned int, std::allocator<unsigned int> >*)+0x1a33>
    6485:	movzx  r9d,WORD PTR [rdx+rdi*1]
    648a:	mov    WORD PTR [r8+rdi*1],r9w
    648f:	add    rdi,0x2
    6493:	and    esi,0x1
    6496:	je     57b5 <lume::detail::execute_cpu_reference_with_policy(lume::VerifiedProgram const&, std::span<lume::Buffer const, 18446744073709551615ul>, lume::detail::ExecutionPolicy const&, lume::detail::ExecutionStats*, std::vector<unsigned int, std::allocator<unsigned int> >*)+0xd55>
    649c:	movzx  edx,BYTE PTR [rdx+rdi*1]
    64a0:	mov    BYTE PTR [r8+rdi*1],dl
    64a4:	jmp    57b5 <lume::detail::execute_cpu_reference_with_policy(lume::VerifiedProgram const&, std::span<lume::Buffer const, 18446744073709551615ul>, lume::detail::ExecutionPolicy const&, lume::detail::ExecutionStats*, std::vector<unsigned int, std::allocator<unsigned int> >*)+0xd55>
    64a9:	mov    r9d,0x1
    64af:	jmp    5c5c <lume::detail::execute_cpu_reference_with_policy(lume::VerifiedProgram const&, std::span<lume::Buffer const, 18446744073709551615ul>, lume::detail::ExecutionPolicy const&, lume::detail::ExecutionStats*, std::vector<unsigned int, std::allocator<unsigned int> >*)+0x11fc>
    64b4:	mov    rdx,QWORD PTR [rsp+0xb0]
    64bc:	mov    rdi,QWORD PTR [rsp+0x68]
    64c1:	call   64c6 <lume::detail::execute_cpu_reference_with_policy(lume::VerifiedProgram const&, std::span<lume::Buffer const, 18446744073709551615ul>, lume::detail::ExecutionPolicy const&, lume::detail::ExecutionStats*, std::vector<unsigned int, std::allocator<unsigned int> >*)+0x1a66>
    64c6:	jmp    5cff <lume::detail::execute_cpu_reference_with_policy(lume::VerifiedProgram const&, std::span<lume::Buffer const, 18446744073709551615ul>, lume::detail::ExecutionPolicy const&, lume::detail::ExecutionStats*, std::vector<unsigned int, std::allocator<unsigned int> >*)+0x129f>
    64cb:	mov    QWORD PTR [rsp+0x70],0x0
    64d4:	mov    rax,QWORD PTR [rbx+0x20]
    64d8:	sub    rax,QWORD PTR [rbx+0x18]
    64dc:	mov    QWORD PTR [rsp+0x8],rax
    64e1:	mov    rsi,rax
    64e4:	jmp    4be3 <lume::detail::execute_cpu_reference_with_policy(lume::VerifiedProgram const&, std::span<lume::Buffer const, 18446744073709551615ul>, lume::detail::ExecutionPolicy const&, lume::detail::ExecutionStats*, std::vector<unsigned int, std::allocator<unsigned int> >*)+0x183>
    64e9:	mov    rax,QWORD PTR [rsp+0x18]
    64ee:	add    rdx,r10
    64f1:	lea    r12,[rax+rdx*8]
    64f5:	cmp    BYTE PTR [r12+0x20],0x0
    64fb:	je     65d4 <lume::detail::execute_cpu_reference_with_policy(lume::VerifiedProgram const&, std::span<lume::Buffer const, 18446744073709551615ul>, lume::detail::ExecutionPolicy const&, lume::detail::ExecutionStats*, std::vector<unsigned int, std::allocator<unsigned int> >*)+0x1b74>
    6501:	cmp    DWORD PTR [r15+r10*4],r13d
    6505:	jne    65d4 <lume::detail::execute_cpu_reference_with_policy(lume::VerifiedProgram const&, std::span<lume::Buffer const, 18446744073709551615ul>, lume::detail::ExecutionPolicy const&, lume::detail::ExecutionStats*, std::vector<unsigned int, std::allocator<unsigned int> >*)+0x1b74>
    650b:	cmp    DWORD PTR [rsp+0xb8],0xffffffff
    6513:	je     55b0 <lume::detail::execute_cpu_reference_with_policy(lume::VerifiedProgram const&, std::span<lume::Buffer const, 18446744073709551615ul>, lume::detail::ExecutionPolicy const&, lume::detail::ExecutionStats*, std::vector<unsigned int, std::allocator<unsigned int> >*)+0xb50>
    6519:	cmp    rdi,r12
    651c:	setne  dl
    651f:	cmp    QWORD PTR [rsp+0xb0],r12
    6527:	setne  al
    652a:	test   dl,dl
    652c:	je     6702 <lume::detail::execute_cpu_reference_with_policy(lume::VerifiedProgram const&, std::span<lume::Buffer const, 18446744073709551615ul>, lume::detail::ExecutionPolicy const&, lume::detail::ExecutionStats*, std::vector<unsigned int, std::allocator<unsigned int> >*)+0x1ca2>
    6532:	test   al,al
    6534:	je     6b0a <lume::detail::execute_cpu_reference_with_policy(lume::VerifiedProgram const&, std::span<lume::Buffer const, 18446744073709551615ul>, lume::detail::ExecutionPolicy const&, lume::detail::ExecutionStats*, std::vector<unsigned int, std::allocator<unsigned int> >*)+0x20aa>
    653a:	lea    r12,[rsp+0x270]
    6542:	mov    rsi,r13
    6545:	mov    rdi,r12
    6548:	mov    QWORD PTR [rsp+0x20],r12
    654d:	call   6552 <lume::detail::execute_cpu_reference_with_policy(lume::VerifiedProgram const&, std::span<lume::Buffer const, 18446744073709551615ul>, lume::detail::ExecutionPolicy const&, lume::detail::ExecutionStats*, std::vector<unsigned int, std::allocator<unsigned int> >*)+0x1af2>
    6552:	lea    rdx,[rip+0x0]        # 6559 <lume::detail::execute_cpu_reference_with_policy(lume::VerifiedProgram const&, std::span<lume::Buffer const, 18446744073709551615ul>, lume::detail::ExecutionPolicy const&, lume::detail::ExecutionStats*, std::vector<unsigned int, std::allocator<unsigned int> >*)+0x1af9>
    6559:	xor    esi,esi
    655b:	mov    rdi,r12
    655e:	call   6563 <lume::detail::execute_cpu_reference_with_policy(lume::VerifiedProgram const&, std::span<lume::Buffer const, 18446744073709551615ul>, lume::detail::ExecutionPolicy const&, lume::detail::ExecutionStats*, std::vector<unsigned int, std::allocator<unsigned int> >*)+0x1b03>
    6563:	lea    rbx,[rsp+0x290]
    656b:	mov    rsi,rax
    656e:	mov    rdi,rbx
    6571:	call   6576 <lume::detail::execute_cpu_reference_with_policy(lume::VerifiedProgram const&, std::span<lume::Buffer const, 18446744073709551615ul>, lume::detail::ExecutionPolicy const&, lume::detail::ExecutionStats*, std::vector<unsigned int, std::allocator<unsigned int> >*)+0x1b16>
    6576:	lea    rsi,[rip+0x0]        # 657d <lume::detail::execute_cpu_reference_with_policy(lume::VerifiedProgram const&, std::span<lume::Buffer const, 18446744073709551615ul>, lume::detail::ExecutionPolicy const&, lume::detail::ExecutionStats*, std::vector<unsigned int, std::allocator<unsigned int> >*)+0x1b1d>
    657d:	mov    rdi,rbx
    6580:	call   6585 <lume::detail::execute_cpu_reference_with_policy(lume::VerifiedProgram const&, std::span<lume::Buffer const, 18446744073709551615ul>, lume::detail::ExecutionPolicy const&, lume::detail::ExecutionStats*, std::vector<unsigned int, std::allocator<unsigned int> >*)+0x1b25>
    6585:	lea    rbp,[rsp+0x2b0]
    658d:	mov    rsi,rax
    6590:	mov    rdi,rbp
    6593:	call   6598 <lume::detail::execute_cpu_reference_with_policy(lume::VerifiedProgram const&, std::span<lume::Buffer const, 18446744073709551615ul>, lume::detail::ExecutionPolicy const&, lume::detail::ExecutionStats*, std::vector<unsigned int, std::allocator<unsigned int> >*)+0x1b38>
    6598:	mov    rsi,rbp
    659b:	mov    rdi,r14
    659e:	call   40 <lume::(anonymous namespace)::internal_error(std::__cxx11::basic_string<char, std::char_traits<char>, std::allocator<char> >)>
    65a3:	jmp    5f53 <lume::detail::execute_cpu_reference_with_policy(lume::VerifiedProgram const&, std::span<lume::Buffer const, 18446744073709551615ul>, lume::detail::ExecutionPolicy const&, lume::detail::ExecutionStats*, std::vector<unsigned int, std::allocator<unsigned int> >*)+0x14f3>
    65a8:	nop    DWORD PTR [rax+rax*1+0x0]
    65b0:	movdqu xmm2,XMMWORD PTR [rbx]
    65b4:	mov    rcx,QWORD PTR [rbx+0x10]
    65b8:	pxor   xmm3,xmm3
    65bc:	mov    QWORD PTR [rbx+0x10],0x0
    65c4:	movups XMMWORD PTR [rbx],xmm3
    65c7:	mov    QWORD PTR [rbp+0x10],rcx
    65cb:	movups XMMWORD PTR [rbp+0x0],xmm2
    65cf:	jmp    63c1 <lume::detail::execute_cpu_reference_with_policy(lume::VerifiedProgram const&, std::span<lume::Buffer const, 18446744073709551615ul>, lume::detail::ExecutionPolicy const&, lume::detail::ExecutionStats*, std::vector<unsigned int, std::allocator<unsigned int> >*)+0x1961>
    65d4:	mov    rdx,QWORD PTR [rsp+0x18]
    65d9:	lea    rax,[rsi+rsi*4]
    65dd:	lea    r12,[rdx+rax*8]
    65e1:	cmp    BYTE PTR [r12+0x20],0x0
    65e7:	je     55b0 <lume::detail::execute_cpu_reference_with_policy(lume::VerifiedProgram const&, std::span<lume::Buffer const, 18446744073709551615ul>, lume::detail::ExecutionPolicy const&, lume::detail::ExecutionStats*, std::vector<unsigned int, std::allocator<unsigned int> >*)+0xb50>
    65ed:	cmp    DWORD PTR [r15+rsi*4],r13d
    65f1:	jne    55b0 <lume::detail::execute_cpu_reference_with_policy(lume::VerifiedProgram const&, std::span<lume::Buffer const, 18446744073709551615ul>, lume::detail::ExecutionPolicy const&, lume::detail::ExecutionStats*, std::vector<unsigned int, std::allocator<unsigned int> >*)+0xb50>
    65f7:	mov    eax,DWORD PTR [rsp+0xc0]
    65fe:	mov    r10,rsi
    6601:	mov    DWORD PTR [rsp+0xb8],eax
    6608:	jmp    650b <lume::detail::execute_cpu_reference_with_policy(lume::VerifiedProgram const&, std::span<lume::Buffer const, 18446744073709551615ul>, lume::detail::ExecutionPolicy const&, lume::detail::ExecutionStats*, std::vector<unsigned int, std::allocator<unsigned int> >*)+0x1aab>
    660d:	mov    rdi,rbx
    6610:	mov    r13,rbp
    6613:	add    rdi,0x4
    6617:	js     6216 <lume::detail::execute_cpu_reference_with_policy(lume::VerifiedProgram const&, std::span<lume::Buffer const, 18446744073709551615ul>, lume::detail::ExecutionPolicy const&, lume::detail::ExecutionStats*, std::vector<unsigned int, std::allocator<unsigned int> >*)+0x17b6>
    661d:	call   6622 <lume::detail::execute_cpu_reference_with_policy(lume::VerifiedProgram const&, std::span<lume::Buffer const, 18446744073709551615ul>, lume::detail::ExecutionPolicy const&, lume::detail::ExecutionStats*, std::vector<unsigned int, std::allocator<unsigned int> >*)+0x1bc2>
    6622:	mov    esi,0x706f
    6627:	mov    BYTE PTR [rax+0x2],0x20
    662b:	mov    r8,QWORD PTR [rsp+0x270]
    6633:	mov    rcx,rax
    6636:	mov    WORD PTR [rax],si
    6639:	test   rbx,rbx
    663c:	je     666b <lume::detail::execute_cpu_reference_with_policy(lume::VerifiedProgram const&, std::span<lume::Buffer const, 18446744073709551615ul>, lume::detail::ExecutionPolicy const&, lume::detail::ExecutionStats*, std::vector<unsigned int, std::allocator<unsigned int> >*)+0x1c0b>
    663e:	cmp    rbx,0x1
    6642:	je     6cdf <lume::detail::execute_cpu_reference_with_policy(lume::VerifiedProgram const&, std::span<lume::Buffer const, 18446744073709551615ul>, lume::detail::ExecutionPolicy const&, lume::detail::ExecutionStats*, std::vector<unsigned int, std::allocator<unsigned int> >*)+0x227f>
    6648:	mov    rsi,r8
    664b:	lea    rdi,[rax+0x3]
    664f:	mov    rdx,rbx
    6652:	mov    QWORD PTR [rsp+0x30],r8
    6657:	mov    QWORD PTR [rsp+0x48],rax
    665c:	call   6661 <lume::detail::execute_cpu_reference_with_policy(lume::VerifiedProgram const&, std::span<lume::Buffer const, 18446744073709551615ul>, lume::detail::ExecutionPolicy const&, lume::detail::ExecutionStats*, std::vector<unsigned int, std::allocator<unsigned int> >*)+0x1c01>
    6661:	mov    rcx,QWORD PTR [rsp+0x48]
    6666:	mov    r8,QWORD PTR [rsp+0x30]
    666b:	cmp    r8,r12
    666e:	je     668e <lume::detail::execute_cpu_reference_with_policy(lume::VerifiedProgram const&, std::span<lume::Buffer const, 18446744073709551615ul>, lume::detail::ExecutionPolicy const&, lume::detail::ExecutionStats*, std::vector<unsigned int, std::allocator<unsigned int> >*)+0x1c2e>
    6670:	mov    rax,QWORD PTR [rsp+0x280]
    6678:	mov    rdi,r8
    667b:	mov    QWORD PTR [rsp+0x30],rcx
    6680:	lea    rsi,[rax+0x1]
    6684:	call   6689 <lume::detail::execute_cpu_reference_with_policy(lume::VerifiedProgram const&, std::span<lume::Buffer const, 18446744073709551615ul>, lume::detail::ExecutionPolicy const&, lume::detail::ExecutionStats*, std::vector<unsigned int, std::allocator<unsigned int> >*)+0x1c29>
    6689:	mov    rcx,QWORD PTR [rsp+0x30]
    668e:	mov    QWORD PTR [rsp+0x270],rcx
    6696:	mov    QWORD PTR [rsp+0x280],r13
    669e:	jmp    5f01 <lume::detail::execute_cpu_reference_with_policy(lume::VerifiedProgram const&, std::span<lume::Buffer const, 18446744073709551615ul>, lume::detail::ExecutionPolicy const&, lume::detail::ExecutionStats*, std::vector<unsigned int, std::allocator<unsigned int> >*)+0x14a1>
    66a3:	test   rbp,rbp
    66a6:	jne    4fa8 <lume::detail::execute_cpu_reference_with_policy(lume::VerifiedProgram const&, std::span<lume::Buffer const, 18446744073709551615ul>, lume::detail::ExecutionPolicy const&, lume::detail::ExecutionStats*, std::vector<unsigned int, std::allocator<unsigned int> >*)+0x548>
    66ac:	mov    QWORD PTR [r14],0x0
    66b3:	mov    QWORD PTR [r14+0x8],0x0
    66bb:	mov    QWORD PTR [r14+0x10],0x0
    66c3:	mov    BYTE PTR [r14+0x40],0x0
    66c8:	jmp    58ce <lume::detail::execute_cpu_reference_with_policy(lume::VerifiedProgram const&, std::span<lume::Buffer const, 18446744073709551615ul>, lume::detail::ExecutionPolicy const&, lume::detail::ExecutionStats*, std::vector<unsigned int, std::allocator<unsigned int> >*)+0xe6e>
    66cd:	mov    QWORD PTR [rsp+0x310],0x0
    66d9:	pxor   xmm0,xmm0
    66dd:	movaps XMMWORD PTR [rsp+0x2d0],xmm0
    66e5:	movaps XMMWORD PTR [rsp+0x2e0],xmm0
    66ed:	movaps XMMWORD PTR [rsp+0x2f0],xmm0
    66f5:	movaps XMMWORD PTR [rsp+0x300],xmm0
    66fd:	jmp    51dc <lume::detail::execute_cpu_reference_with_policy(lume::VerifiedProgram const&, std::span<lume::Buffer const, 18446744073709551615ul>, lume::detail::ExecutionPolicy const&, lume::detail::ExecutionStats*, std::vector<unsigned int, std::allocator<unsigned int> >*)+0x77c>
    6702:	mov    esi,0x2
    6707:	test   al,al
    6709:	jne    6b0a <lume::detail::execute_cpu_reference_with_policy(lume::VerifiedProgram const&, std::span<lume::Buffer const, 18446744073709551615ul>, lume::detail::ExecutionPolicy const&, lume::detail::ExecutionStats*, std::vector<unsigned int, std::allocator<unsigned int> >*)+0x20aa>
    670f:	mov    rdx,QWORD PTR [rsp+0xb0]
    6717:	movzx  eax,BYTE PTR [rdx+0x18]
    671b:	test   al,al
    671d:	jne    6ba7 <lume::detail::execute_cpu_reference_with_policy(lume::VerifiedProgram const&, std::span<lume::Buffer const, 18446744073709551615ul>, lume::detail::ExecutionPolicy const&, lume::detail::ExecutionStats*, std::vector<unsigned int, std::allocator<unsigned int> >*)+0x2147>
    6723:	mov    rdi,QWORD PTR [rdx]
    6726:	mov    rdx,QWORD PTR [rdx+0x8]
    672a:	sub    rdx,rdi
    672d:	sar    rdx,0x2
    6731:	cmp    BYTE PTR [r12+0x18],0x2
    6737:	jne    653a <lume::detail::execute_cpu_reference_with_policy(lume::VerifiedProgram const&, std::span<lume::Buffer const, 18446744073709551615ul>, lume::detail::ExecutionPolicy const&, lume::detail::ExecutionStats*, std::vector<unsigned int, std::allocator<unsigned int> >*)+0x1ada>
    673d:	mov    rax,QWORD PTR [r12+0x8]
    6742:	mov    rcx,QWORD PTR [r12]
    6746:	cmp    rax,rdx
    6749:	jne    653a <lume::detail::execute_cpu_reference_with_policy(lume::VerifiedProgram const&, std::span<lume::Buffer const, 18446744073709551615ul>, lume::detail::ExecutionPolicy const&, lume::detail::ExecutionStats*, std::vector<unsigned int, std::allocator<unsigned int> >*)+0x1ada>
    674f:	cmp    esi,0x1
    6752:	je     7887 <lume::detail::execute_cpu_reference_with_policy(lume::VerifiedProgram const&, std::span<lume::Buffer const, 18446744073709551615ul>, lume::detail::ExecutionPolicy const&, lume::detail::ExecutionStats*, std::vector<unsigned int, std::allocator<unsigned int> >*)+0x2e27>
    6758:	cmp    esi,0x2
    675b:	je     7805 <lume::detail::execute_cpu_reference_with_policy(lume::VerifiedProgram const&, std::span<lume::Buffer const, 18446744073709551615ul>, lume::detail::ExecutionPolicy const&, lume::detail::ExecutionStats*, std::vector<unsigned int, std::allocator<unsigned int> >*)+0x2da5>
    6761:	test   rdx,rdx
    6764:	je     679e <lume::detail::execute_cpu_reference_with_policy(lume::VerifiedProgram const&, std::span<lume::Buffer const, 18446744073709551615ul>, lume::detail::ExecutionPolicy const&, lume::detail::ExecutionStats*, std::vector<unsigned int, std::allocator<unsigned int> >*)+0x1d3e>
    6766:	cmp    rdx,0x1
    676a:	je     7789 <lume::detail::execute_cpu_reference_with_policy(lume::VerifiedProgram const&, std::span<lume::Buffer const, 18446744073709551615ul>, lume::detail::ExecutionPolicy const&, lume::detail::ExecutionStats*, std::vector<unsigned int, std::allocator<unsigned int> >*)+0x2d29>
    6770:	lea    rsi,[rdi+0x4]
    6774:	mov    r8,rcx
    6777:	sub    r8,rsi
    677a:	xor    esi,esi
    677c:	cmp    r8,0x8
    6780:	ja     770a <lume::detail::execute_cpu_reference_with_policy(lume::VerifiedProgram const&, std::span<lume::Buffer const, 18446744073709551615ul>, lume::detail::ExecutionPolicy const&, lume::detail::ExecutionStats*, std::vector<unsigned int, std::allocator<unsigned int> >*)+0x2caa>
    6786:	movss  xmm0,DWORD PTR [rcx+rsi*4]
    678b:	addss  xmm0,DWORD PTR [rdi+rsi*4]
    6790:	movss  DWORD PTR [rcx+rsi*4],xmm0
    6795:	add    rsi,0x1
    6799:	cmp    rax,rsi
    679c:	jne    6786 <lume::detail::execute_cpu_reference_with_policy(lume::VerifiedProgram const&, std::span<lume::Buffer const, 18446744073709551615ul>, lume::detail::ExecutionPolicy const&, lume::detail::ExecutionStats*, std::vector<unsigned int, std::allocator<unsigned int> >*)+0x1d26>
    679e:	mov    rax,QWORD PTR [rsp+0x30]
    67a3:	test   rax,rax
    67a6:	je     67ac <lume::detail::execute_cpu_reference_with_policy(lume::VerifiedProgram const&, std::span<lume::Buffer const, 18446744073709551615ul>, lume::detail::ExecutionPolicy const&, lume::detail::ExecutionStats*, std::vector<unsigned int, std::allocator<unsigned int> >*)+0x1d4c>
    67a8:	add    DWORD PTR [rax+0x4],0x1
    67ac:	mov    eax,DWORD PTR [rbp+0xc]
    67af:	mov    rdx,QWORD PTR [rsp+0x18]
    67b4:	mov    rsi,r12
    67b7:	mov    QWORD PTR [rsp+0xb0],r10
    67bf:	lea    rax,[rax+rax*4]
    67c3:	lea    rdi,[rdx+rax*8]
    67c7:	call   67cc <lume::detail::execute_cpu_reference_with_policy(lume::VerifiedProgram const&, std::span<lume::Buffer const, 18446744073709551615ul>, lume::detail::ExecutionPolicy const&, lume::detail::ExecutionStats*, std::vector<unsigned int, std::allocator<unsigned int> >*)+0x1d6c>
    67cc:	cmp    BYTE PTR [r12+0x20],0x0
    67d2:	mov    r10,QWORD PTR [rsp+0xb0]
    67da:	je     67fa <lume::detail::execute_cpu_reference_with_policy(lume::VerifiedProgram const&, std::span<lume::Buffer const, 18446744073709551615ul>, lume::detail::ExecutionPolicy const&, lume::detail::ExecutionStats*, std::vector<unsigned int, std::allocator<unsigned int> >*)+0x1d9a>
    67dc:	cmp    BYTE PTR [r12+0x18],0xff
    67e2:	mov    BYTE PTR [r12+0x20],0x0
    67e8:	je     67fa <lume::detail::execute_cpu_reference_with_policy(lume::VerifiedProgram const&, std::span<lume::Buffer const, 18446744073709551615ul>, lume::detail::ExecutionPolicy const&, lume::detail::ExecutionStats*, std::vector<unsigned int, std::allocator<unsigned int> >*)+0x1d9a>
    67ea:	mov    rdi,r12
    67ed:	call   0 <decltype(auto) std::__do_visit<void, std::__detail::__variant::_Variant_storage<false, std::vector<float, std::allocator<float> >, std::vector<int, std::allocator<int> >, lume::OwnedArray<float>, lume::OwnedArray<int> >::_M_reset()::{lambda(auto:1&&)#1}, std::variant<std::vector<float, std::allocator<float> >, std::vector<int, std::allocator<int> >, lume::OwnedArray<float>, lume::OwnedArray<int> >&>(std::__detail::__variant::_Variant_storage<false, std::vector<float, std::allocator<float> >, std::vector<int, std::allocator<int> >, lume::OwnedArray<float>, lume::OwnedArray<int> >::_M_reset()::{lambda(auto:1&&)#1}&&, std::variant<std::vector<float, std::allocator<float> >, std::vector<int, std::allocator<int> >, lume::OwnedArray<float>, lume::OwnedArray<int> >&) [clone .isra.0]>
    67f2:	mov    r10,QWORD PTR [rsp+0xb0]
    67fa:	mov    eax,DWORD PTR [rbp+0xc]
    67fd:	mov    rsi,QWORD PTR [rsp+0x18]
    6802:	mov    rcx,QWORD PTR [rsp+0x10]
    6807:	lea    rdx,[rax+rax*4]
    680b:	lea    rdx,[rsi+rdx*8]
    680f:	mov    QWORD PTR [rcx+r10*8],0x0
    6817:	mov    QWORD PTR [rcx+rax*8],rdx
    681b:	jmp    5e40 <lume::detail::execute_cpu_reference_with_policy(lume::VerifiedProgram const&, std::span<lume::Buffer const, 18446744073709551615ul>, lume::detail::ExecutionPolicy const&, lume::detail::ExecutionStats*, std::vector<unsigned int, std::allocator<unsigned int> >*)+0x13e0>
    6820:	lea    rax,[rsp+0x270]
    6828:	mov    rsi,r12
    682b:	mov    rdi,rax
    682e:	mov    QWORD PTR [rsp+0x20],rax
    6833:	mov    r12,rax
    6836:	call   683b <lume::detail::execute_cpu_reference_with_policy(lume::VerifiedProgram const&, std::span<lume::Buffer const, 18446744073709551615ul>, lume::detail::ExecutionPolicy const&, lume::detail::ExecutionStats*, std::vector<unsigned int, std::allocator<unsigned int> >*)+0x1ddb>
    683b:	lea    rdx,[rip+0x0]        # 6842 <lume::detail::execute_cpu_reference_with_policy(lume::VerifiedProgram const&, std::span<lume::Buffer const, 18446744073709551615ul>, lume::detail::ExecutionPolicy const&, lume::detail::ExecutionStats*, std::vector<unsigned int, std::allocator<unsigned int> >*)+0x1de2>
    6842:	xor    esi,esi
    6844:	mov    rdi,r12
    6847:	call   684c <lume::detail::execute_cpu_reference_with_policy(lume::VerifiedProgram const&, std::span<lume::Buffer const, 18446744073709551615ul>, lume::detail::ExecutionPolicy const&, lume::detail::ExecutionStats*, std::vector<unsigned int, std::allocator<unsigned int> >*)+0x1dec>
    684c:	lea    rbx,[rsp+0x290]
    6854:	mov    rsi,rax
    6857:	mov    rdi,rbx
    685a:	call   685f <lume::detail::execute_cpu_reference_with_policy(lume::VerifiedProgram const&, std::span<lume::Buffer const, 18446744073709551615ul>, lume::detail::ExecutionPolicy const&, lume::detail::ExecutionStats*, std::vector<unsigned int, std::allocator<unsigned int> >*)+0x1dff>
    685f:	lea    rsi,[rip+0x0]        # 6866 <lume::detail::execute_cpu_reference_with_policy(lume::VerifiedProgram const&, std::span<lume::Buffer const, 18446744073709551615ul>, lume::detail::ExecutionPolicy const&, lume::detail::ExecutionStats*, std::vector<unsigned int, std::allocator<unsigned int> >*)+0x1e06>
    6866:	mov    rdi,rbx
    6869:	call   686e <lume::detail::execute_cpu_reference_with_policy(lume::VerifiedProgram const&, std::span<lume::Buffer const, 18446744073709551615ul>, lume::detail::ExecutionPolicy const&, lume::detail::ExecutionStats*, std::vector<unsigned int, std::allocator<unsigned int> >*)+0x1e0e>
    686e:	lea    rbp,[rsp+0x2b0]
    6876:	mov    rsi,rax
    6879:	mov    rdi,rbp
    687c:	call   6881 <lume::detail::execute_cpu_reference_with_policy(lume::VerifiedProgram const&, std::span<lume::Buffer const, 18446744073709551615ul>, lume::detail::ExecutionPolicy const&, lume::detail::ExecutionStats*, std::vector<unsigned int, std::allocator<unsigned int> >*)+0x1e21>
    6881:	mov    rsi,rbp
    6884:	mov    rdi,r14
    6887:	call   40 <lume::(anonymous namespace)::internal_error(std::__cxx11::basic_string<char, std::char_traits<char>, std::allocator<char> >)>
    688c:	jmp    5f53 <lume::detail::execute_cpu_reference_with_policy(lume::VerifiedProgram const&, std::span<lume::Buffer const, 18446744073709551615ul>, lume::detail::ExecutionPolicy const&, lume::detail::ExecutionStats*, std::vector<unsigned int, std::allocator<unsigned int> >*)+0x14f3>
    6891:	mov    r9d,esi
    6894:	xor    edx,edx
    6896:	and    r9d,0xfffffff8
    689a:	mov    edi,edx
    689c:	add    edx,0x8
    689f:	mov    r8,QWORD PTR [rcx+rdi*1]
    68a3:	mov    QWORD PTR [r13+rdi*1+0x0],r8
    68a8:	cmp    edx,r9d
    68ab:	jb     689a <lume::detail::execute_cpu_reference_with_policy(lume::VerifiedProgram const&, std::span<lume::Buffer const, 18446744073709551615ul>, lume::detail::ExecutionPolicy const&, lume::detail::ExecutionStats*, std::vector<unsigned int, std::allocator<unsigned int> >*)+0x1e3a>
    68ad:	mov    edx,edx
    68af:	lea    r8,[r13+rdx*1+0x0]
    68b4:	add    rdx,rcx
    68b7:	jmp    646d <lume::detail::execute_cpu_reference_with_policy(lume::VerifiedProgram const&, std::span<lume::Buffer const, 18446744073709551615ul>, lume::detail::ExecutionPolicy const&, lume::detail::ExecutionStats*, std::vector<unsigned int, std::allocator<unsigned int> >*)+0x1a0d>
    68bc:	add    rbx,0x20
    68c0:	add    rbp,0x20
    68c4:	cmp    rbx,r12
    68c7:	jne    63e7 <lume::detail::execute_cpu_reference_with_policy(lume::VerifiedProgram const&, std::span<lume::Buffer const, 18446744073709551615ul>, lume::detail::ExecutionPolicy const&, lume::detail::ExecutionStats*, std::vector<unsigned int, std::allocator<unsigned int> >*)+0x1987>
    68cd:	mov    rdx,rbp
    68d0:	mov    rbx,QWORD PTR [rsp+0xd8]
    68d8:	mov    rbp,QWORD PTR [rsp+0xd0]
    68e0:	mov    rdi,QWORD PTR [rsp+0xc8]
    68e8:	lea    r12,[rdx+0x20]
    68ec:	test   rdi,rdi
    68ef:	je     6901 <lume::detail::execute_cpu_reference_with_policy(lume::VerifiedProgram const&, std::span<lume::Buffer const, 18446744073709551615ul>, lume::detail::ExecutionPolicy const&, lume::detail::ExecutionStats*, std::vector<unsigned int, std::allocator<unsigned int> >*)+0x1ea1>
    68f1:	mov    rsi,QWORD PTR [rsp+0x2e0]
    68f9:	sub    rsi,rdi
    68fc:	call   6901 <lume::detail::execute_cpu_reference_with_policy(lume::VerifiedProgram const&, std::span<lume::Buffer const, 18446744073709551615ul>, lume::detail::ExecutionPolicy const&, lume::detail::ExecutionStats*, std::vector<unsigned int, std::allocator<unsigned int> >*)+0x1ea1>
    6901:	mov    rcx,QWORD PTR [rsp+0xc0]
    6909:	mov    rax,QWORD PTR [rsp+0xb0]
    6911:	mov    QWORD PTR [rsp+0x2d8],r12
    6919:	add    rax,rcx
    691c:	cmp    BYTE PTR [rbp+0x20],0x0
    6920:	mov    QWORD PTR [rsp+0x2d0],rcx
    6928:	mov    QWORD PTR [rsp+0x2e0],rax
    6930:	je     5ada <lume::detail::execute_cpu_reference_with_policy(lume::VerifiedProgram const&, std::span<lume::Buffer const, 18446744073709551615ul>, lume::detail::ExecutionPolicy const&, lume::detail::ExecutionStats*, std::vector<unsigned int, std::allocator<unsigned int> >*)+0x107a>
    6936:	jmp    5ac8 <lume::detail::execute_cpu_reference_with_policy(lume::VerifiedProgram const&, std::span<lume::Buffer const, 18446744073709551615ul>, lume::detail::ExecutionPolicy const&, lume::detail::ExecutionStats*, std::vector<unsigned int, std::allocator<unsigned int> >*)+0x1068>
    693b:	nop    DWORD PTR [rax+rax*1+0x0]
    6940:	cmp    rdx,0x3
    6944:	jne    5ab6 <lume::detail::execute_cpu_reference_with_policy(lume::VerifiedProgram const&, std::span<lume::Buffer const, 18446744073709551615ul>, lume::detail::ExecutionPolicy const&, lume::detail::ExecutionStats*, std::vector<unsigned int, std::allocator<unsigned int> >*)+0x1056>
    694a:	mov    rdx,QWORD PTR [rbp+0x0]
    694e:	mov    QWORD PTR [r12],rdx
    6952:	mov    rdx,QWORD PTR [rbp+0x8]
    6956:	mov    QWORD PTR [rbp+0x0],0x0
    695e:	mov    QWORD PTR [rbp+0x8],0x0
    6966:	mov    QWORD PTR [r12+0x8],rdx
    696b:	jmp    5ab6 <lume::detail::execute_cpu_reference_with_policy(lume::VerifiedProgram const&, std::span<lume::Buffer const, 18446744073709551615ul>, lume::detail::ExecutionPolicy const&, lume::detail::ExecutionStats*, std::vector<unsigned int, std::allocator<unsigned int> >*)+0x1056>
    6970:	mov    rbp,QWORD PTR [rax+0x8]
    6974:	movabs rax,0x1ffffffffffffffe
    697e:	cmp    rax,rbp
    6981:	jb     6987 <lume::detail::execute_cpu_reference_with_policy(lume::VerifiedProgram const&, std::span<lume::Buffer const, 18446744073709551615ul>, lume::detail::ExecutionPolicy const&, lume::detail::ExecutionStats*, std::vector<unsigned int, std::allocator<unsigned int> >*)+0x1f27>
    6987:	lea    rdi,[rbp*4+0x0]
    698f:	call   6994 <lume::detail::execute_cpu_reference_with_policy(lume::VerifiedProgram const&, std::span<lume::Buffer const, 18446744073709551615ul>, lume::detail::ExecutionPolicy const&, lume::detail::ExecutionStats*, std::vector<unsigned int, std::allocator<unsigned int> >*)+0x1f34>
    6994:	mov    QWORD PTR [r12],rax
    6998:	mov    rdi,rax
    699b:	mov    rax,QWORD PTR [rsp+0xb0]
    69a3:	mov    QWORD PTR [r12+0x8],rbp
    69a8:	mov    rdx,QWORD PTR [rax+0x8]
    69ac:	test   rdx,rdx
    69af:	je     6b35 <lume::detail::execute_cpu_reference_with_policy(lume::VerifiedProgram const&, std::span<lume::Buffer const, 18446744073709551615ul>, lume::detail::ExecutionPolicy const&, lume::detail::ExecutionStats*, std::vector<unsigned int, std::allocator<unsigned int> >*)+0x20d5>
    69b5:	shl    rdx,0x2
    69b9:	mov    rsi,QWORD PTR [rax]
    69bc:	mov    rbp,rax
    69bf:	cmp    rdx,0x4
    69c3:	jle    736e <lume::detail::execute_cpu_reference_with_policy(lume::VerifiedProgram const&, std::span<lume::Buffer const, 18446744073709551615ul>, lume::detail::ExecutionPolicy const&, lume::detail::ExecutionStats*, std::vector<unsigned int, std::allocator<unsigned int> >*)+0x290e>
    69c9:	call   69ce <lume::detail::execute_cpu_reference_with_policy(lume::VerifiedProgram const&, std::span<lume::Buffer const, 18446744073709551615ul>, lume::detail::ExecutionPolicy const&, lume::detail::ExecutionStats*, std::vector<unsigned int, std::allocator<unsigned int> >*)+0x1f6e>
    69ce:	mov    rcx,QWORD PTR [rsp+0x2d8]
    69d6:	movzx  eax,BYTE PTR [rbp+0x18]
    69da:	jmp    5cee <lume::detail::execute_cpu_reference_with_policy(lume::VerifiedProgram const&, std::span<lume::Buffer const, 18446744073709551615ul>, lume::detail::ExecutionPolicy const&, lume::detail::ExecutionStats*, std::vector<unsigned int, std::allocator<unsigned int> >*)+0x128e>
    69df:	mov    rbp,QWORD PTR [rax+0x8]
    69e3:	movabs rax,0x1ffffffffffffffe
    69ed:	cmp    rax,rbp
    69f0:	jb     69f6 <lume::detail::execute_cpu_reference_with_policy(lume::VerifiedProgram const&, std::span<lume::Buffer const, 18446744073709551615ul>, lume::detail::ExecutionPolicy const&, lume::detail::ExecutionStats*, std::vector<unsigned int, std::allocator<unsigned int> >*)+0x1f96>
    69f6:	lea    rdi,[rbp*4+0x0]
    69fe:	call   6a03 <lume::detail::execute_cpu_reference_with_policy(lume::VerifiedProgram const&, std::span<lume::Buffer const, 18446744073709551615ul>, lume::detail::ExecutionPolicy const&, lume::detail::ExecutionStats*, std::vector<unsigned int, std::allocator<unsigned int> >*)+0x1fa3>
    6a03:	mov    QWORD PTR [r12],rax
    6a07:	mov    rdi,rax
    6a0a:	mov    rax,QWORD PTR [rsp+0xb0]
    6a12:	mov    QWORD PTR [r12+0x8],rbp
    6a17:	mov    rdx,QWORD PTR [rax+0x8]
    6a1b:	test   rdx,rdx
    6a1e:	je     6b35 <lume::detail::execute_cpu_reference_with_policy(lume::VerifiedProgram const&, std::span<lume::Buffer const, 18446744073709551615ul>, lume::detail::ExecutionPolicy const&, lume::detail::ExecutionStats*, std::vector<unsigned int, std::allocator<unsigned int> >*)+0x20d5>
    6a24:	shl    rdx,0x2
    6a28:	mov    rsi,QWORD PTR [rax]
    6a2b:	mov    rbp,rax
    6a2e:	cmp    rdx,0x4
    6a32:	jg     69c9 <lume::detail::execute_cpu_reference_with_policy(lume::VerifiedProgram const&, std::span<lume::Buffer const, 18446744073709551615ul>, lume::detail::ExecutionPolicy const&, lume::detail::ExecutionStats*, std::vector<unsigned int, std::allocator<unsigned int> >*)+0x1f69>
    6a34:	jne    6a3a <lume::detail::execute_cpu_reference_with_policy(lume::VerifiedProgram const&, std::span<lume::Buffer const, 18446744073709551615ul>, lume::detail::ExecutionPolicy const&, lume::detail::ExecutionStats*, std::vector<unsigned int, std::allocator<unsigned int> >*)+0x1fda>
    6a36:	mov    eax,DWORD PTR [rsi]
    6a38:	mov    DWORD PTR [rdi],eax
    6a3a:	mov    rax,QWORD PTR [rsp+0xb0]
    6a42:	mov    rcx,QWORD PTR [rsp+0x2d8]
    6a4a:	movzx  eax,BYTE PTR [rax+0x18]
    6a4e:	jmp    5cee <lume::detail::execute_cpu_reference_with_policy(lume::VerifiedProgram const&, std::span<lume::Buffer const, 18446744073709551615ul>, lume::detail::ExecutionPolicy const&, lume::detail::ExecutionStats*, std::vector<unsigned int, std::allocator<unsigned int> >*)+0x128e>
    6a53:	mov    rcx,rax
    6a56:	pxor   xmm0,xmm0
    6a5a:	mov    rax,QWORD PTR [rax+0x8]
    6a5e:	sub    rax,QWORD PTR [rcx]
    6a61:	movups XMMWORD PTR [r12],xmm0
    6a66:	mov    QWORD PTR [r12+0x10],0x0
    6a6f:	je     6b63 <lume::detail::execute_cpu_reference_with_policy(lume::VerifiedProgram const&, std::span<lume::Buffer const, 18446744073709551615ul>, lume::detail::ExecutionPolicy const&, lume::detail::ExecutionStats*, std::vector<unsigned int, std::allocator<unsigned int> >*)+0x2103>
    6a75:	movabs rdx,0x7ffffffffffffffc
    6a7f:	mov    rbp,rax
    6a82:	cmp    rdx,rax
    6a85:	jb     71e9 <lume::detail::execute_cpu_reference_with_policy(lume::VerifiedProgram const&, std::span<lume::Buffer const, 18446744073709551615ul>, lume::detail::ExecutionPolicy const&, lume::detail::ExecutionStats*, std::vector<unsigned int, std::allocator<unsigned int> >*)+0x2789>
    6a8b:	mov    rdi,rax
    6a8e:	call   6a93 <lume::detail::execute_cpu_reference_with_policy(lume::VerifiedProgram const&, std::span<lume::Buffer const, 18446744073709551615ul>, lume::detail::ExecutionPolicy const&, lume::detail::ExecutionStats*, std::vector<unsigned int, std::allocator<unsigned int> >*)+0x2033>
    6a93:	mov    rcx,QWORD PTR [rsp+0x2d8]
    6a9b:	mov    rdi,rax
    6a9e:	mov    rax,QWORD PTR [rsp+0xb0]
    6aa6:	movq   xmm0,rdi
    6aab:	add    rbp,rdi
    6aae:	punpcklqdq xmm0,xmm0
    6ab2:	mov    QWORD PTR [r12+0x10],rbp
    6ab7:	movups XMMWORD PTR [r12],xmm0
    6abc:	mov    rsi,QWORD PTR [rax]
    6abf:	mov    rax,QWORD PTR [rax+0x8]
    6ac3:	mov    rbp,rax
    6ac6:	mov    QWORD PTR [rsp+0xb8],rax
    6ace:	sub    rbp,rsi
    6ad1:	cmp    rbp,0x4
    6ad5:	jg     61b1 <lume::detail::execute_cpu_reference_with_policy(lume::VerifiedProgram const&, std::span<lume::Buffer const, 18446744073709551615ul>, lume::detail::ExecutionPolicy const&, lume::detail::ExecutionStats*, std::vector<unsigned int, std::allocator<unsigned int> >*)+0x1751>
    6adb:	jne    61cc <lume::detail::execute_cpu_reference_with_policy(lume::VerifiedProgram const&, std::span<lume::Buffer const, 18446744073709551615ul>, lume::detail::ExecutionPolicy const&, lume::detail::ExecutionStats*, std::vector<unsigned int, std::allocator<unsigned int> >*)+0x176c>
    6ae1:	movss  xmm0,DWORD PTR [rsi]
    6ae5:	movss  DWORD PTR [rdi],xmm0
    6ae9:	jmp    61cc <lume::detail::execute_cpu_reference_with_policy(lume::VerifiedProgram const&, std::span<lume::Buffer const, 18446744073709551615ul>, lume::detail::ExecutionPolicy const&, lume::detail::ExecutionStats*, std::vector<unsigned int, std::allocator<unsigned int> >*)+0x176c>
    6aee:	xchg   ax,ax
    6af0:	cmp    rbp,0xf
    6af4:	jbe    5eb2 <lume::detail::execute_cpu_reference_with_policy(lume::VerifiedProgram const&, std::span<lume::Buffer const, 18446744073709551615ul>, lume::detail::ExecutionPolicy const&, lume::detail::ExecutionStats*, std::vector<unsigned int, std::allocator<unsigned int> >*)+0x1452>
    6afa:	mov    edi,0x1f
    6aff:	mov    r13d,0x1e
    6b05:	jmp    661d <lume::detail::execute_cpu_reference_with_policy(lume::VerifiedProgram const&, std::span<lume::Buffer const, 18446744073709551615ul>, lume::detail::ExecutionPolicy const&, lume::detail::ExecutionStats*, std::vector<unsigned int, std::allocator<unsigned int> >*)+0x1bbd>
    6b0a:	xor    esi,esi
    6b0c:	cmp    rdi,r12
    6b0f:	cmove  rdi,QWORD PTR [rsp+0xb0]
    6b18:	setne  sil
    6b1c:	mov    QWORD PTR [rsp+0xb0],rdi
    6b24:	jmp    670f <lume::detail::execute_cpu_reference_with_policy(lume::VerifiedProgram const&, std::span<lume::Buffer const, 18446744073709551615ul>, lume::detail::ExecutionPolicy const&, lume::detail::ExecutionStats*, std::vector<unsigned int, std::allocator<unsigned int> >*)+0x1caf>
    6b29:	movzx  eax,BYTE PTR [r8]
    6b2d:	mov    BYTE PTR [rcx+0x3],al
    6b30:	jmp    5fd8 <lume::detail::execute_cpu_reference_with_policy(lume::VerifiedProgram const&, std::span<lume::Buffer const, 18446744073709551615ul>, lume::detail::ExecutionPolicy const&, lume::detail::ExecutionStats*, std::vector<unsigned int, std::allocator<unsigned int> >*)+0x1578>
    6b35:	mov    rcx,QWORD PTR [rsp+0x2d8]
    6b3d:	movzx  eax,BYTE PTR [rax+0x18]
    6b41:	jmp    5cee <lume::detail::execute_cpu_reference_with_policy(lume::VerifiedProgram const&, std::span<lume::Buffer const, 18446744073709551615ul>, lume::detail::ExecutionPolicy const&, lume::detail::ExecutionStats*, std::vector<unsigned int, std::allocator<unsigned int> >*)+0x128e>
    6b46:	movzx  eax,BYTE PTR [r13+0x0]
    6b4b:	mov    BYTE PTR [r13+0x3],al
    6b4f:	jmp    5eea <lume::detail::execute_cpu_reference_with_policy(lume::VerifiedProgram const&, std::span<lume::Buffer const, 18446744073709551615ul>, lume::detail::ExecutionPolicy const&, lume::detail::ExecutionStats*, std::vector<unsigned int, std::allocator<unsigned int> >*)+0x148a>
    6b54:	movdqu xmm5,XMMWORD PTR [rbp+0x0]
    6b59:	movups XMMWORD PTR [r12],xmm5
    6b5e:	jmp    5a9d <lume::detail::execute_cpu_reference_with_policy(lume::VerifiedProgram const&, std::span<lume::Buffer const, 18446744073709551615ul>, lume::detail::ExecutionPolicy const&, lume::detail::ExecutionStats*, std::vector<unsigned int, std::allocator<unsigned int> >*)+0x103d>
    6b63:	mov    rcx,r12
    6b66:	xor    edi,edi
    6b68:	jmp    6a9e <lume::detail::execute_cpu_reference_with_policy(lume::VerifiedProgram const&, std::span<lume::Buffer const, 18446744073709551615ul>, lume::detail::ExecutionPolicy const&, lume::detail::ExecutionStats*, std::vector<unsigned int, std::allocator<unsigned int> >*)+0x203e>
    6b6d:	mov    rcx,r12
    6b70:	xor    ebp,ebp
    6b72:	xor    edi,edi
    6b74:	jmp    6174 <lume::detail::execute_cpu_reference_with_policy(lume::VerifiedProgram const&, std::span<lume::Buffer const, 18446744073709551615ul>, lume::detail::ExecutionPolicy const&, lume::detail::ExecutionStats*, std::vector<unsigned int, std::allocator<unsigned int> >*)+0x1714>
    6b79:	cmp    rdx,0x3
    6b7d:	jne    6365 <lume::detail::execute_cpu_reference_with_policy(lume::VerifiedProgram const&, std::span<lume::Buffer const, 18446744073709551615ul>, lume::detail::ExecutionPolicy const&, lume::detail::ExecutionStats*, std::vector<unsigned int, std::allocator<unsigned int> >*)+0x1905>
    6b83:	mov    rdx,QWORD PTR [rbp+0x0]
    6b87:	mov    QWORD PTR [rax],rdx
    6b8a:	mov    rdx,QWORD PTR [rbp+0x8]
    6b8e:	mov    QWORD PTR [rbp+0x0],0x0
    6b96:	mov    QWORD PTR [rbp+0x8],0x0
    6b9e:	mov    QWORD PTR [rax+0x8],rdx
    6ba2:	jmp    6365 <lume::detail::execute_cpu_reference_with_policy(lume::VerifiedProgram const&, std::span<lume::Buffer const, 18446744073709551615ul>, lume::detail::ExecutionPolicy const&, lume::detail::ExecutionStats*, std::vector<unsigned int, std::allocator<unsigned int> >*)+0x1905>
    6ba7:	cmp    al,0x2
    6ba9:	jne    6ceb <lume::detail::execute_cpu_reference_with_policy(lume::VerifiedProgram const&, std::span<lume::Buffer const, 18446744073709551615ul>, lume::detail::ExecutionPolicy const&, lume::detail::ExecutionStats*, std::vector<unsigned int, std::allocator<unsigned int> >*)+0x228b>
    6baf:	mov    rdi,QWORD PTR [rdx]
    6bb2:	mov    rdx,QWORD PTR [rdx+0x8]
    6bb6:	jmp    6731 <lume::detail::execute_cpu_reference_with_policy(lume::VerifiedProgram const&, std::span<lume::Buffer const, 18446744073709551615ul>, lume::detail::ExecutionPolicy const&, lume::detail::ExecutionStats*, std::vector<unsigned int, std::allocator<unsigned int> >*)+0x1cd1>
    6bbb:	add    rax,0x1
    6bbf:	jb     6bf3 <lume::detail::execute_cpu_reference_with_policy(lume::VerifiedProgram const&, std::span<lume::Buffer const, 18446744073709551615ul>, lume::detail::ExecutionPolicy const&, lume::detail::ExecutionStats*, std::vector<unsigned int, std::allocator<unsigned int> >*)+0x2193>
    6bc1:	movabs rdx,0x3ffffffffffffff
    6bcb:	cmp    rax,rdx
    6bce:	cmova  rax,rdx
    6bd2:	shl    rax,0x5
    6bd6:	mov    QWORD PTR [rsp+0xb0],rax
    6bde:	mov    rdi,rax
    6be1:	call   6be6 <lume::detail::execute_cpu_reference_with_policy(lume::VerifiedProgram const&, std::span<lume::Buffer const, 18446744073709551615ul>, lume::detail::ExecutionPolicy const&, lume::detail::ExecutionStats*, std::vector<unsigned int, std::allocator<unsigned int> >*)+0x2186>
    6be6:	mov    QWORD PTR [rsp+0xc0],rax
    6bee:	jmp    630d <lume::detail::execute_cpu_reference_with_policy(lume::VerifiedProgram const&, std::span<lume::Buffer const, 18446744073709551615ul>, lume::detail::ExecutionPolicy const&, lume::detail::ExecutionStats*, std::vector<unsigned int, std::allocator<unsigned int> >*)+0x18ad>
    6bf3:	movabs rax,0x7fffffffffffffe0
    6bfd:	mov    QWORD PTR [rsp+0xb0],rax
    6c05:	mov    rdi,rax
    6c08:	jmp    6be1 <lume::detail::execute_cpu_reference_with_policy(lume::VerifiedProgram const&, std::span<lume::Buffer const, 18446744073709551615ul>, lume::detail::ExecutionPolicy const&, lume::detail::ExecutionStats*, std::vector<unsigned int, std::allocator<unsigned int> >*)+0x2181>
    6c0a:	mov    edi,DWORD PTR [rax]
    6c0c:	mov    ecx,ecx
    6c0e:	mov    DWORD PTR [r14+0x30],edi
    6c12:	mov    eax,DWORD PTR [rax+rcx*1-0x4]
    6c16:	mov    DWORD PTR [rdx+rcx*1-0x4],eax
    6c1a:	jmp    4b31 <lume::detail::execute_cpu_reference_with_policy(lume::VerifiedProgram const&, std::span<lume::Buffer const, 18446744073709551615ul>, lume::detail::ExecutionPolicy const&, lume::detail::ExecutionStats*, std::vector<unsigned int, std::allocator<unsigned int> >*)+0xd1>
    6c1f:	cmp    r9d,edx
    6c22:	jne    5592 <lume::detail::execute_cpu_reference_with_policy(lume::VerifiedProgram const&, std::span<lume::Buffer const, 18446744073709551615ul>, lume::detail::ExecutionPolicy const&, lume::detail::ExecutionStats*, std::vector<unsigned int, std::allocator<unsigned int> >*)+0xb32>
    6c28:	mov    QWORD PTR [rsp+0xc8],0x1
    6c34:	jmp    53f1 <lume::detail::execute_cpu_reference_with_policy(lume::VerifiedProgram const&, std::span<lume::Buffer const, 18446744073709551615ul>, lume::detail::ExecutionPolicy const&, lume::detail::ExecutionStats*, std::vector<unsigned int, std::allocator<unsigned int> >*)+0x991>
    6c39:	movabs rbp,0x1fffffffffffffff
    6c43:	mov    r13,QWORD PTR [rax]
    6c46:	mov    rax,rdx
    6c49:	sub    rax,r13
    6c4c:	mov    QWORD PTR [rsp+0xc0],rax
    6c54:	sar    rax,0x2
    6c58:	cmp    rax,rbp
    6c5b:	je     7530 <lume::detail::execute_cpu_reference_with_policy(lume::VerifiedProgram const&, std::span<lume::Buffer const, 18446744073709551615ul>, lume::detail::ExecutionPolicy const&, lume::detail::ExecutionStats*, std::vector<unsigned int, std::allocator<unsigned int> >*)+0x2ad0>
    6c61:	cmp    rdx,r13
    6c64:	je     6d70 <lume::detail::execute_cpu_reference_with_policy(lume::VerifiedProgram const&, std::span<lume::Buffer const, 18446744073709551615ul>, lume::detail::ExecutionPolicy const&, lume::detail::ExecutionStats*, std::vector<unsigned int, std::allocator<unsigned int> >*)+0x2310>
    6c6a:	lea    rdx,[rax+rax*1]
    6c6e:	cmp    rdx,rax
    6c71:	jb     6d87 <lume::detail::execute_cpu_reference_with_policy(lume::VerifiedProgram const&, std::span<lume::Buffer const, 18446744073709551615ul>, lume::detail::ExecutionPolicy const&, lume::detail::ExecutionStats*, std::vector<unsigned int, std::allocator<unsigned int> >*)+0x2327>
    6c77:	xor    ebp,ebp
    6c79:	xor    ecx,ecx
    6c7b:	test   rdx,rdx
    6c7e:	jne    7498 <lume::detail::execute_cpu_reference_with_policy(lume::VerifiedProgram const&, std::span<lume::Buffer const, 18446744073709551615ul>, lume::detail::ExecutionPolicy const&, lume::detail::ExecutionStats*, std::vector<unsigned int, std::allocator<unsigned int> >*)+0x2a38>
    6c84:	mov    edx,DWORD PTR [rsp+0xb0]
    6c8b:	mov    rax,QWORD PTR [rsp+0xc0]
    6c93:	mov    DWORD PTR [rcx+rax*1],edx
    6c96:	lea    rdx,[rcx+rax*1+0x4]
    6c9b:	mov    QWORD PTR [rsp+0xb0],rdx
    6ca3:	test   rax,rax
    6ca6:	jg     6dbd <lume::detail::execute_cpu_reference_with_policy(lume::VerifiedProgram const&, std::span<lume::Buffer const, 18446744073709551615ul>, lume::detail::ExecutionPolicy const&, lume::detail::ExecutionStats*, std::vector<unsigned int, std::allocator<unsigned int> >*)+0x235d>
    6cac:	test   r13,r13
    6caf:	jne    6dce <lume::detail::execute_cpu_reference_with_policy(lume::VerifiedProgram const&, std::span<lume::Buffer const, 18446744073709551615ul>, lume::detail::ExecutionPolicy const&, lume::detail::ExecutionStats*, std::vector<unsigned int, std::allocator<unsigned int> >*)+0x236e>
    6cb5:	mov    rax,QWORD PTR [rsp+0x60]
    6cba:	mov    QWORD PTR [rax],rcx
    6cbd:	mov    rcx,QWORD PTR [rsp+0xb0]
    6cc5:	mov    QWORD PTR [rax+0x10],rbp
    6cc9:	mov    QWORD PTR [rax+0x8],rcx
    6ccd:	jmp    5548 <lume::detail::execute_cpu_reference_with_policy(lume::VerifiedProgram const&, std::span<lume::Buffer const, 18446744073709551615ul>, lume::detail::ExecutionPolicy const&, lume::detail::ExecutionStats*, std::vector<unsigned int, std::allocator<unsigned int> >*)+0xae8>
    6cd2:	movdqu xmm7,XMMWORD PTR [rbp+0x0]
    6cd7:	movups XMMWORD PTR [rax],xmm7
    6cda:	jmp    634d <lume::detail::execute_cpu_reference_with_policy(lume::VerifiedProgram const&, std::span<lume::Buffer const, 18446744073709551615ul>, lume::detail::ExecutionPolicy const&, lume::detail::ExecutionStats*, std::vector<unsigned int, std::allocator<unsigned int> >*)+0x18ed>
    6cdf:	movzx  eax,BYTE PTR [r8]
    6ce3:	mov    BYTE PTR [rcx+0x3],al
    6ce6:	jmp    666b <lume::detail::execute_cpu_reference_with_policy(lume::VerifiedProgram const&, std::span<lume::Buffer const, 18446744073709551615ul>, lume::detail::ExecutionPolicy const&, lume::detail::ExecutionStats*, std::vector<unsigned int, std::allocator<unsigned int> >*)+0x1c0b>
    6ceb:	cmp    al,0x1
    6ced:	jne    71d5 <lume::detail::execute_cpu_reference_with_policy(lume::VerifiedProgram const&, std::span<lume::Buffer const, 18446744073709551615ul>, lume::detail::ExecutionPolicy const&, lume::detail::ExecutionStats*, std::vector<unsigned int, std::allocator<unsigned int> >*)+0x2775>
    6cf3:	mov    rdi,QWORD PTR [rdx]
    6cf6:	mov    rax,QWORD PTR [rdx+0x8]
    6cfa:	sub    rax,rdi
    6cfd:	sar    rax,0x2
    6d01:	cmp    BYTE PTR [r12+0x18],0x3
    6d07:	jne    653a <lume::detail::execute_cpu_reference_with_policy(lume::VerifiedProgram const&, std::span<lume::Buffer const, 18446744073709551615ul>, lume::detail::ExecutionPolicy const&, lume::detail::ExecutionStats*, std::vector<unsigned int, std::allocator<unsigned int> >*)+0x1ada>
    6d0d:	mov    rdx,QWORD PTR [r12+0x8]
    6d12:	mov    rcx,QWORD PTR [r12]
    6d16:	cmp    rdx,rax
    6d19:	jne    653a <lume::detail::execute_cpu_reference_with_policy(lume::VerifiedProgram const&, std::span<lume::Buffer const, 18446744073709551615ul>, lume::detail::ExecutionPolicy const&, lume::detail::ExecutionStats*, std::vector<unsigned int, std::allocator<unsigned int> >*)+0x1ada>
    6d1f:	cmp    esi,0x1
    6d22:	je     7928 <lume::detail::execute_cpu_reference_with_policy(lume::VerifiedProgram const&, std::span<lume::Buffer const, 18446744073709551615ul>, lume::detail::ExecutionPolicy const&, lume::detail::ExecutionStats*, std::vector<unsigned int, std::allocator<unsigned int> >*)+0x2ec8>
    6d28:	cmp    esi,0x2
    6d2b:	je     768b <lume::detail::execute_cpu_reference_with_policy(lume::VerifiedProgram const&, std::span<lume::Buffer const, 18446744073709551615ul>, lume::detail::ExecutionPolicy const&, lume::detail::ExecutionStats*, std::vector<unsigned int, std::allocator<unsigned int> >*)+0x2c2b>
    6d31:	test   rax,rax
    6d34:	je     679e <lume::detail::execute_cpu_reference_with_policy(lume::VerifiedProgram const&, std::span<lume::Buffer const, 18446744073709551615ul>, lume::detail::ExecutionPolicy const&, lume::detail::ExecutionStats*, std::vector<unsigned int, std::allocator<unsigned int> >*)+0x1d3e>
    6d3a:	cmp    rax,0x1
    6d3e:	je     7684 <lume::detail::execute_cpu_reference_with_policy(lume::VerifiedProgram const&, std::span<lume::Buffer const, 18446744073709551615ul>, lume::detail::ExecutionPolicy const&, lume::detail::ExecutionStats*, std::vector<unsigned int, std::allocator<unsigned int> >*)+0x2c24>
    6d44:	lea    rsi,[rdi+0x4]
    6d48:	mov    r8,rcx
    6d4b:	sub    r8,rsi
    6d4e:	xor    esi,esi
    6d50:	cmp    r8,0x8
    6d54:	ja     74ae <lume::detail::execute_cpu_reference_with_policy(lume::VerifiedProgram const&, std::span<lume::Buffer const, 18446744073709551615ul>, lume::detail::ExecutionPolicy const&, lume::detail::ExecutionStats*, std::vector<unsigned int, std::allocator<unsigned int> >*)+0x2a4e>
    6d5a:	mov    eax,DWORD PTR [rdi+rsi*4]
    6d5d:	add    DWORD PTR [rcx+rsi*4],eax
    6d60:	add    rsi,0x1
    6d64:	cmp    rdx,rsi
    6d67:	jne    6d5a <lume::detail::execute_cpu_reference_with_policy(lume::VerifiedProgram const&, std::span<lume::Buffer const, 18446744073709551615ul>, lume::detail::ExecutionPolicy const&, lume::detail::ExecutionStats*, std::vector<unsigned int, std::allocator<unsigned int> >*)+0x22fa>
    6d69:	jmp    679e <lume::detail::execute_cpu_reference_with_policy(lume::VerifiedProgram const&, std::span<lume::Buffer const, 18446744073709551615ul>, lume::detail::ExecutionPolicy const&, lume::detail::ExecutionStats*, std::vector<unsigned int, std::allocator<unsigned int> >*)+0x1d3e>
    6d6e:	xchg   ax,ax
    6d70:	add    rax,0x1
    6d74:	jb     6d87 <lume::detail::execute_cpu_reference_with_policy(lume::VerifiedProgram const&, std::span<lume::Buffer const, 18446744073709551615ul>, lume::detail::ExecutionPolicy const&, lume::detail::ExecutionStats*, std::vector<unsigned int, std::allocator<unsigned int> >*)+0x2327>
    6d76:	movabs rbp,0x1fffffffffffffff
    6d80:	cmp    rax,rbp
    6d83:	cmovbe rbp,rax
    6d87:	shl    rbp,0x2
    6d8b:	mov    rdi,rbp
    6d8e:	call   6d93 <lume::detail::execute_cpu_reference_with_policy(lume::VerifiedProgram const&, std::span<lume::Buffer const, 18446744073709551615ul>, lume::detail::ExecutionPolicy const&, lume::detail::ExecutionStats*, std::vector<unsigned int, std::allocator<unsigned int> >*)+0x2333>
    6d93:	mov    rcx,rax
    6d96:	add    rbp,rax
    6d99:	jmp    6c84 <lume::detail::execute_cpu_reference_with_policy(lume::VerifiedProgram const&, std::span<lume::Buffer const, 18446744073709551615ul>, lume::detail::ExecutionPolicy const&, lume::detail::ExecutionStats*, std::vector<unsigned int, std::allocator<unsigned int> >*)+0x2224>
    6d9e:	cmp    al,0x2
    6da0:	jne    561b <lume::detail::execute_cpu_reference_with_policy(lume::VerifiedProgram const&, std::span<lume::Buffer const, 18446744073709551615ul>, lume::detail::ExecutionPolicy const&, lume::detail::ExecutionStats*, std::vector<unsigned int, std::allocator<unsigned int> >*)+0xbbb>
    6da6:	mov    rax,rdx
    6da9:	mov    rdx,QWORD PTR [rdx]
    6dac:	mov    rax,QWORD PTR [rax+0x8]
    6db0:	mov    QWORD PTR [rsp+0x1a0],rdx
    6db8:	jmp    560a <lume::detail::execute_cpu_reference_with_policy(lume::VerifiedProgram const&, std::span<lume::Buffer const, 18446744073709551615ul>, lume::detail::ExecutionPolicy const&, lume::detail::ExecutionStats*, std::vector<unsigned int, std::allocator<unsigned int> >*)+0xbaa>
    6dbd:	mov    rdi,rcx
    6dc0:	mov    rdx,rax
    6dc3:	mov    rsi,r13
    6dc6:	call   6dcb <lume::detail::execute_cpu_reference_with_policy(lume::VerifiedProgram const&, std::span<lume::Buffer const, 18446744073709551615ul>, lume::detail::ExecutionPolicy const&, lume::detail::ExecutionStats*, std::vector<unsigned int, std::allocator<unsigned int> >*)+0x236b>
    6dcb:	mov    rcx,rax
    6dce:	mov    rax,QWORD PTR [rsp+0x60]
    6dd3:	mov    rdi,r13
    6dd6:	mov    rax,QWORD PTR [rax+0x10]
    6dda:	mov    rsi,rax
    6ddd:	mov    QWORD PTR [rsp+0xc0],rax
    6de5:	sub    rsi,r13
    6de8:	mov    QWORD PTR [rsp+0xc0],rcx
    6df0:	call   6df5 <lume::detail::execute_cpu_reference_with_policy(lume::VerifiedProgram const&, std::span<lume::Buffer const, 18446744073709551615ul>, lume::detail::ExecutionPolicy const&, lume::detail::ExecutionStats*, std::vector<unsigned int, std::allocator<unsigned int> >*)+0x2395>
    6df5:	mov    rcx,QWORD PTR [rsp+0xc0]
    6dfd:	jmp    6cb5 <lume::detail::execute_cpu_reference_with_policy(lume::VerifiedProgram const&, std::span<lume::Buffer const, 18446744073709551615ul>, lume::detail::ExecutionPolicy const&, lume::detail::ExecutionStats*, std::vector<unsigned int, std::allocator<unsigned int> >*)+0x2255>
    6e02:	cmp    al,0x1
    6e04:	jne    7794 <lume::detail::execute_cpu_reference_with_policy(lume::VerifiedProgram const&, std::span<lume::Buffer const, 18446744073709551615ul>, lume::detail::ExecutionPolicy const&, lume::detail::ExecutionStats*, std::vector<unsigned int, std::allocator<unsigned int> >*)+0x2d34>
    6e0a:	mov    rdx,QWORD PTR [rdi]
    6e0d:	mov    rax,QWORD PTR [rdi+0x8]
    6e11:	mov    QWORD PTR [rsp+0x180],rdx
    6e19:	sub    rax,rdx
    6e1c:	sar    rax,0x2
    6e20:	mov    r12,rax
    6e23:	mov    rax,QWORD PTR [rsp+0xb0]
    6e2b:	mov    QWORD PTR [rsp+0x188],r12
    6e33:	movzx  eax,BYTE PTR [rax+0x18]
    6e37:	cmp    al,0x1
    6e39:	jne    6f60 <lume::detail::execute_cpu_reference_with_policy(lume::VerifiedProgram const&, std::span<lume::Buffer const, 18446744073709551615ul>, lume::detail::ExecutionPolicy const&, lume::detail::ExecutionStats*, std::vector<unsigned int, std::allocator<unsigned int> >*)+0x2500>
    6e3f:	mov    rax,QWORD PTR [rsp+0xb0]
    6e47:	mov    rdx,QWORD PTR [rax]
    6e4a:	mov    rax,QWORD PTR [rax+0x8]
    6e4e:	mov    QWORD PTR [rsp+0x1a0],rdx
    6e56:	sub    rax,rdx
    6e59:	sar    rax,0x2
    6e5d:	mov    QWORD PTR [rsp+0x1a8],rax
    6e65:	cmp    r12,rax
    6e68:	jne    561b <lume::detail::execute_cpu_reference_with_policy(lume::VerifiedProgram const&, std::span<lume::Buffer const, 18446744073709551615ul>, lume::detail::ExecutionPolicy const&, lume::detail::ExecutionStats*, std::vector<unsigned int, std::allocator<unsigned int> >*)+0xbbb>
    6e6e:	mov    rax,QWORD PTR [rsp+0x180]
    6e76:	mov    QWORD PTR [rsp+0xb8],rax
    6e7e:	mov    rax,QWORD PTR [rsp+0x1a0]
    6e86:	mov    QWORD PTR [rsp+0xb0],rax
    6e8e:	movabs rax,0x1ffffffffffffffe
    6e98:	cmp    rax,r12
    6e9b:	jb     6ea1 <lume::detail::execute_cpu_reference_with_policy(lume::VerifiedProgram const&, std::span<lume::Buffer const, 18446744073709551615ul>, lume::detail::ExecutionPolicy const&, lume::detail::ExecutionStats*, std::vector<unsigned int, std::allocator<unsigned int> >*)+0x2441>
    6ea1:	lea    rdi,[r12*4+0x0]
    6ea9:	call   6eae <lume::detail::execute_cpu_reference_with_policy(lume::VerifiedProgram const&, std::span<lume::Buffer const, 18446744073709551615ul>, lume::detail::ExecutionPolicy const&, lume::detail::ExecutionStats*, std::vector<unsigned int, std::allocator<unsigned int> >*)+0x244e>
    6eae:	mov    rdx,rax
    6eb1:	test   r12,r12
    6eb4:	je     7425 <lume::detail::execute_cpu_reference_with_policy(lume::VerifiedProgram const&, std::span<lume::Buffer const, 18446744073709551615ul>, lume::detail::ExecutionPolicy const&, lume::detail::ExecutionStats*, std::vector<unsigned int, std::allocator<unsigned int> >*)+0x29c5>
    6eba:	cmp    r12,0x1
    6ebe:	je     7472 <lume::detail::execute_cpu_reference_with_policy(lume::VerifiedProgram const&, std::span<lume::Buffer const, 18446744073709551615ul>, lume::detail::ExecutionPolicy const&, lume::detail::ExecutionStats*, std::vector<unsigned int, std::allocator<unsigned int> >*)+0x2a12>
    6ec4:	mov    rsi,QWORD PTR [rsp+0xb8]
    6ecc:	lea    rcx,[rsi+0x4]
    6ed0:	sub    rax,rcx
    6ed3:	cmp    rax,0x8
    6ed7:	jbe    7472 <lume::detail::execute_cpu_reference_with_policy(lume::VerifiedProgram const&, std::span<lume::Buffer const, 18446744073709551615ul>, lume::detail::ExecutionPolicy const&, lume::detail::ExecutionStats*, std::vector<unsigned int, std::allocator<unsigned int> >*)+0x2a12>
    6edd:	mov    rdi,QWORD PTR [rsp+0xb0]
    6ee5:	mov    rax,rdx
    6ee8:	lea    rcx,[rdi+0x4]
    6eec:	sub    rax,rcx
    6eef:	cmp    rax,0x8
    6ef3:	jbe    7472 <lume::detail::execute_cpu_reference_with_policy(lume::VerifiedProgram const&, std::span<lume::Buffer const, 18446744073709551615ul>, lume::detail::ExecutionPolicy const&, lume::detail::ExecutionStats*, std::vector<unsigned int, std::allocator<unsigned int> >*)+0x2a12>
    6ef9:	lea    rax,[r12-0x1]
    6efe:	mov    rcx,r12
    6f01:	cmp    rax,0x2
    6f05:	jbe    73db <lume::detail::execute_cpu_reference_with_policy(lume::VerifiedProgram const&, std::span<lume::Buffer const, 18446744073709551615ul>, lume::detail::ExecutionPolicy const&, lume::detail::ExecutionStats*, std::vector<unsigned int, std::allocator<unsigned int> >*)+0x297b>
    6f0b:	shr    rcx,0x2
    6f0f:	xor    eax,eax
    6f11:	shl    rcx,0x4
    6f15:	movdqu xmm0,XMMWORD PTR [rsi+rax*1]
    6f1a:	movdqu xmm4,XMMWORD PTR [rdi+rax*1]
    6f1f:	paddd  xmm0,xmm4
    6f23:	movups XMMWORD PTR [rdx+rax*1],xmm0
    6f27:	add    rax,0x10
    6f2b:	cmp    rcx,rax
    6f2e:	jne    6f15 <lume::detail::execute_cpu_reference_with_policy(lume::VerifiedProgram const&, std::span<lume::Buffer const, 18446744073709551615ul>, lume::detail::ExecutionPolicy const&, lume::detail::ExecutionStats*, std::vector<unsigned int, std::allocator<unsigned int> >*)+0x24b5>
    6f30:	mov    rax,r12
    6f33:	and    rax,0xfffffffffffffffc
    6f37:	test   r12b,0x3
    6f3b:	je     7425 <lume::detail::execute_cpu_reference_with_policy(lume::VerifiedProgram const&, std::span<lume::Buffer const, 18446744073709551615ul>, lume::detail::ExecutionPolicy const&, lume::detail::ExecutionStats*, std::vector<unsigned int, std::allocator<unsigned int> >*)+0x29c5>
    6f41:	mov    rcx,r12
    6f44:	sub    rcx,rax
    6f47:	cmp    rcx,0x1
    6f4b:	jne    73dd <lume::detail::execute_cpu_reference_with_policy(lume::VerifiedProgram const&, std::span<lume::Buffer const, 18446744073709551615ul>, lume::detail::ExecutionPolicy const&, lume::detail::ExecutionStats*, std::vector<unsigned int, std::allocator<unsigned int> >*)+0x297d>
    6f51:	jmp    740c <lume::detail::execute_cpu_reference_with_policy(lume::VerifiedProgram const&, std::span<lume::Buffer const, 18446744073709551615ul>, lume::detail::ExecutionPolicy const&, lume::detail::ExecutionStats*, std::vector<unsigned int, std::allocator<unsigned int> >*)+0x29ac>
    6f56:	cs nop WORD PTR [rax+rax*1+0x0]
    6f60:	cmp    al,0x3
    6f62:	jne    561b <lume::detail::execute_cpu_reference_with_policy(lume::VerifiedProgram const&, std::span<lume::Buffer const, 18446744073709551615ul>, lume::detail::ExecutionPolicy const&, lume::detail::ExecutionStats*, std::vector<unsigned int, std::allocator<unsigned int> >*)+0xbbb>
    6f68:	mov    rax,QWORD PTR [rsp+0xb0]
    6f70:	mov    rdx,QWORD PTR [rax]
    6f73:	mov    rax,QWORD PTR [rax+0x8]
    6f77:	mov    QWORD PTR [rsp+0x1a0],rdx
    6f7f:	jmp    6e5d <lume::detail::execute_cpu_reference_with_policy(lume::VerifiedProgram const&, std::span<lume::Buffer const, 18446744073709551615ul>, lume::detail::ExecutionPolicy const&, lume::detail::ExecutionStats*, std::vector<unsigned int, std::allocator<unsigned int> >*)+0x23fd>
    6f84:	lea    r12,[rsp+0x270]
    6f8c:	mov    rsi,r13
    6f8f:	mov    rdi,r12
    6f92:	mov    QWORD PTR [rsp+0x20],r12
    6f97:	call   6f9c <lume::detail::execute_cpu_reference_with_policy(lume::VerifiedProgram const&, std::span<lume::Buffer const, 18446744073709551615ul>, lume::detail::ExecutionPolicy const&, lume::detail::ExecutionStats*, std::vector<unsigned int, std::allocator<unsigned int> >*)+0x253c>
    6f9c:	lea    rdx,[rip+0x0]        # 6fa3 <lume::detail::execute_cpu_reference_with_policy(lume::VerifiedProgram const&, std::span<lume::Buffer const, 18446744073709551615ul>, lume::detail::ExecutionPolicy const&, lume::detail::ExecutionStats*, std::vector<unsigned int, std::allocator<unsigned int> >*)+0x2543>
    6fa3:	xor    esi,esi
    6fa5:	mov    rdi,r12
    6fa8:	call   6fad <lume::detail::execute_cpu_reference_with_policy(lume::VerifiedProgram const&, std::span<lume::Buffer const, 18446744073709551615ul>, lume::detail::ExecutionPolicy const&, lume::detail::ExecutionStats*, std::vector<unsigned int, std::allocator<unsigned int> >*)+0x254d>
    6fad:	lea    rbx,[rsp+0x290]
    6fb5:	mov    rsi,rax
    6fb8:	mov    rdi,rbx
    6fbb:	call   6fc0 <lume::detail::execute_cpu_reference_with_policy(lume::VerifiedProgram const&, std::span<lume::Buffer const, 18446744073709551615ul>, lume::detail::ExecutionPolicy const&, lume::detail::ExecutionStats*, std::vector<unsigned int, std::allocator<unsigned int> >*)+0x2560>
    6fc0:	lea    rsi,[rip+0x0]        # 6fc7 <lume::detail::execute_cpu_reference_with_policy(lume::VerifiedProgram const&, std::span<lume::Buffer const, 18446744073709551615ul>, lume::detail::ExecutionPolicy const&, lume::detail::ExecutionStats*, std::vector<unsigned int, std::allocator<unsigned int> >*)+0x2567>
    6fc7:	mov    rdi,rbx
    6fca:	call   6fcf <lume::detail::execute_cpu_reference_with_policy(lume::VerifiedProgram const&, std::span<lume::Buffer const, 18446744073709551615ul>, lume::detail::ExecutionPolicy const&, lume::detail::ExecutionStats*, std::vector<unsigned int, std::allocator<unsigned int> >*)+0x256f>
    6fcf:	lea    rbp,[rsp+0x2b0]
    6fd7:	mov    rsi,rax
    6fda:	mov    rdi,rbp
    6fdd:	call   6fe2 <lume::detail::execute_cpu_reference_with_policy(lume::VerifiedProgram const&, std::span<lume::Buffer const, 18446744073709551615ul>, lume::detail::ExecutionPolicy const&, lume::detail::ExecutionStats*, std::vector<unsigned int, std::allocator<unsigned int> >*)+0x2582>
    6fe2:	mov    rsi,rbp
    6fe5:	mov    rdi,r14
    6fe8:	call   40 <lume::(anonymous namespace)::internal_error(std::__cxx11::basic_string<char, std::char_traits<char>, std::allocator<char> >)>
    6fed:	jmp    5f53 <lume::detail::execute_cpu_reference_with_policy(lume::VerifiedProgram const&, std::span<lume::Buffer const, 18446744073709551615ul>, lume::detail::ExecutionPolicy const&, lume::detail::ExecutionStats*, std::vector<unsigned int, std::allocator<unsigned int> >*)+0x14f3>
    6ff2:	mov    rax,QWORD PTR [rsp+0x180]
    6ffa:	mov    QWORD PTR [rsp+0xb0],rax
    7002:	mov    rax,QWORD PTR [rsp+0x1a0]
    700a:	mov    QWORD PTR [rsp+0xb8],rax
    7012:	movabs rax,0x1ffffffffffffffe
    701c:	cmp    rax,r12
    701f:	jb     7025 <lume::detail::execute_cpu_reference_with_policy(lume::VerifiedProgram const&, std::span<lume::Buffer const, 18446744073709551615ul>, lume::detail::ExecutionPolicy const&, lume::detail::ExecutionStats*, std::vector<unsigned int, std::allocator<unsigned int> >*)+0x25c5>
    7025:	lea    rdi,[r12*4+0x0]
    702d:	call   7032 <lume::detail::execute_cpu_reference_with_policy(lume::VerifiedProgram const&, std::span<lume::Buffer const, 18446744073709551615ul>, lume::detail::ExecutionPolicy const&, lume::detail::ExecutionStats*, std::vector<unsigned int, std::allocator<unsigned int> >*)+0x25d2>
    7032:	test   r12,r12
    7035:	je     7116 <lume::detail::execute_cpu_reference_with_policy(lume::VerifiedProgram const&, std::span<lume::Buffer const, 18446744073709551615ul>, lume::detail::ExecutionPolicy const&, lume::detail::ExecutionStats*, std::vector<unsigned int, std::allocator<unsigned int> >*)+0x26b6>
    703b:	cmp    r12,0x1
    703f:	je     733f <lume::detail::execute_cpu_reference_with_policy(lume::VerifiedProgram const&, std::span<lume::Buffer const, 18446744073709551615ul>, lume::detail::ExecutionPolicy const&, lume::detail::ExecutionStats*, std::vector<unsigned int, std::allocator<unsigned int> >*)+0x28df>
    7045:	mov    rsi,QWORD PTR [rsp+0xb0]
    704d:	mov    rdx,rax
    7050:	lea    rcx,[rsi+0x4]
    7054:	sub    rdx,rcx
    7057:	cmp    rdx,0x8
    705b:	jbe    733f <lume::detail::execute_cpu_reference_with_policy(lume::VerifiedProgram const&, std::span<lume::Buffer const, 18446744073709551615ul>, lume::detail::ExecutionPolicy const&, lume::detail::ExecutionStats*, std::vector<unsigned int, std::allocator<unsigned int> >*)+0x28df>
    7061:	mov    rdi,QWORD PTR [rsp+0xb8]
    7069:	mov    rdx,rax
    706c:	lea    rcx,[rdi+0x4]
    7070:	sub    rdx,rcx
    7073:	cmp    rdx,0x8
    7077:	jbe    733f <lume::detail::execute_cpu_reference_with_policy(lume::VerifiedProgram const&, std::span<lume::Buffer const, 18446744073709551615ul>, lume::detail::ExecutionPolicy const&, lume::detail::ExecutionStats*, std::vector<unsigned int, std::allocator<unsigned int> >*)+0x28df>
    707d:	lea    rdx,[r12-0x1]
    7082:	mov    rcx,r12
    7085:	cmp    rdx,0x2
    7089:	jbe    75dd <lume::detail::execute_cpu_reference_with_policy(lume::VerifiedProgram const&, std::span<lume::Buffer const, 18446744073709551615ul>, lume::detail::ExecutionPolicy const&, lume::detail::ExecutionStats*, std::vector<unsigned int, std::allocator<unsigned int> >*)+0x2b7d>
    708f:	shr    rcx,0x2
    7093:	xor    edx,edx
    7095:	shl    rcx,0x4
    7099:	movups xmm0,XMMWORD PTR [rdi+rdx*1]
    709d:	movups xmm3,XMMWORD PTR [rsi+rdx*1]
    70a1:	addps  xmm0,xmm3
    70a4:	movups XMMWORD PTR [rax+rdx*1],xmm0
    70a8:	add    rdx,0x10
    70ac:	cmp    rdx,rcx
    70af:	jne    7099 <lume::detail::execute_cpu_reference_with_policy(lume::VerifiedProgram const&, std::span<lume::Buffer const, 18446744073709551615ul>, lume::detail::ExecutionPolicy const&, lume::detail::ExecutionStats*, std::vector<unsigned int, std::allocator<unsigned int> >*)+0x2639>
    70b1:	test   r12b,0x3
    70b5:	je     7116 <lume::detail::execute_cpu_reference_with_policy(lume::VerifiedProgram const&, std::span<lume::Buffer const, 18446744073709551615ul>, lume::detail::ExecutionPolicy const&, lume::detail::ExecutionStats*, std::vector<unsigned int, std::allocator<unsigned int> >*)+0x26b6>
    70b7:	mov    rcx,r12
    70ba:	mov    rdx,r12
    70bd:	and    ecx,0x3
    70c0:	and    rdx,0xfffffffffffffffc
    70c4:	cmp    rcx,0x1
    70c8:	je     70f7 <lume::detail::execute_cpu_reference_with_policy(lume::VerifiedProgram const&, std::span<lume::Buffer const, 18446744073709551615ul>, lume::detail::ExecutionPolicy const&, lume::detail::ExecutionStats*, std::vector<unsigned int, std::allocator<unsigned int> >*)+0x2697>
    70ca:	mov    rsi,QWORD PTR [rsp+0xb8]
    70d2:	movq   xmm0,QWORD PTR [rsi+rdx*4]
    70d7:	mov    rsi,QWORD PTR [rsp+0xb0]
    70df:	movq   xmm1,QWORD PTR [rsi+rdx*4]
    70e4:	addps  xmm0,xmm1
    70e7:	movlps QWORD PTR [rax+rdx*4],xmm0
    70eb:	test   cl,0x1
    70ee:	je     7116 <lume::detail::execute_cpu_reference_with_policy(lume::VerifiedProgram const&, std::span<lume::Buffer const, 18446744073709551615ul>, lume::detail::ExecutionPolicy const&, lume::detail::ExecutionStats*, std::vector<unsigned int, std::allocator<unsigned int> >*)+0x26b6>
    70f0:	and    rcx,0xfffffffffffffffe
    70f4:	add    rdx,rcx
    70f7:	mov    rcx,QWORD PTR [rsp+0xb8]
    70ff:	movss  xmm0,DWORD PTR [rcx+rdx*4]
    7104:	mov    rcx,QWORD PTR [rsp+0xb0]
    710c:	addss  xmm0,DWORD PTR [rcx+rdx*4]
    7111:	movss  DWORD PTR [rax+rdx*4],xmm0
    7116:	xor    r9d,r9d
    7119:	lea    rdi,[rsp+0x1c0]
    7121:	mov    BYTE PTR [rsp+0x1d8],0x2
    7129:	mov    QWORD PTR [rsp+0x1e0],rax
    7131:	mov    QWORD PTR [rsp+0x1c0],r9
    7139:	mov    QWORD PTR [rsp+0x1c8],r9
    7141:	mov    QWORD PTR [rsp+0x1e8],r12
    7149:	mov    BYTE PTR [rsp+0x1f8],0x2
    7151:	mov    BYTE PTR [rsp+0x200],0x1
    7159:	call   0 <decltype(auto) std::__do_visit<void, std::__detail::__variant::_Variant_storage<false, std::vector<float, std::allocator<float> >, std::vector<int, std::allocator<int> >, lume::OwnedArray<float>, lume::OwnedArray<int> >::_M_reset()::{lambda(auto:1&&)#1}, std::variant<std::vector<float, std::allocator<float> >, std::vector<int, std::allocator<int> >, lume::OwnedArray<float>, lume::OwnedArray<int> >&>(std::__detail::__variant::_Variant_storage<false, std::vector<float, std::allocator<float> >, std::vector<int, std::allocator<int> >, lume::OwnedArray<float>, lume::OwnedArray<int> >::_M_reset()::{lambda(auto:1&&)#1}&&, std::variant<std::vector<float, std::allocator<float> >, std::vector<int, std::allocator<int> >, lume::OwnedArray<float>, lume::OwnedArray<int> >&) [clone .isra.0]>
    715e:	mov    rax,QWORD PTR [rsp+0x30]
    7163:	test   rax,rax
    7166:	je     716b <lume::detail::execute_cpu_reference_with_policy(lume::VerifiedProgram const&, std::span<lume::Buffer const, 18446744073709551615ul>, lume::detail::ExecutionPolicy const&, lume::detail::ExecutionStats*, std::vector<unsigned int, std::allocator<unsigned int> >*)+0x270b>
    7168:	add    DWORD PTR [rax],0x1
    716b:	mov    eax,DWORD PTR [rbp+0xc]
    716e:	mov    rcx,QWORD PTR [rsp+0x18]
    7173:	lea    r12,[rsp+0x1e0]
    717b:	mov    rsi,r12
    717e:	lea    rax,[rax+rax*4]
    7182:	lea    rdi,[rcx+rax*8]
    7186:	call   718b <lume::detail::execute_cpu_reference_with_policy(lume::VerifiedProgram const&, std::span<lume::Buffer const, 18446744073709551615ul>, lume::detail::ExecutionPolicy const&, lume::detail::ExecutionStats*, std::vector<unsigned int, std::allocator<unsigned int> >*)+0x272b>
    718b:	mov    eax,DWORD PTR [rbp+0xc]
    718e:	mov    rcx,QWORD PTR [rsp+0x18]
    7193:	cmp    BYTE PTR [rsp+0x200],0x0
    719b:	lea    rdx,[rax+rax*4]
    719f:	lea    rdx,[rcx+rdx*8]
    71a3:	mov    rcx,QWORD PTR [rsp+0x10]
    71a8:	mov    QWORD PTR [rcx+rax*8],rdx
    71ac:	je     5e40 <lume::detail::execute_cpu_reference_with_policy(lume::VerifiedProgram const&, std::span<lume::Buffer const, 18446744073709551615ul>, lume::detail::ExecutionPolicy const&, lume::detail::ExecutionStats*, std::vector<unsigned int, std::allocator<unsigned int> >*)+0x13e0>
    71b2:	cmp    BYTE PTR [rsp+0x1f8],0xff
    71ba:	mov    BYTE PTR [rsp+0x200],0x0
    71c2:	je     5e40 <lume::detail::execute_cpu_reference_with_policy(lume::VerifiedProgram const&, std::span<lume::Buffer const, 18446744073709551615ul>, lume::detail::ExecutionPolicy const&, lume::detail::ExecutionStats*, std::vector<unsigned int, std::allocator<unsigned int> >*)+0x13e0>
    71c8:	mov    rdi,r12
    71cb:	call   0 <decltype(auto) std::__do_visit<void, std::__detail::__variant::_Variant_storage<false, std::vector<float, std::allocator<float> >, std::vector<int, std::allocator<int> >, lume::OwnedArray<float>, lume::OwnedArray<int> >::_M_reset()::{lambda(auto:1&&)#1}, std::variant<std::vector<float, std::allocator<float> >, std::vector<int, std::allocator<int> >, lume::OwnedArray<float>, lume::OwnedArray<int> >&>(std::__detail::__variant::_Variant_storage<false, std::vector<float, std::allocator<float> >, std::vector<int, std::allocator<int> >, lume::OwnedArray<float>, lume::OwnedArray<int> >::_M_reset()::{lambda(auto:1&&)#1}&&, std::variant<std::vector<float, std::allocator<float> >, std::vector<int, std::allocator<int> >, lume::OwnedArray<float>, lume::OwnedArray<int> >&) [clone .isra.0]>
    71d0:	jmp    5e40 <lume::detail::execute_cpu_reference_with_policy(lume::VerifiedProgram const&, std::span<lume::Buffer const, 18446744073709551615ul>, lume::detail::ExecutionPolicy const&, lume::detail::ExecutionStats*, std::vector<unsigned int, std::allocator<unsigned int> >*)+0x13e0>
    71d5:	cmp    al,0x3
    71d7:	jne    653a <lume::detail::execute_cpu_reference_with_policy(lume::VerifiedProgram const&, std::span<lume::Buffer const, 18446744073709551615ul>, lume::detail::ExecutionPolicy const&, lume::detail::ExecutionStats*, std::vector<unsigned int, std::allocator<unsigned int> >*)+0x1ada>
    71dd:	mov    rdi,QWORD PTR [rdx]
    71e0:	mov    rax,QWORD PTR [rdx+0x8]
    71e4:	jmp    6d01 <lume::detail::execute_cpu_reference_with_policy(lume::VerifiedProgram const&, std::span<lume::Buffer const, 18446744073709551615ul>, lume::detail::ExecutionPolicy const&, lume::detail::ExecutionStats*, std::vector<unsigned int, std::allocator<unsigned int> >*)+0x22a1>
    71e9:	test   rax,rax
    71ec:	jns    7961 <lume::detail::execute_cpu_reference_with_policy(lume::VerifiedProgram const&, std::span<lume::Buffer const, 18446744073709551615ul>, lume::detail::ExecutionPolicy const&, lume::detail::ExecutionStats*, std::vector<unsigned int, std::allocator<unsigned int> >*)+0x2f01>
    71f2:	mov    rax,QWORD PTR [rsp+0x318]
    71fa:	sub    rax,QWORD PTR fs:0x28
    7203:	jne    7603 <lume::detail::execute_cpu_reference_with_policy(lume::VerifiedProgram const&, std::span<lume::Buffer const, 18446744073709551615ul>, lume::detail::ExecutionPolicy const&, lume::detail::ExecutionStats*, std::vector<unsigned int, std::allocator<unsigned int> >*)+0x2ba3>
    7209:	call   720e <lume::detail::execute_cpu_reference_with_policy(lume::VerifiedProgram const&, std::span<lume::Buffer const, 18446744073709551615ul>, lume::detail::ExecutionPolicy const&, lume::detail::ExecutionStats*, std::vector<unsigned int, std::allocator<unsigned int> >*)+0x27ae>
    720e:	test   rax,rax
    7211:	jns    7557 <lume::detail::execute_cpu_reference_with_policy(lume::VerifiedProgram const&, std::span<lume::Buffer const, 18446744073709551615ul>, lume::detail::ExecutionPolicy const&, lume::detail::ExecutionStats*, std::vector<unsigned int, std::allocator<unsigned int> >*)+0x2af7>
    7217:	mov    rax,QWORD PTR [rsp+0x318]
    721f:	sub    rax,QWORD PTR fs:0x28
    7228:	jne    7603 <lume::detail::execute_cpu_reference_with_policy(lume::VerifiedProgram const&, std::span<lume::Buffer const, 18446744073709551615ul>, lume::detail::ExecutionPolicy const&, lume::detail::ExecutionStats*, std::vector<unsigned int, std::allocator<unsigned int> >*)+0x2ba3>
    722e:	call   7233 <lume::detail::execute_cpu_reference_with_policy(lume::VerifiedProgram const&, std::span<lume::Buffer const, 18446744073709551615ul>, lume::detail::ExecutionPolicy const&, lume::detail::ExecutionStats*, std::vector<unsigned int, std::allocator<unsigned int> >*)+0x27d3>
    7233:	jne    61cc <lume::detail::execute_cpu_reference_with_policy(lume::VerifiedProgram const&, std::span<lume::Buffer const, 18446744073709551615ul>, lume::detail::ExecutionPolicy const&, lume::detail::ExecutionStats*, std::vector<unsigned int, std::allocator<unsigned int> >*)+0x176c>
    7239:	mov    eax,DWORD PTR [rsi]
    723b:	mov    DWORD PTR [rdi],eax
    723d:	jmp    61cc <lume::detail::execute_cpu_reference_with_policy(lume::VerifiedProgram const&, std::span<lume::Buffer const, 18446744073709551615ul>, lume::detail::ExecutionPolicy const&, lume::detail::ExecutionStats*, std::vector<unsigned int, std::allocator<unsigned int> >*)+0x176c>
    7242:	lea    rbp,[rsp+0x270]
    724a:	mov    rsi,r12
    724d:	mov    rdi,rbp
    7250:	mov    QWORD PTR [rsp+0x20],rbp
    7255:	call   725a <lume::detail::execute_cpu_reference_with_policy(lume::VerifiedProgram const&, std::span<lume::Buffer const, 18446744073709551615ul>, lume::detail::ExecutionPolicy const&, lume::detail::ExecutionStats*, std::vector<unsigned int, std::allocator<unsigned int> >*)+0x27fa>
    725a:	lea    rax,[rsp+0x210]
    7262:	mov    rsi,r13
    7265:	mov    rdi,rax
    7268:	mov    rbx,rax
    726b:	call   7270 <lume::detail::execute_cpu_reference_with_policy(lume::VerifiedProgram const&, std::span<lume::Buffer const, 18446744073709551615ul>, lume::detail::ExecutionPolicy const&, lume::detail::ExecutionStats*, std::vector<unsigned int, std::allocator<unsigned int> >*)+0x2810>
    7270:	lea    rdx,[rip+0x0]        # 7277 <lume::detail::execute_cpu_reference_with_policy(lume::VerifiedProgram const&, std::span<lume::Buffer const, 18446744073709551615ul>, lume::detail::ExecutionPolicy const&, lume::detail::ExecutionStats*, std::vector<unsigned int, std::allocator<unsigned int> >*)+0x2817>
    7277:	xor    esi,esi
    7279:	mov    rdi,rbx
    727c:	mov    QWORD PTR [rsp+0x30],rbx
    7281:	call   7286 <lume::detail::execute_cpu_reference_with_policy(lume::VerifiedProgram const&, std::span<lume::Buffer const, 18446744073709551615ul>, lume::detail::ExecutionPolicy const&, lume::detail::ExecutionStats*, std::vector<unsigned int, std::allocator<unsigned int> >*)+0x2826>
    7286:	lea    rbx,[rsp+0x230]
    728e:	mov    rsi,rax
    7291:	mov    rdi,rbx
    7294:	call   7299 <lume::detail::execute_cpu_reference_with_policy(lume::VerifiedProgram const&, std::span<lume::Buffer const, 18446744073709551615ul>, lume::detail::ExecutionPolicy const&, lume::detail::ExecutionStats*, std::vector<unsigned int, std::allocator<unsigned int> >*)+0x2839>
    7299:	lea    rsi,[rip+0x0]        # 72a0 <lume::detail::execute_cpu_reference_with_policy(lume::VerifiedProgram const&, std::span<lume::Buffer const, 18446744073709551615ul>, lume::detail::ExecutionPolicy const&, lume::detail::ExecutionStats*, std::vector<unsigned int, std::allocator<unsigned int> >*)+0x2840>
    72a0:	mov    rdi,rbx
    72a3:	mov    QWORD PTR [rsp+0x48],rbx
    72a8:	call   72ad <lume::detail::execute_cpu_reference_with_policy(lume::VerifiedProgram const&, std::span<lume::Buffer const, 18446744073709551615ul>, lume::detail::ExecutionPolicy const&, lume::detail::ExecutionStats*, std::vector<unsigned int, std::allocator<unsigned int> >*)+0x284d>
    72ad:	lea    r13,[rsp+0x250]
    72b5:	mov    rsi,rax
    72b8:	lea    rbx,[rsp+0x290]
    72c0:	mov    r12,rbp
    72c3:	mov    rdi,r13
    72c6:	call   72cb <lume::detail::execute_cpu_reference_with_policy(lume::VerifiedProgram const&, std::span<lume::Buffer const, 18446744073709551615ul>, lume::detail::ExecutionPolicy const&, lume::detail::ExecutionStats*, std::vector<unsigned int, std::allocator<unsigned int> >*)+0x286b>
    72cb:	mov    rdx,rbp
    72ce:	mov    rsi,r13
    72d1:	mov    rdi,rbx
    72d4:	call   72d9 <lume::detail::execute_cpu_reference_with_policy(lume::VerifiedProgram const&, std::span<lume::Buffer const, 18446744073709551615ul>, lume::detail::ExecutionPolicy const&, lume::detail::ExecutionStats*, std::vector<unsigned int, std::allocator<unsigned int> >*)+0x2879>
    72d9:	lea    rsi,[rip+0x0]        # 72e0 <lume::detail::execute_cpu_reference_with_policy(lume::VerifiedProgram const&, std::span<lume::Buffer const, 18446744073709551615ul>, lume::detail::ExecutionPolicy const&, lume::detail::ExecutionStats*, std::vector<unsigned int, std::allocator<unsigned int> >*)+0x2880>
    72e0:	mov    rdi,rbx
    72e3:	call   72e8 <lume::detail::execute_cpu_reference_with_policy(lume::VerifiedProgram const&, std::span<lume::Buffer const, 18446744073709551615ul>, lume::detail::ExecutionPolicy const&, lume::detail::ExecutionStats*, std::vector<unsigned int, std::allocator<unsigned int> >*)+0x2888>
    72e8:	lea    rbp,[rsp+0x2b0]
    72f0:	mov    rsi,rax
    72f3:	mov    rdi,rbp
    72f6:	call   72fb <lume::detail::execute_cpu_reference_with_policy(lume::VerifiedProgram const&, std::span<lume::Buffer const, 18446744073709551615ul>, lume::detail::ExecutionPolicy const&, lume::detail::ExecutionStats*, std::vector<unsigned int, std::allocator<unsigned int> >*)+0x289b>
    72fb:	mov    rsi,rbp
    72fe:	mov    rdi,r14
    7301:	call   40 <lume::(anonymous namespace)::internal_error(std::__cxx11::basic_string<char, std::char_traits<char>, std::allocator<char> >)>
    7306:	mov    rdi,rbp
    7309:	call   730e <lume::detail::execute_cpu_reference_with_policy(lume::VerifiedProgram const&, std::span<lume::Buffer const, 18446744073709551615ul>, lume::detail::ExecutionPolicy const&, lume::detail::ExecutionStats*, std::vector<unsigned int, std::allocator<unsigned int> >*)+0x28ae>
    730e:	mov    rdi,rbx
    7311:	call   7316 <lume::detail::execute_cpu_reference_with_policy(lume::VerifiedProgram const&, std::span<lume::Buffer const, 18446744073709551615ul>, lume::detail::ExecutionPolicy const&, lume::detail::ExecutionStats*, std::vector<unsigned int, std::allocator<unsigned int> >*)+0x28b6>
    7316:	mov    rdi,r13
    7319:	call   731e <lume::detail::execute_cpu_reference_with_policy(lume::VerifiedProgram const&, std::span<lume::Buffer const, 18446744073709551615ul>, lume::detail::ExecutionPolicy const&, lume::detail::ExecutionStats*, std::vector<unsigned int, std::allocator<unsigned int> >*)+0x28be>
    731e:	mov    rdi,QWORD PTR [rsp+0x48]
    7323:	call   7328 <lume::detail::execute_cpu_reference_with_policy(lume::VerifiedProgram const&, std::span<lume::Buffer const, 18446744073709551615ul>, lume::detail::ExecutionPolicy const&, lume::detail::ExecutionStats*, std::vector<unsigned int, std::allocator<unsigned int> >*)+0x28c8>
    7328:	mov    rdi,QWORD PTR [rsp+0x30]
    732d:	call   7332 <lume::detail::execute_cpu_reference_with_policy(lume::VerifiedProgram const&, std::span<lume::Buffer const, 18446744073709551615ul>, lume::detail::ExecutionPolicy const&, lume::detail::ExecutionStats*, std::vector<unsigned int, std::allocator<unsigned int> >*)+0x28d2>
    7332:	mov    rdi,r12
    7335:	call   733a <lume::detail::execute_cpu_reference_with_policy(lume::VerifiedProgram const&, std::span<lume::Buffer const, 18446744073709551615ul>, lume::detail::ExecutionPolicy const&, lume::detail::ExecutionStats*, std::vector<unsigned int, std::allocator<unsigned int> >*)+0x28da>
    733a:	jmp    5845 <lume::detail::execute_cpu_reference_with_policy(lume::VerifiedProgram const&, std::span<lume::Buffer const, 18446744073709551615ul>, lume::detail::ExecutionPolicy const&, lume::detail::ExecutionStats*, std::vector<unsigned int, std::allocator<unsigned int> >*)+0xde5>
    733f:	mov    rcx,QWORD PTR [rsp+0xb0]
    7347:	xor    edx,edx
    7349:	mov    rsi,QWORD PTR [rsp+0xb8]
    7351:	movss  xmm0,DWORD PTR [rcx+rdx*4]
    7356:	addss  xmm0,DWORD PTR [rsi+rdx*4]
    735b:	movss  DWORD PTR [rax+rdx*4],xmm0
    7360:	add    rdx,0x1
    7364:	cmp    r12,rdx
    7367:	jne    7349 <lume::detail::execute_cpu_reference_with_policy(lume::VerifiedProgram const&, std::span<lume::Buffer const, 18446744073709551615ul>, lume::detail::ExecutionPolicy const&, lume::detail::ExecutionStats*, std::vector<unsigned int, std::allocator<unsigned int> >*)+0x28e9>
    7369:	jmp    7116 <lume::detail::execute_cpu_reference_with_policy(lume::VerifiedProgram const&, std::span<lume::Buffer const, 18446744073709551615ul>, lume::detail::ExecutionPolicy const&, lume::detail::ExecutionStats*, std::vector<unsigned int, std::allocator<unsigned int> >*)+0x26b6>
    736e:	jne    6a3a <lume::detail::execute_cpu_reference_with_policy(lume::VerifiedProgram const&, std::span<lume::Buffer const, 18446744073709551615ul>, lume::detail::ExecutionPolicy const&, lume::detail::ExecutionStats*, std::vector<unsigned int, std::allocator<unsigned int> >*)+0x1fda>
    7374:	movss  xmm0,DWORD PTR [rsi]
    7378:	mov    rax,QWORD PTR [rsp+0xb0]
    7380:	mov    rcx,QWORD PTR [rsp+0x2d8]
    7388:	movss  DWORD PTR [rdi],xmm0
    738c:	movzx  eax,BYTE PTR [rax+0x18]
    7390:	jmp    5cee <lume::detail::execute_cpu_reference_with_policy(lume::VerifiedProgram const&, std::span<lume::Buffer const, 18446744073709551615ul>, lume::detail::ExecutionPolicy const&, lume::detail::ExecutionStats*, std::vector<unsigned int, std::allocator<unsigned int> >*)+0x128e>
    7395:	mov    rax,QWORD PTR [rsp+0x318]
    739d:	sub    rax,QWORD PTR fs:0x28
    73a6:	jne    7603 <lume::detail::execute_cpu_reference_with_policy(lume::VerifiedProgram const&, std::span<lume::Buffer const, 18446744073709551615ul>, lume::detail::ExecutionPolicy const&, lume::detail::ExecutionStats*, std::vector<unsigned int, std::allocator<unsigned int> >*)+0x2ba3>
    73ac:	lea    rdi,[rip+0x0]        # 73b3 <lume::detail::execute_cpu_reference_with_policy(lume::VerifiedProgram const&, std::span<lume::Buffer const, 18446744073709551615ul>, lume::detail::ExecutionPolicy const&, lume::detail::ExecutionStats*, std::vector<unsigned int, std::allocator<unsigned int> >*)+0x2953>
    73b3:	call   73b8 <lume::detail::execute_cpu_reference_with_policy(lume::VerifiedProgram const&, std::span<lume::Buffer const, 18446744073709551615ul>, lume::detail::ExecutionPolicy const&, lume::detail::ExecutionStats*, std::vector<unsigned int, std::allocator<unsigned int> >*)+0x2958>
    73b8:	mov    rax,QWORD PTR [rsp+0x318]
    73c0:	sub    rax,QWORD PTR fs:0x28
    73c9:	jne    7603 <lume::detail::execute_cpu_reference_with_policy(lume::VerifiedProgram const&, std::span<lume::Buffer const, 18446744073709551615ul>, lume::detail::ExecutionPolicy const&, lume::detail::ExecutionStats*, std::vector<unsigned int, std::allocator<unsigned int> >*)+0x2ba3>
    73cf:	lea    rdi,[rip+0x0]        # 73d6 <lume::detail::execute_cpu_reference_with_policy(lume::VerifiedProgram const&, std::span<lume::Buffer const, 18446744073709551615ul>, lume::detail::ExecutionPolicy const&, lume::detail::ExecutionStats*, std::vector<unsigned int, std::allocator<unsigned int> >*)+0x2976>
    73d6:	call   73db <lume::detail::execute_cpu_reference_with_policy(lume::VerifiedProgram const&, std::span<lume::Buffer const, 18446744073709551615ul>, lume::detail::ExecutionPolicy const&, lume::detail::ExecutionStats*, std::vector<unsigned int, std::allocator<unsigned int> >*)+0x297b>
    73db:	xor    eax,eax
    73dd:	mov    rsi,QWORD PTR [rsp+0xb8]
    73e5:	movq   xmm0,QWORD PTR [rsi+rax*4]
    73ea:	mov    rsi,QWORD PTR [rsp+0xb0]
    73f2:	movq   xmm1,QWORD PTR [rsi+rax*4]
    73f7:	paddd  xmm0,xmm1
    73fb:	movq   QWORD PTR [rdx+rax*4],xmm0
    7400:	test   cl,0x1
    7403:	je     7425 <lume::detail::execute_cpu_reference_with_policy(lume::VerifiedProgram const&, std::span<lume::Buffer const, 18446744073709551615ul>, lume::detail::ExecutionPolicy const&, lume::detail::ExecutionStats*, std::vector<unsigned int, std::allocator<unsigned int> >*)+0x29c5>
    7405:	and    rcx,0xfffffffffffffffe
    7409:	add    rax,rcx
    740c:	mov    rcx,QWORD PTR [rsp+0xb0]
    7414:	mov    rsi,QWORD PTR [rsp+0xb8]
    741c:	mov    ecx,DWORD PTR [rcx+rax*4]
    741f:	add    ecx,DWORD PTR [rsi+rax*4]
    7422:	mov    DWORD PTR [rdx+rax*4],ecx
    7425:	xor    r8d,r8d
    7428:	lea    rdi,[rsp+0x1c0]
    7430:	mov    BYTE PTR [rsp+0x1d8],0x3
    7438:	mov    QWORD PTR [rsp+0x1e0],rdx
    7440:	mov    QWORD PTR [rsp+0x1c0],r8
    7448:	mov    QWORD PTR [rsp+0x1c8],r8
    7450:	mov    QWORD PTR [rsp+0x1e8],r12
    7458:	mov    BYTE PTR [rsp+0x1f8],0x3
    7460:	mov    BYTE PTR [rsp+0x200],0x1
    7468:	call   0 <decltype(auto) std::__do_visit<void, std::__detail::__variant::_Variant_storage<false, std::vector<float, std::allocator<float> >, std::vector<int, std::allocator<int> >, lume::OwnedArray<float>, lume::OwnedArray<int> >::_M_reset()::{lambda(auto:1&&)#1}, std::variant<std::vector<float, std::allocator<float> >, std::vector<int, std::allocator<int> >, lume::OwnedArray<float>, lume::OwnedArray<int> >&>(std::__detail::__variant::_Variant_storage<false, std::vector<float, std::allocator<float> >, std::vector<int, std::allocator<int> >, lume::OwnedArray<float>, lume::OwnedArray<int> >::_M_reset()::{lambda(auto:1&&)#1}&&, std::variant<std::vector<float, std::allocator<float> >, std::vector<int, std::allocator<int> >, lume::OwnedArray<float>, lume::OwnedArray<int> >&) [clone .isra.0]>
    746d:	jmp    715e <lume::detail::execute_cpu_reference_with_policy(lume::VerifiedProgram const&, std::span<lume::Buffer const, 18446744073709551615ul>, lume::detail::ExecutionPolicy const&, lume::detail::ExecutionStats*, std::vector<unsigned int, std::allocator<unsigned int> >*)+0x26fe>
    7472:	mov    rsi,QWORD PTR [rsp+0xb0]
    747a:	xor    eax,eax
    747c:	mov    rdi,QWORD PTR [rsp+0xb8]
    7484:	mov    ecx,DWORD PTR [rsi+rax*4]
    7487:	add    ecx,DWORD PTR [rdi+rax*4]
    748a:	mov    DWORD PTR [rdx+rax*4],ecx
    748d:	add    rax,0x1
    7491:	cmp    r12,rax
    7494:	jne    747c <lume::detail::execute_cpu_reference_with_policy(lume::VerifiedProgram const&, std::span<lume::Buffer const, 18446744073709551615ul>, lume::detail::ExecutionPolicy const&, lume::detail::ExecutionStats*, std::vector<unsigned int, std::allocator<unsigned int> >*)+0x2a1c>
    7496:	jmp    7425 <lume::detail::execute_cpu_reference_with_policy(lume::VerifiedProgram const&, std::span<lume::Buffer const, 18446744073709551615ul>, lume::detail::ExecutionPolicy const&, lume::detail::ExecutionStats*, std::vector<unsigned int, std::allocator<unsigned int> >*)+0x29c5>
    7498:	movabs rbp,0x1fffffffffffffff
    74a2:	cmp    rdx,rbp
    74a5:	cmovbe rbp,rdx
    74a9:	jmp    6d87 <lume::detail::execute_cpu_reference_with_policy(lume::VerifiedProgram const&, std::span<lume::Buffer const, 18446744073709551615ul>, lume::detail::ExecutionPolicy const&, lume::detail::ExecutionStats*, std::vector<unsigned int, std::allocator<unsigned int> >*)+0x2327>
    74ae:	lea    rsi,[rax-0x1]
    74b2:	cmp    rsi,0x2
    74b6:	jbe    7553 <lume::detail::execute_cpu_reference_with_policy(lume::VerifiedProgram const&, std::span<lume::Buffer const, 18446744073709551615ul>, lume::detail::ExecutionPolicy const&, lume::detail::ExecutionStats*, std::vector<unsigned int, std::allocator<unsigned int> >*)+0x2af3>
    74bc:	shr    rax,0x2
    74c0:	shl    rax,0x4
    74c4:	mov    rsi,rax
    74c7:	xor    eax,eax
    74c9:	movdqu xmm0,XMMWORD PTR [rdi+rax*1]
    74ce:	movdqu xmm7,XMMWORD PTR [rcx+rax*1]
    74d3:	paddd  xmm0,xmm7
    74d7:	movups XMMWORD PTR [rcx+rax*1],xmm0
    74db:	add    rax,0x10
    74df:	cmp    rax,rsi
    74e2:	jne    74c9 <lume::detail::execute_cpu_reference_with_policy(lume::VerifiedProgram const&, std::span<lume::Buffer const, 18446744073709551615ul>, lume::detail::ExecutionPolicy const&, lume::detail::ExecutionStats*, std::vector<unsigned int, std::allocator<unsigned int> >*)+0x2a69>
    74e4:	test   dl,0x3
    74e7:	je     679e <lume::detail::execute_cpu_reference_with_policy(lume::VerifiedProgram const&, std::span<lume::Buffer const, 18446744073709551615ul>, lume::detail::ExecutionPolicy const&, lume::detail::ExecutionStats*, std::vector<unsigned int, std::allocator<unsigned int> >*)+0x1d3e>
    74ed:	mov    rsi,rdx
    74f0:	and    rsi,0xfffffffffffffffc
    74f4:	sub    rdx,rsi
    74f7:	cmp    rdx,0x1
    74fb:	je     7525 <lume::detail::execute_cpu_reference_with_policy(lume::VerifiedProgram const&, std::span<lume::Buffer const, 18446744073709551615ul>, lume::detail::ExecutionPolicy const&, lume::detail::ExecutionStats*, std::vector<unsigned int, std::allocator<unsigned int> >*)+0x2ac5>
    74fd:	lea    rax,[rcx+rsi*4]
    7501:	movq   xmm0,QWORD PTR [rdi+rsi*4]
    7506:	movq   xmm1,QWORD PTR [rax]
    750a:	paddd  xmm0,xmm1
    750e:	movq   QWORD PTR [rax],xmm0
    7512:	test   dl,0x1
    7515:	je     679e <lume::detail::execute_cpu_reference_with_policy(lume::VerifiedProgram const&, std::span<lume::Buffer const, 18446744073709551615ul>, lume::detail::ExecutionPolicy const&, lume::detail::ExecutionStats*, std::vector<unsigned int, std::allocator<unsigned int> >*)+0x1d3e>
    751b:	mov    rax,rdx
    751e:	and    rax,0xfffffffffffffffe
    7522:	add    rsi,rax
    7525:	mov    eax,DWORD PTR [rdi+rsi*4]
    7528:	add    DWORD PTR [rcx+rsi*4],eax
    752b:	jmp    679e <lume::detail::execute_cpu_reference_with_policy(lume::VerifiedProgram const&, std::span<lume::Buffer const, 18446744073709551615ul>, lume::detail::ExecutionPolicy const&, lume::detail::ExecutionStats*, std::vector<unsigned int, std::allocator<unsigned int> >*)+0x1d3e>
    7530:	mov    rax,QWORD PTR [rsp+0x318]
    7538:	sub    rax,QWORD PTR fs:0x28
    7541:	jne    7603 <lume::detail::execute_cpu_reference_with_policy(lume::VerifiedProgram const&, std::span<lume::Buffer const, 18446744073709551615ul>, lume::detail::ExecutionPolicy const&, lume::detail::ExecutionStats*, std::vector<unsigned int, std::allocator<unsigned int> >*)+0x2ba3>
    7547:	lea    rdi,[rip+0x0]        # 754e <lume::detail::execute_cpu_reference_with_policy(lume::VerifiedProgram const&, std::span<lume::Buffer const, 18446744073709551615ul>, lume::detail::ExecutionPolicy const&, lume::detail::ExecutionStats*, std::vector<unsigned int, std::allocator<unsigned int> >*)+0x2aee>
    754e:	call   7553 <lume::detail::execute_cpu_reference_with_policy(lume::VerifiedProgram const&, std::span<lume::Buffer const, 18446744073709551615ul>, lume::detail::ExecutionPolicy const&, lume::detail::ExecutionStats*, std::vector<unsigned int, std::allocator<unsigned int> >*)+0x2af3>
    7553:	xor    esi,esi
    7555:	jmp    74fd <lume::detail::execute_cpu_reference_with_policy(lume::VerifiedProgram const&, std::span<lume::Buffer const, 18446744073709551615ul>, lume::detail::ExecutionPolicy const&, lume::detail::ExecutionStats*, std::vector<unsigned int, std::allocator<unsigned int> >*)+0x2a9d>
    7557:	mov    rax,QWORD PTR [rsp+0x318]
    755f:	sub    rax,QWORD PTR fs:0x28
    7568:	jne    7603 <lume::detail::execute_cpu_reference_with_policy(lume::VerifiedProgram const&, std::span<lume::Buffer const, 18446744073709551615ul>, lume::detail::ExecutionPolicy const&, lume::detail::ExecutionStats*, std::vector<unsigned int, std::allocator<unsigned int> >*)+0x2ba3>
    756e:	call   7573 <lume::detail::execute_cpu_reference_with_policy(lume::VerifiedProgram const&, std::span<lume::Buffer const, 18446744073709551615ul>, lume::detail::ExecutionPolicy const&, lume::detail::ExecutionStats*, std::vector<unsigned int, std::allocator<unsigned int> >*)+0x2b13>
    7573:	mov    rax,QWORD PTR [rsp+0x318]
    757b:	sub    rax,QWORD PTR fs:0x28
    7584:	jne    7603 <lume::detail::execute_cpu_reference_with_policy(lume::VerifiedProgram const&, std::span<lume::Buffer const, 18446744073709551615ul>, lume::detail::ExecutionPolicy const&, lume::detail::ExecutionStats*, std::vector<unsigned int, std::allocator<unsigned int> >*)+0x2ba3>
    7586:	lea    rdi,[rip+0x0]        # 758d <lume::detail::execute_cpu_reference_with_policy(lume::VerifiedProgram const&, std::span<lume::Buffer const, 18446744073709551615ul>, lume::detail::ExecutionPolicy const&, lume::detail::ExecutionStats*, std::vector<unsigned int, std::allocator<unsigned int> >*)+0x2b2d>
    758d:	call   7592 <lume::detail::execute_cpu_reference_with_policy(lume::VerifiedProgram const&, std::span<lume::Buffer const, 18446744073709551615ul>, lume::detail::ExecutionPolicy const&, lume::detail::ExecutionStats*, std::vector<unsigned int, std::allocator<unsigned int> >*)+0x2b32>
    7592:	mov    rdx,QWORD PTR [rbx+0x38]
    7596:	mov    rsi,QWORD PTR [rbx+0x30]
    759a:	jmp    5b42 <lume::detail::execute_cpu_reference_with_policy(lume::VerifiedProgram const&, std::span<lume::Buffer const, 18446744073709551615ul>, lume::detail::ExecutionPolicy const&, lume::detail::ExecutionStats*, std::vector<unsigned int, std::allocator<unsigned int> >*)+0x10e2>
    759f:	mov    rax,QWORD PTR [rsp+0x318]
    75a7:	sub    rax,QWORD PTR fs:0x28
    75b0:	jne    7603 <lume::detail::execute_cpu_reference_with_policy(lume::VerifiedProgram const&, std::span<lume::Buffer const, 18446744073709551615ul>, lume::detail::ExecutionPolicy const&, lume::detail::ExecutionStats*, std::vector<unsigned int, std::allocator<unsigned int> >*)+0x2ba3>
    75b2:	lea    rdi,[rip+0x0]        # 75b9 <lume::detail::execute_cpu_reference_with_policy(lume::VerifiedProgram const&, std::span<lume::Buffer const, 18446744073709551615ul>, lume::detail::ExecutionPolicy const&, lume::detail::ExecutionStats*, std::vector<unsigned int, std::allocator<unsigned int> >*)+0x2b59>
    75b9:	call   75be <lume::detail::execute_cpu_reference_with_policy(lume::VerifiedProgram const&, std::span<lume::Buffer const, 18446744073709551615ul>, lume::detail::ExecutionPolicy const&, lume::detail::ExecutionStats*, std::vector<unsigned int, std::allocator<unsigned int> >*)+0x2b5e>
    75be:	mov    rax,QWORD PTR [rsp+0x318]
    75c6:	sub    rax,QWORD PTR fs:0x28
    75cf:	jne    7603 <lume::detail::execute_cpu_reference_with_policy(lume::VerifiedProgram const&, std::span<lume::Buffer const, 18446744073709551615ul>, lume::detail::ExecutionPolicy const&, lume::detail::ExecutionStats*, std::vector<unsigned int, std::allocator<unsigned int> >*)+0x2ba3>
    75d1:	lea    rdi,[rip+0x0]        # 75d8 <lume::detail::execute_cpu_reference_with_policy(lume::VerifiedProgram const&, std::span<lume::Buffer const, 18446744073709551615ul>, lume::detail::ExecutionPolicy const&, lume::detail::ExecutionStats*, std::vector<unsigned int, std::allocator<unsigned int> >*)+0x2b78>
    75d8:	call   75dd <lume::detail::execute_cpu_reference_with_policy(lume::VerifiedProgram const&, std::span<lume::Buffer const, 18446744073709551615ul>, lume::detail::ExecutionPolicy const&, lume::detail::ExecutionStats*, std::vector<unsigned int, std::allocator<unsigned int> >*)+0x2b7d>
    75dd:	xor    edx,edx
    75df:	jmp    70ca <lume::detail::execute_cpu_reference_with_policy(lume::VerifiedProgram const&, std::span<lume::Buffer const, 18446744073709551615ul>, lume::detail::ExecutionPolicy const&, lume::detail::ExecutionStats*, std::vector<unsigned int, std::allocator<unsigned int> >*)+0x266a>
    75e4:	mov    rax,QWORD PTR [rsp+0x318]
    75ec:	sub    rax,QWORD PTR fs:0x28
    75f5:	jne    7603 <lume::detail::execute_cpu_reference_with_policy(lume::VerifiedProgram const&, std::span<lume::Buffer const, 18446744073709551615ul>, lume::detail::ExecutionPolicy const&, lume::detail::ExecutionStats*, std::vector<unsigned int, std::allocator<unsigned int> >*)+0x2ba3>
    75f7:	lea    rdi,[rip+0x0]        # 75fe <lume::detail::execute_cpu_reference_with_policy(lume::VerifiedProgram const&, std::span<lume::Buffer const, 18446744073709551615ul>, lume::detail::ExecutionPolicy const&, lume::detail::ExecutionStats*, std::vector<unsigned int, std::allocator<unsigned int> >*)+0x2b9e>
    75fe:	call   7603 <lume::detail::execute_cpu_reference_with_policy(lume::VerifiedProgram const&, std::span<lume::Buffer const, 18446744073709551615ul>, lume::detail::ExecutionPolicy const&, lume::detail::ExecutionStats*, std::vector<unsigned int, std::allocator<unsigned int> >*)+0x2ba3>
    7603:	call   7608 <lume::detail::execute_cpu_reference_with_policy(lume::VerifiedProgram const&, std::span<lume::Buffer const, 18446744073709551615ul>, lume::detail::ExecutionPolicy const&, lume::detail::ExecutionStats*, std::vector<unsigned int, std::allocator<unsigned int> >*)+0x2ba8>
    7608:	mov    rax,QWORD PTR [rsp+0x318]
    7610:	sub    rax,QWORD PTR fs:0x28
    7619:	jne    7603 <lume::detail::execute_cpu_reference_with_policy(lume::VerifiedProgram const&, std::span<lume::Buffer const, 18446744073709551615ul>, lume::detail::ExecutionPolicy const&, lume::detail::ExecutionStats*, std::vector<unsigned int, std::allocator<unsigned int> >*)+0x2ba3>
    761b:	lea    rdi,[rip+0x0]        # 7622 <lume::detail::execute_cpu_reference_with_policy(lume::VerifiedProgram const&, std::span<lume::Buffer const, 18446744073709551615ul>, lume::detail::ExecutionPolicy const&, lume::detail::ExecutionStats*, std::vector<unsigned int, std::allocator<unsigned int> >*)+0x2bc2>
    7622:	call   7627 <lume::detail::execute_cpu_reference_with_policy(lume::VerifiedProgram const&, std::span<lume::Buffer const, 18446744073709551615ul>, lume::detail::ExecutionPolicy const&, lume::detail::ExecutionStats*, std::vector<unsigned int, std::allocator<unsigned int> >*)+0x2bc7>
    7627:	mov    rax,QWORD PTR [rsp+0x318]
    762f:	sub    rax,QWORD PTR fs:0x28
    7638:	jne    7603 <lume::detail::execute_cpu_reference_with_policy(lume::VerifiedProgram const&, std::span<lume::Buffer const, 18446744073709551615ul>, lume::detail::ExecutionPolicy const&, lume::detail::ExecutionStats*, std::vector<unsigned int, std::allocator<unsigned int> >*)+0x2ba3>
    763a:	lea    rdi,[rip+0x0]        # 7641 <lume::detail::execute_cpu_reference_with_policy(lume::VerifiedProgram const&, std::span<lume::Buffer const, 18446744073709551615ul>, lume::detail::ExecutionPolicy const&, lume::detail::ExecutionStats*, std::vector<unsigned int, std::allocator<unsigned int> >*)+0x2be1>
    7641:	call   7646 <lume::detail::execute_cpu_reference_with_policy(lume::VerifiedProgram const&, std::span<lume::Buffer const, 18446744073709551615ul>, lume::detail::ExecutionPolicy const&, lume::detail::ExecutionStats*, std::vector<unsigned int, std::allocator<unsigned int> >*)+0x2be6>
    7646:	mov    rax,QWORD PTR [rsp+0x318]
    764e:	sub    rax,QWORD PTR fs:0x28
    7657:	jne    7603 <lume::detail::execute_cpu_reference_with_policy(lume::VerifiedProgram const&, std::span<lume::Buffer const, 18446744073709551615ul>, lume::detail::ExecutionPolicy const&, lume::detail::ExecutionStats*, std::vector<unsigned int, std::allocator<unsigned int> >*)+0x2ba3>
    7659:	lea    rdi,[rip+0x0]        # 7660 <lume::detail::execute_cpu_reference_with_policy(lume::VerifiedProgram const&, std::span<lume::Buffer const, 18446744073709551615ul>, lume::detail::ExecutionPolicy const&, lume::detail::ExecutionStats*, std::vector<unsigned int, std::allocator<unsigned int> >*)+0x2c00>
    7660:	call   7665 <lume::detail::execute_cpu_reference_with_policy(lume::VerifiedProgram const&, std::span<lume::Buffer const, 18446744073709551615ul>, lume::detail::ExecutionPolicy const&, lume::detail::ExecutionStats*, std::vector<unsigned int, std::allocator<unsigned int> >*)+0x2c05>
    7665:	mov    rax,QWORD PTR [rsp+0x318]
    766d:	sub    rax,QWORD PTR fs:0x28
    7676:	jne    7603 <lume::detail::execute_cpu_reference_with_policy(lume::VerifiedProgram const&, std::span<lume::Buffer const, 18446744073709551615ul>, lume::detail::ExecutionPolicy const&, lume::detail::ExecutionStats*, std::vector<unsigned int, std::allocator<unsigned int> >*)+0x2ba3>
    7678:	lea    rdi,[rip+0x0]        # 767f <lume::detail::execute_cpu_reference_with_policy(lume::VerifiedProgram const&, std::span<lume::Buffer const, 18446744073709551615ul>, lume::detail::ExecutionPolicy const&, lume::detail::ExecutionStats*, std::vector<unsigned int, std::allocator<unsigned int> >*)+0x2c1f>
    767f:	call   7684 <lume::detail::execute_cpu_reference_with_policy(lume::VerifiedProgram const&, std::span<lume::Buffer const, 18446744073709551615ul>, lume::detail::ExecutionPolicy const&, lume::detail::ExecutionStats*, std::vector<unsigned int, std::allocator<unsigned int> >*)+0x2c24>
    7684:	xor    esi,esi
    7686:	jmp    6d5a <lume::detail::execute_cpu_reference_with_policy(lume::VerifiedProgram const&, std::span<lume::Buffer const, 18446744073709551615ul>, lume::detail::ExecutionPolicy const&, lume::detail::ExecutionStats*, std::vector<unsigned int, std::allocator<unsigned int> >*)+0x22fa>
    768b:	test   rax,rax
    768e:	je     679e <lume::detail::execute_cpu_reference_with_policy(lume::VerifiedProgram const&, std::span<lume::Buffer const, 18446744073709551615ul>, lume::detail::ExecutionPolicy const&, lume::detail::ExecutionStats*, std::vector<unsigned int, std::allocator<unsigned int> >*)+0x1d3e>
    7694:	lea    rsi,[rax-0x1]
    7698:	cmp    rsi,0x2
    769c:	jbe    797d <lume::detail::execute_cpu_reference_with_policy(lume::VerifiedProgram const&, std::span<lume::Buffer const, 18446744073709551615ul>, lume::detail::ExecutionPolicy const&, lume::detail::ExecutionStats*, std::vector<unsigned int, std::allocator<unsigned int> >*)+0x2f1d>
    76a2:	shr    rax,0x2
    76a6:	shl    rax,0x4
    76aa:	mov    rsi,rax
    76ad:	xor    eax,eax
    76af:	movdqu xmm0,XMMWORD PTR [rcx+rax*1]
    76b4:	pslld  xmm0,0x1
    76b9:	movups XMMWORD PTR [rcx+rax*1],xmm0
    76bd:	add    rax,0x10
    76c1:	cmp    rax,rsi
    76c4:	jne    76af <lume::detail::execute_cpu_reference_with_policy(lume::VerifiedProgram const&, std::span<lume::Buffer const, 18446744073709551615ul>, lume::detail::ExecutionPolicy const&, lume::detail::ExecutionStats*, std::vector<unsigned int, std::allocator<unsigned int> >*)+0x2c4f>
    76c6:	mov    rsi,rdx
    76c9:	and    rsi,0xfffffffffffffffc
    76cd:	test   dl,0x3
    76d0:	je     679e <lume::detail::execute_cpu_reference_with_policy(lume::VerifiedProgram const&, std::span<lume::Buffer const, 18446744073709551615ul>, lume::detail::ExecutionPolicy const&, lume::detail::ExecutionStats*, std::vector<unsigned int, std::allocator<unsigned int> >*)+0x1d3e>
    76d6:	mov    rax,rdx
    76d9:	sub    rax,rsi
    76dc:	cmp    rax,0x1
    76e0:	je     7702 <lume::detail::execute_cpu_reference_with_policy(lume::VerifiedProgram const&, std::span<lume::Buffer const, 18446744073709551615ul>, lume::detail::ExecutionPolicy const&, lume::detail::ExecutionStats*, std::vector<unsigned int, std::allocator<unsigned int> >*)+0x2ca2>
    76e2:	lea    rdx,[rcx+rsi*4]
    76e6:	movq   xmm0,QWORD PTR [rdx]
    76ea:	pslld  xmm0,0x1
    76ef:	movq   QWORD PTR [rdx],xmm0
    76f3:	test   al,0x1
    76f5:	je     679e <lume::detail::execute_cpu_reference_with_policy(lume::VerifiedProgram const&, std::span<lume::Buffer const, 18446744073709551615ul>, lume::detail::ExecutionPolicy const&, lume::detail::ExecutionStats*, std::vector<unsigned int, std::allocator<unsigned int> >*)+0x1d3e>
    76fb:	and    rax,0xfffffffffffffffe
    76ff:	add    rsi,rax
    7702:	shl    DWORD PTR [rcx+rsi*4],1
    7705:	jmp    679e <lume::detail::execute_cpu_reference_with_policy(lume::VerifiedProgram const&, std::span<lume::Buffer const, 18446744073709551615ul>, lume::detail::ExecutionPolicy const&, lume::detail::ExecutionStats*, std::vector<unsigned int, std::allocator<unsigned int> >*)+0x1d3e>
    770a:	lea    rsi,[rdx-0x1]
    770e:	cmp    rsi,0x2
    7712:	jbe    7790 <lume::detail::execute_cpu_reference_with_policy(lume::VerifiedProgram const&, std::span<lume::Buffer const, 18446744073709551615ul>, lume::detail::ExecutionPolicy const&, lume::detail::ExecutionStats*, std::vector<unsigned int, std::allocator<unsigned int> >*)+0x2d30>
    7714:	shr    rdx,0x2
    7718:	mov    rsi,rdx
    771b:	xor    edx,edx
    771d:	shl    rsi,0x4
    7721:	movups xmm0,XMMWORD PTR [rcx+rdx*1]
    7725:	movups xmm6,XMMWORD PTR [rdi+rdx*1]
    7729:	addps  xmm0,xmm6
    772c:	movups XMMWORD PTR [rcx+rdx*1],xmm0
    7730:	add    rdx,0x10
    7734:	cmp    rdx,rsi
    7737:	jne    7721 <lume::detail::execute_cpu_reference_with_policy(lume::VerifiedProgram const&, std::span<lume::Buffer const, 18446744073709551615ul>, lume::detail::ExecutionPolicy const&, lume::detail::ExecutionStats*, std::vector<unsigned int, std::allocator<unsigned int> >*)+0x2cc1>
    7739:	test   al,0x3
    773b:	je     679e <lume::detail::execute_cpu_reference_with_policy(lume::VerifiedProgram const&, std::span<lume::Buffer const, 18446744073709551615ul>, lume::detail::ExecutionPolicy const&, lume::detail::ExecutionStats*, std::vector<unsigned int, std::allocator<unsigned int> >*)+0x1d3e>
    7741:	mov    rdx,rax
    7744:	and    rdx,0xfffffffffffffffc
    7748:	sub    rax,rdx
    774b:	cmp    rax,0x1
    774f:	je     7773 <lume::detail::execute_cpu_reference_with_policy(lume::VerifiedProgram const&, std::span<lume::Buffer const, 18446744073709551615ul>, lume::detail::ExecutionPolicy const&, lume::detail::ExecutionStats*, std::vector<unsigned int, std::allocator<unsigned int> >*)+0x2d13>
    7751:	lea    rsi,[rcx+rdx*4]
    7755:	movq   xmm0,QWORD PTR [rdi+rdx*4]
    775a:	movq   xmm1,QWORD PTR [rsi]
    775e:	addps  xmm0,xmm1
    7761:	movlps QWORD PTR [rsi],xmm0
    7764:	test   al,0x1
    7766:	je     679e <lume::detail::execute_cpu_reference_with_policy(lume::VerifiedProgram const&, std::span<lume::Buffer const, 18446744073709551615ul>, lume::detail::ExecutionPolicy const&, lume::detail::ExecutionStats*, std::vector<unsigned int, std::allocator<unsigned int> >*)+0x1d3e>
    776c:	and    rax,0xfffffffffffffffe
    7770:	add    rdx,rax
    7773:	lea    rax,[rcx+rdx*4]
    7777:	movss  xmm0,DWORD PTR [rax]
    777b:	addss  xmm0,DWORD PTR [rdi+rdx*4]
    7780:	movss  DWORD PTR [rax],xmm0
    7784:	jmp    679e <lume::detail::execute_cpu_reference_with_policy(lume::VerifiedProgram const&, std::span<lume::Buffer const, 18446744073709551615ul>, lume::detail::ExecutionPolicy const&, lume::detail::ExecutionStats*, std::vector<unsigned int, std::allocator<unsigned int> >*)+0x1d3e>
    7789:	xor    esi,esi
    778b:	jmp    6786 <lume::detail::execute_cpu_reference_with_policy(lume::VerifiedProgram const&, std::span<lume::Buffer const, 18446744073709551615ul>, lume::detail::ExecutionPolicy const&, lume::detail::ExecutionStats*, std::vector<unsigned int, std::allocator<unsigned int> >*)+0x1d26>
    7790:	xor    edx,edx
    7792:	jmp    7751 <lume::detail::execute_cpu_reference_with_policy(lume::VerifiedProgram const&, std::span<lume::Buffer const, 18446744073709551615ul>, lume::detail::ExecutionPolicy const&, lume::detail::ExecutionStats*, std::vector<unsigned int, std::allocator<unsigned int> >*)+0x2cf1>
    7794:	cmp    al,0x3
    7796:	jne    561b <lume::detail::execute_cpu_reference_with_policy(lume::VerifiedProgram const&, std::span<lume::Buffer const, 18446744073709551615ul>, lume::detail::ExecutionPolicy const&, lume::detail::ExecutionStats*, std::vector<unsigned int, std::allocator<unsigned int> >*)+0xbbb>
    779c:	mov    rax,QWORD PTR [rdi]
    779f:	mov    r12,QWORD PTR [rdi+0x8]
    77a3:	mov    QWORD PTR [rsp+0x180],rax
    77ab:	jmp    6e23 <lume::detail::execute_cpu_reference_with_policy(lume::VerifiedProgram const&, std::span<lume::Buffer const, 18446744073709551615ul>, lume::detail::ExecutionPolicy const&, lume::detail::ExecutionStats*, std::vector<unsigned int, std::allocator<unsigned int> >*)+0x23c3>
    77b0:	mov    rdx,QWORD PTR [rbx+0x38]
    77b4:	mov    rsi,QWORD PTR [rbx+0x30]
    77b8:	jmp    5b7b <lume::detail::execute_cpu_reference_with_policy(lume::VerifiedProgram const&, std::span<lume::Buffer const, 18446744073709551615ul>, lume::detail::ExecutionPolicy const&, lume::detail::ExecutionStats*, std::vector<unsigned int, std::allocator<unsigned int> >*)+0x111b>
    77bd:	mov    rax,QWORD PTR [rsp+0x318]
    77c5:	sub    rax,QWORD PTR fs:0x28
    77ce:	jne    7603 <lume::detail::execute_cpu_reference_with_policy(lume::VerifiedProgram const&, std::span<lume::Buffer const, 18446744073709551615ul>, lume::detail::ExecutionPolicy const&, lume::detail::ExecutionStats*, std::vector<unsigned int, std::allocator<unsigned int> >*)+0x2ba3>
    77d4:	lea    rdi,[rip+0x0]        # 77db <lume::detail::execute_cpu_reference_with_policy(lume::VerifiedProgram const&, std::span<lume::Buffer const, 18446744073709551615ul>, lume::detail::ExecutionPolicy const&, lume::detail::ExecutionStats*, std::vector<unsigned int, std::allocator<unsigned int> >*)+0x2d7b>
    77db:	call   77e0 <lume::detail::execute_cpu_reference_with_policy(lume::VerifiedProgram const&, std::span<lume::Buffer const, 18446744073709551615ul>, lume::detail::ExecutionPolicy const&, lume::detail::ExecutionStats*, std::vector<unsigned int, std::allocator<unsigned int> >*)+0x2d80>
    77e0:	movabs rax,0x3ffffffffffffff
    77ea:	cmp    rdx,rax
    77ed:	cmovbe rax,rdx
    77f1:	shl    rax,0x5
    77f5:	mov    QWORD PTR [rsp+0xb0],rax
    77fd:	mov    rdi,rax
    7800:	jmp    6be1 <lume::detail::execute_cpu_reference_with_policy(lume::VerifiedProgram const&, std::span<lume::Buffer const, 18446744073709551615ul>, lume::detail::ExecutionPolicy const&, lume::detail::ExecutionStats*, std::vector<unsigned int, std::allocator<unsigned int> >*)+0x2181>
    7805:	test   rdx,rdx
    7808:	je     679e <lume::detail::execute_cpu_reference_with_policy(lume::VerifiedProgram const&, std::span<lume::Buffer const, 18446744073709551615ul>, lume::detail::ExecutionPolicy const&, lume::detail::ExecutionStats*, std::vector<unsigned int, std::allocator<unsigned int> >*)+0x1d3e>
    780e:	lea    rsi,[rdx-0x1]
    7812:	cmp    rsi,0x2
    7816:	jbe    78c5 <lume::detail::execute_cpu_reference_with_policy(lume::VerifiedProgram const&, std::span<lume::Buffer const, 18446744073709551615ul>, lume::detail::ExecutionPolicy const&, lume::detail::ExecutionStats*, std::vector<unsigned int, std::allocator<unsigned int> >*)+0x2e65>
    781c:	shr    rdx,0x2
    7820:	mov    rsi,rcx
    7823:	shl    rdx,0x4
    7827:	add    rdx,rcx
    782a:	movups xmm0,XMMWORD PTR [rsi]
    782d:	add    rsi,0x10
    7831:	addps  xmm0,xmm0
    7834:	movups XMMWORD PTR [rsi-0x10],xmm0
    7838:	cmp    rdx,rsi
    783b:	jne    782a <lume::detail::execute_cpu_reference_with_policy(lume::VerifiedProgram const&, std::span<lume::Buffer const, 18446744073709551615ul>, lume::detail::ExecutionPolicy const&, lume::detail::ExecutionStats*, std::vector<unsigned int, std::allocator<unsigned int> >*)+0x2dca>
    783d:	mov    rdx,rax
    7840:	and    rdx,0xfffffffffffffffc
    7844:	test   al,0x3
    7846:	je     679e <lume::detail::execute_cpu_reference_with_policy(lume::VerifiedProgram const&, std::span<lume::Buffer const, 18446744073709551615ul>, lume::detail::ExecutionPolicy const&, lume::detail::ExecutionStats*, std::vector<unsigned int, std::allocator<unsigned int> >*)+0x1d3e>
    784c:	sub    rax,rdx
    784f:	cmp    rax,0x1
    7853:	je     7872 <lume::detail::execute_cpu_reference_with_policy(lume::VerifiedProgram const&, std::span<lume::Buffer const, 18446744073709551615ul>, lume::detail::ExecutionPolicy const&, lume::detail::ExecutionStats*, std::vector<unsigned int, std::allocator<unsigned int> >*)+0x2e12>
    7855:	lea    rsi,[rcx+rdx*4]
    7859:	movq   xmm0,QWORD PTR [rsi]
    785d:	addps  xmm0,xmm0
    7860:	movlps QWORD PTR [rsi],xmm0
    7863:	test   al,0x1
    7865:	je     679e <lume::detail::execute_cpu_reference_with_policy(lume::VerifiedProgram const&, std::span<lume::Buffer const, 18446744073709551615ul>, lume::detail::ExecutionPolicy const&, lume::detail::ExecutionStats*, std::vector<unsigned int, std::allocator<unsigned int> >*)+0x1d3e>
    786b:	and    rax,0xfffffffffffffffe
    786f:	add    rdx,rax
    7872:	lea    rax,[rcx+rdx*4]
    7876:	movss  xmm0,DWORD PTR [rax]
    787a:	addss  xmm0,xmm0
    787e:	movss  DWORD PTR [rax],xmm0
    7882:	jmp    679e <lume::detail::execute_cpu_reference_with_policy(lume::VerifiedProgram const&, std::span<lume::Buffer const, 18446744073709551615ul>, lume::detail::ExecutionPolicy const&, lume::detail::ExecutionStats*, std::vector<unsigned int, std::allocator<unsigned int> >*)+0x1d3e>
    7887:	test   rdx,rdx
    788a:	je     679e <lume::detail::execute_cpu_reference_with_policy(lume::VerifiedProgram const&, std::span<lume::Buffer const, 18446744073709551615ul>, lume::detail::ExecutionPolicy const&, lume::detail::ExecutionStats*, std::vector<unsigned int, std::allocator<unsigned int> >*)+0x1d3e>
    7890:	cmp    rdx,0x1
    7894:	je     7901 <lume::detail::execute_cpu_reference_with_policy(lume::VerifiedProgram const&, std::span<lume::Buffer const, 18446744073709551615ul>, lume::detail::ExecutionPolicy const&, lume::detail::ExecutionStats*, std::vector<unsigned int, std::allocator<unsigned int> >*)+0x2ea1>
    7896:	lea    rsi,[rdi+0x4]
    789a:	mov    r8,rcx
    789d:	sub    r8,rsi
    78a0:	xor    esi,esi
    78a2:	cmp    r8,0x8
    78a6:	ja     78c9 <lume::detail::execute_cpu_reference_with_policy(lume::VerifiedProgram const&, std::span<lume::Buffer const, 18446744073709551615ul>, lume::detail::ExecutionPolicy const&, lume::detail::ExecutionStats*, std::vector<unsigned int, std::allocator<unsigned int> >*)+0x2e69>
    78a8:	movss  xmm0,DWORD PTR [rcx+rsi*4]
    78ad:	addss  xmm0,DWORD PTR [rdi+rsi*4]
    78b2:	movss  DWORD PTR [rcx+rsi*4],xmm0
    78b7:	add    rsi,0x1
    78bb:	cmp    rax,rsi
    78be:	jne    78a8 <lume::detail::execute_cpu_reference_with_policy(lume::VerifiedProgram const&, std::span<lume::Buffer const, 18446744073709551615ul>, lume::detail::ExecutionPolicy const&, lume::detail::ExecutionStats*, std::vector<unsigned int, std::allocator<unsigned int> >*)+0x2e48>
    78c0:	jmp    679e <lume::detail::execute_cpu_reference_with_policy(lume::VerifiedProgram const&, std::span<lume::Buffer const, 18446744073709551615ul>, lume::detail::ExecutionPolicy const&, lume::detail::ExecutionStats*, std::vector<unsigned int, std::allocator<unsigned int> >*)+0x1d3e>
    78c5:	xor    edx,edx
    78c7:	jmp    784c <lume::detail::execute_cpu_reference_with_policy(lume::VerifiedProgram const&, std::span<lume::Buffer const, 18446744073709551615ul>, lume::detail::ExecutionPolicy const&, lume::detail::ExecutionStats*, std::vector<unsigned int, std::allocator<unsigned int> >*)+0x2dec>
    78c9:	lea    rsi,[rdx-0x1]
    78cd:	cmp    rsi,0x2
    78d1:	jbe    7790 <lume::detail::execute_cpu_reference_with_policy(lume::VerifiedProgram const&, std::span<lume::Buffer const, 18446744073709551615ul>, lume::detail::ExecutionPolicy const&, lume::detail::ExecutionStats*, std::vector<unsigned int, std::allocator<unsigned int> >*)+0x2d30>
    78d7:	shr    rdx,0x2
    78db:	mov    rsi,rdx
    78de:	xor    edx,edx
    78e0:	shl    rsi,0x4
    78e4:	movups xmm0,XMMWORD PTR [rdi+rdx*1]
    78e8:	movups xmm7,XMMWORD PTR [rcx+rdx*1]
    78ec:	addps  xmm0,xmm7
    78ef:	movups XMMWORD PTR [rcx+rdx*1],xmm0
    78f3:	add    rdx,0x10
    78f7:	cmp    rsi,rdx
    78fa:	jne    78e4 <lume::detail::execute_cpu_reference_with_policy(lume::VerifiedProgram const&, std::span<lume::Buffer const, 18446744073709551615ul>, lume::detail::ExecutionPolicy const&, lume::detail::ExecutionStats*, std::vector<unsigned int, std::allocator<unsigned int> >*)+0x2e84>
    78fc:	jmp    7739 <lume::detail::execute_cpu_reference_with_policy(lume::VerifiedProgram const&, std::span<lume::Buffer const, 18446744073709551615ul>, lume::detail::ExecutionPolicy const&, lume::detail::ExecutionStats*, std::vector<unsigned int, std::allocator<unsigned int> >*)+0x2cd9>
    7901:	xor    esi,esi
    7903:	jmp    78a8 <lume::detail::execute_cpu_reference_with_policy(lume::VerifiedProgram const&, std::span<lume::Buffer const, 18446744073709551615ul>, lume::detail::ExecutionPolicy const&, lume::detail::ExecutionStats*, std::vector<unsigned int, std::allocator<unsigned int> >*)+0x2e48>
    7905:	mov    rax,QWORD PTR [rsp+0x318]
    790d:	sub    rax,QWORD PTR fs:0x28
    7916:	jne    7603 <lume::detail::execute_cpu_reference_with_policy(lume::VerifiedProgram const&, std::span<lume::Buffer const, 18446744073709551615ul>, lume::detail::ExecutionPolicy const&, lume::detail::ExecutionStats*, std::vector<unsigned int, std::allocator<unsigned int> >*)+0x2ba3>
    791c:	lea    rdi,[rip+0x0]        # 7923 <lume::detail::execute_cpu_reference_with_policy(lume::VerifiedProgram const&, std::span<lume::Buffer const, 18446744073709551615ul>, lume::detail::ExecutionPolicy const&, lume::detail::ExecutionStats*, std::vector<unsigned int, std::allocator<unsigned int> >*)+0x2ec3>
    7923:	call   7928 <lume::detail::execute_cpu_reference_with_policy(lume::VerifiedProgram const&, std::span<lume::Buffer const, 18446744073709551615ul>, lume::detail::ExecutionPolicy const&, lume::detail::ExecutionStats*, std::vector<unsigned int, std::allocator<unsigned int> >*)+0x2ec8>
    7928:	test   rax,rax
    792b:	je     679e <lume::detail::execute_cpu_reference_with_policy(lume::VerifiedProgram const&, std::span<lume::Buffer const, 18446744073709551615ul>, lume::detail::ExecutionPolicy const&, lume::detail::ExecutionStats*, std::vector<unsigned int, std::allocator<unsigned int> >*)+0x1d3e>
    7931:	cmp    rax,0x1
    7935:	je     79bf <lume::detail::execute_cpu_reference_with_policy(lume::VerifiedProgram const&, std::span<lume::Buffer const, 18446744073709551615ul>, lume::detail::ExecutionPolicy const&, lume::detail::ExecutionStats*, std::vector<unsigned int, std::allocator<unsigned int> >*)+0x2f5f>
    793b:	lea    rsi,[rdi+0x4]
    793f:	mov    r8,rcx
    7942:	sub    r8,rsi
    7945:	xor    esi,esi
    7947:	cmp    r8,0x8
    794b:	ja     7984 <lume::detail::execute_cpu_reference_with_policy(lume::VerifiedProgram const&, std::span<lume::Buffer const, 18446744073709551615ul>, lume::detail::ExecutionPolicy const&, lume::detail::ExecutionStats*, std::vector<unsigned int, std::allocator<unsigned int> >*)+0x2f24>
    794d:	mov    eax,DWORD PTR [rdi+rsi*4]
    7950:	add    DWORD PTR [rcx+rsi*4],eax
    7953:	add    rsi,0x1
    7957:	cmp    rsi,rdx
    795a:	jne    794d <lume::detail::execute_cpu_reference_with_policy(lume::VerifiedProgram const&, std::span<lume::Buffer const, 18446744073709551615ul>, lume::detail::ExecutionPolicy const&, lume::detail::ExecutionStats*, std::vector<unsigned int, std::allocator<unsigned int> >*)+0x2eed>
    795c:	jmp    679e <lume::detail::execute_cpu_reference_with_policy(lume::VerifiedProgram const&, std::span<lume::Buffer const, 18446744073709551615ul>, lume::detail::ExecutionPolicy const&, lume::detail::ExecutionStats*, std::vector<unsigned int, std::allocator<unsigned int> >*)+0x1d3e>
    7961:	mov    rax,QWORD PTR [rsp+0x318]
    7969:	sub    rax,QWORD PTR fs:0x28
    7972:	jne    7603 <lume::detail::execute_cpu_reference_with_policy(lume::VerifiedProgram const&, std::span<lume::Buffer const, 18446744073709551615ul>, lume::detail::ExecutionPolicy const&, lume::detail::ExecutionStats*, std::vector<unsigned int, std::allocator<unsigned int> >*)+0x2ba3>
    7978:	call   797d <lume::detail::execute_cpu_reference_with_policy(lume::VerifiedProgram const&, std::span<lume::Buffer const, 18446744073709551615ul>, lume::detail::ExecutionPolicy const&, lume::detail::ExecutionStats*, std::vector<unsigned int, std::allocator<unsigned int> >*)+0x2f1d>
    797d:	xor    esi,esi
    797f:	jmp    76d6 <lume::detail::execute_cpu_reference_with_policy(lume::VerifiedProgram const&, std::span<lume::Buffer const, 18446744073709551615ul>, lume::detail::ExecutionPolicy const&, lume::detail::ExecutionStats*, std::vector<unsigned int, std::allocator<unsigned int> >*)+0x2c76>
    7984:	lea    rsi,[rax-0x1]
    7988:	cmp    rsi,0x2
    798c:	jbe    7553 <lume::detail::execute_cpu_reference_with_policy(lume::VerifiedProgram const&, std::span<lume::Buffer const, 18446744073709551615ul>, lume::detail::ExecutionPolicy const&, lume::detail::ExecutionStats*, std::vector<unsigned int, std::allocator<unsigned int> >*)+0x2af3>
    7992:	shr    rax,0x2
    7996:	shl    rax,0x4
    799a:	mov    rsi,rax
    799d:	xor    eax,eax
    799f:	movdqu xmm0,XMMWORD PTR [rcx+rax*1]
    79a4:	movdqu xmm2,XMMWORD PTR [rdi+rax*1]
    79a9:	paddd  xmm0,xmm2
    79ad:	movups XMMWORD PTR [rcx+rax*1],xmm0
    79b1:	add    rax,0x10
    79b5:	cmp    rax,rsi
    79b8:	jne    799f <lume::detail::execute_cpu_reference_with_policy(lume::VerifiedProgram const&, std::span<lume::Buffer const, 18446744073709551615ul>, lume::detail::ExecutionPolicy const&, lume::detail::ExecutionStats*, std::vector<unsigned int, std::allocator<unsigned int> >*)+0x2f3f>
    79ba:	jmp    74e4 <lume::detail::execute_cpu_reference_with_policy(lume::VerifiedProgram const&, std::span<lume::Buffer const, 18446744073709551615ul>, lume::detail::ExecutionPolicy const&, lume::detail::ExecutionStats*, std::vector<unsigned int, std::allocator<unsigned int> >*)+0x2a84>
    79bf:	xor    esi,esi
    79c1:	jmp    794d <lume::detail::execute_cpu_reference_with_policy(lume::VerifiedProgram const&, std::span<lume::Buffer const, 18446744073709551615ul>, lume::detail::ExecutionPolicy const&, lume::detail::ExecutionStats*, std::vector<unsigned int, std::allocator<unsigned int> >*)+0x2eed>
    79c3:	endbr64
    79c7:	mov    rbx,rax
    79ca:	jmp    79cf <lume::detail::execute_cpu_reference_with_policy(lume::VerifiedProgram const&, std::span<lume::Buffer const, 18446744073709551615ul>, lume::detail::ExecutionPolicy const&, lume::detail::ExecutionStats*, std::vector<unsigned int, std::allocator<unsigned int> >*)+0x2f6f>
    79cf:	endbr64
    79d3:	mov    rbx,rax
    79d6:	jmp    79db <lume::detail::execute_cpu_reference_with_policy(lume::VerifiedProgram const&, std::span<lume::Buffer const, 18446744073709551615ul>, lume::detail::ExecutionPolicy const&, lume::detail::ExecutionStats*, std::vector<unsigned int, std::allocator<unsigned int> >*)+0x2f7b>
    79db:	endbr64
    79df:	mov    r12,rax
    79e2:	jmp    79e7 <lume::detail::execute_cpu_reference_with_policy(lume::VerifiedProgram const&, std::span<lume::Buffer const, 18446744073709551615ul>, lume::detail::ExecutionPolicy const&, lume::detail::ExecutionStats*, std::vector<unsigned int, std::allocator<unsigned int> >*)+0x2f87>
    79e7:	endbr64
    79eb:	mov    rbx,rax
    79ee:	jmp    79f3 <lume::detail::execute_cpu_reference_with_policy(lume::VerifiedProgram const&, std::span<lume::Buffer const, 18446744073709551615ul>, lume::detail::ExecutionPolicy const&, lume::detail::ExecutionStats*, std::vector<unsigned int, std::allocator<unsigned int> >*)+0x2f93>
    79f3:	endbr64
    79f7:	mov    r12,rax
    79fa:	jmp    79ff <lume::detail::execute_cpu_reference_with_policy(lume::VerifiedProgram const&, std::span<lume::Buffer const, 18446744073709551615ul>, lume::detail::ExecutionPolicy const&, lume::detail::ExecutionStats*, std::vector<unsigned int, std::allocator<unsigned int> >*)+0x2f9f>
    79ff:	endbr64
    7a03:	mov    r12,rax
    7a06:	jmp    7a0b <lume::detail::execute_cpu_reference_with_policy(lume::VerifiedProgram const&, std::span<lume::Buffer const, 18446744073709551615ul>, lume::detail::ExecutionPolicy const&, lume::detail::ExecutionStats*, std::vector<unsigned int, std::allocator<unsigned int> >*)+0x2fab>
    7a0b:	endbr64
    7a0f:	mov    rbx,rax
    7a12:	jmp    7a17 <lume::detail::execute_cpu_reference_with_policy(lume::VerifiedProgram const&, std::span<lume::Buffer const, 18446744073709551615ul>, lume::detail::ExecutionPolicy const&, lume::detail::ExecutionStats*, std::vector<unsigned int, std::allocator<unsigned int> >*)+0x2fb7>
    7a17:	endbr64
    7a1b:	mov    rbx,rax
    7a1e:	jmp    7a23 <lume::detail::execute_cpu_reference_with_policy(lume::VerifiedProgram const&, std::span<lume::Buffer const, 18446744073709551615ul>, lume::detail::ExecutionPolicy const&, lume::detail::ExecutionStats*, std::vector<unsigned int, std::allocator<unsigned int> >*)+0x2fc3>
    7a23:	endbr64
    7a27:	mov    rbx,rax
    7a2a:	jmp    7a2f <lume::detail::execute_cpu_reference_with_policy(lume::VerifiedProgram const&, std::span<lume::Buffer const, 18446744073709551615ul>, lume::detail::ExecutionPolicy const&, lume::detail::ExecutionStats*, std::vector<unsigned int, std::allocator<unsigned int> >*)+0x2fcf>
    7a2f:	endbr64
    7a33:	mov    rbx,rax
    7a36:	jmp    7a3b <lume::detail::execute_cpu_reference_with_policy(lume::VerifiedProgram const&, std::span<lume::Buffer const, 18446744073709551615ul>, lume::detail::ExecutionPolicy const&, lume::detail::ExecutionStats*, std::vector<unsigned int, std::allocator<unsigned int> >*)+0x2fdb>
    7a3b:	endbr64
    7a3f:	mov    r12,rax
    7a42:	jmp    7a47 <lume::detail::execute_cpu_reference_with_policy(lume::VerifiedProgram const&, std::span<lume::Buffer const, 18446744073709551615ul>, lume::detail::ExecutionPolicy const&, lume::detail::ExecutionStats*, std::vector<unsigned int, std::allocator<unsigned int> >*)+0x2fe7>
    7a47:	endbr64
    7a4b:	mov    r12,rax
    7a4e:	jmp    7a53 <lume::detail::execute_cpu_reference_with_policy(lume::VerifiedProgram const&, std::span<lume::Buffer const, 18446744073709551615ul>, lume::detail::ExecutionPolicy const&, lume::detail::ExecutionStats*, std::vector<unsigned int, std::allocator<unsigned int> >*)+0x2ff3>
    7a53:	endbr64
    7a57:	mov    r12,rax
    7a5a:	jmp    7a5f <lume::detail::execute_cpu_reference_with_policy(lume::VerifiedProgram const&, std::span<lume::Buffer const, 18446744073709551615ul>, lume::detail::ExecutionPolicy const&, lume::detail::ExecutionStats*, std::vector<unsigned int, std::allocator<unsigned int> >*)+0x2fff>
    7a5f:	endbr64
    7a63:	mov    r12,rax
    7a66:	jmp    7a6b <lume::detail::execute_cpu_reference_with_policy(lume::VerifiedProgram const&, std::span<lume::Buffer const, 18446744073709551615ul>, lume::detail::ExecutionPolicy const&, lume::detail::ExecutionStats*, std::vector<unsigned int, std::allocator<unsigned int> >*)+0x300b>
    7a6b:	endbr64
    7a6f:	mov    rbx,rax
    7a72:	jmp    7a77 <lume::detail::execute_cpu_reference_with_policy(lume::VerifiedProgram const&, std::span<lume::Buffer const, 18446744073709551615ul>, lume::detail::ExecutionPolicy const&, lume::detail::ExecutionStats*, std::vector<unsigned int, std::allocator<unsigned int> >*)+0x3017>
    7a77:	endbr64
    7a7b:	mov    rbx,rax
    7a7e:	jmp    7a83 <lume::detail::execute_cpu_reference_with_policy(lume::VerifiedProgram const&, std::span<lume::Buffer const, 18446744073709551615ul>, lume::detail::ExecutionPolicy const&, lume::detail::ExecutionStats*, std::vector<unsigned int, std::allocator<unsigned int> >*)+0x3023>
    7a83:	endbr64
    7a87:	mov    rbx,rax
    7a8a:	jmp    7a8f <lume::detail::execute_cpu_reference_with_policy(lume::VerifiedProgram const&, std::span<lume::Buffer const, 18446744073709551615ul>, lume::detail::ExecutionPolicy const&, lume::detail::ExecutionStats*, std::vector<unsigned int, std::allocator<unsigned int> >*)+0x302f>
    7a8f:	endbr64
    7a93:	mov    rbx,rax
    7a96:	jmp    7a9b <lume::detail::execute_cpu_reference_with_policy(lume::VerifiedProgram const&, std::span<lume::Buffer const, 18446744073709551615ul>, lume::detail::ExecutionPolicy const&, lume::detail::ExecutionStats*, std::vector<unsigned int, std::allocator<unsigned int> >*)+0x303b>
    7a9b:	endbr64
    7a9f:	mov    rbx,rax
    7aa2:	jmp    7aa7 <lume::detail::execute_cpu_reference_with_policy(lume::VerifiedProgram const&, std::span<lume::Buffer const, 18446744073709551615ul>, lume::detail::ExecutionPolicy const&, lume::detail::ExecutionStats*, std::vector<unsigned int, std::allocator<unsigned int> >*)+0x3047>
    7aa7:	endbr64
    7aab:	mov    r12,rax
    7aae:	jmp    7ab3 <lume::detail::execute_cpu_reference_with_policy(lume::VerifiedProgram const&, std::span<lume::Buffer const, 18446744073709551615ul>, lume::detail::ExecutionPolicy const&, lume::detail::ExecutionStats*, std::vector<unsigned int, std::allocator<unsigned int> >*)+0x3053>
    7ab3:	endbr64
    7ab7:	mov    r12,rax
    7aba:	jmp    7abf <lume::detail::execute_cpu_reference_with_policy(lume::VerifiedProgram const&, std::span<lume::Buffer const, 18446744073709551615ul>, lume::detail::ExecutionPolicy const&, lume::detail::ExecutionStats*, std::vector<unsigned int, std::allocator<unsigned int> >*)+0x305f>
    7abf:	endbr64
    7ac3:	mov    rbx,rax
    7ac6:	jmp    7acb <lume::detail::execute_cpu_reference_with_policy(lume::VerifiedProgram const&, std::span<lume::Buffer const, 18446744073709551615ul>, lume::detail::ExecutionPolicy const&, lume::detail::ExecutionStats*, std::vector<unsigned int, std::allocator<unsigned int> >*)+0x306b>
    7acb:	endbr64
    7acf:	mov    rbx,rax
    7ad2:	jmp    7ad7 <lume::detail::execute_cpu_reference_with_policy(lume::VerifiedProgram const&, std::span<lume::Buffer const, 18446744073709551615ul>, lume::detail::ExecutionPolicy const&, lume::detail::ExecutionStats*, std::vector<unsigned int, std::allocator<unsigned int> >*)+0x3077>
    7ad7:	endbr64
    7adb:	mov    rbx,rax
    7ade:	jmp    7ae3 <lume::detail::execute_cpu_reference_with_policy(lume::VerifiedProgram const&, std::span<lume::Buffer const, 18446744073709551615ul>, lume::detail::ExecutionPolicy const&, lume::detail::ExecutionStats*, std::vector<unsigned int, std::allocator<unsigned int> >*)+0x3083>
    7ae3:	endbr64
    7ae7:	mov    rbx,rax
    7aea:	jmp    7aef <lume::detail::execute_cpu_reference_with_policy(lume::VerifiedProgram const&, std::span<lume::Buffer const, 18446744073709551615ul>, lume::detail::ExecutionPolicy const&, lume::detail::ExecutionStats*, std::vector<unsigned int, std::allocator<unsigned int> >*)+0x308f>
    7aef:	endbr64
    7af3:	mov    r12,rax
    7af6:	jmp    7afb <lume::detail::execute_cpu_reference_with_policy(lume::VerifiedProgram const&, std::span<lume::Buffer const, 18446744073709551615ul>, lume::detail::ExecutionPolicy const&, lume::detail::ExecutionStats*, std::vector<unsigned int, std::allocator<unsigned int> >*)+0x309b>
    7afb:	endbr64
    7aff:	mov    rbx,rax
    7b02:	jmp    7b07 <lume::detail::execute_cpu_reference_with_policy(lume::VerifiedProgram const&, std::span<lume::Buffer const, 18446744073709551615ul>, lume::detail::ExecutionPolicy const&, lume::detail::ExecutionStats*, std::vector<unsigned int, std::allocator<unsigned int> >*)+0x30a7>
    7b07:	endbr64
    7b0b:	mov    r12,rax
    7b0e:	jmp    7b13 <lume::detail::execute_cpu_reference_with_policy(lume::VerifiedProgram const&, std::span<lume::Buffer const, 18446744073709551615ul>, lume::detail::ExecutionPolicy const&, lume::detail::ExecutionStats*, std::vector<unsigned int, std::allocator<unsigned int> >*)+0x30b3>
    7b13:	endbr64
    7b17:	mov    r12,rax
    7b1a:	jmp    7b1f <lume::detail::execute_cpu_reference_with_policy(lume::VerifiedProgram const&, std::span<lume::Buffer const, 18446744073709551615ul>, lume::detail::ExecutionPolicy const&, lume::detail::ExecutionStats*, std::vector<unsigned int, std::allocator<unsigned int> >*)+0x30bf>
    7b1f:	endbr64
    7b23:	mov    rbx,rax
    7b26:	jmp    7b2b <lume::detail::execute_cpu_reference_with_policy(lume::VerifiedProgram const&, std::span<lume::Buffer const, 18446744073709551615ul>, lume::detail::ExecutionPolicy const&, lume::detail::ExecutionStats*, std::vector<unsigned int, std::allocator<unsigned int> >*)+0x30cb>
    7b2b:	endbr64
    7b2f:	mov    r12,rax
    7b32:	jmp    7b37 <lume::detail::execute_cpu_reference_with_policy(lume::VerifiedProgram const&, std::span<lume::Buffer const, 18446744073709551615ul>, lume::detail::ExecutionPolicy const&, lume::detail::ExecutionStats*, std::vector<unsigned int, std::allocator<unsigned int> >*)+0x30d7>
    7b37:	endbr64
    7b3b:	mov    rbx,rax
    7b3e:	jmp    7b43 <lume::detail::execute_cpu_reference_with_policy(lume::VerifiedProgram const&, std::span<lume::Buffer const, 18446744073709551615ul>, lume::detail::ExecutionPolicy const&, lume::detail::ExecutionStats*, std::vector<unsigned int, std::allocator<unsigned int> >*)+0x30e3>
    7b43:	endbr64
    7b47:	mov    r12,rax
    7b4a:	jmp    7b4f <lume::detail::execute_cpu_reference_with_policy(lume::VerifiedProgram const&, std::span<lume::Buffer const, 18446744073709551615ul>, lume::detail::ExecutionPolicy const&, lume::detail::ExecutionStats*, std::vector<unsigned int, std::allocator<unsigned int> >*)+0x30ef>
    7b4f:	endbr64
    7b53:	mov    r12,rax
    7b56:	jmp    7b5b <lume::detail::execute_cpu_reference_with_policy(lume::VerifiedProgram const&, std::span<lume::Buffer const, 18446744073709551615ul>, lume::detail::ExecutionPolicy const&, lume::detail::ExecutionStats*, std::vector<unsigned int, std::allocator<unsigned int> >*)+0x30fb>
    7b5b:	endbr64
    7b5f:	mov    r12,rax
    7b62:	jmp    7b67 <lume::detail::execute_cpu_reference_with_policy(lume::VerifiedProgram const&, std::span<lume::Buffer const, 18446744073709551615ul>, lume::detail::ExecutionPolicy const&, lume::detail::ExecutionStats*, std::vector<unsigned int, std::allocator<unsigned int> >*)+0x3107>
    7b67:	endbr64
    7b6b:	mov    r12,rax
    7b6e:	jmp    7b73 <lume::detail::execute_cpu_reference_with_policy(lume::VerifiedProgram const&, std::span<lume::Buffer const, 18446744073709551615ul>, lume::detail::ExecutionPolicy const&, lume::detail::ExecutionStats*, std::vector<unsigned int, std::allocator<unsigned int> >*)+0x3113>
    7b73:	endbr64
    7b77:	mov    rbx,rax
    7b7a:	jmp    7b7f <lume::detail::execute_cpu_reference_with_policy(lume::VerifiedProgram const&, std::span<lume::Buffer const, 18446744073709551615ul>, lume::detail::ExecutionPolicy const&, lume::detail::ExecutionStats*, std::vector<unsigned int, std::allocator<unsigned int> >*)+0x311f>
    7b7f:	endbr64
    7b83:	mov    r12,rax
    7b86:	jmp    7b8b <lume::detail::execute_cpu_reference_with_policy(lume::VerifiedProgram const&, std::span<lume::Buffer const, 18446744073709551615ul>, lume::detail::ExecutionPolicy const&, lume::detail::ExecutionStats*, std::vector<unsigned int, std::allocator<unsigned int> >*)+0x312b>
    7b8b:	endbr64
    7b8f:	mov    rbx,rax
    7b92:	jmp    7b97 <lume::detail::execute_cpu_reference_with_policy(lume::VerifiedProgram const&, std::span<lume::Buffer const, 18446744073709551615ul>, lume::detail::ExecutionPolicy const&, lume::detail::ExecutionStats*, std::vector<unsigned int, std::allocator<unsigned int> >*)+0x3137>
    7b97:	nop    WORD PTR [rax+rax*1+0x0]

0000000000007ba0 <lume::detail::execute_cpu_reference_observed(lume::VerifiedProgram const&, std::span<lume::Buffer const, 18446744073709551615ul>, std::vector<unsigned int, std::allocator<unsigned int> >*)>:
    7ba0:	endbr64
    7ba4:	push   rbx
    7ba5:	xor    r9d,r9d
    7ba8:	mov    rbx,rdi
    7bab:	sub    rsp,0x18
    7baf:	mov    rax,QWORD PTR fs:0x28
    7bb8:	mov    QWORD PTR [rsp+0x10],rax
    7bbd:	xor    eax,eax
    7bbf:	mov    eax,0x101
    7bc4:	mov    BYTE PTR [rsp+0xe],0x0
    7bc9:	mov    WORD PTR [rsp+0xc],ax
    7bce:	push   r8
    7bd0:	lea    r8,[rsp+0x14]
    7bd5:	call   7bda <lume::detail::execute_cpu_reference_observed(lume::VerifiedProgram const&, std::span<lume::Buffer const, 18446744073709551615ul>, std::vector<unsigned int, std::allocator<unsigned int> >*)+0x3a>
    7bda:	pop    rdx
    7bdb:	pop    rcx
    7bdc:	mov    rax,QWORD PTR [rsp+0x8]
    7be1:	sub    rax,QWORD PTR fs:0x28
    7bea:	jne    7bf5 <lume::detail::execute_cpu_reference_observed(lume::VerifiedProgram const&, std::span<lume::Buffer const, 18446744073709551615ul>, std::vector<unsigned int, std::allocator<unsigned int> >*)+0x55>
    7bec:	add    rsp,0x10
    7bf0:	mov    rax,rbx
    7bf3:	pop    rbx
    7bf4:	ret
    7bf5:	call   7bfa <lume::detail::execute_cpu_reference_observed(lume::VerifiedProgram const&, std::span<lume::Buffer const, 18446744073709551615ul>, std::vector<unsigned int, std::allocator<unsigned int> >*)+0x5a>
    7bfa:	nop    WORD PTR [rax+rax*1+0x0]

0000000000007c00 <lume::execute_cpu_reference(lume::VerifiedProgram const&, std::span<lume::Buffer const, 18446744073709551615ul>)>:
    7c00:	endbr64
    7c04:	push   rbx
    7c05:	xor    r9d,r9d
    7c08:	mov    rbx,rdi
    7c0b:	sub    rsp,0x18
    7c0f:	mov    rax,QWORD PTR fs:0x28
    7c18:	mov    QWORD PTR [rsp+0x10],rax
    7c1d:	xor    eax,eax
    7c1f:	mov    eax,0x101
    7c24:	mov    BYTE PTR [rsp+0xe],0x0
    7c29:	mov    WORD PTR [rsp+0xc],ax
    7c2e:	push   0x0
    7c30:	lea    r8,[rsp+0x14]
    7c35:	call   7c3a <lume::execute_cpu_reference(lume::VerifiedProgram const&, std::span<lume::Buffer const, 18446744073709551615ul>)+0x3a>
    7c3a:	pop    rdx
    7c3b:	pop    rcx
    7c3c:	mov    rax,QWORD PTR [rsp+0x8]
    7c41:	sub    rax,QWORD PTR fs:0x28
    7c4a:	jne    7c55 <lume::execute_cpu_reference(lume::VerifiedProgram const&, std::span<lume::Buffer const, 18446744073709551615ul>)+0x55>
    7c4c:	add    rsp,0x10
    7c50:	mov    rax,rbx
    7c53:	pop    rbx
    7c54:	ret
    7c55:	call   7c5a <lume::execute_cpu_reference(lume::VerifiedProgram const&, std::span<lume::Buffer const, 18446744073709551615ul>)+0x5a>

Disassembly of section .text._ZNKSt18bad_variant_access4whatEv:

0000000000000000 <std::bad_variant_access::what() const>:
   0:	endbr64
   4:	mov    rax,QWORD PTR [rdi+0x8]
   8:	ret

Disassembly of section .text._ZNSt18bad_variant_accessD2Ev:

0000000000000000 <std::bad_variant_access::~bad_variant_access()>:
   0:	endbr64
   4:	lea    rax,[rip+0x0]        # b <std::bad_variant_access::~bad_variant_access()+0xb>
   b:	mov    QWORD PTR [rdi],rax
   e:	jmp    13 <.LC4+0x3>

Disassembly of section .text._ZNSt18bad_variant_accessD0Ev:

0000000000000000 <std::bad_variant_access::~bad_variant_access()>:
   0:	endbr64
   4:	lea    rax,[rip+0x0]        # b <std::bad_variant_access::~bad_variant_access()+0xb>
   b:	push   rbx
   c:	mov    rbx,rdi
   f:	mov    QWORD PTR [rdi],rax
  12:	call   17 <std::bad_variant_access::~bad_variant_access()+0x17>
  17:	mov    rdi,rbx
  1a:	mov    esi,0x10
  1f:	pop    rbx
  20:	jmp    25 <.LC25+0x5>

Disassembly of section .text.unlikely:

0000000000000000 <lume::(anonymous namespace)::internal_error(std::__cxx11::basic_string<char, std::char_traits<char>, std::allocator<char> >) [clone .cold]>:
   0:	mov    rsi,r13
   3:	mov    r9,r12
   6:	mov    r8d,0x1e
   c:	xor    edx,edx
   e:	mov    rdi,rbx
  11:	mov    QWORD PTR [rsp],r10
  15:	call   1a <lume::(anonymous namespace)::internal_error(std::__cxx11::basic_string<char, std::char_traits<char>, std::allocator<char> >) [clone .cold]+0x1a>
  1a:	mov    r13,QWORD PTR [rbx]
  1d:	mov    r10,QWORD PTR [rsp]
  21:	jmp    26 <lume::(anonymous namespace)::add_add_buffers(lume::Buffer const&, lume::Buffer const&, lume::Buffer const&, bool) [clone .cold]>

0000000000000026 <lume::(anonymous namespace)::add_add_buffers(lume::Buffer const&, lume::Buffer const&, lume::Buffer const&, bool) [clone .cold]>:
  26:	call   2b <lume::detail::validate_inputs(lume::ProgramStorage const&, std::span<lume::Buffer const, 18446744073709551615ul>) [clone .cold]>

000000000000002b <lume::detail::validate_inputs(lume::ProgramStorage const&, std::span<lume::Buffer const, 18446744073709551615ul>) [clone .cold]>:
  2b:	mov    rdi,QWORD PTR [rsp+0x58]
  30:	call   35 <lume::detail::validate_inputs(lume::ProgramStorage const&, std::span<lume::Buffer const, 18446744073709551615ul>) [clone .cold]+0xa>
  35:	mov    rdi,r14
  38:	call   3d <lume::detail::validate_inputs(lume::ProgramStorage const&, std::span<lume::Buffer const, 18446744073709551615ul>) [clone .cold]+0x12>
  3d:	mov    rdi,QWORD PTR [rsp]
  41:	call   46 <lume::detail::validate_inputs(lume::ProgramStorage const&, std::span<lume::Buffer const, 18446744073709551615ul>) [clone .cold]+0x1b>
  46:	mov    rdi,QWORD PTR [rsp+0x60]
  4b:	call   50 <lume::detail::validate_inputs(lume::ProgramStorage const&, std::span<lume::Buffer const, 18446744073709551615ul>) [clone .cold]+0x25>
  50:	mov    rdi,QWORD PTR [rsp+0x50]
  55:	call   5a <lume::detail::validate_inputs(lume::ProgramStorage const&, std::span<lume::Buffer const, 18446744073709551615ul>) [clone .cold]+0x2f>
  5a:	lea    rdi,[rsp+0x70]
  5f:	call   64 <lume::detail::validate_inputs(lume::ProgramStorage const&, std::span<lume::Buffer const, 18446744073709551615ul>) [clone .cold]+0x39>
  64:	mov    rax,QWORD PTR [rsp+0x238]
  6c:	sub    rax,QWORD PTR fs:0x28
  75:	jne    127 <lume::detail::validate_inputs(lume::ProgramStorage const&, std::span<lume::Buffer const, 18446744073709551615ul>) [clone .cold]+0xfc>
  7b:	mov    rdi,rbx
  7e:	call   83 <lume::detail::validate_inputs(lume::ProgramStorage const&, std::span<lume::Buffer const, 18446744073709551615ul>) [clone .cold]+0x58>
  83:	mov    rdi,QWORD PTR [rsp+0x58]
  88:	call   8d <lume::detail::validate_inputs(lume::ProgramStorage const&, std::span<lume::Buffer const, 18446744073709551615ul>) [clone .cold]+0x62>
  8d:	mov    rdi,r14
  90:	call   95 <lume::detail::validate_inputs(lume::ProgramStorage const&, std::span<lume::Buffer const, 18446744073709551615ul>) [clone .cold]+0x6a>
  95:	mov    rdi,QWORD PTR [rsp]
  99:	call   9e <lume::detail::validate_inputs(lume::ProgramStorage const&, std::span<lume::Buffer const, 18446744073709551615ul>) [clone .cold]+0x73>
  9e:	mov    rdi,QWORD PTR [rsp+0x60]
  a3:	call   a8 <lume::detail::validate_inputs(lume::ProgramStorage const&, std::span<lume::Buffer const, 18446744073709551615ul>) [clone .cold]+0x7d>
  a8:	mov    rdi,QWORD PTR [rsp+0x50]
  ad:	call   b2 <lume::detail::validate_inputs(lume::ProgramStorage const&, std::span<lume::Buffer const, 18446744073709551615ul>) [clone .cold]+0x87>
  b2:	jmp    5a <lume::detail::validate_inputs(lume::ProgramStorage const&, std::span<lume::Buffer const, 18446744073709551615ul>) [clone .cold]+0x2f>
  b4:	lea    rdi,[rsp+0x90]
  bc:	call   c1 <lume::detail::validate_inputs(lume::ProgramStorage const&, std::span<lume::Buffer const, 18446744073709551615ul>) [clone .cold]+0x96>
  c1:	lea    rax,[rsp+0xb0]
  c9:	mov    QWORD PTR [rsp+0x60],rax
  ce:	jmp    9e <lume::detail::validate_inputs(lume::ProgramStorage const&, std::span<lume::Buffer const, 18446744073709551615ul>) [clone .cold]+0x73>
  d0:	mov    rdi,r15
  d3:	call   d8 <lume::detail::validate_inputs(lume::ProgramStorage const&, std::span<lume::Buffer const, 18446744073709551615ul>) [clone .cold]+0xad>
  d8:	mov    rdi,QWORD PTR [rsp+0x58]
  dd:	call   e2 <lume::detail::validate_inputs(lume::ProgramStorage const&, std::span<lume::Buffer const, 18446744073709551615ul>) [clone .cold]+0xb7>
  e2:	lea    rdi,[rsp+0xd0]
  ea:	call   ef <lume::detail::validate_inputs(lume::ProgramStorage const&, std::span<lume::Buffer const, 18446744073709551615ul>) [clone .cold]+0xc4>
  ef:	lea    rax,[rsp+0xb0]
  f7:	mov    QWORD PTR [rsp+0x60],rax
  fc:	mov    rdi,QWORD PTR [rsp+0x60]
 101:	call   106 <lume::detail::validate_inputs(lume::ProgramStorage const&, std::span<lume::Buffer const, 18446744073709551615ul>) [clone .cold]+0xdb>
 106:	mov    rdi,QWORD PTR [rsp+0x50]
 10b:	call   110 <lume::detail::validate_inputs(lume::ProgramStorage const&, std::span<lume::Buffer const, 18446744073709551615ul>) [clone .cold]+0xe5>
 110:	mov    rax,QWORD PTR [rsp+0x238]
 118:	sub    rax,QWORD PTR fs:0x28
 121:	je     7b <lume::detail::validate_inputs(lume::ProgramStorage const&, std::span<lume::Buffer const, 18446744073709551615ul>) [clone .cold]+0x50>
 127:	call   12c <lume::detail::validate_inputs(lume::ProgramStorage const&, std::span<lume::Buffer const, 18446744073709551615ul>) [clone .cold]+0x101>
 12c:	mov    rax,QWORD PTR [rsp+0x238]
 134:	sub    rax,QWORD PTR fs:0x28
 13d:	jne    127 <lume::detail::validate_inputs(lume::ProgramStorage const&, std::span<lume::Buffer const, 18446744073709551615ul>) [clone .cold]+0xfc>
 13f:	lea    rdi,[rip+0x0]        # 146 <lume::detail::validate_inputs(lume::ProgramStorage const&, std::span<lume::Buffer const, 18446744073709551615ul>) [clone .cold]+0x11b>
 146:	call   14b <lume::detail::validate_inputs(lume::ProgramStorage const&, std::span<lume::Buffer const, 18446744073709551615ul>) [clone .cold]+0x120>
 14b:	lea    rdi,[rsp+0x90]
 153:	call   158 <lume::detail::validate_inputs(lume::ProgramStorage const&, std::span<lume::Buffer const, 18446744073709551615ul>) [clone .cold]+0x12d>
 158:	lea    rax,[rsp+0xb0]
 160:	mov    QWORD PTR [rsp+0x60],rax
 165:	jmp    46 <lume::detail::validate_inputs(lume::ProgramStorage const&, std::span<lume::Buffer const, 18446744073709551615ul>) [clone .cold]+0x1b>
 16a:	lea    rax,[rsp+0x90]
 172:	mov    r9,rbx
 175:	xor    edx,edx
 177:	mov    rsi,r14
 17a:	mov    r8d,0xc
 180:	mov    rdi,rax
 183:	mov    QWORD PTR [rsp],rax
 187:	call   18c <lume::detail::validate_inputs(lume::ProgramStorage const&, std::span<lume::Buffer const, 18446744073709551615ul>) [clone .cold]+0x161>
 18c:	mov    r14,QWORD PTR [rsp+0x90]
 194:	jmp    199 <lume::detail::validate_inputs(lume::ProgramStorage const&, std::span<lume::Buffer const, 18446744073709551615ul>) [clone .cold]+0x16e>
 199:	mov    rdi,QWORD PTR [rsp+0x50]
 19e:	call   1a3 <lume::detail::validate_inputs(lume::ProgramStorage const&, std::span<lume::Buffer const, 18446744073709551615ul>) [clone .cold]+0x178>
 1a3:	mov    rdi,r14
 1a6:	call   1ab <lume::detail::validate_inputs(lume::ProgramStorage const&, std::span<lume::Buffer const, 18446744073709551615ul>) [clone .cold]+0x180>
 1ab:	lea    rdi,[rsp+0xb0]
 1b3:	call   1b8 <lume::detail::validate_inputs(lume::ProgramStorage const&, std::span<lume::Buffer const, 18446744073709551615ul>) [clone .cold]+0x18d>
 1b8:	lea    rax,[rsp+0x90]
 1c0:	mov    QWORD PTR [rsp],rax
 1c4:	mov    rdi,QWORD PTR [rsp]
 1c8:	call   1cd <lume::detail::validate_inputs(lume::ProgramStorage const&, std::span<lume::Buffer const, 18446744073709551615ul>) [clone .cold]+0x1a2>
 1cd:	mov    rdi,QWORD PTR [rsp+0x58]
 1d2:	call   1d7 <lume::detail::validate_inputs(lume::ProgramStorage const&, std::span<lume::Buffer const, 18446744073709551615ul>) [clone .cold]+0x1ac>
 1d7:	mov    rax,QWORD PTR [rsp+0x238]
 1df:	sub    rax,QWORD PTR fs:0x28
 1e8:	je     7b <lume::detail::validate_inputs(lume::ProgramStorage const&, std::span<lume::Buffer const, 18446744073709551615ul>) [clone .cold]+0x50>
 1ee:	jmp    127 <lume::detail::validate_inputs(lume::ProgramStorage const&, std::span<lume::Buffer const, 18446744073709551615ul>) [clone .cold]+0xfc>
 1f3:	endbr64
 1f7:	jmp    1fc <lume::detail::validate_inputs(lume::ProgramStorage const&, std::span<lume::Buffer const, 18446744073709551615ul>) [clone .cold]+0x1d1>
 1fc:	lea    rax,[rsp+0xb0]
 204:	mov    r9,r12
 207:	xor    edx,edx
 209:	mov    rsi,r15
 20c:	mov    r8d,0x6
 212:	mov    rdi,rax
 215:	mov    QWORD PTR [rsp+0x60],rax
 21a:	call   21f <lume::detail::validate_inputs(lume::ProgramStorage const&, std::span<lume::Buffer const, 18446744073709551615ul>) [clone .cold]+0x1f4>
 21f:	mov    r15,QWORD PTR [rsp+0xb0]
 227:	jmp    22c <lume::detail::validate_inputs(lume::ProgramStorage const&, std::span<lume::Buffer const, 18446744073709551615ul>) [clone .cold]+0x201>
 22c:	endbr64
 230:	jmp    235 <lume::detail::execute_cpu_reference_with_policy(lume::VerifiedProgram const&, std::span<lume::Buffer const, 18446744073709551615ul>, lume::detail::ExecutionPolicy const&, lume::detail::ExecutionStats*, std::vector<unsigned int, std::allocator<unsigned int> >*) [clone .cold]>

0000000000000235 <lume::detail::execute_cpu_reference_with_policy(lume::VerifiedProgram const&, std::span<lume::Buffer const, 18446744073709551615ul>, lume::detail::ExecutionPolicy const&, lume::detail::ExecutionStats*, std::vector<unsigned int, std::allocator<unsigned int> >*) [clone .cold]>:
 235:	mov    rdi,rbp
 238:	call   23d <lume::detail::execute_cpu_reference_with_policy(lume::VerifiedProgram const&, std::span<lume::Buffer const, 18446744073709551615ul>, lume::detail::ExecutionPolicy const&, lume::detail::ExecutionStats*, std::vector<unsigned int, std::allocator<unsigned int> >*) [clone .cold]+0x8>
 23d:	mov    rdi,rbx
 240:	mov    rbx,r12
 243:	call   248 <lume::detail::execute_cpu_reference_with_policy(lume::VerifiedProgram const&, std::span<lume::Buffer const, 18446744073709551615ul>, lume::detail::ExecutionPolicy const&, lume::detail::ExecutionStats*, std::vector<unsigned int, std::allocator<unsigned int> >*) [clone .cold]+0x13>
 248:	mov    rdi,QWORD PTR [rsp+0x20]
 24d:	call   252 <lume::detail::execute_cpu_reference_with_policy(lume::VerifiedProgram const&, std::span<lume::Buffer const, 18446744073709551615ul>, lume::detail::ExecutionPolicy const&, lume::detail::ExecutionStats*, std::vector<unsigned int, std::allocator<unsigned int> >*) [clone .cold]+0x1d>
 252:	mov    rdi,QWORD PTR [rsp+0x68]
 257:	call   25c <lume::detail::execute_cpu_reference_with_policy(lume::VerifiedProgram const&, std::span<lume::Buffer const, 18446744073709551615ul>, lume::detail::ExecutionPolicy const&, lume::detail::ExecutionStats*, std::vector<unsigned int, std::allocator<unsigned int> >*) [clone .cold]+0x27>
 25c:	lea    rdi,[rsp+0x160]
 264:	call   269 <lume::detail::execute_cpu_reference_with_policy(lume::VerifiedProgram const&, std::span<lume::Buffer const, 18446744073709551615ul>, lume::detail::ExecutionPolicy const&, lume::detail::ExecutionStats*, std::vector<unsigned int, std::allocator<unsigned int> >*) [clone .cold]+0x34>
 269:	lea    rdi,[rsp+0x140]
 271:	call   276 <lume::detail::execute_cpu_reference_with_policy(lume::VerifiedProgram const&, std::span<lume::Buffer const, 18446744073709551615ul>, lume::detail::ExecutionPolicy const&, lume::detail::ExecutionStats*, std::vector<unsigned int, std::allocator<unsigned int> >*) [clone .cold]+0x41>
 276:	lea    rdi,[rsp+0x120]
 27e:	call   283 <lume::detail::execute_cpu_reference_with_policy(lume::VerifiedProgram const&, std::span<lume::Buffer const, 18446744073709551615ul>, lume::detail::ExecutionPolicy const&, lume::detail::ExecutionStats*, std::vector<unsigned int, std::allocator<unsigned int> >*) [clone .cold]+0x4e>
 283:	cmp    QWORD PTR [rsp+0x58],0x0
 289:	je     29a <lume::detail::execute_cpu_reference_with_policy(lume::VerifiedProgram const&, std::span<lume::Buffer const, 18446744073709551615ul>, lume::detail::ExecutionPolicy const&, lume::detail::ExecutionStats*, std::vector<unsigned int, std::allocator<unsigned int> >*) [clone .cold]+0x65>
 28b:	mov    rsi,QWORD PTR [rsp+0x8]
 290:	mov    rdi,QWORD PTR [rsp+0x58]
 295:	call   29a <lume::detail::execute_cpu_reference_with_policy(lume::VerifiedProgram const&, std::span<lume::Buffer const, 18446744073709551615ul>, lume::detail::ExecutionPolicy const&, lume::detail::ExecutionStats*, std::vector<unsigned int, std::allocator<unsigned int> >*) [clone .cold]+0x65>
 29a:	mov    rdi,QWORD PTR [rsp+0x100]
 2a2:	mov    rsi,QWORD PTR [rsp+0x110]
 2aa:	sub    rsi,rdi
 2ad:	test   rdi,rdi
 2b0:	jne    309 <lume::detail::execute_cpu_reference_with_policy(lume::VerifiedProgram const&, std::span<lume::Buffer const, 18446744073709551615ul>, lume::detail::ExecutionPolicy const&, lume::detail::ExecutionStats*, std::vector<unsigned int, std::allocator<unsigned int> >*) [clone .cold]+0xd4>
 2b2:	lea    rdi,[rsp+0xe0]
 2ba:	call   2bf <lume::detail::execute_cpu_reference_with_policy(lume::VerifiedProgram const&, std::span<lume::Buffer const, 18446744073709551615ul>, lume::detail::ExecutionPolicy const&, lume::detail::ExecutionStats*, std::vector<unsigned int, std::allocator<unsigned int> >*) [clone .cold]+0x8a>
 2bf:	cmp    QWORD PTR [rsp+0x10],0x0
 2c5:	je     2d6 <lume::detail::execute_cpu_reference_with_policy(lume::VerifiedProgram const&, std::span<lume::Buffer const, 18446744073709551615ul>, lume::detail::ExecutionPolicy const&, lume::detail::ExecutionStats*, std::vector<unsigned int, std::allocator<unsigned int> >*) [clone .cold]+0xa1>
 2c7:	mov    rsi,QWORD PTR [rsp+0x28]
 2cc:	mov    rdi,QWORD PTR [rsp+0x10]
 2d1:	call   2d6 <lume::detail::execute_cpu_reference_with_policy(lume::VerifiedProgram const&, std::span<lume::Buffer const, 18446744073709551615ul>, lume::detail::ExecutionPolicy const&, lume::detail::ExecutionStats*, std::vector<unsigned int, std::allocator<unsigned int> >*) [clone .cold]+0xa1>
 2d6:	mov    rax,QWORD PTR [rsp+0x318]
 2de:	sub    rax,QWORD PTR fs:0x28
 2e7:	jne    323 <lume::detail::execute_cpu_reference_with_policy(lume::VerifiedProgram const&, std::span<lume::Buffer const, 18446744073709551615ul>, lume::detail::ExecutionPolicy const&, lume::detail::ExecutionStats*, std::vector<unsigned int, std::allocator<unsigned int> >*) [clone .cold]+0xee>
 2e9:	mov    rdi,rbx
 2ec:	call   2f1 <lume::detail::execute_cpu_reference_with_policy(lume::VerifiedProgram const&, std::span<lume::Buffer const, 18446744073709551615ul>, lume::detail::ExecutionPolicy const&, lume::detail::ExecutionStats*, std::vector<unsigned int, std::allocator<unsigned int> >*) [clone .cold]+0xbc>
 2f1:	mov    rdi,rbp
 2f4:	call   2f9 <lume::detail::execute_cpu_reference_with_policy(lume::VerifiedProgram const&, std::span<lume::Buffer const, 18446744073709551615ul>, lume::detail::ExecutionPolicy const&, lume::detail::ExecutionStats*, std::vector<unsigned int, std::allocator<unsigned int> >*) [clone .cold]+0xc4>
 2f9:	mov    rdi,rbx
 2fc:	mov    rbx,r12
 2ff:	call   304 <lume::detail::execute_cpu_reference_with_policy(lume::VerifiedProgram const&, std::span<lume::Buffer const, 18446744073709551615ul>, lume::detail::ExecutionPolicy const&, lume::detail::ExecutionStats*, std::vector<unsigned int, std::allocator<unsigned int> >*) [clone .cold]+0xcf>
 304:	jmp    248 <lume::detail::execute_cpu_reference_with_policy(lume::VerifiedProgram const&, std::span<lume::Buffer const, 18446744073709551615ul>, lume::detail::ExecutionPolicy const&, lume::detail::ExecutionStats*, std::vector<unsigned int, std::allocator<unsigned int> >*) [clone .cold]+0x13>
 309:	call   30e <lume::detail::execute_cpu_reference_with_policy(lume::VerifiedProgram const&, std::span<lume::Buffer const, 18446744073709551615ul>, lume::detail::ExecutionPolicy const&, lume::detail::ExecutionStats*, std::vector<unsigned int, std::allocator<unsigned int> >*) [clone .cold]+0xd9>
 30e:	jmp    2b2 <lume::detail::execute_cpu_reference_with_policy(lume::VerifiedProgram const&, std::span<lume::Buffer const, 18446744073709551615ul>, lume::detail::ExecutionPolicy const&, lume::detail::ExecutionStats*, std::vector<unsigned int, std::allocator<unsigned int> >*) [clone .cold]+0x7d>
 310:	mov    rax,QWORD PTR [rsp+0x318]
 318:	sub    rax,QWORD PTR fs:0x28
 321:	je     36f <lume::detail::execute_cpu_reference_with_policy(lume::VerifiedProgram const&, std::span<lume::Buffer const, 18446744073709551615ul>, lume::detail::ExecutionPolicy const&, lume::detail::ExecutionStats*, std::vector<unsigned int, std::allocator<unsigned int> >*) [clone .cold]+0x13a>
 323:	call   328 <lume::detail::execute_cpu_reference_with_policy(lume::VerifiedProgram const&, std::span<lume::Buffer const, 18446744073709551615ul>, lume::detail::ExecutionPolicy const&, lume::detail::ExecutionStats*, std::vector<unsigned int, std::allocator<unsigned int> >*) [clone .cold]+0xf3>
 328:	cmp    BYTE PTR [r12+0x18],0xff
 32e:	je     252 <lume::detail::execute_cpu_reference_with_policy(lume::VerifiedProgram const&, std::span<lume::Buffer const, 18446744073709551615ul>, lume::detail::ExecutionPolicy const&, lume::detail::ExecutionStats*, std::vector<unsigned int, std::allocator<unsigned int> >*) [clone .cold]+0x1d>
 334:	mov    rdi,r12
 337:	call   33c <lume::detail::execute_cpu_reference_with_policy(lume::VerifiedProgram const&, std::span<lume::Buffer const, 18446744073709551615ul>, lume::detail::ExecutionPolicy const&, lume::detail::ExecutionStats*, std::vector<unsigned int, std::allocator<unsigned int> >*) [clone .cold]+0x107>
 33c:	jmp    252 <lume::detail::execute_cpu_reference_with_policy(lume::VerifiedProgram const&, std::span<lume::Buffer const, 18446744073709551615ul>, lume::detail::ExecutionPolicy const&, lume::detail::ExecutionStats*, std::vector<unsigned int, std::allocator<unsigned int> >*) [clone .cold]+0x1d>
 341:	mov    rdi,QWORD PTR [rsp+0x20]
 346:	mov    r9,rbx
 349:	mov    r8d,0x3
 34f:	xor    edx,edx
 351:	mov    rsi,r13
 354:	call   359 <lume::detail::execute_cpu_reference_with_policy(lume::VerifiedProgram const&, std::span<lume::Buffer const, 18446744073709551615ul>, lume::detail::ExecutionPolicy const&, lume::detail::ExecutionStats*, std::vector<unsigned int, std::allocator<unsigned int> >*) [clone .cold]+0x124>
 359:	mov    rcx,QWORD PTR [rsp+0x270]
 361:	jmp    366 <lume::detail::execute_cpu_reference_with_policy(lume::VerifiedProgram const&, std::span<lume::Buffer const, 18446744073709551615ul>, lume::detail::ExecutionPolicy const&, lume::detail::ExecutionStats*, std::vector<unsigned int, std::allocator<unsigned int> >*) [clone .cold]+0x131>
 366:	endbr64
 36a:	jmp    36f <lume::detail::execute_cpu_reference_with_policy(lume::VerifiedProgram const&, std::span<lume::Buffer const, 18446744073709551615ul>, lume::detail::ExecutionPolicy const&, lume::detail::ExecutionStats*, std::vector<unsigned int, std::allocator<unsigned int> >*) [clone .cold]+0x13a>
 36f:	call   374 <lume::detail::execute_cpu_reference_with_policy(lume::VerifiedProgram const&, std::span<lume::Buffer const, 18446744073709551615ul>, lume::detail::ExecutionPolicy const&, lume::detail::ExecutionStats*, std::vector<unsigned int, std::allocator<unsigned int> >*) [clone .cold]+0x13f>
 374:	mov    rdi,rbp
 377:	call   37c <lume::detail::execute_cpu_reference_with_policy(lume::VerifiedProgram const&, std::span<lume::Buffer const, 18446744073709551615ul>, lume::detail::ExecutionPolicy const&, lume::detail::ExecutionStats*, std::vector<unsigned int, std::allocator<unsigned int> >*) [clone .cold]+0x147>
 37c:	mov    rdi,rbx
 37f:	mov    rbx,r12
 382:	call   387 <lume::detail::execute_cpu_reference_with_policy(lume::VerifiedProgram const&, std::span<lume::Buffer const, 18446744073709551615ul>, lume::detail::ExecutionPolicy const&, lume::detail::ExecutionStats*, std::vector<unsigned int, std::allocator<unsigned int> >*) [clone .cold]+0x152>
 387:	jmp    248 <lume::detail::execute_cpu_reference_with_policy(lume::VerifiedProgram const&, std::span<lume::Buffer const, 18446744073709551615ul>, lume::detail::ExecutionPolicy const&, lume::detail::ExecutionStats*, std::vector<unsigned int, std::allocator<unsigned int> >*) [clone .cold]+0x13>
 38c:	endbr64
 390:	jmp    395 <lume::detail::execute_cpu_reference_with_policy(lume::VerifiedProgram const&, std::span<lume::Buffer const, 18446744073709551615ul>, lume::detail::ExecutionPolicy const&, lume::detail::ExecutionStats*, std::vector<unsigned int, std::allocator<unsigned int> >*) [clone .cold]+0x160>
 395:	mov    rdi,rbp
 398:	call   39d <lume::detail::execute_cpu_reference_with_policy(lume::VerifiedProgram const&, std::span<lume::Buffer const, 18446744073709551615ul>, lume::detail::ExecutionPolicy const&, lume::detail::ExecutionStats*, std::vector<unsigned int, std::allocator<unsigned int> >*) [clone .cold]+0x168>
 39d:	mov    rdi,rbx
 3a0:	mov    rbx,r12
 3a3:	call   3a8 <lume::detail::execute_cpu_reference_with_policy(lume::VerifiedProgram const&, std::span<lume::Buffer const, 18446744073709551615ul>, lume::detail::ExecutionPolicy const&, lume::detail::ExecutionStats*, std::vector<unsigned int, std::allocator<unsigned int> >*) [clone .cold]+0x173>
 3a8:	jmp    248 <lume::detail::execute_cpu_reference_with_policy(lume::VerifiedProgram const&, std::span<lume::Buffer const, 18446744073709551615ul>, lume::detail::ExecutionPolicy const&, lume::detail::ExecutionStats*, std::vector<unsigned int, std::allocator<unsigned int> >*) [clone .cold]+0x13>
 3ad:	mov    rdi,rbp
 3b0:	call   3b5 <lume::detail::execute_cpu_reference_with_policy(lume::VerifiedProgram const&, std::span<lume::Buffer const, 18446744073709551615ul>, lume::detail::ExecutionPolicy const&, lume::detail::ExecutionStats*, std::vector<unsigned int, std::allocator<unsigned int> >*) [clone .cold]+0x180>
 3b5:	mov    rdi,rbx
 3b8:	mov    rbx,r12
 3bb:	call   3c0 <lume::detail::execute_cpu_reference_with_policy(lume::VerifiedProgram const&, std::span<lume::Buffer const, 18446744073709551615ul>, lume::detail::ExecutionPolicy const&, lume::detail::ExecutionStats*, std::vector<unsigned int, std::allocator<unsigned int> >*) [clone .cold]+0x18b>
 3c0:	jmp    248 <lume::detail::execute_cpu_reference_with_policy(lume::VerifiedProgram const&, std::span<lume::Buffer const, 18446744073709551615ul>, lume::detail::ExecutionPolicy const&, lume::detail::ExecutionStats*, std::vector<unsigned int, std::allocator<unsigned int> >*) [clone .cold]+0x13>
 3c5:	mov    rax,QWORD PTR [rsp+0x318]
 3cd:	sub    rax,QWORD PTR fs:0x28
 3d6:	jne    323 <lume::detail::execute_cpu_reference_with_policy(lume::VerifiedProgram const&, std::span<lume::Buffer const, 18446744073709551615ul>, lume::detail::ExecutionPolicy const&, lume::detail::ExecutionStats*, std::vector<unsigned int, std::allocator<unsigned int> >*) [clone .cold]+0xee>
 3dc:	call   3e1 <lume::detail::execute_cpu_reference_with_policy(lume::VerifiedProgram const&, std::span<lume::Buffer const, 18446744073709551615ul>, lume::detail::ExecutionPolicy const&, lume::detail::ExecutionStats*, std::vector<unsigned int, std::allocator<unsigned int> >*) [clone .cold]+0x1ac>
 3e1:	mov    rax,QWORD PTR [rsp+0x318]
 3e9:	sub    rax,QWORD PTR fs:0x28
 3f2:	jne    323 <lume::detail::execute_cpu_reference_with_policy(lume::VerifiedProgram const&, std::span<lume::Buffer const, 18446744073709551615ul>, lume::detail::ExecutionPolicy const&, lume::detail::ExecutionStats*, std::vector<unsigned int, std::allocator<unsigned int> >*) [clone .cold]+0xee>
 3f8:	call   3fd <lume::detail::execute_cpu_reference_with_policy(lume::VerifiedProgram const&, std::span<lume::Buffer const, 18446744073709551615ul>, lume::detail::ExecutionPolicy const&, lume::detail::ExecutionStats*, std::vector<unsigned int, std::allocator<unsigned int> >*) [clone .cold]+0x1c8>
 3fd:	endbr64
 401:	jmp    406 <lume::detail::execute_cpu_reference_with_policy(lume::VerifiedProgram const&, std::span<lume::Buffer const, 18446744073709551615ul>, lume::detail::ExecutionPolicy const&, lume::detail::ExecutionStats*, std::vector<unsigned int, std::allocator<unsigned int> >*) [clone .cold]+0x1d1>
 406:	mov    rdi,rbp
 409:	call   40e <lume::detail::execute_cpu_reference_with_policy(lume::VerifiedProgram const&, std::span<lume::Buffer const, 18446744073709551615ul>, lume::detail::ExecutionPolicy const&, lume::detail::ExecutionStats*, std::vector<unsigned int, std::allocator<unsigned int> >*) [clone .cold]+0x1d9>
 40e:	mov    rdi,rbx
 411:	mov    rbx,r12
 414:	call   419 <lume::detail::execute_cpu_reference_with_policy(lume::VerifiedProgram const&, std::span<lume::Buffer const, 18446744073709551615ul>, lume::detail::ExecutionPolicy const&, lume::detail::ExecutionStats*, std::vector<unsigned int, std::allocator<unsigned int> >*) [clone .cold]+0x1e4>
 419:	mov    rdi,r13
 41c:	call   421 <lume::detail::execute_cpu_reference_with_policy(lume::VerifiedProgram const&, std::span<lume::Buffer const, 18446744073709551615ul>, lume::detail::ExecutionPolicy const&, lume::detail::ExecutionStats*, std::vector<unsigned int, std::allocator<unsigned int> >*) [clone .cold]+0x1ec>
 421:	mov    rdi,QWORD PTR [rsp+0x48]
 426:	call   42b <lume::detail::execute_cpu_reference_with_policy(lume::VerifiedProgram const&, std::span<lume::Buffer const, 18446744073709551615ul>, lume::detail::ExecutionPolicy const&, lume::detail::ExecutionStats*, std::vector<unsigned int, std::allocator<unsigned int> >*) [clone .cold]+0x1f6>
 42b:	mov    rdi,QWORD PTR [rsp+0x30]
 430:	call   435 <lume::detail::execute_cpu_reference_with_policy(lume::VerifiedProgram const&, std::span<lume::Buffer const, 18446744073709551615ul>, lume::detail::ExecutionPolicy const&, lume::detail::ExecutionStats*, std::vector<unsigned int, std::allocator<unsigned int> >*) [clone .cold]+0x200>
 435:	mov    rdi,QWORD PTR [rsp+0x20]
 43a:	call   43f <lume::detail::execute_cpu_reference_with_policy(lume::VerifiedProgram const&, std::span<lume::Buffer const, 18446744073709551615ul>, lume::detail::ExecutionPolicy const&, lume::detail::ExecutionStats*, std::vector<unsigned int, std::allocator<unsigned int> >*) [clone .cold]+0x20a>
 43f:	cmp    BYTE PTR [rsp+0x200],0x0
 447:	je     252 <lume::detail::execute_cpu_reference_with_policy(lume::VerifiedProgram const&, std::span<lume::Buffer const, 18446744073709551615ul>, lume::detail::ExecutionPolicy const&, lume::detail::ExecutionStats*, std::vector<unsigned int, std::allocator<unsigned int> >*) [clone .cold]+0x1d>
 44d:	cmp    BYTE PTR [rsp+0x1f8],0xff
 455:	mov    BYTE PTR [rsp+0x200],0x0
 45d:	je     252 <lume::detail::execute_cpu_reference_with_policy(lume::VerifiedProgram const&, std::span<lume::Buffer const, 18446744073709551615ul>, lume::detail::ExecutionPolicy const&, lume::detail::ExecutionStats*, std::vector<unsigned int, std::allocator<unsigned int> >*) [clone .cold]+0x1d>
 463:	mov    rdi,QWORD PTR [rsp+0xb8]
 46b:	call   470 <lume::detail::execute_cpu_reference_with_policy(lume::VerifiedProgram const&, std::span<lume::Buffer const, 18446744073709551615ul>, lume::detail::ExecutionPolicy const&, lume::detail::ExecutionStats*, std::vector<unsigned int, std::allocator<unsigned int> >*) [clone .cold]+0x23b>
 470:	jmp    252 <lume::detail::execute_cpu_reference_with_policy(lume::VerifiedProgram const&, std::span<lume::Buffer const, 18446744073709551615ul>, lume::detail::ExecutionPolicy const&, lume::detail::ExecutionStats*, std::vector<unsigned int, std::allocator<unsigned int> >*) [clone .cold]+0x1d>
 475:	mov    rdi,QWORD PTR [rsp+0x20]
 47a:	mov    r9,rbx
 47d:	mov    r8d,0x3
 483:	xor    edx,edx
 485:	mov    rsi,r13
 488:	call   48d <lume::detail::execute_cpu_reference_with_policy(lume::VerifiedProgram const&, std::span<lume::Buffer const, 18446744073709551615ul>, lume::detail::ExecutionPolicy const&, lume::detail::ExecutionStats*, std::vector<unsigned int, std::allocator<unsigned int> >*) [clone .cold]+0x258>
 48d:	mov    rcx,QWORD PTR [rsp+0x270]
 495:	jmp    49a <lume::detail::execute_cpu_reference_with_policy(lume::VerifiedProgram const&, std::span<lume::Buffer const, 18446744073709551615ul>, lume::detail::ExecutionPolicy const&, lume::detail::ExecutionStats*, std::vector<unsigned int, std::allocator<unsigned int> >*) [clone .cold]+0x265>
 49a:	mov    rdi,rbp
 49d:	call   4a2 <lume::detail::execute_cpu_reference_with_policy(lume::VerifiedProgram const&, std::span<lume::Buffer const, 18446744073709551615ul>, lume::detail::ExecutionPolicy const&, lume::detail::ExecutionStats*, std::vector<unsigned int, std::allocator<unsigned int> >*) [clone .cold]+0x26d>
 4a2:	mov    rdi,rbx
 4a5:	mov    rbx,r12
 4a8:	call   4ad <lume::detail::execute_cpu_reference_with_policy(lume::VerifiedProgram const&, std::span<lume::Buffer const, 18446744073709551615ul>, lume::detail::ExecutionPolicy const&, lume::detail::ExecutionStats*, std::vector<unsigned int, std::allocator<unsigned int> >*) [clone .cold]+0x278>
 4ad:	jmp    248 <lume::detail::execute_cpu_reference_with_policy(lume::VerifiedProgram const&, std::span<lume::Buffer const, 18446744073709551615ul>, lume::detail::ExecutionPolicy const&, lume::detail::ExecutionStats*, std::vector<unsigned int, std::allocator<unsigned int> >*) [clone .cold]+0x13>
 4b2:	mov    rdi,rbp
 4b5:	call   4ba <lume::detail::execute_cpu_reference_with_policy(lume::VerifiedProgram const&, std::span<lume::Buffer const, 18446744073709551615ul>, lume::detail::ExecutionPolicy const&, lume::detail::ExecutionStats*, std::vector<unsigned int, std::allocator<unsigned int> >*) [clone .cold]+0x285>
 4ba:	mov    rdi,rbx
 4bd:	mov    rbx,r12
 4c0:	call   4c5 <lume::detail::execute_cpu_reference_with_policy(lume::VerifiedProgram const&, std::span<lume::Buffer const, 18446744073709551615ul>, lume::detail::ExecutionPolicy const&, lume::detail::ExecutionStats*, std::vector<unsigned int, std::allocator<unsigned int> >*) [clone .cold]+0x290>
 4c5:	jmp    248 <lume::detail::execute_cpu_reference_with_policy(lume::VerifiedProgram const&, std::span<lume::Buffer const, 18446744073709551615ul>, lume::detail::ExecutionPolicy const&, lume::detail::ExecutionStats*, std::vector<unsigned int, std::allocator<unsigned int> >*) [clone .cold]+0x13>
 4ca:	mov    rdi,rbp
 4cd:	call   4d2 <lume::detail::execute_cpu_reference_with_policy(lume::VerifiedProgram const&, std::span<lume::Buffer const, 18446744073709551615ul>, lume::detail::ExecutionPolicy const&, lume::detail::ExecutionStats*, std::vector<unsigned int, std::allocator<unsigned int> >*) [clone .cold]+0x29d>
 4d2:	mov    rdi,rbx
 4d5:	mov    rbx,r12
 4d8:	call   4dd <lume::detail::execute_cpu_reference_with_policy(lume::VerifiedProgram const&, std::span<lume::Buffer const, 18446744073709551615ul>, lume::detail::ExecutionPolicy const&, lume::detail::ExecutionStats*, std::vector<unsigned int, std::allocator<unsigned int> >*) [clone .cold]+0x2a8>
 4dd:	jmp    248 <lume::detail::execute_cpu_reference_with_policy(lume::VerifiedProgram const&, std::span<lume::Buffer const, 18446744073709551615ul>, lume::detail::ExecutionPolicy const&, lume::detail::ExecutionStats*, std::vector<unsigned int, std::allocator<unsigned int> >*) [clone .cold]+0x13>
 4e2:	mov    rax,QWORD PTR [rsp+0x318]
 4ea:	sub    rax,QWORD PTR fs:0x28
 4f3:	jne    323 <lume::detail::execute_cpu_reference_with_policy(lume::VerifiedProgram const&, std::span<lume::Buffer const, 18446744073709551615ul>, lume::detail::ExecutionPolicy const&, lume::detail::ExecutionStats*, std::vector<unsigned int, std::allocator<unsigned int> >*) [clone .cold]+0xee>
 4f9:	call   4fe <lume::detail::execute_cpu_reference_with_policy(lume::VerifiedProgram const&, std::span<lume::Buffer const, 18446744073709551615ul>, lume::detail::ExecutionPolicy const&, lume::detail::ExecutionStats*, std::vector<unsigned int, std::allocator<unsigned int> >*) [clone .cold]+0x2c9>
 4fe:	endbr64
 502:	jmp    507 <lume::detail::execute_cpu_reference_with_policy(lume::VerifiedProgram const&, std::span<lume::Buffer const, 18446744073709551615ul>, lume::detail::ExecutionPolicy const&, lume::detail::ExecutionStats*, std::vector<unsigned int, std::allocator<unsigned int> >*) [clone .cold]+0x2d2>

Disassembly of section .text._ZNSt7__cxx119to_stringEm:

0000000000000000 <std::__cxx11::to_string(unsigned long)>:
   0:	endbr64
   4:	push   r12
   6:	push   rbp
   7:	mov    rbp,rdi
   a:	push   rbx
   b:	mov    rbx,rsi
   e:	sub    rsp,0xe0
  15:	mov    rax,QWORD PTR fs:0x28
  1e:	mov    QWORD PTR [rsp+0xd8],rax
  26:	xor    eax,eax
  28:	cmp    rsi,0x9
  2c:	jbe    388 <std::__cxx11::to_string(unsigned long)+0x388>
  32:	cmp    rsi,0x63
  36:	jbe    392 <std::__cxx11::to_string(unsigned long)+0x392>
  3c:	cmp    rsi,0x3e7
  43:	jbe    3a5 <std::__cxx11::to_string(unsigned long)+0x3a5>
  49:	cmp    rsi,0x270f
  50:	jbe    3b8 <std::__cxx11::to_string(unsigned long)+0x3b8>
  56:	movabs rdi,0x346dc5d63886594b
  60:	mov    rdx,rsi
  63:	mov    esi,0x1
  68:	jmp    97 <std::__cxx11::to_string(unsigned long)+0x97>
  6a:	nop    WORD PTR [rax+rax*1+0x0]
  70:	cmp    rcx,0xf423f
  77:	jbe    340 <std::__cxx11::to_string(unsigned long)+0x340>
  7d:	cmp    rcx,0x98967f
  84:	jbe    350 <std::__cxx11::to_string(unsigned long)+0x350>
  8a:	cmp    rcx,0x5f5e0ff
  91:	jbe    360 <std::__cxx11::to_string(unsigned long)+0x360>
  97:	mov    rax,rdx
  9a:	mov    rcx,rdx
  9d:	mul    rdi
  a0:	mov    eax,esi
  a2:	add    esi,0x4
  a5:	shr    rdx,0xb
  a9:	cmp    rcx,0x1869f
  b0:	ja     70 <std::__cxx11::to_string(unsigned long)+0x70>
  b2:	lea    rdi,[rbp+0x10]
  b6:	mov    r12d,esi
  b9:	mov    QWORD PTR [rbp+0x0],rdi
  bd:	cmp    esi,0xf
  c0:	ja     240 <std::__cxx11::to_string(unsigned long)+0x240>
  c6:	test   r12,r12
  c9:	jne    368 <std::__cxx11::to_string(unsigned long)+0x368>
  cf:	movdqa xmm0,XMMWORD PTR [rip+0x0]        # d7 <std::__cxx11::to_string(unsigned long)+0xd7>
  d7:	mov    BYTE PTR [rbp+0x10],0x0
  db:	mov    rsi,rdi
  de:	mov    ecx,0xffffffff
  e3:	mov    QWORD PTR [rbp+0x8],0x0
  eb:	movaps XMMWORD PTR [rsp],xmm0
  ef:	movdqa xmm0,XMMWORD PTR [rip+0x0]        # f7 <std::__cxx11::to_string(unsigned long)+0xf7>
  f7:	movaps XMMWORD PTR [rsp+0x10],xmm0
  fc:	movdqa xmm0,XMMWORD PTR [rip+0x0]        # 104 <std::__cxx11::to_string(unsigned long)+0x104>
 104:	movaps XMMWORD PTR [rsp+0x20],xmm0
 109:	movdqa xmm0,XMMWORD PTR [rip+0x0]        # 111 <std::__cxx11::to_string(unsigned long)+0x111>
 111:	movaps XMMWORD PTR [rsp+0x30],xmm0
 116:	movdqa xmm0,XMMWORD PTR [rip+0x0]        # 11e <std::__cxx11::to_string(unsigned long)+0x11e>
 11e:	movaps XMMWORD PTR [rsp+0x40],xmm0
 123:	movdqa xmm0,XMMWORD PTR [rip+0x0]        # 12b <std::__cxx11::to_string(unsigned long)+0x12b>
 12b:	movaps XMMWORD PTR [rsp+0x50],xmm0
 130:	movdqa xmm0,XMMWORD PTR [rip+0x0]        # 138 <std::__cxx11::to_string(unsigned long)+0x138>
 138:	movaps XMMWORD PTR [rsp+0x60],xmm0
 13d:	movdqa xmm0,XMMWORD PTR [rip+0x0]        # 145 <std::__cxx11::to_string(unsigned long)+0x145>
 145:	movaps XMMWORD PTR [rsp+0x70],xmm0
 14a:	movdqa xmm0,XMMWORD PTR [rip+0x0]        # 152 <std::__cxx11::to_string(unsigned long)+0x152>
 152:	movaps XMMWORD PTR [rsp+0x80],xmm0
 15a:	movdqa xmm0,XMMWORD PTR [rip+0x0]        # 162 <std::__cxx11::to_string(unsigned long)+0x162>
 162:	movaps XMMWORD PTR [rsp+0x90],xmm0
 16a:	movdqa xmm0,XMMWORD PTR [rip+0x0]        # 172 <std::__cxx11::to_string(unsigned long)+0x172>
 172:	movaps XMMWORD PTR [rsp+0xa0],xmm0
 17a:	movdqa xmm0,XMMWORD PTR [rip+0x0]        # 182 <std::__cxx11::to_string(unsigned long)+0x182>
 182:	movaps XMMWORD PTR [rsp+0xb0],xmm0
 18a:	movdqa xmm0,XMMWORD PTR [rip+0x0]        # 192 <std::__cxx11::to_string(unsigned long)+0x192>
 192:	movups XMMWORD PTR [rsp+0xb9],xmm0
 19a:	movabs rdi,0x28f5c28f5c28f5c3
 1a4:	nop    DWORD PTR [rax+0x0]
 1a8:	mov    rdx,rbx
 1ab:	shr    rdx,0x2
 1af:	mov    rax,rdx
 1b2:	mul    rdi
 1b5:	mov    rax,rbx
 1b8:	mov    r8,rdx
 1bb:	and    rdx,0xfffffffffffffffc
 1bf:	shr    r8,0x2
 1c3:	add    rdx,r8
 1c6:	lea    rdx,[rdx+rdx*4]
 1ca:	shl    rdx,0x2
 1ce:	sub    rax,rdx
 1d1:	mov    rdx,rbx
 1d4:	mov    rbx,r8
 1d7:	mov    r8d,ecx
 1da:	add    rax,rax
 1dd:	movzx  r9d,BYTE PTR [rsp+rax*1+0x1]
 1e3:	movzx  eax,BYTE PTR [rsp+rax*1]
 1e7:	mov    BYTE PTR [rsi+r8*1],r9b
 1eb:	lea    r8d,[rcx-0x1]
 1ef:	sub    ecx,0x2
 1f2:	mov    BYTE PTR [rsi+r8*1],al
 1f6:	cmp    rdx,0x270f
 1fd:	ja     1a8 <std::__cxx11::to_string(unsigned long)+0x1a8>
 1ff:	lea    eax,[rbx+0x30]
 202:	cmp    rbx,0x9
 206:	jbe    217 <std::__cxx11::to_string(unsigned long)+0x217>
 208:	add    rbx,rbx
 20b:	movzx  eax,BYTE PTR [rsp+rbx*1+0x1]
 210:	mov    BYTE PTR [rsi+0x1],al
 213:	movzx  eax,BYTE PTR [rsp+rbx*1]
 217:	mov    BYTE PTR [rsi],al
 219:	mov    rax,QWORD PTR [rsp+0xd8]
 221:	sub    rax,QWORD PTR fs:0x28
 22a:	jne    3cb <std::__cxx11::to_string(unsigned long)+0x3cb>
 230:	add    rsp,0xe0
 237:	mov    rax,rbp
 23a:	pop    rbx
 23b:	pop    rbp
 23c:	pop    r12
 23e:	ret
 23f:	nop
 240:	lea    rdi,[r12+0x1]
 245:	call   24a <std::__cxx11::to_string(unsigned long)+0x24a>
 24a:	mov    QWORD PTR [rbp+0x10],r12
 24e:	mov    QWORD PTR [rbp+0x0],rax
 252:	mov    rdi,rax
 255:	mov    rdx,r12
 258:	xor    esi,esi
 25a:	call   25f <std::__cxx11::to_string(unsigned long)+0x25f>
 25f:	mov    rax,QWORD PTR [rbp+0x0]
 263:	add    rax,r12
 266:	movdqa xmm0,XMMWORD PTR [rip+0x0]        # 26e <std::__cxx11::to_string(unsigned long)+0x26e>
 26e:	mov    QWORD PTR [rbp+0x8],r12
 272:	mov    BYTE PTR [rax],0x0
 275:	mov    eax,DWORD PTR [rbp+0x8]
 278:	movaps XMMWORD PTR [rsp],xmm0
 27c:	movdqa xmm0,XMMWORD PTR [rip+0x0]        # 284 <std::__cxx11::to_string(unsigned long)+0x284>
 284:	mov    rsi,QWORD PTR [rbp+0x0]
 288:	lea    ecx,[rax-0x1]
 28b:	movaps XMMWORD PTR [rsp+0x10],xmm0
 290:	movdqa xmm0,XMMWORD PTR [rip+0x0]        # 298 <std::__cxx11::to_string(unsigned long)+0x298>
 298:	movaps XMMWORD PTR [rsp+0x20],xmm0
 29d:	movdqa xmm0,XMMWORD PTR [rip+0x0]        # 2a5 <std::__cxx11::to_string(unsigned long)+0x2a5>
 2a5:	movaps XMMWORD PTR [rsp+0x30],xmm0
 2aa:	movdqa xmm0,XMMWORD PTR [rip+0x0]        # 2b2 <std::__cxx11::to_string(unsigned long)+0x2b2>
 2b2:	movaps XMMWORD PTR [rsp+0x40],xmm0
 2b7:	movdqa xmm0,XMMWORD PTR [rip+0x0]        # 2bf <std::__cxx11::to_string(unsigned long)+0x2bf>
 2bf:	movaps XMMWORD PTR [rsp+0x50],xmm0
 2c4:	movdqa xmm0,XMMWORD PTR [rip+0x0]        # 2cc <std::__cxx11::to_string(unsigned long)+0x2cc>
 2cc:	movaps XMMWORD PTR [rsp+0x60],xmm0
 2d1:	movdqa xmm0,XMMWORD PTR [rip+0x0]        # 2d9 <std::__cxx11::to_string(unsigned long)+0x2d9>
 2d9:	movaps XMMWORD PTR [rsp+0x70],xmm0
 2de:	movdqa xmm0,XMMWORD PTR [rip+0x0]        # 2e6 <std::__cxx11::to_string(unsigned long)+0x2e6>
 2e6:	movaps XMMWORD PTR [rsp+0x80],xmm0
 2ee:	movdqa xmm0,XMMWORD PTR [rip+0x0]        # 2f6 <std::__cxx11::to_string(unsigned long)+0x2f6>
 2f6:	movaps XMMWORD PTR [rsp+0x90],xmm0
 2fe:	movdqa xmm0,XMMWORD PTR [rip+0x0]        # 306 <std::__cxx11::to_string(unsigned long)+0x306>
 306:	movaps XMMWORD PTR [rsp+0xa0],xmm0
 30e:	movdqa xmm0,XMMWORD PTR [rip+0x0]        # 316 <std::__cxx11::to_string(unsigned long)+0x316>
 316:	movaps XMMWORD PTR [rsp+0xb0],xmm0
 31e:	movdqa xmm0,XMMWORD PTR [rip+0x0]        # 326 <std::__cxx11::to_string(unsigned long)+0x326>
 326:	movups XMMWORD PTR [rsp+0xb9],xmm0
 32e:	cmp    rbx,0x63
 332:	ja     19a <std::__cxx11::to_string(unsigned long)+0x19a>
 338:	jmp    1ff <std::__cxx11::to_string(unsigned long)+0x1ff>
 33d:	nop    DWORD PTR [rax]
 340:	lea    esi,[rax+0x5]
 343:	jmp    b2 <std::__cxx11::to_string(unsigned long)+0xb2>
 348:	nop    DWORD PTR [rax+rax*1+0x0]
 350:	lea    esi,[rax+0x6]
 353:	jmp    b2 <std::__cxx11::to_string(unsigned long)+0xb2>
 358:	nop    DWORD PTR [rax+rax*1+0x0]
 360:	lea    esi,[rax+0x7]
 363:	jmp    b2 <std::__cxx11::to_string(unsigned long)+0xb2>
 368:	cmp    r12,0x1
 36c:	jne    255 <std::__cxx11::to_string(unsigned long)+0x255>
 372:	mov    BYTE PTR [rdi],0x0
 375:	mov    rax,QWORD PTR [rbp+0x0]
 379:	mov    r12d,0x1
 37f:	add    rax,0x1
 383:	jmp    266 <std::__cxx11::to_string(unsigned long)+0x266>
 388:	lea    rdi,[rdi+0x10]
 38c:	mov    QWORD PTR [rbp+0x0],rdi
 390:	jmp    372 <std::__cxx11::to_string(unsigned long)+0x372>
 392:	lea    rdi,[rdi+0x10]
 396:	mov    r12d,0x2
 39c:	mov    QWORD PTR [rbp+0x0],rdi
 3a0:	jmp    255 <std::__cxx11::to_string(unsigned long)+0x255>
 3a5:	lea    rdi,[rdi+0x10]
 3a9:	mov    r12d,0x3
 3af:	mov    QWORD PTR [rbp+0x0],rdi
 3b3:	jmp    255 <std::__cxx11::to_string(unsigned long)+0x255>
 3b8:	lea    rdi,[rdi+0x10]
 3bc:	mov    r12d,0x4
 3c2:	mov    QWORD PTR [rbp+0x0],rdi
 3c6:	jmp    255 <std::__cxx11::to_string(unsigned long)+0x255>
 3cb:	call   3d0 <lume::detail::execute_cpu_reference_with_policy(lume::VerifiedProgram const&, std::span<lume::Buffer const, 18446744073709551615ul>, lume::detail::ExecutionPolicy const&, lume::detail::ExecutionStats*, std::vector<unsigned int, std::allocator<unsigned int> >*) [clone .cold]+0x19b>

Disassembly of section .text.unlikely._ZSt26__throw_bad_variant_accessPKc:

0000000000000000 <std::__throw_bad_variant_access(char const*)>:
   0:	endbr64
   4:	push   rbx
   5:	mov    rbx,rdi
   8:	mov    edi,0x10
   d:	call   12 <std::__throw_bad_variant_access(char const*)+0x12>
  12:	lea    rdx,[rip+0x0]        # 19 <std::__throw_bad_variant_access(char const*)+0x19>
  19:	lea    rsi,[rip+0x0]        # 20 <std::__throw_bad_variant_access(char const*)+0x20>
  20:	mov    rdi,rax
  23:	lea    rax,[rip+0x0]        # 2a <std::__throw_bad_variant_access(char const*)+0x2a>
  2a:	mov    QWORD PTR [rdi],rax
  2d:	mov    QWORD PTR [rdi+0x8],rbx
  31:	call   36 <.LC21+0x5>

Disassembly of section .text._ZNSt7__cxx1112basic_stringIcSt11char_traitsIcESaIcEEC1EOS4_:

0000000000000000 <std::__cxx11::basic_string<char, std::char_traits<char>, std::allocator<char> >::basic_string(std::__cxx11::basic_string<char, std::char_traits<char>, std::allocator<char> >&&)>:
   0:	endbr64
   4:	lea    rcx,[rdi+0x10]
   8:	lea    r8,[rsi+0x10]
   c:	mov    rax,rsi
   f:	mov    QWORD PTR [rdi],rcx
  12:	mov    rdx,QWORD PTR [rsi]
  15:	mov    rsi,QWORD PTR [rsi+0x8]
  19:	cmp    r8,rdx
  1c:	je     40 <std::__cxx11::basic_string<char, std::char_traits<char>, std::allocator<char> >::basic_string(std::__cxx11::basic_string<char, std::char_traits<char>, std::allocator<char> >&&)+0x40>
  1e:	mov    QWORD PTR [rdi],rdx
  21:	mov    rdx,QWORD PTR [rax+0x10]
  25:	mov    QWORD PTR [rdi+0x10],rdx
  29:	mov    QWORD PTR [rdi+0x8],rsi
  2d:	mov    QWORD PTR [rax],r8
  30:	mov    QWORD PTR [rax+0x8],0x0
  38:	mov    BYTE PTR [rax+0x10],0x0
  3c:	ret
  3d:	nop    DWORD PTR [rax]
  40:	lea    rdx,[rsi+0x1]
  44:	cmp    edx,0x8
  47:	jae    78 <std::__cxx11::basic_string<char, std::char_traits<char>, std::allocator<char> >::basic_string(std::__cxx11::basic_string<char, std::char_traits<char>, std::allocator<char> >&&)+0x78>
  49:	test   dl,0x4
  4c:	jne    c6 <std::__cxx11::basic_string<char, std::char_traits<char>, std::allocator<char> >::basic_string(std::__cxx11::basic_string<char, std::char_traits<char>, std::allocator<char> >&&)+0xc6>
  4e:	test   edx,edx
  50:	je     29 <std::__cxx11::basic_string<char, std::char_traits<char>, std::allocator<char> >::basic_string(std::__cxx11::basic_string<char, std::char_traits<char>, std::allocator<char> >&&)+0x29>
  52:	movzx  esi,BYTE PTR [rax+0x10]
  56:	mov    BYTE PTR [rdi+0x10],sil
  5a:	test   dl,0x2
  5d:	je     bd <std::__cxx11::basic_string<char, std::char_traits<char>, std::allocator<char> >::basic_string(std::__cxx11::basic_string<char, std::char_traits<char>, std::allocator<char> >&&)+0xbd>
  5f:	mov    edx,edx
  61:	movzx  esi,WORD PTR [r8+rdx*1-0x2]
  67:	mov    WORD PTR [rcx+rdx*1-0x2],si
  6c:	mov    rsi,QWORD PTR [rax+0x8]
  70:	jmp    29 <std::__cxx11::basic_string<char, std::char_traits<char>, std::allocator<char> >::basic_string(std::__cxx11::basic_string<char, std::char_traits<char>, std::allocator<char> >&&)+0x29>
  72:	nop    WORD PTR [rax+rax*1+0x0]
  78:	mov    rsi,QWORD PTR [rax+0x10]
  7c:	mov    r11,r8
  7f:	mov    QWORD PTR [rdi+0x10],rsi
  83:	mov    esi,edx
  85:	mov    r9,QWORD PTR [r8+rsi*1-0x8]
  8a:	mov    QWORD PTR [rcx+rsi*1-0x8],r9
  8f:	lea    r9,[rdi+0x18]
  93:	and    r9,0xfffffffffffffff8
  97:	sub    rcx,r9
  9a:	add    edx,ecx
  9c:	sub    r11,rcx
  9f:	and    edx,0xfffffff8
  a2:	cmp    edx,0x8
  a5:	jb     bd <std::__cxx11::basic_string<char, std::char_traits<char>, std::allocator<char> >::basic_string(std::__cxx11::basic_string<char, std::char_traits<char>, std::allocator<char> >&&)+0xbd>
  a7:	and    edx,0xfffffff8
  aa:	xor    ecx,ecx
  ac:	mov    esi,ecx
  ae:	add    ecx,0x8
  b1:	mov    r10,QWORD PTR [r11+rsi*1]
  b5:	mov    QWORD PTR [r9+rsi*1],r10
  b9:	cmp    ecx,edx
  bb:	jb     ac <std::__cxx11::basic_string<char, std::char_traits<char>, std::allocator<char> >::basic_string(std::__cxx11::basic_string<char, std::char_traits<char>, std::allocator<char> >&&)+0xac>
  bd:	mov    rsi,QWORD PTR [rax+0x8]
  c1:	jmp    29 <std::__cxx11::basic_string<char, std::char_traits<char>, std::allocator<char> >::basic_string(std::__cxx11::basic_string<char, std::char_traits<char>, std::allocator<char> >&&)+0x29>
  c6:	mov    esi,DWORD PTR [rax+0x10]
  c9:	mov    edx,edx
  cb:	mov    DWORD PTR [rdi+0x10],esi
  ce:	mov    esi,DWORD PTR [r8+rdx*1-0x4]
  d3:	mov    DWORD PTR [rcx+rdx*1-0x4],esi
  d7:	mov    rsi,QWORD PTR [rax+0x8]
  db:	jmp    29 <std::__cxx11::basic_string<char, std::char_traits<char>, std::allocator<char> >::basic_string(std::__cxx11::basic_string<char, std::char_traits<char>, std::allocator<char> >&&)+0x29>

Disassembly of section .text._ZN4lume15ExecutionResultD2Ev:

0000000000000000 <lume::ExecutionResult::~ExecutionResult()>:
   0:	endbr64
   4:	push   r12
   6:	mov    r12,rdi
   9:	push   rbp
   a:	push   rbx
   b:	cmp    BYTE PTR [rdi+0x40],0x0
   f:	jne    90 <lume::ExecutionResult::~ExecutionResult()+0x90>
  11:	mov    rbp,QWORD PTR [r12+0x8]
  16:	mov    rbx,QWORD PTR [r12]
  1a:	cmp    rbp,rbx
  1d:	jne    42 <lume::ExecutionResult::~ExecutionResult()+0x42>
  1f:	jmp    6a <lume::ExecutionResult::~ExecutionResult()+0x6a>
  21:	nop    DWORD PTR [rax+0x0]
  28:	test   rdi,rdi
  2b:	je     39 <lume::ExecutionResult::~ExecutionResult()+0x39>
  2d:	mov    rsi,QWORD PTR [rbx+0x10]
  31:	sub    rsi,rdi
  34:	call   39 <lume::ExecutionResult::~ExecutionResult()+0x39>
  39:	add    rbx,0x20
  3d:	cmp    rbp,rbx
  40:	je     66 <lume::ExecutionResult::~ExecutionResult()+0x66>
  42:	movzx  eax,BYTE PTR [rbx+0x18]
  46:	cmp    al,0xff
  48:	je     39 <lume::ExecutionResult::~ExecutionResult()+0x39>
  4a:	mov    rdi,QWORD PTR [rbx]
  4d:	cmp    al,0x2
  4f:	je     53 <lume::ExecutionResult::~ExecutionResult()+0x53>
  51:	jbe    28 <lume::ExecutionResult::~ExecutionResult()+0x28>
  53:	test   rdi,rdi
  56:	je     39 <lume::ExecutionResult::~ExecutionResult()+0x39>
  58:	call   5d <lume::ExecutionResult::~ExecutionResult()+0x5d>
  5d:	add    rbx,0x20
  61:	cmp    rbp,rbx
  64:	jne    42 <lume::ExecutionResult::~ExecutionResult()+0x42>
  66:	mov    rbx,QWORD PTR [r12]
  6a:	test   rbx,rbx
  6d:	je     88 <lume::ExecutionResult::~ExecutionResult()+0x88>
  6f:	mov    rsi,QWORD PTR [r12+0x10]
  74:	mov    rdi,rbx
  77:	sub    rsi,rbx
  7a:	pop    rbx
  7b:	pop    rbp
  7c:	pop    r12
  7e:	jmp    83 <lume::ExecutionResult::~ExecutionResult()+0x83>
  83:	nop    DWORD PTR [rax+rax*1+0x0]
  88:	pop    rbx
  89:	pop    rbp
  8a:	pop    r12
  8c:	ret
  8d:	nop    DWORD PTR [rax]
  90:	mov    BYTE PTR [rdi+0x40],0x0
  94:	mov    rdi,QWORD PTR [rdi+0x20]
  98:	lea    rax,[r12+0x30]
  9d:	cmp    rdi,rax
  a0:	je     11 <lume::ExecutionResult::~ExecutionResult()+0x11>
  a6:	mov    rax,QWORD PTR [r12+0x30]
  ab:	lea    rsi,[rax+0x1]
  af:	call   b4 <lume::ExecutionResult::~ExecutionResult()+0xb4>
  b4:	jmp    11 <lume::ExecutionResult::~ExecutionResult()+0x11>

Disassembly of section .text._ZStplIcSt11char_traitsIcESaIcEENSt7__cxx1112basic_stringIT_T0_T1_EEOS8_S9_:

0000000000000000 <std::__cxx11::basic_string<char, std::char_traits<char>, std::allocator<char> > std::operator+<char, std::char_traits<char>, std::allocator<char> >(std::__cxx11::basic_string<char, std::char_traits<char>, std::allocator<char> >&&, std::__cxx11::basic_string<char, std::char_traits<char>, std::allocator<char> >&&)>:
   0:	endbr64
   4:	push   r15
   6:	lea    rcx,[rsi+0x10]
   a:	push   r14
   c:	push   r13
   e:	push   r12
  10:	mov    r12,rdx
  13:	push   rbp
  14:	mov    rbp,rdi
  17:	push   rbx
  18:	mov    rbx,rsi
  1b:	sub    rsp,0x28
  1f:	mov    r15,QWORD PTR [rsi+0x8]
  23:	mov    r9,QWORD PTR [rdx+0x8]
  27:	mov    r14,QWORD PTR [rsi]
  2a:	mov    r10,QWORD PTR [rdx]
  2d:	lea    r13,[r9+r15*1]
  31:	cmp    rcx,r14
  34:	je     340 <std::__cxx11::basic_string<char, std::char_traits<char>, std::allocator<char> > std::operator+<char, std::char_traits<char>, std::allocator<char> >(std::__cxx11::basic_string<char, std::char_traits<char>, std::allocator<char> >&&, std::__cxx11::basic_string<char, std::char_traits<char>, std::allocator<char> >&&)+0x340>
  3a:	mov    rax,QWORD PTR [rsi+0x10]
  3e:	cmp    rax,r13
  41:	jae    280 <std::__cxx11::basic_string<char, std::char_traits<char>, std::allocator<char> > std::operator+<char, std::char_traits<char>, std::allocator<char> >(std::__cxx11::basic_string<char, std::char_traits<char>, std::allocator<char> >&&, std::__cxx11::basic_string<char, std::char_traits<char>, std::allocator<char> >&&)+0x280>
  47:	lea    r11,[rdx+0x10]
  4b:	cmp    r11,r10
  4e:	je     2d0 <std::__cxx11::basic_string<char, std::char_traits<char>, std::allocator<char> > std::operator+<char, std::char_traits<char>, std::allocator<char> >(std::__cxx11::basic_string<char, std::char_traits<char>, std::allocator<char> >&&, std::__cxx11::basic_string<char, std::char_traits<char>, std::allocator<char> >&&)+0x2d0>
  54:	mov    rdx,QWORD PTR [r12+0x10]
  59:	cmp    rdx,r13
  5c:	jae    1b0 <std::__cxx11::basic_string<char, std::char_traits<char>, std::allocator<char> > std::operator+<char, std::char_traits<char>, std::allocator<char> >(std::__cxx11::basic_string<char, std::char_traits<char>, std::allocator<char> >&&, std::__cxx11::basic_string<char, std::char_traits<char>, std::allocator<char> >&&)+0x1b0>
  62:	movabs rdx,0x7fffffffffffffff
  6c:	sub    rdx,r15
  6f:	cmp    rdx,r9
  72:	jb     443 <std::__cxx11::basic_string<char, std::char_traits<char>, std::allocator<char> > std::operator+<char, std::char_traits<char>, std::allocator<char> >(std::__cxx11::basic_string<char, std::char_traits<char>, std::allocator<char> >&&, std::__cxx11::basic_string<char, std::char_traits<char>, std::allocator<char> >&&)+0x443>
  78:	cmp    rax,r13
  7b:	jae    296 <std::__cxx11::basic_string<char, std::char_traits<char>, std::allocator<char> > std::operator+<char, std::char_traits<char>, std::allocator<char> >(std::__cxx11::basic_string<char, std::char_traits<char>, std::allocator<char> >&&, std::__cxx11::basic_string<char, std::char_traits<char>, std::allocator<char> >&&)+0x296>
  81:	test   r13,r13
  84:	js     56d <std::__cxx11::basic_string<char, std::char_traits<char>, std::allocator<char> > std::operator+<char, std::char_traits<char>, std::allocator<char> >(std::__cxx11::basic_string<char, std::char_traits<char>, std::allocator<char> >&&, std::__cxx11::basic_string<char, std::char_traits<char>, std::allocator<char> >&&)+0x56d>
  8a:	lea    r12,[rax+rax*1]
  8e:	cmp    r13,r12
  91:	jb     328 <std::__cxx11::basic_string<char, std::char_traits<char>, std::allocator<char> > std::operator+<char, std::char_traits<char>, std::allocator<char> >(std::__cxx11::basic_string<char, std::char_traits<char>, std::allocator<char> >&&, std::__cxx11::basic_string<char, std::char_traits<char>, std::allocator<char> >&&)+0x328>
  97:	mov    rdi,r13
  9a:	mov    r12,r13
  9d:	add    rdi,0x1
  a1:	js     331 <std::__cxx11::basic_string<char, std::char_traits<char>, std::allocator<char> > std::operator+<char, std::char_traits<char>, std::allocator<char> >(std::__cxx11::basic_string<char, std::char_traits<char>, std::allocator<char> >&&, std::__cxx11::basic_string<char, std::char_traits<char>, std::allocator<char> >&&)+0x331>
  a7:	mov    QWORD PTR [rsp+0x18],r10
  ac:	mov    QWORD PTR [rsp+0x10],r9
  b1:	mov    QWORD PTR [rsp+0x8],rcx
  b6:	call   bb <std::__cxx11::basic_string<char, std::char_traits<char>, std::allocator<char> > std::operator+<char, std::char_traits<char>, std::allocator<char> >(std::__cxx11::basic_string<char, std::char_traits<char>, std::allocator<char> >&&, std::__cxx11::basic_string<char, std::char_traits<char>, std::allocator<char> >&&)+0xbb>
  bb:	test   r15,r15
  be:	mov    rcx,QWORD PTR [rsp+0x8]
  c3:	mov    r9,QWORD PTR [rsp+0x10]
  c8:	mov    r10,QWORD PTR [rsp+0x18]
  cd:	mov    r14,rax
  d0:	je     108 <std::__cxx11::basic_string<char, std::char_traits<char>, std::allocator<char> > std::operator+<char, std::char_traits<char>, std::allocator<char> >(std::__cxx11::basic_string<char, std::char_traits<char>, std::allocator<char> >&&, std::__cxx11::basic_string<char, std::char_traits<char>, std::allocator<char> >&&)+0x108>
  d2:	mov    rsi,QWORD PTR [rbx]
  d5:	cmp    r15,0x1
  d9:	je     460 <std::__cxx11::basic_string<char, std::char_traits<char>, std::allocator<char> > std::operator+<char, std::char_traits<char>, std::allocator<char> >(std::__cxx11::basic_string<char, std::char_traits<char>, std::allocator<char> >&&, std::__cxx11::basic_string<char, std::char_traits<char>, std::allocator<char> >&&)+0x460>
  df:	mov    rdx,r15
  e2:	mov    rdi,rax
  e5:	mov    QWORD PTR [rsp+0x18],r10
  ea:	mov    QWORD PTR [rsp+0x10],r9
  ef:	mov    QWORD PTR [rsp+0x8],rcx
  f4:	call   f9 <std::__cxx11::basic_string<char, std::char_traits<char>, std::allocator<char> > std::operator+<char, std::char_traits<char>, std::allocator<char> >(std::__cxx11::basic_string<char, std::char_traits<char>, std::allocator<char> >&&, std::__cxx11::basic_string<char, std::char_traits<char>, std::allocator<char> >&&)+0xf9>
  f9:	mov    r10,QWORD PTR [rsp+0x18]
  fe:	mov    r9,QWORD PTR [rsp+0x10]
 103:	mov    rcx,QWORD PTR [rsp+0x8]
 108:	test   r10,r10
 10b:	je     135 <std::__cxx11::basic_string<char, std::char_traits<char>, std::allocator<char> > std::operator+<char, std::char_traits<char>, std::allocator<char> >(std::__cxx11::basic_string<char, std::char_traits<char>, std::allocator<char> >&&, std::__cxx11::basic_string<char, std::char_traits<char>, std::allocator<char> >&&)+0x135>
 10d:	test   r9,r9
 110:	je     135 <std::__cxx11::basic_string<char, std::char_traits<char>, std::allocator<char> > std::operator+<char, std::char_traits<char>, std::allocator<char> >(std::__cxx11::basic_string<char, std::char_traits<char>, std::allocator<char> >&&, std::__cxx11::basic_string<char, std::char_traits<char>, std::allocator<char> >&&)+0x135>
 112:	lea    rdi,[r14+r15*1]
 116:	cmp    r9,0x1
 11a:	je     450 <std::__cxx11::basic_string<char, std::char_traits<char>, std::allocator<char> > std::operator+<char, std::char_traits<char>, std::allocator<char> >(std::__cxx11::basic_string<char, std::char_traits<char>, std::allocator<char> >&&, std::__cxx11::basic_string<char, std::char_traits<char>, std::allocator<char> >&&)+0x450>
 120:	mov    rdx,r9
 123:	mov    rsi,r10
 126:	mov    QWORD PTR [rsp+0x8],rcx
 12b:	call   130 <std::__cxx11::basic_string<char, std::char_traits<char>, std::allocator<char> > std::operator+<char, std::char_traits<char>, std::allocator<char> >(std::__cxx11::basic_string<char, std::char_traits<char>, std::allocator<char> >&&, std::__cxx11::basic_string<char, std::char_traits<char>, std::allocator<char> >&&)+0x130>
 130:	mov    rcx,QWORD PTR [rsp+0x8]
 135:	mov    rdi,QWORD PTR [rbx]
 138:	cmp    rcx,rdi
 13b:	je     154 <std::__cxx11::basic_string<char, std::char_traits<char>, std::allocator<char> > std::operator+<char, std::char_traits<char>, std::allocator<char> >(std::__cxx11::basic_string<char, std::char_traits<char>, std::allocator<char> >&&, std::__cxx11::basic_string<char, std::char_traits<char>, std::allocator<char> >&&)+0x154>
 13d:	mov    rax,QWORD PTR [rbx+0x10]
 141:	mov    QWORD PTR [rsp+0x8],rcx
 146:	lea    rsi,[rax+0x1]
 14a:	call   14f <std::__cxx11::basic_string<char, std::char_traits<char>, std::allocator<char> > std::operator+<char, std::char_traits<char>, std::allocator<char> >(std::__cxx11::basic_string<char, std::char_traits<char>, std::allocator<char> >&&, std::__cxx11::basic_string<char, std::char_traits<char>, std::allocator<char> >&&)+0x14f>
 14f:	mov    rcx,QWORD PTR [rsp+0x8]
 154:	mov    QWORD PTR [rbx],r14
 157:	mov    QWORD PTR [rbx+0x10],r12
 15b:	lea    rdx,[rbp+0x10]
 15f:	mov    QWORD PTR [rbx+0x8],r13
 163:	mov    BYTE PTR [r14+r13*1],0x0
 168:	mov    QWORD PTR [rbp+0x0],rdx
 16c:	mov    rax,QWORD PTR [rbx]
 16f:	cmp    rcx,rax
 172:	je     368 <std::__cxx11::basic_string<char, std::char_traits<char>, std::allocator<char> > std::operator+<char, std::char_traits<char>, std::allocator<char> >(std::__cxx11::basic_string<char, std::char_traits<char>, std::allocator<char> >&&, std::__cxx11::basic_string<char, std::char_traits<char>, std::allocator<char> >&&)+0x368>
 178:	mov    QWORD PTR [rbp+0x0],rax
 17c:	mov    rax,QWORD PTR [rbx+0x10]
 180:	mov    QWORD PTR [rbp+0x10],rax
 184:	mov    rax,QWORD PTR [rbx+0x8]
 188:	mov    QWORD PTR [rbp+0x8],rax
 18c:	mov    QWORD PTR [rbx],rcx
 18f:	mov    QWORD PTR [rbx+0x8],0x0
 197:	mov    BYTE PTR [rbx+0x10],0x0
 19b:	add    rsp,0x28
 19f:	mov    rax,rbp
 1a2:	pop    rbx
 1a3:	pop    rbp
 1a4:	pop    r12
 1a6:	pop    r13
 1a8:	pop    r14
 1aa:	pop    r15
 1ac:	ret
 1ad:	nop    DWORD PTR [rax]
 1b0:	movabs rax,0x7fffffffffffffff
 1ba:	sub    rax,r9
 1bd:	cmp    rax,r15
 1c0:	jb     561 <std::__cxx11::basic_string<char, std::char_traits<char>, std::allocator<char> > std::operator+<char, std::char_traits<char>, std::allocator<char> >(std::__cxx11::basic_string<char, std::char_traits<char>, std::allocator<char> >&&, std::__cxx11::basic_string<char, std::char_traits<char>, std::allocator<char> >&&)+0x561>
 1c6:	cmp    r14,r10
 1c9:	jae    2f0 <std::__cxx11::basic_string<char, std::char_traits<char>, std::allocator<char> > std::operator+<char, std::char_traits<char>, std::allocator<char> >(std::__cxx11::basic_string<char, std::char_traits<char>, std::allocator<char> >&&, std::__cxx11::basic_string<char, std::char_traits<char>, std::allocator<char> >&&)+0x2f0>
 1cf:	test   r9,r9
 1d2:	je     4c0 <std::__cxx11::basic_string<char, std::char_traits<char>, std::allocator<char> > std::operator+<char, std::char_traits<char>, std::allocator<char> >(std::__cxx11::basic_string<char, std::char_traits<char>, std::allocator<char> >&&, std::__cxx11::basic_string<char, std::char_traits<char>, std::allocator<char> >&&)+0x4c0>
 1d8:	test   r15,r15
 1db:	je     230 <std::__cxx11::basic_string<char, std::char_traits<char>, std::allocator<char> > std::operator+<char, std::char_traits<char>, std::allocator<char> >(std::__cxx11::basic_string<char, std::char_traits<char>, std::allocator<char> >&&, std::__cxx11::basic_string<char, std::char_traits<char>, std::allocator<char> >&&)+0x230>
 1dd:	lea    rdi,[r10+r15*1]
 1e1:	cmp    r9,0x1
 1e5:	je     438 <std::__cxx11::basic_string<char, std::char_traits<char>, std::allocator<char> > std::operator+<char, std::char_traits<char>, std::allocator<char> >(std::__cxx11::basic_string<char, std::char_traits<char>, std::allocator<char> >&&, std::__cxx11::basic_string<char, std::char_traits<char>, std::allocator<char> >&&)+0x438>
 1eb:	mov    rsi,r10
 1ee:	mov    rdx,r9
 1f1:	mov    QWORD PTR [rsp+0x10],r11
 1f6:	mov    QWORD PTR [rsp+0x8],r10
 1fb:	call   200 <std::__cxx11::basic_string<char, std::char_traits<char>, std::allocator<char> > std::operator+<char, std::char_traits<char>, std::allocator<char> >(std::__cxx11::basic_string<char, std::char_traits<char>, std::allocator<char> >&&, std::__cxx11::basic_string<char, std::char_traits<char>, std::allocator<char> >&&)+0x200>
 200:	mov    r10,QWORD PTR [rsp+0x8]
 205:	mov    r11,QWORD PTR [rsp+0x10]
 20a:	cmp    r15,0x1
 20e:	je     4d0 <std::__cxx11::basic_string<char, std::char_traits<char>, std::allocator<char> > std::operator+<char, std::char_traits<char>, std::allocator<char> >(std::__cxx11::basic_string<char, std::char_traits<char>, std::allocator<char> >&&, std::__cxx11::basic_string<char, std::char_traits<char>, std::allocator<char> >&&)+0x4d0>
 214:	mov    rdi,r10
 217:	mov    rdx,r15
 21a:	mov    rsi,r14
 21d:	mov    QWORD PTR [rsp+0x8],r11
 222:	call   227 <std::__cxx11::basic_string<char, std::char_traits<char>, std::allocator<char> > std::operator+<char, std::char_traits<char>, std::allocator<char> >(std::__cxx11::basic_string<char, std::char_traits<char>, std::allocator<char> >&&, std::__cxx11::basic_string<char, std::char_traits<char>, std::allocator<char> >&&)+0x227>
 227:	mov    r10,QWORD PTR [r12]
 22b:	mov    r11,QWORD PTR [rsp+0x8]
 230:	lea    rdx,[rbp+0x10]
 234:	mov    QWORD PTR [r12+0x8],r13
 239:	mov    BYTE PTR [r10+r13*1],0x0
 23e:	mov    QWORD PTR [rbp+0x0],rdx
 242:	mov    rax,QWORD PTR [r12]
 246:	cmp    rax,r11
 249:	je     470 <std::__cxx11::basic_string<char, std::char_traits<char>, std::allocator<char> > std::operator+<char, std::char_traits<char>, std::allocator<char> >(std::__cxx11::basic_string<char, std::char_traits<char>, std::allocator<char> >&&, std::__cxx11::basic_string<char, std::char_traits<char>, std::allocator<char> >&&)+0x470>
 24f:	mov    QWORD PTR [rbp+0x0],rax
 253:	mov    rax,QWORD PTR [r12+0x10]
 258:	mov    QWORD PTR [rbp+0x10],rax
 25c:	mov    rax,QWORD PTR [r12+0x8]
 261:	mov    QWORD PTR [rbp+0x8],rax
 265:	mov    QWORD PTR [r12],r11
 269:	mov    QWORD PTR [r12+0x8],0x0
 272:	mov    BYTE PTR [r12+0x10],0x0
 278:	jmp    19b <std::__cxx11::basic_string<char, std::char_traits<char>, std::allocator<char> > std::operator+<char, std::char_traits<char>, std::allocator<char> >(std::__cxx11::basic_string<char, std::char_traits<char>, std::allocator<char> >&&, std::__cxx11::basic_string<char, std::char_traits<char>, std::allocator<char> >&&)+0x19b>
 27d:	nop    DWORD PTR [rax]
 280:	movabs rax,0x7fffffffffffffff
 28a:	sub    rax,r15
 28d:	cmp    rax,r9
 290:	jb     443 <std::__cxx11::basic_string<char, std::char_traits<char>, std::allocator<char> > std::operator+<char, std::char_traits<char>, std::allocator<char> >(std::__cxx11::basic_string<char, std::char_traits<char>, std::allocator<char> >&&, std::__cxx11::basic_string<char, std::char_traits<char>, std::allocator<char> >&&)+0x443>
 296:	test   r9,r9
 299:	je     15b <std::__cxx11::basic_string<char, std::char_traits<char>, std::allocator<char> > std::operator+<char, std::char_traits<char>, std::allocator<char> >(std::__cxx11::basic_string<char, std::char_traits<char>, std::allocator<char> >&&, std::__cxx11::basic_string<char, std::char_traits<char>, std::allocator<char> >&&)+0x15b>
 29f:	lea    rdi,[r14+r15*1]
 2a3:	cmp    r9,0x1
 2a7:	je     2e0 <std::__cxx11::basic_string<char, std::char_traits<char>, std::allocator<char> > std::operator+<char, std::char_traits<char>, std::allocator<char> >(std::__cxx11::basic_string<char, std::char_traits<char>, std::allocator<char> >&&, std::__cxx11::basic_string<char, std::char_traits<char>, std::allocator<char> >&&)+0x2e0>
 2a9:	mov    rdx,r9
 2ac:	mov    rsi,r10
 2af:	mov    QWORD PTR [rsp+0x8],rcx
 2b4:	call   2b9 <std::__cxx11::basic_string<char, std::char_traits<char>, std::allocator<char> > std::operator+<char, std::char_traits<char>, std::allocator<char> >(std::__cxx11::basic_string<char, std::char_traits<char>, std::allocator<char> >&&, std::__cxx11::basic_string<char, std::char_traits<char>, std::allocator<char> >&&)+0x2b9>
 2b9:	mov    r14,QWORD PTR [rbx]
 2bc:	mov    rcx,QWORD PTR [rsp+0x8]
 2c1:	jmp    15b <std::__cxx11::basic_string<char, std::char_traits<char>, std::allocator<char> > std::operator+<char, std::char_traits<char>, std::allocator<char> >(std::__cxx11::basic_string<char, std::char_traits<char>, std::allocator<char> >&&, std::__cxx11::basic_string<char, std::char_traits<char>, std::allocator<char> >&&)+0x15b>
 2c6:	cs nop WORD PTR [rax+rax*1+0x0]
 2d0:	mov    edx,0xf
 2d5:	jmp    59 <std::__cxx11::basic_string<char, std::char_traits<char>, std::allocator<char> > std::operator+<char, std::char_traits<char>, std::allocator<char> >(std::__cxx11::basic_string<char, std::char_traits<char>, std::allocator<char> >&&, std::__cxx11::basic_string<char, std::char_traits<char>, std::allocator<char> >&&)+0x59>
 2da:	nop    WORD PTR [rax+rax*1+0x0]
 2e0:	movzx  eax,BYTE PTR [r10]
 2e4:	mov    BYTE PTR [rdi],al
 2e6:	mov    r14,QWORD PTR [rbx]
 2e9:	jmp    15b <std::__cxx11::basic_string<char, std::char_traits<char>, std::allocator<char> > std::operator+<char, std::char_traits<char>, std::allocator<char> >(std::__cxx11::basic_string<char, std::char_traits<char>, std::allocator<char> >&&, std::__cxx11::basic_string<char, std::char_traits<char>, std::allocator<char> >&&)+0x15b>
 2ee:	xchg   ax,ax
 2f0:	lea    rax,[r10+r9*1]
 2f4:	cmp    rax,r14
 2f7:	jb     1cf <std::__cxx11::basic_string<char, std::char_traits<char>, std::allocator<char> > std::operator+<char, std::char_traits<char>, std::allocator<char> >(std::__cxx11::basic_string<char, std::char_traits<char>, std::allocator<char> >&&, std::__cxx11::basic_string<char, std::char_traits<char>, std::allocator<char> >&&)+0x1cf>
 2fd:	mov    rsi,r10
 300:	mov    r8,r15
 303:	mov    rcx,r14
 306:	xor    edx,edx
 308:	mov    rdi,r12
 30b:	mov    QWORD PTR [rsp+0x8],r11
 310:	call   315 <std::__cxx11::basic_string<char, std::char_traits<char>, std::allocator<char> > std::operator+<char, std::char_traits<char>, std::allocator<char> >(std::__cxx11::basic_string<char, std::char_traits<char>, std::allocator<char> >&&, std::__cxx11::basic_string<char, std::char_traits<char>, std::allocator<char> >&&)+0x315>
 315:	mov    r10,QWORD PTR [r12]
 319:	mov    r11,QWORD PTR [rsp+0x8]
 31e:	jmp    230 <std::__cxx11::basic_string<char, std::char_traits<char>, std::allocator<char> > std::operator+<char, std::char_traits<char>, std::allocator<char> >(std::__cxx11::basic_string<char, std::char_traits<char>, std::allocator<char> >&&, std::__cxx11::basic_string<char, std::char_traits<char>, std::allocator<char> >&&)+0x230>
 323:	nop    DWORD PTR [rax+rax*1+0x0]
 328:	test   r12,r12
 32b:	jns    42b <std::__cxx11::basic_string<char, std::char_traits<char>, std::allocator<char> > std::operator+<char, std::char_traits<char>, std::allocator<char> >(std::__cxx11::basic_string<char, std::char_traits<char>, std::allocator<char> >&&, std::__cxx11::basic_string<char, std::char_traits<char>, std::allocator<char> >&&)+0x42b>
 331:	call   336 <std::__cxx11::basic_string<char, std::char_traits<char>, std::allocator<char> > std::operator+<char, std::char_traits<char>, std::allocator<char> >(std::__cxx11::basic_string<char, std::char_traits<char>, std::allocator<char> >&&, std::__cxx11::basic_string<char, std::char_traits<char>, std::allocator<char> >&&)+0x336>
 336:	cs nop WORD PTR [rax+rax*1+0x0]
 340:	cmp    r13,0xf
 344:	jbe    280 <std::__cxx11::basic_string<char, std::char_traits<char>, std::allocator<char> > std::operator+<char, std::char_traits<char>, std::allocator<char> >(std::__cxx11::basic_string<char, std::char_traits<char>, std::allocator<char> >&&, std::__cxx11::basic_string<char, std::char_traits<char>, std::allocator<char> >&&)+0x280>
 34a:	lea    r11,[rdx+0x10]
 34e:	cmp    r10,r11
 351:	je     400 <std::__cxx11::basic_string<char, std::char_traits<char>, std::allocator<char> > std::operator+<char, std::char_traits<char>, std::allocator<char> >(std::__cxx11::basic_string<char, std::char_traits<char>, std::allocator<char> >&&, std::__cxx11::basic_string<char, std::char_traits<char>, std::allocator<char> >&&)+0x400>
 357:	mov    eax,0xf
 35c:	jmp    54 <std::__cxx11::basic_string<char, std::char_traits<char>, std::allocator<char> > std::operator+<char, std::char_traits<char>, std::allocator<char> >(std::__cxx11::basic_string<char, std::char_traits<char>, std::allocator<char> >&&, std::__cxx11::basic_string<char, std::char_traits<char>, std::allocator<char> >&&)+0x54>
 361:	nop    DWORD PTR [rax+0x0]
 368:	mov    rax,QWORD PTR [rbx+0x8]
 36c:	lea    rsi,[rax+0x1]
 370:	cmp    esi,0x8
 373:	jae    3b0 <std::__cxx11::basic_string<char, std::char_traits<char>, std::allocator<char> > std::operator+<char, std::char_traits<char>, std::allocator<char> >(std::__cxx11::basic_string<char, std::char_traits<char>, std::allocator<char> >&&, std::__cxx11::basic_string<char, std::char_traits<char>, std::allocator<char> >&&)+0x3b0>
 375:	test   sil,0x4
 379:	jne    52d <std::__cxx11::basic_string<char, std::char_traits<char>, std::allocator<char> > std::operator+<char, std::char_traits<char>, std::allocator<char> >(std::__cxx11::basic_string<char, std::char_traits<char>, std::allocator<char> >&&, std::__cxx11::basic_string<char, std::char_traits<char>, std::allocator<char> >&&)+0x52d>
 37f:	test   esi,esi
 381:	je     188 <std::__cxx11::basic_string<char, std::char_traits<char>, std::allocator<char> > std::operator+<char, std::char_traits<char>, std::allocator<char> >(std::__cxx11::basic_string<char, std::char_traits<char>, std::allocator<char> >&&, std::__cxx11::basic_string<char, std::char_traits<char>, std::allocator<char> >&&)+0x188>
 387:	movzx  eax,BYTE PTR [rbx+0x10]
 38b:	mov    BYTE PTR [rbp+0x10],al
 38e:	test   sil,0x2
 392:	je     184 <std::__cxx11::basic_string<char, std::char_traits<char>, std::allocator<char> > std::operator+<char, std::char_traits<char>, std::allocator<char> >(std::__cxx11::basic_string<char, std::char_traits<char>, std::allocator<char> >&&, std::__cxx11::basic_string<char, std::char_traits<char>, std::allocator<char> >&&)+0x184>
 398:	mov    esi,esi
 39a:	movzx  eax,WORD PTR [rcx+rsi*1-0x2]
 39f:	mov    WORD PTR [rdx+rsi*1-0x2],ax
 3a4:	mov    rax,QWORD PTR [rbx+0x8]
 3a8:	jmp    188 <std::__cxx11::basic_string<char, std::char_traits<char>, std::allocator<char> > std::operator+<char, std::char_traits<char>, std::allocator<char> >(std::__cxx11::basic_string<char, std::char_traits<char>, std::allocator<char> >&&, std::__cxx11::basic_string<char, std::char_traits<char>, std::allocator<char> >&&)+0x188>
 3ad:	nop    DWORD PTR [rax]
 3b0:	mov    rax,QWORD PTR [rbx+0x10]
 3b4:	mov    r9,rcx
 3b7:	mov    QWORD PTR [rbp+0x10],rax
 3bb:	mov    eax,esi
 3bd:	mov    rdi,QWORD PTR [rcx+rax*1-0x8]
 3c2:	mov    QWORD PTR [rdx+rax*1-0x8],rdi
 3c7:	lea    rdi,[rbp+0x18]
 3cb:	and    rdi,0xfffffffffffffff8
 3cf:	sub    rdx,rdi
 3d2:	add    esi,edx
 3d4:	sub    r9,rdx
 3d7:	and    esi,0xfffffff8
 3da:	cmp    esi,0x8
 3dd:	jb     184 <std::__cxx11::basic_string<char, std::char_traits<char>, std::allocator<char> > std::operator+<char, std::char_traits<char>, std::allocator<char> >(std::__cxx11::basic_string<char, std::char_traits<char>, std::allocator<char> >&&, std::__cxx11::basic_string<char, std::char_traits<char>, std::allocator<char> >&&)+0x184>
 3e3:	and    esi,0xfffffff8
 3e6:	xor    eax,eax
 3e8:	mov    edx,eax
 3ea:	add    eax,0x8
 3ed:	mov    r8,QWORD PTR [r9+rdx*1]
 3f1:	mov    QWORD PTR [rdi+rdx*1],r8
 3f5:	cmp    eax,esi
 3f7:	jb     3e8 <std::__cxx11::basic_string<char, std::char_traits<char>, std::allocator<char> > std::operator+<char, std::char_traits<char>, std::allocator<char> >(std::__cxx11::basic_string<char, std::char_traits<char>, std::allocator<char> >&&, std::__cxx11::basic_string<char, std::char_traits<char>, std::allocator<char> >&&)+0x3e8>
 3f9:	jmp    184 <std::__cxx11::basic_string<char, std::char_traits<char>, std::allocator<char> > std::operator+<char, std::char_traits<char>, std::allocator<char> >(std::__cxx11::basic_string<char, std::char_traits<char>, std::allocator<char> >&&, std::__cxx11::basic_string<char, std::char_traits<char>, std::allocator<char> >&&)+0x184>
 3fe:	xchg   ax,ax
 400:	movabs rax,0x7fffffffffffffff
 40a:	sub    rax,r15
 40d:	cmp    rax,r9
 410:	jb     443 <std::__cxx11::basic_string<char, std::char_traits<char>, std::allocator<char> > std::operator+<char, std::char_traits<char>, std::allocator<char> >(std::__cxx11::basic_string<char, std::char_traits<char>, std::allocator<char> >&&, std::__cxx11::basic_string<char, std::char_traits<char>, std::allocator<char> >&&)+0x443>
 412:	test   r13,r13
 415:	js     56d <std::__cxx11::basic_string<char, std::char_traits<char>, std::allocator<char> > std::operator+<char, std::char_traits<char>, std::allocator<char> >(std::__cxx11::basic_string<char, std::char_traits<char>, std::allocator<char> >&&, std::__cxx11::basic_string<char, std::char_traits<char>, std::allocator<char> >&&)+0x56d>
 41b:	cmp    r13,0x1d
 41f:	ja     97 <std::__cxx11::basic_string<char, std::char_traits<char>, std::allocator<char> > std::operator+<char, std::char_traits<char>, std::allocator<char> >(std::__cxx11::basic_string<char, std::char_traits<char>, std::allocator<char> >&&, std::__cxx11::basic_string<char, std::char_traits<char>, std::allocator<char> >&&)+0x97>
 425:	mov    r12d,0x1e
 42b:	lea    rdi,[r12+0x1]
 430:	jmp    a7 <std::__cxx11::basic_string<char, std::char_traits<char>, std::allocator<char> > std::operator+<char, std::char_traits<char>, std::allocator<char> >(std::__cxx11::basic_string<char, std::char_traits<char>, std::allocator<char> >&&, std::__cxx11::basic_string<char, std::char_traits<char>, std::allocator<char> >&&)+0xa7>
 435:	nop    DWORD PTR [rax]
 438:	movzx  eax,BYTE PTR [r10]
 43c:	mov    BYTE PTR [rdi],al
 43e:	jmp    20a <std::__cxx11::basic_string<char, std::char_traits<char>, std::allocator<char> > std::operator+<char, std::char_traits<char>, std::allocator<char> >(std::__cxx11::basic_string<char, std::char_traits<char>, std::allocator<char> >&&, std::__cxx11::basic_string<char, std::char_traits<char>, std::allocator<char> >&&)+0x20a>
 443:	lea    rdi,[rip+0x0]        # 44a <std::__cxx11::basic_string<char, std::char_traits<char>, std::allocator<char> > std::operator+<char, std::char_traits<char>, std::allocator<char> >(std::__cxx11::basic_string<char, std::char_traits<char>, std::allocator<char> >&&, std::__cxx11::basic_string<char, std::char_traits<char>, std::allocator<char> >&&)+0x44a>
 44a:	call   44f <std::__cxx11::basic_string<char, std::char_traits<char>, std::allocator<char> > std::operator+<char, std::char_traits<char>, std::allocator<char> >(std::__cxx11::basic_string<char, std::char_traits<char>, std::allocator<char> >&&, std::__cxx11::basic_string<char, std::char_traits<char>, std::allocator<char> >&&)+0x44f>
 44f:	nop
 450:	movzx  eax,BYTE PTR [r10]
 454:	mov    BYTE PTR [rdi],al
 456:	jmp    135 <std::__cxx11::basic_string<char, std::char_traits<char>, std::allocator<char> > std::operator+<char, std::char_traits<char>, std::allocator<char> >(std::__cxx11::basic_string<char, std::char_traits<char>, std::allocator<char> >&&, std::__cxx11::basic_string<char, std::char_traits<char>, std::allocator<char> >&&)+0x135>
 45b:	nop    DWORD PTR [rax+rax*1+0x0]
 460:	movzx  eax,BYTE PTR [rsi]
 463:	mov    BYTE PTR [r14],al
 466:	jmp    108 <std::__cxx11::basic_string<char, std::char_traits<char>, std::allocator<char> > std::operator+<char, std::char_traits<char>, std::allocator<char> >(std::__cxx11::basic_string<char, std::char_traits<char>, std::allocator<char> >&&, std::__cxx11::basic_string<char, std::char_traits<char>, std::allocator<char> >&&)+0x108>
 46b:	nop    DWORD PTR [rax+rax*1+0x0]
 470:	mov    rax,QWORD PTR [r12+0x8]
 475:	lea    rcx,[rax+0x1]
 479:	cmp    ecx,0x8
 47c:	jae    4e0 <std::__cxx11::basic_string<char, std::char_traits<char>, std::allocator<char> > std::operator+<char, std::char_traits<char>, std::allocator<char> >(std::__cxx11::basic_string<char, std::char_traits<char>, std::allocator<char> >&&, std::__cxx11::basic_string<char, std::char_traits<char>, std::allocator<char> >&&)+0x4e0>
 47e:	test   cl,0x4
 481:	jne    546 <std::__cxx11::basic_string<char, std::char_traits<char>, std::allocator<char> > std::operator+<char, std::char_traits<char>, std::allocator<char> >(std::__cxx11::basic_string<char, std::char_traits<char>, std::allocator<char> >&&, std::__cxx11::basic_string<char, std::char_traits<char>, std::allocator<char> >&&)+0x546>
 487:	test   ecx,ecx
 489:	je     261 <std::__cxx11::basic_string<char, std::char_traits<char>, std::allocator<char> > std::operator+<char, std::char_traits<char>, std::allocator<char> >(std::__cxx11::basic_string<char, std::char_traits<char>, std::allocator<char> >&&, std::__cxx11::basic_string<char, std::char_traits<char>, std::allocator<char> >&&)+0x261>
 48f:	movzx  eax,BYTE PTR [r11]
 493:	mov    BYTE PTR [rbp+0x10],al
 496:	test   cl,0x2
 499:	je     25c <std::__cxx11::basic_string<char, std::char_traits<char>, std::allocator<char> > std::operator+<char, std::char_traits<char>, std::allocator<char> >(std::__cxx11::basic_string<char, std::char_traits<char>, std::allocator<char> >&&, std::__cxx11::basic_string<char, std::char_traits<char>, std::allocator<char> >&&)+0x25c>
 49f:	mov    ecx,ecx
 4a1:	movzx  eax,WORD PTR [r11+rcx*1-0x2]
 4a7:	mov    WORD PTR [rdx+rcx*1-0x2],ax
 4ac:	mov    rax,QWORD PTR [r12+0x8]
 4b1:	jmp    261 <std::__cxx11::basic_string<char, std::char_traits<char>, std::allocator<char> > std::operator+<char, std::char_traits<char>, std::allocator<char> >(std::__cxx11::basic_string<char, std::char_traits<char>, std::allocator<char> >&&, std::__cxx11::basic_string<char, std::char_traits<char>, std::allocator<char> >&&)+0x261>
 4b6:	cs nop WORD PTR [rax+rax*1+0x0]
 4c0:	test   r15,r15
 4c3:	je     230 <std::__cxx11::basic_string<char, std::char_traits<char>, std::allocator<char> > std::operator+<char, std::char_traits<char>, std::allocator<char> >(std::__cxx11::basic_string<char, std::char_traits<char>, std::allocator<char> >&&, std::__cxx11::basic_string<char, std::char_traits<char>, std::allocator<char> >&&)+0x230>
 4c9:	jmp    20a <std::__cxx11::basic_string<char, std::char_traits<char>, std::allocator<char> > std::operator+<char, std::char_traits<char>, std::allocator<char> >(std::__cxx11::basic_string<char, std::char_traits<char>, std::allocator<char> >&&, std::__cxx11::basic_string<char, std::char_traits<char>, std::allocator<char> >&&)+0x20a>
 4ce:	xchg   ax,ax
 4d0:	movzx  eax,BYTE PTR [r14]
 4d4:	mov    BYTE PTR [r10],al
 4d7:	mov    r10,QWORD PTR [r12]
 4db:	jmp    230 <std::__cxx11::basic_string<char, std::char_traits<char>, std::allocator<char> > std::operator+<char, std::char_traits<char>, std::allocator<char> >(std::__cxx11::basic_string<char, std::char_traits<char>, std::allocator<char> >&&, std::__cxx11::basic_string<char, std::char_traits<char>, std::allocator<char> >&&)+0x230>
 4e0:	mov    rax,QWORD PTR [r11]
 4e3:	mov    r8,r11
 4e6:	mov    QWORD PTR [rbp+0x10],rax
 4ea:	mov    eax,ecx
 4ec:	mov    rsi,QWORD PTR [r11+rax*1-0x8]
 4f1:	mov    QWORD PTR [rdx+rax*1-0x8],rsi
 4f6:	lea    rsi,[rbp+0x18]
 4fa:	and    rsi,0xfffffffffffffff8
 4fe:	sub    rdx,rsi
 501:	add    ecx,edx
 503:	sub    r8,rdx
 506:	and    ecx,0xfffffff8
 509:	cmp    ecx,0x8
 50c:	jb     25c <std::__cxx11::basic_string<char, std::char_traits<char>, std::allocator<char> > std::operator+<char, std::char_traits<char>, std::allocator<char> >(std::__cxx11::basic_string<char, std::char_traits<char>, std::allocator<char> >&&, std::__cxx11::basic_string<char, std::char_traits<char>, std::allocator<char> >&&)+0x25c>
 512:	and    ecx,0xfffffff8
 515:	xor    eax,eax
 517:	mov    edx,eax
 519:	add    eax,0x8
 51c:	mov    rdi,QWORD PTR [r8+rdx*1]
 520:	mov    QWORD PTR [rsi+rdx*1],rdi
 524:	cmp    eax,ecx
 526:	jb     517 <std::__cxx11::basic_string<char, std::char_traits<char>, std::allocator<char> > std::operator+<char, std::char_traits<char>, std::allocator<char> >(std::__cxx11::basic_string<char, std::char_traits<char>, std::allocator<char> >&&, std::__cxx11::basic_string<char, std::char_traits<char>, std::allocator<char> >&&)+0x517>
 528:	jmp    25c <std::__cxx11::basic_string<char, std::char_traits<char>, std::allocator<char> > std::operator+<char, std::char_traits<char>, std::allocator<char> >(std::__cxx11::basic_string<char, std::char_traits<char>, std::allocator<char> >&&, std::__cxx11::basic_string<char, std::char_traits<char>, std::allocator<char> >&&)+0x25c>
 52d:	mov    eax,DWORD PTR [rbx+0x10]
 530:	mov    esi,esi
 532:	mov    DWORD PTR [rbp+0x10],eax
 535:	mov    eax,DWORD PTR [rcx+rsi*1-0x4]
 539:	mov    DWORD PTR [rdx+rsi*1-0x4],eax
 53d:	mov    rax,QWORD PTR [rbx+0x8]
 541:	jmp    188 <std::__cxx11::basic_string<char, std::char_traits<char>, std::allocator<char> > std::operator+<char, std::char_traits<char>, std::allocator<char> >(std::__cxx11::basic_string<char, std::char_traits<char>, std::allocator<char> >&&, std::__cxx11::basic_string<char, std::char_traits<char>, std::allocator<char> >&&)+0x188>
 546:	mov    eax,DWORD PTR [r11]
 549:	mov    ecx,ecx
 54b:	mov    DWORD PTR [rbp+0x10],eax
 54e:	mov    eax,DWORD PTR [r11+rcx*1-0x4]
 553:	mov    DWORD PTR [rdx+rcx*1-0x4],eax
 557:	mov    rax,QWORD PTR [r12+0x8]
 55c:	jmp    261 <std::__cxx11::basic_string<char, std::char_traits<char>, std::allocator<char> > std::operator+<char, std::char_traits<char>, std::allocator<char> >(std::__cxx11::basic_string<char, std::char_traits<char>, std::allocator<char> >&&, std::__cxx11::basic_string<char, std::char_traits<char>, std::allocator<char> >&&)+0x261>
 561:	lea    rdi,[rip+0x0]        # 568 <std::__cxx11::basic_string<char, std::char_traits<char>, std::allocator<char> > std::operator+<char, std::char_traits<char>, std::allocator<char> >(std::__cxx11::basic_string<char, std::char_traits<char>, std::allocator<char> >&&, std::__cxx11::basic_string<char, std::char_traits<char>, std::allocator<char> >&&)+0x568>
 568:	call   56d <std::__cxx11::basic_string<char, std::char_traits<char>, std::allocator<char> > std::operator+<char, std::char_traits<char>, std::allocator<char> >(std::__cxx11::basic_string<char, std::char_traits<char>, std::allocator<char> >&&, std::__cxx11::basic_string<char, std::char_traits<char>, std::allocator<char> >&&)+0x56d>
 56d:	lea    rdi,[rip+0x0]        # 574 <std::__cxx11::basic_string<char, std::char_traits<char>, std::allocator<char> > std::operator+<char, std::char_traits<char>, std::allocator<char> >(std::__cxx11::basic_string<char, std::char_traits<char>, std::allocator<char> >&&, std::__cxx11::basic_string<char, std::char_traits<char>, std::allocator<char> >&&)+0x574>
 574:	call   579 <lume::(anonymous namespace)::add_add_buffers(lume::Buffer const&, lume::Buffer const&, lume::Buffer const&, bool)+0x19>

Disassembly of section .text._ZNSt6vectorISt8optionalIN4lume6BufferEESaIS3_EED2Ev:

0000000000000000 <std::vector<std::optional<lume::Buffer>, std::allocator<std::optional<lume::Buffer> > >::~vector()>:
   0:	endbr64
   4:	push   r12
   6:	mov    r12,rdi
   9:	push   rbp
   a:	push   rbx
   b:	mov    rbp,QWORD PTR [rdi+0x8]
   f:	mov    rbx,QWORD PTR [rdi]
  12:	cmp    rbp,rbx
  15:	jne    41 <std::vector<std::optional<lume::Buffer>, std::allocator<std::optional<lume::Buffer> > >::~vector()+0x41>
  17:	jmp    74 <std::vector<std::optional<lume::Buffer>, std::allocator<std::optional<lume::Buffer> > >::~vector()+0x74>
  19:	nop    DWORD PTR [rax+0x0]
  20:	mov    rdi,QWORD PTR [rbx]
  23:	mov    rsi,QWORD PTR [rbx+0x10]
  27:	test   rdi,rdi
  2a:	je     38 <std::vector<std::optional<lume::Buffer>, std::allocator<std::optional<lume::Buffer> > >::~vector()+0x38>
  2c:	sub    rsi,rdi
  2f:	call   34 <std::vector<std::optional<lume::Buffer>, std::allocator<std::optional<lume::Buffer> > >::~vector()+0x34>
  34:	nop    DWORD PTR [rax+0x0]
  38:	add    rbx,0x28
  3c:	cmp    rbp,rbx
  3f:	je     70 <std::vector<std::optional<lume::Buffer>, std::allocator<std::optional<lume::Buffer> > >::~vector()+0x70>
  41:	cmp    BYTE PTR [rbx+0x20],0x0
  45:	je     38 <std::vector<std::optional<lume::Buffer>, std::allocator<std::optional<lume::Buffer> > >::~vector()+0x38>
  47:	movzx  eax,BYTE PTR [rbx+0x18]
  4b:	mov    BYTE PTR [rbx+0x20],0x0
  4f:	cmp    al,0xff
  51:	je     38 <std::vector<std::optional<lume::Buffer>, std::allocator<std::optional<lume::Buffer> > >::~vector()+0x38>
  53:	cmp    al,0x2
  55:	je     59 <std::vector<std::optional<lume::Buffer>, std::allocator<std::optional<lume::Buffer> > >::~vector()+0x59>
  57:	jbe    20 <std::vector<std::optional<lume::Buffer>, std::allocator<std::optional<lume::Buffer> > >::~vector()+0x20>
  59:	mov    rdi,QWORD PTR [rbx]
  5c:	test   rdi,rdi
  5f:	je     38 <std::vector<std::optional<lume::Buffer>, std::allocator<std::optional<lume::Buffer> > >::~vector()+0x38>
  61:	call   66 <std::vector<std::optional<lume::Buffer>, std::allocator<std::optional<lume::Buffer> > >::~vector()+0x66>
  66:	add    rbx,0x28
  6a:	cmp    rbp,rbx
  6d:	jne    41 <std::vector<std::optional<lume::Buffer>, std::allocator<std::optional<lume::Buffer> > >::~vector()+0x41>
  6f:	nop
  70:	mov    rbx,QWORD PTR [r12]
  74:	test   rbx,rbx
  77:	je     90 <std::vector<std::optional<lume::Buffer>, std::allocator<std::optional<lume::Buffer> > >::~vector()+0x90>
  79:	mov    rsi,QWORD PTR [r12+0x10]
  7e:	mov    rdi,rbx
  81:	sub    rsi,rbx
  84:	pop    rbx
  85:	pop    rbp
  86:	pop    r12
  88:	jmp    8d <std::vector<std::optional<lume::Buffer>, std::allocator<std::optional<lume::Buffer> > >::~vector()+0x8d>
  8d:	nop    DWORD PTR [rax]
  90:	pop    rbx
  91:	pop    rbp
  92:	pop    r12
  94:	ret

Disassembly of section .text._ZNSt6vectorIcSaIcEED2Ev:

0000000000000000 <std::vector<char, std::allocator<char> >::~vector()>:
   0:	endbr64
   4:	mov    rax,QWORD PTR [rdi]
   7:	test   rax,rax
   a:	je     20 <std::vector<char, std::allocator<char> >::~vector()+0x20>
   c:	mov    rsi,QWORD PTR [rdi+0x10]
  10:	mov    rdi,rax
  13:	sub    rsi,rax
  16:	jmp    1b <std::vector<char, std::allocator<char> >::~vector()+0x1b>
  1b:	nop    DWORD PTR [rax+rax*1+0x0]
  20:	ret

Disassembly of section .text._ZNSt7__cxx1112basic_stringIcSt11char_traitsIcESaIcEE10_M_disposeEv:

0000000000000000 <std::__cxx11::basic_string<char, std::char_traits<char>, std::allocator<char> >::_M_dispose()>:
   0:	endbr64
   4:	mov    rax,QWORD PTR [rdi]
   7:	lea    rdx,[rdi+0x10]
   b:	cmp    rax,rdx
   e:	je     20 <std::__cxx11::basic_string<char, std::char_traits<char>, std::allocator<char> >::_M_dispose()+0x20>
  10:	mov    rsi,QWORD PTR [rdi+0x10]
  14:	mov    rdi,rax
  17:	add    rsi,0x1
  1b:	jmp    20 <std::__cxx11::basic_string<char, std::char_traits<char>, std::allocator<char> >::_M_dispose()+0x20>
  20:	ret

Disassembly of section .text._ZNSt7__cxx1112basic_stringIcSt11char_traitsIcESaIcEE6insertEmPKc:

0000000000000000 <std::__cxx11::basic_string<char, std::char_traits<char>, std::allocator<char> >::insert(unsigned long, char const*)>:
   0:	endbr64
   4:	push   r15
   6:	push   r14
   8:	mov    r14,rdx
   b:	push   r13
   d:	push   r12
   f:	push   rbp
  10:	push   rbx
  11:	mov    rbx,rdi
  14:	mov    rdi,rdx
  17:	sub    rsp,0x28
  1b:	mov    QWORD PTR [rsp+0x8],rsi
  20:	call   25 <std::__cxx11::basic_string<char, std::char_traits<char>, std::allocator<char> >::insert(unsigned long, char const*)+0x25>
  25:	mov    r12,QWORD PTR [rbx+0x8]
  29:	mov    r10,QWORD PTR [rsp+0x8]
  2e:	cmp    r12,r10
  31:	jb     2cb <std::__cxx11::basic_string<char, std::char_traits<char>, std::allocator<char> >::insert(unsigned long, char const*)+0x2cb>
  37:	mov    rbp,rax
  3a:	movabs rax,0x7fffffffffffffff
  44:	sub    rax,r12
  47:	cmp    rax,rbp
  4a:	jb     2e6 <std::__cxx11::basic_string<char, std::char_traits<char>, std::allocator<char> >::insert(unsigned long, char const*)+0x2e6>
  50:	mov    r8,QWORD PTR [rbx]
  53:	lea    rcx,[rbx+0x10]
  57:	lea    r15,[rbp+r12*1+0x0]
  5c:	cmp    r8,rcx
  5f:	je     240 <std::__cxx11::basic_string<char, std::char_traits<char>, std::allocator<char> >::insert(unsigned long, char const*)+0x240>
  65:	mov    r13,QWORD PTR [rbx+0x10]
  69:	cmp    r13,r15
  6c:	jb     108 <std::__cxx11::basic_string<char, std::char_traits<char>, std::allocator<char> >::insert(unsigned long, char const*)+0x108>
  72:	mov    rdx,r12
  75:	lea    r13,[r8+r10*1]
  79:	sub    rdx,r10
  7c:	cmp    r14,r8
  7f:	jae    e0 <std::__cxx11::basic_string<char, std::char_traits<char>, std::allocator<char> >::insert(unsigned long, char const*)+0xe0>
  81:	test   rdx,rdx
  84:	je     270 <std::__cxx11::basic_string<char, std::char_traits<char>, std::allocator<char> >::insert(unsigned long, char const*)+0x270>
  8a:	test   rbp,rbp
  8d:	je     c1 <std::__cxx11::basic_string<char, std::char_traits<char>, std::allocator<char> >::insert(unsigned long, char const*)+0xc1>
  8f:	lea    rdi,[r13+rbp*1+0x0]
  94:	cmp    rdx,0x1
  98:	je     290 <std::__cxx11::basic_string<char, std::char_traits<char>, std::allocator<char> >::insert(unsigned long, char const*)+0x290>
  9e:	mov    rsi,r13
  a1:	call   a6 <std::__cxx11::basic_string<char, std::char_traits<char>, std::allocator<char> >::insert(unsigned long, char const*)+0xa6>
  a6:	cmp    rbp,0x1
  aa:	je     280 <std::__cxx11::basic_string<char, std::char_traits<char>, std::allocator<char> >::insert(unsigned long, char const*)+0x280>
  b0:	mov    rdx,rbp
  b3:	mov    rsi,r14
  b6:	mov    rdi,r13
  b9:	call   be <std::__cxx11::basic_string<char, std::char_traits<char>, std::allocator<char> >::insert(unsigned long, char const*)+0xbe>
  be:	mov    r8,QWORD PTR [rbx]
  c1:	mov    QWORD PTR [rbx+0x8],r15
  c5:	mov    rax,rbx
  c8:	mov    BYTE PTR [r8+r15*1],0x0
  cd:	add    rsp,0x28
  d1:	pop    rbx
  d2:	pop    rbp
  d3:	pop    r12
  d5:	pop    r13
  d7:	pop    r14
  d9:	pop    r15
  db:	ret
  dc:	nop    DWORD PTR [rax+0x0]
  e0:	add    r12,r8
  e3:	cmp    r12,r14
  e6:	jb     81 <std::__cxx11::basic_string<char, std::char_traits<char>, std::allocator<char> >::insert(unsigned long, char const*)+0x81>
  e8:	mov    r9,rdx
  eb:	mov    r8,rbp
  ee:	mov    rcx,r14
  f1:	xor    edx,edx
  f3:	mov    rsi,r13
  f6:	mov    rdi,rbx
  f9:	call   fe <std::__cxx11::basic_string<char, std::char_traits<char>, std::allocator<char> >::insert(unsigned long, char const*)+0xfe>
  fe:	mov    r8,QWORD PTR [rbx]
 101:	jmp    c1 <std::__cxx11::basic_string<char, std::char_traits<char>, std::allocator<char> >::insert(unsigned long, char const*)+0xc1>
 103:	nop    DWORD PTR [rax+rax*1+0x0]
 108:	test   r15,r15
 10b:	js     2f2 <std::__cxx11::basic_string<char, std::char_traits<char>, std::allocator<char> >::insert(unsigned long, char const*)+0x2f2>
 111:	add    r13,r13
 114:	sub    r12,r10
 117:	cmp    r15,r13
 11a:	jb     228 <std::__cxx11::basic_string<char, std::char_traits<char>, std::allocator<char> >::insert(unsigned long, char const*)+0x228>
 120:	mov    rdi,r15
 123:	mov    r13,r15
 126:	add    rdi,0x1
 12a:	js     235 <std::__cxx11::basic_string<char, std::char_traits<char>, std::allocator<char> >::insert(unsigned long, char const*)+0x235>
 130:	mov    QWORD PTR [rsp+0x10],r10
 135:	mov    QWORD PTR [rsp+0x8],rcx
 13a:	call   13f <std::__cxx11::basic_string<char, std::char_traits<char>, std::allocator<char> >::insert(unsigned long, char const*)+0x13f>
 13f:	mov    r10,QWORD PTR [rsp+0x10]
 144:	mov    rcx,QWORD PTR [rsp+0x8]
 149:	mov    r8,rax
 14c:	test   r10,r10
 14f:	je     180 <std::__cxx11::basic_string<char, std::char_traits<char>, std::allocator<char> >::insert(unsigned long, char const*)+0x180>
 151:	mov    rsi,QWORD PTR [rbx]
 154:	cmp    r10,0x1
 158:	je     2b0 <std::__cxx11::basic_string<char, std::char_traits<char>, std::allocator<char> >::insert(unsigned long, char const*)+0x2b0>
 15e:	mov    rdx,r10
 161:	mov    rdi,rax
 164:	mov    QWORD PTR [rsp+0x10],rcx
 169:	mov    QWORD PTR [rsp+0x8],r10
 16e:	call   173 <std::__cxx11::basic_string<char, std::char_traits<char>, std::allocator<char> >::insert(unsigned long, char const*)+0x173>
 173:	mov    rcx,QWORD PTR [rsp+0x10]
 178:	mov    r10,QWORD PTR [rsp+0x8]
 17d:	mov    r8,rax
 180:	test   rbp,rbp
 183:	je     1bc <std::__cxx11::basic_string<char, std::char_traits<char>, std::allocator<char> >::insert(unsigned long, char const*)+0x1bc>
 185:	lea    rdi,[r8+r10*1]
 189:	cmp    rbp,0x1
 18d:	je     2c0 <std::__cxx11::basic_string<char, std::char_traits<char>, std::allocator<char> >::insert(unsigned long, char const*)+0x2c0>
 193:	mov    rdx,rbp
 196:	mov    rsi,r14
 199:	mov    QWORD PTR [rsp+0x18],r10
 19e:	mov    QWORD PTR [rsp+0x10],rcx
 1a3:	mov    QWORD PTR [rsp+0x8],r8
 1a8:	call   1ad <std::__cxx11::basic_string<char, std::char_traits<char>, std::allocator<char> >::insert(unsigned long, char const*)+0x1ad>
 1ad:	mov    r10,QWORD PTR [rsp+0x18]
 1b2:	mov    rcx,QWORD PTR [rsp+0x10]
 1b7:	mov    r8,QWORD PTR [rsp+0x8]
 1bc:	mov    r14,QWORD PTR [rbx]
 1bf:	test   r12,r12
 1c2:	jne    1f0 <std::__cxx11::basic_string<char, std::char_traits<char>, std::allocator<char> >::insert(unsigned long, char const*)+0x1f0>
 1c4:	cmp    rcx,r14
 1c7:	je     1e3 <std::__cxx11::basic_string<char, std::char_traits<char>, std::allocator<char> >::insert(unsigned long, char const*)+0x1e3>
 1c9:	mov    rax,QWORD PTR [rbx+0x10]
 1cd:	mov    rdi,r14
 1d0:	mov    QWORD PTR [rsp+0x8],r8
 1d5:	lea    rsi,[rax+0x1]
 1d9:	call   1de <std::__cxx11::basic_string<char, std::char_traits<char>, std::allocator<char> >::insert(unsigned long, char const*)+0x1de>
 1de:	mov    r8,QWORD PTR [rsp+0x8]
 1e3:	mov    QWORD PTR [rbx],r8
 1e6:	mov    QWORD PTR [rbx+0x10],r13
 1ea:	jmp    c1 <std::__cxx11::basic_string<char, std::char_traits<char>, std::allocator<char> >::insert(unsigned long, char const*)+0xc1>
 1ef:	nop
 1f0:	add    rbp,r10
 1f3:	lea    rsi,[r14+r10*1]
 1f7:	lea    rdi,[r8+rbp*1]
 1fb:	cmp    r12,0x1
 1ff:	je     2a0 <std::__cxx11::basic_string<char, std::char_traits<char>, std::allocator<char> >::insert(unsigned long, char const*)+0x2a0>
 205:	mov    rdx,r12
 208:	mov    QWORD PTR [rsp+0x10],rcx
 20d:	mov    QWORD PTR [rsp+0x8],r8
 212:	call   217 <std::__cxx11::basic_string<char, std::char_traits<char>, std::allocator<char> >::insert(unsigned long, char const*)+0x217>
 217:	mov    rcx,QWORD PTR [rsp+0x10]
 21c:	mov    r8,QWORD PTR [rsp+0x8]
 221:	jmp    1c4 <std::__cxx11::basic_string<char, std::char_traits<char>, std::allocator<char> >::insert(unsigned long, char const*)+0x1c4>
 223:	nop    DWORD PTR [rax+rax*1+0x0]
 228:	lea    rdi,[r13+0x1]
 22c:	test   r13,r13
 22f:	jns    130 <std::__cxx11::basic_string<char, std::char_traits<char>, std::allocator<char> >::insert(unsigned long, char const*)+0x130>
 235:	call   23a <std::__cxx11::basic_string<char, std::char_traits<char>, std::allocator<char> >::insert(unsigned long, char const*)+0x23a>
 23a:	nop    WORD PTR [rax+rax*1+0x0]
 240:	cmp    r15,0xf
 244:	jbe    72 <std::__cxx11::basic_string<char, std::char_traits<char>, std::allocator<char> >::insert(unsigned long, char const*)+0x72>
 24a:	test   r15,r15
 24d:	js     2f2 <std::__cxx11::basic_string<char, std::char_traits<char>, std::allocator<char> >::insert(unsigned long, char const*)+0x2f2>
 253:	sub    r12,r10
 256:	cmp    r15,0x1d
 25a:	ja     120 <std::__cxx11::basic_string<char, std::char_traits<char>, std::allocator<char> >::insert(unsigned long, char const*)+0x120>
 260:	mov    edi,0x1f
 265:	mov    r13d,0x1e
 26b:	jmp    130 <std::__cxx11::basic_string<char, std::char_traits<char>, std::allocator<char> >::insert(unsigned long, char const*)+0x130>
 270:	test   rbp,rbp
 273:	je     c1 <std::__cxx11::basic_string<char, std::char_traits<char>, std::allocator<char> >::insert(unsigned long, char const*)+0xc1>
 279:	jmp    a6 <std::__cxx11::basic_string<char, std::char_traits<char>, std::allocator<char> >::insert(unsigned long, char const*)+0xa6>
 27e:	xchg   ax,ax
 280:	movzx  eax,BYTE PTR [r14]
 284:	mov    BYTE PTR [r13+0x0],al
 288:	mov    r8,QWORD PTR [rbx]
 28b:	jmp    c1 <std::__cxx11::basic_string<char, std::char_traits<char>, std::allocator<char> >::insert(unsigned long, char const*)+0xc1>
 290:	movzx  eax,BYTE PTR [r13+0x0]
 295:	mov    BYTE PTR [rdi],al
 297:	jmp    a6 <std::__cxx11::basic_string<char, std::char_traits<char>, std::allocator<char> >::insert(unsigned long, char const*)+0xa6>
 29c:	nop    DWORD PTR [rax+0x0]
 2a0:	movzx  eax,BYTE PTR [rsi]
 2a3:	mov    BYTE PTR [rdi],al
 2a5:	jmp    1c4 <std::__cxx11::basic_string<char, std::char_traits<char>, std::allocator<char> >::insert(unsigned long, char const*)+0x1c4>
 2aa:	nop    WORD PTR [rax+rax*1+0x0]
 2b0:	movzx  eax,BYTE PTR [rsi]
 2b3:	mov    BYTE PTR [r8],al
 2b6:	jmp    180 <std::__cxx11::basic_string<char, std::char_traits<char>, std::allocator<char> >::insert(unsigned long, char const*)+0x180>
 2bb:	nop    DWORD PTR [rax+rax*1+0x0]
 2c0:	movzx  eax,BYTE PTR [r14]
 2c4:	mov    BYTE PTR [rdi],al
 2c6:	jmp    1bc <std::__cxx11::basic_string<char, std::char_traits<char>, std::allocator<char> >::insert(unsigned long, char const*)+0x1bc>
 2cb:	mov    rcx,r12
 2ce:	mov    rdx,r10
 2d1:	lea    rsi,[rip+0x0]        # 2d8 <std::__cxx11::basic_string<char, std::char_traits<char>, std::allocator<char> >::insert(unsigned long, char const*)+0x2d8>
 2d8:	xor    eax,eax
 2da:	lea    rdi,[rip+0x0]        # 2e1 <std::__cxx11::basic_string<char, std::char_traits<char>, std::allocator<char> >::insert(unsigned long, char const*)+0x2e1>
 2e1:	call   2e6 <std::__cxx11::basic_string<char, std::char_traits<char>, std::allocator<char> >::insert(unsigned long, char const*)+0x2e6>
 2e6:	lea    rdi,[rip+0x0]        # 2ed <std::__cxx11::basic_string<char, std::char_traits<char>, std::allocator<char> >::insert(unsigned long, char const*)+0x2ed>
 2ed:	call   2f2 <std::__cxx11::basic_string<char, std::char_traits<char>, std::allocator<char> >::insert(unsigned long, char const*)+0x2f2>
 2f2:	lea    rdi,[rip+0x0]        # 2f9 <std::__cxx11::basic_string<char, std::char_traits<char>, std::allocator<char> >::insert(unsigned long, char const*)+0x2f9>
 2f9:	call   2fe <lume::detail::execute_cpu_reference_with_policy(lume::VerifiedProgram const&, std::span<lume::Buffer const, 18446744073709551615ul>, lume::detail::ExecutionPolicy const&, lume::detail::ExecutionStats*, std::vector<unsigned int, std::allocator<unsigned int> >*) [clone .cold]+0xc9>

Disassembly of section .text._ZNSt7__cxx1112basic_stringIcSt11char_traitsIcESaIcEE6appendEPKc:

0000000000000000 <std::__cxx11::basic_string<char, std::char_traits<char>, std::allocator<char> >::append(char const*)>:
   0:	endbr64
   4:	push   r15
   6:	push   r14
   8:	push   r13
   a:	mov    r13,rsi
   d:	push   r12
   f:	push   rbp
  10:	push   rbx
  11:	mov    rbx,rdi
  14:	mov    rdi,rsi
  17:	sub    rsp,0x18
  1b:	call   20 <std::__cxx11::basic_string<char, std::char_traits<char>, std::allocator<char> >::append(char const*)+0x20>
  20:	mov    rdx,QWORD PTR [rbx+0x8]
  24:	mov    rbp,rax
  27:	movabs rax,0x7fffffffffffffff
  31:	sub    rax,rdx
  34:	cmp    rax,rbp
  37:	jb     1dc <std::__cxx11::basic_string<char, std::char_traits<char>, std::allocator<char> >::append(char const*)+0x1dc>
  3d:	mov    r12,QWORD PTR [rbx]
  40:	lea    r14,[rbx+0x10]
  44:	lea    r15,[rdx+rbp*1]
  48:	cmp    r12,r14
  4b:	je     128 <std::__cxx11::basic_string<char, std::char_traits<char>, std::allocator<char> >::append(char const*)+0x128>
  51:	mov    rax,QWORD PTR [rbx+0x10]
  55:	cmp    rax,r15
  58:	jb     a0 <std::__cxx11::basic_string<char, std::char_traits<char>, std::allocator<char> >::append(char const*)+0xa0>
  5a:	test   rbp,rbp
  5d:	je     7b <std::__cxx11::basic_string<char, std::char_traits<char>, std::allocator<char> >::append(char const*)+0x7b>
  5f:	lea    rdi,[r12+rdx*1]
  63:	cmp    rbp,0x1
  67:	je     1b0 <std::__cxx11::basic_string<char, std::char_traits<char>, std::allocator<char> >::append(char const*)+0x1b0>
  6d:	mov    rdx,rbp
  70:	mov    rsi,r13
  73:	call   78 <std::__cxx11::basic_string<char, std::char_traits<char>, std::allocator<char> >::append(char const*)+0x78>
  78:	mov    r12,QWORD PTR [rbx]
  7b:	mov    QWORD PTR [rbx+0x8],r15
  7f:	mov    rax,rbx
  82:	mov    BYTE PTR [r12+r15*1],0x0
  87:	add    rsp,0x18
  8b:	pop    rbx
  8c:	pop    rbp
  8d:	pop    r12
  8f:	pop    r13
  91:	pop    r14
  93:	pop    r15
  95:	ret
  96:	cs nop WORD PTR [rax+rax*1+0x0]
  a0:	test   r15,r15
  a3:	js     1e8 <std::__cxx11::basic_string<char, std::char_traits<char>, std::allocator<char> >::append(char const*)+0x1e8>
  a9:	add    rax,rax
  ac:	mov    QWORD PTR [rsp],rax
  b0:	cmp    r15,rax
  b3:	jb     1a0 <std::__cxx11::basic_string<char, std::char_traits<char>, std::allocator<char> >::append(char const*)+0x1a0>
  b9:	mov    rdi,r15
  bc:	add    rdi,0x1
  c0:	js     1a9 <std::__cxx11::basic_string<char, std::char_traits<char>, std::allocator<char> >::append(char const*)+0x1a9>
  c6:	mov    QWORD PTR [rsp],rdx
  ca:	call   cf <std::__cxx11::basic_string<char, std::char_traits<char>, std::allocator<char> >::append(char const*)+0xcf>
  cf:	mov    rdx,QWORD PTR [rsp]
  d3:	mov    QWORD PTR [rsp],r15
  d7:	mov    r12,rax
  da:	test   rdx,rdx
  dd:	jne    170 <std::__cxx11::basic_string<char, std::char_traits<char>, std::allocator<char> >::append(char const*)+0x170>
  e3:	lea    rdi,[r12+rdx*1]
  e7:	cmp    rbp,0x1
  eb:	je     1d0 <std::__cxx11::basic_string<char, std::char_traits<char>, std::allocator<char> >::append(char const*)+0x1d0>
  f1:	mov    rdx,rbp
  f4:	mov    rsi,r13
  f7:	call   fc <std::__cxx11::basic_string<char, std::char_traits<char>, std::allocator<char> >::append(char const*)+0xfc>
  fc:	mov    rdi,QWORD PTR [rbx]
  ff:	cmp    r14,rdi
 102:	je     111 <std::__cxx11::basic_string<char, std::char_traits<char>, std::allocator<char> >::append(char const*)+0x111>
 104:	mov    rax,QWORD PTR [rbx+0x10]
 108:	lea    rsi,[rax+0x1]
 10c:	call   111 <std::__cxx11::basic_string<char, std::char_traits<char>, std::allocator<char> >::append(char const*)+0x111>
 111:	mov    rax,QWORD PTR [rsp]
 115:	mov    QWORD PTR [rbx],r12
 118:	mov    QWORD PTR [rbx+0x10],rax
 11c:	jmp    7b <std::__cxx11::basic_string<char, std::char_traits<char>, std::allocator<char> >::append(char const*)+0x7b>
 121:	nop    DWORD PTR [rax+0x0]
 128:	cmp    r15,0xf
 12c:	jbe    5a <std::__cxx11::basic_string<char, std::char_traits<char>, std::allocator<char> >::append(char const*)+0x5a>
 132:	test   r15,r15
 135:	js     1e8 <std::__cxx11::basic_string<char, std::char_traits<char>, std::allocator<char> >::append(char const*)+0x1e8>
 13b:	cmp    r15,0x1d
 13f:	ja     b9 <std::__cxx11::basic_string<char, std::char_traits<char>, std::allocator<char> >::append(char const*)+0xb9>
 145:	mov    QWORD PTR [rsp],0x1e
 14d:	mov    edi,0x1f
 152:	mov    QWORD PTR [rsp+0x8],rdx
 157:	call   15c <std::__cxx11::basic_string<char, std::char_traits<char>, std::allocator<char> >::append(char const*)+0x15c>
 15c:	mov    rdx,QWORD PTR [rsp+0x8]
 161:	mov    r12,rax
 164:	test   rdx,rdx
 167:	je     18b <std::__cxx11::basic_string<char, std::char_traits<char>, std::allocator<char> >::append(char const*)+0x18b>
 169:	nop    DWORD PTR [rax+0x0]
 170:	mov    rsi,QWORD PTR [rbx]
 173:	cmp    rdx,0x1
 177:	je     1c0 <std::__cxx11::basic_string<char, std::char_traits<char>, std::allocator<char> >::append(char const*)+0x1c0>
 179:	mov    rdi,r12
 17c:	mov    QWORD PTR [rsp+0x8],rdx
 181:	call   186 <std::__cxx11::basic_string<char, std::char_traits<char>, std::allocator<char> >::append(char const*)+0x186>
 186:	mov    rdx,QWORD PTR [rsp+0x8]
 18b:	test   rbp,rbp
 18e:	je     fc <std::__cxx11::basic_string<char, std::char_traits<char>, std::allocator<char> >::append(char const*)+0xfc>
 194:	jmp    e3 <std::__cxx11::basic_string<char, std::char_traits<char>, std::allocator<char> >::append(char const*)+0xe3>
 199:	nop    DWORD PTR [rax+0x0]
 1a0:	lea    rdi,[rax+0x1]
 1a4:	test   rax,rax
 1a7:	jns    152 <std::__cxx11::basic_string<char, std::char_traits<char>, std::allocator<char> >::append(char const*)+0x152>
 1a9:	call   1ae <std::__cxx11::basic_string<char, std::char_traits<char>, std::allocator<char> >::append(char const*)+0x1ae>
 1ae:	xchg   ax,ax
 1b0:	movzx  eax,BYTE PTR [r13+0x0]
 1b5:	mov    BYTE PTR [rdi],al
 1b7:	mov    r12,QWORD PTR [rbx]
 1ba:	jmp    7b <std::__cxx11::basic_string<char, std::char_traits<char>, std::allocator<char> >::append(char const*)+0x7b>
 1bf:	nop
 1c0:	movzx  eax,BYTE PTR [rsi]
 1c3:	mov    BYTE PTR [r12],al
 1c7:	jmp    18b <std::__cxx11::basic_string<char, std::char_traits<char>, std::allocator<char> >::append(char const*)+0x18b>
 1c9:	nop    DWORD PTR [rax+0x0]
 1d0:	movzx  eax,BYTE PTR [r13+0x0]
 1d5:	mov    BYTE PTR [rdi],al
 1d7:	jmp    fc <std::__cxx11::basic_string<char, std::char_traits<char>, std::allocator<char> >::append(char const*)+0xfc>
 1dc:	lea    rdi,[rip+0x0]        # 1e3 <std::__cxx11::basic_string<char, std::char_traits<char>, std::allocator<char> >::append(char const*)+0x1e3>
 1e3:	call   1e8 <std::__cxx11::basic_string<char, std::char_traits<char>, std::allocator<char> >::append(char const*)+0x1e8>
 1e8:	lea    rdi,[rip+0x0]        # 1ef <std::__cxx11::basic_string<char, std::char_traits<char>, std::allocator<char> >::append(char const*)+0x1ef>
 1ef:	call   1f4 <.LC47+0xd7>

Disassembly of section .text._ZNSt22_Optional_payload_baseIN4lume6BufferEE14_M_move_assignEOS2_:

0000000000000000 <std::_Optional_payload_base<lume::Buffer>::_M_move_assign(std::_Optional_payload_base<lume::Buffer>&&)>:
   0:	endbr64
   4:	push   rbp
   5:	mov    rbp,rsi
   8:	push   rbx
   9:	mov    rbx,rdi
   c:	sub    rsp,0x8
  10:	cmp    BYTE PTR [rdi+0x20],0x0
  14:	movzx  eax,BYTE PTR [rsi+0x20]
  18:	je     60 <std::_Optional_payload_base<lume::Buffer>::_M_move_assign(std::_Optional_payload_base<lume::Buffer>&&)+0x60>
  1a:	test   al,al
  1c:	jne    c0 <std::_Optional_payload_base<lume::Buffer>::_M_move_assign(std::_Optional_payload_base<lume::Buffer>&&)+0xc0>
  22:	movzx  eax,BYTE PTR [rdi+0x18]
  26:	mov    BYTE PTR [rdi+0x20],0x0
  2a:	cmp    al,0xff
  2c:	je     64 <std::_Optional_payload_base<lume::Buffer>::_M_move_assign(std::_Optional_payload_base<lume::Buffer>&&)+0x64>
  2e:	mov    rdi,QWORD PTR [rdi]
  31:	cmp    al,0x2
  33:	je     170 <std::_Optional_payload_base<lume::Buffer>::_M_move_assign(std::_Optional_payload_base<lume::Buffer>&&)+0x170>
  39:	ja     170 <std::_Optional_payload_base<lume::Buffer>::_M_move_assign(std::_Optional_payload_base<lume::Buffer>&&)+0x170>
  3f:	test   rdi,rdi
  42:	je     64 <std::_Optional_payload_base<lume::Buffer>::_M_move_assign(std::_Optional_payload_base<lume::Buffer>&&)+0x64>
  44:	mov    rsi,QWORD PTR [rbx+0x10]
  48:	add    rsp,0x8
  4c:	sub    rsi,rdi
  4f:	pop    rbx
  50:	pop    rbp
  51:	jmp    56 <std::_Optional_payload_base<lume::Buffer>::_M_move_assign(std::_Optional_payload_base<lume::Buffer>&&)+0x56>
  56:	cs nop WORD PTR [rax+rax*1+0x0]
  60:	test   al,al
  62:	jne    70 <std::_Optional_payload_base<lume::Buffer>::_M_move_assign(std::_Optional_payload_base<lume::Buffer>&&)+0x70>
  64:	add    rsp,0x8
  68:	pop    rbx
  69:	pop    rbp
  6a:	ret
  6b:	nop    DWORD PTR [rax+rax*1+0x0]
  70:	mov    BYTE PTR [rdi+0x18],0xff
  74:	movsx  rdx,BYTE PTR [rsi+0x18]
  79:	mov    rax,rdx
  7c:	cmp    rdx,0x2
  80:	je     8e <std::_Optional_payload_base<lume::Buffer>::_M_move_assign(std::_Optional_payload_base<lume::Buffer>&&)+0x8e>
  82:	jbe    140 <std::_Optional_payload_base<lume::Buffer>::_M_move_assign(std::_Optional_payload_base<lume::Buffer>&&)+0x140>
  88:	cmp    rdx,0x3
  8c:	jne    ad <std::_Optional_payload_base<lume::Buffer>::_M_move_assign(std::_Optional_payload_base<lume::Buffer>&&)+0xad>
  8e:	mov    rdx,QWORD PTR [rbp+0x0]
  92:	mov    QWORD PTR [rbx],rdx
  95:	mov    rdx,QWORD PTR [rbp+0x8]
  99:	mov    QWORD PTR [rbp+0x0],0x0
  a1:	mov    QWORD PTR [rbp+0x8],0x0
  a9:	mov    QWORD PTR [rbx+0x8],rdx
  ad:	mov    BYTE PTR [rbx+0x18],al
  b0:	mov    BYTE PTR [rbx+0x20],0x1
  b4:	add    rsp,0x8
  b8:	pop    rbx
  b9:	pop    rbp
  ba:	ret
  bb:	nop    DWORD PTR [rax+rax*1+0x0]
  c0:	movsx  rax,BYTE PTR [rsi+0x18]
  c5:	cmp    rax,0x2
  c9:	je     278 <std::_Optional_payload_base<lume::Buffer>::_M_move_assign(std::_Optional_payload_base<lume::Buffer>&&)+0x278>
  cf:	ja     188 <std::_Optional_payload_base<lume::Buffer>::_M_move_assign(std::_Optional_payload_base<lume::Buffer>&&)+0x188>
  d5:	test   rax,rax
  d8:	je     230 <std::_Optional_payload_base<lume::Buffer>::_M_move_assign(std::_Optional_payload_base<lume::Buffer>&&)+0x230>
  de:	movzx  eax,BYTE PTR [rdi+0x18]
  e2:	cmp    al,0x1
  e4:	je     378 <std::_Optional_payload_base<lume::Buffer>::_M_move_assign(std::_Optional_payload_base<lume::Buffer>&&)+0x378>
  ea:	cmp    al,0xff
  ec:	je     110 <std::_Optional_payload_base<lume::Buffer>::_M_move_assign(std::_Optional_payload_base<lume::Buffer>&&)+0x110>
  ee:	mov    rdi,QWORD PTR [rdi]
  f1:	cmp    al,0x2
  f3:	je     38c <std::_Optional_payload_base<lume::Buffer>::_M_move_assign(std::_Optional_payload_base<lume::Buffer>&&)+0x38c>
  f9:	ja     38c <std::_Optional_payload_base<lume::Buffer>::_M_move_assign(std::_Optional_payload_base<lume::Buffer>&&)+0x38c>
  ff:	test   rdi,rdi
 102:	je     110 <std::_Optional_payload_base<lume::Buffer>::_M_move_assign(std::_Optional_payload_base<lume::Buffer>&&)+0x110>
 104:	mov    rsi,QWORD PTR [rbx+0x10]
 108:	sub    rsi,rdi
 10b:	call   110 <std::_Optional_payload_base<lume::Buffer>::_M_move_assign(std::_Optional_payload_base<lume::Buffer>&&)+0x110>
 110:	movdqu xmm3,XMMWORD PTR [rbp+0x0]
 115:	mov    rax,QWORD PTR [rbp+0x10]
 119:	pxor   xmm0,xmm0
 11d:	mov    QWORD PTR [rbp+0x10],0x0
 125:	movups XMMWORD PTR [rbp+0x0],xmm0
 129:	mov    QWORD PTR [rbx+0x10],rax
 12d:	mov    BYTE PTR [rbx+0x18],0x1
 131:	movups XMMWORD PTR [rbx],xmm3
 134:	jmp    64 <std::_Optional_payload_base<lume::Buffer>::_M_move_assign(std::_Optional_payload_base<lume::Buffer>&&)+0x64>
 139:	nop    DWORD PTR [rax+0x0]
 140:	test   rdx,rdx
 143:	je     1c8 <std::_Optional_payload_base<lume::Buffer>::_M_move_assign(std::_Optional_payload_base<lume::Buffer>&&)+0x1c8>
 149:	movdqu xmm2,XMMWORD PTR [rsi]
 14d:	movups XMMWORD PTR [rdi],xmm2
 150:	mov    rdx,QWORD PTR [rbp+0x10]
 154:	pxor   xmm0,xmm0
 158:	mov    QWORD PTR [rbx+0x10],rdx
 15c:	mov    QWORD PTR [rbp+0x10],0x0
 164:	movups XMMWORD PTR [rbp+0x0],xmm0
 168:	jmp    ad <std::_Optional_payload_base<lume::Buffer>::_M_move_assign(std::_Optional_payload_base<lume::Buffer>&&)+0xad>
 16d:	nop    DWORD PTR [rax]
 170:	test   rdi,rdi
 173:	je     64 <std::_Optional_payload_base<lume::Buffer>::_M_move_assign(std::_Optional_payload_base<lume::Buffer>&&)+0x64>
 179:	add    rsp,0x8
 17d:	pop    rbx
 17e:	pop    rbp
 17f:	jmp    184 <std::_Optional_payload_base<lume::Buffer>::_M_move_assign(std::_Optional_payload_base<lume::Buffer>&&)+0x184>
 184:	nop    DWORD PTR [rax+0x0]
 188:	cmp    rax,0x3
 18c:	je     1d8 <std::_Optional_payload_base<lume::Buffer>::_M_move_assign(std::_Optional_payload_base<lume::Buffer>&&)+0x1d8>
 18e:	movzx  eax,BYTE PTR [rdi+0x18]
 192:	cmp    al,0xff
 194:	je     64 <std::_Optional_payload_base<lume::Buffer>::_M_move_assign(std::_Optional_payload_base<lume::Buffer>&&)+0x64>
 19a:	mov    rdi,QWORD PTR [rdi]
 19d:	cmp    al,0x2
 19f:	je     360 <std::_Optional_payload_base<lume::Buffer>::_M_move_assign(std::_Optional_payload_base<lume::Buffer>&&)+0x360>
 1a5:	ja     360 <std::_Optional_payload_base<lume::Buffer>::_M_move_assign(std::_Optional_payload_base<lume::Buffer>&&)+0x360>
 1ab:	test   rdi,rdi
 1ae:	je     1bc <std::_Optional_payload_base<lume::Buffer>::_M_move_assign(std::_Optional_payload_base<lume::Buffer>&&)+0x1bc>
 1b0:	mov    rsi,QWORD PTR [rbx+0x10]
 1b4:	sub    rsi,rdi
 1b7:	call   1bc <std::_Optional_payload_base<lume::Buffer>::_M_move_assign(std::_Optional_payload_base<lume::Buffer>&&)+0x1bc>
 1bc:	mov    BYTE PTR [rbx+0x18],0xff
 1c0:	jmp    64 <std::_Optional_payload_base<lume::Buffer>::_M_move_assign(std::_Optional_payload_base<lume::Buffer>&&)+0x64>
 1c5:	nop    DWORD PTR [rax]
 1c8:	movdqu xmm1,XMMWORD PTR [rsi]
 1cc:	movups XMMWORD PTR [rdi],xmm1
 1cf:	jmp    150 <std::_Optional_payload_base<lume::Buffer>::_M_move_assign(std::_Optional_payload_base<lume::Buffer>&&)+0x150>
 1d4:	nop    DWORD PTR [rax+0x0]
 1d8:	movzx  eax,BYTE PTR [rdi+0x18]
 1dc:	cmp    al,0x3
 1de:	je     2d0 <std::_Optional_payload_base<lume::Buffer>::_M_move_assign(std::_Optional_payload_base<lume::Buffer>&&)+0x2d0>
 1e4:	cmp    al,0xff
 1e6:	je     204 <std::_Optional_payload_base<lume::Buffer>::_M_move_assign(std::_Optional_payload_base<lume::Buffer>&&)+0x204>
 1e8:	mov    rdi,QWORD PTR [rdi]
 1eb:	cmp    al,0x2
 1ed:	je     3be <std::_Optional_payload_base<lume::Buffer>::_M_move_assign(std::_Optional_payload_base<lume::Buffer>&&)+0x3be>
 1f3:	test   rdi,rdi
 1f6:	je     204 <std::_Optional_payload_base<lume::Buffer>::_M_move_assign(std::_Optional_payload_base<lume::Buffer>&&)+0x204>
 1f8:	mov    rsi,QWORD PTR [rbx+0x10]
 1fc:	sub    rsi,rdi
 1ff:	call   204 <std::_Optional_payload_base<lume::Buffer>::_M_move_assign(std::_Optional_payload_base<lume::Buffer>&&)+0x204>
 204:	mov    rax,QWORD PTR [rbp+0x0]
 208:	mov    QWORD PTR [rbx],rax
 20b:	mov    rax,QWORD PTR [rbp+0x8]
 20f:	mov    QWORD PTR [rbp+0x0],0x0
 217:	mov    QWORD PTR [rbp+0x8],0x0
 21f:	mov    QWORD PTR [rbx+0x8],rax
 223:	mov    BYTE PTR [rbx+0x18],0x3
 227:	jmp    64 <std::_Optional_payload_base<lume::Buffer>::_M_move_assign(std::_Optional_payload_base<lume::Buffer>&&)+0x64>
 22c:	nop    DWORD PTR [rax+0x0]
 230:	movzx  eax,BYTE PTR [rdi+0x18]
 234:	test   al,al
 236:	jne    308 <std::_Optional_payload_base<lume::Buffer>::_M_move_assign(std::_Optional_payload_base<lume::Buffer>&&)+0x308>
 23c:	movdqu xmm4,XMMWORD PTR [rbp+0x0]
 241:	mov    rsi,QWORD PTR [rbx+0x10]
 245:	mov    rdi,QWORD PTR [rdi]
 248:	movups XMMWORD PTR [rbx],xmm4
 24b:	mov    rax,QWORD PTR [rbp+0x10]
 24f:	pxor   xmm0,xmm0
 253:	mov    QWORD PTR [rbx+0x10],rax
 257:	mov    QWORD PTR [rbp+0x10],0x0
 25f:	movups XMMWORD PTR [rbp+0x0],xmm0
 263:	test   rdi,rdi
 266:	jne    48 <std::_Optional_payload_base<lume::Buffer>::_M_move_assign(std::_Optional_payload_base<lume::Buffer>&&)+0x48>
 26c:	jmp    64 <std::_Optional_payload_base<lume::Buffer>::_M_move_assign(std::_Optional_payload_base<lume::Buffer>&&)+0x64>
 271:	nop    DWORD PTR [rax+0x0]
 278:	movzx  eax,BYTE PTR [rdi+0x18]
 27c:	cmp    al,0x2
 27e:	je     2d0 <std::_Optional_payload_base<lume::Buffer>::_M_move_assign(std::_Optional_payload_base<lume::Buffer>&&)+0x2d0>
 280:	cmp    al,0xff
 282:	je     2a0 <std::_Optional_payload_base<lume::Buffer>::_M_move_assign(std::_Optional_payload_base<lume::Buffer>&&)+0x2a0>
 284:	mov    rdi,QWORD PTR [rdi]
 287:	cmp    al,0x2
 289:	ja     3ab <std::_Optional_payload_base<lume::Buffer>::_M_move_assign(std::_Optional_payload_base<lume::Buffer>&&)+0x3ab>
 28f:	test   rdi,rdi
 292:	je     2a0 <std::_Optional_payload_base<lume::Buffer>::_M_move_assign(std::_Optional_payload_base<lume::Buffer>&&)+0x2a0>
 294:	mov    rsi,QWORD PTR [rbx+0x10]
 298:	sub    rsi,rdi
 29b:	call   2a0 <std::_Optional_payload_base<lume::Buffer>::_M_move_assign(std::_Optional_payload_base<lume::Buffer>&&)+0x2a0>
 2a0:	mov    rax,QWORD PTR [rbp+0x0]
 2a4:	mov    QWORD PTR [rbx],rax
 2a7:	mov    rax,QWORD PTR [rbp+0x8]
 2ab:	mov    QWORD PTR [rbp+0x0],0x0
 2b3:	mov    QWORD PTR [rbp+0x8],0x0
 2bb:	mov    QWORD PTR [rbx+0x8],rax
 2bf:	mov    BYTE PTR [rbx+0x18],0x2
 2c3:	jmp    64 <std::_Optional_payload_base<lume::Buffer>::_M_move_assign(std::_Optional_payload_base<lume::Buffer>&&)+0x64>
 2c8:	nop    DWORD PTR [rax+rax*1+0x0]
 2d0:	mov    rax,QWORD PTR [rbp+0x0]
 2d4:	mov    QWORD PTR [rbp+0x0],0x0
 2dc:	mov    rdi,QWORD PTR [rbx]
 2df:	mov    QWORD PTR [rbx],rax
 2e2:	test   rdi,rdi
 2e5:	je     2ec <std::_Optional_payload_base<lume::Buffer>::_M_move_assign(std::_Optional_payload_base<lume::Buffer>&&)+0x2ec>
 2e7:	call   2ec <std::_Optional_payload_base<lume::Buffer>::_M_move_assign(std::_Optional_payload_base<lume::Buffer>&&)+0x2ec>
 2ec:	mov    rax,QWORD PTR [rbp+0x8]
 2f0:	mov    QWORD PTR [rbp+0x8],0x0
 2f8:	mov    QWORD PTR [rbx+0x8],rax
 2fc:	jmp    64 <std::_Optional_payload_base<lume::Buffer>::_M_move_assign(std::_Optional_payload_base<lume::Buffer>&&)+0x64>
 301:	nop    DWORD PTR [rax+0x0]
 308:	cmp    al,0xff
 30a:	je     330 <std::_Optional_payload_base<lume::Buffer>::_M_move_assign(std::_Optional_payload_base<lume::Buffer>&&)+0x330>
 30c:	mov    rdi,QWORD PTR [rdi]
 30f:	cmp    al,0x2
 311:	je     39f <std::_Optional_payload_base<lume::Buffer>::_M_move_assign(std::_Optional_payload_base<lume::Buffer>&&)+0x39f>
 317:	cmp    al,0x3
 319:	je     39f <std::_Optional_payload_base<lume::Buffer>::_M_move_assign(std::_Optional_payload_base<lume::Buffer>&&)+0x39f>
 31f:	test   rdi,rdi
 322:	je     330 <std::_Optional_payload_base<lume::Buffer>::_M_move_assign(std::_Optional_payload_base<lume::Buffer>&&)+0x330>
 324:	mov    rsi,QWORD PTR [rbx+0x10]
 328:	sub    rsi,rdi
 32b:	call   330 <std::_Optional_payload_base<lume::Buffer>::_M_move_assign(std::_Optional_payload_base<lume::Buffer>&&)+0x330>
 330:	movdqu xmm5,XMMWORD PTR [rbp+0x0]
 335:	mov    rax,QWORD PTR [rbp+0x10]
 339:	pxor   xmm0,xmm0
 33d:	mov    QWORD PTR [rbp+0x10],0x0
 345:	movups XMMWORD PTR [rbp+0x0],xmm0
 349:	mov    QWORD PTR [rbx+0x10],rax
 34d:	mov    BYTE PTR [rbx+0x18],0x0
 351:	movups XMMWORD PTR [rbx],xmm5
 354:	jmp    64 <std::_Optional_payload_base<lume::Buffer>::_M_move_assign(std::_Optional_payload_base<lume::Buffer>&&)+0x64>
 359:	nop    DWORD PTR [rax+0x0]
 360:	test   rdi,rdi
 363:	je     1bc <std::_Optional_payload_base<lume::Buffer>::_M_move_assign(std::_Optional_payload_base<lume::Buffer>&&)+0x1bc>
 369:	call   36e <std::_Optional_payload_base<lume::Buffer>::_M_move_assign(std::_Optional_payload_base<lume::Buffer>&&)+0x36e>
 36e:	jmp    1bc <std::_Optional_payload_base<lume::Buffer>::_M_move_assign(std::_Optional_payload_base<lume::Buffer>&&)+0x1bc>
 373:	nop    DWORD PTR [rax+rax*1+0x0]
 378:	movdqu xmm6,XMMWORD PTR [rbp+0x0]
 37d:	mov    rdi,QWORD PTR [rdi]
 380:	mov    rsi,QWORD PTR [rbx+0x10]
 384:	movups XMMWORD PTR [rbx],xmm6
 387:	jmp    24b <std::_Optional_payload_base<lume::Buffer>::_M_move_assign(std::_Optional_payload_base<lume::Buffer>&&)+0x24b>
 38c:	test   rdi,rdi
 38f:	je     110 <std::_Optional_payload_base<lume::Buffer>::_M_move_assign(std::_Optional_payload_base<lume::Buffer>&&)+0x110>
 395:	call   39a <std::_Optional_payload_base<lume::Buffer>::_M_move_assign(std::_Optional_payload_base<lume::Buffer>&&)+0x39a>
 39a:	jmp    110 <std::_Optional_payload_base<lume::Buffer>::_M_move_assign(std::_Optional_payload_base<lume::Buffer>&&)+0x110>
 39f:	test   rdi,rdi
 3a2:	je     330 <std::_Optional_payload_base<lume::Buffer>::_M_move_assign(std::_Optional_payload_base<lume::Buffer>&&)+0x330>
 3a4:	call   3a9 <std::_Optional_payload_base<lume::Buffer>::_M_move_assign(std::_Optional_payload_base<lume::Buffer>&&)+0x3a9>
 3a9:	jmp    330 <std::_Optional_payload_base<lume::Buffer>::_M_move_assign(std::_Optional_payload_base<lume::Buffer>&&)+0x330>
 3ab:	test   rdi,rdi
 3ae:	je     2a0 <std::_Optional_payload_base<lume::Buffer>::_M_move_assign(std::_Optional_payload_base<lume::Buffer>&&)+0x2a0>
 3b4:	call   3b9 <std::_Optional_payload_base<lume::Buffer>::_M_move_assign(std::_Optional_payload_base<lume::Buffer>&&)+0x3b9>
 3b9:	jmp    2a0 <std::_Optional_payload_base<lume::Buffer>::_M_move_assign(std::_Optional_payload_base<lume::Buffer>&&)+0x2a0>
 3be:	test   rdi,rdi
 3c1:	je     204 <std::_Optional_payload_base<lume::Buffer>::_M_move_assign(std::_Optional_payload_base<lume::Buffer>&&)+0x204>
 3c7:	call   3cc <std::_Optional_payload_base<lume::Buffer>::_M_move_assign(std::_Optional_payload_base<lume::Buffer>&&)+0x3cc>
 3cc:	jmp    204 <std::_Optional_payload_base<lume::Buffer>::_M_move_assign(std::_Optional_payload_base<lume::Buffer>&&)+0x204>

Disassembly of section .text._ZSt8_DestroyIPN4lume6BufferEEvT_S3_:

0000000000000000 <void std::_Destroy<lume::Buffer*>(lume::Buffer*, lume::Buffer*)>:
   0:	endbr64
   4:	cmp    rdi,rsi
   7:	je     68 <void std::_Destroy<lume::Buffer*>(lume::Buffer*, lume::Buffer*)+0x68>
   9:	push   rbp
   a:	mov    rbp,rsi
   d:	push   rbx
   e:	mov    rbx,rdi
  11:	sub    rsp,0x8
  15:	jmp    3a <void std::_Destroy<lume::Buffer*>(lume::Buffer*, lume::Buffer*)+0x3a>
  17:	nop    WORD PTR [rax+rax*1+0x0]
  20:	test   rdi,rdi
  23:	je     31 <void std::_Destroy<lume::Buffer*>(lume::Buffer*, lume::Buffer*)+0x31>
  25:	mov    rsi,QWORD PTR [rbx+0x10]
  29:	sub    rsi,rdi
  2c:	call   31 <void std::_Destroy<lume::Buffer*>(lume::Buffer*, lume::Buffer*)+0x31>
  31:	add    rbx,0x20
  35:	cmp    rbp,rbx
  38:	je     5e <void std::_Destroy<lume::Buffer*>(lume::Buffer*, lume::Buffer*)+0x5e>
  3a:	movzx  eax,BYTE PTR [rbx+0x18]
  3e:	cmp    al,0xff
  40:	je     31 <void std::_Destroy<lume::Buffer*>(lume::Buffer*, lume::Buffer*)+0x31>
  42:	mov    rdi,QWORD PTR [rbx]
  45:	cmp    al,0x2
  47:	je     4b <void std::_Destroy<lume::Buffer*>(lume::Buffer*, lume::Buffer*)+0x4b>
  49:	jbe    20 <void std::_Destroy<lume::Buffer*>(lume::Buffer*, lume::Buffer*)+0x20>
  4b:	test   rdi,rdi
  4e:	je     31 <void std::_Destroy<lume::Buffer*>(lume::Buffer*, lume::Buffer*)+0x31>
  50:	call   55 <void std::_Destroy<lume::Buffer*>(lume::Buffer*, lume::Buffer*)+0x55>
  55:	add    rbx,0x20
  59:	cmp    rbp,rbx
  5c:	jne    3a <void std::_Destroy<lume::Buffer*>(lume::Buffer*, lume::Buffer*)+0x3a>
  5e:	add    rsp,0x8
  62:	pop    rbx
  63:	pop    rbp
  64:	ret
  65:	nop    DWORD PTR [rax]
  68:	ret

Disassembly of section .text._ZSt10destroy_atIN4lume6BufferEEvPT_:

0000000000000000 <void std::destroy_at<lume::Buffer>(lume::Buffer*)>:
   0:	endbr64
   4:	movzx  eax,BYTE PTR [rdi+0x18]
   8:	cmp    al,0xff
   a:	je     30 <void std::destroy_at<lume::Buffer>(lume::Buffer*)+0x30>
   c:	cmp    al,0x2
   e:	je     38 <void std::destroy_at<lume::Buffer>(lume::Buffer*)+0x38>
  10:	ja     38 <void std::destroy_at<lume::Buffer>(lume::Buffer*)+0x38>
  12:	mov    rax,QWORD PTR [rdi]
  15:	test   rax,rax
  18:	je     30 <void std::destroy_at<lume::Buffer>(lume::Buffer*)+0x30>
  1a:	mov    rsi,QWORD PTR [rdi+0x10]
  1e:	mov    rdi,rax
  21:	sub    rsi,rax
  24:	jmp    29 <void std::destroy_at<lume::Buffer>(lume::Buffer*)+0x29>
  29:	nop    DWORD PTR [rax+0x0]
  30:	ret
  31:	nop    DWORD PTR [rax+0x0]
  38:	mov    rdi,QWORD PTR [rdi]
  3b:	test   rdi,rdi
  3e:	je     30 <void std::destroy_at<lume::Buffer>(lume::Buffer*)+0x30>
  40:	jmp    45 <lume::(anonymous namespace)::internal_error(std::__cxx11::basic_string<char, std::char_traits<char>, std::allocator<char> >)+0x5>

Disassembly of section .text._ZNSt6vectorIN4lume6BufferESaIS1_EE17_M_realloc_insertIJRKS1_EEEvN9__gnu_cxx17__normal_iteratorIPS1_S3_EEDpOT_:

0000000000000000 <void std::vector<lume::Buffer, std::allocator<lume::Buffer> >::_M_realloc_insert<lume::Buffer const&>(__gnu_cxx::__normal_iterator<lume::Buffer*, std::vector<lume::Buffer, std::allocator<lume::Buffer> > >, lume::Buffer const&)>:
   0:	endbr64
   4:	push   r15
   6:	mov    r15,rdx
   9:	movabs rdx,0x3ffffffffffffff
  13:	push   r14
  15:	push   r13
  17:	push   r12
  19:	push   rbp
  1a:	push   rbx
  1b:	sub    rsp,0x28
  1f:	mov    r12,QWORD PTR [rdi+0x8]
  23:	mov    r14,QWORD PTR [rdi]
  26:	mov    QWORD PTR [rsp+0x18],rdi
  2b:	mov    rax,r12
  2e:	sub    rax,r14
  31:	sar    rax,0x5
  35:	cmp    rax,rdx
  38:	je     589 <void std::vector<lume::Buffer, std::allocator<lume::Buffer> >::_M_realloc_insert<lume::Buffer const&>(__gnu_cxx::__normal_iterator<lume::Buffer*, std::vector<lume::Buffer, std::allocator<lume::Buffer> > >, lume::Buffer const&)+0x589>
  3e:	mov    r13,rsi
  41:	mov    rbp,rsi
  44:	mov    rbx,rsi
  47:	sub    r13,r14
  4a:	cmp    r14,r12
  4d:	je     400 <void std::vector<lume::Buffer, std::allocator<lume::Buffer> >::_M_realloc_insert<lume::Buffer const&>(__gnu_cxx::__normal_iterator<lume::Buffer*, std::vector<lume::Buffer, std::allocator<lume::Buffer> > >, lume::Buffer const&)+0x400>
  53:	lea    rsi,[rax+rax*1]
  57:	mov    QWORD PTR [rsp+0x10],rsi
  5c:	cmp    rsi,rax
  5f:	jb     208 <void std::vector<lume::Buffer, std::allocator<lume::Buffer> >::_M_realloc_insert<lume::Buffer const&>(__gnu_cxx::__normal_iterator<lume::Buffer*, std::vector<lume::Buffer, std::allocator<lume::Buffer> > >, lume::Buffer const&)+0x208>
  65:	test   rsi,rsi
  68:	jne    567 <void std::vector<lume::Buffer, std::allocator<lume::Buffer> >::_M_realloc_insert<lume::Buffer const&>(__gnu_cxx::__normal_iterator<lume::Buffer*, std::vector<lume::Buffer, std::allocator<lume::Buffer> > >, lume::Buffer const&)+0x567>
  6e:	mov    QWORD PTR [rsp],0x0
  76:	mov    rax,QWORD PTR [rsp]
  7a:	add    rax,r13
  7d:	movsx  r13,BYTE PTR [r15+0x18]
  82:	mov    QWORD PTR [rsp+0x8],rax
  87:	mov    BYTE PTR [rax+0x18],0xff
  8b:	cmp    r13,0x2
  8f:	je     4b0 <void std::vector<lume::Buffer, std::allocator<lume::Buffer> >::_M_realloc_insert<lume::Buffer const&>(__gnu_cxx::__normal_iterator<lume::Buffer*, std::vector<lume::Buffer, std::allocator<lume::Buffer> > >, lume::Buffer const&)+0x4b0>
  95:	ja     230 <void std::vector<lume::Buffer, std::allocator<lume::Buffer> >::_M_realloc_insert<lume::Buffer const&>(__gnu_cxx::__normal_iterator<lume::Buffer*, std::vector<lume::Buffer, std::allocator<lume::Buffer> > >, lume::Buffer const&)+0x230>
  9b:	test   r13,r13
  9e:	jne    430 <void std::vector<lume::Buffer, std::allocator<lume::Buffer> >::_M_realloc_insert<lume::Buffer const&>(__gnu_cxx::__normal_iterator<lume::Buffer*, std::vector<lume::Buffer, std::allocator<lume::Buffer> > >, lume::Buffer const&)+0x430>
  a4:	pxor   xmm0,xmm0
  a8:	mov    QWORD PTR [rax+0x10],0x0
  b0:	mov    rsi,QWORD PTR [r15]
  b3:	movups XMMWORD PTR [rax],xmm0
  b6:	mov    rax,QWORD PTR [r15+0x8]
  ba:	sub    rax,rsi
  bd:	je     530 <void std::vector<lume::Buffer, std::allocator<lume::Buffer> >::_M_realloc_insert<lume::Buffer const&>(__gnu_cxx::__normal_iterator<lume::Buffer*, std::vector<lume::Buffer, std::allocator<lume::Buffer> > >, lume::Buffer const&)+0x530>
  c3:	mov    r13,rax
  c6:	movabs rax,0x7ffffffffffffffc
  d0:	cmp    rax,r13
  d3:	jb     55d <void std::vector<lume::Buffer, std::allocator<lume::Buffer> >::_M_realloc_insert<lume::Buffer const&>(__gnu_cxx::__normal_iterator<lume::Buffer*, std::vector<lume::Buffer, std::allocator<lume::Buffer> > >, lume::Buffer const&)+0x55d>
  d9:	mov    rdi,r13
  dc:	call   e1 <void std::vector<lume::Buffer, std::allocator<lume::Buffer> >::_M_realloc_insert<lume::Buffer const&>(__gnu_cxx::__normal_iterator<lume::Buffer*, std::vector<lume::Buffer, std::allocator<lume::Buffer> > >, lume::Buffer const&)+0xe1>
  e1:	mov    rsi,QWORD PTR [r15]
  e4:	mov    rcx,rax
  e7:	lea    rax,[rcx+r13*1]
  eb:	mov    r13,QWORD PTR [r15+0x8]
  ef:	mov    rdi,QWORD PTR [rsp+0x8]
  f4:	movq   xmm0,rcx
  f9:	punpcklqdq xmm0,xmm0
  fd:	sub    r13,rsi
 100:	mov    QWORD PTR [rdi+0x10],rax
 104:	movups XMMWORD PTR [rdi],xmm0
 107:	cmp    r13,0x4
 10b:	jle    54a <void std::vector<lume::Buffer, std::allocator<lume::Buffer> >::_M_realloc_insert<lume::Buffer const&>(__gnu_cxx::__normal_iterator<lume::Buffer*, std::vector<lume::Buffer, std::allocator<lume::Buffer> > >, lume::Buffer const&)+0x54a>
 111:	mov    rdi,rcx
 114:	mov    rdx,r13
 117:	call   11c <void std::vector<lume::Buffer, std::allocator<lume::Buffer> >::_M_realloc_insert<lume::Buffer const&>(__gnu_cxx::__normal_iterator<lume::Buffer*, std::vector<lume::Buffer, std::allocator<lume::Buffer> > >, lume::Buffer const&)+0x11c>
 11c:	mov    rcx,rax
 11f:	mov    rax,QWORD PTR [rsp+0x8]
 124:	add    rcx,r13
 127:	mov    QWORD PTR [rax+0x8],rcx
 12b:	movzx  eax,BYTE PTR [r15+0x18]
 130:	mov    rsi,QWORD PTR [rsp+0x8]
 135:	mov    r15,QWORD PTR [rsp]
 139:	mov    r13,r14
 13c:	mov    BYTE PTR [rsi+0x18],al
 13f:	cmp    rbp,r14
 142:	jne    1bf <void std::vector<lume::Buffer, std::allocator<lume::Buffer> >::_M_realloc_insert<lume::Buffer const&>(__gnu_cxx::__normal_iterator<lume::Buffer*, std::vector<lume::Buffer, std::allocator<lume::Buffer> > >, lume::Buffer const&)+0x1bf>
 144:	jmp    2c7 <void std::vector<lume::Buffer, std::allocator<lume::Buffer> >::_M_realloc_insert<lume::Buffer const&>(__gnu_cxx::__normal_iterator<lume::Buffer*, std::vector<lume::Buffer, std::allocator<lume::Buffer> > >, lume::Buffer const&)+0x2c7>
 149:	nop    DWORD PTR [rax+0x0]
 150:	test   rcx,rcx
 153:	je     390 <void std::vector<lume::Buffer, std::allocator<lume::Buffer> >::_M_realloc_insert<lume::Buffer const&>(__gnu_cxx::__normal_iterator<lume::Buffer*, std::vector<lume::Buffer, std::allocator<lume::Buffer> > >, lume::Buffer const&)+0x390>
 159:	mov    rcx,QWORD PTR [r13+0x10]
 15d:	movdqu xmm5,XMMWORD PTR [r13+0x0]
 163:	mov    QWORD PTR [r13+0x10],0x0
 16b:	pxor   xmm6,xmm6
 16f:	movups XMMWORD PTR [r13+0x0],xmm6
 174:	mov    QWORD PTR [r15+0x10],rcx
 178:	movups XMMWORD PTR [r15],xmm5
 17c:	mov    BYTE PTR [r15+0x18],dl
 180:	movzx  edx,BYTE PTR [r13+0x18]
 185:	cmp    dl,0xff
 188:	je     1ae <void std::vector<lume::Buffer, std::allocator<lume::Buffer> >::_M_realloc_insert<lume::Buffer const&>(__gnu_cxx::__normal_iterator<lume::Buffer*, std::vector<lume::Buffer, std::allocator<lume::Buffer> > >, lume::Buffer const&)+0x1ae>
 18a:	mov    rdi,QWORD PTR [r13+0x0]
 18e:	cmp    dl,0x2
 191:	je     2a8 <void std::vector<lume::Buffer, std::allocator<lume::Buffer> >::_M_realloc_insert<lume::Buffer const&>(__gnu_cxx::__normal_iterator<lume::Buffer*, std::vector<lume::Buffer, std::allocator<lume::Buffer> > >, lume::Buffer const&)+0x2a8>
 197:	ja     2a8 <void std::vector<lume::Buffer, std::allocator<lume::Buffer> >::_M_realloc_insert<lume::Buffer const&>(__gnu_cxx::__normal_iterator<lume::Buffer*, std::vector<lume::Buffer, std::allocator<lume::Buffer> > >, lume::Buffer const&)+0x2a8>
 19d:	test   rdi,rdi
 1a0:	je     1ae <void std::vector<lume::Buffer, std::allocator<lume::Buffer> >::_M_realloc_insert<lume::Buffer const&>(__gnu_cxx::__normal_iterator<lume::Buffer*, std::vector<lume::Buffer, std::allocator<lume::Buffer> > >, lume::Buffer const&)+0x1ae>
 1a2:	mov    rsi,QWORD PTR [r13+0x10]
 1a6:	sub    rsi,rdi
 1a9:	call   1ae <void std::vector<lume::Buffer, std::allocator<lume::Buffer> >::_M_realloc_insert<lume::Buffer const&>(__gnu_cxx::__normal_iterator<lume::Buffer*, std::vector<lume::Buffer, std::allocator<lume::Buffer> > >, lume::Buffer const&)+0x1ae>
 1ae:	add    r13,0x20
 1b2:	add    r15,0x20
 1b6:	cmp    r13,rbp
 1b9:	je     2c7 <void std::vector<lume::Buffer, std::allocator<lume::Buffer> >::_M_realloc_insert<lume::Buffer const&>(__gnu_cxx::__normal_iterator<lume::Buffer*, std::vector<lume::Buffer, std::allocator<lume::Buffer> > >, lume::Buffer const&)+0x2c7>
 1bf:	mov    BYTE PTR [r15+0x18],0xff
 1c4:	movsx  rcx,BYTE PTR [r13+0x18]
 1c9:	mov    rdx,rcx
 1cc:	cmp    rcx,0x2
 1d0:	je     1de <void std::vector<lume::Buffer, std::allocator<lume::Buffer> >::_M_realloc_insert<lume::Buffer const&>(__gnu_cxx::__normal_iterator<lume::Buffer*, std::vector<lume::Buffer, std::allocator<lume::Buffer> > >, lume::Buffer const&)+0x1de>
 1d2:	jbe    150 <void std::vector<lume::Buffer, std::allocator<lume::Buffer> >::_M_realloc_insert<lume::Buffer const&>(__gnu_cxx::__normal_iterator<lume::Buffer*, std::vector<lume::Buffer, std::allocator<lume::Buffer> > >, lume::Buffer const&)+0x150>
 1d8:	cmp    rcx,0x3
 1dc:	jne    17c <void std::vector<lume::Buffer, std::allocator<lume::Buffer> >::_M_realloc_insert<lume::Buffer const&>(__gnu_cxx::__normal_iterator<lume::Buffer*, std::vector<lume::Buffer, std::allocator<lume::Buffer> > >, lume::Buffer const&)+0x17c>
 1de:	mov    rcx,QWORD PTR [r13+0x0]
 1e2:	mov    QWORD PTR [r15],rcx
 1e5:	mov    rcx,QWORD PTR [r13+0x8]
 1e9:	mov    QWORD PTR [r13+0x0],0x0
 1f1:	mov    QWORD PTR [r13+0x8],0x0
 1f9:	mov    QWORD PTR [r15+0x8],rcx
 1fd:	jmp    17c <void std::vector<lume::Buffer, std::allocator<lume::Buffer> >::_M_realloc_insert<lume::Buffer const&>(__gnu_cxx::__normal_iterator<lume::Buffer*, std::vector<lume::Buffer, std::allocator<lume::Buffer> > >, lume::Buffer const&)+0x17c>
 202:	nop    WORD PTR [rax+rax*1+0x0]
 208:	movabs rax,0x7fffffffffffffe0
 212:	mov    QWORD PTR [rsp+0x10],rax
 217:	mov    rdi,rax
 21a:	call   21f <void std::vector<lume::Buffer, std::allocator<lume::Buffer> >::_M_realloc_insert<lume::Buffer const&>(__gnu_cxx::__normal_iterator<lume::Buffer*, std::vector<lume::Buffer, std::allocator<lume::Buffer> > >, lume::Buffer const&)+0x21f>
 21f:	mov    QWORD PTR [rsp],rax
 223:	jmp    76 <void std::vector<lume::Buffer, std::allocator<lume::Buffer> >::_M_realloc_insert<lume::Buffer const&>(__gnu_cxx::__normal_iterator<lume::Buffer*, std::vector<lume::Buffer, std::allocator<lume::Buffer> > >, lume::Buffer const&)+0x76>
 228:	nop    DWORD PTR [rax+rax*1+0x0]
 230:	mov    eax,0xffffffff
 235:	cmp    r13,0x3
 239:	jne    130 <void std::vector<lume::Buffer, std::allocator<lume::Buffer> >::_M_realloc_insert<lume::Buffer const&>(__gnu_cxx::__normal_iterator<lume::Buffer*, std::vector<lume::Buffer, std::allocator<lume::Buffer> > >, lume::Buffer const&)+0x130>
 23f:	movabs rax,0x1ffffffffffffffe
 249:	mov    r13,QWORD PTR [r15+0x8]
 24d:	cmp    rax,r13
 250:	jb     5a3 <void std::vector<lume::Buffer, std::allocator<lume::Buffer> >::_M_realloc_insert<lume::Buffer const&>(__gnu_cxx::__normal_iterator<lume::Buffer*, std::vector<lume::Buffer, std::allocator<lume::Buffer> > >, lume::Buffer const&)+0x5a3>
 256:	lea    rdi,[r13*4+0x0]
 25e:	call   263 <void std::vector<lume::Buffer, std::allocator<lume::Buffer> >::_M_realloc_insert<lume::Buffer const&>(__gnu_cxx::__normal_iterator<lume::Buffer*, std::vector<lume::Buffer, std::allocator<lume::Buffer> > >, lume::Buffer const&)+0x263>
 263:	mov    rdi,rax
 266:	mov    rax,QWORD PTR [rsp+0x8]
 26b:	mov    QWORD PTR [rax],rdi
 26e:	mov    QWORD PTR [rax+0x8],r13
 272:	mov    rax,QWORD PTR [r15+0x8]
 276:	test   rax,rax
 279:	je     520 <void std::vector<lume::Buffer, std::allocator<lume::Buffer> >::_M_realloc_insert<lume::Buffer const&>(__gnu_cxx::__normal_iterator<lume::Buffer*, std::vector<lume::Buffer, std::allocator<lume::Buffer> > >, lume::Buffer const&)+0x520>
 27f:	lea    rdx,[rax*4+0x0]
 287:	mov    rsi,QWORD PTR [r15]
 28a:	cmp    rdx,0x4
 28e:	jle    515 <void std::vector<lume::Buffer, std::allocator<lume::Buffer> >::_M_realloc_insert<lume::Buffer const&>(__gnu_cxx::__normal_iterator<lume::Buffer*, std::vector<lume::Buffer, std::allocator<lume::Buffer> > >, lume::Buffer const&)+0x515>
 294:	call   299 <void std::vector<lume::Buffer, std::allocator<lume::Buffer> >::_M_realloc_insert<lume::Buffer const&>(__gnu_cxx::__normal_iterator<lume::Buffer*, std::vector<lume::Buffer, std::allocator<lume::Buffer> > >, lume::Buffer const&)+0x299>
 299:	movzx  eax,BYTE PTR [r15+0x18]
 29e:	jmp    130 <void std::vector<lume::Buffer, std::allocator<lume::Buffer> >::_M_realloc_insert<lume::Buffer const&>(__gnu_cxx::__normal_iterator<lume::Buffer*, std::vector<lume::Buffer, std::allocator<lume::Buffer> > >, lume::Buffer const&)+0x130>
 2a3:	nop    DWORD PTR [rax+rax*1+0x0]
 2a8:	test   rdi,rdi
 2ab:	je     1ae <void std::vector<lume::Buffer, std::allocator<lume::Buffer> >::_M_realloc_insert<lume::Buffer const&>(__gnu_cxx::__normal_iterator<lume::Buffer*, std::vector<lume::Buffer, std::allocator<lume::Buffer> > >, lume::Buffer const&)+0x1ae>
 2b1:	call   2b6 <void std::vector<lume::Buffer, std::allocator<lume::Buffer> >::_M_realloc_insert<lume::Buffer const&>(__gnu_cxx::__normal_iterator<lume::Buffer*, std::vector<lume::Buffer, std::allocator<lume::Buffer> > >, lume::Buffer const&)+0x2b6>
 2b6:	add    r13,0x20
 2ba:	add    r15,0x20
 2be:	cmp    r13,rbp
 2c1:	jne    1bf <void std::vector<lume::Buffer, std::allocator<lume::Buffer> >::_M_realloc_insert<lume::Buffer const&>(__gnu_cxx::__normal_iterator<lume::Buffer*, std::vector<lume::Buffer, std::allocator<lume::Buffer> > >, lume::Buffer const&)+0x1bf>
 2c7:	add    r15,0x20
 2cb:	cmp    rbp,r12
 2ce:	jne    303 <void std::vector<lume::Buffer, std::allocator<lume::Buffer> >::_M_realloc_insert<lume::Buffer const&>(__gnu_cxx::__normal_iterator<lume::Buffer*, std::vector<lume::Buffer, std::allocator<lume::Buffer> > >, lume::Buffer const&)+0x303>
 2d0:	jmp    340 <void std::vector<lume::Buffer, std::allocator<lume::Buffer> >::_M_realloc_insert<lume::Buffer const&>(__gnu_cxx::__normal_iterator<lume::Buffer*, std::vector<lume::Buffer, std::allocator<lume::Buffer> > >, lume::Buffer const&)+0x340>
 2d2:	nop    WORD PTR [rax+rax*1+0x0]
 2d8:	test   rax,rax
 2db:	je     3e0 <void std::vector<lume::Buffer, std::allocator<lume::Buffer> >::_M_realloc_insert<lume::Buffer const&>(__gnu_cxx::__normal_iterator<lume::Buffer*, std::vector<lume::Buffer, std::allocator<lume::Buffer> > >, lume::Buffer const&)+0x3e0>
 2e1:	mov    rax,QWORD PTR [rbx+0x10]
 2e5:	movdqu xmm2,XMMWORD PTR [rbx]
 2e9:	mov    BYTE PTR [r15+0x18],0x1
 2ee:	mov    QWORD PTR [r15+0x10],rax
 2f2:	movups XMMWORD PTR [r15],xmm2
 2f6:	add    rbx,0x20
 2fa:	add    r15,0x20
 2fe:	cmp    rbx,r12
 301:	je     340 <void std::vector<lume::Buffer, std::allocator<lume::Buffer> >::_M_realloc_insert<lume::Buffer const&>(__gnu_cxx::__normal_iterator<lume::Buffer*, std::vector<lume::Buffer, std::allocator<lume::Buffer> > >, lume::Buffer const&)+0x340>
 303:	movsx  rax,BYTE PTR [rbx+0x18]
 308:	mov    BYTE PTR [r15+0x18],0xff
 30d:	cmp    rax,0x2
 311:	je     3c0 <void std::vector<lume::Buffer, std::allocator<lume::Buffer> >::_M_realloc_insert<lume::Buffer const&>(__gnu_cxx::__normal_iterator<lume::Buffer*, std::vector<lume::Buffer, std::allocator<lume::Buffer> > >, lume::Buffer const&)+0x3c0>
 317:	jbe    2d8 <void std::vector<lume::Buffer, std::allocator<lume::Buffer> >::_M_realloc_insert<lume::Buffer const&>(__gnu_cxx::__normal_iterator<lume::Buffer*, std::vector<lume::Buffer, std::allocator<lume::Buffer> > >, lume::Buffer const&)+0x2d8>
 319:	cmp    rax,0x3
 31d:	jne    2f6 <void std::vector<lume::Buffer, std::allocator<lume::Buffer> >::_M_realloc_insert<lume::Buffer const&>(__gnu_cxx::__normal_iterator<lume::Buffer*, std::vector<lume::Buffer, std::allocator<lume::Buffer> > >, lume::Buffer const&)+0x2f6>
 31f:	mov    rax,QWORD PTR [rbx]
 322:	add    rbx,0x20
 326:	mov    BYTE PTR [r15+0x18],0x3
 32b:	add    r15,0x20
 32f:	mov    QWORD PTR [r15-0x20],rax
 333:	mov    rax,QWORD PTR [rbx-0x18]
 337:	mov    QWORD PTR [r15-0x18],rax
 33b:	cmp    rbx,r12
 33e:	jne    303 <void std::vector<lume::Buffer, std::allocator<lume::Buffer> >::_M_realloc_insert<lume::Buffer const&>(__gnu_cxx::__normal_iterator<lume::Buffer*, std::vector<lume::Buffer, std::allocator<lume::Buffer> > >, lume::Buffer const&)+0x303>
 340:	test   r14,r14
 343:	je     361 <void std::vector<lume::Buffer, std::allocator<lume::Buffer> >::_M_realloc_insert<lume::Buffer const&>(__gnu_cxx::__normal_iterator<lume::Buffer*, std::vector<lume::Buffer, std::allocator<lume::Buffer> > >, lume::Buffer const&)+0x361>
 345:	mov    rax,QWORD PTR [rsp+0x18]
 34a:	mov    rdi,r14
 34d:	mov    rax,QWORD PTR [rax+0x10]
 351:	mov    rsi,rax
 354:	mov    QWORD PTR [rsp+0x8],rax
 359:	sub    rsi,r14
 35c:	call   361 <void std::vector<lume::Buffer, std::allocator<lume::Buffer> >::_M_realloc_insert<lume::Buffer const&>(__gnu_cxx::__normal_iterator<lume::Buffer*, std::vector<lume::Buffer, std::allocator<lume::Buffer> > >, lume::Buffer const&)+0x361>
 361:	mov    rbx,QWORD PTR [rsp]
 365:	mov    rax,QWORD PTR [rsp+0x10]
 36a:	mov    rsi,QWORD PTR [rsp+0x18]
 36f:	add    rax,rbx
 372:	mov    QWORD PTR [rsi],rbx
 375:	mov    QWORD PTR [rsi+0x8],r15
 379:	mov    QWORD PTR [rsi+0x10],rax
 37d:	add    rsp,0x28
 381:	pop    rbx
 382:	pop    rbp
 383:	pop    r12
 385:	pop    r13
 387:	pop    r14
 389:	pop    r15
 38b:	ret
 38c:	nop    DWORD PTR [rax+0x0]
 390:	movdqu xmm3,XMMWORD PTR [r13+0x0]
 396:	mov    rcx,QWORD PTR [r13+0x10]
 39a:	pxor   xmm4,xmm4
 39e:	mov    QWORD PTR [r13+0x10],0x0
 3a6:	movups XMMWORD PTR [r13+0x0],xmm4
 3ab:	mov    QWORD PTR [r15+0x10],rcx
 3af:	movups XMMWORD PTR [r15],xmm3
 3b3:	jmp    17c <void std::vector<lume::Buffer, std::allocator<lume::Buffer> >::_M_realloc_insert<lume::Buffer const&>(__gnu_cxx::__normal_iterator<lume::Buffer*, std::vector<lume::Buffer, std::allocator<lume::Buffer> > >, lume::Buffer const&)+0x17c>
 3b8:	nop    DWORD PTR [rax+rax*1+0x0]
 3c0:	mov    rax,QWORD PTR [rbx]
 3c3:	mov    BYTE PTR [r15+0x18],0x2
 3c8:	mov    QWORD PTR [r15],rax
 3cb:	mov    rax,QWORD PTR [rbx+0x8]
 3cf:	mov    QWORD PTR [r15+0x8],rax
 3d3:	jmp    2f6 <void std::vector<lume::Buffer, std::allocator<lume::Buffer> >::_M_realloc_insert<lume::Buffer const&>(__gnu_cxx::__normal_iterator<lume::Buffer*, std::vector<lume::Buffer, std::allocator<lume::Buffer> > >, lume::Buffer const&)+0x2f6>
 3d8:	nop    DWORD PTR [rax+rax*1+0x0]
 3e0:	movdqu xmm1,XMMWORD PTR [rbx]
 3e4:	mov    rax,QWORD PTR [rbx+0x10]
 3e8:	mov    BYTE PTR [r15+0x18],0x0
 3ed:	mov    QWORD PTR [r15+0x10],rax
 3f1:	movups XMMWORD PTR [r15],xmm1
 3f5:	jmp    2f6 <void std::vector<lume::Buffer, std::allocator<lume::Buffer> >::_M_realloc_insert<lume::Buffer const&>(__gnu_cxx::__normal_iterator<lume::Buffer*, std::vector<lume::Buffer, std::allocator<lume::Buffer> > >, lume::Buffer const&)+0x2f6>
 3fa:	nop    WORD PTR [rax+rax*1+0x0]
 400:	add    rax,0x1
 404:	jb     208 <void std::vector<lume::Buffer, std::allocator<lume::Buffer> >::_M_realloc_insert<lume::Buffer const&>(__gnu_cxx::__normal_iterator<lume::Buffer*, std::vector<lume::Buffer, std::allocator<lume::Buffer> > >, lume::Buffer const&)+0x208>
 40a:	movabs rcx,0x3ffffffffffffff
 414:	cmp    rax,rcx
 417:	cmova  rax,rcx
 41b:	shl    rax,0x5
 41f:	mov    QWORD PTR [rsp+0x10],rax
 424:	mov    rdi,rax
 427:	jmp    21a <void std::vector<lume::Buffer, std::allocator<lume::Buffer> >::_M_realloc_insert<lume::Buffer const&>(__gnu_cxx::__normal_iterator<lume::Buffer*, std::vector<lume::Buffer, std::allocator<lume::Buffer> > >, lume::Buffer const&)+0x21a>
 42c:	nop    DWORD PTR [rax+0x0]
 430:	pxor   xmm0,xmm0
 434:	mov    QWORD PTR [rax+0x10],0x0
 43c:	mov    rsi,QWORD PTR [r15]
 43f:	movups XMMWORD PTR [rax],xmm0
 442:	mov    rax,QWORD PTR [r15+0x8]
 446:	sub    rax,rsi
 449:	je     540 <void std::vector<lume::Buffer, std::allocator<lume::Buffer> >::_M_realloc_insert<lume::Buffer const&>(__gnu_cxx::__normal_iterator<lume::Buffer*, std::vector<lume::Buffer, std::allocator<lume::Buffer> > >, lume::Buffer const&)+0x540>
 44f:	mov    r13,rax
 452:	movabs rax,0x7ffffffffffffffc
 45c:	cmp    rax,r13
 45f:	jb     562 <void std::vector<lume::Buffer, std::allocator<lume::Buffer> >::_M_realloc_insert<lume::Buffer const&>(__gnu_cxx::__normal_iterator<lume::Buffer*, std::vector<lume::Buffer, std::allocator<lume::Buffer> > >, lume::Buffer const&)+0x562>
 465:	mov    rdi,r13
 468:	call   46d <void std::vector<lume::Buffer, std::allocator<lume::Buffer> >::_M_realloc_insert<lume::Buffer const&>(__gnu_cxx::__normal_iterator<lume::Buffer*, std::vector<lume::Buffer, std::allocator<lume::Buffer> > >, lume::Buffer const&)+0x46d>
 46d:	mov    rsi,QWORD PTR [r15]
 470:	mov    rcx,rax
 473:	lea    rax,[rcx+r13*1]
 477:	mov    r13,QWORD PTR [r15+0x8]
 47b:	mov    rdi,QWORD PTR [rsp+0x8]
 480:	movq   xmm0,rcx
 485:	punpcklqdq xmm0,xmm0
 489:	sub    r13,rsi
 48c:	mov    QWORD PTR [rdi+0x10],rax
 490:	movups XMMWORD PTR [rdi],xmm0
 493:	cmp    r13,0x4
 497:	jg     111 <void std::vector<lume::Buffer, std::allocator<lume::Buffer> >::_M_realloc_insert<lume::Buffer const&>(__gnu_cxx::__normal_iterator<lume::Buffer*, std::vector<lume::Buffer, std::allocator<lume::Buffer> > >, lume::Buffer const&)+0x111>
 49d:	jne    11f <void std::vector<lume::Buffer, std::allocator<lume::Buffer> >::_M_realloc_insert<lume::Buffer const&>(__gnu_cxx::__normal_iterator<lume::Buffer*, std::vector<lume::Buffer, std::allocator<lume::Buffer> > >, lume::Buffer const&)+0x11f>
 4a3:	mov    eax,DWORD PTR [rsi]
 4a5:	mov    DWORD PTR [rcx],eax
 4a7:	jmp    11f <void std::vector<lume::Buffer, std::allocator<lume::Buffer> >::_M_realloc_insert<lume::Buffer const&>(__gnu_cxx::__normal_iterator<lume::Buffer*, std::vector<lume::Buffer, std::allocator<lume::Buffer> > >, lume::Buffer const&)+0x11f>
 4ac:	nop    DWORD PTR [rax+0x0]
 4b0:	movabs rax,0x1ffffffffffffffe
 4ba:	mov    r13,QWORD PTR [r15+0x8]
 4be:	cmp    rax,r13
 4c1:	jb     595 <void std::vector<lume::Buffer, std::allocator<lume::Buffer> >::_M_realloc_insert<lume::Buffer const&>(__gnu_cxx::__normal_iterator<lume::Buffer*, std::vector<lume::Buffer, std::allocator<lume::Buffer> > >, lume::Buffer const&)+0x595>
 4c7:	lea    rdi,[r13*4+0x0]
 4cf:	call   4d4 <void std::vector<lume::Buffer, std::allocator<lume::Buffer> >::_M_realloc_insert<lume::Buffer const&>(__gnu_cxx::__normal_iterator<lume::Buffer*, std::vector<lume::Buffer, std::allocator<lume::Buffer> > >, lume::Buffer const&)+0x4d4>
 4d4:	mov    rdi,rax
 4d7:	mov    rax,QWORD PTR [rsp+0x8]
 4dc:	mov    QWORD PTR [rax],rdi
 4df:	mov    QWORD PTR [rax+0x8],r13
 4e3:	mov    rax,QWORD PTR [r15+0x8]
 4e7:	test   rax,rax
 4ea:	je     520 <void std::vector<lume::Buffer, std::allocator<lume::Buffer> >::_M_realloc_insert<lume::Buffer const&>(__gnu_cxx::__normal_iterator<lume::Buffer*, std::vector<lume::Buffer, std::allocator<lume::Buffer> > >, lume::Buffer const&)+0x520>
 4ec:	lea    rdx,[rax*4+0x0]
 4f4:	mov    rsi,QWORD PTR [r15]
 4f7:	cmp    rdx,0x4
 4fb:	jg     294 <void std::vector<lume::Buffer, std::allocator<lume::Buffer> >::_M_realloc_insert<lume::Buffer const&>(__gnu_cxx::__normal_iterator<lume::Buffer*, std::vector<lume::Buffer, std::allocator<lume::Buffer> > >, lume::Buffer const&)+0x294>
 501:	jne    520 <void std::vector<lume::Buffer, std::allocator<lume::Buffer> >::_M_realloc_insert<lume::Buffer const&>(__gnu_cxx::__normal_iterator<lume::Buffer*, std::vector<lume::Buffer, std::allocator<lume::Buffer> > >, lume::Buffer const&)+0x520>
 503:	movss  xmm0,DWORD PTR [rsi]
 507:	movzx  eax,BYTE PTR [r15+0x18]
 50c:	movss  DWORD PTR [rdi],xmm0
 510:	jmp    130 <void std::vector<lume::Buffer, std::allocator<lume::Buffer> >::_M_realloc_insert<lume::Buffer const&>(__gnu_cxx::__normal_iterator<lume::Buffer*, std::vector<lume::Buffer, std::allocator<lume::Buffer> > >, lume::Buffer const&)+0x130>
 515:	jne    520 <void std::vector<lume::Buffer, std::allocator<lume::Buffer> >::_M_realloc_insert<lume::Buffer const&>(__gnu_cxx::__normal_iterator<lume::Buffer*, std::vector<lume::Buffer, std::allocator<lume::Buffer> > >, lume::Buffer const&)+0x520>
 517:	mov    eax,DWORD PTR [rsi]
 519:	mov    DWORD PTR [rdi],eax
 51b:	nop    DWORD PTR [rax+rax*1+0x0]
 520:	movzx  eax,BYTE PTR [r15+0x18]
 525:	jmp    130 <void std::vector<lume::Buffer, std::allocator<lume::Buffer> >::_M_realloc_insert<lume::Buffer const&>(__gnu_cxx::__normal_iterator<lume::Buffer*, std::vector<lume::Buffer, std::allocator<lume::Buffer> > >, lume::Buffer const&)+0x130>
 52a:	nop    WORD PTR [rax+rax*1+0x0]
 530:	xor    ecx,ecx
 532:	jmp    e7 <void std::vector<lume::Buffer, std::allocator<lume::Buffer> >::_M_realloc_insert<lume::Buffer const&>(__gnu_cxx::__normal_iterator<lume::Buffer*, std::vector<lume::Buffer, std::allocator<lume::Buffer> > >, lume::Buffer const&)+0xe7>
 537:	nop    WORD PTR [rax+rax*1+0x0]
 540:	xor    r13d,r13d
 543:	xor    ecx,ecx
 545:	jmp    473 <void std::vector<lume::Buffer, std::allocator<lume::Buffer> >::_M_realloc_insert<lume::Buffer const&>(__gnu_cxx::__normal_iterator<lume::Buffer*, std::vector<lume::Buffer, std::allocator<lume::Buffer> > >, lume::Buffer const&)+0x473>
 54a:	jne    11f <void std::vector<lume::Buffer, std::allocator<lume::Buffer> >::_M_realloc_insert<lume::Buffer const&>(__gnu_cxx::__normal_iterator<lume::Buffer*, std::vector<lume::Buffer, std::allocator<lume::Buffer> > >, lume::Buffer const&)+0x11f>
 550:	movss  xmm0,DWORD PTR [rsi]
 554:	movss  DWORD PTR [rcx],xmm0
 558:	jmp    11f <void std::vector<lume::Buffer, std::allocator<lume::Buffer> >::_M_realloc_insert<lume::Buffer const&>(__gnu_cxx::__normal_iterator<lume::Buffer*, std::vector<lume::Buffer, std::allocator<lume::Buffer> > >, lume::Buffer const&)+0x11f>
 55d:	call   562 <void std::vector<lume::Buffer, std::allocator<lume::Buffer> >::_M_realloc_insert<lume::Buffer const&>(__gnu_cxx::__normal_iterator<lume::Buffer*, std::vector<lume::Buffer, std::allocator<lume::Buffer> > >, lume::Buffer const&)+0x562>
 562:	call   567 <void std::vector<lume::Buffer, std::allocator<lume::Buffer> >::_M_realloc_insert<lume::Buffer const&>(__gnu_cxx::__normal_iterator<lume::Buffer*, std::vector<lume::Buffer, std::allocator<lume::Buffer> > >, lume::Buffer const&)+0x567>
 567:	movabs rax,0x3ffffffffffffff
 571:	cmp    rsi,rax
 574:	cmovbe rax,rsi
 578:	shl    rax,0x5
 57c:	mov    QWORD PTR [rsp+0x10],rax
 581:	mov    rdi,rax
 584:	jmp    21a <void std::vector<lume::Buffer, std::allocator<lume::Buffer> >::_M_realloc_insert<lume::Buffer const&>(__gnu_cxx::__normal_iterator<lume::Buffer*, std::vector<lume::Buffer, std::allocator<lume::Buffer> > >, lume::Buffer const&)+0x21a>
 589:	lea    rdi,[rip+0x0]        # 590 <void std::vector<lume::Buffer, std::allocator<lume::Buffer> >::_M_realloc_insert<lume::Buffer const&>(__gnu_cxx::__normal_iterator<lume::Buffer*, std::vector<lume::Buffer, std::allocator<lume::Buffer> > >, lume::Buffer const&)+0x590>
 590:	call   595 <void std::vector<lume::Buffer, std::allocator<lume::Buffer> >::_M_realloc_insert<lume::Buffer const&>(__gnu_cxx::__normal_iterator<lume::Buffer*, std::vector<lume::Buffer, std::allocator<lume::Buffer> > >, lume::Buffer const&)+0x595>
 595:	call   59a <void std::vector<lume::Buffer, std::allocator<lume::Buffer> >::_M_realloc_insert<lume::Buffer const&>(__gnu_cxx::__normal_iterator<lume::Buffer*, std::vector<lume::Buffer, std::allocator<lume::Buffer> > >, lume::Buffer const&)+0x59a>
 59a:	endbr64
 59e:	mov    rbx,rax
 5a1:	jmp    5a8 <void std::vector<lume::Buffer, std::allocator<lume::Buffer> >::_M_realloc_insert<lume::Buffer const&>(__gnu_cxx::__normal_iterator<lume::Buffer*, std::vector<lume::Buffer, std::allocator<lume::Buffer> > >, lume::Buffer const&)+0x5a8>
 5a3:	call   5a8 <void std::vector<lume::Buffer, std::allocator<lume::Buffer> >::_M_realloc_insert<lume::Buffer const&>(__gnu_cxx::__normal_iterator<lume::Buffer*, std::vector<lume::Buffer, std::allocator<lume::Buffer> > >, lume::Buffer const&)+0x5a8>
 5a8:	mov    rax,QWORD PTR [rsp+0x8]
 5ad:	cmp    BYTE PTR [rax+0x18],0xff
 5b1:	jne    5e3 <void std::vector<lume::Buffer, std::allocator<lume::Buffer> >::_M_realloc_insert<lume::Buffer const&>(__gnu_cxx::__normal_iterator<lume::Buffer*, std::vector<lume::Buffer, std::allocator<lume::Buffer> > >, lume::Buffer const&)+0x5e3>
 5b3:	mov    rdi,rbx
 5b6:	call   5bb <void std::vector<lume::Buffer, std::allocator<lume::Buffer> >::_M_realloc_insert<lume::Buffer const&>(__gnu_cxx::__normal_iterator<lume::Buffer*, std::vector<lume::Buffer, std::allocator<lume::Buffer> > >, lume::Buffer const&)+0x5bb>
 5bb:	cmp    QWORD PTR [rsp],0x0
 5c0:	je     5ed <void std::vector<lume::Buffer, std::allocator<lume::Buffer> >::_M_realloc_insert<lume::Buffer const&>(__gnu_cxx::__normal_iterator<lume::Buffer*, std::vector<lume::Buffer, std::allocator<lume::Buffer> > >, lume::Buffer const&)+0x5ed>
 5c2:	mov    rbx,QWORD PTR [rsp]
 5c6:	mov    rsi,rbx
 5c9:	mov    rdi,rbx
 5cc:	call   5d1 <void std::vector<lume::Buffer, std::allocator<lume::Buffer> >::_M_realloc_insert<lume::Buffer const&>(__gnu_cxx::__normal_iterator<lume::Buffer*, std::vector<lume::Buffer, std::allocator<lume::Buffer> > >, lume::Buffer const&)+0x5d1>
 5d1:	mov    rsi,QWORD PTR [rsp+0x10]
 5d6:	mov    rdi,rbx
 5d9:	call   5de <void std::vector<lume::Buffer, std::allocator<lume::Buffer> >::_M_realloc_insert<lume::Buffer const&>(__gnu_cxx::__normal_iterator<lume::Buffer*, std::vector<lume::Buffer, std::allocator<lume::Buffer> > >, lume::Buffer const&)+0x5de>
 5de:	call   5e3 <void std::vector<lume::Buffer, std::allocator<lume::Buffer> >::_M_realloc_insert<lume::Buffer const&>(__gnu_cxx::__normal_iterator<lume::Buffer*, std::vector<lume::Buffer, std::allocator<lume::Buffer> > >, lume::Buffer const&)+0x5e3>
 5e3:	mov    rdi,rax
 5e6:	call   5eb <void std::vector<lume::Buffer, std::allocator<lume::Buffer> >::_M_realloc_insert<lume::Buffer const&>(__gnu_cxx::__normal_iterator<lume::Buffer*, std::vector<lume::Buffer, std::allocator<lume::Buffer> > >, lume::Buffer const&)+0x5eb>
 5eb:	jmp    5b3 <void std::vector<lume::Buffer, std::allocator<lume::Buffer> >::_M_realloc_insert<lume::Buffer const&>(__gnu_cxx::__normal_iterator<lume::Buffer*, std::vector<lume::Buffer, std::allocator<lume::Buffer> > >, lume::Buffer const&)+0x5b3>
 5ed:	mov    rdi,QWORD PTR [rsp+0x8]
 5f2:	call   5f7 <void std::vector<lume::Buffer, std::allocator<lume::Buffer> >::_M_realloc_insert<lume::Buffer const&>(__gnu_cxx::__normal_iterator<lume::Buffer*, std::vector<lume::Buffer, std::allocator<lume::Buffer> > >, lume::Buffer const&)+0x5f7>
 5f7:	jmp    5de <void std::vector<lume::Buffer, std::allocator<lume::Buffer> >::_M_realloc_insert<lume::Buffer const&>(__gnu_cxx::__normal_iterator<lume::Buffer*, std::vector<lume::Buffer, std::allocator<lume::Buffer> > >, lume::Buffer const&)+0x5de>
 5f9:	endbr64
 5fd:	mov    rbx,rax
 600:	call   605 <void std::vector<lume::Buffer, std::allocator<lume::Buffer> >::_M_realloc_insert<lume::Buffer const&>(__gnu_cxx::__normal_iterator<lume::Buffer*, std::vector<lume::Buffer, std::allocator<lume::Buffer> > >, lume::Buffer const&)+0x605>
 605:	mov    rdi,rbx
 608:	call   60d <lume::(anonymous namespace)::add_add_buffers(lume::Buffer const&, lume::Buffer const&, lume::Buffer const&, bool)+0xad>
