replicate,dtype,fanout,n,regime,strategy,rep,order_pos,calls,ns_per_call,minflt_per_call,majflt_per_call,utime_ns_per_call,stime_ns_per_call,result_allocs_per_call,result_alloc_bytes_per_call,arena_allocs_per_call,arena_fallbacks,table_overflows,peak_live_bytes_interval,fresh,in_place,recomputed,elided,copies,moves,correct
3,f32,1,64,glibc_default_fresh,M,0,0,1000,563.86,0.0020,0.0000,585.0,0.0,1.000,256.0,0.000,0,0,256000,1,1,0,0,0,1,1
3,f32,1,64,glibc_default_fresh,R,0,1,1000,495.30,0.0000,0.0000,499.0,0.0,1.000,256.0,0.000,0,0,256000,1,0,1,1,0,1,1
3,f32,1,64,glibc_default_fresh,M_TWIN,0,2,1000,340.14,0.0000,0.0000,341.0,0.0,1.000,256.0,0.000,0,0,256000,1,1,0,0,0,1,1
3,f32,1,64,glibc_default_fresh,R,1,0,1000,365.10,0.0000,0.0000,366.0,0.0,1.000,256.0,0.000,0,0,256000,1,0,1,1,0,1,1
3,f32,1,64,glibc_default_fresh,M_TWIN,1,1,1000,347.94,0.0000,0.0000,349.0,0.0,1.000,256.0,0.000,0,0,256000,1,1,0,0,0,1,1
3,f32,1,64,glibc_default_fresh,M,1,2,1000,336.68,0.0000,0.0000,337.0,0.0,1.000,256.0,0.000,0,0,256000,1,1,0,0,0,1,1
3,f32,1,64,glibc_default_fresh,M_TWIN,2,0,1000,358.29,0.0000,0.0000,359.0,0.0,1.000,256.0,0.000,0,0,256000,1,1,0,0,0,1,1
3,f32,1,64,glibc_default_fresh,M,2,1,1000,346.88,0.0000,0.0000,347.0,0.0,1.000,256.0,0.000,0,0,256000,1,1,0,0,0,1,1
3,f32,1,64,glibc_default_fresh,R,2,2,1000,368.78,0.0000,0.0000,369.0,0.0,1.000,256.0,0.000,0,0,256000,1,0,1,1,0,1,1
3,f32,1,64,glibc_default_fresh,M,3,0,1000,338.19,0.0000,0.0000,339.0,0.0,1.000,256.0,0.000,0,0,256000,1,1,0,0,0,1,1
3,f32,1,64,glibc_default_fresh,R,3,1,1000,387.89,0.0000,0.0000,389.0,0.0,1.000,256.0,0.000,0,0,256000,1,0,1,1,0,1,1
3,f32,1,64,glibc_default_fresh,M_TWIN,3,2,1000,347.74,0.0000,0.0000,348.0,0.0,1.000,256.0,0.000,0,0,256000,1,1,0,0,0,1,1
3,f32,1,64,glibc_default_fresh,R,4,0,1000,363.66,0.0000,0.0000,365.0,0.0,1.000,256.0,0.000,0,0,256000,1,0,1,1,0,1,1
3,f32,1,64,glibc_default_fresh,M_TWIN,4,1,1000,333.08,0.0000,0.0000,334.0,0.0,1.000,256.0,0.000,0,0,256000,1,1,0,0,0,1,1
3,f32,1,64,glibc_default_fresh,M,4,2,1000,353.43,0.0000,0.0000,354.0,0.0,1.000,256.0,0.000,0,0,256000,1,1,0,0,0,1,1
3,f32,1,64,glibc_default_fresh,M_TWIN,5,0,1000,363.50,0.0000,0.0000,364.0,0.0,1.000,256.0,0.000,0,0,256000,1,1,0,0,0,1,1
3,f32,1,64,glibc_default_fresh,M,5,1,1000,392.54,0.0000,0.0000,394.0,0.0,1.000,256.0,0.000,0,0,256000,1,1,0,0,0,1,1
3,f32,1,64,glibc_default_fresh,R,5,2,1000,361.53,0.0000,0.0000,362.0,0.0,1.000,256.0,0.000,0,0,256000,1,0,1,1,0,1,1
3,f32,1,64,glibc_default_fresh,M,6,0,1000,337.99,0.0000,0.0000,339.0,0.0,1.000,256.0,0.000,0,0,256000,1,1,0,0,0,1,1
3,f32,1,64,glibc_default_fresh,R,6,1,1000,405.49,0.0000,0.0000,406.0,0.0,1.000,256.0,0.000,0,0,256000,1,0,1,1,0,1,1
3,f32,1,64,glibc_default_fresh,M_TWIN,6,2,1000,330.35,0.0000,0.0000,331.0,0.0,1.000,256.0,0.000,0,0,256000,1,1,0,0,0,1,1
3,f32,1,64,glibc_default_fresh,R,7,0,1000,390.31,0.0000,0.0000,391.0,0.0,1.000,256.0,0.000,0,0,256000,1,0,1,1,0,1,1
3,f32,1,64,glibc_default_fresh,M_TWIN,7,1,1000,345.13,0.0000,0.0000,346.0,0.0,1.000,256.0,0.000,0,0,256000,1,1,0,0,0,1,1
3,f32,1,64,glibc_default_fresh,M,7,2,1000,450.57,0.0000,0.0000,451.0,0.0,1.000,256.0,0.000,0,0,256000,1,1,0,0,0,1,1
3,f32,1,64,glibc_default_fresh,M_TWIN,8,0,1000,357.32,0.0000,0.0000,358.0,0.0,1.000,256.0,0.000,0,0,256000,1,1,0,0,0,1,1
3,f32,1,64,glibc_default_fresh,M,8,1,1000,356.09,0.0000,0.0000,357.0,0.0,1.000,256.0,0.000,0,0,256000,1,1,0,0,0,1,1
3,f32,1,64,glibc_default_fresh,R,8,2,1000,375.10,0.0000,0.0000,375.0,0.0,1.000,256.0,0.000,0,0,256000,1,0,1,1,0,1,1
3,f32,1,64,glibc_default_fresh,M,9,0,1000,341.69,0.0000,0.0000,342.0,0.0,1.000,256.0,0.000,0,0,256000,1,1,0,0,0,1,1
3,f32,1,64,glibc_default_fresh,R,9,1,1000,393.95,0.0000,0.0000,395.0,0.0,1.000,256.0,0.000,0,0,256000,1,0,1,1,0,1,1
3,f32,1,64,glibc_default_fresh,M_TWIN,9,2,1000,336.57,0.0000,0.0000,337.0,0.0,1.000,256.0,0.000,0,0,256000,1,1,0,0,0,1,1
3,f32,1,64,glibc_default_fresh,R,10,0,1000,358.99,0.0000,0.0000,359.0,0.0,1.000,256.0,0.000,0,0,256000,1,0,1,1,0,1,1
3,f32,1,64,glibc_default_fresh,M_TWIN,10,1,1000,371.75,0.0000,0.0000,373.0,0.0,1.000,256.0,0.000,0,0,256000,1,1,0,0,0,1,1
3,f32,1,64,glibc_default_fresh,M,10,2,1000,335.44,0.0000,0.0000,336.0,0.0,1.000,256.0,0.000,0,0,256000,1,1,0,0,0,1,1
3,f32,1,64,glibc_default_fresh,M_TWIN,11,0,1000,368.06,0.0000,0.0000,369.0,0.0,1.000,256.0,0.000,0,0,256000,1,1,0,0,0,1,1
3,f32,1,64,glibc_default_fresh,M,11,1,1000,351.54,0.0000,0.0000,352.0,0.0,1.000,256.0,0.000,0,0,256000,1,1,0,0,0,1,1
3,f32,1,64,glibc_default_fresh,R,11,2,1000,374.59,0.0000,0.0000,376.0,0.0,1.000,256.0,0.000,0,0,256000,1,0,1,1,0,1,1
3,f32,1,64,glibc_default_fresh,M,12,0,1000,359.20,0.0000,0.0000,360.0,0.0,1.000,256.0,0.000,0,0,256000,1,1,0,0,0,1,1
3,f32,1,64,glibc_default_fresh,R,12,1,1000,447.54,0.0000,0.0000,448.0,0.0,1.000,256.0,0.000,0,0,256000,1,0,1,1,0,1,1
3,f32,1,64,glibc_default_fresh,M_TWIN,12,2,1000,338.42,0.0000,0.0000,339.0,0.0,1.000,256.0,0.000,0,0,256000,1,1,0,0,0,1,1
3,f32,1,64,glibc_default_fresh,R,13,0,1000,362.07,0.0000,0.0000,363.0,0.0,1.000,256.0,0.000,0,0,256000,1,0,1,1,0,1,1
3,f32,1,64,glibc_default_fresh,M_TWIN,13,1,1000,343.13,0.0000,0.0000,344.0,0.0,1.000,256.0,0.000,0,0,256000,1,1,0,0,0,1,1
3,f32,1,64,glibc_default_fresh,M,13,2,1000,435.66,0.0000,0.0000,436.0,0.0,1.000,256.0,0.000,0,0,256000,1,1,0,0,0,1,1
3,f32,1,64,glibc_default_fresh,M_TWIN,14,0,1000,485.75,0.0000,0.0000,487.0,0.0,1.000,256.0,0.000,0,0,256000,1,1,0,0,0,1,1
3,f32,1,64,glibc_default_fresh,M,14,1,1000,369.47,0.0000,0.0000,371.0,0.0,1.000,256.0,0.000,0,0,256000,1,1,0,0,0,1,1
3,f32,1,64,glibc_default_fresh,R,14,2,1000,375.10,0.0000,0.0000,376.0,0.0,1.000,256.0,0.000,0,0,256000,1,0,1,1,0,1,1
3,f32,1,1024,glibc_default_fresh,M,0,0,1000,613.34,0.0020,0.0000,474.0,158.0,1.000,4096.0,0.000,0,0,4096000,1,1,0,0,0,1,1
3,f32,1,1024,glibc_default_fresh,R,0,1,1000,606.57,0.0000,0.0000,457.0,152.0,1.000,4096.0,0.000,0,0,4096000,1,0,1,1,0,1,1
3,f32,1,1024,glibc_default_fresh,M_TWIN,0,2,1000,722.41,0.0000,0.0000,726.0,0.0,1.000,4096.0,0.000,0,0,4096000,1,1,0,0,0,1,1
3,f32,1,1024,glibc_default_fresh,R,1,0,1000,658.22,0.0000,0.0000,662.0,0.0,1.000,4096.0,0.000,0,0,4096000,1,0,1,1,0,1,1
3,f32,1,1024,glibc_default_fresh,M_TWIN,1,1,1000,659.31,0.0000,0.0000,662.0,0.0,1.000,4096.0,0.000,0,0,4096000,1,1,0,0,0,1,1
3,f32,1,1024,glibc_default_fresh,M,1,2,1000,640.89,0.0000,0.0000,643.0,0.0,1.000,4096.0,0.000,0,0,4096000,1,1,0,0,0,1,1
3,f32,1,1024,glibc_default_fresh,M_TWIN,2,0,1000,981.26,0.0000,0.0000,987.0,0.0,1.000,4096.0,0.000,0,0,4096000,1,1,0,0,0,1,1
3,f32,1,1024,glibc_default_fresh,M,2,1,1000,616.36,0.0000,0.0000,619.0,0.0,1.000,4096.0,0.000,0,0,4096000,1,1,0,0,0,1,1
3,f32,1,1024,glibc_default_fresh,R,2,2,1000,569.64,0.0000,0.0000,572.0,0.0,1.000,4096.0,0.000,0,0,4096000,1,0,1,1,0,1,1
3,f32,1,1024,glibc_default_fresh,M,3,0,1000,607.57,0.0000,0.0000,610.0,0.0,1.000,4096.0,0.000,0,0,4096000,1,1,0,0,0,1,1
3,f32,1,1024,glibc_default_fresh,R,3,1,1000,586.80,0.0000,0.0000,590.0,0.0,1.000,4096.0,0.000,0,0,4096000,1,0,1,1,0,1,1
3,f32,1,1024,glibc_default_fresh,M_TWIN,3,2,1000,644.63,0.0000,0.0000,648.0,0.0,1.000,4096.0,0.000,0,0,4096000,1,1,0,0,0,1,1
3,f32,1,1024,glibc_default_fresh,R,4,0,1000,623.77,0.0000,0.0000,627.0,0.0,1.000,4096.0,0.000,0,0,4096000,1,0,1,1,0,1,1
3,f32,1,1024,glibc_default_fresh,M_TWIN,4,1,1000,619.89,0.0000,0.0000,625.0,0.0,1.000,4096.0,0.000,0,0,4096000,1,1,0,0,0,1,1
3,f32,1,1024,glibc_default_fresh,M,4,2,1000,639.64,0.0000,0.0000,641.0,0.0,1.000,4096.0,0.000,0,0,4096000,1,1,0,0,0,1,1
3,f32,1,1024,glibc_default_fresh,M_TWIN,5,0,1000,618.62,0.0000,0.0000,622.0,0.0,1.000,4096.0,0.000,0,0,4096000,1,1,0,0,0,1,1
3,f32,1,1024,glibc_default_fresh,M,5,1,1000,619.34,0.0000,0.0000,622.0,0.0,1.000,4096.0,0.000,0,0,4096000,1,1,0,0,0,1,1
3,f32,1,1024,glibc_default_fresh,R,5,2,1000,592.60,0.0000,0.0000,596.0,0.0,1.000,4096.0,0.000,0,0,4096000,1,0,1,1,0,1,1
3,f32,1,1024,glibc_default_fresh,M,6,0,1000,627.66,0.0000,0.0000,630.0,0.0,1.000,4096.0,0.000,0,0,4096000,1,1,0,0,0,1,1
3,f32,1,1024,glibc_default_fresh,R,6,1,1000,650.26,0.0000,0.0000,653.0,0.0,1.000,4096.0,0.000,0,0,4096000,1,0,1,1,0,1,1
3,f32,1,1024,glibc_default_fresh,M_TWIN,6,2,1000,706.91,0.0000,0.0000,709.0,0.0,1.000,4096.0,0.000,0,0,4096000,1,1,0,0,0,1,1
3,f32,1,1024,glibc_default_fresh,R,7,0,1000,624.85,0.0000,0.0000,628.0,0.0,1.000,4096.0,0.000,0,0,4096000,1,0,1,1,0,1,1
3,f32,1,1024,glibc_default_fresh,M_TWIN,7,1,1000,585.20,0.0000,0.0000,587.0,0.0,1.000,4096.0,0.000,0,0,4096000,1,1,0,0,0,1,1
3,f32,1,1024,glibc_default_fresh,M,7,2,1000,700.26,0.0000,0.0000,703.0,0.0,1.000,4096.0,0.000,0,0,4096000,1,1,0,0,0,1,1
3,f32,1,1024,glibc_default_fresh,M_TWIN,8,0,1000,668.97,0.0000,0.0000,672.0,0.0,1.000,4096.0,0.000,0,0,4096000,1,1,0,0,0,1,1
3,f32,1,1024,glibc_default_fresh,M,8,1,1000,613.36,0.0000,0.0000,616.0,0.0,1.000,4096.0,0.000,0,0,4096000,1,1,0,0,0,1,1
3,f32,1,1024,glibc_default_fresh,R,8,2,1000,617.97,0.0000,0.0000,620.0,0.0,1.000,4096.0,0.000,0,0,4096000,1,0,1,1,0,1,1
3,f32,1,1024,glibc_default_fresh,M,9,0,1000,668.68,0.0000,0.0000,649.0,0.0,1.000,4096.0,0.000,0,0,4096000,1,1,0,0,0,1,1
3,f32,1,1024,glibc_default_fresh,R,9,1,1000,627.07,0.0000,0.0000,631.0,0.0,1.000,4096.0,0.000,0,0,4096000,1,0,1,1,0,1,1
3,f32,1,1024,glibc_default_fresh,M_TWIN,9,2,1000,616.35,0.0000,0.0000,619.0,0.0,1.000,4096.0,0.000,0,0,4096000,1,1,0,0,0,1,1
3,f32,1,1024,glibc_default_fresh,R,10,0,1000,671.26,0.0000,0.0000,674.0,0.0,1.000,4096.0,0.000,0,0,4096000,1,0,1,1,0,1,1
3,f32,1,1024,glibc_default_fresh,M_TWIN,10,1,1000,624.33,0.0000,0.0000,628.0,0.0,1.000,4096.0,0.000,0,0,4096000,1,1,0,0,0,1,1
3,f32,1,1024,glibc_default_fresh,M,10,2,1000,673.51,0.0000,0.0000,677.0,0.0,1.000,4096.0,0.000,0,0,4096000,1,1,0,0,0,1,1
3,f32,1,1024,glibc_default_fresh,M_TWIN,11,0,1000,659.08,0.0000,0.0000,663.0,0.0,1.000,4096.0,0.000,0,0,4096000,1,1,0,0,0,1,1
3,f32,1,1024,glibc_default_fresh,M,11,1,1000,740.16,0.0000,0.0000,743.0,0.0,1.000,4096.0,0.000,0,0,4096000,1,1,0,0,0,1,1
3,f32,1,1024,glibc_default_fresh,R,11,2,1000,606.21,0.0000,0.0000,609.0,0.0,1.000,4096.0,0.000,0,0,4096000,1,0,1,1,0,1,1
3,f32,1,1024,glibc_default_fresh,M,12,0,1000,592.32,0.0000,0.0000,594.0,0.0,1.000,4096.0,0.000,0,0,4096000,1,1,0,0,0,1,1
3,f32,1,1024,glibc_default_fresh,R,12,1,1000,580.66,0.0000,0.0000,584.0,0.0,1.000,4096.0,0.000,0,0,4096000,1,0,1,1,0,1,1
3,f32,1,1024,glibc_default_fresh,M_TWIN,12,2,1000,682.14,0.0000,0.0000,685.0,0.0,1.000,4096.0,0.000,0,0,4096000,1,1,0,0,0,1,1
3,f32,1,1024,glibc_default_fresh,R,13,0,1000,609.26,0.0000,0.0000,612.0,0.0,1.000,4096.0,0.000,0,0,4096000,1,0,1,1,0,1,1
3,f32,1,1024,glibc_default_fresh,M_TWIN,13,1,1000,601.44,0.0000,0.0000,604.0,0.0,1.000,4096.0,0.000,0,0,4096000,1,1,0,0,0,1,1
3,f32,1,1024,glibc_default_fresh,M,13,2,1000,654.92,0.0000,0.0000,658.0,0.0,1.000,4096.0,0.000,0,0,4096000,1,1,0,0,0,1,1
3,f32,1,1024,glibc_default_fresh,M_TWIN,14,0,1000,649.27,0.0000,0.0000,653.0,0.0,1.000,4096.0,0.000,0,0,4096000,1,1,0,0,0,1,1
3,f32,1,1024,glibc_default_fresh,M,14,1,1000,609.48,0.0000,0.0000,613.0,0.0,1.000,4096.0,0.000,0,0,4096000,1,1,0,0,0,1,1
3,f32,1,1024,glibc_default_fresh,R,14,2,1000,580.83,0.0000,0.0000,583.0,0.0,1.000,4096.0,0.000,0,0,4096000,1,0,1,1,0,1,1
3,f32,1,4096,glibc_default_fresh,M,0,0,1,2104.00,2.0000,0.0000,0.0,16000.0,1.000,16384.0,0.000,0,0,16384,1,1,0,0,0,1,1
3,f32,1,4096,glibc_default_fresh,R,0,1,1,1792.00,0.0000,0.0000,0.0,3000.0,1.000,16384.0,0.000,0,0,16384,1,0,1,1,0,1,1
3,f32,1,4096,glibc_default_fresh,M_TWIN,0,2,1,1822.00,0.0000,0.0000,0.0,2000.0,1.000,16384.0,0.000,0,0,16384,1,1,0,0,0,1,1
3,f32,1,4096,glibc_default_fresh,R,1,0,1,1541.00,0.0000,0.0000,0.0,2000.0,1.000,16384.0,0.000,0,0,16384,1,0,1,1,0,1,1
3,f32,1,4096,glibc_default_fresh,M_TWIN,1,1,1,1774.00,0.0000,0.0000,0.0,2000.0,1.000,16384.0,0.000,0,0,16384,1,1,0,0,0,1,1
3,f32,1,4096,glibc_default_fresh,M,1,2,1,1717.00,0.0000,0.0000,0.0,2000.0,1.000,16384.0,0.000,0,0,16384,1,1,0,0,0,1,1
3,f32,1,4096,glibc_default_fresh,M_TWIN,2,0,1,2114.00,0.0000,0.0000,0.0,3000.0,1.000,16384.0,0.000,0,0,16384,1,1,0,0,0,1,1
3,f32,1,4096,glibc_default_fresh,M,2,1,1,2081.00,0.0000,0.0000,0.0,3000.0,1.000,16384.0,0.000,0,0,16384,1,1,0,0,0,1,1
3,f32,1,4096,glibc_default_fresh,R,2,2,1,1459.00,0.0000,0.0000,0.0,2000.0,1.000,16384.0,0.000,0,0,16384,1,0,1,1,0,1,1
3,f32,1,4096,glibc_default_fresh,M,3,0,1,1574.00,0.0000,0.0000,0.0,2000.0,1.000,16384.0,0.000,0,0,16384,1,1,0,0,0,1,1
3,f32,1,4096,glibc_default_fresh,R,3,1,1,1323.00,0.0000,0.0000,0.0,2000.0,1.000,16384.0,0.000,0,0,16384,1,0,1,1,0,1,1
3,f32,1,4096,glibc_default_fresh,M_TWIN,3,2,1,1503.00,0.0000,0.0000,0.0,2000.0,1.000,16384.0,0.000,0,0,16384,1,1,0,0,0,1,1
3,f32,1,4096,glibc_default_fresh,R,4,0,1,1419.00,0.0000,0.0000,0.0,2000.0,1.000,16384.0,0.000,0,0,16384,1,0,1,1,0,1,1
3,f32,1,4096,glibc_default_fresh,M_TWIN,4,1,1,1471.00,0.0000,0.0000,0.0,2000.0,1.000,16384.0,0.000,0,0,16384,1,1,0,0,0,1,1
3,f32,1,4096,glibc_default_fresh,M,4,2,1,1516.00,0.0000,0.0000,0.0,2000.0,1.000,16384.0,0.000,0,0,16384,1,1,0,0,0,1,1
3,f32,1,4096,glibc_default_fresh,M_TWIN,5,0,1,2449.00,0.0000,0.0000,0.0,4000.0,1.000,16384.0,0.000,0,0,16384,1,1,0,0,0,1,1
3,f32,1,4096,glibc_default_fresh,M,5,1,1,1531.00,0.0000,0.0000,0.0,2000.0,1.000,16384.0,0.000,0,0,16384,1,1,0,0,0,1,1
3,f32,1,4096,glibc_default_fresh,R,5,2,1,1352.00,0.0000,0.0000,0.0,2000.0,1.000,16384.0,0.000,0,0,16384,1,0,1,1,0,1,1
3,f32,1,4096,glibc_default_fresh,M,6,0,1,1456.00,0.0000,0.0000,0.0,2000.0,1.000,16384.0,0.000,0,0,16384,1,1,0,0,0,1,1
3,f32,1,4096,glibc_default_fresh,R,6,1,1,1338.00,0.0000,0.0000,0.0,2000.0,1.000,16384.0,0.000,0,0,16384,1,0,1,1,0,1,1
3,f32,1,4096,glibc_default_fresh,M_TWIN,6,2,1,1454.00,0.0000,0.0000,0.0,2000.0,1.000,16384.0,0.000,0,0,16384,1,1,0,0,0,1,1
3,f32,1,4096,glibc_default_fresh,R,7,0,1,1338.00,0.0000,0.0000,0.0,1000.0,1.000,16384.0,0.000,0,0,16384,1,0,1,1,0,1,1
3,f32,1,4096,glibc_default_fresh,M_TWIN,7,1,1,1492.00,0.0000,0.0000,0.0,2000.0,1.000,16384.0,0.000,0,0,16384,1,1,0,0,0,1,1
3,f32,1,4096,glibc_default_fresh,M,7,2,1,1537.00,0.0000,0.0000,0.0,2000.0,1.000,16384.0,0.000,0,0,16384,1,1,0,0,0,1,1
3,f32,1,4096,glibc_default_fresh,M_TWIN,8,0,1,1482.00,0.0000,0.0000,0.0,2000.0,1.000,16384.0,0.000,0,0,16384,1,1,0,0,0,1,1
3,f32,1,4096,glibc_default_fresh,M,8,1,1,1526.00,0.0000,0.0000,0.0,2000.0,1.000,16384.0,0.000,0,0,16384,1,1,0,0,0,1,1
3,f32,1,4096,glibc_default_fresh,R,8,2,1,1330.00,0.0000,0.0000,0.0,2000.0,1.000,16384.0,0.000,0,0,16384,1,0,1,1,0,1,1
3,f32,1,4096,glibc_default_fresh,M,9,0,1,1502.00,0.0000,0.0000,0.0,2000.0,1.000,16384.0,0.000,0,0,16384,1,1,0,0,0,1,1
3,f32,1,4096,glibc_default_fresh,R,9,1,1,1323.00,0.0000,0.0000,0.0,2000.0,1.000,16384.0,0.000,0,0,16384,1,0,1,1,0,1,1
3,f32,1,4096,glibc_default_fresh,M_TWIN,9,2,1,1584.00,0.0000,0.0000,0.0,2000.0,1.000,16384.0,0.000,0,0,16384,1,1,0,0,0,1,1
3,f32,1,4096,glibc_default_fresh,R,10,0,1,1334.00,0.0000,0.0000,0.0,2000.0,1.000,16384.0,0.000,0,0,16384,1,0,1,1,0,1,1
3,f32,1,4096,glibc_default_fresh,M_TWIN,10,1,1,1554.00,0.0000,0.0000,0.0,2000.0,1.000,16384.0,0.000,0,0,16384,1,1,0,0,0,1,1
3,f32,1,4096,glibc_default_fresh,M,10,2,1,1438.00,0.0000,0.0000,0.0,2000.0,1.000,16384.0,0.000,0,0,16384,1,1,0,0,0,1,1
3,f32,1,4096,glibc_default_fresh,M_TWIN,11,0,1,1425.00,0.0000,0.0000,0.0,2000.0,1.000,16384.0,0.000,0,0,16384,1,1,0,0,0,1,1
3,f32,1,4096,glibc_default_fresh,M,11,1,1,1519.00,0.0000,0.0000,0.0,2000.0,1.000,16384.0,0.000,0,0,16384,1,1,0,0,0,1,1
3,f32,1,4096,glibc_default_fresh,R,11,2,1,1342.00,0.0000,0.0000,0.0,2000.0,1.000,16384.0,0.000,0,0,16384,1,0,1,1,0,1,1
3,f32,1,4096,glibc_default_fresh,M,12,0,1,1539.00,0.0000,0.0000,0.0,2000.0,1.000,16384.0,0.000,0,0,16384,1,1,0,0,0,1,1
3,f32,1,4096,glibc_default_fresh,R,12,1,1,1333.00,0.0000,0.0000,0.0,2000.0,1.000,16384.0,0.000,0,0,16384,1,0,1,1,0,1,1
3,f32,1,4096,glibc_default_fresh,M_TWIN,12,2,1,1492.00,0.0000,0.0000,0.0,2000.0,1.000,16384.0,0.000,0,0,16384,1,1,0,0,0,1,1
3,f32,1,4096,glibc_default_fresh,R,13,0,1,1318.00,0.0000,0.0000,0.0,2000.0,1.000,16384.0,0.000,0,0,16384,1,0,1,1,0,1,1
3,f32,1,4096,glibc_default_fresh,M_TWIN,13,1,1,1502.00,0.0000,0.0000,0.0,2000.0,1.000,16384.0,0.000,0,0,16384,1,1,0,0,0,1,1
3,f32,1,4096,glibc_default_fresh,M,13,2,1,1492.00,0.0000,0.0000,0.0,2000.0,1.000,16384.0,0.000,0,0,16384,1,1,0,0,0,1,1
3,f32,1,4096,glibc_default_fresh,M_TWIN,14,0,1,2139.00,0.0000,0.0000,0.0,3000.0,1.000,16384.0,0.000,0,0,16384,1,1,0,0,0,1,1
3,f32,1,4096,glibc_default_fresh,M,14,1,1,1936.00,0.0000,0.0000,0.0,3000.0,1.000,16384.0,0.000,0,0,16384,1,1,0,0,0,1,1
3,f32,1,4096,glibc_default_fresh,R,14,2,1,1983.00,0.0000,0.0000,0.0,3000.0,1.000,16384.0,0.000,0,0,16384,1,0,1,1,0,1,1
3,f32,1,16384,glibc_default_fresh,M,0,0,1,7069.00,3.0000,0.0000,24000.0,0.0,1.000,65536.0,0.000,0,0,65536,1,1,0,0,0,1,1
3,f32,1,16384,glibc_default_fresh,R,0,1,1,6491.00,0.0000,0.0000,7000.0,0.0,1.000,65536.0,0.000,0,0,65536,1,0,1,1,0,1,1
3,f32,1,16384,glibc_default_fresh,M_TWIN,0,2,1,6833.00,0.0000,0.0000,8000.0,0.0,1.000,65536.0,0.000,0,0,65536,1,1,0,0,0,1,1
3,f32,1,16384,glibc_default_fresh,R,1,0,1,6605.00,0.0000,0.0000,7000.0,0.0,1.000,65536.0,0.000,0,0,65536,1,0,1,1,0,1,1
3,f32,1,16384,glibc_default_fresh,M_TWIN,1,1,1,6388.00,0.0000,0.0000,7000.0,0.0,1.000,65536.0,0.000,0,0,65536,1,1,0,0,0,1,1
3,f32,1,16384,glibc_default_fresh,M,1,2,1,6735.00,0.0000,0.0000,7000.0,0.0,1.000,65536.0,0.000,0,0,65536,1,1,0,0,0,1,1
3,f32,1,16384,glibc_default_fresh,M_TWIN,2,0,1,6797.00,0.0000,0.0000,8000.0,0.0,1.000,65536.0,0.000,0,0,65536,1,1,0,0,0,1,1
3,f32,1,16384,glibc_default_fresh,M,2,1,1,6716.00,0.0000,0.0000,8000.0,0.0,1.000,65536.0,0.000,0,0,65536,1,1,0,0,0,1,1
3,f32,1,16384,glibc_default_fresh,R,2,2,1,6308.00,0.0000,0.0000,7000.0,0.0,1.000,65536.0,0.000,0,0,65536,1,0,1,1,0,1,1
3,f32,1,16384,glibc_default_fresh,M,3,0,1,6003.00,0.0000,0.0000,6000.0,0.0,1.000,65536.0,0.000,0,0,65536,1,1,0,0,0,1,1
3,f32,1,16384,glibc_default_fresh,R,3,1,1,6331.00,0.0000,0.0000,7000.0,0.0,1.000,65536.0,0.000,0,0,65536,1,0,1,1,0,1,1
3,f32,1,16384,glibc_default_fresh,M_TWIN,3,2,1,7134.00,0.0000,0.0000,8000.0,0.0,1.000,65536.0,0.000,0,0,65536,1,1,0,0,0,1,1
3,f32,1,16384,glibc_default_fresh,R,4,0,1,6285.00,0.0000,0.0000,7000.0,0.0,1.000,65536.0,0.000,0,0,65536,1,0,1,1,0,1,1
3,f32,1,16384,glibc_default_fresh,M_TWIN,4,1,1,7011.00,0.0000,0.0000,7000.0,0.0,1.000,65536.0,0.000,0,0,65536,1,1,0,0,0,1,1
3,f32,1,16384,glibc_default_fresh,M,4,2,1,6987.00,0.0000,0.0000,7000.0,0.0,1.000,65536.0,0.000,0,0,65536,1,1,0,0,0,1,1
3,f32,1,16384,glibc_default_fresh,M_TWIN,5,0,1,6789.00,0.0000,0.0000,8000.0,0.0,1.000,65536.0,0.000,0,0,65536,1,1,0,0,0,1,1
3,f32,1,16384,glibc_default_fresh,M,5,1,1,7223.00,0.0000,0.0000,8000.0,0.0,1.000,65536.0,0.000,0,0,65536,1,1,0,0,0,1,1
3,f32,1,16384,glibc_default_fresh,R,5,2,1,6395.00,0.0000,0.0000,7000.0,0.0,1.000,65536.0,0.000,0,0,65536,1,0,1,1,0,1,1
3,f32,1,16384,glibc_default_fresh,M,6,0,1,6749.00,0.0000,0.0000,8000.0,0.0,1.000,65536.0,0.000,0,0,65536,1,1,0,0,0,1,1
3,f32,1,16384,glibc_default_fresh,R,6,1,1,6427.00,0.0000,0.0000,7000.0,0.0,1.000,65536.0,0.000,0,0,65536,1,0,1,1,0,1,1
3,f32,1,16384,glibc_default_fresh,M_TWIN,6,2,1,6046.00,0.0000,0.0000,6000.0,0.0,1.000,65536.0,0.000,0,0,65536,1,1,0,0,0,1,1
3,f32,1,16384,glibc_default_fresh,R,7,0,1,6041.00,0.0000,0.0000,7000.0,0.0,1.000,65536.0,0.000,0,0,65536,1,0,1,1,0,1,1
3,f32,1,16384,glibc_default_fresh,M_TWIN,7,1,1,6684.00,0.0000,0.0000,7000.0,0.0,1.000,65536.0,0.000,0,0,65536,1,1,0,0,0,1,1
3,f32,1,16384,glibc_default_fresh,M,7,2,1,6645.00,0.0000,0.0000,7000.0,0.0,1.000,65536.0,0.000,0,0,65536,1,1,0,0,0,1,1
3,f32,1,16384,glibc_default_fresh,M_TWIN,8,0,1,6395.00,0.0000,0.0000,7000.0,0.0,1.000,65536.0,0.000,0,0,65536,1,1,0,0,0,1,1
3,f32,1,16384,glibc_default_fresh,M,8,1,1,6645.00,0.0000,0.0000,7000.0,0.0,1.000,65536.0,0.000,0,0,65536,1,1,0,0,0,1,1
3,f32,1,16384,glibc_default_fresh,R,8,2,1,5607.00,0.0000,0.0000,6000.0,0.0,1.000,65536.0,0.000,0,0,65536,1,0,1,1,0,1,1
3,f32,1,16384,glibc_default_fresh,M,9,0,1,6397.00,0.0000,0.0000,7000.0,0.0,1.000,65536.0,0.000,0,0,65536,1,1,0,0,0,1,1
3,f32,1,16384,glibc_default_fresh,R,9,1,1,5971.00,0.0000,0.0000,7000.0,0.0,1.000,65536.0,0.000,0,0,65536,1,0,1,1,0,1,1
3,f32,1,16384,glibc_default_fresh,M_TWIN,9,2,1,6670.00,0.0000,0.0000,7000.0,0.0,1.000,65536.0,0.000,0,0,65536,1,1,0,0,0,1,1
3,f32,1,16384,glibc_default_fresh,R,10,0,1,5826.00,0.0000,0.0000,6000.0,0.0,1.000,65536.0,0.000,0,0,65536,1,0,1,1,0,1,1
3,f32,1,16384,glibc_default_fresh,M_TWIN,10,1,1,7706.00,0.0000,0.0000,8000.0,0.0,1.000,65536.0,0.000,0,0,65536,1,1,0,0,0,1,1
3,f32,1,16384,glibc_default_fresh,M,10,2,1,6805.00,0.0000,0.0000,8000.0,0.0,1.000,65536.0,0.000,0,0,65536,1,1,0,0,0,1,1
3,f32,1,16384,glibc_default_fresh,M_TWIN,11,0,1,7782.00,0.0000,0.0000,9000.0,0.0,1.000,65536.0,0.000,0,0,65536,1,1,0,0,0,1,1
3,f32,1,16384,glibc_default_fresh,M,11,1,1,7730.00,0.0000,0.0000,9000.0,0.0,1.000,65536.0,0.000,0,0,65536,1,1,0,0,0,1,1
3,f32,1,16384,glibc_default_fresh,R,11,2,1,6632.00,0.0000,0.0000,7000.0,0.0,1.000,65536.0,0.000,0,0,65536,1,0,1,1,0,1,1
3,f32,1,16384,glibc_default_fresh,M,12,0,1,7486.00,0.0000,0.0000,8000.0,0.0,1.000,65536.0,0.000,0,0,65536,1,1,0,0,0,1,1
3,f32,1,16384,glibc_default_fresh,R,12,1,1,6282.00,0.0000,0.0000,7000.0,0.0,1.000,65536.0,0.000,0,0,65536,1,0,1,1,0,1,1
3,f32,1,16384,glibc_default_fresh,M_TWIN,12,2,1,7236.00,0.0000,0.0000,8000.0,0.0,1.000,65536.0,0.000,0,0,65536,1,1,0,0,0,1,1
3,f32,1,16384,glibc_default_fresh,R,13,0,1,6153.00,0.0000,0.0000,7000.0,0.0,1.000,65536.0,0.000,0,0,65536,1,0,1,1,0,1,1
3,f32,1,16384,glibc_default_fresh,M_TWIN,13,1,1,7546.00,0.0000,0.0000,8000.0,0.0,1.000,65536.0,0.000,0,0,65536,1,1,0,0,0,1,1
3,f32,1,16384,glibc_default_fresh,M,13,2,1,6921.00,0.0000,0.0000,7000.0,0.0,1.000,65536.0,0.000,0,0,65536,1,1,0,0,0,1,1
3,f32,1,16384,glibc_default_fresh,M_TWIN,14,0,1,6425.00,0.0000,0.0000,8000.0,0.0,1.000,65536.0,0.000,0,0,65536,1,1,0,0,0,1,1
3,f32,1,16384,glibc_default_fresh,M,14,1,1,6954.00,0.0000,0.0000,7000.0,0.0,1.000,65536.0,0.000,0,0,65536,1,1,0,0,0,1,1
3,f32,1,16384,glibc_default_fresh,R,14,2,1,6542.00,0.0000,0.0000,8000.0,0.0,1.000,65536.0,0.000,0,0,65536,1,0,1,1,0,1,1
3,f32,1,65536,glibc_default_fresh,M,0,0,1,24669.00,2.0000,0.0000,19000.0,19000.0,1.000,262144.0,0.000,0,0,262144,1,1,0,0,0,1,1
3,f32,1,65536,glibc_default_fresh,R,0,1,1,22600.00,0.0000,0.0000,12000.0,12000.0,1.000,262144.0,0.000,0,0,262144,1,0,1,1,0,1,1
3,f32,1,65536,glibc_default_fresh,M_TWIN,0,2,1,25729.00,0.0000,0.0000,13000.0,13000.0,1.000,262144.0,0.000,0,0,262144,1,1,0,0,0,1,1
3,f32,1,65536,glibc_default_fresh,R,1,0,1,23214.00,0.0000,0.0000,12000.0,12000.0,1.000,262144.0,0.000,0,0,262144,1,0,1,1,0,1,1
3,f32,1,65536,glibc_default_fresh,M_TWIN,1,1,1,24497.00,0.0000,0.0000,12000.0,12000.0,1.000,262144.0,0.000,0,0,262144,1,1,0,0,0,1,1
3,f32,1,65536,glibc_default_fresh,M,1,2,1,24956.00,0.0000,0.0000,13000.0,13000.0,1.000,262144.0,0.000,0,0,262144,1,1,0,0,0,1,1
3,f32,1,65536,glibc_default_fresh,M_TWIN,2,0,1,25025.00,0.0000,0.0000,13000.0,13000.0,1.000,262144.0,0.000,0,0,262144,1,1,0,0,0,1,1
3,f32,1,65536,glibc_default_fresh,M,2,1,1,24642.00,0.0000,0.0000,13000.0,13000.0,1.000,262144.0,0.000,0,0,262144,1,1,0,0,0,1,1
3,f32,1,65536,glibc_default_fresh,R,2,2,1,19904.00,0.0000,0.0000,11000.0,11000.0,1.000,262144.0,0.000,0,0,262144,1,0,1,1,0,1,1
3,f32,1,65536,glibc_default_fresh,M,3,0,1,25406.00,0.0000,0.0000,13000.0,13000.0,1.000,262144.0,0.000,0,0,262144,1,1,0,0,0,1,1
3,f32,1,65536,glibc_default_fresh,R,3,1,1,21990.00,0.0000,0.0000,11000.0,11000.0,1.000,262144.0,0.000,0,0,262144,1,0,1,1,0,1,1
3,f32,1,65536,glibc_default_fresh,M_TWIN,3,2,1,24019.00,0.0000,0.0000,12000.0,12000.0,1.000,262144.0,0.000,0,0,262144,1,1,0,0,0,1,1
3,f32,1,65536,glibc_default_fresh,R,4,0,1,23048.00,0.0000,0.0000,12000.0,12000.0,1.000,262144.0,0.000,0,0,262144,1,0,1,1,0,1,1
3,f32,1,65536,glibc_default_fresh,M_TWIN,4,1,1,48812.00,0.0000,0.0000,25000.0,25000.0,1.000,262144.0,0.000,0,0,262144,1,1,0,0,0,1,1
3,f32,1,65536,glibc_default_fresh,M,4,2,1,26910.00,0.0000,0.0000,14000.0,14000.0,1.000,262144.0,0.000,0,0,262144,1,1,0,0,0,1,1
3,f32,1,65536,glibc_default_fresh,M_TWIN,5,0,1,26159.00,0.0000,0.0000,14000.0,14000.0,1.000,262144.0,0.000,0,0,262144,1,1,0,0,0,1,1
3,f32,1,65536,glibc_default_fresh,M,5,1,1,25162.00,0.0000,0.0000,13000.0,13000.0,1.000,262144.0,0.000,0,0,262144,1,1,0,0,0,1,1
3,f32,1,65536,glibc_default_fresh,R,5,2,1,23230.00,0.0000,0.0000,24000.0,0.0,1.000,262144.0,0.000,0,0,262144,1,0,1,1,0,1,1
3,f32,1,65536,glibc_default_fresh,M,6,0,1,27206.00,0.0000,0.0000,28000.0,0.0,1.000,262144.0,0.000,0,0,262144,1,1,0,0,0,1,1
3,f32,1,65536,glibc_default_fresh,R,6,1,1,19433.00,0.0000,0.0000,21000.0,0.0,1.000,262144.0,0.000,0,0,262144,1,0,1,1,0,1,1
3,f32,1,65536,glibc_default_fresh,M_TWIN,6,2,1,24798.00,0.0000,0.0000,26000.0,0.0,1.000,262144.0,0.000,0,0,262144,1,1,0,0,0,1,1
3,f32,1,65536,glibc_default_fresh,R,7,0,1,17319.00,0.0000,0.0000,18000.0,0.0,1.000,262144.0,0.000,0,0,262144,1,0,1,1,0,1,1
3,f32,1,65536,glibc_default_fresh,M_TWIN,7,1,1,21922.00,0.0000,0.0000,23000.0,0.0,1.000,262144.0,0.000,0,0,262144,1,1,0,0,0,1,1
3,f32,1,65536,glibc_default_fresh,M,7,2,1,25001.00,0.0000,0.0000,26000.0,0.0,1.000,262144.0,0.000,0,0,262144,1,1,0,0,0,1,1
3,f32,1,65536,glibc_default_fresh,M_TWIN,8,0,1,26826.00,0.0000,0.0000,28000.0,0.0,1.000,262144.0,0.000,0,0,262144,1,1,0,0,0,1,1
3,f32,1,65536,glibc_default_fresh,M,8,1,1,35181.00,0.0000,0.0000,36000.0,0.0,1.000,262144.0,0.000,0,0,262144,1,1,0,0,0,1,1
3,f32,1,65536,glibc_default_fresh,R,8,2,1,22790.00,0.0000,0.0000,24000.0,0.0,1.000,262144.0,0.000,0,0,262144,1,0,1,1,0,1,1
3,f32,1,65536,glibc_default_fresh,M,9,0,1,24137.00,0.0000,0.0000,25000.0,0.0,1.000,262144.0,0.000,0,0,262144,1,1,0,0,0,1,1
3,f32,1,65536,glibc_default_fresh,R,9,1,1,23163.00,0.0000,0.0000,24000.0,0.0,1.000,262144.0,0.000,0,0,262144,1,0,1,1,0,1,1
3,f32,1,65536,glibc_default_fresh,M_TWIN,9,2,1,24229.00,0.0000,0.0000,26000.0,0.0,1.000,262144.0,0.000,0,0,262144,1,1,0,0,0,1,1
3,f32,1,65536,glibc_default_fresh,R,10,0,1,19105.00,0.0000,0.0000,21000.0,0.0,1.000,262144.0,0.000,0,0,262144,1,0,1,1,0,1,1
3,f32,1,65536,glibc_default_fresh,M_TWIN,10,1,1,24865.00,0.0000,0.0000,26000.0,0.0,1.000,262144.0,0.000,0,0,262144,1,1,0,0,0,1,1
3,f32,1,65536,glibc_default_fresh,M,10,2,1,26408.00,0.0000,0.0000,27000.0,0.0,1.000,262144.0,0.000,0,0,262144,1,1,0,0,0,1,1
3,f32,1,65536,glibc_default_fresh,M_TWIN,11,0,1,24651.00,0.0000,0.0000,25000.0,0.0,1.000,262144.0,0.000,0,0,262144,1,1,0,0,0,1,1
3,f32,1,65536,glibc_default_fresh,M,11,1,1,26858.00,0.0000,0.0000,28000.0,0.0,1.000,262144.0,0.000,0,0,262144,1,1,0,0,0,1,1
3,f32,1,65536,glibc_default_fresh,R,11,2,1,21015.00,0.0000,0.0000,22000.0,0.0,1.000,262144.0,0.000,0,0,262144,1,0,1,1,0,1,1
3,f32,1,65536,glibc_default_fresh,M,12,0,1,22871.00,0.0000,0.0000,24000.0,0.0,1.000,262144.0,0.000,0,0,262144,1,1,0,0,0,1,1
3,f32,1,65536,glibc_default_fresh,R,12,1,1,22350.00,0.0000,0.0000,23000.0,0.0,1.000,262144.0,0.000,0,0,262144,1,0,1,1,0,1,1
3,f32,1,65536,glibc_default_fresh,M_TWIN,12,2,1,24693.00,0.0000,0.0000,25000.0,0.0,1.000,262144.0,0.000,0,0,262144,1,1,0,0,0,1,1
3,f32,1,65536,glibc_default_fresh,R,13,0,1,18606.00,0.0000,0.0000,20000.0,0.0,1.000,262144.0,0.000,0,0,262144,1,0,1,1,0,1,1
3,f32,1,65536,glibc_default_fresh,M_TWIN,13,1,1,26113.00,0.0000,0.0000,27000.0,0.0,1.000,262144.0,0.000,0,0,262144,1,1,0,0,0,1,1
3,f32,1,65536,glibc_default_fresh,M,13,2,1,51530.00,0.0000,0.0000,53000.0,0.0,1.000,262144.0,0.000,0,0,262144,1,1,0,0,0,1,1
3,f32,1,65536,glibc_default_fresh,M_TWIN,14,0,1,33476.00,0.0000,0.0000,35000.0,0.0,1.000,262144.0,0.000,0,0,262144,1,1,0,0,0,1,1
3,f32,1,65536,glibc_default_fresh,M,14,1,1,24836.00,0.0000,0.0000,25000.0,0.0,1.000,262144.0,0.000,0,0,262144,1,1,0,0,0,1,1
3,f32,1,65536,glibc_default_fresh,R,14,2,1,19384.00,0.0000,0.0000,20000.0,0.0,1.000,262144.0,0.000,0,0,262144,1,0,1,1,0,1,1
3,f32,1,262144,glibc_default_fresh,M,0,0,1,173813.00,2.0000,0.0000,94000.0,94000.0,1.000,1048576.0,0.000,0,0,1048576,1,1,0,0,0,1,1
3,f32,1,262144,glibc_default_fresh,R,0,1,1,157527.00,0.0000,0.0000,80000.0,80000.0,1.000,1048576.0,0.000,0,0,1048576,1,0,1,1,0,1,1
3,f32,1,262144,glibc_default_fresh,M_TWIN,0,2,1,178587.00,0.0000,0.0000,90000.0,90000.0,1.000,1048576.0,0.000,0,0,1048576,1,1,0,0,0,1,1
3,f32,1,262144,glibc_default_fresh,R,1,0,1,169961.00,0.0000,0.0000,86000.0,86000.0,1.000,1048576.0,0.000,0,0,1048576,1,0,1,1,0,1,1
3,f32,1,262144,glibc_default_fresh,M_TWIN,1,1,1,174681.00,0.0000,0.0000,177000.0,0.0,1.000,1048576.0,0.000,0,0,1048576,1,1,0,0,0,1,1
3,f32,1,262144,glibc_default_fresh,M,1,2,1,193187.00,0.0000,0.0000,195000.0,0.0,1.000,1048576.0,0.000,0,0,1048576,1,1,0,0,0,1,1
3,f32,1,262144,glibc_default_fresh,M_TWIN,2,0,1,176091.00,0.0000,0.0000,178000.0,0.0,1.000,1048576.0,0.000,0,0,1048576,1,1,0,0,0,1,1
3,f32,1,262144,glibc_default_fresh,M,2,1,1,204422.00,0.0000,0.0000,205000.0,0.0,1.000,1048576.0,0.000,0,0,1048576,1,1,0,0,0,1,1
3,f32,1,262144,glibc_default_fresh,R,2,2,1,149505.00,0.0000,0.0000,151000.0,0.0,1.000,1048576.0,0.000,0,0,1048576,1,0,1,1,0,1,1
3,f32,1,262144,glibc_default_fresh,M,3,0,1,216551.00,0.0000,0.0000,219000.0,0.0,1.000,1048576.0,0.000,0,0,1048576,1,1,0,0,0,1,1
3,f32,1,262144,glibc_default_fresh,R,3,1,1,151960.00,0.0000,0.0000,154000.0,0.0,1.000,1048576.0,0.000,0,0,1048576,1,0,1,1,0,1,1
3,f32,1,262144,glibc_default_fresh,M_TWIN,3,2,1,192673.00,0.0000,0.0000,194000.0,0.0,1.000,1048576.0,0.000,0,0,1048576,1,1,0,0,0,1,1
3,f32,1,262144,glibc_default_fresh,R,4,0,1,154737.00,0.0000,0.0000,156000.0,0.0,1.000,1048576.0,0.000,0,0,1048576,1,0,1,1,0,1,1
3,f32,1,262144,glibc_default_fresh,M_TWIN,4,1,1,173956.00,0.0000,0.0000,175000.0,0.0,1.000,1048576.0,0.000,0,0,1048576,1,1,0,0,0,1,1
3,f32,1,262144,glibc_default_fresh,M,4,2,1,175785.00,0.0000,0.0000,178000.0,0.0,1.000,1048576.0,0.000,0,0,1048576,1,1,0,0,0,1,1
3,f32,1,262144,glibc_default_fresh,M_TWIN,5,0,1,192595.00,0.0000,0.0000,195000.0,0.0,1.000,1048576.0,0.000,0,0,1048576,1,1,0,0,0,1,1
3,f32,1,262144,glibc_default_fresh,M,5,1,1,178895.00,0.0000,0.0000,181000.0,0.0,1.000,1048576.0,0.000,0,0,1048576,1,1,0,0,0,1,1
3,f32,1,262144,glibc_default_fresh,R,5,2,1,148723.00,0.0000,0.0000,150000.0,0.0,1.000,1048576.0,0.000,0,0,1048576,1,0,1,1,0,1,1
3,f32,1,262144,glibc_default_fresh,M,6,0,1,181172.00,0.0000,0.0000,182000.0,0.0,1.000,1048576.0,0.000,0,0,1048576,1,1,0,0,0,1,1
3,f32,1,262144,glibc_default_fresh,R,6,1,1,152209.00,0.0000,0.0000,154000.0,0.0,1.000,1048576.0,0.000,0,0,1048576,1,0,1,1,0,1,1
3,f32,1,262144,glibc_default_fresh,M_TWIN,6,2,1,210310.00,0.0000,0.0000,212000.0,0.0,1.000,1048576.0,0.000,0,0,1048576,1,1,0,0,0,1,1
3,f32,1,262144,glibc_default_fresh,R,7,0,1,148758.00,0.0000,0.0000,151000.0,0.0,1.000,1048576.0,0.000,0,0,1048576,1,0,1,1,0,1,1
3,f32,1,262144,glibc_default_fresh,M_TWIN,7,1,1,191623.00,0.0000,0.0000,193000.0,0.0,1.000,1048576.0,0.000,0,0,1048576,1,1,0,0,0,1,1
3,f32,1,262144,glibc_default_fresh,M,7,2,1,178151.00,0.0000,0.0000,180000.0,0.0,1.000,1048576.0,0.000,0,0,1048576,1,1,0,0,0,1,1
3,f32,1,262144,glibc_default_fresh,M_TWIN,8,0,1,173590.00,0.0000,0.0000,175000.0,0.0,1.000,1048576.0,0.000,0,0,1048576,1,1,0,0,0,1,1
3,f32,1,262144,glibc_default_fresh,M,8,1,1,180650.00,0.0000,0.0000,183000.0,0.0,1.000,1048576.0,0.000,0,0,1048576,1,1,0,0,0,1,1
3,f32,1,262144,glibc_default_fresh,R,8,2,1,166286.00,0.0000,0.0000,169000.0,0.0,1.000,1048576.0,0.000,0,0,1048576,1,0,1,1,0,1,1
3,f32,1,262144,glibc_default_fresh,M,9,0,1,184706.00,0.0000,0.0000,193000.0,0.0,1.000,1048576.0,0.000,0,0,1048576,1,1,0,0,0,1,1
3,f32,1,262144,glibc_default_fresh,R,9,1,1,156448.00,0.0000,0.0000,158000.0,0.0,1.000,1048576.0,0.000,0,0,1048576,1,0,1,1,0,1,1
3,f32,1,262144,glibc_default_fresh,M_TWIN,9,2,1,174535.00,0.0000,0.0000,176000.0,0.0,1.000,1048576.0,0.000,0,0,1048576,1,1,0,0,0,1,1
3,f32,1,262144,glibc_default_fresh,R,10,0,1,167775.00,0.0000,0.0000,170000.0,0.0,1.000,1048576.0,0.000,0,0,1048576,1,0,1,1,0,1,1
3,f32,1,262144,glibc_default_fresh,M_TWIN,10,1,1,208590.00,0.0000,0.0000,210000.0,0.0,1.000,1048576.0,0.000,0,0,1048576,1,1,0,0,0,1,1
3,f32,1,262144,glibc_default_fresh,M,10,2,1,172819.00,0.0000,0.0000,175000.0,0.0,1.000,1048576.0,0.000,0,0,1048576,1,1,0,0,0,1,1
3,f32,1,262144,glibc_default_fresh,M_TWIN,11,0,1,192416.00,0.0000,0.0000,194000.0,0.0,1.000,1048576.0,0.000,0,0,1048576,1,1,0,0,0,1,1
3,f32,1,262144,glibc_default_fresh,M,11,1,1,209669.00,0.0000,0.0000,213000.0,0.0,1.000,1048576.0,0.000,0,0,1048576,1,1,0,0,0,1,1
3,f32,1,262144,glibc_default_fresh,R,11,2,1,155287.00,0.0000,0.0000,157000.0,0.0,1.000,1048576.0,0.000,0,0,1048576,1,0,1,1,0,1,1
3,f32,1,262144,glibc_default_fresh,M,12,0,1,179260.00,0.0000,0.0000,180000.0,0.0,1.000,1048576.0,0.000,0,0,1048576,1,1,0,0,0,1,1
3,f32,1,262144,glibc_default_fresh,R,12,1,1,149205.00,0.0000,0.0000,151000.0,0.0,1.000,1048576.0,0.000,0,0,1048576,1,0,1,1,0,1,1
3,f32,1,262144,glibc_default_fresh,M_TWIN,12,2,1,198429.00,0.0000,0.0000,200000.0,0.0,1.000,1048576.0,0.000,0,0,1048576,1,1,0,0,0,1,1
3,f32,1,262144,glibc_default_fresh,R,13,0,1,149421.00,0.0000,0.0000,151000.0,0.0,1.000,1048576.0,0.000,0,0,1048576,1,0,1,1,0,1,1
3,f32,1,262144,glibc_default_fresh,M_TWIN,13,1,1,178334.00,0.0000,0.0000,180000.0,0.0,1.000,1048576.0,0.000,0,0,1048576,1,1,0,0,0,1,1
3,f32,1,262144,glibc_default_fresh,M,13,2,1,172798.00,0.0000,0.0000,174000.0,0.0,1.000,1048576.0,0.000,0,0,1048576,1,1,0,0,0,1,1
3,f32,1,262144,glibc_default_fresh,M_TWIN,14,0,1,218299.00,0.0000,0.0000,222000.0,0.0,1.000,1048576.0,0.000,0,0,1048576,1,1,0,0,0,1,1
3,f32,1,262144,glibc_default_fresh,M,14,1,1,180316.00,0.0000,0.0000,182000.0,0.0,1.000,1048576.0,0.000,0,0,1048576,1,1,0,0,0,1,1
3,f32,1,262144,glibc_default_fresh,R,14,2,1,149062.00,0.0000,0.0000,151000.0,0.0,1.000,1048576.0,0.000,0,0,1048576,1,0,1,1,0,1,1
3,f32,1,1048576,glibc_default_fresh,M,0,0,1,831760.00,2.0000,0.0000,511000.0,340000.0,1.000,4194304.0,0.000,0,0,4194304,1,1,0,0,0,1,1
3,f32,1,1048576,glibc_default_fresh,R,0,1,1,651560.00,0.0000,0.0000,655000.0,0.0,1.000,4194304.0,0.000,0,0,4194304,1,0,1,1,0,1,1
3,f32,1,1048576,glibc_default_fresh,M_TWIN,0,2,1,839497.00,0.0000,0.0000,842000.0,0.0,1.000,4194304.0,0.000,0,0,4194304,1,1,0,0,0,1,1
3,f32,1,1048576,glibc_default_fresh,R,1,0,1,752926.00,0.0000,0.0000,758000.0,0.0,1.000,4194304.0,0.000,0,0,4194304,1,0,1,1,0,1,1
3,f32,1,1048576,glibc_default_fresh,M_TWIN,1,1,1,821356.00,0.0000,0.0000,825000.0,0.0,1.000,4194304.0,0.000,0,0,4194304,1,1,0,0,0,1,1
3,f32,1,1048576,glibc_default_fresh,M,1,2,1,822452.00,0.0000,0.0000,826000.0,0.0,1.000,4194304.0,0.000,0,0,4194304,1,1,0,0,0,1,1
3,f32,1,1048576,glibc_default_fresh,M_TWIN,2,0,1,841583.00,0.0000,0.0000,845000.0,0.0,1.000,4194304.0,0.000,0,0,4194304,1,1,0,0,0,1,1
3,f32,1,1048576,glibc_default_fresh,M,2,1,1,831251.00,0.0000,0.0000,835000.0,0.0,1.000,4194304.0,0.000,0,0,4194304,1,1,0,0,0,1,1
3,f32,1,1048576,glibc_default_fresh,R,2,2,1,662929.00,0.0000,0.0000,667000.0,0.0,1.000,4194304.0,0.000,0,0,4194304,1,0,1,1,0,1,1
3,f32,1,1048576,glibc_default_fresh,M,3,0,1,836841.00,0.0000,0.0000,840000.0,0.0,1.000,4194304.0,0.000,0,0,4194304,1,1,0,0,0,1,1
3,f32,1,1048576,glibc_default_fresh,R,3,1,1,635881.00,0.0000,0.0000,638000.0,0.0,1.000,4194304.0,0.000,0,0,4194304,1,0,1,1,0,1,1
3,f32,1,1048576,glibc_default_fresh,M_TWIN,3,2,1,842005.00,0.0000,0.0000,846000.0,0.0,1.000,4194304.0,0.000,0,0,4194304,1,1,0,0,0,1,1
3,f32,1,1048576,glibc_default_fresh,R,4,0,1,658894.00,0.0000,0.0000,661000.0,0.0,1.000,4194304.0,0.000,0,0,4194304,1,0,1,1,0,1,1
3,f32,1,1048576,glibc_default_fresh,M_TWIN,4,1,1,847308.00,0.0000,0.0000,850000.0,0.0,1.000,4194304.0,0.000,0,0,4194304,1,1,0,0,0,1,1
3,f32,1,1048576,glibc_default_fresh,M,4,2,1,895047.00,0.0000,0.0000,900000.0,0.0,1.000,4194304.0,0.000,0,0,4194304,1,1,0,0,0,1,1
3,f32,1,1048576,glibc_default_fresh,M_TWIN,5,0,1,788920.00,0.0000,0.0000,793000.0,0.0,1.000,4194304.0,0.000,0,0,4194304,1,1,0,0,0,1,1
3,f32,1,1048576,glibc_default_fresh,M,5,1,1,771892.00,0.0000,0.0000,806000.0,0.0,1.000,4194304.0,0.000,0,0,4194304,1,1,0,0,0,1,1
3,f32,1,1048576,glibc_default_fresh,R,5,2,1,623318.00,0.0000,0.0000,627000.0,0.0,1.000,4194304.0,0.000,0,0,4194304,1,0,1,1,0,1,1
3,f32,1,1048576,glibc_default_fresh,M,6,0,1,782542.00,0.0000,0.0000,785000.0,0.0,1.000,4194304.0,0.000,0,0,4194304,1,1,0,0,0,1,1
3,f32,1,1048576,glibc_default_fresh,R,6,1,1,624176.00,0.0000,0.0000,627000.0,0.0,1.000,4194304.0,0.000,0,0,4194304,1,0,1,1,0,1,1
3,f32,1,1048576,glibc_default_fresh,M_TWIN,6,2,1,786798.00,0.0000,0.0000,796000.0,0.0,1.000,4194304.0,0.000,0,0,4194304,1,1,0,0,0,1,1
3,f32,1,1048576,glibc_default_fresh,R,7,0,1,626857.00,0.0000,0.0000,629000.0,0.0,1.000,4194304.0,0.000,0,0,4194304,1,0,1,1,0,1,1
3,f32,1,1048576,glibc_default_fresh,M_TWIN,7,1,1,791280.00,0.0000,0.0000,794000.0,0.0,1.000,4194304.0,0.000,0,0,4194304,1,1,0,0,0,1,1
3,f32,1,1048576,glibc_default_fresh,M,7,2,1,794685.00,0.0000,0.0000,798000.0,0.0,1.000,4194304.0,0.000,0,0,4194304,1,1,0,0,0,1,1
3,f32,1,1048576,glibc_default_fresh,M_TWIN,8,0,1,800357.00,0.0000,0.0000,805000.0,0.0,1.000,4194304.0,0.000,0,0,4194304,1,1,0,0,0,1,1
3,f32,1,1048576,glibc_default_fresh,M,8,1,1,825211.00,0.0000,0.0000,828000.0,0.0,1.000,4194304.0,0.000,0,0,4194304,1,1,0,0,0,1,1
3,f32,1,1048576,glibc_default_fresh,R,8,2,1,649860.00,0.0000,0.0000,654000.0,0.0,1.000,4194304.0,0.000,0,0,4194304,1,0,1,1,0,1,1
3,f32,1,1048576,glibc_default_fresh,M,9,0,1,787990.00,0.0000,0.0000,792000.0,0.0,1.000,4194304.0,0.000,0,0,4194304,1,1,0,0,0,1,1
3,f32,1,1048576,glibc_default_fresh,R,9,1,1,638933.00,0.0000,0.0000,642000.0,0.0,1.000,4194304.0,0.000,0,0,4194304,1,0,1,1,0,1,1
3,f32,1,1048576,glibc_default_fresh,M_TWIN,9,2,1,821058.00,0.0000,0.0000,824000.0,0.0,1.000,4194304.0,0.000,0,0,4194304,1,1,0,0,0,1,1
3,f32,1,1048576,glibc_default_fresh,R,10,0,1,626561.00,0.0000,0.0000,630000.0,0.0,1.000,4194304.0,0.000,0,0,4194304,1,0,1,1,0,1,1
3,f32,1,1048576,glibc_default_fresh,M_TWIN,10,1,1,788684.00,0.0000,0.0000,792000.0,0.0,1.000,4194304.0,0.000,0,0,4194304,1,1,0,0,0,1,1
3,f32,1,1048576,glibc_default_fresh,M,10,2,1,787424.00,0.0000,0.0000,791000.0,0.0,1.000,4194304.0,0.000,0,0,4194304,1,1,0,0,0,1,1
3,f32,1,1048576,glibc_default_fresh,M_TWIN,11,0,1,811144.00,0.0000,0.0000,815000.0,0.0,1.000,4194304.0,0.000,0,0,4194304,1,1,0,0,0,1,1
3,f32,1,1048576,glibc_default_fresh,M,11,1,1,773738.00,0.0000,0.0000,777000.0,0.0,1.000,4194304.0,0.000,0,0,4194304,1,1,0,0,0,1,1
3,f32,1,1048576,glibc_default_fresh,R,11,2,1,604628.00,0.0000,0.0000,607000.0,0.0,1.000,4194304.0,0.000,0,0,4194304,1,0,1,1,0,1,1
3,f32,1,1048576,glibc_default_fresh,M,12,0,1,774278.00,0.0000,0.0000,777000.0,0.0,1.000,4194304.0,0.000,0,0,4194304,1,1,0,0,0,1,1
3,f32,1,1048576,glibc_default_fresh,R,12,1,1,625211.00,0.0000,0.0000,630000.0,0.0,1.000,4194304.0,0.000,0,0,4194304,1,0,1,1,0,1,1
3,f32,1,1048576,glibc_default_fresh,M_TWIN,12,2,1,785680.00,0.0000,0.0000,789000.0,0.0,1.000,4194304.0,0.000,0,0,4194304,1,1,0,0,0,1,1
3,f32,1,1048576,glibc_default_fresh,R,13,0,1,626635.00,0.0000,0.0000,630000.0,0.0,1.000,4194304.0,0.000,0,0,4194304,1,0,1,1,0,1,1
3,f32,1,1048576,glibc_default_fresh,M_TWIN,13,1,1,799494.00,0.0000,0.0000,803000.0,0.0,1.000,4194304.0,0.000,0,0,4194304,1,1,0,0,0,1,1
3,f32,1,1048576,glibc_default_fresh,M,13,2,1,824209.00,0.0000,0.0000,827000.0,0.0,1.000,4194304.0,0.000,0,0,4194304,1,1,0,0,0,1,1
3,f32,1,1048576,glibc_default_fresh,M_TWIN,14,0,1,771170.00,0.0000,0.0000,775000.0,0.0,1.000,4194304.0,0.000,0,0,4194304,1,1,0,0,0,1,1
3,f32,1,1048576,glibc_default_fresh,M,14,1,1,771325.00,0.0000,0.0000,774000.0,0.0,1.000,4194304.0,0.000,0,0,4194304,1,1,0,0,0,1,1
3,f32,1,1048576,glibc_default_fresh,R,14,2,1,602334.00,0.0000,0.0000,605000.0,0.0,1.000,4194304.0,0.000,0,0,4194304,1,0,1,1,0,1,1
3,f32,1,4194304,glibc_default_fresh,M,0,0,1,3260232.00,3.0000,0.0000,3302000.0,0.0,1.000,16777216.0,0.000,0,0,16777216,1,1,0,0,0,1,1
3,f32,1,4194304,glibc_default_fresh,R,0,1,1,2589815.00,0.0000,0.0000,2594000.0,0.0,1.000,16777216.0,0.000,0,0,16777216,1,0,1,1,0,1,1
3,f32,1,4194304,glibc_default_fresh,M_TWIN,0,2,1,3320059.00,0.0000,0.0000,3325000.0,0.0,1.000,16777216.0,0.000,0,0,16777216,1,1,0,0,0,1,1
3,f32,1,4194304,glibc_default_fresh,R,1,0,1,2704582.00,0.0000,0.0000,2709000.0,0.0,1.000,16777216.0,0.000,0,0,16777216,1,0,1,1,0,1,1
3,f32,1,4194304,glibc_default_fresh,M_TWIN,1,1,1,3353798.00,0.0000,0.0000,3358000.0,0.0,1.000,16777216.0,0.000,0,0,16777216,1,1,0,0,0,1,1
3,f32,1,4194304,glibc_default_fresh,M,1,2,1,3314459.00,0.0000,0.0000,3319000.0,0.0,1.000,16777216.0,0.000,0,0,16777216,1,1,0,0,0,1,1
3,f32,1,4194304,glibc_default_fresh,M_TWIN,2,0,1,3344221.00,0.0000,0.0000,3347000.0,0.0,1.000,16777216.0,0.000,0,0,16777216,1,1,0,0,0,1,1
3,f32,1,4194304,glibc_default_fresh,M,2,1,1,3378240.00,0.0000,0.0000,3383000.0,0.0,1.000,16777216.0,0.000,0,0,16777216,1,1,0,0,0,1,1
3,f32,1,4194304,glibc_default_fresh,R,2,2,1,2805974.00,0.0000,0.0000,2810000.0,0.0,1.000,16777216.0,0.000,0,0,16777216,1,0,1,1,0,1,1
3,f32,1,4194304,glibc_default_fresh,M,3,0,1,3496695.00,0.0000,0.0000,3501000.0,0.0,1.000,16777216.0,0.000,0,0,16777216,1,1,0,0,0,1,1
3,f32,1,4194304,glibc_default_fresh,R,3,1,1,3284456.00,0.0000,0.0000,3289000.0,0.0,1.000,16777216.0,0.000,0,0,16777216,1,0,1,1,0,1,1
3,f32,1,4194304,glibc_default_fresh,M_TWIN,3,2,1,3806856.00,0.0000,0.0000,3812000.0,0.0,1.000,16777216.0,0.000,0,0,16777216,1,1,0,0,0,1,1
3,f32,1,4194304,glibc_default_fresh,R,4,0,1,2833258.00,0.0000,0.0000,2837000.0,0.0,1.000,16777216.0,0.000,0,0,16777216,1,0,1,1,0,1,1
3,f32,1,4194304,glibc_default_fresh,M_TWIN,4,1,1,3482628.00,0.0000,0.0000,3486000.0,0.0,1.000,16777216.0,0.000,0,0,16777216,1,1,0,0,0,1,1
3,f32,1,4194304,glibc_default_fresh,M,4,2,1,3452978.00,0.0000,0.0000,3458000.0,0.0,1.000,16777216.0,0.000,0,0,16777216,1,1,0,0,0,1,1
3,f32,1,4194304,glibc_default_fresh,M_TWIN,5,0,1,3388670.00,0.0000,0.0000,3392000.0,0.0,1.000,16777216.0,0.000,0,0,16777216,1,1,0,0,0,1,1
3,f32,1,4194304,glibc_default_fresh,M,5,1,1,3499447.00,0.0000,0.0000,3503000.0,0.0,1.000,16777216.0,0.000,0,0,16777216,1,1,0,0,0,1,1
3,f32,1,4194304,glibc_default_fresh,R,5,2,1,2881085.00,0.0000,0.0000,2885000.0,0.0,1.000,16777216.0,0.000,0,0,16777216,1,0,1,1,0,1,1
3,f32,1,4194304,glibc_default_fresh,M,6,0,1,3369381.00,0.0000,0.0000,3373000.0,0.0,1.000,16777216.0,0.000,0,0,16777216,1,1,0,0,0,1,1
3,f32,1,4194304,glibc_default_fresh,R,6,1,1,2749792.00,0.0000,0.0000,2754000.0,0.0,1.000,16777216.0,0.000,0,0,16777216,1,0,1,1,0,1,1
3,f32,1,4194304,glibc_default_fresh,M_TWIN,6,2,1,3347127.00,0.0000,0.0000,3351000.0,0.0,1.000,16777216.0,0.000,0,0,16777216,1,1,0,0,0,1,1
3,f32,1,4194304,glibc_default_fresh,R,7,0,1,2778948.00,0.0000,0.0000,2783000.0,0.0,1.000,16777216.0,0.000,0,0,16777216,1,0,1,1,0,1,1
3,f32,1,4194304,glibc_default_fresh,M_TWIN,7,1,1,3332987.00,0.0000,0.0000,3337000.0,0.0,1.000,16777216.0,0.000,0,0,16777216,1,1,0,0,0,1,1
3,f32,1,4194304,glibc_default_fresh,M,7,2,1,3327645.00,0.0000,0.0000,3331000.0,0.0,1.000,16777216.0,0.000,0,0,16777216,1,1,0,0,0,1,1
3,f32,1,4194304,glibc_default_fresh,M_TWIN,8,0,1,3296880.00,0.0000,0.0000,3300000.0,0.0,1.000,16777216.0,0.000,0,0,16777216,1,1,0,0,0,1,1
3,f32,1,4194304,glibc_default_fresh,M,8,1,1,3319785.00,0.0000,0.0000,3323000.0,0.0,1.000,16777216.0,0.000,0,0,16777216,1,1,0,0,0,1,1
3,f32,1,4194304,glibc_default_fresh,R,8,2,1,2617838.00,0.0000,0.0000,2621000.0,0.0,1.000,16777216.0,0.000,0,0,16777216,1,0,1,1,0,1,1
3,f32,1,4194304,glibc_default_fresh,M,9,0,1,3450838.00,0.0000,0.0000,3454000.0,0.0,1.000,16777216.0,0.000,0,0,16777216,1,1,0,0,0,1,1
3,f32,1,4194304,glibc_default_fresh,R,9,1,1,2738344.00,0.0000,0.0000,2742000.0,0.0,1.000,16777216.0,0.000,0,0,16777216,1,0,1,1,0,1,1
3,f32,1,4194304,glibc_default_fresh,M_TWIN,9,2,1,3499409.00,0.0000,0.0000,3503000.0,0.0,1.000,16777216.0,0.000,0,0,16777216,1,1,0,0,0,1,1
3,f32,1,4194304,glibc_default_fresh,R,10,0,1,2715718.00,0.0000,0.0000,2720000.0,0.0,1.000,16777216.0,0.000,0,0,16777216,1,0,1,1,0,1,1
3,f32,1,4194304,glibc_default_fresh,M_TWIN,10,1,1,3453935.00,0.0000,0.0000,3458000.0,0.0,1.000,16777216.0,0.000,0,0,16777216,1,1,0,0,0,1,1
3,f32,1,4194304,glibc_default_fresh,M,10,2,1,3451951.00,0.0000,0.0000,3456000.0,0.0,1.000,16777216.0,0.000,0,0,16777216,1,1,0,0,0,1,1
3,f32,1,4194304,glibc_default_fresh,M_TWIN,11,0,1,3379831.00,0.0000,0.0000,3384000.0,0.0,1.000,16777216.0,0.000,0,0,16777216,1,1,0,0,0,1,1
3,f32,1,4194304,glibc_default_fresh,M,11,1,1,3297259.00,0.0000,0.0000,3300000.0,0.0,1.000,16777216.0,0.000,0,0,16777216,1,1,0,0,0,1,1
3,f32,1,4194304,glibc_default_fresh,R,11,2,1,2607648.00,0.0000,0.0000,2611000.0,0.0,1.000,16777216.0,0.000,0,0,16777216,1,0,1,1,0,1,1
3,f32,1,4194304,glibc_default_fresh,M,12,0,1,3312478.00,0.0000,0.0000,3317000.0,0.0,1.000,16777216.0,0.000,0,0,16777216,1,1,0,0,0,1,1
3,f32,1,4194304,glibc_default_fresh,R,12,1,1,2600443.00,0.0000,0.0000,2603000.0,0.0,1.000,16777216.0,0.000,0,0,16777216,1,0,1,1,0,1,1
3,f32,1,4194304,glibc_default_fresh,M_TWIN,12,2,1,3381094.00,0.0000,0.0000,3386000.0,0.0,1.000,16777216.0,0.000,0,0,16777216,1,1,0,0,0,1,1
3,f32,1,4194304,glibc_default_fresh,R,13,0,1,2688652.00,0.0000,0.0000,2694000.0,0.0,1.000,16777216.0,0.000,0,0,16777216,1,0,1,1,0,1,1
3,f32,1,4194304,glibc_default_fresh,M_TWIN,13,1,1,3534911.00,0.0000,0.0000,3539000.0,0.0,1.000,16777216.0,0.000,0,0,16777216,1,1,0,0,0,1,1
3,f32,1,4194304,glibc_default_fresh,M,13,2,1,3923418.00,0.0000,0.0000,3929000.0,0.0,1.000,16777216.0,0.000,0,0,16777216,1,1,0,0,0,1,1
3,f32,1,4194304,glibc_default_fresh,M_TWIN,14,0,1,3755160.00,0.0000,0.0000,3760000.0,0.0,1.000,16777216.0,0.000,0,0,16777216,1,1,0,0,0,1,1
3,f32,1,4194304,glibc_default_fresh,M,14,1,1,3747675.00,0.0000,0.0000,3751000.0,0.0,1.000,16777216.0,0.000,0,0,16777216,1,1,0,0,0,1,1
3,f32,1,4194304,glibc_default_fresh,R,14,2,1,2774317.00,0.0000,0.0000,2777000.0,0.0,1.000,16777216.0,0.000,0,0,16777216,1,0,1,1,0,1,1
3,f32,1,16777216,glibc_default_fresh,M,0,0,1,47840892.00,16387.0000,0.0000,19937000.0,27927000.0,1.000,67108864.0,0.000,0,0,67108864,1,1,0,0,0,1,1
3,f32,1,16777216,glibc_default_fresh,R,0,1,1,42535873.00,16385.0000,0.0000,15234000.0,27309000.0,1.000,67108864.0,0.000,0,0,67108864,1,0,1,1,0,1,1
3,f32,1,16777216,glibc_default_fresh,M_TWIN,0,2,1,49008620.00,16385.0000,0.0000,32530000.0,16485000.0,1.000,67108864.0,0.000,0,0,67108864,1,1,0,0,0,1,1
3,f32,1,16777216,glibc_default_fresh,R,1,0,1,42172895.00,16385.0000,0.0000,17199000.0,24980000.0,1.000,67108864.0,0.000,0,0,67108864,1,0,1,1,0,1,1
3,f32,1,16777216,glibc_default_fresh,M_TWIN,1,1,1,49973571.00,16385.0000,0.0000,25076000.0,24890000.0,1.000,67108864.0,0.000,0,0,67108864,1,1,0,0,0,1,1
3,f32,1,16777216,glibc_default_fresh,M,1,2,1,54263524.00,16385.0000,0.0000,31067000.0,23207000.0,1.000,67108864.0,0.000,0,0,67108864,1,1,0,0,0,1,1
3,f32,1,16777216,glibc_default_fresh,M_TWIN,2,0,1,47588375.00,16385.0000,0.0000,15796000.0,31800000.0,1.000,67108864.0,0.000,0,0,67108864,1,1,0,0,0,1,1
3,f32,1,16777216,glibc_default_fresh,M,2,1,1,46894960.00,16385.0000,0.0000,23402000.0,23501000.0,1.000,67108864.0,0.000,0,0,67108864,1,1,0,0,0,1,1
3,f32,1,16777216,glibc_default_fresh,R,2,2,1,40795320.00,16385.0000,0.0000,12443000.0,28347000.0,1.000,67108864.0,0.000,0,0,67108864,1,0,1,1,0,1,1
3,f32,1,16777216,glibc_default_fresh,M,3,0,1,47440784.00,16385.0000,0.0000,31686000.0,15762000.0,1.000,67108864.0,0.000,0,0,67108864,1,1,0,0,0,1,1
3,f32,1,16777216,glibc_default_fresh,R,3,1,1,41519950.00,16385.0000,0.0000,24843000.0,16682000.0,1.000,67108864.0,0.000,0,0,67108864,1,0,1,1,0,1,1
3,f32,1,16777216,glibc_default_fresh,M_TWIN,3,2,1,48870826.00,16385.0000,0.0000,30253000.0,18625000.0,1.000,67108864.0,0.000,0,0,67108864,1,1,0,0,0,1,1
3,f32,1,16777216,glibc_default_fresh,R,4,0,1,43640370.00,16385.0000,0.0000,11822000.0,31824000.0,1.000,67108864.0,0.000,0,0,67108864,1,0,1,1,0,1,1
3,f32,1,16777216,glibc_default_fresh,M_TWIN,4,1,1,47773878.00,16385.0000,0.0000,23882000.0,23897000.0,1.000,67108864.0,0.000,0,0,67108864,1,1,0,0,0,1,1
3,f32,1,16777216,glibc_default_fresh,M,4,2,1,48847461.00,16385.0000,0.0000,32469000.0,16385000.0,1.000,67108864.0,0.000,0,0,67108864,1,1,0,0,0,1,1
3,f32,1,16777216,glibc_default_fresh,M_TWIN,5,0,1,49305064.00,16385.0000,0.0000,12733000.0,36531000.0,1.000,67108864.0,0.000,0,0,67108864,1,1,0,0,0,1,1
3,f32,1,16777216,glibc_default_fresh,M,5,1,1,46917425.00,16385.0000,0.0000,21623000.0,25277000.0,1.000,67108864.0,0.000,0,0,67108864,1,1,0,0,0,1,1
3,f32,1,16777216,glibc_default_fresh,R,5,2,1,40813594.00,16385.0000,0.0000,12468000.0,28352000.0,1.000,67108864.0,0.000,0,0,67108864,1,0,1,1,0,1,1
3,f32,1,16777216,glibc_default_fresh,M,6,0,1,46522657.00,16385.0000,0.0000,19187000.0,27341000.0,1.000,67108864.0,0.000,0,0,67108864,1,1,0,0,0,1,1
3,f32,1,16777216,glibc_default_fresh,R,6,1,1,40699710.00,16385.0000,0.0000,14176000.0,26519000.0,1.000,67108864.0,0.000,0,0,67108864,1,0,1,1,0,1,1
3,f32,1,16777216,glibc_default_fresh,M_TWIN,6,2,1,47000564.00,16385.0000,0.0000,31438000.0,15569000.0,1.000,67108864.0,0.000,0,0,67108864,1,1,0,0,0,1,1
3,f32,1,16777216,glibc_default_fresh,R,7,0,1,41654061.00,16385.0000,0.0000,20920000.0,20681000.0,1.000,67108864.0,0.000,0,0,67108864,1,0,1,1,0,1,1
3,f32,1,16777216,glibc_default_fresh,M_TWIN,7,1,1,47402129.00,16385.0000,0.0000,19678000.0,27734000.0,1.000,67108864.0,0.000,0,0,67108864,1,1,0,0,0,1,1
3,f32,1,16777216,glibc_default_fresh,M,7,2,1,47822599.00,16385.0000,0.0000,27903000.0,19927000.0,1.000,67108864.0,0.000,0,0,67108864,1,1,0,0,0,1,1
3,f32,1,16777216,glibc_default_fresh,M_TWIN,8,0,1,48520163.00,16385.0000,0.0000,26038000.0,22491000.0,1.000,67108864.0,0.000,0,0,67108864,1,1,0,0,0,1,1
3,f32,1,16777216,glibc_default_fresh,M,8,1,1,48128564.00,16385.0000,0.0000,28070000.0,20054000.0,1.000,67108864.0,0.000,0,0,67108864,1,1,0,0,0,1,1
3,f32,1,16777216,glibc_default_fresh,R,8,2,1,41637973.00,16385.0000,0.0000,20935000.0,20708000.0,1.000,67108864.0,0.000,0,0,67108864,1,0,1,1,0,1,1
3,f32,1,16777216,glibc_default_fresh,M,9,0,1,48573795.00,16385.0000,0.0000,28332000.0,20235000.0,1.000,67108864.0,0.000,0,0,67108864,1,1,0,0,0,1,1
3,f32,1,16777216,glibc_default_fresh,R,9,1,1,41036670.00,16385.0000,0.0000,28587000.0,12455000.0,1.000,67108864.0,0.000,0,0,67108864,1,0,1,1,0,1,1
3,f32,1,16777216,glibc_default_fresh,M_TWIN,9,2,1,47798239.00,16385.0000,0.0000,19893000.0,27911000.0,1.000,67108864.0,0.000,0,0,67108864,1,1,0,0,0,1,1
3,f32,1,16777216,glibc_default_fresh,R,10,0,1,41383798.00,16385.0000,0.0000,18517000.0,22872000.0,1.000,67108864.0,0.000,0,0,67108864,1,0,1,1,0,1,1
3,f32,1,16777216,glibc_default_fresh,M_TWIN,10,1,1,48144959.00,16385.0000,0.0000,24087000.0,24063000.0,1.000,67108864.0,0.000,0,0,67108864,1,1,0,0,0,1,1
3,f32,1,16777216,glibc_default_fresh,M,10,2,1,45755523.00,16385.0000,0.0000,30726000.0,15037000.0,1.000,67108864.0,0.000,0,0,67108864,1,1,0,0,0,1,1
3,f32,1,16777216,glibc_default_fresh,M_TWIN,11,0,1,46284136.00,16385.0000,0.0000,19034000.0,27257000.0,1.000,67108864.0,0.000,0,0,67108864,1,1,0,0,0,1,1
3,f32,1,16777216,glibc_default_fresh,M,11,1,1,48092346.00,16385.0000,0.0000,28055000.0,20043000.0,1.000,67108864.0,0.000,0,0,67108864,1,1,0,0,0,1,1
3,f32,1,16777216,glibc_default_fresh,R,11,2,1,46052208.00,16385.0000,0.0000,21159000.0,24886000.0,1.000,67108864.0,0.000,0,0,67108864,1,0,1,1,0,1,1
3,f32,1,16777216,glibc_default_fresh,M,12,0,1,48640323.00,16385.0000,0.0000,28367000.0,20279000.0,1.000,67108864.0,0.000,0,0,67108864,1,1,0,0,0,1,1
3,f32,1,16777216,glibc_default_fresh,R,12,1,1,42630812.00,16385.0000,0.0000,7240000.0,35397000.0,1.000,67108864.0,0.000,0,0,67108864,1,0,1,1,0,1,1
3,f32,1,16777216,glibc_default_fresh,M_TWIN,12,2,1,58762170.00,16385.0000,0.0000,35299000.0,23469000.0,1.000,67108864.0,0.000,0,0,67108864,1,1,0,0,0,1,1
3,f32,1,16777216,glibc_default_fresh,R,13,0,1,42179915.00,16385.0000,0.0000,26933000.0,15223000.0,1.000,67108864.0,0.000,0,0,67108864,1,0,1,1,0,1,1
3,f32,1,16777216,glibc_default_fresh,M_TWIN,13,1,1,47574586.00,16385.0000,0.0000,27759000.0,19822000.0,1.000,67108864.0,0.000,0,0,67108864,1,1,0,0,0,1,1
3,f32,1,16777216,glibc_default_fresh,M,13,2,1,47701417.00,16385.0000,0.0000,27818000.0,19866000.0,1.000,67108864.0,0.000,0,0,67108864,1,1,0,0,0,1,1
3,f32,1,16777216,glibc_default_fresh,M_TWIN,14,0,1,47322627.00,16385.0000,0.0000,19618000.0,27711000.0,1.000,67108864.0,0.000,0,0,67108864,1,1,0,0,0,1,1
3,f32,1,16777216,glibc_default_fresh,M,14,1,1,48317994.00,16385.0000,0.0000,20193000.0,28110000.0,1.000,67108864.0,0.000,0,0,67108864,1,1,0,0,0,1,1
3,f32,1,16777216,glibc_default_fresh,R,14,2,1,40216564.00,16385.0000,0.0000,20093000.0,20092000.0,1.000,67108864.0,0.000,0,0,67108864,1,0,1,1,0,1,1
3,f32,2,64,glibc_default_fresh,M,0,0,1000,555.22,0.0020,0.0000,381.0,191.0,2.000,512.0,0.000,0,0,512000,2,1,0,0,0,2,1
3,f32,2,64,glibc_default_fresh,R,0,1,1000,625.94,0.0000,0.0000,418.0,209.0,2.000,512.0,0.000,0,0,512000,2,0,2,1,0,2,1
3,f32,2,64,glibc_default_fresh,M_TWIN,0,2,1000,563.07,0.0000,0.0000,565.0,0.0,2.000,512.0,0.000,0,0,512000,2,1,0,0,0,2,1
3,f32,2,64,glibc_default_fresh,R,1,0,1000,594.35,0.0000,0.0000,595.0,0.0,2.000,512.0,0.000,0,0,512000,2,0,2,1,0,2,1
3,f32,2,64,glibc_default_fresh,M_TWIN,1,1,1000,646.54,0.0000,0.0000,648.0,0.0,2.000,512.0,0.000,0,0,512000,2,1,0,0,0,2,1
3,f32,2,64,glibc_default_fresh,M,1,2,1000,564.58,0.0000,0.0000,566.0,0.0,2.000,512.0,0.000,0,0,512000,2,1,0,0,0,2,1
3,f32,2,64,glibc_default_fresh,M_TWIN,2,0,1000,601.87,0.0000,0.0000,603.0,0.0,2.000,512.0,0.000,0,0,512000,2,1,0,0,0,2,1
3,f32,2,64,glibc_default_fresh,M,2,1,1000,560.74,0.0000,0.0000,561.0,0.0,2.000,512.0,0.000,0,0,512000,2,1,0,0,0,2,1
3,f32,2,64,glibc_default_fresh,R,2,2,1000,569.64,0.0000,0.0000,570.0,0.0,2.000,512.0,0.000,0,0,512000,2,0,2,1,0,2,1
3,f32,2,64,glibc_default_fresh,M,3,0,1000,566.15,0.0000,0.0000,567.0,0.0,2.000,512.0,0.000,0,0,512000,2,1,0,0,0,2,1
3,f32,2,64,glibc_default_fresh,R,3,1,1000,559.48,0.0000,0.0000,561.0,0.0,2.000,512.0,0.000,0,0,512000,2,0,2,1,0,2,1
3,f32,2,64,glibc_default_fresh,M_TWIN,3,2,1000,556.70,0.0000,0.0000,558.0,0.0,2.000,512.0,0.000,0,0,512000,2,1,0,0,0,2,1
3,f32,2,64,glibc_default_fresh,R,4,0,1000,594.07,0.0000,0.0000,595.0,0.0,2.000,512.0,0.000,0,0,512000,2,0,2,1,0,2,1
3,f32,2,64,glibc_default_fresh,M_TWIN,4,1,1000,553.13,0.0000,0.0000,554.0,0.0,2.000,512.0,0.000,0,0,512000,2,1,0,0,0,2,1
3,f32,2,64,glibc_default_fresh,M,4,2,1000,554.90,0.0000,0.0000,556.0,0.0,2.000,512.0,0.000,0,0,512000,2,1,0,0,0,2,1
3,f32,2,64,glibc_default_fresh,M_TWIN,5,0,1000,561.58,0.0000,0.0000,563.0,0.0,2.000,512.0,0.000,0,0,512000,2,1,0,0,0,2,1
3,f32,2,64,glibc_default_fresh,M,5,1,1000,551.48,0.0000,0.0000,552.0,0.0,2.000,512.0,0.000,0,0,512000,2,1,0,0,0,2,1
3,f32,2,64,glibc_default_fresh,R,5,2,1000,690.27,0.0000,0.0000,692.0,0.0,2.000,512.0,0.000,0,0,512000,2,0,2,1,0,2,1
3,f32,2,64,glibc_default_fresh,M,6,0,1000,585.60,0.0000,0.0000,587.0,0.0,2.000,512.0,0.000,0,0,512000,2,1,0,0,0,2,1
3,f32,2,64,glibc_default_fresh,R,6,1,1000,584.95,0.0000,0.0000,586.0,0.0,2.000,512.0,0.000,0,0,512000,2,0,2,1,0,2,1
3,f32,2,64,glibc_default_fresh,M_TWIN,6,2,1000,553.46,0.0000,0.0000,555.0,0.0,2.000,512.0,0.000,0,0,512000,2,1,0,0,0,2,1
3,f32,2,64,glibc_default_fresh,R,7,0,1000,625.93,0.0000,0.0000,627.0,0.0,2.000,512.0,0.000,0,0,512000,2,0,2,1,0,2,1
3,f32,2,64,glibc_default_fresh,M_TWIN,7,1,1000,559.93,0.0000,0.0000,562.0,0.0,2.000,512.0,0.000,0,0,512000,2,1,0,0,0,2,1
3,f32,2,64,glibc_default_fresh,M,7,2,1000,558.78,0.0000,0.0000,559.0,0.0,2.000,512.0,0.000,0,0,512000,2,1,0,0,0,2,1
3,f32,2,64,glibc_default_fresh,M_TWIN,8,0,1000,565.68,0.0000,0.0000,567.0,0.0,2.000,512.0,0.000,0,0,512000,2,1,0,0,0,2,1
3,f32,2,64,glibc_default_fresh,M,8,1,1000,543.47,0.0000,0.0000,544.0,0.0,2.000,512.0,0.000,0,0,512000,2,1,0,0,0,2,1
3,f32,2,64,glibc_default_fresh,R,8,2,1000,642.93,0.0000,0.0000,644.0,0.0,2.000,512.0,0.000,0,0,512000,2,0,2,1,0,2,1
3,f32,2,64,glibc_default_fresh,M,9,0,1000,561.41,0.0000,0.0000,562.0,0.0,2.000,512.0,0.000,0,0,512000,2,1,0,0,0,2,1
3,f32,2,64,glibc_default_fresh,R,9,1,1000,567.16,0.0000,0.0000,570.0,0.0,2.000,512.0,0.000,0,0,512000,2,0,2,1,0,2,1
3,f32,2,64,glibc_default_fresh,M_TWIN,9,2,1000,565.88,0.0000,0.0000,567.0,0.0,2.000,512.0,0.000,0,0,512000,2,1,0,0,0,2,1
3,f32,2,64,glibc_default_fresh,R,10,0,1000,598.89,0.0000,0.0000,600.0,0.0,2.000,512.0,0.000,0,0,512000,2,0,2,1,0,2,1
3,f32,2,64,glibc_default_fresh,M_TWIN,10,1,1000,556.11,0.0000,0.0000,557.0,0.0,2.000,512.0,0.000,0,0,512000,2,1,0,0,0,2,1
3,f32,2,64,glibc_default_fresh,M,10,2,1000,546.28,0.0000,0.0000,547.0,0.0,2.000,512.0,0.000,0,0,512000,2,1,0,0,0,2,1
3,f32,2,64,glibc_default_fresh,M_TWIN,11,0,1000,573.84,0.0000,0.0000,575.0,0.0,2.000,512.0,0.000,0,0,512000,2,1,0,0,0,2,1
3,f32,2,64,glibc_default_fresh,M,11,1,1000,585.07,0.0000,0.0000,586.0,0.0,2.000,512.0,0.000,0,0,512000,2,1,0,0,0,2,1
3,f32,2,64,glibc_default_fresh,R,11,2,1000,591.25,0.0000,0.0000,592.0,0.0,2.000,512.0,0.000,0,0,512000,2,0,2,1,0,2,1
3,f32,2,64,glibc_default_fresh,M,12,0,1000,583.00,0.0000,0.0000,584.0,0.0,2.000,512.0,0.000,0,0,512000,2,1,0,0,0,2,1
3,f32,2,64,glibc_default_fresh,R,12,1,1000,636.45,0.0000,0.0000,637.0,0.0,2.000,512.0,0.000,0,0,512000,2,0,2,1,0,2,1
3,f32,2,64,glibc_default_fresh,M_TWIN,12,2,1000,602.62,0.0000,0.0000,605.0,0.0,2.000,512.0,0.000,0,0,512000,2,1,0,0,0,2,1
3,f32,2,64,glibc_default_fresh,R,13,0,1000,563.03,0.0000,0.0000,565.0,0.0,2.000,512.0,0.000,0,0,512000,2,0,2,1,0,2,1
3,f32,2,64,glibc_default_fresh,M_TWIN,13,1,1000,554.78,0.0000,0.0000,556.0,0.0,2.000,512.0,0.000,0,0,512000,2,1,0,0,0,2,1
3,f32,2,64,glibc_default_fresh,M,13,2,1000,621.26,0.0000,0.0000,622.0,0.0,2.000,512.0,0.000,0,0,512000,2,1,0,0,0,2,1
3,f32,2,64,glibc_default_fresh,M_TWIN,14,0,1000,600.00,0.0000,0.0000,602.0,0.0,2.000,512.0,0.000,0,0,512000,2,1,0,0,0,2,1
3,f32,2,64,glibc_default_fresh,M,14,1,1000,526.87,0.0000,0.0000,528.0,0.0,2.000,512.0,0.000,0,0,512000,2,1,0,0,0,2,1
3,f32,2,64,glibc_default_fresh,R,14,2,1000,583.73,0.0000,0.0000,584.0,0.0,2.000,512.0,0.000,0,0,512000,2,0,2,1,0,2,1
3,f32,2,1024,glibc_default_fresh,M,0,0,1000,978.10,0.0020,0.0000,599.0,399.0,2.000,8192.0,0.000,0,0,8192000,2,1,0,0,0,2,1
3,f32,2,1024,glibc_default_fresh,R,0,1,1000,974.47,0.0000,0.0000,979.0,0.0,2.000,8192.0,0.000,0,0,8192000,2,0,2,1,0,2,1
3,f32,2,1024,glibc_default_fresh,M_TWIN,0,2,1000,934.95,0.0000,0.0000,939.0,0.0,2.000,8192.0,0.000,0,0,8192000,2,1,0,0,0,2,1
3,f32,2,1024,glibc_default_fresh,R,1,0,1000,939.57,0.0000,0.0000,943.0,0.0,2.000,8192.0,0.000,0,0,8192000,2,0,2,1,0,2,1
3,f32,2,1024,glibc_default_fresh,M_TWIN,1,1,1000,905.67,0.0000,0.0000,903.0,7.0,2.000,8192.0,0.000,0,0,8192000,2,1,0,0,0,2,1
3,f32,2,1024,glibc_default_fresh,M,1,2,1000,990.07,0.0000,0.0000,993.0,0.0,2.000,8192.0,0.000,0,0,8192000,2,1,0,0,0,2,1
3,f32,2,1024,glibc_default_fresh,M_TWIN,2,0,1000,916.98,0.0000,0.0000,920.0,0.0,2.000,8192.0,0.000,0,0,8192000,2,1,0,0,0,2,1
3,f32,2,1024,glibc_default_fresh,M,2,1,1000,972.93,0.0000,0.0000,977.0,0.0,2.000,8192.0,0.000,0,0,8192000,2,1,0,0,0,2,1
3,f32,2,1024,glibc_default_fresh,R,2,2,1000,969.77,0.0000,0.0000,972.0,0.0,2.000,8192.0,0.000,0,0,8192000,2,0,2,1,0,2,1
3,f32,2,1024,glibc_default_fresh,M,3,0,1000,914.51,0.0000,0.0000,918.0,0.0,2.000,8192.0,0.000,0,0,8192000,2,1,0,0,0,2,1
3,f32,2,1024,glibc_default_fresh,R,3,1,1000,904.67,0.0000,0.0000,909.0,0.0,2.000,8192.0,0.000,0,0,8192000,2,0,2,1,0,2,1
3,f32,2,1024,glibc_default_fresh,M_TWIN,3,2,1000,905.85,0.0000,0.0000,909.0,0.0,2.000,8192.0,0.000,0,0,8192000,2,1,0,0,0,2,1
3,f32,2,1024,glibc_default_fresh,R,4,0,1000,942.55,0.0000,0.0000,945.0,0.0,2.000,8192.0,0.000,0,0,8192000,2,0,2,1,0,2,1
3,f32,2,1024,glibc_default_fresh,M_TWIN,4,1,1000,906.12,0.0000,0.0000,910.0,0.0,2.000,8192.0,0.000,0,0,8192000,2,1,0,0,0,2,1
3,f32,2,1024,glibc_default_fresh,M,4,2,1000,907.32,0.0000,0.0000,911.0,0.0,2.000,8192.0,0.000,0,0,8192000,2,1,0,0,0,2,1
3,f32,2,1024,glibc_default_fresh,M_TWIN,5,0,1000,923.30,0.0000,0.0000,927.0,0.0,2.000,8192.0,0.000,0,0,8192000,2,1,0,0,0,2,1
3,f32,2,1024,glibc_default_fresh,M,5,1,1000,934.01,0.0000,0.0000,937.0,0.0,2.000,8192.0,0.000,0,0,8192000,2,1,0,0,0,2,1
3,f32,2,1024,glibc_default_fresh,R,5,2,1000,948.97,0.0000,0.0000,951.0,0.0,2.000,8192.0,0.000,0,0,8192000,2,0,2,1,0,2,1
3,f32,2,1024,glibc_default_fresh,M,6,0,1000,908.73,0.0000,0.0000,913.0,0.0,2.000,8192.0,0.000,0,0,8192000,2,1,0,0,0,2,1
3,f32,2,1024,glibc_default_fresh,R,6,1,1000,965.81,0.0000,0.0000,970.0,0.0,2.000,8192.0,0.000,0,0,8192000,2,0,2,1,0,2,1
3,f32,2,1024,glibc_default_fresh,M_TWIN,6,2,1000,945.59,0.0000,0.0000,948.0,0.0,2.000,8192.0,0.000,0,0,8192000,2,1,0,0,0,2,1
3,f32,2,1024,glibc_default_fresh,R,7,0,1000,924.97,0.0000,0.0000,929.0,0.0,2.000,8192.0,0.000,0,0,8192000,2,0,2,1,0,2,1
3,f32,2,1024,glibc_default_fresh,M_TWIN,7,1,1000,904.28,0.0000,0.0000,907.0,0.0,2.000,8192.0,0.000,0,0,8192000,2,1,0,0,0,2,1
3,f32,2,1024,glibc_default_fresh,M,7,2,1000,901.51,0.0000,0.0000,905.0,0.0,2.000,8192.0,0.000,0,0,8192000,2,1,0,0,0,2,1
3,f32,2,1024,glibc_default_fresh,M_TWIN,8,0,1000,940.46,0.0000,0.0000,944.0,0.0,2.000,8192.0,0.000,0,0,8192000,2,1,0,0,0,2,1
3,f32,2,1024,glibc_default_fresh,M,8,1,1000,917.07,0.0000,0.0000,920.0,0.0,2.000,8192.0,0.000,0,0,8192000,2,1,0,0,0,2,1
3,f32,2,1024,glibc_default_fresh,R,8,2,1000,862.57,0.0000,0.0000,865.0,0.0,2.000,8192.0,0.000,0,0,8192000,2,0,2,1,0,2,1
3,f32,2,1024,glibc_default_fresh,M,9,0,1000,950.04,0.0000,0.0000,955.0,0.0,2.000,8192.0,0.000,0,0,8192000,2,1,0,0,0,2,1
3,f32,2,1024,glibc_default_fresh,R,9,1,1000,947.53,0.0000,0.0000,950.0,0.0,2.000,8192.0,0.000,0,0,8192000,2,0,2,1,0,2,1
3,f32,2,1024,glibc_default_fresh,M_TWIN,9,2,1000,903.70,0.0000,0.0000,907.0,0.0,2.000,8192.0,0.000,0,0,8192000,2,1,0,0,0,2,1
3,f32,2,1024,glibc_default_fresh,R,10,0,1000,898.28,0.0000,0.0000,902.0,0.0,2.000,8192.0,0.000,0,0,8192000,2,0,2,1,0,2,1
3,f32,2,1024,glibc_default_fresh,M_TWIN,10,1,1000,958.06,0.0000,0.0000,961.0,0.0,2.000,8192.0,0.000,0,0,8192000,2,1,0,0,0,2,1
3,f32,2,1024,glibc_default_fresh,M,10,2,1000,983.19,0.0000,0.0000,987.0,0.0,2.000,8192.0,0.000,0,0,8192000,2,1,0,0,0,2,1
3,f32,2,1024,glibc_default_fresh,M_TWIN,11,0,1000,1040.66,0.0000,0.0000,1045.0,0.0,2.000,8192.0,0.000,0,0,8192000,2,1,0,0,0,2,1
3,f32,2,1024,glibc_default_fresh,M,11,1,1000,926.39,0.0000,0.0000,931.0,0.0,2.000,8192.0,0.000,0,0,8192000,2,1,0,0,0,2,1
3,f32,2,1024,glibc_default_fresh,R,11,2,1000,918.08,0.0000,0.0000,921.0,0.0,2.000,8192.0,0.000,0,0,8192000,2,0,2,1,0,2,1
3,f32,2,1024,glibc_default_fresh,M,12,0,1000,910.61,0.0000,0.0000,913.0,0.0,2.000,8192.0,0.000,0,0,8192000,2,1,0,0,0,2,1
3,f32,2,1024,glibc_default_fresh,R,12,1,1000,879.82,0.0000,0.0000,885.0,0.0,2.000,8192.0,0.000,0,0,8192000,2,0,2,1,0,2,1
3,f32,2,1024,glibc_default_fresh,M_TWIN,12,2,1000,1044.88,0.0000,0.0000,1048.0,0.0,2.000,8192.0,0.000,0,0,8192000,2,1,0,0,0,2,1
3,f32,2,1024,glibc_default_fresh,R,13,0,1000,1059.45,0.0000,0.0000,1064.0,0.0,2.000,8192.0,0.000,0,0,8192000,2,0,2,1,0,2,1
3,f32,2,1024,glibc_default_fresh,M_TWIN,13,1,1000,898.96,0.0000,0.0000,902.0,0.0,2.000,8192.0,0.000,0,0,8192000,2,1,0,0,0,2,1
3,f32,2,1024,glibc_default_fresh,M,13,2,1000,1292.70,0.0000,0.0000,1297.0,0.0,2.000,8192.0,0.000,0,0,8192000,2,1,0,0,0,2,1
3,f32,2,1024,glibc_default_fresh,M_TWIN,14,0,1000,1372.19,0.0000,0.0000,1376.0,0.0,2.000,8192.0,0.000,0,0,8192000,2,1,0,0,0,2,1
3,f32,2,1024,glibc_default_fresh,M,14,1,1000,972.25,0.0000,0.0000,976.0,0.0,2.000,8192.0,0.000,0,0,8192000,2,1,0,0,0,2,1
3,f32,2,1024,glibc_default_fresh,R,14,2,1000,930.89,0.0000,0.0000,934.0,0.0,2.000,8192.0,0.000,0,0,8192000,2,0,2,1,0,2,1
3,f32,2,4096,glibc_default_fresh,M,0,0,1,3932.00,2.0000,0.0000,0.0,15000.0,2.000,32768.0,0.000,0,0,32768,2,1,0,0,0,2,1
3,f32,2,4096,glibc_default_fresh,R,0,1,1,2388.00,0.0000,0.0000,0.0,3000.0,2.000,32768.0,0.000,0,0,32768,2,0,2,1,0,2,1
3,f32,2,4096,glibc_default_fresh,M_TWIN,0,2,1,3650.00,0.0000,0.0000,0.0,4000.0,2.000,32768.0,0.000,0,0,32768,2,1,0,0,0,2,1
3,f32,2,4096,glibc_default_fresh,R,1,0,1,2379.00,0.0000,0.0000,0.0,3000.0,2.000,32768.0,0.000,0,0,32768,2,0,2,1,0,2,1
3,f32,2,4096,glibc_default_fresh,M_TWIN,1,1,1,3755.00,0.0000,0.0000,0.0,4000.0,2.000,32768.0,0.000,0,0,32768,2,1,0,0,0,2,1
3,f32,2,4096,glibc_default_fresh,M,1,2,1,3710.00,0.0000,0.0000,0.0,4000.0,2.000,32768.0,0.000,0,0,32768,2,1,0,0,0,2,1
3,f32,2,4096,glibc_default_fresh,M_TWIN,2,0,1,3714.00,0.0000,0.0000,0.0,4000.0,2.000,32768.0,0.000,0,0,32768,2,1,0,0,0,2,1
3,f32,2,4096,glibc_default_fresh,M,2,1,1,3696.00,0.0000,0.0000,0.0,4000.0,2.000,32768.0,0.000,0,0,32768,2,1,0,0,0,2,1
3,f32,2,4096,glibc_default_fresh,R,2,2,1,2503.00,0.0000,0.0000,0.0,3000.0,2.000,32768.0,0.000,0,0,32768,2,0,2,1,0,2,1
3,f32,2,4096,glibc_default_fresh,M,3,0,1,3699.00,0.0000,0.0000,0.0,4000.0,2.000,32768.0,0.000,0,0,32768,2,1,0,0,0,2,1
3,f32,2,4096,glibc_default_fresh,R,3,1,1,2440.00,0.0000,0.0000,0.0,3000.0,2.000,32768.0,0.000,0,0,32768,2,0,2,1,0,2,1
3,f32,2,4096,glibc_default_fresh,M_TWIN,3,2,1,8494.00,0.0000,0.0000,0.0,9000.0,2.000,32768.0,0.000,0,0,32768,2,1,0,0,0,2,1
3,f32,2,4096,glibc_default_fresh,R,4,0,1,2407.00,0.0000,0.0000,0.0,3000.0,2.000,32768.0,0.000,0,0,32768,2,0,2,1,0,2,1
3,f32,2,4096,glibc_default_fresh,M_TWIN,4,1,1,3700.00,0.0000,0.0000,0.0,4000.0,2.000,32768.0,0.000,0,0,32768,2,1,0,0,0,2,1
3,f32,2,4096,glibc_default_fresh,M,4,2,1,3744.00,0.0000,0.0000,0.0,4000.0,2.000,32768.0,0.000,0,0,32768,2,1,0,0,0,2,1
3,f32,2,4096,glibc_default_fresh,M_TWIN,5,0,1,3690.00,0.0000,0.0000,0.0,4000.0,2.000,32768.0,0.000,0,0,32768,2,1,0,0,0,2,1
3,f32,2,4096,glibc_default_fresh,M,5,1,1,3667.00,0.0000,0.0000,0.0,4000.0,2.000,32768.0,0.000,0,0,32768,2,1,0,0,0,2,1
3,f32,2,4096,glibc_default_fresh,R,5,2,1,2371.00,0.0000,0.0000,0.0,3000.0,2.000,32768.0,0.000,0,0,32768,2,0,2,1,0,2,1
3,f32,2,4096,glibc_default_fresh,M,6,0,1,3696.00,0.0000,0.0000,0.0,4000.0,2.000,32768.0,0.000,0,0,32768,2,1,0,0,0,2,1
3,f32,2,4096,glibc_default_fresh,R,6,1,1,2479.00,0.0000,0.0000,0.0,3000.0,2.000,32768.0,0.000,0,0,32768,2,0,2,1,0,2,1
3,f32,2,4096,glibc_default_fresh,M_TWIN,6,2,1,3703.00,0.0000,0.0000,0.0,4000.0,2.000,32768.0,0.000,0,0,32768,2,1,0,0,0,2,1
3,f32,2,4096,glibc_default_fresh,R,7,0,1,2379.00,0.0000,0.0000,0.0,3000.0,2.000,32768.0,0.000,0,0,32768,2,0,2,1,0,2,1
3,f32,2,4096,glibc_default_fresh,M_TWIN,7,1,1,3696.00,0.0000,0.0000,0.0,5000.0,2.000,32768.0,0.000,0,0,32768,2,1,0,0,0,2,1
3,f32,2,4096,glibc_default_fresh,M,7,2,1,3695.00,0.0000,0.0000,0.0,4000.0,2.000,32768.0,0.000,0,0,32768,2,1,0,0,0,2,1
3,f32,2,4096,glibc_default_fresh,M_TWIN,8,0,1,3615.00,0.0000,0.0000,0.0,4000.0,2.000,32768.0,0.000,0,0,32768,2,1,0,0,0,2,1
3,f32,2,4096,glibc_default_fresh,M,8,1,1,3664.00,0.0000,0.0000,0.0,4000.0,2.000,32768.0,0.000,0,0,32768,2,1,0,0,0,2,1
3,f32,2,4096,glibc_default_fresh,R,8,2,1,2440.00,0.0000,0.0000,0.0,3000.0,2.000,32768.0,0.000,0,0,32768,2,0,2,1,0,2,1
3,f32,2,4096,glibc_default_fresh,M,9,0,1,3685.00,0.0000,0.0000,0.0,4000.0,2.000,32768.0,0.000,0,0,32768,2,1,0,0,0,2,1
3,f32,2,4096,glibc_default_fresh,R,9,1,1,2383.00,0.0000,0.0000,0.0,3000.0,2.000,32768.0,0.000,0,0,32768,2,0,2,1,0,2,1
3,f32,2,4096,glibc_default_fresh,M_TWIN,9,2,1,3725.00,0.0000,0.0000,0.0,5000.0,2.000,32768.0,0.000,0,0,32768,2,1,0,0,0,2,1
3,f32,2,4096,glibc_default_fresh,R,10,0,1,2422.00,0.0000,0.0000,0.0,3000.0,2.000,32768.0,0.000,0,0,32768,2,0,2,1,0,2,1
3,f32,2,4096,glibc_default_fresh,M_TWIN,10,1,1,3775.00,0.0000,0.0000,0.0,4000.0,2.000,32768.0,0.000,0,0,32768,2,1,0,0,0,2,1
3,f32,2,4096,glibc_default_fresh,M,10,2,1,3934.00,0.0000,0.0000,0.0,5000.0,2.000,32768.0,0.000,0,0,32768,2,1,0,0,0,2,1
3,f32,2,4096,glibc_default_fresh,M_TWIN,11,0,1,3777.00,0.0000,0.0000,0.0,4000.0,2.000,32768.0,0.000,0,0,32768,2,1,0,0,0,2,1
3,f32,2,4096,glibc_default_fresh,M,11,1,1,3717.00,0.0000,0.0000,0.0,4000.0,2.000,32768.0,0.000,0,0,32768,2,1,0,0,0,2,1
3,f32,2,4096,glibc_default_fresh,R,11,2,1,2513.00,0.0000,0.0000,0.0,3000.0,2.000,32768.0,0.000,0,0,32768,2,0,2,1,0,2,1
3,f32,2,4096,glibc_default_fresh,M,12,0,1,3679.00,0.0000,0.0000,0.0,5000.0,2.000,32768.0,0.000,0,0,32768,2,1,0,0,0,2,1
3,f32,2,4096,glibc_default_fresh,R,12,1,1,2421.00,0.0000,0.0000,0.0,3000.0,2.000,32768.0,0.000,0,0,32768,2,0,2,1,0,2,1
3,f32,2,4096,glibc_default_fresh,M_TWIN,12,2,1,3721.00,0.0000,0.0000,0.0,4000.0,2.000,32768.0,0.000,0,0,32768,2,1,0,0,0,2,1
3,f32,2,4096,glibc_default_fresh,R,13,0,1,2390.00,0.0000,0.0000,0.0,3000.0,2.000,32768.0,0.000,0,0,32768,2,0,2,1,0,2,1
3,f32,2,4096,glibc_default_fresh,M_TWIN,13,1,1,3751.00,0.0000,0.0000,0.0,4000.0,2.000,32768.0,0.000,0,0,32768,2,1,0,0,0,2,1
3,f32,2,4096,glibc_default_fresh,M,13,2,1,3653.00,0.0000,0.0000,0.0,4000.0,2.000,32768.0,0.000,0,0,32768,2,1,0,0,0,2,1
3,f32,2,4096,glibc_default_fresh,M_TWIN,14,0,1,3692.00,0.0000,0.0000,0.0,4000.0,2.000,32768.0,0.000,0,0,32768,2,1,0,0,0,2,1
3,f32,2,4096,glibc_default_fresh,M,14,1,1,3686.00,0.0000,0.0000,0.0,4000.0,2.000,32768.0,0.000,0,0,32768,2,1,0,0,0,2,1
3,f32,2,4096,glibc_default_fresh,R,14,2,1,2428.00,0.0000,0.0000,0.0,3000.0,2.000,32768.0,0.000,0,0,32768,2,0,2,1,0,2,1
3,f32,2,16384,glibc_default_fresh,M,0,0,1,7080.00,2.0000,0.0000,18000.0,0.0,2.000,131072.0,0.000,0,0,131072,2,1,0,0,0,2,1
3,f32,2,16384,glibc_default_fresh,R,0,1,1,7600.00,0.0000,0.0000,8000.0,0.0,2.000,131072.0,0.000,0,0,131072,2,0,2,1,0,2,1
3,f32,2,16384,glibc_default_fresh,M_TWIN,0,2,1,9188.00,0.0000,0.0000,10000.0,0.0,2.000,131072.0,0.000,0,0,131072,2,1,0,0,0,2,1
3,f32,2,16384,glibc_default_fresh,R,1,0,1,7711.00,0.0000,0.0000,9000.0,0.0,2.000,131072.0,0.000,0,0,131072,2,0,2,1,0,2,1
3,f32,2,16384,glibc_default_fresh,M_TWIN,1,1,1,7985.00,0.0000,0.0000,9000.0,0.0,2.000,131072.0,0.000,0,0,131072,2,1,0,0,0,2,1
3,f32,2,16384,glibc_default_fresh,M,1,2,1,7582.00,0.0000,0.0000,8000.0,0.0,2.000,131072.0,0.000,0,0,131072,2,1,0,0,0,2,1
3,f32,2,16384,glibc_default_fresh,M_TWIN,2,0,1,9315.00,0.0000,0.0000,10000.0,0.0,2.000,131072.0,0.000,0,0,131072,2,1,0,0,0,2,1
3,f32,2,16384,glibc_default_fresh,M,2,1,1,6908.00,0.0000,0.0000,7000.0,0.0,2.000,131072.0,0.000,0,0,131072,2,1,0,0,0,2,1
3,f32,2,16384,glibc_default_fresh,R,2,2,1,7758.00,0.0000,0.0000,8000.0,0.0,2.000,131072.0,0.000,0,0,131072,2,0,2,1,0,2,1
3,f32,2,16384,glibc_default_fresh,M,3,0,1,6864.00,0.0000,0.0000,8000.0,0.0,2.000,131072.0,0.000,0,0,131072,2,1,0,0,0,2,1
3,f32,2,16384,glibc_default_fresh,R,3,1,1,7535.00,0.0000,0.0000,8000.0,0.0,2.000,131072.0,0.000,0,0,131072,2,0,2,1,0,2,1
3,f32,2,16384,glibc_default_fresh,M_TWIN,3,2,1,30253.00,0.0000,0.0000,31000.0,0.0,2.000,131072.0,0.000,0,0,131072,2,1,0,0,0,2,1
3,f32,2,16384,glibc_default_fresh,R,4,0,1,8969.00,0.0000,0.0000,10000.0,0.0,2.000,131072.0,0.000,0,0,131072,2,0,2,1,0,2,1
3,f32,2,16384,glibc_default_fresh,M_TWIN,4,1,1,7028.00,0.0000,0.0000,8000.0,0.0,2.000,131072.0,0.000,0,0,131072,2,1,0,0,0,2,1
3,f32,2,16384,glibc_default_fresh,M,4,2,1,6939.00,0.0000,0.0000,8000.0,0.0,2.000,131072.0,0.000,0,0,131072,2,1,0,0,0,2,1
3,f32,2,16384,glibc_default_fresh,M_TWIN,5,0,1,6879.00,0.0000,0.0000,7000.0,0.0,2.000,131072.0,0.000,0,0,131072,2,1,0,0,0,2,1
3,f32,2,16384,glibc_default_fresh,M,5,1,1,6948.00,0.0000,0.0000,7000.0,0.0,2.000,131072.0,0.000,0,0,131072,2,1,0,0,0,2,1
3,f32,2,16384,glibc_default_fresh,R,5,2,1,7662.00,0.0000,0.0000,8000.0,0.0,2.000,131072.0,0.000,0,0,131072,2,0,2,1,0,2,1
3,f32,2,16384,glibc_default_fresh,M,6,0,1,8317.00,0.0000,0.0000,9000.0,0.0,2.000,131072.0,0.000,0,0,131072,2,1,0,0,0,2,1
3,f32,2,16384,glibc_default_fresh,R,6,1,1,9354.00,0.0000,0.0000,10000.0,0.0,2.000,131072.0,0.000,0,0,131072,2,0,2,1,0,2,1
3,f32,2,16384,glibc_default_fresh,M_TWIN,6,2,1,6998.00,0.0000,0.0000,8000.0,0.0,2.000,131072.0,0.000,0,0,131072,2,1,0,0,0,2,1
3,f32,2,16384,glibc_default_fresh,R,7,0,1,7642.00,0.0000,0.0000,8000.0,0.0,2.000,131072.0,0.000,0,0,131072,2,0,2,1,0,2,1
3,f32,2,16384,glibc_default_fresh,M_TWIN,7,1,1,6852.00,0.0000,0.0000,7000.0,0.0,2.000,131072.0,0.000,0,0,131072,2,1,0,0,0,2,1
3,f32,2,16384,glibc_default_fresh,M,7,2,1,6821.00,0.0000,0.0000,8000.0,0.0,2.000,131072.0,0.000,0,0,131072,2,1,0,0,0,2,1
3,f32,2,16384,glibc_default_fresh,M_TWIN,8,0,1,6823.00,0.0000,0.0000,7000.0,0.0,2.000,131072.0,0.000,0,0,131072,2,1,0,0,0,2,1
3,f32,2,16384,glibc_default_fresh,M,8,1,1,8816.00,0.0000,0.0000,10000.0,0.0,2.000,131072.0,0.000,0,0,131072,2,1,0,0,0,2,1
3,f32,2,16384,glibc_default_fresh,R,8,2,1,10402.00,0.0000,0.0000,11000.0,0.0,2.000,131072.0,0.000,0,0,131072,2,0,2,1,0,2,1
3,f32,2,16384,glibc_default_fresh,M,9,0,1,7118.00,0.0000,0.0000,8000.0,0.0,2.000,131072.0,0.000,0,0,131072,2,1,0,0,0,2,1
3,f32,2,16384,glibc_default_fresh,R,9,1,1,9478.00,0.0000,0.0000,10000.0,0.0,2.000,131072.0,0.000,0,0,131072,2,0,2,1,0,2,1
3,f32,2,16384,glibc_default_fresh,M_TWIN,9,2,1,7019.00,0.0000,0.0000,8000.0,0.0,2.000,131072.0,0.000,0,0,131072,2,1,0,0,0,2,1
3,f32,2,16384,glibc_default_fresh,R,10,0,1,7650.00,0.0000,0.0000,8000.0,0.0,2.000,131072.0,0.000,0,0,131072,2,0,2,1,0,2,1
3,f32,2,16384,glibc_default_fresh,M_TWIN,10,1,1,6981.00,0.0000,0.0000,8000.0,0.0,2.000,131072.0,0.000,0,0,131072,2,1,0,0,0,2,1
3,f32,2,16384,glibc_default_fresh,M,10,2,1,9664.00,0.0000,0.0000,11000.0,0.0,2.000,131072.0,0.000,0,0,131072,2,1,0,0,0,2,1
3,f32,2,16384,glibc_default_fresh,M_TWIN,11,0,1,6823.00,0.0000,0.0000,7000.0,0.0,2.000,131072.0,0.000,0,0,131072,2,1,0,0,0,2,1
3,f32,2,16384,glibc_default_fresh,M,11,1,1,7185.00,0.0000,0.0000,7000.0,0.0,2.000,131072.0,0.000,0,0,131072,2,1,0,0,0,2,1
3,f32,2,16384,glibc_default_fresh,R,11,2,1,7840.00,0.0000,0.0000,9000.0,0.0,2.000,131072.0,0.000,0,0,131072,2,0,2,1,0,2,1
3,f32,2,16384,glibc_default_fresh,M,12,0,1,6906.00,0.0000,0.0000,7000.0,0.0,2.000,131072.0,0.000,0,0,131072,2,1,0,0,0,2,1
3,f32,2,16384,glibc_default_fresh,R,12,1,1,7581.00,0.0000,0.0000,8000.0,0.0,2.000,131072.0,0.000,0,0,131072,2,0,2,1,0,2,1
3,f32,2,16384,glibc_default_fresh,M_TWIN,12,2,1,6886.00,0.0000,0.0000,7000.0,0.0,2.000,131072.0,0.000,0,0,131072,2,1,0,0,0,2,1
3,f32,2,16384,glibc_default_fresh,R,13,0,1,7587.00,0.0000,0.0000,8000.0,0.0,2.000,131072.0,0.000,0,0,131072,2,0,2,1,0,2,1
3,f32,2,16384,glibc_default_fresh,M_TWIN,13,1,1,7187.00,0.0000,0.0000,8000.0,0.0,2.000,131072.0,0.000,0,0,131072,2,1,0,0,0,2,1
3,f32,2,16384,glibc_default_fresh,M,13,2,1,6954.00,0.0000,0.0000,8000.0,0.0,2.000,131072.0,0.000,0,0,131072,2,1,0,0,0,2,1
3,f32,2,16384,glibc_default_fresh,M_TWIN,14,0,1,9343.00,0.0000,0.0000,10000.0,0.0,2.000,131072.0,0.000,0,0,131072,2,1,0,0,0,2,1
3,f32,2,16384,glibc_default_fresh,M,14,1,1,6874.00,0.0000,0.0000,7000.0,0.0,2.000,131072.0,0.000,0,0,131072,2,1,0,0,0,2,1
3,f32,2,16384,glibc_default_fresh,R,14,2,1,7683.00,0.0000,0.0000,8000.0,0.0,2.000,131072.0,0.000,0,0,131072,2,0,2,1,0,2,1
3,f32,2,65536,glibc_default_fresh,M,0,0,1,31815.00,2.0000,0.0000,0.0,44000.0,2.000,524288.0,0.000,0,0,524288,2,1,0,0,0,2,1
3,f32,2,65536,glibc_default_fresh,R,0,1,1,31288.00,0.0000,0.0000,0.0,32000.0,2.000,524288.0,0.000,0,0,524288,2,0,2,1,0,2,1
3,f32,2,65536,glibc_default_fresh,M_TWIN,0,2,1,30977.00,0.0000,0.0000,0.0,32000.0,2.000,524288.0,0.000,0,0,524288,2,1,0,0,0,2,1
3,f32,2,65536,glibc_default_fresh,R,1,0,1,30431.00,0.0000,0.0000,0.0,31000.0,2.000,524288.0,0.000,0,0,524288,2,0,2,1,0,2,1
3,f32,2,65536,glibc_default_fresh,M_TWIN,1,1,1,31767.00,0.0000,0.0000,0.0,33000.0,2.000,524288.0,0.000,0,0,524288,2,1,0,0,0,2,1
3,f32,2,65536,glibc_default_fresh,M,1,2,1,31531.00,0.0000,0.0000,0.0,32000.0,2.000,524288.0,0.000,0,0,524288,2,1,0,0,0,2,1
3,f32,2,65536,glibc_default_fresh,M_TWIN,2,0,1,32230.00,0.0000,0.0000,34000.0,0.0,2.000,524288.0,0.000,0,0,524288,2,1,0,0,0,2,1
3,f32,2,65536,glibc_default_fresh,M,2,1,1,33502.00,0.0000,0.0000,35000.0,0.0,2.000,524288.0,0.000,0,0,524288,2,1,0,0,0,2,1
3,f32,2,65536,glibc_default_fresh,R,2,2,1,30624.00,0.0000,0.0000,31000.0,0.0,2.000,524288.0,0.000,0,0,524288,2,0,2,1,0,2,1
3,f32,2,65536,glibc_default_fresh,M,3,0,1,39610.00,0.0000,0.0000,41000.0,0.0,2.000,524288.0,0.000,0,0,524288,2,1,0,0,0,2,1
3,f32,2,65536,glibc_default_fresh,R,3,1,1,30830.00,0.0000,0.0000,32000.0,0.0,2.000,524288.0,0.000,0,0,524288,2,0,2,1,0,2,1
3,f32,2,65536,glibc_default_fresh,M_TWIN,3,2,1,32164.00,0.0000,0.0000,33000.0,0.0,2.000,524288.0,0.000,0,0,524288,2,1,0,0,0,2,1
3,f32,2,65536,glibc_default_fresh,R,4,0,1,30672.00,0.0000,0.0000,31000.0,0.0,2.000,524288.0,0.000,0,0,524288,2,0,2,1,0,2,1
3,f32,2,65536,glibc_default_fresh,M_TWIN,4,1,1,31420.00,0.0000,0.0000,33000.0,0.0,2.000,524288.0,0.000,0,0,524288,2,1,0,0,0,2,1
3,f32,2,65536,glibc_default_fresh,M,4,2,1,31645.00,0.0000,0.0000,32000.0,0.0,2.000,524288.0,0.000,0,0,524288,2,1,0,0,0,2,1
3,f32,2,65536,glibc_default_fresh,M_TWIN,5,0,1,32120.00,0.0000,0.0000,33000.0,0.0,2.000,524288.0,0.000,0,0,524288,2,1,0,0,0,2,1
3,f32,2,65536,glibc_default_fresh,M,5,1,1,31581.00,0.0000,0.0000,33000.0,0.0,2.000,524288.0,0.000,0,0,524288,2,1,0,0,0,2,1
3,f32,2,65536,glibc_default_fresh,R,5,2,1,30809.00,0.0000,0.0000,32000.0,0.0,2.000,524288.0,0.000,0,0,524288,2,0,2,1,0,2,1
3,f32,2,65536,glibc_default_fresh,M,6,0,1,62241.00,0.0000,0.0000,63000.0,0.0,2.000,524288.0,0.000,0,0,524288,2,1,0,0,0,2,1
3,f32,2,65536,glibc_default_fresh,R,6,1,1,35738.00,0.0000,0.0000,12000.0,25000.0,2.000,524288.0,0.000,0,0,524288,2,0,2,1,0,2,1
3,f32,2,65536,glibc_default_fresh,M_TWIN,6,2,1,41209.00,0.0000,0.0000,43000.0,0.0,2.000,524288.0,0.000,0,0,524288,2,1,0,0,0,2,1
3,f32,2,65536,glibc_default_fresh,R,7,0,1,30924.00,0.0000,0.0000,32000.0,0.0,2.000,524288.0,0.000,0,0,524288,2,0,2,1,0,2,1
3,f32,2,65536,glibc_default_fresh,M_TWIN,7,1,1,32122.00,0.0000,0.0000,34000.0,0.0,2.000,524288.0,0.000,0,0,524288,2,1,0,0,0,2,1
3,f32,2,65536,glibc_default_fresh,M,7,2,1,31729.00,0.0000,0.0000,32000.0,0.0,2.000,524288.0,0.000,0,0,524288,2,1,0,0,0,2,1
3,f32,2,65536,glibc_default_fresh,M_TWIN,8,0,1,31331.00,0.0000,0.0000,33000.0,0.0,2.000,524288.0,0.000,0,0,524288,2,1,0,0,0,2,1
3,f32,2,65536,glibc_default_fresh,M,8,1,1,48643.00,0.0000,0.0000,49000.0,0.0,2.000,524288.0,0.000,0,0,524288,2,1,0,0,0,2,1
3,f32,2,65536,glibc_default_fresh,R,8,2,1,31241.00,0.0000,0.0000,32000.0,0.0,2.000,524288.0,0.000,0,0,524288,2,0,2,1,0,2,1
3,f32,2,65536,glibc_default_fresh,M,9,0,1,31937.00,0.0000,0.0000,33000.0,0.0,2.000,524288.0,0.000,0,0,524288,2,1,0,0,0,2,1
3,f32,2,65536,glibc_default_fresh,R,9,1,1,30693.00,0.0000,0.0000,32000.0,0.0,2.000,524288.0,0.000,0,0,524288,2,0,2,1,0,2,1
3,f32,2,65536,glibc_default_fresh,M_TWIN,9,2,1,33108.00,0.0000,0.0000,34000.0,0.0,2.000,524288.0,0.000,0,0,524288,2,1,0,0,0,2,1
3,f32,2,65536,glibc_default_fresh,R,10,0,1,31062.00,0.0000,0.0000,32000.0,0.0,2.000,524288.0,0.000,0,0,524288,2,0,2,1,0,2,1
3,f32,2,65536,glibc_default_fresh,M_TWIN,10,1,1,37348.00,0.0000,0.0000,38000.0,0.0,2.000,524288.0,0.000,0,0,524288,2,1,0,0,0,2,1
3,f32,2,65536,glibc_default_fresh,M,10,2,1,38580.00,0.0000,0.0000,39000.0,0.0,2.000,524288.0,0.000,0,0,524288,2,1,0,0,0,2,1
3,f32,2,65536,glibc_default_fresh,M_TWIN,11,0,1,32483.00,0.0000,0.0000,17000.0,17000.0,2.000,524288.0,0.000,0,0,524288,2,1,0,0,0,2,1
3,f32,2,65536,glibc_default_fresh,M,11,1,1,31999.00,0.0000,0.0000,17000.0,17000.0,2.000,524288.0,0.000,0,0,524288,2,1,0,0,0,2,1
3,f32,2,65536,glibc_default_fresh,R,11,2,1,30798.00,0.0000,0.0000,31000.0,0.0,2.000,524288.0,0.000,0,0,524288,2,0,2,1,0,2,1
3,f32,2,65536,glibc_default_fresh,M,12,0,1,31639.00,0.0000,0.0000,33000.0,0.0,2.000,524288.0,0.000,0,0,524288,2,1,0,0,0,2,1
3,f32,2,65536,glibc_default_fresh,R,12,1,1,31018.00,0.0000,0.0000,32000.0,0.0,2.000,524288.0,0.000,0,0,524288,2,0,2,1,0,2,1
3,f32,2,65536,glibc_default_fresh,M_TWIN,12,2,1,32724.00,0.0000,0.0000,33000.0,0.0,2.000,524288.0,0.000,0,0,524288,2,1,0,0,0,2,1
3,f32,2,65536,glibc_default_fresh,R,13,0,1,30644.00,0.0000,0.0000,32000.0,0.0,2.000,524288.0,0.000,0,0,524288,2,0,2,1,0,2,1
3,f32,2,65536,glibc_default_fresh,M_TWIN,13,1,1,33043.00,0.0000,0.0000,34000.0,0.0,2.000,524288.0,0.000,0,0,524288,2,1,0,0,0,2,1
3,f32,2,65536,glibc_default_fresh,M,13,2,1,31816.00,0.0000,0.0000,33000.0,0.0,2.000,524288.0,0.000,0,0,524288,2,1,0,0,0,2,1
3,f32,2,65536,glibc_default_fresh,M_TWIN,14,0,1,31904.00,0.0000,0.0000,32000.0,0.0,2.000,524288.0,0.000,0,0,524288,2,1,0,0,0,2,1
3,f32,2,65536,glibc_default_fresh,M,14,1,1,31780.00,0.0000,0.0000,33000.0,0.0,2.000,524288.0,0.000,0,0,524288,2,1,0,0,0,2,1
3,f32,2,65536,glibc_default_fresh,R,14,2,1,32257.00,0.0000,0.0000,33000.0,0.0,2.000,524288.0,0.000,0,0,524288,2,0,2,1,0,2,1
3,f32,2,262144,glibc_default_fresh,M,0,0,1,288560.00,2.0000,0.0000,243000.0,61000.0,2.000,2097152.0,0.000,0,0,2097152,2,1,0,0,0,2,1
3,f32,2,262144,glibc_default_fresh,R,0,1,1,314749.00,0.0000,0.0000,254000.0,63000.0,2.000,2097152.0,0.000,0,0,2097152,2,0,2,1,0,2,1
3,f32,2,262144,glibc_default_fresh,M_TWIN,0,2,1,330310.00,0.0000,0.0000,332000.0,0.0,2.000,2097152.0,0.000,0,0,2097152,2,1,0,0,0,2,1
3,f32,2,262144,glibc_default_fresh,R,1,0,1,330428.00,0.0000,0.0000,333000.0,0.0,2.000,2097152.0,0.000,0,0,2097152,2,0,2,1,0,2,1
3,f32,2,262144,glibc_default_fresh,M_TWIN,1,1,1,289563.00,0.0000,0.0000,292000.0,0.0,2.000,2097152.0,0.000,0,0,2097152,2,1,0,0,0,2,1
3,f32,2,262144,glibc_default_fresh,M,1,2,1,288958.00,0.0000,0.0000,291000.0,0.0,2.000,2097152.0,0.000,0,0,2097152,2,1,0,0,0,2,1
3,f32,2,262144,glibc_default_fresh,M_TWIN,2,0,1,318687.00,0.0000,0.0000,321000.0,0.0,2.000,2097152.0,0.000,0,0,2097152,2,1,0,0,0,2,1
3,f32,2,262144,glibc_default_fresh,M,2,1,1,293079.00,0.0000,0.0000,295000.0,0.0,2.000,2097152.0,0.000,0,0,2097152,2,1,0,0,0,2,1
3,f32,2,262144,glibc_default_fresh,R,2,2,1,328789.00,0.0000,0.0000,332000.0,0.0,2.000,2097152.0,0.000,0,0,2097152,2,0,2,1,0,2,1
3,f32,2,262144,glibc_default_fresh,M,3,0,1,289397.00,0.0000,0.0000,291000.0,0.0,2.000,2097152.0,0.000,0,0,2097152,2,1,0,0,0,2,1
3,f32,2,262144,glibc_default_fresh,R,3,1,1,301150.00,0.0000,0.0000,303000.0,0.0,2.000,2097152.0,0.000,0,0,2097152,2,0,2,1,0,2,1
3,f32,2,262144,glibc_default_fresh,M_TWIN,3,2,1,317169.00,0.0000,0.0000,319000.0,0.0,2.000,2097152.0,0.000,0,0,2097152,2,1,0,0,0,2,1
3,f32,2,262144,glibc_default_fresh,R,4,0,1,320949.00,0.0000,0.0000,323000.0,0.0,2.000,2097152.0,0.000,0,0,2097152,2,0,2,1,0,2,1
3,f32,2,262144,glibc_default_fresh,M_TWIN,4,1,1,312512.00,0.0000,0.0000,315000.0,0.0,2.000,2097152.0,0.000,0,0,2097152,2,1,0,0,0,2,1
3,f32,2,262144,glibc_default_fresh,M,4,2,1,296968.00,0.0000,0.0000,299000.0,0.0,2.000,2097152.0,0.000,0,0,2097152,2,1,0,0,0,2,1
3,f32,2,262144,glibc_default_fresh,M_TWIN,5,0,1,292224.00,0.0000,0.0000,295000.0,0.0,2.000,2097152.0,0.000,0,0,2097152,2,1,0,0,0,2,1
3,f32,2,262144,glibc_default_fresh,M,5,1,1,341493.00,0.0000,0.0000,345000.0,0.0,2.000,2097152.0,0.000,0,0,2097152,2,1,0,0,0,2,1
3,f32,2,262144,glibc_default_fresh,R,5,2,1,303074.00,0.0000,0.0000,305000.0,0.0,2.000,2097152.0,0.000,0,0,2097152,2,0,2,1,0,2,1
3,f32,2,262144,glibc_default_fresh,M,6,0,1,326174.00,0.0000,0.0000,330000.0,0.0,2.000,2097152.0,0.000,0,0,2097152,2,1,0,0,0,2,1
3,f32,2,262144,glibc_default_fresh,R,6,1,1,312322.00,0.0000,0.0000,315000.0,0.0,2.000,2097152.0,0.000,0,0,2097152,2,0,2,1,0,2,1
3,f32,2,262144,glibc_default_fresh,M_TWIN,6,2,1,290124.00,0.0000,0.0000,292000.0,0.0,2.000,2097152.0,0.000,0,0,2097152,2,1,0,0,0,2,1
3,f32,2,262144,glibc_default_fresh,R,7,0,1,337210.00,0.0000,0.0000,341000.0,0.0,2.000,2097152.0,0.000,0,0,2097152,2,0,2,1,0,2,1
3,f32,2,262144,glibc_default_fresh,M_TWIN,7,1,1,344598.00,0.0000,0.0000,346000.0,0.0,2.000,2097152.0,0.000,0,0,2097152,2,1,0,0,0,2,1
3,f32,2,262144,glibc_default_fresh,M,7,2,1,312864.00,0.0000,0.0000,316000.0,0.0,2.000,2097152.0,0.000,0,0,2097152,2,1,0,0,0,2,1
3,f32,2,262144,glibc_default_fresh,M_TWIN,8,0,1,298997.00,0.0000,0.0000,302000.0,0.0,2.000,2097152.0,0.000,0,0,2097152,2,1,0,0,0,2,1
3,f32,2,262144,glibc_default_fresh,M,8,1,1,337809.00,0.0000,0.0000,341000.0,0.0,2.000,2097152.0,0.000,0,0,2097152,2,1,0,0,0,2,1
3,f32,2,262144,glibc_default_fresh,R,8,2,1,334591.00,0.0000,0.0000,338000.0,0.0,2.000,2097152.0,0.000,0,0,2097152,2,0,2,1,0,2,1
3,f32,2,262144,glibc_default_fresh,M,9,0,1,293261.00,0.0000,0.0000,295000.0,0.0,2.000,2097152.0,0.000,0,0,2097152,2,1,0,0,0,2,1
3,f32,2,262144,glibc_default_fresh,R,9,1,1,300464.00,0.0000,0.0000,302000.0,0.0,2.000,2097152.0,0.000,0,0,2097152,2,0,2,1,0,2,1
3,f32,2,262144,glibc_default_fresh,M_TWIN,9,2,1,299199.00,0.0000,0.0000,301000.0,0.0,2.000,2097152.0,0.000,0,0,2097152,2,1,0,0,0,2,1
3,f32,2,262144,glibc_default_fresh,R,10,0,1,303030.00,0.0000,0.0000,305000.0,0.0,2.000,2097152.0,0.000,0,0,2097152,2,0,2,1,0,2,1
3,f32,2,262144,glibc_default_fresh,M_TWIN,10,1,1,320887.00,0.0000,0.0000,322000.0,0.0,2.000,2097152.0,0.000,0,0,2097152,2,1,0,0,0,2,1
3,f32,2,262144,glibc_default_fresh,M,10,2,1,290131.00,0.0000,0.0000,293000.0,0.0,2.000,2097152.0,0.000,0,0,2097152,2,1,0,0,0,2,1
3,f32,2,262144,glibc_default_fresh,M_TWIN,11,0,1,289996.00,0.0000,0.0000,292000.0,0.0,2.000,2097152.0,0.000,0,0,2097152,2,1,0,0,0,2,1
3,f32,2,262144,glibc_default_fresh,M,11,1,1,319777.00,0.0000,0.0000,322000.0,0.0,2.000,2097152.0,0.000,0,0,2097152,2,1,0,0,0,2,1
3,f32,2,262144,glibc_default_fresh,R,11,2,1,303280.00,0.0000,0.0000,306000.0,0.0,2.000,2097152.0,0.000,0,0,2097152,2,0,2,1,0,2,1
3,f32,2,262144,glibc_default_fresh,M,12,0,1,290492.00,0.0000,0.0000,294000.0,0.0,2.000,2097152.0,0.000,0,0,2097152,2,1,0,0,0,2,1
3,f32,2,262144,glibc_default_fresh,R,12,1,1,303387.00,0.0000,0.0000,306000.0,0.0,2.000,2097152.0,0.000,0,0,2097152,2,0,2,1,0,2,1
3,f32,2,262144,glibc_default_fresh,M_TWIN,12,2,1,292700.00,0.0000,0.0000,296000.0,0.0,2.000,2097152.0,0.000,0,0,2097152,2,1,0,0,0,2,1
3,f32,2,262144,glibc_default_fresh,R,13,0,1,351503.00,0.0000,0.0000,355000.0,0.0,2.000,2097152.0,0.000,0,0,2097152,2,0,2,1,0,2,1
3,f32,2,262144,glibc_default_fresh,M_TWIN,13,1,1,322478.00,0.0000,0.0000,326000.0,0.0,2.000,2097152.0,0.000,0,0,2097152,2,1,0,0,0,2,1
3,f32,2,262144,glibc_default_fresh,M,13,2,1,317196.00,0.0000,0.0000,322000.0,0.0,2.000,2097152.0,0.000,0,0,2097152,2,1,0,0,0,2,1
3,f32,2,262144,glibc_default_fresh,M_TWIN,14,0,1,333548.00,0.0000,0.0000,337000.0,0.0,2.000,2097152.0,0.000,0,0,2097152,2,1,0,0,0,2,1
3,f32,2,262144,glibc_default_fresh,M,14,1,1,389448.00,0.0000,0.0000,393000.0,0.0,2.000,2097152.0,0.000,0,0,2097152,2,1,0,0,0,2,1
3,f32,2,262144,glibc_default_fresh,R,14,2,1,307672.00,0.0000,0.0000,310000.0,0.0,2.000,2097152.0,0.000,0,0,2097152,2,0,2,1,0,2,1
3,f32,2,1048576,glibc_default_fresh,M,0,0,1,1283393.00,2.0000,0.0000,1307000.0,0.0,2.000,8388608.0,0.000,0,0,8388608,2,1,0,0,0,2,1
3,f32,2,1048576,glibc_default_fresh,R,0,1,1,1283245.00,0.0000,0.0000,1288000.0,0.0,2.000,8388608.0,0.000,0,0,8388608,2,0,2,1,0,2,1
3,f32,2,1048576,glibc_default_fresh,M_TWIN,0,2,1,1272986.00,0.0000,0.0000,1275000.0,0.0,2.000,8388608.0,0.000,0,0,8388608,2,1,0,0,0,2,1
3,f32,2,1048576,glibc_default_fresh,R,1,0,1,1314662.00,0.0000,0.0000,1318000.0,0.0,2.000,8388608.0,0.000,0,0,8388608,2,0,2,1,0,2,1
3,f32,2,1048576,glibc_default_fresh,M_TWIN,1,1,1,1283756.00,0.0000,0.0000,1287000.0,0.0,2.000,8388608.0,0.000,0,0,8388608,2,1,0,0,0,2,1
3,f32,2,1048576,glibc_default_fresh,M,1,2,1,1278186.00,0.0000,0.0000,1283000.0,0.0,2.000,8388608.0,0.000,0,0,8388608,2,1,0,0,0,2,1
3,f32,2,1048576,glibc_default_fresh,M_TWIN,2,0,1,1275073.00,0.0000,0.0000,1278000.0,0.0,2.000,8388608.0,0.000,0,0,8388608,2,1,0,0,0,2,1
3,f32,2,1048576,glibc_default_fresh,M,2,1,1,1287896.00,0.0000,0.0000,1291000.0,0.0,2.000,8388608.0,0.000,0,0,8388608,2,1,0,0,0,2,1
3,f32,2,1048576,glibc_default_fresh,R,2,2,1,1236020.00,0.0000,0.0000,1240000.0,0.0,2.000,8388608.0,0.000,0,0,8388608,2,0,2,1,0,2,1
3,f32,2,1048576,glibc_default_fresh,M,3,0,1,1284187.00,0.0000,0.0000,1289000.0,0.0,2.000,8388608.0,0.000,0,0,8388608,2,1,0,0,0,2,1
3,f32,2,1048576,glibc_default_fresh,R,3,1,1,1277256.00,0.0000,0.0000,1282000.0,0.0,2.000,8388608.0,0.000,0,0,8388608,2,0,2,1,0,2,1
3,f32,2,1048576,glibc_default_fresh,M_TWIN,3,2,1,1264841.00,0.0000,0.0000,1269000.0,0.0,2.000,8388608.0,0.000,0,0,8388608,2,1,0,0,0,2,1
3,f32,2,1048576,glibc_default_fresh,R,4,0,1,1320671.00,0.0000,0.0000,1325000.0,0.0,2.000,8388608.0,0.000,0,0,8388608,2,0,2,1,0,2,1
3,f32,2,1048576,glibc_default_fresh,M_TWIN,4,1,1,1238841.00,0.0000,0.0000,1242000.0,0.0,2.000,8388608.0,0.000,0,0,8388608,2,1,0,0,0,2,1
3,f32,2,1048576,glibc_default_fresh,M,4,2,1,1264771.00,0.0000,0.0000,1270000.0,0.0,2.000,8388608.0,0.000,0,0,8388608,2,1,0,0,0,2,1
3,f32,2,1048576,glibc_default_fresh,M_TWIN,5,0,1,1270780.00,0.0000,0.0000,1275000.0,0.0,2.000,8388608.0,0.000,0,0,8388608,2,1,0,0,0,2,1
3,f32,2,1048576,glibc_default_fresh,M,5,1,1,1264443.00,0.0000,0.0000,1268000.0,0.0,2.000,8388608.0,0.000,0,0,8388608,2,1,0,0,0,2,1
3,f32,2,1048576,glibc_default_fresh,R,5,2,1,1270233.00,0.0000,0.0000,1274000.0,0.0,2.000,8388608.0,0.000,0,0,8388608,2,0,2,1,0,2,1
3,f32,2,1048576,glibc_default_fresh,M,6,0,1,1238934.00,0.0000,0.0000,1243000.0,0.0,2.000,8388608.0,0.000,0,0,8388608,2,1,0,0,0,2,1
3,f32,2,1048576,glibc_default_fresh,R,6,1,1,1241799.00,0.0000,0.0000,1246000.0,0.0,2.000,8388608.0,0.000,0,0,8388608,2,0,2,1,0,2,1
3,f32,2,1048576,glibc_default_fresh,M_TWIN,6,2,1,1264413.00,0.0000,0.0000,1267000.0,0.0,2.000,8388608.0,0.000,0,0,8388608,2,1,0,0,0,2,1
3,f32,2,1048576,glibc_default_fresh,R,7,0,1,1267342.00,0.0000,0.0000,1271000.0,0.0,2.000,8388608.0,0.000,0,0,8388608,2,0,2,1,0,2,1
3,f32,2,1048576,glibc_default_fresh,M_TWIN,7,1,1,1265859.00,0.0000,0.0000,1269000.0,0.0,2.000,8388608.0,0.000,0,0,8388608,2,1,0,0,0,2,1
3,f32,2,1048576,glibc_default_fresh,M,7,2,1,1246448.00,0.0000,0.0000,1251000.0,0.0,2.000,8388608.0,0.000,0,0,8388608,2,1,0,0,0,2,1
3,f32,2,1048576,glibc_default_fresh,M_TWIN,8,0,1,1242946.00,0.0000,0.0000,1246000.0,0.0,2.000,8388608.0,0.000,0,0,8388608,2,1,0,0,0,2,1
3,f32,2,1048576,glibc_default_fresh,M,8,1,1,1273595.00,0.0000,0.0000,1278000.0,0.0,2.000,8388608.0,0.000,0,0,8388608,2,1,0,0,0,2,1
3,f32,2,1048576,glibc_default_fresh,R,8,2,1,1282703.00,0.0000,0.0000,1286000.0,0.0,2.000,8388608.0,0.000,0,0,8388608,2,0,2,1,0,2,1
3,f32,2,1048576,glibc_default_fresh,M,9,0,1,1280526.00,0.0000,0.0000,1284000.0,0.0,2.000,8388608.0,0.000,0,0,8388608,2,1,0,0,0,2,1
3,f32,2,1048576,glibc_default_fresh,R,9,1,1,1246474.00,0.0000,0.0000,1250000.0,0.0,2.000,8388608.0,0.000,0,0,8388608,2,0,2,1,0,2,1
3,f32,2,1048576,glibc_default_fresh,M_TWIN,9,2,1,1237587.00,0.0000,0.0000,1242000.0,0.0,2.000,8388608.0,0.000,0,0,8388608,2,1,0,0,0,2,1
3,f32,2,1048576,glibc_default_fresh,R,10,0,1,1273628.00,0.0000,0.0000,1278000.0,0.0,2.000,8388608.0,0.000,0,0,8388608,2,0,2,1,0,2,1
3,f32,2,1048576,glibc_default_fresh,M_TWIN,10,1,1,1241068.00,0.0000,0.0000,1244000.0,0.0,2.000,8388608.0,0.000,0,0,8388608,2,1,0,0,0,2,1
3,f32,2,1048576,glibc_default_fresh,M,10,2,1,1236984.00,0.0000,0.0000,1242000.0,0.0,2.000,8388608.0,0.000,0,0,8388608,2,1,0,0,0,2,1
3,f32,2,1048576,glibc_default_fresh,M_TWIN,11,0,1,1244732.00,0.0000,0.0000,1248000.0,0.0,2.000,8388608.0,0.000,0,0,8388608,2,1,0,0,0,2,1
3,f32,2,1048576,glibc_default_fresh,M,11,1,1,1244341.00,0.0000,0.0000,1248000.0,0.0,2.000,8388608.0,0.000,0,0,8388608,2,1,0,0,0,2,1
3,f32,2,1048576,glibc_default_fresh,R,11,2,1,1297152.00,0.0000,0.0000,1301000.0,0.0,2.000,8388608.0,0.000,0,0,8388608,2,0,2,1,0,2,1
3,f32,2,1048576,glibc_default_fresh,M,12,0,1,1238380.00,0.0000,0.0000,1241000.0,0.0,2.000,8388608.0,0.000,0,0,8388608,2,1,0,0,0,2,1
3,f32,2,1048576,glibc_default_fresh,R,12,1,1,1245085.00,0.0000,0.0000,1248000.0,0.0,2.000,8388608.0,0.000,0,0,8388608,2,0,2,1,0,2,1
3,f32,2,1048576,glibc_default_fresh,M_TWIN,12,2,1,1281506.00,0.0000,0.0000,1285000.0,0.0,2.000,8388608.0,0.000,0,0,8388608,2,1,0,0,0,2,1
3,f32,2,1048576,glibc_default_fresh,R,13,0,1,1241633.00,0.0000,0.0000,1245000.0,0.0,2.000,8388608.0,0.000,0,0,8388608,2,0,2,1,0,2,1
3,f32,2,1048576,glibc_default_fresh,M_TWIN,13,1,1,1308688.00,0.0000,0.0000,1313000.0,0.0,2.000,8388608.0,0.000,0,0,8388608,2,1,0,0,0,2,1
3,f32,2,1048576,glibc_default_fresh,M,13,2,1,1239658.00,0.0000,0.0000,1245000.0,0.0,2.000,8388608.0,0.000,0,0,8388608,2,1,0,0,0,2,1
3,f32,2,1048576,glibc_default_fresh,M_TWIN,14,0,1,1277546.00,0.0000,0.0000,1281000.0,0.0,2.000,8388608.0,0.000,0,0,8388608,2,1,0,0,0,2,1
3,f32,2,1048576,glibc_default_fresh,M,14,1,1,1271528.00,0.0000,0.0000,1275000.0,0.0,2.000,8388608.0,0.000,0,0,8388608,2,1,0,0,0,2,1
3,f32,2,1048576,glibc_default_fresh,R,14,2,1,1248124.00,0.0000,0.0000,1252000.0,0.0,2.000,8388608.0,0.000,0,0,8388608,2,0,2,1,0,2,1
3,f32,2,4194304,glibc_default_fresh,M,0,0,1,5420785.00,2.0000,0.0000,5449000.0,0.0,2.000,33554432.0,0.000,0,0,33554432,2,1,0,0,0,2,1
3,f32,2,4194304,glibc_default_fresh,R,0,1,1,5578171.00,0.0000,0.0000,5584000.0,0.0,2.000,33554432.0,0.000,0,0,33554432,2,0,2,1,0,2,1
3,f32,2,4194304,glibc_default_fresh,M_TWIN,0,2,1,5813150.00,0.0000,0.0000,5818000.0,0.0,2.000,33554432.0,0.000,0,0,33554432,2,1,0,0,0,2,1
3,f32,2,4194304,glibc_default_fresh,R,1,0,1,5491424.00,0.0000,0.0000,5497000.0,0.0,2.000,33554432.0,0.000,0,0,33554432,2,0,2,1,0,2,1
3,f32,2,4194304,glibc_default_fresh,M_TWIN,1,1,1,5686075.00,0.0000,0.0000,5680000.0,0.0,2.000,33554432.0,0.000,0,0,33554432,2,1,0,0,0,2,1
3,f32,2,4194304,glibc_default_fresh,M,1,2,1,7055271.00,0.0000,0.0000,7064000.0,0.0,2.000,33554432.0,0.000,0,0,33554432,2,1,0,0,0,2,1
3,f32,2,4194304,glibc_default_fresh,M_TWIN,2,0,1,6764583.00,0.0000,0.0000,6769000.0,0.0,2.000,33554432.0,0.000,0,0,33554432,2,1,0,0,0,2,1
3,f32,2,4194304,glibc_default_fresh,M,2,1,1,6788056.00,0.0000,0.0000,6793000.0,0.0,2.000,33554432.0,0.000,0,0,33554432,2,1,0,0,0,2,1
3,f32,2,4194304,glibc_default_fresh,R,2,2,1,5943501.00,0.0000,0.0000,5949000.0,0.0,2.000,33554432.0,0.000,0,0,33554432,2,0,2,1,0,2,1
3,f32,2,4194304,glibc_default_fresh,M,3,0,1,6034573.00,0.0000,0.0000,6040000.0,0.0,2.000,33554432.0,0.000,0,0,33554432,2,1,0,0,0,2,1
3,f32,2,4194304,glibc_default_fresh,R,3,1,1,5931014.00,0.0000,0.0000,5937000.0,0.0,2.000,33554432.0,0.000,0,0,33554432,2,0,2,1,0,2,1
3,f32,2,4194304,glibc_default_fresh,M_TWIN,3,2,1,6105885.00,0.0000,0.0000,6111000.0,0.0,2.000,33554432.0,0.000,0,0,33554432,2,1,0,0,0,2,1
3,f32,2,4194304,glibc_default_fresh,R,4,0,1,5759919.00,0.0000,0.0000,5764000.0,0.0,2.000,33554432.0,0.000,0,0,33554432,2,0,2,1,0,2,1
3,f32,2,4194304,glibc_default_fresh,M_TWIN,4,1,1,6002141.00,0.0000,0.0000,6007000.0,0.0,2.000,33554432.0,0.000,0,0,33554432,2,1,0,0,0,2,1
3,f32,2,4194304,glibc_default_fresh,M,4,2,1,6586409.00,0.0000,0.0000,6591000.0,0.0,2.000,33554432.0,0.000,0,0,33554432,2,1,0,0,0,2,1
3,f32,2,4194304,glibc_default_fresh,M_TWIN,5,0,1,6551207.00,0.0000,0.0000,6556000.0,0.0,2.000,33554432.0,0.000,0,0,33554432,2,1,0,0,0,2,1
3,f32,2,4194304,glibc_default_fresh,M,5,1,1,6439384.00,0.0000,0.0000,6443000.0,0.0,2.000,33554432.0,0.000,0,0,33554432,2,1,0,0,0,2,1
3,f32,2,4194304,glibc_default_fresh,R,5,2,1,5713987.00,0.0000,0.0000,5718000.0,0.0,2.000,33554432.0,0.000,0,0,33554432,2,0,2,1,0,2,1
3,f32,2,4194304,glibc_default_fresh,M,6,0,1,5916932.00,0.0000,0.0000,5921000.0,0.0,2.000,33554432.0,0.000,0,0,33554432,2,1,0,0,0,2,1
3,f32,2,4194304,glibc_default_fresh,R,6,1,1,6186815.00,0.0000,0.0000,6192000.0,0.0,2.000,33554432.0,0.000,0,0,33554432,2,0,2,1,0,2,1
3,f32,2,4194304,glibc_default_fresh,M_TWIN,6,2,1,6809038.00,0.0000,0.0000,6815000.0,0.0,2.000,33554432.0,0.000,0,0,33554432,2,1,0,0,0,2,1
3,f32,2,4194304,glibc_default_fresh,R,7,0,1,6594929.00,0.0000,0.0000,6600000.0,0.0,2.000,33554432.0,0.000,0,0,33554432,2,0,2,1,0,2,1
3,f32,2,4194304,glibc_default_fresh,M_TWIN,7,1,1,6042553.00,0.0000,0.0000,6047000.0,0.0,2.000,33554432.0,0.000,0,0,33554432,2,1,0,0,0,2,1
3,f32,2,4194304,glibc_default_fresh,M,7,2,1,6068342.00,0.0000,0.0000,6078000.0,0.0,2.000,33554432.0,0.000,0,0,33554432,2,1,0,0,0,2,1
3,f32,2,4194304,glibc_default_fresh,M_TWIN,8,0,1,6261242.00,0.0000,0.0000,6266000.0,0.0,2.000,33554432.0,0.000,0,0,33554432,2,1,0,0,0,2,1
3,f32,2,4194304,glibc_default_fresh,M,8,1,1,6562194.00,0.0000,0.0000,6567000.0,0.0,2.000,33554432.0,0.000,0,0,33554432,2,1,0,0,0,2,1
3,f32,2,4194304,glibc_default_fresh,R,8,2,1,5918223.00,0.0000,0.0000,5923000.0,0.0,2.000,33554432.0,0.000,0,0,33554432,2,0,2,1,0,2,1
3,f32,2,4194304,glibc_default_fresh,M,9,0,1,6009218.00,0.0000,0.0000,6015000.0,0.0,2.000,33554432.0,0.000,0,0,33554432,2,1,0,0,0,2,1
3,f32,2,4194304,glibc_default_fresh,R,9,1,1,5417961.00,0.0000,0.0000,5423000.0,0.0,2.000,33554432.0,0.000,0,0,33554432,2,0,2,1,0,2,1
3,f32,2,4194304,glibc_default_fresh,M_TWIN,9,2,1,5612209.00,0.0000,0.0000,5617000.0,0.0,2.000,33554432.0,0.000,0,0,33554432,2,1,0,0,0,2,1
3,f32,2,4194304,glibc_default_fresh,R,10,0,1,5724770.00,0.0000,0.0000,5730000.0,0.0,2.000,33554432.0,0.000,0,0,33554432,2,0,2,1,0,2,1
3,f32,2,4194304,glibc_default_fresh,M_TWIN,10,1,1,5830680.00,0.0000,0.0000,5835000.0,0.0,2.000,33554432.0,0.000,0,0,33554432,2,1,0,0,0,2,1
3,f32,2,4194304,glibc_default_fresh,M,10,2,1,6162225.00,0.0000,0.0000,6167000.0,0.0,2.000,33554432.0,0.000,0,0,33554432,2,1,0,0,0,2,1
3,f32,2,4194304,glibc_default_fresh,M_TWIN,11,0,1,5884432.00,0.0000,0.0000,5890000.0,0.0,2.000,33554432.0,0.000,0,0,33554432,2,1,0,0,0,2,1
3,f32,2,4194304,glibc_default_fresh,M,11,1,1,5834144.00,0.0000,0.0000,5838000.0,0.0,2.000,33554432.0,0.000,0,0,33554432,2,1,0,0,0,2,1
3,f32,2,4194304,glibc_default_fresh,R,11,2,1,5364946.00,0.0000,0.0000,5370000.0,0.0,2.000,33554432.0,0.000,0,0,33554432,2,0,2,1,0,2,1
3,f32,2,4194304,glibc_default_fresh,M,12,0,1,6432211.00,0.0000,0.0000,6438000.0,0.0,2.000,33554432.0,0.000,0,0,33554432,2,1,0,0,0,2,1
3,f32,2,4194304,glibc_default_fresh,R,12,1,1,6362047.00,0.0000,0.0000,6367000.0,0.0,2.000,33554432.0,0.000,0,0,33554432,2,0,2,1,0,2,1
3,f32,2,4194304,glibc_default_fresh,M_TWIN,12,2,1,6678700.00,0.0000,0.0000,6684000.0,0.0,2.000,33554432.0,0.000,0,0,33554432,2,1,0,0,0,2,1
3,f32,2,4194304,glibc_default_fresh,R,13,0,1,5944775.00,0.0000,0.0000,5951000.0,0.0,2.000,33554432.0,0.000,0,0,33554432,2,0,2,1,0,2,1
3,f32,2,4194304,glibc_default_fresh,M_TWIN,13,1,1,5817758.00,0.0000,0.0000,5823000.0,0.0,2.000,33554432.0,0.000,0,0,33554432,2,1,0,0,0,2,1
3,f32,2,4194304,glibc_default_fresh,M,13,2,1,7380902.00,0.0000,0.0000,7389000.0,0.0,2.000,33554432.0,0.000,0,0,33554432,2,1,0,0,0,2,1
3,f32,2,4194304,glibc_default_fresh,M_TWIN,14,0,1,7500308.00,0.0000,0.0000,7506000.0,0.0,2.000,33554432.0,0.000,0,0,33554432,2,1,0,0,0,2,1
3,f32,2,4194304,glibc_default_fresh,M,14,1,1,7317801.00,0.0000,0.0000,7324000.0,0.0,2.000,33554432.0,0.000,0,0,33554432,2,1,0,0,0,2,1
3,f32,2,4194304,glibc_default_fresh,R,14,2,1,6161191.00,0.0000,0.0000,6166000.0,0.0,2.000,33554432.0,0.000,0,0,33554432,2,0,2,1,0,2,1
3,f32,2,16777216,glibc_default_fresh,M,0,0,1,81567960.00,32772.0000,0.0000,42820000.0,38772000.0,2.000,134217728.0,0.000,0,0,134217728,2,1,0,0,0,2,1
3,f32,2,16777216,glibc_default_fresh,R,0,1,1,81597641.00,32770.0000,0.0000,12813000.0,68756000.0,2.000,134217728.0,0.000,0,0,134217728,2,0,2,1,0,2,1
3,f32,2,16777216,glibc_default_fresh,M_TWIN,0,2,1,83085887.00,32770.0000,0.0000,35559000.0,47534000.0,2.000,134217728.0,0.000,0,0,134217728,2,1,0,0,0,2,1
3,f32,2,16777216,glibc_default_fresh,R,1,0,1,80749438.00,32770.0000,0.0000,28380000.0,52375000.0,2.000,134217728.0,0.000,0,0,134217728,2,0,2,1,0,2,1
3,f32,2,16777216,glibc_default_fresh,M_TWIN,1,1,1,83537903.00,32770.0000,0.0000,27768000.0,55748000.0,2.000,134217728.0,0.000,0,0,134217728,2,1,0,0,0,2,1
3,f32,2,16777216,glibc_default_fresh,M,1,2,1,83561358.00,32770.0000,0.0000,31794000.0,51774000.0,2.000,134217728.0,0.000,0,0,134217728,2,1,0,0,0,2,1
3,f32,2,16777216,glibc_default_fresh,M_TWIN,2,0,1,81883739.00,32770.0000,0.0000,44890000.0,36953000.0,2.000,134217728.0,0.000,0,0,134217728,2,1,0,0,0,2,1
3,f32,2,16777216,glibc_default_fresh,M,2,1,1,82168496.00,32770.0000,0.0000,31097000.0,51078000.0,2.000,134217728.0,0.000,0,0,134217728,2,1,0,0,0,2,1
3,f32,2,16777216,glibc_default_fresh,R,2,2,1,81946464.00,32770.0000,0.0000,42971000.0,38953000.0,2.000,134217728.0,0.000,0,0,134217728,2,0,2,1,0,2,1
3,f32,2,16777216,glibc_default_fresh,M,3,0,1,84499168.00,32770.0000,0.0000,36257000.0,48249000.0,2.000,134217728.0,0.000,0,0,134217728,2,1,0,0,0,2,1
3,f32,2,16777216,glibc_default_fresh,R,3,1,1,81901514.00,32770.0000,0.0000,26934000.0,54957000.0,2.000,134217728.0,0.000,0,0,134217728,2,0,2,1,0,2,1
3,f32,2,16777216,glibc_default_fresh,M_TWIN,3,2,1,82592681.00,32770.0000,0.0000,37322000.0,45277000.0,2.000,134217728.0,0.000,0,0,134217728,2,1,0,0,0,2,1
3,f32,2,16777216,glibc_default_fresh,R,4,0,1,81241724.00,32770.0000,0.0000,20650000.0,60586000.0,2.000,134217728.0,0.000,0,0,134217728,2,0,2,1,0,2,1
3,f32,2,16777216,glibc_default_fresh,M_TWIN,4,1,1,83229874.00,32770.0000,0.0000,37600000.0,45570000.0,2.000,134217728.0,0.000,0,0,134217728,2,1,0,0,0,2,1
3,f32,2,16777216,glibc_default_fresh,M,4,2,1,83688297.00,32770.0000,0.0000,27849000.0,55817000.0,2.000,134217728.0,0.000,0,0,134217728,2,1,0,0,0,2,1
3,f32,2,16777216,glibc_default_fresh,M_TWIN,5,0,1,81916023.00,32770.0000,0.0000,36976000.0,44901000.0,2.000,134217728.0,0.000,0,0,134217728,2,1,0,0,0,2,1
3,f32,2,16777216,glibc_default_fresh,M,5,1,1,81578790.00,32770.0000,0.0000,20713000.0,60765000.0,2.000,134217728.0,0.000,0,0,134217728,2,1,0,0,0,2,1
3,f32,2,16777216,glibc_default_fresh,R,5,2,1,80790443.00,32770.0000,0.0000,24415000.0,56380000.0,2.000,134217728.0,0.000,0,0,134217728,2,0,2,1,0,2,1
3,f32,2,16777216,glibc_default_fresh,M,6,0,1,83033367.00,32770.0000,0.0000,27520000.0,55520000.0,2.000,134217728.0,0.000,0,0,134217728,2,1,0,0,0,2,1
3,f32,2,16777216,glibc_default_fresh,R,6,1,1,82048829.00,32770.0000,0.0000,27009000.0,55045000.0,2.000,134217728.0,0.000,0,0,134217728,2,0,2,1,0,2,1
3,f32,2,16777216,glibc_default_fresh,M_TWIN,6,2,1,82232957.00,32770.0000,0.0000,27096000.0,55119000.0,2.000,134217728.0,0.000,0,0,134217728,2,1,0,0,0,2,1
3,f32,2,16777216,glibc_default_fresh,R,7,0,1,81320108.00,32770.0000,0.0000,24684000.0,56642000.0,2.000,134217728.0,0.000,0,0,134217728,2,0,2,1,0,2,1
3,f32,2,16777216,glibc_default_fresh,M_TWIN,7,1,1,83927651.00,32770.0000,0.0000,31968000.0,51966000.0,2.000,134217728.0,0.000,0,0,134217728,2,1,0,0,0,2,1
3,f32,2,16777216,glibc_default_fresh,M,7,2,1,81843250.00,32770.0000,0.0000,22873000.0,58944000.0,2.000,134217728.0,0.000,0,0,134217728,2,1,0,0,0,2,1
3,f32,2,16777216,glibc_default_fresh,M_TWIN,8,0,1,81366653.00,32770.0000,0.0000,16707000.0,64614000.0,2.000,134217728.0,0.000,0,0,134217728,2,1,0,0,0,2,1
3,f32,2,16777216,glibc_default_fresh,M,8,1,1,81676835.00,32770.0000,0.0000,38820000.0,42862000.0,2.000,134217728.0,0.000,0,0,134217728,2,1,0,0,0,2,1
3,f32,2,16777216,glibc_default_fresh,R,8,2,1,81687626.00,32770.0000,0.0000,40808000.0,40828000.0,2.000,134217728.0,0.000,0,0,134217728,2,0,2,1,0,2,1
3,f32,2,16777216,glibc_default_fresh,M,9,0,1,82851849.00,32770.0000,0.0000,21449000.0,61381000.0,2.000,134217728.0,0.000,0,0,134217728,2,1,0,0,0,2,1
3,f32,2,16777216,glibc_default_fresh,R,9,1,1,82811571.00,32770.0000,0.0000,31396000.0,51408000.0,2.000,134217728.0,0.000,0,0,134217728,2,0,2,1,0,2,1
3,f32,2,16777216,glibc_default_fresh,M_TWIN,9,2,1,84430420.00,32770.0000,0.0000,32223000.0,52212000.0,2.000,134217728.0,0.000,0,0,134217728,2,1,0,0,0,2,1
3,f32,2,16777216,glibc_default_fresh,R,10,0,1,81669969.00,32770.0000,0.0000,12861000.0,68777000.0,2.000,134217728.0,0.000,0,0,134217728,2,0,2,1,0,2,1
3,f32,2,16777216,glibc_default_fresh,M_TWIN,10,1,1,82828066.00,32770.0000,0.0000,23330000.0,59423000.0,2.000,134217728.0,0.000,0,0,134217728,2,1,0,0,0,2,1
3,f32,2,16777216,glibc_default_fresh,M,10,2,1,82038987.00,32770.0000,0.0000,27025000.0,55021000.0,2.000,134217728.0,0.000,0,0,134217728,2,1,0,0,0,2,1
3,f32,2,16777216,glibc_default_fresh,M_TWIN,11,0,1,80880481.00,32770.0000,0.0000,32382000.0,48433000.0,2.000,134217728.0,0.000,0,0,134217728,2,1,0,0,0,2,1
3,f32,2,16777216,glibc_default_fresh,M,11,1,1,82524002.00,32770.0000,0.0000,27150000.0,55275000.0,2.000,134217728.0,0.000,0,0,134217728,2,1,0,0,0,2,1
3,f32,2,16777216,glibc_default_fresh,R,11,2,1,81519113.00,32770.0000,0.0000,42735000.0,38789000.0,2.000,134217728.0,0.000,0,0,134217728,2,0,2,1,0,2,1
3,f32,2,16777216,glibc_default_fresh,M,12,0,1,81677258.00,32770.0000,0.0000,24864000.0,56819000.0,2.000,134217728.0,0.000,0,0,134217728,2,1,0,0,0,2,1
3,f32,2,16777216,glibc_default_fresh,R,12,1,1,80832936.00,32770.0000,0.0000,40430000.0,40407000.0,2.000,134217728.0,0.000,0,0,134217728,2,0,2,1,0,2,1
3,f32,2,16777216,glibc_default_fresh,M_TWIN,12,2,1,81863151.00,32770.0000,0.0000,36964000.0,44844000.0,2.000,134217728.0,0.000,0,0,134217728,2,1,0,0,0,2,1
3,f32,2,16777216,glibc_default_fresh,R,13,0,1,80538917.00,32770.0000,0.0000,36279000.0,44265000.0,2.000,134217728.0,0.000,0,0,134217728,2,0,2,1,0,2,1
3,f32,2,16777216,glibc_default_fresh,M_TWIN,13,1,1,83779786.00,32770.0000,0.0000,43828000.0,39896000.0,2.000,134217728.0,0.000,0,0,134217728,2,1,0,0,0,2,1
3,f32,2,16777216,glibc_default_fresh,M,13,2,1,82592522.00,32770.0000,0.0000,31268000.0,51254000.0,2.000,134217728.0,0.000,0,0,134217728,2,1,0,0,0,2,1
3,f32,2,16777216,glibc_default_fresh,M_TWIN,14,0,1,83334844.00,32770.0000,0.0000,39507000.0,43681000.0,2.000,134217728.0,0.000,0,0,134217728,2,1,0,0,0,2,1
3,f32,2,16777216,glibc_default_fresh,M,14,1,1,82875359.00,32770.0000,0.0000,31421000.0,51344000.0,2.000,134217728.0,0.000,0,0,134217728,2,1,0,0,0,2,1
3,f32,2,16777216,glibc_default_fresh,R,14,2,1,81487216.00,32770.0000,0.0000,32741000.0,48691000.0,2.000,134217728.0,0.000,0,0,134217728,2,0,2,1,0,2,1
3,f32,3,64,glibc_default_fresh,M,0,0,1000,835.27,0.2030,0.0000,853.0,0.0,3.000,768.0,0.000,0,0,768000,3,1,0,0,0,3,1
3,f32,3,64,glibc_default_fresh,R,0,1,1000,871.03,0.2000,0.0000,872.0,0.0,3.000,768.0,0.000,0,0,768000,3,0,3,1,0,3,1
3,f32,3,64,glibc_default_fresh,M_TWIN,0,2,1000,835.95,0.2000,0.0000,838.0,0.0,3.000,768.0,0.000,0,0,768000,3,1,0,0,0,3,1
3,f32,3,64,glibc_default_fresh,R,1,0,1000,913.70,0.2000,0.0000,915.0,0.0,3.000,768.0,0.000,0,0,768000,3,0,3,1,0,3,1
3,f32,3,64,glibc_default_fresh,M_TWIN,1,1,1000,831.36,0.2000,0.0000,832.0,0.0,3.000,768.0,0.000,0,0,768000,3,1,0,0,0,3,1
3,f32,3,64,glibc_default_fresh,M,1,2,1000,853.02,0.2000,0.0000,854.0,0.0,3.000,768.0,0.000,0,0,768000,3,1,0,0,0,3,1
3,f32,3,64,glibc_default_fresh,M_TWIN,2,0,1000,855.60,0.2000,0.0000,857.0,0.0,3.000,768.0,0.000,0,0,768000,3,1,0,0,0,3,1
3,f32,3,64,glibc_default_fresh,M,2,1,1000,861.62,0.2000,0.0000,0.0,862.0,3.000,768.0,0.000,0,0,768000,3,1,0,0,0,3,1
3,f32,3,64,glibc_default_fresh,R,2,2,1000,897.81,0.2000,0.0000,0.0,899.0,3.000,768.0,0.000,0,0,768000,3,0,3,1,0,3,1
3,f32,3,64,glibc_default_fresh,M,3,0,1000,839.72,0.2000,0.0000,0.0,841.0,3.000,768.0,0.000,0,0,768000,3,1,0,0,0,3,1
3,f32,3,64,glibc_default_fresh,R,3,1,1000,940.26,0.2000,0.0000,0.0,910.0,3.000,768.0,0.000,0,0,768000,3,0,3,1,0,3,1
3,f32,3,64,glibc_default_fresh,M_TWIN,3,2,1000,829.62,0.2000,0.0000,678.0,153.0,3.000,768.0,0.000,0,0,768000,3,1,0,0,0,3,1
3,f32,3,64,glibc_default_fresh,R,4,0,1000,895.24,0.2000,0.0000,717.0,179.0,3.000,768.0,0.000,0,0,768000,3,0,3,1,0,3,1
3,f32,3,64,glibc_default_fresh,M_TWIN,4,1,1000,836.34,0.2000,0.0000,838.0,0.0,3.000,768.0,0.000,0,0,768000,3,1,0,0,0,3,1
3,f32,3,64,glibc_default_fresh,M,4,2,1000,842.80,0.2000,0.0000,844.0,0.0,3.000,768.0,0.000,0,0,768000,3,1,0,0,0,3,1
3,f32,3,64,glibc_default_fresh,M_TWIN,5,0,1000,873.51,0.2000,0.0000,875.0,0.0,3.000,768.0,0.000,0,0,768000,3,1,0,0,0,3,1
3,f32,3,64,glibc_default_fresh,M,5,1,1000,952.14,0.2000,0.0000,953.0,0.0,3.000,768.0,0.000,0,0,768000,3,1,0,0,0,3,1
3,f32,3,64,glibc_default_fresh,R,5,2,1000,893.57,0.2000,0.0000,894.0,0.0,3.000,768.0,0.000,0,0,768000,3,0,3,1,0,3,1
3,f32,3,64,glibc_default_fresh,M,6,0,1000,820.80,0.2000,0.0000,822.0,0.0,3.000,768.0,0.000,0,0,768000,3,1,0,0,0,3,1
3,f32,3,64,glibc_default_fresh,R,6,1,1000,902.36,0.2000,0.0000,905.0,0.0,3.000,768.0,0.000,0,0,768000,3,0,3,1,0,3,1
3,f32,3,64,glibc_default_fresh,M_TWIN,6,2,1000,819.99,0.2000,0.0000,0.0,821.0,3.000,768.0,0.000,0,0,768000,3,1,0,0,0,3,1
3,f32,3,64,glibc_default_fresh,R,7,0,1000,906.12,0.2000,0.0000,907.0,0.0,3.000,768.0,0.000,0,0,768000,3,0,3,1,0,3,1
3,f32,3,64,glibc_default_fresh,M_TWIN,7,1,1000,809.04,0.2000,0.0000,685.0,125.0,3.000,768.0,0.000,0,0,768000,3,1,0,0,0,3,1
3,f32,3,64,glibc_default_fresh,M,7,2,1000,936.48,0.2000,0.0000,938.0,0.0,3.000,768.0,0.000,0,0,768000,3,1,0,0,0,3,1
3,f32,3,64,glibc_default_fresh,M_TWIN,8,0,1000,843.55,0.2000,0.0000,845.0,0.0,3.000,768.0,0.000,0,0,768000,3,1,0,0,0,3,1
3,f32,3,64,glibc_default_fresh,M,8,1,1000,831.15,0.2000,0.0000,832.0,0.0,3.000,768.0,0.000,0,0,768000,3,1,0,0,0,3,1
3,f32,3,64,glibc_default_fresh,R,8,2,1000,887.88,0.2000,0.0000,889.0,0.0,3.000,768.0,0.000,0,0,768000,3,0,3,1,0,3,1
3,f32,3,64,glibc_default_fresh,M,9,0,1000,814.34,0.2000,0.0000,816.0,0.0,3.000,768.0,0.000,0,0,768000,3,1,0,0,0,3,1
3,f32,3,64,glibc_default_fresh,R,9,1,1000,892.79,0.2000,0.0000,894.0,0.0,3.000,768.0,0.000,0,0,768000,3,0,3,1,0,3,1
3,f32,3,64,glibc_default_fresh,M_TWIN,9,2,1000,836.74,0.2000,0.0000,838.0,0.0,3.000,768.0,0.000,0,0,768000,3,1,0,0,0,3,1
3,f32,3,64,glibc_default_fresh,R,10,0,1000,961.22,0.2000,0.0000,962.0,0.0,3.000,768.0,0.000,0,0,768000,3,0,3,1,0,3,1
3,f32,3,64,glibc_default_fresh,M_TWIN,10,1,1000,803.67,0.2000,0.0000,804.0,0.0,3.000,768.0,0.000,0,0,768000,3,1,0,0,0,3,1
3,f32,3,64,glibc_default_fresh,M,10,2,1000,852.49,0.2000,0.0000,853.0,0.0,3.000,768.0,0.000,0,0,768000,3,1,0,0,0,3,1
3,f32,3,64,glibc_default_fresh,M_TWIN,11,0,1000,846.02,0.2000,0.0000,847.0,0.0,3.000,768.0,0.000,0,0,768000,3,1,0,0,0,3,1
3,f32,3,64,glibc_default_fresh,M,11,1,1000,838.55,0.2000,0.0000,840.0,0.0,3.000,768.0,0.000,0,0,768000,3,1,0,0,0,3,1
3,f32,3,64,glibc_default_fresh,R,11,2,1000,886.37,0.2000,0.0000,887.0,0.0,3.000,768.0,0.000,0,0,768000,3,0,3,1,0,3,1
3,f32,3,64,glibc_default_fresh,M,12,0,1000,809.62,0.2000,0.0000,811.0,0.0,3.000,768.0,0.000,0,0,768000,3,1,0,0,0,3,1
3,f32,3,64,glibc_default_fresh,R,12,1,1000,883.30,0.2000,0.0000,885.0,0.0,3.000,768.0,0.000,0,0,768000,3,0,3,1,0,3,1
3,f32,3,64,glibc_default_fresh,M_TWIN,12,2,1000,903.08,0.2000,0.0000,0.0,905.0,3.000,768.0,0.000,0,0,768000,3,1,0,0,0,3,1
3,f32,3,64,glibc_default_fresh,R,13,0,1000,1138.11,0.2000,0.0000,966.0,0.0,3.000,768.0,0.000,0,0,768000,3,0,3,1,0,3,1
3,f32,3,64,glibc_default_fresh,M_TWIN,13,1,1000,844.34,0.2000,0.0000,715.0,131.0,3.000,768.0,0.000,0,0,768000,3,1,0,0,0,3,1
3,f32,3,64,glibc_default_fresh,M,13,2,1000,865.20,0.2000,0.0000,866.0,0.0,3.000,768.0,0.000,0,0,768000,3,1,0,0,0,3,1
3,f32,3,64,glibc_default_fresh,M_TWIN,14,0,1000,832.79,0.2000,0.0000,835.0,0.0,3.000,768.0,0.000,0,0,768000,3,1,0,0,0,3,1
3,f32,3,64,glibc_default_fresh,M,14,1,1000,839.14,0.2000,0.0000,841.0,0.0,3.000,768.0,0.000,0,0,768000,3,1,0,0,0,3,1
3,f32,3,64,glibc_default_fresh,R,14,2,1000,895.61,0.2000,0.0000,896.0,0.0,3.000,768.0,0.000,0,0,768000,3,0,3,1,0,3,1
3,f32,3,1024,glibc_default_fresh,M,0,0,1000,4832.19,3.0150,0.0000,4413.0,442.0,3.000,12288.0,0.000,0,0,12288000,3,1,0,0,0,3,1
3,f32,3,1024,glibc_default_fresh,R,0,1,1000,5026.60,3.0120,0.0000,3066.0,1964.0,3.000,12288.0,0.000,0,0,12288000,3,0,3,1,0,3,1
3,f32,3,1024,glibc_default_fresh,M_TWIN,0,2,1000,4816.69,3.0120,0.0000,223.0,4598.0,3.000,12288.0,0.000,0,0,12288000,3,1,0,0,0,3,1
3,f32,3,1024,glibc_default_fresh,R,1,0,1000,5042.55,3.0120,0.0000,353.0,4652.0,3.000,12288.0,0.000,0,0,12288000,3,0,3,1,0,3,1
3,f32,3,1024,glibc_default_fresh,M_TWIN,1,1,1000,4812.60,3.0120,0.0000,1611.0,3204.0,3.000,12288.0,0.000,0,0,12288000,3,1,0,0,0,3,1
3,f32,3,1024,glibc_default_fresh,M,1,2,1000,4761.18,3.0120,0.0000,307.0,4457.0,3.000,12288.0,0.000,0,0,12288000,3,1,0,0,0,3,1
3,f32,3,1024,glibc_default_fresh,M_TWIN,2,0,1000,4845.41,3.0120,0.0000,0.0,4849.0,3.000,12288.0,0.000,0,0,12288000,3,1,0,0,0,3,1
3,f32,3,1024,glibc_default_fresh,M,2,1,1000,4719.10,3.0120,0.0000,266.0,4455.0,3.000,12288.0,0.000,0,0,12288000,3,1,0,0,0,3,1
3,f32,3,1024,glibc_default_fresh,R,2,2,1000,4921.54,3.0120,0.0000,376.0,4547.0,3.000,12288.0,0.000,0,0,12288000,3,0,3,1,0,3,1
3,f32,3,1024,glibc_default_fresh,M,3,0,1000,4699.38,3.0120,0.0000,4362.0,340.0,3.000,12288.0,0.000,0,0,12288000,3,1,0,0,0,3,1
3,f32,3,1024,glibc_default_fresh,R,3,1,1000,4888.62,3.0120,0.0000,2569.0,2322.0,3.000,12288.0,0.000,0,0,12288000,3,0,3,1,0,3,1
3,f32,3,1024,glibc_default_fresh,M_TWIN,3,2,1000,4896.99,3.0120,0.0000,0.0,4900.0,3.000,12288.0,0.000,0,0,12288000,3,1,0,0,0,3,1
3,f32,3,1024,glibc_default_fresh,R,4,0,1000,4996.34,3.0120,0.0000,2602.0,2397.0,3.000,12288.0,0.000,0,0,12288000,3,0,3,1,0,3,1
3,f32,3,1024,glibc_default_fresh,M_TWIN,4,1,1000,4713.42,3.0120,0.0000,305.0,4411.0,3.000,12288.0,0.000,0,0,12288000,3,1,0,0,0,3,1
3,f32,3,1024,glibc_default_fresh,M,4,2,1000,4709.87,3.0120,0.0000,4379.0,333.0,3.000,12288.0,0.000,0,0,12288000,3,1,0,0,0,3,1
3,f32,3,1024,glibc_default_fresh,M_TWIN,5,0,1000,4754.95,3.0120,0.0000,2355.0,2402.0,3.000,12288.0,0.000,0,0,12288000,3,1,0,0,0,3,1
3,f32,3,1024,glibc_default_fresh,M,5,1,1000,4789.78,3.0120,0.0000,4442.0,350.0,3.000,12288.0,0.000,0,0,12288000,3,1,0,0,0,3,1
3,f32,3,1024,glibc_default_fresh,R,5,2,1000,5898.45,3.0120,0.0000,2909.0,2993.0,3.000,12288.0,0.000,0,0,12288000,3,0,3,1,0,3,1
3,f32,3,1024,glibc_default_fresh,M,6,0,1000,4802.77,3.0120,0.0000,2343.0,2462.0,3.000,12288.0,0.000,0,0,12288000,3,1,0,0,0,3,1
3,f32,3,1024,glibc_default_fresh,R,6,1,1000,4927.40,3.0120,0.0000,443.0,4486.0,3.000,12288.0,0.000,0,0,12288000,3,0,3,1,0,3,1
3,f32,3,1024,glibc_default_fresh,M_TWIN,6,2,1000,4673.76,3.0120,0.0000,317.0,4360.0,3.000,12288.0,0.000,0,0,12288000,3,1,0,0,0,3,1
3,f32,3,1024,glibc_default_fresh,R,7,0,1000,7559.43,3.0120,0.0000,0.0,7563.0,3.000,12288.0,0.000,0,0,12288000,3,0,3,1,0,3,1
3,f32,3,1024,glibc_default_fresh,M_TWIN,7,1,1000,5025.21,3.0120,0.0000,2499.0,2531.0,3.000,12288.0,0.000,0,0,12288000,3,1,0,0,0,3,1
3,f32,3,1024,glibc_default_fresh,M,7,2,1000,5160.08,3.0120,0.0000,2569.0,2598.0,3.000,12288.0,0.000,0,0,12288000,3,1,0,0,0,3,1
3,f32,3,1024,glibc_default_fresh,M_TWIN,8,0,1000,4863.66,3.0120,0.0000,406.0,4460.0,3.000,12288.0,0.000,0,0,12288000,3,1,0,0,0,3,1
3,f32,3,1024,glibc_default_fresh,M,8,1,1000,5420.94,3.0120,0.0000,4748.0,677.0,3.000,12288.0,0.000,0,0,12288000,3,1,0,0,0,3,1
3,f32,3,1024,glibc_default_fresh,R,8,2,1000,5132.23,3.0120,0.0000,0.0,5135.0,3.000,12288.0,0.000,0,0,12288000,3,0,3,1,0,3,1
3,f32,3,1024,glibc_default_fresh,M,9,0,1000,4734.97,3.0120,0.0000,4397.0,341.0,3.000,12288.0,0.000,0,0,12288000,3,1,0,0,0,3,1
3,f32,3,1024,glibc_default_fresh,R,9,1,1000,5942.06,3.0120,0.0000,954.0,4991.0,3.000,12288.0,0.000,0,0,12288000,3,0,3,1,0,3,1
3,f32,3,1024,glibc_default_fresh,M_TWIN,9,2,1000,4756.07,3.0120,0.0000,4405.0,355.0,3.000,12288.0,0.000,0,0,12288000,3,1,0,0,0,3,1
3,f32,3,1024,glibc_default_fresh,R,10,0,1000,4934.49,3.0120,0.0000,4498.0,439.0,3.000,12288.0,0.000,0,0,12288000,3,0,3,1,0,3,1
3,f32,3,1024,glibc_default_fresh,M_TWIN,10,1,1000,4762.12,3.0120,0.0000,382.0,4383.0,3.000,12288.0,0.000,0,0,12288000,3,1,0,0,0,3,1
3,f32,3,1024,glibc_default_fresh,M,10,2,1000,4820.69,3.0120,0.0000,2340.0,2485.0,3.000,12288.0,0.000,0,0,12288000,3,1,0,0,0,3,1
3,f32,3,1024,glibc_default_fresh,M_TWIN,11,0,1000,4875.64,3.0120,0.0000,436.0,4443.0,3.000,12288.0,0.000,0,0,12288000,3,1,0,0,0,3,1
3,f32,3,1024,glibc_default_fresh,M,11,1,1000,4714.26,3.0120,0.0000,4391.0,326.0,3.000,12288.0,0.000,0,0,12288000,3,1,0,0,0,3,1
3,f32,3,1024,glibc_default_fresh,R,11,2,1000,4882.69,3.0120,0.0000,445.0,4440.0,3.000,12288.0,0.000,0,0,12288000,3,0,3,1,0,3,1
3,f32,3,1024,glibc_default_fresh,M,12,0,1000,4744.17,3.0120,0.0000,2319.0,2427.0,3.000,12288.0,0.000,0,0,12288000,3,1,0,0,0,3,1
3,f32,3,1024,glibc_default_fresh,R,12,1,1000,4915.85,3.0120,0.0000,457.0,4461.0,3.000,12288.0,0.000,0,0,12288000,3,0,3,1,0,3,1
3,f32,3,1024,glibc_default_fresh,M_TWIN,12,2,1000,4754.13,3.0120,0.0000,4757.0,0.0,3.000,12288.0,0.000,0,0,12288000,3,1,0,0,0,3,1
3,f32,3,1024,glibc_default_fresh,R,13,0,1000,4976.62,3.0120,0.0000,4531.0,449.0,3.000,12288.0,0.000,0,0,12288000,3,0,3,1,0,3,1
3,f32,3,1024,glibc_default_fresh,M_TWIN,13,1,1000,5470.81,3.0120,0.0000,770.0,4704.0,3.000,12288.0,0.000,0,0,12288000,3,1,0,0,0,3,1
3,f32,3,1024,glibc_default_fresh,M,13,2,1000,4778.24,3.0120,0.0000,4426.0,355.0,3.000,12288.0,0.000,0,0,12288000,3,1,0,0,0,3,1
3,f32,3,1024,glibc_default_fresh,M_TWIN,14,0,1000,4821.37,3.0120,0.0000,0.0,4824.0,3.000,12288.0,0.000,0,0,12288000,3,1,0,0,0,3,1
3,f32,3,1024,glibc_default_fresh,M,14,1,1000,4753.24,3.0120,0.0000,4414.0,341.0,3.000,12288.0,0.000,0,0,12288000,3,1,0,0,0,3,1
3,f32,3,1024,glibc_default_fresh,R,14,2,1000,4940.71,3.0120,0.0000,483.0,4460.0,3.000,12288.0,0.000,0,0,12288000,3,0,3,1,0,3,1
3,f32,3,4096,glibc_default_fresh,M,0,0,1,2999.00,2.0000,0.0000,16000.0,0.0,3.000,49152.0,0.000,0,0,49152,3,1,0,0,0,3,1
3,f32,3,4096,glibc_default_fresh,R,0,1,1,3537.00,0.0000,0.0000,4000.0,0.0,3.000,49152.0,0.000,0,0,49152,3,0,3,1,0,3,1
3,f32,3,4096,glibc_default_fresh,M_TWIN,0,2,1,2787.00,0.0000,0.0000,4000.0,0.0,3.000,49152.0,0.000,0,0,49152,3,1,0,0,0,3,1
3,f32,3,4096,glibc_default_fresh,R,1,0,1,3515.00,0.0000,0.0000,4000.0,0.0,3.000,49152.0,0.000,0,0,49152,3,0,3,1,0,3,1
3,f32,3,4096,glibc_default_fresh,M_TWIN,1,1,1,2749.00,0.0000,0.0000,3000.0,0.0,3.000,49152.0,0.000,0,0,49152,3,1,0,0,0,3,1
3,f32,3,4096,glibc_default_fresh,M,1,2,1,2798.00,0.0000,0.0000,3000.0,0.0,3.000,49152.0,0.000,0,0,49152,3,1,0,0,0,3,1
3,f32,3,4096,glibc_default_fresh,M_TWIN,2,0,1,2694.00,0.0000,0.0000,4000.0,0.0,3.000,49152.0,0.000,0,0,49152,3,1,0,0,0,3,1
3,f32,3,4096,glibc_default_fresh,M,2,1,1,2700.00,0.0000,0.0000,3000.0,0.0,3.000,49152.0,0.000,0,0,49152,3,1,0,0,0,3,1
3,f32,3,4096,glibc_default_fresh,R,2,2,1,3403.00,0.0000,0.0000,3000.0,0.0,3.000,49152.0,0.000,0,0,49152,3,0,3,1,0,3,1
3,f32,3,4096,glibc_default_fresh,M,3,0,1,2739.00,0.0000,0.0000,3000.0,0.0,3.000,49152.0,0.000,0,0,49152,3,1,0,0,0,3,1
3,f32,3,4096,glibc_default_fresh,R,3,1,1,3431.00,0.0000,0.0000,4000.0,0.0,3.000,49152.0,0.000,0,0,49152,3,0,3,1,0,3,1
3,f32,3,4096,glibc_default_fresh,M_TWIN,3,2,1,2656.00,0.0000,0.0000,3000.0,0.0,3.000,49152.0,0.000,0,0,49152,3,1,0,0,0,3,1
3,f32,3,4096,glibc_default_fresh,R,4,0,1,3442.00,0.0000,0.0000,4000.0,0.0,3.000,49152.0,0.000,0,0,49152,3,0,3,1,0,3,1
3,f32,3,4096,glibc_default_fresh,M_TWIN,4,1,1,2705.00,0.0000,0.0000,3000.0,0.0,3.000,49152.0,0.000,0,0,49152,3,1,0,0,0,3,1
3,f32,3,4096,glibc_default_fresh,M,4,2,1,2928.00,0.0000,0.0000,3000.0,0.0,3.000,49152.0,0.000,0,0,49152,3,1,0,0,0,3,1
3,f32,3,4096,glibc_default_fresh,M_TWIN,5,0,1,2863.00,0.0000,0.0000,4000.0,0.0,3.000,49152.0,0.000,0,0,49152,3,1,0,0,0,3,1
3,f32,3,4096,glibc_default_fresh,M,5,1,1,2755.00,0.0000,0.0000,4000.0,0.0,3.000,49152.0,0.000,0,0,49152,3,1,0,0,0,3,1
3,f32,3,4096,glibc_default_fresh,R,5,2,1,3534.00,0.0000,0.0000,4000.0,0.0,3.000,49152.0,0.000,0,0,49152,3,0,3,1,0,3,1
3,f32,3,4096,glibc_default_fresh,M,6,0,1,2765.00,0.0000,0.0000,3000.0,0.0,3.000,49152.0,0.000,0,0,49152,3,1,0,0,0,3,1
3,f32,3,4096,glibc_default_fresh,R,6,1,1,3461.00,0.0000,0.0000,4000.0,0.0,3.000,49152.0,0.000,0,0,49152,3,0,3,1,0,3,1
3,f32,3,4096,glibc_default_fresh,M_TWIN,6,2,1,2749.00,0.0000,0.0000,3000.0,0.0,3.000,49152.0,0.000,0,0,49152,3,1,0,0,0,3,1
3,f32,3,4096,glibc_default_fresh,R,7,0,1,3416.00,0.0000,0.0000,4000.0,0.0,3.000,49152.0,0.000,0,0,49152,3,0,3,1,0,3,1
3,f32,3,4096,glibc_default_fresh,M_TWIN,7,1,1,2765.00,0.0000,0.0000,3000.0,0.0,3.000,49152.0,0.000,0,0,49152,3,1,0,0,0,3,1
3,f32,3,4096,glibc_default_fresh,M,7,2,1,2781.00,0.0000,0.0000,3000.0,0.0,3.000,49152.0,0.000,0,0,49152,3,1,0,0,0,3,1
3,f32,3,4096,glibc_default_fresh,M_TWIN,8,0,1,2691.00,0.0000,0.0000,3000.0,0.0,3.000,49152.0,0.000,0,0,49152,3,1,0,0,0,3,1
3,f32,3,4096,glibc_default_fresh,M,8,1,1,2703.00,0.0000,0.0000,3000.0,0.0,3.000,49152.0,0.000,0,0,49152,3,1,0,0,0,3,1
3,f32,3,4096,glibc_default_fresh,R,8,2,1,3467.00,0.0000,0.0000,4000.0,0.0,3.000,49152.0,0.000,0,0,49152,3,0,3,1,0,3,1
3,f32,3,4096,glibc_default_fresh,M,9,0,1,2737.00,0.0000,0.0000,3000.0,0.0,3.000,49152.0,0.000,0,0,49152,3,1,0,0,0,3,1
3,f32,3,4096,glibc_default_fresh,R,9,1,1,3489.00,0.0000,0.0000,4000.0,0.0,3.000,49152.0,0.000,0,0,49152,3,0,3,1,0,3,1
3,f32,3,4096,glibc_default_fresh,M_TWIN,9,2,1,3085.00,0.0000,0.0000,3000.0,0.0,3.000,49152.0,0.000,0,0,49152,3,1,0,0,0,3,1
3,f32,3,4096,glibc_default_fresh,R,10,0,1,3633.00,0.0000,0.0000,4000.0,0.0,3.000,49152.0,0.000,0,0,49152,3,0,3,1,0,3,1
3,f32,3,4096,glibc_default_fresh,M_TWIN,10,1,1,3608.00,0.0000,0.0000,4000.0,0.0,3.000,49152.0,0.000,0,0,49152,3,1,0,0,0,3,1
3,f32,3,4096,glibc_default_fresh,M,10,2,1,2722.00,0.0000,0.0000,4000.0,0.0,3.000,49152.0,0.000,0,0,49152,3,1,0,0,0,3,1
3,f32,3,4096,glibc_default_fresh,M_TWIN,11,0,1,2707.00,0.0000,0.0000,3000.0,0.0,3.000,49152.0,0.000,0,0,49152,3,1,0,0,0,3,1
3,f32,3,4096,glibc_default_fresh,M,11,1,1,2768.00,0.0000,0.0000,3000.0,0.0,3.000,49152.0,0.000,0,0,49152,3,1,0,0,0,3,1
3,f32,3,4096,glibc_default_fresh,R,11,2,1,3537.00,0.0000,0.0000,4000.0,0.0,3.000,49152.0,0.000,0,0,49152,3,0,3,1,0,3,1
3,f32,3,4096,glibc_default_fresh,M,12,0,1,2727.00,0.0000,0.0000,3000.0,0.0,3.000,49152.0,0.000,0,0,49152,3,1,0,0,0,3,1
3,f32,3,4096,glibc_default_fresh,R,12,1,1,3410.00,0.0000,0.0000,4000.0,0.0,3.000,49152.0,0.000,0,0,49152,3,0,3,1,0,3,1
3,f32,3,4096,glibc_default_fresh,M_TWIN,12,2,1,2751.00,0.0000,0.0000,3000.0,0.0,3.000,49152.0,0.000,0,0,49152,3,1,0,0,0,3,1
3,f32,3,4096,glibc_default_fresh,R,13,0,1,3474.00,0.0000,0.0000,4000.0,0.0,3.000,49152.0,0.000,0,0,49152,3,0,3,1,0,3,1
3,f32,3,4096,glibc_default_fresh,M_TWIN,13,1,1,2815.00,0.0000,0.0000,3000.0,0.0,3.000,49152.0,0.000,0,0,49152,3,1,0,0,0,3,1
3,f32,3,4096,glibc_default_fresh,M,13,2,1,2735.00,0.0000,0.0000,3000.0,0.0,3.000,49152.0,0.000,0,0,49152,3,1,0,0,0,3,1
3,f32,3,4096,glibc_default_fresh,M_TWIN,14,0,1,2708.00,0.0000,0.0000,3000.0,0.0,3.000,49152.0,0.000,0,0,49152,3,1,0,0,0,3,1
3,f32,3,4096,glibc_default_fresh,M,14,1,1,2720.00,0.0000,0.0000,3000.0,0.0,3.000,49152.0,0.000,0,0,49152,3,1,0,0,0,3,1
3,f32,3,4096,glibc_default_fresh,R,14,2,1,3434.00,0.0000,0.0000,4000.0,0.0,3.000,49152.0,0.000,0,0,49152,3,0,3,1,0,3,1
3,f32,3,16384,glibc_default_fresh,M,0,0,1,13554.00,2.0000,0.0000,35000.0,0.0,3.000,196608.0,0.000,0,0,196608,3,1,0,0,0,3,1
3,f32,3,16384,glibc_default_fresh,R,0,1,1,16018.00,0.0000,0.0000,16000.0,0.0,3.000,196608.0,0.000,0,0,196608,3,0,3,1,0,3,1
3,f32,3,16384,glibc_default_fresh,M_TWIN,0,2,1,11040.00,0.0000,0.0000,12000.0,0.0,3.000,196608.0,0.000,0,0,196608,3,1,0,0,0,3,1
3,f32,3,16384,glibc_default_fresh,R,1,0,1,14297.00,0.0000,0.0000,15000.0,0.0,3.000,196608.0,0.000,0,0,196608,3,0,3,1,0,3,1
3,f32,3,16384,glibc_default_fresh,M_TWIN,1,1,1,11152.00,0.0000,0.0000,12000.0,0.0,3.000,196608.0,0.000,0,0,196608,3,1,0,0,0,3,1
3,f32,3,16384,glibc_default_fresh,M,1,2,1,11172.00,0.0000,0.0000,12000.0,0.0,3.000,196608.0,0.000,0,0,196608,3,1,0,0,0,3,1
3,f32,3,16384,glibc_default_fresh,M_TWIN,2,0,1,12268.00,0.0000,0.0000,14000.0,0.0,3.000,196608.0,0.000,0,0,196608,3,1,0,0,0,3,1
3,f32,3,16384,glibc_default_fresh,M,2,1,1,11853.00,0.0000,0.0000,12000.0,0.0,3.000,196608.0,0.000,0,0,196608,3,1,0,0,0,3,1
3,f32,3,16384,glibc_default_fresh,R,2,2,1,12825.00,0.0000,0.0000,13000.0,0.0,3.000,196608.0,0.000,0,0,196608,3,0,3,1,0,3,1
3,f32,3,16384,glibc_default_fresh,M,3,0,1,12561.00,0.0000,0.0000,13000.0,0.0,3.000,196608.0,0.000,0,0,196608,3,1,0,0,0,3,1
3,f32,3,16384,glibc_default_fresh,R,3,1,1,13478.00,0.0000,0.0000,14000.0,0.0,3.000,196608.0,0.000,0,0,196608,3,0,3,1,0,3,1
3,f32,3,16384,glibc_default_fresh,M_TWIN,3,2,1,12220.00,0.0000,0.0000,14000.0,0.0,3.000,196608.0,0.000,0,0,196608,3,1,0,0,0,3,1
3,f32,3,16384,glibc_default_fresh,R,4,0,1,15731.00,0.0000,0.0000,16000.0,0.0,3.000,196608.0,0.000,0,0,196608,3,0,3,1,0,3,1
3,f32,3,16384,glibc_default_fresh,M_TWIN,4,1,1,12391.00,0.0000,0.0000,13000.0,0.0,3.000,196608.0,0.000,0,0,196608,3,1,0,0,0,3,1
3,f32,3,16384,glibc_default_fresh,M,4,2,1,12234.00,0.0000,0.0000,13000.0,0.0,3.000,196608.0,0.000,0,0,196608,3,1,0,0,0,3,1
3,f32,3,16384,glibc_default_fresh,M_TWIN,5,0,1,11736.00,0.0000,0.0000,12000.0,0.0,3.000,196608.0,0.000,0,0,196608,3,1,0,0,0,3,1
3,f32,3,16384,glibc_default_fresh,M,5,1,1,11540.00,0.0000,0.0000,12000.0,0.0,3.000,196608.0,0.000,0,0,196608,3,1,0,0,0,3,1
3,f32,3,16384,glibc_default_fresh,R,5,2,1,17347.00,0.0000,0.0000,18000.0,0.0,3.000,196608.0,0.000,0,0,196608,3,0,3,1,0,3,1
3,f32,3,16384,glibc_default_fresh,M,6,0,1,9167.00,0.0000,0.0000,10000.0,0.0,3.000,196608.0,0.000,0,0,196608,3,1,0,0,0,3,1
3,f32,3,16384,glibc_default_fresh,R,6,1,1,11349.00,0.0000,0.0000,11000.0,0.0,3.000,196608.0,0.000,0,0,196608,3,0,3,1,0,3,1
3,f32,3,16384,glibc_default_fresh,M_TWIN,6,2,1,9287.00,0.0000,0.0000,10000.0,0.0,3.000,196608.0,0.000,0,0,196608,3,1,0,0,0,3,1
3,f32,3,16384,glibc_default_fresh,R,7,0,1,11328.00,0.0000,0.0000,12000.0,0.0,3.000,196608.0,0.000,0,0,196608,3,0,3,1,0,3,1
3,f32,3,16384,glibc_default_fresh,M_TWIN,7,1,1,9190.00,0.0000,0.0000,10000.0,0.0,3.000,196608.0,0.000,0,0,196608,3,1,0,0,0,3,1
3,f32,3,16384,glibc_default_fresh,M,7,2,1,9069.00,0.0000,0.0000,9000.0,0.0,3.000,196608.0,0.000,0,0,196608,3,1,0,0,0,3,1
3,f32,3,16384,glibc_default_fresh,M_TWIN,8,0,1,12073.00,0.0000,0.0000,13000.0,0.0,3.000,196608.0,0.000,0,0,196608,3,1,0,0,0,3,1
3,f32,3,16384,glibc_default_fresh,M,8,1,1,9311.00,0.0000,0.0000,10000.0,0.0,3.000,196608.0,0.000,0,0,196608,3,1,0,0,0,3,1
3,f32,3,16384,glibc_default_fresh,R,8,2,1,11394.00,0.0000,0.0000,12000.0,0.0,3.000,196608.0,0.000,0,0,196608,3,0,3,1,0,3,1
3,f32,3,16384,glibc_default_fresh,M,9,0,1,9095.00,0.0000,0.0000,9000.0,0.0,3.000,196608.0,0.000,0,0,196608,3,1,0,0,0,3,1
3,f32,3,16384,glibc_default_fresh,R,9,1,1,13906.00,0.0000,0.0000,15000.0,0.0,3.000,196608.0,0.000,0,0,196608,3,0,3,1,0,3,1
3,f32,3,16384,glibc_default_fresh,M_TWIN,9,2,1,11449.00,0.0000,0.0000,12000.0,0.0,3.000,196608.0,0.000,0,0,196608,3,1,0,0,0,3,1
3,f32,3,16384,glibc_default_fresh,R,10,0,1,12272.00,0.0000,0.0000,13000.0,0.0,3.000,196608.0,0.000,0,0,196608,3,0,3,1,0,3,1
3,f32,3,16384,glibc_default_fresh,M_TWIN,10,1,1,11277.00,0.0000,0.0000,12000.0,0.0,3.000,196608.0,0.000,0,0,196608,3,1,0,0,0,3,1
3,f32,3,16384,glibc_default_fresh,M,10,2,1,11964.00,0.0000,0.0000,13000.0,0.0,3.000,196608.0,0.000,0,0,196608,3,1,0,0,0,3,1
3,f32,3,16384,glibc_default_fresh,M_TWIN,11,0,1,33938.00,0.0000,0.0000,35000.0,0.0,3.000,196608.0,0.000,0,0,196608,3,1,0,0,0,3,1
3,f32,3,16384,glibc_default_fresh,M,11,1,1,11309.00,0.0000,0.0000,12000.0,0.0,3.000,196608.0,0.000,0,0,196608,3,1,0,0,0,3,1
3,f32,3,16384,glibc_default_fresh,R,11,2,1,13632.00,0.0000,0.0000,14000.0,0.0,3.000,196608.0,0.000,0,0,196608,3,0,3,1,0,3,1
3,f32,3,16384,glibc_default_fresh,M,12,0,1,11620.00,0.0000,0.0000,13000.0,0.0,3.000,196608.0,0.000,0,0,196608,3,1,0,0,0,3,1
3,f32,3,16384,glibc_default_fresh,R,12,1,1,15330.00,0.0000,0.0000,16000.0,0.0,3.000,196608.0,0.000,0,0,196608,3,0,3,1,0,3,1
3,f32,3,16384,glibc_default_fresh,M_TWIN,12,2,1,11719.00,0.0000,0.0000,13000.0,0.0,3.000,196608.0,0.000,0,0,196608,3,1,0,0,0,3,1
3,f32,3,16384,glibc_default_fresh,R,13,0,1,11361.00,0.0000,0.0000,12000.0,0.0,3.000,196608.0,0.000,0,0,196608,3,0,3,1,0,3,1
3,f32,3,16384,glibc_default_fresh,M_TWIN,13,1,1,11086.00,0.0000,0.0000,12000.0,0.0,3.000,196608.0,0.000,0,0,196608,3,1,0,0,0,3,1
3,f32,3,16384,glibc_default_fresh,M,13,2,1,11160.00,0.0000,0.0000,12000.0,0.0,3.000,196608.0,0.000,0,0,196608,3,1,0,0,0,3,1
3,f32,3,16384,glibc_default_fresh,M_TWIN,14,0,1,47875.00,0.0000,0.0000,48000.0,0.0,3.000,196608.0,0.000,0,0,196608,3,1,0,0,0,3,1
3,f32,3,16384,glibc_default_fresh,M,14,1,1,12560.00,0.0000,0.0000,13000.0,0.0,3.000,196608.0,0.000,0,0,196608,3,1,0,0,0,3,1
3,f32,3,16384,glibc_default_fresh,R,14,2,1,15132.00,0.0000,0.0000,15000.0,0.0,3.000,196608.0,0.000,0,0,196608,3,0,3,1,0,3,1
3,f32,3,65536,glibc_default_fresh,M,0,0,1,60516.00,2.0000,0.0000,37000.0,37000.0,3.000,786432.0,0.000,0,0,786432,3,1,0,0,0,3,1
3,f32,3,65536,glibc_default_fresh,R,0,1,1,50178.00,0.0000,0.0000,26000.0,26000.0,3.000,786432.0,0.000,0,0,786432,3,0,3,1,0,3,1
3,f32,3,65536,glibc_default_fresh,M_TWIN,0,2,1,54820.00,0.0000,0.0000,28000.0,28000.0,3.000,786432.0,0.000,0,0,786432,3,1,0,0,0,3,1
3,f32,3,65536,glibc_default_fresh,R,1,0,1,51049.00,0.0000,0.0000,26000.0,26000.0,3.000,786432.0,0.000,0,0,786432,3,0,3,1,0,3,1
3,f32,3,65536,glibc_default_fresh,M_TWIN,1,1,1,52666.00,0.0000,0.0000,54000.0,0.0,3.000,786432.0,0.000,0,0,786432,3,1,0,0,0,3,1
3,f32,3,65536,glibc_default_fresh,M,1,2,1,52711.00,0.0000,0.0000,54000.0,0.0,3.000,786432.0,0.000,0,0,786432,3,1,0,0,0,3,1
3,f32,3,65536,glibc_default_fresh,M_TWIN,2,0,1,54526.00,0.0000,0.0000,56000.0,0.0,3.000,786432.0,0.000,0,0,786432,3,1,0,0,0,3,1
3,f32,3,65536,glibc_default_fresh,M,2,1,1,52977.00,0.0000,0.0000,54000.0,0.0,3.000,786432.0,0.000,0,0,786432,3,1,0,0,0,3,1
3,f32,3,65536,glibc_default_fresh,R,2,2,1,64572.00,0.0000,0.0000,67000.0,0.0,3.000,786432.0,0.000,0,0,786432,3,0,3,1,0,3,1
3,f32,3,65536,glibc_default_fresh,M,3,0,1,85060.00,0.0000,0.0000,86000.0,0.0,3.000,786432.0,0.000,0,0,786432,3,1,0,0,0,3,1
3,f32,3,65536,glibc_default_fresh,R,3,1,1,49708.00,0.0000,0.0000,50000.0,0.0,3.000,786432.0,0.000,0,0,786432,3,0,3,1,0,3,1
3,f32,3,65536,glibc_default_fresh,M_TWIN,3,2,1,52246.00,0.0000,0.0000,53000.0,0.0,3.000,786432.0,0.000,0,0,786432,3,1,0,0,0,3,1
3,f32,3,65536,glibc_default_fresh,R,4,0,1,62594.00,0.0000,0.0000,64000.0,0.0,3.000,786432.0,0.000,0,0,786432,3,0,3,1,0,3,1
3,f32,3,65536,glibc_default_fresh,M_TWIN,4,1,1,54536.00,0.0000,0.0000,56000.0,0.0,3.000,786432.0,0.000,0,0,786432,3,1,0,0,0,3,1
3,f32,3,65536,glibc_default_fresh,M,4,2,1,58304.00,0.0000,0.0000,60000.0,0.0,3.000,786432.0,0.000,0,0,786432,3,1,0,0,0,3,1
3,f32,3,65536,glibc_default_fresh,M_TWIN,5,0,1,53020.00,0.0000,0.0000,54000.0,0.0,3.000,786432.0,0.000,0,0,786432,3,1,0,0,0,3,1
3,f32,3,65536,glibc_default_fresh,M,5,1,1,83525.00,0.0000,0.0000,86000.0,0.0,3.000,786432.0,0.000,0,0,786432,3,1,0,0,0,3,1
3,f32,3,65536,glibc_default_fresh,R,5,2,1,54958.00,0.0000,0.0000,57000.0,0.0,3.000,786432.0,0.000,0,0,786432,3,0,3,1,0,3,1
3,f32,3,65536,glibc_default_fresh,M,6,0,1,52963.00,0.0000,0.0000,54000.0,0.0,3.000,786432.0,0.000,0,0,786432,3,1,0,0,0,3,1
3,f32,3,65536,glibc_default_fresh,R,6,1,1,50928.00,0.0000,0.0000,53000.0,0.0,3.000,786432.0,0.000,0,0,786432,3,0,3,1,0,3,1
3,f32,3,65536,glibc_default_fresh,M_TWIN,6,2,1,52544.00,0.0000,0.0000,53000.0,0.0,3.000,786432.0,0.000,0,0,786432,3,1,0,0,0,3,1
3,f32,3,65536,glibc_default_fresh,R,7,0,1,51069.00,0.0000,0.0000,52000.0,0.0,3.000,786432.0,0.000,0,0,786432,3,0,3,1,0,3,1
3,f32,3,65536,glibc_default_fresh,M_TWIN,7,1,1,52377.00,0.0000,0.0000,54000.0,0.0,3.000,786432.0,0.000,0,0,786432,3,1,0,0,0,3,1
3,f32,3,65536,glibc_default_fresh,M,7,2,1,61989.00,0.0000,0.0000,64000.0,0.0,3.000,786432.0,0.000,0,0,786432,3,1,0,0,0,3,1
3,f32,3,65536,glibc_default_fresh,M_TWIN,8,0,1,53247.00,0.0000,0.0000,54000.0,0.0,3.000,786432.0,0.000,0,0,786432,3,1,0,0,0,3,1
3,f32,3,65536,glibc_default_fresh,M,8,1,1,64621.00,0.0000,0.0000,66000.0,0.0,3.000,786432.0,0.000,0,0,786432,3,1,0,0,0,3,1
3,f32,3,65536,glibc_default_fresh,R,8,2,1,58450.00,0.0000,0.0000,60000.0,0.0,3.000,786432.0,0.000,0,0,786432,3,0,3,1,0,3,1
3,f32,3,65536,glibc_default_fresh,M,9,0,1,52359.00,0.0000,0.0000,53000.0,0.0,3.000,786432.0,0.000,0,0,786432,3,1,0,0,0,3,1
3,f32,3,65536,glibc_default_fresh,R,9,1,1,62840.00,0.0000,0.0000,64000.0,0.0,3.000,786432.0,0.000,0,0,786432,3,0,3,1,0,3,1
3,f32,3,65536,glibc_default_fresh,M_TWIN,9,2,1,52357.00,0.0000,0.0000,53000.0,0.0,3.000,786432.0,0.000,0,0,786432,3,1,0,0,0,3,1
3,f32,3,65536,glibc_default_fresh,R,10,0,1,49782.00,0.0000,0.0000,51000.0,0.0,3.000,786432.0,0.000,0,0,786432,3,0,3,1,0,3,1
3,f32,3,65536,glibc_default_fresh,M_TWIN,10,1,1,53315.00,0.0000,0.0000,55000.0,0.0,3.000,786432.0,0.000,0,0,786432,3,1,0,0,0,3,1
3,f32,3,65536,glibc_default_fresh,M,10,2,1,54004.00,0.0000,0.0000,56000.0,0.0,3.000,786432.0,0.000,0,0,786432,3,1,0,0,0,3,1
3,f32,3,65536,glibc_default_fresh,M_TWIN,11,0,1,52569.00,0.0000,0.0000,53000.0,0.0,3.000,786432.0,0.000,0,0,786432,3,1,0,0,0,3,1
3,f32,3,65536,glibc_default_fresh,M,11,1,1,52708.00,0.0000,0.0000,54000.0,0.0,3.000,786432.0,0.000,0,0,786432,3,1,0,0,0,3,1
3,f32,3,65536,glibc_default_fresh,R,11,2,1,67854.00,0.0000,0.0000,69000.0,0.0,3.000,786432.0,0.000,0,0,786432,3,0,3,1,0,3,1
3,f32,3,65536,glibc_default_fresh,M,12,0,1,52241.00,0.0000,0.0000,53000.0,0.0,3.000,786432.0,0.000,0,0,786432,3,1,0,0,0,3,1
3,f32,3,65536,glibc_default_fresh,R,12,1,1,49878.00,0.0000,0.0000,51000.0,0.0,3.000,786432.0,0.000,0,0,786432,3,0,3,1,0,3,1
3,f32,3,65536,glibc_default_fresh,M_TWIN,12,2,1,54236.00,0.0000,0.0000,55000.0,0.0,3.000,786432.0,0.000,0,0,786432,3,1,0,0,0,3,1
3,f32,3,65536,glibc_default_fresh,R,13,0,1,50144.00,0.0000,0.0000,51000.0,0.0,3.000,786432.0,0.000,0,0,786432,3,0,3,1,0,3,1
3,f32,3,65536,glibc_default_fresh,M_TWIN,13,1,1,71119.00,0.0000,0.0000,72000.0,0.0,3.000,786432.0,0.000,0,0,786432,3,1,0,0,0,3,1
3,f32,3,65536,glibc_default_fresh,M,13,2,1,52820.00,0.0000,0.0000,53000.0,0.0,3.000,786432.0,0.000,0,0,786432,3,1,0,0,0,3,1
3,f32,3,65536,glibc_default_fresh,M_TWIN,14,0,1,53291.00,0.0000,0.0000,55000.0,0.0,3.000,786432.0,0.000,0,0,786432,3,1,0,0,0,3,1
3,f32,3,65536,glibc_default_fresh,M,14,1,1,59496.00,0.0000,0.0000,61000.0,0.0,3.000,786432.0,0.000,0,0,786432,3,1,0,0,0,3,1
3,f32,3,65536,glibc_default_fresh,R,14,2,1,49633.00,0.0000,0.0000,51000.0,0.0,3.000,786432.0,0.000,0,0,786432,3,0,3,1,0,3,1
3,f32,3,262144,glibc_default_fresh,M,0,0,1,510420.00,3.0000,0.0000,541000.0,0.0,3.000,3145728.0,0.000,0,0,3145728,3,1,0,0,0,3,1
3,f32,3,262144,glibc_default_fresh,R,0,1,1,542021.00,0.0000,0.0000,547000.0,0.0,3.000,3145728.0,0.000,0,0,3145728,3,0,3,1,0,3,1
3,f32,3,262144,glibc_default_fresh,M_TWIN,0,2,1,474902.00,0.0000,0.0000,480000.0,0.0,3.000,3145728.0,0.000,0,0,3145728,3,1,0,0,0,3,1
3,f32,3,262144,glibc_default_fresh,R,1,0,1,549342.00,0.0000,0.0000,554000.0,0.0,3.000,3145728.0,0.000,0,0,3145728,3,0,3,1,0,3,1
3,f32,3,262144,glibc_default_fresh,M_TWIN,1,1,1,497273.00,0.0000,0.0000,502000.0,0.0,3.000,3145728.0,0.000,0,0,3145728,3,1,0,0,0,3,1
3,f32,3,262144,glibc_default_fresh,M,1,2,1,488296.00,0.0000,0.0000,493000.0,0.0,3.000,3145728.0,0.000,0,0,3145728,3,1,0,0,0,3,1
3,f32,3,262144,glibc_default_fresh,M_TWIN,2,0,1,470669.00,0.0000,0.0000,475000.0,0.0,3.000,3145728.0,0.000,0,0,3145728,3,1,0,0,0,3,1
3,f32,3,262144,glibc_default_fresh,M,2,1,1,502046.00,0.0000,0.0000,507000.0,0.0,3.000,3145728.0,0.000,0,0,3145728,3,1,0,0,0,3,1
3,f32,3,262144,glibc_default_fresh,R,2,2,1,584094.00,0.0000,0.0000,588000.0,0.0,3.000,3145728.0,0.000,0,0,3145728,3,0,3,1,0,3,1
3,f32,3,262144,glibc_default_fresh,M,3,0,1,492607.00,0.0000,0.0000,496000.0,0.0,3.000,3145728.0,0.000,0,0,3145728,3,1,0,0,0,3,1
3,f32,3,262144,glibc_default_fresh,R,3,1,1,512703.00,0.0000,0.0000,517000.0,0.0,3.000,3145728.0,0.000,0,0,3145728,3,0,3,1,0,3,1
3,f32,3,262144,glibc_default_fresh,M_TWIN,3,2,1,503327.00,0.0000,0.0000,508000.0,0.0,3.000,3145728.0,0.000,0,0,3145728,3,1,0,0,0,3,1
3,f32,3,262144,glibc_default_fresh,R,4,0,1,553522.00,0.0000,0.0000,561000.0,0.0,3.000,3145728.0,0.000,0,0,3145728,3,0,3,1,0,3,1
3,f32,3,262144,glibc_default_fresh,M_TWIN,4,1,1,461425.00,0.0000,0.0000,466000.0,0.0,3.000,3145728.0,0.000,0,0,3145728,3,1,0,0,0,3,1
3,f32,3,262144,glibc_default_fresh,M,4,2,1,454883.00,0.0000,0.0000,459000.0,0.0,3.000,3145728.0,0.000,0,0,3145728,3,1,0,0,0,3,1
3,f32,3,262144,glibc_default_fresh,M_TWIN,5,0,1,445346.00,0.0000,0.0000,449000.0,0.0,3.000,3145728.0,0.000,0,0,3145728,3,1,0,0,0,3,1
3,f32,3,262144,glibc_default_fresh,M,5,1,1,484348.00,0.0000,0.0000,489000.0,0.0,3.000,3145728.0,0.000,0,0,3145728,3,1,0,0,0,3,1
3,f32,3,262144,glibc_default_fresh,R,5,2,1,504299.00,0.0000,0.0000,509000.0,0.0,3.000,3145728.0,0.000,0,0,3145728,3,0,3,1,0,3,1
3,f32,3,262144,glibc_default_fresh,M,6,0,1,483018.00,0.0000,0.0000,487000.0,0.0,3.000,3145728.0,0.000,0,0,3145728,3,1,0,0,0,3,1
3,f32,3,262144,glibc_default_fresh,R,6,1,1,516551.00,0.0000,0.0000,522000.0,0.0,3.000,3145728.0,0.000,0,0,3145728,3,0,3,1,0,3,1
3,f32,3,262144,glibc_default_fresh,M_TWIN,6,2,1,489228.00,0.0000,0.0000,494000.0,0.0,3.000,3145728.0,0.000,0,0,3145728,3,1,0,0,0,3,1
3,f32,3,262144,glibc_default_fresh,R,7,0,1,558489.00,0.0000,0.0000,563000.0,0.0,3.000,3145728.0,0.000,0,0,3145728,3,0,3,1,0,3,1
3,f32,3,262144,glibc_default_fresh,M_TWIN,7,1,1,497368.00,0.0000,0.0000,504000.0,0.0,3.000,3145728.0,0.000,0,0,3145728,3,1,0,0,0,3,1
3,f32,3,262144,glibc_default_fresh,M,7,2,1,500226.00,0.0000,0.0000,505000.0,0.0,3.000,3145728.0,0.000,0,0,3145728,3,1,0,0,0,3,1
3,f32,3,262144,glibc_default_fresh,M_TWIN,8,0,1,514176.00,0.0000,0.0000,519000.0,0.0,3.000,3145728.0,0.000,0,0,3145728,3,1,0,0,0,3,1
3,f32,3,262144,glibc_default_fresh,M,8,1,1,481159.00,0.0000,0.0000,486000.0,0.0,3.000,3145728.0,0.000,0,0,3145728,3,1,0,0,0,3,1
3,f32,3,262144,glibc_default_fresh,R,8,2,1,548886.00,0.0000,0.0000,553000.0,0.0,3.000,3145728.0,0.000,0,0,3145728,3,0,3,1,0,3,1
3,f32,3,262144,glibc_default_fresh,M,9,0,1,457962.00,0.0000,0.0000,462000.0,0.0,3.000,3145728.0,0.000,0,0,3145728,3,1,0,0,0,3,1
3,f32,3,262144,glibc_default_fresh,R,9,1,1,522088.00,0.0000,0.0000,527000.0,0.0,3.000,3145728.0,0.000,0,0,3145728,3,0,3,1,0,3,1
3,f32,3,262144,glibc_default_fresh,M_TWIN,9,2,1,537372.00,0.0000,0.0000,541000.0,0.0,3.000,3145728.0,0.000,0,0,3145728,3,1,0,0,0,3,1
3,f32,3,262144,glibc_default_fresh,R,10,0,1,531915.00,0.0000,0.0000,536000.0,0.0,3.000,3145728.0,0.000,0,0,3145728,3,0,3,1,0,3,1
3,f32,3,262144,glibc_default_fresh,M_TWIN,10,1,1,485739.00,0.0000,0.0000,490000.0,0.0,3.000,3145728.0,0.000,0,0,3145728,3,1,0,0,0,3,1
3,f32,3,262144,glibc_default_fresh,M,10,2,1,503727.00,0.0000,0.0000,508000.0,0.0,3.000,3145728.0,0.000,0,0,3145728,3,1,0,0,0,3,1
3,f32,3,262144,glibc_default_fresh,M_TWIN,11,0,1,428426.00,0.0000,0.0000,434000.0,0.0,3.000,3145728.0,0.000,0,0,3145728,3,1,0,0,0,3,1
3,f32,3,262144,glibc_default_fresh,M,11,1,1,445875.00,0.0000,0.0000,448000.0,0.0,3.000,3145728.0,0.000,0,0,3145728,3,1,0,0,0,3,1
3,f32,3,262144,glibc_default_fresh,R,11,2,1,456877.00,0.0000,0.0000,459000.0,0.0,3.000,3145728.0,0.000,0,0,3145728,3,0,3,1,0,3,1
3,f32,3,262144,glibc_default_fresh,M,12,0,1,432554.00,0.0000,0.0000,435000.0,0.0,3.000,3145728.0,0.000,0,0,3145728,3,1,0,0,0,3,1
3,f32,3,262144,glibc_default_fresh,R,12,1,1,477059.00,0.0000,0.0000,480000.0,0.0,3.000,3145728.0,0.000,0,0,3145728,3,0,3,1,0,3,1
3,f32,3,262144,glibc_default_fresh,M_TWIN,12,2,1,447374.00,0.0000,0.0000,451000.0,0.0,3.000,3145728.0,0.000,0,0,3145728,3,1,0,0,0,3,1
3,f32,3,262144,glibc_default_fresh,R,13,0,1,457869.00,0.0000,0.0000,459000.0,0.0,3.000,3145728.0,0.000,0,0,3145728,3,0,3,1,0,3,1
3,f32,3,262144,glibc_default_fresh,M_TWIN,13,1,1,493325.00,0.0000,0.0000,497000.0,0.0,3.000,3145728.0,0.000,0,0,3145728,3,1,0,0,0,3,1
3,f32,3,262144,glibc_default_fresh,M,13,2,1,433822.00,0.0000,0.0000,437000.0,0.0,3.000,3145728.0,0.000,0,0,3145728,3,1,0,0,0,3,1
3,f32,3,262144,glibc_default_fresh,M_TWIN,14,0,1,431235.00,0.0000,0.0000,433000.0,0.0,3.000,3145728.0,0.000,0,0,3145728,3,1,0,0,0,3,1
3,f32,3,262144,glibc_default_fresh,M,14,1,1,465669.00,0.0000,0.0000,468000.0,0.0,3.000,3145728.0,0.000,0,0,3145728,3,1,0,0,0,3,1
3,f32,3,262144,glibc_default_fresh,R,14,2,1,500733.00,0.0000,0.0000,506000.0,0.0,3.000,3145728.0,0.000,0,0,3145728,3,0,3,1,0,3,1
3,f32,3,1048576,glibc_default_fresh,M,0,0,1,1772111.00,2.0000,0.0000,1060000.0,735000.0,3.000,12582912.0,0.000,0,0,12582912,3,1,0,0,0,3,1
3,f32,3,1048576,glibc_default_fresh,R,0,1,1,1883762.00,0.0000,0.0000,1688000.0,200000.0,3.000,12582912.0,0.000,0,0,12582912,3,0,3,1,0,3,1
3,f32,3,1048576,glibc_default_fresh,M_TWIN,0,2,1,1804454.00,0.0000,0.0000,1694000.0,114000.0,3.000,12582912.0,0.000,0,0,12582912,3,1,0,0,0,3,1
3,f32,3,1048576,glibc_default_fresh,R,1,0,1,1966385.00,0.0000,0.0000,1969000.0,0.0,3.000,12582912.0,0.000,0,0,12582912,3,0,3,1,0,3,1
3,f32,3,1048576,glibc_default_fresh,M_TWIN,1,1,1,1889989.00,0.0000,0.0000,1894000.0,0.0,3.000,12582912.0,0.000,0,0,12582912,3,1,0,0,0,3,1
3,f32,3,1048576,glibc_default_fresh,M,1,2,1,1840351.00,0.0000,0.0000,1844000.0,0.0,3.000,12582912.0,0.000,0,0,12582912,3,1,0,0,0,3,1
3,f32,3,1048576,glibc_default_fresh,M_TWIN,2,0,1,1847665.00,0.0000,0.0000,1851000.0,0.0,3.000,12582912.0,0.000,0,0,12582912,3,1,0,0,0,3,1
3,f32,3,1048576,glibc_default_fresh,M,2,1,1,1842289.00,0.0000,0.0000,1846000.0,0.0,3.000,12582912.0,0.000,0,0,12582912,3,1,0,0,0,3,1
3,f32,3,1048576,glibc_default_fresh,R,2,2,1,1945649.00,0.0000,0.0000,1949000.0,0.0,3.000,12582912.0,0.000,0,0,12582912,3,0,3,1,0,3,1
3,f32,3,1048576,glibc_default_fresh,M,3,0,1,1790267.00,0.0000,0.0000,1793000.0,0.0,3.000,12582912.0,0.000,0,0,12582912,3,1,0,0,0,3,1
3,f32,3,1048576,glibc_default_fresh,R,3,1,1,1920349.00,0.0000,0.0000,1924000.0,0.0,3.000,12582912.0,0.000,0,0,12582912,3,0,3,1,0,3,1
3,f32,3,1048576,glibc_default_fresh,M_TWIN,3,2,1,1826389.00,0.0000,0.0000,1830000.0,0.0,3.000,12582912.0,0.000,0,0,12582912,3,1,0,0,0,3,1
3,f32,3,1048576,glibc_default_fresh,R,4,0,1,1945848.00,0.0000,0.0000,1949000.0,0.0,3.000,12582912.0,0.000,0,0,12582912,3,0,3,1,0,3,1
3,f32,3,1048576,glibc_default_fresh,M_TWIN,4,1,1,1786264.00,0.0000,0.0000,1789000.0,0.0,3.000,12582912.0,0.000,0,0,12582912,3,1,0,0,0,3,1
3,f32,3,1048576,glibc_default_fresh,M,4,2,1,1902940.00,0.0000,0.0000,1907000.0,0.0,3.000,12582912.0,0.000,0,0,12582912,3,1,0,0,0,3,1
3,f32,3,1048576,glibc_default_fresh,M_TWIN,5,0,1,1876148.00,0.0000,0.0000,1880000.0,0.0,3.000,12582912.0,0.000,0,0,12582912,3,1,0,0,0,3,1
3,f32,3,1048576,glibc_default_fresh,M,5,1,1,1890085.00,0.0000,0.0000,1894000.0,0.0,3.000,12582912.0,0.000,0,0,12582912,3,1,0,0,0,3,1
3,f32,3,1048576,glibc_default_fresh,R,5,2,1,1954646.00,0.0000,0.0000,1958000.0,0.0,3.000,12582912.0,0.000,0,0,12582912,3,0,3,1,0,3,1
3,f32,3,1048576,glibc_default_fresh,M,6,0,1,1882795.00,0.0000,0.0000,1886000.0,0.0,3.000,12582912.0,0.000,0,0,12582912,3,1,0,0,0,3,1
3,f32,3,1048576,glibc_default_fresh,R,6,1,1,1936440.00,0.0000,0.0000,1939000.0,0.0,3.000,12582912.0,0.000,0,0,12582912,3,0,3,1,0,3,1
3,f32,3,1048576,glibc_default_fresh,M_TWIN,6,2,1,1793205.00,0.0000,0.0000,1797000.0,0.0,3.000,12582912.0,0.000,0,0,12582912,3,1,0,0,0,3,1
3,f32,3,1048576,glibc_default_fresh,R,7,0,1,1926279.00,0.0000,0.0000,1929000.0,0.0,3.000,12582912.0,0.000,0,0,12582912,3,0,3,1,0,3,1
3,f32,3,1048576,glibc_default_fresh,M_TWIN,7,1,1,1819313.00,0.0000,0.0000,1823000.0,0.0,3.000,12582912.0,0.000,0,0,12582912,3,1,0,0,0,3,1
3,f32,3,1048576,glibc_default_fresh,M,7,2,1,1844637.00,0.0000,0.0000,1848000.0,0.0,3.000,12582912.0,0.000,0,0,12582912,3,1,0,0,0,3,1
3,f32,3,1048576,glibc_default_fresh,M_TWIN,8,0,1,1760959.00,0.0000,0.0000,1764000.0,0.0,3.000,12582912.0,0.000,0,0,12582912,3,1,0,0,0,3,1
3,f32,3,1048576,glibc_default_fresh,M,8,1,1,1759032.00,0.0000,0.0000,1762000.0,0.0,3.000,12582912.0,0.000,0,0,12582912,3,1,0,0,0,3,1
3,f32,3,1048576,glibc_default_fresh,R,8,2,1,1978460.00,0.0000,0.0000,1981000.0,0.0,3.000,12582912.0,0.000,0,0,12582912,3,0,3,1,0,3,1
3,f32,3,1048576,glibc_default_fresh,M,9,0,1,1868267.00,0.0000,0.0000,1870000.0,0.0,3.000,12582912.0,0.000,0,0,12582912,3,1,0,0,0,3,1
3,f32,3,1048576,glibc_default_fresh,R,9,1,1,1936297.00,0.0000,0.0000,1939000.0,0.0,3.000,12582912.0,0.000,0,0,12582912,3,0,3,1,0,3,1
3,f32,3,1048576,glibc_default_fresh,M_TWIN,9,2,1,1864458.00,0.0000,0.0000,1867000.0,0.0,3.000,12582912.0,0.000,0,0,12582912,3,1,0,0,0,3,1
3,f32,3,1048576,glibc_default_fresh,R,10,0,1,1930218.00,0.0000,0.0000,1933000.0,0.0,3.000,12582912.0,0.000,0,0,12582912,3,0,3,1,0,3,1
3,f32,3,1048576,glibc_default_fresh,M_TWIN,10,1,1,1841587.00,0.0000,0.0000,1845000.0,0.0,3.000,12582912.0,0.000,0,0,12582912,3,1,0,0,0,3,1
3,f32,3,1048576,glibc_default_fresh,M,10,2,1,1891894.00,0.0000,0.0000,1895000.0,0.0,3.000,12582912.0,0.000,0,0,12582912,3,1,0,0,0,3,1
3,f32,3,1048576,glibc_default_fresh,M_TWIN,11,0,1,1893818.00,0.0000,0.0000,1898000.0,0.0,3.000,12582912.0,0.000,0,0,12582912,3,1,0,0,0,3,1
3,f32,3,1048576,glibc_default_fresh,M,11,1,1,1836017.00,0.0000,0.0000,1840000.0,0.0,3.000,12582912.0,0.000,0,0,12582912,3,1,0,0,0,3,1
3,f32,3,1048576,glibc_default_fresh,R,11,2,1,1977217.00,0.0000,0.0000,1980000.0,0.0,3.000,12582912.0,0.000,0,0,12582912,3,0,3,1,0,3,1
3,f32,3,1048576,glibc_default_fresh,M,12,0,1,1789750.00,0.0000,0.0000,1793000.0,0.0,3.000,12582912.0,0.000,0,0,12582912,3,1,0,0,0,3,1
3,f32,3,1048576,glibc_default_fresh,R,12,1,1,1907438.00,0.0000,0.0000,1910000.0,0.0,3.000,12582912.0,0.000,0,0,12582912,3,0,3,1,0,3,1
3,f32,3,1048576,glibc_default_fresh,M_TWIN,12,2,1,1876953.00,0.0000,0.0000,1880000.0,0.0,3.000,12582912.0,0.000,0,0,12582912,3,1,0,0,0,3,1
3,f32,3,1048576,glibc_default_fresh,R,13,0,1,1947512.00,0.0000,0.0000,1950000.0,0.0,3.000,12582912.0,0.000,0,0,12582912,3,0,3,1,0,3,1
3,f32,3,1048576,glibc_default_fresh,M_TWIN,13,1,1,1828044.00,0.0000,0.0000,1831000.0,0.0,3.000,12582912.0,0.000,0,0,12582912,3,1,0,0,0,3,1
3,f32,3,1048576,glibc_default_fresh,M,13,2,1,1812425.00,0.0000,0.0000,1815000.0,0.0,3.000,12582912.0,0.000,0,0,12582912,3,1,0,0,0,3,1
3,f32,3,1048576,glibc_default_fresh,M_TWIN,14,0,1,1798575.00,0.0000,0.0000,1801000.0,0.0,3.000,12582912.0,0.000,0,0,12582912,3,1,0,0,0,3,1
3,f32,3,1048576,glibc_default_fresh,M,14,1,1,1852208.00,0.0000,0.0000,1856000.0,0.0,3.000,12582912.0,0.000,0,0,12582912,3,1,0,0,0,3,1
3,f32,3,1048576,glibc_default_fresh,R,14,2,1,1938047.00,0.0000,0.0000,1940000.0,0.0,3.000,12582912.0,0.000,0,0,12582912,3,0,3,1,0,3,1
3,f32,3,4194304,glibc_default_fresh,M,0,0,1,10483372.00,2.0000,0.0000,10512000.0,0.0,3.000,50331648.0,0.000,0,0,50331648,3,1,0,0,0,3,1
3,f32,3,4194304,glibc_default_fresh,R,0,1,1,10979339.00,0.0000,0.0000,10986000.0,0.0,3.000,50331648.0,0.000,0,0,50331648,3,0,3,1,0,3,1
3,f32,3,4194304,glibc_default_fresh,M_TWIN,0,2,1,11102919.00,0.0000,0.0000,11108000.0,0.0,3.000,50331648.0,0.000,0,0,50331648,3,1,0,0,0,3,1
3,f32,3,4194304,glibc_default_fresh,R,1,0,1,10524336.00,0.0000,0.0000,10530000.0,0.0,3.000,50331648.0,0.000,0,0,50331648,3,0,3,1,0,3,1
3,f32,3,4194304,glibc_default_fresh,M_TWIN,1,1,1,11680819.00,0.0000,0.0000,11685000.0,0.0,3.000,50331648.0,0.000,0,0,50331648,3,1,0,0,0,3,1
3,f32,3,4194304,glibc_default_fresh,M,1,2,1,12377733.00,0.0000,0.0000,12384000.0,0.0,3.000,50331648.0,0.000,0,0,50331648,3,1,0,0,0,3,1
3,f32,3,4194304,glibc_default_fresh,M_TWIN,2,0,1,11770357.00,0.0000,0.0000,11776000.0,0.0,3.000,50331648.0,0.000,0,0,50331648,3,1,0,0,0,3,1
3,f32,3,4194304,glibc_default_fresh,M,2,1,1,11341142.00,0.0000,0.0000,11346000.0,0.0,3.000,50331648.0,0.000,0,0,50331648,3,1,0,0,0,3,1
3,f32,3,4194304,glibc_default_fresh,R,2,2,1,10841930.00,0.0000,0.0000,10848000.0,0.0,3.000,50331648.0,0.000,0,0,50331648,3,0,3,1,0,3,1
3,f32,3,4194304,glibc_default_fresh,M,3,0,1,11572945.00,0.0000,0.0000,11578000.0,0.0,3.000,50331648.0,0.000,0,0,50331648,3,1,0,0,0,3,1
3,f32,3,4194304,glibc_default_fresh,R,3,1,1,10835079.00,0.0000,0.0000,10842000.0,0.0,3.000,50331648.0,0.000,0,0,50331648,3,0,3,1,0,3,1
3,f32,3,4194304,glibc_default_fresh,M_TWIN,3,2,1,12181380.00,0.0000,0.0000,12188000.0,0.0,3.000,50331648.0,0.000,0,0,50331648,3,1,0,0,0,3,1
3,f32,3,4194304,glibc_default_fresh,R,4,0,1,11426603.00,0.0000,0.0000,11431000.0,0.0,3.000,50331648.0,0.000,0,0,50331648,3,0,3,1,0,3,1
3,f32,3,4194304,glibc_default_fresh,M_TWIN,4,1,1,12079727.00,0.0000,0.0000,12084000.0,0.0,3.000,50331648.0,0.000,0,0,50331648,3,1,0,0,0,3,1
3,f32,3,4194304,glibc_default_fresh,M,4,2,1,11721554.00,0.0000,0.0000,11727000.0,0.0,3.000,50331648.0,0.000,0,0,50331648,3,1,0,0,0,3,1
3,f32,3,4194304,glibc_default_fresh,M_TWIN,5,0,1,14882063.00,0.0000,0.0000,14852000.0,0.0,3.000,50331648.0,0.000,0,0,50331648,3,1,0,0,0,3,1
3,f32,3,4194304,glibc_default_fresh,M,5,1,1,11303845.00,0.0000,0.0000,11308000.0,0.0,3.000,50331648.0,0.000,0,0,50331648,3,1,0,0,0,3,1
3,f32,3,4194304,glibc_default_fresh,R,5,2,1,10880666.00,0.0000,0.0000,10886000.0,0.0,3.000,50331648.0,0.000,0,0,50331648,3,0,3,1,0,3,1
3,f32,3,4194304,glibc_default_fresh,M,6,0,1,11425779.00,0.0000,0.0000,11432000.0,0.0,3.000,50331648.0,0.000,0,0,50331648,3,1,0,0,0,3,1
3,f32,3,4194304,glibc_default_fresh,R,6,1,1,11128877.00,0.0000,0.0000,11134000.0,0.0,3.000,50331648.0,0.000,0,0,50331648,3,0,3,1,0,3,1
3,f32,3,4194304,glibc_default_fresh,M_TWIN,6,2,1,11775364.00,0.0000,0.0000,11780000.0,0.0,3.000,50331648.0,0.000,0,0,50331648,3,1,0,0,0,3,1
3,f32,3,4194304,glibc_default_fresh,R,7,0,1,11577220.00,0.0000,0.0000,11582000.0,0.0,3.000,50331648.0,0.000,0,0,50331648,3,0,3,1,0,3,1
3,f32,3,4194304,glibc_default_fresh,M_TWIN,7,1,1,11412171.00,0.0000,0.0000,11417000.0,0.0,3.000,50331648.0,0.000,0,0,50331648,3,1,0,0,0,3,1
3,f32,3,4194304,glibc_default_fresh,M,7,2,1,12004157.00,0.0000,0.0000,12009000.0,0.0,3.000,50331648.0,0.000,0,0,50331648,3,1,0,0,0,3,1
3,f32,3,4194304,glibc_default_fresh,M_TWIN,8,0,1,11835531.00,0.0000,0.0000,11841000.0,0.0,3.000,50331648.0,0.000,0,0,50331648,3,1,0,0,0,3,1
3,f32,3,4194304,glibc_default_fresh,M,8,1,1,11327987.00,0.0000,0.0000,11334000.0,0.0,3.000,50331648.0,0.000,0,0,50331648,3,1,0,0,0,3,1
3,f32,3,4194304,glibc_default_fresh,R,8,2,1,10869189.00,0.0000,0.0000,10874000.0,0.0,3.000,50331648.0,0.000,0,0,50331648,3,0,3,1,0,3,1
3,f32,3,4194304,glibc_default_fresh,M,9,0,1,11513907.00,0.0000,0.0000,11520000.0,0.0,3.000,50331648.0,0.000,0,0,50331648,3,1,0,0,0,3,1
3,f32,3,4194304,glibc_default_fresh,R,9,1,1,10285633.00,0.0000,0.0000,10292000.0,0.0,3.000,50331648.0,0.000,0,0,50331648,3,0,3,1,0,3,1
3,f32,3,4194304,glibc_default_fresh,M_TWIN,9,2,1,10981871.00,0.0000,0.0000,10988000.0,0.0,3.000,50331648.0,0.000,0,0,50331648,3,1,0,0,0,3,1
3,f32,3,4194304,glibc_default_fresh,R,10,0,1,10943523.00,0.0000,0.0000,10950000.0,0.0,3.000,50331648.0,0.000,0,0,50331648,3,0,3,1,0,3,1
3,f32,3,4194304,glibc_default_fresh,M_TWIN,10,1,1,11310874.00,0.0000,0.0000,11316000.0,0.0,3.000,50331648.0,0.000,0,0,50331648,3,1,0,0,0,3,1
3,f32,3,4194304,glibc_default_fresh,M,10,2,1,11791944.00,0.0000,0.0000,11797000.0,0.0,3.000,50331648.0,0.000,0,0,50331648,3,1,0,0,0,3,1
3,f32,3,4194304,glibc_default_fresh,M_TWIN,11,0,1,11319162.00,0.0000,0.0000,11324000.0,0.0,3.000,50331648.0,0.000,0,0,50331648,3,1,0,0,0,3,1
3,f32,3,4194304,glibc_default_fresh,M,11,1,1,11735166.00,0.0000,0.0000,11742000.0,0.0,3.000,50331648.0,0.000,0,0,50331648,3,1,0,0,0,3,1
3,f32,3,4194304,glibc_default_fresh,R,11,2,1,11213528.00,0.0000,0.0000,11220000.0,0.0,3.000,50331648.0,0.000,0,0,50331648,3,0,3,1,0,3,1
3,f32,3,4194304,glibc_default_fresh,M,12,0,1,11379384.00,0.0000,0.0000,11385000.0,0.0,3.000,50331648.0,0.000,0,0,50331648,3,1,0,0,0,3,1
3,f32,3,4194304,glibc_default_fresh,R,12,1,1,10371133.00,0.0000,0.0000,10366000.0,0.0,3.000,50331648.0,0.000,0,0,50331648,3,0,3,1,0,3,1
3,f32,3,4194304,glibc_default_fresh,M_TWIN,12,2,1,10871375.00,0.0000,0.0000,10877000.0,0.0,3.000,50331648.0,0.000,0,0,50331648,3,1,0,0,0,3,1
3,f32,3,4194304,glibc_default_fresh,R,13,0,1,11425476.00,0.0000,0.0000,11431000.0,0.0,3.000,50331648.0,0.000,0,0,50331648,3,0,3,1,0,3,1
3,f32,3,4194304,glibc_default_fresh,M_TWIN,13,1,1,11057508.00,0.0000,0.0000,11066000.0,0.0,3.000,50331648.0,0.000,0,0,50331648,3,1,0,0,0,3,1
3,f32,3,4194304,glibc_default_fresh,M,13,2,1,11363299.00,0.0000,0.0000,11368000.0,0.0,3.000,50331648.0,0.000,0,0,50331648,3,1,0,0,0,3,1
3,f32,3,4194304,glibc_default_fresh,M_TWIN,14,0,1,11506591.00,0.0000,0.0000,11511000.0,0.0,3.000,50331648.0,0.000,0,0,50331648,3,1,0,0,0,3,1
3,f32,3,4194304,glibc_default_fresh,M,14,1,1,11447306.00,0.0000,0.0000,11453000.0,0.0,3.000,50331648.0,0.000,0,0,50331648,3,1,0,0,0,3,1
3,f32,3,4194304,glibc_default_fresh,R,14,2,1,10401639.00,0.0000,0.0000,10406000.0,0.0,3.000,50331648.0,0.000,0,0,50331648,3,0,3,1,0,3,1
3,f32,3,16777216,glibc_default_fresh,M,0,0,1,130613794.00,49157.0000,0.0000,61247000.0,69362000.0,3.000,201326592.0,0.000,0,0,201326592,3,1,0,0,0,3,1
3,f32,3,16777216,glibc_default_fresh,R,0,1,1,126223211.00,49155.0000,0.0000,37086000.0,89127000.0,3.000,201326592.0,0.000,0,0,201326592,3,0,3,1,0,3,1
3,f32,3,16777216,glibc_default_fresh,M_TWIN,0,2,1,119541308.00,49155.0000,0.0000,27784000.0,91765000.0,3.000,201326592.0,0.000,0,0,201326592,3,1,0,0,0,3,1
3,f32,3,16777216,glibc_default_fresh,R,1,0,1,125766009.00,49155.0000,0.0000,46920000.0,78818000.0,3.000,201326592.0,0.000,0,0,201326592,3,0,3,1,0,3,1
3,f32,3,16777216,glibc_default_fresh,M_TWIN,1,1,1,120398130.00,49155.0000,0.0000,48195000.0,72150000.0,3.000,201326592.0,0.000,0,0,201326592,3,1,0,0,0,3,1
3,f32,3,16777216,glibc_default_fresh,M,1,2,1,117013994.00,49155.0000,0.0000,64499000.0,52522000.0,3.000,201326592.0,0.000,0,0,201326592,3,1,0,0,0,3,1
3,f32,3,16777216,glibc_default_fresh,M_TWIN,2,0,1,117169316.00,49155.0000,0.0000,44586000.0,72591000.0,3.000,201326592.0,0.000,0,0,201326592,3,1,0,0,0,3,1
3,f32,3,16777216,glibc_default_fresh,M,2,1,1,116955521.00,49155.0000,0.0000,44469000.0,72481000.0,3.000,201326592.0,0.000,0,0,201326592,3,1,0,0,0,3,1
3,f32,3,16777216,glibc_default_fresh,R,2,2,1,122316828.00,49155.0000,0.0000,65163000.0,57119000.0,3.000,201326592.0,0.000,0,0,201326592,3,0,3,1,0,3,1
3,f32,3,16777216,glibc_default_fresh,M,3,0,1,116695759.00,49155.0000,0.0000,36349000.0,80353000.0,3.000,201326592.0,0.000,0,0,201326592,3,1,0,0,0,3,1
3,f32,3,16777216,glibc_default_fresh,R,3,1,1,126336885.00,49155.0000,0.0000,55159000.0,71159000.0,3.000,201326592.0,0.000,0,0,201326592,3,0,3,1,0,3,1
3,f32,3,16777216,glibc_default_fresh,M_TWIN,3,2,1,117258130.00,49155.0000,0.0000,64632000.0,52622000.0,3.000,201326592.0,0.000,0,0,201326592,3,1,0,0,0,3,1
3,f32,3,16777216,glibc_default_fresh,R,4,0,1,120717870.00,49155.0000,0.0000,26321000.0,94379000.0,3.000,201326592.0,0.000,0,0,201326592,3,0,3,1,0,3,1
3,f32,3,16777216,glibc_default_fresh,M_TWIN,4,1,1,116400151.00,49155.0000,0.0000,56206000.0,60201000.0,3.000,201326592.0,0.000,0,0,201326592,3,1,0,0,0,3,1
3,f32,3,16777216,glibc_default_fresh,M,4,2,1,117339202.00,49155.0000,0.0000,44686000.0,72659000.0,3.000,201326592.0,0.000,0,0,201326592,3,1,0,0,0,3,1
3,f32,3,16777216,glibc_default_fresh,M_TWIN,5,0,1,116741072.00,49155.0000,0.0000,40379000.0,76370000.0,3.000,201326592.0,0.000,0,0,201326592,3,1,0,0,0,3,1
3,f32,3,16777216,glibc_default_fresh,M,5,1,1,119723874.00,49155.0000,0.0000,35867000.0,83863000.0,3.000,201326592.0,0.000,0,0,201326592,3,1,0,0,0,3,1
3,f32,3,16777216,glibc_default_fresh,R,5,2,1,123038828.00,49155.0000,0.0000,59515000.0,63529000.0,3.000,201326592.0,0.000,0,0,201326592,3,0,3,1,0,3,1
3,f32,3,16777216,glibc_default_fresh,M,6,0,1,118075118.00,49155.0000,0.0000,41063000.0,77019000.0,3.000,201326592.0,0.000,0,0,201326592,3,1,0,0,0,3,1
3,f32,3,16777216,glibc_default_fresh,R,6,1,1,121016483.00,49155.0000,0.0000,28520000.0,92502000.0,3.000,201326592.0,0.000,0,0,201326592,3,0,3,1,0,3,1
3,f32,3,16777216,glibc_default_fresh,M_TWIN,6,2,1,117648738.00,49155.0000,0.0000,36843000.0,80778000.0,3.000,201326592.0,0.000,0,0,201326592,3,1,0,0,0,3,1
3,f32,3,16777216,glibc_default_fresh,R,7,0,1,125224181.00,49155.0000,0.0000,52624000.0,72606000.0,3.000,201326592.0,0.000,0,0,201326592,3,0,3,1,0,3,1
3,f32,3,16777216,glibc_default_fresh,M_TWIN,7,1,1,117827373.00,49155.0000,0.0000,40930000.0,76903000.0,3.000,201326592.0,0.000,0,0,201326592,3,1,0,0,0,3,1
3,f32,3,16777216,glibc_default_fresh,M,7,2,1,117746090.00,49155.0000,0.0000,40858000.0,76864000.0,3.000,201326592.0,0.000,0,0,201326592,3,1,0,0,0,3,1
3,f32,3,16777216,glibc_default_fresh,M_TWIN,8,0,1,115339820.00,49155.0000,0.0000,39656000.0,75668000.0,3.000,201326592.0,0.000,0,0,201326592,3,1,0,0,0,3,1
3,f32,3,16777216,glibc_default_fresh,M,8,1,1,117808714.00,49155.0000,0.0000,54892000.0,62923000.0,3.000,201326592.0,0.000,0,0,201326592,3,1,0,0,0,3,1
3,f32,3,16777216,glibc_default_fresh,R,8,2,1,121878272.00,49155.0000,0.0000,54928000.0,66918000.0,3.000,201326592.0,0.000,0,0,201326592,3,0,3,1,0,3,1
3,f32,3,16777216,glibc_default_fresh,M,9,0,1,117292016.00,49155.0000,0.0000,56661000.0,60638000.0,3.000,201326592.0,0.000,0,0,201326592,3,1,0,0,0,3,1
3,f32,3,16777216,glibc_default_fresh,R,9,1,1,120138332.00,49155.0000,0.0000,72073000.0,48071000.0,3.000,201326592.0,0.000,0,0,201326592,3,0,3,1,0,3,1
3,f32,3,16777216,glibc_default_fresh,M_TWIN,9,2,1,116828522.00,49155.0000,0.0000,40426000.0,76409000.0,3.000,201326592.0,0.000,0,0,201326592,3,1,0,0,0,3,1
3,f32,3,16777216,glibc_default_fresh,R,10,0,1,129268157.00,49155.0000,0.0000,32644000.0,96602000.0,3.000,201326592.0,0.000,0,0,201326592,3,0,3,1,0,3,1
3,f32,3,16777216,glibc_default_fresh,M_TWIN,10,1,1,120171115.00,49155.0000,0.0000,48092000.0,72074000.0,3.000,201326592.0,0.000,0,0,201326592,3,1,0,0,0,3,1
3,f32,3,16777216,glibc_default_fresh,M,10,2,1,121720749.00,49155.0000,0.0000,42842000.0,78846000.0,3.000,201326592.0,0.000,0,0,201326592,3,1,0,0,0,3,1
3,f32,3,16777216,glibc_default_fresh,M_TWIN,11,0,1,128068816.00,49155.0000,0.0000,44040000.0,84020000.0,3.000,201326592.0,0.000,0,0,201326592,3,1,0,0,0,3,1
3,f32,3,16777216,glibc_default_fresh,M,11,1,1,116304495.00,49155.0000,0.0000,36161000.0,80150000.0,3.000,201326592.0,0.000,0,0,201326592,3,1,0,0,0,3,1
3,f32,3,16777216,glibc_default_fresh,R,11,2,1,120318885.00,49155.0000,0.0000,80097000.0,40132000.0,3.000,201326592.0,0.000,0,0,201326592,3,0,3,1,0,3,1
3,f32,3,16777216,glibc_default_fresh,M,12,0,1,119527231.00,49155.0000,0.0000,47725000.0,71772000.0,3.000,201326592.0,0.000,0,0,201326592,3,1,0,0,0,3,1
3,f32,3,16777216,glibc_default_fresh,R,12,1,1,121520042.00,49155.0000,0.0000,54735000.0,66791000.0,3.000,201326592.0,0.000,0,0,201326592,3,0,3,1,0,3,1
3,f32,3,16777216,glibc_default_fresh,M_TWIN,12,2,1,117053770.00,49155.0000,0.0000,26486000.0,90549000.0,3.000,201326592.0,0.000,0,0,201326592,3,1,0,0,0,3,1
3,f32,3,16777216,glibc_default_fresh,R,13,0,1,120577170.00,49155.0000,0.0000,42215000.0,78324000.0,3.000,201326592.0,0.000,0,0,201326592,3,0,3,1,0,3,1
3,f32,3,16777216,glibc_default_fresh,M_TWIN,13,1,1,116478526.00,49155.0000,0.0000,40214000.0,76237000.0,3.000,201326592.0,0.000,0,0,201326592,3,1,0,0,0,3,1
3,f32,3,16777216,glibc_default_fresh,M,13,2,1,117836819.00,49155.0000,0.0000,44914000.0,72867000.0,3.000,201326592.0,0.000,0,0,201326592,3,1,0,0,0,3,1
3,f32,3,16777216,glibc_default_fresh,M_TWIN,14,0,1,117566483.00,49155.0000,0.0000,46758000.0,70816000.0,3.000,201326592.0,0.000,0,0,201326592,3,1,0,0,0,3,1
3,f32,3,16777216,glibc_default_fresh,M,14,1,1,119265183.00,49155.0000,0.0000,59626000.0,59644000.0,3.000,201326592.0,0.000,0,0,201326592,3,1,0,0,0,3,1
3,f32,3,16777216,glibc_default_fresh,R,14,2,1,123189393.00,49155.0000,0.0000,55587000.0,67609000.0,3.000,201326592.0,0.000,0,0,201326592,3,0,3,1,0,3,1
3,f32,4,64,glibc_default_fresh,M,0,0,1000,1085.00,0.2690,0.0000,881.0,221.0,4.000,1024.0,0.000,0,0,1024000,4,1,0,0,0,4,1
3,f32,4,64,glibc_default_fresh,R,0,1,1000,1227.63,0.2670,0.0000,0.0,1230.0,4.000,1024.0,0.000,0,0,1024000,4,0,4,1,0,4,1
3,f32,4,64,glibc_default_fresh,M_TWIN,0,2,1000,1119.61,0.2670,0.0000,884.0,239.0,4.000,1024.0,0.000,0,0,1024000,4,1,0,0,0,4,1
3,f32,4,64,glibc_default_fresh,R,1,0,1000,1231.78,0.2670,0.0000,1235.0,0.0,4.000,1024.0,0.000,0,0,1024000,4,0,4,1,0,4,1
3,f32,4,64,glibc_default_fresh,M_TWIN,1,1,1000,1064.24,0.2670,0.0000,1003.0,64.0,4.000,1024.0,0.000,0,0,1024000,4,1,0,0,0,4,1
3,f32,4,64,glibc_default_fresh,M,1,2,1000,1079.86,0.2670,0.0000,0.0,1083.0,4.000,1024.0,0.000,0,0,1024000,4,1,0,0,0,4,1
3,f32,4,64,glibc_default_fresh,M_TWIN,2,0,1000,1137.02,0.2670,0.0000,1139.0,0.0,4.000,1024.0,0.000,0,0,1024000,4,1,0,0,0,4,1
3,f32,4,64,glibc_default_fresh,M,2,1,1000,1129.53,0.2670,0.0000,1132.0,0.0,4.000,1024.0,0.000,0,0,1024000,4,1,0,0,0,4,1
3,f32,4,64,glibc_default_fresh,R,2,2,1000,1136.66,0.2670,0.0000,1139.0,0.0,4.000,1024.0,0.000,0,0,1024000,4,0,4,1,0,4,1
3,f32,4,64,glibc_default_fresh,M,3,0,1000,1174.61,0.2670,0.0000,0.0,1178.0,4.000,1024.0,0.000,0,0,1024000,4,1,0,0,0,4,1
3,f32,4,64,glibc_default_fresh,R,3,1,1000,1193.18,0.2670,0.0000,907.0,289.0,4.000,1024.0,0.000,0,0,1024000,4,0,4,1,0,4,1
3,f32,4,64,glibc_default_fresh,M_TWIN,3,2,1000,1135.51,0.2670,0.0000,1138.0,0.0,4.000,1024.0,0.000,0,0,1024000,4,1,0,0,0,4,1
3,f32,4,64,glibc_default_fresh,R,4,0,1000,1310.28,0.2670,0.0000,1313.0,0.0,4.000,1024.0,0.000,0,0,1024000,4,0,4,1,0,4,1
3,f32,4,64,glibc_default_fresh,M_TWIN,4,1,1000,1143.43,0.2670,0.0000,1066.0,80.0,4.000,1024.0,0.000,0,0,1024000,4,1,0,0,0,4,1
3,f32,4,64,glibc_default_fresh,M,4,2,1000,1165.99,0.2670,0.0000,1168.0,0.0,4.000,1024.0,0.000,0,0,1024000,4,1,0,0,0,4,1
3,f32,4,64,glibc_default_fresh,M_TWIN,5,0,1000,1106.30,0.2670,0.0000,1108.0,0.0,4.000,1024.0,0.000,0,0,1024000,4,1,0,0,0,4,1
3,f32,4,64,glibc_default_fresh,M,5,1,1000,1145.54,0.2670,0.0000,0.0,1147.0,4.000,1024.0,0.000,0,0,1024000,4,1,0,0,0,4,1
3,f32,4,64,glibc_default_fresh,R,5,2,1000,1167.09,0.2670,0.0000,214.0,955.0,4.000,1024.0,0.000,0,0,1024000,4,0,4,1,0,4,1
3,f32,4,64,glibc_default_fresh,M,6,0,1000,1059.06,0.2670,0.0000,0.0,1060.0,4.000,1024.0,0.000,0,0,1024000,4,1,0,0,0,4,1
3,f32,4,64,glibc_default_fresh,R,6,1,1000,1262.07,0.2670,0.0000,0.0,1264.0,4.000,1024.0,0.000,0,0,1024000,4,0,4,1,0,4,1
3,f32,4,64,glibc_default_fresh,M_TWIN,6,2,1000,1147.78,0.2670,0.0000,1151.0,0.0,4.000,1024.0,0.000,0,0,1024000,4,1,0,0,0,4,1
3,f32,4,64,glibc_default_fresh,R,7,0,1000,1159.19,0.2670,0.0000,1111.0,51.0,4.000,1024.0,0.000,0,0,1024000,4,0,4,1,0,4,1
3,f32,4,64,glibc_default_fresh,M_TWIN,7,1,1000,1383.47,0.2670,0.0000,1387.0,0.0,4.000,1024.0,0.000,0,0,1024000,4,1,0,0,0,4,1
3,f32,4,64,glibc_default_fresh,M,7,2,1000,1076.42,0.2670,0.0000,1078.0,0.0,4.000,1024.0,0.000,0,0,1024000,4,1,0,0,0,4,1
3,f32,4,64,glibc_default_fresh,M_TWIN,8,0,1000,1135.04,0.2670,0.0000,1136.0,0.0,4.000,1024.0,0.000,0,0,1024000,4,1,0,0,0,4,1
3,f32,4,64,glibc_default_fresh,M,8,1,1000,1076.68,0.2670,0.0000,1079.0,0.0,4.000,1024.0,0.000,0,0,1024000,4,1,0,0,0,4,1
3,f32,4,64,glibc_default_fresh,R,8,2,1000,1203.28,0.2670,0.0000,1206.0,0.0,4.000,1024.0,0.000,0,0,1024000,4,0,4,1,0,4,1
3,f32,4,64,glibc_default_fresh,M,9,0,1000,1060.94,0.2670,0.0000,1065.0,0.0,4.000,1024.0,0.000,0,0,1024000,4,1,0,0,0,4,1
3,f32,4,64,glibc_default_fresh,R,9,1,1000,1181.73,0.2670,0.0000,1185.0,0.0,4.000,1024.0,0.000,0,0,1024000,4,0,4,1,0,4,1
3,f32,4,64,glibc_default_fresh,M_TWIN,9,2,1000,1070.30,0.2670,0.0000,1071.0,1.0,4.000,1024.0,0.000,0,0,1024000,4,1,0,0,0,4,1
3,f32,4,64,glibc_default_fresh,R,10,0,1000,1129.30,0.2670,0.0000,1132.0,0.0,4.000,1024.0,0.000,0,0,1024000,4,0,4,1,0,4,1
3,f32,4,64,glibc_default_fresh,M_TWIN,10,1,1000,1099.20,0.2670,0.0000,1101.0,0.0,4.000,1024.0,0.000,0,0,1024000,4,1,0,0,0,4,1
3,f32,4,64,glibc_default_fresh,M,10,2,1000,1188.03,0.2670,0.0000,1190.0,0.0,4.000,1024.0,0.000,0,0,1024000,4,1,0,0,0,4,1
3,f32,4,64,glibc_default_fresh,M_TWIN,11,0,1000,1211.07,0.2670,0.0000,0.0,1214.0,4.000,1024.0,0.000,0,0,1024000,4,1,0,0,0,4,1
3,f32,4,64,glibc_default_fresh,M,11,1,1000,1053.32,0.2670,0.0000,325.0,731.0,4.000,1024.0,0.000,0,0,1024000,4,1,0,0,0,4,1
3,f32,4,64,glibc_default_fresh,R,11,2,1000,1172.68,0.2670,0.0000,1175.0,0.0,4.000,1024.0,0.000,0,0,1024000,4,0,4,1,0,4,1
3,f32,4,64,glibc_default_fresh,M,12,0,1000,1140.23,0.2670,0.0000,1142.0,0.0,4.000,1024.0,0.000,0,0,1024000,4,1,0,0,0,4,1
3,f32,4,64,glibc_default_fresh,R,12,1,1000,1191.65,0.2670,0.0000,0.0,1194.0,4.000,1024.0,0.000,0,0,1024000,4,0,4,1,0,4,1
3,f32,4,64,glibc_default_fresh,M_TWIN,12,2,1000,1057.18,0.2670,0.0000,66.0,993.0,4.000,1024.0,0.000,0,0,1024000,4,1,0,0,0,4,1
3,f32,4,64,glibc_default_fresh,R,13,0,1000,1132.38,0.2670,0.0000,1134.0,0.0,4.000,1024.0,0.000,0,0,1024000,4,0,4,1,0,4,1
3,f32,4,64,glibc_default_fresh,M_TWIN,13,1,1000,1215.22,0.2670,0.0000,1217.0,0.0,4.000,1024.0,0.000,0,0,1024000,4,1,0,0,0,4,1
3,f32,4,64,glibc_default_fresh,M,13,2,1000,1071.84,0.2670,0.0000,1043.0,32.0,4.000,1024.0,0.000,0,0,1024000,4,1,0,0,0,4,1
3,f32,4,64,glibc_default_fresh,M_TWIN,14,0,1000,1060.27,0.2670,0.0000,1062.0,0.0,4.000,1024.0,0.000,0,0,1024000,4,1,0,0,0,4,1
3,f32,4,64,glibc_default_fresh,M,14,1,1000,1412.73,0.2670,0.0000,1417.0,0.0,4.000,1024.0,0.000,0,0,1024000,4,1,0,0,0,4,1
3,f32,4,64,glibc_default_fresh,R,14,2,1000,1215.57,0.2670,0.0000,1218.0,0.0,4.000,1024.0,0.000,0,0,1024000,4,0,4,1,0,4,1
3,f32,4,1024,glibc_default_fresh,M,0,0,1000,6333.76,3.9920,0.0000,0.0,6345.0,4.000,16384.0,0.000,0,0,16384000,4,1,0,0,0,4,1
3,f32,4,1024,glibc_default_fresh,R,0,1,1000,6623.53,3.9900,0.0000,6626.0,0.0,4.000,16384.0,0.000,0,0,16384000,4,0,4,1,0,4,1
3,f32,4,1024,glibc_default_fresh,M_TWIN,0,2,1000,6294.49,3.9900,0.0000,3545.0,2753.0,4.000,16384.0,0.000,0,0,16384000,4,1,0,0,0,4,1
3,f32,4,1024,glibc_default_fresh,R,1,0,1000,6521.10,3.9900,0.0000,4779.0,1745.0,4.000,16384.0,0.000,0,0,16384000,4,0,4,1,0,4,1
3,f32,4,1024,glibc_default_fresh,M_TWIN,1,1,1000,6219.73,3.9900,0.0000,812.0,5411.0,4.000,16384.0,0.000,0,0,16384000,4,1,0,0,0,4,1
3,f32,4,1024,glibc_default_fresh,M,1,2,1000,6570.42,3.9900,0.0000,948.0,5625.0,4.000,16384.0,0.000,0,0,16384000,4,1,0,0,0,4,1
3,f32,4,1024,glibc_default_fresh,M_TWIN,2,0,1000,6407.52,3.9900,0.0000,940.0,5469.0,4.000,16384.0,0.000,0,0,16384000,4,1,0,0,0,4,1
3,f32,4,1024,glibc_default_fresh,M,2,1,1000,6269.91,3.9900,0.0000,2392.0,3881.0,4.000,16384.0,0.000,0,0,16384000,4,1,0,0,0,4,1
3,f32,4,1024,glibc_default_fresh,R,2,2,1000,6738.25,3.9900,0.0000,2487.0,4254.0,4.000,16384.0,0.000,0,0,16384000,4,0,4,1,0,4,1
3,f32,4,1024,glibc_default_fresh,M,3,0,1000,6773.84,3.9900,0.0000,1251.0,5525.0,4.000,16384.0,0.000,0,0,16384000,4,1,0,0,0,4,1
3,f32,4,1024,glibc_default_fresh,R,3,1,1000,6951.56,3.9900,0.0000,3528.0,3426.0,4.000,16384.0,0.000,0,0,16384000,4,0,4,1,0,4,1
3,f32,4,1024,glibc_default_fresh,M_TWIN,3,2,1000,6495.92,3.9900,0.0000,3328.0,3171.0,4.000,16384.0,0.000,0,0,16384000,4,1,0,0,0,4,1
3,f32,4,1024,glibc_default_fresh,R,4,0,1000,6717.68,3.9900,0.0000,6721.0,0.0,4.000,16384.0,0.000,0,0,16384000,4,0,4,1,0,4,1
3,f32,4,1024,glibc_default_fresh,M_TWIN,4,1,1000,6410.04,3.9900,0.0000,1191.0,5222.0,4.000,16384.0,0.000,0,0,16384000,4,1,0,0,0,4,1
3,f32,4,1024,glibc_default_fresh,M,4,2,1000,6399.88,3.9900,0.0000,6251.0,152.0,4.000,16384.0,0.000,0,0,16384000,4,1,0,0,0,4,1
3,f32,4,1024,glibc_default_fresh,M_TWIN,5,0,1000,7221.83,3.9900,0.0000,0.0,7212.0,4.000,16384.0,0.000,0,0,16384000,4,1,0,0,0,4,1
3,f32,4,1024,glibc_default_fresh,M,5,1,1000,6932.90,3.9900,0.0000,1479.0,5457.0,4.000,16384.0,0.000,0,0,16384000,4,1,0,0,0,4,1
3,f32,4,1024,glibc_default_fresh,R,5,2,1000,7045.88,3.9900,0.0000,3524.0,3524.0,4.000,16384.0,0.000,0,0,16384000,4,0,4,1,0,4,1
3,f32,4,1024,glibc_default_fresh,M,6,0,1000,6872.66,3.9900,0.0000,3434.0,3444.0,4.000,16384.0,0.000,0,0,16384000,4,1,0,0,0,4,1
3,f32,4,1024,glibc_default_fresh,R,6,1,1000,6755.65,3.9900,0.0000,3359.0,3401.0,4.000,16384.0,0.000,0,0,16384000,4,0,4,1,0,4,1
3,f32,4,1024,glibc_default_fresh,M_TWIN,6,2,1000,6409.35,3.9900,0.0000,1262.0,5150.0,4.000,16384.0,0.000,0,0,16384000,4,1,0,0,0,4,1
3,f32,4,1024,glibc_default_fresh,R,7,0,1000,6607.87,3.9900,0.0000,2402.0,4208.0,4.000,16384.0,0.000,0,0,16384000,4,0,4,1,0,4,1
3,f32,4,1024,glibc_default_fresh,M_TWIN,7,1,1000,6362.58,3.9900,0.0000,1249.0,5115.0,4.000,16384.0,0.000,0,0,16384000,4,1,0,0,0,4,1
3,f32,4,1024,glibc_default_fresh,M,7,2,1000,6400.18,3.9900,0.0000,5266.0,1138.0,4.000,16384.0,0.000,0,0,16384000,4,1,0,0,0,4,1
3,f32,4,1024,glibc_default_fresh,M_TWIN,8,0,1000,6406.05,3.9900,0.0000,2221.0,4187.0,4.000,16384.0,0.000,0,0,16384000,4,1,0,0,0,4,1
3,f32,4,1024,glibc_default_fresh,M,8,1,1000,6652.63,3.9900,0.0000,3279.0,3377.0,4.000,16384.0,0.000,0,0,16384000,4,1,0,0,0,4,1
3,f32,4,1024,glibc_default_fresh,R,8,2,1000,6751.34,3.9900,0.0000,6754.0,0.0,4.000,16384.0,0.000,0,0,16384000,4,0,4,1,0,4,1
3,f32,4,1024,glibc_default_fresh,M,9,0,1000,6442.09,3.9900,0.0000,3150.0,3295.0,4.000,16384.0,0.000,0,0,16384000,4,1,0,0,0,4,1
3,f32,4,1024,glibc_default_fresh,R,9,1,1000,6612.53,3.9900,0.0000,6615.0,0.0,4.000,16384.0,0.000,0,0,16384000,4,0,4,1,0,4,1
3,f32,4,1024,glibc_default_fresh,M_TWIN,9,2,1000,6456.46,3.9900,0.0000,0.0,6459.0,4.000,16384.0,0.000,0,0,16384000,4,1,0,0,0,4,1
3,f32,4,1024,glibc_default_fresh,R,10,0,1000,6774.15,3.9900,0.0000,0.0,6777.0,4.000,16384.0,0.000,0,0,16384000,4,0,4,1,0,4,1
3,f32,4,1024,glibc_default_fresh,M_TWIN,10,1,1000,6289.51,3.9900,0.0000,3056.0,3237.0,4.000,16384.0,0.000,0,0,16384000,4,1,0,0,0,4,1
3,f32,4,1024,glibc_default_fresh,M,10,2,1000,6623.22,3.9900,0.0000,5448.0,1177.0,4.000,16384.0,0.000,0,0,16384000,4,1,0,0,0,4,1
3,f32,4,1024,glibc_default_fresh,M_TWIN,11,0,1000,6586.73,3.9900,0.0000,2383.0,4207.0,4.000,16384.0,0.000,0,0,16384000,4,1,0,0,0,4,1
3,f32,4,1024,glibc_default_fresh,M,11,1,1000,6906.05,3.9900,0.0000,3391.0,3518.0,4.000,16384.0,0.000,0,0,16384000,4,1,0,0,0,4,1
3,f32,4,1024,glibc_default_fresh,R,11,2,1000,6678.43,3.9900,0.0000,3269.0,3412.0,4.000,16384.0,0.000,0,0,16384000,4,0,4,1,0,4,1
3,f32,4,1024,glibc_default_fresh,M,12,0,1000,6898.83,3.9900,0.0000,6903.0,0.0,4.000,16384.0,0.000,0,0,16384000,4,1,0,0,0,4,1
3,f32,4,1024,glibc_default_fresh,R,12,1,1000,6757.94,3.9900,0.0000,1541.0,5220.0,4.000,16384.0,0.000,0,0,16384000,4,0,4,1,0,4,1
3,f32,4,1024,glibc_default_fresh,M_TWIN,12,2,1000,6376.90,3.9900,0.0000,1330.0,5050.0,4.000,16384.0,0.000,0,0,16384000,4,1,0,0,0,4,1
3,f32,4,1024,glibc_default_fresh,R,13,0,1000,6706.38,3.9900,0.0000,6709.0,0.0,4.000,16384.0,0.000,0,0,16384000,4,0,4,1,0,4,1
3,f32,4,1024,glibc_default_fresh,M_TWIN,13,1,1000,6482.87,3.9900,0.0000,0.0,6456.0,4.000,16384.0,0.000,0,0,16384000,4,1,0,0,0,4,1
3,f32,4,1024,glibc_default_fresh,M,13,2,1000,6512.10,3.9900,0.0000,0.0,6515.0,4.000,16384.0,0.000,0,0,16384000,4,1,0,0,0,4,1
3,f32,4,1024,glibc_default_fresh,M_TWIN,14,0,1000,6426.15,3.9900,0.0000,0.0,6430.0,4.000,16384.0,0.000,0,0,16384000,4,1,0,0,0,4,1
3,f32,4,1024,glibc_default_fresh,M,14,1,1000,6558.28,3.9900,0.0000,1438.0,5124.0,4.000,16384.0,0.000,0,0,16384000,4,1,0,0,0,4,1
3,f32,4,1024,glibc_default_fresh,R,14,2,1000,8583.06,3.9900,0.0000,4918.0,3668.0,4.000,16384.0,0.000,0,0,16384000,4,0,4,1,0,4,1
3,f32,4,4096,glibc_default_fresh,M,0,0,1,3499.00,2.0000,0.0000,15000.0,0.0,4.000,65536.0,0.000,0,0,65536,4,1,0,0,0,4,1
3,f32,4,4096,glibc_default_fresh,R,0,1,1,4494.00,0.0000,0.0000,5000.0,0.0,4.000,65536.0,0.000,0,0,65536,4,0,4,1,0,4,1
3,f32,4,4096,glibc_default_fresh,M_TWIN,0,2,1,3340.00,0.0000,0.0000,4000.0,0.0,4.000,65536.0,0.000,0,0,65536,4,1,0,0,0,4,1
3,f32,4,4096,glibc_default_fresh,R,1,0,1,5781.00,0.0000,0.0000,6000.0,0.0,4.000,65536.0,0.000,0,0,65536,4,0,4,1,0,4,1
3,f32,4,4096,glibc_default_fresh,M_TWIN,1,1,1,3300.00,0.0000,0.0000,4000.0,0.0,4.000,65536.0,0.000,0,0,65536,4,1,0,0,0,4,1
3,f32,4,4096,glibc_default_fresh,M,1,2,1,3339.00,0.0000,0.0000,3000.0,0.0,4.000,65536.0,0.000,0,0,65536,4,1,0,0,0,4,1
3,f32,4,4096,glibc_default_fresh,M_TWIN,2,0,1,3275.00,0.0000,0.0000,4000.0,0.0,4.000,65536.0,0.000,0,0,65536,4,1,0,0,0,4,1
3,f32,4,4096,glibc_default_fresh,M,2,1,1,3239.00,0.0000,0.0000,4000.0,0.0,4.000,65536.0,0.000,0,0,65536,4,1,0,0,0,4,1
3,f32,4,4096,glibc_default_fresh,R,2,2,1,4399.00,0.0000,0.0000,5000.0,0.0,4.000,65536.0,0.000,0,0,65536,4,0,4,1,0,4,1
3,f32,4,4096,glibc_default_fresh,M,3,0,1,3336.00,0.0000,0.0000,4000.0,0.0,4.000,65536.0,0.000,0,0,65536,4,1,0,0,0,4,1
3,f32,4,4096,glibc_default_fresh,R,3,1,1,4464.00,0.0000,0.0000,5000.0,0.0,4.000,65536.0,0.000,0,0,65536,4,0,4,1,0,4,1
3,f32,4,4096,glibc_default_fresh,M_TWIN,3,2,1,3292.00,0.0000,0.0000,4000.0,0.0,4.000,65536.0,0.000,0,0,65536,4,1,0,0,0,4,1
3,f32,4,4096,glibc_default_fresh,R,4,0,1,4355.00,0.0000,0.0000,5000.0,0.0,4.000,65536.0,0.000,0,0,65536,4,0,4,1,0,4,1
3,f32,4,4096,glibc_default_fresh,M_TWIN,4,1,1,3260.00,0.0000,0.0000,4000.0,0.0,4.000,65536.0,0.000,0,0,65536,4,1,0,0,0,4,1
3,f32,4,4096,glibc_default_fresh,M,4,2,1,3294.00,0.0000,0.0000,3000.0,0.0,4.000,65536.0,0.000,0,0,65536,4,1,0,0,0,4,1
3,f32,4,4096,glibc_default_fresh,M_TWIN,5,0,1,3180.00,0.0000,0.0000,3000.0,0.0,4.000,65536.0,0.000,0,0,65536,4,1,0,0,0,4,1
3,f32,4,4096,glibc_default_fresh,M,5,1,1,3271.00,0.0000,0.0000,3000.0,0.0,4.000,65536.0,0.000,0,0,65536,4,1,0,0,0,4,1
3,f32,4,4096,glibc_default_fresh,R,5,2,1,4420.00,0.0000,0.0000,5000.0,0.0,4.000,65536.0,0.000,0,0,65536,4,0,4,1,0,4,1
3,f32,4,4096,glibc_default_fresh,M,6,0,1,3376.00,0.0000,0.0000,4000.0,0.0,4.000,65536.0,0.000,0,0,65536,4,1,0,0,0,4,1
3,f32,4,4096,glibc_default_fresh,R,6,1,1,4339.00,0.0000,0.0000,5000.0,0.0,4.000,65536.0,0.000,0,0,65536,4,0,4,1,0,4,1
3,f32,4,4096,glibc_default_fresh,M_TWIN,6,2,1,3301.00,0.0000,0.0000,4000.0,0.0,4.000,65536.0,0.000,0,0,65536,4,1,0,0,0,4,1
3,f32,4,4096,glibc_default_fresh,R,7,0,1,4401.00,0.0000,0.0000,5000.0,0.0,4.000,65536.0,0.000,0,0,65536,4,0,4,1,0,4,1
3,f32,4,4096,glibc_default_fresh,M_TWIN,7,1,1,3287.00,0.0000,0.0000,4000.0,0.0,4.000,65536.0,0.000,0,0,65536,4,1,0,0,0,4,1
3,f32,4,4096,glibc_default_fresh,M,7,2,1,3227.00,0.0000,0.0000,4000.0,0.0,4.000,65536.0,0.000,0,0,65536,4,1,0,0,0,4,1
3,f32,4,4096,glibc_default_fresh,M_TWIN,8,0,1,3223.00,0.0000,0.0000,4000.0,0.0,4.000,65536.0,0.000,0,0,65536,4,1,0,0,0,4,1
3,f32,4,4096,glibc_default_fresh,M,8,1,1,3336.00,0.0000,0.0000,4000.0,0.0,4.000,65536.0,0.000,0,0,65536,4,1,0,0,0,4,1
3,f32,4,4096,glibc_default_fresh,R,8,2,1,4381.00,0.0000,0.0000,5000.0,0.0,4.000,65536.0,0.000,0,0,65536,4,0,4,1,0,4,1
3,f32,4,4096,glibc_default_fresh,M,9,0,1,3183.00,0.0000,0.0000,3000.0,0.0,4.000,65536.0,0.000,0,0,65536,4,1,0,0,0,4,1
3,f32,4,4096,glibc_default_fresh,R,9,1,1,4409.00,0.0000,0.0000,5000.0,0.0,4.000,65536.0,0.000,0,0,65536,4,0,4,1,0,4,1
3,f32,4,4096,glibc_default_fresh,M_TWIN,9,2,1,3255.00,0.0000,0.0000,4000.0,0.0,4.000,65536.0,0.000,0,0,65536,4,1,0,0,0,4,1
3,f32,4,4096,glibc_default_fresh,R,10,0,1,4353.00,0.0000,0.0000,5000.0,0.0,4.000,65536.0,0.000,0,0,65536,4,0,4,1,0,4,1
3,f32,4,4096,glibc_default_fresh,M_TWIN,10,1,1,3232.00,0.0000,0.0000,4000.0,0.0,4.000,65536.0,0.000,0,0,65536,4,1,0,0,0,4,1
3,f32,4,4096,glibc_default_fresh,M,10,2,1,3331.00,0.0000,0.0000,3000.0,0.0,4.000,65536.0,0.000,0,0,65536,4,1,0,0,0,4,1
3,f32,4,4096,glibc_default_fresh,M_TWIN,11,0,1,3591.00,0.0000,0.0000,4000.0,0.0,4.000,65536.0,0.000,0,0,65536,4,1,0,0,0,4,1
3,f32,4,4096,glibc_default_fresh,M,11,1,1,3421.00,0.0000,0.0000,4000.0,0.0,4.000,65536.0,0.000,0,0,65536,4,1,0,0,0,4,1
3,f32,4,4096,glibc_default_fresh,R,11,2,1,4511.00,0.0000,0.0000,5000.0,0.0,4.000,65536.0,0.000,0,0,65536,4,0,4,1,0,4,1
3,f32,4,4096,glibc_default_fresh,M,12,0,1,3362.00,0.0000,0.0000,3000.0,0.0,4.000,65536.0,0.000,0,0,65536,4,1,0,0,0,4,1
3,f32,4,4096,glibc_default_fresh,R,12,1,1,4495.00,0.0000,0.0000,5000.0,0.0,4.000,65536.0,0.000,0,0,65536,4,0,4,1,0,4,1
3,f32,4,4096,glibc_default_fresh,M_TWIN,12,2,1,3318.00,0.0000,0.0000,3000.0,0.0,4.000,65536.0,0.000,0,0,65536,4,1,0,0,0,4,1
3,f32,4,4096,glibc_default_fresh,R,13,0,1,4477.00,0.0000,0.0000,5000.0,0.0,4.000,65536.0,0.000,0,0,65536,4,0,4,1,0,4,1
3,f32,4,4096,glibc_default_fresh,M_TWIN,13,1,1,3333.00,0.0000,0.0000,4000.0,0.0,4.000,65536.0,0.000,0,0,65536,4,1,0,0,0,4,1
3,f32,4,4096,glibc_default_fresh,M,13,2,1,3254.00,0.0000,0.0000,4000.0,0.0,4.000,65536.0,0.000,0,0,65536,4,1,0,0,0,4,1
3,f32,4,4096,glibc_default_fresh,M_TWIN,14,0,1,3296.00,0.0000,0.0000,4000.0,0.0,4.000,65536.0,0.000,0,0,65536,4,1,0,0,0,4,1
3,f32,4,4096,glibc_default_fresh,M,14,1,1,3251.00,0.0000,0.0000,3000.0,0.0,4.000,65536.0,0.000,0,0,65536,4,1,0,0,0,4,1
3,f32,4,4096,glibc_default_fresh,R,14,2,1,4423.00,0.0000,0.0000,5000.0,0.0,4.000,65536.0,0.000,0,0,65536,4,0,4,1,0,4,1
3,f32,4,16384,glibc_default_fresh,M,0,0,1,47017.00,35.0000,0.0000,0.0,60000.0,4.000,262144.0,0.000,0,0,262144,4,1,0,0,0,4,1
3,f32,4,16384,glibc_default_fresh,R,0,1,1,49495.00,32.0000,0.0000,51000.0,0.0,4.000,262144.0,0.000,0,0,262144,4,0,4,1,0,4,1
3,f32,4,16384,glibc_default_fresh,M_TWIN,0,2,1,45658.00,32.0000,0.0000,47000.0,0.0,4.000,262144.0,0.000,0,0,262144,4,1,0,0,0,4,1
3,f32,4,16384,glibc_default_fresh,R,1,0,1,53571.00,32.0000,0.0000,55000.0,0.0,4.000,262144.0,0.000,0,0,262144,4,0,4,1,0,4,1
3,f32,4,16384,glibc_default_fresh,M_TWIN,1,1,1,45874.00,32.0000,0.0000,47000.0,0.0,4.000,262144.0,0.000,0,0,262144,4,1,0,0,0,4,1
3,f32,4,16384,glibc_default_fresh,M,1,2,1,45224.00,32.0000,0.0000,45000.0,0.0,4.000,262144.0,0.000,0,0,262144,4,1,0,0,0,4,1
3,f32,4,16384,glibc_default_fresh,M_TWIN,2,0,1,44638.00,32.0000,0.0000,45000.0,0.0,4.000,262144.0,0.000,0,0,262144,4,1,0,0,0,4,1
3,f32,4,16384,glibc_default_fresh,M,2,1,1,44943.00,32.0000,0.0000,46000.0,0.0,4.000,262144.0,0.000,0,0,262144,4,1,0,0,0,4,1
3,f32,4,16384,glibc_default_fresh,R,2,2,1,50771.00,32.0000,0.0000,52000.0,0.0,4.000,262144.0,0.000,0,0,262144,4,0,4,1,0,4,1
3,f32,4,16384,glibc_default_fresh,M,3,0,1,45102.00,32.0000,0.0000,45000.0,0.0,4.000,262144.0,0.000,0,0,262144,4,1,0,0,0,4,1
3,f32,4,16384,glibc_default_fresh,R,3,1,1,47591.00,32.0000,0.0000,48000.0,0.0,4.000,262144.0,0.000,0,0,262144,4,0,4,1,0,4,1
3,f32,4,16384,glibc_default_fresh,M_TWIN,3,2,1,44305.00,32.0000,0.0000,45000.0,0.0,4.000,262144.0,0.000,0,0,262144,4,1,0,0,0,4,1
3,f32,4,16384,glibc_default_fresh,R,4,0,1,64130.00,32.0000,0.0000,65000.0,0.0,4.000,262144.0,0.000,0,0,262144,4,0,4,1,0,4,1
3,f32,4,16384,glibc_default_fresh,M_TWIN,4,1,1,55430.00,32.0000,0.0000,56000.0,0.0,4.000,262144.0,0.000,0,0,262144,4,1,0,0,0,4,1
3,f32,4,16384,glibc_default_fresh,M,4,2,1,44871.00,32.0000,0.0000,46000.0,0.0,4.000,262144.0,0.000,0,0,262144,4,1,0,0,0,4,1
3,f32,4,16384,glibc_default_fresh,M_TWIN,5,0,1,44848.00,32.0000,0.0000,46000.0,0.0,4.000,262144.0,0.000,0,0,262144,4,1,0,0,0,4,1
3,f32,4,16384,glibc_default_fresh,M,5,1,1,45180.00,32.0000,0.0000,47000.0,0.0,4.000,262144.0,0.000,0,0,262144,4,1,0,0,0,4,1
3,f32,4,16384,glibc_default_fresh,R,5,2,1,48724.00,32.0000,0.0000,49000.0,0.0,4.000,262144.0,0.000,0,0,262144,4,0,4,1,0,4,1
3,f32,4,16384,glibc_default_fresh,M,6,0,1,71046.00,32.0000,0.0000,72000.0,0.0,4.000,262144.0,0.000,0,0,262144,4,1,0,0,0,4,1
3,f32,4,16384,glibc_default_fresh,R,6,1,1,49524.00,32.0000,0.0000,50000.0,0.0,4.000,262144.0,0.000,0,0,262144,4,0,4,1,0,4,1
3,f32,4,16384,glibc_default_fresh,M_TWIN,6,2,1,58288.00,32.0000,0.0000,60000.0,0.0,4.000,262144.0,0.000,0,0,262144,4,1,0,0,0,4,1
3,f32,4,16384,glibc_default_fresh,R,7,0,1,50463.00,32.0000,0.0000,52000.0,0.0,4.000,262144.0,0.000,0,0,262144,4,0,4,1,0,4,1
3,f32,4,16384,glibc_default_fresh,M_TWIN,7,1,1,45540.00,32.0000,0.0000,46000.0,0.0,4.000,262144.0,0.000,0,0,262144,4,1,0,0,0,4,1
3,f32,4,16384,glibc_default_fresh,M,7,2,1,45628.00,32.0000,0.0000,47000.0,0.0,4.000,262144.0,0.000,0,0,262144,4,1,0,0,0,4,1
3,f32,4,16384,glibc_default_fresh,M_TWIN,8,0,1,73895.00,32.0000,0.0000,75000.0,0.0,4.000,262144.0,0.000,0,0,262144,4,1,0,0,0,4,1
3,f32,4,16384,glibc_default_fresh,M,8,1,1,44639.00,32.0000,0.0000,45000.0,0.0,4.000,262144.0,0.000,0,0,262144,4,1,0,0,0,4,1
3,f32,4,16384,glibc_default_fresh,R,8,2,1,47884.00,32.0000,0.0000,48000.0,0.0,4.000,262144.0,0.000,0,0,262144,4,0,4,1,0,4,1
3,f32,4,16384,glibc_default_fresh,M,9,0,1,44568.00,32.0000,0.0000,45000.0,0.0,4.000,262144.0,0.000,0,0,262144,4,1,0,0,0,4,1
3,f32,4,16384,glibc_default_fresh,R,9,1,1,47755.00,32.0000,0.0000,48000.0,0.0,4.000,262144.0,0.000,0,0,262144,4,0,4,1,0,4,1
3,f32,4,16384,glibc_default_fresh,M_TWIN,9,2,1,44819.00,32.0000,0.0000,46000.0,0.0,4.000,262144.0,0.000,0,0,262144,4,1,0,0,0,4,1
3,f32,4,16384,glibc_default_fresh,R,10,0,1,52619.00,32.0000,0.0000,53000.0,0.0,4.000,262144.0,0.000,0,0,262144,4,0,4,1,0,4,1
3,f32,4,16384,glibc_default_fresh,M_TWIN,10,1,1,46477.00,32.0000,0.0000,48000.0,0.0,4.000,262144.0,0.000,0,0,262144,4,1,0,0,0,4,1
3,f32,4,16384,glibc_default_fresh,M,10,2,1,44910.00,32.0000,0.0000,46000.0,0.0,4.000,262144.0,0.000,0,0,262144,4,1,0,0,0,4,1
3,f32,4,16384,glibc_default_fresh,M_TWIN,11,0,1,50185.00,32.0000,0.0000,51000.0,0.0,4.000,262144.0,0.000,0,0,262144,4,1,0,0,0,4,1
3,f32,4,16384,glibc_default_fresh,M,11,1,1,45144.00,32.0000,0.0000,46000.0,0.0,4.000,262144.0,0.000,0,0,262144,4,1,0,0,0,4,1
3,f32,4,16384,glibc_default_fresh,R,11,2,1,75682.00,32.0000,0.0000,77000.0,0.0,4.000,262144.0,0.000,0,0,262144,4,0,4,1,0,4,1
3,f32,4,16384,glibc_default_fresh,M,12,0,1,46578.00,32.0000,0.0000,48000.0,0.0,4.000,262144.0,0.000,0,0,262144,4,1,0,0,0,4,1
3,f32,4,16384,glibc_default_fresh,R,12,1,1,66871.00,32.0000,0.0000,67000.0,0.0,4.000,262144.0,0.000,0,0,262144,4,0,4,1,0,4,1
3,f32,4,16384,glibc_default_fresh,M_TWIN,12,2,1,44430.00,32.0000,0.0000,45000.0,0.0,4.000,262144.0,0.000,0,0,262144,4,1,0,0,0,4,1
3,f32,4,16384,glibc_default_fresh,R,13,0,1,53896.00,32.0000,0.0000,54000.0,0.0,4.000,262144.0,0.000,0,0,262144,4,0,4,1,0,4,1
3,f32,4,16384,glibc_default_fresh,M_TWIN,13,1,1,53348.00,32.0000,0.0000,54000.0,0.0,4.000,262144.0,0.000,0,0,262144,4,1,0,0,0,4,1
3,f32,4,16384,glibc_default_fresh,M,13,2,1,44808.00,32.0000,0.0000,46000.0,0.0,4.000,262144.0,0.000,0,0,262144,4,1,0,0,0,4,1
3,f32,4,16384,glibc_default_fresh,M_TWIN,14,0,1,44888.00,32.0000,0.0000,46000.0,0.0,4.000,262144.0,0.000,0,0,262144,4,1,0,0,0,4,1
3,f32,4,16384,glibc_default_fresh,M,14,1,1,45647.00,32.0000,0.0000,47000.0,0.0,4.000,262144.0,0.000,0,0,262144,4,1,0,0,0,4,1
3,f32,4,16384,glibc_default_fresh,R,14,2,1,64684.00,32.0000,0.0000,66000.0,0.0,4.000,262144.0,0.000,0,0,262144,4,0,4,1,0,4,1
3,f32,4,65536,glibc_default_fresh,M,0,0,1,228064.00,162.0000,0.0000,81000.0,160000.0,4.000,1048576.0,0.000,0,0,1048576,4,1,0,0,0,4,1
3,f32,4,65536,glibc_default_fresh,R,0,1,1,292928.00,224.0000,0.0000,99000.0,197000.0,4.000,1048576.0,0.000,0,0,1048576,4,0,4,1,0,4,1
3,f32,4,65536,glibc_default_fresh,M_TWIN,0,2,1,230806.00,160.0000,0.0000,78000.0,155000.0,4.000,1048576.0,0.000,0,0,1048576,4,1,0,0,0,4,1
3,f32,4,65536,glibc_default_fresh,R,1,0,1,331041.00,224.0000,0.0000,0.0,333000.0,4.000,1048576.0,0.000,0,0,1048576,4,0,4,1,0,4,1
3,f32,4,65536,glibc_default_fresh,M_TWIN,1,1,1,228347.00,160.0000,0.0000,0.0,230000.0,4.000,1048576.0,0.000,0,0,1048576,4,1,0,0,0,4,1
3,f32,4,65536,glibc_default_fresh,M,1,2,1,232531.00,160.0000,0.0000,0.0,234000.0,4.000,1048576.0,0.000,0,0,1048576,4,1,0,0,0,4,1
3,f32,4,65536,glibc_default_fresh,M_TWIN,2,0,1,247095.00,160.0000,0.0000,0.0,249000.0,4.000,1048576.0,0.000,0,0,1048576,4,1,0,0,0,4,1
3,f32,4,65536,glibc_default_fresh,M,2,1,1,342231.00,160.0000,0.0000,0.0,329000.0,4.000,1048576.0,0.000,0,0,1048576,4,1,0,0,0,4,1
3,f32,4,65536,glibc_default_fresh,R,2,2,1,321717.00,224.0000,0.0000,0.0,324000.0,4.000,1048576.0,0.000,0,0,1048576,4,0,4,1,0,4,1
3,f32,4,65536,glibc_default_fresh,M,3,0,1,257158.00,160.0000,0.0000,0.0,260000.0,4.000,1048576.0,0.000,0,0,1048576,4,1,0,0,0,4,1
3,f32,4,65536,glibc_default_fresh,R,3,1,1,292483.00,224.0000,0.0000,0.0,294000.0,4.000,1048576.0,0.000,0,0,1048576,4,0,4,1,0,4,1
3,f32,4,65536,glibc_default_fresh,M_TWIN,3,2,1,261946.00,160.0000,0.0000,264000.0,0.0,4.000,1048576.0,0.000,0,0,1048576,4,1,0,0,0,4,1
3,f32,4,65536,glibc_default_fresh,R,4,0,1,292495.00,224.0000,0.0000,294000.0,0.0,4.000,1048576.0,0.000,0,0,1048576,4,0,4,1,0,4,1
3,f32,4,65536,glibc_default_fresh,M_TWIN,4,1,1,232875.00,160.0000,0.0000,235000.0,0.0,4.000,1048576.0,0.000,0,0,1048576,4,1,0,0,0,4,1
3,f32,4,65536,glibc_default_fresh,M,4,2,1,230637.00,160.0000,0.0000,233000.0,0.0,4.000,1048576.0,0.000,0,0,1048576,4,1,0,0,0,4,1
3,f32,4,65536,glibc_default_fresh,M_TWIN,5,0,1,300840.00,160.0000,0.0000,0.0,291000.0,4.000,1048576.0,0.000,0,0,1048576,4,1,0,0,0,4,1
3,f32,4,65536,glibc_default_fresh,M,5,1,1,232633.00,160.0000,0.0000,0.0,235000.0,4.000,1048576.0,0.000,0,0,1048576,4,1,0,0,0,4,1
3,f32,4,65536,glibc_default_fresh,R,5,2,1,336855.00,224.0000,0.0000,0.0,339000.0,4.000,1048576.0,0.000,0,0,1048576,4,0,4,1,0,4,1
3,f32,4,65536,glibc_default_fresh,M,6,0,1,243763.00,160.0000,0.0000,0.0,246000.0,4.000,1048576.0,0.000,0,0,1048576,4,1,0,0,0,4,1
3,f32,4,65536,glibc_default_fresh,R,6,1,1,329741.00,224.0000,0.0000,0.0,331000.0,4.000,1048576.0,0.000,0,0,1048576,4,0,4,1,0,4,1
3,f32,4,65536,glibc_default_fresh,M_TWIN,6,2,1,231542.00,160.0000,0.0000,0.0,234000.0,4.000,1048576.0,0.000,0,0,1048576,4,1,0,0,0,4,1
3,f32,4,65536,glibc_default_fresh,R,7,0,1,307773.00,224.0000,0.0000,0.0,310000.0,4.000,1048576.0,0.000,0,0,1048576,4,0,4,1,0,4,1
3,f32,4,65536,glibc_default_fresh,M_TWIN,7,1,1,230622.00,160.0000,0.0000,0.0,232000.0,4.000,1048576.0,0.000,0,0,1048576,4,1,0,0,0,4,1
3,f32,4,65536,glibc_default_fresh,M,7,2,1,292516.00,160.0000,0.0000,0.0,294000.0,4.000,1048576.0,0.000,0,0,1048576,4,1,0,0,0,4,1
3,f32,4,65536,glibc_default_fresh,M_TWIN,8,0,1,253941.00,160.0000,0.0000,0.0,257000.0,4.000,1048576.0,0.000,0,0,1048576,4,1,0,0,0,4,1
3,f32,4,65536,glibc_default_fresh,M,8,1,1,230373.00,160.0000,0.0000,0.0,233000.0,4.000,1048576.0,0.000,0,0,1048576,4,1,0,0,0,4,1
3,f32,4,65536,glibc_default_fresh,R,8,2,1,287575.00,224.0000,0.0000,0.0,289000.0,4.000,1048576.0,0.000,0,0,1048576,4,0,4,1,0,4,1
3,f32,4,65536,glibc_default_fresh,M,9,0,1,239373.00,160.0000,0.0000,0.0,241000.0,4.000,1048576.0,0.000,0,0,1048576,4,1,0,0,0,4,1
3,f32,4,65536,glibc_default_fresh,R,9,1,1,320272.00,224.0000,0.0000,322000.0,0.0,4.000,1048576.0,0.000,0,0,1048576,4,0,4,1,0,4,1
3,f32,4,65536,glibc_default_fresh,M_TWIN,9,2,1,231111.00,160.0000,0.0000,233000.0,0.0,4.000,1048576.0,0.000,0,0,1048576,4,1,0,0,0,4,1
3,f32,4,65536,glibc_default_fresh,R,10,0,1,307805.00,224.0000,0.0000,309000.0,0.0,4.000,1048576.0,0.000,0,0,1048576,4,0,4,1,0,4,1
3,f32,4,65536,glibc_default_fresh,M_TWIN,10,1,1,292198.00,160.0000,0.0000,295000.0,0.0,4.000,1048576.0,0.000,0,0,1048576,4,1,0,0,0,4,1
3,f32,4,65536,glibc_default_fresh,M,10,2,1,239132.00,160.0000,0.0000,241000.0,0.0,4.000,1048576.0,0.000,0,0,1048576,4,1,0,0,0,4,1
3,f32,4,65536,glibc_default_fresh,M_TWIN,11,0,1,248602.00,160.0000,0.0000,251000.0,0.0,4.000,1048576.0,0.000,0,0,1048576,4,1,0,0,0,4,1
3,f32,4,65536,glibc_default_fresh,M,11,1,1,229344.00,160.0000,0.0000,232000.0,0.0,4.000,1048576.0,0.000,0,0,1048576,4,1,0,0,0,4,1
3,f32,4,65536,glibc_default_fresh,R,11,2,1,289647.00,224.0000,0.0000,291000.0,0.0,4.000,1048576.0,0.000,0,0,1048576,4,0,4,1,0,4,1
3,f32,4,65536,glibc_default_fresh,M,12,0,1,229027.00,160.0000,0.0000,231000.0,0.0,4.000,1048576.0,0.000,0,0,1048576,4,1,0,0,0,4,1
3,f32,4,65536,glibc_default_fresh,R,12,1,1,292324.00,224.0000,0.0000,294000.0,0.0,4.000,1048576.0,0.000,0,0,1048576,4,0,4,1,0,4,1
3,f32,4,65536,glibc_default_fresh,M_TWIN,12,2,1,226999.00,160.0000,0.0000,228000.0,0.0,4.000,1048576.0,0.000,0,0,1048576,4,1,0,0,0,4,1
3,f32,4,65536,glibc_default_fresh,R,13,0,1,285251.00,224.0000,0.0000,287000.0,0.0,4.000,1048576.0,0.000,0,0,1048576,4,0,4,1,0,4,1
3,f32,4,65536,glibc_default_fresh,M_TWIN,13,1,1,230996.00,160.0000,0.0000,233000.0,0.0,4.000,1048576.0,0.000,0,0,1048576,4,1,0,0,0,4,1
3,f32,4,65536,glibc_default_fresh,M,13,2,1,262167.00,160.0000,0.0000,264000.0,0.0,4.000,1048576.0,0.000,0,0,1048576,4,1,0,0,0,4,1
3,f32,4,65536,glibc_default_fresh,M_TWIN,14,0,1,262373.00,160.0000,0.0000,264000.0,0.0,4.000,1048576.0,0.000,0,0,1048576,4,1,0,0,0,4,1
3,f32,4,65536,glibc_default_fresh,M,14,1,1,275348.00,160.0000,0.0000,277000.0,0.0,4.000,1048576.0,0.000,0,0,1048576,4,1,0,0,0,4,1
3,f32,4,65536,glibc_default_fresh,R,14,2,1,333340.00,224.0000,0.0000,336000.0,0.0,4.000,1048576.0,0.000,0,0,1048576,4,0,4,1,0,4,1
3,f32,4,262144,glibc_default_fresh,M,0,0,1,1682584.00,738.0000,0.0000,1708000.0,0.0,4.000,4194304.0,0.000,0,0,4194304,4,1,0,0,0,4,1
3,f32,4,262144,glibc_default_fresh,R,0,1,1,2047801.00,992.0000,0.0000,2052000.0,0.0,4.000,4194304.0,0.000,0,0,4194304,4,0,4,1,0,4,1
3,f32,4,262144,glibc_default_fresh,M_TWIN,0,2,1,1651180.00,736.0000,0.0000,1655000.0,0.0,4.000,4194304.0,0.000,0,0,4194304,4,1,0,0,0,4,1
3,f32,4,262144,glibc_default_fresh,R,1,0,1,2126773.00,992.0000,0.0000,2131000.0,0.0,4.000,4194304.0,0.000,0,0,4194304,4,0,4,1,0,4,1
3,f32,4,262144,glibc_default_fresh,M_TWIN,1,1,1,1601112.00,736.0000,0.0000,929000.0,676000.0,4.000,4194304.0,0.000,0,0,4194304,4,1,0,0,0,4,1
3,f32,4,262144,glibc_default_fresh,M,1,2,1,1242129.00,736.0000,0.0000,1152000.0,93000.0,4.000,4194304.0,0.000,0,0,4194304,4,1,0,0,0,4,1
3,f32,4,262144,glibc_default_fresh,M_TWIN,2,0,1,1297835.00,736.0000,0.0000,1242000.0,58000.0,4.000,4194304.0,0.000,0,0,4194304,4,1,0,0,0,4,1
3,f32,4,262144,glibc_default_fresh,M,2,1,1,1190829.00,736.0000,0.0000,1183000.0,11000.0,4.000,4194304.0,0.000,0,0,4194304,4,1,0,0,0,4,1
3,f32,4,262144,glibc_default_fresh,R,2,2,1,1526749.00,992.0000,0.0000,1323000.0,205000.0,4.000,4194304.0,0.000,0,0,4194304,4,0,4,1,0,4,1
3,f32,4,262144,glibc_default_fresh,M,3,0,1,1223998.00,736.0000,0.0000,1225000.0,0.0,4.000,4194304.0,0.000,0,0,4194304,4,1,0,0,0,4,1
3,f32,4,262144,glibc_default_fresh,R,3,1,1,1549470.00,992.0000,0.0000,0.0,1552000.0,4.000,4194304.0,0.000,0,0,4194304,4,0,4,1,0,4,1
3,f32,4,262144,glibc_default_fresh,M_TWIN,3,2,1,1236956.00,736.0000,0.0000,0.0,1239000.0,4.000,4194304.0,0.000,0,0,4194304,4,1,0,0,0,4,1
3,f32,4,262144,glibc_default_fresh,R,4,0,1,1512757.00,992.0000,0.0000,0.0,1515000.0,4.000,4194304.0,0.000,0,0,4194304,4,0,4,1,0,4,1
3,f32,4,262144,glibc_default_fresh,M_TWIN,4,1,1,1228721.00,736.0000,0.0000,0.0,1231000.0,4.000,4194304.0,0.000,0,0,4194304,4,1,0,0,0,4,1
3,f32,4,262144,glibc_default_fresh,M,4,2,1,1189785.00,736.0000,0.0000,715000.0,477000.0,4.000,4194304.0,0.000,0,0,4194304,4,1,0,0,0,4,1
3,f32,4,262144,glibc_default_fresh,M_TWIN,5,0,1,1218624.00,736.0000,0.0000,97000.0,1124000.0,4.000,4194304.0,0.000,0,0,4194304,4,1,0,0,0,4,1
3,f32,4,262144,glibc_default_fresh,M,5,1,1,1219497.00,736.0000,0.0000,1148000.0,74000.0,4.000,4194304.0,0.000,0,0,4194304,4,1,0,0,0,4,1
3,f32,4,262144,glibc_default_fresh,R,5,2,1,1497128.00,992.0000,0.0000,1301000.0,198000.0,4.000,4194304.0,0.000,0,0,4194304,4,0,4,1,0,4,1
3,f32,4,262144,glibc_default_fresh,M,6,0,1,1214519.00,736.0000,0.0000,1072000.0,145000.0,4.000,4194304.0,0.000,0,0,4194304,4,1,0,0,0,4,1
3,f32,4,262144,glibc_default_fresh,R,6,1,1,1535780.00,992.0000,0.0000,0.0,1537000.0,4.000,4194304.0,0.000,0,0,4194304,4,0,4,1,0,4,1
3,f32,4,262144,glibc_default_fresh,M_TWIN,6,2,1,1264033.00,736.0000,0.0000,0.0,1266000.0,4.000,4194304.0,0.000,0,0,4194304,4,1,0,0,0,4,1
3,f32,4,262144,glibc_default_fresh,R,7,0,1,1553923.00,992.0000,0.0000,0.0,1555000.0,4.000,4194304.0,0.000,0,0,4194304,4,0,4,1,0,4,1
3,f32,4,262144,glibc_default_fresh,M_TWIN,7,1,1,1251801.00,736.0000,0.0000,0.0,1254000.0,4.000,4194304.0,0.000,0,0,4194304,4,1,0,0,0,4,1
3,f32,4,262144,glibc_default_fresh,M,7,2,1,1207875.00,736.0000,0.0000,0.0,1210000.0,4.000,4194304.0,0.000,0,0,4194304,4,1,0,0,0,4,1
3,f32,4,262144,glibc_default_fresh,M_TWIN,8,0,1,1211753.00,736.0000,0.0000,0.0,1215000.0,4.000,4194304.0,0.000,0,0,4194304,4,1,0,0,0,4,1
3,f32,4,262144,glibc_default_fresh,M,8,1,1,1198949.00,736.0000,0.0000,0.0,1201000.0,4.000,4194304.0,0.000,0,0,4194304,4,1,0,0,0,4,1
3,f32,4,262144,glibc_default_fresh,R,8,2,1,1513951.00,992.0000,0.0000,0.0,1515000.0,4.000,4194304.0,0.000,0,0,4194304,4,0,4,1,0,4,1
3,f32,4,262144,glibc_default_fresh,M,9,0,1,1190002.00,736.0000,0.0000,624000.0,570000.0,4.000,4194304.0,0.000,0,0,4194304,4,1,0,0,0,4,1
3,f32,4,262144,glibc_default_fresh,R,9,1,1,1561488.00,992.0000,0.0000,1291000.0,273000.0,4.000,4194304.0,0.000,0,0,4194304,4,0,4,1,0,4,1
3,f32,4,262144,glibc_default_fresh,M_TWIN,9,2,1,1242964.00,736.0000,0.0000,0.0,1245000.0,4.000,4194304.0,0.000,0,0,4194304,4,1,0,0,0,4,1
3,f32,4,262144,glibc_default_fresh,R,10,0,1,1575258.00,992.0000,0.0000,1577000.0,0.0,4.000,4194304.0,0.000,0,0,4194304,4,0,4,1,0,4,1
3,f32,4,262144,glibc_default_fresh,M_TWIN,10,1,1,1234103.00,736.0000,0.0000,1236000.0,0.0,4.000,4194304.0,0.000,0,0,4194304,4,1,0,0,0,4,1
3,f32,4,262144,glibc_default_fresh,M,10,2,1,1191519.00,736.0000,0.0000,0.0,1219000.0,4.000,4194304.0,0.000,0,0,4194304,4,1,0,0,0,4,1
3,f32,4,262144,glibc_default_fresh,M_TWIN,11,0,1,1190308.00,736.0000,0.0000,654000.0,538000.0,4.000,4194304.0,0.000,0,0,4194304,4,1,0,0,0,4,1
3,f32,4,262144,glibc_default_fresh,M,11,1,1,1217393.00,736.0000,0.0000,87000.0,1133000.0,4.000,4194304.0,0.000,0,0,4194304,4,1,0,0,0,4,1
3,f32,4,262144,glibc_default_fresh,R,11,2,1,1508141.00,992.0000,0.0000,293000.0,1218000.0,4.000,4194304.0,0.000,0,0,4194304,4,0,4,1,0,4,1
3,f32,4,262144,glibc_default_fresh,M,12,0,1,1251659.00,736.0000,0.0000,227000.0,1027000.0,4.000,4194304.0,0.000,0,0,4194304,4,1,0,0,0,4,1
3,f32,4,262144,glibc_default_fresh,R,12,1,1,1529249.00,992.0000,0.0000,1248000.0,284000.0,4.000,4194304.0,0.000,0,0,4194304,4,0,4,1,0,4,1
3,f32,4,262144,glibc_default_fresh,M_TWIN,12,2,1,1244031.00,736.0000,0.0000,968000.0,280000.0,4.000,4194304.0,0.000,0,0,4194304,4,1,0,0,0,4,1
3,f32,4,262144,glibc_default_fresh,R,13,0,1,1596346.00,992.0000,0.0000,1599000.0,0.0,4.000,4194304.0,0.000,0,0,4194304,4,0,4,1,0,4,1
3,f32,4,262144,glibc_default_fresh,M_TWIN,13,1,1,1271786.00,736.0000,0.0000,0.0,1274000.0,4.000,4194304.0,0.000,0,0,4194304,4,1,0,0,0,4,1
3,f32,4,262144,glibc_default_fresh,M,13,2,1,1232699.00,736.0000,0.0000,0.0,1235000.0,4.000,4194304.0,0.000,0,0,4194304,4,1,0,0,0,4,1
3,f32,4,262144,glibc_default_fresh,M_TWIN,14,0,1,1229239.00,736.0000,0.0000,0.0,1231000.0,4.000,4194304.0,0.000,0,0,4194304,4,1,0,0,0,4,1
3,f32,4,262144,glibc_default_fresh,M,14,1,1,1208907.00,736.0000,0.0000,0.0,1212000.0,4.000,4194304.0,0.000,0,0,4194304,4,1,0,0,0,4,1
3,f32,4,262144,glibc_default_fresh,R,14,2,1,1560535.00,992.0000,0.0000,0.0,1562000.0,4.000,4194304.0,0.000,0,0,4194304,4,0,4,1,0,4,1
3,f32,4,1048576,glibc_default_fresh,M,0,0,1,5289203.00,3042.0000,0.0000,2595000.0,2716000.0,4.000,16777216.0,0.000,0,0,16777216,4,1,0,0,0,4,1
3,f32,4,1048576,glibc_default_fresh,R,0,1,1,6706965.00,4064.0000,0.0000,3319000.0,3391000.0,4.000,16777216.0,0.000,0,0,16777216,4,0,4,1,0,4,1
3,f32,4,1048576,glibc_default_fresh,M_TWIN,0,2,1,6006783.00,3040.0000,0.0000,0.0,6011000.0,4.000,16777216.0,0.000,0,0,16777216,4,1,0,0,0,4,1
3,f32,4,1048576,glibc_default_fresh,R,1,0,1,7226862.00,4064.0000,0.0000,0.0,7231000.0,4.000,16777216.0,0.000,0,0,16777216,4,0,4,1,0,4,1
3,f32,4,1048576,glibc_default_fresh,M_TWIN,1,1,1,5959414.00,3040.0000,0.0000,5956000.0,0.0,4.000,16777216.0,0.000,0,0,16777216,4,1,0,0,0,4,1
3,f32,4,1048576,glibc_default_fresh,M,1,2,1,5720246.00,3040.0000,0.0000,5724000.0,0.0,4.000,16777216.0,0.000,0,0,16777216,4,1,0,0,0,4,1
3,f32,4,1048576,glibc_default_fresh,M_TWIN,2,0,1,5759313.00,3040.0000,0.0000,967000.0,4796000.0,4.000,16777216.0,0.000,0,0,16777216,4,1,0,0,0,4,1
3,f32,4,1048576,glibc_default_fresh,M,2,1,1,5909616.00,3040.0000,0.0000,1058000.0,4855000.0,4.000,16777216.0,0.000,0,0,16777216,4,1,0,0,0,4,1
3,f32,4,1048576,glibc_default_fresh,R,2,2,1,7298669.00,4064.0000,0.0000,5793000.0,1495000.0,4.000,16777216.0,0.000,0,0,16777216,4,0,4,1,0,4,1
3,f32,4,1048576,glibc_default_fresh,M,3,0,1,5705649.00,3040.0000,0.0000,950000.0,4760000.0,4.000,16777216.0,0.000,0,0,16777216,4,1,0,0,0,4,1
3,f32,4,1048576,glibc_default_fresh,R,3,1,1,7234225.00,4064.0000,0.0000,7238000.0,0.0,4.000,16777216.0,0.000,0,0,16777216,4,0,4,1,0,4,1
3,f32,4,1048576,glibc_default_fresh,M_TWIN,3,2,1,5609575.00,3040.0000,0.0000,2700000.0,2914000.0,4.000,16777216.0,0.000,0,0,16777216,4,1,0,0,0,4,1
3,f32,4,1048576,glibc_default_fresh,R,4,0,1,7442692.00,4064.0000,0.0000,0.0,7445000.0,4.000,16777216.0,0.000,0,0,16777216,4,0,4,1,0,4,1
3,f32,4,1048576,glibc_default_fresh,M_TWIN,4,1,1,5567077.00,3040.0000,0.0000,2665000.0,2907000.0,4.000,16777216.0,0.000,0,0,16777216,4,1,0,0,0,4,1
3,f32,4,1048576,glibc_default_fresh,M,4,2,1,5625989.00,3040.0000,0.0000,4881000.0,749000.0,4.000,16777216.0,0.000,0,0,16777216,4,1,0,0,0,4,1
3,f32,4,1048576,glibc_default_fresh,M_TWIN,5,0,1,5507543.00,3040.0000,0.0000,2609000.0,2902000.0,4.000,16777216.0,0.000,0,0,16777216,4,1,0,0,0,4,1
3,f32,4,1048576,glibc_default_fresh,M,5,1,1,5330426.00,3040.0000,0.0000,4754000.0,579000.0,4.000,16777216.0,0.000,0,0,16777216,4,1,0,0,0,4,1
3,f32,4,1048576,glibc_default_fresh,R,5,2,1,7509017.00,4064.0000,0.0000,6003000.0,1509000.0,4.000,16777216.0,0.000,0,0,16777216,4,0,4,1,0,4,1
3,f32,4,1048576,glibc_default_fresh,M,6,0,1,6485412.00,3040.0000,0.0000,1439000.0,5050000.0,4.000,16777216.0,0.000,0,0,16777216,4,1,0,0,0,4,1
3,f32,4,1048576,glibc_default_fresh,R,6,1,1,9199321.00,4064.0000,0.0000,697000.0,8507000.0,4.000,16777216.0,0.000,0,0,16777216,4,0,4,1,0,4,1
3,f32,4,1048576,glibc_default_fresh,M_TWIN,6,2,1,6570450.00,3040.0000,0.0000,1442000.0,5133000.0,4.000,16777216.0,0.000,0,0,16777216,4,1,0,0,0,4,1
3,f32,4,1048576,glibc_default_fresh,R,7,0,1,7472136.00,4064.0000,0.0000,3712000.0,3764000.0,4.000,16777216.0,0.000,0,0,16777216,4,0,4,1,0,4,1
3,f32,4,1048576,glibc_default_fresh,M_TWIN,7,1,1,6025549.00,3040.0000,0.0000,1141000.0,4889000.0,4.000,16777216.0,0.000,0,0,16777216,4,1,0,0,0,4,1
3,f32,4,1048576,glibc_default_fresh,M,7,2,1,5759123.00,3040.0000,0.0000,2744000.0,3019000.0,4.000,16777216.0,0.000,0,0,16777216,4,1,0,0,0,4,1
3,f32,4,1048576,glibc_default_fresh,M_TWIN,8,0,1,5659155.00,3040.0000,0.0000,4935000.0,728000.0,4.000,16777216.0,0.000,0,0,16777216,4,1,0,0,0,4,1
3,f32,4,1048576,glibc_default_fresh,M,8,1,1,5485793.00,3040.0000,0.0000,859000.0,4630000.0,4.000,16777216.0,0.000,0,0,16777216,4,1,0,0,0,4,1
3,f32,4,1048576,glibc_default_fresh,R,8,2,1,6756265.00,4064.0000,0.0000,5572000.0,1186000.0,4.000,16777216.0,0.000,0,0,16777216,4,0,4,1,0,4,1
3,f32,4,1048576,glibc_default_fresh,M,9,0,1,5588368.00,3040.0000,0.0000,926000.0,4665000.0,4.000,16777216.0,0.000,0,0,16777216,4,1,0,0,0,4,1
3,f32,4,1048576,glibc_default_fresh,R,9,1,1,6905066.00,4064.0000,0.0000,3367000.0,3541000.0,4.000,16777216.0,0.000,0,0,16777216,4,0,4,1,0,4,1
3,f32,4,1048576,glibc_default_fresh,M_TWIN,9,2,1,5453585.00,3040.0000,0.0000,860000.0,4597000.0,4.000,16777216.0,0.000,0,0,16777216,4,1,0,0,0,4,1
3,f32,4,1048576,glibc_default_fresh,R,10,0,1,6922172.00,4064.0000,0.0000,6926000.0,0.0,4.000,16777216.0,0.000,0,0,16777216,4,0,4,1,0,4,1
3,f32,4,1048576,glibc_default_fresh,M_TWIN,10,1,1,5310086.00,3040.0000,0.0000,2423000.0,2889000.0,4.000,16777216.0,0.000,0,0,16777216,4,1,0,0,0,4,1
3,f32,4,1048576,glibc_default_fresh,M,10,2,1,5250922.00,3040.0000,0.0000,4733000.0,521000.0,4.000,16777216.0,0.000,0,0,16777216,4,1,0,0,0,4,1
3,f32,4,1048576,glibc_default_fresh,M_TWIN,11,0,1,5526768.00,3040.0000,0.0000,0.0,5530000.0,4.000,16777216.0,0.000,0,0,16777216,4,1,0,0,0,4,1
3,f32,4,1048576,glibc_default_fresh,M,11,1,1,5390652.00,3040.0000,0.0000,4821000.0,573000.0,4.000,16777216.0,0.000,0,0,16777216,4,1,0,0,0,4,1
3,f32,4,1048576,glibc_default_fresh,R,11,2,1,6724963.00,4064.0000,0.0000,5611000.0,1117000.0,4.000,16777216.0,0.000,0,0,16777216,4,0,4,1,0,4,1
3,f32,4,1048576,glibc_default_fresh,M,12,0,1,5411939.00,3040.0000,0.0000,849000.0,4567000.0,4.000,16777216.0,0.000,0,0,16777216,4,1,0,0,0,4,1
3,f32,4,1048576,glibc_default_fresh,R,12,1,1,6619672.00,4064.0000,0.0000,3183000.0,3440000.0,4.000,16777216.0,0.000,0,0,16777216,4,0,4,1,0,4,1
3,f32,4,1048576,glibc_default_fresh,M_TWIN,12,2,1,5391070.00,3040.0000,0.0000,834000.0,4560000.0,4.000,16777216.0,0.000,0,0,16777216,4,1,0,0,0,4,1
3,f32,4,1048576,glibc_default_fresh,R,13,0,1,6602950.00,4064.0000,0.0000,0.0,6606000.0,4.000,16777216.0,0.000,0,0,16777216,4,0,4,1,0,4,1
3,f32,4,1048576,glibc_default_fresh,M_TWIN,13,1,1,6110843.00,3040.0000,0.0000,0.0,6116000.0,4.000,16777216.0,0.000,0,0,16777216,4,1,0,0,0,4,1
3,f32,4,1048576,glibc_default_fresh,M,13,2,1,5602280.00,3040.0000,0.0000,940000.0,4666000.0,4.000,16777216.0,0.000,0,0,16777216,4,1,0,0,0,4,1
3,f32,4,1048576,glibc_default_fresh,M_TWIN,14,0,1,5366882.00,3040.0000,0.0000,806000.0,4564000.0,4.000,16777216.0,0.000,0,0,16777216,4,1,0,0,0,4,1
3,f32,4,1048576,glibc_default_fresh,M,14,1,1,5384135.00,3040.0000,0.0000,2472000.0,2915000.0,4.000,16777216.0,0.000,0,0,16777216,4,1,0,0,0,4,1
3,f32,4,1048576,glibc_default_fresh,R,14,2,1,6548655.00,4064.0000,0.0000,3154000.0,3397000.0,4.000,16777216.0,0.000,0,0,16777216,4,0,4,1,0,4,1
3,f32,4,4194304,glibc_default_fresh,M,0,0,1,31397974.00,12258.0000,0.0000,7690000.0,23707000.0,4.000,67108864.0,0.000,0,0,67108864,4,1,0,0,0,4,1
3,f32,4,4194304,glibc_default_fresh,R,0,1,1,37545714.00,16352.0000,0.0000,14844000.0,22707000.0,4.000,67108864.0,0.000,0,0,67108864,4,0,4,1,0,4,1
3,f32,4,4194304,glibc_default_fresh,M_TWIN,0,2,1,32828775.00,12256.0000,0.0000,8372000.0,24492000.0,4.000,67108864.0,0.000,0,0,67108864,4,1,0,0,0,4,1
3,f32,4,4194304,glibc_default_fresh,R,1,0,1,38397195.00,16352.0000,0.0000,17136000.0,21267000.0,4.000,67108864.0,0.000,0,0,67108864,4,0,4,1,0,4,1
3,f32,4,4194304,glibc_default_fresh,M_TWIN,1,1,1,31044319.00,12256.0000,0.0000,11518000.0,19532000.0,4.000,67108864.0,0.000,0,0,67108864,4,1,0,0,0,4,1
3,f32,4,4194304,glibc_default_fresh,M,1,2,1,30809371.00,12256.0000,0.0000,3362000.0,27453000.0,4.000,67108864.0,0.000,0,0,67108864,4,1,0,0,0,4,1
3,f32,4,4194304,glibc_default_fresh,M_TWIN,2,0,1,30742196.00,12256.0000,0.0000,11366000.0,19381000.0,4.000,67108864.0,0.000,0,0,67108864,4,1,0,0,0,4,1
3,f32,4,4194304,glibc_default_fresh,M,2,1,1,30851230.00,12256.0000,0.0000,15430000.0,15426000.0,4.000,67108864.0,0.000,0,0,67108864,4,1,0,0,0,4,1
3,f32,4,4194304,glibc_default_fresh,R,2,2,1,37678524.00,16352.0000,0.0000,18815000.0,18869000.0,4.000,67108864.0,0.000,0,0,67108864,4,0,4,1,0,4,1
3,f32,4,4194304,glibc_default_fresh,M,3,0,1,31274043.00,12256.0000,0.0000,11612000.0,19668000.0,4.000,67108864.0,0.000,0,0,67108864,4,1,0,0,0,4,1
3,f32,4,4194304,glibc_default_fresh,R,3,1,1,36276631.00,16352.0000,0.0000,4103000.0,32179000.0,4.000,67108864.0,0.000,0,0,67108864,4,0,4,1,0,4,1
3,f32,4,4194304,glibc_default_fresh,M_TWIN,3,2,1,30614344.00,12256.0000,0.0000,11277000.0,19344000.0,4.000,67108864.0,0.000,0,0,67108864,4,1,0,0,0,4,1
3,f32,4,4194304,glibc_default_fresh,R,4,0,1,38435125.00,16352.0000,0.0000,9222000.0,29218000.0,4.000,67108864.0,0.000,0,0,67108864,4,0,4,1,0,4,1
3,f32,4,4194304,glibc_default_fresh,M_TWIN,4,1,1,31663509.00,12256.0000,0.0000,15829000.0,15800000.0,4.000,67108864.0,0.000,0,0,67108864,4,1,0,0,0,4,1
3,f32,4,4194304,glibc_default_fresh,M,4,2,1,31428619.00,12256.0000,0.0000,19715000.0,11719000.0,4.000,67108864.0,0.000,0,0,67108864,4,1,0,0,0,4,1
3,f32,4,4194304,glibc_default_fresh,M_TWIN,5,0,1,31131828.00,12256.0000,0.0000,15545000.0,15592000.0,4.000,67108864.0,0.000,0,0,67108864,4,1,0,0,0,4,1
3,f32,4,4194304,glibc_default_fresh,M,5,1,1,31656614.00,12256.0000,0.0000,11809000.0,19853000.0,4.000,67108864.0,0.000,0,0,67108864,4,1,0,0,0,4,1
3,f32,4,4194304,glibc_default_fresh,R,5,2,1,38193639.00,16352.0000,0.0000,7031000.0,31167000.0,4.000,67108864.0,0.000,0,0,67108864,4,0,4,1,0,4,1
3,f32,4,4194304,glibc_default_fresh,M,6,0,1,31696817.00,12256.0000,0.0000,11838000.0,19864000.0,4.000,67108864.0,0.000,0,0,67108864,4,1,0,0,0,4,1
3,f32,4,4194304,glibc_default_fresh,R,6,1,1,38267133.00,16352.0000,0.0000,7079000.0,31194000.0,4.000,67108864.0,0.000,0,0,67108864,4,0,4,1,0,4,1
3,f32,4,4194304,glibc_default_fresh,M_TWIN,6,2,1,32699022.00,12256.0000,0.0000,12358000.0,20347000.0,4.000,67108864.0,0.000,0,0,67108864,4,1,0,0,0,4,1
3,f32,4,4194304,glibc_default_fresh,R,7,0,1,38419585.00,16352.0000,0.0000,7164000.0,31236000.0,4.000,67108864.0,0.000,0,0,67108864,4,0,4,1,0,4,1
3,f32,4,4194304,glibc_default_fresh,M_TWIN,7,1,1,31572922.00,12256.0000,0.0000,19787000.0,11791000.0,4.000,67108864.0,0.000,0,0,67108864,4,1,0,0,0,4,1
3,f32,4,4194304,glibc_default_fresh,M,7,2,1,31725528.00,12256.0000,0.0000,15863000.0,15876000.0,4.000,67108864.0,0.000,0,0,67108864,4,1,0,0,0,4,1
3,f32,4,4194304,glibc_default_fresh,M_TWIN,8,0,1,31784437.00,12256.0000,0.0000,15888000.0,15902000.0,4.000,67108864.0,0.000,0,0,67108864,4,1,0,0,0,4,1
3,f32,4,4194304,glibc_default_fresh,M,8,1,1,31676157.00,12256.0000,0.0000,11827000.0,19855000.0,4.000,67108864.0,0.000,0,0,67108864,4,1,0,0,0,4,1
3,f32,4,4194304,glibc_default_fresh,R,8,2,1,39170622.00,16352.0000,0.0000,11553000.0,27623000.0,4.000,67108864.0,0.000,0,0,67108864,4,0,4,1,0,4,1
3,f32,4,4194304,glibc_default_fresh,M,9,0,1,32375632.00,12256.0000,0.0000,12195000.0,20186000.0,4.000,67108864.0,0.000,0,0,67108864,4,1,0,0,0,4,1
3,f32,4,4194304,glibc_default_fresh,R,9,1,1,37858318.00,16352.0000,0.0000,8951000.0,28901000.0,4.000,67108864.0,0.000,0,0,67108864,4,0,4,1,0,4,1
3,f32,4,4194304,glibc_default_fresh,M_TWIN,9,2,1,31716863.00,12256.0000,0.0000,7835000.0,23877000.0,4.000,67108864.0,0.000,0,0,67108864,4,1,0,0,0,4,1
3,f32,4,4194304,glibc_default_fresh,R,10,0,1,39190507.00,16352.0000,0.0000,7561000.0,31634000.0,4.000,67108864.0,0.000,0,0,67108864,4,0,4,1,0,4,1
3,f32,4,4194304,glibc_default_fresh,M_TWIN,10,1,1,31999738.00,12256.0000,0.0000,7989000.0,24016000.0,4.000,67108864.0,0.000,0,0,67108864,4,1,0,0,0,4,1
3,f32,4,4194304,glibc_default_fresh,M,10,2,1,31967619.00,12256.0000,0.0000,11980000.0,19993000.0,4.000,67108864.0,0.000,0,0,67108864,4,1,0,0,0,4,1
3,f32,4,4194304,glibc_default_fresh,M_TWIN,11,0,1,32723792.00,12256.0000,0.0000,12377000.0,20354000.0,4.000,67108864.0,0.000,0,0,67108864,4,1,0,0,0,4,1
3,f32,4,4194304,glibc_default_fresh,M,11,1,1,35252261.00,12256.0000,0.0000,23615000.0,11644000.0,4.000,67108864.0,0.000,0,0,67108864,4,1,0,0,0,4,1
3,f32,4,4194304,glibc_default_fresh,R,11,2,1,39065551.00,16352.0000,0.0000,7494000.0,31564000.0,4.000,67108864.0,0.000,0,0,67108864,4,0,4,1,0,4,1
3,f32,4,4194304,glibc_default_fresh,M,12,0,1,32249553.00,12256.0000,0.0000,12128000.0,20128000.0,4.000,67108864.0,0.000,0,0,67108864,4,1,0,0,0,4,1
3,f32,4,4194304,glibc_default_fresh,R,12,1,1,38120516.00,16352.0000,0.0000,11010000.0,27118000.0,4.000,67108864.0,0.000,0,0,67108864,4,0,4,1,0,4,1
3,f32,4,4194304,glibc_default_fresh,M_TWIN,12,2,1,32417575.00,12256.0000,0.0000,16221000.0,16203000.0,4.000,67108864.0,0.000,0,0,67108864,4,1,0,0,0,4,1
3,f32,4,4194304,glibc_default_fresh,R,13,0,1,38780003.00,16352.0000,0.0000,17464000.0,21322000.0,4.000,67108864.0,0.000,0,0,67108864,4,0,4,1,0,4,1
3,f32,4,4194304,glibc_default_fresh,M_TWIN,13,1,1,31937085.00,12256.0000,0.0000,23973000.0,7969000.0,4.000,67108864.0,0.000,0,0,67108864,4,1,0,0,0,4,1
3,f32,4,4194304,glibc_default_fresh,M,13,2,1,31729115.00,12256.0000,0.0000,13971000.0,17765000.0,4.000,67108864.0,0.000,0,0,67108864,4,1,0,0,0,4,1
3,f32,4,4194304,glibc_default_fresh,M_TWIN,14,0,1,31656730.00,12256.0000,0.0000,7811000.0,23851000.0,4.000,67108864.0,0.000,0,0,67108864,4,1,0,0,0,4,1
3,f32,4,4194304,glibc_default_fresh,M,14,1,1,32289640.00,12256.0000,0.0000,16156000.0,16140000.0,4.000,67108864.0,0.000,0,0,67108864,4,1,0,0,0,4,1
3,f32,4,4194304,glibc_default_fresh,R,14,2,1,36368726.00,16352.0000,0.0000,12192000.0,24181000.0,4.000,67108864.0,0.000,0,0,67108864,4,0,4,1,0,4,1
3,f32,4,16777216,glibc_default_fresh,M,0,0,1,154920772.00,65542.0000,0.0000,43507000.0,111417000.0,4.000,268435456.0,0.000,0,0,268435456,4,1,0,0,0,4,1
3,f32,4,16777216,glibc_default_fresh,R,0,1,1,160370204.00,65540.0000,0.0000,80169000.0,80197000.0,4.000,268435456.0,0.000,0,0,268435456,4,0,4,1,0,4,1
3,f32,4,16777216,glibc_default_fresh,M_TWIN,0,2,1,154596304.00,65540.0000,0.0000,83335000.0,71238000.0,4.000,268435456.0,0.000,0,0,268435456,4,1,0,0,0,4,1
3,f32,4,16777216,glibc_default_fresh,R,1,0,1,165140704.00,65540.0000,0.0000,76551000.0,88581000.0,4.000,268435456.0,0.000,0,0,268435456,4,0,4,1,0,4,1
3,f32,4,16777216,glibc_default_fresh,M_TWIN,1,1,1,157026105.00,65540.0000,0.0000,60508000.0,96524000.0,4.000,268435456.0,0.000,0,0,268435456,4,1,0,0,0,4,1
3,f32,4,16777216,glibc_default_fresh,M,1,2,1,155832751.00,65540.0000,0.0000,43908000.0,111909000.0,4.000,268435456.0,0.000,0,0,268435456,4,1,0,0,0,4,1
3,f32,4,16777216,glibc_default_fresh,M_TWIN,2,0,1,152837521.00,65540.0000,0.0000,62442000.0,90366000.0,4.000,268435456.0,0.000,0,0,268435456,4,1,0,0,0,4,1
3,f32,4,16777216,glibc_default_fresh,M,2,1,1,153985487.00,65540.0000,0.0000,46984000.0,106947000.0,4.000,268435456.0,0.000,0,0,268435456,4,1,0,0,0,4,1
3,f32,4,16777216,glibc_default_fresh,R,2,2,1,161483493.00,65540.0000,0.0000,56703000.0,104692000.0,4.000,268435456.0,0.000,0,0,268435456,4,0,4,1,0,4,1
3,f32,4,16777216,glibc_default_fresh,M,3,0,1,151802556.00,65540.0000,0.0000,43909000.0,107889000.0,4.000,268435456.0,0.000,0,0,268435456,4,1,0,0,0,4,1
3,f32,4,16777216,glibc_default_fresh,R,3,1,1,165960488.00,65540.0000,0.0000,68978000.0,96989000.0,4.000,268435456.0,0.000,0,0,268435456,4,0,4,1,0,4,1
3,f32,4,16777216,glibc_default_fresh,M_TWIN,3,2,1,154062168.00,65540.0000,0.0000,59043000.0,95025000.0,4.000,268435456.0,0.000,0,0,268435456,4,1,0,0,0,4,1
3,f32,4,16777216,glibc_default_fresh,R,4,0,1,163978990.00,65540.0000,0.0000,63991000.0,99993000.0,4.000,268435456.0,0.000,0,0,268435456,4,0,4,1,0,4,1
3,f32,4,16777216,glibc_default_fresh,M_TWIN,4,1,1,154175330.00,65540.0000,0.0000,49085000.0,105067000.0,4.000,268435456.0,0.000,0,0,268435456,4,1,0,0,0,4,1
3,f32,4,16777216,glibc_default_fresh,M,4,2,1,154673238.00,65540.0000,0.0000,49325000.0,105328000.0,4.000,268435456.0,0.000,0,0,268435456,4,1,0,0,0,4,1
3,f32,4,16777216,glibc_default_fresh,M_TWIN,5,0,1,157169214.00,65540.0000,0.0000,44588000.0,112588000.0,4.000,268435456.0,0.000,0,0,268435456,4,1,0,0,0,4,1
3,f32,4,16777216,glibc_default_fresh,M,5,1,1,153973773.00,65540.0000,0.0000,44989000.0,108968000.0,4.000,268435456.0,0.000,0,0,268435456,4,1,0,0,0,4,1
3,f32,4,16777216,glibc_default_fresh,R,5,2,1,162958996.00,65540.0000,0.0000,67490000.0,95413000.0,4.000,268435456.0,0.000,0,0,268435456,4,0,4,1,0,4,1
3,f32,4,16777216,glibc_default_fresh,M,6,0,1,151593464.00,65540.0000,0.0000,59798000.0,91790000.0,4.000,268435456.0,0.000,0,0,268435456,4,1,0,0,0,4,1
3,f32,4,16777216,glibc_default_fresh,R,6,1,1,161655174.00,65540.0000,0.0000,56830000.0,104831000.0,4.000,268435456.0,0.000,0,0,268435456,4,0,4,1,0,4,1
3,f32,4,16777216,glibc_default_fresh,M_TWIN,6,2,1,152091941.00,65540.0000,0.0000,64052000.0,88047000.0,4.000,268435456.0,0.000,0,0,268435456,4,1,0,0,0,4,1
3,f32,4,16777216,glibc_default_fresh,R,7,0,1,160950885.00,65540.0000,0.0000,44482000.0,116474000.0,4.000,268435456.0,0.000,0,0,268435456,4,0,4,1,0,4,1
3,f32,4,16777216,glibc_default_fresh,M_TWIN,7,1,1,151353386.00,65540.0000,0.0000,47684000.0,103643000.0,4.000,268435456.0,0.000,0,0,268435456,4,1,0,0,0,4,1
3,f32,4,16777216,glibc_default_fresh,M,7,2,1,149320832.00,65540.0000,0.0000,52654000.0,96650000.0,4.000,268435456.0,0.000,0,0,268435456,4,1,0,0,0,4,1
3,f32,4,16777216,glibc_default_fresh,M_TWIN,8,0,1,152702977.00,65540.0000,0.0000,38364000.0,114345000.0,4.000,268435456.0,0.000,0,0,268435456,4,1,0,0,0,4,1
3,f32,4,16777216,glibc_default_fresh,M,8,1,1,160917723.00,65540.0000,0.0000,76418000.0,84330000.0,4.000,268435456.0,0.000,0,0,268435456,4,1,0,0,0,4,1
3,f32,4,16777216,glibc_default_fresh,R,8,2,1,161133787.00,65540.0000,0.0000,68486000.0,92562000.0,4.000,268435456.0,0.000,0,0,268435456,4,0,4,1,0,4,1
3,f32,4,16777216,glibc_default_fresh,M,9,0,1,149963383.00,65540.0000,0.0000,44968000.0,104978000.0,4.000,268435456.0,0.000,0,0,268435456,4,1,0,0,0,4,1
3,f32,4,16777216,glibc_default_fresh,R,9,1,1,177045307.00,65540.0000,0.0000,62523000.0,114512000.0,4.000,268435456.0,0.000,0,0,268435456,4,0,4,1,0,4,1
3,f32,4,16777216,glibc_default_fresh,M_TWIN,9,2,1,154100721.00,65540.0000,0.0000,70990000.0,82981000.0,4.000,268435456.0,0.000,0,0,268435456,4,1,0,0,0,4,1
3,f32,4,16777216,glibc_default_fresh,R,10,0,1,164122959.00,65540.0000,0.0000,64037000.0,100060000.0,4.000,268435456.0,0.000,0,0,268435456,4,0,4,1,0,4,1
3,f32,4,16777216,glibc_default_fresh,M_TWIN,10,1,1,150649642.00,65540.0000,0.0000,57276000.0,93313000.0,4.000,268435456.0,0.000,0,0,268435456,4,1,0,0,0,4,1
3,f32,4,16777216,glibc_default_fresh,M,10,2,1,148886068.00,65540.0000,0.0000,64451000.0,84441000.0,4.000,268435456.0,0.000,0,0,268435456,4,1,0,0,0,4,1
3,f32,4,16777216,glibc_default_fresh,M_TWIN,11,0,1,147999900.00,65540.0000,0.0000,71957000.0,76003000.0,4.000,268435456.0,0.000,0,0,268435456,4,1,0,0,0,4,1
3,f32,4,16777216,glibc_default_fresh,M,11,1,1,151936270.00,65540.0000,0.0000,59965000.0,91966000.0,4.000,268435456.0,0.000,0,0,268435456,4,1,0,0,0,4,1
3,f32,4,16777216,glibc_default_fresh,R,11,2,1,161520374.00,65540.0000,0.0000,58675000.0,102739000.0,4.000,268435456.0,0.000,0,0,268435456,4,0,4,1,0,4,1
3,f32,4,16777216,glibc_default_fresh,M,12,0,1,151041977.00,65540.0000,0.0000,47514000.0,103521000.0,4.000,268435456.0,0.000,0,0,268435456,4,1,0,0,0,4,1
3,f32,4,16777216,glibc_default_fresh,R,12,1,1,159298837.00,65540.0000,0.0000,35646000.0,123645000.0,4.000,268435456.0,0.000,0,0,268435456,4,0,4,1,0,4,1
3,f32,4,16777216,glibc_default_fresh,M_TWIN,12,2,1,154207302.00,65540.0000,0.0000,77090000.0,77087000.0,4.000,268435456.0,0.000,0,0,268435456,4,1,0,0,0,4,1
3,f32,4,16777216,glibc_default_fresh,R,13,0,1,170552102.00,65540.0000,0.0000,77302000.0,93256000.0,4.000,268435456.0,0.000,0,0,268435456,4,0,4,1,0,4,1
3,f32,4,16777216,glibc_default_fresh,M_TWIN,13,1,1,151268768.00,65540.0000,0.0000,63598000.0,87632000.0,4.000,268435456.0,0.000,0,0,268435456,4,1,0,0,0,4,1
3,f32,4,16777216,glibc_default_fresh,M,13,2,1,156104659.00,65540.0000,0.0000,68041000.0,88048000.0,4.000,268435456.0,0.000,0,0,268435456,4,1,0,0,0,4,1
3,f32,4,16777216,glibc_default_fresh,M_TWIN,14,0,1,154214488.00,65540.0000,0.0000,47094000.0,107129000.0,4.000,268435456.0,0.000,0,0,268435456,4,1,0,0,0,4,1
3,f32,4,16777216,glibc_default_fresh,M,14,1,1,153501173.00,65540.0000,0.0000,38729000.0,114778000.0,4.000,268435456.0,0.000,0,0,268435456,4,1,0,0,0,4,1
3,f32,4,16777216,glibc_default_fresh,R,14,2,1,165879256.00,65540.0000,0.0000,56907000.0,108914000.0,4.000,268435456.0,0.000,0,0,268435456,4,0,4,1,0,4,1
3,f32,6,64,glibc_default_fresh,M,0,0,1000,1685.42,0.4360,0.0000,1704.0,0.0,7.000,1792.0,0.000,0,0,1792000,6,1,0,0,0,6,1
3,f32,6,64,glibc_default_fresh,R,0,1,1000,1820.92,0.4330,0.0000,1824.0,0.0,7.000,1792.0,0.000,0,0,1792000,6,0,6,1,0,6,1
3,f32,6,64,glibc_default_fresh,M_TWIN,0,2,1000,1669.72,0.4330,0.0000,1671.0,0.0,7.000,1792.0,0.000,0,0,1792000,6,1,0,0,0,6,1
3,f32,6,64,glibc_default_fresh,R,1,0,1000,2011.22,0.4330,0.0000,2014.0,0.0,7.000,1792.0,0.000,0,0,1792000,6,0,6,1,0,6,1
3,f32,6,64,glibc_default_fresh,M_TWIN,1,1,1000,1526.03,0.4330,0.0000,462.0,1067.0,7.000,1792.0,0.000,0,0,1792000,6,1,0,0,0,6,1
3,f32,6,64,glibc_default_fresh,M,1,2,1000,1974.91,0.4330,0.0000,642.0,1336.0,7.000,1792.0,0.000,0,0,1792000,6,1,0,0,0,6,1
3,f32,6,64,glibc_default_fresh,M_TWIN,2,0,1000,1611.22,0.4330,0.0000,1616.0,0.0,7.000,1792.0,0.000,0,0,1792000,6,1,0,0,0,6,1
3,f32,6,64,glibc_default_fresh,M,2,1,1000,1602.36,0.4330,0.0000,1604.0,0.0,7.000,1792.0,0.000,0,0,1792000,6,1,0,0,0,6,1
3,f32,6,64,glibc_default_fresh,R,2,2,1000,1928.34,0.4330,0.0000,1931.0,0.0,7.000,1792.0,0.000,0,0,1792000,6,0,6,1,0,6,1
3,f32,6,64,glibc_default_fresh,M,3,0,1000,1585.85,0.4330,0.0000,1588.0,0.0,7.000,1792.0,0.000,0,0,1792000,6,1,0,0,0,6,1
3,f32,6,64,glibc_default_fresh,R,3,1,1000,1849.86,0.4330,0.0000,1852.0,0.0,7.000,1792.0,0.000,0,0,1792000,6,0,6,1,0,6,1
3,f32,6,64,glibc_default_fresh,M_TWIN,3,2,1000,1595.00,0.4330,0.0000,1598.0,0.0,7.000,1792.0,0.000,0,0,1792000,6,1,0,0,0,6,1
3,f32,6,64,glibc_default_fresh,R,4,0,1000,1738.66,0.4330,0.0000,0.0,1741.0,7.000,1792.0,0.000,0,0,1792000,6,0,6,1,0,6,1
3,f32,6,64,glibc_default_fresh,M_TWIN,4,1,1000,1671.14,0.4330,0.0000,1674.0,0.0,7.000,1792.0,0.000,0,0,1792000,6,1,0,0,0,6,1
3,f32,6,64,glibc_default_fresh,M,4,2,1000,1615.23,0.4330,0.0000,0.0,1617.0,7.000,1792.0,0.000,0,0,1792000,6,1,0,0,0,6,1
3,f32,6,64,glibc_default_fresh,M_TWIN,5,0,1000,1585.59,0.4330,0.0000,1587.0,0.0,7.000,1792.0,0.000,0,0,1792000,6,1,0,0,0,6,1
3,f32,6,64,glibc_default_fresh,M,5,1,1000,1658.79,0.4330,0.0000,1661.0,0.0,7.000,1792.0,0.000,0,0,1792000,6,1,0,0,0,6,1
3,f32,6,64,glibc_default_fresh,R,5,2,1000,1966.27,0.4330,0.0000,1969.0,0.0,7.000,1792.0,0.000,0,0,1792000,6,0,6,1,0,6,1
3,f32,6,64,glibc_default_fresh,M,6,0,1000,1569.38,0.4330,0.0000,611.0,961.0,7.000,1792.0,0.000,0,0,1792000,6,1,0,0,0,6,1
3,f32,6,64,glibc_default_fresh,R,6,1,1000,1702.21,0.4330,0.0000,487.0,1218.0,7.000,1792.0,0.000,0,0,1792000,6,0,6,1,0,6,1
3,f32,6,64,glibc_default_fresh,M_TWIN,6,2,1000,1790.58,0.4330,0.0000,1688.0,106.0,7.000,1792.0,0.000,0,0,1792000,6,1,0,0,0,6,1
3,f32,6,64,glibc_default_fresh,R,7,0,1000,1759.21,0.4330,0.0000,1762.0,0.0,7.000,1792.0,0.000,0,0,1792000,6,0,6,1,0,6,1
3,f32,6,64,glibc_default_fresh,M_TWIN,7,1,1000,1792.03,0.4330,0.0000,0.0,1795.0,7.000,1792.0,0.000,0,0,1792000,6,1,0,0,0,6,1
3,f32,6,64,glibc_default_fresh,M,7,2,1000,1620.79,0.4330,0.0000,0.0,1624.0,7.000,1792.0,0.000,0,0,1792000,6,1,0,0,0,6,1
3,f32,6,64,glibc_default_fresh,M_TWIN,8,0,1000,1613.49,0.4330,0.0000,1200.0,416.0,7.000,1792.0,0.000,0,0,1792000,6,1,0,0,0,6,1
3,f32,6,64,glibc_default_fresh,M,8,1,1000,1620.14,0.4330,0.0000,590.0,1033.0,7.000,1792.0,0.000,0,0,1792000,6,1,0,0,0,6,1
3,f32,6,64,glibc_default_fresh,R,8,2,1000,1733.24,0.4330,0.0000,1570.0,166.0,7.000,1792.0,0.000,0,0,1792000,6,0,6,1,0,6,1
3,f32,6,64,glibc_default_fresh,M,9,0,1000,1535.93,0.4330,0.0000,1518.0,47.0,7.000,1792.0,0.000,0,0,1792000,6,1,0,0,0,6,1
3,f32,6,64,glibc_default_fresh,R,9,1,1000,1828.89,0.4330,0.0000,1831.0,0.0,7.000,1792.0,0.000,0,0,1792000,6,0,6,1,0,6,1
3,f32,6,64,glibc_default_fresh,M_TWIN,9,2,1000,1593.46,0.4330,0.0000,1596.0,0.0,7.000,1792.0,0.000,0,0,1792000,6,1,0,0,0,6,1
3,f32,6,64,glibc_default_fresh,R,10,0,1000,1773.73,0.4330,0.0000,1776.0,0.0,7.000,1792.0,0.000,0,0,1792000,6,0,6,1,0,6,1
3,f32,6,64,glibc_default_fresh,M_TWIN,10,1,1000,1818.10,0.4330,0.0000,1821.0,0.0,7.000,1792.0,0.000,0,0,1792000,6,1,0,0,0,6,1
3,f32,6,64,glibc_default_fresh,M,10,2,1000,1573.38,0.4330,0.0000,700.0,876.0,7.000,1792.0,0.000,0,0,1792000,6,1,0,0,0,6,1
3,f32,6,64,glibc_default_fresh,M_TWIN,11,0,1000,1554.58,0.4330,0.0000,276.0,1281.0,7.000,1792.0,0.000,0,0,1792000,6,1,0,0,0,6,1
3,f32,6,64,glibc_default_fresh,M,11,1,1000,1643.55,0.4330,0.0000,1530.0,116.0,7.000,1792.0,0.000,0,0,1792000,6,1,0,0,0,6,1
3,f32,6,64,glibc_default_fresh,R,11,2,1000,1707.64,0.4330,0.0000,1506.0,205.0,7.000,1792.0,0.000,0,0,1792000,6,0,6,1,0,6,1
3,f32,6,64,glibc_default_fresh,M,12,0,1000,1577.49,0.4330,0.0000,1538.0,41.0,7.000,1792.0,0.000,0,0,1792000,6,1,0,0,0,6,1
3,f32,6,64,glibc_default_fresh,R,12,1,1000,1719.09,0.4330,0.0000,1721.0,0.0,7.000,1792.0,0.000,0,0,1792000,6,0,6,1,0,6,1
3,f32,6,64,glibc_default_fresh,M_TWIN,12,2,1000,1804.53,0.4330,0.0000,0.0,1808.0,7.000,1792.0,0.000,0,0,1792000,6,1,0,0,0,6,1
3,f32,6,64,glibc_default_fresh,R,13,0,1000,1785.20,0.4330,0.0000,1787.0,0.0,7.000,1792.0,0.000,0,0,1792000,6,0,6,1,0,6,1
3,f32,6,64,glibc_default_fresh,M_TWIN,13,1,1000,1711.22,0.4330,0.0000,854.0,861.0,7.000,1792.0,0.000,0,0,1792000,6,1,0,0,0,6,1
3,f32,6,64,glibc_default_fresh,M,13,2,1000,1528.73,0.4330,0.0000,1479.0,51.0,7.000,1792.0,0.000,0,0,1792000,6,1,0,0,0,6,1
3,f32,6,64,glibc_default_fresh,M_TWIN,14,0,1000,1531.50,0.4330,0.0000,130.0,1404.0,7.000,1792.0,0.000,0,0,1792000,6,1,0,0,0,6,1
3,f32,6,64,glibc_default_fresh,M,14,1,1000,1590.67,0.4330,0.0000,149.0,1444.0,7.000,1792.0,0.000,0,0,1792000,6,1,0,0,0,6,1
3,f32,6,64,glibc_default_fresh,R,14,2,1000,2229.59,0.4330,0.0000,2233.0,0.0,7.000,1792.0,0.000,0,0,1792000,6,0,6,1,0,6,1
3,f32,6,1024,glibc_default_fresh,M,0,0,1000,10795.87,6.0180,0.0000,5065.0,5753.0,6.000,24576.0,0.000,0,0,24576000,6,1,0,0,0,6,1
3,f32,6,1024,glibc_default_fresh,R,0,1,1000,11481.89,6.0160,0.0000,3773.0,7712.0,6.000,24576.0,0.000,0,0,24576000,6,0,6,1,0,6,1
3,f32,6,1024,glibc_default_fresh,M_TWIN,0,2,1000,10379.98,6.0160,0.0000,1061.0,9322.0,6.000,24576.0,0.000,0,0,24576000,6,1,0,0,0,6,1
3,f32,6,1024,glibc_default_fresh,R,1,0,1000,11499.53,6.0160,0.0000,0.0,11505.0,6.000,24576.0,0.000,0,0,24576000,6,0,6,1,0,6,1
3,f32,6,1024,glibc_default_fresh,M_TWIN,1,1,1000,10891.30,6.0160,0.0000,3525.0,7370.0,6.000,24576.0,0.000,0,0,24576000,6,1,0,0,0,6,1
3,f32,6,1024,glibc_default_fresh,M,1,2,1000,10753.06,6.0160,0.0000,7476.0,3281.0,6.000,24576.0,0.000,0,0,24576000,6,1,0,0,0,6,1
3,f32,6,1024,glibc_default_fresh,M_TWIN,2,0,1000,10557.37,6.0160,0.0000,1115.0,9447.0,6.000,24576.0,0.000,0,0,24576000,6,1,0,0,0,6,1
3,f32,6,1024,glibc_default_fresh,M,2,1,1000,10656.62,6.0160,0.0000,5184.0,5476.0,6.000,24576.0,0.000,0,0,24576000,6,1,0,0,0,6,1
3,f32,6,1024,glibc_default_fresh,R,2,2,1000,11346.03,6.0160,0.0000,3711.0,7640.0,6.000,24576.0,0.000,0,0,24576000,6,0,6,1,0,6,1
3,f32,6,1024,glibc_default_fresh,M,3,0,1000,10824.19,6.0160,0.0000,0.0,10829.0,6.000,24576.0,0.000,0,0,24576000,6,1,0,0,0,6,1
3,f32,6,1024,glibc_default_fresh,R,3,1,1000,10770.91,6.0160,0.0000,7478.0,3296.0,6.000,24576.0,0.000,0,0,24576000,6,0,6,1,0,6,1
3,f32,6,1024,glibc_default_fresh,M_TWIN,3,2,1000,10783.33,6.0160,0.0000,5225.0,5562.0,6.000,24576.0,0.000,0,0,24576000,6,1,0,0,0,6,1
3,f32,6,1024,glibc_default_fresh,R,4,0,1000,11530.94,6.0160,0.0000,3729.0,7739.0,6.000,24576.0,0.000,0,0,24576000,6,0,6,1,0,6,1
3,f32,6,1024,glibc_default_fresh,M_TWIN,4,1,1000,10857.21,6.0160,0.0000,3492.0,7370.0,6.000,24576.0,0.000,0,0,24576000,6,1,0,0,0,6,1
3,f32,6,1024,glibc_default_fresh,M,4,2,1000,11096.77,6.0160,0.0000,1375.0,9726.0,6.000,24576.0,0.000,0,0,24576000,6,1,0,0,0,6,1
3,f32,6,1024,glibc_default_fresh,M_TWIN,5,0,1000,10680.98,6.0160,0.0000,5207.0,5479.0,6.000,24576.0,0.000,0,0,24576000,6,1,0,0,0,6,1
3,f32,6,1024,glibc_default_fresh,M,5,1,1000,10821.12,6.0160,0.0000,0.0,10825.0,6.000,24576.0,0.000,0,0,24576000,6,1,0,0,0,6,1
3,f32,6,1024,glibc_default_fresh,R,5,2,1000,11355.02,6.0160,0.0000,7718.0,3642.0,6.000,24576.0,0.000,0,0,24576000,6,0,6,1,0,6,1
3,f32,6,1024,glibc_default_fresh,M,6,0,1000,10626.02,6.0160,0.0000,5207.0,5423.0,6.000,24576.0,0.000,0,0,24576000,6,1,0,0,0,6,1
3,f32,6,1024,glibc_default_fresh,R,6,1,1000,11380.36,6.0160,0.0000,8405.0,2979.0,6.000,24576.0,0.000,0,0,24576000,6,0,6,1,0,6,1
3,f32,6,1024,glibc_default_fresh,M_TWIN,6,2,1000,10467.46,6.0160,0.0000,3270.0,7201.0,6.000,24576.0,0.000,0,0,24576000,6,1,0,0,0,6,1
3,f32,6,1024,glibc_default_fresh,R,7,0,1000,11631.40,6.0160,0.0000,0.0,11635.0,6.000,24576.0,0.000,0,0,24576000,6,0,6,1,0,6,1
3,f32,6,1024,glibc_default_fresh,M_TWIN,7,1,1000,11110.50,6.0160,0.0000,0.0,11116.0,6.000,24576.0,0.000,0,0,24576000,6,1,0,0,0,6,1
3,f32,6,1024,glibc_default_fresh,M,7,2,1000,10384.17,6.0160,0.0000,3237.0,7150.0,6.000,24576.0,0.000,0,0,24576000,6,1,0,0,0,6,1
3,f32,6,1024,glibc_default_fresh,M_TWIN,8,0,1000,10451.55,6.0160,0.0000,7263.0,3192.0,6.000,24576.0,0.000,0,0,24576000,6,1,0,0,0,6,1
3,f32,6,1024,glibc_default_fresh,M,8,1,1000,10402.62,6.0160,0.0000,1154.0,9251.0,6.000,24576.0,0.000,0,0,24576000,6,1,0,0,0,6,1
3,f32,6,1024,glibc_default_fresh,R,8,2,1000,10644.82,6.0160,0.0000,1272.0,9376.0,6.000,24576.0,0.000,0,0,24576000,6,0,6,1,0,6,1
3,f32,6,1024,glibc_default_fresh,M,9,0,1000,10396.09,6.0160,0.0000,1152.0,9247.0,6.000,24576.0,0.000,0,0,24576000,6,1,0,0,0,6,1
3,f32,6,1024,glibc_default_fresh,R,9,1,1000,10373.43,6.0160,0.0000,5148.0,5229.0,6.000,24576.0,0.000,0,0,24576000,6,0,6,1,0,6,1
3,f32,6,1024,glibc_default_fresh,M_TWIN,9,2,1000,10117.92,6.0160,0.0000,5033.0,5088.0,6.000,24576.0,0.000,0,0,24576000,6,1,0,0,0,6,1
3,f32,6,1024,glibc_default_fresh,R,10,0,1000,10671.06,6.0160,0.0000,9308.0,1367.0,6.000,24576.0,0.000,0,0,24576000,6,0,6,1,0,6,1
3,f32,6,1024,glibc_default_fresh,M_TWIN,10,1,1000,10028.51,6.0160,0.0000,7014.0,3001.0,6.000,24576.0,0.000,0,0,24576000,6,1,0,0,0,6,1
3,f32,6,1024,glibc_default_fresh,M,10,2,1000,10078.59,6.0160,0.0000,0.0,10082.0,6.000,24576.0,0.000,0,0,24576000,6,1,0,0,0,6,1
3,f32,6,1024,glibc_default_fresh,M_TWIN,11,0,1000,10138.05,6.0160,0.0000,0.0,10141.0,6.000,24576.0,0.000,0,0,24576000,6,1,0,0,0,6,1
3,f32,6,1024,glibc_default_fresh,M,11,1,1000,10042.11,6.0160,0.0000,998.0,9046.0,6.000,24576.0,0.000,0,0,24576000,6,1,0,0,0,6,1
3,f32,6,1024,glibc_default_fresh,R,11,2,1000,10419.21,6.0160,0.0000,9183.0,1238.0,6.000,24576.0,0.000,0,0,24576000,6,0,6,1,0,6,1
3,f32,6,1024,glibc_default_fresh,M,12,0,1000,9801.82,6.0160,0.0000,0.0,9804.0,6.000,24576.0,0.000,0,0,24576000,6,1,0,0,0,6,1
3,f32,6,1024,glibc_default_fresh,R,12,1,1000,10423.04,6.0160,0.0000,3226.0,7199.0,6.000,24576.0,0.000,0,0,24576000,6,0,6,1,0,6,1
3,f32,6,1024,glibc_default_fresh,M_TWIN,12,2,1000,9808.87,6.0160,0.0000,4892.0,4919.0,6.000,24576.0,0.000,0,0,24576000,6,1,0,0,0,6,1
3,f32,6,1024,glibc_default_fresh,R,13,0,1000,10108.59,6.0160,0.0000,5040.0,5071.0,6.000,24576.0,0.000,0,0,24576000,6,0,6,1,0,6,1
3,f32,6,1024,glibc_default_fresh,M_TWIN,13,1,1000,9871.96,6.0160,0.0000,0.0,9875.0,6.000,24576.0,0.000,0,0,24576000,6,1,0,0,0,6,1
3,f32,6,1024,glibc_default_fresh,M,13,2,1000,10211.74,6.0160,0.0000,5089.0,5125.0,6.000,24576.0,0.000,0,0,24576000,6,1,0,0,0,6,1
3,f32,6,1024,glibc_default_fresh,M_TWIN,14,0,1000,10026.04,6.0160,0.0000,1006.0,9023.0,6.000,24576.0,0.000,0,0,24576000,6,1,0,0,0,6,1
3,f32,6,1024,glibc_default_fresh,M,14,1,1000,9732.46,6.0160,0.0000,0.0,9734.0,6.000,24576.0,0.000,0,0,24576000,6,1,0,0,0,6,1
3,f32,6,1024,glibc_default_fresh,R,14,2,1000,10285.99,6.0160,0.0000,7156.0,3147.0,6.000,24576.0,0.000,0,0,24576000,6,0,6,1,0,6,1
3,f32,6,4096,glibc_default_fresh,M,0,0,1,4948.00,2.0000,0.0000,0.0,17000.0,6.000,98304.0,0.000,0,0,98304,6,1,0,0,0,6,1
3,f32,6,4096,glibc_default_fresh,R,0,1,1,6634.00,0.0000,0.0000,0.0,7000.0,6.000,98304.0,0.000,0,0,98304,6,0,6,1,0,6,1
3,f32,6,4096,glibc_default_fresh,M_TWIN,0,2,1,4749.00,0.0000,0.0000,0.0,5000.0,6.000,98304.0,0.000,0,0,98304,6,1,0,0,0,6,1
3,f32,6,4096,glibc_default_fresh,R,1,0,1,6482.00,0.0000,0.0000,0.0,7000.0,6.000,98304.0,0.000,0,0,98304,6,0,6,1,0,6,1
3,f32,6,4096,glibc_default_fresh,M_TWIN,1,1,1,4746.00,0.0000,0.0000,0.0,5000.0,6.000,98304.0,0.000,0,0,98304,6,1,0,0,0,6,1
3,f32,6,4096,glibc_default_fresh,M,1,2,1,4751.00,0.0000,0.0000,0.0,5000.0,6.000,98304.0,0.000,0,0,98304,6,1,0,0,0,6,1
3,f32,6,4096,glibc_default_fresh,M_TWIN,2,0,1,4697.00,0.0000,0.0000,0.0,5000.0,6.000,98304.0,0.000,0,0,98304,6,1,0,0,0,6,1
3,f32,6,4096,glibc_default_fresh,M,2,1,1,4857.00,0.0000,0.0000,0.0,5000.0,6.000,98304.0,0.000,0,0,98304,6,1,0,0,0,6,1
3,f32,6,4096,glibc_default_fresh,R,2,2,1,6688.00,0.0000,0.0000,0.0,7000.0,6.000,98304.0,0.000,0,0,98304,6,0,6,1,0,6,1
3,f32,6,4096,glibc_default_fresh,M,3,0,1,4691.00,0.0000,0.0000,0.0,5000.0,6.000,98304.0,0.000,0,0,98304,6,1,0,0,0,6,1
3,f32,6,4096,glibc_default_fresh,R,3,1,1,6516.00,0.0000,0.0000,0.0,7000.0,6.000,98304.0,0.000,0,0,98304,6,0,6,1,0,6,1
3,f32,6,4096,glibc_default_fresh,M_TWIN,3,2,1,4766.00,0.0000,0.0000,0.0,5000.0,6.000,98304.0,0.000,0,0,98304,6,1,0,0,0,6,1
3,f32,6,4096,glibc_default_fresh,R,4,0,1,6500.00,0.0000,0.0000,0.0,7000.0,6.000,98304.0,0.000,0,0,98304,6,0,6,1,0,6,1
3,f32,6,4096,glibc_default_fresh,M_TWIN,4,1,1,4649.00,0.0000,0.0000,0.0,6000.0,6.000,98304.0,0.000,0,0,98304,6,1,0,0,0,6,1
3,f32,6,4096,glibc_default_fresh,M,4,2,1,4661.00,0.0000,0.0000,0.0,5000.0,6.000,98304.0,0.000,0,0,98304,6,1,0,0,0,6,1
3,f32,6,4096,glibc_default_fresh,M_TWIN,5,0,1,4707.00,0.0000,0.0000,0.0,5000.0,6.000,98304.0,0.000,0,0,98304,6,1,0,0,0,6,1
3,f32,6,4096,glibc_default_fresh,M,5,1,1,4631.00,0.0000,0.0000,0.0,5000.0,6.000,98304.0,0.000,0,0,98304,6,1,0,0,0,6,1
3,f32,6,4096,glibc_default_fresh,R,5,2,1,6418.00,0.0000,0.0000,0.0,7000.0,6.000,98304.0,0.000,0,0,98304,6,0,6,1,0,6,1
3,f32,6,4096,glibc_default_fresh,M,6,0,1,4624.00,0.0000,0.0000,0.0,5000.0,6.000,98304.0,0.000,0,0,98304,6,1,0,0,0,6,1
3,f32,6,4096,glibc_default_fresh,R,6,1,1,6527.00,0.0000,0.0000,0.0,7000.0,6.000,98304.0,0.000,0,0,98304,6,0,6,1,0,6,1
3,f32,6,4096,glibc_default_fresh,M_TWIN,6,2,1,4709.00,0.0000,0.0000,0.0,6000.0,6.000,98304.0,0.000,0,0,98304,6,1,0,0,0,6,1
3,f32,6,4096,glibc_default_fresh,R,7,0,1,6431.00,0.0000,0.0000,0.0,7000.0,6.000,98304.0,0.000,0,0,98304,6,0,6,1,0,6,1
3,f32,6,4096,glibc_default_fresh,M_TWIN,7,1,1,4761.00,0.0000,0.0000,0.0,5000.0,6.000,98304.0,0.000,0,0,98304,6,1,0,0,0,6,1
3,f32,6,4096,glibc_default_fresh,M,7,2,1,4698.00,0.0000,0.0000,0.0,5000.0,6.000,98304.0,0.000,0,0,98304,6,1,0,0,0,6,1
3,f32,6,4096,glibc_default_fresh,M_TWIN,8,0,1,4663.00,0.0000,0.0000,0.0,6000.0,6.000,98304.0,0.000,0,0,98304,6,1,0,0,0,6,1
3,f32,6,4096,glibc_default_fresh,M,8,1,1,4668.00,0.0000,0.0000,0.0,5000.0,6.000,98304.0,0.000,0,0,98304,6,1,0,0,0,6,1
3,f32,6,4096,glibc_default_fresh,R,8,2,1,6444.00,0.0000,0.0000,0.0,7000.0,6.000,98304.0,0.000,0,0,98304,6,0,6,1,0,6,1
3,f32,6,4096,glibc_default_fresh,M,9,0,1,4992.00,0.0000,0.0000,0.0,5000.0,6.000,98304.0,0.000,0,0,98304,6,1,0,0,0,6,1
3,f32,6,4096,glibc_default_fresh,R,9,1,1,6732.00,0.0000,0.0000,0.0,7000.0,6.000,98304.0,0.000,0,0,98304,6,0,6,1,0,6,1
3,f32,6,4096,glibc_default_fresh,M_TWIN,9,2,1,4828.00,0.0000,0.0000,0.0,5000.0,6.000,98304.0,0.000,0,0,98304,6,1,0,0,0,6,1
3,f32,6,4096,glibc_default_fresh,R,10,0,1,6668.00,0.0000,0.0000,0.0,7000.0,6.000,98304.0,0.000,0,0,98304,6,0,6,1,0,6,1
3,f32,6,4096,glibc_default_fresh,M_TWIN,10,1,1,4616.00,0.0000,0.0000,0.0,6000.0,6.000,98304.0,0.000,0,0,98304,6,1,0,0,0,6,1
3,f32,6,4096,glibc_default_fresh,M,10,2,1,4731.00,0.0000,0.0000,0.0,6000.0,6.000,98304.0,0.000,0,0,98304,6,1,0,0,0,6,1
3,f32,6,4096,glibc_default_fresh,M_TWIN,11,0,1,4709.00,0.0000,0.0000,0.0,5000.0,6.000,98304.0,0.000,0,0,98304,6,1,0,0,0,6,1
3,f32,6,4096,glibc_default_fresh,M,11,1,1,4788.00,0.0000,0.0000,0.0,6000.0,6.000,98304.0,0.000,0,0,98304,6,1,0,0,0,6,1
3,f32,6,4096,glibc_default_fresh,R,11,2,1,6469.00,0.0000,0.0000,0.0,7000.0,6.000,98304.0,0.000,0,0,98304,6,0,6,1,0,6,1
3,f32,6,4096,glibc_default_fresh,M,12,0,1,4679.00,0.0000,0.0000,0.0,5000.0,6.000,98304.0,0.000,0,0,98304,6,1,0,0,0,6,1
3,f32,6,4096,glibc_default_fresh,R,12,1,1,6473.00,0.0000,0.0000,0.0,7000.0,6.000,98304.0,0.000,0,0,98304,6,0,6,1,0,6,1
3,f32,6,4096,glibc_default_fresh,M_TWIN,12,2,1,4632.00,0.0000,0.0000,0.0,5000.0,6.000,98304.0,0.000,0,0,98304,6,1,0,0,0,6,1
3,f32,6,4096,glibc_default_fresh,R,13,0,1,6811.00,0.0000,0.0000,8000.0,0.0,6.000,98304.0,0.000,0,0,98304,6,0,6,1,0,6,1
3,f32,6,4096,glibc_default_fresh,M_TWIN,13,1,1,4910.00,0.0000,0.0000,5000.0,0.0,6.000,98304.0,0.000,0,0,98304,6,1,0,0,0,6,1
3,f32,6,4096,glibc_default_fresh,M,13,2,1,4752.00,0.0000,0.0000,5000.0,0.0,6.000,98304.0,0.000,0,0,98304,6,1,0,0,0,6,1
3,f32,6,4096,glibc_default_fresh,M_TWIN,14,0,1,4649.00,0.0000,0.0000,5000.0,0.0,6.000,98304.0,0.000,0,0,98304,6,1,0,0,0,6,1
3,f32,6,4096,glibc_default_fresh,M,14,1,1,4723.00,0.0000,0.0000,5000.0,0.0,6.000,98304.0,0.000,0,0,98304,6,1,0,0,0,6,1
3,f32,6,4096,glibc_default_fresh,R,14,2,1,6459.00,0.0000,0.0000,7000.0,0.0,6.000,98304.0,0.000,0,0,98304,6,0,6,1,0,6,1
3,f32,6,16384,glibc_default_fresh,M,0,0,1,16039.00,2.0000,0.0000,0.0,27000.0,6.000,393216.0,0.000,0,0,393216,6,1,0,0,0,6,1
3,f32,6,16384,glibc_default_fresh,R,0,1,1,21969.00,0.0000,0.0000,0.0,23000.0,6.000,393216.0,0.000,0,0,393216,6,0,6,1,0,6,1
3,f32,6,16384,glibc_default_fresh,M_TWIN,0,2,1,15647.00,0.0000,0.0000,0.0,16000.0,6.000,393216.0,0.000,0,0,393216,6,1,0,0,0,6,1
3,f32,6,16384,glibc_default_fresh,R,1,0,1,22085.00,0.0000,0.0000,0.0,22000.0,6.000,393216.0,0.000,0,0,393216,6,0,6,1,0,6,1
3,f32,6,16384,glibc_default_fresh,M_TWIN,1,1,1,15972.00,0.0000,0.0000,0.0,16000.0,6.000,393216.0,0.000,0,0,393216,6,1,0,0,0,6,1
3,f32,6,16384,glibc_default_fresh,M,1,2,1,15755.00,0.0000,0.0000,0.0,16000.0,6.000,393216.0,0.000,0,0,393216,6,1,0,0,0,6,1
3,f32,6,16384,glibc_default_fresh,M_TWIN,2,0,1,20620.00,0.0000,0.0000,0.0,22000.0,6.000,393216.0,0.000,0,0,393216,6,1,0,0,0,6,1
3,f32,6,16384,glibc_default_fresh,M,2,1,1,15697.00,0.0000,0.0000,0.0,17000.0,6.000,393216.0,0.000,0,0,393216,6,1,0,0,0,6,1
3,f32,6,16384,glibc_default_fresh,R,2,2,1,38732.00,0.0000,0.0000,0.0,39000.0,6.000,393216.0,0.000,0,0,393216,6,0,6,1,0,6,1
3,f32,6,16384,glibc_default_fresh,M,3,0,1,15920.00,0.0000,0.0000,0.0,16000.0,6.000,393216.0,0.000,0,0,393216,6,1,0,0,0,6,1
3,f32,6,16384,glibc_default_fresh,R,3,1,1,21766.00,0.0000,0.0000,0.0,22000.0,6.000,393216.0,0.000,0,0,393216,6,0,6,1,0,6,1
3,f32,6,16384,glibc_default_fresh,M_TWIN,3,2,1,15709.00,0.0000,0.0000,0.0,16000.0,6.000,393216.0,0.000,0,0,393216,6,1,0,0,0,6,1
3,f32,6,16384,glibc_default_fresh,R,4,0,1,21731.00,0.0000,0.0000,0.0,22000.0,6.000,393216.0,0.000,0,0,393216,6,0,6,1,0,6,1
3,f32,6,16384,glibc_default_fresh,M_TWIN,4,1,1,15731.00,0.0000,0.0000,0.0,17000.0,6.000,393216.0,0.000,0,0,393216,6,1,0,0,0,6,1
3,f32,6,16384,glibc_default_fresh,M,4,2,1,16078.00,0.0000,0.0000,0.0,17000.0,6.000,393216.0,0.000,0,0,393216,6,1,0,0,0,6,1
3,f32,6,16384,glibc_default_fresh,M_TWIN,5,0,1,15931.00,0.0000,0.0000,0.0,17000.0,6.000,393216.0,0.000,0,0,393216,6,1,0,0,0,6,1
3,f32,6,16384,glibc_default_fresh,M,5,1,1,15685.00,0.0000,0.0000,0.0,16000.0,6.000,393216.0,0.000,0,0,393216,6,1,0,0,0,6,1
3,f32,6,16384,glibc_default_fresh,R,5,2,1,22971.00,0.0000,0.0000,23000.0,0.0,6.000,393216.0,0.000,0,0,393216,6,0,6,1,0,6,1
3,f32,6,16384,glibc_default_fresh,M,6,0,1,15898.00,0.0000,0.0000,16000.0,0.0,6.000,393216.0,0.000,0,0,393216,6,1,0,0,0,6,1
3,f32,6,16384,glibc_default_fresh,R,6,1,1,22287.00,0.0000,0.0000,23000.0,0.0,6.000,393216.0,0.000,0,0,393216,6,0,6,1,0,6,1
3,f32,6,16384,glibc_default_fresh,M_TWIN,6,2,1,15820.00,0.0000,0.0000,16000.0,0.0,6.000,393216.0,0.000,0,0,393216,6,1,0,0,0,6,1
3,f32,6,16384,glibc_default_fresh,R,7,0,1,21877.00,0.0000,0.0000,23000.0,0.0,6.000,393216.0,0.000,0,0,393216,6,0,6,1,0,6,1
3,f32,6,16384,glibc_default_fresh,M_TWIN,7,1,1,15791.00,0.0000,0.0000,17000.0,0.0,6.000,393216.0,0.000,0,0,393216,6,1,0,0,0,6,1
3,f32,6,16384,glibc_default_fresh,M,7,2,1,15677.00,0.0000,0.0000,16000.0,0.0,6.000,393216.0,0.000,0,0,393216,6,1,0,0,0,6,1
3,f32,6,16384,glibc_default_fresh,M_TWIN,8,0,1,15794.00,0.0000,0.0000,17000.0,0.0,6.000,393216.0,0.000,0,0,393216,6,1,0,0,0,6,1
3,f32,6,16384,glibc_default_fresh,M,8,1,1,16003.00,0.0000,0.0000,16000.0,0.0,6.000,393216.0,0.000,0,0,393216,6,1,0,0,0,6,1
3,f32,6,16384,glibc_default_fresh,R,8,2,1,22122.00,0.0000,0.0000,23000.0,0.0,6.000,393216.0,0.000,0,0,393216,6,0,6,1,0,6,1
3,f32,6,16384,glibc_default_fresh,M,9,0,1,15856.00,0.0000,0.0000,16000.0,0.0,6.000,393216.0,0.000,0,0,393216,6,1,0,0,0,6,1
3,f32,6,16384,glibc_default_fresh,R,9,1,1,21814.00,0.0000,0.0000,23000.0,0.0,6.000,393216.0,0.000,0,0,393216,6,0,6,1,0,6,1
3,f32,6,16384,glibc_default_fresh,M_TWIN,9,2,1,15732.00,0.0000,0.0000,16000.0,0.0,6.000,393216.0,0.000,0,0,393216,6,1,0,0,0,6,1
3,f32,6,16384,glibc_default_fresh,R,10,0,1,22145.00,0.0000,0.0000,22000.0,0.0,6.000,393216.0,0.000,0,0,393216,6,0,6,1,0,6,1
3,f32,6,16384,glibc_default_fresh,M_TWIN,10,1,1,15783.00,0.0000,0.0000,17000.0,0.0,6.000,393216.0,0.000,0,0,393216,6,1,0,0,0,6,1
3,f32,6,16384,glibc_default_fresh,M,10,2,1,15738.00,0.0000,0.0000,16000.0,0.0,6.000,393216.0,0.000,0,0,393216,6,1,0,0,0,6,1
3,f32,6,16384,glibc_default_fresh,M_TWIN,11,0,1,15670.00,0.0000,0.0000,16000.0,0.0,6.000,393216.0,0.000,0,0,393216,6,1,0,0,0,6,1
3,f32,6,16384,glibc_default_fresh,M,11,1,1,15677.00,0.0000,0.0000,16000.0,0.0,6.000,393216.0,0.000,0,0,393216,6,1,0,0,0,6,1
3,f32,6,16384,glibc_default_fresh,R,11,2,1,21974.00,0.0000,0.0000,23000.0,0.0,6.000,393216.0,0.000,0,0,393216,6,0,6,1,0,6,1
3,f32,6,16384,glibc_default_fresh,M,12,0,1,15958.00,0.0000,0.0000,17000.0,0.0,6.000,393216.0,0.000,0,0,393216,6,1,0,0,0,6,1
3,f32,6,16384,glibc_default_fresh,R,12,1,1,22056.00,0.0000,0.0000,7000.0,15000.0,6.000,393216.0,0.000,0,0,393216,6,0,6,1,0,6,1
3,f32,6,16384,glibc_default_fresh,M_TWIN,12,2,1,15827.00,0.0000,0.0000,5000.0,11000.0,6.000,393216.0,0.000,0,0,393216,6,1,0,0,0,6,1
3,f32,6,16384,glibc_default_fresh,R,13,0,1,22147.00,0.0000,0.0000,23000.0,0.0,6.000,393216.0,0.000,0,0,393216,6,0,6,1,0,6,1
3,f32,6,16384,glibc_default_fresh,M_TWIN,13,1,1,15702.00,0.0000,0.0000,17000.0,0.0,6.000,393216.0,0.000,0,0,393216,6,1,0,0,0,6,1
3,f32,6,16384,glibc_default_fresh,M,13,2,1,15932.00,0.0000,0.0000,16000.0,0.0,6.000,393216.0,0.000,0,0,393216,6,1,0,0,0,6,1
3,f32,6,16384,glibc_default_fresh,M_TWIN,14,0,1,15751.00,0.0000,0.0000,16000.0,0.0,6.000,393216.0,0.000,0,0,393216,6,1,0,0,0,6,1
3,f32,6,16384,glibc_default_fresh,M,14,1,1,15693.00,0.0000,0.0000,16000.0,0.0,6.000,393216.0,0.000,0,0,393216,6,1,0,0,0,6,1
3,f32,6,16384,glibc_default_fresh,R,14,2,1,21893.00,0.0000,0.0000,22000.0,0.0,6.000,393216.0,0.000,0,0,393216,6,0,6,1,0,6,1
3,f32,6,65536,glibc_default_fresh,M,0,0,1,143087.00,2.0000,0.0000,156000.0,0.0,6.000,1572864.0,0.000,0,0,1572864,6,1,0,0,0,6,1
3,f32,6,65536,glibc_default_fresh,R,0,1,1,126530.00,0.0000,0.0000,128000.0,0.0,6.000,1572864.0,0.000,0,0,1572864,6,0,6,1,0,6,1
3,f32,6,65536,glibc_default_fresh,M_TWIN,0,2,1,145766.00,0.0000,0.0000,147000.0,0.0,6.000,1572864.0,0.000,0,0,1572864,6,1,0,0,0,6,1
3,f32,6,65536,glibc_default_fresh,R,1,0,1,127655.00,0.0000,0.0000,130000.0,0.0,6.000,1572864.0,0.000,0,0,1572864,6,0,6,1,0,6,1
3,f32,6,65536,glibc_default_fresh,M_TWIN,1,1,1,138235.00,0.0000,0.0000,140000.0,0.0,6.000,1572864.0,0.000,0,0,1572864,6,1,0,0,0,6,1
3,f32,6,65536,glibc_default_fresh,M,1,2,1,155813.00,0.0000,0.0000,157000.0,0.0,6.000,1572864.0,0.000,0,0,1572864,6,1,0,0,0,6,1
3,f32,6,65536,glibc_default_fresh,M_TWIN,2,0,1,129257.00,0.0000,0.0000,131000.0,0.0,6.000,1572864.0,0.000,0,0,1572864,6,1,0,0,0,6,1
3,f32,6,65536,glibc_default_fresh,M,2,1,1,129759.00,0.0000,0.0000,131000.0,0.0,6.000,1572864.0,0.000,0,0,1572864,6,1,0,0,0,6,1
3,f32,6,65536,glibc_default_fresh,R,2,2,1,126303.00,0.0000,0.0000,127000.0,0.0,6.000,1572864.0,0.000,0,0,1572864,6,0,6,1,0,6,1
3,f32,6,65536,glibc_default_fresh,M,3,0,1,146597.00,0.0000,0.0000,148000.0,0.0,6.000,1572864.0,0.000,0,0,1572864,6,1,0,0,0,6,1
3,f32,6,65536,glibc_default_fresh,R,3,1,1,126173.00,0.0000,0.0000,128000.0,0.0,6.000,1572864.0,0.000,0,0,1572864,6,0,6,1,0,6,1
3,f32,6,65536,glibc_default_fresh,M_TWIN,3,2,1,135624.00,0.0000,0.0000,137000.0,0.0,6.000,1572864.0,0.000,0,0,1572864,6,1,0,0,0,6,1
3,f32,6,65536,glibc_default_fresh,R,4,0,1,143361.00,0.0000,0.0000,145000.0,0.0,6.000,1572864.0,0.000,0,0,1572864,6,0,6,1,0,6,1
3,f32,6,65536,glibc_default_fresh,M_TWIN,4,1,1,129546.00,0.0000,0.0000,131000.0,0.0,6.000,1572864.0,0.000,0,0,1572864,6,1,0,0,0,6,1
3,f32,6,65536,glibc_default_fresh,M,4,2,1,130642.00,0.0000,0.0000,131000.0,0.0,6.000,1572864.0,0.000,0,0,1572864,6,1,0,0,0,6,1
3,f32,6,65536,glibc_default_fresh,M_TWIN,5,0,1,130034.00,0.0000,0.0000,132000.0,0.0,6.000,1572864.0,0.000,0,0,1572864,6,1,0,0,0,6,1
3,f32,6,65536,glibc_default_fresh,M,5,1,1,146617.00,0.0000,0.0000,148000.0,0.0,6.000,1572864.0,0.000,0,0,1572864,6,1,0,0,0,6,1
3,f32,6,65536,glibc_default_fresh,R,5,2,1,125594.00,0.0000,0.0000,127000.0,0.0,6.000,1572864.0,0.000,0,0,1572864,6,0,6,1,0,6,1
3,f32,6,65536,glibc_default_fresh,M,6,0,1,138634.00,0.0000,0.0000,140000.0,0.0,6.000,1572864.0,0.000,0,0,1572864,6,1,0,0,0,6,1
3,f32,6,65536,glibc_default_fresh,R,6,1,1,125199.00,0.0000,0.0000,126000.0,0.0,6.000,1572864.0,0.000,0,0,1572864,6,0,6,1,0,6,1
3,f32,6,65536,glibc_default_fresh,M_TWIN,6,2,1,129359.00,0.0000,0.0000,131000.0,0.0,6.000,1572864.0,0.000,0,0,1572864,6,1,0,0,0,6,1
3,f32,6,65536,glibc_default_fresh,R,7,0,1,125785.00,0.0000,0.0000,127000.0,0.0,6.000,1572864.0,0.000,0,0,1572864,6,0,6,1,0,6,1
3,f32,6,65536,glibc_default_fresh,M_TWIN,7,1,1,166403.00,0.0000,0.0000,168000.0,0.0,6.000,1572864.0,0.000,0,0,1572864,6,1,0,0,0,6,1
3,f32,6,65536,glibc_default_fresh,M,7,2,1,137647.00,0.0000,0.0000,141000.0,0.0,6.000,1572864.0,0.000,0,0,1572864,6,1,0,0,0,6,1
3,f32,6,65536,glibc_default_fresh,M_TWIN,8,0,1,142464.00,0.0000,0.0000,145000.0,0.0,6.000,1572864.0,0.000,0,0,1572864,6,1,0,0,0,6,1
3,f32,6,65536,glibc_default_fresh,M,8,1,1,145414.00,0.0000,0.0000,148000.0,0.0,6.000,1572864.0,0.000,0,0,1572864,6,1,0,0,0,6,1
3,f32,6,65536,glibc_default_fresh,R,8,2,1,124906.00,0.0000,0.0000,126000.0,0.0,6.000,1572864.0,0.000,0,0,1572864,6,0,6,1,0,6,1
3,f32,6,65536,glibc_default_fresh,M,9,0,1,129137.00,0.0000,0.0000,131000.0,0.0,6.000,1572864.0,0.000,0,0,1572864,6,1,0,0,0,6,1
3,f32,6,65536,glibc_default_fresh,R,9,1,1,128600.00,0.0000,0.0000,131000.0,0.0,6.000,1572864.0,0.000,0,0,1572864,6,0,6,1,0,6,1
3,f32,6,65536,glibc_default_fresh,M_TWIN,9,2,1,141591.00,0.0000,0.0000,143000.0,0.0,6.000,1572864.0,0.000,0,0,1572864,6,1,0,0,0,6,1
3,f32,6,65536,glibc_default_fresh,R,10,0,1,145130.00,0.0000,0.0000,147000.0,0.0,6.000,1572864.0,0.000,0,0,1572864,6,0,6,1,0,6,1
3,f32,6,65536,glibc_default_fresh,M_TWIN,10,1,1,137437.00,0.0000,0.0000,140000.0,0.0,6.000,1572864.0,0.000,0,0,1572864,6,1,0,0,0,6,1
3,f32,6,65536,glibc_default_fresh,M,10,2,1,138902.00,0.0000,0.0000,141000.0,0.0,6.000,1572864.0,0.000,0,0,1572864,6,1,0,0,0,6,1
3,f32,6,65536,glibc_default_fresh,M_TWIN,11,0,1,174478.00,0.0000,0.0000,176000.0,0.0,6.000,1572864.0,0.000,0,0,1572864,6,1,0,0,0,6,1
3,f32,6,65536,glibc_default_fresh,M,11,1,1,130402.00,0.0000,0.0000,132000.0,0.0,6.000,1572864.0,0.000,0,0,1572864,6,1,0,0,0,6,1
3,f32,6,65536,glibc_default_fresh,R,11,2,1,128948.00,0.0000,0.0000,130000.0,0.0,6.000,1572864.0,0.000,0,0,1572864,6,0,6,1,0,6,1
3,f32,6,65536,glibc_default_fresh,M,12,0,1,131707.00,0.0000,0.0000,133000.0,0.0,6.000,1572864.0,0.000,0,0,1572864,6,1,0,0,0,6,1
3,f32,6,65536,glibc_default_fresh,R,12,1,1,155739.00,0.0000,0.0000,158000.0,0.0,6.000,1572864.0,0.000,0,0,1572864,6,0,6,1,0,6,1
3,f32,6,65536,glibc_default_fresh,M_TWIN,12,2,1,129452.00,0.0000,0.0000,130000.0,0.0,6.000,1572864.0,0.000,0,0,1572864,6,1,0,0,0,6,1
3,f32,6,65536,glibc_default_fresh,R,13,0,1,133039.00,0.0000,0.0000,135000.0,0.0,6.000,1572864.0,0.000,0,0,1572864,6,0,6,1,0,6,1
3,f32,6,65536,glibc_default_fresh,M_TWIN,13,1,1,129418.00,0.0000,0.0000,130000.0,0.0,6.000,1572864.0,0.000,0,0,1572864,6,1,0,0,0,6,1
3,f32,6,65536,glibc_default_fresh,M,13,2,1,135009.00,0.0000,0.0000,136000.0,0.0,6.000,1572864.0,0.000,0,0,1572864,6,1,0,0,0,6,1
3,f32,6,65536,glibc_default_fresh,M_TWIN,14,0,1,130033.00,0.0000,0.0000,131000.0,0.0,6.000,1572864.0,0.000,0,0,1572864,6,1,0,0,0,6,1
3,f32,6,65536,glibc_default_fresh,M,14,1,1,132319.00,0.0000,0.0000,134000.0,0.0,6.000,1572864.0,0.000,0,0,1572864,6,1,0,0,0,6,1
3,f32,6,65536,glibc_default_fresh,R,14,2,1,144696.00,0.0000,0.0000,146000.0,0.0,6.000,1572864.0,0.000,0,0,1572864,6,0,6,1,0,6,1
3,f32,6,262144,glibc_default_fresh,M,0,0,1,760896.00,2.0000,0.0000,390000.0,387000.0,6.000,6291456.0,0.000,0,0,6291456,6,1,0,0,0,6,1
3,f32,6,262144,glibc_default_fresh,R,0,1,1,924309.00,0.0000,0.0000,774000.0,155000.0,6.000,6291456.0,0.000,0,0,6291456,6,0,6,1,0,6,1
3,f32,6,262144,glibc_default_fresh,M_TWIN,0,2,1,752857.00,0.0000,0.0000,755000.0,0.0,6.000,6291456.0,0.000,0,0,6291456,6,1,0,0,0,6,1
3,f32,6,262144,glibc_default_fresh,R,1,0,1,936480.00,0.0000,0.0000,847000.0,93000.0,6.000,6291456.0,0.000,0,0,6291456,6,0,6,1,0,6,1
3,f32,6,262144,glibc_default_fresh,M_TWIN,1,1,1,753286.00,0.0000,0.0000,756000.0,0.0,6.000,6291456.0,0.000,0,0,6291456,6,1,0,0,0,6,1
3,f32,6,262144,glibc_default_fresh,M,1,2,1,802115.00,0.0000,0.0000,806000.0,0.0,6.000,6291456.0,0.000,0,0,6291456,6,1,0,0,0,6,1
3,f32,6,262144,glibc_default_fresh,M_TWIN,2,0,1,791338.00,0.0000,0.0000,794000.0,0.0,6.000,6291456.0,0.000,0,0,6291456,6,1,0,0,0,6,1
3,f32,6,262144,glibc_default_fresh,M,2,1,1,762551.00,0.0000,0.0000,765000.0,0.0,6.000,6291456.0,0.000,0,0,6291456,6,1,0,0,0,6,1
3,f32,6,262144,glibc_default_fresh,R,2,2,1,925770.00,0.0000,0.0000,929000.0,0.0,6.000,6291456.0,0.000,0,0,6291456,6,0,6,1,0,6,1
3,f32,6,262144,glibc_default_fresh,M,3,0,1,781879.00,0.0000,0.0000,784000.0,0.0,6.000,6291456.0,0.000,0,0,6291456,6,1,0,0,0,6,1
3,f32,6,262144,glibc_default_fresh,R,3,1,1,968182.00,0.0000,0.0000,972000.0,0.0,6.000,6291456.0,0.000,0,0,6291456,6,0,6,1,0,6,1
3,f32,6,262144,glibc_default_fresh,M_TWIN,3,2,1,796610.00,0.0000,0.0000,799000.0,0.0,6.000,6291456.0,0.000,0,0,6291456,6,1,0,0,0,6,1
3,f32,6,262144,glibc_default_fresh,R,4,0,1,952182.00,0.0000,0.0000,956000.0,0.0,6.000,6291456.0,0.000,0,0,6291456,6,0,6,1,0,6,1
3,f32,6,262144,glibc_default_fresh,M_TWIN,4,1,1,785576.00,0.0000,0.0000,788000.0,0.0,6.000,6291456.0,0.000,0,0,6291456,6,1,0,0,0,6,1
3,f32,6,262144,glibc_default_fresh,M,4,2,1,793724.00,0.0000,0.0000,762000.0,0.0,6.000,6291456.0,0.000,0,0,6291456,6,1,0,0,0,6,1
3,f32,6,262144,glibc_default_fresh,M_TWIN,5,0,1,756612.00,0.0000,0.0000,760000.0,0.0,6.000,6291456.0,0.000,0,0,6291456,6,1,0,0,0,6,1
3,f32,6,262144,glibc_default_fresh,M,5,1,1,760029.00,0.0000,0.0000,762000.0,0.0,6.000,6291456.0,0.000,0,0,6291456,6,1,0,0,0,6,1
3,f32,6,262144,glibc_default_fresh,R,5,2,1,926500.00,0.0000,0.0000,930000.0,0.0,6.000,6291456.0,0.000,0,0,6291456,6,0,6,1,0,6,1
3,f32,6,262144,glibc_default_fresh,M,6,0,1,753471.00,0.0000,0.0000,757000.0,0.0,6.000,6291456.0,0.000,0,0,6291456,6,1,0,0,0,6,1
3,f32,6,262144,glibc_default_fresh,R,6,1,1,928235.00,0.0000,0.0000,932000.0,0.0,6.000,6291456.0,0.000,0,0,6291456,6,0,6,1,0,6,1
3,f32,6,262144,glibc_default_fresh,M_TWIN,6,2,1,741414.00,0.0000,0.0000,745000.0,0.0,6.000,6291456.0,0.000,0,0,6291456,6,1,0,0,0,6,1
3,f32,6,262144,glibc_default_fresh,R,7,0,1,898479.00,0.0000,0.0000,901000.0,0.0,6.000,6291456.0,0.000,0,0,6291456,6,0,6,1,0,6,1
3,f32,6,262144,glibc_default_fresh,M_TWIN,7,1,1,756692.00,0.0000,0.0000,760000.0,0.0,6.000,6291456.0,0.000,0,0,6291456,6,1,0,0,0,6,1
3,f32,6,262144,glibc_default_fresh,M,7,2,1,748878.00,0.0000,0.0000,752000.0,0.0,6.000,6291456.0,0.000,0,0,6291456,6,1,0,0,0,6,1
3,f32,6,262144,glibc_default_fresh,M_TWIN,8,0,1,764094.00,0.0000,0.0000,767000.0,0.0,6.000,6291456.0,0.000,0,0,6291456,6,1,0,0,0,6,1
3,f32,6,262144,glibc_default_fresh,M,8,1,1,761885.00,0.0000,0.0000,765000.0,0.0,6.000,6291456.0,0.000,0,0,6291456,6,1,0,0,0,6,1
3,f32,6,262144,glibc_default_fresh,R,8,2,1,916532.00,0.0000,0.0000,920000.0,0.0,6.000,6291456.0,0.000,0,0,6291456,6,0,6,1,0,6,1
3,f32,6,262144,glibc_default_fresh,M,9,0,1,751905.00,0.0000,0.0000,755000.0,0.0,6.000,6291456.0,0.000,0,0,6291456,6,1,0,0,0,6,1
3,f32,6,262144,glibc_default_fresh,R,9,1,1,942657.00,0.0000,0.0000,946000.0,0.0,6.000,6291456.0,0.000,0,0,6291456,6,0,6,1,0,6,1
3,f32,6,262144,glibc_default_fresh,M_TWIN,9,2,1,736155.00,0.0000,0.0000,739000.0,0.0,6.000,6291456.0,0.000,0,0,6291456,6,1,0,0,0,6,1
3,f32,6,262144,glibc_default_fresh,R,10,0,1,898163.00,0.0000,0.0000,901000.0,0.0,6.000,6291456.0,0.000,0,0,6291456,6,0,6,1,0,6,1
3,f32,6,262144,glibc_default_fresh,M_TWIN,10,1,1,735869.00,0.0000,0.0000,739000.0,0.0,6.000,6291456.0,0.000,0,0,6291456,6,1,0,0,0,6,1
3,f32,6,262144,glibc_default_fresh,M,10,2,1,762088.00,0.0000,0.0000,766000.0,0.0,6.000,6291456.0,0.000,0,0,6291456,6,1,0,0,0,6,1
3,f32,6,262144,glibc_default_fresh,M_TWIN,11,0,1,749827.00,0.0000,0.0000,753000.0,0.0,6.000,6291456.0,0.000,0,0,6291456,6,1,0,0,0,6,1
3,f32,6,262144,glibc_default_fresh,M,11,1,1,776661.00,0.0000,0.0000,780000.0,0.0,6.000,6291456.0,0.000,0,0,6291456,6,1,0,0,0,6,1
3,f32,6,262144,glibc_default_fresh,R,11,2,1,917571.00,0.0000,0.0000,920000.0,0.0,6.000,6291456.0,0.000,0,0,6291456,6,0,6,1,0,6,1
3,f32,6,262144,glibc_default_fresh,M,12,0,1,767279.00,0.0000,0.0000,771000.0,0.0,6.000,6291456.0,0.000,0,0,6291456,6,1,0,0,0,6,1
3,f32,6,262144,glibc_default_fresh,R,12,1,1,951400.00,0.0000,0.0000,954000.0,0.0,6.000,6291456.0,0.000,0,0,6291456,6,0,6,1,0,6,1
3,f32,6,262144,glibc_default_fresh,M_TWIN,12,2,1,783279.00,0.0000,0.0000,787000.0,0.0,6.000,6291456.0,0.000,0,0,6291456,6,1,0,0,0,6,1
3,f32,6,262144,glibc_default_fresh,R,13,0,1,916969.00,0.0000,0.0000,919000.0,0.0,6.000,6291456.0,0.000,0,0,6291456,6,0,6,1,0,6,1
3,f32,6,262144,glibc_default_fresh,M_TWIN,13,1,1,736317.00,0.0000,0.0000,739000.0,0.0,6.000,6291456.0,0.000,0,0,6291456,6,1,0,0,0,6,1
3,f32,6,262144,glibc_default_fresh,M,13,2,1,734397.00,0.0000,0.0000,738000.0,0.0,6.000,6291456.0,0.000,0,0,6291456,6,1,0,0,0,6,1
3,f32,6,262144,glibc_default_fresh,M_TWIN,14,0,1,880447.00,0.0000,0.0000,884000.0,0.0,6.000,6291456.0,0.000,0,0,6291456,6,1,0,0,0,6,1
3,f32,6,262144,glibc_default_fresh,M,14,1,1,790630.00,0.0000,0.0000,794000.0,0.0,6.000,6291456.0,0.000,0,0,6291456,6,1,0,0,0,6,1
3,f32,6,262144,glibc_default_fresh,R,14,2,1,949608.00,0.0000,0.0000,953000.0,0.0,6.000,6291456.0,0.000,0,0,6291456,6,0,6,1,0,6,1
3,f32,6,1048576,glibc_default_fresh,M,0,0,1,3244223.00,2.0000,0.0000,3269000.0,0.0,6.000,25165824.0,0.000,0,0,25165824,6,1,0,0,0,6,1
3,f32,6,1048576,glibc_default_fresh,R,0,1,1,3872801.00,0.0000,0.0000,3877000.0,0.0,6.000,25165824.0,0.000,0,0,25165824,6,0,6,1,0,6,1
3,f32,6,1048576,glibc_default_fresh,M_TWIN,0,2,1,3313182.00,0.0000,0.0000,3317000.0,0.0,6.000,25165824.0,0.000,0,0,25165824,6,1,0,0,0,6,1
3,f32,6,1048576,glibc_default_fresh,R,1,0,1,4110319.00,0.0000,0.0000,4114000.0,0.0,6.000,25165824.0,0.000,0,0,25165824,6,0,6,1,0,6,1
3,f32,6,1048576,glibc_default_fresh,M_TWIN,1,1,1,3409813.00,0.0000,0.0000,3413000.0,0.0,6.000,25165824.0,0.000,0,0,25165824,6,1,0,0,0,6,1
3,f32,6,1048576,glibc_default_fresh,M,1,2,1,3300685.00,0.0000,0.0000,3305000.0,0.0,6.000,25165824.0,0.000,0,0,25165824,6,1,0,0,0,6,1
3,f32,6,1048576,glibc_default_fresh,M_TWIN,2,0,1,3302918.00,0.0000,0.0000,3307000.0,0.0,6.000,25165824.0,0.000,0,0,25165824,6,1,0,0,0,6,1
3,f32,6,1048576,glibc_default_fresh,M,2,1,1,3219053.00,0.0000,0.0000,3222000.0,0.0,6.000,25165824.0,0.000,0,0,25165824,6,1,0,0,0,6,1
3,f32,6,1048576,glibc_default_fresh,R,2,2,1,3911226.00,0.0000,0.0000,3914000.0,0.0,6.000,25165824.0,0.000,0,0,25165824,6,0,6,1,0,6,1
3,f32,6,1048576,glibc_default_fresh,M,3,0,1,3446810.00,0.0000,0.0000,3451000.0,0.0,6.000,25165824.0,0.000,0,0,25165824,6,1,0,0,0,6,1
3,f32,6,1048576,glibc_default_fresh,R,3,1,1,4064535.00,0.0000,0.0000,4068000.0,0.0,6.000,25165824.0,0.000,0,0,25165824,6,0,6,1,0,6,1
3,f32,6,1048576,glibc_default_fresh,M_TWIN,3,2,1,3493875.00,0.0000,0.0000,3497000.0,0.0,6.000,25165824.0,0.000,0,0,25165824,6,1,0,0,0,6,1
3,f32,6,1048576,glibc_default_fresh,R,4,0,1,4067844.00,0.0000,0.0000,4071000.0,0.0,6.000,25165824.0,0.000,0,0,25165824,6,0,6,1,0,6,1
3,f32,6,1048576,glibc_default_fresh,M_TWIN,4,1,1,3473194.00,0.0000,0.0000,3477000.0,0.0,6.000,25165824.0,0.000,0,0,25165824,6,1,0,0,0,6,1
3,f32,6,1048576,glibc_default_fresh,M,4,2,1,3526523.00,0.0000,0.0000,3531000.0,0.0,6.000,25165824.0,0.000,0,0,25165824,6,1,0,0,0,6,1
3,f32,6,1048576,glibc_default_fresh,M_TWIN,5,0,1,3552727.00,0.0000,0.0000,3556000.0,0.0,6.000,25165824.0,0.000,0,0,25165824,6,1,0,0,0,6,1
3,f32,6,1048576,glibc_default_fresh,M,5,1,1,3592475.00,0.0000,0.0000,3596000.0,0.0,6.000,25165824.0,0.000,0,0,25165824,6,1,0,0,0,6,1
3,f32,6,1048576,glibc_default_fresh,R,5,2,1,4038555.00,0.0000,0.0000,4042000.0,0.0,6.000,25165824.0,0.000,0,0,25165824,6,0,6,1,0,6,1
3,f32,6,1048576,glibc_default_fresh,M,6,0,1,3465909.00,0.0000,0.0000,3469000.0,0.0,6.000,25165824.0,0.000,0,0,25165824,6,1,0,0,0,6,1
3,f32,6,1048576,glibc_default_fresh,R,6,1,1,4017909.00,0.0000,0.0000,4021000.0,0.0,6.000,25165824.0,0.000,0,0,25165824,6,0,6,1,0,6,1
3,f32,6,1048576,glibc_default_fresh,M_TWIN,6,2,1,3598769.00,0.0000,0.0000,3603000.0,0.0,6.000,25165824.0,0.000,0,0,25165824,6,1,0,0,0,6,1
3,f32,6,1048576,glibc_default_fresh,R,7,0,1,4164352.00,0.0000,0.0000,4167000.0,0.0,6.000,25165824.0,0.000,0,0,25165824,6,0,6,1,0,6,1
3,f32,6,1048576,glibc_default_fresh,M_TWIN,7,1,1,3514913.00,0.0000,0.0000,3519000.0,0.0,6.000,25165824.0,0.000,0,0,25165824,6,1,0,0,0,6,1
3,f32,6,1048576,glibc_default_fresh,M,7,2,1,3551699.00,0.0000,0.0000,3556000.0,0.0,6.000,25165824.0,0.000,0,0,25165824,6,1,0,0,0,6,1
3,f32,6,1048576,glibc_default_fresh,M_TWIN,8,0,1,3547675.00,0.0000,0.0000,3551000.0,0.0,6.000,25165824.0,0.000,0,0,25165824,6,1,0,0,0,6,1
3,f32,6,1048576,glibc_default_fresh,M,8,1,1,3518690.00,0.0000,0.0000,3522000.0,0.0,6.000,25165824.0,0.000,0,0,25165824,6,1,0,0,0,6,1
3,f32,6,1048576,glibc_default_fresh,R,8,2,1,4008650.00,0.0000,0.0000,4012000.0,0.0,6.000,25165824.0,0.000,0,0,25165824,6,0,6,1,0,6,1
3,f32,6,1048576,glibc_default_fresh,M,9,0,1,3609115.00,0.0000,0.0000,3613000.0,0.0,6.000,25165824.0,0.000,0,0,25165824,6,1,0,0,0,6,1
3,f32,6,1048576,glibc_default_fresh,R,9,1,1,4242326.00,0.0000,0.0000,4245000.0,0.0,6.000,25165824.0,0.000,0,0,25165824,6,0,6,1,0,6,1
3,f32,6,1048576,glibc_default_fresh,M_TWIN,9,2,1,3512815.00,0.0000,0.0000,3516000.0,0.0,6.000,25165824.0,0.000,0,0,25165824,6,1,0,0,0,6,1
3,f32,6,1048576,glibc_default_fresh,R,10,0,1,3984219.00,0.0000,0.0000,3988000.0,0.0,6.000,25165824.0,0.000,0,0,25165824,6,0,6,1,0,6,1
3,f32,6,1048576,glibc_default_fresh,M_TWIN,10,1,1,3434716.00,0.0000,0.0000,3439000.0,0.0,6.000,25165824.0,0.000,0,0,25165824,6,1,0,0,0,6,1
3,f32,6,1048576,glibc_default_fresh,M,10,2,1,3385793.00,0.0000,0.0000,3391000.0,0.0,6.000,25165824.0,0.000,0,0,25165824,6,1,0,0,0,6,1
3,f32,6,1048576,glibc_default_fresh,M_TWIN,11,0,1,3460621.00,0.0000,0.0000,3464000.0,0.0,6.000,25165824.0,0.000,0,0,25165824,6,1,0,0,0,6,1
3,f32,6,1048576,glibc_default_fresh,M,11,1,1,3714726.00,0.0000,0.0000,3718000.0,0.0,6.000,25165824.0,0.000,0,0,25165824,6,1,0,0,0,6,1
3,f32,6,1048576,glibc_default_fresh,R,11,2,1,4157566.00,0.0000,0.0000,4162000.0,0.0,6.000,25165824.0,0.000,0,0,25165824,6,0,6,1,0,6,1
3,f32,6,1048576,glibc_default_fresh,M,12,0,1,3504146.00,0.0000,0.0000,3508000.0,0.0,6.000,25165824.0,0.000,0,0,25165824,6,1,0,0,0,6,1
3,f32,6,1048576,glibc_default_fresh,R,12,1,1,3987460.00,0.0000,0.0000,3990000.0,0.0,6.000,25165824.0,0.000,0,0,25165824,6,0,6,1,0,6,1
3,f32,6,1048576,glibc_default_fresh,M_TWIN,12,2,1,3388974.00,0.0000,0.0000,3393000.0,0.0,6.000,25165824.0,0.000,0,0,25165824,6,1,0,0,0,6,1
3,f32,6,1048576,glibc_default_fresh,R,13,0,1,3902919.00,0.0000,0.0000,3906000.0,0.0,6.000,25165824.0,0.000,0,0,25165824,6,0,6,1,0,6,1
3,f32,6,1048576,glibc_default_fresh,M_TWIN,13,1,1,3424530.00,0.0000,0.0000,3429000.0,0.0,6.000,25165824.0,0.000,0,0,25165824,6,1,0,0,0,6,1
3,f32,6,1048576,glibc_default_fresh,M,13,2,1,3388800.00,0.0000,0.0000,3392000.0,0.0,6.000,25165824.0,0.000,0,0,25165824,6,1,0,0,0,6,1
3,f32,6,1048576,glibc_default_fresh,M_TWIN,14,0,1,3328853.00,0.0000,0.0000,3332000.0,0.0,6.000,25165824.0,0.000,0,0,25165824,6,1,0,0,0,6,1
3,f32,6,1048576,glibc_default_fresh,M,14,1,1,3442303.00,0.0000,0.0000,3446000.0,0.0,6.000,25165824.0,0.000,0,0,25165824,6,1,0,0,0,6,1
3,f32,6,1048576,glibc_default_fresh,R,14,2,1,3904847.00,0.0000,0.0000,3908000.0,0.0,6.000,25165824.0,0.000,0,0,25165824,6,0,6,1,0,6,1
3,f32,6,4194304,glibc_default_fresh,M,0,0,1,22048021.00,2.0000,0.0000,22075000.0,0.0,6.000,100663296.0,0.000,0,0,100663296,6,1,0,0,0,6,1
3,f32,6,4194304,glibc_default_fresh,R,0,1,1,22625778.00,0.0000,0.0000,22634000.0,0.0,6.000,100663296.0,0.000,0,0,100663296,6,0,6,1,0,6,1
3,f32,6,4194304,glibc_default_fresh,M_TWIN,0,2,1,23098862.00,0.0000,0.0000,23046000.0,0.0,6.000,100663296.0,0.000,0,0,100663296,6,1,0,0,0,6,1
3,f32,6,4194304,glibc_default_fresh,R,1,0,1,23319536.00,0.0000,0.0000,23327000.0,0.0,6.000,100663296.0,0.000,0,0,100663296,6,0,6,1,0,6,1
3,f32,6,4194304,glibc_default_fresh,M_TWIN,1,1,1,22919531.00,0.0000,0.0000,22916000.0,0.0,6.000,100663296.0,0.000,0,0,100663296,6,1,0,0,0,6,1
3,f32,6,4194304,glibc_default_fresh,M,1,2,1,22767356.00,0.0000,0.0000,22773000.0,0.0,6.000,100663296.0,0.000,0,0,100663296,6,1,0,0,0,6,1
3,f32,6,4194304,glibc_default_fresh,M_TWIN,2,0,1,22050477.00,0.0000,0.0000,22056000.0,0.0,6.000,100663296.0,0.000,0,0,100663296,6,1,0,0,0,6,1
3,f32,6,4194304,glibc_default_fresh,M,2,1,1,22319222.00,0.0000,0.0000,22308000.0,0.0,6.000,100663296.0,0.000,0,0,100663296,6,1,0,0,0,6,1
3,f32,6,4194304,glibc_default_fresh,R,2,2,1,21386599.00,0.0000,0.0000,21393000.0,0.0,6.000,100663296.0,0.000,0,0,100663296,6,0,6,1,0,6,1
3,f32,6,4194304,glibc_default_fresh,M,3,0,1,22320434.00,0.0000,0.0000,22326000.0,0.0,6.000,100663296.0,0.000,0,0,100663296,6,1,0,0,0,6,1
3,f32,6,4194304,glibc_default_fresh,R,3,1,1,22633060.00,0.0000,0.0000,22641000.0,0.0,6.000,100663296.0,0.000,0,0,100663296,6,0,6,1,0,6,1
3,f32,6,4194304,glibc_default_fresh,M_TWIN,3,2,1,22752694.00,0.0000,0.0000,22780000.0,0.0,6.000,100663296.0,0.000,0,0,100663296,6,1,0,0,0,6,1
3,f32,6,4194304,glibc_default_fresh,R,4,0,1,21897962.00,0.0000,0.0000,21903000.0,0.0,6.000,100663296.0,0.000,0,0,100663296,6,0,6,1,0,6,1
3,f32,6,4194304,glibc_default_fresh,M_TWIN,4,1,1,22353602.00,0.0000,0.0000,22361000.0,0.0,6.000,100663296.0,0.000,0,0,100663296,6,1,0,0,0,6,1
3,f32,6,4194304,glibc_default_fresh,M,4,2,1,27894863.00,0.0000,0.0000,27894000.0,0.0,6.000,100663296.0,0.000,0,0,100663296,6,1,0,0,0,6,1
3,f32,6,4194304,glibc_default_fresh,M_TWIN,5,0,1,22004628.00,0.0000,0.0000,22010000.0,0.0,6.000,100663296.0,0.000,0,0,100663296,6,1,0,0,0,6,1
3,f32,6,4194304,glibc_default_fresh,M,5,1,1,23230326.00,0.0000,0.0000,23236000.0,0.0,6.000,100663296.0,0.000,0,0,100663296,6,1,0,0,0,6,1
3,f32,6,4194304,glibc_default_fresh,R,5,2,1,22494385.00,0.0000,0.0000,22501000.0,0.0,6.000,100663296.0,0.000,0,0,100663296,6,0,6,1,0,6,1
3,f32,6,4194304,glibc_default_fresh,M,6,0,1,22996124.00,0.0000,0.0000,23003000.0,0.0,6.000,100663296.0,0.000,0,0,100663296,6,1,0,0,0,6,1
3,f32,6,4194304,glibc_default_fresh,R,6,1,1,22357589.00,0.0000,0.0000,22364000.0,0.0,6.000,100663296.0,0.000,0,0,100663296,6,0,6,1,0,6,1
3,f32,6,4194304,glibc_default_fresh,M_TWIN,6,2,1,22256331.00,0.0000,0.0000,22264000.0,0.0,6.000,100663296.0,0.000,0,0,100663296,6,1,0,0,0,6,1
3,f32,6,4194304,glibc_default_fresh,R,7,0,1,21707633.00,0.0000,0.0000,21714000.0,0.0,6.000,100663296.0,0.000,0,0,100663296,6,0,6,1,0,6,1
3,f32,6,4194304,glibc_default_fresh,M_TWIN,7,1,1,22568500.00,0.0000,0.0000,22531000.0,0.0,6.000,100663296.0,0.000,0,0,100663296,6,1,0,0,0,6,1
3,f32,6,4194304,glibc_default_fresh,M,7,2,1,22957408.00,0.0000,0.0000,22931000.0,0.0,6.000,100663296.0,0.000,0,0,100663296,6,1,0,0,0,6,1
3,f32,6,4194304,glibc_default_fresh,M_TWIN,8,0,1,22481627.00,0.0000,0.0000,22488000.0,0.0,6.000,100663296.0,0.000,0,0,100663296,6,1,0,0,0,6,1
3,f32,6,4194304,glibc_default_fresh,M,8,1,1,24524449.00,0.0000,0.0000,24517000.0,0.0,6.000,100663296.0,0.000,0,0,100663296,6,1,0,0,0,6,1
3,f32,6,4194304,glibc_default_fresh,R,8,2,1,23063904.00,0.0000,0.0000,23071000.0,0.0,6.000,100663296.0,0.000,0,0,100663296,6,0,6,1,0,6,1
3,f32,6,4194304,glibc_default_fresh,M,9,0,1,23794176.00,0.0000,0.0000,23801000.0,0.0,6.000,100663296.0,0.000,0,0,100663296,6,1,0,0,0,6,1
3,f32,6,4194304,glibc_default_fresh,R,9,1,1,22823547.00,0.0000,0.0000,22774000.0,0.0,6.000,100663296.0,0.000,0,0,100663296,6,0,6,1,0,6,1
3,f32,6,4194304,glibc_default_fresh,M_TWIN,9,2,1,23040466.00,0.0000,0.0000,23047000.0,0.0,6.000,100663296.0,0.000,0,0,100663296,6,1,0,0,0,6,1
3,f32,6,4194304,glibc_default_fresh,R,10,0,1,22982492.00,0.0000,0.0000,22989000.0,0.0,6.000,100663296.0,0.000,0,0,100663296,6,0,6,1,0,6,1
3,f32,6,4194304,glibc_default_fresh,M_TWIN,10,1,1,23242364.00,0.0000,0.0000,23210000.0,0.0,6.000,100663296.0,0.000,0,0,100663296,6,1,0,0,0,6,1
3,f32,6,4194304,glibc_default_fresh,M,10,2,1,23477353.00,0.0000,0.0000,23483000.0,0.0,6.000,100663296.0,0.000,0,0,100663296,6,1,0,0,0,6,1
3,f32,6,4194304,glibc_default_fresh,M_TWIN,11,0,1,22658540.00,0.0000,0.0000,22644000.0,0.0,6.000,100663296.0,0.000,0,0,100663296,6,1,0,0,0,6,1
3,f32,6,4194304,glibc_default_fresh,M,11,1,1,22044117.00,0.0000,0.0000,22040000.0,0.0,6.000,100663296.0,0.000,0,0,100663296,6,1,0,0,0,6,1
3,f32,6,4194304,glibc_default_fresh,R,11,2,1,22572413.00,0.0000,0.0000,22499000.0,0.0,6.000,100663296.0,0.000,0,0,100663296,6,0,6,1,0,6,1
3,f32,6,4194304,glibc_default_fresh,M,12,0,1,22686495.00,0.0000,0.0000,22692000.0,0.0,6.000,100663296.0,0.000,0,0,100663296,6,1,0,0,0,6,1
3,f32,6,4194304,glibc_default_fresh,R,12,1,1,22590229.00,0.0000,0.0000,22571000.0,0.0,6.000,100663296.0,0.000,0,0,100663296,6,0,6,1,0,6,1
3,f32,6,4194304,glibc_default_fresh,M_TWIN,12,2,1,22901116.00,0.0000,0.0000,22910000.0,0.0,6.000,100663296.0,0.000,0,0,100663296,6,1,0,0,0,6,1
3,f32,6,4194304,glibc_default_fresh,R,13,0,1,22805270.00,0.0000,0.0000,22811000.0,0.0,6.000,100663296.0,0.000,0,0,100663296,6,0,6,1,0,6,1
3,f32,6,4194304,glibc_default_fresh,M_TWIN,13,1,1,23395949.00,0.0000,0.0000,23407000.0,0.0,6.000,100663296.0,0.000,0,0,100663296,6,1,0,0,0,6,1
3,f32,6,4194304,glibc_default_fresh,M,13,2,1,23370255.00,0.0000,0.0000,23377000.0,0.0,6.000,100663296.0,0.000,0,0,100663296,6,1,0,0,0,6,1
3,f32,6,4194304,glibc_default_fresh,M_TWIN,14,0,1,22622451.00,0.0000,0.0000,22629000.0,0.0,6.000,100663296.0,0.000,0,0,100663296,6,1,0,0,0,6,1
3,f32,6,4194304,glibc_default_fresh,M,14,1,1,22777640.00,0.0000,0.0000,22785000.0,0.0,6.000,100663296.0,0.000,0,0,100663296,6,1,0,0,0,6,1
3,f32,6,4194304,glibc_default_fresh,R,14,2,1,22328410.00,0.0000,0.0000,22336000.0,0.0,6.000,100663296.0,0.000,0,0,100663296,6,0,6,1,0,6,1
3,f32,6,16777216,glibc_default_fresh,M,0,0,1,238943124.00,98312.0000,0.0000,75669000.0,163210000.0,6.000,402653184.0,0.000,0,0,402653184,6,1,0,0,0,6,1
3,f32,6,16777216,glibc_default_fresh,R,0,1,1,250325086.00,98310.0000,0.0000,100698000.0,149526000.0,6.000,402653184.0,0.000,0,0,402653184,6,0,6,1,0,6,1
3,f32,6,16777216,glibc_default_fresh,M_TWIN,0,2,1,231289716.00,98310.0000,0.0000,85109000.0,146166000.0,6.000,402653184.0,0.000,0,0,402653184,6,1,0,0,0,6,1
3,f32,6,16777216,glibc_default_fresh,R,1,0,1,242106813.00,98310.0000,0.0000,80745000.0,161354000.0,6.000,402653184.0,0.000,0,0,402653184,6,0,6,1,0,6,1
3,f32,6,16777216,glibc_default_fresh,M_TWIN,1,1,1,224177197.00,98310.0000,0.0000,68069000.0,156091000.0,6.000,402653184.0,0.000,0,0,402653184,6,1,0,0,0,6,1
3,f32,6,16777216,glibc_default_fresh,M,1,2,1,805943428.00,98310.0000,0.0000,79121000.0,726135000.0,6.000,402653184.0,0.000,0,0,402653184,6,1,0,0,0,6,1
3,f32,6,16777216,glibc_default_fresh,M_TWIN,2,0,1,220237391.00,98310.0000,0.0000,80083000.0,140151000.0,6.000,402653184.0,0.000,0,0,402653184,6,1,0,0,0,6,1
3,f32,6,16777216,glibc_default_fresh,M,2,1,1,219132592.00,98310.0000,0.0000,75688000.0,143450000.0,6.000,402653184.0,0.000,0,0,402653184,6,1,0,0,0,6,1
3,f32,6,16777216,glibc_default_fresh,R,2,2,1,240633143.00,98310.0000,0.0000,68200000.0,172393000.0,6.000,402653184.0,0.000,0,0,402653184,6,0,6,1,0,6,1
3,f32,6,16777216,glibc_default_fresh,M,3,0,1,220837196.00,98310.0000,0.0000,68323000.0,152521000.0,6.000,402653184.0,0.000,0,0,402653184,6,1,0,0,0,6,1
3,f32,6,16777216,glibc_default_fresh,R,3,1,1,238580143.00,98310.0000,0.0000,131449000.0,107137000.0,6.000,402653184.0,0.000,0,0,402653184,6,0,6,1,0,6,1
3,f32,6,16777216,glibc_default_fresh,M_TWIN,3,2,1,227421490.00,98310.0000,0.0000,75769000.0,151625000.0,6.000,402653184.0,0.000,0,0,402653184,6,1,0,0,0,6,1
3,f32,6,16777216,glibc_default_fresh,R,4,0,1,241356918.00,98310.0000,0.0000,86986000.0,154364000.0,6.000,402653184.0,0.000,0,0,402653184,6,0,6,1,0,6,1
3,f32,6,16777216,glibc_default_fresh,M_TWIN,4,1,1,776390404.00,98310.0000,0.0000,82444000.0,693197000.0,6.000,402653184.0,0.000,0,0,402653184,6,1,0,0,0,6,1
3,f32,6,16777216,glibc_default_fresh,M,4,2,1,224838115.00,98310.0000,0.0000,60268000.0,164513000.0,6.000,402653184.0,0.000,0,0,402653184,6,1,0,0,0,6,1
3,f32,6,16777216,glibc_default_fresh,M_TWIN,5,0,1,222737987.00,98310.0000,0.0000,75508000.0,147196000.0,6.000,402653184.0,0.000,0,0,402653184,6,1,0,0,0,6,1
3,f32,6,16777216,glibc_default_fresh,M,5,1,1,219503416.00,98310.0000,0.0000,67808000.0,151679000.0,6.000,402653184.0,0.000,0,0,402653184,6,1,0,0,0,6,1
3,f32,6,16777216,glibc_default_fresh,R,5,2,1,241197407.00,98310.0000,0.0000,112432000.0,128736000.0,6.000,402653184.0,0.000,0,0,402653184,6,0,6,1,0,6,1
3,f32,6,16777216,glibc_default_fresh,M,6,0,1,220672513.00,98310.0000,0.0000,80266000.0,140346000.0,6.000,402653184.0,0.000,0,0,402653184,6,1,0,0,0,6,1
3,f32,6,16777216,glibc_default_fresh,R,6,1,1,245123004.00,98310.0000,0.0000,80431000.0,164553000.0,6.000,402653184.0,0.000,0,0,402653184,6,0,6,1,0,6,1
3,f32,6,16777216,glibc_default_fresh,M_TWIN,6,2,1,221840515.00,98310.0000,0.0000,59129000.0,162685000.0,6.000,402653184.0,0.000,0,0,402653184,6,1,0,0,0,6,1
3,f32,6,16777216,glibc_default_fresh,R,7,0,1,1102030288.00,98310.0000,0.0000,168881000.0,932220000.0,6.000,402653184.0,0.000,0,0,402653184,6,0,6,1,0,6,1
3,f32,6,16777216,glibc_default_fresh,M_TWIN,7,1,1,221917259.00,98310.0000,0.0000,79088000.0,142733000.0,6.000,402653184.0,0.000,0,0,402653184,6,1,0,0,0,6,1
3,f32,6,16777216,glibc_default_fresh,M,7,2,1,223025868.00,98310.0000,0.0000,87623000.0,135375000.0,6.000,402653184.0,0.000,0,0,402653184,6,1,0,0,0,6,1
3,f32,6,16777216,glibc_default_fresh,M_TWIN,8,0,1,223215803.00,98310.0000,0.0000,85264000.0,137863000.0,6.000,402653184.0,0.000,0,0,402653184,6,1,0,0,0,6,1
3,f32,6,16777216,glibc_default_fresh,M,8,1,1,221216797.00,98310.0000,0.0000,90886000.0,130314000.0,6.000,402653184.0,0.000,0,0,402653184,6,1,0,0,0,6,1
3,f32,6,16777216,glibc_default_fresh,R,8,2,1,859398947.00,98310.0000,0.0000,91292000.0,767300000.0,6.000,402653184.0,0.000,0,0,402653184,6,0,6,1,0,6,1
3,f32,6,16777216,glibc_default_fresh,M,9,0,1,223398178.00,98310.0000,0.0000,61320000.0,162065000.0,6.000,402653184.0,0.000,0,0,402653184,6,1,0,0,0,6,1
3,f32,6,16777216,glibc_default_fresh,R,9,1,1,238393621.00,98310.0000,0.0000,96941000.0,141427000.0,6.000,402653184.0,0.000,0,0,402653184,6,0,6,1,0,6,1
3,f32,6,16777216,glibc_default_fresh,M_TWIN,9,2,1,226957813.00,98310.0000,0.0000,79579000.0,147387000.0,6.000,402653184.0,0.000,0,0,402653184,6,1,0,0,0,6,1
3,f32,6,16777216,glibc_default_fresh,R,10,0,1,242326336.00,98310.0000,0.0000,104928000.0,137372000.0,6.000,402653184.0,0.000,0,0,402653184,6,0,6,1,0,6,1
3,f32,6,16777216,glibc_default_fresh,M_TWIN,10,1,1,220937629.00,98310.0000,0.0000,96319000.0,124562000.0,6.000,402653184.0,0.000,0,0,402653184,6,1,0,0,0,6,1
3,f32,6,16777216,glibc_default_fresh,M,10,2,1,753792199.00,98310.0000,0.0000,126724000.0,626435000.0,6.000,402653184.0,0.000,0,0,402653184,6,1,0,0,0,6,1
3,f32,6,16777216,glibc_default_fresh,M_TWIN,11,0,1,226583993.00,98310.0000,0.0000,87436000.0,139123000.0,6.000,402653184.0,0.000,0,0,402653184,6,1,0,0,0,6,1
3,f32,6,16777216,glibc_default_fresh,M,11,1,1,225851512.00,98310.0000,0.0000,96744000.0,129099000.0,6.000,402653184.0,0.000,0,0,402653184,6,1,0,0,0,6,1
3,f32,6,16777216,glibc_default_fresh,R,11,2,1,248951597.00,98310.0000,0.0000,84376000.0,164581000.0,6.000,402653184.0,0.000,0,0,402653184,6,0,6,1,0,6,1
3,f32,6,16777216,glibc_default_fresh,M,12,0,1,230299163.00,98310.0000,0.0000,99276000.0,130977000.0,6.000,402653184.0,0.000,0,0,402653184,6,1,0,0,0,6,1
3,f32,6,16777216,glibc_default_fresh,R,12,1,1,254110705.00,98310.0000,0.0000,80298000.0,172452000.0,6.000,402653184.0,0.000,0,0,402653184,6,0,6,1,0,6,1
3,f32,6,16777216,glibc_default_fresh,M_TWIN,12,2,1,235023089.00,98310.0000,0.0000,83582000.0,151433000.0,6.000,402653184.0,0.000,0,0,402653184,6,1,0,0,0,6,1
3,f32,6,16777216,glibc_default_fresh,R,13,0,1,250322852.00,98310.0000,0.0000,79302000.0,171013000.0,6.000,402653184.0,0.000,0,0,402653184,6,0,6,1,0,6,1
3,f32,6,16777216,glibc_default_fresh,M_TWIN,13,1,1,229323094.00,98310.0000,0.0000,94895000.0,134313000.0,6.000,402653184.0,0.000,0,0,402653184,6,1,0,0,0,6,1
3,f32,6,16777216,glibc_default_fresh,M,13,2,1,231774443.00,98310.0000,0.0000,75851000.0,155860000.0,6.000,402653184.0,0.000,0,0,402653184,6,1,0,0,0,6,1
3,f32,6,16777216,glibc_default_fresh,M_TWIN,14,0,1,233625310.00,98310.0000,0.0000,95035000.0,138598000.0,6.000,402653184.0,0.000,0,0,402653184,6,1,0,0,0,6,1
3,f32,6,16777216,glibc_default_fresh,M,14,1,1,286556728.00,98310.0000,0.0000,75358000.0,211104000.0,6.000,402653184.0,0.000,0,0,402653184,6,1,0,0,0,6,1
3,f32,6,16777216,glibc_default_fresh,R,14,2,1,261299797.00,98310.0000,0.0000,140488000.0,120669000.0,6.000,402653184.0,0.000,0,0,402653184,6,0,6,1,0,6,1
3,f32,8,64,glibc_default_fresh,M,0,0,1000,1961.94,0.5670,0.0000,1237.0,743.0,9.000,2304.0,0.000,0,0,2304000,8,1,0,0,0,8,1
3,f32,8,64,glibc_default_fresh,R,0,1,1000,2272.99,0.5650,0.0000,0.0,2276.0,9.000,2304.0,0.000,0,0,2304000,8,0,8,1,0,8,1
3,f32,8,64,glibc_default_fresh,M_TWIN,0,2,1000,2072.21,0.5650,0.0000,1320.0,755.0,9.000,2304.0,0.000,0,0,2304000,8,1,0,0,0,8,1
3,f32,8,64,glibc_default_fresh,R,1,0,1000,2260.26,0.5650,0.0000,2262.0,0.0,9.000,2304.0,0.000,0,0,2304000,8,0,8,1,0,8,1
3,f32,8,64,glibc_default_fresh,M_TWIN,1,1,1000,2319.45,0.5650,0.0000,2323.0,0.0,9.000,2304.0,0.000,0,0,2304000,8,1,0,0,0,8,1
3,f32,8,64,glibc_default_fresh,M,1,2,1000,2552.55,0.5650,0.0000,0.0,2555.0,9.000,2304.0,0.000,0,0,2304000,8,1,0,0,0,8,1
3,f32,8,64,glibc_default_fresh,M_TWIN,2,0,1000,2099.40,0.5650,0.0000,1678.0,424.0,9.000,2304.0,0.000,0,0,2304000,8,1,0,0,0,8,1
3,f32,8,64,glibc_default_fresh,M,2,1,1000,2072.58,0.5650,0.0000,2075.0,0.0,9.000,2304.0,0.000,0,0,2304000,8,1,0,0,0,8,1
3,f32,8,64,glibc_default_fresh,R,2,2,1000,2719.61,0.5650,0.0000,2722.0,0.0,9.000,2304.0,0.000,0,0,2304000,8,0,8,1,0,8,1
3,f32,8,64,glibc_default_fresh,M,3,0,1000,2060.84,0.5650,0.0000,2064.0,0.0,9.000,2304.0,0.000,0,0,2304000,8,1,0,0,0,8,1
3,f32,8,64,glibc_default_fresh,R,3,1,1000,2227.64,0.5650,0.0000,1552.0,679.0,9.000,2304.0,0.000,0,0,2304000,8,0,8,1,0,8,1
3,f32,8,64,glibc_default_fresh,M_TWIN,3,2,1000,2003.34,0.5650,0.0000,0.0,2005.0,9.000,2304.0,0.000,0,0,2304000,8,1,0,0,0,8,1
3,f32,8,64,glibc_default_fresh,R,4,0,1000,2116.00,0.5650,0.0000,1466.0,651.0,9.000,2304.0,0.000,0,0,2304000,8,0,8,1,0,8,1
3,f32,8,64,glibc_default_fresh,M_TWIN,4,1,1000,1954.20,0.5650,0.0000,1955.0,0.0,9.000,2304.0,0.000,0,0,2304000,8,1,0,0,0,8,1
3,f32,8,64,glibc_default_fresh,M,4,2,1000,2034.17,0.5650,0.0000,2036.0,0.0,9.000,2304.0,0.000,0,0,2304000,8,1,0,0,0,8,1
3,f32,8,64,glibc_default_fresh,M_TWIN,5,0,1000,1979.18,0.5650,0.0000,1981.0,0.0,9.000,2304.0,0.000,0,0,2304000,8,1,0,0,0,8,1
3,f32,8,64,glibc_default_fresh,M,5,1,1000,2064.38,0.5650,0.0000,0.0,2066.0,9.000,2304.0,0.000,0,0,2304000,8,1,0,0,0,8,1
3,f32,8,64,glibc_default_fresh,R,5,2,1000,2214.45,0.5650,0.0000,1613.0,604.0,9.000,2304.0,0.000,0,0,2304000,8,0,8,1,0,8,1
3,f32,8,64,glibc_default_fresh,M,6,0,1000,1983.33,0.5650,0.0000,973.0,1012.0,9.000,2304.0,0.000,0,0,2304000,8,1,0,0,0,8,1
3,f32,8,64,glibc_default_fresh,R,6,1,1000,2238.88,0.5650,0.0000,2242.0,0.0,9.000,2304.0,0.000,0,0,2304000,8,0,8,1,0,8,1
3,f32,8,64,glibc_default_fresh,M_TWIN,6,2,1000,1954.15,0.5650,0.0000,1956.0,0.0,9.000,2304.0,0.000,0,0,2304000,8,1,0,0,0,8,1
3,f32,8,64,glibc_default_fresh,R,7,0,1000,2136.23,0.5650,0.0000,0.0,2138.0,9.000,2304.0,0.000,0,0,2304000,8,0,8,1,0,8,1
3,f32,8,64,glibc_default_fresh,M_TWIN,7,1,1000,1973.96,0.5650,0.0000,0.0,1976.0,9.000,2304.0,0.000,0,0,2304000,8,1,0,0,0,8,1
3,f32,8,64,glibc_default_fresh,M,7,2,1000,1941.64,0.5650,0.0000,871.0,1073.0,9.000,2304.0,0.000,0,0,2304000,8,1,0,0,0,8,1
3,f32,8,64,glibc_default_fresh,M_TWIN,8,0,1000,1990.42,0.5650,0.0000,0.0,1992.0,9.000,2304.0,0.000,0,0,2304000,8,1,0,0,0,8,1
3,f32,8,64,glibc_default_fresh,M,8,1,1000,2008.20,0.5650,0.0000,0.0,2010.0,9.000,2304.0,0.000,0,0,2304000,8,1,0,0,0,8,1
3,f32,8,64,glibc_default_fresh,R,8,2,1000,2275.44,0.5650,0.0000,2277.0,0.0,9.000,2304.0,0.000,0,0,2304000,8,0,8,1,0,8,1
3,f32,8,64,glibc_default_fresh,M,9,0,1000,2014.41,0.5650,0.0000,2017.0,0.0,9.000,2304.0,0.000,0,0,2304000,8,1,0,0,0,8,1
3,f32,8,64,glibc_default_fresh,R,9,1,1000,2141.91,0.5650,0.0000,2144.0,0.0,9.000,2304.0,0.000,0,0,2304000,8,0,8,1,0,8,1
3,f32,8,64,glibc_default_fresh,M_TWIN,9,2,1000,2165.17,0.5650,0.0000,2167.0,0.0,9.000,2304.0,0.000,0,0,2304000,8,1,0,0,0,8,1
3,f32,8,64,glibc_default_fresh,R,10,0,1000,2098.39,0.5650,0.0000,2101.0,0.0,9.000,2304.0,0.000,0,0,2304000,8,0,8,1,0,8,1
3,f32,8,64,glibc_default_fresh,M_TWIN,10,1,1000,2043.13,0.5650,0.0000,2045.0,0.0,9.000,2304.0,0.000,0,0,2304000,8,1,0,0,0,8,1
3,f32,8,64,glibc_default_fresh,M,10,2,1000,1955.84,0.5650,0.0000,1958.0,0.0,9.000,2304.0,0.000,0,0,2304000,8,1,0,0,0,8,1
3,f32,8,64,glibc_default_fresh,M_TWIN,11,0,1000,2041.87,0.5650,0.0000,2044.0,0.0,9.000,2304.0,0.000,0,0,2304000,8,1,0,0,0,8,1
3,f32,8,64,glibc_default_fresh,M,11,1,1000,2053.58,0.5650,0.0000,0.0,2057.0,9.000,2304.0,0.000,0,0,2304000,8,1,0,0,0,8,1
3,f32,8,64,glibc_default_fresh,R,11,2,1000,2173.78,0.5650,0.0000,2176.0,0.0,9.000,2304.0,0.000,0,0,2304000,8,0,8,1,0,8,1
3,f32,8,64,glibc_default_fresh,M,12,0,1000,2047.94,0.5650,0.0000,2051.0,0.0,9.000,2304.0,0.000,0,0,2304000,8,1,0,0,0,8,1
3,f32,8,64,glibc_default_fresh,R,12,1,1000,2207.77,0.5650,0.0000,2210.0,0.0,9.000,2304.0,0.000,0,0,2304000,8,0,8,1,0,8,1
3,f32,8,64,glibc_default_fresh,M_TWIN,12,2,1000,2175.85,0.5650,0.0000,1511.0,668.0,9.000,2304.0,0.000,0,0,2304000,8,1,0,0,0,8,1
3,f32,8,64,glibc_default_fresh,R,13,0,1000,2313.24,0.5650,0.0000,2316.0,0.0,9.000,2304.0,0.000,0,0,2304000,8,0,8,1,0,8,1
3,f32,8,64,glibc_default_fresh,M_TWIN,13,1,1000,2086.88,0.5650,0.0000,2089.0,1.0,9.000,2304.0,0.000,0,0,2304000,8,1,0,0,0,8,1
3,f32,8,64,glibc_default_fresh,M,13,2,1000,2032.22,0.5650,0.0000,2035.0,0.0,9.000,2304.0,0.000,0,0,2304000,8,1,0,0,0,8,1
3,f32,8,64,glibc_default_fresh,M_TWIN,14,0,1000,2096.40,0.5650,0.0000,2099.0,0.0,9.000,2304.0,0.000,0,0,2304000,8,1,0,0,0,8,1
3,f32,8,64,glibc_default_fresh,M,14,1,1000,1983.91,0.5650,0.0000,1802.0,184.0,9.000,2304.0,0.000,0,0,2304000,8,1,0,0,0,8,1
3,f32,8,64,glibc_default_fresh,R,14,2,1000,2303.87,0.5650,0.0000,0.0,2307.0,9.000,2304.0,0.000,0,0,2304000,8,0,8,1,0,8,1
3,f32,8,1024,glibc_default_fresh,M,0,0,1000,15249.60,8.0110,0.0000,1167.0,14103.0,8.000,32768.0,0.000,0,0,32768000,8,1,0,0,0,8,1
3,f32,8,1024,glibc_default_fresh,R,0,1,1000,15866.91,8.0090,0.0000,3966.0,11878.0,8.000,32768.0,0.000,0,0,32768000,8,0,8,1,0,8,1
3,f32,8,1024,glibc_default_fresh,M_TWIN,0,2,1000,14995.65,8.0090,0.0000,0.0,15000.0,8.000,32768.0,0.000,0,0,32768000,8,1,0,0,0,8,1
3,f32,8,1024,glibc_default_fresh,R,1,0,1000,15250.38,8.0090,0.0000,3732.0,11522.0,8.000,32768.0,0.000,0,0,32768000,8,0,8,1,0,8,1
3,f32,8,1024,glibc_default_fresh,M_TWIN,1,1,1000,15231.74,8.0090,0.0000,3706.0,11522.0,8.000,32768.0,0.000,0,0,32768000,8,1,0,0,0,8,1
3,f32,8,1024,glibc_default_fresh,M,1,2,1000,14875.22,8.0090,0.0000,3552.0,11328.0,8.000,32768.0,0.000,0,0,32768000,8,1,0,0,0,8,1
3,f32,8,1024,glibc_default_fresh,M_TWIN,2,0,1000,25337.36,8.0090,0.0000,0.0,25116.0,8.000,32768.0,0.000,0,0,32768000,8,1,0,0,0,8,1
3,f32,8,1024,glibc_default_fresh,M,2,1,1000,16418.69,8.0090,0.0000,211.0,16213.0,8.000,32768.0,0.000,0,0,32768000,8,1,0,0,0,8,1
3,f32,8,1024,glibc_default_fresh,R,2,2,1000,15596.84,8.0090,0.0000,3855.0,11746.0,8.000,32768.0,0.000,0,0,32768000,8,0,8,1,0,8,1
3,f32,8,1024,glibc_default_fresh,M,3,0,1000,14392.29,8.0090,0.0000,8978.0,5437.0,8.000,32768.0,0.000,0,0,32768000,8,1,0,0,0,8,1
3,f32,8,1024,glibc_default_fresh,R,3,1,1000,15087.18,8.0090,0.0000,7609.0,7483.0,8.000,32768.0,0.000,0,0,32768000,8,0,8,1,0,8,1
3,f32,8,1024,glibc_default_fresh,M_TWIN,3,2,1000,14016.55,8.0090,0.0000,877.0,13144.0,8.000,32768.0,0.000,0,0,32768000,8,1,0,0,0,8,1
3,f32,8,1024,glibc_default_fresh,R,4,0,1000,14514.08,8.0090,0.0000,5031.0,9457.0,8.000,32768.0,0.000,0,0,32768000,8,0,8,1,0,8,1
3,f32,8,1024,glibc_default_fresh,M_TWIN,4,1,1000,15177.90,8.0090,0.0000,3664.0,11518.0,8.000,32768.0,0.000,0,0,32768000,8,1,0,0,0,8,1
3,f32,8,1024,glibc_default_fresh,M,4,2,1000,13912.23,8.0090,0.0000,3126.0,10790.0,8.000,32768.0,0.000,0,0,32768000,8,1,0,0,0,8,1
3,f32,8,1024,glibc_default_fresh,M_TWIN,5,0,1000,14836.58,8.0090,0.0000,0.0,14840.0,8.000,32768.0,0.000,0,0,32768000,8,1,0,0,0,8,1
3,f32,8,1024,glibc_default_fresh,M,5,1,1000,14289.19,8.0090,0.0000,0.0,14281.0,8.000,32768.0,0.000,0,0,32768000,8,1,0,0,0,8,1
3,f32,8,1024,glibc_default_fresh,R,5,2,1000,14724.31,8.0090,0.0000,7457.0,7272.0,8.000,32768.0,0.000,0,0,32768000,8,0,8,1,0,8,1
3,f32,8,1024,glibc_default_fresh,M,6,0,1000,13979.76,8.0090,0.0000,4852.0,9131.0,8.000,32768.0,0.000,0,0,32768000,8,1,0,0,0,8,1
3,f32,8,1024,glibc_default_fresh,R,6,1,1000,14654.85,8.0090,0.0000,9161.0,5497.0,8.000,32768.0,0.000,0,0,32768000,8,0,8,1,0,8,1
3,f32,8,1024,glibc_default_fresh,M_TWIN,6,2,1000,13990.90,8.0090,0.0000,4891.0,9103.0,8.000,32768.0,0.000,0,0,32768000,8,1,0,0,0,8,1
3,f32,8,1024,glibc_default_fresh,R,7,0,1000,14581.14,8.0090,0.0000,3374.0,11211.0,8.000,32768.0,0.000,0,0,32768000,8,0,8,1,0,8,1
3,f32,8,1024,glibc_default_fresh,M_TWIN,7,1,1000,13199.05,8.0090,0.0000,8540.0,4663.0,8.000,32768.0,0.000,0,0,32768000,8,1,0,0,0,8,1
3,f32,8,1024,glibc_default_fresh,M,7,2,1000,14012.77,8.0090,0.0000,0.0,14016.0,8.000,32768.0,0.000,0,0,32768000,8,1,0,0,0,8,1
3,f32,8,1024,glibc_default_fresh,M_TWIN,8,0,1000,14606.06,8.0090,0.0000,0.0,14610.0,8.000,32768.0,0.000,0,0,32768000,8,1,0,0,0,8,1
3,f32,8,1024,glibc_default_fresh,M,8,1,1000,13846.97,8.0090,0.0000,4840.0,9011.0,8.000,32768.0,0.000,0,0,32768000,8,1,0,0,0,8,1
3,f32,8,1024,glibc_default_fresh,R,8,2,1000,14160.53,8.0090,0.0000,0.0,14164.0,8.000,32768.0,0.000,0,0,32768000,8,0,8,1,0,8,1
3,f32,8,1024,glibc_default_fresh,M,9,0,1000,13206.04,8.0090,0.0000,12539.0,671.0,8.000,32768.0,0.000,0,0,32768000,8,1,0,0,0,8,1
3,f32,8,1024,glibc_default_fresh,R,9,1,1000,14701.66,8.0090,0.0000,7414.0,7292.0,8.000,32768.0,0.000,0,0,32768000,8,0,8,1,0,8,1
3,f32,8,1024,glibc_default_fresh,M_TWIN,9,2,1000,14246.36,8.0090,0.0000,0.0,14251.0,8.000,32768.0,0.000,0,0,32768000,8,1,0,0,0,8,1
3,f32,8,1024,glibc_default_fresh,R,10,0,1000,15028.55,8.0090,0.0000,3566.0,11467.0,8.000,32768.0,0.000,0,0,32768000,8,0,8,1,0,8,1
3,f32,8,1024,glibc_default_fresh,M_TWIN,10,1,1000,15024.97,8.0090,0.0000,7555.0,7475.0,8.000,32768.0,0.000,0,0,32768000,8,1,0,0,0,8,1
3,f32,8,1024,glibc_default_fresh,M,10,2,1000,14435.83,8.0090,0.0000,7277.0,7163.0,8.000,32768.0,0.000,0,0,32768000,8,1,0,0,0,8,1
3,f32,8,1024,glibc_default_fresh,M_TWIN,11,0,1000,14476.09,8.0090,0.0000,0.0,14480.0,8.000,32768.0,0.000,0,0,32768000,8,1,0,0,0,8,1
3,f32,8,1024,glibc_default_fresh,M,11,1,1000,14471.66,8.0090,0.0000,7294.0,7182.0,8.000,32768.0,0.000,0,0,32768000,8,1,0,0,0,8,1
3,f32,8,1024,glibc_default_fresh,R,11,2,1000,15007.79,8.0090,0.0000,3547.0,11466.0,8.000,32768.0,0.000,0,0,32768000,8,0,8,1,0,8,1
3,f32,8,1024,glibc_default_fresh,M,12,0,1000,14249.73,8.0090,0.0000,7185.0,7070.0,8.000,32768.0,0.000,0,0,32768000,8,1,0,0,0,8,1
3,f32,8,1024,glibc_default_fresh,R,12,1,1000,14824.37,8.0090,0.0000,3457.0,11372.0,8.000,32768.0,0.000,0,0,32768000,8,0,8,1,0,8,1
3,f32,8,1024,glibc_default_fresh,M_TWIN,12,2,1000,15092.66,8.0090,0.0000,0.0,15097.0,8.000,32768.0,0.000,0,0,32768000,8,1,0,0,0,8,1
3,f32,8,1024,glibc_default_fresh,R,13,0,1000,15687.69,8.0090,0.0000,7855.0,7835.0,8.000,32768.0,0.000,0,0,32768000,8,0,8,1,0,8,1
3,f32,8,1024,glibc_default_fresh,M_TWIN,13,1,1000,13658.11,8.0090,0.0000,775.0,12886.0,8.000,32768.0,0.000,0,0,32768000,8,1,0,0,0,8,1
3,f32,8,1024,glibc_default_fresh,M,13,2,1000,14417.04,8.0090,0.0000,5120.0,9301.0,8.000,32768.0,0.000,0,0,32768000,8,1,0,0,0,8,1
3,f32,8,1024,glibc_default_fresh,M_TWIN,14,0,1000,14512.64,8.0090,0.0000,0.0,14517.0,8.000,32768.0,0.000,0,0,32768000,8,1,0,0,0,8,1
3,f32,8,1024,glibc_default_fresh,M,14,1,1000,13788.51,8.0090,0.0000,6980.0,6811.0,8.000,32768.0,0.000,0,0,32768000,8,1,0,0,0,8,1
3,f32,8,1024,glibc_default_fresh,R,14,2,1000,15271.63,8.0090,0.0000,3670.0,11607.0,8.000,32768.0,0.000,0,0,32768000,8,0,8,1,0,8,1
3,f32,8,4096,glibc_default_fresh,M,0,0,1,5943.00,2.0000,0.0000,18000.0,0.0,8.000,131072.0,0.000,0,0,131072,8,1,0,0,0,8,1
3,f32,8,4096,glibc_default_fresh,R,0,1,1,8450.00,0.0000,0.0000,9000.0,0.0,8.000,131072.0,0.000,0,0,131072,8,0,8,1,0,8,1
3,f32,8,4096,glibc_default_fresh,M_TWIN,0,2,1,5589.00,0.0000,0.0000,6000.0,0.0,8.000,131072.0,0.000,0,0,131072,8,1,0,0,0,8,1
3,f32,8,4096,glibc_default_fresh,R,1,0,1,8340.00,0.0000,0.0000,8000.0,0.0,8.000,131072.0,0.000,0,0,131072,8,0,8,1,0,8,1
3,f32,8,4096,glibc_default_fresh,M_TWIN,1,1,1,5597.00,0.0000,0.0000,6000.0,0.0,8.000,131072.0,0.000,0,0,131072,8,1,0,0,0,8,1
3,f32,8,4096,glibc_default_fresh,M,1,2,1,5609.00,0.0000,0.0000,6000.0,0.0,8.000,131072.0,0.000,0,0,131072,8,1,0,0,0,8,1
3,f32,8,4096,glibc_default_fresh,M_TWIN,2,0,1,5579.00,0.0000,0.0000,6000.0,0.0,8.000,131072.0,0.000,0,0,131072,8,1,0,0,0,8,1
3,f32,8,4096,glibc_default_fresh,M,2,1,1,5560.00,0.0000,0.0000,6000.0,0.0,8.000,131072.0,0.000,0,0,131072,8,1,0,0,0,8,1
3,f32,8,4096,glibc_default_fresh,R,2,2,1,8349.00,0.0000,0.0000,9000.0,0.0,8.000,131072.0,0.000,0,0,131072,8,0,8,1,0,8,1
3,f32,8,4096,glibc_default_fresh,M,3,0,1,5689.00,0.0000,0.0000,6000.0,0.0,8.000,131072.0,0.000,0,0,131072,8,1,0,0,0,8,1
3,f32,8,4096,glibc_default_fresh,R,3,1,1,8278.00,0.0000,0.0000,9000.0,0.0,8.000,131072.0,0.000,0,0,131072,8,0,8,1,0,8,1
3,f32,8,4096,glibc_default_fresh,M_TWIN,3,2,1,5908.00,0.0000,0.0000,7000.0,0.0,8.000,131072.0,0.000,0,0,131072,8,1,0,0,0,8,1
3,f32,8,4096,glibc_default_fresh,R,4,0,1,8515.00,0.0000,0.0000,9000.0,0.0,8.000,131072.0,0.000,0,0,131072,8,0,8,1,0,8,1
3,f32,8,4096,glibc_default_fresh,M_TWIN,4,1,1,5778.00,0.0000,0.0000,6000.0,0.0,8.000,131072.0,0.000,0,0,131072,8,1,0,0,0,8,1
3,f32,8,4096,glibc_default_fresh,M,4,2,1,5630.00,0.0000,0.0000,6000.0,0.0,8.000,131072.0,0.000,0,0,131072,8,1,0,0,0,8,1
3,f32,8,4096,glibc_default_fresh,M_TWIN,5,0,1,5619.00,0.0000,0.0000,6000.0,0.0,8.000,131072.0,0.000,0,0,131072,8,1,0,0,0,8,1
3,f32,8,4096,glibc_default_fresh,M,5,1,1,5586.00,0.0000,0.0000,7000.0,0.0,8.000,131072.0,0.000,0,0,131072,8,1,0,0,0,8,1
3,f32,8,4096,glibc_default_fresh,R,5,2,1,8316.00,0.0000,0.0000,9000.0,0.0,8.000,131072.0,0.000,0,0,131072,8,0,8,1,0,8,1
3,f32,8,4096,glibc_default_fresh,M,6,0,1,5685.00,0.0000,0.0000,6000.0,0.0,8.000,131072.0,0.000,0,0,131072,8,1,0,0,0,8,1
3,f32,8,4096,glibc_default_fresh,R,6,1,1,8747.00,0.0000,0.0000,10000.0,0.0,8.000,131072.0,0.000,0,0,131072,8,0,8,1,0,8,1
3,f32,8,4096,glibc_default_fresh,M_TWIN,6,2,1,5862.00,0.0000,0.0000,6000.0,0.0,8.000,131072.0,0.000,0,0,131072,8,1,0,0,0,8,1
3,f32,8,4096,glibc_default_fresh,R,7,0,1,8472.00,0.0000,0.0000,9000.0,0.0,8.000,131072.0,0.000,0,0,131072,8,0,8,1,0,8,1
3,f32,8,4096,glibc_default_fresh,M_TWIN,7,1,1,5640.00,0.0000,0.0000,6000.0,0.0,8.000,131072.0,0.000,0,0,131072,8,1,0,0,0,8,1
3,f32,8,4096,glibc_default_fresh,M,7,2,1,5572.00,0.0000,0.0000,6000.0,0.0,8.000,131072.0,0.000,0,0,131072,8,1,0,0,0,8,1
3,f32,8,4096,glibc_default_fresh,M_TWIN,8,0,1,5557.00,0.0000,0.0000,6000.0,0.0,8.000,131072.0,0.000,0,0,131072,8,1,0,0,0,8,1
3,f32,8,4096,glibc_default_fresh,M,8,1,1,5920.00,0.0000,0.0000,7000.0,0.0,8.000,131072.0,0.000,0,0,131072,8,1,0,0,0,8,1
3,f32,8,4096,glibc_default_fresh,R,8,2,1,8522.00,0.0000,0.0000,9000.0,0.0,8.000,131072.0,0.000,0,0,131072,8,0,8,1,0,8,1
3,f32,8,4096,glibc_default_fresh,M,9,0,1,9665.00,0.0000,0.0000,10000.0,0.0,8.000,131072.0,0.000,0,0,131072,8,1,0,0,0,8,1
3,f32,8,4096,glibc_default_fresh,R,9,1,1,8358.00,0.0000,0.0000,8000.0,0.0,8.000,131072.0,0.000,0,0,131072,8,0,8,1,0,8,1
3,f32,8,4096,glibc_default_fresh,M_TWIN,9,2,1,5639.00,0.0000,0.0000,6000.0,0.0,8.000,131072.0,0.000,0,0,131072,8,1,0,0,0,8,1
3,f32,8,4096,glibc_default_fresh,R,10,0,1,8280.00,0.0000,0.0000,8000.0,0.0,8.000,131072.0,0.000,0,0,131072,8,0,8,1,0,8,1
3,f32,8,4096,glibc_default_fresh,M_TWIN,10,1,1,5636.00,0.0000,0.0000,6000.0,0.0,8.000,131072.0,0.000,0,0,131072,8,1,0,0,0,8,1
3,f32,8,4096,glibc_default_fresh,M,10,2,1,5587.00,0.0000,0.0000,6000.0,0.0,8.000,131072.0,0.000,0,0,131072,8,1,0,0,0,8,1
3,f32,8,4096,glibc_default_fresh,M_TWIN,11,0,1,5562.00,0.0000,0.0000,6000.0,0.0,8.000,131072.0,0.000,0,0,131072,8,1,0,0,0,8,1
3,f32,8,4096,glibc_default_fresh,M,11,1,1,5590.00,0.0000,0.0000,6000.0,0.0,8.000,131072.0,0.000,0,0,131072,8,1,0,0,0,8,1
3,f32,8,4096,glibc_default_fresh,R,11,2,1,8893.00,0.0000,0.0000,9000.0,0.0,8.000,131072.0,0.000,0,0,131072,8,0,8,1,0,8,1
3,f32,8,4096,glibc_default_fresh,M,12,0,1,5630.00,0.0000,0.0000,6000.0,0.0,8.000,131072.0,0.000,0,0,131072,8,1,0,0,0,8,1
3,f32,8,4096,glibc_default_fresh,R,12,1,1,8310.00,0.0000,0.0000,9000.0,0.0,8.000,131072.0,0.000,0,0,131072,8,0,8,1,0,8,1
3,f32,8,4096,glibc_default_fresh,M_TWIN,12,2,1,5618.00,0.0000,0.0000,6000.0,0.0,8.000,131072.0,0.000,0,0,131072,8,1,0,0,0,8,1
3,f32,8,4096,glibc_default_fresh,R,13,0,1,8275.00,0.0000,0.0000,9000.0,0.0,8.000,131072.0,0.000,0,0,131072,8,0,8,1,0,8,1
3,f32,8,4096,glibc_default_fresh,M_TWIN,13,1,1,5646.00,0.0000,0.0000,6000.0,0.0,8.000,131072.0,0.000,0,0,131072,8,1,0,0,0,8,1
3,f32,8,4096,glibc_default_fresh,M,13,2,1,5838.00,0.0000,0.0000,6000.0,0.0,8.000,131072.0,0.000,0,0,131072,8,1,0,0,0,8,1
3,f32,8,4096,glibc_default_fresh,M_TWIN,14,0,1,5667.00,0.0000,0.0000,7000.0,0.0,8.000,131072.0,0.000,0,0,131072,8,1,0,0,0,8,1
3,f32,8,4096,glibc_default_fresh,M,14,1,1,5609.00,0.0000,0.0000,6000.0,0.0,8.000,131072.0,0.000,0,0,131072,8,1,0,0,0,8,1
3,f32,8,4096,glibc_default_fresh,R,14,2,1,8400.00,0.0000,0.0000,9000.0,0.0,8.000,131072.0,0.000,0,0,131072,8,0,8,1,0,8,1
3,f32,8,16384,glibc_default_fresh,M,0,0,1,163057.00,98.0000,0.0000,88000.0,88000.0,8.000,524288.0,0.000,0,0,524288,8,1,0,0,0,8,1
3,f32,8,16384,glibc_default_fresh,R,0,1,1,272756.00,96.0000,0.0000,138000.0,138000.0,8.000,524288.0,0.000,0,0,524288,8,0,8,1,0,8,1
3,f32,8,16384,glibc_default_fresh,M_TWIN,0,2,1,142636.00,96.0000,0.0000,72000.0,72000.0,8.000,524288.0,0.000,0,0,524288,8,1,0,0,0,8,1
3,f32,8,16384,glibc_default_fresh,R,1,0,1,121429.00,96.0000,0.0000,62000.0,62000.0,8.000,524288.0,0.000,0,0,524288,8,0,8,1,0,8,1
3,f32,8,16384,glibc_default_fresh,M_TWIN,1,1,1,117066.00,96.0000,0.0000,59000.0,59000.0,8.000,524288.0,0.000,0,0,524288,8,1,0,0,0,8,1
3,f32,8,16384,glibc_default_fresh,M,1,2,1,119783.00,96.0000,0.0000,61000.0,61000.0,8.000,524288.0,0.000,0,0,524288,8,1,0,0,0,8,1
3,f32,8,16384,glibc_default_fresh,M_TWIN,2,0,1,119006.00,96.0000,0.0000,0.0,121000.0,8.000,524288.0,0.000,0,0,524288,8,1,0,0,0,8,1
3,f32,8,16384,glibc_default_fresh,M,2,1,1,166523.00,96.0000,0.0000,0.0,169000.0,8.000,524288.0,0.000,0,0,524288,8,1,0,0,0,8,1
3,f32,8,16384,glibc_default_fresh,R,2,2,1,172899.00,96.0000,0.0000,0.0,176000.0,8.000,524288.0,0.000,0,0,524288,8,0,8,1,0,8,1
3,f32,8,16384,glibc_default_fresh,M,3,0,1,116531.00,96.0000,0.0000,0.0,117000.0,8.000,524288.0,0.000,0,0,524288,8,1,0,0,0,8,1
3,f32,8,16384,glibc_default_fresh,R,3,1,1,123102.00,96.0000,0.0000,0.0,125000.0,8.000,524288.0,0.000,0,0,524288,8,0,8,1,0,8,1
3,f32,8,16384,glibc_default_fresh,M_TWIN,3,2,1,118772.00,96.0000,0.0000,0.0,120000.0,8.000,524288.0,0.000,0,0,524288,8,1,0,0,0,8,1
3,f32,8,16384,glibc_default_fresh,R,4,0,1,157601.00,96.0000,0.0000,0.0,161000.0,8.000,524288.0,0.000,0,0,524288,8,0,8,1,0,8,1
3,f32,8,16384,glibc_default_fresh,M_TWIN,4,1,1,126340.00,96.0000,0.0000,0.0,129000.0,8.000,524288.0,0.000,0,0,524288,8,1,0,0,0,8,1
3,f32,8,16384,glibc_default_fresh,M,4,2,1,129891.00,96.0000,0.0000,0.0,132000.0,8.000,524288.0,0.000,0,0,524288,8,1,0,0,0,8,1
3,f32,8,16384,glibc_default_fresh,M_TWIN,5,0,1,116284.00,96.0000,0.0000,0.0,118000.0,8.000,524288.0,0.000,0,0,524288,8,1,0,0,0,8,1
3,f32,8,16384,glibc_default_fresh,M,5,1,1,117536.00,96.0000,0.0000,0.0,119000.0,8.000,524288.0,0.000,0,0,524288,8,1,0,0,0,8,1
3,f32,8,16384,glibc_default_fresh,R,5,2,1,132727.00,96.0000,0.0000,0.0,135000.0,8.000,524288.0,0.000,0,0,524288,8,0,8,1,0,8,1
3,f32,8,16384,glibc_default_fresh,M,6,0,1,118868.00,96.0000,0.0000,0.0,121000.0,8.000,524288.0,0.000,0,0,524288,8,1,0,0,0,8,1
3,f32,8,16384,glibc_default_fresh,R,6,1,1,118467.00,96.0000,0.0000,0.0,119000.0,8.000,524288.0,0.000,0,0,524288,8,0,8,1,0,8,1
3,f32,8,16384,glibc_default_fresh,M_TWIN,6,2,1,116820.00,96.0000,0.0000,0.0,118000.0,8.000,524288.0,0.000,0,0,524288,8,1,0,0,0,8,1
3,f32,8,16384,glibc_default_fresh,R,7,0,1,122188.00,96.0000,0.0000,124000.0,0.0,8.000,524288.0,0.000,0,0,524288,8,0,8,1,0,8,1
3,f32,8,16384,glibc_default_fresh,M_TWIN,7,1,1,116127.00,96.0000,0.0000,117000.0,0.0,8.000,524288.0,0.000,0,0,524288,8,1,0,0,0,8,1
3,f32,8,16384,glibc_default_fresh,M,7,2,1,116185.00,96.0000,0.0000,117000.0,0.0,8.000,524288.0,0.000,0,0,524288,8,1,0,0,0,8,1
3,f32,8,16384,glibc_default_fresh,M_TWIN,8,0,1,116887.00,96.0000,0.0000,118000.0,0.0,8.000,524288.0,0.000,0,0,524288,8,1,0,0,0,8,1
3,f32,8,16384,glibc_default_fresh,M,8,1,1,120533.00,96.0000,0.0000,121000.0,0.0,8.000,524288.0,0.000,0,0,524288,8,1,0,0,0,8,1
3,f32,8,16384,glibc_default_fresh,R,8,2,1,122963.00,96.0000,0.0000,124000.0,0.0,8.000,524288.0,0.000,0,0,524288,8,0,8,1,0,8,1
3,f32,8,16384,glibc_default_fresh,M,9,0,1,114533.00,96.0000,0.0000,116000.0,0.0,8.000,524288.0,0.000,0,0,524288,8,1,0,0,0,8,1
3,f32,8,16384,glibc_default_fresh,R,9,1,1,201736.00,96.0000,0.0000,0.0,183000.0,8.000,524288.0,0.000,0,0,524288,8,0,8,1,0,8,1
3,f32,8,16384,glibc_default_fresh,M_TWIN,9,2,1,122829.00,96.0000,0.0000,0.0,125000.0,8.000,524288.0,0.000,0,0,524288,8,1,0,0,0,8,1
3,f32,8,16384,glibc_default_fresh,R,10,0,1,119444.00,96.0000,0.0000,0.0,120000.0,8.000,524288.0,0.000,0,0,524288,8,0,8,1,0,8,1
3,f32,8,16384,glibc_default_fresh,M_TWIN,10,1,1,127713.00,96.0000,0.0000,0.0,129000.0,8.000,524288.0,0.000,0,0,524288,8,1,0,0,0,8,1
3,f32,8,16384,glibc_default_fresh,M,10,2,1,116862.00,96.0000,0.0000,0.0,118000.0,8.000,524288.0,0.000,0,0,524288,8,1,0,0,0,8,1
3,f32,8,16384,glibc_default_fresh,M_TWIN,11,0,1,122705.00,96.0000,0.0000,0.0,124000.0,8.000,524288.0,0.000,0,0,524288,8,1,0,0,0,8,1
3,f32,8,16384,glibc_default_fresh,M,11,1,1,136062.00,96.0000,0.0000,0.0,137000.0,8.000,524288.0,0.000,0,0,524288,8,1,0,0,0,8,1
3,f32,8,16384,glibc_default_fresh,R,11,2,1,125015.00,96.0000,0.0000,0.0,126000.0,8.000,524288.0,0.000,0,0,524288,8,0,8,1,0,8,1
3,f32,8,16384,glibc_default_fresh,M,12,0,1,158115.00,96.0000,0.0000,160000.0,0.0,8.000,524288.0,0.000,0,0,524288,8,1,0,0,0,8,1
3,f32,8,16384,glibc_default_fresh,R,12,1,1,120589.00,96.0000,0.0000,122000.0,0.0,8.000,524288.0,0.000,0,0,524288,8,0,8,1,0,8,1
3,f32,8,16384,glibc_default_fresh,M_TWIN,12,2,1,121656.00,96.0000,0.0000,123000.0,0.0,8.000,524288.0,0.000,0,0,524288,8,1,0,0,0,8,1
3,f32,8,16384,glibc_default_fresh,R,13,0,1,135960.00,96.0000,0.0000,137000.0,0.0,8.000,524288.0,0.000,0,0,524288,8,0,8,1,0,8,1
3,f32,8,16384,glibc_default_fresh,M_TWIN,13,1,1,124942.00,96.0000,0.0000,126000.0,0.0,8.000,524288.0,0.000,0,0,524288,8,1,0,0,0,8,1
3,f32,8,16384,glibc_default_fresh,M,13,2,1,133923.00,96.0000,0.0000,135000.0,0.0,8.000,524288.0,0.000,0,0,524288,8,1,0,0,0,8,1
3,f32,8,16384,glibc_default_fresh,M_TWIN,14,0,1,118395.00,96.0000,0.0000,120000.0,0.0,8.000,524288.0,0.000,0,0,524288,8,1,0,0,0,8,1
3,f32,8,16384,glibc_default_fresh,M,14,1,1,114956.00,96.0000,0.0000,116000.0,0.0,8.000,524288.0,0.000,0,0,524288,8,1,0,0,0,8,1
3,f32,8,16384,glibc_default_fresh,R,14,2,1,118311.00,96.0000,0.0000,120000.0,0.0,8.000,524288.0,0.000,0,0,524288,8,0,8,1,0,8,1
3,f32,8,65536,glibc_default_fresh,M,0,0,1,568825.00,419.0000,0.0000,349000.0,232000.0,8.000,2097152.0,0.000,0,0,2097152,8,1,0,0,0,8,1
3,f32,8,65536,glibc_default_fresh,R,0,1,1,659832.00,481.0000,0.0000,0.0,662000.0,8.000,2097152.0,0.000,0,0,2097152,8,0,8,1,0,8,1
3,f32,8,65536,glibc_default_fresh,M_TWIN,0,2,1,599425.00,417.0000,0.0000,296000.0,304000.0,8.000,2097152.0,0.000,0,0,2097152,8,1,0,0,0,8,1
3,f32,8,65536,glibc_default_fresh,R,1,0,1,675459.00,481.0000,0.0000,677000.0,0.0,8.000,2097152.0,0.000,0,0,2097152,8,0,8,1,0,8,1
3,f32,8,65536,glibc_default_fresh,M_TWIN,1,1,1,606407.00,417.0000,0.0000,385000.0,225000.0,8.000,2097152.0,0.000,0,0,2097152,8,1,0,0,0,8,1
3,f32,8,65536,glibc_default_fresh,M,1,2,1,646029.00,417.0000,0.0000,648000.0,0.0,8.000,2097152.0,0.000,0,0,2097152,8,1,0,0,0,8,1
3,f32,8,65536,glibc_default_fresh,M_TWIN,2,0,1,629956.00,417.0000,0.0000,632000.0,0.0,8.000,2097152.0,0.000,0,0,2097152,8,1,0,0,0,8,1
3,f32,8,65536,glibc_default_fresh,M,2,1,1,582420.00,417.0000,0.0000,584000.0,0.0,8.000,2097152.0,0.000,0,0,2097152,8,1,0,0,0,8,1
3,f32,8,65536,glibc_default_fresh,R,2,2,1,735936.00,481.0000,0.0000,0.0,738000.0,8.000,2097152.0,0.000,0,0,2097152,8,0,8,1,0,8,1
3,f32,8,65536,glibc_default_fresh,M,3,0,1,597352.00,417.0000,0.0000,0.0,600000.0,8.000,2097152.0,0.000,0,0,2097152,8,1,0,0,0,8,1
3,f32,8,65536,glibc_default_fresh,R,3,1,1,658052.00,481.0000,0.0000,0.0,660000.0,8.000,2097152.0,0.000,0,0,2097152,8,0,8,1,0,8,1
3,f32,8,65536,glibc_default_fresh,M_TWIN,3,2,1,584411.00,417.0000,0.0000,0.0,586000.0,8.000,2097152.0,0.000,0,0,2097152,8,1,0,0,0,8,1
3,f32,8,65536,glibc_default_fresh,R,4,0,1,645227.00,481.0000,0.0000,0.0,647000.0,8.000,2097152.0,0.000,0,0,2097152,8,0,8,1,0,8,1
3,f32,8,65536,glibc_default_fresh,M_TWIN,4,1,1,610048.00,417.0000,0.0000,0.0,612000.0,8.000,2097152.0,0.000,0,0,2097152,8,1,0,0,0,8,1
3,f32,8,65536,glibc_default_fresh,M,4,2,1,686080.00,417.0000,0.0000,689000.0,0.0,8.000,2097152.0,0.000,0,0,2097152,8,1,0,0,0,8,1
3,f32,8,65536,glibc_default_fresh,M_TWIN,5,0,1,666915.00,417.0000,0.0000,361000.0,309000.0,8.000,2097152.0,0.000,0,0,2097152,8,1,0,0,0,8,1
3,f32,8,65536,glibc_default_fresh,M,5,1,1,614207.00,417.0000,0.0000,617000.0,0.0,8.000,2097152.0,0.000,0,0,2097152,8,1,0,0,0,8,1
3,f32,8,65536,glibc_default_fresh,R,5,2,1,706895.00,481.0000,0.0000,0.0,710000.0,8.000,2097152.0,0.000,0,0,2097152,8,0,8,1,0,8,1
3,f32,8,65536,glibc_default_fresh,M,6,0,1,658125.00,417.0000,0.0000,0.0,661000.0,8.000,2097152.0,0.000,0,0,2097152,8,1,0,0,0,8,1
3,f32,8,65536,glibc_default_fresh,R,6,1,1,662775.00,481.0000,0.0000,0.0,665000.0,8.000,2097152.0,0.000,0,0,2097152,8,0,8,1,0,8,1
3,f32,8,65536,glibc_default_fresh,M_TWIN,6,2,1,570503.00,417.0000,0.0000,0.0,573000.0,8.000,2097152.0,0.000,0,0,2097152,8,1,0,0,0,8,1
3,f32,8,65536,glibc_default_fresh,R,7,0,1,694907.00,481.0000,0.0000,0.0,697000.0,8.000,2097152.0,0.000,0,0,2097152,8,0,8,1,0,8,1
3,f32,8,65536,glibc_default_fresh,M_TWIN,7,1,1,601789.00,417.0000,0.0000,106000.0,498000.0,8.000,2097152.0,0.000,0,0,2097152,8,1,0,0,0,8,1
3,f32,8,65536,glibc_default_fresh,M,7,2,1,675626.00,417.0000,0.0000,678000.0,0.0,8.000,2097152.0,0.000,0,0,2097152,8,1,0,0,0,8,1
3,f32,8,65536,glibc_default_fresh,M_TWIN,8,0,1,801461.00,417.0000,0.0000,0.0,804000.0,8.000,2097152.0,0.000,0,0,2097152,8,1,0,0,0,8,1
3,f32,8,65536,glibc_default_fresh,M,8,1,1,608641.00,417.0000,0.0000,0.0,612000.0,8.000,2097152.0,0.000,0,0,2097152,8,1,0,0,0,8,1
3,f32,8,65536,glibc_default_fresh,R,8,2,1,723730.00,481.0000,0.0000,0.0,722000.0,8.000,2097152.0,0.000,0,0,2097152,8,0,8,1,0,8,1
3,f32,8,65536,glibc_default_fresh,M,9,0,1,606219.00,417.0000,0.0000,0.0,609000.0,8.000,2097152.0,0.000,0,0,2097152,8,1,0,0,0,8,1
3,f32,8,65536,glibc_default_fresh,R,9,1,1,725722.00,481.0000,0.0000,727000.0,0.0,8.000,2097152.0,0.000,0,0,2097152,8,0,8,1,0,8,1
3,f32,8,65536,glibc_default_fresh,M_TWIN,9,2,1,630838.00,417.0000,0.0000,302000.0,332000.0,8.000,2097152.0,0.000,0,0,2097152,8,1,0,0,0,8,1
3,f32,8,65536,glibc_default_fresh,R,10,0,1,691185.00,481.0000,0.0000,694000.0,0.0,8.000,2097152.0,0.000,0,0,2097152,8,0,8,1,0,8,1
3,f32,8,65536,glibc_default_fresh,M_TWIN,10,1,1,624549.00,417.0000,0.0000,401000.0,226000.0,8.000,2097152.0,0.000,0,0,2097152,8,1,0,0,0,8,1
3,f32,8,65536,glibc_default_fresh,M,10,2,1,622090.00,417.0000,0.0000,624000.0,0.0,8.000,2097152.0,0.000,0,0,2097152,8,1,0,0,0,8,1
3,f32,8,65536,glibc_default_fresh,M_TWIN,11,0,1,648826.00,417.0000,0.0000,0.0,651000.0,8.000,2097152.0,0.000,0,0,2097152,8,1,0,0,0,8,1
3,f32,8,65536,glibc_default_fresh,M,11,1,1,586807.00,417.0000,0.0000,0.0,588000.0,8.000,2097152.0,0.000,0,0,2097152,8,1,0,0,0,8,1
3,f32,8,65536,glibc_default_fresh,R,11,2,1,766297.00,481.0000,0.0000,0.0,769000.0,8.000,2097152.0,0.000,0,0,2097152,8,0,8,1,0,8,1
3,f32,8,65536,glibc_default_fresh,M,12,0,1,614745.00,417.0000,0.0000,0.0,619000.0,8.000,2097152.0,0.000,0,0,2097152,8,1,0,0,0,8,1
3,f32,8,65536,glibc_default_fresh,R,12,1,1,668894.00,481.0000,0.0000,671000.0,0.0,8.000,2097152.0,0.000,0,0,2097152,8,0,8,1,0,8,1
3,f32,8,65536,glibc_default_fresh,M_TWIN,12,2,1,748091.00,417.0000,0.0000,375000.0,375000.0,8.000,2097152.0,0.000,0,0,2097152,8,1,0,0,0,8,1
3,f32,8,65536,glibc_default_fresh,R,13,0,1,692276.00,481.0000,0.0000,694000.0,0.0,8.000,2097152.0,0.000,0,0,2097152,8,0,8,1,0,8,1
3,f32,8,65536,glibc_default_fresh,M_TWIN,13,1,1,608957.00,417.0000,0.0000,379000.0,232000.0,8.000,2097152.0,0.000,0,0,2097152,8,1,0,0,0,8,1
3,f32,8,65536,glibc_default_fresh,M,13,2,1,600726.00,417.0000,0.0000,603000.0,0.0,8.000,2097152.0,0.000,0,0,2097152,8,1,0,0,0,8,1
3,f32,8,65536,glibc_default_fresh,M_TWIN,14,0,1,683066.00,417.0000,0.0000,0.0,686000.0,8.000,2097152.0,0.000,0,0,2097152,8,1,0,0,0,8,1
3,f32,8,65536,glibc_default_fresh,M,14,1,1,727363.00,417.0000,0.0000,0.0,730000.0,8.000,2097152.0,0.000,0,0,2097152,8,1,0,0,0,8,1
3,f32,8,65536,glibc_default_fresh,R,14,2,1,883847.00,481.0000,0.0000,0.0,888000.0,8.000,2097152.0,0.000,0,0,2097152,8,0,8,1,0,8,1
3,f32,8,262144,glibc_default_fresh,M,0,0,1,2684497.00,1763.0000,0.0000,0.0,2703000.0,8.000,8388608.0,0.000,0,0,8388608,8,1,0,0,0,8,1
3,f32,8,262144,glibc_default_fresh,R,0,1,1,3354924.00,2017.0000,0.0000,0.0,3358000.0,8.000,8388608.0,0.000,0,0,8388608,8,0,8,1,0,8,1
3,f32,8,262144,glibc_default_fresh,M_TWIN,0,2,1,3094549.00,1761.0000,0.0000,1291000.0,1807000.0,8.000,8388608.0,0.000,0,0,8388608,8,1,0,0,0,8,1
3,f32,8,262144,glibc_default_fresh,R,1,0,1,3539900.00,2017.0000,0.0000,0.0,3545000.0,8.000,8388608.0,0.000,0,0,8388608,8,0,8,1,0,8,1
3,f32,8,262144,glibc_default_fresh,M_TWIN,1,1,1,3288365.00,1761.0000,0.0000,1363000.0,1930000.0,8.000,8388608.0,0.000,0,0,8388608,8,1,0,0,0,8,1
3,f32,8,262144,glibc_default_fresh,M,1,2,1,2936426.00,1761.0000,0.0000,2940000.0,0.0,8.000,8388608.0,0.000,0,0,8388608,8,1,0,0,0,8,1
3,f32,8,262144,glibc_default_fresh,M_TWIN,2,0,1,2805847.00,1761.0000,0.0000,2712000.0,97000.0,8.000,8388608.0,0.000,0,0,8388608,8,1,0,0,0,8,1
3,f32,8,262144,glibc_default_fresh,M,2,1,1,2733133.00,1761.0000,0.0000,0.0,2737000.0,8.000,8388608.0,0.000,0,0,8388608,8,1,0,0,0,8,1
3,f32,8,262144,glibc_default_fresh,R,2,2,1,3358580.00,2017.0000,0.0000,3362000.0,0.0,8.000,8388608.0,0.000,0,0,8388608,8,0,8,1,0,8,1
3,f32,8,262144,glibc_default_fresh,M,3,0,1,2838515.00,1761.0000,0.0000,2842000.0,0.0,8.000,8388608.0,0.000,0,0,8388608,8,1,0,0,0,8,1
3,f32,8,262144,glibc_default_fresh,R,3,1,1,4960412.00,2017.0000,0.0000,2415000.0,2549000.0,8.000,8388608.0,0.000,0,0,8388608,8,0,8,1,0,8,1
3,f32,8,262144,glibc_default_fresh,M_TWIN,3,2,1,6048148.00,1761.0000,0.0000,0.0,6081000.0,8.000,8388608.0,0.000,0,0,8388608,8,1,0,0,0,8,1
3,f32,8,262144,glibc_default_fresh,R,4,0,1,3933648.00,2017.0000,0.0000,0.0,3938000.0,8.000,8388608.0,0.000,0,0,8388608,8,0,8,1,0,8,1
3,f32,8,262144,glibc_default_fresh,M_TWIN,4,1,1,2784955.00,1761.0000,0.0000,2789000.0,0.0,8.000,8388608.0,0.000,0,0,8388608,8,1,0,0,0,8,1
3,f32,8,262144,glibc_default_fresh,M,4,2,1,2708388.00,1761.0000,0.0000,2582000.0,131000.0,8.000,8388608.0,0.000,0,0,8388608,8,1,0,0,0,8,1
3,f32,8,262144,glibc_default_fresh,M_TWIN,5,0,1,2668576.00,1761.0000,0.0000,2672000.0,0.0,8.000,8388608.0,0.000,0,0,8388608,8,1,0,0,0,8,1
3,f32,8,262144,glibc_default_fresh,M,5,1,1,2704218.00,1761.0000,0.0000,0.0,2707000.0,8.000,8388608.0,0.000,0,0,8388608,8,1,0,0,0,8,1
3,f32,8,262144,glibc_default_fresh,R,5,2,1,3372687.00,2017.0000,0.0000,3376000.0,0.0,8.000,8388608.0,0.000,0,0,8388608,8,0,8,1,0,8,1
3,f32,8,262144,glibc_default_fresh,M,6,0,1,2773628.00,1761.0000,0.0000,0.0,2777000.0,8.000,8388608.0,0.000,0,0,8388608,8,1,0,0,0,8,1
3,f32,8,262144,glibc_default_fresh,R,6,1,1,3170414.00,2017.0000,0.0000,0.0,3173000.0,8.000,8388608.0,0.000,0,0,8388608,8,0,8,1,0,8,1
3,f32,8,262144,glibc_default_fresh,M_TWIN,6,2,1,2653922.00,1761.0000,0.0000,1365000.0,1291000.0,8.000,8388608.0,0.000,0,0,8388608,8,1,0,0,0,8,1
3,f32,8,262144,glibc_default_fresh,R,7,0,1,3188820.00,2017.0000,0.0000,3191000.0,0.0,8.000,8388608.0,0.000,0,0,8388608,8,0,8,1,0,8,1
3,f32,8,262144,glibc_default_fresh,M_TWIN,7,1,1,2721689.00,1761.0000,0.0000,0.0,2725000.0,8.000,8388608.0,0.000,0,0,8388608,8,1,0,0,0,8,1
3,f32,8,262144,glibc_default_fresh,M,7,2,1,2669097.00,1761.0000,0.0000,1565000.0,1107000.0,8.000,8388608.0,0.000,0,0,8388608,8,1,0,0,0,8,1
3,f32,8,262144,glibc_default_fresh,M_TWIN,8,0,1,2690393.00,1761.0000,0.0000,2310000.0,383000.0,8.000,8388608.0,0.000,0,0,8388608,8,1,0,0,0,8,1
3,f32,8,262144,glibc_default_fresh,M,8,1,1,2765308.00,1761.0000,0.0000,2768000.0,0.0,8.000,8388608.0,0.000,0,0,8388608,8,1,0,0,0,8,1
3,f32,8,262144,glibc_default_fresh,R,8,2,1,3140487.00,2017.0000,0.0000,3144000.0,0.0,8.000,8388608.0,0.000,0,0,8388608,8,0,8,1,0,8,1
3,f32,8,262144,glibc_default_fresh,M,9,0,1,2623048.00,1761.0000,0.0000,1432000.0,1194000.0,8.000,8388608.0,0.000,0,0,8388608,8,1,0,0,0,8,1
3,f32,8,262144,glibc_default_fresh,R,9,1,1,3138778.00,2017.0000,0.0000,0.0,3141000.0,8.000,8388608.0,0.000,0,0,8388608,8,0,8,1,0,8,1
3,f32,8,262144,glibc_default_fresh,M_TWIN,9,2,1,2721043.00,1761.0000,0.0000,2725000.0,0.0,8.000,8388608.0,0.000,0,0,8388608,8,1,0,0,0,8,1
3,f32,8,262144,glibc_default_fresh,R,10,0,1,3117162.00,2017.0000,0.0000,2995000.0,124000.0,8.000,8388608.0,0.000,0,0,8388608,8,0,8,1,0,8,1
3,f32,8,262144,glibc_default_fresh,M_TWIN,10,1,1,2711576.00,1761.0000,0.0000,0.0,2714000.0,8.000,8388608.0,0.000,0,0,8388608,8,1,0,0,0,8,1
3,f32,8,262144,glibc_default_fresh,M,10,2,1,2711604.00,1761.0000,0.0000,0.0,2715000.0,8.000,8388608.0,0.000,0,0,8388608,8,1,0,0,0,8,1
3,f32,8,262144,glibc_default_fresh,M_TWIN,11,0,1,3133368.00,1761.0000,0.0000,1722000.0,1416000.0,8.000,8388608.0,0.000,0,0,8388608,8,1,0,0,0,8,1
3,f32,8,262144,glibc_default_fresh,M,11,1,1,2673590.00,1761.0000,0.0000,2676000.0,0.0,8.000,8388608.0,0.000,0,0,8388608,8,1,0,0,0,8,1
3,f32,8,262144,glibc_default_fresh,R,11,2,1,3176377.00,2017.0000,0.0000,3178000.0,0.0,8.000,8388608.0,0.000,0,0,8388608,8,0,8,1,0,8,1
3,f32,8,262144,glibc_default_fresh,M,12,0,1,2639492.00,1761.0000,0.0000,1454000.0,1187000.0,8.000,8388608.0,0.000,0,0,8388608,8,1,0,0,0,8,1
3,f32,8,262144,glibc_default_fresh,R,12,1,1,3753940.00,2017.0000,0.0000,0.0,3757000.0,8.000,8388608.0,0.000,0,0,8388608,8,0,8,1,0,8,1
3,f32,8,262144,glibc_default_fresh,M_TWIN,12,2,1,2734976.00,1761.0000,0.0000,1489000.0,1249000.0,8.000,8388608.0,0.000,0,0,8388608,8,1,0,0,0,8,1
3,f32,8,262144,glibc_default_fresh,R,13,0,1,3170342.00,2017.0000,0.0000,0.0,3173000.0,8.000,8388608.0,0.000,0,0,8388608,8,0,8,1,0,8,1
3,f32,8,262144,glibc_default_fresh,M_TWIN,13,1,1,2903117.00,1761.0000,0.0000,0.0,2907000.0,8.000,8388608.0,0.000,0,0,8388608,8,1,0,0,0,8,1
3,f32,8,262144,glibc_default_fresh,M,13,2,1,2707913.00,1761.0000,0.0000,1619000.0,1092000.0,8.000,8388608.0,0.000,0,0,8388608,8,1,0,0,0,8,1
3,f32,8,262144,glibc_default_fresh,M_TWIN,14,0,1,2752393.00,1761.0000,0.0000,2755000.0,0.0,8.000,8388608.0,0.000,0,0,8388608,8,1,0,0,0,8,1
3,f32,8,262144,glibc_default_fresh,M,14,1,1,2737931.00,1761.0000,0.0000,2741000.0,0.0,8.000,8388608.0,0.000,0,0,8388608,8,1,0,0,0,8,1
3,f32,8,262144,glibc_default_fresh,R,14,2,1,3105287.00,2017.0000,0.0000,1700000.0,1408000.0,8.000,8388608.0,0.000,0,0,8388608,8,0,8,1,0,8,1
3,f32,8,1048576,glibc_default_fresh,M,0,0,1,15623868.00,7139.0000,0.0000,7847000.0,7797000.0,8.000,33554432.0,0.000,0,0,33554432,8,1,0,0,0,8,1
3,f32,8,1048576,glibc_default_fresh,R,0,1,1,17938541.00,8161.0000,0.0000,4819000.0,13125000.0,8.000,33554432.0,0.000,0,0,33554432,8,0,8,1,0,8,1
3,f32,8,1048576,glibc_default_fresh,M_TWIN,0,2,1,16192367.00,7137.0000,0.0000,138000.0,16060000.0,8.000,33554432.0,0.000,0,0,33554432,8,1,0,0,0,8,1
3,f32,8,1048576,glibc_default_fresh,R,1,0,1,18855359.00,8161.0000,0.0000,5240000.0,13620000.0,8.000,33554432.0,0.000,0,0,33554432,8,0,8,1,0,8,1
3,f32,8,1048576,glibc_default_fresh,M_TWIN,1,1,1,16372550.00,7137.0000,0.0000,8161000.0,8218000.0,8.000,33554432.0,0.000,0,0,33554432,8,1,0,0,0,8,1
3,f32,8,1048576,glibc_default_fresh,M,1,2,1,15744844.00,7137.0000,0.0000,0.0,15750000.0,8.000,33554432.0,0.000,0,0,33554432,8,1,0,0,0,8,1
3,f32,8,1048576,glibc_default_fresh,M_TWIN,2,0,1,15595162.00,7137.0000,0.0000,3828000.0,11774000.0,8.000,33554432.0,0.000,0,0,33554432,8,1,0,0,0,8,1
3,f32,8,1048576,glibc_default_fresh,M,2,1,1,16307049.00,7137.0000,0.0000,8139000.0,8174000.0,8.000,33554432.0,0.000,0,0,33554432,8,1,0,0,0,8,1
3,f32,8,1048576,glibc_default_fresh,R,2,2,1,18491995.00,8161.0000,0.0000,0.0,18497000.0,8.000,33554432.0,0.000,0,0,33554432,8,0,8,1,0,8,1
3,f32,8,1048576,glibc_default_fresh,M,3,0,1,16601222.00,7137.0000,0.0000,10439000.0,6168000.0,8.000,33554432.0,0.000,0,0,33554432,8,1,0,0,0,8,1
3,f32,8,1048576,glibc_default_fresh,R,3,1,1,18656846.00,8161.0000,0.0000,5243000.0,13419000.0,8.000,33554432.0,0.000,0,0,33554432,8,0,8,1,0,8,1
3,f32,8,1048576,glibc_default_fresh,M_TWIN,3,2,1,16112211.00,7137.0000,0.0000,10172000.0,5946000.0,8.000,33554432.0,0.000,0,0,33554432,8,1,0,0,0,8,1
3,f32,8,1048576,glibc_default_fresh,R,4,0,1,17866593.00,8161.0000,0.0000,892000.0,16978000.0,8.000,33554432.0,0.000,0,0,33554432,8,0,8,1,0,8,1
3,f32,8,1048576,glibc_default_fresh,M_TWIN,4,1,1,15720115.00,7137.0000,0.0000,3876000.0,11849000.0,8.000,33554432.0,0.000,0,0,33554432,8,1,0,0,0,8,1
3,f32,8,1048576,glibc_default_fresh,M,4,2,1,15316271.00,7137.0000,0.0000,11653000.0,3643000.0,8.000,33554432.0,0.000,0,0,33554432,8,1,0,0,0,8,1
3,f32,8,1048576,glibc_default_fresh,M_TWIN,5,0,1,15042249.00,7137.0000,0.0000,3511000.0,11493000.0,8.000,33554432.0,0.000,0,0,33554432,8,1,0,0,0,8,1
3,f32,8,1048576,glibc_default_fresh,M,5,1,1,15296881.00,7137.0000,0.0000,7667000.0,7635000.0,8.000,33554432.0,0.000,0,0,33554432,8,1,0,0,0,8,1
3,f32,8,1048576,glibc_default_fresh,R,5,2,1,17155956.00,8161.0000,0.0000,563000.0,16597000.0,8.000,33554432.0,0.000,0,0,33554432,8,0,8,1,0,8,1
3,f32,8,1048576,glibc_default_fresh,M,6,0,1,15070242.00,7137.0000,0.0000,7563000.0,7513000.0,8.000,33554432.0,0.000,0,0,33554432,8,1,0,0,0,8,1
3,f32,8,1048576,glibc_default_fresh,R,6,1,1,16852534.00,8161.0000,0.0000,2534000.0,14324000.0,8.000,33554432.0,0.000,0,0,33554432,8,0,8,1,0,8,1
3,f32,8,1048576,glibc_default_fresh,M_TWIN,6,2,1,14479315.00,7137.0000,0.0000,3299000.0,11185000.0,8.000,33554432.0,0.000,0,0,33554432,8,1,0,0,0,8,1
3,f32,8,1048576,glibc_default_fresh,R,7,0,1,17266717.00,8161.0000,0.0000,605000.0,16665000.0,8.000,33554432.0,0.000,0,0,33554432,8,0,8,1,0,8,1
3,f32,8,1048576,glibc_default_fresh,M_TWIN,7,1,1,16605772.00,7137.0000,0.0000,4284000.0,12327000.0,8.000,33554432.0,0.000,0,0,33554432,8,1,0,0,0,8,1
3,f32,8,1048576,glibc_default_fresh,M,7,2,1,15093411.00,7137.0000,0.0000,5446000.0,9653000.0,8.000,33554432.0,0.000,0,0,33554432,8,1,0,0,0,8,1
3,f32,8,1048576,glibc_default_fresh,M_TWIN,8,0,1,15315552.00,7137.0000,0.0000,3683000.0,11637000.0,8.000,33554432.0,0.000,0,0,33554432,8,1,0,0,0,8,1
3,f32,8,1048576,glibc_default_fresh,M,8,1,1,14915915.00,7137.0000,0.0000,11479000.0,3442000.0,8.000,33554432.0,0.000,0,0,33554432,8,1,0,0,0,8,1
3,f32,8,1048576,glibc_default_fresh,R,8,2,1,17242483.00,8161.0000,0.0000,8603000.0,8644000.0,8.000,33554432.0,0.000,0,0,33554432,8,0,8,1,0,8,1
3,f32,8,1048576,glibc_default_fresh,M,9,0,1,14548704.00,7137.0000,0.0000,3305000.0,11248000.0,8.000,33554432.0,0.000,0,0,33554432,8,1,0,0,0,8,1
3,f32,8,1048576,glibc_default_fresh,R,9,1,1,17756457.00,8161.0000,0.0000,6917000.0,10846000.0,8.000,33554432.0,0.000,0,0,33554432,8,0,8,1,0,8,1
3,f32,8,1048576,glibc_default_fresh,M_TWIN,9,2,1,15033699.00,7137.0000,0.0000,11522000.0,3517000.0,8.000,33554432.0,0.000,0,0,33554432,8,1,0,0,0,8,1
3,f32,8,1048576,glibc_default_fresh,R,10,0,1,17219453.00,8161.0000,0.0000,0.0,17188000.0,8.000,33554432.0,0.000,0,0,33554432,8,0,8,1,0,8,1
3,f32,8,1048576,glibc_default_fresh,M_TWIN,10,1,1,14988219.00,7137.0000,0.0000,3512000.0,11482000.0,8.000,33554432.0,0.000,0,0,33554432,8,1,0,0,0,8,1
3,f32,8,1048576,glibc_default_fresh,M,10,2,1,14781093.00,7137.0000,0.0000,5363000.0,9423000.0,8.000,33554432.0,0.000,0,0,33554432,8,1,0,0,0,8,1
3,f32,8,1048576,glibc_default_fresh,M_TWIN,11,0,1,14504767.00,7137.0000,0.0000,1228000.0,13281000.0,8.000,33554432.0,0.000,0,0,33554432,8,1,0,0,0,8,1
3,f32,8,1048576,glibc_default_fresh,M,11,1,1,15087433.00,7137.0000,0.0000,7557000.0,7534000.0,8.000,33554432.0,0.000,0,0,33554432,8,1,0,0,0,8,1
3,f32,8,1048576,glibc_default_fresh,R,11,2,1,16732002.00,8161.0000,0.0000,362000.0,16374000.0,8.000,33554432.0,0.000,0,0,33554432,8,0,8,1,0,8,1
3,f32,8,1048576,glibc_default_fresh,M,12,0,1,14321236.00,7137.0000,0.0000,3188000.0,11138000.0,8.000,33554432.0,0.000,0,0,33554432,8,1,0,0,0,8,1
3,f32,8,1048576,glibc_default_fresh,R,12,1,1,17110316.00,8161.0000,0.0000,546000.0,16569000.0,8.000,33554432.0,0.000,0,0,33554432,8,0,8,1,0,8,1
3,f32,8,1048576,glibc_default_fresh,M_TWIN,12,2,1,15176237.00,7137.0000,0.0000,13544000.0,1638000.0,8.000,33554432.0,0.000,0,0,33554432,8,1,0,0,0,8,1
3,f32,8,1048576,glibc_default_fresh,R,13,0,1,17969238.00,8161.0000,0.0000,14990000.0,2964000.0,8.000,33554432.0,0.000,0,0,33554432,8,0,8,1,0,8,1
3,f32,8,1048576,glibc_default_fresh,M_TWIN,13,1,1,15372900.00,7137.0000,0.0000,3700000.0,11679000.0,8.000,33554432.0,0.000,0,0,33554432,8,1,0,0,0,8,1
3,f32,8,1048576,glibc_default_fresh,M,13,2,1,15118287.00,7137.0000,0.0000,3574000.0,11549000.0,8.000,33554432.0,0.000,0,0,33554432,8,1,0,0,0,8,1
3,f32,8,1048576,glibc_default_fresh,M_TWIN,14,0,1,14750800.00,7137.0000,0.0000,3387000.0,11367000.0,8.000,33554432.0,0.000,0,0,33554432,8,1,0,0,0,8,1
3,f32,8,1048576,glibc_default_fresh,M,14,1,1,14729205.00,7137.0000,0.0000,5352000.0,9381000.0,8.000,33554432.0,0.000,0,0,33554432,8,1,0,0,0,8,1
3,f32,8,1048576,glibc_default_fresh,R,14,2,1,18279443.00,8161.0000,0.0000,7156000.0,11129000.0,8.000,33554432.0,0.000,0,0,33554432,8,0,8,1,0,8,1
3,f32,8,4194304,glibc_default_fresh,M,0,0,1,66961318.00,28643.0000,0.0000,19600000.0,47389000.0,8.000,134217728.0,0.000,0,0,134217728,8,1,0,0,0,8,1
3,f32,8,4194304,glibc_default_fresh,R,0,1,1,74044400.00,32737.0000,0.0000,31214000.0,42836000.0,8.000,134217728.0,0.000,0,0,134217728,8,0,8,1,0,8,1
3,f32,8,4194304,glibc_default_fresh,M_TWIN,0,2,1,64787854.00,28641.0000,0.0000,32322000.0,32472000.0,8.000,134217728.0,0.000,0,0,134217728,8,1,0,0,0,8,1
3,f32,8,4194304,glibc_default_fresh,R,1,0,1,72211637.00,32737.0000,0.0000,32092000.0,40124000.0,8.000,134217728.0,0.000,0,0,134217728,8,0,8,1,0,8,1
3,f32,8,4194304,glibc_default_fresh,M_TWIN,1,1,1,65075946.00,28641.0000,0.0000,20466000.0,44617000.0,8.000,134217728.0,0.000,0,0,134217728,8,1,0,0,0,8,1
3,f32,8,4194304,glibc_default_fresh,M,1,2,1,65513304.00,28641.0000,0.0000,28666000.0,36855000.0,8.000,134217728.0,0.000,0,0,134217728,8,1,0,0,0,8,1
3,f32,8,4194304,glibc_default_fresh,M_TWIN,2,0,1,65464921.00,28641.0000,0.0000,24654000.0,40817000.0,8.000,134217728.0,0.000,0,0,134217728,8,1,0,0,0,8,1
3,f32,8,4194304,glibc_default_fresh,M,2,1,1,65262508.00,28641.0000,0.0000,32573000.0,32696000.0,8.000,134217728.0,0.000,0,0,134217728,8,1,0,0,0,8,1
3,f32,8,4194304,glibc_default_fresh,R,2,2,1,73076955.00,32737.0000,0.0000,24498000.0,48541000.0,8.000,134217728.0,0.000,0,0,134217728,8,0,8,1,0,8,1
3,f32,8,4194304,glibc_default_fresh,M,3,0,1,64337733.00,28641.0000,0.0000,22318000.0,42026000.0,8.000,134217728.0,0.000,0,0,134217728,8,1,0,0,0,8,1
3,f32,8,4194304,glibc_default_fresh,R,3,1,1,72614776.00,32737.0000,0.0000,24248000.0,48329000.0,8.000,134217728.0,0.000,0,0,134217728,8,0,8,1,0,8,1
3,f32,8,4194304,glibc_default_fresh,M_TWIN,3,2,1,68626887.00,28641.0000,0.0000,24294000.0,44340000.0,8.000,134217728.0,0.000,0,0,134217728,8,1,0,0,0,8,1
3,f32,8,4194304,glibc_default_fresh,R,4,0,1,72709121.00,32737.0000,0.0000,32327000.0,40373000.0,8.000,134217728.0,0.000,0,0,134217728,8,0,8,1,0,8,1
3,f32,8,4194304,glibc_default_fresh,M_TWIN,4,1,1,65200154.00,28641.0000,0.0000,20569000.0,44638000.0,8.000,134217728.0,0.000,0,0,134217728,8,1,0,0,0,8,1
3,f32,8,4194304,glibc_default_fresh,M,4,2,1,65834521.00,28641.0000,0.0000,24872000.0,40968000.0,8.000,134217728.0,0.000,0,0,134217728,8,1,0,0,0,8,1
3,f32,8,4194304,glibc_default_fresh,M_TWIN,5,0,1,66063989.00,28641.0000,0.0000,35077000.0,30995000.0,8.000,134217728.0,0.000,0,0,134217728,8,1,0,0,0,8,1
3,f32,8,4194304,glibc_default_fresh,M,5,1,1,66740377.00,28641.0000,0.0000,23396000.0,43351000.0,8.000,134217728.0,0.000,0,0,134217728,8,1,0,0,0,8,1
3,f32,8,4194304,glibc_default_fresh,R,5,2,1,73584502.00,32737.0000,0.0000,30837000.0,42752000.0,8.000,134217728.0,0.000,0,0,134217728,8,0,8,1,0,8,1
3,f32,8,4194304,glibc_default_fresh,M,6,0,1,65480597.00,28641.0000,0.0000,24722000.0,40720000.0,8.000,134217728.0,0.000,0,0,134217728,8,1,0,0,0,8,1
3,f32,8,4194304,glibc_default_fresh,R,6,1,1,78651342.00,32737.0000,0.0000,27346000.0,51310000.0,8.000,134217728.0,0.000,0,0,134217728,8,0,8,1,0,8,1
3,f32,8,4194304,glibc_default_fresh,M_TWIN,6,2,1,67060144.00,28641.0000,0.0000,25500000.0,41566000.0,8.000,134217728.0,0.000,0,0,134217728,8,1,0,0,0,8,1
3,f32,8,4194304,glibc_default_fresh,R,7,0,1,82680451.00,32737.0000,0.0000,41327000.0,41359000.0,8.000,134217728.0,0.000,0,0,134217728,8,0,8,1,0,8,1
3,f32,8,4194304,glibc_default_fresh,M_TWIN,7,1,1,67232392.00,28641.0000,0.0000,23623000.0,43615000.0,8.000,134217728.0,0.000,0,0,134217728,8,1,0,0,0,8,1
3,f32,8,4194304,glibc_default_fresh,M,7,2,1,66512664.00,28641.0000,0.0000,33242000.0,33276000.0,8.000,134217728.0,0.000,0,0,134217728,8,1,0,0,0,8,1
3,f32,8,4194304,glibc_default_fresh,M_TWIN,8,0,1,66649127.00,28641.0000,0.0000,23337000.0,43319000.0,8.000,134217728.0,0.000,0,0,134217728,8,1,0,0,0,8,1
3,f32,8,4194304,glibc_default_fresh,M,8,1,1,66867931.00,28641.0000,0.0000,17425000.0,49449000.0,8.000,134217728.0,0.000,0,0,134217728,8,1,0,0,0,8,1
3,f32,8,4194304,glibc_default_fresh,R,8,2,1,74184218.00,32737.0000,0.0000,17087000.0,57102000.0,8.000,134217728.0,0.000,0,0,134217728,8,0,8,1,0,8,1
3,f32,8,4194304,glibc_default_fresh,M,9,0,1,67257221.00,28641.0000,0.0000,27606000.0,39627000.0,8.000,134217728.0,0.000,0,0,134217728,8,1,0,0,0,8,1
3,f32,8,4194304,glibc_default_fresh,R,9,1,1,73986227.00,32737.0000,0.0000,27001000.0,46990000.0,8.000,134217728.0,0.000,0,0,134217728,8,0,8,1,0,8,1
3,f32,8,4194304,glibc_default_fresh,M_TWIN,9,2,1,66286442.00,28641.0000,0.0000,31126000.0,35143000.0,8.000,134217728.0,0.000,0,0,134217728,8,1,0,0,0,8,1
3,f32,8,4194304,glibc_default_fresh,R,10,0,1,73502388.00,32737.0000,0.0000,48720000.0,24723000.0,8.000,134217728.0,0.000,0,0,134217728,8,0,8,1,0,8,1
3,f32,8,4194304,glibc_default_fresh,M_TWIN,10,1,1,65618361.00,28641.0000,0.0000,22809000.0,42816000.0,8.000,134217728.0,0.000,0,0,134217728,8,1,0,0,0,8,1
3,f32,8,4194304,glibc_default_fresh,M,10,2,1,65685298.00,28641.0000,0.0000,16853000.0,48838000.0,8.000,134217728.0,0.000,0,0,134217728,8,1,0,0,0,8,1
3,f32,8,4194304,glibc_default_fresh,M_TWIN,11,0,1,65326792.00,28641.0000,0.0000,16671000.0,48660000.0,8.000,134217728.0,0.000,0,0,134217728,8,1,0,0,0,8,1
3,f32,8,4194304,glibc_default_fresh,M,11,1,1,65885151.00,28641.0000,0.0000,30946000.0,34946000.0,8.000,134217728.0,0.000,0,0,134217728,8,1,0,0,0,8,1
3,f32,8,4194304,glibc_default_fresh,R,11,2,1,74048004.00,32737.0000,0.0000,33029000.0,41024000.0,8.000,134217728.0,0.000,0,0,134217728,8,0,8,1,0,8,1
3,f32,8,4194304,glibc_default_fresh,M,12,0,1,66106646.00,28641.0000,0.0000,19053000.0,47060000.0,8.000,134217728.0,0.000,0,0,134217728,8,1,0,0,0,8,1
3,f32,8,4194304,glibc_default_fresh,R,12,1,1,73081455.00,32737.0000,0.0000,16546000.0,56542000.0,8.000,134217728.0,0.000,0,0,134217728,8,0,8,1,0,8,1
3,f32,8,4194304,glibc_default_fresh,M_TWIN,12,2,1,65217893.00,28641.0000,0.0000,18610000.0,46568000.0,8.000,134217728.0,0.000,0,0,134217728,8,1,0,0,0,8,1
3,f32,8,4194304,glibc_default_fresh,R,13,0,1,74516562.00,32737.0000,0.0000,15262000.0,59262000.0,8.000,134217728.0,0.000,0,0,134217728,8,0,8,1,0,8,1
3,f32,8,4194304,glibc_default_fresh,M_TWIN,13,1,1,66212667.00,28641.0000,0.0000,13117000.0,53079000.0,8.000,134217728.0,0.000,0,0,134217728,8,1,0,0,0,8,1
3,f32,8,4194304,glibc_default_fresh,M,13,2,1,65546068.00,28641.0000,0.0000,32773000.0,32779000.0,8.000,134217728.0,0.000,0,0,134217728,8,1,0,0,0,8,1
3,f32,8,4194304,glibc_default_fresh,M_TWIN,14,0,1,66361582.00,28641.0000,0.0000,35182000.0,31186000.0,8.000,134217728.0,0.000,0,0,134217728,8,1,0,0,0,8,1
3,f32,8,4194304,glibc_default_fresh,M,14,1,1,66188666.00,28641.0000,0.0000,5103000.0,61092000.0,8.000,134217728.0,0.000,0,0,134217728,8,1,0,0,0,8,1
3,f32,8,4194304,glibc_default_fresh,R,14,2,1,73327412.00,32737.0000,0.0000,16669000.0,56663000.0,8.000,134217728.0,0.000,0,0,134217728,8,0,8,1,0,8,1
3,f32,8,16777216,glibc_default_fresh,M,0,0,1,289665941.00,131082.0000,0.0000,119346000.0,170298000.0,8.000,536870912.0,0.000,0,0,536870912,8,1,0,0,0,8,1
3,f32,8,16777216,glibc_default_fresh,R,0,1,1,319532773.00,131080.0000,0.0000,135794000.0,183643000.0,8.000,536870912.0,0.000,0,0,536870912,8,0,8,1,0,8,1
3,f32,8,16777216,glibc_default_fresh,M_TWIN,0,2,1,290053228.00,131080.0000,0.0000,111383000.0,178676000.0,8.000,536870912.0,0.000,0,0,536870912,8,1,0,0,0,8,1
3,f32,8,16777216,glibc_default_fresh,R,1,0,1,335394751.00,131080.0000,0.0000,135754000.0,199575000.0,8.000,536870912.0,0.000,0,0,536870912,8,0,8,1,0,8,1
3,f32,8,16777216,glibc_default_fresh,M_TWIN,1,1,1,291357800.00,131080.0000,0.0000,123767000.0,167586000.0,8.000,536870912.0,0.000,0,0,536870912,8,1,0,0,0,8,1
3,f32,8,16777216,glibc_default_fresh,M,1,2,1,316546502.00,131080.0000,0.0000,112110000.0,204115000.0,8.000,536870912.0,0.000,0,0,536870912,8,1,0,0,0,8,1
3,f32,8,16777216,glibc_default_fresh,M_TWIN,2,0,1,289193491.00,131080.0000,0.0000,90993000.0,198183000.0,8.000,536870912.0,0.000,0,0,536870912,8,1,0,0,0,8,1
3,f32,8,16777216,glibc_default_fresh,M,2,1,1,295473022.00,131080.0000,0.0000,95813000.0,199604000.0,8.000,536870912.0,0.000,0,0,536870912,8,1,0,0,0,8,1
3,f32,8,16777216,glibc_default_fresh,R,2,2,1,330716403.00,131080.0000,0.0000,127522000.0,203201000.0,8.000,536870912.0,0.000,0,0,536870912,8,0,8,1,0,8,1
3,f32,8,16777216,glibc_default_fresh,M,3,0,1,296472875.00,131080.0000,0.0000,108170000.0,188276000.0,8.000,536870912.0,0.000,0,0,536870912,8,1,0,0,0,8,1
3,f32,8,16777216,glibc_default_fresh,R,3,1,1,756485140.00,131080.0000,0.0000,156075000.0,599952000.0,8.000,536870912.0,0.000,0,0,536870912,8,0,8,1,0,8,1
3,f32,8,16777216,glibc_default_fresh,M_TWIN,3,2,1,311394242.00,131080.0000,0.0000,127770000.0,183519000.0,8.000,536870912.0,0.000,0,0,536870912,8,1,0,0,0,8,1
3,f32,8,16777216,glibc_default_fresh,R,4,0,1,321913315.00,131080.0000,0.0000,147180000.0,174626000.0,8.000,536870912.0,0.000,0,0,536870912,8,0,8,1,0,8,1
3,f32,8,16777216,glibc_default_fresh,M_TWIN,4,1,1,324581866.00,131080.0000,0.0000,108219000.0,216271000.0,8.000,536870912.0,0.000,0,0,536870912,8,1,0,0,0,8,1
3,f32,8,16777216,glibc_default_fresh,M,4,2,1,295775050.00,131080.0000,0.0000,111903000.0,183816000.0,8.000,536870912.0,0.000,0,0,536870912,8,1,0,0,0,8,1
3,f32,8,16777216,glibc_default_fresh,M_TWIN,5,0,1,388784858.00,131080.0000,0.0000,92208000.0,296265000.0,8.000,536870912.0,0.000,0,0,536870912,8,1,0,0,0,8,1
3,f32,8,16777216,glibc_default_fresh,M,5,1,1,303648845.00,131080.0000,0.0000,115864000.0,187792000.0,8.000,536870912.0,0.000,0,0,536870912,8,1,0,0,0,8,1
3,f32,8,16777216,glibc_default_fresh,R,5,2,1,328315098.00,131080.0000,0.0000,144108000.0,184156000.0,8.000,536870912.0,0.000,0,0,536870912,8,0,8,1,0,8,1
3,f32,8,16777216,glibc_default_fresh,M,6,0,1,301797390.00,131080.0000,0.0000,83113000.0,218629000.0,8.000,536870912.0,0.000,0,0,536870912,8,1,0,0,0,8,1
3,f32,8,16777216,glibc_default_fresh,R,6,1,1,324048989.00,131080.0000,0.0000,115994000.0,208029000.0,8.000,536870912.0,0.000,0,0,536870912,8,0,8,1,0,8,1
3,f32,8,16777216,glibc_default_fresh,M_TWIN,6,2,1,405056746.00,131080.0000,0.0000,108323000.0,296443000.0,8.000,536870912.0,0.000,0,0,536870912,8,1,0,0,0,8,1
3,f32,8,16777216,glibc_default_fresh,R,7,0,1,323604465.00,131080.0000,0.0000,135831000.0,187723000.0,8.000,536870912.0,0.000,0,0,536870912,8,0,8,1,0,8,1
3,f32,8,16777216,glibc_default_fresh,M_TWIN,7,1,1,294961974.00,131080.0000,0.0000,111560000.0,183382000.0,8.000,536870912.0,0.000,0,0,536870912,8,1,0,0,0,8,1
3,f32,8,16777216,glibc_default_fresh,M,7,2,1,302119312.00,131080.0000,0.0000,103202000.0,198851000.0,8.000,536870912.0,0.000,0,0,536870912,8,1,0,0,0,8,1
3,f32,8,16777216,glibc_default_fresh,M_TWIN,8,0,1,293414941.00,131080.0000,0.0000,108536000.0,184702000.0,8.000,536870912.0,0.000,0,0,536870912,8,1,0,0,0,8,1
3,f32,8,16777216,glibc_default_fresh,M,8,1,1,294789496.00,131080.0000,0.0000,109043000.0,185637000.0,8.000,536870912.0,0.000,0,0,536870912,8,1,0,0,0,8,1
3,f32,8,16777216,glibc_default_fresh,R,8,2,1,325889007.00,131080.0000,0.0000,112720000.0,213058000.0,8.000,536870912.0,0.000,0,0,536870912,8,0,8,1,0,8,1
3,f32,8,16777216,glibc_default_fresh,M,9,0,1,295947332.00,131080.0000,0.0000,99979000.0,195891000.0,8.000,536870912.0,0.000,0,0,536870912,8,1,0,0,0,8,1
3,f32,8,16777216,glibc_default_fresh,R,9,1,1,336384032.00,131080.0000,0.0000,132093000.0,204093000.0,8.000,536870912.0,0.000,0,0,536870912,8,0,8,1,0,8,1
3,f32,8,16777216,glibc_default_fresh,M_TWIN,9,2,1,296469109.00,131080.0000,0.0000,120199000.0,176047000.0,8.000,536870912.0,0.000,0,0,536870912,8,1,0,0,0,8,1
3,f32,8,16777216,glibc_default_fresh,R,10,0,1,788300761.00,131080.0000,0.0000,151962000.0,635568000.0,8.000,536870912.0,0.000,0,0,536870912,8,0,8,1,0,8,1
3,f32,8,16777216,glibc_default_fresh,M_TWIN,10,1,1,292619077.00,131080.0000,0.0000,92214000.0,200205000.0,8.000,536870912.0,0.000,0,0,536870912,8,1,0,0,0,8,1
3,f32,8,16777216,glibc_default_fresh,M,10,2,1,296522914.00,131080.0000,0.0000,88226000.0,208178000.0,8.000,536870912.0,0.000,0,0,536870912,8,1,0,0,0,8,1
3,f32,8,16777216,glibc_default_fresh,M_TWIN,11,0,1,1581838328.00,131080.0000,0.0000,136428000.0,1443587000.0,8.000,536870912.0,0.000,0,0,536870912,8,1,0,0,0,8,1
3,f32,8,16777216,glibc_default_fresh,M,11,1,1,1557218666.00,131080.0000,0.0000,144197000.0,1411781000.0,8.000,536870912.0,0.000,0,0,536870912,8,1,0,0,0,8,1
3,f32,8,16777216,glibc_default_fresh,R,11,2,1,322075960.00,131080.0000,0.0000,111144000.0,210785000.0,8.000,536870912.0,0.000,0,0,536870912,8,0,8,1,0,8,1
3,f32,8,16777216,glibc_default_fresh,M,12,0,1,295299962.00,131080.0000,0.0000,123716000.0,171481000.0,8.000,536870912.0,0.000,0,0,536870912,8,1,0,0,0,8,1
3,f32,8,16777216,glibc_default_fresh,R,12,1,1,819098770.00,131080.0000,0.0000,108981000.0,709460000.0,8.000,536870912.0,0.000,0,0,536870912,8,0,8,1,0,8,1
3,f32,8,16777216,glibc_default_fresh,M_TWIN,12,2,1,293253916.00,131080.0000,0.0000,100499000.0,192580000.0,8.000,536870912.0,0.000,0,0,536870912,8,1,0,0,0,8,1
3,f32,8,16777216,glibc_default_fresh,R,13,0,1,328721125.00,131080.0000,0.0000,104084000.0,224425000.0,8.000,536870912.0,0.000,0,0,536870912,8,0,8,1,0,8,1
3,f32,8,16777216,glibc_default_fresh,M_TWIN,13,1,1,307728712.00,131080.0000,0.0000,125502000.0,182173000.0,8.000,536870912.0,0.000,0,0,536870912,8,1,0,0,0,8,1
3,f32,8,16777216,glibc_default_fresh,M,13,2,1,298018674.00,131080.0000,0.0000,116745000.0,181157000.0,8.000,536870912.0,0.000,0,0,536870912,8,1,0,0,0,8,1
3,f32,8,16777216,glibc_default_fresh,M_TWIN,14,0,1,344423252.00,131080.0000,0.0000,139974000.0,204025000.0,8.000,536870912.0,0.000,0,0,536870912,8,1,0,0,0,8,1
3,f32,8,16777216,glibc_default_fresh,M,14,1,1,295979367.00,131080.0000,0.0000,75986000.0,219963000.0,8.000,536870912.0,0.000,0,0,536870912,8,1,0,0,0,8,1
3,f32,8,16777216,glibc_default_fresh,R,14,2,1,324746182.00,131080.0000,0.0000,128309000.0,196376000.0,8.000,536870912.0,0.000,0,0,536870912,8,0,8,1,0,8,1
3,i32,1,64,glibc_default_fresh,M,0,0,1000,359.04,0.0020,0.0000,372.0,0.0,1.000,256.0,0.000,0,0,256000,1,1,0,0,0,1,1
3,i32,1,64,glibc_default_fresh,R,0,1,1000,361.30,0.0000,0.0000,362.0,0.0,1.000,256.0,0.000,0,0,256000,1,0,1,1,0,1,1
3,i32,1,64,glibc_default_fresh,M_TWIN,0,2,1000,350.61,0.0000,0.0000,352.0,0.0,1.000,256.0,0.000,0,0,256000,1,1,0,0,0,1,1
3,i32,1,64,glibc_default_fresh,R,1,0,1000,376.31,0.0000,0.0000,377.0,0.0,1.000,256.0,0.000,0,0,256000,1,0,1,1,0,1,1
3,i32,1,64,glibc_default_fresh,M_TWIN,1,1,1000,338.09,0.0000,0.0000,339.0,0.0,1.000,256.0,0.000,0,0,256000,1,1,0,0,0,1,1
3,i32,1,64,glibc_default_fresh,M,1,2,1000,350.57,0.0000,0.0000,352.0,0.0,1.000,256.0,0.000,0,0,256000,1,1,0,0,0,1,1
3,i32,1,64,glibc_default_fresh,M_TWIN,2,0,1000,335.54,0.0000,0.0000,336.0,0.0,1.000,256.0,0.000,0,0,256000,1,1,0,0,0,1,1
3,i32,1,64,glibc_default_fresh,M,2,1,1000,351.76,0.0000,0.0000,352.0,0.0,1.000,256.0,0.000,0,0,256000,1,1,0,0,0,1,1
3,i32,1,64,glibc_default_fresh,R,2,2,1000,399.75,0.0000,0.0000,400.0,0.0,1.000,256.0,0.000,0,0,256000,1,0,1,1,0,1,1
3,i32,1,64,glibc_default_fresh,M,3,0,1000,362.66,0.0000,0.0000,364.0,0.0,1.000,256.0,0.000,0,0,256000,1,1,0,0,0,1,1
3,i32,1,64,glibc_default_fresh,R,3,1,1000,366.55,0.0000,0.0000,367.0,0.0,1.000,256.0,0.000,0,0,256000,1,0,1,1,0,1,1
3,i32,1,64,glibc_default_fresh,M_TWIN,3,2,1000,336.59,0.0000,0.0000,337.0,0.0,1.000,256.0,0.000,0,0,256000,1,1,0,0,0,1,1
3,i32,1,64,glibc_default_fresh,R,4,0,1000,372.48,0.0000,0.0000,373.0,0.0,1.000,256.0,0.000,0,0,256000,1,0,1,1,0,1,1
3,i32,1,64,glibc_default_fresh,M_TWIN,4,1,1000,360.63,0.0000,0.0000,361.0,0.0,1.000,256.0,0.000,0,0,256000,1,1,0,0,0,1,1
3,i32,1,64,glibc_default_fresh,M,4,2,1000,340.20,0.0000,0.0000,341.0,0.0,1.000,256.0,0.000,0,0,256000,1,1,0,0,0,1,1
3,i32,1,64,glibc_default_fresh,M_TWIN,5,0,1000,329.68,0.0000,0.0000,331.0,0.0,1.000,256.0,0.000,0,0,256000,1,1,0,0,0,1,1
3,i32,1,64,glibc_default_fresh,M,5,1,1000,355.59,0.0000,0.0000,357.0,0.0,1.000,256.0,0.000,0,0,256000,1,1,0,0,0,1,1
3,i32,1,64,glibc_default_fresh,R,5,2,1000,357.86,0.0000,0.0000,358.0,0.0,1.000,256.0,0.000,0,0,256000,1,0,1,1,0,1,1
3,i32,1,64,glibc_default_fresh,M,6,0,1000,413.36,0.0000,0.0000,404.0,0.0,1.000,256.0,0.000,0,0,256000,1,1,0,0,0,1,1
3,i32,1,64,glibc_default_fresh,R,6,1,1000,363.65,0.0000,0.0000,364.0,0.0,1.000,256.0,0.000,0,0,256000,1,0,1,1,0,1,1
3,i32,1,64,glibc_default_fresh,M_TWIN,6,2,1000,334.68,0.0000,0.0000,336.0,0.0,1.000,256.0,0.000,0,0,256000,1,1,0,0,0,1,1
3,i32,1,64,glibc_default_fresh,R,7,0,1000,374.82,0.0000,0.0000,375.0,0.0,1.000,256.0,0.000,0,0,256000,1,0,1,1,0,1,1
3,i32,1,64,glibc_default_fresh,M_TWIN,7,1,1000,346.13,0.0000,0.0000,347.0,0.0,1.000,256.0,0.000,0,0,256000,1,1,0,0,0,1,1
3,i32,1,64,glibc_default_fresh,M,7,2,1000,369.31,0.0000,0.0000,370.0,0.0,1.000,256.0,0.000,0,0,256000,1,1,0,0,0,1,1
3,i32,1,64,glibc_default_fresh,M_TWIN,8,0,1000,341.02,0.0000,0.0000,341.0,0.0,1.000,256.0,0.000,0,0,256000,1,1,0,0,0,1,1
3,i32,1,64,glibc_default_fresh,M,8,1,1000,361.33,0.0000,0.0000,361.0,0.0,1.000,256.0,0.000,0,0,256000,1,1,0,0,0,1,1
3,i32,1,64,glibc_default_fresh,R,8,2,1000,380.19,0.0000,0.0000,381.0,0.0,1.000,256.0,0.000,0,0,256000,1,0,1,1,0,1,1
3,i32,1,64,glibc_default_fresh,M,9,0,1000,344.11,0.0000,0.0000,344.0,0.0,1.000,256.0,0.000,0,0,256000,1,1,0,0,0,1,1
3,i32,1,64,glibc_default_fresh,R,9,1,1000,381.32,0.0000,0.0000,382.0,0.0,1.000,256.0,0.000,0,0,256000,1,0,1,1,0,1,1
3,i32,1,64,glibc_default_fresh,M_TWIN,9,2,1000,334.03,0.0000,0.0000,335.0,0.0,1.000,256.0,0.000,0,0,256000,1,1,0,0,0,1,1
3,i32,1,64,glibc_default_fresh,R,10,0,1000,370.37,0.0000,0.0000,371.0,0.0,1.000,256.0,0.000,0,0,256000,1,0,1,1,0,1,1
3,i32,1,64,glibc_default_fresh,M_TWIN,10,1,1000,333.57,0.0000,0.0000,334.0,0.0,1.000,256.0,0.000,0,0,256000,1,1,0,0,0,1,1
3,i32,1,64,glibc_default_fresh,M,10,2,1000,341.07,0.0000,0.0000,342.0,0.0,1.000,256.0,0.000,0,0,256000,1,1,0,0,0,1,1
3,i32,1,64,glibc_default_fresh,M_TWIN,11,0,1000,334.42,0.0000,0.0000,335.0,0.0,1.000,256.0,0.000,0,0,256000,1,1,0,0,0,1,1
3,i32,1,64,glibc_default_fresh,M,11,1,1000,351.68,0.0000,0.0000,353.0,0.0,1.000,256.0,0.000,0,0,256000,1,1,0,0,0,1,1
3,i32,1,64,glibc_default_fresh,R,11,2,1000,367.44,0.0000,0.0000,368.0,0.0,1.000,256.0,0.000,0,0,256000,1,0,1,1,0,1,1
3,i32,1,64,glibc_default_fresh,M,12,0,1000,342.46,0.0000,0.0000,343.0,0.0,1.000,256.0,0.000,0,0,256000,1,1,0,0,0,1,1
3,i32,1,64,glibc_default_fresh,R,12,1,1000,362.29,0.0000,0.0000,363.0,0.0,1.000,256.0,0.000,0,0,256000,1,0,1,1,0,1,1
3,i32,1,64,glibc_default_fresh,M_TWIN,12,2,1000,353.15,0.0000,0.0000,354.0,0.0,1.000,256.0,0.000,0,0,256000,1,1,0,0,0,1,1
3,i32,1,64,glibc_default_fresh,R,13,0,1000,376.87,0.0000,0.0000,377.0,0.0,1.000,256.0,0.000,0,0,256000,1,0,1,1,0,1,1
3,i32,1,64,glibc_default_fresh,M_TWIN,13,1,1000,339.86,0.0000,0.0000,340.0,0.0,1.000,256.0,0.000,0,0,256000,1,1,0,0,0,1,1
3,i32,1,64,glibc_default_fresh,M,13,2,1000,347.62,0.0000,0.0000,348.0,0.0,1.000,256.0,0.000,0,0,256000,1,1,0,0,0,1,1
3,i32,1,64,glibc_default_fresh,M_TWIN,14,0,1000,335.00,0.0000,0.0000,336.0,0.0,1.000,256.0,0.000,0,0,256000,1,1,0,0,0,1,1
3,i32,1,64,glibc_default_fresh,M,14,1,1000,349.13,0.0000,0.0000,350.0,0.0,1.000,256.0,0.000,0,0,256000,1,1,0,0,0,1,1
3,i32,1,64,glibc_default_fresh,R,14,2,1000,384.16,0.0000,0.0000,385.0,0.0,1.000,256.0,0.000,0,0,256000,1,0,1,1,0,1,1
3,i32,1,1024,glibc_default_fresh,M,0,0,1000,740.61,0.0020,0.0000,760.0,0.0,1.000,4096.0,0.000,0,0,4096000,1,1,0,0,0,1,1
3,i32,1,1024,glibc_default_fresh,R,0,1,1000,714.65,0.0000,0.0000,720.0,0.0,1.000,4096.0,0.000,0,0,4096000,1,0,1,1,0,1,1
3,i32,1,1024,glibc_default_fresh,M_TWIN,0,2,1000,596.31,0.0000,0.0000,598.0,0.0,1.000,4096.0,0.000,0,0,4096000,1,1,0,0,0,1,1
3,i32,1,1024,glibc_default_fresh,R,1,0,1000,621.49,0.0000,0.0000,626.0,0.0,1.000,4096.0,0.000,0,0,4096000,1,0,1,1,0,1,1
3,i32,1,1024,glibc_default_fresh,M_TWIN,1,1,1000,578.06,0.0000,0.0000,579.0,0.0,1.000,4096.0,0.000,0,0,4096000,1,1,0,0,0,1,1
3,i32,1,1024,glibc_default_fresh,M,1,2,1000,670.44,0.0000,0.0000,673.0,0.0,1.000,4096.0,0.000,0,0,4096000,1,1,0,0,0,1,1
3,i32,1,1024,glibc_default_fresh,M_TWIN,2,0,1000,675.91,0.0000,0.0000,678.0,0.0,1.000,4096.0,0.000,0,0,4096000,1,1,0,0,0,1,1
3,i32,1,1024,glibc_default_fresh,M,2,1,1000,615.31,0.0000,0.0000,619.0,0.0,1.000,4096.0,0.000,0,0,4096000,1,1,0,0,0,1,1
3,i32,1,1024,glibc_default_fresh,R,2,2,1000,633.87,0.0000,0.0000,637.0,0.0,1.000,4096.0,0.000,0,0,4096000,1,0,1,1,0,1,1
3,i32,1,1024,glibc_default_fresh,M,3,0,1000,686.83,0.0000,0.0000,689.0,0.0,1.000,4096.0,0.000,0,0,4096000,1,1,0,0,0,1,1
3,i32,1,1024,glibc_default_fresh,R,3,1,1000,572.82,0.0000,0.0000,576.0,0.0,1.000,4096.0,0.000,0,0,4096000,1,0,1,1,0,1,1
3,i32,1,1024,glibc_default_fresh,M_TWIN,3,2,1000,611.96,0.0000,0.0000,614.0,0.0,1.000,4096.0,0.000,0,0,4096000,1,1,0,0,0,1,1
3,i32,1,1024,glibc_default_fresh,R,4,0,1000,567.50,0.0000,0.0000,569.0,0.0,1.000,4096.0,0.000,0,0,4096000,1,0,1,1,0,1,1
3,i32,1,1024,glibc_default_fresh,M_TWIN,4,1,1000,606.26,0.0000,0.0000,609.0,0.0,1.000,4096.0,0.000,0,0,4096000,1,1,0,0,0,1,1
3,i32,1,1024,glibc_default_fresh,M,4,2,1000,781.10,0.0000,0.0000,785.0,0.0,1.000,4096.0,0.000,0,0,4096000,1,1,0,0,0,1,1
3,i32,1,1024,glibc_default_fresh,M_TWIN,5,0,1000,610.17,0.0000,0.0000,612.0,0.0,1.000,4096.0,0.000,0,0,4096000,1,1,0,0,0,1,1
3,i32,1,1024,glibc_default_fresh,M,5,1,1000,619.09,0.0000,0.0000,620.0,0.0,1.000,4096.0,0.000,0,0,4096000,1,1,0,0,0,1,1
3,i32,1,1024,glibc_default_fresh,R,5,2,1000,591.87,0.0000,0.0000,593.0,0.0,1.000,4096.0,0.000,0,0,4096000,1,0,1,1,0,1,1
3,i32,1,1024,glibc_default_fresh,M,6,0,1000,599.55,0.0000,0.0000,602.0,0.0,1.000,4096.0,0.000,0,0,4096000,1,1,0,0,0,1,1
3,i32,1,1024,glibc_default_fresh,R,6,1,1000,582.82,0.0000,0.0000,584.0,0.0,1.000,4096.0,0.000,0,0,4096000,1,0,1,1,0,1,1
3,i32,1,1024,glibc_default_fresh,M_TWIN,6,2,1000,626.03,0.0000,0.0000,628.0,0.0,1.000,4096.0,0.000,0,0,4096000,1,1,0,0,0,1,1
3,i32,1,1024,glibc_default_fresh,R,7,0,1000,594.89,0.0000,0.0000,596.0,0.0,1.000,4096.0,0.000,0,0,4096000,1,0,1,1,0,1,1
3,i32,1,1024,glibc_default_fresh,M_TWIN,7,1,1000,691.07,0.0000,0.0000,693.0,0.0,1.000,4096.0,0.000,0,0,4096000,1,1,0,0,0,1,1
3,i32,1,1024,glibc_default_fresh,M,7,2,1000,682.29,0.0000,0.0000,686.0,0.0,1.000,4096.0,0.000,0,0,4096000,1,1,0,0,0,1,1
3,i32,1,1024,glibc_default_fresh,M_TWIN,8,0,1000,577.25,0.0000,0.0000,580.0,0.0,1.000,4096.0,0.000,0,0,4096000,1,1,0,0,0,1,1
3,i32,1,1024,glibc_default_fresh,M,8,1,1000,594.48,0.0000,0.0000,597.0,0.0,1.000,4096.0,0.000,0,0,4096000,1,1,0,0,0,1,1
3,i32,1,1024,glibc_default_fresh,R,8,2,1000,570.87,0.0000,0.0000,574.0,0.0,1.000,4096.0,0.000,0,0,4096000,1,0,1,1,0,1,1
3,i32,1,1024,glibc_default_fresh,M,9,0,1000,607.90,0.0000,0.0000,610.0,0.0,1.000,4096.0,0.000,0,0,4096000,1,1,0,0,0,1,1
3,i32,1,1024,glibc_default_fresh,R,9,1,1000,596.03,0.0000,0.0000,598.0,0.0,1.000,4096.0,0.000,0,0,4096000,1,0,1,1,0,1,1
3,i32,1,1024,glibc_default_fresh,M_TWIN,9,2,1000,576.77,0.0000,0.0000,579.0,0.0,1.000,4096.0,0.000,0,0,4096000,1,1,0,0,0,1,1
3,i32,1,1024,glibc_default_fresh,R,10,0,1000,580.98,0.0000,0.0000,582.0,0.0,1.000,4096.0,0.000,0,0,4096000,1,0,1,1,0,1,1
3,i32,1,1024,glibc_default_fresh,M_TWIN,10,1,1000,612.91,0.0000,0.0000,615.0,0.0,1.000,4096.0,0.000,0,0,4096000,1,1,0,0,0,1,1
3,i32,1,1024,glibc_default_fresh,M,10,2,1000,624.58,0.0000,0.0000,627.0,0.0,1.000,4096.0,0.000,0,0,4096000,1,1,0,0,0,1,1
3,i32,1,1024,glibc_default_fresh,M_TWIN,11,0,1000,628.84,0.0000,0.0000,631.0,0.0,1.000,4096.0,0.000,0,0,4096000,1,1,0,0,0,1,1
3,i32,1,1024,glibc_default_fresh,M,11,1,1000,722.24,0.0000,0.0000,725.0,0.0,1.000,4096.0,0.000,0,0,4096000,1,1,0,0,0,1,1
3,i32,1,1024,glibc_default_fresh,R,11,2,1000,546.54,0.0000,0.0000,550.0,0.0,1.000,4096.0,0.000,0,0,4096000,1,0,1,1,0,1,1
3,i32,1,1024,glibc_default_fresh,M,12,0,1000,591.36,0.0000,0.0000,593.0,0.0,1.000,4096.0,0.000,0,0,4096000,1,1,0,0,0,1,1
3,i32,1,1024,glibc_default_fresh,R,12,1,1000,568.11,0.0000,0.0000,571.0,0.0,1.000,4096.0,0.000,0,0,4096000,1,0,1,1,0,1,1
3,i32,1,1024,glibc_default_fresh,M_TWIN,12,2,1000,635.65,0.0000,0.0000,638.0,0.0,1.000,4096.0,0.000,0,0,4096000,1,1,0,0,0,1,1
3,i32,1,1024,glibc_default_fresh,R,13,0,1000,587.83,0.0000,0.0000,590.0,0.0,1.000,4096.0,0.000,0,0,4096000,1,0,1,1,0,1,1
3,i32,1,1024,glibc_default_fresh,M_TWIN,13,1,1000,590.09,0.0000,0.0000,592.0,0.0,1.000,4096.0,0.000,0,0,4096000,1,1,0,0,0,1,1
3,i32,1,1024,glibc_default_fresh,M,13,2,1000,666.58,0.0000,0.0000,668.0,0.0,1.000,4096.0,0.000,0,0,4096000,1,1,0,0,0,1,1
3,i32,1,1024,glibc_default_fresh,M_TWIN,14,0,1000,620.96,0.0000,0.0000,623.0,0.0,1.000,4096.0,0.000,0,0,4096000,1,1,0,0,0,1,1
3,i32,1,1024,glibc_default_fresh,M,14,1,1000,599.17,0.0000,0.0000,601.0,0.0,1.000,4096.0,0.000,0,0,4096000,1,1,0,0,0,1,1
3,i32,1,1024,glibc_default_fresh,R,14,2,1000,625.84,0.0000,0.0000,628.0,0.0,1.000,4096.0,0.000,0,0,4096000,1,0,1,1,0,1,1
3,i32,1,4096,glibc_default_fresh,M,0,0,1,2574.00,3.0000,0.0000,18000.0,0.0,1.000,16384.0,0.000,0,0,16384,1,1,0,0,0,1,1
3,i32,1,4096,glibc_default_fresh,R,0,1,1,1382.00,0.0000,0.0000,2000.0,0.0,1.000,16384.0,0.000,0,0,16384,1,0,1,1,0,1,1
3,i32,1,4096,glibc_default_fresh,M_TWIN,0,2,1,2077.00,0.0000,0.0000,3000.0,0.0,1.000,16384.0,0.000,0,0,16384,1,1,0,0,0,1,1
3,i32,1,4096,glibc_default_fresh,R,1,0,1,1820.00,0.0000,0.0000,2000.0,0.0,1.000,16384.0,0.000,0,0,16384,1,0,1,1,0,1,1
3,i32,1,4096,glibc_default_fresh,M_TWIN,1,1,1,1801.00,0.0000,0.0000,2000.0,0.0,1.000,16384.0,0.000,0,0,16384,1,1,0,0,0,1,1
3,i32,1,4096,glibc_default_fresh,M,1,2,1,1913.00,0.0000,0.0000,3000.0,0.0,1.000,16384.0,0.000,0,0,16384,1,1,0,0,0,1,1
3,i32,1,4096,glibc_default_fresh,M_TWIN,2,0,1,2139.00,0.0000,0.0000,2000.0,0.0,1.000,16384.0,0.000,0,0,16384,1,1,0,0,0,1,1
3,i32,1,4096,glibc_default_fresh,M,2,1,1,19785.00,0.0000,0.0000,20000.0,0.0,1.000,16384.0,0.000,0,0,16384,1,1,0,0,0,1,1
3,i32,1,4096,glibc_default_fresh,R,2,2,1,1357.00,0.0000,0.0000,2000.0,0.0,1.000,16384.0,0.000,0,0,16384,1,0,1,1,0,1,1
3,i32,1,4096,glibc_default_fresh,M,3,0,1,1883.00,0.0000,0.0000,2000.0,0.0,1.000,16384.0,0.000,0,0,16384,1,1,0,0,0,1,1
3,i32,1,4096,glibc_default_fresh,R,3,1,1,1313.00,0.0000,0.0000,2000.0,0.0,1.000,16384.0,0.000,0,0,16384,1,0,1,1,0,1,1
3,i32,1,4096,glibc_default_fresh,M_TWIN,3,2,1,1884.00,0.0000,0.0000,3000.0,0.0,1.000,16384.0,0.000,0,0,16384,1,1,0,0,0,1,1
3,i32,1,4096,glibc_default_fresh,R,4,0,1,1320.00,0.0000,0.0000,1000.0,0.0,1.000,16384.0,0.000,0,0,16384,1,0,1,1,0,1,1
3,i32,1,4096,glibc_default_fresh,M_TWIN,4,1,1,1856.00,0.0000,0.0000,2000.0,0.0,1.000,16384.0,0.000,0,0,16384,1,1,0,0,0,1,1
3,i32,1,4096,glibc_default_fresh,M,4,2,1,1874.00,0.0000,0.0000,3000.0,0.0,1.000,16384.0,0.000,0,0,16384,1,1,0,0,0,1,1
3,i32,1,4096,glibc_default_fresh,M_TWIN,5,0,1,1995.00,0.0000,0.0000,2000.0,0.0,1.000,16384.0,0.000,0,0,16384,1,1,0,0,0,1,1
3,i32,1,4096,glibc_default_fresh,M,5,1,1,1846.00,0.0000,0.0000,2000.0,0.0,1.000,16384.0,0.000,0,0,16384,1,1,0,0,0,1,1
3,i32,1,4096,glibc_default_fresh,R,5,2,1,1311.00,0.0000,0.0000,2000.0,0.0,1.000,16384.0,0.000,0,0,16384,1,0,1,1,0,1,1
3,i32,1,4096,glibc_default_fresh,M,6,0,1,1792.00,0.0000,0.0000,2000.0,0.0,1.000,16384.0,0.000,0,0,16384,1,1,0,0,0,1,1
3,i32,1,4096,glibc_default_fresh,R,6,1,1,1346.00,0.0000,0.0000,2000.0,0.0,1.000,16384.0,0.000,0,0,16384,1,0,1,1,0,1,1
3,i32,1,4096,glibc_default_fresh,M_TWIN,6,2,1,1843.00,0.0000,0.0000,2000.0,0.0,1.000,16384.0,0.000,0,0,16384,1,1,0,0,0,1,1
3,i32,1,4096,glibc_default_fresh,R,7,0,1,1300.00,0.0000,0.0000,2000.0,0.0,1.000,16384.0,0.000,0,0,16384,1,0,1,1,0,1,1
3,i32,1,4096,glibc_default_fresh,M_TWIN,7,1,1,1829.00,0.0000,0.0000,2000.0,0.0,1.000,16384.0,0.000,0,0,16384,1,1,0,0,0,1,1
3,i32,1,4096,glibc_default_fresh,M,7,2,1,1765.00,0.0000,0.0000,2000.0,0.0,1.000,16384.0,0.000,0,0,16384,1,1,0,0,0,1,1
3,i32,1,4096,glibc_default_fresh,M_TWIN,8,0,1,1732.00,0.0000,0.0000,2000.0,0.0,1.000,16384.0,0.000,0,0,16384,1,1,0,0,0,1,1
3,i32,1,4096,glibc_default_fresh,M,8,1,1,1808.00,0.0000,0.0000,2000.0,0.0,1.000,16384.0,0.000,0,0,16384,1,1,0,0,0,1,1
3,i32,1,4096,glibc_default_fresh,R,8,2,1,1336.00,0.0000,0.0000,1000.0,0.0,1.000,16384.0,0.000,0,0,16384,1,0,1,1,0,1,1
3,i32,1,4096,glibc_default_fresh,M,9,0,1,1749.00,0.0000,0.0000,2000.0,0.0,1.000,16384.0,0.000,0,0,16384,1,1,0,0,0,1,1
3,i32,1,4096,glibc_default_fresh,R,9,1,1,1330.00,0.0000,0.0000,1000.0,0.0,1.000,16384.0,0.000,0,0,16384,1,0,1,1,0,1,1
3,i32,1,4096,glibc_default_fresh,M_TWIN,9,2,1,1864.00,0.0000,0.0000,2000.0,0.0,1.000,16384.0,0.000,0,0,16384,1,1,0,0,0,1,1
3,i32,1,4096,glibc_default_fresh,R,10,0,1,1331.00,0.0000,0.0000,2000.0,0.0,1.000,16384.0,0.000,0,0,16384,1,0,1,1,0,1,1
3,i32,1,4096,glibc_default_fresh,M_TWIN,10,1,1,1741.00,0.0000,0.0000,2000.0,0.0,1.000,16384.0,0.000,0,0,16384,1,1,0,0,0,1,1
3,i32,1,4096,glibc_default_fresh,M,10,2,1,1915.00,0.0000,0.0000,2000.0,0.0,1.000,16384.0,0.000,0,0,16384,1,1,0,0,0,1,1
3,i32,1,4096,glibc_default_fresh,M_TWIN,11,0,1,1909.00,0.0000,0.0000,2000.0,0.0,1.000,16384.0,0.000,0,0,16384,1,1,0,0,0,1,1
3,i32,1,4096,glibc_default_fresh,M,11,1,1,1751.00,0.0000,0.0000,2000.0,0.0,1.000,16384.0,0.000,0,0,16384,1,1,0,0,0,1,1
3,i32,1,4096,glibc_default_fresh,R,11,2,1,1319.00,0.0000,0.0000,2000.0,0.0,1.000,16384.0,0.000,0,0,16384,1,0,1,1,0,1,1
3,i32,1,4096,glibc_default_fresh,M,12,0,1,1752.00,0.0000,0.0000,2000.0,0.0,1.000,16384.0,0.000,0,0,16384,1,1,0,0,0,1,1
3,i32,1,4096,glibc_default_fresh,R,12,1,1,1307.00,0.0000,0.0000,2000.0,0.0,1.000,16384.0,0.000,0,0,16384,1,0,1,1,0,1,1
3,i32,1,4096,glibc_default_fresh,M_TWIN,12,2,1,1713.00,0.0000,0.0000,2000.0,0.0,1.000,16384.0,0.000,0,0,16384,1,1,0,0,0,1,1
3,i32,1,4096,glibc_default_fresh,R,13,0,1,1347.00,0.0000,0.0000,2000.0,0.0,1.000,16384.0,0.000,0,0,16384,1,0,1,1,0,1,1
3,i32,1,4096,glibc_default_fresh,M_TWIN,13,1,1,1822.00,0.0000,0.0000,2000.0,0.0,1.000,16384.0,0.000,0,0,16384,1,1,0,0,0,1,1
3,i32,1,4096,glibc_default_fresh,M,13,2,1,1943.00,0.0000,0.0000,3000.0,0.0,1.000,16384.0,0.000,0,0,16384,1,1,0,0,0,1,1
3,i32,1,4096,glibc_default_fresh,M_TWIN,14,0,1,1851.00,0.0000,0.0000,2000.0,0.0,1.000,16384.0,0.000,0,0,16384,1,1,0,0,0,1,1
3,i32,1,4096,glibc_default_fresh,M,14,1,1,1781.00,0.0000,0.0000,2000.0,0.0,1.000,16384.0,0.000,0,0,16384,1,1,0,0,0,1,1
3,i32,1,4096,glibc_default_fresh,R,14,2,1,1383.00,0.0000,0.0000,1000.0,0.0,1.000,16384.0,0.000,0,0,16384,1,0,1,1,0,1,1
3,i32,1,16384,glibc_default_fresh,M,0,0,1,5649.00,2.0000,0.0000,0.0,17000.0,1.000,65536.0,0.000,0,0,65536,1,1,0,0,0,1,1
3,i32,1,16384,glibc_default_fresh,R,0,1,1,4106.00,0.0000,0.0000,0.0,4000.0,1.000,65536.0,0.000,0,0,65536,1,0,1,1,0,1,1
3,i32,1,16384,glibc_default_fresh,M_TWIN,0,2,1,5507.00,0.0000,0.0000,0.0,6000.0,1.000,65536.0,0.000,0,0,65536,1,1,0,0,0,1,1
3,i32,1,16384,glibc_default_fresh,R,1,0,1,3990.00,0.0000,0.0000,0.0,5000.0,1.000,65536.0,0.000,0,0,65536,1,0,1,1,0,1,1
3,i32,1,16384,glibc_default_fresh,M_TWIN,1,1,1,5502.00,0.0000,0.0000,0.0,6000.0,1.000,65536.0,0.000,0,0,65536,1,1,0,0,0,1,1
3,i32,1,16384,glibc_default_fresh,M,1,2,1,5594.00,0.0000,0.0000,0.0,6000.0,1.000,65536.0,0.000,0,0,65536,1,1,0,0,0,1,1
3,i32,1,16384,glibc_default_fresh,M_TWIN,2,0,1,5492.00,0.0000,0.0000,0.0,6000.0,1.000,65536.0,0.000,0,0,65536,1,1,0,0,0,1,1
3,i32,1,16384,glibc_default_fresh,M,2,1,1,5517.00,0.0000,0.0000,0.0,6000.0,1.000,65536.0,0.000,0,0,65536,1,1,0,0,0,1,1
3,i32,1,16384,glibc_default_fresh,R,2,2,1,4072.00,0.0000,0.0000,0.0,5000.0,1.000,65536.0,0.000,0,0,65536,1,0,1,1,0,1,1
3,i32,1,16384,glibc_default_fresh,M,3,0,1,5846.00,0.0000,0.0000,0.0,6000.0,1.000,65536.0,0.000,0,0,65536,1,1,0,0,0,1,1
3,i32,1,16384,glibc_default_fresh,R,3,1,1,4095.00,0.0000,0.0000,0.0,5000.0,1.000,65536.0,0.000,0,0,65536,1,0,1,1,0,1,1
3,i32,1,16384,glibc_default_fresh,M_TWIN,3,2,1,5501.00,0.0000,0.0000,0.0,6000.0,1.000,65536.0,0.000,0,0,65536,1,1,0,0,0,1,1
3,i32,1,16384,glibc_default_fresh,R,4,0,1,3986.00,0.0000,0.0000,0.0,4000.0,1.000,65536.0,0.000,0,0,65536,1,0,1,1,0,1,1
3,i32,1,16384,glibc_default_fresh,M_TWIN,4,1,1,5537.00,0.0000,0.0000,0.0,6000.0,1.000,65536.0,0.000,0,0,65536,1,1,0,0,0,1,1
3,i32,1,16384,glibc_default_fresh,M,4,2,1,5538.00,0.0000,0.0000,0.0,6000.0,1.000,65536.0,0.000,0,0,65536,1,1,0,0,0,1,1
3,i32,1,16384,glibc_default_fresh,M_TWIN,5,0,1,5486.00,0.0000,0.0000,0.0,6000.0,1.000,65536.0,0.000,0,0,65536,1,1,0,0,0,1,1
3,i32,1,16384,glibc_default_fresh,M,5,1,1,4660.00,0.0000,0.0000,0.0,5000.0,1.000,65536.0,0.000,0,0,65536,1,1,0,0,0,1,1
3,i32,1,16384,glibc_default_fresh,R,5,2,1,4077.00,0.0000,0.0000,0.0,5000.0,1.000,65536.0,0.000,0,0,65536,1,0,1,1,0,1,1
3,i32,1,16384,glibc_default_fresh,M,6,0,1,5513.00,0.0000,0.0000,0.0,6000.0,1.000,65536.0,0.000,0,0,65536,1,1,0,0,0,1,1
3,i32,1,16384,glibc_default_fresh,R,6,1,1,3976.00,0.0000,0.0000,0.0,4000.0,1.000,65536.0,0.000,0,0,65536,1,0,1,1,0,1,1
3,i32,1,16384,glibc_default_fresh,M_TWIN,6,2,1,38676.00,0.0000,0.0000,39000.0,0.0,1.000,65536.0,0.000,0,0,65536,1,1,0,0,0,1,1
3,i32,1,16384,glibc_default_fresh,R,7,0,1,4228.00,0.0000,0.0000,5000.0,0.0,1.000,65536.0,0.000,0,0,65536,1,0,1,1,0,1,1
3,i32,1,16384,glibc_default_fresh,M_TWIN,7,1,1,5662.00,0.0000,0.0000,6000.0,0.0,1.000,65536.0,0.000,0,0,65536,1,1,0,0,0,1,1
3,i32,1,16384,glibc_default_fresh,M,7,2,1,4713.00,0.0000,0.0000,6000.0,0.0,1.000,65536.0,0.000,0,0,65536,1,1,0,0,0,1,1
3,i32,1,16384,glibc_default_fresh,M_TWIN,8,0,1,5521.00,0.0000,0.0000,6000.0,0.0,1.000,65536.0,0.000,0,0,65536,1,1,0,0,0,1,1
3,i32,1,16384,glibc_default_fresh,M,8,1,1,5526.00,0.0000,0.0000,6000.0,0.0,1.000,65536.0,0.000,0,0,65536,1,1,0,0,0,1,1
3,i32,1,16384,glibc_default_fresh,R,8,2,1,4103.00,0.0000,0.0000,5000.0,0.0,1.000,65536.0,0.000,0,0,65536,1,0,1,1,0,1,1
3,i32,1,16384,glibc_default_fresh,M,9,0,1,5470.00,0.0000,0.0000,6000.0,0.0,1.000,65536.0,0.000,0,0,65536,1,1,0,0,0,1,1
3,i32,1,16384,glibc_default_fresh,R,9,1,1,4077.00,0.0000,0.0000,5000.0,0.0,1.000,65536.0,0.000,0,0,65536,1,0,1,1,0,1,1
3,i32,1,16384,glibc_default_fresh,M_TWIN,9,2,1,5580.00,0.0000,0.0000,6000.0,0.0,1.000,65536.0,0.000,0,0,65536,1,1,0,0,0,1,1
3,i32,1,16384,glibc_default_fresh,R,10,0,1,4020.00,0.0000,0.0000,4000.0,0.0,1.000,65536.0,0.000,0,0,65536,1,0,1,1,0,1,1
3,i32,1,16384,glibc_default_fresh,M_TWIN,10,1,1,5506.00,0.0000,0.0000,6000.0,0.0,1.000,65536.0,0.000,0,0,65536,1,1,0,0,0,1,1
3,i32,1,16384,glibc_default_fresh,M,10,2,1,5495.00,0.0000,0.0000,6000.0,0.0,1.000,65536.0,0.000,0,0,65536,1,1,0,0,0,1,1
3,i32,1,16384,glibc_default_fresh,M_TWIN,11,0,1,5497.00,0.0000,0.0000,6000.0,0.0,1.000,65536.0,0.000,0,0,65536,1,1,0,0,0,1,1
3,i32,1,16384,glibc_default_fresh,M,11,1,1,5445.00,0.0000,0.0000,6000.0,0.0,1.000,65536.0,0.000,0,0,65536,1,1,0,0,0,1,1
3,i32,1,16384,glibc_default_fresh,R,11,2,1,3991.00,0.0000,0.0000,4000.0,0.0,1.000,65536.0,0.000,0,0,65536,1,0,1,1,0,1,1
3,i32,1,16384,glibc_default_fresh,M,12,0,1,5476.00,0.0000,0.0000,6000.0,0.0,1.000,65536.0,0.000,0,0,65536,1,1,0,0,0,1,1
3,i32,1,16384,glibc_default_fresh,R,12,1,1,4031.00,0.0000,0.0000,4000.0,0.0,1.000,65536.0,0.000,0,0,65536,1,0,1,1,0,1,1
3,i32,1,16384,glibc_default_fresh,M_TWIN,12,2,1,5494.00,0.0000,0.0000,6000.0,0.0,1.000,65536.0,0.000,0,0,65536,1,1,0,0,0,1,1
3,i32,1,16384,glibc_default_fresh,R,13,0,1,4035.00,0.0000,0.0000,5000.0,0.0,1.000,65536.0,0.000,0,0,65536,1,0,1,1,0,1,1
3,i32,1,16384,glibc_default_fresh,M_TWIN,13,1,1,5520.00,0.0000,0.0000,6000.0,0.0,1.000,65536.0,0.000,0,0,65536,1,1,0,0,0,1,1
3,i32,1,16384,glibc_default_fresh,M,13,2,1,5449.00,0.0000,0.0000,6000.0,0.0,1.000,65536.0,0.000,0,0,65536,1,1,0,0,0,1,1
3,i32,1,16384,glibc_default_fresh,M_TWIN,14,0,1,5503.00,0.0000,0.0000,6000.0,0.0,1.000,65536.0,0.000,0,0,65536,1,1,0,0,0,1,1
3,i32,1,16384,glibc_default_fresh,M,14,1,1,5496.00,0.0000,0.0000,6000.0,0.0,1.000,65536.0,0.000,0,0,65536,1,1,0,0,0,1,1
3,i32,1,16384,glibc_default_fresh,R,14,2,1,4044.00,0.0000,0.0000,5000.0,0.0,1.000,65536.0,0.000,0,0,65536,1,0,1,1,0,1,1
3,i32,1,65536,glibc_default_fresh,M,0,0,1,20901.00,2.0000,0.0000,16000.0,16000.0,1.000,262144.0,0.000,0,0,262144,1,1,0,0,0,1,1
3,i32,1,65536,glibc_default_fresh,R,0,1,1,14607.00,0.0000,0.0000,7000.0,7000.0,1.000,262144.0,0.000,0,0,262144,1,0,1,1,0,1,1
3,i32,1,65536,glibc_default_fresh,M_TWIN,0,2,1,20336.00,0.0000,0.0000,11000.0,11000.0,1.000,262144.0,0.000,0,0,262144,1,1,0,0,0,1,1
3,i32,1,65536,glibc_default_fresh,R,1,0,1,14379.00,0.0000,0.0000,7000.0,7000.0,1.000,262144.0,0.000,0,0,262144,1,0,1,1,0,1,1
3,i32,1,65536,glibc_default_fresh,M_TWIN,1,1,1,20327.00,0.0000,0.0000,10000.0,10000.0,1.000,262144.0,0.000,0,0,262144,1,1,0,0,0,1,1
3,i32,1,65536,glibc_default_fresh,M,1,2,1,21455.00,0.0000,0.0000,11000.0,11000.0,1.000,262144.0,0.000,0,0,262144,1,1,0,0,0,1,1
3,i32,1,65536,glibc_default_fresh,M_TWIN,2,0,1,26218.00,0.0000,0.0000,14000.0,14000.0,1.000,262144.0,0.000,0,0,262144,1,1,0,0,0,1,1
3,i32,1,65536,glibc_default_fresh,M,2,1,1,20402.00,0.0000,0.0000,10000.0,10000.0,1.000,262144.0,0.000,0,0,262144,1,1,0,0,0,1,1
3,i32,1,65536,glibc_default_fresh,R,2,2,1,15907.00,0.0000,0.0000,8000.0,8000.0,1.000,262144.0,0.000,0,0,262144,1,0,1,1,0,1,1
3,i32,1,65536,glibc_default_fresh,M,3,0,1,21064.00,0.0000,0.0000,10000.0,10000.0,1.000,262144.0,0.000,0,0,262144,1,1,0,0,0,1,1
3,i32,1,65536,glibc_default_fresh,R,3,1,1,14396.00,0.0000,0.0000,8000.0,8000.0,1.000,262144.0,0.000,0,0,262144,1,0,1,1,0,1,1
3,i32,1,65536,glibc_default_fresh,M_TWIN,3,2,1,27757.00,0.0000,0.0000,14000.0,14000.0,1.000,262144.0,0.000,0,0,262144,1,1,0,0,0,1,1
3,i32,1,65536,glibc_default_fresh,R,4,0,1,14566.00,0.0000,0.0000,8000.0,8000.0,1.000,262144.0,0.000,0,0,262144,1,0,1,1,0,1,1
3,i32,1,65536,glibc_default_fresh,M_TWIN,4,1,1,20574.00,0.0000,0.0000,11000.0,11000.0,1.000,262144.0,0.000,0,0,262144,1,1,0,0,0,1,1
3,i32,1,65536,glibc_default_fresh,M,4,2,1,20437.00,0.0000,0.0000,11000.0,11000.0,1.000,262144.0,0.000,0,0,262144,1,1,0,0,0,1,1
3,i32,1,65536,glibc_default_fresh,M_TWIN,5,0,1,20533.00,0.0000,0.0000,10000.0,10000.0,1.000,262144.0,0.000,0,0,262144,1,1,0,0,0,1,1
3,i32,1,65536,glibc_default_fresh,M,5,1,1,21200.00,0.0000,0.0000,11000.0,11000.0,1.000,262144.0,0.000,0,0,262144,1,1,0,0,0,1,1
3,i32,1,65536,glibc_default_fresh,R,5,2,1,14912.00,0.0000,0.0000,8000.0,8000.0,1.000,262144.0,0.000,0,0,262144,1,0,1,1,0,1,1
3,i32,1,65536,glibc_default_fresh,M,6,0,1,21213.00,0.0000,0.0000,11000.0,11000.0,1.000,262144.0,0.000,0,0,262144,1,1,0,0,0,1,1
3,i32,1,65536,glibc_default_fresh,R,6,1,1,14753.00,0.0000,0.0000,7000.0,7000.0,1.000,262144.0,0.000,0,0,262144,1,0,1,1,0,1,1
3,i32,1,65536,glibc_default_fresh,M_TWIN,6,2,1,20788.00,0.0000,0.0000,11000.0,11000.0,1.000,262144.0,0.000,0,0,262144,1,1,0,0,0,1,1
3,i32,1,65536,glibc_default_fresh,R,7,0,1,15566.00,0.0000,0.0000,8000.0,8000.0,1.000,262144.0,0.000,0,0,262144,1,0,1,1,0,1,1
3,i32,1,65536,glibc_default_fresh,M_TWIN,7,1,1,20360.00,0.0000,0.0000,11000.0,11000.0,1.000,262144.0,0.000,0,0,262144,1,1,0,0,0,1,1
3,i32,1,65536,glibc_default_fresh,M,7,2,1,20557.00,0.0000,0.0000,10000.0,10000.0,1.000,262144.0,0.000,0,0,262144,1,1,0,0,0,1,1
3,i32,1,65536,glibc_default_fresh,M_TWIN,8,0,1,20530.00,0.0000,0.0000,10000.0,10000.0,1.000,262144.0,0.000,0,0,262144,1,1,0,0,0,1,1
3,i32,1,65536,glibc_default_fresh,M,8,1,1,20357.00,0.0000,0.0000,11000.0,11000.0,1.000,262144.0,0.000,0,0,262144,1,1,0,0,0,1,1
3,i32,1,65536,glibc_default_fresh,R,8,2,1,15176.00,0.0000,0.0000,7000.0,7000.0,1.000,262144.0,0.000,0,0,262144,1,0,1,1,0,1,1
3,i32,1,65536,glibc_default_fresh,M,9,0,1,21103.00,0.0000,0.0000,11000.0,11000.0,1.000,262144.0,0.000,0,0,262144,1,1,0,0,0,1,1
3,i32,1,65536,glibc_default_fresh,R,9,1,1,14432.00,0.0000,0.0000,7000.0,7000.0,1.000,262144.0,0.000,0,0,262144,1,0,1,1,0,1,1
3,i32,1,65536,glibc_default_fresh,M_TWIN,9,2,1,23530.00,0.0000,0.0000,12000.0,12000.0,1.000,262144.0,0.000,0,0,262144,1,1,0,0,0,1,1
3,i32,1,65536,glibc_default_fresh,R,10,0,1,14541.00,0.0000,0.0000,7000.0,7000.0,1.000,262144.0,0.000,0,0,262144,1,0,1,1,0,1,1
3,i32,1,65536,glibc_default_fresh,M_TWIN,10,1,1,24914.00,0.0000,0.0000,13000.0,13000.0,1.000,262144.0,0.000,0,0,262144,1,1,0,0,0,1,1
3,i32,1,65536,glibc_default_fresh,M,10,2,1,20478.00,0.0000,0.0000,10000.0,10000.0,1.000,262144.0,0.000,0,0,262144,1,1,0,0,0,1,1
3,i32,1,65536,glibc_default_fresh,M_TWIN,11,0,1,20502.00,0.0000,0.0000,11000.0,11000.0,1.000,262144.0,0.000,0,0,262144,1,1,0,0,0,1,1
3,i32,1,65536,glibc_default_fresh,M,11,1,1,20424.00,0.0000,0.0000,11000.0,11000.0,1.000,262144.0,0.000,0,0,262144,1,1,0,0,0,1,1
3,i32,1,65536,glibc_default_fresh,R,11,2,1,14608.00,0.0000,0.0000,8000.0,8000.0,1.000,262144.0,0.000,0,0,262144,1,0,1,1,0,1,1
3,i32,1,65536,glibc_default_fresh,M,12,0,1,20540.00,0.0000,0.0000,10000.0,10000.0,1.000,262144.0,0.000,0,0,262144,1,1,0,0,0,1,1
3,i32,1,65536,glibc_default_fresh,R,12,1,1,14419.00,0.0000,0.0000,8000.0,8000.0,1.000,262144.0,0.000,0,0,262144,1,0,1,1,0,1,1
3,i32,1,65536,glibc_default_fresh,M_TWIN,12,2,1,34618.00,0.0000,0.0000,17000.0,17000.0,1.000,262144.0,0.000,0,0,262144,1,1,0,0,0,1,1
3,i32,1,65536,glibc_default_fresh,R,13,0,1,14765.00,0.0000,0.0000,8000.0,8000.0,1.000,262144.0,0.000,0,0,262144,1,0,1,1,0,1,1
3,i32,1,65536,glibc_default_fresh,M_TWIN,13,1,1,20443.00,0.0000,0.0000,10000.0,10000.0,1.000,262144.0,0.000,0,0,262144,1,1,0,0,0,1,1
3,i32,1,65536,glibc_default_fresh,M,13,2,1,21171.00,0.0000,0.0000,11000.0,11000.0,1.000,262144.0,0.000,0,0,262144,1,1,0,0,0,1,1
3,i32,1,65536,glibc_default_fresh,M_TWIN,14,0,1,22433.00,0.0000,0.0000,11000.0,11000.0,1.000,262144.0,0.000,0,0,262144,1,1,0,0,0,1,1
3,i32,1,65536,glibc_default_fresh,M,14,1,1,21002.00,0.0000,0.0000,11000.0,11000.0,1.000,262144.0,0.000,0,0,262144,1,1,0,0,0,1,1
3,i32,1,65536,glibc_default_fresh,R,14,2,1,14435.00,0.0000,0.0000,8000.0,8000.0,1.000,262144.0,0.000,0,0,262144,1,0,1,1,0,1,1
3,i32,1,262144,glibc_default_fresh,M,0,0,1,175566.00,2.0000,0.0000,126000.0,63000.0,1.000,1048576.0,0.000,0,0,1048576,1,1,0,0,0,1,1
3,i32,1,262144,glibc_default_fresh,R,0,1,1,150562.00,0.0000,0.0000,101000.0,51000.0,1.000,1048576.0,0.000,0,0,1048576,1,0,1,1,0,1,1
3,i32,1,262144,glibc_default_fresh,M_TWIN,0,2,1,183103.00,0.0000,0.0000,123000.0,62000.0,1.000,1048576.0,0.000,0,0,1048576,1,1,0,0,0,1,1
3,i32,1,262144,glibc_default_fresh,R,1,0,1,157254.00,0.0000,0.0000,106000.0,54000.0,1.000,1048576.0,0.000,0,0,1048576,1,0,1,1,0,1,1
3,i32,1,262144,glibc_default_fresh,M_TWIN,1,1,1,212274.00,0.0000,0.0000,214000.0,0.0,1.000,1048576.0,0.000,0,0,1048576,1,1,0,0,0,1,1
3,i32,1,262144,glibc_default_fresh,M,1,2,1,221926.00,0.0000,0.0000,225000.0,0.0,1.000,1048576.0,0.000,0,0,1048576,1,1,0,0,0,1,1
3,i32,1,262144,glibc_default_fresh,M_TWIN,2,0,1,174859.00,0.0000,0.0000,177000.0,0.0,1.000,1048576.0,0.000,0,0,1048576,1,1,0,0,0,1,1
3,i32,1,262144,glibc_default_fresh,M,2,1,1,174863.00,0.0000,0.0000,176000.0,0.0,1.000,1048576.0,0.000,0,0,1048576,1,1,0,0,0,1,1
3,i32,1,262144,glibc_default_fresh,R,2,2,1,152600.00,0.0000,0.0000,155000.0,0.0,1.000,1048576.0,0.000,0,0,1048576,1,0,1,1,0,1,1
3,i32,1,262144,glibc_default_fresh,M,3,0,1,175733.00,0.0000,0.0000,177000.0,0.0,1.000,1048576.0,0.000,0,0,1048576,1,1,0,0,0,1,1
3,i32,1,262144,glibc_default_fresh,R,3,1,1,158894.00,0.0000,0.0000,161000.0,0.0,1.000,1048576.0,0.000,0,0,1048576,1,0,1,1,0,1,1
3,i32,1,262144,glibc_default_fresh,M_TWIN,3,2,1,177268.00,0.0000,0.0000,179000.0,0.0,1.000,1048576.0,0.000,0,0,1048576,1,1,0,0,0,1,1
3,i32,1,262144,glibc_default_fresh,R,4,0,1,172265.00,0.0000,0.0000,174000.0,0.0,1.000,1048576.0,0.000,0,0,1048576,1,0,1,1,0,1,1
3,i32,1,262144,glibc_default_fresh,M_TWIN,4,1,1,175443.00,0.0000,0.0000,177000.0,0.0,1.000,1048576.0,0.000,0,0,1048576,1,1,0,0,0,1,1
3,i32,1,262144,glibc_default_fresh,M,4,2,1,197407.00,0.0000,0.0000,199000.0,0.0,1.000,1048576.0,0.000,0,0,1048576,1,1,0,0,0,1,1
3,i32,1,262144,glibc_default_fresh,M_TWIN,5,0,1,193086.00,0.0000,0.0000,196000.0,0.0,1.000,1048576.0,0.000,0,0,1048576,1,1,0,0,0,1,1
3,i32,1,262144,glibc_default_fresh,M,5,1,1,174634.00,0.0000,0.0000,177000.0,0.0,1.000,1048576.0,0.000,0,0,1048576,1,1,0,0,0,1,1
3,i32,1,262144,glibc_default_fresh,R,5,2,1,150182.00,0.0000,0.0000,152000.0,0.0,1.000,1048576.0,0.000,0,0,1048576,1,0,1,1,0,1,1
3,i32,1,262144,glibc_default_fresh,M,6,0,1,209731.00,0.0000,0.0000,211000.0,0.0,1.000,1048576.0,0.000,0,0,1048576,1,1,0,0,0,1,1
3,i32,1,262144,glibc_default_fresh,R,6,1,1,155492.00,0.0000,0.0000,158000.0,0.0,1.000,1048576.0,0.000,0,0,1048576,1,0,1,1,0,1,1
3,i32,1,262144,glibc_default_fresh,M_TWIN,6,2,1,176585.00,0.0000,0.0000,178000.0,0.0,1.000,1048576.0,0.000,0,0,1048576,1,1,0,0,0,1,1
3,i32,1,262144,glibc_default_fresh,R,7,0,1,183913.00,0.0000,0.0000,186000.0,0.0,1.000,1048576.0,0.000,0,0,1048576,1,0,1,1,0,1,1
3,i32,1,262144,glibc_default_fresh,M_TWIN,7,1,1,186565.00,0.0000,0.0000,189000.0,0.0,1.000,1048576.0,0.000,0,0,1048576,1,1,0,0,0,1,1
3,i32,1,262144,glibc_default_fresh,M,7,2,1,181168.00,0.0000,0.0000,183000.0,0.0,1.000,1048576.0,0.000,0,0,1048576,1,1,0,0,0,1,1
3,i32,1,262144,glibc_default_fresh,M_TWIN,8,0,1,175329.00,0.0000,0.0000,178000.0,0.0,1.000,1048576.0,0.000,0,0,1048576,1,1,0,0,0,1,1
3,i32,1,262144,glibc_default_fresh,M,8,1,1,175212.00,0.0000,0.0000,177000.0,0.0,1.000,1048576.0,0.000,0,0,1048576,1,1,0,0,0,1,1
3,i32,1,262144,glibc_default_fresh,R,8,2,1,155753.00,0.0000,0.0000,157000.0,0.0,1.000,1048576.0,0.000,0,0,1048576,1,0,1,1,0,1,1
3,i32,1,262144,glibc_default_fresh,M,9,0,1,177030.00,0.0000,0.0000,178000.0,0.0,1.000,1048576.0,0.000,0,0,1048576,1,1,0,0,0,1,1
3,i32,1,262144,glibc_default_fresh,R,9,1,1,180483.00,0.0000,0.0000,183000.0,0.0,1.000,1048576.0,0.000,0,0,1048576,1,0,1,1,0,1,1
3,i32,1,262144,glibc_default_fresh,M_TWIN,9,2,1,175674.00,0.0000,0.0000,178000.0,0.0,1.000,1048576.0,0.000,0,0,1048576,1,1,0,0,0,1,1
3,i32,1,262144,glibc_default_fresh,R,10,0,1,149807.00,0.0000,0.0000,151000.0,0.0,1.000,1048576.0,0.000,0,0,1048576,1,0,1,1,0,1,1
3,i32,1,262144,glibc_default_fresh,M_TWIN,10,1,1,193588.00,0.0000,0.0000,196000.0,0.0,1.000,1048576.0,0.000,0,0,1048576,1,1,0,0,0,1,1
3,i32,1,262144,glibc_default_fresh,M,10,2,1,224540.00,0.0000,0.0000,227000.0,0.0,1.000,1048576.0,0.000,0,0,1048576,1,1,0,0,0,1,1
3,i32,1,262144,glibc_default_fresh,M_TWIN,11,0,1,176242.00,0.0000,0.0000,178000.0,0.0,1.000,1048576.0,0.000,0,0,1048576,1,1,0,0,0,1,1
3,i32,1,262144,glibc_default_fresh,M,11,1,1,174889.00,0.0000,0.0000,176000.0,0.0,1.000,1048576.0,0.000,0,0,1048576,1,1,0,0,0,1,1
3,i32,1,262144,glibc_default_fresh,R,11,2,1,151327.00,0.0000,0.0000,152000.0,0.0,1.000,1048576.0,0.000,0,0,1048576,1,0,1,1,0,1,1
3,i32,1,262144,glibc_default_fresh,M,12,0,1,177772.00,0.0000,0.0000,179000.0,0.0,1.000,1048576.0,0.000,0,0,1048576,1,1,0,0,0,1,1
3,i32,1,262144,glibc_default_fresh,R,12,1,1,170287.00,0.0000,0.0000,172000.0,0.0,1.000,1048576.0,0.000,0,0,1048576,1,0,1,1,0,1,1
3,i32,1,262144,glibc_default_fresh,M_TWIN,12,2,1,175667.00,0.0000,0.0000,176000.0,0.0,1.000,1048576.0,0.000,0,0,1048576,1,1,0,0,0,1,1
3,i32,1,262144,glibc_default_fresh,R,13,0,1,150288.00,0.0000,0.0000,151000.0,0.0,1.000,1048576.0,0.000,0,0,1048576,1,0,1,1,0,1,1
3,i32,1,262144,glibc_default_fresh,M_TWIN,13,1,1,175884.00,0.0000,0.0000,177000.0,0.0,1.000,1048576.0,0.000,0,0,1048576,1,1,0,0,0,1,1
3,i32,1,262144,glibc_default_fresh,M,13,2,1,175204.00,0.0000,0.0000,176000.0,0.0,1.000,1048576.0,0.000,0,0,1048576,1,1,0,0,0,1,1
3,i32,1,262144,glibc_default_fresh,M_TWIN,14,0,1,194413.00,0.0000,0.0000,196000.0,0.0,1.000,1048576.0,0.000,0,0,1048576,1,1,0,0,0,1,1
3,i32,1,262144,glibc_default_fresh,M,14,1,1,176160.00,0.0000,0.0000,178000.0,0.0,1.000,1048576.0,0.000,0,0,1048576,1,1,0,0,0,1,1
3,i32,1,262144,glibc_default_fresh,R,14,2,1,179831.00,0.0000,0.0000,182000.0,0.0,1.000,1048576.0,0.000,0,0,1048576,1,0,1,1,0,1,1
3,i32,1,1048576,glibc_default_fresh,M,0,0,1,1290853.00,2.0000,0.0000,1313000.0,0.0,1.000,4194304.0,0.000,0,0,4194304,1,1,0,0,0,1,1
3,i32,1,1048576,glibc_default_fresh,R,0,1,1,1060436.00,0.0000,0.0000,1064000.0,0.0,1.000,4194304.0,0.000,0,0,4194304,1,0,1,1,0,1,1
3,i32,1,1048576,glibc_default_fresh,M_TWIN,0,2,1,1225633.00,0.0000,0.0000,1229000.0,0.0,1.000,4194304.0,0.000,0,0,4194304,1,1,0,0,0,1,1
3,i32,1,1048576,glibc_default_fresh,R,1,0,1,1090523.00,0.0000,0.0000,1094000.0,0.0,1.000,4194304.0,0.000,0,0,4194304,1,0,1,1,0,1,1
3,i32,1,1048576,glibc_default_fresh,M_TWIN,1,1,1,1254173.00,0.0000,0.0000,1257000.0,0.0,1.000,4194304.0,0.000,0,0,4194304,1,1,0,0,0,1,1
3,i32,1,1048576,glibc_default_fresh,M,1,2,1,1233430.00,0.0000,0.0000,1237000.0,0.0,1.000,4194304.0,0.000,0,0,4194304,1,1,0,0,0,1,1
3,i32,1,1048576,glibc_default_fresh,M_TWIN,2,0,1,1235207.00,0.0000,0.0000,1239000.0,0.0,1.000,4194304.0,0.000,0,0,4194304,1,1,0,0,0,1,1
3,i32,1,1048576,glibc_default_fresh,M,2,1,1,1285210.00,0.0000,0.0000,1288000.0,0.0,1.000,4194304.0,0.000,0,0,4194304,1,1,0,0,0,1,1
3,i32,1,1048576,glibc_default_fresh,R,2,2,1,1071814.00,0.0000,0.0000,1076000.0,0.0,1.000,4194304.0,0.000,0,0,4194304,1,0,1,1,0,1,1
3,i32,1,1048576,glibc_default_fresh,M,3,0,1,1214851.00,0.0000,0.0000,1218000.0,0.0,1.000,4194304.0,0.000,0,0,4194304,1,1,0,0,0,1,1
3,i32,1,1048576,glibc_default_fresh,R,3,1,1,1070777.00,0.0000,0.0000,1074000.0,0.0,1.000,4194304.0,0.000,0,0,4194304,1,0,1,1,0,1,1
3,i32,1,1048576,glibc_default_fresh,M_TWIN,3,2,1,849302.00,0.0000,0.0000,853000.0,0.0,1.000,4194304.0,0.000,0,0,4194304,1,1,0,0,0,1,1
3,i32,1,1048576,glibc_default_fresh,R,4,0,1,624762.00,0.0000,0.0000,628000.0,0.0,1.000,4194304.0,0.000,0,0,4194304,1,0,1,1,0,1,1
3,i32,1,1048576,glibc_default_fresh,M_TWIN,4,1,1,784311.00,0.0000,0.0000,787000.0,0.0,1.000,4194304.0,0.000,0,0,4194304,1,1,0,0,0,1,1
3,i32,1,1048576,glibc_default_fresh,M,4,2,1,785521.00,0.0000,0.0000,668000.0,121000.0,1.000,4194304.0,0.000,0,0,4194304,1,1,0,0,0,1,1
3,i32,1,1048576,glibc_default_fresh,M_TWIN,5,0,1,784622.00,0.0000,0.0000,788000.0,0.0,1.000,4194304.0,0.000,0,0,4194304,1,1,0,0,0,1,1
3,i32,1,1048576,glibc_default_fresh,M,5,1,1,784746.00,0.0000,0.0000,788000.0,0.0,1.000,4194304.0,0.000,0,0,4194304,1,1,0,0,0,1,1
3,i32,1,1048576,glibc_default_fresh,R,5,2,1,597824.00,0.0000,0.0000,601000.0,0.0,1.000,4194304.0,0.000,0,0,4194304,1,0,1,1,0,1,1
3,i32,1,1048576,glibc_default_fresh,M,6,0,1,766737.00,0.0000,0.0000,769000.0,0.0,1.000,4194304.0,0.000,0,0,4194304,1,1,0,0,0,1,1
3,i32,1,1048576,glibc_default_fresh,R,6,1,1,624504.00,0.0000,0.0000,626000.0,0.0,1.000,4194304.0,0.000,0,0,4194304,1,0,1,1,0,1,1
3,i32,1,1048576,glibc_default_fresh,M_TWIN,6,2,1,786421.00,0.0000,0.0000,789000.0,0.0,1.000,4194304.0,0.000,0,0,4194304,1,1,0,0,0,1,1
3,i32,1,1048576,glibc_default_fresh,R,7,0,1,623060.00,0.0000,0.0000,626000.0,0.0,1.000,4194304.0,0.000,0,0,4194304,1,0,1,1,0,1,1
3,i32,1,1048576,glibc_default_fresh,M_TWIN,7,1,1,803082.00,0.0000,0.0000,806000.0,0.0,1.000,4194304.0,0.000,0,0,4194304,1,1,0,0,0,1,1
3,i32,1,1048576,glibc_default_fresh,M,7,2,1,785288.00,0.0000,0.0000,766000.0,22000.0,1.000,4194304.0,0.000,0,0,4194304,1,1,0,0,0,1,1
3,i32,1,1048576,glibc_default_fresh,M_TWIN,8,0,1,786285.00,0.0000,0.0000,789000.0,0.0,1.000,4194304.0,0.000,0,0,4194304,1,1,0,0,0,1,1
3,i32,1,1048576,glibc_default_fresh,M,8,1,1,798158.00,0.0000,0.0000,802000.0,0.0,1.000,4194304.0,0.000,0,0,4194304,1,1,0,0,0,1,1
3,i32,1,1048576,glibc_default_fresh,R,8,2,1,620500.00,0.0000,0.0000,623000.0,0.0,1.000,4194304.0,0.000,0,0,4194304,1,0,1,1,0,1,1
3,i32,1,1048576,glibc_default_fresh,M,9,0,1,767078.00,0.0000,0.0000,770000.0,0.0,1.000,4194304.0,0.000,0,0,4194304,1,1,0,0,0,1,1
3,i32,1,1048576,glibc_default_fresh,R,9,1,1,627403.00,0.0000,0.0000,630000.0,0.0,1.000,4194304.0,0.000,0,0,4194304,1,0,1,1,0,1,1
3,i32,1,1048576,glibc_default_fresh,M_TWIN,9,2,1,785613.00,0.0000,0.0000,789000.0,0.0,1.000,4194304.0,0.000,0,0,4194304,1,1,0,0,0,1,1
3,i32,1,1048576,glibc_default_fresh,R,10,0,1,626120.00,0.0000,0.0000,629000.0,0.0,1.000,4194304.0,0.000,0,0,4194304,1,0,1,1,0,1,1
3,i32,1,1048576,glibc_default_fresh,M_TWIN,10,1,1,764927.00,0.0000,0.0000,768000.0,0.0,1.000,4194304.0,0.000,0,0,4194304,1,1,0,0,0,1,1
3,i32,1,1048576,glibc_default_fresh,M,10,2,1,811861.00,0.0000,0.0000,814000.0,0.0,1.000,4194304.0,0.000,0,0,4194304,1,1,0,0,0,1,1
3,i32,1,1048576,glibc_default_fresh,M_TWIN,11,0,1,824680.00,0.0000,0.0000,828000.0,0.0,1.000,4194304.0,0.000,0,0,4194304,1,1,0,0,0,1,1
3,i32,1,1048576,glibc_default_fresh,M,11,1,1,800757.00,0.0000,0.0000,780000.0,13000.0,1.000,4194304.0,0.000,0,0,4194304,1,1,0,0,0,1,1
3,i32,1,1048576,glibc_default_fresh,R,11,2,1,625081.00,0.0000,0.0000,627000.0,0.0,1.000,4194304.0,0.000,0,0,4194304,1,0,1,1,0,1,1
3,i32,1,1048576,glibc_default_fresh,M,12,0,1,781761.00,0.0000,0.0000,784000.0,0.0,1.000,4194304.0,0.000,0,0,4194304,1,1,0,0,0,1,1
3,i32,1,1048576,glibc_default_fresh,R,12,1,1,603742.00,0.0000,0.0000,606000.0,0.0,1.000,4194304.0,0.000,0,0,4194304,1,0,1,1,0,1,1
3,i32,1,1048576,glibc_default_fresh,M_TWIN,12,2,1,786490.00,0.0000,0.0000,789000.0,0.0,1.000,4194304.0,0.000,0,0,4194304,1,1,0,0,0,1,1
3,i32,1,1048576,glibc_default_fresh,R,13,0,1,652572.00,0.0000,0.0000,656000.0,0.0,1.000,4194304.0,0.000,0,0,4194304,1,0,1,1,0,1,1
3,i32,1,1048576,glibc_default_fresh,M_TWIN,13,1,1,772348.00,0.0000,0.0000,776000.0,0.0,1.000,4194304.0,0.000,0,0,4194304,1,1,0,0,0,1,1
3,i32,1,1048576,glibc_default_fresh,M,13,2,1,810338.00,0.0000,0.0000,813000.0,0.0,1.000,4194304.0,0.000,0,0,4194304,1,1,0,0,0,1,1
3,i32,1,1048576,glibc_default_fresh,M_TWIN,14,0,1,765135.00,0.0000,0.0000,769000.0,0.0,1.000,4194304.0,0.000,0,0,4194304,1,1,0,0,0,1,1
3,i32,1,1048576,glibc_default_fresh,M,14,1,1,836308.00,0.0000,0.0000,840000.0,0.0,1.000,4194304.0,0.000,0,0,4194304,1,1,0,0,0,1,1
3,i32,1,1048576,glibc_default_fresh,R,14,2,1,626646.00,0.0000,0.0000,630000.0,0.0,1.000,4194304.0,0.000,0,0,4194304,1,0,1,1,0,1,1
3,i32,1,4194304,glibc_default_fresh,M,0,0,1,3287769.00,2.0000,0.0000,3319000.0,0.0,1.000,16777216.0,0.000,0,0,16777216,1,1,0,0,0,1,1
3,i32,1,4194304,glibc_default_fresh,R,0,1,1,2637935.00,0.0000,0.0000,1741000.0,902000.0,1.000,16777216.0,0.000,0,0,16777216,1,0,1,1,0,1,1
3,i32,1,4194304,glibc_default_fresh,M_TWIN,0,2,1,3248193.00,0.0000,0.0000,3129000.0,122000.0,1.000,16777216.0,0.000,0,0,16777216,1,1,0,0,0,1,1
3,i32,1,4194304,glibc_default_fresh,R,1,0,1,2592186.00,0.0000,0.0000,2596000.0,0.0,1.000,16777216.0,0.000,0,0,16777216,1,0,1,1,0,1,1
3,i32,1,4194304,glibc_default_fresh,M_TWIN,1,1,1,3313498.00,0.0000,0.0000,3316000.0,0.0,1.000,16777216.0,0.000,0,0,16777216,1,1,0,0,0,1,1
3,i32,1,4194304,glibc_default_fresh,M,1,2,1,3360301.00,0.0000,0.0000,3364000.0,0.0,1.000,16777216.0,0.000,0,0,16777216,1,1,0,0,0,1,1
3,i32,1,4194304,glibc_default_fresh,M_TWIN,2,0,1,3328373.00,0.0000,0.0000,3333000.0,0.0,1.000,16777216.0,0.000,0,0,16777216,1,1,0,0,0,1,1
3,i32,1,4194304,glibc_default_fresh,M,2,1,1,3284535.00,0.0000,0.0000,3288000.0,0.0,1.000,16777216.0,0.000,0,0,16777216,1,1,0,0,0,1,1
3,i32,1,4194304,glibc_default_fresh,R,2,2,1,2597606.00,0.0000,0.0000,2601000.0,0.0,1.000,16777216.0,0.000,0,0,16777216,1,0,1,1,0,1,1
3,i32,1,4194304,glibc_default_fresh,M,3,0,1,3353491.00,0.0000,0.0000,3358000.0,0.0,1.000,16777216.0,0.000,0,0,16777216,1,1,0,0,0,1,1
3,i32,1,4194304,glibc_default_fresh,R,3,1,1,2539050.00,0.0000,0.0000,2543000.0,0.0,1.000,16777216.0,0.000,0,0,16777216,1,0,1,1,0,1,1
3,i32,1,4194304,glibc_default_fresh,M_TWIN,3,2,1,3345168.00,0.0000,0.0000,3349000.0,0.0,1.000,16777216.0,0.000,0,0,16777216,1,1,0,0,0,1,1
3,i32,1,4194304,glibc_default_fresh,R,4,0,1,2634017.00,0.0000,0.0000,2637000.0,0.0,1.000,16777216.0,0.000,0,0,16777216,1,0,1,1,0,1,1
3,i32,1,4194304,glibc_default_fresh,M_TWIN,4,1,1,3317199.00,0.0000,0.0000,3320000.0,0.0,1.000,16777216.0,0.000,0,0,16777216,1,1,0,0,0,1,1
3,i32,1,4194304,glibc_default_fresh,M,4,2,1,3286795.00,0.0000,0.0000,3292000.0,0.0,1.000,16777216.0,0.000,0,0,16777216,1,1,0,0,0,1,1
3,i32,1,4194304,glibc_default_fresh,M_TWIN,5,0,1,3370736.00,0.0000,0.0000,3375000.0,0.0,1.000,16777216.0,0.000,0,0,16777216,1,1,0,0,0,1,1
3,i32,1,4194304,glibc_default_fresh,M,5,1,1,3281662.00,0.0000,0.0000,3285000.0,0.0,1.000,16777216.0,0.000,0,0,16777216,1,1,0,0,0,1,1
3,i32,1,4194304,glibc_default_fresh,R,5,2,1,2573495.00,0.0000,0.0000,2575000.0,0.0,1.000,16777216.0,0.000,0,0,16777216,1,0,1,1,0,1,1
3,i32,1,4194304,glibc_default_fresh,M,6,0,1,3227528.00,0.0000,0.0000,3230000.0,0.0,1.000,16777216.0,0.000,0,0,16777216,1,1,0,0,0,1,1
3,i32,1,4194304,glibc_default_fresh,R,6,1,1,2746837.00,0.0000,0.0000,2755000.0,0.0,1.000,16777216.0,0.000,0,0,16777216,1,0,1,1,0,1,1
3,i32,1,4194304,glibc_default_fresh,M_TWIN,6,2,1,3328663.00,0.0000,0.0000,3339000.0,0.0,1.000,16777216.0,0.000,0,0,16777216,1,1,0,0,0,1,1
3,i32,1,4194304,glibc_default_fresh,R,7,0,1,2593316.00,0.0000,0.0000,2623000.0,0.0,1.000,16777216.0,0.000,0,0,16777216,1,0,1,1,0,1,1
3,i32,1,4194304,glibc_default_fresh,M_TWIN,7,1,1,3283954.00,0.0000,0.0000,3288000.0,0.0,1.000,16777216.0,0.000,0,0,16777216,1,1,0,0,0,1,1
3,i32,1,4194304,glibc_default_fresh,M,7,2,1,3258880.00,0.0000,0.0000,3262000.0,0.0,1.000,16777216.0,0.000,0,0,16777216,1,1,0,0,0,1,1
3,i32,1,4194304,glibc_default_fresh,M_TWIN,8,0,1,3302438.00,0.0000,0.0000,3306000.0,0.0,1.000,16777216.0,0.000,0,0,16777216,1,1,0,0,0,1,1
3,i32,1,4194304,glibc_default_fresh,M,8,1,1,3297851.00,0.0000,0.0000,3302000.0,0.0,1.000,16777216.0,0.000,0,0,16777216,1,1,0,0,0,1,1
3,i32,1,4194304,glibc_default_fresh,R,8,2,1,2559391.00,0.0000,0.0000,2563000.0,0.0,1.000,16777216.0,0.000,0,0,16777216,1,0,1,1,0,1,1
3,i32,1,4194304,glibc_default_fresh,M,9,0,1,3819145.00,0.0000,0.0000,3837000.0,0.0,1.000,16777216.0,0.000,0,0,16777216,1,1,0,0,0,1,1
3,i32,1,4194304,glibc_default_fresh,R,9,1,1,2686005.00,0.0000,0.0000,2692000.0,0.0,1.000,16777216.0,0.000,0,0,16777216,1,0,1,1,0,1,1
3,i32,1,4194304,glibc_default_fresh,M_TWIN,9,2,1,3280584.00,0.0000,0.0000,3284000.0,0.0,1.000,16777216.0,0.000,0,0,16777216,1,1,0,0,0,1,1
3,i32,1,4194304,glibc_default_fresh,R,10,0,1,2602513.00,0.0000,0.0000,2607000.0,0.0,1.000,16777216.0,0.000,0,0,16777216,1,0,1,1,0,1,1
3,i32,1,4194304,glibc_default_fresh,M_TWIN,10,1,1,3417520.00,0.0000,0.0000,3422000.0,0.0,1.000,16777216.0,0.000,0,0,16777216,1,1,0,0,0,1,1
3,i32,1,4194304,glibc_default_fresh,M,10,2,1,3282068.00,0.0000,0.0000,3286000.0,0.0,1.000,16777216.0,0.000,0,0,16777216,1,1,0,0,0,1,1
3,i32,1,4194304,glibc_default_fresh,M_TWIN,11,0,1,3502956.00,0.0000,0.0000,3508000.0,0.0,1.000,16777216.0,0.000,0,0,16777216,1,1,0,0,0,1,1
3,i32,1,4194304,glibc_default_fresh,M,11,1,1,3383360.00,0.0000,0.0000,3388000.0,0.0,1.000,16777216.0,0.000,0,0,16777216,1,1,0,0,0,1,1
3,i32,1,4194304,glibc_default_fresh,R,11,2,1,2633814.00,0.0000,0.0000,2638000.0,0.0,1.000,16777216.0,0.000,0,0,16777216,1,0,1,1,0,1,1
3,i32,1,4194304,glibc_default_fresh,M,12,0,1,3404808.00,0.0000,0.0000,3410000.0,0.0,1.000,16777216.0,0.000,0,0,16777216,1,1,0,0,0,1,1
3,i32,1,4194304,glibc_default_fresh,R,12,1,1,2597872.00,0.0000,0.0000,2602000.0,0.0,1.000,16777216.0,0.000,0,0,16777216,1,0,1,1,0,1,1
3,i32,1,4194304,glibc_default_fresh,M_TWIN,12,2,1,3245628.00,0.0000,0.0000,3249000.0,0.0,1.000,16777216.0,0.000,0,0,16777216,1,1,0,0,0,1,1
3,i32,1,4194304,glibc_default_fresh,R,13,0,1,2560567.00,0.0000,0.0000,2564000.0,0.0,1.000,16777216.0,0.000,0,0,16777216,1,0,1,1,0,1,1
3,i32,1,4194304,glibc_default_fresh,M_TWIN,13,1,1,3498470.00,0.0000,0.0000,3503000.0,0.0,1.000,16777216.0,0.000,0,0,16777216,1,1,0,0,0,1,1
3,i32,1,4194304,glibc_default_fresh,M,13,2,1,3294346.00,0.0000,0.0000,3299000.0,0.0,1.000,16777216.0,0.000,0,0,16777216,1,1,0,0,0,1,1
3,i32,1,4194304,glibc_default_fresh,M_TWIN,14,0,1,3295004.00,0.0000,0.0000,3299000.0,0.0,1.000,16777216.0,0.000,0,0,16777216,1,1,0,0,0,1,1
3,i32,1,4194304,glibc_default_fresh,M,14,1,1,3276251.00,0.0000,0.0000,3279000.0,0.0,1.000,16777216.0,0.000,0,0,16777216,1,1,0,0,0,1,1
3,i32,1,4194304,glibc_default_fresh,R,14,2,1,2572888.00,0.0000,0.0000,2576000.0,0.0,1.000,16777216.0,0.000,0,0,16777216,1,0,1,1,0,1,1
3,i32,1,16777216,glibc_default_fresh,M,0,0,1,47705799.00,16387.0000,0.0000,31840000.0,15891000.0,1.000,67108864.0,0.000,0,0,67108864,1,1,0,0,0,1,1
3,i32,1,16777216,glibc_default_fresh,R,0,1,1,42045173.00,16385.0000,0.0000,18961000.0,23090000.0,1.000,67108864.0,0.000,0,0,67108864,1,0,1,1,0,1,1
3,i32,1,16777216,glibc_default_fresh,M_TWIN,0,2,1,46224934.00,16385.0000,0.0000,29201000.0,17030000.0,1.000,67108864.0,0.000,0,0,67108864,1,1,0,0,0,1,1
3,i32,1,16777216,glibc_default_fresh,R,1,0,1,40136762.00,16385.0000,0.0000,24037000.0,16071000.0,1.000,67108864.0,0.000,0,0,67108864,1,0,1,1,0,1,1
3,i32,1,16777216,glibc_default_fresh,M_TWIN,1,1,1,45709920.00,16385.0000,0.0000,30743000.0,14973000.0,1.000,67108864.0,0.000,0,0,67108864,1,1,0,0,0,1,1
3,i32,1,16777216,glibc_default_fresh,M,1,2,1,78021599.00,16385.0000,0.0000,48832000.0,28738000.0,1.000,67108864.0,0.000,0,0,67108864,1,1,0,0,0,1,1
3,i32,1,16777216,glibc_default_fresh,M_TWIN,2,0,1,46742843.00,16385.0000,0.0000,27311000.0,19438000.0,1.000,67108864.0,0.000,0,0,67108864,1,1,0,0,0,1,1
3,i32,1,16777216,glibc_default_fresh,M,2,1,1,45743155.00,16385.0000,0.0000,16967000.0,28782000.0,1.000,67108864.0,0.000,0,0,67108864,1,1,0,0,0,1,1
3,i32,1,16777216,glibc_default_fresh,R,2,2,1,39703109.00,16385.0000,0.0000,19843000.0,19867000.0,1.000,67108864.0,0.000,0,0,67108864,1,0,1,1,0,1,1
3,i32,1,16777216,glibc_default_fresh,M,3,0,1,46666784.00,16385.0000,0.0000,15302000.0,31370000.0,1.000,67108864.0,0.000,0,0,67108864,1,1,0,0,0,1,1
3,i32,1,16777216,glibc_default_fresh,R,3,1,1,40540805.00,16385.0000,0.0000,16301000.0,24208000.0,1.000,67108864.0,0.000,0,0,67108864,1,0,1,1,0,1,1
3,i32,1,16777216,glibc_default_fresh,M_TWIN,3,2,1,46790147.00,16385.0000,0.0000,25474000.0,21299000.0,1.000,67108864.0,0.000,0,0,67108864,1,1,0,0,0,1,1
3,i32,1,16777216,glibc_default_fresh,R,4,0,1,40201920.00,16385.0000,0.0000,16115000.0,24093000.0,1.000,67108864.0,0.000,0,0,67108864,1,0,1,1,0,1,1
3,i32,1,16777216,glibc_default_fresh,M_TWIN,4,1,1,47556957.00,16385.0000,0.0000,23772000.0,23776000.0,1.000,67108864.0,0.000,0,0,67108864,1,1,0,0,0,1,1
3,i32,1,16777216,glibc_default_fresh,M,4,2,1,47190392.00,16385.0000,0.0000,23542000.0,23616000.0,1.000,67108864.0,0.000,0,0,67108864,1,1,0,0,0,1,1
3,i32,1,16777216,glibc_default_fresh,M_TWIN,5,0,1,46838507.00,16385.0000,0.0000,27393000.0,19453000.0,1.000,67108864.0,0.000,0,0,67108864,1,1,0,0,0,1,1
3,i32,1,16777216,glibc_default_fresh,M,5,1,1,47199410.00,16385.0000,0.0000,23587000.0,23619000.0,1.000,67108864.0,0.000,0,0,67108864,1,1,0,0,0,1,1
3,i32,1,16777216,glibc_default_fresh,R,5,2,1,40050207.00,16385.0000,0.0000,16035000.0,24021000.0,1.000,67108864.0,0.000,0,0,67108864,1,0,1,1,0,1,1
3,i32,1,16777216,glibc_default_fresh,M,6,0,1,46149231.00,16385.0000,0.0000,19041000.0,27116000.0,1.000,67108864.0,0.000,0,0,67108864,1,1,0,0,0,1,1
3,i32,1,16777216,glibc_default_fresh,R,6,1,1,39650769.00,16385.0000,0.0000,11828000.0,27828000.0,1.000,67108864.0,0.000,0,0,67108864,1,0,1,1,0,1,1
3,i32,1,16777216,glibc_default_fresh,M_TWIN,6,2,1,46996885.00,16385.0000,0.0000,21551000.0,25452000.0,1.000,67108864.0,0.000,0,0,67108864,1,1,0,0,0,1,1
3,i32,1,16777216,glibc_default_fresh,R,7,0,1,40995191.00,16385.0000,0.0000,20514000.0,20486000.0,1.000,67108864.0,0.000,0,0,67108864,1,0,1,1,0,1,1
3,i32,1,16777216,glibc_default_fresh,M_TWIN,7,1,1,45435521.00,16385.0000,0.0000,28736000.0,16706000.0,1.000,67108864.0,0.000,0,0,67108864,1,1,0,0,0,1,1
3,i32,1,16777216,glibc_default_fresh,M,7,2,1,43687262.00,16385.0000,0.0000,19755000.0,23849000.0,1.000,67108864.0,0.000,0,0,67108864,1,1,0,0,0,1,1
3,i32,1,16777216,glibc_default_fresh,M_TWIN,8,0,1,44610300.00,16385.0000,0.0000,20318000.0,24297000.0,1.000,67108864.0,0.000,0,0,67108864,1,1,0,0,0,1,1
3,i32,1,16777216,glibc_default_fresh,M,8,1,1,48506835.00,16385.0000,0.0000,20110000.0,28099000.0,1.000,67108864.0,0.000,0,0,67108864,1,1,0,0,0,1,1
3,i32,1,16777216,glibc_default_fresh,R,8,2,1,40266230.00,16385.0000,0.0000,24077000.0,16134000.0,1.000,67108864.0,0.000,0,0,67108864,1,0,1,1,0,1,1
3,i32,1,16777216,glibc_default_fresh,M,9,0,1,49123654.00,16385.0000,0.0000,24529000.0,24553000.0,1.000,67108864.0,0.000,0,0,67108864,1,1,0,0,0,1,1
3,i32,1,16777216,glibc_default_fresh,R,9,1,1,40571835.00,16385.0000,0.0000,8300000.0,32244000.0,1.000,67108864.0,0.000,0,0,67108864,1,0,1,1,0,1,1
3,i32,1,16777216,glibc_default_fresh,M_TWIN,9,2,1,48534494.00,16385.0000,0.0000,20274000.0,28266000.0,1.000,67108864.0,0.000,0,0,67108864,1,1,0,0,0,1,1
3,i32,1,16777216,glibc_default_fresh,R,10,0,1,40207625.00,16385.0000,0.0000,12115000.0,28099000.0,1.000,67108864.0,0.000,0,0,67108864,1,0,1,1,0,1,1
3,i32,1,16777216,glibc_default_fresh,M_TWIN,10,1,1,47322102.00,16385.0000,0.0000,25664000.0,21664000.0,1.000,67108864.0,0.000,0,0,67108864,1,1,0,0,0,1,1
3,i32,1,16777216,glibc_default_fresh,M,10,2,1,46207273.00,16385.0000,0.0000,19106000.0,27106000.0,1.000,67108864.0,0.000,0,0,67108864,1,1,0,0,0,1,1
3,i32,1,16777216,glibc_default_fresh,M_TWIN,11,0,1,47383093.00,16385.0000,0.0000,31691000.0,15699000.0,1.000,67108864.0,0.000,0,0,67108864,1,1,0,0,0,1,1
3,i32,1,16777216,glibc_default_fresh,M,11,1,1,46310698.00,16385.0000,0.0000,15160000.0,31058000.0,1.000,67108864.0,0.000,0,0,67108864,1,1,0,0,0,1,1
3,i32,1,16777216,glibc_default_fresh,R,11,2,1,39887314.00,16385.0000,0.0000,31939000.0,7954000.0,1.000,67108864.0,0.000,0,0,67108864,1,0,1,1,0,1,1
3,i32,1,16777216,glibc_default_fresh,M,12,0,1,47042434.00,16385.0000,0.0000,15529000.0,31521000.0,1.000,67108864.0,0.000,0,0,67108864,1,1,0,0,0,1,1
3,i32,1,16777216,glibc_default_fresh,R,12,1,1,39642724.00,16385.0000,0.0000,15827000.0,23821000.0,1.000,67108864.0,0.000,0,0,67108864,1,0,1,1,0,1,1
3,i32,1,16777216,glibc_default_fresh,M_TWIN,12,2,1,47725360.00,16385.0000,0.0000,17872000.0,29860000.0,1.000,67108864.0,0.000,0,0,67108864,1,1,0,0,0,1,1
3,i32,1,16777216,glibc_default_fresh,R,13,0,1,40477087.00,16385.0000,0.0000,12245000.0,28237000.0,1.000,67108864.0,0.000,0,0,67108864,1,0,1,1,0,1,1
3,i32,1,16777216,glibc_default_fresh,M_TWIN,13,1,1,45775153.00,16385.0000,0.0000,20887000.0,24797000.0,1.000,67108864.0,0.000,0,0,67108864,1,1,0,0,0,1,1
3,i32,1,16777216,glibc_default_fresh,M,13,2,1,46179859.00,16385.0000,0.0000,13090000.0,33055000.0,1.000,67108864.0,0.000,0,0,67108864,1,1,0,0,0,1,1
3,i32,1,16777216,glibc_default_fresh,M_TWIN,14,0,1,46310608.00,16385.0000,0.0000,13151000.0,33166000.0,1.000,67108864.0,0.000,0,0,67108864,1,1,0,0,0,1,1
3,i32,1,16777216,glibc_default_fresh,M,14,1,1,46547857.00,16385.0000,0.0000,23285000.0,23199000.0,1.000,67108864.0,0.000,0,0,67108864,1,1,0,0,0,1,1
3,i32,1,16777216,glibc_default_fresh,R,14,2,1,40093586.00,16385.0000,0.0000,20049000.0,20050000.0,1.000,67108864.0,0.000,0,0,67108864,1,0,1,1,0,1,1
3,i32,2,64,glibc_default_fresh,M,0,0,1000,485.95,0.0020,0.0000,499.0,0.0,2.000,512.0,0.000,0,0,512000,2,1,0,0,0,2,1
3,i32,2,64,glibc_default_fresh,R,0,1,1000,592.18,0.0000,0.0000,582.0,0.0,2.000,512.0,0.000,0,0,512000,2,0,2,1,0,2,1
3,i32,2,64,glibc_default_fresh,M_TWIN,0,2,1000,474.97,0.0000,0.0000,476.0,0.0,2.000,512.0,0.000,0,0,512000,2,1,0,0,0,2,1
3,i32,2,64,glibc_default_fresh,R,1,0,1000,528.66,0.0000,0.0000,530.0,0.0,2.000,512.0,0.000,0,0,512000,2,0,2,1,0,2,1
3,i32,2,64,glibc_default_fresh,M_TWIN,1,1,1000,490.86,0.0000,0.0000,492.0,0.0,2.000,512.0,0.000,0,0,512000,2,1,0,0,0,2,1
3,i32,2,64,glibc_default_fresh,M,1,2,1000,490.77,0.0000,0.0000,492.0,0.0,2.000,512.0,0.000,0,0,512000,2,1,0,0,0,2,1
3,i32,2,64,glibc_default_fresh,M_TWIN,2,0,1000,500.18,0.0000,0.0000,501.0,0.0,2.000,512.0,0.000,0,0,512000,2,1,0,0,0,2,1
3,i32,2,64,glibc_default_fresh,M,2,1,1000,501.32,0.0000,0.0000,502.0,0.0,2.000,512.0,0.000,0,0,512000,2,1,0,0,0,2,1
3,i32,2,64,glibc_default_fresh,R,2,2,1000,548.83,0.0000,0.0000,549.0,0.0,2.000,512.0,0.000,0,0,512000,2,0,2,1,0,2,1
3,i32,2,64,glibc_default_fresh,M,3,0,1000,484.78,0.0000,0.0000,485.0,0.0,2.000,512.0,0.000,0,0,512000,2,1,0,0,0,2,1
3,i32,2,64,glibc_default_fresh,R,3,1,1000,507.56,0.0000,0.0000,508.0,0.0,2.000,512.0,0.000,0,0,512000,2,0,2,1,0,2,1
3,i32,2,64,glibc_default_fresh,M_TWIN,3,2,1000,475.60,0.0000,0.0000,476.0,0.0,2.000,512.0,0.000,0,0,512000,2,1,0,0,0,2,1
3,i32,2,64,glibc_default_fresh,R,4,0,1000,621.24,0.0000,0.0000,622.0,0.0,2.000,512.0,0.000,0,0,512000,2,0,2,1,0,2,1
3,i32,2,64,glibc_default_fresh,M_TWIN,4,1,1000,527.47,0.0000,0.0000,529.0,0.0,2.000,512.0,0.000,0,0,512000,2,1,0,0,0,2,1
3,i32,2,64,glibc_default_fresh,M,4,2,1000,511.15,0.0000,0.0000,512.0,0.0,2.000,512.0,0.000,0,0,512000,2,1,0,0,0,2,1
3,i32,2,64,glibc_default_fresh,M_TWIN,5,0,1000,479.39,0.0000,0.0000,480.0,0.0,2.000,512.0,0.000,0,0,512000,2,1,0,0,0,2,1
3,i32,2,64,glibc_default_fresh,M,5,1,1000,617.64,0.0000,0.0000,619.0,0.0,2.000,512.0,0.000,0,0,512000,2,1,0,0,0,2,1
3,i32,2,64,glibc_default_fresh,R,5,2,1000,549.61,0.0000,0.0000,550.0,0.0,2.000,512.0,0.000,0,0,512000,2,0,2,1,0,2,1
3,i32,2,64,glibc_default_fresh,M,6,0,1000,505.88,0.0000,0.0000,506.0,0.0,2.000,512.0,0.000,0,0,512000,2,1,0,0,0,2,1
3,i32,2,64,glibc_default_fresh,R,6,1,1000,527.59,0.0000,0.0000,528.0,0.0,2.000,512.0,0.000,0,0,512000,2,0,2,1,0,2,1
3,i32,2,64,glibc_default_fresh,M_TWIN,6,2,1000,496.11,0.0000,0.0000,497.0,0.0,2.000,512.0,0.000,0,0,512000,2,1,0,0,0,2,1
3,i32,2,64,glibc_default_fresh,R,7,0,1000,505.20,0.0000,0.0000,506.0,0.0,2.000,512.0,0.000,0,0,512000,2,0,2,1,0,2,1
3,i32,2,64,glibc_default_fresh,M_TWIN,7,1,1000,502.89,0.0000,0.0000,504.0,0.0,2.000,512.0,0.000,0,0,512000,2,1,0,0,0,2,1
3,i32,2,64,glibc_default_fresh,M,7,2,1000,485.49,0.0000,0.0000,486.0,0.0,2.000,512.0,0.000,0,0,512000,2,1,0,0,0,2,1
3,i32,2,64,glibc_default_fresh,M_TWIN,8,0,1000,464.99,0.0000,0.0000,465.0,0.0,2.000,512.0,0.000,0,0,512000,2,1,0,0,0,2,1
3,i32,2,64,glibc_default_fresh,M,8,1,1000,474.61,0.0000,0.0000,476.0,0.0,2.000,512.0,0.000,0,0,512000,2,1,0,0,0,2,1
3,i32,2,64,glibc_default_fresh,R,8,2,1000,549.20,0.0000,0.0000,550.0,0.0,2.000,512.0,0.000,0,0,512000,2,0,2,1,0,2,1
3,i32,2,64,glibc_default_fresh,M,9,0,1000,487.20,0.0000,0.0000,488.0,0.0,2.000,512.0,0.000,0,0,512000,2,1,0,0,0,2,1
3,i32,2,64,glibc_default_fresh,R,9,1,1000,531.94,0.0000,0.0000,532.0,0.0,2.000,512.0,0.000,0,0,512000,2,0,2,1,0,2,1
3,i32,2,64,glibc_default_fresh,M_TWIN,9,2,1000,488.75,0.0000,0.0000,489.0,0.0,2.000,512.0,0.000,0,0,512000,2,1,0,0,0,2,1
3,i32,2,64,glibc_default_fresh,R,10,0,1000,503.86,0.0000,0.0000,505.0,0.0,2.000,512.0,0.000,0,0,512000,2,0,2,1,0,2,1
3,i32,2,64,glibc_default_fresh,M_TWIN,10,1,1000,474.43,0.0000,0.0000,475.0,0.0,2.000,512.0,0.000,0,0,512000,2,1,0,0,0,2,1
3,i32,2,64,glibc_default_fresh,M,10,2,1000,472.88,0.0000,0.0000,474.0,0.0,2.000,512.0,0.000,0,0,512000,2,1,0,0,0,2,1
3,i32,2,64,glibc_default_fresh,M_TWIN,11,0,1000,507.58,0.0000,0.0000,508.0,0.0,2.000,512.0,0.000,0,0,512000,2,1,0,0,0,2,1
3,i32,2,64,glibc_default_fresh,M,11,1,1000,588.14,0.0000,0.0000,589.0,0.0,2.000,512.0,0.000,0,0,512000,2,1,0,0,0,2,1
3,i32,2,64,glibc_default_fresh,R,11,2,1000,913.09,0.0000,0.0000,917.0,0.0,2.000,512.0,0.000,0,0,512000,2,0,2,1,0,2,1
3,i32,2,64,glibc_default_fresh,M,12,0,1000,568.77,0.0000,0.0000,571.0,0.0,2.000,512.0,0.000,0,0,512000,2,1,0,0,0,2,1
3,i32,2,64,glibc_default_fresh,R,12,1,1000,541.09,0.0000,0.0000,542.0,0.0,2.000,512.0,0.000,0,0,512000,2,0,2,1,0,2,1
3,i32,2,64,glibc_default_fresh,M_TWIN,12,2,1000,517.58,0.0000,0.0000,518.0,0.0,2.000,512.0,0.000,0,0,512000,2,1,0,0,0,2,1
3,i32,2,64,glibc_default_fresh,R,13,0,1000,530.57,0.0000,0.0000,531.0,0.0,2.000,512.0,0.000,0,0,512000,2,0,2,1,0,2,1
3,i32,2,64,glibc_default_fresh,M_TWIN,13,1,1000,545.25,0.0000,0.0000,546.0,0.0,2.000,512.0,0.000,0,0,512000,2,1,0,0,0,2,1
3,i32,2,64,glibc_default_fresh,M,13,2,1000,483.79,0.0000,0.0000,484.0,0.0,2.000,512.0,0.000,0,0,512000,2,1,0,0,0,2,1
3,i32,2,64,glibc_default_fresh,M_TWIN,14,0,1000,480.05,0.0000,0.0000,481.0,0.0,2.000,512.0,0.000,0,0,512000,2,1,0,0,0,2,1
3,i32,2,64,glibc_default_fresh,M,14,1,1000,508.01,0.0000,0.0000,508.0,0.0,2.000,512.0,0.000,0,0,512000,2,1,0,0,0,2,1
3,i32,2,64,glibc_default_fresh,R,14,2,1000,612.00,0.0000,0.0000,613.0,0.0,2.000,512.0,0.000,0,0,512000,2,0,2,1,0,2,1
3,i32,2,1024,glibc_default_fresh,M,0,0,1000,942.34,0.0020,0.0000,771.0,193.0,2.000,8192.0,0.000,0,0,8192000,2,1,0,0,0,2,1
3,i32,2,1024,glibc_default_fresh,R,0,1,1000,967.35,0.0000,0.0000,972.0,0.0,2.000,8192.0,0.000,0,0,8192000,2,0,2,1,0,2,1
3,i32,2,1024,glibc_default_fresh,M_TWIN,0,2,1000,1014.55,0.0000,0.0000,1018.0,0.0,2.000,8192.0,0.000,0,0,8192000,2,1,0,0,0,2,1
3,i32,2,1024,glibc_default_fresh,R,1,0,1000,936.28,0.0000,0.0000,940.0,0.0,2.000,8192.0,0.000,0,0,8192000,2,0,2,1,0,2,1
3,i32,2,1024,glibc_default_fresh,M_TWIN,1,1,1000,960.89,0.0000,0.0000,964.0,0.0,2.000,8192.0,0.000,0,0,8192000,2,1,0,0,0,2,1
3,i32,2,1024,glibc_default_fresh,M,1,2,1000,890.95,0.0000,0.0000,894.0,0.0,2.000,8192.0,0.000,0,0,8192000,2,1,0,0,0,2,1
3,i32,2,1024,glibc_default_fresh,M_TWIN,2,0,1000,882.96,0.0000,0.0000,886.0,0.0,2.000,8192.0,0.000,0,0,8192000,2,1,0,0,0,2,1
3,i32,2,1024,glibc_default_fresh,M,2,1,1000,1000.25,0.0000,0.0000,1003.0,0.0,2.000,8192.0,0.000,0,0,8192000,2,1,0,0,0,2,1
3,i32,2,1024,glibc_default_fresh,R,2,2,1000,929.99,0.0000,0.0000,933.0,0.0,2.000,8192.0,0.000,0,0,8192000,2,0,2,1,0,2,1
3,i32,2,1024,glibc_default_fresh,M,3,0,1000,946.72,0.0000,0.0000,949.0,0.0,2.000,8192.0,0.000,0,0,8192000,2,1,0,0,0,2,1
3,i32,2,1024,glibc_default_fresh,R,3,1,1000,939.40,0.0000,0.0000,943.0,0.0,2.000,8192.0,0.000,0,0,8192000,2,0,2,1,0,2,1
3,i32,2,1024,glibc_default_fresh,M_TWIN,3,2,1000,892.27,0.0000,0.0000,895.0,0.0,2.000,8192.0,0.000,0,0,8192000,2,1,0,0,0,2,1
3,i32,2,1024,glibc_default_fresh,R,4,0,1000,909.15,0.0000,0.0000,912.0,0.0,2.000,8192.0,0.000,0,0,8192000,2,0,2,1,0,2,1
3,i32,2,1024,glibc_default_fresh,M_TWIN,4,1,1000,902.04,0.0000,0.0000,905.0,0.0,2.000,8192.0,0.000,0,0,8192000,2,1,0,0,0,2,1
3,i32,2,1024,glibc_default_fresh,M,4,2,1000,962.79,0.0000,0.0000,966.0,0.0,2.000,8192.0,0.000,0,0,8192000,2,1,0,0,0,2,1
3,i32,2,1024,glibc_default_fresh,M_TWIN,5,0,1000,917.85,0.0000,0.0000,922.0,0.0,2.000,8192.0,0.000,0,0,8192000,2,1,0,0,0,2,1
3,i32,2,1024,glibc_default_fresh,M,5,1,1000,933.01,0.0000,0.0000,936.0,0.0,2.000,8192.0,0.000,0,0,8192000,2,1,0,0,0,2,1
3,i32,2,1024,glibc_default_fresh,R,5,2,1000,929.14,0.0000,0.0000,932.0,0.0,2.000,8192.0,0.000,0,0,8192000,2,0,2,1,0,2,1
3,i32,2,1024,glibc_default_fresh,M,6,0,1000,919.99,0.0000,0.0000,923.0,0.0,2.000,8192.0,0.000,0,0,8192000,2,1,0,0,0,2,1
3,i32,2,1024,glibc_default_fresh,R,6,1,1000,967.17,0.0000,0.0000,970.0,0.0,2.000,8192.0,0.000,0,0,8192000,2,0,2,1,0,2,1
3,i32,2,1024,glibc_default_fresh,M_TWIN,6,2,1000,880.09,0.0000,0.0000,883.0,0.0,2.000,8192.0,0.000,0,0,8192000,2,1,0,0,0,2,1
3,i32,2,1024,glibc_default_fresh,R,7,0,1000,961.16,0.0000,0.0000,964.0,0.0,2.000,8192.0,0.000,0,0,8192000,2,0,2,1,0,2,1
3,i32,2,1024,glibc_default_fresh,M_TWIN,7,1,1000,881.38,0.0000,0.0000,884.0,0.0,2.000,8192.0,0.000,0,0,8192000,2,1,0,0,0,2,1
3,i32,2,1024,glibc_default_fresh,M,7,2,1000,921.89,0.0000,0.0000,926.0,0.0,2.000,8192.0,0.000,0,0,8192000,2,1,0,0,0,2,1
3,i32,2,1024,glibc_default_fresh,M_TWIN,8,0,1000,933.54,0.0000,0.0000,936.0,0.0,2.000,8192.0,0.000,0,0,8192000,2,1,0,0,0,2,1
3,i32,2,1024,glibc_default_fresh,M,8,1,1000,865.64,0.0000,0.0000,869.0,0.0,2.000,8192.0,0.000,0,0,8192000,2,1,0,0,0,2,1
3,i32,2,1024,glibc_default_fresh,R,8,2,1000,965.74,0.0000,0.0000,969.0,0.0,2.000,8192.0,0.000,0,0,8192000,2,0,2,1,0,2,1
3,i32,2,1024,glibc_default_fresh,M,9,0,1000,896.00,0.0000,0.0000,899.0,0.0,2.000,8192.0,0.000,0,0,8192000,2,1,0,0,0,2,1
3,i32,2,1024,glibc_default_fresh,R,9,1,1000,897.88,0.0000,0.0000,900.0,0.0,2.000,8192.0,0.000,0,0,8192000,2,0,2,1,0,2,1
3,i32,2,1024,glibc_default_fresh,M_TWIN,9,2,1000,922.03,0.0000,0.0000,925.0,0.0,2.000,8192.0,0.000,0,0,8192000,2,1,0,0,0,2,1
3,i32,2,1024,glibc_default_fresh,R,10,0,1000,942.09,0.0000,0.0000,945.0,0.0,2.000,8192.0,0.000,0,0,8192000,2,0,2,1,0,2,1
3,i32,2,1024,glibc_default_fresh,M_TWIN,10,1,1000,940.70,0.0000,0.0000,944.0,0.0,2.000,8192.0,0.000,0,0,8192000,2,1,0,0,0,2,1
3,i32,2,1024,glibc_default_fresh,M,10,2,1000,938.71,0.0000,0.0000,942.0,0.0,2.000,8192.0,0.000,0,0,8192000,2,1,0,0,0,2,1
3,i32,2,1024,glibc_default_fresh,M_TWIN,11,0,1000,920.13,0.0000,0.0000,923.0,0.0,2.000,8192.0,0.000,0,0,8192000,2,1,0,0,0,2,1
3,i32,2,1024,glibc_default_fresh,M,11,1,1000,889.43,0.0000,0.0000,893.0,0.0,2.000,8192.0,0.000,0,0,8192000,2,1,0,0,0,2,1
3,i32,2,1024,glibc_default_fresh,R,11,2,1000,920.24,0.0000,0.0000,923.0,0.0,2.000,8192.0,0.000,0,0,8192000,2,0,2,1,0,2,1
3,i32,2,1024,glibc_default_fresh,M,12,0,1000,1137.24,0.0000,0.0000,1141.0,0.0,2.000,8192.0,0.000,0,0,8192000,2,1,0,0,0,2,1
3,i32,2,1024,glibc_default_fresh,R,12,1,1000,921.95,0.0000,0.0000,925.0,0.0,2.000,8192.0,0.000,0,0,8192000,2,0,2,1,0,2,1
3,i32,2,1024,glibc_default_fresh,M_TWIN,12,2,1000,899.10,0.0000,0.0000,902.0,0.0,2.000,8192.0,0.000,0,0,8192000,2,1,0,0,0,2,1
3,i32,2,1024,glibc_default_fresh,R,13,0,1000,926.15,0.0000,0.0000,929.0,0.0,2.000,8192.0,0.000,0,0,8192000,2,0,2,1,0,2,1
3,i32,2,1024,glibc_default_fresh,M_TWIN,13,1,1000,962.24,0.0000,0.0000,966.0,0.0,2.000,8192.0,0.000,0,0,8192000,2,1,0,0,0,2,1
3,i32,2,1024,glibc_default_fresh,M,13,2,1000,986.53,0.0000,0.0000,989.0,0.0,2.000,8192.0,0.000,0,0,8192000,2,1,0,0,0,2,1
3,i32,2,1024,glibc_default_fresh,M_TWIN,14,0,1000,997.30,0.0000,0.0000,1001.0,0.0,2.000,8192.0,0.000,0,0,8192000,2,1,0,0,0,2,1
3,i32,2,1024,glibc_default_fresh,M,14,1,1000,893.56,0.0000,0.0000,896.0,0.0,2.000,8192.0,0.000,0,0,8192000,2,1,0,0,0,2,1
3,i32,2,1024,glibc_default_fresh,R,14,2,1000,889.27,0.0000,0.0000,894.0,0.0,2.000,8192.0,0.000,0,0,8192000,2,0,2,1,0,2,1
3,i32,2,4096,glibc_default_fresh,M,0,0,1,2522.00,2.0000,0.0000,14000.0,0.0,2.000,32768.0,0.000,0,0,32768,2,1,0,0,0,2,1
3,i32,2,4096,glibc_default_fresh,R,0,1,1,2462.00,0.0000,0.0000,3000.0,0.0,2.000,32768.0,0.000,0,0,32768,2,0,2,1,0,2,1
3,i32,2,4096,glibc_default_fresh,M_TWIN,0,2,1,2352.00,0.0000,0.0000,3000.0,0.0,2.000,32768.0,0.000,0,0,32768,2,1,0,0,0,2,1
3,i32,2,4096,glibc_default_fresh,R,1,0,1,2374.00,0.0000,0.0000,3000.0,0.0,2.000,32768.0,0.000,0,0,32768,2,0,2,1,0,2,1
3,i32,2,4096,glibc_default_fresh,M_TWIN,1,1,1,2333.00,0.0000,0.0000,3000.0,0.0,2.000,32768.0,0.000,0,0,32768,2,1,0,0,0,2,1
3,i32,2,4096,glibc_default_fresh,M,1,2,1,2368.00,0.0000,0.0000,3000.0,0.0,2.000,32768.0,0.000,0,0,32768,2,1,0,0,0,2,1
3,i32,2,4096,glibc_default_fresh,M_TWIN,2,0,1,2296.00,0.0000,0.0000,2000.0,0.0,2.000,32768.0,0.000,0,0,32768,2,1,0,0,0,2,1
3,i32,2,4096,glibc_default_fresh,M,2,1,1,17900.00,0.0000,0.0000,18000.0,0.0,2.000,32768.0,0.000,0,0,32768,2,1,0,0,0,2,1
3,i32,2,4096,glibc_default_fresh,R,2,2,1,2428.00,0.0000,0.0000,3000.0,0.0,2.000,32768.0,0.000,0,0,32768,2,0,2,1,0,2,1
3,i32,2,4096,glibc_default_fresh,M,3,0,1,2363.00,0.0000,0.0000,3000.0,0.0,2.000,32768.0,0.000,0,0,32768,2,1,0,0,0,2,1
3,i32,2,4096,glibc_default_fresh,R,3,1,1,2413.00,0.0000,0.0000,2000.0,0.0,2.000,32768.0,0.000,0,0,32768,2,0,2,1,0,2,1
3,i32,2,4096,glibc_default_fresh,M_TWIN,3,2,1,2331.00,0.0000,0.0000,2000.0,0.0,2.000,32768.0,0.000,0,0,32768,2,1,0,0,0,2,1
3,i32,2,4096,glibc_default_fresh,R,4,0,1,2393.00,0.0000,0.0000,3000.0,0.0,2.000,32768.0,0.000,0,0,32768,2,0,2,1,0,2,1
3,i32,2,4096,glibc_default_fresh,M_TWIN,4,1,1,2270.00,0.0000,0.0000,3000.0,0.0,2.000,32768.0,0.000,0,0,32768,2,1,0,0,0,2,1
3,i32,2,4096,glibc_default_fresh,M,4,2,1,2391.00,0.0000,0.0000,3000.0,0.0,2.000,32768.0,0.000,0,0,32768,2,1,0,0,0,2,1
3,i32,2,4096,glibc_default_fresh,M_TWIN,5,0,1,2296.00,0.0000,0.0000,3000.0,0.0,2.000,32768.0,0.000,0,0,32768,2,1,0,0,0,2,1
3,i32,2,4096,glibc_default_fresh,M,5,1,1,2358.00,0.0000,0.0000,3000.0,0.0,2.000,32768.0,0.000,0,0,32768,2,1,0,0,0,2,1
3,i32,2,4096,glibc_default_fresh,R,5,2,1,2393.00,0.0000,0.0000,3000.0,0.0,2.000,32768.0,0.000,0,0,32768,2,0,2,1,0,2,1
3,i32,2,4096,glibc_default_fresh,M,6,0,1,2346.00,0.0000,0.0000,3000.0,0.0,2.000,32768.0,0.000,0,0,32768,2,1,0,0,0,2,1
3,i32,2,4096,glibc_default_fresh,R,6,1,1,2419.00,0.0000,0.0000,3000.0,0.0,2.000,32768.0,0.000,0,0,32768,2,0,2,1,0,2,1
3,i32,2,4096,glibc_default_fresh,M_TWIN,6,2,1,2308.00,0.0000,0.0000,3000.0,0.0,2.000,32768.0,0.000,0,0,32768,2,1,0,0,0,2,1
3,i32,2,4096,glibc_default_fresh,R,7,0,1,2417.00,0.0000,0.0000,3000.0,0.0,2.000,32768.0,0.000,0,0,32768,2,0,2,1,0,2,1
3,i32,2,4096,glibc_default_fresh,M_TWIN,7,1,1,2268.00,0.0000,0.0000,2000.0,0.0,2.000,32768.0,0.000,0,0,32768,2,1,0,0,0,2,1
3,i32,2,4096,glibc_default_fresh,M,7,2,1,2372.00,0.0000,0.0000,2000.0,0.0,2.000,32768.0,0.000,0,0,32768,2,1,0,0,0,2,1
3,i32,2,4096,glibc_default_fresh,M_TWIN,8,0,1,2059.00,0.0000,0.0000,2000.0,0.0,2.000,32768.0,0.000,0,0,32768,2,1,0,0,0,2,1
3,i32,2,4096,glibc_default_fresh,M,8,1,1,2378.00,0.0000,0.0000,2000.0,0.0,2.000,32768.0,0.000,0,0,32768,2,1,0,0,0,2,1
3,i32,2,4096,glibc_default_fresh,R,8,2,1,2381.00,0.0000,0.0000,3000.0,0.0,2.000,32768.0,0.000,0,0,32768,2,0,2,1,0,2,1
3,i32,2,4096,glibc_default_fresh,M,9,0,1,130982.00,0.0000,0.0000,131000.0,0.0,2.000,32768.0,0.000,0,0,32768,2,1,0,0,0,2,1
3,i32,2,4096,glibc_default_fresh,R,9,1,1,3272.00,0.0000,0.0000,3000.0,0.0,2.000,32768.0,0.000,0,0,32768,2,0,2,1,0,2,1
3,i32,2,4096,glibc_default_fresh,M_TWIN,9,2,1,3311.00,0.0000,0.0000,4000.0,0.0,2.000,32768.0,0.000,0,0,32768,2,1,0,0,0,2,1
3,i32,2,4096,glibc_default_fresh,R,10,0,1,2463.00,0.0000,0.0000,3000.0,0.0,2.000,32768.0,0.000,0,0,32768,2,0,2,1,0,2,1
3,i32,2,4096,glibc_default_fresh,M_TWIN,10,1,1,2373.00,0.0000,0.0000,3000.0,0.0,2.000,32768.0,0.000,0,0,32768,2,1,0,0,0,2,1
3,i32,2,4096,glibc_default_fresh,M,10,2,1,2318.00,0.0000,0.0000,3000.0,0.0,2.000,32768.0,0.000,0,0,32768,2,1,0,0,0,2,1
3,i32,2,4096,glibc_default_fresh,M_TWIN,11,0,1,2384.00,0.0000,0.0000,3000.0,0.0,2.000,32768.0,0.000,0,0,32768,2,1,0,0,0,2,1
3,i32,2,4096,glibc_default_fresh,M,11,1,1,2410.00,0.0000,0.0000,2000.0,0.0,2.000,32768.0,0.000,0,0,32768,2,1,0,0,0,2,1
3,i32,2,4096,glibc_default_fresh,R,11,2,1,2409.00,0.0000,0.0000,3000.0,0.0,2.000,32768.0,0.000,0,0,32768,2,0,2,1,0,2,1
3,i32,2,4096,glibc_default_fresh,M,12,0,1,2347.00,0.0000,0.0000,3000.0,0.0,2.000,32768.0,0.000,0,0,32768,2,1,0,0,0,2,1
3,i32,2,4096,glibc_default_fresh,R,12,1,1,2398.00,0.0000,0.0000,3000.0,0.0,2.000,32768.0,0.000,0,0,32768,2,0,2,1,0,2,1
3,i32,2,4096,glibc_default_fresh,M_TWIN,12,2,1,8147.00,0.0000,0.0000,9000.0,0.0,2.000,32768.0,0.000,0,0,32768,2,1,0,0,0,2,1
3,i32,2,4096,glibc_default_fresh,R,13,0,1,2397.00,0.0000,0.0000,3000.0,0.0,2.000,32768.0,0.000,0,0,32768,2,0,2,1,0,2,1
3,i32,2,4096,glibc_default_fresh,M_TWIN,13,1,1,2283.00,0.0000,0.0000,3000.0,0.0,2.000,32768.0,0.000,0,0,32768,2,1,0,0,0,2,1
3,i32,2,4096,glibc_default_fresh,M,13,2,1,2370.00,0.0000,0.0000,3000.0,0.0,2.000,32768.0,0.000,0,0,32768,2,1,0,0,0,2,1
3,i32,2,4096,glibc_default_fresh,M_TWIN,14,0,1,2358.00,0.0000,0.0000,3000.0,0.0,2.000,32768.0,0.000,0,0,32768,2,1,0,0,0,2,1
3,i32,2,4096,glibc_default_fresh,M,14,1,1,2334.00,0.0000,0.0000,3000.0,0.0,2.000,32768.0,0.000,0,0,32768,2,1,0,0,0,2,1
3,i32,2,4096,glibc_default_fresh,R,14,2,1,2419.00,0.0000,0.0000,3000.0,0.0,2.000,32768.0,0.000,0,0,32768,2,0,2,1,0,2,1
3,i32,2,16384,glibc_default_fresh,M,0,0,1,10769.00,2.0000,0.0000,21000.0,0.0,2.000,131072.0,0.000,0,0,131072,2,1,0,0,0,2,1
3,i32,2,16384,glibc_default_fresh,R,0,1,1,7550.00,0.0000,0.0000,8000.0,0.0,2.000,131072.0,0.000,0,0,131072,2,0,2,1,0,2,1
3,i32,2,16384,glibc_default_fresh,M_TWIN,0,2,1,6890.00,0.0000,0.0000,8000.0,0.0,2.000,131072.0,0.000,0,0,131072,2,1,0,0,0,2,1
3,i32,2,16384,glibc_default_fresh,R,1,0,1,7637.00,0.0000,0.0000,8000.0,0.0,2.000,131072.0,0.000,0,0,131072,2,0,2,1,0,2,1
3,i32,2,16384,glibc_default_fresh,M_TWIN,1,1,1,7703.00,0.0000,0.0000,8000.0,0.0,2.000,131072.0,0.000,0,0,131072,2,1,0,0,0,2,1
3,i32,2,16384,glibc_default_fresh,M,1,2,1,7772.00,0.0000,0.0000,8000.0,0.0,2.000,131072.0,0.000,0,0,131072,2,1,0,0,0,2,1
3,i32,2,16384,glibc_default_fresh,M_TWIN,2,0,1,7800.00,0.0000,0.0000,9000.0,0.0,2.000,131072.0,0.000,0,0,131072,2,1,0,0,0,2,1
3,i32,2,16384,glibc_default_fresh,M,2,1,1,7725.00,0.0000,0.0000,8000.0,0.0,2.000,131072.0,0.000,0,0,131072,2,1,0,0,0,2,1
3,i32,2,16384,glibc_default_fresh,R,2,2,1,7707.00,0.0000,0.0000,8000.0,0.0,2.000,131072.0,0.000,0,0,131072,2,0,2,1,0,2,1
3,i32,2,16384,glibc_default_fresh,M,3,0,1,7736.00,0.0000,0.0000,9000.0,0.0,2.000,131072.0,0.000,0,0,131072,2,1,0,0,0,2,1
3,i32,2,16384,glibc_default_fresh,R,3,1,1,7619.00,0.0000,0.0000,8000.0,0.0,2.000,131072.0,0.000,0,0,131072,2,0,2,1,0,2,1
3,i32,2,16384,glibc_default_fresh,M_TWIN,3,2,1,7748.00,0.0000,0.0000,8000.0,0.0,2.000,131072.0,0.000,0,0,131072,2,1,0,0,0,2,1
3,i32,2,16384,glibc_default_fresh,R,4,0,1,7599.00,0.0000,0.0000,8000.0,0.0,2.000,131072.0,0.000,0,0,131072,2,0,2,1,0,2,1
3,i32,2,16384,glibc_default_fresh,M_TWIN,4,1,1,7823.00,0.0000,0.0000,9000.0,0.0,2.000,131072.0,0.000,0,0,131072,2,1,0,0,0,2,1
3,i32,2,16384,glibc_default_fresh,M,4,2,1,7711.00,0.0000,0.0000,8000.0,0.0,2.000,131072.0,0.000,0,0,131072,2,1,0,0,0,2,1
3,i32,2,16384,glibc_default_fresh,M_TWIN,5,0,1,6879.00,0.0000,0.0000,7000.0,0.0,2.000,131072.0,0.000,0,0,131072,2,1,0,0,0,2,1
3,i32,2,16384,glibc_default_fresh,M,5,1,1,7758.00,0.0000,0.0000,8000.0,0.0,2.000,131072.0,0.000,0,0,131072,2,1,0,0,0,2,1
3,i32,2,16384,glibc_default_fresh,R,5,2,1,7560.00,0.0000,0.0000,8000.0,0.0,2.000,131072.0,0.000,0,0,131072,2,0,2,1,0,2,1
3,i32,2,16384,glibc_default_fresh,M,6,0,1,7750.00,0.0000,0.0000,8000.0,0.0,2.000,131072.0,0.000,0,0,131072,2,1,0,0,0,2,1
3,i32,2,16384,glibc_default_fresh,R,6,1,1,7554.00,0.0000,0.0000,8000.0,0.0,2.000,131072.0,0.000,0,0,131072,2,0,2,1,0,2,1
3,i32,2,16384,glibc_default_fresh,M_TWIN,6,2,1,6847.00,0.0000,0.0000,7000.0,0.0,2.000,131072.0,0.000,0,0,131072,2,1,0,0,0,2,1
3,i32,2,16384,glibc_default_fresh,R,7,0,1,7537.00,0.0000,0.0000,8000.0,0.0,2.000,131072.0,0.000,0,0,131072,2,0,2,1,0,2,1
3,i32,2,16384,glibc_default_fresh,M_TWIN,7,1,1,6830.00,0.0000,0.0000,7000.0,0.0,2.000,131072.0,0.000,0,0,131072,2,1,0,0,0,2,1
3,i32,2,16384,glibc_default_fresh,M,7,2,1,7723.00,0.0000,0.0000,8000.0,0.0,2.000,131072.0,0.000,0,0,131072,2,1,0,0,0,2,1
3,i32,2,16384,glibc_default_fresh,M_TWIN,8,0,1,23998.00,0.0000,0.0000,25000.0,0.0,2.000,131072.0,0.000,0,0,131072,2,1,0,0,0,2,1
3,i32,2,16384,glibc_default_fresh,M,8,1,1,7913.00,0.0000,0.0000,8000.0,0.0,2.000,131072.0,0.000,0,0,131072,2,1,0,0,0,2,1
3,i32,2,16384,glibc_default_fresh,R,8,2,1,7753.00,0.0000,0.0000,8000.0,0.0,2.000,131072.0,0.000,0,0,131072,2,0,2,1,0,2,1
3,i32,2,16384,glibc_default_fresh,M,9,0,1,7734.00,0.0000,0.0000,8000.0,0.0,2.000,131072.0,0.000,0,0,131072,2,1,0,0,0,2,1
3,i32,2,16384,glibc_default_fresh,R,9,1,1,7604.00,0.0000,0.0000,8000.0,0.0,2.000,131072.0,0.000,0,0,131072,2,0,2,1,0,2,1
3,i32,2,16384,glibc_default_fresh,M_TWIN,9,2,1,7786.00,0.0000,0.0000,9000.0,0.0,2.000,131072.0,0.000,0,0,131072,2,1,0,0,0,2,1
3,i32,2,16384,glibc_default_fresh,R,10,0,1,7545.00,0.0000,0.0000,8000.0,0.0,2.000,131072.0,0.000,0,0,131072,2,0,2,1,0,2,1
3,i32,2,16384,glibc_default_fresh,M_TWIN,10,1,1,7799.00,0.0000,0.0000,8000.0,0.0,2.000,131072.0,0.000,0,0,131072,2,1,0,0,0,2,1
3,i32,2,16384,glibc_default_fresh,M,10,2,1,7806.00,0.0000,0.0000,8000.0,0.0,2.000,131072.0,0.000,0,0,131072,2,1,0,0,0,2,1
3,i32,2,16384,glibc_default_fresh,M_TWIN,11,0,1,7766.00,0.0000,0.0000,8000.0,0.0,2.000,131072.0,0.000,0,0,131072,2,1,0,0,0,2,1
3,i32,2,16384,glibc_default_fresh,M,11,1,1,7751.00,0.0000,0.0000,8000.0,0.0,2.000,131072.0,0.000,0,0,131072,2,1,0,0,0,2,1
3,i32,2,16384,glibc_default_fresh,R,11,2,1,7682.00,0.0000,0.0000,8000.0,0.0,2.000,131072.0,0.000,0,0,131072,2,0,2,1,0,2,1
3,i32,2,16384,glibc_default_fresh,M,12,0,1,7718.00,0.0000,0.0000,8000.0,0.0,2.000,131072.0,0.000,0,0,131072,2,1,0,0,0,2,1
3,i32,2,16384,glibc_default_fresh,R,12,1,1,7497.00,0.0000,0.0000,8000.0,0.0,2.000,131072.0,0.000,0,0,131072,2,0,2,1,0,2,1
3,i32,2,16384,glibc_default_fresh,M_TWIN,12,2,1,7763.00,0.0000,0.0000,9000.0,0.0,2.000,131072.0,0.000,0,0,131072,2,1,0,0,0,2,1
3,i32,2,16384,glibc_default_fresh,R,13,0,1,7542.00,0.0000,0.0000,8000.0,0.0,2.000,131072.0,0.000,0,0,131072,2,0,2,1,0,2,1
3,i32,2,16384,glibc_default_fresh,M_TWIN,13,1,1,7671.00,0.0000,0.0000,8000.0,0.0,2.000,131072.0,0.000,0,0,131072,2,1,0,0,0,2,1
3,i32,2,16384,glibc_default_fresh,M,13,2,1,7703.00,0.0000,0.0000,8000.0,0.0,2.000,131072.0,0.000,0,0,131072,2,1,0,0,0,2,1
3,i32,2,16384,glibc_default_fresh,M_TWIN,14,0,1,7731.00,0.0000,0.0000,8000.0,0.0,2.000,131072.0,0.000,0,0,131072,2,1,0,0,0,2,1
3,i32,2,16384,glibc_default_fresh,M,14,1,1,6900.00,0.0000,0.0000,7000.0,0.0,2.000,131072.0,0.000,0,0,131072,2,1,0,0,0,2,1
3,i32,2,16384,glibc_default_fresh,R,14,2,1,7517.00,0.0000,0.0000,8000.0,0.0,2.000,131072.0,0.000,0,0,131072,2,0,2,1,0,2,1
3,i32,2,65536,glibc_default_fresh,M,0,0,1,41420.00,2.0000,0.0000,53000.0,0.0,2.000,524288.0,0.000,0,0,524288,2,1,0,0,0,2,1
3,i32,2,65536,glibc_default_fresh,R,0,1,1,29730.00,0.0000,0.0000,31000.0,0.0,2.000,524288.0,0.000,0,0,524288,2,0,2,1,0,2,1
3,i32,2,65536,glibc_default_fresh,M_TWIN,0,2,1,32119.00,0.0000,0.0000,33000.0,0.0,2.000,524288.0,0.000,0,0,524288,2,1,0,0,0,2,1
3,i32,2,65536,glibc_default_fresh,R,1,0,1,29487.00,0.0000,0.0000,30000.0,0.0,2.000,524288.0,0.000,0,0,524288,2,0,2,1,0,2,1
3,i32,2,65536,glibc_default_fresh,M_TWIN,1,1,1,32168.00,0.0000,0.0000,33000.0,0.0,2.000,524288.0,0.000,0,0,524288,2,1,0,0,0,2,1
3,i32,2,65536,glibc_default_fresh,M,1,2,1,41267.00,0.0000,0.0000,42000.0,0.0,2.000,524288.0,0.000,0,0,524288,2,1,0,0,0,2,1
3,i32,2,65536,glibc_default_fresh,M_TWIN,2,0,1,35331.00,0.0000,0.0000,37000.0,0.0,2.000,524288.0,0.000,0,0,524288,2,1,0,0,0,2,1
3,i32,2,65536,glibc_default_fresh,M,2,1,1,32409.00,0.0000,0.0000,33000.0,0.0,2.000,524288.0,0.000,0,0,524288,2,1,0,0,0,2,1
3,i32,2,65536,glibc_default_fresh,R,2,2,1,29797.00,0.0000,0.0000,30000.0,0.0,2.000,524288.0,0.000,0,0,524288,2,0,2,1,0,2,1
3,i32,2,65536,glibc_default_fresh,M,3,0,1,36681.00,0.0000,0.0000,37000.0,0.0,2.000,524288.0,0.000,0,0,524288,2,1,0,0,0,2,1
3,i32,2,65536,glibc_default_fresh,R,3,1,1,47617.00,0.0000,0.0000,49000.0,0.0,2.000,524288.0,0.000,0,0,524288,2,0,2,1,0,2,1
3,i32,2,65536,glibc_default_fresh,M_TWIN,3,2,1,32170.00,0.0000,0.0000,33000.0,0.0,2.000,524288.0,0.000,0,0,524288,2,1,0,0,0,2,1
3,i32,2,65536,glibc_default_fresh,R,4,0,1,29560.00,0.0000,0.0000,30000.0,0.0,2.000,524288.0,0.000,0,0,524288,2,0,2,1,0,2,1
3,i32,2,65536,glibc_default_fresh,M_TWIN,4,1,1,31751.00,0.0000,0.0000,33000.0,0.0,2.000,524288.0,0.000,0,0,524288,2,1,0,0,0,2,1
3,i32,2,65536,glibc_default_fresh,M,4,2,1,32185.00,0.0000,0.0000,33000.0,0.0,2.000,524288.0,0.000,0,0,524288,2,1,0,0,0,2,1
3,i32,2,65536,glibc_default_fresh,M_TWIN,5,0,1,32359.00,0.0000,0.0000,33000.0,0.0,2.000,524288.0,0.000,0,0,524288,2,1,0,0,0,2,1
3,i32,2,65536,glibc_default_fresh,M,5,1,1,32215.00,0.0000,0.0000,34000.0,0.0,2.000,524288.0,0.000,0,0,524288,2,1,0,0,0,2,1
3,i32,2,65536,glibc_default_fresh,R,5,2,1,29758.00,0.0000,0.0000,31000.0,0.0,2.000,524288.0,0.000,0,0,524288,2,0,2,1,0,2,1
3,i32,2,65536,glibc_default_fresh,M,6,0,1,32243.00,0.0000,0.0000,33000.0,0.0,2.000,524288.0,0.000,0,0,524288,2,1,0,0,0,2,1
3,i32,2,65536,glibc_default_fresh,R,6,1,1,29457.00,0.0000,0.0000,30000.0,0.0,2.000,524288.0,0.000,0,0,524288,2,0,2,1,0,2,1
3,i32,2,65536,glibc_default_fresh,M_TWIN,6,2,1,31576.00,0.0000,0.0000,33000.0,0.0,2.000,524288.0,0.000,0,0,524288,2,1,0,0,0,2,1
3,i32,2,65536,glibc_default_fresh,R,7,0,1,64295.00,0.0000,0.0000,65000.0,0.0,2.000,524288.0,0.000,0,0,524288,2,0,2,1,0,2,1
3,i32,2,65536,glibc_default_fresh,M_TWIN,7,1,1,32380.00,0.0000,0.0000,33000.0,0.0,2.000,524288.0,0.000,0,0,524288,2,1,0,0,0,2,1
3,i32,2,65536,glibc_default_fresh,M,7,2,1,32413.00,0.0000,0.0000,34000.0,0.0,2.000,524288.0,0.000,0,0,524288,2,1,0,0,0,2,1
3,i32,2,65536,glibc_default_fresh,M_TWIN,8,0,1,32207.00,0.0000,0.0000,33000.0,0.0,2.000,524288.0,0.000,0,0,524288,2,1,0,0,0,2,1
3,i32,2,65536,glibc_default_fresh,M,8,1,1,32055.00,0.0000,0.0000,33000.0,0.0,2.000,524288.0,0.000,0,0,524288,2,1,0,0,0,2,1
3,i32,2,65536,glibc_default_fresh,R,8,2,1,29607.00,0.0000,0.0000,30000.0,0.0,2.000,524288.0,0.000,0,0,524288,2,0,2,1,0,2,1
3,i32,2,65536,glibc_default_fresh,M,9,0,1,32578.00,0.0000,0.0000,33000.0,0.0,2.000,524288.0,0.000,0,0,524288,2,1,0,0,0,2,1
3,i32,2,65536,glibc_default_fresh,R,9,1,1,29685.00,0.0000,0.0000,30000.0,0.0,2.000,524288.0,0.000,0,0,524288,2,0,2,1,0,2,1
3,i32,2,65536,glibc_default_fresh,M_TWIN,9,2,1,31659.00,0.0000,0.0000,33000.0,0.0,2.000,524288.0,0.000,0,0,524288,2,1,0,0,0,2,1
3,i32,2,65536,glibc_default_fresh,R,10,0,1,29445.00,0.0000,0.0000,30000.0,0.0,2.000,524288.0,0.000,0,0,524288,2,0,2,1,0,2,1
3,i32,2,65536,glibc_default_fresh,M_TWIN,10,1,1,32185.00,0.0000,0.0000,33000.0,0.0,2.000,524288.0,0.000,0,0,524288,2,1,0,0,0,2,1
3,i32,2,65536,glibc_default_fresh,M,10,2,1,82131.00,0.0000,0.0000,83000.0,0.0,2.000,524288.0,0.000,0,0,524288,2,1,0,0,0,2,1
3,i32,2,65536,glibc_default_fresh,M_TWIN,11,0,1,32821.00,0.0000,0.0000,34000.0,0.0,2.000,524288.0,0.000,0,0,524288,2,1,0,0,0,2,1
3,i32,2,65536,glibc_default_fresh,M,11,1,1,32306.00,0.0000,0.0000,33000.0,0.0,2.000,524288.0,0.000,0,0,524288,2,1,0,0,0,2,1
3,i32,2,65536,glibc_default_fresh,R,11,2,1,29738.00,0.0000,0.0000,31000.0,0.0,2.000,524288.0,0.000,0,0,524288,2,0,2,1,0,2,1
3,i32,2,65536,glibc_default_fresh,M,12,0,1,32062.00,0.0000,0.0000,33000.0,0.0,2.000,524288.0,0.000,0,0,524288,2,1,0,0,0,2,1
3,i32,2,65536,glibc_default_fresh,R,12,1,1,29812.00,0.0000,0.0000,30000.0,0.0,2.000,524288.0,0.000,0,0,524288,2,0,2,1,0,2,1
3,i32,2,65536,glibc_default_fresh,M_TWIN,12,2,1,32337.00,0.0000,0.0000,33000.0,0.0,2.000,524288.0,0.000,0,0,524288,2,1,0,0,0,2,1
3,i32,2,65536,glibc_default_fresh,R,13,0,1,29672.00,0.0000,0.0000,31000.0,0.0,2.000,524288.0,0.000,0,0,524288,2,0,2,1,0,2,1
3,i32,2,65536,glibc_default_fresh,M_TWIN,13,1,1,31997.00,0.0000,0.0000,33000.0,0.0,2.000,524288.0,0.000,0,0,524288,2,1,0,0,0,2,1
3,i32,2,65536,glibc_default_fresh,M,13,2,1,38718.00,0.0000,0.0000,40000.0,0.0,2.000,524288.0,0.000,0,0,524288,2,1,0,0,0,2,1
3,i32,2,65536,glibc_default_fresh,M_TWIN,14,0,1,31919.00,0.0000,0.0000,33000.0,0.0,2.000,524288.0,0.000,0,0,524288,2,1,0,0,0,2,1
3,i32,2,65536,glibc_default_fresh,M,14,1,1,48280.00,0.0000,0.0000,49000.0,0.0,2.000,524288.0,0.000,0,0,524288,2,1,0,0,0,2,1
3,i32,2,65536,glibc_default_fresh,R,14,2,1,42736.00,0.0000,0.0000,44000.0,0.0,2.000,524288.0,0.000,0,0,524288,2,0,2,1,0,2,1
3,i32,2,262144,glibc_default_fresh,M,0,0,1,286782.00,2.0000,0.0000,227000.0,76000.0,2.000,2097152.0,0.000,0,0,2097152,2,1,0,0,0,2,1
3,i32,2,262144,glibc_default_fresh,R,0,1,1,330203.00,0.0000,0.0000,251000.0,84000.0,2.000,2097152.0,0.000,0,0,2097152,2,0,2,1,0,2,1
3,i32,2,262144,glibc_default_fresh,M_TWIN,0,2,1,285261.00,0.0000,0.0000,287000.0,0.0,2.000,2097152.0,0.000,0,0,2097152,2,1,0,0,0,2,1
3,i32,2,262144,glibc_default_fresh,R,1,0,1,309476.00,0.0000,0.0000,312000.0,0.0,2.000,2097152.0,0.000,0,0,2097152,2,0,2,1,0,2,1
3,i32,2,262144,glibc_default_fresh,M_TWIN,1,1,1,285644.00,0.0000,0.0000,288000.0,0.0,2.000,2097152.0,0.000,0,0,2097152,2,1,0,0,0,2,1
3,i32,2,262144,glibc_default_fresh,M,1,2,1,313275.00,0.0000,0.0000,315000.0,0.0,2.000,2097152.0,0.000,0,0,2097152,2,1,0,0,0,2,1
3,i32,2,262144,glibc_default_fresh,M_TWIN,2,0,1,307038.00,0.0000,0.0000,309000.0,0.0,2.000,2097152.0,0.000,0,0,2097152,2,1,0,0,0,2,1
3,i32,2,262144,glibc_default_fresh,M,2,1,1,372510.00,0.0000,0.0000,358000.0,0.0,2.000,2097152.0,0.000,0,0,2097152,2,1,0,0,0,2,1
3,i32,2,262144,glibc_default_fresh,R,2,2,1,300155.00,0.0000,0.0000,302000.0,0.0,2.000,2097152.0,0.000,0,0,2097152,2,0,2,1,0,2,1
3,i32,2,262144,glibc_default_fresh,M,3,0,1,288561.00,0.0000,0.0000,291000.0,0.0,2.000,2097152.0,0.000,0,0,2097152,2,1,0,0,0,2,1
3,i32,2,262144,glibc_default_fresh,R,3,1,1,344484.00,0.0000,0.0000,348000.0,0.0,2.000,2097152.0,0.000,0,0,2097152,2,0,2,1,0,2,1
3,i32,2,262144,glibc_default_fresh,M_TWIN,3,2,1,285921.00,0.0000,0.0000,289000.0,0.0,2.000,2097152.0,0.000,0,0,2097152,2,1,0,0,0,2,1
3,i32,2,262144,glibc_default_fresh,R,4,0,1,342005.00,0.0000,0.0000,345000.0,0.0,2.000,2097152.0,0.000,0,0,2097152,2,0,2,1,0,2,1
3,i32,2,262144,glibc_default_fresh,M_TWIN,4,1,1,286180.00,0.0000,0.0000,289000.0,0.0,2.000,2097152.0,0.000,0,0,2097152,2,1,0,0,0,2,1
3,i32,2,262144,glibc_default_fresh,M,4,2,1,315594.00,0.0000,0.0000,317000.0,0.0,2.000,2097152.0,0.000,0,0,2097152,2,1,0,0,0,2,1
3,i32,2,262144,glibc_default_fresh,M_TWIN,5,0,1,309618.00,0.0000,0.0000,312000.0,0.0,2.000,2097152.0,0.000,0,0,2097152,2,1,0,0,0,2,1
3,i32,2,262144,glibc_default_fresh,M,5,1,1,293657.00,0.0000,0.0000,296000.0,0.0,2.000,2097152.0,0.000,0,0,2097152,2,1,0,0,0,2,1
3,i32,2,262144,glibc_default_fresh,R,5,2,1,300593.00,0.0000,0.0000,303000.0,0.0,2.000,2097152.0,0.000,0,0,2097152,2,0,2,1,0,2,1
3,i32,2,262144,glibc_default_fresh,M,6,0,1,288488.00,0.0000,0.0000,291000.0,0.0,2.000,2097152.0,0.000,0,0,2097152,2,1,0,0,0,2,1
3,i32,2,262144,glibc_default_fresh,R,6,1,1,330958.00,0.0000,0.0000,333000.0,0.0,2.000,2097152.0,0.000,0,0,2097152,2,0,2,1,0,2,1
3,i32,2,262144,glibc_default_fresh,M_TWIN,6,2,1,286354.00,0.0000,0.0000,288000.0,0.0,2.000,2097152.0,0.000,0,0,2097152,2,1,0,0,0,2,1
3,i32,2,262144,glibc_default_fresh,R,7,0,1,298997.00,0.0000,0.0000,301000.0,0.0,2.000,2097152.0,0.000,0,0,2097152,2,0,2,1,0,2,1
3,i32,2,262144,glibc_default_fresh,M_TWIN,7,1,1,286125.00,0.0000,0.0000,288000.0,0.0,2.000,2097152.0,0.000,0,0,2097152,2,1,0,0,0,2,1
3,i32,2,262144,glibc_default_fresh,M,7,2,1,315697.00,0.0000,0.0000,319000.0,0.0,2.000,2097152.0,0.000,0,0,2097152,2,1,0,0,0,2,1
3,i32,2,262144,glibc_default_fresh,M_TWIN,8,0,1,307440.00,0.0000,0.0000,310000.0,0.0,2.000,2097152.0,0.000,0,0,2097152,2,1,0,0,0,2,1
3,i32,2,262144,glibc_default_fresh,M,8,1,1,284905.00,0.0000,0.0000,287000.0,0.0,2.000,2097152.0,0.000,0,0,2097152,2,1,0,0,0,2,1
3,i32,2,262144,glibc_default_fresh,R,8,2,1,305466.00,0.0000,0.0000,308000.0,0.0,2.000,2097152.0,0.000,0,0,2097152,2,0,2,1,0,2,1
3,i32,2,262144,glibc_default_fresh,M,9,0,1,291446.00,0.0000,0.0000,294000.0,0.0,2.000,2097152.0,0.000,0,0,2097152,2,1,0,0,0,2,1
3,i32,2,262144,glibc_default_fresh,R,9,1,1,328686.00,0.0000,0.0000,331000.0,0.0,2.000,2097152.0,0.000,0,0,2097152,2,0,2,1,0,2,1
3,i32,2,262144,glibc_default_fresh,M_TWIN,9,2,1,286747.00,0.0000,0.0000,290000.0,0.0,2.000,2097152.0,0.000,0,0,2097152,2,1,0,0,0,2,1
3,i32,2,262144,glibc_default_fresh,R,10,0,1,310734.00,0.0000,0.0000,313000.0,0.0,2.000,2097152.0,0.000,0,0,2097152,2,0,2,1,0,2,1
3,i32,2,262144,glibc_default_fresh,M_TWIN,10,1,1,287478.00,0.0000,0.0000,290000.0,0.0,2.000,2097152.0,0.000,0,0,2097152,2,1,0,0,0,2,1
3,i32,2,262144,glibc_default_fresh,M,10,2,1,313410.00,0.0000,0.0000,316000.0,0.0,2.000,2097152.0,0.000,0,0,2097152,2,1,0,0,0,2,1
3,i32,2,262144,glibc_default_fresh,M_TWIN,11,0,1,287299.00,0.0000,0.0000,289000.0,0.0,2.000,2097152.0,0.000,0,0,2097152,2,1,0,0,0,2,1
3,i32,2,262144,glibc_default_fresh,M,11,1,1,300280.00,0.0000,0.0000,304000.0,0.0,2.000,2097152.0,0.000,0,0,2097152,2,1,0,0,0,2,1
3,i32,2,262144,glibc_default_fresh,R,11,2,1,334855.00,0.0000,0.0000,337000.0,0.0,2.000,2097152.0,0.000,0,0,2097152,2,0,2,1,0,2,1
3,i32,2,262144,glibc_default_fresh,M,12,0,1,294176.00,0.0000,0.0000,297000.0,0.0,2.000,2097152.0,0.000,0,0,2097152,2,1,0,0,0,2,1
3,i32,2,262144,glibc_default_fresh,R,12,1,1,329773.00,0.0000,0.0000,333000.0,0.0,2.000,2097152.0,0.000,0,0,2097152,2,0,2,1,0,2,1
3,i32,2,262144,glibc_default_fresh,M_TWIN,12,2,1,313497.00,0.0000,0.0000,316000.0,0.0,2.000,2097152.0,0.000,0,0,2097152,2,1,0,0,0,2,1
3,i32,2,262144,glibc_default_fresh,R,13,0,1,302960.00,0.0000,0.0000,306000.0,0.0,2.000,2097152.0,0.000,0,0,2097152,2,0,2,1,0,2,1
3,i32,2,262144,glibc_default_fresh,M_TWIN,13,1,1,286071.00,0.0000,0.0000,289000.0,0.0,2.000,2097152.0,0.000,0,0,2097152,2,1,0,0,0,2,1
3,i32,2,262144,glibc_default_fresh,M,13,2,1,319058.00,0.0000,0.0000,322000.0,0.0,2.000,2097152.0,0.000,0,0,2097152,2,1,0,0,0,2,1
3,i32,2,262144,glibc_default_fresh,M_TWIN,14,0,1,308501.00,0.0000,0.0000,311000.0,0.0,2.000,2097152.0,0.000,0,0,2097152,2,1,0,0,0,2,1
3,i32,2,262144,glibc_default_fresh,M,14,1,1,326437.00,0.0000,0.0000,329000.0,0.0,2.000,2097152.0,0.000,0,0,2097152,2,1,0,0,0,2,1
3,i32,2,262144,glibc_default_fresh,R,14,2,1,302156.00,0.0000,0.0000,306000.0,0.0,2.000,2097152.0,0.000,0,0,2097152,2,0,2,1,0,2,1
3,i32,2,1048576,glibc_default_fresh,M,0,0,1,1354673.00,2.0000,0.0000,1376000.0,0.0,2.000,8388608.0,0.000,0,0,8388608,2,1,0,0,0,2,1
3,i32,2,1048576,glibc_default_fresh,R,0,1,1,1250723.00,0.0000,0.0000,1090000.0,165000.0,2.000,8388608.0,0.000,0,0,8388608,2,0,2,1,0,2,1
3,i32,2,1048576,glibc_default_fresh,M_TWIN,0,2,1,1275532.00,0.0000,0.0000,1279000.0,0.0,2.000,8388608.0,0.000,0,0,8388608,2,1,0,0,0,2,1
3,i32,2,1048576,glibc_default_fresh,R,1,0,1,1255172.00,0.0000,0.0000,1259000.0,0.0,2.000,8388608.0,0.000,0,0,8388608,2,0,2,1,0,2,1
3,i32,2,1048576,glibc_default_fresh,M_TWIN,1,1,1,1296530.00,0.0000,0.0000,1300000.0,0.0,2.000,8388608.0,0.000,0,0,8388608,2,1,0,0,0,2,1
3,i32,2,1048576,glibc_default_fresh,M,1,2,1,1336712.00,0.0000,0.0000,1340000.0,0.0,2.000,8388608.0,0.000,0,0,8388608,2,1,0,0,0,2,1
3,i32,2,1048576,glibc_default_fresh,M_TWIN,2,0,1,1292922.00,0.0000,0.0000,1296000.0,0.0,2.000,8388608.0,0.000,0,0,8388608,2,1,0,0,0,2,1
3,i32,2,1048576,glibc_default_fresh,M,2,1,1,1271910.00,0.0000,0.0000,1276000.0,0.0,2.000,8388608.0,0.000,0,0,8388608,2,1,0,0,0,2,1
3,i32,2,1048576,glibc_default_fresh,R,2,2,1,1247612.00,0.0000,0.0000,1250000.0,0.0,2.000,8388608.0,0.000,0,0,8388608,2,0,2,1,0,2,1
3,i32,2,1048576,glibc_default_fresh,M,3,0,1,1311144.00,0.0000,0.0000,1314000.0,0.0,2.000,8388608.0,0.000,0,0,8388608,2,1,0,0,0,2,1
3,i32,2,1048576,glibc_default_fresh,R,3,1,1,1292904.00,0.0000,0.0000,1296000.0,0.0,2.000,8388608.0,0.000,0,0,8388608,2,0,2,1,0,2,1
3,i32,2,1048576,glibc_default_fresh,M_TWIN,3,2,1,1325180.00,0.0000,0.0000,1328000.0,0.0,2.000,8388608.0,0.000,0,0,8388608,2,1,0,0,0,2,1
3,i32,2,1048576,glibc_default_fresh,R,4,0,1,1488170.00,0.0000,0.0000,1494000.0,0.0,2.000,8388608.0,0.000,0,0,8388608,2,0,2,1,0,2,1
3,i32,2,1048576,glibc_default_fresh,M_TWIN,4,1,1,1320946.00,0.0000,0.0000,1325000.0,0.0,2.000,8388608.0,0.000,0,0,8388608,2,1,0,0,0,2,1
3,i32,2,1048576,glibc_default_fresh,M,4,2,1,1276972.00,0.0000,0.0000,1281000.0,0.0,2.000,8388608.0,0.000,0,0,8388608,2,1,0,0,0,2,1
3,i32,2,1048576,glibc_default_fresh,M_TWIN,5,0,1,1306658.00,0.0000,0.0000,1309000.0,0.0,2.000,8388608.0,0.000,0,0,8388608,2,1,0,0,0,2,1
3,i32,2,1048576,glibc_default_fresh,M,5,1,1,1390004.00,0.0000,0.0000,1393000.0,0.0,2.000,8388608.0,0.000,0,0,8388608,2,1,0,0,0,2,1
3,i32,2,1048576,glibc_default_fresh,R,5,2,1,1248096.00,0.0000,0.0000,1251000.0,0.0,2.000,8388608.0,0.000,0,0,8388608,2,0,2,1,0,2,1
3,i32,2,1048576,glibc_default_fresh,M,6,0,1,1280987.00,0.0000,0.0000,1284000.0,0.0,2.000,8388608.0,0.000,0,0,8388608,2,1,0,0,0,2,1
3,i32,2,1048576,glibc_default_fresh,R,6,1,1,1354538.00,0.0000,0.0000,1359000.0,0.0,2.000,8388608.0,0.000,0,0,8388608,2,0,2,1,0,2,1
3,i32,2,1048576,glibc_default_fresh,M_TWIN,6,2,1,1331420.00,0.0000,0.0000,1335000.0,0.0,2.000,8388608.0,0.000,0,0,8388608,2,1,0,0,0,2,1
3,i32,2,1048576,glibc_default_fresh,R,7,0,1,1294685.00,0.0000,0.0000,1298000.0,0.0,2.000,8388608.0,0.000,0,0,8388608,2,0,2,1,0,2,1
3,i32,2,1048576,glibc_default_fresh,M_TWIN,7,1,1,1295009.00,0.0000,0.0000,1298000.0,0.0,2.000,8388608.0,0.000,0,0,8388608,2,1,0,0,0,2,1
3,i32,2,1048576,glibc_default_fresh,M,7,2,1,1478000.00,0.0000,0.0000,1481000.0,0.0,2.000,8388608.0,0.000,0,0,8388608,2,1,0,0,0,2,1
3,i32,2,1048576,glibc_default_fresh,M_TWIN,8,0,1,1271100.00,0.0000,0.0000,1275000.0,0.0,2.000,8388608.0,0.000,0,0,8388608,2,1,0,0,0,2,1
3,i32,2,1048576,glibc_default_fresh,M,8,1,1,1275606.00,0.0000,0.0000,1278000.0,0.0,2.000,8388608.0,0.000,0,0,8388608,2,1,0,0,0,2,1
3,i32,2,1048576,glibc_default_fresh,R,8,2,1,1288467.00,0.0000,0.0000,1292000.0,0.0,2.000,8388608.0,0.000,0,0,8388608,2,0,2,1,0,2,1
3,i32,2,1048576,glibc_default_fresh,M,9,0,1,1353945.00,0.0000,0.0000,1358000.0,0.0,2.000,8388608.0,0.000,0,0,8388608,2,1,0,0,0,2,1
3,i32,2,1048576,glibc_default_fresh,R,9,1,1,1278010.00,0.0000,0.0000,1282000.0,0.0,2.000,8388608.0,0.000,0,0,8388608,2,0,2,1,0,2,1
3,i32,2,1048576,glibc_default_fresh,M_TWIN,9,2,1,1284863.00,0.0000,0.0000,1289000.0,0.0,2.000,8388608.0,0.000,0,0,8388608,2,1,0,0,0,2,1
3,i32,2,1048576,glibc_default_fresh,R,10,0,1,1257910.00,0.0000,0.0000,1262000.0,0.0,2.000,8388608.0,0.000,0,0,8388608,2,0,2,1,0,2,1
3,i32,2,1048576,glibc_default_fresh,M_TWIN,10,1,1,1349501.00,0.0000,0.0000,1353000.0,0.0,2.000,8388608.0,0.000,0,0,8388608,2,1,0,0,0,2,1
3,i32,2,1048576,glibc_default_fresh,M,10,2,1,1377052.00,0.0000,0.0000,1380000.0,0.0,2.000,8388608.0,0.000,0,0,8388608,2,1,0,0,0,2,1
3,i32,2,1048576,glibc_default_fresh,M_TWIN,11,0,1,1283472.00,0.0000,0.0000,1287000.0,0.0,2.000,8388608.0,0.000,0,0,8388608,2,1,0,0,0,2,1
3,i32,2,1048576,glibc_default_fresh,M,11,1,1,1343892.00,0.0000,0.0000,1348000.0,0.0,2.000,8388608.0,0.000,0,0,8388608,2,1,0,0,0,2,1
3,i32,2,1048576,glibc_default_fresh,R,11,2,1,1311854.00,0.0000,0.0000,1316000.0,0.0,2.000,8388608.0,0.000,0,0,8388608,2,0,2,1,0,2,1
3,i32,2,1048576,glibc_default_fresh,M,12,0,1,1273935.00,0.0000,0.0000,1277000.0,0.0,2.000,8388608.0,0.000,0,0,8388608,2,1,0,0,0,2,1
3,i32,2,1048576,glibc_default_fresh,R,12,1,1,1284515.00,0.0000,0.0000,1288000.0,0.0,2.000,8388608.0,0.000,0,0,8388608,2,0,2,1,0,2,1
3,i32,2,1048576,glibc_default_fresh,M_TWIN,12,2,1,1408990.00,0.0000,0.0000,1412000.0,0.0,2.000,8388608.0,0.000,0,0,8388608,2,1,0,0,0,2,1
3,i32,2,1048576,glibc_default_fresh,R,13,0,1,1286173.00,0.0000,0.0000,1290000.0,0.0,2.000,8388608.0,0.000,0,0,8388608,2,0,2,1,0,2,1
3,i32,2,1048576,glibc_default_fresh,M_TWIN,13,1,1,1317809.00,0.0000,0.0000,1321000.0,0.0,2.000,8388608.0,0.000,0,0,8388608,2,1,0,0,0,2,1
3,i32,2,1048576,glibc_default_fresh,M,13,2,1,1326679.00,0.0000,0.0000,1330000.0,0.0,2.000,8388608.0,0.000,0,0,8388608,2,1,0,0,0,2,1
3,i32,2,1048576,glibc_default_fresh,M_TWIN,14,0,1,1337476.00,0.0000,0.0000,1341000.0,0.0,2.000,8388608.0,0.000,0,0,8388608,2,1,0,0,0,2,1
3,i32,2,1048576,glibc_default_fresh,M,14,1,1,1349545.00,0.0000,0.0000,1353000.0,0.0,2.000,8388608.0,0.000,0,0,8388608,2,1,0,0,0,2,1
3,i32,2,1048576,glibc_default_fresh,R,14,2,1,1314531.00,0.0000,0.0000,1319000.0,0.0,2.000,8388608.0,0.000,0,0,8388608,2,0,2,1,0,2,1
3,i32,2,4194304,glibc_default_fresh,M,0,0,1,6050396.00,2.0000,0.0000,5248000.0,835000.0,2.000,33554432.0,0.000,0,0,33554432,2,1,0,0,0,2,1
3,i32,2,4194304,glibc_default_fresh,R,0,1,1,6007183.00,0.0000,0.0000,5930000.0,83000.0,2.000,33554432.0,0.000,0,0,33554432,2,0,2,1,0,2,1
3,i32,2,4194304,glibc_default_fresh,M_TWIN,0,2,1,6170752.00,0.0000,0.0000,6177000.0,0.0,2.000,33554432.0,0.000,0,0,33554432,2,1,0,0,0,2,1
3,i32,2,4194304,glibc_default_fresh,R,1,0,1,5527220.00,0.0000,0.0000,5532000.0,0.0,2.000,33554432.0,0.000,0,0,33554432,2,0,2,1,0,2,1
3,i32,2,4194304,glibc_default_fresh,M_TWIN,1,1,1,6006955.00,0.0000,0.0000,6012000.0,0.0,2.000,33554432.0,0.000,0,0,33554432,2,1,0,0,0,2,1
3,i32,2,4194304,glibc_default_fresh,M,1,2,1,5906385.00,0.0000,0.0000,5911000.0,0.0,2.000,33554432.0,0.000,0,0,33554432,2,1,0,0,0,2,1
3,i32,2,4194304,glibc_default_fresh,M_TWIN,2,0,1,5850608.00,0.0000,0.0000,5683000.0,171000.0,2.000,33554432.0,0.000,0,0,33554432,2,1,0,0,0,2,1
3,i32,2,4194304,glibc_default_fresh,M,2,1,1,6029911.00,0.0000,0.0000,6034000.0,0.0,2.000,33554432.0,0.000,0,0,33554432,2,1,0,0,0,2,1
3,i32,2,4194304,glibc_default_fresh,R,2,2,1,5893383.00,0.0000,0.0000,5898000.0,0.0,2.000,33554432.0,0.000,0,0,33554432,2,0,2,1,0,2,1
3,i32,2,4194304,glibc_default_fresh,M,3,0,1,5840242.00,0.0000,0.0000,5845000.0,0.0,2.000,33554432.0,0.000,0,0,33554432,2,1,0,0,0,2,1
3,i32,2,4194304,glibc_default_fresh,R,3,1,1,5722572.00,0.0000,0.0000,5726000.0,0.0,2.000,33554432.0,0.000,0,0,33554432,2,0,2,1,0,2,1
3,i32,2,4194304,glibc_default_fresh,M_TWIN,3,2,1,5958630.00,0.0000,0.0000,5963000.0,0.0,2.000,33554432.0,0.000,0,0,33554432,2,1,0,0,0,2,1
3,i32,2,4194304,glibc_default_fresh,R,4,0,1,5591120.00,0.0000,0.0000,5595000.0,0.0,2.000,33554432.0,0.000,0,0,33554432,2,0,2,1,0,2,1
3,i32,2,4194304,glibc_default_fresh,M_TWIN,4,1,1,5680466.00,0.0000,0.0000,5685000.0,0.0,2.000,33554432.0,0.000,0,0,33554432,2,1,0,0,0,2,1
3,i32,2,4194304,glibc_default_fresh,M,4,2,1,5649279.00,0.0000,0.0000,5653000.0,0.0,2.000,33554432.0,0.000,0,0,33554432,2,1,0,0,0,2,1
3,i32,2,4194304,glibc_default_fresh,M_TWIN,5,0,1,6371285.00,0.0000,0.0000,6377000.0,0.0,2.000,33554432.0,0.000,0,0,33554432,2,1,0,0,0,2,1
3,i32,2,4194304,glibc_default_fresh,M,5,1,1,6335092.00,0.0000,0.0000,6340000.0,0.0,2.000,33554432.0,0.000,0,0,33554432,2,1,0,0,0,2,1
3,i32,2,4194304,glibc_default_fresh,R,5,2,1,5899221.00,0.0000,0.0000,5904000.0,0.0,2.000,33554432.0,0.000,0,0,33554432,2,0,2,1,0,2,1
3,i32,2,4194304,glibc_default_fresh,M,6,0,1,6083844.00,0.0000,0.0000,6087000.0,0.0,2.000,33554432.0,0.000,0,0,33554432,2,1,0,0,0,2,1
3,i32,2,4194304,glibc_default_fresh,R,6,1,1,5733520.00,0.0000,0.0000,5739000.0,0.0,2.000,33554432.0,0.000,0,0,33554432,2,0,2,1,0,2,1
3,i32,2,4194304,glibc_default_fresh,M_TWIN,6,2,1,6794158.00,0.0000,0.0000,6799000.0,0.0,2.000,33554432.0,0.000,0,0,33554432,2,1,0,0,0,2,1
3,i32,2,4194304,glibc_default_fresh,R,7,0,1,5938239.00,0.0000,0.0000,5944000.0,0.0,2.000,33554432.0,0.000,0,0,33554432,2,0,2,1,0,2,1
3,i32,2,4194304,glibc_default_fresh,M_TWIN,7,1,1,5700109.00,0.0000,0.0000,5704000.0,0.0,2.000,33554432.0,0.000,0,0,33554432,2,1,0,0,0,2,1
3,i32,2,4194304,glibc_default_fresh,M,7,2,1,6491134.00,0.0000,0.0000,6496000.0,0.0,2.000,33554432.0,0.000,0,0,33554432,2,1,0,0,0,2,1
3,i32,2,4194304,glibc_default_fresh,M_TWIN,8,0,1,5727954.00,0.0000,0.0000,5733000.0,0.0,2.000,33554432.0,0.000,0,0,33554432,2,1,0,0,0,2,1
3,i32,2,4194304,glibc_default_fresh,M,8,1,1,5888037.00,0.0000,0.0000,5893000.0,0.0,2.000,33554432.0,0.000,0,0,33554432,2,1,0,0,0,2,1
3,i32,2,4194304,glibc_default_fresh,R,8,2,1,5595348.00,0.0000,0.0000,5599000.0,0.0,2.000,33554432.0,0.000,0,0,33554432,2,0,2,1,0,2,1
3,i32,2,4194304,glibc_default_fresh,M,9,0,1,5701294.00,0.0000,0.0000,5705000.0,0.0,2.000,33554432.0,0.000,0,0,33554432,2,1,0,0,0,2,1
3,i32,2,4194304,glibc_default_fresh,R,9,1,1,5464252.00,0.0000,0.0000,5468000.0,0.0,2.000,33554432.0,0.000,0,0,33554432,2,0,2,1,0,2,1
3,i32,2,4194304,glibc_default_fresh,M_TWIN,9,2,1,5597541.00,0.0000,0.0000,5603000.0,0.0,2.000,33554432.0,0.000,0,0,33554432,2,1,0,0,0,2,1
3,i32,2,4194304,glibc_default_fresh,R,10,0,1,5389626.00,0.0000,0.0000,5394000.0,0.0,2.000,33554432.0,0.000,0,0,33554432,2,0,2,1,0,2,1
3,i32,2,4194304,glibc_default_fresh,M_TWIN,10,1,1,5656478.00,0.0000,0.0000,5661000.0,0.0,2.000,33554432.0,0.000,0,0,33554432,2,1,0,0,0,2,1
3,i32,2,4194304,glibc_default_fresh,M,10,2,1,5711814.00,0.0000,0.0000,5678000.0,0.0,2.000,33554432.0,0.000,0,0,33554432,2,1,0,0,0,2,1
3,i32,2,4194304,glibc_default_fresh,M_TWIN,11,0,1,5542845.00,0.0000,0.0000,5547000.0,0.0,2.000,33554432.0,0.000,0,0,33554432,2,1,0,0,0,2,1
3,i32,2,4194304,glibc_default_fresh,M,11,1,1,5728918.00,0.0000,0.0000,5734000.0,0.0,2.000,33554432.0,0.000,0,0,33554432,2,1,0,0,0,2,1
3,i32,2,4194304,glibc_default_fresh,R,11,2,1,5289373.00,0.0000,0.0000,5293000.0,0.0,2.000,33554432.0,0.000,0,0,33554432,2,0,2,1,0,2,1
3,i32,2,4194304,glibc_default_fresh,M,12,0,1,5491623.00,0.0000,0.0000,5496000.0,0.0,2.000,33554432.0,0.000,0,0,33554432,2,1,0,0,0,2,1
3,i32,2,4194304,glibc_default_fresh,R,12,1,1,5504963.00,0.0000,0.0000,5509000.0,0.0,2.000,33554432.0,0.000,0,0,33554432,2,0,2,1,0,2,1
3,i32,2,4194304,glibc_default_fresh,M_TWIN,12,2,1,5626120.00,0.0000,0.0000,5631000.0,0.0,2.000,33554432.0,0.000,0,0,33554432,2,1,0,0,0,2,1
3,i32,2,4194304,glibc_default_fresh,R,13,0,1,5522698.00,0.0000,0.0000,5527000.0,0.0,2.000,33554432.0,0.000,0,0,33554432,2,0,2,1,0,2,1
3,i32,2,4194304,glibc_default_fresh,M_TWIN,13,1,1,5832750.00,0.0000,0.0000,5837000.0,0.0,2.000,33554432.0,0.000,0,0,33554432,2,1,0,0,0,2,1
3,i32,2,4194304,glibc_default_fresh,M,13,2,1,6064234.00,0.0000,0.0000,6069000.0,0.0,2.000,33554432.0,0.000,0,0,33554432,2,1,0,0,0,2,1
3,i32,2,4194304,glibc_default_fresh,M_TWIN,14,0,1,5619314.00,0.0000,0.0000,5622000.0,0.0,2.000,33554432.0,0.000,0,0,33554432,2,1,0,0,0,2,1
3,i32,2,4194304,glibc_default_fresh,M,14,1,1,5977958.00,0.0000,0.0000,5982000.0,0.0,2.000,33554432.0,0.000,0,0,33554432,2,1,0,0,0,2,1
3,i32,2,4194304,glibc_default_fresh,R,14,2,1,6092452.00,0.0000,0.0000,6097000.0,0.0,2.000,33554432.0,0.000,0,0,33554432,2,0,2,1,0,2,1
3,i32,2,16777216,glibc_default_fresh,M,0,0,1,81093005.00,32772.0000,0.0000,44473000.0,36643000.0,2.000,134217728.0,0.000,0,0,134217728,2,1,0,0,0,2,1
3,i32,2,16777216,glibc_default_fresh,R,0,1,1,79248583.00,32770.0000,0.0000,23687000.0,55567000.0,2.000,134217728.0,0.000,0,0,134217728,2,0,2,1,0,2,1
3,i32,2,16777216,glibc_default_fresh,M_TWIN,0,2,1,80220052.00,32770.0000,0.0000,24105000.0,56121000.0,2.000,134217728.0,0.000,0,0,134217728,2,1,0,0,0,2,1
3,i32,2,16777216,glibc_default_fresh,R,1,0,1,80263380.00,32770.0000,0.0000,32116000.0,48114000.0,2.000,134217728.0,0.000,0,0,134217728,2,0,2,1,0,2,1
3,i32,2,16777216,glibc_default_fresh,M_TWIN,1,1,1,82034077.00,32770.0000,0.0000,35141000.0,46898000.0,2.000,134217728.0,0.000,0,0,134217728,2,1,0,0,0,2,1
3,i32,2,16777216,glibc_default_fresh,M,1,2,1,83238871.00,32770.0000,0.0000,47628000.0,35587000.0,2.000,134217728.0,0.000,0,0,134217728,2,1,0,0,0,2,1
3,i32,2,16777216,glibc_default_fresh,M_TWIN,2,0,1,83748436.00,32770.0000,0.0000,39888000.0,43869000.0,2.000,134217728.0,0.000,0,0,134217728,2,1,0,0,0,2,1
3,i32,2,16777216,glibc_default_fresh,M,2,1,1,81291346.00,32770.0000,0.0000,46748000.0,34453000.0,2.000,134217728.0,0.000,0,0,134217728,2,1,0,0,0,2,1
3,i32,2,16777216,glibc_default_fresh,R,2,2,1,84292054.00,32770.0000,0.0000,28129000.0,56147000.0,2.000,134217728.0,0.000,0,0,134217728,2,0,2,1,0,2,1
3,i32,2,16777216,glibc_default_fresh,M,3,0,1,84807416.00,32770.0000,0.0000,48369000.0,36445000.0,2.000,134217728.0,0.000,0,0,134217728,2,1,0,0,0,2,1
3,i32,2,16777216,glibc_default_fresh,R,3,1,1,81432572.00,32770.0000,0.0000,26827000.0,54611000.0,2.000,134217728.0,0.000,0,0,134217728,2,0,2,1,0,2,1
3,i32,2,16777216,glibc_default_fresh,M_TWIN,3,2,1,82424545.00,32770.0000,0.0000,35282000.0,47117000.0,2.000,134217728.0,0.000,0,0,134217728,2,1,0,0,0,2,1
3,i32,2,16777216,glibc_default_fresh,R,4,0,1,81431328.00,32770.0000,0.0000,36647000.0,44779000.0,2.000,134217728.0,0.000,0,0,134217728,2,0,2,1,0,2,1
3,i32,2,16777216,glibc_default_fresh,M_TWIN,4,1,1,82246311.00,32770.0000,0.0000,39205000.0,43048000.0,2.000,134217728.0,0.000,0,0,134217728,2,1,0,0,0,2,1
3,i32,2,16777216,glibc_default_fresh,M,4,2,1,86111324.00,32770.0000,0.0000,35135000.0,50974000.0,2.000,134217728.0,0.000,0,0,134217728,2,1,0,0,0,2,1
3,i32,2,16777216,glibc_default_fresh,M_TWIN,5,0,1,90842536.00,32770.0000,0.0000,35480000.0,55371000.0,2.000,134217728.0,0.000,0,0,134217728,2,1,0,0,0,2,1
3,i32,2,16777216,glibc_default_fresh,M,5,1,1,82467257.00,32770.0000,0.0000,39306000.0,43144000.0,2.000,134217728.0,0.000,0,0,134217728,2,1,0,0,0,2,1
3,i32,2,16777216,glibc_default_fresh,R,5,2,1,80603259.00,32770.0000,0.0000,40246000.0,40331000.0,2.000,134217728.0,0.000,0,0,134217728,2,0,2,1,0,2,1
3,i32,2,16777216,glibc_default_fresh,M,6,0,1,81462756.00,32770.0000,0.0000,32669000.0,48799000.0,2.000,134217728.0,0.000,0,0,134217728,2,1,0,0,0,2,1
3,i32,2,16777216,glibc_default_fresh,R,6,1,1,81369795.00,32770.0000,0.0000,44622000.0,36742000.0,2.000,134217728.0,0.000,0,0,134217728,2,0,2,1,0,2,1
3,i32,2,16777216,glibc_default_fresh,M_TWIN,6,2,1,82262775.00,32770.0000,0.0000,39214000.0,43019000.0,2.000,134217728.0,0.000,0,0,134217728,2,1,0,0,0,2,1
3,i32,2,16777216,glibc_default_fresh,R,7,0,1,82064474.00,32770.0000,0.0000,43120000.0,38952000.0,2.000,134217728.0,0.000,0,0,134217728,2,0,2,1,0,2,1
3,i32,2,16777216,glibc_default_fresh,M_TWIN,7,1,1,82671155.00,32770.0000,0.0000,31400000.0,51278000.0,2.000,134217728.0,0.000,0,0,134217728,2,1,0,0,0,2,1
3,i32,2,16777216,glibc_default_fresh,M,7,2,1,84846882.00,32770.0000,0.0000,26574000.0,58279000.0,2.000,134217728.0,0.000,0,0,134217728,2,1,0,0,0,2,1
3,i32,2,16777216,glibc_default_fresh,M_TWIN,8,0,1,82218271.00,32770.0000,0.0000,43193000.0,39024000.0,2.000,134217728.0,0.000,0,0,134217728,2,1,0,0,0,2,1
3,i32,2,16777216,glibc_default_fresh,M,8,1,1,81440189.00,32770.0000,0.0000,28647000.0,52787000.0,2.000,134217728.0,0.000,0,0,134217728,2,1,0,0,0,2,1
3,i32,2,16777216,glibc_default_fresh,R,8,2,1,80798691.00,32770.0000,0.0000,28362000.0,52431000.0,2.000,134217728.0,0.000,0,0,134217728,2,0,2,1,0,2,1
3,i32,2,16777216,glibc_default_fresh,M,9,0,1,81067747.00,32770.0000,0.0000,44486000.0,36588000.0,2.000,134217728.0,0.000,0,0,134217728,2,1,0,0,0,2,1
3,i32,2,16777216,glibc_default_fresh,R,9,1,1,80890852.00,32770.0000,0.0000,36390000.0,44464000.0,2.000,134217728.0,0.000,0,0,134217728,2,0,2,1,0,2,1
3,i32,2,16777216,glibc_default_fresh,M_TWIN,9,2,1,86511349.00,32770.0000,0.0000,43313000.0,43182000.0,2.000,134217728.0,0.000,0,0,134217728,2,1,0,0,0,2,1
3,i32,2,16777216,glibc_default_fresh,R,10,0,1,81038602.00,32770.0000,0.0000,24470000.0,56565000.0,2.000,134217728.0,0.000,0,0,134217728,2,0,2,1,0,2,1
3,i32,2,16777216,glibc_default_fresh,M_TWIN,10,1,1,82049649.00,32770.0000,0.0000,19126000.0,62931000.0,2.000,134217728.0,0.000,0,0,134217728,2,1,0,0,0,2,1
3,i32,2,16777216,glibc_default_fresh,M,10,2,1,81703944.00,32770.0000,0.0000,50962000.0,30748000.0,2.000,134217728.0,0.000,0,0,134217728,2,1,0,0,0,2,1
3,i32,2,16777216,glibc_default_fresh,M_TWIN,11,0,1,81833359.00,32770.0000,0.0000,28819000.0,53000000.0,2.000,134217728.0,0.000,0,0,134217728,2,1,0,0,0,2,1
3,i32,2,16777216,glibc_default_fresh,M,11,1,1,82157692.00,32770.0000,0.0000,36975000.0,45189000.0,2.000,134217728.0,0.000,0,0,134217728,2,1,0,0,0,2,1
3,i32,2,16777216,glibc_default_fresh,R,11,2,1,84463695.00,32770.0000,0.0000,38414000.0,46054000.0,2.000,134217728.0,0.000,0,0,134217728,2,0,2,1,0,2,1
3,i32,2,16777216,glibc_default_fresh,M,12,0,1,83882576.00,32770.0000,0.0000,51943000.0,31945000.0,2.000,134217728.0,0.000,0,0,134217728,2,1,0,0,0,2,1
3,i32,2,16777216,glibc_default_fresh,R,12,1,1,80339895.00,32770.0000,0.0000,14357000.0,65988000.0,2.000,134217728.0,0.000,0,0,134217728,2,0,2,1,0,2,1
3,i32,2,16777216,glibc_default_fresh,M_TWIN,12,2,1,81742096.00,32770.0000,0.0000,18991000.0,62758000.0,2.000,134217728.0,0.000,0,0,134217728,2,1,0,0,0,2,1
3,i32,2,16777216,glibc_default_fresh,R,13,0,1,79738122.00,32770.0000,0.0000,33675000.0,46068000.0,2.000,134217728.0,0.000,0,0,134217728,2,0,2,1,0,2,1
3,i32,2,16777216,glibc_default_fresh,M_TWIN,13,1,1,82479038.00,32770.0000,0.0000,33110000.0,49374000.0,2.000,134217728.0,0.000,0,0,134217728,2,1,0,0,0,2,1
3,i32,2,16777216,glibc_default_fresh,M,13,2,1,83203189.00,32770.0000,0.0000,43646000.0,39565000.0,2.000,134217728.0,0.000,0,0,134217728,2,1,0,0,0,2,1
3,i32,2,16777216,glibc_default_fresh,M_TWIN,14,0,1,100827578.00,32770.0000,0.0000,36374000.0,64460000.0,2.000,134217728.0,0.000,0,0,134217728,2,1,0,0,0,2,1
3,i32,2,16777216,glibc_default_fresh,M,14,1,1,92508877.00,32770.0000,0.0000,32163000.0,60203000.0,2.000,134217728.0,0.000,0,0,134217728,2,1,0,0,0,2,1
3,i32,2,16777216,glibc_default_fresh,R,14,2,1,83312880.00,32770.0000,0.0000,29474000.0,53829000.0,2.000,134217728.0,0.000,0,0,134217728,2,0,2,1,0,2,1
3,i32,3,64,glibc_default_fresh,M,0,0,1000,831.10,0.2020,0.0000,564.0,282.0,3.000,768.0,0.000,0,0,768000,3,1,0,0,0,3,1
3,i32,3,64,glibc_default_fresh,R,0,1,1000,882.93,0.2000,0.0000,884.0,0.0,3.000,768.0,0.000,0,0,768000,3,0,3,1,0,3,1
3,i32,3,64,glibc_default_fresh,M_TWIN,0,2,1000,841.06,0.2000,0.0000,842.0,0.0,3.000,768.0,0.000,0,0,768000,3,1,0,0,0,3,1
3,i32,3,64,glibc_default_fresh,R,1,0,1000,1148.66,0.2000,0.0000,1151.0,0.0,3.000,768.0,0.000,0,0,768000,3,0,3,1,0,3,1
3,i32,3,64,glibc_default_fresh,M_TWIN,1,1,1000,851.74,0.2000,0.0000,853.0,0.0,3.000,768.0,0.000,0,0,768000,3,1,0,0,0,3,1
3,i32,3,64,glibc_default_fresh,M,1,2,1000,836.63,0.2000,0.0000,837.0,0.0,3.000,768.0,0.000,0,0,768000,3,1,0,0,0,3,1
3,i32,3,64,glibc_default_fresh,M_TWIN,2,0,1000,832.06,0.2000,0.0000,833.0,0.0,3.000,768.0,0.000,0,0,768000,3,1,0,0,0,3,1
3,i32,3,64,glibc_default_fresh,M,2,1,1000,830.65,0.2000,0.0000,832.0,0.0,3.000,768.0,0.000,0,0,768000,3,1,0,0,0,3,1
3,i32,3,64,glibc_default_fresh,R,2,2,1000,896.34,0.2000,0.0000,897.0,0.0,3.000,768.0,0.000,0,0,768000,3,0,3,1,0,3,1
3,i32,3,64,glibc_default_fresh,M,3,0,1000,832.53,0.2000,0.0000,833.0,0.0,3.000,768.0,0.000,0,0,768000,3,1,0,0,0,3,1
3,i32,3,64,glibc_default_fresh,R,3,1,1000,882.82,0.2000,0.0000,883.0,0.0,3.000,768.0,0.000,0,0,768000,3,0,3,1,0,3,1
3,i32,3,64,glibc_default_fresh,M_TWIN,3,2,1000,824.60,0.2000,0.0000,826.0,0.0,3.000,768.0,0.000,0,0,768000,3,1,0,0,0,3,1
3,i32,3,64,glibc_default_fresh,R,4,0,1000,884.31,0.2000,0.0000,886.0,0.0,3.000,768.0,0.000,0,0,768000,3,0,3,1,0,3,1
3,i32,3,64,glibc_default_fresh,M_TWIN,4,1,1000,820.65,0.2000,0.0000,0.0,821.0,3.000,768.0,0.000,0,0,768000,3,1,0,0,0,3,1
3,i32,3,64,glibc_default_fresh,M,4,2,1000,801.70,0.2000,0.0000,138.0,665.0,3.000,768.0,0.000,0,0,768000,3,1,0,0,0,3,1
3,i32,3,64,glibc_default_fresh,M_TWIN,5,0,1000,811.67,0.2000,0.0000,813.0,0.0,3.000,768.0,0.000,0,0,768000,3,1,0,0,0,3,1
3,i32,3,64,glibc_default_fresh,M,5,1,1000,825.60,0.2000,0.0000,828.0,0.0,3.000,768.0,0.000,0,0,768000,3,1,0,0,0,3,1
3,i32,3,64,glibc_default_fresh,R,5,2,1000,908.35,0.2000,0.0000,0.0,910.0,3.000,768.0,0.000,0,0,768000,3,0,3,1,0,3,1
3,i32,3,64,glibc_default_fresh,M,6,0,1000,824.12,0.2000,0.0000,0.0,825.0,3.000,768.0,0.000,0,0,768000,3,1,0,0,0,3,1
3,i32,3,64,glibc_default_fresh,R,6,1,1000,889.02,0.2000,0.0000,0.0,890.0,3.000,768.0,0.000,0,0,768000,3,0,3,1,0,3,1
3,i32,3,64,glibc_default_fresh,M_TWIN,6,2,1000,809.30,0.2000,0.0000,0.0,810.0,3.000,768.0,0.000,0,0,768000,3,1,0,0,0,3,1
3,i32,3,64,glibc_default_fresh,R,7,0,1000,1011.06,0.2000,0.0000,1013.0,0.0,3.000,768.0,0.000,0,0,768000,3,0,3,1,0,3,1
3,i32,3,64,glibc_default_fresh,M_TWIN,7,1,1000,835.45,0.2000,0.0000,700.0,138.0,3.000,768.0,0.000,0,0,768000,3,1,0,0,0,3,1
3,i32,3,64,glibc_default_fresh,M,7,2,1000,936.98,0.2000,0.0000,938.0,0.0,3.000,768.0,0.000,0,0,768000,3,1,0,0,0,3,1
3,i32,3,64,glibc_default_fresh,M_TWIN,8,0,1000,837.95,0.2000,0.0000,840.0,0.0,3.000,768.0,0.000,0,0,768000,3,1,0,0,0,3,1
3,i32,3,64,glibc_default_fresh,M,8,1,1000,822.66,0.2000,0.0000,0.0,824.0,3.000,768.0,0.000,0,0,768000,3,1,0,0,0,3,1
3,i32,3,64,glibc_default_fresh,R,8,2,1000,885.43,0.2000,0.0000,0.0,887.0,3.000,768.0,0.000,0,0,768000,3,0,3,1,0,3,1
3,i32,3,64,glibc_default_fresh,M,9,0,1000,806.59,0.2000,0.0000,808.0,0.0,3.000,768.0,0.000,0,0,768000,3,1,0,0,0,3,1
3,i32,3,64,glibc_default_fresh,R,9,1,1000,874.25,0.2000,0.0000,867.0,8.0,3.000,768.0,0.000,0,0,768000,3,0,3,1,0,3,1
3,i32,3,64,glibc_default_fresh,M_TWIN,9,2,1000,807.00,0.2000,0.0000,0.0,808.0,3.000,768.0,0.000,0,0,768000,3,1,0,0,0,3,1
3,i32,3,64,glibc_default_fresh,R,10,0,1000,871.04,0.2000,0.0000,0.0,872.0,3.000,768.0,0.000,0,0,768000,3,0,3,1,0,3,1
3,i32,3,64,glibc_default_fresh,M_TWIN,10,1,1000,828.54,0.2000,0.0000,830.0,0.0,3.000,768.0,0.000,0,0,768000,3,1,0,0,0,3,1
3,i32,3,64,glibc_default_fresh,M,10,2,1000,836.56,0.2000,0.0000,776.0,62.0,3.000,768.0,0.000,0,0,768000,3,1,0,0,0,3,1
3,i32,3,64,glibc_default_fresh,M_TWIN,11,0,1000,825.55,0.2000,0.0000,826.0,0.0,3.000,768.0,0.000,0,0,768000,3,1,0,0,0,3,1
3,i32,3,64,glibc_default_fresh,M,11,1,1000,840.84,0.2000,0.0000,846.0,0.0,3.000,768.0,0.000,0,0,768000,3,1,0,0,0,3,1
3,i32,3,64,glibc_default_fresh,R,11,2,1000,885.51,0.2000,0.0000,886.0,0.0,3.000,768.0,0.000,0,0,768000,3,0,3,1,0,3,1
3,i32,3,64,glibc_default_fresh,M,12,0,1000,830.98,0.2000,0.0000,832.0,0.0,3.000,768.0,0.000,0,0,768000,3,1,0,0,0,3,1
3,i32,3,64,glibc_default_fresh,R,12,1,1000,981.96,0.2000,0.0000,0.0,983.0,3.000,768.0,0.000,0,0,768000,3,0,3,1,0,3,1
3,i32,3,64,glibc_default_fresh,M_TWIN,12,2,1000,850.33,0.2000,0.0000,146.0,706.0,3.000,768.0,0.000,0,0,768000,3,1,0,0,0,3,1
3,i32,3,64,glibc_default_fresh,R,13,0,1000,894.57,0.2000,0.0000,0.0,896.0,3.000,768.0,0.000,0,0,768000,3,0,3,1,0,3,1
3,i32,3,64,glibc_default_fresh,M_TWIN,13,1,1000,835.99,0.2000,0.0000,0.0,837.0,3.000,768.0,0.000,0,0,768000,3,1,0,0,0,3,1
3,i32,3,64,glibc_default_fresh,M,13,2,1000,857.90,0.2000,0.0000,859.0,0.0,3.000,768.0,0.000,0,0,768000,3,1,0,0,0,3,1
3,i32,3,64,glibc_default_fresh,M_TWIN,14,0,1000,963.40,0.2000,0.0000,912.0,53.0,3.000,768.0,0.000,0,0,768000,3,1,0,0,0,3,1
3,i32,3,64,glibc_default_fresh,M,14,1,1000,869.92,0.2000,0.0000,872.0,0.0,3.000,768.0,0.000,0,0,768000,3,1,0,0,0,3,1
3,i32,3,64,glibc_default_fresh,R,14,2,1000,895.72,0.2000,0.0000,859.0,38.0,3.000,768.0,0.000,0,0,768000,3,0,3,1,0,3,1
3,i32,3,1024,glibc_default_fresh,M,0,0,1000,5186.51,3.0140,0.0000,521.0,4686.0,3.000,12288.0,0.000,0,0,12288000,3,1,0,0,0,3,1
3,i32,3,1024,glibc_default_fresh,R,0,1,1000,5053.31,3.0120,0.0000,3941.0,1115.0,3.000,12288.0,0.000,0,0,12288000,3,0,3,1,0,3,1
3,i32,3,1024,glibc_default_fresh,M_TWIN,0,2,1000,5174.76,3.0120,0.0000,479.0,4699.0,3.000,12288.0,0.000,0,0,12288000,3,1,0,0,0,3,1
3,i32,3,1024,glibc_default_fresh,R,1,0,1000,5400.19,3.0120,0.0000,206.0,5197.0,3.000,12288.0,0.000,0,0,12288000,3,0,3,1,0,3,1
3,i32,3,1024,glibc_default_fresh,M_TWIN,1,1,1000,5369.30,3.0120,0.0000,3941.0,1431.0,3.000,12288.0,0.000,0,0,12288000,3,1,0,0,0,3,1
3,i32,3,1024,glibc_default_fresh,M,1,2,1000,5325.20,3.0120,0.0000,460.0,4869.0,3.000,12288.0,0.000,0,0,12288000,3,1,0,0,0,3,1
3,i32,3,1024,glibc_default_fresh,M_TWIN,2,0,1000,4941.65,3.0120,0.0000,333.0,4612.0,3.000,12288.0,0.000,0,0,12288000,3,1,0,0,0,3,1
3,i32,3,1024,glibc_default_fresh,M,2,1,1000,4996.94,3.0120,0.0000,4798.0,202.0,3.000,12288.0,0.000,0,0,12288000,3,1,0,0,0,3,1
3,i32,3,1024,glibc_default_fresh,R,2,2,1000,5278.61,3.0120,0.0000,5113.0,168.0,3.000,12288.0,0.000,0,0,12288000,3,0,3,1,0,3,1
3,i32,3,1024,glibc_default_fresh,M,3,0,1000,5452.18,3.0120,0.0000,222.0,5233.0,3.000,12288.0,0.000,0,0,12288000,3,1,0,0,0,3,1
3,i32,3,1024,glibc_default_fresh,R,3,1,1000,5602.36,3.0120,0.0000,3529.0,2055.0,3.000,12288.0,0.000,0,0,12288000,3,0,3,1,0,3,1
3,i32,3,1024,glibc_default_fresh,M_TWIN,3,2,1000,4876.91,3.0120,0.0000,371.0,4509.0,3.000,12288.0,0.000,0,0,12288000,3,1,0,0,0,3,1
3,i32,3,1024,glibc_default_fresh,R,4,0,1000,5066.21,3.0120,0.0000,441.0,4628.0,3.000,12288.0,0.000,0,0,12288000,3,0,3,1,0,3,1
3,i32,3,1024,glibc_default_fresh,M_TWIN,4,1,1000,5072.87,3.0120,0.0000,440.0,4636.0,3.000,12288.0,0.000,0,0,12288000,3,1,0,0,0,3,1
3,i32,3,1024,glibc_default_fresh,M,4,2,1000,5806.99,3.0120,0.0000,0.0,5810.0,3.000,12288.0,0.000,0,0,12288000,3,1,0,0,0,3,1
3,i32,3,1024,glibc_default_fresh,M_TWIN,5,0,1000,5011.36,3.0120,0.0000,407.0,4607.0,3.000,12288.0,0.000,0,0,12288000,3,1,0,0,0,3,1
3,i32,3,1024,glibc_default_fresh,M,5,1,1000,5648.22,3.0120,0.0000,3062.0,2589.0,3.000,12288.0,0.000,0,0,12288000,3,1,0,0,0,3,1
3,i32,3,1024,glibc_default_fresh,R,5,2,1000,7009.36,3.0120,0.0000,3607.0,3406.0,3.000,12288.0,0.000,0,0,12288000,3,0,3,1,0,3,1
3,i32,3,1024,glibc_default_fresh,M,6,0,1000,5414.71,3.0120,0.0000,4141.0,1276.0,3.000,12288.0,0.000,0,0,12288000,3,1,0,0,0,3,1
3,i32,3,1024,glibc_default_fresh,R,6,1,1000,5104.40,3.0120,0.0000,4702.0,391.0,3.000,12288.0,0.000,0,0,12288000,3,0,3,1,0,3,1
3,i32,3,1024,glibc_default_fresh,M_TWIN,6,2,1000,5444.96,3.0120,0.0000,4062.0,1386.0,3.000,12288.0,0.000,0,0,12288000,3,1,0,0,0,3,1
3,i32,3,1024,glibc_default_fresh,R,7,0,1000,5611.96,3.0120,0.0000,673.0,4941.0,3.000,12288.0,0.000,0,0,12288000,3,0,3,1,0,3,1
3,i32,3,1024,glibc_default_fresh,M_TWIN,7,1,1000,4902.04,3.0120,0.0000,379.0,4525.0,3.000,12288.0,0.000,0,0,12288000,3,1,0,0,0,3,1
3,i32,3,1024,glibc_default_fresh,M,7,2,1000,5232.53,3.0120,0.0000,4227.0,1009.0,3.000,12288.0,0.000,0,0,12288000,3,1,0,0,0,3,1
3,i32,3,1024,glibc_default_fresh,M_TWIN,8,0,1000,5459.71,3.0120,0.0000,0.0,5464.0,3.000,12288.0,0.000,0,0,12288000,3,1,0,0,0,3,1
3,i32,3,1024,glibc_default_fresh,M,8,1,1000,5641.59,3.0120,0.0000,3063.0,2581.0,3.000,12288.0,0.000,0,0,12288000,3,1,0,0,0,3,1
3,i32,3,1024,glibc_default_fresh,R,8,2,1000,5578.95,3.0120,0.0000,0.0,5583.0,3.000,12288.0,0.000,0,0,12288000,3,0,3,1,0,3,1
3,i32,3,1024,glibc_default_fresh,M,9,0,1000,5038.09,3.0120,0.0000,5041.0,0.0,3.000,12288.0,0.000,0,0,12288000,3,1,0,0,0,3,1
3,i32,3,1024,glibc_default_fresh,R,9,1,1000,5169.14,3.0120,0.0000,0.0,5172.0,3.000,12288.0,0.000,0,0,12288000,3,0,3,1,0,3,1
3,i32,3,1024,glibc_default_fresh,M_TWIN,9,2,1000,4946.01,3.0120,0.0000,4949.0,0.0,3.000,12288.0,0.000,0,0,12288000,3,1,0,0,0,3,1
3,i32,3,1024,glibc_default_fresh,R,10,0,1000,6184.37,3.0120,0.0000,3450.0,2738.0,3.000,12288.0,0.000,0,0,12288000,3,0,3,1,0,3,1
3,i32,3,1024,glibc_default_fresh,M_TWIN,10,1,1000,5365.30,3.0120,0.0000,4518.0,840.0,3.000,12288.0,0.000,0,0,12288000,3,1,0,0,0,3,1
3,i32,3,1024,glibc_default_fresh,M,10,2,1000,4956.66,3.0120,0.0000,0.0,4960.0,3.000,12288.0,0.000,0,0,12288000,3,1,0,0,0,3,1
3,i32,3,1024,glibc_default_fresh,M_TWIN,11,0,1000,4825.49,3.0120,0.0000,2729.0,2099.0,3.000,12288.0,0.000,0,0,12288000,3,1,0,0,0,3,1
3,i32,3,1024,glibc_default_fresh,M,11,1,1000,5220.55,3.0120,0.0000,0.0,5223.0,3.000,12288.0,0.000,0,0,12288000,3,1,0,0,0,3,1
3,i32,3,1024,glibc_default_fresh,R,11,2,1000,5721.88,3.0120,0.0000,3094.0,2630.0,3.000,12288.0,0.000,0,0,12288000,3,0,3,1,0,3,1
3,i32,3,1024,glibc_default_fresh,M,12,0,1000,5583.66,3.0120,0.0000,3024.0,2561.0,3.000,12288.0,0.000,0,0,12288000,3,1,0,0,0,3,1
3,i32,3,1024,glibc_default_fresh,R,12,1,1000,4978.27,3.0120,0.0000,2786.0,2196.0,3.000,12288.0,0.000,0,0,12288000,3,0,3,1,0,3,1
3,i32,3,1024,glibc_default_fresh,M_TWIN,12,2,1000,4847.68,3.0120,0.0000,4335.0,515.0,3.000,12288.0,0.000,0,0,12288000,3,1,0,0,0,3,1
3,i32,3,1024,glibc_default_fresh,R,13,0,1000,5275.56,3.0120,0.0000,519.0,4758.0,3.000,12288.0,0.000,0,0,12288000,3,0,3,1,0,3,1
3,i32,3,1024,glibc_default_fresh,M_TWIN,13,1,1000,5575.70,3.0120,0.0000,5577.0,0.0,3.000,12288.0,0.000,0,0,12288000,3,1,0,0,0,3,1
3,i32,3,1024,glibc_default_fresh,M,13,2,1000,5567.61,3.0120,0.0000,2986.0,2584.0,3.000,12288.0,0.000,0,0,12288000,3,1,0,0,0,3,1
3,i32,3,1024,glibc_default_fresh,M_TWIN,14,0,1000,5534.59,3.0120,0.0000,4226.0,1310.0,3.000,12288.0,0.000,0,0,12288000,3,1,0,0,0,3,1
3,i32,3,1024,glibc_default_fresh,M,14,1,1000,5198.12,3.0120,0.0000,509.0,4692.0,3.000,12288.0,0.000,0,0,12288000,3,1,0,0,0,3,1
3,i32,3,1024,glibc_default_fresh,R,14,2,1000,4968.56,3.0120,0.0000,411.0,4560.0,3.000,12288.0,0.000,0,0,12288000,3,0,3,1,0,3,1
3,i32,3,4096,glibc_default_fresh,M,0,0,1,3258.00,2.0000,0.0000,0.0,14000.0,3.000,49152.0,0.000,0,0,49152,3,1,0,0,0,3,1
3,i32,3,4096,glibc_default_fresh,R,0,1,1,3406.00,0.0000,0.0000,0.0,4000.0,3.000,49152.0,0.000,0,0,49152,3,0,3,1,0,3,1
3,i32,3,4096,glibc_default_fresh,M_TWIN,0,2,1,3008.00,0.0000,0.0000,0.0,3000.0,3.000,49152.0,0.000,0,0,49152,3,1,0,0,0,3,1
3,i32,3,4096,glibc_default_fresh,R,1,0,1,3468.00,0.0000,0.0000,0.0,4000.0,3.000,49152.0,0.000,0,0,49152,3,0,3,1,0,3,1
3,i32,3,4096,glibc_default_fresh,M_TWIN,1,1,1,3000.00,0.0000,0.0000,0.0,3000.0,3.000,49152.0,0.000,0,0,49152,3,1,0,0,0,3,1
3,i32,3,4096,glibc_default_fresh,M,1,2,1,3001.00,0.0000,0.0000,0.0,3000.0,3.000,49152.0,0.000,0,0,49152,3,1,0,0,0,3,1
3,i32,3,4096,glibc_default_fresh,M_TWIN,2,0,1,3004.00,0.0000,0.0000,0.0,3000.0,3.000,49152.0,0.000,0,0,49152,3,1,0,0,0,3,1
3,i32,3,4096,glibc_default_fresh,M,2,1,1,2940.00,0.0000,0.0000,0.0,3000.0,3.000,49152.0,0.000,0,0,49152,3,1,0,0,0,3,1
3,i32,3,4096,glibc_default_fresh,R,2,2,1,3367.00,0.0000,0.0000,0.0,4000.0,3.000,49152.0,0.000,0,0,49152,3,0,3,1,0,3,1
3,i32,3,4096,glibc_default_fresh,M,3,0,1,2964.00,0.0000,0.0000,0.0,4000.0,3.000,49152.0,0.000,0,0,49152,3,1,0,0,0,3,1
3,i32,3,4096,glibc_default_fresh,R,3,1,1,3484.00,0.0000,0.0000,0.0,3000.0,3.000,49152.0,0.000,0,0,49152,3,0,3,1,0,3,1
3,i32,3,4096,glibc_default_fresh,M_TWIN,3,2,1,3034.00,0.0000,0.0000,0.0,3000.0,3.000,49152.0,0.000,0,0,49152,3,1,0,0,0,3,1
3,i32,3,4096,glibc_default_fresh,R,4,0,1,3356.00,0.0000,0.0000,0.0,4000.0,3.000,49152.0,0.000,0,0,49152,3,0,3,1,0,3,1
3,i32,3,4096,glibc_default_fresh,M_TWIN,4,1,1,2993.00,0.0000,0.0000,0.0,4000.0,3.000,49152.0,0.000,0,0,49152,3,1,0,0,0,3,1
3,i32,3,4096,glibc_default_fresh,M,4,2,1,3001.00,0.0000,0.0000,0.0,3000.0,3.000,49152.0,0.000,0,0,49152,3,1,0,0,0,3,1
3,i32,3,4096,glibc_default_fresh,M_TWIN,5,0,1,3015.00,0.0000,0.0000,0.0,3000.0,3.000,49152.0,0.000,0,0,49152,3,1,0,0,0,3,1
3,i32,3,4096,glibc_default_fresh,M,5,1,1,2994.00,0.0000,0.0000,0.0,3000.0,3.000,49152.0,0.000,0,0,49152,3,1,0,0,0,3,1
3,i32,3,4096,glibc_default_fresh,R,5,2,1,3386.00,0.0000,0.0000,0.0,4000.0,3.000,49152.0,0.000,0,0,49152,3,0,3,1,0,3,1
3,i32,3,4096,glibc_default_fresh,M,6,0,1,2970.00,0.0000,0.0000,0.0,4000.0,3.000,49152.0,0.000,0,0,49152,3,1,0,0,0,3,1
3,i32,3,4096,glibc_default_fresh,R,6,1,1,3419.00,0.0000,0.0000,0.0,3000.0,3.000,49152.0,0.000,0,0,49152,3,0,3,1,0,3,1
3,i32,3,4096,glibc_default_fresh,M_TWIN,6,2,1,3004.00,0.0000,0.0000,0.0,3000.0,3.000,49152.0,0.000,0,0,49152,3,1,0,0,0,3,1
3,i32,3,4096,glibc_default_fresh,R,7,0,1,3365.00,0.0000,0.0000,0.0,4000.0,3.000,49152.0,0.000,0,0,49152,3,0,3,1,0,3,1
3,i32,3,4096,glibc_default_fresh,M_TWIN,7,1,1,2973.00,0.0000,0.0000,0.0,3000.0,3.000,49152.0,0.000,0,0,49152,3,1,0,0,0,3,1
3,i32,3,4096,glibc_default_fresh,M,7,2,1,3003.00,0.0000,0.0000,0.0,3000.0,3.000,49152.0,0.000,0,0,49152,3,1,0,0,0,3,1
3,i32,3,4096,glibc_default_fresh,M_TWIN,8,0,1,5021.00,0.0000,0.0000,0.0,41000.0,3.000,49152.0,0.000,0,0,49152,3,1,0,0,0,3,1
3,i32,3,4096,glibc_default_fresh,M,8,1,1,3161.00,0.0000,0.0000,0.0,3000.0,3.000,49152.0,0.000,0,0,49152,3,1,0,0,0,3,1
3,i32,3,4096,glibc_default_fresh,R,8,2,1,3508.00,0.0000,0.0000,0.0,4000.0,3.000,49152.0,0.000,0,0,49152,3,0,3,1,0,3,1
3,i32,3,4096,glibc_default_fresh,M,9,0,1,3004.00,0.0000,0.0000,0.0,3000.0,3.000,49152.0,0.000,0,0,49152,3,1,0,0,0,3,1
3,i32,3,4096,glibc_default_fresh,R,9,1,1,3512.00,0.0000,0.0000,0.0,4000.0,3.000,49152.0,0.000,0,0,49152,3,0,3,1,0,3,1
3,i32,3,4096,glibc_default_fresh,M_TWIN,9,2,1,3086.00,0.0000,0.0000,0.0,4000.0,3.000,49152.0,0.000,0,0,49152,3,1,0,0,0,3,1
3,i32,3,4096,glibc_default_fresh,R,10,0,1,8214.00,0.0000,0.0000,0.0,9000.0,3.000,49152.0,0.000,0,0,49152,3,0,3,1,0,3,1
3,i32,3,4096,glibc_default_fresh,M_TWIN,10,1,1,5860.00,0.0000,0.0000,0.0,6000.0,3.000,49152.0,0.000,0,0,49152,3,1,0,0,0,3,1
3,i32,3,4096,glibc_default_fresh,M,10,2,1,3023.00,0.0000,0.0000,0.0,4000.0,3.000,49152.0,0.000,0,0,49152,3,1,0,0,0,3,1
3,i32,3,4096,glibc_default_fresh,M_TWIN,11,0,1,3066.00,0.0000,0.0000,0.0,3000.0,3.000,49152.0,0.000,0,0,49152,3,1,0,0,0,3,1
3,i32,3,4096,glibc_default_fresh,M,11,1,1,3005.00,0.0000,0.0000,0.0,3000.0,3.000,49152.0,0.000,0,0,49152,3,1,0,0,0,3,1
3,i32,3,4096,glibc_default_fresh,R,11,2,1,3414.00,0.0000,0.0000,0.0,4000.0,3.000,49152.0,0.000,0,0,49152,3,0,3,1,0,3,1
3,i32,3,4096,glibc_default_fresh,M,12,0,1,3007.00,0.0000,0.0000,0.0,4000.0,3.000,49152.0,0.000,0,0,49152,3,1,0,0,0,3,1
3,i32,3,4096,glibc_default_fresh,R,12,1,1,3412.00,0.0000,0.0000,0.0,3000.0,3.000,49152.0,0.000,0,0,49152,3,0,3,1,0,3,1
3,i32,3,4096,glibc_default_fresh,M_TWIN,12,2,1,2968.00,0.0000,0.0000,0.0,3000.0,3.000,49152.0,0.000,0,0,49152,3,1,0,0,0,3,1
3,i32,3,4096,glibc_default_fresh,R,13,0,1,3432.00,0.0000,0.0000,0.0,4000.0,3.000,49152.0,0.000,0,0,49152,3,0,3,1,0,3,1
3,i32,3,4096,glibc_default_fresh,M_TWIN,13,1,1,4463.00,0.0000,0.0000,0.0,5000.0,3.000,49152.0,0.000,0,0,49152,3,1,0,0,0,3,1
3,i32,3,4096,glibc_default_fresh,M,13,2,1,3027.00,0.0000,0.0000,0.0,4000.0,3.000,49152.0,0.000,0,0,49152,3,1,0,0,0,3,1
3,i32,3,4096,glibc_default_fresh,M_TWIN,14,0,1,3060.00,0.0000,0.0000,0.0,4000.0,3.000,49152.0,0.000,0,0,49152,3,1,0,0,0,3,1
3,i32,3,4096,glibc_default_fresh,M,14,1,1,3020.00,0.0000,0.0000,0.0,4000.0,3.000,49152.0,0.000,0,0,49152,3,1,0,0,0,3,1
3,i32,3,4096,glibc_default_fresh,R,14,2,1,3418.00,0.0000,0.0000,0.0,4000.0,3.000,49152.0,0.000,0,0,49152,3,0,3,1,0,3,1
3,i32,3,16384,glibc_default_fresh,M,0,0,1,10222.00,2.0000,0.0000,21000.0,0.0,3.000,196608.0,0.000,0,0,196608,3,1,0,0,0,3,1
3,i32,3,16384,glibc_default_fresh,R,0,1,1,11155.00,0.0000,0.0000,12000.0,0.0,3.000,196608.0,0.000,0,0,196608,3,0,3,1,0,3,1
3,i32,3,16384,glibc_default_fresh,M_TWIN,0,2,1,9963.00,0.0000,0.0000,11000.0,0.0,3.000,196608.0,0.000,0,0,196608,3,1,0,0,0,3,1
3,i32,3,16384,glibc_default_fresh,R,1,0,1,11143.00,0.0000,0.0000,11000.0,0.0,3.000,196608.0,0.000,0,0,196608,3,0,3,1,0,3,1
3,i32,3,16384,glibc_default_fresh,M_TWIN,1,1,1,9989.00,0.0000,0.0000,11000.0,0.0,3.000,196608.0,0.000,0,0,196608,3,1,0,0,0,3,1
3,i32,3,16384,glibc_default_fresh,M,1,2,1,9912.00,0.0000,0.0000,11000.0,0.0,3.000,196608.0,0.000,0,0,196608,3,1,0,0,0,3,1
3,i32,3,16384,glibc_default_fresh,M_TWIN,2,0,1,9983.00,0.0000,0.0000,11000.0,0.0,3.000,196608.0,0.000,0,0,196608,3,1,0,0,0,3,1
3,i32,3,16384,glibc_default_fresh,M,2,1,1,10022.00,0.0000,0.0000,10000.0,0.0,3.000,196608.0,0.000,0,0,196608,3,1,0,0,0,3,1
3,i32,3,16384,glibc_default_fresh,R,2,2,1,11207.00,0.0000,0.0000,12000.0,0.0,3.000,196608.0,0.000,0,0,196608,3,0,3,1,0,3,1
3,i32,3,16384,glibc_default_fresh,M,3,0,1,10112.00,0.0000,0.0000,10000.0,0.0,3.000,196608.0,0.000,0,0,196608,3,1,0,0,0,3,1
3,i32,3,16384,glibc_default_fresh,R,3,1,1,11193.00,0.0000,0.0000,11000.0,0.0,3.000,196608.0,0.000,0,0,196608,3,0,3,1,0,3,1
3,i32,3,16384,glibc_default_fresh,M_TWIN,3,2,1,10070.00,0.0000,0.0000,11000.0,0.0,3.000,196608.0,0.000,0,0,196608,3,1,0,0,0,3,1
3,i32,3,16384,glibc_default_fresh,R,4,0,1,11249.00,0.0000,0.0000,12000.0,0.0,3.000,196608.0,0.000,0,0,196608,3,0,3,1,0,3,1
3,i32,3,16384,glibc_default_fresh,M_TWIN,4,1,1,9976.00,0.0000,0.0000,11000.0,0.0,3.000,196608.0,0.000,0,0,196608,3,1,0,0,0,3,1
3,i32,3,16384,glibc_default_fresh,M,4,2,1,9937.00,0.0000,0.0000,10000.0,0.0,3.000,196608.0,0.000,0,0,196608,3,1,0,0,0,3,1
3,i32,3,16384,glibc_default_fresh,M_TWIN,5,0,1,9994.00,0.0000,0.0000,10000.0,0.0,3.000,196608.0,0.000,0,0,196608,3,1,0,0,0,3,1
3,i32,3,16384,glibc_default_fresh,M,5,1,1,9946.00,0.0000,0.0000,10000.0,0.0,3.000,196608.0,0.000,0,0,196608,3,1,0,0,0,3,1
3,i32,3,16384,glibc_default_fresh,R,5,2,1,11100.00,0.0000,0.0000,12000.0,0.0,3.000,196608.0,0.000,0,0,196608,3,0,3,1,0,3,1
3,i32,3,16384,glibc_default_fresh,M,6,0,1,10041.00,0.0000,0.0000,11000.0,0.0,3.000,196608.0,0.000,0,0,196608,3,1,0,0,0,3,1
3,i32,3,16384,glibc_default_fresh,R,6,1,1,11087.00,0.0000,0.0000,11000.0,0.0,3.000,196608.0,0.000,0,0,196608,3,0,3,1,0,3,1
3,i32,3,16384,glibc_default_fresh,M_TWIN,6,2,1,9920.00,0.0000,0.0000,10000.0,0.0,3.000,196608.0,0.000,0,0,196608,3,1,0,0,0,3,1
3,i32,3,16384,glibc_default_fresh,R,7,0,1,11157.00,0.0000,0.0000,12000.0,0.0,3.000,196608.0,0.000,0,0,196608,3,0,3,1,0,3,1
3,i32,3,16384,glibc_default_fresh,M_TWIN,7,1,1,9917.00,0.0000,0.0000,11000.0,0.0,3.000,196608.0,0.000,0,0,196608,3,1,0,0,0,3,1
3,i32,3,16384,glibc_default_fresh,M,7,2,1,10904.00,0.0000,0.0000,11000.0,0.0,3.000,196608.0,0.000,0,0,196608,3,1,0,0,0,3,1
3,i32,3,16384,glibc_default_fresh,M_TWIN,8,0,1,10165.00,0.0000,0.0000,10000.0,0.0,3.000,196608.0,0.000,0,0,196608,3,1,0,0,0,3,1
3,i32,3,16384,glibc_default_fresh,M,8,1,1,10014.00,0.0000,0.0000,11000.0,0.0,3.000,196608.0,0.000,0,0,196608,3,1,0,0,0,3,1
3,i32,3,16384,glibc_default_fresh,R,8,2,1,11243.00,0.0000,0.0000,12000.0,0.0,3.000,196608.0,0.000,0,0,196608,3,0,3,1,0,3,1
3,i32,3,16384,glibc_default_fresh,M,9,0,1,9931.00,0.0000,0.0000,11000.0,0.0,3.000,196608.0,0.000,0,0,196608,3,1,0,0,0,3,1
3,i32,3,16384,glibc_default_fresh,R,9,1,1,11086.00,0.0000,0.0000,12000.0,0.0,3.000,196608.0,0.000,0,0,196608,3,0,3,1,0,3,1
3,i32,3,16384,glibc_default_fresh,M_TWIN,9,2,1,9965.00,0.0000,0.0000,11000.0,0.0,3.000,196608.0,0.000,0,0,196608,3,1,0,0,0,3,1
3,i32,3,16384,glibc_default_fresh,R,10,0,1,11115.00,0.0000,0.0000,12000.0,0.0,3.000,196608.0,0.000,0,0,196608,3,0,3,1,0,3,1
3,i32,3,16384,glibc_default_fresh,M_TWIN,10,1,1,9992.00,0.0000,0.0000,11000.0,0.0,3.000,196608.0,0.000,0,0,196608,3,1,0,0,0,3,1
3,i32,3,16384,glibc_default_fresh,M,10,2,1,9947.00,0.0000,0.0000,10000.0,0.0,3.000,196608.0,0.000,0,0,196608,3,1,0,0,0,3,1
3,i32,3,16384,glibc_default_fresh,M_TWIN,11,0,1,9936.00,0.0000,0.0000,10000.0,0.0,3.000,196608.0,0.000,0,0,196608,3,1,0,0,0,3,1
3,i32,3,16384,glibc_default_fresh,M,11,1,1,9928.00,0.0000,0.0000,10000.0,0.0,3.000,196608.0,0.000,0,0,196608,3,1,0,0,0,3,1
3,i32,3,16384,glibc_default_fresh,R,11,2,1,11133.00,0.0000,0.0000,12000.0,0.0,3.000,196608.0,0.000,0,0,196608,3,0,3,1,0,3,1
3,i32,3,16384,glibc_default_fresh,M,12,0,1,9952.00,0.0000,0.0000,11000.0,0.0,3.000,196608.0,0.000,0,0,196608,3,1,0,0,0,3,1
3,i32,3,16384,glibc_default_fresh,R,12,1,1,11158.00,0.0000,0.0000,11000.0,0.0,3.000,196608.0,0.000,0,0,196608,3,0,3,1,0,3,1
3,i32,3,16384,glibc_default_fresh,M_TWIN,12,2,1,9962.00,0.0000,0.0000,10000.0,0.0,3.000,196608.0,0.000,0,0,196608,3,1,0,0,0,3,1
3,i32,3,16384,glibc_default_fresh,R,13,0,1,11115.00,0.0000,0.0000,12000.0,0.0,3.000,196608.0,0.000,0,0,196608,3,0,3,1,0,3,1
3,i32,3,16384,glibc_default_fresh,M_TWIN,13,1,1,10298.00,0.0000,0.0000,11000.0,0.0,3.000,196608.0,0.000,0,0,196608,3,1,0,0,0,3,1
3,i32,3,16384,glibc_default_fresh,M,13,2,1,10150.00,0.0000,0.0000,10000.0,0.0,3.000,196608.0,0.000,0,0,196608,3,1,0,0,0,3,1
3,i32,3,16384,glibc_default_fresh,M_TWIN,14,0,1,10002.00,0.0000,0.0000,11000.0,0.0,3.000,196608.0,0.000,0,0,196608,3,1,0,0,0,3,1
3,i32,3,16384,glibc_default_fresh,M,14,1,1,9958.00,0.0000,0.0000,11000.0,0.0,3.000,196608.0,0.000,0,0,196608,3,1,0,0,0,3,1
3,i32,3,16384,glibc_default_fresh,R,14,2,1,11300.00,0.0000,0.0000,12000.0,0.0,3.000,196608.0,0.000,0,0,196608,3,0,3,1,0,3,1
3,i32,3,65536,glibc_default_fresh,M,0,0,1,64947.00,2.0000,0.0000,40000.0,40000.0,3.000,786432.0,0.000,0,0,786432,3,1,0,0,0,3,1
3,i32,3,65536,glibc_default_fresh,R,0,1,1,59543.00,0.0000,0.0000,31000.0,31000.0,3.000,786432.0,0.000,0,0,786432,3,0,3,1,0,3,1
3,i32,3,65536,glibc_default_fresh,M_TWIN,0,2,1,61806.00,0.0000,0.0000,31000.0,31000.0,3.000,786432.0,0.000,0,0,786432,3,1,0,0,0,3,1
3,i32,3,65536,glibc_default_fresh,R,1,0,1,59097.00,0.0000,0.0000,30000.0,30000.0,3.000,786432.0,0.000,0,0,786432,3,0,3,1,0,3,1
3,i32,3,65536,glibc_default_fresh,M_TWIN,1,1,1,91283.00,0.0000,0.0000,47000.0,47000.0,3.000,786432.0,0.000,0,0,786432,3,1,0,0,0,3,1
3,i32,3,65536,glibc_default_fresh,M,1,2,1,71439.00,0.0000,0.0000,37000.0,37000.0,3.000,786432.0,0.000,0,0,786432,3,1,0,0,0,3,1
3,i32,3,65536,glibc_default_fresh,M_TWIN,2,0,1,64267.00,0.0000,0.0000,33000.0,33000.0,3.000,786432.0,0.000,0,0,786432,3,1,0,0,0,3,1
3,i32,3,65536,glibc_default_fresh,M,2,1,1,121752.00,0.0000,0.0000,113000.0,0.0,3.000,786432.0,0.000,0,0,786432,3,1,0,0,0,3,1
3,i32,3,65536,glibc_default_fresh,R,2,2,1,59144.00,0.0000,0.0000,61000.0,0.0,3.000,786432.0,0.000,0,0,786432,3,0,3,1,0,3,1
3,i32,3,65536,glibc_default_fresh,M,3,0,1,96400.00,0.0000,0.0000,97000.0,0.0,3.000,786432.0,0.000,0,0,786432,3,1,0,0,0,3,1
3,i32,3,65536,glibc_default_fresh,R,3,1,1,61469.00,0.0000,0.0000,62000.0,0.0,3.000,786432.0,0.000,0,0,786432,3,0,3,1,0,3,1
3,i32,3,65536,glibc_default_fresh,M_TWIN,3,2,1,66314.00,0.0000,0.0000,68000.0,0.0,3.000,786432.0,0.000,0,0,786432,3,1,0,0,0,3,1
3,i32,3,65536,glibc_default_fresh,R,4,0,1,62766.00,0.0000,0.0000,64000.0,0.0,3.000,786432.0,0.000,0,0,786432,3,0,3,1,0,3,1
3,i32,3,65536,glibc_default_fresh,M_TWIN,4,1,1,67471.00,0.0000,0.0000,69000.0,0.0,3.000,786432.0,0.000,0,0,786432,3,1,0,0,0,3,1
3,i32,3,65536,glibc_default_fresh,M,4,2,1,66591.00,0.0000,0.0000,93000.0,0.0,3.000,786432.0,0.000,0,0,786432,3,1,0,0,0,3,1
3,i32,3,65536,glibc_default_fresh,M_TWIN,5,0,1,75918.00,0.0000,0.0000,77000.0,0.0,3.000,786432.0,0.000,0,0,786432,3,1,0,0,0,3,1
3,i32,3,65536,glibc_default_fresh,M,5,1,1,66330.00,0.0000,0.0000,67000.0,0.0,3.000,786432.0,0.000,0,0,786432,3,1,0,0,0,3,1
3,i32,3,65536,glibc_default_fresh,R,5,2,1,63555.00,0.0000,0.0000,65000.0,0.0,3.000,786432.0,0.000,0,0,786432,3,0,3,1,0,3,1
3,i32,3,65536,glibc_default_fresh,M,6,0,1,57801.00,0.0000,0.0000,59000.0,0.0,3.000,786432.0,0.000,0,0,786432,3,1,0,0,0,3,1
3,i32,3,65536,glibc_default_fresh,R,6,1,1,50504.00,0.0000,0.0000,51000.0,0.0,3.000,786432.0,0.000,0,0,786432,3,0,3,1,0,3,1
3,i32,3,65536,glibc_default_fresh,M_TWIN,6,2,1,62499.00,0.0000,0.0000,64000.0,0.0,3.000,786432.0,0.000,0,0,786432,3,1,0,0,0,3,1
3,i32,3,65536,glibc_default_fresh,R,7,0,1,52074.00,0.0000,0.0000,53000.0,0.0,3.000,786432.0,0.000,0,0,786432,3,0,3,1,0,3,1
3,i32,3,65536,glibc_default_fresh,M_TWIN,7,1,1,56481.00,0.0000,0.0000,57000.0,0.0,3.000,786432.0,0.000,0,0,786432,3,1,0,0,0,3,1
3,i32,3,65536,glibc_default_fresh,M,7,2,1,56333.00,0.0000,0.0000,57000.0,0.0,3.000,786432.0,0.000,0,0,786432,3,1,0,0,0,3,1
3,i32,3,65536,glibc_default_fresh,M_TWIN,8,0,1,56238.00,0.0000,0.0000,57000.0,0.0,3.000,786432.0,0.000,0,0,786432,3,1,0,0,0,3,1
3,i32,3,65536,glibc_default_fresh,M,8,1,1,56288.00,0.0000,0.0000,57000.0,0.0,3.000,786432.0,0.000,0,0,786432,3,1,0,0,0,3,1
3,i32,3,65536,glibc_default_fresh,R,8,2,1,52283.00,0.0000,0.0000,54000.0,0.0,3.000,786432.0,0.000,0,0,786432,3,0,3,1,0,3,1
3,i32,3,65536,glibc_default_fresh,M,9,0,1,56734.00,0.0000,0.0000,57000.0,0.0,3.000,786432.0,0.000,0,0,786432,3,1,0,0,0,3,1
3,i32,3,65536,glibc_default_fresh,R,9,1,1,51100.00,0.0000,0.0000,52000.0,0.0,3.000,786432.0,0.000,0,0,786432,3,0,3,1,0,3,1
3,i32,3,65536,glibc_default_fresh,M_TWIN,9,2,1,56125.00,0.0000,0.0000,57000.0,0.0,3.000,786432.0,0.000,0,0,786432,3,1,0,0,0,3,1
3,i32,3,65536,glibc_default_fresh,R,10,0,1,51373.00,0.0000,0.0000,53000.0,0.0,3.000,786432.0,0.000,0,0,786432,3,0,3,1,0,3,1
3,i32,3,65536,glibc_default_fresh,M_TWIN,10,1,1,56214.00,0.0000,0.0000,58000.0,0.0,3.000,786432.0,0.000,0,0,786432,3,1,0,0,0,3,1
3,i32,3,65536,glibc_default_fresh,M,10,2,1,57680.00,0.0000,0.0000,59000.0,0.0,3.000,786432.0,0.000,0,0,786432,3,1,0,0,0,3,1
3,i32,3,65536,glibc_default_fresh,M_TWIN,11,0,1,56474.00,0.0000,0.0000,58000.0,0.0,3.000,786432.0,0.000,0,0,786432,3,1,0,0,0,3,1
3,i32,3,65536,glibc_default_fresh,M,11,1,1,56785.00,0.0000,0.0000,58000.0,0.0,3.000,786432.0,0.000,0,0,786432,3,1,0,0,0,3,1
3,i32,3,65536,glibc_default_fresh,R,11,2,1,56435.00,0.0000,0.0000,58000.0,0.0,3.000,786432.0,0.000,0,0,786432,3,0,3,1,0,3,1
3,i32,3,65536,glibc_default_fresh,M,12,0,1,54126.00,0.0000,0.0000,55000.0,0.0,3.000,786432.0,0.000,0,0,786432,3,1,0,0,0,3,1
3,i32,3,65536,glibc_default_fresh,R,12,1,1,60962.00,0.0000,0.0000,62000.0,0.0,3.000,786432.0,0.000,0,0,786432,3,0,3,1,0,3,1
3,i32,3,65536,glibc_default_fresh,M_TWIN,12,2,1,67775.00,0.0000,0.0000,69000.0,0.0,3.000,786432.0,0.000,0,0,786432,3,1,0,0,0,3,1
3,i32,3,65536,glibc_default_fresh,R,13,0,1,51012.00,0.0000,0.0000,52000.0,0.0,3.000,786432.0,0.000,0,0,786432,3,0,3,1,0,3,1
3,i32,3,65536,glibc_default_fresh,M_TWIN,13,1,1,56240.00,0.0000,0.0000,57000.0,0.0,3.000,786432.0,0.000,0,0,786432,3,1,0,0,0,3,1
3,i32,3,65536,glibc_default_fresh,M,13,2,1,56574.00,0.0000,0.0000,58000.0,0.0,3.000,786432.0,0.000,0,0,786432,3,1,0,0,0,3,1
3,i32,3,65536,glibc_default_fresh,M_TWIN,14,0,1,56405.00,0.0000,0.0000,57000.0,0.0,3.000,786432.0,0.000,0,0,786432,3,1,0,0,0,3,1
3,i32,3,65536,glibc_default_fresh,M,14,1,1,56086.00,0.0000,0.0000,56000.0,0.0,3.000,786432.0,0.000,0,0,786432,3,1,0,0,0,3,1
3,i32,3,65536,glibc_default_fresh,R,14,2,1,52157.00,0.0000,0.0000,54000.0,0.0,3.000,786432.0,0.000,0,0,786432,3,0,3,1,0,3,1
3,i32,3,262144,glibc_default_fresh,M,0,0,1,417945.00,2.0000,0.0000,290000.0,145000.0,3.000,3145728.0,0.000,0,0,3145728,3,1,0,0,0,3,1
3,i32,3,262144,glibc_default_fresh,R,0,1,1,492969.00,0.0000,0.0000,331000.0,166000.0,3.000,3145728.0,0.000,0,0,3145728,3,0,3,1,0,3,1
3,i32,3,262144,glibc_default_fresh,M_TWIN,0,2,1,430559.00,0.0000,0.0000,289000.0,144000.0,3.000,3145728.0,0.000,0,0,3145728,3,1,0,0,0,3,1
3,i32,3,262144,glibc_default_fresh,R,1,0,1,473345.00,0.0000,0.0000,317000.0,158000.0,3.000,3145728.0,0.000,0,0,3145728,3,0,3,1,0,3,1
3,i32,3,262144,glibc_default_fresh,M_TWIN,1,1,1,403853.00,0.0000,0.0000,407000.0,0.0,3.000,3145728.0,0.000,0,0,3145728,3,1,0,0,0,3,1
3,i32,3,262144,glibc_default_fresh,M,1,2,1,403071.00,0.0000,0.0000,406000.0,0.0,3.000,3145728.0,0.000,0,0,3145728,3,1,0,0,0,3,1
3,i32,3,262144,glibc_default_fresh,M_TWIN,2,0,1,413770.00,0.0000,0.0000,416000.0,0.0,3.000,3145728.0,0.000,0,0,3145728,3,1,0,0,0,3,1
3,i32,3,262144,glibc_default_fresh,M,2,1,1,444922.00,0.0000,0.0000,448000.0,0.0,3.000,3145728.0,0.000,0,0,3145728,3,1,0,0,0,3,1
3,i32,3,262144,glibc_default_fresh,R,2,2,1,464251.00,0.0000,0.0000,475000.0,0.0,3.000,3145728.0,0.000,0,0,3145728,3,0,3,1,0,3,1
3,i32,3,262144,glibc_default_fresh,M,3,0,1,425010.00,0.0000,0.0000,429000.0,0.0,3.000,3145728.0,0.000,0,0,3145728,3,1,0,0,0,3,1
3,i32,3,262144,glibc_default_fresh,R,3,1,1,486120.00,0.0000,0.0000,489000.0,0.0,3.000,3145728.0,0.000,0,0,3145728,3,0,3,1,0,3,1
3,i32,3,262144,glibc_default_fresh,M_TWIN,3,2,1,397591.00,0.0000,0.0000,401000.0,0.0,3.000,3145728.0,0.000,0,0,3145728,3,1,0,0,0,3,1
3,i32,3,262144,glibc_default_fresh,R,4,0,1,473326.00,0.0000,0.0000,477000.0,0.0,3.000,3145728.0,0.000,0,0,3145728,3,0,3,1,0,3,1
3,i32,3,262144,glibc_default_fresh,M_TWIN,4,1,1,401965.00,0.0000,0.0000,405000.0,0.0,3.000,3145728.0,0.000,0,0,3145728,3,1,0,0,0,3,1
3,i32,3,262144,glibc_default_fresh,M,4,2,1,459413.00,0.0000,0.0000,462000.0,0.0,3.000,3145728.0,0.000,0,0,3145728,3,1,0,0,0,3,1
3,i32,3,262144,glibc_default_fresh,M_TWIN,5,0,1,400238.00,0.0000,0.0000,403000.0,0.0,3.000,3145728.0,0.000,0,0,3145728,3,1,0,0,0,3,1
3,i32,3,262144,glibc_default_fresh,M,5,1,1,414760.00,0.0000,0.0000,417000.0,0.0,3.000,3145728.0,0.000,0,0,3145728,3,1,0,0,0,3,1
3,i32,3,262144,glibc_default_fresh,R,5,2,1,470488.00,0.0000,0.0000,474000.0,0.0,3.000,3145728.0,0.000,0,0,3145728,3,0,3,1,0,3,1
3,i32,3,262144,glibc_default_fresh,M,6,0,1,414358.00,0.0000,0.0000,417000.0,0.0,3.000,3145728.0,0.000,0,0,3145728,3,1,0,0,0,3,1
3,i32,3,262144,glibc_default_fresh,R,6,1,1,480516.00,0.0000,0.0000,483000.0,0.0,3.000,3145728.0,0.000,0,0,3145728,3,0,3,1,0,3,1
3,i32,3,262144,glibc_default_fresh,M_TWIN,6,2,1,412139.00,0.0000,0.0000,415000.0,0.0,3.000,3145728.0,0.000,0,0,3145728,3,1,0,0,0,3,1
3,i32,3,262144,glibc_default_fresh,R,7,0,1,488644.00,0.0000,0.0000,491000.0,0.0,3.000,3145728.0,0.000,0,0,3145728,3,0,3,1,0,3,1
3,i32,3,262144,glibc_default_fresh,M_TWIN,7,1,1,400500.00,0.0000,0.0000,403000.0,0.0,3.000,3145728.0,0.000,0,0,3145728,3,1,0,0,0,3,1
3,i32,3,262144,glibc_default_fresh,M,7,2,1,401115.00,0.0000,0.0000,405000.0,0.0,3.000,3145728.0,0.000,0,0,3145728,3,1,0,0,0,3,1
3,i32,3,262144,glibc_default_fresh,M_TWIN,8,0,1,406661.00,0.0000,0.0000,409000.0,0.0,3.000,3145728.0,0.000,0,0,3145728,3,1,0,0,0,3,1
3,i32,3,262144,glibc_default_fresh,M,8,1,1,441083.00,0.0000,0.0000,444000.0,0.0,3.000,3145728.0,0.000,0,0,3145728,3,1,0,0,0,3,1
3,i32,3,262144,glibc_default_fresh,R,8,2,1,514563.00,0.0000,0.0000,523000.0,0.0,3.000,3145728.0,0.000,0,0,3145728,3,0,3,1,0,3,1
3,i32,3,262144,glibc_default_fresh,M,9,0,1,417876.00,0.0000,0.0000,420000.0,0.0,3.000,3145728.0,0.000,0,0,3145728,3,1,0,0,0,3,1
3,i32,3,262144,glibc_default_fresh,R,9,1,1,481134.00,0.0000,0.0000,484000.0,0.0,3.000,3145728.0,0.000,0,0,3145728,3,0,3,1,0,3,1
3,i32,3,262144,glibc_default_fresh,M_TWIN,9,2,1,395598.00,0.0000,0.0000,398000.0,0.0,3.000,3145728.0,0.000,0,0,3145728,3,1,0,0,0,3,1
3,i32,3,262144,glibc_default_fresh,R,10,0,1,465208.00,0.0000,0.0000,468000.0,0.0,3.000,3145728.0,0.000,0,0,3145728,3,0,3,1,0,3,1
3,i32,3,262144,glibc_default_fresh,M_TWIN,10,1,1,435162.00,0.0000,0.0000,440000.0,0.0,3.000,3145728.0,0.000,0,0,3145728,3,1,0,0,0,3,1
3,i32,3,262144,glibc_default_fresh,M,10,2,1,530857.00,0.0000,0.0000,535000.0,0.0,3.000,3145728.0,0.000,0,0,3145728,3,1,0,0,0,3,1
3,i32,3,262144,glibc_default_fresh,M_TWIN,11,0,1,426795.00,0.0000,0.0000,430000.0,0.0,3.000,3145728.0,0.000,0,0,3145728,3,1,0,0,0,3,1
3,i32,3,262144,glibc_default_fresh,M,11,1,1,418905.00,0.0000,0.0000,422000.0,0.0,3.000,3145728.0,0.000,0,0,3145728,3,1,0,0,0,3,1
3,i32,3,262144,glibc_default_fresh,R,11,2,1,496556.00,0.0000,0.0000,501000.0,0.0,3.000,3145728.0,0.000,0,0,3145728,3,0,3,1,0,3,1
3,i32,3,262144,glibc_default_fresh,M,12,0,1,416292.00,0.0000,0.0000,419000.0,0.0,3.000,3145728.0,0.000,0,0,3145728,3,1,0,0,0,3,1
3,i32,3,262144,glibc_default_fresh,R,12,1,1,458212.00,0.0000,0.0000,461000.0,0.0,3.000,3145728.0,0.000,0,0,3145728,3,0,3,1,0,3,1
3,i32,3,262144,glibc_default_fresh,M_TWIN,12,2,1,401529.00,0.0000,0.0000,405000.0,0.0,3.000,3145728.0,0.000,0,0,3145728,3,1,0,0,0,3,1
3,i32,3,262144,glibc_default_fresh,R,13,0,1,480388.00,0.0000,0.0000,483000.0,0.0,3.000,3145728.0,0.000,0,0,3145728,3,0,3,1,0,3,1
3,i32,3,262144,glibc_default_fresh,M_TWIN,13,1,1,415089.00,0.0000,0.0000,417000.0,0.0,3.000,3145728.0,0.000,0,0,3145728,3,1,0,0,0,3,1
3,i32,3,262144,glibc_default_fresh,M,13,2,1,459241.00,0.0000,0.0000,463000.0,0.0,3.000,3145728.0,0.000,0,0,3145728,3,1,0,0,0,3,1
3,i32,3,262144,glibc_default_fresh,M_TWIN,14,0,1,427587.00,0.0000,0.0000,458000.0,0.0,3.000,3145728.0,0.000,0,0,3145728,3,1,0,0,0,3,1
3,i32,3,262144,glibc_default_fresh,M,14,1,1,451283.00,0.0000,0.0000,454000.0,0.0,3.000,3145728.0,0.000,0,0,3145728,3,1,0,0,0,3,1
3,i32,3,262144,glibc_default_fresh,R,14,2,1,452050.00,0.0000,0.0000,455000.0,0.0,3.000,3145728.0,0.000,0,0,3145728,3,0,3,1,0,3,1
3,i32,3,1048576,glibc_default_fresh,M,0,0,1,1787662.00,2.0000,0.0000,1809000.0,0.0,3.000,12582912.0,0.000,0,0,12582912,3,1,0,0,0,3,1
3,i32,3,1048576,glibc_default_fresh,R,0,1,1,1917293.00,0.0000,0.0000,1921000.0,0.0,3.000,12582912.0,0.000,0,0,12582912,3,0,3,1,0,3,1
3,i32,3,1048576,glibc_default_fresh,M_TWIN,0,2,1,1845777.00,0.0000,0.0000,1851000.0,0.0,3.000,12582912.0,0.000,0,0,12582912,3,1,0,0,0,3,1
3,i32,3,1048576,glibc_default_fresh,R,1,0,1,1964055.00,0.0000,0.0000,1968000.0,0.0,3.000,12582912.0,0.000,0,0,12582912,3,0,3,1,0,3,1
3,i32,3,1048576,glibc_default_fresh,M_TWIN,1,1,1,1912469.00,0.0000,0.0000,1917000.0,0.0,3.000,12582912.0,0.000,0,0,12582912,3,1,0,0,0,3,1
3,i32,3,1048576,glibc_default_fresh,M,1,2,1,1877116.00,0.0000,0.0000,1881000.0,0.0,3.000,12582912.0,0.000,0,0,12582912,3,1,0,0,0,3,1
3,i32,3,1048576,glibc_default_fresh,M_TWIN,2,0,1,1842409.00,0.0000,0.0000,1846000.0,0.0,3.000,12582912.0,0.000,0,0,12582912,3,1,0,0,0,3,1
3,i32,3,1048576,glibc_default_fresh,M,2,1,1,1841098.00,0.0000,0.0000,1845000.0,0.0,3.000,12582912.0,0.000,0,0,12582912,3,1,0,0,0,3,1
3,i32,3,1048576,glibc_default_fresh,R,2,2,1,1945312.00,0.0000,0.0000,1947000.0,0.0,3.000,12582912.0,0.000,0,0,12582912,3,0,3,1,0,3,1
3,i32,3,1048576,glibc_default_fresh,M,3,0,1,1944143.00,0.0000,0.0000,1950000.0,0.0,3.000,12582912.0,0.000,0,0,12582912,3,1,0,0,0,3,1
3,i32,3,1048576,glibc_default_fresh,R,3,1,1,1984240.00,0.0000,0.0000,1989000.0,0.0,3.000,12582912.0,0.000,0,0,12582912,3,0,3,1,0,3,1
3,i32,3,1048576,glibc_default_fresh,M_TWIN,3,2,1,1834171.00,0.0000,0.0000,1838000.0,0.0,3.000,12582912.0,0.000,0,0,12582912,3,1,0,0,0,3,1
3,i32,3,1048576,glibc_default_fresh,R,4,0,1,1985170.00,0.0000,0.0000,1988000.0,0.0,3.000,12582912.0,0.000,0,0,12582912,3,0,3,1,0,3,1
3,i32,3,1048576,glibc_default_fresh,M_TWIN,4,1,1,1912637.00,0.0000,0.0000,1916000.0,0.0,3.000,12582912.0,0.000,0,0,12582912,3,1,0,0,0,3,1
3,i32,3,1048576,glibc_default_fresh,M,4,2,1,1839236.00,0.0000,0.0000,1844000.0,0.0,3.000,12582912.0,0.000,0,0,12582912,3,1,0,0,0,3,1
3,i32,3,1048576,glibc_default_fresh,M_TWIN,5,0,1,1929218.00,0.0000,0.0000,1933000.0,0.0,3.000,12582912.0,0.000,0,0,12582912,3,1,0,0,0,3,1
3,i32,3,1048576,glibc_default_fresh,M,5,1,1,1847474.00,0.0000,0.0000,1852000.0,0.0,3.000,12582912.0,0.000,0,0,12582912,3,1,0,0,0,3,1
3,i32,3,1048576,glibc_default_fresh,R,5,2,1,1979284.00,0.0000,0.0000,1983000.0,0.0,3.000,12582912.0,0.000,0,0,12582912,3,0,3,1,0,3,1
3,i32,3,1048576,glibc_default_fresh,M,6,0,1,1871893.00,0.0000,0.0000,1875000.0,0.0,3.000,12582912.0,0.000,0,0,12582912,3,1,0,0,0,3,1
3,i32,3,1048576,glibc_default_fresh,R,6,1,1,2042926.00,0.0000,0.0000,2047000.0,0.0,3.000,12582912.0,0.000,0,0,12582912,3,0,3,1,0,3,1
3,i32,3,1048576,glibc_default_fresh,M_TWIN,6,2,1,1874833.00,0.0000,0.0000,1879000.0,0.0,3.000,12582912.0,0.000,0,0,12582912,3,1,0,0,0,3,1
3,i32,3,1048576,glibc_default_fresh,R,7,0,1,2018435.00,0.0000,0.0000,2022000.0,0.0,3.000,12582912.0,0.000,0,0,12582912,3,0,3,1,0,3,1
3,i32,3,1048576,glibc_default_fresh,M_TWIN,7,1,1,1874136.00,0.0000,0.0000,1879000.0,0.0,3.000,12582912.0,0.000,0,0,12582912,3,1,0,0,0,3,1
3,i32,3,1048576,glibc_default_fresh,M,7,2,1,1928623.00,0.0000,0.0000,1932000.0,0.0,3.000,12582912.0,0.000,0,0,12582912,3,1,0,0,0,3,1
3,i32,3,1048576,glibc_default_fresh,M_TWIN,8,0,1,1859513.00,0.0000,0.0000,1864000.0,0.0,3.000,12582912.0,0.000,0,0,12582912,3,1,0,0,0,3,1
3,i32,3,1048576,glibc_default_fresh,M,8,1,1,1820843.00,0.0000,0.0000,1825000.0,0.0,3.000,12582912.0,0.000,0,0,12582912,3,1,0,0,0,3,1
3,i32,3,1048576,glibc_default_fresh,R,8,2,1,1956942.00,0.0000,0.0000,1960000.0,0.0,3.000,12582912.0,0.000,0,0,12582912,3,0,3,1,0,3,1
3,i32,3,1048576,glibc_default_fresh,M,9,0,1,1811441.00,0.0000,0.0000,1815000.0,0.0,3.000,12582912.0,0.000,0,0,12582912,3,1,0,0,0,3,1
3,i32,3,1048576,glibc_default_fresh,R,9,1,1,2035432.00,0.0000,0.0000,2038000.0,0.0,3.000,12582912.0,0.000,0,0,12582912,3,0,3,1,0,3,1
3,i32,3,1048576,glibc_default_fresh,M_TWIN,9,2,1,1883065.00,0.0000,0.0000,1888000.0,0.0,3.000,12582912.0,0.000,0,0,12582912,3,1,0,0,0,3,1
3,i32,3,1048576,glibc_default_fresh,R,10,0,1,2042868.00,0.0000,0.0000,2049000.0,0.0,3.000,12582912.0,0.000,0,0,12582912,3,0,3,1,0,3,1
3,i32,3,1048576,glibc_default_fresh,M_TWIN,10,1,1,1810365.00,0.0000,0.0000,1814000.0,0.0,3.000,12582912.0,0.000,0,0,12582912,3,1,0,0,0,3,1
3,i32,3,1048576,glibc_default_fresh,M,10,2,1,1824268.00,0.0000,0.0000,1827000.0,0.0,3.000,12582912.0,0.000,0,0,12582912,3,1,0,0,0,3,1
3,i32,3,1048576,glibc_default_fresh,M_TWIN,11,0,1,1824898.00,0.0000,0.0000,1829000.0,0.0,3.000,12582912.0,0.000,0,0,12582912,3,1,0,0,0,3,1
3,i32,3,1048576,glibc_default_fresh,M,11,1,1,1855838.00,0.0000,0.0000,1859000.0,0.0,3.000,12582912.0,0.000,0,0,12582912,3,1,0,0,0,3,1
3,i32,3,1048576,glibc_default_fresh,R,11,2,1,2017437.00,0.0000,0.0000,2021000.0,0.0,3.000,12582912.0,0.000,0,0,12582912,3,0,3,1,0,3,1
3,i32,3,1048576,glibc_default_fresh,M,12,0,1,1933043.00,0.0000,0.0000,1938000.0,0.0,3.000,12582912.0,0.000,0,0,12582912,3,1,0,0,0,3,1
3,i32,3,1048576,glibc_default_fresh,R,12,1,1,1931102.00,0.0000,0.0000,1935000.0,0.0,3.000,12582912.0,0.000,0,0,12582912,3,0,3,1,0,3,1
3,i32,3,1048576,glibc_default_fresh,M_TWIN,12,2,1,1825363.00,0.0000,0.0000,1828000.0,0.0,3.000,12582912.0,0.000,0,0,12582912,3,1,0,0,0,3,1
3,i32,3,1048576,glibc_default_fresh,R,13,0,1,1965825.00,0.0000,0.0000,1969000.0,0.0,3.000,12582912.0,0.000,0,0,12582912,3,0,3,1,0,3,1
3,i32,3,1048576,glibc_default_fresh,M_TWIN,13,1,1,1877045.00,0.0000,0.0000,1881000.0,0.0,3.000,12582912.0,0.000,0,0,12582912,3,1,0,0,0,3,1
3,i32,3,1048576,glibc_default_fresh,M,13,2,1,1773186.00,0.0000,0.0000,1777000.0,0.0,3.000,12582912.0,0.000,0,0,12582912,3,1,0,0,0,3,1
3,i32,3,1048576,glibc_default_fresh,M_TWIN,14,0,1,1847930.00,0.0000,0.0000,1852000.0,0.0,3.000,12582912.0,0.000,0,0,12582912,3,1,0,0,0,3,1
3,i32,3,1048576,glibc_default_fresh,M,14,1,1,1813303.00,0.0000,0.0000,1817000.0,0.0,3.000,12582912.0,0.000,0,0,12582912,3,1,0,0,0,3,1
3,i32,3,1048576,glibc_default_fresh,R,14,2,1,2008662.00,0.0000,0.0000,2012000.0,0.0,3.000,12582912.0,0.000,0,0,12582912,3,0,3,1,0,3,1
3,i32,3,4194304,glibc_default_fresh,M,0,0,1,8891886.00,2.0000,0.0000,8578000.0,370000.0,3.000,50331648.0,0.000,0,0,50331648,3,1,0,0,0,3,1
3,i32,3,4194304,glibc_default_fresh,R,0,1,1,9233251.00,0.0000,0.0000,8805000.0,434000.0,3.000,50331648.0,0.000,0,0,50331648,3,0,3,1,0,3,1
3,i32,3,4194304,glibc_default_fresh,M_TWIN,0,2,1,9181410.00,0.0000,0.0000,9053000.0,134000.0,3.000,50331648.0,0.000,0,0,50331648,3,1,0,0,0,3,1
3,i32,3,4194304,glibc_default_fresh,R,1,0,1,9153326.00,0.0000,0.0000,9088000.0,98000.0,3.000,50331648.0,0.000,0,0,50331648,3,0,3,1,0,3,1
3,i32,3,4194304,glibc_default_fresh,M_TWIN,1,1,1,8572829.00,0.0000,0.0000,8576000.0,0.0,3.000,50331648.0,0.000,0,0,50331648,3,1,0,0,0,3,1
3,i32,3,4194304,glibc_default_fresh,M,1,2,1,8577781.00,0.0000,0.0000,8583000.0,0.0,3.000,50331648.0,0.000,0,0,50331648,3,1,0,0,0,3,1
3,i32,3,4194304,glibc_default_fresh,M_TWIN,2,0,1,9529048.00,0.0000,0.0000,9534000.0,0.0,3.000,50331648.0,0.000,0,0,50331648,3,1,0,0,0,3,1
3,i32,3,4194304,glibc_default_fresh,M,2,1,1,9184906.00,0.0000,0.0000,9191000.0,0.0,3.000,50331648.0,0.000,0,0,50331648,3,1,0,0,0,3,1
3,i32,3,4194304,glibc_default_fresh,R,2,2,1,8686625.00,0.0000,0.0000,8691000.0,0.0,3.000,50331648.0,0.000,0,0,50331648,3,0,3,1,0,3,1
3,i32,3,4194304,glibc_default_fresh,M,3,0,1,8650176.00,0.0000,0.0000,8635000.0,0.0,3.000,50331648.0,0.000,0,0,50331648,3,1,0,0,0,3,1
3,i32,3,4194304,glibc_default_fresh,R,3,1,1,8573739.00,0.0000,0.0000,8578000.0,0.0,3.000,50331648.0,0.000,0,0,50331648,3,0,3,1,0,3,1
3,i32,3,4194304,glibc_default_fresh,M_TWIN,3,2,1,8326469.00,0.0000,0.0000,8285000.0,0.0,3.000,50331648.0,0.000,0,0,50331648,3,1,0,0,0,3,1
3,i32,3,4194304,glibc_default_fresh,R,4,0,1,8271959.00,0.0000,0.0000,8276000.0,0.0,3.000,50331648.0,0.000,0,0,50331648,3,0,3,1,0,3,1
3,i32,3,4194304,glibc_default_fresh,M_TWIN,4,1,1,8182611.00,0.0000,0.0000,8186000.0,0.0,3.000,50331648.0,0.000,0,0,50331648,3,1,0,0,0,3,1
3,i32,3,4194304,glibc_default_fresh,M,4,2,1,8096110.00,0.0000,0.0000,8100000.0,0.0,3.000,50331648.0,0.000,0,0,50331648,3,1,0,0,0,3,1
3,i32,3,4194304,glibc_default_fresh,M_TWIN,5,0,1,8871612.00,0.0000,0.0000,8877000.0,0.0,3.000,50331648.0,0.000,0,0,50331648,3,1,0,0,0,3,1
3,i32,3,4194304,glibc_default_fresh,M,5,1,1,8007873.00,0.0000,0.0000,8013000.0,0.0,3.000,50331648.0,0.000,0,0,50331648,3,1,0,0,0,3,1
3,i32,3,4194304,glibc_default_fresh,R,5,2,1,8423996.00,0.0000,0.0000,8428000.0,0.0,3.000,50331648.0,0.000,0,0,50331648,3,0,3,1,0,3,1
3,i32,3,4194304,glibc_default_fresh,M,6,0,1,8044405.00,0.0000,0.0000,8049000.0,0.0,3.000,50331648.0,0.000,0,0,50331648,3,1,0,0,0,3,1
3,i32,3,4194304,glibc_default_fresh,R,6,1,1,8320072.00,0.0000,0.0000,8324000.0,0.0,3.000,50331648.0,0.000,0,0,50331648,3,0,3,1,0,3,1
3,i32,3,4194304,glibc_default_fresh,M_TWIN,6,2,1,7979291.00,0.0000,0.0000,7983000.0,0.0,3.000,50331648.0,0.000,0,0,50331648,3,1,0,0,0,3,1
3,i32,3,4194304,glibc_default_fresh,R,7,0,1,8041203.00,0.0000,0.0000,8046000.0,0.0,3.000,50331648.0,0.000,0,0,50331648,3,0,3,1,0,3,1
3,i32,3,4194304,glibc_default_fresh,M_TWIN,7,1,1,7603858.00,0.0000,0.0000,7607000.0,0.0,3.000,50331648.0,0.000,0,0,50331648,3,1,0,0,0,3,1
3,i32,3,4194304,glibc_default_fresh,M,7,2,1,7887600.00,0.0000,0.0000,7893000.0,0.0,3.000,50331648.0,0.000,0,0,50331648,3,1,0,0,0,3,1
3,i32,3,4194304,glibc_default_fresh,M_TWIN,8,0,1,8183806.00,0.0000,0.0000,8189000.0,0.0,3.000,50331648.0,0.000,0,0,50331648,3,1,0,0,0,3,1
3,i32,3,4194304,glibc_default_fresh,M,8,1,1,8676379.00,0.0000,0.0000,8681000.0,0.0,3.000,50331648.0,0.000,0,0,50331648,3,1,0,0,0,3,1
3,i32,3,4194304,glibc_default_fresh,R,8,2,1,9224963.00,0.0000,0.0000,9229000.0,0.0,3.000,50331648.0,0.000,0,0,50331648,3,0,3,1,0,3,1
3,i32,3,4194304,glibc_default_fresh,M,9,0,1,8681482.00,0.0000,0.0000,8686000.0,0.0,3.000,50331648.0,0.000,0,0,50331648,3,1,0,0,0,3,1
3,i32,3,4194304,glibc_default_fresh,R,9,1,1,8597027.00,0.0000,0.0000,8602000.0,0.0,3.000,50331648.0,0.000,0,0,50331648,3,0,3,1,0,3,1
3,i32,3,4194304,glibc_default_fresh,M_TWIN,9,2,1,9320458.00,0.0000,0.0000,9326000.0,0.0,3.000,50331648.0,0.000,0,0,50331648,3,1,0,0,0,3,1
3,i32,3,4194304,glibc_default_fresh,R,10,0,1,9331365.00,0.0000,0.0000,9337000.0,0.0,3.000,50331648.0,0.000,0,0,50331648,3,0,3,1,0,3,1
3,i32,3,4194304,glibc_default_fresh,M_TWIN,10,1,1,8740680.00,0.0000,0.0000,8746000.0,0.0,3.000,50331648.0,0.000,0,0,50331648,3,1,0,0,0,3,1
3,i32,3,4194304,glibc_default_fresh,M,10,2,1,8970838.00,0.0000,0.0000,8978000.0,0.0,3.000,50331648.0,0.000,0,0,50331648,3,1,0,0,0,3,1
3,i32,3,4194304,glibc_default_fresh,M_TWIN,11,0,1,9451490.00,0.0000,0.0000,9457000.0,0.0,3.000,50331648.0,0.000,0,0,50331648,3,1,0,0,0,3,1
3,i32,3,4194304,glibc_default_fresh,M,11,1,1,10169925.00,0.0000,0.0000,10175000.0,0.0,3.000,50331648.0,0.000,0,0,50331648,3,1,0,0,0,3,1
3,i32,3,4194304,glibc_default_fresh,R,11,2,1,9865796.00,0.0000,0.0000,9872000.0,0.0,3.000,50331648.0,0.000,0,0,50331648,3,0,3,1,0,3,1
3,i32,3,4194304,glibc_default_fresh,M,12,0,1,9056227.00,0.0000,0.0000,9061000.0,0.0,3.000,50331648.0,0.000,0,0,50331648,3,1,0,0,0,3,1
3,i32,3,4194304,glibc_default_fresh,R,12,1,1,9687773.00,0.0000,0.0000,9693000.0,0.0,3.000,50331648.0,0.000,0,0,50331648,3,0,3,1,0,3,1
3,i32,3,4194304,glibc_default_fresh,M_TWIN,12,2,1,9716264.00,0.0000,0.0000,9721000.0,0.0,3.000,50331648.0,0.000,0,0,50331648,3,1,0,0,0,3,1
3,i32,3,4194304,glibc_default_fresh,R,13,0,1,9459077.00,0.0000,0.0000,9464000.0,0.0,3.000,50331648.0,0.000,0,0,50331648,3,0,3,1,0,3,1
3,i32,3,4194304,glibc_default_fresh,M_TWIN,13,1,1,9771281.00,0.0000,0.0000,9767000.0,0.0,3.000,50331648.0,0.000,0,0,50331648,3,1,0,0,0,3,1
3,i32,3,4194304,glibc_default_fresh,M,13,2,1,10010841.00,0.0000,0.0000,10017000.0,0.0,3.000,50331648.0,0.000,0,0,50331648,3,1,0,0,0,3,1
3,i32,3,4194304,glibc_default_fresh,M_TWIN,14,0,1,9885488.00,0.0000,0.0000,9862000.0,0.0,3.000,50331648.0,0.000,0,0,50331648,3,1,0,0,0,3,1
3,i32,3,4194304,glibc_default_fresh,M,14,1,1,9491360.00,0.0000,0.0000,9497000.0,0.0,3.000,50331648.0,0.000,0,0,50331648,3,1,0,0,0,3,1
3,i32,3,4194304,glibc_default_fresh,R,14,2,1,8643485.00,0.0000,0.0000,8648000.0,0.0,3.000,50331648.0,0.000,0,0,50331648,3,0,3,1,0,3,1
3,i32,3,16777216,glibc_default_fresh,M,0,0,1,116917478.00,49157.0000,0.0000,40342000.0,76538000.0,3.000,201326592.0,0.000,0,0,201326592,3,1,0,0,0,3,1
3,i32,3,16777216,glibc_default_fresh,R,0,1,1,120844163.00,49155.0000,0.0000,58656000.0,62194000.0,3.000,201326592.0,0.000,0,0,201326592,3,0,3,1,0,3,1
3,i32,3,16777216,glibc_default_fresh,M_TWIN,0,2,1,118553768.00,49155.0000,0.0000,51376000.0,67144000.0,3.000,201326592.0,0.000,0,0,201326592,3,1,0,0,0,3,1
3,i32,3,16777216,glibc_default_fresh,R,1,0,1,120523485.00,49155.0000,0.0000,58486000.0,61998000.0,3.000,201326592.0,0.000,0,0,201326592,3,0,3,1,0,3,1
3,i32,3,16777216,glibc_default_fresh,M_TWIN,1,1,1,118754202.00,49155.0000,0.0000,51461000.0,67300000.0,3.000,201326592.0,0.000,0,0,201326592,3,1,0,0,0,3,1
3,i32,3,16777216,glibc_default_fresh,M,1,2,1,118614715.00,49155.0000,0.0000,57145000.0,61477000.0,3.000,201326592.0,0.000,0,0,201326592,3,1,0,0,0,3,1
3,i32,3,16777216,glibc_default_fresh,M_TWIN,2,0,1,117679402.00,49155.0000,0.0000,36727000.0,80938000.0,3.000,201326592.0,0.000,0,0,201326592,3,1,0,0,0,3,1
3,i32,3,16777216,glibc_default_fresh,M,2,1,1,115839959.00,49155.0000,0.0000,39928000.0,75906000.0,3.000,201326592.0,0.000,0,0,201326592,3,1,0,0,0,3,1
3,i32,3,16777216,glibc_default_fresh,R,2,2,1,118386025.00,49155.0000,0.0000,35312000.0,83079000.0,3.000,201326592.0,0.000,0,0,201326592,3,0,3,1,0,3,1
3,i32,3,16777216,glibc_default_fresh,M,3,0,1,115856857.00,49155.0000,0.0000,47942000.0,67921000.0,3.000,201326592.0,0.000,0,0,201326592,3,1,0,0,0,3,1
3,i32,3,16777216,glibc_default_fresh,R,3,1,1,120003417.00,49155.0000,0.0000,48005000.0,72004000.0,3.000,201326592.0,0.000,0,0,201326592,3,0,3,1,0,3,1
3,i32,3,16777216,glibc_default_fresh,M_TWIN,3,2,1,114431396.00,49155.0000,0.0000,47336000.0,67102000.0,3.000,201326592.0,0.000,0,0,201326592,3,1,0,0,0,3,1
3,i32,3,16777216,glibc_default_fresh,R,4,0,1,120450333.00,49155.0000,0.0000,68194000.0,52263000.0,3.000,201326592.0,0.000,0,0,201326592,3,0,3,1,0,3,1
3,i32,3,16777216,glibc_default_fresh,M_TWIN,4,1,1,116486566.00,49155.0000,0.0000,40215000.0,76277000.0,3.000,201326592.0,0.000,0,0,201326592,3,1,0,0,0,3,1
3,i32,3,16777216,glibc_default_fresh,M,4,2,1,116726878.00,49155.0000,0.0000,42601000.0,74150000.0,3.000,201326592.0,0.000,0,0,201326592,3,1,0,0,0,3,1
3,i32,3,16777216,glibc_default_fresh,M_TWIN,5,0,1,119679517.00,49155.0000,0.0000,47856000.0,71805000.0,3.000,201326592.0,0.000,0,0,201326592,3,1,0,0,0,3,1
3,i32,3,16777216,glibc_default_fresh,M,5,1,1,116096656.00,49155.0000,0.0000,40049000.0,76054000.0,3.000,201326592.0,0.000,0,0,201326592,3,1,0,0,0,3,1
3,i32,3,16777216,glibc_default_fresh,R,5,2,1,120381325.00,49155.0000,0.0000,56166000.0,64220000.0,3.000,201326592.0,0.000,0,0,201326592,3,0,3,1,0,3,1
3,i32,3,16777216,glibc_default_fresh,M,6,0,1,116075119.00,49155.0000,0.0000,32030000.0,84029000.0,3.000,201326592.0,0.000,0,0,201326592,3,1,0,0,0,3,1
3,i32,3,16777216,glibc_default_fresh,R,6,1,1,118116109.00,49155.0000,0.0000,56916000.0,61206000.0,3.000,201326592.0,0.000,0,0,201326592,3,0,3,1,0,3,1
3,i32,3,16777216,glibc_default_fresh,M_TWIN,6,2,1,114990500.00,49155.0000,0.0000,23572000.0,91424000.0,3.000,201326592.0,0.000,0,0,201326592,3,1,0,0,0,3,1
3,i32,3,16777216,glibc_default_fresh,R,7,0,1,118115339.00,49155.0000,0.0000,40914000.0,77207000.0,3.000,201326592.0,0.000,0,0,201326592,3,0,3,1,0,3,1
3,i32,3,16777216,glibc_default_fresh,M_TWIN,7,1,1,116620138.00,49155.0000,0.0000,44269000.0,72357000.0,3.000,201326592.0,0.000,0,0,201326592,3,1,0,0,0,3,1
3,i32,3,16777216,glibc_default_fresh,M,7,2,1,119161483.00,49155.0000,0.0000,47643000.0,71524000.0,3.000,201326592.0,0.000,0,0,201326592,3,1,0,0,0,3,1
3,i32,3,16777216,glibc_default_fresh,M_TWIN,8,0,1,116398322.00,49155.0000,0.0000,38461000.0,77944000.0,3.000,201326592.0,0.000,0,0,201326592,3,1,0,0,0,3,1
3,i32,3,16777216,glibc_default_fresh,M,8,1,1,115709971.00,49155.0000,0.0000,27878000.0,87826000.0,3.000,201326592.0,0.000,0,0,201326592,3,1,0,0,0,3,1
3,i32,3,16777216,glibc_default_fresh,R,8,2,1,118888233.00,49155.0000,0.0000,55527000.0,63367000.0,3.000,201326592.0,0.000,0,0,201326592,3,0,3,1,0,3,1
3,i32,3,16777216,glibc_default_fresh,M,9,0,1,115636648.00,49155.0000,0.0000,51810000.0,63796000.0,3.000,201326592.0,0.000,0,0,201326592,3,1,0,0,0,3,1
3,i32,3,16777216,glibc_default_fresh,R,9,1,1,119884971.00,49155.0000,0.0000,51953000.0,67937000.0,3.000,201326592.0,0.000,0,0,201326592,3,0,3,1,0,3,1
3,i32,3,16777216,glibc_default_fresh,M_TWIN,9,2,1,115733940.00,49155.0000,0.0000,51856000.0,63852000.0,3.000,201326592.0,0.000,0,0,201326592,3,1,0,0,0,3,1
3,i32,3,16777216,glibc_default_fresh,R,10,0,1,121054020.00,49155.0000,0.0000,42740000.0,78289000.0,3.000,201326592.0,0.000,0,0,201326592,3,0,3,1,0,3,1
3,i32,3,16777216,glibc_default_fresh,M_TWIN,10,1,1,116031056.00,49155.0000,0.0000,43946000.0,72020000.0,3.000,201326592.0,0.000,0,0,201326592,3,1,0,0,0,3,1
3,i32,3,16777216,glibc_default_fresh,M,10,2,1,115748320.00,49155.0000,0.0000,59836000.0,55861000.0,3.000,201326592.0,0.000,0,0,201326592,3,1,0,0,0,3,1
3,i32,3,16777216,glibc_default_fresh,M_TWIN,11,0,1,116153115.00,49155.0000,0.0000,40069000.0,75988000.0,3.000,201326592.0,0.000,0,0,201326592,3,1,0,0,0,3,1
3,i32,3,16777216,glibc_default_fresh,M,11,1,1,115912263.00,49155.0000,0.0000,55964000.0,59894000.0,3.000,201326592.0,0.000,0,0,201326592,3,1,0,0,0,3,1
3,i32,3,16777216,glibc_default_fresh,R,11,2,1,119866614.00,49155.0000,0.0000,35945000.0,83917000.0,3.000,201326592.0,0.000,0,0,201326592,3,0,3,1,0,3,1
3,i32,3,16777216,glibc_default_fresh,M,12,0,1,115981725.00,49155.0000,0.0000,59987000.0,55956000.0,3.000,201326592.0,0.000,0,0,201326592,3,1,0,0,0,3,1
3,i32,3,16777216,glibc_default_fresh,R,12,1,1,119947097.00,49155.0000,0.0000,67949000.0,51976000.0,3.000,201326592.0,0.000,0,0,201326592,3,0,3,1,0,3,1
3,i32,3,16777216,glibc_default_fresh,M_TWIN,12,2,1,116746897.00,49155.0000,0.0000,44325000.0,72427000.0,3.000,201326592.0,0.000,0,0,201326592,3,1,0,0,0,3,1
3,i32,3,16777216,glibc_default_fresh,R,13,0,1,120682022.00,49155.0000,0.0000,44233000.0,76326000.0,3.000,201326592.0,0.000,0,0,201326592,3,0,3,1,0,3,1
3,i32,3,16777216,glibc_default_fresh,M_TWIN,13,1,1,117157443.00,49155.0000,0.0000,54714000.0,62388000.0,3.000,201326592.0,0.000,0,0,201326592,3,1,0,0,0,3,1
3,i32,3,16777216,glibc_default_fresh,M,13,2,1,118967026.00,49155.0000,0.0000,45285000.0,73626000.0,3.000,201326592.0,0.000,0,0,201326592,3,1,0,0,0,3,1
3,i32,3,16777216,glibc_default_fresh,M_TWIN,14,0,1,118228537.00,49155.0000,0.0000,27237000.0,90866000.0,3.000,201326592.0,0.000,0,0,201326592,3,1,0,0,0,3,1
3,i32,3,16777216,glibc_default_fresh,M,14,1,1,115700909.00,49155.0000,0.0000,39874000.0,75832000.0,3.000,201326592.0,0.000,0,0,201326592,3,1,0,0,0,3,1
3,i32,3,16777216,glibc_default_fresh,R,14,2,1,123983285.00,49155.0000,0.0000,43955000.0,79941000.0,3.000,201326592.0,0.000,0,0,201326592,3,0,3,1,0,3,1
3,i32,4,64,glibc_default_fresh,M,0,0,1000,1033.34,0.2690,0.0000,1047.0,0.0,4.000,1024.0,0.000,0,0,1024000,4,1,0,0,0,4,1
3,i32,4,64,glibc_default_fresh,R,0,1,1000,1110.62,0.2670,0.0000,0.0,1112.0,4.000,1024.0,0.000,0,0,1024000,4,0,4,1,0,4,1
3,i32,4,64,glibc_default_fresh,M_TWIN,0,2,1000,1099.17,0.2670,0.0000,1101.0,0.0,4.000,1024.0,0.000,0,0,1024000,4,1,0,0,0,4,1
3,i32,4,64,glibc_default_fresh,R,1,0,1000,1138.92,0.2670,0.0000,962.0,178.0,4.000,1024.0,0.000,0,0,1024000,4,0,4,1,0,4,1
3,i32,4,64,glibc_default_fresh,M_TWIN,1,1,1000,1064.81,0.2670,0.0000,0.0,1066.0,4.000,1024.0,0.000,0,0,1024000,4,1,0,0,0,4,1
3,i32,4,64,glibc_default_fresh,M,1,2,1000,1036.18,0.2670,0.0000,536.0,502.0,4.000,1024.0,0.000,0,0,1024000,4,1,0,0,0,4,1
3,i32,4,64,glibc_default_fresh,M_TWIN,2,0,1000,1040.02,0.2670,0.0000,1041.0,0.0,4.000,1024.0,0.000,0,0,1024000,4,1,0,0,0,4,1
3,i32,4,64,glibc_default_fresh,M,2,1,1000,1114.76,0.2670,0.0000,1116.0,0.0,4.000,1024.0,0.000,0,0,1024000,4,1,0,0,0,4,1
3,i32,4,64,glibc_default_fresh,R,2,2,1000,1111.60,0.2670,0.0000,1113.0,0.0,4.000,1024.0,0.000,0,0,1024000,4,0,4,1,0,4,1
3,i32,4,64,glibc_default_fresh,M,3,0,1000,1034.35,0.2670,0.0000,1036.0,0.0,4.000,1024.0,0.000,0,0,1024000,4,1,0,0,0,4,1
3,i32,4,64,glibc_default_fresh,R,3,1,1000,1137.64,0.2670,0.0000,0.0,1139.0,4.000,1024.0,0.000,0,0,1024000,4,0,4,1,0,4,1
3,i32,4,64,glibc_default_fresh,M_TWIN,3,2,1000,1043.42,0.2670,0.0000,0.0,1045.0,4.000,1024.0,0.000,0,0,1024000,4,1,0,0,0,4,1
3,i32,4,64,glibc_default_fresh,R,4,0,1000,1150.16,0.2670,0.0000,1152.0,0.0,4.000,1024.0,0.000,0,0,1024000,4,0,4,1,0,4,1
3,i32,4,64,glibc_default_fresh,M_TWIN,4,1,1000,1064.90,0.2670,0.0000,1066.0,0.0,4.000,1024.0,0.000,0,0,1024000,4,1,0,0,0,4,1
3,i32,4,64,glibc_default_fresh,M,4,2,1000,1030.18,0.2670,0.0000,1031.0,0.0,4.000,1024.0,0.000,0,0,1024000,4,1,0,0,0,4,1
3,i32,4,64,glibc_default_fresh,M_TWIN,5,0,1000,1062.92,0.2670,0.0000,1064.0,0.0,4.000,1024.0,0.000,0,0,1024000,4,1,0,0,0,4,1
3,i32,4,64,glibc_default_fresh,M,5,1,1000,1055.64,0.2670,0.0000,1057.0,0.0,4.000,1024.0,0.000,0,0,1024000,4,1,0,0,0,4,1
3,i32,4,64,glibc_default_fresh,R,5,2,1000,1108.81,0.2670,0.0000,1110.0,0.0,4.000,1024.0,0.000,0,0,1024000,4,0,4,1,0,4,1
3,i32,4,64,glibc_default_fresh,M,6,0,1000,1029.94,0.2670,0.0000,1031.0,0.0,4.000,1024.0,0.000,0,0,1024000,4,1,0,0,0,4,1
3,i32,4,64,glibc_default_fresh,R,6,1,1000,1103.39,0.2670,0.0000,1105.0,0.0,4.000,1024.0,0.000,0,0,1024000,4,0,4,1,0,4,1
3,i32,4,64,glibc_default_fresh,M_TWIN,6,2,1000,1080.72,0.2670,0.0000,1082.0,0.0,4.000,1024.0,0.000,0,0,1024000,4,1,0,0,0,4,1
3,i32,4,64,glibc_default_fresh,R,7,0,1000,1101.28,0.2670,0.0000,1103.0,0.0,4.000,1024.0,0.000,0,0,1024000,4,0,4,1,0,4,1
3,i32,4,64,glibc_default_fresh,M_TWIN,7,1,1000,1036.87,0.2670,0.0000,1039.0,0.0,4.000,1024.0,0.000,0,0,1024000,4,1,0,0,0,4,1
3,i32,4,64,glibc_default_fresh,M,7,2,1000,1027.12,0.2670,0.0000,1028.0,0.0,4.000,1024.0,0.000,0,0,1024000,4,1,0,0,0,4,1
3,i32,4,64,glibc_default_fresh,M_TWIN,8,0,1000,1048.84,0.2670,0.0000,1050.0,0.0,4.000,1024.0,0.000,0,0,1024000,4,1,0,0,0,4,1
3,i32,4,64,glibc_default_fresh,M,8,1,1000,1058.76,0.2670,0.0000,1060.0,0.0,4.000,1024.0,0.000,0,0,1024000,4,1,0,0,0,4,1
3,i32,4,64,glibc_default_fresh,R,8,2,1000,1113.70,0.2670,0.0000,1115.0,0.0,4.000,1024.0,0.000,0,0,1024000,4,0,4,1,0,4,1
3,i32,4,64,glibc_default_fresh,M,9,0,1000,1042.79,0.2670,0.0000,1044.0,0.0,4.000,1024.0,0.000,0,0,1024000,4,1,0,0,0,4,1
3,i32,4,64,glibc_default_fresh,R,9,1,1000,1148.45,0.2670,0.0000,1150.0,0.0,4.000,1024.0,0.000,0,0,1024000,4,0,4,1,0,4,1
3,i32,4,64,glibc_default_fresh,M_TWIN,9,2,1000,1038.99,0.2670,0.0000,1040.0,0.0,4.000,1024.0,0.000,0,0,1024000,4,1,0,0,0,4,1
3,i32,4,64,glibc_default_fresh,R,10,0,1000,1122.68,0.2670,0.0000,1124.0,0.0,4.000,1024.0,0.000,0,0,1024000,4,0,4,1,0,4,1
3,i32,4,64,glibc_default_fresh,M_TWIN,10,1,1000,1026.05,0.2670,0.0000,1028.0,0.0,4.000,1024.0,0.000,0,0,1024000,4,1,0,0,0,4,1
3,i32,4,64,glibc_default_fresh,M,10,2,1000,1070.70,0.2670,0.0000,0.0,1073.0,4.000,1024.0,0.000,0,0,1024000,4,1,0,0,0,4,1
3,i32,4,64,glibc_default_fresh,M_TWIN,11,0,1000,1084.71,0.2670,0.0000,1086.0,0.0,4.000,1024.0,0.000,0,0,1024000,4,1,0,0,0,4,1
3,i32,4,64,glibc_default_fresh,M,11,1,1000,1044.28,0.2670,0.0000,1046.0,0.0,4.000,1024.0,0.000,0,0,1024000,4,1,0,0,0,4,1
3,i32,4,64,glibc_default_fresh,R,11,2,1000,1137.86,0.2670,0.0000,1139.0,0.0,4.000,1024.0,0.000,0,0,1024000,4,0,4,1,0,4,1
3,i32,4,64,glibc_default_fresh,M,12,0,1000,1024.39,0.2670,0.0000,973.0,52.0,4.000,1024.0,0.000,0,0,1024000,4,1,0,0,0,4,1
3,i32,4,64,glibc_default_fresh,R,12,1,1000,1158.06,0.2670,0.0000,1160.0,0.0,4.000,1024.0,0.000,0,0,1024000,4,0,4,1,0,4,1
3,i32,4,64,glibc_default_fresh,M_TWIN,12,2,1000,1084.90,0.2670,0.0000,1086.0,0.0,4.000,1024.0,0.000,0,0,1024000,4,1,0,0,0,4,1
3,i32,4,64,glibc_default_fresh,R,13,0,1000,1132.90,0.2670,0.0000,1134.0,0.0,4.000,1024.0,0.000,0,0,1024000,4,0,4,1,0,4,1
3,i32,4,64,glibc_default_fresh,M_TWIN,13,1,1000,1034.91,0.2670,0.0000,1037.0,0.0,4.000,1024.0,0.000,0,0,1024000,4,1,0,0,0,4,1
3,i32,4,64,glibc_default_fresh,M,13,2,1000,1069.25,0.2670,0.0000,1071.0,0.0,4.000,1024.0,0.000,0,0,1024000,4,1,0,0,0,4,1
3,i32,4,64,glibc_default_fresh,M_TWIN,14,0,1000,1029.69,0.2670,0.0000,1031.0,0.0,4.000,1024.0,0.000,0,0,1024000,4,1,0,0,0,4,1
3,i32,4,64,glibc_default_fresh,M,14,1,1000,1042.17,0.2670,0.0000,0.0,1043.0,4.000,1024.0,0.000,0,0,1024000,4,1,0,0,0,4,1
3,i32,4,64,glibc_default_fresh,R,14,2,1000,1122.08,0.2670,0.0000,942.0,181.0,4.000,1024.0,0.000,0,0,1024000,4,0,4,1,0,4,1
3,i32,4,1024,glibc_default_fresh,M,0,0,1000,6852.28,3.9920,0.0000,0.0,6874.0,4.000,16384.0,0.000,0,0,16384000,4,1,0,0,0,4,1
3,i32,4,1024,glibc_default_fresh,R,0,1,1000,6554.40,3.9900,0.0000,3399.0,3159.0,4.000,16384.0,0.000,0,0,16384000,4,0,4,1,0,4,1
3,i32,4,1024,glibc_default_fresh,M_TWIN,0,2,1000,6445.71,3.9900,0.0000,935.0,5514.0,4.000,16384.0,0.000,0,0,16384000,4,1,0,0,0,4,1
3,i32,4,1024,glibc_default_fresh,R,1,0,1000,6560.91,3.9900,0.0000,4910.0,1653.0,4.000,16384.0,0.000,0,0,16384000,4,0,4,1,0,4,1
3,i32,4,1024,glibc_default_fresh,M_TWIN,1,1,1000,6418.55,3.9900,0.0000,6420.0,0.0,4.000,16384.0,0.000,0,0,16384000,4,1,0,0,0,4,1
3,i32,4,1024,glibc_default_fresh,M,1,2,1000,6324.92,3.9900,0.0000,3223.0,3052.0,4.000,16384.0,0.000,0,0,16384000,4,1,0,0,0,4,1
3,i32,4,1024,glibc_default_fresh,M_TWIN,2,0,1000,6387.12,3.9900,0.0000,4965.0,1425.0,4.000,16384.0,0.000,0,0,16384000,4,1,0,0,0,4,1
3,i32,4,1024,glibc_default_fresh,M,2,1,1000,6294.79,3.9900,0.0000,3318.0,2980.0,4.000,16384.0,0.000,0,0,16384000,4,1,0,0,0,4,1
3,i32,4,1024,glibc_default_fresh,R,2,2,1000,6565.79,3.9900,0.0000,0.0,6568.0,4.000,16384.0,0.000,0,0,16384000,4,0,4,1,0,4,1
3,i32,4,1024,glibc_default_fresh,M,3,0,1000,6217.33,3.9900,0.0000,402.0,5817.0,4.000,16384.0,0.000,0,0,16384000,4,1,0,0,0,4,1
3,i32,4,1024,glibc_default_fresh,R,3,1,1000,6559.88,3.9900,0.0000,3448.0,3114.0,4.000,16384.0,0.000,0,0,16384000,4,0,4,1,0,4,1
3,i32,4,1024,glibc_default_fresh,M_TWIN,3,2,1000,6396.65,3.9900,0.0000,6399.0,0.0,4.000,16384.0,0.000,0,0,16384000,4,1,0,0,0,4,1
3,i32,4,1024,glibc_default_fresh,R,4,0,1000,6559.39,3.9900,0.0000,1008.0,5553.0,4.000,16384.0,0.000,0,0,16384000,4,0,4,1,0,4,1
3,i32,4,1024,glibc_default_fresh,M_TWIN,4,1,1000,6338.16,3.9900,0.0000,4891.0,1448.0,4.000,16384.0,0.000,0,0,16384000,4,1,0,0,0,4,1
3,i32,4,1024,glibc_default_fresh,M,4,2,1000,6505.71,3.9900,0.0000,6508.0,0.0,4.000,16384.0,0.000,0,0,16384000,4,1,0,0,0,4,1
3,i32,4,1024,glibc_default_fresh,M_TWIN,5,0,1000,6305.45,3.9900,0.0000,4900.0,1408.0,4.000,16384.0,0.000,0,0,16384000,4,1,0,0,0,4,1
3,i32,4,1024,glibc_default_fresh,M,5,1,1000,6389.93,3.9900,0.0000,981.0,5411.0,4.000,16384.0,0.000,0,0,16384000,4,1,0,0,0,4,1
3,i32,4,1024,glibc_default_fresh,R,5,2,1000,6628.91,3.9900,0.0000,0.0,6631.0,4.000,16384.0,0.000,0,0,16384000,4,0,4,1,0,4,1
3,i32,4,1024,glibc_default_fresh,M,6,0,1000,6337.84,3.9900,0.0000,0.0,6340.0,4.000,16384.0,0.000,0,0,16384000,4,1,0,0,0,4,1
3,i32,4,1024,glibc_default_fresh,R,6,1,1000,6558.43,3.9900,0.0000,949.0,5612.0,4.000,16384.0,0.000,0,0,16384000,4,0,4,1,0,4,1
3,i32,4,1024,glibc_default_fresh,M_TWIN,6,2,1000,6305.52,3.9900,0.0000,3371.0,2937.0,4.000,16384.0,0.000,0,0,16384000,4,1,0,0,0,4,1
3,i32,4,1024,glibc_default_fresh,R,7,0,1000,6519.05,3.9900,0.0000,0.0,6521.0,4.000,16384.0,0.000,0,0,16384000,4,0,4,1,0,4,1
3,i32,4,1024,glibc_default_fresh,M_TWIN,7,1,1000,6323.82,3.9900,0.0000,836.0,5489.0,4.000,16384.0,0.000,0,0,16384000,4,1,0,0,0,4,1
3,i32,4,1024,glibc_default_fresh,M,7,2,1000,6428.27,3.9900,0.0000,3433.0,2997.0,4.000,16384.0,0.000,0,0,16384000,4,1,0,0,0,4,1
3,i32,4,1024,glibc_default_fresh,M_TWIN,8,0,1000,6388.13,3.9900,0.0000,0.0,6391.0,4.000,16384.0,0.000,0,0,16384000,4,1,0,0,0,4,1
3,i32,4,1024,glibc_default_fresh,M,8,1,1000,6289.78,3.9900,0.0000,805.0,5486.0,4.000,16384.0,0.000,0,0,16384000,4,1,0,0,0,4,1
3,i32,4,1024,glibc_default_fresh,R,8,2,1000,6737.86,3.9900,0.0000,4970.0,1771.0,4.000,16384.0,0.000,0,0,16384000,4,0,4,1,0,4,1
3,i32,4,1024,glibc_default_fresh,M,9,0,1000,6256.98,3.9900,0.0000,0.0,6259.0,4.000,16384.0,0.000,0,0,16384000,4,1,0,0,0,4,1
3,i32,4,1024,glibc_default_fresh,R,9,1,1000,6413.97,3.9900,0.0000,0.0,6416.0,4.000,16384.0,0.000,0,0,16384000,4,0,4,1,0,4,1
3,i32,4,1024,glibc_default_fresh,M_TWIN,9,2,1000,6239.98,3.9900,0.0000,4774.0,1467.0,4.000,16384.0,0.000,0,0,16384000,4,1,0,0,0,4,1
3,i32,4,1024,glibc_default_fresh,R,10,0,1000,6412.55,3.9900,0.0000,0.0,6414.0,4.000,16384.0,0.000,0,0,16384000,4,0,4,1,0,4,1
3,i32,4,1024,glibc_default_fresh,M_TWIN,10,1,1000,6236.17,3.9900,0.0000,279.0,5959.0,4.000,16384.0,0.000,0,0,16384000,4,1,0,0,0,4,1
3,i32,4,1024,glibc_default_fresh,M,10,2,1000,6735.53,3.9900,0.0000,2678.0,4059.0,4.000,16384.0,0.000,0,0,16384000,4,1,0,0,0,4,1
3,i32,4,1024,glibc_default_fresh,M_TWIN,11,0,1000,6427.69,3.9900,0.0000,6429.0,0.0,4.000,16384.0,0.000,0,0,16384000,4,1,0,0,0,4,1
3,i32,4,1024,glibc_default_fresh,M,11,1,1000,6355.26,3.9900,0.0000,4128.0,2229.0,4.000,16384.0,0.000,0,0,16384000,4,1,0,0,0,4,1
3,i32,4,1024,glibc_default_fresh,R,11,2,1000,6505.77,3.9900,0.0000,3440.0,3068.0,4.000,16384.0,0.000,0,0,16384000,4,0,4,1,0,4,1
3,i32,4,1024,glibc_default_fresh,M,12,0,1000,6349.06,3.9900,0.0000,897.0,5454.0,4.000,16384.0,0.000,0,0,16384000,4,1,0,0,0,4,1
3,i32,4,1024,glibc_default_fresh,R,12,1,1000,6498.75,3.9900,0.0000,6501.0,0.0,4.000,16384.0,0.000,0,0,16384000,4,0,4,1,0,4,1
3,i32,4,1024,glibc_default_fresh,M_TWIN,12,2,1000,6333.96,3.9900,0.0000,3358.0,2977.0,4.000,16384.0,0.000,0,0,16384000,4,1,0,0,0,4,1
3,i32,4,1024,glibc_default_fresh,R,13,0,1000,6476.78,3.9900,0.0000,4954.0,1525.0,4.000,16384.0,0.000,0,0,16384000,4,0,4,1,0,4,1
3,i32,4,1024,glibc_default_fresh,M_TWIN,13,1,1000,6252.52,3.9900,0.0000,0.0,6255.0,4.000,16384.0,0.000,0,0,16384000,4,1,0,0,0,4,1
3,i32,4,1024,glibc_default_fresh,M,13,2,1000,6324.68,3.9900,0.0000,2783.0,3542.0,4.000,16384.0,0.000,0,0,16384000,4,1,0,0,0,4,1
3,i32,4,1024,glibc_default_fresh,M_TWIN,14,0,1000,6285.40,3.9900,0.0000,881.0,5407.0,4.000,16384.0,0.000,0,0,16384000,4,1,0,0,0,4,1
3,i32,4,1024,glibc_default_fresh,M,14,1,1000,6302.13,3.9900,0.0000,3357.0,2949.0,4.000,16384.0,0.000,0,0,16384000,4,1,0,0,0,4,1
3,i32,4,1024,glibc_default_fresh,R,14,2,1000,6524.45,3.9900,0.0000,0.0,6526.0,4.000,16384.0,0.000,0,0,16384000,4,0,4,1,0,4,1
3,i32,4,4096,glibc_default_fresh,M,0,0,1,3713.00,2.0000,0.0000,15000.0,0.0,4.000,65536.0,0.000,0,0,65536,4,1,0,0,0,4,1
3,i32,4,4096,glibc_default_fresh,R,0,1,1,4443.00,0.0000,0.0000,5000.0,0.0,4.000,65536.0,0.000,0,0,65536,4,0,4,1,0,4,1
3,i32,4,4096,glibc_default_fresh,M_TWIN,0,2,1,3543.00,0.0000,0.0000,4000.0,0.0,4.000,65536.0,0.000,0,0,65536,4,1,0,0,0,4,1
3,i32,4,4096,glibc_default_fresh,R,1,0,1,4368.00,0.0000,0.0000,4000.0,0.0,4.000,65536.0,0.000,0,0,65536,4,0,4,1,0,4,1
3,i32,4,4096,glibc_default_fresh,M_TWIN,1,1,1,3602.00,0.0000,0.0000,4000.0,0.0,4.000,65536.0,0.000,0,0,65536,4,1,0,0,0,4,1
3,i32,4,4096,glibc_default_fresh,M,1,2,1,3607.00,0.0000,0.0000,4000.0,0.0,4.000,65536.0,0.000,0,0,65536,4,1,0,0,0,4,1
3,i32,4,4096,glibc_default_fresh,M_TWIN,2,0,1,3577.00,0.0000,0.0000,4000.0,0.0,4.000,65536.0,0.000,0,0,65536,4,1,0,0,0,4,1
3,i32,4,4096,glibc_default_fresh,M,2,1,1,3569.00,0.0000,0.0000,4000.0,0.0,4.000,65536.0,0.000,0,0,65536,4,1,0,0,0,4,1
3,i32,4,4096,glibc_default_fresh,R,2,2,1,4420.00,0.0000,0.0000,5000.0,0.0,4.000,65536.0,0.000,0,0,65536,4,0,4,1,0,4,1
3,i32,4,4096,glibc_default_fresh,M,3,0,1,3592.00,0.0000,0.0000,4000.0,0.0,4.000,65536.0,0.000,0,0,65536,4,1,0,0,0,4,1
3,i32,4,4096,glibc_default_fresh,R,3,1,1,4386.00,0.0000,0.0000,5000.0,0.0,4.000,65536.0,0.000,0,0,65536,4,0,4,1,0,4,1
3,i32,4,4096,glibc_default_fresh,M_TWIN,3,2,1,4064.00,0.0000,0.0000,5000.0,0.0,4.000,65536.0,0.000,0,0,65536,4,1,0,0,0,4,1
3,i32,4,4096,glibc_default_fresh,R,4,0,1,4574.00,0.0000,0.0000,5000.0,0.0,4.000,65536.0,0.000,0,0,65536,4,0,4,1,0,4,1
3,i32,4,4096,glibc_default_fresh,M_TWIN,4,1,1,3608.00,0.0000,0.0000,4000.0,0.0,4.000,65536.0,0.000,0,0,65536,4,1,0,0,0,4,1
3,i32,4,4096,glibc_default_fresh,M,4,2,1,3559.00,0.0000,0.0000,4000.0,0.0,4.000,65536.0,0.000,0,0,65536,4,1,0,0,0,4,1
3,i32,4,4096,glibc_default_fresh,M_TWIN,5,0,1,3546.00,0.0000,0.0000,4000.0,0.0,4.000,65536.0,0.000,0,0,65536,4,1,0,0,0,4,1
3,i32,4,4096,glibc_default_fresh,M,5,1,1,3504.00,0.0000,0.0000,3000.0,0.0,4.000,65536.0,0.000,0,0,65536,4,1,0,0,0,4,1
3,i32,4,4096,glibc_default_fresh,R,5,2,1,4453.00,0.0000,0.0000,4000.0,0.0,4.000,65536.0,0.000,0,0,65536,4,0,4,1,0,4,1
3,i32,4,4096,glibc_default_fresh,M,6,0,1,3565.00,0.0000,0.0000,4000.0,0.0,4.000,65536.0,0.000,0,0,65536,4,1,0,0,0,4,1
3,i32,4,4096,glibc_default_fresh,R,6,1,1,4352.00,0.0000,0.0000,5000.0,0.0,4.000,65536.0,0.000,0,0,65536,4,0,4,1,0,4,1
3,i32,4,4096,glibc_default_fresh,M_TWIN,6,2,1,3606.00,0.0000,0.0000,4000.0,0.0,4.000,65536.0,0.000,0,0,65536,4,1,0,0,0,4,1
3,i32,4,4096,glibc_default_fresh,R,7,0,1,4370.00,0.0000,0.0000,5000.0,0.0,4.000,65536.0,0.000,0,0,65536,4,0,4,1,0,4,1
3,i32,4,4096,glibc_default_fresh,M_TWIN,7,1,1,3626.00,0.0000,0.0000,5000.0,0.0,4.000,65536.0,0.000,0,0,65536,4,1,0,0,0,4,1
3,i32,4,4096,glibc_default_fresh,M,7,2,1,3608.00,0.0000,0.0000,4000.0,0.0,4.000,65536.0,0.000,0,0,65536,4,1,0,0,0,4,1
3,i32,4,4096,glibc_default_fresh,M_TWIN,8,0,1,3600.00,0.0000,0.0000,4000.0,0.0,4.000,65536.0,0.000,0,0,65536,4,1,0,0,0,4,1
3,i32,4,4096,glibc_default_fresh,M,8,1,1,3549.00,0.0000,0.0000,4000.0,0.0,4.000,65536.0,0.000,0,0,65536,4,1,0,0,0,4,1
3,i32,4,4096,glibc_default_fresh,R,8,2,1,4365.00,0.0000,0.0000,4000.0,0.0,4.000,65536.0,0.000,0,0,65536,4,0,4,1,0,4,1
3,i32,4,4096,glibc_default_fresh,M,9,0,1,3534.00,0.0000,0.0000,4000.0,0.0,4.000,65536.0,0.000,0,0,65536,4,1,0,0,0,4,1
3,i32,4,4096,glibc_default_fresh,R,9,1,1,4344.00,0.0000,0.0000,5000.0,0.0,4.000,65536.0,0.000,0,0,65536,4,0,4,1,0,4,1
3,i32,4,4096,glibc_default_fresh,M_TWIN,9,2,1,3522.00,0.0000,0.0000,4000.0,0.0,4.000,65536.0,0.000,0,0,65536,4,1,0,0,0,4,1
3,i32,4,4096,glibc_default_fresh,R,10,0,1,4389.00,0.0000,0.0000,5000.0,0.0,4.000,65536.0,0.000,0,0,65536,4,0,4,1,0,4,1
3,i32,4,4096,glibc_default_fresh,M_TWIN,10,1,1,3601.00,0.0000,0.0000,4000.0,0.0,4.000,65536.0,0.000,0,0,65536,4,1,0,0,0,4,1
3,i32,4,4096,glibc_default_fresh,M,10,2,1,3587.00,0.0000,0.0000,4000.0,0.0,4.000,65536.0,0.000,0,0,65536,4,1,0,0,0,4,1
3,i32,4,4096,glibc_default_fresh,M_TWIN,11,0,1,3595.00,0.0000,0.0000,4000.0,0.0,4.000,65536.0,0.000,0,0,65536,4,1,0,0,0,4,1
3,i32,4,4096,glibc_default_fresh,M,11,1,1,3554.00,0.0000,0.0000,4000.0,0.0,4.000,65536.0,0.000,0,0,65536,4,1,0,0,0,4,1
3,i32,4,4096,glibc_default_fresh,R,11,2,1,4358.00,0.0000,0.0000,5000.0,0.0,4.000,65536.0,0.000,0,0,65536,4,0,4,1,0,4,1
3,i32,4,4096,glibc_default_fresh,M,12,0,1,3524.00,0.0000,0.0000,4000.0,0.0,4.000,65536.0,0.000,0,0,65536,4,1,0,0,0,4,1
3,i32,4,4096,glibc_default_fresh,R,12,1,1,4385.00,0.0000,0.0000,5000.0,0.0,4.000,65536.0,0.000,0,0,65536,4,0,4,1,0,4,1
3,i32,4,4096,glibc_default_fresh,M_TWIN,12,2,1,3547.00,0.0000,0.0000,4000.0,0.0,4.000,65536.0,0.000,0,0,65536,4,1,0,0,0,4,1
3,i32,4,4096,glibc_default_fresh,R,13,0,1,4333.00,0.0000,0.0000,5000.0,0.0,4.000,65536.0,0.000,0,0,65536,4,0,4,1,0,4,1
3,i32,4,4096,glibc_default_fresh,M_TWIN,13,1,1,3546.00,0.0000,0.0000,4000.0,0.0,4.000,65536.0,0.000,0,0,65536,4,1,0,0,0,4,1
3,i32,4,4096,glibc_default_fresh,M,13,2,1,3530.00,0.0000,0.0000,4000.0,0.0,4.000,65536.0,0.000,0,0,65536,4,1,0,0,0,4,1
3,i32,4,4096,glibc_default_fresh,M_TWIN,14,0,1,3544.00,0.0000,0.0000,4000.0,0.0,4.000,65536.0,0.000,0,0,65536,4,1,0,0,0,4,1
3,i32,4,4096,glibc_default_fresh,M,14,1,1,3579.00,0.0000,0.0000,4000.0,0.0,4.000,65536.0,0.000,0,0,65536,4,1,0,0,0,4,1
3,i32,4,4096,glibc_default_fresh,R,14,2,1,4358.00,0.0000,0.0000,5000.0,0.0,4.000,65536.0,0.000,0,0,65536,4,0,4,1,0,4,1
3,i32,4,16384,glibc_default_fresh,M,0,0,1,46015.00,34.0000,0.0000,0.0,57000.0,4.000,262144.0,0.000,0,0,262144,4,1,0,0,0,4,1
3,i32,4,16384,glibc_default_fresh,R,0,1,1,55736.00,32.0000,0.0000,0.0,57000.0,4.000,262144.0,0.000,0,0,262144,4,0,4,1,0,4,1
3,i32,4,16384,glibc_default_fresh,M_TWIN,0,2,1,62260.00,32.0000,0.0000,0.0,63000.0,4.000,262144.0,0.000,0,0,262144,4,1,0,0,0,4,1
3,i32,4,16384,glibc_default_fresh,R,1,0,1,52060.00,32.0000,0.0000,0.0,53000.0,4.000,262144.0,0.000,0,0,262144,4,0,4,1,0,4,1
3,i32,4,16384,glibc_default_fresh,M_TWIN,1,1,1,46242.00,32.0000,0.0000,0.0,47000.0,4.000,262144.0,0.000,0,0,262144,4,1,0,0,0,4,1
3,i32,4,16384,glibc_default_fresh,M,1,2,1,46058.00,32.0000,0.0000,0.0,47000.0,4.000,262144.0,0.000,0,0,262144,4,1,0,0,0,4,1
3,i32,4,16384,glibc_default_fresh,M_TWIN,2,0,1,49029.00,32.0000,0.0000,0.0,50000.0,4.000,262144.0,0.000,0,0,262144,4,1,0,0,0,4,1
3,i32,4,16384,glibc_default_fresh,M,2,1,1,45158.00,32.0000,0.0000,0.0,46000.0,4.000,262144.0,0.000,0,0,262144,4,1,0,0,0,4,1
3,i32,4,16384,glibc_default_fresh,R,2,2,1,49104.00,32.0000,0.0000,0.0,50000.0,4.000,262144.0,0.000,0,0,262144,4,0,4,1,0,4,1
3,i32,4,16384,glibc_default_fresh,M,3,0,1,45362.00,32.0000,0.0000,0.0,46000.0,4.000,262144.0,0.000,0,0,262144,4,1,0,0,0,4,1
3,i32,4,16384,glibc_default_fresh,R,3,1,1,48463.00,32.0000,0.0000,0.0,49000.0,4.000,262144.0,0.000,0,0,262144,4,0,4,1,0,4,1
3,i32,4,16384,glibc_default_fresh,M_TWIN,3,2,1,45880.00,32.0000,0.0000,0.0,46000.0,4.000,262144.0,0.000,0,0,262144,4,1,0,0,0,4,1
3,i32,4,16384,glibc_default_fresh,R,4,0,1,48314.00,32.0000,0.0000,0.0,49000.0,4.000,262144.0,0.000,0,0,262144,4,0,4,1,0,4,1
3,i32,4,16384,glibc_default_fresh,M_TWIN,4,1,1,45980.00,32.0000,0.0000,0.0,47000.0,4.000,262144.0,0.000,0,0,262144,4,1,0,0,0,4,1
3,i32,4,16384,glibc_default_fresh,M,4,2,1,51454.00,32.0000,0.0000,52000.0,0.0,4.000,262144.0,0.000,0,0,262144,4,1,0,0,0,4,1
3,i32,4,16384,glibc_default_fresh,M_TWIN,5,0,1,45827.00,32.0000,0.0000,47000.0,0.0,4.000,262144.0,0.000,0,0,262144,4,1,0,0,0,4,1
3,i32,4,16384,glibc_default_fresh,M,5,1,1,46010.00,32.0000,0.0000,47000.0,0.0,4.000,262144.0,0.000,0,0,262144,4,1,0,0,0,4,1
3,i32,4,16384,glibc_default_fresh,R,5,2,1,50841.00,32.0000,0.0000,51000.0,0.0,4.000,262144.0,0.000,0,0,262144,4,0,4,1,0,4,1
3,i32,4,16384,glibc_default_fresh,M,6,0,1,46201.00,32.0000,0.0000,47000.0,0.0,4.000,262144.0,0.000,0,0,262144,4,1,0,0,0,4,1
3,i32,4,16384,glibc_default_fresh,R,6,1,1,48617.00,32.0000,0.0000,49000.0,0.0,4.000,262144.0,0.000,0,0,262144,4,0,4,1,0,4,1
3,i32,4,16384,glibc_default_fresh,M_TWIN,6,2,1,46294.00,32.0000,0.0000,47000.0,0.0,4.000,262144.0,0.000,0,0,262144,4,1,0,0,0,4,1
3,i32,4,16384,glibc_default_fresh,R,7,0,1,48563.00,32.0000,0.0000,49000.0,0.0,4.000,262144.0,0.000,0,0,262144,4,0,4,1,0,4,1
3,i32,4,16384,glibc_default_fresh,M_TWIN,7,1,1,48342.00,32.0000,0.0000,49000.0,0.0,4.000,262144.0,0.000,0,0,262144,4,1,0,0,0,4,1
3,i32,4,16384,glibc_default_fresh,M,7,2,1,52624.00,32.0000,0.0000,53000.0,0.0,4.000,262144.0,0.000,0,0,262144,4,1,0,0,0,4,1
3,i32,4,16384,glibc_default_fresh,M_TWIN,8,0,1,46003.00,32.0000,0.0000,47000.0,0.0,4.000,262144.0,0.000,0,0,262144,4,1,0,0,0,4,1
3,i32,4,16384,glibc_default_fresh,M,8,1,1,45585.00,32.0000,0.0000,46000.0,0.0,4.000,262144.0,0.000,0,0,262144,4,1,0,0,0,4,1
3,i32,4,16384,glibc_default_fresh,R,8,2,1,51133.00,32.0000,0.0000,52000.0,0.0,4.000,262144.0,0.000,0,0,262144,4,0,4,1,0,4,1
3,i32,4,16384,glibc_default_fresh,M,9,0,1,45426.00,32.0000,0.0000,46000.0,0.0,4.000,262144.0,0.000,0,0,262144,4,1,0,0,0,4,1
3,i32,4,16384,glibc_default_fresh,R,9,1,1,47943.00,32.0000,0.0000,48000.0,0.0,4.000,262144.0,0.000,0,0,262144,4,0,4,1,0,4,1
3,i32,4,16384,glibc_default_fresh,M_TWIN,9,2,1,45681.00,32.0000,0.0000,46000.0,0.0,4.000,262144.0,0.000,0,0,262144,4,1,0,0,0,4,1
3,i32,4,16384,glibc_default_fresh,R,10,0,1,48035.00,32.0000,0.0000,48000.0,0.0,4.000,262144.0,0.000,0,0,262144,4,0,4,1,0,4,1
3,i32,4,16384,glibc_default_fresh,M_TWIN,10,1,1,60483.00,32.0000,0.0000,61000.0,0.0,4.000,262144.0,0.000,0,0,262144,4,1,0,0,0,4,1
3,i32,4,16384,glibc_default_fresh,M,10,2,1,47662.00,32.0000,0.0000,48000.0,0.0,4.000,262144.0,0.000,0,0,262144,4,1,0,0,0,4,1
3,i32,4,16384,glibc_default_fresh,M_TWIN,11,0,1,46053.00,32.0000,0.0000,47000.0,0.0,4.000,262144.0,0.000,0,0,262144,4,1,0,0,0,4,1
3,i32,4,16384,glibc_default_fresh,M,11,1,1,46130.00,32.0000,0.0000,47000.0,0.0,4.000,262144.0,0.000,0,0,262144,4,1,0,0,0,4,1
3,i32,4,16384,glibc_default_fresh,R,11,2,1,48630.00,32.0000,0.0000,50000.0,0.0,4.000,262144.0,0.000,0,0,262144,4,0,4,1,0,4,1
3,i32,4,16384,glibc_default_fresh,M,12,0,1,51046.00,32.0000,0.0000,52000.0,0.0,4.000,262144.0,0.000,0,0,262144,4,1,0,0,0,4,1
3,i32,4,16384,glibc_default_fresh,R,12,1,1,46948.00,32.0000,0.0000,48000.0,0.0,4.000,262144.0,0.000,0,0,262144,4,0,4,1,0,4,1
3,i32,4,16384,glibc_default_fresh,M_TWIN,12,2,1,45149.00,32.0000,0.0000,46000.0,0.0,4.000,262144.0,0.000,0,0,262144,4,1,0,0,0,4,1
3,i32,4,16384,glibc_default_fresh,R,13,0,1,50450.00,32.0000,0.0000,52000.0,0.0,4.000,262144.0,0.000,0,0,262144,4,0,4,1,0,4,1
3,i32,4,16384,glibc_default_fresh,M_TWIN,13,1,1,45478.00,32.0000,0.0000,47000.0,0.0,4.000,262144.0,0.000,0,0,262144,4,1,0,0,0,4,1
3,i32,4,16384,glibc_default_fresh,M,13,2,1,45451.00,32.0000,0.0000,46000.0,0.0,4.000,262144.0,0.000,0,0,262144,4,1,0,0,0,4,1
3,i32,4,16384,glibc_default_fresh,M_TWIN,14,0,1,45300.00,32.0000,0.0000,46000.0,0.0,4.000,262144.0,0.000,0,0,262144,4,1,0,0,0,4,1
3,i32,4,16384,glibc_default_fresh,M,14,1,1,52915.00,32.0000,0.0000,0.0,54000.0,4.000,262144.0,0.000,0,0,262144,4,1,0,0,0,4,1
3,i32,4,16384,glibc_default_fresh,R,14,2,1,49008.00,32.0000,0.0000,0.0,49000.0,4.000,262144.0,0.000,0,0,262144,4,0,4,1,0,4,1
3,i32,4,65536,glibc_default_fresh,M,0,0,1,244361.00,163.0000,0.0000,171000.0,86000.0,4.000,1048576.0,0.000,0,0,1048576,4,1,0,0,0,4,1
3,i32,4,65536,glibc_default_fresh,R,0,1,1,323578.00,224.0000,0.0000,217000.0,109000.0,4.000,1048576.0,0.000,0,0,1048576,4,0,4,1,0,4,1
3,i32,4,65536,glibc_default_fresh,M_TWIN,0,2,1,257153.00,160.0000,0.0000,173000.0,87000.0,4.000,1048576.0,0.000,0,0,1048576,4,1,0,0,0,4,1
3,i32,4,65536,glibc_default_fresh,R,1,0,1,370112.00,224.0000,0.0000,0.0,360000.0,4.000,1048576.0,0.000,0,0,1048576,4,0,4,1,0,4,1
3,i32,4,65536,glibc_default_fresh,M_TWIN,1,1,1,251945.00,160.0000,0.0000,0.0,254000.0,4.000,1048576.0,0.000,0,0,1048576,4,1,0,0,0,4,1
3,i32,4,65536,glibc_default_fresh,M,1,2,1,269468.00,160.0000,0.0000,0.0,271000.0,4.000,1048576.0,0.000,0,0,1048576,4,1,0,0,0,4,1
3,i32,4,65536,glibc_default_fresh,M_TWIN,2,0,1,256803.00,160.0000,0.0000,0.0,264000.0,4.000,1048576.0,0.000,0,0,1048576,4,1,0,0,0,4,1
3,i32,4,65536,glibc_default_fresh,M,2,1,1,247822.00,160.0000,0.0000,0.0,250000.0,4.000,1048576.0,0.000,0,0,1048576,4,1,0,0,0,4,1
3,i32,4,65536,glibc_default_fresh,R,2,2,1,327209.00,224.0000,0.0000,0.0,329000.0,4.000,1048576.0,0.000,0,0,1048576,4,0,4,1,0,4,1
3,i32,4,65536,glibc_default_fresh,M,3,0,1,307195.00,160.0000,0.0000,0.0,309000.0,4.000,1048576.0,0.000,0,0,1048576,4,1,0,0,0,4,1
3,i32,4,65536,glibc_default_fresh,R,3,1,1,313610.00,224.0000,0.0000,0.0,316000.0,4.000,1048576.0,0.000,0,0,1048576,4,0,4,1,0,4,1
3,i32,4,65536,glibc_default_fresh,M_TWIN,3,2,1,276859.00,160.0000,0.0000,0.0,279000.0,4.000,1048576.0,0.000,0,0,1048576,4,1,0,0,0,4,1
3,i32,4,65536,glibc_default_fresh,R,4,0,1,322320.00,224.0000,0.0000,0.0,324000.0,4.000,1048576.0,0.000,0,0,1048576,4,0,4,1,0,4,1
3,i32,4,65536,glibc_default_fresh,M_TWIN,4,1,1,250831.00,160.0000,0.0000,0.0,252000.0,4.000,1048576.0,0.000,0,0,1048576,4,1,0,0,0,4,1
3,i32,4,65536,glibc_default_fresh,M,4,2,1,251148.00,160.0000,0.0000,0.0,253000.0,4.000,1048576.0,0.000,0,0,1048576,4,1,0,0,0,4,1
3,i32,4,65536,glibc_default_fresh,M_TWIN,5,0,1,282241.00,160.0000,0.0000,284000.0,0.0,4.000,1048576.0,0.000,0,0,1048576,4,1,0,0,0,4,1
3,i32,4,65536,glibc_default_fresh,M,5,1,1,256756.00,160.0000,0.0000,259000.0,0.0,4.000,1048576.0,0.000,0,0,1048576,4,1,0,0,0,4,1
3,i32,4,65536,glibc_default_fresh,R,5,2,1,314253.00,224.0000,0.0000,316000.0,0.0,4.000,1048576.0,0.000,0,0,1048576,4,0,4,1,0,4,1
3,i32,4,65536,glibc_default_fresh,M,6,0,1,280174.00,160.0000,0.0000,282000.0,0.0,4.000,1048576.0,0.000,0,0,1048576,4,1,0,0,0,4,1
3,i32,4,65536,glibc_default_fresh,R,6,1,1,308067.00,224.0000,0.0000,310000.0,0.0,4.000,1048576.0,0.000,0,0,1048576,4,0,4,1,0,4,1
3,i32,4,65536,glibc_default_fresh,M_TWIN,6,2,1,304891.00,160.0000,0.0000,299000.0,0.0,4.000,1048576.0,0.000,0,0,1048576,4,1,0,0,0,4,1
3,i32,4,65536,glibc_default_fresh,R,7,0,1,310125.00,224.0000,0.0000,312000.0,0.0,4.000,1048576.0,0.000,0,0,1048576,4,0,4,1,0,4,1
3,i32,4,65536,glibc_default_fresh,M_TWIN,7,1,1,269991.00,160.0000,0.0000,272000.0,0.0,4.000,1048576.0,0.000,0,0,1048576,4,1,0,0,0,4,1
3,i32,4,65536,glibc_default_fresh,M,7,2,1,251816.00,160.0000,0.0000,254000.0,0.0,4.000,1048576.0,0.000,0,0,1048576,4,1,0,0,0,4,1
3,i32,4,65536,glibc_default_fresh,M_TWIN,8,0,1,254376.00,160.0000,0.0000,256000.0,0.0,4.000,1048576.0,0.000,0,0,1048576,4,1,0,0,0,4,1
3,i32,4,65536,glibc_default_fresh,M,8,1,1,265817.00,160.0000,0.0000,268000.0,0.0,4.000,1048576.0,0.000,0,0,1048576,4,1,0,0,0,4,1
3,i32,4,65536,glibc_default_fresh,R,8,2,1,401678.00,224.0000,0.0000,404000.0,0.0,4.000,1048576.0,0.000,0,0,1048576,4,0,4,1,0,4,1
3,i32,4,65536,glibc_default_fresh,M,9,0,1,261420.00,160.0000,0.0000,263000.0,0.0,4.000,1048576.0,0.000,0,0,1048576,4,1,0,0,0,4,1
3,i32,4,65536,glibc_default_fresh,R,9,1,1,326909.00,224.0000,0.0000,329000.0,0.0,4.000,1048576.0,0.000,0,0,1048576,4,0,4,1,0,4,1
3,i32,4,65536,glibc_default_fresh,M_TWIN,9,2,1,240823.00,160.0000,0.0000,243000.0,0.0,4.000,1048576.0,0.000,0,0,1048576,4,1,0,0,0,4,1
3,i32,4,65536,glibc_default_fresh,R,10,0,1,303704.00,224.0000,0.0000,305000.0,0.0,4.000,1048576.0,0.000,0,0,1048576,4,0,4,1,0,4,1
3,i32,4,65536,glibc_default_fresh,M_TWIN,10,1,1,241137.00,160.0000,0.0000,243000.0,0.0,4.000,1048576.0,0.000,0,0,1048576,4,1,0,0,0,4,1
3,i32,4,65536,glibc_default_fresh,M,10,2,1,271784.00,160.0000,0.0000,273000.0,0.0,4.000,1048576.0,0.000,0,0,1048576,4,1,0,0,0,4,1
3,i32,4,65536,glibc_default_fresh,M_TWIN,11,0,1,252108.00,160.0000,0.0000,254000.0,0.0,4.000,1048576.0,0.000,0,0,1048576,4,1,0,0,0,4,1
3,i32,4,65536,glibc_default_fresh,M,11,1,1,254334.00,160.0000,0.0000,256000.0,0.0,4.000,1048576.0,0.000,0,0,1048576,4,1,0,0,0,4,1
3,i32,4,65536,glibc_default_fresh,R,11,2,1,339308.00,224.0000,0.0000,341000.0,0.0,4.000,1048576.0,0.000,0,0,1048576,4,0,4,1,0,4,1
3,i32,4,65536,glibc_default_fresh,M,12,0,1,251547.00,160.0000,0.0000,253000.0,0.0,4.000,1048576.0,0.000,0,0,1048576,4,1,0,0,0,4,1
3,i32,4,65536,glibc_default_fresh,R,12,1,1,305370.00,224.0000,0.0000,290000.0,17000.0,4.000,1048576.0,0.000,0,0,1048576,4,0,4,1,0,4,1
3,i32,4,65536,glibc_default_fresh,M_TWIN,12,2,1,263087.00,160.0000,0.0000,0.0,265000.0,4.000,1048576.0,0.000,0,0,1048576,4,1,0,0,0,4,1
3,i32,4,65536,glibc_default_fresh,R,13,0,1,304677.00,224.0000,0.0000,0.0,306000.0,4.000,1048576.0,0.000,0,0,1048576,4,0,4,1,0,4,1
3,i32,4,65536,glibc_default_fresh,M_TWIN,13,1,1,262277.00,160.0000,0.0000,0.0,264000.0,4.000,1048576.0,0.000,0,0,1048576,4,1,0,0,0,4,1
3,i32,4,65536,glibc_default_fresh,M,13,2,1,244415.00,160.0000,0.0000,0.0,246000.0,4.000,1048576.0,0.000,0,0,1048576,4,1,0,0,0,4,1
3,i32,4,65536,glibc_default_fresh,M_TWIN,14,0,1,263707.00,160.0000,0.0000,0.0,266000.0,4.000,1048576.0,0.000,0,0,1048576,4,1,0,0,0,4,1
3,i32,4,65536,glibc_default_fresh,M,14,1,1,250694.00,160.0000,0.0000,60000.0,198000.0,4.000,1048576.0,0.000,0,0,1048576,4,1,0,0,0,4,1
3,i32,4,65536,glibc_default_fresh,R,14,2,1,319758.00,224.0000,0.0000,322000.0,0.0,4.000,1048576.0,0.000,0,0,1048576,4,0,4,1,0,4,1
3,i32,4,262144,glibc_default_fresh,M,0,0,1,1212940.00,738.0000,0.0000,308000.0,922000.0,4.000,4194304.0,0.000,0,0,4194304,4,1,0,0,0,4,1
3,i32,4,262144,glibc_default_fresh,R,0,1,1,1573916.00,992.0000,0.0000,0.0,1577000.0,4.000,4194304.0,0.000,0,0,4194304,4,0,4,1,0,4,1
3,i32,4,262144,glibc_default_fresh,M_TWIN,0,2,1,1246946.00,736.0000,0.0000,0.0,1250000.0,4.000,4194304.0,0.000,0,0,4194304,4,1,0,0,0,4,1
3,i32,4,262144,glibc_default_fresh,R,1,0,1,1499136.00,992.0000,0.0000,0.0,1502000.0,4.000,4194304.0,0.000,0,0,4194304,4,0,4,1,0,4,1
3,i32,4,262144,glibc_default_fresh,M_TWIN,1,1,1,1197456.00,736.0000,0.0000,1199000.0,0.0,4.000,4194304.0,0.000,0,0,4194304,4,1,0,0,0,4,1
3,i32,4,262144,glibc_default_fresh,M,1,2,1,1209280.00,736.0000,0.0000,1211000.0,0.0,4.000,4194304.0,0.000,0,0,4194304,4,1,0,0,0,4,1
3,i32,4,262144,glibc_default_fresh,M_TWIN,2,0,1,1255987.00,736.0000,0.0000,1259000.0,0.0,4.000,4194304.0,0.000,0,0,4194304,4,1,0,0,0,4,1
3,i32,4,262144,glibc_default_fresh,M,2,1,1,1265929.00,736.0000,0.0000,122000.0,1145000.0,4.000,4194304.0,0.000,0,0,4194304,4,1,0,0,0,4,1
3,i32,4,262144,glibc_default_fresh,R,2,2,1,1518336.00,992.0000,0.0000,543000.0,977000.0,4.000,4194304.0,0.000,0,0,4194304,4,0,4,1,0,4,1
3,i32,4,262144,glibc_default_fresh,M,3,0,1,1208235.00,736.0000,0.0000,1210000.0,0.0,4.000,4194304.0,0.000,0,0,4194304,4,1,0,0,0,4,1
3,i32,4,262144,glibc_default_fresh,R,3,1,1,1519010.00,992.0000,0.0000,1521000.0,0.0,4.000,4194304.0,0.000,0,0,4194304,4,0,4,1,0,4,1
3,i32,4,262144,glibc_default_fresh,M_TWIN,3,2,1,1195611.00,736.0000,0.0000,493000.0,705000.0,4.000,4194304.0,0.000,0,0,4194304,4,1,0,0,0,4,1
3,i32,4,262144,glibc_default_fresh,R,4,0,1,1563932.00,992.0000,0.0000,0.0,1567000.0,4.000,4194304.0,0.000,0,0,4194304,4,0,4,1,0,4,1
3,i32,4,262144,glibc_default_fresh,M_TWIN,4,1,1,1192659.00,736.0000,0.0000,276000.0,920000.0,4.000,4194304.0,0.000,0,0,4194304,4,1,0,0,0,4,1
3,i32,4,262144,glibc_default_fresh,M,4,2,1,1208567.00,736.0000,0.0000,1211000.0,0.0,4.000,4194304.0,0.000,0,0,4194304,4,1,0,0,0,4,1
3,i32,4,262144,glibc_default_fresh,M_TWIN,5,0,1,1198116.00,736.0000,0.0000,240000.0,960000.0,4.000,4194304.0,0.000,0,0,4194304,4,1,0,0,0,4,1
3,i32,4,262144,glibc_default_fresh,M,5,1,1,1274123.00,736.0000,0.0000,0.0,1277000.0,4.000,4194304.0,0.000,0,0,4194304,4,1,0,0,0,4,1
3,i32,4,262144,glibc_default_fresh,R,5,2,1,1531871.00,992.0000,0.0000,1534000.0,0.0,4.000,4194304.0,0.000,0,0,4194304,4,0,4,1,0,4,1
3,i32,4,262144,glibc_default_fresh,M,6,0,1,1207075.00,736.0000,0.0000,495000.0,714000.0,4.000,4194304.0,0.000,0,0,4194304,4,1,0,0,0,4,1
3,i32,4,262144,glibc_default_fresh,R,6,1,1,1507976.00,992.0000,0.0000,1510000.0,0.0,4.000,4194304.0,0.000,0,0,4194304,4,0,4,1,0,4,1
3,i32,4,262144,glibc_default_fresh,M_TWIN,6,2,1,1212663.00,736.0000,0.0000,77000.0,1138000.0,4.000,4194304.0,0.000,0,0,4194304,4,1,0,0,0,4,1
3,i32,4,262144,glibc_default_fresh,R,7,0,1,1519706.00,992.0000,0.0000,0.0,1522000.0,4.000,4194304.0,0.000,0,0,4194304,4,0,4,1,0,4,1
3,i32,4,262144,glibc_default_fresh,M_TWIN,7,1,1,1267542.00,736.0000,0.0000,1270000.0,0.0,4.000,4194304.0,0.000,0,0,4194304,4,1,0,0,0,4,1
3,i32,4,262144,glibc_default_fresh,M,7,2,1,1213102.00,736.0000,0.0000,924000.0,292000.0,4.000,4194304.0,0.000,0,0,4194304,4,1,0,0,0,4,1
3,i32,4,262144,glibc_default_fresh,M_TWIN,8,0,1,1191215.00,736.0000,0.0000,0.0,1193000.0,4.000,4194304.0,0.000,0,0,4194304,4,1,0,0,0,4,1
3,i32,4,262144,glibc_default_fresh,M,8,1,1,1238598.00,736.0000,0.0000,1241000.0,0.0,4.000,4194304.0,0.000,0,0,4194304,4,1,0,0,0,4,1
3,i32,4,262144,glibc_default_fresh,R,8,2,1,1590819.00,992.0000,0.0000,0.0,1593000.0,4.000,4194304.0,0.000,0,0,4194304,4,0,4,1,0,4,1
3,i32,4,262144,glibc_default_fresh,M,9,0,1,1202194.00,736.0000,0.0000,499000.0,706000.0,4.000,4194304.0,0.000,0,0,4194304,4,1,0,0,0,4,1
3,i32,4,262144,glibc_default_fresh,R,9,1,1,1519378.00,992.0000,0.0000,1522000.0,0.0,4.000,4194304.0,0.000,0,0,4194304,4,0,4,1,0,4,1
3,i32,4,262144,glibc_default_fresh,M_TWIN,9,2,1,1206891.00,736.0000,0.0000,1209000.0,0.0,4.000,4194304.0,0.000,0,0,4194304,4,1,0,0,0,4,1
3,i32,4,262144,glibc_default_fresh,R,10,0,1,1499417.00,992.0000,0.0000,1502000.0,0.0,4.000,4194304.0,0.000,0,0,4194304,4,0,4,1,0,4,1
3,i32,4,262144,glibc_default_fresh,M_TWIN,10,1,1,1255817.00,736.0000,0.0000,1258000.0,0.0,4.000,4194304.0,0.000,0,0,4194304,4,1,0,0,0,4,1
3,i32,4,262144,glibc_default_fresh,M,10,2,1,1219674.00,736.0000,0.0000,1222000.0,0.0,4.000,4194304.0,0.000,0,0,4194304,4,1,0,0,0,4,1
3,i32,4,262144,glibc_default_fresh,M_TWIN,11,0,1,1208986.00,736.0000,0.0000,1212000.0,0.0,4.000,4194304.0,0.000,0,0,4194304,4,1,0,0,0,4,1
3,i32,4,262144,glibc_default_fresh,M,11,1,1,1219237.00,736.0000,0.0000,196000.0,1025000.0,4.000,4194304.0,0.000,0,0,4194304,4,1,0,0,0,4,1
3,i32,4,262144,glibc_default_fresh,R,11,2,1,1547029.00,992.0000,0.0000,1548000.0,0.0,4.000,4194304.0,0.000,0,0,4194304,4,0,4,1,0,4,1
3,i32,4,262144,glibc_default_fresh,M,12,0,1,1260897.00,736.0000,0.0000,1263000.0,0.0,4.000,4194304.0,0.000,0,0,4194304,4,1,0,0,0,4,1
3,i32,4,262144,glibc_default_fresh,R,12,1,1,1508160.00,992.0000,0.0000,1510000.0,0.0,4.000,4194304.0,0.000,0,0,4194304,4,0,4,1,0,4,1
3,i32,4,262144,glibc_default_fresh,M_TWIN,12,2,1,1216566.00,736.0000,0.0000,1219000.0,0.0,4.000,4194304.0,0.000,0,0,4194304,4,1,0,0,0,4,1
3,i32,4,262144,glibc_default_fresh,R,13,0,1,1495346.00,992.0000,0.0000,1498000.0,0.0,4.000,4194304.0,0.000,0,0,4194304,4,0,4,1,0,4,1
3,i32,4,262144,glibc_default_fresh,M_TWIN,13,1,1,1218262.00,736.0000,0.0000,379000.0,841000.0,4.000,4194304.0,0.000,0,0,4194304,4,1,0,0,0,4,1
3,i32,4,262144,glibc_default_fresh,M,13,2,1,1250125.00,736.0000,0.0000,0.0,1252000.0,4.000,4194304.0,0.000,0,0,4194304,4,1,0,0,0,4,1
3,i32,4,262144,glibc_default_fresh,M_TWIN,14,0,1,1212552.00,736.0000,0.0000,70000.0,1145000.0,4.000,4194304.0,0.000,0,0,4194304,4,1,0,0,0,4,1
3,i32,4,262144,glibc_default_fresh,M,14,1,1,1230312.00,736.0000,0.0000,0.0,1232000.0,4.000,4194304.0,0.000,0,0,4194304,4,1,0,0,0,4,1
3,i32,4,262144,glibc_default_fresh,R,14,2,1,1523569.00,992.0000,0.0000,0.0,1525000.0,4.000,4194304.0,0.000,0,0,4194304,4,0,4,1,0,4,1
3,i32,4,1048576,glibc_default_fresh,M,0,0,1,5286163.00,3042.0000,0.0000,499000.0,4809000.0,4.000,16777216.0,0.000,0,0,16777216,4,1,0,0,0,4,1
3,i32,4,1048576,glibc_default_fresh,R,0,1,1,6503276.00,4064.0000,0.0000,3433000.0,3074000.0,4.000,16777216.0,0.000,0,0,16777216,4,0,4,1,0,4,1
3,i32,4,1048576,glibc_default_fresh,M_TWIN,0,2,1,5204350.00,3040.0000,0.0000,434000.0,4775000.0,4.000,16777216.0,0.000,0,0,16777216,4,1,0,0,0,4,1
3,i32,4,1048576,glibc_default_fresh,R,1,0,1,6757674.00,4064.0000,0.0000,0.0,6761000.0,4.000,16777216.0,0.000,0,0,16777216,4,0,4,1,0,4,1
3,i32,4,1048576,glibc_default_fresh,M_TWIN,1,1,1,5503103.00,3040.0000,0.0000,520000.0,4986000.0,4.000,16777216.0,0.000,0,0,16777216,4,1,0,0,0,4,1
3,i32,4,1048576,glibc_default_fresh,M,1,2,1,5165347.00,3040.0000,0.0000,794000.0,4375000.0,4.000,16777216.0,0.000,0,0,16777216,4,1,0,0,0,4,1
3,i32,4,1048576,glibc_default_fresh,M_TWIN,2,0,1,5313584.00,3040.0000,0.0000,5318000.0,0.0,4.000,16777216.0,0.000,0,0,16777216,4,1,0,0,0,4,1
3,i32,4,1048576,glibc_default_fresh,M,2,1,1,5316667.00,3040.0000,0.0000,546000.0,4774000.0,4.000,16777216.0,0.000,0,0,16777216,4,1,0,0,0,4,1
3,i32,4,1048576,glibc_default_fresh,R,2,2,1,6765582.00,4064.0000,0.0000,1109000.0,5660000.0,4.000,16777216.0,0.000,0,0,16777216,4,0,4,1,0,4,1
3,i32,4,1048576,glibc_default_fresh,M,3,0,1,5267971.00,3040.0000,0.0000,4490000.0,782000.0,4.000,16777216.0,0.000,0,0,16777216,4,1,0,0,0,4,1
3,i32,4,1048576,glibc_default_fresh,R,3,1,1,6335120.00,4064.0000,0.0000,711000.0,5591000.0,4.000,16777216.0,0.000,0,0,16777216,4,0,4,1,0,4,1
3,i32,4,1048576,glibc_default_fresh,M_TWIN,3,2,1,5191145.00,3040.0000,0.0000,5195000.0,0.0,4.000,16777216.0,0.000,0,0,16777216,4,1,0,0,0,4,1
3,i32,4,1048576,glibc_default_fresh,R,4,0,1,6366423.00,4064.0000,0.0000,4935000.0,1434000.0,4.000,16777216.0,0.000,0,0,16777216,4,0,4,1,0,4,1
3,i32,4,1048576,glibc_default_fresh,M_TWIN,4,1,1,5095100.00,3040.0000,0.0000,2819000.0,2280000.0,4.000,16777216.0,0.000,0,0,16777216,4,1,0,0,0,4,1
3,i32,4,1048576,glibc_default_fresh,M,4,2,1,5135847.00,3040.0000,0.0000,2844000.0,2296000.0,4.000,16777216.0,0.000,0,0,16777216,4,1,0,0,0,4,1
3,i32,4,1048576,glibc_default_fresh,M_TWIN,5,0,1,5247244.00,3040.0000,0.0000,2864000.0,2387000.0,4.000,16777216.0,0.000,0,0,16777216,4,1,0,0,0,4,1
3,i32,4,1048576,glibc_default_fresh,M,5,1,1,5095622.00,3040.0000,0.0000,164000.0,4936000.0,4.000,16777216.0,0.000,0,0,16777216,4,1,0,0,0,4,1
3,i32,4,1048576,glibc_default_fresh,R,5,2,1,6379553.00,4064.0000,0.0000,956000.0,5426000.0,4.000,16777216.0,0.000,0,0,16777216,4,0,4,1,0,4,1
3,i32,4,1048576,glibc_default_fresh,M,6,0,1,5343259.00,3040.0000,0.0000,5347000.0,0.0,4.000,16777216.0,0.000,0,0,16777216,4,1,0,0,0,4,1
3,i32,4,1048576,glibc_default_fresh,R,6,1,1,6310169.00,4064.0000,0.0000,958000.0,5356000.0,4.000,16777216.0,0.000,0,0,16777216,4,0,4,1,0,4,1
3,i32,4,1048576,glibc_default_fresh,M_TWIN,6,2,1,5130954.00,3040.0000,0.0000,2815000.0,2319000.0,4.000,16777216.0,0.000,0,0,16777216,4,1,0,0,0,4,1
3,i32,4,1048576,glibc_default_fresh,R,7,0,1,6305910.00,4064.0000,0.0000,0.0,6309000.0,4.000,16777216.0,0.000,0,0,16777216,4,0,4,1,0,4,1
3,i32,4,1048576,glibc_default_fresh,M_TWIN,7,1,1,5079637.00,3040.0000,0.0000,435000.0,4647000.0,4.000,16777216.0,0.000,0,0,16777216,4,1,0,0,0,4,1
3,i32,4,1048576,glibc_default_fresh,M,7,2,1,6194186.00,3040.0000,0.0000,0.0,6197000.0,4.000,16777216.0,0.000,0,0,16777216,4,1,0,0,0,4,1
3,i32,4,1048576,glibc_default_fresh,M_TWIN,8,0,1,5123164.00,3040.0000,0.0000,2847000.0,2279000.0,4.000,16777216.0,0.000,0,0,16777216,4,1,0,0,0,4,1
3,i32,4,1048576,glibc_default_fresh,M,8,1,1,5147549.00,3040.0000,0.0000,5152000.0,0.0,4.000,16777216.0,0.000,0,0,16777216,4,1,0,0,0,4,1
3,i32,4,1048576,glibc_default_fresh,R,8,2,1,6431487.00,4064.0000,0.0000,1016000.0,5419000.0,4.000,16777216.0,0.000,0,0,16777216,4,0,4,1,0,4,1
3,i32,4,1048576,glibc_default_fresh,M,9,0,1,5249160.00,3040.0000,0.0000,5253000.0,0.0,4.000,16777216.0,0.000,0,0,16777216,4,1,0,0,0,4,1
3,i32,4,1048576,glibc_default_fresh,R,9,1,1,6646875.00,4064.0000,0.0000,1129000.0,5522000.0,4.000,16777216.0,0.000,0,0,16777216,4,0,4,1,0,4,1
3,i32,4,1048576,glibc_default_fresh,M_TWIN,9,2,1,5124029.00,3040.0000,0.0000,2758000.0,2369000.0,4.000,16777216.0,0.000,0,0,16777216,4,1,0,0,0,4,1
3,i32,4,1048576,glibc_default_fresh,R,10,0,1,6406910.00,4064.0000,0.0000,1037000.0,5352000.0,4.000,16777216.0,0.000,0,0,16777216,4,0,4,1,0,4,1
3,i32,4,1048576,glibc_default_fresh,M_TWIN,10,1,1,5072913.00,3040.0000,0.0000,4461000.0,615000.0,4.000,16777216.0,0.000,0,0,16777216,4,1,0,0,0,4,1
3,i32,4,1048576,glibc_default_fresh,M,10,2,1,5131644.00,3040.0000,0.0000,2766000.0,2368000.0,4.000,16777216.0,0.000,0,0,16777216,4,1,0,0,0,4,1
3,i32,4,1048576,glibc_default_fresh,M_TWIN,11,0,1,5107622.00,3040.0000,0.0000,2762000.0,2349000.0,4.000,16777216.0,0.000,0,0,16777216,4,1,0,0,0,4,1
3,i32,4,1048576,glibc_default_fresh,M,11,1,1,5188429.00,3040.0000,0.0000,2802000.0,2379000.0,4.000,16777216.0,0.000,0,0,16777216,4,1,0,0,0,4,1
3,i32,4,1048576,glibc_default_fresh,R,11,2,1,6367414.00,4064.0000,0.0000,5014000.0,1356000.0,4.000,16777216.0,0.000,0,0,16777216,4,0,4,1,0,4,1
3,i32,4,1048576,glibc_default_fresh,M,12,0,1,5171271.00,3040.0000,0.0000,2759000.0,2416000.0,4.000,16777216.0,0.000,0,0,16777216,4,1,0,0,0,4,1
3,i32,4,1048576,glibc_default_fresh,R,12,1,1,6402585.00,4064.0000,0.0000,3303000.0,3102000.0,4.000,16777216.0,0.000,0,0,16777216,4,0,4,1,0,4,1
3,i32,4,1048576,glibc_default_fresh,M_TWIN,12,2,1,5078847.00,3040.0000,0.0000,465000.0,4616000.0,4.000,16777216.0,0.000,0,0,16777216,4,1,0,0,0,4,1
3,i32,4,1048576,glibc_default_fresh,R,13,0,1,6381799.00,4064.0000,0.0000,3303000.0,3081000.0,4.000,16777216.0,0.000,0,0,16777216,4,0,4,1,0,4,1
3,i32,4,1048576,glibc_default_fresh,M_TWIN,13,1,1,5061469.00,3040.0000,0.0000,455000.0,4610000.0,4.000,16777216.0,0.000,0,0,16777216,4,1,0,0,0,4,1
3,i32,4,1048576,glibc_default_fresh,M,13,2,1,5167143.00,3040.0000,0.0000,192000.0,4978000.0,4.000,16777216.0,0.000,0,0,16777216,4,1,0,0,0,4,1
3,i32,4,1048576,glibc_default_fresh,M_TWIN,14,0,1,5230316.00,3040.0000,0.0000,4517000.0,717000.0,4.000,16777216.0,0.000,0,0,16777216,4,1,0,0,0,4,1
3,i32,4,1048576,glibc_default_fresh,M,14,1,1,5135729.00,3040.0000,0.0000,861000.0,4279000.0,4.000,16777216.0,0.000,0,0,16777216,4,1,0,0,0,4,1
3,i32,4,1048576,glibc_default_fresh,R,14,2,1,6391772.00,4064.0000,0.0000,0.0,6395000.0,4.000,16777216.0,0.000,0,0,16777216,4,0,4,1,0,4,1
3,i32,4,4194304,glibc_default_fresh,M,0,0,1,30907450.00,12258.0000,0.0000,13380000.0,17549000.0,4.000,67108864.0,0.000,0,0,67108864,4,1,0,0,0,4,1
3,i32,4,4194304,glibc_default_fresh,R,0,1,1,37374467.00,16352.0000,0.0000,16666000.0,20713000.0,4.000,67108864.0,0.000,0,0,67108864,4,0,4,1,0,4,1
3,i32,4,4194304,glibc_default_fresh,M_TWIN,0,2,1,31516659.00,12256.0000,0.0000,11756000.0,19746000.0,4.000,67108864.0,0.000,0,0,67108864,4,1,0,0,0,4,1
3,i32,4,4194304,glibc_default_fresh,R,1,0,1,38501319.00,16352.0000,0.0000,17189000.0,21308000.0,4.000,67108864.0,0.000,0,0,67108864,4,0,4,1,0,4,1
3,i32,4,4194304,glibc_default_fresh,M_TWIN,1,1,1,32807658.00,12256.0000,0.0000,4378000.0,28436000.0,4.000,67108864.0,0.000,0,0,67108864,4,1,0,0,0,4,1
3,i32,4,4194304,glibc_default_fresh,M,1,2,1,31182872.00,12256.0000,0.0000,7616000.0,23573000.0,4.000,67108864.0,0.000,0,0,67108864,4,1,0,0,0,4,1
3,i32,4,4194304,glibc_default_fresh,M_TWIN,2,0,1,31123497.00,12256.0000,0.0000,13434000.0,17694000.0,4.000,67108864.0,0.000,0,0,67108864,4,1,0,0,0,4,1
3,i32,4,4194304,glibc_default_fresh,M,2,1,1,31173757.00,12256.0000,0.0000,15618000.0,15552000.0,4.000,67108864.0,0.000,0,0,67108864,4,1,0,0,0,4,1
3,i32,4,4194304,glibc_default_fresh,R,2,2,1,37565722.00,16352.0000,0.0000,16731000.0,20842000.0,4.000,67108864.0,0.000,0,0,67108864,4,0,4,1,0,4,1
3,i32,4,4194304,glibc_default_fresh,M,3,0,1,30975023.00,12256.0000,0.0000,17396000.0,13584000.0,4.000,67108864.0,0.000,0,0,67108864,4,1,0,0,0,4,1
3,i32,4,4194304,glibc_default_fresh,R,3,1,1,37545497.00,16352.0000,0.0000,16737000.0,20814000.0,4.000,67108864.0,0.000,0,0,67108864,4,0,4,1,0,4,1
3,i32,4,4194304,glibc_default_fresh,M_TWIN,3,2,1,31575009.00,12256.0000,0.0000,11793000.0,19771000.0,4.000,67108864.0,0.000,0,0,67108864,4,1,0,0,0,4,1
3,i32,4,4194304,glibc_default_fresh,R,4,0,1,39185750.00,16352.0000,0.0000,11619000.0,27573000.0,4.000,67108864.0,0.000,0,0,67108864,4,0,4,1,0,4,1
3,i32,4,4194304,glibc_default_fresh,M_TWIN,4,1,1,30652903.00,12256.0000,0.0000,13243000.0,17415000.0,4.000,67108864.0,0.000,0,0,67108864,4,1,0,0,0,4,1
3,i32,4,4194304,glibc_default_fresh,M,4,2,1,30794455.00,12256.0000,0.0000,9303000.0,21496000.0,4.000,67108864.0,0.000,0,0,67108864,4,1,0,0,0,4,1
3,i32,4,4194304,glibc_default_fresh,M_TWIN,5,0,1,30555012.00,12256.0000,0.0000,13186000.0,17374000.0,4.000,67108864.0,0.000,0,0,67108864,4,1,0,0,0,4,1
3,i32,4,4194304,glibc_default_fresh,M,5,1,1,31135814.00,12256.0000,0.0000,19588000.0,11542000.0,4.000,67108864.0,0.000,0,0,67108864,4,1,0,0,0,4,1
3,i32,4,4194304,glibc_default_fresh,R,5,2,1,37163823.00,16352.0000,0.0000,22665000.0,14479000.0,4.000,67108864.0,0.000,0,0,67108864,4,0,4,1,0,4,1
3,i32,4,4194304,glibc_default_fresh,M,6,0,1,31121464.00,12256.0000,0.0000,15593000.0,15534000.0,4.000,67108864.0,0.000,0,0,67108864,4,1,0,0,0,4,1
3,i32,4,4194304,glibc_default_fresh,R,6,1,1,37775479.00,16352.0000,0.0000,16831000.0,20948000.0,4.000,67108864.0,0.000,0,0,67108864,4,0,4,1,0,4,1
3,i32,4,4194304,glibc_default_fresh,M_TWIN,6,2,1,31443205.00,12256.0000,0.0000,15743000.0,15705000.0,4.000,67108864.0,0.000,0,0,67108864,4,1,0,0,0,4,1
3,i32,4,4194304,glibc_default_fresh,R,7,0,1,37987712.00,16352.0000,0.0000,3073000.0,34921000.0,4.000,67108864.0,0.000,0,0,67108864,4,0,4,1,0,4,1
3,i32,4,4194304,glibc_default_fresh,M_TWIN,7,1,1,31165554.00,12256.0000,0.0000,7621000.0,23550000.0,4.000,67108864.0,0.000,0,0,67108864,4,1,0,0,0,4,1
3,i32,4,4194304,glibc_default_fresh,M,7,2,1,31383247.00,12256.0000,0.0000,5528000.0,25862000.0,4.000,67108864.0,0.000,0,0,67108864,4,1,0,0,0,4,1
3,i32,4,4194304,glibc_default_fresh,M_TWIN,8,0,1,31012512.00,12256.0000,0.0000,11560000.0,19419000.0,4.000,67108864.0,0.000,0,0,67108864,4,1,0,0,0,4,1
3,i32,4,4194304,glibc_default_fresh,M,8,1,1,30619799.00,12256.0000,0.0000,19378000.0,11247000.0,4.000,67108864.0,0.000,0,0,67108864,4,1,0,0,0,4,1
3,i32,4,4194304,glibc_default_fresh,R,8,2,1,37174237.00,16352.0000,0.0000,12533000.0,24646000.0,4.000,67108864.0,0.000,0,0,67108864,4,0,4,1,0,4,1
3,i32,4,4194304,glibc_default_fresh,M,9,0,1,31145502.00,12256.0000,0.0000,15606000.0,15527000.0,4.000,67108864.0,0.000,0,0,67108864,4,1,0,0,0,4,1
3,i32,4,4194304,glibc_default_fresh,R,9,1,1,37066157.00,16352.0000,0.0000,16486000.0,20585000.0,4.000,67108864.0,0.000,0,0,67108864,4,0,4,1,0,4,1
3,i32,4,4194304,glibc_default_fresh,M_TWIN,9,2,1,30670795.00,12256.0000,0.0000,27401000.0,3276000.0,4.000,67108864.0,0.000,0,0,67108864,4,1,0,0,0,4,1
3,i32,4,4194304,glibc_default_fresh,R,10,0,1,36589698.00,16352.0000,0.0000,12271000.0,24324000.0,4.000,67108864.0,0.000,0,0,67108864,4,0,4,1,0,4,1
3,i32,4,4194304,glibc_default_fresh,M_TWIN,10,1,1,31935907.00,12256.0000,0.0000,11974000.0,19967000.0,4.000,67108864.0,0.000,0,0,67108864,4,1,0,0,0,4,1
3,i32,4,4194304,glibc_default_fresh,M,10,2,1,31887778.00,12256.0000,0.0000,7937000.0,23946000.0,4.000,67108864.0,0.000,0,0,67108864,4,1,0,0,0,4,1
3,i32,4,4194304,glibc_default_fresh,M_TWIN,11,0,1,32161341.00,12256.0000,0.0000,20074000.0,12093000.0,4.000,67108864.0,0.000,0,0,67108864,4,1,0,0,0,4,1
3,i32,4,4194304,glibc_default_fresh,M,11,1,1,31144034.00,12256.0000,0.0000,19606000.0,11544000.0,4.000,67108864.0,0.000,0,0,67108864,4,1,0,0,0,4,1
3,i32,4,4194304,glibc_default_fresh,R,11,2,1,37699059.00,16352.0000,0.0000,6931000.0,30757000.0,4.000,67108864.0,0.000,0,0,67108864,4,0,4,1,0,4,1
3,i32,4,4194304,glibc_default_fresh,M,12,0,1,34997390.00,12256.0000,0.0000,15532000.0,19459000.0,4.000,67108864.0,0.000,0,0,67108864,4,1,0,0,0,4,1
3,i32,4,4194304,glibc_default_fresh,R,12,1,1,39995631.00,16352.0000,0.0000,3000.0,39998000.0,4.000,67108864.0,0.000,0,0,67108864,4,0,4,1,0,4,1
3,i32,4,4194304,glibc_default_fresh,M_TWIN,12,2,1,31597147.00,12256.0000,0.0000,3801000.0,27767000.0,4.000,67108864.0,0.000,0,0,67108864,4,1,0,0,0,4,1
3,i32,4,4194304,glibc_default_fresh,R,13,0,1,40654204.00,16352.0000,0.0000,20267000.0,20358000.0,4.000,67108864.0,0.000,0,0,67108864,4,0,4,1,0,4,1
3,i32,4,4194304,glibc_default_fresh,M_TWIN,13,1,1,31196184.00,12256.0000,0.0000,13459000.0,17743000.0,4.000,67108864.0,0.000,0,0,67108864,4,1,0,0,0,4,1
3,i32,4,4194304,glibc_default_fresh,M,13,2,1,30705841.00,12256.0000,0.0000,7414000.0,23297000.0,4.000,67108864.0,0.000,0,0,67108864,4,1,0,0,0,4,1
3,i32,4,4194304,glibc_default_fresh,M_TWIN,14,0,1,30223856.00,12256.0000,0.0000,15195000.0,15034000.0,4.000,67108864.0,0.000,0,0,67108864,4,1,0,0,0,4,1
3,i32,4,4194304,glibc_default_fresh,M,14,1,1,31185478.00,12256.0000,0.0000,19630000.0,11561000.0,4.000,67108864.0,0.000,0,0,67108864,4,1,0,0,0,4,1
3,i32,4,4194304,glibc_default_fresh,R,14,2,1,37350858.00,16352.0000,0.0000,10796000.0,26560000.0,4.000,67108864.0,0.000,0,0,67108864,4,0,4,1,0,4,1
3,i32,4,16777216,glibc_default_fresh,M,0,0,1,152247731.00,65542.0000,0.0000,56110000.0,96159000.0,4.000,268435456.0,0.000,0,0,268435456,4,1,0,0,0,4,1
3,i32,4,16777216,glibc_default_fresh,R,0,1,1,163492821.00,65540.0000,0.0000,63766000.0,99692000.0,4.000,268435456.0,0.000,0,0,268435456,4,0,4,1,0,4,1
3,i32,4,16777216,glibc_default_fresh,M_TWIN,0,2,1,151810712.00,65540.0000,0.0000,51873000.0,99782000.0,4.000,268435456.0,0.000,0,0,268435456,4,1,0,0,0,4,1
3,i32,4,16777216,glibc_default_fresh,R,1,0,1,162787333.00,65540.0000,0.0000,59512000.0,103216000.0,4.000,268435456.0,0.000,0,0,268435456,4,0,4,1,0,4,1
3,i32,4,16777216,glibc_default_fresh,M_TWIN,1,1,1,152308929.00,65540.0000,0.0000,40131000.0,112185000.0,4.000,268435456.0,0.000,0,0,268435456,4,1,0,0,0,4,1
3,i32,4,16777216,glibc_default_fresh,M,1,2,1,152393574.00,65540.0000,0.0000,76152000.0,76205000.0,4.000,268435456.0,0.000,0,0,268435456,4,1,0,0,0,4,1
3,i32,4,16777216,glibc_default_fresh,M_TWIN,2,0,1,155205384.00,65540.0000,0.0000,57276000.0,97892000.0,4.000,268435456.0,0.000,0,0,268435456,4,1,0,0,0,4,1
3,i32,4,16777216,glibc_default_fresh,M,2,1,1,153859511.00,65540.0000,0.0000,59148000.0,94684000.0,4.000,268435456.0,0.000,0,0,268435456,4,1,0,0,0,4,1
3,i32,4,16777216,glibc_default_fresh,R,2,2,1,163976628.00,65540.0000,0.0000,71980000.0,91975000.0,4.000,268435456.0,0.000,0,0,268435456,4,0,4,1,0,4,1
3,i32,4,16777216,glibc_default_fresh,M,3,0,1,155845427.00,65540.0000,0.0000,55932000.0,99910000.0,4.000,268435456.0,0.000,0,0,268435456,4,1,0,0,0,4,1
3,i32,4,16777216,glibc_default_fresh,R,3,1,1,160728790.00,65540.0000,0.0000,76279000.0,84393000.0,4.000,268435456.0,0.000,0,0,268435456,4,0,4,1,0,4,1
3,i32,4,16777216,glibc_default_fresh,M_TWIN,3,2,1,151388117.00,65540.0000,0.0000,63750000.0,87626000.0,4.000,268435456.0,0.000,0,0,268435456,4,1,0,0,0,4,1
3,i32,4,16777216,glibc_default_fresh,R,4,0,1,159206152.00,65540.0000,0.0000,63669000.0,95531000.0,4.000,268435456.0,0.000,0,0,268435456,4,0,4,1,0,4,1
3,i32,4,16777216,glibc_default_fresh,M_TWIN,4,1,1,150694665.00,65540.0000,0.0000,75416000.0,75204000.0,4.000,268435456.0,0.000,0,0,268435456,4,1,0,0,0,4,1
3,i32,4,16777216,glibc_default_fresh,M,4,2,1,151217296.00,65540.0000,0.0000,49309000.0,101878000.0,4.000,268435456.0,0.000,0,0,268435456,4,1,0,0,0,4,1
3,i32,4,16777216,glibc_default_fresh,M_TWIN,5,0,1,150953277.00,65540.0000,0.0000,35571000.0,115354000.0,4.000,268435456.0,0.000,0,0,268435456,4,1,0,0,0,4,1
3,i32,4,16777216,glibc_default_fresh,M,5,1,1,152309657.00,65540.0000,0.0000,40096000.0,112133000.0,4.000,268435456.0,0.000,0,0,268435456,4,1,0,0,0,4,1
3,i32,4,16777216,glibc_default_fresh,R,5,2,1,160218720.00,65540.0000,0.0000,64093000.0,96122000.0,4.000,268435456.0,0.000,0,0,268435456,4,0,4,1,0,4,1
3,i32,4,16777216,glibc_default_fresh,M,6,0,1,150714128.00,65540.0000,0.0000,65120000.0,85601000.0,4.000,268435456.0,0.000,0,0,268435456,4,1,0,0,0,4,1
3,i32,4,16777216,glibc_default_fresh,R,6,1,1,165716034.00,65540.0000,0.0000,84699000.0,80959000.0,4.000,268435456.0,0.000,0,0,268435456,4,0,4,1,0,4,1
3,i32,4,16777216,glibc_default_fresh,M_TWIN,6,2,1,155363705.00,65540.0000,0.0000,45356000.0,109957000.0,4.000,268435456.0,0.000,0,0,268435456,4,1,0,0,0,4,1
3,i32,4,16777216,glibc_default_fresh,R,7,0,1,167132935.00,65540.0000,0.0000,67603000.0,99432000.0,4.000,268435456.0,0.000,0,0,268435456,4,0,4,1,0,4,1
3,i32,4,16777216,glibc_default_fresh,M_TWIN,7,1,1,156501182.00,65540.0000,0.0000,56216000.0,100260000.0,4.000,268435456.0,0.000,0,0,268435456,4,1,0,0,0,4,1
3,i32,4,16777216,glibc_default_fresh,M,7,2,1,155515520.00,65540.0000,0.0000,51762000.0,103712000.0,4.000,268435456.0,0.000,0,0,268435456,4,1,0,0,0,4,1
3,i32,4,16777216,glibc_default_fresh,M_TWIN,8,0,1,152537163.00,65540.0000,0.0000,72225000.0,80226000.0,4.000,268435456.0,0.000,0,0,268435456,4,1,0,0,0,4,1
3,i32,4,16777216,glibc_default_fresh,M,8,1,1,156445774.00,65540.0000,0.0000,72189000.0,84254000.0,4.000,268435456.0,0.000,0,0,268435456,4,1,0,0,0,4,1
3,i32,4,16777216,glibc_default_fresh,R,8,2,1,160499419.00,65540.0000,0.0000,96121000.0,64294000.0,4.000,268435456.0,0.000,0,0,268435456,4,0,4,1,0,4,1
3,i32,4,16777216,glibc_default_fresh,M,9,0,1,152887817.00,65540.0000,0.0000,52382000.0,100441000.0,4.000,268435456.0,0.000,0,0,268435456,4,1,0,0,0,4,1
3,i32,4,16777216,glibc_default_fresh,R,9,1,1,163023128.00,65540.0000,0.0000,51585000.0,111362000.0,4.000,268435456.0,0.000,0,0,268435456,4,0,4,1,0,4,1
3,i32,4,16777216,glibc_default_fresh,M_TWIN,9,2,1,151798422.00,65540.0000,0.0000,55919000.0,95885000.0,4.000,268435456.0,0.000,0,0,268435456,4,1,0,0,0,4,1
3,i32,4,16777216,glibc_default_fresh,R,10,0,1,162137606.00,65540.0000,0.0000,55218000.0,106913000.0,4.000,268435456.0,0.000,0,0,268435456,4,0,4,1,0,4,1
3,i32,4,16777216,glibc_default_fresh,M_TWIN,10,1,1,153372918.00,65540.0000,0.0000,56546000.0,96801000.0,4.000,268435456.0,0.000,0,0,268435456,4,1,0,0,0,4,1
3,i32,4,16777216,glibc_default_fresh,M,10,2,1,150459887.00,65540.0000,0.0000,63327000.0,87102000.0,4.000,268435456.0,0.000,0,0,268435456,4,1,0,0,0,4,1
3,i32,4,16777216,glibc_default_fresh,M_TWIN,11,0,1,151434244.00,65540.0000,0.0000,55768000.0,95607000.0,4.000,268435456.0,0.000,0,0,268435456,4,1,0,0,0,4,1
3,i32,4,16777216,glibc_default_fresh,M,11,1,1,149620622.00,65540.0000,0.0000,59053000.0,90562000.0,4.000,268435456.0,0.000,0,0,268435456,4,1,0,0,0,4,1
3,i32,4,16777216,glibc_default_fresh,R,11,2,1,158858955.00,65540.0000,0.0000,63495000.0,95307000.0,4.000,268435456.0,0.000,0,0,268435456,4,0,4,1,0,4,1
3,i32,4,16777216,glibc_default_fresh,M,12,0,1,154164950.00,65540.0000,0.0000,43178000.0,110893000.0,4.000,268435456.0,0.000,0,0,268435456,4,1,0,0,0,4,1
3,i32,4,16777216,glibc_default_fresh,R,12,1,1,162223498.00,65540.0000,0.0000,51268000.0,110797000.0,4.000,268435456.0,0.000,0,0,268435456,4,0,4,1,0,4,1
3,i32,4,16777216,glibc_default_fresh,M_TWIN,12,2,1,151678714.00,65540.0000,0.0000,63869000.0,87814000.0,4.000,268435456.0,0.000,0,0,268435456,4,1,0,0,0,4,1
3,i32,4,16777216,glibc_default_fresh,R,13,0,1,162039821.00,65540.0000,0.0000,84817000.0,77200000.0,4.000,268435456.0,0.000,0,0,268435456,4,0,4,1,0,4,1
3,i32,4,16777216,glibc_default_fresh,M_TWIN,13,1,1,151742816.00,65540.0000,0.0000,43896000.0,107812000.0,4.000,268435456.0,0.000,0,0,268435456,4,1,0,0,0,4,1
3,i32,4,16777216,glibc_default_fresh,M,13,2,1,150876152.00,65540.0000,0.0000,59517000.0,91326000.0,4.000,268435456.0,0.000,0,0,268435456,4,1,0,0,0,4,1
3,i32,4,16777216,glibc_default_fresh,M_TWIN,14,0,1,150815091.00,65540.0000,0.0000,43516000.0,107304000.0,4.000,268435456.0,0.000,0,0,268435456,4,1,0,0,0,4,1
3,i32,4,16777216,glibc_default_fresh,M,14,1,1,151348624.00,65540.0000,0.0000,59691000.0,91573000.0,4.000,268435456.0,0.000,0,0,268435456,4,1,0,0,0,4,1
3,i32,4,16777216,glibc_default_fresh,R,14,2,1,171594818.00,65540.0000,0.0000,63836000.0,107718000.0,4.000,268435456.0,0.000,0,0,268435456,4,0,4,1,0,4,1
3,i32,6,64,glibc_default_fresh,M,0,0,1000,1673.88,0.4350,0.0000,1447.0,241.0,7.000,1792.0,0.000,0,0,1792000,6,1,0,0,0,6,1
3,i32,6,64,glibc_default_fresh,R,0,1,1000,1728.53,0.4330,0.0000,1679.0,51.0,7.000,1792.0,0.000,0,0,1792000,6,0,6,1,0,6,1
3,i32,6,64,glibc_default_fresh,M_TWIN,0,2,1000,1521.81,0.4330,0.0000,1524.0,0.0,7.000,1792.0,0.000,0,0,1792000,6,1,0,0,0,6,1
3,i32,6,64,glibc_default_fresh,R,1,0,1000,1699.60,0.4330,0.0000,1702.0,0.0,7.000,1792.0,0.000,0,0,1792000,6,0,6,1,0,6,1
3,i32,6,64,glibc_default_fresh,M_TWIN,1,1,1000,1601.25,0.4330,0.0000,0.0,1604.0,7.000,1792.0,0.000,0,0,1792000,6,1,0,0,0,6,1
3,i32,6,64,glibc_default_fresh,M,1,2,1000,1554.21,0.4330,0.0000,1556.0,0.0,7.000,1792.0,0.000,0,0,1792000,6,1,0,0,0,6,1
3,i32,6,64,glibc_default_fresh,M_TWIN,2,0,1000,1536.50,0.4330,0.0000,1538.0,0.0,7.000,1792.0,0.000,0,0,1792000,6,1,0,0,0,6,1
3,i32,6,64,glibc_default_fresh,M,2,1,1000,1552.32,0.4330,0.0000,0.0,1554.0,7.000,1792.0,0.000,0,0,1792000,6,1,0,0,0,6,1
3,i32,6,64,glibc_default_fresh,R,2,2,1000,1679.61,0.4330,0.0000,1261.0,420.0,7.000,1792.0,0.000,0,0,1792000,6,0,6,1,0,6,1
3,i32,6,64,glibc_default_fresh,M,3,0,1000,1523.95,0.4330,0.0000,1526.0,0.0,7.000,1792.0,0.000,0,0,1792000,6,1,0,0,0,6,1
3,i32,6,64,glibc_default_fresh,R,3,1,1000,1674.67,0.4330,0.0000,1677.0,0.0,7.000,1792.0,0.000,0,0,1792000,6,0,6,1,0,6,1
3,i32,6,64,glibc_default_fresh,M_TWIN,3,2,1000,1515.98,0.4330,0.0000,0.0,1517.0,7.000,1792.0,0.000,0,0,1792000,6,1,0,0,0,6,1
3,i32,6,64,glibc_default_fresh,R,4,0,1000,1701.01,0.4330,0.0000,0.0,1703.0,7.000,1792.0,0.000,0,0,1792000,6,0,6,1,0,6,1
3,i32,6,64,glibc_default_fresh,M_TWIN,4,1,1000,1696.99,0.4330,0.0000,1541.0,157.0,7.000,1792.0,0.000,0,0,1792000,6,1,0,0,0,6,1
3,i32,6,64,glibc_default_fresh,M,4,2,1000,1549.67,0.4330,0.0000,0.0,1552.0,7.000,1792.0,0.000,0,0,1792000,6,1,0,0,0,6,1
3,i32,6,64,glibc_default_fresh,M_TWIN,5,0,1000,1509.12,0.4330,0.0000,0.0,1511.0,7.000,1792.0,0.000,0,0,1792000,6,1,0,0,0,6,1
3,i32,6,64,glibc_default_fresh,M,5,1,1000,1538.50,0.4330,0.0000,0.0,1540.0,7.000,1792.0,0.000,0,0,1792000,6,1,0,0,0,6,1
3,i32,6,64,glibc_default_fresh,R,5,2,1000,1662.51,0.4330,0.0000,0.0,1690.0,7.000,1792.0,0.000,0,0,1792000,6,0,6,1,0,6,1
3,i32,6,64,glibc_default_fresh,M,6,0,1000,1529.88,0.4330,0.0000,1533.0,0.0,7.000,1792.0,0.000,0,0,1792000,6,1,0,0,0,6,1
3,i32,6,64,glibc_default_fresh,R,6,1,1000,1717.53,0.4330,0.0000,1720.0,0.0,7.000,1792.0,0.000,0,0,1792000,6,0,6,1,0,6,1
3,i32,6,64,glibc_default_fresh,M_TWIN,6,2,1000,1570.45,0.4330,0.0000,0.0,1573.0,7.000,1792.0,0.000,0,0,1792000,6,1,0,0,0,6,1
3,i32,6,64,glibc_default_fresh,R,7,0,1000,1731.77,0.4330,0.0000,1734.0,0.0,7.000,1792.0,0.000,0,0,1792000,6,0,6,1,0,6,1
3,i32,6,64,glibc_default_fresh,M_TWIN,7,1,1000,1532.22,0.4330,0.0000,0.0,1534.0,7.000,1792.0,0.000,0,0,1792000,6,1,0,0,0,6,1
3,i32,6,64,glibc_default_fresh,M,7,2,1000,1484.18,0.4330,0.0000,732.0,755.0,7.000,1792.0,0.000,0,0,1792000,6,1,0,0,0,6,1
3,i32,6,64,glibc_default_fresh,M_TWIN,8,0,1000,1613.86,0.4330,0.0000,0.0,1617.0,7.000,1792.0,0.000,0,0,1792000,6,1,0,0,0,6,1
3,i32,6,64,glibc_default_fresh,M,8,1,1000,1605.40,0.4330,0.0000,965.0,643.0,7.000,1792.0,0.000,0,0,1792000,6,1,0,0,0,6,1
3,i32,6,64,glibc_default_fresh,R,8,2,1000,1825.46,0.4330,0.0000,1827.0,0.0,7.000,1792.0,0.000,0,0,1792000,6,0,6,1,0,6,1
3,i32,6,64,glibc_default_fresh,M,9,0,1000,1538.68,0.4330,0.0000,1541.0,0.0,7.000,1792.0,0.000,0,0,1792000,6,1,0,0,0,6,1
3,i32,6,64,glibc_default_fresh,R,9,1,1000,1738.85,0.4330,0.0000,1685.0,0.0,7.000,1792.0,0.000,0,0,1792000,6,0,6,1,0,6,1
3,i32,6,64,glibc_default_fresh,M_TWIN,9,2,1000,1540.73,0.4330,0.0000,1543.0,0.0,7.000,1792.0,0.000,0,0,1792000,6,1,0,0,0,6,1
3,i32,6,64,glibc_default_fresh,R,10,0,1000,1662.95,0.4330,0.0000,1665.0,0.0,7.000,1792.0,0.000,0,0,1792000,6,0,6,1,0,6,1
3,i32,6,64,glibc_default_fresh,M_TWIN,10,1,1000,1544.38,0.4330,0.0000,1546.0,0.0,7.000,1792.0,0.000,0,0,1792000,6,1,0,0,0,6,1
3,i32,6,64,glibc_default_fresh,M,10,2,1000,1548.30,0.4330,0.0000,1551.0,0.0,7.000,1792.0,0.000,0,0,1792000,6,1,0,0,0,6,1
3,i32,6,64,glibc_default_fresh,M_TWIN,11,0,1000,1495.28,0.4330,0.0000,1497.0,0.0,7.000,1792.0,0.000,0,0,1792000,6,1,0,0,0,6,1
3,i32,6,64,glibc_default_fresh,M,11,1,1000,1519.40,0.4330,0.0000,1521.0,0.0,7.000,1792.0,0.000,0,0,1792000,6,1,0,0,0,6,1
3,i32,6,64,glibc_default_fresh,R,11,2,1000,1721.02,0.4330,0.0000,1723.0,0.0,7.000,1792.0,0.000,0,0,1792000,6,0,6,1,0,6,1
3,i32,6,64,glibc_default_fresh,M,12,0,1000,1552.65,0.4330,0.0000,1554.0,0.0,7.000,1792.0,0.000,0,0,1792000,6,1,0,0,0,6,1
3,i32,6,64,glibc_default_fresh,R,12,1,1000,1735.60,0.4330,0.0000,1738.0,0.0,7.000,1792.0,0.000,0,0,1792000,6,0,6,1,0,6,1
3,i32,6,64,glibc_default_fresh,M_TWIN,12,2,1000,1565.99,0.4330,0.0000,1585.0,0.0,7.000,1792.0,0.000,0,0,1792000,6,1,0,0,0,6,1
3,i32,6,64,glibc_default_fresh,R,13,0,1000,1692.80,0.4330,0.0000,1694.0,0.0,7.000,1792.0,0.000,0,0,1792000,6,0,6,1,0,6,1
3,i32,6,64,glibc_default_fresh,M_TWIN,13,1,1000,1602.26,0.4330,0.0000,0.0,1604.0,7.000,1792.0,0.000,0,0,1792000,6,1,0,0,0,6,1
3,i32,6,64,glibc_default_fresh,M,13,2,1000,1561.98,0.4330,0.0000,0.0,1564.0,7.000,1792.0,0.000,0,0,1792000,6,1,0,0,0,6,1
3,i32,6,64,glibc_default_fresh,M_TWIN,14,0,1000,1526.50,0.4330,0.0000,818.0,711.0,7.000,1792.0,0.000,0,0,1792000,6,1,0,0,0,6,1
3,i32,6,64,glibc_default_fresh,M,14,1,1000,1496.99,0.4330,0.0000,1498.0,0.0,7.000,1792.0,0.000,0,0,1792000,6,1,0,0,0,6,1
3,i32,6,64,glibc_default_fresh,R,14,2,1000,1665.86,0.4330,0.0000,116.0,1552.0,7.000,1792.0,0.000,0,0,1792000,6,0,6,1,0,6,1
3,i32,6,1024,glibc_default_fresh,M,0,0,1000,12789.80,6.0180,0.0000,4214.0,8599.0,6.000,24576.0,0.000,0,0,24576000,6,1,0,0,0,6,1
3,i32,6,1024,glibc_default_fresh,R,0,1,1000,16181.63,6.0160,0.0000,12019.0,4168.0,6.000,24576.0,0.000,0,0,24576000,6,0,6,1,0,6,1
3,i32,6,1024,glibc_default_fresh,M_TWIN,0,2,1000,13625.42,6.0160,0.0000,4522.0,9108.0,6.000,24576.0,0.000,0,0,24576000,6,1,0,0,0,6,1
3,i32,6,1024,glibc_default_fresh,R,1,0,1000,12595.75,6.0160,0.0000,4211.0,8392.0,6.000,24576.0,0.000,0,0,24576000,6,0,6,1,0,6,1
3,i32,6,1024,glibc_default_fresh,M_TWIN,1,1,1000,10919.62,6.0160,0.0000,3618.0,7306.0,6.000,24576.0,0.000,0,0,24576000,6,1,0,0,0,6,1
3,i32,6,1024,glibc_default_fresh,M,1,2,1000,10570.82,6.0160,0.0000,4969.0,5604.0,6.000,24576.0,0.000,0,0,24576000,6,1,0,0,0,6,1
3,i32,6,1024,glibc_default_fresh,M_TWIN,2,0,1000,10582.13,6.0160,0.0000,2133.0,8452.0,6.000,24576.0,0.000,0,0,24576000,6,1,0,0,0,6,1
3,i32,6,1024,glibc_default_fresh,M,2,1,1000,11000.08,6.0160,0.0000,0.0,11004.0,6.000,24576.0,0.000,0,0,24576000,6,1,0,0,0,6,1
3,i32,6,1024,glibc_default_fresh,R,2,2,1000,11147.04,6.0160,0.0000,3670.0,7480.0,6.000,24576.0,0.000,0,0,24576000,6,0,6,1,0,6,1
3,i32,6,1024,glibc_default_fresh,M,3,0,1000,10737.14,6.0160,0.0000,5078.0,5663.0,6.000,24576.0,0.000,0,0,24576000,6,1,0,0,0,6,1
3,i32,6,1024,glibc_default_fresh,R,3,1,1000,12162.50,6.0160,0.0000,4069.0,8098.0,6.000,24576.0,0.000,0,0,24576000,6,0,6,1,0,6,1
3,i32,6,1024,glibc_default_fresh,M_TWIN,3,2,1000,13805.50,6.0160,0.0000,8026.0,5782.0,6.000,24576.0,0.000,0,0,24576000,6,1,0,0,0,6,1
3,i32,6,1024,glibc_default_fresh,R,4,0,1000,10994.42,6.0160,0.0000,3607.0,7391.0,6.000,24576.0,0.000,0,0,24576000,6,0,6,1,0,6,1
3,i32,6,1024,glibc_default_fresh,M_TWIN,4,1,1000,10113.56,6.0160,0.0000,4820.0,5296.0,6.000,24576.0,0.000,0,0,24576000,6,1,0,0,0,6,1
3,i32,6,1024,glibc_default_fresh,M,4,2,1000,10328.47,6.0160,0.0000,8906.0,1425.0,6.000,24576.0,0.000,0,0,24576000,6,1,0,0,0,6,1
3,i32,6,1024,glibc_default_fresh,M_TWIN,5,0,1000,10473.38,6.0160,0.0000,1009.0,9467.0,6.000,24576.0,0.000,0,0,24576000,6,1,0,0,0,6,1
3,i32,6,1024,glibc_default_fresh,M,5,1,1000,10498.39,6.0160,0.0000,5025.0,5477.0,6.000,24576.0,0.000,0,0,24576000,6,1,0,0,0,6,1
3,i32,6,1024,glibc_default_fresh,R,5,2,1000,11121.25,6.0160,0.0000,0.0,11124.0,6.000,24576.0,0.000,0,0,24576000,6,0,6,1,0,6,1
3,i32,6,1024,glibc_default_fresh,M,6,0,1000,10174.38,6.0160,0.0000,3280.0,6897.0,6.000,24576.0,0.000,0,0,24576000,6,1,0,0,0,6,1
3,i32,6,1024,glibc_default_fresh,R,6,1,1000,10938.48,6.0160,0.0000,3591.0,7351.0,6.000,24576.0,0.000,0,0,24576000,6,0,6,1,0,6,1
3,i32,6,1024,glibc_default_fresh,M_TWIN,6,2,1000,10643.84,6.0160,0.0000,0.0,10647.0,6.000,24576.0,0.000,0,0,24576000,6,1,0,0,0,6,1
3,i32,6,1024,glibc_default_fresh,R,7,0,1000,11493.41,6.0160,0.0000,3811.0,7686.0,6.000,24576.0,0.000,0,0,24576000,6,0,6,1,0,6,1
3,i32,6,1024,glibc_default_fresh,M_TWIN,7,1,1000,10898.97,6.0160,0.0000,0.0,10902.0,6.000,24576.0,0.000,0,0,24576000,6,1,0,0,0,6,1
3,i32,6,1024,glibc_default_fresh,M,7,2,1000,10954.87,6.0160,0.0000,326.0,10653.0,6.000,24576.0,0.000,0,0,24576000,6,1,0,0,0,6,1
3,i32,6,1024,glibc_default_fresh,M_TWIN,8,0,1000,10393.30,6.0160,0.0000,859.0,9543.0,6.000,24576.0,0.000,0,0,24576000,6,1,0,0,0,6,1
3,i32,6,1024,glibc_default_fresh,M,8,1,1000,9805.86,6.0160,0.0000,4630.0,5178.0,6.000,24576.0,0.000,0,0,24576000,6,1,0,0,0,6,1
3,i32,6,1024,glibc_default_fresh,R,8,2,1000,10625.04,6.0160,0.0000,7516.0,3112.0,6.000,24576.0,0.000,0,0,24576000,6,0,6,1,0,6,1
3,i32,6,1024,glibc_default_fresh,M,9,0,1000,11384.92,6.0160,0.0000,0.0,11388.0,6.000,24576.0,0.000,0,0,24576000,6,1,0,0,0,6,1
3,i32,6,1024,glibc_default_fresh,R,9,1,1000,10349.15,6.0160,0.0000,822.0,9529.0,6.000,24576.0,0.000,0,0,24576000,6,0,6,1,0,6,1
3,i32,6,1024,glibc_default_fresh,M_TWIN,9,2,1000,10395.32,6.0160,0.0000,4835.0,5554.0,6.000,24576.0,0.000,0,0,24576000,6,1,0,0,0,6,1
3,i32,6,1024,glibc_default_fresh,R,10,0,1000,10252.64,6.0160,0.0000,4803.0,5452.0,6.000,24576.0,0.000,0,0,24576000,6,0,6,1,0,6,1
3,i32,6,1024,glibc_default_fresh,M_TWIN,10,1,1000,9756.84,6.0160,0.0000,4624.0,5135.0,6.000,24576.0,0.000,0,0,24576000,6,1,0,0,0,6,1
3,i32,6,1024,glibc_default_fresh,M,10,2,1000,9899.63,6.0160,0.0000,0.0,9902.0,6.000,24576.0,0.000,0,0,24576000,6,1,0,0,0,6,1
3,i32,6,1024,glibc_default_fresh,M_TWIN,11,0,1000,9919.82,6.0160,0.0000,7245.0,2677.0,6.000,24576.0,0.000,0,0,24576000,6,1,0,0,0,6,1
3,i32,6,1024,glibc_default_fresh,M,11,1,1000,9764.80,6.0160,0.0000,632.0,9136.0,6.000,24576.0,0.000,0,0,24576000,6,1,0,0,0,6,1
3,i32,6,1024,glibc_default_fresh,R,11,2,1000,10317.26,6.0160,0.0000,8818.0,1502.0,6.000,24576.0,0.000,0,0,24576000,6,0,6,1,0,6,1
3,i32,6,1024,glibc_default_fresh,M,12,0,1000,9824.19,6.0160,0.0000,4659.0,5168.0,6.000,24576.0,0.000,0,0,24576000,6,1,0,0,0,6,1
3,i32,6,1024,glibc_default_fresh,R,12,1,1000,10724.12,6.0160,0.0000,7486.0,3192.0,6.000,24576.0,0.000,0,0,24576000,6,0,6,1,0,6,1
3,i32,6,1024,glibc_default_fresh,M_TWIN,12,2,1000,9909.74,6.0160,0.0000,3252.0,6661.0,6.000,24576.0,0.000,0,0,24576000,6,1,0,0,0,6,1
3,i32,6,1024,glibc_default_fresh,R,13,0,1000,10078.57,6.0160,0.0000,0.0,10081.0,6.000,24576.0,0.000,0,0,24576000,6,0,6,1,0,6,1
3,i32,6,1024,glibc_default_fresh,M_TWIN,13,1,1000,9754.94,6.0160,0.0000,626.0,9131.0,6.000,24576.0,0.000,0,0,24576000,6,1,0,0,0,6,1
3,i32,6,1024,glibc_default_fresh,M,13,2,1000,9702.95,6.0160,0.0000,3187.0,6519.0,6.000,24576.0,0.000,0,0,24576000,6,1,0,0,0,6,1
3,i32,6,1024,glibc_default_fresh,M_TWIN,14,0,1000,9728.26,6.0160,0.0000,4614.0,5118.0,6.000,24576.0,0.000,0,0,24576000,6,1,0,0,0,6,1
3,i32,6,1024,glibc_default_fresh,M,14,1,1000,9773.93,6.0160,0.0000,6716.0,3060.0,6.000,24576.0,0.000,0,0,24576000,6,1,0,0,0,6,1
3,i32,6,1024,glibc_default_fresh,R,14,2,1000,10447.11,6.0160,0.0000,7421.0,3030.0,6.000,24576.0,0.000,0,0,24576000,6,0,6,1,0,6,1
3,i32,6,4096,glibc_default_fresh,M,0,0,1,5651.00,2.0000,0.0000,0.0,38000.0,6.000,98304.0,0.000,0,0,98304,6,1,0,0,0,6,1
3,i32,6,4096,glibc_default_fresh,R,0,1,1,6677.00,0.0000,0.0000,0.0,7000.0,6.000,98304.0,0.000,0,0,98304,6,0,6,1,0,6,1
3,i32,6,4096,glibc_default_fresh,M_TWIN,0,2,1,5008.00,0.0000,0.0000,0.0,6000.0,6.000,98304.0,0.000,0,0,98304,6,1,0,0,0,6,1
3,i32,6,4096,glibc_default_fresh,R,1,0,1,6439.00,0.0000,0.0000,0.0,7000.0,6.000,98304.0,0.000,0,0,98304,6,0,6,1,0,6,1
3,i32,6,4096,glibc_default_fresh,M_TWIN,1,1,1,4941.00,0.0000,0.0000,0.0,5000.0,6.000,98304.0,0.000,0,0,98304,6,1,0,0,0,6,1
3,i32,6,4096,glibc_default_fresh,M,1,2,1,10313.00,0.0000,0.0000,0.0,11000.0,6.000,98304.0,0.000,0,0,98304,6,1,0,0,0,6,1
3,i32,6,4096,glibc_default_fresh,M_TWIN,2,0,1,4986.00,0.0000,0.0000,0.0,5000.0,6.000,98304.0,0.000,0,0,98304,6,1,0,0,0,6,1
3,i32,6,4096,glibc_default_fresh,M,2,1,1,4934.00,0.0000,0.0000,0.0,6000.0,6.000,98304.0,0.000,0,0,98304,6,1,0,0,0,6,1
3,i32,6,4096,glibc_default_fresh,R,2,2,1,6516.00,0.0000,0.0000,0.0,7000.0,6.000,98304.0,0.000,0,0,98304,6,0,6,1,0,6,1
3,i32,6,4096,glibc_default_fresh,M,3,0,1,4855.00,0.0000,0.0000,0.0,6000.0,6.000,98304.0,0.000,0,0,98304,6,1,0,0,0,6,1
3,i32,6,4096,glibc_default_fresh,R,3,1,1,6478.00,0.0000,0.0000,0.0,7000.0,6.000,98304.0,0.000,0,0,98304,6,0,6,1,0,6,1
3,i32,6,4096,glibc_default_fresh,M_TWIN,3,2,1,4757.00,0.0000,0.0000,0.0,5000.0,6.000,98304.0,0.000,0,0,98304,6,1,0,0,0,6,1
3,i32,6,4096,glibc_default_fresh,R,4,0,1,6429.00,0.0000,0.0000,0.0,7000.0,6.000,98304.0,0.000,0,0,98304,6,0,6,1,0,6,1
3,i32,6,4096,glibc_default_fresh,M_TWIN,4,1,1,4674.00,0.0000,0.0000,0.0,5000.0,6.000,98304.0,0.000,0,0,98304,6,1,0,0,0,6,1
3,i32,6,4096,glibc_default_fresh,M,4,2,1,4868.00,0.0000,0.0000,0.0,6000.0,6.000,98304.0,0.000,0,0,98304,6,1,0,0,0,6,1
3,i32,6,4096,glibc_default_fresh,M_TWIN,5,0,1,4872.00,0.0000,0.0000,0.0,5000.0,6.000,98304.0,0.000,0,0,98304,6,1,0,0,0,6,1
3,i32,6,4096,glibc_default_fresh,M,5,1,1,4910.00,0.0000,0.0000,0.0,5000.0,6.000,98304.0,0.000,0,0,98304,6,1,0,0,0,6,1
3,i32,6,4096,glibc_default_fresh,R,5,2,1,6390.00,0.0000,0.0000,0.0,7000.0,6.000,98304.0,0.000,0,0,98304,6,0,6,1,0,6,1
3,i32,6,4096,glibc_default_fresh,M,6,0,1,4879.00,0.0000,0.0000,0.0,5000.0,6.000,98304.0,0.000,0,0,98304,6,1,0,0,0,6,1
3,i32,6,4096,glibc_default_fresh,R,6,1,1,6376.00,0.0000,0.0000,0.0,7000.0,6.000,98304.0,0.000,0,0,98304,6,0,6,1,0,6,1
3,i32,6,4096,glibc_default_fresh,M_TWIN,6,2,1,4684.00,0.0000,0.0000,0.0,5000.0,6.000,98304.0,0.000,0,0,98304,6,1,0,0,0,6,1
3,i32,6,4096,glibc_default_fresh,R,7,0,1,6378.00,0.0000,0.0000,0.0,7000.0,6.000,98304.0,0.000,0,0,98304,6,0,6,1,0,6,1
3,i32,6,4096,glibc_default_fresh,M_TWIN,7,1,1,4923.00,0.0000,0.0000,0.0,5000.0,6.000,98304.0,0.000,0,0,98304,6,1,0,0,0,6,1
3,i32,6,4096,glibc_default_fresh,M,7,2,1,4928.00,0.0000,0.0000,0.0,6000.0,6.000,98304.0,0.000,0,0,98304,6,1,0,0,0,6,1
3,i32,6,4096,glibc_default_fresh,M_TWIN,8,0,1,4870.00,0.0000,0.0000,0.0,5000.0,6.000,98304.0,0.000,0,0,98304,6,1,0,0,0,6,1
3,i32,6,4096,glibc_default_fresh,M,8,1,1,4925.00,0.0000,0.0000,0.0,6000.0,6.000,98304.0,0.000,0,0,98304,6,1,0,0,0,6,1
3,i32,6,4096,glibc_default_fresh,R,8,2,1,6399.00,0.0000,0.0000,0.0,7000.0,6.000,98304.0,0.000,0,0,98304,6,0,6,1,0,6,1
3,i32,6,4096,glibc_default_fresh,M,9,0,1,4851.00,0.0000,0.0000,0.0,6000.0,6.000,98304.0,0.000,0,0,98304,6,1,0,0,0,6,1
3,i32,6,4096,glibc_default_fresh,R,9,1,1,6427.00,0.0000,0.0000,0.0,7000.0,6.000,98304.0,0.000,0,0,98304,6,0,6,1,0,6,1
3,i32,6,4096,glibc_default_fresh,M_TWIN,9,2,1,4953.00,0.0000,0.0000,0.0,5000.0,6.000,98304.0,0.000,0,0,98304,6,1,0,0,0,6,1
3,i32,6,4096,glibc_default_fresh,R,10,0,1,6428.00,0.0000,0.0000,0.0,7000.0,6.000,98304.0,0.000,0,0,98304,6,0,6,1,0,6,1
3,i32,6,4096,glibc_default_fresh,M_TWIN,10,1,1,4856.00,0.0000,0.0000,0.0,5000.0,6.000,98304.0,0.000,0,0,98304,6,1,0,0,0,6,1
3,i32,6,4096,glibc_default_fresh,M,10,2,1,4898.00,0.0000,0.0000,0.0,6000.0,6.000,98304.0,0.000,0,0,98304,6,1,0,0,0,6,1
3,i32,6,4096,glibc_default_fresh,M_TWIN,11,0,1,4880.00,0.0000,0.0000,0.0,5000.0,6.000,98304.0,0.000,0,0,98304,6,1,0,0,0,6,1
3,i32,6,4096,glibc_default_fresh,M,11,1,1,4884.00,0.0000,0.0000,0.0,5000.0,6.000,98304.0,0.000,0,0,98304,6,1,0,0,0,6,1
3,i32,6,4096,glibc_default_fresh,R,11,2,1,6445.00,0.0000,0.0000,0.0,7000.0,6.000,98304.0,0.000,0,0,98304,6,0,6,1,0,6,1
3,i32,6,4096,glibc_default_fresh,M,12,0,1,6048.00,0.0000,0.0000,0.0,6000.0,6.000,98304.0,0.000,0,0,98304,6,1,0,0,0,6,1
3,i32,6,4096,glibc_default_fresh,R,12,1,1,6422.00,0.0000,0.0000,0.0,7000.0,6.000,98304.0,0.000,0,0,98304,6,0,6,1,0,6,1
3,i32,6,4096,glibc_default_fresh,M_TWIN,12,2,1,4889.00,0.0000,0.0000,0.0,5000.0,6.000,98304.0,0.000,0,0,98304,6,1,0,0,0,6,1
3,i32,6,4096,glibc_default_fresh,R,13,0,1,6373.00,0.0000,0.0000,0.0,7000.0,6.000,98304.0,0.000,0,0,98304,6,0,6,1,0,6,1
3,i32,6,4096,glibc_default_fresh,M_TWIN,13,1,1,4960.00,0.0000,0.0000,0.0,5000.0,6.000,98304.0,0.000,0,0,98304,6,1,0,0,0,6,1
3,i32,6,4096,glibc_default_fresh,M,13,2,1,4843.00,0.0000,0.0000,0.0,6000.0,6.000,98304.0,0.000,0,0,98304,6,1,0,0,0,6,1
3,i32,6,4096,glibc_default_fresh,M_TWIN,14,0,1,4847.00,0.0000,0.0000,0.0,5000.0,6.000,98304.0,0.000,0,0,98304,6,1,0,0,0,6,1
3,i32,6,4096,glibc_default_fresh,M,14,1,1,9384.00,0.0000,0.0000,0.0,11000.0,6.000,98304.0,0.000,0,0,98304,6,1,0,0,0,6,1
3,i32,6,4096,glibc_default_fresh,R,14,2,1,6390.00,0.0000,0.0000,0.0,6000.0,6.000,98304.0,0.000,0,0,98304,6,0,6,1,0,6,1
3,i32,6,16384,glibc_default_fresh,M,0,0,1,17658.00,2.0000,0.0000,30000.0,0.0,6.000,393216.0,0.000,0,0,393216,6,1,0,0,0,6,1
3,i32,6,16384,glibc_default_fresh,R,0,1,1,21851.00,0.0000,0.0000,23000.0,0.0,6.000,393216.0,0.000,0,0,393216,6,0,6,1,0,6,1
3,i32,6,16384,glibc_default_fresh,M_TWIN,0,2,1,18258.00,0.0000,0.0000,19000.0,0.0,6.000,393216.0,0.000,0,0,393216,6,1,0,0,0,6,1
3,i32,6,16384,glibc_default_fresh,R,1,0,1,21940.00,0.0000,0.0000,22000.0,0.0,6.000,393216.0,0.000,0,0,393216,6,0,6,1,0,6,1
3,i32,6,16384,glibc_default_fresh,M_TWIN,1,1,1,22919.00,0.0000,0.0000,23000.0,0.0,6.000,393216.0,0.000,0,0,393216,6,1,0,0,0,6,1
3,i32,6,16384,glibc_default_fresh,M,1,2,1,18116.00,0.0000,0.0000,19000.0,0.0,6.000,393216.0,0.000,0,0,393216,6,1,0,0,0,6,1
3,i32,6,16384,glibc_default_fresh,M_TWIN,2,0,1,26046.00,0.0000,0.0000,85000.0,0.0,6.000,393216.0,0.000,0,0,393216,6,1,0,0,0,6,1
3,i32,6,16384,glibc_default_fresh,M,2,1,1,18424.00,0.0000,0.0000,19000.0,0.0,6.000,393216.0,0.000,0,0,393216,6,1,0,0,0,6,1
3,i32,6,16384,glibc_default_fresh,R,2,2,1,21873.00,0.0000,0.0000,23000.0,0.0,6.000,393216.0,0.000,0,0,393216,6,0,6,1,0,6,1
3,i32,6,16384,glibc_default_fresh,M,3,0,1,18122.00,0.0000,0.0000,18000.0,0.0,6.000,393216.0,0.000,0,0,393216,6,1,0,0,0,6,1
3,i32,6,16384,glibc_default_fresh,R,3,1,1,21970.00,0.0000,0.0000,22000.0,0.0,6.000,393216.0,0.000,0,0,393216,6,0,6,1,0,6,1
3,i32,6,16384,glibc_default_fresh,M_TWIN,3,2,1,18111.00,0.0000,0.0000,18000.0,0.0,6.000,393216.0,0.000,0,0,393216,6,1,0,0,0,6,1
3,i32,6,16384,glibc_default_fresh,R,4,0,1,40025.00,0.0000,0.0000,41000.0,0.0,6.000,393216.0,0.000,0,0,393216,6,0,6,1,0,6,1
3,i32,6,16384,glibc_default_fresh,M_TWIN,4,1,1,17519.00,0.0000,0.0000,18000.0,0.0,6.000,393216.0,0.000,0,0,393216,6,1,0,0,0,6,1
3,i32,6,16384,glibc_default_fresh,M,4,2,1,18207.00,0.0000,0.0000,19000.0,0.0,6.000,393216.0,0.000,0,0,393216,6,1,0,0,0,6,1
3,i32,6,16384,glibc_default_fresh,M_TWIN,5,0,1,18170.00,0.0000,0.0000,18000.0,0.0,6.000,393216.0,0.000,0,0,393216,6,1,0,0,0,6,1
3,i32,6,16384,glibc_default_fresh,M,5,1,1,18181.00,0.0000,0.0000,19000.0,0.0,6.000,393216.0,0.000,0,0,393216,6,1,0,0,0,6,1
3,i32,6,16384,glibc_default_fresh,R,5,2,1,21775.00,0.0000,0.0000,22000.0,0.0,6.000,393216.0,0.000,0,0,393216,6,0,6,1,0,6,1
3,i32,6,16384,glibc_default_fresh,M,6,0,1,18136.00,0.0000,0.0000,19000.0,0.0,6.000,393216.0,0.000,0,0,393216,6,1,0,0,0,6,1
3,i32,6,16384,glibc_default_fresh,R,6,1,1,21878.00,0.0000,0.0000,23000.0,0.0,6.000,393216.0,0.000,0,0,393216,6,0,6,1,0,6,1
3,i32,6,16384,glibc_default_fresh,M_TWIN,6,2,1,18179.00,0.0000,0.0000,19000.0,0.0,6.000,393216.0,0.000,0,0,393216,6,1,0,0,0,6,1
3,i32,6,16384,glibc_default_fresh,R,7,0,1,21839.00,0.0000,0.0000,22000.0,0.0,6.000,393216.0,0.000,0,0,393216,6,0,6,1,0,6,1
3,i32,6,16384,glibc_default_fresh,M_TWIN,7,1,1,32724.00,0.0000,0.0000,33000.0,0.0,6.000,393216.0,0.000,0,0,393216,6,1,0,0,0,6,1
3,i32,6,16384,glibc_default_fresh,M,7,2,1,18323.00,0.0000,0.0000,19000.0,0.0,6.000,393216.0,0.000,0,0,393216,6,1,0,0,0,6,1
3,i32,6,16384,glibc_default_fresh,M_TWIN,8,0,1,18130.00,0.0000,0.0000,18000.0,0.0,6.000,393216.0,0.000,0,0,393216,6,1,0,0,0,6,1
3,i32,6,16384,glibc_default_fresh,M,8,1,1,23182.00,0.0000,0.0000,24000.0,0.0,6.000,393216.0,0.000,0,0,393216,6,1,0,0,0,6,1
3,i32,6,16384,glibc_default_fresh,R,8,2,1,21845.00,0.0000,0.0000,22000.0,0.0,6.000,393216.0,0.000,0,0,393216,6,0,6,1,0,6,1
3,i32,6,16384,glibc_default_fresh,M,9,0,1,18131.00,0.0000,0.0000,19000.0,0.0,6.000,393216.0,0.000,0,0,393216,6,1,0,0,0,6,1
3,i32,6,16384,glibc_default_fresh,R,9,1,1,21981.00,0.0000,0.0000,22000.0,0.0,6.000,393216.0,0.000,0,0,393216,6,0,6,1,0,6,1
3,i32,6,16384,glibc_default_fresh,M_TWIN,9,2,1,18177.00,0.0000,0.0000,19000.0,0.0,6.000,393216.0,0.000,0,0,393216,6,1,0,0,0,6,1
3,i32,6,16384,glibc_default_fresh,R,10,0,1,21860.00,0.0000,0.0000,22000.0,0.0,6.000,393216.0,0.000,0,0,393216,6,0,6,1,0,6,1
3,i32,6,16384,glibc_default_fresh,M_TWIN,10,1,1,18894.00,0.0000,0.0000,19000.0,0.0,6.000,393216.0,0.000,0,0,393216,6,1,0,0,0,6,1
3,i32,6,16384,glibc_default_fresh,M,10,2,1,20042.00,0.0000,0.0000,20000.0,0.0,6.000,393216.0,0.000,0,0,393216,6,1,0,0,0,6,1
3,i32,6,16384,glibc_default_fresh,M_TWIN,11,0,1,22753.00,0.0000,0.0000,23000.0,0.0,6.000,393216.0,0.000,0,0,393216,6,1,0,0,0,6,1
3,i32,6,16384,glibc_default_fresh,M,11,1,1,26552.00,0.0000,0.0000,27000.0,0.0,6.000,393216.0,0.000,0,0,393216,6,1,0,0,0,6,1
3,i32,6,16384,glibc_default_fresh,R,11,2,1,21943.00,0.0000,0.0000,22000.0,0.0,6.000,393216.0,0.000,0,0,393216,6,0,6,1,0,6,1
3,i32,6,16384,glibc_default_fresh,M,12,0,1,18160.00,0.0000,0.0000,19000.0,0.0,6.000,393216.0,0.000,0,0,393216,6,1,0,0,0,6,1
3,i32,6,16384,glibc_default_fresh,R,12,1,1,21803.00,0.0000,0.0000,22000.0,0.0,6.000,393216.0,0.000,0,0,393216,6,0,6,1,0,6,1
3,i32,6,16384,glibc_default_fresh,M_TWIN,12,2,1,18142.00,0.0000,0.0000,18000.0,0.0,6.000,393216.0,0.000,0,0,393216,6,1,0,0,0,6,1
3,i32,6,16384,glibc_default_fresh,R,13,0,1,21724.00,0.0000,0.0000,22000.0,0.0,6.000,393216.0,0.000,0,0,393216,6,0,6,1,0,6,1
3,i32,6,16384,glibc_default_fresh,M_TWIN,13,1,1,18268.00,0.0000,0.0000,19000.0,0.0,6.000,393216.0,0.000,0,0,393216,6,1,0,0,0,6,1
3,i32,6,16384,glibc_default_fresh,M,13,2,1,18220.00,0.0000,0.0000,19000.0,0.0,6.000,393216.0,0.000,0,0,393216,6,1,0,0,0,6,1
3,i32,6,16384,glibc_default_fresh,M_TWIN,14,0,1,18136.00,0.0000,0.0000,19000.0,0.0,6.000,393216.0,0.000,0,0,393216,6,1,0,0,0,6,1
3,i32,6,16384,glibc_default_fresh,M,14,1,1,18180.00,0.0000,0.0000,19000.0,0.0,6.000,393216.0,0.000,0,0,393216,6,1,0,0,0,6,1
3,i32,6,16384,glibc_default_fresh,R,14,2,1,24885.00,0.0000,0.0000,25000.0,0.0,6.000,393216.0,0.000,0,0,393216,6,0,6,1,0,6,1
3,i32,6,65536,glibc_default_fresh,M,0,0,1,137240.00,2.0000,0.0000,100000.0,50000.0,6.000,1572864.0,0.000,0,0,1572864,6,1,0,0,0,6,1
3,i32,6,65536,glibc_default_fresh,R,0,1,1,127001.00,0.0000,0.0000,86000.0,43000.0,6.000,1572864.0,0.000,0,0,1572864,6,0,6,1,0,6,1
3,i32,6,65536,glibc_default_fresh,M_TWIN,0,2,1,129775.00,0.0000,0.0000,88000.0,44000.0,6.000,1572864.0,0.000,0,0,1572864,6,1,0,0,0,6,1
3,i32,6,65536,glibc_default_fresh,R,1,0,1,126855.00,0.0000,0.0000,86000.0,43000.0,6.000,1572864.0,0.000,0,0,1572864,6,0,6,1,0,6,1
3,i32,6,65536,glibc_default_fresh,M_TWIN,1,1,1,130054.00,0.0000,0.0000,87000.0,43000.0,6.000,1572864.0,0.000,0,0,1572864,6,1,0,0,0,6,1
3,i32,6,65536,glibc_default_fresh,M,1,2,1,153113.00,0.0000,0.0000,103000.0,52000.0,6.000,1572864.0,0.000,0,0,1572864,6,1,0,0,0,6,1
3,i32,6,65536,glibc_default_fresh,M_TWIN,2,0,1,130479.00,0.0000,0.0000,88000.0,44000.0,6.000,1572864.0,0.000,0,0,1572864,6,1,0,0,0,6,1
3,i32,6,65536,glibc_default_fresh,M,2,1,1,131444.00,0.0000,0.0000,90000.0,45000.0,6.000,1572864.0,0.000,0,0,1572864,6,1,0,0,0,6,1
3,i32,6,65536,glibc_default_fresh,R,2,2,1,124925.00,0.0000,0.0000,84000.0,42000.0,6.000,1572864.0,0.000,0,0,1572864,6,0,6,1,0,6,1
3,i32,6,65536,glibc_default_fresh,M,3,0,1,157469.00,0.0000,0.0000,159000.0,0.0,6.000,1572864.0,0.000,0,0,1572864,6,1,0,0,0,6,1
3,i32,6,65536,glibc_default_fresh,R,3,1,1,143412.00,0.0000,0.0000,145000.0,0.0,6.000,1572864.0,0.000,0,0,1572864,6,0,6,1,0,6,1
3,i32,6,65536,glibc_default_fresh,M_TWIN,3,2,1,129905.00,0.0000,0.0000,132000.0,0.0,6.000,1572864.0,0.000,0,0,1572864,6,1,0,0,0,6,1
3,i32,6,65536,glibc_default_fresh,R,4,0,1,124557.00,0.0000,0.0000,126000.0,0.0,6.000,1572864.0,0.000,0,0,1572864,6,0,6,1,0,6,1
3,i32,6,65536,glibc_default_fresh,M_TWIN,4,1,1,160065.00,0.0000,0.0000,162000.0,0.0,6.000,1572864.0,0.000,0,0,1572864,6,1,0,0,0,6,1
3,i32,6,65536,glibc_default_fresh,M,4,2,1,156333.00,0.0000,0.0000,158000.0,0.0,6.000,1572864.0,0.000,0,0,1572864,6,1,0,0,0,6,1
3,i32,6,65536,glibc_default_fresh,M_TWIN,5,0,1,143996.00,0.0000,0.0000,147000.0,0.0,6.000,1572864.0,0.000,0,0,1572864,6,1,0,0,0,6,1
3,i32,6,65536,glibc_default_fresh,M,5,1,1,129801.00,0.0000,0.0000,131000.0,0.0,6.000,1572864.0,0.000,0,0,1572864,6,1,0,0,0,6,1
3,i32,6,65536,glibc_default_fresh,R,5,2,1,141206.00,0.0000,0.0000,144000.0,0.0,6.000,1572864.0,0.000,0,0,1572864,6,0,6,1,0,6,1
3,i32,6,65536,glibc_default_fresh,M,6,0,1,129831.00,0.0000,0.0000,132000.0,0.0,6.000,1572864.0,0.000,0,0,1572864,6,1,0,0,0,6,1
3,i32,6,65536,glibc_default_fresh,R,6,1,1,124930.00,0.0000,0.0000,127000.0,0.0,6.000,1572864.0,0.000,0,0,1572864,6,0,6,1,0,6,1
3,i32,6,65536,glibc_default_fresh,M_TWIN,6,2,1,139529.00,0.0000,0.0000,141000.0,0.0,6.000,1572864.0,0.000,0,0,1572864,6,1,0,0,0,6,1
3,i32,6,65536,glibc_default_fresh,R,7,0,1,124442.00,0.0000,0.0000,126000.0,0.0,6.000,1572864.0,0.000,0,0,1572864,6,0,6,1,0,6,1
3,i32,6,65536,glibc_default_fresh,M_TWIN,7,1,1,130444.00,0.0000,0.0000,131000.0,0.0,6.000,1572864.0,0.000,0,0,1572864,6,1,0,0,0,6,1
3,i32,6,65536,glibc_default_fresh,M,7,2,1,136404.00,0.0000,0.0000,139000.0,0.0,6.000,1572864.0,0.000,0,0,1572864,6,1,0,0,0,6,1
3,i32,6,65536,glibc_default_fresh,M_TWIN,8,0,1,130062.00,0.0000,0.0000,132000.0,0.0,6.000,1572864.0,0.000,0,0,1572864,6,1,0,0,0,6,1
3,i32,6,65536,glibc_default_fresh,M,8,1,1,135466.00,0.0000,0.0000,137000.0,0.0,6.000,1572864.0,0.000,0,0,1572864,6,1,0,0,0,6,1
3,i32,6,65536,glibc_default_fresh,R,8,2,1,126119.00,0.0000,0.0000,129000.0,0.0,6.000,1572864.0,0.000,0,0,1572864,6,0,6,1,0,6,1
3,i32,6,65536,glibc_default_fresh,M,9,0,1,163623.00,0.0000,0.0000,167000.0,0.0,6.000,1572864.0,0.000,0,0,1572864,6,1,0,0,0,6,1
3,i32,6,65536,glibc_default_fresh,R,9,1,1,124601.00,0.0000,0.0000,127000.0,0.0,6.000,1572864.0,0.000,0,0,1572864,6,0,6,1,0,6,1
3,i32,6,65536,glibc_default_fresh,M_TWIN,9,2,1,130486.00,0.0000,0.0000,132000.0,0.0,6.000,1572864.0,0.000,0,0,1572864,6,1,0,0,0,6,1
3,i32,6,65536,glibc_default_fresh,R,10,0,1,125609.00,0.0000,0.0000,127000.0,0.0,6.000,1572864.0,0.000,0,0,1572864,6,0,6,1,0,6,1
3,i32,6,65536,glibc_default_fresh,M_TWIN,10,1,1,129547.00,0.0000,0.0000,130000.0,0.0,6.000,1572864.0,0.000,0,0,1572864,6,1,0,0,0,6,1
3,i32,6,65536,glibc_default_fresh,M,10,2,1,148044.00,0.0000,0.0000,149000.0,0.0,6.000,1572864.0,0.000,0,0,1572864,6,1,0,0,0,6,1
3,i32,6,65536,glibc_default_fresh,M_TWIN,11,0,1,131887.00,0.0000,0.0000,133000.0,0.0,6.000,1572864.0,0.000,0,0,1572864,6,1,0,0,0,6,1
3,i32,6,65536,glibc_default_fresh,M,11,1,1,132192.00,0.0000,0.0000,133000.0,0.0,6.000,1572864.0,0.000,0,0,1572864,6,1,0,0,0,6,1
3,i32,6,65536,glibc_default_fresh,R,11,2,1,131551.00,0.0000,0.0000,133000.0,0.0,6.000,1572864.0,0.000,0,0,1572864,6,0,6,1,0,6,1
3,i32,6,65536,glibc_default_fresh,M,12,0,1,135631.00,0.0000,0.0000,138000.0,0.0,6.000,1572864.0,0.000,0,0,1572864,6,1,0,0,0,6,1
3,i32,6,65536,glibc_default_fresh,R,12,1,1,148854.00,0.0000,0.0000,150000.0,0.0,6.000,1572864.0,0.000,0,0,1572864,6,0,6,1,0,6,1
3,i32,6,65536,glibc_default_fresh,M_TWIN,12,2,1,130619.00,0.0000,0.0000,132000.0,0.0,6.000,1572864.0,0.000,0,0,1572864,6,1,0,0,0,6,1
3,i32,6,65536,glibc_default_fresh,R,13,0,1,126175.00,0.0000,0.0000,128000.0,0.0,6.000,1572864.0,0.000,0,0,1572864,6,0,6,1,0,6,1
3,i32,6,65536,glibc_default_fresh,M_TWIN,13,1,1,135487.00,0.0000,0.0000,137000.0,0.0,6.000,1572864.0,0.000,0,0,1572864,6,1,0,0,0,6,1
3,i32,6,65536,glibc_default_fresh,M,13,2,1,129941.00,0.0000,0.0000,131000.0,0.0,6.000,1572864.0,0.000,0,0,1572864,6,1,0,0,0,6,1
3,i32,6,65536,glibc_default_fresh,M_TWIN,14,0,1,129712.00,0.0000,0.0000,131000.0,0.0,6.000,1572864.0,0.000,0,0,1572864,6,1,0,0,0,6,1
3,i32,6,65536,glibc_default_fresh,M,14,1,1,131367.00,0.0000,0.0000,132000.0,0.0,6.000,1572864.0,0.000,0,0,1572864,6,1,0,0,0,6,1
3,i32,6,65536,glibc_default_fresh,R,14,2,1,124951.00,0.0000,0.0000,126000.0,0.0,6.000,1572864.0,0.000,0,0,1572864,6,0,6,1,0,6,1
3,i32,6,262144,glibc_default_fresh,M,0,0,1,799618.00,2.0000,0.0000,455000.0,364000.0,6.000,6291456.0,0.000,0,0,6291456,6,1,0,0,0,6,1
3,i32,6,262144,glibc_default_fresh,R,0,1,1,918636.00,0.0000,0.0000,950000.0,0.0,6.000,6291456.0,0.000,0,0,6291456,6,0,6,1,0,6,1
3,i32,6,262144,glibc_default_fresh,M_TWIN,0,2,1,739412.00,0.0000,0.0000,566000.0,176000.0,6.000,6291456.0,0.000,0,0,6291456,6,1,0,0,0,6,1
3,i32,6,262144,glibc_default_fresh,R,1,0,1,961242.00,0.0000,0.0000,964000.0,0.0,6.000,6291456.0,0.000,0,0,6291456,6,0,6,1,0,6,1
3,i32,6,262144,glibc_default_fresh,M_TWIN,1,1,1,765187.00,0.0000,0.0000,641000.0,128000.0,6.000,6291456.0,0.000,0,0,6291456,6,1,0,0,0,6,1
3,i32,6,262144,glibc_default_fresh,M,1,2,1,763450.00,0.0000,0.0000,767000.0,0.0,6.000,6291456.0,0.000,0,0,6291456,6,1,0,0,0,6,1
3,i32,6,262144,glibc_default_fresh,M_TWIN,2,0,1,773770.00,0.0000,0.0000,779000.0,0.0,6.000,6291456.0,0.000,0,0,6291456,6,1,0,0,0,6,1
3,i32,6,262144,glibc_default_fresh,M,2,1,1,765744.00,0.0000,0.0000,769000.0,0.0,6.000,6291456.0,0.000,0,0,6291456,6,1,0,0,0,6,1
3,i32,6,262144,glibc_default_fresh,R,2,2,1,961104.00,0.0000,0.0000,964000.0,0.0,6.000,6291456.0,0.000,0,0,6291456,6,0,6,1,0,6,1
3,i32,6,262144,glibc_default_fresh,M,3,0,1,742547.00,0.0000,0.0000,746000.0,0.0,6.000,6291456.0,0.000,0,0,6291456,6,1,0,0,0,6,1
3,i32,6,262144,glibc_default_fresh,R,3,1,1,1013466.00,0.0000,0.0000,1017000.0,0.0,6.000,6291456.0,0.000,0,0,6291456,6,0,6,1,0,6,1
3,i32,6,262144,glibc_default_fresh,M_TWIN,3,2,1,794879.00,0.0000,0.0000,798000.0,0.0,6.000,6291456.0,0.000,0,0,6291456,6,1,0,0,0,6,1
3,i32,6,262144,glibc_default_fresh,R,4,0,1,931575.00,0.0000,0.0000,934000.0,0.0,6.000,6291456.0,0.000,0,0,6291456,6,0,6,1,0,6,1
3,i32,6,262144,glibc_default_fresh,M_TWIN,4,1,1,807603.00,0.0000,0.0000,812000.0,0.0,6.000,6291456.0,0.000,0,0,6291456,6,1,0,0,0,6,1
3,i32,6,262144,glibc_default_fresh,M,4,2,1,781281.00,0.0000,0.0000,785000.0,0.0,6.000,6291456.0,0.000,0,0,6291456,6,1,0,0,0,6,1
3,i32,6,262144,glibc_default_fresh,M_TWIN,5,0,1,746761.00,0.0000,0.0000,751000.0,0.0,6.000,6291456.0,0.000,0,0,6291456,6,1,0,0,0,6,1
3,i32,6,262144,glibc_default_fresh,M,5,1,1,766648.00,0.0000,0.0000,770000.0,0.0,6.000,6291456.0,0.000,0,0,6291456,6,1,0,0,0,6,1
3,i32,6,262144,glibc_default_fresh,R,5,2,1,961445.00,0.0000,0.0000,965000.0,0.0,6.000,6291456.0,0.000,0,0,6291456,6,0,6,1,0,6,1
3,i32,6,262144,glibc_default_fresh,M,6,0,1,764421.00,0.0000,0.0000,768000.0,0.0,6.000,6291456.0,0.000,0,0,6291456,6,1,0,0,0,6,1
3,i32,6,262144,glibc_default_fresh,R,6,1,1,984068.00,0.0000,0.0000,988000.0,0.0,6.000,6291456.0,0.000,0,0,6291456,6,0,6,1,0,6,1
3,i32,6,262144,glibc_default_fresh,M_TWIN,6,2,1,766964.00,0.0000,0.0000,770000.0,0.0,6.000,6291456.0,0.000,0,0,6291456,6,1,0,0,0,6,1
3,i32,6,262144,glibc_default_fresh,R,7,0,1,962802.00,0.0000,0.0000,966000.0,0.0,6.000,6291456.0,0.000,0,0,6291456,6,0,6,1,0,6,1
3,i32,6,262144,glibc_default_fresh,M_TWIN,7,1,1,779009.00,0.0000,0.0000,782000.0,0.0,6.000,6291456.0,0.000,0,0,6291456,6,1,0,0,0,6,1
3,i32,6,262144,glibc_default_fresh,M,7,2,1,791695.00,0.0000,0.0000,795000.0,0.0,6.000,6291456.0,0.000,0,0,6291456,6,1,0,0,0,6,1
3,i32,6,262144,glibc_default_fresh,M_TWIN,8,0,1,795201.00,0.0000,0.0000,799000.0,0.0,6.000,6291456.0,0.000,0,0,6291456,6,1,0,0,0,6,1
3,i32,6,262144,glibc_default_fresh,M,8,1,1,800145.00,0.0000,0.0000,804000.0,0.0,6.000,6291456.0,0.000,0,0,6291456,6,1,0,0,0,6,1
3,i32,6,262144,glibc_default_fresh,R,8,2,1,936966.00,0.0000,0.0000,940000.0,0.0,6.000,6291456.0,0.000,0,0,6291456,6,0,6,1,0,6,1
3,i32,6,262144,glibc_default_fresh,M,9,0,1,779257.00,0.0000,0.0000,783000.0,0.0,6.000,6291456.0,0.000,0,0,6291456,6,1,0,0,0,6,1
3,i32,6,262144,glibc_default_fresh,R,9,1,1,1034581.00,0.0000,0.0000,1039000.0,0.0,6.000,6291456.0,0.000,0,0,6291456,6,0,6,1,0,6,1
3,i32,6,262144,glibc_default_fresh,M_TWIN,9,2,1,769097.00,0.0000,0.0000,773000.0,0.0,6.000,6291456.0,0.000,0,0,6291456,6,1,0,0,0,6,1
3,i32,6,262144,glibc_default_fresh,R,10,0,1,983126.00,0.0000,0.0000,987000.0,0.0,6.000,6291456.0,0.000,0,0,6291456,6,0,6,1,0,6,1
3,i32,6,262144,glibc_default_fresh,M_TWIN,10,1,1,767643.00,0.0000,0.0000,772000.0,0.0,6.000,6291456.0,0.000,0,0,6291456,6,1,0,0,0,6,1
3,i32,6,262144,glibc_default_fresh,M,10,2,1,808010.00,0.0000,0.0000,811000.0,0.0,6.000,6291456.0,0.000,0,0,6291456,6,1,0,0,0,6,1
3,i32,6,262144,glibc_default_fresh,M_TWIN,11,0,1,789362.00,0.0000,0.0000,793000.0,0.0,6.000,6291456.0,0.000,0,0,6291456,6,1,0,0,0,6,1
3,i32,6,262144,glibc_default_fresh,M,11,1,1,803470.00,0.0000,0.0000,807000.0,0.0,6.000,6291456.0,0.000,0,0,6291456,6,1,0,0,0,6,1
3,i32,6,262144,glibc_default_fresh,R,11,2,1,931209.00,0.0000,0.0000,934000.0,0.0,6.000,6291456.0,0.000,0,0,6291456,6,0,6,1,0,6,1
3,i32,6,262144,glibc_default_fresh,M,12,0,1,794642.00,0.0000,0.0000,798000.0,0.0,6.000,6291456.0,0.000,0,0,6291456,6,1,0,0,0,6,1
3,i32,6,262144,glibc_default_fresh,R,12,1,1,930280.00,0.0000,0.0000,935000.0,0.0,6.000,6291456.0,0.000,0,0,6291456,6,0,6,1,0,6,1
3,i32,6,262144,glibc_default_fresh,M_TWIN,12,2,1,784056.00,0.0000,0.0000,787000.0,0.0,6.000,6291456.0,0.000,0,0,6291456,6,1,0,0,0,6,1
3,i32,6,262144,glibc_default_fresh,R,13,0,1,941267.00,0.0000,0.0000,945000.0,0.0,6.000,6291456.0,0.000,0,0,6291456,6,0,6,1,0,6,1
3,i32,6,262144,glibc_default_fresh,M_TWIN,13,1,1,738352.00,0.0000,0.0000,742000.0,0.0,6.000,6291456.0,0.000,0,0,6291456,6,1,0,0,0,6,1
3,i32,6,262144,glibc_default_fresh,M,13,2,1,750140.00,0.0000,0.0000,753000.0,0.0,6.000,6291456.0,0.000,0,0,6291456,6,1,0,0,0,6,1
3,i32,6,262144,glibc_default_fresh,M_TWIN,14,0,1,748822.00,0.0000,0.0000,752000.0,0.0,6.000,6291456.0,0.000,0,0,6291456,6,1,0,0,0,6,1
3,i32,6,262144,glibc_default_fresh,M,14,1,1,800740.00,0.0000,0.0000,804000.0,0.0,6.000,6291456.0,0.000,0,0,6291456,6,1,0,0,0,6,1
3,i32,6,262144,glibc_default_fresh,R,14,2,1,933552.00,0.0000,0.0000,937000.0,0.0,6.000,6291456.0,0.000,0,0,6291456,6,0,6,1,0,6,1
3,i32,6,1048576,glibc_default_fresh,M,0,0,1,3240382.00,2.0000,0.0000,3263000.0,0.0,6.000,25165824.0,0.000,0,0,25165824,6,1,0,0,0,6,1
3,i32,6,1048576,glibc_default_fresh,R,0,1,1,3883913.00,0.0000,0.0000,3887000.0,0.0,6.000,25165824.0,0.000,0,0,25165824,6,0,6,1,0,6,1
3,i32,6,1048576,glibc_default_fresh,M_TWIN,0,2,1,3236867.00,0.0000,0.0000,3240000.0,0.0,6.000,25165824.0,0.000,0,0,25165824,6,1,0,0,0,6,1
3,i32,6,1048576,glibc_default_fresh,R,1,0,1,3911166.00,0.0000,0.0000,3916000.0,0.0,6.000,25165824.0,0.000,0,0,25165824,6,0,6,1,0,6,1
3,i32,6,1048576,glibc_default_fresh,M_TWIN,1,1,1,3258713.00,0.0000,0.0000,3033000.0,229000.0,6.000,25165824.0,0.000,0,0,25165824,6,1,0,0,0,6,1
3,i32,6,1048576,glibc_default_fresh,M,1,2,1,3277499.00,0.0000,0.0000,3282000.0,0.0,6.000,25165824.0,0.000,0,0,25165824,6,1,0,0,0,6,1
3,i32,6,1048576,glibc_default_fresh,M_TWIN,2,0,1,3319730.00,0.0000,0.0000,3323000.0,0.0,6.000,25165824.0,0.000,0,0,25165824,6,1,0,0,0,6,1
3,i32,6,1048576,glibc_default_fresh,M,2,1,1,3258031.00,0.0000,0.0000,3262000.0,0.0,6.000,25165824.0,0.000,0,0,25165824,6,1,0,0,0,6,1
3,i32,6,1048576,glibc_default_fresh,R,2,2,1,3891046.00,0.0000,0.0000,3895000.0,0.0,6.000,25165824.0,0.000,0,0,25165824,6,0,6,1,0,6,1
3,i32,6,1048576,glibc_default_fresh,M,3,0,1,3190700.00,0.0000,0.0000,3106000.0,87000.0,6.000,25165824.0,0.000,0,0,25165824,6,1,0,0,0,6,1
3,i32,6,1048576,glibc_default_fresh,R,3,1,1,3896319.00,0.0000,0.0000,3900000.0,0.0,6.000,25165824.0,0.000,0,0,25165824,6,0,6,1,0,6,1
3,i32,6,1048576,glibc_default_fresh,M_TWIN,3,2,1,3215720.00,0.0000,0.0000,3219000.0,0.0,6.000,25165824.0,0.000,0,0,25165824,6,1,0,0,0,6,1
3,i32,6,1048576,glibc_default_fresh,R,4,0,1,3823634.00,0.0000,0.0000,3827000.0,0.0,6.000,25165824.0,0.000,0,0,25165824,6,0,6,1,0,6,1
3,i32,6,1048576,glibc_default_fresh,M_TWIN,4,1,1,3245929.00,0.0000,0.0000,3248000.0,0.0,6.000,25165824.0,0.000,0,0,25165824,6,1,0,0,0,6,1
3,i32,6,1048576,glibc_default_fresh,M,4,2,1,3241615.00,0.0000,0.0000,3245000.0,0.0,6.000,25165824.0,0.000,0,0,25165824,6,1,0,0,0,6,1
3,i32,6,1048576,glibc_default_fresh,M_TWIN,5,0,1,3236507.00,0.0000,0.0000,3240000.0,0.0,6.000,25165824.0,0.000,0,0,25165824,6,1,0,0,0,6,1
3,i32,6,1048576,glibc_default_fresh,M,5,1,1,3241917.00,0.0000,0.0000,3245000.0,0.0,6.000,25165824.0,0.000,0,0,25165824,6,1,0,0,0,6,1
3,i32,6,1048576,glibc_default_fresh,R,5,2,1,3800775.00,0.0000,0.0000,3804000.0,0.0,6.000,25165824.0,0.000,0,0,25165824,6,0,6,1,0,6,1
3,i32,6,1048576,glibc_default_fresh,M,6,0,1,3256542.00,0.0000,0.0000,3260000.0,0.0,6.000,25165824.0,0.000,0,0,25165824,6,1,0,0,0,6,1
3,i32,6,1048576,glibc_default_fresh,R,6,1,1,3871620.00,0.0000,0.0000,3876000.0,0.0,6.000,25165824.0,0.000,0,0,25165824,6,0,6,1,0,6,1
3,i32,6,1048576,glibc_default_fresh,M_TWIN,6,2,1,3313730.00,0.0000,0.0000,3317000.0,0.0,6.000,25165824.0,0.000,0,0,25165824,6,1,0,0,0,6,1
3,i32,6,1048576,glibc_default_fresh,R,7,0,1,3870172.00,0.0000,0.0000,3874000.0,0.0,6.000,25165824.0,0.000,0,0,25165824,6,0,6,1,0,6,1
3,i32,6,1048576,glibc_default_fresh,M_TWIN,7,1,1,3410213.00,0.0000,0.0000,3413000.0,0.0,6.000,25165824.0,0.000,0,0,25165824,6,1,0,0,0,6,1
3,i32,6,1048576,glibc_default_fresh,M,7,2,1,3238161.00,0.0000,0.0000,3242000.0,0.0,6.000,25165824.0,0.000,0,0,25165824,6,1,0,0,0,6,1
3,i32,6,1048576,glibc_default_fresh,M_TWIN,8,0,1,3305300.00,0.0000,0.0000,3308000.0,0.0,6.000,25165824.0,0.000,0,0,25165824,6,1,0,0,0,6,1
3,i32,6,1048576,glibc_default_fresh,M,8,1,1,3267986.00,0.0000,0.0000,3272000.0,0.0,6.000,25165824.0,0.000,0,0,25165824,6,1,0,0,0,6,1
3,i32,6,1048576,glibc_default_fresh,R,8,2,1,3825344.00,0.0000,0.0000,3830000.0,0.0,6.000,25165824.0,0.000,0,0,25165824,6,0,6,1,0,6,1
3,i32,6,1048576,glibc_default_fresh,M,9,0,1,3299769.00,0.0000,0.0000,3303000.0,0.0,6.000,25165824.0,0.000,0,0,25165824,6,1,0,0,0,6,1
3,i32,6,1048576,glibc_default_fresh,R,9,1,1,3925615.00,0.0000,0.0000,3929000.0,0.0,6.000,25165824.0,0.000,0,0,25165824,6,0,6,1,0,6,1
3,i32,6,1048576,glibc_default_fresh,M_TWIN,9,2,1,3357386.00,0.0000,0.0000,3361000.0,0.0,6.000,25165824.0,0.000,0,0,25165824,6,1,0,0,0,6,1
3,i32,6,1048576,glibc_default_fresh,R,10,0,1,3878078.00,0.0000,0.0000,3882000.0,0.0,6.000,25165824.0,0.000,0,0,25165824,6,0,6,1,0,6,1
3,i32,6,1048576,glibc_default_fresh,M_TWIN,10,1,1,3425435.00,0.0000,0.0000,3429000.0,0.0,6.000,25165824.0,0.000,0,0,25165824,6,1,0,0,0,6,1
3,i32,6,1048576,glibc_default_fresh,M,10,2,1,3356383.00,0.0000,0.0000,3361000.0,0.0,6.000,25165824.0,0.000,0,0,25165824,6,1,0,0,0,6,1
3,i32,6,1048576,glibc_default_fresh,M_TWIN,11,0,1,3261510.00,0.0000,0.0000,3264000.0,0.0,6.000,25165824.0,0.000,0,0,25165824,6,1,0,0,0,6,1
3,i32,6,1048576,glibc_default_fresh,M,11,1,1,3227245.00,0.0000,0.0000,3230000.0,0.0,6.000,25165824.0,0.000,0,0,25165824,6,1,0,0,0,6,1
3,i32,6,1048576,glibc_default_fresh,R,11,2,1,3856060.00,0.0000,0.0000,3862000.0,0.0,6.000,25165824.0,0.000,0,0,25165824,6,0,6,1,0,6,1
3,i32,6,1048576,glibc_default_fresh,M,12,0,1,3213270.00,0.0000,0.0000,3217000.0,0.0,6.000,25165824.0,0.000,0,0,25165824,6,1,0,0,0,6,1
3,i32,6,1048576,glibc_default_fresh,R,12,1,1,3861338.00,0.0000,0.0000,3780000.0,0.0,6.000,25165824.0,0.000,0,0,25165824,6,0,6,1,0,6,1
3,i32,6,1048576,glibc_default_fresh,M_TWIN,12,2,1,3229490.00,0.0000,0.0000,3233000.0,0.0,6.000,25165824.0,0.000,0,0,25165824,6,1,0,0,0,6,1
3,i32,6,1048576,glibc_default_fresh,R,13,0,1,3843435.00,0.0000,0.0000,3847000.0,0.0,6.000,25165824.0,0.000,0,0,25165824,6,0,6,1,0,6,1
3,i32,6,1048576,glibc_default_fresh,M_TWIN,13,1,1,3251150.00,0.0000,0.0000,3254000.0,0.0,6.000,25165824.0,0.000,0,0,25165824,6,1,0,0,0,6,1
3,i32,6,1048576,glibc_default_fresh,M,13,2,1,3178996.00,0.0000,0.0000,3182000.0,0.0,6.000,25165824.0,0.000,0,0,25165824,6,1,0,0,0,6,1
3,i32,6,1048576,glibc_default_fresh,M_TWIN,14,0,1,3268452.00,0.0000,0.0000,3272000.0,0.0,6.000,25165824.0,0.000,0,0,25165824,6,1,0,0,0,6,1
3,i32,6,1048576,glibc_default_fresh,M,14,1,1,3266344.00,0.0000,0.0000,3270000.0,0.0,6.000,25165824.0,0.000,0,0,25165824,6,1,0,0,0,6,1
3,i32,6,1048576,glibc_default_fresh,R,14,2,1,3790635.00,0.0000,0.0000,3794000.0,0.0,6.000,25165824.0,0.000,0,0,25165824,6,0,6,1,0,6,1
3,i32,6,4194304,glibc_default_fresh,M,0,0,1,22049610.00,2.0000,0.0000,21439000.0,639000.0,6.000,100663296.0,0.000,0,0,100663296,6,1,0,0,0,6,1
3,i32,6,4194304,glibc_default_fresh,R,0,1,1,21745419.00,0.0000,0.0000,21750000.0,0.0,6.000,100663296.0,0.000,0,0,100663296,6,0,6,1,0,6,1
3,i32,6,4194304,glibc_default_fresh,M_TWIN,0,2,1,21343207.00,0.0000,0.0000,21349000.0,0.0,6.000,100663296.0,0.000,0,0,100663296,6,1,0,0,0,6,1
3,i32,6,4194304,glibc_default_fresh,R,1,0,1,21516996.00,0.0000,0.0000,21523000.0,0.0,6.000,100663296.0,0.000,0,0,100663296,6,0,6,1,0,6,1
3,i32,6,4194304,glibc_default_fresh,M_TWIN,1,1,1,21391320.00,0.0000,0.0000,21397000.0,0.0,6.000,100663296.0,0.000,0,0,100663296,6,1,0,0,0,6,1
3,i32,6,4194304,glibc_default_fresh,M,1,2,1,21510892.00,0.0000,0.0000,21517000.0,0.0,6.000,100663296.0,0.000,0,0,100663296,6,1,0,0,0,6,1
3,i32,6,4194304,glibc_default_fresh,M_TWIN,2,0,1,21673114.00,0.0000,0.0000,21679000.0,0.0,6.000,100663296.0,0.000,0,0,100663296,6,1,0,0,0,6,1
3,i32,6,4194304,glibc_default_fresh,M,2,1,1,21475094.00,0.0000,0.0000,21482000.0,0.0,6.000,100663296.0,0.000,0,0,100663296,6,1,0,0,0,6,1
3,i32,6,4194304,glibc_default_fresh,R,2,2,1,21794493.00,0.0000,0.0000,21800000.0,0.0,6.000,100663296.0,0.000,0,0,100663296,6,0,6,1,0,6,1
3,i32,6,4194304,glibc_default_fresh,M,3,0,1,21654632.00,0.0000,0.0000,21660000.0,0.0,6.000,100663296.0,0.000,0,0,100663296,6,1,0,0,0,6,1
3,i32,6,4194304,glibc_default_fresh,R,3,1,1,21430935.00,0.0000,0.0000,21437000.0,0.0,6.000,100663296.0,0.000,0,0,100663296,6,0,6,1,0,6,1
3,i32,6,4194304,glibc_default_fresh,M_TWIN,3,2,1,21561429.00,0.0000,0.0000,21566000.0,0.0,6.000,100663296.0,0.000,0,0,100663296,6,1,0,0,0,6,1
3,i32,6,4194304,glibc_default_fresh,R,4,0,1,21388164.00,0.0000,0.0000,21359000.0,0.0,6.000,100663296.0,0.000,0,0,100663296,6,0,6,1,0,6,1
3,i32,6,4194304,glibc_default_fresh,M_TWIN,4,1,1,21806064.00,0.0000,0.0000,21812000.0,0.0,6.000,100663296.0,0.000,0,0,100663296,6,1,0,0,0,6,1
3,i32,6,4194304,glibc_default_fresh,M,4,2,1,21980134.00,0.0000,0.0000,21985000.0,0.0,6.000,100663296.0,0.000,0,0,100663296,6,1,0,0,0,6,1
3,i32,6,4194304,glibc_default_fresh,M_TWIN,5,0,1,21856766.00,0.0000,0.0000,21862000.0,0.0,6.000,100663296.0,0.000,0,0,100663296,6,1,0,0,0,6,1
3,i32,6,4194304,glibc_default_fresh,M,5,1,1,21749056.00,0.0000,0.0000,21754000.0,0.0,6.000,100663296.0,0.000,0,0,100663296,6,1,0,0,0,6,1
3,i32,6,4194304,glibc_default_fresh,R,5,2,1,21680505.00,0.0000,0.0000,21686000.0,0.0,6.000,100663296.0,0.000,0,0,100663296,6,0,6,1,0,6,1
3,i32,6,4194304,glibc_default_fresh,M,6,0,1,21568778.00,0.0000,0.0000,21574000.0,0.0,6.000,100663296.0,0.000,0,0,100663296,6,1,0,0,0,6,1
3,i32,6,4194304,glibc_default_fresh,R,6,1,1,21252474.00,0.0000,0.0000,21259000.0,0.0,6.000,100663296.0,0.000,0,0,100663296,6,0,6,1,0,6,1
3,i32,6,4194304,glibc_default_fresh,M_TWIN,6,2,1,21109757.00,0.0000,0.0000,21116000.0,0.0,6.000,100663296.0,0.000,0,0,100663296,6,1,0,0,0,6,1
3,i32,6,4194304,glibc_default_fresh,R,7,0,1,21525305.00,0.0000,0.0000,21530000.0,0.0,6.000,100663296.0,0.000,0,0,100663296,6,0,6,1,0,6,1
3,i32,6,4194304,glibc_default_fresh,M_TWIN,7,1,1,20986834.00,0.0000,0.0000,20931000.0,0.0,6.000,100663296.0,0.000,0,0,100663296,6,1,0,0,0,6,1
3,i32,6,4194304,glibc_default_fresh,M,7,2,1,21304909.00,0.0000,0.0000,21309000.0,0.0,6.000,100663296.0,0.000,0,0,100663296,6,1,0,0,0,6,1
3,i32,6,4194304,glibc_default_fresh,M_TWIN,8,0,1,21558318.00,0.0000,0.0000,21564000.0,0.0,6.000,100663296.0,0.000,0,0,100663296,6,1,0,0,0,6,1
3,i32,6,4194304,glibc_default_fresh,M,8,1,1,21640740.00,0.0000,0.0000,21646000.0,0.0,6.000,100663296.0,0.000,0,0,100663296,6,1,0,0,0,6,1
3,i32,6,4194304,glibc_default_fresh,R,8,2,1,21482025.00,0.0000,0.0000,21489000.0,0.0,6.000,100663296.0,0.000,0,0,100663296,6,0,6,1,0,6,1
3,i32,6,4194304,glibc_default_fresh,M,9,0,1,21605365.00,0.0000,0.0000,21611000.0,0.0,6.000,100663296.0,0.000,0,0,100663296,6,1,0,0,0,6,1
3,i32,6,4194304,glibc_default_fresh,R,9,1,1,21649993.00,0.0000,0.0000,21644000.0,0.0,6.000,100663296.0,0.000,0,0,100663296,6,0,6,1,0,6,1
3,i32,6,4194304,glibc_default_fresh,M_TWIN,9,2,1,20731318.00,0.0000,0.0000,20735000.0,0.0,6.000,100663296.0,0.000,0,0,100663296,6,1,0,0,0,6,1
3,i32,6,4194304,glibc_default_fresh,R,10,0,1,21401081.00,0.0000,0.0000,21406000.0,0.0,6.000,100663296.0,0.000,0,0,100663296,6,0,6,1,0,6,1
3,i32,6,4194304,glibc_default_fresh,M_TWIN,10,1,1,20818456.00,0.0000,0.0000,20824000.0,0.0,6.000,100663296.0,0.000,0,0,100663296,6,1,0,0,0,6,1
3,i32,6,4194304,glibc_default_fresh,M,10,2,1,21512049.00,0.0000,0.0000,21517000.0,0.0,6.000,100663296.0,0.000,0,0,100663296,6,1,0,0,0,6,1
3,i32,6,4194304,glibc_default_fresh,M_TWIN,11,0,1,21348754.00,0.0000,0.0000,21354000.0,0.0,6.000,100663296.0,0.000,0,0,100663296,6,1,0,0,0,6,1
3,i32,6,4194304,glibc_default_fresh,M,11,1,1,21080419.00,0.0000,0.0000,21085000.0,0.0,6.000,100663296.0,0.000,0,0,100663296,6,1,0,0,0,6,1
3,i32,6,4194304,glibc_default_fresh,R,11,2,1,21924279.00,0.0000,0.0000,21930000.0,0.0,6.000,100663296.0,0.000,0,0,100663296,6,0,6,1,0,6,1
3,i32,6,4194304,glibc_default_fresh,M,12,0,1,21180011.00,0.0000,0.0000,21184000.0,0.0,6.000,100663296.0,0.000,0,0,100663296,6,1,0,0,0,6,1
3,i32,6,4194304,glibc_default_fresh,R,12,1,1,21562116.00,0.0000,0.0000,21509000.0,0.0,6.000,100663296.0,0.000,0,0,100663296,6,0,6,1,0,6,1
3,i32,6,4194304,glibc_default_fresh,M_TWIN,12,2,1,21029105.00,0.0000,0.0000,21033000.0,0.0,6.000,100663296.0,0.000,0,0,100663296,6,1,0,0,0,6,1
3,i32,6,4194304,glibc_default_fresh,R,13,0,1,20831600.00,0.0000,0.0000,20836000.0,0.0,6.000,100663296.0,0.000,0,0,100663296,6,0,6,1,0,6,1
3,i32,6,4194304,glibc_default_fresh,M_TWIN,13,1,1,20908294.00,0.0000,0.0000,20913000.0,0.0,6.000,100663296.0,0.000,0,0,100663296,6,1,0,0,0,6,1
3,i32,6,4194304,glibc_default_fresh,M,13,2,1,20822103.00,0.0000,0.0000,20828000.0,0.0,6.000,100663296.0,0.000,0,0,100663296,6,1,0,0,0,6,1
3,i32,6,4194304,glibc_default_fresh,M_TWIN,14,0,1,21594430.00,0.0000,0.0000,21601000.0,0.0,6.000,100663296.0,0.000,0,0,100663296,6,1,0,0,0,6,1
3,i32,6,4194304,glibc_default_fresh,M,14,1,1,21962952.00,0.0000,0.0000,21434000.0,0.0,6.000,100663296.0,0.000,0,0,100663296,6,1,0,0,0,6,1
3,i32,6,4194304,glibc_default_fresh,R,14,2,1,21312084.00,0.0000,0.0000,21317000.0,0.0,6.000,100663296.0,0.000,0,0,100663296,6,0,6,1,0,6,1
3,i32,6,16777216,glibc_default_fresh,M,0,0,1,224426628.00,98312.0000,0.0000,84108000.0,140257000.0,6.000,402653184.0,0.000,0,0,402653184,6,1,0,0,0,6,1
3,i32,6,16777216,glibc_default_fresh,R,0,1,1,243397596.00,98310.0000,0.0000,115760000.0,127591000.0,6.000,402653184.0,0.000,0,0,402653184,6,0,6,1,0,6,1
3,i32,6,16777216,glibc_default_fresh,M_TWIN,0,2,1,751061102.00,98310.0000,0.0000,72816000.0,677501000.0,6.000,402653184.0,0.000,0,0,402653184,6,1,0,0,0,6,1
3,i32,6,16777216,glibc_default_fresh,R,1,0,1,246584004.00,98310.0000,0.0000,83543000.0,162971000.0,6.000,402653184.0,0.000,0,0,402653184,6,0,6,1,0,6,1
3,i32,6,16777216,glibc_default_fresh,M_TWIN,1,1,1,224389027.00,98310.0000,0.0000,80099000.0,144264000.0,6.000,402653184.0,0.000,0,0,402653184,6,1,0,0,0,6,1
3,i32,6,16777216,glibc_default_fresh,M,1,2,1,231448076.00,98310.0000,0.0000,87816000.0,143514000.0,6.000,402653184.0,0.000,0,0,402653184,6,1,0,0,0,6,1
3,i32,6,16777216,glibc_default_fresh,M_TWIN,2,0,1,767670836.00,98310.0000,0.0000,103704000.0,663150000.0,6.000,402653184.0,0.000,0,0,402653184,6,1,0,0,0,6,1
3,i32,6,16777216,glibc_default_fresh,M,2,1,1,228606385.00,98310.0000,0.0000,120184000.0,108348000.0,6.000,402653184.0,0.000,0,0,402653184,6,1,0,0,0,6,1
3,i32,6,16777216,glibc_default_fresh,R,2,2,1,246646757.00,98310.0000,0.0000,79455000.0,167064000.0,6.000,402653184.0,0.000,0,0,402653184,6,0,6,1,0,6,1
3,i32,6,16777216,glibc_default_fresh,M,3,0,1,741226732.00,98310.0000,0.0000,70917000.0,669456000.0,6.000,402653184.0,0.000,0,0,402653184,6,1,0,0,0,6,1
3,i32,6,16777216,glibc_default_fresh,R,3,1,1,242729200.00,98310.0000,0.0000,71585000.0,171102000.0,6.000,402653184.0,0.000,0,0,402653184,6,0,6,1,0,6,1
3,i32,6,16777216,glibc_default_fresh,M_TWIN,3,2,1,226726226.00,98310.0000,0.0000,63575000.0,163087000.0,6.000,402653184.0,0.000,0,0,402653184,6,1,0,0,0,6,1
3,i32,6,16777216,glibc_default_fresh,R,4,0,1,251937594.00,98310.0000,0.0000,83968000.0,167894000.0,6.000,402653184.0,0.000,0,0,402653184,6,0,6,1,0,6,1
3,i32,6,16777216,glibc_default_fresh,M_TWIN,4,1,1,221760319.00,98310.0000,0.0000,88546000.0,133192000.0,6.000,402653184.0,0.000,0,0,402653184,6,1,0,0,0,6,1
3,i32,6,16777216,glibc_default_fresh,M,4,2,1,221487988.00,98310.0000,0.0000,100420000.0,121006000.0,6.000,402653184.0,0.000,0,0,402653184,6,1,0,0,0,6,1
3,i32,6,16777216,glibc_default_fresh,M_TWIN,5,0,1,221243993.00,98310.0000,0.0000,84413000.0,136806000.0,6.000,402653184.0,0.000,0,0,402653184,6,1,0,0,0,6,1
3,i32,6,16777216,glibc_default_fresh,M,5,1,1,233924248.00,98310.0000,0.0000,51311000.0,182594000.0,6.000,402653184.0,0.000,0,0,402653184,6,1,0,0,0,6,1
3,i32,6,16777216,glibc_default_fresh,R,5,2,1,260278630.00,98310.0000,0.0000,96084000.0,164069000.0,6.000,402653184.0,0.000,0,0,402653184,6,0,6,1,0,6,1
3,i32,6,16777216,glibc_default_fresh,M,6,0,1,235468151.00,98310.0000,0.0000,107784000.0,127616000.0,6.000,402653184.0,0.000,0,0,402653184,6,1,0,0,0,6,1
3,i32,6,16777216,glibc_default_fresh,R,6,1,1,247921448.00,98310.0000,0.0000,111844000.0,135956000.0,6.000,402653184.0,0.000,0,0,402653184,6,0,6,1,0,6,1
3,i32,6,16777216,glibc_default_fresh,M_TWIN,6,2,1,240050677.00,98310.0000,0.0000,92009000.0,148040000.0,6.000,402653184.0,0.000,0,0,402653184,6,1,0,0,0,6,1
3,i32,6,16777216,glibc_default_fresh,R,7,0,1,245379503.00,98310.0000,0.0000,111115000.0,134230000.0,6.000,402653184.0,0.000,0,0,402653184,6,0,6,1,0,6,1
3,i32,6,16777216,glibc_default_fresh,M_TWIN,7,1,1,497207411.00,98310.0000,0.0000,68223000.0,428450000.0,6.000,402653184.0,0.000,0,0,402653184,6,1,0,0,0,6,1
3,i32,6,16777216,glibc_default_fresh,M,7,2,1,219860858.00,98310.0000,0.0000,75910000.0,143863000.0,6.000,402653184.0,0.000,0,0,402653184,6,1,0,0,0,6,1
3,i32,6,16777216,glibc_default_fresh,M_TWIN,8,0,1,227904949.00,98310.0000,0.0000,87970000.0,139943000.0,6.000,402653184.0,0.000,0,0,402653184,6,1,0,0,0,6,1
3,i32,6,16777216,glibc_default_fresh,M,8,1,1,220596128.00,98310.0000,0.0000,48148000.0,172336000.0,6.000,402653184.0,0.000,0,0,402653184,6,1,0,0,0,6,1
3,i32,6,16777216,glibc_default_fresh,R,8,2,1,713449939.00,98310.0000,0.0000,134954000.0,577770000.0,6.000,402653184.0,0.000,0,0,402653184,6,0,6,1,0,6,1
3,i32,6,16777216,glibc_default_fresh,M,9,0,1,228921479.00,98310.0000,0.0000,92249000.0,136424000.0,6.000,402653184.0,0.000,0,0,402653184,6,1,0,0,0,6,1
3,i32,6,16777216,glibc_default_fresh,R,9,1,1,247746271.00,98310.0000,0.0000,95903000.0,151838000.0,6.000,402653184.0,0.000,0,0,402653184,6,0,6,1,0,6,1
3,i32,6,16777216,glibc_default_fresh,M_TWIN,9,2,1,223836388.00,98310.0000,0.0000,99940000.0,123878000.0,6.000,402653184.0,0.000,0,0,402653184,6,1,0,0,0,6,1
3,i32,6,16777216,glibc_default_fresh,R,10,0,1,980685909.00,98310.0000,0.0000,112040000.0,867858000.0,6.000,402653184.0,0.000,0,0,402653184,6,0,6,1,0,6,1
3,i32,6,16777216,glibc_default_fresh,M_TWIN,10,1,1,225797366.00,98310.0000,0.0000,104596000.0,121179000.0,6.000,402653184.0,0.000,0,0,402653184,6,1,0,0,0,6,1
3,i32,6,16777216,glibc_default_fresh,M,10,2,1,224055061.00,98310.0000,0.0000,88018000.0,136034000.0,6.000,402653184.0,0.000,0,0,402653184,6,1,0,0,0,6,1
3,i32,6,16777216,glibc_default_fresh,M_TWIN,11,0,1,229939363.00,98310.0000,0.0000,80613000.0,149223000.0,6.000,402653184.0,0.000,0,0,402653184,6,1,0,0,0,6,1
3,i32,6,16777216,glibc_default_fresh,M,11,1,1,225224959.00,98310.0000,0.0000,87068000.0,138142000.0,6.000,402653184.0,0.000,0,0,402653184,6,1,0,0,0,6,1
3,i32,6,16777216,glibc_default_fresh,R,11,2,1,247559972.00,98310.0000,0.0000,99840000.0,147683000.0,6.000,402653184.0,0.000,0,0,402653184,6,0,6,1,0,6,1
3,i32,6,16777216,glibc_default_fresh,M,12,0,1,225542587.00,98310.0000,0.0000,84518000.0,141020000.0,6.000,402653184.0,0.000,0,0,402653184,6,1,0,0,0,6,1
3,i32,6,16777216,glibc_default_fresh,R,12,1,1,245553811.00,98310.0000,0.0000,124351000.0,120863000.0,6.000,402653184.0,0.000,0,0,402653184,6,0,6,1,0,6,1
3,i32,6,16777216,glibc_default_fresh,M_TWIN,12,2,1,224674294.00,98310.0000,0.0000,76220000.0,148423000.0,6.000,402653184.0,0.000,0,0,402653184,6,1,0,0,0,6,1
3,i32,6,16777216,glibc_default_fresh,R,13,0,1,948341204.00,98310.0000,0.0000,103934000.0,843756000.0,6.000,402653184.0,0.000,0,0,402653184,6,0,6,1,0,6,1
3,i32,6,16777216,glibc_default_fresh,M_TWIN,13,1,1,218941627.00,98310.0000,0.0000,68989000.0,149939000.0,6.000,402653184.0,0.000,0,0,402653184,6,1,0,0,0,6,1
3,i32,6,16777216,glibc_default_fresh,M,13,2,1,221182063.00,98310.0000,0.0000,67053000.0,154103000.0,6.000,402653184.0,0.000,0,0,402653184,6,1,0,0,0,6,1
3,i32,6,16777216,glibc_default_fresh,M_TWIN,14,0,1,223256998.00,98310.0000,0.0000,85099000.0,138109000.0,6.000,402653184.0,0.000,0,0,402653184,6,1,0,0,0,6,1
3,i32,6,16777216,glibc_default_fresh,M,14,1,1,267495205.00,98310.0000,0.0000,79741000.0,187491000.0,6.000,402653184.0,0.000,0,0,402653184,6,1,0,0,0,6,1
3,i32,6,16777216,glibc_default_fresh,R,14,2,1,273094297.00,98310.0000,0.0000,72374000.0,200716000.0,6.000,402653184.0,0.000,0,0,402653184,6,0,6,1,0,6,1
3,i32,8,64,glibc_default_fresh,M,0,0,1000,1938.28,0.5670,0.0000,1116.0,837.0,9.000,2304.0,0.000,0,0,2304000,8,1,0,0,0,8,1
3,i32,8,64,glibc_default_fresh,R,0,1,1000,2143.07,0.5650,0.0000,1814.0,332.0,9.000,2304.0,0.000,0,0,2304000,8,0,8,1,0,8,1
3,i32,8,64,glibc_default_fresh,M_TWIN,0,2,1000,1958.81,0.5650,0.0000,1920.0,42.0,9.000,2304.0,0.000,0,0,2304000,8,1,0,0,0,8,1
3,i32,8,64,glibc_default_fresh,R,1,0,1000,2152.28,0.5650,0.0000,2154.0,0.0,9.000,2304.0,0.000,0,0,2304000,8,0,8,1,0,8,1
3,i32,8,64,glibc_default_fresh,M_TWIN,1,1,1000,1971.46,0.5650,0.0000,0.0,1975.0,9.000,2304.0,0.000,0,0,2304000,8,1,0,0,0,8,1
3,i32,8,64,glibc_default_fresh,M,1,2,1000,1934.79,0.5650,0.0000,0.0,1937.0,9.000,2304.0,0.000,0,0,2304000,8,1,0,0,0,8,1
3,i32,8,64,glibc_default_fresh,M_TWIN,2,0,1000,1940.16,0.5650,0.0000,1110.0,832.0,9.000,2304.0,0.000,0,0,2304000,8,1,0,0,0,8,1
3,i32,8,64,glibc_default_fresh,M,2,1,1000,1934.77,0.5650,0.0000,1735.0,202.0,9.000,2304.0,0.000,0,0,2304000,8,1,0,0,0,8,1
3,i32,8,64,glibc_default_fresh,R,2,2,1000,2142.39,0.5650,0.0000,2145.0,0.0,9.000,2304.0,0.000,0,0,2304000,8,0,8,1,0,8,1
3,i32,8,64,glibc_default_fresh,M,3,0,1000,1999.72,0.5650,0.0000,2002.0,0.0,9.000,2304.0,0.000,0,0,2304000,8,1,0,0,0,8,1
3,i32,8,64,glibc_default_fresh,R,3,1,1000,2163.76,0.5650,0.0000,2166.0,0.0,9.000,2304.0,0.000,0,0,2304000,8,0,8,1,0,8,1
3,i32,8,64,glibc_default_fresh,M_TWIN,3,2,1000,1909.48,0.5650,0.0000,1911.0,0.0,9.000,2304.0,0.000,0,0,2304000,8,1,0,0,0,8,1
3,i32,8,64,glibc_default_fresh,R,4,0,1000,2207.90,0.5650,0.0000,0.0,2210.0,9.000,2304.0,0.000,0,0,2304000,8,0,8,1,0,8,1
3,i32,8,64,glibc_default_fresh,M_TWIN,4,1,1000,1959.46,0.5650,0.0000,0.0,1961.0,9.000,2304.0,0.000,0,0,2304000,8,1,0,0,0,8,1
3,i32,8,64,glibc_default_fresh,M,4,2,1000,1954.77,0.5650,0.0000,1957.0,0.0,9.000,2304.0,0.000,0,0,2304000,8,1,0,0,0,8,1
3,i32,8,64,glibc_default_fresh,M_TWIN,5,0,1000,1922.78,0.5650,0.0000,1925.0,0.0,9.000,2304.0,0.000,0,0,2304000,8,1,0,0,0,8,1
3,i32,8,64,glibc_default_fresh,M,5,1,1000,1993.88,0.5650,0.0000,1996.0,0.0,9.000,2304.0,0.000,0,0,2304000,8,1,0,0,0,8,1
3,i32,8,64,glibc_default_fresh,R,5,2,1000,2139.41,0.5650,0.0000,2142.0,0.0,9.000,2304.0,0.000,0,0,2304000,8,0,8,1,0,8,1
3,i32,8,64,glibc_default_fresh,M,6,0,1000,1965.56,0.5650,0.0000,1968.0,0.0,9.000,2304.0,0.000,0,0,2304000,8,1,0,0,0,8,1
3,i32,8,64,glibc_default_fresh,R,6,1,1000,2102.94,0.5650,0.0000,2105.0,0.0,9.000,2304.0,0.000,0,0,2304000,8,0,8,1,0,8,1
3,i32,8,64,glibc_default_fresh,M_TWIN,6,2,1000,2028.33,0.5650,0.0000,2031.0,0.0,9.000,2304.0,0.000,0,0,2304000,8,1,0,0,0,8,1
3,i32,8,64,glibc_default_fresh,R,7,0,1000,2151.18,0.5650,0.0000,2153.0,0.0,9.000,2304.0,0.000,0,0,2304000,8,0,8,1,0,8,1
3,i32,8,64,glibc_default_fresh,M_TWIN,7,1,1000,1898.94,0.5650,0.0000,1901.0,0.0,9.000,2304.0,0.000,0,0,2304000,8,1,0,0,0,8,1
3,i32,8,64,glibc_default_fresh,M,7,2,1000,2002.53,0.5650,0.0000,1968.0,0.0,9.000,2304.0,0.000,0,0,2304000,8,1,0,0,0,8,1
3,i32,8,64,glibc_default_fresh,M_TWIN,8,0,1000,1938.67,0.5650,0.0000,1940.0,0.0,9.000,2304.0,0.000,0,0,2304000,8,1,0,0,0,8,1
3,i32,8,64,glibc_default_fresh,M,8,1,1000,1970.22,0.5650,0.0000,1973.0,0.0,9.000,2304.0,0.000,0,0,2304000,8,1,0,0,0,8,1
3,i32,8,64,glibc_default_fresh,R,8,2,1000,2155.96,0.5650,0.0000,2158.0,0.0,9.000,2304.0,0.000,0,0,2304000,8,0,8,1,0,8,1
3,i32,8,64,glibc_default_fresh,M,9,0,1000,1935.72,0.5650,0.0000,1938.0,0.0,9.000,2304.0,0.000,0,0,2304000,8,1,0,0,0,8,1
3,i32,8,64,glibc_default_fresh,R,9,1,1000,2100.34,0.5650,0.0000,2103.0,0.0,9.000,2304.0,0.000,0,0,2304000,8,0,8,1,0,8,1
3,i32,8,64,glibc_default_fresh,M_TWIN,9,2,1000,1927.13,0.5650,0.0000,1929.0,0.0,9.000,2304.0,0.000,0,0,2304000,8,1,0,0,0,8,1
3,i32,8,64,glibc_default_fresh,R,10,0,1000,2159.07,0.5650,0.0000,2161.0,0.0,9.000,2304.0,0.000,0,0,2304000,8,0,8,1,0,8,1
3,i32,8,64,glibc_default_fresh,M_TWIN,10,1,1000,1915.93,0.5650,0.0000,1918.0,0.0,9.000,2304.0,0.000,0,0,2304000,8,1,0,0,0,8,1
3,i32,8,64,glibc_default_fresh,M,10,2,1000,1897.00,0.5650,0.0000,1899.0,0.0,9.000,2304.0,0.000,0,0,2304000,8,1,0,0,0,8,1
3,i32,8,64,glibc_default_fresh,M_TWIN,11,0,1000,1935.52,0.5650,0.0000,1937.0,0.0,9.000,2304.0,0.000,0,0,2304000,8,1,0,0,0,8,1
3,i32,8,64,glibc_default_fresh,M,11,1,1000,1923.54,0.5650,0.0000,1925.0,0.0,9.000,2304.0,0.000,0,0,2304000,8,1,0,0,0,8,1
3,i32,8,64,glibc_default_fresh,R,11,2,1000,2149.02,0.5650,0.0000,0.0,2151.0,9.000,2304.0,0.000,0,0,2304000,8,0,8,1,0,8,1
3,i32,8,64,glibc_default_fresh,M,12,0,1000,1954.72,0.5650,0.0000,1957.0,0.0,9.000,2304.0,0.000,0,0,2304000,8,1,0,0,0,8,1
3,i32,8,64,glibc_default_fresh,R,12,1,1000,2101.07,0.5650,0.0000,2104.0,0.0,9.000,2304.0,0.000,0,0,2304000,8,0,8,1,0,8,1
3,i32,8,64,glibc_default_fresh,M_TWIN,12,2,1000,1951.80,0.5650,0.0000,682.0,1271.0,9.000,2304.0,0.000,0,0,2304000,8,1,0,0,0,8,1
3,i32,8,64,glibc_default_fresh,R,13,0,1000,2125.19,0.5650,0.0000,1952.0,175.0,9.000,2304.0,0.000,0,0,2304000,8,0,8,1,0,8,1
3,i32,8,64,glibc_default_fresh,M_TWIN,13,1,1000,1950.51,0.5650,0.0000,1952.0,0.0,9.000,2304.0,0.000,0,0,2304000,8,1,0,0,0,8,1
3,i32,8,64,glibc_default_fresh,M,13,2,1000,2000.16,0.5650,0.0000,1976.0,0.0,9.000,2304.0,0.000,0,0,2304000,8,1,0,0,0,8,1
3,i32,8,64,glibc_default_fresh,M_TWIN,14,0,1000,1949.96,0.5650,0.0000,0.0,1952.0,9.000,2304.0,0.000,0,0,2304000,8,1,0,0,0,8,1
3,i32,8,64,glibc_default_fresh,M,14,1,1000,1901.74,0.5650,0.0000,0.0,1904.0,9.000,2304.0,0.000,0,0,2304000,8,1,0,0,0,8,1
3,i32,8,64,glibc_default_fresh,R,14,2,1000,2096.53,0.5650,0.0000,1672.0,427.0,9.000,2304.0,0.000,0,0,2304000,8,0,8,1,0,8,1
3,i32,8,1024,glibc_default_fresh,M,0,0,1000,13841.24,8.0110,0.0000,3540.0,10320.0,8.000,32768.0,0.000,0,0,32768000,8,1,0,0,0,8,1
3,i32,8,1024,glibc_default_fresh,R,0,1,1000,14123.71,8.0090,0.0000,7536.0,6590.0,8.000,32768.0,0.000,0,0,32768000,8,0,8,1,0,8,1
3,i32,8,1024,glibc_default_fresh,M_TWIN,0,2,1000,13320.32,8.0090,0.0000,11243.0,2081.0,8.000,32768.0,0.000,0,0,32768000,8,1,0,0,0,8,1
3,i32,8,1024,glibc_default_fresh,R,1,0,1000,17004.98,8.0090,0.0000,4287.0,12721.0,8.000,32768.0,0.000,0,0,32768000,8,0,8,1,0,8,1
3,i32,8,1024,glibc_default_fresh,M_TWIN,1,1,1000,13220.16,8.0090,0.0000,8306.0,4917.0,8.000,32768.0,0.000,0,0,32768000,8,1,0,0,0,8,1
3,i32,8,1024,glibc_default_fresh,M,1,2,1000,13606.92,8.0090,0.0000,7309.0,6301.0,8.000,32768.0,0.000,0,0,32768000,8,1,0,0,0,8,1
3,i32,8,1024,glibc_default_fresh,M_TWIN,2,0,1000,13918.56,8.0090,0.0000,11362.0,2560.0,8.000,32768.0,0.000,0,0,32768000,8,1,0,0,0,8,1
3,i32,8,1024,glibc_default_fresh,M,2,1,1000,14057.36,8.0090,0.0000,4638.0,9423.0,8.000,32768.0,0.000,0,0,32768000,8,1,0,0,0,8,1
3,i32,8,1024,glibc_default_fresh,R,2,2,1000,14012.45,8.0090,0.0000,657.0,13361.0,8.000,32768.0,0.000,0,0,32768000,8,0,8,1,0,8,1
3,i32,8,1024,glibc_default_fresh,M,3,0,1000,13440.21,8.0090,0.0000,4473.0,8971.0,8.000,32768.0,0.000,0,0,32768000,8,1,0,0,0,8,1
3,i32,8,1024,glibc_default_fresh,R,3,1,1000,14492.48,8.0090,0.0000,3500.0,10995.0,8.000,32768.0,0.000,0,0,32768000,8,0,8,1,0,8,1
3,i32,8,1024,glibc_default_fresh,M_TWIN,3,2,1000,13955.14,8.0090,0.0000,7303.0,6656.0,8.000,32768.0,0.000,0,0,32768000,8,1,0,0,0,8,1
3,i32,8,1024,glibc_default_fresh,R,4,0,1000,14547.56,8.0090,0.0000,3508.0,11043.0,8.000,32768.0,0.000,0,0,32768000,8,0,8,1,0,8,1
3,i32,8,1024,glibc_default_fresh,M_TWIN,4,1,1000,13460.53,8.0090,0.0000,4466.0,8962.0,8.000,32768.0,0.000,0,0,32768000,8,1,0,0,0,8,1
3,i32,8,1024,glibc_default_fresh,M,4,2,1000,13650.61,8.0090,0.0000,3208.0,10446.0,8.000,32768.0,0.000,0,0,32768000,8,1,0,0,0,8,1
3,i32,8,1024,glibc_default_fresh,M_TWIN,5,0,1000,13242.30,8.0090,0.0000,3066.0,10178.0,8.000,32768.0,0.000,0,0,32768000,8,1,0,0,0,8,1
3,i32,8,1024,glibc_default_fresh,M,5,1,1000,13306.82,8.0090,0.0000,4441.0,8868.0,8.000,32768.0,0.000,0,0,32768000,8,1,0,0,0,8,1
3,i32,8,1024,glibc_default_fresh,R,5,2,1000,14496.77,8.0090,0.0000,3498.0,11001.0,8.000,32768.0,0.000,0,0,32768000,8,0,8,1,0,8,1
3,i32,8,1024,glibc_default_fresh,M,6,0,1000,13573.14,8.0090,0.0000,3169.0,10406.0,8.000,32768.0,0.000,0,0,32768000,8,1,0,0,0,8,1
3,i32,8,1024,glibc_default_fresh,R,6,1,1000,14104.57,8.0090,0.0000,3291.0,10758.0,8.000,32768.0,0.000,0,0,32768000,8,0,8,1,0,8,1
3,i32,8,1024,glibc_default_fresh,M_TWIN,6,2,1000,13239.45,8.0090,0.0000,429.0,12815.0,8.000,32768.0,0.000,0,0,32768000,8,1,0,0,0,8,1
3,i32,8,1024,glibc_default_fresh,R,7,0,1000,13984.82,8.0090,0.0000,686.0,13301.0,8.000,32768.0,0.000,0,0,32768000,8,0,8,1,0,8,1
3,i32,8,1024,glibc_default_fresh,M_TWIN,7,1,1000,13280.67,8.0090,0.0000,4450.0,8834.0,8.000,32768.0,0.000,0,0,32768000,8,1,0,0,0,8,1
3,i32,8,1024,glibc_default_fresh,M,7,2,1000,12937.02,8.0090,0.0000,8315.0,4624.0,8.000,32768.0,0.000,0,0,32768000,8,1,0,0,0,8,1
3,i32,8,1024,glibc_default_fresh,M_TWIN,8,0,1000,13195.21,8.0090,0.0000,413.0,12785.0,8.000,32768.0,0.000,0,0,32768000,8,1,0,0,0,8,1
3,i32,8,1024,glibc_default_fresh,M,8,1,1000,13417.76,8.0090,0.0000,8442.0,4881.0,8.000,32768.0,0.000,0,0,32768000,8,1,0,0,0,8,1
3,i32,8,1024,glibc_default_fresh,R,8,2,1000,14768.99,8.0090,0.0000,0.0,14773.0,8.000,32768.0,0.000,0,0,32768000,8,0,8,1,0,8,1
3,i32,8,1024,glibc_default_fresh,M,9,0,1000,15425.93,8.0090,0.0000,3807.0,11624.0,8.000,32768.0,0.000,0,0,32768000,8,1,0,0,0,8,1
3,i32,8,1024,glibc_default_fresh,R,9,1,1000,15645.36,8.0090,0.0000,1242.0,14406.0,8.000,32768.0,0.000,0,0,32768000,8,0,8,1,0,8,1
3,i32,8,1024,glibc_default_fresh,M_TWIN,9,2,1000,13739.88,8.0090,0.0000,3233.0,10510.0,8.000,32768.0,0.000,0,0,32768000,8,1,0,0,0,8,1
3,i32,8,1024,glibc_default_fresh,R,10,0,1000,26427.78,8.0090,0.0000,15381.0,10858.0,8.000,32768.0,0.000,0,0,32768000,8,0,8,1,0,8,1
3,i32,8,1024,glibc_default_fresh,M_TWIN,10,1,1000,14918.07,8.0090,0.0000,3629.0,11294.0,8.000,32768.0,0.000,0,0,32768000,8,1,0,0,0,8,1
3,i32,8,1024,glibc_default_fresh,M,10,2,1000,14783.32,8.0090,0.0000,7568.0,7208.0,8.000,32768.0,0.000,0,0,32768000,8,1,0,0,0,8,1
3,i32,8,1024,glibc_default_fresh,M_TWIN,11,0,1000,14279.51,8.0090,0.0000,4578.0,9705.0,8.000,32768.0,0.000,0,0,32768000,8,1,0,0,0,8,1
3,i32,8,1024,glibc_default_fresh,M,11,1,1000,14100.47,8.0090,0.0000,729.0,13375.0,8.000,32768.0,0.000,0,0,32768000,8,1,0,0,0,8,1
3,i32,8,1024,glibc_default_fresh,R,11,2,1000,14115.84,8.0090,0.0000,11334.0,2784.0,8.000,32768.0,0.000,0,0,32768000,8,0,8,1,0,8,1
3,i32,8,1024,glibc_default_fresh,M,12,0,1000,13634.62,8.0090,0.0000,11148.0,2468.0,8.000,32768.0,0.000,0,0,32768000,8,1,0,0,0,8,1
3,i32,8,1024,glibc_default_fresh,R,12,1,1000,14649.90,8.0090,0.0000,3524.0,11129.0,8.000,32768.0,0.000,0,0,32768000,8,0,8,1,0,8,1
3,i32,8,1024,glibc_default_fresh,M_TWIN,12,2,1000,13488.16,8.0090,0.0000,4525.0,8966.0,8.000,32768.0,0.000,0,0,32768000,8,1,0,0,0,8,1
3,i32,8,1024,glibc_default_fresh,R,13,0,1000,14205.97,8.0090,0.0000,8768.0,5440.0,8.000,32768.0,0.000,0,0,32768000,8,0,8,1,0,8,1
3,i32,8,1024,glibc_default_fresh,M_TWIN,13,1,1000,13987.64,8.0090,0.0000,706.0,13285.0,8.000,32768.0,0.000,0,0,32768000,8,1,0,0,0,8,1
3,i32,8,1024,glibc_default_fresh,M,13,2,1000,13351.47,8.0090,0.0000,8470.0,4884.0,8.000,32768.0,0.000,0,0,32768000,8,1,0,0,0,8,1
3,i32,8,1024,glibc_default_fresh,M_TWIN,14,0,1000,13420.38,8.0090,0.0000,506.0,12918.0,8.000,32768.0,0.000,0,0,32768000,8,1,0,0,0,8,1
3,i32,8,1024,glibc_default_fresh,M,14,1,1000,14197.25,8.0090,0.0000,7355.0,6826.0,8.000,32768.0,0.000,0,0,32768000,8,1,0,0,0,8,1
3,i32,8,1024,glibc_default_fresh,R,14,2,1000,14144.12,8.0090,0.0000,176.0,13971.0,8.000,32768.0,0.000,0,0,32768000,8,0,8,1,0,8,1
3,i32,8,4096,glibc_default_fresh,M,0,0,1,6079.00,2.0000,0.0000,18000.0,0.0,8.000,131072.0,0.000,0,0,131072,8,1,0,0,0,8,1
3,i32,8,4096,glibc_default_fresh,R,0,1,1,8395.00,0.0000,0.0000,9000.0,0.0,8.000,131072.0,0.000,0,0,131072,8,0,8,1,0,8,1
3,i32,8,4096,glibc_default_fresh,M_TWIN,0,2,1,5863.00,0.0000,0.0000,6000.0,0.0,8.000,131072.0,0.000,0,0,131072,8,1,0,0,0,8,1
3,i32,8,4096,glibc_default_fresh,R,1,0,1,8440.00,0.0000,0.0000,9000.0,0.0,8.000,131072.0,0.000,0,0,131072,8,0,8,1,0,8,1
3,i32,8,4096,glibc_default_fresh,M_TWIN,1,1,1,5903.00,0.0000,0.0000,6000.0,0.0,8.000,131072.0,0.000,0,0,131072,8,1,0,0,0,8,1
3,i32,8,4096,glibc_default_fresh,M,1,2,1,5888.00,0.0000,0.0000,7000.0,0.0,8.000,131072.0,0.000,0,0,131072,8,1,0,0,0,8,1
3,i32,8,4096,glibc_default_fresh,M_TWIN,2,0,1,5952.00,0.0000,0.0000,6000.0,0.0,8.000,131072.0,0.000,0,0,131072,8,1,0,0,0,8,1
3,i32,8,4096,glibc_default_fresh,M,2,1,1,5952.00,0.0000,0.0000,6000.0,0.0,8.000,131072.0,0.000,0,0,131072,8,1,0,0,0,8,1
3,i32,8,4096,glibc_default_fresh,R,2,2,1,8351.00,0.0000,0.0000,8000.0,0.0,8.000,131072.0,0.000,0,0,131072,8,0,8,1,0,8,1
3,i32,8,4096,glibc_default_fresh,M,3,0,1,5907.00,0.0000,0.0000,6000.0,0.0,8.000,131072.0,0.000,0,0,131072,8,1,0,0,0,8,1
3,i32,8,4096,glibc_default_fresh,R,3,1,1,8685.00,0.0000,0.0000,9000.0,0.0,8.000,131072.0,0.000,0,0,131072,8,0,8,1,0,8,1
3,i32,8,4096,glibc_default_fresh,M_TWIN,3,2,1,8106.00,0.0000,0.0000,9000.0,0.0,8.000,131072.0,0.000,0,0,131072,8,1,0,0,0,8,1
3,i32,8,4096,glibc_default_fresh,R,4,0,1,8461.00,0.0000,0.0000,9000.0,0.0,8.000,131072.0,0.000,0,0,131072,8,0,8,1,0,8,1
3,i32,8,4096,glibc_default_fresh,M_TWIN,4,1,1,5837.00,0.0000,0.0000,7000.0,0.0,8.000,131072.0,0.000,0,0,131072,8,1,0,0,0,8,1
3,i32,8,4096,glibc_default_fresh,M,4,2,1,5806.00,0.0000,0.0000,7000.0,0.0,8.000,131072.0,0.000,0,0,131072,8,1,0,0,0,8,1
3,i32,8,4096,glibc_default_fresh,M_TWIN,5,0,1,5875.00,0.0000,0.0000,7000.0,0.0,8.000,131072.0,0.000,0,0,131072,8,1,0,0,0,8,1
3,i32,8,4096,glibc_default_fresh,M,5,1,1,5892.00,0.0000,0.0000,7000.0,0.0,8.000,131072.0,0.000,0,0,131072,8,1,0,0,0,8,1
3,i32,8,4096,glibc_default_fresh,R,5,2,1,8364.00,0.0000,0.0000,9000.0,0.0,8.000,131072.0,0.000,0,0,131072,8,0,8,1,0,8,1
3,i32,8,4096,glibc_default_fresh,M,6,0,1,5704.00,0.0000,0.0000,6000.0,0.0,8.000,131072.0,0.000,0,0,131072,8,1,0,0,0,8,1
3,i32,8,4096,glibc_default_fresh,R,6,1,1,8379.00,0.0000,0.0000,9000.0,0.0,8.000,131072.0,0.000,0,0,131072,8,0,8,1,0,8,1
3,i32,8,4096,glibc_default_fresh,M_TWIN,6,2,1,5676.00,0.0000,0.0000,6000.0,0.0,8.000,131072.0,0.000,0,0,131072,8,1,0,0,0,8,1
3,i32,8,4096,glibc_default_fresh,R,7,0,1,8325.00,0.0000,0.0000,9000.0,0.0,8.000,131072.0,0.000,0,0,131072,8,0,8,1,0,8,1
3,i32,8,4096,glibc_default_fresh,M_TWIN,7,1,1,5864.00,0.0000,0.0000,7000.0,0.0,8.000,131072.0,0.000,0,0,131072,8,1,0,0,0,8,1
3,i32,8,4096,glibc_default_fresh,M,7,2,1,5848.00,0.0000,0.0000,7000.0,0.0,8.000,131072.0,0.000,0,0,131072,8,1,0,0,0,8,1
3,i32,8,4096,glibc_default_fresh,M_TWIN,8,0,1,5837.00,0.0000,0.0000,6000.0,0.0,8.000,131072.0,0.000,0,0,131072,8,1,0,0,0,8,1
3,i32,8,4096,glibc_default_fresh,M,8,1,1,5827.00,0.0000,0.0000,6000.0,0.0,8.000,131072.0,0.000,0,0,131072,8,1,0,0,0,8,1
3,i32,8,4096,glibc_default_fresh,R,8,2,1,8336.00,0.0000,0.0000,9000.0,0.0,8.000,131072.0,0.000,0,0,131072,8,0,8,1,0,8,1
3,i32,8,4096,glibc_default_fresh,M,9,0,1,5882.00,0.0000,0.0000,6000.0,0.0,8.000,131072.0,0.000,0,0,131072,8,1,0,0,0,8,1
3,i32,8,4096,glibc_default_fresh,R,9,1,1,8350.00,0.0000,0.0000,9000.0,0.0,8.000,131072.0,0.000,0,0,131072,8,0,8,1,0,8,1
3,i32,8,4096,glibc_default_fresh,M_TWIN,9,2,1,5844.00,0.0000,0.0000,7000.0,0.0,8.000,131072.0,0.000,0,0,131072,8,1,0,0,0,8,1
3,i32,8,4096,glibc_default_fresh,R,10,0,1,8725.00,0.0000,0.0000,9000.0,0.0,8.000,131072.0,0.000,0,0,131072,8,0,8,1,0,8,1
3,i32,8,4096,glibc_default_fresh,M_TWIN,10,1,1,5995.00,0.0000,0.0000,6000.0,0.0,8.000,131072.0,0.000,0,0,131072,8,1,0,0,0,8,1
3,i32,8,4096,glibc_default_fresh,M,10,2,1,5835.00,0.0000,0.0000,6000.0,0.0,8.000,131072.0,0.000,0,0,131072,8,1,0,0,0,8,1
3,i32,8,4096,glibc_default_fresh,M_TWIN,11,0,1,7271.00,0.0000,0.0000,8000.0,0.0,8.000,131072.0,0.000,0,0,131072,8,1,0,0,0,8,1
3,i32,8,4096,glibc_default_fresh,M,11,1,1,5886.00,0.0000,0.0000,6000.0,0.0,8.000,131072.0,0.000,0,0,131072,8,1,0,0,0,8,1
3,i32,8,4096,glibc_default_fresh,R,11,2,1,8348.00,0.0000,0.0000,9000.0,0.0,8.000,131072.0,0.000,0,0,131072,8,0,8,1,0,8,1
3,i32,8,4096,glibc_default_fresh,M,12,0,1,5865.00,0.0000,0.0000,6000.0,0.0,8.000,131072.0,0.000,0,0,131072,8,1,0,0,0,8,1
3,i32,8,4096,glibc_default_fresh,R,12,1,1,8379.00,0.0000,0.0000,9000.0,0.0,8.000,131072.0,0.000,0,0,131072,8,0,8,1,0,8,1
3,i32,8,4096,glibc_default_fresh,M_TWIN,12,2,1,5972.00,0.0000,0.0000,6000.0,0.0,8.000,131072.0,0.000,0,0,131072,8,1,0,0,0,8,1
3,i32,8,4096,glibc_default_fresh,R,13,0,1,8369.00,0.0000,0.0000,9000.0,0.0,8.000,131072.0,0.000,0,0,131072,8,0,8,1,0,8,1
3,i32,8,4096,glibc_default_fresh,M_TWIN,13,1,1,5921.00,0.0000,0.0000,6000.0,0.0,8.000,131072.0,0.000,0,0,131072,8,1,0,0,0,8,1
3,i32,8,4096,glibc_default_fresh,M,13,2,1,5909.00,0.0000,0.0000,6000.0,0.0,8.000,131072.0,0.000,0,0,131072,8,1,0,0,0,8,1
3,i32,8,4096,glibc_default_fresh,M_TWIN,14,0,1,5859.00,0.0000,0.0000,6000.0,0.0,8.000,131072.0,0.000,0,0,131072,8,1,0,0,0,8,1
3,i32,8,4096,glibc_default_fresh,M,14,1,1,5914.00,0.0000,0.0000,7000.0,0.0,8.000,131072.0,0.000,0,0,131072,8,1,0,0,0,8,1
3,i32,8,4096,glibc_default_fresh,R,14,2,1,8330.00,0.0000,0.0000,9000.0,0.0,8.000,131072.0,0.000,0,0,131072,8,0,8,1,0,8,1
3,i32,8,16384,glibc_default_fresh,M,0,0,1,137911.00,98.0000,0.0000,149000.0,0.0,8.000,524288.0,0.000,0,0,524288,8,1,0,0,0,8,1
3,i32,8,16384,glibc_default_fresh,R,0,1,1,119634.00,96.0000,0.0000,120000.0,0.0,8.000,524288.0,0.000,0,0,524288,8,0,8,1,0,8,1
3,i32,8,16384,glibc_default_fresh,M_TWIN,0,2,1,127278.00,96.0000,0.0000,129000.0,0.0,8.000,524288.0,0.000,0,0,524288,8,1,0,0,0,8,1
3,i32,8,16384,glibc_default_fresh,R,1,0,1,143878.00,96.0000,0.0000,145000.0,0.0,8.000,524288.0,0.000,0,0,524288,8,0,8,1,0,8,1
3,i32,8,16384,glibc_default_fresh,M_TWIN,1,1,1,119092.00,96.0000,0.0000,120000.0,0.0,8.000,524288.0,0.000,0,0,524288,8,1,0,0,0,8,1
3,i32,8,16384,glibc_default_fresh,M,1,2,1,120426.00,96.0000,0.0000,121000.0,0.0,8.000,524288.0,0.000,0,0,524288,8,1,0,0,0,8,1
3,i32,8,16384,glibc_default_fresh,M_TWIN,2,0,1,121102.00,96.0000,0.0000,122000.0,0.0,8.000,524288.0,0.000,0,0,524288,8,1,0,0,0,8,1
3,i32,8,16384,glibc_default_fresh,M,2,1,1,118769.00,96.0000,0.0000,120000.0,0.0,8.000,524288.0,0.000,0,0,524288,8,1,0,0,0,8,1
3,i32,8,16384,glibc_default_fresh,R,2,2,1,120210.00,96.0000,0.0000,122000.0,0.0,8.000,524288.0,0.000,0,0,524288,8,0,8,1,0,8,1
3,i32,8,16384,glibc_default_fresh,M,3,0,1,119377.00,96.0000,0.0000,122000.0,0.0,8.000,524288.0,0.000,0,0,524288,8,1,0,0,0,8,1
3,i32,8,16384,glibc_default_fresh,R,3,1,1,126972.00,96.0000,0.0000,128000.0,0.0,8.000,524288.0,0.000,0,0,524288,8,0,8,1,0,8,1
3,i32,8,16384,glibc_default_fresh,M_TWIN,3,2,1,120326.00,96.0000,0.0000,121000.0,0.0,8.000,524288.0,0.000,0,0,524288,8,1,0,0,0,8,1
3,i32,8,16384,glibc_default_fresh,R,4,0,1,122620.00,96.0000,0.0000,123000.0,0.0,8.000,524288.0,0.000,0,0,524288,8,0,8,1,0,8,1
3,i32,8,16384,glibc_default_fresh,M_TWIN,4,1,1,129238.00,96.0000,0.0000,131000.0,0.0,8.000,524288.0,0.000,0,0,524288,8,1,0,0,0,8,1
3,i32,8,16384,glibc_default_fresh,M,4,2,1,118798.00,96.0000,0.0000,120000.0,0.0,8.000,524288.0,0.000,0,0,524288,8,1,0,0,0,8,1
3,i32,8,16384,glibc_default_fresh,M_TWIN,5,0,1,123517.00,96.0000,0.0000,0.0,124000.0,8.000,524288.0,0.000,0,0,524288,8,1,0,0,0,8,1
3,i32,8,16384,glibc_default_fresh,M,5,1,1,132536.00,96.0000,0.0000,0.0,134000.0,8.000,524288.0,0.000,0,0,524288,8,1,0,0,0,8,1
3,i32,8,16384,glibc_default_fresh,R,5,2,1,122385.00,96.0000,0.0000,0.0,123000.0,8.000,524288.0,0.000,0,0,524288,8,0,8,1,0,8,1
3,i32,8,16384,glibc_default_fresh,M,6,0,1,118649.00,96.0000,0.0000,0.0,120000.0,8.000,524288.0,0.000,0,0,524288,8,1,0,0,0,8,1
3,i32,8,16384,glibc_default_fresh,R,6,1,1,166080.00,96.0000,0.0000,0.0,168000.0,8.000,524288.0,0.000,0,0,524288,8,0,8,1,0,8,1
3,i32,8,16384,glibc_default_fresh,M_TWIN,6,2,1,120239.00,96.0000,0.0000,0.0,122000.0,8.000,524288.0,0.000,0,0,524288,8,1,0,0,0,8,1
3,i32,8,16384,glibc_default_fresh,R,7,0,1,123293.00,96.0000,0.0000,0.0,125000.0,8.000,524288.0,0.000,0,0,524288,8,0,8,1,0,8,1
3,i32,8,16384,glibc_default_fresh,M_TWIN,7,1,1,137508.00,96.0000,0.0000,0.0,138000.0,8.000,524288.0,0.000,0,0,524288,8,1,0,0,0,8,1
3,i32,8,16384,glibc_default_fresh,M,7,2,1,118835.00,96.0000,0.0000,0.0,120000.0,8.000,524288.0,0.000,0,0,524288,8,1,0,0,0,8,1
3,i32,8,16384,glibc_default_fresh,M_TWIN,8,0,1,119855.00,96.0000,0.0000,0.0,121000.0,8.000,524288.0,0.000,0,0,524288,8,1,0,0,0,8,1
3,i32,8,16384,glibc_default_fresh,M,8,1,1,118530.00,96.0000,0.0000,0.0,120000.0,8.000,524288.0,0.000,0,0,524288,8,1,0,0,0,8,1
3,i32,8,16384,glibc_default_fresh,R,8,2,1,162245.00,96.0000,0.0000,0.0,164000.0,8.000,524288.0,0.000,0,0,524288,8,0,8,1,0,8,1
3,i32,8,16384,glibc_default_fresh,M,9,0,1,200637.00,96.0000,0.0000,0.0,189000.0,8.000,524288.0,0.000,0,0,524288,8,1,0,0,0,8,1
3,i32,8,16384,glibc_default_fresh,R,9,1,1,161512.00,96.0000,0.0000,0.0,163000.0,8.000,524288.0,0.000,0,0,524288,8,0,8,1,0,8,1
3,i32,8,16384,glibc_default_fresh,M_TWIN,9,2,1,118794.00,96.0000,0.0000,0.0,120000.0,8.000,524288.0,0.000,0,0,524288,8,1,0,0,0,8,1
3,i32,8,16384,glibc_default_fresh,R,10,0,1,156945.00,96.0000,0.0000,0.0,158000.0,8.000,524288.0,0.000,0,0,524288,8,0,8,1,0,8,1
3,i32,8,16384,glibc_default_fresh,M_TWIN,10,1,1,129705.00,96.0000,0.0000,0.0,131000.0,8.000,524288.0,0.000,0,0,524288,8,1,0,0,0,8,1
3,i32,8,16384,glibc_default_fresh,M,10,2,1,118402.00,96.0000,0.0000,0.0,119000.0,8.000,524288.0,0.000,0,0,524288,8,1,0,0,0,8,1
3,i32,8,16384,glibc_default_fresh,M_TWIN,11,0,1,118604.00,96.0000,0.0000,0.0,119000.0,8.000,524288.0,0.000,0,0,524288,8,1,0,0,0,8,1
3,i32,8,16384,glibc_default_fresh,M,11,1,1,138272.00,96.0000,0.0000,0.0,140000.0,8.000,524288.0,0.000,0,0,524288,8,1,0,0,0,8,1
3,i32,8,16384,glibc_default_fresh,R,11,2,1,120086.00,96.0000,0.0000,0.0,121000.0,8.000,524288.0,0.000,0,0,524288,8,0,8,1,0,8,1
3,i32,8,16384,glibc_default_fresh,M,12,0,1,121575.00,96.0000,0.0000,0.0,123000.0,8.000,524288.0,0.000,0,0,524288,8,1,0,0,0,8,1
3,i32,8,16384,glibc_default_fresh,R,12,1,1,181136.00,96.0000,0.0000,0.0,183000.0,8.000,524288.0,0.000,0,0,524288,8,0,8,1,0,8,1
3,i32,8,16384,glibc_default_fresh,M_TWIN,12,2,1,122773.00,96.0000,0.0000,0.0,124000.0,8.000,524288.0,0.000,0,0,524288,8,1,0,0,0,8,1
3,i32,8,16384,glibc_default_fresh,R,13,0,1,128606.00,96.0000,0.0000,0.0,130000.0,8.000,524288.0,0.000,0,0,524288,8,0,8,1,0,8,1
3,i32,8,16384,glibc_default_fresh,M_TWIN,13,1,1,155115.00,96.0000,0.0000,0.0,156000.0,8.000,524288.0,0.000,0,0,524288,8,1,0,0,0,8,1
3,i32,8,16384,glibc_default_fresh,M,13,2,1,118722.00,96.0000,0.0000,0.0,120000.0,8.000,524288.0,0.000,0,0,524288,8,1,0,0,0,8,1
3,i32,8,16384,glibc_default_fresh,M_TWIN,14,0,1,195037.00,96.0000,0.0000,0.0,196000.0,8.000,524288.0,0.000,0,0,524288,8,1,0,0,0,8,1
3,i32,8,16384,glibc_default_fresh,M,14,1,1,137682.00,96.0000,0.0000,0.0,139000.0,8.000,524288.0,0.000,0,0,524288,8,1,0,0,0,8,1
3,i32,8,16384,glibc_default_fresh,R,14,2,1,120502.00,96.0000,0.0000,0.0,122000.0,8.000,524288.0,0.000,0,0,524288,8,0,8,1,0,8,1
3,i32,8,65536,glibc_default_fresh,M,0,0,1,640955.00,419.0000,0.0000,396000.0,264000.0,8.000,2097152.0,0.000,0,0,2097152,8,1,0,0,0,8,1
3,i32,8,65536,glibc_default_fresh,R,0,1,1,743388.00,481.0000,0.0000,448000.0,299000.0,8.000,2097152.0,0.000,0,0,2097152,8,0,8,1,0,8,1
3,i32,8,65536,glibc_default_fresh,M_TWIN,0,2,1,664200.00,417.0000,0.0000,667000.0,0.0,8.000,2097152.0,0.000,0,0,2097152,8,1,0,0,0,8,1
3,i32,8,65536,glibc_default_fresh,R,1,0,1,706517.00,481.0000,0.0000,709000.0,0.0,8.000,2097152.0,0.000,0,0,2097152,8,0,8,1,0,8,1
3,i32,8,65536,glibc_default_fresh,M_TWIN,1,1,1,653932.00,417.0000,0.0000,0.0,656000.0,8.000,2097152.0,0.000,0,0,2097152,8,1,0,0,0,8,1
3,i32,8,65536,glibc_default_fresh,M,1,2,1,621259.00,417.0000,0.0000,0.0,623000.0,8.000,2097152.0,0.000,0,0,2097152,8,1,0,0,0,8,1
3,i32,8,65536,glibc_default_fresh,M_TWIN,2,0,1,601274.00,417.0000,0.0000,0.0,603000.0,8.000,2097152.0,0.000,0,0,2097152,8,1,0,0,0,8,1
3,i32,8,65536,glibc_default_fresh,M,2,1,1,683507.00,417.0000,0.0000,685000.0,0.0,8.000,2097152.0,0.000,0,0,2097152,8,1,0,0,0,8,1
3,i32,8,65536,glibc_default_fresh,R,2,2,1,705916.00,481.0000,0.0000,708000.0,0.0,8.000,2097152.0,0.000,0,0,2097152,8,0,8,1,0,8,1
3,i32,8,65536,glibc_default_fresh,M,3,0,1,673843.00,417.0000,0.0000,0.0,676000.0,8.000,2097152.0,0.000,0,0,2097152,8,1,0,0,0,8,1
3,i32,8,65536,glibc_default_fresh,R,3,1,1,688934.00,481.0000,0.0000,0.0,690000.0,8.000,2097152.0,0.000,0,0,2097152,8,0,8,1,0,8,1
3,i32,8,65536,glibc_default_fresh,M_TWIN,3,2,1,602557.00,417.0000,0.0000,0.0,605000.0,8.000,2097152.0,0.000,0,0,2097152,8,1,0,0,0,8,1
3,i32,8,65536,glibc_default_fresh,R,4,0,1,687059.00,481.0000,0.0000,0.0,688000.0,8.000,2097152.0,0.000,0,0,2097152,8,0,8,1,0,8,1
3,i32,8,65536,glibc_default_fresh,M_TWIN,4,1,1,659536.00,417.0000,0.0000,0.0,662000.0,8.000,2097152.0,0.000,0,0,2097152,8,1,0,0,0,8,1
3,i32,8,65536,glibc_default_fresh,M,4,2,1,691071.00,417.0000,0.0000,694000.0,0.0,8.000,2097152.0,0.000,0,0,2097152,8,1,0,0,0,8,1
3,i32,8,65536,glibc_default_fresh,M_TWIN,5,0,1,633958.00,417.0000,0.0000,637000.0,0.0,8.000,2097152.0,0.000,0,0,2097152,8,1,0,0,0,8,1
3,i32,8,65536,glibc_default_fresh,M,5,1,1,698839.00,417.0000,0.0000,701000.0,0.0,8.000,2097152.0,0.000,0,0,2097152,8,1,0,0,0,8,1
3,i32,8,65536,glibc_default_fresh,R,5,2,1,683130.00,481.0000,0.0000,685000.0,0.0,8.000,2097152.0,0.000,0,0,2097152,8,0,8,1,0,8,1
3,i32,8,65536,glibc_default_fresh,M,6,0,1,660104.00,417.0000,0.0000,662000.0,0.0,8.000,2097152.0,0.000,0,0,2097152,8,1,0,0,0,8,1
3,i32,8,65536,glibc_default_fresh,R,6,1,1,772090.00,481.0000,0.0000,0.0,774000.0,8.000,2097152.0,0.000,0,0,2097152,8,0,8,1,0,8,1
3,i32,8,65536,glibc_default_fresh,M_TWIN,6,2,1,603427.00,417.0000,0.0000,0.0,605000.0,8.000,2097152.0,0.000,0,0,2097152,8,1,0,0,0,8,1
3,i32,8,65536,glibc_default_fresh,R,7,0,1,688678.00,481.0000,0.0000,0.0,690000.0,8.000,2097152.0,0.000,0,0,2097152,8,0,8,1,0,8,1
3,i32,8,65536,glibc_default_fresh,M_TWIN,7,1,1,598954.00,417.0000,0.0000,0.0,601000.0,8.000,2097152.0,0.000,0,0,2097152,8,1,0,0,0,8,1
3,i32,8,65536,glibc_default_fresh,M,7,2,1,692602.00,417.0000,0.0000,0.0,695000.0,8.000,2097152.0,0.000,0,0,2097152,8,1,0,0,0,8,1
3,i32,8,65536,glibc_default_fresh,M_TWIN,8,0,1,662966.00,417.0000,0.0000,665000.0,0.0,8.000,2097152.0,0.000,0,0,2097152,8,1,0,0,0,8,1
3,i32,8,65536,glibc_default_fresh,M,8,1,1,622641.00,417.0000,0.0000,626000.0,0.0,8.000,2097152.0,0.000,0,0,2097152,8,1,0,0,0,8,1
3,i32,8,65536,glibc_default_fresh,R,8,2,1,709771.00,481.0000,0.0000,712000.0,0.0,8.000,2097152.0,0.000,0,0,2097152,8,0,8,1,0,8,1
3,i32,8,65536,glibc_default_fresh,M,9,0,1,658638.00,417.0000,0.0000,0.0,661000.0,8.000,2097152.0,0.000,0,0,2097152,8,1,0,0,0,8,1
3,i32,8,65536,glibc_default_fresh,R,9,1,1,691180.00,481.0000,0.0000,0.0,695000.0,8.000,2097152.0,0.000,0,0,2097152,8,0,8,1,0,8,1
3,i32,8,65536,glibc_default_fresh,M_TWIN,9,2,1,630210.00,417.0000,0.0000,0.0,632000.0,8.000,2097152.0,0.000,0,0,2097152,8,1,0,0,0,8,1
3,i32,8,65536,glibc_default_fresh,R,10,0,1,714121.00,481.0000,0.0000,0.0,716000.0,8.000,2097152.0,0.000,0,0,2097152,8,0,8,1,0,8,1
3,i32,8,65536,glibc_default_fresh,M_TWIN,10,1,1,669176.00,417.0000,0.0000,671000.0,0.0,8.000,2097152.0,0.000,0,0,2097152,8,1,0,0,0,8,1
3,i32,8,65536,glibc_default_fresh,M,10,2,1,629390.00,417.0000,0.0000,632000.0,0.0,8.000,2097152.0,0.000,0,0,2097152,8,1,0,0,0,8,1
3,i32,8,65536,glibc_default_fresh,M_TWIN,11,0,1,641616.00,417.0000,0.0000,504000.0,141000.0,8.000,2097152.0,0.000,0,0,2097152,8,1,0,0,0,8,1
3,i32,8,65536,glibc_default_fresh,M,11,1,1,681849.00,417.0000,0.0000,0.0,684000.0,8.000,2097152.0,0.000,0,0,2097152,8,1,0,0,0,8,1
3,i32,8,65536,glibc_default_fresh,R,11,2,1,784400.00,481.0000,0.0000,0.0,787000.0,8.000,2097152.0,0.000,0,0,2097152,8,0,8,1,0,8,1
3,i32,8,65536,glibc_default_fresh,M,12,0,1,675566.00,417.0000,0.0000,678000.0,0.0,8.000,2097152.0,0.000,0,0,2097152,8,1,0,0,0,8,1
3,i32,8,65536,glibc_default_fresh,R,12,1,1,724248.00,481.0000,0.0000,531000.0,197000.0,8.000,2097152.0,0.000,0,0,2097152,8,0,8,1,0,8,1
3,i32,8,65536,glibc_default_fresh,M_TWIN,12,2,1,645922.00,417.0000,0.0000,0.0,648000.0,8.000,2097152.0,0.000,0,0,2097152,8,1,0,0,0,8,1
3,i32,8,65536,glibc_default_fresh,R,13,0,1,693687.00,481.0000,0.0000,0.0,695000.0,8.000,2097152.0,0.000,0,0,2097152,8,0,8,1,0,8,1
3,i32,8,65536,glibc_default_fresh,M_TWIN,13,1,1,628941.00,417.0000,0.0000,0.0,631000.0,8.000,2097152.0,0.000,0,0,2097152,8,1,0,0,0,8,1
3,i32,8,65536,glibc_default_fresh,M,13,2,1,610977.00,417.0000,0.0000,0.0,612000.0,8.000,2097152.0,0.000,0,0,2097152,8,1,0,0,0,8,1
3,i32,8,65536,glibc_default_fresh,M_TWIN,14,0,1,697635.00,417.0000,0.0000,0.0,699000.0,8.000,2097152.0,0.000,0,0,2097152,8,1,0,0,0,8,1
3,i32,8,65536,glibc_default_fresh,M,14,1,1,639627.00,417.0000,0.0000,0.0,641000.0,8.000,2097152.0,0.000,0,0,2097152,8,1,0,0,0,8,1
3,i32,8,65536,glibc_default_fresh,R,14,2,1,750418.00,481.0000,0.0000,0.0,752000.0,8.000,2097152.0,0.000,0,0,2097152,8,0,8,1,0,8,1
3,i32,8,262144,glibc_default_fresh,M,0,0,1,2660445.00,1763.0000,0.0000,0.0,2682000.0,8.000,8388608.0,0.000,0,0,8388608,8,1,0,0,0,8,1
3,i32,8,262144,glibc_default_fresh,R,0,1,1,3248589.00,2017.0000,0.0000,0.0,3253000.0,8.000,8388608.0,0.000,0,0,8388608,8,0,8,1,0,8,1
3,i32,8,262144,glibc_default_fresh,M_TWIN,0,2,1,2660941.00,1761.0000,0.0000,0.0,2664000.0,8.000,8388608.0,0.000,0,0,8388608,8,1,0,0,0,8,1
3,i32,8,262144,glibc_default_fresh,R,1,0,1,3040513.00,2017.0000,0.0000,691000.0,2352000.0,8.000,8388608.0,0.000,0,0,8388608,8,0,8,1,0,8,1
3,i32,8,262144,glibc_default_fresh,M_TWIN,1,1,1,2673481.00,1761.0000,0.0000,0.0,2676000.0,8.000,8388608.0,0.000,0,0,8388608,8,1,0,0,0,8,1
3,i32,8,262144,glibc_default_fresh,M,1,2,1,2751222.00,1761.0000,0.0000,0.0,2754000.0,8.000,8388608.0,0.000,0,0,8388608,8,1,0,0,0,8,1
3,i32,8,262144,glibc_default_fresh,M_TWIN,2,0,1,2681390.00,1761.0000,0.0000,696000.0,1989000.0,8.000,8388608.0,0.000,0,0,8388608,8,1,0,0,0,8,1
3,i32,8,262144,glibc_default_fresh,M,2,1,1,2770274.00,1761.0000,0.0000,0.0,2773000.0,8.000,8388608.0,0.000,0,0,8388608,8,1,0,0,0,8,1
3,i32,8,262144,glibc_default_fresh,R,2,2,1,3200177.00,2017.0000,0.0000,3204000.0,0.0,8.000,8388608.0,0.000,0,0,8388608,8,0,8,1,0,8,1
3,i32,8,262144,glibc_default_fresh,M,3,0,1,2628010.00,1761.0000,0.0000,822000.0,1808000.0,8.000,8388608.0,0.000,0,0,8388608,8,1,0,0,0,8,1
3,i32,8,262144,glibc_default_fresh,R,3,1,1,3150919.00,2017.0000,0.0000,3155000.0,0.0,8.000,8388608.0,0.000,0,0,8388608,8,0,8,1,0,8,1
3,i32,8,262144,glibc_default_fresh,M_TWIN,3,2,1,2735065.00,1761.0000,0.0000,113000.0,2625000.0,8.000,8388608.0,0.000,0,0,8388608,8,1,0,0,0,8,1
3,i32,8,262144,glibc_default_fresh,R,4,0,1,3111810.00,2017.0000,0.0000,0.0,3114000.0,8.000,8388608.0,0.000,0,0,8388608,8,0,8,1,0,8,1
3,i32,8,262144,glibc_default_fresh,M_TWIN,4,1,1,2654710.00,1761.0000,0.0000,954000.0,1703000.0,8.000,8388608.0,0.000,0,0,8388608,8,1,0,0,0,8,1
3,i32,8,262144,glibc_default_fresh,M,4,2,1,2730044.00,1761.0000,0.0000,0.0,2734000.0,8.000,8388608.0,0.000,0,0,8388608,8,1,0,0,0,8,1
3,i32,8,262144,glibc_default_fresh,M_TWIN,5,0,1,2735835.00,1761.0000,0.0000,0.0,2739000.0,8.000,8388608.0,0.000,0,0,8388608,8,1,0,0,0,8,1
3,i32,8,262144,glibc_default_fresh,M,5,1,1,2634865.00,1761.0000,0.0000,476000.0,2162000.0,8.000,8388608.0,0.000,0,0,8388608,8,1,0,0,0,8,1
3,i32,8,262144,glibc_default_fresh,R,5,2,1,3098865.00,2017.0000,0.0000,3101000.0,0.0,8.000,8388608.0,0.000,0,0,8388608,8,0,8,1,0,8,1
3,i32,8,262144,glibc_default_fresh,M,6,0,1,2667315.00,1761.0000,0.0000,0.0,2671000.0,8.000,8388608.0,0.000,0,0,8388608,8,1,0,0,0,8,1
3,i32,8,262144,glibc_default_fresh,R,6,1,1,3173376.00,2017.0000,0.0000,0.0,3176000.0,8.000,8388608.0,0.000,0,0,8388608,8,0,8,1,0,8,1
3,i32,8,262144,glibc_default_fresh,M_TWIN,6,2,1,2705685.00,1761.0000,0.0000,590000.0,2119000.0,8.000,8388608.0,0.000,0,0,8388608,8,1,0,0,0,8,1
3,i32,8,262144,glibc_default_fresh,R,7,0,1,3069710.00,2017.0000,0.0000,0.0,3072000.0,8.000,8388608.0,0.000,0,0,8388608,8,0,8,1,0,8,1
3,i32,8,262144,glibc_default_fresh,M_TWIN,7,1,1,2666486.00,1761.0000,0.0000,0.0,2669000.0,8.000,8388608.0,0.000,0,0,8388608,8,1,0,0,0,8,1
3,i32,8,262144,glibc_default_fresh,M,7,2,1,2774535.00,1761.0000,0.0000,77000.0,2700000.0,8.000,8388608.0,0.000,0,0,8388608,8,1,0,0,0,8,1
3,i32,8,262144,glibc_default_fresh,M_TWIN,8,0,1,2773089.00,1761.0000,0.0000,0.0,2776000.0,8.000,8388608.0,0.000,0,0,8388608,8,1,0,0,0,8,1
3,i32,8,262144,glibc_default_fresh,M,8,1,1,2677473.00,1761.0000,0.0000,0.0,2681000.0,8.000,8388608.0,0.000,0,0,8388608,8,1,0,0,0,8,1
3,i32,8,262144,glibc_default_fresh,R,8,2,1,3237448.00,2017.0000,0.0000,336000.0,2904000.0,8.000,8388608.0,0.000,0,0,8388608,8,0,8,1,0,8,1
3,i32,8,262144,glibc_default_fresh,M,9,0,1,2826598.00,1761.0000,0.0000,899000.0,1931000.0,8.000,8388608.0,0.000,0,0,8388608,8,1,0,0,0,8,1
3,i32,8,262144,glibc_default_fresh,R,9,1,1,3263068.00,2017.0000,0.0000,0.0,3266000.0,8.000,8388608.0,0.000,0,0,8388608,8,0,8,1,0,8,1
3,i32,8,262144,glibc_default_fresh,M_TWIN,9,2,1,2625636.00,1761.0000,0.0000,0.0,2628000.0,8.000,8388608.0,0.000,0,0,8388608,8,1,0,0,0,8,1
3,i32,8,262144,glibc_default_fresh,R,10,0,1,3068210.00,2017.0000,0.0000,0.0,3071000.0,8.000,8388608.0,0.000,0,0,8388608,8,0,8,1,0,8,1
3,i32,8,262144,glibc_default_fresh,M_TWIN,10,1,1,2665895.00,1761.0000,0.0000,0.0,2669000.0,8.000,8388608.0,0.000,0,0,8388608,8,1,0,0,0,8,1
3,i32,8,262144,glibc_default_fresh,M,10,2,1,2795394.00,1761.0000,0.0000,0.0,2787000.0,8.000,8388608.0,0.000,0,0,8388608,8,1,0,0,0,8,1
3,i32,8,262144,glibc_default_fresh,M_TWIN,11,0,1,2619582.00,1761.0000,0.0000,120000.0,2502000.0,8.000,8388608.0,0.000,0,0,8388608,8,1,0,0,0,8,1
3,i32,8,262144,glibc_default_fresh,M,11,1,1,2769152.00,1761.0000,0.0000,0.0,2772000.0,8.000,8388608.0,0.000,0,0,8388608,8,1,0,0,0,8,1
3,i32,8,262144,glibc_default_fresh,R,11,2,1,3435502.00,2017.0000,0.0000,3439000.0,0.0,8.000,8388608.0,0.000,0,0,8388608,8,0,8,1,0,8,1
3,i32,8,262144,glibc_default_fresh,M,12,0,1,2700235.00,1761.0000,0.0000,0.0,2704000.0,8.000,8388608.0,0.000,0,0,8388608,8,1,0,0,0,8,1
3,i32,8,262144,glibc_default_fresh,R,12,1,1,3004846.00,2017.0000,0.0000,902000.0,2105000.0,8.000,8388608.0,0.000,0,0,8388608,8,0,8,1,0,8,1
3,i32,8,262144,glibc_default_fresh,M_TWIN,12,2,1,2612791.00,1761.0000,0.0000,798000.0,1818000.0,8.000,8388608.0,0.000,0,0,8388608,8,1,0,0,0,8,1
3,i32,8,262144,glibc_default_fresh,R,13,0,1,3114484.00,2017.0000,0.0000,0.0,3118000.0,8.000,8388608.0,0.000,0,0,8388608,8,0,8,1,0,8,1
3,i32,8,262144,glibc_default_fresh,M_TWIN,13,1,1,2681496.00,1761.0000,0.0000,0.0,2685000.0,8.000,8388608.0,0.000,0,0,8388608,8,1,0,0,0,8,1
3,i32,8,262144,glibc_default_fresh,M,13,2,1,2706599.00,1761.0000,0.0000,343000.0,2366000.0,8.000,8388608.0,0.000,0,0,8388608,8,1,0,0,0,8,1
3,i32,8,262144,glibc_default_fresh,M_TWIN,14,0,1,2740078.00,1761.0000,0.0000,2744000.0,0.0,8.000,8388608.0,0.000,0,0,8388608,8,1,0,0,0,8,1
3,i32,8,262144,glibc_default_fresh,M,14,1,1,2646370.00,1761.0000,0.0000,0.0,2649000.0,8.000,8388608.0,0.000,0,0,8388608,8,1,0,0,0,8,1
3,i32,8,262144,glibc_default_fresh,R,14,2,1,3320237.00,2017.0000,0.0000,1047000.0,2276000.0,8.000,8388608.0,0.000,0,0,8388608,8,0,8,1,0,8,1
3,i32,8,1048576,glibc_default_fresh,M,0,0,1,13957323.00,7140.0000,0.0000,7341000.0,6638000.0,8.000,33554432.0,0.000,0,0,33554432,8,1,0,0,0,8,1
3,i32,8,1048576,glibc_default_fresh,R,0,1,1,15931518.00,8161.0000,0.0000,3984000.0,11953000.0,8.000,33554432.0,0.000,0,0,33554432,8,0,8,1,0,8,1
3,i32,8,1048576,glibc_default_fresh,M_TWIN,0,2,1,13692811.00,7137.0000,0.0000,4584000.0,9114000.0,8.000,33554432.0,0.000,0,0,33554432,8,1,0,0,0,8,1
3,i32,8,1048576,glibc_default_fresh,R,1,0,1,15054678.00,8161.0000,0.0000,3664000.0,11395000.0,8.000,33554432.0,0.000,0,0,33554432,8,0,8,1,0,8,1
3,i32,8,1048576,glibc_default_fresh,M_TWIN,1,1,1,12994007.00,7137.0000,0.0000,8358000.0,4639000.0,8.000,33554432.0,0.000,0,0,33554432,8,1,0,0,0,8,1
3,i32,8,1048576,glibc_default_fresh,M,1,2,1,13448701.00,7137.0000,0.0000,4531000.0,8924000.0,8.000,33554432.0,0.000,0,0,33554432,8,1,0,0,0,8,1
3,i32,8,1048576,glibc_default_fresh,M_TWIN,2,0,1,13145900.00,7137.0000,0.0000,4421000.0,8730000.0,8.000,33554432.0,0.000,0,0,33554432,8,1,0,0,0,8,1
3,i32,8,1048576,glibc_default_fresh,M,2,1,1,13201515.00,7137.0000,0.0000,4442000.0,8765000.0,8.000,33554432.0,0.000,0,0,33554432,8,1,0,0,0,8,1
3,i32,8,1048576,glibc_default_fresh,R,2,2,1,15239728.00,8161.0000,0.0000,3724000.0,11518000.0,8.000,33554432.0,0.000,0,0,33554432,8,0,8,1,0,8,1
3,i32,8,1048576,glibc_default_fresh,M,3,0,1,13363466.00,7137.0000,0.0000,4516000.0,8851000.0,8.000,33554432.0,0.000,0,0,33554432,8,1,0,0,0,8,1
3,i32,8,1048576,glibc_default_fresh,R,3,1,1,15926474.00,8161.0000,0.0000,0.0,15930000.0,8.000,33554432.0,0.000,0,0,33554432,8,0,8,1,0,8,1
3,i32,8,1048576,glibc_default_fresh,M_TWIN,3,2,1,13635256.00,7137.0000,0.0000,7139000.0,6501000.0,8.000,33554432.0,0.000,0,0,33554432,8,1,0,0,0,8,1
3,i32,8,1048576,glibc_default_fresh,R,4,0,1,15584651.00,8161.0000,0.0000,7847000.0,7742000.0,8.000,33554432.0,0.000,0,0,33554432,8,0,8,1,0,8,1
3,i32,8,1048576,glibc_default_fresh,M_TWIN,4,1,1,13597454.00,7137.0000,0.0000,4577000.0,9024000.0,8.000,33554432.0,0.000,0,0,33554432,8,1,0,0,0,8,1
3,i32,8,1048576,glibc_default_fresh,M,4,2,1,13500390.00,7137.0000,0.0000,8551000.0,4954000.0,8.000,33554432.0,0.000,0,0,33554432,8,1,0,0,0,8,1
3,i32,8,1048576,glibc_default_fresh,M_TWIN,5,0,1,13242292.00,7137.0000,0.0000,450000.0,12797000.0,8.000,33554432.0,0.000,0,0,33554432,8,1,0,0,0,8,1
3,i32,8,1048576,glibc_default_fresh,M,5,1,1,14152689.00,7137.0000,0.0000,7329000.0,6829000.0,8.000,33554432.0,0.000,0,0,33554432,8,1,0,0,0,8,1
3,i32,8,1048576,glibc_default_fresh,R,5,2,1,16670071.00,8161.0000,0.0000,241000.0,16432000.0,8.000,33554432.0,0.000,0,0,33554432,8,0,8,1,0,8,1
3,i32,8,1048576,glibc_default_fresh,M,6,0,1,14549078.00,7137.0000,0.0000,8921000.0,5631000.0,8.000,33554432.0,0.000,0,0,33554432,8,1,0,0,0,8,1
3,i32,8,1048576,glibc_default_fresh,R,6,1,1,16262239.00,8161.0000,0.0000,8095000.0,8171000.0,8.000,33554432.0,0.000,0,0,33554432,8,0,8,1,0,8,1
3,i32,8,1048576,glibc_default_fresh,M_TWIN,6,2,1,13525669.00,7137.0000,0.0000,4570000.0,8959000.0,8.000,33554432.0,0.000,0,0,33554432,8,1,0,0,0,8,1
3,i32,8,1048576,glibc_default_fresh,R,7,0,1,15189924.00,8161.0000,0.0000,7695000.0,7499000.0,8.000,33554432.0,0.000,0,0,33554432,8,0,8,1,0,8,1
3,i32,8,1048576,glibc_default_fresh,M_TWIN,7,1,1,20554046.00,7137.0000,0.0000,12114000.0,8189000.0,8.000,33554432.0,0.000,0,0,33554432,8,1,0,0,0,8,1
3,i32,8,1048576,glibc_default_fresh,M,7,2,1,13855265.00,7137.0000,0.0000,4717000.0,9143000.0,8.000,33554432.0,0.000,0,0,33554432,8,1,0,0,0,8,1
3,i32,8,1048576,glibc_default_fresh,M_TWIN,8,0,1,13542117.00,7137.0000,0.0000,11033000.0,2513000.0,8.000,33554432.0,0.000,0,0,33554432,8,1,0,0,0,8,1
3,i32,8,1048576,glibc_default_fresh,M,8,1,1,13781758.00,7137.0000,0.0000,7129000.0,6657000.0,8.000,33554432.0,0.000,0,0,33554432,8,1,0,0,0,8,1
3,i32,8,1048576,glibc_default_fresh,R,8,2,1,16052724.00,8161.0000,0.0000,8020000.0,8036000.0,8.000,33554432.0,0.000,0,0,33554432,8,0,8,1,0,8,1
3,i32,8,1048576,glibc_default_fresh,M,9,0,1,15994659.00,7137.0000,0.0000,7999000.0,8001000.0,8.000,33554432.0,0.000,0,0,33554432,8,1,0,0,0,8,1
3,i32,8,1048576,glibc_default_fresh,R,9,1,1,16035969.00,8161.0000,0.0000,4015000.0,12025000.0,8.000,33554432.0,0.000,0,0,33554432,8,0,8,1,0,8,1
3,i32,8,1048576,glibc_default_fresh,M_TWIN,9,2,1,14525863.00,7137.0000,0.0000,9035000.0,5495000.0,8.000,33554432.0,0.000,0,0,33554432,8,1,0,0,0,8,1
3,i32,8,1048576,glibc_default_fresh,R,10,0,1,19392121.00,8161.0000,0.0000,3756000.0,15642000.0,8.000,33554432.0,0.000,0,0,33554432,8,0,8,1,0,8,1
3,i32,8,1048576,glibc_default_fresh,M_TWIN,10,1,1,15788103.00,7137.0000,0.0000,7916000.0,7877000.0,8.000,33554432.0,0.000,0,0,33554432,8,1,0,0,0,8,1
3,i32,8,1048576,glibc_default_fresh,M,10,2,1,14110021.00,7137.0000,0.0000,844000.0,13270000.0,8.000,33554432.0,0.000,0,0,33554432,8,1,0,0,0,8,1
3,i32,8,1048576,glibc_default_fresh,M_TWIN,11,0,1,13645601.00,7137.0000,0.0000,4658000.0,8991000.0,8.000,33554432.0,0.000,0,0,33554432,8,1,0,0,0,8,1
3,i32,8,1048576,glibc_default_fresh,M,11,1,1,13663214.00,7137.0000,0.0000,7067000.0,6600000.0,8.000,33554432.0,0.000,0,0,33554432,8,1,0,0,0,8,1
3,i32,8,1048576,glibc_default_fresh,R,11,2,1,15690499.00,8161.0000,0.0000,3883000.0,11811000.0,8.000,33554432.0,0.000,0,0,33554432,8,0,8,1,0,8,1
3,i32,8,1048576,glibc_default_fresh,M,12,0,1,13650864.00,7137.0000,0.0000,4642000.0,9012000.0,8.000,33554432.0,0.000,0,0,33554432,8,1,0,0,0,8,1
3,i32,8,1048576,glibc_default_fresh,R,12,1,1,15402652.00,8161.0000,0.0000,7767000.0,7639000.0,8.000,33554432.0,0.000,0,0,33554432,8,0,8,1,0,8,1
3,i32,8,1048576,glibc_default_fresh,M_TWIN,12,2,1,13533727.00,7137.0000,0.0000,597000.0,12941000.0,8.000,33554432.0,0.000,0,0,33554432,8,1,0,0,0,8,1
3,i32,8,1048576,glibc_default_fresh,R,13,0,1,16149495.00,8161.0000,0.0000,4072000.0,12105000.0,8.000,33554432.0,0.000,0,0,33554432,8,0,8,1,0,8,1
3,i32,8,1048576,glibc_default_fresh,M_TWIN,13,1,1,14764577.00,7137.0000,0.0000,0.0,14760000.0,8.000,33554432.0,0.000,0,0,33554432,8,1,0,0,0,8,1
3,i32,8,1048576,glibc_default_fresh,M,13,2,1,14645490.00,7137.0000,0.0000,5004000.0,9647000.0,8.000,33554432.0,0.000,0,0,33554432,8,1,0,0,0,8,1
3,i32,8,1048576,glibc_default_fresh,M_TWIN,14,0,1,14473131.00,7137.0000,0.0000,7423000.0,7055000.0,8.000,33554432.0,0.000,0,0,33554432,8,1,0,0,0,8,1
3,i32,8,1048576,glibc_default_fresh,M,14,1,1,14213074.00,7137.0000,0.0000,7323000.0,6893000.0,8.000,33554432.0,0.000,0,0,33554432,8,1,0,0,0,8,1
3,i32,8,1048576,glibc_default_fresh,R,14,2,1,16224933.00,8161.0000,0.0000,90000.0,16138000.0,8.000,33554432.0,0.000,0,0,33554432,8,0,8,1,0,8,1
3,i32,8,4194304,glibc_default_fresh,M,0,0,1,64492822.00,28643.0000,0.0000,16163000.0,48354000.0,8.000,134217728.0,0.000,0,0,134217728,8,1,0,0,0,8,1
3,i32,8,4194304,glibc_default_fresh,R,0,1,1,71769611.00,32737.0000,0.0000,27912000.0,43848000.0,8.000,134217728.0,0.000,0,0,134217728,8,0,8,1,0,8,1
3,i32,8,4194304,glibc_default_fresh,M_TWIN,0,2,1,66198723.00,28641.0000,0.0000,28877000.0,37328000.0,8.000,134217728.0,0.000,0,0,134217728,8,1,0,0,0,8,1
3,i32,8,4194304,glibc_default_fresh,R,1,0,1,75578307.00,32737.0000,0.0000,29443000.0,46129000.0,8.000,134217728.0,0.000,0,0,134217728,8,0,8,1,0,8,1
3,i32,8,4194304,glibc_default_fresh,M_TWIN,1,1,1,67803423.00,28641.0000,0.0000,39942000.0,27868000.0,8.000,134217728.0,0.000,0,0,134217728,8,1,0,0,0,8,1
3,i32,8,4194304,glibc_default_fresh,M,1,2,1,65396424.00,28641.0000,0.0000,30934000.0,34469000.0,8.000,134217728.0,0.000,0,0,134217728,8,1,0,0,0,8,1
3,i32,8,4194304,glibc_default_fresh,M_TWIN,2,0,1,65300835.00,28641.0000,0.0000,30878000.0,34412000.0,8.000,134217728.0,0.000,0,0,134217728,8,1,0,0,0,8,1
3,i32,8,4194304,glibc_default_fresh,M,2,1,1,67021747.00,28641.0000,0.0000,23588000.0,43440000.0,8.000,134217728.0,0.000,0,0,134217728,8,1,0,0,0,8,1
3,i32,8,4194304,glibc_default_fresh,R,2,2,1,75381070.00,32737.0000,0.0000,27739000.0,47649000.0,8.000,134217728.0,0.000,0,0,134217728,8,0,8,1,0,8,1
3,i32,8,4194304,glibc_default_fresh,M,3,0,1,66682157.00,28641.0000,0.0000,25119000.0,41570000.0,8.000,134217728.0,0.000,0,0,134217728,8,1,0,0,0,8,1
3,i32,8,4194304,glibc_default_fresh,R,3,1,1,74454321.00,32737.0000,0.0000,31362000.0,43099000.0,8.000,134217728.0,0.000,0,0,134217728,8,0,8,1,0,8,1
3,i32,8,4194304,glibc_default_fresh,M_TWIN,3,2,1,72254906.00,28641.0000,0.0000,32109000.0,40151000.0,8.000,134217728.0,0.000,0,0,134217728,8,1,0,0,0,8,1
3,i32,8,4194304,glibc_default_fresh,R,4,0,1,74292320.00,32737.0000,0.0000,27286000.0,47012000.0,8.000,134217728.0,0.000,0,0,134217728,8,0,8,1,0,8,1
3,i32,8,4194304,glibc_default_fresh,M_TWIN,4,1,1,67386495.00,28641.0000,0.0000,25404000.0,41988000.0,8.000,134217728.0,0.000,0,0,134217728,8,1,0,0,0,8,1
3,i32,8,4194304,glibc_default_fresh,M,4,2,1,66860633.00,28641.0000,0.0000,31534000.0,35332000.0,8.000,134217728.0,0.000,0,0,134217728,8,1,0,0,0,8,1
3,i32,8,4194304,glibc_default_fresh,M_TWIN,5,0,1,67161390.00,28641.0000,0.0000,31658000.0,35510000.0,8.000,134217728.0,0.000,0,0,134217728,8,1,0,0,0,8,1
3,i32,8,4194304,glibc_default_fresh,M,5,1,1,65988295.00,28641.0000,0.0000,8815000.0,57180000.0,8.000,134217728.0,0.000,0,0,134217728,8,1,0,0,0,8,1
3,i32,8,4194304,glibc_default_fresh,R,5,2,1,77997137.00,32737.0000,0.0000,28825000.0,49067000.0,8.000,134217728.0,0.000,0,0,134217728,8,0,8,1,0,8,1
3,i32,8,4194304,glibc_default_fresh,M,6,0,1,67531884.00,28641.0000,0.0000,31811000.0,35692000.0,8.000,134217728.0,0.000,0,0,134217728,8,1,0,0,0,8,1
3,i32,8,4194304,glibc_default_fresh,R,6,1,1,75431043.00,32737.0000,0.0000,27723000.0,47677000.0,8.000,134217728.0,0.000,0,0,134217728,8,0,8,1,0,8,1
3,i32,8,4194304,glibc_default_fresh,M_TWIN,6,2,1,67110479.00,28641.0000,0.0000,27631000.0,39487000.0,8.000,134217728.0,0.000,0,0,134217728,8,1,0,0,0,8,1
3,i32,8,4194304,glibc_default_fresh,R,7,0,1,73666637.00,32737.0000,0.0000,24679000.0,48981000.0,8.000,134217728.0,0.000,0,0,134217728,8,0,8,1,0,8,1
3,i32,8,4194304,glibc_default_fresh,M_TWIN,7,1,1,65206889.00,28641.0000,0.0000,18841000.0,46370000.0,8.000,134217728.0,0.000,0,0,134217728,8,1,0,0,0,8,1
3,i32,8,4194304,glibc_default_fresh,M,7,2,1,67108228.00,28641.0000,0.0000,23632000.0,43482000.0,8.000,134217728.0,0.000,0,0,134217728,8,1,0,0,0,8,1
3,i32,8,4194304,glibc_default_fresh,M_TWIN,8,0,1,69067349.00,28641.0000,0.0000,28447000.0,40626000.0,8.000,134217728.0,0.000,0,0,134217728,8,1,0,0,0,8,1
3,i32,8,4194304,glibc_default_fresh,M,8,1,1,66440534.00,28641.0000,0.0000,20959000.0,45429000.0,8.000,134217728.0,0.000,0,0,134217728,8,1,0,0,0,8,1
3,i32,8,4194304,glibc_default_fresh,R,8,2,1,75450987.00,32737.0000,0.0000,19757000.0,55673000.0,8.000,134217728.0,0.000,0,0,134217728,8,0,8,1,0,8,1
3,i32,8,4194304,glibc_default_fresh,M,9,0,1,67353040.00,28641.0000,0.0000,23733000.0,43625000.0,8.000,134217728.0,0.000,0,0,134217728,8,1,0,0,0,8,1
3,i32,8,4194304,glibc_default_fresh,R,9,1,1,75149375.00,32737.0000,0.0000,39653000.0,35502000.0,8.000,134217728.0,0.000,0,0,134217728,8,0,8,1,0,8,1
3,i32,8,4194304,glibc_default_fresh,M_TWIN,9,2,1,67398405.00,28641.0000,0.0000,27753000.0,39652000.0,8.000,134217728.0,0.000,0,0,134217728,8,1,0,0,0,8,1
3,i32,8,4194304,glibc_default_fresh,R,10,0,1,75613785.00,32737.0000,0.0000,11837000.0,63782000.0,8.000,134217728.0,0.000,0,0,134217728,8,0,8,1,0,8,1
3,i32,8,4194304,glibc_default_fresh,M_TWIN,10,1,1,67350152.00,28641.0000,0.0000,27734000.0,39608000.0,8.000,134217728.0,0.000,0,0,134217728,8,1,0,0,0,8,1
3,i32,8,4194304,glibc_default_fresh,M,10,2,1,66070618.00,28641.0000,0.0000,16850000.0,49227000.0,8.000,134217728.0,0.000,0,0,134217728,8,1,0,0,0,8,1
3,i32,8,4194304,glibc_default_fresh,M_TWIN,11,0,1,66111672.00,28641.0000,0.0000,23202000.0,42892000.0,8.000,134217728.0,0.000,0,0,134217728,8,1,0,0,0,8,1
3,i32,8,4194304,glibc_default_fresh,M,11,1,1,66626252.00,28641.0000,0.0000,31430000.0,35191000.0,8.000,134217728.0,0.000,0,0,134217728,8,1,0,0,0,8,1
3,i32,8,4194304,glibc_default_fresh,R,11,2,1,75735093.00,32737.0000,0.0000,43878000.0,31817000.0,8.000,134217728.0,0.000,0,0,134217728,8,0,8,1,0,8,1
3,i32,8,4194304,glibc_default_fresh,M,12,0,1,67064847.00,28641.0000,0.0000,15617000.0,51454000.0,8.000,134217728.0,0.000,0,0,134217728,8,1,0,0,0,8,1
3,i32,8,4194304,glibc_default_fresh,R,12,1,1,75409552.00,32737.0000,0.0000,27760000.0,47591000.0,8.000,134217728.0,0.000,0,0,134217728,8,0,8,1,0,8,1
3,i32,8,4194304,glibc_default_fresh,M_TWIN,12,2,1,67111317.00,28641.0000,0.0000,19637000.0,47479000.0,8.000,134217728.0,0.000,0,0,134217728,8,1,0,0,0,8,1
3,i32,8,4194304,glibc_default_fresh,R,13,0,1,74592172.00,32737.0000,0.0000,35428000.0,39169000.0,8.000,134217728.0,0.000,0,0,134217728,8,0,8,1,0,8,1
3,i32,8,4194304,glibc_default_fresh,M_TWIN,13,1,1,66522324.00,28641.0000,0.0000,23398000.0,43130000.0,8.000,134217728.0,0.000,0,0,134217728,8,1,0,0,0,8,1
3,i32,8,4194304,glibc_default_fresh,M,13,2,1,65636893.00,28641.0000,0.0000,28668000.0,36974000.0,8.000,134217728.0,0.000,0,0,134217728,8,1,0,0,0,8,1
3,i32,8,4194304,glibc_default_fresh,M_TWIN,14,0,1,66418928.00,28641.0000,0.0000,19356000.0,47067000.0,8.000,134217728.0,0.000,0,0,134217728,8,1,0,0,0,8,1
3,i32,8,4194304,glibc_default_fresh,M,14,1,1,65978414.00,28641.0000,0.0000,16803000.0,49181000.0,8.000,134217728.0,0.000,0,0,134217728,8,1,0,0,0,8,1
3,i32,8,4194304,glibc_default_fresh,R,14,2,1,74626239.00,32737.0000,0.0000,17064000.0,57568000.0,8.000,134217728.0,0.000,0,0,134217728,8,0,8,1,0,8,1
3,i32,8,16777216,glibc_default_fresh,M,0,0,1,297558225.00,131082.0000,0.0000,80426000.0,217043000.0,8.000,536870912.0,0.000,0,0,536870912,8,1,0,0,0,8,1
3,i32,8,16777216,glibc_default_fresh,R,0,1,1,323045853.00,131080.0000,0.0000,115771000.0,207263000.0,8.000,536870912.0,0.000,0,0,536870912,8,0,8,1,0,8,1
3,i32,8,16777216,glibc_default_fresh,M_TWIN,0,2,1,293980594.00,131080.0000,0.0000,107458000.0,186478000.0,8.000,536870912.0,0.000,0,0,536870912,8,1,0,0,0,8,1
3,i32,8,16777216,glibc_default_fresh,R,1,0,1,807445646.00,131080.0000,0.0000,139524000.0,667447000.0,8.000,536870912.0,0.000,0,0,536870912,8,0,8,1,0,8,1
3,i32,8,16777216,glibc_default_fresh,M_TWIN,1,1,1,314098473.00,131080.0000,0.0000,104580000.0,209399000.0,8.000,536870912.0,0.000,0,0,536870912,8,1,0,0,0,8,1
3,i32,8,16777216,glibc_default_fresh,M,1,2,1,311727866.00,131080.0000,0.0000,107940000.0,203780000.0,8.000,536870912.0,0.000,0,0,536870912,8,1,0,0,0,8,1
3,i32,8,16777216,glibc_default_fresh,M_TWIN,2,0,1,651646643.00,131080.0000,0.0000,123687000.0,527593000.0,8.000,536870912.0,0.000,0,0,536870912,8,1,0,0,0,8,1
3,i32,8,16777216,glibc_default_fresh,M,2,1,1,296749342.00,131080.0000,0.0000,120268000.0,176458000.0,8.000,536870912.0,0.000,0,0,536870912,8,1,0,0,0,8,1
3,i32,8,16777216,glibc_default_fresh,R,2,2,1,331392786.00,131080.0000,0.0000,139740000.0,191531000.0,8.000,536870912.0,0.000,0,0,536870912,8,0,8,1,0,8,1
3,i32,8,16777216,glibc_default_fresh,M,3,0,1,793998276.00,131080.0000,0.0000,116312000.0,677128000.0,8.000,536870912.0,0.000,0,0,536870912,8,1,0,0,0,8,1
3,i32,8,16777216,glibc_default_fresh,R,3,1,1,330830617.00,131080.0000,0.0000,151666000.0,179140000.0,8.000,536870912.0,0.000,0,0,536870912,8,0,8,1,0,8,1
3,i32,8,16777216,glibc_default_fresh,M_TWIN,3,2,1,293985056.00,131080.0000,0.0000,112642000.0,181318000.0,8.000,536870912.0,0.000,0,0,536870912,8,1,0,0,0,8,1
3,i32,8,16777216,glibc_default_fresh,R,4,0,1,801675209.00,131080.0000,0.0000,170987000.0,630000000.0,8.000,536870912.0,0.000,0,0,536870912,8,0,8,1,0,8,1
3,i32,8,16777216,glibc_default_fresh,M_TWIN,4,1,1,293854029.00,131080.0000,0.0000,115331000.0,178518000.0,8.000,536870912.0,0.000,0,0,536870912,8,1,0,0,0,8,1
3,i32,8,16777216,glibc_default_fresh,M,4,2,1,289973356.00,131080.0000,0.0000,84631000.0,205325000.0,8.000,536870912.0,0.000,0,0,536870912,8,1,0,0,0,8,1
3,i32,8,16777216,glibc_default_fresh,M_TWIN,5,0,1,299507076.00,131080.0000,0.0000,127847000.0,171629000.0,8.000,536870912.0,0.000,0,0,536870912,8,1,0,0,0,8,1
3,i32,8,16777216,glibc_default_fresh,M,5,1,1,293977232.00,131080.0000,0.0000,87331000.0,206640000.0,8.000,536870912.0,0.000,0,0,536870912,8,1,0,0,0,8,1
3,i32,8,16777216,glibc_default_fresh,R,5,2,1,322692867.00,131080.0000,0.0000,127541000.0,195106000.0,8.000,536870912.0,0.000,0,0,536870912,8,0,8,1,0,8,1
3,i32,8,16777216,glibc_default_fresh,M,6,0,1,382129342.00,131080.0000,0.0000,135303000.0,246544000.0,8.000,536870912.0,0.000,0,0,536870912,8,1,0,0,0,8,1
3,i32,8,16777216,glibc_default_fresh,R,6,1,1,316884268.00,131080.0000,0.0000,136304000.0,180472000.0,8.000,536870912.0,0.000,0,0,536870912,8,0,8,1,0,8,1
3,i32,8,16777216,glibc_default_fresh,M_TWIN,6,2,1,288406868.00,131080.0000,0.0000,92120000.0,196232000.0,8.000,536870912.0,0.000,0,0,536870912,8,1,0,0,0,8,1
3,i32,8,16777216,glibc_default_fresh,R,7,0,1,790159312.00,131080.0000,0.0000,147136000.0,642556000.0,8.000,536870912.0,0.000,0,0,536870912,8,0,8,1,0,8,1
3,i32,8,16777216,glibc_default_fresh,M_TWIN,7,1,1,296043847.00,131080.0000,0.0000,103997000.0,191988000.0,8.000,536870912.0,0.000,0,0,536870912,8,1,0,0,0,8,1
3,i32,8,16777216,glibc_default_fresh,M,7,2,1,298445992.00,131080.0000,0.0000,99472000.0,198867000.0,8.000,536870912.0,0.000,0,0,536870912,8,1,0,0,0,8,1
3,i32,8,16777216,glibc_default_fresh,M_TWIN,8,0,1,487729475.00,131080.0000,0.0000,95746000.0,391616000.0,8.000,536870912.0,0.000,0,0,536870912,8,1,0,0,0,8,1
3,i32,8,16777216,glibc_default_fresh,M,8,1,1,298918735.00,131080.0000,0.0000,95581000.0,203261000.0,8.000,536870912.0,0.000,0,0,536870912,8,1,0,0,0,8,1
3,i32,8,16777216,glibc_default_fresh,R,8,2,1,325395506.00,131080.0000,0.0000,128460000.0,196882000.0,8.000,536870912.0,0.000,0,0,536870912,8,0,8,1,0,8,1
3,i32,8,16777216,glibc_default_fresh,M,9,0,1,653796234.00,131080.0000,0.0000,95059000.0,558227000.0,8.000,536870912.0,0.000,0,0,536870912,8,1,0,0,0,8,1
3,i32,8,16777216,glibc_default_fresh,R,9,1,1,323146125.00,131080.0000,0.0000,143714000.0,179425000.0,8.000,536870912.0,0.000,0,0,536870912,8,0,8,1,0,8,1
3,i32,8,16777216,glibc_default_fresh,M_TWIN,9,2,1,307011179.00,131080.0000,0.0000,111587000.0,195340000.0,8.000,536870912.0,0.000,0,0,536870912,8,1,0,0,0,8,1
3,i32,8,16777216,glibc_default_fresh,R,10,0,1,863760404.00,131080.0000,0.0000,163692000.0,699446000.0,8.000,536870912.0,0.000,0,0,536870912,8,0,8,1,0,8,1
3,i32,8,16777216,glibc_default_fresh,M_TWIN,10,1,1,288778822.00,131080.0000,0.0000,70808000.0,217857000.0,8.000,536870912.0,0.000,0,0,536870912,8,1,0,0,0,8,1
3,i32,8,16777216,glibc_default_fresh,M,10,2,1,288754989.00,131080.0000,0.0000,100268000.0,188515000.0,8.000,536870912.0,0.000,0,0,536870912,8,1,0,0,0,8,1
3,i32,8,16777216,glibc_default_fresh,M_TWIN,11,0,1,296332755.00,131080.0000,0.0000,128124000.0,168213000.0,8.000,536870912.0,0.000,0,0,536870912,8,1,0,0,0,8,1
3,i32,8,16777216,glibc_default_fresh,M,11,1,1,300399429.00,131080.0000,0.0000,88101000.0,212262000.0,8.000,536870912.0,0.000,0,0,536870912,8,1,0,0,0,8,1
3,i32,8,16777216,glibc_default_fresh,R,11,2,1,323904344.00,131080.0000,0.0000,131968000.0,191920000.0,8.000,536870912.0,0.000,0,0,536870912,8,0,8,1,0,8,1
3,i32,8,16777216,glibc_default_fresh,M,12,0,1,642729357.00,131080.0000,0.0000,99389000.0,542954000.0,8.000,536870912.0,0.000,0,0,536870912,8,1,0,0,0,8,1
3,i32,8,16777216,glibc_default_fresh,R,12,1,1,327081969.00,131080.0000,0.0000,111680000.0,215391000.0,8.000,536870912.0,0.000,0,0,536870912,8,0,8,1,0,8,1
3,i32,8,16777216,glibc_default_fresh,M_TWIN,12,2,1,297700158.00,131080.0000,0.0000,107193000.0,190391000.0,8.000,536870912.0,0.000,0,0,536870912,8,1,0,0,0,8,1
3,i32,8,16777216,glibc_default_fresh,R,13,0,1,964968001.00,131080.0000,0.0000,150566000.0,813619000.0,8.000,536870912.0,0.000,0,0,536870912,8,0,8,1,0,8,1
3,i32,8,16777216,glibc_default_fresh,M_TWIN,13,1,1,290290622.00,131080.0000,0.0000,119417000.0,170832000.0,8.000,536870912.0,0.000,0,0,536870912,8,1,0,0,0,8,1
3,i32,8,16777216,glibc_default_fresh,M,13,2,1,290430073.00,131080.0000,0.0000,111337000.0,178963000.0,8.000,536870912.0,0.000,0,0,536870912,8,1,0,0,0,8,1
3,i32,8,16777216,glibc_default_fresh,M_TWIN,14,0,1,290769559.00,131080.0000,0.0000,123563000.0,167066000.0,8.000,536870912.0,0.000,0,0,536870912,8,1,0,0,0,8,1
3,i32,8,16777216,glibc_default_fresh,M,14,1,1,296212794.00,131080.0000,0.0000,84064000.0,212102000.0,8.000,536870912.0,0.000,0,0,536870912,8,1,0,0,0,8,1
3,i32,8,16777216,glibc_default_fresh,R,14,2,1,329571199.00,131080.0000,0.0000,147160000.0,182407000.0,8.000,536870912.0,0.000,0,0,536870912,8,0,8,1,0,8,1
